Symbol,Date,Open,High,Low,Close,Volume
AAAP,10-Sep-2026,25.36,25.41,25.36,25.39,1100
AACG,10-Sep-2026,0.868,0.92,0.868,0.92,1400
AACI,10-Sep-2026,10.045,10.045,10.04,10.04,10100
AACIW,10-Sep-2026,0.255,0.255,0.2103,0.2201,34900
AACOW,10-Sep-2026,0.4,0.4622,0.38,0.435,45000
AACPW,10-Sep-2026,0.104,0.104,0.104,0.104,200
AADR,10-Sep-2026,84.47,84.54,84.4422,84.4422,1500
AAEQ,10-Sep-2026,54.17,54.29,54.17,54.2244,1300
AAL,10-Sep-2026,12.665,13.06,12.61,12.85,62159500
AALG,10-Sep-2026,9.45,10,9.45,9.7131,20900
AAME,10-Sep-2026,1.28,1.3596,1.27,1.3,22800
AAOI,10-Sep-2026,104.5,109.78,102.99,103.29,5703900
AAON,10-Sep-2026,75.9,77.18,74.7497,76.52,873400
AAPB,10-Sep-2026,39.54,41.96,39.5256,41.9293,87600
AAPD,10-Sep-2026,11.01,11.01,10.65,10.6627,20062900
AAPG,10-Sep-2026,16.59,16.7,16.59,16.67,3000
AAPL,10-Sep-2026,316.67,326.74,316.51,326.57,70011900
AAPU,10-Sep-2026,40.5,42.99,40.45,42.95,5125300
AARD,10-Sep-2026,4.87,5.015,4.54,5.01,209300
AAUB,10-Sep-2026,50.66,50.6605,50.66,50.6605,300
AAUS,10-Sep-2026,60.9144,60.9144,60.9144,60.9144,100
AAVM,10-Sep-2026,34,34.03,33.9457,33.9457,4900
AAXJ,10-Sep-2026,116.76,117.12,116.07,116.2,329100
ABAT,10-Sep-2026,2.63,2.67,2.55,2.56,1695100
ABCL,10-Sep-2026,10.79,11.07,10.42,10.46,4944600
ABCS,10-Sep-2026,34.88,34.89,34.8464,34.8464,2100
ABEO,10-Sep-2026,5.7,5.7,5.31,5.48,2285200
ABI,10-Sep-2026,24.62,24.62,24.615,24.615,200
ABIG,10-Sep-2026,34.65,34.655,34.61,34.6209,900
ABLVW,10-Sep-2026,0.0125,0.0125,0.0125,0.0125,300
ABNB,10-Sep-2026,167.79,170.13,165.83,167.65,3955400
ABOS,10-Sep-2026,2.79,2.9,2.73,2.86,467800
ABSI,10-Sep-2026,8.38,8.56,8.0198,8.24,3089300
ABTC,10-Sep-2026,7.8,8.2594,7.77,8.03,941200
ABTS,10-Sep-2026,1.33,1.425,1.265,1.4233,22200
ABUS,10-Sep-2026,5.11,5.165,5.1,5.12,2449500
ABVC,10-Sep-2026,0.92,0.9971,0.9005,0.9762,84100
ABVX,10-Sep-2026,117.8,118.75,114.3019,115.95,1289400
ACAAW,10-Sep-2026,0.8,0.8,0.797,0.797,400
ACAD,10-Sep-2026,27.63,27.86,27.355,27.74,1014500
ACB,10-Sep-2026,3.85,3.9099,3.72,3.73,631200
ACBE,10-Sep-2026,24.875,24.875,24.875,24.875,100
ACBH,10-Sep-2026,24.8257,24.8257,24.8257,24.8257,100
ACCL,10-Sep-2026,2.74,2.9,2.6019,2.67,110500
ACDC,10-Sep-2026,5.55,5.55,5.135,5.19,750000
ACEP,10-Sep-2026,20.305,20.305,20.305,20.305,700
ACET,10-Sep-2026,9.46,9.68,9.31,9.53,118900
ACFN,10-Sep-2026,19.3,21.01,18.79,20.97,85500
ACGL,10-Sep-2026,96.77,97.21,95.82,96.2,3462900
ACGLN,10-Sep-2026,15.73,15.89,15.63,15.66,42200
ACGLO,10-Sep-2026,18.75,19.0885,18.7,18.7,21100
ACHC,10-Sep-2026,27.86,29.8,27.82,28.53,1087900
ACHV,10-Sep-2026,7.48,7.56,7.21,7.28,2476300
ACIC,10-Sep-2026,9.3,9.35,9.23,9.35,192100
ACIU,10-Sep-2026,2.74,2.77,2.68,2.69,157500
ACIW,10-Sep-2026,51.83,52.18,51.25,51.97,715100
ACLS,10-Sep-2026,112.5,115.045,111.012,113.3,173800
ACMR,10-Sep-2026,71.18,77.13,71,72.39,707000
ACNB,10-Sep-2026,64.23,65.12,63.73,65.02,44800
ACNT,10-Sep-2026,15.06,15.105,14.78,14.78,47100
ACOG,10-Sep-2026,8.93,9.34,8.86,8.9,82100
ACON,10-Sep-2026,2.46,2.6,2.4001,2.54,85200
ACQQ,10-Sep-2026,24.09,24.09,23.945,23.945,200
ACRS,10-Sep-2026,5.55,5.555,5.385,5.505,2210600
ACRT,10-Sep-2026,23.76,23.76,23.645,23.645,600
ACRV,10-Sep-2026,2.03,2.06,1.96,2.04,323900
ACSP,10-Sep-2026,23.795,23.8586,23.68,23.73,1600
ACT,10-Sep-2026,49.76,49.8,49,49.5,365600
ACTG,10-Sep-2026,4.55,4.6,4.55,4.57,177700
ACTU,10-Sep-2026,1.25,1.28,1.13,1.15,204900
ACWI,10-Sep-2026,159.15,159.45,158.7,158.79,1233700
ACWX,10-Sep-2026,76.99,77.065,76.52,76.63,1230500
ACXP,10-Sep-2026,1.41,1.425,1.38,1.4,58700
ADACW,10-Sep-2026,0.41,0.41,0.3001,0.3001,6000
ADAG,10-Sep-2026,3.54,3.5519,3.2,3.31,224500
ADAM,10-Sep-2026,9.5,9.56,9.13,9.15,1538900
ADAMG,10-Sep-2026,25.28,25.3,25.2101,25.27,2800
ADAMH,10-Sep-2026,25.66,25.67,25.6335,25.65,25800
ADAMI,10-Sep-2026,25.39,25.44,25.39,25.4101,2300
ADAMK,10-Sep-2026,25.415,25.4799,25.355,25.4,5500
ADAML,10-Sep-2026,24.95,24.95,24.9,24.94,2900
ADAMM,10-Sep-2026,25.65,25.67,25.6,25.6,18100
ADAMN,10-Sep-2026,24.5,24.7,24.5,24.67,3900
ADAMO,10-Sep-2026,25.27,25.3,25.18,25.2,10900
ADAMZ,10-Sep-2026,17.85,17.979,17.7689,17.8,76900
ADBE,10-Sep-2026,251.81,255,247.19,248.83,10397100
ADBG,10-Sep-2026,4.22,4.29,4.0299,4.075,7804900
ADBT,10-Sep-2026,0.3037,0.3244,0.301,0.309,5992100
ADEA,10-Sep-2026,26.12,26.79,26.1,26.305,732200
ADGM,10-Sep-2026,0.59,0.6203,0.5718,0.58,100700
ADI,10-Sep-2026,356.95,363.36,356.122,361.25,2972300
ADIL,10-Sep-2026,5.94,6.22,5.9,5.995,17200
ADMA,10-Sep-2026,9.39,9.5,9.33,9.39,2830900
ADP,10-Sep-2026,265.83,268.73,265.145,267.33,1661100
ADPT,10-Sep-2026,23.81,24.65,23.53,24.23,1071400
ADSE,10-Sep-2026,11.69,11.8,11.25,11.31,7100
ADSK,10-Sep-2026,207,213.89,206.42,211.61,2246800
ADTN,10-Sep-2026,7.07,7.385,7.0203,7.18,1408100
ADUR,10-Sep-2026,12.88,13.3,12.84,12.97,301300
ADUS,10-Sep-2026,119.91,120.58,117.035,118.52,177500
ADV,10-Sep-2026,31.26,33.51,31.18,32.63,45100
ADVB,10-Sep-2026,8.29,9.0848,8.29,8.85,121100
ADXN,10-Sep-2026,3.67,3.8,3.39,3.39,14100
AEAQ,10-Sep-2026,10.08,10.08,10.08,10.08,12500
AEBI,10-Sep-2026,12.17,12.28,11.91,11.99,278400
AEC,10-Sep-2026,4.15,4.18,4.06,4.11,18600
AEHL,10-Sep-2026,7.8,7.9999,7.15,7.63,81800
AEHR,10-Sep-2026,93.29,100.45,92,93.81,3387800
AEI,10-Sep-2026,1.24,1.24,1.1,1.14,38200
AEIS,10-Sep-2026,277.43,284.5,273.02,273.74,318500
AEMD,10-Sep-2026,1.67,1.69,1.55,1.56,156800
AENT,10-Sep-2026,5.22,5.72,5.1901,5.51,46700
AENTW,10-Sep-2026,0.288,0.288,0.2504,0.2504,8000
AEP,10-Sep-2026,125.05,125.735,123.34,123.47,3339100
AERT,10-Sep-2026,6.86,6.96,6.7,6.78,8800
AESP,10-Sep-2026,9.97,9.97,9.97,9.97,19700
AESPU,10-Sep-2026,11.99,11.99,10.25,10.25,4100
AESPW,10-Sep-2026,0.069,0.07,0.0671,0.0693,14000
AEVA,10-Sep-2026,15.1,15.7,14.87,14.97,1115100
AEYE,10-Sep-2026,7.7,7.77,7.305,7.5,135600
AFCG,10-Sep-2026,3.49,3.52,3.39,3.39,184200
AFJK,10-Sep-2026,12.42,12.6,12.15,12.6,22100
AFOS,10-Sep-2026,45.5,45.56,45.1,45.1399,7300
AFRI,10-Sep-2026,11.05,11.38,11.03,11.21,39100
AFRIW,10-Sep-2026,1.13,1.2,1.06,1.1,36100
AFRM,10-Sep-2026,66.86,69.03,66.03,67.99,3742900
AFSC,10-Sep-2026,37.07,37.0941,36.99,37.0941,1000
AFYA,10-Sep-2026,13.89,14.21,13.43,13.57,448000
AGCC,10-Sep-2026,13.9,14.21,13.64,13.64,3300
AGEM,10-Sep-2026,49.6201,49.7999,49.3506,49.3506,4400
AGEN,10-Sep-2026,6.76,7.04,6.66,6.89,893500
AGGA,10-Sep-2026,24.7,24.705,24.64,24.665,30800
AGIO,10-Sep-2026,34.26,35.28,33.21,33.64,720200
AGIX,10-Sep-2026,45.34,45.9899,45.2397,45.28,53700
AGMH,10-Sep-2026,0.91,0.9144,0.875,0.878,7300
AGMI,10-Sep-2026,77.77,77.77,76.1645,76.1645,3400
AGNC,10-Sep-2026,10.525,10.54,10.17,10.19,37558100
AGNCL,10-Sep-2026,25.12,25.2939,25.1,25.16,18200
AGNCM,10-Sep-2026,25.35,25.39,25.231,25.37,16000
AGNCN,10-Sep-2026,25.81,25.82,25.78,25.82,13900
AGNCO,10-Sep-2026,25.69,25.699,25.6,25.67,11500
AGNCP,10-Sep-2026,25.25,25.46,25.25,25.45,83800
AGNCZ,10-Sep-2026,25.4,25.469,25.24,25.2999,32500
AGNG,10-Sep-2026,36.95,36.95,36.675,36.6784,1800
AGNT,10-Sep-2026,3.69,3.8,3.61,3.75,1850200
AGPU,10-Sep-2026,11.1,11.3,10.4613,10.56,182800
AGRZ,10-Sep-2026,0.2155,0.245,0.21,0.2372,3348900
AGYS,10-Sep-2026,105.93,107.4125,104.745,105.47,136500
AGZD,10-Sep-2026,22.6,22.6499,22.55,22.568,28200
AHCO,10-Sep-2026,5.75,5.91,5.71,5.85,3225800
AHD,10-Sep-2026,26.225,26.225,26.225,26.225,700
AHG,10-Sep-2026,0.7801,0.8147,0.73,0.7302,125700
AHMA,10-Sep-2026,1.34,2.1,1.34,1.77,27168500
AIA,10-Sep-2026,140.47,140.6054,139.25,139.41,93300
AIAI,10-Sep-2026,3.43,3.52,3.025,3.27,377700
AIBZ,10-Sep-2026,4.53,4.61,4.245,4.49,330100
AIDX,10-Sep-2026,0.579,0.6091,0.5341,0.5404,42900
AIFA,10-Sep-2026,2.92,3.1599,2.92,3.1,38200
AIFC,10-Sep-2026,0.5,0.52,0.4971,0.5106,318400
AIFD,10-Sep-2026,51.84,51.87,51.5718,51.5718,2100
AIFF,10-Sep-2026,1.06,1.09,1.04,1.07,45200
AIFR,10-Sep-2026,24.2,24.385,24.1419,24.1419,1700
AIFU,10-Sep-2026,16.11,16.11,12.0001,12.405,17900
AIIO,10-Sep-2026,1.81,1.85,1.76,1.79,433700
AIIOW,10-Sep-2026,0.0221,0.026,0.021,0.0221,50200
AIIR,10-Sep-2026,7.27,7.69,7.266,7.68,6600
AIMD,10-Sep-2026,1.45,1.46,1.4201,1.43,14600
AINF,10-Sep-2026,19.1408,19.1408,19.1408,19.1408,100
AIOS,10-Sep-2026,12.5,14.715,12.24,12.7,193200
AIOT,10-Sep-2026,2.96,2.98,2.92,2.95,1302100
AIP,10-Sep-2026,22.11,22.79,21.804,22.41,478100
AIPI,10-Sep-2026,36.59,36.81,36.3713,36.45,171000
AIPO,10-Sep-2026,28.72,28.945,28.4101,28.43,756500
AIQ,10-Sep-2026,63.19,63.62,62.9811,63.08,868600
AIRE,10-Sep-2026,1.45,1.52,1.44,1.49,34700
AIRG,10-Sep-2026,5.2,5.37,5.2,5.37,28400
AIRJ,10-Sep-2026,4.31,4.41,4.215,4.26,856400
AIRJW,10-Sep-2026,1,1.055,1,1,8500
AIRO,10-Sep-2026,6.75,7.3,6.71,6.94,332500
AIRR,10-Sep-2026,105.68,106.4999,104.79,105.16,1505800
AIRS,10-Sep-2026,2.57,2.595,2.39,2.4,858000
AIRT,10-Sep-2026,31.01,31.01,29.2,29.2,13000
AIRTP,10-Sep-2026,18.86,18.8601,18.8,18.8417,2700
AISP,10-Sep-2026,2,2.025,1.975,2.01,333200
AISPW,10-Sep-2026,0.46,0.46,0.46,0.46,2700
AIX,10-Sep-2026,23.61,23.61,23.475,23.475,500
AIXC,10-Sep-2026,0.6977,0.775,0.6901,0.7402,201500
AIXI,10-Sep-2026,2.97,3.13,2.9301,3.1,81300
AKAM,10-Sep-2026,109.08,111.18,106.63,107.13,2929600
AKAN,10-Sep-2026,3.24,3.3284,3,3,256700
AKBA,10-Sep-2026,0.95,0.9677,0.9312,0.9465,4921800
AKTS,10-Sep-2026,23.8,24.355,23.57,23.94,263600
AKTX,10-Sep-2026,10.63,11.065,10.07,10.88,166000
ALAB,10-Sep-2026,287.73,294.87,280.53,284.53,3229900
ALAR,10-Sep-2026,1.64,1.96,1.5919,1.78,1029200
ALBG,10-Sep-2026,5.9,6.08,5.7998,5.7998,11200
ALCO,10-Sep-2026,39.59,39.81,39.32,39.69,15900
ALDX,10-Sep-2026,1.48,1.505,1.46,1.46,552500
ALEC,10-Sep-2026,2.22,2.24,2,2.14,3781800
ALF,10-Sep-2026,10.89,10.89,10.89,10.89,100
ALFUW,10-Sep-2026,0.26,0.3,0.26,0.3,800
ALGM,10-Sep-2026,34.72,35.83,34.5456,35.27,1592900
ALGN,10-Sep-2026,150.55,151.22,148.5,150.72,836000
ALGS,10-Sep-2026,5.38,5.48,5.21,5.33,46000
ALGT,10-Sep-2026,74.68,77.73,74.34,76.07,536200
ALHC,10-Sep-2026,12.95,13.21,12.7,12.76,4962100
ALIL,10-Sep-2026,30.31,30.31,30.2828,30.2828,100
ALIS,10-Sep-2026,10.33,10.34,10.28,10.28,1300
ALISR,10-Sep-2026,0.8,0.808,0.73,0.73,16200
ALKS,10-Sep-2026,44.98,46.11,44.75,46.11,1193900
ALKT,10-Sep-2026,18.2,19.14,18.112,19.06,1291300
ALLO,10-Sep-2026,1.73,1.78,1.695,1.76,5401000
ALLR,10-Sep-2026,1.29,1.35,1.2202,1.25,81900
ALLT,10-Sep-2026,7.44,7.57,7.44,7.47,142200
ALLW,10-Sep-2026,29.7,29.71,29.545,29.58,401300
ALM,10-Sep-2026,17.71,17.71,16.45,16.57,6174300
ALMR,10-Sep-2026,28.82,28.835,27.33,27.77,339900
ALMS,10-Sep-2026,10.55,10.55,9.65,9.9,4732100
ALMU,10-Sep-2026,13,13.6,12.98,13.24,344600
ALNT,10-Sep-2026,93.45,96.54,92.56,94.18,174300
ALNY,10-Sep-2026,256.68,256.68,246.42,247.51,1626300
ALOVW,10-Sep-2026,0.4,0.4118,0.3842,0.4,12700
ALOY,10-Sep-2026,9.25,9.32,8.76,8.79,2607000
ALP,10-Sep-2026,5.16,5.16,3.6001,3.71,638800
ALPS,10-Sep-2026,0.3802,0.385,0.38,0.3849,3600
ALPXR,10-Sep-2026,0.1801,0.1801,0.1801,0.1801,1500
ALRM,10-Sep-2026,54.94,55.665,54.64,55.17,304000
ALRS,10-Sep-2026,32.78,32.93,32.265,32.93,190900
ALT,10-Sep-2026,3.32,3.345,3.25,3.29,2563000
ALTI,10-Sep-2026,3.21,3.335,3.21,3.25,109700
ALTO,10-Sep-2026,3.932,4.04,3.932,3.96,752700
ALTY,10-Sep-2026,12.2,12.2,12.135,12.135,15100
ALVO,10-Sep-2026,5.21,5.34,5.14,5.24,540800
ALXO,10-Sep-2026,1.85,1.925,1.81,1.9,1061500
ALZN,10-Sep-2026,1.67,1.7,1.5757,1.7,9400
AMA,10-Sep-2026,20.76,21.01,20.145,20.4328,156800
AMAC,10-Sep-2026,9.83,9.85,9.83,9.8493,15900
AMAL,10-Sep-2026,47.77,48.56,47.135,48.52,175700
AMAT,10-Sep-2026,455.4,460.86,450.56,454.01,4844200
AMBA,10-Sep-2026,67.44,69.205,64.71,67.87,2634600
AMBR,10-Sep-2026,0.9422,1.01,0.9194,1.01,95700
AMCI,10-Sep-2026,3.19,3.2897,2.94,3.18,168900
AMCX,10-Sep-2026,11.52,12.08,11.42,12.07,520200
AMD,10-Sep-2026,509.07,516.3322,502.81,503.6,16005400
AMDD,10-Sep-2026,27.8,28.12,27.44,28.0565,451600
AMDG,10-Sep-2026,95.5,96.363,93.3,93.4407,13700
AMDL,10-Sep-2026,56.19,57.6768,54.772,54.99,1558100
AMEM,10-Sep-2026,24.63,24.63,24.55,24.5529,2600
AMGN,10-Sep-2026,387.84,391.666,381.51,382.47,3431900
AMGR,10-Sep-2026,24.91,24.91,24.8385,24.8385,2200
AMID,10-Sep-2026,35.81,36.01,35.6766,35.6766,14000
AMIX,10-Sep-2026,4.48,4.51,4.32,4.385,86000
AMKR,10-Sep-2026,49.8,50.235,48.9109,49.53,3168900
AMLX,10-Sep-2026,31.81,32.57,31.44,32.09,1777400
AMOD,10-Sep-2026,1.95,2.09,1.92,2.09,53700
AMODW,10-Sep-2026,0.0189,0.0189,0.0189,0.0189,200
AMPG,10-Sep-2026,3.34,3.53,3.332,3.45,645400
AMPH,10-Sep-2026,23,23.69,22.755,23.54,514900
AMPL,10-Sep-2026,12.22,12.52,12,12.46,2414800
AMRN,10-Sep-2026,14.27,14.298,13.895,14.04,51700
AMRX,10-Sep-2026,17.22,17.3094,16.825,16.87,1036000
AMSC,10-Sep-2026,28.46,29.16,28.08,28.66,555700
AMSF,10-Sep-2026,24.94,24.99,24.17,24.66,650300
AMSS,10-Sep-2026,0.73,0.7423,0.7105,0.7207,30400
AMST,10-Sep-2026,1.06,1.0936,1.01,1.03,43600
AMTX,10-Sep-2026,1.95,2.06,1.8601,2.03,1391100
AMUN,10-Sep-2026,26.045,26.045,25.97,26.04,1000
AMUU,10-Sep-2026,199.49,201.91,194,194.5996,45400
AMYY,10-Sep-2026,13.55,13.59,13.54,13.555,33000
AMZD,10-Sep-2026,8.76,8.775,8.66,8.705,9467600
AMZN,10-Sep-2026,250.11,253.15,249.58,251.89,25484800
AMZU,10-Sep-2026,34.89,35.61,34.625,35.25,1011900
AMZZ,10-Sep-2026,32.43,33.1,32.3,32.7394,28600
ANAB,10-Sep-2026,55.43,56.43,54.31,55.16,300100
ANDE,10-Sep-2026,71.48,72.69,70.98,71.88,411800
ANEL,10-Sep-2026,24.32,25.04,24.0459,24.0459,30000
ANGH,10-Sep-2026,3.29,3.33,3.25,3.26,8200
ANGHW,10-Sep-2026,0.0101,0.0101,0.01,0.01,1100
ANGI,10-Sep-2026,4.66,4.71,4.555,4.65,724400
ANGL,10-Sep-2026,28.65,28.65,28.535,28.55,1488500
ANGO,10-Sep-2026,15.21,15.46,15.01,15.24,238700
ANGU,10-Sep-2026,25.11,25.12,25.05,25.05,323400
ANIK,10-Sep-2026,20.88,20.99,20.575,20.99,48400
ANIP,10-Sep-2026,70.52,71.48,70.07,71.46,228800
ANIX,10-Sep-2026,2.76,2.8085,2.66,2.75,400100
ANL,10-Sep-2026,14.97,15.78,14.7,15.09,318200
ANNA,10-Sep-2026,3.44,3.5599,3.39,3.47,566400
ANNAW,10-Sep-2026,0.3,0.39,0.286,0.3471,140300
ANNX,10-Sep-2026,4.33,4.33,4.04,4.14,4204400
ANPA,10-Sep-2026,2.83,3.0255,2.75,2.77,27300
ANTA,10-Sep-2026,3.8,3.8984,3.53,3.8899,3400
ANTX,10-Sep-2026,5.56,5.88,5.54,5.69,222300
ANV,10-Sep-2026,25,25.29,25,25.22,6600
ANY,10-Sep-2026,2.36,2.6,2.32,2.54,329300
AOHY,10-Sep-2026,10.95,10.9501,10.93,10.945,82400
AOSL,10-Sep-2026,24.49,25.085,24.28,24.81,412700
AOTG,10-Sep-2026,65.48,65.76,65.2382,65.2382,500
AOUT,10-Sep-2026,14.85,15.41,14.38,15.03,110900
APA,10-Sep-2026,46.09,46.1,43.94,44.53,6560300
APAC,10-Sep-2026,10.25,10.25,10.25,10.25,100
APACR,10-Sep-2026,0.1001,0.12,0.1001,0.12,37300
APC,10-Sep-2026,19.09,19.16,18.54,18.74,133100
APEI,10-Sep-2026,45.04,45.765,44.6,44.86,131400
API,10-Sep-2026,4.01,4.07,4.01,4.04,71300
APLD,10-Sep-2026,26.3,27.08,25.74,25.78,12049000
APLM,10-Sep-2026,23.9,24.3,23.75,23.86,3800
APLMW,10-Sep-2026,0.0115,0.0138,0.0115,0.0138,9100
APMC,10-Sep-2026,9.97,9.97,9.96,9.96,4400
APMCR,10-Sep-2026,0.0901,0.0901,0.0901,0.0901,1600
APOG,10-Sep-2026,37.87,37.945,37.265,37.53,203700
APP,10-Sep-2026,300.84,317.66,300.09,314.49,4734000
APPF,10-Sep-2026,205.14,209.255,203.18,205.76,152400
APPN,10-Sep-2026,34,34.4,33.28,34.07,772800
APPS,10-Sep-2026,10.86,11.85,10.76,11.8,3096200
APPX,10-Sep-2026,11.88,13.18,11.8,12.9,1376800
APRE,10-Sep-2026,0.7805,0.8101,0.7805,0.7892,61300
APVO,10-Sep-2026,1.82,1.88,1.76,1.83,56800
APWC,10-Sep-2026,1.37,1.43,1.35,1.39,6500
APXT,10-Sep-2026,10.135,10.145,10.135,10.145,260000
APYX,10-Sep-2026,3.05,3.07,2.87,2.89,90900
AQB,10-Sep-2026,1.02,1.1,1.02,1.06,56500
AQLG,10-Sep-2026,26.1857,26.1857,26.1857,26.1857,100
AQMS,10-Sep-2026,2.46,2.4692,2.16,2.22,64600
AQST,10-Sep-2026,5.13,5.3,4.915,4.99,3284100
AQWA,10-Sep-2026,18.45,18.45,18.275,18.2763,2800
ARAI,10-Sep-2026,0.24,0.243,0.23,0.2301,288400
ARAY,10-Sep-2026,0.2567,0.2567,0.2377,0.243,622700
ARBB,10-Sep-2026,4.21,4.62,4.21,4.62,900
ARBE,10-Sep-2026,0.794,0.8273,0.74,0.7588,3229600
ARBEW,10-Sep-2026,0.0304,0.035,0.0256,0.0276,95800
ARBK,10-Sep-2026,2.85,3.05,2.85,2.895,9100
ARCB,10-Sep-2026,135.94,137.51,134.61,134.97,202500
ARCC,10-Sep-2026,19.66,19.74,19.51,19.68,4313900
ARCI,10-Sep-2026,10.115,10.115,10.1,10.1,7100
ARCIU,10-Sep-2026,10.23,10.4,10.23,10.4,2800
ARCIW,10-Sep-2026,0.525,0.6499,0.38,0.411,92100
ARCL,10-Sep-2026,11,11,11,10.01,0
ARCLU,10-Sep-2026,10.5,10.5,10.5,10.23,0
ARCLW,10-Sep-2026,0.05,0.0501,0.05,0.0501,14400
ARCT,10-Sep-2026,14.29,14.33,13.12,13.98,944000
ARDX,10-Sep-2026,3.77,3.78,3.61,3.62,4047300
AREC,10-Sep-2026,2.29,2.3,2.18,2.19,1185900
ARGX,10-Sep-2026,991.05,1000.24,981.74,984.04,226400
ARHS,10-Sep-2026,8.33,8.39,7.885,7.94,1307400
ARKO,10-Sep-2026,4.45,4.47,4.3,4.47,1067300
ARKR,10-Sep-2026,4.85,4.97,4.85,4.97,500
ARLP,10-Sep-2026,26.94,26.94,26.67,26.87,222000
ARM,10-Sep-2026,253,257.92,251.29,254.18,3724000
ARMG,10-Sep-2026,17.14,17.9018,16.93,17.39,478700
ARMY,10-Sep-2026,23.49,24.36,23.3517,23.3517,1600
AROW,10-Sep-2026,38.64,39.11,38.3,39.07,57500
ARQ,10-Sep-2026,2.18,2.24,2.155,2.23,109700
ARQQ,10-Sep-2026,20.7,21.71,20.55,20.58,173000
ARQT,10-Sep-2026,23.7,23.84,23.25,23.38,1785400
ARRY,10-Sep-2026,4.38,4.615,4.359,4.55,6446100
ARTC,10-Sep-2026,10,10,10,10,200
ARTCW,10-Sep-2026,0.3202,0.3202,0.3202,0.3202,8000
ARTL,10-Sep-2026,5.89,6,5.6101,5.63,43500
ARTNA,10-Sep-2026,36.33,36.33,35.76,35.9,16200
ARTV,10-Sep-2026,10.7,10.93,10.36,10.42,449400
ARTW,10-Sep-2026,3.07,3.12,3.03,3.03,3000
ARVN,10-Sep-2026,8.67,8.775,8.47,8.71,776700
ARVR,10-Sep-2026,56.5084,56.5084,56.5084,56.5084,100
ARWR,10-Sep-2026,81.58,83.38,80.33,82.76,1020300
ARXS,10-Sep-2026,51.73,52.715,51.225,51.98,554200
ASBP,10-Sep-2026,8.21,9.25,8.21,9.12,35400
ASCI,10-Sep-2026,36.2319,36.2319,36.2319,36.2319,100
ASD,10-Sep-2026,26.96,26.96,26.945,26.945,300
ASEC,10-Sep-2026,49.59,49.59,49.59,49.59,700
ASLE,10-Sep-2026,5.5,5.555,5.27,5.37,338200
ASMB,10-Sep-2026,32.56,32.69,30.34,30.46,348600
ASMG,10-Sep-2026,43.9,45.4008,43.88,43.9415,22900
ASML,10-Sep-2026,1688.51,1716.63,1681.58,1687.43,1080300
ASMU,10-Sep-2026,28.84,29.81,28.73,28.8617,55100
ASND,10-Sep-2026,260,262.17,258.01,261.23,505000
ASO,10-Sep-2026,50.14,54.325,49.91,54.215,3284200
ASPC,10-Sep-2026,10.78,11.09,10.78,10.92,21900
ASPI,10-Sep-2026,3.76,3.825,3.58,3.59,5056200
ASPS,10-Sep-2026,5.58,5.9,5.42,5.85,21900
ASPSW,10-Sep-2026,0.269,0.3249,0.269,0.2722,30300
ASPSZ,10-Sep-2026,0.1722,0.2098,0.17,0.197,6000
ASRV,10-Sep-2026,4.7,4.95,4.7,4.95,15400
ASST,10-Sep-2026,26.06,27.75,25.82,26.9,8802400
ASTC,10-Sep-2026,7.71,7.71,7.18,7.21,31400
ASTE,10-Sep-2026,41.59,41.8,41.1,41.72,216100
ASTH,10-Sep-2026,38.06,39.4,37.48,38.03,264100
ASTI,10-Sep-2026,2.8,2.85,2.68,2.825,271500
ASTL,10-Sep-2026,4.3,4.3,4.14,4.3,764200
ASTS,10-Sep-2026,60.7,64.5285,59.865,59.91,8354100
ASUR,10-Sep-2026,8.23,8.44,8.175,8.39,91800
ASYS,10-Sep-2026,14.73,15.47,14.72,15.06,318400
ATAI,10-Sep-2026,7.31,7.37,7.3,7.35,9587400
ATAT,10-Sep-2026,33,33.56,32.82,32.85,948000
ATC,10-Sep-2026,22.8884,22.8884,22.8884,22.8884,100
ATCX,10-Sep-2026,3.14,3.27,3,3.17,3300
ATEC,10-Sep-2026,8.77,8.92,8.6,8.84,2381400
ATER,10-Sep-2026,0.72,0.9,0.7,0.857,6086500
ATEX,10-Sep-2026,82.8,85.215,81.45,82.79,372600
ATGL,10-Sep-2026,6.04,6.04,5.83,6,1600
ATHE,10-Sep-2026,4.46,4.46,4.11,4.11,56800
ATHR,10-Sep-2026,3.3899,3.3899,3,3.16,7200
ATII,10-Sep-2026,10.65,10.6701,10.65,10.65,26500
ATIIW,10-Sep-2026,1.32,1.39,1.32,1.35,21300
ATLC,10-Sep-2026,92.19,93.409,91.6,93.36,60200
ATLCL,10-Sep-2026,25.18,25.21,25.1401,25.21,23700
ATLCP,10-Sep-2026,23.9,24.3,23.9,24.2,12200
ATLCZ,10-Sep-2026,25.38,25.5,25.37,25.4,15300
ATLO,10-Sep-2026,31.7,32.49,31.7,32.34,40800
ATLQ,10-Sep-2026,9.98,9.98,9.98,9.98,1000
ATLQR,10-Sep-2026,0.15,0.15,0.15,0.15,20000
ATLQU,10-Sep-2026,10.12,10.12,10.12,10.12,800
ATLQW,10-Sep-2026,0.041,0.045,0.0402,0.045,36000
ATLX,10-Sep-2026,3.21,3.29,3.1,3.1,301000
ATNI,10-Sep-2026,29.96,30.81,29.96,30.65,52000
ATOM,10-Sep-2026,3.99,4.14,3.95,4.07,371900
ATOS,10-Sep-2026,2.36,2.61,2.33,2.34,47200
ATPC,10-Sep-2026,2.33,2.41,2.31,2.37,10500
ATRA,10-Sep-2026,9.94,9.94,9.52,9.89,23200
ATRC,10-Sep-2026,52.31,53.66,51.86,52.96,961900
ATRO,10-Sep-2026,74.4,75.37,72.55,73.49,545300
ATTO,10-Sep-2026,22.51,24.105,22.13,22.53,190000
ATXG,10-Sep-2026,3.41,3.54,3.41,3.44,4200
ATYR,10-Sep-2026,0.469,0.4694,0.4301,0.4319,923500
AUBN,10-Sep-2026,26.83,26.83,26.83,26.83,500
AUC,10-Sep-2026,6.66,7.41,6.66,7.27,12200
AUDC,10-Sep-2026,9.6,9.66,9.02,9.03,117200
AUGO,10-Sep-2026,82.72,86.57,82.22,86.01,1290000
AUID,10-Sep-2026,0.3778,0.39,0.3528,0.3588,297500
AUMI,10-Sep-2026,99.62,100.2,98.984,98.984,3000
AUPH,10-Sep-2026,16.12,16.195,15.9,16.11,687400
AUR,10-Sep-2026,6.35,6.52,6.3,6.33,19804600
AURA,10-Sep-2026,7.14,7.195,6.93,6.99,785500
AURE,10-Sep-2026,1.35,1.465,1.35,1.4,4100
AUROW,10-Sep-2026,0.0561,0.0561,0.04,0.04,16800
AUTL,10-Sep-2026,2,2.02,1.95,1.96,1328000
AUUD,10-Sep-2026,0.9891,1,0.9798,0.9798,63100
AVAH,10-Sep-2026,14.03,14.1574,13.68,13.86,3918500
AVAT,10-Sep-2026,0.9239,0.98,0.8647,0.951,779000
AVAV,10-Sep-2026,146.77,159.24,142.5,147.065,8764900
AVBH,10-Sep-2026,31.37,31.72,31.37,31.6,59900
AVBP,10-Sep-2026,29.33,30.53,28.54,28.7,564100
AVGB,10-Sep-2026,50.12,50.12,50.04,50.04,500
AVGG,10-Sep-2026,23.28,24.0199,23.09,23.43,160000
AVGO,10-Sep-2026,360.03,365.27,357.75,360.83,23994200
AVGU,10-Sep-2026,29.72,30.64,29.48,29.9481,70100
AVGX,10-Sep-2026,40,41.2,39.5,40.14,464900
AVIR,10-Sep-2026,5.22,5.3,5.17,5.18,251100
AVL,10-Sep-2026,37.93,39.15,37.59,38.18,589300
AVNW,10-Sep-2026,19.6,20.47,19.55,19.82,338600
AVO,10-Sep-2026,13.42,13.56,12.9582,13.24,837600
AVOS,10-Sep-2026,27.405,27.405,27.405,27.405,100
AVPT,10-Sep-2026,12.81,13.09,12.74,12.78,1354900
AVR,10-Sep-2026,8.35,8.45,8.2301,8.3,842300
AVS,10-Sep-2026,8.12,8.155,7.99,8.085,10949900
AVT,10-Sep-2026,91.32,93.9,90.68,92.97,1135100
AVTX,10-Sep-2026,17.92,18.05,17.15,17.18,913700
AVUQ,10-Sep-2026,65.99,66.27,65.99,66.1174,9100
AVX,10-Sep-2026,3.78,3.92,3.6,3.745,78700
AVXC,10-Sep-2026,83.09,83.3089,82.6868,82.805,36100
AVXL,10-Sep-2026,2.71,2.735,2.615,2.66,433700
AVXX,10-Sep-2026,23.14,26.86,21.95,23.16,1060400
AWRE,10-Sep-2026,1.15,1.2285,1.15,1.22,58500
AXG,10-Sep-2026,2.08,2.205,2.08,2.18,52300
AXGN,10-Sep-2026,45.13,45.5,41.74,41.85,3793200
AXIN,10-Sep-2026,10.33,10.335,10.33,10.33,17900
AXINR,10-Sep-2026,0.3461,0.3531,0.331,0.35,5900
AXON,10-Sep-2026,486,492.19,476.05,478.85,939000
AXSM,10-Sep-2026,210.63,211.65,208.01,211.115,526300
AXTI,10-Sep-2026,65.9,69.32,64.55,64.7,7230900
AYA,10-Sep-2026,28.5,29.175,28.07,28.42,840900
AYTU,10-Sep-2026,2.15,2.15,2.05,2.05,28700
AZ,10-Sep-2026,5.97,6.035,5.67,5.73,308300
AZI,10-Sep-2026,1.23,1.265,1.21,1.22,34600
AZIO,10-Sep-2026,1.18,1.22,1.15,1.18,69700
AZIO,10-Sep-2026,1.2168,1.22,1.15,1.185,58538
AZTA,10-Sep-2026,29.74,30.38,29.64,30.18,853700
AZYY,10-Sep-2026,14.28,14.285,14.2729,14.2729,800
BABU,10-Sep-2026,9,9.13,8.91,9.04,79000
BABX,10-Sep-2026,16.72,16.9,16.4627,16.71,397700
BACC,10-Sep-2026,10.45,10.53,10.45,10.53,600
BAER,10-Sep-2026,1.08,1.0973,1.04,1.04,447100
BAFE,10-Sep-2026,29.24,29.33,29.195,29.2429,87000
BAFN,10-Sep-2026,7.5,8.4699,7.41,8.18,103000
BAIG,10-Sep-2026,13.07,13.94,12.99,13.6742,16800
BAIV,10-Sep-2026,28.43,28.51,28.384,28.41,43100
BALQ,10-Sep-2026,55,55.12,54.87,54.8929,6900
BAND,10-Sep-2026,48.1,52.79,47.02,51.62,1303100
BANF,10-Sep-2026,110.51,111.205,109.64,110.84,88700
BANFP,10-Sep-2026,28,28.9999,27.9875,28.9999,3400
BANL,10-Sep-2026,5.6,6.61,5.6,6.05,47700
BANR,10-Sep-2026,70.32,70.87,69.73,70.82,270100
BANX,10-Sep-2026,21.05,21.06,20.8,20.955,22900
BAOS,10-Sep-2026,0.3124,0.314,0.2976,0.3061,773700
BASG,10-Sep-2026,27.55,27.72,27.55,27.6106,3400
BASV,10-Sep-2026,30.93,30.93,30.8,30.8122,21800
BATRA,10-Sep-2026,54.69,55.32,54.59,54.715,55900
BATRK,10-Sep-2026,49.68,50.03,49.23,49.46,319700
BBB,10-Sep-2026,31.2699,31.2699,31.2319,31.2319,400
BBBYW,10-Sep-2026,0.6737,0.85,0.6737,0.7101,83600
BBCP,10-Sep-2026,10.2,10.33,10.12,10.18,206200
BBGI,10-Sep-2026,16.51,16.755,15.7,15.9,79100
BBH,10-Sep-2026,229.22,229.225,228.6,228.6361,7400
BBIO,10-Sep-2026,75.27,75.5,72.12,72.5,3064500
BBLG,10-Sep-2026,0.5621,0.575,0.551,0.561,17500
BBLGW,10-Sep-2026,3.98,4.54,3.98,4.54,1000
BBNX,10-Sep-2026,17.6,17.9517,16.4962,16.59,957700
BBOT,10-Sep-2026,6.78,6.785,5.48,5.52,2790300
BBSI,10-Sep-2026,32.7,32.93,32.36,32.86,153400
BBUL,10-Sep-2026,10.13,10.425,9.94,9.94,2400
BBYY,10-Sep-2026,8.72,8.795,8.72,8.795,600
BCAL,10-Sep-2026,21.53,21.84,21.37,21.82,344600
BCAX,10-Sep-2026,23.31,23.625,22.5,23.1,644700
BCBP,10-Sep-2026,8.61,8.7,8.52,8.69,66500
BCCQ,10-Sep-2026,10.02,10.03,9.98,9.98,384100
BCCQU,10-Sep-2026,10.3,10.3,10.3,10.3,300
BCCQW,10-Sep-2026,1.08,1.1,1.05,1.05,2200
BCDA,10-Sep-2026,1.09,1.105,1.07,1.1,79900
BCFN,10-Sep-2026,22.75,22.7501,22.679,22.679,1300
BCG,10-Sep-2026,1.26,1.36,1.21,1.26,35900
BCIC,10-Sep-2026,7.12,7.2,7.062,7.09,30000
BCLO,10-Sep-2026,49.73,49.73,49.6301,49.69,4700
BCML,10-Sep-2026,29.84,30.23,29.805,30.23,50700
BCPC,10-Sep-2026,167.55,167.88,165.125,166.67,127700
BCRX,10-Sep-2026,8.34,8.46,8.045,8.29,9001300
BCTK,10-Sep-2026,29.46,29.85,29.46,29.4947,7400
BCTX,10-Sep-2026,3.58,3.65,3.58,3.6,39400
BCTXL,10-Sep-2026,0.95,0.95,0.87,0.885,6900
BCTXZ,10-Sep-2026,0.14,0.14,0.1124,0.125,31100
BCYC,10-Sep-2026,3.99,3.99,3.81,3.83,1947600
BDGS,10-Sep-2026,37.14,37.16,37.11,37.1274,600
BDMD,10-Sep-2026,1.1,1.12,1.05,1.08,19700
BDRX,10-Sep-2026,0.7998,0.845,0.61,0.6601,202000
BDSX,10-Sep-2026,26.83,27.37,25.6,26.04,53400
BDTX,10-Sep-2026,2.06,2.06,1.92,1.96,677900
BDVL,10-Sep-2026,26.31,26.325,26.1901,26.2281,193500
BDYN,10-Sep-2026,27.7,27.9,27.7,27.7747,270400
BEAG,10-Sep-2026,10.8,10.8008,10.77,10.77,10800
BEAGR,10-Sep-2026,0.21,0.25,0.2,0.25,27000
BEAM,10-Sep-2026,24.76,24.89,23.98,24.37,1980300
BEAT,10-Sep-2026,0.41,0.425,0.405,0.4104,246200
BEATW,10-Sep-2026,0.0146,0.0146,0.011,0.011,400
BEDY,10-Sep-2026,29.52,29.52,29.38,29.44,142500
BEEM,10-Sep-2026,1.37,1.4277,1.362,1.38,357600
BEEP,10-Sep-2026,2.9,2.9,2.8,2.85,26500
BEEX,10-Sep-2026,27.39,27.44,27.33,27.3424,2000
BEEZ,10-Sep-2026,33.8,33.8,33.6112,33.6112,100
BEG,10-Sep-2026,46.5,50.735,45.7501,45.87,366000
BELFA,10-Sep-2026,197.84,204.95,197.84,202.11,62100
BELFB,10-Sep-2026,244.06,247.62,240,243,157200
BENF,10-Sep-2026,1.69,1.75,1.125,1.2117,65000
BENFW,10-Sep-2026,0.0093,0.0094,0.0083,0.009,100900
BESO,10-Sep-2026,32.77,32.77,32.77,32.77,100
BETR,10-Sep-2026,13.32,13.548,13,13.21,285500
BETRW,10-Sep-2026,0.124,0.124,0.124,0.124,1400
BFC,10-Sep-2026,153.37,155.85,152.45,155.24,81700
BFRG,10-Sep-2026,0.4789,0.51,0.4732,0.4855,138400
BFRGW,10-Sep-2026,0.0901,0.0901,0.0901,0.0901,500
BFRI,10-Sep-2026,1.53,1.555,1.3601,1.46,1654100
BFRIW,10-Sep-2026,0.0206,0.0206,0.0203,0.0203,200
BFST,10-Sep-2026,31.11,31.45,30.95,31.45,171900
BGC,10-Sep-2026,12.21,12.28,12.06,12.22,6070500
BGCG,10-Sep-2026,27.06,27.3,27.06,27.1771,16400
BGDE,10-Sep-2026,6.42,6.51,6.2,6.21,31700
BGEG,10-Sep-2026,23.58,23.58,23.5323,23.5323,900
BGGG,10-Sep-2026,34.6484,34.975,34.6484,34.7512,8900
BGIA,10-Sep-2026,25.19,25.22,25.17,25.2,6200
BGIN,10-Sep-2026,1.9,1.901,1.8807,1.89,2600
BGL,10-Sep-2026,0.217,0.2271,0.2131,0.2159,247300
BGLC,10-Sep-2026,1.48,1.48,1.48,1.48,700
BGLWW,10-Sep-2026,0.019,0.025,0.019,0.025,300
BGM,10-Sep-2026,0.2751,0.3049,0.2731,0.2756,137100
BGMS,10-Sep-2026,0.8704,0.8704,0.8451,0.8451,4900
BGRN,10-Sep-2026,46.42,46.425,46.32,46.3221,43000
BGRO,10-Sep-2026,42.7367,42.7367,42.7367,42.7367,100
BGUS,10-Sep-2026,25.9931,25.9931,25.9931,25.9931,100
BHAV,10-Sep-2026,10.03,10.03,10.02,10.02,8600
BHDG,10-Sep-2026,22.8634,22.8634,22.8634,22.8634,100
BHF,10-Sep-2026,51,52,49.51,50.84,1532100
BHFAL,10-Sep-2026,15.188,15.205,15.06,15.17,47000
BHFAM,10-Sep-2026,9.95,9.95,9.7,9.79,192700
BHFAN,10-Sep-2026,11.33,11.33,11.1701,11.27,122200
BHFAO,10-Sep-2026,14.15,14.16,13.81,14.08,49100
BHFAP,10-Sep-2026,13.81,13.82,13.6331,13.76,47200
BHRB,10-Sep-2026,70.87,71.67,70.44,71.5,68900
BHST,10-Sep-2026,1.8,1.87,1.8,1.87,13700
BIAF,10-Sep-2026,9.53,10.4897,9.38,9.39,793800
BIAFW,10-Sep-2026,0.62,0.62,0.55,0.55,3800
BIB,10-Sep-2026,111.93,111.93,109.3,109.5953,9600
BID,10-Sep-2026,9.94,9.94,9.94,9.94,5000
BIDG,10-Sep-2026,6.58,6.71,6.52,6.6305,142000
BIDU,10-Sep-2026,90.31,91.22,89.82,90.59,2473300
BIDWR,10-Sep-2026,0.14,0.14,0.14,0.14,100
BIDWU,10-Sep-2026,10.05,10.05,10.0499,10.0499,1900
BIIB,10-Sep-2026,209.92,216.7,208.9279,215.43,936600
BILI,10-Sep-2026,15.45,15.61,15.37,15.47,3430100
BIOA,10-Sep-2026,9.07,9.07,8.6,8.65,492800
BIOT,10-Sep-2026,0.3867,0.4038,0.385,0.39,43000
BIOTW,10-Sep-2026,0.0197,0.0197,0.0194,0.0195,13400
BIOX,10-Sep-2026,0.413,0.4298,0.4101,0.4225,66800
BIOY,10-Sep-2026,20.88,20.89,20.7,20.72,6100
BIRD,10-Sep-2026,2.42,2.4999,2.415,2.43,176100
BIS,10-Sep-2026,11.9,12.01,11.7415,11.9913,8100
BITA,10-Sep-2026,59,59.0099,58.6,58.86,24900
BITS,10-Sep-2026,63.83,64.2226,63.83,64.2226,300
BIVI,10-Sep-2026,1.95,1.99,1.89,1.91,261800
BIVIW,10-Sep-2026,0.32,0.35,0.32,0.35,13900
BIXIU,10-Sep-2026,10.24,10.24,10.24,10.24,700
BIYA,10-Sep-2026,2.24,2.3,2.22,2.27,23900
BJDX,10-Sep-2026,0.97,1.0186,0.9621,1.01,308300
BJRI,10-Sep-2026,59.99,60.98,59.775,60.11,415000
BKCH,10-Sep-2026,71.01,72.88,70.25,70.77,23300
BKMI,10-Sep-2026,25.51,25.58,25.39,25.45,98500
BKMS,10-Sep-2026,25.33,25.33,25.24,25.2602,46800
BKNG,10-Sep-2026,172.04,176.905,171.102,174.33,6424300
BKR,10-Sep-2026,63.61,63.68,59.04,59.4,11196700
BKYI,10-Sep-2026,2.76,2.805,2.68,2.75,8700
BL,10-Sep-2026,29.57,29.95,28.71,28.75,771900
BLBD,10-Sep-2026,61.64,62.6999,61.08,62.05,334600
BLCR,10-Sep-2026,49.06,49.11,48.7542,48.8,327500
BLDP,10-Sep-2026,2.35,2.35,2.22,2.22,3116000
BLFS,10-Sep-2026,34.62,34.95,34.38,34.92,1361500
BLIN,10-Sep-2026,0.93,0.93,0.9001,0.91,7100
BLIV,10-Sep-2026,2.18,2.35,2.16,2.35,25000
BLKB,10-Sep-2026,44.14,44.81,43.57,44.22,326000
BLMN,10-Sep-2026,9.06,9.065,8.595,8.67,1913100
BLNE,10-Sep-2026,1,1.0984,0.99,1.08,484900
BLNK,10-Sep-2026,0.54,0.546,0.53,0.5378,1022700
BLRKW,10-Sep-2026,0.3999,0.429,0.3999,0.4,35800
BLRX,10-Sep-2026,2.53,2.63,2.52,2.5695,8100
BLSG,10-Sep-2026,3,3.2684,3,3.0893,70600
BLTE,10-Sep-2026,180.27,181.225,173,175.07,211000
BLUW,10-Sep-2026,10.37,10.37,10.37,10.37,500
BLUWW,10-Sep-2026,0.28,0.32,0.28,0.31,85400
BLZE,10-Sep-2026,12.82,13.44,12.25,12.31,2604100
BLZR,10-Sep-2026,10.2128,10.2128,10.21,10.2101,2600
BLZRW,10-Sep-2026,0.3001,0.31,0.3001,0.31,52400
BMBL,10-Sep-2026,2.9,3.01,2.9,2.98,1840700
BMEA,10-Sep-2026,1.83,1.84,1.68,1.7,2501200
BMGL,10-Sep-2026,4.58,4.69,4.58,4.58,2700
BMHL,10-Sep-2026,5.67,5.99,5,5.8072,16700
BMM,10-Sep-2026,5.8,5.8,5.36,5.56,936100
BMNG,10-Sep-2026,23.69,25.88,23.1501,24.9866,382000
BMOP,10-Sep-2026,24.17,24.185,24,24,126400
BMR,10-Sep-2026,1.32,1.32,1.28,1.32,29100
BMRA,10-Sep-2026,2.1701,2.2456,2.1701,2.23,15300
BMRC,10-Sep-2026,27.39,27.73,27.26,27.71,139400
BMRN,10-Sep-2026,64.41,65.59,63.5742,65.51,2202700
BNAI,10-Sep-2026,10.16,10.18,8.23,8.24,400400
BNC,10-Sep-2026,4.57,5.02,4.55,4.99,3237600
BNCWW,10-Sep-2026,0.0105,0.0105,0.0105,0.0105,10700
BNCWZ,10-Sep-2026,0.14,0.149,0.125,0.1345,4000
BND,10-Sep-2026,71.41,71.51,71.25,71.27,12578400
BNDP,10-Sep-2026,72.27,72.27,72.0867,72.0867,3200
BNDW,10-Sep-2026,66.68,66.68,66.475,66.49,252600
BNDX,10-Sep-2026,47.1,47.11,46.96,46.965,4301600
BNGO,10-Sep-2026,1.18,1.24,1.16,1.2,288100
BNKK,10-Sep-2026,1.42,1.46,1.34,1.36,72800
BNR,10-Sep-2026,12.48,12.5,11.335,11.62,72900
BNTC,10-Sep-2026,12.31,12.47,12,12.22,94500
BNTX,10-Sep-2026,97.5,97.5,95.85,96.4,773700
BODI,10-Sep-2026,5.53,5.65,5.53,5.55,25000
BOEG,10-Sep-2026,11.83,11.99,11.5161,11.5367,21800
BOEU,10-Sep-2026,29.5,30,29.12,29.1559,17800
BOF,10-Sep-2026,3.89,3.98,3.81,3.88,10500
BOKF,10-Sep-2026,134.41,135.44,133,135.21,224500
BOLD,10-Sep-2026,2.85,2.87,2.82,2.84,28600
BOLT,10-Sep-2026,3.69,3.83,3.25,3.73,96900
BON,10-Sep-2026,1.14,1.15,1.13,1.15,3100
BOOM,10-Sep-2026,6.72,6.8151,6.41,6.57,54900
BOSC,10-Sep-2026,4.63,4.724,4.63,4.66,13200
BOT,10-Sep-2026,26.64,28.1,26.171,27.5,201400
BOTJ,10-Sep-2026,27.8,28.27,27.64,27.9,29100
BOTT,10-Sep-2026,41.58,41.76,41.1501,41.1535,37400
BOTZ,10-Sep-2026,34.86,35.015,34.62,34.76,799600
BOXL,10-Sep-2026,5.695,5.695,5.55,5.67,5400
BPAC,10-Sep-2026,10.18,10.18,10.18,10.18,500
BPOP,10-Sep-2026,163.95,164.4099,162.16,163.96,524300
BPOPM,10-Sep-2026,25.19,25.19,25.17,25.17,1400
BPRN,10-Sep-2026,43.4,43.69,43.1,43.59,24200
BPYPM,10-Sep-2026,16.8,17.1548,16.8,16.9,7500
BPYPN,10-Sep-2026,13.55,13.62,13.55,13.61,15100
BPYPO,10-Sep-2026,15.085,15.128,15.02,15.11,4700
BPYPP,10-Sep-2026,15.97,16.1699,15.89,15.89,8600
BRAG,10-Sep-2026,1.35,1.51,1.2938,1.31,21400
BRBI,10-Sep-2026,11.36,11.36,11.28,11.36,1400
BRCB,10-Sep-2026,8.74,8.85,8.53,8.75,398100
BREM,10-Sep-2026,50.258,50.258,50.258,50.258,100
BRES,10-Sep-2026,26.43,26.53,26.42,26.4306,44500
BREZ,10-Sep-2026,10.02,10.03,10.02,10.02,10500
BREZR,10-Sep-2026,0.2799,0.28,0.2525,0.28,201700
BRFH,10-Sep-2026,1.235,1.2709,1.22,1.225,14600
BRHY,10-Sep-2026,50.48,50.53,50.39,50.4,18900
BRID,10-Sep-2026,5.8067,5.8535,5.805,5.84,2800
BRKHU,10-Sep-2026,10.14,10.29,10.1166,10.29,700
BRKHW,10-Sep-2026,0.15,0.15,0.15,0.15,1300
BRKR,10-Sep-2026,53.21,54.31,52.58,53.56,1882900
BRKRP,10-Sep-2026,396.17,396.17,395.14,395.14,700
BRKU,10-Sep-2026,23.14,23.4,22.9,23.14,26000
BRLS,10-Sep-2026,1.36,1.43,1.2946,1.43,10100
BRLSW,10-Sep-2026,0.0307,0.0307,0.0307,0.0307,1000
BRLT,10-Sep-2026,1.42,1.5,1.4166,1.5,81100
BRNX,10-Sep-2026,2.44,3.18,2.38,2.85,2296800
BRNY,10-Sep-2026,57.56,57.56,57.24,57.2684,21300
BRR,10-Sep-2026,2.87,3.02,2.79,2.98,1595600
BRRR,10-Sep-2026,21.7,21.795,21.69,21.73,26000
BRRWW,10-Sep-2026,0.353,0.3791,0.3321,0.35,151400
BRTM,10-Sep-2026,10,10.245,9.78,9.855,242200
BRTMU,10-Sep-2026,9.96,9.99,9.96,9.97,116100
BRTMW,10-Sep-2026,0.35,0.45,0.35,0.3846,14300
BRTR,10-Sep-2026,48.85,48.895,48.74,48.7522,87100
BRTX,10-Sep-2026,2.82,2.82,2.7013,2.76,27700
BRUN,10-Sep-2026,16.9,17.4299,16.33,16.46,1144900
BRVE,10-Sep-2026,28.94,29.5,26.47,27.25,285900
BRZE,10-Sep-2026,23.48,24.5,23.38,24.265,3596700
BSAA,10-Sep-2026,12.1,12.1,12.1,12.1,150
BSBK,10-Sep-2026,9.17,9.23,9.14,9.14,3400
BSCQ,10-Sep-2026,19.56,19.56,19.52,19.545,1916600
BSCR,10-Sep-2026,19.62,19.63,19.61,19.61,1320000
BSCS,10-Sep-2026,20.28,20.28,20.25,20.25,701000
BSCT,10-Sep-2026,18.42,18.42,18.38,18.38,1521900
BSCU,10-Sep-2026,16.39,16.39,16.34,16.34,777000
BSCV,10-Sep-2026,16.06,16.06,16.01,16.01,515700
BSCW,10-Sep-2026,20.01,20.01,19.95,19.95,362700
BSCX,10-Sep-2026,20.48,20.5,20.4211,20.44,2471700
BSCY,10-Sep-2026,20.05,20.055,19.98,19.98,165900
BSCZ,10-Sep-2026,19.79,19.79,19.695,19.71,77600
BSET,10-Sep-2026,18.07,18.415,17.97,18.1,18600
BSGR,10-Sep-2026,25,25.05,25,25.01,4500
BSGT,10-Sep-2026,24.85,24.85,24.8,24.815,7700
BSIN,10-Sep-2026,1.62,1.64,1.575,1.63,1102000
BSJQ,10-Sep-2026,22.9,22.91,22.89,22.895,164200
BSJR,10-Sep-2026,22.32,22.32,22.28,22.31,218700
BSJS,10-Sep-2026,21.74,21.74,21.6537,21.69,63200
BSJT,10-Sep-2026,21.1,21.12,21.03,21.08,117000
BSJU,10-Sep-2026,25.52,25.6,25.485,25.49,35400
BSJV,10-Sep-2026,25.76,25.7699,25.62,25.67,27800
BSJW,10-Sep-2026,25.04,25.08,24.9929,25.055,11700
BSJX,10-Sep-2026,24.81,24.81,24.7541,24.7541,1700
BSJY,10-Sep-2026,24.7,24.7,24.62,24.62,700
BSMQ,10-Sep-2026,23.46,23.49,23.4517,23.4705,36800
BSMR,10-Sep-2026,23.62,23.63,23.48,23.485,86700
BSMS,10-Sep-2026,23.14,23.23,23.14,23.1566,131400
BSMT,10-Sep-2026,22.74,22.74,22.565,22.5666,152700
BSMU,10-Sep-2026,21.48,21.48,21.29,21.3002,198400
BSMV,10-Sep-2026,20.41,20.41,20.352,20.375,154800
BSMW,10-Sep-2026,24.25,24.27,24.1,24.135,120600
BSMY,10-Sep-2026,23.46,23.46,23.2797,23.3255,49900
BSMZ,10-Sep-2026,24.1184,24.1184,24.01,24.098,30500
BSP,10-Sep-2026,38,41.37,37.75,39.67,2793100
BSRR,10-Sep-2026,40.3,40.87,39.95,40.87,39900
BSSX,10-Sep-2026,24.71,24.71,24.55,24.595,121500
BSTS,10-Sep-2026,24.94,24.94,24.91,24.915,400
BSTU,10-Sep-2026,24.735,24.735,24.71,24.71,200
BSTV,10-Sep-2026,24.64,24.645,24.615,24.615,5100
BSVN,10-Sep-2026,54.67,55.11,53.95,54.81,67600
BSVO,10-Sep-2026,29.42,29.42,29.0938,29.2865,165000
BSY,10-Sep-2026,32.01,32.31,30.87,31,2551900
BTBD,10-Sep-2026,1.77,1.8485,1.75,1.77,42000
BTBDW,10-Sep-2026,0.045,0.045,0.0351,0.0351,500
BTBT,10-Sep-2026,1.6,1.64,1.55,1.56,24029900
BTCS,10-Sep-2026,1.3,1.35,1.29,1.32,1658300
BTCT,10-Sep-2026,1.42,1.46,1.3,1.3,1246700
BTDL,10-Sep-2026,17.22,17.94,16.5,16.6304,48500
BTDR,10-Sep-2026,11.78,12.005,11.405,11.53,8519000
BTF,10-Sep-2026,21.47,21.59,21.3678,21.3678,1600
BTGD,10-Sep-2026,26.31,26.49,26.1,26.2,23600
BTLN,10-Sep-2026,0.9501,0.9899,0.9149,0.9211,45400
BTMD,10-Sep-2026,1.45,1.454,1.3,1.31,298600
BTOC,10-Sep-2026,0.2864,0.305,0.2717,0.29,22400
BTQ,10-Sep-2026,2.93,2.93,2.705,2.72,2780000
BTSG,10-Sep-2026,61.33,62.615,57.68,57.88,3317100
BTSGU,10-Sep-2026,204.21,204.21,192.69,193.21,2500
BTTC,10-Sep-2026,0.3845,0.3865,0.3533,0.3667,138100
BUFC,10-Sep-2026,43.1465,43.1465,43.11,43.11,31000
BUFI,10-Sep-2026,43.08,43.08,42.9553,42.9553,1100
BUFM,10-Sep-2026,40.79,40.9335,40.79,40.91,22800
BUG,10-Sep-2026,40.5,41.685,40.4,40.65,483700
BULD,10-Sep-2026,34.01,34.01,33.7047,33.7047,6600
BULG,10-Sep-2026,58.18,58.6458,57.93,58.6458,1300
BULL,10-Sep-2026,9.24,9.44,9.16,9.3,7275800
BUSE,10-Sep-2026,30.19,30.38,29.9,30.38,489900
BUSEP,10-Sep-2026,26,26.0792,25.89,26.0792,3900
BUUU,10-Sep-2026,38.8,39,37.5,38.92,11000
BVC,10-Sep-2026,15.65,16.79,15.5,15.74,21600
BVFL,10-Sep-2026,20.9,21.7,20.89,21.7,11900
BVS,10-Sep-2026,13.52,13.53,13.035,13.06,528100
BWAY,10-Sep-2026,14.12,14.175,13.86,13.91,137200
BWB,10-Sep-2026,21.17,21.39,21.01,21.39,74200
BWBBP,10-Sep-2026,19.755,19.755,19.755,19.755,100
BWEN,10-Sep-2026,3.97,4.025,3.91,3.98,165300
BWFG,10-Sep-2026,66.66,67.7,65.93,67.65,66800
BWIN,10-Sep-2026,28.32,29.67,28.26,29.39,733700
BWMN,10-Sep-2026,42.54,42.6,42.51,42.51,354900
BXBL,10-Sep-2026,4.33,4.43,3.9812,4.06,332200
BYAH,10-Sep-2026,2.23,2.45,2.21,2.41,73400
BYFC,10-Sep-2026,11.875,11.875,11.85,11.875,1700
BYND,10-Sep-2026,10.77,10.8727,10.4017,10.45,1135300
BYRN,10-Sep-2026,3.56,3.62,3.51,3.53,173900
BYSI,10-Sep-2026,0.6085,0.79,0.6085,0.7668,846500
BZ,10-Sep-2026,16.13,16.605,16.03,16.41,9462300
BZAI,10-Sep-2026,0.4851,0.5288,0.4801,0.5211,2379100
BZAIW,10-Sep-2026,0.11,0.11,0.098,0.098,35600
BZFD,10-Sep-2026,1.05,1.06,1.04,1.06,160800
BZFDW,10-Sep-2026,0.0088,0.0088,0.0088,0.0088,500
BZUN,10-Sep-2026,2.75,2.79,2.725,2.74,139300
CAAS,10-Sep-2026,5.35,5.55,5.26,5.26,14600
CABA,10-Sep-2026,2.85,2.875,2.69,2.74,7077100
CABR,10-Sep-2026,1.1,1.14,1.07,1.14,18900
CAC,10-Sep-2026,57,58.87,55.34,57.76,106200
CACC,10-Sep-2026,594.46,605.6,594.45,605.46,76300
CADL,10-Sep-2026,12.05,12.05,11.2,11.33,1952900
CAES,10-Sep-2026,10.09,10.09,10.08,10.09,19600
CAFG,10-Sep-2026,32.45,32.51,32.3617,32.3617,54500
CAI,10-Sep-2026,23.2,24.68,23.2,24.04,2629200
CAIIW,10-Sep-2026,0.22,0.22,0.1609,0.1989,21300
CAIQ,10-Sep-2026,25.45,25.45,25.168,25.2,253900
CAKE,10-Sep-2026,102.93,104,100.37,101.16,1496500
CALC,10-Sep-2026,2.22,2.29,2.07,2.12,83300
CALI,10-Sep-2026,50.16,50.16,50.08,50.095,99300
CALM,10-Sep-2026,74.45,76.27,73.655,73.71,1746000
CAMP,10-Sep-2026,4.3,4.495,4.145,4.34,115600
CAMT,10-Sep-2026,143.68,146.625,141.195,144.25,303800
CAN,10-Sep-2026,0.3,0.3298,0.2916,0.3087,10166300
CANC,10-Sep-2026,42.34,42.34,41.6901,41.7634,32200
CANQ,10-Sep-2026,29.6,29.6,29.4753,29.4753,1100
CAPNR,10-Sep-2026,0.111,0.1132,0.1068,0.1109,1000
CAPR,10-Sep-2026,8.57,8.7,8.1815,8.3,2916500
CAPS,10-Sep-2026,0.178,0.19,0.1692,0.1827,782600
CAR,10-Sep-2026,131.5,132.27,126.25,126.74,384300
CARE,10-Sep-2026,31.36,31.65,30.89,31.6,203400
CARG,10-Sep-2026,32.38,33.585,32.23,33.3,833900
CARL,10-Sep-2026,14.88,15.29,14.74,14.76,59100
CART,10-Sep-2026,46.65,47.285,46.31,47.24,3083600
CARY,10-Sep-2026,20.54,20.54,20.46,20.48,1048800
CARZ,10-Sep-2026,106.19,106.58,105.9178,105.9178,6000
CASH,10-Sep-2026,79.03,79.18,78.32,79.18,273300
CASS,10-Sep-2026,55.26,56.585,54.53,55.08,73500
CAST,10-Sep-2026,1.24,1.39,1.24,1.3,892900
CASY,10-Sep-2026,632,656.5,627.59,627.64,1120600
CATH,10-Sep-2026,90.21,90.3637,90,90.1097,33600
CATLU,10-Sep-2026,9.9907,9.9907,9.97,9.97,1100
CATY,10-Sep-2026,61.3,62.075,60.83,62.04,310700
CBAT,10-Sep-2026,1.02,1.02,0.9762,1.01,638900
CBC,10-Sep-2026,32.03,32.35,31.86,32.12,1063900
CBFV,10-Sep-2026,37.3,37.33,37.3,37.3,2800
CBIO,10-Sep-2026,19.65,19.895,19.16,19.46,233100
CBK,10-Sep-2026,33.8,33.965,33.43,33.9,67400
CBLL,10-Sep-2026,24.13,24.29,23.11,23.43,220100
CBNK,10-Sep-2026,35.98,36.405,35.71,36.36,36200
CBRL,10-Sep-2026,50.92,51.575,48.66,49.44,902100
CBRS,10-Sep-2026,190.93,195.07,189.11,191.34,3414000
CBSH,10-Sep-2026,58.27,58.31,57.66,58.29,1326000
CBUS,10-Sep-2026,1.56,1.61,1.56,1.585,67900
CCAP,10-Sep-2026,9.94,10.08,9.88,9.93,532200
CCB,10-Sep-2026,47.4,48.215,46.3401,48.05,176200
CCBG,10-Sep-2026,50.44,50.74,49.7,50.72,82400
CCC,10-Sep-2026,6.75,6.8899,6.695,6.85,7795800
CCCC,10-Sep-2026,3.4,3.41,3.31,3.4,1168000
CCCT,10-Sep-2026,9.845,9.845,9.84,9.84,25000
CCCTU,10-Sep-2026,9.96,10.06,9.93,9.95,11100
CCD,10-Sep-2026,24.27,24.51,23.875,24.01,47100
CCEC,10-Sep-2026,22.47,22.52,22.2,22.52,5600
CCEP,10-Sep-2026,103.8,105.025,102.84,102.88,1853800
CCFE,10-Sep-2026,24.9941,24.9941,24.9941,24.9941,100
CCG,10-Sep-2026,12.5,14.6,11.81,13.2,79100
CCHH,10-Sep-2026,1.18,1.23,1.17,1.21,16200
CCII,10-Sep-2026,10.32,10.32,10.32,10.32,12400
CCIIW,10-Sep-2026,0.7,0.7,0.7,0.7,900
CCLD,10-Sep-2026,2.11,2.115,2.03,2.04,318200
CCML,10-Sep-2026,25.73,25.73,25.44,25.5883,120100
CCNE,10-Sep-2026,34.15,34.47,33.885,34.47,90500
CCNEP,10-Sep-2026,24.845,24.845,24.845,24.845,300
CCNR,10-Sep-2026,41.8,41.945,41.55,41.585,8600
CCOI,10-Sep-2026,9.2,9.37,8.6,9.09,2168700
CCSB,10-Sep-2026,19.66,19.674,19.615,19.615,1100
CCSI,10-Sep-2026,35.9,36.58,35.5229,36.26,147000
CCSO,10-Sep-2026,25.55,25.71,25.4611,25.4611,2600
CCTG,10-Sep-2026,0.6158,0.6158,0.5803,0.5966,38500
CCXI,10-Sep-2026,13,13.12,12.8,12.81,1359200
CCXIU,10-Sep-2026,13.51,13.9,13.51,13.51,600
CCXIW,10-Sep-2026,6.4,6.4,5.6501,5.8,43700
CD,10-Sep-2026,3.11,3.12,2.9,2.96,187100
CDC,10-Sep-2026,75.44,75.5,75.08,75.1359,15000
CDIG,10-Sep-2026,26.34,26.53,26.34,26.4208,1100
CDIO,10-Sep-2026,2.02,2.14,1.98,1.98,24300
CDL,10-Sep-2026,78.81,78.81,78.4,78.4166,7500
CDLX,10-Sep-2026,4.17,4.28,4.0803,4.13,55300
CDNA,10-Sep-2026,49.19,51.69,48.64,50.02,1606700
CDNS,10-Sep-2026,282.28,289.14,282.28,284.95,1923600
CDRO,10-Sep-2026,9.08,9.31,9.08,9.31,25100
CDROW,10-Sep-2026,0.58,0.58,0.58,0.58,1100
CDT,10-Sep-2026,0.4125,0.4125,0.325,0.3448,44649700
CDTG,10-Sep-2026,1.26,1.45,1.26,1.3,445300
CDTTW,10-Sep-2026,0.0099,0.0099,0.0098,0.0098,200
CDW,10-Sep-2026,142.37,145.3,141,142.6,1129800
CDXS,10-Sep-2026,1.42,1.45,1.405,1.44,467300
CDZI,10-Sep-2026,3.98,4.0791,3.9,3.905,519300
CDZIP,10-Sep-2026,21.92,22.28,21.77,22,11500
CECO,10-Sep-2026,76.48,77.5137,74.84,75.39,500800
CEFA,10-Sep-2026,40.93,41.47,40.7643,40.7643,8200
CEG,10-Sep-2026,290.16,294.84,285.82,285.97,2353000
CELC,10-Sep-2026,88.37,89.475,84.82,85.49,1069400
CELH,10-Sep-2026,27.43,27.5499,26.59,26.63,9007500
CELU,10-Sep-2026,1.4,1.48,1.3848,1.435,158500
CELZ,10-Sep-2026,1.05,1.0557,0.9363,0.9502,320500
CENN,10-Sep-2026,4.24,4.29,4.03,4.19,15700
CENT,10-Sep-2026,39.46,39.95,39.46,39.66,70600
CENTA,10-Sep-2026,34.36,34.61,34.03,34.31,277300
CENX,10-Sep-2026,45.84,46.89,43.98,44.36,2294100
CEPF,10-Sep-2026,10.36,10.37,10.355,10.355,30700
CEPI,10-Sep-2026,31.39,31.52,31.17,31.2842,35100
CEPO,10-Sep-2026,10.76,10.76,10.75,10.76,73200
CEPS,10-Sep-2026,10.35,10.35,10.35,10.35,4079
CERS,10-Sep-2026,2.49,2.515,2.46,2.46,750800
CERT,10-Sep-2026,7.52,7.61,7.31,7.42,2255100
CETX,10-Sep-2026,2.59,2.59,2.4,2.4,26800
CETY,10-Sep-2026,1.03,1.095,1,1.02,27200
CEVA,10-Sep-2026,27.63,28.3949,27.28,27.96,409300
CFA,10-Sep-2026,98.56,98.56,97.93,97.9859,5100
CFBK,10-Sep-2026,35.32,35.64,35.25,35.45,26000
CFFI,10-Sep-2026,92.85,94.85,92.21,93.62,93300
CFFN,10-Sep-2026,8.73,8.81,8.665,8.8,593200
CFO,10-Sep-2026,79.68,79.86,79.432,79.432,5800
CG,10-Sep-2026,43.57,43.87,42.95,43.07,2756900
CGABL,10-Sep-2026,15.83,15.865,15.72,15.8249,17700
CGBD,10-Sep-2026,11.41,11.44,11.335,11.38,307000
CGC,10-Sep-2026,0.9488,0.9542,0.922,0.93,2990000
CGCF,10-Sep-2026,9.84,9.84,9.84,9.84,200
CGCFW,10-Sep-2026,0.3102,0.36,0.3102,0.36,16200
CGEM,10-Sep-2026,20.99,21.215,20.495,21,805600
CGEN,10-Sep-2026,2.48,2.51,2.44,2.46,206900
CGNT,10-Sep-2026,8,8.16,7.939,8.08,658100
CGNX,10-Sep-2026,61.125,61.81,60.715,61.69,1148900
CGO,10-Sep-2026,13.18,13.18,13.03,13.07,23200
CGON,10-Sep-2026,70.91,72.58,70,72,657900
CGPT,10-Sep-2026,18.2741,18.2741,18.2741,18.2741,100
CGTL,10-Sep-2026,4.09,4.225,3.87,4.03,83900
CGTX,10-Sep-2026,0.99,1.005,0.97,0.9797,300300
CHA,10-Sep-2026,12.3,12.45,12.09,12.35,1309000
CHAI,10-Sep-2026,0.2568,0.27,0.2549,0.2572,446700
CHAR,10-Sep-2026,10.99,10.99,10.97,10.97,2700
CHCI,10-Sep-2026,20.69,22.07,20.495,21.01,72800
CHCO,10-Sep-2026,143.87,144.495,142.85,143.65,71700
CHDN,10-Sep-2026,83.72,84.25,81.98,82.75,1076500
CHECW,10-Sep-2026,0.12,0.1201,0.12,0.1201,30000
CHEF,10-Sep-2026,109.72,110.58,108.045,109.77,434300
CHGA,10-Sep-2026,2.25,2.34,2.152,2.25,25700
CHGX,10-Sep-2026,32.75,32.86,32.6331,32.6331,13000
CHI,10-Sep-2026,12.42,12.4999,12.3537,12.37,73800
CHKP,10-Sep-2026,135.26,136.93,130,130.51,1073100
CHMG,10-Sep-2026,84.04,85.03,83.38,84.81,69300
CHNR,10-Sep-2026,3.8381,3.8381,3.8201,3.8201,1100
CHPS,10-Sep-2026,83.97,84.14,83.16,83.56,14600
CHPX,10-Sep-2026,95.05,95.05,93.7943,93.7943,13500
CHR,10-Sep-2026,1.77,1.782,1.64,1.67,19300
CHRD,10-Sep-2026,153.52,154,148.11,151.82,869600
CHRI,10-Sep-2026,90.17,90.17,89.9407,89.9407,300
CHRN,10-Sep-2026,18,18.6142,17.76,17.97,101700
CHRS,10-Sep-2026,1.33,1.36,1.3,1.34,1019500
CHRW,10-Sep-2026,150.65,152.84,150.205,152.42,1695300
CHSCL,10-Sep-2026,25.43,25.4599,25.36,25.38,13400
CHSCM,10-Sep-2026,24.389,24.53,24.351,24.4801,20700
CHSCN,10-Sep-2026,25.25,25.35,25.1645,25.18,13700
CHSCO,10-Sep-2026,25.928,25.928,25.73,25.89,16000
CHSCP,10-Sep-2026,26.66,26.7,26.5,26.55,21500
CHSN,10-Sep-2026,1.11,1.11,1.04,1.04,10400
CHTR,10-Sep-2026,133.98,141.26,133.49,140.56,3508100
CHTRP,10-Sep-2026,22.99,23.28,22.31,22.89,7200
CHW,10-Sep-2026,8.55,8.55,8.31,8.38,102900
CHY,10-Sep-2026,12.65,12.7242,12.51,12.565,100500
CHYM,10-Sep-2026,33.76,33.975,32.49,32.67,10638900
CIBR,10-Sep-2026,94,95.79,93.45,94.16,1284100
CIFG,10-Sep-2026,3.85,4.0551,3.485,3.85,1253800
CIFR,10-Sep-2026,16.05,16.46,15.28,15.94,47161400
CIGI,10-Sep-2026,94.72,95.34,90.5,91.19,292600
CIGL,10-Sep-2026,0.4138,0.4474,0.4112,0.4385,186300
CIIT,10-Sep-2026,2.8,2.895,2.78,2.78,19900
CINF,10-Sep-2026,170.56,171.52,168.54,169.59,382200
CING,10-Sep-2026,5.17,5.41,5.155,5.17,118000
CINGW,10-Sep-2026,0.0075,0.0081,0.0068,0.008,400
CIRC,10-Sep-2026,0.5839,0.5928,0.5503,0.573,297200
CISO,10-Sep-2026,0.237,0.2416,0.2211,0.2379,170500
CISS,10-Sep-2026,1.4,1.5399,1.36,1.45,272200
CIVB,10-Sep-2026,27.09,27.43,26.91,27.35,151300
CJMB,10-Sep-2026,2.25,2.3,2.07,2.26,107900
CLAR,10-Sep-2026,3.6,3.685,3.55,3.55,125000
CLBK,10-Sep-2026,11.45,11.58,11.35,11.54,3834000
CLBT,10-Sep-2026,11.25,11.46,11.065,11.325,2399500
CLDX,10-Sep-2026,38.78,38.86,37.75,38.1,949000
CLFD,10-Sep-2026,27.76,28.81,27.76,28.28,155400
CLGN,10-Sep-2026,3.39,3.58,3.37,3.54,127400
CLIK,10-Sep-2026,0.97,1.28,0.96,1.25,6669500
CLIR,10-Sep-2026,4.15,4.28,3.9,4.04,49800
CLLS,10-Sep-2026,3.09,3.26,3.07,3.12,41900
CLMB,10-Sep-2026,27.35,27.9,26.64,26.87,80000
CLMT,10-Sep-2026,56.14,56.985,55.3,56.44,1369300
CLNE,10-Sep-2026,1.65,1.7,1.58,1.59,2519600
CLNN,10-Sep-2026,3.67,3.931,3.605,3.65,113100
CLOA,10-Sep-2026,51.88,51.88,51.84,51.846,321900
CLOD,10-Sep-2026,33.92,33.9381,33.92,33.9381,1500
CLOU,10-Sep-2026,27.16,27.58,27.035,27.17,122200
CLOV,10-Sep-2026,4.48,4.77,4.46,4.71,6707100
CLPS,10-Sep-2026,1.05,1.07,1.03,1.07,15800
CLPT,10-Sep-2026,13.57,13.76,13.305,13.48,405200
CLRB,10-Sep-2026,2.35,2.4,2.35,2.37,18800
CLRO,10-Sep-2026,4.95,4.9825,4.86,4.87,8500
CLSK,10-Sep-2026,12.87,13.4899,12.58,12.8,13571800
CLSKW,10-Sep-2026,0.26,0.2699,0.257,0.258,5500
CLSM,10-Sep-2026,27.2,27.2,27.0646,27.0646,3600
CLST,10-Sep-2026,18.375,18.375,18.02,18.02,3300
CLWT,10-Sep-2026,1.6497,1.65,1.455,1.55,64000
CLYM,10-Sep-2026,14.83,15.07,14.16,14.95,1494600
CMBO,10-Sep-2026,103.52,103.52,103.52,103.52,100
CMCO,10-Sep-2026,17.2,17.39,16.91,17.22,333400
CMCSA,10-Sep-2026,24.6,25.339,24.51,25.17,23803000
CMCT,10-Sep-2026,2.9,2.9,2.66,2.74,7300
CME,10-Sep-2026,276.39,277.67,272.5725,274.07,1670300
CMMB,10-Sep-2026,2.665,2.6999,2.59,2.6,23800
CMND,10-Sep-2026,1,1.045,0.9803,0.9816,102800
CMPR,10-Sep-2026,84.96,85.7,83.55,84.07,126400
CMPS,10-Sep-2026,14.91,15.01,14,14.22,3322600
CMPX,10-Sep-2026,2.17,2.17,2.04,2.05,2541000
CMRC,10-Sep-2026,2.9,3.24,2.82,3.08,4390300
CMTL,10-Sep-2026,1.52,1.56,1.46,1.46,343100
CNCK,10-Sep-2026,2,2,1.94,1.95,10000
CNDT,10-Sep-2026,1.58,1.595,1.53,1.58,762100
CNEY,10-Sep-2026,0.54,0.6079,0.52,0.5415,206500
CNOB,10-Sep-2026,31.45,31.67,31.16,31.59,417000
CNOBP,10-Sep-2026,25.28,25.4,25.2762,25.3,4700
CNQQ,10-Sep-2026,22.17,22.17,22.1,22.1,2100
CNSP,10-Sep-2026,5.79,5.79,5.75,5.75,1500
CNSY,10-Sep-2026,2.47,2.64,2.36,2.39,102000
CNTB,10-Sep-2026,1.99,2.075,1.91,2.06,768500
CNTN,10-Sep-2026,2.17,2.19,2.12,2.15,507700
CNTX,10-Sep-2026,0.373,0.3732,0.3598,0.3664,740600
CNTY,10-Sep-2026,1.19,1.2,1.16,1.16,28600
CNVS,10-Sep-2026,2.25,2.29,2.21,2.23,115600
CNXC,10-Sep-2026,27.05,27.47,26.25,27,938600
CNXN,10-Sep-2026,82.58,83.335,82.09,82.59,85900
CNXU,10-Sep-2026,4.38,4.5,4.19,4.25,166800
COAG,10-Sep-2026,44.32,44.515,39.495,39.88,433500
COCH,10-Sep-2026,0.69,0.7199,0.69,0.71,17100
COCO,10-Sep-2026,50.83,52.21,50.62,51.1,1006400
COCP,10-Sep-2026,1.26,1.2756,1.22,1.23,53600
CODA,10-Sep-2026,9.94,10.0499,9.79,9.82,147200
CODX,10-Sep-2026,1.12,1.12,1.09,1.1,85800
COFS,10-Sep-2026,33.52,33.93,33.3027,33.93,79100
COGT,10-Sep-2026,33.5,34.19,33.07,34.08,2264600
COHU,10-Sep-2026,54.66,56.2313,53.7401,54.73,1118900
COIG,10-Sep-2026,4.98,5.14,4.94,5.0398,92200
COIN,10-Sep-2026,170.84,174.46,170.39,172.28,4848700
COKE,10-Sep-2026,189.57,191.04,187.23,188.8,379900
COLA,10-Sep-2026,9.25,9.4,8.02,8.3,104600
COLAR,10-Sep-2026,0.48,0.51,0.48,0.5052,14200
COLAU,10-Sep-2026,10.5,10.5,10.03,10.44,300
COLB,10-Sep-2026,29.75,30.13,29.44,30.04,3492600
COLL,10-Sep-2026,23.38,23.45,22.72,22.92,889000
COLM,10-Sep-2026,55.54,56.525,55.01,56.42,592700
COMT,10-Sep-2026,37.6,38.08,37.33,38.08,457500
CONI,10-Sep-2026,32.61,32.89,31.5601,32.1802,114600
CONL,10-Sep-2026,5.07,5.28,5.04,5.14,12842900
CONX,10-Sep-2026,6.14,6.405,6.14,6.2686,155200
COO,10-Sep-2026,51.88,55.43,51.01,54.17,18654400
COOL,10-Sep-2026,20.48,20.48,20.3199,20.325,1200
COOT,10-Sep-2026,0.4603,0.4708,0.45,0.4645,64100
COPJ,10-Sep-2026,46.38,46.665,44.86,45.01,103900
COPP,10-Sep-2026,43.23,43.32,42.39,42.8,164800
CORO,10-Sep-2026,36.88,36.92,36.63,36.65,668500
CORT,10-Sep-2026,114.42,116.99,113.2,114.92,683000
CORZ,10-Sep-2026,17.612,18.105,17.24,17.37,9105700
CORZW,10-Sep-2026,10.98,11.37,10.58,10.67,51100
CORZZ,10-Sep-2026,17.41,18.03,17.41,18.03,1200
COSM,10-Sep-2026,0.2568,0.26,0.25,0.2532,1239800
COST,10-Sep-2026,906.62,912.1,899,902.38,1926700
COTG,10-Sep-2026,11.63,11.73,11.425,11.5036,72500
COWG,10-Sep-2026,38.86,39.085,38.68,38.82,140800
COWS,10-Sep-2026,38.6636,38.6636,38.36,38.4065,11400
COYA,10-Sep-2026,4.61,4.62,4.455,4.52,93400
COYY,10-Sep-2026,15.79,15.85,15.7549,15.83,28800
CPAG,10-Sep-2026,100.63,100.63,100.4142,100.4142,5600
CPB,10-Sep-2026,21.88,21.895,20.8,20.94,9276300
CPBI,10-Sep-2026,21.12,21.15,21.07,21.07,2100
CPHC,10-Sep-2026,15.85,15.99,15.85,15.99,900
CPHY,10-Sep-2026,51.3974,51.3974,51.3974,51.3974,100
CPIX,10-Sep-2026,6.25,6.505,6.24,6.48,41200
CPLS,10-Sep-2026,34.1498,34.1498,34.0646,34.0782,9800
CPOP,10-Sep-2026,0.246,0.26,0.2345,0.2507,538800
CPRT,10-Sep-2026,31.91,32.26,30.54,30.75,15203700
CPSH,10-Sep-2026,3.74,3.99,3.74,3.94,122300
CPSS,10-Sep-2026,9.24,9.415,9.17,9.37,29200
CPTL,10-Sep-2026,47.95,48.16,47.935,47.9906,4100
CPZ,10-Sep-2026,13.11,13.145,12.9805,13.035,64400
CRAC,10-Sep-2026,10.2,10.2,10.19,10.2,10800
CRACR,10-Sep-2026,0.1399,0.14,0.1382,0.1382,5100
CRAI,10-Sep-2026,166.3,167.635,162.615,163.46,81100
CRAM,10-Sep-2026,25.22,25.42,24.97,25.03,10400
CRANU,10-Sep-2026,10.33,10.3378,10.33,10.3378,2200
CRAQ,10-Sep-2026,10.39,10.395,10.39,10.39,20100
CRAQR,10-Sep-2026,0.1788,0.1788,0.1504,0.1504,1700
CRBP,10-Sep-2026,8.75,8.79,8.21,8.24,646700
CRBU,10-Sep-2026,1.43,1.44,1.35,1.37,1261000
CRCG,10-Sep-2026,14.94,15.9793,14.8,15.05,1267900
CRCT,10-Sep-2026,5.4,5.545,5.35,5.46,700900
CRDF,10-Sep-2026,1.05,1.22,1.0301,1.21,750000
CRDL,10-Sep-2026,2.21,2.24,1.975,1.98,1775200
CRDO,10-Sep-2026,162.35,165.68,159.2,160.31,6901200
CRE,10-Sep-2026,2.88,2.94,2.82,2.85,25300
CRESY,10-Sep-2026,11.9,12.79,11.8,12.61,510600
CREX,10-Sep-2026,2.81,2.9,2.71,2.9,13900
CRGO,10-Sep-2026,1.17,1.23,1.17,1.2,39200
CRGOW,10-Sep-2026,0.0404,0.0404,0.04,0.0401,5700
CRIS,10-Sep-2026,1.21,1.2373,1.11,1.16,146600
CRMD,10-Sep-2026,8.11,8.12,7.92,7.96,857200
CRMG,10-Sep-2026,9.03,9.33,8.84,8.93,1867600
CRML,10-Sep-2026,6.81,7.025,6.71,6.72,4385200
CRMLW,10-Sep-2026,2.41,2.41,2.31,2.31,4800
CRMT,10-Sep-2026,1.46,1.69,1.37,1.59,1379800
CRMU,10-Sep-2026,2.05,2.16,1.989,1.9991,324900
CRNC,10-Sep-2026,8.11,8.26,8,8.14,413400
CRNT,10-Sep-2026,2.04,2.1,2.02,2.03,330700
CROB,10-Sep-2026,22.02,22.02,21.91,21.915,10700
CRON,10-Sep-2026,3.12,3.19,3.12,3.16,584700
CROX,10-Sep-2026,110.28,110.78,108.54,108.83,1044000
CRSP,10-Sep-2026,52.5,52.625,51.72,52.26,1262200
CRSR,10-Sep-2026,12.16,12.6,12.05,12.57,1029400
CRTO,10-Sep-2026,17.49,17.6,17.28,17.37,258200
CRUS,10-Sep-2026,109.6,116.57,108.77,116.48,1095400
CRVL,10-Sep-2026,66.78,68.09,66.1,67.69,215700
CRVO,10-Sep-2026,2.5,2.53,2.47,2.48,114800
CRVS,10-Sep-2026,13.06,13.135,12.82,12.94,1094700
CRWD,10-Sep-2026,205.74,214.68,204.27,208.86,7408200
CRWG,10-Sep-2026,19.94,20.94,19.38,19.58,1681700
CRWL,10-Sep-2026,65.97,71.0345,64.865,67.2726,82000
CRWS,10-Sep-2026,2.68,2.6962,2.65,2.69,54300
CRWV,10-Sep-2026,89.91,92.19,88.73,89.12,27867100
CRY,10-Sep-2026,17.32,17.32,17.2328,17.2328,7900
CSAI,10-Sep-2026,4.51,4.565,4.43,4.56,5100
CSB,10-Sep-2026,64.95,64.95,64.68,64.6868,6100
CSBR,10-Sep-2026,5.19,5.2691,5.05,5.0955,14500
CSCL,10-Sep-2026,51.5,51.715,49.91,50.0296,13400
CSCO,10-Sep-2026,108.74,109.89,107.36,107.44,11546200
CSCS,10-Sep-2026,14.11,14.26,14.05,14.2454,12000
CSEN,10-Sep-2026,26.1385,26.38,26.1385,26.2364,5500
CSGP,10-Sep-2026,29.64,30.135,28.7901,29.49,7239500
CSHR,10-Sep-2026,5.26,5.33,5.105,5.25,142300
CSIQ,10-Sep-2026,13.11,13.41,12.75,13.03,1639000
CSPI,10-Sep-2026,7.83,8.015,7.5701,7.75,18300
CSQ,10-Sep-2026,20.78,20.855,20.6,20.6,98200
CSTE,10-Sep-2026,3.1,3.2297,3.075,3.18,59200
CSTL,10-Sep-2026,31.97,32.7,31.44,32.32,237800
CSWC,10-Sep-2026,24.18,24.18,23.96,24.1,347600
CSX,10-Sep-2026,48.36,49.5,48.145,49.04,10386700
CTAAR,10-Sep-2026,0.2199,0.2199,0.2199,0.2199,200
CTAS,10-Sep-2026,200.5,200.995,197.6,198.44,2122500
CTBI,10-Sep-2026,76.42,77.44,75.97,77.37,72700
CTEC,10-Sep-2026,57.92,57.92,57.7984,57.7984,1500
CTKB,10-Sep-2026,4.69,4.7,4.51,4.53,2417000
CTMX,10-Sep-2026,3.5,3.52,3.335,3.35,2058600
CTNM,10-Sep-2026,14.97,15.22,14.61,14.66,203200
CTNT,10-Sep-2026,1.09,1.1898,1.025,1.14,1316600
CTOR,10-Sep-2026,0.92,0.94,0.8684,0.91,49400
CTRM,10-Sep-2026,2.49,2.59,2.3001,2.41,90300
CTRN,10-Sep-2026,65.52,67.025,63.77,63.96,93600
CTSH,10-Sep-2026,58.66,59.02,57.89,58.32,3867200
CTSO,10-Sep-2026,6.37,6.74,6.25,6.37,14300
CTW,10-Sep-2026,2.46,2.52,2.3,2.32,26100
CTXR,10-Sep-2026,0.6,0.6099,0.5805,0.5853,164900
CUB,10-Sep-2026,10.87,10.88,10.86,10.86,169100
CUBWW,10-Sep-2026,0.24,0.24,0.24,0.24,700
CUE,10-Sep-2026,30.2,30.905,27.5,28,143100
CUPR,10-Sep-2026,2.99,3.4,2.9006,3,8600
CURI,10-Sep-2026,2.6,2.71,2.59,2.71,617300
CURR,10-Sep-2026,3.66,3.8,3.53,3.58,79400
CURX,10-Sep-2026,4.16,4.6252,3.77,4.31,24100
CUVL,10-Sep-2026,5.92,6.08,5.8,5.88,36100
CV,10-Sep-2026,6.29,6.7,6.29,6.52,163600
CVBF,10-Sep-2026,22.06,22.41,21.93,22.39,1355200
CVCO,10-Sep-2026,525.78,529.95,515.68,523.35,63700
CVGI,10-Sep-2026,3.01,3.11,3.0021,3.09,186400
CVKD,10-Sep-2026,1.17,1.2,1.14,1.18,119800
CVLT,10-Sep-2026,131.71,133.74,130.625,131.55,431900
CVRX,10-Sep-2026,2.83,2.86,2.7,2.86,373400
CVV,10-Sep-2026,6.39,6.5546,6.16,6.27,144600
CWBC,10-Sep-2026,25.93,26.29,25.665,26.29,148800
CWCO,10-Sep-2026,28.34,28.48,28,28.04,58300
CWD,10-Sep-2026,0.5089,0.522,0.5,0.5172,50300
CWST,10-Sep-2026,91.26,92.34,89.11,89.94,517300
CWY,10-Sep-2026,15.88,15.91,15.805,15.805,4500
CXAI,10-Sep-2026,3,3.075,2.89,2.95,127700
CXAIW,10-Sep-2026,0.0324,0.0344,0.0324,0.0344,1100
CXDO,10-Sep-2026,5.76,5.8,5.62,5.71,209500
CXIIW,10-Sep-2026,2.09,2.09,1.9,2.05,3000
CXSE,10-Sep-2026,36.13,36.21,36.06,36.06,4900
CYAB,10-Sep-2026,0.33,0.34,0.31,0.3267,150600
CYCU,10-Sep-2026,3.39,3.61,3.25,3.5,125600
CYCUW,10-Sep-2026,0.024,0.024,0.024,0.024,4300
CYN,10-Sep-2026,0.856,0.856,0.8001,0.8057,168400
CYPH,10-Sep-2026,2.29,2.525,2.175,2.2,16576700
CYRX,10-Sep-2026,14.83,15.36,14.59,15.27,470600
CYTK,10-Sep-2026,73.23,75.1,73.13,73.62,1444800
CZFS,10-Sep-2026,82.82,83.2,81,83.12,34600
CZNC,10-Sep-2026,25.61,25.93,25.175,25.93,79400
CZR,10-Sep-2026,29.67,29.68,29.645,29.65,2704900
CZWI,10-Sep-2026,21.93,22.215,21.56,22.05,67200
DAAQ,10-Sep-2026,10.435,10.435,10.435,10.435,400
DAAQU,10-Sep-2026,11.76,11.76,11.76,11.76,100
DAAQW,10-Sep-2026,0.186,0.186,0.186,0.186,100
DADS,10-Sep-2026,20.07,20.07,19.9733,19.9733,1200
DAIC,10-Sep-2026,2.8,2.89,2.65,2.78,355700
DAICW,10-Sep-2026,0.0055,0.007,0.0055,0.0062,54000
DAIO,10-Sep-2026,2.79,2.845,2.71,2.71,10200
DAK,10-Sep-2026,29.48,29.4922,29.48,29.4922,3400
DAKT,10-Sep-2026,19,19.17,18.78,18.95,711700
DALI,10-Sep-2026,29.26,29.46,29.18,29.2656,1800
DAPP,10-Sep-2026,19.61,19.93,19.36,19.51,3432300
DARE,10-Sep-2026,0.7,0.7247,0.7,0.7051,103400
DASH,10-Sep-2026,194,202.54,191.745,201.03,3364600
DAVE,10-Sep-2026,358.48,363.765,353.31,358.36,191200
DAVEW,10-Sep-2026,1.61,1.625,1.5,1.62,25000
DAX,10-Sep-2026,45.63,45.8,45.38,45.46,36700
DBCA,10-Sep-2026,10.02,10.025,10.02,10.02,27600
DBCAW,10-Sep-2026,0.36,0.3699,0.36,0.3699,42200
DBGI,10-Sep-2026,3.76,7.48,3.76,6.79,28316400
DBVT,10-Sep-2026,13.51,13.51,12.93,12.97,125300
DBX,10-Sep-2026,34.58,35.3,34.15,35.05,5520000
DCBO,10-Sep-2026,23.51,23.54,23.26,23.42,32900
DCGO,10-Sep-2026,0.37,0.37,0.3479,0.3652,751800
DCOY,10-Sep-2026,2.71,2.83,2.7,2.73,19400
DCTH,10-Sep-2026,16.12,16.12,15.68,15.8,303500
DCX,10-Sep-2026,0.5703,0.59,0.5237,0.5482,14200
DDI,10-Sep-2026,12.69,12.88,12.64,12.85,237100
DDIV,10-Sep-2026,45.6,45.695,45.47,45.4872,4400
DDOG,10-Sep-2026,221.34,227.58,219.31,221.72,2519800
DECO,10-Sep-2026,72.935,73.161,72.3575,72.3575,600
DEFT,10-Sep-2026,0.583,0.6133,0.55,0.5555,3590400
DEMZ,10-Sep-2026,47.06,47.06,46.8548,46.8548,900
DERM,10-Sep-2026,7.38,7.7,7.05,7.09,265100
DFDV,10-Sep-2026,5.22,5.355,5.1,5.17,1880500
DFDVW,10-Sep-2026,0.89,0.9,0.85,0.8501,11000
DFGP,10-Sep-2026,52.74,52.75,52.55,52.6047,430800
DFGX,10-Sep-2026,51.45,51.455,51.28,51.295,270100
DFLI,10-Sep-2026,1.05,1.0892,1.02,1.03,238900
DFLIW,10-Sep-2026,0.0287,0.0287,0.0284,0.0284,1200
DFNS,10-Sep-2026,10.18,10.9,9.3,9.84,1871200
DFNSW,10-Sep-2026,0.0717,0.0717,0.0552,0.0639,128600
DFSC,10-Sep-2026,1.51,1.57,1.31,1.44,809100
DFTX,10-Sep-2026,37.65,38.1899,37.1701,37.73,1404400
DGCB,10-Sep-2026,52.63,52.63,52.44,52.4607,106200
DGICA,10-Sep-2026,19.09,19.27,19.03,19.26,84400
DGICB,10-Sep-2026,25.1,27.61,24.5,25.57,3700
DGII,10-Sep-2026,68.17,70.03,67.7011,68.77,223200
DGLO,10-Sep-2026,23.455,23.455,23.455,23.455,100
DGNX,10-Sep-2026,1.54,1.6,1.38,1.48,338400
DGRE,10-Sep-2026,41.19,41.243,41,41.0084,4700
DGRS,10-Sep-2026,58.4,58.4,57.885,58.0776,15000
DGRW,10-Sep-2026,98.15,98.31,97.8801,97.98,318500
DGXX,10-Sep-2026,3.66,3.8,3.61,3.7,1334100
DH,10-Sep-2026,1.04,1.05,1.025,1.03,800600
DHC,10-Sep-2026,7.49,7.6,7.47,7.54,2225700
DHCNI,10-Sep-2026,17.86,17.8799,17.165,17.7,15100
DHCNL,10-Sep-2026,18.52,18.63,18.48,18.54,21200
DIBS,10-Sep-2026,4.5,4.5,4.27,4.3,50600
DICE,10-Sep-2026,25.29,25.29,24.84,24.93,1909
DIME,10-Sep-2026,9.08,9.16,8.96,9.0506,2700
DINE,10-Sep-2026,25,25,25,25,100
DIOD,10-Sep-2026,87.3,92.55,87.1,91.66,442000
DIVD,10-Sep-2026,44.1,44.1,44.02,44.0542,2900
DJCO,10-Sep-2026,628.99,654.3,626.45,647.7,60300
DJT,10-Sep-2026,8.54,9.02,8.48,8.78,2785800
DJTWW,10-Sep-2026,4.79,4.94,4.5601,4.89,22700
DKI,10-Sep-2026,2.71,2.71,2.3785,2.47,76700
DKNG,10-Sep-2026,23.68,23.988,23.41,23.71,8234100
DLCU,10-Sep-2026,49.2,49.2,49.1158,49.1158,900
DLHC,10-Sep-2026,3.82,4.04,3.785,4.01,6900
DLLL,10-Sep-2026,31.91,32.69,29.78,29.79,1372800
DLO,10-Sep-2026,14.52,15.095,14.3704,14.92,1513200
DLPN,10-Sep-2026,1.13,1.155,1.1,1.11,5700
DLTH,10-Sep-2026,4.54,4.68,4.405,4.62,64200
DLTR,10-Sep-2026,118.32,120.355,117.8,118.66,2515000
DLXY,10-Sep-2026,0.45,0.5,0.4,0.4177,263600
DMAA,10-Sep-2026,10.8,10.8,10.79,10.8,34800
DMAAR,10-Sep-2026,0.1187,0.1274,0.1137,0.1274,800
DMAC,10-Sep-2026,6.57,6.665,6.3,6.47,182400
DMII,10-Sep-2026,10.18,10.18,10.16,10.17,26700
DMIIR,10-Sep-2026,0.0721,0.0721,0.0699,0.0699,14300
DMLP,10-Sep-2026,29.74,29.74,29.349,29.65,46100
DMRA,10-Sep-2026,25.87,27.775,25.63,26.84,639700
DMRC,10-Sep-2026,5,5.235,4.86,4.97,234200
DMXF,10-Sep-2026,85.47,85.66,84.9751,85.1205,19600
DNLI,10-Sep-2026,21.24,21.58,21.09,21.4,938500
DNMX,10-Sep-2026,10.07,10.07,10.07,10.07,100
DNMXW,10-Sep-2026,0.231,0.2799,0.1555,0.2098,24000
DNTH,10-Sep-2026,105.88,107.64,101.6,103.28,535900
DNUT,10-Sep-2026,3.22,3.235,3.17,3.2,1798400
DOCU,10-Sep-2026,64.6,65.84,63.82,65.8,2744700
DOGZ,10-Sep-2026,0.94,0.945,0.9234,0.9301,6500
DOMH,10-Sep-2026,1.93,2.11,1.93,2.01,250800
DOMO,10-Sep-2026,3.76,3.83,3.745,3.78,971400
DOO,10-Sep-2026,60.52,61.33,59.74,60.66,409400
DORM,10-Sep-2026,126.36,127.31,125.155,126.63,146900
DOX,10-Sep-2026,60.05,60.69,59.5275,60.26,1029300
DOYU,10-Sep-2026,4.5,4.62,4.5,4.54,33000
DPRO,10-Sep-2026,5.57,5.74,5.455,5.47,1185400
DPU,10-Sep-2026,1.99,2.16,1.89,1.98,142900
DPZ,10-Sep-2026,320.22,323.11,316.44,317.3,556500
DRCT,10-Sep-2026,1.75,1.85,1.75,1.77,10500
DRDB,10-Sep-2026,10.66,10.67,10.66,10.67,10600
DRDBW,10-Sep-2026,0.17,0.17,0.17,0.17,30800
DRIO,10-Sep-2026,6.77,6.8,6.53,6.58,19400
DRIV,10-Sep-2026,33.94,34.1476,33.7689,33.8631,39500
DRMA,10-Sep-2026,1.21,1.225,1.18,1.2,16400
DRNZ,10-Sep-2026,20.58,21.1099,20.43,20.47,121700
DRS,10-Sep-2026,36.27,36.61,35.975,36.31,694800
DRTS,10-Sep-2026,14.04,14.81,13.8,14.44,457100
DRTSW,10-Sep-2026,3.81,4.19,3.67,4,45800
DRUG,10-Sep-2026,63.98,66,63.19,65,86700
DRVN,10-Sep-2026,12.25,12.41,11.96,12.3,2744000
DSACW,10-Sep-2026,0.6714,0.8201,0.67,0.8,4300
DSC,10-Sep-2026,7.83,8.1,7.55,8.055,17000
DSGN,10-Sep-2026,14.81,15,14.508,14.8,652900
DSGR,10-Sep-2026,34.75,34.77,34.7,34.75,163200
DSGX,10-Sep-2026,73.01,74.89,70.55,71.32,1016300
DSP,10-Sep-2026,12.65,13.07,12.3101,12.74,170800
DSWL,10-Sep-2026,3.1,3.1,3.1,3.1,1100
DSY,10-Sep-2026,3.74,4,3.73,3.81,16400
DTCR,10-Sep-2026,28.21,28.22,27.69,27.71,568400
DTCX,10-Sep-2026,1.99,2.145,1.99,2.01,411600
DTI,10-Sep-2026,2.63,2.63,2.52,2.6,163400
DTIL,10-Sep-2026,7.16,7.27,7.035,7.24,143400
DTSQ,10-Sep-2026,11.36,11.36,11.36,11.36,200
DTSS,10-Sep-2026,0.6601,0.7299,0.6601,0.685,8700
DTST,10-Sep-2026,3.095,3.095,2.95,2.9895,11000
DUKH,10-Sep-2026,23.57,23.57,23.5253,23.5253,1000
DUKRW,10-Sep-2026,1.3,1.325,1.3,1.325,2500
DUKX,10-Sep-2026,28.81,28.875,28.7607,28.7607,800
DUO,10-Sep-2026,0.52,0.5226,0.5,0.5177,78900
DUOG,10-Sep-2026,50.8,55.1447,50.8,55.1447,4100
DUOL,10-Sep-2026,138.75,145.7,137.3038,145.16,1116100
DUOT,10-Sep-2026,8.52,8.7145,8.09,8.1,1084600
DUSG,10-Sep-2026,50.7,50.7,50.4246,50.4246,400
DVAL,10-Sep-2026,16.3432,16.3432,16.3432,16.3432,200
DVGR,10-Sep-2026,26.2413,26.2413,26.2413,26.2413,100
DVLT,10-Sep-2026,0.2008,0.2125,0.195,0.2028,26414700
DVLU,10-Sep-2026,40.365,40.42,40.281,40.2839,2700
DVOL,10-Sep-2026,35.9735,36.06,35.795,35.8583,4200
DVQQ,10-Sep-2026,30.99,31.14,30.8756,30.8756,4300
DVSP,10-Sep-2026,29.14,29.14,29.0465,29.0465,200
DVY,10-Sep-2026,162.39,162.465,161.6501,161.72,160600
DWAS,10-Sep-2026,108.88,109.835,108.61,108.6703,5400
DWAW,10-Sep-2026,49.97,49.97,49.9409,49.9409,4100
DWSH,10-Sep-2026,5.7,5.73,5.68,5.73,14800
DWSN,10-Sep-2026,3.39,3.52,3.32,3.375,26200
DWTX,10-Sep-2026,1.94,1.95,1.83,1.88,40600
DWUS,10-Sep-2026,58.645,58.69,58.49,58.5397,2100
DXCM,10-Sep-2026,83.27,84.815,82.29,84.51,3540900
DXLG,10-Sep-2026,0.602,0.65,0.602,0.65,37700
DXPE,10-Sep-2026,184.63,185.735,181.95,183.135,68000
DXR,10-Sep-2026,11.09,11.24,10.43,10.84,71300
DXST,10-Sep-2026,2.6,2.66,2.54,2.54,18400
DYAI,10-Sep-2026,0.51,0.51,0.4821,0.4898,89900
DYFI,10-Sep-2026,22.5,22.52,22.47,22.487,7000
DYN,10-Sep-2026,19.025,19.025,17.93,18.42,4709900
DYNB,10-Sep-2026,38.44,38.44,38.3544,38.3544,2800
DYNC,10-Sep-2026,10.91,10.92,10.9,10.9,14500
DYNCW,10-Sep-2026,0.11,0.15,0.1,0.1136,12800
DYORW,10-Sep-2026,0.2002,0.2002,0.2,0.2,10000
DYTA,10-Sep-2026,31.49,31.54,31.42,31.4598,5200
EART,10-Sep-2026,30,30.06,29.69,29.7191,13400
EASY,10-Sep-2026,26.6999,26.7,26.6184,26.6184,3700
EBAY,10-Sep-2026,103.51,106,102.935,105.03,3565400
EBC,10-Sep-2026,21.63,21.69,21.36,21.665,2525500
EBI,10-Sep-2026,66.61,67.02,66.61,66.7077,28400
EBIZ,10-Sep-2026,27.99,28.2599,27.94,28.06,700
EBMT,10-Sep-2026,22.5,22.705,22.3,22.49,21300
EBON,10-Sep-2026,2.2,2.2,2.15,2.16,4400
ECBK,10-Sep-2026,20.34,20.82,20.27,20.82,6800
ECHO,10-Sep-2026,89.95,93.41,89.13,91.85,2705500
ECHX,10-Sep-2026,8.09,8.64,8.09,8.4174,12700
ECOR,10-Sep-2026,8.7,9.4,8.7,9.19,85400
ECOW,10-Sep-2026,27.26,27.3599,27.2501,27.2775,13000
ECPG,10-Sep-2026,97,98.385,95.46,97.94,302100
ECX,10-Sep-2026,1.05,1.07,1.03,1.06,434700
EDBL,10-Sep-2026,1.39,1.44,1.3801,1.43,49100
EDBLW,10-Sep-2026,0.0575,0.0575,0.045,0.0574,900
EDHL,10-Sep-2026,3.85,4.23,3.815,4.12,502500
EDIT,10-Sep-2026,2.77,2.77,2.62,2.65,2548600
EDRY,10-Sep-2026,61.08,66.5,59.9395,63.89,147000
EDSA,10-Sep-2026,4.8,4.9,4.6382,4.66,40200
EDTK,10-Sep-2026,0.9499,0.9499,0.92,0.92,900
EDUC,10-Sep-2026,1.31,1.3101,1.3,1.31,28200
EEE,10-Sep-2026,22.3918,22.3918,22.3918,22.3918,100
EEFT,10-Sep-2026,70.29,71.6729,69.71,70.73,514500
EEIQ,10-Sep-2026,3.31,3.31,3.2,3.275,9600
EEMA,10-Sep-2026,116.67,116.74,115.71,115.74,103200
EFAS,10-Sep-2026,23.05,23.05,22.76,22.8267,16400
EFOI,10-Sep-2026,2.79,2.92,2.7883,2.84,8800
EFRA,10-Sep-2026,34.8,34.8,34.6188,34.6188,200
EFSC,10-Sep-2026,63.34,63.96,62.84,63.92,180900
EFSCP,10-Sep-2026,17.97,17.97,17.74,17.74,1600
EFSI,10-Sep-2026,45.61,47.07,45.1,45.66,53300
EGAN,10-Sep-2026,5.06,5.325,5.02,5.14,599800
EGBN,10-Sep-2026,27.31,27.76,27.115,27.73,301600
EGGQ,10-Sep-2026,53.33,53.545,52.5194,52.5194,1200
EGHA,10-Sep-2026,10.39,10.392,10.39,10.392,1400
EGHAR,10-Sep-2026,0.32,0.32,0.31,0.31,2400
EGHT,10-Sep-2026,1.8,1.89,1.75,1.82,2088500
EH,10-Sep-2026,4.5,4.579,4.41,4.43,531600
EHGO,10-Sep-2026,1.06,1.07,0.9924,1.07,5110100
EHLD,10-Sep-2026,12.81,15.73,12.81,15.7,75800
EHLS,10-Sep-2026,25.63,25.63,25.5301,25.5515,300
EHTH,10-Sep-2026,0.92,0.9495,0.9121,0.9217,248000
EIKN,10-Sep-2026,10.65,10.68,9.17,9.21,665000
EJH,10-Sep-2026,1.2,1.215,1.1498,1.15,6600
EKG,10-Sep-2026,21.36,21.36,21.1728,21.1728,400
ELAB,10-Sep-2026,4.62,4.8,4.531,4.6,17800
ELBM,10-Sep-2026,0.58,0.59,0.53,0.5399,479600
ELDN,10-Sep-2026,2.78,2.805,2.75,2.78,748100
ELE,10-Sep-2026,20.55,20.96,20.2401,20.93,207500
ELFY,10-Sep-2026,40.36,40.44,39.96,40.0057,16800
ELIL,10-Sep-2026,26.7,26.7,26.24,26.24,29200
ELMT,10-Sep-2026,16.18,16.8,15.83,15.92,223100
ELOG,10-Sep-2026,0.6066,0.6351,0.4484,0.6116,11227700
ELOL,10-Sep-2026,23.93,24.065,23.285,23.32,6400
ELOX,10-Sep-2026,16.5,17.15,15.745,16.28,28600
ELPW,10-Sep-2026,2.755,2.99,2.75,2.83,55000
ELTK,10-Sep-2026,7.6507,8.1,7.6507,8.1,3800
ELTX,10-Sep-2026,2.17,2.2,2.07,2.11,343200
ELUT,10-Sep-2026,0.7893,0.8899,0.7852,0.8002,30700
ELVA,10-Sep-2026,6.62,6.8,6.575,6.59,238300
ELVN,10-Sep-2026,57.15,57.82,56.05,56.23,769600
ELVR,10-Sep-2026,54.91,55,53.1,53.44,51100
ELWT,10-Sep-2026,7.04,7.37,7.0001,7.1817,15000
EMAT,10-Sep-2026,3.15,3.3201,2.95,3.08,1937700
EMB,10-Sep-2026,93.65,93.75,93.4,93.41,10108000
EMBC,10-Sep-2026,5.05,5.065,4.87,4.89,1375200
EMCB,10-Sep-2026,65.51,65.58,65.43,65.43,2000
EMEQ,10-Sep-2026,66.21,66.2592,65.57,65.66,420300
EMIF,10-Sep-2026,26.6,26.725,26.6,26.6639,300
EML,10-Sep-2026,25.64,26.25,24.44,25.64,14400
EMPD,10-Sep-2026,2.94,3.07,2.94,3.02,169200
EMSC,10-Sep-2026,25.68,25.97,25.5801,25.615,4300
EMXC,10-Sep-2026,99.76,100.02,99.145,99.22,1825800
EMXF,10-Sep-2026,57.14,57.65,57.14,57.3639,3800
ENDW,10-Sep-2026,35.33,35.33,35.05,35.13,73700
ENGN,10-Sep-2026,1.85,1.85,1.76,1.77,565300
ENGS,10-Sep-2026,2.85,2.92,2.8,2.9,3290200
ENHI,10-Sep-2026,27.11,27.125,27.11,27.125,100
ENHU,10-Sep-2026,28.272,28.272,28.272,28.272,100
ENLT,10-Sep-2026,74.14,74.74,73.46,73.97,126800
ENLV,10-Sep-2026,1.03,1.06,0.9798,0.9807,281500
ENPH,10-Sep-2026,35.73,38.2699,34.65,36.86,4767900
ENRD,10-Sep-2026,4.25,4.35,3.9001,4,175600
ENRDW,10-Sep-2026,0.335,0.337,0.32,0.32,23100
ENSC,10-Sep-2026,0.477,0.5257,0.44,0.5159,940300
ENSG,10-Sep-2026,172.02,175,171.0063,172.79,379200
ENTA,10-Sep-2026,13.09,13.21,12.44,12.7,312700
ENTG,10-Sep-2026,137.64,139.55,136.0801,137.4,2232700
ENTX,10-Sep-2026,2.82,2.85,2.72,2.79,437600
ENVB,10-Sep-2026,1.45,1.46,1.42,1.46,11400
ENVX,10-Sep-2026,3.12,3.22,3.07,3.14,5309000
ENZL,10-Sep-2026,46.17,46.33,45.96,46.01,39500
EOCN,10-Sep-2026,4.28,4.88,3.89,4.03,192000
EOLS,10-Sep-2026,8.43,8.4499,7.75,7.91,1211800
EOSE,10-Sep-2026,3.96,4.13,3.91,3.99,21963200
EOSEW,10-Sep-2026,3.65,3.99,3.64,3.99,3800
EPOW,10-Sep-2026,0.3453,0.349,0.3247,0.3293,318000
EPRX,10-Sep-2026,7.95,8.3,7.8402,8.02,260900
EPSM,10-Sep-2026,1.33,1.37,1.3,1.37,18900
EPSN,10-Sep-2026,6.27,6.35,6.21,6.31,171000
EQ,10-Sep-2026,2.54,2.69,2.41,2.42,397600
EQIX,10-Sep-2026,1046.21,1049.65,1022.995,1023.81,467000
EQPT,10-Sep-2026,18.42,18.635,17.565,17.62,2481100
EQQQ,10-Sep-2026,39.1369,39.1369,39.1369,39.1369,200
EQRR,10-Sep-2026,86.52,86.52,85.92,85.92,2400
ERAS,10-Sep-2026,15.37,17.25,15.37,16.03,8250000
ERET,10-Sep-2026,28.31,28.31,28.07,28.07,1700
ERIC,10-Sep-2026,9.93,10.0599,9.905,10.01,5540900
ERIE,10-Sep-2026,243.99,246.58,239.995,240.4,164800
ERII,10-Sep-2026,7.35,7.415,7.25,7.27,810700
ERNA,10-Sep-2026,3.92,4.05,3.9,4.02,11300
ERNAW,10-Sep-2026,0.064,0.064,0.0408,0.0422,13500
ESCA,10-Sep-2026,20.12,20.12,19.65,19.71,27800
ESEA,10-Sep-2026,72.88,74.08,72.88,73.65,33000
ESGD,10-Sep-2026,105.1,105.37,104.5676,104.76,271200
ESGE,10-Sep-2026,54.44,54.54,54.145,54.21,568300
ESGU,10-Sep-2026,166.03,166.36,165.63,165.83,393100
ESLA,10-Sep-2026,0.62,0.74,0.62,0.673,82700
ESLT,10-Sep-2026,725,733.15,723.5,723.91,76100
ESMV,10-Sep-2026,31.0323,31.0323,31.0323,31.0323,100
ESN,10-Sep-2026,20.56,20.56,20.4552,20.4563,26800
ESOA,10-Sep-2026,11.62,11.83,11.36,11.39,78200
ESPO,10-Sep-2026,95.13,95.61,94.695,95.22,13200
ESQ,10-Sep-2026,117.64,119.25,116.66,119.13,132500
ESTA,10-Sep-2026,73.7,74.39,71.125,71.39,267700
ETEC,10-Sep-2026,25,25.0266,25,25.0266,300
ETHA,10-Sep-2026,18.24,18.669,18.21,18.56,33084900
ETHB,10-Sep-2026,31.1,31.82,31.071,31.68,534800
ETON,10-Sep-2026,58.78,59.5518,57.6107,57.88,281600
ETOR,10-Sep-2026,30.14,30.73,29.965,30.02,1096900
ETS,10-Sep-2026,1.31,1.44,1.25,1.39,415900
EU,10-Sep-2026,1.22,1.22,1.15,1.15,2309900
EUDA,10-Sep-2026,13.52,13.65,12.055,13.12,44300
EUDAW,10-Sep-2026,0.0353,0.0353,0.0353,0.0353,500
EUFN,10-Sep-2026,42.01,42.1355,41.75,41.81,4322700
EURK,10-Sep-2026,11.55,11.69,11.3,11.66,44800
EVAX,10-Sep-2026,3.29,3.29,3.05,3.1,87100
EVCM,10-Sep-2026,6.72,6.9,6.46,6.53,134700
EVER,10-Sep-2026,23.55,23.95,23.04,23.49,710300
EVGN,10-Sep-2026,0.5,0.5095,0.48,0.4806,41700
EVGO,10-Sep-2026,1.32,1.36,1.3,1.33,3135300
EVLV,10-Sep-2026,5,5.06,4.918,4.97,1831300
EVMT,10-Sep-2026,17.73,17.75,17.68,17.68,1000
EVO,10-Sep-2026,1.77,1.77,1.7383,1.77,23900
EVOX,10-Sep-2026,10.12,10.12,10.12,10.12,45200
EVOXW,10-Sep-2026,0.36,0.36,0.36,0.36,200
EVPF,10-Sep-2026,49.24,49.24,49.055,49.055,4600
EVRG,10-Sep-2026,81.57,81.99,80.94,81.36,3012900
EVSD,10-Sep-2026,50.44,50.46,50.41,50.415,160100
EVYM,10-Sep-2026,48.55,48.63,47.97,48.2819,20200
EWAV,10-Sep-2026,9.88,9.885,9.88,9.88,21000
EWAVR,10-Sep-2026,0.17,0.17,0.16,0.1699,21500
EWAVU,10-Sep-2026,10.03,10.08,9.975,10.02,30400
EWBC,10-Sep-2026,128.49,129.39,127,129.37,603600
EWJV,10-Sep-2026,48.92,49.18,48.7,48.7892,174300
EWTX,10-Sep-2026,42.82,43.5,42.35,42.9,788500
EWZS,10-Sep-2026,13.27,13.67,13.17,13.57,504000
EXC,10-Sep-2026,43.73,43.975,43.32,43.39,12461700
EXE,10-Sep-2026,97.65,97.71,94.7978,96.87,2254600
EXEL,10-Sep-2026,58.33,58.33,57.23,57.43,1789500
EXFY,10-Sep-2026,2.25,2.3,2.22,2.22,346800
EXLS,10-Sep-2026,34.94,35.24,34.57,34.62,1715900
EXOZ,10-Sep-2026,6.25,6.535,6,6.17,8300
EXPE,10-Sep-2026,269.6,283.72,267.82,276.88,1802000
EXPO,10-Sep-2026,67.48,68.29,67.0301,67.33,323100
EXTR,10-Sep-2026,21.1,21.595,21.06,21.18,1188600
EXUS,10-Sep-2026,28.659,28.8,28.4351,28.4351,2100
EXYN,10-Sep-2026,2.64,2.73,2.52,2.68,86800
EXYNW,10-Sep-2026,0.42,0.42,0.32,0.34,10800
EYE,10-Sep-2026,17.07,17.66,16.93,17.13,2412300
EYEG,10-Sep-2026,34.0091,34.0091,34.0091,34.0091,100
EYPT,10-Sep-2026,4.32,4.4,4.1,4.25,4317000
EZGO,10-Sep-2026,0.8833,0.8847,0.8303,0.8847,25300
EZMO,10-Sep-2026,26.355,26.3801,26.3,26.3188,2700
EZPW,10-Sep-2026,33,33.1,32.35,32.47,599000
EZRA,10-Sep-2026,2.79,2.845,2.69,2.72,19900
EZRO,10-Sep-2026,24.61,24.62,24.47,24.4803,66600
FA,10-Sep-2026,20.81,20.875,20.37,20.42,1328100
FAAA,10-Sep-2026,50.3,50.37,50.29,50.325,54200
FAAR,10-Sep-2026,31.92,32.21,31.9096,32.145,34500
FAB,10-Sep-2026,104.97,104.97,104.37,104.45,5100
FABC,10-Sep-2026,2.475,2.5,2.3586,2.36,147100
FAC,10-Sep-2026,5.3,5.36,5.07,5.26,229300
FACT,10-Sep-2026,10.715,10.715,10.71,10.71,26300
FACTW,10-Sep-2026,0.1754,0.1754,0.1754,0.1754,1100
FAD,10-Sep-2026,181.42,182.23,180.265,180.3101,9100
FALN,10-Sep-2026,26.63,26.64,26.51,26.52,882900
FAMI,10-Sep-2026,0.12,0.14,0.12,0.1301,14915400
FANG,10-Sep-2026,207.33,207.57,200.98,205.39,1972000
FAST,10-Sep-2026,48.32,49.135,48.06,49.01,7282700
FATE,10-Sep-2026,2.42,2.45,2.28,2.33,751100
FATN,10-Sep-2026,5.65,6.15,5.5343,5.585,53500
FBDT,10-Sep-2026,0.7275,0.7599,0.65,0.6587,506100
FBGL,10-Sep-2026,0.3892,0.4499,0.3764,0.4088,10600
FBIO,10-Sep-2026,2.6,2.625,2.53,2.57,315500
FBIOP,10-Sep-2026,18.545,18.59,18.5,18.575,8800
FBIZ,10-Sep-2026,71.55,72.27,70.98,72.27,33400
FBL,10-Sep-2026,26.37,27.24,25.52,25.68,1268300
FBLA,10-Sep-2026,15.88,16,15.72,15.99,81600
FBLG,10-Sep-2026,1.73,1.7963,1.6713,1.73,83700
FBNC,10-Sep-2026,63.97,64.76,63.4575,64.68,154000
FBOT,10-Sep-2026,38,38.16,37.86,37.925,6400
FBYD,10-Sep-2026,7.26,7.41,6.2,6.64,212800
FBYY,10-Sep-2026,10.73,10.73,10.72,10.73,300
FCA,10-Sep-2026,27.49,27.49,27.3,27.3,400
FCAL,10-Sep-2026,47.63,47.63,47.31,47.3362,41100
FCAP,10-Sep-2026,62.8,63.3,62,63.3,11000
FCBC,10-Sep-2026,47.32,47.84,47.04,47.71,139400
FCCO,10-Sep-2026,33.85,34.24,33.26,34.15,36400
FCEF,10-Sep-2026,23.7,23.729,23.56,23.6044,19600
FCEL,10-Sep-2026,16.07,16.34,15.49,15.59,5799200
FCFS,10-Sep-2026,227.55,229.52,223.775,227.38,479100
FCHL,10-Sep-2026,1,1.01,0.8645,0.963,47900
FCLO,10-Sep-2026,50.39,50.41,50.355,50.375,9700
FCNCA,10-Sep-2026,2148.99,2181.971,2119.9,2165.43,75700
FCNCN,10-Sep-2026,24.14,24.38,24.14,24.38,22700
FCNCO,10-Sep-2026,20.1,20.25,19.64,19.64,29300
FCNCP,10-Sep-2026,19.33,19.665,19.33,19.38,8200
FCTE,10-Sep-2026,28.32,28.4,28.25,28.2633,8000
FCUV,10-Sep-2026,5.34,5.85,5.3,5.52,111600
FCVT,10-Sep-2026,49.74,49.74,49.13,49.21,2100
FCXG,10-Sep-2026,15.32,15.605,14.35,15.42,112700
FDBC,10-Sep-2026,53.94,55.29,53.74,54.91,12400
FDCF,10-Sep-2026,49.97,50.4,49.97,50.2254,3700
FDFF,10-Sep-2026,36.47,36.6,36.3579,36.3579,1200
FDIF,10-Sep-2026,40.73,40.76,40.5734,40.5734,1700
FDIG,10-Sep-2026,43.4,44.35,43.3001,43.81,12900
FDIQ,10-Sep-2026,71.85,71.85,71.3994,71.3994,500
FDIV,10-Sep-2026,27.59,27.59,27.4598,27.4598,8700
FDMM,10-Sep-2026,9.85,9.85,9.82,9.82,16600
FDMMW,10-Sep-2026,0.35,0.35,0.3006,0.3006,7500
FDMT,10-Sep-2026,13.88,14.02,13.395,13.49,566200
FDNI,10-Sep-2026,25.97,26.09,25.97,25.97,2600
FDRS,10-Sep-2026,24.7,24.875,24.59,24.6,13800
FDRX,10-Sep-2026,22.7471,22.7471,22.7471,22.7471,100
FDSB,10-Sep-2026,18.4,18.67,18.4,18.67,3400
FDT,10-Sep-2026,96.67,96.81,95.82,95.9735,113100
FDTS,10-Sep-2026,70.48,70.48,70.42,70.4384,8800
FDTX,10-Sep-2026,54.01,54.76,53.9401,54.0482,13400
FDUS,10-Sep-2026,19.61,19.61,19.46,19.49,376600
FEAM,10-Sep-2026,1.5,1.53,1.46,1.5,148000
FEED,10-Sep-2026,3.59,3.8628,3.5,3.57,108400
FEIM,10-Sep-2026,63.11,64.86,61.62,62.06,287000
FELE,10-Sep-2026,97.4,97.4,95.77,97.14,260200
FEM,10-Sep-2026,33.24,33.37,33.18,33.2173,62400
FEMB,10-Sep-2026,29.62,29.6394,29.38,29.52,27600
FEMS,10-Sep-2026,46.63,46.7168,46.18,46.4124,11700
FEMY,10-Sep-2026,2.9,2.95,2.68,2.74,35500
FENC,10-Sep-2026,11.51,11.7299,11.271,11.3,171600
FEP,10-Sep-2026,59.76,59.76,59.3879,59.3879,20000
FEPI,10-Sep-2026,42.18,42.33,42.01,42.1697,126900
FER,10-Sep-2026,55.7,55.93,55.27,55.5,1693300
FERAR,10-Sep-2026,0.29,0.29,0.28,0.28,19200
FEUZ,10-Sep-2026,67.68,67.68,67.6326,67.6326,2700
FEX,10-Sep-2026,135.45,135.64,135.0971,135.0971,7100
FFAI,10-Sep-2026,1.78,1.78,1.68,1.71,596000
FFBC,10-Sep-2026,32.21,32.53,31.94,32.53,626500
FFIN,10-Sep-2026,32.68,33.08,32.32,33.06,620500
FFIV,10-Sep-2026,402.89,412.005,396.88,398.48,489500
FFUT,10-Sep-2026,63.43,65.03,63.43,64.625,19500
FGBI,10-Sep-2026,7.85,8.22,7.85,8.22,20600
FGBIP,10-Sep-2026,18.15,18.18,18,18.01,11400
FGI,10-Sep-2026,7.81,8.5,7.5937,8.46,35700
FGII,10-Sep-2026,10.025,10.025,10.02,10.02,11300
FGIIW,10-Sep-2026,0.185,0.185,0.185,0.185,5000
FGIWW,10-Sep-2026,0.04,0.04,0.04,0.04,500
FGL,10-Sep-2026,5.89,5.97,5,5.1,244700
FGM,10-Sep-2026,63.38,63.38,63.0974,63.0974,1300
FGNX,10-Sep-2026,7.99,8.2,7.61,8.05,39600
FGSI,10-Sep-2026,20.349,20.349,20.195,20.195,500
FHB,10-Sep-2026,25.58,25.71,25.28,25.67,1853400
FHTX,10-Sep-2026,4.65,4.65,4.46,4.49,396800
FIBK,10-Sep-2026,36.75,36.975,36.43,36.88,1074800
FICS,10-Sep-2026,41.265,41.265,41.03,41.0929,8000
FID,10-Sep-2026,22.98,22.98,22.8,22.845,6500
FIEE,10-Sep-2026,3.76,4.15,3.76,4.01,60400
FIGG,10-Sep-2026,17.3,18.08,16.65,17.5096,156000
FIGR,10-Sep-2026,36.56,37.7,36.13,36.57,3898500
FIGX,10-Sep-2026,10.321,10.321,10.32,10.3201,2000
FIGXW,10-Sep-2026,0.18,0.199,0.16,0.199,20600
FINW,10-Sep-2026,13.41,13.84,13.3301,13.45,32400
FINX,10-Sep-2026,25.68,26.025,25.58,25.81,25300
FINY,10-Sep-2026,25.69,25.69,25.635,25.635,1000
FIP,10-Sep-2026,3.25,3.375,3.25,3.3,922300
FISI,10-Sep-2026,40.7,41.135,40.4,41.09,122800
FISN,10-Sep-2026,7,7.14,6.73,6.75,192400
FISV,10-Sep-2026,48.69,49.78,48.37,48.93,5781500
FIVE,10-Sep-2026,245.47,250.73,240.825,241.28,1085700
FIVN,10-Sep-2026,30.21,31.155,30.1,30.25,1273900
FIXD,10-Sep-2026,42.33,42.4806,42.25,42.3047,305700
FIYY,10-Sep-2026,24.3959,24.3959,24.3959,24.3959,100
FIZZ,10-Sep-2026,30.7,31.24,30.64,30.91,421200
FJDIU,10-Sep-2026,9.99,9.99,9.99,9.99,9800
FJP,10-Sep-2026,77.27,77.52,76.66,77.035,3300
FKU,10-Sep-2026,54.85,55.27,54.85,54.8809,800
FKWL,10-Sep-2026,2.43,2.43,2.385,2.4,8300
FLD,10-Sep-2026,0.5493,0.5655,0.51,0.5226,74000
FLDB,10-Sep-2026,50.31,50.31,50.26,50.26,6200
FLDDW,10-Sep-2026,0.0831,0.0831,0.0697,0.083,25600
FLEX,10-Sep-2026,110.36,112.235,107.92,108.01,3780000
FLGT,10-Sep-2026,19.69,20.16,19.46,20.12,337200
FLL,10-Sep-2026,2.06,2.09,2,2.045,154600
FLN,10-Sep-2026,26.44,26.7819,26.39,26.7819,2700
FLNA,10-Sep-2026,0.7993,0.81,0.7722,0.8089,303300
FLNC,10-Sep-2026,9.78,10.0699,9.64,9.69,5883200
FLNT,10-Sep-2026,3.03,3.2204,2.95,3.05,93700
FLUX,10-Sep-2026,0.5882,0.6097,0.5614,0.5715,37600
FLWS,10-Sep-2026,2.99,3.3673,2.905,3.035,948600
FLX,10-Sep-2026,1.73,1.73,1.47,1.5,204900
FLXS,10-Sep-2026,83.21,85.33,82.74,82.74,97100
FLY,10-Sep-2026,21.44,22.595,20.74,20.9,2170400
FLYE,10-Sep-2026,1.8,1.81,1.7,1.81,53900
FLYW,10-Sep-2026,17.62,17.85,17.545,17.75,1192700
FMAO,10-Sep-2026,34.82,35.5,34.66,35.41,33900
FMB,10-Sep-2026,49.31,49.31,49.03,49.11,389400
FMBH,10-Sep-2026,50.38,50.9,50.095,50.85,112000
FMED,10-Sep-2026,31.06,31.185,30.8414,30.8414,2700
FMET,10-Sep-2026,37.85,38.0666,37.85,38.0666,300
FMFC,10-Sep-2026,0.1959,0.2025,0.1959,0.2,211500
FMHI,10-Sep-2026,46.21,46.35,46.03,46.1576,147800
FMNB,10-Sep-2026,15.73,15.9,15.59,15.88,301800
FMST,10-Sep-2026,0.93,0.9783,0.8895,0.91,54100
FMSTW,10-Sep-2026,0.31,0.31,0.3,0.3,2900
FMTM,10-Sep-2026,37.83,38.03,37.6,37.66,159300
FMUB,10-Sep-2026,49.58,49.69,49.41,49.415,48800
FMUN,10-Sep-2026,48.48,48.48,48.15,48.15,3600
FNGR,10-Sep-2026,0.1731,0.195,0.17,0.186,12409300
FNK,10-Sep-2026,63.33,63.33,63.07,63.2123,1900
FNKO,10-Sep-2026,5.35,5.425,5.285,5.41,636800
FNLC,10-Sep-2026,34.84,35.16,34.4,35.04,23000
FNUC,10-Sep-2026,1.46,1.4632,1.4,1.42,202000
FNWB,10-Sep-2026,10.71,10.94,10.65,10.675,15300
FNWD,10-Sep-2026,43.03,43.345,42.99,43.08,26800
FNX,10-Sep-2026,141.47,141.6099,140.92,141.1091,10000
FNY,10-Sep-2026,100.39,100.84,99.9,99.9375,25600
FOCL,10-Sep-2026,4.12,4.3,4.09,4.16,112800
FOFO,10-Sep-2026,2.03,2.34,2.03,2.2,9900
FORM,10-Sep-2026,110,115.805,110,112.12,1192300
FORR,10-Sep-2026,12.03,12.16,11.775,11.84,88600
FOSL,10-Sep-2026,4.96,4.991,4.33,4.49,1935700
FOX,10-Sep-2026,57.1,58.29,56.21,58.06,1401900
FOXA,10-Sep-2026,63.89,65.49,62.93,65.18,4643100
FOXF,10-Sep-2026,19.19,19.86,19.03,19.62,498700
FOXX,10-Sep-2026,2.68,2.7,2.555,2.7,1900
FPA,10-Sep-2026,50.44,50.44,49.9753,49.9753,600
FPXE,10-Sep-2026,32.8366,32.8366,32.8366,32.8366,100
FPXI,10-Sep-2026,69.29,69.58,68.93,68.97,13000
FRAF,10-Sep-2026,62.88,63.28,61.5,63.28,43500
FRBA,10-Sep-2026,17.78,17.99,17.68,17.95,93300
FRBT,10-Sep-2026,18.44,19.095,18.1,18.54,91400
FRD,10-Sep-2026,44.76,45.3,42.9308,44.5,151300
FREI,10-Sep-2026,24.61,24.61,24.523,24.523,11600
FRGT,10-Sep-2026,1.02,1.02,0.9546,0.98,70800
FRHC,10-Sep-2026,162.43,164.43,162.21,162.73,44500
FRME,10-Sep-2026,40.72,41.11,40.37,41.1,368700
FRMEP,10-Sep-2026,25.04,25.15,25.04,25.1499,1900
FRMI,10-Sep-2026,5.37,5.57,5.26,5.39,12940400
FRMM,10-Sep-2026,4.61,4.75,4.5,4.53,96000
FRNM,10-Sep-2026,15.64,15.6803,14.77,14.79,744500
FROG,10-Sep-2026,86.79,89.54,85.515,88.65,1026500
FRPH,10-Sep-2026,22.16,22.5899,21.855,22.25,126200
FRPT,10-Sep-2026,66.5,67.24,65.04,65.17,1383500
FRSH,10-Sep-2026,11.9,11.93,11.704,11.87,5047200
FRST,10-Sep-2026,15.83,16.15,15.83,16.1,130600
FRSX,10-Sep-2026,1.12,1.125,1.06,1.11,6400
FRVO,10-Sep-2026,17.22,17.37,15.72,15.73,6067600
FRWD,10-Sep-2026,31.57,31.7891,31.5,31.52,27600
FSBC,10-Sep-2026,45.88,46.55,45.34,46.49,137900
FSBW,10-Sep-2026,43.22,43.77,43.07,43.41,18300
FSCS,10-Sep-2026,36.59,36.71,36.58,36.6251,3300
FSEA,10-Sep-2026,17.19,17.2,17.19,17.2,1600
FSGS,10-Sep-2026,32.5907,32.5907,32.5907,32.5907,300
FSHP,10-Sep-2026,11.37,11.37,11.37,11.37,200
FSHPR,10-Sep-2026,0.11,0.11,0.0657,0.0664,2800
FSLR,10-Sep-2026,197.56,208.7499,197.1,207.17,2190800
FSLY,10-Sep-2026,22,23.19,21.82,22.71,6217300
FSTB,10-Sep-2026,19.88,19.93,19.88,19.895,16300
FSTR,10-Sep-2026,37.47,37.58,37.14,37.39,35300
FSUN,10-Sep-2026,39.85,40.17,39.51,40.13,295000
FSV,10-Sep-2026,137.14,137.7,134.62,136.01,218000
FSZ,10-Sep-2026,79.84,79.86,79.36,79.36,34500
FTA,10-Sep-2026,100.89,100.89,100.47,100.47,16100
FTAG,10-Sep-2026,31.11,31.11,30.875,30.8751,2400
FTAI,10-Sep-2026,182.08,183.27,177.43,180.09,2000100
FTAIM,10-Sep-2026,27.0414,27.18,27.041,27.18,800
FTC,10-Sep-2026,173.84,174.81,173.62,173.7153,29500
FTCI,10-Sep-2026,2.3,2.34,2.2,2.31,88600
FTCS,10-Sep-2026,97,97.285,96.74,96.79,301800
FTDR,10-Sep-2026,79.76,80.85,79.39,79.56,492900
FTDS,10-Sep-2026,65.015,65.0887,65.015,65.0887,700
FTEK,10-Sep-2026,1.7,1.7,1.6,1.63,173000
FTFT,10-Sep-2026,2.23,2.38,1.811,2.05,14807400
FTG,10-Sep-2026,23.24,23.46,23.17,23.17,11000
FTGC,10-Sep-2026,31.41,31.62,31.315,31.6,439000
FTGS,10-Sep-2026,37.69,37.96,37.65,37.6655,91800
FTH,10-Sep-2026,35.31,39.93,34.79,39,445300
FTHA,10-Sep-2026,9.975,9.975,9.975,9.975,1400
FTHAW,10-Sep-2026,0.408,0.408,0.231,0.29,10400
FTHI,10-Sep-2026,23.69,23.745,23.665,23.69,2512400
FTHM,10-Sep-2026,0.6374,0.6374,0.581,0.5849,87300
FTLF,10-Sep-2026,9.38,9.47,9.11,9.22,16100
FTNT,10-Sep-2026,155.43,161.98,154.0001,158.85,3268800
FTQI,10-Sep-2026,21.86,21.95,21.85,21.87,2671200
FTRE,10-Sep-2026,16.36,17.03,16.0717,17.02,741100
FTRI,10-Sep-2026,18.42,18.43,18.24,18.2558,22200
FTSL,10-Sep-2026,44.93,44.98,44.885,44.9,256200
FTSM,10-Sep-2026,59.73,59.73,59.7,59.7,809900
FTXG,10-Sep-2026,22.69,22.698,22.55,22.56,3100
FTXH,10-Sep-2026,40.78,40.78,40.3801,40.52,32600
FTXL,10-Sep-2026,229.37,231.22,227.16,229.12,94600
FTXN,10-Sep-2026,41.91,41.91,40.74,41.1465,60100
FTXO,10-Sep-2026,41.94,42.07,41.59,42.0395,21900
FTXR,10-Sep-2026,42.74,43.11,42.74,42.9057,17400
FUFU,10-Sep-2026,1.26,1.3191,1.2375,1.25,17800
FUFUW,10-Sep-2026,0.14,0.1599,0.14,0.1599,900
FULC,10-Sep-2026,3.82,3.835,3.79,3.8,1328000
FULT,10-Sep-2026,23.39,23.6,23.14,23.6,1057000
FULTP,10-Sep-2026,17.7299,17.7299,17.6616,17.7,3700
FUNC,10-Sep-2026,43.74,44.4,42.76,44.4,51100
FUND,10-Sep-2026,10.62,10.695,10.5,10.61,13900
FUSB,10-Sep-2026,16.7,16.7,16.46,16.46,5700
FUSE,10-Sep-2026,0.6227,0.6498,0.5906,0.6039,48700
FUSEW,10-Sep-2026,0.05,0.05,0.05,0.05,1400
FUTG,10-Sep-2026,4.42,4.435,4.24,4.2905,775600
FUTU,10-Sep-2026,115.25,115.545,112.7005,113.51,918300
FV,10-Sep-2026,71.69,72.1599,71.46,71.6472,150400
FVC,10-Sep-2026,41.14,41.5784,41.14,41.3213,3000
FVCB,10-Sep-2026,18.29,18.58,18.07,18.43,50400
FVN,10-Sep-2026,10.29,11.3,10.25,10.28,82500
FVNNU,10-Sep-2026,13.5,15.99,10.79,14.25,3700
FWAC,10-Sep-2026,9.94,9.94,9.94,9.94,500000
FWDI,10-Sep-2026,6.43,6.685,6.275,6.46,1768900
FWONA,10-Sep-2026,88.14,89.375,86.56,86.99,166800
FWONK,10-Sep-2026,98.62,98.62,94.955,95.44,2522300
FWRD,10-Sep-2026,16.3,16.66,16.16,16.42,314000
FWRG,10-Sep-2026,11.19,11.36,11.0869,11.19,1364500
FXAC,10-Sep-2026,10.08,10.08,10.08,10.08,440200
FXACU,10-Sep-2026,10.14,10.14,10.14,10.14,100
FXHO,10-Sep-2026,13.03,13.41,12.605,13.41,101300
FXNC,10-Sep-2026,30.87,31.25,30.565,30.91,21700
FYC,10-Sep-2026,116.9,117.365,116,116.17,43000
FYT,10-Sep-2026,70.7,70.7,70.23,70.3752,12700
FYX,10-Sep-2026,139.38,139.445,138.5401,138.7147,60000
GABC,10-Sep-2026,49.25,49.7,48.9422,49.7,110100
GAIA,10-Sep-2026,1.49,1.5,1.44,1.46,58200
GAIN,10-Sep-2026,16.13,16.225,16.03,16.05,165700
GAING,10-Sep-2026,25.05,25.1,24.995,24.995,7600
GAINI,10-Sep-2026,25.37,25.44,25.37,25.371,8600
GAINZ,10-Sep-2026,24.2683,24.31,24.265,24.31,3100
GALT,10-Sep-2026,4,4.0499,3.84,3.9,253000
GAME,10-Sep-2026,3.49,3.57,3.3001,3.47,204700
GANX,10-Sep-2026,1.72,1.74,1.69,1.71,505600
GARY,10-Sep-2026,26.43,26.61,26.4241,26.4241,1500
GASS,10-Sep-2026,9.33,9.3965,9.17,9.27,98200
GAUZ,10-Sep-2026,0.359,0.359,0.34,0.3445,91800
GAVA,10-Sep-2026,18.43,18.58,18.3203,18.4746,2700
GBDC,10-Sep-2026,12.81,12.81,12.645,12.7,1404200
GBFH,10-Sep-2026,19.8,20.275,19.8,19.93,62900
GBLI,10-Sep-2026,29.54,29.54,29.5,29.5,1400
GBUG,10-Sep-2026,50.28,50.8,49.3422,49.8954,49800
GCBC,10-Sep-2026,34.82,35.32,34.82,35.23,19200
GCGRW,10-Sep-2026,0.73,0.8,0.71,0.8,8400
GCL,10-Sep-2026,0.5542,0.577,0.5188,0.573,111000
GCLWW,10-Sep-2026,0.02,0.02,0.02,0.02,6600
GCMG,10-Sep-2026,12.83,12.945,12.7,12.78,257400
GCT,10-Sep-2026,51.19,53.3543,50.382,51.8,549400
GCTK,10-Sep-2026,3.04,3.23,3.04,3.23,17700
GDC,10-Sep-2026,1.41,1.41,1.315,1.33,428700
GDEV,10-Sep-2026,11.94,11.94,11.94,11.94,1200
GDHG,10-Sep-2026,1.28,1.4,1.15,1.32,11156000
GDRX,10-Sep-2026,3.3,3.37,3.28,3.35,971600
GDS,10-Sep-2026,31.91,31.985,30.98,31.06,924200
GDTC,10-Sep-2026,0.85,0.85,0.8,0.81,9000
GDYN,10-Sep-2026,7.84,7.95,7.77,7.83,830600
GECC,10-Sep-2026,5.94,6.01,5.9,5.97,26700
GECCH,10-Sep-2026,25.2,25.25,25.2,25.25,600
GEG,10-Sep-2026,2.2,2.22,2.18,2.22,7700
GEHC,10-Sep-2026,64.59,64.9468,63.63,64.24,3121800
GELS,10-Sep-2026,0.784,0.87,0.64,0.7871,344700
GEME,10-Sep-2026,42.03,42.03,41.69,41.8199,59800
GEMG,10-Sep-2026,7.36,8.09,7.36,7.5219,19000
GEMI,10-Sep-2026,4.32,4.55,4.3151,4.39,1154000
GEN,10-Sep-2026,29.88,30.23,29.6,29.965,5612300
GENB,10-Sep-2026,15.32,16.05,15.03,15.39,1008600
GENK,10-Sep-2026,1.81,1.85,1.79,1.85,21100
GENVR,10-Sep-2026,3.99,4.31,3.78,3.8922,189700
GENZ,10-Sep-2026,38.039,38.039,38.039,38.039,100
GEOS,10-Sep-2026,5.12,5.19,5.05,5.09,52100
GEQ,10-Sep-2026,51.1085,51.1085,51.1085,51.1085,100
GERN,10-Sep-2026,1.39,1.405,1.36,1.37,7694500
GEVG,10-Sep-2026,21.85,22,20.87,20.9619,10900
GEVO,10-Sep-2026,1.56,1.62,1.54,1.58,2461300
GEW,10-Sep-2026,55.77,55.77,55.77,55.77,100
GFAI,10-Sep-2026,0.35,0.378,0.35,0.3608,36300
GFAIW,10-Sep-2026,0.01,0.01,0.008,0.01,4900
GFGF,10-Sep-2026,35.9043,35.9043,35.9043,35.9043,100
GFLW,10-Sep-2026,32.91,33.14,32.8,32.8111,329500
GFS,10-Sep-2026,44.83,46.3,44.64,45.96,3032100
GFUZ,10-Sep-2026,8.4,8.87,8.15,8.21,191800
GFUZW,10-Sep-2026,1.68,1.7,1.42,1.44,161800
GGAL,10-Sep-2026,43.63,45.72,43.63,44.72,1017800
GGLL,10-Sep-2026,92.15,94.74,91.61,94.45,1048800
GGLS,10-Sep-2026,61.4,61.42,60.48,60.5853,61400
GGR,10-Sep-2026,2.59,2.59,2.53,2.54,8800
GH,10-Sep-2026,159.52,164.17,156.3171,159.03,1055700
GHRS,10-Sep-2026,27.24,27.605,26.875,27.28,128800
GHXI,10-Sep-2026,9.99,10.07,9.99,10.04,3000
GHXIW,10-Sep-2026,0.6,0.6,0.58,0.6,212000
GIBO,10-Sep-2026,31.8,34.7,31,33.4,55700
GIEQ,10-Sep-2026,42.02,42.02,42.0156,42.0156,1000
GIFT,10-Sep-2026,0.7682,0.8275,0.7065,0.765,19400
GIGM,10-Sep-2026,1.33,1.37,1.32,1.34,5200
GIII,10-Sep-2026,27.54,27.74,27.045,27.67,1067500
GILD,10-Sep-2026,145.07,145.9066,143.67,144.81,6019800
GILT,10-Sep-2026,9.45,9.82,9.37,9.54,436100
GIND,10-Sep-2026,24.52,24.52,24.366,24.366,900
GINX,10-Sep-2026,36.73,36.78,36.622,36.6389,4100
GIPR,10-Sep-2026,0.404,0.44,0.4016,0.414,342600
GITS,10-Sep-2026,2.2,2.21,2.15,2.15,11300
GIW,10-Sep-2026,10.18,10.18,10.16,10.16,50200
GIXI,10-Sep-2026,5.2,5.705,4.92,5.365,29800
GKAT,10-Sep-2026,45.17,45.22,45.0309,45.0309,6700
GLAD,10-Sep-2026,19.5,19.5,19.3212,19.38,146700
GLBE,10-Sep-2026,35.57,36.65,35.525,36.5,1045200
GLBS,10-Sep-2026,3.49,3.58,3.26,3.5,144600
GLCR,10-Sep-2026,24.6266,24.6266,24.6266,24.6266,100
GLDB,10-Sep-2026,22.43,22.5185,22.315,22.315,8400
GLDI,10-Sep-2026,148.87,148.87,146.43,147.2,220500
GLE,10-Sep-2026,0.4512,0.472,0.4468,0.4612,23300
GLGG,10-Sep-2026,4.8,5.11,4.7464,4.7715,45700
GLIBA,10-Sep-2026,25.93,26.39,25.93,26.1,32000
GLIBK,10-Sep-2026,25.31,26.04,25.31,25.71,229400
GLND,10-Sep-2026,1.16,1.24,1.13,1.23,592400
GLNDW,10-Sep-2026,0.3051,0.33,0.2755,0.3,116600
GLNG,10-Sep-2026,52.81,52.87,51.81,52.69,930300
GLOO,10-Sep-2026,3.16,3.16,2.9,3.005,404200
GLOW,10-Sep-2026,34.75,34.75,34.5837,34.5837,2300
GLPI,10-Sep-2026,41.6,41.74,40.83,40.98,3873300
GLRE,10-Sep-2026,14.97,15.075,14.85,15.02,139900
GLSI,10-Sep-2026,14.54,15.345,14.46,15.06,68500
GLUE,10-Sep-2026,14.21,14.34,13.83,14.32,1064500
GLWG,10-Sep-2026,15.74,16.56,15.46,15.488,883600
GLXG,10-Sep-2026,1,1.0044,0.9601,0.9789,12700
GLXY,10-Sep-2026,24.26,24.93,23.82,24.13,4197400
GMAB,10-Sep-2026,32.46,32.68,32.21,32.23,1015700
GMEX,10-Sep-2026,0.5231,0.5463,0.5,0.5211,863900
GMHS,10-Sep-2026,0.7307,0.7863,0.7307,0.75,12000
GMM,10-Sep-2026,2.11,2.125,2.0001,2.1,10500
GNLN,10-Sep-2026,2.7,2.93,2.58,2.58,18500
GNLX,10-Sep-2026,2.55,2.73,2.41,2.48,535500
GNMA,10-Sep-2026,42.97,42.97,42.8002,42.89,15900
GNOM,10-Sep-2026,62,62.47,61.18,61.97,32500
GNPX,10-Sep-2026,3.38,3.44,3.31,3.35,30300
GNSS,10-Sep-2026,1.52,1.598,1.5,1.55,37800
GNTA,10-Sep-2026,0.933,0.99,0.8602,0.8613,28900
GNTX,10-Sep-2026,22.49,22.73,22.31,22.68,1882100
GO,10-Sep-2026,11.31,11.67,11.035,11.08,2244900
GOGO,10-Sep-2026,2.56,2.725,2.55,2.59,1568900
GOLI,10-Sep-2026,12.76,12.76,12.63,12.635,3700
GOOD,10-Sep-2026,12.85,12.935,12.725,12.78,297900
GOODN,10-Sep-2026,22.375,22.4799,21.94,22.4799,5000
GOODO,10-Sep-2026,20.12,20.12,19.6001,19.67,19600
GOOG,10-Sep-2026,326.08,330.89,325.651,330.39,16418800
GOOGL,10-Sep-2026,328.23,333.23,327.74,332.6,23557500
GOOGM,10-Sep-2026,47.03,47.64,47.03,47.62,300700
GOOGN,10-Sep-2026,46.96,47.525,46.96,47.49,639900
GOSS,10-Sep-2026,0.1527,0.1567,0.1402,0.1424,13226500
GOU,10-Sep-2026,23.13,23.8324,23.089,23.7556,130500
GOVI,10-Sep-2026,26.08,26.115,25.981,26.0141,149900
GOVX,10-Sep-2026,0.49,0.49,0.4602,0.4655,316300
GP,10-Sep-2026,0.7703,0.7899,0.75,0.7536,125900
GPATW,10-Sep-2026,0.1601,0.1701,0.1601,0.17,33000
GPCR,10-Sep-2026,40.51,40.9,39.29,39.55,761400
GPIQ,10-Sep-2026,55.89,56.1062,55.78,55.9,1114800
GPIX,10-Sep-2026,55.26,55.345,55.1499,55.21,1218600
GPRE,10-Sep-2026,15.73,15.89,15.305,15.34,1579000
GPRF,10-Sep-2026,48.85,48.85,48.85,48.85,200
GPRO,10-Sep-2026,1.37,1.64,1.34,1.4,88590900
GPT,10-Sep-2026,33.582,33.582,33.582,33.582,200
GQQQ,10-Sep-2026,35.235,35.3799,35.19,35.231,37000
GRAB,10-Sep-2026,3.01,3.055,2.96,3.01,86488300
GRABW,10-Sep-2026,0.0229,0.0229,0.0201,0.0228,13200
GRAL,10-Sep-2026,75.93,79,75.09,77.56,897000
GRAN,10-Sep-2026,0.96,1.11,0.85,1.08,3939900
GRCE,10-Sep-2026,2.24,2.31,2.2,2.26,397500
GRDX,10-Sep-2026,3.01,3.29,2.94,2.97,69300
GREEL,10-Sep-2026,25,25,25,24.65,0
GRFS,10-Sep-2026,7.73,7.74,7.64,7.65,302500
GRI,10-Sep-2026,1.79,2,1.78,1.94,214300
GRID,10-Sep-2026,177.5,178.8299,177,177.24,292500
GRIN,10-Sep-2026,32.85,32.91,32.7,32.7,92600
GRML,10-Sep-2026,4.08,4.1499,3.82,3.82,351000
GRMLW,10-Sep-2026,0.1808,0.1931,0.1501,0.1826,23600
GRNQ,10-Sep-2026,12.5,12.64,10.5,11.76,166100
GROW,10-Sep-2026,2.93,3.03,2.81,2.9,67900
GRPN,10-Sep-2026,18.07,18.415,17.7317,18.28,859600
GRRR,10-Sep-2026,13.8,14.245,13.72,13.76,551000
GRRRW,10-Sep-2026,0.16,0.16,0.157,0.1585,10200
GRSD,10-Sep-2026,1.84,1.86,1.795,1.8,115600
GRVY,10-Sep-2026,72.99,72.99,70.12,70.77,14600
GRW,10-Sep-2026,30.5,30.5,30.22,30.3678,20600
GRWG,10-Sep-2026,1.6,1.6048,1.56,1.57,276500
GSAT,10-Sep-2026,81.21,82.175,81.21,81.97,391700
GSBC,10-Sep-2026,78.68,80.02,78.0832,79.92,61300
GSGO,10-Sep-2026,43.74,43.89,43.6945,43.6945,7300
GSHD,10-Sep-2026,56.85,57.69,56.12,56.44,367600
GSIB,10-Sep-2026,65.67,65.68,65.44,65.5905,5500
GSIT,10-Sep-2026,5.37,5.6,5.3,5.31,407500
GSIW,10-Sep-2026,14.91,14.91,13.925,14.7,53400
GSM,10-Sep-2026,4.36,4.539,4.32,4.46,1067700
GSRF,10-Sep-2026,10.23,10.23,10.23,10.23,900
GSRV,10-Sep-2026,9.89,9.9,9.89,9.9,27100
GSUN,10-Sep-2026,0.25,0.25,0.22,0.23,1503600
GT,10-Sep-2026,5.685,5.695,5.5,5.54,10013300
GTBP,10-Sep-2026,6.13,6.74,5.5,6.18,161300
GTEC,10-Sep-2026,1.07,1.11,1.03,1.07,125400
GTEN,10-Sep-2026,10.5,10.55,10.5,10.55,4500
GTENW,10-Sep-2026,0.7756,0.7756,0.7756,0.7756,300
GTERW,10-Sep-2026,0.05,0.05,0.05,0.05,400
GTIM,10-Sep-2026,1.5365,1.5365,1.49,1.5,14900
GTLB,10-Sep-2026,46.54,47.95,46.01,47.3,4432300
GTM,10-Sep-2026,3.69,3.83,3.67,3.8,2952100
GTOP,10-Sep-2026,48.43,48.685,48.3828,48.3828,6900
GTOQ,10-Sep-2026,22.12,22.125,22.1199,22.125,900
GTPE,10-Sep-2026,60.23,60.23,60.11,60.11,300
GTR,10-Sep-2026,27.51,27.58,27.47,27.505,4900
GTX,10-Sep-2026,27.08,27.71,26.98,27.19,2976300
GUAC,10-Sep-2026,9.94,9.94,9.91,9.91,1700
GUACW,10-Sep-2026,0.615,0.696,0.6,0.696,5800
GURE,10-Sep-2026,3.2,3.2,3.2,3.2,200
GUSE,10-Sep-2026,44.93,45.19,44.93,45.0964,6900
GUTS,10-Sep-2026,0.6688,0.6688,0.6401,0.6431,659900
GVH,10-Sep-2026,1.03,1.03,1,1,50700
GVLE,10-Sep-2026,47.995,47.995,47.87,47.8944,3000
GWAV,10-Sep-2026,4.4,4.78,4.16,4.51,65400
GWRS,10-Sep-2026,8.78,8.84,8.6601,8.77,59300
GXAI,10-Sep-2026,0.7355,0.75,0.7345,0.7435,170000
GXDW,10-Sep-2026,23.865,23.865,23.7326,23.7326,200
GYGY,10-Sep-2026,1.06,1.19,1.04,1.085,562300
GYRE,10-Sep-2026,6.93,6.96,6.74,6.74,83100
HACQW,10-Sep-2026,0.43,0.43,0.43,0.43,1100
HAFC,10-Sep-2026,31.46,31.895,31.14,31.89,148600
HAIN,10-Sep-2026,0.6542,0.676,0.6273,0.6395,495700
HALO,10-Sep-2026,106.93,107.95,106.36,107,1464400
HAO,10-Sep-2026,2.85,2.94,2.82,2.875,57000
HAPN,10-Sep-2026,16.67,16.82,16.5,16.7,836000
HAS,10-Sep-2026,88.7,90.2,87.72,90.16,1490900
HBAN,10-Sep-2026,16.63,16.74,16.42,16.73,25234700
HBANL,10-Sep-2026,25.13,25.13,24.92,24.98,26900
HBANM,10-Sep-2026,20.75,20.75,20.4,20.4,27600
HBANP,10-Sep-2026,16.31,16.4,16.1163,16.36,101200
HBANZ,10-Sep-2026,19.01,19.15,19.01,19.13,4200
HBCP,10-Sep-2026,68.25,69.47,68.19,69.47,37600
HBDC,10-Sep-2026,24.7,24.7,24.56,24.56,1200
HBIO,10-Sep-2026,7.95,8.15,7.8675,8.15,15700
HBNB,10-Sep-2026,5.01,5.23,4.85,5,2200
HBNC,10-Sep-2026,19.46,19.77,19.31,19.76,324800
HBR,10-Sep-2026,10.25,10.29,10.16,10.2218,52900
HBT,10-Sep-2026,36.15,36.3,35.75,36.29,104000
HCAC,10-Sep-2026,10.1,10.105,10.1,10.1,38200
HCAI,10-Sep-2026,4.26,4.26,2.25,2.59,848300
HCAT,10-Sep-2026,1.71,1.745,1.615,1.73,677200
HCKT,10-Sep-2026,10.95,11.21,10.87,10.94,327300
HCM,10-Sep-2026,13.35,13.35,13.09,13.12,45100
HCMA,10-Sep-2026,10.29,10.32,10.29,10.32,3700
HCMAW,10-Sep-2026,0.59,0.59,0.59,0.59,2000
HCOW,10-Sep-2026,24.7784,24.865,24.7501,24.8227,3600
HCSG,10-Sep-2026,21.93,22.28,21.745,21.84,392600
HCTI,10-Sep-2026,0.75,0.7798,0.7251,0.7435,72300
HCWB,10-Sep-2026,2.42,2.52,2.41,2.43,31700
HDL,10-Sep-2026,12.05,12.05,12.05,12.05,600
HDRN,10-Sep-2026,1.81,1.95,1.81,1.88,31700
HDRNW,10-Sep-2026,0.1311,0.1414,0.1284,0.13,22900
HDSN,10-Sep-2026,5.38,5.45,5.2977,5.35,599100
HEAL,10-Sep-2026,28.48,28.48,28.2935,28.2935,700
HECO,10-Sep-2026,63.2279,63.2279,63.2279,63.2279,200
HELE,10-Sep-2026,27.47,27.61,26.3,26.5,516300
HELP,10-Sep-2026,13.76,13.92,12.78,12.84,1750700
HEPS,10-Sep-2026,2.63,2.67,2.62,2.64,106900
HEQQ,10-Sep-2026,61.025,61.025,61.025,61.025,100
HERD,10-Sep-2026,50.92,50.92,50.6,50.6,3600
HERE,10-Sep-2026,1.841,1.88,1.84,1.88,13700
HERO,10-Sep-2026,26.42,26.73,26.42,26.625,4600
HERZ,10-Sep-2026,16.04,16.3099,15.77,16.21,1100
HFFG,10-Sep-2026,1.69,1.71,1.635,1.69,81300
HFSP,10-Sep-2026,13.3,13.3,13.3,13.3,100
HFWA,10-Sep-2026,28.33,28.56,28.14,28.41,915300
HGBL,10-Sep-2026,1.37,1.425,1.3506,1.4,89200
HHS,10-Sep-2026,4.21,4.305,4.2,4.28,50600
HIDE,10-Sep-2026,24.85,24.855,24.83,24.848,16300
HIFS,10-Sep-2026,301.07,309.15,300.3475,308.39,30900
HIHO,10-Sep-2026,0.9401,0.9401,0.91,0.91,12400
HIMX,10-Sep-2026,13.63,13.99,13.49,13.78,720700
HIMZ,10-Sep-2026,23.95,25.16,23.66,24.11,162900
HIND,10-Sep-2026,2.05,2.1,2.05,2.1,3100
HIS,10-Sep-2026,25.77,25.89,25.77,25.8532,42000
HISF,10-Sep-2026,43.4396,43.4396,43.33,43.3537,7800
HIT,10-Sep-2026,0.94,0.9521,0.9021,0.9308,38200
HITI,10-Sep-2026,2.57,2.605,2.545,2.56,439500
HIVE,10-Sep-2026,2.995,3.09,2.94,2.99,7810900
HKIT,10-Sep-2026,2.64,2.769,2.37,2.53,62700
HKPD,10-Sep-2026,0.1195,0.13,0.111,0.1206,56334000
HLAL,10-Sep-2026,72.4,72.5277,72.17,72.3875,45700
HLIT,10-Sep-2026,11.7,11.98,11.6,11.64,1230200
HLMN,10-Sep-2026,7.18,7.225,6.93,6.98,2160000
HLNE,10-Sep-2026,98.6,100.305,95.6801,95.79,387400
HLP,10-Sep-2026,1.3,1.3,1.2,1.2,35400
HLTH,10-Sep-2026,27.34,27.71,27.34,27.4894,2300
HMH,10-Sep-2026,20.9,21.25,20.0801,20.21,257000
HMR,10-Sep-2026,1.27,1.2785,1.2318,1.24,25000
HMYY,10-Sep-2026,5.3981,5.3981,5.3981,5.3981,300
HNDL,10-Sep-2026,22.32,22.34,22.11,22.1615,206700
HNNA,10-Sep-2026,10.2,10.3,10.17,10.17,10100
HNRG,10-Sep-2026,16.23,16.49,15.56,15.6,652000
HNST,10-Sep-2026,5.36,5.555,5.26,5.31,2027200
HNVR,10-Sep-2026,27.23,27.9,27.2,27.52,64700
HODO,10-Sep-2026,0.1892,0.2004,0.18,0.1855,506200
HODU,10-Sep-2026,13.77,14.59,13.6,13.8322,99400
HOFT,10-Sep-2026,12.79,12.79,12.4,12.565,52900
HOLO,10-Sep-2026,1.62,1.6381,1.59,1.6,206300
HOLOW,10-Sep-2026,0.0342,0.0342,0.0342,0.0342,1900
HON,10-Sep-2026,202.53,204.21,201.08,202.18,2010000
HONA,10-Sep-2026,150.02,155.34,149.19,153.75,3155600
HOOD,10-Sep-2026,112.69,116.3,111.95,113.33,16569900
HOOG,10-Sep-2026,32.98,35.24,32.93,33.45,283600
HOOX,10-Sep-2026,38,39.55,37,37.8256,19700
HOPE,10-Sep-2026,13.8,13.96,13.69,13.95,588200
HOUR,10-Sep-2026,1.855,1.855,1.855,1.855,1200
HOVNP,10-Sep-2026,19.25,19.695,19.25,19.31,600
HOVR,10-Sep-2026,1.61,1.65,1.605,1.62,397100
HOVRW,10-Sep-2026,0.35,0.35,0.32,0.35,25600
HOWL,10-Sep-2026,0.96,0.9885,0.9501,0.9885,901700
HOYY,10-Sep-2026,5.07,5.13,5.07,5.11,50900
HPAI,10-Sep-2026,0.282,0.3149,0.2512,0.3,1038400
HPK,10-Sep-2026,8.5,8.7,8.09,8.58,866300
HQ,10-Sep-2026,15.53,15.84,15.08,15.45,79600
HQDG,10-Sep-2026,24.2743,24.2743,24.2743,24.2743,100
HQGO,10-Sep-2026,65.9177,65.9177,65.9177,65.9177,100
HQI,10-Sep-2026,15.67,16.18,15.53,15.84,15500
HQWWW,10-Sep-2026,7.43,7.51,7.2,7.2,53600
HQY,10-Sep-2026,92.85,94.68,92.85,94.55,685000
HRMY,10-Sep-2026,41.26,41.7208,40.93,41.1,736800
HROW,10-Sep-2026,37.23,37.23,36.37,36.58,371100
HRTS,10-Sep-2026,36.265,36.265,36.1666,36.1666,1000
HRTX,10-Sep-2026,0.33,0.3311,0.3207,0.3223,1125200
HRZN,10-Sep-2026,4.77,4.859,4.76,4.85,559200
HSAI,10-Sep-2026,17.88,17.88,17.3501,17.4,825600
HSCS,10-Sep-2026,3.86,4.015,3.38,3.51,227900
HSCSW,10-Sep-2026,0.057,0.0571,0.0525,0.0549,5200
HSDT,10-Sep-2026,2.11,2.18,2.105,2.15,287700
HSIC,10-Sep-2026,88.2,88.22,87.11,87.3,1536300
HST,10-Sep-2026,22.12,22.23,21.935,22.14,6408100
HSTM,10-Sep-2026,28.57,28.975,28.51,28.88,195500
HTCO,10-Sep-2026,2.5112,2.56,2.4,2.54,65500
HTCR,10-Sep-2026,1.92,2.09,1.8572,2.055,14600
HTFL,10-Sep-2026,45.99,47.805,45.41,45.49,2256800
HTHT,10-Sep-2026,43.79,43.98,42.99,43.01,1470100
HTLD,10-Sep-2026,12.19,12.325,12.1,12.19,752100
HTLM,10-Sep-2026,1.69,1.78,1.69,1.78,4600
HTO,10-Sep-2026,64.62,64.74,62.91,63.03,479300
HTOO,10-Sep-2026,2.16,2.6,2.12,2.43,2063800
HTZ,10-Sep-2026,2.04,2.11,2.03,2.05,7188300
HTZWW,10-Sep-2026,0.99,1,0.9,0.98,5200
HUBC,10-Sep-2026,0.5,0.52,0.4082,0.4163,829800
HUBCW,10-Sep-2026,0.01,0.01,0.0081,0.0086,46900
HUBCZ,10-Sep-2026,0.0121,0.0165,0.0121,0.0165,1300
HUBG,10-Sep-2026,35.38,36.14,35.37,35.67,1126700
HUDI,10-Sep-2026,0.76,0.7833,0.7573,0.7686,1700
HUHU,10-Sep-2026,4.14,4.21,4.06,4.07,35400
HUIZ,10-Sep-2026,1.48,1.6,1.476,1.59,64700
HUMA,10-Sep-2026,0.58,0.58,0.56,0.5671,2665100
HURA,10-Sep-2026,2.01,2.06,1.98,2.03,286200
HURC,10-Sep-2026,22.55,22.76,21.99,22.59,12700
HURN,10-Sep-2026,150.23,151.715,148.27,149.43,133000
HUT,10-Sep-2026,91.71,93.45,88.5,90.6,3474700
HUTG,10-Sep-2026,14.7,15.305,13.77,14.44,280100
HVII,10-Sep-2026,10.26,10.89,8.51,10.565,15500
HVIIR,10-Sep-2026,0.3499,0.3499,0.33,0.33,37800
HVIIU,10-Sep-2026,10.7,13.52,10.7,13.3,4400
HVMC,10-Sep-2026,10.25,10.25,10.25,10.25,8200
HVMCW,10-Sep-2026,0.2311,0.2508,0.22,0.2288,11400
HWBK,10-Sep-2026,38.76,39.96,38.76,39.86,14700
HWC,10-Sep-2026,74.43,74.54,73.38,74.4,837200
HWCPZ,10-Sep-2026,21.2,21.25,21.02,21.07,6200
HWGV,10-Sep-2026,24.7441,24.7441,24.7441,24.7441,100
HWH,10-Sep-2026,1.87,2.1264,1.8651,2.001,30400
HWIV,10-Sep-2026,26.195,26.195,26.195,26.195,100
HWKN,10-Sep-2026,124.68,124.95,120.64,122.63,183600
HWO,10-Sep-2026,26.6,26.6097,26.6,26.6097,300
HWSM,10-Sep-2026,31.0189,31.0189,31.0189,31.0189,100
HXHX,10-Sep-2026,0.4806,0.4989,0.47,0.4731,51100
HYBI,10-Sep-2026,48.39,48.39,48.27,48.2851,21600
HYDR,10-Sep-2026,44.7,45.17,44,44,232800
HYFM,10-Sep-2026,1,1,0.9245,0.97,33700
HYFT,10-Sep-2026,1.29,1.32,1.28,1.32,70100
HYLS,10-Sep-2026,40.3,40.39,40.1,40.24,73000
HYMC,10-Sep-2026,21.58,22.01,21.12,21.39,1600100
HYNE,10-Sep-2026,16.42,16.64,16.42,16.55,7900
HYP,10-Sep-2026,26.88,26.88,26.66,26.6881,400
HYPD,10-Sep-2026,3.54,3.68,3.46,3.59,577000
HYPG,10-Sep-2026,28.66,28.76,27.93,28.32,51700
HYPR,10-Sep-2026,0.791,0.8235,0.7802,0.7864,249400
HYXF,10-Sep-2026,45.97,46.24,45.9,46.01,32000
HYZD,10-Sep-2026,22.64,22.64,22.53,22.56,105200
IA,10-Sep-2026,18,19.18,17.84,18.8,563300
IACO,10-Sep-2026,9.99,9.99,9.99,9.99,3000
IACOW,10-Sep-2026,0.26,0.275,0.26,0.27,45700
IACQ,10-Sep-2026,9.99,9.99,9.97,9.97,400
IACQU,10-Sep-2026,10.05,10.09,10.03,10.04,1500
IACQW,10-Sep-2026,0.408,0.435,0.3601,0.4,50700
IALT,10-Sep-2026,29.04,29.17,28.96,29.12,942600
IART,10-Sep-2026,15.93,16.035,15.3878,15.54,1361900
IBAC,10-Sep-2026,10.91,10.92,10.91,10.92,1200
IBACR,10-Sep-2026,0.115,0.1259,0.115,0.1259,4200
IBAT,10-Sep-2026,41.09,41.09,40.4501,40.5,14200
IBB,10-Sep-2026,203.59,204.66,201.924,202.64,1894400
IBBQ,10-Sep-2026,34.91,34.91,34.41,34.41,19800
IBCP,10-Sep-2026,36.61,37.15,36.36,37.15,179600
IBEX,10-Sep-2026,37,37.83,36.81,37.26,182400
IBG,10-Sep-2026,0.94,1.02,0.9397,1,41800
IBGA,10-Sep-2026,23.18,23.22,23.07,23.0876,1311100
IBGB,10-Sep-2026,23.15,23.15,23.01,23.0149,3500
IBGC,10-Sep-2026,23.75,23.75,23.56,23.5877,673300
IBGK,10-Sep-2026,21.92,21.92,21.8597,21.8597,1000
IBGL,10-Sep-2026,22.4598,22.4598,22.4598,22.4598,100
IBGM,10-Sep-2026,23.5,23.5,23.34,23.3555,5200
IBIO,10-Sep-2026,1.26,1.26,1.22,1.225,309000
IBIT,10-Sep-2026,43.53,43.895,43.42,43.68,31196400
IBKR,10-Sep-2026,89.06,90.235,88.74,89.42,2877800
IBOC,10-Sep-2026,70.61,71.07,69.87,71.04,335400
IBOT,10-Sep-2026,63.21,63.295,62.8273,62.9042,9000
IBRX,10-Sep-2026,7.87,7.89,7.64,7.72,8805700
IBTG,10-Sep-2026,22.85,22.85,22.84,22.84,271100
IBTH,10-Sep-2026,22.32,22.32,22.3,22.31,624400
IBTI,10-Sep-2026,21.98,21.98,21.95,21.955,542500
IBTJ,10-Sep-2026,21.38,21.38,21.34,21.345,469400
IBTK,10-Sep-2026,19.19,19.19,19.15,19.16,302400
IBTL,10-Sep-2026,19.73,19.73,19.685,19.6882,311500
IBTM,10-Sep-2026,22.09,22.1,22.045,22.0537,124900
IBTO,10-Sep-2026,23.42,23.42,23.35,23.3554,1283200
IBTP,10-Sep-2026,24.57,24.58,24.5,24.5155,26500
IBTQ,10-Sep-2026,24.21,24.215,24.135,24.151,18200
IBTR,10-Sep-2026,24.02,24.04,23.93,23.95,78400
ICCC,10-Sep-2026,9.84,10,9.765,9.915,11200
ICCM,10-Sep-2026,2.08,2.2,2.06,2.14,278900
ICFI,10-Sep-2026,86.29,87.1,85.6,85.75,106400
ICG,10-Sep-2026,0.9501,0.98,0.95,0.969,8500
ICHR,10-Sep-2026,55.51,57.235,55.2,55.77,565700
ICLN,10-Sep-2026,17.69,17.9899,17.6101,17.82,7178600
ICLR,10-Sep-2026,159.27,166.53,156.7,165.69,1142300
ICMB,10-Sep-2026,0.874,0.8758,0.86,0.8601,32500
ICON,10-Sep-2026,0.91,0.9259,0.9,0.9,9000
ICOP,10-Sep-2026,56.24,56.24,55.24,55.47,165500
ICU,10-Sep-2026,3.09,3.3392,3.085,3.13,66800
ICUCW,10-Sep-2026,0.0151,0.016,0.014,0.0158,16100
ICUI,10-Sep-2026,159.46,160.335,155.905,157.26,171600
IDAC,10-Sep-2026,10.02,10.03,10,10,392500
IDACW,10-Sep-2026,0.34,0.3671,0.3293,0.367,2100
IDAI,10-Sep-2026,3.37,3.4,3.21,3.26,34300
IDCC,10-Sep-2026,340.67,348.8,337.77,346.44,216200
IDEF,10-Sep-2026,31.5,31.77,31.37,31.44,511500
IDN,10-Sep-2026,2.64,2.665,2.59,2.6,213000
IDVY,10-Sep-2026,26.5531,26.5531,26.5531,26.5531,100
IDXX,10-Sep-2026,508.44,514.3001,504.77,506.53,422300
IDYA,10-Sep-2026,37.85,38.405,37.37,37.45,547700
IEAGR,10-Sep-2026,0.18,0.18,0.17,0.18,2100
IEAGU,10-Sep-2026,10.37,10.37,10.37,10.37,100
IEF,10-Sep-2026,91.37,91.475,91.11,91.18,9841900
IEI,10-Sep-2026,114.96,114.9799,114.71,114.75,1617200
IEP,10-Sep-2026,6.82,6.88,6.8,6.88,724300
IESC,10-Sep-2026,317.88,328.38,315,319.52,408700
IEUS,10-Sep-2026,72.23,72.23,71.9031,71.9031,1900
IFGL,10-Sep-2026,21.96,22.03,21.84,21.8469,5900
IFLO,10-Sep-2026,36.41,36.44,36.215,36.215,34900
IFRX,10-Sep-2026,2.05,2.07,1.98,2.05,613400
IFV,10-Sep-2026,25.97,26.07,25.857,25.857,6900
IGACR,10-Sep-2026,0.135,0.1599,0.13,0.1582,27200
IGF,10-Sep-2026,64.46,64.65,64.06,64.06,590100
IGIB,10-Sep-2026,51.46,51.465,51.27,51.29,5644100
IGIC,10-Sep-2026,26.1,26.44,25.845,26.02,43500
IGOV,10-Sep-2026,41.14,41.14,40.91,40.93,58800
IGSB,10-Sep-2026,51.69,51.69,51.57,51.58,5600300
IHRT,10-Sep-2026,2.57,2.73,2.555,2.72,418200
III,10-Sep-2026,5.04,5.125,5.035,5.07,144400
IIIV,10-Sep-2026,15.15,15.76,15.07,15.52,434100
IJT,10-Sep-2026,166.17,167.02,165.42,165.67,87100
IKT,10-Sep-2026,2.37,2.385,2.32,2.33,332300
ILAG,10-Sep-2026,2.98,2.99,2.96,2.96,600
ILIT,10-Sep-2026,14.29,14.355,14.27,14.27,1800
ILLR,10-Sep-2026,0.7562,0.7709,0.7228,0.7476,70500
ILLUW,10-Sep-2026,0.3864,0.4255,0.3499,0.3499,13600
ILMN,10-Sep-2026,203.69,206.07,200.56,201.27,1294600
ILPT,10-Sep-2026,7.82,7.84,7.62,7.66,361500
IMA,10-Sep-2026,5.02,5.3,4.93,5.005,22400
IMCC,10-Sep-2026,1.96,1.97,1.7301,1.75,47700
IMCR,10-Sep-2026,34.16,34.375,33.13,33.58,237100
IMCV,10-Sep-2026,96.13,96.13,95.44,95.4839,17500
IMDX,10-Sep-2026,4.04,4.15,3.91,3.98,119400
IMKTA,10-Sep-2026,81.56,83.53,80.68,82.02,96100
IMMP,10-Sep-2026,0.355,0.355,0.325,0.3251,151200
IMMR,10-Sep-2026,7.41,7.42,7.26,7.36,379800
IMMX,10-Sep-2026,12.08,12.77,11.91,12.7,1656400
IMNM,10-Sep-2026,25.69,26.08,24.91,24.97,729800
IMNN,10-Sep-2026,1.65,1.75,1.385,1.45,1103300
IMOM,10-Sep-2026,40.56,40.67,40.5113,40.5113,6800
IMOS,10-Sep-2026,56,56.7,55.485,55.99,46400
IMPP,10-Sep-2026,5.27,5.65,5.145,5.605,1273900
IMPPP,10-Sep-2026,25.85,25.9,25.85,25.9,300
IMRN,10-Sep-2026,1.73,1.76,1.58,1.63,532800
IMRX,10-Sep-2026,4.53,4.685,4.47,4.57,625100
IMSR,10-Sep-2026,5.18,5.405,5.14,5.26,944000
IMSRW,10-Sep-2026,2.13,2.16,2.0801,2.0814,13300
IMTE,10-Sep-2026,0.4539,0.4642,0.4539,0.4642,1400
IMTX,10-Sep-2026,9.02,9.09,8.655,8.75,798700
IMUX,10-Sep-2026,12.05,12.32,11.73,11.84,295900
IMVT,10-Sep-2026,38.18,38.305,37.525,38.1,1083300
IMXI,10-Sep-2026,14.33,14.359,14.03,14.07,447000
INAB,10-Sep-2026,1.08,1.11,1.08,1.1,15600
INAC,10-Sep-2026,10.34,10.3439,10.34,10.3439,3000
INACR,10-Sep-2026,0.09,0.09,0.09,0.09,1500
INBK,10-Sep-2026,28.51,29.14,28.31,29.08,30800
INBKZ,10-Sep-2026,25.3,25.518,25.07,25.07,160900
INBS,10-Sep-2026,2.24,2.24,2.11,2.19,30300
INBX,10-Sep-2026,109.23,113.949,107.22,111.42,313800
INCR,10-Sep-2026,5.23,5.27,5.23,5.24,5200
INCY,10-Sep-2026,125.09,126.31,122.58,123.28,1462800
IND,10-Sep-2026,22.425,22.465,22.425,22.465,100
INDB,10-Sep-2026,82.19,82.83,81.31,82.8,398900
INDH,10-Sep-2026,37.94,37.9765,37.93,37.9765,500
INDI,10-Sep-2026,3.2,3.36,3.19,3.31,3852100
INDP,10-Sep-2026,2,2.63,1.97,2.56,3181000
INDQ,10-Sep-2026,25.5051,25.5051,25.5051,25.5051,100
INDV,10-Sep-2026,34.58,34.87,34.035,34.51,1319600
INDY,10-Sep-2026,42.29,42.33,42.1,42.13,66100
INEO,10-Sep-2026,0.5842,0.5947,0.5301,0.5447,2400
INGN,10-Sep-2026,5.23,5.2577,5.155,5.18,243400
INHD,10-Sep-2026,3.92,4.15,3.76,3.96,54600
INIO,10-Sep-2026,20.24,20.94,19.45,19.6,3304100
INKT,10-Sep-2026,12.6899,12.6899,12,12.13,22400
INLF,10-Sep-2026,3.5,3.5299,3.2673,3.35,27900
INM,10-Sep-2026,1.31,1.34,1.29,1.31,20500
INMB,10-Sep-2026,2.43,2.46,2.29,2.31,385800
INMD,10-Sep-2026,14.72,14.84,14.6,14.77,825000
INNV,10-Sep-2026,10.95,11.14,10.3982,10.6,286600
INO,10-Sep-2026,1.34,1.34,1.28,1.28,1955500
INOD,10-Sep-2026,53.22,54.67,52.85,53.11,543100
INRO,10-Sep-2026,36.37,36.44,36.3271,36.343,10100
INSE,10-Sep-2026,5.35,5.45,5.24,5.27,160000
INSG,10-Sep-2026,4.22,4.4,4.18,4.28,167100
INSM,10-Sep-2026,127.22,128.85,124.29,127.28,2594700
INTA,10-Sep-2026,38.54,39.0565,37.97,38.04,502000
INTC,10-Sep-2026,102.45,103.23,99.34,100.32,96887000
INTG,10-Sep-2026,38.38,39.5,37.01,38.695,97300
INTJ,10-Sep-2026,2.8,2.8,2.8,2.8,700
INTR,10-Sep-2026,5.46,5.795,5.44,5.78,7871200
INTS,10-Sep-2026,4.04,4.06,4.04,4.04,2300
INTU,10-Sep-2026,314.03,317.39,309.8,312.77,2716100
INTW,10-Sep-2026,23.73,24.1,22.2311,22.69,3591400
INTZ,10-Sep-2026,0.8251,0.8258,0.8,0.8222,61900
INV,10-Sep-2026,1.04,1.07,1.01,1.03,2240100
INVA,10-Sep-2026,21.16,21.24,20.58,20.62,836300
INVE,10-Sep-2026,2.67,2.71,2.63,2.64,103500
INVZ,10-Sep-2026,0.34,0.3448,0.32,0.3245,1319000
IOND,10-Sep-2026,77.06,81.5,76,79.88,654400
IONL,10-Sep-2026,11.19,11.89,10.98,11.03,615000
IONR,10-Sep-2026,2.9,2.96,2.88,2.91,79200
IONS,10-Sep-2026,55.75,55.77,54.91,55.65,3057300
IONX,10-Sep-2026,20.48,21.6455,19.9101,19.96,863900
IONZ,10-Sep-2026,30.55,31.24,28.89,31.2138,314000
IOSP,10-Sep-2026,93.9,94.35,92.0003,93.08,102000
IOTR,10-Sep-2026,2.36,2.381,2.3,2.3,4900
IOVA,10-Sep-2026,8.32,8.4199,8.04,8.14,10570300
IOYY,10-Sep-2026,6.0273,6.05,5.98,5.9897,8300
IPAR,10-Sep-2026,111.12,112.55,109.511,110.49,152100
IPDN,10-Sep-2026,0.1805,0.22,0.1357,0.1404,502381600
IPEX,10-Sep-2026,8.69,9.5,8.18,8.58,236800
IPEXR,10-Sep-2026,0.48,0.5725,0.48,0.53,182200
IPEXU,10-Sep-2026,8,8.1,7.5,8.1,1100
IPFX,10-Sep-2026,10.07,10.07,10.04,10.05,71600
IPFXW,10-Sep-2026,1.08,1.08,0.9201,1.04,6100
IPGP,10-Sep-2026,78.35,79.89,77.8,78.33,382000
IPHA,10-Sep-2026,1.91,1.94,1.88,1.88,8400
IPHXU,10-Sep-2026,10.1,10.11,10.09,10.1,873400
IPKW,10-Sep-2026,60.77,60.9485,60.56,60.62,27400
IPM,10-Sep-2026,1.9,1.902,1.87,1.87,5400
IPSC,10-Sep-2026,2.03,2.03,1.91,1.94,510000
IPST,10-Sep-2026,3.79,3.86,3.6605,3.76,21200
IPW,10-Sep-2026,1.61,1.81,1.5705,1.7,65900
IPWR,10-Sep-2026,4.75,5.1,4.75,4.82,136400
IPX,10-Sep-2026,20.35,20.68,19.26,19.42,304700
IPXG,10-Sep-2026,10.05,10.06,10.04,10.05,23800
IQ,10-Sep-2026,0.93,0.9697,0.922,0.9367,4074600
IQMX,10-Sep-2026,10.25,10.51,10.2,10.23,184900
IQMXW,10-Sep-2026,2,2.175,2,2,5600
IQQ,10-Sep-2026,23.95,24.09,23.9203,23.98,352200
IQQQ,10-Sep-2026,47.56,48.17,47.52,47.64,29000
IQST,10-Sep-2026,0.92,0.9996,0.8969,0.9694,350200
IRD,10-Sep-2026,5.87,6.24,5.4,6.07,6536900
IRDM,10-Sep-2026,46.64,47.81,46.2,47.03,667600
IREG,10-Sep-2026,8.98,9.74,8.75,8.81,673400
IREN,10-Sep-2026,44.01,45.8499,43.45,43.64,35839500
IRHO,10-Sep-2026,10.06,10.06,10.05,10.06,3200
IRHOR,10-Sep-2026,0.2047,0.2047,0.1601,0.1886,68600
IRHOU,10-Sep-2026,10.24,10.25,10.195,10.2499,800
IRIX,10-Sep-2026,0.68,0.6899,0.66,0.6751,102200
IRMD,10-Sep-2026,83.08,83.2,81.405,81.87,120200
IRON,10-Sep-2026,75.89,76.59,73.16,74.14,480800
IRTC,10-Sep-2026,118.08,121.55,112.33,112.88,727300
IRWD,10-Sep-2026,4.03,4.05,3.94,3.97,1174300
ISBA,10-Sep-2026,38.835,39.375,38.28,38.91,31500
ISHG,10-Sep-2026,76,76,75.68,75.72,30400
ISHP,10-Sep-2026,34.5184,34.5184,34.5184,34.5184,100
ISNR,10-Sep-2026,9.82,9.82,9.81,9.8101,2300
ISNRW,10-Sep-2026,0.2101,0.2101,0.2003,0.2003,700
ISPC,10-Sep-2026,1.42,1.59,1.38,1.5,532900
ISPR,10-Sep-2026,1.47,1.47,1.35,1.43,7200
ISRG,10-Sep-2026,347.66,362.475,345.25,360.46,3371400
ISRL,10-Sep-2026,25.03,25.03,24.6649,24.6649,1300
ISTB,10-Sep-2026,47.63,47.64,47.55,47.55,580100
ISTM,10-Sep-2026,30.74,30.7594,30.44,30.455,3700
ISTR,10-Sep-2026,30.39,30.715,30.24,30.67,122300
ISUL,10-Sep-2026,12,13.08,12,12.9473,74100
ITG,10-Sep-2026,13.17,14.12,13.17,13.59,223800
ITIC,10-Sep-2026,299.28,303.99,297,301.32,66800
ITOC,10-Sep-2026,0.3009,0.308,0.298,0.3044,66300
ITRI,10-Sep-2026,93.46,94.3223,92.68,93.55,422900
ITRN,10-Sep-2026,51.31,52.29,51,51.75,111400
IUS,10-Sep-2026,68.97,69.06,68.83,68.8577,28600
IUSB,10-Sep-2026,44.9,44.96,44.81,44.835,4180100
IUSG,10-Sep-2026,188.67,189.25,188.08,188.58,503500
IUSV,10-Sep-2026,113.12,113.18,112.7643,112.8699,566200
IVA,10-Sep-2026,4.41,4.41,4.13,4.14,808200
IVAL,10-Sep-2026,36.97,36.97,36.8,36.823,8800
IVDA,10-Sep-2026,0.2899,0.2899,0.2818,0.2841,78600
IVF,10-Sep-2026,0.95,0.9798,0.95,0.964,64400
IVSI,10-Sep-2026,29.38,29.51,29.2196,29.2196,6600
IVSS,10-Sep-2026,29.75,29.76,29.64,29.6555,14500
IVSX,10-Sep-2026,25.5458,25.5458,25.5458,25.5458,100
IVVD,10-Sep-2026,0.7822,0.8151,0.7703,0.7759,1900500
IXHL,10-Sep-2026,3.23,3.345,3.17,3.25,50800
IXUS,10-Sep-2026,96.67,96.88,96.15,96.28,2591700
IZEA,10-Sep-2026,2.9034,2.97,2.9034,2.96,20000
IZM,10-Sep-2026,0.235,0.2435,0.2313,0.2344,26600
JACK,10-Sep-2026,14.6,15.14,14.5,14.66,471100
JAGX,10-Sep-2026,0.3669,0.3669,0.3096,0.319,759100
JAKK,10-Sep-2026,23.73,23.8,23.495,23.79,51800
JANX,10-Sep-2026,19.17,19.33,17.6,17.68,980200
JAPN,10-Sep-2026,25.16,25.24,25.05,25.0816,11600
JATT,10-Sep-2026,12.2,12.36,12,12.36,59400
JAZZ,10-Sep-2026,240.94,244.46,239.285,240.48,1029400
JBDI,10-Sep-2026,1.21,1.24,1.21,1.24,2700
JBHT,10-Sep-2026,267.11,270.2,265.265,267.83,631900
JBIO,10-Sep-2026,18.82,19.33,18.59,19.14,1224800
JBLU,10-Sep-2026,4.3,4.52,4.28,4.39,26287400
JBSS,10-Sep-2026,71.11,72.16,70.001,70.84,109600
JCAP,10-Sep-2026,21.49,21.8,21.085,21.2,168400
JCSE,10-Sep-2026,1.51,1.51,1.41,1.46,3900
JCTC,10-Sep-2026,2.93,3.04,2.91,2.93,14900
JD,10-Sep-2026,26.75,27.075,26.75,27.02,6818200
JDOC,10-Sep-2026,60.8066,60.8066,60.8066,60.8066,100
JDZG,10-Sep-2026,3.44,3.85,3.44,3.53,693500
JEM,10-Sep-2026,4.04,4.05,3.87,3.94,33500
JEPQ,10-Sep-2026,59.2,59.51,59.125,59.3,4978000
JF,10-Sep-2026,0.935,0.9703,0.925,0.925,3300
JFIN,10-Sep-2026,1.5,1.52,1.42,1.44,57500
JFU,10-Sep-2026,2.76,2.76,2.76,2.76,300
JG,10-Sep-2026,6.13,6.5,6.0285,6.5,5000
JGLO,10-Sep-2026,72.32,72.42,72.0796,72.11,49200
JHAI,10-Sep-2026,33.79,33.9999,33.7414,33.7414,2500
JIVE,10-Sep-2026,98.31,98.44,97.85,97.95,336300
JJSF,10-Sep-2026,82.45,84.13,81.53,82.56,159300
JKHY,10-Sep-2026,158.75,162.53,158.75,161.42,796400
JL,10-Sep-2026,4.6775,4.99,4.6775,4.9502,9400
JLHL,10-Sep-2026,6.1,6.17,6.01,6.03,85800
JLVP,10-Sep-2026,49.9281,49.9281,49.9281,49.9281,100
JMID,10-Sep-2026,30.885,31.0399,30.8303,30.8303,2100
JMSB,10-Sep-2026,22.84,23.56,22.695,23.19,71500
JONER,10-Sep-2026,0.165,0.165,0.15,0.155,2700
JOUT,10-Sep-2026,44.95,44.95,44.08,44.235,38900
JOYY,10-Sep-2026,73.89,75.84,73.89,74.83,363400
JPEF,10-Sep-2026,80.48,80.48,80.15,80.2996,73800
JPFP,10-Sep-2026,51.5,51.5,51.26,51.4652,1700
JPY,10-Sep-2026,39.02,39.02,38.83,38.8309,1500
JRSH,10-Sep-2026,5.31,5.44,5.225,5.27,56500
JRVR,10-Sep-2026,3.95,3.98,3.84,3.85,296300
JSM,10-Sep-2026,17.81,17.95,17.81,17.895,5700
JSMD,10-Sep-2026,91,91.68,90.74,90.8061,46300
JSML,10-Sep-2026,86.57,87.27,86.1901,86.3722,12500
JSPR,10-Sep-2026,0.69,0.73,0.69,0.7007,208000
JTAI,10-Sep-2026,1.2799,1.3203,1.245,1.25,77400
JTEK,10-Sep-2026,99.06,100.18,98.6,99.06,406400
JTTT,10-Sep-2026,11.2124,11.2124,10.92,10.99,4100
JUNS,10-Sep-2026,3.05,3.4064,3.05,3.15,42800
JVA,10-Sep-2026,3.4,3.4626,3.395,3.43,40400
JWEL,10-Sep-2026,2.06,2.3,2.04,2.125,113100
JXG,10-Sep-2026,9.5,9.7,8.5,9.15,11300
JYD,10-Sep-2026,0.8451,0.8451,0.81,0.818,5800
JYNT,10-Sep-2026,8.08,8.11,7.99,8.03,69800
JZ,10-Sep-2026,0.9547,0.9786,0.725,0.77,12867100
JZXN,10-Sep-2026,1.13,1.17,1.1201,1.16,20700
KALA,10-Sep-2026,0.56,0.602,0.5503,0.5629,309300
KALU,10-Sep-2026,163.15,164.18,157.325,158.42,223200
KARD,10-Sep-2026,19.85,20.035,18.69,18.69,433100
KARO,10-Sep-2026,63.73,64.31,63.04,63.855,43900
KAT,10-Sep-2026,57.48,57.582,57.2415,57.3663,20700
KAZR,10-Sep-2026,2.3,2.464,2.27,2.35,518600
KBAB,10-Sep-2026,6.6,6.6,6.43,6.5351,14500
KBDU,10-Sep-2026,11.33,11.402,11.26,11.402,5600
KBON,10-Sep-2026,10.12,10.12,10.1,10.1,27100
KBONW,10-Sep-2026,0.62,0.62,0.62,0.62,3300
KBSX,10-Sep-2026,1,1,0.98,0.98,4200
KBWB,10-Sep-2026,95.86,96.485,95.655,96.28,1633600
KBWD,10-Sep-2026,12.13,12.13,11.95,11.98,660100
KBWP,10-Sep-2026,129.97,130.4176,129.2648,129.6959,11300
KBWY,10-Sep-2026,17.59,17.66,17.385,17.45,233300
KC,10-Sep-2026,9.805,10.035,9.77,9.9,1372700
KDK,10-Sep-2026,3.86,3.9491,3.76,3.8,921600
KDKRW,10-Sep-2026,0.5548,0.6152,0.55,0.5522,2000
KDP,10-Sep-2026,32.25,32.25,31.435,31.46,10454300
KE,10-Sep-2026,24.84,25.3089,24.7353,24.86,160200
KEAT,10-Sep-2026,34.565,34.565,34.501,34.545,900
KEEL,10-Sep-2026,3.58,3.63,3.44,3.44,26618700
KELYA,10-Sep-2026,15.96,16.085,15.825,15.92,173400
KEQU,10-Sep-2026,34,34.8434,32,34.535,12400
KEYY,10-Sep-2026,9.91,9.91,9.9,9.9,52400
KFFB,10-Sep-2026,5.73,5.95,5.67,5.95,6200
KG,10-Sep-2026,7.08,7.53,6.31,6.31,109800
KGEI,10-Sep-2026,6.83,6.879,6.47,6.53,143300
KHC,10-Sep-2026,24.9,24.9,24.24,24.39,23859000
KIDS,10-Sep-2026,21.65,22.145,21,21.56,492200
KIDZ,10-Sep-2026,3.36,3.6699,3.33,3.53,32000
KINS,10-Sep-2026,19.35,19.67,19.08,19.25,47400
KIQQ,10-Sep-2026,24.6186,24.6186,24.6186,24.6186,100
KITT,10-Sep-2026,0.6703,0.689,0.6352,0.644,438400
KITTW,10-Sep-2026,0.0119,0.0134,0.0118,0.0132,21500
KJD,10-Sep-2026,14.99,15.01,14.93,14.9938,1300
KLAC,10-Sep-2026,176.67,180.64,174.18,177.18,10643100
KLAG,10-Sep-2026,22.62,23.79,22.175,22.9226,35800
KLIC,10-Sep-2026,81.56,83.7075,81.2,82.97,521400
KLRA,10-Sep-2026,14.58,14.975,14.51,14.91,661500
KLRS,10-Sep-2026,3.55,3.66,3.3,3.3,60800
KLTR,10-Sep-2026,1.42,1.47,1.4103,1.43,142500
KLXE,10-Sep-2026,1.56,1.56,1.53,1.54,524000
KLXER,10-Sep-2026,0.132,0.14,0.0961,0.133,341000
KMB,10-Sep-2026,98.725,99.54,98.275,98.48,9875600
KMDA,10-Sep-2026,8.09,8.14,7.97,7.99,110200
KMLI,10-Sep-2026,9.51,10.3999,9.39,9.98,111500
KMRK,10-Sep-2026,0.98,1.0256,0.9418,0.9418,2800
KMTS,10-Sep-2026,23.45,24.425,23.25,23.57,310400
KNDI,10-Sep-2026,0.5865,0.615,0.5865,0.6004,33900
KNGZ,10-Sep-2026,41.72,41.725,41.72,41.725,300
KNSA,10-Sep-2026,77.66,78.4203,75.9859,76.48,459800
KOD,10-Sep-2026,33.29,33.41,32.61,32.87,668300
KOID,10-Sep-2026,35.54,35.72,35.35,35.37,133300
KOPN,10-Sep-2026,4.17,4.425,4.14,4.385,3194100
KOSS,10-Sep-2026,3.47,3.475,3.3,3.4,9500
KOYN,10-Sep-2026,10.235,10.235,10.23,10.23,10500
KPDD,10-Sep-2026,4.62,4.635,4.54,4.5702,174700
KPLT,10-Sep-2026,9.21,9.5,8.88,9.165,191000
KPRX,10-Sep-2026,2.48,2.58,2.47,2.58,15900
KPTI,10-Sep-2026,1.68,1.68,1.595,1.62,800900
KQQQ,10-Sep-2026,28.61,28.61,28.465,28.58,27000
KRAQU,10-Sep-2026,10.12,10.1356,10.12,10.1356,200
KRAQW,10-Sep-2026,0.4,0.475,0.4,0.4,4400
KRKR,10-Sep-2026,3.18,3.25,3.12,3.15,14900
KRMD,10-Sep-2026,3.23,3.24,3.1199,3.15,160200
KRNT,10-Sep-2026,15.73,15.97,15.51,15.56,210900
KRNY,10-Sep-2026,9.73,9.9,9.65,9.83,346000
KROP,10-Sep-2026,38.305,38.305,38,38.09,34400
KROS,10-Sep-2026,11.16,11.2,11,11.17,128700
KRRO,10-Sep-2026,12.8,13.16,12.38,13.06,145700
KRSA,10-Sep-2026,23.53,25.52,22.99,24.56,33200
KRT,10-Sep-2026,46.58,46.88,45.18,46.77,89900
KRUS,10-Sep-2026,42,42.225,40.99,41.13,189000
KRYS,10-Sep-2026,347.56,349.655,344.26,345.55,175700
KSCP,10-Sep-2026,1.42,1.45,1.382,1.41,417900
KSMH,10-Sep-2026,27,27,26.7276,26.7276,800
KSPI,10-Sep-2026,97.99,98.785,96.88,97.15,1583300
KTCC,10-Sep-2026,2.3451,2.4,2.3451,2.39,29900
KTOS,10-Sep-2026,46.99,48.7,46.3101,46.98,3414700
KTTA,10-Sep-2026,0.5701,0.5759,0.52,0.54,246900
KURA,10-Sep-2026,12,12,11.4409,11.57,1814400
KUST,10-Sep-2026,0.766,0.8,0.73,0.7471,136000
KVHI,10-Sep-2026,6.98,7.19,6.96,7.14,114700
KXIN,10-Sep-2026,1.08,1.18,1.01,1.085,54600
KYIV,10-Sep-2026,13.5,14.17,13.47,13.87,336600
KYIVW,10-Sep-2026,5.29,5.29,5.125,5.2,30400
KYMR,10-Sep-2026,116.05,119.63,114.35,117,734300
KYNB,10-Sep-2026,8.42,8.42,7.03,7.975,83800
KYTX,10-Sep-2026,7.51,7.53,7.34,7.35,854400
KZIA,10-Sep-2026,11.75,11.75,10.83,11.01,374200
LAB,10-Sep-2026,0.7135,0.7174,0.675,0.6897,1216100
LABT,10-Sep-2026,2.24,2.2993,2.03,2.05,286700
LAES,10-Sep-2026,2.36,2.405,2.34,2.38,4099400
LAKE,10-Sep-2026,10.53,10.76,8.81,9.64,272800
LAMR,10-Sep-2026,148.67,149.445,147.21,147.7,446400
LAND,10-Sep-2026,9.43,9.575,9.39,9.48,556800
LANDO,10-Sep-2026,20.52,20.719,20.4,20.68,28100
LANDP,10-Sep-2026,20.45,20.45,20.3,20.3,39100
LARK,10-Sep-2026,31.95,32.48,31.615,32.48,8300
LASE,10-Sep-2026,0.8012,0.805,0.667,0.7096,16603000
LASR,10-Sep-2026,40,41.15,39.24,39.29,771000
LATA,10-Sep-2026,10.191,10.191,10.19,10.19,2500
LATAW,10-Sep-2026,0.225,0.225,0.225,0.225,500
LAUR,10-Sep-2026,35.91,36.22,35.26,35.775,667500
LBGJ,10-Sep-2026,2.1,2.16,1.91,1.94,798500
LBRX,10-Sep-2026,47.2,47.2,45.5,46.25,174700
LBTYA,10-Sep-2026,10.49,10.685,10.485,10.62,1810200
LBTYB,10-Sep-2026,12.45,12.45,12.45,12.45,500
LBTYK,10-Sep-2026,10.34,10.485,10.245,10.4,1366800
LCDS,10-Sep-2026,73.12,73.12,73.108,73.108,200
LCFY,10-Sep-2026,2.3701,2.3799,2.18,2.22,8600
LCID,10-Sep-2026,4.215,4.385,4.12,4.18,9370200
LCNB,10-Sep-2026,18.93,19.2,18.85,19.2,22100
LCUT,10-Sep-2026,8.64,8.64,8.31,8.4,192100
LDEM,10-Sep-2026,61.27,61.36,61.1016,61.1016,500
LDRX,10-Sep-2026,36.365,36.4294,36.32,36.3697,1900
LDSF,10-Sep-2026,18.84,18.84,18.7,18.71,28500
LE,10-Sep-2026,10.59,10.59,10.31,10.33,170100
LECO,10-Sep-2026,267.15,267.23,247.8,251.06,894200
LEDS,10-Sep-2026,2.12,2.12,2.04,2.11,6600
LEE,10-Sep-2026,7.51,7.79,7.31,7.43,40600
LEGH,10-Sep-2026,27.11,27.51,26.37,27.49,102000
LEGN,10-Sep-2026,19.7,19.88,19.15,19.19,1824500
LEGR,10-Sep-2026,66.49,66.62,66.44,66.4681,1700
LEND,10-Sep-2026,24.7,24.72,24.64,24.645,53300
LENZ,10-Sep-2026,4.85,4.88,4.68,4.72,569000
LESL,10-Sep-2026,0.51,0.5479,0.51,0.51,167500
LEXI,10-Sep-2026,40.31,40.31,40.18,40.1853,19700
LEXX,10-Sep-2026,7,7.5,4.04,4.05,226200
LFACW,10-Sep-2026,0.3,0.3,0.29,0.2901,5100
LFCR,10-Sep-2026,4,4.27,4,4.09,199000
LFMD,10-Sep-2026,2.91,3.065,2.91,3.03,1025200
LFMDP,10-Sep-2026,23.07,23.07,23,23.0001,2300
LFS,10-Sep-2026,2.15,2.2537,2.1401,2.17,45100
LFSC,10-Sep-2026,45.5,45.69,45.33,45.371,5200
LFST,10-Sep-2026,12.6,13.265,12.6,13,5941400
LFTO,10-Sep-2026,18.01,18.4402,17.47,17.55,800400
LFUS,10-Sep-2026,415.46,422.43,406.38,413.42,184800
LFVN,10-Sep-2026,6.57,6.58,6.2616,6.37,30200
LFWD,10-Sep-2026,7.12,7.15,7.12,7.13,2400
LGCF,10-Sep-2026,38.76,38.7654,38.76,38.7654,900
LGCL,10-Sep-2026,3.34,3.34,3.01,3.07,108200
LGDS,10-Sep-2026,48.67,48.9151,48.67,48.7907,12900
LGHL,10-Sep-2026,8.21,8.98,7.14,7.82,104800
LGIH,10-Sep-2026,51.08,51.24,48.45,48.7,372000
LGN,10-Sep-2026,53.84,55.81,52.7,53.55,892100
LGND,10-Sep-2026,285,291.26,283.04,289.25,146500
LGO,10-Sep-2026,0.6981,0.7166,0.68,0.685,243700
LGRO,10-Sep-2026,46.02,46.02,45.915,45.9301,900
LGVN,10-Sep-2026,6.52,6.7999,6.5,6.64,59500
LHAI,10-Sep-2026,1.19,1.21,1.0702,1.11,272200
LHSW,10-Sep-2026,0.9673,0.9999,0.62,0.6501,4360000
LI,10-Sep-2026,11.77,11.79,11.62,11.65,3193000
LICN,10-Sep-2026,1.11,1.16,1.08,1.08,10900
LIDR,10-Sep-2026,1.31,1.3395,1.28,1.28,894100
LIEN,10-Sep-2026,10.2,10.25,10.1,10.175,26500
LIF,10-Sep-2026,41.18,42.81,41.17,41.56,503500
LIFE,10-Sep-2026,38.61,40,37.76,38.85,874900
LILA,10-Sep-2026,8.67,8.74,8.565,8.7,298500
LILAK,10-Sep-2026,8.64,8.72,8.53,8.68,908300
LILAP,10-Sep-2026,20.9,20.9,20.51,20.55,169200
LIME,10-Sep-2026,33.45,34.36,31.77,32.72,301200
LIMN,10-Sep-2026,3.54,3.8,3.4505,3.63,20100
LIN,10-Sep-2026,465.41,467.125,460.2,461.62,2149200
LINC,10-Sep-2026,24.2,24.885,24.12,24.38,701100
LIND,10-Sep-2026,24.6,25.4,24.31,25.29,539100
LINE,10-Sep-2026,37.26,37.71,36.905,37.39,997000
LINK,10-Sep-2026,5.63,5.7938,5.3801,5.74,19100
LINT,10-Sep-2026,121.14,121.8,113.84,115.75,104500
LIQT,10-Sep-2026,0.6406,0.73,0.6191,0.72,142200
LITE,10-Sep-2026,959.44,994.5,933.82,935.7,3962400
LITP,10-Sep-2026,11.16,11.16,10.88,10.9121,29900
LITS,10-Sep-2026,1,1.1,1,1.06,230900
LIVE,10-Sep-2026,8.78,8.8,8.15,8.2,6700
LIVN,10-Sep-2026,78.11,78.88,77.37,78.18,426000
LKFN,10-Sep-2026,60.08,60.565,59.25,60.51,170400
LKFT,10-Sep-2026,27.29,27.3,26.8,26.81,170000
LKQ,10-Sep-2026,24.2,24.32,23.585,23.63,2930700
LKSP,10-Sep-2026,10.23,10.23,10.22,10.22,32100
LKSPR,10-Sep-2026,1.05,1.15,1.05,1.15,300
LLYVA,10-Sep-2026,94.01,95.19,92.84,93.38,104200
LLYVK,10-Sep-2026,96.31,98.99,96.31,96.85,249800
LMAT,10-Sep-2026,78.91,80.25,78.29,78.8,291100
LMB,10-Sep-2026,48.37,48.94,47.23,48.31,380700
LMBS,10-Sep-2026,49.28,49.35,49.22,49.23,375700
LMNR,10-Sep-2026,13.37,13.93,13.12,13.31,457100
LMTL,10-Sep-2026,31.76,32.1302,31.59,32.1302,10700
LNAI,10-Sep-2026,2.57,2.57,2.435,2.435,4000
LNKS,10-Sep-2026,1,1.02,0.96,0.9876,28000
LNSR,10-Sep-2026,8.435,8.435,8.05,8.05,70600
LNT,10-Sep-2026,67.89,68.43,67.16,67.25,1863100
LNTH,10-Sep-2026,100.65,100.98,100.37,100.39,868600
LNZA,10-Sep-2026,5.86,6.07,5.79,5.88,38300
LNZAW,10-Sep-2026,0.0106,0.0147,0.0106,0.0147,300
LOAN,10-Sep-2026,4.075,4.08,4.035,4.08,16400
LOBO,10-Sep-2026,0.6099,0.61,0.5729,0.5844,28100
LOCO,10-Sep-2026,15.03,15.255,14.98,15.06,205800
LOGI,10-Sep-2026,98.31,100.51,98.3,99.77,754000
LOGO,10-Sep-2026,20.265,20.265,20.265,20.265,100
LONA,10-Sep-2026,7.14,7.705,6.81,6.86,42200
LOOP,10-Sep-2026,0.435,0.4431,0.41,0.4409,324800
LOPE,10-Sep-2026,151.24,153.08,150.31,151.22,266100
LOT,10-Sep-2026,1.04,1.06,1,1.01,447200
LOTI,10-Sep-2026,25.79,25.8,25.7856,25.7856,4500
LOVE,10-Sep-2026,14.04,15.31,13.95,14.26,715500
LPAA,10-Sep-2026,10.76,10.76,10.76,10.76,700
LPAAW,10-Sep-2026,0.15,0.1682,0.14,0.1401,23400
LPBB,10-Sep-2026,10.815,10.82,10.815,10.815,300
LPBBW,10-Sep-2026,0.24,0.24,0.22,0.22,2900
LPCN,10-Sep-2026,2.315,2.345,2.25,2.25,9300
LPCVW,10-Sep-2026,0.33,0.33,0.33,0.33,7000
LPLA,10-Sep-2026,351.28,353.06,347.12,347.26,380600
LPTH,10-Sep-2026,9.79,10.22,9.57,9.68,3548800
LQ,10-Sep-2026,24.61,24.61,24.61,24.61,100
LQDA,10-Sep-2026,67.87,68.35,66.62,67.85,955000
LQDT,10-Sep-2026,41.18,41.8474,41.18,41.49,145100
LRCX,10-Sep-2026,302.14,307.03,297.01,298.01,10603500
LRE,10-Sep-2026,1.272,1.28,1.272,1.28,6700
LRGE,10-Sep-2026,87.27,87.7135,87.16,87.2825,12200
LRHC,10-Sep-2026,2.74,2.755,2.46,2.66,39800
LRMR,10-Sep-2026,3.82,3.86,3.74,3.85,871300
LRND,10-Sep-2026,45.79,45.87,45.79,45.8019,694100
LSAK,10-Sep-2026,4.51,4.68,4.29,4.49,172700
LSBK,10-Sep-2026,18.72,18.99,18.59,18.85,32700
LSCC,10-Sep-2026,113.75,115.37,111.2,114.14,906200
LSE,10-Sep-2026,5.1512,5.1512,5.11,5.11,1500
LSTA,10-Sep-2026,1.915,1.915,1.5381,1.64,236600
LSTR,10-Sep-2026,173.62,174.94,172.3,173.7,242800
LTBR,10-Sep-2026,7.43,7.54,7.29,7.34,548300
LTCC,10-Sep-2026,12.675,12.7827,12.6,12.7006,21400
LTGO,10-Sep-2026,22.78,23.1691,21.275,21.54,177700
LTGR,10-Sep-2026,9.94,9.965,9.94,9.965,12200
LTGRU,10-Sep-2026,10,10.09,9.98,10.09,2800
LTGRW,10-Sep-2026,0.26,0.28,0.26,0.2756,1700
LTRN,10-Sep-2026,1.73,1.8694,1.72,1.76,163000
LTRX,10-Sep-2026,5.2,5.28,5.035,5.06,891400
LTRYW,10-Sep-2026,0.0049,0.0049,0.0047,0.0048,30000
LUCD,10-Sep-2026,0.83,0.8301,0.7886,0.8041,1254400
LUCY,10-Sep-2026,0.86,0.87,0.83,0.8434,133300
LULG,10-Sep-2026,4.07,4.168,3.83,3.94,1437700
LULU,10-Sep-2026,98.71,99.62,95.67,96.88,7874100
LUNG,10-Sep-2026,1.9,1.91,1.815,1.85,479300
LUNR,10-Sep-2026,14.56,15.38,14.38,14.62,6802100
LVHD,10-Sep-2026,43.63,43.65,43.34,43.37,33200
LVIG,10-Sep-2026,96.95,96.9636,96.95,96.9636,600
LVLU,10-Sep-2026,11.69,11.95,10.51,10.905,81100
LVO,10-Sep-2026,3.87,4.16,3.81,3.94,54900
LWACW,10-Sep-2026,0.148,0.1892,0.1201,0.1892,2200
LWAY,10-Sep-2026,24.81,25.045,24.5,24.83,90900
LWLG,10-Sep-2026,5.08,5.345,5.08,5.16,1996000
LX,10-Sep-2026,0.8068,0.8302,0.8001,0.8072,1388500
LXEH,10-Sep-2026,1.62,1.8,1.62,1.7117,16300
LXEO,10-Sep-2026,4.43,4.44,4.31,4.36,420800
LXRX,10-Sep-2026,2.11,2.14,2.01,2.02,2938700
LYEL,10-Sep-2026,12.7,12.71,12.04,12.2,111100
LYFT,10-Sep-2026,14.71,15.1766,14.5352,15.02,9148500
LYTS,10-Sep-2026,19.22,19.72,19.22,19.59,411900
LZ,10-Sep-2026,5.81,6.035,5.789,5.91,4372300
LZMH,10-Sep-2026,1.29,1.29,1.23,1.23,13200
MAAS,10-Sep-2026,14.92,15.9,14.91,15.67,71400
MAAY,10-Sep-2026,5.28,5.295,5.21,5.2596,41900
MACI,10-Sep-2026,11,11,11,11,2700
MAKO,10-Sep-2026,9.99,10.0999,9.75,9.82,157300
MAMA,10-Sep-2026,15.26,15.5,14.985,15.02,505900
MAMO,10-Sep-2026,1.02,1.02,0.987,0.987,8800
MANH,10-Sep-2026,206.41,209.0955,204.56,205.02,623300
MAR,10-Sep-2026,330.5,334.12,328.595,329.07,1580400
MARA,10-Sep-2026,11.64,11.8,11.22,11.43,38535800
MARPS,10-Sep-2026,4.7343,4.7343,4.6,4.6,1700
MASK,10-Sep-2026,1.2561,1.31,1.2561,1.26,39900
MASS,10-Sep-2026,9.77,9.87,9.32,9.35,309300
MAT,10-Sep-2026,13.72,13.81,13.515,13.81,3158100
MATE,10-Sep-2026,31.35,31.5202,31.35,31.5202,22100
MATH,10-Sep-2026,0.9599,0.9599,0.9303,0.9303,1000
MATW,10-Sep-2026,20.36,20.88,20,20.04,745600
MAXI,10-Sep-2026,13.25,13.26,13.045,13.1893,19100
MAYS,10-Sep-2026,40.99,41,40.1197,40.1197,1600
MAZE,10-Sep-2026,24.26,25.62,23.9401,24.82,1181200
MB,10-Sep-2026,4.4,4.4,4.25,4.38,4800
MBAI,10-Sep-2026,6.37,6.8,6.12,6.6,63600
MBB,10-Sep-2026,91.73,91.795,91.46,91.48,4316800
MBBC,10-Sep-2026,15.26,15.29,15.145,15.145,800
MBIN,10-Sep-2026,52.53,53.85,52.1,52.98,157500
MBINL,10-Sep-2026,24.82,24.945,24.82,24.85,10200
MBINM,10-Sep-2026,25.63,25.72,25.63,25.72,2200
MBINN,10-Sep-2026,19.97,20.0999,19.8,20,5600
MBIO,10-Sep-2026,0.5398,0.5398,0.52,0.52,20600
MBLY,10-Sep-2026,8,8.335,7.859,8.21,4004500
MBNKO,10-Sep-2026,25.85,25.88,25.74,25.88,600
MBOT,10-Sep-2026,1.45,1.475,1.45,1.46,203000
MBRX,10-Sep-2026,0.788,0.83,0.7735,0.8299,533600
MBS,10-Sep-2026,8.48,8.48,8.41,8.4251,70700
MBUU,10-Sep-2026,25.47,25.655,24.94,25.06,397500
MBVI,10-Sep-2026,10.24,10.24,10.231,10.231,700
MBWM,10-Sep-2026,60.33,61.355,59.99,61.3,104700
MBX,10-Sep-2026,62.43,63.015,60.65,60.94,457200
MCAH,10-Sep-2026,10.02,10.02,10.01,10.02,744100
MCBS,10-Sep-2026,35.1,35.445,34.58,35.37,54400
MCDS,10-Sep-2026,66.229,66.229,66.229,66.229,100
MCFT,10-Sep-2026,24.12,24.7007,20.44,20.57,680700
MCGA,10-Sep-2026,10.36,10.37,10.36,10.36,5200
MCGAW,10-Sep-2026,0.33,0.33,0.32,0.33,67400
MCHB,10-Sep-2026,15.43,15.44,15.22,15.43,499400
MCHI,10-Sep-2026,53.035,53.06,52.775,52.8,1320400
MCHP,10-Sep-2026,71.43,72.6,70.94,71.58,7596600
MCHPP,10-Sep-2026,61.95,62.45,61.615,61.92,8200
MCHS,10-Sep-2026,39.83,39.95,39.81,39.9076,2900
MCHX,10-Sep-2026,1.58,1.58,1.42,1.425,82100
MCRB,10-Sep-2026,5.24,5.27,5.05,5.1,32000
MCRI,10-Sep-2026,120.74,121.965,119.18,119.61,156300
MDAI,10-Sep-2026,1.57,1.6,1.54,1.56,138500
MDAIW,10-Sep-2026,0.5,0.5389,0.45,0.5321,1600
MDB,10-Sep-2026,360.42,378.21,356.01,373.87,1636400
MDBH,10-Sep-2026,2.8,2.839,2.8,2.839,3500
MDCX,10-Sep-2026,0.1718,0.1724,0.157,0.1614,18164100
MDCXW,10-Sep-2026,0.39,0.39,0.31,0.31,900
MDGL,10-Sep-2026,543.12,543.12,519.095,533.12,225700
MDIA,10-Sep-2026,1.1,1.1812,1.1,1.1799,8500
MDIV,10-Sep-2026,16.66,16.66,16.575,16.6,96800
MDLN,10-Sep-2026,33.77,33.8,32.29,32.39,7325000
MDLZ,10-Sep-2026,62.49,62.62,61.83,62.47,7098900
MDRR,10-Sep-2026,11.9923,11.9923,11.9923,11.9923,400
MDWD,10-Sep-2026,13.74,13.82,13.385,13.71,149800
MDXG,10-Sep-2026,4.65,4.69,4.5,4.6,1622100
MDXH,10-Sep-2026,0.695,0.6995,0.667,0.676,283400
MEDP,10-Sep-2026,582.68,587.67,577.64,583.16,195500
MEDS,10-Sep-2026,0.8799,0.903,0.8501,0.892,80000
MEDX,10-Sep-2026,35.0604,35.0604,35.0604,35.0604,100
MEGL,10-Sep-2026,1.24,1.2798,1.24,1.2798,3200
MELI,10-Sep-2026,1867.39,1946.84,1840,1906.24,451000
MEMA,10-Sep-2026,31.7,31.93,31.56,31.6934,28700
MEMS,10-Sep-2026,30.5001,30.5001,30.455,30.455,200
MENS,10-Sep-2026,2.15,2.195,1.965,2.01,68500
MEOH,10-Sep-2026,62.79,63.41,62.285,62.72,1132200
MERC,10-Sep-2026,0.37,0.3774,0.3582,0.3768,702900
MESH,10-Sep-2026,10.09,10.1,10.08,10.08,53500
MESHW,10-Sep-2026,0.34,0.35,0.34,0.34,16600
MESO,10-Sep-2026,15.8,15.8,15.45,15.5,182000
META,10-Sep-2026,653.71,663.5,642.14,644.38,21531800
METC,10-Sep-2026,11.77,11.84,11.42,11.45,2058000
METCB,10-Sep-2026,6.43,6.605,6.26,6.41,74200
METCI,10-Sep-2026,25.4,25.4,25.4,25.4,100
METCZ,10-Sep-2026,25.42,25.42,25.391,25.4,3000
METD,10-Sep-2026,14.6,14.82,14.36,14.78,869500
METL,10-Sep-2026,28.58,28.58,27.95,27.98,11200
METU,10-Sep-2026,25.57,26.34,24.67,24.82,5641100
MEVO,10-Sep-2026,10.02,10.025,10.02,10.02,79600
MEVOW,10-Sep-2026,0.33,0.3804,0.28,0.365,22100
MF,10-Sep-2026,12.1,12.89,11.6,12.35,176300
MFI,10-Sep-2026,9.56,9.8,9.21,9.28,16100
MFIC,10-Sep-2026,9.12,9.15,9.01,9.05,541400
MFICL,10-Sep-2026,25.08,25.09,25.0607,25.08,26300
MFIG,10-Sep-2026,21.05,21.1,20.98,20.985,2200
MFIN,10-Sep-2026,12.075,12.1847,11.98,12.13,41500
MFLX,10-Sep-2026,16.38,16.4249,16.36,16.39,2400
MFMO,10-Sep-2026,22.13,22.24,22.0575,22.0575,1700
MFP,10-Sep-2026,42.13,43.4,41.2,41.57,291900
MFVL,10-Sep-2026,21.99,22.04,21.98,21.9996,2400
MGEE,10-Sep-2026,76.91,77.03,76.0714,76.44,103600
MGIH,10-Sep-2026,1.51,1.54,1.5,1.54,6300
MGN,10-Sep-2026,0.2041,0.2325,0.1701,0.1944,20932400
MGNI,10-Sep-2026,23.39,23.66,23.095,23.55,1631100
MGNX,10-Sep-2026,4.08,4.115,3.9,3.97,434700
MGPI,10-Sep-2026,15.1,15.47,15.03,15.11,261100
MGRC,10-Sep-2026,110.33,110.75,109.46,109.86,125900
MGRT,10-Sep-2026,117.8,138.98,117.8,120.7,8500
MGRX,10-Sep-2026,0.4035,0.414,0.38,0.385,150500
MGTX,10-Sep-2026,13.02,13.16,12.645,12.85,716500
MGX,10-Sep-2026,1.15,1.215,1.15,1.16,471700
MGYR,10-Sep-2026,19.73,19.83,19.5,19.83,1700
MIAC,10-Sep-2026,9.835,9.835,9.83,9.83,13500
MIACW,10-Sep-2026,0.326,0.344,0.3201,0.344,12100
MIDD,10-Sep-2026,105.94,107,104.24,105.72,706100
MILN,10-Sep-2026,43.67,43.9347,43.67,43.745,2400
MIMI,10-Sep-2026,1.01,1.05,0.91,1.05,5801500
MIND,10-Sep-2026,3.76,3.98,3.75,3.91,90500
MIRA,10-Sep-2026,0.7902,0.83,0.7595,0.7892,138500
MIRM,10-Sep-2026,98.3,101.1799,97.48,100.61,587000
MIST,10-Sep-2026,1.07,1.08,1.05,1.05,1106900
MITK,10-Sep-2026,17,17.59,16.8,17.1,521300
MKAM,10-Sep-2026,32.1523,32.1523,32.1523,32.1523,100
MKDW,10-Sep-2026,9.9,9.9301,4,5.1,379600
MKLY,10-Sep-2026,10.25,10.26,10.25,10.26,22300
MKLYR,10-Sep-2026,0.2786,0.2795,0.265,0.265,6900
MKSI,10-Sep-2026,260.83,265.6,258.785,261.84,961300
MKTW,10-Sep-2026,18.16,18.66,18,18,14600
MKTX,10-Sep-2026,163.32,163.38,163,163.09,725100
MKZR,10-Sep-2026,1.46,1.47,1.45,1.46,2500
MLAA,10-Sep-2026,10.01,10.02,10.01,10.01,30600
MLAAW,10-Sep-2026,0.2,0.2,0.1802,0.1803,8700
MLAB,10-Sep-2026,122.43,124.7,120.69,120.91,171600
MLCI,10-Sep-2026,3.2,3.23,3.2,3.215,14900
MLCIL,10-Sep-2026,22.2,22.2001,22.2,22.2001,1000
MLCO,10-Sep-2026,5.01,5.065,4.935,5.01,1842600
MLEC,10-Sep-2026,6.8,7.4,6.6001,7.39,12100
MLECW,10-Sep-2026,0.0133,0.0133,0.0133,0.0133,0
MLGO,10-Sep-2026,3.83,3.96,3.66,3.67,49200
MLKN,10-Sep-2026,21.45,21.955,20.72,20.8,681700
MLTX,10-Sep-2026,13.58,13.62,13.12,13.18,1221700
MLYS,10-Sep-2026,30.04,30.57,29.2,29.3,763700
MMLP,10-Sep-2026,2.2,2.2159,2.19,2.19,7400
MMSI,10-Sep-2026,86.63,87.485,85.19,86.47,549900
MMYT,10-Sep-2026,48.13,49.66,48,49.08,1201500
MNDO,10-Sep-2026,1.03,1.03,0.9821,0.9951,60100
MNDR,10-Sep-2026,1.505,1.52,1.4579,1.4823,26900
MNDY,10-Sep-2026,80.4,85.21,79.1978,85.17,2077600
MNKD,10-Sep-2026,3.9,3.9,3.76,3.79,3209500
MNOV,10-Sep-2026,1.78,1.78,1.72,1.74,70000
MNPR,10-Sep-2026,110.55,112.56,108.84,109.96,94100
MNRO,10-Sep-2026,12.31,12.71,12.15,12.57,841900
MNSB,10-Sep-2026,25.49,25.73,25.14,25.39,18600
MNSBP,10-Sep-2026,25.89,26.25,25.11,25.11,1700
MNST,10-Sep-2026,42.73,43.525,42.52,43.09,9468700
MNTK,10-Sep-2026,2.46,2.56,2.43,2.55,299000
MNTS,10-Sep-2026,4.03,4.1383,3.96,4.02,447300
MNVT,10-Sep-2026,29.01,29.46,28.9,28.9529,17700
MNY,10-Sep-2026,0.84,0.86,0.84,0.84,19700
MNZL,10-Sep-2026,59.71,59.71,59.5427,59.5427,4100
MOB,10-Sep-2026,4.87,5.09,4.87,4.92,27300
MOBBW,10-Sep-2026,1.59,1.59,1.395,1.395,200
MOBI,10-Sep-2026,10.74,11.12,10.25,10.25,106200
MOBX,10-Sep-2026,1.15,1.19,1.08,1.115,2418700
MOBXW,10-Sep-2026,0.1199,0.1243,0.1199,0.1221,14700
MODD,10-Sep-2026,2.75,2.76,2.4801,2.64,194600
MODL,10-Sep-2026,51.98,52.08,51.935,51.9851,34600
MOLN,10-Sep-2026,4.18,4.2,4.18,4.18,1000
MOMO,10-Sep-2026,5.17,5.21,5.01,5.04,843500
MOOD,10-Sep-2026,44.31,44.3158,44.24,44.27,37200
MORN,10-Sep-2026,198.34,199.53,192.35,193.15,276400
MOVE,10-Sep-2026,13.47,13.7954,11.215,11.58,216200
MPAA,10-Sep-2026,11.56,11.66,10.88,10.965,149800
MPB,10-Sep-2026,36.43,37.01,36.14,37.01,80200
MPG,10-Sep-2026,4.82,4.82,4.4,4.43,162000
MPIA,10-Sep-2026,25.4,25.4,24.69,25.005,53600
MPLT,10-Sep-2026,13.49,14.04,13.19,13.785,490300
MPWR,10-Sep-2026,1184.85,1205.195,1175.95,1186.08,625300
MQ,10-Sep-2026,15.84,16.16,15.705,16.155,494900
MQQQ,10-Sep-2026,221.95,224.29,221.95,222.4879,86400
MRA,10-Sep-2026,21.99,21.99,21.68,21.699,2900
MRAL,10-Sep-2026,39.84,41.01,37.07,38.4784,75000
MRAM,10-Sep-2026,16.14,16.69,15.9,15.93,615800
MRBK,10-Sep-2026,19.61,19.79,19.455,19.64,61700
MRCOW,10-Sep-2026,0.32,0.3516,0.31,0.33,5600
MRCY,10-Sep-2026,80.25,81.88,79.58,80.43,421500
MRDN,10-Sep-2026,13.2,13.75,13.14,13.71,54300
MREO,10-Sep-2026,0.2425,0.2489,0.24,0.2446,701600
MRKR,10-Sep-2026,1.21,1.23,1.18,1.2,55500
MRLN,10-Sep-2026,3.13,3.18,3.01,3.02,919200
MRM,10-Sep-2026,0.9001,0.905,0.8502,0.88,6400
MRNA,10-Sep-2026,134.86,137.13,130.38,136.62,7873500
MRNO,10-Sep-2026,0.2102,0.2103,0.2049,0.2053,107300
MRNOW,10-Sep-2026,0.0058,0.0058,0.0058,0.0058,200
MRTN,10-Sep-2026,14.01,14.0862,13.86,13.92,656800
MRVI,10-Sep-2026,6.81,6.89,6.66,6.73,3324900
MRVL,10-Sep-2026,228.03,234.49,226.15,226.96,16467500
MRVU,10-Sep-2026,112.81,118.619,110.56,111,104800
MRX,10-Sep-2026,75,76.1982,73.5801,74.09,641900
MSAI,10-Sep-2026,4.78,4.91,4.66,4.66,13700
MSAIW,10-Sep-2026,0.0339,0.0339,0.0128,0.0234,3600
MSBI,10-Sep-2026,32.89,33.31,32.54,33.31,115600
MSBIP,10-Sep-2026,25.59,25.68,25.5001,25.6,3100
MSEX,10-Sep-2026,57.77,58.2699,57.055,57.18,95400
MSFD,10-Sep-2026,10.54,10.59,10.4198,10.46,1325200
MSFL,10-Sep-2026,24.09,24.68,23.86,24.4892,224300
MSFT,10-Sep-2026,488.32,494.52,486,492.44,16038800
MSFU,10-Sep-2026,36.24,37.14,35.89,36.84,1956500
MSGM,10-Sep-2026,5.12,5.12,4.62,4.63,71900
MSGY,10-Sep-2026,1.8,1.9,1.8,1.87,40800
MSLE,10-Sep-2026,10.13,10.5,9.82,10.05,47200
MSR,10-Sep-2026,14.69,14.695,14.69,14.695,200
MSS,10-Sep-2026,1.67,1.73,1.65,1.69,132900
MST,10-Sep-2026,11.44,11.96,11.16,11.4677,88500
MSTP,10-Sep-2026,20.71,21.865,20.71,20.81,57900
MSTR,10-Sep-2026,128.44,131.8799,126.91,128.56,14529400
MSTX,10-Sep-2026,13.52,14.26,13.2,13.55,6496400
MTAKU,10-Sep-2026,9.93,9.94,9.93,9.94,10300
MTC,10-Sep-2026,4.8,4.85,4.72,4.72,10600
MTCH,10-Sep-2026,41.42,41.99,41.24,41.82,2707100
MTEK,10-Sep-2026,1.06,1.09,1.02,1.02,36800
MTEKW,10-Sep-2026,0.0793,0.11,0.079,0.11,5800
MTEN,10-Sep-2026,1.01,1.0202,0.99,0.9952,122400
MTEX,10-Sep-2026,8.57,8.595,7.75,8.5099,110100
MTLS,10-Sep-2026,7.4,7.55,7.4,7.43,74900
MTRX,10-Sep-2026,10.59,10.6,10.28,10.36,325000
MTSI,10-Sep-2026,277.63,281.94,271.49,272.43,1532400
MTVA,10-Sep-2026,1.75,1.83,1.7402,1.75,105000
MTYY,10-Sep-2026,17.9329,17.9329,17.9329,17.9329,400
MU,10-Sep-2026,997,999,973.5,977.41,26230300
MUD,10-Sep-2026,9.99,10.19,9.95,10.13,5099500
MULL,10-Sep-2026,22.89,23.0014,21.8004,22.11,3955600
MULT,10-Sep-2026,24.6599,24.6599,24.6293,24.6293,200
MUU,10-Sep-2026,32.97,33.09,31.37,31.78,21021700
MUYY,10-Sep-2026,19.54,19.6,19.42,19.4594,29100
MUZEW,10-Sep-2026,0.2401,0.2552,0.2401,0.2495,45400
MVBF,10-Sep-2026,30.64,31.32,30.625,31.32,32500
MVIS,10-Sep-2026,1.55,1.61,1.52,1.59,809300
MVLL,10-Sep-2026,27.49,29,26.88,27.1,2646400
MVST,10-Sep-2026,0.6192,0.6456,0.6025,0.6233,5186700
MWC,10-Sep-2026,1.44,1.44,1.38,1.43,117100
MWH,10-Sep-2026,24.45,25.34,24.295,24.5,1371700
MWYN,10-Sep-2026,0.8306,0.99,0.8306,0.9297,74900
MXCT,10-Sep-2026,1.22,1.23,1.18,1.19,300400
MXL,10-Sep-2026,68.31,70.8,66.24,69.34,2298400
MYCF,10-Sep-2026,25,25.025,25,25.015,5400
MYCG,10-Sep-2026,24.9001,24.91,24.89,24.895,14700
MYCH,10-Sep-2026,24.71,24.7176,24.69,24.695,6400
MYCI,10-Sep-2026,24.46,24.47,24.425,24.425,4300
MYCJ,10-Sep-2026,24.19,24.19,24.15,24.15,1400
MYCK,10-Sep-2026,24.1999,24.1999,24.1497,24.1497,2200
MYCL,10-Sep-2026,23.919,23.919,23.919,23.919,100
MYCM,10-Sep-2026,23.91,23.92,23.8523,23.8523,1100
MYCN,10-Sep-2026,23.6897,23.6897,23.6188,23.6188,900
MYCO,10-Sep-2026,23.58,23.58,23.5132,23.5132,1400
MYFW,10-Sep-2026,33.185,33.185,30.75,31,71700
MYGN,10-Sep-2026,3.14,3.365,3.06,3.36,3939700
MYHB,10-Sep-2026,24.88,24.88,24.88,24.88,100
MYHC,10-Sep-2026,24.87,24.875,24.86,24.875,800
MYHD,10-Sep-2026,24.76,24.76,24.73,24.73,100
MYHE,10-Sep-2026,24.59,24.59,24.455,24.455,500
MYMF,10-Sep-2026,24.88,24.88,24.88,24.88,100
MYMG,10-Sep-2026,24.72,24.72,24.72,24.72,100
MYMH,10-Sep-2026,24.48,24.48,24.48,24.48,100
MYMI,10-Sep-2026,24.19,24.19,24.155,24.155,400
MYMJ,10-Sep-2026,24.45,24.45,24.4,24.4,200
MYMK,10-Sep-2026,24.52,24.53,24.46,24.46,800
MYPS,10-Sep-2026,0.48,0.4983,0.48,0.4888,215100
MYRG,10-Sep-2026,283.28,286.91,279.26,284.47,257200
MYSE,10-Sep-2026,2.7,2.78,2.6501,2.67,32500
MYSZ,10-Sep-2026,1.99,2.0099,1.9,1.94,21200
MZTI,10-Sep-2026,101.21,102.795,100.4737,101.47,440000
NA,10-Sep-2026,2.25,2.4,2.25,2.37,52200
NAAS,10-Sep-2026,3.3,3.41,3.18,3.28,18100
NAGE,10-Sep-2026,3.03,3.065,3,3.035,276500
NAII,10-Sep-2026,1.95,2.02,1.95,2.02,4600
NAKA,10-Sep-2026,7.77,8.0662,7.56,7.76,169500
NAMI,10-Sep-2026,1.89,2.18,1.85,1.92,33200
NAMM,10-Sep-2026,1.37,1.37,1.325,1.335,245300
NAMMW,10-Sep-2026,0.161,0.2,0.161,0.1789,4600
NAMS,10-Sep-2026,22.44,22.95,21.8,21.86,2728800
NATH,10-Sep-2026,98.115,98.8657,97.545,97.81,28500
NATO,10-Sep-2026,38.0494,38.32,37.97,38.0777,8000
NATR,10-Sep-2026,13.65,13.94,13.515,13.61,138800
NAUT,10-Sep-2026,1.12,1.1273,0.9727,0.9896,1969300
NAVI,10-Sep-2026,9.23,9.26,9.105,9.15,1122600
NAVN,10-Sep-2026,21.39,21.39,19.64,20.26,19177500
NB,10-Sep-2026,4,4.03,3.8,3.81,3467100
NBBK,10-Sep-2026,22.78,22.98,22.572,22.865,200900
NBIG,10-Sep-2026,18.4,19.1,17.1401,17.46,1206100
NBIL,10-Sep-2026,26.28,27.73,24.88,25.26,2437400
NBIS,10-Sep-2026,232,238.33,226.03,228.11,13059300
NBIX,10-Sep-2026,154.38,159.94,152.04,156.57,895100
NBN,10-Sep-2026,128.6,131.465,127.6461,131.22,85800
NBP,10-Sep-2026,1.67,1.7,1.6595,1.69,129300
NBTB,10-Sep-2026,51.08,51.63,50.77,51.62,239500
NBTX,10-Sep-2026,36.99,38.81,36.615,37.6,200100
NCEL,10-Sep-2026,3.29,3.4999,3.25,3.38,5700
NCEW,10-Sep-2026,18.93,18.93,18.93,18.93,200
NCI,10-Sep-2026,12.58,12.74,12.41,12.69,1681100
NCIQ,10-Sep-2026,19.49,19.59,19.42,19.54,92700
NCLD,10-Sep-2026,24.22,24.53,23.79,23.8366,313100
NCMI,10-Sep-2026,2.38,2.48,2.37,2.46,989400
NCNA,10-Sep-2026,1.36,1.375,1.34,1.34,27000
NCNO,10-Sep-2026,21.67,21.93,21.415,21.43,2715000
NCO,10-Sep-2026,9.9,9.91,9.9,9.91,200500
NCOOU,10-Sep-2026,10.265,10.275,10.06,10.1,13500
NCOOW,10-Sep-2026,0.04,0.04,0.04,0.04,13000
NCPB,10-Sep-2026,24.28,24.29,24.245,24.2594,10200
NCPL,10-Sep-2026,0.4842,0.4894,0.4488,0.4668,338100
NCPLW,10-Sep-2026,0.0333,0.0333,0.033,0.033,1800
NCRA,10-Sep-2026,1.89,1.92,1.84,1.86,264900
NCT,10-Sep-2026,0.3,0.3012,0.2788,0.2925,1288300
NCTY,10-Sep-2026,3.7,4.065,3.545,3.74,454100
NDAA,10-Sep-2026,24.1,24.1,24.053,24.053,1100
NDAQ,10-Sep-2026,94.22,94.46,91.73,92.01,3524800
NDLS,10-Sep-2026,15.0066,15.0066,14,14,17900
NDRA,10-Sep-2026,5.74,6.32,5.56,5.785,77500
NDSN,10-Sep-2026,309.48,310.05,306.9201,307.45,297800
NECB,10-Sep-2026,26.68,26.95,26.59,26.95,21300
NEGG,10-Sep-2026,14.77,14.89,14.31,14.44,38900
NEMG,10-Sep-2026,23.034,23.63,23.034,23.3918,3300
NEO,10-Sep-2026,17.46,17.745,17.31,17.61,1111700
NEOG,10-Sep-2026,11.71,11.865,11.58,11.77,2072900
NEON,10-Sep-2026,0.8881,0.91,0.8201,0.8217,68600
NEOV,10-Sep-2026,3.85,3.92,3.65,3.67,871900
NEPH,10-Sep-2026,4.46,4.5893,4.4302,4.52,32000
NERV,10-Sep-2026,4.1,4.235,4.1,4.16,72100
NESR,10-Sep-2026,34.41,34.84,33.45,33.82,1018900
NETG,10-Sep-2026,20,20.6,19.3,19.675,39800
NEUP,10-Sep-2026,3.79,3.7925,3.7,3.73,42900
NEWT,10-Sep-2026,12.08,12.22,12,12.17,145700
NEWTG,10-Sep-2026,25.18,25.25,25.12,25.1399,4300
NEWTH,10-Sep-2026,25.1994,25.249,25.1,25.21,4900
NEWTI,10-Sep-2026,25.22,25.25,25.1,25.25,1000
NEWTP,10-Sep-2026,24.915,25.03,24.915,24.915,4400
NEWZ,10-Sep-2026,29.56,29.56,29.5238,29.5238,100
NEXM,10-Sep-2026,2.3,2.405,2.3,2.37,13400
NEXN,10-Sep-2026,9.14,9.27,9.1,9.2,319300
NEXR,10-Sep-2026,1.65,1.71,1.55,1.56,56200
NEXRW,10-Sep-2026,0.0125,0.0135,0.0125,0.0135,9200
NEXT,10-Sep-2026,7.68,7.845,7.4,7.67,2970600
NFE,10-Sep-2026,0.2744,0.35,0.245,0.3296,18929400
NFLX,10-Sep-2026,75.32,76.3,75.03,76.01,20049000
NFTY,10-Sep-2026,52.65,52.94,52.6,52.7294,5800
NFXL,10-Sep-2026,16.57,16.985,16.44,16.86,627300
NFXS,10-Sep-2026,20.18,20.2683,19.964,20.02,5800
NGEN,10-Sep-2026,2.1,2.165,2.07,2.16,313800
NGNE,10-Sep-2026,37.51,38.25,36.07,36.12,177100
NHIC,10-Sep-2026,10.63,10.63,10.61,10.62,80200
NHICU,10-Sep-2026,12.43,12.44,11.47,11.47,1500
NHICW,10-Sep-2026,1.5,1.5,1.3,1.4999,51700
NHIV,10-Sep-2026,10.06,10.06,10.05,10.0501,2700
NHIVW,10-Sep-2026,0.4614,0.4785,0.4601,0.4785,500
NHP,10-Sep-2026,16.19,16.305,15.96,16.04,210000
NHPBP,10-Sep-2026,25.2224,25.32,25.2201,25.31,10200
NHTC,10-Sep-2026,1.59,1.61,1.57,1.59,17500
NICE,10-Sep-2026,98.75,99.75,97.645,98.04,241800
NIKI,10-Sep-2026,6,6.33,5.91,6.23,44100
NIKL,10-Sep-2026,15,15,14.75,14.8,80300
NIOG,10-Sep-2026,6.29,6.29,6.1013,6.1013,111800
NIPG,10-Sep-2026,13.01,13.66,13.01,13.61,2800
NIU,10-Sep-2026,2.05,2.1,2.005,2.07,276400
NIVF,10-Sep-2026,1.14,1.18,1.075,1.11,89300
NIVFW,10-Sep-2026,0.018,0.018,0.018,0.018,800
NIXT,10-Sep-2026,33.07,33.3,33.07,33.09,800
NIXX,10-Sep-2026,0.5333,0.5598,0.52,0.5387,299800
NKLR,10-Sep-2026,5.34,5.44,5.25,5.25,140000
NKSH,10-Sep-2026,41.99,42.59,41.665,42.48,42200
NKTR,10-Sep-2026,72.01,73.5,70.6,70.65,945800
NKTX,10-Sep-2026,2.88,2.88,2.755,2.81,559200
NMAD,10-Sep-2026,3.68,3.87,3.6,3.71,143100
NMFC,10-Sep-2026,7.27,7.28,7.2,7.23,495900
NMFCZ,10-Sep-2026,25.18,25.275,25.18,25.18,13200
NMIH,10-Sep-2026,44.49,44.67,43.72,44.19,392700
NMP,10-Sep-2026,10.365,10.365,10.36,10.36,44300
NMPAR,10-Sep-2026,0.2536,0.2537,0.2305,0.248,1700
NMRA,10-Sep-2026,1.2,1.21,1.115,1.14,600800
NMRK,10-Sep-2026,14.43,14.49,14.085,14.17,906500
NMTC,10-Sep-2026,1.65,1.67,1.56,1.58,225200
NN,10-Sep-2026,15.24,15.6395,14.52,14.83,2664000
NNBR,10-Sep-2026,3.65,3.68,3.5,3.56,991000
NNDM,10-Sep-2026,1.5,1.54,1.49,1.52,1399300
NNE,10-Sep-2026,17.845,17.8858,17.23,17.36,1676000
NNNN,10-Sep-2026,6.32,6.51,6.1315,6.51,242800
NNOX,10-Sep-2026,0.78,0.78,0.725,0.7301,1220400
NODK,10-Sep-2026,15.03,15.5,14.92,15.07,25800
NOEM,10-Sep-2026,10.69,10.69,10.69,10.69,100
NOEMR,10-Sep-2026,0.18,0.18,0.18,0.18,700
NOEMU,10-Sep-2026,12.5,12.65,12.5,12.65,2200
NOEMW,10-Sep-2026,0.15,0.15,0.15,0.15,1100
NOMA,10-Sep-2026,1.82,1.9999,1.65,1.69,51600
NOVT,10-Sep-2026,143.72,146.125,142.476,143.91,183300
NOVTU,10-Sep-2026,60.78,61.15,60.77,61.08,1400
NOWL,10-Sep-2026,6.9,7.25,6.84,6.89,8245100
NPAC,10-Sep-2026,10.465,10.465,10.465,10.465,2500
NPCE,10-Sep-2026,14.46,14.465,13.825,13.87,73000
NPFI,10-Sep-2026,25.63,25.65,25.566,25.6016,21800
NPT,10-Sep-2026,3.19,3.19,2.8,2.9,19500
NRC,10-Sep-2026,20.95,21.41,20.84,21.26,108600
NRDS,10-Sep-2026,9.33,9.405,9.28,9.32,688700
NRES,10-Sep-2026,35.705,35.705,35.705,35.705,100
NRIM,10-Sep-2026,25.8,26.05,25.54,26.05,156500
NRIX,10-Sep-2026,25.89,25.99,25.5,25.81,1029400
NRSN,10-Sep-2026,0.38,0.3868,0.332,0.332,689200
NRXP,10-Sep-2026,3.36,3.45,3.32,3.4,480100
NSAI,10-Sep-2026,9.86,9.87,9.86,9.86,10200
NSAIR,10-Sep-2026,0.169,0.2112,0.1679,0.168,4300
NSAIU,10-Sep-2026,10.04,10.04,10.04,10.04,300
NSAIW,10-Sep-2026,0.05,0.05,0.0475,0.05,17400
NSI,10-Sep-2026,38.15,38.2199,38.111,38.191,900
NSIT,10-Sep-2026,156,157.7323,154.0697,155.87,174300
NSLR,10-Sep-2026,9.71,9.8649,9.6899,9.74,130100
NSLRL,10-Sep-2026,25.28,25.28,25.28,25.28,1100
NSPR,10-Sep-2026,0.8,0.8,0.7529,0.7799,39000
NSSC,10-Sep-2026,35.7,36.115,35.43,35.51,251100
NSTS,10-Sep-2026,14.15,14.15,14.1101,14.12,7300
NSYS,10-Sep-2026,11.73,11.82,11.18,11.43,45900
NTAP,10-Sep-2026,184.74,186.16,182.23,183.6,1878400
NTCL,10-Sep-2026,2.05,2.05,1.97,1.98,5200
NTCT,10-Sep-2026,36.95,37.74,36.93,37.44,497700
NTES,10-Sep-2026,116.2,116.39,115.52,115.63,601100
NTGR,10-Sep-2026,20.75,21.26,20.75,20.98,264500
NTHI,10-Sep-2026,3.75,3.78,3.56,3.66,131700
NTIC,10-Sep-2026,7.59,7.9,7.59,7.9,3400
NTLA,10-Sep-2026,11.9,11.955,11.66,11.93,3924800
NTNX,10-Sep-2026,67.18,67.9899,65.385,65.42,1614500
NTRA,10-Sep-2026,324.92,331.185,320.65,326.14,1070600
NTRB,10-Sep-2026,5.76,6.7,5.63,6.08,112100
NTRBW,10-Sep-2026,0.175,0.39,0.175,0.39,7200
NTRP,10-Sep-2026,1.43,1.47,1.4,1.46,18100
NTRS,10-Sep-2026,184.91,187.8,183.7401,187.19,1044300
NTRSO,10-Sep-2026,18.45,18.505,18.3,18.37,28700
NTSK,10-Sep-2026,14.3,15.385,14.205,15.1,5607600
NTWK,10-Sep-2026,4,4.095,4,4,30500
NTWO,10-Sep-2026,10.9501,10.9764,10.87,10.9,153500
NTWOW,10-Sep-2026,1.17,1.25,1.12,1.25,47100
NUAI,10-Sep-2026,6.06,6.34,5.86,5.93,6771200
NUAIW,10-Sep-2026,2.73,2.76,2.55,2.58,20100
NUCL,10-Sep-2026,6.51,6.75,6.37,6.42,217800
NUCLW,10-Sep-2026,0.703,0.703,0.66,0.7,37000
NUG,10-Sep-2026,10.4,11.18,10.4,10.6541,7500
NUGY,10-Sep-2026,12.44,12.53,12.44,12.48,8500
NUIF,10-Sep-2026,24.6978,24.6978,24.6978,24.6978,100
NUR,10-Sep-2026,1.38,1.43,1.06,1.41,1545900
NUSB,10-Sep-2026,25.19,25.19,25.19,25.19,100
NUTX,10-Sep-2026,197.21,198.51,190,195.2,90500
NUWE,10-Sep-2026,0.7985,0.8055,0.768,0.7683,208500
NVAX,10-Sep-2026,9.64,9.68,9.11,9.3,5893300
NVCR,10-Sep-2026,15.26,16.07,15.1,15.35,1385200
NVCT,10-Sep-2026,22.09,23.02,22.01,22.49,107000
NVD,10-Sep-2026,3.92,4.03,3.9029,3.98,80065600
NVDA,10-Sep-2026,220.52,220.99,217.2,218.36,105768000
NVDD,10-Sep-2026,30.29,30.71,30.24,30.55,140800
NVDG,10-Sep-2026,19.74,19.74,19.1095,19.3246,169200
NVDL,10-Sep-2026,34.58,34.7,33.51,33.86,9648800
NVDS,10-Sep-2026,18.66,19.0862,18.66,18.96,104000
NVDU,10-Sep-2026,137.68,137.85,133.52,134.77,304400
NVEC,10-Sep-2026,96.55,99.97,96.53,97.62,74200
NVMI,10-Sep-2026,365.51,374.19,364.21,366.03,565500
NVNI,10-Sep-2026,0.8681,0.9999,0.8681,0.8848,17200
NVNO,10-Sep-2026,11.38,11.675,11.1,11.12,60900
NVPS,10-Sep-2026,22.85,22.88,22.5977,22.5977,1000
NVTS,10-Sep-2026,11.19,11.5279,11.14,11.15,7901300
NVX,10-Sep-2026,2.76,2.99,2.76,2.91,62700
NVYY,10-Sep-2026,11.77,11.77,11.66,11.6847,22800
NWBI,10-Sep-2026,15.34,15.495,15.225,15.49,740700
NWE,10-Sep-2026,70.57,71.06,70.01,70.01,495300
NWFL,10-Sep-2026,34.22,34.5,34.1,34.42,18300
NWGL,10-Sep-2026,1.08,1.4,1.03,1.33,1180700
NWL,10-Sep-2026,5.98,6.07,5.84,5.87,5235500
NWPX,10-Sep-2026,105.975,106.155,102.905,103.63,112300
NWS,10-Sep-2026,32.88,33.02,32.49,32.78,782700
NWSA,10-Sep-2026,29.64,29.67,29.07,29.38,3371000
NWTG,10-Sep-2026,1.29,1.3,1.21,1.29,8500
NXAT,10-Sep-2026,1.33,1.33,1.07,1.31,560900
NXATW,10-Sep-2026,0.01,0.0399,0.0099,0.0276,108800
NXGL,10-Sep-2026,0.2856,0.297,0.2702,0.2901,1509000
NXH,10-Sep-2026,3.75,3.8,3.495,3.55,3395600
NXH,10-Sep-2026,3.87,3.9,3.495,3.555,3052734
NXL,10-Sep-2026,4.9,5.13,4.62,4.87,57200
NXPI,10-Sep-2026,219.75,226.93,218.45,226.465,3079000
NXPL,10-Sep-2026,8.94,9.33,8.93,9.08,9800
NXST,10-Sep-2026,165.2,172.76,164.1,169.97,425100
NXT,10-Sep-2026,80.64,82.23,78.68,81.35,2507600
NXTC,10-Sep-2026,7.99,8.17,7.055,7.31,55700
NXTG,10-Sep-2026,152.9374,152.9374,152.25,152.4275,1700
NXTS,10-Sep-2026,1.7,1.7,1.6401,1.69,7700
NXTT,10-Sep-2026,4.74,4.99,4.6028,4.83,20400
NXXT,10-Sep-2026,0.1817,0.1864,0.1508,0.1534,6004200
NYAX,10-Sep-2026,47.63,47.675,47.012,47.405,13600
NYXH,10-Sep-2026,1.51,1.525,1.47,1.5,188200
NZAC,10-Sep-2026,46.33,46.35,46.19,46.2489,1500
OABI,10-Sep-2026,3.922,4.075,3.91,3.95,1393800
OABIW,10-Sep-2026,0.3675,0.3675,0.3675,0.3675,1700
OACC,10-Sep-2026,10.765,10.765,10.75,10.765,800
OBA,10-Sep-2026,10.3201,10.3201,10.3201,10.3201,1300
OBAI,10-Sep-2026,0.335,0.34,0.315,0.3156,584500
OBAWW,10-Sep-2026,0.2022,0.2023,0.2022,0.2023,1300
OBIL,10-Sep-2026,49.96,49.9699,49.9401,49.945,40000
OBIO,10-Sep-2026,5.84,6.08,5.68,5.81,761600
OBT,10-Sep-2026,38.15,38.33,37.005,38.28,38200
OBX,10-Sep-2026,18.65,19.55,16.995,17.16,454200
OCC,10-Sep-2026,13.13,15.82,12.8,14.28,676200
OCCI,10-Sep-2026,2.61,2.63,2.58,2.62,103600
OCCIM,10-Sep-2026,25.2,25.205,25.2,25.2,800
OCCIN,10-Sep-2026,25.0089,25.18,24.96,25.0049,2100
OCFC,10-Sep-2026,18.65,18.75,18.52,18.74,1173700
OCG,10-Sep-2026,1.61,1.63,1.51,1.51,37700
OCGN,10-Sep-2026,1.095,1.095,1.01,1.025,22253200
OCLTU,10-Sep-2026,10.03,10.115,10.02,10.02,6600
OCS,10-Sep-2026,11.34,11.6,11,11.31,169300
OCSL,10-Sep-2026,12.63,12.72,12.495,12.58,491000
OCTV,10-Sep-2026,17.81,17.89,17.04,17.25,3206200
OCUL,10-Sep-2026,11.43,11.43,10.535,10.62,2391700
ODD,10-Sep-2026,16.38,17.28,15.45,16.01,2198400
ODDS,10-Sep-2026,25.1164,25.1164,25.1164,25.1164,100
ODFL,10-Sep-2026,181.09,182.95,180.28,180.55,1509300
ODTE,10-Sep-2026,25.03,25.07,24.982,24.982,4000
ODTX,10-Sep-2026,24.09,25.38,23.495,23.64,192700
ODYS,10-Sep-2026,3.515,3.515,3.43,3.46,28200
OESX,10-Sep-2026,27.31,29.0277,26.72,28.39,101500
OFAL,10-Sep-2026,0.679,0.69,0.6184,0.6424,663200
OFIX,10-Sep-2026,8.9,8.93,8.67,8.69,313100
OFLX,10-Sep-2026,25.47,25.7611,25.26,25.51,27200
OFS,10-Sep-2026,3.9,3.94,3.8,3.89,20100
OFSSH,10-Sep-2026,23.81,23.81,23.81,23.81,200
OFSSO,10-Sep-2026,25.2,25.255,25.2,25.255,400
OGGWZ,10-Sep-2026,0.029,0.0499,0.029,0.0499,1300
OGI,10-Sep-2026,1.09,1.11,1.065,1.07,372800
OHACR,10-Sep-2026,0.26,0.26,0.26,0.26,300
OIM,10-Sep-2026,10.14,10.14,10.12,10.14,74100
OIMAW,10-Sep-2026,0.7,0.785,0.7,0.785,22000
OIO,10-Sep-2026,1.62,1.74,1.5857,1.68,101800
OKLL,10-Sep-2026,12.58,12.8,11.56,11.64,1815000
OKTA,10-Sep-2026,172.78,179.44,169.39,171.11,4577100
OKTG,10-Sep-2026,39.13,43.46,39.13,39.6791,59700
OKUR,10-Sep-2026,3.36,3.42,3.24,3.27,168500
OKYO,10-Sep-2026,1.4,1.4699,1.4,1.43,145800
OLB,10-Sep-2026,0.2751,0.3022,0.2706,0.295,7549000
OLED,10-Sep-2026,78.76,81.99,77.88,81.16,853000
OLLI,10-Sep-2026,72.16,73.67,71.28,71.92,1271400
OLMA,10-Sep-2026,10.19,10.98,10.11,10.69,1116300
OLOX,10-Sep-2026,0.86,0.966,0.86,0.8751,420600
OM,10-Sep-2026,3.26,3.3,3.2,3.27,171200
OMAB,10-Sep-2026,98.83,99.495,97.79,98.13,75600
OMCL,10-Sep-2026,33.26,33.37,32.12,32.25,534300
OMDA,10-Sep-2026,21.27,22.79,21.2,21.5,1157200
OMER,10-Sep-2026,19.12,19.24,18.3,18.59,1231800
OMEX,10-Sep-2026,0.78,0.785,0.7305,0.742,238500
OMH,10-Sep-2026,2.44,2.4568,2.22,2.25,370800
OMSE,10-Sep-2026,4.72,4.8499,4.4225,4.43,112800
ON,10-Sep-2026,69.42,70.55,68.79,70.17,7827600
ONB,10-Sep-2026,25.41,25.6,25.095,25.6,3439600
ONBPO,10-Sep-2026,24.9,25.0399,24.8,24.9,5300
ONBPP,10-Sep-2026,24.9,24.9856,24.8226,24.9856,2700
ONC,10-Sep-2026,341.56,345.6,336.95,341.8,1000300
ONCH,10-Sep-2026,10.32,10.32,10.32,10.32,9100
ONCHU,10-Sep-2026,10.5,10.5,10.5,10.5,1700
ONCO,10-Sep-2026,0.8186,0.8439,0.767,0.7822,172900
ONCY,10-Sep-2026,0.7933,0.8274,0.76,0.772,3787600
ONDG,10-Sep-2026,2.06,2.28,2.06,2.12,3828000
ONDS,10-Sep-2026,7.17,7.54,7.145,7.25,52336300
ONEG,10-Sep-2026,1.02,1.04,1.02,1.03,28900
ONEQ,10-Sep-2026,102.59,103.2,102.45,102.87,182900
ONEW,10-Sep-2026,11.14,11.38,10.78,10.98,134800
ONFO,10-Sep-2026,0.93,0.9501,0.893,0.8982,187900
ONFOW,10-Sep-2026,0.0129,0.0172,0.0123,0.0148,51600
ONMD,10-Sep-2026,0.66,0.68,0.651,0.6665,69500
OPAL,10-Sep-2026,1.84,1.88,1.77,1.82,305000
OPBK,10-Sep-2026,15.33,15.33,15.06,15.26,23000
OPCH,10-Sep-2026,23.69,24.08,23.595,23.63,1575000
OPEG,10-Sep-2026,1.45,1.48,1.3701,1.395,247800
OPEN,10-Sep-2026,2.87,2.9,2.79,2.8,43856800
OPENL,10-Sep-2026,0.0997,0.0997,0.0821,0.0868,253400
OPENW,10-Sep-2026,0.14,0.1576,0.1111,0.1279,1105700
OPENZ,10-Sep-2026,0.0899,0.094,0.08,0.0925,471400
OPI,10-Sep-2026,16.5,16.5,16.02,16.12,33300
OPK,10-Sep-2026,1.53,1.53,1.48,1.49,1449000
OPPJ,10-Sep-2026,59.15,59.49,59.0101,59.1976,37400
OPRA,10-Sep-2026,17.5,18.09,17.35,18.03,282900
OPRT,10-Sep-2026,7.68,7.89,7.6,7.66,474900
OPRX,10-Sep-2026,7.07,7.26,6.86,7.18,108100
OPTH,10-Sep-2026,4.4,4.5999,4.1118,4.5,161500
OPTX,10-Sep-2026,7.5,7.84,7.25,7.29,152500
OPTXW,10-Sep-2026,1.22,1.26,1.18,1.18,4500
OPTZ,10-Sep-2026,46.59,46.59,45.2029,45.2029,1100
OPXS,10-Sep-2026,9.85,10.49,9.85,10.49,75400
ORBS,10-Sep-2026,0.9791,1.02,0.9322,0.9378,9800700
ORBX,10-Sep-2026,41.35,42.925,41.34,41.63,22400
ORCS,10-Sep-2026,27.13,28,26.9,28,156800
ORCU,10-Sep-2026,8.93,9.05,8.3001,8.35,11301300
ORCX,10-Sep-2026,24.97,25.25,23.14,23.29,5445300
ORGO,10-Sep-2026,1.57,1.57,1.49,1.53,912400
ORIC,10-Sep-2026,12.64,12.785,12.01,12.07,1027300
ORIO,10-Sep-2026,1.13,1.14,1.06,1.1,82400
ORIQ,10-Sep-2026,10.4,10.4,10.4,10.4,200
ORKA,10-Sep-2026,90.21,92.285,88.07,91.65,554600
ORKT,10-Sep-2026,0.9991,1.05,0.967,1.05,111300
ORLY,10-Sep-2026,86.07,86.45,85.015,85.51,4743600
ORMP,10-Sep-2026,4.74,4.854,4.66,4.76,131400
ORR,10-Sep-2026,38.32,38.46,38.29,38.3609,28300
ORRF,10-Sep-2026,42.04,42.47,41.7,42.47,62100
OSBC,10-Sep-2026,25.24,25.53,25,25.53,361600
OSCX,10-Sep-2026,39.5,40.83,36.76,39.0434,5700
OSIS,10-Sep-2026,196.05,202.21,195.69,201.25,267800
OSPN,10-Sep-2026,16,16.51,15.965,16.49,356900
OSPR,10-Sep-2026,9.84,9.89,9.84,9.85,14200
OSPRW,10-Sep-2026,0.3413,0.35,0.3226,0.3393,8800
OSS,10-Sep-2026,9.14,9.57,8.91,8.91,766300
OSUR,10-Sep-2026,3.33,3.33,3.145,3.23,1008000
OSW,10-Sep-2026,22.23,22.57,21.685,21.92,1442200
OTEX,10-Sep-2026,22.52,22.8162,22.325,22.61,1451900
OTGA,10-Sep-2026,10.23,10.23,10.23,10.23,3300
OTGAW,10-Sep-2026,0.36,0.36,0.36,0.36,8000
OTGL,10-Sep-2026,11.03,11.14,11.03,11.1,19100
OTLK,10-Sep-2026,0.6348,0.67,0.626,0.6612,3111900
OTLY,10-Sep-2026,12.28,12.6,12.13,12.53,69100
OTTR,10-Sep-2026,89.67,91.7607,87.8101,87.93,152400
OUST,10-Sep-2026,35.14,36.9499,35,35.23,1433800
OVBC,10-Sep-2026,46.22,46.7,45.71,46.62,38200
OVID,10-Sep-2026,2.68,2.7,2.61,2.63,1404100
OVLY,10-Sep-2026,34.23,34.83,34.205,34.65,16300
OWLS,10-Sep-2026,5.28,5.46,5.28,5.34,19400
OXBR,10-Sep-2026,1.4,1.4511,1.38,1.39,2200
OXBRW,10-Sep-2026,0.1398,0.15,0.1207,0.15,26600
OXLC,10-Sep-2026,9.65,9.65,9.53,9.54,682100
OXLCG,10-Sep-2026,25.31,25.35,25.26,25.26,12100
OXLCI,10-Sep-2026,25.75,25.8,25.75,25.75,11000
OXLCL,10-Sep-2026,24.47,24.4812,24.35,24.47,2500
OXLCM,10-Sep-2026,25.05,25.085,25,25.03,7300
OXLCN,10-Sep-2026,24.58,24.58,24.51,24.5148,4400
OXLCO,10-Sep-2026,23.9,23.9,23.76,23.76,2900
OXLCZ,10-Sep-2026,25.15,25.15,25.15,25.15,400
OXSQ,10-Sep-2026,1.34,1.34,1.33,1.34,962700
OXSQG,10-Sep-2026,24.15,24.15,24.15,24.15,800
OXSQH,10-Sep-2026,25.041,25.041,24.93,24.93,1100
OYSER,10-Sep-2026,0.13,0.13,0.13,0.13,236600
OZEM,10-Sep-2026,31.82,31.82,31.445,31.4534,11100
OZK,10-Sep-2026,48.72,48.82,48.17,48.77,979900
OZKAP,10-Sep-2026,15.51,15.7,15.27,15.38,100300
PAA,10-Sep-2026,25.91,25.9898,25.61,25.715,2947400
PABD,10-Sep-2026,68.9982,68.9982,68.9982,68.9982,100
PABU,10-Sep-2026,77.73,77.73,77.3899,77.3899,200
PACB,10-Sep-2026,1.26,1.31,1.25,1.27,4707700
PACH,10-Sep-2026,10.335,10.335,10.335,10.335,1200
PACHW,10-Sep-2026,0.1702,0.1702,0.1702,0.1702,500
PAGP,10-Sep-2026,28.31,28.43,27.76,27.89,1682600
PAHC,10-Sep-2026,36.8,36.96,36.295,36.58,174000
PAL,10-Sep-2026,5.02,5.15,4.95,4.99,295500
PALD,10-Sep-2026,11.51,11.51,11.081,11.2377,63500
PALI,10-Sep-2026,2.05,2.11,2.01,2.01,2646300
PALO,10-Sep-2026,9.97,9.99,9.97,9.97,15200
PALU,10-Sep-2026,44.58,48.21,44.58,46.7546,78400
PAMT,10-Sep-2026,12.73,13.2,12.5,13.2,13100
PANG,10-Sep-2026,27.54,29.675,27.54,28.7159,37000
PANL,10-Sep-2026,8.29,8.39,8.25,8.32,356000
PANW,10-Sep-2026,331.145,344.7917,330.3,338.49,4671500
PARA,10-Sep-2026,1.05,1.06,0.98,0.98,86500
PARAW,10-Sep-2026,0.0072,0.0073,0.0072,0.0073,3000
PARK,10-Sep-2026,20.87,21.5,20.52,21.29,38300
PASG,10-Sep-2026,4.99,5.2151,4.9,4.985,28500
PASW,10-Sep-2026,0.1315,0.1542,0.128,0.1438,2575600
PATK,10-Sep-2026,76.27,77.38,73.76,74.86,851200
PATN,10-Sep-2026,35.56,35.56,35.18,35.28,60200
PAVM,10-Sep-2026,4.44,4.62,4.11,4.27,23900
PAVS,10-Sep-2026,4.53,4.65,4.25,4.6,16500
PAX,10-Sep-2026,10.76,10.89,10.6,10.75,1088800
PAYO,10-Sep-2026,7.1,7.12,7.09,7.12,3560500
PAYS,10-Sep-2026,12.925,13.4399,12.74,13.34,821100
PAYX,10-Sep-2026,115.01,115.81,114.51,115.18,2137100
PBEU,10-Sep-2026,35.65,35.768,35.5,35.5504,25300
PBFS,10-Sep-2026,19.91,19.91,17.97,18.08,12500
PBHC,10-Sep-2026,16.985,17.3,16.985,17.2,2400
PBK,10-Sep-2026,0.361,0.37,0.3506,0.3506,385000
PBM,10-Sep-2026,4.73,5.12,4.6806,4.97,56600
PBMWW,10-Sep-2026,0.0219,0.0283,0.0219,0.0283,18900
PBOG,10-Sep-2026,36.69,36.69,36.08,36.2302,27100
PBQQ,10-Sep-2026,31.81,31.86,31.72,31.77,34200
PBRG,10-Sep-2026,46.88,48.7,46.38,48.4916,3500
PBSC,10-Sep-2026,25.18,25.18,25.145,25.145,100
PBYI,10-Sep-2026,9.01,9.22,8.9,9.17,173400
PCAP,10-Sep-2026,10.371,10.371,10.37,10.37,23700
PCAR,10-Sep-2026,122.69,123.37,121.825,122.57,2290200
PCB,10-Sep-2026,27.66,27.87,27.5021,27.87,19700
PCLA,10-Sep-2026,9.15,10.74,8.63,9.72,6239100
PCMM,10-Sep-2026,49.85,49.85,49.51,49.7973,23300
PCRX,10-Sep-2026,25.92,25.995,25.1,25.16,733700
PCSA,10-Sep-2026,1.99,2.03,1.82,1.85,102200
PCT,10-Sep-2026,6.16,6.2304,5.73,5.83,6482300
PCTY,10-Sep-2026,144.03,144.97,142.235,142.86,682000
PCVX,10-Sep-2026,59.19,60.13,58.555,58.9,1160600
PCYO,10-Sep-2026,11.18,11.235,11,11.05,69900
PDBA,10-Sep-2026,38.98,39.165,38.7485,39.1,111200
PDBC,10-Sep-2026,19.815,20.06,19.715,20.05,6103800
PDC,10-Sep-2026,3.1,3.49,2.91,2.97,24400
PDD,10-Sep-2026,78.36,78.46,77.44,77.84,7804800
PDDL,10-Sep-2026,10.92,10.941,10.8,10.8763,12200
PDEX,10-Sep-2026,59.89,60.31,58.04,59.84,65500
PDFS,10-Sep-2026,45.73,48.58,45.4,47.16,658400
PDLB,10-Sep-2026,20.19,20.44,20.05,20.43,49000
PDP,10-Sep-2026,134.36,135.25,134.0001,134.04,14900
PDSB,10-Sep-2026,0.291,0.33,0.285,0.3153,12732500
PDYN,10-Sep-2026,5.685,5.8899,5.61,5.63,672000
PDYNW,10-Sep-2026,0.0071,0.0075,0.0051,0.0061,108600
PEBK,10-Sep-2026,43.57,43.9,43.34,43.86,14900
PEBO,10-Sep-2026,39.38,39.76,39.175,39.76,154500
PECE,10-Sep-2026,10.01,10.01,9.995,10,173000
PECER,10-Sep-2026,0.445,0.445,0.445,0.445,400
PECO,10-Sep-2026,38.86,39.08,38.421,38.72,708400
PEGA,10-Sep-2026,34.89,36,34.64,35.72,3332000
PENG,10-Sep-2026,49.6,50.49,48.5305,48.62,1043800
PENN,10-Sep-2026,16.99,17.215,16.805,17.11,2626900
PEP,10-Sep-2026,137.5,137.79,136.48,136.65,7447300
PEPG,10-Sep-2026,3.13,3.13,3,3.02,972800
PEPS,10-Sep-2026,32.529,32.529,32.529,32.529,100
PERI,10-Sep-2026,8.8,9.11,8.8,9.08,366400
PESI,10-Sep-2026,18.24,18.7642,18.12,18.25,161600
PETS,10-Sep-2026,1.7,1.745,1.675,1.7,138300
PETZ,10-Sep-2026,1.36,1.38,1.3,1.38,23000
PEY,10-Sep-2026,24.05,24.09,23.87,23.8878,443500
PEZ,10-Sep-2026,94.61,94.61,94.0835,94.0835,4400
PFAI,10-Sep-2026,3.02,3.02,2.43,3.0064,1200
PFBC,10-Sep-2026,101.84,104.01,101.1,103.9,131200
PFF,10-Sep-2026,30.07,30.0881,29.96,29.97,3147100
PFG,10-Sep-2026,114.24,115.32,114.225,114.96,1466200
PFI,10-Sep-2026,61.63,61.68,61.6,61.6705,900
PFIS,10-Sep-2026,70.94,71.71,70.185,71.7,47200
PFM,10-Sep-2026,56.33,56.336,56.07,56.1294,27100
PFOE,10-Sep-2026,22.3,22.435,22.3,22.3108,6000
PFSA,10-Sep-2026,2.52,2.65,2.37,2.5,200700
PFX,10-Sep-2026,44.39,46.2428,44.39,45.05,11800
PFXNZ,10-Sep-2026,23.99,24,23.99,24,1000
PGC,10-Sep-2026,45.62,46.04,45,46.04,94000
PGEN,10-Sep-2026,6.7,6.73,6.54,6.68,2838500
PGJ,10-Sep-2026,22.38,22.51,22.37,22.38,104600
PGNY,10-Sep-2026,26.94,27.6,26.94,27.08,894600
PGY,10-Sep-2026,20.66,21.1,20.21,20.3,3215200
PGYWW,10-Sep-2026,0.0195,0.0195,0.018,0.018,4600
PHAR,10-Sep-2026,10.91,10.9695,10.67,10.805,15300
PHAT,10-Sep-2026,8.5,8.545,8.29,8.37,1092400
PHIO,10-Sep-2026,1.03,1.03,0.98,1.01,93800
PHO,10-Sep-2026,68.66,68.66,67.86,68.07,76400
PHOE,10-Sep-2026,21.4,21.4,18.94,18.9799,18100
PHUN,10-Sep-2026,2.02,2.08,2.01,2.02,168500
PHVS,10-Sep-2026,37.6,39.03,37,37.51,1324900
PI,10-Sep-2026,161.17,175,161.17,171.79,278400
PICS,10-Sep-2026,10.47,11.12,10.4,10.505,322300
PID,10-Sep-2026,22.41,22.4409,22.31,22.34,63300
PIE,10-Sep-2026,33.53,33.53,33.35,33.3682,6200
PIII,10-Sep-2026,8.4,8.55,8.25,8.36,9900
PIIIW,10-Sep-2026,0.009,0.0111,0.0089,0.0108,12500
PIO,10-Sep-2026,43.14,43.14,42.87,43.0707,43000
PIZ,10-Sep-2026,53.41,53.7374,53.27,53.405,43400
PKBK,10-Sep-2026,33.99,34.7,33.875,34.59,40900
PKOH,10-Sep-2026,46.12,46.945,44.855,45.78,80400
PKW,10-Sep-2026,150.23,150.27,149.57,149.86,65800
PLA,10-Sep-2026,25.55,25.63,25.41,25.53,2300
PLAB,10-Sep-2026,28.4,28.67,28.12,28.38,771700
PLAY,10-Sep-2026,8.07,8.35,7.94,8.17,1793300
PLBC,10-Sep-2026,61.94,62.59,61.45,62.48,37800
PLBL,10-Sep-2026,5.55,5.75,5.455,5.66,70700
PLBY,10-Sep-2026,1.15,1.16,1.14,1.145,465100
PLCE,10-Sep-2026,2.53,2.55,2.4,2.43,182100
PLCI,10-Sep-2026,10.1,10.1,10.1,9.89,0
PLMK,10-Sep-2026,10.65,10.65,10.65,10.65,100
PLMR,10-Sep-2026,134.45,136.82,130.66,132.92,218800
PLPC,10-Sep-2026,397.43,411.665,395.845,404.04,65000
PLRX,10-Sep-2026,1.13,1.16,1.13,1.13,299300
PLRZ,10-Sep-2026,10.65,11.28,10.42,11.23,43800
PLSE,10-Sep-2026,52.18,57.94,51.3,54.43,915400
PLSM,10-Sep-2026,2.62,2.62,2.42,2.45,19300
PLTD,10-Sep-2026,5.39,5.48,5.344,5.44,26549600
PLTG,10-Sep-2026,16.11,16.39,15.64,15.8975,115900
PLTK,10-Sep-2026,2.26,2.275,2.21,2.22,974300
PLTR,10-Sep-2026,167.35,168.9999,164.55,165.86,21330700
PLTU,10-Sep-2026,45.58,46.6,44.165,44.88,687000
PLTZ,10-Sep-2026,10.04,10.38,9.88,10.23,2702900
PLUG,10-Sep-2026,2.14,2.165,2.09,2.11,49242800
PLUL,10-Sep-2026,7.49,7.72,7.27,7.4075,12300
PLUR,10-Sep-2026,1.34,1.34,1.24,1.25,25400
PLUS,10-Sep-2026,88.28,89.34,87.49,88.01,164900
PLUT,10-Sep-2026,2.69,2.69,2.69,2.69,600
PLXS,10-Sep-2026,244.71,248.35,243.82,246.94,129400
PLYX,10-Sep-2026,2.08,2.08,1.99,1.99,17400
PLYY,10-Sep-2026,8.105,8.105,8.075,8.075,1700
PMA,10-Sep-2026,1.22,1.33,1.21,1.22,154300
PMAX,10-Sep-2026,0.928,0.93,0.8173,0.9194,21100
PMBS,10-Sep-2026,47.71,47.7863,47.5837,47.6088,59500
PMCB,10-Sep-2026,0.4809,0.4999,0.4332,0.4423,121400
PMEC,10-Sep-2026,0.4799,0.49,0.46,0.4701,15200
PMN,10-Sep-2026,14.28,14.28,12.98,13.4,54000
PMTR,10-Sep-2026,10.41,10.43,10.41,10.41,26300
PMTS,10-Sep-2026,28.08,28.08,26.8,26.94,174100
PMVP,10-Sep-2026,1.34,1.45,1.34,1.44,673500
PN,10-Sep-2026,2.44,2.44,2.4,2.43,29800
PNBK,10-Sep-2026,0.975,0.975,0.9241,0.9531,185300
PNQI,10-Sep-2026,50.24,50.77,50.24,50.5547,19400
PNRG,10-Sep-2026,217.9,217.91,212.49,214.51,92200
PNTG,10-Sep-2026,39.66,40.3,38.82,39.3,229800
POCI,10-Sep-2026,4.35,4.4967,4.3101,4.39,49000
PODC,10-Sep-2026,2.56,2.74,2.53,2.53,28000
PODD,10-Sep-2026,136.74,138.66,134.11,134.68,1866900
POET,10-Sep-2026,7.76,7.94,7.57,7.6,6886900
POLA,10-Sep-2026,1.27,1.31,1.27,1.27,17200
POLE,10-Sep-2026,10.72,10.73,10.71,10.73,1451200
POLEW,10-Sep-2026,0.1401,0.145,0.14,0.1401,8100
POM,10-Sep-2026,0.7,0.7639,0.6892,0.7423,12700
PONY,10-Sep-2026,6.66,6.82,6.605,6.63,3213300
POOL,10-Sep-2026,177.9,177.95,173.47,175.76,709000
POWI,10-Sep-2026,48.2,50.08,48.2,49.69,353700
POWL,10-Sep-2026,176.49,180.2,174.5,176.89,411200
POWW,10-Sep-2026,2.14,2.155,2.105,2.12,436400
POWWP,10-Sep-2026,23.76,23.8,23.75,23.8,1700
PPBT,10-Sep-2026,1.85,1.88,1.7007,1.74,81800
PPC,10-Sep-2026,30.37,30.45,29.62,29.93,1724000
PPCB,10-Sep-2026,0.9734,0.9762,0.936,0.9428,129000
PPH,10-Sep-2026,110.56,110.64,109.555,109.6,102900
PPHC,10-Sep-2026,11.28,11.58,11.1,11.27,149700
PPI,10-Sep-2026,21.08,21.08,20.9501,20.9828,27300
PPIH,10-Sep-2026,29.55,30.48,28.78,29.37,116700
PPLI,10-Sep-2026,37.67,38.31,37.2,37.54,1535500
PPSI,10-Sep-2026,3.17,3.17,2.96,2.97,80700
PPTA,10-Sep-2026,23.73,24.2999,23.5,23.67,741100
PQAP,10-Sep-2026,32.51,32.51,32.51,32.51,100
PQJA,10-Sep-2026,32.13,32.13,32.13,32.13,100
PQJL,10-Sep-2026,30.8,30.83,30.795,30.795,400
PQOC,10-Sep-2026,31.935,31.935,31.935,31.935,100
PRAA,10-Sep-2026,19.03,19.06,18.5,18.77,222000
PRAX,10-Sep-2026,339.6,347.4,337.31,338.57,218800
PRCH,10-Sep-2026,16,16.68,15.9,16.29,958300
PRCT,10-Sep-2026,20.42,20.65,19.76,20.07,975500
PRDO,10-Sep-2026,33.25,33.59,32.71,32.84,267300
PRE,10-Sep-2026,24.09,24.7,23.34,23.66,188200
PRFX,10-Sep-2026,0.9613,0.9613,0.9207,0.9275,51300
PRFZ,10-Sep-2026,53.39,53.69,53.19,53.2519,102700
PRGS,10-Sep-2026,40.58,41.14,40.365,40.61,383800
PRHI,10-Sep-2026,8.49,8.805,7.99,8.39,9700
PRHIZ,10-Sep-2026,22.34,22.34,22.34,22.34,200
PRLD,10-Sep-2026,5.04,5.22,4.64,4.67,562200
PRME,10-Sep-2026,3.37,3.42,3.31,3.35,2390200
PRMR,10-Sep-2026,28.44,28.48,28.33,28.3384,24500
PRN,10-Sep-2026,197.43,198.83,195.72,196.03,17800
PROF,10-Sep-2026,6.73,6.8,5.91,5.96,218400
PROK,10-Sep-2026,1.82,1.86,1.75,1.84,2491500
PROP,10-Sep-2026,0.44,0.4469,0.4257,0.4367,642200
PROV,10-Sep-2026,18.68,18.75,18.655,18.71,25000
PRPL,10-Sep-2026,3.53,3.545,3.34,3.36,51800
PRPO,10-Sep-2026,25.21,27.405,25.21,26.91,236300
PRQR,10-Sep-2026,1.96,1.96,1.915,1.94,479900
PRSO,10-Sep-2026,0.548,0.5575,0.526,0.53,151100
PRTA,10-Sep-2026,9.25,9.255,8.97,9.02,310900
PRTH,10-Sep-2026,5.67,5.91,5.52,5.765,549200
PRTS,10-Sep-2026,10.35,10.9799,7.87,8.69,335100
PRVA,10-Sep-2026,20.42,20.9799,20.23,20.37,1263400
PRZO,10-Sep-2026,0.836,0.842,0.78,0.7969,613900
PSC,10-Sep-2026,67.65,68.155,67.57,67.76,86800
PSCC,10-Sep-2026,34.98,35.03,34.5,34.5081,24700
PSCD,10-Sep-2026,110.8544,110.8544,110.8544,110.8544,100
PSCE,10-Sep-2026,64.49,64.49,63.6987,64.1748,43000
PSCF,10-Sep-2026,64.9487,64.9487,64.9487,64.9487,100
PSCH,10-Sep-2026,53.34,53.55,53.08,53.1098,13800
PSCI,10-Sep-2026,166.44,166.44,164.46,164.7444,6100
PSCM,10-Sep-2026,98.22,98.22,97.405,97.4819,900
PSCT,10-Sep-2026,76.56,78.09,76.56,77.43,11900
PSCU,10-Sep-2026,63.6917,63.6917,63.6917,63.6917,100
PSEC,10-Sep-2026,2.19,2.21,2.17,2.18,2260600
PSET,10-Sep-2026,77.33,77.42,77.22,77.2756,2400
PSHG,10-Sep-2026,1.69,1.71,1.65,1.7,27000
PSIG,10-Sep-2026,1.73,2.5,1.73,2.29,4094200
PSIX,10-Sep-2026,40.64,41.56,39.63,40.29,411900
PSKY,10-Sep-2026,10.19,10.55,10.17,10.38,13041400
PSL,10-Sep-2026,110.21,110.21,109.5587,109.5587,1400
PSMT,10-Sep-2026,170.47,171.63,168.93,169.51,245100
PSNL,10-Sep-2026,16.07,16.49,16,16.33,2296600
PSNY,10-Sep-2026,7.98,7.98,7.425,7.72,329300
PSNYW,10-Sep-2026,4.2201,4.2201,4.1201,4.14,20400
PSQL,10-Sep-2026,7.99,8.1499,7.7,7.79,513500
PSQLW,10-Sep-2026,1.57,1.699,1.435,1.47,155800
PSTR,10-Sep-2026,31.695,31.73,31.6344,31.6344,1000
PSWD,10-Sep-2026,44.16,44.725,44.0551,44.0551,2400
PTC,10-Sep-2026,127.72,130.89,126.79,128.715,1683600
PTCT,10-Sep-2026,66.84,67.78,66.47,67.37,1013200
PTEN,10-Sep-2026,13.3,13.39,12.655,12.9,6835400
PTF,10-Sep-2026,100.9,102.8,100.6,100.6772,51800
PTGX,10-Sep-2026,143.29,146.51,142,145.16,543100
PTH,10-Sep-2026,60.98,61.38,60.27,60.5791,18700
PTIR,10-Sep-2026,17.03,17.34,16.44,16.69,2416300
PTLE,10-Sep-2026,7,7.25,6.825,7,13100
PTLO,10-Sep-2026,4.1,4.1499,4.055,4.1,1439000
PTNQ,10-Sep-2026,85.23,85.735,85.23,85.391,13000
PTON,10-Sep-2026,5.05,5.06,4.905,4.92,13044400
PTOR,10-Sep-2026,10,10,10,10,1000
PTORW,10-Sep-2026,0.38,0.38,0.38,0.38,100
PTRN,10-Sep-2026,19.26,19.97,19.15,19.86,1735900
PUBM,10-Sep-2026,16.17,16.33,16.09,16.23,249600
PUI,10-Sep-2026,44.1,44.1,43.85,43.8607,1700
PUL,10-Sep-2026,33.23,33.23,32.8313,32.8313,700
PULM,10-Sep-2026,1.51,1.51,1.3999,1.46,24500
PUR,10-Sep-2026,30.79,33.5,27.88,28.19,132800
PURR,10-Sep-2026,11.57,11.97,10.96,11.01,23343800
PUSA,10-Sep-2026,3.6,3.7709,3.56,3.67,280400
PVLA,10-Sep-2026,148.43,151.365,147.1,150.39,266000
PWCM,10-Sep-2026,1.16,1.17,1.09,1.1,79000
PWP,10-Sep-2026,15.9,16.36,15.01,15.17,2299000
PWRD,10-Sep-2026,106.16,107.01,105.432,105.5825,46200
PWRL,10-Sep-2026,10.1,10.29,9.935,10.2,125100
PXI,10-Sep-2026,65.52,65.9,65.45,65.5485,2700
PXLW,10-Sep-2026,6.8,7.04,6.8,6.88,32700
PXS,10-Sep-2026,6.46,7.04,6.46,7.01,130100
PY,10-Sep-2026,56.879,56.96,56.85,56.8524,8000
PYPD,10-Sep-2026,5.2,5.3816,5.13,5.16,69600
PYPG,10-Sep-2026,6.64,7.19,6.63,7.1754,441400
PYPL,10-Sep-2026,51.05,53.375,50.802,53.31,11357300
PYXS,10-Sep-2026,3.42,3.4367,3.18,3.27,742100
PYZ,10-Sep-2026,121.93,122.4955,121.09,121.1397,5900
PZZA,10-Sep-2026,21.63,22.5401,21.4,21.46,1350500
QABA,10-Sep-2026,67.4725,67.4725,67.4725,67.4725,400
QADRW,10-Sep-2026,0.2501,0.2501,0.2501,0.2501,400
QALT,10-Sep-2026,26.21,26.26,26.19,26.2308,11300
QAT,10-Sep-2026,17.26,17.31,17.2,17.255,12400
QB,10-Sep-2026,48.61,48.63,48.61,48.63,100
QBIG,10-Sep-2026,40.855,41.1001,40.75,41.1001,3700
QBTZ,10-Sep-2026,17.89,17.9099,16.838,17.6655,167100
QBUF,10-Sep-2026,30.63,30.69,30.6,30.63,30700
QBY,10-Sep-2026,5.83,5.88,5.83,5.86,7000
QCLN,10-Sep-2026,48.32,49.26,48.17,48.52,106600
QCLR,10-Sep-2026,27.51,27.51,27.51,27.51,100
QCLS,10-Sep-2026,1.74,1.78,1.64,1.65,228100
QCMD,10-Sep-2026,17.22,17.3,16.31,16.8104,11300
QCML,10-Sep-2026,16.45,18.4,16.195,17.31,820600
QCMU,10-Sep-2026,20.52,22.87,20.1362,21.49,169200
QCOM,10-Sep-2026,172.13,182.4,171,176.88,15597600
QCRH,10-Sep-2026,101.11,102.33,100.6301,101.93,108300
QDEL,10-Sep-2026,12.39,12.6916,11.95,12.15,1175700
QDTY,10-Sep-2026,38.33,38.48,38.3,38.38,8800
QETA,10-Sep-2026,11.85,11.85,11.85,11.85,800
QEW,10-Sep-2026,29.02,29.41,29.02,29.15,8200
QFF,10-Sep-2026,24.11,24.15,24.0401,24.0669,5700
QFIN,10-Sep-2026,8.45,8.65,8.41,8.47,1410200
QGRD,10-Sep-2026,29.07,29.2199,29.03,29.1417,9800
QH,10-Sep-2026,4.02,4.02,4.02,4.02,1300
QLDY,10-Sep-2026,40.05,40.2399,39.97,40.1,34800
QLYS,10-Sep-2026,167.58,173.555,160.6125,161.57,856100
QMCO,10-Sep-2026,23.54,24.535,22.895,23.03,987400
QMID,10-Sep-2026,29.268,29.268,29.268,29.268,100
QMLS,10-Sep-2026,6.52,7.5,6.485,6.71,449700
QMOM,10-Sep-2026,73.2,73.39,72.4704,72.4704,19800
QNCX,10-Sep-2026,30,30,28.3101,28.96,3600
QNDX,10-Sep-2026,23.97,24.11,23.955,24.01,333700
QNME,10-Sep-2026,0.3219,0.3419,0.32,0.325,48600
QNRX,10-Sep-2026,6.84,7,6.58,6.9,31100
QNST,10-Sep-2026,17.87,18.12,17.72,18.03,711700
QNT,10-Sep-2026,47.4,49.93,47,48.67,1146800
QNTM,10-Sep-2026,3.54,3.6,3.0815,3.29,239000
QNXT,10-Sep-2026,30.51,30.55,30.3524,30.3524,6000
QOWZ,10-Sep-2026,35.75,35.7915,35.75,35.7915,600
QPUX,10-Sep-2026,12.94,13.3031,12.55,12.61,168700
QQA,10-Sep-2026,55.73,56.0499,55.5667,55.74,108800
QQDN,10-Sep-2026,21.31,21.31,21.036,21.036,500
QQEW,10-Sep-2026,156.41,157.71,156.2,156.6521,37600
QQHG,10-Sep-2026,66.13,66.13,66.065,66.065,100
QQLV,10-Sep-2026,24.6752,24.6752,24.6752,24.6752,300
QQMG,10-Sep-2026,49.25,49.53,49.25,49.3564,13500
QQQ,10-Sep-2026,707.55,712.06,706.855,708.69,31414400
QQQA,10-Sep-2026,67.35,68.2149,67.24,67.7137,7400
QQQE,10-Sep-2026,117.82,118.49,117.465,117.57,260600
QQQG,10-Sep-2026,30.37,30.55,30.35,30.3542,18300
QQQH,10-Sep-2026,54.35,54.4131,54.1441,54.2522,16800
QQQI,10-Sep-2026,54.03,54.32,53.9845,54.08,4124000
QQQJ,10-Sep-2026,43.83,44.2,43.725,43.76,156600
QQQM,10-Sep-2026,291.38,293.179,291.05,291.8,2312500
QQQP,10-Sep-2026,213.13,213.43,212.4454,212.4454,500
QQQS,10-Sep-2026,43.44,43.44,42.65,42.6825,5300
QQQT,10-Sep-2026,17.55,17.6308,17.52,17.55,11400
QQQX,10-Sep-2026,30.15,30.5099,30.08,30.14,71600
QQQY,10-Sep-2026,21.96,22.06,21.94,21.98,72200
QQUP,10-Sep-2026,61,61.9729,61,61.9729,500
QQWZ,10-Sep-2026,28.62,28.69,28.53,28.5666,55500
QQXL,10-Sep-2026,53.65,54.1601,53.65,53.8346,8000
QQXT,10-Sep-2026,98.82,98.82,98.3018,98.3018,1000
QRHC,10-Sep-2026,1.38,1.38,1.37,1.37,22400
QRMI,10-Sep-2026,15.16,15.185,15.15,15.1694,14600
QRVO,10-Sep-2026,103.88,114.28,103.61,112.36,2255300
QS,10-Sep-2026,5.09,5.29,5.06,5.18,6507600
QSEA,10-Sep-2026,10.63,10.64,10.63,10.64,2200
QSI,10-Sep-2026,0.75,0.755,0.7251,0.7391,1715300
QSIX,10-Sep-2026,41.82,41.87,41.6735,41.6735,1200
QSML,10-Sep-2026,33.31,33.39,33.24,33.3409,4600
QTEC,10-Sep-2026,305.86,308.6,305.12,305.99,177700
QTEX,10-Sep-2026,0.8253,0.84,0.8,0.8184,647500
QTI,10-Sep-2026,2.73,3.0899,2.5957,2.6,40300
QTOP,10-Sep-2026,37.2,37.37,37.12,37.2253,89400
QTR,10-Sep-2026,33.64,33.64,33.4691,33.4691,100
QTRX,10-Sep-2026,2.6,2.625,2.49,2.5,456000
QTTB,10-Sep-2026,11,11.08,10.54,10.72,937700
QTUM,10-Sep-2026,145.89,147.049,145.5,145.61,194600
QUBT,10-Sep-2026,7.92,8.06,7.77,7.82,6466200
QUCY,10-Sep-2026,1.41,1.41,1.33,1.37,744800
QUIK,10-Sep-2026,10.49,10.79,10.4092,10.73,319700
QUMS,10-Sep-2026,10.33,10.33,10.33,10.33,50100
QUMSR,10-Sep-2026,0.065,0.065,0.065,0.065,700
QUMSU,10-Sep-2026,10.38,10.38,10.38,10.38,3600
QURE,10-Sep-2026,45.68,45.82,44.4,44.47,923200
QVAL,10-Sep-2026,60.99,60.99,60.53,60.5322,17500
QVCG,10-Sep-2026,16.77,17.18,16.14,16.76,198300
QVOL,10-Sep-2026,98.37,98.56,97.731,97.955,12500
QXL,10-Sep-2026,4.52,4.65,4.29,4.61,24600
QXQ,10-Sep-2026,31.6,31.68,31.5,31.5351,7100
QYLD,10-Sep-2026,18.22,18.3,18.21,18.24,2542700
QYLG,10-Sep-2026,29.37,29.599,29.37,29.48,21200
RAA,10-Sep-2026,30.27,30.33,30.26,30.2634,8600
RACC,10-Sep-2026,11.6,11.8,11.15,11.44,31100
RACD,10-Sep-2026,11.4,12.19,11.27,11.72,3200
RADX,10-Sep-2026,2.11,2.28,2.05,2.06,21900
RAIL,10-Sep-2026,6.74,6.77,6.62,6.66,175600
RAIN,10-Sep-2026,0.72,0.7773,0.7,0.7625,93400
RAND,10-Sep-2026,10.82,11.1,10.75,10.89,4000
RANGR,10-Sep-2026,0.2785,0.28,0.2785,0.28,400
RANI,10-Sep-2026,0.85,0.85,0.822,0.822,190000
RAPP,10-Sep-2026,43.35,43.995,42.65,43.46,319200
RARE,10-Sep-2026,14.25,14.44,13.95,14.4,3665200
RAUS,10-Sep-2026,29.77,29.852,29.77,29.785,1300
RAVE,10-Sep-2026,2.96,2.995,2.924,2.965,3200
RAYA,10-Sep-2026,2.2157,2.285,2.19,2.19,4000
RBB,10-Sep-2026,26.21,26.68,26.18,26.68,54000
RBBN,10-Sep-2026,1.95,1.97,1.94,1.96,631800
RBCAA,10-Sep-2026,96.26,97.32,95.41,97.24,106600
RBIL,10-Sep-2026,50.11,50.14,50.1,50.11,20700
RBKB,10-Sep-2026,12.82,13.08,12.81,13.07,154400
RBNE,10-Sep-2026,2.63,2.7798,2.63,2.67,25600
RCAT,10-Sep-2026,8.1,8.57,8.075,8.08,5832400
RCAX,10-Sep-2026,14.08,15.4896,13.81,13.8577,46200
RCEL,10-Sep-2026,10,10.34,9.8,9.86,245400
RCGE,10-Sep-2026,30.1602,30.1602,30.1602,30.1602,100
RCKT,10-Sep-2026,3.62,3.63,3.44,3.48,1186200
RCKY,10-Sep-2026,42.81,43.9,42.35,43.3,64600
RCMT,10-Sep-2026,40.28,40.76,38.93,39.12,53700
RCON,10-Sep-2026,1.34,1.3799,1.25,1.29,239500
RCT,10-Sep-2026,0.2025,0.206,0.195,0.204,265300
RDAC,10-Sep-2026,5.76,5.825,5.42,5.56,54300
RDAGW,10-Sep-2026,0.28,0.28,0.28,0.28,4000
RDCM,10-Sep-2026,9.95,10.035,9.7707,9.96,153100
RDGT,10-Sep-2026,0.8516,0.897,0.8157,0.8423,29300
RDHL,10-Sep-2026,0.7,0.7,0.6533,0.6533,153000
RDI,10-Sep-2026,2.33,2.33,2.06,2.14,142600
RDIB,10-Sep-2026,14.31,15.37,13.44,14.4,164300
RDNT,10-Sep-2026,70.45,75.1,70.45,74.28,801800
RDNW,10-Sep-2026,5.52,5.675,5.5,5.57,42300
RDTL,10-Sep-2026,12.35,13.94,11.92,13.68,1107100
RDTY,10-Sep-2026,35.675,35.84,35.51,35.5923,17100
RDVT,10-Sep-2026,74.07,75.03,72.9,73.05,174800
RDVY,10-Sep-2026,80.33,80.33,79.815,79.94,1250300
RDWR,10-Sep-2026,27.78,28.34,27.695,28,168400
RDZN,10-Sep-2026,1.21,1.2399,1.14,1.15,332900
REAI,10-Sep-2026,20.8735,20.8735,20.8735,20.8735,100
REAL,10-Sep-2026,9.39,9.75,9.25,9.55,1812300
REAX,10-Sep-2026,20.5,20.74,18.13,18.53,923600
REBN,10-Sep-2026,0.71,0.87,0.67,0.8479,2604400
RECT,10-Sep-2026,1.31,1.32,1.285,1.285,1700
REFI,10-Sep-2026,10.66,10.8041,10.64,10.7,198600
REFR,10-Sep-2026,0.399,0.3999,0.385,0.385,95500
REG,10-Sep-2026,75.43,75.83,74.81,75.31,1729600
REGCO,10-Sep-2026,21.95,21.95,21.72,21.89,12100
REGCP,10-Sep-2026,23.0801,23.1154,23.0801,23.1154,500
REGN,10-Sep-2026,794.36,806.14,792,793.26,526900
REIT,10-Sep-2026,29.66,29.83,29.43,29.51,12500
REKR,10-Sep-2026,0.5,0.504,0.46,0.4751,2276000
RELL,10-Sep-2026,17.03,17.38,16.7,17.04,121600
RELY,10-Sep-2026,23.86,23.96,21.851,21.93,7091600
REMG,10-Sep-2026,36.725,36.8803,36.69,36.73,11000
RENT,10-Sep-2026,3.08,3.1,2.68,2.82,164400
RENX,10-Sep-2026,1.8104,1.8362,1.79,1.81,71000
REPL,10-Sep-2026,14.47,14.47,13.21,13.24,3646300
RETO,10-Sep-2026,0.423,0.4799,0.405,0.4114,334200
REVB,10-Sep-2026,1,1,0.9995,0.9995,4900
REXC,10-Sep-2026,17.5,17.5,17.01,17.05,124800
REYN,10-Sep-2026,21.69,21.81,21.51,21.57,1852300
RFAI,10-Sep-2026,33.39,36,30,32.01,48500
RFAIR,10-Sep-2026,0.16,0.16,0.15,0.16,17600
RFAM,10-Sep-2026,9.98,9.98,9.98,9.98,2700
RFAMU,10-Sep-2026,10.055,10.1,10.055,10.1,300
RFDI,10-Sep-2026,91.35,91.46,91.0718,91.0718,3300
RFEM,10-Sep-2026,98.67,99.02,98.44,98.5339,2500
RFIL,10-Sep-2026,10,10.31,9.8536,10.19,129300
RGC,10-Sep-2026,5.95,6.2,5.5617,5.635,203500
RGCO,10-Sep-2026,21.56,21.64,21.12,21.64,12400
RGEN,10-Sep-2026,162.68,165.04,161.1416,164.68,955900
RGLD,10-Sep-2026,255.55,258.2,253.86,253.98,472600
RGLO,10-Sep-2026,33,33.65,33,33.25,35700
RGNX,10-Sep-2026,8.63,8.79,8.47,8.56,1172000
RGP,10-Sep-2026,3.88,3.915,3.8,3.89,334200
RGS,10-Sep-2026,27.6,28.1,26.59,27.4,5600
RGTI,10-Sep-2026,14.89,15.43,14.84,15.16,14723900
RGTIW,10-Sep-2026,6.25,6.449,6.08,6.36,23700
RGTX,10-Sep-2026,8.72,9.33,8.68,9.03,995600
RGTZ,10-Sep-2026,18.59,18.59,17.09,17.7,405400
RGYY,10-Sep-2026,5.86,5.89,5.86,5.8728,9500
RIBB,10-Sep-2026,12.38,12.85,11.15,11.15,14300
RIBBR,10-Sep-2026,0.28,0.3,0.241,0.3,32200
RICK,10-Sep-2026,28.22,28.68,28.04,28.62,34700
RIFR,10-Sep-2026,28.17,28.25,27.99,28.0022,3000
RIGL,10-Sep-2026,46.69,47.35,46.2838,47.28,131300
RILY,10-Sep-2026,6.72,6.825,6.56,6.58,401800
RILYG,10-Sep-2026,24.84,24.85,24.78,24.8,3900
RILYL,10-Sep-2026,12.968,13.2,12.9201,13,3800
RILYN,10-Sep-2026,25.19,25.195,25.19,25.195,5300
RILYP,10-Sep-2026,12.43,12.54,12.3,12.525,8300
RILYT,10-Sep-2026,21.58,21.58,21.35,21.35,26000
RILYZ,10-Sep-2026,20.6,20.63,20.2,20.2,37700
RIME,10-Sep-2026,0.248,0.248,0.2321,0.2359,175200
RING,10-Sep-2026,84.83,85.68,84,84.56,398000
RINT,10-Sep-2026,32.56,33.195,32.49,32.505,15500
RIOT,10-Sep-2026,21.21,21.8103,20.78,20.95,10256900
RITR,10-Sep-2026,0.087,0.091,0.0853,0.0879,10269400
RIVN,10-Sep-2026,15.75,16.405,15.56,16.05,18381000
RJET,10-Sep-2026,17.5,18.05,17.03,17.21,143200
RKDA,10-Sep-2026,0.4501,0.4722,0.45,0.4529,21400
RKLB,10-Sep-2026,61.65,64.9,61.53,61.96,18956200
RKLX,10-Sep-2026,13.85,15.33,13.8,13.99,3216000
RKLZ,10-Sep-2026,21.27,21.56,19.441,21.3635,162800
RKNG,10-Sep-2026,23.23,23.56,23.0231,23.0231,2300
RKTO,10-Sep-2026,0.665,0.665,0.6301,0.6453,181800
RLAY,10-Sep-2026,18.3,19.11,18.1,18.89,3000700
RLMD,10-Sep-2026,4.25,4.25,4,4.07,2808900
RLYB,10-Sep-2026,16.8,17.06,16.71,16.75,6100
RMBI,10-Sep-2026,15.63,15.79,15.55,15.66,66600
RMBS,10-Sep-2026,84.87,86.81,84.147,85.35,1653600
RMCF,10-Sep-2026,0.8902,0.907,0.86,0.907,34100
RMCO,10-Sep-2026,2.71,2.83,2.6,2.66,12700
RMIX,10-Sep-2026,14.36,15.263,13.81,13.96,633800
RML,10-Sep-2026,8.61,9.5,8.5,8.53,287100
RMNI,10-Sep-2026,4.58,4.635,4.55,4.57,264600
RMR,10-Sep-2026,19.28,19.28,19.01,19.06,55700
RMSG,10-Sep-2026,0.3251,0.34,0.315,0.319,95800
RMSGW,10-Sep-2026,0.0305,0.04,0.0305,0.0322,1300
RMTI,10-Sep-2026,7.85,8.1,7.5106,8.04,36500
RNA,10-Sep-2026,10.44,10.74,10.28,10.35,421600
RNAC,10-Sep-2026,8.53,8.53,8.25,8.43,128300
RNAQU,10-Sep-2026,10.171,10.185,10.17,10.17,9700
RNAZ,10-Sep-2026,1.72,1.83,1.69,1.69,26000
RNEM,10-Sep-2026,55.325,56.78,55.325,56.78,300
RNGTW,10-Sep-2026,0.31,0.325,0.31,0.325,17100
RNIN,10-Sep-2026,36.62,36.95,36.62,36.87,12900
RNRG,10-Sep-2026,33.975,33.975,33.83,33.9484,1300
RNTX,10-Sep-2026,0.82,0.835,0.7717,0.7809,240700
RNW,10-Sep-2026,6.85,6.87,6.83,6.85,3035100
RNXT,10-Sep-2026,1.97,1.99,1.71,1.77,1640800
ROAD,10-Sep-2026,96.21,97.96,95.51,96.12,381800
ROBT,10-Sep-2026,56.78,57.27,56.675,56.7618,31800
ROC,10-Sep-2026,4.3742,4.3742,4.28,4.3,5800
ROCK,10-Sep-2026,45,45.6099,44,44.52,286000
ROCQ,10-Sep-2026,55,55.18,54.87,55,403900
ROCY,10-Sep-2026,54.51,54.58,54.4,54.4697,483900
ROE,10-Sep-2026,42.7796,42.95,42.7319,42.7319,13900
ROIV,10-Sep-2026,41.265,41.405,40.215,40.94,6538100
ROKU,10-Sep-2026,152.34,154.46,152.007,154.12,2591600
ROMA,10-Sep-2026,9.1355,9.1355,8.9781,8.9781,1300
ROOT,10-Sep-2026,51.03,53.7592,51.03,52.79,197800
ROP,10-Sep-2026,393.265,394,387.5901,388.58,501300
ROST,10-Sep-2026,224.51,228.415,222.73,225.48,1356700
RPAY,10-Sep-2026,3.52,3.585,3.49,3.56,343300
RPD,10-Sep-2026,10.44,10.83,10.435,10.5,1150400
RPGL,10-Sep-2026,1.46,1.51,1.4438,1.45,42000
RPID,10-Sep-2026,1.2,1.2372,1.16,1.2,385100
RPRX,10-Sep-2026,60.44,60.71,58.64,58.75,3324500
RR,10-Sep-2026,1.63,1.705,1.61,1.62,3319400
RRBI,10-Sep-2026,101.91,103.4,101.19,103.175,72300
RREVW,10-Sep-2026,0.46,0.4696,0.44,0.445,10800
RRGB,10-Sep-2026,8.09,8.2726,7.535,7.56,555400
RRR,10-Sep-2026,54.84,55.4,54.35,54.69,653100
RSSS,10-Sep-2026,2.14,2.21,2.13,2.13,25900
RSVR,10-Sep-2026,8.86,9.025,8.59,8.82,86200
RTAC,10-Sep-2026,10.44,10.47,10.43,10.455,2848400
RTACU,10-Sep-2026,10.75,10.835,10.75,10.75,2500
RTACW,10-Sep-2026,0.71,0.71,0.67,0.67,10300
RTB,10-Sep-2026,8.2,8.9699,7.5,8.22,96200
RTH,10-Sep-2026,255.24,256.88,255.11,255.2495,2800
RTXG,10-Sep-2026,23.58,23.6882,23.58,23.6882,2000
RTYY,10-Sep-2026,8.57,8.6,8.51,8.555,16500
RUBI,10-Sep-2026,1.68,1.71,1.64,1.66,72600
RUM,10-Sep-2026,7.37,7.52,7.22,7.365,3082800
RUMBW,10-Sep-2026,1.79,1.79,1.6,1.695,8100
RUN,10-Sep-2026,8.49,8.75,8.39,8.63,7839500
RUNN,10-Sep-2026,33.21,33.3899,33.17,33.2231,39900
RUSC,10-Sep-2026,37.305,37.475,37.1801,37.2262,3300
RUSHA,10-Sep-2026,48.89,49.04,48.02,48.19,523100
RUSHB,10-Sep-2026,50.02,50.02,48.56,49.21,52100
RVMD,10-Sep-2026,205.85,207.84,202.5901,203.35,810600
RVMDW,10-Sep-2026,11.4,11.4,11.06,11.06,14700
RVNL,10-Sep-2026,23.455,25.63,23.36,24.6847,93400
RVSB,10-Sep-2026,5.25,5.32,5.25,5.32,21200
RVSN,10-Sep-2026,3.93,4.1021,3.91,3.91,11900
RVSNW,10-Sep-2026,0.0127,0.0244,0.0127,0.0244,8200
RWAY,10-Sep-2026,6.54,6.57,6.495,6.51,286100
RWAYI,10-Sep-2026,24.9,24.97,24.78,24.9,10000
RWAYL,10-Sep-2026,25.0664,25.11,25.0664,25.11,9300
RWIN,10-Sep-2026,27.3694,27.3694,27.3694,27.3694,100
RXRX,10-Sep-2026,3.14,3.25,3.1,3.16,10625700
RXST,10-Sep-2026,6.26,6.325,5.89,5.96,667300
RXT,10-Sep-2026,3.52,3.55,3.07,3.13,19375500
RYAAY,10-Sep-2026,53.5,53.79,52.89,53,1774400
RYET,10-Sep-2026,0.8101,0.8199,0.7945,0.8198,43300
RYM,10-Sep-2026,23.9999,24.81,22.8007,23.16,18100
RYOJ,10-Sep-2026,4.7,4.9,4.7,4.7,32300
RYTM,10-Sep-2026,99.88,102.89,99.88,102.2,422800
RZLT,10-Sep-2026,4.03,4.35,3.97,4.17,2224500
RZLV,10-Sep-2026,2.26,2.37,2.25,2.3,12009100
RZLVW,10-Sep-2026,0.535,0.569,0.53,0.5525,34800
SAAQ,10-Sep-2026,10.1,10.1,10.1,10.1,53200
SAAQU,10-Sep-2026,10.37,10.37,10.3699,10.3699,1500
SABR,10-Sep-2026,2.12,2.22,2.11,2.13,6521800
SABS,10-Sep-2026,3.48,3.53,3.395,3.42,328600
SABSW,10-Sep-2026,0.0181,0.0181,0.014,0.014,30100
SAFT,10-Sep-2026,103.53,103.53,103.29,103.32,167200
SAFX,10-Sep-2026,0.41,0.4289,0.41,0.4154,1230700
SAGT,10-Sep-2026,0.6005,0.6126,0.5628,0.5721,134700
SAIA,10-Sep-2026,347.3,354.3104,344.14,346,313300
SAIC,10-Sep-2026,126.37,129.78,125.1601,128.76,318300
SAIH,10-Sep-2026,25.06,26,23.01,23.64,14800
SAIL,10-Sep-2026,17.38,18.59,17.102,17.64,5302500
SAMG,10-Sep-2026,10.04,10.05,9.93,10,112000
SANA,10-Sep-2026,3.1,3.19,3,3.09,4617500
SANG,10-Sep-2026,3.91,3.91,3.7,3.7,1100
SANM,10-Sep-2026,201.62,207.65,195.16,203.31,309700
SARK,10-Sep-2026,25.72,25.74,25.2,25.5408,245400
SATA,10-Sep-2026,99.93,100.01,99.92,100.01,455700
SATL,10-Sep-2026,4.9,5.21,4.68,4.7,4183100
SATLW,10-Sep-2026,0.585,0.585,0.4149,0.4701,9700
SBAC,10-Sep-2026,187.36,188.3,179.52,181.42,1444400
SBC,10-Sep-2026,4.31,4.44,4.25,4.4,147500
SBCF,10-Sep-2026,33.67,34.005,32.82,33.86,637100
SBCWW,10-Sep-2026,0.315,0.32,0.2895,0.315,46200
SBET,10-Sep-2026,8.37,8.6672,8.332,8.43,7071800
SBFG,10-Sep-2026,29.04,29.48,28.9,29.44,9500
SBFM,10-Sep-2026,1.14,1.14,1.08,1.08,144000
SBGI,10-Sep-2026,13.55,13.95,13.5,13.82,388000
SBLK,10-Sep-2026,31.14,31.29,30.54,30.74,2374900
SBRA,10-Sep-2026,20.79,21.11,20.641,20.83,2814200
SBUX,10-Sep-2026,100.37,101.67,98.78,99.22,6981100
SCA,10-Sep-2026,24.89,24.89,24.8094,24.8094,800
SCAG,10-Sep-2026,0.24,0.2598,0.2392,0.2402,319200
SCATU,10-Sep-2026,10,10.03,10,10.0153,4400
SCDS,10-Sep-2026,73.3847,73.3847,73.3847,73.3847,100
SCHL,10-Sep-2026,35.56,36.22,35.22,35.27,297200
SCIIU,10-Sep-2026,10.27,10.27,10.27,10.27,100
SCKT,10-Sep-2026,0.52,0.5572,0.52,0.5396,25400
SCLX,10-Sep-2026,5.19,5.22,5.05,5.05,20600
SCNI,10-Sep-2026,1.68,1.69,1.6,1.67,44200
SCNX,10-Sep-2026,0.3567,0.37,0.3467,0.3575,361400
SCOR,10-Sep-2026,4.81,5.07,4.72,5.02,41200
SCPQU,10-Sep-2026,10.28,10.28,10.28,10.28,100
SCSC,10-Sep-2026,56.91,57.575,55,55.53,327300
SCTX,10-Sep-2026,29.31,30.55,28.83,29.47,189500
SCWO,10-Sep-2026,3.27,3.3,3.15,3.2,44700
SCYX,10-Sep-2026,4.82,4.97,4.63,4.7,47300
SCZ,10-Sep-2026,85.45,85.855,85.1655,85.35,1715800
SCZM,10-Sep-2026,9.93,10.09,9.59,9.69,472100
SDA,10-Sep-2026,0.592,0.6466,0.518,0.609,3248200
SDAWW,10-Sep-2026,0.11,0.11,0.11,0.11,1300
SDG,10-Sep-2026,89.78,89.79,89.45,89.45,6600
SDGR,10-Sep-2026,18.81,19.2,18.69,18.8,512100
SDHI,10-Sep-2026,10.5599,10.5599,10.5599,10.5599,400
SDHIR,10-Sep-2026,0.14,0.15,0.14,0.15,224000
SDOT,10-Sep-2026,12.74,13.07,12.4139,12.62,76900
SDSI,10-Sep-2026,50.82,50.83,50.71,50.74,53700
SDST,10-Sep-2026,0.1586,0.1776,0.155,0.17,10577800
SDSTW,10-Sep-2026,0.0892,0.0892,0.0889,0.0889,600
SDTY,10-Sep-2026,40.6,40.6,40.4101,40.4686,12100
SDVY,10-Sep-2026,42.49,42.49,42.18,42.33,953900
SEAT,10-Sep-2026,4.91,5.07,4.7,4.71,131200
SEDG,10-Sep-2026,35.57,37.5399,29.91,36.75,9984800
SEED,10-Sep-2026,1.02,1.0999,1.02,1.05,28700
SEEM,10-Sep-2026,39.32,39.43,39.08,39.1271,39800
SEER,10-Sep-2026,1.94,1.97,1.93,1.93,152500
SEGG,10-Sep-2026,2.79,3.088,2.7102,3.04,68800
SEIC,10-Sep-2026,107.19,107.87,106.32,106.77,544000
SEIE,10-Sep-2026,36.52,36.6,36.31,36.3837,83800
SEIS,10-Sep-2026,31.89,32.03,31.73,31.78,48500
SELF,10-Sep-2026,5.124,5.1908,5.112,5.15,9200
SEMY,10-Sep-2026,12.94,12.964,12.87,12.93,31300
SENEA,10-Sep-2026,193.36,193.6,184.46,186.19,90200
SENEB,10-Sep-2026,188.22,188.22,188.22,188.22,400
SEPN,10-Sep-2026,37.37,38.43,36.6,37.75,338700
SEPQ,10-Sep-2026,27.29,27.29,27.07,27.1191,16900
SERA,10-Sep-2026,2,2.06,1.995,2.05,72000
SERV,10-Sep-2026,4.55,4.64,4.4,4.42,3638600
SETM,10-Sep-2026,33.2,33.2,32.66,32.68,162100
SEUS,10-Sep-2026,25.89,25.89,25.745,25.78,29600
SEV,10-Sep-2026,2.3,2.39,2.28,2.31,254400
SEVN,10-Sep-2026,7.43,7.435,7.31,7.34,212800
SEZL,10-Sep-2026,117.91,120.44,115.4,118.41,370000
SFBC,10-Sep-2026,48.0951,48.35,48.0951,48.35,600
SFD,10-Sep-2026,20.6,21.02,20.55,20.59,1990700
SFHG,10-Sep-2026,2.19,2.31,2.185,2.31,8800
SFIX,10-Sep-2026,2.86,2.909,2.82,2.85,1664900
SFLO,10-Sep-2026,38.54,38.7593,38.44,38.595,195500
SFM,10-Sep-2026,73.5,75.24,72.1,72.2,2207800
SFNC,10-Sep-2026,23.17,23.195,22.75,23.13,1240800
SFST,10-Sep-2026,62.05,63.47,61.65,63.42,55600
SFWL,10-Sep-2026,10.78,10.846,9.46,9.48,13700
SGA,10-Sep-2026,8.66,8.9,8.66,8.9,3900
SGC,10-Sep-2026,12.34,12.35,12.15,12.29,32500
SGHT,10-Sep-2026,7.93,8.095,7.7,8.005,167800
SGLD,10-Sep-2026,4.72,4.8,4.42,4.43,177800
SGLY,10-Sep-2026,1.93,2.22,1.85,1.96,1996900
SGML,10-Sep-2026,10.166,10.21,9.89,10.07,1968900
SGMT,10-Sep-2026,10.75,11.449,10.67,11.06,937600
SGP,10-Sep-2026,27.06,28,27.01,27.31,83600
SGRX,10-Sep-2026,1.58,1.64,1.4,1.43,168000
SGRY,10-Sep-2026,14.1,14.18,13.72,14.12,3275200
SGVA,10-Sep-2026,100.83,100.835,100.825,100.825,5400
SHBI,10-Sep-2026,23,23.41,22.91,23.4,152800
SHC,10-Sep-2026,18.04,18.44,18.01,18.26,1788900
SHEN,10-Sep-2026,11.96,12.1,11.85,11.98,684200
SHFS,10-Sep-2026,0.16,0.16,0.1501,0.154,97800
SHFSW,10-Sep-2026,0.0184,0.0185,0.0183,0.0185,3700
SHIM,10-Sep-2026,3.5,3.69,3.42,3.44,86100
SHIP,10-Sep-2026,18.49,18.49,18.06,18.24,244700
SHLS,10-Sep-2026,6.9,7.215,6.79,7.11,4978400
SHMD,10-Sep-2026,3.38,3.49,3.21,3.23,390300
SHOE,10-Sep-2026,10.2,12.47,10.2,12.28,4808200
SHOO,10-Sep-2026,42.86,42.86,41.48,41.56,1168800
SHOP,10-Sep-2026,124.03,128.99,124.03,126.6,12127700
SHOT,10-Sep-2026,9.875,9.875,9.85,9.8617,1700
SHOTR,10-Sep-2026,0.1311,0.1312,0.13,0.1305,2800
SHOTU,10-Sep-2026,9.94,9.99,9.94,9.9822,5000
SHPH,10-Sep-2026,3.42,3.53,3.4181,3.53,16000
SHPU,10-Sep-2026,12.09,12.909,12,12.42,89200
SHRY,10-Sep-2026,46.6784,46.6784,46.6784,46.6784,100
SHY,10-Sep-2026,81.51,81.52,81.42,81.42,6241200
SIBN,10-Sep-2026,18.45,18.69,17.99,18.3,686000
SIDU,10-Sep-2026,2.02,2.11,1.99,2,3660500
SIEB,10-Sep-2026,2.6,2.73,2.54,2.73,32600
SIFY,10-Sep-2026,14.12,14.43,14.01,14.19,14800
SIGA,10-Sep-2026,3.07,3.07,3,3.02,550400
SIGI,10-Sep-2026,90.98,91.66,89.8975,90.56,313200
SIGIP,10-Sep-2026,15.53,15.6089,15.26,15.3401,3100
SILC,10-Sep-2026,41.09,42.6,40.405,40.475,193500
SILO,10-Sep-2026,2.18,2.39,2.1,2.1041,19600
SIMAW,10-Sep-2026,0.1501,0.1502,0.1501,0.1502,800
SIMO,10-Sep-2026,269.59,274.0093,261.57,265.25,572300
SINT,10-Sep-2026,1.82,1.935,1.82,1.86,37700
SION,10-Sep-2026,7.4,7.75,7.12,7.62,1222700
SIRI,10-Sep-2026,28.4,29.19,28.4,28.875,2598900
SITM,10-Sep-2026,574.32,622.83,566,602.27,590300
SJ,10-Sep-2026,0.7485,0.8198,0.7485,0.7899,8600
SJCP,10-Sep-2026,25.07,25.0998,25.07,25.0998,700
SJLD,10-Sep-2026,25.305,25.305,25.305,25.305,100
SKDD,10-Sep-2026,7.04,7.1608,6.76,7.09,12425600
SKHY,10-Sep-2026,189.43,193.5466,187.17,188.3,22099400
SKHY,10-Sep-2026,193.28,195.2,187.17,188.16,13227196
SKIN,10-Sep-2026,0.6902,0.694,0.6684,0.69,275500
SKK,10-Sep-2026,4.51,4.51,4.41,4.49,5400
SKOR,10-Sep-2026,47.43,47.44,47.32,47.3296,61500
SKRE,10-Sep-2026,6.53,6.63,6.395,6.4115,28000
SKUU,10-Sep-2026,30.51,31.93,29.8,30.15,2838600
SKWD,10-Sep-2026,56.9,57.34,55.7,56.3,346800
SKYA,10-Sep-2026,1.26,1.3,1.23,1.3,94900
SKYE,10-Sep-2026,2.2,2.2399,2.02,2.08,47700
SKYQ,10-Sep-2026,3.19,3.8,2.98,3.19,28991000
SKYU,10-Sep-2026,48.06,48.66,47.628,47.628,3600
SKYW,10-Sep-2026,95.11,96.71,94.32,95.78,287600
SKYX,10-Sep-2026,1.3,1.37,1.15,1.32,2239100
SKYY,10-Sep-2026,156.31,159.14,156.31,156.61,198800
SLAB,10-Sep-2026,219.81,219.845,216.88,219.15,503700
SLBT,10-Sep-2026,2.58,2.62,2.02,2.1,278600
SLDB,10-Sep-2026,9.36,9.36,9.01,9.07,855900
SLDE,10-Sep-2026,24.76,24.989,24.155,24.45,1087300
SLDP,10-Sep-2026,2.39,2.535,2.375,2.47,2421100
SLDPW,10-Sep-2026,0.025,0.025,0.0222,0.0225,27800
SLE,10-Sep-2026,4.49,4.8,4.48,4.57,200100
SLGB,10-Sep-2026,0.44,0.4455,0.3359,0.391,558600
SLGL,10-Sep-2026,69.4,69.57,66.1,66.79,84200
SLM,10-Sep-2026,26.02,26.05,25.33,25.58,1562200
SLMBP,10-Sep-2026,74.2,74.75,74.2,74.75,1800
SLMT,10-Sep-2026,3.81,3.9,3.515,3.55,39900
SLN,10-Sep-2026,13.38,13.81,13.04,13.31,682600
SLNG,10-Sep-2026,5.25,5.6599,5.12,5.315,32100
SLNH,10-Sep-2026,1.19,1.22,1.16,1.16,5069400
SLNHP,10-Sep-2026,12.65,12.65,12.65,12.65,300
SLP,10-Sep-2026,18.42,18.43,18.42,18.42,187800
SLQD,10-Sep-2026,49.8,49.8,49.72,49.725,247800
SLRC,10-Sep-2026,12.43,12.455,12.315,12.32,436000
SLS,10-Sep-2026,13.66,13.825,13.37,13.49,4829700
SLSN,10-Sep-2026,0.79,0.9689,0.786,0.8301,37800
SLVO,10-Sep-2026,69.9,69.94,68.0401,68.25,167400
SLVR,10-Sep-2026,61.76,62.16,60.79,60.9,156600
SLXN,10-Sep-2026,0.4152,0.4871,0.3849,0.4225,118949200
SLXNW,10-Sep-2026,0.012,0.012,0.0117,0.0117,4800
SMBC,10-Sep-2026,72.72,73.3,72.3,73.23,100100
SMCF,10-Sep-2026,39.405,39.4619,39.405,39.4619,200
SMCI,10-Sep-2026,37.9,39.26,37.37,37.38,26771300
SMCL,10-Sep-2026,17.01,18.29,16.57,16.57,356100
SMCO,10-Sep-2026,27.92,28.2949,27.92,28.2147,26500
SMCX,10-Sep-2026,12.22,13.11,11.8617,11.87,3531000
SMCZ,10-Sep-2026,5.98,6.14,5.6,6.09,1417500
SMH,10-Sep-2026,561.54,565.15,557.09,560.28,6620900
SMHC,10-Sep-2026,45.27,45.3365,45.02,45.023,15900
SMHX,10-Sep-2026,55.43,56.07,55.235,55.5923,28200
SMID,10-Sep-2026,24.87,24.915,24.1467,24.23,10200
SMMT,10-Sep-2026,17.3,17.6208,16.8,17,4221400
SMOM,10-Sep-2026,28.96,29.05,28.95,28.9677,7800
SMPL,10-Sep-2026,10.35,10.435,10.035,10.24,2231200
SMRI,10-Sep-2026,47.42,47.545,47.35,47.38,13900
SMSI,10-Sep-2026,2.9,2.9994,2.81,2.81,10500
SMST,10-Sep-2026,22.49,22.94,21.37,22.35,798900
SMTC,10-Sep-2026,159.9,161.61,154.4,159.13,2129800
SMTI,10-Sep-2026,34.87,35.05,34.87,35.03,227400
SMTK,10-Sep-2026,2.33,2.3746,2.23,2.29,54400
SMX,10-Sep-2026,17.85,18.23,17.0428,17.62,15500
SMXT,10-Sep-2026,2.24,2.4704,2.2199,2.42,23900
SMXWW,10-Sep-2026,0.022,0.022,0.0151,0.0199,11200
SMYY,10-Sep-2026,6.13,6.16,6.05,6.0797,13200
SNAG,10-Sep-2026,5.11,5.66,5.11,5.6584,48300
SNAL,10-Sep-2026,2.64,2.64,2.48,2.56,24400
SND,10-Sep-2026,5.43,5.43,5.13,5.2,154000
SNDK,10-Sep-2026,1725.435,1733.95,1674,1692.59,8737100
SNDL,10-Sep-2026,1.36,1.42,1.33,1.34,1625900
SNDX,10-Sep-2026,19.67,19.69,18.4,18.82,1651600
SNES,10-Sep-2026,0.865,0.8941,0.865,0.8941,30200
SNEX,10-Sep-2026,68.52,69.84,68.21,69.77,548500
SNFCA,10-Sep-2026,8.67,8.82,8.65,8.79,23900
SNGX,10-Sep-2026,0.36,0.3746,0.36,0.3601,124000
SNOA,10-Sep-2026,1.3,1.31,1.285,1.31,32600
SNPS,10-Sep-2026,396.3,401.47,390.51,397.17,1668800
SNSR,10-Sep-2026,46.48,46.9499,46.48,46.8019,4900
SNT,10-Sep-2026,1.65,1.66,1.65,1.66,1300
SNTG,10-Sep-2026,1.72,1.84,1.7,1.75,4300
SNTI,10-Sep-2026,0.316,0.316,0.293,0.3002,116800
SNWV,10-Sep-2026,4,4.15,3.92,4,55600
SNY,10-Sep-2026,42.86,43.05,42.67,42.72,1959900
SNYR,10-Sep-2026,0.1227,0.1268,0.092,0.108,335038000
SOBR,10-Sep-2026,0.433,0.4332,0.4036,0.429,168100
SOCAU,10-Sep-2026,12,12,10.45,10.45,1500
SOCAW,10-Sep-2026,0.21,0.2101,0.1402,0.21,57600
SOCL,10-Sep-2026,43.5,43.755,43.5,43.5309,9700
SOFA,10-Sep-2026,12.49,12.9,12.355,12.7018,33700
SOFI,10-Sep-2026,17.03,17.39,16.93,17.21,31532500
SOFX,10-Sep-2026,8.3,8.635,8.2,8.45,859800
SOGP,10-Sep-2026,11.95,11.95,11.68,11.87,3300
SOHU,10-Sep-2026,13.47,13.59,13.32,13.5,59600
SOLC,10-Sep-2026,20.09,20.25,20.03,20.1049,6300
SOLS,10-Sep-2026,62.21,63.27,61.23,61.56,1780100
SOLT,10-Sep-2026,54.85,55.8932,54.07,54.97,315600
SOLZ,10-Sep-2026,9.91,9.9999,9.8302,9.91,754300
SONM,10-Sep-2026,3.2,3.2,3.0926,3.17,4900
SONO,10-Sep-2026,14.47,14.8738,14.25,14.63,1968000
SOPH,10-Sep-2026,7.66,7.8099,7.535,7.61,378500
SORA,10-Sep-2026,2.17,2.2276,2.14,2.22,17500
SORNW,10-Sep-2026,0.2908,0.2908,0.23,0.29,9600
SOTK,10-Sep-2026,4.61,4.845,4.4,4.51,52300
SOUN,10-Sep-2026,6.35,6.5,6.26,6.28,19300900
SOUNW,10-Sep-2026,1.13,1.14,1.07,1.11,10700
SOUX,10-Sep-2026,9.54,9.99,9.31,9.3544,57800
SOWG,10-Sep-2026,3.4,3.429,3.1,3.42,10000
SOXQ,10-Sep-2026,91.62,92.38,91.05,91.475,868500
SOXX,10-Sep-2026,518.32,522.5,514.31,517.43,6651700
SPAI,10-Sep-2026,4.63,4.7799,4.52,4.58,41900
SPAM,10-Sep-2026,43.53,43.74,43.05,43.05,1900
SPAQ,10-Sep-2026,93.755,93.755,93.755,93.755,100
SPBC,10-Sep-2026,49.29,49.39,49.26,49.3127,2300
SPCB,10-Sep-2026,9.9,10.2,9.63,9.85,87800
SPCK,10-Sep-2026,21.9197,22.0499,21.9197,22.0499,2000
SPCT,10-Sep-2026,27.17,27.2,27.15,27.1618,5600
SPCX,10-Sep-2026,145,154.7,144.89,148.18,118598900
SPFI,10-Sep-2026,44.88,45.2,44.25,44.64,204500
SPHL,10-Sep-2026,2.44,2.4495,2.39,2.39,1800
SPIT,10-Sep-2026,31.44,31.6101,31.2153,31.2153,6600
SPKL,10-Sep-2026,11.6,11.6,11.57,11.58,13100
SPKLW,10-Sep-2026,1.09,1.12,1.08,1.12,3200
SPOG,10-Sep-2026,7.51,7.89,7.4036,7.6549,7600
SPOK,10-Sep-2026,10.57,10.725,10.57,10.63,136400
SPPL,10-Sep-2026,1.81,1.81,1.74,1.74,1100
SPRB,10-Sep-2026,55.61,57.5,54.03,54.35,118700
SPRC,10-Sep-2026,4.83,5.1799,4.83,4.95,15200
SPRO,10-Sep-2026,1.18,1.18,1.12,1.12,569200
SPRX,10-Sep-2026,44.92,45.75,44.68,44.71,30100
SPRY,10-Sep-2026,5.2,5.22,5.02,5.06,1091200
SPSC,10-Sep-2026,78.17,78.8199,76.84,77.23,286800
SPT,10-Sep-2026,10.25,10.66,10.13,10.61,1224900
SPTX,10-Sep-2026,21.58,23.28,21.58,23.28,144700
SPWH,10-Sep-2026,1.22,1.25,1.205,1.24,287000
SPWR,10-Sep-2026,0.31,0.358,0.305,0.3499,8455600
SPWRW,10-Sep-2026,0.0192,0.0214,0.017,0.0214,2100
SPXD,10-Sep-2026,29.1541,29.1541,29.1541,29.1541,100
SPYQ,10-Sep-2026,189.06,189.43,189.06,189.4106,600
SQFT,10-Sep-2026,1.34,1.36,1.31,1.345,5800
SQFTP,10-Sep-2026,6.7746,6.7746,6.7746,6.7746,500
SQFTW,10-Sep-2026,0.0132,0.0155,0.0132,0.0143,2800
SQLV,10-Sep-2026,52.78,52.78,52.625,52.6893,2000
SQQQ,10-Sep-2026,40.08,40.1881,39.35,39.9,48251100
SQS,10-Sep-2026,27.95,27.95,27.9076,27.9076,500
SRAD,10-Sep-2026,12.84,13.4556,12.47,12.7,4205000
SRBK,10-Sep-2026,19.57,19.74,19.49,19.64,11700
SRCE,10-Sep-2026,85.77,86.76,85.4,86.69,79800
SRET,10-Sep-2026,21.7,21.7,21.35,21.3972,228900
SRPT,10-Sep-2026,22.02,22.02,20.28,20.52,2204200
SRRK,10-Sep-2026,54.01,56.71,53.86,55.67,1175600
SRTA,10-Sep-2026,5.2,5.33,5.1,5.13,797100
SRTS,10-Sep-2026,3.12,3.15,3.06,3.12,27100
SRZN,10-Sep-2026,19.95,20.15,18.995,19.45,277700
SSAC,10-Sep-2026,10.08,10.11,10.08,10.09,92400
SSACU,10-Sep-2026,10.31,10.31,10.245,10.31,3100
SSACW,10-Sep-2026,0.0752,0.0942,0.0675,0.0942,33100
SSBI,10-Sep-2026,12.6,12.65,12.25,12.25,21800
SSII,10-Sep-2026,3.22,3.44,3.22,3.3,83200
SSM,10-Sep-2026,2.21,2.21,1.83,1.97,98800
SSNC,10-Sep-2026,79.18,79.45,78.735,78.92,1280200
SSP,10-Sep-2026,3.12,3.295,3.08,3.1,614400
SSRM,10-Sep-2026,36.04,36.73,35.751,36.21,1746700
SSS,10-Sep-2026,22.205,22.205,22.08,22.1896,2100
SSTI,10-Sep-2026,5.75,5.7899,5.6011,5.64,74500
SSYS,10-Sep-2026,7.57,7.76,7.51,7.57,555500
STAA,10-Sep-2026,23.36,23.741,23.02,23.42,680900
STAK,10-Sep-2026,1.29,1.37,1.19,1.24,1114800
STBA,10-Sep-2026,49.63,50.16,49.11,50.13,155200
STEP,10-Sep-2026,49.95,50.18,49.09,49.34,875600
STEX,10-Sep-2026,0.67,0.6915,0.65,0.6829,913300
STFS,10-Sep-2026,4.05,4.4,3.99,4.12,18100
STGW,10-Sep-2026,8.51,8.58,8.44,8.57,911400
STHO,10-Sep-2026,9.44,9.535,9.44,9.53,28100
STI,10-Sep-2026,7.02,7.14,7.02,7.1,40500
STIM,10-Sep-2026,2.99,3.08,2.9,3.01,640700
STKE,10-Sep-2026,1.19,1.23,1.17,1.19,146400
STKH,10-Sep-2026,2.31,2.36,2.23,2.31,35200
STKS,10-Sep-2026,1.62,1.625,1.55,1.56,103800
STLD,10-Sep-2026,238.49,239.81,236.22,237.08,674600
STLN,10-Sep-2026,6.17,6.5,6.135,6.2,680000
STLNW,10-Sep-2026,0.0579,0.0579,0.0464,0.0542,1400
STNC,10-Sep-2026,36.23,36.23,36.1211,36.1211,400
STNE,10-Sep-2026,9.72,10.395,9.65,10.3,6272900
STOK,10-Sep-2026,29.62,29.785,28.96,29.34,421200
STRA,10-Sep-2026,81.9,82.25,80.85,81.03,300500
STRC,10-Sep-2026,97.81,98,97.72,97.97,1235400
STRD,10-Sep-2026,75,75.65,74.915,75.13,48700
STRF,10-Sep-2026,103.04,104.25,103.04,103.85,40000
STRK,10-Sep-2026,75.8,76.89,75.78,76.01,32500
STRL,10-Sep-2026,480,492.62,473.655,484.86,316300
STRO,10-Sep-2026,18.01,18.21,17.58,17.83,169200
STRR,10-Sep-2026,9.9,10.45,9.9,10.45,1300
STRRP,10-Sep-2026,9.6,9.7699,9.6,9.7699,500
STRT,10-Sep-2026,72.07,72.63,70.715,71.08,84200
STRZ,10-Sep-2026,25.16,25.795,24.995,25.32,98200
STTK,10-Sep-2026,6.21,6.345,6.1,6.15,1171900
STX,10-Sep-2026,860.56,880.97,848.24,862.33,3237600
SUGP,10-Sep-2026,0.64,0.6495,0.6174,0.6178,245000
SUIG,10-Sep-2026,1.01,1.025,0.9703,0.9846,411800
SUIS,10-Sep-2026,19.16,19.16,19.135,19.1573,400
SUJA,10-Sep-2026,9.22,9.55,8.885,9.18,278300
SUMA,10-Sep-2026,9.96,9.96,9.94,9.9401,2400
SUMAR,10-Sep-2026,0.2675,0.2675,0.2351,0.2604,3100
SUNE,10-Sep-2026,3.99,4.29,3.31,3.37,11755600
SUNS,10-Sep-2026,7.4,7.55,7.28,7.28,84700
SUPN,10-Sep-2026,41.84,42.55,41.11,41.69,726700
SUPP,10-Sep-2026,77.0259,77.0259,77.0259,77.0259,100
SUPX,10-Sep-2026,6.86,8.25,6.86,8.17,704600
SURG,10-Sep-2026,0.166,0.1675,0.16,0.1645,77945500
SUSB,10-Sep-2026,24.63,24.63,24.58,24.59,149000
SUSC,10-Sep-2026,22.41,22.415,22.3214,22.335,406600
SUSL,10-Sep-2026,134.596,134.9099,134.41,134.4963,23700
SVAQ,10-Sep-2026,10.1,10.1,10.05,10.07,133700
SVAQW,10-Sep-2026,0.385,0.385,0.36,0.36,12700
SVC,10-Sep-2026,7.04,7.1,6.86,6.87,1683000
SVCC,10-Sep-2026,10.68,10.68,10.68,10.68,1000
SVCO,10-Sep-2026,6.59,6.84,6.45,6.51,299000
SVIV,10-Sep-2026,10.19,10.19,10.17,10.18,71700
SVIVU,10-Sep-2026,10.56,10.56,10.37,10.56,800
SVRA,10-Sep-2026,5.34,5.46,5.24,5.32,1525300
SVRE,10-Sep-2026,2.52,2.71,2.41,2.41,9400
SVRN,10-Sep-2026,11.5,11.59,10.1,10.39,296300
SWAG,10-Sep-2026,1.72,1.72,1.7026,1.71,3400
SWAGW,10-Sep-2026,0.0043,0.0054,0.0026,0.003,87500
SWBI,10-Sep-2026,13.31,13.3401,13.11,13.29,634700
SWIM,10-Sep-2026,6.44,6.575,6.2,6.33,1516000
SWKHL,10-Sep-2026,25.54,25.54,25.47,25.505,7200
SWKS,10-Sep-2026,76.11,85.89,74.79,84.03,11335500
SWMR,10-Sep-2026,36.5,39.6366,35.33,35.99,752100
SWP,10-Sep-2026,27.98,28.14,27.9671,28.0324,12100
SWVL,10-Sep-2026,6.9,8.4758,6.7501,7.94,747800
SWVLW,10-Sep-2026,0.011,0.012,0.0099,0.0113,71800
SXTC,10-Sep-2026,2.15,2.17,1.78,1.93,99000
SXTP,10-Sep-2026,0.9402,1.005,0.92,0.93,129900
SXTPW,10-Sep-2026,0.0352,0.0352,0.0345,0.0346,2200
SY,10-Sep-2026,2.66,2.67,2.55,2.62,604800
SYBT,10-Sep-2026,77.4,79.04,76.93,78.95,159900
SYM,10-Sep-2026,41.5,42.6,40.96,41.1,1173400
SYNA,10-Sep-2026,91.9,93.695,91.105,93.47,669700
SYPR,10-Sep-2026,1.85,1.95,1.8,1.84,33300
SYRE,10-Sep-2026,85.56,88.72,85.26,88.71,902400
SYZ,10-Sep-2026,29.56,29.64,29.56,29.5682,8800
TACH,10-Sep-2026,10.5,10.5,10.5,10.5,10800
TACHW,10-Sep-2026,0.47,0.58,0.47,0.58,800
TACO,10-Sep-2026,10.5,10.5,10.48,10.485,41400
TACT,10-Sep-2026,5.23,5.395,5.23,5.29,18900
TANH,10-Sep-2026,19.58,24.3,19.58,23.74,71600
TAOP,10-Sep-2026,0.8,0.8,0.73,0.7415,22900
TAOX,10-Sep-2026,3.93,4.145,3.8,3.8,68100
TAOZ,10-Sep-2026,89.2765,89.2765,89.2765,89.2765,100
TARA,10-Sep-2026,3.83,3.83,3.735,3.79,467300
TARK,10-Sep-2026,48.6,49.99,48.36,48.605,11200
TARS,10-Sep-2026,80.89,83.34,80.81,81.12,403200
TASK,10-Sep-2026,7.48,7.77,7.48,7.64,365700
TATT,10-Sep-2026,37.75,38.48,37.4231,37.85,71600
TAVI,10-Sep-2026,10.74,10.74,10.74,10.74,1900
TAVIU,10-Sep-2026,10.85,10.85,10.85,10.85,200
TAX,10-Sep-2026,30.5,30.63,30.4,30.4464,2800
TAXE,10-Sep-2026,49.73,49.73,49.4816,49.4816,34300
TAXI,10-Sep-2026,49.87,49.87,49.84,49.8482,700
TAXS,10-Sep-2026,49.835,49.835,49.78,49.7943,2500
TAXT,10-Sep-2026,49.798,49.798,49.798,49.798,100
TAYD,10-Sep-2026,60.08,61.1,58.68,59.38,43500
TBBK,10-Sep-2026,49.97,51.4,49.75,50.3,797800
TBCH,10-Sep-2026,12,12.215,11.77,11.84,279000
TBCVU,10-Sep-2026,9.93,9.93,9.93,9.93,8100
TBIL,10-Sep-2026,49.92,49.92,49.91,49.91,2527600
TBLA,10-Sep-2026,3.69,3.8,3.68,3.73,1084900
TBLD,10-Sep-2026,21.69,21.705,21.22,21.43,95400
TBPH,10-Sep-2026,17.05,17.05,17,17.02,333900
TC,10-Sep-2026,1.9,2.03,1.9,1.98,21400
TCAN,10-Sep-2026,17.12,17.28,16.5727,16.7305,7500
TCBI,10-Sep-2026,97.56,98.9725,96.94,98.9,529200
TCBIO,10-Sep-2026,19.79,19.95,19.63,19.68,14000
TCBK,10-Sep-2026,53.35,53.97,52.84,53.67,228600
TCBS,10-Sep-2026,17.3,17.41,17.3,17.41,500
TCGX,10-Sep-2026,13.75,13.94,13.475,13.71,42500
TCHI,10-Sep-2026,22.41,22.45,22.33,22.3834,13000
TCMD,10-Sep-2026,21.79,22.345,21.64,22.32,221900
TCOM,10-Sep-2026,39.21,39.4,38.665,38.7,5059600
TCPC,10-Sep-2026,4.02,4.03,4,4.01,484900
TCRT,10-Sep-2026,1.53,1.5596,1.52,1.5596,5200
TCRX,10-Sep-2026,0.3202,0.3498,0.31,0.3179,804500
TCX,10-Sep-2026,11.01,11.01,10.47,10.905,48000
TDAC,10-Sep-2026,10.91,10.91,10.89,10.9,6900
TDCL,10-Sep-2026,14,14,13.7487,13.7487,700
TDI,10-Sep-2026,46.67,46.91,46.58,46.6709,32400
TDIC,10-Sep-2026,2.2,2.31,2.19,2.24,31800
TDIV,10-Sep-2026,114.49,115.3,114.33,114.3466,88700
TDOG,10-Sep-2026,16.81,16.87,16.7599,16.8685,900
TDSB,10-Sep-2026,24.812,24.812,24.7401,24.7401,1400
TDSC,10-Sep-2026,28.425,28.425,28.2945,28.2945,4400
TDTH,10-Sep-2026,1.55,1.665,1.55,1.65,76500
TDUP,10-Sep-2026,2.66,2.735,2.55,2.6,1877900
TEAD,10-Sep-2026,0.4689,0.4967,0.4555,0.48,68200
TEAM,10-Sep-2026,174.46,183.7001,174.46,179.57,3075500
TECH,10-Sep-2026,72.28,72.325,72.08,72.08,3817800
TECX,10-Sep-2026,30.06,30.32,28.4,28.61,252300
TECY,10-Sep-2026,21.17,21.17,21.15,21.15,1200
TEKX,10-Sep-2026,63.63,63.635,62.5797,62.5797,2200
TEKY,10-Sep-2026,43.65,43.6851,43.3422,43.3422,1200
TELA,10-Sep-2026,0.9054,0.9054,0.8511,0.9051,130200
TELO,10-Sep-2026,1.19,1.22,1.175,1.18,32400
TEM,10-Sep-2026,59.87,61.11,58.02,58.74,5502700
TENB,10-Sep-2026,32.41,33.94,31.72,32.03,4914200
TENX,10-Sep-2026,2.13,2.14,1.95,1.95,4190500
TER,10-Sep-2026,372.2,374.9999,365.82,370.19,2312700
TERG,10-Sep-2026,38.92,39.645,38.28,38.8453,14400
TEXN,10-Sep-2026,34.04,34.04,33.6009,33.6009,1900
TFGZ,10-Sep-2026,34.6374,34.6374,34.6374,34.6374,100
TFNS,10-Sep-2026,29.2,29.204,29.2,29.204,200
TFSL,10-Sep-2026,17.06,17.135,16.98,17.08,550600
TGHL,10-Sep-2026,0.89,0.984,0.89,0.9599,208000
TGL,10-Sep-2026,2.94,3.13,2.8501,2.98,86300
TGRZ,10-Sep-2026,16.5,16.5,16.2851,16.2851,13300
TGTX,10-Sep-2026,54.36,55.41,54.01,55.39,1367500
TH,10-Sep-2026,19.15,19.2,18.83,19.12,2817700
THCH,10-Sep-2026,1.3561,1.3561,1.3561,1.3561,200
THFF,10-Sep-2026,76.88,77.89,74.7879,77.8,136400
THH,10-Sep-2026,1.82,1.85,1.68,1.69,17000
THMZ,10-Sep-2026,33.86,33.985,33.86,33.8801,600
THRM,10-Sep-2026,37.87,38.543,37.865,38.33,166300
THRV,10-Sep-2026,23.78,23.85,23.7796,23.81,3200
THRY,10-Sep-2026,1.85,1.865,1.78,1.83,620300
THYM,10-Sep-2026,48.855,49.03,48.66,48.6988,5400
THYP,10-Sep-2026,47.13,47.27,45.76,46.46,53100
TIGO,10-Sep-2026,93.1,96.685,92.8,96.47,933400
TIGR,10-Sep-2026,4.98,5.025,4.865,4.9,2383000
TIH,10-Sep-2026,24.57,24.57,24.499,24.499,45800
TIL,10-Sep-2026,7.54,7.7,7.36,7.36,11300
TILC,10-Sep-2026,25.59,25.6089,25.455,25.475,11400
TILE,10-Sep-2026,33.94,34.31,33.66,33.85,406400
TIPT,10-Sep-2026,17.73,17.89,17.62,17.85,140500
TISC,10-Sep-2026,23.8017,23.8017,23.8017,23.8017,100
TITN,10-Sep-2026,24.12,24.24,23.57,23.64,194000
TJGC,10-Sep-2026,10.61,10.83,10.42,10.67,1078500
TKLF,10-Sep-2026,1.8451,1.8451,1.7,1.725,10200
TKNO,10-Sep-2026,6.86,6.93,6.71,6.91,88200
TKNS,10-Sep-2026,26.021,26.165,26.0201,26.165,1700
TLA,10-Sep-2026,24.3,24.41,24.2564,24.2564,2400
TLACU,10-Sep-2026,10,10.01,10,10,15700
TLF,10-Sep-2026,2.61,2.65,2.505,2.6,22500
TLG,10-Sep-2026,27.04,27.18,26.9839,26.9839,1600
TLIH,10-Sep-2026,5.7,5.795,5.7,5.795,1300
TLN,10-Sep-2026,314.52,318.87,310.75,311.54,526800
TLNC,10-Sep-2026,10.27,10.27,10.24,10.27,1500
TLNCW,10-Sep-2026,0.4683,0.7,0.4099,0.7,3700
TLPH,10-Sep-2026,1.2,1.245,1.19,1.24,217100
TLRY,10-Sep-2026,4.17,4.26,4.1,4.14,2971800
TLS,10-Sep-2026,4.52,4.785,4.52,4.68,493600
TLSA,10-Sep-2026,0.96,0.9797,0.95,0.964,194800
TLSI,10-Sep-2026,4.71,4.8,4.65,4.7,68400
TLT,10-Sep-2026,81,81.36,80.665,80.78,60481400
TLX,10-Sep-2026,12.1,12.2,11.88,11.9,337700
TMB,10-Sep-2026,24.98,25.05,24.96,24.975,174500
TMC,10-Sep-2026,4.17,4.186,4.01,4.01,4908600
TMCI,10-Sep-2026,4.46,4.52,4.31,4.35,223500
TMCR,10-Sep-2026,5.56,5.595,5.31,5.41,35900
TMDX,10-Sep-2026,85.27,87.55,83.69,85.04,591800
TMED,10-Sep-2026,34.2299,34.2299,33.8852,33.8852,2500
TMNL,10-Sep-2026,48.27,48.27,48.1286,48.1286,400
TMNS,10-Sep-2026,49.5,49.53,49.3002,49.3002,4600
TMS,10-Sep-2026,6.95,7.7,6.73,6.94,159600
TMSF,10-Sep-2026,49.79,49.8,49.785,49.785,500
TMSWW,10-Sep-2026,1.02,1.1,1,1.06,10500
TMUS,10-Sep-2026,178.33,179.23,174.6486,177.16,4545000
TMUSI,10-Sep-2026,19.53,19.91,19.35,19.89,25200
TMUSL,10-Sep-2026,22.8,22.8,22.21,22.25,16600
TMUSZ,10-Sep-2026,19.7,19.7,19.5001,19.59,13000
TMYY,10-Sep-2026,22.45,22.52,22.43,22.4572,3600
TNDM,10-Sep-2026,18.77,19.05,18.095,18.31,1589500
TNGX,10-Sep-2026,23.16,24.3,23.16,23.37,3437300
TNMG,10-Sep-2026,3.29,3.7,3.14,3.5,451300
TNON,10-Sep-2026,4.2,5.9599,3.96,5.3,127145400
TNONW,10-Sep-2026,0.0111,0.015,0.01,0.01,3939300
TNXP,10-Sep-2026,12.705,12.705,12.2189,12.28,288000
TNYA,10-Sep-2026,0.66,0.6699,0.64,0.6488,2283500
TOMZ,10-Sep-2026,1.72,1.73,1.63,1.63,8100
TONX,10-Sep-2026,3.05,3.11,2.94,3,218100
TOP,10-Sep-2026,14.5,15.595,14.5,14.94,83100
TORO,10-Sep-2026,6.59,6.8799,6.42,6.78,92300
TOUR,10-Sep-2026,5.13,5.3,5.11,5.11,12200
TOWN,10-Sep-2026,36.88,37.1,36.63,37.09,394600
TOYO,10-Sep-2026,4.3,4.43,4.27,4.38,265100
TPCS,10-Sep-2026,5.73,5.75,5.6,5.66,14400
TPG,10-Sep-2026,48.58,48.69,46.87,46.93,3072600
TPGXL,10-Sep-2026,21.48,21.62,21.12,21.455,21800
TPLS,10-Sep-2026,24.473,24.473,24.473,24.473,500
TPST,10-Sep-2026,0.95,0.95,0.8,0.8026,391000
TQQQ,10-Sep-2026,68.89,70.23,68.68,69.21,55675800
TQQY,10-Sep-2026,12.14,12.2,12.14,12.2,4100
TRAW,10-Sep-2026,0.54,0.5446,0.53,0.5315,39000
TRAX,10-Sep-2026,39.35,40.6916,37.4,37.98,389000
TRBF,10-Sep-2026,48.04,48.04,48.03,48.03,400
TRBG,10-Sep-2026,4.2,4.64,3.97,4.47,196000
TRDA,10-Sep-2026,7,7.175,6.38,6.42,448000
TREE,10-Sep-2026,26.39,27.86,26.285,26.89,308000
TREO,10-Sep-2026,4.87,5,4.795,4.9,63000
TRGSR,10-Sep-2026,0.165,0.165,0.165,0.165,1000
TRI,10-Sep-2026,96.98,99,95.655,95.71,1358900
TRIB,10-Sep-2026,7.63,7.87,7.3,7.79,19600
TRIP,10-Sep-2026,8.59,8.9,8.41,8.825,6119400
TRMB,10-Sep-2026,57.4,57.55,56.62,56.84,1805800
TRMD,10-Sep-2026,33.5,34.75,33.28,34.6,1729200
TRMK,10-Sep-2026,45.36,47.47,45.16,47.45,692500
TRNR,10-Sep-2026,3.0302,3.06,3.0302,3.06,1600
TRNS,10-Sep-2026,82.31,83.9,81.965,82.36,61500
TRON,10-Sep-2026,1.58,1.61,1.535,1.54,750600
TROO,10-Sep-2026,2.1,2.19,2.0716,2.11,153600
TROW,10-Sep-2026,107.65,108.147,106.75,107.55,1102700
TRS,10-Sep-2026,38,38.33,37.89,38.22,299800
TRST,10-Sep-2026,57.4,58.5,57.08,58.42,141600
TRUD,10-Sep-2026,24.94,25.2598,24.94,25.1245,84700
TRUF,10-Sep-2026,29.6516,29.6516,29.6516,29.6516,100
TRUG,10-Sep-2026,0.388,0.3999,0.365,0.3709,803000
TRUH,10-Sep-2026,28.88,28.9088,28.88,28.9088,600
TRUI,10-Sep-2026,24.3961,24.3961,24.3961,24.3961,100
TRUM,10-Sep-2026,25.03,25.06,25.03,25.0328,400
TRUN,10-Sep-2026,30.68,30.68,30.575,30.575,200
TRUO,10-Sep-2026,25.045,25.045,25.045,25.045,100
TRUP,10-Sep-2026,24.8,25.38,24.65,25,392700
TRUR,10-Sep-2026,24.3707,24.3707,24.3707,24.3707,100
TRUT,10-Sep-2026,31.9,31.995,31.83,31.8769,143000
TRVG,10-Sep-2026,5.68,5.8554,5.65,5.65,50000
TRVI,10-Sep-2026,16.51,16.51,15.71,15.91,1250000
TSAT,10-Sep-2026,46.41,48.215,45.21,47.14,125300
TSBK,10-Sep-2026,46.08,46.63,45.49,46.55,28700
TSCM,10-Sep-2026,19.455,19.455,19.3032,19.3032,1200
TSCO,10-Sep-2026,33.79,33.97,33.2525,33.52,8613400
TSDD,10-Sep-2026,7.93,8.04,7.5799,7.81,7167100
TSEL,10-Sep-2026,28.83,28.83,28.6778,28.6778,24700
TSEM,10-Sep-2026,210.89,214.41,207.53,208.07,1135000
TSHA,10-Sep-2026,5.24,5.24,5.01,5.16,2402800
TSL,10-Sep-2026,13.57,13.94,13.41,13.6706,433100
TSLA,10-Sep-2026,360.6,369.21,357.68,363.56,29667200
TSLG,10-Sep-2026,4.7,4.93,4.63,4.77,46646900
TSLL,10-Sep-2026,9.46,9.92,9.3,9.62,46347000
TSLQ,10-Sep-2026,18.91,19.18,18.04,18.6,5668000
TSLR,10-Sep-2026,16.38,17.11,16.06,16.6,1281600
TSLS,10-Sep-2026,56.56,57.14,55.46,56.26,299600
TSMG,10-Sep-2026,38.5,39.41,37.94,38.7064,35900
TSMU,10-Sep-2026,69.09,70.7,68.16,69.4539,22800
TSMX,10-Sep-2026,79.56,81.775,78.655,80.1783,512000
TSMZ,10-Sep-2026,7.73,7.8,7.66,7.7322,170500
TSPY,10-Sep-2026,25.11,25.13,25.02,25.06,197000
TSSI,10-Sep-2026,8.43,9.34,8.4,8.92,2916900
TSUI,10-Sep-2026,14.99,15,14.78,14.8015,4700
TSYX,10-Sep-2026,22.9,22.9191,22.79,22.87,16700
TSYY,10-Sep-2026,20.28,20.46,20.28,20.39,21600
TTAN,10-Sep-2026,56.2,57.52,55.82,56.01,6307700
TTD,10-Sep-2026,13.81,14.065,13.71,13.97,10542200
TTEC,10-Sep-2026,1.28,1.2951,1.26,1.27,164400
TTEK,10-Sep-2026,35.76,36.39,35.42,35.71,2218800
TTEQ,10-Sep-2026,41.73,41.97,41.635,41.6447,51400
TTGT,10-Sep-2026,3.87,3.91,3.745,3.805,210000
TTMI,10-Sep-2026,121.94,125.5078,119.69,122.34,1319100
TTRX,10-Sep-2026,13.34,14.2899,13.03,13.38,125000
TTWO,10-Sep-2026,209.68,219.575,209.245,216.96,2475200
TUG,10-Sep-2026,45.74,46,45.74,45.8335,2300
TUR,10-Sep-2026,40.08,40.4383,40.0794,40.29,60700
TURB,10-Sep-2026,1.23,1.3,1.2,1.23,235900
TURF,10-Sep-2026,36.01,36.01,35.771,35.771,8700
TUSK,10-Sep-2026,3.18,3.19,3.095,3.11,72200
TVA,10-Sep-2026,10.55,10.56,10.55,10.55,187700
TVACW,10-Sep-2026,0.27,0.27,0.2649,0.265,35500
TVGN,10-Sep-2026,7.2644,7.29,7.0378,7.29,2400
TVGNW,10-Sep-2026,0.0469,0.0508,0.0451,0.0508,14300
TVIVU,10-Sep-2026,10.05,10.17,10.03,10.17,4500
TVIVW,10-Sep-2026,0.26,0.26,0.26,0.26,1600
TVRD,10-Sep-2026,1.83,1.9,1.81,1.835,77500
TVTX,10-Sep-2026,65.6,68.59,64.4466,67.51,1559500
TW,10-Sep-2026,103.83,103.83,101.515,102.47,1548900
TWAV,10-Sep-2026,1.29,1.29,1.19,1.19,32700
TWFG,10-Sep-2026,27.12,27.455,26.65,26.94,195900
TWG,10-Sep-2026,0.46,0.4787,0.3802,0.3886,1813800
TWIN,10-Sep-2026,24.43,24.69,23.63,24.34,72100
TWLV,10-Sep-2026,10.0701,10.0778,10.07,10.07,22000
TWLVR,10-Sep-2026,0.1276,0.1276,0.0922,0.0922,4800
TWST,10-Sep-2026,121.66,129.275,120.19,126.85,1285200
TXG,10-Sep-2026,65.17,67.7,64.025,66.38,2436000
TXMD,10-Sep-2026,2.12,2.17,2.07,2.1,20100
TXN,10-Sep-2026,256.76,261.72,255.82,258.82,5840800
TXRH,10-Sep-2026,179.26,181.5,178,181.05,1103300
TXUE,10-Sep-2026,35.69,35.69,35.3536,35.4,32000
TXUG,10-Sep-2026,26.7852,26.7852,26.7852,26.7852,100
TXXD,10-Sep-2026,39,39.72,38.3,39.3856,11200
TXXH,10-Sep-2026,63.21,63.3,59.2201,61.3818,7400
TXXS,10-Sep-2026,22,22.03,21.26,21.4328,5600
TYGO,10-Sep-2026,1.04,1.06,1.03,1.03,438900
TYRA,10-Sep-2026,21.41,23.64,21.2744,23.54,2477600
TZOO,10-Sep-2026,5.96,6.0486,5.765,5.89,119600
UAE,10-Sep-2026,19.64,19.68,19.58,19.64,114700
UAL,10-Sep-2026,105.49,107.89,104.64,106.49,3772800
UBCP,10-Sep-2026,15.55,15.88,15.55,15.665,2700
UBND,10-Sep-2026,21.13,21.14,21.075,21.085,432000
UBRL,10-Sep-2026,13.63,14.84,13.185,14.48,701000
UBSI,10-Sep-2026,46.96,47.36,46.48,47.33,907100
UCAR,10-Sep-2026,7.88,7.9,6.7989,7.4,51100
UCL,10-Sep-2026,0.402,0.4401,0.4015,0.4229,888900
UCRD,10-Sep-2026,20.8562,20.8562,20.7998,20.7998,1300
UCTT,10-Sep-2026,72.35,74.15,70.69,71.13,877700
UCYB,10-Sep-2026,80.47,83.535,80.47,81.0859,6700
UECG,10-Sep-2026,4,4.1981,3.87,3.91,42800
UEIC,10-Sep-2026,4.66,4.79,4.62,4.62,45500
UEVM,10-Sep-2026,60.03,60.23,60.03,60.055,2700
UFCS,10-Sep-2026,53.95,54.79,53.235,54.76,140100
UFG,10-Sep-2026,0.7172,0.72,0.63,0.6521,3369500
UFIV,10-Sep-2026,47.26,47.26,47.17,47.1743,5000
UFO,10-Sep-2026,42.56,43.64,42.42,42.79,153600
UFOX,10-Sep-2026,81.49,82.8022,81.2212,81.869,12500
UFPI,10-Sep-2026,80.84,80.84,79.45,80.2,403200
UFPT,10-Sep-2026,275.15,280.02,273.37,277.4,94000
UG,10-Sep-2026,7.515,7.515,7.06,7.19,17900
UITB,10-Sep-2026,45.52,45.5391,45.4,45.4216,208400
UIVM,10-Sep-2026,76.89,76.89,76.6,76.6337,6200
UK,10-Sep-2026,2.1,2.1274,1.94,2.0434,5000
ULBI,10-Sep-2026,5.81,5.81,5.42,5.65,85400
ULCC,10-Sep-2026,5.43,5.75,5.41,5.53,2430000
ULH,10-Sep-2026,18.1,18.85,18.1,18.66,44700
ULTA,10-Sep-2026,537.4,542.8,530.795,535.63,625800
ULTI,10-Sep-2026,6.55,6.63,6.44,6.4688,37000
ULVM,10-Sep-2026,106.94,106.94,106.6895,106.6895,1600
UMBF,10-Sep-2026,140.62,140.76,138.62,139.37,425000
UMBFO,10-Sep-2026,25.98,26.1899,25.8101,25.92,12400
UMMA,10-Sep-2026,36.83,36.945,36.47,36.5328,48500
UNB,10-Sep-2026,23.75,23.92,23.75,23.9,1900
UNCY,10-Sep-2026,5.07,5.62,5.04,5.31,1241800
UNHG,10-Sep-2026,19.84,20.1993,19.06,19.13,340300
UNIT,10-Sep-2026,10.01,10.16,9.79,9.87,2389700
UNIY,10-Sep-2026,47.057,47.057,47.057,47.057,282600
UNTY,10-Sep-2026,58.77,59.215,58.26,59.09,49800
UONE,10-Sep-2026,4.82,4.8799,4.66,4.66,1900
UONEK,10-Sep-2026,4.05,4.4117,4.05,4.4117,1400
UPB,10-Sep-2026,5.86,5.86,5.67,5.75,562400
UPBD,10-Sep-2026,18.11,18.435,17.7941,18.2,652800
UPC,10-Sep-2026,4.05,4.05,3.8,3.88,16400
UPGR,10-Sep-2026,23.0907,23.0907,23.0907,23.0907,100
UPLD,10-Sep-2026,3.36,3.4,3.2,3.21,10600
UPST,10-Sep-2026,25.45,25.78,25.09,25.1,4162800
UPWK,10-Sep-2026,8.17,8.45,8.122,8.41,3153200
UPXI,10-Sep-2026,1,1.025,0.971,0.9937,1967800
URBN,10-Sep-2026,76.57,76.57,74.18,75.6,1380900
URGN,10-Sep-2026,44.25,44.4799,41.85,42.24,688600
URNJ,10-Sep-2026,25.12,25.2,24.55,24.59,319100
UROY,10-Sep-2026,4.63,4.75,4.475,4.5,3391900
USAF,10-Sep-2026,28.17,28.175,28.17,28.175,200
USAR,10-Sep-2026,16.94,16.97,16,16.04,17081900
USAU,10-Sep-2026,15.51,15.525,15.05,15.07,110400
USCB,10-Sep-2026,22.87,23.11,22.75,22.99,87700
USCL,10-Sep-2026,85.3797,85.3797,85.3797,85.3797,100
USDE,10-Sep-2026,6.73,7.33,6.6,6.66,2418000
USDEW,10-Sep-2026,1.845,1.845,1.31,1.5,478500
USDX,10-Sep-2026,25.5599,25.5599,25.5,25.5,18800
USEA,10-Sep-2026,2.92,2.98,2.9038,2.97,74600
USFI,10-Sep-2026,24.11,24.11,24.07,24.07,200
USGG,10-Sep-2026,6.06,6.06,5.385,5.4031,495200
USGO,10-Sep-2026,8.3,8.32,8.11,8.26,48500
USIG,10-Sep-2026,49.66,49.7,49.52,49.53,2374500
USIN,10-Sep-2026,47.9708,47.9708,47.9708,47.9708,100
USIO,10-Sep-2026,2.57,2.58,2.485,2.53,282600
USLM,10-Sep-2026,115.44,116.005,113.09,115.89,93600
USMC,10-Sep-2026,75.82,75.82,75.6,75.7293,47600
USOI,10-Sep-2026,46.96,46.9697,46.5542,46.89,52700
USOY,10-Sep-2026,7.79,7.955,7.695,7.945,549200
USSH,10-Sep-2026,49.99,49.99,49.9558,49.9558,1200
USTB,10-Sep-2026,50.19,50.19,50.11,50.13,462100
USVM,10-Sep-2026,107.13,107.13,106.74,106.9775,45300
USVN,10-Sep-2026,46.31,46.318,46.2271,46.2271,3100
USXF,10-Sep-2026,67.17,67.315,66.8837,66.8837,65300
UTEN,10-Sep-2026,41.7,41.73,41.56,41.5861,100600
UTHR,10-Sep-2026,502.44,509.79,497.91,503.86,653100
UTHY,10-Sep-2026,38.23,38.36,38.08,38.1466,176700
UTMD,10-Sep-2026,70.01,70.2,69.1,69.64,30500
UTRE,10-Sep-2026,48.495,48.495,48.455,48.455,400
UTSI,10-Sep-2026,2.32,2.32,2.27,2.3,1500
UTWO,10-Sep-2026,47.67,47.6799,47.6201,47.625,154000
UTWY,10-Sep-2026,40.61,40.61,40.4296,40.4296,3800
UUUG,10-Sep-2026,4.39,4.4099,4.06,4.09,164500
UVSP,10-Sep-2026,42.19,42.59,41.72,42.57,369100
UXIN,10-Sep-2026,1.19,1.27,1.19,1.26,57000
UYLD,10-Sep-2026,50.96,51.0093,50.94,50.9741,129400
UYSCR,10-Sep-2026,0.1,0.1,0.1,0.1,500
UYSCU,10-Sep-2026,11.88,11.88,11.88,11.88,100
UZX,10-Sep-2026,0.086,0.093,0.077,0.089,49603000
VABK,10-Sep-2026,46.83,47.9,46.83,47.9,5900
VAI,10-Sep-2026,2.08,2.08,1.9601,2.01,5400
VALG,10-Sep-2026,18.683,18.683,18.683,18.683,100
VALN,10-Sep-2026,6.64,6.8375,6.6,6.69,46600
VALU,10-Sep-2026,37.205,37.76,37.205,37.76,1900
VANI,10-Sep-2026,1.31,1.31,1.25,1.25,255800
VAVX,10-Sep-2026,15.82,15.99,15.705,15.8373,9000
VBCA,10-Sep-2026,75.41,75.44,75.405,75.415,18200
VBCB,10-Sep-2026,75.17,75.205,75.105,75.105,11900
VBCC,10-Sep-2026,74.64,74.64,74.505,74.5222,47000
VBCD,10-Sep-2026,74.17,74.17,73.96,74.085,17700
VBCE,10-Sep-2026,73.91,73.91,73.69,73.698,8400
VBCF,10-Sep-2026,73.6,73.6,73.46,73.465,7300
VBCG,10-Sep-2026,73.26,73.27,73,73.02,10300
VBCH,10-Sep-2026,73.145,73.145,72.915,72.9231,7000
VBCI,10-Sep-2026,72.94,72.94,72.62,72.6642,5100
VBCJ,10-Sep-2026,72.67,72.67,72.39,72.4129,3800
VBIL,10-Sep-2026,75.57,75.57,75.56,75.56,2948500
VBIO,10-Sep-2026,2.38,2.38,2.1584,2.2,77100
VBNB,10-Sep-2026,27.52,27.7277,27.51,27.7277,1300
VBNK,10-Sep-2026,21.61,22.395,21.61,22.3,75600
VC,10-Sep-2026,98.96,100.62,97.64,100.56,233600
VCEL,10-Sep-2026,38.56,38.815,37.672,37.87,340200
VCIG,10-Sep-2026,1.75,1.88,1.711,1.81,34600
VCIT,10-Sep-2026,79.96,79.99,79.675,79.7,13654000
VCLT,10-Sep-2026,70.93,71.09,70.575,70.62,5955000
VCRB,10-Sep-2026,75.1,75.13,74.88,74.9,920700
VCRE,10-Sep-2026,11.64,11.93,11.49,11.51,23100
VCSH,10-Sep-2026,77.96,77.97,77.77,77.78,7509200
VCTR,10-Sep-2026,110.68,112.01,109.6,111.06,1263700
VCYT,10-Sep-2026,43.18,43.7799,41.64,42.03,849400
VECO,10-Sep-2026,43.42,44.75,43.29,43.9,409100
VEEA,10-Sep-2026,1.74,1.74,1.6165,1.66,15200
VEEE,10-Sep-2026,9.85,9.85,9.39,9.75,8700
VEEM,10-Sep-2026,24.75,24.75,24.6161,24.6161,1100
VEFA,10-Sep-2026,82.9991,82.9991,82.9991,82.9991,100
VELO,10-Sep-2026,10.62,11.175,10.41,10.44,908200
VEON,10-Sep-2026,65,69.5,64.2,69.16,270600
VERA,10-Sep-2026,33.49,34.29,32.88,33.6,2027500
VERI,10-Sep-2026,0.85,0.89,0.835,0.8802,1048700
VERU,10-Sep-2026,2.52,2.53,2.46,2.5,182700
VERX,10-Sep-2026,12.37,12.515,12.16,12.27,1197900
VFF,10-Sep-2026,2.93,2.94,2.835,2.86,685500
VFLO,10-Sep-2026,53.78,53.88,53.525,53.56,2115000
VFS,10-Sep-2026,3.1,3.1,3,3.01,490000
VGAS,10-Sep-2026,1.4299,1.4299,1.2366,1.3,8200
VGASW,10-Sep-2026,0.0257,0.0257,0.0204,0.0204,1484
VGIT,10-Sep-2026,57.54,57.57,57.41,57.435,4788100
VGLT,10-Sep-2026,52.04,52.24,51.82,51.88,4411700
VGSH,10-Sep-2026,57.78,57.79,57.72,57.73,6012800
VGSR,10-Sep-2026,11.1,11.13,10.9901,11.0165,109000
VGUS,10-Sep-2026,75.52,75.52,75.5,75.505,239800
VHC,10-Sep-2026,11.99,12.1,11,11.57,323600
VHCPU,10-Sep-2026,10.18,10.18,10.1799,10.1799,800
VHCPW,10-Sep-2026,0.3301,0.36,0.3301,0.36,18900
VIAV,10-Sep-2026,37.9,38.9,37.225,37.4,4482000
VICR,10-Sep-2026,177.02,181.9,174,178.05,458200
VIGI,10-Sep-2026,96.47,96.86,96.0501,96.2,316600
VINP,10-Sep-2026,9.3,9.61,9.3,9.55,67400
VIOT,10-Sep-2026,1.21,1.49,1.17,1.36,5736200
VIP,10-Sep-2026,1.93,1.93,1.81,1.83,234800
VIR,10-Sep-2026,10.57,10.785,10.45,10.58,1855200
VIRC,10-Sep-2026,6.29,6.29,5.98,6.15,20300
VISN,10-Sep-2026,6.34,6.46,6.325,6.4,4324000
VITL,10-Sep-2026,9.94,9.98,9.735,9.79,1038400
VIVK,10-Sep-2026,0.88,0.9061,0.8245,0.85,2423200
VIVO,10-Sep-2026,4.07,4.12,3.93,4.02,199600
VIVS,10-Sep-2026,0.2755,0.3019,0.2732,0.2998,1401200
VKTX,10-Sep-2026,32.5,32.65,31.87,32.13,1715100
VLGEA,10-Sep-2026,42.78,43.29,42.6531,43.13,35100
VLOSU,10-Sep-2026,10.25,10.975,10.25,10.75,3500
VLY,10-Sep-2026,13.75,13.87,13.61,13.85,5471800
VLYPN,10-Sep-2026,26.215,26.215,26.1,26.1,5700
VLYPO,10-Sep-2026,25.19,25.19,25.03,25.03,8900
VLYPP,10-Sep-2026,25.24,25.3,25.24,25.25,4500
VMAR,10-Sep-2026,8.12,8.12,6.86,7.2,67800
VMBS,10-Sep-2026,45.43,45.4999,45.35,45.38,2953000
VMD,10-Sep-2026,8.74,8.819,8.695,8.75,236600
VMET,10-Sep-2026,10,10.085,9.76,9.79,286300
VNDA,10-Sep-2026,5.2,5.2,5.01,5.04,958200
VNET,10-Sep-2026,6.43,6.4434,6.27,6.38,2469100
VNME,10-Sep-2026,10.28,10.28,10.27,10.27,9000
VNMEW,10-Sep-2026,0.238,0.2411,0.238,0.2411,31200
VNOM,10-Sep-2026,45.93,46,44.47,44.84,1613400
VNQI,10-Sep-2026,44.3,44.34,43.99,44.03,336900
VOD,10-Sep-2026,17.27,17.43,17.25,17.33,2300000
VOGX,10-Sep-2026,28.93,31.758,28.545,29.86,117200
VOLT,10-Sep-2026,35.94,36.28,35.75,35.8,103600
VONE,10-Sep-2026,343.04,343.85,342.54,342.7181,48000
VONG,10-Sep-2026,124.9,125.395,124.55,124.84,1037000
VONV,10-Sep-2026,111.2,111.39,110.95,111.12,632400
VOR,10-Sep-2026,22.96,23.09,22.09,22.34,691900
VOTE,10-Sep-2026,89.28,89.67,89.23,89.3569,12400
VOXR,10-Sep-2026,5.8,5.8,5.67,5.74,380100
VPLS,10-Sep-2026,75.54,75.5499,75.31,75.34,299400
VRA,10-Sep-2026,3.08,3.25,3.035,3.05,217100
VRAX,10-Sep-2026,2.73,2.92,2.7,2.85,72400
VRCA,10-Sep-2026,5.06,5.25,4.86,4.95,56900
VRDN,10-Sep-2026,22.4,22.6,21.99,22.29,1310000
VREX,10-Sep-2026,18.5,18.51,18.47,18.47,526700
VRIG,10-Sep-2026,25.09,25.09,25.08,25.085,606200
VRM,10-Sep-2026,10.1,10.62,9.85,10.26,46900
VRME,10-Sep-2026,0.606,0.6224,0.6037,0.621,12400
VRNS,10-Sep-2026,45.62,46.6799,45.38,45.5,1519600
VRRM,10-Sep-2026,3.73,3.74,3.625,3.65,5254800
VRSK,10-Sep-2026,177.87,178.48,174.045,175.86,910000
VRSN,10-Sep-2026,287.14,290.72,286.005,288.85,579300
VRTL,10-Sep-2026,26.49,27.17,24,24.68,505300
VRTX,10-Sep-2026,519.13,522.6,514.32,514.56,815100
VRXA,10-Sep-2026,1.58,1.6822,1.57,1.65,400100
VRXAW,10-Sep-2026,0.0972,0.0972,0.0972,0.0972,100
VS,10-Sep-2026,1.23,1.23,1.02,1.0483,30900
VSA,10-Sep-2026,3,3,3,3,2600
VSAT,10-Sep-2026,71.16,76.2,70.37,74.18,1803100
VSDA,10-Sep-2026,58.13,58.13,57.78,57.8214,5100
VSEC,10-Sep-2026,193.44,198.455,190.81,192.64,248600
VSECU,10-Sep-2026,54,54,49.51,49.73,1400
VSME,10-Sep-2026,0.94,0.94,0.92,0.9201,5300
VSMV,10-Sep-2026,60.37,60.41,60.15,60.2437,4600
VSNT,10-Sep-2026,37.18,37.72,37.01,37.36,1269400
VSOL,10-Sep-2026,13.37,13.48,13.3,13.38,23100
VSTL,10-Sep-2026,23.78,24.67,22.88,22.95,131100
VSTM,10-Sep-2026,7.91,7.91,7.45,7.62,2670000
VTC,10-Sep-2026,74.33,74.33,74.05,74.0872,76700
VTGN,10-Sep-2026,0.238,0.2442,0.2347,0.239,341100
VTHR,10-Sep-2026,334.54,335.35,334.0301,334.2144,10500
VTIP,10-Sep-2026,49.67,49.69,49.64,49.64,4337200
VTIX,10-Sep-2026,1.13,1.13,1.05,1.075,281400
VTRS,10-Sep-2026,16.5,16.51,16.15,16.38,9014800
VTSI,10-Sep-2026,2.9,2.9908,2.9,2.95,16300
VTVT,10-Sep-2026,33,33,31.85,31.86,46300
VTWG,10-Sep-2026,269,269.77,266.8919,266.8919,16500
VTWO,10-Sep-2026,116.64,117.15,116.09,116.34,1536700
VTWV,10-Sep-2026,194.29,194.29,192.6259,193.1282,23200
VUZI,10-Sep-2026,2.41,2.56,2.392,2.54,575300
VVOS,10-Sep-2026,0.1647,0.1825,0.1647,0.1816,2703900
VWAV,10-Sep-2026,0.4401,0.5499,0.4313,0.485,3460300
VWAVW,10-Sep-2026,0.08,0.085,0.0515,0.07,59300
VWOB,10-Sep-2026,65.07,65.125,64.9101,64.92,490900
VXUS,10-Sep-2026,86.66,86.82,86.1901,86.28,5665600
VYGR,10-Sep-2026,3.2,3.22,3.13,3.19,334400
VYMI,10-Sep-2026,105.09,105.2051,104.61,104.73,861700
WABC,10-Sep-2026,58.23,59.16,57.875,59.11,171400
WABF,10-Sep-2026,24.19,24.19,24.15,24.17,1600
WAFD,10-Sep-2026,33.94,34.11,33.4,34.1,1632400
WAFDP,10-Sep-2026,16.45,16.45,16.26,16.4,48400
WAFU,10-Sep-2026,1.35,1.38,1.35,1.37,26100
WALD,10-Sep-2026,1.31,1.36,1.305,1.33,76400
WASH,10-Sep-2026,39.3,39.91,39.04,39.85,113900
WATR,10-Sep-2026,1.88,1.95,1.76,1.83,53700
WATT,10-Sep-2026,11.12,11.77,11.12,11.23,99400
WAVE,10-Sep-2026,5.46,6.095,5.45,5.69,25300
WAY,10-Sep-2026,23.77,24.1,22.955,23.06,959000
WB,10-Sep-2026,6.61,6.66,6.59,6.61,859900
WBD,10-Sep-2026,28,28.34,28,28.2,32197000
WBTN,10-Sep-2026,10,10.465,10,10.32,585200
WBUY,10-Sep-2026,0.9,0.9298,0.8911,0.8951,21000
WCBR,10-Sep-2026,39.34,40.47,39.3172,39.6149,44500
WCLD,10-Sep-2026,38.62,39.38,38.47,38.87,631800
WCT,10-Sep-2026,6.94,7.51,6.89,7.37,19100
WDAF,10-Sep-2026,30.43,30.475,30.2483,30.2483,2100
WDAY,10-Sep-2026,185.77,188.056,183.74,185.09,2412000
WDC,10-Sep-2026,466.61,471.228,456.75,460.93,4518200
WDFC,10-Sep-2026,199.23,201.935,198.17,199.04,113400
WDGF,10-Sep-2026,30.38,30.4991,30.38,30.4991,200
WEEI,10-Sep-2026,25.5,25.5,25.115,25.2387,22400
WEN,10-Sep-2026,7.54,7.635,7.42,7.44,7161600
WENN,10-Sep-2026,10.4,10.4,10.39,10.3901,17300
WENNW,10-Sep-2026,0.2673,0.2673,0.2591,0.2591,800
WERN,10-Sep-2026,38.78,39.02,38.16,38.59,935700
WEST,10-Sep-2026,7.67,7.87,7.58,7.71,246000
WETH,10-Sep-2026,1.19,1.21,1.16,1.2,8300
WETO,10-Sep-2026,2.34,2.8,2.33,2.58,3355100
WEYS,10-Sep-2026,44.77,44.77,44.075,44.61,25700
WFCF,10-Sep-2026,14.1999,14.1999,13.1649,13.2,1000
WFF,10-Sep-2026,1.87,1.95,1.86,1.86,99900
WFRD,10-Sep-2026,93.06,93.06,88.885,89.92,640500
WGMI,10-Sep-2026,46.05,47.11,45.28,45.58,427200
WGS,10-Sep-2026,83.85,87.1346,82,83.96,711600
WHF,10-Sep-2026,7.04,7.11,6.96,6.98,44600
WHFCL,10-Sep-2026,25.1,25.1,25.08,25.09,7100
WHLR,10-Sep-2026,0.3776,0.38,0.3513,0.3732,684400
WHLRD,10-Sep-2026,36.24,36.24,36.05,36.05,400
WHWK,10-Sep-2026,4.13,4.18,3.99,4.07,1291600
WIMA,10-Sep-2026,43.15,43.15,43.05,43.1208,3600
WIMI,10-Sep-2026,1.11,1.13,1.03,1.04,135800
WINA,10-Sep-2026,308.7,311.35,306.24,310.05,44200
WING,10-Sep-2026,110.41,114.74,108.52,110.52,947900
WISE,10-Sep-2026,34.39,34.76,34.235,34.2616,10900
WIX,10-Sep-2026,74.08,76.49,72.8162,75.52,823300
WKEY,10-Sep-2026,6.3,6.48,6.21,6.3,30400
WKHS,10-Sep-2026,3.08,3.1436,3.01,3.04,90000
WKSP,10-Sep-2026,0.519,0.5195,0.455,0.461,455200
WLCO,10-Sep-2026,9.82,9.82,9.81,9.81,800
WLCOU,10-Sep-2026,9.91,10.41,9.91,10.05,9300
WLCOW,10-Sep-2026,0.3,0.31,0.299,0.2999,100800
WLDN,10-Sep-2026,82.14,84.07,81.71,81.93,149300
WLDS,10-Sep-2026,1.69,1.89,1.6593,1.77,195100
WLDSW,10-Sep-2026,12.4,12.4,12.4,12.4,100
WLFC,10-Sep-2026,56.16,56.83,55.6,56.19,140500
WLII,10-Sep-2026,10.24,10.24,10.24,10.24,100
WMG,10-Sep-2026,28.2,28.38,27.71,27.84,3038100
WMT,10-Sep-2026,106.17,107.155,105.59,105.73,17174800
WNEB,10-Sep-2026,13.46,13.7,13.36,13.68,71800
WNW,10-Sep-2026,2.35,2.35,2.3,2.31,38100
WOK,10-Sep-2026,1.97,2.08,1.93,1.93,49400
WOOD,10-Sep-2026,70.98,70.98,69.99,70.5031,12600
WOOF,10-Sep-2026,2.47,2.51,2.4123,2.43,2806800
WPRT,10-Sep-2026,1.81,1.825,1.76,1.76,55700
WRAP,10-Sep-2026,1.63,1.665,1.6,1.62,355700
WRD,10-Sep-2026,5.7,5.845,5.64,5.695,2231300
WRLD,10-Sep-2026,188.36,190.59,187.06,190,54700
WRND,10-Sep-2026,42.2029,42.2029,42.2029,42.2029,100
WRTH,10-Sep-2026,25.84,25.89,25.8161,25.845,44200
WSBC,10-Sep-2026,40.05,40.25,39.585,40.25,1010700
WSBCO,10-Sep-2026,25.34,25.34,25.16,25.2002,8000
WSBF,10-Sep-2026,21.28,21.38,21.15,21.36,111500
WSBK,10-Sep-2026,12.97,12.97,12.96,12.965,2300
WSC,10-Sep-2026,19.07,19.38,18.565,18.685,1515400
WSE,10-Sep-2026,12.03,12.175,11.85,11.93,1655700
WSFS,10-Sep-2026,79.24,79.97,78.46,79.94,321400
WSGE,10-Sep-2026,28.42,28.42,28.3058,28.3058,200
WSML,10-Sep-2026,34.85,34.86,34.68,34.685,4300
WSPC,10-Sep-2026,26.4022,26.4022,26.4022,26.4022,100
WTBA,10-Sep-2026,28.72,29.2,28.64,29.2,36400
WTBN,10-Sep-2026,24.415,24.4299,24.4,24.405,3000
WTFC,10-Sep-2026,150.33,151.05,148.8,150.75,426300
WTFCN,10-Sep-2026,26.16,26.2065,26.07,26.1459,126400
WTG,10-Sep-2026,10.57,10.59,10.56,10.59,3700
WTGUR,10-Sep-2026,0.1012,0.17,0.1012,0.17,600
WTIP,10-Sep-2026,37.55,37.68,37.5,37.605,3300
WTMU,10-Sep-2026,24.81,24.81,24.81,24.81,100
WTMY,10-Sep-2026,24.62,24.62,24.54,24.54,300
WTW,10-Sep-2026,313.58,317.22,312.605,315.41,308900
WULF,10-Sep-2026,16.61,17.05,16.11,16.14,24472100
WVE,10-Sep-2026,4.76,4.76,4.63,4.67,2767700
WVVI,10-Sep-2026,2.08,2.23,2.05,2.18,6200
WVVIP,10-Sep-2026,2.66,3.26,2.66,3.21,137700
WW,10-Sep-2026,14.76,15.6,14.61,14.775,252500
WWD,10-Sep-2026,332.97,337.66,331.06,332.76,556300
WXM,10-Sep-2026,4.08,4.17,3.85,4.17,13400
WYFI,10-Sep-2026,18.61,19.22,18.2,18.53,1296000
WYHG,10-Sep-2026,4.61,4.7,4.5,4.52,95300
WYNN,10-Sep-2026,89.45,90.2044,88.27,88.42,2124500
XAIR,10-Sep-2026,3.16,3.1925,3.063,3.07,44400
XAIX,10-Sep-2026,56.63,56.9199,56.4038,56.4038,11300
XBCI,10-Sep-2026,36.61,36.95,36.3889,36.75,119300
XBIL,10-Sep-2026,50.07,50.07,50.06,50.06,130500
XBIO,10-Sep-2026,4.15,4.2,4.06,4.07,17400
XBIT,10-Sep-2026,2.17,2.18,2.15,2.17,20200
XBP,10-Sep-2026,2.87,3.1,2.81,2.82,35800
XBTY,10-Sep-2026,5.56,5.59,5.56,5.59,15500
XCBE,10-Sep-2026,10.01,10.01,10.01,10.01,117100
XCH,10-Sep-2026,3.11,3.3956,3.11,3.165,1900
XCNY,10-Sep-2026,33.6798,33.6798,33.6798,33.6798,100
XCSH,10-Sep-2026,100.285,100.285,100.285,100.285,2300
XCUR,10-Sep-2026,1.41,1.41,1.2553,1.37,29600
XDEF,10-Sep-2026,21.67,21.69,21.6558,21.6558,700
XE,10-Sep-2026,16.98,17.3799,15.82,15.835,9223000
XEL,10-Sep-2026,76.15,76.72,75.35,75.41,7823500
XELB,10-Sep-2026,0.87,0.9252,0.85,0.8939,9600
XELLL,10-Sep-2026,22.16,22.23,21.65,21.905,120600
XENE,10-Sep-2026,58.74,59.395,58,58.8,798700
XERS,10-Sep-2026,7.8,7.99,7.63,7.67,1955000
XEY,10-Sep-2026,20.04,20.04,20.04,20.04,100
XFOR,10-Sep-2026,3.6,3.675,3.31,3.4,2570200
XGN,10-Sep-2026,7.21,7.34,6.83,6.97,197400
XHG,10-Sep-2026,3.15,3.225,3.14,3.14,5200
XHLD,10-Sep-2026,10.49,11,10.3,10.84,3491600
XIIIU,10-Sep-2026,10.56,10.56,10.52,10.52,800
XLAB,10-Sep-2026,4.68,4.77,4.21,4.22,41900
XLABW,10-Sep-2026,0.3,0.3212,0.28,0.3,227000
XLO,10-Sep-2026,8.95,9,8.93,8.93,11700
XMAG,10-Sep-2026,25.69,25.69,25.51,25.5347,31300
XMAX,10-Sep-2026,8.44,8.56,8.44,8.54,420500
XMTR,10-Sep-2026,83.99,86.44,83.27,84.85,553200
XNCR,10-Sep-2026,24.63,24.63,23.86,24.26,1360900
XNDU,10-Sep-2026,9.05,9.325,8.92,8.98,1084100
XNET,10-Sep-2026,4.78,4.94,4.78,4.89,136600
XOMX,10-Sep-2026,51.37,51.37,48.78,49.961,21200
XOS,10-Sep-2026,2.79,2.85,2.77,2.79,96600
XOVR,10-Sep-2026,20.26,20.77,20.23,20.52,1651500
XP,10-Sep-2026,18.86,20.14,18.79,19.97,9789000
XPEG,10-Sep-2026,3.02,3.02,2.95,2.9532,74800
XPEL,10-Sep-2026,48.42,48.51,46.89,48.06,278500
XPON,10-Sep-2026,5.4,5.725,5.14,5.19,64300
XQQI,10-Sep-2026,47.81,48.19,47.74,47.92,236700
XRAY,10-Sep-2026,10.65,10.65,10.39,10.5,3452700
XRPC,10-Sep-2026,14.39,14.505,14.255,14.33,164300
XRPI,10-Sep-2026,7.37,7.42,7.29,7.32,119600
XRPN,10-Sep-2026,10.51,10.56,10.51,10.55,70000
XRPNW,10-Sep-2026,0.97,1,0.94,0.94,18200
XRPT,10-Sep-2026,32.97,33.61,32.3,32.67,204100
XRTX,10-Sep-2026,2.4499,2.45,2.11,2.11,1526100
XRX,10-Sep-2026,3.1,3.2,3.09,3.17,1593000
XRXDW,10-Sep-2026,0.32,0.34,0.3011,0.3055,84900
XSLLW,10-Sep-2026,0.2,0.2201,0.2,0.21,24900
XSPC,10-Sep-2026,20.535,20.91,20.4551,20.4551,6900
XSPI,10-Sep-2026,48.9,49,48.74,48.88,55200
XT,10-Sep-2026,80.66,80.9417,80.49,80.5147,60300
XTER,10-Sep-2026,9.84,9.84,9.81,9.81,9000
XTERW,10-Sep-2026,0.26,0.26,0.25,0.25,45200
XTIA,10-Sep-2026,1.03,1.07,1.015,1.04,689400
XWEL,10-Sep-2026,0.9578,0.9602,0.9363,0.9426,26700
XXII,10-Sep-2026,2.14,2.1674,1.99,2.045,29900
XXX,10-Sep-2026,21.33,21.358,21.33,21.358,200
XYZG,10-Sep-2026,17.06,17.06,16.7021,16.7021,2300
YAAS,10-Sep-2026,1.56,1.5836,1.5,1.5,25800
YARW,10-Sep-2026,29.99,30.55,27.22,28.44,44200
YB,10-Sep-2026,13.62,14,13.5,13.64,67400
YBST,10-Sep-2026,12.1346,12.1346,12.1346,12.1346,200
YBTY,10-Sep-2026,10.52,10.52,10.4771,10.4771,1800
YDDL,10-Sep-2026,1.66,1.67,1.63,1.65,54400
YDES,10-Sep-2026,3.82,4.3097,3.7289,3.9,633400
YDESW,10-Sep-2026,0.375,0.375,0.375,0.375,100
YDKG,10-Sep-2026,0.8848,0.8848,0.8222,0.8848,12200
YFOR,10-Sep-2026,1.32,1.345,1.26,1.29,218400
YHC,10-Sep-2026,1.4,1.47,1.38,1.43,49500
YHGJ,10-Sep-2026,2.7191,2.7191,2.645,2.65,1500
YHNA,10-Sep-2026,11.15,11.15,11.0007,11.1,3500
YI,10-Sep-2026,3.11,3.85,3.11,3.45,35600
YIBO,10-Sep-2026,1.18,1.18,1.18,1.18,0
YICC,10-Sep-2026,9.93,9.93,9.92,9.92,157500
YJ,10-Sep-2026,2.02,2.02,1.91,1.91,75100
YLDE,10-Sep-2026,56.07,56.07,55.735,55.8041,15800
YMAT,10-Sep-2026,2.18,2.34,2.01,2.09,781400
YMT,10-Sep-2026,2.09,2.23,2.09,2.2,28400
YNOT,10-Sep-2026,33.37,33.37,32.6701,32.685,20900
YOKE,10-Sep-2026,30.86,30.99,30.84,30.8716,11400
YORW,10-Sep-2026,33.71,33.7732,33.32,33.35,131600
YOUL,10-Sep-2026,0.3948,0.4552,0.387,0.455,82700
YQ,10-Sep-2026,4.25,4.57,4.0077,4.255,50500
YQQQ,10-Sep-2026,9.74,9.77,9.7301,9.7558,24400
YRAM,10-Sep-2026,53.7,53.8,52.97,53.028,8600
YSAG,10-Sep-2026,64.99,64.99,63.7273,63.7273,600
YSAU,10-Sep-2026,43.74,43.74,43.295,43.295,800
YSPY,10-Sep-2026,14.94,15,14.94,15,6800
YSWY,10-Sep-2026,23.27,23.35,22.01,22.13,380900
YTRA,10-Sep-2026,0.97,1.02,0.9693,1.01,45900
YXT,10-Sep-2026,2.41,2.4662,2.3942,2.41,9500
YYAI,10-Sep-2026,0.7758,0.812,0.72,0.7246,371400
Z,10-Sep-2026,31.73,31.9428,31.05,31.25,3988300
ZAP,10-Sep-2026,31.83,31.97,31.52,31.57,106900
ZBAO,10-Sep-2026,0.1503,0.151,0.1451,0.1481,786000
ZBIO,10-Sep-2026,31.88,31.89,30.73,31.1,646900
ZBRA,10-Sep-2026,340.75,346.8725,336.3998,344.01,500800
ZCMD,10-Sep-2026,0.86,0.8724,0.8301,0.866,182700
ZD,10-Sep-2026,55.12,55.855,55.025,55.29,430100
ZDAI,10-Sep-2026,1.52,1.61,1.5,1.5,8800
ZENA,10-Sep-2026,1.58,1.64,1.55,1.57,1210200
ZEO,10-Sep-2026,0.27,0.33,0.2275,0.2448,6389600
ZG,10-Sep-2026,32.45,32.52,31.745,31.88,797600
ZHOG,10-Sep-2026,50.59,50.59,50.5644,50.5644,500
ZION,10-Sep-2026,68,68.325,67.25,68.29,815300
ZIONP,10-Sep-2026,17.88,17.96,17.81,17.9029,5100
ZJK,10-Sep-2026,2.26,2.26,2.12,2.16,11400
ZJYL,10-Sep-2026,2.2,2.2292,2.0234,2.06,55300
ZKIN,10-Sep-2026,1.18,1.235,1.16,1.235,3000
ZKPW,10-Sep-2026,0.241,0.3088,0.241,0.3088,24800
ZLAB,10-Sep-2026,24.01,24.66,23.64,24.17,1610100
ZM,10-Sep-2026,96.15,96.8,94.785,95.46,2359100
ZMUN,10-Sep-2026,49.8799,49.89,49.85,49.855,8200
ZNB,10-Sep-2026,1.54,1.56,1.47,1.47,41200
ZNTL,10-Sep-2026,3.74,3.765,3.555,3.59,864200
ZOOZ,10-Sep-2026,7.35,7.75,6.86,7.72,34400
ZS,10-Sep-2026,165.43,169.05,162.06,163.48,2877400
ZSQR,10-Sep-2026,2.92,3.41,2.92,3.16,772200
ZSTK,10-Sep-2026,4.06,5.21,4.06,4.9,173900
ZTEN,10-Sep-2026,48.71,48.71,48.5239,48.5239,9200
ZTG,10-Sep-2026,0.7404,0.8147,0.732,0.77,936900
ZTOP,10-Sep-2026,51.12,51.12,51.02,51.02,200
ZTRE,10-Sep-2026,50.15,50.15,50.0301,50.0301,7500
ZTWO,10-Sep-2026,50.08,50.08,50.08,50.08,100
ZUMZ,10-Sep-2026,17.48,17.515,16.37,16.71,438700
ZURA,10-Sep-2026,5.6,5.74,5.365,5.38,1150900
ZVRA,10-Sep-2026,11.99,12.23,11.88,12.06,675500
ZYBT,10-Sep-2026,1.55,1.625,1.55,1.59,45900
ZYME,10-Sep-2026,26.81,27.04,26.39,26.435,585200
