Symbol,Date,Open,High,Low,Close,Volume
AAAP,02-Sep-2026,25.37,25.37,25.35,25.365,8000
AACG,02-Sep-2026,0.8788,0.9254,0.8701,0.8789,5800
AACIW,02-Sep-2026,0.2884,0.2884,0.2884,0.2884,100
AACP,02-Sep-2026,10.06,10.06,10.06,10.06,100
AADR,02-Sep-2026,84,84.2851,84,84.2851,300
AAEQ,02-Sep-2026,54.5791,54.5791,54.5791,54.5791,100
AAL,02-Sep-2026,13.2,13.36,13.05,13.11,53011800
AALG,02-Sep-2026,10.25,10.455,10.1,10.1188,35500
AAME,02-Sep-2026,1.35,1.3999,1.33,1.34,27100
AAOI,02-Sep-2026,102.09,104.74,100.8,103.13,4092300
AAON,02-Sep-2026,74.99,75.395,73.75,74.62,996500
AAPB,02-Sep-2026,42.19,42.33,41.39,41.6776,13200
AAPD,02-Sep-2026,10.63,10.765,10.61,10.71,17356500
AAPG,02-Sep-2026,16.64,17,16.64,16.81,2400
AAPL,02-Sep-2026,326.86,328.4,323.53,324.96,33776300
AAPU,02-Sep-2026,43.35,43.6192,42.33,42.74,901200
AARD,02-Sep-2026,6.05,6.225,5.795,5.95,59400
AAUB,02-Sep-2026,50.56,50.584,49.35,50.575,4800
AAUS,02-Sep-2026,61.32,61.3232,61.32,61.3232,100
AAVM,02-Sep-2026,34.38,34.38,34.3463,34.3463,400
AAXJ,02-Sep-2026,116.39,116.85,116.14,116.79,219500
ABAT,02-Sep-2026,2.59,2.8,2.59,2.79,3874300
ABCL,02-Sep-2026,11.39,11.5699,10.8,11.36,3726300
ABCS,02-Sep-2026,35.82,35.83,35.7406,35.7406,2600
ABEO,02-Sep-2026,5.98,6.1,5.855,5.95,1088600
ABI,02-Sep-2026,24.73,24.755,24.7299,24.755,50700
ABIG,02-Sep-2026,34.77,34.91,34.77,34.8915,8800
ABLV,02-Sep-2026,1.04,1.0994,0.98,1.099,22900
ABNB,02-Sep-2026,183.28,183.56,180.16,183.26,3412300
ABOS,02-Sep-2026,2.93,3.125,2.93,3.1,247800
ABSI,02-Sep-2026,8.9,9.23,8.36,8.8,2951500
ABTC,02-Sep-2026,7.66,8.09,7.63,7.87,852400
ABTS,02-Sep-2026,1.47,1.5,1.42,1.48,31300
ABUS,02-Sep-2026,5.1,5.19,5.09,5.1,2975700
ABVC,02-Sep-2026,0.86,0.896,0.841,0.8645,138100
ABVX,02-Sep-2026,114.37,115.66,111.01,111.08,868200
ACAA,02-Sep-2026,9.96,9.96,9.96,9.96,7200
ACAD,02-Sep-2026,29.1,29.75,28.875,28.93,1555900
ACB,02-Sep-2026,4.02,4.15,4.01,4.03,1471000
ACCL,02-Sep-2026,2.81,2.81,2.73,2.74,2200
ACDC,02-Sep-2026,4.96,5.125,4.671,5.05,1534500
ACEP,02-Sep-2026,20.66,20.66,20.625,20.63,1100
ACET,02-Sep-2026,9.35,9.65,9.0009,9.26,60900
ACFN,02-Sep-2026,18.8,19.8,18.8,19.53,110800
ACGL,02-Sep-2026,99.34,100,97.87,98.21,3983400
ACGLN,02-Sep-2026,15.76,15.98,15.64,15.66,87400
ACGLO,02-Sep-2026,18.81,19.085,18.81,18.925,39100
ACHC,02-Sep-2026,28.19,28.59,27.5,27.75,1138400
ACHV,02-Sep-2026,8.27,8.52,8.25,8.48,1044300
ACIC,02-Sep-2026,9.42,9.57,9.385,9.4,210800
ACIU,02-Sep-2026,2.7,2.865,2.7,2.84,257100
ACIW,02-Sep-2026,51.39,52.55,50.5172,52.46,602200
ACLS,02-Sep-2026,110.6,111.81,108.0001,110.77,443200
ACMR,02-Sep-2026,70.52,70.57,68.4,69.9,785000
ACNB,02-Sep-2026,63.81,65.575,63.78,65.2,112800
ACNT,02-Sep-2026,15.07,15.63,15.07,15.31,30400
ACOG,02-Sep-2026,9.17,9.4199,9.06,9.315,55600
ACON,02-Sep-2026,2.33,2.42,2.25,2.31,63700
ACONW,02-Sep-2026,0.0317,0.04,0.0317,0.04,4000
ACQQ,02-Sep-2026,23.965,24.0262,23.965,24.0262,400
ACRS,02-Sep-2026,6.09,6.24,5.875,6.18,1550400
ACRT,02-Sep-2026,23.995,24.065,23.995,24.065,100
ACRV,02-Sep-2026,2.07,2.2,2.05,2.15,131300
ACSP,02-Sep-2026,23.94,24.09,23.94,24.09,200
ACT,02-Sep-2026,48.65,49.07,48.51,48.72,379500
ACTG,02-Sep-2026,4.54,4.65,4.54,4.63,192300
ACTU,02-Sep-2026,1.5,1.55,1.3,1.3,335500
ACWI,02-Sep-2026,159.53,160.295,159.43,160.16,1817200
ACWX,02-Sep-2026,77.08,77.335,76.96,77.32,1310200
ACXP,02-Sep-2026,1.41,1.44,1.4,1.43,82500
ADAG,02-Sep-2026,3.6,3.74,3.5999,3.69,102600
ADAM,02-Sep-2026,9.61,9.655,9.57,9.61,580700
ADAMG,02-Sep-2026,25.3499,25.35,25.325,25.3499,2400
ADAMH,02-Sep-2026,25.55,25.64,25.55,25.64,9100
ADAMI,02-Sep-2026,25.305,25.38,25.305,25.36,900
ADAMK,02-Sep-2026,25.19,25.3,25,25.2,39800
ADAML,02-Sep-2026,24.972,24.99,24.885,24.945,21800
ADAMM,02-Sep-2026,25.65,25.72,25.65,25.66,15100
ADAMN,02-Sep-2026,25.08,25.155,25.05,25.05,7200
ADAMO,02-Sep-2026,25.26,25.26,25.26,25.26,600
ADAMZ,02-Sep-2026,18.16,18.24,17.95,17.99,10400
ADBE,02-Sep-2026,283.5,287.49,279.425,279.79,3857100
ADBG,02-Sep-2026,5.38,5.5094,5.2,5.21,1591400
ADBT,02-Sep-2026,3.61,3.65,1.47,1.72,3566700
ADEA,02-Sep-2026,24.47,25.005,24.45,24.98,681200
ADGM,02-Sep-2026,0.5249,0.5399,0.5005,0.5299,233100
ADI,02-Sep-2026,355.64,360.77,352.03,355.71,3338900
ADIL,02-Sep-2026,5.92,6.43,5.8,6.32,53700
ADMA,02-Sep-2026,9.34,9.63,9.3201,9.51,1989600
ADP,02-Sep-2026,283,283,278.08,281.16,1829100
ADPT,02-Sep-2026,24.4,25.23,24.185,24.66,1623100
ADSE,02-Sep-2026,11.55,11.95,11.12,11.6,18000
ADSEW,02-Sep-2026,0.54,0.54,0.54,0.54,200
ADSK,02-Sep-2026,246.7,248.27,241.05,241.73,1530100
ADTN,02-Sep-2026,7.5,7.61,7.43,7.52,1180500
ADUR,02-Sep-2026,13.4,13.9,13.22,13.8,342900
ADUS,02-Sep-2026,114.63,118.525,114.43,118.17,292000
ADV,02-Sep-2026,32.7,34.39,31.71,31.92,49500
ADVB,02-Sep-2026,10.41,10.451,9.36,9.77,86400
ADXN,02-Sep-2026,3.75,3.8,3.4,3.52,23400
AEAQW,02-Sep-2026,0.3038,0.3038,0.3,0.3,26100
AEBI,02-Sep-2026,12.16,12.86,12.035,12.8,491900
AEC,02-Sep-2026,4.21,4.39,4.21,4.32,28100
AEHL,02-Sep-2026,4.99,6,4.95,5.43,399000
AEHR,02-Sep-2026,78.06,81.0367,76.05,80.24,3814800
AEI,02-Sep-2026,1.42,1.42,1.35,1.35,10300
AEIS,02-Sep-2026,268,272.17,261.72,268.19,422300
AEMD,02-Sep-2026,1.71,1.8881,1.71,1.82,234400
AENT,02-Sep-2026,5,5.19,4.92,5,13500
AEP,02-Sep-2026,122.75,123.93,121.5,123.57,2835400
AERT,02-Sep-2026,7.3,7.49,6.98,7.23,9400
AESP,02-Sep-2026,9.98,9.98,9.97,9.97,113100
AESPR,02-Sep-2026,0.19,0.1992,0.19,0.1992,11600
AESPU,02-Sep-2026,10.18,10.565,10.18,10.19,1400
AESPW,02-Sep-2026,0.0697,0.0697,0.0697,0.0697,200
AEVA,02-Sep-2026,14.82,15.27,14.452,15.17,1319400
AEYE,02-Sep-2026,7.01,7.33,6.82,7.2,121400
AFCG,02-Sep-2026,3.51,3.645,3.5,3.57,65800
AFJK,02-Sep-2026,12,12.2425,12,12.21,3700
AFOS,02-Sep-2026,45.215,45.52,45.12,45.4704,6500
AFRI,02-Sep-2026,11.2575,11.4699,10.935,11.1,40600
AFRM,02-Sep-2026,69.37,74.93,69.242,74.09,5924000
AFSC,02-Sep-2026,37.5638,37.5638,37.5638,37.5638,100
AFYA,02-Sep-2026,14.65,14.95,14.65,14.91,95700
AGCC,02-Sep-2026,14.69,14.85,14.52,14.71,4300
AGEM,02-Sep-2026,49.17,49.29,49.11,49.25,4300
AGEN,02-Sep-2026,8.07,8.28,7.685,8.09,663900
AGGA,02-Sep-2026,24.88,24.89,24.85,24.8734,5400
AGIO,02-Sep-2026,34.49,34.93,33.535,34.13,771600
AGIX,02-Sep-2026,43.97,44.2699,43.895,44.1,121900
AGMB,02-Sep-2026,13.29,13.955,13.19,13.66,158800
AGMH,02-Sep-2026,0.8967,0.9262,0.8788,0.9144,15200
AGMI,02-Sep-2026,77.905,77.9772,77.24,77.9772,1000
AGNC,02-Sep-2026,10.63,10.65,10.57,10.62,18853600
AGNCL,02-Sep-2026,25.38,25.38,25.12,25.2667,4300
AGNCM,02-Sep-2026,25.35,25.35,25.18,25.24,21400
AGNCN,02-Sep-2026,25.9476,25.9599,25.8901,25.92,2700
AGNCO,02-Sep-2026,25.66,25.7,25.66,25.7,7600
AGNCP,02-Sep-2026,25.46,25.54,25.46,25.475,30900
AGNCZ,02-Sep-2026,25.64,25.64,25.46,25.53,16700
AGNG,02-Sep-2026,38.53,38.645,38.41,38.44,2600
AGNT,02-Sep-2026,3.97,4.01,3.9,3.99,1500700
AGPU,02-Sep-2026,9.43,9.865,9.07,9.79,142000
AGRZ,02-Sep-2026,0.21,0.2282,0.1927,0.2207,1273300
AGYS,02-Sep-2026,112.57,113.7,110.3,113.51,239400
AGZD,02-Sep-2026,22.55,22.58,22.54,22.555,141500
AHCO,02-Sep-2026,5.6,6.14,5.56,6.04,3666600
AHD,02-Sep-2026,26.8399,26.91,26.825,26.875,2700
AHG,02-Sep-2026,0.84,0.8998,0.84,0.85,12400
AHMA,02-Sep-2026,1.35,1.375,1.34,1.37,18700
AIA,02-Sep-2026,137.86,138.63,137.86,138.6,468100
AIAI,02-Sep-2026,3.43,3.89,3.4,3.7,354500
AIBZ,02-Sep-2026,4.65,4.88,4.5,4.5,489200
AIDX,02-Sep-2026,0.65,0.68,0.61,0.6304,122400
AIFA,02-Sep-2026,3.0843,3.0843,2.93,2.93,30800
AIFC,02-Sep-2026,0.526,0.5425,0.5106,0.5261,536900
AIFD,02-Sep-2026,50.3,50.3057,49.9,50.225,7700
AIFF,02-Sep-2026,1.04,1.1183,1.04,1.08,78500
AIFU,02-Sep-2026,22.51,22.51,21.02,21.7,23600
AIIO,02-Sep-2026,2.12,2.17,1.64,1.7,1874100
AIIOW,02-Sep-2026,0.024,0.0268,0.024,0.0265,14900
AIIR,02-Sep-2026,8,8,7.4,7.4,7600
AIMD,02-Sep-2026,1.4,1.6,1.4,1.58,89400
AIMDW,02-Sep-2026,0.058,0.0899,0.058,0.074,2000
AIMS,02-Sep-2026,27.77,27.82,27.748,27.748,4000
AINF,02-Sep-2026,18.36,18.4166,18.3599,18.4166,300
AIOS,02-Sep-2026,13.15,13.61,12.3,12.83,36000
AIOT,02-Sep-2026,2.97,3.04,2.95,3,897000
AIP,02-Sep-2026,20.61,20.88,20.061,20.84,1039300
AIPI,02-Sep-2026,36.72,36.73,36.31,36.5,116800
AIPO,02-Sep-2026,27.55,27.88,27.35,27.88,1136100
AIQ,02-Sep-2026,63.01,63.15,62.78,63.08,617200
AIRE,02-Sep-2026,1.5569,1.564,1.52,1.52,23100
AIRG,02-Sep-2026,5.09,5.17,5.02,5.02,25800
AIRJ,02-Sep-2026,4.36,4.52,4.33,4.43,825200
AIRJW,02-Sep-2026,1.19,1.19,1.1,1.17,10100
AIRO,02-Sep-2026,7.3,7.32,6.82,6.88,486100
AIRR,02-Sep-2026,106.32,106.8082,105.26,106.27,728800
AIRS,02-Sep-2026,2.43,2.49,2.42,2.46,657800
AIRT,02-Sep-2026,31.78,32.99,31.29,32.56,55100
AIRTP,02-Sep-2026,18.92,18.92,18.74,18.74,2500
AISP,02-Sep-2026,2.04,2.185,2.04,2.13,228900
AISPW,02-Sep-2026,0.465,0.525,0.46,0.51,14100
AIX,02-Sep-2026,23.05,23.0568,23.05,23.0568,200
AIXC,02-Sep-2026,0.7716,0.806,0.7551,0.771,89800
AIXI,02-Sep-2026,0.4678,0.51,0.45,0.4711,1036100
AKAM,02-Sep-2026,106,106.34,104.01,105.09,2172400
AKAN,02-Sep-2026,3.68,3.78,3.43,3.74,87400
AKBA,02-Sep-2026,0.95,1.01,0.9474,0.9803,12862300
AKTS,02-Sep-2026,26.12,27.03,25.705,26.92,253400
AKTX,02-Sep-2026,10.09,10.4,9.6,10.15,46400
ALAB,02-Sep-2026,274.84,278.63,267.01,274.13,2853000
ALAR,02-Sep-2026,1.53,1.53,1.16,1.18,325600
ALBG,02-Sep-2026,7.17,7.43,7.01,7.415,5800
ALCO,02-Sep-2026,40.09,40.69,40.09,40.26,21800
ALDF,02-Sep-2026,10.8,10.805,10.79,10.805,376000
ALDX,02-Sep-2026,1.51,1.54,1.46,1.49,498400
ALEC,02-Sep-2026,2.4,2.76,2.4,2.72,1672700
ALF,02-Sep-2026,10.89,10.89,10.89,10.89,100
ALGM,02-Sep-2026,35.67,36.41,35.025,35.47,1607500
ALGN,02-Sep-2026,155.5,160.85,155.5,159.15,687000
ALGS,02-Sep-2026,6.15,6.64,6.01,6.21,55400
ALGT,02-Sep-2026,73.69,76.85,73.5,74.78,470700
ALHC,02-Sep-2026,13.58,13.87,13.4,13.59,3631000
ALIL,02-Sep-2026,30.585,30.585,30.5558,30.5558,1800
ALIS,02-Sep-2026,10.24,10.2502,10.235,10.25,188400
ALKS,02-Sep-2026,47.7,48.735,46.68,47.72,1566400
ALKT,02-Sep-2026,19.49,20.03,19.01,19.88,1029300
ALLO,02-Sep-2026,1.97,2.0399,1.91,1.98,5393700
ALLR,02-Sep-2026,1.45,1.49,1.37,1.41,124300
ALLT,02-Sep-2026,7.55,7.595,7.41,7.46,177800
ALLW,02-Sep-2026,29.95,30.03,29.855,30.03,384100
ALM,02-Sep-2026,18.04,18.04,16.62,17.69,9800700
ALMR,02-Sep-2026,29.6,31.4,29.42,30.49,241100
ALMS,02-Sep-2026,10.155,10.77,9.9501,10.35,10382800
ALMU,02-Sep-2026,12.63,13.18,12.6,12.85,369300
ALNT,02-Sep-2026,87.78,89.04,85.9856,88.69,201800
ALNY,02-Sep-2026,246.48,269.94,246.48,267.4,3286300
ALOV,02-Sep-2026,10,10,9.99,9.99,75400
ALOY,02-Sep-2026,10.11,10.46,9.73,10.21,1778700
ALP,02-Sep-2026,0.1707,0.18,0.1705,0.179,2215700
ALPS,02-Sep-2026,0.381,0.381,0.37,0.38,66800
ALPX,02-Sep-2026,9.94,9.95,9.94,9.95,700
ALRM,02-Sep-2026,55.96,56.71,55.62,56.55,361400
ALRS,02-Sep-2026,32.82,33.54,32.745,33.31,152300
ALT,02-Sep-2026,3.1,3.34,3.1,3.28,7472100
ALTI,02-Sep-2026,3.88,3.94,3.88,3.89,79300
ALTO,02-Sep-2026,4.03,4.225,4.02,4.11,2087300
ALTY,02-Sep-2026,12.28,12.29,12.23,12.285,12700
ALVO,02-Sep-2026,5.24,5.415,5.171,5.34,700300
ALXO,02-Sep-2026,1.98,2.09,1.98,2.08,855100
ALZN,02-Sep-2026,1.65,1.7,1.565,1.7,101000
AMA,02-Sep-2026,19.66,19.66,18.79,19.23,139800
AMACU,02-Sep-2026,9.96,9.96,9.96,9.96,100000
AMAL,02-Sep-2026,47.63,48.43,47.54,48.14,193100
AMAN,02-Sep-2026,10.63,10.71,10.535,10.65,5300
AMAT,02-Sep-2026,443.5,443.5,433.57,438.46,6523000
AMBA,02-Sep-2026,67.83,68.4899,66.195,67.14,1302700
AMBR,02-Sep-2026,0.9701,1.0794,0.911,1.02,4831900
AMCI,02-Sep-2026,3.94,4.065,3.87,3.87,50200
AMCX,02-Sep-2026,12.49,12.87,12.49,12.65,574700
AMD,02-Sep-2026,459.51,462.21,452.36,457.06,11938800
AMDD,02-Sep-2026,31.01,31.445,30.79,31.1379,281300
AMDG,02-Sep-2026,78.5,79.275,76.1,77.5499,22400
AMDL,02-Sep-2026,45.97,46.75,44.83,45.69,918500
AMEI,02-Sep-2026,25.97,25.97,25.9667,25.9667,3000
AMEM,02-Sep-2026,24.86,24.95,24.825,24.95,1500
AMGN,02-Sep-2026,440.65,445.57,435,442.84,2286200
AMGR,02-Sep-2026,25.13,25.13,25.06,25.06,400
AMID,02-Sep-2026,35.9514,36.06,35.88,35.9464,16700
AMIX,02-Sep-2026,4.65,4.6808,4.39,4.5,108400
AMKR,02-Sep-2026,45.82,47.2634,45.465,47.17,4060500
AMLX,02-Sep-2026,34,35.475,34,34.49,1938400
AMOD,02-Sep-2026,2.1,2.25,2,2.08,517900
AMPG,02-Sep-2026,3.28,3.43,3.26,3.32,1376800
AMPGZ,02-Sep-2026,0.166,0.166,0.166,0.166,400
AMPH,02-Sep-2026,23.05,23.83,23.0275,23.74,456700
AMPL,02-Sep-2026,13.82,13.92,13.185,13.29,1977200
AMRN,02-Sep-2026,13.88,14.02,13.68,13.7,45600
AMRX,02-Sep-2026,17.9,18.32,17.61,18.06,2607600
AMSC,02-Sep-2026,28.57,28.99,28.025,28.49,596900
AMSF,02-Sep-2026,25.94,26.38,25.85,26.14,296600
AMSS,02-Sep-2026,0.8122,0.8549,0.8003,0.838,27200
AMST,02-Sep-2026,1.04,1.07,1.01,1.05,75800
AMTX,02-Sep-2026,1.82,1.93,1.79,1.9,613300
AMUN,02-Sep-2026,26.06,26.06,26.04,26.04,500
AMUU,02-Sep-2026,161.53,164.58,158.55,161.81,39000
AMYY,02-Sep-2026,13.59,13.62,13.5001,13.53,21700
AMZD,02-Sep-2026,8.6,8.64,8.5598,8.595,8222200
AMZN,02-Sep-2026,254.26,256.24,253.4,254.98,24013300
AMZU,02-Sep-2026,36.06,36.58,35.79,36.22,1047300
AMZZ,02-Sep-2026,33.52,33.97,33.34,33.57,64700
ANAB,02-Sep-2026,56.13,57.9,54.66,55.84,421700
ANDE,02-Sep-2026,67.15,71.27,66.9606,70.92,674900
ANEL,02-Sep-2026,24.01,24.26,22.94,23.3758,31800
ANGH,02-Sep-2026,3.46,3.5,3.32,3.48,2300
ANGI,02-Sep-2026,4.64,5.09,4.64,4.96,1213200
ANGL,02-Sep-2026,28.75,28.78,28.7204,28.77,1403900
ANGO,02-Sep-2026,15.9,16.215,15.52,15.62,311400
ANGU,02-Sep-2026,25.13,25.32,25.13,25.28,17600
ANIK,02-Sep-2026,21.06,21.66,20.96,21.55,77700
ANIP,02-Sep-2026,72.53,73.435,72.41,73.06,287600
ANIX,02-Sep-2026,3.28,3.39,3.12,3.13,335000
ANL,02-Sep-2026,13.76,14.2,13.48,13.855,77700
ANNA,02-Sep-2026,3.15,3.2385,3.01,3.08,202600
ANNAW,02-Sep-2026,0.18,0.186,0.18,0.186,900
ANNX,02-Sep-2026,4.9,5.075,4.78,4.93,1842200
ANPA,02-Sep-2026,4.2,4.2,3.93,4.11,1200
ANTA,02-Sep-2026,3.735,3.735,3.735,3.735,300
ANTX,02-Sep-2026,5.46,6,5.46,5.95,353500
ANV,02-Sep-2026,25.51,25.6699,25.51,25.605,4000
ANY,02-Sep-2026,2.24,2.26,2.02,2.19,219900
AOHY,02-Sep-2026,11,11.0172,10.99,11,67000
AOSL,02-Sep-2026,23.64,24.78,23.4996,24.62,560800
AOTG,02-Sep-2026,63.71,64.7369,63.71,64.7369,1400
AOUT,02-Sep-2026,10,10.25,9.87,9.95,35600
APA,02-Sep-2026,43.75,45.125,43.6913,44.695,4267900
APAC,02-Sep-2026,10.25,10.25,10.25,10.25,6100
APC,02-Sep-2026,18.06,18.7628,18.06,18.37,140100
APEI,02-Sep-2026,46.11,46.54,45.08,45.75,221500
APGE,02-Sep-2026,135.08,135.09,135.06,135.07,5142000
API,02-Sep-2026,4.03,4.16,4.02,4.13,117000
APLD,02-Sep-2026,24.005,24.995,23.83,24.91,16880800
APLM,02-Sep-2026,26.73,28,26.3,27.3462,11600
APLMW,02-Sep-2026,0.0114,0.0139,0.011,0.0138,72300
APMCR,02-Sep-2026,0.139,0.14,0.1001,0.1175,33000
APMCU,02-Sep-2026,10.06,10.06,10.05,10.05,7300
APMD,02-Sep-2026,27,28.75,26.9,27.83,276500
APOG,02-Sep-2026,37.59,38.7499,37.145,38.06,232100
APP,02-Sep-2026,309.74,320.83,305.67,319.05,3882200
APPF,02-Sep-2026,223.2,227.68,222.1915,224.27,276100
APPN,02-Sep-2026,40.32,40.93,39.49,39.89,641000
APPS,02-Sep-2026,9.95,10.05,9.75,9.78,2321600
APPX,02-Sep-2026,12.65,13.55,12.33,13.42,836400
APRE,02-Sep-2026,0.8101,0.854,0.7986,0.82,170500
APVO,02-Sep-2026,2.34,2.77,2.33,2.6,1027500
APWC,02-Sep-2026,1.39,1.4,1.37,1.38,1800
APXT,02-Sep-2026,10.13,10.13,10.12,10.125,114200
APXTW,02-Sep-2026,0.38,0.4,0.32,0.32,2400
APYX,02-Sep-2026,3.07,3.11,3.05,3.08,25900
AQB,02-Sep-2026,1.18,1.22,1.1545,1.18,37100
AQLG,02-Sep-2026,26.3778,26.3778,26.3778,26.3778,100
AQMS,02-Sep-2026,2.7794,2.89,2.7794,2.86,12200
AQST,02-Sep-2026,5.25,5.39,5.25,5.38,1814400
AQWA,02-Sep-2026,18.6232,18.66,18.6232,18.6268,1500
ARAI,02-Sep-2026,0.24,0.2489,0.235,0.241,240900
ARAY,02-Sep-2026,0.251,0.2612,0.25,0.26,323800
ARBB,02-Sep-2026,4.4661,4.4661,4.35,4.35,400
ARBE,02-Sep-2026,0.645,0.6518,0.63,0.63,543200
ARBEW,02-Sep-2026,0.02,0.0248,0.02,0.0201,42400
ARBK,02-Sep-2026,2.9546,2.9546,2.89,2.94,4300
ARCB,02-Sep-2026,133.29,136.627,132,133.93,206100
ARCC,02-Sep-2026,19.945,20.055,19.91,20.02,3788700
ARCI,02-Sep-2026,10.12,10.13,10.12,10.12,14100
ARCL,02-Sep-2026,9.96,9.98,9.95,9.98,900
ARCT,02-Sep-2026,16.46,17.7497,15.45,16.74,2021000
ARDX,02-Sep-2026,3.75,3.835,3.725,3.8,3913800
AREC,02-Sep-2026,2.35,2.5,2.35,2.44,2212100
ARGX,02-Sep-2026,1049.46,1072.75,1042.22,1055.37,216900
ARHS,02-Sep-2026,8.48,8.575,8.36,8.43,931700
ARKO,02-Sep-2026,4.55,4.78,4.502,4.74,899900
ARKR,02-Sep-2026,5.052,5.26,5.052,5.25,2600
ARLP,02-Sep-2026,26.39,26.55,26.2256,26.54,125600
ARM,02-Sep-2026,233.38,236.44,229.39,234.86,2433800
ARMG,02-Sep-2026,14.9,15.13,14.29,14.99,317000
ARMY,02-Sep-2026,24.26,24.715,24.26,24.715,26900
AROW,02-Sep-2026,38.17,39.11,37.85,38.82,130500
ARQ,02-Sep-2026,2.05,2.21,2.05,2.2,368200
ARQQ,02-Sep-2026,18.6,21.28,18.6,20.54,668200
ARQQW,02-Sep-2026,0.0036,0.0169,0.0017,0.0028,976800
ARQT,02-Sep-2026,23.95,24.45,23.4,23.85,1950700
ARRY,02-Sep-2026,4.37,4.625,4.36,4.57,6329200
ARTL,02-Sep-2026,6.1,6.7057,5.9911,6.52,43100
ARTNA,02-Sep-2026,35.61,36.04,35.55,35.75,38100
ARTV,02-Sep-2026,11.26,11.5071,11.05,11.31,306500
ARTW,02-Sep-2026,2.9,3.04,2.51,3,28800
ARVN,02-Sep-2026,9.28,9.64,9.27,9.59,548800
ARVR,02-Sep-2026,56.9665,56.9665,56.9665,56.9665,100
ARWR,02-Sep-2026,82.87,85.47,82.085,85.37,1525500
ARXS,02-Sep-2026,51.43,51.63,50.49,51.16,288200
ASBP,02-Sep-2026,8.86,9.34,8.78,9.205,35200
ASCI,02-Sep-2026,36.28,36.4491,36.21,36.4491,1700
ASD,02-Sep-2026,27.895,27.895,27.895,27.895,100
ASEC,02-Sep-2026,49.84,49.84,49.84,49.84,100
ASLE,02-Sep-2026,5.46,5.545,5.44,5.47,441900
ASMB,02-Sep-2026,35.48,37.01,34.86,36.72,267500
ASMG,02-Sep-2026,43.68,44.13,42.39,43.9398,18700
ASML,02-Sep-2026,1672.21,1688.655,1650.201,1682.3,873700
ASMU,02-Sep-2026,28.32,29.0162,27.8414,28.88,48500
ASND,02-Sep-2026,261.39,268.71,257.52,267.31,418200
ASO,02-Sep-2026,43.04,44.255,43.04,43.6,1769100
ASPC,02-Sep-2026,10.93,10.985,10.88,10.89,1900
ASPI,02-Sep-2026,3.8,3.97,3.75,3.93,3022400
ASPS,02-Sep-2026,5.66,5.7819,5.61,5.61,8000
ASPSW,02-Sep-2026,0.26,0.26,0.2575,0.258,700
ASPSZ,02-Sep-2026,0.169,0.17,0.169,0.17,700
ASRV,02-Sep-2026,5.05,5.08,4.77,4.83,13400
ASST,02-Sep-2026,23.07,24.5,22.3,24.32,9593000
ASTC,02-Sep-2026,7.05,7.19,6.88,7.085,15000
ASTE,02-Sep-2026,41.18,42.55,40.47,42.32,257600
ASTH,02-Sep-2026,38.71,39.235,38.44,38.57,305400
ASTI,02-Sep-2026,2.81,2.96,2.81,2.94,197400
ASTL,02-Sep-2026,4.14,4.425,4.105,4.385,697600
ASTLW,02-Sep-2026,0.0062,0.0062,0.0055,0.006,29800
ASTS,02-Sep-2026,58.44,63.23,58,62.4,19809700
ASUR,02-Sep-2026,9.07,9.195,8.87,9.02,91100
ASYS,02-Sep-2026,14.36,14.66,14.31,14.6,272400
ATAI,02-Sep-2026,7.35,7.36,7.32,7.35,10454900
ATAT,02-Sep-2026,34.53,35.39,34.415,35.05,515200
ATC,02-Sep-2026,23.7312,23.7312,23.7312,23.7312,100
ATCX,02-Sep-2026,3.3805,3.48,3.2582,3.325,5400
ATEC,02-Sep-2026,9.24,9.475,9.08,9.19,1435200
ATER,02-Sep-2026,0.4411,0.5711,0.4411,0.509,800800
ATEX,02-Sep-2026,90.89,92.955,86.25,86.61,287000
ATGL,02-Sep-2026,6.638,6.638,6.5,6.5,1300
ATHE,02-Sep-2026,4.52,4.61,4.5,4.52,7300
ATHR,02-Sep-2026,3.21,3.32,2.79,3.01,35400
ATII,02-Sep-2026,10.705,10.705,10.65,10.66,123400
ATIIU,02-Sep-2026,11.3,11.3,11.3,11.3,100
ATIIW,02-Sep-2026,1.5,1.5,1.4,1.4,15400
ATLC,02-Sep-2026,90.62,94.48,90,93.82,130100
ATLCL,02-Sep-2026,25.19,25.21,25.1772,25.1936,1800
ATLCP,02-Sep-2026,23.858,23.98,23.805,23.9001,2300
ATLCZ,02-Sep-2026,25.4,25.4,25.37,25.4,5900
ATLO,02-Sep-2026,31.26,32.02,30.81,31.75,51200
ATLQ,02-Sep-2026,9.94,9.97,9.9399,9.97,295100
ATLQR,02-Sep-2026,0.1479,0.15,0.1425,0.15,34900
ATLQU,02-Sep-2026,10.11,10.11,10.075,10.1,48700
ATLQW,02-Sep-2026,0.045,0.045,0.045,0.045,1200
ATLX,02-Sep-2026,3.13,3.27,3.13,3.22,108100
ATNI,02-Sep-2026,30.31,31.31,30.28,30.91,84600
ATOM,02-Sep-2026,3.93,4.045,3.84,4,518600
ATOS,02-Sep-2026,2.4,2.51,2.39,2.46,44700
ATPC,02-Sep-2026,2.4,2.4,2.31,2.31,15500
ATRA,02-Sep-2026,9.08,9.48,9.08,9.44,20800
ATRC,02-Sep-2026,49.76,52.69,49.54,52.59,1262600
ATRO,02-Sep-2026,74.28,74.28,72.29,73.46,672800
ATTO,02-Sep-2026,22.4,23.49,21.7,23.13,81400
ATXG,02-Sep-2026,3.3336,3.3336,3.3336,3.3336,600
ATYR,02-Sep-2026,0.4821,0.5091,0.482,0.493,700000
AUBN,02-Sep-2026,26.44,26.5,26.395,26.5,2400
AUC,02-Sep-2026,6.8,7.31,6.3,6.3,16800
AUDC,02-Sep-2026,10.02,10.13,9.94,10.085,69900
AUGO,02-Sep-2026,83,85.66,82.09,84.6,721100
AUID,02-Sep-2026,0.4484,0.4699,0.4091,0.41,266900
AUMI,02-Sep-2026,102.25,102.25,101.16,101.6084,1700
AUPH,02-Sep-2026,16.17,16.46,15.925,16.29,842400
AUR,02-Sep-2026,5.45,5.86,5.4,5.85,27938100
AURA,02-Sep-2026,7.46,7.67,7,7.5,495400
AURE,02-Sep-2026,1.48,1.615,1.4,1.445,21500
AUROW,02-Sep-2026,0.0601,0.081,0.06,0.0701,11000
AUTL,02-Sep-2026,2.32,2.375,2.22,2.24,2307800
AUUD,02-Sep-2026,0.96,1.07,0.96,1.03,792300
AVAH,02-Sep-2026,13.53,13.6099,13.055,13.2,1882500
AVAT,02-Sep-2026,0.7066,0.7398,0.67,0.7214,357200
AVAV,02-Sep-2026,144.1,147.16,140.91,145.39,1529900
AVBH,02-Sep-2026,31.22,31.7,31.2,31.55,130600
AVBP,02-Sep-2026,30.33,30.79,29.6,30.51,423800
AVGB,02-Sep-2026,50.8,50.8563,50.79,50.8563,24800
AVGG,02-Sep-2026,24.57,24.92,24.12,24.5,1259200
AVGO,02-Sep-2026,369.68,371.09,364.65,367.24,38874500
AVGU,02-Sep-2026,31.44,31.81,30.77,31.19,772400
AVGX,02-Sep-2026,42.4,42.7199,41.2504,41.99,2799000
AVIR,02-Sep-2026,5.51,5.73,5.51,5.7,289900
AVL,02-Sep-2026,40.24,40.61,39.275,39.9,3313600
AVLN,02-Sep-2026,35.29,36.21,34.62,35.58,181800
AVNW,02-Sep-2026,18.56,19.5,18.56,19.25,250200
AVO,02-Sep-2026,12.87,12.87,12.62,12.77,464700
AVOS,02-Sep-2026,27.9,27.9,27.85,27.85,5400
AVPT,02-Sep-2026,13.5,13.535,13.195,13.35,1362800
AVR,02-Sep-2026,8.5,8.86,8.4927,8.59,470400
AVS,02-Sep-2026,7.91,8,7.87,7.9548,19177400
AVT,02-Sep-2026,89.39,90.9989,88.3406,89.99,1034900
AVTX,02-Sep-2026,19,19.855,19,19.34,988000
AVUQ,02-Sep-2026,66.32,66.64,66.255,66.5682,6500
AVX,02-Sep-2026,3.44,3.9817,3.44,3.61,107200
AVXC,02-Sep-2026,82.25,82.76,82.08,82.76,59900
AVXL,02-Sep-2026,2.88,2.9784,2.815,2.89,587400
AVXX,02-Sep-2026,4.52,4.7,4.31,4.5933,744700
AWRE,02-Sep-2026,1.25,1.27,1.2,1.22,30600
AXG,02-Sep-2026,2.22,2.33,2.22,2.3,66000
AXGN,02-Sep-2026,50.15,51.5,47.83,48.3,789900
AXIN,02-Sep-2026,10.33,10.33,10.32,10.32,10800
AXINR,02-Sep-2026,0.35,0.36,0.3311,0.36,122600
AXON,02-Sep-2026,516.65,517.98,499,506.98,1060600
AXSM,02-Sep-2026,203.11,210.55,201.5445,209.92,608100
AXTI,02-Sep-2026,56.37,59.9,55.725,56.95,5742300
AYA,02-Sep-2026,27.25,28.672,27.25,28.35,1212700
AYTU,02-Sep-2026,2.29,2.31,2.2701,2.28,7100
AZ,02-Sep-2026,6.15,6.32,5.87,5.9,415000
AZI,02-Sep-2026,1.28,1.28,1.25,1.26,73300
AZIO,02-Sep-2026,1.19,1.23,1.18,1.19,126310
AZIO,02-Sep-2026,1.21,1.23,1.17,1.17,152500
AZTA,02-Sep-2026,31.6,32.19,31.18,31.73,792700
AZYY,02-Sep-2026,14.18,14.2401,14.18,14.21,3200
BABU,02-Sep-2026,9.72,9.825,9.59,9.64,62800
BABX,02-Sep-2026,17.99,18.18,17.71,17.8,303300
BACC,02-Sep-2026,10.49,10.49,10.48,10.49,34500
BACCU,02-Sep-2026,10.89,10.89,10.89,10.89,400
BAER,02-Sep-2026,1.09,1.1,1.055,1.06,859900
BAERW,02-Sep-2026,0.1621,0.2021,0.1621,0.1821,5500
BAFE,02-Sep-2026,29.59,29.85,29.59,29.7388,29000
BAFN,02-Sep-2026,7.02,7.38,6.76,7.19,74100
BAIG,02-Sep-2026,14.86,15.37,14.74,14.955,7400
BAIV,02-Sep-2026,28.84,28.84,28.75,28.7902,15100
BALQ,02-Sep-2026,54.41,54.705,54.41,54.6666,18700
BAND,02-Sep-2026,50,50.04,46.99,47.55,617600
BANF,02-Sep-2026,108.32,111.43,108.27,111.13,246300
BANL,02-Sep-2026,15.11,16.0236,15.11,15.61,17000
BANR,02-Sep-2026,68.91,70.4,68.4,70.04,278900
BANX,02-Sep-2026,21.25,21.25,20.96,21.03,54500
BAOS,02-Sep-2026,0.3159,0.3159,0.2711,0.2822,636000
BASG,02-Sep-2026,28.1,28.21,28.0703,28.0703,5000
BASV,02-Sep-2026,31.49,31.65,31.49,31.6051,12200
BATRA,02-Sep-2026,55.44,56.81,55.44,56.75,105200
BATRK,02-Sep-2026,50.49,51.419,50.37,51.27,603000
BBB,02-Sep-2026,31.46,31.51,31.46,31.4704,2400
BBBYW,02-Sep-2026,0.6399,0.6399,0.5704,0.62,161900
BBCP,02-Sep-2026,9.04,9.1,8.82,8.88,275900
BBGI,02-Sep-2026,18.78,19.93,18.78,19.4,152100
BBH,02-Sep-2026,239.94,243.2788,239.85,242.7903,52900
BBIO,02-Sep-2026,76.6,78.2499,75.955,76.5,1620700
BBLG,02-Sep-2026,0.56,0.565,0.5402,0.5504,95900
BBNX,02-Sep-2026,18.99,19.57,18.905,19.415,645100
BBOT,02-Sep-2026,8.81,9.185,8.73,8.89,238800
BBSI,02-Sep-2026,33.98,34.53,33.47,33.71,160100
BBUL,02-Sep-2026,10.3,10.35,10.15,10.18,24700
BBYY,02-Sep-2026,8.97,8.97,8.97,8.97,2600
BCAL,02-Sep-2026,21.13,21.605,21.03,21.53,186900
BCAX,02-Sep-2026,23.64,24.35,22.82,23.56,518700
BCBP,02-Sep-2026,8.48,8.635,8.425,8.61,176700
BCCQ,02-Sep-2026,10.04,10.05,10.02,10.02,46100
BCCQU,02-Sep-2026,10.39,10.4,10.29,10.34,4100
BCCQW,02-Sep-2026,1.01,1.0699,0.9899,0.9899,19700
BCDA,02-Sep-2026,1.11,1.13,1.1,1.11,50900
BCFN,02-Sep-2026,23.54,23.54,23.45,23.4661,2500
BCG,02-Sep-2026,1.36,1.39,1.34,1.34,26400
BCIC,02-Sep-2026,7.63,7.6541,7.52,7.55,56600
BCLO,02-Sep-2026,49.64,49.6425,49.54,49.6425,106000
BCML,02-Sep-2026,30.03,30.565,29.88,30.41,42000
BCPC,02-Sep-2026,174.65,177.39,173.51,175.47,172400
BCRX,02-Sep-2026,10,10.23,9.83,10.17,3130100
BCTK,02-Sep-2026,29.11,29.27,29.09,29.2054,25900
BCTX,02-Sep-2026,3.58,3.76,3.57,3.57,95400
BCTXL,02-Sep-2026,0.97,0.97,0.94,0.94,5800
BCTXZ,02-Sep-2026,0.1825,0.25,0.175,0.2111,27400
BCYC,02-Sep-2026,4.1,4.39,4.1,4.3,317500
BDCI,02-Sep-2026,10.15,10.15,10.15,10.15,124800
BDGS,02-Sep-2026,36.95,36.9638,36.93,36.9638,1300
BDMD,02-Sep-2026,1.11,1.14,1.08,1.12,14700
BDRX,02-Sep-2026,0.758,0.8,0.7553,0.7849,58700
BDSX,02-Sep-2026,25.21,27.4013,24.07,27.16,141200
BDTX,02-Sep-2026,2.08,2.155,2.05,2.14,561200
BDVL,02-Sep-2026,26.62,26.71,26.5946,26.6794,215800
BDYN,02-Sep-2026,27.73,27.98,27.73,27.97,483500
BEAM,02-Sep-2026,29.27,30.1776,28.23,29.29,1293300
BEAT,02-Sep-2026,0.45,0.4734,0.45,0.4501,408400
BEATW,02-Sep-2026,0.0076,0.0117,0.0076,0.0117,37700
BEDY,02-Sep-2026,29.76,29.965,29.74,29.8322,88600
BEEM,02-Sep-2026,1.37,1.42,1.36,1.4,274300
BEEP,02-Sep-2026,2.91,2.92,2.85,2.86,8300
BEEX,02-Sep-2026,27.61,27.73,27.61,27.695,1700
BEEZ,02-Sep-2026,34.5355,34.5355,34.5355,34.5355,100
BEG,02-Sep-2026,31.29,33.45,29.57,33.45,141800
BELFA,02-Sep-2026,202.31,204.26,197.85,202.51,116200
BELFB,02-Sep-2026,244.6,244.97,238.05,240.71,164300
BENF,02-Sep-2026,1.9921,2.09,1.9921,2.03,4200
BENFW,02-Sep-2026,0.0096,0.0096,0.0096,0.0096,2100
BESO,02-Sep-2026,32.435,32.4673,32.435,32.4673,1000
BETR,02-Sep-2026,12.2,12.62,11.99,12.3,374600
BETRW,02-Sep-2026,0.088,0.1031,0.086,0.0942,7600
BFC,02-Sep-2026,150.56,154.245,150.185,153.63,86900
BFLX,02-Sep-2026,25.71,25.82,25.68,25.7762,666700
BFRG,02-Sep-2026,0.498,0.4999,0.48,0.491,86700
BFRGW,02-Sep-2026,0.0801,0.0999,0.0801,0.0999,7000
BFRI,02-Sep-2026,1.52,1.6,1.5,1.52,584700
BFRIW,02-Sep-2026,0.023,0.023,0.0222,0.0225,3100
BFST,02-Sep-2026,30.84,31.45,30.6601,31.31,207300
BGC,02-Sep-2026,12,12.15,11.585,11.85,2996000
BGCG,02-Sep-2026,28.12,28.3227,28.12,28.3215,13600
BGDE,02-Sep-2026,6.26,6.5599,6.1,6.25,67300
BGEG,02-Sep-2026,23.58,23.6438,23.58,23.6438,600
BGGG,02-Sep-2026,35.33,35.5,35.33,35.48,10100
BGIA,02-Sep-2026,25.48,25.52,25.4799,25.495,1400
BGIN,02-Sep-2026,1.98,2.0662,1.9001,1.99,8300
BGL,02-Sep-2026,0.181,0.205,0.18,0.1954,558100
BGLWW,02-Sep-2026,0.025,0.0389,0.0222,0.0281,2700
BGM,02-Sep-2026,0.273,0.2799,0.2603,0.2797,45200
BGMS,02-Sep-2026,0.8499,0.8499,0.83,0.8326,18100
BGRN,02-Sep-2026,46.58,46.64,46.57,46.6063,42000
BGRO,02-Sep-2026,42.5253,42.5253,42.5253,42.5253,100
BGUS,02-Sep-2026,26.5405,26.5405,26.5405,26.5405,100
BHAV,02-Sep-2026,10.03,10.03,10.03,10.03,100
BHDG,02-Sep-2026,22.455,22.455,22.455,22.455,100
BHF,02-Sep-2026,53.14,54.09,53.14,53.62,528600
BHFAL,02-Sep-2026,15.25,15.29,15.1001,15.17,36600
BHFAM,02-Sep-2026,10.09,10.17,10.09,10.1104,77300
BHFAN,02-Sep-2026,11.7,11.7,11.6,11.61,28200
BHFAO,02-Sep-2026,14.6,14.6011,14.51,14.555,40800
BHFAP,02-Sep-2026,14.28,14.28,14.21,14.2362,20500
BHRB,02-Sep-2026,71.1,72.525,70.94,72.23,136200
BHST,02-Sep-2026,1.9,1.94,1.9,1.9,49300
BIAF,02-Sep-2026,7.61,11.75,7.54,9.75,46047600
BIAFW,02-Sep-2026,0.189,0.5533,0.189,0.22,119800
BIB,02-Sep-2026,118.85,123.35,118.23,121.7905,6700
BIDG,02-Sep-2026,7.2994,7.4,7.24,7.2575,10900
BIDU,02-Sep-2026,94.075,95.29,93.8489,94.34,1094200
BIDWR,02-Sep-2026,0.13,0.13,0.13,0.13,39200
BIIB,02-Sep-2026,218.2,225.59,216.97,222.67,1268200
BILI,02-Sep-2026,15.52,15.625,15.4,15.45,2901000
BIOA,02-Sep-2026,9.59,10.05,9.425,9.73,541200
BIOT,02-Sep-2026,0.408,0.4149,0.4,0.4082,74200
BIOTW,02-Sep-2026,0.0175,0.0188,0.0175,0.0175,2200
BIOX,02-Sep-2026,0.4447,0.47,0.4293,0.447,200400
BIOY,02-Sep-2026,21.26,21.345,21.2301,21.345,400
BIRD,02-Sep-2026,2.33,2.51,2.33,2.435,466300
BIS,02-Sep-2026,10.95,11.13,10.66,10.8098,10400
BITA,02-Sep-2026,59.15,59.15,58.342,58.8283,20100
BITS,02-Sep-2026,63.1104,63.1104,62.8512,62.8512,500
BIVI,02-Sep-2026,2.25,2.27,2.0001,2.03,519400
BIVIW,02-Sep-2026,0.41,0.41,0.3,0.3,21100
BIXI,02-Sep-2026,10.1,10.1,10.1,10.1,250100
BIXIW,02-Sep-2026,0.3575,0.3575,0.3575,0.3575,200
BIYA,02-Sep-2026,2.12,2.3027,2.094,2.19,91500
BJDX,02-Sep-2026,0.8499,0.8699,0.818,0.8491,270900
BJRI,02-Sep-2026,62.33,63.1,60.36,60.71,484700
BKCH,02-Sep-2026,65.48,67.85,65,67.53,32500
BKHA,02-Sep-2026,11.99,11.99,11.99,11.99,600
BKHAU,02-Sep-2026,12.04,12.5,12.04,12.47,1800
BKMI,02-Sep-2026,25.71,25.75,25.69,25.75,198800
BKMS,02-Sep-2026,25.34,25.38,25.33,25.3535,72900
BKNG,02-Sep-2026,196.67,200.62,195.73,199.6,4846000
BKR,02-Sep-2026,63.02,65.265,62.71,64.63,5193700
BKYI,02-Sep-2026,3.01,3.01,2.93,2.93,6300
BL,02-Sep-2026,32.13,32.88,31.88,32.18,612400
BLBD,02-Sep-2026,60.55,62.09,59.37,61.71,645600
BLCR,02-Sep-2026,48.95,49.349,48.95,49.24,328500
BLDP,02-Sep-2026,2.24,2.27,2.19,2.24,2245800
BLFS,02-Sep-2026,35.58,36.44,35.58,35.92,967400
BLIN,02-Sep-2026,0.9749,0.9998,0.965,0.98,14400
BLKB,02-Sep-2026,47.61,49.195,46.92,47.47,391400
BLLN,02-Sep-2026,93.19,96.75,92.775,96.15,414900
BLMN,02-Sep-2026,9.87,10.09,9.8,9.93,2203800
BLNE,02-Sep-2026,1.07,1.1,1,1.07,424500
BLNK,02-Sep-2026,0.5145,0.5226,0.5061,0.5185,572500
BLRK,02-Sep-2026,10.09,10.09,10.08,10.08,861200
BLRKW,02-Sep-2026,0.3349,0.3349,0.3349,0.3349,100
BLRX,02-Sep-2026,2.8,2.8,2.57,2.74,28300
BLSG,02-Sep-2026,2.92,3.07,2.851,2.9206,70100
BLSM,02-Sep-2026,19.1,19.91,18.84,19.38,109600
BLTE,02-Sep-2026,157.99,163.7,157.3325,160.66,212600
BLZE,02-Sep-2026,13.42,13.49,13.05,13.2,1097200
BLZR,02-Sep-2026,10.22,10.23,10.21,10.21,16000
BLZRU,02-Sep-2026,10.305,10.305,10.27,10.27,2400
BMBL,02-Sep-2026,2.65,2.875,2.65,2.83,2886300
BMEA,02-Sep-2026,1.805,1.94,1.71,1.935,2136500
BMGL,02-Sep-2026,5.08,5.0801,4.51,4.94,3000
BMHL,02-Sep-2026,5.79,5.9,5.63,5.9,1300
BMM,02-Sep-2026,5.82,6.09,5.81,5.96,165600
BMNG,02-Sep-2026,23.155,24.118,22.85,23.21,201600
BMOP,02-Sep-2026,24.36,24.44,24.35,24.44,209200
BMR,02-Sep-2026,1.22,1.2399,1.175,1.19,23500
BMRA,02-Sep-2026,2.05,2.2,1.9806,2.2,72800
BMRC,02-Sep-2026,26.55,27.275,26.47,27.04,92600
BMRN,02-Sep-2026,65,67.2,64.99,66.97,2521300
BNAI,02-Sep-2026,11.04,11.3899,10.58,10.59,90700
BNC,02-Sep-2026,2.8,3.02,2.7515,2.83,191300
BNCWW,02-Sep-2026,0.018,0.018,0.018,0.018,100
BND,02-Sep-2026,71.81,71.855,71.74,71.83,11187300
BNDP,02-Sep-2026,72.66,72.739,72.565,72.6163,4600
BNDW,02-Sep-2026,66.95,66.96,66.885,66.94,615500
BNDX,02-Sep-2026,47.275,47.2886,47.225,47.25,4359500
BNGO,02-Sep-2026,1.22,1.28,1.2038,1.27,300700
BNKK,02-Sep-2026,1.2,1.27,1.2,1.21,43300
BNR,02-Sep-2026,9.45,9.48,9.15,9.15,3600
BNTC,02-Sep-2026,12.36,13.19,12.25,12.88,191400
BNTX,02-Sep-2026,103.24,105.4571,102.51,103.81,753600
BODI,02-Sep-2026,5.69,5.94,5.69,5.83,24100
BOEG,02-Sep-2026,11.77,12.21,11.77,12.0056,29100
BOEU,02-Sep-2026,30,30.741,30,30.2805,64300
BOF,02-Sep-2026,3.895,3.98,3.895,3.915,15900
BOKF,02-Sep-2026,133.7,136.51,132.52,136.12,282700
BOLD,02-Sep-2026,2.89,2.91,2.85,2.89,81500
BOLT,02-Sep-2026,4.01,4.1,3.84,3.84,34500
BON,02-Sep-2026,1.1687,1.18,1.1162,1.14,6400
BOOM,02-Sep-2026,6.66,6.9336,6.66,6.84,64000
BOSC,02-Sep-2026,4.66,4.725,4.6,4.66,13800
BOT,02-Sep-2026,25.06,26.49,25,26.24,210300
BOTJ,02-Sep-2026,26.65,27.37,26.65,27,52500
BOTT,02-Sep-2026,41.34,41.69,41.34,41.6522,105500
BOTZ,02-Sep-2026,34.96,35.2,34.83,35.19,564500
BOXL,02-Sep-2026,6.62,6.79,6.0006,6.11,90600
BPOP,02-Sep-2026,168.67,170.98,167.95,170.57,747300
BPOPM,02-Sep-2026,25.175,25.199,25.175,25.19,1400
BPRN,02-Sep-2026,43,43.38,42.75,42.98,27800
BPYPM,02-Sep-2026,16.9,17.4,16.83,17.09,14100
BPYPN,02-Sep-2026,13.84,13.85,13.7516,13.8431,7200
BPYPO,02-Sep-2026,15.05,15.2,15.04,15.09,11800
BPYPP,02-Sep-2026,16.25,16.2595,16.09,16.1,3900
BRAG,02-Sep-2026,1.34,1.43,1.335,1.36,50500
BRAI,02-Sep-2026,5.85,5.85,5.63,5.76,21800
BRBI,02-Sep-2026,10.94,11.21,10.94,11.095,400
BRCB,02-Sep-2026,9.3,9.8,9.275,9.54,319600
BREM,02-Sep-2026,50.4268,50.4268,50.4268,50.4268,100
BRES,02-Sep-2026,26.88,26.88,26.82,26.8664,1700
BREZ,02-Sep-2026,10.05,10.05,10.0361,10.0361,800
BRFH,02-Sep-2026,1.2348,1.284,1.21,1.21,43800
BRHY,02-Sep-2026,50.72,50.98,50.68,50.725,10900
BRID,02-Sep-2026,5.76,6.3307,5.76,5.96,7300
BRKH,02-Sep-2026,9.98,9.98,9.97,9.97,500
BRKHW,02-Sep-2026,0.15,0.15,0.15,0.15,8000
BRKR,02-Sep-2026,56.03,59.25,56.03,59.02,1899600
BRKRP,02-Sep-2026,431.42,435.95,431.42,435.53,1000
BRKU,02-Sep-2026,22.86,23.32,22.86,22.9973,33200
BRLS,02-Sep-2026,1.1,1.185,1.045,1.17,45700
BRLSW,02-Sep-2026,0.0308,0.0308,0.0308,0.0308,1000
BRLT,02-Sep-2026,1.33,1.3629,1.28,1.31,102400
BRNS,02-Sep-2026,0.758,0.79,0.7192,0.743,190900
BRNX,02-Sep-2026,3.89,4,3.045,3.16,2241200
BRNY,02-Sep-2026,58.35,58.35,58.11,58.1834,8200
BRR,02-Sep-2026,2.18,2.375,2.09,2.31,1668600
BRRR,02-Sep-2026,21.64,21.81,21.59,21.8,21200
BRRWW,02-Sep-2026,0.27,0.3,0.2475,0.283,42100
BRTMU,02-Sep-2026,9.97,9.98,9.96,9.96,192500
BRTR,02-Sep-2026,49.12,49.14,49.09,49.1278,98500
BRTX,02-Sep-2026,0.203,0.2099,0.2007,0.2017,489200
BRUN,02-Sep-2026,16.55,16.86,15.58,16.55,2653600
BRVE,02-Sep-2026,26.53,27.78,25.69,26.95,394500
BRZE,02-Sep-2026,32.99,33.8281,32.755,32.94,1307500
BSBK,02-Sep-2026,9.1202,9.2591,9.05,9.05,10700
BSCA,02-Sep-2026,19.585,19.585,19.56,19.585,16800
BSCQ,02-Sep-2026,19.53,19.54,19.53,19.53,1821100
BSCR,02-Sep-2026,19.6,19.61,19.6,19.605,598900
BSCS,02-Sep-2026,20.3,20.3,20.28,20.28,649400
BSCT,02-Sep-2026,18.45,18.46,18.44,18.445,612300
BSCU,02-Sep-2026,16.45,16.45,16.43,16.445,1906800
BSCV,02-Sep-2026,16.15,16.15,16.13,16.135,531400
BSCW,02-Sep-2026,20.1,20.13,20.095,20.115,396600
BSCX,02-Sep-2026,20.6,20.63,20.6,20.618,191400
BSCY,02-Sep-2026,20.18,20.19,20.155,20.175,56700
BSCZ,02-Sep-2026,19.91,19.91,19.89,19.905,194700
BSEM,02-Sep-2026,3.5,3.62,3.42,3.54,60700
BSET,02-Sep-2026,18.62,18.97,18.45,18.87,18700
BSGR,02-Sep-2026,24.99,25.14,24.99,25.01,22600
BSGT,02-Sep-2026,24.88,24.9,24.88,24.9,5600
BSIN,02-Sep-2026,1.51,1.565,1.44,1.55,1033700
BSJQ,02-Sep-2026,22.9,22.91,22.9,22.905,302300
BSJR,02-Sep-2026,22.36,22.37,22.31,22.3556,113300
BSJS,02-Sep-2026,21.75,21.83,21.75,21.7504,64600
BSJT,02-Sep-2026,21.13,21.1599,21.08,21.1166,105700
BSJU,02-Sep-2026,25.61,25.65,25.61,25.6254,82600
BSJV,02-Sep-2026,25.91,25.9292,25.8,25.8703,97500
BSJW,02-Sep-2026,25.19,25.2,25.1718,25.1718,15000
BSJX,02-Sep-2026,25.01,25.01,24.9849,24.9849,3200
BSJY,02-Sep-2026,24.91,24.91,24.88,24.88,400
BSMQ,02-Sep-2026,23.52,23.52,23.471,23.4858,76600
BSMR,02-Sep-2026,23.58,23.6,23.51,23.5666,77800
BSMS,02-Sep-2026,23.32,23.3264,23.27,23.2901,72200
BSMT,02-Sep-2026,22.86,22.9,22.81,22.8326,82200
BSMU,02-Sep-2026,21.57,21.6,21.57,21.5726,71300
BSMV,02-Sep-2026,20.66,20.66,20.6,20.6022,79600
BSMW,02-Sep-2026,24.56,24.56,24.43,24.45,46100
BSMY,02-Sep-2026,23.79,23.85,23.685,23.72,27200
BSMZ,02-Sep-2026,24.62,24.62,24.5138,24.5275,31200
BSP,02-Sep-2026,40.38,42.04,40.3,40.87,485400
BSRR,02-Sep-2026,39.73,40.6233,39.56,40.38,60900
BSSX,02-Sep-2026,25.27,25.27,25,25.0253,28000
BSTS,02-Sep-2026,24.9598,24.9698,24.9598,24.96,18300
BSTU,02-Sep-2026,24.835,24.97,24.835,24.8472,6800
BSTV,02-Sep-2026,24.775,24.8164,24.775,24.8164,500
BSVN,02-Sep-2026,51.47,52.63,51.47,52.24,50200
BSVO,02-Sep-2026,29.13,29.6899,29.13,29.5918,187000
BSY,02-Sep-2026,35.56,35.84,34.98,35.12,1151900
BTAI,02-Sep-2026,0.13,0.197,0.1055,0.107,46794500
BTBD,02-Sep-2026,1.49,1.57,1.4835,1.52,17100
BTBT,02-Sep-2026,1.34,1.41,1.3109,1.39,21973200
BTCS,02-Sep-2026,1.24,1.26,1.18,1.25,2068300
BTCT,02-Sep-2026,1.72,2.03,1.72,1.76,3462300
BTDL,02-Sep-2026,13.57,15.12,13.25,14.9,38300
BTDR,02-Sep-2026,10.4,10.9369,10.14,10.74,9737100
BTF,02-Sep-2026,21.39,21.4228,21.334,21.4228,4400
BTGD,02-Sep-2026,26.36,26.82,26.3315,26.82,26500
BTLN,02-Sep-2026,0.96,0.9798,0.8826,0.92,66000
BTMD,02-Sep-2026,1.67,1.8,1.63,1.69,585100
BTOC,02-Sep-2026,0.3028,0.315,0.2896,0.296,9600
BTQ,02-Sep-2026,2.98,3.33,2.94,3.27,5129800
BTSG,02-Sep-2026,59.16,60.58,58.97,60.25,1767200
BTSGU,02-Sep-2026,196.45,198.69,195.845,198.69,54100
BTTC,02-Sep-2026,0.4,0.43,0.4,0.4227,182200
BUFC,02-Sep-2026,43.2,43.3,43.2,43.255,13300
BUFI,02-Sep-2026,43.16,43.2462,43.16,43.2462,1000
BUFM,02-Sep-2026,40.99,41.09,40.99,41.09,4900
BUG,02-Sep-2026,41.26,41.32,39.755,40.56,2326300
BULD,02-Sep-2026,34.66,34.6768,34.66,34.6768,1100
BULG,02-Sep-2026,55.76,56.5,55.76,56.0322,1100
BULL,02-Sep-2026,9.09,9.1,8.84,9,10993500
BULLW,02-Sep-2026,3.08,3.08,3.05,3.05,1000
BUSE,02-Sep-2026,30.01,30.61,29.825,30.46,719200
BUSEP,02-Sep-2026,25.9672,26.015,25.855,25.93,15100
BUUU,02-Sep-2026,28.59,29.73,28.59,29.6,38900
BVC,02-Sep-2026,13.29,17.3699,13.29,14.97,88500
BVFL,02-Sep-2026,21.05,21.74,21.05,21.55,20900
BVS,02-Sep-2026,13.78,14.47,13.72,14.37,668300
BWAY,02-Sep-2026,14.34,14.78,14.08,14.28,86400
BWB,02-Sep-2026,20.98,21.53,20.9,21.34,138900
BWBBP,02-Sep-2026,19.88,19.88,19.88,19.88,100
BWEN,02-Sep-2026,4.21,4.225,4.06,4.11,184500
BWFG,02-Sep-2026,65.8,66.535,63.12,65.88,72300
BWIN,02-Sep-2026,30.43,31.06,29.71,31.01,1615800
BWMN,02-Sep-2026,42.6,42.63,42.59,42.6,246900
BXBL,02-Sep-2026,4.08,4.2,4.01,4.14,104600
BYAH,02-Sep-2026,2.7098,2.74,2.6606,2.7,11600
BYFC,02-Sep-2026,11.995,12.1311,11.7608,11.97,2000
BYND,02-Sep-2026,12.35,12.58,11.549,11.57,1799400
BYRN,02-Sep-2026,3.39,3.47,3.385,3.44,120600
BYSI,02-Sep-2026,0.6027,0.6481,0.6027,0.611,40300
BZ,02-Sep-2026,17.65,17.78,17.28,17.3,5386500
BZAI,02-Sep-2026,0.45,0.479,0.45,0.4766,2266900
BZAIW,02-Sep-2026,0.097,0.1,0.097,0.098,28800
BZFD,02-Sep-2026,1.1,1.14,1.1,1.11,216100
BZFDW,02-Sep-2026,0.0129,0.0131,0.0104,0.0105,41400
BZUN,02-Sep-2026,2.75,2.85,2.75,2.82,222300
CAAS,02-Sep-2026,5.49,5.5599,5.35,5.415,26800
CABA,02-Sep-2026,3.27,3.58,3.25,3.57,8049100
CABR,02-Sep-2026,1.37,1.58,1.34,1.46,338500
CAC,02-Sep-2026,56.3,57.705,54.69,57.09,106600
CACC,02-Sep-2026,599.49,611.12,592.62,607.77,90600
CADL,02-Sep-2026,12.81,13.4099,12.6713,13.2,807800
CAE,02-Sep-2026,23.56,23.93,23.56,23.72,1033200
CAES,02-Sep-2026,10.1,10.1,10.09,10.09,5900
CAFG,02-Sep-2026,32.98,33.27,32.98,33.1927,4900
CAI,02-Sep-2026,25.13,25.615,24.505,24.8,5488300
CAII,02-Sep-2026,9.99,9.99,9.99,9.99,14500
CAIQ,02-Sep-2026,25.24,25.24,25.0522,25.1905,302400
CAKE,02-Sep-2026,108.73,109.9497,108.15,108.57,1236900
CALC,02-Sep-2026,2.02,2.215,2.02,2.1,113700
CALI,02-Sep-2026,50.27,50.27,50.24,50.2648,223100
CALM,02-Sep-2026,79.01,80.08,78.12,78.82,606400
CAMP,02-Sep-2026,3.85,4.0695,3.78,3.8,215200
CAMT,02-Sep-2026,130.44,132.84,127.82,131.91,541100
CAN,02-Sep-2026,0.3,0.3138,0.2822,0.3077,11457700
CANC,02-Sep-2026,43.99,44.79,43.665,44.1642,15600
CANQ,02-Sep-2026,29.7989,29.7989,29.7989,29.7989,100
CAPNR,02-Sep-2026,0.19,0.19,0.19,0.19,100
CAPR,02-Sep-2026,10.07,10.65,9.6,9.89,5165400
CAPS,02-Sep-2026,0.188,0.1915,0.1798,0.1868,140900
CAQ,02-Sep-2026,10,10,10,10,5000
CAR,02-Sep-2026,140,141.78,137.17,137.84,248900
CARE,02-Sep-2026,30.88,31.8,30.77,31.61,356600
CARG,02-Sep-2026,34.66,35.23,34.195,34.63,720400
CARL,02-Sep-2026,16.44,17.2,16.25,16.34,116000
CART,02-Sep-2026,50.38,51.7,49.85,51.53,2717300
CARY,02-Sep-2026,20.56,20.5826,20.56,20.57,331400
CARZ,02-Sep-2026,104.2,104.3577,104.2,104.3577,500
CASH,02-Sep-2026,80.87,81.92,80.41,81.84,206900
CASS,02-Sep-2026,55.16,56.45,55.16,56.26,55500
CAST,02-Sep-2026,1.38,1.42,1.34,1.37,567600
CASY,02-Sep-2026,763.66,766.61,745.74,753.59,376600
CATH,02-Sep-2026,90.91,91.34,90.805,91.2113,21500
CATLU,02-Sep-2026,9.98,9.98,9.98,9.98,30900
CATY,02-Sep-2026,61.13,62.51,60.83,62,502500
CBAT,02-Sep-2026,1.02,1.03,0.9741,1,433400
CBC,02-Sep-2026,31.58,32.3,31.515,32.3,529100
CBFV,02-Sep-2026,37.25,37.59,37.16,37.27,5500
CBIO,02-Sep-2026,18,19.01,17.93,18.54,214800
CBK,02-Sep-2026,33.79,34.52,33.79,34.39,52200
CBLL,02-Sep-2026,24.66,25.07,24.235,24.81,502800
CBNK,02-Sep-2026,36.15,36.82,36.08,36.43,48300
CBRL,02-Sep-2026,54.45,55.66,53.195,54.8,652100
CBRS,02-Sep-2026,170,185.5,168.7,184.52,6991600
CBSH,02-Sep-2026,57.23,58.425,57.23,57.96,995400
CBUS,02-Sep-2026,1.55,1.62,1.51,1.56,95000
CCAP,02-Sep-2026,10.47,10.58,10.38,10.4,301000
CCAQ,02-Sep-2026,10.55,10.62,10.49,10.545,5400
CCB,02-Sep-2026,47.6,48.8,47.07,48.52,174500
CCBG,02-Sep-2026,50.41,51.33,50.41,50.98,65300
CCC,02-Sep-2026,7.34,7.34,7.132,7.18,4738700
CCCC,02-Sep-2026,3.87,4.07,3.73,3.79,1835300
CCCT,02-Sep-2026,9.83,9.83,9.83,9.83,600
CCCTU,02-Sep-2026,9.93,9.9301,9.93,9.93,3100
CCD,02-Sep-2026,24.26,24.6,24.1,24.17,60700
CCEC,02-Sep-2026,22.59,22.67,22.565,22.65,5500
CCEP,02-Sep-2026,107.95,108.39,107.05,107.78,1325900
CCFE,02-Sep-2026,25.7,25.7,25.5873,25.5873,100
CCG,02-Sep-2026,15.31,17.155,15.31,15.47,27400
CCHH,02-Sep-2026,1.24,1.26,1.22,1.25,10600
CCII,02-Sep-2026,10.31,10.34,10.31,10.34,482200
CCIIW,02-Sep-2026,0.8,0.8,0.75,0.75,4500
CCLD,02-Sep-2026,2.26,2.3,2.22,2.24,256000
CCNE,02-Sep-2026,33.44,34.22,33.41,34.11,150700
CCNEP,02-Sep-2026,24.8,24.85,24.8,24.85,300
CCNR,02-Sep-2026,41.6748,42.02,41.6748,41.9752,1900
CCOI,02-Sep-2026,9,10.42,8.94,10.22,2646100
CCSB,02-Sep-2026,19.74,19.78,19.7,19.74,1000
CCSI,02-Sep-2026,36.13,36.93,33.3,33.59,389600
CCSO,02-Sep-2026,25.75,25.93,25.75,25.9037,2000
CCTG,02-Sep-2026,0.6406,0.69,0.6254,0.6331,15300
CCXI,02-Sep-2026,13.22,13.5891,13.15,13.26,932800
CCXIU,02-Sep-2026,14.5,14.5,14.5,14.5,500
CCXIW,02-Sep-2026,6.6,6.6,6.5,6.5,900
CD,02-Sep-2026,3.08,3.24,3.01,3.2,231700
CDC,02-Sep-2026,76.52,77.1827,76.39,76.8987,6900
CDIG,02-Sep-2026,26.73,27.21,26.73,27.186,2800
CDIO,02-Sep-2026,1.81,1.89,1.81,1.84,17700
CDL,02-Sep-2026,79.75,80.4101,79.745,80.2413,10700
CDLX,02-Sep-2026,3.68,3.84,3.64,3.72,26700
CDNA,02-Sep-2026,49.55,51.37,48.4,49.6,826200
CDNL,02-Sep-2026,36.84,36.99,35.11,35.44,532100
CDNS,02-Sep-2026,312.62,313.21,303.66,306.67,2561100
CDRO,02-Sep-2026,9,9,8.54,8.7,23300
CDT,02-Sep-2026,1.15,1.2,0.9,0.9101,1295300
CDTG,02-Sep-2026,0.9768,1.0199,0.9511,0.9632,199200
CDTTW,02-Sep-2026,0.0109,0.0109,0.0108,0.0108,200
CDW,02-Sep-2026,151.99,153.76,148.53,148.67,1440600
CDXS,02-Sep-2026,1.52,1.59,1.47,1.475,998000
CDZI,02-Sep-2026,4,4.115,3.925,4.07,681100
CDZIP,02-Sep-2026,22.11,22.11,21.92,21.96,2600
CECO,02-Sep-2026,70.61,72.88,69.73,71.11,683900
CEFA,02-Sep-2026,41.31,42.25,41.26,41.38,1800
CEG,02-Sep-2026,280,290.81,277.88,290.04,2930800
CELC,02-Sep-2026,93.61,96.94,92.13,96.2,819100
CELH,02-Sep-2026,30.75,31.67,30.61,31.29,6326200
CELU,02-Sep-2026,1.88,1.96,1.69,1.86,654700
CELZ,02-Sep-2026,1.1,1.15,1.1,1.13,94500
CENN,02-Sep-2026,4.19,4.2,3.9,3.91,188000
CENT,02-Sep-2026,42.34,42.8373,42.07,42.33,52600
CENTA,02-Sep-2026,36.43,37.125,34.9103,36.64,362700
CENX,02-Sep-2026,47.42,48.17,46.92,47.28,1490900
CEPF,02-Sep-2026,10.39,10.39,10.34,10.39,7800
CEPI,02-Sep-2026,30.47,30.9499,30.278,30.8953,33000
CEPL,02-Sep-2026,5.65,5.855,5.5,5.52,367400
CEPO,02-Sep-2026,10.76,10.76,10.75,10.76,7500
CERS,02-Sep-2026,2.63,2.69,2.56,2.6,1574900
CERT,02-Sep-2026,8.1,8.415,8.1,8.28,1525500
CETX,02-Sep-2026,2.54,2.57,2.5,2.52,19800
CETY,02-Sep-2026,1.04,1.13,1.04,1.11,58600
CEVA,02-Sep-2026,25.88,26.29,25.4,26.25,710600
CFA,02-Sep-2026,99.89,100.455,99.89,100.2786,4300
CFBK,02-Sep-2026,34.67,35.46,34.67,35.06,45100
CFFI,02-Sep-2026,91,93.59,91,91.61,33000
CFFN,02-Sep-2026,8.62,8.76,8.575,8.69,784900
CFO,02-Sep-2026,80.94,81.35,80.94,81.2703,2900
CG,02-Sep-2026,46.54,47.735,46.22,47.14,3154400
CGABL,02-Sep-2026,15.96,16.13,15.96,16.06,9800
CGBD,02-Sep-2026,11.59,11.735,11.5,11.56,348800
CGC,02-Sep-2026,0.9775,0.9936,0.9643,0.9681,1891800
CGCF,02-Sep-2026,9.84,9.84,9.84,9.84,1700
CGCFU,02-Sep-2026,9.98,9.98,9.95,9.965,2600
CGEM,02-Sep-2026,21.88,22.79,21.75,22.33,769600
CGEN,02-Sep-2026,2.56,2.63,2.555,2.63,127900
CGNT,02-Sep-2026,8.4,8.465,8.255,8.42,707600
CGNX,02-Sep-2026,60.37,61.355,59.585,59.94,1575400
CGO,02-Sep-2026,13.01,13.2393,13.01,13.05,12900
CGON,02-Sep-2026,76.84,79.23,73.89,74.59,663800
CGPT,02-Sep-2026,18.3399,18.355,18.3399,18.355,300
CGTL,02-Sep-2026,4.63,4.7,4.17,4.45,82800
CGTX,02-Sep-2026,1.01,1.07,1.005,1.05,378400
CHA,02-Sep-2026,11.92,11.92,11.58,11.61,876900
CHAI,02-Sep-2026,0.3316,0.3357,0.31,0.3182,1618700
CHAR,02-Sep-2026,10.935,10.95,10.935,10.95,500
CHCI,02-Sep-2026,20.62,20.74,19.98,20.02,23500
CHCO,02-Sep-2026,142.93,144.905,142.495,144,116100
CHDN,02-Sep-2026,87.23,90.21,86.935,89.18,1170800
CHEC,02-Sep-2026,10.24,10.24,10.24,10.24,500
CHEF,02-Sep-2026,115.67,116.64,112.89,113.43,928400
CHGA,02-Sep-2026,2.61,2.64,2.415,2.45,46500
CHGX,02-Sep-2026,33.34,33.34,33.3244,33.3244,1400
CHI,02-Sep-2026,12.42,12.66,12.35,12.41,139000
CHKP,02-Sep-2026,135.55,137.31,132.855,133.89,1039500
CHMG,02-Sep-2026,81.37,84.74,79.9501,83.9,104500
CHNR,02-Sep-2026,3.84,4.04,3.82,3.9,14000
CHPGR,02-Sep-2026,0.1,0.1,0.1,0.1,300
CHPS,02-Sep-2026,80.59,80.7741,79.865,80.5428,11500
CHPX,02-Sep-2026,91.4,91.73,90.69,91.6994,16100
CHR,02-Sep-2026,1.825,1.825,1.75,1.77,4600
CHRD,02-Sep-2026,149.43,151.28,148.94,149.58,503800
CHRI,02-Sep-2026,90.865,90.865,90.8462,90.8462,800
CHRN,02-Sep-2026,17.6,19.35,17.55,19.01,110500
CHRS,02-Sep-2026,1.37,1.435,1.355,1.42,621400
CHRW,02-Sep-2026,147.92,148.05,145,145.2,1082000
CHSCL,02-Sep-2026,25.45,25.47,25.36,25.3684,19800
CHSCM,02-Sep-2026,24.25,24.439,24.25,24.3185,9900
CHSCN,02-Sep-2026,25.16,25.23,25.15,25.18,6600
CHSCO,02-Sep-2026,25.95,26.0174,25.77,25.9,7400
CHSCP,02-Sep-2026,26.69,26.69,26.6638,26.6716,2400
CHSN,02-Sep-2026,1.02,1.0792,1,1.05,17000
CHTR,02-Sep-2026,147.67,159.87,147.67,158.97,2903600
CHTRP,02-Sep-2026,23,23,22.77,22.77,4000
CHW,02-Sep-2026,8.35,8.58,8.35,8.55,284500
CHY,02-Sep-2026,12.76,12.76,12.63,12.675,99000
CHYM,02-Sep-2026,31.89,33.465,31.52,33.41,5948400
CIBR,02-Sep-2026,95.71,95.99,92.68,93.54,2576400
CIFG,02-Sep-2026,3.17,3.6454,3.145,3.5724,589300
CIFR,02-Sep-2026,14.33,15.33,14.18,15.18,21544000
CIGI,02-Sep-2026,99.87,99.87,96.12,97.77,209700
CIGL,02-Sep-2026,0.4324,0.4325,0.4015,0.4104,78400
CIIT,02-Sep-2026,2.88,2.94,2.87,2.87,16400
CINF,02-Sep-2026,170.39,172.66,170.39,171.69,537900
CING,02-Sep-2026,5.14,5.25,5.11,5.15,83500
CINGW,02-Sep-2026,0.006,0.0113,0.006,0.0113,10400
CIRC,02-Sep-2026,0.7012,0.7098,0.655,0.6566,341100
CISO,02-Sep-2026,0.221,0.23,0.2203,0.2251,38700
CISS,02-Sep-2026,1.53,1.54,1.38,1.4,425700
CIVB,02-Sep-2026,27.07,27.55,26.92,27.41,174600
CJMB,02-Sep-2026,2.09,2.19,2,2.17,247100
CLAR,02-Sep-2026,3.65,3.835,3.65,3.78,99000
CLBK,02-Sep-2026,11.53,11.7,11.45,11.65,3059300
CLBT,02-Sep-2026,11.86,11.97,11.4,11.62,2125500
CLDX,02-Sep-2026,39.43,40.55,39.01,39.48,476500
CLFD,02-Sep-2026,28.25,29.0461,28.17,28.72,110400
CLGN,02-Sep-2026,0.326,0.3487,0.2912,0.3433,2873700
CLIK,02-Sep-2026,1.43,1.46,1.36,1.37,32900
CLIR,02-Sep-2026,4.22,4.445,4.1,4.25,10700
CLLS,02-Sep-2026,3.32,3.34,3.2199,3.25,7300
CLMB,02-Sep-2026,28.05,28.16,27.12,27.41,156400
CLMT,02-Sep-2026,52.96,54.61,51.77,53.07,1435500
CLNE,02-Sep-2026,1.6,1.73,1.6,1.72,2462400
CLNN,02-Sep-2026,4.1,4.28,3.88,4.16,107500
CLOA,02-Sep-2026,51.82,51.82,51.78,51.795,751100
CLOD,02-Sep-2026,34.0112,34.186,34.0112,34.186,800
CLOU,02-Sep-2026,27.71,27.9,27.32,27.44,325200
CLOV,02-Sep-2026,4.295,4.365,4.225,4.3,3322500
CLPS,02-Sep-2026,1.07,1.09,1.06,1.08,7700
CLPT,02-Sep-2026,15.54,15.98,14.27,14.31,803800
CLRB,02-Sep-2026,2.46,2.5,2.42,2.43,48700
CLRO,02-Sep-2026,5.05,5.21,5.05,5.1,11800
CLSK,02-Sep-2026,10.89,11.39,10.77,11.33,10457700
CLSKW,02-Sep-2026,0.2699,0.2699,0.245,0.245,62800
CLSM,02-Sep-2026,27.2201,27.25,27.2201,27.2469,1100
CLST,02-Sep-2026,17.625,17.625,17.51,17.51,2000
CLWT,02-Sep-2026,1.65,1.68,1.6208,1.635,3900
CLYM,02-Sep-2026,14.79,15.29,14.4,15.05,2214600
CMBO,02-Sep-2026,103.43,103.435,103.43,103.435,1400
CMCO,02-Sep-2026,17.26,17.85,17.26,17.54,301100
CMCSA,02-Sep-2026,26.49,27.19,26.46,26.81,18891200
CMCT,02-Sep-2026,3.64,3.7,3.59,3.59,7100
CME,02-Sep-2026,285.61,286.14,275.63,277.77,2466700
CMMB,02-Sep-2026,2.73,2.84,2.71,2.73,47800
CMND,02-Sep-2026,1.85,1.8699,1.79,1.85,47200
CMPR,02-Sep-2026,87.76,91.33,87.76,90.78,139900
CMPS,02-Sep-2026,13.31,13.6,13,13.23,1927300
CMPX,02-Sep-2026,2.31,2.46,2.31,2.43,2539800
CMRC,02-Sep-2026,2.36,2.51,2.35,2.48,889100
CMTL,02-Sep-2026,1.57,1.61,1.5,1.5,451400
CMTV,02-Sep-2026,40.22,41.48,40.15,41.17,27300
CNCK,02-Sep-2026,2.07,2.1,1.99,2.06,24300
CNDT,02-Sep-2026,1.8,1.905,1.785,1.89,1250800
CNET,02-Sep-2026,1.27,1.29,1.25,1.29,5900
CNEY,02-Sep-2026,0.5779,0.5779,0.5306,0.5403,18700
CNL,02-Sep-2026,15.21,16.31,15.15,16.28,117600
CNOB,02-Sep-2026,31,31.8862,30.99,31.73,388800
CNOBP,02-Sep-2026,25.4999,25.4999,25.39,25.4,2900
CNQQ,02-Sep-2026,22.68,22.74,22.66,22.7125,16800
CNSP,02-Sep-2026,5.91,6.01,5.745,6.01,19600
CNSY,02-Sep-2026,2.74,2.94,2.74,2.94,61100
CNTB,02-Sep-2026,2.37,2.8584,2.37,2.76,2613100
CNTN,02-Sep-2026,2.26,2.305,2.04,2.08,718200
CNTX,02-Sep-2026,0.3701,0.3747,0.3508,0.3627,1317800
CNTY,02-Sep-2026,1.25,1.255,1.24,1.25,43600
CNVS,02-Sep-2026,2.38,2.39,2.28,2.28,103800
CNXC,02-Sep-2026,31.8,33.44,31.43,32.37,1163200
CNXN,02-Sep-2026,80.5,81.3899,79.96,80.97,107000
CNXU,02-Sep-2026,5.79,6.1,5.38,5.56,225300
COAG,02-Sep-2026,44.51,46.83,42.71,44.7,325200
COCH,02-Sep-2026,0.7272,0.7272,0.682,0.689,57500
COCHW,02-Sep-2026,0.0306,0.045,0.0306,0.0402,24200
COCO,02-Sep-2026,58.04,58.68,56.84,57.69,999100
COCP,02-Sep-2026,1.15,1.17,1.11,1.16,56600
CODA,02-Sep-2026,10.11,10.12,9.8235,9.98,175400
CODX,02-Sep-2026,1.19,1.22,1.14,1.16,70400
COFS,02-Sep-2026,33.23,33.95,33.06,33.73,95100
COGT,02-Sep-2026,35.18,35.82,34.01,34.57,1181700
COHU,02-Sep-2026,43.83,45.83,43.265,45.75,1081500
COIG,02-Sep-2026,5.21,5.478,5.11,5.2761,116700
COIN,02-Sep-2026,174.3,178.7221,172.03,174.96,5264000
COKE,02-Sep-2026,193.45,197.85,189.87,195.26,354400
COLA,02-Sep-2026,10.6,10.69,10.6,10.675,70800
COLAR,02-Sep-2026,0.52,0.53,0.499,0.5095,14800
COLB,02-Sep-2026,29.44,30.405,29.44,30.08,3838600
COLL,02-Sep-2026,24.15,24.815,23.84,24.3,852600
COLM,02-Sep-2026,56.81,57.64,56.5,56.86,577800
COMT,02-Sep-2026,35.8,36.0399,35.67,35.95,655800
CONI,02-Sep-2026,33,33.8,31.47,32.71,165300
CONL,02-Sep-2026,5.36,5.62,5.21,5.39,11587600
CONX,02-Sep-2026,6.49,6.81,6.46,6.5598,101200
COO,02-Sep-2026,69.31,71.07,69.28,69.73,1583300
COOL,02-Sep-2026,20.7,20.71,20.61,20.7026,6500
COOT,02-Sep-2026,0.5301,0.59,0.5064,0.5257,571300
COOTW,02-Sep-2026,0.019,0.019,0.019,0.019,100
COPJ,02-Sep-2026,45.27,46.57,45.19,45.52,30600
COPP,02-Sep-2026,43.64,44.39,43.135,43.5037,118800
CORO,02-Sep-2026,36.61,36.88,36.6067,36.84,739100
CORT,02-Sep-2026,113.38,115.78,108.725,110.43,960800
CORZ,02-Sep-2026,15.88,16.85,15.715,16.81,12983700
CORZW,02-Sep-2026,9.12,10.21,9.12,10.17,122600
CORZZ,02-Sep-2026,15.84,16.76,15.84,16.7,4600
COSM,02-Sep-2026,0.224,0.2355,0.2161,0.2243,1391600
COST,02-Sep-2026,938.49,938.88,920.3102,928.48,2166300
COTG,02-Sep-2026,12.52,12.52,11.99,12.2044,83700
COWG,02-Sep-2026,39.57,39.57,39.2291,39.42,160800
COWS,02-Sep-2026,40.21,40.21,39.9599,39.9966,5800
COYA,02-Sep-2026,4.53,4.6485,4.39,4.42,61900
COYY,02-Sep-2026,16.06,16.255,15.99,16.01,11400
CPAG,02-Sep-2026,101.21,101.25,101.185,101.2269,3200
CPB,02-Sep-2026,23.8,24.13,23.72,23.78,6883600
CPBI,02-Sep-2026,20.98,20.98,20.98,20.98,1600
CPHC,02-Sep-2026,15.91,15.91,15.91,15.91,700
CPHY,02-Sep-2026,51.74,51.7401,51.7,51.7185,900
CPIX,02-Sep-2026,6.67,6.76,6.28,6.52,56600
CPLS,02-Sep-2026,34.39,34.4,34.36,34.3972,3800
CPOP,02-Sep-2026,0.3031,0.31,0.2902,0.307,425100
CPRT,02-Sep-2026,32.375,32.485,31.894,32.16,6512800
CPSH,02-Sep-2026,3.64,3.75,3.6,3.7,105900
CPSS,02-Sep-2026,9.39,9.73,9.27,9.29,42200
CPTL,02-Sep-2026,48.495,48.495,48.45,48.4586,2500
CPZ,02-Sep-2026,13.2,13.35,13.05,13.14,59100
CRACR,02-Sep-2026,0.135,0.1474,0.135,0.1474,300
CRAI,02-Sep-2026,172.45,174.63,170.025,170.98,255600
CRAN,02-Sep-2026,10.14,10.14,10.14,10.14,331900
CRANR,02-Sep-2026,0.19,0.2,0.17,0.2,19900
CRAQ,02-Sep-2026,10.38,10.38,10.38,10.38,129800
CRAQR,02-Sep-2026,0.1555,0.16,0.1555,0.16,375300
CRBP,02-Sep-2026,11.27,11.56,10.6,11.48,664400
CRBU,02-Sep-2026,1.55,1.625,1.55,1.6,770600
CRCG,02-Sep-2026,14.6,15.3,14.0305,14.92,1821300
CRCT,02-Sep-2026,5.93,5.98,5.7,5.76,754100
CRDF,02-Sep-2026,1.04,1.09,1.01,1.06,701800
CRDL,02-Sep-2026,2.16,2.235,2.095,2.17,2175100
CRDO,02-Sep-2026,188.63,190.57,161.95,165.22,30111800
CRE,02-Sep-2026,2.99,3.2,2.94,2.95,40500
CRESY,02-Sep-2026,11.76,12.25,11.61,12.2,437800
CREX,02-Sep-2026,2.95,2.95,2.615,2.64,50300
CRGO,02-Sep-2026,1.295,1.295,1.22,1.22,25800
CRGOW,02-Sep-2026,0.0426,0.0427,0.0421,0.0422,1100
CRIS,02-Sep-2026,1.46,1.4754,1.38,1.38,85200
CRMD,02-Sep-2026,8.4,8.62,8.33,8.61,1102000
CRMG,02-Sep-2026,10.22,10.63,9.78,10.05,1523300
CRML,02-Sep-2026,7,7.4,6.9,7.3,5844700
CRMLW,02-Sep-2026,2.58,2.6,2.5,2.595,15300
CRMT,02-Sep-2026,2.25,2.32,2.21,2.23,91200
CRMU,02-Sep-2026,2.19,2.4,2.12,2.3378,283300
CRNC,02-Sep-2026,8.46,8.61,8.2934,8.51,528000
CRNT,02-Sep-2026,2.04,2.08,2.032,2.07,287300
CROB,02-Sep-2026,22.28,22.28,22.2,22.205,1900
CRON,02-Sep-2026,3.36,3.4,3.23,3.24,855100
CROX,02-Sep-2026,115.48,118.32,115.04,115.79,784600
CRSP,02-Sep-2026,57.13,58.9627,55.5919,56.92,911100
CRSR,02-Sep-2026,11.78,12.14,11.7399,12.1,1071300
CRTO,02-Sep-2026,17.43,18.335,17.3832,18.3,257100
CRUS,02-Sep-2026,109.3,114.525,109.3,113.06,1271800
CRVL,02-Sep-2026,69.5,71.33,69.5,70.39,161200
CRVO,02-Sep-2026,2.55,2.65,2.55,2.64,134500
CRVS,02-Sep-2026,14.38,14.82,13.87,14.2,619800
CRWD,02-Sep-2026,214.22,214.85,200.6,203.42,12385900
CRWG,02-Sep-2026,16.26,17.18,16,16.56,695800
CRWL,02-Sep-2026,72.25,72.25,62.565,64.5292,330700
CRWS,02-Sep-2026,2.8,2.835,2.71,2.73,141800
CRWV,02-Sep-2026,80.09,82.53,79.58,80.93,15574700
CRY,02-Sep-2026,17.27,17.27,17.23,17.25,9000
CSAI,02-Sep-2026,5.13,5.1306,4.91,5.045,7400
CSB,02-Sep-2026,66.32,66.61,66.27,66.3626,6000
CSBR,02-Sep-2026,5.1499,5.2399,5,5.15,9200
CSCL,02-Sep-2026,52.95,52.95,51,52.13,22500
CSCO,02-Sep-2026,110.315,110.51,108.395,109.455,11371800
CSCS,02-Sep-2026,13.84,14.09,13.84,13.9795,34600
CSEN,02-Sep-2026,25.935,26.17,25.495,25.9909,79500
CSGP,02-Sep-2026,31.965,32.65,31.202,31.26,5170200
CSHR,02-Sep-2026,5.66,5.8,5.53,5.6,234100
CSIQ,02-Sep-2026,12.67,13.395,12.62,13.36,2552400
CSPI,02-Sep-2026,8,8.28,7.94,7.94,17900
CSQ,02-Sep-2026,20.88,20.95,20.8,20.89,133100
CSTE,02-Sep-2026,3.06,3.07,2.95,3,44900
CSTL,02-Sep-2026,33.36,34.73,32.69,33.42,200200
CSWC,02-Sep-2026,24.96,25.0947,24.71,24.74,530400
CSX,02-Sep-2026,48.83,48.85,47.91,48.65,9864800
CTAS,02-Sep-2026,200.59,200.61,197.57,198.09,2173200
CTBI,02-Sep-2026,76.3,77.44,75.89,77.06,104900
CTEC,02-Sep-2026,56.065,56.2722,56.065,56.2722,700
CTKB,02-Sep-2026,4.66,4.78,4.58,4.69,564600
CTMX,02-Sep-2026,3.72,3.885,3.69,3.72,6497400
CTNM,02-Sep-2026,16.64,17.31,16.585,17.24,298600
CTNT,02-Sep-2026,1.29,1.305,1.26,1.27,65000
CTOR,02-Sep-2026,0.735,0.8,0.7252,0.7777,12100
CTRM,02-Sep-2026,2.34,2.3698,2.254,2.29,10300
CTRN,02-Sep-2026,68.95,68.95,66.97,67.5,139200
CTSH,02-Sep-2026,63.31,64.04,62.71,63.4,5852100
CTSO,02-Sep-2026,0.361,0.4717,0.333,0.3838,5798500
CTW,02-Sep-2026,2.65,2.74,2.41,2.48,21100
CTXR,02-Sep-2026,0.563,0.5899,0.563,0.5795,223900
CUB,02-Sep-2026,10.87,10.8976,10.86,10.88,215000
CUBWW,02-Sep-2026,0.1601,0.18,0.15,0.1648,33400
CUE,02-Sep-2026,28.32,28.93,25.04,26.96,127800
CULP,02-Sep-2026,3.33,3.3584,3.25,3.27,35800
CUPR,02-Sep-2026,2.85,3.26,2.62,2.79,72100
CURI,02-Sep-2026,2.825,2.93,2.795,2.92,1168600
CURR,02-Sep-2026,3.39,4.08,3.35,4.01,2485800
CURX,02-Sep-2026,4.4,4.6,4.22,4.545,7300
CUVL,02-Sep-2026,6.25,6.4,6.2,6.2,34400
CV,02-Sep-2026,5.88,6.05,5.88,5.93,58600
CVBF,02-Sep-2026,21.96,22.415,21.93,22.29,1037900
CVCO,02-Sep-2026,553.68,566.93,546.12,561.85,93100
CVGI,02-Sep-2026,3.12,3.2,3.095,3.13,180600
CVKD,02-Sep-2026,1.4,1.53,1.28,1.33,394300
CVLT,02-Sep-2026,129.2,132.42,125.895,131.555,611100
CVRX,02-Sep-2026,3.06,3.16,2.962,3.07,530000
CVV,02-Sep-2026,6.54,6.78,6.54,6.61,35600
CWBC,02-Sep-2026,25.92,26.35,25.72,26.24,144300
CWCO,02-Sep-2026,29.19,29.242,28.84,28.97,80400
CWD,02-Sep-2026,0.5099,0.51,0.49,0.5037,209900
CWST,02-Sep-2026,92.66,94.9,91.91,93.4,458300
CWY,02-Sep-2026,15.88,15.91,15.83,15.83,3600
CXAI,02-Sep-2026,3.5,3.615,3.33,3.59,56300
CXAIW,02-Sep-2026,0.03,0.035,0.03,0.034,13200
CXDO,02-Sep-2026,5.91,6,5.84,5.93,439900
CXII,02-Sep-2026,10.75,10.775,10.75,10.775,50400
CXIIW,02-Sep-2026,2.25,2.25,2.25,2.25,300
CXSE,02-Sep-2026,37.14,37.22,37.12,37.1709,25600
CYAB,02-Sep-2026,0.46,0.4849,0.4036,0.4307,1230200
CYCN,02-Sep-2026,4.13,4.63,3.9832,4.52,114200
CYCU,02-Sep-2026,3.025,3.21,2.9026,3.03,283800
CYN,02-Sep-2026,0.9901,0.9997,0.97,0.97,122800
CYPH,02-Sep-2026,1.7,1.78,1.6,1.68,4624700
CYRX,02-Sep-2026,15.61,16.16,15.56,15.78,420100
CYTK,02-Sep-2026,71.9,73.7,70.42,71.93,1605600
CZFS,02-Sep-2026,80.68,83.04,80.1,82.6,35300
CZNC,02-Sep-2026,25.45,26.1099,25.38,25.83,77400
CZR,02-Sep-2026,29.67,29.725,29.66,29.69,2663100
CZWI,02-Sep-2026,20.94,21.63,20.94,21.47,68200
DAAQ,02-Sep-2026,10.41,10.44,10.41,10.44,404100
DAAQU,02-Sep-2026,10.5,11,10.5,11,2600
DAAQW,02-Sep-2026,0.1899,0.1899,0.15,0.1868,1200
DADS,02-Sep-2026,19.74,19.79,19.7,19.77,2500
DAIC,02-Sep-2026,3.35,4.01,2.8,3.045,2489100
DAICW,02-Sep-2026,0.0127,0.0128,0.0064,0.0098,127500
DAIO,02-Sep-2026,2.905,2.9738,2.82,2.82,16200
DAK,02-Sep-2026,29.81,29.83,29.7439,29.7439,15400
DAKT,02-Sep-2026,21.5,21.82,18.99,19.13,2857900
DALI,02-Sep-2026,29.12,29.2633,29.12,29.2633,9600
DAPP,02-Sep-2026,18.29,18.85,18.1323,18.83,346500
DARE,02-Sep-2026,0.78,0.797,0.74,0.74,249000
DASH,02-Sep-2026,225.73,227.58,222.11,226.24,3389800
DAVE,02-Sep-2026,338.3,373.04,338.3,372.85,335800
DAVEW,02-Sep-2026,1.4,1.79,1.4,1.79,45000
DAX,02-Sep-2026,46.5,46.535,46.33,46.4138,23900
DBCA,02-Sep-2026,10.03,10.03,10.025,10.03,2600
DBCAW,02-Sep-2026,0.388,0.388,0.388,0.388,81800
DBGI,02-Sep-2026,4.99,4.99,4,4.47,192300
DBVT,02-Sep-2026,13.69,13.97,13.4,13.61,185600
DBX,02-Sep-2026,34.05,34.73,33.7802,34.5,3458800
DCBO,02-Sep-2026,25.33,25.495,24.7488,25.02,69400
DCGO,02-Sep-2026,0.3851,0.4127,0.371,0.4014,618900
DCOY,02-Sep-2026,3.0661,3.082,2.9228,2.98,9700
DCTH,02-Sep-2026,16.39,16.781,16.315,16.58,448600
DCX,02-Sep-2026,0.7022,0.7246,0.6525,0.719,163800
DDI,02-Sep-2026,12.7,12.83,12.6202,12.79,82700
DDIV,02-Sep-2026,45.61,45.8499,45.61,45.6284,1500
DDOG,02-Sep-2026,219.46,219.79,208.22,209.23,6173900
DECO,02-Sep-2026,68.05,69.0796,68.05,69.0796,500
DEFT,02-Sep-2026,0.6691,0.6691,0.6211,0.6493,1755100
DEMZ,02-Sep-2026,47.44,47.55,47.18,47.3697,1300
DERM,02-Sep-2026,7.59,7.87,7.55,7.77,106100
DETX,02-Sep-2026,3.5,3.5608,3.43,3.5608,6600
DFDV,02-Sep-2026,5.11,5.41,4.85,5.22,1679800
DFDVW,02-Sep-2026,0.75,0.7999,0.6515,0.6603,8200
DFGP,02-Sep-2026,53.07,53.119,53,53.1008,243200
DFGX,02-Sep-2026,51.74,51.77,51.6901,51.715,192100
DFLI,02-Sep-2026,1.05,1.05,1,1.01,313900
DFLIW,02-Sep-2026,0.0261,0.0261,0.021,0.023,44100
DFNS,02-Sep-2026,9.72,9.9845,8.5101,9.26,605700
DFNSW,02-Sep-2026,0.0688,0.077,0.0294,0.0534,231600
DFSC,02-Sep-2026,1.61,1.66,1.52,1.56,95600
DFTX,02-Sep-2026,38.5,40.065,38.1,38.9,1429200
DGCB,02-Sep-2026,52.94,52.98,52.86,52.9693,126500
DGICA,02-Sep-2026,19.34,19.54,19.17,19.35,107400
DGICB,02-Sep-2026,23.79,23.79,23.79,23.79,700
DGII,02-Sep-2026,71.8,72.69,69.4,69.61,581700
DGLO,02-Sep-2026,23.76,23.785,23.725,23.725,300
DGNX,02-Sep-2026,1.18,1.39,1.17,1.36,922300
DGRE,02-Sep-2026,40.68,40.8199,40.5,40.74,6400
DGRS,02-Sep-2026,58.79,59.3929,58.79,59.1357,10700
DGRW,02-Sep-2026,98.59,99.35,98.5632,99.17,375900
DGXX,02-Sep-2026,3.44,3.465,3.34,3.43,1388700
DH,02-Sep-2026,1.02,1.22,1.02,1.04,8723400
DHC,02-Sep-2026,7.67,7.8,7.5499,7.65,1191800
DHCNI,02-Sep-2026,18.57,18.58,18.36,18.39,7600
DHCNL,02-Sep-2026,19.02,19.095,18.95,19.095,1900
DIBS,02-Sep-2026,4.43,4.64,4.36,4.6,136600
DIME,02-Sep-2026,8.285,8.3872,8.285,8.3872,1200
DINE,02-Sep-2026,25.07,25.07,25.07,25.07,100
DIOD,02-Sep-2026,87.72,90.15,85.774,90.03,657700
DIVD,02-Sep-2026,45.05,45.135,45.01,45.0841,12100
DJCO,02-Sep-2026,612.31,625.1899,594.83,617.54,66400
DJT,02-Sep-2026,9.04,9.47,8.98,9.14,3250400
DJTWW,02-Sep-2026,4.8,4.87,4.69,4.84,16400
DKI,02-Sep-2026,3.13,3.2497,2.75,2.87,103800
DKNG,02-Sep-2026,23.88,24.88,23.7767,24.21,10648300
DLCU,02-Sep-2026,49.5879,49.5879,49.5879,49.5879,100
DLHC,02-Sep-2026,4.39,4.45,4.32,4.32,5900
DLLL,02-Sep-2026,25.4,28.93,22.3091,28.33,13559500
DLO,02-Sep-2026,14.82,15.59,14.8,15.57,2882700
DLPN,02-Sep-2026,1.111,1.18,1.111,1.17,17600
DLTH,02-Sep-2026,3.69,3.86,3.51,3.62,156300
DLTR,02-Sep-2026,131.83,134.99,130.4069,131.91,1250500
DLXY,02-Sep-2026,0.3851,0.45,0.37,0.44,528400
DMAA,02-Sep-2026,10.755,10.765,10.75,10.76,18200
DMAAR,02-Sep-2026,0.1101,0.1276,0.11,0.1175,15700
DMAC,02-Sep-2026,6.6,6.9353,6.59,6.75,175900
DMII,02-Sep-2026,10.17,10.185,10.16,10.17,25300
DMIIR,02-Sep-2026,0.0978,0.0978,0.07,0.07,22400
DMLP,02-Sep-2026,29.24,29.6,29,29.29,98400
DMRA,02-Sep-2026,28.36,29.38,27.815,28.18,462900
DMRC,02-Sep-2026,5.5,5.6,5.26,5.43,106100
DMXF,02-Sep-2026,85.91,86.2792,85.91,86.24,12600
DNLI,02-Sep-2026,23.33,23.86,22.53,22.85,1768600
DNMX,02-Sep-2026,10.08,10.08,10.08,10.08,25300
DNMXU,02-Sep-2026,10.16,10.16,10.16,10.16,200
DNMXW,02-Sep-2026,0.2301,0.2301,0.23,0.23,1100
DNTH,02-Sep-2026,107.69,110.44,103.13,106.24,565300
DNUT,02-Sep-2026,3.35,3.53,3.35,3.48,2150900
DOCU,02-Sep-2026,64.85,65.81,64.18,65.39,2727800
DOGZ,02-Sep-2026,1,1.02,0.98,0.98,10600
DOMH,02-Sep-2026,2.25,2.28,2.17,2.19,123900
DOMO,02-Sep-2026,3.69,3.7564,3.67,3.69,739100
DOO,02-Sep-2026,62.38,64.28,62.14,63.3,264200
DORM,02-Sep-2026,128.05,129.74,124.44,128.54,279100
DOX,02-Sep-2026,62.34,63.395,62.25,62.46,830600
DOYU,02-Sep-2026,4.32,4.34,4.29,4.3,10900
DPRO,02-Sep-2026,5.38,5.72,5.36,5.69,2076300
DPU,02-Sep-2026,1.99,2.1,1.9001,2.0887,2800
DPZ,02-Sep-2026,343.02,350.86,338.72,346.68,692300
DRCT,02-Sep-2026,1.92,1.98,1.9,1.91,14200
DRDB,02-Sep-2026,10.68,10.68,10.66,10.66,10100
DRDBW,02-Sep-2026,0.1701,0.1701,0.17,0.17,800
DRH,02-Sep-2026,12.11,12.36,12.055,12.29,2956200
DRIO,02-Sep-2026,7.0799,7.62,7.0799,7.3,79700
DRIV,02-Sep-2026,33.82,34.1839,33.81,34.0959,49600
DRMA,02-Sep-2026,1.31,1.31,1.25,1.28,55100
DRNZ,02-Sep-2026,20.64,20.81,20.52,20.78,69100
DRS,02-Sep-2026,37.7,38.08,36.86,37.02,894700
DRTS,02-Sep-2026,14.24,14.6477,13.875,14.33,372400
DRTSW,02-Sep-2026,3.58,3.83,3.46,3.76,29900
DRUG,02-Sep-2026,71.42,73.33,70.865,71.12,67000
DRVN,02-Sep-2026,12.88,13.085,12.76,12.88,1489200
DSAC,02-Sep-2026,10.155,10.155,10.155,10.155,600
DSC,02-Sep-2026,7.95,8.285,7.51,7.9,101900
DSGN,02-Sep-2026,15.25,15.75,15.17,15.53,1003300
DSGR,02-Sep-2026,34.68,34.8,34.63,34.66,577100
DSGX,02-Sep-2026,79.92,81.11,78.175,78.49,582100
DSP,02-Sep-2026,12.62,13.36,12.59,13.12,226700
DSWL,02-Sep-2026,3.03,3.1,3.03,3.1,10700
DSY,02-Sep-2026,3.83,4.0189,3.83,3.93,9900
DSYWW,02-Sep-2026,0.0162,0.0162,0.0162,0.0162,600
DTCR,02-Sep-2026,27.49,27.5,27.17,27.44,567200
DTCX,02-Sep-2026,1.99,2.03,1.88,1.88,279900
DTI,02-Sep-2026,2.59,2.6499,2.585,2.61,59100
DTIL,02-Sep-2026,7.66,7.82,7.24,7.45,358900
DTSQR,02-Sep-2026,0.1002,0.1026,0.1002,0.1026,400
DTSS,02-Sep-2026,0.63,0.7456,0.62,0.66,29300
DTST,02-Sep-2026,3.045,3.045,2.95,2.96,5800
DUKH,02-Sep-2026,23.755,23.79,23.73,23.7638,9400
DUKR,02-Sep-2026,5.82,5.82,5.545,5.66,10600
DUKRW,02-Sep-2026,1.45,1.47,1.45,1.47,1500
DUKX,02-Sep-2026,29.01,29.0541,29.01,29.0541,400
DUO,02-Sep-2026,0.58,0.61,0.5503,0.5543,204400
DUOG,02-Sep-2026,65.25,65.7721,63.0201,65.7721,5100
DUOL,02-Sep-2026,156.24,158.4654,154.3,157.85,1302800
DUOT,02-Sep-2026,8.6,8.8,8.31,8.61,722200
DUSG,02-Sep-2026,51.67,51.78,51.67,51.7091,1100
DVAL,02-Sep-2026,16.57,16.5991,16.57,16.5991,800
DVGR,02-Sep-2026,26.845,26.8661,26.845,26.8661,3000
DVLT,02-Sep-2026,0.288,0.29,0.282,0.2854,10660300
DVLU,02-Sep-2026,40.395,40.635,40.395,40.5874,1900
DVOL,02-Sep-2026,36.42,36.42,36.26,36.2643,3800
DVQQ,02-Sep-2026,30.86,31,30.82,30.9841,1900
DVSP,02-Sep-2026,29.6581,29.6581,29.6581,29.6581,100
DVY,02-Sep-2026,162.94,164.69,162.87,163.99,569100
DWAS,02-Sep-2026,107.96,108.5582,107.96,108.5582,2900
DWAW,02-Sep-2026,50.51,50.6496,50.51,50.6496,400
DWSH,02-Sep-2026,5.45,5.45,5.4,5.4236,700
DWSN,02-Sep-2026,3.38,3.53,3.14,3.32,290500
DWTX,02-Sep-2026,2.6,2.66,2.45,2.48,50400
DWUS,02-Sep-2026,59.3393,59.3393,59.222,59.222,800
DXCM,02-Sep-2026,90.03,91.9,89.5425,89.69,1918300
DXLG,02-Sep-2026,0.63,0.63,0.6,0.608,28300
DXPE,02-Sep-2026,183.57,186.255,179.29,180.48,138900
DXR,02-Sep-2026,10.3,10.89,10.08,10.74,25700
DXST,02-Sep-2026,2.49,2.63,2.49,2.55,23700
DYAI,02-Sep-2026,0.53,0.5562,0.5001,0.5242,124800
DYFI,02-Sep-2026,22.56,22.56,22.55,22.55,6800
DYN,02-Sep-2026,25.55,26.18,24.92,25.14,2181200
DYNB,02-Sep-2026,38.6238,38.63,38.6,38.6189,11800
DYNC,02-Sep-2026,10.9,10.905,10.89,10.9,50100
DYTA,02-Sep-2026,31.52,31.5201,31.52,31.52,1800
EART,02-Sep-2026,30.5,30.626,30.3443,30.5,5800
EASY,02-Sep-2026,27.34,27.47,27.3399,27.4002,5800
EBAY,02-Sep-2026,104.64,108.2,104.1025,106.7,4229500
EBC,02-Sep-2026,21.64,22.28,21.51,22.01,3011000
EBI,02-Sep-2026,67.57,67.5815,67.41,67.4486,7700
EBIZ,02-Sep-2026,29.39,29.53,29.39,29.53,800
EBMT,02-Sep-2026,22.28,22.78,22.21,22.51,48300
EBON,02-Sep-2026,2.3614,2.3614,2.3614,2.3614,1500
ECBK,02-Sep-2026,20.58,21.325,20.58,21.07,13600
ECHO,02-Sep-2026,86.74,87.72,85.74,86.69,2142800
ECHX,02-Sep-2026,7.48,7.69,7.39,7.5077,17200
ECOR,02-Sep-2026,9.09,9.63,8.75,9.51,82200
ECOW,02-Sep-2026,27.67,27.7599,27.61,27.725,16000
ECPG,02-Sep-2026,94.25,96.73,93.4201,96.55,552800
ECX,02-Sep-2026,1.05,1.07,1.03,1.06,458500
ECXWW,02-Sep-2026,0.0379,0.049,0.0322,0.0439,5100
EDBL,02-Sep-2026,1.48,1.5099,1.45,1.49,725800
EDBLW,02-Sep-2026,0.0585,0.0585,0.0585,0.0585,1000
EDHL,02-Sep-2026,4.4,4.69,4.08,4.1,525500
EDIT,02-Sep-2026,3.09,3.23,2.98,3.08,1678500
EDRY,02-Sep-2026,52,56.63,51.79,56.01,146400
EDSA,02-Sep-2026,4.81,5.0532,4.76,4.76,29800
EDTK,02-Sep-2026,0.902,0.902,0.8656,0.88,5900
EDUC,02-Sep-2026,1.33,1.355,1.32,1.34,72700
EEE,02-Sep-2026,22.39,22.39,22.3769,22.3769,100
EEFT,02-Sep-2026,68.03,73.46,68.03,72.965,954600
EEIQ,02-Sep-2026,2.89,2.89,2.75,2.75,6200
EEMA,02-Sep-2026,116.19,117.14,116.19,116.92,42000
EFAS,02-Sep-2026,23.14,23.14,23.02,23.08,52000
EFOI,02-Sep-2026,2.76,2.84,2.76,2.77,4200
EFRA,02-Sep-2026,35.1545,35.1545,35.1545,35.1545,100
EFSC,02-Sep-2026,63.15,64.21,63.06,63.64,300300
EFSCP,02-Sep-2026,18.67,18.71,18,18.48,2100
EFSI,02-Sep-2026,41.02,41.94,40.9,41.44,56800
EGAN,02-Sep-2026,7.33,7.33,7.11,7.23,136800
EGBN,02-Sep-2026,26.98,27.77,26.98,27.7,227100
EGGQ,02-Sep-2026,49.28,49.995,49.27,49.8504,3400
EGHT,02-Sep-2026,1.86,1.9039,1.81,1.84,1037600
EH,02-Sep-2026,4.44,4.56,4.4,4.52,559700
EHGO,02-Sep-2026,1.175,1.18,1.11,1.12,303500
EHLD,02-Sep-2026,10.15,11.9,10.15,11.9,24200
EHLS,02-Sep-2026,25.395,25.395,25.395,25.395,100
EHTH,02-Sep-2026,0.99,1.075,0.895,0.9508,799300
EIKN,02-Sep-2026,10.91,11.67,10.65,11.38,553400
EJH,02-Sep-2026,1.3028,1.3028,1.1912,1.2,19700
EKG,02-Sep-2026,22.09,22.09,21.83,21.9845,500
ELAB,02-Sep-2026,4.99,5.3581,4.97,5.09,77800
ELBM,02-Sep-2026,0.581,0.5984,0.5652,0.5692,376900
ELDN,02-Sep-2026,3.04,3.13,2.92,2.99,1224300
ELE,02-Sep-2026,20.76,21.52,20.76,21.31,265500
ELFY,02-Sep-2026,39.96,40.1285,39.65,40.1158,15900
ELIL,02-Sep-2026,28.49,29.46,28.09,28.1319,42000
ELMT,02-Sep-2026,15.72,16.11,15.35,15.86,223000
ELOG,02-Sep-2026,0.6575,0.705,0.6233,0.705,6600
ELOL,02-Sep-2026,22.2,22.2,21.25,21.9634,8300
ELOX,02-Sep-2026,14.8,16.5,14.71,15.84,57700
ELPW,02-Sep-2026,3.27,3.48,3.21,3.48,49900
ELTK,02-Sep-2026,7.8,8,7.6,7.6,2700
ELTX,02-Sep-2026,2.57,2.61,2.48,2.55,397600
ELUT,02-Sep-2026,0.8575,0.9398,0.84,0.8454,9400
ELVA,02-Sep-2026,6.59,6.6,6.405,6.47,472500
ELVN,02-Sep-2026,58.36,60.55,57.36,59.01,609900
ELVR,02-Sep-2026,59.8,60.32,59.42,60.32,14200
ELWT,02-Sep-2026,7.35,7.465,7.1,7.32,5200
EMAT,02-Sep-2026,3.5,3.7,3.33,3.42,531500
EMB,02-Sep-2026,94.15,94.2,94.095,94.15,7331100
EMBC,02-Sep-2026,5.27,5.695,5.27,5.69,1301600
EMCB,02-Sep-2026,65.62,65.685,65.13,65.685,1900
EMEM,02-Sep-2026,25.875,26.05,25.875,25.97,2100
EMEQ,02-Sep-2026,64.3,64.825,64.26,64.7495,39300
EMIF,02-Sep-2026,25.99,26.1178,25.99,26.1178,400
EMIS,02-Sep-2026,10.25,10.26,10.25,10.26,34800
EMISR,02-Sep-2026,0.1021,0.1021,0.0802,0.0802,2000
EML,02-Sep-2026,27.3,28.23,27.04,27.96,14600
EMPD,02-Sep-2026,3.7,3.7,3.13,3.18,484500
EMSC,02-Sep-2026,25.6417,25.8,25.6417,25.715,2800
EMXC,02-Sep-2026,98.06,98.68,97.89,98.67,1249000
EMXF,02-Sep-2026,57.61,57.69,57.61,57.6469,2700
ENDW,02-Sep-2026,35.15,35.3,35.15,35.28,2700
ENGN,02-Sep-2026,1.84,1.9188,1.835,1.89,1061700
ENGNW,02-Sep-2026,0.22,0.23,0.1999,0.22,15300
ENGS,02-Sep-2026,2.66,2.72,2.65,2.67,439400
ENHI,02-Sep-2026,27.415,27.415,27.415,27.415,100
ENHU,02-Sep-2026,28.5501,28.5501,28.5501,28.5501,100
ENLT,02-Sep-2026,76.5,76.75,75.5,76.48,117200
ENLV,02-Sep-2026,1.29,1.3,1.21,1.25,227500
ENPH,02-Sep-2026,35.47,36.1,34.45,35.52,5251300
ENRD,02-Sep-2026,4.83,4.83,4.35,4.46,133500
ENRDW,02-Sep-2026,0.42,0.4338,0.4,0.4122,10300
ENSC,02-Sep-2026,0.4,0.4475,0.3771,0.4428,1397600
ENSG,02-Sep-2026,173.61,174.01,171.96,172.7,220400
ENTA,02-Sep-2026,13.56,14.19,13.48,14.09,251700
ENTG,02-Sep-2026,129.66,132.19,126.605,131.31,1777800
ENTX,02-Sep-2026,2.9,3,2.84,2.92,143400
ENVB,02-Sep-2026,1.4,1.44,1.37,1.44,21200
ENVX,02-Sep-2026,3.33,3.39,3.3,3.33,3546400
ENZL,02-Sep-2026,47.61,47.9,47.5506,47.9,79900
EOLS,02-Sep-2026,9.04,9.13,8.93,9.06,773900
EOSE,02-Sep-2026,3.41,3.685,3.21,3.61,74685600
EOSEW,02-Sep-2026,2.95,3.35,2.95,3.2,10500
EPOW,02-Sep-2026,0.4361,0.4479,0.4051,0.4062,758600
EPRX,02-Sep-2026,6.4,7.47,6.33,7.45,749900
EPSM,02-Sep-2026,1.44,1.4691,1.41,1.4691,1500
EPSN,02-Sep-2026,6.28,6.52,6.255,6.31,205300
EQ,02-Sep-2026,2.2,2.305,2.18,2.25,101200
EQIX,02-Sep-2026,1018.43,1025.605,1002.24,1019.24,747700
EQPT,02-Sep-2026,17.63,18,17.36,17.81,2546500
EQQQ,02-Sep-2026,40.5,40.7846,40.5,40.7846,6600
EQRR,02-Sep-2026,86.695,87.29,86.695,87.1855,9000
ERAS,02-Sep-2026,16.97,17.45,15.78,16.37,5121400
ERET,02-Sep-2026,28.56,28.58,28.56,28.5741,500
ERIC,02-Sep-2026,9.96,10.06,9.92,10.04,7072200
ERIE,02-Sep-2026,257.11,263.249,253.955,258.41,218200
ERII,02-Sep-2026,7.75,7.76,7.53,7.58,947700
ERNA,02-Sep-2026,4.42,4.8042,4.4,4.54,23200
ERNAW,02-Sep-2026,0.0749,0.0769,0.0439,0.0699,8300
ESCA,02-Sep-2026,20.16,20.46,20.14,20.26,28600
ESEA,02-Sep-2026,77.38,77.46,76.0881,77.1,34100
ESGD,02-Sep-2026,105.63,106.05,105.595,106.03,172100
ESGE,02-Sep-2026,53.89,54.185,53.8701,54.17,341800
ESGU,02-Sep-2026,167.04,167.87,166.96,167.54,255100
ESLA,02-Sep-2026,0.7,0.725,0.69,0.69,17400
ESLT,02-Sep-2026,724.5,724.5,706.19,709.2,70000
ESMV,02-Sep-2026,31.82,31.82,31.7769,31.7769,1600
ESN,02-Sep-2026,20.52,20.5785,20.485,20.5174,204500
ESOA,02-Sep-2026,11.28,11.77,11.225,11.63,176100
ESPO,02-Sep-2026,95.89,96.45,95.84,96.21,19500
ESQ,02-Sep-2026,112.36,114.93,112.265,114.47,191200
ESTA,02-Sep-2026,70.85,75.08,70.85,74.92,591000
ETEC,02-Sep-2026,25.15,25.2563,25.15,25.2563,200
ETHA,02-Sep-2026,18.01,18.25,17.8995,18.05,24220700
ETHB,02-Sep-2026,30.74,31.1199,30.54,30.82,1056100
ETON,02-Sep-2026,61.15,62.91,59.59,61.96,577700
ETOR,02-Sep-2026,31.69,32.24,31.21,31.85,911500
ETS,02-Sep-2026,0.829,0.84,0.829,0.8301,4400
EU,02-Sep-2026,1.2,1.24,1.16,1.22,3251000
EUDA,02-Sep-2026,13.4,14.28,13.4,13.84,8100
EUDAW,02-Sep-2026,0.0224,0.0299,0.0223,0.0299,600
EUFN,02-Sep-2026,42.2,42.3055,42.06,42.24,1057200
EURK,02-Sep-2026,11.53,11.6,11.48,11.6,4500
EVAX,02-Sep-2026,3,3.1905,2.99,3.07,60600
EVCM,02-Sep-2026,8.08,8.095,7.74,7.93,182200
EVER,02-Sep-2026,24.83,25.7357,24.63,25.5,283000
EVGN,02-Sep-2026,0.5278,0.55,0.5278,0.5394,36400
EVGO,02-Sep-2026,1.27,1.2897,1.23,1.25,3898200
EVLV,02-Sep-2026,5.03,5.19,5.02,5.1,1730000
EVMT,02-Sep-2026,17.845,17.86,17.845,17.86,1000
EVO,02-Sep-2026,1.88,1.93,1.88,1.9,48200
EVOX,02-Sep-2026,10.14,10.15,10.13,10.13,64900
EVOXU,02-Sep-2026,10.28,10.28,10.28,10.28,1900
EVOXW,02-Sep-2026,0.42,0.42,0.42,0.42,37900
EVPF,02-Sep-2026,49.52,49.59,49.4201,49.5,41200
EVRG,02-Sep-2026,81.36,81.685,80.445,80.77,2360000
EVSD,02-Sep-2026,50.53,50.59,50.52,50.5773,162500
EVYM,02-Sep-2026,49.195,49.195,49.045,49.13,10700
EWAV,02-Sep-2026,9.88,9.88,9.88,9.88,26400
EWAVR,02-Sep-2026,0.16,0.17,0.16,0.17,75000
EWAVU,02-Sep-2026,10.4,10.405,10.01,10.04,5600
EWBC,02-Sep-2026,127.58,130.03,127.23,128.97,636700
EWJV,02-Sep-2026,47.9,48.54,47.9,48.46,337800
EWTX,02-Sep-2026,42.61,43.94,40.76,41.98,1003500
EWZS,02-Sep-2026,13.19,13.67,13.16,13.52,928500
EXC,02-Sep-2026,43.66,44.065,43.22,43.97,11922100
EXE,02-Sep-2026,99.79,100.11,99.05,99.32,2057200
EXEL,02-Sep-2026,57.21,59.11,56.695,58.53,2851400
EXFY,02-Sep-2026,2.44,2.48,2.38,2.46,567700
EXLS,02-Sep-2026,36.95,37.63,36.74,36.91,1394200
EXOZ,02-Sep-2026,6.59,6.79,6.45,6.79,900
EXPE,02-Sep-2026,306.67,314.75,305.05,308.06,1523700
EXPO,02-Sep-2026,70.44,70.725,69.26,70.03,435500
EXTR,02-Sep-2026,21.79,22.04,21.66,22.01,1104900
EXUS,02-Sep-2026,28.4901,28.62,28.4901,28.6045,700
EXYN,02-Sep-2026,2.94,3.1288,2.7182,2.87,182900
EXYNW,02-Sep-2026,0.6,0.6,0.6,0.6,200
EYE,02-Sep-2026,16.74,17.11,16.7,16.82,2608600
EYEG,02-Sep-2026,34.3391,34.3391,34.3391,34.3391,100
EYPT,02-Sep-2026,4.36,4.81,4.325,4.79,4716100
EZGO,02-Sep-2026,0.8868,0.8972,0.8502,0.8722,33700
EZMO,02-Sep-2026,26.41,26.42,26.38,26.42,21000
EZPW,02-Sep-2026,31.7,32.88,31.6,32.59,609000
EZRA,02-Sep-2026,2.77,2.93,2.73,2.73,35200
EZRO,02-Sep-2026,24.4,24.5507,24.4,24.5507,1300
FA,02-Sep-2026,20.14,20.475,19.895,20.07,1095000
FAAA,02-Sep-2026,50.25,50.32,50.22,50.26,61700
FAAR,02-Sep-2026,31.2695,31.34,31.235,31.2809,35300
FAB,02-Sep-2026,106.6,107.4416,106.6,106.9916,185800
FABC,02-Sep-2026,2.46,2.62,2.4301,2.54,106000
FAC,02-Sep-2026,4.78,5,4.77,4.95,253600
FACT,02-Sep-2026,10.7,10.705,10.7,10.7,3300
FACTW,02-Sep-2026,0.15,0.15,0.15,0.15,1000
FAD,02-Sep-2026,182,182.3646,181.14,182.1807,13600
FALN,02-Sep-2026,26.78,26.81,26.765,26.8,367300
FAMI,02-Sep-2026,0.118,0.5,0.1113,0.1501,872646200
FANG,02-Sep-2026,200.83,204.8495,200.71,203.42,1593000
FAST,02-Sep-2026,48.63,48.69,47.645,47.93,7321700
FATE,02-Sep-2026,2.43,2.505,2.38,2.45,1218900
FATN,02-Sep-2026,6.2,6.225,5.9,5.9,69900
FBDT,02-Sep-2026,0.76,0.8757,0.7501,0.835,1682600
FBGL,02-Sep-2026,0.3671,0.3789,0.3602,0.3652,47900
FBIO,02-Sep-2026,2.67,2.74,2.67,2.73,279700
FBIOP,02-Sep-2026,18.6,18.8,18.55,18.72,7100
FBIZ,02-Sep-2026,70.04,72.255,69.91,71.85,72300
FBL,02-Sep-2026,20.87,22.4383,20.76,21.9,1111300
FBLA,02-Sep-2026,15.67,15.79,15.62,15.71,179800
FBLG,02-Sep-2026,2.17,2.175,1.8649,1.95,639000
FBNC,02-Sep-2026,62.53,64.315,62.53,64.11,157400
FBOT,02-Sep-2026,38.41,38.5446,38.41,38.5446,10500
FBYD,02-Sep-2026,7.43,7.805,7.06,7.7,208400
FBYDW,02-Sep-2026,0.96,1.12,0.9347,1.12,3100
FBYY,02-Sep-2026,10.73,10.73,10.64,10.64,2700
FCA,02-Sep-2026,27.36,27.64,27.271,27.4897,1800
FCAL,02-Sep-2026,48.09,48.1,47.96,48.1,46800
FCAP,02-Sep-2026,61.49,63.49,61.05,63.37,15900
FCBC,02-Sep-2026,48.15,48.995,47.37,48.7,105200
FCCO,02-Sep-2026,33.01,34.12,33.01,33.84,79300
FCEF,02-Sep-2026,23.98,24,23.9297,23.96,4500
FCEL,02-Sep-2026,15.3,15.96,13.915,14.4,15389700
FCFS,02-Sep-2026,215.81,221.735,214.13,220.1,445300
FCHL,02-Sep-2026,1.07,1.08,1.04,1.04,10900
FCLO,02-Sep-2026,50.27,50.28,50.2501,50.265,38400
FCNCA,02-Sep-2026,2164.93,2213.3,2136.69,2177.11,66300
FCNCN,02-Sep-2026,25.04,25.04,24.63,24.92,32700
FCNCO,02-Sep-2026,20.5,20.5,20.245,20.3,18400
FCNCP,02-Sep-2026,19.32,19.815,19.32,19.815,7400
FCTE,02-Sep-2026,28.4,28.47,28.22,28.4243,9200
FCUV,02-Sep-2026,11.35,16,10.49,15.16,678600
FCVT,02-Sep-2026,48.62,48.835,48.5001,48.8229,20600
FCXG,02-Sep-2026,16.69,17.469,16.33,16.8284,29400
FDBC,02-Sep-2026,53.06,54.67,53.06,53.86,8700
FDCF,02-Sep-2026,49.63,50.1091,49.63,50.1091,7200
FDFF,02-Sep-2026,37.16,37.62,37.16,37.539,3200
FDIF,02-Sep-2026,40.93,41.0185,40.89,41.0185,900
FDIG,02-Sep-2026,41.69,43.0806,41.6,43.0806,19300
FDIQ,02-Sep-2026,74.425,74.5499,73.86,73.9365,4600
FDIV,02-Sep-2026,28.28,28.42,28.2799,28.2851,5700
FDMMU,02-Sep-2026,9.98,9.98,9.98,9.98,4100
FDMT,02-Sep-2026,14.4,15.13,14.08,14.94,1036400
FDNI,02-Sep-2026,27.26,27.435,27.25,27.435,1000
FDRS,02-Sep-2026,24.41,24.57,24.41,24.51,16700
FDRX,02-Sep-2026,22.6557,22.6557,22.6557,22.6557,100
FDSB,02-Sep-2026,18.45,18.45,18.2,18.35,12700
FDT,02-Sep-2026,95.44,95.8097,95.2,95.74,79100
FDTS,02-Sep-2026,70.145,70.3699,70.145,70.266,500
FDTX,02-Sep-2026,52.9,53.02,52.55,52.8905,15100
FDUS,02-Sep-2026,19.7,19.7,19.54,19.6,297500
FEAM,02-Sep-2026,1.51,1.6,1.51,1.56,121800
FEBO,02-Sep-2026,0.71,0.74,0.71,0.71,2800
FEED,02-Sep-2026,4.26,4.27,4.0491,4.11,28200
FEIM,02-Sep-2026,59.5,59.5,57.03,59.07,153100
FELE,02-Sep-2026,98.58,99.13,97.28,97.59,434500
FEM,02-Sep-2026,33.15,33.34,33.11,33.3152,51700
FEMB,02-Sep-2026,29.5,29.61,29.4401,29.59,29700
FEMS,02-Sep-2026,46.88,47.39,46.825,47.13,40800
FEMY,02-Sep-2026,3.26,3.39,3.02,3.1,140700
FENC,02-Sep-2026,12.04,12.3899,11.87,12.31,292000
FEP,02-Sep-2026,59.7,59.7,59.3365,59.59,13400
FEPI,02-Sep-2026,41.72,41.9,41.5901,41.84,181800
FER,02-Sep-2026,58,58.03,57.56,57.84,756900
FERA,02-Sep-2026,10.505,10.51,10.505,10.51,98000
FERAR,02-Sep-2026,0.28,0.28,0.28,0.28,200
FEUZ,02-Sep-2026,67.765,67.9399,67.53,67.7009,7800
FEX,02-Sep-2026,136.46,137.155,136.46,137.004,7500
FFAI,02-Sep-2026,2.1,2.1,1.89,1.92,2154000
FFBC,02-Sep-2026,32.16,32.92,32.125,32.67,814300
FFIN,02-Sep-2026,32.77,33.52,32.77,33.22,776300
FFIV,02-Sep-2026,398.57,398.57,384.95,391.08,359300
FFUT,02-Sep-2026,62.105,62.75,62.105,62.59,12900
FGBI,02-Sep-2026,8.29,8.47,8.25,8.32,12500
FGBIP,02-Sep-2026,18.75,18.75,18.53,18.585,2800
FGI,02-Sep-2026,7.12,7.12,6.65,6.74,24400
FGII,02-Sep-2026,10.02,10.02,10.02,10.02,900
FGL,02-Sep-2026,18.68,18.68,14.7101,16.1,191100
FGM,02-Sep-2026,60.25,62.8939,60.25,62.8939,900
FGNX,02-Sep-2026,7.97,8.43,7.95,8.38,134300
FGSI,02-Sep-2026,20.601,20.64,20.601,20.64,800
FHB,02-Sep-2026,25.3,26.01,25.3,25.75,1619500
FHTX,02-Sep-2026,5.75,5.89,5.0315,5.17,956800
FIBK,02-Sep-2026,36.53,37.39,36.335,37.16,891900
FICS,02-Sep-2026,41.97,41.99,41.8896,41.99,2600
FID,02-Sep-2026,22.99,23.0999,22.99,23,13300
FIEE,02-Sep-2026,4.11,4.135,4.02,4.13,6100
FIGG,02-Sep-2026,26.23,26.23,23.82,23.8317,55700
FIGR,02-Sep-2026,33.31,34.39,32.2,33.19,4626000
FIGXW,02-Sep-2026,0.1505,0.1747,0.1494,0.1494,9800
FIMU,02-Sep-2026,19.55,19.64,19.55,19.58,2100
FINW,02-Sep-2026,14.185,14.22,13.955,14.08,53100
FINX,02-Sep-2026,26.2,26.8899,26.151,26.804,34300
FINY,02-Sep-2026,25.65,25.65,25.65,25.65,100
FIP,02-Sep-2026,3.36,3.465,3.33,3.38,972000
FISI,02-Sep-2026,40.1,41,40.1,40.84,109400
FISN,02-Sep-2026,6.38,6.98,6.17,6.97,339000
FISV,02-Sep-2026,51.73,53.0974,51.56,51.98,5531200
FIVE,02-Sep-2026,244.98,246.545,237.815,243.08,1871100
FIVN,02-Sep-2026,34.03,34.8,33.3,33.59,1080300
FIXD,02-Sep-2026,42.68,42.71,42.5901,42.6812,202500
FIYY,02-Sep-2026,24.615,24.615,24.615,24.615,100
FIZZ,02-Sep-2026,31.83,32.505,31.545,32.09,370800
FJDIU,02-Sep-2026,9.97,9.97,9.97,9.97,600
FJP,02-Sep-2026,76.42,77.17,76.22,76.875,6200
FKU,02-Sep-2026,56.0799,56.11,55.73,55.7433,800
FKWL,02-Sep-2026,2.45,2.49,2.45,2.46,7000
FLD,02-Sep-2026,0.46,0.478,0.45,0.4603,4621700
FLDB,02-Sep-2026,50.2,50.2999,50.19,50.2295,9400
FLDDW,02-Sep-2026,0.0601,0.061,0.05,0.061,11000
FLEX,02-Sep-2026,106.79,107.3,104.19,105.95,2799200
FLGT,02-Sep-2026,19.59,20.1999,19.59,20.04,412400
FLL,02-Sep-2026,2.08,2.15,1.98,1.98,124100
FLN,02-Sep-2026,26.25,26.47,26.25,26.4033,6600
FLNA,02-Sep-2026,0.9,0.9,0.822,0.8576,347800
FLNC,02-Sep-2026,10.385,10.7172,10.235,10.56,4741800
FLNT,02-Sep-2026,3.22,3.33,3.12,3.12,23700
FLUX,02-Sep-2026,0.53,0.5733,0.5166,0.5403,255800
FLWS,02-Sep-2026,3.48,3.67,3.44,3.625,210700
FLX,02-Sep-2026,1.82,1.96,1.82,1.96,247700
FLXS,02-Sep-2026,79.04,82.35,78.5,81.26,63100
FLY,02-Sep-2026,20.7,21.24,20.68,21.07,2103200
FLYE,02-Sep-2026,2.28,2.5,2,2.4,2034100
FLYW,02-Sep-2026,17.89,19.05,16.9,18.83,1830200
FMACR,02-Sep-2026,0.1701,0.19,0.1701,0.19,75200
FMAO,02-Sep-2026,34.1,34.94,34.07,34.56,56900
FMB,02-Sep-2026,49.7,49.76,49.67,49.71,239200
FMBH,02-Sep-2026,50.04,51.07,49.6701,50.63,141900
FMED,02-Sep-2026,31.63,32.23,31.63,31.9803,5000
FMET,02-Sep-2026,38.04,38.325,38.04,38.2978,1600
FMFC,02-Sep-2026,0.2024,0.2098,0.1898,0.2,2893000
FMHI,02-Sep-2026,46.96,46.96,46.84,46.94,102300
FMNB,02-Sep-2026,15.42,15.755,15.41,15.73,323100
FMST,02-Sep-2026,1.04,1.06,1,1.02,60600
FMSTW,02-Sep-2026,0.36,0.36,0.36,0.36,2300
FMTM,02-Sep-2026,38.53,38.88,38.43,38.73,221500
FMUB,02-Sep-2026,49.95,49.98,49.76,49.85,143700
FMUN,02-Sep-2026,48.61,48.89,48.6,48.7325,10900
FNGR,02-Sep-2026,0.192,0.2171,0.1906,0.2083,10313600
FNK,02-Sep-2026,64.15,64.955,64.15,64.7125,2800
FNKO,02-Sep-2026,6.25,6.3,5.98,5.99,1448400
FNLC,02-Sep-2026,33.97,34.959,33.97,34.66,26400
FNRN,02-Sep-2026,16.75,17.255,16.75,16.97,91500
FNUC,02-Sep-2026,1.57,1.63,1.52,1.53,330900
FNWB,02-Sep-2026,11.2,11.4,11.08,11.08,27500
FNWD,02-Sep-2026,42.79,44.1,42.79,43.41,14900
FNX,02-Sep-2026,142.98,144.015,142.86,143.7587,5600
FNY,02-Sep-2026,101.24,101.6599,101.18,101.6322,14000
FOCL,02-Sep-2026,4.3,4.35,4.17,4.22,112900
FOFO,02-Sep-2026,2.22,2.47,2.22,2.47,2500
FORM,02-Sep-2026,95.5,97.5,93.505,96.58,1071400
FORR,02-Sep-2026,12.18,12.63,12.05,12.2,110300
FOSL,02-Sep-2026,4.91,5.155,4.89,5.04,474000
FOX,02-Sep-2026,59.11,60.93,59.11,60.27,1390800
FOXA,02-Sep-2026,66.05,68.165,66.01,67.52,4715200
FOXF,02-Sep-2026,20.09,20.6499,20.09,20.41,273300
FOXX,02-Sep-2026,2.4101,2.62,2.4101,2.62,1800
FPA,02-Sep-2026,49.505,49.71,49.505,49.71,600
FPXE,02-Sep-2026,32.62,32.62,32.62,32.62,100
FPXI,02-Sep-2026,69.21,69.43,69.02,69.4,20300
FRAF,02-Sep-2026,61.58,63.29,61,63.12,57200
FRBA,02-Sep-2026,17.77,18.065,17.66,17.93,119600
FRBT,02-Sep-2026,18.12,18.5,17.93,18.34,78200
FRD,02-Sep-2026,44.19,46.2,43.6293,45,77400
FREI,02-Sep-2026,24.82,24.82,24.71,24.7294,18900
FRGT,02-Sep-2026,1.33,1.38,1.14,1.2,139700
FRHC,02-Sep-2026,170.02,172.07,168.5344,169,60700
FRME,02-Sep-2026,41.11,42.06,40.96,41.67,681600
FRMEP,02-Sep-2026,24.99,25,24.95,25,1400
FRMI,02-Sep-2026,4.66,4.825,4.5,4.77,16039300
FRMM,02-Sep-2026,5.24,5.6,5.24,5.53,93500
FRNM,02-Sep-2026,15.24,16.03,15.01,15.95,985200
FROG,02-Sep-2026,92.24,92.72,88,91.73,2203900
FRPH,02-Sep-2026,22.34,22.47,22.0552,22.16,148700
FRPT,02-Sep-2026,70.3,72.1876,69.89,70.765,820100
FRSH,02-Sep-2026,13.4,13.47,13.17,13.19,2921800
FRST,02-Sep-2026,15.71,16.13,15.57,16,160700
FRSX,02-Sep-2026,1.09,1.106,1.07,1.09,12200
FRTT,02-Sep-2026,0.96,0.995,0.96,0.9843,82400
FRVO,02-Sep-2026,18.4,18.79,17.03,17.98,19642900
FRWD,02-Sep-2026,31.36,31.44,31.305,31.3817,17500
FSBC,02-Sep-2026,45.61,47.16,45.61,46.36,178500
FSBW,02-Sep-2026,43.44,43.59,42.72,43.11,25200
FSCS,02-Sep-2026,37.33,37.56,37.33,37.4135,2700
FSEA,02-Sep-2026,17.17,17.185,17.17,17.17,1000
FSGS,02-Sep-2026,33.4301,33.495,33.4301,33.495,400
FSLR,02-Sep-2026,199.35,204.3499,197.81,202.6,1731400
FSLY,02-Sep-2026,20.56,20.835,20.11,20.43,3562400
FSTB,02-Sep-2026,19.9,19.92,19.9,19.9066,5700
FSTR,02-Sep-2026,37.08,37.3836,36.445,37.11,37600
FSUN,02-Sep-2026,39.38,40.54,39.38,40.17,294200
FSV,02-Sep-2026,139.44,139.655,136.94,138.1,251500
FSZ,02-Sep-2026,80.799,80.799,80.799,80.799,100
FTA,02-Sep-2026,102.52,103.4401,102.52,103.1163,13000
FTAG,02-Sep-2026,31.08,31.65,31.08,31.635,2500
FTAI,02-Sep-2026,189.08,191.5375,184.645,185.61,1169000
FTAIM,02-Sep-2026,27.065,27.1,27.065,27.1,2400
FTC,02-Sep-2026,173.28,174.1878,173.28,173.9754,8100
FTCI,02-Sep-2026,2.34,2.42,2.28,2.39,216100
FTCS,02-Sep-2026,100.06,100.249,99.85,99.97,320800
FTDR,02-Sep-2026,79.97,81.7,79.69,81.06,460900
FTDS,02-Sep-2026,66.555,66.555,66.4762,66.4762,200
FTEK,02-Sep-2026,1.36,1.41,1.36,1.39,112800
FTFT,02-Sep-2026,1.81,1.84,1.555,1.75,295600
FTG,02-Sep-2026,23.07,23.07,23.07,23.07,200
FTGC,02-Sep-2026,31.1,31.2985,31.08,31.15,786600
FTGS,02-Sep-2026,38.69,38.69,38.485,38.5336,73500
FTH,02-Sep-2026,34,40.89,33.99,39.12,575100
FTHA,02-Sep-2026,9.96,9.96,9.96,9.96,500
FTHI,02-Sep-2026,23.77,23.88,23.71,23.87,348700
FTHM,02-Sep-2026,0.611,0.6709,0.611,0.6475,28700
FTLF,02-Sep-2026,9.82,10.52,9.82,10.1,19800
FTNT,02-Sep-2026,162.19,162.275,151.8,154.54,5175200
FTQI,02-Sep-2026,21.9,21.92,21.825,21.92,157200
FTRE,02-Sep-2026,17.91,19,17.81,18.36,902400
FTRI,02-Sep-2026,18.31,18.36,18.3,18.3553,10700
FTSL,02-Sep-2026,44.88,44.9785,44.84,44.89,235500
FTSM,02-Sep-2026,59.69,59.69,59.68,59.68,572900
FTXG,02-Sep-2026,23.54,23.58,23.38,23.3882,56300
FTXH,02-Sep-2026,42.27,42.27,41.71,42.1276,25200
FTXL,02-Sep-2026,216.64,219.64,215.678,219.35,76200
FTXN,02-Sep-2026,40.85,41.41,40.81,41.228,89300
FTXO,02-Sep-2026,41.46,42.465,41.46,42.0292,80100
FTXR,02-Sep-2026,42.78,43.2451,42.78,43.0128,43100
FUFU,02-Sep-2026,1.24,1.24,1.18,1.23,107400
FULC,02-Sep-2026,3.88,3.9,3.825,3.85,1633500
FULT,02-Sep-2026,23.37,23.9,23.33,23.69,1332600
FULTP,02-Sep-2026,17.65,17.8,17.6017,17.73,5500
FUNC,02-Sep-2026,43.76,44.62,43.65,43.79,17700
FUND,02-Sep-2026,10.7696,10.809,10.7271,10.79,10700
FUSB,02-Sep-2026,16.585,16.6075,16.4,16.45,2600
FUSE,02-Sep-2026,0.63,0.6375,0.5901,0.5908,170900
FUSEW,02-Sep-2026,0.0602,0.0602,0.0425,0.0425,25300
FUTG,02-Sep-2026,4.78,4.865,4.64,4.66,523200
FUTU,02-Sep-2026,119.46,120.71,117.47,118.08,722900
FV,02-Sep-2026,72.4,72.92,72.4,72.8593,40600
FVC,02-Sep-2026,41.83,41.9989,41.83,41.9989,600
FVCB,02-Sep-2026,18.105,18.495,17.83,18.39,101500
FVN,02-Sep-2026,10.31,10.85,10.3,10.46,50600
FVNNU,02-Sep-2026,10.6,13.27,10.6,12.5,4600
FWAC,02-Sep-2026,9.91,9.91,9.91,9.91,300
FWDI,02-Sep-2026,6.13,6.32,5.755,6.26,2101200
FWONA,02-Sep-2026,89.66,91.015,89.64,90.19,143200
FWONK,02-Sep-2026,96.85,98.48,96.85,97.4,1820900
FWRD,02-Sep-2026,16.46,16.755,15.87,15.98,440400
FWRG,02-Sep-2026,12.11,12.45,11.995,12.11,1418800
FXAC,02-Sep-2026,10.07,10.07,10.07,10.07,9300
FXHO,02-Sep-2026,12.07,12.625,11.16,11.9,107900
FXNC,02-Sep-2026,29.99,31.08,29.99,30.89,25300
FYC,02-Sep-2026,118.22,119.165,118.22,119.01,60200
FYT,02-Sep-2026,71.54,72.15,71.54,71.8072,3500
FYX,02-Sep-2026,140.74,141.97,140.49,141.62,26100
GABC,02-Sep-2026,48.94,49.895,48.6372,49.58,121900
GAIA,02-Sep-2026,1.53,1.72,1.5185,1.67,206500
GAIN,02-Sep-2026,16.42,16.48,16.32,16.4,111300
GAING,02-Sep-2026,24.96,25.03,24.93,24.9801,4800
GAINI,02-Sep-2026,25.432,25.45,25.425,25.43,2200
GAINZ,02-Sep-2026,24.2,24.27,24.1999,24.27,1700
GALT,02-Sep-2026,4.19,4.53,4.19,4.48,460600
GAME,02-Sep-2026,3.01,3.1398,2.8801,2.93,124400
GANX,02-Sep-2026,1.78,1.846,1.75,1.79,367600
GARY,02-Sep-2026,26.35,26.35,26.3,26.3363,2800
GASS,02-Sep-2026,9.16,9.61,9.16,9.49,280600
GAUZ,02-Sep-2026,0.3601,0.3921,0.3601,0.3828,76400
GAVA,02-Sep-2026,17.465,17.5,17.43,17.4442,2000
GBDC,02-Sep-2026,12.98,13,12.845,12.95,1332900
GBFH,02-Sep-2026,19.44,20.14,19.3901,19.84,60300
GBLI,02-Sep-2026,29,30,28.88,30,8700
GBUG,02-Sep-2026,49.71,51.1202,49.71,50.79,47400
GCBC,02-Sep-2026,34.83,35.1,34.74,34.74,17200
GCGR,02-Sep-2026,10.17,10.17,10.17,10.17,275100
GCL,02-Sep-2026,0.514,0.5177,0.4506,0.4972,248200
GCLWW,02-Sep-2026,0.0245,0.0245,0.0245,0.0245,100
GCMG,02-Sep-2026,13.32,13.46,13.05,13.08,592500
GCT,02-Sep-2026,47.5,50.6684,47.235,50.5,452900
GCTK,02-Sep-2026,3.49,3.9799,3.49,3.53,62000
GDC,02-Sep-2026,1.5,1.5061,1.43,1.45,249800
GDEV,02-Sep-2026,11.745,11.745,11.6,11.6,1300
GDHG,02-Sep-2026,1.2185,1.34,1.2185,1.28,48900
GDRX,02-Sep-2026,3.46,3.57,3.45,3.45,1298500
GDS,02-Sep-2026,30.82,31.73,30.54,30.815,835300
GDTC,02-Sep-2026,0.85,0.9,0.85,0.88,12900
GDYN,02-Sep-2026,7.78,7.99,7.72,7.85,678300
GECC,02-Sep-2026,5.9,5.98,5.8033,5.92,83800
GECCG,02-Sep-2026,24.9,25.13,24.9,25.125,1900
GECCI,02-Sep-2026,25.26,25.3,25.22,25.3,11300
GEG,02-Sep-2026,2.185,2.205,2.17,2.2,6000
GEGGL,02-Sep-2026,24.9,24.9,24.62,24.661,3300
GEHC,02-Sep-2026,70.48,71.875,70.21,70.56,2067700
GELS,02-Sep-2026,0.5689,0.826,0.532,0.7,71637600
GEME,02-Sep-2026,41.74,42.6,41.64,41.8447,57600
GEMG,02-Sep-2026,6.79,7.39,6.69,7.368,6000
GEMI,02-Sep-2026,4.14,4.32,4.07,4.29,1012300
GEN,02-Sep-2026,30.04,30.76,29.86,30.65,4738900
GENB,02-Sep-2026,15.75,16.7828,15.69,16.28,892600
GENK,02-Sep-2026,1.93,1.98,1.85,1.92,115100
GENVR,02-Sep-2026,4.7,4.99,4.5,4.99,49200
GENZ,02-Sep-2026,39.28,39.29,39.225,39.225,500
GEOS,02-Sep-2026,5.14,5.25,5.11,5.13,60000
GEQ,02-Sep-2026,51.84,51.8816,51.64,51.8816,3800
GERN,02-Sep-2026,1.49,1.62,1.48,1.59,26890000
GEVG,02-Sep-2026,19.97,21.27,19.31,21.0514,28200
GEVO,02-Sep-2026,1.63,1.72,1.62,1.71,2255300
GEW,02-Sep-2026,56.52,56.52,56.52,56.52,100
GFAI,02-Sep-2026,0.387,0.3931,0.3806,0.3812,61500
GFAIW,02-Sep-2026,0.0242,0.026,0.007,0.02,31000
GFGF,02-Sep-2026,36.5769,36.5769,36.5769,36.5769,100
GFLW,02-Sep-2026,33.43,33.56,33.3401,33.5487,188400
GFS,02-Sep-2026,44.42,44.53,43.17,43.97,3416400
GFUZ,02-Sep-2026,7.66,8,7.4,7.63,93100
GGAL,02-Sep-2026,44.28,45.14,43.975,45.01,793500
GGLL,02-Sep-2026,95.29,98.72,94.75,97.21,1109200
GGLS,02-Sep-2026,60.31,60.59,59.35,59.8044,188600
GGR,02-Sep-2026,2.61,2.81,2.57,2.7,7400
GH,02-Sep-2026,163.79,168.97,157.35,163.06,1757200
GHRS,02-Sep-2026,27.46,28.32,27.09,28.07,111800
GHXI,02-Sep-2026,10,10,10,10,5500
GHXIU,02-Sep-2026,10.19,10.19,10.17,10.17,200
GIBO,02-Sep-2026,30.08,30.08,30.0616,30.0616,400
GIEQ,02-Sep-2026,42.76,42.76,42.73,42.7397,38100
GIFT,02-Sep-2026,0.815,0.82,0.791,0.791,34200
GIGM,02-Sep-2026,1.39,1.42,1.39,1.42,1500
GIII,02-Sep-2026,32,32.44,28.28,28.47,2130700
GILD,02-Sep-2026,150,152.55,148.83,149.61,4923200
GILT,02-Sep-2026,10.07,10.22,9.94,10.12,496500
GIND,02-Sep-2026,25.12,25.145,25.12,25.145,3300
GINX,02-Sep-2026,36.96,37.015,36.96,37.0126,800
GIPR,02-Sep-2026,0.35,0.4134,0.3476,0.3943,9628500
GITS,02-Sep-2026,2.24,2.24,2.05,2.18,27500
GIW,02-Sep-2026,10.16,10.16,10.16,10.16,225700
GIXI,02-Sep-2026,8.49,15.5,8.49,12,1195300
GKAT,02-Sep-2026,45.805,45.805,45.805,45.805,100
GLAD,02-Sep-2026,20,20.21,19.88,20.09,211700
GLBE,02-Sep-2026,36.97,38.94,36.8,38.8,1795200
GLBS,02-Sep-2026,3.82,3.89,3.7,3.82,235900
GLCR,02-Sep-2026,25.185,25.185,25.165,25.165,300
GLDB,02-Sep-2026,22.5,22.6152,22.46,22.579,3100
GLDI,02-Sep-2026,147.37,148.55,147.37,147.92,54300
GLE,02-Sep-2026,0.4877,0.5099,0.4783,0.5002,43600
GLGG,02-Sep-2026,4.49,4.9,4.49,4.8587,19800
GLIBA,02-Sep-2026,26.22,27.2182,25.58,26.73,44100
GLIBK,02-Sep-2026,25.75,26.69,25.75,26.17,269200
GLMD,02-Sep-2026,3.97,4.223,3.94,4.119,15600
GLND,02-Sep-2026,1.39,1.44,1.34,1.34,384900
GLNDW,02-Sep-2026,0.4,0.455,0.39,0.39,2400
GLNG,02-Sep-2026,51.92,53.235,51.71,53.13,1144600
GLOO,02-Sep-2026,3.14,3.18,3.03,3.05,112900
GLOW,02-Sep-2026,35.115,35.115,35.0399,35.069,9600
GLPI,02-Sep-2026,41.95,42.5,41.41,42.34,4179400
GLRE,02-Sep-2026,15.36,15.47,15.18,15.23,113400
GLSI,02-Sep-2026,15.01,16.02,14.9901,15.74,104000
GLUE,02-Sep-2026,14.38,15,13.81,14.22,1530300
GLWG,02-Sep-2026,12.19,12.83,12.06,12.2623,379500
GLXG,02-Sep-2026,0.97,1.07,0.9678,1.04,9500
GLXY,02-Sep-2026,23.01,24.23,22.82,24.06,2489200
GMAB,02-Sep-2026,34.04,34.5,33.74,34.215,2079400
GMEX,02-Sep-2026,0.8349,0.85,0.78,0.792,248400
GMHS,02-Sep-2026,0.802,0.8253,0.7801,0.8177,57100
GMM,02-Sep-2026,2.26,2.3799,2.18,2.25,37900
GNLN,02-Sep-2026,2.69,3.26,2.69,2.89,22300
GNLX,02-Sep-2026,2.58,2.635,2.55,2.55,158100
GNMA,02-Sep-2026,43.33,43.33,43.1101,43.2308,43300
GNOM,02-Sep-2026,65.4,66.3199,64.415,65.68,49000
GNPX,02-Sep-2026,3.51,3.61,3.49,3.51,39900
GNSS,02-Sep-2026,1.43,1.488,1.4,1.425,57800
GNTA,02-Sep-2026,1.02,1.0299,0.97,0.9781,23400
GNTX,02-Sep-2026,22.24,22.93,22.23,22.86,2621300
GO,02-Sep-2026,12.12,12.349,11.885,12.01,2982600
GOAI,02-Sep-2026,2.6,2.7899,2.52,2.55,207100
GOGO,02-Sep-2026,2.51,2.62,2.505,2.53,2305300
GOLI,02-Sep-2026,12.8,12.9459,12.79,12.8755,20100
GOOD,02-Sep-2026,13,13.14,12.965,13,414300
GOODN,02-Sep-2026,22.98,23.28,22.98,23.28,800
GOODO,02-Sep-2026,20.99,20.99,20.7472,20.78,2400
GOOG,02-Sep-2026,330.77,336.51,329.5201,333.78,12995800
GOOGL,02-Sep-2026,334.06,340,332.82,337.12,22582200
GOOGM,02-Sep-2026,47.79,48.36,47.58,48.08,531900
GOOGN,02-Sep-2026,47.34,47.95,47.34,47.75,313900
GOSS,02-Sep-2026,0.1656,0.1732,0.1614,0.1727,5758000
GOU,02-Sep-2026,24,24.805,24,24.45,51400
GOVI,02-Sep-2026,26.31,26.31,26.26,26.31,76600
GOVX,02-Sep-2026,0.59,0.6056,0.549,0.5525,375600
GP,02-Sep-2026,0.965,0.9785,0.9094,0.9141,173900
GPCR,02-Sep-2026,47.76,48.64,46.07,47.8,1064700
GPIQ,02-Sep-2026,55.8,55.9599,55.64,55.91,1155700
GPIX,02-Sep-2026,55.59,55.76,55.47,55.69,1050700
GPRE,02-Sep-2026,14.57,15.23,14.37,15.215,2819900
GPRF,02-Sep-2026,49.17,49.185,49.15,49.185,1200
GPRO,02-Sep-2026,1.22,1.79,1.18,1.69,280458700
GPT,02-Sep-2026,33.69,33.8938,33.69,33.8938,400
GQQQ,02-Sep-2026,35.4,35.4183,35.3599,35.3823,61200
GRAB,02-Sep-2026,3.465,3.545,3.45,3.53,33462600
GRABW,02-Sep-2026,0.0208,0.0229,0.0208,0.0229,7600
GRAG,02-Sep-2026,5.62,5.7791,5.59,5.7791,18300
GRAL,02-Sep-2026,80,83,78.98,80.56,449100
GRAN,02-Sep-2026,1.19,1.22,1.1,1.2,5500
GRCE,02-Sep-2026,2.19,2.19,2.0969,2.14,48900
GRDX,02-Sep-2026,3.68,3.93,3.46,3.46,110900
GREEL,02-Sep-2026,24.55,24.6,24.55,24.6,2900
GRFS,02-Sep-2026,7.71,7.8485,7.7,7.83,261700
GRI,02-Sep-2026,1.92,2.02,1.87,2,85800
GRID,02-Sep-2026,175.71,175.87,174.2027,175.53,550100
GRIN,02-Sep-2026,33.085,33.1509,33.06,33.1509,1800
GRML,02-Sep-2026,4.9,5.09,4.6,4.87,1056000
GRMLW,02-Sep-2026,0.17,0.1888,0.1533,0.1614,33200
GRNQ,02-Sep-2026,14.31,14.3403,14.31,14.3403,900
GROW,02-Sep-2026,3.33,3.37,3.23,3.23,11900
GRPN,02-Sep-2026,18.67,19.23,18.5301,18.83,782500
GRRR,02-Sep-2026,13.92,14.2129,13.52,13.72,844900
GRRRW,02-Sep-2026,0.179,0.18,0.15,0.169,1900
GRSD,02-Sep-2026,1.81,1.95,1.81,1.94,141400
GRVY,02-Sep-2026,72.46,72.88,71.6,71.87,18800
GRW,02-Sep-2026,30.95,30.95,30.94,30.94,300
GRWG,02-Sep-2026,1.6,1.66,1.6,1.63,184600
GSAT,02-Sep-2026,81.46,81.79,81.06,81.46,382300
GSBC,02-Sep-2026,77.98,79.71,77.98,79.49,93500
GSGO,02-Sep-2026,43.43,43.5536,43.3299,43.5175,28500
GSHD,02-Sep-2026,68.45,70.44,67.93,68.8,180800
GSHR,02-Sep-2026,10.54,10.54,10.54,10.54,1000
GSIB,02-Sep-2026,65.86,65.925,65.44,65.6926,7900
GSIT,02-Sep-2026,5.39,5.44,5.28,5.34,323600
GSIW,02-Sep-2026,17.09,17.81,16.7,17,36600
GSM,02-Sep-2026,4.09,4.54,4.072,4.52,2036400
GSRV,02-Sep-2026,9.89,9.9,9.89,9.89,576500
GSUN,02-Sep-2026,0.2651,0.325,0.22,0.225,6632700
GT,02-Sep-2026,6,6.24,5.96,6.21,8951600
GTBP,02-Sep-2026,0.28,0.2899,0.28,0.283,246300
GTEC,02-Sep-2026,0.8649,0.9,0.8451,0.8919,199800
GTERA,02-Sep-2026,10.41,10.41,10.41,10.41,74400
GTERR,02-Sep-2026,0.062,0.07,0.0601,0.0699,32100
GTERU,02-Sep-2026,10.54,10.54,10.54,10.54,200
GTERW,02-Sep-2026,0.05,0.07,0.05,0.07,5100
GTIM,02-Sep-2026,1.49,1.58,1.49,1.55,66300
GTLB,02-Sep-2026,55.2,55.55,49.1101,49.59,28993500
GTM,02-Sep-2026,4.06,4.275,4.03,4.09,4286100
GTOP,02-Sep-2026,47.73,47.7637,47.585,47.7637,5500
GTOQ,02-Sep-2026,22.265,22.29,22.25,22.275,25100
GTPE,02-Sep-2026,60.637,60.637,60.637,60.637,100
GTR,02-Sep-2026,27.72,27.7258,27.72,27.725,1500
GTX,02-Sep-2026,26.56,27.13,26.535,27.01,3097700
GUAC,02-Sep-2026,9.94,9.94,9.94,9.9306,0
GURE,02-Sep-2026,3.59,3.725,3.32,3.55,42700
GUSE,02-Sep-2026,45.33,45.62,45.33,45.5472,2600
GUTS,02-Sep-2026,0.734,0.755,0.6913,0.7067,2654000
GVH,02-Sep-2026,1,1.02,0.99,1.01,127800
GVLE,02-Sep-2026,48.29,48.48,48.255,48.3304,16500
GWAV,02-Sep-2026,5.67,5.96,5.55,5.8,16900
GWRS,02-Sep-2026,8.97,9.04,8.8,8.8,89500
GXAI,02-Sep-2026,0.7966,0.8173,0.7499,0.755,565200
GXDW,02-Sep-2026,23.67,23.6922,23.67,23.6922,200
GYGY,02-Sep-2026,1.33,1.95,1.31,1.73,14853400
GYRE,02-Sep-2026,6.41,6.67,6.3372,6.36,58000
GYRO,02-Sep-2026,5,5,4.95,4.95,1400
HACQ,02-Sep-2026,10.06,10.065,10.06,10.06,9900
HACQU,02-Sep-2026,10.14,10.14,10.14,10.14,5000
HACQW,02-Sep-2026,0.43,0.43,0.43,0.43,16900
HAFC,02-Sep-2026,31.01,31.66,31.01,31.6,186000
HAIN,02-Sep-2026,0.73,0.7554,0.6832,0.6863,398000
HALO,02-Sep-2026,105.84,109.76,105.48,109.66,1619500
HAO,02-Sep-2026,3.05,3.16,2.93,3.135,57600
HAPN,02-Sep-2026,16.8,17.55,16.8,17.36,744600
HAS,02-Sep-2026,93.43,94.215,92.63,93.5,1221000
HBAN,02-Sep-2026,16.54,17.03,16.5025,16.88,19790900
HBANL,02-Sep-2026,25.25,25.25,25.13,25.23,15500
HBANM,02-Sep-2026,20.69,20.75,20.5301,20.65,5400
HBANP,02-Sep-2026,16.25,16.4,16.06,16.12,77400
HBANZ,02-Sep-2026,19.15,19.23,19.15,19.1751,9400
HBCP,02-Sep-2026,68.05,69.615,68.05,69.34,44900
HBDC,02-Sep-2026,24.6,24.72,24.59,24.66,1100
HBIO,02-Sep-2026,8.05,8.4,7.85,8.2,36400
HBNC,02-Sep-2026,19.36,19.75,19.325,19.65,490800
HBR,02-Sep-2026,10.01,10.09,9.9409,10.0483,35000
HBT,02-Sep-2026,35.5,36.2542,35.445,36.19,124300
HCAC,02-Sep-2026,10.09,10.095,10.09,10.095,24300
HCAI,02-Sep-2026,4.36,4.54,4.36,4.54,3800
HCAT,02-Sep-2026,1.71,1.76,1.67,1.69,701600
HCIC,02-Sep-2026,9.99,9.99,9.99,9.99,300
HCICR,02-Sep-2026,0.1301,0.1301,0.1212,0.1275,12800
HCKT,02-Sep-2026,10.94,11.11,10.77,10.95,174700
HCM,02-Sep-2026,11.95,12.15,11.95,12.04,62300
HCOW,02-Sep-2026,25.75,25.8,25.7465,25.7465,1600
HCSG,02-Sep-2026,21.84,22.27,21.58,21.77,558400
HCTI,02-Sep-2026,0.8247,0.8326,0.8075,0.8203,49600
HCWB,02-Sep-2026,3.54,3.81,3.32,3.355,210700
HDL,02-Sep-2026,13,13,12.73,12.73,1300
HDRN,02-Sep-2026,2.13,2.1399,1.84,1.88,58200
HDRNW,02-Sep-2026,0.1404,0.1802,0.14,0.1696,18200
HDSN,02-Sep-2026,5.13,5.2099,5.1,5.12,618400
HEAL,02-Sep-2026,29.49,29.68,29.41,29.565,2200
HECO,02-Sep-2026,60.3686,60.3686,60.3686,60.3686,100
HELE,02-Sep-2026,28.68,29.04,28.55,28.59,293600
HELP,02-Sep-2026,11.54,12.04,11.42,11.95,2116600
HEPS,02-Sep-2026,2.63,2.695,2.62,2.68,79200
HEQQ,02-Sep-2026,60.842,60.842,60.842,60.842,100
HERD,02-Sep-2026,52.365,52.365,52.2792,52.345,1800
HERE,02-Sep-2026,1.83,1.86,1.83,1.86,12300
HERO,02-Sep-2026,26.67,27.1235,26.67,26.815,19000
HERZ,02-Sep-2026,16,16.15,15.7801,16.09,11600
HFBL,02-Sep-2026,25.03,25.03,25.03,25.03,400
HFFG,02-Sep-2026,1.8,1.84,1.79,1.815,59000
HFSP,02-Sep-2026,13.29,13.29,13.29,13.29,100
HFWA,02-Sep-2026,28.68,29.29,28.68,29.23,359600
HGBL,02-Sep-2026,1.26,1.38,1.23,1.36,489200
HHS,02-Sep-2026,4.23,4.285,4.16,4.24,79000
HIDE,02-Sep-2026,24.71,24.85,24.61,24.7459,47300
HIFS,02-Sep-2026,285.55,298.725,285.55,295.21,56400
HIHO,02-Sep-2026,0.8919,0.9035,0.8917,0.9035,2900
HIMX,02-Sep-2026,13.36,13.57,13.33,13.495,466400
HIMZ,02-Sep-2026,26.3,27.89,25.82,26.57,249100
HIND,02-Sep-2026,2.13,2.18,2.13,2.18,4400
HIS,02-Sep-2026,26.12,26.13,25.99,26.0597,30900
HISF,02-Sep-2026,43.73,43.74,43.64,43.665,12300
HIT,02-Sep-2026,0.97,0.9999,0.94,0.9762,34100
HITI,02-Sep-2026,2.49,2.57,2.49,2.52,329400
HIVE,02-Sep-2026,2.63,2.72,2.6,2.72,8474700
HKIT,02-Sep-2026,2.83,2.87,2.815,2.85,8100
HKPD,02-Sep-2026,0.1588,0.1737,0.1402,0.152,13980900
HLAL,02-Sep-2026,72.34,72.795,72.1878,72.67,45500
HLIT,02-Sep-2026,11.74,11.815,11.525,11.79,1054100
HLMN,02-Sep-2026,7.36,7.725,7.3,7.58,1870200
HLNE,02-Sep-2026,102.63,105.12,102.22,103.16,659200
HLP,02-Sep-2026,1.36,1.45,1.35,1.37,69200
HLTH,02-Sep-2026,26.89,28.735,26.5,28.4993,7100
HLXC,02-Sep-2026,10.8,10.8,10.75,10.75,1500
HMH,02-Sep-2026,19.19,19.9406,19.19,19.66,79500
HMR,02-Sep-2026,1.24,1.35,1.24,1.35,73100
HMYY,02-Sep-2026,5.57,5.605,5.51,5.51,5700
HNDL,02-Sep-2026,22.39,22.48,22.35,22.4408,113400
HNNA,02-Sep-2026,10.08,10.235,10.08,10.235,5200
HNRG,02-Sep-2026,16.31,16.585,16.06,16.35,491200
HNST,02-Sep-2026,5.59,5.84,5.5,5.72,2376800
HNVR,02-Sep-2026,26.69,27.67,26.69,27.25,85300
HODO,02-Sep-2026,0.2318,0.2423,0.203,0.2332,985300
HODU,02-Sep-2026,11.8,12.7699,11.4901,12.69,80700
HOFT,02-Sep-2026,12.82,13.115,12.55,12.78,45400
HOLO,02-Sep-2026,1.73,1.76,1.675,1.68,317500
HOLOW,02-Sep-2026,0.04,0.04,0.0397,0.0397,2500
HON,02-Sep-2026,210.63,210.73,204.81,206.07,2912300
HONA,02-Sep-2026,154.31,154.79,151.97,152.55,2771500
HOOD,02-Sep-2026,103.72,107.46,101.89,106.99,16848700
HOOG,02-Sep-2026,28.81,30.96,27.88,30.71,242700
HOOX,02-Sep-2026,33,34.8,32.68,34.5169,19300
HOPE,02-Sep-2026,13.71,14.065,13.67,13.96,953600
HOUR,02-Sep-2026,1.88,1.88,1.8501,1.865,2900
HOVR,02-Sep-2026,1.6,1.665,1.595,1.66,632400
HOVRW,02-Sep-2026,0.3,0.31,0.3,0.31,19300
HOWL,02-Sep-2026,0.9429,0.9983,0.9401,0.9983,1307500
HOYY,02-Sep-2026,5.01,5.14,4.96,5.11,57000
HPAI,02-Sep-2026,0.3902,0.4194,0.3901,0.4194,29800
HPK,02-Sep-2026,7.97,8.44,7.84,8.14,361500
HQ,02-Sep-2026,14.56,17.5,13.5,17.5,420100
HQGO,02-Sep-2026,66.8749,66.8749,66.8749,66.8749,100
HQI,02-Sep-2026,16.21,17.48,16.11,16.71,39300
HQWWW,02-Sep-2026,7.42,8.5,7.42,7.9,22400
HQY,02-Sep-2026,97.63,99.775,96.65,98.54,784500
HRMY,02-Sep-2026,41.31,43.02,41.25,42.86,1167400
HROW,02-Sep-2026,36.97,39.26,36.97,39.05,470400
HRTS,02-Sep-2026,37.56,38.11,37.56,37.8108,2000
HRTX,02-Sep-2026,0.311,0.328,0.3061,0.3129,2170200
HRZN,02-Sep-2026,4.54,4.805,4.51,4.8,893900
HSAI,02-Sep-2026,16.12,16.75,16.12,16.59,1126500
HSCS,02-Sep-2026,3.12,3.1891,3,3.01,25400
HSCSW,02-Sep-2026,0.0501,0.0583,0.045,0.045,6700
HSDT,02-Sep-2026,2.07,2.15,2.035,2.08,261100
HSIC,02-Sep-2026,89.02,91.36,88.605,90.39,859300
HST,02-Sep-2026,21.68,22.2,21.68,22.11,7455300
HSTM,02-Sep-2026,29.64,30.065,29.39,29.77,173600
HTCO,02-Sep-2026,2.7,2.785,2.14,2.4,196700
HTCR,02-Sep-2026,2.402,2.5399,2.3222,2.37,12100
HTFL,02-Sep-2026,50.6,51.778,49.43,50,1752500
HTHT,02-Sep-2026,46.83,47.22,46.53,46.74,755800
HTLD,02-Sep-2026,11.98,12.31,11.95,12.1,873600
HTLM,02-Sep-2026,1.69,1.7499,1.69,1.7499,2500
HTO,02-Sep-2026,63.5,63.62,62.285,63.45,513900
HTOO,02-Sep-2026,2.26,2.35,2.1,2.3,20300
HTZ,02-Sep-2026,2.26,2.43,2.24,2.31,23370500
HTZWW,02-Sep-2026,1.05,1.13,1.04,1.095,21700
HUBC,02-Sep-2026,0.735,0.7606,0.7131,0.7343,178200
HUBCW,02-Sep-2026,0.0094,0.0099,0.009,0.0097,16900
HUBCZ,02-Sep-2026,0.0155,0.02,0.0112,0.0112,81700
HUBG,02-Sep-2026,38.07,38.07,35.545,35.93,1466300
HUDI,02-Sep-2026,0.7566,0.832,0.7566,0.832,16000
HUHU,02-Sep-2026,4.26,4.41,4.09,4.22,85900
HUIZ,02-Sep-2026,1.53,1.56,1.47,1.48,96100
HUMA,02-Sep-2026,0.5711,0.6111,0.57,0.5966,5178800
HURA,02-Sep-2026,2.03,2.09,2.005,2.09,139100
HURC,02-Sep-2026,20.86,21.91,20.86,21.28,60100
HURN,02-Sep-2026,157.43,158.855,153.93,156.64,198100
HUT,02-Sep-2026,76.71,81.5,75.9,80.68,3719600
HUTG,02-Sep-2026,10.75,11.87,10.36,11.69,194700
HVII,02-Sep-2026,8.09,8.82,7.89,8.64,45800
HVIIR,02-Sep-2026,0.2612,0.3314,0.2612,0.3,96200
HWBK,02-Sep-2026,38.8,39.25,38.5,39.05,19300
HWC,02-Sep-2026,73.75,75.36,73.605,74.84,580400
HWCPZ,02-Sep-2026,21.45,21.6999,21.21,21.22,8500
HWGV,02-Sep-2026,24.97,25.12,24.96,25.045,25100
HWH,02-Sep-2026,1.82,1.9,1.82,1.88,3200
HWIV,02-Sep-2026,26.245,26.245,26.245,26.245,100
HWKN,02-Sep-2026,124.59,127.9,123.735,126.37,249700
HWO,02-Sep-2026,27.1632,27.1632,27.1632,27.1632,100
HWSM,02-Sep-2026,31.6422,31.6422,31.6422,31.6422,100
HXHX,02-Sep-2026,0.49,0.5108,0.4701,0.4856,30900
HYBI,02-Sep-2026,48.85,48.97,48.85,48.925,14400
HYDR,02-Sep-2026,42.27,42.27,41.03,41.65,20700
HYFM,02-Sep-2026,0.939,1.046,0.91,1.01,72400
HYFT,02-Sep-2026,1.3,1.3662,1.3,1.335,57700
HYLS,02-Sep-2026,40.48,40.74,40.46,40.54,123600
HYMC,02-Sep-2026,22.22,24.05,22.15,23.21,2114000
HYNE,02-Sep-2026,16.63,16.65,16.3601,16.43,34500
HYP,02-Sep-2026,25.6,25.6991,25.34,25.6991,7000
HYPD,02-Sep-2026,3.08,3.17,3.0301,3.06,309900
HYPG,02-Sep-2026,28.83,29,28.53,28.6817,27400
HYPR,02-Sep-2026,0.82,0.8303,0.7916,0.806,519500
HYXF,02-Sep-2026,46.32,46.35,46.19,46.23,7800
HYZD,02-Sep-2026,22.59,22.67,22.59,22.64,36800
IA,02-Sep-2026,18.55,18.7,18.076,18.12,220100
IACO,02-Sep-2026,9.99,9.99,9.99,9.99,1100
IACOW,02-Sep-2026,0.27,0.27,0.25,0.25,21600
IACQ,02-Sep-2026,9.97,9.97,9.95,9.95,700
IALT,02-Sep-2026,28.98,29.24,28.9432,29.21,1436800
IART,02-Sep-2026,16.8,17.205,16.655,16.81,528800
IBACR,02-Sep-2026,0.115,0.115,0.115,0.115,400
IBAT,02-Sep-2026,40.03,40.2298,39.77,40.2298,18500
IBB,02-Sep-2026,211.93,215.31,210.77,213.8,1634600
IBBQ,02-Sep-2026,35.93,36.45,35.7472,36.3,17900
IBCP,02-Sep-2026,36.29,36.925,36.28,36.75,141100
IBEX,02-Sep-2026,38.43,38.98,38.03,38.94,105200
IBG,02-Sep-2026,0.9544,0.99,0.95,0.97,31500
IBGA,02-Sep-2026,23.3977,23.4048,23.3801,23.4048,6100
IBGB,02-Sep-2026,23.33,23.33,23.3,23.3265,300
IBGC,02-Sep-2026,23.93,23.93,23.89,23.9156,2300
IBGK,02-Sep-2026,22.146,22.152,22.146,22.152,100
IBGL,02-Sep-2026,22.74,22.7637,22.74,22.7637,200
IBGM,02-Sep-2026,23.695,23.695,23.638,23.6753,1800
IBIO,02-Sep-2026,1.26,1.335,1.26,1.31,311000
IBIT,02-Sep-2026,43.51,43.92,43.3401,43.79,30549600
IBKR,02-Sep-2026,90,91.35,88.53,89.12,4384100
IBOC,02-Sep-2026,70.03,71.135,69.9753,70.62,409000
IBOT,02-Sep-2026,63.87,64.16,63.5,64.0971,7600
IBRX,02-Sep-2026,7.945,8.28,7.755,7.95,7228300
IBTG,02-Sep-2026,22.82,22.83,22.82,22.825,728100
IBTH,02-Sep-2026,22.3,22.3,22.29,22.3,875400
IBTI,02-Sep-2026,22,22.01,21.99,22.01,372500
IBTJ,02-Sep-2026,21.44,21.44,21.43,21.44,176900
IBTK,02-Sep-2026,19.27,19.28,19.26,19.27,201100
IBTL,02-Sep-2026,19.845,19.85,19.82,19.845,1282500
IBTM,02-Sep-2026,22.25,22.26,22.225,22.2494,511800
IBTO,02-Sep-2026,23.6,23.6,23.565,23.5881,309700
IBTP,02-Sep-2026,24.76,24.78,24.745,24.775,227000
IBTQ,02-Sep-2026,24.405,24.43,24.385,24.4162,117800
IBTR,02-Sep-2026,24.225,24.23,24.205,24.2263,18400
ICCC,02-Sep-2026,9.825,10.09,9.825,10,16200
ICCM,02-Sep-2026,2.27,2.28,2.15,2.26,71300
ICFI,02-Sep-2026,88.48,89.275,87.3025,88.32,181100
ICG,02-Sep-2026,0.95,0.9887,0.939,0.939,18100
ICHR,02-Sep-2026,51.86,53.04,50.5,52.63,600200
ICLN,02-Sep-2026,17.2,17.4,17.15,17.37,5941000
ICLR,02-Sep-2026,161.88,164.235,158.66,159.84,893100
ICMB,02-Sep-2026,0.82,0.8456,0.82,0.84,43300
ICON,02-Sep-2026,0.96,0.98,0.9406,0.96,14800
ICOP,02-Sep-2026,57.27,57.92,56.5401,56.96,134300
ICU,02-Sep-2026,2.97,3.0299,2.8699,2.88,85400
ICUCW,02-Sep-2026,0.0152,0.0166,0.0151,0.0166,14400
ICUI,02-Sep-2026,171.23,174.05,169.66,169.85,360300
IDAI,02-Sep-2026,3.08,3.35,3.08,3.21,16600
IDCC,02-Sep-2026,320.68,330.18,319.65,329.79,189000
IDEF,02-Sep-2026,32.17,32.17,31.76,31.875,479200
IDN,02-Sep-2026,2.67,2.765,2.66,2.68,313500
IDVY,02-Sep-2026,26.905,26.905,26.905,26.905,100
IDXX,02-Sep-2026,546.73,558.42,537.31,538.99,655500
IDYA,02-Sep-2026,40.2,41.48,39.58,40.17,765200
IEAG,02-Sep-2026,10.23,10.23,10.23,10.23,50100
IEAGR,02-Sep-2026,0.18,0.18,0.16,0.17,58800
IEF,02-Sep-2026,92.17,92.2,92.035,92.18,6076100
IEI,02-Sep-2026,115.59,115.63,115.5,115.63,1309800
IEP,02-Sep-2026,6.78,6.85,6.745,6.8,1076400
IESC,02-Sep-2026,300.71,304.045,295.13,302.64,224900
IEUS,02-Sep-2026,72.95,73.0999,72.8,72.8443,10100
IFBD,02-Sep-2026,0.95,0.95,0.88,0.88,3000
IFGL,02-Sep-2026,22.3,22.35,22.265,22.265,5100
IFLO,02-Sep-2026,36.91,37.11,36.91,37.055,84700
IFRX,02-Sep-2026,2.16,2.34,2.1326,2.29,572000
IFV,02-Sep-2026,25.82,25.91,25.71,25.855,31700
IGF,02-Sep-2026,64.63,64.78,64.2,64.78,1071400
IGIB,02-Sep-2026,51.77,51.79,51.7124,51.77,2300200
IGIC,02-Sep-2026,26.18,26.63,26.05,26.39,62200
IGOV,02-Sep-2026,41.04,41.0988,40.99,41.09,102500
IGSB,02-Sep-2026,51.82,51.82,51.78,51.815,5639700
IHRT,02-Sep-2026,2.71,2.885,2.69,2.84,580300
III,02-Sep-2026,5.06,5.16,4.98,5.03,202000
IIIV,02-Sep-2026,15.96,16.82,15.85,16.8,454500
IJT,02-Sep-2026,167.92,169.4399,167.92,169.15,78200
IKT,02-Sep-2026,2.39,2.535,2.39,2.5,379000
ILAG,02-Sep-2026,2.9,2.9,2.9,2.9,300
ILIT,02-Sep-2026,15.17,15.27,15.06,15.27,3700
ILLR,02-Sep-2026,0.95,1.0052,0.9328,0.9853,123300
ILLRW,02-Sep-2026,0.055,0.055,0.055,0.055,1200
ILLU,02-Sep-2026,9.96,9.98,9.96,9.97,394100
ILMN,02-Sep-2026,208.62,214.98,207.13,213.25,1771900
ILPT,02-Sep-2026,8.3,8.3,8.14,8.22,317800
IMA,02-Sep-2026,5.16,5.16,4.93,4.96,6200
IMCC,02-Sep-2026,2.89,3.1467,2.72,3,23900
IMCR,02-Sep-2026,37.17,37.9516,36.23,37.37,220600
IMCV,02-Sep-2026,96.76,97.68,96.76,97.4616,13000
IMDX,02-Sep-2026,3.81,4.04,3.71,4.01,80800
IMKTA,02-Sep-2026,81.14,82.285,80.1972,81.4,92300
IMMP,02-Sep-2026,0.377,0.385,0.3705,0.3829,118500
IMMR,02-Sep-2026,7.39,7.62,7.35,7.54,309200
IMMX,02-Sep-2026,14,14.23,13.4201,13.96,1578200
IMNM,02-Sep-2026,27.56,28.485,26.81,27.33,811100
IMNN,02-Sep-2026,1.5987,1.6134,1.51,1.56,34200
IMOM,02-Sep-2026,40.8,40.88,40.75,40.83,14400
IMOS,02-Sep-2026,55.7,56.2,55.01,56.15,56100
IMPP,02-Sep-2026,5.42,5.46,5.25,5.31,306100
IMPPP,02-Sep-2026,25.79,25.9,25.79,25.9,1100
IMRN,02-Sep-2026,1.08,1.17,1.07,1.17,12700
IMRX,02-Sep-2026,4.85,5.055,4.8,5.02,678700
IMSR,02-Sep-2026,4.94,5.12,4.94,5.09,831700
IMSRW,02-Sep-2026,2.02,2.15,2.02,2.15,1900
IMTE,02-Sep-2026,0.4784,0.4846,0.466,0.4761,7500
IMTX,02-Sep-2026,9.47,9.7234,9.295,9.5,761000
IMUX,02-Sep-2026,14.7,15.22,14.1,14.24,225100
IMVT,02-Sep-2026,40.15,40.955,38.61,39.49,1331000
IMXI,02-Sep-2026,14.42,14.4847,14.27,14.385,235000
INAB,02-Sep-2026,1.09,1.11,1.085,1.1,6700
INBK,02-Sep-2026,27.52,28.76,27.52,28.46,45300
INBKZ,02-Sep-2026,25.24,25.24,25.24,25.24,1000
INBS,02-Sep-2026,2.44,2.61,2.3,2.47,183600
INBX,02-Sep-2026,125.61,127.7525,121.25,124.97,189800
INCR,02-Sep-2026,5.47,5.52,5.261,5.4,11800
INCY,02-Sep-2026,126.43,129.56,125.89,128.83,2324200
IND,02-Sep-2026,23.29,23.31,23.1401,23.255,1800
INDB,02-Sep-2026,80.39,82.35,79.87,81.65,285300
INDH,02-Sep-2026,39.13,39.1987,39.13,39.1987,400
INDI,02-Sep-2026,3.55,3.665,3.48,3.57,3421100
INDP,02-Sep-2026,1.17,1.2,1.1312,1.17,331800
INDQ,02-Sep-2026,26.5803,26.5803,26.5803,26.5803,100
INDV,02-Sep-2026,34.74,35.28,34.68,35.05,2974900
INDY,02-Sep-2026,43.9,43.92,43.8009,43.85,48900
INEO,02-Sep-2026,0.565,0.5999,0.5101,0.5668,36000
INGN,02-Sep-2026,5.34,5.47,5.34,5.39,249400
INHD,02-Sep-2026,5.01,5.23,4.64,4.95,83400
INIO,02-Sep-2026,20.26,20.27,19.19,20.07,5463000
INKT,02-Sep-2026,11,11.42,10.82,11.33,8200
INLF,02-Sep-2026,3.98,4.09,3.85,3.91,20500
INM,02-Sep-2026,1.36,1.4,1.33,1.35,19900
INMB,02-Sep-2026,2.25,2.38,2.2445,2.35,171000
INMD,02-Sep-2026,15.01,15.1,14.92,14.95,412700
INNV,02-Sep-2026,10.89,11.23,10.69,10.81,232400
INO,02-Sep-2026,1.34,1.42,1.29,1.36,4425300
INOD,02-Sep-2026,53.78,54.75,52.6,54.29,865700
INRO,02-Sep-2026,36.555,36.61,36.555,36.5897,1800
INSE,02-Sep-2026,5.5,5.64,5.35,5.62,198400
INSG,02-Sep-2026,4.09,4.23,4.0016,4.17,307700
INSM,02-Sep-2026,121.11,126.79,121.11,126.63,1998800
INTA,02-Sep-2026,43.33,43.38,41.41,41.49,515700
INTC,02-Sep-2026,88.85,90.43,87.5,90.05,61554500
INTG,02-Sep-2026,35,36.03,33.95,34.88,166400
INTJ,02-Sep-2026,2.9,3.035,2.9,3,2300
INTR,02-Sep-2026,5.72,5.95,5.6881,5.88,3218400
INTS,02-Sep-2026,4.1,4.1457,4,4,14200
INTU,02-Sep-2026,346.3,348.4,339.32,342.94,3135300
INTW,02-Sep-2026,18.105,18.735,17.56,18.57,1848700
INTZ,02-Sep-2026,0.83,0.88,0.8237,0.855,133900
INV,02-Sep-2026,1.17,1.17,1.1,1.125,3171500
INVA,02-Sep-2026,21.27,21.48,21.215,21.35,600500
INVE,02-Sep-2026,2.77,2.85,2.77,2.78,43000
INVZ,02-Sep-2026,0.33,0.3412,0.3254,0.3254,1935800
IOND,02-Sep-2026,71.62,73.19,71,72.37,290800
IONL,02-Sep-2026,11.39,11.93,11.05,11.6,415900
IONR,02-Sep-2026,3.13,3.22,3.06,3.09,113200
IONS,02-Sep-2026,60.25,61.77,59.775,61.33,1845800
IONX,02-Sep-2026,20.78,21.79,20.16,21.13,1052400
IONZ,02-Sep-2026,3.11,3.21,2.98,3.07,8716400
IOSP,02-Sep-2026,92.6,95.3764,92.505,93.76,156400
IOTR,02-Sep-2026,2.44,2.65,2.31,2.55,22900
IOVA,02-Sep-2026,8.31,8.69,8.295,8.62,12393100
IOYY,02-Sep-2026,6.11,6.11,6.03,6.04,20600
IPAR,02-Sep-2026,117.16,118.55,114.98,116.46,228700
IPDN,02-Sep-2026,0.117,0.1385,0.1115,0.1206,9351300
IPEX,02-Sep-2026,9.55,11,9.5001,11,18300
IPEXR,02-Sep-2026,0.48,0.5,0.43,0.5,117700
IPEXU,02-Sep-2026,10,11.8,10,11.5,2500
IPFX,02-Sep-2026,10.1,10.11,10.07,10.1,247100
IPFXU,02-Sep-2026,10.57,10.59,10.57,10.59,5300
IPFXW,02-Sep-2026,0.9201,0.9274,0.8601,0.8988,55700
IPGP,02-Sep-2026,75.21,77.03,73.95,76.48,393700
IPHA,02-Sep-2026,2.23,2.23,2.12,2.17,17400
IPHXU,02-Sep-2026,10.13,10.13,10.12,10.12,182400
IPKW,02-Sep-2026,60.89,61.12,60.845,61.11,26300
IPM,02-Sep-2026,1.85,1.91,1.8113,1.83,11300
IPSC,02-Sep-2026,2.03,2.135,2.03,2.11,465900
IPST,02-Sep-2026,4.16,4.4,4.03,4.12,62300
IPVV,02-Sep-2026,9.84,9.85,9.84,9.85,114700
IPW,02-Sep-2026,1.8,1.88,1.764,1.81,25900
IPWR,02-Sep-2026,4.73,4.935,4.72,4.89,85200
IPX,02-Sep-2026,20.88,21.44,20.61,21.33,259100
IPXG,02-Sep-2026,10.04,10.06,10.04,10.045,34100
IPXGW,02-Sep-2026,0.7,0.7,0.7,0.7,4700
IQ,02-Sep-2026,0.91,0.939,0.8601,0.8601,14348000
IQMX,02-Sep-2026,10.45,11.25,10.1643,10.94,915200
IQMXW,02-Sep-2026,2.085,2.3,2.085,2.21,11200
IQQ,02-Sep-2026,23.92,24.0051,23.86,24,269900
IQQQ,02-Sep-2026,47.52,47.689,47.42,47.6134,50100
IQST,02-Sep-2026,0.9301,0.9471,0.9,0.9102,94500
IRD,02-Sep-2026,3.86,4.52,3.86,4.45,4998100
IRDM,02-Sep-2026,47,47.13,46.54,46.97,519900
IREG,02-Sep-2026,6.02,7.405,6.02,7.37,688900
IREN,02-Sep-2026,35.79,39.7099,35.76,39.6,40648100
IRHO,02-Sep-2026,10.05,10.05,10.05,10.05,300
IRHOR,02-Sep-2026,0.151,0.151,0.151,0.151,100
IRIX,02-Sep-2026,0.7298,0.7298,0.721,0.7211,14800
IRMD,02-Sep-2026,86.89,88.26,85.9,86.17,96000
IRON,02-Sep-2026,79.44,81.01,77.6804,80.05,522500
IRTC,02-Sep-2026,121.83,125.86,121.625,122.485,338400
IRWD,02-Sep-2026,4.31,4.475,4.26,4.41,2432000
ISBA,02-Sep-2026,38.78,40.0075,38.51,39.85,106600
ISHG,02-Sep-2026,75.51,75.7486,75.51,75.6574,25600
ISHP,02-Sep-2026,36.0649,36.0649,36.0649,36.0649,100
ISNR,02-Sep-2026,9.83,9.86,9.83,9.83,2200
ISNRU,02-Sep-2026,9.98,10.19,9.97,9.97,4100
ISNRW,02-Sep-2026,0.2336,0.2336,0.2295,0.2295,400
ISPC,02-Sep-2026,1.48,1.52,1.46,1.49,57100
ISPR,02-Sep-2026,1.45,1.575,1.43,1.55,14700
ISRG,02-Sep-2026,369,382.41,368.25,371.88,2053500
ISRL,02-Sep-2026,25.28,25.28,25.19,25.2272,2000
ISTB,02-Sep-2026,47.74,47.77,47.74,47.77,386000
ISTM,02-Sep-2026,30.59,31,30.38,30.8901,14500
ISTR,02-Sep-2026,29.92,30.57,29.88,30.4,96200
ISUL,02-Sep-2026,13.64,14.55,13.63,13.8426,72500
ITG,02-Sep-2026,12.04,13.25,11.92,12.88,164700
ITHA,02-Sep-2026,10.05,10.05,10.05,10.05,200
ITHAW,02-Sep-2026,0.172,0.172,0.17,0.1701,15400
ITIC,02-Sep-2026,290.95,298.4,290.47,291.71,66500
ITOC,02-Sep-2026,0.2921,0.3099,0.292,0.3001,33400
ITRI,02-Sep-2026,95.1,96.98,95.065,96.12,271600
ITRN,02-Sep-2026,51.06,51.605,50.5858,51.4,69800
IUS,02-Sep-2026,69.68,70.16,69.68,70.05,34100
IUSB,02-Sep-2026,45.16,45.19,45.1201,45.18,3085800
IUSG,02-Sep-2026,188.83,190.08,188.62,189.66,456200
IUSV,02-Sep-2026,114.27,114.76,114.15,114.58,462000
IVA,02-Sep-2026,4.92,5.02,4.76,4.86,811200
IVAL,02-Sep-2026,36.93,37.0599,36.9073,37.046,9000
IVDA,02-Sep-2026,0.278,0.296,0.252,0.27,774400
IVF,02-Sep-2026,1.02,1.02,1,1.01,124900
IVSI,02-Sep-2026,29.875,29.875,29.875,29.875,200
IVSS,02-Sep-2026,30.31,30.33,30.27,30.2706,3100
IVSX,02-Sep-2026,25.88,25.88,25.88,25.88,100
IVVD,02-Sep-2026,0.8685,0.8798,0.78,0.804,4994000
IXHL,02-Sep-2026,3.2,3.33,3.1914,3.27,34300
IXUS,02-Sep-2026,96.9,97.25,96.81,97.22,1715300
IZEA,02-Sep-2026,2.99,3.01,2.9504,2.98,19100
IZM,02-Sep-2026,0.2315,0.2513,0.2315,0.2457,18500
JACK,02-Sep-2026,15.85,16.4,15.5001,15.86,493600
JAGX,02-Sep-2026,0.75,0.7559,0.709,0.7299,118700
JAKK,02-Sep-2026,24.77,25.25,24.53,24.53,51800
JANX,02-Sep-2026,18.93,19.95,18.93,19.7,1525600
JAPN,02-Sep-2026,25.11,25.3332,25.11,25.3332,7300
JATT,02-Sep-2026,11.96,12.4,11.76,11.76,2300
JAZZ,02-Sep-2026,244,248.07,241.02,245.57,1155900
JBDI,02-Sep-2026,1.25,1.39,1.25,1.36,149500
JBHT,02-Sep-2026,256.48,263.53,254.105,260.22,831400
JBIO,02-Sep-2026,21.17,22,20.475,21.4,506100
JBLU,02-Sep-2026,4.535,4.7,4.525,4.64,18943900
JBSS,02-Sep-2026,74.25,74.86,73.3701,73.9,116400
JCAP,02-Sep-2026,20.76,21.17,20.76,21.15,144500
JCSE,02-Sep-2026,1.42,1.43,1.36,1.36,4900
JCTC,02-Sep-2026,3.1,3.1,2.94,2.99,11800
JD,02-Sep-2026,27.7,28.025,27.7,27.83,6766500
JDOC,02-Sep-2026,63.15,63.3563,63.15,63.3563,300
JDZG,02-Sep-2026,2.9,3.12,2.8,3.08,80100
JEM,02-Sep-2026,4.27,4.4,3.94,4.4,52000
JEMA,02-Sep-2026,62.24,62.5881,62.2002,62.56,93100
JEPQ,02-Sep-2026,59.01,59.19,58.85,59.15,6824300
JF,02-Sep-2026,0.95,0.95,0.915,0.923,4200
JFB,02-Sep-2026,4.86,5.39,4.6,4.74,1259100
JFIN,02-Sep-2026,1.86,1.89,1.7001,1.81,94300
JFU,02-Sep-2026,2.79,2.79,2.38,2.46,13600
JG,02-Sep-2026,6.56,6.57,6.04,6.04,2800
JGLO,02-Sep-2026,73.05,73.325,72.95,73.29,140200
JHAI,02-Sep-2026,33.12,33.24,33,33.24,2600
JIVE,02-Sep-2026,98.1,98.6383,98.1,98.58,412300
JJSF,02-Sep-2026,87.46,88.96,86.25,86.37,174400
JKHY,02-Sep-2026,167.51,169.75,166.07,167.03,889600
JL,02-Sep-2026,4.75,4.94,4.72,4.79,55800
JLHL,02-Sep-2026,7.1,7.63,6.18,6.33,11752600
JLVP,02-Sep-2026,50.8136,50.8136,50.8136,50.8136,100
JMID,02-Sep-2026,31.2327,31.2327,31.2327,31.2327,100
JMSB,02-Sep-2026,22.66,23.4785,22.66,23.02,53700
JOUT,02-Sep-2026,44.83,46.0599,44.61,45.72,72100
JOYT,02-Sep-2026,59.1,59.31,59.1,59.2193,9200
JOYY,02-Sep-2026,73.31,75.16,73.31,74.56,315500
JPEF,02-Sep-2026,80.44,80.82,80.3401,80.5679,57400
JPFP,02-Sep-2026,51.305,51.605,51.305,51.605,700
JPY,02-Sep-2026,38.38,38.7406,38.38,38.7406,700
JRSH,02-Sep-2026,5.55,5.64,5.465,5.465,51100
JRVR,02-Sep-2026,4.03,4.17,4.02,4.06,296400
JSM,02-Sep-2026,18.38,18.38,18,18.12,13800
JSMD,02-Sep-2026,91.72,92.2686,91.62,92.21,33200
JSML,02-Sep-2026,87.28,88.27,87.28,87.94,8900
JSPR,02-Sep-2026,0.6878,0.72,0.68,0.7049,380300
JSPRW,02-Sep-2026,0.0057,0.0092,0.0057,0.0092,3300
JTAI,02-Sep-2026,1.44,1.515,1.28,1.28,223100
JTEK,02-Sep-2026,97.79,98.31,97.18,97.63,287400
JTTT,02-Sep-2026,11.31,11.34,10.95,11,6800
JUNS,02-Sep-2026,3.35,3.5204,3.27,3.43,35100
JVA,02-Sep-2026,3.44,3.47,3.43,3.45,29300
JWEL,02-Sep-2026,2.36,2.55,2.23,2.32,41800
JXG,02-Sep-2026,8.88,8.88,8.27,8.5,13200
JYD,02-Sep-2026,0.9631,0.9824,0.8602,0.8602,49800
JYNT,02-Sep-2026,8.35,8.42,8.24,8.24,100600
JZ,02-Sep-2026,1.16,1.16,1.02,1.09,285300
JZXN,02-Sep-2026,1.145,1.16,1.12,1.14,53900
KALA,02-Sep-2026,0.5349,0.5652,0.503,0.5225,441100
KALU,02-Sep-2026,164.69,167.2,162.23,162.59,252100
KARD,02-Sep-2026,19.8,22.51,19.74,21.92,354900
KARO,02-Sep-2026,65,65,63.47,64.64,46600
KAT,02-Sep-2026,58.13,58.57,58.13,58.4806,6800
KAZR,02-Sep-2026,2.08,2.1,2.06,2.09,51000
KBAB,02-Sep-2026,7.03,7.055,6.94,6.9405,19600
KBDU,02-Sep-2026,12.545,12.545,12.4962,12.4962,100
KBONU,02-Sep-2026,10.3,10.3,10.3,10.3,100
KBSX,02-Sep-2026,0.999,1,0.9989,1,7300
KBWB,02-Sep-2026,94.96,97.345,94.96,96.16,1321300
KBWD,02-Sep-2026,12.38,12.47,12.35,12.4229,236400
KBWP,02-Sep-2026,133.4,134.0599,133.1302,133.36,7600
KBWY,02-Sep-2026,17.89,18.005,17.77,17.9224,147900
KC,02-Sep-2026,10.24,10.385,10.24,10.25,818300
KCHV,02-Sep-2026,10.43,10.45,10.43,10.45,300900
KCHVR,02-Sep-2026,0.1,0.1,0.09,0.09,6200
KDK,02-Sep-2026,3.5,3.6,3.49,3.57,814500
KDKRW,02-Sep-2026,0.56,0.56,0.56,0.56,200
KDP,02-Sep-2026,32.14,33.095,31.93,32.59,8434800
KE,02-Sep-2026,23.87,24.37,23.76,24.21,170200
KEAT,02-Sep-2026,34.68,34.68,34.6509,34.6509,2100
KEEL,02-Sep-2026,3.03,3.17,2.99,3.11,26488700
KELYA,02-Sep-2026,16.66,16.805,16.42,16.48,291800
KELYB,02-Sep-2026,24.1,24.1,24.1,24.1,400
KEQU,02-Sep-2026,37.67,37.67,36.25,36.31,7700
KEYY,02-Sep-2026,9.895,9.92,9.895,9.92,291100
KEYYW,02-Sep-2026,0.35,0.35,0.335,0.35,41900
KFFB,02-Sep-2026,5.92,5.92,5.61,5.61,4600
KFII,02-Sep-2026,10.63,10.65,10.63,10.65,303000
KFIIR,02-Sep-2026,0.09,0.11,0.051,0.1,10200
KG,02-Sep-2026,7.74,8.28,7.675,7.755,69700
KGEI,02-Sep-2026,6.22,6.53,6.18,6.41,206700
KHC,02-Sep-2026,26.1,26.44,25.84,26.26,16591600
KIDS,02-Sep-2026,23.03,23.75,22.74,22.8,202800
KIDZ,02-Sep-2026,3.61,3.865,3.35,3.76,694200
KIDZW,02-Sep-2026,0.0081,0.0099,0.0081,0.0099,16800
KINS,02-Sep-2026,19.62,20.0245,19.5,19.85,108800
KIQQ,02-Sep-2026,24.6206,24.6206,24.6206,24.6206,100
KITT,02-Sep-2026,0.8087,0.81,0.7028,0.7378,11067100
KITTW,02-Sep-2026,0.0116,0.02,0.0115,0.0155,79800
KJD,02-Sep-2026,15.95,16.01,15.95,16.01,1800
KLAC,02-Sep-2026,171.76,172.95,167.56,172.26,6469500
KLAG,02-Sep-2026,21.53,21.8793,20.801,21.8793,39100
KLIC,02-Sep-2026,78.11,79.7,77.28,78.95,532700
KLRA,02-Sep-2026,16.39,16.82,15.59,15.85,737200
KLRS,02-Sep-2026,3.97,4.135,3.9,3.9,17200
KLTR,02-Sep-2026,1.54,1.54,1.5,1.52,254900
KLXE,02-Sep-2026,1.53,1.55,1.5117,1.54,965900
KLXER,02-Sep-2026,0.13,0.1349,0.081,0.1101,209700
KMB,02-Sep-2026,107.47,109.41,106.92,109.29,3949800
KMDA,02-Sep-2026,8.22,8.435,8.19,8.4,208000
KMLI,02-Sep-2026,10.68,11.13,10.62,11.1281,64200
KMRK,02-Sep-2026,1.13,1.148,1.11,1.11,4800
KMTS,02-Sep-2026,25.46,26.4997,25.095,25.73,245500
KNDI,02-Sep-2026,0.609,0.625,0.5919,0.6108,81400
KNGZ,02-Sep-2026,42.37,42.48,42.31,42.31,1100
KNSA,02-Sep-2026,79.53,80.1799,77.865,79.89,568400
KOD,02-Sep-2026,37.44,39.54,36.61,37.5,507400
KOID,02-Sep-2026,35.39,35.56,35.172,35.46,115600
KOPN,02-Sep-2026,4.19,4.34,4.14,4.29,3451700
KOSS,02-Sep-2026,3.45,3.53,3.41,3.5,25300
KOYN,02-Sep-2026,10.23,10.23,10.23,10.23,38700
KOYNW,02-Sep-2026,0.2,0.2,0.18,0.1968,3500
KPDD,02-Sep-2026,5.16,5.265,5.12,5.1322,37600
KPLT,02-Sep-2026,5.49,5.93,5.395,5.77,63000
KPRX,02-Sep-2026,2.53,2.64,2.53,2.59,10300
KPTI,02-Sep-2026,1.9,1.94,1.725,1.79,1296200
KQQQ,02-Sep-2026,28.25,28.3799,28.21,28.3112,31800
KRAQ,02-Sep-2026,10,10.03,10,10.02,6200
KRAQU,02-Sep-2026,10.15,10.15,10.115,10.15,2200
KRAQW,02-Sep-2026,0.42,0.45,0.42,0.45,6500
KRKR,02-Sep-2026,3.06,3.17,2.99,3.11,5300
KRMD,02-Sep-2026,3.3,3.43,3.3,3.3,212500
KRNT,02-Sep-2026,16.14,16.52,16.07,16.14,242600
KRNY,02-Sep-2026,9.8,10.07,9.685,10.04,720500
KROP,02-Sep-2026,38.15,39.99,37.85,39.1282,35200
KROS,02-Sep-2026,11.07,11.49,10.97,11.23,97900
KRRO,02-Sep-2026,12.26,12.78,11.82,11.97,81000
KRT,02-Sep-2026,47.61,48.4499,47.24,47.38,99000
KRUS,02-Sep-2026,44.24,45.81,44.24,44.91,150500
KRYS,02-Sep-2026,366,373.19,360.86,369.23,305200
KSCP,02-Sep-2026,1.34,1.36,1.32,1.34,365200
KSMH,02-Sep-2026,24.76,24.9416,24.76,24.9416,900
KSPI,02-Sep-2026,104.26,106.99,103.05,106.81,358800
KTCC,02-Sep-2026,2.46,2.6918,2.415,2.47,45900
KTOS,02-Sep-2026,49.2,49.59,47.05,47.78,4099500
KTTA,02-Sep-2026,0.56,0.595,0.5501,0.5803,225700
KTTAW,02-Sep-2026,0.0035,0.0074,0.0035,0.0074,10900
KTWO,02-Sep-2026,10.09,10.09,10.075,10.09,700
KURA,02-Sep-2026,12.89,13.41,12.665,13.11,1884800
KUST,02-Sep-2026,0.8995,0.9,0.8655,0.8897,184900
KVHI,02-Sep-2026,6.97,7.3,6.9,7.23,145900
KWM,02-Sep-2026,1.23,1.3794,1.2138,1.34,62800
KWMWW,02-Sep-2026,0.0143,0.0143,0.0077,0.0089,5500
KXIN,02-Sep-2026,1.43,1.51,1.38,1.43,179100
KYIV,02-Sep-2026,13.11,13.7,13.08,13.59,647200
KYIVW,02-Sep-2026,5.39,5.39,5.34,5.39,2300
KYMR,02-Sep-2026,119.58,123.54,117.415,118.63,982900
KYNB,02-Sep-2026,7.97,8.65,7.92,8.53,42100
KYTX,02-Sep-2026,8.37,8.72,8.24,8.615,599900
KZIA,02-Sep-2026,12.66,13.13,12.05,12.61,360900
LAB,02-Sep-2026,0.6579,0.687,0.6579,0.6733,3077000
LABT,02-Sep-2026,2.47,2.64,2.0621,2.07,516300
LAES,02-Sep-2026,2.37,2.41,2.35,2.36,3693200
LAKE,02-Sep-2026,11.74,12.105,11.72,11.72,33800
LAMR,02-Sep-2026,151.87,152.16,150.1059,151.5,464000
LAND,02-Sep-2026,9.6,9.73,9.51,9.7,1240600
LANDO,02-Sep-2026,21.2006,21.2006,20.78,20.87,11200
LANDP,02-Sep-2026,20.53,20.6,20.11,20.4,20400
LARK,02-Sep-2026,31.34,32.01,31.34,31.82,18400
LASE,02-Sep-2026,1.4,1.43,1.35,1.38,688500
LASR,02-Sep-2026,40.32,40.77,38.95,39.39,1905000
LATA,02-Sep-2026,10.19,10.19,10.19,10.19,800
LAUR,02-Sep-2026,37.26,37.26,36.02,36.185,1607100
LBGJ,02-Sep-2026,3.12,3.35,3.0501,3.09,61800
LBRX,02-Sep-2026,47.31,49.93,46.44,49.48,518300
LBTYA,02-Sep-2026,10.64,10.825,10.57,10.68,2297300
LBTYB,02-Sep-2026,13.145,13.145,13.145,13.145,500
LBTYK,02-Sep-2026,10.41,10.58,10.405,10.42,800100
LCDS,02-Sep-2026,73.47,73.7181,73.47,73.7181,100
LCFY,02-Sep-2026,2.57,2.57,2.475,2.5699,4600
LCFYW,02-Sep-2026,4.7,4.7,3.85,3.85,900
LCID,02-Sep-2026,4.53,4.815,4.5,4.71,9291500
LCNB,02-Sep-2026,19.02,19.41,19.02,19.2,39400
LCUT,02-Sep-2026,9.33,9.52,8.97,9.35,250100
LDEM,02-Sep-2026,61.43,61.4633,61.43,61.4633,300
LDRX,02-Sep-2026,36.645,36.645,36.6359,36.6359,200
LDSF,02-Sep-2026,18.73,18.81,18.73,18.7902,12200
LE,02-Sep-2026,11.79,12.06,11.23,11.27,287300
LECO,02-Sep-2026,269,275.225,266.71,272.59,569200
LEDS,02-Sep-2026,2.03,2.03,1.87,1.87,5700
LEE,02-Sep-2026,7.98,8.1594,7.84,8.02,34600
LEGH,02-Sep-2026,27.95,28.2539,27.75,27.77,38500
LEGN,02-Sep-2026,21.11,21.96,21.1,21.89,1479000
LEGR,02-Sep-2026,66.78,66.795,66.78,66.795,500
LEND,02-Sep-2026,24.89,24.93,24.87,24.883,42900
LENZ,02-Sep-2026,5.21,5.81,5.21,5.8,993200
LESL,02-Sep-2026,0.51,0.55,0.5,0.5201,306000
LEXI,02-Sep-2026,40.52,40.52,40.46,40.5013,20600
LEXX,02-Sep-2026,12.63,13.61,12.4,13.205,40900
LFCR,02-Sep-2026,4.42,4.8,4.42,4.74,235900
LFMD,02-Sep-2026,3.07,3.1225,3.03,3.07,731000
LFMDP,02-Sep-2026,23,23.5,23,23.4999,2700
LFS,02-Sep-2026,2.2,2.24,2.105,2.15,109700
LFSC,02-Sep-2026,46.65,46.65,45.51,45.9664,2300
LFST,02-Sep-2026,12.74,13.15,12.74,12.89,3922000
LFTO,02-Sep-2026,18.73,19.02,18.02,18.7,687100
LFUS,02-Sep-2026,407.72,418.9199,401.01,410.52,155400
LFVN,02-Sep-2026,6.15,6.37,6.11,6.13,50500
LFWD,02-Sep-2026,7.21,7.26,7.1,7.26,3400
LGCF,02-Sep-2026,39.24,39.3483,39.24,39.3483,200
LGCL,02-Sep-2026,4.3,4.5,4,4.27,297900
LGDS,02-Sep-2026,48.62,49.0938,48.62,48.9798,26100
LGHL,02-Sep-2026,0.4436,0.4436,0.3948,0.4121,889800
LGIH,02-Sep-2026,54.17,55.09,53.16,53.45,512000
LGN,02-Sep-2026,52.04,52.7,50.77,51.35,676800
LGND,02-Sep-2026,285.73,290.33,281.69,286.92,189600
LGO,02-Sep-2026,0.68,0.7547,0.68,0.72,455900
LGRO,02-Sep-2026,46.71,46.76,46.6916,46.6916,400
LGVN,02-Sep-2026,6.67,6.9482,6.6503,6.78,36000
LHAI,02-Sep-2026,1.23,1.2799,0.96,1.1,92886700
LHSW,02-Sep-2026,2.25,4.15,2.2,3.71,1789600
LI,02-Sep-2026,11.78,12.03,11.72,12.01,3787900
LICN,02-Sep-2026,1.16,1.239,1.1,1.13,57600
LIDR,02-Sep-2026,1.37,1.5,1.35,1.39,6998500
LIEN,02-Sep-2026,10.29,10.3138,10.22,10.25,10300
LIF,02-Sep-2026,41.5,43.42,41.25,43.17,610400
LIFE,02-Sep-2026,35.66,37.28,34.85,36.8,1223600
LILA,02-Sep-2026,8.66,8.825,8.6,8.75,388800
LILAK,02-Sep-2026,8.52,8.72,8.315,8.63,1594000
LILAP,02-Sep-2026,20.6,21.2,20.6,20.84,358800
LIME,02-Sep-2026,40.24,41.91,39.965,41.63,244900
LIMN,02-Sep-2026,3.86,4,3.7,3.84,31700
LIN,02-Sep-2026,487.99,490.98,485.52,487.45,1154300
LINC,02-Sep-2026,24.61,25.27,24.32,24.76,712500
LIND,02-Sep-2026,26.08,26.08,24.98,25.39,1259700
LINE,02-Sep-2026,39.63,39.63,38.665,38.78,719400
LINK,02-Sep-2026,5.54,5.61,5.4005,5.42,11400
LINT,02-Sep-2026,92.03,95.54,90.88,95,61600
LIQT,02-Sep-2026,0.5525,0.5752,0.5525,0.5525,32700
LITE,02-Sep-2026,867.71,887.4599,848.43,870.58,2796900
LITP,02-Sep-2026,11.83,11.93,11.762,11.8822,44000
LITS,02-Sep-2026,0.98,1.055,0.98,1.04,71000
LIVE,02-Sep-2026,9.2,9.56,8.91,9.02,17500
LIVN,02-Sep-2026,80.16,83.315,80.16,82.4,769600
LKFN,02-Sep-2026,59.16,59.99,59.09,59.9,169900
LKFT,02-Sep-2026,28.88,29.46,28.72,28.81,215100
LKQ,02-Sep-2026,24.71,25.27,24.635,24.73,2120000
LLYVA,02-Sep-2026,97.84,100,97.84,98.76,72700
LLYVK,02-Sep-2026,101.41,103.355,101.38,102.51,174900
LMAT,02-Sep-2026,81.55,82.95,80.97,81.72,248100
LMB,02-Sep-2026,46,49.38,45.38,48.58,782100
LMBS,02-Sep-2026,49.41,49.45,49.365,49.4,392000
LMNR,02-Sep-2026,14.21,14.95,14.21,14.8,134100
LMRI,02-Sep-2026,11.64,11.985,11.64,11.75,237700
LMTL,02-Sep-2026,34.34,34.34,32.335,32.4281,14100
LNAI,02-Sep-2026,2.15,2.49,2.15,2.4,54500
LNKS,02-Sep-2026,0.781,0.859,0.781,0.859,19400
LNSR,02-Sep-2026,8.52,8.68,8.42,8.5,37600
LNT,02-Sep-2026,67.88,68.12,67.22,67.74,2293000
LNTH,02-Sep-2026,100.69,101,100.5372,100.81,780300
LNZA,02-Sep-2026,6.18,6.64,6.17,6.52,72700
LNZAW,02-Sep-2026,0.0138,0.0149,0.0138,0.0149,6400
LOAN,02-Sep-2026,4.09,4.1,4.05,4.05,21100
LOBO,02-Sep-2026,0.58,0.5988,0.58,0.5801,27100
LOCO,02-Sep-2026,15,15.45,15,15.35,260100
LOGI,02-Sep-2026,98.4,99.77,96.715,99.14,866200
LOGO,02-Sep-2026,20.76,20.77,20.745,20.765,2800
LONA,02-Sep-2026,7.72,7.805,7.67,7.67,5700
LOOP,02-Sep-2026,0.49,0.5255,0.481,0.5154,184300
LOPE,02-Sep-2026,150.01,151.22,149.2975,149.59,332000
LOT,02-Sep-2026,1.22,1.23,1.155,1.19,316100
LOTI,02-Sep-2026,26.14,26.17,26.1399,26.1444,6500
LOVE,02-Sep-2026,15.55,16.28,15.335,16.22,160200
LPBB,02-Sep-2026,10.8099,10.8099,10.8,10.8,700
LPCN,02-Sep-2026,2.22,2.39,2.22,2.355,35000
LPCV,02-Sep-2026,10.03,10.03,10.03,10.03,400
LPCVW,02-Sep-2026,0.33,0.33,0.32,0.32,2100
LPLA,02-Sep-2026,357.63,368.7467,352.64,355.1,927100
LPSN,02-Sep-2026,2.97,3.25,2.945,3.1,891400
LPTH,02-Sep-2026,9.51,9.8057,8.96,9.54,6537400
LQ,02-Sep-2026,24.32,24.32,24.32,24.32,100
LQDA,02-Sep-2026,67.4,70.1269,66.73,69.68,1282600
LQDT,02-Sep-2026,39.45,40.43,39.03,39.39,283500
LRCX,02-Sep-2026,291.5,292.1895,284.4,288.32,4843400
LRE,02-Sep-2026,1.2862,1.2862,1.2858,1.2858,900
LRGE,02-Sep-2026,87.34,88.03,87.34,87.8162,11700
LRHC,02-Sep-2026,0.425,0.4312,0.4058,0.425,194700
LRMR,02-Sep-2026,3.96,4.075,3.8218,3.87,515500
LRND,02-Sep-2026,46.1925,46.1925,46.1925,46.1925,300
LSAK,02-Sep-2026,4.47,4.52,4.32,4.36,67100
LSBK,02-Sep-2026,17.24,17.26,17.23,17.23,5500
LSCC,02-Sep-2026,112.09,114.1,109.53,113.88,1392000
LSE,02-Sep-2026,5.6,5.6,5.59,5.59,2800
LSTA,02-Sep-2026,1.52,1.64,1.45,1.57,113600
LSTR,02-Sep-2026,176.1,176.69,172.78,174.7,270600
LTBR,02-Sep-2026,7.47,7.58,7.33,7.57,561900
LTCC,02-Sep-2026,11.97,12.129,11.96,12.1149,13100
LTGO,02-Sep-2026,22.58,23.85,21.4,21.77,163200
LTGRU,02-Sep-2026,10.1,10.1,10.04,10.09,1300
LTGRW,02-Sep-2026,0.2601,0.2601,0.2601,0.2601,800
LTRN,02-Sep-2026,2.05,2.1001,1.9,1.93,162600
LTRX,02-Sep-2026,5.15,5.295,5.12,5.26,852800
LTRYW,02-Sep-2026,0.0064,0.0064,0.005,0.005,129600
LUCD,02-Sep-2026,0.96,0.9934,0.957,0.9899,636500
LUCY,02-Sep-2026,0.91,0.95,0.91,0.9411,200100
LUCYW,02-Sep-2026,0.0317,0.0397,0.0317,0.0397,3100
LULG,02-Sep-2026,6.44,6.59,6.3,6.3763,115900
LULU,02-Sep-2026,118.55,122.21,118.55,120.07,3942700
LUNG,02-Sep-2026,2.24,2.435,2.24,2.28,407300
LUNR,02-Sep-2026,14.84,15.1495,14.71,14.86,4524000
LVDS,02-Sep-2026,60.3,60.36,60.26,60.3192,5300
LVHD,02-Sep-2026,44.07,44.2699,43.895,44.1431,29900
LVIG,02-Sep-2026,97.78,97.7979,97.76,97.7979,600
LVLU,02-Sep-2026,12.2,12.2,10.98,11.18,68600
LVO,02-Sep-2026,3.64,3.73,3.3,3.32,232500
LWAY,02-Sep-2026,26.18,26.55,25.81,26.19,83400
LWLG,02-Sep-2026,5.18,5.2391,5.01,5.05,2952400
LX,02-Sep-2026,0.9058,0.91,0.8202,0.8209,23746300
LXEH,02-Sep-2026,1.54,1.5479,1.54,1.5479,300
LXEO,02-Sep-2026,4.76,4.96,4.65,4.78,468300
LXRX,02-Sep-2026,2.21,2.265,2.19,2.24,2335800
LYEL,02-Sep-2026,14.49,14.97,14.25,14.955,56800
LYFT,02-Sep-2026,16.82,17.44,16.71,17.35,8989800
LYTS,02-Sep-2026,19.84,20.1799,19.58,19.91,587000
LZ,02-Sep-2026,6.11,6.545,6.11,6.52,2903400
LZMH,02-Sep-2026,1.18,1.21,1.15,1.21,26000
MAAS,02-Sep-2026,16.3,17.88,16.3,17.4,146900
MAAY,02-Sep-2026,5.26,5.29,5.2501,5.26,16200
MACI,02-Sep-2026,10.9501,10.9501,10.9501,10.9501,100
MAKO,02-Sep-2026,9.73,10.05,9.73,9.885,164000
MAMA,02-Sep-2026,15.72,15.98,15.58,15.63,468000
MAMO,02-Sep-2026,0.9901,1.0101,0.9801,0.9901,29600
MANH,02-Sep-2026,216.49,220.05,214.39,216.77,444700
MAR,02-Sep-2026,336.04,337.99,332.24,333.14,1266600
MARA,02-Sep-2026,10.01,10.53,9.99,10.47,30007200
MARPS,02-Sep-2026,4.7492,4.7492,4.4525,4.4525,20500
MASK,02-Sep-2026,1.36,1.41,1.33,1.38,147900
MASS,02-Sep-2026,10.7,11,10.3,10.33,535600
MAT,02-Sep-2026,14.6,14.78,14.58,14.64,2476900
MATE,02-Sep-2026,31.16,31.16,31.16,31.16,300
MATH,02-Sep-2026,0.7601,0.8697,0.7601,0.7842,11600
MATR,02-Sep-2026,27.955,27.98,27.955,27.955,3600
MATW,02-Sep-2026,20.67,21.24,20.36,20.83,780200
MAXI,02-Sep-2026,13.1,13.19,13,13.1331,11700
MAZE,02-Sep-2026,26.49,27.44,26,26.72,440600
MB,02-Sep-2026,4.23,4.4,3.94,4.19,13600
MBAI,02-Sep-2026,6.48,6.64,6.01,6.48,51200
MBB,02-Sep-2026,92.44,92.52,92.275,92.51,2952500
MBBC,02-Sep-2026,15.05,15.29,15.05,15.05,400
MBIN,02-Sep-2026,52.15,54.4825,51.79,52.56,297400
MBINL,02-Sep-2026,25.01,25.02,24.9215,25,7000
MBINM,02-Sep-2026,25.68,25.68,25.665,25.6799,3100
MBINN,02-Sep-2026,19.92,19.9733,19.85,19.9,2400
MBIO,02-Sep-2026,0.5499,0.5499,0.5411,0.543,11500
MBLY,02-Sep-2026,8.39,8.59,8.32,8.5,2903200
MBOT,02-Sep-2026,1.46,1.52,1.46,1.46,539700
MBRX,02-Sep-2026,0.655,0.7,0.6384,0.694,350000
MBS,02-Sep-2026,8.44,8.48,8.4384,8.48,4496500
MBUU,02-Sep-2026,26.43,27.68,26.43,27.06,207300
MBVI,02-Sep-2026,10.22,10.22,10.22,10.22,109200
MBVIW,02-Sep-2026,0.35,0.35,0.35,0.35,1500
MBWM,02-Sep-2026,59.63,61.15,59.26,61,160500
MBX,02-Sep-2026,61.4,62.45,58.8,60.89,352200
MCAHR,02-Sep-2026,0.27,0.27,0.27,0.27,100
MCBS,02-Sep-2026,34.88,35.48,34.61,35.27,84700
MCDS,02-Sep-2026,67.4246,67.4246,67.4246,67.4246,100
MCFT,02-Sep-2026,23.1,23.74,22.84,23.45,229300
MCGA,02-Sep-2026,10.345,10.35,10.34,10.345,1500
MCGAU,02-Sep-2026,10.45,10.45,10.4101,10.4101,700
MCHB,02-Sep-2026,15.62,15.87,15.52,15.75,505800
MCHI,02-Sep-2026,54.48,54.715,54.44,54.54,1670400
MCHP,02-Sep-2026,71.46,73.19,70.665,72.76,5837700
MCHPP,02-Sep-2026,62.17,63.04,61.36,62.71,28200
MCHS,02-Sep-2026,40.5,40.568,40.5,40.568,1000
MCHX,02-Sep-2026,1.77,1.795,1.76,1.76,8500
MCRB,02-Sep-2026,5.23,5.6,5.14,5.54,63600
MCRI,02-Sep-2026,118.49,120.01,118.19,118.57,151400
MDAI,02-Sep-2026,1.57,1.6,1.55,1.565,71700
MDAIW,02-Sep-2026,0.45,0.53,0.45,0.52,6400
MDB,02-Sep-2026,379.25,398.5,371,375.4,7372700
MDBH,02-Sep-2026,2.88,3.025,2.875,2.95,3800
MDCX,02-Sep-2026,0.2515,0.26,0.2515,0.2599,354200
MDCXW,02-Sep-2026,0.32,0.32,0.3,0.31,2900
MDGL,02-Sep-2026,543.54,551.45,537.095,546.93,202800
MDIA,02-Sep-2026,1.12,1.23,1.105,1.21,26700
MDIV,02-Sep-2026,16.69,16.78,16.6701,16.7405,33700
MDLN,02-Sep-2026,35.56,36.5,35.395,36.3,9701000
MDLZ,02-Sep-2026,61.65,63.025,61.29,62.45,6049600
MDWD,02-Sep-2026,12.71,13.13,12.7001,13.06,104100
MDXG,02-Sep-2026,4.52,4.71,4.52,4.55,1040300
MDXH,02-Sep-2026,0.72,0.7499,0.6907,0.71,207400
MEDP,02-Sep-2026,583.65,593.7151,581.7801,593.02,204100
MEDS,02-Sep-2026,0.97,1.05,0.9321,1.03,128700
MEDX,02-Sep-2026,37.4899,37.4899,37.105,37.1775,1200
MEGL,02-Sep-2026,1.19,1.27,1.17,1.24,18200
MELI,02-Sep-2026,1949.61,2009.99,1949.61,2006.58,391300
MEMA,02-Sep-2026,31.46,31.5048,31.31,31.5048,20000
MEMS,02-Sep-2026,30.74,30.92,30.74,30.92,600
MENS,02-Sep-2026,2.27,2.34,2.01,2.25,53400
MEOH,02-Sep-2026,58.82,60.98,58.61,60.57,514900
MERC,02-Sep-2026,0.3895,0.3895,0.3485,0.3583,1706300
MESH,02-Sep-2026,10.08,10.08,10.08,10.08,300
MESHW,02-Sep-2026,0.3,0.3194,0.2686,0.3193,17400
MESO,02-Sep-2026,16.98,17.4,16.98,17.29,296600
META,02-Sep-2026,578.785,600.38,577,592.85,16552600
METC,02-Sep-2026,14.27,15.19,14.18,14.41,2614400
METCB,02-Sep-2026,7.29,7.76,7.27,7.42,60000
METCZ,02-Sep-2026,25.46,25.515,25.46,25.515,4900
METD,02-Sep-2026,16.56,16.56,15.9173,16.14,865800
METL,02-Sep-2026,27.97,28.625,27.97,28.48,3400
METU,02-Sep-2026,20.2,21.7,20.08,21.18,7327700
MEVO,02-Sep-2026,10.01,10.03,10,10.02,1258900
MF,02-Sep-2026,15.38,16.3,13.26,13.69,378900
MFI,02-Sep-2026,9.55,9.55,8.8,9.29,16800
MFIC,02-Sep-2026,9.66,9.76,9.615,9.67,354700
MFICL,02-Sep-2026,25.1,25.12,25.04,25.08,12900
MFIG,02-Sep-2026,21.38,21.4,21.37,21.375,700
MFIN,02-Sep-2026,11.92,12.0745,11.85,11.94,52700
MFLX,02-Sep-2026,16.58,16.68,16.56,16.64,20200
MFMO,02-Sep-2026,21.74,21.74,21.635,21.6876,2300
MFP,02-Sep-2026,44.16,45.36,43.115,45.04,405400
MFVL,02-Sep-2026,22.94,22.9479,22.94,22.9479,400
MGEE,02-Sep-2026,77.47,77.54,76.6,77.01,153700
MGIH,02-Sep-2026,1.54,1.56,1.5,1.52,5800
MGN,02-Sep-2026,0.1196,0.2172,0.1193,0.13,127151800
MGNI,02-Sep-2026,22.92,25.22,22.44,24.88,5903500
MGNX,02-Sep-2026,4.05,4.37,4.045,4.32,581700
MGPI,02-Sep-2026,16.49,17.06,16.43,16.83,254800
MGRC,02-Sep-2026,111.37,111.835,109.48,109.48,124300
MGRT,02-Sep-2026,119.95,120.85,101.57,105.01,11400
MGRX,02-Sep-2026,0.3783,0.3977,0.3731,0.384,188300
MGTX,02-Sep-2026,14.48,14.73,13.7216,14.06,629300
MGX,02-Sep-2026,1.16,1.19,1.15,1.16,313100
MGYR,02-Sep-2026,19.3,19.68,19.24,19.33,3800
MIAC,02-Sep-2026,9.83,9.845,9.83,9.84,2600
MIACU,02-Sep-2026,9.99,10.05,9.99,10.05,4800
MIACW,02-Sep-2026,0.45,0.45,0.45,0.45,400
MIDD,02-Sep-2026,112.22,114.235,111.86,112.44,508800
MILN,02-Sep-2026,45.34,46.02,45.34,45.9022,8000
MIMI,02-Sep-2026,0.7195,0.7195,0.61,0.6409,949600
MIND,02-Sep-2026,4.29,4.4934,4.29,4.43,37000
MIRA,02-Sep-2026,0.86,0.9349,0.8247,0.8495,581800
MIRM,02-Sep-2026,98.95,101,97.66,99.83,495600
MIST,02-Sep-2026,1.14,1.185,1.14,1.18,767700
MITK,02-Sep-2026,17.83,18.32,17.4401,17.96,996800
MKAM,02-Sep-2026,32.3002,32.3002,32.3002,32.3002,100
MKDW,02-Sep-2026,10.83,11.47,10.5,11.47,3400
MKLY,02-Sep-2026,10.25,10.26,10.24,10.24,174200
MKLYR,02-Sep-2026,0.25,0.25,0.25,0.25,27900
MKSI,02-Sep-2026,247.3,252.98,245.9,251.38,1089900
MKTW,02-Sep-2026,17.6,18.1,17.55,17.85,10700
MKTX,02-Sep-2026,162.72,162.84,162.655,162.83,1007800
MKZR,02-Sep-2026,1.49,1.5,1.46,1.48,5900
MLAA,02-Sep-2026,10.005,10.02,9.995,10.02,366700
MLAB,02-Sep-2026,125.18,131.43,125.18,130.65,139000
MLCI,02-Sep-2026,3.26,3.3,3.21,3.24,14500
MLCIL,02-Sep-2026,22.69,22.69,22.2552,22.2552,900
MLCO,02-Sep-2026,5.05,5.235,5.05,5.18,1415500
MLEC,02-Sep-2026,7,7.011,6.73,6.81,8800
MLECW,02-Sep-2026,0.0142,0.0159,0.0142,0.0159,6700
MLGO,02-Sep-2026,3.84,4.24,3.84,4.11,40200
MLKN,02-Sep-2026,22.07,22.68,22.005,22.355,391100
MLTX,02-Sep-2026,15.14,15.47,14.85,15.06,1188500
MLYS,02-Sep-2026,25.7,29.285,25.7,29.04,2039900
MMED,02-Sep-2026,22.78,24.43,22.62,23.76,4491800
MMLP,02-Sep-2026,2.28,2.3975,2.27,2.3,8700
MMSI,02-Sep-2026,90.42,92.18,90.065,90.13,908700
MMTX,02-Sep-2026,10.15,10.15,10.15,10.15,4300
MMYT,02-Sep-2026,56.97,58.88,56.195,57.68,343000
MNDO,02-Sep-2026,0.95,1.005,0.95,0.9865,123900
MNDR,02-Sep-2026,1.55,1.57,1.45,1.5,38000
MNDY,02-Sep-2026,96.3,97.37,93.24,94.44,870300
MNKD,02-Sep-2026,3.965,4.09,3.965,4.04,2590700
MNOV,02-Sep-2026,1.44,1.4577,1.43,1.43,14300
MNPR,02-Sep-2026,119.04,121,114.2823,116.28,203300
MNRO,02-Sep-2026,12.54,12.71,12.31,12.41,578300
MNSB,02-Sep-2026,24.83,25.475,24.76,25.23,27900
MNSBP,02-Sep-2026,25.0801,25.85,25.0801,25.85,5600
MNST,02-Sep-2026,45.34,45.37,44.04,44.42,10511600
MNTK,02-Sep-2026,1.84,2.16,1.79,2.13,1372400
MNTS,02-Sep-2026,4.08,4.2797,4.08,4.2,489700
MNVT,02-Sep-2026,28.76,29.2691,28.61,29.2691,16600
MNY,02-Sep-2026,0.8501,0.86,0.85,0.85,8800
MNZL,02-Sep-2026,59.78,59.98,59.78,59.9172,2800
MOB,02-Sep-2026,5.28,5.54,5.235,5.39,65000
MOBI,02-Sep-2026,11.5,12.315,11.37,12.09,449900
MOBX,02-Sep-2026,1.19,1.19,1.04,1.07,1358700
MODD,02-Sep-2026,3.59,3.8399,3.46,3.46,135000
MODL,02-Sep-2026,52.56,52.8714,52.56,52.76,29600
MOLN,02-Sep-2026,4.07,4.07,4.07,4.07,200
MOMO,02-Sep-2026,5.43,5.52,5.42,5.485,1024100
MOOD,02-Sep-2026,44.84,44.84,44.39,44.47,21400
MORN,02-Sep-2026,208.54,212.74,204.16,209.8,267200
MOVE,02-Sep-2026,12.28,15.2,12.28,14.48,556800
MPAA,02-Sep-2026,11.66,11.85,11.45,11.55,130600
MPB,02-Sep-2026,36.29,37.205,36.1,36.91,147600
MPG,02-Sep-2026,5.035,5.138,4.89,5.0536,93100
MPIA,02-Sep-2026,24.51,24.95,24.13,24.865,8000
MPLT,02-Sep-2026,13.33,13.9399,12.82,13.06,937600
MPWR,02-Sep-2026,1224.92,1245.23,1211.735,1219.36,405200
MQ,02-Sep-2026,16.14,16.8813,16.105,16.82,927000
MQQQ,02-Sep-2026,221.08,222.9399,221.07,222.53,4300
MRA,02-Sep-2026,20.89,21.33,20.8549,21.2534,1200
MRAL,02-Sep-2026,30.1,33.2513,30.1,32.98,88900
MRAM,02-Sep-2026,15.85,16.1134,15.55,15.9,596700
MRBK,02-Sep-2026,19.12,19.56,19.12,19.48,54200
MRCOW,02-Sep-2026,0.32,0.35,0.32,0.32,8000
MRCY,02-Sep-2026,82.8,82.8,80.955,82.57,617400
MRDN,02-Sep-2026,13.62,14,13.62,13.65,61800
MREO,02-Sep-2026,0.27,0.2837,0.2626,0.2672,809200
MRKR,02-Sep-2026,1.25,1.3303,1.24,1.25,167500
MRLN,02-Sep-2026,2.815,2.86,2.705,2.85,1307100
MRM,02-Sep-2026,0.9301,0.9898,0.9003,0.95,10000
MRNA,02-Sep-2026,151.4,156.4151,146.54,150.81,16563100
MRNO,02-Sep-2026,0.2104,0.2159,0.2046,0.21,85200
MRNOW,02-Sep-2026,0.0051,0.0051,0.0051,0.0051,500
MRTN,02-Sep-2026,13.91,14.085,13.72,13.99,752400
MRVI,02-Sep-2026,7.3,7.605,7.27,7.38,3668900
MRVL,02-Sep-2026,205.25,208.49,203.5,206.48,15224800
MRVU,02-Sep-2026,91.85,94.43,90.26,93.05,72000
MRX,02-Sep-2026,72.58,73.36,69.12,71.67,601500
MSAI,02-Sep-2026,5.11,5.3853,5.05,5.05,13300
MSAIW,02-Sep-2026,0.0189,0.038,0.0112,0.024,210500
MSBI,02-Sep-2026,32.73,33.38,32.73,33.22,163800
MSBIP,02-Sep-2026,25.34,25.36,25.32,25.35,1800
MSEX,02-Sep-2026,58.17,58.93,57.42,57.91,92100
MSFD,02-Sep-2026,10.31,10.4299,10.3,10.37,1052700
MSFL,02-Sep-2026,25.36,25.36,24.7,24.98,182700
MSFT,02-Sep-2026,499.85,500.27,493.81,496.82,15336000
MSFU,02-Sep-2026,38.1,38.105,37.16,37.61,1904500
MSGM,02-Sep-2026,4,4.2899,4,4.08,95600
MSGY,02-Sep-2026,1.83,1.91,1.8299,1.87,31600
MSLE,02-Sep-2026,9.12,9.2,8.93,9.05,10800
MSR,02-Sep-2026,15.105,15.105,15.105,15.105,100
MSS,02-Sep-2026,1.43,1.49,1.43,1.46,87200
MST,02-Sep-2026,11.17,11.27,10.75,11,59000
MSTP,02-Sep-2026,19.77,20.2,19.27,19.7332,29700
MSTR,02-Sep-2026,123.35,124.66,121.38,123.19,14852200
MSTX,02-Sep-2026,12.88,13.15,12.47,12.84,6520200
MTAKU,02-Sep-2026,9.94,9.95,9.94,9.95,1500
MTC,02-Sep-2026,3.8282,3.89,3.74,3.845,7400
MTCH,02-Sep-2026,41.73,42.69,41.43,42.44,3445700
MTEK,02-Sep-2026,1.12,1.2,1.095,1.15,232500
MTEKW,02-Sep-2026,0.11,0.11,0.11,0.11,100
MTEN,02-Sep-2026,1.05,1.05,1.01,1.03,155700
MTEX,02-Sep-2026,7.2,7.46,6.525,6.82,98100
MTLS,02-Sep-2026,7.09,7.1899,7.05,7.07,61900
MTRX,02-Sep-2026,10.77,10.94,10.6701,10.86,453700
MTSI,02-Sep-2026,260.32,264.9,255.5301,257.56,809600
MTVA,02-Sep-2026,1.7,1.84,1.6993,1.82,79800
MTYY,02-Sep-2026,17.8,17.91,17.77,17.91,3300
MU,02-Sep-2026,930.83,958,927.1569,956.08,21440400
MUD,02-Sep-2026,10.73,10.77,10.42,10.45,3813700
MULL,02-Sep-2026,20.22,21.355,20.03,21.25,4004300
MULT,02-Sep-2026,24.78,24.805,24.78,24.805,200
MUU,02-Sep-2026,28.98,30.68,28.79,30.47,22989200
MUYY,02-Sep-2026,19.73,19.8227,19.66,19.74,14400
MUZE,02-Sep-2026,9.98,9.99,9.98,9.98,252800
MVBF,02-Sep-2026,30.4,31.265,30.22,30.85,76200
MVIS,02-Sep-2026,1.73,1.75,1.64,1.65,805400
MVLL,02-Sep-2026,22.49,23.19,22.1,22.69,2200800
MVST,02-Sep-2026,0.6831,0.7225,0.6801,0.6936,5501700
MWC,02-Sep-2026,1.38,1.42,1.34,1.4,212000
MWH,02-Sep-2026,24.78,25.33,24,24.22,1855000
MWYN,02-Sep-2026,1.37,1.41,1.3,1.39,226500
MXCT,02-Sep-2026,1.24,1.305,1.22,1.27,502400
MXL,02-Sep-2026,57.29,60.32,56.5301,60.1,2007800
MYCF,02-Sep-2026,24.99,24.995,24.96,24.99,8800
MYCG,02-Sep-2026,24.9,24.9,24.89,24.8934,16200
MYCH,02-Sep-2026,24.75,24.75,24.73,24.745,159200
MYCI,02-Sep-2026,24.52,24.525,24.511,24.5217,4800
MYCJ,02-Sep-2026,24.2901,24.2964,24.28,24.29,5700
MYCK,02-Sep-2026,24.325,24.3305,24.325,24.3305,1600
MYCL,02-Sep-2026,24.13,24.13,24.13,24.13,100
MYCM,02-Sep-2026,24.05,24.0504,24.05,24.0504,100
MYCN,02-Sep-2026,23.8416,23.8416,23.8416,23.8416,100
MYCO,02-Sep-2026,23.7516,23.7516,23.7516,23.7516,100
MYFW,02-Sep-2026,30.71,31.12,30.57,31.02,59300
MYGN,02-Sep-2026,3.16,3.35,3.16,3.23,1351100
MYHA,02-Sep-2026,24.8058,24.8058,24.8058,24.8058,100
MYHB,02-Sep-2026,24.92,24.92,24.92,24.92,100
MYHC,02-Sep-2026,24.9442,24.9442,24.9442,24.9442,100
MYHD,02-Sep-2026,24.86,24.87,24.86,24.87,200
MYHE,02-Sep-2026,24.62,24.66,24.58,24.6097,3400
MYMF,02-Sep-2026,24.91,24.91,24.835,24.835,1900
MYMG,02-Sep-2026,24.72,24.75,24.7,24.75,6400
MYMH,02-Sep-2026,24.56,24.56,24.49,24.525,5200
MYMI,02-Sep-2026,24.4,24.4,24.31,24.315,400
MYMJ,02-Sep-2026,24.56,24.56,24.5,24.5,600
MYMK,02-Sep-2026,24.66,24.66,24.66,24.66,100
MYPS,02-Sep-2026,0.5,0.52,0.4971,0.514,178200
MYRG,02-Sep-2026,288.5,292.9899,280.87,282.65,418500
MYSE,02-Sep-2026,2.745,2.9499,2.73,2.89,114700
MYSZ,02-Sep-2026,2.4,2.41,2.241,2.3,25600
MYX,02-Sep-2026,9.99,10.03,9.99,9.99,450800
MYXXR,02-Sep-2026,0.195,0.195,0.195,0.195,34000
MZTI,02-Sep-2026,113.01,113.24,111.22,111.37,369300
NA,02-Sep-2026,2.02,2.25,2.02,2.11,157400
NAAS,02-Sep-2026,3.03,3.2,3.03,3.04,17200
NAGE,02-Sep-2026,3.13,3.21,3.12,3.17,308500
NAII,02-Sep-2026,2.06,2.27,2.035,2.12,16600
NAKA,02-Sep-2026,7.07,7.77,6.99,7.68,131400
NAMI,02-Sep-2026,2.4,2.45,2.22,2.3,33200
NAMM,02-Sep-2026,1.42,1.48,1.365,1.39,607300
NAMMW,02-Sep-2026,0.21,0.24,0.21,0.2399,9800
NAMS,02-Sep-2026,25.15,26.0053,25,25.59,979900
NATH,02-Sep-2026,97.84,98.15,97.84,97.86,19100
NATO,02-Sep-2026,39.29,39.35,38.93,38.9898,64200
NATR,02-Sep-2026,13.9,14.28,13.895,14.16,160300
NAUT,02-Sep-2026,0.9414,0.99,0.9201,0.9618,836100
NAVI,02-Sep-2026,9.33,9.745,9.33,9.56,1557700
NAVN,02-Sep-2026,27.59,27.9799,26.23,26.9,2411700
NB,02-Sep-2026,4.03,4.1799,3.99,4.14,2115800
NBBK,02-Sep-2026,22.13,22.8,22.11,22.6,301600
NBIG,02-Sep-2026,13.11,14.37,13.02,14.25,1436600
NBIL,02-Sep-2026,19,20.8498,18.9,20.69,1972400
NBIS,02-Sep-2026,195.65,205.21,195.15,204.09,10817900
NBIX,02-Sep-2026,157.39,160.425,155.09,157.79,1037800
NBN,02-Sep-2026,125.79,129.79,125.11,129.55,85400
NBP,02-Sep-2026,1.72,1.8,1.72,1.79,183400
NBRG,02-Sep-2026,10.07,10.07,10.07,10.07,500
NBRGR,02-Sep-2026,0.23,0.2309,0.1912,0.23,8200
NBRGU,02-Sep-2026,10.3,10.3,10.2999,10.2999,500
NBTB,02-Sep-2026,50.49,51.5,50.41,51.21,275400
NBTX,02-Sep-2026,41.4,43.4,40.2,41.67,185200
NCEL,02-Sep-2026,3.39,3.39,3.33,3.35,3500
NCI,02-Sep-2026,13.05,13.7,13,13.48,1160500
NCIQ,02-Sep-2026,19.34,19.48,19.295,19.42,48800
NCLD,02-Sep-2026,20.98,21.91,20.91,21.8,622400
NCMI,02-Sep-2026,2.52,2.605,2.5,2.51,586500
NCNA,02-Sep-2026,1.38,1.425,1.3305,1.39,50700
NCNO,02-Sep-2026,22.2,22.98,22.105,22.96,2149800
NCO,02-Sep-2026,9.91,9.91,9.91,9.91,100000
NCOOU,02-Sep-2026,10.05,10.1,10.05,10.05,4800
NCPB,02-Sep-2026,24.42,24.44,24.41,24.42,1400
NCPL,02-Sep-2026,0.91,1.15,0.9021,1.03,37034100
NCPLW,02-Sep-2026,0.0287,0.0394,0.0287,0.036,27600
NCRA,02-Sep-2026,2.15,2.2686,1.9,1.93,235800
NCT,02-Sep-2026,5.24,6.16,4.73,4.9,15397100
NCTY,02-Sep-2026,4.81,4.945,4.42,4.88,215100
NDAA,02-Sep-2026,24.235,24.32,24.235,24.295,97800
NDAQ,02-Sep-2026,97.54,97.545,94.61,95.72,4658800
NDLS,02-Sep-2026,13.81,14.7199,13.8,14.04,36200
NDRA,02-Sep-2026,5.05,6.75,5.05,6.46,135900
NDSN,02-Sep-2026,316.72,320.9719,314.14,316.63,322300
NECB,02-Sep-2026,26.31,27,26.31,26.74,47400
NEGG,02-Sep-2026,15.98,17.7499,15.905,17,88700
NEMG,02-Sep-2026,23.73,23.73,22.51,23.0579,2400
NEO,02-Sep-2026,17.4,18.1763,17.26,17.4,1794400
NEOG,02-Sep-2026,11.71,12.04,11.605,11.81,2179700
NEON,02-Sep-2026,0.8605,0.8794,0.86,0.8621,39200
NEOV,02-Sep-2026,3.66,3.85,3.55,3.78,1553400
NEOVW,02-Sep-2026,1.4,1.4,1.4,1.4,100
NEPH,02-Sep-2026,4.08,4.305,4.0001,4.215,15300
NERV,02-Sep-2026,4.5,4.6,4.46,4.48,82800
NESR,02-Sep-2026,34.57,35.26,33.51,34.74,1087700
NETG,02-Sep-2026,16.72,16.72,14.94,15.3044,80300
NEUP,02-Sep-2026,3.84,3.84,3.75,3.75,17900
NEWT,02-Sep-2026,11.74,12.11,11.65,12.08,227500
NEWTG,02-Sep-2026,25.21,25.2499,25.2,25.225,3000
NEWTH,02-Sep-2026,25.23,25.3,25.05,25.2001,9700
NEWTI,02-Sep-2026,25.215,25.215,25.215,25.215,300
NEWTP,02-Sep-2026,25.52,25.52,25,25.0001,8400
NEWZ,02-Sep-2026,30.005,30.2031,30.005,30.2031,300
NEXM,02-Sep-2026,2.41,2.5,2.26,2.28,26400
NEXN,02-Sep-2026,9.62,9.89,9.5,9.85,598000
NEXR,02-Sep-2026,1.84,2,1.7201,1.85,267300
NEXRW,02-Sep-2026,0.0097,0.0127,0.0097,0.0126,1800
NEXT,02-Sep-2026,7.52,7.64,7.4,7.44,2057700
NFE,02-Sep-2026,0.29,0.2936,0.2723,0.2761,1396800
NFLX,02-Sep-2026,80.55,83.12,80.3,82.73,22077800
NFRX,02-Sep-2026,26.0088,26.0088,26.0088,26.0088,100
NFTY,02-Sep-2026,54.42,54.66,54.3,54.515,27300
NFXL,02-Sep-2026,19.06,20.26,18.95,20.07,660500
NFXS,02-Sep-2026,18.89,18.89,18.37,18.4243,8800
NGEN,02-Sep-2026,2.32,2.36,2.31,2.33,383400
NGHT,02-Sep-2026,23.5,23.5,22.81,22.885,900
NGNE,02-Sep-2026,37.97,39.78,36.8618,38.36,252900
NHIC,02-Sep-2026,10.58,10.62,10.58,10.62,75300
NHICU,02-Sep-2026,11.32,12.95,11.3,11.37,9100
NHICW,02-Sep-2026,1.6001,1.6001,1.6,1.6,75000
NHP,02-Sep-2026,16.14,16.4,16.02,16.14,455200
NHPAP,02-Sep-2026,25.23,25.24,25.23,25.24,13200
NHPBP,02-Sep-2026,25.3,25.375,24.745,25.3,144900
NHTC,02-Sep-2026,1.6,1.665,1.58,1.6,40400
NICE,02-Sep-2026,105.04,108.625,105.04,106.86,349200
NICM,02-Sep-2026,6.515,6.6,6.515,6.6,500
NIKI,02-Sep-2026,7.16,7.29,6.55,6.61,31200
NIKL,02-Sep-2026,14.41,14.5708,14.41,14.485,19300
NIOBW,02-Sep-2026,1.11,1.45,1.11,1.15,2800
NIOG,02-Sep-2026,7.48,7.485,7.11,7.125,236600
NIPG,02-Sep-2026,15.06,16.02,15.06,15.5,8700
NIU,02-Sep-2026,1.98,1.985,1.94,1.96,87800
NIVF,02-Sep-2026,1.36,1.36,1.165,1.21,160400
NIXT,02-Sep-2026,34.65,34.6921,34.6381,34.6381,6900
NIXX,02-Sep-2026,0.6,0.6399,0.595,0.6078,208400
NKLR,02-Sep-2026,5.08,5.3,5,5.18,195800
NKSH,02-Sep-2026,40.5,41.68,40.05,41.47,32900
NKTR,02-Sep-2026,72.38,74.7201,70.7043,72.74,353900
NKTX,02-Sep-2026,2.7,2.825,2.655,2.765,489600
NMAD,02-Sep-2026,4.06,4.19,3.67,3.71,387100
NMFC,02-Sep-2026,7.5,7.525,7.44,7.45,361200
NMFCZ,02-Sep-2026,25.1801,25.3596,25.1801,25.2001,4400
NMIH,02-Sep-2026,44.52,44.98,44.42,44.57,543400
NMRA,02-Sep-2026,1.35,1.41,1.345,1.38,532200
NMRK,02-Sep-2026,15.25,15.36,14.46,14.5,2026400
NMTC,02-Sep-2026,1.6,1.8,1.5802,1.67,203800
NN,02-Sep-2026,15.14,15.76,14.99,15.35,1620900
NNBR,02-Sep-2026,3.35,3.46,3.29,3.4,1089900
NNDM,02-Sep-2026,1.57,1.61,1.57,1.58,1384500
NNE,02-Sep-2026,17.43,17.76,17.1701,17.59,1357200
NNNN,02-Sep-2026,7.14,7.1577,6.615,6.85,228300
NNOX,02-Sep-2026,0.7974,0.8,0.7605,0.7638,554700
NODK,02-Sep-2026,15.44,15.48,15.05,15.34,27700
NOEMU,02-Sep-2026,10.8,12.16,10.8,12.16,400
NOEMW,02-Sep-2026,0.1649,0.1649,0.1649,0.1649,100
NOMA,02-Sep-2026,2.01,2.15,2.005,2.02,6200
NOVT,02-Sep-2026,144.98,147.13,142.68,144.52,255500
NOVTU,02-Sep-2026,61.56,61.69,61.05,61.18,3200
NOWL,02-Sep-2026,7.95,8.25,7.54,7.58,7752400
NPAC,02-Sep-2026,10.48,10.48,10.48,10.48,1900
NPCE,02-Sep-2026,14.75,15.555,14.68,15.19,163700
NPFI,02-Sep-2026,25.71,25.75,25.7001,25.72,8600
NPT,02-Sep-2026,3.46,3.48,3.39,3.42,4600
NRC,02-Sep-2026,20.47,20.65,19.925,20.01,114000
NRDS,02-Sep-2026,9.775,10.105,9.775,9.98,497900
NRES,02-Sep-2026,36.1941,36.1941,36.1941,36.1941,100
NRIM,02-Sep-2026,25.43,26,25.32,25.79,165800
NRIX,02-Sep-2026,26.35,26.915,25.39,25.82,1736000
NRSN,02-Sep-2026,0.417,0.4499,0.3898,0.4108,212000
NRSNW,02-Sep-2026,0.046,0.058,0.046,0.05,2500
NRXP,02-Sep-2026,3.46,3.5,3.38,3.46,418300
NSAI,02-Sep-2026,9.86,9.87,9.85,9.865,127600
NSAIR,02-Sep-2026,0.16,0.17,0.15,0.16,947000
NSAIU,02-Sep-2026,10.04,10.05,10.03,10.03,228800
NSAIW,02-Sep-2026,0.05,0.05,0.035,0.0499,613500
NSI,02-Sep-2026,38.24,38.26,38.225,38.225,500
NSIT,02-Sep-2026,154.07,156.2,150.01,152.06,231500
NSLR,02-Sep-2026,9.97,10.198,9.92,10.14,101800
NSLRL,02-Sep-2026,25.238,25.242,25.238,25.24,1800
NSPR,02-Sep-2026,0.8983,0.9,0.8402,0.8402,66100
NSSC,02-Sep-2026,35.45,36.61,35.45,35.65,390800
NSTS,02-Sep-2026,14.01,14.03,13.99,14,22600
NSYS,02-Sep-2026,11.55,11.86,11.4,11.51,12700
NTAL,02-Sep-2026,31.5,31.689,29.01,29.0984,24100
NTAP,02-Sep-2026,187.15,189.21,180.025,180.77,3973400
NTCL,02-Sep-2026,1.93,1.96,1.8599,1.88,21000
NTCT,02-Sep-2026,38.12,38.2,37.39,37.49,635600
NTES,02-Sep-2026,119.57,120.922,119.42,119.465,497300
NTGR,02-Sep-2026,20.87,21.17,20.62,20.95,268800
NTHI,02-Sep-2026,4.71,5.1,4.71,4.96,151300
NTIC,02-Sep-2026,8.0259,8.0259,7.9,7.9,6100
NTLA,02-Sep-2026,12.67,13.13,12.28,12.76,3245500
NTNX,02-Sep-2026,66.54,67.22,65.78,66.85,2370000
NTRA,02-Sep-2026,318.53,330.92,318,325.165,1033200
NTRB,02-Sep-2026,4.53,4.79,4.5,4.7,29300
NTRBW,02-Sep-2026,0.4,0.6075,0.4,0.6075,10600
NTRP,02-Sep-2026,1.4,1.49,1.4,1.45,31000
NTRS,02-Sep-2026,183.31,186.67,182.99,183.98,909300
NTRSO,02-Sep-2026,18.75,18.85,18.6,18.8499,22400
NTSK,02-Sep-2026,13.94,14.0326,13.26,13.75,8693400
NTWK,02-Sep-2026,4.155,4.155,4.05,4.05,19300
NTWO,02-Sep-2026,10.89,10.98,10.85,10.89,126000
NTWOW,02-Sep-2026,1.2,1.2001,1.12,1.16,4800
NUAI,02-Sep-2026,4.76,5.17,4.62,5.14,5461000
NUAIW,02-Sep-2026,2.28,2.54,2.25,2.52,10000
NUCL,02-Sep-2026,6.82,7.02,6.705,6.95,392000
NUCLW,02-Sep-2026,0.714,0.83,0.714,0.75,187900
NUG,02-Sep-2026,10.57,11.2492,10.57,11.1867,8600
NUGY,02-Sep-2026,12.58,12.6962,12.52,12.5554,12000
NUIF,02-Sep-2026,24.97,24.97,24.97,24.97,100
NUR,02-Sep-2026,2.08,2.16,1.85,1.9,65800
NUSB,02-Sep-2026,25.17,25.175,25.17,25.175,9500
NUTX,02-Sep-2026,188.65,195.29,186.28,192,135700
NUWE,02-Sep-2026,0.7417,0.7712,0.7218,0.739,224800
NVAX,02-Sep-2026,10.275,10.73,9.96,10.32,5635800
NVCR,02-Sep-2026,17.88,18.59,17.5,17.83,1324000
NVCT,02-Sep-2026,23.06,24.01,23.06,23.92,188600
NVD,02-Sep-2026,4.01,4.0199,3.66,3.79,125885500
NVDA,02-Sep-2026,218.79,227.95,218.48,224.41,157104600
NVDD,02-Sep-2026,30.54,30.54,29.29,29.77,305100
NVDG,02-Sep-2026,19.5,21.01,19.48,20.3804,409800
NVDL,02-Sep-2026,34.1,36.92,33.995,35.83,20254400
NVDS,02-Sep-2026,19,19,17.78,18.2521,790500
NVDU,02-Sep-2026,135.74,146.91,135.5,142.67,437200
NVEC,02-Sep-2026,97.15,98.67,96.05,98.5,77100
NVMI,02-Sep-2026,354.21,356.52,344.53,349.6,498500
NVNI,02-Sep-2026,0.98,0.9898,0.9108,0.9693,14200
NVNO,02-Sep-2026,11.44,11.5499,11.21,11.3,4700
NVPS,02-Sep-2026,21.941,22.1072,21.941,22.1072,1400
NVTS,02-Sep-2026,10.86,11.355,10.84,11.21,7344900
NVX,02-Sep-2026,3.04,3.06,2.86,2.875,48600
NVYY,02-Sep-2026,11.87,11.895,11.86,11.88,20400
NWBI,02-Sep-2026,15.19,15.49,15.17,15.43,1245000
NWE,02-Sep-2026,69.61,70.83,69.22,70.19,479000
NWFL,02-Sep-2026,34.18,35.175,34.11,34.61,54900
NWGL,02-Sep-2026,1.22,1.3431,1.195,1.27,1189800
NWL,02-Sep-2026,6.04,6.15,5.93,5.98,8963200
NWPX,02-Sep-2026,110.02,111.39,108.1,109.88,154500
NWS,02-Sep-2026,34.45,34.925,34.28,34.41,1271000
NWSA,02-Sep-2026,30.7,31.32,30.535,30.65,3704500
NWTG,02-Sep-2026,1.16,1.2,1.15,1.16,13100
NXGL,02-Sep-2026,0.3576,0.3771,0.3394,0.3474,152700
NXGLW,02-Sep-2026,0.0123,0.0123,0.0123,0.0123,19800
NXH,02-Sep-2026,3.7,3.89,3.67,3.825,2485928
NXH,02-Sep-2026,3.68,3.89,3.68,3.82,3312000
NXL,02-Sep-2026,6.77,6.8,5.9377,6.19,27800
NXPI,02-Sep-2026,223.1,229.99,222.22,228.5,2745600
NXPL,02-Sep-2026,9.68,9.944,9.22,9.26,47500
NXST,02-Sep-2026,177.9,182.685,175.27,177.19,305300
NXT,02-Sep-2026,82.2,83.78,81.21,82.55,1734200
NXTC,02-Sep-2026,6.7,7.44,6.475,7.35,112600
NXTG,02-Sep-2026,151.43,152.26,151.3604,152.2228,2500
NXTS,02-Sep-2026,1.76,1.8942,1.61,1.72,31900
NXTT,02-Sep-2026,5.36,5.68,5.34,5.43,15800
NXXT,02-Sep-2026,0.2131,0.2253,0.2062,0.2063,1498200
NYAX,02-Sep-2026,53.74,54.18,53.34,53.75,17100
NYXH,02-Sep-2026,1.52,1.535,1.495,1.51,3028900
NZAC,02-Sep-2026,46.64,46.75,46.58,46.7023,1700
OABI,02-Sep-2026,4.47,5.43,4.47,5.04,5084200
OABIW,02-Sep-2026,0.26,0.422,0.26,0.3509,120900
OACC,02-Sep-2026,10.8,10.8,10.77,10.8,97600
OACCW,02-Sep-2026,0.9,0.9,0.89,0.89,82000
OBAI,02-Sep-2026,0.35,0.3871,0.3413,0.3516,1272600
OBAWW,02-Sep-2026,0.1821,0.1821,0.182,0.182,200
OBIL,02-Sep-2026,49.95,49.96,49.95,49.955,15100
OBIO,02-Sep-2026,4.92,5.01,4.83,4.95,240300
OBT,02-Sep-2026,37.69,38.38,37.11,37.77,60200
OBTC,02-Sep-2026,24.68,24.91,24.68,24.8118,4200
OBX,02-Sep-2026,17.35,18.015,16.25,17,126300
OCC,02-Sep-2026,13.13,13.23,12.875,13.12,87100
OCCI,02-Sep-2026,2.55,2.5849,2.5,2.56,178100
OCCIM,02-Sep-2026,25.2,25.2,25.14,25.17,5600
OCCIN,02-Sep-2026,24.93,24.935,24.92,24.92,11700
OCFC,02-Sep-2026,18.64,19.16,18.605,19.09,843100
OCG,02-Sep-2026,1.53,1.62,1.5,1.55,40300
OCGN,02-Sep-2026,1.34,1.38,1.31,1.32,4284800
OCLTU,02-Sep-2026,10.01,10.05,10.01,10.05,500
OCS,02-Sep-2026,12.2,12.395,11.95,12.02,183000
OCSL,02-Sep-2026,13.2,13.3,13.1,13.17,387600
OCTV,02-Sep-2026,19.3,19.455,18.585,19,2648200
OCUL,02-Sep-2026,10.58,11.01,10.47,10.9,2068700
ODD,02-Sep-2026,14.12,14.7,14.05,14.49,761200
ODDS,02-Sep-2026,25.48,25.48,25.48,25.48,100
ODFL,02-Sep-2026,186.61,189.295,183.5,187.61,2188900
ODTE,02-Sep-2026,25.35,25.41,25.34,25.4059,2200
ODTX,02-Sep-2026,24.8,26.8,24.8,26.62,171400
ODYS,02-Sep-2026,3.7,3.7,3.66,3.7,3000
OESX,02-Sep-2026,22.26,22.9603,21.5,21.78,64400
OFAL,02-Sep-2026,0.63,0.66,0.6011,0.6444,543100
OFIX,02-Sep-2026,9.4,9.6,9.29,9.38,330400
OFLX,02-Sep-2026,26.1,26.21,25.75,25.99,45100
OFS,02-Sep-2026,3.88,3.97,3.81,3.97,52100
OGGWZ,02-Sep-2026,0.0401,0.0401,0.015,0.0252,53600
OGI,02-Sep-2026,1.18,1.21,1.17,1.19,298300
OHAC,02-Sep-2026,9.96,9.965,9.96,9.96,123600
OIO,02-Sep-2026,1.94,1.95,1.69,1.71,130100
OKLL,02-Sep-2026,2.17,2.34,2.12,2.32,8031500
OKTA,02-Sep-2026,166.52,168,157.73,163.15,3755200
OKTG,02-Sep-2026,38.14,38.14,34.015,36.2422,25000
OKUR,02-Sep-2026,3.54,3.665,3.41,3.54,127400
OKYO,02-Sep-2026,1.52,1.66,1.5161,1.62,91500
OLB,02-Sep-2026,0.2801,0.2917,0.2667,0.2712,182300
OLED,02-Sep-2026,82.4,84.655,82.4,83.56,564800
OLLI,02-Sep-2026,76,78.69,73.02,73.87,4832300
OLMA,02-Sep-2026,10.58,11.02,10.475,10.83,866400
OLOX,02-Sep-2026,0.97,1.1,0.97,1.02,1451300
OM,02-Sep-2026,3.66,3.8416,3.65,3.67,69900
OMAB,02-Sep-2026,98.39,100.84,97.725,100.06,96800
OMCL,02-Sep-2026,34.51,35.29,34.26,34.71,634500
OMDA,02-Sep-2026,23,23.73,22.836,23.31,1225900
OMER,02-Sep-2026,18.97,19.47,18.44,18.86,1350600
OMEX,02-Sep-2026,0.84,0.8559,0.8213,0.848,212000
OMH,02-Sep-2026,3.3,3.3,2.99,3.19,91500
OMSE,02-Sep-2026,4.73,4.94,4.65,4.76,45800
ON,02-Sep-2026,72.86,74.14,71.6557,72.34,7141600
ONB,02-Sep-2026,25.34,25.895,25.245,25.65,4548600
ONBPO,02-Sep-2026,24.95,24.99,24.95,24.99,600
ONBPP,02-Sep-2026,24.81,24.9316,24.81,24.93,3000
ONC,02-Sep-2026,364.99,370.48,360.53,361.78,295200
ONCH,02-Sep-2026,10.3299,10.33,10.325,10.33,22100
ONCHU,02-Sep-2026,10.45,10.45,10.42,10.4399,5700
ONCHW,02-Sep-2026,0.4,0.4,0.4,0.4,200
ONCO,02-Sep-2026,0.62,0.7034,0.62,0.6743,98300
ONCY,02-Sep-2026,0.85,0.9054,0.8362,0.88,1587900
ONDG,02-Sep-2026,2.06,2.36,2.02,2.36,3310000
ONDS,02-Sep-2026,7.06,7.63,7.04,7.61,79858600
ONEG,02-Sep-2026,1.02,1.03,1.02,1.025,23900
ONEQ,02-Sep-2026,102.81,103.4499,102.71,103.32,124700
ONEW,02-Sep-2026,12,12.265,11.775,11.81,175800
ONFO,02-Sep-2026,1.25,1.29,1.2,1.26,234400
ONFOW,02-Sep-2026,0.0128,0.0143,0.0126,0.0127,57600
ONMD,02-Sep-2026,0.5742,0.58,0.5636,0.568,110000
ONMDW,02-Sep-2026,0.03,0.0339,0.028,0.0339,6600
OPAD,02-Sep-2026,4.11,4.45,4.11,4.33,25400
OPAL,02-Sep-2026,1.96,2.04,1.92,1.99,238300
OPBK,02-Sep-2026,14.99,15.31,14.91,15.17,43500
OPCH,02-Sep-2026,23.69,24.11,23.69,23.85,1294200
OPEG,02-Sep-2026,1.64,1.7408,1.64,1.7068,51600
OPEN,02-Sep-2026,3.05,3.125,3.01,3.09,22509500
OPENL,02-Sep-2026,0.12,0.14,0.1077,0.1255,309900
OPENW,02-Sep-2026,0.19,0.196,0.185,0.196,75500
OPENZ,02-Sep-2026,0.11,0.1168,0.1003,0.1075,386100
OPI,02-Sep-2026,17.91,18.01,17.6233,17.66,36800
OPK,02-Sep-2026,1.55,1.715,1.54,1.69,7144400
OPPJ,02-Sep-2026,58.22,58.85,58.1261,58.63,84900
OPRA,02-Sep-2026,18.635,18.635,18.3,18.46,442300
OPRT,02-Sep-2026,7.24,7.625,7.24,7.43,394000
OPRX,02-Sep-2026,7.93,8.3499,7.48,8.04,171600
OPTH,02-Sep-2026,5,5,4.7,4.75,76000
OPTX,02-Sep-2026,7.25,7.55,7.06,7.53,134600
OPTXW,02-Sep-2026,1.121,1.2,1.121,1.2,5800
OPTZ,02-Sep-2026,45.3051,45.3051,45.3051,45.3051,100
OPXS,02-Sep-2026,10.3,10.8,10.18,10.18,42000
ORBS,02-Sep-2026,0.7624,0.843,0.7517,0.8376,11587900
ORBX,02-Sep-2026,41.16,41.6199,40.93,41.49,12800
ORCS,02-Sep-2026,30.69,30.69,29.285,29.4684,45800
ORCU,02-Sep-2026,7.12,7.73,7.04,7.64,2916700
ORCX,02-Sep-2026,19.76,21.55,19.6,21.31,1917700
ORGO,02-Sep-2026,1.63,1.72,1.63,1.67,991000
ORIC,02-Sep-2026,12.97,13.53,12.825,13.13,1546200
ORIO,02-Sep-2026,0.99,1.0899,0.9484,0.99,30100
ORKA,02-Sep-2026,93.05,96.2,89.88,91.63,672300
ORKT,02-Sep-2026,0.99,1.02,0.9305,1.02,108900
ORLY,02-Sep-2026,87.96,88.145,86.4,86.97,7550100
ORMP,02-Sep-2026,4.85,5.1499,4.85,5.07,188600
ORR,02-Sep-2026,38.5,38.64,38.345,38.6151,40900
ORRF,02-Sep-2026,41.54,42.36,41.43,42.15,92900
OSBC,02-Sep-2026,25.17,25.68,25.09,25.53,517600
OSCX,02-Sep-2026,101.5,105.63,101.5,102.5511,10900
OSIS,02-Sep-2026,208.52,210.7999,206.105,206.75,199200
OSPN,02-Sep-2026,15.92,16.22,15.86,16.17,326400
OSPR,02-Sep-2026,9.83,9.845,9.83,9.84,21900
OSPRU,02-Sep-2026,9.98,9.98,9.97,9.97,3300
OSPRW,02-Sep-2026,0.39,0.39,0.3525,0.37,20800
OSS,02-Sep-2026,9.89,10.05,9.6674,9.84,618600
OSUR,02-Sep-2026,3.53,3.68,3.53,3.61,345200
OSW,02-Sep-2026,22.53,22.68,21.605,21.9,1575500
OTEX,02-Sep-2026,23.77,24.04,23.54,23.58,1052800
OTGL,02-Sep-2026,11.1009,11.1009,11.1009,11.1009,100
OTLK,02-Sep-2026,0.62,0.64,0.6043,0.6263,4607300
OTLY,02-Sep-2026,14.69,14.95,14.46,14.57,41900
OTTR,02-Sep-2026,89.59,89.65,88.74,88.88,269100
OUST,02-Sep-2026,33.1,34.84,33.075,34.83,1673100
OVBC,02-Sep-2026,45.51,46.94,45.51,46.8,19100
OVID,02-Sep-2026,2.78,2.87,2.68,2.71,1555800
OVLY,02-Sep-2026,34.01,34.96,33.91,34.34,28900
OWLS,02-Sep-2026,5.07,5.27,4.765,5.03,35600
OXBR,02-Sep-2026,1.32,1.355,1.29,1.34,46600
OXLC,02-Sep-2026,9.6,9.69,9.595,9.66,331600
OXLCG,02-Sep-2026,25.22,25.22,25.105,25.105,13400
OXLCI,02-Sep-2026,25.79,25.84,25.79,25.84,2800
OXLCL,02-Sep-2026,24.56,24.56,24.56,24.56,700
OXLCM,02-Sep-2026,25.04,25.15,25.04,25.0401,7600
OXLCN,02-Sep-2026,24.8,24.8,24.675,24.675,4600
OXLCO,02-Sep-2026,24.05,24.05,23.95,23.95,400
OXLCZ,02-Sep-2026,24.98,25.02,24.72,24.98,17000
OXSQ,02-Sep-2026,1.36,1.37,1.34,1.355,1181800
OXSQG,02-Sep-2026,24.25,24.25,24.155,24.25,3400
OXSQH,02-Sep-2026,25.04,25.04,25.04,25.04,100
OYSE,02-Sep-2026,10.39,10.39,10.39,10.39,250000
OZEM,02-Sep-2026,33.4,33.565,33.03,33.1534,7000
OZK,02-Sep-2026,48.38,49.7344,48.345,49.32,1237800
OZKAP,02-Sep-2026,15.95,15.99,15.81,15.88,57400
PAA,02-Sep-2026,25.87,25.97,25.44,25.72,2869900
PAAC,02-Sep-2026,10.09,10.1,10.09,10.0999,34200
PAACW,02-Sep-2026,0.49,0.49,0.49,0.49,1100
PABD,02-Sep-2026,70.1609,70.1609,70.1609,70.1609,100
PABU,02-Sep-2026,77.45,77.87,77.45,77.6221,1600
PACB,02-Sep-2026,1.29,1.34,1.28,1.32,5938800
PACH,02-Sep-2026,10.32,10.33,10.32,10.33,151200
PAGP,02-Sep-2026,28.26,28.52,28.02,28.35,1441600
PAHC,02-Sep-2026,38.32,40.65,38.32,39.92,324200
PAL,02-Sep-2026,4.96,5.0499,4.915,4.94,347600
PALD,02-Sep-2026,11.02,11.77,10.97,11.5612,385000
PALI,02-Sep-2026,1.96,2.005,1.95,1.99,731400
PALO,02-Sep-2026,9.94,9.94,9.94,9.94,2000
PALU,02-Sep-2026,49.53,50.46,42.06,44.21,551000
PAMT,02-Sep-2026,12.56,13.13,12.5,12.59,22200
PANG,02-Sep-2026,30.68,30.89,26,27.175,223700
PANL,02-Sep-2026,8.16,8.37,8.08,8.31,420300
PANW,02-Sep-2026,346,350.67,321.39,328.48,13214700
PARA,02-Sep-2026,1.02,1.12,1.006,1.07,107900
PARK,02-Sep-2026,21.07,21.335,20.52,20.75,6800
PASG,02-Sep-2026,4.41,4.65,4.41,4.61,3400
PASW,02-Sep-2026,0.127,0.1499,0.127,0.1367,6251500
PATK,02-Sep-2026,81.73,83.5,81.605,82.75,381800
PATN,02-Sep-2026,35.3,35.38,35.154,35.3504,49900
PAVM,02-Sep-2026,5.025,5.65,5.025,5.35,7000
PAVS,02-Sep-2026,4.76,4.97,4.76,4.9,11500
PAX,02-Sep-2026,11.25,11.44,11.15,11.33,1001800
PAYO,02-Sep-2026,7.09,7.13,7.09,7.12,3323900
PAYP,02-Sep-2026,14.97,15.825,14.905,15.73,594900
PAYS,02-Sep-2026,12.36,12.66,12.22,12.53,505900
PAYX,02-Sep-2026,125.01,125.03,122.8,124,3246800
PBAM,02-Sep-2026,88.79,89.61,88.5,89.09,73000
PBEU,02-Sep-2026,35.48,35.64,35.45,35.6256,25800
PBFS,02-Sep-2026,18.06,18.7,18.0286,18.13,16600
PBHC,02-Sep-2026,15.85,15.85,15.6,15.65,14300
PBK,02-Sep-2026,0.4265,0.4265,0.4046,0.4046,324200
PBLS,02-Sep-2026,39.73,41.14,38.31,40.11,363900
PBM,02-Sep-2026,4.35,4.5,4.275,4.37,21400
PBMWW,02-Sep-2026,0.0212,0.0235,0.0197,0.0235,3400
PBOG,02-Sep-2026,35.72,36.04,35.6486,35.9058,32300
PBPH,02-Sep-2026,29.15,29.44,29.0628,29.2344,84300
PBQQ,02-Sep-2026,31.765,31.8299,31.76,31.78,5100
PBRG,02-Sep-2026,44.0399,46.77,44.0399,46.2809,4400
PBSC,02-Sep-2026,25.22,25.22,25.22,25.22,100
PBYI,02-Sep-2026,9.4,9.735,9.28,9.69,411900
PCAR,02-Sep-2026,122.6,123.41,121.1836,122.13,3206800
PCB,02-Sep-2026,27.36,28.025,27.36,27.78,34600
PCLA,02-Sep-2026,6.51,6.639,6.265,6.46,22400
PCMM,02-Sep-2026,49.96,49.96,49.606,49.7239,22300
PCPI,02-Sep-2026,49.96,49.97,49.945,49.97,15200
PCRX,02-Sep-2026,26.52,26.91,26.24,26.58,610700
PCSA,02-Sep-2026,2.05,2.18,2.05,2.1,12700
PCT,02-Sep-2026,6.26,6.44,6.2,6.33,2112800
PCTY,02-Sep-2026,155.52,156.22,153.46,154.6,376400
PCVX,02-Sep-2026,61.63,62.9,60.82,61.58,1021200
PCYO,02-Sep-2026,11.16,11.285,11.11,11.15,59300
PDBA,02-Sep-2026,39.03,39.29,38.96,39.08,494100
PDBC,02-Sep-2026,18.97,19.11,18.9301,19.06,6405300
PDC,02-Sep-2026,3.12,3.12,2.71,2.95,87400
PDD,02-Sep-2026,82.54,83.415,82.115,82.25,5072400
PDDL,02-Sep-2026,12.22,12.53,12.2,12.2214,6800
PDEX,02-Sep-2026,62.27,63.2,62.085,62.58,33800
PDFS,02-Sep-2026,41.83,42.415,41.0991,42.05,370000
PDLB,02-Sep-2026,19.92,20.47,19.91,20.34,147100
PDP,02-Sep-2026,132.63,132.63,131.4058,132.26,27300
PDSB,02-Sep-2026,0.201,0.2181,0.201,0.212,765800
PDYN,02-Sep-2026,5.45,5.5,5.29,5.45,647300
PDYNW,02-Sep-2026,0.0081,0.0096,0.0062,0.0087,179800
PEBK,02-Sep-2026,43.87,44.205,43.3,43.88,33700
PEBO,02-Sep-2026,39.18,39.945,39.175,39.5,449500
PECER,02-Sep-2026,0.37,0.4,0.35,0.4,141500
PECO,02-Sep-2026,39.21,39.395,38.6001,39.21,1010800
PEGA,02-Sep-2026,36.65,37.4619,36.28,37.32,2832200
PENG,02-Sep-2026,47.95,48.24,46.7137,47.59,1386000
PENN,02-Sep-2026,16.52,17.18,16.46,16.89,2342500
PEP,02-Sep-2026,140.27,141.7067,139.3,140.52,7057700
PEPG,02-Sep-2026,3.15,3.3,3.085,3.18,354200
PEPS,02-Sep-2026,32.751,32.7666,32.751,32.7666,500
PERI,02-Sep-2026,9.45,9.56,9.365,9.4,992500
PESI,02-Sep-2026,17.76,18.25,17.7,18.03,176400
PETS,02-Sep-2026,1.84,1.88,1.84,1.865,28800
PETZ,02-Sep-2026,1.5,1.67,1.43,1.6,502800
PEY,02-Sep-2026,24.7,24.93,24.66,24.7733,303300
PEZ,02-Sep-2026,96.2404,96.2404,96.2404,96.2404,400
PFBC,02-Sep-2026,102.22,104.63,102.22,104.06,70600
PFDE,02-Sep-2026,28.1897,28.32,28.1897,28.2777,16200
PFF,02-Sep-2026,30.1,30.23,30.07,30.2,2199800
PFG,02-Sep-2026,109.36,112.325,109.36,111.31,1136300
PFI,02-Sep-2026,62.11,62.11,61.63,61.6556,2600
PFIS,02-Sep-2026,68.9,70.99,68.9,70.43,73200
PFM,02-Sep-2026,57.05,57.175,56.88,57.0204,7500
PFOE,02-Sep-2026,23.25,23.29,23.2085,23.2497,10600
PFSA,02-Sep-2026,2.88,2.895,2.56,2.67,203300
PFX,02-Sep-2026,45.594,46.7499,45.594,46.315,3300
PFXNZ,02-Sep-2026,24.1,24.1,24.04,24.0549,2400
PGACU,02-Sep-2026,10.89,12.1,10.65,11.6,12100
PGC,02-Sep-2026,44.66,45.84,44.42,45.44,116900
PGEN,02-Sep-2026,6.91,7.14,6.815,7.01,2638000
PGJ,02-Sep-2026,23.31,23.48,23.31,23.3809,19300
PGNY,02-Sep-2026,25.71,26.63,25.71,26.29,1025200
PGY,02-Sep-2026,20.88,22.02,20.7,22,1340200
PGYWW,02-Sep-2026,0.0155,0.0176,0.0155,0.016,900
PHAR,02-Sep-2026,11.51,11.5506,11.2,11.2,4900
PHAT,02-Sep-2026,9.45,9.7296,9.05,9.26,932600
PHIO,02-Sep-2026,1.07,1.17,1.0663,1.13,241200
PHO,02-Sep-2026,70.2,70.7128,70.06,70.44,215400
PHOE,02-Sep-2026,20.75,20.75,20.1,20.55,3600
PHOS,02-Sep-2026,16.16,17.03,16.16,16.57,12900
PHUN,02-Sep-2026,2.06,2.09,2.06,2.07,52800
PHVS,02-Sep-2026,35.05,35.97,34.04,35.17,320800
PI,02-Sep-2026,168.58,178.45,168.58,175.05,380100
PICS,02-Sep-2026,10.82,11.39,10.53,11.18,824300
PID,02-Sep-2026,22.69,22.86,22.69,22.81,62700
PIE,02-Sep-2026,34.46,34.46,33.45,33.5192,82500
PIII,02-Sep-2026,8.89,9.4855,8.89,9.41,17800
PIIIW,02-Sep-2026,0.0101,0.0124,0.0101,0.0124,400
PIO,02-Sep-2026,44.11,44.2962,44.07,44.109,5500
PIZ,02-Sep-2026,52.93,53.2699,52.8934,53.11,44600
PKBK,02-Sep-2026,33.6,34.32,33.125,34,47300
PKOH,02-Sep-2026,44.64,45.02,43.94,44.69,95400
PKW,02-Sep-2026,151.63,153.28,151.63,152.59,31800
PLA,02-Sep-2026,26.01,26.0399,25.8,25.905,5300
PLAB,02-Sep-2026,27.41,28.1,27.3,27.87,1213300
PLAY,02-Sep-2026,8.42,9.42,8.3,9.34,2493700
PLBC,02-Sep-2026,60.85,62.55,60.85,62.36,49800
PLBL,02-Sep-2026,5.3,5.82,5.2963,5.59,139400
PLBY,02-Sep-2026,1.17,1.2092,1.16,1.18,520300
PLCE,02-Sep-2026,2.54,2.79,2.54,2.63,375000
PLCI,02-Sep-2026,9.9,9.9,9.9,9.9,5500
PLCIU,02-Sep-2026,10,10.01,10,10.01,2700
PLMK,02-Sep-2026,10.65,10.65,10.65,10.65,1200
PLMR,02-Sep-2026,131.86,133.9,131.655,132.12,162800
PLPC,02-Sep-2026,391.51,394.4599,384.1347,390.41,67600
PLRX,02-Sep-2026,1.11,1.17,1.11,1.16,740000
PLRZ,02-Sep-2026,14.08,14.9628,12.51,12.51,133700
PLSE,02-Sep-2026,52.14,53.57,51.45,52.68,979900
PLSM,02-Sep-2026,2.59,2.78,2.45,2.55,78100
PLTD,02-Sep-2026,5.15,5.47,5.14,5.37,32375800
PLTG,02-Sep-2026,18.41,18.46,15.99,16.7455,246200
PLTK,02-Sep-2026,2.19,2.26,2.174,2.24,1509100
PLTR,02-Sep-2026,176.99,177.57,165.71,169.46,39873900
PLTU,02-Sep-2026,51.75,52,45.07,47.29,2117200
PLTZ,02-Sep-2026,9.32,10.46,9.28,10.08,5795500
PLUG,02-Sep-2026,2.08,2.14,2.06,2.09,40554700
PLUL,02-Sep-2026,7.2,7.67,7.195,7.32,11900
PLUR,02-Sep-2026,1.51,1.52,1.38,1.42,37700
PLUS,02-Sep-2026,87.07,88.73,87,87.27,153700
PLXS,02-Sep-2026,239.29,242.32,235.33,239.29,184500
PLYX,02-Sep-2026,2,2.07,1.97,2.04,32800
PLYY,02-Sep-2026,8.47,8.47,8.19,8.19,6500
PMA,02-Sep-2026,1.3,1.32,1.2598,1.28,2500
PMAX,02-Sep-2026,0.93,0.96,0.75,0.8699,55000
PMBS,02-Sep-2026,48.17,48.205,48.0801,48.1916,76500
PMCB,02-Sep-2026,0.485,0.4986,0.4702,0.4807,48200
PMEC,02-Sep-2026,0.5091,0.5294,0.485,0.485,16000
PMN,02-Sep-2026,13.45,14.283,13.22,13.975,89600
PMTR,02-Sep-2026,10.42,10.42,10.41,10.41,49700
PMTS,02-Sep-2026,28.47,29.1,28.05,29,84800
PMVP,02-Sep-2026,1.26,1.29,1.242,1.26,704300
PN,02-Sep-2026,2.55,2.6497,2.35,2.42,66800
PNBK,02-Sep-2026,1.06,1.13,1.04,1.07,440700
PNQI,02-Sep-2026,52.45,52.4503,52.16,52.3806,24800
PNRG,02-Sep-2026,215.66,223.55,215.0101,216.04,75700
PNTG,02-Sep-2026,37.87,38.5,37.46,37.86,208400
POCI,02-Sep-2026,4.22,4.53,4.22,4.45,20100
PODC,02-Sep-2026,2.69,2.79,2.69,2.74,33300
PODD,02-Sep-2026,148,151.5,147.21,148.14,1113900
POET,02-Sep-2026,7.13,7.3,7.02,7.29,5655900
POLA,02-Sep-2026,1.4,1.42,1.37,1.4,76500
POLE,02-Sep-2026,10.87,10.88,10.78,10.79,1001700
POLEU,02-Sep-2026,11.6,11.6,10.56,10.56,1800
POLEW,02-Sep-2026,0.1401,0.1401,0.14,0.14,1200
POM,02-Sep-2026,0.98,0.98,0.925,0.925,2000
PONY,02-Sep-2026,6.84,7.04,6.73,7.03,3816200
POOL,02-Sep-2026,181.79,186.487,180.73,182.99,613400
POWI,02-Sep-2026,49.78,50.61,48.67,50.3,1176200
POWL,02-Sep-2026,172.35,174.13,168.89,170.51,558400
POWW,02-Sep-2026,2.18,2.21,2.175,2.18,595500
POWWP,02-Sep-2026,23.74,23.99,23.47,23.5,29200
PPBT,02-Sep-2026,2.39,2.59,1.9,1.98,76773900
PPC,02-Sep-2026,31.11,31.97,31.01,31.12,1071600
PPCB,02-Sep-2026,1.1,1.16,1,1.03,529800
PPH,02-Sep-2026,114.98,116.46,114.98,115.52,192600
PPHC,02-Sep-2026,11.03,11.68,10.76,11.44,104900
PPI,02-Sep-2026,21.1199,21.18,21.0819,21.1646,11700
PPIH,02-Sep-2026,27,27.43,27,27.27,81300
PPLI,02-Sep-2026,38.51,39.46,38.48,38.91,1057800
PPSI,02-Sep-2026,2.87,2.905,2.85,2.89,23400
PPTA,02-Sep-2026,24.15,24.89,24,24.47,943400
PQAP,02-Sep-2026,32.51,32.54,32.51,32.54,200
PQJA,02-Sep-2026,32.1,32.165,32.1,32.165,600
PQJL,02-Sep-2026,30.735,30.815,30.735,30.815,300
PQOC,02-Sep-2026,31.835,31.89,31.835,31.89,200
PRAA,02-Sep-2026,18.41,18.83,18.27,18.75,246700
PRAX,02-Sep-2026,358.42,365.71,347.0101,357.5,289400
PRCH,02-Sep-2026,17.33,18.005,17.33,17.74,1244100
PRCT,02-Sep-2026,20.86,22.09,20.8,21.97,1277800
PRDO,02-Sep-2026,33.02,33.34,32.76,33.09,457500
PRE,02-Sep-2026,25.96,27.24,25.65,26.05,336400
PRFX,02-Sep-2026,0.9359,0.979,0.9358,0.9745,26400
PRFZ,02-Sep-2026,54.26,54.59,54.17,54.53,90400
PRGS,02-Sep-2026,45.22,45.8,43.23,43.33,868100
PRHI,02-Sep-2026,5.65,7.72,5.09,6.45,6600
PRHIZ,02-Sep-2026,23,23,23,23,200
PRLD,02-Sep-2026,5.53,5.82,5.3,5.43,355000
PRME,02-Sep-2026,3.5,3.705,3.47,3.67,2473900
PRMR,02-Sep-2026,28.435,28.5,28.38,28.4931,5600
PRN,02-Sep-2026,194.61,195.58,192.57,194.6435,17200
PROF,02-Sep-2026,6.91,7.06,6.74,6.82,29800
PROK,02-Sep-2026,1.86,1.95,1.845,1.91,641200
PROP,02-Sep-2026,0.5,0.5155,0.457,0.457,3156200
PROV,02-Sep-2026,18.31,18.5,18.07,18.33,21700
PRPL,02-Sep-2026,3.73,3.99,3.715,3.83,20000
PRPO,02-Sep-2026,27.93,28.16,26.77,27.5,237000
PRQR,02-Sep-2026,2.15,2.2181,2.12,2.15,389500
PRSO,02-Sep-2026,0.557,0.57,0.5512,0.5625,208400
PRTA,02-Sep-2026,9.64,9.75,9.37,9.685,341000
PRTH,02-Sep-2026,5.26,5.47,5.19,5.39,348900
PRTS,02-Sep-2026,7.4,8.01,7.4,7.97,53500
PRVA,02-Sep-2026,20.64,21,20.56,20.72,1200800
PRZO,02-Sep-2026,0.81,0.8609,0.8,0.8386,558700
PSC,02-Sep-2026,68.67,69.0281,68.62,68.91,135700
PSCC,02-Sep-2026,37.07,37.07,36.9678,36.9678,4100
PSCD,02-Sep-2026,115.8238,115.8238,115.8238,115.8238,100
PSCE,02-Sep-2026,63.3,64.7125,62.995,64.3345,25500
PSCF,02-Sep-2026,66,66,65.9779,65.9779,600
PSCH,02-Sep-2026,54.44,55.09,54.44,54.88,15300
PSCI,02-Sep-2026,168.28,169.23,168.28,168.4865,3600
PSCM,02-Sep-2026,100.8663,100.8663,100.8663,100.8663,100
PSCT,02-Sep-2026,75.19,76.35,75.015,76.19,72200
PSCU,02-Sep-2026,64.7978,64.7978,64.7978,64.7978,100
PSEC,02-Sep-2026,2.22,2.26,2.21,2.23,3043300
PSET,02-Sep-2026,79.34,79.3401,79.2237,79.2237,400
PSHG,02-Sep-2026,1.76,1.76,1.69,1.74,18800
PSIG,02-Sep-2026,1.83,2.05,1.83,1.99,55400
PSIX,02-Sep-2026,35.43,36.49,35.19,35.69,281500
PSKY,02-Sep-2026,10.55,11.195,10.55,10.97,11984700
PSL,02-Sep-2026,114.89,115.1999,114.5662,114.5662,1000
PSMT,02-Sep-2026,172.48,173.41,171.02,172.07,181800
PSNL,02-Sep-2026,17.14,17.16,16.71,16.73,2227100
PSNY,02-Sep-2026,12.01,12.38,11.86,11.99,121600
PSNYW,02-Sep-2026,6.23,6.23,5.51,5.65,1227900
PSQL,02-Sep-2026,14.86,15.05,12.14,12.19,560900
PSQLW,02-Sep-2026,2,2.0001,1.75,1.825,343300
PSTR,02-Sep-2026,31.99,31.99,31.96,31.96,900
PSWD,02-Sep-2026,44.1,44.1,43.07,43.3781,2300
PTC,02-Sep-2026,151.62,155.72,148.525,149.13,1229400
PTCT,02-Sep-2026,71.15,72.68,69.835,71.79,902500
PTEN,02-Sep-2026,12.61,13.305,12.61,13.15,13290600
PTF,02-Sep-2026,93.56,94.69,92.3798,94.1019,78400
PTGX,02-Sep-2026,148,149.42,144.61,146.08,561600
PTH,02-Sep-2026,61.3732,62.12,60.4,61.45,192500
PTIR,02-Sep-2026,19.32,19.41,16.8,17.61,4377900
PTLE,02-Sep-2026,7.19,7.9,6.905,7,9200
PTLO,02-Sep-2026,4.45,4.555,4.45,4.5,981200
PTN,02-Sep-2026,12,13.5,11.29,12.84,311100
PTNQ,02-Sep-2026,85.08,85.5163,85.08,85.4695,11600
PTON,02-Sep-2026,5.1,5.34,5.09,5.33,8064600
PTRN,02-Sep-2026,20.03,20.47,19.6,20.4,1023400
PUBM,02-Sep-2026,16.28,17.59,16.16,17.38,1153800
PUI,02-Sep-2026,43.5,43.97,43.5,43.9243,5600
PUL,02-Sep-2026,32.2,32.2,31.915,32.0269,1100
PULM,02-Sep-2026,1.59,1.59,1.43,1.47,18300
PUR,02-Sep-2026,29.8,33.1,28.7,30.69,152300
PURR,02-Sep-2026,11.23,11.76,10.93,11.32,18221900
PUSA,02-Sep-2026,3.9,4,3.815,3.84,585800
PVLA,02-Sep-2026,153.76,157,149.68,152.95,125200
PWCM,02-Sep-2026,1.08,1.13,1.0414,1.11,109400
PWP,02-Sep-2026,16.34,16.82,16.2,16.39,640400
PWRD,02-Sep-2026,104.16,104.39,103,104.1604,100400
PWRL,02-Sep-2026,9.9,10,9.405,9.92,266200
PXI,02-Sep-2026,64.44,65.6509,64.44,65.6509,2400
PXLW,02-Sep-2026,6.9,7.2066,6.88,7.09,32300
PXS,02-Sep-2026,6.3,6.75,6,6.45,394100
PY,02-Sep-2026,57.9,58.06,57.9,57.9929,7400
PYPD,02-Sep-2026,5.32,5.35,5.16,5.3,143700
PYPG,02-Sep-2026,7,7.695,6.98,7.5738,942100
PYPL,02-Sep-2026,52.57,55.19,52.35,54.67,15056300
PYXS,02-Sep-2026,3.45,3.77,3.435,3.75,731700
PYZ,02-Sep-2026,125.3341,125.3341,125.3341,125.3341,100
PZZA,02-Sep-2026,22.7,23,22.4202,22.63,1240000
QABA,02-Sep-2026,67.24,67.76,67.24,67.5866,1500
QADR,02-Sep-2026,9.99,9.99,9.99,9.99,150000
QALT,02-Sep-2026,26.45,26.51,26.4408,26.489,8300
QAT,02-Sep-2026,17.23,17.25,17.21,17.225,2100
QB,02-Sep-2026,48.55,48.59,48.48,48.55,500
QBIG,02-Sep-2026,41.49,41.49,41.4525,41.4525,800
QBTS,02-Sep-2026,16.279,16.705,16.19,16.49,11545500
QBTZ,02-Sep-2026,4.22,4.275,4.015,4.12,3462500
QBUF,02-Sep-2026,30.65,30.65,30.5905,30.6163,14500
QBY,02-Sep-2026,5.89,5.895,5.85,5.85,10200
QCLN,02-Sep-2026,48.15,48.5,47.76,48.5,133400
QCLR,02-Sep-2026,27.5662,27.5662,27.5662,27.5662,100
QCLS,02-Sep-2026,2.1,2.1,1.88,1.91,566200
QCMD,02-Sep-2026,17.96,18.1,17.58,17.593,5800
QCML,02-Sep-2026,15.1,15.9996,14.983,15.8701,263800
QCMU,02-Sep-2026,18.78,19.9,18.67,19.7444,81900
QCOM,02-Sep-2026,166.04,170.6,165.08,169.96,7531000
QCRH,02-Sep-2026,99.3,101.8,97.0101,101.41,109500
QDEL,02-Sep-2026,13.67,14.28,13.67,13.95,834400
QDTY,02-Sep-2026,38.48,38.65,38.48,38.6211,17900
QETAR,02-Sep-2026,0.5588,0.5588,0.4315,0.4896,4600
QEW,02-Sep-2026,29.65,29.72,29.62,29.7094,19900
QFF,02-Sep-2026,24.4462,24.5501,24.4462,24.5188,4000
QFIN,02-Sep-2026,8.38,8.63,8.35,8.55,2000000
QGRD,02-Sep-2026,29.04,29.1329,29.0264,29.1203,9100
QH,02-Sep-2026,4.06,4.07,4.06,4.07,2900
QLDY,02-Sep-2026,40.15,40.34,40.06,40.2527,41400
QLYS,02-Sep-2026,175.27,181.155,166.37,170.83,967300
QMCO,02-Sep-2026,24.05,24.42,22.27,22.78,917300
QMID,02-Sep-2026,30.2343,30.2343,30.2343,30.2343,100
QMLS,02-Sep-2026,5.54,5.685,5.35,5.43,299700
QMOM,02-Sep-2026,72.59,72.9497,72.2307,72.8758,10500
QNBC,02-Sep-2026,45.17,45.26,45.15,45.2,13800
QNCX,02-Sep-2026,32.92,33.05,31.96,32.15,15400
QNDX,02-Sep-2026,23.96,24.04,23.88,24.03,296300
QNME,02-Sep-2026,0.3263,0.3455,0.3263,0.328,110900
QNRX,02-Sep-2026,6.5,6.98,6.4,6.74,372400
QNST,02-Sep-2026,18.88,19.38,18.69,19.21,718700
QNT,02-Sep-2026,47.3,48.3899,46.5401,48,2132200
QNTM,02-Sep-2026,3.07,3.14,3,3.08,51400
QNXT,02-Sep-2026,31.23,31.35,31.225,31.345,3500
QOWZ,02-Sep-2026,37.47,37.48,37.4409,37.4409,500
QPUX,02-Sep-2026,13.06,13.6,12.9,13.34,157300
QQA,02-Sep-2026,55.51,55.67,55.31,55.6271,91000
QQDN,02-Sep-2026,20.72,20.88,20.6316,20.6316,1800
QQEW,02-Sep-2026,161.41,161.71,161.2173,161.69,102400
QQHG,02-Sep-2026,65.73,65.73,65.73,65.73,100
QQLV,02-Sep-2026,25.27,25.3,25.2375,25.2375,900
QQMG,02-Sep-2026,49.34,49.42,49.2489,49.4182,4800
QQQ,02-Sep-2026,707.1,709.7989,705.1,709.24,23476200
QQQA,02-Sep-2026,67.88,67.88,67,67.2195,10400
QQQE,02-Sep-2026,119.64,119.9219,119.39,119.88,148300
QQQG,02-Sep-2026,30.22,30.22,29.89,30.0191,8100
QQQH,02-Sep-2026,54.02,54.3299,54.02,54.25,15500
QQQI,02-Sep-2026,53.95,54.15,53.83,54.12,2496400
QQQJ,02-Sep-2026,44.81,44.99,44.685,44.89,123400
QQQM,02-Sep-2026,291.15,292.224,290.36,292.02,1893000
QQQP,02-Sep-2026,211.39,213.3194,211.35,213.3194,1100
QQQS,02-Sep-2026,44.63,44.63,43.98,44.491,7500
QQQT,02-Sep-2026,17.56,17.61,17.5,17.6,48700
QQQX,02-Sep-2026,30.72,30.94,30.51,30.62,61100
QQQY,02-Sep-2026,22.19,22.23,22.1219,22.215,87800
QQUP,02-Sep-2026,62.34,63.2268,62.34,63.2268,1200
QQWZ,02-Sep-2026,29.61,29.73,29.6,29.6475,15300
QQXL,02-Sep-2026,52.995,52.995,52.995,52.995,100
QQXT,02-Sep-2026,101.94,102.0483,101.94,102.0483,500
QRHC,02-Sep-2026,1.38,1.4,1.38,1.38,9100
QRMI,02-Sep-2026,15.14,15.155,15.13,15.155,1600
QRVO,02-Sep-2026,96.4,102.04,96.1,100.63,1262500
QS,02-Sep-2026,5.44,5.55,5.41,5.45,8365800
QSEAR,02-Sep-2026,0.27,0.27,0.27,0.27,900
QSI,02-Sep-2026,0.7586,0.785,0.75,0.761,1619300
QSIX,02-Sep-2026,41.57,41.85,41.57,41.7849,8200
QSML,02-Sep-2026,34.5764,34.5764,34.5764,34.5764,100
QTEC,02-Sep-2026,306.45,306.56,304.26,305.86,116600
QTEX,02-Sep-2026,0.8259,0.8777,0.7911,0.8164,2241500
QTI,02-Sep-2026,2.88,2.945,2.77,2.77,19400
QTOP,02-Sep-2026,36.82,36.98,36.7,36.9205,49400
QTR,02-Sep-2026,33.518,33.518,33.518,33.518,100
QTRX,02-Sep-2026,2.49,2.64,2.49,2.61,459000
QTTB,02-Sep-2026,14.42,14.55,13.35,13.59,434800
QTUM,02-Sep-2026,143.85,144.8,142.9,144.72,318700
QUBT,02-Sep-2026,7.81,8,7.8,7.84,7061200
QUCY,02-Sep-2026,1.53,1.65,1.5,1.6,1330900
QUIK,02-Sep-2026,10.58,10.62,10.295,10.5,256200
QUMS,02-Sep-2026,10.33,10.33,10.33,10.33,200
QUMSR,02-Sep-2026,0.12,0.12,0.0704,0.0704,346200
QURE,02-Sep-2026,50.72,50.97,45.25,46.23,2485900
QVAL,02-Sep-2026,61.64,62.19,61.6336,61.96,43000
QVCG,02-Sep-2026,16.63,16.85,16.01,16.38,125100
QVOL,02-Sep-2026,96.29,96.869,96.29,96.8273,10200
QXL,02-Sep-2026,4.8,4.95,4.79,4.87,14600
QXQ,02-Sep-2026,31.485,31.5499,31.485,31.5334,1300
QYLD,02-Sep-2026,18.15,18.22,18.13,18.21,5642700
QYLG,02-Sep-2026,29.32,29.4649,29.3,29.437,29200
RAA,02-Sep-2026,30.312,30.49,30.312,30.415,39300
RACC,02-Sep-2026,20.77,20.77,19.71,19.75,24900
RADX,02-Sep-2026,2.27,2.3,2.05,2.16,11000
RAIL,02-Sep-2026,6.7,6.845,6.69,6.71,137200
RAIN,02-Sep-2026,0.791,0.9,0.791,0.8602,244600
RAINW,02-Sep-2026,0.17,0.17,0.14,0.14,300
RANGR,02-Sep-2026,0.27,0.27,0.27,0.27,100
RANI,02-Sep-2026,0.852,0.8793,0.837,0.858,426600
RAPP,02-Sep-2026,48.5,50.34,47.73,48.69,294700
RARE,02-Sep-2026,25.96,26.795,25.57,26.53,7170800
RAUS,02-Sep-2026,29.96,30.108,29.96,30.0557,5100
RAVE,02-Sep-2026,3.1,3.17,3.09,3.09,7100
RAY,02-Sep-2026,2.65,2.675,2.65,2.65,5900
RAYA,02-Sep-2026,2.26,2.36,2.26,2.3,6800
RBB,02-Sep-2026,25.87,26.475,25.87,26.4,114700
RBBN,02-Sep-2026,1.96,1.97,1.94,1.96,563900
RBCAA,02-Sep-2026,94.71,96.8,94.3681,96.345,145300
RBIL,02-Sep-2026,50,50.03,50,50.01,37100
RBKB,02-Sep-2026,12.57,12.795,12.57,12.67,97600
RBNE,02-Sep-2026,2.65,2.66,2.55,2.65,11300
RCAT,02-Sep-2026,8.1,8.33,8.05,8.32,5555200
RCAX,02-Sep-2026,2.85,2.98,2.79,2.96,273000
RCBC,02-Sep-2026,51.03,53.475,50.4,52.14,66800
RCEL,02-Sep-2026,10.1,10.87,10.065,10.76,542500
RCGE,02-Sep-2026,31.1044,31.1044,31.1044,31.1044,100
RCKT,02-Sep-2026,3.71,3.955,3.71,3.86,1164900
RCKTW,02-Sep-2026,0.0002,0.0077,0.0002,0.002,2781100
RCKY,02-Sep-2026,44.87,45.38,43.81,44.34,38900
RCMT,02-Sep-2026,41.86,42.51,41.0153,41.53,86900
RCON,02-Sep-2026,1.48,1.5587,1.43,1.54,203700
RCT,02-Sep-2026,0.214,0.2267,0.21,0.2212,6011400
RDAC,02-Sep-2026,6.11,6.65,5.6,6.57,257800
RDACR,02-Sep-2026,0.0897,0.1,0.0897,0.096,18700
RDAG,02-Sep-2026,10.4,10.4,10.4,10.4,6000
RDCM,02-Sep-2026,9.95,10.16,9.825,9.97,166200
RDGT,02-Sep-2026,0.92,1,0.92,0.9351,28200
RDHL,02-Sep-2026,0.8444,0.8822,0.721,0.741,1439400
RDI,02-Sep-2026,2.08,2.21,2.0701,2.16,91100
RDIB,02-Sep-2026,17.6,18.0954,14.2363,14.87,49400
RDNT,02-Sep-2026,75.41,76.97,75.31,75.7,712800
RDNW,02-Sep-2026,5.61,5.83,5.61,5.73,66000
RDTL,02-Sep-2026,12.13,14.31,11.88,14.28,911900
RDTY,02-Sep-2026,36.51,36.8099,36.4731,36.6637,18900
RDVT,02-Sep-2026,74.79,75.58,71.221,71.47,205000
RDVY,02-Sep-2026,80.82,81.49,80.615,81.26,1077600
RDWR,02-Sep-2026,28.01,28.8,27.42,27.8,167600
RDZN,02-Sep-2026,1.39,1.44,1.25,1.3,640300
RDZNW,02-Sep-2026,0.1002,0.107,0.0927,0.0927,7000
REAI,02-Sep-2026,21.0829,21.0829,21.0829,21.0829,100
REAL,02-Sep-2026,10.12,10.23,9.96,10.1,2072800
REAX,02-Sep-2026,18.28,18.625,17.93,18.03,785800
REBN,02-Sep-2026,1.26,1.28,1.26,1.27,3800
RECT,02-Sep-2026,1.3301,1.4,1.3301,1.355,3900
REFI,02-Sep-2026,10.86,10.94,10.8,10.88,149000
REFR,02-Sep-2026,0.45,0.4589,0.4017,0.4022,102500
REG,02-Sep-2026,76.44,76.44,75.52,75.81,1031500
REGCO,02-Sep-2026,21.75,21.78,21.71,21.74,4300
REGCP,02-Sep-2026,23.105,23.39,23.105,23.39,1100
REGN,02-Sep-2026,826.24,854.4865,825.77,852.03,749400
REIT,02-Sep-2026,30.1,30.1,29.83,29.9931,3400
REKR,02-Sep-2026,0.51,0.5298,0.5,0.5121,1933000
RELL,02-Sep-2026,16.76,17.13,16.5215,16.99,123200
RELY,02-Sep-2026,25.685,27.15,25.64,26.82,5313300
REMG,02-Sep-2026,36.68,36.85,36.55,36.779,17900
RENT,02-Sep-2026,3.7,3.825,3.635,3.8,78700
RENX,02-Sep-2026,2.04,2.175,2.01,2.14,107600
REPL,02-Sep-2026,15.65,16.33,15.5,15.98,1989600
RETO,02-Sep-2026,1.24,1.31,1.2,1.24,38000
REVB,02-Sep-2026,0.99,1.04,0.99,1,17900
REXC,02-Sep-2026,17.51,17.71,17.46,17.66,60400
REYN,02-Sep-2026,22.77,22.865,22.505,22.53,1821600
RFAI,02-Sep-2026,40.17,44.54,35.01,43,23900
RFAIR,02-Sep-2026,0.159,0.16,0.155,0.155,12900
RFAM,02-Sep-2026,9.97,9.97,9.9699,9.9699,1300
RFDI,02-Sep-2026,91.94,92.01,91.9,91.96,2400
RFEM,02-Sep-2026,98.93,99.22,98.93,99.1896,2000
RFIL,02-Sep-2026,10.06,10.17,9.84,10.06,251300
RGC,02-Sep-2026,5.44,6.6,5.44,6.31,373600
RGCO,02-Sep-2026,21.76,22.0719,21.57,21.67,20400
RGEN,02-Sep-2026,171.76,176.87,168.58,172.94,959300
RGLD,02-Sep-2026,259.77,261.27,255.32,258.38,604900
RGLO,02-Sep-2026,33.3,33.8799,33.3,33.48,80800
RGNX,02-Sep-2026,9.34,9.7075,9.2,9.6,866200
RGP,02-Sep-2026,4.15,4.515,4.14,4.46,382900
RGS,02-Sep-2026,29.85,29.85,28.59,28.59,13000
RGTI,02-Sep-2026,14.82,15.05,14.595,14.87,11959800
RGTIW,02-Sep-2026,6.15,6.53,5.9501,6.21,72100
RGTX,02-Sep-2026,8.76,9.01,8.5,8.83,888300
RGTZ,02-Sep-2026,3.81,3.9,3.68,3.77,4189400
RGYY,02-Sep-2026,5.88,5.92,5.8101,5.86,20200
RIBB,02-Sep-2026,10.83,10.88,10.83,10.85,220100
RIBBU,02-Sep-2026,11,16.06,11,14.45,2800
RICK,02-Sep-2026,29.05,29.9899,28.72,29.44,49000
RIFR,02-Sep-2026,28.1299,28.33,28.095,28.3037,7700
RIGL,02-Sep-2026,48,49.7,47.73,49.42,184600
RILY,02-Sep-2026,6.8,6.99,6.6836,6.97,403400
RILYG,02-Sep-2026,24.765,24.84,24.765,24.78,2400
RILYL,02-Sep-2026,13.33,13.33,13.06,13.19,6900
RILYN,02-Sep-2026,25.15,25.16,25.15,25.15,3900
RILYP,02-Sep-2026,12.8,13,12.58,12.878,6500
RILYT,02-Sep-2026,21.88,21.94,21.58,21.82,16400
RILYZ,02-Sep-2026,20.67,21.1,20.67,21.0249,44500
RIME,02-Sep-2026,0.24,0.2689,0.2355,0.251,912900
RING,02-Sep-2026,84.88,86.5999,84.34,85.52,2756200
RINT,02-Sep-2026,32.75,33.01,32.74,32.91,25400
RIOT,02-Sep-2026,17.65,18.89,17.3905,18.635,13897600
RITR,02-Sep-2026,0.0926,0.128,0.09,0.0987,167014700
RIVN,02-Sep-2026,15.55,15.79,15.41,15.61,15350400
RJET,02-Sep-2026,17.23,17.5,17,17.19,86600
RKDA,02-Sep-2026,0.486,0.51,0.4802,0.5098,35500
RKLB,02-Sep-2026,62.35,63.52,61.45,63.1,16639500
RKLX,02-Sep-2026,14.3,14.83,13.91,14.61,2466200
RKLZ,02-Sep-2026,4.41,4.51,4.23,4.285,2975000
RKNG,02-Sep-2026,21.96,22.1256,21.69,22.1256,700
RKTO,02-Sep-2026,0.68,0.706,0.68,0.6914,147100
RLAY,02-Sep-2026,18.7,19.27,18.29,18.51,2107800
RLMD,02-Sep-2026,4.54,4.5932,4.365,4.54,1416500
RLYB,02-Sep-2026,16.65,17.26,16.65,16.94,29800
RMBI,02-Sep-2026,15.75,16.03,15.705,15.9,67700
RMBS,02-Sep-2026,84.05,84.8,82.0862,84.72,2182700
RMCF,02-Sep-2026,1.07,1.07,1.01,1.02,34100
RMCO,02-Sep-2026,2.8211,2.945,2.7799,2.78,32200
RMCOW,02-Sep-2026,0.18,0.18,0.1175,0.1273,82500
RMIX,02-Sep-2026,16.14,16.39,15.925,16.16,697800
RMNI,02-Sep-2026,5.23,5.23,5.12,5.15,757200
RMR,02-Sep-2026,19.26,19.6,19.2381,19.48,111700
RMSG,02-Sep-2026,0.3301,0.3542,0.3301,0.3538,92100
RMSGW,02-Sep-2026,0.0375,0.041,0.0288,0.0388,16200
RMTI,02-Sep-2026,7.99,8.16,7.96,8.07,15000
RNA,02-Sep-2026,13.77,14.098,13.76,14.06,111600
RNAC,02-Sep-2026,9.3,9.64,8.81,9.08,128900
RNAQU,02-Sep-2026,10.19,10.19,10.18,10.18,8000
RNAZ,02-Sep-2026,2.06,2.12,2.01,2.01,22500
RNEM,02-Sep-2026,57.6448,57.6448,57.6448,57.6448,100
RNGTU,02-Sep-2026,10.29,10.46,10.29,10.46,400
RNGTW,02-Sep-2026,0.32,0.35,0.32,0.34,55200
RNIN,02-Sep-2026,38.1,38.48,38.055,38.3365,14700
RNRG,02-Sep-2026,34.19,34.225,34.11,34.205,1200
RNTX,02-Sep-2026,0.76,0.791,0.7363,0.7748,489000
RNW,02-Sep-2026,6.8,6.82,6.8,6.81,1669800
RNXT,02-Sep-2026,2.14,2.59,2.14,2.52,4134700
ROAD,02-Sep-2026,100.61,101.92,98.91,101.13,687400
ROBT,02-Sep-2026,58.37,58.6799,58.04,58.2328,31600
ROC,02-Sep-2026,4.16,4.27,4.1,4.1,14800
ROCK,02-Sep-2026,42.88,45.045,42.22,44.24,424300
ROCQ,02-Sep-2026,54.49,54.77,54.38,54.75,282900
ROCY,02-Sep-2026,54.64,54.96,54.61,54.8499,221700
ROE,02-Sep-2026,43.11,43.17,43.0399,43.13,14200
ROIV,02-Sep-2026,34.64,35.0365,33.43,34.18,6196000
ROKU,02-Sep-2026,154.77,158.22,154.51,157.7,2488700
ROMA,02-Sep-2026,8.8558,8.8558,8.46,8.5582,3300
ROOT,02-Sep-2026,55.1,57,54.66,54.87,129000
ROP,02-Sep-2026,423.06,423.06,415.01,415.79,646400
ROST,02-Sep-2026,230.41,232.77,228.01,230.85,2287800
RPAY,02-Sep-2026,3.56,3.89,3.54,3.83,930200
RPD,02-Sep-2026,11.86,11.99,11,11.07,3042400
RPGL,02-Sep-2026,1.55,1.56,1.44,1.45,137100
RPID,02-Sep-2026,1.49,1.53,1.38,1.39,204900
RPRX,02-Sep-2026,62.66,63.285,62.03,63.11,3143700
RR,02-Sep-2026,1.78,1.9,1.78,1.85,5112700
RRBI,02-Sep-2026,100.41,103.14,100.2,102.81,61100
RREV,02-Sep-2026,9.91,9.91,9.91,9.91,200
RRGB,02-Sep-2026,8.54,8.806,8.3438,8.46,445800
RRR,02-Sep-2026,56.88,58.59,56.64,56.84,1128900
RSSS,02-Sep-2026,2.17,2.23,2.15,2.2,65100
RSVR,02-Sep-2026,9.69,9.83,9.66,9.8,39400
RTAC,02-Sep-2026,10.47,10.54,10.46,10.54,76400
RTACW,02-Sep-2026,0.7,0.73,0.61,0.71,72100
RTB,02-Sep-2026,12.51,12.585,12.0401,12.15,121200
RTH,02-Sep-2026,261.51,262.54,261.37,261.5659,5400
RTXG,02-Sep-2026,24.81,24.819,24.41,24.5076,8600
RTYY,02-Sep-2026,8.58,8.61,8.55,8.57,12100
RUBI,02-Sep-2026,1.79,1.84,1.77,1.79,73100
RUM,02-Sep-2026,8.51,9.015,8.46,8.8,3363000
RUMBW,02-Sep-2026,2.2,2.2,2.2,2.2,600
RUN,02-Sep-2026,8.37,9.1392,8.32,8.96,9725000
RUNN,02-Sep-2026,34.5,34.66,34.42,34.4837,22400
RUSC,02-Sep-2026,37.6699,37.85,37.6699,37.8061,8400
RUSHA,02-Sep-2026,48.62,49.81,48.46,49.325,698600
RUSHB,02-Sep-2026,49.52,50.55,48.78,49.26,115400
RVMD,02-Sep-2026,211.36,211.9099,205.22,209.23,1333300
RVMDW,02-Sep-2026,11.85,12.16,11.36,11.62,27300
RVNL,02-Sep-2026,23.58,23.77,22.88,23.4214,41200
RVSB,02-Sep-2026,5.15,5.23,5.15,5.19,23300
RVSN,02-Sep-2026,4.56,4.89,4.56,4.89,5200
RVSNW,02-Sep-2026,0.0245,0.0245,0.0219,0.022,2100
RWAY,02-Sep-2026,6.61,6.72,6.61,6.67,345500
RWAYI,02-Sep-2026,24.7688,24.9,24.686,24.86,17400
RWAYL,02-Sep-2026,25.12,25.12,25.065,25.065,4000
RWIN,02-Sep-2026,27.545,27.5856,27.545,27.5856,700
RXRX,02-Sep-2026,3.34,3.4891,3.285,3.38,14052600
RXST,02-Sep-2026,6.96,7.345,6.909,7.03,778800
RXT,02-Sep-2026,2.97,3.07,2.88,3.01,6314200
RYAAY,02-Sep-2026,55.395,55.4,54.4,54.42,1191900
RYET,02-Sep-2026,0.81,0.8398,0.7865,0.834,42000
RYM,02-Sep-2026,23.1,24.99,22.99,24,11400
RYOJ,02-Sep-2026,5.6,5.7671,5.23,5.38,28200
RYTM,02-Sep-2026,105.5,108.57,103.95,105.42,455500
RZLT,02-Sep-2026,4.5,4.61,4.43,4.56,857300
RZLV,02-Sep-2026,2.38,2.4,2.32,2.33,14922900
RZLVW,02-Sep-2026,0.675,0.68,0.63,0.652,21000
SAAQ,02-Sep-2026,10.11,10.11,10.11,10.11,500
SAAQU,02-Sep-2026,10.38,10.38,10.38,10.38,100
SAAQW,02-Sep-2026,0.7,0.75,0.7,0.75,6500
SABR,02-Sep-2026,2.02,2.1599,2.02,2.09,3144000
SABS,02-Sep-2026,3.7,3.77,3.6,3.75,300400
SABSW,02-Sep-2026,0.0237,0.0237,0.0235,0.0235,1100
SAFT,02-Sep-2026,103.18,103.26,103.12,103.12,140800
SAFX,02-Sep-2026,0.3899,0.39,0.3617,0.3771,1497300
SAGT,02-Sep-2026,0.6305,0.6634,0.6305,0.6328,46600
SAIA,02-Sep-2026,332.93,338.26,324.575,332.04,256100
SAIC,02-Sep-2026,126.1,127.845,122.7,127.18,556200
SAIH,02-Sep-2026,23.9,28.41,23.3,25.4,70700
SAIHW,02-Sep-2026,0.0299,0.0299,0.0299,0.0299,4500
SAIL,02-Sep-2026,19.13,19.34,17.99,18.31,3269100
SAMG,02-Sep-2026,10.19,10.205,9.96,9.98,57900
SANA,02-Sep-2026,3.82,4.08,3.795,3.89,2140900
SANG,02-Sep-2026,3.85,3.885,3.83,3.87,15500
SANM,02-Sep-2026,187.77,190.485,182.47,187.67,504700
SARK,02-Sep-2026,25.52,25.77,25.34,25.5408,174700
SATA,02-Sep-2026,100,100.01,99.9,100,316800
SATL,02-Sep-2026,4.57,4.81,4.57,4.73,3273500
SATLW,02-Sep-2026,0.501,0.55,0.455,0.521,27600
SBAC,02-Sep-2026,188.25,189.32,184.08,186.42,805500
SBC,02-Sep-2026,4.16,4.3,4.16,4.23,200300
SBCF,02-Sep-2026,33.24,34.21,33.24,34.14,896600
SBCWW,02-Sep-2026,0.3,0.315,0.3,0.315,4400
SBET,02-Sep-2026,8.01,8.27,7.885,8.1,6191100
SBFG,02-Sep-2026,28.5,29.15,28.19,28.19,23900
SBFM,02-Sep-2026,1.14,1.19,1.12,1.17,129900
SBGI,02-Sep-2026,13.94,14.32,13.66,13.75,527600
SBLK,02-Sep-2026,31.21,31.88,31.21,31.82,1716800
SBRA,02-Sep-2026,21.01,21.03,20.6001,20.86,2430300
SBUX,02-Sep-2026,106.18,107.9,105.625,106.72,5204500
SCA,02-Sep-2026,25.1,25.255,25.04,25.255,9000
SCAG,02-Sep-2026,0.28,0.284,0.2663,0.278,87600
SCATU,02-Sep-2026,10.02,10.2274,10.01,10.0101,6600
SCDS,02-Sep-2026,74.57,74.5806,74.57,74.5806,200
SCHL,02-Sep-2026,38.73,39.13,38.225,38.39,217500
SCKT,02-Sep-2026,0.609,0.6145,0.5901,0.6096,82600
SCLX,02-Sep-2026,5.42,5.645,5.27,5.35,30400
SCLXW,02-Sep-2026,0.14,0.14,0.1269,0.14,12800
SCNI,02-Sep-2026,2.42,2.45,2.26,2.34,1611900
SCNX,02-Sep-2026,0.374,0.3825,0.3607,0.37,120700
SCOR,02-Sep-2026,5.13,5.27,5.03,5.06,44400
SCSC,02-Sep-2026,56.24,57.21,55.52,56.64,321000
SCTX,02-Sep-2026,29.75,32.41,29.665,30.9,278700
SCWO,02-Sep-2026,2.89,3.2999,2.8665,3.16,177600
SCYX,02-Sep-2026,5.17,5.33,5.13,5.22,39700
SCZ,02-Sep-2026,85.95,86.3,85.89,86.25,654900
SCZM,02-Sep-2026,9.38,10.269,9.38,10.18,631700
SDA,02-Sep-2026,0.67,0.7001,0.6319,0.6612,380100
SDG,02-Sep-2026,91.89,92.25,91.89,92.25,4100
SDGR,02-Sep-2026,20.67,21.3995,19.755,20.88,1234400
SDOT,02-Sep-2026,13.27,14,12.9,13.22,122200
SDSI,02-Sep-2026,51.1062,51.13,51.03,51.115,30100
SDST,02-Sep-2026,0.3305,0.339,0.2511,0.2525,7451400
SDTY,02-Sep-2026,41.03,41.21,40.877,41.1174,24700
SDVY,02-Sep-2026,42.88,43.28,42.83,43.1,800400
SEAT,02-Sep-2026,6.04,6.32,6.04,6.12,31100
SEATW,02-Sep-2026,0.0272,0.0315,0.0225,0.0315,10100
SEDG,02-Sep-2026,32.42,34.47,32.42,33.98,2270300
SEED,02-Sep-2026,0.9871,1.02,0.9871,1.0198,21200
SEEM,02-Sep-2026,39.02,39.2,38.97,39.175,31300
SEER,02-Sep-2026,1.94,2.005,1.94,1.98,121100
SEGG,02-Sep-2026,2.75,2.77,2.43,2.45,24400
SEIC,02-Sep-2026,109.7,110.5,108.1025,109.12,668200
SEIE,02-Sep-2026,36.84,36.95,36.81,36.925,67700
SEIS,02-Sep-2026,32.3,32.53,32.3,32.4552,42700
SELF,02-Sep-2026,5.375,5.4401,5.26,5.27,8300
SEMY,02-Sep-2026,12.9,13.06,12.82,12.9564,108200
SENEA,02-Sep-2026,204.92,209.06,204.12,207.3,90600
SENEB,02-Sep-2026,206.48,207.26,206.48,207.26,700
SENS,02-Sep-2026,9.4,10.1495,9.3201,9.94,820900
SEPN,02-Sep-2026,37.96,38.86,37.245,37.5,263200
SEPQ,02-Sep-2026,27.36,27.39,27.1599,27.25,22200
SERA,02-Sep-2026,2.01,2.18,1.97,2.01,15300
SERV,02-Sep-2026,4.65,4.935,4.64,4.87,2921000
SETM,02-Sep-2026,33.36,34.08,33.36,33.89,81900
SEUS,02-Sep-2026,26.07,26.16,26.0637,26.11,25200
SEV,02-Sep-2026,2.32,2.39,2.3,2.33,178200
SEVN,02-Sep-2026,7.54,7.54,7.415,7.42,161800
SEZL,02-Sep-2026,113.9,121.78,113.9,121.5,474300
SFBC,02-Sep-2026,47.28,47.75,46.8001,47.1,6700
SFD,02-Sep-2026,21.95,22.6,21.9,22.4,1598000
SFHG,02-Sep-2026,2.36,2.36,2.26,2.28,37200
SFIX,02-Sep-2026,3.01,3.1,3.005,3.09,1756800
SFLO,02-Sep-2026,39.84,40.24,39.72,40.12,160600
SFM,02-Sep-2026,78.75,79.97,76.12,78.76,2685300
SFNC,02-Sep-2026,22.36,22.81,22.335,22.67,953800
SFST,02-Sep-2026,60.88,62.67,60.76,62.57,85000
SFWL,02-Sep-2026,0.8927,0.98,0.733,0.89,97100
SGA,02-Sep-2026,8.92,9.27,8.7801,9.01,39800
SGC,02-Sep-2026,12.2,12.7,12.2,12.42,58500
SGHT,02-Sep-2026,8.02,8.79,7.822,8.42,269300
SGLD,02-Sep-2026,14.01,14.15,6.85,7.23,9861300
SGLY,02-Sep-2026,1.4,1.5,1.38,1.5,176000
SGML,02-Sep-2026,12.2,12.959,12.2,12.85,1365000
SGMT,02-Sep-2026,10.51,11.06,10.51,10.99,1801000
SGP,02-Sep-2026,26.95,28.735,26.95,28.28,113400
SGRX,02-Sep-2026,2.6,2.61,2.27,2.32,51000
SGRY,02-Sep-2026,14.58,14.72,13.91,13.98,2212800
SGVA,02-Sep-2026,100.77,100.78,100.76,100.775,7800
SHAZ,02-Sep-2026,52.5,55.4,50.5,54.29,877200
SHBI,02-Sep-2026,22.73,23.22,22.73,23.11,139500
SHC,02-Sep-2026,18.72,19.03,18.72,18.96,1460100
SHEN,02-Sep-2026,12.33,12.66,12.33,12.63,420800
SHFS,02-Sep-2026,0.158,0.168,0.1528,0.1613,596300
SHFSW,02-Sep-2026,0.0125,0.0133,0.0121,0.0122,38900
SHIM,02-Sep-2026,3.29,3.645,3.29,3.55,191200
SHIP,02-Sep-2026,18.34,18.74,18.245,18.6,396900
SHLS,02-Sep-2026,6.66,6.791,6.61,6.72,5480900
SHMD,02-Sep-2026,3.08,3.34,3.08,3.27,364900
SHMDW,02-Sep-2026,0.86,0.86,0.7806,0.8052,45100
SHOE,02-Sep-2026,13.08,13.535,13.02,13.49,1350300
SHOO,02-Sep-2026,41.9,42.41,41.5775,41.99,1214900
SHOP,02-Sep-2026,139.65,142.055,138.9,141.87,6211400
SHOT,02-Sep-2026,9.845,9.845,9.8401,9.8401,1200
SHOTU,02-Sep-2026,9.95,9.95,9.95,9.95,3000
SHPH,02-Sep-2026,3.59,3.65,3.42,3.49,24500
SHPU,02-Sep-2026,15.3,15.83,15.29,15.8299,25500
SHRY,02-Sep-2026,47.8891,47.8891,47.8891,47.8891,100
SHY,02-Sep-2026,81.63,81.64,81.61,81.64,2705100
SIBN,02-Sep-2026,18.92,19.715,18.92,19.16,786800
SIDU,02-Sep-2026,2.11,2.2,2.084,2.15,2150100
SIEB,02-Sep-2026,2.52,2.63,2.44,2.46,182500
SIFY,02-Sep-2026,14.2,14.57,14.1,14.33,24700
SIGA,02-Sep-2026,3.24,3.26,3.18,3.21,663200
SIGI,02-Sep-2026,91.73,92.8,91.12,92.23,376300
SIGIP,02-Sep-2026,15.2999,15.64,15.201,15.64,18300
SILC,02-Sep-2026,41.19,42,39.08,39.505,241000
SILO,02-Sep-2026,2.46,2.5,2.46,2.5,5400
SIMA,02-Sep-2026,10.96,11.13,10.96,11.13,3600
SIMO,02-Sep-2026,235.71,242.87,233,242.51,603500
SINT,02-Sep-2026,1.49,1.54,1.48,1.52,18600
SION,02-Sep-2026,6.63,7.35,6.27,7.31,1590500
SIRI,02-Sep-2026,29,29.87,28.74,29.7,6673500
SITM,02-Sep-2026,552.75,571.5301,544.415,568.82,434700
SJ,02-Sep-2026,0.928,0.98,0.928,0.954,5100
SJCP,02-Sep-2026,25.155,25.155,25.11,25.145,1000
SJLD,02-Sep-2026,25.315,25.315,25.315,25.315,100
SKDD,02-Sep-2026,10.43,10.55,9.69,9.75,2839500
SKHY,02-Sep-2026,159.76,165.47,158.67,164.98,11261900
SKHY,02-Sep-2026,159.45,165.47,157.5326,164.935,7641346
SKIN,02-Sep-2026,0.675,0.712,0.651,0.7069,356900
SKK,02-Sep-2026,4.5,4.745,4.45,4.505,37800
SKOR,02-Sep-2026,47.63,47.65,47.595,47.63,46500
SKRE,02-Sep-2026,6.56,6.56,6.275,6.3327,78900
SKUU,02-Sep-2026,22.08,23.71,21.81,23.52,1145100
SKWD,02-Sep-2026,57.4,58.02,56.21,56.32,764700
SKYA,02-Sep-2026,1.3,1.3,1.24,1.27,80000
SKYAW,02-Sep-2026,0.0263,0.0263,0.0216,0.0249,3400
SKYE,02-Sep-2026,1.79,2.05,1.76,1.84,134600
SKYQ,02-Sep-2026,2.8,2.8,2.63,2.65,1368000
SKYU,02-Sep-2026,49.48,49.56,49.42,49.4441,25400
SKYW,02-Sep-2026,94.74,95.86,94.305,94.96,279500
SKYX,02-Sep-2026,1.24,1.31,1.24,1.28,443100
SKYY,02-Sep-2026,160.57,160.86,158.55,159.31,339700
SLAB,02-Sep-2026,219,220.46,219,220.23,610400
SLBT,02-Sep-2026,2.85,3.3312,2.66,3.31,116600
SLDB,02-Sep-2026,9.92,10.435,9.75,10.285,894200
SLDE,02-Sep-2026,23.25,24.22,23.16,24.18,2227200
SLDP,02-Sep-2026,2.32,2.48,2.315,2.46,3402700
SLDPW,02-Sep-2026,0.0225,0.03,0.0211,0.03,42000
SLE,02-Sep-2026,3.73,3.8999,3.72,3.75,160600
SLGB,02-Sep-2026,0.4507,0.4597,0.41,0.42,358500
SLGL,02-Sep-2026,69.48,72.09,68,70.43,97700
SLM,02-Sep-2026,25.97,26.6,25.97,26.51,1701700
SLMBP,02-Sep-2026,75.125,75.25,75.0101,75.1,4900
SLMT,02-Sep-2026,3.98,4.06,3.61,3.8,81300
SLN,02-Sep-2026,14.7,15.28,14.1,14.79,634200
SLNG,02-Sep-2026,6.68,6.9787,6.19,6.4,119000
SLNH,02-Sep-2026,1.04,1.1,1.04,1.08,5458100
SLNHP,02-Sep-2026,12.25,12.35,12.25,12.25,800
SLP,02-Sep-2026,18.42,18.45,18.41,18.43,257000
SLQD,02-Sep-2026,49.88,49.89,49.865,49.885,251200
SLRC,02-Sep-2026,12.69,12.77,12.64,12.7,233800
SLS,02-Sep-2026,13.27,14.33,13.23,14.16,6236300
SLSN,02-Sep-2026,0.905,0.9369,0.905,0.905,6000
SLVO,02-Sep-2026,68.99,69.4362,68.985,69.3148,33200
SLVR,02-Sep-2026,61.61,63.375,61.14,63.25,124400
SLXN,02-Sep-2026,0.38,0.3899,0.3502,0.3512,184000
SLXNW,02-Sep-2026,0.014,0.014,0.014,0.014,3100
SMBC,02-Sep-2026,72.47,73.64,72.23,73.01,141100
SMCF,02-Sep-2026,39.9785,39.9785,39.9785,39.9785,100
SMCI,02-Sep-2026,37.65,37.88,35.63,37,33258700
SMCIP,02-Sep-2026,63.28,63.5,60.66,62.65,72000
SMCL,02-Sep-2026,16.99,17.13,15.24,16.4001,1079500
SMCO,02-Sep-2026,28.645,28.855,28.645,28.798,19400
SMCX,02-Sep-2026,12.2,12.3283,10.92,11.76,5262700
SMCZ,02-Sep-2026,3.09,3.448,3.06,3.2,5220400
SMH,02-Sep-2026,545.22,553.19,541.72,550.48,5129800
SMHC,02-Sep-2026,45.71,45.74,45.56,45.7215,3900
SMHX,02-Sep-2026,54.19,55.06,54.06,54.89,28000
SMID,02-Sep-2026,25.315,26.5,25.315,26.09,7500
SMMT,02-Sep-2026,14.15,14.72,14.06,14.6,3779200
SMOM,02-Sep-2026,29.185,29.2111,29.16,29.2111,3700
SMPL,02-Sep-2026,11.41,11.81,11.26,11.28,1834700
SMRI,02-Sep-2026,48.92,49.01,48.915,48.9647,4700
SMSI,02-Sep-2026,2.86,3.02,2.81,2.85,15400
SMST,02-Sep-2026,27.52,28.39,27,27.68,668300
SMTC,02-Sep-2026,133,134.6799,128.1701,133.85,1725500
SMTI,02-Sep-2026,34.8,34.95,34.78,34.8,246900
SMTK,02-Sep-2026,2.65,2.707,2.46,2.53,105000
SMX,02-Sep-2026,16.7,16.93,15.9,16.1123,11700
SMXT,02-Sep-2026,2.83,2.8647,2.7869,2.81,11200
SMXWW,02-Sep-2026,0.0137,0.017,0.0136,0.017,3800
SMYY,02-Sep-2026,6.1,6.15,6.03,6.13,8600
SNAG,02-Sep-2026,5.435,5.994,5.435,5.8384,38400
SNAL,02-Sep-2026,2.805,2.805,2.64,2.75,27200
SND,02-Sep-2026,5.24,5.25,5.06,5.2,149400
SNDK,02-Sep-2026,1531.62,1587.859,1509.24,1553.4,8939600
SNDL,02-Sep-2026,1.36,1.42,1.36,1.42,965800
SNDX,02-Sep-2026,20.23,21,19.965,20.78,2016100
SNES,02-Sep-2026,1.07,1.08,1.06,1.06,7400
SNEX,02-Sep-2026,68.66,69,65.73,66.86,957300
SNFCA,02-Sep-2026,8.76,8.9,8.76,8.82,30000
SNGX,02-Sep-2026,0.375,0.3895,0.3721,0.3817,93500
SNOA,02-Sep-2026,1.3,1.31,1.29,1.29,23400
SNPS,02-Sep-2026,413.78,418.725,410.52,415.97,1270000
SNSR,02-Sep-2026,46.62,46.8678,46.43,46.79,8500
SNT,02-Sep-2026,1.73,1.73,1.66,1.7,4400
SNTG,02-Sep-2026,1.79,1.8,1.72,1.78,2300
SNTI,02-Sep-2026,0.341,0.3624,0.341,0.3419,43000
SNWV,02-Sep-2026,4.66,4.73,4.41,4.45,41200
SNY,02-Sep-2026,44.68,45.22,44.43,44.47,2170300
SNYR,02-Sep-2026,0.1074,0.115,0.1051,0.112,3149500
SOBR,02-Sep-2026,0.455,0.465,0.4336,0.4538,97100
SOCA,02-Sep-2026,10.34,10.34,10.34,10.34,36100
SOCAU,02-Sep-2026,10.41,10.41,10.41,10.41,1200
SOCAW,02-Sep-2026,0.2124,0.2124,0.2124,0.2124,100
SOCL,02-Sep-2026,44.83,44.88,44.7,44.73,2300
SOFA,02-Sep-2026,12.53,13.8596,12.5,13.7456,57200
SOFI,02-Sep-2026,17.05,17.94,16.92,17.84,40591500
SOFX,02-Sep-2026,8.42,9.265,8.275,9.18,1418400
SOGP,02-Sep-2026,12.17,12.744,12.0005,12.41,13100
SOHU,02-Sep-2026,13.81,13.92,13.4237,13.63,53800
SOLC,02-Sep-2026,19.75,20.05,19.75,20.0071,4400
SOLS,02-Sep-2026,62.16,62.79,60.3,60.99,2470400
SOLT,02-Sep-2026,54,55.5988,53.6,55.13,319700
SOLZ,02-Sep-2026,9.79,9.9324,9.755,9.89,712800
SONM,02-Sep-2026,3.6,3.6,3.115,3.2811,20100
SONO,02-Sep-2026,15.15,16.55,15,15.975,2161300
SOPH,02-Sep-2026,8.47,8.62,7.82,8.28,809600
SORA,02-Sep-2026,2.16,2.4,2.16,2.4,17700
SOTK,02-Sep-2026,4.94,5.205,4.88,4.95,20700
SOUN,02-Sep-2026,6.81,7.07,6.72,6.78,23951900
SOUNW,02-Sep-2026,1.27,1.31,1.21,1.2399,25100
SOUX,02-Sep-2026,11.13,11.93,10.85,11.0563,38100
SOWG,02-Sep-2026,3.71,3.79,3.48,3.48,20600
SOXQ,02-Sep-2026,88.57,89.6601,87.82,89.27,1514200
SOXX,02-Sep-2026,498.18,504.02,493.31,501.44,5813300
SPAI,02-Sep-2026,4.62,4.99,4.62,4.87,109300
SPAM,02-Sep-2026,42.5133,42.5133,42.5133,42.5133,200
SPAQ,02-Sep-2026,93.765,93.765,93.765,93.765,100
SPBC,02-Sep-2026,49.83,49.83,49.7494,49.7494,300
SPCB,02-Sep-2026,10.23,10.315,10.155,10.25,41200
SPCK,02-Sep-2026,22.778,22.78,22.535,22.535,800
SPCT,02-Sep-2026,27.65,27.73,27.65,27.6719,13600
SPCX,02-Sep-2026,142.68,143.1,138.17,140.71,49903600
SPFI,02-Sep-2026,43.78,44.74,43.6,44.58,104300
SPHL,02-Sep-2026,2.35,2.4439,2.33,2.4,4600
SPIT,02-Sep-2026,31.09,31.2718,31.0001,31.2718,5000
SPKL,02-Sep-2026,11.61,11.61,11.56,11.57,13000
SPKLW,02-Sep-2026,1.23,1.3,1.23,1.2399,6200
SPOG,02-Sep-2026,8.18,8.9672,8.17,8.855,19100
SPOK,02-Sep-2026,10.62,10.63,10.5106,10.56,91500
SPPL,02-Sep-2026,2.07,2.3,1.85,1.97,114500
SPRB,02-Sep-2026,56.52,60.13,56.52,59.67,268100
SPRC,02-Sep-2026,5.8,5.9999,5.41,5.85,49200
SPRO,02-Sep-2026,1.2,1.2388,1.2,1.22,169500
SPRX,02-Sep-2026,42.45,42.58,41.9,42.35,58900
SPRY,02-Sep-2026,5.86,6,5.745,5.82,1196900
SPSC,02-Sep-2026,83.09,84.12,82.19,82.82,559100
SPT,02-Sep-2026,11.39,11.665,11.3,11.34,1408100
SPTX,02-Sep-2026,23.66,25.21,23.65,24.91,156400
SPWH,02-Sep-2026,1.34,1.36,1.21,1.28,3200800
SPWR,02-Sep-2026,0.27,0.27,0.245,0.2541,4428600
SPWRW,02-Sep-2026,0.1,0.1,0.0851,0.0851,300
SPXD,02-Sep-2026,29.7,29.7524,29.6999,29.7524,1400
SPYQ,02-Sep-2026,192.17,193.465,192.16,193.3312,1300
SQFT,02-Sep-2026,1.55,1.56,1.4,1.44,60500
SQFTP,02-Sep-2026,6.9,7.45,6.9,7.2,11500
SQFTW,02-Sep-2026,0.0135,0.0158,0.0135,0.0157,1500
SQLV,02-Sep-2026,54.37,54.39,54.1922,54.1922,2300
SQQQ,02-Sep-2026,40.09,40.43,39.6326,39.71,33711900
SQS,02-Sep-2026,28.16,28.1853,28.16,28.1853,200
SRAD,02-Sep-2026,12.41,13.06,12.335,12.92,2813900
SRBK,02-Sep-2026,19.59,19.8699,19.57,19.66,20800
SRCE,02-Sep-2026,85.33,86.58,84.035,86.07,125100
SRET,02-Sep-2026,21.97,22.08,21.8901,22.02,24900
SRPT,02-Sep-2026,21.33,23.62,21.33,23.21,4807100
SRRK,02-Sep-2026,56.62,58.1,55.2701,56.1,1065900
SRTA,02-Sep-2026,5.38,5.55,5.355,5.39,1162300
SRTS,02-Sep-2026,3.31,3.38,3.215,3.25,22000
SRZN,02-Sep-2026,22.32,23.005,21.895,22.6,116900
SSAC,02-Sep-2026,10.08,10.095,10.08,10.095,40600
SSACR,02-Sep-2026,0.18,0.2159,0.1462,0.182,623900
SSBI,02-Sep-2026,12.81,12.81,12.65,12.65,15300
SSEAR,02-Sep-2026,0.15,0.15,0.15,0.15,100
SSII,02-Sep-2026,3.36,3.486,3.3,3.4,68400
SSM,02-Sep-2026,4.45,5.4,3.75,4.8,2301200
SSNC,02-Sep-2026,82.9,84,81.91,82.55,1975400
SSP,02-Sep-2026,3.26,3.39,3.17,3.25,878400
SSRM,02-Sep-2026,36.97,37.91,36.86,37.75,2170500
SSS,02-Sep-2026,22.3023,22.3023,22.3023,22.3023,100
SSTI,02-Sep-2026,6,6.11,5.97,6.07,97100
SSYS,02-Sep-2026,7.62,7.68,7.5119,7.57,451500
STAA,02-Sep-2026,23.41,23.845,23.04,23.11,472700
STAK,02-Sep-2026,1.29,1.34,1.22,1.24,425100
STBA,02-Sep-2026,49.45,50.19,49.22,49.88,292000
STEP,02-Sep-2026,49.46,50.95,49.01,50.5,1080600
STEX,02-Sep-2026,0.71,0.7599,0.7006,0.725,1026400
STFS,02-Sep-2026,4.6,4.748,4.36,4.52,51900
STGW,02-Sep-2026,8.58,8.82,8.58,8.805,1437500
STHO,02-Sep-2026,9.62,9.82,9.6,9.72,10900
STI,02-Sep-2026,7.66,7.73,7.42,7.59,36200
STIM,02-Sep-2026,2.85,2.89,2.7,2.77,1082300
STKE,02-Sep-2026,1.15,1.18,1.09,1.17,117500
STKH,02-Sep-2026,2.6,2.65,2.5,2.57,76400
STKS,02-Sep-2026,1.66,1.68,1.65,1.65,21000
STLD,02-Sep-2026,236.9,248.375,235.89,247.64,1192500
STLN,02-Sep-2026,5.93,6.13,5.9,6.09,841600
STNC,02-Sep-2026,36.3,36.34,36.3,36.3214,1400
STNE,02-Sep-2026,9.68,10.43,9.67,10.37,7269400
STOK,02-Sep-2026,31.46,32.12,29.98,30.5,631300
STRA,02-Sep-2026,83.41,84.0599,81.958,82.17,271300
STRC,02-Sep-2026,96.76,97.2,96.61,97.07,1013000
STRD,02-Sep-2026,73,73.46,72.6201,73.265,37300
STRF,02-Sep-2026,102.51,103.439,101.81,103.01,35400
STRK,02-Sep-2026,72.68,74.3396,72.675,74.26,40800
STRL,02-Sep-2026,455.34,458.11,444.5208,457.6,472000
STRO,02-Sep-2026,20.82,21.28,19.8445,20.47,134500
STRR,02-Sep-2026,10.42,10.42,10.42,10.42,600
STRRP,02-Sep-2026,9.6,9.63,9.57,9.6299,4400
STRT,02-Sep-2026,69.59,74,69.28,73.07,161000
STRZ,02-Sep-2026,26.58,27.7823,26.49,26.9,128800
STTK,02-Sep-2026,6.91,7.28,6.77,6.91,583500
STX,02-Sep-2026,805.86,835.4,785.6601,808.54,2663100
SUGP,02-Sep-2026,0.6402,0.6708,0.615,0.6284,473000
SUIG,02-Sep-2026,0.904,1.02,0.904,0.9856,432000
SUIS,02-Sep-2026,18.738,18.8841,18.738,18.8841,300
SUJA,02-Sep-2026,10.33,10.533,9.88,10.22,489100
SUMAR,02-Sep-2026,0.235,0.2351,0.235,0.235,200
SUNE,02-Sep-2026,2.46,2.49,2.32,2.37,364500
SUNS,02-Sep-2026,7.49,7.5499,7.41,7.46,40400
SUPN,02-Sep-2026,44.42,45.045,43.67,44.03,445900
SUPP,02-Sep-2026,76.96,77.307,76.96,77.307,2500
SUPX,02-Sep-2026,7.95,8.59,7.8101,8.36,612600
SURG,02-Sep-2026,0.1585,0.169,0.1512,0.1642,3222600
SUSB,02-Sep-2026,24.68,24.69,24.67,24.685,192800
SUSC,02-Sep-2026,22.51,22.53,22.5,22.525,365200
SUSL,02-Sep-2026,136.04,136.97,136.04,136.7047,8500
SVAQ,02-Sep-2026,10.05,10.06,10.05,10.05,11300
SVAQW,02-Sep-2026,0.475,0.475,0.46,0.46,3100
SVC,02-Sep-2026,7.74,7.84,7.625,7.66,1109000
SVCC,02-Sep-2026,10.67,10.675,10.67,10.67,302000
SVCCW,02-Sep-2026,0.23,0.23,0.23,0.23,1200
SVCO,02-Sep-2026,6.47,6.47,6.22,6.24,200000
SVRA,02-Sep-2026,5.47,5.56,5.365,5.46,1216800
SVRE,02-Sep-2026,2.71,3.35,2.71,2.87,84300
SVREW,02-Sep-2026,0.0097,0.0097,0.0097,0.0097,3000
SVRN,02-Sep-2026,9.43,10.5,9.35,10.48,105000
SWAG,02-Sep-2026,1.7,1.74,1.7,1.73,6700
SWAGW,02-Sep-2026,0.006,0.0062,0.006,0.0062,9900
SWBI,02-Sep-2026,12.78,12.9899,12.7,12.78,453500
SWIM,02-Sep-2026,6.9,7.01,6.655,6.87,1388200
SWKHL,02-Sep-2026,25.48,25.48,25.45,25.4599,1500
SWKS,02-Sep-2026,66.39,73.26,66.39,71.67,7517900
SWMR,02-Sep-2026,32.51,33.25,31.37,31.8,290500
SWP,02-Sep-2026,28.35,28.555,28.35,28.435,3900
SWVL,02-Sep-2026,3.71,5.4999,3.69,5.08,1431600
SWVLW,02-Sep-2026,0.0128,0.0144,0.0088,0.0138,115600
SXTC,02-Sep-2026,2.5,2.5,2.06,2.22,106500
SXTP,02-Sep-2026,1.03,1.05,0.9,0.9495,105100
SY,02-Sep-2026,2.75,2.99,2.75,2.82,796200
SYBT,02-Sep-2026,78.75,80.215,78.345,79.46,141200
SYM,02-Sep-2026,38.3,40.0679,38.2586,39.87,1287800
SYNA,02-Sep-2026,95.7,97.31,94.245,95.99,751400
SYPR,02-Sep-2026,1.84,1.99,1.81,1.86,51600
SYRE,02-Sep-2026,88.05,90.18,84,87.05,1361700
SYZ,02-Sep-2026,29.68,30.05,29.68,29.9949,3000
SZZL,02-Sep-2026,10.5,10.5,10.5,10.5,400
TACH,02-Sep-2026,10.5,10.51,10.5,10.51,30000
TACHW,02-Sep-2026,0.5,0.5,0.495,0.5,1300
TACO,02-Sep-2026,10.48,10.49,10.48,10.48,20300
TACT,02-Sep-2026,5.1,5.25,5.05,5.19,8300
TANH,02-Sep-2026,0.32,0.3346,0.2012,0.2299,1706200
TAOP,02-Sep-2026,0.8548,0.8878,0.8,0.8105,26500
TAOX,02-Sep-2026,3.75,3.9979,3.73,3.84,58200
TAOZ,02-Sep-2026,91.0217,91.0217,91.0217,91.0217,100
TARA,02-Sep-2026,3.92,4.0002,3.855,3.94,335400
TARK,02-Sep-2026,49.54,49.79,48.215,49.2663,5300
TARS,02-Sep-2026,74.63,82.97,74.105,82.76,1899800
TASK,02-Sep-2026,7.78,8.125,7.78,8.06,595300
TATT,02-Sep-2026,37.32,37.8,36.88,37.03,119700
TAVI,02-Sep-2026,10.77,10.77,10.72,10.72,200
TAVIU,02-Sep-2026,10.79,16.07,10.475,11,33400
TAX,02-Sep-2026,30.79,30.8396,30.77,30.8396,500
TAXE,02-Sep-2026,50.01,50.01,49.9,49.9404,34800
TAXI,02-Sep-2026,50.31,50.31,50.26,50.295,19200
TAXS,02-Sep-2026,50.0395,50.0395,50.02,50.03,2600
TAXT,02-Sep-2026,50.39,50.4,50.35,50.395,11500
TAYD,02-Sep-2026,59.99,60.2,58.28,59.21,75700
TBBK,02-Sep-2026,64.83,66.56,64.7,66.45,242800
TBCH,02-Sep-2026,12.05,12.66,11.98,12.47,336100
TBCVU,02-Sep-2026,9.95,9.95,9.93,9.93,700
TBIL,02-Sep-2026,49.875,49.88,49.87,49.87,1511800
TBLA,02-Sep-2026,3.74,3.875,3.73,3.82,1847700
TBLD,02-Sep-2026,22.45,22.45,22,22.19,66000
TBPH,02-Sep-2026,17.06,17.08,17.025,17.07,566800
TC,02-Sep-2026,1.97,2.07,1.97,2.01,78100
TCAN,02-Sep-2026,18.68,18.68,18.3,18.5266,11400
TCBI,02-Sep-2026,96.29,97.85,95.675,96.68,520400
TCBIO,02-Sep-2026,20.1,20.1,19.91,19.955,37200
TCBK,02-Sep-2026,53.1,54.28,53.02,53.83,205700
TCBS,02-Sep-2026,17.54,17.54,17.54,17.54,300
TCGX,02-Sep-2026,14.15,14.51,13.745,14.22,168700
TCHI,02-Sep-2026,23.09,23.14,23.065,23.065,5300
TCMD,02-Sep-2026,22.46,23.07,22.3,22.41,310300
TCOM,02-Sep-2026,43.86,44.365,43.59,43.63,2470800
TCPC,02-Sep-2026,4.1,4.1149,4.06,4.08,319600
TCRT,02-Sep-2026,1.59,1.695,1.59,1.67,8500
TCRX,02-Sep-2026,0.55,0.57,0.36,0.3811,8517300
TCX,02-Sep-2026,10.52,11.09,10.385,10.65,104800
TDAC,02-Sep-2026,10.85,10.85,10.82,10.8401,10200
TDACW,02-Sep-2026,1.84,1.85,1.84,1.85,1000
TDCL,02-Sep-2026,14.96,14.96,14.7709,14.7709,600
TDI,02-Sep-2026,46.69,47,46.69,46.95,39400
TDIC,02-Sep-2026,2.47,2.47,2.395,2.43,19400
TDIV,02-Sep-2026,114.47,114.78,114.185,114.6275,78800
TDOG,02-Sep-2026,16.33,16.33,16.3208,16.3208,700
TDOT,02-Sep-2026,10.12,10.3508,10.09,10.3508,1400
TDSB,02-Sep-2026,24.9,24.94,24.9,24.9382,1900
TDSC,02-Sep-2026,28.54,28.592,28.54,28.592,1200
TDTH,02-Sep-2026,1.81,1.86,1.75,1.76,38400
TDUP,02-Sep-2026,2.52,2.73,2.48,2.71,3467900
TDWDR,02-Sep-2026,0.1251,0.1251,0.12,0.12,200
TEAD,02-Sep-2026,0.4868,0.52,0.4759,0.491,98900
TEAM,02-Sep-2026,187.57,192.87,184.73,186.44,3546700
TECH,02-Sep-2026,72.2,72.38,72.2,72.3,1655800
TECX,02-Sep-2026,31.22,31.8,29.77,30.38,167300
TECY,02-Sep-2026,21.15,21.15,21.15,21.15,100
TEKX,02-Sep-2026,58.805,58.965,58.7201,58.965,1400
TEKY,02-Sep-2026,42.8482,42.8482,42.8482,42.8482,100
TELA,02-Sep-2026,0.771,0.83,0.739,0.7524,129000
TELO,02-Sep-2026,1.11,1.13,1.0885,1.12,31300
TEM,02-Sep-2026,63.15,67.0999,60.06,61.94,5785600
TENB,02-Sep-2026,35.09,35.09,32.805,34.24,4532500
TENX,02-Sep-2026,1.81,1.85,1.7707,1.85,3702000
TER,02-Sep-2026,334.01,347,330.12,341.62,1817000
TERG,02-Sep-2026,32.07,34.2,32.01,33.2841,11400
TEXN,02-Sep-2026,33.23,33.51,33.23,33.51,1200
TEXX,02-Sep-2026,30.7439,30.7439,30.7439,30.7439,100
TFGZ,02-Sep-2026,35.3,35.3,35.2329,35.2329,1100
TFNS,02-Sep-2026,29.7,29.7,29.6192,29.6192,200
TFSL,02-Sep-2026,17.43,17.625,17.2539,17.47,623300
TGHL,02-Sep-2026,0.88,0.996,0.88,0.8989,387800
TGL,02-Sep-2026,2.435,2.53,2.4337,2.49,18900
TGRZ,02-Sep-2026,21.1,21.285,21.1,21.165,12300
TGTX,02-Sep-2026,56.18,57.87,54.7,56.9,2361800
TH,02-Sep-2026,17.98,18.56,17.865,18.39,838900
THCH,02-Sep-2026,1.35,1.39,1.33,1.39,3700
THEO,02-Sep-2026,9.87,10.03,9.87,9.87,595100
THFF,02-Sep-2026,77.86,79.525,77.36,78.77,127600
THH,02-Sep-2026,1.69,1.83,1.62,1.68,30500
THMZ,02-Sep-2026,34.19,34.31,34.19,34.2925,1000
THRM,02-Sep-2026,38.7,39.935,38.7,39.48,177400
THRV,02-Sep-2026,23.9134,23.921,23.9134,23.921,400
THRY,02-Sep-2026,1.8,1.88,1.761,1.88,869000
THYM,02-Sep-2026,49.469,49.48,49.3928,49.3928,10800
THYP,02-Sep-2026,47.27,47.439,46.7,46.96,41700
TIGO,02-Sep-2026,94,95.77,93.35,95.25,793400
TIGR,02-Sep-2026,4.89,4.935,4.78,4.79,1894500
TIH,02-Sep-2026,24.85,24.9801,24.85,24.9801,7700
TIL,02-Sep-2026,7.73,7.79,7.67,7.685,3800
TILC,02-Sep-2026,25.84,25.84,25.75,25.805,6800
TILE,02-Sep-2026,37,37.51,36.75,36.85,573700
TIPT,02-Sep-2026,18.37,18.61,18.33,18.4,142800
TISC,02-Sep-2026,24,24.06,24,24.0463,800
TITN,02-Sep-2026,20.63,23.6,20.58,23.39,687500
TJGC,02-Sep-2026,10.02,10.38,9.9,10.04,1671000
TKLF,02-Sep-2026,1.68,1.725,1.61,1.65,12000
TKNO,02-Sep-2026,7.15,7.64,7.15,7.43,220500
TKNS,02-Sep-2026,26.3848,26.3848,26.3848,26.3848,100
TLA,02-Sep-2026,24.44,24.485,24.3915,24.485,1600
TLACU,02-Sep-2026,9.97,9.97,9.95,9.96,89000
TLF,02-Sep-2026,2.64,2.64,2.5901,2.62,10100
TLG,02-Sep-2026,26.97,27.2921,26.97,27.2921,6100
TLIH,02-Sep-2026,5.32,5.802,5.32,5.78,1100
TLN,02-Sep-2026,292.15,304.08,290.19,302.03,835200
TLNC,02-Sep-2026,10.27,10.27,10.27,10.27,100
TLPH,02-Sep-2026,1.17,1.2,1.17,1.2,139000
TLRY,02-Sep-2026,4.47,4.67,4.46,4.52,3219700
TLS,02-Sep-2026,4.73,4.79,4.675,4.71,667100
TLSA,02-Sep-2026,0.9622,0.998,0.91,0.9315,488400
TLSI,02-Sep-2026,5.18,5.37,5.0155,5.14,250600
TLT,02-Sep-2026,81.97,82.0476,81.745,81.95,21454200
TLX,02-Sep-2026,11.4,11.79,11.3801,11.45,239300
TMB,02-Sep-2026,25.12,25.14,25.08,25.1153,36100
TMC,02-Sep-2026,4.5,4.72,4.49,4.59,4731300
TMCI,02-Sep-2026,4.59,4.86,4.57,4.7,172300
TMCR,02-Sep-2026,6.01,6.02,5.89,5.89,8100
TMCWW,02-Sep-2026,0.007,0.0077,0.0054,0.0059,342600
TMDX,02-Sep-2026,82.23,85.52,82.23,84.29,589800
TMED,02-Sep-2026,35.42,35.97,35.42,35.8947,18900
TMNL,02-Sep-2026,48.9551,48.9551,48.9551,48.9551,100
TMNS,02-Sep-2026,49.665,49.665,49.665,49.665,100
TMS,02-Sep-2026,5.92,6.47,5.9,5.96,199700
TMSF,02-Sep-2026,49.91,49.91,49.91,49.91,100
TMSWW,02-Sep-2026,1.04,1.04,0.85,0.98,4200
TMUS,02-Sep-2026,183.56,188.07,182.43,187.3,6034900
TMUSI,02-Sep-2026,19.83,20.09,19.83,19.99,9700
TMUSL,02-Sep-2026,23.34,23.34,22.86,23.14,1025500
TMUSZ,02-Sep-2026,19.95,20,19.795,19.87,18000
TMYY,02-Sep-2026,22.48,22.48,22.48,22.48,1100
TNDM,02-Sep-2026,21.25,21.735,20.54,20.56,1136300
TNGX,02-Sep-2026,22.62,23.122,21.635,22.32,1916700
TNMG,02-Sep-2026,0.4794,0.4794,0.4303,0.4686,207500
TNON,02-Sep-2026,4.56,4.79,4.3985,4.47,83600
TNONW,02-Sep-2026,0.0088,0.0089,0.007,0.0089,47400
TNXP,02-Sep-2026,14,14.015,13.37,13.38,421400
TNXT,02-Sep-2026,28.385,28.385,28.385,28.385,100
TNYA,02-Sep-2026,0.698,0.7101,0.69,0.6993,1213500
TOMZ,02-Sep-2026,1.69,1.74,1.66,1.66,6900
TONX,02-Sep-2026,3.08,3.245,3.03,3.14,209000
TOP,02-Sep-2026,15.76,16.16,15.13,15.2,88200
TORO,02-Sep-2026,6.19,6.4808,6.1718,6.25,16000
TOUR,02-Sep-2026,4.94,5,4.94,4.945,5800
TOWN,02-Sep-2026,36.54,37.44,36.54,37.27,475000
TOYO,02-Sep-2026,4.16,4.38,4.16,4.29,375000
TPCS,02-Sep-2026,5.525,5.6083,5.51,5.55,11000
TPG,02-Sep-2026,52.34,53.7699,52.1,52.32,1472200
TPGXL,02-Sep-2026,21.66,21.8399,21.6,21.65,23500
TPLS,02-Sep-2026,24.605,24.675,24.605,24.675,5500
TPST,02-Sep-2026,1.05,1.12,1.05,1.1,127600
TQQQ,02-Sep-2026,68.97,69.7599,68.3899,69.6,38887300
TQQY,02-Sep-2026,12.2,12.22,12.19,12.19,2600
TRAW,02-Sep-2026,0.607,0.607,0.57,0.57,28200
TRAX,02-Sep-2026,44.48,47.977,44.26,45.28,1365200
TRBF,02-Sep-2026,48.35,48.4008,48.3472,48.4008,300
TRDA,02-Sep-2026,7.07,7.34,6.96,7.3,306500
TREE,02-Sep-2026,27.42,27.93,27.07,27.82,412200
TREO,02-Sep-2026,5.1,5.5999,4.55,4.75,705000
TRGS,02-Sep-2026,9.9601,9.9601,9.96,9.96,50300
TRGSR,02-Sep-2026,0.17,0.17,0.165,0.165,2000
TRI,02-Sep-2026,105.5,106.84,104.03,105.87,1735800
TRIB,02-Sep-2026,9.6,9.85,9.45,9.6,12000
TRIP,02-Sep-2026,9.45,9.73,9.42,9.61,3057200
TRMB,02-Sep-2026,58.59,59.38,57.905,59.11,3280100
TRMD,02-Sep-2026,33.1,33.9,32.86,33.85,940600
TRMK,02-Sep-2026,45.21,46.16,45.19,45.82,440700
TRNR,02-Sep-2026,3.03,3.03,3.03,3.03,2800
TRNS,02-Sep-2026,85.17,86.925,84.6,85.56,88900
TRON,02-Sep-2026,1.67,1.67,1.5,1.55,1118900
TROO,02-Sep-2026,2.3,2.3699,2.105,2.145,429800
TROW,02-Sep-2026,109.29,110.87,109.12,109.38,1087000
TRS,02-Sep-2026,39.25,39.915,39.06,39.19,264300
TRSG,02-Sep-2026,1.48,1.48,1.48,1.48,0
TRST,02-Sep-2026,56.28,57.68,56.14,57.28,163000
TRUC,02-Sep-2026,25.13,25.51,25.13,25.4054,14800
TRUD,02-Sep-2026,25.6,25.66,25.59,25.6278,41400
TRUF,02-Sep-2026,30.28,30.28,30.0607,30.0607,200
TRUG,02-Sep-2026,0.43,0.4863,0.3636,0.4213,735700
TRUH,02-Sep-2026,30.09,30.19,30.09,30.168,500
TRUI,02-Sep-2026,24.68,24.7182,24.68,24.7182,300
TRUM,02-Sep-2026,26.07,26.11,26.07,26.0767,700
TRUN,02-Sep-2026,30.39,30.5753,30.39,30.5753,300
TRUO,02-Sep-2026,25.5936,25.5936,25.5936,25.5936,100
TRUP,02-Sep-2026,27.93,28.95,27.8,28.26,504700
TRUR,02-Sep-2026,24.7376,24.7376,24.7376,24.7376,100
TRUT,02-Sep-2026,31.79,31.9099,31.65,31.8147,96300
TRUU,02-Sep-2026,23.1,23.3147,23.0999,23.3147,300
TRVG,02-Sep-2026,5.87,5.9999,5.75,5.85,139600
TRVI,02-Sep-2026,16.57,17.115,16.22,17.05,1350000
TSAT,02-Sep-2026,43.56,43.98,42.2823,43.21,115700
TSBK,02-Sep-2026,45.22,46.3,45.22,45.66,37600
TSCM,02-Sep-2026,19.9,19.9,19.8444,19.8444,500
TSCO,02-Sep-2026,34.62,35.555,34.59,34.86,8052300
TSDD,02-Sep-2026,8.13,8.63,8.13,8.31,6592600
TSEL,02-Sep-2026,28.31,28.375,28.31,28.375,500
TSEM,02-Sep-2026,202.91,209.26,199.34,206.81,1206100
TSHA,02-Sep-2026,5.73,5.96,5.55,5.64,1988500
TSL,02-Sep-2026,13.55,13.55,13.07,13.39,473900
TSLA,02-Sep-2026,360.41,360.62,349.92,357.01,33951900
TSLG,02-Sep-2026,4.75,4.75,4.47,4.65,52482900
TSLL,02-Sep-2026,9.57,9.58,9,9.37,88364100
TSLQ,02-Sep-2026,19.49,20.53,19.39,19.75,4917900
TSLR,02-Sep-2026,16.5,16.5,15.53,16.17,1270400
TSLS,02-Sep-2026,57.24,58.81,57.235,57.6632,181600
TSMG,02-Sep-2026,36.25,36.6319,35.944,36.6319,36300
TSMU,02-Sep-2026,64.74,66,64.495,65.8369,19400
TSMX,02-Sep-2026,75,76.0114,74.25,75.9398,233500
TSMZ,02-Sep-2026,8.01,8.04,7.96,7.98,96400
TSPY,02-Sep-2026,25.2,25.3425,25.19,25.29,357600
TSSI,02-Sep-2026,8.06,8.2,7.77,7.82,938500
TSUI,02-Sep-2026,14.29,14.5838,14.235,14.5838,7900
TSYX,02-Sep-2026,23.0301,23.23,23.025,23.22,16600
TSYY,02-Sep-2026,20.21,20.25,20.1,20.16,18100
TTAN,02-Sep-2026,94.66,96.18,91.4,92.17,856100
TTD,02-Sep-2026,13.66,14.585,13.6,14.55,21814000
TTEC,02-Sep-2026,1.34,1.37,1.32,1.34,169500
TTEK,02-Sep-2026,35.65,36.08,35.435,35.91,2131400
TTEQ,02-Sep-2026,40.7,40.98,40.55,40.9568,88800
TTGT,02-Sep-2026,3.77,3.83,3.71,3.81,386900
TTMI,02-Sep-2026,114.22,115.7466,111.41,115.6,1305700
TTRX,02-Sep-2026,9.7,10.25,9,9.67,106400
TTWO,02-Sep-2026,216.06,220.7099,214.85,216.14,2488200
TUG,02-Sep-2026,45.94,46.04,45.94,46.03,500
TULP,02-Sep-2026,3.17,3.66,3.17,3.27,1300
TUR,02-Sep-2026,39.56,39.74,39.47,39.55,209200
TURB,02-Sep-2026,1.2,1.22,1.14,1.14,35800
TURF,02-Sep-2026,36.28,36.28,36.17,36.2442,9300
TUSK,02-Sep-2026,3.11,3.25,3.09,3.22,85400
TVA,02-Sep-2026,10.56,10.57,10.55,10.55,105200
TVACU,02-Sep-2026,10.87,11.91,10.77,10.77,8200
TVACW,02-Sep-2026,0.4,0.4,0.3675,0.4,33200
TVAI,02-Sep-2026,10.38,10.39,10.38,10.385,5000
TVGN,02-Sep-2026,7,7.17,7,7.17,1500
TVGNW,02-Sep-2026,0.0531,0.0535,0.0454,0.0525,620100
TVRD,02-Sep-2026,1.75,1.88,1.75,1.88,107800
TVTX,02-Sep-2026,66.37,67.82,65.76,67.23,1085700
TW,02-Sep-2026,106.11,107.14,103.18,103.47,1129700
TWAV,02-Sep-2026,1.31,1.4184,1.31,1.365,13600
TWFG,02-Sep-2026,28.82,30.13,28.81,30.065,190300
TWG,02-Sep-2026,0.43,0.4349,0.41,0.41,120300
TWIN,02-Sep-2026,22.52,22.91,22.27,22.84,87400
TWLVR,02-Sep-2026,0.1151,0.1151,0.091,0.0998,28700
TWST,02-Sep-2026,131.43,140.8,126.42,131,1900300
TXG,02-Sep-2026,60.24,63.49,59.41,61.65,1604900
TXMD,02-Sep-2026,2.23,2.31,2.18,2.26,56400
TXN,02-Sep-2026,253.34,258.035,251.045,254.8,3879900
TXRH,02-Sep-2026,191.71,194.19,190.87,190.88,784000
TXUE,02-Sep-2026,35.99,35.99,35.8425,35.915,32300
TXUG,02-Sep-2026,27.1597,27.1597,27.1597,27.1597,100
TXXD,02-Sep-2026,3.75,3.88,3.73,3.7926,63400
TXXH,02-Sep-2026,64.795,65.2,63.5,63.9448,27000
TXXS,02-Sep-2026,20.76,21.4,20.76,21.2428,3000
TYGO,02-Sep-2026,1.06,1.08,1.05,1.07,656900
TYRA,02-Sep-2026,25.52,26.42,24.8,25.13,567900
TZOO,02-Sep-2026,6.29,6.4593,6.23,6.23,30100
UAE,02-Sep-2026,19.18,19.25,19.18,19.24,36800
UAL,02-Sep-2026,106.8,109.87,106.2501,108.35,4187900
UBCP,02-Sep-2026,15.59,15.59,15.5506,15.58,1200
UBND,02-Sep-2026,21.33,21.33,21.3,21.3176,570700
UBRL,02-Sep-2026,15.98,16.4103,15.68,16.15,135300
UBSI,02-Sep-2026,46.66,47.67,46.615,47.3,1025200
UCAR,02-Sep-2026,0.6054,0.6197,0.6,0.6089,18800
UCL,02-Sep-2026,0.375,0.3918,0.37,0.3863,502300
UCRD,02-Sep-2026,21.0217,21.0228,21.0217,21.0228,300
UCTT,02-Sep-2026,65.11,66.9,63.67,66.07,882000
UCYB,02-Sep-2026,81.06,81.24,79.01,80.1472,3700
UECG,02-Sep-2026,4.37,4.62,4.24,4.3689,35000
UEIC,02-Sep-2026,4.63,4.78,4.54,4.54,102900
UEVM,02-Sep-2026,60.81,60.9,60.75,60.8293,3700
UFCS,02-Sep-2026,54.58,55.45,54.55,54.85,155300
UFG,02-Sep-2026,0.542,0.589,0.5192,0.5604,17106000
UFIV,02-Sep-2026,47.54,47.57,47.52,47.5578,8200
UFO,02-Sep-2026,42.95,43.37,42.6894,43.14,233900
UFOX,02-Sep-2026,79.52,79.96,79.13,79.82,35300
UFPI,02-Sep-2026,82.55,83.66,82.11,82.91,323100
UFPT,02-Sep-2026,295.87,297.9875,290.0201,292.44,120100
UG,02-Sep-2026,7.06,7.3,7.06,7.07,7800
UITB,02-Sep-2026,45.94,45.97,45.9,45.9659,168400
UIVM,02-Sep-2026,77.54,78.39,77.54,77.955,31700
UK,02-Sep-2026,2.06,2.06,1.96,1.98,16600
ULBI,02-Sep-2026,6.25,6.37,6.18,6.19,45000
ULCC,02-Sep-2026,5.64,5.76,5.58,5.7,2633300
ULH,02-Sep-2026,18.29,18.91,18.13,18.13,34400
ULTA,02-Sep-2026,545.68,559.76,545.01,551.74,597200
ULTI,02-Sep-2026,6.61,6.69,6.4095,6.59,23300
ULVM,02-Sep-2026,108.46,108.46,108.19,108.2182,1100
UMBF,02-Sep-2026,138.85,142.705,138.525,141.91,671000
UMBFO,02-Sep-2026,26.5,26.5,26.1,26.1,9500
UMMA,02-Sep-2026,36.87,37.07,36.86,37.0335,28700
UNB,02-Sep-2026,23.55,24,23.55,23.77,7100
UNCY,02-Sep-2026,5.1,5.22,5.06,5.19,760400
UNHG,02-Sep-2026,20.21,20.495,20.045,20.36,336700
UNIT,02-Sep-2026,9.81,9.95,9.72,9.85,1652100
UNIY,02-Sep-2026,47.35,47.404,47.35,47.404,200
UNTY,02-Sep-2026,57.93,59.395,57.93,58.79,51500
UONE,02-Sep-2026,5,5,4.77,4.77,4300
UONEK,02-Sep-2026,4.34,4.35,4.16,4.16,2400
UPB,02-Sep-2026,6.62,6.98,6.41,6.48,515700
UPBD,02-Sep-2026,18.53,19.05,18.53,18.8,700700
UPC,02-Sep-2026,5.1,5.33,3.97,4.77,4100800
UPGR,02-Sep-2026,23.2365,23.2365,23.2365,23.2365,100
UPLD,02-Sep-2026,4.11,4.252,4.11,4.11,4400
UPST,02-Sep-2026,27.33,28.3,27.2,28.17,3071000
UPWK,02-Sep-2026,9.11,9.41,9.01,9.03,2864200
UPXI,02-Sep-2026,1,1.04,0.96,0.9603,3411500
URBN,02-Sep-2026,78.84,79.585,77.82,78.75,947100
URGN,02-Sep-2026,44.01,45.88,43.49,44.42,473500
URNJ,02-Sep-2026,24.56,25.355,24.49,24.8,297200
UROY,02-Sep-2026,4.18,4.33,4.1101,4.29,1737600
USAF,02-Sep-2026,28.225,28.2299,28.16,28.2151,1300
USAR,02-Sep-2026,17.36,17.9,17.28,17.85,8076500
USAU,02-Sep-2026,15.27,16.15,15.225,16.12,172500
USCB,02-Sep-2026,22.39,22.985,22.24,22.72,79000
USCL,02-Sep-2026,86.245,86.2544,86.245,86.2544,100
USDE,02-Sep-2026,8.07,8.07,6.9,7.5,3149200
USDEW,02-Sep-2026,1.59,1.75,1.48,1.68,90300
USDX,02-Sep-2026,25.58,25.58,25.5,25.51,9600
USEA,02-Sep-2026,2.9,2.99,2.85,2.97,211900
USFI,02-Sep-2026,24.2,24.22,24.2,24.22,100
USGG,02-Sep-2026,6.45,6.77,6.39,6.73,512200
USGO,02-Sep-2026,8.58,8.9374,8.55,8.56,51100
USIG,02-Sep-2026,49.95,49.95,49.8701,49.93,1421000
USIN,02-Sep-2026,48.4651,48.4975,48.44,48.4975,300
USIO,02-Sep-2026,2.81,2.92,2.76,2.86,205700
USLM,02-Sep-2026,115.05,116.905,114.81,115.47,130900
USMC,02-Sep-2026,76.03,76.59,76.03,76.5,186100
USOI,02-Sep-2026,45.67,45.87,45.4301,45.8,39100
USOY,02-Sep-2026,7.32,7.41,7.2608,7.385,180000
USSH,02-Sep-2026,50.07,50.0872,50.07,50.0872,2500
USTB,02-Sep-2026,50.42,50.42,50.39,50.405,332500
USVM,02-Sep-2026,107.89,108.7499,107.89,108.5594,52400
USVN,02-Sep-2026,46.64,46.6859,46.64,46.6859,1800
USXF,02-Sep-2026,67.09,67.52,67,67.357,44800
UTEN,02-Sep-2026,42.08,42.09,42.01,42.0673,138800
UTHR,02-Sep-2026,510,510.05,477.01,492.02,1404100
UTHY,02-Sep-2026,38.69,38.69,38.595,38.6691,58700
UTMD,02-Sep-2026,71.92,72.5,71.63,71.64,31000
UTRE,02-Sep-2026,48.67,48.685,48.665,48.685,2700
UTSI,02-Sep-2026,2.3,2.3001,2.27,2.27,4600
UTWO,02-Sep-2026,47.75,47.76,47.7341,47.755,69000
UTWY,02-Sep-2026,41,41.03,40.95,40.9759,10000
UUUG,02-Sep-2026,4.49,4.7791,4.37,4.5121,328900
UVSP,02-Sep-2026,41.33,42.095,41.33,41.63,224000
UXIN,02-Sep-2026,1.13,1.15,1.12,1.14,22300
UYLD,02-Sep-2026,51,51,50.9715,50.9829,668500
UZX,02-Sep-2026,0.117,0.127,0.1165,0.1221,2285400
VABK,02-Sep-2026,46.73,46.96,46.625,46.75,6100
VAI,02-Sep-2026,1.7,2.08,1.6401,2.02,165800
VALG,02-Sep-2026,19.96,19.96,19.96,19.96,100
VALN,02-Sep-2026,6.8,7.15,6.8,7.12,137100
VALU,02-Sep-2026,39.25,39.6,38.09,38.09,3000
VANI,02-Sep-2026,1.37,1.45,1.37,1.42,143100
VAVX,02-Sep-2026,14.95,14.97,14.85,14.8902,1000
VBCA,02-Sep-2026,75.4,75.43,75.39,75.42,20500
VBCB,02-Sep-2026,75.19,75.265,75.1801,75.2224,54000
VBCC,02-Sep-2026,74.78,74.8099,74.74,74.785,25600
VBCD,02-Sep-2026,74.4,74.445,74.375,74.445,26000
VBCE,02-Sep-2026,74.185,74.26,74.16,74.2294,27500
VBCF,02-Sep-2026,73.985,74.01,73.88,73.9589,21500
VBCG,02-Sep-2026,73.66,73.6766,73.64,73.6766,1200
VBCH,02-Sep-2026,73.629,73.6516,73.595,73.6516,500
VBCI,02-Sep-2026,73.38,73.3866,73.31,73.3866,1000
VBCJ,02-Sep-2026,73.12,73.1835,73.12,73.1835,800
VBIL,02-Sep-2026,75.51,75.51,75.5,75.5,3474600
VBIO,02-Sep-2026,3.02,3.239,2.7,3.12,149600
VBNB,02-Sep-2026,26.73,26.73,26.6172,26.6172,700
VBNK,02-Sep-2026,19.12,19.6464,18.98,19.28,121700
VC,02-Sep-2026,100.75,103,100.23,101.72,302100
VCEL,02-Sep-2026,40.49,41.49,40.35,40.89,395500
VCIG,02-Sep-2026,1.8,1.9,1.73,1.83,104400
VCIT,02-Sep-2026,80.48,80.5,80.38,80.46,8657100
VCLT,02-Sep-2026,71.49,71.505,71.3,71.44,3252900
VCRB,02-Sep-2026,75.52,75.52,75.401,75.5,998100
VCRE,02-Sep-2026,11.3,11.32,10.47,11.24,19500
VCSH,02-Sep-2026,78.13,78.14,78.09,78.13,7249600
VCTR,02-Sep-2026,113.52,114.97,111.12,111.37,544000
VCYT,02-Sep-2026,43.51,45.65,43.48,44.88,1371700
VECO,02-Sep-2026,42.35,43.75,41.175,43.02,867300
VEEA,02-Sep-2026,1.73,1.8,1.65,1.67,81800
VEEAW,02-Sep-2026,0.0399,0.04,0.0399,0.04,5000
VEEE,02-Sep-2026,9.19,9.65,9,9.14,13100
VEFA,02-Sep-2026,83.9575,83.9575,83.9575,83.9575,100
VELO,02-Sep-2026,11.3,11.666,11.25,11.62,771400
VEON,02-Sep-2026,62.42,65.97,62,65.77,167000
VERA,02-Sep-2026,34.44,35.73,33.8107,35.66,1756800
VERI,02-Sep-2026,0.79,0.82,0.77,0.8041,2956900
VERU,02-Sep-2026,2.7,2.76,2.65,2.75,202500
VERX,02-Sep-2026,13.72,14.09,13.38,13.48,1388500
VFF,02-Sep-2026,2.87,2.98,2.84,2.89,641400
VFLO,02-Sep-2026,55.44,55.87,55.44,55.63,2922600
VFS,02-Sep-2026,3.12,3.13,3.08,3.11,218500
VFSWW,02-Sep-2026,0.2101,0.2101,0.205,0.21,3200
VGAS,02-Sep-2026,1.35,1.43,1.34,1.35,9000
VGASW,02-Sep-2026,0.0269,0.0288,0.0235,0.0288,2500
VGIT,02-Sep-2026,57.9,57.92,57.8411,57.92,3131100
VGLT,02-Sep-2026,52.63,52.67,52.495,52.62,2228600
VGSH,02-Sep-2026,57.87,57.88,57.85,57.875,3993800
VGSR,02-Sep-2026,11.2,11.22,11.14,11.1992,59000
VGUS,02-Sep-2026,75.46,75.46,75.45,75.455,287900
VHC,02-Sep-2026,11.38,12.59,11,11.3,562100
VHUB,02-Sep-2026,0.8265,0.8608,0.7725,0.8156,63400
VIAV,02-Sep-2026,34.75,34.99,33.71,34.5,3328900
VICR,02-Sep-2026,176.5,182.26,172.5601,181.59,1005300
VIGI,02-Sep-2026,97.76,98.225,97.685,98.2,220800
VINP,02-Sep-2026,9.92,9.962,9.84,9.9,22500
VIOT,02-Sep-2026,1.18,1.87,1.14,1.78,53672700
VIP,02-Sep-2026,1.72,1.85,1.67,1.81,221400
VIR,02-Sep-2026,11.63,11.94,11.35,11.5,3019900
VIRC,02-Sep-2026,6,6.04,5.985,6.01,25000
VISN,02-Sep-2026,6.2,6.56,6.2,6.47,10137100
VITL,02-Sep-2026,10.17,10.52,10.075,10.12,1193100
VIVK,02-Sep-2026,1.05,1.14,0.865,0.9011,79646600
VIVO,02-Sep-2026,3.8,3.955,3.73,3.88,271100
VIVS,02-Sep-2026,0.275,0.282,0.271,0.2798,386500
VKTX,02-Sep-2026,33.67,34.75,32.7708,33.5,1573300
VLGEA,02-Sep-2026,43.4,43.475,42.82,42.89,51100
VLOS,02-Sep-2026,10.72,10.72,10.69,10.69,250200
VLY,02-Sep-2026,13.49,13.93,13.455,13.81,7023200
VLYPN,02-Sep-2026,25.79,25.81,25.7424,25.81,8400
VLYPO,02-Sep-2026,25.01,25.05,24.93,24.93,4700
VLYPP,02-Sep-2026,25.2,25.22,25.2,25.21,3000
VMAR,02-Sep-2026,8.04,8.45,7.81,8.45,64000
VMBS,02-Sep-2026,45.82,45.84,45.72,45.81,1374700
VMD,02-Sep-2026,8.79,9.01,8.79,8.98,280400
VMET,02-Sep-2026,10.06,10.3831,10,10.32,338900
VNCE,02-Sep-2026,6.48,6.6076,6.205,6.24,91700
VNDA,02-Sep-2026,5.4,5.64,5.38,5.53,621000
VNET,02-Sep-2026,6.16,6.22,6.01,6.07,3685800
VNOM,02-Sep-2026,45.01,45.41,44.855,45.12,920000
VNQI,02-Sep-2026,44.63,44.71,44.56,44.695,321700
VOD,02-Sep-2026,15.94,16.185,15.89,16.07,2598600
VOGX,02-Sep-2026,32.9,34.19,32.1,32.1,229900
VOLT,02-Sep-2026,35.1,35.4025,34.66,35.28,247000
VONE,02-Sep-2026,345.08,346.72,344.69,346.17,79400
VONG,02-Sep-2026,124.86,125.69,124.59,125.43,648500
VONV,02-Sep-2026,112.59,112.958,112.395,112.74,569400
VOR,02-Sep-2026,22.76,24.88,22.67,24.76,824900
VOTE,02-Sep-2026,90.08,90.34,89.84,90.23,30600
VOXR,02-Sep-2026,5.36,5.585,5.36,5.57,423300
VPLS,02-Sep-2026,75.92,75.94,75.845,75.94,219800
VRA,02-Sep-2026,3.25,3.27,3.15,3.18,64500
VRAX,02-Sep-2026,2.56,2.61,2.54,2.545,25100
VRCA,02-Sep-2026,5.32,5.56,5.2837,5.39,31000
VRDN,02-Sep-2026,23.11,23.735,22.39,22.78,1417400
VREX,02-Sep-2026,18.48,18.5,18.47,18.47,653500
VRIG,02-Sep-2026,25.07,25.08,25.06,25.08,257600
VRM,02-Sep-2026,9.745,9.745,9.09,9.1,8500
VRME,02-Sep-2026,0.6301,0.6487,0.615,0.615,29800
VRNS,02-Sep-2026,42.34,48.21,40.89,46.76,5700100
VRRM,02-Sep-2026,4.2,4.25,4.13,4.2,2675900
VRSK,02-Sep-2026,193.2,193.33,187.44,188.16,1014900
VRSN,02-Sep-2026,288.37,290.44,285.48,289.96,766900
VRTL,02-Sep-2026,27.33,27.6469,26.15,26.9266,36400
VRTX,02-Sep-2026,552.42,558.36,549.07,556.75,1734700
VRXA,02-Sep-2026,1.42,1.435,1.36,1.38,176200
VS,02-Sep-2026,1.25,1.25,1.12,1.16,28400
VSA,02-Sep-2026,3.3,3.3,3.25,3.25,1900
VSAT,02-Sep-2026,66.14,70.55,65.47,69.92,2120900
VSDA,02-Sep-2026,59.5,59.815,59.5,59.5894,4700
VSEC,02-Sep-2026,199.31,202.795,195.73,196.57,340400
VSECU,02-Sep-2026,51.49,51.5,51.35,51.35,175400
VSME,02-Sep-2026,1.03,1.045,1.01,1.01,8600
VSMV,02-Sep-2026,61.42,61.46,61.35,61.3796,1700
VSNT,02-Sep-2026,40.29,42.36,40.29,41.53,1612100
VSOL,02-Sep-2026,13.2,13.37,13.1588,13.327,7700
VSTL,02-Sep-2026,20.21,22.02,20.0928,21.93,128900
VSTM,02-Sep-2026,7.7,8.095,7.68,8.02,5260600
VTC,02-Sep-2026,74.69,74.71,74.6,74.68,94000
VTGN,02-Sep-2026,0.24,0.2539,0.24,0.246,197800
VTHR,02-Sep-2026,336.16,338.0399,336.16,337.62,12000
VTIP,02-Sep-2026,49.71,49.71,49.68,49.68,2544100
VTIX,02-Sep-2026,1.3,1.3799,1.2702,1.31,289300
VTRS,02-Sep-2026,16.75,17.13,16.75,17.09,7834400
VTSI,02-Sep-2026,3.01,3.075,2.98,3.01,19900
VTVT,02-Sep-2026,32.55,34,32.15,33.4,39700
VTWG,02-Sep-2026,272.03,274.06,272.03,273.8077,25500
VTWO,02-Sep-2026,117.85,119,117.76,118.87,1867000
VTWV,02-Sep-2026,194.75,197.19,194.4823,196.6574,32900
VUZI,02-Sep-2026,2.45,2.46,2.37,2.44,688400
VVOS,02-Sep-2026,0.1584,0.1802,0.1575,0.1727,7570800
VWAV,02-Sep-2026,0.61,0.6991,0.6052,0.6501,2665000
VWAVW,02-Sep-2026,0.08,0.0899,0.074,0.074,19900
VWOB,02-Sep-2026,65.45,65.5,65.41,65.45,494900
VXUS,02-Sep-2026,86.87,87.16,86.7601,87.16,3732500
VYGR,02-Sep-2026,3.43,3.585,3.43,3.54,435000
VYMI,02-Sep-2026,105.48,105.9157,105.45,105.85,779900
WABC,02-Sep-2026,58.3,59.16,58.28,58.92,112500
WABF,02-Sep-2026,24.3173,24.325,24.2,24.32,17700
WAFD,02-Sep-2026,35.59,36.32,35.505,35.94,473500
WAFDP,02-Sep-2026,16.66,16.66,16.5,16.525,4100
WAFU,02-Sep-2026,1.33,1.5494,1.33,1.4,101900
WALD,02-Sep-2026,1.47,1.47,1.35,1.35,236500
WALDW,02-Sep-2026,0.018,0.0279,0.018,0.0279,20900
WAMA,02-Sep-2026,26.86,26.86,26.82,26.8432,15300
WARP,02-Sep-2026,19.61,19.91,19.59,19.83,16600
WASH,02-Sep-2026,38.8,39.6,38.47,39.46,132800
WATR,02-Sep-2026,2.2,2.4,1.93,2.04,174200
WATT,02-Sep-2026,10.45,10.7389,10.27,10.48,144100
WAVE,02-Sep-2026,5.76,6.49,5.76,6.1,27300
WAY,02-Sep-2026,25.81,26.58,25.5,25.72,1675800
WB,02-Sep-2026,6.8,6.8859,6.75,6.77,1623500
WBD,02-Sep-2026,28.38,28.77,28.33,28.39,21713900
WBTN,02-Sep-2026,10.3,10.3858,10.02,10.2,288000
WBUY,02-Sep-2026,0.9699,0.9746,0.8636,0.9309,202800
WCBR,02-Sep-2026,40.09,40.09,38.4101,39.01,134300
WCLD,02-Sep-2026,41.62,41.62,40.76,40.95,749300
WCT,02-Sep-2026,1.33,1.35,1.09,1.2,315300
WDAF,02-Sep-2026,30.02,30.3,30.01,30.2531,4600
WDAY,02-Sep-2026,198.22,205.695,197.38,200.87,2779600
WDC,02-Sep-2026,444.93,456.98,437.4,448.9,4052200
WDFC,02-Sep-2026,214.28,215.81,211.85,212.08,111100
WDGF,02-Sep-2026,31.13,31.1457,31.13,31.1457,100
WEEI,02-Sep-2026,25.19,25.27,25.01,25.24,24300
WEN,02-Sep-2026,8.27,8.43,8.18,8.24,5196800
WENN,02-Sep-2026,10.38,10.39,10.38,10.3858,283500
WERN,02-Sep-2026,37.84,38.49,37.41,37.88,577400
WEST,02-Sep-2026,7.74,7.955,7.73,7.84,212700
WETH,02-Sep-2026,1.23,1.23,1.17,1.2,43300
WETO,02-Sep-2026,5.33,5.34,3.48,3.93,6448300
WEYS,02-Sep-2026,44.75,45.68,44.7385,44.82,36000
WFCF,02-Sep-2026,15.4,16.89,13.35,14.07,5800
WFF,02-Sep-2026,1.98,2.05,1.94,2.02,215400
WFRD,02-Sep-2026,94.07,99.4,93.785,97.71,978200
WGMI,02-Sep-2026,40.71,42.78,40.49,42.54,520900
WGS,02-Sep-2026,83.94,87.2788,83.7,86.72,500100
WHF,02-Sep-2026,7.02,7.13,7.02,7.07,48100
WHFCL,02-Sep-2026,25.04,25.08,25.04,25.05,4200
WHLR,02-Sep-2026,0.5407,0.5499,0.48,0.5254,2755200
WHWK,02-Sep-2026,4.66,4.81,4.53,4.71,138900
WIMA,02-Sep-2026,43.62,43.77,43.6,43.6544,10000
WIMI,02-Sep-2026,1.31,1.34,1.27,1.3,81100
WINA,02-Sep-2026,329.47,329.47,319.28,319.52,81100
WING,02-Sep-2026,110.1,119.03,108.75,113.155,1432300
WISE,02-Sep-2026,34.84,34.84,34.52,34.7029,2500
WIX,02-Sep-2026,87.83,91.63,86.34,86.69,2837300
WKEY,02-Sep-2026,6.16,6.33,6.1,6.31,17200
WKHS,02-Sep-2026,3.59,3.8495,3.26,3.26,116900
WKSP,02-Sep-2026,0.5616,0.5799,0.5351,0.567,489200
WLCO,02-Sep-2026,9.88,9.88,9.88,9.88,300
WLCOU,02-Sep-2026,9.91,9.98,9.9,9.98,3400
WLCOW,02-Sep-2026,0.3,0.3005,0.2888,0.2888,10100
WLDN,02-Sep-2026,85.91,89.33,85.91,87.56,190100
WLDS,02-Sep-2026,2.19,2.2999,2.01,2.02,114900
WLFC,02-Sep-2026,54.96,55.61,54.23,54.9,297000
WLIIW,02-Sep-2026,0.8,0.8,0.8,0.8,1000
WLTH,02-Sep-2026,8.86,9.195,8.78,9.01,1154400
WMG,02-Sep-2026,27.9,28.565,27.85,28.35,1165100
WMT,02-Sep-2026,105.97,106.78,105.46,106.09,25181700
WNEB,02-Sep-2026,13.61,14.0199,13.3,13.73,71000
WNW,02-Sep-2026,2.43,2.46,2.35,2.35,80900
WOK,02-Sep-2026,2.1,2.25,2.09,2.15,85800
WOOD,02-Sep-2026,71.3,71.92,71.1801,71.2408,128600
WOOF,02-Sep-2026,2.62,2.7,2.6,2.63,5047700
WPRT,02-Sep-2026,1.82,1.875,1.82,1.85,61300
WRAP,02-Sep-2026,1.58,1.74,1.58,1.69,857600
WRD,02-Sep-2026,5.65,5.8,5.62,5.77,1394300
WRLD,02-Sep-2026,181.99,190.69,181.96,190.57,57400
WRND,02-Sep-2026,42.595,42.595,42.595,42.595,100
WRTH,02-Sep-2026,25.89,25.9,25.855,25.865,112600
WSBC,02-Sep-2026,39.54,40.65,39.54,40.46,867400
WSBCO,02-Sep-2026,25.81,25.81,25.7001,25.75,3100
WSBF,02-Sep-2026,21.02,21.36,20.83,21.23,86300
WSBK,02-Sep-2026,12.97,13.035,12.9647,13,15300
WSC,02-Sep-2026,19.67,19.97,19.495,19.58,3799800
WSE,02-Sep-2026,12.99,13.25,12.98,13,1140400
WSFS,02-Sep-2026,77.13,78.74,76.77,78.61,330300
WSGE,02-Sep-2026,28.64,28.64,28.63,28.6348,200
WSHP,02-Sep-2026,5.08,5.4,4.95,5.19,123300
WSML,02-Sep-2026,35.15,35.3203,35.15,35.3203,2800
WSPC,02-Sep-2026,26.3574,26.3574,26.3574,26.3574,100
WTBA,02-Sep-2026,28.08,28.78,27.98,28.67,78700
WTBN,02-Sep-2026,24.5894,24.595,24.58,24.595,4700
WTF,02-Sep-2026,2.7,2.79,2.7,2.78,1500
WTFC,02-Sep-2026,149.52,153.59,149.49,152.22,380300
WTFCN,02-Sep-2026,26.17,26.1815,26.12,26.155,5000
WTG,02-Sep-2026,10.59,10.59,10.575,10.58,4700
WTIP,02-Sep-2026,37.12,37.12,37.055,37.055,2200
WTMU,02-Sep-2026,25.12,25.12,25.095,25.095,600
WTMY,02-Sep-2026,24.83,24.83,24.83,24.83,100
WTW,02-Sep-2026,337.65,340.46,334.15,337.73,270100
WULF,02-Sep-2026,14.45,15.09,14.27,14.82,22199900
WVE,02-Sep-2026,4.95,5.0886,4.66,4.88,5479100
WVVI,02-Sep-2026,2.34,2.34,2.16,2.23,12000
WVVIP,02-Sep-2026,2.94,2.9412,2.8,2.91,113800
WW,02-Sep-2026,16.51,17.5,16.26,17.09,147900
WWD,02-Sep-2026,338.02,339.5399,332.24,335.52,521300
WXM,02-Sep-2026,4.26,4.26,3.7601,4.2,16400
WYFI,02-Sep-2026,17.185,17.45,16.81,17.31,1441100
WYHG,02-Sep-2026,4.29,4.29,4.08,4.09,42200
WYNN,02-Sep-2026,90.74,92.85,90.71,91.52,1757800
XAIR,02-Sep-2026,3.61,3.95,3.61,3.62,142700
XAIX,02-Sep-2026,55.86,55.86,55.625,55.8597,12700
XBCI,02-Sep-2026,36.54,37,36.23,36.72,179700
XBIL,02-Sep-2026,50.02,50.04,50.02,50.04,117200
XBIO,02-Sep-2026,4.23,4.4317,4.08,4.25,24800
XBIT,02-Sep-2026,2.22,2.22,2.19,2.19,109000
XBP,02-Sep-2026,2.79,2.96,2.4401,2.81,17300
XBPEW,02-Sep-2026,0.045,0.046,0.0311,0.0313,13800
XBTY,02-Sep-2026,5.56,5.59,5.55,5.59,8300
XCH,02-Sep-2026,3.82,3.82,3.57,3.62,5500
XCNY,02-Sep-2026,33.86,33.86,33.86,33.86,100
XCSH,02-Sep-2026,100.21,100.21,100.21,100.21,300
XCUR,02-Sep-2026,1.24,1.3202,1.23,1.29,15000
XDEF,02-Sep-2026,22.2802,22.2802,22.2802,22.2802,200
XE,02-Sep-2026,18.4,18.494,17.665,18.1,5257000
XEL,02-Sep-2026,76.25,76.25,74.71,75.51,5700500
XELB,02-Sep-2026,0.96,0.96,0.88,0.8852,10500
XELLL,02-Sep-2026,22.56,22.59,22.44,22.5,68500
XENE,02-Sep-2026,60.56,61.75,59.68,60.16,637200
XERS,02-Sep-2026,8.49,8.635,8.2746,8.58,1350700
XEY,02-Sep-2026,19.6319,19.6319,19.6319,19.6319,100
XFOR,02-Sep-2026,4.1,4.17,4.015,4.04,360900
XGN,02-Sep-2026,7.19,7.65,7.18,7.51,244800
XHG,02-Sep-2026,3.57,3.6,3.2582,3.32,11300
XHLD,02-Sep-2026,9.19,9.5,9.06,9.24,700600
XIIIU,02-Sep-2026,10.58,10.59,10.55,10.59,54200
XLAB,02-Sep-2026,3.72,4.15,3.4,4.04,169700
XLABW,02-Sep-2026,0.45,0.45,0.33,0.375,51400
XLO,02-Sep-2026,9.14,9.1417,8.84,8.84,4600
XMAG,02-Sep-2026,25.72,25.8762,25.72,25.835,30700
XMAX,02-Sep-2026,8.82,8.865,8.74,8.78,513500
XMTR,02-Sep-2026,91.53,94.51,91.5,92.23,289100
XNCR,02-Sep-2026,28.2,28.9799,26.04,26.9,1018200
XNDU,02-Sep-2026,9.92,10.16,9.425,9.94,2423300
XNET,02-Sep-2026,4.83,4.99,4.725,4.76,260700
XOMX,02-Sep-2026,49.37,49.78,48.67,49.4166,15800
XOS,02-Sep-2026,3.09,3.1923,2.97,3.02,265200
XOVR,02-Sep-2026,20.32,20.64,20.3,20.63,1113100
XP,02-Sep-2026,18.95,20.05,18.9,19.99,9065500
XPEG,02-Sep-2026,3.42,3.42,3.35,3.41,41800
XPEL,02-Sep-2026,48.39,50.365,48.05,49.56,187400
XPON,02-Sep-2026,6.23,6.39,5.34,6.08,201500
XQQI,02-Sep-2026,47.87,47.9804,47.6,47.89,218700
XRAY,02-Sep-2026,10.89,11.55,10.83,11.29,4607500
XRPC,02-Sep-2026,14.07,14.305,14.055,14.2697,332800
XRPI,02-Sep-2026,7.2,7.3399,7.2,7.3,119300
XRPN,02-Sep-2026,10.52,10.53,10.51,10.525,48700
XRPNU,02-Sep-2026,10.93,10.93,10.93,10.93,200
XRPNW,02-Sep-2026,1.15,1.15,1,1.05,31900
XRPT,02-Sep-2026,32.03,33.195,32.0127,32.95,129400
XRTX,02-Sep-2026,2.18,2.48,2.11,2.48,5800
XRX,02-Sep-2026,3.14,3.265,3.14,3.18,1685700
XRXDW,02-Sep-2026,0.3026,0.36,0.3026,0.3588,499900
XSLL,02-Sep-2026,9.98,9.99,9.98,9.99,347700
XSLLW,02-Sep-2026,0.201,0.201,0.2001,0.2001,4900
XSPC,02-Sep-2026,20.22,20.4225,20.22,20.4225,300
XSPI,02-Sep-2026,49.15,49.5,49.1441,49.3696,60300
XT,02-Sep-2026,81.58,81.834,81.35,81.74,48200
XTER,02-Sep-2026,9.81,9.82,9.81,9.82,2200
XTERW,02-Sep-2026,0.2791,0.3568,0.2791,0.3,118000
XTIA,02-Sep-2026,1.12,1.14,0.8606,0.95,3300300
XTLB,02-Sep-2026,2.35,2.69,2.32,2.66,33300
XWEL,02-Sep-2026,0.9691,0.9733,0.9501,0.9659,13600
XXII,02-Sep-2026,2.61,2.61,2.3,2.34,59300
XXX,02-Sep-2026,21.46,21.52,21.42,21.4808,1500
XYZG,02-Sep-2026,16.65,18.49,16.65,18.27,8300
YAAS,02-Sep-2026,1.8,1.92,1.71,1.73,70600
YARW,02-Sep-2026,31,31.31,28.7,29.98,33900
YB,02-Sep-2026,13.75,13.75,13.2,13.71,27500
YBST,02-Sep-2026,12.17,12.19,12.13,12.17,3700
YBTY,02-Sep-2026,10.49,10.54,10.48,10.53,4600
YDDL,02-Sep-2026,1.65,1.87,1.65,1.8,360800
YDES,02-Sep-2026,3.71,4.01,3.5,3.76,567600
YDKG,02-Sep-2026,0.9203,0.96,0.9,0.9302,19000
YFOR,02-Sep-2026,1.32,1.47,1.32,1.41,579000
YHC,02-Sep-2026,1.5,1.51,1.45,1.51,55800
YHNAU,02-Sep-2026,11.29,11.29,11.29,11.29,400
YI,02-Sep-2026,3.48,3.48,3.48,3.48,1200
YIBO,02-Sep-2026,1.25,1.25,1.24,1.24,700
YICC,02-Sep-2026,9.94,9.945,9.94,9.945,12800
YICCW,02-Sep-2026,0.38,0.38,0.376,0.38,47100
YJ,02-Sep-2026,2.48,2.48,2.07,2.175,132500
YLDE,02-Sep-2026,56.79,57.21,56.77,57.0837,22100
YMAT,02-Sep-2026,1.87,1.9,1.6501,1.9,9700
YMT,02-Sep-2026,2.2927,2.4108,2.16,2.22,92400
YNOT,02-Sep-2026,31.95,32.2315,31.91,32.2315,16200
YOKE,02-Sep-2026,31.19,31.2727,31.19,31.2727,4900
YORW,02-Sep-2026,34.04,34.31,33.77,34.08,107900
YOUL,02-Sep-2026,0.4768,0.5193,0.4768,0.4939,15000
YQ,02-Sep-2026,2.22,2.31,2.095,2.28,38400
YQQQ,02-Sep-2026,9.79,9.82,9.79,9.8006,20200
YRAM,02-Sep-2026,51.1,51.45,50.74,51.4237,4400
YSAG,02-Sep-2026,65.4416,65.4416,65.4416,65.4416,100
YSAU,02-Sep-2026,44.0499,44.0499,43.8499,43.9377,2400
YSPY,02-Sep-2026,15.01,15.04,15.01,15.0394,6700
YSWY,02-Sep-2026,24.63,24.87,23.64,24.07,238000
YSXT,02-Sep-2026,1.23,1.29,1.23,1.25,8800
YTRA,02-Sep-2026,0.98,1.01,0.97,0.9701,79300
YXT,02-Sep-2026,2.57,2.6,2.5,2.59,28300
YYAI,02-Sep-2026,0.8037,0.85,0.795,0.8277,255600
Z,02-Sep-2026,33.56,34.99,33.47,34.58,2652200
ZAP,02-Sep-2026,31.18,31.34,30.84,31.33,271900
ZBAO,02-Sep-2026,0.152,0.1651,0.145,0.161,2355000
ZBIO,02-Sep-2026,32.21,33.395,31.93,33.13,757400
ZBRA,02-Sep-2026,345.53,354.325,341.97,351.11,517200
ZCMD,02-Sep-2026,0.8467,0.9378,0.841,0.9185,367300
ZD,02-Sep-2026,55.11,57.135,55.04,56.69,845000
ZDAI,02-Sep-2026,1.57,1.628,1.55,1.58,14400
ZENA,02-Sep-2026,1.69,1.73,1.62,1.64,1951700
ZEO,02-Sep-2026,0.1949,0.23,0.1949,0.2249,2388000
ZEOWW,02-Sep-2026,0.0175,0.0175,0.017,0.017,7300
ZG,02-Sep-2026,34.36,35.88,34.36,35.44,671200
ZHOG,02-Sep-2026,50.8,50.8,50.795,50.8,2300
ZION,02-Sep-2026,66.91,68.8,66.71,68.02,1172900
ZIONP,02-Sep-2026,17.75,17.863,17.7001,17.7001,4800
ZJK,02-Sep-2026,2.23,2.285,2.1006,2.28,11300
ZJYL,02-Sep-2026,2.19,2.2,2.1,2.1,27600
ZKIN,02-Sep-2026,1.24,1.29,1.19,1.19,22800
ZLAB,02-Sep-2026,26,27.5,26,26.48,1056800
ZM,02-Sep-2026,95.07,97.205,95.07,95.86,2412200
ZMUN,02-Sep-2026,49.93,49.93,49.9112,49.915,700
ZNB,02-Sep-2026,1.56,1.73,1.55,1.64,54200
ZNTL,02-Sep-2026,3.68,3.88,3.68,3.77,897800
ZOOZ,02-Sep-2026,6.43,6.63,6.43,6.5,28000
ZS,02-Sep-2026,176.78,177.6,171.32,172.73,2600100
ZSQR,02-Sep-2026,2.9,3.1,2.81,3.05,444000
ZSTK,02-Sep-2026,5.06,5.27,4.8946,5.08,58700
ZTEN,02-Sep-2026,49.11,49.11,49.04,49.0528,4000
ZTG,02-Sep-2026,0.7297,0.77,0.7297,0.7499,82400
ZTOP,02-Sep-2026,51.32,51.32,51.3,51.305,1200
ZTRE,02-Sep-2026,50.3,50.3,50.225,50.2303,3600
ZTWO,02-Sep-2026,50.26,50.26,50.2417,50.2417,2100
ZUMZ,02-Sep-2026,17.91,18.5,17.91,18.16,198400
ZURA,02-Sep-2026,5.67,5.87,5.485,5.67,934600
ZVRA,02-Sep-2026,12.07,12.39,12.0401,12.3,1347700
ZYBT,02-Sep-2026,1.57,1.68,1.57,1.63,54600
ZYME,02-Sep-2026,30,31.17,30,31.05,808000
