Symbol,Date,Open,High,Low,Close,Volume
AAAP,13-Jul-2026,25.225,25.225,25.225,25.225,100
AACB,13-Jul-2026,10.54,10.55,10.515,10.55,7700
AACG,13-Jul-2026,0.93,0.976,0.91,0.9509,9300
AACI,13-Jul-2026,10,10,9.97,9.97,10100
AACIW,13-Jul-2026,0.3768,0.395,0.3768,0.395,2400
AACOU,13-Jul-2026,10.1,10.1,10.1,10.1,100
AADR,13-Jul-2026,83.21,83.21,83.21,83.21,100
AAEQ,13-Jul-2026,53.42,53.4201,53.4,53.4035,1400
AAL,13-Jul-2026,16.81,16.865,16.17,16.31,152769100
AALG,13-Jul-2026,17.53,17.53,16.33,16.5733,18700
AAME,13-Jul-2026,1.67,1.715,1.66,1.66,15900
AAOI,13-Jul-2026,115.92,117.5914,109.21,111.88,6599200
AAON,13-Jul-2026,112.67,114.55,110.225,112.19,679800
AAPB,13-Jul-2026,40.5,42,40.34,40.6894,43200
AAPD,13-Jul-2026,11.05,11.0899,10.825,11.03,12951800
AAPG,13-Jul-2026,19.19,19.62,19.19,19.6,3300
AAPL,13-Jul-2026,317.015,323.45,315.78,317.31,43257800
AAPU,13-Jul-2026,41.665,43.4,41.39,41.84,1952100
AARD,13-Jul-2026,7.35,7.9176,5.885,5.96,655400
AAUS,13-Jul-2026,60.33,60.33,60.04,60.0428,1600
AAVM,13-Jul-2026,33.63,33.63,33.25,33.3156,1200
AAXJ,13-Jul-2026,113,113.33,111.755,111.83,924000
ABAT,13-Jul-2026,2.55,2.5841,2.47,2.5,3268300
ABCL,13-Jul-2026,6.71,6.765,6.4,6.52,4059600
ABCS,13-Jul-2026,34.47,34.47,34.315,34.315,1000
ABEO,13-Jul-2026,6.99,7.085,6.66,7.01,1449700
ABI,13-Jul-2026,24.76,24.76,24.76,24.76,100
ABIG,13-Jul-2026,34.5359,34.5359,34.5359,34.5359,100
ABLV,13-Jul-2026,0.9805,1.12,0.9805,1.05,51700
ABNB,13-Jul-2026,148.89,149.96,143.79,146.33,4396800
ABNG,13-Jul-2026,18.7,18.7,18.32,18.6473,3200
ABOS,13-Jul-2026,2.59,2.72,2.57,2.64,407000
ABSI,13-Jul-2026,10.34,10.62,10.1,10.21,2925400
ABTC,13-Jul-2026,5.98,6.12,5.25,5.285,2099800
ABTS,13-Jul-2026,1.2,1.2099,1.17,1.17,15500
ABUS,13-Jul-2026,4.79,4.85,4.655,4.665,1350300
ABVC,13-Jul-2026,1.41,1.4878,1.2205,1.35,169300
ABVX,13-Jul-2026,137.29,138.75,134.6,135.98,1034900
ACAA,13-Jul-2026,9.98,10.04,9.96,9.99,7100
ACAAU,13-Jul-2026,10.06,10.08,10,10.08,106700
ACAAW,13-Jul-2026,0.89,0.89,0.85,0.85,400
ACAD,13-Jul-2026,26.04,26.04,25.3,25.5,1562800
ACB,13-Jul-2026,2.69,2.7198,2.64,2.67,1054800
ACCL,13-Jul-2026,1.9,1.9,1.82,1.9,22100
ACDC,13-Jul-2026,4.99,5.255,4.99,5.2,2163500
ACEP,13-Jul-2026,19.905,19.905,19.905,19.905,100
ACET,13-Jul-2026,8.79,9.15,8.55,8.55,116300
ACFN,13-Jul-2026,17.13,18.45,17.0201,18.2999,34700
ACGC,13-Jul-2026,9.97,9.97,9.97,9.97,5100
ACGL,13-Jul-2026,102.09,103.27,101.2,103.06,1142400
ACGLN,13-Jul-2026,15.96,16.06,15.91,16.05,70600
ACGLO,13-Jul-2026,18.92,19.13,18.8212,19.08,57800
ACHC,13-Jul-2026,30.95,31.85,30.2503,30.56,2546800
ACHV,13-Jul-2026,6.06,6.165,5.9504,6.1,1327400
ACIC,13-Jul-2026,11.2,11.305,11.145,11.17,190000
ACIU,13-Jul-2026,2.42,2.45,2.35,2.45,250000
ACIW,13-Jul-2026,56.91,57.6,56.35,56.43,758100
ACLS,13-Jul-2026,139.84,141.22,135.97,136.56,294400
ACMR,13-Jul-2026,98.49,99.4,93.5,94.08,674100
ACNB,13-Jul-2026,59.5,60.36,59.215,59.94,60200
ACNT,13-Jul-2026,15.23,15.43,15.053,15.18,33200
ACOG,13-Jul-2026,8.4,8.505,8.38,8.38,156800
ACON,13-Jul-2026,2.81,2.8799,2.63,2.69,61000
ACRS,13-Jul-2026,5.53,5.58,5.35,5.5,1087800
ACRV,13-Jul-2026,1.9,2.11,1.9,1.98,1105600
ACT,13-Jul-2026,45.02,45.68,44.87,45.44,218900
ACTG,13-Jul-2026,4.42,4.439,4.37,4.41,112800
ACTU,13-Jul-2026,1.25,1.6,1.25,1.5,2686600
ACWI,13-Jul-2026,156.83,156.985,155.68,155.94,2143500
ACWX,13-Jul-2026,74.87,74.935,74.23,74.35,1039100
ACXP,13-Jul-2026,1.51,1.6,1.495,1.58,106100
ADAC,13-Jul-2026,10.05,10.05,10.05,10.05,200
ADACW,13-Jul-2026,0.7025,0.7025,0.6,0.6,1000
ADAG,13-Jul-2026,3.88,4.09,3.75,3.82,263100
ADAM,13-Jul-2026,9.2,9.215,8.965,9.06,660200
ADAMG,13-Jul-2026,25.1,25.2,25.08,25.1301,5500
ADAMH,13-Jul-2026,25.31,25.33,25.26,25.33,20100
ADAMI,13-Jul-2026,25.12,25.15,25.11,25.11,1100
ADAML,13-Jul-2026,24.5,24.5,24.35,24.36,27700
ADAMM,13-Jul-2026,25.03,25.0997,24.99,25.0208,12500
ADAMN,13-Jul-2026,23.91,23.95,23.85,23.85,3000
ADAMO,13-Jul-2026,25.11,25.1345,25.095,25.12,9200
ADAMZ,13-Jul-2026,18.835,18.8507,18.71,18.79,7900
ADBE,13-Jul-2026,226.75,232.08,225,230.61,4623900
ADBG,13-Jul-2026,3.63,3.8,3.58,3.75,8126500
ADEA,13-Jul-2026,28.83,28.87,27.49,27.68,939500
ADGM,13-Jul-2026,0.59,0.5936,0.57,0.571,78100
ADI,13-Jul-2026,389.83,390.59,382.945,386.01,3483400
ADIL,13-Jul-2026,2.79,2.9398,2.71,2.83,53000
ADMA,13-Jul-2026,9.16,9.215,8.88,8.97,2874300
ADP,13-Jul-2026,244.33,251.64,243.78,251.05,2573400
ADPT,13-Jul-2026,20.76,21.545,20.46,21.02,1844600
ADSE,13-Jul-2026,12.14,12.22,11.79,12.08,18300
ADSK,13-Jul-2026,210.32,213.78,209.81,212.22,1330700
ADTN,13-Jul-2026,13.15,13.44,12.34,12.43,2119200
ADUR,13-Jul-2026,15.77,16.1,15.28,15.58,394700
ADUS,13-Jul-2026,108.64,110.555,108.31,108.86,201700
ADV,13-Jul-2026,40.08,42.4,40.08,41.18,235200
ADVB,13-Jul-2026,5.0962,5.51,5.05,5.1,32400
ADXN,13-Jul-2026,5.84,6.45,5.68,5.71,6300
AEAQ,13-Jul-2026,10.01,10.01,10.01,10.01,1800
AEAQW,13-Jul-2026,0.38,0.38,0.38,0.38,100
AEBI,13-Jul-2026,11.58,12.23,11.58,11.89,258300
AEC,13-Jul-2026,4.15,4.42,4.1,4.17,49900
AEHL,13-Jul-2026,0.85,0.8636,0.8,0.8395,192100
AEHR,13-Jul-2026,69.59,71.49,67.23,68.02,1441800
AEI,13-Jul-2026,1.18,1.3799,1.18,1.2651,12300
AEIS,13-Jul-2026,300,307.1,295.71,298.52,452700
AEMD,13-Jul-2026,0.69,0.7247,0.669,0.669,110600
AENT,13-Jul-2026,5.66,6.01,5.64,5.98,11000
AEP,13-Jul-2026,135.57,136.5179,135.09,135.63,3460100
AERT,13-Jul-2026,6.92,7.2,6.57,6.57,25400
AERTW,13-Jul-2026,0.0202,0.0236,0.02,0.0236,33200
AESP,13-Jul-2026,9.89,9.89,9.88,9.89,103400
AESPR,13-Jul-2026,0.17,0.1875,0.17,0.18,483400
AESPW,13-Jul-2026,0.062,0.07,0.062,0.065,388900
AEVA,13-Jul-2026,20.35,20.4378,18.7,18.81,1673700
AEYE,13-Jul-2026,7.13,7.55,7.13,7.35,79000
AFBI,13-Jul-2026,22.63,22.68,22.63,22.68,7000
AFCG,13-Jul-2026,2.89,2.95,2.83,2.85,90400
AFJK,13-Jul-2026,12.36,12.8313,12.22,12.24,39100
AFJKR,13-Jul-2026,0.1,0.2358,0.1,0.1173,7500
AFOS,13-Jul-2026,45.07,45.07,44.24,44.3609,4900
AFRI,13-Jul-2026,10.51,10.64,10.51,10.6,3100
AFRIW,13-Jul-2026,0.8335,0.8335,0.81,0.81,800
AFRM,13-Jul-2026,82.79,84,81.11,81.93,3021200
AFSC,13-Jul-2026,39.19,39.19,37.8343,37.8343,800
AFYA,13-Jul-2026,14.51,14.75,14.175,14.25,85500
AGCC,13-Jul-2026,16.2,16.5,14.19,14.19,45900
AGEM,13-Jul-2026,47.26,47.3748,46.78,46.8584,7400
AGEN,13-Jul-2026,5.42,8.7,4.91,6.12,174277900
AGGA,13-Jul-2026,24.96,24.96,24.945,24.945,3500
AGIO,13-Jul-2026,40.67,41.1,39.43,40.55,713900
AGIX,13-Jul-2026,44.61,44.88,43.96,44.22,166100
AGMB,13-Jul-2026,13.08,13.08,11.915,12.31,116200
AGMH,13-Jul-2026,1.15,1.15,1.08,1.1,33700
AGMI,13-Jul-2026,59.92,59.92,58.98,59.1904,1300
AGNC,13-Jul-2026,11.12,11.14,10.95,10.99,15081700
AGNCL,13-Jul-2026,24.99,24.99,24.86,24.8799,3600
AGNCM,13-Jul-2026,24.93,25,24.84,24.9001,7600
AGNCN,13-Jul-2026,25.53,25.53,25.43,25.4301,11700
AGNCO,13-Jul-2026,25.28,25.44,25.28,25.33,21300
AGNCP,13-Jul-2026,25.07,25.07,25,25.06,33100
AGNCZ,13-Jul-2026,25.22,25.3,25.2,25.2362,48200
AGNG,13-Jul-2026,36.54,36.642,36.4514,36.4944,4800
AGNT,13-Jul-2026,4.7,4.7,4.455,4.52,1131400
AGPU,13-Jul-2026,7.44,7.52,6.9,7.01,206600
AGRZ,13-Jul-2026,0.41,0.4144,0.3725,0.3798,71000
AGYS,13-Jul-2026,108.25,110.53,107.38,109.75,211500
AGZD,13-Jul-2026,22.635,22.6534,22.55,22.59,5700
AHCO,13-Jul-2026,10.24,10.53,10.2345,10.29,1054400
AHD,13-Jul-2026,25.75,25.75,25.5462,25.5462,3600
AHG,13-Jul-2026,1.42,1.6366,1.42,1.48,19900
AHMA,13-Jul-2026,1.86,1.86,1.72,1.79,81300
AIA,13-Jul-2026,135.16,135.43,133.1401,133.36,164100
AIAI,13-Jul-2026,10.47,11.23,9.93,10.09,171700
AIBZ,13-Jul-2026,8,8.1699,7.5,7.8,696800
AIDX,13-Jul-2026,0.5877,0.6,0.561,0.5698,165300
AIFA,13-Jul-2026,1.98,2.06,1.965,2,24100
AIFC,13-Jul-2026,0.5367,0.55,0.4994,0.5303,1092300
AIFD,13-Jul-2026,52.5,52.5,51.36,51.49,6800
AIFF,13-Jul-2026,1.15,1.2176,1.14,1.15,58100
AIFU,13-Jul-2026,36.69,37.35,35,35.45,13500
AIHS,13-Jul-2026,1.46,1.46,1.3192,1.45,1700
AIIO,13-Jul-2026,3.5,4.2,3.34,4,1989900
AIIOW,13-Jul-2026,0.0371,0.0392,0.0371,0.0391,7400
AIIR,13-Jul-2026,6.62,8.15,6.5,7.12,15100
AIMD,13-Jul-2026,1.83,1.98,1.83,1.9,29400
AIMS,13-Jul-2026,28.32,28.3299,28.24,28.3299,3500
AIOS,13-Jul-2026,14.24,14.44,13,13.6,10300
AIOT,13-Jul-2026,4.25,4.35,4.191,4.32,730700
AIP,13-Jul-2026,33.81,34.08,32.525,32.79,452600
AIPI,13-Jul-2026,36.74,36.89,36.2689,36.41,214700
AIPO,13-Jul-2026,30.8,30.9,30.1101,30.25,857500
AIQ,13-Jul-2026,62.06,62.25,61.06,61.3,1901000
AIRE,13-Jul-2026,1.86,1.86,1.64,1.67,111400
AIRG,13-Jul-2026,6.01,6.17,5.855,5.93,64600
AIRJ,13-Jul-2026,4.24,4.3004,3.925,3.96,1253100
AIRJW,13-Jul-2026,1.04,1.04,0.9781,0.9781,33900
AIRO,13-Jul-2026,6.2,6.28,5.99,6.05,463800
AIRR,13-Jul-2026,122.97,123.5199,121.14,121.45,1139200
AIRS,13-Jul-2026,4.3,4.4,4.2,4.2,312300
AIRT,13-Jul-2026,28,29.4,28,28.4,2800
AIRTP,13-Jul-2026,19.18,19.53,19.1,19.205,5100
AISP,13-Jul-2026,2.19,2.19,2.11,2.18,266700
AISPW,13-Jul-2026,0.69,0.79,0.55,0.61,42900
AIX,13-Jul-2026,23.9799,23.9799,23.825,23.8925,800
AIXC,13-Jul-2026,0.99,1.02,0.896,0.9202,36000
AIXI,13-Jul-2026,1.84,1.84,1.64,1.69,158300
AKAM,13-Jul-2026,125.76,127.77,123.825,125.13,2529500
AKAN,13-Jul-2026,10.05,10.05,9.5601,9.58,7600
AKBA,13-Jul-2026,1.37,1.39,1.34,1.38,3386100
AKTS,13-Jul-2026,27.31,27.39,24.2553,25.575,667400
AKTX,13-Jul-2026,13.79,15,12.66,13.4,89900
ALAB,13-Jul-2026,403.51,403.51,350.095,362.05,6286000
ALAR,13-Jul-2026,2.13,2.31,2.1,2.12,249300
ALBG,13-Jul-2026,6.63,6.63,6.36,6.488,9400
ALCO,13-Jul-2026,40.85,41.46,40.85,41.09,13500
ALDF,13-Jul-2026,10.7,10.7,10.7,10.7,89400
ALDFU,13-Jul-2026,10.81,10.81,10.81,10.81,100
ALDX,13-Jul-2026,2.03,2.06,1.9001,1.93,1377400
ALEC,13-Jul-2026,1.6,1.61,1.495,1.51,775900
ALFUU,13-Jul-2026,10.99,10.99,10.99,10.99,500
ALFUW,13-Jul-2026,0.2651,0.2651,0.2301,0.2301,300
ALGM,13-Jul-2026,52.21,52.625,50.155,50.855,1561200
ALGN,13-Jul-2026,180.14,184.62,179.78,180.59,486800
ALGS,13-Jul-2026,6.54,6.58,6.16,6.36,189200
ALGT,13-Jul-2026,110.23,111.13,106.06,106.89,521500
ALHC,13-Jul-2026,19.84,20.39,19.8,20.38,1927200
ALIL,13-Jul-2026,31.34,31.35,31.0891,31.0891,300
ALIS,13-Jul-2026,10.24,10.24,10.165,10.18,4200
ALKS,13-Jul-2026,51.07,52,50.54,51.87,1583800
ALKT,13-Jul-2026,17.61,17.91,17.435,17.68,1409200
ALLO,13-Jul-2026,1.97,1.97,1.88,1.93,8941900
ALLR,13-Jul-2026,1.15,1.17,1.12,1.13,69800
ALLT,13-Jul-2026,8.34,8.415,8.14,8.36,364000
ALLW,13-Jul-2026,29.22,29.22,28.96,29.03,445200
ALM,13-Jul-2026,16.08,16.26,14.675,15.015,6252400
ALMR,13-Jul-2026,28.3,29.43,27.33,27.4,402300
ALMS,13-Jul-2026,28.07,28.355,27.18,28.1,1207200
ALMU,13-Jul-2026,16.97,17.2,15.71,16.22,729900
ALNT,13-Jul-2026,89.61,91.65,87.07,87.27,242400
ALNY,13-Jul-2026,298.01,298.76,279.41,288.06,2682600
ALOT,13-Jul-2026,28.54,28.54,28.51,28.52,98100
ALOV,13-Jul-2026,9.94,9.94,9.94,9.94,2300
ALOY,13-Jul-2026,12,12.095,10.615,11.07,2312000
ALP,13-Jul-2026,0.2422,0.31,0.2422,0.2909,15358400
ALPS,13-Jul-2026,0.54,0.5516,0.48,0.5011,111900
ALPX,13-Jul-2026,9.85,9.87,9.85,9.86,573300
ALPXR,13-Jul-2026,0.2,0.2032,0.2,0.2032,1500
ALPXU,13-Jul-2026,10.12,10.12,10.09,10.12,4800
ALPXW,13-Jul-2026,0.089,0.089,0.089,0.089,200
ALRM,13-Jul-2026,51.57,52.37,51.265,52.24,423000
ALRS,13-Jul-2026,31.46,31.625,30.955,31.26,165100
ALT,13-Jul-2026,3.01,3.02,2.92,2.99,2457000
ALTI,13-Jul-2026,3.55,3.675,3.39,3.44,108800
ALTO,13-Jul-2026,5.6,5.955,5.58,5.87,2504500
ALTY,13-Jul-2026,12.28,12.395,12.28,12.35,11100
ALVO,13-Jul-2026,3.34,3.486,3.255,3.38,727900
ALXO,13-Jul-2026,2.08,2.13,1.94,1.97,1216800
ALZN,13-Jul-2026,1.16,1.2033,1.1201,1.16,48200
AMA,13-Jul-2026,36.73,38.24,35.26,36.22,249400
AMAL,13-Jul-2026,46.49,46.78,46.22,46.46,154000
AMAN,13-Jul-2026,10.14,10.14,10.105,10.105,57700
AMAT,13-Jul-2026,582.01,590.02,568.1542,575.39,7561600
AMBA,13-Jul-2026,75,75.5088,71.66,72,1323900
AMBR,13-Jul-2026,1.41,1.455,1.41,1.41,7100
AMCI,13-Jul-2026,5.15,5.3,4.84,4.98,308500
AMCX,13-Jul-2026,9.95,10.31,9.885,9.97,389900
AMD,13-Jul-2026,537.5,551.87,526.92,534.39,22957300
AMDD,13-Jul-2026,2.81,2.86,2.74,2.83,24538400
AMDG,13-Jul-2026,118.54,122.2699,112.875,115.8341,62200
AMDL,13-Jul-2026,69.73,72.82,66.2101,68.21,2766000
AMEI,13-Jul-2026,26.12,26.14,25.9213,25.9213,19400
AMEM,13-Jul-2026,24.14,24.14,23.9814,23.9814,4000
AMGN,13-Jul-2026,363.04,363.285,355.73,360.45,2064600
AMGR,13-Jul-2026,25.16,25.16,24.9764,24.9764,4100
AMID,13-Jul-2026,35.7133,35.7133,35.46,35.6126,24200
AMIX,13-Jul-2026,5.99,6.66,5.54,5.75,2815300
AMKR,13-Jul-2026,67.34,68.14,65.43,66.06,3244900
AMLX,13-Jul-2026,17.51,17.53,16.96,17.41,1468200
AMOD,13-Jul-2026,3.99,4.1226,3.99,4.01,11100
AMPG,13-Jul-2026,6.52,6.7899,5.97,6.37,2540400
AMPGR,13-Jul-2026,1.6,1.6,1,1.37,20800
AMPGZ,13-Jul-2026,1.01,1.1,0.9895,0.99,11400
AMPH,13-Jul-2026,19,19.68,18.95,19.29,384500
AMPL,13-Jul-2026,9.32,9.62,9.185,9.36,1688100
AMRN,13-Jul-2026,14.81,14.97,14.6,14.7,83400
AMRX,13-Jul-2026,16.85,17.345,16.82,17.18,3009900
AMSC,13-Jul-2026,35.1,35.55,33.97,34.18,558300
AMSF,13-Jul-2026,34.7,35.41,34.66,35.29,167200
AMSS,13-Jul-2026,1.54,1.6009,1.44,1.47,113200
AMST,13-Jul-2026,1.13,1.13,1.06,1.08,44700
AMTX,13-Jul-2026,1.61,1.72,1.58,1.59,960500
AMUN,13-Jul-2026,26.035,26.035,26.035,26.035,100
AMUU,13-Jul-2026,243.49,254.5,234.5,240.6734,48900
AMYY,13-Jul-2026,15.48,15.48,15.28,15.3301,19000
AMZD,13-Jul-2026,9.24,9.24,9.045,9.12,14092100
AMZN,13-Jul-2026,244.68,249.65,244.18,247.31,34636000
AMZU,13-Jul-2026,34.92,36.31,34.742,35.66,2554900
AMZZ,13-Jul-2026,32.4,33.6,32.38,32.99,81900
ANAB,13-Jul-2026,65.22,70.41,64.39,69.81,840500
ANDE,13-Jul-2026,72.69,75.44,72.37,74.79,288700
ANEL,13-Jul-2026,25.39,25.9,23.55,23.62,209400
ANGH,13-Jul-2026,3.26,3.4,3.09,3.31,169500
ANGI,13-Jul-2026,6.2,6.335,5.97,6.17,867600
ANGL,13-Jul-2026,29.03,29.04,28.94,28.96,562900
ANGO,13-Jul-2026,12.79,13.01,12.715,12.775,436600
ANIK,13-Jul-2026,15.68,16.2699,15.6,15.77,95000
ANIP,13-Jul-2026,81.84,82.785,80.045,81.08,303400
ANIX,13-Jul-2026,3.07,3.135,2.98,3.06,167700
ANL,13-Jul-2026,9.8,9.905,8.94,9.24,234200
ANNA,13-Jul-2026,3.26,3.5,3.1113,3.42,463700
ANNAW,13-Jul-2026,0.2986,0.3306,0.2986,0.33,46400
ANNX,13-Jul-2026,5.69,5.84,5.5,5.63,3040200
ANPA,13-Jul-2026,4.07,4.71,4.07,4.39,7900
ANTA,13-Jul-2026,4.8327,4.8327,4.38,4.38,1700
ANTX,13-Jul-2026,4.5,4.66,4.37,4.55,333800
ANV,13-Jul-2026,25.06,25.06,24.9,24.9,3700
ANY,13-Jul-2026,2.05,2.1701,1.86,1.9,327600
AOHY,13-Jul-2026,11.06,11.06,11.01,11.025,27500
AOSL,13-Jul-2026,35.72,36.4,34.3,34.69,473800
AOTG,13-Jul-2026,63.42,64,63.23,63.3854,2800
AOUT,13-Jul-2026,14.41,14.9699,13.9547,14.21,143100
APA,13-Jul-2026,34.23,34.93,34.15,34.67,6648000
APC,13-Jul-2026,19.11,20.19,18.9967,20.17,103700
APEI,13-Jul-2026,58.34,59.42,58.17,59.07,231600
APGE,13-Jul-2026,133.55,133.88,133.54,133.82,1009100
API,13-Jul-2026,4.2,4.26,4.135,4.17,258900
APLD,13-Jul-2026,30.28,31.0999,28.485,28.84,15224100
APLM,13-Jul-2026,18.7,19.5,14.21,14.21,141600
APLMW,13-Jul-2026,0.012,0.0138,0.0111,0.0115,256600
APMC,13-Jul-2026,9.9,9.9,9.9,9.9,800
APMCR,13-Jul-2026,0.16,0.17,0.15,0.17,11200
APMCU,13-Jul-2026,10.02,10.02,10.02,10.02,500
APOG,13-Jul-2026,38.79,39.3,38.1001,39,222900
APP,13-Jul-2026,497,500.43,433.71,442.85,10345800
APPF,13-Jul-2026,178.09,181.1899,176.09,179.9,307700
APPN,13-Jul-2026,25.4,26.81,25.4,26.05,1020100
APPS,13-Jul-2026,10.58,10.6805,9.855,9.95,2090900
APPX,13-Jul-2026,37.03,37.03,27.31,28.68,930700
APRE,13-Jul-2026,0.7301,0.7324,0.6875,0.722,45700
APURR,13-Jul-2026,0.1923,0.21,0.1923,0.1923,1500
APVO,13-Jul-2026,3.93,4.3,3.875,4.15,80600
APWC,13-Jul-2026,1.5,1.56,1.48,1.48,44200
APXT,13-Jul-2026,10.065,10.07,10.06,10.06,77400
APXTW,13-Jul-2026,0.3152,0.35,0.3152,0.35,18200
APYX,13-Jul-2026,4.48,4.48,4.2028,4.26,52300
AQB,13-Jul-2026,1.01,1.01,0.95,0.9912,21200
AQLG,13-Jul-2026,25.8889,25.8889,25.8889,25.8889,100
AQMS,13-Jul-2026,2.59,2.717,2.58,2.61,24500
AQST,13-Jul-2026,4.09,4.12,3.9912,4.06,1625200
AQWA,13-Jul-2026,19.38,19.38,19.18,19.19,39800
ARAI,13-Jul-2026,0.412,0.423,0.391,0.394,203800
ARAY,13-Jul-2026,0.25,0.2925,0.249,0.2723,3708100
ARBB,13-Jul-2026,4.52,4.68,4.22,4.22,3600
ARBE,13-Jul-2026,0.7099,0.7099,0.6734,0.6881,843200
ARBEW,13-Jul-2026,0.0331,0.0361,0.0304,0.0307,11100
ARBK,13-Jul-2026,3.11,3.19,3.11,3.15,4600
ARCB,13-Jul-2026,147.81,151.49,147.225,149.5,340700
ARCC,13-Jul-2026,18.86,18.99,18.63,18.64,4039800
ARCI,13-Jul-2026,10.05,10.06,10.045,10.06,550700
ARCIW,13-Jul-2026,0.601,0.74,0.601,0.74,3500
ARCLR,13-Jul-2026,0.24,0.2401,0.176,0.176,40800
ARCT,13-Jul-2026,6.86,6.91,6.565,6.71,476500
ARDX,13-Jul-2026,5.25,5.28,5.045,5.14,2929400
AREC,13-Jul-2026,1.82,1.84,1.71,1.79,6433400
ARGX,13-Jul-2026,870.91,878.16,855.78,876.25,380200
ARHS,13-Jul-2026,7.95,8.06,7.695,7.73,998400
ARKO,13-Jul-2026,8.1,8.23,8.09,8.1,541300
ARKR,13-Jul-2026,5.91,5.91,5.76,5.76,500
ARLP,13-Jul-2026,24.55,24.78,24.45,24.69,273000
ARM,13-Jul-2026,311.43,311.43,293.5,298.99,5301000
ARMG,13-Jul-2026,29.52,29.65,26.11,27.07,789300
ARMY,13-Jul-2026,23.63,23.63,23.34,23.3855,2400
AROW,13-Jul-2026,40.45,41.09,40.45,40.92,62900
ARQ,13-Jul-2026,2.32,2.3375,2.16,2.22,280500
ARQQ,13-Jul-2026,18.6,18.795,17.402,18.02,545000
ARQQW,13-Jul-2026,0.0456,0.0465,0.0454,0.0455,7100
ARQT,13-Jul-2026,27.25,27.445,26.01,27.12,1439100
ARRY,13-Jul-2026,6.27,6.32,6.07,6.12,5975700
ARTC,13-Jul-2026,9.99,9.99,9.97,9.98,2300
ARTCW,13-Jul-2026,0.391,0.4,0.391,0.393,1100
ARTL,13-Jul-2026,1.045,1.08,1.01,1.05,407700
ARTNA,13-Jul-2026,33.81,34.715,33.81,34.48,30200
ARTV,13-Jul-2026,9.53,9.5348,8.78,8.93,438300
ARTW,13-Jul-2026,2.48,2.52,2.45,2.45,10300
ARVN,13-Jul-2026,8.24,8.24,7.945,8.1,678200
ARVR,13-Jul-2026,55.7563,55.7563,55.7563,55.7563,100
ARWR,13-Jul-2026,74.82,74.89,72.66,74.11,2481800
ARXS,13-Jul-2026,41.59,43.25,40.6,42.35,703000
ASBP,13-Jul-2026,6.03,6.2,5.81,5.97,38000
ASBPW,13-Jul-2026,0.0207,0.0239,0.02,0.0239,12000
ASCI,13-Jul-2026,35.95,35.975,35.79,35.8269,1100
ASD,13-Jul-2026,27.4,27.4,26.995,26.995,3900
ASEC,13-Jul-2026,49.92,49.92,49.92,49.92,100
ASLE,13-Jul-2026,6.01,6.0799,5.93,6.03,575300
ASMB,13-Jul-2026,27.15,27.395,26.27,26.96,112900
ASMG,13-Jul-2026,51.2,51.2,47.93,48.2467,60300
ASML,13-Jul-2026,1773.54,1775.79,1718.08,1726.04,1419800
ASMU,13-Jul-2026,33.36,33.36,31.29,31.52,156900
ASND,13-Jul-2026,267.02,267.03,262.02,265.22,601000
ASO,13-Jul-2026,46.28,47.57,46.22,46.49,1506900
ASPC,13-Jul-2026,10.85,10.85,10.85,10.85,700
ASPCU,13-Jul-2026,10.83,10.83,10.7,10.7,2600
ASPI,13-Jul-2026,5.02,5.02,4.58,4.59,4646300
ASPS,13-Jul-2026,7.14,7.32,7.14,7.26,12900
ASPSW,13-Jul-2026,0.4035,0.409,0.39,0.3901,25300
ASPSZ,13-Jul-2026,0.22,0.2236,0.18,0.1903,38700
ASRV,13-Jul-2026,3.83,3.9,3.77,3.82,7200
ASST,13-Jul-2026,12,12.1396,11.57,11.83,2337900
ASTC,13-Jul-2026,9.29,9.29,8.3369,8.56,50900
ASTE,13-Jul-2026,56.32,56.56,55.58,55.82,138100
ASTH,13-Jul-2026,46.87,48.42,46.87,47.64,354600
ASTI,13-Jul-2026,3.895,3.9644,3.782,3.82,257400
ASTL,13-Jul-2026,3.73,3.73,3.58,3.61,724400
ASTLW,13-Jul-2026,0.0215,0.0215,0.019,0.019,27100
ASTS,13-Jul-2026,72,72.54,66.73,67.58,13047700
ASUR,13-Jul-2026,7.83,8.33,7.83,8.18,69300
ASYS,13-Jul-2026,18.09,18.67,17.75,18.01,381300
ATAI,13-Jul-2026,5.1,5.1,4.81,4.97,7860400
ATAT,13-Jul-2026,32.27,32.55,31.36,31.41,811100
ATC,13-Jul-2026,21.1143,21.1143,21.1143,21.1143,300
ATCX,13-Jul-2026,3.81,3.81,3.575,3.64,12000
ATEC,13-Jul-2026,9.66,9.94,9.61,9.74,1794400
ATER,13-Jul-2026,1.15,1.22,1.15,1.19,123700
ATEX,13-Jul-2026,99.71,107.11,98,103.35,412700
ATGL,13-Jul-2026,11.3,11.3,10.54,10.54,700
ATHE,13-Jul-2026,5.44,5.455,5.3,5.38,5100
ATHR,13-Jul-2026,4.21,4.38,4.05,4.31,17800
ATII,13-Jul-2026,10.82,10.93,10.7836,10.8,78700
ATIIW,13-Jul-2026,1.75,1.8499,1.63,1.74,40100
ATLC,13-Jul-2026,103.81,104.525,96.36,96.61,149500
ATLCL,13-Jul-2026,25.32,25.39,25.32,25.3451,2700
ATLCP,13-Jul-2026,24.35,24.4,24.3,24.4,3700
ATLCZ,13-Jul-2026,25.38,25.45,25.38,25.39,6300
ATLO,13-Jul-2026,29.22,29.58,29.14,29.18,49800
ATLX,13-Jul-2026,3.21,3.25,3.07,3.17,471200
ATNI,13-Jul-2026,23.97,24.42,23.1,23.31,114100
ATOM,13-Jul-2026,6.52,6.52,6.14,6.25,755200
ATOS,13-Jul-2026,2.37,2.42,2.21,2.4,177600
ATPC,13-Jul-2026,2.67,2.78,2.6001,2.63,21400
ATRA,13-Jul-2026,9.61,9.61,8.56,8.67,136300
ATRC,13-Jul-2026,34.25,35.13,34.25,34.8,501300
ATRO,13-Jul-2026,71.89,73.4,70.91,72.03,354800
ATXG,13-Jul-2026,3.93,3.93,3.68,3.68,400
ATYR,13-Jul-2026,0.531,0.5669,0.5007,0.5041,797800
AUBN,13-Jul-2026,27.7,27.87,27,27,1000
AUC,13-Jul-2026,7.3489,7.3489,7.09,7.3056,2700
AUDC,13-Jul-2026,10.02,10.33,10.02,10.18,127500
AUGO,13-Jul-2026,59.2,59.57,52.25,53.51,1345500
AUID,13-Jul-2026,1.14,1.165,1.0698,1.09,125700
AUMI,13-Jul-2026,77.36,77.36,76.2083,76.2083,800
AUPH,13-Jul-2026,15.705,16.14,15.39,16.03,1322400
AUR,13-Jul-2026,6.38,6.58,5.97,6.05,16388600
AURA,13-Jul-2026,6.73,7.06,6.55,7,597300
AURE,13-Jul-2026,1.63,2.07,1.5101,1.72,1507100
AUROW,13-Jul-2026,0.231,0.231,0.192,0.192,6000
AUTL,13-Jul-2026,1.57,1.57,1.48,1.48,2092900
AUUD,13-Jul-2026,1.32,1.32,1.255,1.29,158100
AVAH,13-Jul-2026,9.67,9.935,9.57,9.67,1907300
AVAT,13-Jul-2026,0.538,0.5719,0.5036,0.504,323200
AVAV,13-Jul-2026,144.08,146,141.15,141.8,1243300
AVBH,13-Jul-2026,32.27,32.72,32.1,32.29,255300
AVBP,13-Jul-2026,33.24,33.93,32.362,33.64,327900
AVGB,13-Jul-2026,50.93,50.93,50.875,50.875,400
AVGG,13-Jul-2026,29.37,29.615,27.79,27.89,135200
AVGO,13-Jul-2026,393.48,395.745,383.42,384.05,21294500
AVGU,13-Jul-2026,37.51,37.77,35.58,35.7103,56600
AVGX,13-Jul-2026,50.1,50.75,47.54,47.54,402400
AVIR,13-Jul-2026,4.96,5.005,4.71,4.74,193900
AVL,13-Jul-2026,47.59,48.0157,45.03,45.03,252100
AVLN,13-Jul-2026,28.17,28.705,26.92,27.84,247500
AVNW,13-Jul-2026,21.52,21.8,21,21.08,77600
AVO,13-Jul-2026,13.47,13.7,13.255,13.27,983800
AVOS,13-Jul-2026,27.06,27.06,26.8501,26.8501,1000
AVPT,13-Jul-2026,12.53,12.75,12.41,12.68,1378700
AVR,13-Jul-2026,9.66,9.87,9.35,9.36,690600
AVS,13-Jul-2026,7.55,7.715,7.5,7.6994,8124600
AVT,13-Jul-2026,85.62,86.86,84.79,85.15,1098500
AVTX,13-Jul-2026,18.93,18.95,18.0775,18.91,698800
AVUQ,13-Jul-2026,66.65,66.65,65.975,66.0242,14300
AVX,13-Jul-2026,5.35,5.495,4.58,4.73,10800
AVXC,13-Jul-2026,80.84,80.93,79.89,80.0271,30700
AVXL,13-Jul-2026,2.46,2.5063,2.3,2.35,1319000
AVXX,13-Jul-2026,5.01,5.11,4.8,4.85,459500
AWRE,13-Jul-2026,1.37,1.37,1.3,1.3,125700
AXG,13-Jul-2026,3.26,3.27,3.12,3.25,79700
AXGN,13-Jul-2026,40.06,41.52,39.09,39.49,1282500
AXIN,13-Jul-2026,10.32,10.33,10.315,10.33,39800
AXINR,13-Jul-2026,0.3702,0.38,0.3702,0.3714,4900
AXON,13-Jul-2026,563,577.9999,544.32,547.0301,1001100
AXPG,13-Jul-2026,14.655,14.78,14.44,14.5267,13700
AXSM,13-Jul-2026,230.15,231.81,224.7001,228.28,843000
AXTI,13-Jul-2026,55,55.42,47.93,50.46,12456100
AYA,13-Jul-2026,19.65,19.8406,18.81,19.12,369000
AYTU,13-Jul-2026,2.25,2.25,2.16,2.18,18100
AZ,13-Jul-2026,5.55,5.68,5.28,5.57,271100
AZI,13-Jul-2026,1.54,1.54,1.3214,1.35,134600
AZIO,13-Jul-2026,1.82,1.89,1.6801,1.88,262600
AZIO,13-Jul-2026,1.82,1.89,1.6801,1.88,262600
AZTA,13-Jul-2026,25.36,26.4082,24.96,26.05,575200
AZYY,13-Jul-2026,15.27,15.3,15.25,15.275,3100
BABU,13-Jul-2026,10.19,10.45,10.05,10.15,201000
BABX,13-Jul-2026,18.9,19.3,18.5207,18.7,673400
BACC,13-Jul-2026,11.02,11.0899,11,11.035,54900
BACCR,13-Jul-2026,0.88,0.88,0.855,0.861,25200
BAER,13-Jul-2026,1.94,1.94,1.86,1.9,397200
BAERW,13-Jul-2026,0.25,0.2782,0.25,0.2501,36200
BAFE,13-Jul-2026,29.52,29.52,29.36,29.3812,41100
BAFN,13-Jul-2026,5.385,5.43,5.335,5.4,15700
BAIG,13-Jul-2026,20.12,20.12,17.53,17.8287,25000
BAIV,13-Jul-2026,26.64,26.649,26.555,26.555,4000
BALQ,13-Jul-2026,55.61,55.845,55.3,55.4268,3200
BAND,13-Jul-2026,74.83,76.8,72.8076,73.81,684500
BANF,13-Jul-2026,114.42,115.33,113.555,114.9,114600
BANL,13-Jul-2026,0.4183,0.4381,0.3925,0.425,735800
BANR,13-Jul-2026,67.8,68.785,67.45,68.57,330500
BANX,13-Jul-2026,20.03,20.1499,20,20.01,35000
BAOS,13-Jul-2026,2.73,2.81,2.62,2.68,10400
BASG,13-Jul-2026,27.18,27.26,27.03,27.0975,12100
BASV,13-Jul-2026,31.01,31.048,30.8,30.8278,13000
BATRA,13-Jul-2026,56.71,58.37,56.48,57.45,112000
BATRK,13-Jul-2026,50.65,52.85,50.57,52.56,532300
BBB,13-Jul-2026,29.42,29.42,29.3075,29.3075,10500
BBCP,13-Jul-2026,10.76,10.91,10.555,10.9,171200
BBCQ,13-Jul-2026,10.35,10.35,10.31,10.32,66900
BBCQU,13-Jul-2026,11.15,11.15,11.15,11.15,100
BBCQW,13-Jul-2026,2.3,2.65,2.13,2.13,6900
BBGI,13-Jul-2026,23.5,23.5,20.73,22,79400
BBH,13-Jul-2026,205.45,205.45,203.53,204.4589,3200
BBIO,13-Jul-2026,84.84,85.38,81.37,83.08,3378600
BBLG,13-Jul-2026,1.38,1.38,1.27,1.3,37300
BBNX,13-Jul-2026,17.1,17.52,16.43,16.95,1015500
BBOT,13-Jul-2026,8.29,8.58,8.045,8.52,495200
BBSI,13-Jul-2026,37.76,39.07,37.415,38.97,247900
BBUL,13-Jul-2026,21.78,22.25,20.38,22.0844,13100
BBYY,13-Jul-2026,9.68,9.7099,9.675,9.675,2300
BCAB,13-Jul-2026,3.96,4.2,3.8001,3.91,64700
BCAL,13-Jul-2026,20.68,21.12,20.55,21.12,344100
BCAR,13-Jul-2026,10.39,10.42,10.39,10.39,371800
BCARW,13-Jul-2026,1.8,1.9,1.75,1.81,90000
BCAX,13-Jul-2026,28.53,28.535,27.5662,28.15,420300
BCBP,13-Jul-2026,10.32,10.455,10.29,10.34,117400
BCCQU,13-Jul-2026,10.0592,10.06,10.05,10.055,26200
BCDA,13-Jul-2026,0.94,0.9505,0.9,0.9102,329500
BCFN,13-Jul-2026,22.51,22.6035,22.51,22.6035,800
BCG,13-Jul-2026,1.49,1.5199,1.48,1.48,7000
BCIC,13-Jul-2026,7.35,7.44,7.31,7.34,33300
BCLO,13-Jul-2026,49.4697,49.55,49.46,49.505,13400
BCML,13-Jul-2026,33.38,34.07,33.285,33.7,49200
BCPC,13-Jul-2026,162.93,163.92,159.34,161.44,250900
BCRX,13-Jul-2026,10.13,10.23,9.8,9.91,3147900
BCTK,13-Jul-2026,30.53,30.53,29.98,30.0097,10300
BCTX,13-Jul-2026,3.95,3.9799,3.71,3.75,218200
BCTXL,13-Jul-2026,0.86,0.86,0.86,0.86,300
BCTXZ,13-Jul-2026,0.0997,0.1,0.0997,0.1,5000
BCYC,13-Jul-2026,4.35,4.37,4.16,4.35,297100
BDCI,13-Jul-2026,10.1,10.1,10.1,10.1,500
BDGS,13-Jul-2026,36.75,36.75,36.6885,36.6885,1000
BDMD,13-Jul-2026,1.11,1.19,1.1001,1.13,39400
BDRX,13-Jul-2026,2.49,2.49,2.22,2.31,23700
BDSX,13-Jul-2026,21.4,22.3661,20.98,21.42,60300
BDTX,13-Jul-2026,1.89,1.978,1.83,1.9,840800
BDVL,13-Jul-2026,26.04,26.17,26.0302,26.055,165800
BDYN,13-Jul-2026,27.66,27.73,27.53,27.57,284000
BEAG,13-Jul-2026,10.7,10.7,10.64,10.64,11000
BEAM,13-Jul-2026,31.69,32.19,30.78,31,2862200
BEAT,13-Jul-2026,0.61,0.6154,0.5609,0.5779,453500
BEATW,13-Jul-2026,0.0203,0.0204,0.0194,0.0196,13000
BEDY,13-Jul-2026,29.46,29.46,29.1824,29.2654,71000
BEEM,13-Jul-2026,1.17,1.175,1.11,1.12,348200
BEEP,13-Jul-2026,1.79,1.85,1.77,1.79,26400
BEEX,13-Jul-2026,26.89,26.9015,26.86,26.9015,1300
BEEZ,13-Jul-2026,33.68,33.68,33.675,33.675,600
BEG,13-Jul-2026,47.37,53.68,46.41,47.8662,156900
BELFA,13-Jul-2026,229.2,231.8,218.28,221.01,174700
BELFB,13-Jul-2026,272.17,279.865,260.58,263.26,181800
BELT,13-Jul-2026,39.56,39.56,39.25,39.2764,200
BENF,13-Jul-2026,3.4,3.47,2.9,3.15,30600
BENFW,13-Jul-2026,0.0089,0.0106,0.0089,0.0106,2500
BESO,13-Jul-2026,24.6166,24.6166,24.6166,24.6166,100
BETR,13-Jul-2026,25.6,25.72,23.4,23.77,313100
BFC,13-Jul-2026,147.95,148.55,146.08,146.94,91700
BFLX,13-Jul-2026,25.5,25.56,25.32,25.3443,109400
BFRG,13-Jul-2026,0.68,0.72,0.672,0.681,102400
BFRGW,13-Jul-2026,0.1295,0.1295,0.1295,0.1295,100
BFRI,13-Jul-2026,1.1,1.16,1.09,1.11,324600
BFRIW,13-Jul-2026,0.0294,0.0294,0.0294,0.0294,200
BFST,13-Jul-2026,30.26,30.72,30.07,30.37,152200
BGC,13-Jul-2026,10.79,10.99,10.655,10.98,2737000
BGCG,13-Jul-2026,26.68,26.76,26.3963,26.3963,1400
BGDE,13-Jul-2026,7.63,7.97,6.76,6.89,75600
BGEG,13-Jul-2026,23.11,23.25,22.92,22.94,4300
BGGG,13-Jul-2026,35.85,35.9396,35.3109,35.3109,28600
BGIA,13-Jul-2026,24.5044,24.5044,24.5044,24.5044,2030400
BGIN,13-Jul-2026,1.85,1.94,1.85,1.94,1300
BGL,13-Jul-2026,0.25,0.25,0.226,0.2334,364200
BGLC,13-Jul-2026,1.86,1.91,1.74,1.74,4400
BGLWW,13-Jul-2026,0.06,0.1,0.06,0.1,9600
BGM,13-Jul-2026,0.3393,0.345,0.314,0.3381,134600
BGMS,13-Jul-2026,0.9,0.969,0.9,0.9076,37600
BGRN,13-Jul-2026,47.08,47.1,47.07,47.085,29300
BGRO,13-Jul-2026,42.31,42.42,42.0401,42.0969,3100
BHAV,13-Jul-2026,9.95,9.95,9.95,9.95,600
BHDG,13-Jul-2026,24.37,24.46,24.37,24.3891,7000
BHF,13-Jul-2026,66.02,66.8,65.935,66.61,445500
BHFAL,13-Jul-2026,15.91,15.98,15.81,15.93,13500
BHFAM,13-Jul-2026,10.52,10.58,10.36,10.56,40900
BHFAN,13-Jul-2026,12.01,12.1025,11.92,12.02,34800
BHFAO,13-Jul-2026,15.06,15.188,14.91,15.01,53200
BHFAP,13-Jul-2026,14.78,14.78,14.62,14.64,12800
BHRB,13-Jul-2026,70.31,70.71,69.29,70.36,112200
BHST,13-Jul-2026,2.8,2.8,2.7,2.77,37700
BIAF,13-Jul-2026,0.76,0.77,0.6121,0.6999,430500
BIB,13-Jul-2026,102.28,102.28,98.5,99.8844,16100
BIDG,13-Jul-2026,11.16,11.54,10.75,11.08,99400
BIDU,13-Jul-2026,114.15,116.1467,111.9,113.39,2793500
BIIB,13-Jul-2026,199.33,210.87,197.74,209.03,2259800
BILI,13-Jul-2026,17.44,17.675,17.32,17.59,2050900
BIOA,13-Jul-2026,23.82,23.8695,21.445,21.785,548900
BIOX,13-Jul-2026,0.359,0.3651,0.3351,0.341,143700
BIOY,13-Jul-2026,22.4,22.5,22.28,22.295,3400
BIRD,13-Jul-2026,3.14,3.16,2.9531,3,331300
BIS,13-Jul-2026,13.67,13.73,13.61,13.6124,8400
BITA,13-Jul-2026,50.5,51.03,50.07,50.42,53500
BITS,13-Jul-2026,56.02,56.25,55.22,55.4788,900
BIVI,13-Jul-2026,2.23,2.25,1.58,1.64,688900
BIXI,13-Jul-2026,10.01,10.01,10.01,10.01,200
BIYA,13-Jul-2026,4.41,4.5,3.67,4.1,147000
BJDX,13-Jul-2026,1.26,1.31,1.22,1.22,1060600
BJRI,13-Jul-2026,62.28,63.67,61.93,62.39,406300
BKCH,13-Jul-2026,68.05,69.85,65.705,66.74,64800
BKMI,13-Jul-2026,26.16,26.27,26.16,26.22,48400
BKMS,13-Jul-2026,25.54,25.54,25.47,25.4821,26100
BKNG,13-Jul-2026,178.48,180.64,174.51,175.8,5079900
BKR,13-Jul-2026,58.1,59.13,57.5,57.66,6118400
BKYI,13-Jul-2026,5,5.1782,4.8,4.8,9600
BL,13-Jul-2026,29.59,30.5799,29.41,30.09,1293800
BLBD,13-Jul-2026,77.15,78.205,76.455,76.56,260200
BLCN,13-Jul-2026,24.2,24.3,22.29,24.25,24500
BLCR,13-Jul-2026,49.79,49.82,49.35,49.44,315200
BLDP,13-Jul-2026,3,3.055,2.93,2.95,4431900
BLFS,13-Jul-2026,28.11,28.79,27.83,28.1,484300
BLIN,13-Jul-2026,1.28,1.3,1.23,1.3,88400
BLIV,13-Jul-2026,2.38,2.38,2.38,2.38,100
BLKB,13-Jul-2026,30.31,31.49,30.2,31.03,454700
BLLN,13-Jul-2026,125.12,127.61,122.09,123.25,596700
BLMN,13-Jul-2026,8.45,8.575,8.335,8.44,1569500
BLNE,13-Jul-2026,1.1,1.12,1.03,1.04,282700
BLNK,13-Jul-2026,0.57,0.578,0.5354,0.5428,1512100
BLRX,13-Jul-2026,3.18,3.18,2.98,3.1,12600
BLSG,13-Jul-2026,1.8,1.864,1.565,1.6061,70400
BLTE,13-Jul-2026,148.36,154.16,145.23,147.03,194500
BLUW,13-Jul-2026,10.34,10.34,10.33,10.34,19600
BLUWU,13-Jul-2026,10.5,10.5,10.5,10.5,100
BLZE,13-Jul-2026,17.7,17.7,15.91,16.19,2298200
BLZR,13-Jul-2026,10.17,10.17,10.15,10.155,29900
BLZRW,13-Jul-2026,0.43,0.43,0.43,0.43,9800
BMBL,13-Jul-2026,3.06,3.14,3.045,3.11,1762300
BMEA,13-Jul-2026,1.31,1.34,1.24,1.33,1048000
BMGL,13-Jul-2026,6.5,6.5,6.14,6.14,5300
BMHL,13-Jul-2026,6.0923,6.0923,6.0923,6.0923,400
BMM,13-Jul-2026,6.61,6.65,5.9686,6.06,69800
BMNG,13-Jul-2026,10.9,11.105,10.28,10.72,989200
BMOP,13-Jul-2026,25.15,25.15,25.01,25.05,94500
BMR,13-Jul-2026,1.43,1.44,1.35,1.39,108200
BMRA,13-Jul-2026,1.66,1.7499,1.66,1.69,6600
BMRC,13-Jul-2026,28.49,28.75,28.005,28.3,158800
BMRN,13-Jul-2026,59.12,59.24,58.02,59.2,1587100
BNAI,13-Jul-2026,13.98,14.2,12.54,12.6,231500
BNAIW,13-Jul-2026,0.1325,0.1325,0.1212,0.1324,1700
BNBX,13-Jul-2026,0.1619,0.1881,0.1521,0.163,5343800
BNC,13-Jul-2026,2.95,2.95,2.71,2.81,309600
BNCWZ,13-Jul-2026,0.0989,0.0989,0.0705,0.0705,4000
BND,13-Jul-2026,72.65,72.75,72.49,72.5,7595500
BNDP,13-Jul-2026,73.46,73.52,73.37,73.37,2500
BNDW,13-Jul-2026,67.8,67.86,67.6801,67.695,64900
BNDX,13-Jul-2026,48,48.02,47.87,47.89,3701800
BNGO,13-Jul-2026,1.2,1.2,1.16,1.17,90300
BNKK,13-Jul-2026,1.2,1.2691,1.14,1.18,262600
BNR,13-Jul-2026,11.01,11.01,10.51,10.66,23500
BNRG,13-Jul-2026,0.66,0.724,0.6377,0.724,973900
BNTC,13-Jul-2026,13.42,13.48,12.8454,12.99,85500
BNTX,13-Jul-2026,91.26,91.98,89.66,90.07,671500
BNZI,13-Jul-2026,2.42,2.45,2.08,2.4,593000
BNZIW,13-Jul-2026,0.01,0.01,0.009,0.009,3600
BODI,13-Jul-2026,11.16,11.27,10.83,11.165,24900
BOEG,13-Jul-2026,13.76,13.76,13.18,13.24,46600
BOEU,13-Jul-2026,35.53,35.53,33.29,33.45,31700
BOF,13-Jul-2026,4.31,4.33,4.05,4.1,28200
BOKF,13-Jul-2026,138.95,139.505,137.59,138.06,184100
BOLD,13-Jul-2026,2.42,2.48,2.35,2.44,310200
BOLT,13-Jul-2026,3.78,3.8839,3.78,3.78,9200
BON,13-Jul-2026,1.2089,1.2089,1.16,1.16,2200
BOOM,13-Jul-2026,6.5,6.84,6.435,6.55,273400
BOSC,13-Jul-2026,4.2,4.3,4.2,4.24,28300
BOT,13-Jul-2026,32.24,33.7499,30.755,32.42,285500
BOTJ,13-Jul-2026,25.52,26.35,25.35,26.11,26900
BOTT,13-Jul-2026,45.08,45.08,44.5,44.56,58700
BOTZ,13-Jul-2026,36.24,36.32,35.78,35.87,975800
BOXL,13-Jul-2026,4.67,4.7,4.16,4.26,36400
BPAC,13-Jul-2026,10.14,10.14,10.14,10.13,0
BPACR,13-Jul-2026,0.1506,0.1605,0.1505,0.1506,400
BPOP,13-Jul-2026,171.31,171.98,168.1,168.71,434200
BPOPM,13-Jul-2026,25.28,25.282,25.28,25.28,4000
BPRN,13-Jul-2026,38.01,38.7,38.01,38.48,7900
BPYPM,13-Jul-2026,15.93,16.06,15.55,15.75,28100
BPYPN,13-Jul-2026,14,14.01,13.85,13.94,16000
BPYPO,13-Jul-2026,15.15,15.35,15.15,15.28,13500
BPYPP,13-Jul-2026,15.79,15.9899,15.715,15.88,23500
BRAG,13-Jul-2026,2.01,2.02,1.79,1.81,22900
BRAI,13-Jul-2026,6.62,11.5,6.28,6.43,8838400
BRBI,13-Jul-2026,11.97,11.97,11.74,11.74,200
BRCB,13-Jul-2026,8.22,8.54,8.095,8.25,299600
BREM,13-Jul-2026,51.1,51.1,51.1,51.1,700
BRES,13-Jul-2026,27.31,27.31,27.1263,27.1263,34700
BRFH,13-Jul-2026,1.97,2,1.95,1.99,5100
BRHY,13-Jul-2026,50.96,50.98,50.91,50.9223,29700
BRID,13-Jul-2026,6.67,6.67,6.35,6.35,8300
BRKR,13-Jul-2026,59.44,60.24,58.46,58.97,1752300
BRKRP,13-Jul-2026,441.36,443.4291,434.63,435.18,14800
BRKU,13-Jul-2026,22.34,22.99,22.3301,22.5551,59300
BRLS,13-Jul-2026,1,1.0299,0.9579,0.9579,6900
BRLSW,13-Jul-2026,0.035,0.035,0.028,0.029,7800
BRLT,13-Jul-2026,1.18,1.22,1.165,1.2,49700
BRNS,13-Jul-2026,0.647,0.647,0.6099,0.61,68100
BRNY,13-Jul-2026,58.36,58.46,57.96,58.0521,7100
BRR,13-Jul-2026,1.5,1.77,1.44,1.72,3916500
BRRR,13-Jul-2026,17.67,17.72,17.41,17.53,93700
BRRWW,13-Jul-2026,0.29,0.29,0.29,0.29,1100
BRTR,13-Jul-2026,49.74,49.775,49.66,49.66,57300
BRTX,13-Jul-2026,0.34,0.37,0.335,0.3382,187000
BRUN,13-Jul-2026,27.35,27.43,24.995,25.68,1825500
BRUNW,13-Jul-2026,14.75,15.3,14.31,15.01,62700
BRZE,13-Jul-2026,25.59,27,25.35,26.6,3419600
BSAA,13-Jul-2026,11.62,12.24,11.61,11.92,7500
BSAAR,13-Jul-2026,0.19,0.19,0.19,0.19,100
BSBK,13-Jul-2026,9.1,9.1,9.03,9.03,3100
BSCA,13-Jul-2026,20.02,20.02,19.935,19.935,5300
BSCQ,13-Jul-2026,19.55,19.56,19.54,19.545,470800
BSCR,13-Jul-2026,19.63,19.64,19.63,19.635,334700
BSCS,13-Jul-2026,20.35,20.3599,20.33,20.33,465700
BSCT,13-Jul-2026,18.55,18.55,18.51,18.515,699900
BSCU,13-Jul-2026,16.58,16.6,16.55,16.55,950100
BSCV,13-Jul-2026,16.32,16.32,16.27,16.275,523100
BSCW,13-Jul-2026,20.41,20.41,20.33,20.335,179200
BSCX,13-Jul-2026,20.92,20.92,20.86,20.865,154200
BSCY,13-Jul-2026,20.51,20.51,20.43,20.445,62800
BSCZ,13-Jul-2026,20.28,20.285,20.21,20.215,46600
BSET,13-Jul-2026,21.54,22.23,21.125,21.485,149400
BSGR,13-Jul-2026,25.07,25.07,25.07,25.07,100
BSGT,13-Jul-2026,25.09,25.24,25.06,25.06,8100
BSIN,13-Jul-2026,1.12,1.22,1.12,1.2,1853800
BSJQ,13-Jul-2026,22.98,22.98,22.94,22.94,277200
BSJR,13-Jul-2026,22.42,22.42,22.345,22.3823,132400
BSJS,13-Jul-2026,21.82,21.8299,21.7,21.7576,400600
BSJT,13-Jul-2026,21.16,21.1913,21.1,21.105,112400
BSJU,13-Jul-2026,25.83,25.83,25.74,25.765,90600
BSJV,13-Jul-2026,26.19,26.21,26.1,26.155,70500
BSJW,13-Jul-2026,25.29,25.31,25.26,25.265,19100
BSJX,13-Jul-2026,25.145,25.145,25.115,25.115,5300
BSJY,13-Jul-2026,25.1,25.1,25.065,25.065,100
BSMQ,13-Jul-2026,23.55,23.58,23.55,23.565,66200
BSMR,13-Jul-2026,23.62,23.63,23.6101,23.625,64100
BSMS,13-Jul-2026,23.41,23.42,23.39,23.415,45400
BSMT,13-Jul-2026,23.0734,23.14,23.0635,23.0678,87500
BSMU,13-Jul-2026,21.92,21.92,21.87,21.895,37600
BSMV,13-Jul-2026,20.95,20.95,20.9227,20.935,31600
BSMW,13-Jul-2026,25.19,25.19,25.0301,25.0579,71000
BSMY,13-Jul-2026,24.59,24.59,24.53,24.5446,32900
BSMZ,13-Jul-2026,25.48,25.4846,25.41,25.47,10000
BSP,13-Jul-2026,33.36,33.66,30.965,31.78,3556100
BSRR,13-Jul-2026,41.08,41.635,40.8,41.28,73600
BSSX,13-Jul-2026,25.8,26,25.63,25.6987,44400
BSTS,13-Jul-2026,25.06,25.06,25.06,25.06,100
BSTU,13-Jul-2026,25.04,25.04,25.04,25.04,100
BSTV,13-Jul-2026,25.035,25.035,25.035,25.035,100
BSVN,13-Jul-2026,51.48,51.995,50.24,50.36,20300
BSVO,13-Jul-2026,29,29.2103,29,29.04,111200
BSY,13-Jul-2026,31.72,32.434,31.51,31.75,1874400
BTAI,13-Jul-2026,0.81,0.929,0.81,0.8822,1456500
BTBD,13-Jul-2026,1.1,1.11,1.08,1.106,6300
BTBT,13-Jul-2026,1.66,1.71,1.56,1.64,31159200
BTCS,13-Jul-2026,1.03,1.04,0.9936,0.9969,1046200
BTCT,13-Jul-2026,0.9149,0.9199,0.8724,0.9,292600
BTDR,13-Jul-2026,12.83,13.24,12.06,12.13,7899600
BTF,13-Jul-2026,16.7,16.7,16.62,16.69,1300
BTGD,13-Jul-2026,20.72,20.7296,20.14,20.32,48000
BTMD,13-Jul-2026,2.33,2.4,2.25,2.32,185600
BTOC,13-Jul-2026,0.2969,0.32,0.2856,0.2941,74200
BTOG,13-Jul-2026,1,1.035,0.9552,0.9715,294600
BTQ,13-Jul-2026,3.63,3.63,3.385,3.53,2786300
BTSG,13-Jul-2026,71.89,72.22,69.28,69.64,2271700
BTSGU,13-Jul-2026,229.65,230.05,229.315,230.05,2500
BTTC,13-Jul-2026,0.7872,0.7936,0.7557,0.7557,13500
BUFC,13-Jul-2026,42.72,42.72,42.67,42.67,2800
BUFI,13-Jul-2026,42.31,42.31,42.23,42.23,5200
BUFM,13-Jul-2026,40.65,40.65,40.61,40.61,8700
BUG,13-Jul-2026,39.43,39.9,38.79,39.64,1519800
BULD,13-Jul-2026,35.1,35.14,34.74,34.78,3500
BULG,13-Jul-2026,40.26,40.26,39.9077,39.9077,2300
BULL,13-Jul-2026,7.34,7.475,7.18,7.28,7138300
BUSE,13-Jul-2026,29.29,29.365,29.08,29.27,826100
BUSEP,13-Jul-2026,25.86,25.905,25.8501,25.87,12000
BUUU,13-Jul-2026,18.51,18.51,16.05,17.61,35900
BVC,13-Jul-2026,9.07,13.31,9.07,11.71,40300
BVFL,13-Jul-2026,21.27,21.68,21.2,21.62,30000
BVS,13-Jul-2026,11.86,12.26,11.79,12.07,657500
BWAY,13-Jul-2026,14.53,14.6,13.86,14.1,115000
BWB,13-Jul-2026,21.43,21.64,21.395,21.5,150900
BWBBP,13-Jul-2026,20.1,20.17,20.0001,20.17,1600
BWEN,13-Jul-2026,4.41,4.57,4.24,4.3,294200
BWFG,13-Jul-2026,57.96,58.72,57.53,58.47,75700
BWIN,13-Jul-2026,26.54,27.575,26.54,27.32,854700
BWMN,13-Jul-2026,27.83,28.33,26.99,27.07,112700
BXBL,13-Jul-2026,9.92,10.09,9.7237,9.81,12800
BYAH,13-Jul-2026,0.52,0.5499,0.4201,0.4685,813700
BYFC,13-Jul-2026,9.76,10.025,9.75,9.75,2200
BYND,13-Jul-2026,0.66,0.6746,0.6211,0.6211,43985700
BYRN,13-Jul-2026,3.89,4.09,3.705,3.82,1131400
BYSI,13-Jul-2026,1.51,1.645,1.29,1.33,37500
BZ,13-Jul-2026,13.86,14.3,13.83,14.28,2081900
BZAI,13-Jul-2026,1.2,1.22,1.105,1.115,3442400
BZAIW,13-Jul-2026,0.3064,0.3299,0.251,0.2615,46800
BZFD,13-Jul-2026,1.42,1.46,1.405,1.41,207800
BZFDW,13-Jul-2026,0.0187,0.0198,0.0175,0.0198,7800
BZUN,13-Jul-2026,2.81,2.84,2.75,2.77,211500
CAAS,13-Jul-2026,4.35,4.442,4.33,4.375,11100
CABA,13-Jul-2026,2.92,2.96,2.735,2.765,4319200
CABR,13-Jul-2026,1.34,1.73,1.32,1.47,88200
CAC,13-Jul-2026,53.94,54.59,53.47,53.92,106500
CACC,13-Jul-2026,625,639.74,621.63,626.13,91700
CADL,13-Jul-2026,9.7,9.88,9.19,9.64,1627500
CAES,13-Jul-2026,10.09,10.09,10.07,10.07,104100
CAFG,13-Jul-2026,33.335,33.335,33.14,33.1908,2100
CAI,13-Jul-2026,17.1,17.32,16.38,17.06,4267000
CAII,13-Jul-2026,9.92,9.92,9.92,9.92,600300
CAIIU,13-Jul-2026,10.01,10.01,10.01,10.01,700
CAIQ,13-Jul-2026,26.28,26.28,25.92,25.99,227100
CAKE,13-Jul-2026,83.33,84.54,80.79,81.95,1926900
CALC,13-Jul-2026,0.91,0.9247,0.8001,0.8178,575300
CALI,13-Jul-2026,50.48,50.48,50.41,50.415,121900
CALM,13-Jul-2026,88.34,88.435,83.02,83.41,1416600
CAMP,13-Jul-2026,4.28,4.604,4.28,4.5,108100
CAMT,13-Jul-2026,137.5,138.93,135,136.78,336200
CAN,13-Jul-2026,0.3,0.32,0.295,0.3008,4646900
CANC,13-Jul-2026,41.66,41.66,40.351,40.9378,11600
CANQ,13-Jul-2026,30.6999,30.7,30.36,30.4705,15400
CAPN,13-Jul-2026,11.1,11.1,11.07,11.07,10100
CAPNR,13-Jul-2026,0.18,0.18,0.18,0.18,300
CAPR,13-Jul-2026,21.3,21.5315,20.17,20.61,1275100
CAPS,13-Jul-2026,0.2617,0.2638,0.2507,0.2526,166900
CAQ,13-Jul-2026,9.93,9.93,9.93,9.93,25000
CAR,13-Jul-2026,157.18,157.35,151.05,155.85,352700
CARE,13-Jul-2026,32.58,32.8944,31.56,31.6,373400
CARG,13-Jul-2026,34.18,34.465,32.47,33.75,1908900
CARL,13-Jul-2026,11.83,12.17,11.71,12.11,68600
CART,13-Jul-2026,48.39,49.16,48.09,48.28,3532800
CARY,13-Jul-2026,20.72,20.76,20.71,20.715,606000
CARZ,13-Jul-2026,107.09,108.509,106.37,107.38,4900
CASH,13-Jul-2026,90.57,91.07,89.48,90.78,210000
CASS,13-Jul-2026,52.3,52.7,50.885,52.46,74300
CAST,13-Jul-2026,2.83,3.35,2.64,3.28,955900
CASY,13-Jul-2026,830.71,862.29,827,859.1,505500
CATH,13-Jul-2026,89.58,89.58,88.98,89.1151,29100
CATY,13-Jul-2026,61.53,61.805,61.2,61.66,517900
CBAT,13-Jul-2026,0.5,0.52,0.4963,0.5,27800
CBC,13-Jul-2026,31.11,31.25,30.86,31.17,341400
CBFV,13-Jul-2026,36.47,36.98,35.73,36.3,6600
CBIO,13-Jul-2026,17.35,17.35,15.64,15.69,121200
CBK,13-Jul-2026,33.19,33.455,32.8,33.22,83900
CBLL,13-Jul-2026,19.5,20.085,19.5,19.52,268400
CBNK,13-Jul-2026,35,35.75,34.5473,35.41,69000
CBRL,13-Jul-2026,50.89,52.365,50.52,52.35,825100
CBRS,13-Jul-2026,207.2,213.87,203.12,204.62,3500300
CBSH,13-Jul-2026,58.63,58.77,58.21,58.49,1017900
CBUS,13-Jul-2026,2.02,2.25,1.95,2.13,1073000
CCAP,13-Jul-2026,11.1,11.2,10.935,10.96,135000
CCAQ,13-Jul-2026,10.465,10.465,10.465,10.465,200000
CCB,13-Jul-2026,78.75,79.7,77.77,78.6,79300
CCBG,13-Jul-2026,49.62,50,49.07,49.65,64400
CCC,13-Jul-2026,6.19,6.4256,6.06,6.23,15809400
CCCC,13-Jul-2026,4.05,4.05,3.83,3.92,3013300
CCCTU,13-Jul-2026,10.02,10.02,10.01,10.015,66700
CCD,13-Jul-2026,25.76,26.07,25.68,25.72,80700
CCEC,13-Jul-2026,22.46,22.8,22.2,22.38,12000
CCEP,13-Jul-2026,105.88,107.43,105.53,106,1377800
CCFE,13-Jul-2026,26.6179,26.6179,26.6179,26.6179,100
CCG,13-Jul-2026,0.45,0.53,0.4249,0.4377,105700
CCGWW,13-Jul-2026,0.0215,0.0275,0.014,0.014,10600
CCHH,13-Jul-2026,1.6,1.8689,1.52,1.78,414300
CCIIU,13-Jul-2026,10.61,10.61,10.61,10.61,500
CCIIW,13-Jul-2026,0.7774,0.7849,0.77,0.7774,10800
CCIX,13-Jul-2026,10.9,10.9,10.88,10.88,70300
CCIXW,13-Jul-2026,0.6301,0.66,0.5601,0.5915,86900
CCLD,13-Jul-2026,2.38,2.44,2.33,2.38,289800
CCNE,13-Jul-2026,33.68,33.99,33.445,33.68,145600
CCNEP,13-Jul-2026,25,25,24.904,24.904,500
CCNR,13-Jul-2026,37.41,37.535,37.4,37.41,7600
CCOI,13-Jul-2026,12.75,13.445,12.75,12.93,1173100
CCRN,13-Jul-2026,13.22,13.23,13.215,13.22,354900
CCSB,13-Jul-2026,19.96,19.96,19.89,19.89,3300
CCSI,13-Jul-2026,37.48,38.455,37.44,37.79,115500
CCSO,13-Jul-2026,26.9023,26.9023,26.6737,26.6737,4000
CCTG,13-Jul-2026,0.8939,0.9199,0.8322,0.88,136000
CCXI,13-Jul-2026,15.02,15.4,14.3,14.34,3254700
CCXIU,13-Jul-2026,16.1,16.19,15.16,15.6,12200
CCXIW,13-Jul-2026,7,7.02,6.55,6.55,64100
CD,13-Jul-2026,3.4,3.44,3.005,3.04,174500
CDC,13-Jul-2026,76.09,76.3806,75.995,76.1157,4900
CDIG,13-Jul-2026,25.74,25.91,25.58,25.6479,20600
CDIO,13-Jul-2026,1.8,1.82,1.75,1.79,20100
CDIOW,13-Jul-2026,0.0153,0.0153,0.0152,0.0152,8400
CDL,13-Jul-2026,79.32,79.71,79.32,79.4094,23500
CDLX,13-Jul-2026,4.34,4.34,4.0426,4.17,38300
CDNA,13-Jul-2026,27.95,28.8,27.68,28.76,561200
CDNL,13-Jul-2026,67.05,68.62,63.77,64.86,426000
CDNS,13-Jul-2026,390.64,391,375.1215,377.92,1338600
CDRO,13-Jul-2026,9.57,9.6999,9.4492,9.56,7500
CDROW,13-Jul-2026,0.93,0.95,0.93,0.95,300
CDT,13-Jul-2026,0.39,0.39,0.3416,0.3586,392800
CDTG,13-Jul-2026,1.85,1.85,1.7234,1.81,262700
CDTTW,13-Jul-2026,0.011,0.011,0.011,0.011,1000
CDW,13-Jul-2026,144.99,145.8,142.935,144.355,2305300
CDXS,13-Jul-2026,2.42,2.485,2.225,2.25,579600
CDZI,13-Jul-2026,4.34,4.34,3.665,3.825,2953600
CDZIP,13-Jul-2026,22.65,22.65,22.2002,22.35,5600
CECO,13-Jul-2026,82.27,84.56,81.33,81.9,600600
CEFA,13-Jul-2026,40,40,39.58,39.58,500
CEG,13-Jul-2026,250.51,257.59,250.505,257.57,2754200
CELC,13-Jul-2026,106.7,108.78,100.625,103.79,1257500
CELH,13-Jul-2026,30.67,30.8,29.37,29.83,7946900
CELU,13-Jul-2026,0.74,0.8,0.74,0.7551,57800
CELUW,13-Jul-2026,0.003,0.003,0.0016,0.0016,19300
CELZ,13-Jul-2026,0.9,0.9024,0.84,0.8543,328000
CENN,13-Jul-2026,3.29,3.34,3.22,3.22,7600
CENT,13-Jul-2026,42.67,43.4,42.5,43.13,89600
CENTA,13-Jul-2026,37.72,38.11,37.065,37.63,274000
CENX,13-Jul-2026,44.44,46,44,45.41,1815400
CEPF,13-Jul-2026,10.42,10.44,10.42,10.44,25500
CEPI,13-Jul-2026,32.4,32.4551,31.878,32.13,39300
CEPL,13-Jul-2026,10.3,11.18,10.2,10.3,433000
CEPO,13-Jul-2026,10.65,10.66,10.65,10.65,41900
CERS,13-Jul-2026,3.08,3.15,3.03,3.09,1192900
CERT,13-Jul-2026,6.83,7.06,6.74,6.79,1973500
CETX,13-Jul-2026,2.65,2.7399,2.45,2.47,208100
CETY,13-Jul-2026,0.8691,0.9038,0.869,0.884,24900
CEVA,13-Jul-2026,44.27,44.84,42.5401,42.71,531500
CFA,13-Jul-2026,99.64,99.7799,99.35,99.3773,10900
CFBK,13-Jul-2026,31.65,32.27,31.65,32.08,58900
CFFI,13-Jul-2026,80,81.02,77.85,77.85,7800
CFFN,13-Jul-2026,8.51,8.54,8.45,8.49,556400
CFO,13-Jul-2026,80.56,80.915,80.43,80.5295,4700
CG,13-Jul-2026,44.8,45.01,43.83,44.14,2519100
CGABL,13-Jul-2026,16.35,16.3921,16.2101,16.35,11100
CGBD,13-Jul-2026,10.52,10.65,10.38,10.48,882400
CGC,13-Jul-2026,0.97,0.9799,0.96,0.96,1616600
CGCFU,13-Jul-2026,9.96,9.96,9.96,9.96,300
CGEM,13-Jul-2026,17.76,18.2,17.29,17.87,651800
CGEN,13-Jul-2026,2.36,2.38,2.29,2.3,234600
CGNT,13-Jul-2026,8.78,9.17,8.78,9.04,512900
CGNX,13-Jul-2026,65.18,65.89,63.54,63.91,1388900
CGO,13-Jul-2026,13.49,13.5299,13.1825,13.38,82100
CGON,13-Jul-2026,74.75,74.75,70.715,72.5,992400
CGTL,13-Jul-2026,4.4,4.6299,4.3001,4.49,46200
CGTX,13-Jul-2026,1.05,1.08,0.98,1.02,2520200
CHA,13-Jul-2026,11.08,11.86,11.08,11.68,569400
CHAI,13-Jul-2026,0.55,0.5502,0.4683,0.4751,392900
CHAR,13-Jul-2026,10.8,10.82,10.8,10.82,2100
CHCI,13-Jul-2026,15.36,15.58,15.36,15.39,7000
CHCO,13-Jul-2026,133.4,134.02,131.525,133.98,153000
CHDN,13-Jul-2026,86.51,86.95,83.51,83.75,760600
CHEF,13-Jul-2026,95.53,97.82,95.22,97.44,304200
CHGA,13-Jul-2026,0.262,0.2809,0.262,0.2633,24855600
CHGX,13-Jul-2026,32.96,33,32.79,32.8021,8700
CHI,13-Jul-2026,13.35,13.4575,13.23,13.26,179600
CHKP,13-Jul-2026,134.59,135.61,131.37,134.32,1022300
CHMG,13-Jul-2026,74.61,76.12,74.45,74.9,99000
CHNR,13-Jul-2026,3.77,3.85,3.74,3.85,2900
CHPG,13-Jul-2026,10.41,10.41,10.39,10.39,10800
CHPS,13-Jul-2026,89.75,89.75,87.78,88.2416,21900
CHPX,13-Jul-2026,97.3,97.3,94.38,94.8671,48400
CHR,13-Jul-2026,1.89,1.95,1.8601,1.88,27500
CHRD,13-Jul-2026,119.93,124.33,119.38,122.36,1245700
CHRI,13-Jul-2026,89.51,89.51,89.0054,89.0054,300
CHRN,13-Jul-2026,19.53,20.95,19.53,19.72,104900
CHRS,13-Jul-2026,1.5,1.5399,1.46,1.47,553100
CHRW,13-Jul-2026,193.95,198.28,193.86,196.5,1364300
CHSCL,13-Jul-2026,25.35,25.375,25.31,25.35,8900
CHSCM,13-Jul-2026,24.32,24.4968,24.28,24.281,17600
CHSCN,13-Jul-2026,24.97,24.98,24.8601,24.94,13200
CHSCO,13-Jul-2026,25.9,25.9,25.8067,25.88,11100
CHSCP,13-Jul-2026,26.73,26.73,26.51,26.7,18600
CHSN,13-Jul-2026,1.03,1.18,0.99,1.17,767500
CHTR,13-Jul-2026,132.65,136,131.03,131.37,2124900
CHW,13-Jul-2026,8.84,8.8457,8.81,8.82,177100
CHY,13-Jul-2026,13.67,13.8,13.602,13.68,200900
CHYM,13-Jul-2026,21.13,21.435,20.63,20.95,4433800
CIBR,13-Jul-2026,91.89,92.68,90.54,91.84,950300
CIFG,13-Jul-2026,9.93,10.51,8.275,8.5974,103800
CIFR,13-Jul-2026,21.5,22.1779,19.652,20.085,18836900
CIGI,13-Jul-2026,98.41,99.59,96.25,96.68,141900
CIGL,13-Jul-2026,0.58,0.5863,0.572,0.5721,42300
CIIT,13-Jul-2026,0.4578,0.4644,0.411,0.4156,395700
CINF,13-Jul-2026,180.88,183.5,179.95,182.67,734500
CING,13-Jul-2026,4.9,4.9,4.51,4.68,346100
CINGW,13-Jul-2026,0.0199,0.0233,0.0199,0.0233,2400
CIRC,13-Jul-2026,0.78,0.78,0.6615,0.6855,12769500
CISO,13-Jul-2026,0.2881,0.2881,0.2629,0.27,233900
CISS,13-Jul-2026,1.81,1.8155,1.56,1.61,59200
CIVB,13-Jul-2026,27.73,28.13,26.155,27.88,155900
CJMB,13-Jul-2026,0.741,0.7853,0.6615,0.7592,46300
CLAR,13-Jul-2026,3.36,3.46,3.345,3.38,182900
CLBK,13-Jul-2026,20.49,21.405,20.462,21.29,423700
CLBT,13-Jul-2026,16.31,16.54,15.92,16.13,2086500
CLDX,13-Jul-2026,38.61,38.66,37.525,38.53,660100
CLFD,13-Jul-2026,33.3,33.34,32.4008,32.74,219500
CLGN,13-Jul-2026,0.352,0.368,0.351,0.3543,12300
CLIK,13-Jul-2026,1.41,1.435,1.4,1.42,27300
CLIR,13-Jul-2026,3.705,3.785,3.6097,3.62,16700
CLLS,13-Jul-2026,2.99,2.99,2.87,2.9,27800
CLMB,13-Jul-2026,25.6,26.33,25.12,25.37,292500
CLMT,13-Jul-2026,40.18,41.37,39.4,39.58,1727000
CLNE,13-Jul-2026,2.21,2.33,2.195,2.32,2965200
CLNN,13-Jul-2026,6.29,6.39,6.09,6.39,72500
CLOA,13-Jul-2026,51.84,51.85,51.81,51.82,326100
CLOD,13-Jul-2026,31.5779,31.5779,31.5779,31.5779,100
CLOU,13-Jul-2026,23.8,24.365,23.755,24.11,181900
CLOV,13-Jul-2026,4.384,4.575,4.384,4.57,4808000
CLPS,13-Jul-2026,0.85,0.85,0.83,0.8301,9700
CLPT,13-Jul-2026,17.47,17.47,16.265,16.51,522200
CLRB,13-Jul-2026,2.81,2.8447,2.61,2.63,133300
CLRO,13-Jul-2026,8.5,10,6.59,6.6,440700
CLSK,13-Jul-2026,12.45,12.7597,12.02,12.36,11881100
CLSKW,13-Jul-2026,0.26,0.2774,0.26,0.262,17900
CLSM,13-Jul-2026,27.05,27.1,26.9,26.9399,5000
CLST,13-Jul-2026,16.02,17,16.02,17,7700
CLWT,13-Jul-2026,1.66,1.7,1.58,1.65,56000
CLYM,13-Jul-2026,13.85,14.01,13.035,13.21,1236100
CMBO,13-Jul-2026,102.85,102.85,102.85,102.85,100
CMCO,13-Jul-2026,13.08,13.315,12.945,12.99,587400
CMCSA,13-Jul-2026,23.96,24.28,23.78,23.97,30705400
CMCT,13-Jul-2026,3.41,3.49,3.24,3.27,11100
CME,13-Jul-2026,243.1,245.65,240.49,245.1,2240300
CMGG,13-Jul-2026,17.06,17.56,16.95,17.2469,9200
CMII,13-Jul-2026,10.19,10.19,10.12,10.12,71300
CMIIW,13-Jul-2026,1.23,1.25,1.23,1.25,43500
CMMB,13-Jul-2026,1.71,1.8,1.57,1.65,210500
CMND,13-Jul-2026,1.98,2.13,1.86,1.99,4030400
CMPR,13-Jul-2026,100.3,101.4671,99.53,99.9,96900
CMPS,13-Jul-2026,13.46,13.58,12.91,13.185,3033200
CMPX,13-Jul-2026,2.3,2.31,2.185,2.26,1879300
CMRC,13-Jul-2026,3.15,3.305,3.14,3.2,675700
CMTL,13-Jul-2026,1.9,1.925,1.82,1.9,431800
CMTV,13-Jul-2026,39.02,40.1,38.8,39.84,23900
CNCG,13-Jul-2026,37.1138,37.1138,37.1138,37.1138,200
CNCK,13-Jul-2026,2.49,2.69,2.46,2.68,89600
CNCKW,13-Jul-2026,0.231,0.2531,0.231,0.2531,3600
CNDT,13-Jul-2026,1.51,1.6,1.49,1.53,948800
CNET,13-Jul-2026,1.02,1.02,0.9286,0.9718,10700
CNEY,13-Jul-2026,0.48,0.4996,0.4445,0.4797,71400
CNOB,13-Jul-2026,32.42,32.48,32.14,32.27,319800
CNOBP,13-Jul-2026,25.08,25.11,25.041,25.075,2600
CNQQ,13-Jul-2026,25.02,25.04,24.76,24.825,12000
CNSP,13-Jul-2026,4.99,5.27,4.95,5.09,3700
CNTB,13-Jul-2026,2.49,2.49,2.23,2.26,485700
CNTN,13-Jul-2026,2.38,2.38,2.21,2.27,672400
CNTX,13-Jul-2026,0.66,0.6981,0.6236,0.6238,3438200
CNTY,13-Jul-2026,1.25,1.2723,1.225,1.24,83200
CNVS,13-Jul-2026,2.7,2.75,2.61,2.61,151400
CNXC,13-Jul-2026,22.47,25.6889,22.47,24.88,2012600
CNXN,13-Jul-2026,77.76,78.6699,77.345,78.49,106900
CNXU,13-Jul-2026,10.67,11.5799,10.13,10.34,273200
COAG,13-Jul-2026,38.39,42.03,37.99,39.51,370000
COCH,13-Jul-2026,0.7,0.7197,0.6752,0.6937,120600
COCHW,13-Jul-2026,0.0447,0.045,0.025,0.04,92900
COCO,13-Jul-2026,70.95,74.78,70.86,74.635,1095400
COCP,13-Jul-2026,1.01,1.01,0.96,0.96,27900
CODA,13-Jul-2026,9.57,9.93,9.57,9.84,94200
CODX,13-Jul-2026,2.59,2.65,2.4663,2.61,110100
COFS,13-Jul-2026,32.94,33.43,32.94,33.3,103900
COGT,13-Jul-2026,38.2,38.355,37.08,37.46,1610200
COHU,13-Jul-2026,53.78,54.505,52.36,52.81,775000
COIG,13-Jul-2026,4.7,4.97,4.595,4.76,63900
COIN,13-Jul-2026,156.2,161.19,154.01,157.37,5418000
COKE,13-Jul-2026,180.36,183,177.1,178.01,365300
COLA,13-Jul-2026,10.65,10.68,10.65,10.68,400
COLAR,13-Jul-2026,0.3601,0.3601,0.3601,0.3601,100
COLB,13-Jul-2026,32.11,32.2,31.785,31.98,2011000
COLL,13-Jul-2026,35.15,35.535,34.645,34.82,343200
COLM,13-Jul-2026,63.64,64.53,63.42,63.72,425400
COMT,13-Jul-2026,31.74,32.245,31.6199,32.16,504300
CONI,13-Jul-2026,53.47,54.94,50.5,52.6815,83700
CONL,13-Jul-2026,4.77,5.08,4.64,4.85,16148600
CONX,13-Jul-2026,5.75,6.09,5.6508,5.87,70200
COO,13-Jul-2026,71.09,71.85,70.71,71.32,1723400
COOT,13-Jul-2026,0.4399,0.45,0.42,0.45,39300
COOTW,13-Jul-2026,0.0169,0.0186,0.0152,0.0186,3300
COPJ,13-Jul-2026,39.32,39.62,38.41,38.5366,45900
COPP,13-Jul-2026,37.68,37.7986,36.74,36.95,66300
CORO,13-Jul-2026,35.89,35.89,35.44,35.54,1768800
CORT,13-Jul-2026,90.3,91.49,84.88,85.9,1325300
CORZ,13-Jul-2026,22.94,23.1399,21.865,22.71,8182500
CORZW,13-Jul-2026,16.16,16.41,15.14,15.94,57500
CORZZ,13-Jul-2026,22.92,22.92,22.19,22.58,2300
COSM,13-Jul-2026,0.3,0.35,0.2957,0.3084,15850100
COST,13-Jul-2026,918.42,930.98,916.8803,926.43,2373300
COTG,13-Jul-2026,12.17,12.4746,12.1289,12.35,117500
COWG,13-Jul-2026,38.89,39,38.39,38.5715,168000
COWS,13-Jul-2026,37.2,37.2,36.9701,37.0433,16500
COYA,13-Jul-2026,5.23,5.23,4.77,4.855,404900
COYY,13-Jul-2026,17.82,17.93,17.72,17.8412,11000
CPAG,13-Jul-2026,101.94,101.94,101.6472,101.6472,3500
CPB,13-Jul-2026,22.19,22.805,22.03,22.15,6226900
CPBI,13-Jul-2026,19.62,19.75,19.62,19.75,500
CPHC,13-Jul-2026,16.1,16.1,15.8,15.8,5400
CPHY,13-Jul-2026,51.5138,51.5138,51.5138,51.5138,100
CPIX,13-Jul-2026,5.95,6.785,5.835,6.54,336500
CPLS,13-Jul-2026,34.7685,34.7685,34.67,34.6945,4800
CPOP,13-Jul-2026,0.5799,0.5799,0.3901,0.463,5406700
CPRT,13-Jul-2026,27.64,27.91,27.29,27.445,10819500
CPRX,13-Jul-2026,31.48,31.49,31.47,31.48,3386000
CPSH,13-Jul-2026,4.64,4.69,4.3775,4.52,432200
CPSS,13-Jul-2026,9.16,9.55,9.03,9.03,24700
CPTL,13-Jul-2026,47.83,47.84,47.83,47.84,1000
CPZ,13-Jul-2026,13.23,13.345,13.02,13.06,113800
CRAC,13-Jul-2026,10.12,10.14,10.12,10.14,21700
CRAI,13-Jul-2026,161.08,170.56,161.08,169.01,225200
CRAN,13-Jul-2026,10.2,10.21,10.19,10.2,512200
CRANR,13-Jul-2026,0.23,0.2794,0.2299,0.2469,171400
CRAQU,13-Jul-2026,10.89,10.89,10.89,10.89,100
CRBP,13-Jul-2026,9.59,9.59,8.87,9.04,362800
CRBU,13-Jul-2026,1.91,1.91,1.76,1.8,1954800
CRCG,13-Jul-2026,8.85,9.39,8.36,8.53,4265500
CRCT,13-Jul-2026,4.43,4.57,4.43,4.52,398000
CRDF,13-Jul-2026,1.35,1.43,1.3049,1.35,727600
CRDL,13-Jul-2026,1.01,1.09,1,1.06,1273100
CRDO,13-Jul-2026,248.52,252.81,235.5,236.88,6736600
CRE,13-Jul-2026,3.2,3.3199,3.12,3.13,81400
CREG,13-Jul-2026,1.8,1.8,1.6,1.65,90400
CRESY,13-Jul-2026,10.78,11.01,10.5992,10.67,150900
CREX,13-Jul-2026,3.82,3.82,3.5,3.55,50100
CRGO,13-Jul-2026,1.24,1.2785,1.23,1.24,14600
CRGOW,13-Jul-2026,0.035,0.035,0.035,0.035,12300
CRIS,13-Jul-2026,4.91,5.13,4.52,4.75,89800
CRMD,13-Jul-2026,8.28,8.4099,8.22,8.32,886100
CRMG,13-Jul-2026,4.49,4.9099,4.49,4.83,6835700
CRML,13-Jul-2026,7.78,7.78,7.3,7.45,5323900
CRMLW,13-Jul-2026,2.65,2.66,2.45,2.45,14300
CRMT,13-Jul-2026,3.26,3.64,3.01,3.02,517800
CRMU,13-Jul-2026,3.33,3.33,2.93,3.0548,120000
CRNC,13-Jul-2026,10.33,10.555,10.2,10.31,454900
CRNT,13-Jul-2026,2.32,2.34,2.27,2.29,567600
CRNX,13-Jul-2026,83.66,83.69,83.59,83.67,6058200
CRON,13-Jul-2026,2.74,2.79,2.73,2.75,568200
CROX,13-Jul-2026,133.6,134.77,130.2,130.46,774900
CRSP,13-Jul-2026,52.39,52.96,50.18,50.63,1965000
CRSR,13-Jul-2026,9.5,9.57,9.25,9.47,1018100
CRTO,13-Jul-2026,22.88,23.38,22.6,23.28,724800
CRUS,13-Jul-2026,148.41,148.91,145.01,146.51,454700
CRVL,13-Jul-2026,62.86,64.05,62.735,63.27,176100
CRVO,13-Jul-2026,3.49,3.515,3.165,3.31,1399400
CRVS,13-Jul-2026,15.28,15.585,14.69,14.71,1485500
CRWD,13-Jul-2026,186.86,189.25,181,187.91,6475200
CRWG,13-Jul-2026,23.47,24.3695,21.02,21.35,808200
CRWL,13-Jul-2026,59.75,61.8809,56.875,61.25,79300
CRWS,13-Jul-2026,3.03,3.03,2.97,2.98,31800
CRWV,13-Jul-2026,86.97,88.88,82.72,83.31,18630000
CRY,13-Jul-2026,18.43,18.52,18.24,18.28,9700
CSAI,13-Jul-2026,0.428,0.45,0.3911,0.397,261200
CSB,13-Jul-2026,66.03,66.09,65.9714,66.005,2500
CSBR,13-Jul-2026,6.1,6.1005,5.81,5.81,3400
CSCL,13-Jul-2026,64.03,65,61.821,64.02,19700
CSCO,13-Jul-2026,119.96,120.34,117.26,119.25,17569100
CSCS,13-Jul-2026,12.9001,12.95,12.89,12.9377,1200
CSEN,13-Jul-2026,24.02,24.215,24.02,24.13,28900
CSGP,13-Jul-2026,28.88,29.38,28.22,28.77,6451000
CSHR,13-Jul-2026,4.19,4.35,4.13,4.22,136500
CSIQ,13-Jul-2026,14.67,15.165,14.345,14.73,2267600
CSPI,13-Jul-2026,8.52,8.525,8.16,8.27,12300
CSQ,13-Jul-2026,20.71,20.76,20.53,20.55,136900
CSTE,13-Jul-2026,2.37,2.6168,2.37,2.55,284300
CSTL,13-Jul-2026,23.67,23.875,22.46,22.98,269900
CSWC,13-Jul-2026,23.9,24,23.53,23.65,637000
CSX,13-Jul-2026,49.58,49.9,49.425,49.64,8526000
CTAA,13-Jul-2026,9.91,9.91,9.91,9.91,10000
CTAS,13-Jul-2026,181.09,184.14,181.08,183.75,1955300
CTBI,13-Jul-2026,72.23,72.9799,71.735,72.24,162100
CTEC,13-Jul-2026,58,58.82,57.27,57.3405,5300
CTKB,13-Jul-2026,4.59,4.69,4.46,4.51,1140100
CTMX,13-Jul-2026,3.69,3.795,3.63,3.7,3314200
CTNM,13-Jul-2026,15.1,15.2655,14.455,14.62,261000
CTNT,13-Jul-2026,1.69,1.72,1.58,1.61,278800
CTOR,13-Jul-2026,0.691,0.7056,0.676,0.7048,22900
CTRM,13-Jul-2026,2.14,2.14,2.02,2.05,37400
CTRN,13-Jul-2026,57.94,59.38,57.2,59.2,143000
CTSH,13-Jul-2026,44.06,44.67,43.5958,44.16,8623500
CTSO,13-Jul-2026,0.39,0.4249,0.37,0.38,91200
CTW,13-Jul-2026,2.2834,2.45,2.2834,2.45,1000
CTXR,13-Jul-2026,0.58,0.58,0.54,0.54,258000
CUB,13-Jul-2026,10.81,10.81,10.78,10.81,9700
CUE,13-Jul-2026,35.53,36.84,30.27,30.92,188100
CULP,13-Jul-2026,3.24,3.5899,3.24,3.46,47100
CUPR,13-Jul-2026,4.91,4.955,4.17,4.33,33100
CURI,13-Jul-2026,2.68,2.71,2.57,2.57,418100
CURR,13-Jul-2026,3.07,3.1099,2.85,2.85,63700
CURX,13-Jul-2026,0.228,0.228,0.2097,0.2109,51400
CUSD,13-Jul-2026,19.23,19.9,19.23,19.56,6300
CV,13-Jul-2026,6.21,6.47,6.03,6.22,135400
CVBF,13-Jul-2026,22.5,22.55,22.345,22.45,1329100
CVCO,13-Jul-2026,565.69,571.515,552.45,555.08,85100
CVGI,13-Jul-2026,4.83,5.04,4.745,4.91,362900
CVKD,13-Jul-2026,3.08,3.17,2.34,2.42,278300
CVLT,13-Jul-2026,151.02,152.095,145.305,148.65,729300
CVRX,13-Jul-2026,5.42,5.61,5.4,5.43,225300
CVV,13-Jul-2026,7.21,7.45,6.92,6.93,112800
CWBC,13-Jul-2026,26.94,27.2,26.74,27.08,237700
CWCO,13-Jul-2026,28.98,29.035,28.765,28.9,70700
CWD,13-Jul-2026,0.67,0.7177,0.58,0.689,596400
CWST,13-Jul-2026,98.06,99.02,96.88,98.09,497200
CWY,13-Jul-2026,18.79,18.95,18.39,18.4569,2300
CXAI,13-Jul-2026,0.157,0.157,0.147,0.1485,1912300
CXAIW,13-Jul-2026,0.059,0.059,0.0555,0.059,6600
CXDO,13-Jul-2026,8.26,8.56,8.11,8.21,429200
CXII,13-Jul-2026,10.6391,10.71,10.5936,10.65,101900
CXIIU,13-Jul-2026,10.9,10.9,10.76,10.9,3400
CXIIW,13-Jul-2026,1.89,1.92,1.782,1.782,14500
CXSE,13-Jul-2026,37.86,38.01,37.75,37.7715,26000
CYAB,13-Jul-2026,0.3428,0.347,0.3056,0.3337,249500
CYCN,13-Jul-2026,3.74,3.875,3.68,3.82,11800
CYCU,13-Jul-2026,0.488,0.488,0.397,0.4458,847200
CYCUW,13-Jul-2026,0.0172,0.0193,0.0172,0.0193,11200
CYN,13-Jul-2026,1.27,1.284,1.21,1.22,104200
CYPH,13-Jul-2026,0.71,0.72,0.6715,0.6987,1245400
CYRX,13-Jul-2026,15.98,16.27,15.56,15.71,524900
CYTK,13-Jul-2026,83.39,84.6,80.9,82.24,1891400
CZAR,13-Jul-2026,31.9,31.9,31.9,31.9,100
CZFS,13-Jul-2026,70.8,73.5,70.7979,71.3,9500
CZNC,13-Jul-2026,22.94,23.38,22.85,23.03,88000
CZR,13-Jul-2026,29.78,29.84,29.455,29.66,5167200
CZWI,13-Jul-2026,23,23.23,22.8,23.11,102100
DAAQ,13-Jul-2026,10.44,10.44,10.4207,10.4371,11500
DAAQW,13-Jul-2026,0.4329,0.4329,0.3758,0.4291,900
DADS,13-Jul-2026,19.93,19.93,19.81,19.865,900
DAIC,13-Jul-2026,1.62,1.66,1.3301,1.39,175600
DAICW,13-Jul-2026,0.0065,0.0081,0.0065,0.0081,800
DAIO,13-Jul-2026,3.56,3.665,3.31,3.34,32300
DAK,13-Jul-2026,29.19,29.19,29.1665,29.1665,500
DAKT,13-Jul-2026,20.12,20.7,19.91,20.21,769900
DALI,13-Jul-2026,28.5709,28.5709,28.3101,28.3101,2200
DAPP,13-Jul-2026,18.17,18.56,17.61,17.87,228900
DARE,13-Jul-2026,2,2.14,2,2.09,158500
DASH,13-Jul-2026,192.7,195.65,188.58,189.57,3667400
DAVE,13-Jul-2026,404.42,408.96,383.48,389.56,419500
DAVEW,13-Jul-2026,2.9,2.9,2.55,2.76,103000
DAX,13-Jul-2026,44.35,44.51,43.9401,44.17,23300
DBCA,13-Jul-2026,9.99,9.99,9.99,9.99,1200
DBCAW,13-Jul-2026,0.45,0.5,0.45,0.4582,131800
DBGI,13-Jul-2026,0.7679,0.77,0.69,0.703,570200
DBVT,13-Jul-2026,16.2,16.4791,15.63,15.98,129600
DBX,13-Jul-2026,29.55,29.84,29.34,29.58,4279500
DCBO,13-Jul-2026,18.71,19.25,18.71,19.09,55000
DCGO,13-Jul-2026,0.5926,0.6589,0.5926,0.6373,746000
DCOY,13-Jul-2026,5.77,5.9,5.49,5.84,18800
DCTH,13-Jul-2026,13,13.14,12.85,12.87,389000
DCX,13-Jul-2026,1.02,1.09,0.97,0.99,227100
DDI,13-Jul-2026,11.4,11.445,11.3,11.35,44800
DDIV,13-Jul-2026,46.41,46.4461,46.37,46.4461,800
DDOG,13-Jul-2026,256.71,264.27,250.14,260.24,4213500
DECO,13-Jul-2026,74.45,74.9,74.41,74.8679,2000
DEFT,13-Jul-2026,0.49,0.4979,0.45,0.4517,3185500
DEMZ,13-Jul-2026,47.27,47.29,47.27,47.2877,1500
DERM,13-Jul-2026,6.91,6.96,6.72,6.86,159900
DETX,13-Jul-2026,3.8,3.87,3.62,3.62,12900
DFDV,13-Jul-2026,2.98,2.98,2.79,2.84,766800
DFDVW,13-Jul-2026,0.3701,0.38,0.3201,0.3201,4900
DFGP,13-Jul-2026,54.11,54.14,53.945,53.955,2622100
DFGX,13-Jul-2026,53.14,53.17,52.97,53.02,156300
DFLI,13-Jul-2026,1.75,1.75,1.6664,1.69,248700
DFLIW,13-Jul-2026,0.0398,0.0398,0.0293,0.0397,1100
DFNS,13-Jul-2026,0.1066,0.1091,0.0921,0.0938,30391600
DFNSW,13-Jul-2026,0.081,0.0959,0.081,0.0857,7600
DFSC,13-Jul-2026,2.05,2.05,1.91,2.03,55100
DFSCW,13-Jul-2026,0.0222,0.0222,0.0201,0.0201,21300
DFTX,13-Jul-2026,46.24,46.41,43.38,43.65,1807500
DGCB,13-Jul-2026,54.1857,54.2195,54.07,54.0966,102900
DGICA,13-Jul-2026,18.67,19.19,18.67,19.14,155800
DGICB,13-Jul-2026,26.7,26.7,26.7,26.7,200
DGII,13-Jul-2026,66.58,67.48,64.64,66.23,669600
DGLO,13-Jul-2026,23.6569,23.6569,23.6569,23.6569,100
DGNX,13-Jul-2026,1.17,1.23,1.12,1.15,435400
DGRE,13-Jul-2026,39,39,38.21,38.38,7800
DGRS,13-Jul-2026,58.91,59.24,58.6801,58.7531,38800
DGRW,13-Jul-2026,96.98,97.21,96.5,96.56,496400
DGXX,13-Jul-2026,4.39,4.47,4.13,4.25,2703400
DH,13-Jul-2026,0.84,0.8629,0.8025,0.8025,181200
DHC,13-Jul-2026,8.76,8.97,8.7,8.75,816400
DHCNI,13-Jul-2026,17.95,18.37,17.95,18.06,7800
DHCNL,13-Jul-2026,18.5,18.655,18.5,18.65,7200
DIBS,13-Jul-2026,4.68,4.7876,4.63,4.72,57000
DIME,13-Jul-2026,7.83,7.88,7.74,7.785,3300
DINE,13-Jul-2026,25.235,25.235,25.235,25.235,100
DIOD,13-Jul-2026,93.4,94.41,91.78,92.29,255100
DIVD,13-Jul-2026,43.31,43.31,43.2997,43.2997,400
DJCO,13-Jul-2026,575.2,585.8,569.93,581.51,34600
DJT,13-Jul-2026,8.52,8.58,8.28,8.52,2149200
DJTWW,13-Jul-2026,3.48,3.48,2.92,3.1999,36500
DKI,13-Jul-2026,4.9,4.9,4.815,4.9,7600
DKNG,13-Jul-2026,26.81,27.52,26.21,26.45,13615500
DKNX,13-Jul-2026,22.11,23.0195,21.22,21.2762,4800
DLHC,13-Jul-2026,5.1,5.225,5.06,5.22,32000
DLLL,13-Jul-2026,24.73,25.1599,23.11,24.04,996400
DLO,13-Jul-2026,15.22,15.3699,14.75,14.92,1466400
DLPN,13-Jul-2026,1.12,1.15,1.085,1.1,25000
DLTH,13-Jul-2026,4.03,4.125,4.01,4.05,78000
DLTR,13-Jul-2026,125.36,128.45,125.36,126.38,2780900
DLXY,13-Jul-2026,0.4588,0.52,0.442,0.5044,187500
DMAA,13-Jul-2026,10.66,10.68,10.6589,10.68,4400
DMAAR,13-Jul-2026,0.0921,0.1147,0.0921,0.1147,800
DMAC,13-Jul-2026,7.78,7.785,7.35,7.49,168100
DMII,13-Jul-2026,10.09,10.09,10.09,10.09,1800
DMLP,13-Jul-2026,26.52,26.89,26.52,26.81,129300
DMRA,13-Jul-2026,28.53,28.905,26.29,28,269700
DMRC,13-Jul-2026,6.6,7.415,6.575,6.89,195800
DMXF,13-Jul-2026,83.87,84.29,83.2501,83.4184,21500
DNLI,13-Jul-2026,25.7,26.6,24.77,26.48,1894500
DNMX,13-Jul-2026,10.03,10.03,10.02,10.02,17100
DNMXW,13-Jul-2026,0.3,0.305,0.28,0.3,22000
DNNG,13-Jul-2026,7.25,7.25,6.75,6.8595,1000
DNTH,13-Jul-2026,96.33,98.96,93.85,98.64,542400
DNUT,13-Jul-2026,3.48,3.52,3.4,3.47,1898200
DOCU,13-Jul-2026,49.69,50.65,49.14,49.87,2707400
DOGZ,13-Jul-2026,0.98,1.0319,0.98,1.0001,23500
DOMH,13-Jul-2026,2.84,2.8985,2.765,2.79,19800
DOMO,13-Jul-2026,3.39,3.585,3.075,3.39,1245700
DOO,13-Jul-2026,59.07,59.97,58.95,58.99,135700
DORM,13-Jul-2026,138.1,139.88,137.348,138.91,149800
DOX,13-Jul-2026,52.64,53.2,52.06,52.76,1140800
DOYU,13-Jul-2026,4.51,4.632,4.51,4.6,17200
DPRO,13-Jul-2026,4.79,4.79,4.53,4.625,681200
DPU,13-Jul-2026,1.85,1.9,1.84,1.88,6400
DPZ,13-Jul-2026,300.91,311.99,300.91,309.85,1028600
DRCT,13-Jul-2026,2.65,2.7091,2.53,2.58,12300
DRDB,13-Jul-2026,10.58,10.58,10.575,10.58,186200
DRDBW,13-Jul-2026,0.2188,0.2188,0.2188,0.2188,200
DRH,13-Jul-2026,12.01,12.01,11.795,11.88,1511500
DRIO,13-Jul-2026,7.38,7.38,6.47,6.7,18900
DRIV,13-Jul-2026,35.87,35.93,35.2,35.37,46700
DRMA,13-Jul-2026,1.32,1.37,1.31,1.35,24100
DRNZ,13-Jul-2026,21.05,21.05,20.35,20.4622,110800
DRS,13-Jul-2026,44.21,44.445,43.03,43.35,732100
DRTS,13-Jul-2026,12.38,12.5542,11.95,12.18,706400
DRTSW,13-Jul-2026,3.53,3.65,3.21,3.2559,22300
DRUG,13-Jul-2026,76.44,77.09,73.01,75.93,389900
DRVN,13-Jul-2026,15.66,15.89,15.255,15.31,574000
DSAC,13-Jul-2026,10.18,10.18,10.15,10.16,310200
DSACW,13-Jul-2026,0.64,0.6499,0.6,0.625,1800
DSC,13-Jul-2026,6.31,6.94,5.72,5.72,57800
DSGN,13-Jul-2026,14.96,15.2,13.58,13.855,654600
DSGR,13-Jul-2026,27.45,27.86,27.16,27.73,54600
DSGX,13-Jul-2026,72.75,73.83,71.75,72.76,288600
DSP,13-Jul-2026,13.24,13.44,12.56,12.83,255100
DSWL,13-Jul-2026,3.54,3.7,3.5079,3.58,9400
DSY,13-Jul-2026,3.95,3.95,3.66,3.74,37700
DSYWW,13-Jul-2026,0.0184,0.0226,0.0184,0.0198,6400
DTCR,13-Jul-2026,28.69,28.8,28.305,28.39,855400
DTCX,13-Jul-2026,2.02,2.07,2,2.03,69800
DTI,13-Jul-2026,2.23,2.325,2.2101,2.27,280500
DTIL,13-Jul-2026,8.63,8.685,8.26,8.59,708100
DTSQR,13-Jul-2026,0.13,0.1451,0.13,0.145,24700
DTSS,13-Jul-2026,0.78,0.8,0.7521,0.8,2400
DTST,13-Jul-2026,3.52,3.598,3.46,3.52,9700
DUKH,13-Jul-2026,23.87,23.89,23.8201,23.8519,41600
DUKR,13-Jul-2026,5.37,5.58,4.95,5.43,14200
DUKRW,13-Jul-2026,0.99,1.15,0.99,1,6400
DUKX,13-Jul-2026,28.02,28.02,27.9106,27.9106,200
DUO,13-Jul-2026,0.635,0.66,0.6,0.609,25400
DUOG,13-Jul-2026,45.52,50.4657,45.52,50.4657,10800
DUOL,13-Jul-2026,126.63,132.505,124.83,132.34,861800
DUOT,13-Jul-2026,9.25,9.25,8.521,8.86,1322300
DUSG,13-Jul-2026,51.287,51.287,51.287,51.287,100
DVAL,13-Jul-2026,15.9531,15.9531,15.9531,15.9531,300
DVGR,13-Jul-2026,26.34,26.34,26.2586,26.2586,4000
DVIN,13-Jul-2026,30.4425,30.4425,30.4425,30.4425,100
DVLT,13-Jul-2026,0.36,0.379,0.3505,0.3541,10245400
DVLU,13-Jul-2026,40.45,40.555,40.45,40.5034,3700
DVOL,13-Jul-2026,37.12,37.185,37.12,37.1628,3300
DVQQ,13-Jul-2026,31.1691,31.1691,31.1691,31.1691,100
DVRE,13-Jul-2026,24.8393,24.8393,24.8393,24.8393,100
DVSP,13-Jul-2026,28.9838,28.9838,28.9838,28.9838,100
DVUT,13-Jul-2026,27.6448,27.6448,27.6448,27.6448,100
DVXB,13-Jul-2026,27.2941,27.2941,27.2941,27.2941,100
DVXC,13-Jul-2026,24.4388,24.4388,24.4388,24.4388,100
DVXE,13-Jul-2026,37.36,37.8699,37.36,37.8109,700
DVXF,13-Jul-2026,27.248,27.248,27.248,27.248,100
DVXK,13-Jul-2026,36.99,36.99,36.6523,36.6523,100
DVXP,13-Jul-2026,25.5843,25.5843,25.5843,25.5843,100
DVXV,13-Jul-2026,32.483,32.483,32.483,32.483,100
DVXY,13-Jul-2026,22.6938,22.6938,22.6938,22.6938,100
DVY,13-Jul-2026,160.38,161.49,160.06,160.49,332400
DWAS,13-Jul-2026,119.06,119.06,116.0901,116.5389,9100
DWAW,13-Jul-2026,50.0305,50.0305,50.0305,50.0305,100
DWSH,13-Jul-2026,6.03,6.085,6.021,6.0711,8000
DWSN,13-Jul-2026,7.45,7.45,4.3418,4.42,1383600
DWTX,13-Jul-2026,1.44,1.45,1.38,1.38,41200
DWUS,13-Jul-2026,59.9169,59.9169,59.9169,59.9169,100
DXCM,13-Jul-2026,75.56,76.415,74.58,76.35,3553900
DXLG,13-Jul-2026,0.63,0.6399,0.62,0.6218,37100
DXPE,13-Jul-2026,161.06,163.6,159.0401,160.2,76600
DXR,13-Jul-2026,10.1101,10.1101,10.1101,10.1101,300
DXST,13-Jul-2026,2.26,2.345,2.2,2.3,37200
DYAI,13-Jul-2026,1.06,1.15,0.98,1.02,218300
DYFI,13-Jul-2026,22.69,22.69,22.685,22.685,500
DYN,13-Jul-2026,23.26,23.77,22.63,23.64,1884700
DYNB,13-Jul-2026,39.11,39.11,39.02,39.025,10300
DYNC,13-Jul-2026,10.79,10.82,10.79,10.8,31000
DYOR,13-Jul-2026,10.051,10.051,10.051,10.051,400
DYTA,13-Jul-2026,31.42,31.42,31.29,31.3,9900
EA,13-Jul-2026,206.5,206.82,206.29,206.35,1385400
EART,13-Jul-2026,26.97,26.9799,26.3678,26.5,23000
EASY,13-Jul-2026,27.43,27.44,27.3599,27.4069,7000
EBAY,13-Jul-2026,117.78,118.13,114.595,115.09,2393800
EBC,13-Jul-2026,22.32,22.46,22.205,22.27,1580500
EBI,13-Jul-2026,65.19,65.2149,65.12,65.2149,3900
EBIZ,13-Jul-2026,29.05,29.22,28.9,28.9,2000
EBMT,13-Jul-2026,23.78,23.7805,23.11,23.46,35200
EBON,13-Jul-2026,2.19,2.2,2.01,2.125,2200
ECBK,13-Jul-2026,20.32,20.32,20.01,20.01,6400
ECHO,13-Jul-2026,94.56,94.88,91.92,92.9,3763600
ECHX,13-Jul-2026,9.45,9.45,8.91,9.0416,214900
ECOR,13-Jul-2026,6.59,6.7731,6.37,6.52,35500
ECOW,13-Jul-2026,27.1,27.12,26.8867,26.905,28400
ECPG,13-Jul-2026,92.23,92.695,90.375,90.91,228400
ECX,13-Jul-2026,1.15,1.19,1.115,1.14,486900
EDBL,13-Jul-2026,4.54,4.73,3.92,4.2,289500
EDBLW,13-Jul-2026,0.0386,0.0455,0.0386,0.0453,13900
EDHL,13-Jul-2026,4.17,4.35,3.8,3.97,22900
EDIT,13-Jul-2026,3.19,3.192,3.04,3.16,2067700
EDRY,13-Jul-2026,22.42,23.48,22.285,22.54,47400
EDSA,13-Jul-2026,7.19,7.1999,6.7,6.81,37900
EDTK,13-Jul-2026,1,1,0.966,0.966,1100
EDUC,13-Jul-2026,1.54,1.57,1.435,1.48,516900
EEE,13-Jul-2026,20.2856,20.2856,20.2856,20.2856,100
EEFT,13-Jul-2026,77.75,78.635,77.5,77.66,473400
EEIQ,13-Jul-2026,2.64,2.64,2.43,2.54,11100
EEMA,13-Jul-2026,113.21,113.21,111.5,111.54,39800
EFAS,13-Jul-2026,21.77,21.77,21.65,21.7354,46200
EFOI,13-Jul-2026,3.05,3.05,2.97,2.97,7900
EFRA,13-Jul-2026,35.4473,35.4473,35.4473,35.4473,100
EFSC,13-Jul-2026,65.59,66.705,65.325,65.87,199700
EFSCP,13-Jul-2026,20,20,20,20,300
EFSI,13-Jul-2026,40.51,41.77,40.51,41.61,92000
EGAN,13-Jul-2026,6.67,6.99,6.65,6.83,286100
EGBN,13-Jul-2026,26.87,27.165,26.62,26.89,341900
EGGQ,13-Jul-2026,55.3,56.215,54.4201,54.8916,4400
EGHA,13-Jul-2026,10.37,10.37,10.32,10.32,25000
EGHAR,13-Jul-2026,0.412,0.4121,0.375,0.4,5800
EGHT,13-Jul-2026,2.02,2.25,2.02,2.22,1938100
EH,13-Jul-2026,5.58,5.67,5.4,5.41,868900
EHGO,13-Jul-2026,2.13,2.84,2.01,2.12,29092300
EHLD,13-Jul-2026,8.34,8.34,8.0001,8.07,1500
EHLS,13-Jul-2026,26.26,26.26,26.1178,26.1178,2100
EHTH,13-Jul-2026,1.62,1.66,1.555,1.58,308800
EIKN,13-Jul-2026,10.5,10.56,10,10.44,191100
EJH,13-Jul-2026,1.6,1.6499,1.5999,1.6499,2500
EKG,13-Jul-2026,19.695,19.695,19.695,19.695,100
ELAB,13-Jul-2026,1.06,1.15,1.03,1.09,3916800
ELBM,13-Jul-2026,0.5652,0.5652,0.542,0.5559,283900
ELDN,13-Jul-2026,3.83,3.88,3.75,3.86,922400
ELE,13-Jul-2026,15.87,15.95,15.07,15.36,382900
ELFY,13-Jul-2026,42.58,42.65,42.09,42.1722,24400
ELIL,13-Jul-2026,30.07,30.71,29.2,30.2772,70100
ELMT,13-Jul-2026,15.81,15.85,14.5249,14.67,307800
ELOG,13-Jul-2026,0.82,0.87,0.8,0.87,5800
ELOX,13-Jul-2026,11.61,12.15,11.25,11.35,40300
ELPW,13-Jul-2026,0.3315,0.447,0.3197,0.369,151053200
ELSE,13-Jul-2026,7.69,7.7,7.69,7.7,3200
ELTK,13-Jul-2026,8.56,8.86,8.5599,8.775,4000
ELTX,13-Jul-2026,3.4,3.48,3.13,3.29,493400
ELUT,13-Jul-2026,0.94,1.02,0.915,0.915,42600
ELVA,13-Jul-2026,8.58,8.58,7.63,7.79,727700
ELVN,13-Jul-2026,50.97,51.03,49.56,50.87,600100
ELVR,13-Jul-2026,62,62.12,60.15,60.5,72000
ELWT,13-Jul-2026,7.42,7.42,6.59,6.67,9300
EMAT,13-Jul-2026,5.7,5.73,5.37,5.49,59900
EMB,13-Jul-2026,95.69,95.91,95.33,95.38,7052500
EMBC,13-Jul-2026,3.2,3.285,3.14,3.21,1300900
EMCB,13-Jul-2026,66.095,66.15,65.91,66.035,3000
EMEM,13-Jul-2026,26.27,26.27,24.9884,24.9884,4000
EMEQ,13-Jul-2026,64.79,64.79,63.6301,63.82,184400
EMIF,13-Jul-2026,26.15,26.1601,25.915,25.915,1000
EML,13-Jul-2026,25.59,26.36,25.59,25.93,22500
EMPD,13-Jul-2026,3.77,3.825,3.5,3.59,479000
EMSC,13-Jul-2026,26.2,26.2,25.1953,25.1953,4900
EMXC,13-Jul-2026,95.32,95.6001,94.08,94.26,2241400
EMXF,13-Jul-2026,56.03,56.13,55.465,55.5,2700
ENDW,13-Jul-2026,33.91,33.91,33.81,33.815,8500
ENGN,13-Jul-2026,1.89,1.89,1.835,1.86,1049300
ENGNW,13-Jul-2026,0.32,0.32,0.32,0.32,2000
ENGS,13-Jul-2026,2.86,2.9,2.71,2.89,666000
ENHI,13-Jul-2026,26.4526,26.4526,26.4526,26.4526,23600
ENHU,13-Jul-2026,27.8853,27.8853,27.8853,27.8853,100
ENLT,13-Jul-2026,84.33,84.385,82.614,82.94,118000
ENLV,13-Jul-2026,7.34,7.4376,6.54,6.67,99400
ENPH,13-Jul-2026,43.8,44.035,42.25,43.06,3033200
ENRD,13-Jul-2026,7,7,6,6.25,106400
ENRDW,13-Jul-2026,0.5006,0.5006,0.4516,0.47,2800
ENSC,13-Jul-2026,0.2673,0.2788,0.2673,0.2755,244300
ENSG,13-Jul-2026,168.59,170.824,168.07,168.39,291600
ENTA,13-Jul-2026,13.6,13.97,13.43,13.64,139400
ENTG,13-Jul-2026,139.52,142.07,135.08,136.27,3120600
ENTX,13-Jul-2026,1.65,1.6652,1.6,1.64,81700
ENVB,13-Jul-2026,1.39,1.425,1.28,1.31,73200
ENVX,13-Jul-2026,5.07,5.19,4.91,4.95,5472900
ENZL,13-Jul-2026,46.25,46.4,45.839,45.97,21700
EOLS,13-Jul-2026,6.61,6.61,6.29,6.52,1316600
EOSE,13-Jul-2026,4.26,4.41,4.055,4.35,30339000
EOSER,13-Jul-2026,0.03,0.0305,0.0175,0.0224,59484400
EPOW,13-Jul-2026,0.54,0.544,0.487,0.5286,89400
EPRX,13-Jul-2026,6.6,6.98,6.25,6.43,191300
EPSM,13-Jul-2026,1.25,1.3499,1.19,1.29,22800
EPSN,13-Jul-2026,5.26,5.51,5.26,5.45,183200
EQ,13-Jul-2026,3.02,3.12,2.83,2.88,1420500
EQIX,13-Jul-2026,1051.21,1054.54,1034.27,1039.53,324100
EQPT,13-Jul-2026,18.48,18.5885,16.55,16.825,3872000
EQRR,13-Jul-2026,81.1,81.1815,80.94,81.1815,1500
ERAS,13-Jul-2026,18.44,18.5,17.632,17.9,2555100
ERET,13-Jul-2026,29.095,29.095,29.095,29.095,200
ERIC,13-Jul-2026,11.52,11.825,11.415,11.72,32343000
ERIE,13-Jul-2026,253.54,258.05,245.81,247.17,212600
ERII,13-Jul-2026,8.73,8.86,8.55,8.66,893400
ERNA,13-Jul-2026,5.86,6,5.505,5.54,20500
ESCA,13-Jul-2026,18.33,19.2,18.33,18.48,31300
ESEA,13-Jul-2026,70.58,72.7,70.56,71.32,48400
ESGD,13-Jul-2026,102.88,103.06,102.0901,102.32,226300
ESGE,13-Jul-2026,52.11,52.26,51.54,51.63,277500
ESGU,13-Jul-2026,165.04,165.41,164.265,164.53,286000
ESLA,13-Jul-2026,0.938,0.97,0.8646,0.8756,21900
ESLT,13-Jul-2026,749.58,749.58,729.2101,735.4,88900
ESMV,13-Jul-2026,30.7956,30.7956,30.7956,30.7956,100
ESN,13-Jul-2026,19.93,19.93,19.86,19.8715,78400
ESOA,13-Jul-2026,16.86,17.17,16.37,16.41,98500
ESPO,13-Jul-2026,91.73,92.42,91.73,91.7765,7000
ESQ,13-Jul-2026,117.51,119.3,116.46,118.71,105400
ESTA,13-Jul-2026,88.03,88.97,86.42,87.9,299800
ETEC,13-Jul-2026,27.44,27.456,27.39,27.456,500
ETHA,13-Jul-2026,13.35,13.47,13.2,13.37,25435700
ETHB,13-Jul-2026,22.76,22.958,22.5,22.8,419500
ETON,13-Jul-2026,36.16,37.5,35,37.34,270600
ETOR,13-Jul-2026,39,39.64,37.59,38.215,1073500
ETS,13-Jul-2026,0.849,0.849,0.8001,0.8001,18800
EU,13-Jul-2026,1.35,1.35,1.22,1.22,4711000
EUDA,13-Jul-2026,10.6609,10.6609,10.35,10.35,600
EUDAW,13-Jul-2026,0.021,0.021,0.021,0.021,100
EUFN,13-Jul-2026,40.14,40.14,39.66,39.73,1435800
EURK,13-Jul-2026,11.44,12.88,11.44,12.88,13600
EVAX,13-Jul-2026,3.22,3.22,3.02,3.02,14500
EVCM,13-Jul-2026,10.21,10.93,9.9622,10.82,212100
EVER,13-Jul-2026,24.66,25.53,24.46,25.48,561600
EVGN,13-Jul-2026,0.5,0.5103,0.46,0.4647,283700
EVGO,13-Jul-2026,1.78,1.8,1.7,1.73,3488300
EVLV,13-Jul-2026,5.88,6.085,5.86,5.98,1326300
EVLVW,13-Jul-2026,0.0011,0.0042,0.0011,0.0042,2331000
EVMT,13-Jul-2026,17.655,17.655,17.655,17.655,200
EVO,13-Jul-2026,2.75,2.78,2.33,2.43,158900
EVOX,13-Jul-2026,10.05,10.06,10.05,10.06,165500
EVPF,13-Jul-2026,50.13,50.22,50.11,50.15,4100
EVRG,13-Jul-2026,86.17,87.2199,85.975,86.45,2322300
EVSD,13-Jul-2026,50.83,50.83,50.71,50.73,100700
EVYM,13-Jul-2026,50.77,50.87,50.688,50.688,9000
EWBC,13-Jul-2026,131.4,131.805,130.22,131.41,928600
EWJV,13-Jul-2026,45.92,45.92,45.575,45.67,175200
EWTX,13-Jul-2026,43.67,44.545,41.18,41.27,1037500
EWZS,13-Jul-2026,13.53,13.53,13.3127,13.3378,350000
EXC,13-Jul-2026,46.96,47.41,46.86,47.09,6721600
EXE,13-Jul-2026,87.69,88.46,86.665,87.1,4020300
EXEL,13-Jul-2026,56.24,56.465,55.08,56.04,2844300
EXFY,13-Jul-2026,1.92,1.9543,1.75,1.79,1199100
EXLS,13-Jul-2026,27.888,28.5,27.48,28.49,2115400
EXOZ,13-Jul-2026,7.665,7.665,6.1283,6.37,12900
EXPE,13-Jul-2026,270.62,274.69,263.5,265.63,1605800
EXPO,13-Jul-2026,62.81,64.5,62.81,63.59,478700
EXTR,13-Jul-2026,33.26,33.46,31.94,32.91,1600000
EXUS,13-Jul-2026,28.31,28.395,28.12,28.16,29900
EXYN,13-Jul-2026,5.7,5.8063,5.4,5.52,45600
EXYNW,13-Jul-2026,1.01,1.2,1,1.01,7800
EYE,13-Jul-2026,19.64,20.28,19.15,19.29,2550500
EYEG,13-Jul-2026,34.7593,34.7593,34.7593,34.7593,100
EYPT,13-Jul-2026,14.45,14.72,13.89,14.28,1122200
EZGO,13-Jul-2026,1.29,1.3699,1.26,1.27,172100
EZMO,13-Jul-2026,26.14,26.18,26.0315,26.0315,5000
EZPW,13-Jul-2026,34,34.445,32.62,32.67,518000
EZRA,13-Jul-2026,2.72,2.74,2.56,2.58,29500
EZRO,13-Jul-2026,24.59,24.67,24.4905,24.4905,900
FA,13-Jul-2026,19.83,20.84,19.83,20.58,1589400
FAAA,13-Jul-2026,50.235,50.24,50.23,50.235,12700
FAAR,13-Jul-2026,31.14,31.41,31.14,31.3591,28100
FAB,13-Jul-2026,102.44,103.5,102.44,102.83,18900
FABC,13-Jul-2026,2.66,2.76,2.55,2.6,214700
FAC,13-Jul-2026,9.26,9.26,4.2401,6,4141600
FACT,13-Jul-2026,10.635,10.635,10.635,10.635,100
FACTW,13-Jul-2026,0.5689,0.6866,0.5689,0.5699,6800
FACWW,13-Jul-2026,1.39,1.56,0.76,0.8,417200
FAD,13-Jul-2026,190.43,190.43,186.74,187.3,7800
FALN,13-Jul-2026,27.08,27.08,26.995,27.005,404100
FAMI,13-Jul-2026,0.2,0.2,0.18,0.19,441400
FANG,13-Jul-2026,185.93,193.18,185.93,191.6,2401700
FAST,13-Jul-2026,47.325,47.65,46.635,47.05,10453800
FATE,13-Jul-2026,3.08,3.23,2.8,3.02,6046400
FATN,13-Jul-2026,5.44,5.5804,4.91,4.96,74900
FBGL,13-Jul-2026,0.55,0.6,0.53,0.6,57700
FBIO,13-Jul-2026,3.32,3.46,3.295,3.3,863000
FBIOP,13-Jul-2026,18.605,19.2951,18.575,18.7,10500
FBIZ,13-Jul-2026,63.27,64.25,63.09,63.7,55900
FBL,13-Jul-2026,28.42,29.63,27.715,27.92,1634600
FBLA,13-Jul-2026,15.06,15.18,15.025,15.07,40200
FBLG,13-Jul-2026,0.9168,0.9168,0.8441,0.8586,66400
FBNC,13-Jul-2026,63.9,64.3734,63.42,64.22,115300
FBOT,13-Jul-2026,38.17,38.18,37.69,37.7469,18900
FBRX,13-Jul-2026,43.6,44.365,40.11,44.12,742800
FBYD,13-Jul-2026,14.53,14.53,12.8279,13.07,122200
FBYY,13-Jul-2026,11.8221,11.8221,11.8221,11.8221,100
FCA,13-Jul-2026,26.27,26.35,26.01,26.14,11200
FCAL,13-Jul-2026,49.5,49.54,49.475,49.475,8300
FCAP,13-Jul-2026,62.15,62.51,60.505,61.89,8400
FCBC,13-Jul-2026,43.91,44.515,43.575,43.94,52100
FCCO,13-Jul-2026,32.25,32.875,32,32.58,51400
FCEF,13-Jul-2026,23.95,24.07,23.95,23.9732,8500
FCEL,13-Jul-2026,20.69,21,18.93,19.08,9506800
FCFS,13-Jul-2026,217.17,219,213.9,214.62,282100
FCHL,13-Jul-2026,1.32,1.32,1.21,1.21,39200
FCLO,13-Jul-2026,50.26,50.26,50.255,50.255,2700
FCNCA,13-Jul-2026,2103.29,2111.22,2085.85,2106.06,85900
FCNCN,13-Jul-2026,25.38,25.38,25.2001,25.315,14500
FCNCO,13-Jul-2026,20.63,20.64,20.55,20.5999,7500
FCNCP,13-Jul-2026,20.33,20.33,20.18,20.255,25900
FCTE,13-Jul-2026,28.91,29.21,28.86,28.8957,31700
FCUV,13-Jul-2026,2.73,3.1,2.5785,2.95,64300
FCVT,13-Jul-2026,51.37,51.37,50.605,50.7205,14100
FCXG,13-Jul-2026,12.23,12.33,11.491,11.6116,10800
FDBC,13-Jul-2026,50.8,52.17,50.8,51.21,4500
FDCF,13-Jul-2026,51.35,51.465,50.74,50.7661,5500
FDFF,13-Jul-2026,34.715,34.745,34.64,34.6968,4200
FDIF,13-Jul-2026,40.11,40.11,39.69,39.7131,7800
FDIG,13-Jul-2026,41.32,42.07,40.77,41.0366,18100
FDIQ,13-Jul-2026,68.73,69.5533,68.73,69.5533,3200
FDIV,13-Jul-2026,28.095,28.11,27.82,27.8421,11400
FDMMU,13-Jul-2026,9.97,9.975,9.95,9.95,67600
FDMT,13-Jul-2026,12.12,12.12,11.23,11.3,632200
FDNI,13-Jul-2026,26.17,27.0551,26.17,26.8072,141400
FDRS,13-Jul-2026,23.9,23.9,23.48,23.48,19900
FDRX,13-Jul-2026,21.3475,21.3475,21.3475,21.3475,100
FDSB,13-Jul-2026,17.33,17.75,17.33,17.45,6100
FDT,13-Jul-2026,90.81,90.84,89.77,90.1199,88900
FDTS,13-Jul-2026,65.0137,65.0137,65.0137,65.0137,100
FDTX,13-Jul-2026,53.71,53.88,52.93,53.15,35400
FDUS,13-Jul-2026,20.26,20.45,20.01,20.11,264200
FEAM,13-Jul-2026,1.3,1.35,1.25,1.29,109600
FEBO,13-Jul-2026,0.81,0.84,0.81,0.81,8000
FEED,13-Jul-2026,0.4908,0.4908,0.43,0.4578,525500
FEIM,13-Jul-2026,56.29,57.29,53.6,54.5,183200
FELE,13-Jul-2026,103.4,104.54,103.01,103.21,189800
FEM,13-Jul-2026,31.7,32.06,31.41,31.44,102900
FEMB,13-Jul-2026,29.62,29.62,29.3057,29.44,69900
FEMS,13-Jul-2026,45.83,45.83,45.03,45.22,8400
FEMY,13-Jul-2026,3.97,4.01,3.39,3.47,35800
FENC,13-Jul-2026,10.59,10.865,10.19,10.75,327200
FEP,13-Jul-2026,57.55,57.57,57.095,57.145,14400
FEPI,13-Jul-2026,42.3,42.5,41.84,41.9758,147600
FER,13-Jul-2026,64.15,64.385,63.45,63.7,1412900
FERA,13-Jul-2026,10.44,10.4401,10.43,10.43,44600
FEUZ,13-Jul-2026,66.28,66.55,66.1075,66.1075,2600
FEX,13-Jul-2026,136.84,137.34,136.3,136.405,18200
FFAI,13-Jul-2026,0.1927,0.1929,0.1653,0.1696,36553800
FFAIW,13-Jul-2026,0.0047,0.0049,0.0041,0.0046,108600
FFBC,13-Jul-2026,34.51,34.66,33.955,34.42,786400
FFIN,13-Jul-2026,34.7,34.865,34.5,34.72,657100
FFIV,13-Jul-2026,426.92,431.66,418.24,420.95,420400
FFUT,13-Jul-2026,59.25,59.63,59.2499,59.595,9900
FGBI,13-Jul-2026,10,10.1,9.88,9.92,51200
FGI,13-Jul-2026,5.03,5.1,4.71,4.71,18800
FGII,13-Jul-2026,9.95,9.95,9.95,9.95,30500
FGIIW,13-Jul-2026,0.2601,0.2801,0.2601,0.2801,3400
FGIWW,13-Jul-2026,0.07,0.07,0.0375,0.0381,10200
FGL,13-Jul-2026,1.34,1.34,1.25,1.29,24300
FGM,13-Jul-2026,62.58,63,62.4327,62.4327,2500
FGMCR,13-Jul-2026,0.8965,0.9001,0.8965,0.9,2600
FGNX,13-Jul-2026,4.78,5.1701,4.7,5.08,150300
FGSI,13-Jul-2026,20.565,20.565,20.56,20.56,100
FHB,13-Jul-2026,28.05,29.265,27.26,29.14,10437000
FHTX,13-Jul-2026,5.94,5.94,5.34,5.44,286100
FIBK,13-Jul-2026,38.94,39.05,38.58,38.83,887800
FICS,13-Jul-2026,41.92,42.1,41.73,41.7578,5600
FID,13-Jul-2026,21.86,21.94,21.7918,21.83,12300
FIEE,13-Jul-2026,3.85,4.2,3.85,4.15,1800
FIGG,13-Jul-2026,19.61,23.7097,19.61,23.3822,309300
FIGR,13-Jul-2026,31.48,31.48,29.23,29.74,2893400
FIGX,13-Jul-2026,10.23,10.23,10.2201,10.2201,100500
FIMU,13-Jul-2026,20.01,20.01,19.97,19.97,300
FINW,13-Jul-2026,14,14.455,13.82,13.97,24700
FINX,13-Jul-2026,25.54,25.9,25.35,25.46,40700
FINY,13-Jul-2026,25.3,25.3,25.3,25.3,100
FIP,13-Jul-2026,4.48,4.6,4.37,4.49,581800
FISI,13-Jul-2026,38.88,39.08,38.552,38.75,129400
FISN,13-Jul-2026,11.35,11.59,10.31,10.37,137800
FISV,13-Jul-2026,51.08,52.21,51.06,51.18,6656300
FIVE,13-Jul-2026,189.31,193.575,189.31,191.53,1232700
FIVN,13-Jul-2026,25.51,26.38,25.305,25.81,1604100
FIXD,13-Jul-2026,43.33,43.5569,43.17,43.175,283600
FIYY,13-Jul-2026,24.295,24.295,24.295,24.295,100
FIZZ,13-Jul-2026,30.56,31.29,30.0101,31.13,1081800
FJP,13-Jul-2026,74.98,75.5,74.895,74.895,5200
FKU,13-Jul-2026,53.4617,53.4617,53.4617,53.4617,100
FKWL,13-Jul-2026,2.45,2.45,2.28,2.31,63400
FLD,13-Jul-2026,0.464,0.49,0.45,0.4675,142700
FLDB,13-Jul-2026,50.34,50.34,50.24,50.2616,2500
FLDDW,13-Jul-2026,0.0782,0.0782,0.0782,0.0782,200
FLEX,13-Jul-2026,132.5,134.79,128.22,129.5,2781100
FLGT,13-Jul-2026,20.37,20.66,20.06,20.42,319600
FLL,13-Jul-2026,2.6,2.6482,2.55,2.58,158900
FLN,13-Jul-2026,25.75,25.75,25.4108,25.4108,1900
FLNA,13-Jul-2026,1.17,1.18,1.12,1.15,306400
FLNC,13-Jul-2026,15.7,15.93,14.96,15.16,7778400
FLNT,13-Jul-2026,3.71,3.77,3.4,3.51,15300
FLUX,13-Jul-2026,0.777,0.777,0.7134,0.7304,50600
FLWS,13-Jul-2026,3.77,3.98,3.77,3.88,244700
FLX,13-Jul-2026,2.1,2.205,2.1,2.18,164700
FLXS,13-Jul-2026,71.3,73.355,70.72,71.5,67400
FLY,13-Jul-2026,23.62,23.8,22.06,22.27,3201300
FLYE,13-Jul-2026,2.04,2.08,2.0118,2.02,1900
FLYW,13-Jul-2026,17.66,18.035,17.64,17.78,1716900
FLZH,13-Jul-2026,1.89,1.89,1.77,1.88,27500
FMAO,13-Jul-2026,29.77,30.3,29.57,30.08,64900
FMB,13-Jul-2026,51.14,51.24,51.14,51.2,239900
FMBH,13-Jul-2026,47.78,48.42,47.5663,48.33,137900
FMED,13-Jul-2026,29.42,29.42,28.78,29.0658,25500
FMET,13-Jul-2026,37.6,37.79,37.3816,37.4381,1300
FMFC,13-Jul-2026,0.28,0.28,0.2503,0.26,154300
FMHI,13-Jul-2026,48.35,48.44,48.31,48.36,188900
FMNB,13-Jul-2026,14.44,14.44,14.2575,14.4,348100
FMST,13-Jul-2026,1.81,1.9,1.71,1.78,139300
FMSTW,13-Jul-2026,0.425,0.45,0.425,0.4301,2400
FMTM,13-Jul-2026,40.25,40.29,39.64,39.8,202500
FMUB,13-Jul-2026,51.3,51.3,51.24,51.2651,19100
FMUN,13-Jul-2026,50.43,50.43,50.31,50.325,5300
FNGR,13-Jul-2026,0.43,0.43,0.37,0.37,374900
FNK,13-Jul-2026,61.36,61.73,61.36,61.6625,2100
FNKO,13-Jul-2026,5.56,5.79,5.54,5.69,533500
FNLC,13-Jul-2026,33.35,33.745,32.64,33.44,30700
FNRN,13-Jul-2026,18.3,18.42,17.9,18.18,177100
FNUC,13-Jul-2026,1.75,1.78,1.62,1.63,178500
FNWB,13-Jul-2026,11.1,11.25,11.05,11.19,29500
FNWD,13-Jul-2026,35.9,36.25,35.875,36.25,2500
FNX,13-Jul-2026,142.65,143.03,141.78,141.98,14500
FNY,13-Jul-2026,104.94,104.94,103.33,103.6171,9200
FOCL,13-Jul-2026,5.42,5.47,5.39,5.43,55900
FOFO,13-Jul-2026,3.24,3.24,3.01,3.16,23400
FORM,13-Jul-2026,112.08,113,108.59,110.3,1034400
FORR,13-Jul-2026,10.06,10.52,9.905,10.19,295100
FOSL,13-Jul-2026,4.13,4.22,4.08,4.12,495800
FOX,13-Jul-2026,49.18,50.665,48.905,50.22,1188700
FOXA,13-Jul-2026,54.76,56.195,54.39,55.9,5362800
FOXF,13-Jul-2026,17.09,17.72,17.09,17.33,419200
FOXX,13-Jul-2026,3.0271,3.13,2.915,2.95,9600
FOXXW,13-Jul-2026,0.0562,0.0703,0.0562,0.0703,1300
FPA,13-Jul-2026,46.5,47.1999,46.13,46.64,16200
FPXE,13-Jul-2026,33.4499,33.4499,33.385,33.385,200
FPXI,13-Jul-2026,73.44,73.44,72.28,72.3611,59700
FRAF,13-Jul-2026,61.95,63.005,61.02,62.24,48400
FRBA,13-Jul-2026,17.3,17.5875,17.2275,17.52,74100
FRBT,13-Jul-2026,20.37,22,19.03,19.46,141800
FRD,13-Jul-2026,34.22,36.305,34.07,34.51,152600
FREI,13-Jul-2026,24.88,24.93,24.85,24.87,21000
FRGT,13-Jul-2026,3.7,4.16,3.65,3.96,66800
FRHC,13-Jul-2026,162.9,172.235,149.445,160.82,222200
FRME,13-Jul-2026,43.2,43.5,43.08,43.3,465500
FRMI,13-Jul-2026,6.53,6.7899,6.05,6.31,21871900
FRMM,13-Jul-2026,5.91,6.6497,5.91,6.48,874400
FROG,13-Jul-2026,91.23,92.36,89.3,92.02,1714800
FRPH,13-Jul-2026,24.1,24.41,23.8901,24.05,57600
FRPT,13-Jul-2026,53.61,58.39,53.55,55.92,1699500
FRSH,13-Jul-2026,10.49,11.005,10.435,10.83,14065600
FRST,13-Jul-2026,15.76,15.78,15.63,15.76,122300
FRSX,13-Jul-2026,1.48,1.53,1.38,1.4,129200
FRTT,13-Jul-2026,1.19,1.19,0.9369,1.02,276900
FRVO,13-Jul-2026,27.16,27.87,25.83,25.86,2586200
FRWD,13-Jul-2026,31.65,32.025,31.47,31.5798,22000
FSBC,13-Jul-2026,47.87,48.18,47.43,47.79,115000
FSBW,13-Jul-2026,43.69,43.98,42.6,42.92,15600
FSCS,13-Jul-2026,37.22,37.22,36.81,36.91,2500
FSEA,13-Jul-2026,16.92,16.92,16.88,16.8801,8000
FSGS,13-Jul-2026,32.1,32.1,32.1,32.1,100
FSHP,13-Jul-2026,11.32,11.32,11.32,11.32,200
FSLR,13-Jul-2026,224.07,226.268,217.19,221.03,1820500
FSLY,13-Jul-2026,19.67,20.59,19.43,20.03,6092000
FSTB,13-Jul-2026,20.01,20.02,20,20.015,6700
FSTR,13-Jul-2026,41.82,42.51,41.13,41.34,64400
FSUN,13-Jul-2026,35.17,35.75,35.05,35.48,249500
FSV,13-Jul-2026,144.23,145,143.0153,143.28,89800
FSZ,13-Jul-2026,81.8846,81.8846,81.8846,81.8846,100
FTA,13-Jul-2026,98.52,99.11,98.52,98.8131,89800
FTAG,13-Jul-2026,29.27,29.27,29.12,29.1886,2600
FTAI,13-Jul-2026,220.67,224.76,209.29,209.88,1329000
FTAIM,13-Jul-2026,27.37,27.37,27.25,27.275,1700
FTC,13-Jul-2026,182.51,182.78,180.33,180.8762,10500
FTCI,13-Jul-2026,5.29,5.46,5.1301,5.28,106100
FTCS,13-Jul-2026,96.78,97.34,96.6403,96.94,523300
FTDR,13-Jul-2026,75.11,76.275,74.45,74.79,506100
FTDS,13-Jul-2026,62.8,62.855,62.72,62.855,900
FTEK,13-Jul-2026,1.69,1.725,1.5899,1.59,126300
FTFT,13-Jul-2026,2.06,2.06,1.81,1.83,204500
FTGC,13-Jul-2026,28.11,28.325,28.0303,28.3,477000
FTGS,13-Jul-2026,37.97,38.06,37.73,37.8285,118300
FTH,13-Jul-2026,34.53,37.9,32.645,33.36,542700
FTHAU,13-Jul-2026,10.24,10.24,10.18,10.22,2100
FTHI,13-Jul-2026,23.93,23.96,23.785,23.82,389300
FTHM,13-Jul-2026,0.941,0.9868,0.886,0.8986,208500
FTLF,13-Jul-2026,11.25,11.25,11.07,11.19,10200
FTNT,13-Jul-2026,157.67,161.95,155.72,160.62,4098900
FTQI,13-Jul-2026,22.29,22.29,22.1455,22.19,177000
FTRE,13-Jul-2026,17.58,17.99,17.445,17.86,802700
FTRI,13-Jul-2026,16.16,16.21,16.115,16.14,10000
FTRK,13-Jul-2026,0.5295,0.7498,0.465,0.5931,154782500
FTSL,13-Jul-2026,44.9,44.93,44.86,44.91,189700
FTSM,13-Jul-2026,59.79,59.8,59.78,59.78,473100
FTXG,13-Jul-2026,22.995,23,22.827,22.827,2500
FTXH,13-Jul-2026,38.08,38.3,38.08,38.2399,15400
FTXL,13-Jul-2026,245.75,247.2,240.12,241.61,211900
FTXN,13-Jul-2026,35.435,36.07,35.43,35.9117,66300
FTXO,13-Jul-2026,42.27,42.27,41.78,42.1454,34800
FTXR,13-Jul-2026,45.27,45.4499,44.96,44.96,31000
FUFU,13-Jul-2026,1.38,1.4,1.33,1.34,49600
FUFUW,13-Jul-2026,0.13,0.1449,0.13,0.1449,84000
FULC,13-Jul-2026,3.5,3.55,3.41,3.54,1721300
FULT,13-Jul-2026,24.11,24.25,23.99,24.17,1487200
FULTP,13-Jul-2026,17.82,17.82,17.7,17.75,17100
FUNC,13-Jul-2026,43.055,45.3,43.055,44.89,25300
FUND,13-Jul-2026,9.76,9.9007,9.68,9.725,42400
FUSB,13-Jul-2026,16.94,16.9821,16.51,16.56,900
FUSE,13-Jul-2026,1.02,1.03,0.9794,1,15000
FUTG,13-Jul-2026,3.3,3.48,3.232,3.345,566000
FUTU,13-Jul-2026,95.33,98.4,94.75,96.35,773000
FV,13-Jul-2026,71.88,72.315,71.08,71.31,45200
FVAV,13-Jul-2026,10.13,10.13,10.11,10.11,700
FVC,13-Jul-2026,41.39,41.39,40.99,41.1849,500
FVCB,13-Jul-2026,17.26,17.59,17.25,17.56,120300
FVN,13-Jul-2026,11,11,10.99,11,251600
FVNNR,13-Jul-2026,0.18,0.19,0.17,0.17,1200
FWDI,13-Jul-2026,4.19,4.19,4.02,4.11,780300
FWONA,13-Jul-2026,88.44,92.98,88.44,91.635,210100
FWONK,13-Jul-2026,96,101.66,95.99,99.64,2820800
FWRD,13-Jul-2026,13.18,13.715,12.6,12.8,454000
FWRG,13-Jul-2026,12.59,12.83,12.15,12.2,793300
FXAC,13-Jul-2026,10.04,10.04,10,10,41400
FXACU,13-Jul-2026,10.06,10.0893,10.06,10.06,4900
FXACW,13-Jul-2026,0.16,0.165,0.15,0.165,247600
FXHO,13-Jul-2026,16.21,17.35,14.8516,15.6,32100
FXNC,13-Jul-2026,29.31,29.825,29.23,29.28,42700
FYC,13-Jul-2026,121.56,121.56,119.8,120.25,37900
FYT,13-Jul-2026,70.2217,70.36,70.1932,70.1932,3700
FYX,13-Jul-2026,141.21,141.98,140.35,140.7964,17800
GABC,13-Jul-2026,46.97,47.6,46.96,47.37,131800
GAIA,13-Jul-2026,2.14,2.18,2.089,2.13,60000
GAIN,13-Jul-2026,16.41,16.675,16.3525,16.44,263900
GAING,13-Jul-2026,25.15,25.18,25.14,25.18,6100
GAINI,13-Jul-2026,25.6,25.645,25.5559,25.6,6200
GAINZ,13-Jul-2026,24,24.08,24,24.08,3600
GALT,13-Jul-2026,4.06,4.82,4.01,4.6,1372300
GAME,13-Jul-2026,0.33,0.3599,0.3201,0.3383,1225200
GANX,13-Jul-2026,1.79,1.85,1.74,1.76,997300
GARY,13-Jul-2026,26.72,26.72,26.28,26.2914,2300
GASS,13-Jul-2026,8.86,9.075,8.68,8.71,133800
GAUZ,13-Jul-2026,0.404,0.404,0.3761,0.3801,6000
GAVA,13-Jul-2026,16.16,16.16,15.7015,15.7015,1600
GBDC,13-Jul-2026,12.98,13.0202,12.89,12.92,866500
GBFH,13-Jul-2026,30.18,31.07,29.66,30.54,61800
GBLI,13-Jul-2026,26.13,26.93,25.5433,26.93,7100
GBUG,13-Jul-2026,38.49,38.57,37.565,37.8622,27000
GCBC,13-Jul-2026,32.45,33.17,31.93,32.84,39100
GCGR,13-Jul-2026,10.14,10.17,10.14,10.14,135300
GCGRU,13-Jul-2026,10.66,10.68,10.49,10.49,1500
GCGRW,13-Jul-2026,0.84,0.84,0.7599,0.7599,20100
GCL,13-Jul-2026,0.425,0.425,0.3808,0.3808,144700
GCMG,13-Jul-2026,13.73,13.82,13.455,13.6,344900
GCT,13-Jul-2026,34.11,35.64,33.82,35.4,747300
GCTK,13-Jul-2026,0.4213,0.499,0.4,0.4636,313300
GDC,13-Jul-2026,1.6,1.6,1.43,1.47,626100
GDEV,13-Jul-2026,12.4,12.4,12.3,12.3,2000
GDHG,13-Jul-2026,1.55,1.65,1.36,1.38,303700
GDRX,13-Jul-2026,2.94,3.1,2.924,3.04,857800
GDS,13-Jul-2026,32.88,32.94,32,32.8,1667500
GDTC,13-Jul-2026,1.0298,1.03,0.9319,0.9604,23700
GDYN,13-Jul-2026,5.86,6.06,5.83,5.91,1122000
GECC,13-Jul-2026,5.24,5.38,5.21,5.3,49400
GECCG,13-Jul-2026,24.95,24.95,24.885,24.885,5300
GEG,13-Jul-2026,2.17,2.19,2.17,2.19,2500
GEGGL,13-Jul-2026,24.8,24.8,24.675,24.675,2000
GEHC,13-Jul-2026,64.52,66.06,64.52,65.31,4025200
GELS,13-Jul-2026,0.5141,0.55,0.5,0.5398,29500
GEME,13-Jul-2026,41.45,41.4651,41.14,41.2091,46700
GEMG,13-Jul-2026,8.37,8.46,8,8.2128,3800
GEMI,13-Jul-2026,4.24,4.325,4.16,4.25,866900
GEN,13-Jul-2026,26.1,26.455,25.96,26.16,3020400
GENB,13-Jul-2026,14.02,14.58,13.68,14.28,531600
GENK,13-Jul-2026,1.925,1.9887,1.75,1.76,26000
GENVR,13-Jul-2026,1.285,1.42,1.285,1.37,2900
GENZ,13-Jul-2026,38.84,38.96,38.53,38.53,1000
GEOS,13-Jul-2026,7.6,8,7.135,7.19,148500
GEQ,13-Jul-2026,51.0574,51.0574,51.0574,51.0574,100
GERN,13-Jul-2026,1.49,1.51,1.41,1.42,7162300
GEVG,13-Jul-2026,30.56,30.56,28.39,28.4316,37100
GEVO,13-Jul-2026,1.46,1.545,1.455,1.49,3856600
GEW,13-Jul-2026,54.897,54.897,54.897,54.897,100
GFAI,13-Jul-2026,0.3965,0.409,0.3602,0.378,268300
GFAIW,13-Jul-2026,0.0452,0.0452,0.043,0.043,600
GFGF,13-Jul-2026,36.24,36.26,36.1798,36.1798,1000
GFLW,13-Jul-2026,32.94,33.15,32.66,32.7884,60700
GFS,13-Jul-2026,67.005,67.5,63.855,63.94,2403500
GFUZ,13-Jul-2026,12.8,14.85,9.12,11,6211900
GFUZW,13-Jul-2026,2.15,2.25,1.75,1.92,315500
GGAL,13-Jul-2026,53.82,54.035,51.41,51.41,747000
GGLL,13-Jul-2026,112.69,113.77,109.68,110.26,579100
GGLS,13-Jul-2026,5.75,5.82,5.7201,5.81,9879500
GGR,13-Jul-2026,3.9699,3.9699,3.88,3.88,3900
GGROW,13-Jul-2026,0.0043,0.0087,0.0043,0.0087,1900
GGRP,13-Jul-2026,0.77,0.79,0.7459,0.75,57000
GH,13-Jul-2026,158.2,160.79,155.5001,158.4,1776000
GHRS,13-Jul-2026,26.32,26.32,25,25.35,196000
GHXIU,13-Jul-2026,10.1154,10.15,10.1154,10.15,700
GIBO,13-Jul-2026,26.34,32.49,26.34,28.5,13100
GIBOW,13-Jul-2026,0.0226,0.0248,0.0226,0.0248,600
GIEQ,13-Jul-2026,41.33,41.33,41.0447,41.0447,2000
GIFT,13-Jul-2026,0.94,0.94,0.885,0.887,12900
GIGM,13-Jul-2026,1.42,1.54,1.38,1.44,26100
GIII,13-Jul-2026,34.75,35.25,34.26,34.5,373300
GILD,13-Jul-2026,129.66,131.67,127.935,131.4,5131500
GILT,13-Jul-2026,11.64,11.91,11.47,11.55,528600
GIND,13-Jul-2026,24.325,24.325,24.2234,24.2234,400
GINX,13-Jul-2026,35.26,35.27,35.17,35.1931,8300
GIPR,13-Jul-2026,1.42,1.46,1.32,1.4,153900
GIPRW,13-Jul-2026,0.0497,0.0497,0.0497,0.0497,200
GITS,13-Jul-2026,2.04,2.04,1.86,1.96,11900
GIX,13-Jul-2026,9.95,9.95,9.94,9.94,57100
GKAT,13-Jul-2026,44.11,44.11,43.7848,43.7848,1200
GLAD,13-Jul-2026,19.75,19.95,19.65,19.82,141400
GLBE,13-Jul-2026,38.49,38.9,37.8,38.68,599500
GLBS,13-Jul-2026,2.69,2.88,2.66,2.765,337800
GLCR,13-Jul-2026,23.23,23.25,23.23,23.25,1100
GLDB,13-Jul-2026,19.3791,19.3791,19.125,19.2,2200
GLDI,13-Jul-2026,143.65,143.65,140.2,140.31,51700
GLE,13-Jul-2026,0.4053,0.426,0.4007,0.426,145700
GLGG,13-Jul-2026,5.99,6.31,5.365,5.527,67200
GLIBA,13-Jul-2026,22.58,23.055,22.2,22.23,76100
GLIBK,13-Jul-2026,22.74,23.15,21.98,22,554200
GLMD,13-Jul-2026,0.55,0.55,0.49,0.5368,67600
GLND,13-Jul-2026,2.11,2.31,2.04,2.2,1089000
GLNDW,13-Jul-2026,0.64,0.6599,0.55,0.57,204000
GLNG,13-Jul-2026,51.42,51.96,50.85,51.07,733600
GLOO,13-Jul-2026,3.05,3.44,3.01,3.16,2607400
GLOW,13-Jul-2026,34.4,34.4,34.23,34.2692,13200
GLPI,13-Jul-2026,43.48,44.07,43.36,44.04,2510200
GLRE,13-Jul-2026,16.64,17.17,16.565,17.13,115500
GLSI,13-Jul-2026,19.6,20,18.22,18.57,109100
GLUE,13-Jul-2026,22.69,23.05,20.925,21.98,1586800
GLWG,13-Jul-2026,22.41,23.62,21.0015,22.26,855100
GLXG,13-Jul-2026,1.42,1.42,1.3,1.3,44800
GLXY,13-Jul-2026,24.4,25.13,23.035,23.35,4746800
GMAB,13-Jul-2026,28.63,29.39,28.5,28.8,4555400
GMEX,13-Jul-2026,2.1,2.17,1.8298,1.87,2269100
GMHS,13-Jul-2026,0.9282,0.9282,0.9015,0.9031,9200
GMM,13-Jul-2026,2.94,3.7,2.9033,3.45,2779100
GNLN,13-Jul-2026,2.5,2.51,2.41,2.4301,7400
GNLX,13-Jul-2026,3,3.03,2.9,2.96,187500
GNMA,13-Jul-2026,43.62,43.8183,43.5901,43.635,15200
GNOM,13-Jul-2026,56.12,56.12,55.11,55.61,119100
GNPX,13-Jul-2026,0.5645,0.5645,0.53,0.5352,96700
GNSS,13-Jul-2026,1.75,1.79,1.66,1.66,132500
GNTA,13-Jul-2026,1.47,1.49,1.3,1.32,95600
GNTX,13-Jul-2026,24.24,24.39,23.895,23.91,1923600
GO,13-Jul-2026,10.09,10.245,9.805,9.91,1566800
GOAI,13-Jul-2026,2.42,2.56,2.3477,2.53,14500
GOGO,13-Jul-2026,3.6,3.69,3.43,3.54,1865200
GOLI,13-Jul-2026,12.55,12.59,12.37,12.455,21400
GOOD,13-Jul-2026,12.5,12.59,12.425,12.54,286100
GOODN,13-Jul-2026,22.53,22.65,22.4,22.65,900
GOODO,13-Jul-2026,20.015,20.07,20.015,20.064,1400
GOOG,13-Jul-2026,353.99,355.75,349.82,350.67,10583500
GOOGL,13-Jul-2026,356.19,358.13,351.75,352.51,15901700
GOOGM,13-Jul-2026,50.59,50.59,49.87,49.96,623700
GOOGN,13-Jul-2026,50.27,50.27,49.61,49.67,1568700
GOSS,13-Jul-2026,0.1697,0.17,0.1403,0.1441,30798200
GOU,13-Jul-2026,28.45,28.57,27.67,27.7988,35400
GOVI,13-Jul-2026,26.76,26.78,26.705,26.72,139200
GOVX,13-Jul-2026,1.17,1.17,1.09,1.11,307800
GP,13-Jul-2026,1.48,1.5,1.4483,1.47,122600
GPAC,13-Jul-2026,10.005,10.01,10.005,10.01,13200
GPACU,13-Jul-2026,10.23,10.23,10.23,10.23,1000
GPACW,13-Jul-2026,0.28,0.28,0.28,0.28,15200
GPAT,13-Jul-2026,11.06,11.06,11.01,11.01,300
GPCR,13-Jul-2026,52.75,53,50.495,51.64,490900
GPIQ,13-Jul-2026,57.55,57.66,57.02,57.15,1226800
GPIX,13-Jul-2026,55.59,55.6295,55.275,55.35,889600
GPRE,13-Jul-2026,17.21,17.66,17.07,17.31,1137000
GPRF,13-Jul-2026,49.83,49.9,49.55,49.73,9800
GPRO,13-Jul-2026,0.75,0.7628,0.705,0.711,5137500
GPT,13-Jul-2026,33.635,33.6753,33.635,33.6753,300
GQQQ,13-Jul-2026,35.38,35.45,35.18,35.1881,9100
GRAB,13-Jul-2026,3.94,4.06,3.92,3.94,38535100
GRABW,13-Jul-2026,0.04,0.041,0.04,0.0409,33700
GRAG,13-Jul-2026,7.53,7.82,7.41,7.4726,15000
GRAL,13-Jul-2026,69.98,73.13,69.45,71.8,367200
GRAN,13-Jul-2026,1.35,1.47,1.31,1.41,88800
GRCE,13-Jul-2026,2.4992,2.4992,2.38,2.43,116700
GRDX,13-Jul-2026,4.45,4.48,4,4.07,31100
GREE,13-Jul-2026,1.93,2.04,1.91,2.03,403900
GREEL,13-Jul-2026,24.18,24.18,24.18,24.18,1500
GRFS,13-Jul-2026,7.16,7.22,7.1,7.2,545700
GRI,13-Jul-2026,1.72,1.72,1.59,1.62,54700
GRID,13-Jul-2026,183.39,183.48,181.005,181.4,387400
GRIN,13-Jul-2026,32.27,32.27,31.92,31.92,18500
GRML,13-Jul-2026,0.2424,0.2424,0.21,0.21,4958400
GRMLW,13-Jul-2026,0.1799,0.21,0.1799,0.21,3200
GRNQ,13-Jul-2026,1.3902,1.45,1.3902,1.4,3000
GROW,13-Jul-2026,2.96,2.99,2.93,2.94,15700
GRPN,13-Jul-2026,25.89,26.6314,22.62,23.54,2688100
GRRR,13-Jul-2026,17.63,17.63,16.23,16.49,1212900
GRRRW,13-Jul-2026,0.3,0.3,0.29,0.2901,3200
GRSD,13-Jul-2026,1.93,2.015,1.89,1.89,468500
GRVY,13-Jul-2026,63.69,65.24,63.2,63.2,23200
GRW,13-Jul-2026,31.82,31.9,31.45,31.495,1200
GRWG,13-Jul-2026,1.5,1.515,1.45,1.45,168300
GSAT,13-Jul-2026,79.79,80.46,79.74,79.83,818600
GSBC,13-Jul-2026,77.76,80.44,76.54,77.55,200600
GSGO,13-Jul-2026,44.12,44.12,43.765,43.779,3300
GSHD,13-Jul-2026,53.54,55.5,52.83,54.87,441600
GSHRW,13-Jul-2026,0.3169,0.3607,0.3,0.3,41400
GSIB,13-Jul-2026,63.32,63.32,61.52,61.649,5200
GSIT,13-Jul-2026,6.45,6.52,6.05,6.06,518200
GSIW,13-Jul-2026,26.89,28.15,26.89,27.3,17500
GSM,13-Jul-2026,3.27,3.355,3.18,3.3,1797700
GSRFR,13-Jul-2026,2.34,2.34,2.2,2.3,1800
GSRFU,13-Jul-2026,10.62,10.62,10.61,10.61,400
GSRV,13-Jul-2026,9.86,9.86,9.86,9.86,152900
GSRVR,13-Jul-2026,1.5,1.66,1.5,1.58,7300
GSRVU,13-Jul-2026,10.06,10.07,10.05,10.07,50600
GSUN,13-Jul-2026,0.3778,0.3922,0.33,0.354,845900
GT,13-Jul-2026,6.8,6.85,6.54,6.64,6235400
GTBP,13-Jul-2026,0.4106,0.425,0.373,0.3877,1720500
GTEC,13-Jul-2026,0.55,0.57,0.54,0.5534,57600
GTEN,13-Jul-2026,10.52,10.52,10.47,10.495,16500
GTENW,13-Jul-2026,0.85,0.85,0.85,0.85,50000
GTIM,13-Jul-2026,1.43,1.4599,1.41,1.44,5600
GTLB,13-Jul-2026,32.9,33.87,32.355,33.47,3669300
GTM,13-Jul-2026,2.96,3.22,2.94,3.08,10942200
GTOP,13-Jul-2026,48.88,48.98,48.16,48.33,42900
GTOQ,13-Jul-2026,22.32,22.32,22.285,22.285,3200
GTPE,13-Jul-2026,60.4,60.4,60.1091,60.1091,700
GTR,13-Jul-2026,27.17,27.25,27.09,27.115,10500
GTX,13-Jul-2026,32.05,32.08,31.03,31.5,1865200
GUAC,13-Jul-2026,9.93,9.95,9.93,9.95,6500
GUACU,13-Jul-2026,10.17,10.23,10.17,10.17,4200
GUACW,13-Jul-2026,0.7442,0.75,0.65,0.7399,2200
GURE,13-Jul-2026,3.51,3.8,3.44,3.792,3200
GUSE,13-Jul-2026,45.08,45.2801,45.0721,45.1057,3100
GUTS,13-Jul-2026,0.7984,0.809,0.7586,0.7617,585700
GV,13-Jul-2026,0.1766,0.1799,0.175,0.177,111900
GVH,13-Jul-2026,4.31,4.62,4.0753,4.62,20600
GVLE,13-Jul-2026,47.19,47.2,47.0645,47.0645,3100
GWAV,13-Jul-2026,2.96,3.0056,2.81,2.94,12700
GWRS,13-Jul-2026,7.03,7.12,6.9828,7.11,134300
GXAI,13-Jul-2026,1.12,1.16,1.12,1.12,211500
GXDW,13-Jul-2026,24.41,24.41,23.92,24.0134,1800
GYRE,13-Jul-2026,6.49,6.52,6.3,6.34,65800
HACQ,13-Jul-2026,10.06,10.07,10.06,10.07,501500
HAFC,13-Jul-2026,32.13,32.41,31.94,32.28,340900
HAIN,13-Jul-2026,0.5729,0.6147,0.5591,0.5624,601700
HALO,13-Jul-2026,75.94,76.99,74.515,76.11,1822500
HAO,13-Jul-2026,0.2572,0.3087,0.235,0.2655,9079000
HAPN,13-Jul-2026,20.35,20.4,19.5,19.61,1211700
HAS,13-Jul-2026,79.21,81.26,79.21,79.53,1505700
HBAN,13-Jul-2026,17.96,17.995,17.77,17.93,14206300
HBANL,13-Jul-2026,24.99,24.99,24.86,24.97,18000
HBANM,13-Jul-2026,20.73,20.74,20.01,20.69,52700
HBANP,13-Jul-2026,16.06,16.15,16,16.15,115400
HBANZ,13-Jul-2026,19.7,19.75,19.61,19.7099,25600
HBCP,13-Jul-2026,68.22,69.32,67.645,68.85,98300
HBDC,13-Jul-2026,24.59,24.81,24.59,24.72,2700
HBIO,13-Jul-2026,6.11,6.36,6.1,6.12,9300
HBNB,13-Jul-2026,5.32,5.32,5.3,5.3,3000
HBNC,13-Jul-2026,19.72,19.77,19.42,19.75,457700
HBR,13-Jul-2026,9.13,9.169,8.9801,9.03,53800
HBT,13-Jul-2026,31.98,32.29,31.61,32.04,146100
HCAC,13-Jul-2026,10.06,10.06,10.05,10.05,1049800
HCAI,13-Jul-2026,7.46,10.49,7.4,7.75,156100
HCAT,13-Jul-2026,2.3,2.34,2.24,2.29,1024900
HCICR,13-Jul-2026,0.19,0.19,0.186,0.19,2200
HCKT,13-Jul-2026,10.23,10.765,10.23,10.61,514900
HCM,13-Jul-2026,11.06,11.2,11.06,11.14,38300
HCMAU,13-Jul-2026,10.48,10.48,10.46,10.46,400
HCOW,13-Jul-2026,24.25,24.26,24.0901,24.2148,9400
HCSG,13-Jul-2026,23.91,24.31,23.82,24.04,504900
HCTI,13-Jul-2026,1.72,1.8,1.72,1.77,56200
HCWB,13-Jul-2026,4.6,4.615,4.42,4.42,37500
HDRN,13-Jul-2026,2.01,2.02,1.88,1.95,85000
HDRNW,13-Jul-2026,0.1874,0.1878,0.1177,0.1589,29200
HDSN,13-Jul-2026,6.43,6.48,6.06,6.2,705400
HEAL,13-Jul-2026,28.31,28.66,28.08,28.49,3000
HECO,13-Jul-2026,64.6501,64.7448,64.6501,64.7448,300
HELE,13-Jul-2026,26.71,28.75,26.69,27.74,799000
HELP,13-Jul-2026,6.85,7.11,6.5,6.7,2073000
HEPS,13-Jul-2026,2.98,2.99,2.95,2.96,40700
HEQQ,13-Jul-2026,60.69,60.69,60.5503,60.5503,300
HERD,13-Jul-2026,48.18,48.2622,48.0602,48.0728,6400
HERE,13-Jul-2026,1.81,1.9,1.78,1.79,68400
HERO,13-Jul-2026,25.25,25.41,25.06,25.205,6500
HERZ,13-Jul-2026,17.335,17.3495,17.01,17.01,6800
HFBL,13-Jul-2026,22.18,22.23,22.18,22.23,400
HFFG,13-Jul-2026,1.67,1.77,1.64,1.69,126600
HFSP,13-Jul-2026,13.72,13.72,13.72,13.72,100
HFWA,13-Jul-2026,29.52,29.875,29.365,29.81,448500
HGBL,13-Jul-2026,1.24,1.26,1.24,1.24,19000
HHS,13-Jul-2026,2.415,2.415,2.415,2.415,1300
HIDE,13-Jul-2026,24.2,24.275,24.1201,24.1894,75300
HIFS,13-Jul-2026,290.74,294.74,286.53,289.57,31400
HIHO,13-Jul-2026,0.7991,0.85,0.7991,0.85,20100
HIMX,13-Jul-2026,14.7,14.83,14.09,14.27,1712200
HIMZ,13-Jul-2026,47.03,49.53,45.125,47.2614,190100
HIND,13-Jul-2026,2.22,2.24,2.18,2.24,15200
HIS,13-Jul-2026,25.44,25.46,25.3486,25.3641,14300
HISF,13-Jul-2026,44.13,44.1499,44.08,44.08,2000
HIT,13-Jul-2026,1.06,1.06,1.02,1.06,33000
HITI,13-Jul-2026,2.23,2.23,2.18,2.18,218000
HIVE,13-Jul-2026,3.26,3.305,3.12,3.19,13406400
HKIT,13-Jul-2026,4.11,4.205,3.72,3.92,74000
HKPD,13-Jul-2026,0.4445,0.4445,0.4305,0.4305,9000
HLAL,13-Jul-2026,71.52,71.655,70.97,71.08,50400
HLIT,13-Jul-2026,13.75,13.935,13.47,13.67,1878700
HLMN,13-Jul-2026,7.76,8.26,7.76,7.86,1673900
HLNE,13-Jul-2026,81.74,82.74,80.52,81.06,460000
HLP,13-Jul-2026,1.17,1.26,1.1093,1.16,416200
HMH,13-Jul-2026,20.06,20.33,19.7,19.91,86600
HMR,13-Jul-2026,1.09,1.17,1.08,1.1,75100
HMYY,13-Jul-2026,6.63,6.6827,6.63,6.6577,2600
HNDL,13-Jul-2026,22.89,22.89,22.7701,22.7949,22200
HNNA,13-Jul-2026,10.15,10.15,9.99,10.03,1700
HNRG,13-Jul-2026,16.94,17.203,16.4401,16.68,415700
HNST,13-Jul-2026,4.01,4.0599,3.86,3.9,1170200
HNVR,13-Jul-2026,23.69,24.79,23.69,24.51,68900
HODO,13-Jul-2026,1.38,1.38,1.19,1.22,128600
HODU,13-Jul-2026,14.84,15.6,14.41,14.64,79300
HOFT,13-Jul-2026,15.06,15.34,14.68,14.96,83400
HOLO,13-Jul-2026,1.46,1.4802,1.43,1.45,366800
HOLOW,13-Jul-2026,0.0801,0.0801,0.08,0.08,600
HON,13-Jul-2026,225.95,226.8699,220.39,222.25,2585800
HONA,13-Jul-2026,220.66,221.59,210.23,213.05,2956600
HOOD,13-Jul-2026,111.27,113.7,108.84,109.86,18222300
HOOG,13-Jul-2026,35.92,38,34.89,35.54,200200
HOOX,13-Jul-2026,41.23,42.6,39.4402,40.0488,37200
HOPE,13-Jul-2026,13.44,13.51,13.315,13.44,755000
HOUR,13-Jul-2026,2.18,2.18,1.97,2.07,87200
HOVNP,13-Jul-2026,20.7,20.7,20.6,20.6,5300
HOVR,13-Jul-2026,1.75,1.77,1.684,1.72,713200
HOVRW,13-Jul-2026,0.3631,0.3798,0.335,0.3512,23500
HOWL,13-Jul-2026,0.41,0.419,0.3343,0.3415,1052000
HOYY,13-Jul-2026,5.61,5.65,5.58,5.6,25900
HPAI,13-Jul-2026,0.6209,0.6312,0.6,0.6266,45200
HPK,13-Jul-2026,7.15,7.48,7.15,7.35,628200
HQ,13-Jul-2026,22.11,23.035,20.96,21.38,448600
HQGO,13-Jul-2026,66.21,66.21,65.6373,65.6373,300
HQI,13-Jul-2026,12.59,13.025,12.565,12.95,6800
HQWWW,13-Jul-2026,9.49,11.55,9.49,10.23,215900
HQY,13-Jul-2026,94.5,96.4,94.335,95.66,939400
HRMY,13-Jul-2026,36.79,36.96,35.37,35.54,669600
HROW,13-Jul-2026,41.96,42.44,41.4,41.81,289300
HRTS,13-Jul-2026,36.415,36.44,36.31,36.3975,2900
HRTX,13-Jul-2026,0.41,0.42,0.3944,0.4169,6180200
HRZN,13-Jul-2026,4.68,4.72,4.64,4.66,611100
HSAI,13-Jul-2026,15.81,15.97,14.91,15.13,1822100
HSCS,13-Jul-2026,2.74,2.75,2.6,2.64,32500
HSDT,13-Jul-2026,1.72,1.75,1.66,1.71,227600
HSIC,13-Jul-2026,84.59,85.84,84.59,85.79,1121800
HST,13-Jul-2026,23.17,23.34,22.985,23.07,8577800
HSTM,13-Jul-2026,28,29.14,27.89,28.72,171600
HTCO,13-Jul-2026,3.2,3.2,2.97,3.09,92100
HTCR,13-Jul-2026,3.05,3.0734,2.96,2.97,33200
HTFL,13-Jul-2026,26.82,27.36,26.04,26.16,1075500
HTHT,13-Jul-2026,42.118,42.118,40.71,40.88,993700
HTLD,13-Jul-2026,14.91,15.09,14.835,14.87,452900
HTLM,13-Jul-2026,1.8117,1.89,1.8117,1.845,8200
HTO,13-Jul-2026,61.87,62.55,61.67,62.47,1093700
HTOO,13-Jul-2026,2.6157,2.639,2.56,2.56,1400
HTZ,13-Jul-2026,2.045,2.0599,1.83,1.83,26667700
HTZWW,13-Jul-2026,0.9457,0.9457,0.82,0.861,252800
HUBC,13-Jul-2026,1.31,1.32,1.27,1.31,173300
HUBCW,13-Jul-2026,0.0132,0.0169,0.0132,0.015,71700
HUBCZ,13-Jul-2026,0.018,0.0234,0.0142,0.0142,32900
HUBG,13-Jul-2026,46.2,47.81,46.2,47.69,583400
HUDI,13-Jul-2026,0.81,0.84,0.8,0.8083,7500
HUHU,13-Jul-2026,6.66,6.75,5.27,5.83,26200
HUIZ,13-Jul-2026,1.22,1.31,1.12,1.16,5600
HUMA,13-Jul-2026,0.691,0.7099,0.68,0.6912,7649700
HUMAW,13-Jul-2026,0.0099,0.01,0.0076,0.0094,13400
HURA,13-Jul-2026,2.36,2.6,2.24,2.38,770300
HURC,13-Jul-2026,23.46,23.46,22.4964,22.87,40100
HURN,13-Jul-2026,107.55,112.99,107.55,111.23,363600
HUT,13-Jul-2026,100.28,102.28,95.825,99.17,2563600
HUTG,13-Jul-2026,21.3,22.8,20.24,21.6787,11900
HVII,13-Jul-2026,10.4685,10.4685,10.4685,10.4685,900
HVMC,13-Jul-2026,10.16,10.17,10.16,10.17,700
HWAY,13-Jul-2026,37.625,37.625,37.43,37.43,700
HWBK,13-Jul-2026,38.82,39.19,38.72,38.87,12200
HWC,13-Jul-2026,75.63,76.09,75.22,75.94,786500
HWCPZ,13-Jul-2026,21.8,21.99,21.59,21.74,21500
HWH,13-Jul-2026,1.2,1.2,1.16,1.17,10900
HWKN,13-Jul-2026,134.28,137.08,131.41,133.87,130600
HWSM,13-Jul-2026,30.9926,30.9926,30.9926,30.9926,100
HXHX,13-Jul-2026,0.4952,0.575,0.4828,0.575,43300
HYBI,13-Jul-2026,49.345,49.345,49.22,49.2621,18700
HYDR,13-Jul-2026,44.67,45.4,43.91,44.3661,32800
HYFM,13-Jul-2026,0.8,0.84,0.72,0.75,40800
HYFT,13-Jul-2026,1.4,1.445,1.361,1.41,155600
HYLS,13-Jul-2026,40.75,40.9,40.65,40.69,195300
HYMC,13-Jul-2026,20.85,21.15,19.75,20.43,1696400
HYNE,13-Jul-2026,16.59,16.63,16.53,16.6,7300
HYP,13-Jul-2026,28.32,28.44,27.93,27.9523,8900
HYPD,13-Jul-2026,3.03,3.08,2.9,2.97,168800
HYPG,13-Jul-2026,22.69,22.7414,22.38,22.516,55300
HYPR,13-Jul-2026,1.09,1.091,1.03,1.05,1053600
HYXF,13-Jul-2026,46.4,46.53,46.3005,46.385,8500
HYZD,13-Jul-2026,22.58,22.62,22.58,22.595,15900
IACO,13-Jul-2026,9.94,9.94,9.94,9.94,800
IACOW,13-Jul-2026,0.4,0.4,0.4,0.4,5400
IACQ,13-Jul-2026,9.98,9.98,9.965,9.98,89900
IALT,13-Jul-2026,28.47,28.5,28.21,28.36,882000
IART,13-Jul-2026,18.67,18.91,18.18,18.58,803300
IBAC,13-Jul-2026,10.79,10.79,10.75,10.79,1600
IBACR,13-Jul-2026,0.1153,0.1153,0.1153,0.1153,700
IBAT,13-Jul-2026,40.8,40.8377,40.4,40.4193,16700
IBB,13-Jul-2026,191.17,191.17,187.91,189.55,1941400
IBBQ,13-Jul-2026,33,33,32.34,32.61,22500
IBCP,13-Jul-2026,36.01,36.3,35.67,36.22,204900
IBEX,13-Jul-2026,33.14,34.535,33.14,34.4,81700
IBG,13-Jul-2026,1.01,1.045,0.9241,0.99,126500
IBGA,13-Jul-2026,23.8901,23.8988,23.845,23.845,6800
IBGB,13-Jul-2026,23.82,23.82,23.7848,23.7848,100
IBGC,13-Jul-2026,24.41,24.41,24.39,24.39,100
IBGK,13-Jul-2026,22.7545,22.7545,22.72,22.72,2000
IBGL,13-Jul-2026,23.36,23.36,23.36,23.36,100
IBGM,13-Jul-2026,24.28,24.28,24.28,24.28,100
IBIO,13-Jul-2026,1.48,1.56,1.445,1.45,1076500
IBIT,13-Jul-2026,35.37,35.625,34.96,35.22,38048900
IBKR,13-Jul-2026,93.21,94.8,92.405,93.56,3391100
IBOC,13-Jul-2026,75.82,76.345,75.16,75.87,306400
IBOT,13-Jul-2026,65.27,65.27,64.305,64.442,21900
IBRX,13-Jul-2026,8.05,8.16,7.73,7.79,9894800
IBTG,13-Jul-2026,22.85,22.86,22.85,22.85,338600
IBTH,13-Jul-2026,22.33,22.33,22.31,22.32,248400
IBTI,13-Jul-2026,22.07,22.07,22.04,22.045,250200
IBTJ,13-Jul-2026,21.55,21.55,21.52,21.53,224000
IBTK,13-Jul-2026,19.42,19.42,19.38,19.4,282400
IBTL,13-Jul-2026,20.03,20.0381,19.9902,20.005,131200
IBTM,13-Jul-2026,22.5,22.505,22.45,22.455,49900
IBTO,13-Jul-2026,23.89,23.89,23.83,23.835,66600
IBTP,13-Jul-2026,25.12,25.12,25.0503,25.055,48600
IBTQ,13-Jul-2026,24.785,24.7879,24.725,24.725,23400
IBTR,13-Jul-2026,24.61,24.61,24.525,24.525,16100
ICCC,13-Jul-2026,10.95,11.19,10.95,11.08,29400
ICCM,13-Jul-2026,3.61,3.715,3.365,3.54,99300
ICFI,13-Jul-2026,77.56,80.43,77.525,79.13,401000
ICG,13-Jul-2026,0.94,1.02,0.93,1,558000
ICHR,13-Jul-2026,96,96.93,90.26,90.41,867200
ICLN,13-Jul-2026,18.935,19.02,18.55,18.625,3511600
ICLR,13-Jul-2026,165.75,168.135,164.32,166.1,401500
ICMB,13-Jul-2026,0.92,0.92,0.8701,0.88,53400
ICON,13-Jul-2026,0.9844,0.9844,0.93,0.9396,35800
ICOP,13-Jul-2026,48.53,48.58,47.3871,47.5595,55100
ICU,13-Jul-2026,4.96,5.05,4.6601,4.79,49300
ICUCW,13-Jul-2026,0.0184,0.0259,0.0184,0.0258,6000
ICUI,13-Jul-2026,154.52,157.64,154.31,157.6,155800
IDAC,13-Jul-2026,9.9,9.95,9.9,9.95,11500
IDACU,13-Jul-2026,10.19,10.19,10.1,10.1,5600
IDACW,13-Jul-2026,0.37,0.4398,0.3697,0.4398,84500
IDAI,13-Jul-2026,2.27,2.39,2.2545,2.29,31500
IDCC,13-Jul-2026,262.62,267.345,257,261.52,360200
IDEF,13-Jul-2026,31.88,31.88,31.2901,31.41,481300
IDN,13-Jul-2026,4.11,4.175,4.05,4.1,180000
IDVY,13-Jul-2026,25.7456,25.7456,25.7456,25.7456,100
IDXX,13-Jul-2026,560.36,571.545,557.645,564.21,522900
IDYA,13-Jul-2026,36.43,36.48,35.435,36.15,653400
IEAGR,13-Jul-2026,0.2181,0.2181,0.217,0.217,200
IEF,13-Jul-2026,93.5,93.52,93.261,93.29,5769700
IEI,13-Jul-2026,116.66,116.6683,116.43,116.45,1419900
IEP,13-Jul-2026,7.53,7.635,7.5,7.525,573600
IESC,13-Jul-2026,614.6,624.37,595.45,602.91,172700
IEUS,13-Jul-2026,69.92,70.15,69.38,69.39,3300
IFBD,13-Jul-2026,1.18,1.18,1.1101,1.16,2100
IFGL,13-Jul-2026,22.49,22.65,22.414,22.42,7600
IFLO,13-Jul-2026,33.43,33.49,33.35,33.3532,10600
IFRX,13-Jul-2026,2.03,2.1,1.96,2.06,1720600
IFV,13-Jul-2026,25.57,25.63,25.32,25.345,35100
IGF,13-Jul-2026,67.1,67.31,67,67.01,395300
IGIB,13-Jul-2026,52.55,52.595,52.41,52.42,1975900
IGIC,13-Jul-2026,28.4,28.84,28.145,28.53,147300
IGOV,13-Jul-2026,40.84,40.84,40.3701,40.58,202400
IGSB,13-Jul-2026,52.12,52.15,52.035,52.04,2439900
IHRT,13-Jul-2026,4.06,4.2528,4,4.02,764200
III,13-Jul-2026,3.95,4.145,3.94,4.07,316400
IIIV,13-Jul-2026,21.24,21.62,21.02,21.2,266200
IJT,13-Jul-2026,173.89,173.895,172.17,172.55,188600
IKT,13-Jul-2026,2.03,2.05,1.95,1.96,356700
ILAG,13-Jul-2026,3.7402,3.84,3.73,3.828,11600
ILIT,13-Jul-2026,14.93,14.93,14.64,14.7342,17900
ILLR,13-Jul-2026,2.24,2.42,1.9,2.13,657000
ILLRW,13-Jul-2026,0.0471,0.0471,0.0471,0.0471,300
ILLUW,13-Jul-2026,0.5025,0.52,0.5025,0.52,600
ILMN,13-Jul-2026,188.52,190.71,186.2929,190.05,1198900
ILPT,13-Jul-2026,8.97,9.04,8.72,8.72,445500
IMA,13-Jul-2026,5.83,6.2999,5.83,6.11,12500
IMCC,13-Jul-2026,0.1518,0.1545,0.1418,0.1475,393100
IMCR,13-Jul-2026,31.71,33.285,30.29,32.49,896400
IMCV,13-Jul-2026,93.51,94.5299,93.51,94.0247,28700
IMDX,13-Jul-2026,5.02,5.02,4.39,4.59,569700
IMKTA,13-Jul-2026,90.94,91.6,89.165,90.71,133400
IMMP,13-Jul-2026,0.4215,0.4538,0.4215,0.4505,460900
IMMR,13-Jul-2026,6.72,6.88,6.65,6.77,385600
IMMX,13-Jul-2026,11.19,11.19,10.36,10.52,1250300
IMNM,13-Jul-2026,23.12,23.12,22.19,22.8,986500
IMNN,13-Jul-2026,2.04,2.0584,1.9,1.96,25200
IMOM,13-Jul-2026,41.52,41.7,41.3555,41.4244,15900
IMOS,13-Jul-2026,72.63,72.63,68.8241,69.14,138000
IMPP,13-Jul-2026,4.99,5.1,4.885,4.89,251500
IMPPP,13-Jul-2026,26.07,26.1,26.07,26.0999,300
IMRN,13-Jul-2026,1.21,1.3,1.19,1.22,25700
IMRX,13-Jul-2026,5.07,5.175,4.93,5.16,703900
IMSR,13-Jul-2026,5.8,5.8,5.265,5.395,2564600
IMSRW,13-Jul-2026,2.47,2.63,2.1,2.18,31100
IMTE,13-Jul-2026,0.5175,0.5175,0.473,0.4904,16300
IMTX,13-Jul-2026,9.53,9.7,9.2,9.23,178900
IMUX,13-Jul-2026,14.74,14.87,14.19,14.64,251900
IMVT,13-Jul-2026,39.24,39.335,37.53,38.7,806400
IMXI,13-Jul-2026,14.5,14.5,13.94,14,285800
INAB,13-Jul-2026,1.32,1.38,1.32,1.34,76100
INAC,13-Jul-2026,10.26,10.26,10.26,10.26,15000
INACR,13-Jul-2026,0.14,0.14,0.14,0.14,1400
INACU,13-Jul-2026,10.33,10.33,10.33,10.33,100
INBK,13-Jul-2026,26.41,26.47,26.05,26.17,15200
INBS,13-Jul-2026,2.24,2.35,2.15,2.3,195500
INBX,13-Jul-2026,90.85,94.38,88.77,92.165,233300
INCR,13-Jul-2026,0.97,1,0.91,0.95,18500
INCY,13-Jul-2026,115.97,116.02,113.8,114.23,1481000
IND,13-Jul-2026,22.84,22.84,22.815,22.815,500
INDB,13-Jul-2026,84.06,84.12,83.3,83.45,285200
INDH,13-Jul-2026,39.24,39.24,39.0076,39.0076,400
INDI,13-Jul-2026,4.33,4.44,4.09,4.12,4393600
INDP,13-Jul-2026,2.63,2.71,2.5101,2.63,40200
INDQ,13-Jul-2026,25.6199,25.6199,25.6199,25.6199,100
INDV,13-Jul-2026,40,40.47,39.25,40.21,1234600
INDY,13-Jul-2026,43.24,43.29,42.93,43.02,142100
INEO,13-Jul-2026,0.7269,0.7329,0.678,0.7329,100700
INGN,13-Jul-2026,6.52,6.8,6.5075,6.54,272300
INIO,13-Jul-2026,33,33.291,31.51,31.58,2658800
INKT,13-Jul-2026,10.72,11.4883,10.72,11.15,10500
INLF,13-Jul-2026,3.28,3.34,2.86,2.95,238400
INM,13-Jul-2026,1.64,1.64,1.57,1.57,6100
INMB,13-Jul-2026,1.88,1.99,1.81,1.86,1077800
INMD,13-Jul-2026,15.2,15.285,15.0794,15.15,693000
INNV,13-Jul-2026,11.47,11.93,11.22,11.27,288500
INO,13-Jul-2026,1.15,1.21,1.144,1.16,1122900
INOD,13-Jul-2026,66.84,69.3762,66,68.12,901800
INRO,13-Jul-2026,36.275,36.275,36.0784,36.0784,3900
INSE,13-Jul-2026,7.28,7.53,7.23,7.29,101500
INSG,13-Jul-2026,8.7,8.77,8.295,8.32,216900
INSM,13-Jul-2026,114.25,115.55,108.02,109.14,2825200
INTA,13-Jul-2026,28.48,29.05,28.07,28.56,706200
INTC,13-Jul-2026,105.98,106.17,101.79,103.12,100988700
INTG,13-Jul-2026,39.1,43.85,39.1,42.6,110600
INTJ,13-Jul-2026,3.67,3.78,3.47,3.78,12300
INTR,13-Jul-2026,5.76,5.79,5.6,5.65,3977300
INTS,13-Jul-2026,4.845,4.95,4.8005,4.92,46200
INTU,13-Jul-2026,278.7,296,278.7,289.76,6564700
INTW,13-Jul-2026,28.2,28.36,25.95,26.68,2848600
INTZ,13-Jul-2026,0.939,1.065,0.8551,1.02,1314700
INV,13-Jul-2026,4.93,4.96,4.4301,4.465,1105900
INVA,13-Jul-2026,22.26,22.675,22.155,22.21,592200
INVE,13-Jul-2026,2.94,2.97,2.83,2.87,185500
INVZ,13-Jul-2026,0.62,0.6232,0.5803,0.5848,2709600
IONL,13-Jul-2026,16.62,16.62,13.78,14.02,753900
IONR,13-Jul-2026,4.07,4.08,3.86,3.93,91400
IONS,13-Jul-2026,57.91,57.91,56.11,56.75,5097900
IONX,13-Jul-2026,30.92,30.93,25.75,26.16,1537800
IONZ,13-Jul-2026,3.98,4.585,3.97,4.53,13914800
IOSP,13-Jul-2026,81.93,82.89,81.3901,82.03,101600
IOTR,13-Jul-2026,3.24,3.28,2.73,3.2,64900
IOVA,13-Jul-2026,4.16,4.17,4,4.04,13326200
IOYY,13-Jul-2026,7.48,7.5,7.31,7.36,51300
IPAR,13-Jul-2026,119.01,121.59,117.01,118.47,207900
IPCX,13-Jul-2026,10.4,10.4,10.39,10.39,40100
IPCXR,13-Jul-2026,0.46,0.46,0.45,0.45,6500
IPDN,13-Jul-2026,0.5625,0.57,0.5146,0.532,53200
IPEX,13-Jul-2026,10.51,10.51,10.51,10.51,100
IPFX,13-Jul-2026,10.29,10.29,10.2111,10.23,5100
IPFXU,13-Jul-2026,10.8,10.8,10.68,10.68,800
IPGP,13-Jul-2026,105.45,106.88,104.26,104.73,256900
IPHA,13-Jul-2026,1.78,1.84,1.74,1.79,11900
IPKW,13-Jul-2026,58.1,58.265,57.92,58.0272,11500
IPM,13-Jul-2026,1.75,1.78,1.75,1.78,7200
IPSC,13-Jul-2026,2.24,2.24,2.08,2.2,1712000
IPST,13-Jul-2026,2.4,2.52,2.3,2.34,60200
IPVVU,13-Jul-2026,9.94,9.94,9.94,9.94,70300
IPW,13-Jul-2026,1.49,1.49,1.12,1.21,494800
IPWR,13-Jul-2026,4.42,4.7,4.42,4.67,305000
IPX,13-Jul-2026,25.56,25.68,24.59,24.67,414900
IQ,13-Jul-2026,1.13,1.16,1.13,1.13,4736900
IQMX,13-Jul-2026,12.57,12.94,11.7,11.7,562000
IQMXW,13-Jul-2026,4.58,5,4.23,4.23,145400
IQQ,13-Jul-2026,24.33,24.33,24.02,24.09,1520500
IQQQ,13-Jul-2026,49.59,49.59,48.6,48.7209,44900
IQST,13-Jul-2026,1.01,1.1,0.99,1.06,661300
IRD,13-Jul-2026,3.9,3.9065,3.76,3.81,895000
IRDM,13-Jul-2026,50.45,50.69,48.38,48.59,1718700
IREG,13-Jul-2026,9.54,10.55,8.59,9.05,514000
IREN,13-Jul-2026,40.34,42.17,38.08,38.98,36157600
IRHO,13-Jul-2026,10.05,10.05,10.03,10.03,27400
IRHOR,13-Jul-2026,0.2,0.2,0.1874,0.1874,200
IRIX,13-Jul-2026,1.1,1.105,1.07,1.07,46900
IRMD,13-Jul-2026,97.4,98.23,96.39,97.69,136300
IRON,13-Jul-2026,76.05,77.985,72.37,75.98,496300
IRTC,13-Jul-2026,117.54,118.74,115.11,118.68,617000
IRWD,13-Jul-2026,4.38,4.39,4.14,4.21,2268600
ISBA,13-Jul-2026,38.92,39.72,38.49,39.46,116200
ISHG,13-Jul-2026,74.34,74.34,73.86,73.9518,32300
ISHP,13-Jul-2026,34.3857,34.3857,34.3857,34.3857,100
ISPC,13-Jul-2026,2.49,2.49,2.31,2.34,37500
ISPR,13-Jul-2026,1.63,1.89,1.52,1.79,148600
ISRG,13-Jul-2026,407.26,414.58,406.82,407.12,1801500
ISSC,13-Jul-2026,18.03,18.77,18.03,18.35,285000
ISTB,13-Jul-2026,48.02,48.02,47.95,47.96,379600
ISTM,13-Jul-2026,28.37,28.88,28.37,28.7452,4500
ISTR,13-Jul-2026,29.82,30.07,29.255,29.72,235500
ISUL,13-Jul-2026,17.82,18.3,17.68,17.72,31300
ITG,13-Jul-2026,13.84,14.19,12.815,13.25,238800
ITHAW,13-Jul-2026,0.246,0.246,0.2459,0.246,1500
ITIC,13-Jul-2026,276,280.86,269.455,279.2,39900
ITOC,13-Jul-2026,0.326,0.3269,0.311,0.3246,52800
ITRI,13-Jul-2026,85,85.62,82.97,83.39,530500
ITRN,13-Jul-2026,55.91,56.75,54.7499,55.78,125400
IUS,13-Jul-2026,66.95,67.39,66.95,67.0364,25100
IUSB,13-Jul-2026,45.68,45.7,45.58,45.585,2541500
IUSG,13-Jul-2026,187.82,188.17,186.27,186.32,691300
IUSV,13-Jul-2026,111.77,112.35,111.67,111.88,908400
IVA,13-Jul-2026,4.31,4.52,4.205,4.3,735100
IVAL,13-Jul-2026,34.96,34.975,34.8679,34.8679,6900
IVDA,13-Jul-2026,0.29,0.2947,0.2621,0.2741,488100
IVDAW,13-Jul-2026,0.0268,0.036,0.0235,0.0314,2700
IVF,13-Jul-2026,1.15,1.165,1.1,1.13,169900
IVSI,13-Jul-2026,28.725,28.725,28.725,28.725,100
IVSS,13-Jul-2026,30.03,30.2,29.9201,29.9774,20000
IVSX,13-Jul-2026,24.675,24.675,24.545,24.545,100
IVVD,13-Jul-2026,0.8095,0.8359,0.77,0.7875,2451400
IXHL,13-Jul-2026,3.37,3.4206,3.28,3.31,69900
IXUS,13-Jul-2026,94.27,94.325,93.43,93.57,1165300
IZEA,13-Jul-2026,3.55,3.6499,3.55,3.57,35400
IZM,13-Jul-2026,0.315,0.315,0.27,0.2771,145500
JABRU,13-Jul-2026,10.08,10.08,10.08,10.08,20200
JACK,13-Jul-2026,14.86,15.55,14.86,15.12,595300
JAGX,13-Jul-2026,2.25,2.28,2.2201,2.25,7500
JAKK,13-Jul-2026,22.87,23.4,22.64,22.64,69800
JANX,13-Jul-2026,16.24,16.36,15.87,16.14,801000
JAPN,13-Jul-2026,24.69,24.79,24.62,24.7,7400
JAZZ,13-Jul-2026,242.02,245.355,235.95,236.97,838500
JBDI,13-Jul-2026,1.3,1.345,1.2006,1.25,37100
JBHT,13-Jul-2026,282.89,286.265,279.25,283,975300
JBIO,13-Jul-2026,20.46,21.54,19.87,21.3,1587700
JBLU,13-Jul-2026,5.7,5.7599,5.47,5.6,45524200
JBSS,13-Jul-2026,87.64,89.495,86.51,86.56,122500
JCAP,13-Jul-2026,18.91,19.45,18.635,18.87,380400
JCSE,13-Jul-2026,1.31,1.3999,1.3,1.3,15000
JCTC,13-Jul-2026,2.52,2.598,2.52,2.56,4800
JD,13-Jul-2026,28.89,29.29,28.71,28.88,8433400
JDOC,13-Jul-2026,60.5901,60.5901,60.5901,60.5901,400
JEM,13-Jul-2026,0.4699,0.515,0.375,0.5033,20084800
JEMA,13-Jul-2026,60.89,60.96,60.0916,60.18,33900
JEPQ,13-Jul-2026,59.985,60.05,59.465,59.59,6601200
JF,13-Jul-2026,0.9701,1.03,0.9701,1,8900
JFB,13-Jul-2026,4.84,4.92,4.63,4.71,187000
JFIN,13-Jul-2026,2.89,2.95,2.835,2.93,46200
JFU,13-Jul-2026,2.33,2.425,2.3,2.3,2900
JG,13-Jul-2026,4.3,4.46,4.19,4.2,9200
JGLO,13-Jul-2026,71.86,71.88,71.39,71.44,233500
JHAI,13-Jul-2026,34.38,34.38,33.7997,33.7997,1000
JIVE,13-Jul-2026,93.11,93.18,92.51,92.6087,269200
JJSF,13-Jul-2026,76.8,78.53,74.895,76.6,212500
JKHY,13-Jul-2026,150.665,153.41,150.475,150.73,1321400
JL,13-Jul-2026,5.88,6.1,5.72,6.1,72500
JLHL,13-Jul-2026,9.4,12.54,7.5,8.29,2866800
JMID,13-Jul-2026,31.04,31.129,31.02,31.0233,3300
JMSB,13-Jul-2026,21.012,22.425,21.012,21.93,25900
JOUT,13-Jul-2026,44.6,45.42,44.1,44.25,42700
JOYT,13-Jul-2026,57.715,57.715,57.5766,57.5766,300
JOYY,13-Jul-2026,70.4,70.75,69.46,69.75,162800
JPEF,13-Jul-2026,80.83,80.83,80.25,80.3534,76800
JPFP,13-Jul-2026,49.7,49.75,49.518,49.518,2400
JPY,13-Jul-2026,37.45,37.49,37.394,37.394,600
JRSH,13-Jul-2026,4.56,4.78,4.49,4.73,193900
JRVR,13-Jul-2026,4.59,4.68,4.53,4.58,199100
JSM,13-Jul-2026,17.78,17.8,17.61,17.8,8600
JSMD,13-Jul-2026,97.05,97.35,95.57,95.952,108200
JSML,13-Jul-2026,90.23,90.24,88.56,88.9329,11700
JSPR,13-Jul-2026,0.6,0.68,0.58,0.6079,1348400
JSPRW,13-Jul-2026,0.0135,0.0135,0.0133,0.0133,3100
JTAI,13-Jul-2026,5.67,5.99,5.67,5.73,439400
JTEK,13-Jul-2026,102.91,103.2098,101.0785,101.44,208000
JUNS,13-Jul-2026,0.1905,0.1905,0.1811,0.1817,626600
JVA,13-Jul-2026,3.54,3.55,3.5201,3.53,8300
JWEL,13-Jul-2026,1.91,1.91,1.87,1.87,1300
JXG,13-Jul-2026,11.2,11.34,11.05,11.3,4800
JYD,13-Jul-2026,0.7382,0.75,0.7016,0.7016,19600
JYNT,13-Jul-2026,8.97,9.49,8.86,9.26,70500
JZ,13-Jul-2026,3.63,3.98,3.2001,3.95,53300
JZXN,13-Jul-2026,1.55,1.59,1.32,1.51,2016900
KALA,13-Jul-2026,1.15,1.22,1.07,1.09,211900
KALU,13-Jul-2026,158.8,161.66,156.77,158.28,231600
KARD,13-Jul-2026,24.38,24.38,22.72,23.53,423100
KARO,13-Jul-2026,57.75,58,55.75,57.19,200000
KAT,13-Jul-2026,55.66,56,54.975,55.9211,19900
KAZR,13-Jul-2026,2.76,2.87,2.7,2.86,70800
KBAB,13-Jul-2026,7.47,7.51,7.3,7.3189,26600
KBDU,13-Jul-2026,19.37,19.37,18.6,18.9538,6500
KBON,13-Jul-2026,10.12,10.13,10.1,10.1,706100
KBONU,13-Jul-2026,10.3,10.31,10.26,10.26,6600
KBONW,13-Jul-2026,0.61,0.67,0.61,0.67,200
KBSX,13-Jul-2026,0.8862,0.8862,0.86,0.8862,3000
KBWB,13-Jul-2026,96.52,96.52,95.07,95.96,1953300
KBWD,13-Jul-2026,12.41,12.48,12.29,12.32,329400
KBWP,13-Jul-2026,131.99,134.74,131.99,134.74,11600
KBWY,13-Jul-2026,18.58,18.685,18.49,18.55,134900
KC,13-Jul-2026,10.51,10.595,10.38,10.39,825800
KCHV,13-Jul-2026,10.39,10.39,10.36,10.37,21100
KDK,13-Jul-2026,4.79,4.87,4.42,4.66,1436100
KDKRW,13-Jul-2026,0.77,0.77,0.6603,0.755,194200
KDP,13-Jul-2026,31.53,32.045,31.155,31.25,12312300
KE,13-Jul-2026,25.31,26.046,24.5,24.67,246800
KEAT,13-Jul-2026,32.003,32.003,32.003,32.003,100
KEEL,13-Jul-2026,4.49,4.575,4.18,4.36,23374600
KELYA,13-Jul-2026,13.63,14.344,13.63,14.31,305700
KELYB,13-Jul-2026,21.8,23.85,21.8,23.85,1300
KEQU,13-Jul-2026,37.71,37.71,37.19,37.19,3600
KEYY,13-Jul-2026,9.87,9.87,9.87,9.87,700
KEYYW,13-Jul-2026,0.3999,0.4,0.38,0.3991,5800
KFFB,13-Jul-2026,4.8,4.8,4.78,4.7999,2700
KG,13-Jul-2026,10.52,10.52,9.75,9.78,11600
KGEI,13-Jul-2026,4.98,5.16,4.86,5.11,108900
KHC,13-Jul-2026,24.92,25.325,24.92,25.23,10595800
KIDS,13-Jul-2026,20.29,21.22,20.29,20.72,196200
KIDZ,13-Jul-2026,0.71,0.7317,0.6386,0.6724,701200
KIDZW,13-Jul-2026,0.0146,0.0167,0.0122,0.0164,36000
KINS,13-Jul-2026,20.23,20.77,20.23,20.64,111600
KIQQ,13-Jul-2026,25.5338,25.5338,25.5338,25.5338,100
KITT,13-Jul-2026,1.05,1.05,0.9251,0.9602,263600
KITTW,13-Jul-2026,0.02,0.02,0.0191,0.0195,16000
KJD,13-Jul-2026,18.02,18.11,17.8234,17.8234,2200
KLAC,13-Jul-2026,221.55,226.855,218.89,222.25,9947500
KLAG,13-Jul-2026,38.33,40.3,37.53,38.7,106500
KLIC,13-Jul-2026,110.24,110.9799,105.36,106.49,694500
KLRA,13-Jul-2026,20.51,20.51,19.36,19.97,525300
KLRS,13-Jul-2026,4.41,4.5,4.24,4.42,68000
KLTR,13-Jul-2026,1.28,1.305,1.27,1.29,204000
KLXE,13-Jul-2026,2.51,2.65,2.505,2.55,105500
KMB,13-Jul-2026,113.01,114.9099,108.75,110.18,7140600
KMDA,13-Jul-2026,7.04,7.19,7.03,7.17,45300
KMLI,13-Jul-2026,9.99,10.33,9.9004,10.04,59300
KMRK,13-Jul-2026,0.97,1.04,0.9601,1.04,18100
KMTS,13-Jul-2026,25.69,26.325,24.65,24.76,334500
KNDI,13-Jul-2026,0.6603,0.6902,0.64,0.6639,205700
KNGZ,13-Jul-2026,41.0001,41.0101,40.927,40.9572,1900
KNSA,13-Jul-2026,63.43,63.64,60.89,60.94,586000
KOD,13-Jul-2026,40.25,41.62,39.72,41.1,570300
KOID,13-Jul-2026,38.88,38.93,38.1,38.18,162600
KOPN,13-Jul-2026,3.78,3.81,3.56,3.63,3498000
KOSS,13-Jul-2026,3.93,3.97,3.9,3.9,5500
KPDD,13-Jul-2026,5.6,5.64,5.55,5.58,139100
KPLT,13-Jul-2026,7.07,7.4448,7.07,7.14,4200
KPRX,13-Jul-2026,2.51,2.5899,2.43,2.46,16900
KPTI,13-Jul-2026,10.19,10.3,9.71,10.05,431300
KQQQ,13-Jul-2026,30.09,30.09,29.6257,29.68,39400
KRKR,13-Jul-2026,2.75,2.89,2.6,2.85,10900
KRMD,13-Jul-2026,4.28,4.405,4.22,4.23,87000
KRNT,13-Jul-2026,15.72,16.04,15.54,15.65,105400
KRNY,13-Jul-2026,9.33,9.415,9.305,9.37,403500
KROP,13-Jul-2026,35.34,35.34,35.04,35.04,600
KROS,13-Jul-2026,11.78,11.78,11,11.1,251000
KRRO,13-Jul-2026,14.42,14.46,13.1,13.5,193400
KRT,13-Jul-2026,34.17,34.96,34.1,34.73,83900
KRUS,13-Jul-2026,52.17,53.68,48.58,51.15,471600
KRYS,13-Jul-2026,361.94,367.79,353.49,363.44,378800
KSCP,13-Jul-2026,1.71,1.78,1.591,1.63,499400
KSPI,13-Jul-2026,89.89,91.74,88.53,88.67,164800
KTCC,13-Jul-2026,4.21,4.22,3.92,3.94,14300
KTOS,13-Jul-2026,48.48,49.08,46.34,46.96,3532100
KTTA,13-Jul-2026,0.4851,0.4996,0.45,0.49,403000
KTTAW,13-Jul-2026,0.0071,0.0071,0.007,0.007,300
KTWO,13-Jul-2026,9.93,9.93,9.93,9.93,200
KURA,13-Jul-2026,11.165,11.33,10.855,10.91,1579600
KUST,13-Jul-2026,0.9383,0.974,0.9111,0.9666,206600
KVHI,13-Jul-2026,9.09,9.23,8.6,8.86,318500
KWM,13-Jul-2026,0.135,0.135,0.124,0.1257,507300
KWMWW,13-Jul-2026,0.0105,0.0105,0.0105,0.0105,100
KXIN,13-Jul-2026,5,5.35,4.9,5.28,23300
KYIV,13-Jul-2026,15.3,15.42,14.975,15.08,429700
KYIVW,13-Jul-2026,5.9,6.1,5.81,5.82,2200
KYMR,13-Jul-2026,115.47,117.275,108.87,110.4,809400
KYNB,13-Jul-2026,7.6,7.685,7.3,7.345,13700
KYTX,13-Jul-2026,8.5,8.51,7.695,7.77,1963100
KZIA,13-Jul-2026,13.64,13.93,12.75,13.59,122200
LAB,13-Jul-2026,0.91,0.9404,0.8488,0.8488,1005800
LABT,13-Jul-2026,2.54,2.92,2.4114,2.73,241200
LACG,13-Jul-2026,4.07,4.07,3.7295,3.745,16200
LAES,13-Jul-2026,2.75,2.755,2.66,2.71,9342300
LAFAR,13-Jul-2026,0.168,0.168,0.1429,0.1429,1500
LAKE,13-Jul-2026,11.03,11.185,10.93,11,46200
LAMR,13-Jul-2026,155.18,157.3,154.8511,157.23,570900
LAND,13-Jul-2026,8.56,8.65,8.52,8.6,561900
LANDO,13-Jul-2026,20.44,20.71,20.44,20.625,11600
LANDP,13-Jul-2026,20.51,20.65,20.505,20.625,13300
LARK,13-Jul-2026,30.5,30.5,30,30.48,8000
LASE,13-Jul-2026,1.25,1.295,1.195,1.22,976300
LASR,13-Jul-2026,70.73,73.86,67.39,68.79,1029300
LATA,13-Jul-2026,10.1,10.1,10.1,10.1,500
LAUR,13-Jul-2026,40.29,40.75,39.9,40.11,702200
LBGJ,13-Jul-2026,1.33,1.33,1.23,1.32,15900
LBRDA,13-Jul-2026,30.99,31.82,30.72,30.73,126600
LBRDK,13-Jul-2026,31.25,31.885,30.8,30.8,1122600
LBRDP,13-Jul-2026,21.76,21.76,21.72,21.75,4000
LBRX,13-Jul-2026,32.76,33.82,31.68,32.25,135200
LBTYA,13-Jul-2026,10.65,10.99,10.64,10.9,1728100
LBTYB,13-Jul-2026,12.96,13.31,12.325,12.8,2700
LBTYK,13-Jul-2026,10.3,10.67,10.3,10.54,976600
LCCC,13-Jul-2026,10.44,10.44,10.44,10.44,10800
LCDL,13-Jul-2026,0.598,0.6151,0.574,0.59,576200
LCDS,13-Jul-2026,71.7905,71.7905,71.7905,71.7905,100
LCFY,13-Jul-2026,2.93,3.16,2.93,3.06,11800
LCFYW,13-Jul-2026,8.5,9.5,6.11,7,3400
LCID,13-Jul-2026,5.5,5.62,5.4301,5.51,6516800
LCNB,13-Jul-2026,17.64,17.9,17.38,17.76,12500
LCUT,13-Jul-2026,8.3,8.86,8.115,8.77,177700
LDEM,13-Jul-2026,59.18,59.18,58.7475,58.7475,400
LDRX,13-Jul-2026,35.78,35.79,35.64,35.6475,5000
LDSF,13-Jul-2026,18.88,18.88,18.85,18.86,4100
LE,13-Jul-2026,11.19,11.87,11.035,11.43,463900
LECO,13-Jul-2026,250.97,254.98,247.89,251.2,266600
LEDS,13-Jul-2026,1.6,1.64,1.51,1.52,9200
LEE,13-Jul-2026,8.2,8.31,7.8363,7.87,42100
LEGH,13-Jul-2026,26.3,26.8,25.725,25.78,95000
LEGN,13-Jul-2026,26.57,26.8,25.1,25.75,2983100
LEGR,13-Jul-2026,64.34,64.34,63.98,64.035,1200
LEND,13-Jul-2026,24.94,24.96,24.91,24.915,51000
LENZ,13-Jul-2026,5.54,5.58,5.2,5.23,1525800
LESL,13-Jul-2026,6.25,6.9099,5.53,5.6,463100
LEXI,13-Jul-2026,40.41,40.41,40.13,40.1757,15900
LEXX,13-Jul-2026,0.6786,0.6786,0.5688,0.5949,62600
LFACW,13-Jul-2026,0.32,0.32,0.3,0.32,221300
LFCR,13-Jul-2026,4.75,4.82,4.63,4.63,153000
LFMD,13-Jul-2026,4.58,4.885,4.54,4.76,527500
LFMDP,13-Jul-2026,23,23.295,22.9,23.1,8700
LFS,13-Jul-2026,2.18,2.3357,2.1406,2.26,160800
LFSC,13-Jul-2026,46.29,46.38,45.08,45.1931,26900
LFST,13-Jul-2026,10.76,10.9291,10.73,10.88,2410800
LFTO,13-Jul-2026,24.4,25.43,23.7,23.97,610000
LFUS,13-Jul-2026,410.89,415.79,405.055,407.22,596000
LFVN,13-Jul-2026,6.28,6.35,5.82,6.19,254100
LFWD,13-Jul-2026,8.46,8.48,7.7901,7.95,17500
LGCF,13-Jul-2026,36.925,36.9791,36.925,36.9791,100
LGCL,13-Jul-2026,1.36,1.4191,1.252,1.31,187100
LGDS,13-Jul-2026,49.46,49.46,49.05,49.0889,21200
LGHL,13-Jul-2026,0.2231,0.2425,0.2179,0.2425,1554900
LGIH,13-Jul-2026,59,60.18,57.64,57.76,268700
LGN,13-Jul-2026,72.66,73.88,68.26,68.33,1467400
LGND,13-Jul-2026,315.09,316.42,304.77,309.25,245700
LGO,13-Jul-2026,0.694,0.7084,0.6622,0.67,800700
LGRO,13-Jul-2026,44.09,44.285,44.09,44.1231,8400
LGVN,13-Jul-2026,0.6862,0.7,0.63,0.631,448900
LHAI,13-Jul-2026,1.1,1.14,0.961,1,716900
LHSW,13-Jul-2026,3.4,3.4439,2.509,2.53,167500
LI,13-Jul-2026,12.1,12.39,12.09,12.18,3290300
LICN,13-Jul-2026,1.47,1.5,1.34,1.39,81700
LIDR,13-Jul-2026,1.34,1.34,1.27,1.29,659300
LIDRW,13-Jul-2026,0.016,0.0162,0.0141,0.0141,9000
LIEN,13-Jul-2026,9.87,10.0384,9.78,9.89,27800
LIF,13-Jul-2026,53.05,53.5,51.72,52.22,557800
LIFE,13-Jul-2026,20.05,21.25,19.125,19.31,669300
LILA,13-Jul-2026,7.28,7.525,7.215,7.49,521800
LILAK,13-Jul-2026,7.32,7.49,7.215,7.45,1588200
LILAP,13-Jul-2026,19.5,19.97,18.86,18.93,236400
LIME,13-Jul-2026,25,26.24,25,25.86,188100
LIMN,13-Jul-2026,0.1088,0.11,0.0953,0.1084,3553600
LIN,13-Jul-2026,530.92,532.45,521.48,524.06,1628800
LINC,13-Jul-2026,54,54.99,53,53.87,368000
LIND,13-Jul-2026,26.4,26.55,26.03,26.49,504200
LINE,13-Jul-2026,43.17,43.92,43.17,43.85,824700
LINK,13-Jul-2026,4.15,4.37,4.0773,4.24,12300
LINT,13-Jul-2026,143.25,143.77,132.09,135.5,90100
LIQT,13-Jul-2026,0.7225,0.8,0.6615,0.7899,180900
LITE,13-Jul-2026,778.38,809.23,761.53,768.15,3694400
LITP,13-Jul-2026,11.23,11.24,10.95,10.965,46000
LITS,13-Jul-2026,0.982,1,0.9144,0.9458,307900
LIVE,13-Jul-2026,10.85,11.38,10.6801,11.04,28200
LIVN,13-Jul-2026,83.44,83.8,82.45,82.98,465900
LKFN,13-Jul-2026,60.5,61.11,60.155,60.72,154700
LKFT,13-Jul-2026,30.14,30.24,29.77,29.8,156900
LKQ,13-Jul-2026,25.6,26.39,25.38,25.41,2812200
LKSP,13-Jul-2026,10.16,10.16,10.16,10.16,100
LLYVA,13-Jul-2026,99.41,102.24,98.79,101.09,136900
LLYVK,13-Jul-2026,102.9,106.04,102.9,105,247300
LMAT,13-Jul-2026,102.16,103.89,99.83,100.29,409900
LMB,13-Jul-2026,75,75.5766,71.95,73.14,245900
LMBS,13-Jul-2026,49.69,49.8745,49.62,49.633,519900
LMNR,13-Jul-2026,13.33,13.955,13.33,13.92,73200
LMNX,13-Jul-2026,18.95,19.65,18.13,18.6963,11400
LMRI,13-Jul-2026,12,12.2,10.77,11.15,546300
LMTL,13-Jul-2026,32.76,32.76,31.36,31.7908,7000
LNAI,13-Jul-2026,2.94,2.945,2.71,2.83,37300
LNKS,13-Jul-2026,1.39,1.4099,1.325,1.38,50100
LNSR,13-Jul-2026,5.97,6.1679,5.805,5.82,19800
LNT,13-Jul-2026,76.61,77.295,76.38,76.63,2279300
LNTH,13-Jul-2026,105,106.515,104.16,105.39,1025700
LNZA,13-Jul-2026,5.71,6.0251,5.654,5.82,67500
LNZAW,13-Jul-2026,0.0148,0.0148,0.0147,0.0147,400
LOAN,13-Jul-2026,4.23,4.2699,4.22,4.23,15000
LOBO,13-Jul-2026,0.7,0.7153,0.6803,0.7047,30600
LOCO,13-Jul-2026,16.69,17.02,16.65,16.74,287800
LOGI,13-Jul-2026,101.61,103.18,100.89,102.22,902800
LOGO,13-Jul-2026,20.52,20.52,20.39,20.4346,1800
LONA,13-Jul-2026,9.5,10.1045,8.901,9.76,315900
LOOP,13-Jul-2026,0.84,0.87,0.7581,0.8472,122500
LOPE,13-Jul-2026,151.8,153.8,151.57,153.37,218400
LOT,13-Jul-2026,1.15,1.15,1.08,1.1,72700
LOTI,13-Jul-2026,26.26,26.26,26.24,26.2444,5200
LOVE,13-Jul-2026,16.81,17.62,16.7,17.16,208300
LPAA,13-Jul-2026,11,11,11,11,500
LPAAW,13-Jul-2026,0.1801,0.1801,0.1801,0.1801,6000
LPBB,13-Jul-2026,10.74,10.74,10.735,10.735,800
LPBBW,13-Jul-2026,0.28,0.2801,0.28,0.2801,200
LPCN,13-Jul-2026,2.39,2.45,2.32,2.35,37200
LPLA,13-Jul-2026,320.64,323.85,317.03,321.06,650100
LPRO,13-Jul-2026,3.12,3.13,3.12,3.12,994400
LPSN,13-Jul-2026,1.81,1.84,1.75,1.75,41600
LPTH,13-Jul-2026,11.4,11.65,10.77,11.03,3028600
LQ,13-Jul-2026,23.6901,23.79,23.6901,23.79,200
LQDA,13-Jul-2026,76.53,77.42,69.71,71.21,2171500
LQDT,13-Jul-2026,39,39.57,38.86,38.88,141200
LRCX,13-Jul-2026,335,337.98,326.9,329.92,9770500
LRE,13-Jul-2026,1.299,1.299,1.25,1.29,1700
LRGE,13-Jul-2026,87.09,87.1295,86.35,86.4011,9800
LRHC,13-Jul-2026,1.06,1.06,1,1.01,130200
LRMR,13-Jul-2026,4.19,4.22,3.7,3.725,2297800
LRND,13-Jul-2026,44.6412,44.6412,44.6412,44.6412,100
LSAK,13-Jul-2026,4.8,4.9,4.795,4.84,56300
LSBK,13-Jul-2026,16.99,17.04,16.96,17.04,1800
LSCC,13-Jul-2026,133.82,134.58,129.4,130.74,2066100
LSE,13-Jul-2026,4.38,4.78,4.35,4.37,5500
LSH,13-Jul-2026,0.46,0.465,0.4006,0.411,72700
LSTA,13-Jul-2026,3.3,3.9,3.3,3.7,165900
LSTR,13-Jul-2026,210.75,213.5,209.27,212.87,511500
LTBR,13-Jul-2026,8.31,8.36,7.61,7.7,757500
LTCC,13-Jul-2026,10.54,10.6381,10.4503,10.545,14200
LTGRU,13-Jul-2026,10.0026,10.04,10.0026,10.04,200
LTRN,13-Jul-2026,3.54,3.65,3.46,3.46,135800
LTRX,13-Jul-2026,5.55,5.59,5.255,5.31,689500
LTRYW,13-Jul-2026,0.0114,0.0114,0.0087,0.01,93400
LUCD,13-Jul-2026,0.9997,1.02,0.97,0.9911,1086500
LUCY,13-Jul-2026,0.99,1.1,0.953,1.05,1432800
LUCYW,13-Jul-2026,0.063,0.075,0.0455,0.075,4500
LULG,13-Jul-2026,6.51,6.87,6.51,6.6943,54300
LULU,13-Jul-2026,119.25,122,119.24,120.3,2673700
LUNG,13-Jul-2026,1.54,1.605,1.44,1.46,270000
LUNR,13-Jul-2026,16.0017,16.0199,15.02,15.15,10321000
LVDS,13-Jul-2026,58.55,58.55,58.27,58.3636,1500
LVHD,13-Jul-2026,44.71,44.995,44.63,44.75,34400
LVIG,13-Jul-2026,98.12,98.13,97.8552,97.8552,4600
LVLU,13-Jul-2026,8.28,8.32,8.28,8.32,496900
LVO,13-Jul-2026,5.21,5.29,5.09,5.09,12600
LWAY,13-Jul-2026,31.9,32.345,31.35,31.75,195800
LWLG,13-Jul-2026,6.59,6.68,6.3,6.47,3197000
LX,13-Jul-2026,1.56,1.59,1.47,1.49,6249600
LXEH,13-Jul-2026,1.37,1.37,1.28,1.28,38500
LXEO,13-Jul-2026,4.77,4.9,4.54,4.645,584300
LXRX,13-Jul-2026,2.2,2.219,2.14,2.17,1705600
LYEL,13-Jul-2026,14.79,14.79,14.14,14.33,132900
LYFT,13-Jul-2026,15.74,16.056,15.54,15.67,8445400
LYTS,13-Jul-2026,24.41,24.49,23.69,23.75,281900
LZ,13-Jul-2026,7.43,7.81,7.4,7.72,3512300
LZMH,13-Jul-2026,1.18,1.265,1.141,1.26,34200
MAAS,13-Jul-2026,15.46,15.46,13.12,13.24,57900
MAAY,13-Jul-2026,6.15,6.15,6.08,6.107,16500
MACI,13-Jul-2026,10.9,10.9,10.9,10.9,300
MAKO,13-Jul-2026,7.71,7.71,7.18,7.24,231500
MAMA,13-Jul-2026,18.99,19.31,18.8,19.03,571500
MAMO,13-Jul-2026,0.9349,1.02,0.9349,1.01,175000
MANH,13-Jul-2026,156.5,160.7,156.37,158.31,567700
MAR,13-Jul-2026,375.7,378.065,361.73,362.87,1592400
MARA,13-Jul-2026,12.42,12.65,11.93,12.19,35829200
MARPS,13-Jul-2026,4.79,4.94,4.6705,4.89,41900
MASK,13-Jul-2026,1.81,1.83,1.71,1.81,62200
MASS,13-Jul-2026,7.97,8.06,7.81,7.95,122100
MAT,13-Jul-2026,13.47,14.27,13.47,13.84,8544900
MATE,13-Jul-2026,30.76,30.76,30.151,30.166,7400
MATH,13-Jul-2026,0.989,1.02,0.989,0.99,30200
MATW,13-Jul-2026,26.66,26.97,26.48,26.63,222200
MAXI,13-Jul-2026,8.915,8.92,8.64,8.7268,16100
MAZE,13-Jul-2026,30.04,30.365,29.16,29.18,508300
MB,13-Jul-2026,4.23,4.25,4.05,4.05,900
MBAI,13-Jul-2026,1.18,1.21,1.095,1.13,119800
MBB,13-Jul-2026,93.52,93.52,93.23,93.26,1472600
MBBC,13-Jul-2026,14.99,15.29,14.99,15.15,3400
MBIN,13-Jul-2026,48.09,48.64,47.63,47.67,108700
MBINL,13-Jul-2026,24.93,24.93,24.77,24.79,11100
MBINM,13-Jul-2026,25.36,25.43,25.36,25.4,2300
MBINN,13-Jul-2026,19.93,20.1,19.93,20.07,3600
MBIO,13-Jul-2026,0.69,0.69,0.6368,0.6638,54000
MBLY,13-Jul-2026,9.56,9.915,9.44,9.75,6331900
MBNKO,13-Jul-2026,25.625,25.67,25.45,25.4701,4700
MBOT,13-Jul-2026,1.87,1.9,1.85,1.88,419900
MBRX,13-Jul-2026,2.25,2.29,2.18,2.21,117800
MBS,13-Jul-2026,8.64,8.64,8.58,8.59,16900
MBUU,13-Jul-2026,26.47,27.35,26.47,26.77,225800
MBVI,13-Jul-2026,10.16,10.16,10.16,10.16,200
MBVIW,13-Jul-2026,0.39,0.39,0.3725,0.3725,2600
MBWM,13-Jul-2026,57.35,57.71,56.8182,57.42,93000
MBX,13-Jul-2026,60,60.88,56.64,60.04,643300
MCAHR,13-Jul-2026,0.26,0.26,0.26,0.26,1800
MCBS,13-Jul-2026,35.7,36.09,35.26,35.7,52500
MCDS,13-Jul-2026,67.3328,67.3328,67.3328,67.3328,100
MCFT,13-Jul-2026,24.15,25,24.12,24.16,199500
MCGA,13-Jul-2026,10.23,10.24,10.23,10.23,13600
MCHB,13-Jul-2026,16.2,16.25,15.915,16.22,586900
MCHI,13-Jul-2026,52.73,52.96,52.4,52.53,2173300
MCHP,13-Jul-2026,86.995,86.995,83.875,84.23,10301300
MCHPP,13-Jul-2026,72.16,73.11,71.35,71.45,15700
MCHS,13-Jul-2026,45.5,45.5,45.0817,45.0817,4600
MCHX,13-Jul-2026,1.73,1.75,1.7,1.7,6500
MCRB,13-Jul-2026,6.12,6.12,5.32,5.62,333600
MCRI,13-Jul-2026,123.75,127.75,123.01,124.19,212900
MDAI,13-Jul-2026,1.72,1.74,1.66,1.68,192800
MDAIW,13-Jul-2026,0.545,0.55,0.525,0.55,1800
MDB,13-Jul-2026,343.55,349.8,333.4,337.97,1574100
MDBH,13-Jul-2026,3.179,3.42,3.179,3.42,900
MDCX,13-Jul-2026,0.4021,0.4059,0.3459,0.3722,2201400
MDCXW,13-Jul-2026,0.53,0.53,0.53,0.53,900
MDGL,13-Jul-2026,534.05,539.15,526.14,531,287800
MDIA,13-Jul-2026,1.03,1.03,0.999,1.02,5300
MDIV,13-Jul-2026,16.64,16.749,16.64,16.73,80100
MDLN,13-Jul-2026,41.3,41.99,40.35,40.58,3541300
MDLZ,13-Jul-2026,59.49,60.78,59.42,59.86,6541300
MDWD,13-Jul-2026,14.27,14.42,14,14.25,72700
MDXG,13-Jul-2026,4.1,4.135,4.035,4.08,1235200
MDXH,13-Jul-2026,0.48,0.4801,0.425,0.4301,721900
MEDP,13-Jul-2026,542.18,544.4181,523.995,530.19,261700
MEDX,13-Jul-2026,35.3301,35.503,35.3301,35.503,13100
MEGL,13-Jul-2026,1.195,1.195,1.17,1.17,3700
MELI,13-Jul-2026,1856.64,1897.26,1855,1867.3,484000
MEMA,13-Jul-2026,30.2,30.2,29.7,29.8,13000
MEMS,13-Jul-2026,30.52,30.52,30.5083,30.5083,200
MENS,13-Jul-2026,2.2,2.27,2.15,2.21,90500
MEOH,13-Jul-2026,49.63,51.26,49.44,50.92,1421400
MERC,13-Jul-2026,0.641,0.6416,0.5781,0.5845,924800
MESH,13-Jul-2026,10.01,10.02,10.005,10.02,18400
MESHW,13-Jul-2026,0.305,0.3455,0.2801,0.3452,59900
MESO,13-Jul-2026,16.21,16.49,16.05,16.22,342600
META,13-Jul-2026,661.38,676.62,654.2,656.73,19840700
METC,13-Jul-2026,12.36,12.7965,12.26,12.63,1330100
METCB,13-Jul-2026,8.55,8.7,7.87,8.02,47800
METCI,13-Jul-2026,25.42,25.44,25.42,25.44,2000
METCZ,13-Jul-2026,25.54,25.57,25.54,25.545,3500
METD,13-Jul-2026,14.67,14.83,14.35,14.77,941700
METL,13-Jul-2026,24.86,24.89,24.4,24.46,9000
METU,13-Jul-2026,27.4,28.65,26.78,26.99,6466300
MEVO,13-Jul-2026,9.95,9.95,9.95,9.95,50000
MEVOW,13-Jul-2026,0.39,0.39,0.39,0.39,1100
MFI,13-Jul-2026,8.48,8.48,8.48,8.48,1500
MFIC,13-Jul-2026,9.89,10,9.7,9.77,595500
MFICL,13-Jul-2026,25.49,25.5,25.375,25.4,2000
MFIG,13-Jul-2026,20.98,21.16,20.98,21.0239,4000
MFIN,13-Jul-2026,10.02,10.12,9.9,9.98,26200
MFLX,13-Jul-2026,17.25,17.36,17.25,17.31,1500
MFMO,13-Jul-2026,23.76,23.79,23.47,23.5224,11600
MFP,13-Jul-2026,40.61,44.4,40.0001,42.6,1363900
MFVL,13-Jul-2026,20.84,20.9001,20.82,20.89,1200
MGEE,13-Jul-2026,82.01,82.53,81.9,82.17,145600
MGIH,13-Jul-2026,1.54,1.54,1.5,1.5,5100
MGN,13-Jul-2026,0.1155,0.1178,0.1,0.1135,1471100
MGNI,13-Jul-2026,20.53,21.01,20.25,20.41,1382200
MGNX,13-Jul-2026,4.3,4.545,4.2,4.5,1124100
MGPI,13-Jul-2026,17.15,17.71,16.975,17.51,227300
MGRC,13-Jul-2026,116.68,118.46,116.43,117.17,114000
MGRT,13-Jul-2026,85.62,85.86,77.21,80.56,45200
MGRX,13-Jul-2026,0.365,0.39,0.35,0.3602,226000
MGTX,13-Jul-2026,13.06,13.16,12.17,12.34,1727900
MGX,13-Jul-2026,1.29,1.335,1.26,1.32,372400
MGYR,13-Jul-2026,17.5,17.69,17.31,17.31,1700
MIDD,13-Jul-2026,134.03,136.21,133.6745,134.92,338000
MILN,13-Jul-2026,44.78,46,44.73,44.73,17300
MIMI,13-Jul-2026,3.11,3.46,2.67,2.96,45393600
MIND,13-Jul-2026,5.45,5.68,5.36,5.36,66500
MIRA,13-Jul-2026,0.93,0.9331,0.9001,0.9097,35100
MIRM,13-Jul-2026,120.18,120.89,117.18,119.04,601100
MIST,13-Jul-2026,1.29,1.3,1.26,1.28,511100
MITK,13-Jul-2026,19.33,19.56,18.94,19.38,577300
MKAM,13-Jul-2026,31.8976,31.8976,31.8976,31.8976,100
MKDW,13-Jul-2026,11.7,11.85,11.61,11.61,1900
MKLY,13-Jul-2026,10.16,10.165,10.16,10.165,28200
MKSI,13-Jul-2026,352.51,358.48,346.07,352.03,851800
MKTW,13-Jul-2026,20.22,21.385,20.025,20.61,24200
MKTX,13-Jul-2026,116.24,116.4,113.6,115.37,413000
MKZR,13-Jul-2026,1.69,1.725,1.6649,1.71,19700
MLAA,13-Jul-2026,9.95,9.95,9.94,9.94,6800
MLAB,13-Jul-2026,96.1,97.96,94.665,94.95,164600
MLCI,13-Jul-2026,3.245,3.5,3.245,3.41,13300
MLCIL,13-Jul-2026,22.76,22.7672,22.76,22.7672,500
MLCO,13-Jul-2026,5.51,5.6,5.42,5.42,2269300
MLEC,13-Jul-2026,7.29,7.99,7.2768,7.4224,4200
MLECW,13-Jul-2026,0.015,0.017,0.015,0.017,10100
MLGO,13-Jul-2026,4.18,4.21,3.82,3.85,43200
MLKN,13-Jul-2026,20.36,20.53,20.18,20.27,548300
MLTX,13-Jul-2026,20.4,20.92,19.965,20.41,1315800
MLYS,13-Jul-2026,27.68,28.255,26.77,27.59,830800
MMED,13-Jul-2026,15.49,16.28,15.17,16.1,1411600
MMLP,13-Jul-2026,2.22,2.3498,2.22,2.27,4800
MMSI,13-Jul-2026,73.68,74.8151,73.15,73.26,800700
MMTX,13-Jul-2026,10.15,10.15,10.15,10.15,10300
MMTXW,13-Jul-2026,0.12,0.12,0.12,0.12,8000
MMYT,13-Jul-2026,58.62,59.47,56.61,57.08,693800
MNDO,13-Jul-2026,1.07,1.08,1.03,1.03,21100
MNDR,13-Jul-2026,3.32,3.4,3.22,3.32,39000
MNDY,13-Jul-2026,84.12,87.41,83.25,86.84,941200
MNKD,13-Jul-2026,4.04,4.14,3.945,4.04,4043800
MNOV,13-Jul-2026,1.39,1.39,1.36,1.36,14700
MNPR,13-Jul-2026,106.15,106.9,100.5,103.33,214600
MNRO,13-Jul-2026,16.9,17.2,16.44,16.51,845400
MNSB,13-Jul-2026,24.05,24.4,23.96,24.19,29800
MNSBP,13-Jul-2026,25.17,25.335,25.17,25.335,2300
MNST,13-Jul-2026,96.92,97.7299,96.525,97.07,3790400
MNTK,13-Jul-2026,1.61,1.685,1.61,1.65,75400
MNTS,13-Jul-2026,5.86,5.9468,5.48,5.59,1016600
MNTSW,13-Jul-2026,0.0124,0.0129,0.0113,0.0122,74500
MNVT,13-Jul-2026,28.43,28.43,27.6,27.84,33200
MNY,13-Jul-2026,0.9345,0.9345,0.9,0.9173,13500
MNYWW,13-Jul-2026,0.0425,0.0425,0.0421,0.0421,20000
MNZL,13-Jul-2026,61.15,61.15,60.2671,60.3119,10500
MOB,13-Jul-2026,5.12,5.26,4.88,5.07,97300
MOBBW,13-Jul-2026,2.16,2.48,1.97,2.35,6100
MOBI,13-Jul-2026,12.3,12.6,11.35,11.4,123600
MOBX,13-Jul-2026,1.87,2.07,1.86,1.93,675200
MOBXW,13-Jul-2026,0.09,0.1,0.09,0.09,9200
MODD,13-Jul-2026,3.97,4.2172,3.93,3.99,53400
MODL,13-Jul-2026,51.57,51.57,51.29,51.37,11700
MOLN,13-Jul-2026,3.9,4.0099,3.9,4.0099,1300
MOMO,13-Jul-2026,6.06,6.21,6,6.12,888500
MOOD,13-Jul-2026,43.44,43.7,43.44,43.5352,14400
MORN,13-Jul-2026,168.02,174.9899,168.02,173.55,353400
MOVE,13-Jul-2026,16.19,16.52,14.325,15.08,44600
MPAA,13-Jul-2026,14.1,14.85,14,14.36,154700
MPB,13-Jul-2026,34.72,34.84,34.485,34.8,114900
MPG,13-Jul-2026,4.9,4.9,4.45,4.5645,89500
MPLT,13-Jul-2026,38.46,39.28,35.63,36.57,511500
MPWR,13-Jul-2026,1307.17,1317.79,1277.64,1291.38,827200
MQ,13-Jul-2026,15.94,16.93,15.94,16.43,1557400
MQQQ,13-Jul-2026,230.955,232.18,227.255,228.5573,54100
MRA,13-Jul-2026,22.1145,22.1145,22.1145,22.1145,100
MRAL,13-Jul-2026,53.16,55.86,50.42,52.68,79700
MRAM,13-Jul-2026,17.66,17.72,16.75,16.93,855400
MRBK,13-Jul-2026,19.86,20.14,19.635,20,90800
MRCOU,13-Jul-2026,10.02,10.03,10.0105,10.02,322800
MRCY,13-Jul-2026,105.98,106.44,96.5,98.26,712600
MRDN,13-Jul-2026,14.08,14.85,13.9,14.33,91800
MREO,13-Jul-2026,0.33,0.3314,0.316,0.321,742600
MRKR,13-Jul-2026,1.51,1.53,1.45,1.46,34600
MRLN,13-Jul-2026,4.25,4.44,4.16,4.29,1024400
MRM,13-Jul-2026,0.94,0.99,0.94,0.975,2100
MRNA,13-Jul-2026,66.33,69.55,65.54,67.01,8521900
MRNO,13-Jul-2026,0.24,0.25,0.24,0.2415,96400
MRNOW,13-Jul-2026,0.0199,0.0199,0.005,0.0089,148600
MRTN,13-Jul-2026,17.23,17.58,17.18,17.41,518100
MRVI,13-Jul-2026,6,6.405,5.999,6.36,3145900
MRVL,13-Jul-2026,228.77,228.8,215.28,217.53,25615300
MRVU,13-Jul-2026,131.27,131.27,115.24,117.29,207600
MRX,13-Jul-2026,65.88,66.5228,63.28,64.875,617300
MSAI,13-Jul-2026,5.15,5.18,5,5.05,12100
MSAIW,13-Jul-2026,0.0254,0.03,0.0247,0.03,18200
MSBI,13-Jul-2026,30.58,31.14,30.36,30.76,140900
MSBIP,13-Jul-2026,25.19,25.195,25.12,25.195,2100
MSEX,13-Jul-2026,55.1,55.625,54.74,55.42,139800
MSFD,13-Jul-2026,13.66,13.795,13.4603,13.55,696500
MSFL,13-Jul-2026,15.84,16.295,15.54,16.1,1814600
MSFT,13-Jul-2026,387.745,393.65,384.15,390.99,28914800
MSFU,13-Jul-2026,23.78,24.5,23.36,24.17,5570100
MSGM,13-Jul-2026,4.5,4.6,4.35,4.45,9700
MSGY,13-Jul-2026,0.47,0.495,0.45,0.4576,355900
MSLE,13-Jul-2026,9.59,9.7,8.69,9.12,108700
MSR,13-Jul-2026,13.07,13.2309,13.07,13.2309,600
MSS,13-Jul-2026,0.6159,0.62,0.571,0.593,269600
MST,13-Jul-2026,7.65,7.91,7.445,7.7156,87100
MSTP,13-Jul-2026,12.25,12.76,11.83,12.4,72400
MSTR,13-Jul-2026,91.49,93.64,90.02,92.1,12682300
MSTX,13-Jul-2026,8.04,8.41,7.77,8.14,6207200
MTC,13-Jul-2026,2.41,2.65,2.4,2.43,13500
MTCH,13-Jul-2026,39.03,39.235,38.429,38.54,1842900
MTEK,13-Jul-2026,1.1,1.12,1.06,1.06,46700
MTEN,13-Jul-2026,1.19,1.19,1.03,1.08,677100
MTEX,13-Jul-2026,4.61,4.78,4.57,4.7399,3700
MTLS,13-Jul-2026,6.72,6.94,6.7,6.84,48100
MTRX,13-Jul-2026,12.35,12.55,12.135,12.29,143500
MTSI,13-Jul-2026,300.35,302,291.135,294.24,1421900
MTVA,13-Jul-2026,1.76,2.6098,1.75,1.99,8834700
MTYY,13-Jul-2026,18.76,18.79,18.71,18.79,4800
MU,13-Jul-2026,929,943.5,902.6,937,35536200
MUD,13-Jul-2026,11.91,12.22,11.75,11.84,10876300
MULL,13-Jul-2026,23.18,23.9,21.7488,23.52,7474500
MULT,13-Jul-2026,25.01,25.01,24.98,24.98,300
MUU,13-Jul-2026,670.56,690.8,629.1551,678.2,1765700
MUYY,13-Jul-2026,21.71,21.82,21.555,21.72,76900
MUZEW,13-Jul-2026,0.32,0.32,0.3199,0.3199,52700
MVBF,13-Jul-2026,28.16,29.15,28.155,28.82,34900
MVIS,13-Jul-2026,0.3845,0.3996,0.3702,0.3771,4361100
MVLL,13-Jul-2026,32.55,32.55,28.5769,29.27,2997300
MVST,13-Jul-2026,1.06,1.06,0.9415,0.9756,12969400
MVSTW,13-Jul-2026,0.002,0.0049,0.002,0.002,147800
MWC,13-Jul-2026,3.44,3.445,3.11,3.11,42300
MWH,13-Jul-2026,28.51,29.02,27.08,27.32,1937000
MWYN,13-Jul-2026,1.03,1.035,1.01,1.01,29300
MXCT,13-Jul-2026,1.33,1.48,1.3,1.38,2114000
MXL,13-Jul-2026,86.64,93.78,82.5,89.3,2409900
MYCF,13-Jul-2026,25.01,25.03,25,25.015,10900
MYCG,13-Jul-2026,24.911,24.915,24.9101,24.915,300
MYCH,13-Jul-2026,24.81,24.81,24.78,24.795,318900
MYCI,13-Jul-2026,24.645,24.65,24.6052,24.6052,2900
MYCJ,13-Jul-2026,24.515,24.515,24.46,24.475,3400
MYCK,13-Jul-2026,24.6143,24.6143,24.55,24.55,2200
MYCL,13-Jul-2026,24.48,24.48,24.39,24.39,11300
MYCM,13-Jul-2026,24.35,24.35,24.345,24.345,900
MYCN,13-Jul-2026,24.2242,24.2242,24.16,24.16,1100
MYCO,13-Jul-2026,24.11,24.12,24.1097,24.1097,1100
MYFW,13-Jul-2026,32.42,33.73,32.42,33.4,91900
MYGN,13-Jul-2026,5.82,6.015,5.67,5.86,811600
MYHA,13-Jul-2026,24.9079,24.9079,24.9079,24.9079,100
MYHB,13-Jul-2026,24.9079,24.9079,24.9079,24.9079,100
MYHC,13-Jul-2026,25.0477,25.0477,25.0477,25.0477,100
MYHD,13-Jul-2026,24.96,24.96,24.945,24.945,6700
MYHE,13-Jul-2026,24.84,24.8599,24.83,24.835,11200
MYMF,13-Jul-2026,24.865,24.865,24.865,24.865,100
MYMG,13-Jul-2026,24.635,24.635,24.635,24.635,100
MYMH,13-Jul-2026,24.525,24.525,24.525,24.525,100
MYMI,13-Jul-2026,24.645,24.645,24.645,24.645,100
MYMJ,13-Jul-2026,24.775,24.775,24.775,24.775,100
MYMK,13-Jul-2026,24.965,24.965,24.965,24.965,100
MYPS,13-Jul-2026,0.75,0.8056,0.7328,0.7629,771700
MYRG,13-Jul-2026,412.19,418.3115,407.7945,411.89,223300
MYSE,13-Jul-2026,2.3,2.65,2.3,2.61,289600
MYSZ,13-Jul-2026,0.45,0.4646,0.44,0.453,27000
MYXXW,13-Jul-2026,0.0799,0.08,0.0799,0.08,20100
MZTI,13-Jul-2026,115.25,116.485,113.6,114.11,181500
NA,13-Jul-2026,1.94,1.94,1.81,1.81,32400
NAAS,13-Jul-2026,3.4,3.6722,3.34,3.4713,24300
NAGE,13-Jul-2026,3.49,3.54,3.355,3.47,1105900
NAII,13-Jul-2026,2.25,2.29,2.14,2.21,11800
NAKA,13-Jul-2026,3.78,3.87,3.33,3.37,221900
NAMI,13-Jul-2026,3.68,3.68,3.36,3.4,61500
NAMM,13-Jul-2026,1.61,1.61,1.5005,1.54,205000
NAMMW,13-Jul-2026,0.1939,0.2499,0.19,0.2399,13400
NAMS,13-Jul-2026,34.78,34.97,33.24,33.28,486000
NATH,13-Jul-2026,100.69,100.94,100.18,100.55,24300
NATO,13-Jul-2026,40.66,40.66,39.7301,39.8522,18600
NATR,13-Jul-2026,21.45,21.735,20.39,21.58,83100
NAUT,13-Jul-2026,1.88,1.905,1.775,1.78,847300
NAVI,13-Jul-2026,8.3,8.56,8.24,8.43,918500
NAVN,13-Jul-2026,26,26.49,25.55,26.13,5032800
NB,13-Jul-2026,4.5,4.535,4.26,4.3,3251800
NBBK,13-Jul-2026,21,21.2,20.94,21.02,209100
NBIG,13-Jul-2026,21.8,23.2096,20.26,21.43,1300400
NBIL,13-Jul-2026,31.33,33.38,29.16,30.89,1261200
NBIS,13-Jul-2026,212.69,219,204.7,210.51,10842200
NBIX,13-Jul-2026,174.5,175.88,172.0281,174.1,1573200
NBN,13-Jul-2026,131.55,132.65,129.67,131.2,107900
NBP,13-Jul-2026,1.9,1.96,1.84,1.86,427600
NBRG,13-Jul-2026,9.97,9.97,9.97,9.97,200
NBTB,13-Jul-2026,50.38,50.86,50.15,50.61,291700
NBTX,13-Jul-2026,39.95,40.52,38.7401,39.15,106900
NCEL,13-Jul-2026,4.29,4.32,3.92,4,20600
NCI,13-Jul-2026,11.82,12.1166,11.8,11.88,77000
NCIQ,13-Jul-2026,15.56,15.62,15.44,15.4844,5900
NCMI,13-Jul-2026,3.9,4.035,3.895,3.99,238100
NCNA,13-Jul-2026,1.35,1.365,1.26,1.28,41000
NCNO,13-Jul-2026,17.32,17.71,17.02,17.4,2419000
NCPB,13-Jul-2026,24.74,24.74,24.675,24.675,2400
NCPL,13-Jul-2026,0.4751,0.4924,0.4596,0.462,99500
NCRA,13-Jul-2026,1.56,1.5779,1.4302,1.47,120800
NCSM,13-Jul-2026,44.98,46.4,44.34,44.34,3300
NCT,13-Jul-2026,2.82,3,2.7,2.92,1349900
NCTY,13-Jul-2026,4.47,4.64,3.96,4.04,65400
NDAA,13-Jul-2026,23.7558,23.7558,23.7558,23.7558,100
NDAQ,13-Jul-2026,88.95,89.42,87.9371,89.21,4066200
NDLS,13-Jul-2026,12.5,12.84,12.36,12.58,24000
NDRA,13-Jul-2026,5.3,5.58,5.16,5.5,24400
NDSN,13-Jul-2026,286.6,290.265,285.17,286.59,236500
NECB,13-Jul-2026,26.52,26.63,26.33,26.41,28200
NEGG,13-Jul-2026,14.2,14.6507,13.5,13.87,50700
NEMG,13-Jul-2026,13.43,13.43,13.4188,13.4188,500
NEO,13-Jul-2026,13.98,14.2382,13.85,14.11,1543100
NEOG,13-Jul-2026,9.59,9.75,9.515,9.65,1455400
NEON,13-Jul-2026,0.88,0.8826,0.815,0.8246,151500
NEOV,13-Jul-2026,2.32,2.4,2.16,2.22,1196000
NEOVW,13-Jul-2026,1.14,1.31,1.14,1.31,6000
NEPH,13-Jul-2026,3.47,3.7,3.47,3.59,8400
NERV,13-Jul-2026,4.68,4.68,4.27,4.27,160800
NESR,13-Jul-2026,28.53,29.1,28.01,28.2,1801300
NETG,13-Jul-2026,15.62,16.77,15.31,16.0069,85700
NEUP,13-Jul-2026,3.54,3.57,3.4,3.49,44900
NEWT,13-Jul-2026,14.74,14.86,14.6,14.73,127600
NEWTG,13-Jul-2026,25.66,25.66,25.515,25.52,600
NEWTH,13-Jul-2026,25.45,25.48,25.41,25.44,14100
NEWTI,13-Jul-2026,25.41,25.44,25.41,25.44,1900
NEWTP,13-Jul-2026,24.99,24.99,24.9,24.9,1400
NEWZ,13-Jul-2026,30.07,30.07,29.9243,29.9243,200
NEXM,13-Jul-2026,2.3,2.3,2.1901,2.2,58000
NEXN,13-Jul-2026,9.7,10.105,9.44,9.87,704300
NEXR,13-Jul-2026,0.48,0.48,0.4255,0.4401,314900
NEXT,13-Jul-2026,8.14,8.4483,7.99,8.16,2175600
NFBK,13-Jul-2026,14.54,14.68,14.4307,14.62,168000
NFE,13-Jul-2026,0.36,0.377,0.3454,0.3526,2576200
NFLX,13-Jul-2026,73.9,75.45,73.71,73.83,35101700
NFRX,13-Jul-2026,27.1456,27.1456,27.1456,27.1456,100
NFTY,13-Jul-2026,53.72,53.72,53.3,53.545,6100
NFXL,13-Jul-2026,16.68,17.25,16.49,16.55,1454400
NFXS,13-Jul-2026,20.77,20.84,20.41,20.84,17100
NGEN,13-Jul-2026,2.06,2.06,1.9,1.93,1128100
NGHT,13-Jul-2026,21.35,21.3749,20.77,21.29,11000
NGNE,13-Jul-2026,38.76,39.03,37.26,38.32,236100
NHIC,13-Jul-2026,10.84,10.84,10.76,10.79,49100
NHICU,13-Jul-2026,12.22,12.95,11.41,11.72,12300
NHICW,13-Jul-2026,1.8,1.9899,1.8,1.98,15200
NHIVW,13-Jul-2026,0.74,0.74,0.7329,0.7329,22100
NHP,13-Jul-2026,14.65,15.23,14.62,15.12,386800
NHPAP,13-Jul-2026,23.125,23.198,23.1,23.198,4700
NHPBP,13-Jul-2026,22.42,22.42,22.42,22.42,500
NHTC,13-Jul-2026,1.91,1.9299,1.82,1.83,16700
NICE,13-Jul-2026,102,105,101.81,103.48,450700
NICM,13-Jul-2026,6.06,6.06,6.06,6.06,2500
NIKI,13-Jul-2026,0.788,0.81,0.7781,0.81,14500
NIKL,13-Jul-2026,12.91,12.915,12.58,12.6438,49500
NIOBW,13-Jul-2026,1.56,1.58,1.23,1.24,12900
NIOG,13-Jul-2026,12.13,12.2405,11.9,12.0683,27500
NIPG,13-Jul-2026,6.4,6.4,6.0814,6.3999,2900
NIU,13-Jul-2026,2.15,2.195,2.115,2.15,301400
NIVF,13-Jul-2026,1.35,1.41,1.3,1.41,118100
NIVFW,13-Jul-2026,0.029,0.03,0.0265,0.0265,4200
NIXT,13-Jul-2026,31.96,32.94,31.96,32.736,3700
NIXX,13-Jul-2026,1.25,1.25,1.0801,1.14,2072500
NKLR,13-Jul-2026,4.93,4.93,4.57,4.64,216900
NKSH,13-Jul-2026,35.64,36.33,35.485,35.99,36400
NKTR,13-Jul-2026,69.71,69.99,67,68.32,666800
NKTX,13-Jul-2026,2.92,3.025,2.735,2.79,629800
NMAD,13-Jul-2026,6.02,6.24,5.44,5.64,364200
NMFC,13-Jul-2026,7.1,7.17,6.97,6.99,532000
NMFCZ,13-Jul-2026,25.4301,25.53,25.4301,25.52,900
NMIH,13-Jul-2026,41.31,41.79,40.875,41.53,419300
NMP,13-Jul-2026,10.29,10.29,10.29,10.29,10000
NMRA,13-Jul-2026,1.66,1.66,1.55,1.6,890700
NMRK,13-Jul-2026,15.31,15.58,14.96,15.09,989400
NMTC,13-Jul-2026,2.88,2.88,2.66,2.66,17600
NN,13-Jul-2026,15.94,16.05,15.34,15.44,1040600
NNBR,13-Jul-2026,3.46,3.59,3.3406,3.42,1854500
NNDM,13-Jul-2026,1.49,1.505,1.48,1.48,1123000
NNE,13-Jul-2026,18.47,18.64,17.745,18.02,2020600
NNNN,13-Jul-2026,9.53,10.53,8.5,9.97,42000
NNOX,13-Jul-2026,1.04,1.09,1.04,1.05,769400
NODK,13-Jul-2026,15.85,16.15,15.75,15.85,11500
NOEM,13-Jul-2026,10.5,10.5,10.47,10.4828,8300
NOMA,13-Jul-2026,3.1001,3.1001,3.1001,3.1001,1900
NOVT,13-Jul-2026,154.39,155.175,149.75,149.78,364300
NOVTU,13-Jul-2026,64.87,65.33,63.92,63.92,2300
NOWL,13-Jul-2026,5.25,5.6,5.09,5.42,14232800
NPAC,13-Jul-2026,10.38,10.39,10.38,10.38,16700
NPCE,13-Jul-2026,17.22,17.58,16.95,17.12,97300
NPFI,13-Jul-2026,25.98,26.07,25.948,25.985,28200
NPT,13-Jul-2026,2.68,2.75,2.6,2.72,33200
NRC,13-Jul-2026,21.65,22.27,21.24,21.83,55600
NRDS,13-Jul-2026,9.55,9.68,9.455,9.49,588400
NRES,13-Jul-2026,31.485,31.485,31.485,31.485,100
NRIM,13-Jul-2026,27.31,27.66,27.01,27.48,133200
NRIX,13-Jul-2026,22.56,22.75,21.23,22.71,1550800
NRSN,13-Jul-2026,0.73,0.73,0.7101,0.73,71400
NRSNW,13-Jul-2026,0.138,0.138,0.1275,0.1275,400
NRXP,13-Jul-2026,4.17,4.215,3.99,4.15,817700
NSI,13-Jul-2026,37.68,37.68,37.3818,37.3818,1500
NSIT,13-Jul-2026,120.33,122.22,119.58,121.35,198000
NSLR,13-Jul-2026,11.39,11.39,10.715,10.91,337400
NSPR,13-Jul-2026,0.72,0.72,0.7001,0.719,107100
NSSC,13-Jul-2026,35.93,36.3,35.62,35.74,282100
NSTS,13-Jul-2026,13.76,13.78,13.76,13.78,5300
NSYS,13-Jul-2026,13.8099,14.405,13.23,13.65,107700
NTAP,13-Jul-2026,168.18,168.525,160.5001,163.93,2664300
NTCL,13-Jul-2026,4.59,4.595,4.2001,4.3,49700
NTCT,13-Jul-2026,43.68,44.1299,42.565,43.14,532800
NTES,13-Jul-2026,131.9,132.83,130.81,131.43,982700
NTGR,13-Jul-2026,22.83,23.08,22.425,22.86,256600
NTHI,13-Jul-2026,4.5,4.59,4.29,4.32,69000
NTIC,13-Jul-2026,8.17,8.4081,8.1,8.1,5000
NTLA,13-Jul-2026,13.76,13.77,12.7725,13.02,7479000
NTNX,13-Jul-2026,55.39,55.655,54.325,55.22,1940300
NTRA,13-Jul-2026,266.88,273.335,261.63,272.89,1528000
NTRB,13-Jul-2026,2.96,2.9815,2.91,2.94,6900
NTRBW,13-Jul-2026,0.8,0.8,0.65,0.65,3100
NTRP,13-Jul-2026,2.13,2.13,2.03,2.08,21600
NTRS,13-Jul-2026,182.76,184.51,181.775,184.105,764900
NTRSO,13-Jul-2026,18.57,18.69,18.5,18.68,78500
NTSK,13-Jul-2026,12.87,12.9,12.11,12.8,4917800
NTWK,13-Jul-2026,4.35,4.43,4.35,4.35,3400
NUAI,13-Jul-2026,4.3,4.3132,3.97,4.12,7300000
NUAIW,13-Jul-2026,2.05,2.05,1.93,1.93,11000
NUCL,13-Jul-2026,6.8,6.8,6.16,6.33,333300
NUCLW,13-Jul-2026,1.1,1.15,0.9718,1.02,143100
NUG,13-Jul-2026,9.21,9.47,9.21,9.3074,3300
NUGY,13-Jul-2026,13.47,13.47,13.405,13.405,2300
NUIF,13-Jul-2026,26.22,26.2223,26.22,26.2223,1000
NUSB,13-Jul-2026,25.205,25.205,25.205,25.205,100
NUTX,13-Jul-2026,184.87,186.9996,175.08,179.15,101600
NUVL,13-Jul-2026,123.88,123.97,123.87,123.94,2458500
NUWE,13-Jul-2026,3.1,3.2,2.73,2.8,100500
NVAX,13-Jul-2026,9.13,9.27,8.805,8.91,3855200
NVCR,13-Jul-2026,15.91,16.43,15.79,16.09,857400
NVCT,13-Jul-2026,18.3,19,18.1,18.44,175500
NVD,13-Jul-2026,4.75,4.98,4.6601,4.98,66734800
NVDA,13-Jul-2026,208.54,210.57,203,203.53,121411000
NVDD,13-Jul-2026,32.52,33.42,32.33,33.39,158200
NVDG,13-Jul-2026,18.46,18.76,17.48,17.48,136300
NVDL,13-Jul-2026,32.29,32.8976,30.65,30.7,12379400
NVDS,13-Jul-2026,21.22,22.06,21.01,22.06,212000
NVDU,13-Jul-2026,129.59,130.905,122,122.03,347900
NVEC,13-Jul-2026,88.5,90.98,86.63,88.3,274300
NVMI,13-Jul-2026,455.85,465.49,448.23,452.73,462200
NVNI,13-Jul-2026,1.08,1.29,1.06,1.24,227600
NVNIW,13-Jul-2026,0.035,0.04,0.019,0.04,62600
NVNO,13-Jul-2026,11.36,12.18,10.75,11,152100
NVPS,13-Jul-2026,23.51,23.95,23.12,23.2341,29200
NVTS,13-Jul-2026,13.01,13.14,12.58,12.87,12117100
NVVE,13-Jul-2026,12.64,20.4,11.19,15.66,1845700
NVX,13-Jul-2026,0.487,0.487,0.4501,0.4526,266800
NVYY,13-Jul-2026,12.63,12.67,12.57,12.5946,37500
NWBI,13-Jul-2026,15.07,15.11,14.97,15.05,853800
NWE,13-Jul-2026,72.7,73.82,72.7,73.2,470600
NWFL,13-Jul-2026,31.16,32.1104,31.04,31.38,38300
NWGL,13-Jul-2026,0.3054,0.3054,0.24,0.249,377100
NWL,13-Jul-2026,5.17,5.284,4.97,5.14,6789100
NWPX,13-Jul-2026,132.45,135.48,131.73,133.19,207700
NWS,13-Jul-2026,31.07,31.54,31.02,31.41,1217600
NWSA,13-Jul-2026,27.66,27.99,27.46,27.73,2578000
NWTG,13-Jul-2026,0.83,0.867,0.8,0.867,58300
NXGL,13-Jul-2026,0.49,0.5088,0.4567,0.4714,213800
NXGLW,13-Jul-2026,0.0232,0.0275,0.0232,0.0275,3200
NXL,13-Jul-2026,0.4201,0.4245,0.39,0.3975,457300
NXPI,13-Jul-2026,283.45,286.82,277.56,278.39,4591900
NXPL,13-Jul-2026,6.69,6.8499,6.04,6.765,11200
NXST,13-Jul-2026,175.89,178.9042,174.76,175.46,185700
NXT,13-Jul-2026,109.18,111.35,98.77,99.67,3896200
NXTC,13-Jul-2026,2,2.36,1.7,2.18,222900
NXTG,13-Jul-2026,150.8,150.8,148.96,149.0814,18100
NXTS,13-Jul-2026,3.56,3.56,2.94,3.11,78700
NXTT,13-Jul-2026,1.05,1.11,0.94,1.02,152500
NXXT,13-Jul-2026,0.3163,0.3191,0.286,0.2993,2355800
NYAX,13-Jul-2026,63.528,63.85,61.795,62.57,24100
NYXH,13-Jul-2026,1.69,1.72,1.64,1.64,84000
NZAC,13-Jul-2026,45.84,45.8499,45.62,45.6494,1900
OABI,13-Jul-2026,2.26,2.28,2.11,2.11,416000
OABIW,13-Jul-2026,0.0809,0.0809,0.0809,0.0809,400
OACCW,13-Jul-2026,0.8301,1.21,0.8301,1,5200
OBAI,13-Jul-2026,0.65,0.6543,0.5834,0.598,796300
OBAWW,13-Jul-2026,0.2347,0.24,0.2347,0.24,1000
OBIL,13-Jul-2026,50.02,50.025,50,50.01,29200
OBIO,13-Jul-2026,3.97,4.03,3.82,3.82,218200
OBT,13-Jul-2026,36.91,37.615,36.74,36.86,61700
OBTC,13-Jul-2026,19.82,19.9339,19.61,19.9339,1200
OCC,13-Jul-2026,15.49,15.5,14.652,14.87,176700
OCCI,13-Jul-2026,2.67,2.69,2.61,2.64,167800
OCCIM,13-Jul-2026,25.2501,25.2501,25.2501,25.2501,100
OCFC,13-Jul-2026,19.26,19.335,19.085,19.14,628100
OCG,13-Jul-2026,1.65,1.72,1.5632,1.61,79500
OCGN,13-Jul-2026,1.44,1.465,1.4,1.41,5548300
OCS,13-Jul-2026,13.42,13.63,12.88,13.15,302500
OCSAW,13-Jul-2026,5.23,5.76,4.9601,5.19,5100
OCSL,13-Jul-2026,12.15,12.24,12.03,12.03,428300
OCTV,13-Jul-2026,16.66,17.03,16.51,16.95,977900
OCUL,13-Jul-2026,10.14,10.185,9.76,9.88,1437600
ODD,13-Jul-2026,17.32,17.53,16.24,16.55,737800
ODDS,13-Jul-2026,25.2568,25.2568,25.2568,25.2568,100
ODFL,13-Jul-2026,229.53,235.44,227.57,232.9,2072200
ODTE,13-Jul-2026,26.62,26.71,26.5,26.5398,7000
ODTX,13-Jul-2026,16.62,17.71,16,17.61,330300
ODYS,13-Jul-2026,4.46,4.835,4.46,4.835,24300
OESX,13-Jul-2026,10.23,10.845,10,10.28,156300
OFAL,13-Jul-2026,0.1722,0.1797,0.1628,0.163,442200
OFIX,13-Jul-2026,11.58,12.04,11.58,11.79,269400
OFLX,13-Jul-2026,30.395,30.395,29.16,29.82,118100
OFS,13-Jul-2026,3.68,3.7,3.585,3.6,19200
OGI,13-Jul-2026,0.96,0.9686,0.8811,0.8958,1112200
OHACR,13-Jul-2026,0.25,0.26,0.25,0.25,9700
OIM,13-Jul-2026,10.11,10.11,10.11,10.11,11100
OIMAU,13-Jul-2026,10.2,10.2,10.1,10.1,18400
OIMAW,13-Jul-2026,0.82,0.85,0.82,0.825,1200
OIO,13-Jul-2026,1.86,2.35,1.86,2.19,23100
OKLL,13-Jul-2026,4,4.045,3.55,3.68,10802000
OKTA,13-Jul-2026,137.98,141.685,134.37,139.53,2404500
OKTG,13-Jul-2026,28.76,30.33,28,29.532,11100
OKUR,13-Jul-2026,4.24,4.24,4,4.11,140700
OKYO,13-Jul-2026,1.67,1.67,1.55,1.55,201200
OLB,13-Jul-2026,0.325,0.3737,0.325,0.3579,606400
OLED,13-Jul-2026,80.75,80.89,77.8,77.94,572800
OLLI,13-Jul-2026,65.07,65.97,64.25,65.33,2127300
OLMA,13-Jul-2026,11.9,12.02,11.45,11.85,1226600
OLOX,13-Jul-2026,5.2,5.66,4.59,5.26,1009200
OM,13-Jul-2026,4.36,4.545,4.295,4.36,176100
OMAB,13-Jul-2026,107.32,108.35,105.97,106.13,39700
OMCL,13-Jul-2026,44.99,46.92,44.945,46.68,587700
OMDA,13-Jul-2026,23.57,24.05,23.38,23.5,1125500
OMER,13-Jul-2026,10.06,10.22,9.94,10.01,1220500
OMEX,13-Jul-2026,0.7,0.7072,0.6623,0.6735,484200
OMH,13-Jul-2026,0.386,0.386,0.322,0.3489,106000
OMSE,13-Jul-2026,4.39,4.53,4.3101,4.47,13700
ON,13-Jul-2026,92.99,92.99,90.09,90.37,9568800
ONB,13-Jul-2026,26.31,26.4,26.035,26.325,3989600
ONBPO,13-Jul-2026,24.91,25,24.81,24.97,3000
ONBPP,13-Jul-2026,25.09,25.17,25.085,25.085,1700
ONC,13-Jul-2026,302.19,307.9,301.13,303.96,459200
ONCHU,13-Jul-2026,10.54,10.54,10.54,10.54,8800
ONCO,13-Jul-2026,0.88,0.8836,0.8,0.862,767900
ONCY,13-Jul-2026,0.94,1.08,0.89,0.9289,8143800
ONDG,13-Jul-2026,2.4,2.52,2.24,2.2929,1590800
ONDS,13-Jul-2026,7.1103,7.295,6.87,6.96,107522200
ONEG,13-Jul-2026,1.14,1.17,1.14,1.16,23700
ONEQ,13-Jul-2026,102.67,103,101.715,101.9,317700
ONEW,13-Jul-2026,11.14,11.715,10.81,11.64,142100
ONFO,13-Jul-2026,0.19,0.19,0.155,0.1636,3948800
ONFOW,13-Jul-2026,0.0132,0.0133,0.0124,0.013,8300
ONMD,13-Jul-2026,0.7544,0.7544,0.7163,0.7457,41600
ONMDW,13-Jul-2026,0.0341,0.0342,0.034,0.034,3700
OPAL,13-Jul-2026,2.08,2.08,2.005,2.04,142700
OPBK,13-Jul-2026,14.87,15.1,14.825,14.96,36500
OPCH,13-Jul-2026,21.67,22.2,21.63,21.7,1738800
OPEG,13-Jul-2026,4.5,4.5,3.915,3.99,85100
OPEN,13-Jul-2026,4.75,4.76,4.44,4.485,62244100
OPENL,13-Jul-2026,0.255,0.2843,0.2308,0.2309,316200
OPENW,13-Jul-2026,0.4432,0.4646,0.4186,0.4189,123300
OPENZ,13-Jul-2026,0.24,0.2825,0.2255,0.2328,260100
OPK,13-Jul-2026,1.35,1.35,1.22,1.23,5062400
OPPJ,13-Jul-2026,57.09,57.37,56.78,56.9559,44300
OPRA,13-Jul-2026,19.25,19.4,18.56,18.8,306400
OPRT,13-Jul-2026,6.05,6.13,5.66,5.71,468800
OPRX,13-Jul-2026,6.47,6.6,6.37,6.55,227000
OPTH,13-Jul-2026,4.51,4.71,4.51,4.62,12800
OPTX,13-Jul-2026,8.78,9.0569,8.25,8.28,601400
OPTXW,13-Jul-2026,1.4,1.615,1.385,1.42,67500
OPTZ,13-Jul-2026,46.635,47,46.46,46.5431,1200
OPXS,13-Jul-2026,12.55,13.22,12.55,12.76,34800
ORBS,13-Jul-2026,0.6761,0.6869,0.625,0.6429,8782800
ORBX,13-Jul-2026,47.02,47.02,44.91,45.2877,31600
ORCS,13-Jul-2026,32.34,34.08,32.3,33.9804,130000
ORCU,13-Jul-2026,7.44,7.51,6.62,6.66,7384500
ORCX,13-Jul-2026,20.772,20.94,18.51,18.62,4857300
ORGO,13-Jul-2026,2.4,2.4,2.235,2.27,1029300
ORIC,13-Jul-2026,10.77,10.77,10.3,10.46,888900
ORIO,13-Jul-2026,0.74,0.7958,0.683,0.6887,123300
ORKA,13-Jul-2026,84.94,85.83,82.53,84.56,769700
ORKT,13-Jul-2026,1.07,1.07,1.01,1.03,15200
ORLG,13-Jul-2026,11.37,11.53,11.23,11.3797,1800
ORLY,13-Jul-2026,87.27,88.02,86.22,87.28,6439400
ORMP,13-Jul-2026,4,4.05,3.93,3.955,226500
ORR,13-Jul-2026,37,37,36.69,36.7575,102600
ORRF,13-Jul-2026,40.35,40.805,39.975,40.71,108200
OSBC,13-Jul-2026,22.89,23.14,22.76,23.06,329600
OSCG,13-Jul-2026,31.9134,31.9134,31.9134,31.9134,400
OSCX,13-Jul-2026,122.895,122.895,122.8028,122.8028,800
OSIS,13-Jul-2026,214.95,216.25,211.3,213.2,279800
OSPN,13-Jul-2026,15.22,15.39,15.06,15.09,338400
OSPRU,13-Jul-2026,10.06,10.06,10.06,10.06,400
OSRH,13-Jul-2026,0.3263,0.3768,0.3263,0.356,2115200
OSRHW,13-Jul-2026,0.0548,0.0549,0.045,0.0451,16800
OSS,13-Jul-2026,13.41,13.695,12.7478,12.99,1212000
OSUR,13-Jul-2026,4.28,4.34,4.235,4.3,266900
OSW,13-Jul-2026,26.09,26.51,26.025,26.1,715800
OTEX,13-Jul-2026,23.24,23.735,23.02,23.57,1422900
OTGA,13-Jul-2026,10.18,10.18,10.18,10.18,13200
OTGL,13-Jul-2026,10.641,10.641,10.641,10.641,100
OTLK,13-Jul-2026,1.57,1.64,1.49,1.55,8791700
OTLY,13-Jul-2026,9.82,10.17,9.62,10,80200
OTTR,13-Jul-2026,88.96,89.62,88.62,89.06,187300
OUST,13-Jul-2026,41.8,42.53,39.48,40.03,3370700
OVBC,13-Jul-2026,42.65,43.44,41.6,43.03,63000
OVID,13-Jul-2026,2.45,2.49,2.39,2.43,1147800
OVLY,13-Jul-2026,33.745,34.125,33.5,33.88,18700
OWLS,13-Jul-2026,5.69,5.76,5.6,5.76,21700
OXBR,13-Jul-2026,1.67,1.86,1.63,1.64,128000
OXBRW,13-Jul-2026,0.1398,0.1398,0.1398,0.1398,3000
OXLC,13-Jul-2026,9.15,9.34,9.105,9.19,739900
OXLCG,13-Jul-2026,25.21,25.37,25.03,25.03,4700
OXLCI,13-Jul-2026,25.46,25.5751,25.46,25.531,1200
OXLCL,13-Jul-2026,24.65,24.65,24.465,24.465,2000
OXLCM,13-Jul-2026,25.14,25.15,25.05,25.13,8400
OXLCN,13-Jul-2026,24.7,24.85,24.7,24.85,1300
OXLCO,13-Jul-2026,24.32,24.32,24.28,24.28,1100
OXLCZ,13-Jul-2026,24.7301,24.81,24.7301,24.8088,400
OXSQ,13-Jul-2026,1.5,1.51,1.465,1.47,1604400
OXSQG,13-Jul-2026,24.32,24.33,24.32,24.32,2000
OXSQH,13-Jul-2026,25.42,25.4201,25.42,25.4201,400
OZEM,13-Jul-2026,33.08,33.08,32.59,32.75,31700
OZK,13-Jul-2026,50.49,50.74,50.1,50.58,1332700
OZKAP,13-Jul-2026,16.15,16.35,16.15,16.315,30300
PAA,13-Jul-2026,23.22,23.66,23.03,23.54,2722700
PAAC,13-Jul-2026,9.96,9.96,9.95,9.95,500
PABD,13-Jul-2026,68.62,68.62,68.5163,68.5163,500
PABU,13-Jul-2026,76.8,76.8,76.6085,76.6085,300
PACB,13-Jul-2026,1.53,1.56,1.47,1.49,5397000
PACH,13-Jul-2026,10.21,10.21,10.21,10.21,100
PAGP,13-Jul-2026,25.06,25.395,24.97,25.24,1910700
PAHC,13-Jul-2026,30.89,33.08,30.64,33,498100
PAL,13-Jul-2026,6.9,7.22,6.85,7.13,295800
PALD,13-Jul-2026,12.22,12.49,12.01,12.0342,14500
PALI,13-Jul-2026,1.99,2,1.89,1.89,3224000
PALO,13-Jul-2026,9.9099,9.9099,9.9099,9.9099,100
PALOU,13-Jul-2026,10.05,10.065,10.05,10.05,1800
PALU,13-Jul-2026,46.13,47.79,43.82,47.79,86700
PAMT,13-Jul-2026,14.35,14.58,13.71,13.78,45000
PANG,13-Jul-2026,28.64,29.47,27.34,29.4628,20800
PANL,13-Jul-2026,6.93,7.145,6.76,7.07,431000
PANW,13-Jul-2026,325.11,331.08,316.25,330.3,5374800
PARK,13-Jul-2026,19.1515,21.21,19.1515,20.75,29800
PASG,13-Jul-2026,4.62,4.74,4.31,4.46,94900
PASW,13-Jul-2026,0.1675,0.1675,0.1528,0.1549,42300
PATK,13-Jul-2026,82.71,84.81,82.71,83.43,472600
PATN,13-Jul-2026,35.37,35.37,34.87,34.9372,67200
PAVM,13-Jul-2026,5.58,5.785,5.465,5.5,6100
PAVS,13-Jul-2026,5.62,5.74,5.44,5.55,51200
PAX,13-Jul-2026,11.1,11.225,10.845,10.91,571600
PAYO,13-Jul-2026,7.1,7.115,7.1,7.1,1872600
PAYP,13-Jul-2026,15.64,16.2,14.99,15.26,1724000
PAYS,13-Jul-2026,9.06,9.2,8.92,9.12,435200
PAYX,13-Jul-2026,108.91,111.64,108.7425,110.75,2352500
PBEU,13-Jul-2026,33.48,33.51,33.05,33.1056,33300
PBFS,13-Jul-2026,17.12,17.34,16.89,16.89,5100
PBHC,13-Jul-2026,15.74,16.76,15.36,16.3,86400
PBK,13-Jul-2026,0.65,0.6686,0.603,0.621,310100
PBLS,13-Jul-2026,30.35,30.375,28.68,29.63,640700
PBM,13-Jul-2026,3,3,2.82,2.85,30500
PBMWW,13-Jul-2026,0.0243,0.0243,0.0241,0.0241,2500
PBOG,13-Jul-2026,30.94,31.67,30.94,31.5278,33900
PBPH,13-Jul-2026,26.96,27.13,26.82,26.9905,65500
PBQQ,13-Jul-2026,31.16,31.36,31.11,31.2631,7100
PBRG,13-Jul-2026,33.05,33.61,32.67,33.6003,3100
PBSC,13-Jul-2026,25.1592,25.1592,25.1592,25.1592,100
PBYI,13-Jul-2026,7.95,8.18,7.72,8.08,293300
PCAP,13-Jul-2026,10.31,10.31,10.31,10.31,100
PCAPU,13-Jul-2026,10.41,10.41,10.41,10.41,1000
PCAPW,13-Jul-2026,0.3398,0.36,0.3398,0.36,2500
PCAR,13-Jul-2026,125.42,126.24,123.92,124.26,2691400
PCB,13-Jul-2026,29.28,29.78,28.925,29.18,34000
PCLA,13-Jul-2026,4.81,4.9,4.4,4.88,1388200
PCMM,13-Jul-2026,49.5069,49.82,49.5069,49.7441,9600
PCPI,13-Jul-2026,50.07,50.09,50.04,50.065,62600
PCRX,13-Jul-2026,25.41,25.89,25.255,25.54,450600
PCSA,13-Jul-2026,2.12,2.16,2.05,2.06,25700
PCSC,13-Jul-2026,10.6,11.1,9.95,10.98,461400
PCT,13-Jul-2026,7.23,7.3381,6.63,6.7,5025300
PCTTW,13-Jul-2026,2.77,2.77,2,2,17300
PCTY,13-Jul-2026,120.69,125.08,120.18,124.5,645400
PCVX,13-Jul-2026,58.13,58.245,56.585,57.03,831100
PCYO,13-Jul-2026,10.79,10.99,10.735,10.81,58200
PDBA,13-Jul-2026,37.17,37.19,36.96,37.01,33200
PDBC,13-Jul-2026,16.61,16.94,16.5801,16.9,4220500
PDC,13-Jul-2026,3.91,4.16,2.42,3.21,393600
PDD,13-Jul-2026,84.9,85.19,84.31,84.56,8048700
PDDL,13-Jul-2026,13.47,13.605,13.39,13.4581,9600
PDEX,13-Jul-2026,62.23,62.945,60.53,61.55,132000
PDFS,13-Jul-2026,53.37,54.35,52.23,52.79,396600
PDLB,13-Jul-2026,19.9,20.06,19.86,19.89,45200
PDP,13-Jul-2026,139.64,140.75,138.65,139.27,16300
PDSB,13-Jul-2026,0.7739,0.787,0.725,0.7452,324100
PDYN,13-Jul-2026,5.18,5.2699,5.07,5.15,1146400
PDYNW,13-Jul-2026,0.0246,0.0266,0.0178,0.024,347300
PEBK,13-Jul-2026,41.81,42.68,41.68,42.49,16000
PEBO,13-Jul-2026,38.44,38.615,38.15,38.41,224400
PECER,13-Jul-2026,0.47,0.47,0.47,0.47,2500
PECEW,13-Jul-2026,0.08,0.08,0.0778,0.0778,2600
PECO,13-Jul-2026,42.06,42.26,41.97,42.15,607600
PEGA,13-Jul-2026,31.76,32.54,30.975,31.94,1801500
PENG,13-Jul-2026,75.38,81.9997,74.04,77.21,4018900
PENN,13-Jul-2026,20.36,20.805,20.3,20.48,2614500
PEP,13-Jul-2026,138.02,140.25,137.75,138.49,6716300
PEPG,13-Jul-2026,2.33,2.519,2.28,2.44,2361400
PEPS,13-Jul-2026,32.3009,32.3009,32.3009,32.3009,100
PERI,13-Jul-2026,9.35,9.545,9.33,9.33,297600
PESI,13-Jul-2026,13.79,14.61,13.79,14.25,289800
PETS,13-Jul-2026,1.88,2.015,1.87,1.91,323700
PETZ,13-Jul-2026,1.18,1.2423,1.1196,1.17,6000
PEY,13-Jul-2026,23.81,24.01,23.81,23.86,165700
PEZ,13-Jul-2026,100.615,100.615,99.85,99.93,600
PFAI,13-Jul-2026,3.685,3.685,3.685,3.685,300
PFBC,13-Jul-2026,105.95,106.435,104.9401,105.93,52900
PFDE,13-Jul-2026,27.87,27.91,27.725,27.7656,46800
PFF,13-Jul-2026,30.45,30.52,30.33,30.35,2503000
PFG,13-Jul-2026,113.33,114.06,112.795,113.61,1157100
PFI,13-Jul-2026,62.335,62.335,61.5747,61.7239,5200
PFIS,13-Jul-2026,66.47,67.12,66.22,66.71,43200
PFM,13-Jul-2026,56.08,56.16,55.86,55.9869,22000
PFOE,13-Jul-2026,23.02,23.209,23.01,23.0219,57400
PFSA,13-Jul-2026,2.03,2.4,1.915,2.21,310000
PFXNZ,13-Jul-2026,23.92,23.95,23.92,23.95,300
PGC,13-Jul-2026,46.22,46.64,45.89,46.31,192600
PGEN,13-Jul-2026,5.25,5.26,5.035,5.17,3042700
PGJ,13-Jul-2026,23.77,23.87,23.56,23.63,12900
PGNY,13-Jul-2026,30.89,32,30.835,31.98,1162600
PGY,13-Jul-2026,17.93,18.285,17.28,17.59,2056600
PGYWW,13-Jul-2026,0.0387,0.0388,0.0345,0.0345,70400
PHAR,13-Jul-2026,13.79,13.98,13.22,13.77,11700
PHAT,13-Jul-2026,12.53,12.6359,10.9025,10.915,1837400
PHIO,13-Jul-2026,1.02,1.02,0.9957,1,108500
PHO,13-Jul-2026,69.1,69.4759,68.67,68.9,76000
PHOE,13-Jul-2026,21.82,25.99,20.0101,20.7,12900
PHUN,13-Jul-2026,2.08,2.23,2.04,2.23,169200
PHVS,13-Jul-2026,34.82,35.18,33.83,35.07,286600
PI,13-Jul-2026,141.93,149.46,140.965,146.02,385500
PICS,13-Jul-2026,11.84,12.33,11.57,11.81,305100
PID,13-Jul-2026,22.69,22.83,22.69,22.74,73000
PIE,13-Jul-2026,32.19,32.24,31.9,32.01,20900
PIII,13-Jul-2026,10.22,11.0831,10.13,10.47,20700
PIIIW,13-Jul-2026,0.0103,0.0149,0.0103,0.0148,4200
PIO,13-Jul-2026,45.3,45.49,45.0675,45.146,4600
PIZ,13-Jul-2026,53.16,53.209,52.46,52.565,61000
PKBK,13-Jul-2026,32.68,33.48,32.04,32.96,44300
PKOH,13-Jul-2026,36.68,37.67,35.22,36.58,68200
PKW,13-Jul-2026,143.72,144.7586,143.66,143.8043,11700
PLA,13-Jul-2026,24.225,24.32,24.12,24.3064,2500
PLAB,13-Jul-2026,28.99,29.16,28.4657,28.56,919800
PLAY,13-Jul-2026,10.45,10.71,9.9275,10.05,1434200
PLBC,13-Jul-2026,58.34,58.73,57.81,58.41,40700
PLBL,13-Jul-2026,7.96,8.82,7.2151,7.25,399300
PLBY,13-Jul-2026,1.17,1.2289,1.17,1.17,424700
PLCE,13-Jul-2026,2.99,3.08,2.94,2.99,229400
PLMK,13-Jul-2026,10.69,12,10.69,11.3,16100
PLMKU,13-Jul-2026,11.49,11.5,11.49,11.5,900
PLMKW,13-Jul-2026,0.46,0.48,0.46,0.46,10200
PLMR,13-Jul-2026,137.31,139.77,134.11,139.58,424600
PLPC,13-Jul-2026,344.24,362.9999,333.96,340.03,75300
PLRX,13-Jul-2026,1.13,1.175,1.1096,1.14,1219300
PLRZ,13-Jul-2026,14.55,15.0643,13.4,13.86,30200
PLSE,13-Jul-2026,25.9,26.7,25.42,25.89,209900
PLSM,13-Jul-2026,5.08,5.191,3.4,3.62,24699700
PLTD,13-Jul-2026,8.03,8.1403,7.854,7.89,57102600
PLTG,13-Jul-2026,10.61,11.12,10.42,11.03,359000
PLTK,13-Jul-2026,3.81,4.24,3.8,4.11,2466800
PLTR,13-Jul-2026,127.29,130.72,126.195,130.04,39786400
PLTU,13-Jul-2026,29.76,31.21,29.1589,30.91,2763700
PLTZ,13-Jul-2026,29.55,29.96,27.9453,28.16,642000
PLUG,13-Jul-2026,2.2,2.26,2.135,2.17,35486600
PLUL,13-Jul-2026,8.95,9.08,8.29,8.555,34600
PLUR,13-Jul-2026,1.91,1.91,1.6,1.63,50200
PLUS,13-Jul-2026,90.22,91.83,87.99,90,263100
PLUT,13-Jul-2026,3,3,3,3,200
PLXS,13-Jul-2026,264.34,267,257.74,259.03,352000
PLYX,13-Jul-2026,2.31,2.31,2.1401,2.2,99700
PLYY,13-Jul-2026,8.695,8.78,8.695,8.77,7300
PMA,13-Jul-2026,1.31,1.45,1.31,1.37,749700
PMAX,13-Jul-2026,1.66,1.76,1.61,1.65,70100
PMBS,13-Jul-2026,48.8878,48.8899,48.7584,48.765,59600
PMCB,13-Jul-2026,0.7,0.72,0.66,0.66,90300
PMEC,13-Jul-2026,0.5902,0.6399,0.5612,0.6188,13300
PMN,13-Jul-2026,14.11,14.7599,12.8,12.8,75800
PMTR,13-Jul-2026,10.45,10.4512,10.45,10.4512,9000
PMTRW,13-Jul-2026,1,1,1,1,1200
PMTS,13-Jul-2026,19.59,20.08,18.846,19.24,34400
PMVP,13-Jul-2026,1.24,1.345,1.24,1.28,889700
PN,13-Jul-2026,3.69,4.1411,3.69,3.98,33200
PNBK,13-Jul-2026,1.2,1.2099,1.135,1.14,246500
PNQI,13-Jul-2026,48.32,48.87,48.3,48.4244,18000
PNRG,13-Jul-2026,180.99,186,180.6,182.44,58800
PNTG,13-Jul-2026,40.66,41.666,39.64,39.86,233400
POCI,13-Jul-2026,4.98,5.33,4.795,4.8,20100
PODC,13-Jul-2026,4.11,4.43,4.05,4.19,121700
PODD,13-Jul-2026,161.48,164.45,161.23,162.06,1616800
POET,13-Jul-2026,8.22,8.27,7.82,8,11723600
POLA,13-Jul-2026,1.7,1.7,1.61,1.62,41300
POLE,13-Jul-2026,10.77,10.78,10.77,10.78,3000
POM,13-Jul-2026,1.78,1.78,1.42,1.42,17200
PONO,13-Jul-2026,9.97,9.97,9.97,9.97,100
PONY,13-Jul-2026,6.535,6.725,6.365,6.69,3771700
POOL,13-Jul-2026,211.92,214.7,209.08,210.82,611300
POWI,13-Jul-2026,69.88,70.4242,68.87,69.44,586500
POWL,13-Jul-2026,225.93,232.49,222.93,225.66,1072300
POWW,13-Jul-2026,2.49,2.53,2.36,2.38,1179100
POWWP,13-Jul-2026,24.21,24.21,24.21,24.21,300
PPBT,13-Jul-2026,1.56,1.61,1.46,1.52,45800
PPC,13-Jul-2026,28.42,28.81,28.05,28.51,1834900
PPCB,13-Jul-2026,1.58,1.63,1.56,1.6,96700
PPH,13-Jul-2026,108.6,109.49,107.97,108.78,125800
PPHC,13-Jul-2026,8.42,8.71,7.9191,8.4,381200
PPI,13-Jul-2026,20.95,20.98,20.88,20.9174,8500
PPIH,13-Jul-2026,25.48,25.52,24.57,24.7,82100
PPLI,13-Jul-2026,46.66,46.935,45.86,45.89,585900
PPSI,13-Jul-2026,3.62,3.62,3.55,3.57,70700
PPTA,13-Jul-2026,18.95,19.1243,18.375,18.66,1186900
PQAP,13-Jul-2026,31.93,31.93,31.875,31.875,400
PQJA,13-Jul-2026,31.61,31.61,31.54,31.54,600
PQJL,13-Jul-2026,30.72,30.77,30.57,30.58,10000
PQOC,13-Jul-2026,31.165,31.165,31.16,31.16,300
PRAA,13-Jul-2026,18.73,18.9,18.23,18.29,228300
PRAX,13-Jul-2026,320,327.26,308.24,314.56,237400
PRCH,13-Jul-2026,14.19,14.2743,13.37,13.41,3206400
PRCT,13-Jul-2026,21.08,21.56,20.92,21.22,1085000
PRDO,13-Jul-2026,35.86,36.63,35.86,36.55,434100
PRE,13-Jul-2026,18.6,19.98,18.1,18.68,166200
PRENW,13-Jul-2026,0.0107,0.0141,0.0082,0.0096,116000
PRFX,13-Jul-2026,1.33,1.34,1.23,1.24,151700
PRFZ,13-Jul-2026,54.47,54.55,54.06,54.17,95600
PRGS,13-Jul-2026,38.23,39.1,37.28,38.23,668000
PRHI,13-Jul-2026,5,5.39,4.84,5.39,4100
PRHIZ,13-Jul-2026,18.05,18.05,17.45,17.4999,6000
PRLD,13-Jul-2026,4.73,4.73,4.41,4.44,320500
PRME,13-Jul-2026,3.69,3.69,3.495,3.515,3550400
PRMR,13-Jul-2026,28.19,28.23,28.12,28.147,2900
PRN,13-Jul-2026,227.49,228.2,223.58,224.43,45100
PROF,13-Jul-2026,7.05,7.215,6.95,7.15,89800
PROK,13-Jul-2026,1.75,1.75,1.6,1.61,2048200
PROP,13-Jul-2026,0.75,0.8069,0.7461,0.7729,1600100
PROV,13-Jul-2026,17.3,17.34,17.12,17.12,6800
PRPL,13-Jul-2026,0.325,0.3342,0.325,0.3277,180800
PRPO,13-Jul-2026,24.3,25.74,23.5,24,121200
PRQR,13-Jul-2026,1.81,1.85,1.68,1.7,783900
PRSO,13-Jul-2026,0.82,0.8286,0.755,0.755,408700
PRTA,13-Jul-2026,9.17,9.19,8.76,8.83,781700
PRTH,13-Jul-2026,7.11,7.215,6.98,7.13,435600
PRTS,13-Jul-2026,5.95,6.08,5.5601,5.66,21500
PRVA,13-Jul-2026,27.49,27.96,27.4405,27.89,1045500
PRZO,13-Jul-2026,0.52,0.52,0.4916,0.4936,220500
PSC,13-Jul-2026,68.14,68.88,67.85,67.9672,94600
PSCC,13-Jul-2026,36.61,36.61,36.3665,36.3665,4000
PSCD,13-Jul-2026,117.88,117.88,116.9677,116.9677,500
PSCE,13-Jul-2026,56.49,57.4,56.34,57.0919,36200
PSCF,13-Jul-2026,65.7,65.71,65.5,65.65,2400
PSCH,13-Jul-2026,53.425,53.58,53.2557,53.356,39000
PSCI,13-Jul-2026,177.27,177.44,176.12,176.7203,11400
PSCM,13-Jul-2026,98.13,98.25,96.759,97.3344,14100
PSCT,13-Jul-2026,82.66,82.95,81.1601,81.68,19000
PSCU,13-Jul-2026,64.71,64.81,64.422,64.422,1000
PSEC,13-Jul-2026,2.25,2.27,2.2328,2.25,4300600
PSET,13-Jul-2026,76.8364,76.8364,76.8364,76.8364,200
PSHG,13-Jul-2026,1.63,1.68,1.63,1.66,55700
PSIG,13-Jul-2026,1.2,1.27,1.2,1.26,184700
PSIX,13-Jul-2026,33.8,34.155,31.9,32.18,520800
PSKY,13-Jul-2026,9.46,9.795,9.375,9.55,10841700
PSL,13-Jul-2026,115.11,115.11,114.911,114.9992,500
PSMT,13-Jul-2026,195.59,198.7819,190.73,191.13,243100
PSNL,13-Jul-2026,13.83,16.1499,13.52,15.04,10668200
PSNY,13-Jul-2026,18.38,19.1,17.965,18.01,78500
PSNYW,13-Jul-2026,2.27,2.48,2.27,2.44,8500
PSTR,13-Jul-2026,30.845,30.845,30.82,30.8407,300
PSTV,13-Jul-2026,4.04,4.36,3.9992,4.17,375000
PSWD,13-Jul-2026,42.84,42.84,42.68,42.8269,900
PTAC,13-Jul-2026,9.99,9.99,9.99,9.99,100
PTACU,13-Jul-2026,10.05,10.05,10.02,10.02,14100
PTC,13-Jul-2026,125.19,126.69,124.33,125.42,961900
PTCT,13-Jul-2026,83.24,83.675,80.69,81.33,985900
PTEN,13-Jul-2026,9.62,9.78,9.5301,9.68,5829600
PTF,13-Jul-2026,111.65,111.965,108.07,109.07,470900
PTGX,13-Jul-2026,130.05,131.36,125.3225,129.89,541000
PTH,13-Jul-2026,59.72,59.72,58.34,58.7,18700
PTIR,13-Jul-2026,11.05,11.63,10.865,11.52,6509300
PTLE,13-Jul-2026,9.8,10.12,9.09,10.01,9300
PTLO,13-Jul-2026,4.68,4.825,4.665,4.75,1210200
PTN,13-Jul-2026,9.89,10.185,9.5,9.52,8500
PTNQ,13-Jul-2026,86.5525,86.6331,85.66,85.91,38000
PTON,13-Jul-2026,5.86,6.2099,5.86,6.08,9360100
PTOR,13-Jul-2026,9.93,9.93,9.93,9.93,36000
PTORW,13-Jul-2026,0.404,0.404,0.34,0.34,3600
PTRN,13-Jul-2026,28.76,29.5166,28.12,28.44,1162200
PUBM,13-Jul-2026,13.56,13.845,13.4558,13.57,313300
PUI,13-Jul-2026,47.2101,47.37,47.205,47.3279,2600
PUL,13-Jul-2026,23.31,23.38,23.17,23.2297,600
PULM,13-Jul-2026,1.78,1.78,1.6204,1.67,14700
PUR,13-Jul-2026,16.04,16.04,15.051,15.0748,1600
PURR,13-Jul-2026,7.35,7.43,7,7.16,8349700
PUSA,13-Jul-2026,3.79,3.89,3.6,3.64,185000
PVLA,13-Jul-2026,142.11,146.35,137.365,146.03,209700
PWCM,13-Jul-2026,3.3,3.4,2.8,2.92,134900
PWP,13-Jul-2026,14.91,15.12,14.61,14.91,939600
PWRD,13-Jul-2026,113.48,114.21,112.4275,112.75,67300
PWRL,13-Jul-2026,14.86,15.2458,13,13.05,117000
PXI,13-Jul-2026,57.86,58.2739,57.86,58.0576,2300
PXLW,13-Jul-2026,6.05,6.245,5.83,5.92,27700
PXS,13-Jul-2026,4.16,4.3407,4.152,4.22,23500
PY,13-Jul-2026,55.44,55.51,55.375,55.4442,5600
PYPD,13-Jul-2026,5.26,5.32,5,5.04,254500
PYPG,13-Jul-2026,6,6.38,5.85,6.2,1559500
PYPL,13-Jul-2026,46.9,48.43,46.285,47.65,20294100
PYXS,13-Jul-2026,2.65,2.68,2.42,2.44,942900
PYZ,13-Jul-2026,120.31,120.31,119.3757,119.3757,500
PZZA,13-Jul-2026,32.89,33.57,32.02,33.25,878400
QABA,13-Jul-2026,67.14,67.417,67.115,67.3659,1100
QADRW,13-Jul-2026,0.28,0.28,0.28,0.28,15900
QALT,13-Jul-2026,26.43,26.47,26.32,26.34,10600
QAT,13-Jul-2026,17.805,17.805,17.7566,17.7566,2600
QB,13-Jul-2026,47.2744,47.2744,47.2744,47.2744,100
QBIG,13-Jul-2026,40.165,40.165,39.76,39.7888,2100
QBTZ,13-Jul-2026,5.1,5.685,5.1,5.62,1537600
QBUF,13-Jul-2026,30.56,30.599,30.4306,30.4781,23200
QBY,13-Jul-2026,7.46,7.47,7.37,7.39,13300
QCLN,13-Jul-2026,54.48,54.69,53.29,53.57,118900
QCLR,13-Jul-2026,28.245,28.245,28.245,28.245,100
QCLS,13-Jul-2026,3.64,3.65,3.38,3.43,253800
QCMD,13-Jul-2026,16.42,16.67,16.22,16.5237,18700
QCML,13-Jul-2026,19.66,20.28,18.978,19.31,574700
QCMU,13-Jul-2026,24.26,25.17,23.6076,24.1187,107900
QCOM,13-Jul-2026,185.06,188.16,181.81,183.98,13007200
QCRH,13-Jul-2026,96.71,97.28,95.66,96.81,65800
QDEL,13-Jul-2026,18.27,18.63,17.41,17.89,1123000
QDTY,13-Jul-2026,40.81,40.81,40.42,40.4256,13900
QETA,13-Jul-2026,11.74,11.74,11.72,11.74,900
QETAU,13-Jul-2026,12,12.41,11.44,11.44,3600
QEW,13-Jul-2026,29.63,29.7399,29.485,29.55,4700
QFIN,13-Jul-2026,13.28,13.5995,12.655,12.8,1545100
QGRD,13-Jul-2026,30,30,29.6,29.6134,13200
QH,13-Jul-2026,6.35,6.37,5.99,6.01,22800
QLDY,13-Jul-2026,44.96,44.96,43.88,44.05,46800
QLYS,13-Jul-2026,154.42,155.395,148.31,151.54,720900
QMCO,13-Jul-2026,9.88,10.16,9.5601,9.67,437100
QMID,13-Jul-2026,29.13,29.32,29.13,29.2322,3200
QMOM,13-Jul-2026,75.3,75.7399,74.83,74.9921,27600
QNCX,13-Jul-2026,17.61,18.21,17.21,17.25,54000
QNDX,13-Jul-2026,24.34,24.34,24.055,24.11,764100
QNRX,13-Jul-2026,4.45,4.49,4.06,4.23,26100
QNST,13-Jul-2026,16.86,17.675,16.54,17.61,636200
QNT,13-Jul-2026,70,70.5225,62.9287,64.09,1594400
QNTM,13-Jul-2026,3.33,3.63,3.33,3.53,63700
QNXT,13-Jul-2026,31.1,31.1,30.8425,30.8425,1700
QOWZ,13-Jul-2026,34.83,34.8301,34.7,34.7391,1600
QPUX,13-Jul-2026,19.04,19.04,16.2501,16.78,205000
QQA,13-Jul-2026,56.69,56.94,56.29,56.43,141800
QQDN,13-Jul-2026,22.31,22.68,22.31,22.6497,1700
QQEW,13-Jul-2026,157.5,158.175,156.49,156.97,28900
QQHG,13-Jul-2026,65.5584,65.5584,65.5584,65.5584,100
QQLV,13-Jul-2026,24.9798,24.9798,24.9798,24.9798,100
QQMG,13-Jul-2026,49.83,49.88,49.405,49.52,31200
QQQ,13-Jul-2026,717.72,718.74,710.08,711.74,36552300
QQQA,13-Jul-2026,76.18,76.18,74.45,74.71,50300
QQQE,13-Jul-2026,120.16,120.16,118.87,119.15,106800
QQQG,13-Jul-2026,31.05,31.48,31.05,31.1484,8900
QQQH,13-Jul-2026,55.49,55.49,55.0304,55.1,19100
QQQI,13-Jul-2026,55.81,55.89,55.27,55.41,6877700
QQQJ,13-Jul-2026,44.82,44.92,44.43,44.57,106300
QQQM,13-Jul-2026,295.49,295.845,292.37,293.06,3386800
QQQP,13-Jul-2026,220.76,220.76,217.05,217.4374,1500
QQQS,13-Jul-2026,44.2,44.2,43.4,43.5969,7200
QQQT,13-Jul-2026,18.2,18.25,18.05,18.1,27800
QQQX,13-Jul-2026,30.34,30.5,30.07,30.26,172500
QQQY,13-Jul-2026,23.25,23.25,22.93,23.01,116100
QQUP,13-Jul-2026,60,60,58.8754,58.8754,3200
QQWZ,13-Jul-2026,28.58,28.69,28.4001,28.4508,21400
QQXL,13-Jul-2026,55.37,56,55.0851,55.0851,2700
QQXT,13-Jul-2026,99.22,99.61,99.22,99.2697,3700
QRHC,13-Jul-2026,1.27,1.345,1.27,1.3,7300
QRMI,13-Jul-2026,15.371,15.41,15.34,15.3679,12100
QRVO,13-Jul-2026,85.13,85.96,83.66,84.35,751800
QS,13-Jul-2026,6.47,6.5,6.12,6.28,30671800
QSEAR,13-Jul-2026,0.111,0.28,0.111,0.27,3400
QSI,13-Jul-2026,0.88,0.8828,0.85,0.8693,3532900
QSIX,13-Jul-2026,42.29,42.29,42.1905,42.1905,7400
QSML,13-Jul-2026,33.57,33.57,33.5027,33.5027,1400
QTEC,13-Jul-2026,315.56,316.6,310.64,312.2,209300
QTEX,13-Jul-2026,1.5,1.56,1.46,1.48,2114500
QTEXW,13-Jul-2026,0.0231,0.0419,0.023,0.0241,114100
QTI,13-Jul-2026,3.73,3.8,3.63,3.63,7200
QTOP,13-Jul-2026,37.65,37.71,37.225,37.29,79100
QTR,13-Jul-2026,34.45,34.45,34.2378,34.2378,1800
QTRX,13-Jul-2026,3.89,4.06,3.81,3.88,289600
QTTB,13-Jul-2026,18.31,22.5,17.281,21.38,27866800
QTUM,13-Jul-2026,151.98,152.04,148.42,149.02,323300
QUBT,13-Jul-2026,8.5,8.51,7.9237,8,11149200
QUCY,13-Jul-2026,1.36,1.36,1.239,1.26,1048900
QUIK,13-Jul-2026,15.1,15.189,14.51,14.64,219900
QUMS,13-Jul-2026,10.265,10.265,10.265,10.265,200
QURE,13-Jul-2026,41.87,42.52,40.3,41.1,1460400
QVAL,13-Jul-2026,56.67,57.15,56.67,56.7875,16700
QVOL,13-Jul-2026,100.59,100.59,99.26,99.2669,10800
QXL,13-Jul-2026,5.31,5.6,5.11,5.21,157600
QXQ,13-Jul-2026,31.6,31.84,31.5982,31.5982,8500
QYLD,13-Jul-2026,18.3,18.325,18.12,18.15,4686200
QYLG,13-Jul-2026,29.72,29.905,29.56,29.6449,74600
RAA,13-Jul-2026,29.5,29.5,29.35,29.3803,24600
RACC,13-Jul-2026,10.95,11.3,10.95,11.3,2300
RACD,13-Jul-2026,10.35,10.5,10.31,10.34,671400
RADX,13-Jul-2026,4.26,4.35,4.25,4.33,8200
RAIL,13-Jul-2026,7.97,8.09,7.8026,7.84,208300
RAIN,13-Jul-2026,1.81,1.845,1.67,1.705,22800
RAND,13-Jul-2026,10.1501,10.1501,10.15,10.15,900
RANGR,13-Jul-2026,0.26,0.26,0.26,0.26,100
RANI,13-Jul-2026,0.6904,0.6986,0.6126,0.6326,1118300
RAPP,13-Jul-2026,41.12,42.655,39.62,40.59,364500
RARE,13-Jul-2026,33.06,33.3,31.81,33.22,1394200
RAUS,13-Jul-2026,29.56,29.56,29.37,29.4056,3900
RAVE,13-Jul-2026,3.2,3.2999,3.2,3.2,12300
RAY,13-Jul-2026,2.91,2.915,2.685,2.685,2700
RAYA,13-Jul-2026,2.85,2.9999,2.65,2.745,15900
RBB,13-Jul-2026,26.7,27.345,26.7,27.26,227000
RBBN,13-Jul-2026,2.31,2.365,2.275,2.28,388200
RBCAA,13-Jul-2026,88.16,89.1,87.77,88.42,99800
RBIL,13-Jul-2026,50.03,50.05,50.02,50.0347,21000
RBKB,13-Jul-2026,16.95,17.01,16.9,16.95,27900
RBNE,13-Jul-2026,6.34,7.19,5.77,6.71,263400
RCAT,13-Jul-2026,8.74,8.745,8.27,8.38,7242400
RCAX,13-Jul-2026,3.93,3.93,3.52,3.63,501800
RCEL,13-Jul-2026,4.1,4.12,3.83,3.95,241200
RCGE,13-Jul-2026,30.097,30.097,30.097,30.097,100
RCKT,13-Jul-2026,3.83,3.86,3.62,3.72,1719900
RCKTW,13-Jul-2026,0.0028,0.003,0.0027,0.003,4500
RCKY,13-Jul-2026,40.25,41.64,40.005,40.2,48700
RCMT,13-Jul-2026,28.11,28.66,27.5,27.51,69100
RCON,13-Jul-2026,0.4589,0.4589,0.42,0.4588,9300
RCT,13-Jul-2026,0.2896,0.2896,0.219,0.248,30681900
RDAC,13-Jul-2026,5.3,5.3,5.3,5.3,400
RDACR,13-Jul-2026,0.0801,0.0801,0.0801,0.0801,200
RDCM,13-Jul-2026,14.29,14.65,14.04,14.4,106000
RDGT,13-Jul-2026,1.53,1.56,1.46,1.53,264800
RDHL,13-Jul-2026,0.71,0.722,0.637,0.693,154100
RDI,13-Jul-2026,1.22,1.24,1.22,1.225,5200
RDNT,13-Jul-2026,65.49,66.41,62.89,63.31,577400
RDNW,13-Jul-2026,5.89,6.07,5.7126,5.95,70400
RDTL,13-Jul-2026,25.97,28.22,25.6009,27.29,369000
RDTY,13-Jul-2026,38.35,38.35,38.05,38.0799,14300
RDVT,13-Jul-2026,67.81,69.5,67.81,68.45,119600
RDVY,13-Jul-2026,79.95,80.24,79.485,79.75,877700
RDWR,13-Jul-2026,31.33,31.33,29.72,30.82,303200
RDZN,13-Jul-2026,1.18,1.215,1.1679,1.19,299100
RDZNW,13-Jul-2026,0.119,0.12,0.1053,0.1054,30800
REAI,13-Jul-2026,21.2979,21.2979,21.2979,21.2979,100
REAL,13-Jul-2026,10.44,10.84,10.42,10.68,2694000
REAX,13-Jul-2026,2.06,2.11,1.99,2.07,4907300
REBN,13-Jul-2026,1.46,1.5094,1.41,1.41,22500
RECT,13-Jul-2026,1.26,1.26,1.21,1.22,5800
REFI,13-Jul-2026,10.84,10.9,10.7,10.73,120000
REFR,13-Jul-2026,0.5305,0.5898,0.5305,0.5445,25000
REG,13-Jul-2026,79.9,80.8,79.75,79.94,958700
REGCO,13-Jul-2026,22.16,22.225,22,22.1,5300
REGCP,13-Jul-2026,23.2619,23.34,23.2619,23.3,3500
REGN,13-Jul-2026,661.63,665.6,655.11,663.09,606300
REIT,13-Jul-2026,30.59,30.7184,30.58,30.7184,4700
REKR,13-Jul-2026,0.6873,0.7071,0.6201,0.633,2510400
RELL,13-Jul-2026,16.91,17.06,16.5,17.015,107300
RELY,13-Jul-2026,23.75,24.19,23.62,23.68,2295700
REMG,13-Jul-2026,35.63,35.64,35.2175,35.2526,7600
RENT,13-Jul-2026,3.37,3.45,3.31,3.34,53200
RENX,13-Jul-2026,2.03,2.08,2.02,2.08,29500
REPL,13-Jul-2026,10.91,10.91,9.79,9.935,2830000
RETO,13-Jul-2026,2.85,3.4,2.8,3.05,29600
REVB,13-Jul-2026,1.0198,1.02,0.9869,0.9869,18900
REVBW,13-Jul-2026,0.0065,0.0099,0.0063,0.0099,35700
REXC,13-Jul-2026,18.32,18.32,17.6101,17.7199,68500
REYN,13-Jul-2026,26.39,26.84,26.14,26.3,846400
RFAI,13-Jul-2026,11.05,11.06,11.05,11.06,4700
RFAIR,13-Jul-2026,0.1,0.1,0.1,0.1,100
RFAM,13-Jul-2026,9.93,9.93,9.93,9.93,23100
RFAMR,13-Jul-2026,0.1248,0.1248,0.12,0.12,500
RFDI,13-Jul-2026,87.77,87.77,87.4853,87.4853,1100
RFEM,13-Jul-2026,93.5,93.5,92.575,92.575,700
RFIL,13-Jul-2026,16.7,16.87,15.76,15.76,380800
RGC,13-Jul-2026,5.99,5.99,4.9178,5.05,476100
RGCO,13-Jul-2026,24.16,27.985,23.955,24.51,13500
RGEN,13-Jul-2026,142.8,146.69,141.64,144.88,753300
RGLD,13-Jul-2026,194.33,195,191.01,193.47,847800
RGLO,13-Jul-2026,32.93,32.93,32.74,32.7631,23200
RGNX,13-Jul-2026,13.56,13.56,12.19,12.75,2184700
RGP,13-Jul-2026,4.75,4.805,4.63,4.65,518000
RGS,13-Jul-2026,27.28,27.885,27.28,27.45,2100
RGTI,13-Jul-2026,16.17,16.3,15.15,15.36,26371100
RGTIW,13-Jul-2026,7,7,6.2,6.32,112500
RGTX,13-Jul-2026,12.535,12.6627,10.9714,11.3,750400
RGTZ,13-Jul-2026,5.02,5.6,4.95,5.47,3893700
RGYY,13-Jul-2026,7.2,7.2,7.09,7.13,9100
RICK,13-Jul-2026,26.77,27.195,26.345,26.5,41200
RIFR,13-Jul-2026,29.08,29.08,29.0021,29.0021,4300
RIGL,13-Jul-2026,41.92,42.85,40.77,41.3,430600
RILY,13-Jul-2026,7.14,7.205,6.93,7.17,564700
RILYG,13-Jul-2026,24.5,24.6151,24.5,24.557,4500
RILYL,13-Jul-2026,14.2,14.4,14.02,14.11,11100
RILYN,13-Jul-2026,25.01,25.05,25.01,25.035,24900
RILYP,13-Jul-2026,13.91,14.24,13.9001,13.99,17400
RILYT,13-Jul-2026,20.66,20.93,20.59,20.68,17200
RILYZ,13-Jul-2026,18.8,18.87,18.62,18.87,18700
RIME,13-Jul-2026,0.5,0.56,0.4931,0.502,177800
RING,13-Jul-2026,63.89,64.12,62.76,63.25,181400
RINT,13-Jul-2026,31.9799,31.98,31.735,31.7672,12400
RIOT,13-Jul-2026,20.75,20.93,19.41,20.19,16013400
RITR,13-Jul-2026,0.2613,0.2649,0.2303,0.2443,238500
RIVN,13-Jul-2026,17.5,17.795,17.05,17.31,24217300
RJET,13-Jul-2026,18.8,19.13,17.96,18.25,58700
RKDA,13-Jul-2026,0.6816,0.6872,0.6,0.6246,186200
RKLB,13-Jul-2026,79.89,79.97,75.6,76.73,18864600
RKLX,13-Jul-2026,26.7,26.7,23.81,24.53,2173700
RKLZ,13-Jul-2026,3.85,4.23,3.83,4.11,10388400
RKNG,13-Jul-2026,24.52,24.52,23.78,23.9562,2900
RKTO,13-Jul-2026,0.838,0.9,0.8188,0.8619,1966100
RLAY,13-Jul-2026,19.5,19.75,18.33,18.73,2370900
RLMD,13-Jul-2026,6.38,6.51,6.28,6.45,2145400
RLYB,13-Jul-2026,16.02,16.15,15.75,15.89,125300
RMBI,13-Jul-2026,15.09,15.48,15.09,15.2,34700
RMBS,13-Jul-2026,108.49,108.51,102.07,103.11,2907000
RMCF,13-Jul-2026,1.13,1.13,1.05,1.06,47000
RMCO,13-Jul-2026,2.34,2.4799,2.27,2.27,14200
RMIX,13-Jul-2026,20.37,20.85,19.53,19.9,294800
RMNI,13-Jul-2026,4.7,4.845,4.62,4.77,310700
RMR,13-Jul-2026,20.56,20.85,20.34,20.44,199600
RMSG,13-Jul-2026,0.418,0.4292,0.39,0.403,267500
RMSGW,13-Jul-2026,0.0246,0.0299,0.0246,0.0274,3100
RMTI,13-Jul-2026,5.7145,5.72,5.505,5.67,28400
RNA,13-Jul-2026,12.4,12.59,12.21,12.22,178800
RNAC,13-Jul-2026,8.9,9.19,8.25,8.63,259900
RNAZ,13-Jul-2026,8.79,9.12,7.9405,8.56,25200
RNEM,13-Jul-2026,55.39,55.52,54.54,55.1652,1000
RNGTU,13-Jul-2026,10.25,10.25,10.21,10.24,700
RNIN,13-Jul-2026,33.69,34.02,33.69,33.835,6400
RNRG,13-Jul-2026,35.15,35.15,34.8,34.8,1400
RNTX,13-Jul-2026,0.96,0.999,0.8706,0.9075,644600
RNW,13-Jul-2026,6.09,6.25,6.09,6.15,1052000
RNWWW,13-Jul-2026,0.002,0.002,0.002,0.002,100
RNXT,13-Jul-2026,0.91,0.9384,0.8781,0.9134,169900
ROAD,13-Jul-2026,94.35,97.11,93.42,93.51,497300
ROBT,13-Jul-2026,55.84,56.08,55.2468,55.5147,26700
ROC,13-Jul-2026,5.04,5.13,4.9378,5.13,14200
ROCK,13-Jul-2026,42.17,42.94,41.08,41.29,212200
ROCQ,13-Jul-2026,56.35,56.37,55.81,55.9576,202800
ROCY,13-Jul-2026,54.46,54.5,54.25,54.3001,94400
ROE,13-Jul-2026,42.16,42.1646,41.92,41.93,8400
ROIV,13-Jul-2026,35.34,35.62,34.375,34.51,4774500
ROKU,13-Jul-2026,140.01,142.87,140.01,142.34,2890000
ROMA,13-Jul-2026,8.35,9,7.99,8.86,12400
ROOT,13-Jul-2026,64.4,65,61.2,62.33,260900
ROP,13-Jul-2026,358.84,363.39,358.2,360.59,782900
ROST,13-Jul-2026,224.77,225.92,218.59,219.46,2303500
RPAY,13-Jul-2026,4.08,4.14,3.875,3.88,418100
RPD,13-Jul-2026,11.32,12,11.21,11.92,3342500
RPGL,13-Jul-2026,1.97,2.04,1.87,2.04,202800
RPID,13-Jul-2026,2.07,2.07,1.95,2.01,293800
RPRX,13-Jul-2026,56.44,56.669,55.65,56.45,2217100
RR,13-Jul-2026,1.7,1.7,1.61,1.62,6414300
RRBI,13-Jul-2026,95.73,97.67,95.5,97.35,87800
RREV,13-Jul-2026,9.9,9.9,9.89,9.89,1500
RRGB,13-Jul-2026,6.99,7.35,6.82,6.91,175800
RRR,13-Jul-2026,64.42,64.97,63.645,64.41,493600
RSSS,13-Jul-2026,2.31,2.34,2.28,2.32,28100
RSVR,13-Jul-2026,10.22,10.24,10.01,10.12,46300
RTAC,13-Jul-2026,10.6639,10.67,10.6005,10.65,48900
RTACU,13-Jul-2026,11.03,11.05,11.03,11.0301,4300
RTACW,13-Jul-2026,0.8499,0.8998,0.8499,0.8998,300
RTB,13-Jul-2026,16.28,16.99,14.83,14.96,58100
RTH,13-Jul-2026,258.58,261.15,258.58,259.0462,3000
RTXG,13-Jul-2026,24.04,24.06,23.68,23.9333,13600
RTYY,13-Jul-2026,10.53,10.53,10.4,10.4742,6500
RUBI,13-Jul-2026,4.71,4.75,4.45,4.55,19900
RUM,13-Jul-2026,6.11,6.15,5.78,5.93,3444700
RUMBW,13-Jul-2026,1.78,1.78,1.65,1.66,3900
RUN,13-Jul-2026,12.14,12.55,11.95,12.41,11438100
RUNN,13-Jul-2026,33.36,33.36,33.19,33.3037,48400
RUSC,13-Jul-2026,38.185,38.185,37.83,37.93,5200
RUSHA,13-Jul-2026,75.51,76.13,74.4401,75.24,396100
RUSHB,13-Jul-2026,75.8,76.9,75.25,75.75,107000
RVMD,13-Jul-2026,182.78,185.998,180.1,183.95,1705700
RVMDW,13-Jul-2026,9.24,9.24,8.57,8.96,38600
RVNL,13-Jul-2026,30.9,32.23,29.9,30.5638,52800
RVSB,13-Jul-2026,5.34,5.4399,5.31,5.33,83900
RVSN,13-Jul-2026,4.99,4.99,4.9,4.95,6800
RVSNW,13-Jul-2026,0.02,0.02,0.02,0.02,1000
RWAY,13-Jul-2026,5.33,5.4,5.27,5.29,994500
RWAYI,13-Jul-2026,24.85,24.85,24.65,24.85,1700
RWAYL,13-Jul-2026,25.38,25.46,25.33,25.42,4200
RWIN,13-Jul-2026,26.242,26.242,26.242,26.242,100
RXRX,13-Jul-2026,3.52,3.54,3.271,3.3,24497700
RXST,13-Jul-2026,4.93,5.25,4.88,5.06,782500
RXT,13-Jul-2026,5.24,5.245,4.38,4.52,23940200
RYAAY,13-Jul-2026,64.11,64.23,63.47,63.91,2441700
RYET,13-Jul-2026,1.02,1.08,1.01,1.03,17400
RYM,13-Jul-2026,21,22.93,21,22.48,13400
RYOJ,13-Jul-2026,4,4.65,3.8247,4.49,110900
RYTM,13-Jul-2026,106.79,107.67,104.5486,107.49,420700
RZLT,13-Jul-2026,4.74,4.82,4.58,4.74,2447600
RZLV,13-Jul-2026,2.56,2.58,2.48,2.49,8641700
RZLVW,13-Jul-2026,0.89,0.9,0.8775,0.8999,25900
SAAQ,13-Jul-2026,10.1,10.1395,10.1,10.1395,500
SAAQW,13-Jul-2026,1.09,1.09,0.99,0.99,3100
SABR,13-Jul-2026,1.84,1.87,1.72,1.76,3611200
SABS,13-Jul-2026,3.79,3.875,3.7,3.73,229900
SABSW,13-Jul-2026,0.0124,0.0179,0.0122,0.0125,69900
SAFT,13-Jul-2026,76,76.65,75.18,75.93,117500
SAFX,13-Jul-2026,0.58,0.582,0.49,0.4936,3097500
SAGT,13-Jul-2026,0.93,0.93,0.8601,0.8865,181400
SAIA,13-Jul-2026,427.74,435.07,420.56,432.06,321200
SAIC,13-Jul-2026,114.15,115.12,112.625,113.31,456400
SAIH,13-Jul-2026,12.5,12.53,12.49,12.5,1300
SAIL,13-Jul-2026,13.74,14.16,13.64,14.01,2730900
SAMG,13-Jul-2026,10.63,11.3549,10.45,10.45,33700
SANA,13-Jul-2026,3.77,3.78,3.56,3.64,2467700
SANG,13-Jul-2026,4.05,4.15,4.02,4.1,8000
SANM,13-Jul-2026,205.62,207.09,199.71,201.8,598100
SARK,13-Jul-2026,27.32,27.88,27.32,27.7243,103700
SATA,13-Jul-2026,96,97.42,96,96.81,160100
SATL,13-Jul-2026,4.57,4.57,4.295,4.33,3200800
SATLW,13-Jul-2026,0.715,0.715,0.715,0.715,200
SBAC,13-Jul-2026,191.44,192.4,184.85,187.1,1092900
SBC,13-Jul-2026,3.01,3.115,2.99,3.1,60400
SBCF,13-Jul-2026,33.07,33.07,32.585,32.97,679600
SBCWW,13-Jul-2026,0.2788,0.2825,0.2326,0.2366,28100
SBET,13-Jul-2026,5.41,5.54,5.295,5.42,6013600
SBFG,13-Jul-2026,26.39,26.79,25.92,26.555,21100
SBFM,13-Jul-2026,2.05,2.058,1.95,1.95,61600
SBGI,13-Jul-2026,14.4,14.64,14.24,14.25,510300
SBLK,13-Jul-2026,26.5,26.72,26.4,26.54,830800
SBRA,13-Jul-2026,19.77,19.91,19.68,19.76,2248500
SBU,13-Jul-2026,21.72,21.93,21.6724,21.6724,1500
SBUX,13-Jul-2026,106.34,108.24,105.95,107.34,6278400
SCA,13-Jul-2026,20.2009,20.2009,20.2009,20.2009,100
SCAG,13-Jul-2026,0.396,0.4262,0.3721,0.3721,373300
SCAGW,13-Jul-2026,0.0336,0.0448,0.0336,0.0448,1400
SCDS,13-Jul-2026,75.37,75.37,75.1853,75.1853,1500
SCHL,13-Jul-2026,45.69,46.7072,45.54,46.41,198000
SCKT,13-Jul-2026,0.5461,0.5488,0.5305,0.5485,62000
SCLX,13-Jul-2026,9.5,10.13,9.1754,9.44,57600
SCLXW,13-Jul-2026,0.21,0.21,0.1947,0.1947,3200
SCNI,13-Jul-2026,0.2566,0.2566,0.2409,0.241,87700
SCNX,13-Jul-2026,0.34,0.36,0.3185,0.356,2619700
SCOR,13-Jul-2026,7.32,7.46,7.21,7.34,7400
SCPQU,13-Jul-2026,10.3,10.3,10.3,10.3,200
SCSC,13-Jul-2026,53.35,54.33,53.18,53.86,165600
SCWO,13-Jul-2026,2.11,2.11,1.9,1.92,49200
SCYX,13-Jul-2026,4.38,4.54,4.305,4.48,47700
SCZ,13-Jul-2026,83,83.06,82.34,82.5,1894500
SCZM,13-Jul-2026,6.36,6.36,6.15,6.35,331400
SDA,13-Jul-2026,0.89,0.94,0.8176,0.8251,231100
SDAWW,13-Jul-2026,0.165,0.165,0.165,0.165,100
SDG,13-Jul-2026,88.0001,88.0001,87.35,87.35,900
SDGR,13-Jul-2026,16.4,16.9,16,16.41,784600
SDOT,13-Jul-2026,19.77,20.7599,17.01,18.02,520900
SDSI,13-Jul-2026,51.14,51.14,51.07,51.075,9700
SDST,13-Jul-2026,1.72,1.7799,1.653,1.68,190000
SDTY,13-Jul-2026,41.61,41.77,41.5,41.5481,10100
SDVY,13-Jul-2026,43,43.27,42.8,42.86,830300
SEAT,13-Jul-2026,7.03,8.2599,6.6,8.02,128000
SEATW,13-Jul-2026,0.0275,0.0275,0.026,0.0275,2500
SEDG,13-Jul-2026,54.102,54.3299,51.61,52.13,1226700
SEED,13-Jul-2026,0.97,1.026,0.97,1.0164,14100
SEEM,13-Jul-2026,38.14,38.14,37.69,37.69,40500
SEER,13-Jul-2026,2.16,2.19,2.14,2.17,365100
SEGG,13-Jul-2026,0.7625,0.845,0.7401,0.821,4608100
SEIC,13-Jul-2026,96.14,96.73,95.29,96.18,499300
SEIE,13-Jul-2026,35.42,35.48,35.24,35.26,74400
SEIS,13-Jul-2026,32.5,32.62,32.23,32.3002,38800
SELF,13-Jul-2026,5.08,5.12,5.07,5.07,6600
SEMY,13-Jul-2026,14.78,14.78,14.6,14.6212,178500
SENEA,13-Jul-2026,176.8,182,174.98,176.41,121600
SENEB,13-Jul-2026,176.17,176.17,176.17,176.17,200
SENS,13-Jul-2026,5.3,5.4,5.165,5.29,838900
SEPN,13-Jul-2026,35.64,36.01,33.9107,34.36,394000
SERA,13-Jul-2026,1.97,2.03,1.92,1.92,31100
SERV,13-Jul-2026,5.85,5.85,5.625,5.79,2887500
SETM,13-Jul-2026,30.05,30.11,29.22,29.34,146400
SEV,13-Jul-2026,1.83,1.855,1.8,1.825,298600
SEVN,13-Jul-2026,8.43,8.52,8.42,8.46,88100
SEZL,13-Jul-2026,173.43,175.0699,157,160.25,858800
SFBC,13-Jul-2026,44.36,46.135,44.3,46.08,37800
SFD,13-Jul-2026,24.83,24.88,24.4,24.73,1839600
SFHG,13-Jul-2026,2.59,2.59,2.52,2.52,700
SFIX,13-Jul-2026,3.61,3.67,3.565,3.62,1415400
SFLO,13-Jul-2026,35.94,36.4,35.91,36.2412,127900
SFM,13-Jul-2026,81.96,82.38,79.37,79.67,1721900
SFNC,13-Jul-2026,22.95,23,22.69,22.98,1007500
SFST,13-Jul-2026,61.04,62.3,60.5,61.71,141100
SFWL,13-Jul-2026,0.83,0.8414,0.715,0.7505,74600
SGA,13-Jul-2026,8.97,9.2999,8.91,9.07,12000
SGC,13-Jul-2026,12.97,13.38,12.78,13.13,46100
SGHT,13-Jul-2026,5.3,5.5,5.25,5.34,92100
SGLY,13-Jul-2026,0.3,0.3,0.287,0.287,31615100
SGML,13-Jul-2026,11.76,11.88,11.35,11.62,1311500
SGMT,13-Jul-2026,7.31,7.31,7.02,7.15,917500
SGP,13-Jul-2026,22.66,22.69,19.66,19.9,221600
SGRP,13-Jul-2026,0.8855,0.899,0.8284,0.856,28100
SGRY,13-Jul-2026,16.4,16.74,15.97,15.98,1217000
SGVA,13-Jul-2026,100.31,100.31,100.305,100.305,2300
SHAZ,13-Jul-2026,71.49,72.47,64.8501,68.26,2411500
SHBI,13-Jul-2026,22.74,22.95,22.43,22.61,178300
SHC,13-Jul-2026,18.32,18.481,17.985,18.17,2941800
SHEN,13-Jul-2026,12.75,12.99,12.665,12.67,333700
SHFS,13-Jul-2026,0.205,0.21,0.1926,0.2049,505000
SHIM,13-Jul-2026,3.75,3.96,3.683,3.92,73600
SHIP,13-Jul-2026,15.04,15.28,14.73,14.79,270000
SHLS,13-Jul-2026,9.82,9.98,9.34,9.4,4679500
SHMD,13-Jul-2026,4.37,4.43,4.18,4.35,507500
SHMDW,13-Jul-2026,1.41,1.53,1.25,1.26,10600
SHOE,13-Jul-2026,15.39,15.85,15.33,15.38,903600
SHOO,13-Jul-2026,42.01,43.05,41.945,42.355,995000
SHOP,13-Jul-2026,124.63,126.7,121.7,124.74,6761000
SHPH,13-Jul-2026,2.89,3.1715,2.71,2.96,19753700
SHPU,13-Jul-2026,13.22,13.55,12.56,13.2,60600
SHRY,13-Jul-2026,44.32,44.32,44.3061,44.3061,100
SHY,13-Jul-2026,81.87,81.87,81.79,81.79,2808900
SIBN,13-Jul-2026,17.56,18.125,17.56,17.85,411100
SIDU,13-Jul-2026,2.12,2.1491,2,2.07,5478200
SIEB,13-Jul-2026,1.67,1.68,1.65,1.65,8200
SIFY,13-Jul-2026,15.47,15.66,14.81,15.03,29000
SIGA,13-Jul-2026,3.59,3.705,3.59,3.61,562400
SIGI,13-Jul-2026,96.88,98.03,96.44,97.7,359000
SIGIP,13-Jul-2026,15.835,15.91,15.835,15.91,1300
SILC,13-Jul-2026,43.54,44.5785,41.13,42.67,356800
SILO,13-Jul-2026,5.6,5.68,5.02,5.28,146100
SIMA,13-Jul-2026,10.86,10.94,10.86,10.94,300
SIMO,13-Jul-2026,313.05,317.37,296.8,299.51,527200
SINT,13-Jul-2026,1.74,1.755,1.55,1.56,68000
SION,13-Jul-2026,45.4,45.49,42.73,43.95,415200
SIRI,13-Jul-2026,30.44,31.35,30.42,30.67,3916300
SITM,13-Jul-2026,607.15,624.92,596.83,602.55,266000
SJ,13-Jul-2026,1.04,1.04,0.9687,0.98,19800
SJCP,13-Jul-2026,25.01,25.01,25.01,25.01,100
SJLD,13-Jul-2026,25.185,25.185,25.185,25.185,100
SKHY,13-Jul-2026,152.62,162.28,151.3,152.35,57284300
SKHY,13-Jul-2026,152.62,162.28,151.3,152.35,57284300
SKIN,13-Jul-2026,0.9,0.925,0.84,0.8406,932300
SKK,13-Jul-2026,4.9,4.9,4.66,4.66,6400
SKOR,13-Jul-2026,48.13,48.13,48.04,48.04,35500
SKRE,13-Jul-2026,6.25,6.32,6.23,6.2441,8800
SKWD,13-Jul-2026,59.97,60.8885,58.14,59.76,470100
SKYA,13-Jul-2026,1.13,1.15,1.1,1.14,73800
SKYAW,13-Jul-2026,0.0224,0.0245,0.0224,0.0245,900
SKYE,13-Jul-2026,0.69,0.7093,0.65,0.662,210800
SKYQ,13-Jul-2026,3.71,4.34,3.57,3.99,19357600
SKYT,13-Jul-2026,32.3,32.3206,31.15,31.81,1224200
SKYU,13-Jul-2026,39.5,39.5,38.62,38.9738,5200
SKYW,13-Jul-2026,99.47,99.62,97.24,97.78,343000
SKYX,13-Jul-2026,1.27,1.28,1.16,1.17,1597200
SKYY,13-Jul-2026,140.12,141.68,138.45,139.99,153800
SLAB,13-Jul-2026,218.66,219.105,218.1,218.75,175100
SLBT,13-Jul-2026,4.53,4.55,4.2818,4.33,36900
SLDB,13-Jul-2026,10.19,10.25,9.46,9.72,1193100
SLDE,13-Jul-2026,21.39,21.6,20.84,21.38,977500
SLDP,13-Jul-2026,2.28,2.31,2.21,2.23,3369700
SLDPW,13-Jul-2026,0.08,0.09,0.0751,0.081,25700
SLE,13-Jul-2026,2.87,3.106,2.6552,2.86,13600
SLGB,13-Jul-2026,0.63,0.6333,0.52,0.5478,131300
SLGL,13-Jul-2026,74.93,75.51,73.5,73.91,23100
SLM,13-Jul-2026,25.1,25.23,24.61,24.89,2166400
SLMBP,13-Jul-2026,73.857,75.08,73.6001,74.68,1000
SLMT,13-Jul-2026,5.02,6.63,4.99,6.63,566800
SLN,13-Jul-2026,8.98,9.41,8.91,9.29,233600
SLNG,13-Jul-2026,4,4.07,3.93,3.935,3900
SLNH,13-Jul-2026,1.22,1.26,1.1101,1.12,12576400
SLNHP,13-Jul-2026,9.6699,10.2561,9.5,9.5,19700
SLP,13-Jul-2026,18.23,18.34,18.22,18.25,394300
SLQD,13-Jul-2026,50.12,50.12,50.06,50.065,176100
SLRC,13-Jul-2026,13.09,13.15,12.88,12.94,277200
SLS,13-Jul-2026,12.46,12.9899,12.33,12.62,5171500
SLSN,13-Jul-2026,0.75,0.75,0.6701,0.679,109200
SLVO,13-Jul-2026,64.8,64.8374,63.49,63.72,83300
SLVR,13-Jul-2026,49.36,49.415,48.1,48.54,97400
SLXN,13-Jul-2026,2.58,2.58,2.5,2.5,17400
SLXNW,13-Jul-2026,0.0256,0.0256,0.0256,0.025,0
SMBC,13-Jul-2026,74.37,75.78,73.86,75.18,93000
SMCF,13-Jul-2026,39.3936,39.3936,39.3936,39.3936,100
SMCI,13-Jul-2026,27.64,28.2399,27.215,27.66,22796300
SMCIP,13-Jul-2026,48.71,49.6,48.09,48.92,1149700
SMCL,13-Jul-2026,10.69,11.12,10.3399,10.7,371000
SMCO,13-Jul-2026,30.03,30.14,29.88,29.8938,5300
SMCX,13-Jul-2026,7.74,8.09,7.515,7.78,3498300
SMCZ,13-Jul-2026,9.85,10.0799,9.4478,9.78,252300
SMH,13-Jul-2026,598.01,599.36,583.09,585.62,8736400
SMHC,13-Jul-2026,58.5,58.5,57.9,57.999,35800
SMHX,13-Jul-2026,60.37,60.37,58.54,58.7,103700
SMID,13-Jul-2026,29.58,30.8183,29.2001,30.19,15300
SMMT,13-Jul-2026,15.11,15.475,14.79,15.3,3391100
SMOM,13-Jul-2026,27.94,28.075,27.94,27.9997,15000
SMPL,13-Jul-2026,12.89,13.45,12.81,13.31,2657700
SMRI,13-Jul-2026,42.605,42.76,42.605,42.6622,3400
SMSI,13-Jul-2026,2.63,2.645,2.48,2.59,102400
SMST,13-Jul-2026,67.9,69.35,64.98,66.85,116100
SMTC,13-Jul-2026,130.16,135.2999,128.86,132.15,1667700
SMTI,13-Jul-2026,23.81,25.6,23.77,24.92,47600
SMTK,13-Jul-2026,0.2166,0.2166,0.2012,0.2044,362100
SMX,13-Jul-2026,15.78,16.9999,15.57,16.21,53900
SMXT,13-Jul-2026,0.3793,0.3793,0.345,0.3537,103000
SMXWW,13-Jul-2026,0.0227,0.023,0.0167,0.0225,34000
SMYY,13-Jul-2026,6.85,6.86,6.81,6.835,19500
SNAG,13-Jul-2026,4.5,4.56,4.35,4.3936,25700
SNAL,13-Jul-2026,4.65,5,4.44,4.61,442400
SND,13-Jul-2026,4.87,5,4.76,4.8,322100
SNDK,13-Jul-2026,1792.86,1800,1646.17,1673.97,13900700
SNDL,13-Jul-2026,1.29,1.335,1.29,1.31,1053100
SNDX,13-Jul-2026,23.21,23.325,22.26,22.89,1423000
SNES,13-Jul-2026,1.39,1.45,1.39,1.43,31500
SNEX,13-Jul-2026,117.06,118.5,112.15,112.38,725300
SNFCA,13-Jul-2026,9.7,9.79,9.485,9.74,27600
SNGX,13-Jul-2026,0.3598,0.36,0.3511,0.3528,253200
SNOA,13-Jul-2026,1.26,1.26,1.2,1.26,36800
SNPS,13-Jul-2026,448.83,453.91,432.73,433.82,1620000
SNSR,13-Jul-2026,47.99,48.0099,47.28,47.4878,10800
SNT,13-Jul-2026,1.8,1.87,1.76,1.8,31500
SNTG,13-Jul-2026,2.04,2.1028,2.04,2.1,1800
SNTI,13-Jul-2026,0.9974,1.025,0.96,0.96,103300
SNWV,13-Jul-2026,11.66,12.29,11.15,11.26,96400
SNY,13-Jul-2026,43.84,44.13,43.56,44,2697600
SNYR,13-Jul-2026,0.1996,0.2024,0.19,0.1934,147900
SOBR,13-Jul-2026,0.53,1.57,0.4902,1.2,269335800
SOCA,13-Jul-2026,10.28,10.29,10.28,10.28,31600
SOCL,13-Jul-2026,46.29,46.55,46.095,46.095,1800
SOFA,13-Jul-2026,16.73,17.1,15.0884,15.26,74600
SOFI,13-Jul-2026,18.995,19.24,18.045,18.13,97671600
SOFX,13-Jul-2026,11.34,11.6299,10.25,10.33,914500
SOGP,13-Jul-2026,10.16,10.17,9.93,9.98,4800
SOHU,13-Jul-2026,12.78,12.94,12.76,12.76,24200
SOLC,13-Jul-2026,15.0168,15.0168,15.0168,15.0168,100
SOLS,13-Jul-2026,62.14,63.44,60.25,61.06,3780100
SOLT,13-Jul-2026,33.64,34.29,32.631,33.25,520600
SOLZ,13-Jul-2026,7.56,7.64,7.4601,7.52,832500
SONM,13-Jul-2026,4.07,4.36,3.9261,4.34,18000
SONO,13-Jul-2026,14.4,15.185,14.35,15.04,1971300
SOPH,13-Jul-2026,5.65,5.81,5.53,5.72,230500
SORA,13-Jul-2026,1.86,2.24,1.74,1.87,35700
SORN,13-Jul-2026,9.94,9.94,9.94,9.94,20000
SOTK,13-Jul-2026,5.54,5.62,5.2501,5.36,57700
SOUN,13-Jul-2026,6.61,6.7064,6.39,6.49,29989300
SOUNW,13-Jul-2026,1.89,1.89,1.8,1.83,4900
SOUX,13-Jul-2026,11.9,12.16,11.05,11.3878,56500
SOWG,13-Jul-2026,3.73,3.9,3.6,3.73,30000
SOXQ,13-Jul-2026,99.16,99.57,96.7,97.1,2139400
SOXX,13-Jul-2026,563.58,566.65,550.26,553.61,8306900
SPAI,13-Jul-2026,3.71,3.85,3.6278,3.69,193600
SPAM,13-Jul-2026,42.18,42.2586,42.162,42.2586,900
SPAQ,13-Jul-2026,93.145,93.145,93.145,93.145,100
SPBC,13-Jul-2026,47.77,47.775,47.45,47.5204,9200
SPCB,13-Jul-2026,11.73,12.1,11.01,11.25,75700
SPCK,13-Jul-2026,21.94,22.22,21.94,22.19,2100
SPCT,13-Jul-2026,27.63,27.6417,27.59,27.6417,6800
SPCX,13-Jul-2026,144.7,144.92,136.78,139.14,71456500
SPEG,13-Jul-2026,10.3,10.3,10.3,10.3,100
SPFI,13-Jul-2026,42.46,42.98,42.45,42.75,120100
SPHL,13-Jul-2026,3.15,3.15,2.9,2.93,33500
SPIT,13-Jul-2026,33.17,33.43,32.9899,33.0231,16700
SPKL,13-Jul-2026,12.1,12.155,12.06,12.1,21600
SPKLW,13-Jul-2026,1.83,1.92,1.8,1.89,6500
SPOG,13-Jul-2026,6.905,6.9499,6.73,6.788,16900
SPOK,13-Jul-2026,10.47,10.665,10.36,10.55,209500
SPPL,13-Jul-2026,3.63,3.65,3.5,3.5,8400
SPRB,13-Jul-2026,51.57,52.845,48.1,48.38,103600
SPRC,13-Jul-2026,4.7,4.855,4.23,4.57,41100
SPRO,13-Jul-2026,2.11,2.19,2.07,2.18,703900
SPRX,13-Jul-2026,49.66,49.66,47.85,48.1949,92600
SPRY,13-Jul-2026,7.85,7.865,7.49,7.74,1399900
SPSC,13-Jul-2026,61.7,63.8856,61.29,63.33,706300
SPT,13-Jul-2026,8.37,8.675,8.335,8.56,989000
SPTX,13-Jul-2026,21.3,21.56,20.06,20.1,63200
SPWH,13-Jul-2026,1.22,1.23,1.18,1.21,766000
SPWR,13-Jul-2026,0.64,0.6855,0.63,0.6492,1445500
SPXD,13-Jul-2026,28.82,28.82,28.7659,28.7659,800
SPYQ,13-Jul-2026,189.28,189.28,187.3735,187.3735,400
SQFT,13-Jul-2026,2.27,2.44,2.27,2.43,7200
SQFTP,13-Jul-2026,5.59,5.65,5.48,5.48,5200
SQFTW,13-Jul-2026,0.0147,0.0148,0.0144,0.0144,15800
SQLV,13-Jul-2026,52.87,52.87,52.7157,52.7157,1400
SQQQ,13-Jul-2026,39.01,40.21,38.85,39.95,49556800
SQS,13-Jul-2026,27.99,27.99,27.83,27.83,600
SRAD,13-Jul-2026,15.58,15.85,15.43,15.59,2157400
SRBK,13-Jul-2026,18.96,19.16,18.96,19.14,12800
SRCE,13-Jul-2026,81.58,82.215,81.44,81.74,103800
SRET,13-Jul-2026,22.64,22.7,22.51,22.535,45100
SRPT,13-Jul-2026,18.97,19.355,18.52,18.82,2457700
SRRK,13-Jul-2026,56.02,56.965,53.66,54.7,1675600
SRTA,13-Jul-2026,5.05,5.115,5,5.01,662100
SRTS,13-Jul-2026,3.01,3.235,3.01,3.08,44800
SRZN,13-Jul-2026,23.19,23.7,21.54,22.81,336500
SSAC,13-Jul-2026,10.01,10.01,10.01,10.01,100
SSACW,13-Jul-2026,0.1395,0.1395,0.1395,0.1395,1400
SSBI,13-Jul-2026,13.5789,13.6005,13.54,13.54,2200
SSEA,13-Jul-2026,10.26,10.26,10.26,10.26,200
SSII,13-Jul-2026,3.75,3.78,3.5713,3.64,39000
SSM,13-Jul-2026,4.1,4.51,3.87,3.89,4600
SSNC,13-Jul-2026,67.2,68.42,67.1601,68.06,1048500
SSP,13-Jul-2026,3.02,3.1,2.885,2.97,696100
SSRM,13-Jul-2026,28.07,28.545,27.37,27.89,2190500
SSS,13-Jul-2026,20.2526,20.2526,20.2526,20.2526,100
SSTI,13-Jul-2026,8.69,8.895,8.532,8.57,46400
SSYS,13-Jul-2026,8.42,8.496,8.27,8.29,480000
STAA,13-Jul-2026,27.67,28.35,27.67,27.78,752600
STAK,13-Jul-2026,3.41,3.84,3.34,3.725,189900
STBA,13-Jul-2026,48.85,49,48.52,48.88,230900
STEP,13-Jul-2026,42.86,43.6467,42.22,42.81,898400
STEX,13-Jul-2026,0.9,0.94,0.8202,0.84,1044700
STFS,13-Jul-2026,15.6,20.99,15.6,17.77,278500
STGW,13-Jul-2026,7.85,8,7.85,7.87,1437600
STHO,13-Jul-2026,9.03,9.1814,9.03,9.14,4800
STI,13-Jul-2026,7.96,7.99,7.5401,7.66,110300
STIM,13-Jul-2026,1.71,1.85,1.705,1.79,1623300
STKE,13-Jul-2026,1.36,1.39,1.275,1.28,124400
STKH,13-Jul-2026,0.6,0.605,0.5132,0.5202,99600
STKS,13-Jul-2026,1.97,2.0224,1.95,1.95,15200
STLD,13-Jul-2026,229.18,237.14,229.18,234.14,1117200
STNC,13-Jul-2026,37.176,37.176,37.01,37.0613,4100
STNE,13-Jul-2026,11.17,11.33,11.085,11.15,4153000
STOK,13-Jul-2026,31.51,31.6,29.41,29.46,580400
STRA,13-Jul-2026,83.93,86.02,83.93,85.72,246500
STRC,13-Jul-2026,87.88,87.88,86.4,87.02,920300
STRD,13-Jul-2026,60.76,60.76,59.67,59.9,56000
STRF,13-Jul-2026,95.5,95.715,95.05,95.07,33300
STRK,13-Jul-2026,60.59,60.8199,60,60.36,64700
STRL,13-Jul-2026,668.99,677.1499,653.01,660.04,405700
STRO,13-Jul-2026,29.51,29.885,27.76,27.84,210700
STRR,13-Jul-2026,11.25,11.25,10.75,11.2,1400
STRS,13-Jul-2026,21.36,22.96,20.42,20.93,153500
STRT,13-Jul-2026,77.77,81.35,77.77,81.11,109500
STRZ,13-Jul-2026,27.75,29.495,27.17,27.4,207900
STTK,13-Jul-2026,6.63,6.63,6.2512,6.43,863400
STX,13-Jul-2026,869.6,877.73,840.01,860.66,4143400
SUGP,13-Jul-2026,0.58,0.58,0.508,0.5351,762400
SUIG,13-Jul-2026,1.22,1.2493,1.18,1.19,117800
SUIS,13-Jul-2026,18.909,18.94,18.716,18.716,1500
SUJA,13-Jul-2026,9.46,10.07,9.37,9.77,490800
SUMA,13-Jul-2026,9.91,9.93,9.91,9.93,22000
SUMAR,13-Jul-2026,0.28,0.2851,0.28,0.2851,7600
SUNE,13-Jul-2026,3.34,3.56,3.18,3.4,3107600
SUNS,13-Jul-2026,8.07,8.3,8.07,8.12,68600
SUPN,13-Jul-2026,48.09,48.24,46.91,47.35,685200
SUPP,13-Jul-2026,82.1584,82.1584,82.1584,82.1584,100
SUPX,13-Jul-2026,7.74,7.789,7.1,7.1,132500
SURG,13-Jul-2026,0.3331,0.3445,0.3111,0.3271,962700
SUSB,13-Jul-2026,24.84,24.8499,24.805,24.81,100900
SUSC,13-Jul-2026,22.86,22.87,22.79,22.795,203100
SUSL,13-Jul-2026,132.85,133.1796,132.2699,132.4401,35500
SVAQ,13-Jul-2026,10.1,10.1,10.08,10.08,10600
SVC,13-Jul-2026,8.83,9.02,8.72,8.86,2619600
SVCCW,13-Jul-2026,0.28,0.3438,0.28,0.3438,7300
SVCO,13-Jul-2026,10.49,10.7388,10.0601,10.09,298600
SVIV,13-Jul-2026,10.2,10.2,10.2,10.2,400800
SVIVW,13-Jul-2026,0.8999,0.8999,0.76,0.7608,86200
SVRA,13-Jul-2026,5.92,5.945,5.66,5.74,1680500
SVRE,13-Jul-2026,2.51,2.69,2.34,2.6,66100
SVRN,13-Jul-2026,7.96,8.33,7.9568,8,3800
SWAG,13-Jul-2026,2.08,2.2,2.0301,2.06,19600
SWBI,13-Jul-2026,15.72,15.985,15.46,15.66,569300
SWIM,13-Jul-2026,6.15,6.22,5.835,5.92,633200
SWKHL,13-Jul-2026,25.3,25.34,25.2871,25.2871,1700
SWKS,13-Jul-2026,59.85,60.49,57.82,58.24,4180900
SWMR,13-Jul-2026,41.9,41.95,39.08,39.98,200700
SWP,13-Jul-2026,28.47,28.47,28.17,28.1845,13000
SWVL,13-Jul-2026,1.4101,1.49,1.4101,1.45,6900
SWVLW,13-Jul-2026,0.0075,0.0097,0.0075,0.0097,3400
SXTC,13-Jul-2026,2.62,2.62,2.48,2.55,4300
SXTP,13-Jul-2026,1.51,1.51,1.42,1.45,54300
SXTPW,13-Jul-2026,0.03,0.03,0.0291,0.0291,700
SY,13-Jul-2026,1.7,1.735,1.66,1.71,75900
SYBT,13-Jul-2026,76.26,76.86,75.68,76.55,138900
SYM,13-Jul-2026,43.06,43.75,41.87,42.43,1417100
SYNA,13-Jul-2026,123.29,123.29,118.33,119.15,664700
SYPR,13-Jul-2026,2.1,2.15,2.01,2.01,62100
SYRE,13-Jul-2026,95.72,96.815,92.67,93.73,1038800
SYZ,13-Jul-2026,30.21,30.21,30.0611,30.0611,900
SZZL,13-Jul-2026,10.37,10.375,10.36,10.37,21200
SZZLR,13-Jul-2026,0.2,0.22,0.178,0.22,700
TACH,13-Jul-2026,10.505,10.505,10.43,10.485,325700
TACHW,13-Jul-2026,0.635,0.66,0.635,0.65,7000
TACO,13-Jul-2026,10.54,10.54,10.5,10.51,19800
TACT,13-Jul-2026,5.01,5.4788,5.01,5.345,41400
TALK,13-Jul-2026,5.22,5.25,5.22,5.23,1944200
TANH,13-Jul-2026,0.44,0.4507,0.3982,0.409,991900
TAOP,13-Jul-2026,1.4424,1.45,1.33,1.38,6700
TAOX,13-Jul-2026,3.78,3.8999,3.55,3.68,47800
TAOZ,13-Jul-2026,88.29,88.385,88.29,88.385,3000
TARA,13-Jul-2026,4.27,4.305,4.135,4.18,459500
TARK,13-Jul-2026,45.89,45.95,44.39,44.66,5700
TARS,13-Jul-2026,58.25,60.1975,56.96,59.31,1113200
TASK,13-Jul-2026,5.6,5.74,5.52,5.62,798500
TATT,13-Jul-2026,42.18,42.65,41.54,42.33,165300
TAVI,13-Jul-2026,10.8,10.8,10.8,10.65,0
TAVIR,13-Jul-2026,0.1117,0.1117,0.1117,0.1,0
TAX,13-Jul-2026,30.9201,30.9201,30.79,30.79,100
TAXE,13-Jul-2026,51.12,51.12,51.06,51.08,8900
TAXI,13-Jul-2026,51.16,51.16,50.96,51.13,7100
TAXS,13-Jul-2026,50.29,50.29,50.27,50.27,5900
TAXT,13-Jul-2026,51.41,51.41,51.41,51.41,100
TAYD,13-Jul-2026,55.96,56.99,55.3,55.73,55600
TBBK,13-Jul-2026,66.35,66.99,66,66.49,307300
TBCH,13-Jul-2026,12.8,12.99,12.5,12.86,344900
TBIL,13-Jul-2026,49.92,49.93,49.92,49.93,964900
TBLA,13-Jul-2026,5.57,5.66,5.54,5.57,2547700
TBLD,13-Jul-2026,21.75,21.85,21.64,21.8,31600
TBPH,13-Jul-2026,16.95,16.98,16.885,16.9,777000
TC,13-Jul-2026,2.24,2.3,2.04,2.2,1167200
TCAN,13-Jul-2026,22.57,22.57,22.5,22.5451,3700
TCBI,13-Jul-2026,102.79,102.89,101.06,101.87,483300
TCBIO,13-Jul-2026,20.69,20.69,20.45,20.6,12300
TCBK,13-Jul-2026,56.12,60.42,56.12,60.07,3205900
TCBS,13-Jul-2026,17.66,17.66,17.66,17.66,1500
TCHI,13-Jul-2026,24.47,24.47,24.31,24.3351,15600
TCMD,13-Jul-2026,29.63,30.13,28.86,29.04,268500
TCOM,13-Jul-2026,42.78,42.99,42.17,42.36,1563300
TCPC,13-Jul-2026,3.24,3.3,3.13,3.15,864800
TCRT,13-Jul-2026,2.04,2.1,2.03,2.084,7500
TCRX,13-Jul-2026,1.07,1.1,1.0199,1.03,1152400
TCX,13-Jul-2026,10.84,11.17,10.7,10.85,82800
TDAC,13-Jul-2026,10.73,10.73,10.7,10.7,10200
TDACW,13-Jul-2026,2,2.48,1.83,1.9,5100
TDI,13-Jul-2026,44.55,44.72,44.2,44.25,86700
TDIC,13-Jul-2026,3.91,4.04,3.34,3.88,6653400
TDIV,13-Jul-2026,113.75,114.34,112.708,112.96,83100
TDOG,13-Jul-2026,14.51,14.51,14.4359,14.4359,200
TDOT,13-Jul-2026,9.93,10.0599,9.93,10.0599,1100
TDSB,13-Jul-2026,24.555,24.555,24.5,24.5234,1300
TDSC,13-Jul-2026,27.81,27.81,27.72,27.7381,1600
TDTH,13-Jul-2026,2.07,2.7,2.05,2.64,384200
TDUP,13-Jul-2026,6.57,6.66,6.04,6.18,1552700
TEAD,13-Jul-2026,0.8479,0.883,0.7931,0.8051,141300
TEAM,13-Jul-2026,90.4,96.5,90.4,96.16,5449100
TECH,13-Jul-2026,71.12,71.49,71.1,71.36,2176700
TECX,13-Jul-2026,33.95,34.95,32.2851,34.34,150100
TECY,13-Jul-2026,22.75,22.8544,22.73,22.8544,600
TEKX,13-Jul-2026,64.9894,64.9894,64.9894,64.9894,300
TEKY,13-Jul-2026,43.9449,43.9449,43.9449,43.9449,100
TELA,13-Jul-2026,0.8314,0.905,0.8121,0.8173,86900
TELO,13-Jul-2026,1.21,1.25,1.21,1.24,35600
TEM,13-Jul-2026,57.64,57.95,54.5,55.93,4139200
TENB,13-Jul-2026,39.99,40.5,38.5,39.2,2511600
TENX,13-Jul-2026,17.12,17.22,15.89,15.98,1299200
TER,13-Jul-2026,345,348.59,334.35,341.11,3104900
TERG,13-Jul-2026,37.18,38.465,36.14,36.9544,53700
TEXN,13-Jul-2026,32.42,32.42,32.26,32.2922,3000
TEXX,13-Jul-2026,28.72,29.1097,28.72,29.1097,1200
TFGZ,13-Jul-2026,35.915,35.99,35.9056,35.9056,1100
TFNS,13-Jul-2026,28.76,28.76,28.7312,28.7312,400
TFSL,13-Jul-2026,17.73,17.76,17.57,17.66,601500
TGHL,13-Jul-2026,0.6079,0.672,0.6,0.6365,90900
TGL,13-Jul-2026,3.73,3.944,3.73,3.81,14000
TGTX,13-Jul-2026,56.6,56.925,54,55.01,1950800
TH,13-Jul-2026,17.85,17.94,16.71,16.74,1028800
THCH,13-Jul-2026,1.79,1.79,1.79,1.79,100
THFF,13-Jul-2026,75.34,75.915,74.495,75.54,86200
THH,13-Jul-2026,0.28,0.2838,0.2564,0.2592,133800
THMZ,13-Jul-2026,33.75,33.75,33.521,33.521,1100
THRM,13-Jul-2026,36.03,36.71,35.5,36.12,309000
THRV,13-Jul-2026,24.23,24.3,24.23,24.275,500
THRY,13-Jul-2026,4.07,4.3,4.05,4.11,380200
THYM,13-Jul-2026,50.83,50.86,50.83,50.83,1000
THYP,13-Jul-2026,37.08,37.24,36.52,36.8338,74800
TIGO,13-Jul-2026,97.26,98.94,95.4,95.74,1257100
TIGR,13-Jul-2026,4.61,4.72,4.55,4.59,1145000
TIL,13-Jul-2026,7.89,7.91,7.5,7.64,27500
TILC,13-Jul-2026,25.0899,25.0899,24.9833,24.9833,100
TILE,13-Jul-2026,33.03,33.39,31.93,32.3,430800
TIPT,13-Jul-2026,18.38,18.61,18.05,18.05,163500
TISC,13-Jul-2026,22.9458,22.9458,22.9458,22.9458,100
TITN,13-Jul-2026,18.27,18.61,18.012,18.36,91600
TJGC,13-Jul-2026,4.67,4.67,4.49,4.49,700
TKLF,13-Jul-2026,2.13,2.47,2.08,2.42,63700
TKNO,13-Jul-2026,5.3,5.48,5.25,5.41,207600
TKNS,13-Jul-2026,21.3346,21.3346,21.3346,21.3346,100
TLA,13-Jul-2026,24.54,24.54,24.33,24.3519,6000
TLF,13-Jul-2026,2.41,2.4399,2.3999,2.41,18900
TLG,13-Jul-2026,26.91,26.91,26.505,26.505,6700
TLIH,13-Jul-2026,5.09,5.19,4.93,5.01,7500
TLN,13-Jul-2026,381.15,397,380,396.35,551500
TLNC,13-Jul-2026,10.35,10.37,10.35,10.37,3100
TLNCW,13-Jul-2026,0.7651,0.7651,0.7651,0.7651,100
TLPH,13-Jul-2026,1.46,1.4698,1.37,1.42,491300
TLRY,13-Jul-2026,4.42,4.585,4.36,4.46,3812400
TLS,13-Jul-2026,4.75,4.995,4.75,4.89,443100
TLSA,13-Jul-2026,1.22,1.38,1.22,1.33,384300
TLSI,13-Jul-2026,4.14,4.26,3.9,4.23,194200
TLT,13-Jul-2026,84.18,84.28,83.934,83.97,18742400
TLX,13-Jul-2026,11.1,11.17,10.93,10.97,139300
TMB,13-Jul-2026,25.31,25.43,25.31,25.3439,38700
TMC,13-Jul-2026,4.13,4.2,3.93,3.99,3847400
TMCI,13-Jul-2026,4.33,4.74,4.31,4.58,711400
TMCR,13-Jul-2026,6.01,6.15,5.75,5.93,32200
TMCWW,13-Jul-2026,0.1098,0.1098,0.0814,0.09,38400
TMDX,13-Jul-2026,71.23,77.11,70.9,75.74,1352300
TMED,13-Jul-2026,35.04,35.04,34.7278,34.7278,1600
TMNL,13-Jul-2026,50.32,50.32,50.303,50.303,100
TMNS,13-Jul-2026,50.05,50.0574,50.05,50.0574,800
TMS,13-Jul-2026,7.73,7.98,7.37,7.4,54500
TMSF,13-Jul-2026,50.07,50.07,50.07,50.07,100
TMSWW,13-Jul-2026,1.5,1.69,1.35,1.4499,5000
TMTS,13-Jul-2026,10.06,10.06,10.06,10.06,500
TMTSW,13-Jul-2026,0.5901,0.5901,0.5901,0.5901,200
TMUS,13-Jul-2026,190,190.92,188.38,188.41,3787900
TMUSI,13-Jul-2026,21.05,21.05,20.9,20.975,10300
TMUSL,13-Jul-2026,23.06,23.08,22.92,23.01,45500
TMUSZ,13-Jul-2026,20.52,20.63,20.4,20.45,6200
TMYY,13-Jul-2026,23.92,24.05,23.755,23.755,2700
TNDM,13-Jul-2026,15.5,16.505,15.4,16.25,1897000
TNGX,13-Jul-2026,30.56,30.765,28.25,28.36,2504800
TNMG,13-Jul-2026,0.43,0.43,0.36,0.38,435400
TNON,13-Jul-2026,0.22,0.2279,0.2075,0.2149,929100
TNONW,13-Jul-2026,0.0074,0.0075,0.007,0.0071,6200
TNXP,13-Jul-2026,12.51,12.71,11.04,11.705,1029700
TNXT,13-Jul-2026,27.745,27.745,27.745,27.745,100
TNYA,13-Jul-2026,0.8421,0.86,0.8,0.8365,2374500
TOI,13-Jul-2026,5.88,6.32,5.71,6.25,3018600
TOIIW,13-Jul-2026,0.048,0.0598,0.048,0.0597,4300
TOMZ,13-Jul-2026,0.789,0.789,0.7686,0.7703,33000
TONX,13-Jul-2026,3.2,3.39,3.19,3.32,369100
TOP,13-Jul-2026,2.03,2.03,1.61,1.84,877100
TORO,13-Jul-2026,4.89,4.965,4.85,4.91,41800
TOUR,13-Jul-2026,5.03,5.03,4.96,4.96,1400
TOWN,13-Jul-2026,35.7,36.08,35.7,35.85,415200
TOYO,13-Jul-2026,6.05,6.05,5.74,5.75,632500
TPCS,13-Jul-2026,4.75,4.9,4.66,4.7,36600
TPG,13-Jul-2026,42.56,42.88,41.95,42.48,1226400
TPGXL,13-Jul-2026,23.04,23.3599,23.04,23.08,6700
TPLS,13-Jul-2026,24.92,24.9201,24.91,24.915,600
TPST,13-Jul-2026,1,1.075,0.9734,0.9835,450700
TQQQ,13-Jul-2026,74.54,74.845,72.09,72.64,63317500
TQQY,13-Jul-2026,12.81,12.87,12.81,12.821,8500
TRAW,13-Jul-2026,0.7727,0.7727,0.6652,0.6849,141200
TRAX,13-Jul-2026,35.66,36.01,33.4834,35.01,1245100
TRBF,13-Jul-2026,48.8901,48.98,48.8901,48.965,2400
TRDA,13-Jul-2026,6.81,6.9,6.51,6.6,284600
TREE,13-Jul-2026,45.21,46.12,43.36,45.24,178400
TRGSR,13-Jul-2026,0.2,0.21,0.2,0.21,3800
TRI,13-Jul-2026,90.15,94.35,90.15,94.29,2768100
TRIB,13-Jul-2026,0.3797,0.3874,0.355,0.3552,230900
TRIN,13-Jul-2026,17.63,17.7848,17.3899,17.56,1242600
TRINI,13-Jul-2026,25.24,25.27,25.18,25.2,11200
TRINZ,13-Jul-2026,25.19,25.265,25.19,25.23,4000
TRIP,13-Jul-2026,14.08,14.81,13.92,14.4,4102400
TRMB,13-Jul-2026,52.99,53.75,51.84,52.29,1922000
TRMD,13-Jul-2026,29.9,30.043,28.84,28.86,528000
TRMK,13-Jul-2026,46.27,46.525,45.94,46.39,341800
TRNR,13-Jul-2026,2.5,3.1699,2.5,3.01,519600
TRNS,13-Jul-2026,88.41,92.335,87.79,92.32,92000
TRON,13-Jul-2026,1.39,1.43,1.37,1.39,240400
TROO,13-Jul-2026,2.08,2.6,2.04,2.17,1027100
TROW,13-Jul-2026,118.55,119.06,113.06,113.65,2795200
TRS,13-Jul-2026,41.14,41.4919,40.14,40.53,417700
TRST,13-Jul-2026,54.5,55.01,54.26,54.68,76900
TRUC,13-Jul-2026,25.74,25.78,25.63,25.6397,2200
TRUD,13-Jul-2026,25.97,26.05,25.8071,25.8071,27100
TRUF,13-Jul-2026,29.155,29.2172,29.15,29.2172,700
TRUG,13-Jul-2026,1.29,1.3,1.22,1.22,127800
TRUH,13-Jul-2026,28.1575,28.1575,28.1,28.1522,1000
TRUI,13-Jul-2026,25.7966,25.7966,25.7966,25.7966,100
TRUM,13-Jul-2026,24.8209,24.8209,24.8209,24.8209,100
TRUN,13-Jul-2026,26.5869,26.5869,26.5869,26.5869,100
TRUO,13-Jul-2026,25.48,25.484,25.4799,25.484,300
TRUP,13-Jul-2026,26.09,27.55,26.03,27.37,401900
TRUR,13-Jul-2026,25.2108,25.2108,25.2108,25.2108,100
TRUT,13-Jul-2026,30.8,31.01,30.53,30.6469,178500
TRUU,13-Jul-2026,24.9753,24.9753,24.9753,24.9753,100
TRVG,13-Jul-2026,5.29,5.4885,5.2094,5.31,53000
TRVI,13-Jul-2026,17.73,17.74,16.355,16.52,4239000
TSAT,13-Jul-2026,41.31,41.5,37.28,37.7,339800
TSBK,13-Jul-2026,43,44,43,43.67,23500
TSCM,13-Jul-2026,20.73,20.81,20.6217,20.6217,3300
TSCO,13-Jul-2026,30.42,30.875,29.98,30.24,6975300
TSDD,13-Jul-2026,7.28,7.7501,7.255,7.63,20014900
TSEL,13-Jul-2026,28.65,28.65,28.4838,28.4838,900
TSEM,13-Jul-2026,212.77,237.74,212.77,229.68,2374600
TSHA,13-Jul-2026,6.29,6.29,5.315,5.38,6443800
TSL,13-Jul-2026,15.87,15.87,15.22,15.3749,503000
TSLA,13-Jul-2026,404.61,405.57,391.37,394.76,32809100
TSLG,13-Jul-2026,6.42,6.43,5.985,6.09,32199400
TSLL,13-Jul-2026,12.9,12.955,12.05,12.27,47669200
TSLQ,13-Jul-2026,17.24,18.35,17.18,18.07,6611900
TSLR,13-Jul-2026,22.19,22.26,20.715,21.07,968500
TSLS,13-Jul-2026,52.51,54.23,52.49,53.82,376800
TSMG,13-Jul-2026,41.35,41.95,39.03,39.127,130800
TSMU,13-Jul-2026,75.11,75.6958,70.43,70.6737,134600
TSMX,13-Jul-2026,85.89,87.0751,80.66,80.92,1098000
TSMZ,13-Jul-2026,7.75,7.95,7.67,7.9428,100900
TSPY,13-Jul-2026,25.63,25.63,25.38,25.44,158300
TSSI,13-Jul-2026,11.27,11.39,10.88,11.21,668300
TSUI,13-Jul-2026,14.53,14.63,14.3021,14.4148,6800
TSYX,13-Jul-2026,23.66,23.66,23.4,23.4045,20900
TSYY,13-Jul-2026,22.73,22.73,22.3,22.31,28500
TTAN,13-Jul-2026,78.76,81.4,78.12,80.35,772400
TTD,13-Jul-2026,20.28,20.535,19.73,19.79,12354100
TTEC,13-Jul-2026,2.1,2.365,2.1,2.35,706900
TTEK,13-Jul-2026,31.28,31.83,31.13,31.17,2386100
TTEQ,13-Jul-2026,42,42,41.1119,41.2514,99500
TTGT,13-Jul-2026,3.79,4.015,3.76,3.79,209300
TTMI,13-Jul-2026,141.72,144.59,135.91,136.34,2064500
TTRX,13-Jul-2026,9.47,10.0499,9.325,9.47,207800
TTWO,13-Jul-2026,242.98,246.6983,242.975,244.095,1252200
TUG,13-Jul-2026,46.1048,46.1048,46.1048,46.1048,200
TUGN,13-Jul-2026,27.93,27.93,27.65,27.6722,37400
TULP,13-Jul-2026,3.72,3.72,3.64,3.64,1200
TUR,13-Jul-2026,38.34,38.45,38.15,38.21,105900
TURB,13-Jul-2026,1.46,1.65,1.46,1.61,373600
TURF,13-Jul-2026,31.85,31.85,31.67,31.6783,10800
TUSK,13-Jul-2026,2.8,2.955,2.79,2.91,167400
TVA,13-Jul-2026,10.54,10.56,10.54,10.55,3500
TVACW,13-Jul-2026,0.64,0.64,0.64,0.64,1200
TVAI,13-Jul-2026,10.34,10.36,10.34,10.36,45300
TVAIR,13-Jul-2026,0.19,0.19,0.1863,0.19,500
TVGN,13-Jul-2026,5.11,5.19,5,5,14800
TVGNW,13-Jul-2026,0.056,0.057,0.0489,0.055,159000
TVIV,13-Jul-2026,9.92,9.94,9.9,9.9,142300
TVIVU,13-Jul-2026,10.03,10.03,10.02,10.02,8100
TVIVW,13-Jul-2026,0.4,0.4,0.3988,0.3988,200
TVRD,13-Jul-2026,3.2,3.415,2.93,3.31,2241900
TVTX,13-Jul-2026,55.51,56.82,53.94,56.29,1033000
TW,13-Jul-2026,98.93,100.22,98.256,99.68,1327500
TWAV,13-Jul-2026,1.36,1.36,1.26,1.28,26300
TWFG,13-Jul-2026,26.35,26.74,25.55,26.12,94000
TWG,13-Jul-2026,2.2,2.29,2.01,2.2,25100
TWIN,13-Jul-2026,22.62,23.025,21.99,22.09,75600
TWLVU,13-Jul-2026,10.2,10.2,10.2,10.2,600
TWST,13-Jul-2026,90.49,92.79,89.125,90.35,872600
TXG,13-Jul-2026,42.665,43.98,41.6,41.77,2497000
TXMD,13-Jul-2026,2,2,1.97,1.97,6900
TXN,13-Jul-2026,308.52,308.52,296.81,298.57,7559500
TXRH,13-Jul-2026,191.97,193.57,190.545,192.03,827800
TXUE,13-Jul-2026,34.77,34.855,34.5901,34.6046,25900
TXUG,13-Jul-2026,27.1613,27.1613,27.1613,27.1613,100
TXXD,13-Jul-2026,3.2,3.23,3.0865,3.15,91500
TXXH,13-Jul-2026,47.02,47.47,45.725,45.9708,27300
TXXS,13-Jul-2026,23.1,23.1,22.051,22.4001,1500
TYGO,13-Jul-2026,2.07,2.08,1.85,1.88,1307300
TYRA,13-Jul-2026,32.16,33.12,31.4,32.67,642100
TZOO,13-Jul-2026,10.91,11.235,10.91,11.09,108000
UAE,13-Jul-2026,19.21,19.34,19.05,19.15,128000
UAL,13-Jul-2026,124.76,125.24,120.62,121.16,4314300
UBCP,13-Jul-2026,15.83,16.18,15.31,15.31,55100
UBND,13-Jul-2026,21.49,21.53,21.425,21.445,1401500
UBRL,13-Jul-2026,16.17,16.635,15.62,15.8093,72700
UBSI,13-Jul-2026,46.2,46.405,45.88,46.15,918600
UBXG,13-Jul-2026,5.26,6.82,4.43,6.3,443200
UCAR,13-Jul-2026,1.12,1.4,1.105,1.33,6065300
UCL,13-Jul-2026,0.9695,0.9695,0.92,0.9599,9600
UCRD,13-Jul-2026,21.205,21.205,21.205,21.205,100
UCTT,13-Jul-2026,100.47,102.5,95.88,98.25,1215800
UCYB,13-Jul-2026,78.84,79.5537,77.79,79.5537,1100
UECG,13-Jul-2026,3.91,3.91,3.515,3.636,49100
UEIC,13-Jul-2026,4.65,4.78,4.64,4.75,29100
UEVM,13-Jul-2026,58.3,58.33,58.0509,58.0509,1300
UFCS,13-Jul-2026,51.76,52.645,51.59,52.45,149500
UFG,13-Jul-2026,0.6975,0.7936,0.69,0.749,59800
UFIV,13-Jul-2026,48.04,48.0424,47.965,47.965,6500
UFO,13-Jul-2026,46.62,46.74,45.2924,45.51,774600
UFOX,13-Jul-2026,87.97,87.97,85.868,86.2399,28600
UFPI,13-Jul-2026,84.82,86.65,83.92,84.55,383700
UFPT,13-Jul-2026,236.14,243.724,233.36,237.25,217100
UG,13-Jul-2026,7.29,7.34,7.18,7.25,3300
UITB,13-Jul-2026,46.35,46.35,46.2503,46.26,66900
UIVM,13-Jul-2026,72.9899,72.9899,72.6497,72.6497,1300
UK,13-Jul-2026,2.1,2.15,2.05,2.14,29800
ULBI,13-Jul-2026,5.83,5.945,5.66,5.66,48600
ULCC,13-Jul-2026,6.73,6.925,6.46,6.57,6126500
ULH,13-Jul-2026,14.36,15.14,14.36,14.88,40900
ULTA,13-Jul-2026,474,482.98,471.2,473.33,554600
ULTI,13-Jul-2026,9.53,9.5402,9.21,9.29,123700
ULVM,13-Jul-2026,107.585,107.91,107.3856,107.3856,2300
UMBF,13-Jul-2026,144.59,145.11,143,144.29,544400
UMBFO,13-Jul-2026,26.46,26.5,26.35,26.38,10700
UMMA,13-Jul-2026,36.75,36.8399,36.38,36.38,54600
UNB,13-Jul-2026,25.05,25.05,24.17,24.17,4900
UNCY,13-Jul-2026,5.19,5.19,4.93,5.09,1175800
UNHG,13-Jul-2026,23.88,24.48,23.82,24.2281,508600
UNIT,13-Jul-2026,10.76,11.06,10.745,11.04,1423200
UNIY,13-Jul-2026,47.97,47.97,47.9226,47.9226,700
UNTY,13-Jul-2026,56.85,57.505,56.69,57.35,51300
UONE,13-Jul-2026,4.81,4.88,4.78,4.78,4600
UONEK,13-Jul-2026,4.225,4.44,4.225,4.44,900
UPB,13-Jul-2026,7.47,7.525,7.02,7.28,266100
UPBD,13-Jul-2026,21.23,21.64,21.06,21.15,740200
UPC,13-Jul-2026,5.11,5.1997,4.3,4.45,88600
UPGR,13-Jul-2026,25.1222,25.1222,25.1222,25.1222,100
UPLD,13-Jul-2026,4.96,5.0499,4.88,5,20900
UPSG,13-Jul-2026,18.325,18.325,18.1287,18.1287,800
UPST,13-Jul-2026,32.7,33.295,31.175,31.46,3267300
UPWK,13-Jul-2026,8.92,9.225,8.92,9.12,3353500
UPXI,13-Jul-2026,0.8,0.81,0.7545,0.7577,1232600
URBN,13-Jul-2026,68.91,70.82,67.88,69.85,1501700
URGN,13-Jul-2026,37.87,40,36.81,39.51,577200
URNJ,13-Jul-2026,23.61,23.61,22.4,22.53,583200
UROY,13-Jul-2026,2.73,2.74,2.63,2.65,2257700
USAF,13-Jul-2026,27.69,27.69,27.6,27.6,200
USAR,13-Jul-2026,17.91,18.0999,16.98,17.21,9208700
USAU,13-Jul-2026,14.88,15.04,14.61,14.79,193300
USCB,13-Jul-2026,20.12,20.365,20.11,20.16,25100
USCL,13-Jul-2026,84.1922,84.1922,84.1922,84.1922,100
USDE,13-Jul-2026,1.89,2.09,1.87,1.9,571400
USDEW,13-Jul-2026,0.6007,0.6781,0.54,0.6,62000
USDX,13-Jul-2026,25.5,25.52,25.44,25.4597,43200
USEA,13-Jul-2026,2.66,2.69,2.58,2.64,58900
USFI,13-Jul-2026,24.39,24.39,24.39,24.39,100
USGG,13-Jul-2026,7.92,7.9533,7.02,7.21,231000
USGO,13-Jul-2026,7.7,7.86,7.45,7.67,59100
USIG,13-Jul-2026,50.62,50.6665,50.49,50.5,1951600
USIN,13-Jul-2026,49.19,49.19,49.095,49.095,200
USIO,13-Jul-2026,2.29,2.37,2.17,2.24,64200
USLM,13-Jul-2026,101.24,103.65,101.24,103.33,148800
USMC,13-Jul-2026,74.41,74.48,74.14,74.2012,62500
USOI,13-Jul-2026,45.14,46.5,45.14,45.91,93100
USOY,13-Jul-2026,6.79,7.12,6.7601,7.06,1111300
USRD,13-Jul-2026,38.43,38.62,38.3281,38.3281,1600
USSH,13-Jul-2026,50.2,50.2,50.195,50.195,2400
USTB,13-Jul-2026,50.4,50.4058,50.35,50.37,291200
USVM,13-Jul-2026,108.51,109.09,108.42,108.5369,32700
USVN,13-Jul-2026,47.2396,47.2396,47.1768,47.1768,2200
USXF,13-Jul-2026,68.05,68.08,67.25,67.4669,33600
UTEN,13-Jul-2026,42.75,42.78,42.66,42.6728,31100
UTHR,13-Jul-2026,541.47,543.05,530.09,535.57,303800
UTHY,13-Jul-2026,39.78,39.825,39.66,39.7049,80100
UTMD,13-Jul-2026,68.99,71.6,68.99,70.01,15500
UTRE,13-Jul-2026,48.97,48.97,48.915,48.925,10200
UTSI,13-Jul-2026,2.36,2.54,2.36,2.54,11200
UTWO,13-Jul-2026,47.93,47.94,47.89,47.89,104800
UTWY,13-Jul-2026,41.804,41.804,41.804,41.804,100
UUUG,13-Jul-2026,4.43,4.44,4.09,4.21,284400
UVSP,13-Jul-2026,43.52,43.8,43.31,43.68,181200
UXIN,13-Jul-2026,1.81,1.84,1.7,1.73,165100
UYLD,13-Jul-2026,51.07,51.07,51.01,51.045,146800
UZX,13-Jul-2026,0.2585,0.2672,0.2376,0.257,53400
VABK,13-Jul-2026,45.29,45.29,45.29,45.29,1300
VALG,13-Jul-2026,16.03,16.03,15.9093,15.9093,100
VALN,13-Jul-2026,5.28,5.33,5.215,5.26,18100
VALU,13-Jul-2026,40.19,40.19,39.95,39.95,1300
VANI,13-Jul-2026,1.39,1.48,1.34,1.42,628600
VAVX,13-Jul-2026,13.75,13.76,13.3208,13.3912,1900
VBCA,13-Jul-2026,75.43,75.44,75.42,75.425,2500
VBCB,13-Jul-2026,75.33,75.33,75.24,75.24,36500
VBCC,13-Jul-2026,75.16,75.16,75.035,75.065,6400
VBCD,13-Jul-2026,74.965,74.97,74.86,74.875,9700
VBCE,13-Jul-2026,74.98,74.99,74.845,74.845,10600
VBCF,13-Jul-2026,74.9,74.9,74.78,74.79,2200
VBCG,13-Jul-2026,74.61,74.62,74.4719,74.4719,1800
VBCH,13-Jul-2026,74.73,74.735,74.55,74.55,1500
VBCI,13-Jul-2026,74.76,74.77,74.5006,74.5006,2700
VBCJ,13-Jul-2026,74.65,74.65,74.32,74.32,6200
VBIL,13-Jul-2026,75.57,75.58,75.57,75.58,1978600
VBIO,13-Jul-2026,0.4891,0.508,0.44,0.508,135200
VBNB,13-Jul-2026,21.9463,21.9463,21.9463,21.9463,100
VBNK,13-Jul-2026,21.86,22.57,21.655,21.75,223300
VC,13-Jul-2026,106.58,107.5,103.14,103.54,399300
VCEL,13-Jul-2026,46.61,47.96,46.26,47.49,432200
VCIG,13-Jul-2026,2.41,2.41,2.08,2.12,23200
VCIT,13-Jul-2026,81.69,81.73,81.45,81.45,6830900
VCLT,13-Jul-2026,73.41,73.5,73.0023,73.01,3561700
VCRB,13-Jul-2026,76.36,76.4,76.255,76.26,574500
VCRE,13-Jul-2026,12.77,12.77,12.37,12.65,12700
VCSH,13-Jul-2026,78.59,78.6,78.45,78.45,5064300
VCTR,13-Jul-2026,92.24,92.605,91.02,91.98,369600
VCYT,13-Jul-2026,55.93,57.6991,55.62,57.48,853200
VECO,13-Jul-2026,56.36,57.16,55.35,55.76,917900
VEEA,13-Jul-2026,0.219,0.219,0.1912,0.2001,358400
VEEAW,13-Jul-2026,0.0514,0.0675,0.041,0.0562,2100
VEEE,13-Jul-2026,12.24,36.07,10.06,24.86,75587000
VEFA,13-Jul-2026,79.4203,79.4203,79.4203,79.4203,100
VELO,13-Jul-2026,12.91,13,11.94,12.06,1818000
VEON,13-Jul-2026,53.8,53.905,52.01,52.05,46000
VERA,13-Jul-2026,41.26,41.86,39.815,41.5,2233800
VERI,13-Jul-2026,1.15,1.19,1.08,1.1,2667200
VERU,13-Jul-2026,2.74,2.75,2.5,2.56,397900
VERX,13-Jul-2026,12.64,13.23,12.64,12.98,2939300
VFF,13-Jul-2026,2.02,2.05,1.99,2.02,646200
VFLO,13-Jul-2026,47.64,47.96,47.56,47.84,1130600
VFS,13-Jul-2026,3.09,3.09,3.005,3.07,408500
VGAS,13-Jul-2026,1.09,1.1494,1.08,1.1,29300
VGASW,13-Jul-2026,0.0261,0.0311,0.0261,0.0311,1400
VGIT,13-Jul-2026,58.5,58.51,58.38,58.4,2438600
VGLT,13-Jul-2026,53.89,53.9299,53.715,53.74,1780100
VGSH,13-Jul-2026,58.04,58.04,57.98,57.98,3060300
VGSR,13-Jul-2026,11.65,11.65,11.4,11.425,100800
VGUS,13-Jul-2026,75.52,75.53,75.52,75.525,135000
VHC,13-Jul-2026,10.38,10.7,10.2,10.46,10000
VHCP,13-Jul-2026,10,10,10,10,300
VHCPW,13-Jul-2026,0.46,0.48,0.46,0.46,2700
VHUB,13-Jul-2026,1.02,1.05,1,1.03,66400
VIAV,13-Jul-2026,41.82,42.97,40.66,40.92,3636300
VICR,13-Jul-2026,261.19,265.5,250.76,252.16,504600
VIGI,13-Jul-2026,94.7,95.12,94.45,94.58,294900
VINP,13-Jul-2026,9.96,10.01,9.79,9.79,25300
VIOT,13-Jul-2026,0.7905,0.8815,0.7905,0.8392,666800
VIR,13-Jul-2026,9.81,9.91,9.52,9.72,1914200
VIRC,13-Jul-2026,6.34,6.41,6.13,6.16,28200
VISN,13-Jul-2026,12.39,12.475,12.085,12.13,3690400
VITL,13-Jul-2026,13.14,13.3099,12.63,12.78,1374300
VIVK,13-Jul-2026,0.2622,0.3379,0.2523,0.307,5521600
VIVO,13-Jul-2026,4.84,4.9699,4.265,4.55,1384700
VIVS,13-Jul-2026,0.891,0.891,0.7816,0.8089,125100
VKTX,13-Jul-2026,38.01,38.7,37.11,38.12,2006600
VLGEA,13-Jul-2026,43.34,43.85,42.15,43.41,40500
VLOS,13-Jul-2026,10.83,10.86,10.83,10.86,5900
VLOSU,13-Jul-2026,10.81,10.93,10.81,10.93,500
VLY,13-Jul-2026,14.64,14.68,14.465,14.55,5313800
VLYPN,13-Jul-2026,25.68,25.77,25.5098,25.55,19000
VLYPO,13-Jul-2026,24.8,24.8,24.7594,24.7975,4000
VLYPP,13-Jul-2026,24.97,25.03,24.9022,25.03,2400
VMAR,13-Jul-2026,1.23,2.04,1.16,1.41,34492300
VMBS,13-Jul-2026,46.34,46.35,46.22,46.24,1210000
VMD,13-Jul-2026,12.1,12.61,12.1,12.33,398800
VMET,13-Jul-2026,9.65,9.7647,9.12,9.2,223100
VNCE,13-Jul-2026,6.23,6.76,6.21,6.44,144100
VNDA,13-Jul-2026,6.15,6.215,5.96,6,1168700
VNET,13-Jul-2026,7.9,7.91,7.67,7.72,2496100
VNOM,13-Jul-2026,42.66,43.575,42.61,43.21,1255300
VNQI,13-Jul-2026,45.34,45.44,45.07,45.11,247400
VOD,13-Jul-2026,15.4,15.5695,15.25,15.47,8730000
VOLT,13-Jul-2026,38.49,38.765,38.07,38.21,163600
VONE,13-Jul-2026,340.95,341.12,338.6,339.05,58600
VONG,13-Jul-2026,126.54,126.64,124.935,125.14,920400
VONV,13-Jul-2026,108.5,109.03,108.43,108.57,649100
VOR,13-Jul-2026,18.88,19.33,17.82,18.03,1107700
VOTE,13-Jul-2026,88.88,88.88,88.23,88.3524,14000
VOXR,13-Jul-2026,4.64,4.65,4.425,4.48,330500
VPLS,13-Jul-2026,76.79,76.81,76.625,76.6303,312600
VRA,13-Jul-2026,4.07,4.158,3.8,3.8,150600
VRAX,13-Jul-2026,3.79,4.6157,3.66,4.07,986600
VRCA,13-Jul-2026,6.19,6.39,5.92,5.92,13800
VRDN,13-Jul-2026,19.5,19.66,18.9,18.99,1198600
VREX,13-Jul-2026,11.04,11.2299,10.78,10.8,448100
VRIG,13-Jul-2026,25.1,25.11,25.1,25.105,266800
VRM,13-Jul-2026,7.16,7.525,7.16,7.24,6000
VRME,13-Jul-2026,0.647,0.675,0.647,0.651,11100
VRNS,13-Jul-2026,44.74,46.71,44.74,45.38,1374600
VRRM,13-Jul-2026,4.255,4.75,4.255,4.52,10658600
VRSK,13-Jul-2026,188.45,194.31,188.25,193.725,1786800
VRSN,13-Jul-2026,272,273.44,269.27,270.31,457700
VRTL,13-Jul-2026,44.5,45.405,41.58,42.61,97200
VRTX,13-Jul-2026,486.17,486.175,474.71,480.25,1153800
VRXA,13-Jul-2026,2.25,2.49,2.11,2.14,556900
VRXAW,13-Jul-2026,0.141,0.19,0.14,0.1401,12700
VS,13-Jul-2026,1.5,1.55,1.42,1.46,51100
VSA,13-Jul-2026,3.75,3.75,3.2,3.2,7900
VSAT,13-Jul-2026,72,72.57,67.84,69.54,2649200
VSDA,13-Jul-2026,58.52,58.9284,58.1,58.2026,9100
VSEC,13-Jul-2026,209.79,211.01,202.15,205.25,564700
VSECU,13-Jul-2026,53.8591,53.8591,52.58,52.58,5000
VSEE,13-Jul-2026,0.113,0.113,0.0956,0.098,1470000
VSME,13-Jul-2026,1.5,1.55,1.35,1.4,83400
VSMV,13-Jul-2026,60.245,60.245,60.14,60.1798,3600
VSNT,13-Jul-2026,35.73,36.655,35.48,35.66,1919600
VSOL,13-Jul-2026,10.11,10.17,9.9801,10.0363,17300
VSTD,13-Jul-2026,0.2094,0.2248,0.2052,0.2247,48400
VSTL,13-Jul-2026,28.43,28.66,27.71,28.162,13000
VSTM,13-Jul-2026,5.47,5.47,5.1,5.37,2417200
VTC,13-Jul-2026,75.84,75.87,75.605,75.6249,64100
VTGN,13-Jul-2026,0.2561,0.2583,0.2467,0.2527,1428700
VTHR,13-Jul-2026,332.63,333.07,330.58,331.0658,18800
VTIP,13-Jul-2026,49.63,49.64,49.5733,49.61,1782300
VTIX,13-Jul-2026,2.92,3,2.86,2.86,71300
VTRS,13-Jul-2026,16.285,16.595,16.22,16.39,5843700
VTSI,13-Jul-2026,3.1,3.11,3.06,3.07,31300
VTVT,13-Jul-2026,33.4,33.4,31.33,31.58,42000
VTWG,13-Jul-2026,280.17,280.17,276.04,276.76,8400
VTWO,13-Jul-2026,119.26,119.55,118.29,118.59,1486000
VTWV,13-Jul-2026,194.19,194.43,193.695,193.8122,15400
VUZI,13-Jul-2026,2.46,2.46,2.26,2.3,1799000
VVOS,13-Jul-2026,0.45,0.47,0.4125,0.4196,173600
VWAV,13-Jul-2026,4.22,4.28,4.0601,4.25,320200
VWAVW,13-Jul-2026,0.73,0.7799,0.73,0.7799,2500
VWOB,13-Jul-2026,66.6,66.68,66.335,66.39,303300
VXUS,13-Jul-2026,84.37,84.49,83.66,83.78,5745300
VYGR,13-Jul-2026,3.4,3.402,3.18,3.24,1006100
VYMI,13-Jul-2026,100.58,100.745,99.985,100.06,838200
VYNE,13-Jul-2026,0.635,0.6919,0.635,0.6579,2952000
WABC,13-Jul-2026,58.5,59.185,58.2,58.62,195600
WABF,13-Jul-2026,24.611,24.611,24.611,24.611,100
WAFD,13-Jul-2026,38.25,38.48,37.82,38.09,447400
WAFDP,13-Jul-2026,16.3,16.3,16.25,16.28,10200
WAFU,13-Jul-2026,1.52,1.6,1.52,1.58,6800
WALD,13-Jul-2026,1.75,1.75,1.67,1.67,290300
WALDW,13-Jul-2026,0.04,0.0446,0.04,0.04,1500
WAMA,13-Jul-2026,26.31,26.32,26.28,26.2905,6900
WARP,13-Jul-2026,21.9,21.91,21,21.1475,59200
WASH,13-Jul-2026,35.85,36.03,35.63,35.87,90700
WATT,13-Jul-2026,17.77,18.255,16.75,16.88,206200
WAVE,13-Jul-2026,8.99,9.28,8.99,9.28,12500
WAY,13-Jul-2026,22.85,23.2799,22.51,23.03,1896800
WB,13-Jul-2026,7.77,7.8,7.6308,7.67,483800
WBD,13-Jul-2026,26.33,27.645,26.28,27.09,45381200
WBTN,13-Jul-2026,11.54,11.83,11.43,11.75,315200
WBUY,13-Jul-2026,0.7881,0.8954,0.755,0.799,368300
WCBR,13-Jul-2026,37.73,38.28,37.2401,38.13,28000
WCLD,13-Jul-2026,33.97,34.91,33.74,34.59,529700
WCT,13-Jul-2026,0.99,1.1,0.9801,1.02,55400
WDAF,13-Jul-2026,30.15,30.15,29.835,29.835,5400
WDAY,13-Jul-2026,140.85,147.22,140.85,144.87,3263500
WDC,13-Jul-2026,551.665,559.99,532.16,555.55,4780700
WDFC,13-Jul-2026,266.31,267.39,248.37,251.43,286800
WDGF,13-Jul-2026,30.67,30.67,30.11,30.2202,3500
WEEI,13-Jul-2026,23,23.35,23,23.2692,64900
WEN,13-Jul-2026,7.62,7.72,7.45,7.5,12607100
WERN,13-Jul-2026,43.94,44.5,43.62,44.09,789000
WEST,13-Jul-2026,7.48,7.72,7.26,7.43,546500
WETH,13-Jul-2026,1.33,1.33,1.21,1.27,84600
WETO,13-Jul-2026,0.6046,0.704,0.5825,0.5957,16300
WEYS,13-Jul-2026,37.92,39.0683,37.9,38.41,17100
WFCF,13-Jul-2026,12.77,12.77,12.77,12.77,700
WFF,13-Jul-2026,1.97,2.5,1.97,2.39,74500
WFRD,13-Jul-2026,84.44,85.665,81.08,81.1,1806800
WGMI,13-Jul-2026,53.95,55.29,51.145,52.27,299100
WGRX,13-Jul-2026,2.94,3.11,2.91,2.91,18400
WGS,13-Jul-2026,65.19,66.105,62.92,63.85,475200
WGSWW,13-Jul-2026,0.0017,0.0026,0.0013,0.0017,74000
WHF,13-Jul-2026,6.42,6.49,6.38,6.43,59100
WHFCL,13-Jul-2026,25.46,25.46,25.46,25.46,400
WHLR,13-Jul-2026,0.4075,0.4077,0.35,0.365,1009000
WHWK,13-Jul-2026,4,4.06,3.81,3.84,507000
WIMA,13-Jul-2026,42.13,42.13,42.04,42.0443,4500
WIMI,13-Jul-2026,1.5095,1.5095,1.41,1.41,50400
WINA,13-Jul-2026,387.25,395,383.64,386.74,35100
WING,13-Jul-2026,155.56,160.55,149,154.06,1305200
WISE,13-Jul-2026,36.32,36.7305,36.0407,36.0407,1400
WIX,13-Jul-2026,51.08,53.25,50.72,52.41,1393500
WKEY,13-Jul-2026,6.87,6.87,6.43,6.56,50500
WKHS,13-Jul-2026,2.69,2.69,2.5598,2.64,53300
WKSP,13-Jul-2026,0.85,0.85,0.77,0.795,301900
WLDN,13-Jul-2026,72.08,73.08,70.81,71.31,213100
WLDS,13-Jul-2026,1.6,1.6,1.44,1.44,45000
WLFC,13-Jul-2026,223.08,223.08,215.51,216.12,87100
WLTH,13-Jul-2026,9.45,9.46,9.06,9.12,894700
WMG,13-Jul-2026,28.99,29.53,28.58,28.75,1737000
WMT,13-Jul-2026,114.725,115.54,114.01,114.78,17043400
WNEB,13-Jul-2026,14.05,14.325,13.7875,14.26,57200
WNW,13-Jul-2026,3.68,3.68,3.43,3.63,84300
WOK,13-Jul-2026,2.05,2.12,1.85,1.96,598300
WOOD,13-Jul-2026,67.4,67.7939,66.7801,67.08,7300
WOOF,13-Jul-2026,2.55,2.68,2.545,2.57,2299600
WPRT,13-Jul-2026,2.04,2.15,1.88,1.91,144000
WRAP,13-Jul-2026,2.44,2.53,2.0139,2.11,3476100
WRD,13-Jul-2026,5.52,5.76,5.48,5.74,1975400
WRLD,13-Jul-2026,199.1,202.24,193.39,196.29,91200
WRND,13-Jul-2026,41.503,41.503,41.503,41.503,100
WRTH,13-Jul-2026,25.32,25.32,25.2233,25.285,54100
WSBC,13-Jul-2026,39.23,39.23,38.81,39.11,546600
WSBCO,13-Jul-2026,25.57,25.57,25.54,25.54,500
WSBF,13-Jul-2026,19.7,19.93,19.265,19.72,59000
WSBK,13-Jul-2026,13.04,13.05,13.04,13.05,1500
WSC,13-Jul-2026,26.2,26.57,25.73,26.31,1531200
WSE,13-Jul-2026,12.75,13.035,12.695,13,1573100
WSFS,13-Jul-2026,77.43,78.01,77.3,77.79,471200
WSGE,13-Jul-2026,27.8207,27.8207,27.8207,27.8207,100
WSHP,13-Jul-2026,5.67,5.9059,5.25,5.39,71200
WSML,13-Jul-2026,34.68,34.68,34.39,34.425,7400
WSPC,13-Jul-2026,28.1796,28.245,27.8087,27.8087,500
WTBA,13-Jul-2026,26.45,26.94,26.245,26.58,76500
WTBN,13-Jul-2026,24.93,24.98,24.865,24.865,24000
WTF,13-Jul-2026,2.89,3.04,2.8851,2.97,3400
WTFC,13-Jul-2026,162.16,162.305,160.88,161.5,633800
WTFCN,13-Jul-2026,26.055,26.21,26.05,26.105,8000
WTG,13-Jul-2026,10.45,10.45,10.45,10.45,5200
WTIP,13-Jul-2026,35.055,35.07,34.97,35.0688,3600
WTMU,13-Jul-2026,25.615,25.615,25.615,25.615,100
WTMY,13-Jul-2026,25.44,25.44,25.39,25.39,100
WTW,13-Jul-2026,292.65,296.8,291.15,295.55,436600
WULF,13-Jul-2026,21.5,21.89,20.14,20.89,25087600
WVE,13-Jul-2026,6.2,6.2583,5.9,5.95,2412700
WVVI,13-Jul-2026,2.91,2.91,2.8098,2.82,9500
WVVIP,13-Jul-2026,2.97,2.97,2.75,2.7626,6900
WW,13-Jul-2026,15.12,15.805,14.5,14.58,126900
WWD,13-Jul-2026,401.09,404.28,392.89,396.93,472600
WXM,13-Jul-2026,3.06,3.39,2.685,3.02,177000
WYFI,13-Jul-2026,37.44,39.05,34.6,36.29,3622000
WYHG,13-Jul-2026,4.39,4.39,3.99,4.2,24500
WYNN,13-Jul-2026,99.97,100.46,96.795,97.13,1287100
XAIR,13-Jul-2026,7.99,8.19,7.2,7.49,50400
XAIX,13-Jul-2026,54.22,54.5705,53.8,54.0558,44200
XBCI,13-Jul-2026,30.64,31.29,30.64,30.81,106000
XBIL,13-Jul-2026,50.07,50.07,50.06,50.07,88300
XBIO,13-Jul-2026,2.72,2.8384,2.7,2.82,11300
XBIT,13-Jul-2026,2.28,2.34,2.28,2.33,78700
XBP,13-Jul-2026,2.77,3,2.62,2.62,18700
XBTY,13-Jul-2026,5.57,5.62,5.56,5.6,92100
XCH,13-Jul-2026,0.755,0.8269,0.69,0.7802,86100
XCNY,13-Jul-2026,33.18,33.18,32.8268,32.8268,500
XCUR,13-Jul-2026,1.77,1.8,1.65,1.65,21100
XDEF,13-Jul-2026,21.21,21.21,20.825,20.8259,900
XE,13-Jul-2026,15.76,16.2,15.3,15.43,3669500
XEL,13-Jul-2026,80.1,81.14,80.1,80.48,4476900
XELB,13-Jul-2026,1.63,1.63,1.48,1.48,25000
XELLL,13-Jul-2026,23.68,23.72,23.6,23.64,72400
XENE,13-Jul-2026,67.79,67.87,65.5301,67.72,1527800
XERS,13-Jul-2026,8.345,8.345,8.05,8.16,1471800
XEY,13-Jul-2026,20.1491,20.1491,20.1491,20.1491,100
XFOR,13-Jul-2026,4.42,4.48,4.015,4.05,642300
XGN,13-Jul-2026,4.43,4.43,4.12,4.14,281200
XHG,13-Jul-2026,0.87,0.87,0.87,0.87,300
XHLD,13-Jul-2026,2.08,2.08,1.91,2,33100
XLO,13-Jul-2026,9.1,9.32,8.98,9.24,71400
XMAG,13-Jul-2026,25.67,25.78,25.55,25.619,76800
XMAX,13-Jul-2026,8.58,8.67,8.27,8.54,2642500
XMTR,13-Jul-2026,96.19,97,94.36,96.67,913600
XNCR,13-Jul-2026,15.53,15.53,14.67,14.96,662500
XNDU,13-Jul-2026,10.92,10.99,10.46,10.5,1159800
XNET,13-Jul-2026,5.68,5.82,5.6075,5.68,170400
XOMA,13-Jul-2026,43.97,43.97,39.77,40.17,6711900
XOMAO,13-Jul-2026,24.98,25,24.97,25,4300
XOMAP,13-Jul-2026,24.98,24.98,24.98,24.98,300
XOMX,13-Jul-2026,37,38.92,37,38.504,59500
XOS,13-Jul-2026,2.44,2.48,2.322,2.34,115100
XOSWW,13-Jul-2026,0.0023,0.0038,0.0023,0.0035,4400
XOVR,13-Jul-2026,20.7,20.745,20.155,20.23,2735900
XP,13-Jul-2026,16.84,16.93,16.285,16.37,3689900
XPEG,13-Jul-2026,4.96,4.96,4.8,4.8888,17900
XPEL,13-Jul-2026,44.49,44.79,43.88,44.72,161300
XPON,13-Jul-2026,0.36,0.3667,0.3155,0.3318,114700
XQQI,13-Jul-2026,50.35,50.43,49.5816,49.8202,253100
XRAY,13-Jul-2026,12.28,12.88,12.2,12.78,5763900
XRPC,13-Jul-2026,11.37,11.46,11.2,11.32,110300
XRPI,13-Jul-2026,5.9,5.94,5.815,5.86,105300
XRPN,13-Jul-2026,10.45,10.45,10.4301,10.45,13000
XRPNU,13-Jul-2026,10.8001,10.8001,10.8001,10.8001,200
XRPNW,13-Jul-2026,0.82,0.82,0.8,0.8171,38800
XRPT,13-Jul-2026,22.73,23.07,22.08,22.5872,64900
XRTX,13-Jul-2026,2.09,2.1243,2.03,2.03,13100
XRX,13-Jul-2026,2.78,2.8587,2.69,2.77,1975900
XRXDW,13-Jul-2026,0.25,0.2671,0.24,0.2599,94600
XSLL,13-Jul-2026,10,10,9.94,9.94,30200
XSPC,13-Jul-2026,21.14,21.2,20.755,20.8428,2000
XSPI,13-Jul-2026,49.57,49.58,49.2053,49.36,40900
XT,13-Jul-2026,81.61,81.61,80.96,81.07,52600
XTIA,13-Jul-2026,1.41,1.46,1.4,1.45,827200
XTLB,13-Jul-2026,2.89,2.895,2.69,2.88,5500
XWEL,13-Jul-2026,0.95,0.97,0.9251,0.9399,61600
XXII,13-Jul-2026,4.23,4.23,4.05,4.1001,7600
XXX,13-Jul-2026,19.96,19.96,19.8475,19.8475,300
XYZG,13-Jul-2026,17.06,17.442,16.77,17.442,5300
YAAS,13-Jul-2026,0.91,0.9863,0.89,0.9292,37200
YB,13-Jul-2026,14.3,14.5,13.94,14.46,119700
YBMN,13-Jul-2026,10.32,10.3899,10.23,10.3547,2300
YBST,13-Jul-2026,13.29,13.29,13.24,13.24,500
YBTY,13-Jul-2026,11.89,11.89,11.77,11.79,14400
YDDL,13-Jul-2026,2.06,2.06,1.95,1.97,40900
YDES,13-Jul-2026,2.15,2.23,2.0005,2.15,62800
YDESW,13-Jul-2026,0.2561,0.259,0.25,0.25,2600
YDKG,13-Jul-2026,0.975,0.9762,0.9304,0.9524,8900
YHC,13-Jul-2026,2.32,2.72,2.02,2.57,516100
YHGJ,13-Jul-2026,3.0499,3.3,2.5701,3.03,19300
YI,13-Jul-2026,4.15,4.155,3.8,3.8,4900
YIBO,13-Jul-2026,1.1,1.1,1.03,1.03,9100
YICC,13-Jul-2026,9.88,9.93,9.84,9.93,20600
YICCU,13-Jul-2026,10.03,10.03,10.03,10.03,1400
YJ,13-Jul-2026,1.45,1.45,1.3394,1.3394,600
YLDE,13-Jul-2026,56.91,57.35,56.74,56.84,29200
YMAT,13-Jul-2026,2.17,2.279,1.96,2.05,131400
YMT,13-Jul-2026,0.4602,0.52,0.454,0.484,260900
YNOT,13-Jul-2026,32.01,32.04,31.5601,31.6098,7500
YOKE,13-Jul-2026,31.85,31.85,31.65,31.7052,1200
YORW,13-Jul-2026,30.78,31.03,30.61,30.97,159600
YOUL,13-Jul-2026,0.5205,0.5692,0.5205,0.5361,29000
YQ,13-Jul-2026,2.39,2.4,2.39,2.39,300
YQQQ,13-Jul-2026,9.97,10.06,9.97,10.06,30800
YSPY,13-Jul-2026,14.9,14.9,14.85,14.85,12500
YSWY,13-Jul-2026,20.27,21.19,20.03,21.06,453400
YSXT,13-Jul-2026,0.8484,0.8484,0.5021,0.7031,1047000
YTRA,13-Jul-2026,0.9211,0.9211,0.8802,0.9002,9100
YXT,13-Jul-2026,0.3303,0.3411,0.32,0.34,40900
YYAI,13-Jul-2026,8.18,8.18,7.26,7.81,11500
YYGH,13-Jul-2026,1.24,1.2999,1.17,1.18,701400
Z,13-Jul-2026,31.84,33.02,31.46,32.19,2892600
ZAP,13-Jul-2026,33.56,33.81,33.55,33.66,66400
ZBAO,13-Jul-2026,0.3155,0.333,0.2517,0.2895,15347000
ZBIO,13-Jul-2026,28.23,28.69,27.34,27.88,857100
ZBRA,13-Jul-2026,272.29,276.2025,264.46,266.71,730500
ZCMD,13-Jul-2026,1.67,1.9045,1.5,1.51,351900
ZD,13-Jul-2026,52.18,52.75,51.76,51.87,393200
ZDAI,13-Jul-2026,1.95,2,1.92,1.96,31300
ZENA,13-Jul-2026,1.37,1.38,1.335,1.34,993700
ZEO,13-Jul-2026,0.61,0.667,0.5793,0.6011,204800
ZEOWW,13-Jul-2026,0.0352,0.0352,0.03,0.03,7000
ZG,13-Jul-2026,32,32.72,31.3,31.94,772900
ZHOG,13-Jul-2026,51.29,51.33,51.2,51.265,3200
ZION,13-Jul-2026,70.63,71.09,69.84,70.36,1694000
ZIONP,13-Jul-2026,18.37,18.39,18.3004,18.3457,4500
ZJK,13-Jul-2026,1.91,2.1,1.9,2.02,26200
ZJYL,13-Jul-2026,1.8018,1.908,1.8018,1.86,8900
ZKIN,13-Jul-2026,1.36,1.4819,1.34,1.39,2800
ZKPW,13-Jul-2026,0.251,0.2821,0.251,0.28,800
ZLAB,13-Jul-2026,20.45,20.49,19.56,19.62,1459000
ZM,13-Jul-2026,89.99,93.15,89.99,91.88,3180400
ZMUN,13-Jul-2026,50.08,50.09,50.075,50.075,17600
ZNB,13-Jul-2026,0.46,0.46,0.4143,0.428,697600
ZNTL,13-Jul-2026,4.82,4.86,4.39,4.62,1172900
ZOOZ,13-Jul-2026,5.13,5.25,5.0005,5.06,8600
ZS,13-Jul-2026,140.16,143.0999,138.03,141.82,1655800
ZSQR,13-Jul-2026,8.28,8.79,7.15,7.2,476200
ZSTK,13-Jul-2026,2.35,2.35,2.01,2.18,24300
ZTEK,13-Jul-2026,0.4741,0.4971,0.4706,0.4798,62500
ZTEN,13-Jul-2026,49.9596,49.96,49.84,49.8404,3100
ZTG,13-Jul-2026,2.7,2.79,2.69,2.75,13700
ZTOP,13-Jul-2026,51.62,51.62,51.575,51.575,600
ZTRE,13-Jul-2026,50.46,50.46,50.39,50.4,4000
ZTWO,13-Jul-2026,50.37,50.37,50.33,50.33,1800
ZUMZ,13-Jul-2026,18.11,18.59,18.11,18.17,201000
ZURA,13-Jul-2026,5.09,5.22,4.85,5.15,1181300
ZVRA,13-Jul-2026,13.2,13.29,13.01,13.18,868200
ZYBT,13-Jul-2026,0.75,0.82,0.698,0.7052,8100
ZYME,13-Jul-2026,25.79,25.79,24.74,24.94,340700
