Symbol,Date,Open,High,Low,Close,Volume
AAAP,28-Jul-2026,25.325,25.325,25.325,25.325,100
AACB,28-Jul-2026,10.56,10.56,10.51,10.55,33400
AACBR,28-Jul-2026,0.144,0.1578,0.13,0.15,10400
AACBU,28-Jul-2026,10.68,10.68,10.68,10.68,100
AACG,28-Jul-2026,0.94,0.975,0.89,0.97,2700
AACIW,28-Jul-2026,0.3499,0.35,0.3499,0.35,500
AACO,28-Jul-2026,9.93,9.94,9.93,9.94,10000
AACOW,28-Jul-2026,0.42,0.42,0.42,0.42,100
AACP,28-Jul-2026,10,10.02,10,10.02,60100
AACPR,28-Jul-2026,0.2,0.2,0.1851,0.1851,300
AACPU,28-Jul-2026,10.23,10.23,10.23,10.24,0
AADR,28-Jul-2026,80.97,81.29,80.8701,81.29,500
AAEQ,28-Jul-2026,52.8245,52.8245,52.8245,52.8245,100
AAL,28-Jul-2026,14.95,15.41,14.74,15.36,86465400
AALG,28-Jul-2026,13.49,14.4491,13.24,14.3495,23000
AAME,28-Jul-2026,1.59,1.6,1.59,1.6,3800
AAOI,28-Jul-2026,92.95,93.35,81.54,88.14,10840200
AAON,28-Jul-2026,98.08,98.62,93.1,93.74,1308500
AAPB,28-Jul-2026,46.43,46.8,45.2101,46.28,49500
AAPD,28-Jul-2026,10.27,10.4182,10.1999,10.27,12945600
AAPG,28-Jul-2026,18.5499,18.5499,18.25,18.285,4600
AAPL,28-Jul-2026,340.03,342.89,335.6,340.08,51859000
AAPU,28-Jul-2026,47.72,48.4,46.4099,47.71,1341600
AARD,28-Jul-2026,6.62,6.7,6.4,6.42,53200
AAUB,28-Jul-2026,48.72,49.0899,48.72,49.0899,100
AAUS,28-Jul-2026,59.06,59.47,59.04,59.33,1900
AAVM,28-Jul-2026,33.34,33.34,33.2478,33.2478,2200
AAXJ,28-Jul-2026,107.32,108.46,106.43,107.81,497700
ABAT,28-Jul-2026,2.21,2.25,2.07,2.18,3300900
ABCL,28-Jul-2026,5.2,5.385,4.98,5.29,6082200
ABCS,28-Jul-2026,35.49,35.78,35.4899,35.7539,3900
ABEO,28-Jul-2026,6.13,6.13,5.83,6.02,940300
ABI,28-Jul-2026,24.83,24.83,24.83,24.83,100
ABIG,28-Jul-2026,33.94,34.1128,33.94,34.1128,400
ABLV,28-Jul-2026,0.8799,0.8891,0.87,0.87,30500
ABNB,28-Jul-2026,148.83,153.19,148.09,153.11,6846100
ABNG,28-Jul-2026,19.5,20.2137,19.5,20.2137,8400
ABOS,28-Jul-2026,2.2,2.39,2.13,2.28,855700
ABSI,28-Jul-2026,7.47,7.47,6.8501,7.13,2874700
ABTC,28-Jul-2026,5.79,5.82,5.45,5.48,952900
ABTS,28-Jul-2026,1.16,1.2199,1.12,1.15,42600
ABUS,28-Jul-2026,4.5,4.5,4.375,4.41,633600
ABVC,28-Jul-2026,1,1.09,0.996,1.06,59300
ABVX,28-Jul-2026,126.21,126.5,121.7,124.23,1016600
ACAD,28-Jul-2026,25.52,26.08,25.52,26.01,940900
ACB,28-Jul-2026,2.72,2.785,2.7,2.72,1107400
ACCL,28-Jul-2026,2.1816,2.2152,2.14,2.15,17800
ACDC,28-Jul-2026,3.97,3.97,3.66,3.71,1961100
ACEP,28-Jul-2026,19.85,19.854,19.85,19.854,300
ACET,28-Jul-2026,8.1,8.46,7.78,8.2,54800
ACFN,28-Jul-2026,19.87,19.87,19.01,19.2,3600
ACGC,28-Jul-2026,9.96,9.99,9.96,9.96,700300
ACGCW,28-Jul-2026,0.301,0.31,0.301,0.31,52000
ACGL,28-Jul-2026,105.19,107.085,104.553,106.48,2062300
ACGLN,28-Jul-2026,16.37,16.445,16.33,16.37,18800
ACGLO,28-Jul-2026,19.47,19.56,19.46,19.5,24000
ACHC,28-Jul-2026,32.52,33.366,31.81,32.69,4345500
ACHV,28-Jul-2026,6.18,6.28,5.91,6.18,1304700
ACIC,28-Jul-2026,10.41,10.94,10.41,10.86,382400
ACIU,28-Jul-2026,2.31,2.32,2.24,2.32,104100
ACIW,28-Jul-2026,58.63,60.53,58.63,59.97,634700
ACLS,28-Jul-2026,122.01,122.01,112.335,120.03,600000
ACMR,28-Jul-2026,75.1,75.95,69.83,72.02,1374300
ACNB,28-Jul-2026,64.56,65.265,63.38,64.56,96000
ACNT,28-Jul-2026,15.25,15.57,15.25,15.49,62800
ACOG,28-Jul-2026,8.71,9.27,8.33,8.41,111400
ACON,28-Jul-2026,2.25,2.25,2.07,2.13,56400
ACONW,28-Jul-2026,0.0212,0.0214,0.0212,0.0214,200
ACRS,28-Jul-2026,5.34,5.365,5.18,5.33,1552900
ACRV,28-Jul-2026,1.55,1.61,1.51,1.54,235400
ACT,28-Jul-2026,47.46,48.1,47.33,47.97,351800
ACTG,28-Jul-2026,4.66,4.715,4.615,4.63,164000
ACTU,28-Jul-2026,1.14,1.14,1.03,1.06,214300
ACWI,28-Jul-2026,153.96,154.97,153.35,154.54,2029100
ACWX,28-Jul-2026,73.43,74.255,73.33,73.94,2593800
ACXP,28-Jul-2026,1.45,1.45,1.385,1.41,51000
ADAG,28-Jul-2026,3.48,3.885,3.32,3.73,415800
ADAM,28-Jul-2026,8.74,8.8299,8.6126,8.71,844300
ADAMG,28-Jul-2026,25,25.0001,24.9201,25,13000
ADAMH,28-Jul-2026,25.32,25.3599,25.3,25.3277,27900
ADAMI,28-Jul-2026,25.09,25.11,25.05,25.05,7900
ADAML,28-Jul-2026,24.48,24.49,24.4472,24.46,5200
ADAMM,28-Jul-2026,25.055,25.072,25.03,25.06,8200
ADAMN,28-Jul-2026,23.69,23.8999,23.69,23.84,4300
ADAMO,28-Jul-2026,25,25.028,24.95,24.96,22400
ADAMZ,28-Jul-2026,19.1,19.1,19.0001,19.0001,3500
ADBE,28-Jul-2026,242.85,254.06,241.6946,249.18,8098700
ADBG,28-Jul-2026,4.07,4.45,4.05,4.29,12405800
ADEA,28-Jul-2026,25.38,25.4,23.93,25.15,1159800
ADGM,28-Jul-2026,0.477,0.5199,0.4201,0.4476,216200
ADI,28-Jul-2026,366.44,373.283,363.15,365.83,5052800
ADIL,28-Jul-2026,2.75,2.95,2.75,2.95,63800
ADMA,28-Jul-2026,8.57,8.795,8.495,8.79,2171900
ADP,28-Jul-2026,259.37,268.17,258.18,264.17,3689300
ADPT,28-Jul-2026,22.72,22.9899,21.93,22.52,1678900
ADSE,28-Jul-2026,11.9,12,11.63,11.98,16400
ADSEW,28-Jul-2026,0.54,0.56,0.53,0.56,500
ADSK,28-Jul-2026,231.49,243.25,229.4,237.38,3885800
ADTN,28-Jul-2026,9.27,9.28,8.47,9.01,2210200
ADUR,28-Jul-2026,13.09,13.25,12.14,12.99,682600
ADUS,28-Jul-2026,117,119.64,116.97,119.22,196000
ADV,28-Jul-2026,38.49,41.53,38.49,40.8,97700
ADVB,28-Jul-2026,12.07,12.6,9.49,10.88,253200
AEAQ,28-Jul-2026,10.01,10.01,10.01,10.01,6900
AEBI,28-Jul-2026,13.17,13.83,13.06,13.75,323700
AEC,28-Jul-2026,4.42,4.42,4.15,4.16,35300
AEHL,28-Jul-2026,0.6184,0.6184,0.5506,0.58,729200
AEHR,28-Jul-2026,72.09,72.09,65.277,70,2864400
AEI,28-Jul-2026,1.05,1.0701,1.03,1.04,9000
AEIS,28-Jul-2026,280.57,280.6,262.64,273.42,818300
AEMD,28-Jul-2026,0.575,0.5892,0.541,0.5637,54000
AENT,28-Jul-2026,6.04,6.152,5.815,5.99,17800
AENTW,28-Jul-2026,0.393,0.438,0.37,0.37,12700
AEP,28-Jul-2026,134.09,135.99,132.98,133.02,3925300
AERT,28-Jul-2026,6.25,6.5,6.25,6.35,5200
AESP,28-Jul-2026,9.905,9.91,9.905,9.91,9200
AESPR,28-Jul-2026,0.17,0.17,0.17,0.17,11000
AESPU,28-Jul-2026,10.11,10.12,10.06,10.1,11500
AESPW,28-Jul-2026,0.06,0.06,0.06,0.06,2500
AEVA,28-Jul-2026,15.02,15.05,13.91,14.7,2329700
AEYE,28-Jul-2026,5.96,6.21,5.8619,6.07,91100
AFBI,28-Jul-2026,22.99,22.99,22.96,22.99,15000
AFCG,28-Jul-2026,2.665,2.73,2.605,2.66,52300
AFJK,28-Jul-2026,11.625,12.295,11.625,12,25400
AFJKR,28-Jul-2026,0.12,0.128,0.12,0.122,474200
AFJKU,28-Jul-2026,12.59,15.02,11.71,11.71,4400
AFOS,28-Jul-2026,43,43,42.035,42.6638,9400
AFRI,28-Jul-2026,10.86,10.86,10.39,10.46,6400
AFRIW,28-Jul-2026,0.97,0.98,0.97,0.97,4000
AFRM,28-Jul-2026,72.61,73.75,70.95,72.4,2458000
AFSC,28-Jul-2026,37.9396,37.9396,37.9396,37.9396,100
AFYA,28-Jul-2026,14.33,14.53,14.31,14.45,51100
AGCC,28-Jul-2026,15.3,16.2,14.5,15.115,239200
AGEM,28-Jul-2026,45.755,45.9799,45.7,45.7508,3700
AGEN,28-Jul-2026,6.06,6.64,5.88,6.6,2785100
AGGA,28-Jul-2026,24.93,24.965,24.93,24.965,6700
AGIO,28-Jul-2026,37.49,37.56,35.24,35.99,834900
AGIX,28-Jul-2026,40.94,41.37,40.13,41.08,199200
AGMB,28-Jul-2026,12.68,12.925,12.07,12.54,33000
AGMH,28-Jul-2026,0.9797,1.01,0.74,0.7901,148500
AGMI,28-Jul-2026,60.72,60.72,60.1111,60.1111,300
AGNC,28-Jul-2026,10.7,11.095,10.67,11.07,31272800
AGNCL,28-Jul-2026,24.88,25,24.88,24.96,10300
AGNCM,28-Jul-2026,24.9,24.9899,24.8809,24.9702,9100
AGNCN,28-Jul-2026,25.6,25.64,25.6,25.62,30800
AGNCO,28-Jul-2026,25.352,25.4199,25.3507,25.38,18600
AGNCP,28-Jul-2026,25.04,25.07,25.01,25.05,34100
AGNCZ,28-Jul-2026,25.29,25.32,25.28,25.29,18000
AGNG,28-Jul-2026,37.43,38,37.43,37.7258,17900
AGNT,28-Jul-2026,4.2,4.38,3.97,4.02,2024800
AGPU,28-Jul-2026,7.21,7.7399,7.12,7.33,393000
AGRZ,28-Jul-2026,0.29,0.295,0.168,0.2201,259700
AGYS,28-Jul-2026,107.89,115.9,102.92,110.7,606000
AGZD,28-Jul-2026,22.61,22.61,22.5401,22.55,21500
AHCO,28-Jul-2026,11.12,11.295,11,11.22,771700
AHD,28-Jul-2026,25.71,25.71,25.5,25.525,2100
AHMA,28-Jul-2026,1.53,1.58,1.53,1.54,21600
AIA,28-Jul-2026,127.02,128.95,125.885,127.72,439000
AIAI,28-Jul-2026,5.44,5.7,5.22,5.51,89500
AIBZ,28-Jul-2026,5.11,5.2,4.87,5,675500
AIDX,28-Jul-2026,0.46,0.4728,0.4305,0.455,127800
AIFA,28-Jul-2026,1.75,1.8239,1.693,1.78,13400
AIFC,28-Jul-2026,0.4047,0.4059,0.375,0.3923,1302700
AIFD,28-Jul-2026,47.64,47.89,46.435,47.6843,25800
AIFF,28-Jul-2026,1.15,1.16,1.06,1.105,391400
AIFU,28-Jul-2026,34,35,32,32,3400
AIHS,28-Jul-2026,1.43,1.5,1.39,1.47,11600
AIIO,28-Jul-2026,2.88,3.19,2.78,3.05,822600
AIIOW,28-Jul-2026,0.0396,0.04,0.025,0.0325,73900
AIIR,28-Jul-2026,5.67,7.3754,5.67,6,38500
AIMD,28-Jul-2026,1.34,1.45,1.3,1.31,17900
AIMDW,28-Jul-2026,0.1157,0.1157,0.1157,0.1157,100
AIMS,28-Jul-2026,28.26,28.27,28.26,28.2617,800
AIOS,28-Jul-2026,12.65,13.65,12.17,12.69,12200
AIOT,28-Jul-2026,3.87,3.945,3.83,3.91,848300
AIP,28-Jul-2026,29.19,29.25,26.7491,28.96,688500
AIPI,28-Jul-2026,34.25,34.3501,33.53,34.16,241100
AIPO,28-Jul-2026,28.26,28.26,27.2699,27.85,1307400
AIQ,28-Jul-2026,57.01,57.77,56.12,57.24,2241500
AIRE,28-Jul-2026,1.39,1.45,1.3301,1.41,26800
AIRG,28-Jul-2026,5.75,5.88,5.67,5.67,49300
AIRJ,28-Jul-2026,4.22,4.44,4.07,4.33,1698600
AIRJW,28-Jul-2026,1.13,1.13,1.06,1.09,4800
AIRO,28-Jul-2026,7.04,7.08,6.7,6.8,197100
AIRR,28-Jul-2026,119.8,119.8,115,116.02,1038500
AIRS,28-Jul-2026,4.69,4.6999,4.205,4.66,439200
AIRTP,28-Jul-2026,19.24,19.2499,19.14,19.1999,7700
AISP,28-Jul-2026,1.94,1.955,1.86,1.93,357100
AISPW,28-Jul-2026,0.52,0.52,0.3985,0.4899,11300
AIX,28-Jul-2026,21.8715,21.8715,21.8715,21.8715,100
AIXC,28-Jul-2026,0.8,0.8287,0.73,0.8236,31300
AIXI,28-Jul-2026,1.1,1.115,1.04,1.05,176300
AKAM,28-Jul-2026,111.75,113.17,107.92,111.79,2995000
AKAN,28-Jul-2026,5.83,6.5599,5.75,6.2,66200
AKBA,28-Jul-2026,1.28,1.29,1.22,1.27,1667100
AKTS,28-Jul-2026,24.22,24.255,22.54,22.97,312200
AKTX,28-Jul-2026,8.75,8.76,8.05,8.43,29000
ALAB,28-Jul-2026,266.99,268.65,251.1701,260.23,4760900
ALAR,28-Jul-2026,1.89,1.89,1.73,1.79,195800
ALBG,28-Jul-2026,5.2,5.23,5.101,5.1818,7800
ALCO,28-Jul-2026,38.56,38.75,38.125,38.32,23500
ALDF,28-Jul-2026,10.74,10.74,10.74,10.74,4500
ALDFU,28-Jul-2026,10.82,10.82,10.81,10.82,2900
ALDX,28-Jul-2026,1.62,1.62,1.49,1.58,916700
ALEC,28-Jul-2026,1.51,1.54,1.475,1.52,342800
ALF,28-Jul-2026,10.84,10.84,10.84,10.84,700
ALFUW,28-Jul-2026,0.2151,0.2438,0.2151,0.2438,600
ALGM,28-Jul-2026,43.5,44.725,42.005,44.52,2323100
ALGN,28-Jul-2026,169.93,175.85,169.93,175.6,914100
ALGS,28-Jul-2026,4.22,4.37,3.98,4.25,93100
ALGT,28-Jul-2026,100.38,102.995,97.17,101.58,562600
ALHC,28-Jul-2026,18.42,18.81,17.93,18.43,5901500
ALIL,28-Jul-2026,30.9059,30.9059,30.9059,30.9059,100
ALIS,28-Jul-2026,10.16,10.17,10.16,10.16,4200
ALKS,28-Jul-2026,50.42,52.51,49.33,50.5,2875900
ALKT,28-Jul-2026,17.885,18.47,17.885,18.17,2029800
ALLO,28-Jul-2026,1.75,1.76,1.61,1.66,9960200
ALLR,28-Jul-2026,1.2,1.2599,1.15,1.18,81800
ALLT,28-Jul-2026,7.58,7.7499,7.42,7.63,172700
ALLW,28-Jul-2026,29.08,29.275,29.06,29.1939,482000
ALM,28-Jul-2026,12.86,12.97,11.495,12.23,8959500
ALMR,28-Jul-2026,24.73,25.23,23.785,24.71,190600
ALMS,28-Jul-2026,27.37,27.37,26.06,27.03,782500
ALMU,28-Jul-2026,14.81,14.81,13.26,14.19,601400
ALNT,28-Jul-2026,86.53,86.66,79.44,83.26,402800
ALNY,28-Jul-2026,282.79,290.47,281.225,288.41,1437700
ALOT,28-Jul-2026,28.75,28.83,28.64,28.79,239200
ALOV,28-Jul-2026,9.94,9.94,9.94,9.94,600
ALOVW,28-Jul-2026,0.4051,0.4051,0.4051,0.4051,200
ALOY,28-Jul-2026,7.73,7.95,7.08,7.33,2231400
ALP,28-Jul-2026,0.211,0.211,0.194,0.2025,2006300
ALPS,28-Jul-2026,0.4676,0.4739,0.465,0.4654,52900
ALPX,28-Jul-2026,9.89,9.89,9.865,9.87,5600
ALPXU,28-Jul-2026,10.05,10.1,10.05,10.0999,1000
ALRM,28-Jul-2026,54.36,55.83,54.36,54.51,446900
ALRS,28-Jul-2026,33.02,33.435,32.85,33.13,204500
ALT,28-Jul-2026,3.162,3.31,2.815,2.99,17142600
ALTI,28-Jul-2026,3.65,3.72,3.53,3.63,65000
ALTO,28-Jul-2026,4.49,4.51,4.21,4.45,2430400
ALTY,28-Jul-2026,12.43,12.43,12.35,12.39,15900
ALVO,28-Jul-2026,3.09,3.14,3.05,3.1,330500
ALXO,28-Jul-2026,2.09,2.09,1.91,1.99,328400
ALZN,28-Jul-2026,1.34,1.35,1.26,1.31,35000
AMA,28-Jul-2026,25.48,26.04,23.15,24.11,179500
AMACU,28-Jul-2026,9.97,9.9741,9.94,9.96,10900
AMAL,28-Jul-2026,49.28,50.03,48.9316,49.89,153400
AMAN,28-Jul-2026,10.2,10.22,10.14,10.15,233600
AMAT,28-Jul-2026,490.92,495,467.01,476.46,9891200
AMBA,28-Jul-2026,65.69,69.86,64.36,68.97,2269500
AMBR,28-Jul-2026,1.4,1.44,1.38,1.4,11900
AMCI,28-Jul-2026,5.11,5.36,4.66,4.78,96700
AMCX,28-Jul-2026,10.28,10.375,10.11,10.26,423300
AMD,28-Jul-2026,467,472.75,442.27,454.62,36315400
AMDD,28-Jul-2026,31.81,33.25,31.53,32.53,641600
AMDG,28-Jul-2026,85.865,88,76.7,80.8984,116700
AMDL,28-Jul-2026,50.6,52,45.08,47.99,4269800
AMEI,28-Jul-2026,25.29,26.12,25.29,26.07,2400
AMEM,28-Jul-2026,23.54,23.54,23.4975,23.4975,2100
AMGN,28-Jul-2026,383.25,398,382.2115,393.1,3414400
AMGR,28-Jul-2026,24.6,24.6,24.5802,24.5802,2200
AMID,28-Jul-2026,35.61,36.09,35.56,35.8984,18900
AMIX,28-Jul-2026,2.57,3.12,2.44,2.75,10595400
AMKR,28-Jul-2026,51.8,52.1,45.06,45.69,20255400
AMLX,28-Jul-2026,19.79,19.99,18.905,19.55,3410800
AMOD,28-Jul-2026,3.51,3.74,3.51,3.63,2500
AMPG,28-Jul-2026,4.89,5.05,4.6,4.9,2109700
AMPGZ,28-Jul-2026,0.69,0.75,0.59,0.75,21300
AMPH,28-Jul-2026,19.38,20.27,19.38,20.15,390800
AMPL,28-Jul-2026,8.62,8.955,8.51,8.74,1700100
AMRN,28-Jul-2026,13.8,14.04,13.6684,13.95,65600
AMRX,28-Jul-2026,18.59,18.81,18.25,18.76,1765100
AMSC,28-Jul-2026,29.76,29.76,27.91,28.75,1083100
AMSF,28-Jul-2026,30.63,31.055,30.31,30.61,270200
AMSS,28-Jul-2026,0.858,1.2999,0.84,1.07,6578300
AMST,28-Jul-2026,0.9779,0.9779,0.91,0.95,74200
AMTX,28-Jul-2026,1.59,1.6,1.46,1.48,1383500
AMUN,28-Jul-2026,26.06,26.06,26.06,26.06,100
AMUU,28-Jul-2026,178.66,182,159.05,169.29,146000
AMYY,28-Jul-2026,14.64,14.7,14.39,14.52,20100
AMZD,28-Jul-2026,9.67,9.875,9.67,9.7595,11274900
AMZN,28-Jul-2026,232.85,233.11,228.1,230.86,44521500
AMZU,28-Jul-2026,31.405,31.405,30.08,30.84,1306500
AMZZ,28-Jul-2026,29,29.05,27.88,28.5759,153100
ANAB,28-Jul-2026,53.56,54.725,52.04,52.11,522700
ANDE,28-Jul-2026,75.19,76.6878,72.55,73.19,235300
ANEL,28-Jul-2026,19.41,20.53,18.015,20.4574,65800
ANGH,28-Jul-2026,3.52,4,3.33,3.66,117200
ANGI,28-Jul-2026,5.99,6.34,5.99,6.24,404500
ANGL,28-Jul-2026,28.9,28.945,28.88,28.92,358600
ANGO,28-Jul-2026,13.87,14.55,13.87,14.34,514800
ANIK,28-Jul-2026,15.16,15.41,15.025,15.15,52100
ANIP,28-Jul-2026,79.44,81.04,78.36,81.04,219600
ANIX,28-Jul-2026,3.48,3.65,3.41,3.52,310400
ANL,28-Jul-2026,11.97,12.88,11.51,12.69,201300
ANNA,28-Jul-2026,3.03,3.03,2.81,2.84,179200
ANNAW,28-Jul-2026,0.24,0.2599,0.23,0.23,109100
ANNX,28-Jul-2026,5.12,5.2,4.9,4.97,2495600
ANPA,28-Jul-2026,3.91,4.84,3.9,4.17,24600
ANSC,28-Jul-2026,11.47,11.5,11.4,11.47,38300
ANTA,28-Jul-2026,3.3,3.46,3.27,3.27,1000
ANTX,28-Jul-2026,4.92,5.1,4.63,4.7,93800
ANV,28-Jul-2026,25.03,25.05,24.91,24.9915,1400
ANY,28-Jul-2026,1.88,2.2992,1.87,2.2,1652000
AOHY,28-Jul-2026,11.05,11.05,11.02,11.035,17900
AOSL,28-Jul-2026,28.93,29.65,27.17,28.85,702700
AOTG,28-Jul-2026,58.45,59.58,58.45,59.4047,2800
AOUT,28-Jul-2026,12.79,13,12.47,12.74,46200
APA,28-Jul-2026,34.62,35.35,34.12,34.93,5966700
APAC,28-Jul-2026,10.165,10.19,10.165,10.19,153700
APACR,28-Jul-2026,0.1301,0.1301,0.13,0.13,700
APACU,28-Jul-2026,10.27,10.31,10.27,10.3,6900
APC,28-Jul-2026,21.15,21.21,19.71,20.2,169000
APEI,28-Jul-2026,50.18,50.63,49.49,50,279600
APGE,28-Jul-2026,134.31,134.35,134.055,134.17,949700
API,28-Jul-2026,3.96,3.995,3.88,3.94,196500
APLD,28-Jul-2026,26.81,27.25,25.41,26.62,40851400
APLM,28-Jul-2026,18.03,18.48,18,18.22,5800
APLMW,28-Jul-2026,0.014,0.0198,0.014,0.0198,1000
APMC,28-Jul-2026,9.9,9.91,9.89,9.91,36100
APOG,28-Jul-2026,41.48,42.45,41.48,41.84,157000
APP,28-Jul-2026,414.48,420.945,395.1501,418.22,5578500
APPF,28-Jul-2026,173.87,187.15,173.87,178.27,557900
APPN,28-Jul-2026,25.97,27.69,25.77,27.35,836200
APPS,28-Jul-2026,8.47,8.72,8.13,8.46,1811000
APPX,28-Jul-2026,24.83,25.55,22.55,25.18,343900
APRE,28-Jul-2026,0.671,0.671,0.6,0.6137,85400
APUR,28-Jul-2026,9.94,9.94,9.94,9.94,150000
APVO,28-Jul-2026,4.21,4.3399,4.17,4.21,7900
APWC,28-Jul-2026,1.49,1.51,1.45,1.49,10500
APXT,28-Jul-2026,10.12,10.14,10.12,10.12,56100
APXTU,28-Jul-2026,10.49,10.5,10.35,10.35,4000
APXTW,28-Jul-2026,0.3901,0.46,0.3507,0.4121,243500
APYX,28-Jul-2026,3.9,3.91,3.775,3.86,62200
AQB,28-Jul-2026,0.8905,0.921,0.88,0.92,11900
AQLG,28-Jul-2026,25.8784,25.8784,25.8784,25.8784,100
AQMS,28-Jul-2026,2.74,2.86,2.6787,2.8,16800
AQST,28-Jul-2026,3.74,3.78,3.615,3.76,2820700
AQWA,28-Jul-2026,19.19,19.37,19.19,19.32,8500
ARAI,28-Jul-2026,0.2853,0.2853,0.2545,0.2545,450100
ARAY,28-Jul-2026,0.22,0.2662,0.22,0.2434,2351800
ARBB,28-Jul-2026,4.01,4.1,4,4.07,4400
ARBE,28-Jul-2026,0.6834,0.69,0.6118,0.6475,2279100
ARBEW,28-Jul-2026,0.0307,0.0313,0.03,0.0308,19200
ARBK,28-Jul-2026,2.93,3.0585,2.85,2.88,7100
ARCB,28-Jul-2026,149.07,152.22,144.635,149.48,551900
ARCC,28-Jul-2026,18.98,19.13,18.94,19.04,5965500
ARCI,28-Jul-2026,10.06,10.1,10.06,10.1,4600
ARCL,28-Jul-2026,9.92,9.92,9.92,9.92,101200
ARCT,28-Jul-2026,5.78,5.7824,5.57,5.75,347900
ARDX,28-Jul-2026,5.07,5.1249,5.025,5.085,1655700
AREC,28-Jul-2026,1.72,1.74,1.63,1.72,1597900
ARGX,28-Jul-2026,888.6,895.5806,870,872.23,293900
ARHS,28-Jul-2026,7.88,8.15,7.88,7.92,1170700
ARKO,28-Jul-2026,8.12,8.2,7.97,8.03,716700
ARKR,28-Jul-2026,5.8,5.8,5.72,5.72,900
ARLP,28-Jul-2026,25.39,26.515,25.39,25.91,323400
ARM,28-Jul-2026,252.99,253.61,240.38,244.74,5851900
ARMG,28-Jul-2026,18.78,19.07,16.88,17.47,585400
ARMY,28-Jul-2026,25.41,25.41,25.22,25.2961,3100
AROW,28-Jul-2026,40.61,41.12,40.07,40.18,94600
ARQ,28-Jul-2026,2,2.02,1.935,1.95,220800
ARQQ,28-Jul-2026,17.59,18.06,16.6605,17.55,325400
ARQQW,28-Jul-2026,0.0398,0.0398,0.0233,0.0301,12300
ARQT,28-Jul-2026,28.09,28.53,27.51,28.42,1066000
ARRY,28-Jul-2026,5.4,5.45,5.04,5.1,12212000
ARTC,28-Jul-2026,9.96,9.96,9.96,9.96,10000
ARTCW,28-Jul-2026,0.3687,0.3687,0.3555,0.3555,2400
ARTL,28-Jul-2026,1,1.02,0.88,0.8801,129300
ARTNA,28-Jul-2026,34.51,35.4899,34.42,34.99,42600
ARTV,28-Jul-2026,10.3,10.635,9.97,10.53,357900
ARTW,28-Jul-2026,2.46,2.5682,2.3643,2.51,162000
ARVN,28-Jul-2026,8.255,8.32,8.015,8.2,551900
ARVR,28-Jul-2026,53.7642,53.7642,53.7642,53.7642,100
ARWR,28-Jul-2026,86.31,86.64,82.77,85.78,1694900
ARXS,28-Jul-2026,42.69,44.06,41.99,44.06,649300
ASBP,28-Jul-2026,6.92,7.37,6.92,7.245,11300
ASBPW,28-Jul-2026,0.024,0.024,0.0238,0.024,9000
ASCI,28-Jul-2026,35.32,35.605,35.32,35.506,700
ASD,28-Jul-2026,26.99,27.145,26.99,27.145,900
ASEC,28-Jul-2026,49.95,49.95,49.95,49.95,100
ASLE,28-Jul-2026,6.54,6.62,6.46,6.5,279600
ASMB,28-Jul-2026,25.96,26.21,25.16,25.57,86400
ASMG,28-Jul-2026,40,40.66,38.5,40.0842,70000
ASML,28-Jul-2026,1580.5,1599.88,1553.58,1582.95,3010000
ASMU,28-Jul-2026,26.02,26.71,25.225,26.21,228400
ASND,28-Jul-2026,255.53,255.53,246.62,254.44,578500
ASO,28-Jul-2026,50.45,51.885,49.985,50.42,1087600
ASPC,28-Jul-2026,10.62,10.82,10.62,10.79,6700
ASPCU,28-Jul-2026,10.83,10.83,10.83,10.83,100
ASPI,28-Jul-2026,4,4.03,3.74,3.775,5448200
ASPS,28-Jul-2026,5.6,5.8,5.1,5.15,78700
ASPSW,28-Jul-2026,0.375,0.3992,0.3062,0.357,38400
ASPSZ,28-Jul-2026,0.28,0.3,0.25,0.25,51300
ASRV,28-Jul-2026,4.14,4.47,4.08,4.47,53200
ASST,28-Jul-2026,11.54,12.095,11.16,11.98,2257200
ASTC,28-Jul-2026,7.44,7.56,6.18,6.41,111500
ASTE,28-Jul-2026,56.13,56.44,54.66,54.89,111500
ASTH,28-Jul-2026,38.11,38.51,35.79,37.97,647000
ASTI,28-Jul-2026,3.01,3.01,2.73,2.94,413800
ASTL,28-Jul-2026,4.34,4.465,4.3,4.39,762900
ASTLW,28-Jul-2026,0.0065,0.0076,0.0051,0.0065,23600
ASTS,28-Jul-2026,56.29,57.99,53.36,56.55,13110600
ASUR,28-Jul-2026,7.84,8.28,7.8,8.25,146300
ASYS,28-Jul-2026,14.94,14.945,13.88,14.68,596800
ATAI,28-Jul-2026,7.17,7.2,7.15,7.18,17244300
ATAT,28-Jul-2026,34.01,35.42,33.8737,35.07,1442100
ATC,28-Jul-2026,21.65,22.305,21.65,22.305,200
ATCX,28-Jul-2026,3.02,3.1,2.94,3,8100
ATEC,28-Jul-2026,9.1,9.425,8.9998,9.32,2082100
ATER,28-Jul-2026,0.3621,0.47,0.3541,0.3878,2792300
ATEX,28-Jul-2026,94.36,94.95,86.02,91.37,347000
ATGL,28-Jul-2026,9,9.498,8.98,8.98,1100
ATHE,28-Jul-2026,4.68,4.68,4.565,4.565,2200
ATHR,28-Jul-2026,3.99,3.99,3.59,3.62,2500
ATII,28-Jul-2026,10.64,10.75,10.635,10.68,291900
ATIIW,28-Jul-2026,1.8,1.8,1.625,1.7,212700
ATLC,28-Jul-2026,104.6,106.01,101.91,104.82,142800
ATLCL,28-Jul-2026,25.03,25.06,25,25.03,6600
ATLCP,28-Jul-2026,24.4,24.5,24.4,24.4406,6700
ATLCZ,28-Jul-2026,25.5296,25.55,25.4501,25.53,7300
ATLO,28-Jul-2026,30.27,30.87,30.27,30.59,26700
ATLX,28-Jul-2026,2.87,2.87,2.69,2.69,261000
ATNI,28-Jul-2026,24.04,24.63,23.7403,24.04,50300
ATOM,28-Jul-2026,5.01,5.09,4.64,4.83,877300
ATOS,28-Jul-2026,2.36,2.49,2.33,2.415,45900
ATPC,28-Jul-2026,2.37,2.4699,2.25,2.32,35400
ATRA,28-Jul-2026,7.76,7.9099,7.39,7.81,85300
ATRC,28-Jul-2026,37.85,39.9,37.725,39.75,1071500
ATRO,28-Jul-2026,69.63,69.63,66.9,68.33,515200
ATXG,28-Jul-2026,3.18,3.87,3.18,3.52,10100
ATYR,28-Jul-2026,0.4855,0.5027,0.47,0.494,932100
AUBN,28-Jul-2026,26.7,26.7,26.305,26.35,4400
AUC,28-Jul-2026,7.11,7.45,7,7.45,3000
AUDC,28-Jul-2026,9.73,9.82,9.67,9.77,82300
AUGO,28-Jul-2026,54.62,55.51,52.81,55.05,584300
AUID,28-Jul-2026,0.816,0.8903,0.68,0.6904,414300
AUMI,28-Jul-2026,78.0071,78.0071,78.0071,78.0071,200
AUPH,28-Jul-2026,15.24,15.3812,14.9,14.96,1712700
AUR,28-Jul-2026,6.08,6.295,5.66,6.21,26980800
AURA,28-Jul-2026,7.17,7.2,6.965,7.05,439300
AURE,28-Jul-2026,1.79,1.79,1.68,1.685,7500
AUROW,28-Jul-2026,0.22,0.22,0.18,0.219,15000
AUTL,28-Jul-2026,1.47,1.47,1.41,1.45,527800
AUUD,28-Jul-2026,1.07,1.09,1.05,1.08,154900
AVAH,28-Jul-2026,9.67,9.905,9.66,9.89,1555900
AVAT,28-Jul-2026,0.322,0.345,0.29,0.33,399300
AVAV,28-Jul-2026,151.81,156.4753,147.18,156.35,1043300
AVBH,28-Jul-2026,32.41,32.85,32.4,32.61,169100
AVBP,28-Jul-2026,30.09,31.12,29.3,29.98,818400
AVGB,28-Jul-2026,50.94,50.94,50.92,50.935,500
AVGG,28-Jul-2026,26.19,27.76,25.77,27,131100
AVGO,28-Jul-2026,374.36,385.8,371.52,380.91,20328400
AVGU,28-Jul-2026,33.34,35.42,32.98,34.5,43000
AVGX,28-Jul-2026,44.92,47.57,44.19,46.35,472000
AVIR,28-Jul-2026,4.83,4.92,3.82,4.51,1392500
AVL,28-Jul-2026,42.46,45.07,41.835,43.89,308800
AVLN,28-Jul-2026,27.86,28.1,26.81,27.79,186800
AVNW,28-Jul-2026,20.3,20.76,19.5505,20.38,92800
AVO,28-Jul-2026,12.89,13.14,12.8,12.85,521000
AVOS,28-Jul-2026,26.9056,26.9056,26.9056,26.9056,100
AVPT,28-Jul-2026,12.83,13.205,12.71,12.91,3876200
AVR,28-Jul-2026,8.15,8.43,7.75,8.17,1504700
AVS,28-Jul-2026,7.865,7.935,7.6501,7.77,18646000
AVT,28-Jul-2026,86.75,87.09,84.665,86.22,1135400
AVTX,28-Jul-2026,19.38,19.97,18.625,19.52,815700
AVUQ,28-Jul-2026,63.66,64.44,63.66,64.3076,3600
AVX,28-Jul-2026,3.38,3.39,3,3.05,31800
AVXC,28-Jul-2026,75.58,76.34,75.02,75.9472,28600
AVXL,28-Jul-2026,2.48,2.6,2.47,2.57,775900
AVXX,28-Jul-2026,5.41,5.73,5.09,5.72,259600
AWRE,28-Jul-2026,1.13,1.13,1.0901,1.12,29400
AXG,28-Jul-2026,3.1501,3.1515,3.06,3.06,179100
AXGN,28-Jul-2026,41.605,42.035,39.785,41.15,1365300
AXIN,28-Jul-2026,10.28,10.28,10.28,10.28,3600
AXINR,28-Jul-2026,0.333,0.333,0.333,0.333,900
AXON,28-Jul-2026,534.25,551.07,520.4434,547.65,953500
AXPG,28-Jul-2026,12.82,13.0084,12.82,13.0084,3800
AXSM,28-Jul-2026,241.95,242.1,232.34,234.2,404100
AXTI,28-Jul-2026,44.25,44.25,39.86,42.76,8330000
AYA,28-Jul-2026,20.41,20.41,18.92,19.4,617500
AYTU,28-Jul-2026,2.13,2.15,2.09,2.13,21300
AZ,28-Jul-2026,5.79,5.99,5.56,5.9,203300
AZI,28-Jul-2026,1.16,1.35,1.15,1.26,183700
AZIO,28-Jul-2026,1.6363,1.7,1.54,1.61,96519
AZIO,28-Jul-2026,1.65,1.7,1.54,1.62,112300
AZTA,28-Jul-2026,27.82,29.04,27.75,28.93,655200
AZYY,28-Jul-2026,14.43,14.4599,14.43,14.4313,600
BABU,28-Jul-2026,10.5,10.67,10.2663,10.55,30700
BABX,28-Jul-2026,19.4,19.7188,18.96,19.48,278400
BACC,28-Jul-2026,10.62,10.75,10.49,10.5,149800
BAER,28-Jul-2026,1.86,1.955,1.83,1.94,380400
BAFE,28-Jul-2026,28.9701,29.17,28.9701,29.1141,13500
BAFN,28-Jul-2026,6.11,6.2,5.94,6.12,34700
BAIG,28-Jul-2026,13.99,15.1399,13.21,14.2734,41300
BAIV,28-Jul-2026,27.99,27.99,27.975,27.975,200
BALQ,28-Jul-2026,52.92,52.92,52.04,52.721,12400
BAND,28-Jul-2026,57.47,58.215,50.46,52.25,1564900
BANF,28-Jul-2026,116.9,118.665,115.58,115.72,310700
BANL,28-Jul-2026,4.95,5,4.565,4.82,14400
BANR,28-Jul-2026,70.83,71.05,69.82,70.55,302400
BANX,28-Jul-2026,19.61,20.04,19.6063,20.02,42300
BAOS,28-Jul-2026,0.69,0.8079,0.6349,0.6767,95700
BASG,28-Jul-2026,26.45,26.865,26.45,26.7346,3900
BASV,28-Jul-2026,31.305,31.3996,31.22,31.3996,7000
BATRA,28-Jul-2026,55.48,56.3399,54.91,55.03,49700
BATRK,28-Jul-2026,51.34,51.58,50.82,50.91,361400
BBB,28-Jul-2026,29.02,29.255,29,29.2296,1900
BBCP,28-Jul-2026,10.175,10.535,10.147,10.17,176600
BBCQ,28-Jul-2026,10.23,10.25,10.17,10.2,163900
BBCQW,28-Jul-2026,1.75,1.75,1.49,1.62,23900
BBGI,28-Jul-2026,20.37,21,19.81,20.775,31600
BBH,28-Jul-2026,206.8,210.13,206.8,210.0993,5400
BBIO,28-Jul-2026,84.24,85.66,83.02,85.55,2180300
BBLG,28-Jul-2026,1.04,1.04,0.94,0.9612,32400
BBLGW,28-Jul-2026,10,10,10,10,100
BBNX,28-Jul-2026,16.29,16.37,15.59,15.8,660100
BBOT,28-Jul-2026,8.77,8.85,8.46,8.59,129100
BBSI,28-Jul-2026,41.11,42.25,41.04,41.05,248600
BBUL,28-Jul-2026,11.51,12.0281,11,12.0281,4900
BBYY,28-Jul-2026,9.7,9.765,9.7,9.765,500
BCAB,28-Jul-2026,3.35,3.53,3.2715,3.53,20800
BCAL,28-Jul-2026,21.16,21.75,21.16,21.52,218300
BCAR,28-Jul-2026,7.77,7.8568,5.63,5.66,288400
BCARW,28-Jul-2026,1.01,1.01,0.6801,0.7,554800
BCAX,28-Jul-2026,27.62,28.9,26.46,26.88,489900
BCBP,28-Jul-2026,10.31,10.74,10.31,10.72,193400
BCCQU,28-Jul-2026,10.1,10.1,10.04,10.1,122900
BCDA,28-Jul-2026,0.8,0.85,0.75,0.7815,226900
BCFN,28-Jul-2026,22.97,23.085,22.8,23.085,3000
BCG,28-Jul-2026,1.37,1.46,1.37,1.45,30800
BCIC,28-Jul-2026,7.11,7.19,7.0501,7.13,36600
BCLO,28-Jul-2026,49.54,49.61,49.53,49.58,1500
BCML,28-Jul-2026,30.9,31.41,30.37,30.75,75900
BCPC,28-Jul-2026,167.19,169.57,165.68,165.79,317800
BCRX,28-Jul-2026,9.64,9.785,9.505,9.74,2875300
BCTK,28-Jul-2026,27.32,27.4899,26.6,27.3565,40400
BCTX,28-Jul-2026,3.56,3.63,3.3901,3.47,51000
BCTXL,28-Jul-2026,0.88,0.92,0.7301,0.82,3900
BCTXZ,28-Jul-2026,0.09,0.1075,0.0831,0.09,289000
BCYC,28-Jul-2026,3.98,3.98,3.895,3.94,320800
BDCI,28-Jul-2026,10.08,10.08,10.07,10.07,20900
BDCIU,28-Jul-2026,10.2,10.2,10.2,10.2,100
BDGS,28-Jul-2026,35.55,35.6998,35.55,35.6268,1400
BDMD,28-Jul-2026,1.09,1.1,1.01,1.07,44300
BDRX,28-Jul-2026,1.47,1.5,1.38,1.44,29800
BDSX,28-Jul-2026,22.27,22.3531,20.98,21.03,69400
BDTX,28-Jul-2026,1.76,1.77,1.685,1.76,1059300
BDVL,28-Jul-2026,25.99,26.22,25.99,26.14,204600
BDYN,28-Jul-2026,27.02,27.25,26.92,27.2042,384800
BEAG,28-Jul-2026,10.67,10.67,10.6,10.67,77400
BEAM,28-Jul-2026,25,26.3,24.67,26.29,2298000
BEAT,28-Jul-2026,0.5249,0.54,0.5001,0.5272,374100
BEDY,28-Jul-2026,29.61,29.98,29.61,29.92,78700
BEEM,28-Jul-2026,1.02,1.0514,1,1.04,285900
BEEP,28-Jul-2026,1.74,1.85,1.74,1.81,22700
BEEX,28-Jul-2026,26.9999,26.9999,26.9999,26.9999,100
BEEZ,28-Jul-2026,34.5041,34.5041,34.5041,34.5041,100
BEG,28-Jul-2026,24.63,24.66,19.21,22.01,1026500
BELFA,28-Jul-2026,220.7,220.7,205.25,209.95,186200
BELFB,28-Jul-2026,262.06,264.705,248.01,250.97,414800
BELT,28-Jul-2026,37.5,37.86,37.44,37.8199,600
BENF,28-Jul-2026,3.175,3.2588,3.02,3.08,9300
BENFW,28-Jul-2026,0.0106,0.0117,0.0106,0.0117,200
BESO,28-Jul-2026,25.6244,25.6244,25.6244,25.6244,100
BETR,28-Jul-2026,22.28,22.5,21.0563,22.44,161200
BETRW,28-Jul-2026,0.1556,0.1556,0.1475,0.15,12000
BFC,28-Jul-2026,149.73,153.0298,148.67,151.24,101300
BFLX,28-Jul-2026,25.07,25.25,24.98,25.1808,180000
BFRG,28-Jul-2026,0.601,0.63,0.579,0.5835,199100
BFRI,28-Jul-2026,1.05,1.145,0.995,1.11,897900
BFST,28-Jul-2026,31.5,32.09,31.5,32.08,235700
BGC,28-Jul-2026,11.81,12.065,11.69,11.97,1885600
BGCG,28-Jul-2026,26.3,26.39,26.3,26.3627,6300
BGDE,28-Jul-2026,5.14,5.3,4.9,5.02,48500
BGEG,28-Jul-2026,21.68,21.945,21.68,21.9127,2600
BGGG,28-Jul-2026,34.03,34.6634,34.03,34.6634,25000
BGIA,28-Jul-2026,24.33,24.43,24.3172,24.3172,2700
BGIN,28-Jul-2026,1.85,1.9858,1.76,1.76,98000
BGL,28-Jul-2026,0.22,0.22,0.208,0.2119,83300
BGLC,28-Jul-2026,1.39,1.4,1.3,1.35,9200
BGLWW,28-Jul-2026,0.064,0.065,0.037,0.0473,12100
BGM,28-Jul-2026,0.285,0.3048,0.285,0.285,17200
BGMS,28-Jul-2026,0.9,0.9193,0.8697,0.8943,44200
BGRN,28-Jul-2026,46.91,47.02,46.91,47.005,19000
BGRO,28-Jul-2026,40.5963,40.5963,40.5963,40.5963,100
BGUS,28-Jul-2026,24.9,25.2807,24.8991,25.2807,41500
BHDG,28-Jul-2026,24.16,24.16,24.105,24.105,3700
BHF,28-Jul-2026,63.5,64.13,63.16,63.75,456800
BHFAL,28-Jul-2026,15.03,15.245,15.03,15.05,30600
BHFAM,28-Jul-2026,9.9922,10.025,9.9,9.9,13800
BHFAN,28-Jul-2026,11.4,11.44,11.335,11.39,79300
BHFAO,28-Jul-2026,14.31,14.38,14.28,14.31,47000
BHFAP,28-Jul-2026,13.95,14,13.87,13.94,39900
BHRB,28-Jul-2026,72.61,74.14,72.51,74.08,130100
BHST,28-Jul-2026,2.09,2.45,2,2.04,152200
BIAF,28-Jul-2026,0.6521,0.6612,0.602,0.6284,694800
BIB,28-Jul-2026,98.6,100.47,98.6,100.47,3700
BID,28-Jul-2026,9.84,9.84,9.83,9.83,800
BIDG,28-Jul-2026,9.14,9.37,8.95,9.3651,19000
BIDU,28-Jul-2026,103.915,105.155,102.62,104.92,1916500
BIDWR,28-Jul-2026,0.15,0.15,0.15,0.15,105000
BIDWU,28-Jul-2026,9.96,9.96,9.96,9.96,300
BIIB,28-Jul-2026,201.01,207.72,199.4,205.61,1832100
BILI,28-Jul-2026,17.89,18.14,17.79,18.06,1338200
BIOA,28-Jul-2026,20.95,22.04,20.51,21.92,597500
BIOT,28-Jul-2026,1.98,2.03,1.3,1.33,2799300
BIOTW,28-Jul-2026,0.041,0.055,0.0261,0.0261,239200
BIOX,28-Jul-2026,0.322,0.34,0.3115,0.3231,58600
BIOY,28-Jul-2026,21.36,21.42,21.34,21.42,800
BIRD,28-Jul-2026,2.45,2.46,2.28,2.38,398300
BIS,28-Jul-2026,13.62,13.655,13.4516,13.4753,9600
BITA,28-Jul-2026,51.37,51.89,50.9301,51.645,10500
BITS,28-Jul-2026,55.776,55.776,55.776,55.776,300
BIVI,28-Jul-2026,1.36,1.4014,1.31,1.33,106200
BIVIW,28-Jul-2026,0.382,0.382,0.3247,0.351,8900
BIXI,28-Jul-2026,10.03,10.03,10.03,10.03,6300
BIXIU,28-Jul-2026,10.1,10.1,10.1,10.1,600
BIXIW,28-Jul-2026,0.28,0.28,0.2301,0.2301,500
BIYA,28-Jul-2026,5.5,6.82,4.03,6.44,34367900
BJDX,28-Jul-2026,1.05,1.06,0.96,1,284900
BJRI,28-Jul-2026,69.39,69.7,68.12,68.95,444400
BKCH,28-Jul-2026,65.38,65.85,62.45,65.44,28500
BKHA,28-Jul-2026,12.1,12.1,12.1,12.1,2900
BKHAR,28-Jul-2026,1.45,1.45,1.45,1.45,200
BKHAU,28-Jul-2026,12,12.3,12,12.3,3100
BKMI,28-Jul-2026,25.98,26.02,25.94,26.02,157200
BKMS,28-Jul-2026,25.47,25.47,25.43,25.455,25400
BKNG,28-Jul-2026,189.48,199.98,188.48,199.31,9074000
BKR,28-Jul-2026,60.1,60.99,57.87,58.46,12312400
BKYI,28-Jul-2026,4.88,5.4,3.82,4.25,2788500
BL,28-Jul-2026,31.17,32.44,31.035,31.95,1097800
BLBD,28-Jul-2026,75.78,75.78,70.65,73.89,533100
BLCR,28-Jul-2026,47.6,47.82,47.12,47.72,436800
BLDP,28-Jul-2026,2.82,2.84,2.65,2.68,8055300
BLFS,28-Jul-2026,30.05,33.14,30.05,31.98,2710800
BLIN,28-Jul-2026,1.19,1.22,1.16,1.18,47600
BLKB,28-Jul-2026,35,36.53,34.87,35.93,1216900
BLLN,28-Jul-2026,127.64,134.98,125.09,133.64,807300
BLMN,28-Jul-2026,8.55,8.8,8.54,8.6,1513100
BLNE,28-Jul-2026,1.02,1.07,0.9581,0.9663,257700
BLNK,28-Jul-2026,0.5548,0.5548,0.515,0.5154,1502800
BLRK,28-Jul-2026,10.1,10.1,10.07,10.1,3700
BLRKU,28-Jul-2026,10.535,10.535,10.23,10.23,1600
BLRKW,28-Jul-2026,0.5981,0.6919,0.5981,0.6919,600
BLRX,28-Jul-2026,2.84,2.91,2.81,2.81,16000
BLSG,28-Jul-2026,1.47,1.55,1.4204,1.5259,101000
BLTE,28-Jul-2026,158.43,159.4,153.74,155.95,119900
BLUW,28-Jul-2026,10.35,10.35,10.34,10.35,26400
BLUWU,28-Jul-2026,10.5,10.5,10.5,10.5,100
BLZE,28-Jul-2026,12.03,12.12,10.98,12.07,2278600
BLZR,28-Jul-2026,10.15,10.17,10.145,10.16,25200
BLZRU,28-Jul-2026,10.26,10.26,10.26,10.26,1300
BLZRW,28-Jul-2026,0.3271,0.333,0.3271,0.3329,500
BMBL,28-Jul-2026,2.965,3.065,2.924,3.01,1762300
BMEA,28-Jul-2026,1.25,1.28,1.21,1.25,695200
BMGL,28-Jul-2026,5.8,6.37,5.8,6.37,3400
BMHL,28-Jul-2026,5.32,5.62,5.3187,5.62,1600
BMM,28-Jul-2026,5.4,5.45,5.01,5.22,106800
BMNG,28-Jul-2026,13.71,15.21,12.61,14.6027,464800
BMOP,28-Jul-2026,24.81,24.83,24.78,24.8,58000
BMR,28-Jul-2026,1.25,1.265,1.204,1.22,36900
BMRA,28-Jul-2026,1.6,1.6199,1.57,1.6,4200
BMRC,28-Jul-2026,30.05,30.08,28.84,29.1,207000
BMRN,28-Jul-2026,61,63.05,60.925,62.07,1942100
BNAI,28-Jul-2026,12.13,12.89,11.74,12.3,184900
BNC,28-Jul-2026,2.83,2.83,2.7,2.77,152700
BNCWW,28-Jul-2026,0.0175,0.0175,0.0175,0.0175,300
BNCWZ,28-Jul-2026,0.1536,0.1536,0.0908,0.1255,4300
BND,28-Jul-2026,72.53,72.7,72.51,72.64,5279600
BNDP,28-Jul-2026,73.33,73.535,73.33,73.49,1300
BNDW,28-Jul-2026,67.73,67.8899,67.73,67.8189,85400
BNDX,28-Jul-2026,47.96,48.0199,47.94,47.99,3677300
BNGO,28-Jul-2026,1.09,1.1,1.07,1.09,91200
BNKK,28-Jul-2026,1.07,1.07,0.99,1.04,102100
BNR,28-Jul-2026,9.085,9.29,9.085,9.19,1800
BNRG,28-Jul-2026,0.49,0.6063,0.49,0.5566,836000
BNTC,28-Jul-2026,12.18,12.42,11.655,11.89,77900
BNTX,28-Jul-2026,91.78,92.71,90.84,92.45,679200
BNZI,28-Jul-2026,2.1,2.1251,1.9,1.91,223200
BNZIW,28-Jul-2026,0.008,0.0091,0.008,0.0086,31100
BODI,28-Jul-2026,10.82,10.96,10.73,10.82,16100
BOEG,28-Jul-2026,13.14,14.0527,12.4322,13.9266,93200
BOEU,28-Jul-2026,32.66,35.51,32.6024,35.1393,71100
BOF,28-Jul-2026,3.97,4.015,3.9,3.96,16600
BOKF,28-Jul-2026,142.2,142.89,141.195,142.44,308600
BOLD,28-Jul-2026,2.46,2.48,2.43,2.47,137800
BOLT,28-Jul-2026,3.99,4.0699,3.91,4.02,8400
BON,28-Jul-2026,1.1472,1.1791,1.11,1.14,8500
BOOM,28-Jul-2026,5.67,5.67,5.3,5.46,299600
BOSC,28-Jul-2026,4.45,4.53,4.44,4.5,22300
BOT,28-Jul-2026,25.07,31.14,23.81,30.36,1032800
BOTJ,28-Jul-2026,27.01,27.835,27.01,27.75,18200
BOTT,28-Jul-2026,39.71,39.8299,39,39.6382,31600
BOTZ,28-Jul-2026,33.69,34.075,33.484,33.98,1076800
BOXL,28-Jul-2026,3.35,3.5999,2.92,2.92,42000
BPAC,28-Jul-2026,10.14,10.15,10.14,10.15,4900
BPOP,28-Jul-2026,171.58,174.29,170.17,174.16,431500
BPOPM,28-Jul-2026,25.3,25.3,25.18,25.18,1200
BPRN,28-Jul-2026,41.21,43.93,41.19,41.85,34400
BPYPM,28-Jul-2026,16.155,16.1976,15.85,15.8892,7200
BPYPN,28-Jul-2026,13.89,13.9475,13.8,13.89,5800
BPYPO,28-Jul-2026,15.32,15.32,15.3,15.3,2500
BPYPP,28-Jul-2026,16.11,16.18,15.8101,15.88,35200
BRAG,28-Jul-2026,1.61,1.68,1.6,1.62,32500
BRAI,28-Jul-2026,6.17,6.1901,5.6526,5.795,100000
BRCB,28-Jul-2026,8.4,8.67,8.1968,8.4,247500
BREM,28-Jul-2026,50.83,51.02,50.82,50.95,1000
BRES,28-Jul-2026,26.41,26.7317,26.41,26.7317,2100
BREZ,28-Jul-2026,9.9609,9.9609,9.9609,9.9609,100
BREZR,28-Jul-2026,0.2798,0.2798,0.27,0.27,1200
BRFH,28-Jul-2026,1.71,1.75,1.64,1.64,17200
BRHY,28-Jul-2026,50.77,50.92,50.76,50.87,17100
BRID,28-Jul-2026,6.43,6.48,6.42,6.46,6700
BRKHW,28-Jul-2026,0.15,0.15,0.15,0.15,1000
BRKR,28-Jul-2026,59.64,63.26,59.64,62.91,2563500
BRKRP,28-Jul-2026,462.8,465.26,456.35,463.98,64800
BRKU,28-Jul-2026,22.83,23.9685,22.8,23.92,131900
BRLS,28-Jul-2026,0.8607,0.96,0.8125,0.82,7800
BRLSW,28-Jul-2026,0.0474,0.0489,0.0406,0.0449,17500
BRLT,28-Jul-2026,1.11,1.2126,1.11,1.13,123300
BRNS,28-Jul-2026,0.589,0.5925,0.5603,0.57,6000
BRNY,28-Jul-2026,57.19,57.3616,56.58,57.3616,12900
BRR,28-Jul-2026,1.81,1.81,1.7,1.72,364700
BRRR,28-Jul-2026,17.82,18.04,17.73,17.99,34300
BRRWW,28-Jul-2026,0.2621,0.3,0.161,0.2021,53700
BRTMU,28-Jul-2026,9.95,9.96,9.95,9.96,26300
BRTR,28-Jul-2026,49.63,49.745,49.63,49.7052,49900
BRTX,28-Jul-2026,0.2743,0.2899,0.26,0.2666,514800
BRUN,28-Jul-2026,18.41,18.594,15.93,16.69,3765800
BRUNW,28-Jul-2026,5.6,5.75,4.86,5.13,38000
BRZE,28-Jul-2026,23.92,25.48,23.695,25.11,2161900
BSAA,28-Jul-2026,11.69,12.52,11.69,12.0348,22800
BSAAR,28-Jul-2026,0.15,0.16,0.1354,0.1398,103300
BSBK,28-Jul-2026,9.04,9.04,8.92,8.99,1600
BSCA,28-Jul-2026,19.81,19.82,19.79,19.795,7900
BSCQ,28-Jul-2026,19.51,19.52,19.51,19.515,1006200
BSCR,28-Jul-2026,19.6,19.6,19.59,19.595,566800
BSCS,28-Jul-2026,20.28,20.3,20.28,20.295,452000
BSCT,28-Jul-2026,18.48,18.49,18.47,18.485,396400
BSCU,28-Jul-2026,16.51,16.53,16.5001,16.525,849900
BSCV,28-Jul-2026,16.23,16.26,16.22,16.245,341000
BSCW,28-Jul-2026,20.24,20.295,20.24,20.2733,254500
BSCX,28-Jul-2026,20.76,20.81,20.75,20.785,211300
BSCY,28-Jul-2026,20.33,20.39,20.33,20.365,43300
BSCZ,28-Jul-2026,20.08,20.1397,20.075,20.115,82500
BSET,28-Jul-2026,19.46,19.87,19.16,19.78,32600
BSGR,28-Jul-2026,25,25,25,25,100
BSGT,28-Jul-2026,24.97,24.98,24.96,24.98,2900
BSIN,28-Jul-2026,1.17,1.1864,1.09,1.11,1712500
BSJQ,28-Jul-2026,22.87,22.88,22.87,22.875,491700
BSJR,28-Jul-2026,22.28,22.29,22.28,22.285,232000
BSJS,28-Jul-2026,21.68,21.6999,21.63,21.6762,224800
BSJT,28-Jul-2026,21.03,21.05,21.015,21.045,557000
BSJU,28-Jul-2026,25.54,25.58,25.53,25.575,49400
BSJV,28-Jul-2026,25.835,25.93,25.83,25.8828,35200
BSJW,28-Jul-2026,25.06,25.13,25.06,25.105,11100
BSJX,28-Jul-2026,24.94,24.98,24.92,24.965,2800
BSJY,28-Jul-2026,24.8,24.8146,24.8,24.8146,2400
BSMQ,28-Jul-2026,23.53,23.59,23.515,23.535,24600
BSMR,28-Jul-2026,23.58,23.59,23.56,23.58,29800
BSMS,28-Jul-2026,23.29,23.39,23.29,23.3641,167800
BSMT,28-Jul-2026,22.86,22.88,22.84,22.855,41400
BSMU,28-Jul-2026,21.62,21.66,21.6198,21.6289,51600
BSMV,28-Jul-2026,20.78,20.78,20.72,20.7397,52700
BSMW,28-Jul-2026,24.78,24.78,24.7,24.7056,33000
BSMY,28-Jul-2026,24.07,24.08,23.96,24,74500
BSMZ,28-Jul-2026,25.01,25.035,25.01,25.035,11100
BSP,28-Jul-2026,33.59,33.98,32.44,32.69,2801700
BSRR,28-Jul-2026,41.4,41.74,40.775,40.98,72000
BSSX,28-Jul-2026,25.34,25.44,25.34,25.3852,38400
BSTS,28-Jul-2026,24.98,24.98,24.98,24.98,100
BSTU,28-Jul-2026,24.96,24.97,24.96,24.97,100
BSTV,28-Jul-2026,24.97,24.97,24.97,24.97,100
BSVN,28-Jul-2026,49.255,50.69,49.255,50.17,21700
BSVO,28-Jul-2026,29.53,29.73,29.51,29.7009,112800
BSY,28-Jul-2026,34.21,36.22,34,35.84,3818000
BTAI,28-Jul-2026,0.878,0.878,0.83,0.845,370300
BTBD,28-Jul-2026,1.17,1.2,1.16,1.2,55300
BTBDW,28-Jul-2026,0.0391,0.0391,0.0315,0.0315,11400
BTBT,28-Jul-2026,1.33,1.34,1.25,1.3,21410000
BTCS,28-Jul-2026,1.03,1.0598,0.9906,1.04,314600
BTCT,28-Jul-2026,0.614,0.614,0.5,0.5401,637200
BTDL,28-Jul-2026,17.25,18,16.41,16.9045,6900
BTDR,28-Jul-2026,10.9,10.91,10.02,10.28,13441900
BTF,28-Jul-2026,17.59,17.59,17.5001,17.54,1100
BTGD,28-Jul-2026,20.59,20.89,20.38,20.77,20500
BTMD,28-Jul-2026,2.33,2.35,2.2216,2.24,63000
BTOC,28-Jul-2026,0.256,0.2606,0.246,0.246,19200
BTOG,28-Jul-2026,0.81,0.85,0.795,0.84,47600
BTQ,28-Jul-2026,3.37,3.525,3.282,3.45,1108200
BTSG,28-Jul-2026,71.83,72.67,69.98,72.46,1811500
BTSGU,28-Jul-2026,230.02,238.32,230.02,238.295,1500
BTTC,28-Jul-2026,0.823,0.8481,0.6825,0.7046,61400
BUFC,28-Jul-2026,42.65,42.655,42.6,42.6,72600
BUFI,28-Jul-2026,42.17,42.26,42.15,42.26,8300
BUFM,28-Jul-2026,40.4975,40.4975,40.38,40.4395,25200
BUG,28-Jul-2026,37.75,38.02,36.56,37.5,1442700
BULD,28-Jul-2026,32.91,33.21,32.72,33.0623,6800
BULG,28-Jul-2026,37.52,39.05,37.52,38.7763,1700
BULL,28-Jul-2026,7.36,7.48,7.16,7.27,8735500
BULLW,28-Jul-2026,2.17,2.25,2.12,2.175,5400
BUSE,28-Jul-2026,29.8,30.4,29.8,30.23,1030600
BUSEP,28-Jul-2026,25.9167,26.03,25.9167,26.03,11800
BUUU,28-Jul-2026,22.97,25.5,22.97,24.86,55800
BVC,28-Jul-2026,10.15,10.64,10.15,10.64,2500
BVFL,28-Jul-2026,21.575,21.62,20.755,21.365,32500
BVS,28-Jul-2026,12.54,13.3,12.54,13.21,956000
BWAY,28-Jul-2026,15.59,15.81,15.03,15.49,98800
BWB,28-Jul-2026,20.78,21.26,20.69,21,137700
BWBBP,28-Jul-2026,20.09,20.09,19.99,19.99,1400
BWEN,28-Jul-2026,4.56,4.56,3.86,3.97,1242000
BWFG,28-Jul-2026,65.34,67.02,65.34,66.86,101400
BWIN,28-Jul-2026,27.67,29.17,27.67,28.63,1700700
BWMN,28-Jul-2026,26.22,26.83,25.15,26.445,189600
BXBL,28-Jul-2026,3.76,4.22,3.18,4.2,590400
BYAH,28-Jul-2026,0.38,0.3878,0.3413,0.3558,290700
BYFC,28-Jul-2026,10.1,10.2,10.01,10.16,24700
BYND,28-Jul-2026,0.5527,0.5541,0.5224,0.5414,23383800
BYRN,28-Jul-2026,4.36,4.7899,3.83,3.97,2488900
BYSI,28-Jul-2026,1.15,1.185,1.15,1.185,6500
BZ,28-Jul-2026,15.56,15.9,15.46,15.82,5672900
BZAI,28-Jul-2026,0.86,0.8746,0.8001,0.8604,2104200
BZAIW,28-Jul-2026,0.233,0.233,0.2,0.2,43000
BZFD,28-Jul-2026,1.24,1.26,1.17,1.25,2063800
BZFDW,28-Jul-2026,0.0198,0.0235,0.0178,0.0235,89600
BZUN,28-Jul-2026,2.82,2.905,2.7711,2.89,210700
CAAS,28-Jul-2026,4.33,4.47,4.3201,4.33,15600
CABA,28-Jul-2026,2.71,2.74,2.63,2.73,1889200
CABR,28-Jul-2026,1.45,1.5316,1.45,1.51,72900
CAC,28-Jul-2026,55.87,58.65,54.7775,57.85,151800
CACC,28-Jul-2026,552.73,562.18,547.39,558.55,145100
CADL,28-Jul-2026,9.76,10.15,9.56,9.68,1667300
CAE,28-Jul-2026,25.93,26.44,25.745,26.36,343700
CAES,28-Jul-2026,10.07,10.07,10.07,10.07,100
CAFG,28-Jul-2026,33.16,33.39,33.15,33.3659,4200
CAI,28-Jul-2026,15.74,16.03,15.41,15.59,3619600
CAIIU,28-Jul-2026,10.03,10.03,10.03,10.03,100
CAIIW,28-Jul-2026,0.23,0.24,0.21,0.24,31800
CAIQ,28-Jul-2026,25.48,25.48,25.035,25.235,135600
CAKE,28-Jul-2026,87.67,89.22,86.28,89.01,1568100
CALC,28-Jul-2026,0.69,0.75,0.69,0.7178,151900
CALI,28-Jul-2026,50.37,51.39,50.37,50.3969,71400
CALM,28-Jul-2026,90.32,93.62,89.6901,93.21,1273200
CAMP,28-Jul-2026,3.47,3.58,3.21,3.42,99300
CAMT,28-Jul-2026,145.4,145.695,135.49,140.06,806100
CAN,28-Jul-2026,0.2498,0.25,0.2322,0.2386,4292900
CANC,28-Jul-2026,41.39,41.6,40.72,41.1838,49200
CANQ,28-Jul-2026,29.7,29.9,29.7,29.8815,800
CAPN,28-Jul-2026,11.1,11.1,11.1,11.1,500
CAPR,28-Jul-2026,6.78,7.22,5.6652,6.57,16545700
CAPS,28-Jul-2026,0.2408,0.254,0.24,0.2484,35900
CAQ,28-Jul-2026,9.92,9.94,9.92,9.94,29500
CAR,28-Jul-2026,163.64,167.3,162,166.32,738400
CARE,28-Jul-2026,34.13,34.945,34.13,34.54,519900
CARG,28-Jul-2026,35.49,36.51,35.01,36.42,1054700
CARL,28-Jul-2026,11.54,12.535,11.54,12.31,150700
CART,28-Jul-2026,44.5,45.63,44.425,45.62,3336100
CARY,28-Jul-2026,20.75,20.78,20.725,20.755,763800
CARZ,28-Jul-2026,98.7,99.4677,98.68,99.4677,1300
CASH,28-Jul-2026,86.98,88.9,86.3001,88.64,173600
CASS,28-Jul-2026,55.27,56.5,55.27,55.96,67200
CAST,28-Jul-2026,1.84,1.86,1.64,1.7,267700
CASY,28-Jul-2026,867,878.51,854.22,856.86,388800
CATH,28-Jul-2026,87.8,88.3073,87.55,88.11,31700
CATLU,28-Jul-2026,10,10,9.97,9.98,6115400
CATY,28-Jul-2026,62.73,63.61,62.72,63.55,472400
CBAT,28-Jul-2026,0.51,0.512,0.485,0.4922,137600
CBC,28-Jul-2026,32.13,32.6,30.16,32.45,788400
CBFV,28-Jul-2026,36.17,37.95,36.17,37.25,7600
CBIO,28-Jul-2026,17.09,17.09,16.1,16.44,233800
CBK,28-Jul-2026,34.68,35.57,34.44,34.66,73200
CBLL,28-Jul-2026,18.2,18.7325,17.8,17.83,311400
CBNK,28-Jul-2026,36.31,38.83,36.29,37.78,83700
CBRL,28-Jul-2026,52.73,54,51.15,53.81,858900
CBRS,28-Jul-2026,180.47,193.24,173.7,192.72,4756100
CBSH,28-Jul-2026,59.39,60.05,59.27,60.01,1275700
CBUS,28-Jul-2026,1.82,1.95,1.7,1.94,151400
CCAP,28-Jul-2026,11,11.19,10.9301,11.18,149800
CCAQ,28-Jul-2026,10.48,10.48,10.48,10.48,500
CCAQW,28-Jul-2026,0.3202,0.36,0.3202,0.36,1500
CCB,28-Jul-2026,72.95,73.505,71.85,73,131100
CCBG,28-Jul-2026,52.24,53.42,51.81,52.84,83800
CCC,28-Jul-2026,6.01,6.195,6.01,6.12,8690900
CCCC,28-Jul-2026,3.57,3.645,3.43,3.55,2373100
CCCTU,28-Jul-2026,10.02,10.02,9.98,9.995,11900
CCD,28-Jul-2026,24.88,25,24.09,24.63,96600
CCEC,28-Jul-2026,23.47,23.47,22.66,22.66,10500
CCEP,28-Jul-2026,111.515,113.67,110.335,111.45,2615200
CCFE,28-Jul-2026,27.7995,27.7995,27.7995,27.7995,100
CCG,28-Jul-2026,12.05,12.85,11.8,12.04,17400
CCHH,28-Jul-2026,1.53,1.54,1.4093,1.525,1652400
CCLD,28-Jul-2026,2.3,2.36,2.21,2.36,248600
CCNE,28-Jul-2026,34.74,35.6,34.56,35.45,152100
CCNR,28-Jul-2026,37.4101,37.57,37.39,37.5297,12200
CCOI,28-Jul-2026,12.24,12.98,12.15,12.95,998400
CCSB,28-Jul-2026,19.84,19.915,19.84,19.915,800
CCSI,28-Jul-2026,36.61,37.51,36.41,37.13,138000
CCSO,28-Jul-2026,26.08,26.235,26.0799,26.235,500
CCTG,28-Jul-2026,0.7204,0.761,0.71,0.7499,260700
CCXI,28-Jul-2026,13.16,14.99,12.7,14.52,5415200
CCXIU,28-Jul-2026,14.11,15.5,13.45,15.135,119000
CCXIW,28-Jul-2026,5.71,7.185,5.25,6.5,135200
CD,28-Jul-2026,3.09,3.21,3.01,3.07,121400
CDC,28-Jul-2026,77.971,78.48,77.8535,77.8535,9200
CDIG,28-Jul-2026,25.06,25.1,24.98,25.0486,5500
CDIO,28-Jul-2026,1.635,1.635,1.55,1.56,22900
CDIOW,28-Jul-2026,0.0121,0.0121,0.0121,0.0121,15500
CDL,28-Jul-2026,80.72,81.88,80.72,81.2299,10200
CDLX,28-Jul-2026,3.71,4,3.69,3.84,41000
CDNA,28-Jul-2026,36.29,37.09,35.11,35.75,939400
CDNL,28-Jul-2026,61.83,62.7,56.6205,60.25,415400
CDNS,28-Jul-2026,335.16,355.59,335.16,344.72,4911900
CDRO,28-Jul-2026,9.49,9.49,9.215,9.32,6000
CDROW,28-Jul-2026,0.7981,0.8962,0.7981,0.8962,9300
CDT,28-Jul-2026,2.8,3.1,2.6129,2.94,63300
CDTG,28-Jul-2026,0.9661,1.025,0.937,0.9502,49000
CDW,28-Jul-2026,139.64,144.39,138.24,144.03,1435000
CDXS,28-Jul-2026,1.51,1.53,1.48,1.5,1514500
CDZI,28-Jul-2026,3.07,3.195,2.92,3.08,1192200
CDZIP,28-Jul-2026,22.36,22.36,22.2,22.2,2400
CECO,28-Jul-2026,71.96,71.96,66.37,67.48,1315900
CEFA,28-Jul-2026,39.46,39.81,39.46,39.7374,23200
CEG,28-Jul-2026,263.355,266.585,257.65,259.82,2969300
CELC,28-Jul-2026,82.09,82.98,78.6,82.46,1962100
CELH,28-Jul-2026,29.175,29.51,28.4274,29.45,6564400
CELU,28-Jul-2026,0.778,0.778,0.7501,0.7601,18000
CELZ,28-Jul-2026,0.7702,0.7899,0.7052,0.7364,429600
CENN,28-Jul-2026,3.45,3.52,3.3601,3.45,4000
CENT,28-Jul-2026,43.67,45.3,43.67,44.43,60000
CENTA,28-Jul-2026,38.94,39.8,38.76,39,190300
CENX,28-Jul-2026,44.81,44.83,43.56,43.96,1283500
CEPF,28-Jul-2026,10.45,10.45,10.38,10.42,21100
CEPI,28-Jul-2026,31,31.2099,30.4492,31.0884,41100
CEPL,28-Jul-2026,8.29,8.32,6.8,7.43,909900
CEPO,28-Jul-2026,10.65,10.68,10.65,10.66,156200
CEPS,28-Jul-2026,10.4,10.4,10.4,10.4,3000
CEPV,28-Jul-2026,10.43,10.45,10.42,10.45,20100
CERS,28-Jul-2026,3.07,3.1125,2.88,2.92,1623800
CERT,28-Jul-2026,7.8,8.235,7.75,7.91,5055900
CETX,28-Jul-2026,2.85,2.8599,2.745,2.79,22900
CETY,28-Jul-2026,0.91,0.95,0.91,0.95,14500
CEVA,28-Jul-2026,33.24,33.66,31.5001,31.7,1540200
CFA,28-Jul-2026,100.26,101.13,100.26,101.0452,3600
CFBK,28-Jul-2026,35.54,36.945,34.795,36.06,103500
CFFI,28-Jul-2026,83,83.8,82.6,83.49,5800
CFFN,28-Jul-2026,8.67,8.84,8.66,8.78,955700
CFO,28-Jul-2026,81.68,81.925,81.68,81.8961,1800
CG,28-Jul-2026,46.22,46.71,45.7,46.47,3853300
CGABL,28-Jul-2026,16.34,16.38,16.305,16.35,5600
CGBD,28-Jul-2026,10.355,10.355,10.18,10.34,474000
CGC,28-Jul-2026,0.9243,0.9307,0.889,0.8942,2779200
CGCFU,28-Jul-2026,10,10,9.965,9.965,12000
CGEM,28-Jul-2026,17.62,17.92,16.87,17.47,572100
CGEN,28-Jul-2026,2.38,2.38,2.24,2.26,179000
CGNT,28-Jul-2026,8.79,8.98,8.665,8.92,466200
CGNX,28-Jul-2026,59.76,60.74,57.7,60.36,1884100
CGO,28-Jul-2026,12.41,12.7,12.38,12.45,33800
CGON,28-Jul-2026,73.56,74.235,70.82,72.62,1235900
CGTL,28-Jul-2026,4.31,4.51,4.0101,4.4351,78300
CGTX,28-Jul-2026,0.95,0.95,0.8801,0.9235,484000
CHA,28-Jul-2026,11.8,12.27,11.6,11.64,520200
CHAI,28-Jul-2026,0.4912,0.5323,0.4094,0.47,109471400
CHCI,28-Jul-2026,14.82,15.54,14.7401,15.255,38000
CHCO,28-Jul-2026,144.99,146.66,143.13,144.9,137500
CHDN,28-Jul-2026,89.27,89.63,88.34,89.22,805600
CHECW,28-Jul-2026,0.175,0.1812,0.14,0.14,9000
CHEF,28-Jul-2026,96.7,101.77,96.15,100.18,1014500
CHGA,28-Jul-2026,0.2213,0.2339,0.2109,0.228,271100
CHGX,28-Jul-2026,32.21,32.54,32.21,32.5065,4900
CHI,28-Jul-2026,12.54,12.55,12.2706,12.31,144900
CHKP,28-Jul-2026,133.15,139.15,131.545,137.64,2016600
CHMG,28-Jul-2026,81.6,83.5,81.3,81.99,76400
CHNR,28-Jul-2026,3.64,3.64,3.6125,3.6125,3700
CHPS,28-Jul-2026,77,77.215,74.93,76.5649,45100
CHPX,28-Jul-2026,85.34,86.17,83.44,85.4613,93200
CHR,28-Jul-2026,1.85,2.04,1.78,1.93,95500
CHRD,28-Jul-2026,132.72,133.465,128.1,128.8,675500
CHRI,28-Jul-2026,87.5,87.9336,87.5,87.9336,400
CHRN,28-Jul-2026,19.89,20.36,17.11,20.23,301600
CHRS,28-Jul-2026,1.46,1.47,1.415,1.44,387600
CHRW,28-Jul-2026,171.71,172.82,168.38,169.34,2752500
CHSCL,28-Jul-2026,25.47,25.5,25.27,25.32,25400
CHSCM,28-Jul-2026,24.3252,24.4299,24.3201,24.41,8600
CHSCN,28-Jul-2026,25.08,25.08,24.9672,25.025,10600
CHSCO,28-Jul-2026,25.68,25.78,25.602,25.65,18700
CHSCP,28-Jul-2026,26.595,26.7393,26.54,26.64,22500
CHSN,28-Jul-2026,1.19,1.19,1.05,1.1,68700
CHTR,28-Jul-2026,133.58,141.16,132.2,139.97,3812800
CHW,28-Jul-2026,8.42,8.43,8.235,8.32,378300
CHY,28-Jul-2026,12.64,12.77,12.3201,12.5,204900
CHYM,28-Jul-2026,21.9,22.635,21.6,22.37,6998700
CIBR,28-Jul-2026,88.83,90.07,86.84,89.28,1113300
CIFG,28-Jul-2026,8.38,8.38,6.855,8.1437,158800
CIFR,28-Jul-2026,20.82,20.82,18.84,20.42,23678300
CIGI,28-Jul-2026,103.28,105.51,103.28,103.91,257200
CIGL,28-Jul-2026,0.45,0.4537,0.4001,0.412,38100
CIIT,28-Jul-2026,3.53,3.9,3.37,3.76,72000
CINF,28-Jul-2026,176.46,186.19,174.2044,182.63,1454100
CING,28-Jul-2026,4.45,4.565,4.245,4.53,239600
CINGW,28-Jul-2026,0.0165,0.0183,0.0164,0.0166,81200
CIRC,28-Jul-2026,0.7397,0.75,0.7,0.7394,701000
CISO,28-Jul-2026,0.261,0.2698,0.2458,0.2516,85000
CISS,28-Jul-2026,0.1849,0.22,0.1522,0.167,405878400
CIVB,28-Jul-2026,28.88,29.58,28.715,29.3,94700
CJMB,28-Jul-2026,2.59,2.6099,1.77,1.85,857400
CLAR,28-Jul-2026,3.25,3.36,3.24,3.33,101200
CLBK,28-Jul-2026,10.88,10.99,10.83,10.99,7327300
CLBT,28-Jul-2026,14.67,15.08,14.45,14.85,957700
CLDX,28-Jul-2026,35.93,36.05,35,35.58,565800
CLFD,28-Jul-2026,31.46,31.68,30.0901,31.25,306000
CLGN,28-Jul-2026,0.339,0.339,0.3007,0.3278,13700
CLIK,28-Jul-2026,1.63,1.63,1.52,1.56,27600
CLIR,28-Jul-2026,3.885,4.04,3.8006,4.04,7500
CLLS,28-Jul-2026,2.9,2.9,2.8,2.84,15400
CLMB,28-Jul-2026,27.47,28.34,27.2671,28.18,169100
CLMT,28-Jul-2026,41.9,42.18,40.94,41.48,903500
CLNE,28-Jul-2026,1.97,1.9832,1.89,1.91,901400
CLNN,28-Jul-2026,5.4,5.4,4.89,4.99,93000
CLOA,28-Jul-2026,51.91,51.97,51.9,51.945,1373500
CLOD,28-Jul-2026,31.1437,31.1437,31.1437,31.1437,100
CLOU,28-Jul-2026,24,24.55,23.66,24.3,295000
CLOV,28-Jul-2026,4.25,4.385,4.12,4.335,3845200
CLPS,28-Jul-2026,0.8102,0.87,0.8102,0.82,12800
CLPT,28-Jul-2026,14.61,14.61,13.93,14.53,663900
CLRB,28-Jul-2026,2.37,2.54,2.33,2.5,50900
CLRO,28-Jul-2026,4.91,5.23,4.83,5.09,17500
CLSK,28-Jul-2026,13.5,13.73,12.65,13.48,21729300
CLSKW,28-Jul-2026,0.32,0.32,0.301,0.301,5500
CLSM,28-Jul-2026,26.24,26.25,26.21,26.232,10200
CLST,28-Jul-2026,17.302,17.3957,16.7,16.9,3000
CLWT,28-Jul-2026,1.54,1.57,1.53,1.53,5600
CLYM,28-Jul-2026,12.79,12.92,11.75,12.29,953200
CMBO,28-Jul-2026,103.01,103.02,103.01,103.02,600
CMCO,28-Jul-2026,16.4,16.73,16.0465,16.21,611600
CMCSA,28-Jul-2026,23.25,24.26,23.23,24.19,41669500
CMCT,28-Jul-2026,2.6755,2.99,2.6755,2.95,8300
CME,28-Jul-2026,256.51,262.34,255.335,260,2238600
CMGG,28-Jul-2026,14.57,14.58,13.92,14.3055,11900
CMII,28-Jul-2026,10,10,9.99,9.995,14100
CMMB,28-Jul-2026,1.41,1.45,1.4,1.43,17500
CMND,28-Jul-2026,1.56,1.56,1.43,1.46,330100
CMPR,28-Jul-2026,100.4,101.78,99.14,100.12,115100
CMPS,28-Jul-2026,11.2,11.3356,10.59,10.85,2670600
CMPX,28-Jul-2026,2.07,2.08,1.97,2.04,3147900
CMRC,28-Jul-2026,2.87,3.25,2.852,3.2,1083100
CMTL,28-Jul-2026,1.8,1.8025,1.66,1.72,373200
CMTV,28-Jul-2026,40.73,40.78,39.77,40.67,26200
CNCG,28-Jul-2026,28.5,32.2794,26.5,32.2794,3200
CNCK,28-Jul-2026,2.55,2.55,2.27,2.32,57900
CNCKW,28-Jul-2026,0.24,0.29,0.23,0.26,3000
CNDT,28-Jul-2026,1.53,1.655,1.52,1.62,1049000
CNET,28-Jul-2026,1,1.48,0.96,1.41,3248000
CNEY,28-Jul-2026,0.6,0.605,0.5469,0.5918,98900
CNOB,28-Jul-2026,32.88,33.47,32.77,33.1,585200
CNOBP,28-Jul-2026,25.18,25.1801,25.18,25.1801,1700
CNQQ,28-Jul-2026,23.26,23.42,23.25,23.34,7800
CNSP,28-Jul-2026,5.12,5.23,5.07,5.07,4700
CNSY,28-Jul-2026,3.78,3.79,3.595,3.76,54600
CNTB,28-Jul-2026,2.1,2.11,2.022,2.08,216000
CNTN,28-Jul-2026,2.08,2.12,1.97,2.04,597600
CNTX,28-Jul-2026,0.62,0.62,0.572,0.5906,2222000
CNTY,28-Jul-2026,1.16,1.18,1.1589,1.16,21400
CNVS,28-Jul-2026,2.49,2.5182,2.4,2.41,27000
CNXC,28-Jul-2026,24.55,26.5,24.385,25.41,1915800
CNXN,28-Jul-2026,81.61,84.2149,81.61,83.1,89100
CNXU,28-Jul-2026,7.66,7.79,7.1001,7.79,79700
COAG,28-Jul-2026,50.85,50.85,45.1101,47.26,430500
COCH,28-Jul-2026,0.68,0.7,0.6597,0.6789,78200
COCHW,28-Jul-2026,0.0382,0.0382,0.0328,0.0328,1300
COCO,28-Jul-2026,68.54,69.65,66.15,69.58,1590900
COCP,28-Jul-2026,0.92,0.9576,0.916,0.9349,16900
CODA,28-Jul-2026,10.05,10.09,9.63,9.92,105300
CODX,28-Jul-2026,2.15,2.17,1.38,1.41,1866000
COFS,28-Jul-2026,34.08,34.815,32.605,34.24,82500
COGT,28-Jul-2026,40.53,40.725,39.02,40.67,1133700
COHU,28-Jul-2026,44.77,45.27,41.6,42.47,1316300
COIG,28-Jul-2026,4.95,5.28,4.7172,5.27,73700
COIN,28-Jul-2026,162.48,168.17,158.58,167.9,5111900
COKE,28-Jul-2026,190,200.01,190,195,531300
COLA,28-Jul-2026,10.66,10.68,10.66,10.67,87600
COLB,28-Jul-2026,30.9,31.335,30.9,31.27,2874100
COLL,28-Jul-2026,36,36.56,35.52,35.9,225600
COLM,28-Jul-2026,64.16,65.07,64.145,64.47,445500
COMT,28-Jul-2026,32.29,32.4968,32.08,32.185,183200
CONI,28-Jul-2026,45.82,47.86,43.13,43.2397,138300
CONL,28-Jul-2026,5.015,5.38,4.785,5.36,11048200
CONX,28-Jul-2026,6.14,6.52,5.83,6.52,43900
COO,28-Jul-2026,71.38,72.64,71.065,72.06,1772800
COOT,28-Jul-2026,0.3626,0.4444,0.35,0.3732,908400
COOTW,28-Jul-2026,0.0151,0.0172,0.0151,0.0172,600
COPJ,28-Jul-2026,38.98,39.16,38.1189,38.675,99000
COPP,28-Jul-2026,37.61,37.9359,36.83,37.62,59900
CORO,28-Jul-2026,35.03,35.3,34.86,35.13,582400
CORT,28-Jul-2026,90.89,94.32,90,94.19,823400
CORZ,28-Jul-2026,20.95,21.26,19.575,20.745,27670900
CORZW,28-Jul-2026,14.4,14.43,12.8605,13.99,82100
CORZZ,28-Jul-2026,20.81,20.98,19.61,20.94,5600
COSM,28-Jul-2026,0.2056,0.2056,0.1922,0.1949,2612300
COST,28-Jul-2026,970.55,987.5525,965.87,966.58,2690500
COTG,28-Jul-2026,13.42,13.965,13.4001,13.4236,110900
COWG,28-Jul-2026,37.09,37.29,36.6,37.1533,200900
COWS,28-Jul-2026,37.82,39.229,37.82,39.1884,20000
COYA,28-Jul-2026,4.26,4.29,3.985,4,203200
COYY,28-Jul-2026,17.8,18.1,17.77,18.0796,16300
CPAG,28-Jul-2026,101.8,101.8175,101.8,101.8175,1000
CPB,28-Jul-2026,22.87,23.44,22.78,22.81,8009800
CPBI,28-Jul-2026,19.8,19.84,19.75,19.75,4700
CPHC,28-Jul-2026,15.32,15.79,15.32,15.58,2700
CPHY,28-Jul-2026,51.34,51.4,51.34,51.3967,1100
CPIX,28-Jul-2026,7.08,7.15,6.71,6.81,123700
CPLS,28-Jul-2026,34.65,34.72,34.63,34.695,2000
CPOP,28-Jul-2026,0.3776,0.3925,0.37,0.3711,402300
CPRT,28-Jul-2026,30.44,31.2,30.44,30.69,17185600
CPSH,28-Jul-2026,3.77,3.92,3.62,3.78,748700
CPSS,28-Jul-2026,9.35,9.6,9.35,9.545,16500
CPTL,28-Jul-2026,47.53,47.53,47.41,47.4259,2300
CPZ,28-Jul-2026,12.9,13.22,12.8601,13.16,81500
CRAC,28-Jul-2026,10.14,10.15,10.14,10.15,30100
CRACR,28-Jul-2026,0.141,0.141,0.1283,0.1283,400
CRAI,28-Jul-2026,178.03,183.02,174.6,179.98,174300
CRAN,28-Jul-2026,10.14,10.14,10.14,10.14,1300
CRBP,28-Jul-2026,9.14,9.33,8.78,9.085,155100
CRBU,28-Jul-2026,1.6,1.6,1.47,1.49,1961500
CRCG,28-Jul-2026,7.92,8.94,7.6972,8.49,2353200
CRCT,28-Jul-2026,4.53,4.745,4.36,4.695,470200
CRDF,28-Jul-2026,0.83,0.8375,0.8,0.818,1119400
CRDL,28-Jul-2026,1.16,1.225,1.1106,1.2,992400
CRDO,28-Jul-2026,198.05,199.12,184.68,192.28,6706000
CRE,28-Jul-2026,2.61,2.65,2.43,2.45,35100
CRESY,28-Jul-2026,11.59,11.59,11.22,11.39,342000
CREX,28-Jul-2026,3.1,3.19,3.05,3.16,28100
CRGO,28-Jul-2026,1.27,1.27,1.22,1.25,13700
CRGOW,28-Jul-2026,0.0449,0.0449,0.021,0.0398,75800
CRIS,28-Jul-2026,4.69,4.88,4.65,4.83,26800
CRMD,28-Jul-2026,7.6,7.69,7.27,7.35,1251800
CRMG,28-Jul-2026,5.05,5.4999,5.05,5.33,10255900
CRML,28-Jul-2026,5.845,5.8799,5.43,5.66,6537600
CRMLW,28-Jul-2026,1.86,1.86,1.55,1.7,32000
CRMT,28-Jul-2026,3.3,3.4499,3.23,3.26,123900
CRMU,28-Jul-2026,1.85,1.85,1.5485,1.6879,168200
CRNC,28-Jul-2026,8.21,8.29,7.85,8.14,711200
CRNT,28-Jul-2026,2.21,2.22,2.12,2.14,823300
CRNX,28-Jul-2026,83.87,83.98,83.84,83.86,2316600
CRON,28-Jul-2026,2.85,2.87,2.83,2.85,828100
CROX,28-Jul-2026,135.17,137.97,134.21,135.94,976200
CRSP,28-Jul-2026,46.6,48,45.89,47.55,2080800
CRSR,28-Jul-2026,10.27,10.9,9.92,10.74,1890800
CRTO,28-Jul-2026,21.12,21.3,20.67,21.15,177000
CRUS,28-Jul-2026,134.69,136.83,133.1,136.16,760600
CRVL,28-Jul-2026,61.44,62.36,60.775,61.64,178600
CRVO,28-Jul-2026,2.66,2.6799,2.48,2.56,419700
CRVS,28-Jul-2026,12.97,13.35,12.53,13.31,839000
CRWD,28-Jul-2026,181.33,184.665,174.14,181.8,8475300
CRWG,28-Jul-2026,14.03,14.035,12.2144,13.35,1493300
CRWL,28-Jul-2026,55.43,57.16,51.1136,55.7379,71800
CRWS,28-Jul-2026,3.05,3.05,2.98,2.99,56900
CRWV,28-Jul-2026,68.97,69.18,64.633,67.3,29855900
CRY,28-Jul-2026,17.975,18.0799,17.975,18.0028,7000
CSAI,28-Jul-2026,0.23,0.2498,0.2274,0.247,431600
CSB,28-Jul-2026,66.99,67.77,66.99,67.7429,3300
CSBR,28-Jul-2026,6.48,6.48,5.39,5.53,30900
CSCL,28-Jul-2026,55.89,60.88,55.89,59.62,20800
CSCO,28-Jul-2026,114.13,117.07,111.7301,115.58,27972000
CSCS,28-Jul-2026,13.52,13.54,13.2,13.3477,5500
CSEN,28-Jul-2026,24.26,24.26,23.8902,24.0003,27400
CSGP,28-Jul-2026,29.9,31.4,29.75,30.33,9819800
CSHR,28-Jul-2026,4.15,4.22,3.9301,4.19,102400
CSHRW,28-Jul-2026,0.7,0.7,0.61,0.6276,3800
CSIQ,28-Jul-2026,13.4,13.76,12.85,13.655,1877400
CSPI,28-Jul-2026,8.23,8.3699,7.84,8.13,5400
CSQ,28-Jul-2026,19.81,19.97,19.71,19.92,212400
CSTE,28-Jul-2026,2.17,2.17,2.02,2.07,23100
CSTL,28-Jul-2026,24.63,24.77,23.76,23.89,366200
CSWC,28-Jul-2026,23.6,23.85,23.585,23.82,567700
CSX,28-Jul-2026,52.035,52.42,50.81,50.84,15421400
CTAS,28-Jul-2026,214.37,218.6375,213.575,214.9,3662700
CTBI,28-Jul-2026,76.9,78.6,76.73,78.12,98100
CTEC,28-Jul-2026,51.44,52.025,51.44,51.7731,4500
CTKB,28-Jul-2026,4.45,4.565,4.43,4.46,713000
CTMX,28-Jul-2026,3.26,3.274,3.13,3.22,2007500
CTNM,28-Jul-2026,13.88,14.56,13.26,14.16,210800
CTNT,28-Jul-2026,1.81,1.9698,1.81,1.89,485000
CTOR,28-Jul-2026,0.55,0.5572,0.5306,0.5414,34200
CTRM,28-Jul-2026,1.91,1.91,1.87,1.89,15100
CTRN,28-Jul-2026,65.58,68.51,65.58,67.12,228900
CTSH,28-Jul-2026,48.37,51.05,48.28,50.31,13909200
CTSO,28-Jul-2026,0.36,0.376,0.35,0.37,96900
CTW,28-Jul-2026,2.23,2.5,2.23,2.49,35400
CTXR,28-Jul-2026,0.504,0.515,0.485,0.498,312300
CUB,28-Jul-2026,10.81,10.82,10.81,10.81,29600
CUE,28-Jul-2026,31.91,32.84,30.25,30.25,202100
CULP,28-Jul-2026,3.63,3.63,3.5394,3.56,6100
CUPR,28-Jul-2026,3.81,3.81,3.3,3.33,14700
CURI,28-Jul-2026,2.45,2.54,2.425,2.45,354400
CURR,28-Jul-2026,3.16,3.2,3.07,3.08,124100
CURX,28-Jul-2026,0.18,0.2,0.1799,0.198,57900
CUVL,28-Jul-2026,7,7,7,7.01,0
CV,28-Jul-2026,6.69,6.7,6.5126,6.62,57300
CVBF,28-Jul-2026,22.75,22.86,22.635,22.8,1581500
CVCO,28-Jul-2026,582.33,593.26,575.01,589.08,114000
CVGI,28-Jul-2026,4.52,4.58,4.31,4.48,341700
CVKD,28-Jul-2026,2.06,2.095,1.98,2.01,32700
CVLT,28-Jul-2026,126.96,128.18,118.0001,120.02,2263400
CVRX,28-Jul-2026,4.96,5.15,4.8801,4.95,153500
CVV,28-Jul-2026,7,7.06,6.5001,6.73,108100
CWBC,28-Jul-2026,25.36,25.94,25.12,25.54,243000
CWCO,28-Jul-2026,29.7,30.6,29.7,30.25,98600
CWD,28-Jul-2026,0.51,0.5223,0.4801,0.5103,360000
CWST,28-Jul-2026,91,91.55,89.42,91.1,609200
CWY,28-Jul-2026,16.53,16.635,16.53,16.635,400
CXAI,28-Jul-2026,0.1144,0.1288,0.1121,0.1257,6090400
CXAIW,28-Jul-2026,0.0525,0.0525,0.0525,0.0525,200
CXDO,28-Jul-2026,6.84,7,6.75,6.87,255800
CXII,28-Jul-2026,10.65,10.8,10.65,10.65,136500
CXIIU,28-Jul-2026,11,11.1,10.9,10.9,7600
CXIIW,28-Jul-2026,1.89,1.9,1.52,1.82,29700
CXSE,28-Jul-2026,37.32,37.59,37.32,37.46,10500
CYAB,28-Jul-2026,0.2607,0.29,0.2511,0.2659,243800
CYCN,28-Jul-2026,3.5,3.655,3.37,3.5,18500
CYCU,28-Jul-2026,0.2956,0.3,0.2802,0.2994,425200
CYCUW,28-Jul-2026,0.018,0.018,0.0172,0.018,1000
CYN,28-Jul-2026,1.11,1.12,1.07,1.09,97500
CYPH,28-Jul-2026,0.62,0.6349,0.5868,0.6141,2004800
CYRX,28-Jul-2026,15.06,15.485,15.04,15.17,448100
CYTK,28-Jul-2026,81.02,81.02,78.98,79.45,1659900
CZAR,28-Jul-2026,33.0146,33.0146,33.0146,33.0146,100
CZFS,28-Jul-2026,76,78.675,76,76.88,34800
CZNC,28-Jul-2026,24.78,25.44,24.75,25.1,81800
CZR,28-Jul-2026,30,30.1,29.895,29.95,2072700
CZWI,28-Jul-2026,21.22,21.58,21.01,21.4,89300
DAAQ,28-Jul-2026,10.38,10.41,10.31,10.41,30500
DAAQW,28-Jul-2026,0.396,0.396,0.316,0.34,11300
DADS,28-Jul-2026,19.63,19.63,19.56,19.59,3500
DAIC,28-Jul-2026,1.27,1.3,1.01,1.01,205900
DAIO,28-Jul-2026,3.05,3.1049,2.89,3.07,57600
DAK,28-Jul-2026,29.0852,29.0852,29.0852,29.0852,100
DAKT,28-Jul-2026,19.62,19.915,19.34,19.73,339700
DALI,28-Jul-2026,27.58,27.72,27.58,27.6885,2500
DAPP,28-Jul-2026,17.69,17.89,17.06,17.76,153600
DARE,28-Jul-2026,1.31,1.31,1.18,1.185,169400
DASH,28-Jul-2026,185.55,195.785,185.55,195.52,3724100
DAVE,28-Jul-2026,401.15,407.37,370.74,406.45,483200
DAVEW,28-Jul-2026,2.8,2.99,2.09,2.99,54900
DAX,28-Jul-2026,44.5,45.0555,44.5,44.97,54800
DBCAW,28-Jul-2026,0.3601,0.429,0.35,0.3982,39900
DBGI,28-Jul-2026,11.41,15.88,11.23,14.53,83700
DBVT,28-Jul-2026,13.71,13.71,13.14,13.5,365900
DBX,28-Jul-2026,30.95,32.18,30.84,32.06,5852800
DCBO,28-Jul-2026,20.15,21.16,20.15,20.99,143200
DCGO,28-Jul-2026,0.639,0.6499,0.6201,0.6313,450400
DCOY,28-Jul-2026,3.61,4.3,3.51,4.04,88200
DCTH,28-Jul-2026,11.97,12.1035,11.52,11.55,586300
DCX,28-Jul-2026,0.72,0.988,0.66,0.902,296900
DDI,28-Jul-2026,11.67,11.804,11.57,11.61,52100
DDIV,28-Jul-2026,47.41,47.74,47.41,47.6788,1100
DDOG,28-Jul-2026,255.17,255.54,237.67,250.88,4053400
DECO,28-Jul-2026,71.2144,71.2144,71.2144,71.2144,100
DEFT,28-Jul-2026,0.43,0.4498,0.412,0.427,1301500
DEMZ,28-Jul-2026,46.81,46.81,46.6703,46.6703,1300
DERM,28-Jul-2026,6.34,6.39,6.14,6.31,131700
DETX,28-Jul-2026,3.33,3.33,3.12,3.15,2400
DFDV,28-Jul-2026,2.68,2.72,2.49,2.72,654400
DFDVW,28-Jul-2026,0.2901,0.3099,0.2901,0.2985,11200
DFGP,28-Jul-2026,53.38,53.59,53.38,53.545,236800
DFGX,28-Jul-2026,52.32,52.49,52.32,52.445,129700
DFLI,28-Jul-2026,1.38,1.405,1.31,1.31,275400
DFLIW,28-Jul-2026,0.0292,0.0416,0.0292,0.0378,136400
DFNS,28-Jul-2026,20.47,36.69,20,24,28615500
DFNSW,28-Jul-2026,0.129,0.195,0.099,0.1018,832800
DFSC,28-Jul-2026,1.31,1.3899,1.22,1.298,188200
DFSCW,28-Jul-2026,0.016,0.0248,0.016,0.0203,3400
DFTX,28-Jul-2026,42.35,42.41,40.29,41.96,1948800
DGCB,28-Jul-2026,53.35,53.525,53.35,53.475,149800
DGICA,28-Jul-2026,19.15,19.46,18.95,19.2,86200
DGICB,28-Jul-2026,21.85,21.85,21.85,21.85,900
DGII,28-Jul-2026,66.52,67.39,65.2,67.02,236600
DGLO,28-Jul-2026,24.105,24.105,24.06,24.06,1600
DGNX,28-Jul-2026,1.54,1.54,1.36,1.5,810600
DGRE,28-Jul-2026,37.535,37.61,37.3883,37.3883,4000
DGRS,28-Jul-2026,59.97,60.6113,59.97,60.5102,102900
DGRW,28-Jul-2026,95.89,96.61,95.89,96.34,389500
DGXX,28-Jul-2026,3.72,3.76,3.37,3.67,3260900
DH,28-Jul-2026,0.69,0.7114,0.6773,0.7072,121400
DHC,28-Jul-2026,9.46,9.48,9.08,9.23,1552900
DHCNI,28-Jul-2026,17.85,18.075,17.85,17.96,7200
DHCNL,28-Jul-2026,18.65,18.724,18.52,18.52,9900
DIBS,28-Jul-2026,4.34,4.43,4.12,4.13,78300
DIME,28-Jul-2026,7.27,7.29,7.24,7.29,1600
DINE,28-Jul-2026,25.035,25.035,25.035,25.035,100
DIOD,28-Jul-2026,81.43,82.03,78.12,80.29,436000
DIVD,28-Jul-2026,44.87,44.87,44.75,44.7929,2200
DJCO,28-Jul-2026,584.99,605.83,570.385,591.65,78500
DJT,28-Jul-2026,9.54,9.88,9.2,9.88,5269500
DJTWW,28-Jul-2026,3.65,3.65,3.2701,3.54,21100
DKI,28-Jul-2026,4.1148,4.24,4.1148,4.18,47000
DKNG,28-Jul-2026,24.2,24.72,23.98,24.62,10379100
DKNX,28-Jul-2026,17.42,18.1641,17.42,18.1641,2200
DLHC,28-Jul-2026,5.28,5.4378,5.15,5.22,36000
DLLL,28-Jul-2026,20.5,20.58,15.868,19.54,1889500
DLO,28-Jul-2026,14.89,15.105,14.7,14.88,1455700
DLPN,28-Jul-2026,1.13,1.13,1.06,1.0601,3400
DLTH,28-Jul-2026,4.28,4.415,4.26,4.3,38900
DLTR,28-Jul-2026,127.19,128.96,126.37,126.76,2170500
DLXY,28-Jul-2026,0.42,0.4299,0.36,0.3754,68900
DMAA,28-Jul-2026,10.71,10.71,10.71,10.71,10000
DMAAR,28-Jul-2026,0.15,0.16,0.15,0.1599,2200
DMAC,28-Jul-2026,6.74,6.815,6.515,6.64,206600
DMII,28-Jul-2026,10.1,10.2,10.1,10.11,202200
DMLP,28-Jul-2026,27.19,27.5,26.77,27.02,267000
DMRA,28-Jul-2026,29.53,30.44,28.4,29.42,305400
DMRC,28-Jul-2026,6.1,6.6937,6.05,6.49,114200
DMXF,28-Jul-2026,82.15,82.96,82.15,82.705,38600
DNLI,28-Jul-2026,23.92,24.055,23.15,24.05,2106200
DNMX,28-Jul-2026,10.02,10.02,10.01,10.02,31800
DNMXU,28-Jul-2026,10.13,10.13,10.1,10.1299,6100
DNNG,28-Jul-2026,5.54,5.54,5.305,5.5167,4000
DNTH,28-Jul-2026,104.55,105.855,100,101.61,841000
DNUT,28-Jul-2026,3.27,3.35,3.2413,3.27,2035700
DOCU,28-Jul-2026,53.59,56.2,53.59,55.97,3666900
DOGZ,28-Jul-2026,0.91,0.9621,0.9001,0.9621,22900
DOMH,28-Jul-2026,2.47,2.47,2.32,2.41,80300
DOMO,28-Jul-2026,3.56,3.86,3.465,3.76,2145000
DOO,28-Jul-2026,62.59,63.165,62.01,62.49,174900
DORM,28-Jul-2026,138.44,143.605,138.3,143.17,161200
DOX,28-Jul-2026,53.56,55.71,53.555,54.87,1249100
DOYU,28-Jul-2026,4.445,4.66,4.445,4.65,10500
DPRO,28-Jul-2026,4.25,4.31,4.03,4.1,998600
DPU,28-Jul-2026,1.9,2.04,1.8,1.895,7700
DPZ,28-Jul-2026,349.89,359.7,346.945,350.47,1127300
DRCT,28-Jul-2026,2.61,2.66,2.566,2.57,12600
DRDB,28-Jul-2026,10.6,10.61,10.6,10.61,140200
DRDBW,28-Jul-2026,0.1925,0.1925,0.1925,0.1925,200
DRH,28-Jul-2026,12.97,13.075,12.68,13.07,1660700
DRIO,28-Jul-2026,7.26,7.89,7.01,7.495,8200
DRIV,28-Jul-2026,32.79,32.94,32.306,32.78,42900
DRMA,28-Jul-2026,1.2701,1.28,1.22,1.235,55900
DRMAW,28-Jul-2026,0.0075,0.0105,0.0075,0.0105,4200
DRNZ,28-Jul-2026,20.81,20.81,20.11,20.7488,157300
DRS,28-Jul-2026,48.74,49.37,48,49.21,826200
DRTS,28-Jul-2026,12.03,12.24,11.27,11.55,909300
DRTSW,28-Jul-2026,3.11,3.11,2.43,2.55,42900
DRUG,28-Jul-2026,72.11,73.01,70.2,71.96,238500
DRVN,28-Jul-2026,14.48,15.065,14.445,14.97,592800
DSAC,28-Jul-2026,10.17,10.18,10.16,10.18,82400
DSACW,28-Jul-2026,0.6,0.6001,0.6,0.6001,300
DSC,28-Jul-2026,5.93,5.93,5.1301,5.4,52700
DSGN,28-Jul-2026,11.88,12.14,11.45,11.87,489100
DSGR,28-Jul-2026,34.51,34.63,34.5,34.63,310200
DSGX,28-Jul-2026,71.9,75.81,71.87,75.59,801700
DSP,28-Jul-2026,11.47,11.54,11.085,11.36,209600
DSWL,28-Jul-2026,3.43,3.43,3.43,3.43,1100
DSY,28-Jul-2026,3.2732,3.33,3.2732,3.3001,7200
DSYWW,28-Jul-2026,0.0243,0.0243,0.0132,0.024,25800
DTCR,28-Jul-2026,27.21,27.55,27.07,27.21,802800
DTCX,28-Jul-2026,1.8,1.86,1.75,1.84,52200
DTI,28-Jul-2026,2.24,2.29,2.21,2.26,164900
DTIL,28-Jul-2026,7.34,7.34,6.98,7.17,179600
DTSQR,28-Jul-2026,0.1201,0.1201,0.1201,0.1201,100
DTSS,28-Jul-2026,0.802,0.8385,0.767,0.8382,10100
DTST,28-Jul-2026,3.11,3.24,3,3.17,22700
DUKH,28-Jul-2026,23.7,23.7392,23.7,23.725,1900
DUKR,28-Jul-2026,5.54,5.6,5.21,5.34,8900
DUKRW,28-Jul-2026,0.82,0.92,0.82,0.82,2300
DUKX,28-Jul-2026,27.69,27.7288,27.6899,27.7288,400
DUO,28-Jul-2026,0.5872,0.65,0.5734,0.6072,89800
DUOG,28-Jul-2026,54,55.7581,50.62,55.7581,10500
DUOL,28-Jul-2026,135,141.45,134.03,140.73,1530500
DUOT,28-Jul-2026,8.05,8.05,7.46,7.73,1062800
DUSG,28-Jul-2026,51.88,51.9382,51.88,51.9382,200
DVAL,28-Jul-2026,16.47,16.47,16.42,16.4317,600
DVGR,28-Jul-2026,26.9592,27.03,26.9592,26.9752,500
DVIN,28-Jul-2026,30.9285,30.9285,30.9285,30.9285,100
DVLT,28-Jul-2026,0.355,0.3558,0.3207,0.328,17372900
DVLU,28-Jul-2026,41.12,41.515,41.01,41.4956,3300
DVOL,28-Jul-2026,38.12,38.159,37.98,38.1422,11700
DVQQ,28-Jul-2026,29.61,29.85,29.61,29.7344,1700
DVRE,28-Jul-2026,25.9534,25.9534,25.9534,25.9534,100
DVSP,28-Jul-2026,28.44,28.44,28.3659,28.3659,300
DVUT,28-Jul-2026,27.511,27.511,27.511,27.511,100
DVXB,28-Jul-2026,28.8467,28.8467,28.8467,28.8467,100
DVXC,28-Jul-2026,23.3844,23.3844,23.3844,23.3844,100
DVXE,28-Jul-2026,39.29,39.2901,38.25,38.294,700
DVXF,28-Jul-2026,28.33,28.6511,28.28,28.6511,800
DVXK,28-Jul-2026,34.7099,34.7099,34.7099,34.7099,100
DVXP,28-Jul-2026,26.4491,26.4491,26.4491,26.4491,100
DVXV,28-Jul-2026,33.5185,33.5185,33.5185,33.5185,100
DVXY,28-Jul-2026,21.4465,21.4465,21.4465,21.4465,100
DVY,28-Jul-2026,164.5,166.7899,164.47,165.42,351200
DWAS,28-Jul-2026,109.32,111.6,109.31,111.5357,11800
DWAW,28-Jul-2026,49.34,49.689,49.34,49.689,900
DWSH,28-Jul-2026,5.72,5.725,5.63,5.685,32000
DWSN,28-Jul-2026,4.81,4.81,4,4.4,386600
DWTX,28-Jul-2026,1.53,1.57,1.49,1.55,36500
DWUS,28-Jul-2026,56.2457,56.2457,56.2457,56.2457,100
DXCM,28-Jul-2026,74.57,76.09,74.09,74.85,4120200
DXLG,28-Jul-2026,0.6284,0.6358,0.62,0.62,13200
DXPE,28-Jul-2026,163.75,163.97,158.13,160.27,138300
DXR,28-Jul-2026,11.15,11.15,10.6,10.65,2300
DXST,28-Jul-2026,2.2149,2.32,2.2149,2.24,247300
DYAI,28-Jul-2026,1.12,1.27,1.06,1.06,353300
DYFI,28-Jul-2026,22.55,22.58,22.55,22.58,5100
DYN,28-Jul-2026,25.42,26.26,25.18,25.9,2334600
DYNB,28-Jul-2026,39.035,39.0363,39.035,39.035,1400
DYNC,28-Jul-2026,10.7905,10.8,10.79,10.79,28500
DYOR,28-Jul-2026,10.08,10.08,10.07,10.07,150900
DYORW,28-Jul-2026,0.2802,0.2802,0.2802,0.2802,300
DYTA,28-Jul-2026,30.9699,31.1018,30.9699,31.0568,6200
EA,28-Jul-2026,209.26,209.41,208.72,208.87,3710500
EART,28-Jul-2026,26,26.42,25.965,26.2925,26600
EASY,28-Jul-2026,27.93,27.99,27.9006,27.9006,12900
EBAY,28-Jul-2026,114.5,117.63,114.026,117.44,3776100
EBC,28-Jul-2026,22.98,23.61,22.905,23.55,5837900
EBI,28-Jul-2026,65.71,65.7681,65.71,65.7681,6200
EBIZ,28-Jul-2026,30.13,30.4037,30.11,30.4037,4000
EBMT,28-Jul-2026,23.63,23.95,23.13,23.57,43800
EBON,28-Jul-2026,2.01,2.1024,2.01,2.1024,1100
ECBK,28-Jul-2026,20.43,20.67,20.43,20.62,9200
ECHO,28-Jul-2026,84.46,86.05,82.89,85.93,7233900
ECHX,28-Jul-2026,7.31,7.645,7.1385,7.62,127300
ECOR,28-Jul-2026,6.02,6.42,6,6.09,25100
ECOW,28-Jul-2026,27.26,27.3899,27.185,27.2848,32600
ECPG,28-Jul-2026,95.74,98.0154,94.58,95.9,472500
ECX,28-Jul-2026,1.09,1.11,1.06,1.08,590400
EDBL,28-Jul-2026,2.61,3.08,2.425,2.43,1501100
EDBLW,28-Jul-2026,0.0376,0.0483,0.0376,0.0457,3500
EDHL,28-Jul-2026,4,4.44,3.675,4.17,92900
EDIT,28-Jul-2026,2.67,2.675,2.52,2.62,1464400
EDRY,28-Jul-2026,24.46,24.695,23.3,24.35,49700
EDSA,28-Jul-2026,5.34,5.57,4.8611,4.97,84200
EDTK,28-Jul-2026,0.945,0.9575,0.932,0.932,2000
EDUC,28-Jul-2026,1.42,1.445,1.41,1.43,129900
EEE,28-Jul-2026,20.526,20.526,20.526,20.526,100
EEFT,28-Jul-2026,79.42,82.81,78.17,82.74,883600
EEIQ,28-Jul-2026,2.25,2.2777,2.07,2.19,7300
EEMA,28-Jul-2026,108.17,109.31,107.3334,108.84,115500
EFAS,28-Jul-2026,22.49,22.7386,22.49,22.715,9600
EFOI,28-Jul-2026,2.76,2.86,2.76,2.774,10800
EFRA,28-Jul-2026,36.1975,36.1975,36.1975,36.1975,100
EFSC,28-Jul-2026,66.31,66.825,65.66,66.72,161000
EFSCP,28-Jul-2026,19.81,20.075,19.75,20.0401,11900
EFSI,28-Jul-2026,40.5,42.34,40.17,41.26,147300
EGAN,28-Jul-2026,6.83,7.07,6.73,6.91,213800
EGBN,28-Jul-2026,28.08,28.62,27.68,28.39,298400
EGGQ,28-Jul-2026,46.62,46.62,44.35,45.9913,9200
EGHA,28-Jul-2026,10.33,10.33,10.33,10.33,200
EGHT,28-Jul-2026,1.87,1.95,1.815,1.91,2024000
EH,28-Jul-2026,5.21,5.345,5.045,5.24,605300
EHGO,28-Jul-2026,2.37,2.75,2.08,2.25,5415700
EHLD,28-Jul-2026,8,8,7.905,7.905,1700
EHLS,28-Jul-2026,25.565,25.565,25.565,25.565,100
EHTH,28-Jul-2026,1.35,1.395,1.335,1.36,166500
EIKN,28-Jul-2026,9.92,10.2,9.06,9.49,216400
EJH,28-Jul-2026,1.48,1.5465,1.05,1.2,34500
EKG,28-Jul-2026,19.22,19.4486,19.22,19.4486,700
ELAB,28-Jul-2026,0.9493,0.95,0.85,0.9458,780000
ELBM,28-Jul-2026,0.51,0.5196,0.4986,0.5135,288500
ELDN,28-Jul-2026,3.54,3.5592,3.3201,3.4,1520400
ELE,28-Jul-2026,15.72,15.77,15.17,15.35,177800
ELFY,28-Jul-2026,40.78,40.78,40.1,40.3955,70700
ELIL,28-Jul-2026,31.44,32.35,31.06,31.83,116300
ELMT,28-Jul-2026,14.43,14.69,13.9,14.49,421700
ELOG,28-Jul-2026,0.9,1.02,0.857,1,24600
ELOX,28-Jul-2026,12.01,13.5,11.81,12.81,22300
ELPW,28-Jul-2026,0.18,0.1885,0.1707,0.1848,1905500
ELSE,28-Jul-2026,7.73,7.7399,7.7286,7.7399,23500
ELTK,28-Jul-2026,8.62,8.62,7.86,8.58,13400
ELTX,28-Jul-2026,2.99,3.09,2.87,2.95,361600
ELUT,28-Jul-2026,0.93,0.937,0.9,0.915,23600
ELVA,28-Jul-2026,8.1,8.23,7.54,7.99,532300
ELVN,28-Jul-2026,52.85,54.12,52,53.76,727200
ELVR,28-Jul-2026,53.22,53.22,51.9,52.85,34500
ELWT,28-Jul-2026,7.53,8.4,7.53,8.27,27400
EMAT,28-Jul-2026,5.02,5.02,4.72,4.755,24800
EMB,28-Jul-2026,94.89,95.23,94.87,95.19,6840200
EMBC,28-Jul-2026,3.47,3.625,3.47,3.59,1031700
EMCB,28-Jul-2026,65.51,65.81,65.51,65.73,1700
EMEM,28-Jul-2026,24.13,24.17,23.9401,24.0438,6000
EMEQ,28-Jul-2026,59.12,59.97,58.4801,59.09,140100
EMIF,28-Jul-2026,26.235,26.235,26.16,26.185,1000
EMIS,28-Jul-2026,10.19,10.19,10.19,10.19,10700
EML,28-Jul-2026,24.18,24.44,23.56,24.41,8200
EMPD,28-Jul-2026,3.16,3.23,2.8601,3.02,663700
EMSC,28-Jul-2026,24.34,24.44,23.932,23.932,20300
EMXC,28-Jul-2026,89.12,90.24,88.24,89.44,2461700
EMXF,28-Jul-2026,53.86,54.42,53.62,54.184,18700
ENDW,28-Jul-2026,33.99,34.56,33.97,34.0642,10300
ENGN,28-Jul-2026,1.76,1.77,1.715,1.76,582800
ENGS,28-Jul-2026,2.72,2.87,2.7,2.82,2182800
ENHI,28-Jul-2026,26.7048,26.7048,26.7048,26.7048,100
ENHU,28-Jul-2026,27.6202,27.6202,27.6202,27.6202,100
ENLT,28-Jul-2026,88.89,89.158,86.12,86.83,268600
ENLV,28-Jul-2026,3.26,3.26,2.08,2.24,4039100
ENPH,28-Jul-2026,36.7,37.9,35.3901,36.32,8623900
ENRD,28-Jul-2026,5.14,5.2032,4.91,4.99,22100
ENRDW,28-Jul-2026,0.5,0.5,0.5,0.5,400
ENSC,28-Jul-2026,0.2656,0.2656,0.2413,0.251,268600
ENSG,28-Jul-2026,182.72,184.4999,179.63,183.14,705700
ENTA,28-Jul-2026,12.76,12.76,12.405,12.61,177200
ENTG,28-Jul-2026,119,122.99,117.4,118.16,5023600
ENTX,28-Jul-2026,3.9,3.963,3.02,3.26,5323100
ENVB,28-Jul-2026,1.32,1.34,1.28,1.33,110500
ENVX,28-Jul-2026,4.07,4.1,3.85,3.97,8388200
ENZL,28-Jul-2026,46.65,47.08,46.61,47.05,76800
EOLS,28-Jul-2026,6.21,6.43,6.08,6.22,599600
EOSE,28-Jul-2026,3.43,3.48,3.21,3.37,31353500
EPOW,28-Jul-2026,0.485,0.4899,0.4506,0.47,34500
EPRX,28-Jul-2026,6.13,6.24,5.92,6.1,511700
EPSM,28-Jul-2026,1.32,1.37,1.2,1.35,4500
EPSN,28-Jul-2026,5.77,5.79,5.45,5.45,97900
EQ,28-Jul-2026,2.43,2.48,2.22,2.32,967000
EQIX,28-Jul-2026,1045.47,1055.97,1029.01,1034.86,603000
EQPT,28-Jul-2026,18.54,19.7,18.54,19.34,3176600
EQQQ,28-Jul-2026,38.7,39.2,38.5499,38.894,5200
EQRR,28-Jul-2026,81.43,81.43,80.85,81.1535,2400
ERAS,28-Jul-2026,18.7,18.715,17.71,18.16,3816800
ERET,28-Jul-2026,30.09,30.09,30.09,30.09,100
ERIC,28-Jul-2026,9.62,10.01,9.575,9.97,36079700
ERIE,28-Jul-2026,233.82,245.675,233.82,242.43,338000
ERII,28-Jul-2026,8.56,8.73,8.35,8.4,688100
ERNA,28-Jul-2026,3.91,3.93,3.6,3.61,49600
ERNAW,28-Jul-2026,0.0599,0.0599,0.0421,0.05,5400
ESCA,28-Jul-2026,19.15,19.975,19.15,19.89,40400
ESEA,28-Jul-2026,76.05,77.34,75.19,76.21,49700
ESGD,28-Jul-2026,102.39,103.2899,102.38,102.99,263300
ESGE,28-Jul-2026,49.98,50.46,49.59,50.15,1528900
ESGU,28-Jul-2026,162.09,162.8501,161.36,162.43,1524400
ESLA,28-Jul-2026,0.74,0.7499,0.6891,0.7485,24600
ESLT,28-Jul-2026,817.88,823.77,811.03,818.59,97000
ESMV,28-Jul-2026,30.8911,30.8911,30.8911,30.8911,100
ESN,28-Jul-2026,20,20.27,20,20.1236,33100
ESOA,28-Jul-2026,15.7,15.72,14.95,15.05,230900
ESPO,28-Jul-2026,93.05,94.18,92.81,94.0075,40400
ESQ,28-Jul-2026,122.47,128.625,120.53,127.58,185300
ESTA,28-Jul-2026,92.31,94.895,90.51,91.9,393000
ETEC,28-Jul-2026,25.73,25.91,25.6,25.91,2100
ETHA,28-Jul-2026,14.2,14.54,13.9909,14.49,32397800
ETHB,28-Jul-2026,24.21,24.79,23.89,24.73,268300
ETON,28-Jul-2026,43.58,47.16,42.915,46.66,891200
ETOR,28-Jul-2026,37.27,38.57,37.25,37.98,346400
ETS,28-Jul-2026,1.07,1.09,1.01,1.01,47000
EU,28-Jul-2026,1.18,1.18,1.12,1.15,2077700
EUDA,28-Jul-2026,19.8,21,19.52,19.9,7200
EUDAW,28-Jul-2026,0.03,0.03,0.0247,0.0298,3200
EUFN,28-Jul-2026,40.63,40.95,40.46,40.81,735700
EURK,28-Jul-2026,11.98,12.2,11.44,12.185,1700
EURKR,28-Jul-2026,0.34,0.34,0.34,0.34,500
EVAX,28-Jul-2026,2.9,2.98,2.8,2.8,21200
EVCM,28-Jul-2026,11.99,12.25,11.85,12,118000
EVER,28-Jul-2026,26.44,27.42,26.41,27.15,533800
EVGN,28-Jul-2026,0.539,0.539,0.4898,0.4945,77300
EVGO,28-Jul-2026,1.53,1.635,1.53,1.63,4567200
EVLV,28-Jul-2026,5.44,5.7,5.3,5.6,2769200
EVMT,28-Jul-2026,17.67,17.67,17.515,17.515,1500
EVO,28-Jul-2026,1.96,2.0008,1.9501,1.96,50200
EVOX,28-Jul-2026,10.05,10.06,10.05,10.05,8600
EVOXU,28-Jul-2026,10.2,10.25,10.2,10.25,2300
EVOXW,28-Jul-2026,0.3202,0.3202,0.3202,0.3202,300
EVPF,28-Jul-2026,49.98,50.0698,49.92,50.0044,6800
EVRG,28-Jul-2026,86.52,87.43,85.64,85.66,1607800
EVSD,28-Jul-2026,50.8,50.83,50.78,50.8,75400
EVYM,28-Jul-2026,50.23,50.485,50.21,50.45,16500
EWBC,28-Jul-2026,130.16,131.81,130.16,131.31,685900
EWJV,28-Jul-2026,45.66,46.045,45.54,45.87,163900
EWTX,28-Jul-2026,41.61,41.805,39.52,40.35,964300
EWZS,28-Jul-2026,13.1,13.1899,13.04,13.07,119700
EXC,28-Jul-2026,47.67,48.485,47.28,47.31,9587100
EXE,28-Jul-2026,91.4,91.67,88.0975,88.52,5100300
EXEL,28-Jul-2026,56.4,56.855,55.33,56.51,2489400
EXFY,28-Jul-2026,1.8,1.835,1.755,1.79,643100
EXLS,28-Jul-2026,29.21,30.59,29.21,30.53,3169400
EXOZ,28-Jul-2026,4.6,4.7,4.4,4.4,7400
EXPE,28-Jul-2026,282.43,296.65,279.915,295.79,1446900
EXPO,28-Jul-2026,63.79,66.03,63.79,65,566900
EXTR,28-Jul-2026,29.33,30.065,28.41,29.99,1335000
EXUS,28-Jul-2026,27.61,27.78,27.5808,27.665,5600
EXYN,28-Jul-2026,2.62,2.7223,2.41,2.5,216700
EXYNW,28-Jul-2026,0.635,0.635,0.41,0.57,131800
EYE,28-Jul-2026,20.81,21.82,20.81,21.81,2079700
EYEG,28-Jul-2026,34.72,34.725,34.72,34.725,200
EYPT,28-Jul-2026,12.34,12.53,11.72,11.96,1698300
EZGO,28-Jul-2026,0.97,0.98,0.92,0.94,60300
EZMO,28-Jul-2026,24.83,25.12,24.83,25.0486,2000
EZPW,28-Jul-2026,30.42,30.8,29.67,30.04,539200
EZRA,28-Jul-2026,2.06,2.1,1.96,1.98,175400
EZRO,28-Jul-2026,23.015,23.015,22.918,22.918,300
FA,28-Jul-2026,20.25,20.96,20.25,20.88,1191800
FAAA,28-Jul-2026,50.34,50.35,50.34,50.345,28500
FAAR,28-Jul-2026,31.04,31.0758,30.97,30.99,208000
FAB,28-Jul-2026,106,107.2999,106,106.9426,35200
FABC,28-Jul-2026,2.48,2.5701,2.31,2.48,179700
FAC,28-Jul-2026,4.65,4.7389,4.3,4.67,246500
FACT,28-Jul-2026,10.66,10.672,10.66,10.67,104100
FACTW,28-Jul-2026,0.179,0.23,0.169,0.23,14100
FACWW,28-Jul-2026,0.87,0.8702,0.6525,0.71,195900
FAD,28-Jul-2026,183.77,183.77,180.26,183.22,15400
FALN,28-Jul-2026,26.93,26.96,26.895,26.95,384900
FAMI,28-Jul-2026,0.15,0.1525,0.1461,0.1501,549400
FANG,28-Jul-2026,197.11,198.59,190.05,190.305,2516700
FAST,28-Jul-2026,47.94,49.165,47.77,48.1,10523000
FATE,28-Jul-2026,2.42,2.42,2.25,2.32,1851800
FATN,28-Jul-2026,5.125,5.315,5.01,5.1,46400
FBGL,28-Jul-2026,0.5468,0.605,0.51,0.56,229600
FBIO,28-Jul-2026,3.26,3.39,3.15,3.39,404300
FBIOP,28-Jul-2026,18.59,18.82,18.56,18.76,8700
FBIZ,28-Jul-2026,67.35,69.83,67.35,68.68,81300
FBL,28-Jul-2026,22.78,23.13,22.12,22.59,714600
FBLA,28-Jul-2026,15.66,15.79,15.485,15.63,113900
FBLG,28-Jul-2026,0.6362,0.6608,0.625,0.6504,64100
FBNC,28-Jul-2026,62.96,64.47,62.7,64.22,231700
FBOT,28-Jul-2026,36.27,36.675,36.0401,36.6163,21600
FBRX,28-Jul-2026,76.5,76.68,76.5,76.65,2571000
FBYD,28-Jul-2026,10.5,10.99,9.8901,10.5,78800
FBYDW,28-Jul-2026,2.03,2.03,1.72,1.74,10200
FBYY,28-Jul-2026,11.28,11.28,11.28,11.28,100
FCA,28-Jul-2026,27.015,27.26,26.89,27.0501,6900
FCAL,28-Jul-2026,48.83,48.8999,48.785,48.8269,9700
FCAP,28-Jul-2026,63.23,64.275,63,64.1,13200
FCBC,28-Jul-2026,48.35,49.35,46.59,48.405,76300
FCCO,28-Jul-2026,33.98,35.26,32.735,35.01,115300
FCEF,28-Jul-2026,23.7,23.7,23.62,23.655,8500
FCEL,28-Jul-2026,20.13,20.35,19.05,19.66,9080400
FCFS,28-Jul-2026,209.05,211.48,204.9,206.73,469400
FCHL,28-Jul-2026,1.04,1.0699,0.96,1.02,36800
FCLO,28-Jul-2026,50.385,50.42,50.385,50.39,3400
FCNCA,28-Jul-2026,2149.12,2205.9,2149.12,2198,78700
FCNCN,28-Jul-2026,25.07,25.07,24.93,25,13500
FCNCO,28-Jul-2026,20.6,20.69,20.52,20.68,30900
FCNCP,28-Jul-2026,20.4,20.41,20.2601,20.32,6700
FCTE,28-Jul-2026,28.65,29.115,28.65,29.0706,7000
FCUV,28-Jul-2026,2.21,2.29,2.11,2.11,10500
FCVT,28-Jul-2026,48.75,48.75,47.43,48.2385,54800
FCXG,28-Jul-2026,11.95,12.42,11.525,12.1475,9200
FDBC,28-Jul-2026,52.8,53.05,51.74,53.05,4400
FDCF,28-Jul-2026,47.8499,48.52,47.8499,48.4816,15000
FDFF,28-Jul-2026,35.44,35.8087,35.44,35.7622,3200
FDIF,28-Jul-2026,38,38.2817,37.7301,38.2817,8100
FDIG,28-Jul-2026,40.9,41.29,39.78,40.9627,25000
FDIQ,28-Jul-2026,73.51,73.5941,73.51,73.5941,2400
FDIV,28-Jul-2026,28.47,28.6283,28.47,28.5736,76100
FDMMU,28-Jul-2026,9.95,9.95,9.95,9.95,6000
FDMT,28-Jul-2026,10.28,10.37,9.5,9.85,628800
FDNI,28-Jul-2026,27.26,27.5,27.135,27.4497,5100
FDRS,28-Jul-2026,22.02,22.2,21.86,22.19,7400
FDRX,28-Jul-2026,18.9016,18.9016,18.9016,18.9016,100
FDSB,28-Jul-2026,17.75,17.75,17.5,17.75,900
FDT,28-Jul-2026,88.66,89.36,88.263,88.9648,91200
FDTS,28-Jul-2026,63.46,63.6491,63.43,63.6491,9800
FDTX,28-Jul-2026,48.36,48.59,46.8601,48.2844,40400
FDUS,28-Jul-2026,19.77,20.24,19.62,20.19,303100
FEAM,28-Jul-2026,1.2,1.22,1.09,1.12,98600
FEBO,28-Jul-2026,0.9,0.91,0.711,0.85,12100
FEED,28-Jul-2026,0.356,0.3561,0.3303,0.3428,110600
FEIM,28-Jul-2026,68.98,72.56,66.15,66.46,523500
FELE,28-Jul-2026,111.88,115.815,109.65,109.71,659700
FEM,28-Jul-2026,30.46,30.66,30.35,30.55,251900
FEMB,28-Jul-2026,29.08,29.2494,29,29.13,73900
FEMS,28-Jul-2026,43.415,43.84,43.34,43.5225,20400
FEMY,28-Jul-2026,3.08,3.08,2.73,2.92,82300
FENC,28-Jul-2026,10.08,10.43,9.92,9.94,82900
FEP,28-Jul-2026,57.47,57.94,57.3898,57.85,21800
FEPI,28-Jul-2026,39.02,39.2199,38.3001,38.9,256600
FER,28-Jul-2026,62.22,62.4,61.145,61.77,1864000
FERA,28-Jul-2026,10.44,10.44,10.44,10.44,45000
FERAR,28-Jul-2026,0.295,0.295,0.295,0.295,700
FEUZ,28-Jul-2026,66.095,66.3202,66.095,66.3202,1300
FEX,28-Jul-2026,136.19,137.01,136.19,136.9639,14300
FFAI,28-Jul-2026,5.01,5.1,3.675,4.63,1400300
FFBC,28-Jul-2026,33.58,33.91,33.3539,33.79,1095500
FFIN,28-Jul-2026,34.84,35.27,34.74,35.21,906800
FFIV,28-Jul-2026,393.99,414,366.93,403.46,1621800
FFUT,28-Jul-2026,60.98,60.98,60.16,60.31,11600
FGBI,28-Jul-2026,9.36,9.68,9.36,9.64,24900
FGBIP,28-Jul-2026,19.626,19.9501,19.626,19.95,9000
FGI,28-Jul-2026,4.08,4.315,4.08,4.26,19900
FGII,28-Jul-2026,9.95,9.95,9.95,9.95,10600
FGIWW,28-Jul-2026,1.2,1.2,0.1833,0.2,112700
FGL,28-Jul-2026,1,1.075,1,1.0101,271700
FGM,28-Jul-2026,62.5711,62.5711,62.5711,62.5711,100
FGNX,28-Jul-2026,6.95,7.1899,6.46,6.89,110400
FGNXP,28-Jul-2026,25.09,25.09,25.06,25.06,500
FGSI,28-Jul-2026,20.5198,20.5198,20.5198,20.5198,100
FHB,28-Jul-2026,27.86,28.1,27.7,28.09,2395300
FHTX,28-Jul-2026,5.22,5.2247,5.01,5.13,159600
FIBK,28-Jul-2026,38,38.42,37.76,38.09,2118100
FICS,28-Jul-2026,41.99,42.52,41.99,42.4264,8600
FID,28-Jul-2026,22.32,22.47,22.32,22.405,8600
FIEE,28-Jul-2026,2.85,3,2.4,2.83,467600
FIGG,28-Jul-2026,21.84,24.19,20.7,23.86,138800
FIGR,28-Jul-2026,27.91,28.26,26.701,27.55,2470700
FIGX,28-Jul-2026,10.25,10.25,10.25,10.25,4800
FIGXW,28-Jul-2026,0.2683,0.29,0.2683,0.29,500
FIMU,28-Jul-2026,19.825,19.825,19.825,19.825,100
FINW,28-Jul-2026,13.91,14.6699,13.9,13.96,23000
FINX,28-Jul-2026,25.56,26.14,25.41,26.04,41300
FINY,28-Jul-2026,25.56,25.64,25.555,25.555,1800
FIP,28-Jul-2026,4.15,4.15,3.95,4.08,1007000
FISI,28-Jul-2026,41.37,42.26,41.37,42.16,155500
FISN,28-Jul-2026,9.84,10,8.8,9.89,320100
FISV,28-Jul-2026,52.56,54.6699,52.5,54.21,6013900
FIVE,28-Jul-2026,207.49,209.23,205.765,207.99,951200
FIVN,28-Jul-2026,26,27.34,26,27.12,2389400
FIXD,28-Jul-2026,43,43.095,42.9512,43.0407,311500
FIYY,28-Jul-2026,24.39,24.39,24.39,24.39,100
FIZZ,28-Jul-2026,31.52,32.88,31.52,32.54,492200
FJP,28-Jul-2026,72.48,73.64,72.135,72.44,12400
FKU,28-Jul-2026,54.79,55.03,54.66,54.9422,1100
FKWL,28-Jul-2026,2.32,2.3501,2.31,2.31,28100
FLD,28-Jul-2026,0.45,0.4598,0.45,0.45,50300
FLDB,28-Jul-2026,50.33,50.43,50.32,50.405,74700
FLDDW,28-Jul-2026,0.0998,0.0998,0.08,0.0849,16400
FLEX,28-Jul-2026,109.94,114.24,102.75,113.28,11028900
FLGT,28-Jul-2026,19.58,19.91,19.415,19.63,260000
FLL,28-Jul-2026,2.31,2.35,2.26,2.31,135800
FLN,28-Jul-2026,25.66,25.89,25.66,25.7752,3800
FLNA,28-Jul-2026,0.92,0.9476,0.88,0.8849,166700
FLNC,28-Jul-2026,12.95,12.95,12.0601,12.62,6437300
FLNT,28-Jul-2026,3.33,3.49,3.33,3.435,21600
FLUX,28-Jul-2026,0.616,0.65,0.5135,0.5649,273400
FLWS,28-Jul-2026,3.85,4,3.84,3.96,141300
FLX,28-Jul-2026,2.17,2.17,2.07,2.07,120600
FLXS,28-Jul-2026,76.61,77.99,75.825,77.88,51700
FLY,28-Jul-2026,19.3,20.32,18.4001,19.32,3889800
FLYE,28-Jul-2026,1.8,1.8,1.6916,1.72,8000
FLYW,28-Jul-2026,16.14,16.61,16,16.56,1168600
FLZH,28-Jul-2026,1.38,1.43,1.31,1.41,28400
FMAC,28-Jul-2026,9.98,10.01,9.98,10.01,600
FMACR,28-Jul-2026,0.19,0.19,0.19,0.19,100
FMAO,28-Jul-2026,31.59,34.74,30.51,34.44,159700
FMB,28-Jul-2026,50.45,50.5272,50.38,50.4676,124600
FMBH,28-Jul-2026,51.43,52.73,51.035,52.58,146700
FMED,28-Jul-2026,28.54,28.71,28.3,28.6618,3400
FMET,28-Jul-2026,36.72,37.3,36.72,37.1672,5200
FMFC,28-Jul-2026,0.2318,0.2391,0.2159,0.2276,196300
FMHI,28-Jul-2026,47.77,47.8688,47.68,47.84,73100
FMNB,28-Jul-2026,15.4,16.05,15.35,16,595600
FMST,28-Jul-2026,1.5,1.54,1.42,1.44,182000
FMSTW,28-Jul-2026,0.38,0.38,0.34,0.34,700
FMTM,28-Jul-2026,37.4,37.595,36.72,37.41,233800
FMUB,28-Jul-2026,50.78,50.88,50.755,50.825,35300
FMUN,28-Jul-2026,49.81,49.81,49.75,49.79,7400
FNGR,28-Jul-2026,0.278,0.278,0.2601,0.261,249000
FNK,28-Jul-2026,64.32,64.32,64.149,64.2456,4700
FNKO,28-Jul-2026,6.29,6.58,6.23,6.35,1291800
FNLC,28-Jul-2026,34.96,35.69,34.6278,35.46,39900
FNRN,28-Jul-2026,18.56,19.15,18.56,18.8,337900
FNUC,28-Jul-2026,1.68,1.69,1.58,1.64,278900
FNWB,28-Jul-2026,12,12,11.75,11.79,29700
FNWD,28-Jul-2026,44.63,44.64,44,44.38,14500
FNX,28-Jul-2026,144.48,144.8206,144.07,144.8206,11800
FNY,28-Jul-2026,102.1226,102.8891,102.1226,102.8891,5000
FOCL,28-Jul-2026,6,6.08,5.9001,6.06,120400
FOFO,28-Jul-2026,2.03,2.06,1.93,2.04,17300
FORM,28-Jul-2026,92.27,93,84.77,88.23,2253000
FORR,28-Jul-2026,9.51,10.36,9.51,10.31,109700
FORTY,28-Jul-2026,113.99,113.99,113.99,113.99,100
FOSL,28-Jul-2026,4.21,4.46,4.21,4.44,820100
FOX,28-Jul-2026,51.29,52.335,51.29,51.63,828200
FOXA,28-Jul-2026,56.9,58.25,56.75,57.72,2417100
FOXF,28-Jul-2026,18.86,19.55,18.86,19.09,439600
FOXX,28-Jul-2026,2.46,2.5813,2.3,2.5799,5500
FPA,28-Jul-2026,44.26,44.79,43.81,44.7,1600
FPXE,28-Jul-2026,32.405,32.445,32.405,32.445,100
FPXI,28-Jul-2026,66.5,66.61,65.7301,66.3247,31100
FRAF,28-Jul-2026,63.3,64.6304,62.68,63.99,39100
FRBA,28-Jul-2026,18.69,19.09,18.69,18.865,215900
FRBT,28-Jul-2026,19.8,20.9618,19.04,19.87,151800
FRD,28-Jul-2026,35.93,38.27,35.93,37.19,96400
FREI,28-Jul-2026,24.99,25.0499,24.99,25.0251,95800
FRGT,28-Jul-2026,3.09,3.09,2.56,2.825,47700
FRHC,28-Jul-2026,154.95,160,153,154.63,114300
FRME,28-Jul-2026,42.94,43.71,42.3858,43.42,392100
FRMEP,28-Jul-2026,26.0553,27,26.0553,26.6,4700
FRMI,28-Jul-2026,6.88,6.9824,6.195,6.28,21981200
FRMM,28-Jul-2026,5.51,5.64,5.11,5.32,330100
FRNM,28-Jul-2026,11.34,11.7608,10.37,10.77,759900
FROG,28-Jul-2026,82,82,72.14,76.43,3513600
FRPH,28-Jul-2026,23.75,24.05,23.38,23.39,83800
FRPT,28-Jul-2026,60.94,62.615,60.15,61.22,1115600
FRSH,28-Jul-2026,10.84,11.295,10.83,11.18,9332200
FRST,28-Jul-2026,15.83,16.02,15.565,16,238000
FRSX,28-Jul-2026,1.36,1.4,1.17,1.2,124400
FRTT,28-Jul-2026,0.9418,0.9575,0.925,0.9418,132800
FRVO,28-Jul-2026,23.71,23.77,20.76,21.12,3011300
FRWD,28-Jul-2026,29.43,29.74,29.08,29.7116,26300
FSBC,28-Jul-2026,47.4,48.305,45.73,47.83,249300
FSBW,28-Jul-2026,43.435,44.125,43.1126,43.65,20100
FSCS,28-Jul-2026,38.225,38.355,38.225,38.2655,2300
FSEA,28-Jul-2026,16.95,17,16.95,17,4200
FSGS,28-Jul-2026,32.19,32.5899,32.19,32.5404,400
FSLR,28-Jul-2026,202.11,203.75,195.84,202.59,2170600
FSLY,28-Jul-2026,19.99,21.075,18.93,20.8,5078500
FSTB,28-Jul-2026,20.03,20.06,20.02,20.02,6500
FSTR,28-Jul-2026,42.31,42.955,41.57,42.02,89900
FSUN,28-Jul-2026,35.29,39.535,35,39.34,1095400
FSV,28-Jul-2026,141.43,146.175,141.28,143.02,237000
FSZ,28-Jul-2026,80.691,80.691,80.691,80.691,100
FTA,28-Jul-2026,101.68,102.9436,101.68,102.6581,58800
FTAG,28-Jul-2026,29.78,29.84,29.76,29.8114,5300
FTAI,28-Jul-2026,210.08,213.32,196.51,212.47,1730300
FTAIM,28-Jul-2026,27.6,27.6,27.51,27.51,3200
FTC,28-Jul-2026,172.46,174.9987,171.955,174.6377,29600
FTCI,28-Jul-2026,3.18,3.29,2.68,2.7,322200
FTCS,28-Jul-2026,99.56,100.89,99.56,100.21,379800
FTDR,28-Jul-2026,73.03,74.53,72.192,74.28,484900
FTDS,28-Jul-2026,65.0736,65.0736,64.745,64.745,600
FTEK,28-Jul-2026,1.5,1.5,1.4,1.45,197100
FTFT,28-Jul-2026,1.09,1.09,0.95,0.9845,159800
FTGC,28-Jul-2026,28.69,28.785,28.63,28.7,489900
FTGS,28-Jul-2026,37.69,38.0287,37.512,37.9,77300
FTH,28-Jul-2026,30.12,30.47,27.895,29.13,299300
FTHAW,28-Jul-2026,0.56,0.56,0.5001,0.5001,3100
FTHI,28-Jul-2026,23.64,23.64,23.4199,23.56,750400
FTHM,28-Jul-2026,0.9006,0.9156,0.8525,0.86,80400
FTLF,28-Jul-2026,9.79,10.3,9.53,10,19700
FTNT,28-Jul-2026,152.6,153.24,146.117,149.98,6019900
FTQI,28-Jul-2026,21.65,21.65,21.342,21.55,293800
FTRE,28-Jul-2026,20.25,21.12,19.885,20.7,3238200
FTRI,28-Jul-2026,16.47,16.54,16.45,16.5018,9100
FTRK,28-Jul-2026,0.4614,0.4614,0.4,0.4289,180000
FTSL,28-Jul-2026,44.73,44.765,44.695,44.73,163200
FTSM,28-Jul-2026,59.86,59.89,59.86,59.885,784200
FTXG,28-Jul-2026,23.45,23.9501,23.45,23.6901,5400
FTXH,28-Jul-2026,39.69,39.9085,39.41,39.6851,630900
FTXL,28-Jul-2026,215.57,216.32,207.98,212.66,544700
FTXN,28-Jul-2026,36.5,36.63,35.69,35.8448,99700
FTXO,28-Jul-2026,42.54,42.85,42.45,42.8406,108200
FTXR,28-Jul-2026,45.09,45.47,44.965,45.34,39000
FUFU,28-Jul-2026,1.31,1.388,1.295,1.36,178500
FULC,28-Jul-2026,3.73,3.76,3.62,3.72,1204600
FULT,28-Jul-2026,24.54,24.77,24.44,24.68,1393900
FULTP,28-Jul-2026,18.13,18.3,18.03,18.14,22000
FUNC,28-Jul-2026,45.04,45.59,44.7401,45.59,34700
FUND,28-Jul-2026,9.88,9.96,9.85,9.9,9700
FUSB,28-Jul-2026,16.51,16.68,15.8,16.5,11400
FUSE,28-Jul-2026,0.9,0.9101,0.8516,0.855,21000
FUTG,28-Jul-2026,3.61,3.68,3.56,3.65,711800
FUTU,28-Jul-2026,101.05,102.1944,100.45,101.84,836500
FV,28-Jul-2026,69.16,70.44,69,69.59,98400
FVAV,28-Jul-2026,10.17,10.17,10.16,10.16,1300
FVC,28-Jul-2026,39.84,40.1972,39.82,40.1972,2700
FVCB,28-Jul-2026,18.23,18.83,18.19,18.78,184600
FVN,28-Jul-2026,11.44,11.93,8.9,8.9,114300
FVNNR,28-Jul-2026,0.21,0.21,0.17,0.1701,20500
FWDI,28-Jul-2026,4,4.02,3.83,4,914600
FWONA,28-Jul-2026,91.07,93.41,90.91,92.9,115800
FWONK,28-Jul-2026,98.79,101.75,98.4,101.2,1500400
FWRD,28-Jul-2026,14.5,15.11,14.43,14.78,621200
FWRG,28-Jul-2026,12.99,13.22,12.835,13,901400
FXACU,28-Jul-2026,10.045,10.0999,9.99,10.09,7400
FXHO,28-Jul-2026,11.2,11.9999,10.3,10.3,42100
FXNC,28-Jul-2026,29.83,30.6768,29.5,30.28,24200
FYC,28-Jul-2026,119.13,119.13,117,118.82,42000
FYT,28-Jul-2026,73.155,73.17,72.9886,73.0413,15900
FYX,28-Jul-2026,142.74,143.789,142.54,143.3885,40800
GABC,28-Jul-2026,49.75,51.165,49.085,51.02,355300
GAIA,28-Jul-2026,1.93,1.93,1.87,1.88,20600
GAIN,28-Jul-2026,16.28,16.46,16.2,16.46,178800
GAING,28-Jul-2026,25,25.0199,24.965,24.965,1800
GAINI,28-Jul-2026,25.3142,25.3599,25.25,25.28,7900
GAINZ,28-Jul-2026,23.9362,23.9423,23.9362,23.9423,1000
GALT,28-Jul-2026,3.38,3.455,3.22,3.39,259800
GAME,28-Jul-2026,0.36,0.37,0.3546,0.3585,314900
GANX,28-Jul-2026,1.85,1.85,1.715,1.73,325100
GARY,28-Jul-2026,25.12,25.12,24.655,24.9503,8400
GASS,28-Jul-2026,8.84,9.01,8.7,8.86,94700
GAUZ,28-Jul-2026,0.3217,0.3363,0.3101,0.3151,19300
GAVA,28-Jul-2026,15.84,16.0094,15.78,16.0094,800
GBDC,28-Jul-2026,12.93,13.04,12.91,12.96,1048000
GBFH,28-Jul-2026,31.7,31.7,30.17,30.34,45300
GBLI,28-Jul-2026,27.29,27.75,27.29,27.72,2800
GBUG,28-Jul-2026,39.06,39.3267,38.47,39.02,28800
GCBC,28-Jul-2026,33.63,34.11,33.63,33.84,20500
GCGR,28-Jul-2026,10.13,10.16,10.12,10.16,54700
GCGRW,28-Jul-2026,0.9,0.916,0.9,0.9159,5400
GCL,28-Jul-2026,0.46,0.48,0.44,0.479,134700
GCMG,28-Jul-2026,12.59,12.63,12.33,12.34,240200
GCT,28-Jul-2026,38.94,40.28,38.3,40.26,798500
GCTK,28-Jul-2026,0.3,0.315,0.285,0.3,715200
GDC,28-Jul-2026,1.79,1.8,1.588,1.61,186000
GDEV,28-Jul-2026,11.75,11.81,11.75,11.81,600
GDHG,28-Jul-2026,1.42,1.4699,1.33,1.45,12900
GDRX,28-Jul-2026,3.06,3.1488,3.05,3.12,789000
GDS,28-Jul-2026,30.35,30.68,29.12,30.62,1760100
GDTC,28-Jul-2026,0.8998,1.15,0.7103,0.9051,443700
GDYN,28-Jul-2026,6.19,6.29,6.0701,6.14,1529100
GECC,28-Jul-2026,5.08,5.23,5.07,5.08,63500
GECCH,28-Jul-2026,25.17,25.17,25.14,25.14,300
GECCI,28-Jul-2026,25.19,25.19,25.19,25.19,1100
GEG,28-Jul-2026,2.15,2.18,2.15,2.165,5000
GEGGL,28-Jul-2026,24.7108,24.83,24.7108,24.72,3800
GEHC,28-Jul-2026,61.4,64.255,61.4,64.11,7990400
GELS,28-Jul-2026,0.63,0.6449,0.57,0.587,107200
GEME,28-Jul-2026,40.1,40.485,39.7401,40.308,237300
GEMG,28-Jul-2026,8.17,8.4476,7.43,8.4476,85300
GEMI,28-Jul-2026,4.35,4.39,4.11,4.38,949300
GEN,28-Jul-2026,27.02,27.73,26.955,27.58,3808700
GENB,28-Jul-2026,13.59,13.97,12.49,13.14,1457800
GENK,28-Jul-2026,1.99,2.07,1.95,2.02,51600
GENVR,28-Jul-2026,1.59,1.7,1.53,1.53,3400
GENZ,28-Jul-2026,38.14,38.4609,38.14,38.4609,1200
GEOS,28-Jul-2026,6.96,7.06,6.675,6.83,89000
GEQ,28-Jul-2026,50.7318,50.7318,50.7318,50.7318,100
GERN,28-Jul-2026,1.48,1.53,1.41,1.45,5043300
GEVG,28-Jul-2026,22.67,23.38,21.3701,22.73,66100
GEVO,28-Jul-2026,1.55,1.55,1.455,1.49,3112700
GEW,28-Jul-2026,55.3142,55.3142,55.3142,55.3142,100
GFAI,28-Jul-2026,0.328,0.3341,0.311,0.3178,222000
GFGF,28-Jul-2026,35.5522,35.5522,35.5522,35.5522,100
GFLW,28-Jul-2026,31.68,31.77,31.17,31.6972,168800
GFS,28-Jul-2026,50.9,51.1695,48.68,49.02,4422600
GFUZ,28-Jul-2026,7.6,9,7.41,8.58,513200
GFUZW,28-Jul-2026,1.79,1.84,1.63,1.66,75000
GGAL,28-Jul-2026,49.33,49.655,47.9,49.19,953900
GGLL,28-Jul-2026,93.86,98.49,91.95,97.24,1626200
GGLS,28-Jul-2026,61.89,62.57,60.48,60.8384,63800
GGR,28-Jul-2026,3.39,3.52,3.02,3.02,27100
GGRP,28-Jul-2026,0.918,0.9391,0.8201,0.895,108800
GH,28-Jul-2026,145.41,147.69,141.33,143.62,1579700
GHRS,28-Jul-2026,27.78,27.97,26.3212,27.96,202100
GIBO,28-Jul-2026,31.49,31.49,28.01,29.68,2100
GIEQ,28-Jul-2026,41.31,41.3808,41.31,41.3808,1100
GIFT,28-Jul-2026,0.899,0.9225,0.89,0.908,21500
GIGM,28-Jul-2026,1.36,1.36,1.36,1.36,300
GIII,28-Jul-2026,36.2,37,36.17,36.81,314200
GILD,28-Jul-2026,133.11,136.26,132.63,134.32,6947100
GILT,28-Jul-2026,10.77,10.825,10.52,10.76,478000
GIND,28-Jul-2026,24.6899,24.6899,24.595,24.595,600
GINX,28-Jul-2026,36.01,36.08,35.9501,35.9781,13100
GIPR,28-Jul-2026,0.64,0.71,0.5979,0.6957,674200
GIPRW,28-Jul-2026,0.0315,0.0315,0.0315,0.0315,200
GITS,28-Jul-2026,2.11,2.19,2.0309,2.18,19500
GIW,28-Jul-2026,10.1,10.1001,10.1,10.1,239600
GIWWR,28-Jul-2026,0.2745,0.2745,0.2745,0.2745,700
GIWWU,28-Jul-2026,10.36,10.461,10.35,10.461,1400
GIX,28-Jul-2026,9.95,9.95,9.94,9.94,4800
GIXXR,28-Jul-2026,0.32,0.32,0.2855,0.31,14300
GIXXU,28-Jul-2026,10.35,10.35,10.24,10.24,1000
GKAT,28-Jul-2026,43.41,43.4651,43.4,43.4651,600
GLAD,28-Jul-2026,19.21,19.4187,19.1,19.32,126900
GLBE,28-Jul-2026,38.64,39.21,38.21,38.9,1137800
GLBS,28-Jul-2026,2.91,3.0599,2.77,2.82,37000
GLCR,28-Jul-2026,24.075,24.075,24.075,24.075,100
GLDB,28-Jul-2026,19.38,19.54,19.34,19.45,7200
GLDI,28-Jul-2026,141.31,141.31,139.77,140.3125,45400
GLE,28-Jul-2026,0.3651,0.3768,0.3534,0.3556,96400
GLGG,28-Jul-2026,4.42,4.42,3.86,4.2219,65800
GLIBA,28-Jul-2026,23.06,24.0099,23.06,23.7,61000
GLIBK,28-Jul-2026,22.83,23.57,22.623,23.28,344700
GLMD,28-Jul-2026,0.529,0.6193,0.492,0.534,3238900
GLND,28-Jul-2026,1.84,1.92,1.82,1.89,537500
GLNDW,28-Jul-2026,0.6666,0.6827,0.6201,0.669,26700
GLNG,28-Jul-2026,49.24,49.45,48.36,48.68,1983300
GLOO,28-Jul-2026,3.24,3.24,3.09,3.13,104600
GLOW,28-Jul-2026,33.9195,34.125,33.9195,34.0824,3200
GLPI,28-Jul-2026,45.68,46.63,45.545,45.85,2459800
GLRE,28-Jul-2026,17.38,17.85,17.29,17.68,229200
GLSI,28-Jul-2026,13.32,13.75,12.9,13.45,161800
GLUE,28-Jul-2026,22.56,22.64,21.11,22.04,1329700
GLWG,28-Jul-2026,9.23,9.9396,7.82,9.9,8470700
GLXG,28-Jul-2026,0.915,0.9758,0.8808,0.9729,60100
GLXY,28-Jul-2026,21.63,21.63,19.94,20.94,6969800
GMAB,28-Jul-2026,29.02,29.38,28.91,29,2212600
GMEX,28-Jul-2026,1.53,1.72,1.42,1.56,2541600
GMHS,28-Jul-2026,0.8301,0.87,0.8301,0.8502,11900
GMM,28-Jul-2026,2.7,2.85,2.4,2.47,1645400
GNLN,28-Jul-2026,1.92,1.92,1.75,1.7899,14500
GNLX,28-Jul-2026,2.93,2.955,2.85,2.92,145700
GNMA,28-Jul-2026,43.8099,43.8499,43.71,43.805,15000
GNOM,28-Jul-2026,53.82,53.97,53,53.9006,8400
GNPX,28-Jul-2026,7.65,8.27,7.6,8.03,11800
GNSS,28-Jul-2026,1.65,1.69,1.6203,1.69,77200
GNTA,28-Jul-2026,1.53,1.6,1.45,1.57,100500
GNTX,28-Jul-2026,23.13,24.1,23.12,24.05,3419500
GO,28-Jul-2026,9.47,9.705,9.09,9.12,2645000
GOAI,28-Jul-2026,1.98,2.04,1.96,1.99,54300
GOGO,28-Jul-2026,3.99,4.085,3.94,4.07,1533600
GOLI,28-Jul-2026,12.4,12.42,12.32,12.34,28600
GOOD,28-Jul-2026,13.07,13.1,12.94,12.95,436400
GOODN,28-Jul-2026,23,23.21,22.8,23,11600
GOODO,28-Jul-2026,20.46,20.52,20.45,20.5,1900
GOOG,28-Jul-2026,327.8,335.21,324.54,332.6,20986900
GOOGL,28-Jul-2026,327.9,335.88,324.44,333.71,29511900
GOOGM,28-Jul-2026,47.8,48.62,47.388,48.46,1494800
GOOGN,28-Jul-2026,47.64,48.44,47.35,48.29,1987400
GOSS,28-Jul-2026,0.2681,0.2682,0.19,0.2051,211222900
GOU,28-Jul-2026,23.62,24.8099,23.17,24.4997,60300
GOVI,28-Jul-2026,26.62,26.72,26.615,26.695,223800
GOVX,28-Jul-2026,0.64,0.74,0.6388,0.7267,242700
GP,28-Jul-2026,1.47,1.5287,1.45,1.49,102300
GPAC,28-Jul-2026,10.025,10.025,10.01,10.02,1982800
GPACU,28-Jul-2026,10.13,10.13,10.13,10.13,300
GPAT,28-Jul-2026,10.92,10.93,10.91,10.91,1900
GPCR,28-Jul-2026,48.41,48.41,46.794,47.89,507600
GPIQ,28-Jul-2026,54.57,54.805,53.9,54.53,1808800
GPIX,28-Jul-2026,54.84,55.09,54.635,54.97,1017700
GPRE,28-Jul-2026,16.57,16.75,16.22,16.46,965400
GPRF,28-Jul-2026,49.75,49.75,49.63,49.63,300
GPRO,28-Jul-2026,0.681,0.7258,0.68,0.7201,5089100
GPT,28-Jul-2026,32.26,33.145,32.26,33.13,2000
GQQQ,28-Jul-2026,33.8782,34.24,33.85,34.1778,9300
GRAB,28-Jul-2026,3.34,3.45,3.31,3.45,66801500
GRABW,28-Jul-2026,0.0199,0.023,0.0199,0.023,36000
GRAG,28-Jul-2026,5.43,5.6194,5.28,5.6194,7400
GRAL,28-Jul-2026,66.06,66.8,63.26,64.42,789900
GRAN,28-Jul-2026,1.39,1.39,1.38,1.38,1200
GRCE,28-Jul-2026,2.38,2.38,2.14,2.25,517900
GRDX,28-Jul-2026,3.11,3.11,2.82,2.99,48300
GREEL,28-Jul-2026,24.79,24.805,24.75,24.8,6100
GRFS,28-Jul-2026,7.86,8.14,7.74,8,1262900
GRI,28-Jul-2026,1.42,1.44,1.4,1.43,24200
GRID,28-Jul-2026,173.04,173.28,170.35,172.5,663700
GRIN,28-Jul-2026,30.9,31.1,30.9,31.0749,2500
GRML,28-Jul-2026,0.1831,0.199,0.1726,0.1988,3117500
GRMLW,28-Jul-2026,0.16,0.16,0.0825,0.0975,27000
GROW,28-Jul-2026,3.02,3.02,2.899,3,91100
GRPN,28-Jul-2026,27.43,28.67,26.62,28.1,1319900
GRRR,28-Jul-2026,11.94,11.94,11.23,11.65,934600
GRRRW,28-Jul-2026,0.19,0.19,0.155,0.17,30300
GRSD,28-Jul-2026,1.93,1.99,1.87,1.93,291100
GRVY,28-Jul-2026,61.4,63,61,62,21300
GRW,28-Jul-2026,31.53,31.72,31.53,31.6294,10800
GRWG,28-Jul-2026,1.5,1.505,1.43,1.47,327500
GSAT,28-Jul-2026,79.03,79.26,78.36,79.04,1064200
GSBC,28-Jul-2026,79.5,81.385,78.165,80.77,92100
GSGO,28-Jul-2026,41.59,41.9,41.16,41.7651,11300
GSHD,28-Jul-2026,63.01,69.275,62.62,68.82,998300
GSHR,28-Jul-2026,10.49,10.49,10.49,10.49,1000
GSHRW,28-Jul-2026,0.3,0.37,0.3,0.37,5200
GSIB,28-Jul-2026,65.12,65.12,62.97,63.5653,7700
GSIT,28-Jul-2026,5.71,5.71,5.32,5.5,835600
GSIW,28-Jul-2026,25.8302,25.8302,23.8,24.4,7400
GSM,28-Jul-2026,3.31,3.36,3.24,3.36,1004800
GSRFR,28-Jul-2026,1.84,1.95,1.84,1.9,900
GSRFU,28-Jul-2026,10.35,10.65,10.25,10.58,8000
GSRVR,28-Jul-2026,1.62,1.62,1.28,1.46,2300
GSUN,28-Jul-2026,0.19,0.195,0.1788,0.195,1313500
GT,28-Jul-2026,7.13,7.38,7.08,7.36,7294200
GTBP,28-Jul-2026,0.34,0.34,0.3132,0.3167,468100
GTEC,28-Jul-2026,0.5399,0.5399,0.5111,0.5282,26500
GTIM,28-Jul-2026,1.42,1.428,1.38,1.42,34600
GTLB,28-Jul-2026,33.04,34.73,32.18,32.965,4009500
GTM,28-Jul-2026,3.09,3.34,3.09,3.28,7247000
GTOP,28-Jul-2026,45.72,46.1101,44.9825,45.889,6800
GTOQ,28-Jul-2026,22.15,22.17,22.1399,22.145,5500
GTPE,28-Jul-2026,58.52,59.145,58.52,59.1125,300
GTR,28-Jul-2026,27.1,27.1,27.0448,27.0448,400
GTX,28-Jul-2026,30.75,30.88,29.14,29.92,3779700
GUAC,28-Jul-2026,9.98,9.98,9.94,9.94,251300
GUACU,28-Jul-2026,10.12,10.2,10.12,10.2,1700
GUACW,28-Jul-2026,0.67,0.67,0.52,0.65,16200
GURE,28-Jul-2026,3.41,3.42,3,3.19,3500
GUSE,28-Jul-2026,44.64,44.78,44.52,44.7788,17600
GUTS,28-Jul-2026,0.78,0.81,0.7226,0.7226,2712700
GV,28-Jul-2026,0.17,0.199,0.163,0.187,1048800
GVH,28-Jul-2026,0.93,1.005,0.92,0.9999,237700
GVHGF,28-Jul-2026,0.17,0.199,0.163,0.187,1048800
GVLE,28-Jul-2026,47.47,47.47,47.3925,47.3925,400
GWAV,28-Jul-2026,2.48,2.515,2.39,2.485,8400
GWRS,28-Jul-2026,7.41,7.68,7.375,7.47,72700
GXAI,28-Jul-2026,1.07,1.08,0.8301,0.84,1257000
GXDW,28-Jul-2026,22.56,22.56,22.5105,22.5105,400
GYRE,28-Jul-2026,6.13,6.16,5.91,5.99,31800
GYRO,28-Jul-2026,5.5,5.68,5.5,5.63,2200
HAFC,28-Jul-2026,31.95,32.17,31.56,31.82,263300
HAIN,28-Jul-2026,0.5126,0.5239,0.4962,0.4962,650300
HALO,28-Jul-2026,82.7,84.44,82.36,83.445,2623600
HAO,28-Jul-2026,0.1669,0.1669,0.1502,0.1621,1544300
HAPN,28-Jul-2026,19.55,19.55,18.23,18.95,3474900
HAS,28-Jul-2026,92,96.44,91.4,96.34,4063100
HAVA,28-Jul-2026,10.15,10.15,10.15,10.15,96400
HAVAU,28-Jul-2026,10.26,10.26,10.26,10.26,400
HBAN,28-Jul-2026,17.19,17.355,17.08,17.3,23349700
HBANL,28-Jul-2026,25.01,25.07,24.9901,25.02,17100
HBANM,28-Jul-2026,20.85,20.9499,20.82,20.895,15100
HBANP,28-Jul-2026,16.17,16.26,16.1501,16.18,52800
HBANZ,28-Jul-2026,19.9,19.9599,19.85,19.85,5800
HBCP,28-Jul-2026,70.28,72.03,70.28,71.6,71500
HBDC,28-Jul-2026,24.75,24.77,24.75,24.77,700
HBIO,28-Jul-2026,5.95,6.239,5.92,5.92,8900
HBNB,28-Jul-2026,5.8,5.8,5.71,5.75,2300
HBNC,28-Jul-2026,20.4,20.87,20.025,20.71,731300
HBR,28-Jul-2026,9.22,9.36,9.11,9.3034,17600
HBT,28-Jul-2026,35.4,36.45,34.8,36.16,157900
HCAC,28-Jul-2026,10.065,10.065,10.06,10.065,10600
HCACR,28-Jul-2026,0.26,0.26,0.24,0.24,1100
HCACU,28-Jul-2026,10.3,10.3,10.3,10.3,9800
HCAI,28-Jul-2026,5.1,5.16,4.69,4.85,14900
HCAT,28-Jul-2026,2.1,2.18,2.08,2.14,298500
HCIC,28-Jul-2026,9.97,9.97,9.97,9.97,600
HCICR,28-Jul-2026,0.1655,0.1655,0.161,0.161,700
HCKT,28-Jul-2026,10.25,10.82,10.18,10.57,263800
HCM,28-Jul-2026,11.04,11.24,11.04,11.2,27700
HCMA,28-Jul-2026,10.27,10.3,10.27,10.3,19100
HCOW,28-Jul-2026,24.76,25.53,24.76,25.4719,4000
HCSG,28-Jul-2026,23.22,23.99,22.76,23.75,1047900
HCTI,28-Jul-2026,1.71,1.71,1.58,1.63,63500
HCWB,28-Jul-2026,2.64,2.8173,2.56,2.585,41100
HDL,28-Jul-2026,13.12,13.12,13.12,13.12,200
HDRN,28-Jul-2026,1.66,1.67,1.54,1.62,63100
HDRNW,28-Jul-2026,0.1425,0.1799,0.13,0.1799,7900
HDSN,28-Jul-2026,6.26,6.32,6.09,6.16,334800
HEAL,28-Jul-2026,26.75,27.175,26.69,27.175,5800
HECO,28-Jul-2026,61.42,62.3169,61.42,62.3169,800
HELE,28-Jul-2026,28.8,29.65,28.61,28.85,363400
HELP,28-Jul-2026,7.55,7.66,7.34,7.6,861100
HEPS,28-Jul-2026,2.85,2.975,2.85,2.96,93800
HEQQ,28-Jul-2026,59.0347,59.0347,59.0347,59.0347,100
HERD,28-Jul-2026,50.48,50.48,49.73,50.0649,6300
HERE,28-Jul-2026,1.85,1.92,1.85,1.88,10900
HERO,28-Jul-2026,25.46,26,25.46,25.8316,59600
HERZ,28-Jul-2026,16.2129,16.25,15.7912,15.7912,4400
HFBL,28-Jul-2026,22.99,22.99,22.99,22.99,300
HFFG,28-Jul-2026,1.54,1.66,1.54,1.57,208300
HFSP,28-Jul-2026,13.59,13.59,13.59,13.59,100
HFWA,28-Jul-2026,30.02,30.845,29.63,29.89,390000
HGBL,28-Jul-2026,1.2,1.22,1.19,1.22,107200
HHS,28-Jul-2026,2.36,2.42,2.2,2.2,9000
HIDE,28-Jul-2026,24.5201,24.54,24.47,24.4825,11000
HIFS,28-Jul-2026,278.88,289.5099,278.71,288.37,29800
HIHO,28-Jul-2026,1.1,1.11,0.98,1.09,189600
HIMX,28-Jul-2026,12.06,12.2,11.55,11.98,1900800
HIMZ,28-Jul-2026,33.2,33.665,28.41,32.25,318100
HIND,28-Jul-2026,2.03,2.03,1.98,1.99,10100
HIS,28-Jul-2026,24.9756,25.26,24.97,25.1726,11900
HISF,28-Jul-2026,43.9199,43.9199,43.8897,43.8897,1300
HIT,28-Jul-2026,1.06,1.08,1.05,1.07,13700
HITI,28-Jul-2026,2.15,2.15,2.035,2.06,630900
HIVE,28-Jul-2026,2.85,2.88,2.71,2.84,15411400
HKIT,28-Jul-2026,3.42,3.51,3.12,3.12,45800
HKPD,28-Jul-2026,0.388,0.4093,0.37,0.38,387200
HLAL,28-Jul-2026,69.01,69.475,68.6,69.2363,48900
HLIT,28-Jul-2026,11.05,11.09,10.54,11.06,1456700
HLMN,28-Jul-2026,8.14,8.291,8.095,8.17,1162900
HLNE,28-Jul-2026,87.71,90.79,87.7,89.52,889800
HLP,28-Jul-2026,1.17,1.32,1.17,1.28,176400
HLTH,28-Jul-2026,25,25.256,25,25.256,1800
HLXC,28-Jul-2026,10.51,10.51,10.51,10.51,200
HMH,28-Jul-2026,19.74,20.37,18.605,19,154600
HMR,28-Jul-2026,1.2,1.212,1.12,1.12,67600
HMYY,28-Jul-2026,6.34,6.34,6.21,6.245,1100
HNDL,28-Jul-2026,22.61,22.61,22.52,22.56,35600
HNNA,28-Jul-2026,9.77,9.9699,9.77,9.9699,2400
HNRG,28-Jul-2026,14.98,14.98,14.42,14.61,635900
HNST,28-Jul-2026,3.84,3.92,3.81,3.82,968000
HNVR,28-Jul-2026,25.44,27,25.44,26.88,106000
HODO,28-Jul-2026,0.92,0.97,0.8501,0.9471,325800
HODU,28-Jul-2026,10.04,10.31,9.1,10.1013,82500
HOFT,28-Jul-2026,14.02,14.02,13.47,13.98,43800
HOLO,28-Jul-2026,1.65,1.65,1.565,1.62,146200
HOLOW,28-Jul-2026,0.0816,0.0816,0.08,0.08,1400
HON,28-Jul-2026,249.8,252,246.09,247.05,2946700
HONA,28-Jul-2026,208.85,219.2,208.85,215.9,2216200
HOOD,28-Jul-2026,92.67,93.87,88.21,92.76,21666100
HOOG,28-Jul-2026,24.48,24.9931,22,24.5,381400
HOOX,28-Jul-2026,27.73,28.2,24.96,27.73,38300
HOPE,28-Jul-2026,13.85,14.21,13.755,14.12,1095800
HOUR,28-Jul-2026,1.81,1.84,1.79,1.81,8100
HOVNP,28-Jul-2026,20.41,20.41,20.1609,20.22,3200
HOVR,28-Jul-2026,1.78,1.8,1.66,1.75,822600
HOVRW,28-Jul-2026,0.3723,0.385,0.34,0.355,13900
HOWL,28-Jul-2026,0.4464,0.46,0.43,0.4493,302900
HOYY,28-Jul-2026,5.22,5.22,5.14,5.17,12400
HPAI,28-Jul-2026,0.45,0.4656,0.4313,0.4411,48800
HPK,28-Jul-2026,6.69,6.825,6.36,6.425,397500
HQ,28-Jul-2026,12.01,12.99,11.33,11.69,237600
HQGO,28-Jul-2026,64.8933,64.8933,64.8933,64.8933,100
HQI,28-Jul-2026,13.83,14.23,13.08,13.815,29200
HQWWW,28-Jul-2026,3.95,4.3,3.4,3.4,16400
HQY,28-Jul-2026,100,101.97,99.85,101.24,747400
HRMY,28-Jul-2026,36.54,37.08,35.4,35.77,886100
HROW,28-Jul-2026,37.46,39.38,36.25,39.32,569600
HRTS,28-Jul-2026,37.515,37.68,37.25,37.391,62600
HRTX,28-Jul-2026,0.4603,0.4964,0.45,0.4859,1683100
HRZN,28-Jul-2026,4.3,4.34,4.225,4.32,460100
HSAI,28-Jul-2026,15.45,16.23,15.4331,15.9,1814600
HSCS,28-Jul-2026,2.45,2.5375,2.25,2.26,82900
HSCSW,28-Jul-2026,0.0501,0.0502,0.0385,0.0385,19300
HSDT,28-Jul-2026,1.67,1.71,1.61,1.69,128000
HSIC,28-Jul-2026,85.6,86.17,84.04,85.71,1411700
HST,28-Jul-2026,24.98,25.49,24.465,25.47,12267100
HSTM,28-Jul-2026,28.3,28.87,28.16,28.85,173800
HTCO,28-Jul-2026,3.4,3.54,3.164,3.53,106500
HTCR,28-Jul-2026,2.11,2.34,2.1,2.27,28200
HTFL,28-Jul-2026,25.25,26.16,24.65,25.59,1489300
HTHT,28-Jul-2026,42.25,43.25,41.64,42.85,1373400
HTLD,28-Jul-2026,13.69,13.8,13.35,13.37,577700
HTLM,28-Jul-2026,1.87,1.87,1.8,1.8,3900
HTO,28-Jul-2026,63.33,67.09,63.33,64.25,834700
HTOO,28-Jul-2026,2.6,2.69,2.59,2.683,10400
HTZ,28-Jul-2026,1.89,2.03,1.76,1.765,19553300
HTZWW,28-Jul-2026,0.92,0.94,0.818,0.8189,19800
HUBC,28-Jul-2026,1,1.09,0.95,1.07,291000
HUBCW,28-Jul-2026,0.0122,0.0133,0.0101,0.0101,69600
HUBG,28-Jul-2026,47.63,48.45,47.53,47.72,777600
HUDI,28-Jul-2026,0.7742,0.786,0.7538,0.7538,10500
HUHU,28-Jul-2026,5.1,5.61,4.99,5.61,12500
HUIZ,28-Jul-2026,1.21,1.24,1.21,1.24,5900
HUMA,28-Jul-2026,0.6694,0.6796,0.63,0.6307,2238900
HUMAW,28-Jul-2026,0.0092,0.0092,0.008,0.009,63800
HURA,28-Jul-2026,2.21,2.24,2.07,2.13,213800
HURC,28-Jul-2026,20.4,21.12,20.39,20.78,18600
HURN,28-Jul-2026,119.82,125.68,119.82,121.37,284700
HUT,28-Jul-2026,100.69,103.04,91.6,101.14,4656500
HUTG,28-Jul-2026,21.56,22.26,17.46,21.4231,64400
HVII,28-Jul-2026,10.48,10.49,10.48,10.48,21300
HVIIR,28-Jul-2026,0.3394,0.35,0.3394,0.34,28400
HVMC,28-Jul-2026,10.19,10.2,10.19,10.19,1355900
HWAY,28-Jul-2026,37.74,38.0512,37.74,38.0512,200
HWBK,28-Jul-2026,38.5,39.31,38.25,38.9,16800
HWC,28-Jul-2026,75.63,77.12,75.2,76.94,820500
HWCPZ,28-Jul-2026,22.05,22.24,22.01,22.24,6000
HWH,28-Jul-2026,1.46,1.47,1.3401,1.375,22600
HWIV,28-Jul-2026,25.38,25.67,25.38,25.6248,13500
HWKN,28-Jul-2026,142.04,144.46,141.37,143.02,129600
HWO,28-Jul-2026,25.57,25.62,25.57,25.62,100
HWSM,28-Jul-2026,31.9968,31.9968,31.9968,31.9968,100
HXHX,28-Jul-2026,0.4578,0.4578,0.4202,0.4212,12600
HYBI,28-Jul-2026,48.79,48.845,48.78,48.8356,31900
HYDR,28-Jul-2026,39.1,39.1,37.56,38.037,191400
HYFM,28-Jul-2026,0.66,0.68,0.66,0.6652,6900
HYFT,28-Jul-2026,1.45,1.45,1.34,1.36,154600
HYLS,28-Jul-2026,40.45,40.5,40.24,40.46,140800
HYMC,28-Jul-2026,19.96,20.17,18.85,20.12,1660500
HYNE,28-Jul-2026,16.69,16.69,16.36,16.66,2400
HYP,28-Jul-2026,24.54,24.54,23.3,24.0971,32100
HYPD,28-Jul-2026,2.52,2.555,2.34,2.42,240300
HYPG,28-Jul-2026,19.12,19.7,19.05,19.59,56900
HYPR,28-Jul-2026,0.97,0.9775,0.9129,0.9156,657400
HYXF,28-Jul-2026,46.27,46.42,46.25,46.37,15700
HYZD,28-Jul-2026,22.5,22.51,22.46,22.485,40300
IACO,28-Jul-2026,9.93,9.93,9.93,9.93,16400
IACQ,28-Jul-2026,9.96,9.97,9.96,9.97,1100
IACQU,28-Jul-2026,10.15,10.195,10.15,10.195,2600
IALT,28-Jul-2026,28.76,28.9818,28.45,28.66,1721100
IART,28-Jul-2026,19.53,20.49,19.42,19.76,1166300
IBAC,28-Jul-2026,10.78,10.79,10.78,10.79,3100
IBAT,28-Jul-2026,36.8,36.8,36.26,36.4296,29200
IBB,28-Jul-2026,190.03,190.93,188.8231,190.52,1060700
IBBQ,28-Jul-2026,32.7,32.76,32.46,32.7565,19900
IBCP,28-Jul-2026,37.86,38.8,37.84,38.67,171900
IBEX,28-Jul-2026,34.95,36.67,34.95,35.87,73800
IBG,28-Jul-2026,0.915,0.915,0.88,0.89,4000
IBGA,28-Jul-2026,23.85,23.91,23.847,23.9087,27200
IBGB,28-Jul-2026,23.8539,23.8539,23.8539,23.8539,100
IBGC,28-Jul-2026,24.46,24.46,24.46,24.46,100
IBGK,28-Jul-2026,22.7951,22.7951,22.7951,22.7951,100
IBGL,28-Jul-2026,23.4362,23.4362,23.4362,23.4362,100
IBGM,28-Jul-2026,24.275,24.37,24.275,24.36,4300
IBIO,28-Jul-2026,1.45,1.45,1.33,1.39,1013400
IBIT,28-Jul-2026,35.81,36.27,35.47,36.14,29147000
IBKR,28-Jul-2026,90.04,91.2132,88.33,90.91,4931300
IBOC,28-Jul-2026,77,78.02,77,77.68,201800
IBOT,28-Jul-2026,62.41,63.12,62.002,62.8325,29100
IBRX,28-Jul-2026,6.93,6.99,6.65,6.97,11882100
IBTG,28-Jul-2026,22.88,22.89,22.88,22.885,307300
IBTH,28-Jul-2026,22.35,22.36,22.34,22.355,385900
IBTI,28-Jul-2026,22.08,22.09,22.0721,22.085,585400
IBTJ,28-Jul-2026,21.54,21.57,21.54,21.56,945900
IBTK,28-Jul-2026,19.4,19.44,19.4,19.425,201400
IBTL,28-Jul-2026,20.01,20.06,20.01,20.03,431100
IBTM,28-Jul-2026,22.48,22.5399,22.48,22.51,62200
IBTO,28-Jul-2026,23.86,23.93,23.86,23.905,400200
IBTP,28-Jul-2026,25.09,25.15,25.085,25.125,71900
IBTQ,28-Jul-2026,24.74,24.8201,24.74,24.795,91600
IBTR,28-Jul-2026,24.575,24.615,24.575,24.595,12100
ICCC,28-Jul-2026,11.25,11.35,11.175,11.24,8600
ICCM,28-Jul-2026,2.93,2.945,2.71,2.79,45000
ICFI,28-Jul-2026,81.74,84.79,81.485,83.14,229800
ICG,28-Jul-2026,0.81,0.8198,0.76,0.7757,236600
ICHR,28-Jul-2026,72.47,73.36,65.54,68.1,1478400
ICLN,28-Jul-2026,17.47,17.5,17.055,17.2,7528500
ICLR,28-Jul-2026,177.58,186.6358,177.165,180.24,1790400
ICMB,28-Jul-2026,0.76,0.7844,0.76,0.7602,20300
ICON,28-Jul-2026,1.1,1.1,1,1.02,31900
ICOP,28-Jul-2026,48.6,49.22,47.92,48.865,85400
ICU,28-Jul-2026,3.51,3.53,3.4,3.44,39800
ICUI,28-Jul-2026,162.89,167.99,162.89,165.775,240200
IDACU,28-Jul-2026,10.18,10.18,10.18,10.18,4600
IDACW,28-Jul-2026,0.37,0.37,0.34,0.34,4200
IDAI,28-Jul-2026,1.99,2.1699,1.94,2.12,22500
IDCC,28-Jul-2026,258.51,262.43,253.8,260.2,165200
IDEF,28-Jul-2026,32.4,32.52,32.09,32.43,433700
IDN,28-Jul-2026,3.68,3.7254,3.62,3.64,106600
IDVY,28-Jul-2026,25.9606,25.9606,25.9606,25.9606,100
IDXX,28-Jul-2026,564.94,578.5498,564.94,569.54,446300
IDYA,28-Jul-2026,36.77,36.98,35.55,36.16,655200
IEAG,28-Jul-2026,10.22,10.22,10.22,10.22,100000
IEAGR,28-Jul-2026,0.18,0.18,0.18,0.18,8900
IEAGU,28-Jul-2026,10.32,10.32,10.32,10.32,500
IEF,28-Jul-2026,93.37,93.66,93.37,93.56,3322800
IEI,28-Jul-2026,116.59,116.7999,116.585,116.68,988700
IEP,28-Jul-2026,7.74,7.845,7.72,7.83,603900
IESC,28-Jul-2026,586.99,587,534.47,543.49,192300
IEUS,28-Jul-2026,70.905,70.9488,70.905,70.9488,1700
IFBD,28-Jul-2026,1.09,1.1301,1.09,1.11,4500
IFGL,28-Jul-2026,22.97,23.14,22.95,23.075,17300
IFLO,28-Jul-2026,34.08,34.395,34.08,34.3088,21000
IFRX,28-Jul-2026,1.73,1.75,1.625,1.69,1201200
IFV,28-Jul-2026,24.76,25,24.5801,24.82,38300
IGAC,28-Jul-2026,10.03,10.04,10.03,10.03,874300
IGF,28-Jul-2026,66.8,67.28,66.765,66.79,605700
IGIB,28-Jul-2026,52.37,52.505,52.365,52.445,2136100
IGIC,28-Jul-2026,29,29.585,28.72,28.93,100000
IGOV,28-Jul-2026,40.51,40.74,40.51,40.6614,102800
IGSB,28-Jul-2026,52.11,52.17,52.1,52.13,2098800
IHRT,28-Jul-2026,3.6,3.6,3.39,3.55,885600
III,28-Jul-2026,4.02,4.2,4.02,4.15,185500
IIIV,28-Jul-2026,20.91,21.79,20.795,21.46,303100
IJT,28-Jul-2026,172.32,173.22,171.11,173.105,67200
IKT,28-Jul-2026,2.35,2.39,2.27,2.31,472100
ILIT,28-Jul-2026,13.43,13.43,13.24,13.385,8500
ILLR,28-Jul-2026,1.23,1.34,1.04,1.07,331300
ILLRW,28-Jul-2026,0.0423,0.0575,0.0356,0.0575,7100
ILMN,28-Jul-2026,190.66,194.99,187.67,192.98,2112800
ILPT,28-Jul-2026,9.11,9.175,8.965,9.05,225600
IMA,28-Jul-2026,5.63,5.76,5.6,5.76,3600
IMCC,28-Jul-2026,0.1042,0.109,0.1,0.1088,551700
IMCR,28-Jul-2026,33.77,34.155,33.13,33.51,207200
IMCV,28-Jul-2026,95.78,96.91,95.78,96.6728,16700
IMDX,28-Jul-2026,4.69,4.78,4.5,4.61,128400
IMKTA,28-Jul-2026,89.38,91.2,89.11,89.97,153100
IMMP,28-Jul-2026,0.38,0.4001,0.3707,0.3867,111900
IMMR,28-Jul-2026,7.72,8.05,7.57,7.66,1565000
IMMX,28-Jul-2026,8.63,8.841,8.1,8.44,1686300
IMNM,28-Jul-2026,22.65,23.72,22.32,23.22,861600
IMNN,28-Jul-2026,1.52,1.5756,1.47,1.53,31700
IMOM,28-Jul-2026,39.48,39.48,39.1601,39.3276,12600
IMOS,28-Jul-2026,50.1,51.01,48.4,49.64,163300
IMPP,28-Jul-2026,4.84,4.868,4.675,4.69,184700
IMPPP,28-Jul-2026,25.79,25.924,25.79,25.924,900
IMRN,28-Jul-2026,1.09,1.11,1.0639,1.095,6800
IMRX,28-Jul-2026,4.36,4.36,4.08,4.24,712500
IMSR,28-Jul-2026,4.9,5.16,4.8,5.01,1856900
IMSRW,28-Jul-2026,2.01,2.09,1.93,1.93,7000
IMTE,28-Jul-2026,0.431,0.4711,0.43,0.4498,18000
IMTX,28-Jul-2026,8.56,8.75,8.17,8.735,535000
IMUX,28-Jul-2026,13.73,13.7949,12.7267,13.34,103500
IMVT,28-Jul-2026,40.09,40.28,38.58,38.9,897600
IMXI,28-Jul-2026,12.92,13.5,12.79,13.21,294300
INAB,28-Jul-2026,1.1792,1.1792,1.1,1.11,81700
INAC,28-Jul-2026,10.29,10.3,10.29,10.29,6200
INACR,28-Jul-2026,0.1206,0.1218,0.12,0.12,2800
INBK,28-Jul-2026,26.43,27.22,26.31,27.04,23600
INBKZ,28-Jul-2026,25.14,25.16,25.14,25.16,2400
INBS,28-Jul-2026,1.7,1.78,1.52,1.594,55300
INBX,28-Jul-2026,82.36,84.1,78.065,79.68,185900
INCR,28-Jul-2026,0.9275,0.94,0.898,0.9195,18900
INCY,28-Jul-2026,119,132.6,118.645,129.93,5921500
IND,28-Jul-2026,22.765,22.765,22.765,22.765,100
INDB,28-Jul-2026,85.3,86.88,85.21,86.14,340600
INDH,28-Jul-2026,39.4996,39.4996,39.4996,39.4996,100
INDI,28-Jul-2026,3.29,3.32,3.06,3.21,5578600
INDP,28-Jul-2026,2.01,2.04,1.635,1.73,160000
INDQ,28-Jul-2026,25.94,26.0459,25.94,26.0459,100
INDV,28-Jul-2026,40.1,41.28,39.904,40.99,1778400
INDY,28-Jul-2026,43.15,43.64,43.15,43.57,51400
INEO,28-Jul-2026,0.66,0.6799,0.618,0.6399,78400
INGN,28-Jul-2026,6.33,6.5477,6.33,6.42,134800
INIO,28-Jul-2026,25.44,27.21,22.6,26.22,7272500
INKT,28-Jul-2026,10.82,10.82,10.3573,10.54,6800
INLF,28-Jul-2026,4.731,8.18,4.14,5.3,33019700
INM,28-Jul-2026,1.62,1.725,1.61,1.67,140400
INMB,28-Jul-2026,1.74,1.771,1.66,1.71,130800
INMD,28-Jul-2026,15.27,15.6,15.27,15.47,586100
INNV,28-Jul-2026,11.62,11.92,11.35,11.81,295500
INO,28-Jul-2026,0.98,1.03,0.9502,1.03,1031400
INOD,28-Jul-2026,57.93,59.45,55.42,57.56,797100
INRO,28-Jul-2026,35.35,35.49,35.35,35.4479,800
INSE,28-Jul-2026,7.13,7.28,6.9,7.04,194900
INSG,28-Jul-2026,6.89,6.89,6.51,6.82,338100
INSM,28-Jul-2026,104.73,105.76,103.18,104.13,1945700
INTA,28-Jul-2026,30.02,31.37,29.805,30.6,795800
INTC,28-Jul-2026,86.62,88.2799,83.1,86.3,154346600
INTG,28-Jul-2026,31.78,31.78,27.865,28.91,20900
INTJ,28-Jul-2026,3.61,4.19,3.5,3.525,8900
INTR,28-Jul-2026,5.57,5.665,5.5,5.59,2150100
INTS,28-Jul-2026,4.51,4.55,4.31,4.55,30000
INTU,28-Jul-2026,305.73,319.99,305.73,312.99,5767000
INTW,28-Jul-2026,18.18,18.9,16.6,18.02,6545700
INTZ,28-Jul-2026,0.7368,0.78,0.72,0.777,270300
INV,28-Jul-2026,2.95,2.98,2.77,2.96,1411900
INVA,28-Jul-2026,21.5,21.95,21.5,21.81,605700
INVE,28-Jul-2026,2.69,2.74,2.63,2.67,144300
INVZ,28-Jul-2026,0.4695,0.4695,0.41,0.4493,19727900
IOND,28-Jul-2026,50,62.9,50,62.9,1577000
IONL,28-Jul-2026,10.53,10.61,9.17,10.31,1114600
IONR,28-Jul-2026,3.18,3.21,3.11,3.16,42100
IONS,28-Jul-2026,56.56,56.56,54,55.3,2805200
IONX,28-Jul-2026,19.5,19.7576,17.01,19.13,1668400
IONZ,28-Jul-2026,5.17,5.66,4.93,4.99,2862300
IOSP,28-Jul-2026,86.38,87.685,85.66,85.9,133800
IOTR,28-Jul-2026,3.08,3.1,3.0001,3.05,150300
IOVA,28-Jul-2026,4.98,4.98,4.64,4.7,13441600
IOYY,28-Jul-2026,6.72,6.795,6.68,6.765,16400
IPAR,28-Jul-2026,127.2,129.29,126,127.67,270400
IPCX,28-Jul-2026,10.46,10.46,8.75,8.93,75400
IPCXR,28-Jul-2026,0.43,0.44,0.39,0.3947,89800
IPDN,28-Jul-2026,0.36,0.3999,0.3505,0.3505,24800
IPEX,28-Jul-2026,10.54,10.54,10.53,10.54,14500
IPEXR,28-Jul-2026,0.63,0.63,0.63,0.63,17800
IPFX,28-Jul-2026,10.13,10.15,10.12,10.145,771400
IPFXW,28-Jul-2026,1.86,1.86,1.36,1.51,9300
IPGP,28-Jul-2026,86.84,87.2,81.24,84.02,417100
IPHA,28-Jul-2026,1.78,1.9099,1.6804,1.6804,5100
IPKW,28-Jul-2026,59.08,59.4899,59.02,59.33,94600
IPM,28-Jul-2026,1.79,1.8,1.77,1.8,4400
IPSC,28-Jul-2026,2.09,2.0972,1.97,2.05,857800
IPST,28-Jul-2026,2.35,2.4246,2.31,2.37,7700
IPVV,28-Jul-2026,9.8,9.8,9.77,9.8,5200
IPVVU,28-Jul-2026,9.92,9.92,9.92,9.92,17900
IPW,28-Jul-2026,0.6,0.65,0.581,0.63,280000
IPWR,28-Jul-2026,3.84,3.84,3.5606,3.76,126200
IPX,28-Jul-2026,22.87,22.87,21.69,22.19,166400
IQ,28-Jul-2026,1.21,1.27,1.21,1.25,6232900
IQMX,28-Jul-2026,10.65,10.88,10.28,10.72,225200
IQMXW,28-Jul-2026,2.82,3.26,2.53,2.71,27000
IQQ,28-Jul-2026,22.88,22.975,22.5953,22.86,1396900
IQQQ,28-Jul-2026,46.25,46.615,45.7001,46.264,42700
IQST,28-Jul-2026,0.9915,1.01,0.96,1,317900
IRD,28-Jul-2026,3.29,3.495,3.23,3.41,669900
IRDM,28-Jul-2026,45.71,45.79,44.21,45.44,2471300
IREG,28-Jul-2026,6.85,6.9,5.871,6.43,748800
IREN,28-Jul-2026,35.01,35.09,32.54,33.93,47608800
IRHO,28-Jul-2026,10.01,10.01,10.01,10.01,53500
IRIX,28-Jul-2026,0.8889,0.8889,0.8702,0.8811,9200
IRMD,28-Jul-2026,96.08,96.77,93.55,94.83,113700
IRON,28-Jul-2026,74.5,76.4,71.62,74.65,448100
IRTC,28-Jul-2026,113.83,118.33,113.83,117.37,492600
IRWD,28-Jul-2026,3.9,3.97,3.76,3.8,1821200
ISBA,28-Jul-2026,39.46,40.41,39.32,39.98,64300
ISHG,28-Jul-2026,74,74.26,73.95,74.1668,37700
ISHP,28-Jul-2026,35.8376,35.8376,35.8376,35.8376,100
ISPC,28-Jul-2026,2.03,2.03,1.805,1.89,65400
ISPR,28-Jul-2026,1.62,1.6561,1.5456,1.6,21400
ISRG,28-Jul-2026,365.5,374.7,360.48,361.8,4088100
ISSC,28-Jul-2026,19.19,19.25,18.61,19.16,528200
ISTB,28-Jul-2026,48.01,48.06,48,48.035,646800
ISTM,28-Jul-2026,28.76,28.9319,28.72,28.83,4900
ISTR,28-Jul-2026,30.19,30.745,30.12,30.14,242700
ISUL,28-Jul-2026,13.76,14.299,13.3,13.36,72100
ITG,28-Jul-2026,13.07,13.3699,11.72,12.17,658800
ITHA,28-Jul-2026,9.98,9.98,9.98,9.98,100
ITIC,28-Jul-2026,291.55,291.55,289.75,290.71,15000
ITOC,28-Jul-2026,0.2443,0.29,0.2443,0.259,82800
ITRI,28-Jul-2026,91.75,108.2,91.2,107.02,6632200
ITRN,28-Jul-2026,54.97,55.33,54.07,54.73,207500
IUS,28-Jul-2026,67.63,68.13,67.63,68.0938,111800
IUSB,28-Jul-2026,45.58,45.6999,45.58,45.65,2685200
IUSG,28-Jul-2026,180.41,181.3,178.53,180.65,381300
IUSV,28-Jul-2026,113.07,113.855,113.07,113.56,462400
IVA,28-Jul-2026,4.58,4.6599,4.52,4.64,928200
IVAL,28-Jul-2026,35.63,35.9,35.63,35.8296,11600
IVDA,28-Jul-2026,0.2322,0.2351,0.211,0.2244,491400
IVDAW,28-Jul-2026,0.02,0.02,0.02,0.02,400
IVF,28-Jul-2026,1.03,1.03,0.91,0.9799,88400
IVSI,28-Jul-2026,29.259,29.34,29.2044,29.2044,800
IVSS,28-Jul-2026,30.48,30.7067,30.48,30.7067,2400
IVSX,28-Jul-2026,25,25,24.94,24.94,600
IVVD,28-Jul-2026,0.6084,0.62,0.58,0.5933,2727600
IXHL,28-Jul-2026,3,3.02,2.85,2.96,66300
IXUS,28-Jul-2026,92.5,93.36,92.25,93.03,1271100
IZEA,28-Jul-2026,3.33,3.4734,3.33,3.45,26100
IZM,28-Jul-2026,0.259,0.2797,0.2382,0.25,72000
JABRU,28-Jul-2026,10.09,10.09,10.08,10.08,16500
JACK,28-Jul-2026,15.775,16.4662,15.775,16.16,722000
JAGX,28-Jul-2026,0.97,1.03,0.9516,0.9644,77100
JAKK,28-Jul-2026,25.96,26.75,25.55,26.63,146800
JANX,28-Jul-2026,15.64,15.71,14.57,15,684700
JAPN,28-Jul-2026,24.56,24.66,24.36,24.4,6400
JAZZ,28-Jul-2026,259.73,261.295,255.79,256.92,945200
JBDI,28-Jul-2026,1.15,1.24,1.035,1.08,9400
JBHT,28-Jul-2026,281.13,281.98,276.37,277.62,1176000
JBIO,28-Jul-2026,19.91,20.765,18.54,19.7,775700
JBLU,28-Jul-2026,5.625,6.2,5.275,6,86642600
JBSS,28-Jul-2026,85.02,87.16,84.27,84.62,113700
JCAP,28-Jul-2026,20.5,20.97,20.22,20.53,400600
JCSE,28-Jul-2026,1.47,1.47,1.3,1.345,5800
JCTC,28-Jul-2026,2.5,2.5499,2.5,2.51,4300
JD,28-Jul-2026,31.62,32.19,31.57,31.79,12839800
JDOC,28-Jul-2026,62.2434,62.2434,62.2434,62.2434,100
JEM,28-Jul-2026,5.17,6.6132,5.16,5.9,420900
JEMA,28-Jul-2026,57.59,58.16,57.315,57.825,35000
JEPQ,28-Jul-2026,57.32,57.4755,56.565,57.2,9014600
JF,28-Jul-2026,0.8296,0.895,0.8296,0.86,6000
JFB,28-Jul-2026,3.68,3.7034,3.29,3.45,269400
JFIN,28-Jul-2026,2.13,2.21,2.13,2.19,14100
JFU,28-Jul-2026,2.35,2.35,2.35,2,0
JG,28-Jul-2026,4.83,5.7002,4.83,5.18,14200
JGLO,28-Jul-2026,70.62,71.09,70.545,70.93,1033700
JHAI,28-Jul-2026,30.31,31.205,30.26,31.059,3200
JIVE,28-Jul-2026,93.45,94.23,93.2,94.0065,319300
JJSF,28-Jul-2026,78.7,81.695,78.7,79.52,205400
JKHY,28-Jul-2026,155.04,158.95,154.855,157.43,896100
JL,28-Jul-2026,6.09,6.25,5.48,5.95,43900
JLHL,28-Jul-2026,6.09,6.1767,5.7,5.92,114600
JMID,28-Jul-2026,30.3,30.3949,29.95,30.3949,3800
JMSB,28-Jul-2026,23.41,23.79,23.38,23.58,41800
JONEU,28-Jul-2026,9.93,9.94,9.93,9.9375,70700
JOUT,28-Jul-2026,47.93,48.3,46.981,47.7,27200
JOYT,28-Jul-2026,57.4,57.56,57.4,57.4941,19500
JOYY,28-Jul-2026,75.17,76.68,74.465,74.83,359600
JPEF,28-Jul-2026,79.08,79.3283,78.605,79.07,77100
JPFP,28-Jul-2026,48.605,48.605,48.605,48.605,315100
JPY,28-Jul-2026,36.52,36.8062,36.5,36.68,900
JRSH,28-Jul-2026,4.58,4.61,4.4,4.53,86700
JRVR,28-Jul-2026,4.76,4.84,4.75,4.795,190700
JSM,28-Jul-2026,17.43,17.67,17.42,17.57,12800
JSMD,28-Jul-2026,94.15,94.15,91.84,93.23,92100
JSML,28-Jul-2026,87.55,87.89,86.43,87.6701,27700
JSPR,28-Jul-2026,0.67,0.67,0.6,0.633,530900
JSPRW,28-Jul-2026,0.0092,0.0121,0.0092,0.0121,3400
JTAI,28-Jul-2026,1.84,1.84,1.75,1.78,205500
JTEK,28-Jul-2026,92.37,92.69,89.85,92.2715,473600
JUNS,28-Jul-2026,0.11,0.111,0.0991,0.1097,2328000
JVA,28-Jul-2026,3.4,3.45,3.38,3.4,34200
JWEL,28-Jul-2026,1.86,1.86,1.86,1.86,400
JYD,28-Jul-2026,0.9143,1.03,0.9143,1.02,400800
JYNT,28-Jul-2026,8.54,8.73,8.3,8.63,54900
JZ,28-Jul-2026,2.63,3.088,2.3001,2.55,255600
JZXN,28-Jul-2026,1.36,1.37,1.26,1.33,439100
KALA,28-Jul-2026,0.68,0.6884,0.615,0.6602,46000
KALU,28-Jul-2026,158.95,163.5,158,162.16,327700
KARD,28-Jul-2026,21.44,22.125,20.8,20.99,144400
KARO,28-Jul-2026,63.59,65.26,63.29,63.96,127600
KAT,28-Jul-2026,56.41,56.6399,56.35,56.4481,11100
KAZR,28-Jul-2026,1.96,2.0499,1.75,1.79,184200
KBAB,28-Jul-2026,7.66,7.69,7.5501,7.61,4000
KBDU,28-Jul-2026,16.1069,16.1069,16.1069,16.1069,100
KBON,28-Jul-2026,10.14,10.14,10.14,10.14,5800
KBONU,28-Jul-2026,10.29,10.29,10.23,10.23,1800
KBONW,28-Jul-2026,0.65,0.65,0.65,0.65,200
KBSX,28-Jul-2026,0.89,0.91,0.85,0.91,21600
KBWB,28-Jul-2026,96.97,97.06,95.8,96.98,1275200
KBWD,28-Jul-2026,12.1,12.28,12.1,12.27,351800
KBWP,28-Jul-2026,136.52,139.85,136.52,139.8002,29600
KBWY,28-Jul-2026,18.94,18.955,18.7718,18.85,105300
KC,28-Jul-2026,9.76,10.15,9.75,10.11,1150700
KCHV,28-Jul-2026,10.37,10.37,10.37,10.37,9200
KDK,28-Jul-2026,4.24,4.24,3.97,4.11,799900
KDKRW,28-Jul-2026,0.73,0.73,0.67,0.67,12400
KDP,28-Jul-2026,30.83,31.705,30.77,31.08,15076800
KE,28-Jul-2026,24.66,24.89,24.01,24.66,198100
KEAT,28-Jul-2026,32.8933,32.8933,32.8933,32.8933,100
KEEL,28-Jul-2026,3.88,3.88,3.54,3.735,31223000
KELYA,28-Jul-2026,15.91,16.37,15.84,16.15,329000
KELYB,28-Jul-2026,23.185,23.185,23.185,23.185,600
KEQU,28-Jul-2026,35.839,35.839,35.55,35.55,2700
KEYY,28-Jul-2026,9.86,9.86,9.85,9.85,2400
KEYYU,28-Jul-2026,10.17,10.2,10.17,10.2,2800
KEYYW,28-Jul-2026,0.3698,0.3698,0.3698,0.3698,400
KFFB,28-Jul-2026,5.31,5.3584,5.3,5.3584,1100
KFII,28-Jul-2026,10.6,10.6001,10.59,10.6001,32600
KFIIR,28-Jul-2026,0.135,0.135,0.135,0.135,100
KG,28-Jul-2026,8.54,9.19,8.54,8.69,17200
KGEI,28-Jul-2026,5.02,5.07,4.85,4.86,130900
KHC,28-Jul-2026,26.72,27.66,26.62,27.3,20678200
KIDS,28-Jul-2026,20.04,20.49,19.7,19.84,151700
KIDZ,28-Jul-2026,0.64,0.75,0.5733,0.65,76829300
KIDZW,28-Jul-2026,0.0182,0.0182,0.0139,0.014,58400
KINS,28-Jul-2026,19.75,20.39,19.6625,20.19,70800
KIQQ,28-Jul-2026,24.2672,24.2672,24.2672,24.2672,100
KITT,28-Jul-2026,0.7995,0.9,0.75,0.8698,453000
KITTW,28-Jul-2026,0.0101,0.0123,0.0101,0.0112,58200
KJD,28-Jul-2026,21.4699,21.85,21.27,21.4195,17000
KLAC,28-Jul-2026,193.26,195.99,186.75,190.8,17199100
KLAG,28-Jul-2026,29,29.6,26.76,28.5369,155000
KLIC,28-Jul-2026,93.65,93.65,87.01,90.93,1172400
KLRA,28-Jul-2026,17.54,17.67,16.68,16.74,539500
KLRS,28-Jul-2026,3.62,3.69,3.265,3.34,118200
KLTR,28-Jul-2026,1.46,1.48,1.43,1.44,259600
KLXE,28-Jul-2026,2.15,2.21,2,2.025,113700
KMB,28-Jul-2026,113.48,115.47,113,113.09,3917900
KMDA,28-Jul-2026,6.91,7.07,6.89,7.06,78400
KMLI,28-Jul-2026,9.72,10.09,9.72,9.9093,40500
KMRK,28-Jul-2026,1.01,1.1,0.95,1.07,80000
KMTS,28-Jul-2026,22.99,24.24,22.58,23.86,451300
KNDI,28-Jul-2026,0.62,0.6525,0.62,0.632,22500
KNGZ,28-Jul-2026,41.3,41.695,41.3,41.5974,14000
KNSA,28-Jul-2026,70.06,81.967,67.35,79.44,2874800
KOD,28-Jul-2026,42.08,42.59,38.86,40.29,754800
KOID,28-Jul-2026,35.41,35.65,34.89,35.5,186000
KOPN,28-Jul-2026,3.53,3.55,3.35,3.53,4278000
KOSS,28-Jul-2026,3.69,3.7971,3.66,3.72,15500
KOYN,28-Jul-2026,10.17,10.2,10.17,10.18,813800
KOYNW,28-Jul-2026,0.23,0.256,0.23,0.2492,6100
KPDD,28-Jul-2026,5.7,5.7501,5.62,5.69,58900
KPLT,28-Jul-2026,6.82,6.89,6.41,6.69,12100
KPRX,28-Jul-2026,2.52,2.58,2.5,2.57,13100
KPTI,28-Jul-2026,7.1,7.14,6.75,7.09,531200
KQQQ,28-Jul-2026,28.3,28.3,27.8501,28.1639,43600
KRKR,28-Jul-2026,2.7,2.91,2.7,2.78,6000
KRMD,28-Jul-2026,4.11,4.15,4,4.01,135900
KRNT,28-Jul-2026,15.32,15.44,15.06,15.28,204100
KRNY,28-Jul-2026,9.49,9.76,9.485,9.65,886000
KROP,28-Jul-2026,35.9344,35.9344,35.9344,35.9344,300
KROS,28-Jul-2026,10.26,10.42,9.83,10.07,163300
KRRO,28-Jul-2026,10.8,10.93,10.2,10.5,153900
KRT,28-Jul-2026,41.28,42.09,41.01,41.68,193400
KRUS,28-Jul-2026,46.98,48.685,45.9197,48,196400
KRYS,28-Jul-2026,355.76,364.95,350.1,364.23,420200
KSCP,28-Jul-2026,1.48,1.55,1.46,1.52,1464700
KSPI,28-Jul-2026,86.75,87.14,85.02,86.68,368500
KTCC,28-Jul-2026,3.85,4,3.85,4,2700
KTOS,28-Jul-2026,48.93,49,46.44,48.64,2494700
KTTA,28-Jul-2026,0.45,0.4555,0.4327,0.45,232500
KTTAW,28-Jul-2026,0.0095,0.0095,0.0094,0.0094,300
KTWO,28-Jul-2026,9.97,9.97,9.97,9.97,100
KTWOR,28-Jul-2026,0.22,0.22,0.1981,0.1981,300
KURA,28-Jul-2026,10.13,10.15,9.235,9.31,1482900
KUST,28-Jul-2026,1.18,1.1898,1,1.02,581100
KVAC,28-Jul-2026,14.01,18.72,12.34,12.5,157400
KVACF,28-Jul-2026,14.01,18.72,12.34,12.5,157400
KVACU,28-Jul-2026,13.23,17,12.7,12.7,1900
KVACW,28-Jul-2026,0.032,0.04,0.0298,0.0298,45300
KVAUF,28-Jul-2026,13.23,17,12.7,12.7,1900
KVAWF,28-Jul-2026,0.032,0.04,0.0298,0.0298,45300
KVHI,28-Jul-2026,9.15,9.33,8.82,8.84,220000
KWM,28-Jul-2026,0.123,0.1259,0.105,0.1165,1079300
KWMWW,28-Jul-2026,0.0112,0.0112,0.009,0.009,47400
KXIN,28-Jul-2026,5.36,5.5,5.3,5.4,4500
KYIV,28-Jul-2026,13.56,13.81,13.385,13.56,417600
KYIVW,28-Jul-2026,5.195,5.195,5.195,5.195,2200
KYMR,28-Jul-2026,108.78,110.36,105.45,106.16,679800
KYNB,28-Jul-2026,7.18,7.18,6.89,6.975,8900
KYTX,28-Jul-2026,7.86,7.98,7.2605,7.49,1067500
KZIA,28-Jul-2026,12.25,12.85,11.48,12.69,201300
LAB,28-Jul-2026,0.8,0.8,0.766,0.7947,3023000
LABT,28-Jul-2026,2.26,2.5,1.93,2.1,296100
LACG,28-Jul-2026,2.96,2.99,2.84,2.858,12400
LAES,28-Jul-2026,2.41,2.41,2.26,2.34,21828400
LAFA,28-Jul-2026,10.11,10.11,10.08,10.11,38000
LAKE,28-Jul-2026,10.77,11.0652,10.71,10.73,60500
LAMR,28-Jul-2026,161,163.325,158.785,162.21,818600
LAND,28-Jul-2026,8.56,8.66,8.47,8.48,433000
LANDO,28-Jul-2026,21.27,21.6373,21.27,21.6,25800
LANDP,28-Jul-2026,20.89,21.2,20.89,21.06,20300
LARK,28-Jul-2026,32,32.36,31.6926,32.02,14900
LASE,28-Jul-2026,1.03,1.045,0.9651,1.04,4116700
LASR,28-Jul-2026,65.34,65.34,60.05,63.3,1212400
LATA,28-Jul-2026,10.125,10.13,10.125,10.13,1300
LATAW,28-Jul-2026,0.2701,0.2701,0.2688,0.2688,700
LAUR,28-Jul-2026,36.23,37.79,36.22,37.72,782700
LBGJ,28-Jul-2026,0.0268,0.0321,0.023,0.03,112416000
LBRDA,28-Jul-2026,31.21,33.17,31.21,32.86,208100
LBRDK,28-Jul-2026,31.575,33.1475,31.01,32.87,2102200
LBRDP,28-Jul-2026,21.56,21.79,21.415,21.5,6300
LBRX,28-Jul-2026,34.83,38.625,34.675,34.94,290600
LBTYA,28-Jul-2026,9.92,10.3,9.76,10.22,3533600
LBTYB,28-Jul-2026,13.2,13.3,11.7,12.4,3400
LBTYK,28-Jul-2026,9.65,10,9.575,9.97,1531500
LCCC,28-Jul-2026,10.46,10.49,10.46,10.48,1800
LCCCR,28-Jul-2026,0.1819,0.1819,0.1819,0.1819,100
LCDS,28-Jul-2026,71.2453,71.2453,71.2453,71.2453,100
LCFY,28-Jul-2026,2.66,2.665,2.1801,2.3699,31300
LCFYW,28-Jul-2026,4,4,4,4,200
LCID,28-Jul-2026,6.43,8.5,6.215,7.9,39842200
LCNB,28-Jul-2026,20.3,21.32,20.255,20.98,89400
LCUT,28-Jul-2026,8.93,9,8.5,8.73,82600
LDEM,28-Jul-2026,58.1104,58.1621,58.1104,58.1621,200
LDRX,28-Jul-2026,35.2,35.21,35.08,35.0963,9600
LDSF,28-Jul-2026,18.8,18.82,18.7936,18.8,6500
LE,28-Jul-2026,12.38,12.77,12.38,12.65,209800
LECO,28-Jul-2026,258.8,267.9,258.43,267.25,738300
LEDS,28-Jul-2026,1.88,1.93,1.78,1.88,54800
LEE,28-Jul-2026,7.59,8,7.58,7.94,39200
LEGH,28-Jul-2026,26.97,27.63,26.37,26.87,303400
LEGN,28-Jul-2026,19.14,19.4295,18.66,19.04,3993100
LEGR,28-Jul-2026,63.53,64.22,63.5,64.11,8600
LEND,28-Jul-2026,25.05,25.06,24.87,24.91,1094600
LENZ,28-Jul-2026,5.74,6.14,5.6105,5.88,639300
LESL,28-Jul-2026,1.17,1.21,1.03,1.05,611000
LEXI,28-Jul-2026,39.76,39.96,39.76,39.8925,9200
LEXX,28-Jul-2026,0.523,0.557,0.523,0.5401,45300
LFAC,28-Jul-2026,10,10,10,10,5000
LFACW,28-Jul-2026,0.32,0.32,0.32,0.32,400
LFCR,28-Jul-2026,4.4,4.62,4.37,4.39,139000
LFMD,28-Jul-2026,3.87,3.91,3.6299,3.84,939200
LFMDP,28-Jul-2026,23.3588,23.5,23.3588,23.4594,1900
LFS,28-Jul-2026,2.15,2.28,2.14,2.26,81100
LFSC,28-Jul-2026,44.515,45.3952,44.515,45.3952,3000
LFST,28-Jul-2026,10.98,11.25,10.685,11.24,2114600
LFTO,28-Jul-2026,22.74,22.94,22.025,22.21,307400
LFUS,28-Jul-2026,393,393.05,379.33,392.05,1101300
LFVN,28-Jul-2026,6.32,6.45,6.24,6.43,77800
LFWD,28-Jul-2026,6.8,7.08,6.8,6.9516,4000
LGCF,28-Jul-2026,37.8285,37.8285,37.8285,37.8285,100
LGCL,28-Jul-2026,1.27,1.44,1.21,1.41,395200
LGDS,28-Jul-2026,46.83,47.1601,46.47,47.01,86600
LGHL,28-Jul-2026,1,1.8601,0.95,1.08,19002500
LGIH,28-Jul-2026,60.92,62.8,60.92,61.4,221500
LGN,28-Jul-2026,67,67,58.92,59.21,2002700
LGND,28-Jul-2026,301.28,301.29,293.53,296.28,353400
LGO,28-Jul-2026,0.5954,0.6158,0.58,0.5971,454100
LGRO,28-Jul-2026,44.22,44.24,44.15,44.1603,4000
LGVN,28-Jul-2026,0.601,0.63,0.5974,0.6013,72400
LHAI,28-Jul-2026,0.9,0.9193,0.84,0.8471,181400
LHSW,28-Jul-2026,2.28,2.88,2.28,2.74,126200
LI,28-Jul-2026,12.79,13.45,12.76,13.21,5561300
LICN,28-Jul-2026,1.19,1.2378,1.1,1.17,192600
LIDR,28-Jul-2026,1.1,1.1,1.048,1.07,1245400
LIDRW,28-Jul-2026,0.0169,0.0173,0.0168,0.0173,6600
LIEN,28-Jul-2026,9.41,9.6113,9.3507,9.4,35000
LIF,28-Jul-2026,53.99,56.69,53.32,56.68,576900
LIFE,28-Jul-2026,17.93,19.31,17.57,18.8,1141400
LILA,28-Jul-2026,7.84,8.51,7.77,8.305,990200
LILAK,28-Jul-2026,7.73,8.415,7.73,8.18,1702200
LILAP,28-Jul-2026,20.4,20.65,20.0201,20.26,139400
LIME,28-Jul-2026,26.5,27.4999,26.04,26.89,224900
LIMN,28-Jul-2026,0.1,0.1066,0.1,0.1044,1575800
LIN,28-Jul-2026,512.06,522,509.9903,511.18,2341300
LINC,28-Jul-2026,41,42.1,39.99,42.06,314100
LIND,28-Jul-2026,28.32,29.77,28.015,29.74,1006600
LINE,28-Jul-2026,42.75,43.39,42.14,42.61,1057400
LINK,28-Jul-2026,4.6,4.84,4.27,4.399,12900
LINT,28-Jul-2026,92.8,95.87,85.05,91.97,220000
LIQT,28-Jul-2026,0.68,0.68,0.626,0.6513,65500
LITE,28-Jul-2026,677.55,678.99,602.28,651.93,5642300
LITP,28-Jul-2026,10.16,10.18,9.9501,10.05,41000
LITS,28-Jul-2026,0.97,0.9894,0.9567,0.97,97100
LIVE,28-Jul-2026,10.19,10.595,9.205,9.565,10600
LIVN,28-Jul-2026,81.31,82.6388,81.25,82.09,536700
LKFN,28-Jul-2026,63.85,64.55,62.86,63.7,185300
LKFT,28-Jul-2026,28.22,28.675,27.865,28.15,126800
LKQ,28-Jul-2026,26.75,27.28,26.53,26.56,2045800
LKSP,28-Jul-2026,10.17,10.17,10.16,10.17,8200
LLYVA,28-Jul-2026,99.42,100.95,98.98,99.48,75600
LLYVK,28-Jul-2026,102.66,104.5,102.365,102.67,274400
LMAT,28-Jul-2026,100.45,104.32,99.5875,102.3,317800
LMB,28-Jul-2026,73.99,73.99,69.885,72.49,184600
LMBS,28-Jul-2026,49.5,49.53,49.46,49.46,434600
LMNR,28-Jul-2026,13.53,13.95,13.415,13.5,51600
LMNX,28-Jul-2026,13.63,14.62,13.27,14.1027,52900
LMRI,28-Jul-2026,11.1,11.17,10.77,10.97,360800
LMTL,28-Jul-2026,39.55,40.63,38.53,38.9978,31400
LNAI,28-Jul-2026,2.22,2.31,2.22,2.24,12100
LNKS,28-Jul-2026,1.19,1.19,1.12,1.17,40600
LNSR,28-Jul-2026,5.31,5.42,5.31,5.35,28400
LNT,28-Jul-2026,74.85,75.31,73.79,73.79,2098900
LNTH,28-Jul-2026,102.96,105,100.6764,102.64,1713500
LNZA,28-Jul-2026,5.56,5.7,5.45,5.45,52500
LOAN,28-Jul-2026,3.99,4.18,3.975,4.17,95700
LOBO,28-Jul-2026,0.7399,0.77,0.715,0.759,211000
LOCO,28-Jul-2026,16.34,16.5,16.3,16.31,141700
LOGI,28-Jul-2026,106.52,111.92,106.12,111.66,2633500
LOGO,28-Jul-2026,20.12,20.37,20.12,20.3594,11200
LONA,28-Jul-2026,7.53,7.57,6.82,6.97,19800
LOOP,28-Jul-2026,0.7322,0.774,0.72,0.7349,209600
LOPE,28-Jul-2026,146.11,151.68,144.96,150.45,391900
LOT,28-Jul-2026,0.87,0.92,0.865,0.8899,43400
LOTI,28-Jul-2026,26.48,26.48,26.37,26.3723,12400
LOTWW,28-Jul-2026,0.0612,0.0613,0.0612,0.0612,300
LOVE,28-Jul-2026,17.13,17.7,16.91,16.97,180900
LPAA,28-Jul-2026,10.76,10.79,10.76,10.79,13400
LPBB,28-Jul-2026,10.76,10.77,10.7599,10.76,377900
LPBBW,28-Jul-2026,0.2591,0.2591,0.2591,0.2591,100
LPCN,28-Jul-2026,2.27,2.27,2.12,2.14,32000
LPCVU,28-Jul-2026,10.05,10.05,10.05,10.05,400
LPLA,28-Jul-2026,332.72,342.61,326.9425,342.4,1050300
LPRO,28-Jul-2026,3.14,3.15,3.14,3.15,767700
LPSN,28-Jul-2026,1.69,1.88,1.655,1.86,114900
LPTH,28-Jul-2026,10.7,10.7,9.65,10.37,3980200
LQ,28-Jul-2026,23.6,23.6,23.565,23.565,200
LQDA,28-Jul-2026,85.55,87.2,83.01,86.82,1168000
LQDT,28-Jul-2026,39.39,39.77,39.13,39.33,185000
LRCX,28-Jul-2026,275.17,277.3,258.53,269.61,16097700
LRE,28-Jul-2026,1.27,1.3,1.27,1.3,4100
LRGE,28-Jul-2026,82.19,83.1051,82.19,83.0514,3900
LRHC,28-Jul-2026,0.99,1.03,0.9601,0.962,28400
LRMR,28-Jul-2026,3.84,3.86,3.68,3.83,1778800
LRND,28-Jul-2026,43.57,43.9973,43.57,43.9973,100
LSAK,28-Jul-2026,4.57,4.65,4.56,4.57,31700
LSBK,28-Jul-2026,17.2,17.2,17.09,17.11,3700
LSCC,28-Jul-2026,116.45,121.08,114.43,120.06,3187300
LSE,28-Jul-2026,5.15,5.5,5,5.0694,34700
LSH,28-Jul-2026,0.328,0.3481,0.3014,0.3106,59400
LSTA,28-Jul-2026,1.44,1.47,1.0704,1.16,214800
LSTR,28-Jul-2026,189.99,191.48,184.87,185.32,552900
LTBR,28-Jul-2026,7.96,8.2695,7.7,7.9,1046600
LTCC,28-Jul-2026,11.24,11.32,11.2001,11.2998,4500
LTGR,28-Jul-2026,9.88,9.88,9.88,9.88,5600
LTGRU,28-Jul-2026,10.03,10.065,10.03,10.0374,2600
LTGRW,28-Jul-2026,0.28,0.28,0.265,0.265,2500
LTRN,28-Jul-2026,2.79,2.865,2.6,2.6,65400
LTRX,28-Jul-2026,5.35,5.38,5.1,5.33,653900
LTRYW,28-Jul-2026,0.01,0.01,0.0082,0.0097,469600
LUCD,28-Jul-2026,0.9168,0.9353,0.9011,0.9144,812600
LUCY,28-Jul-2026,0.75,0.7727,0.7202,0.741,142000
LUCYW,28-Jul-2026,0.0302,0.0303,0.0302,0.0303,1900
LULG,28-Jul-2026,6.47,6.77,6.47,6.6108,83200
LULU,28-Jul-2026,119,121.88,118.475,120.32,2885100
LUNG,28-Jul-2026,1.23,1.305,1.22,1.25,246300
LUNR,28-Jul-2026,12.7,12.73,11.9401,12.37,11238900
LVDS,28-Jul-2026,59.5,59.72,59.5,59.6147,2400
LVHD,28-Jul-2026,45.91,46.495,45.84,45.84,66900
LVIG,28-Jul-2026,98.02,98.02,98.0082,98.0082,600
LVLU,28-Jul-2026,18.26,18.66,17.045,17.56,7600
LVO,28-Jul-2026,4.7,4.89,4.62,4.78,37600
LWAC,28-Jul-2026,10.26,10.26,10.26,10.26,3700
LWAY,28-Jul-2026,30.83,31.11,30.485,30.77,62300
LWLG,28-Jul-2026,5.83,5.83,5.3405,5.76,3277300
LX,28-Jul-2026,1.46,1.475,1.42,1.45,4973700
LXEH,28-Jul-2026,1.45,1.57,1.45,1.53,22100
LXEO,28-Jul-2026,4.48,4.51,4.33,4.39,586100
LXRX,28-Jul-2026,2.24,2.345,2.165,2.34,2680200
LYEL,28-Jul-2026,12.94,13.05,12.56,12.99,157000
LYFT,28-Jul-2026,15.13,15.46,15.005,15.45,8921600
LYTS,28-Jul-2026,23.34,24.05,22.85,23.97,245100
LZ,28-Jul-2026,7.74,8.23,7.72,8.08,2415800
LZMH,28-Jul-2026,1.29,1.32,1.24,1.2401,28200
MAAS,28-Jul-2026,17.62,17.91,16.19,17.1,48500
MAAY,28-Jul-2026,6.02,6.02,5.9,5.9291,61400
MACI,28-Jul-2026,10.91,10.91,10.91,10.91,3000
MACIU,28-Jul-2026,11.29,11.3,11.29,11.3,800
MACIW,28-Jul-2026,0.1332,0.1332,0.1332,0.1332,100
MAKO,28-Jul-2026,7.08,7.32,6.9,7.27,88300
MAMA,28-Jul-2026,18.02,18.16,17.37,17.84,306200
MAMO,28-Jul-2026,1.06,1.06,1.02,1.025,69200
MANH,28-Jul-2026,162.56,170.89,162.56,168.17,986700
MAR,28-Jul-2026,382.64,384.23,374.545,383.52,1805600
MARA,28-Jul-2026,11.29,11.53,10.67,11.38,62210200
MARPS,28-Jul-2026,4.59,4.7999,4.59,4.59,2200
MASK,28-Jul-2026,1.48,1.57,1.48,1.54,46900
MASS,28-Jul-2026,7.13,7.24,6.9,7.03,146000
MAT,28-Jul-2026,14.89,15.5,14.87,15.44,4201100
MATE,28-Jul-2026,29.73,29.81,29.62,29.7198,3800
MATH,28-Jul-2026,0.84,1,0.84,0.938,120300
MATW,28-Jul-2026,28.43,29.14,28.43,28.85,226900
MAXI,28-Jul-2026,9,9.0593,8.8194,8.98,7000
MAZE,28-Jul-2026,28.85,29.35,27.58,27.88,383100
MB,28-Jul-2026,4.53,4.53,4.53,3.8309,0
MBAI,28-Jul-2026,1.06,1.06,1.01,1.05,11200
MBB,28-Jul-2026,93.5,93.799,93.475,93.67,1062900
MBBC,28-Jul-2026,15.29,15.29,14.95,14.95,4800
MBIN,28-Jul-2026,48.67,49.405,47.98,48.77,117100
MBINL,28-Jul-2026,24.9,24.95,24.9,24.915,4300
MBINM,28-Jul-2026,25.36,25.48,25.36,25.41,4800
MBINN,28-Jul-2026,19.98,20.1999,19.98,20.11,4000
MBIO,28-Jul-2026,0.5565,0.6599,0.5565,0.6314,79100
MBLY,28-Jul-2026,8,8.485,7.99,8.43,9788900
MBNKO,28-Jul-2026,25.46,25.46,25.46,25.46,600
MBOT,28-Jul-2026,1.73,1.746,1.66,1.68,721200
MBRX,28-Jul-2026,2.15,2.21,2.14,2.19,106500
MBS,28-Jul-2026,8.57,8.59,8.55,8.575,14000
MBUU,28-Jul-2026,28.53,29.4,28.43,28.46,166900
MBVI,28-Jul-2026,10.17,10.17,10.17,10.17,200
MBWM,28-Jul-2026,59.04,60.74,58.5,60.33,138300
MBX,28-Jul-2026,61.98,62.005,58.785,60.06,625700
MCAH,28-Jul-2026,9.955,9.955,9.95,9.95,4000
MCAHR,28-Jul-2026,0.2699,0.2699,0.2699,0.2699,100
MCAHU,28-Jul-2026,10.18,10.22,10.18,10.22,4400
MCBS,28-Jul-2026,34.9,36.18,34.32,35.81,116500
MCDS,28-Jul-2026,67.84,67.966,67.84,67.966,100
MCFT,28-Jul-2026,25,25.5,24.855,25.06,148800
MCGA,28-Jul-2026,10.23,10.23,10.22,10.23,47700
MCGAW,28-Jul-2026,0.224,0.2569,0.224,0.2569,5700
MCHB,28-Jul-2026,15.71,15.915,15.62,15.84,920500
MCHI,28-Jul-2026,54.09,54.51,53.94,54.41,1476600
MCHP,28-Jul-2026,76.24,77.61,74.88,75.71,13887300
MCHPP,28-Jul-2026,66.19,66.27,65.06,65.4,9300
MCHS,28-Jul-2026,39.98,40.2,39.18,40.1708,4500
MCHX,28-Jul-2026,1.84,1.85,1.78,1.79,10700
MCRB,28-Jul-2026,4.84,5.01,4.59,4.8,63300
MCRI,28-Jul-2026,123.01,124.29,122.0402,122.79,92500
MDAI,28-Jul-2026,1.64,1.65,1.555,1.56,249100
MDAIW,28-Jul-2026,0.5,0.52,0.5,0.5,5000
MDB,28-Jul-2026,309.51,314.01,295.37,310.62,970900
MDBH,28-Jul-2026,3.2104,3.2104,3.05,3.05,2900
MDCX,28-Jul-2026,0.3206,0.325,0.28,0.28,2036600
MDCXW,28-Jul-2026,0.3101,0.3101,0.3101,0.3101,100
MDGL,28-Jul-2026,551.5,561.15,532.96,538.8,218700
MDIA,28-Jul-2026,0.9801,1.0199,0.965,0.97,13400
MDIV,28-Jul-2026,16.77,16.96,16.77,16.903,38600
MDLN,28-Jul-2026,40.4,41.27,40.17,40.51,8058400
MDLZ,28-Jul-2026,62.04,63.54,61.95,62.48,14515500
MDWD,28-Jul-2026,14.47,14.8725,14.4,14.62,46000
MDXG,28-Jul-2026,4.3,4.45,4.26,4.36,1119300
MDXH,28-Jul-2026,0.414,0.4272,0.411,0.411,134400
MEDP,28-Jul-2026,589.74,601,570.61,570.97,744200
MEDS,28-Jul-2026,3.18,3.88,3.04,3.55,91800
MEDX,28-Jul-2026,36.0292,36.0292,36.0292,36.0292,100
MEGL,28-Jul-2026,1.15,1.21,1.1,1.2,12000
MELI,28-Jul-2026,1839.14,1886,1839.14,1862.52,409100
MEMA,28-Jul-2026,28.93,29.26,28.75,28.9866,49800
MEMS,28-Jul-2026,28.78,28.78,28.73,28.7689,300
MENS,28-Jul-2026,2.36,2.44,2.1,2.39,86900
MEOH,28-Jul-2026,53.87,55.02,53.17,53.2,1878800
MERC,28-Jul-2026,0.69,0.6992,0.6601,0.6811,189600
MESH,28-Jul-2026,10.04,10.05,10.01,10.01,1130900
MESO,28-Jul-2026,14.66,14.66,14.05,14.45,209600
META,28-Jul-2026,596.82,601,587,593.41,12009200
METC,28-Jul-2026,10.1,10.1,9.45,9.75,1788700
METCB,28-Jul-2026,7.09,7.1452,6.71,6.78,72600
METCI,28-Jul-2026,25.1,25.19,25.1,25.19,1000
METCZ,28-Jul-2026,25.21,25.33,25.21,25.33,2600
METD,28-Jul-2026,16.26,16.49,16.135,16.3088,488200
METL,28-Jul-2026,24.27,24.39,23.93,24.29,8800
METU,28-Jul-2026,22.07,22.42,21.39,21.87,1697400
MEVO,28-Jul-2026,9.96,9.96,9.96,9.96,600
MEVOW,28-Jul-2026,0.36,0.36,0.36,0.36,300
MF,28-Jul-2026,5.78,7,5.39,6.68,238400
MFIC,28-Jul-2026,9.63,9.87,9.62,9.85,529300
MFICL,28-Jul-2026,25.38,25.38,25.24,25.25,4600
MFIG,28-Jul-2026,20.37,20.61,20.37,20.5628,2400
MFIN,28-Jul-2026,9.87,10.06,9.865,9.92,21400
MFLX,28-Jul-2026,17.09,17.0999,16.96,17.02,8300
MFMO,28-Jul-2026,21.51,21.75,21.37,21.7173,20200
MFP,28-Jul-2026,48,48,45.06,46.58,1237900
MFVL,28-Jul-2026,21.78,21.8482,21.77,21.8482,2000
MGEE,28-Jul-2026,82.59,83.72,81.9,81.99,275300
MGIH,28-Jul-2026,1.7,1.7,1.6,1.63,8300
MGN,28-Jul-2026,0.078,0.0814,0.0702,0.0702,370500
MGNI,28-Jul-2026,19.38,19.865,19.04,19.7,1741700
MGNX,28-Jul-2026,4.01,4.06,3.68,3.85,874900
MGPI,28-Jul-2026,18.34,19.14,18.34,18.71,149400
MGRC,28-Jul-2026,120.09,121.69,118.59,119.98,326100
MGRT,28-Jul-2026,98,101.99,96.5,101.99,6100
MGRX,28-Jul-2026,0.5421,0.597,0.5421,0.556,650300
MGTX,28-Jul-2026,12.31,12.3702,11.77,11.82,460700
MGX,28-Jul-2026,1.21,1.23,1.2,1.21,111000
MGYR,28-Jul-2026,18.2,18.99,18.2,18.99,2900
MIACU,28-Jul-2026,9.99,9.99,9.97,9.98,6600
MIDD,28-Jul-2026,136.15,138.74,134.05,135.09,547400
MILN,28-Jul-2026,44.69,45.5088,44.69,45.5088,16300
MIMI,28-Jul-2026,1.85,1.85,1.65,1.71,55700
MIND,28-Jul-2026,5.34,5.37,4.8536,5.04,153700
MIRA,28-Jul-2026,0.88,0.9196,0.831,0.8398,37700
MIRM,28-Jul-2026,114.05,115.92,110.89,112.23,437900
MIST,28-Jul-2026,1.13,1.13,1.03,1.07,2592800
MITK,28-Jul-2026,17.14,17.35,16.28,16.78,693800
MKAM,28-Jul-2026,31.7293,31.7293,31.7293,31.7293,100
MKDW,28-Jul-2026,11.37,11.545,11.37,11.42,2500
MKLY,28-Jul-2026,10.19,10.19,10.18,10.18,2900
MKLYU,28-Jul-2026,10.33,10.33,10.21,10.21,2500
MKSI,28-Jul-2026,296.31,296.91,277.01,285.31,1990200
MKTW,28-Jul-2026,20.61,20.61,20.32,20.49,3800
MKTX,28-Jul-2026,118.53,122.305,118.53,122.05,446400
MKZR,28-Jul-2026,1.25,1.32,1.25,1.29,7900
MLAA,28-Jul-2026,9.96,9.96,9.95,9.95,26700
MLAB,28-Jul-2026,97.77,101.68,97.77,101.1,112500
MLCI,28-Jul-2026,3.22,3.2704,3.2,3.27,7500
MLCIL,28-Jul-2026,22.65,22.65,22.65,22.65,1100
MLCO,28-Jul-2026,5.67,5.678,5.555,5.64,1211300
MLEC,28-Jul-2026,7.17,7.6518,6.93,7.265,9300
MLECW,28-Jul-2026,0.0176,0.0188,0.017,0.017,21200
MLGO,28-Jul-2026,4.09,4.25,4.057,4.13,26600
MLKN,28-Jul-2026,22.8,23.77,22.8,23.6,799400
MLTX,28-Jul-2026,19.65,19.65,18.67,18.71,1051600
MLYS,28-Jul-2026,27.51,27.885,26.48,26.95,564700
MMED,28-Jul-2026,17.91,18.36,17.61,17.64,1757500
MMLP,28-Jul-2026,2.48,2.5174,2.38,2.38,1700
MMSI,28-Jul-2026,77.23,78.705,76.56,78.29,840300
MMTX,28-Jul-2026,10.1,10.1,10.1,10.1,2800
MMYT,28-Jul-2026,52.67,54.1,52.11,53.72,574700
MNDO,28-Jul-2026,1.07,1.07,0.99,1.04,32600
MNDR,28-Jul-2026,1.84,1.89,1.6,1.67,134300
MNDY,28-Jul-2026,83.63,89.34,83.57,87.09,1494500
MNKD,28-Jul-2026,3.98,4,3.8414,3.91,3657100
MNOV,28-Jul-2026,1.38,1.38,1.31,1.33,57900
MNPR,28-Jul-2026,109.96,110.93,104.97,109.09,528900
MNRO,28-Jul-2026,17.01,17.4,16.9,17.2,975800
MNSB,28-Jul-2026,23.43,23.6,22.915,23.46,19400
MNST,28-Jul-2026,97.46,99.17,97.02,97.74,7054700
MNTK,28-Jul-2026,1.88,1.93,1.64,1.82,283500
MNTS,28-Jul-2026,4.63,4.75,4.4201,4.53,696500
MNTSW,28-Jul-2026,0.005,0.0114,0.005,0.011,49600
MNVT,28-Jul-2026,26.84,27.55,26.55,27.55,17700
MNY,28-Jul-2026,0.96,1,0.96,0.9779,5000
MNYWW,28-Jul-2026,0.0422,0.0422,0.0421,0.0421,6600
MNZL,28-Jul-2026,59.31,59.3686,58.88,59.2026,5800
MOB,28-Jul-2026,4.89,4.91,4.61,4.71,83000
MOBI,28-Jul-2026,10.96,11.61,10.61,10.72,59100
MOBX,28-Jul-2026,2,2.06,1.94,1.96,708500
MOBXW,28-Jul-2026,0.0798,0.0879,0.0751,0.0751,5000
MODD,28-Jul-2026,2.46,2.46,2.11,2.34,59300
MODL,28-Jul-2026,50.81,51.1389,50.7,51.0544,30700
MOLN,28-Jul-2026,3.925,3.925,3.8303,3.8303,400
MOMO,28-Jul-2026,5.88,5.955,5.845,5.88,508300
MOOD,28-Jul-2026,43.3799,43.5,43.34,43.3917,5000
MORN,28-Jul-2026,184.98,195.82,184.765,194.12,587800
MOVE,28-Jul-2026,12.35,12.39,11.1,11.13,52200
MPAA,28-Jul-2026,13.96,15.1098,13.92,14.11,84000
MPB,28-Jul-2026,38.02,39.15,37.001,38.35,225800
MPG,28-Jul-2026,3.15,3.15,2.88,3.0878,129800
MPLT,28-Jul-2026,9.56,12.31,9.1,12.31,5546200
MPWR,28-Jul-2026,1283.77,1313.74,1253.7,1282.01,1008000
MQ,28-Jul-2026,17.85,18.27,17.7943,18.07,674600
MQQQ,28-Jul-2026,200.81,206.2598,198.375,203.7553,12000
MRA,28-Jul-2026,21.4721,21.4721,21.4721,21.4721,100
MRAL,28-Jul-2026,40.96,45.215,39.45,44.63,53900
MRAM,28-Jul-2026,14.4,14.4,13.26,13.97,1032400
MRBK,28-Jul-2026,20.15,20.555,20.01,20.31,303700
MRCOU,28-Jul-2026,10.03,10.03,10.02,10.02,4200
MRCY,28-Jul-2026,103.45,103.69,97.8,99.38,513800
MRDN,28-Jul-2026,13.69,14.99,13.11,14.1,129200
MREO,28-Jul-2026,0.297,0.322,0.2931,0.3094,1731800
MRKR,28-Jul-2026,1.22,1.22,1.18,1.18,20200
MRLN,28-Jul-2026,3.73,3.73,3.3,3.56,1247000
MRM,28-Jul-2026,0.94,0.94,0.9201,0.9201,3300
MRNA,28-Jul-2026,54.83,55.85,53.345,55.805,5557700
MRNO,28-Jul-2026,0.1952,0.2,0.1776,0.1931,205400
MRNOW,28-Jul-2026,0.0175,0.0175,0.0042,0.0129,327100
MRTN,28-Jul-2026,15.42,15.56,15.22,15.26,756600
MRVI,28-Jul-2026,6.74,7.02,6.7364,6.86,2412700
MRVL,28-Jul-2026,180,181.48,167.32,174.47,29188400
MRVU,28-Jul-2026,77.56,78.55,66.91,72.77,228200
MRX,28-Jul-2026,63.94,65.15,61.57,64.16,702500
MSAI,28-Jul-2026,4.88,5.0699,4.63,4.87,12800
MSAIW,28-Jul-2026,0.023,0.023,0.0179,0.0217,5300
MSBI,28-Jul-2026,33.22,34.355,33,34.1,324800
MSBIP,28-Jul-2026,25.18,25.18,25.1138,25.15,1800
MSEX,28-Jul-2026,56.77,58.87,56.77,57.86,89800
MSFD,28-Jul-2026,13.47,13.52,13.22,13.45,1099700
MSFL,28-Jul-2026,16.17,16.73,16.0001,16.18,1331800
MSFT,28-Jul-2026,393.16,400.32,391.3,393.35,32367500
MSFU,28-Jul-2026,24.26,25.13,24.04,24.3,6022900
MSGM,28-Jul-2026,4.45,4.57,4.23,4.34,14600
MSGY,28-Jul-2026,0.328,0.3574,0.3203,0.3478,90600
MSLE,28-Jul-2026,9.36,9.8595,9.2038,9.46,32800
MSR,28-Jul-2026,14.2255,14.2255,14.2255,14.2255,100
MSS,28-Jul-2026,1.8,1.8,1.56,1.59,233200
MST,28-Jul-2026,8.24,8.58,7.83,8.2978,53300
MSTP,28-Jul-2026,12.89,13.66,12.23,13.15,24500
MSTR,28-Jul-2026,95.47,98.37,93.115,96.16,13353300
MSTX,28-Jul-2026,8.42,8.995,8.0399,8.58,5567800
MTAKU,28-Jul-2026,9.97,9.97,9.95,9.955,53200
MTC,28-Jul-2026,2.9,3.375,2.9,3.29,37100
MTCH,28-Jul-2026,39.25,39.65,39.175,39.28,1933300
MTEK,28-Jul-2026,1.04,1.05,1.01,1.05,45500
MTEN,28-Jul-2026,1,1.02,0.8742,1.01,422800
MTEX,28-Jul-2026,4.68,4.805,4.5,4.615,7500
MTLS,28-Jul-2026,6.47,6.53,6.33,6.44,55600
MTRX,28-Jul-2026,12.45,12.45,11.47,11.53,213800
MTSI,28-Jul-2026,250.53,253.2425,244.2228,249.23,1514400
MTVA,28-Jul-2026,1.45,1.455,1.3901,1.43,55000
MTYY,28-Jul-2026,18.66,18.66,18.595,18.6189,700
MU,28-Jul-2026,839.61,848.36,789.09,820.53,61039300
MUD,28-Jul-2026,12.72,13.4095,12.63,12.99,12923000
MULL,28-Jul-2026,18.06,18.33,15.682,17.09,10822300
MULT,28-Jul-2026,24.97,25.005,24.97,25.005,100
MUU,28-Jul-2026,25.93,26.38,22.5,24.55,59716300
MUYY,28-Jul-2026,20.06,20.06,19.79,19.9342,55600
MUZE,28-Jul-2026,9.95,9.95,9.95,9.95,3000
MUZEU,28-Jul-2026,10.11,10.42,10.08,10.42,3100
MUZEW,28-Jul-2026,0.2801,0.3175,0.28,0.3175,14400
MVBF,28-Jul-2026,29.48,30.24,29.48,29.78,32400
MVIS,28-Jul-2026,0.256,0.26,0.235,0.2473,4412700
MVLL,28-Jul-2026,19.12,19.5,16.3801,17.94,3289200
MVST,28-Jul-2026,0.7814,0.7912,0.7442,0.7691,4099500
MWC,28-Jul-2026,1.65,1.77,1.55,1.59,426700
MWH,28-Jul-2026,27.44,27.535,25.12,25.46,1779500
MWYN,28-Jul-2026,0.6765,0.6765,0.4877,0.4901,206900
MXCT,28-Jul-2026,1.01,1.07,0.98,1.05,1592700
MXL,28-Jul-2026,61.65,61.98,56.8,58.94,4991700
MYCF,28-Jul-2026,25.04,25.09,25.0301,25.06,8000
MYCG,28-Jul-2026,24.94,24.98,24.94,24.96,5800
MYCH,28-Jul-2026,24.83,24.85,24.825,24.845,524800
MYCI,28-Jul-2026,24.654,24.665,24.654,24.665,1100
MYCJ,28-Jul-2026,24.471,24.5,24.471,24.49,3000
MYCK,28-Jul-2026,24.57,24.619,24.57,24.583,2100
MYCL,28-Jul-2026,24.39,24.41,24.39,24.41,100
MYCM,28-Jul-2026,24.35,24.36,24.35,24.35,900
MYCN,28-Jul-2026,24.15,24.19,24.15,24.17,600
MYCO,28-Jul-2026,24.102,24.102,24.102,24.102,200
MYFW,28-Jul-2026,30.73,31.67,30.73,31.53,66000
MYGN,28-Jul-2026,5.49,5.53,5.23,5.32,1164900
MYHA,28-Jul-2026,24.935,24.935,24.935,24.935,100
MYHB,28-Jul-2026,24.96,24.96,24.96,24.96,100
MYHC,28-Jul-2026,25.0681,25.0681,25.0681,25.0681,100
MYHD,28-Jul-2026,24.92,24.92,24.9,24.9,100
MYHE,28-Jul-2026,24.74,24.74,24.74,24.74,100
MYMF,28-Jul-2026,24.87,24.87,24.87,24.87,100
MYMG,28-Jul-2026,24.63,24.63,24.615,24.615,100
MYMH,28-Jul-2026,24.455,24.455,24.455,24.455,100
MYMI,28-Jul-2026,24.56,24.56,24.54,24.555,900
MYMJ,28-Jul-2026,24.67,24.67,24.64,24.66,900
MYMK,28-Jul-2026,24.805,24.83,24.805,24.805,1200
MYPS,28-Jul-2026,0.6,0.619,0.5765,0.5975,225800
MYRG,28-Jul-2026,359.99,362.995,330,340.72,414500
MYSE,28-Jul-2026,2.44,2.44,2.31,2.43,27800
MYSZ,28-Jul-2026,0.39,0.42,0.3853,0.42,4900
MYX,28-Jul-2026,9.89,9.89,9.89,9.89,100
MZTI,28-Jul-2026,109.63,112.98,109.495,110.19,357300
NA,28-Jul-2026,1.85,1.92,1.7583,1.76,29500
NAAS,28-Jul-2026,3.31,3.4722,3.2401,3.3373,18600
NAGE,28-Jul-2026,3.24,3.315,3.22,3.29,518200
NAII,28-Jul-2026,2.5296,2.5296,2.35,2.35,5400
NAKA,28-Jul-2026,4.55,4.58,4.3205,4.52,95200
NAMM,28-Jul-2026,1.45,1.45,1.36,1.38,143000
NAMMW,28-Jul-2026,0.2199,0.22,0.205,0.205,6500
NAMS,28-Jul-2026,30.06,30.28,27.81,27.98,890400
NAMSW,28-Jul-2026,17.93,17.93,16.56,16.56,700
NATH,28-Jul-2026,99.53,100.4,99.35,99.4,15100
NATO,28-Jul-2026,41.86,41.9499,41.5699,41.9196,28200
NATR,28-Jul-2026,20.85,21.29,20.665,20.74,87800
NAUT,28-Jul-2026,1.6,1.63,1.15,1.2,2126900
NAVI,28-Jul-2026,8.71,8.875,8.68,8.75,605900
NAVN,28-Jul-2026,26,26.6,24.72,26.35,2967200
NB,28-Jul-2026,4.14,4.15,3.875,4.03,3078100
NBBK,28-Jul-2026,22.43,23.25,22.41,23.05,632700
NBIG,28-Jul-2026,13.96,14.11,11.0926,12.34,3197200
NBIL,28-Jul-2026,20.05,20.37,15.9,17.86,4959800
NBIS,28-Jul-2026,178.87,180.07,161.44,169.69,28902400
NBIX,28-Jul-2026,178.84,182.91,176.25,182.83,1333500
NBN,28-Jul-2026,133.13,137.2475,124.625,126.46,236900
NBP,28-Jul-2026,1.77,1.77,1.71,1.75,247600
NBRGR,28-Jul-2026,0.2163,0.2164,0.2163,0.2163,600
NBRGU,28-Jul-2026,10.15,10.15,10.15,10.15,1000
NBTB,28-Jul-2026,52.23,54.02,51.225,53.64,471500
NBTX,28-Jul-2026,38.7,38.7,36.365,37.82,126700
NCEL,28-Jul-2026,3.59,3.6499,3.48,3.48,9200
NCI,28-Jul-2026,11.83,12.18,11.83,11.96,690500
NCIQ,28-Jul-2026,15.81,15.98,15.69,15.94,42100
NCMI,28-Jul-2026,3.89,3.9899,3.885,3.96,252100
NCNA,28-Jul-2026,1.26,1.29,1.2502,1.29,12700
NCNO,28-Jul-2026,18.02,18.8,18,18.51,3016100
NCOOU,28-Jul-2026,10.02,10.03,10.01,10.015,75100
NCPB,28-Jul-2026,24.7,24.72,24.7,24.7169,400
NCPL,28-Jul-2026,0.3972,0.3999,0.3753,0.378,41500
NCPLW,28-Jul-2026,0.0157,0.0219,0.0157,0.0188,3900
NCRA,28-Jul-2026,1.41,1.47,1.37,1.43,62300
NCSM,28-Jul-2026,45.32,45.83,44.36,44.76,5600
NCT,28-Jul-2026,3.18,3.6799,3.07,3.49,794100
NCTY,28-Jul-2026,4.32,4.81,4.23,4.62,306400
NDAA,28-Jul-2026,23.5737,23.5737,23.5737,23.5737,100
NDAQ,28-Jul-2026,94.51,96.77,93.52,95.96,4263100
NDLS,28-Jul-2026,14.5,15.09,14.22,14.78,92800
NDRA,28-Jul-2026,4.66,4.7,4.3494,4.46,8200
NDSN,28-Jul-2026,299.37,303.4899,296.64,302.65,322900
NECB,28-Jul-2026,26.69,27.66,26.69,27.47,54200
NEGG,28-Jul-2026,14.35,15.09,13.28,14.08,68600
NEMG,28-Jul-2026,12.77,12.92,12.77,12.8304,1500
NEO,28-Jul-2026,13.28,13.62,13.05,13.4,2402600
NEOG,28-Jul-2026,9.41,9.655,9.18,9.19,2485300
NEON,28-Jul-2026,0.78,0.7819,0.7601,0.768,67800
NEOV,28-Jul-2026,2.15,2.16,1.95,2.01,1669700
NEOVW,28-Jul-2026,0.8,0.96,0.75,0.96,1800
NEPH,28-Jul-2026,3.41,3.5,3.2,3.5,26900
NERV,28-Jul-2026,4.19,4.38,3.95,4.28,199200
NESR,28-Jul-2026,26.64,26.64,25.07,25.55,1961800
NETG,28-Jul-2026,15.04,15.565,13.76,15.2942,24000
NEUP,28-Jul-2026,3.88,3.91,3.71,3.81,97100
NEWT,28-Jul-2026,14.38,14.95,14.25,14.7,216600
NEWTG,28-Jul-2026,25.55,25.59,25.52,25.59,1700
NEWTH,28-Jul-2026,25.13,25.2,25.115,25.1895,3800
NEWTI,28-Jul-2026,25.385,25.385,25.29,25.3193,5100
NEWTP,28-Jul-2026,24.85,24.875,24.836,24.875,3200
NEWZ,28-Jul-2026,29.44,29.445,29.4073,29.4073,100
NEXM,28-Jul-2026,2.16,2.16,2.0507,2.12,7900
NEXN,28-Jul-2026,10.3,10.585,9.84,10.46,582700
NEXR,28-Jul-2026,0.2698,0.447,0.26,0.3357,38603100
NEXRW,28-Jul-2026,0.0249,0.0249,0.0249,0.0274,0
NEXT,28-Jul-2026,6.36,6.4635,6.04,6.14,5708100
NFE,28-Jul-2026,0.3384,0.3384,0.3246,0.33,1989800
NFLX,28-Jul-2026,72.07,73.755,71.23,72.39,47160100
NFRX,28-Jul-2026,27.0488,27.0488,27.0488,27.0488,100
NFTY,28-Jul-2026,54.05,54.62,54.05,54.485,22900
NFXL,28-Jul-2026,15.53,16.26,15.22,15.67,988800
NFXS,28-Jul-2026,21.4,21.4,20.73,21.13,21500
NGEN,28-Jul-2026,1.65,1.66,1.6,1.61,385500
NGHT,28-Jul-2026,20.77,20.77,20.721,20.7381,7500
NGNE,28-Jul-2026,34.59,34.59,32.87,33.22,157400
NHIC,28-Jul-2026,10.8,10.8,10.7,10.71,18800
NHIV,28-Jul-2026,10.09,10.1,10.09,10.1,600
NHIVW,28-Jul-2026,0.6401,0.6401,0.6401,0.6401,200
NHP,28-Jul-2026,16.32,16.885,15.67,16.08,394700
NHPAP,28-Jul-2026,23.06,23.19,22.75,23.15,11200
NHPBP,28-Jul-2026,22.41,22.5885,22.41,22.56,4400
NHTC,28-Jul-2026,1.89,1.9499,1.8149,1.82,23600
NICE,28-Jul-2026,96.94,101.57,96.94,101.41,755800
NICM,28-Jul-2026,5.86,5.88,5.76,5.88,3800
NIKI,28-Jul-2026,8.1,9.24,7.9177,8.93,43000
NIKL,28-Jul-2026,12.58,12.66,12.47,12.58,25400
NIOBW,28-Jul-2026,1.298,1.298,1.02,1.08,4600
NIOG,28-Jul-2026,10.75,10.86,10.66,10.8281,7400
NIPG,28-Jul-2026,20.3,21.56,12.9475,15.18,51800
NIU,28-Jul-2026,2.67,2.74,2.6426,2.65,181600
NIVF,28-Jul-2026,1.01,1.015,0.9,0.93,118500
NIVFW,28-Jul-2026,0.0201,0.0201,0.0172,0.0172,16900
NIXT,28-Jul-2026,33.7,33.8594,33.7,33.8594,800
NIXX,28-Jul-2026,0.689,0.7495,0.6657,0.7059,1010700
NKLR,28-Jul-2026,5.08,5.35,4.99,5.22,439700
NKSH,28-Jul-2026,38.7,40.11,37.68,39.93,31200
NKTR,28-Jul-2026,71.41,72,68.73,70.77,713100
NKTX,28-Jul-2026,2.25,2.29,2.1401,2.22,592700
NMAD,28-Jul-2026,4.38,4.68,4.2,4.43,366000
NMFC,28-Jul-2026,6.93,7.105,6.89,7.07,543000
NMFCZ,28-Jul-2026,25.46,25.57,25.46,25.52,4600
NMIH,28-Jul-2026,43.47,44.05,43.21,43.95,305300
NMP,28-Jul-2026,10.305,10.305,10.3,10.3,5400
NMRA,28-Jul-2026,1.65,1.68,1.609,1.68,676900
NMRK,28-Jul-2026,16,16.35,15.99,16.195,1234900
NMTC,28-Jul-2026,1.79,1.83,1.64,1.67,43500
NN,28-Jul-2026,12.62,13.79,12.26,13.45,2840000
NNBR,28-Jul-2026,3.53,3.55,3.3,3.39,1124000
NNDM,28-Jul-2026,1.48,1.5,1.45,1.49,1451900
NNE,28-Jul-2026,15.95,16.3,15.2001,16.06,2081000
NNNN,28-Jul-2026,10.09,10.17,9.08,10.15,30500
NNOX,28-Jul-2026,0.9,0.9079,0.85,0.8776,822200
NODK,28-Jul-2026,16.2675,16.4499,15.6201,15.65,31400
NOEM,28-Jul-2026,10.46,12.62,10.46,10.99,27800
NOEMU,28-Jul-2026,11.24,12.12,11.24,12.12,1200
NOEMW,28-Jul-2026,0.14,0.18,0.14,0.18,3300
NOMA,28-Jul-2026,3.09,3.09,3.09,3.09,3200
NOVT,28-Jul-2026,139.28,142.61,137.29,141.62,498000
NOVTU,28-Jul-2026,59.74,61.32,59.59,60.27,6200
NOWL,28-Jul-2026,4.87,5.37,4.85,5.22,31955900
NPAC,28-Jul-2026,10.4,10.42,10.4,10.41,102000
NPCE,28-Jul-2026,15.53,15.83,15.2,15.31,154700
NPFI,28-Jul-2026,25.91,25.91,25.875,25.885,21700
NPT,28-Jul-2026,2.67,2.8246,2.67,2.79,12800
NRC,28-Jul-2026,21.53,23.25,21.2982,22.34,112400
NRDS,28-Jul-2026,9.45,9.645,9.45,9.58,547600
NRES,28-Jul-2026,32.5124,32.5124,32.5124,32.5124,100
NRIM,28-Jul-2026,27,27.31,26.86,26.97,183100
NRIX,28-Jul-2026,23.57,24.18,22.555,24.15,1148000
NRSN,28-Jul-2026,0.548,0.6096,0.515,0.5583,504000
NRSNW,28-Jul-2026,0.06,0.1,0.06,0.1,3800
NRXP,28-Jul-2026,3.58,3.605,3.27,3.54,1041800
NSI,28-Jul-2026,36.19,36.4,36.06,36.3375,5800
NSIT,28-Jul-2026,124.13,126.72,122.08,124.8,293400
NSLR,28-Jul-2026,10.05,10.23,9.8,10.17,156800
NSPR,28-Jul-2026,0.68,0.7076,0.6674,0.6845,46600
NSSC,28-Jul-2026,36.34,37.36,36.26,37.25,274600
NSTS,28-Jul-2026,13.8,13.81,13.78,13.805,21400
NSYS,28-Jul-2026,15.15,15.15,14.32,14.455,10900
NTAL,28-Jul-2026,25.61,27.776,25.61,27.776,900
NTAP,28-Jul-2026,168.51,174.92,163.68,174.53,2787600
NTCL,28-Jul-2026,3.11,3.27,3.05,3.27,18200
NTCT,28-Jul-2026,39.98,39.98,38.5901,39.69,421600
NTES,28-Jul-2026,127.15,128.42,126.81,127.35,711800
NTGR,28-Jul-2026,25.1,25.86,24.66,24.72,380800
NTHI,28-Jul-2026,3.45,3.6228,3.45,3.49,52800
NTIC,28-Jul-2026,8,8.19,8,8.05,6500
NTLA,28-Jul-2026,10.52,10.94,10.15,10.89,4859900
NTNX,28-Jul-2026,57.5,59.68,56.86,59.05,3060600
NTRA,28-Jul-2026,256.46,257.44,248.58,252.22,1024600
NTRB,28-Jul-2026,3.02,3.02,2.955,2.955,1800
NTRP,28-Jul-2026,1.76,1.76,1.64,1.64,32400
NTRS,28-Jul-2026,182.32,183.99,179.58,180.86,1016600
NTRSO,28-Jul-2026,18.45,18.46,18.38,18.43,24600
NTSK,28-Jul-2026,11.7,12.16,11.33,11.98,2791000
NTWK,28-Jul-2026,4.36,4.39,4.31,4.32,4200
NUAI,28-Jul-2026,4.6,4.6,4.265,4.395,5400900
NUAIW,28-Jul-2026,2.045,2.045,1.87,1.95,15600
NUCL,28-Jul-2026,5.35,5.93,5.35,5.44,460500
NUCLW,28-Jul-2026,0.883,0.915,0.6401,0.7635,326300
NUG,28-Jul-2026,10.2677,10.755,10.26,10.626,19300
NUGY,28-Jul-2026,13.09,13.16,13.08,13.14,4400
NUIF,28-Jul-2026,26.1,26.1,25.8075,25.8075,100
NUSB,28-Jul-2026,25.2403,25.245,25.2403,25.245,100
NUTX,28-Jul-2026,147.17,149.99,143,149.03,119900
NUWE,28-Jul-2026,1.93,1.9526,1.83,1.93,60000
NVAX,28-Jul-2026,7.49,7.5353,7.15,7.37,2869400
NVCR,28-Jul-2026,16.99,17.05,16.155,16.31,1383900
NVCT,28-Jul-2026,19.85,20,19,19.82,195500
NVD,28-Jul-2026,5.34,5.45,5.13,5.22,109126900
NVDA,28-Jul-2026,195,198.7,192.74,197.01,134111500
NVDD,28-Jul-2026,34.75,35.13,34.1,34.42,218900
NVDG,28-Jul-2026,15.87,16.49,15.645,16.24,193200
NVDL,28-Jul-2026,27.84,28.95,27.23,28.42,9639300
NVDS,28-Jul-2026,23.26,23.665,22.66,22.98,258400
NVDU,28-Jul-2026,110.99,115.0401,108.47,113.145,315100
NVEC,28-Jul-2026,114,117.73,108.675,116.61,289400
NVMI,28-Jul-2026,411.45,413.52,394.645,402.32,851100
NVNI,28-Jul-2026,1.15,1.15,1.07,1.09,22900
NVNO,28-Jul-2026,10.13,10.4,10.13,10.4,2400
NVPS,28-Jul-2026,21.3,21.3,20.3,20.4766,3300
NVTS,28-Jul-2026,10.2,10.385,9.43,10.01,28807600
NVX,28-Jul-2026,0.4032,0.4043,0.3833,0.3861,80400
NVYY,28-Jul-2026,12.18,12.215,12.13,12.1948,28000
NWBI,28-Jul-2026,15.87,16.16,15.725,15.9,1812300
NWE,28-Jul-2026,73,73.475,72.27,72.29,331100
NWFL,28-Jul-2026,33.73,34.5535,33.73,34.05,37300
NWGL,28-Jul-2026,0.23,0.249,0.2298,0.2379,95800
NWL,28-Jul-2026,5.18,5.325,5.18,5.26,6980600
NWPX,28-Jul-2026,129.3,129.3,122.49,126.25,260000
NWS,28-Jul-2026,31.23,32.03,31.145,31.81,1095700
NWSA,28-Jul-2026,27.49,28.265,27.22,28.18,2693900
NWTG,28-Jul-2026,1.1299,1.1299,1.05,1.0601,6900
NXGL,28-Jul-2026,0.44,0.46,0.4372,0.4404,18900
NXGLW,28-Jul-2026,0.0152,0.0152,0.0152,0.0152,3400
NXL,28-Jul-2026,0.37,0.385,0.3209,0.3349,692500
NXPI,28-Jul-2026,263.05,266.165,259.1,259.12,6498600
NXPL,28-Jul-2026,6.2,6.4,5.94,5.94,19600
NXST,28-Jul-2026,188.23,196.17,186.03,193.77,264500
NXT,28-Jul-2026,100.26,100.755,94.19,95.35,4111200
NXTC,28-Jul-2026,4.9,5.7,4.83,5.42,236300
NXTG,28-Jul-2026,142.59,144.61,142.59,144.0017,27500
NXTS,28-Jul-2026,1.51,1.62,1.4301,1.55,610500
NXTT,28-Jul-2026,0.6105,0.6583,0.5603,0.6019,187000
NXXT,28-Jul-2026,0.2983,0.31,0.285,0.2991,1241100
NYAX,28-Jul-2026,68.62,70.15,68.56,68.66,12900
NYXH,28-Jul-2026,1.4,1.44,1.39,1.43,109500
NZAC,28-Jul-2026,45.02,45.409,45.0199,45.2789,2300
OABI,28-Jul-2026,2.04,2.095,1.95,1.97,312900
OABIW,28-Jul-2026,0.061,0.088,0.04,0.0834,30300
OACC,28-Jul-2026,10.72,10.75,10.71,10.74,178700
OBA,28-Jul-2026,10.26,10.26,10.26,10.26,1000
OBAI,28-Jul-2026,0.46,0.5057,0.4403,0.5014,249900
OBAWW,28-Jul-2026,0.22,0.2201,0.2003,0.22,5000
OBIL,28-Jul-2026,49.93,49.945,49.925,49.935,12700
OBIO,28-Jul-2026,3.83,3.89,3.815,3.86,194300
OBT,28-Jul-2026,37.76,39.12,37.75,38.88,44200
OBTC,28-Jul-2026,20.16,20.5166,20.16,20.5166,2100
OCC,28-Jul-2026,14.45,14.45,12.9201,13.66,257600
OCCI,28-Jul-2026,2.27,2.42,2.27,2.39,225600
OCCIM,28-Jul-2026,25.09,25.09,25.0001,25.08,1900
OCCIN,28-Jul-2026,24.78,24.78,24.78,24.78,300
OCFC,28-Jul-2026,19.69,20.095,19.69,20.04,673500
OCG,28-Jul-2026,1.64,1.95,1.6,1.78,650200
OCGN,28-Jul-2026,1.27,1.27,1.21,1.24,4879000
OCS,28-Jul-2026,10.82,11.39,10.75,11.055,435800
OCSAW,28-Jul-2026,3.8,3.89,3.63,3.67,5300
OCSL,28-Jul-2026,11.78,12.0275,11.745,12,452000
OCTV,28-Jul-2026,16.93,17.5,16.89,17.38,719200
OCUL,28-Jul-2026,8.61,8.665,8.305,8.45,2373400
ODD,28-Jul-2026,16.43,17.34,16.4,16.99,550600
ODDS,28-Jul-2026,25.402,25.402,25.402,25.402,100
ODFL,28-Jul-2026,227.1,230.8,225.815,226.28,2071300
ODTE,28-Jul-2026,25.86,25.91,25.82,25.8379,2800
ODTX,28-Jul-2026,19.17,19.6,18.2,18.43,144000
ODYS,28-Jul-2026,4.33,4.5867,4.2601,4.35,7700
OESX,28-Jul-2026,10.32,10.91,10.16,10.31,66000
OFAL,28-Jul-2026,0.1026,0.1149,0.0976,0.1087,1094500
OFIX,28-Jul-2026,12,12.58,11.955,12.26,268300
OFLX,28-Jul-2026,30.19,30.875,30.15,30.3,71300
OFS,28-Jul-2026,3.43,3.47,3.3601,3.38,46200
OFSSH,28-Jul-2026,23.66,23.8,23.6,23.8,2700
OGI,28-Jul-2026,0.95,0.95,0.915,0.9487,108600
OHAC,28-Jul-2026,9.935,9.94,9.935,9.935,600
OIO,28-Jul-2026,2.04,2.08,1.868,1.97,120500
OKLL,28-Jul-2026,2.74,2.7672,2.38,2.64,11055100
OKTA,28-Jul-2026,136.26,136.87,129.02,136.21,2180400
OKTG,28-Jul-2026,27.39,27.81,25.4,27.5958,5900
OKUR,28-Jul-2026,4.06,4.3,3.735,3.95,96500
OKYO,28-Jul-2026,1.65,1.67,1.59,1.64,84900
OLB,28-Jul-2026,0.31,0.3209,0.3086,0.3104,62200
OLED,28-Jul-2026,80.37,83.58,79.765,82.29,980500
OLLI,28-Jul-2026,67.08,70.705,67.08,68.97,1860800
OLMA,28-Jul-2026,11.86,11.935,11.15,11.62,1165600
OLOX,28-Jul-2026,4.98,5.1351,4.94,4.94,7000
OM,28-Jul-2026,4.32,4.84,4.32,4.72,179700
OMAB,28-Jul-2026,103.71,109.96,103.32,108.27,76700
OMCL,28-Jul-2026,41.91,43.13,41.77,43.05,753700
OMDA,28-Jul-2026,20.81,20.97,19.405,20.43,2197800
OMER,28-Jul-2026,11.16,11.29,10.58,11.28,2222400
OMEX,28-Jul-2026,0.69,0.7018,0.6578,0.6728,187500
OMH,28-Jul-2026,0.16,0.222,0.1231,0.15,95203300
OMSE,28-Jul-2026,4.15,4.18,4.1385,4.15,3600
ON,28-Jul-2026,86.19,86.88,83.63,84.39,11085200
ONB,28-Jul-2026,26.48,26.97,26.455,26.89,4533800
ONBPO,28-Jul-2026,25.1,25.1,25.0001,25.05,2200
ONBPP,28-Jul-2026,24.95,25.09,24.95,25.054,4400
ONC,28-Jul-2026,325.01,331.69,324.16,330.46,257400
ONCH,28-Jul-2026,10.27,10.28,10.27,10.28,25100
ONCHU,28-Jul-2026,10.41,10.41,10.4,10.4,6000
ONCO,28-Jul-2026,0.82,0.8428,0.784,0.8301,152400
ONCY,28-Jul-2026,0.78,0.803,0.78,0.7921,868300
ONDG,28-Jul-2026,2.73,2.8536,2.47,2.8463,2207200
ONDS,28-Jul-2026,7.74,7.905,7.37,7.86,61977200
ONEG,28-Jul-2026,1.03,1.04,1.03,1.03,45800
ONEQ,28-Jul-2026,97.73,98.3781,96.7906,98,305700
ONEW,28-Jul-2026,13.25,13.69,13.02,13.05,112900
ONFO,28-Jul-2026,0.14,0.1993,0.1069,0.1148,232381800
ONFOW,28-Jul-2026,0.0101,0.0134,0.0101,0.0132,84700
ONMD,28-Jul-2026,0.57,0.7354,0.5602,0.709,22931700
ONMDW,28-Jul-2026,0.0349,0.0349,0.0349,0.0281,0
OPAL,28-Jul-2026,2.26,2.275,2.2,2.23,81900
OPBK,28-Jul-2026,15.62,16.8,15.62,16.16,91200
OPCH,28-Jul-2026,22.18,22.83,21.97,22.48,4112800
OPEG,28-Jul-2026,2.78,2.98,2.65,2.976,44100
OPEN,28-Jul-2026,3.8,3.98,3.72,3.94,28800900
OPENL,28-Jul-2026,0.179,0.1903,0.177,0.1842,208100
OPENW,28-Jul-2026,0.3161,0.35,0.288,0.3162,402400
OPENZ,28-Jul-2026,0.16,0.169,0.1462,0.1649,400900
OPI,28-Jul-2026,18.39,19.08,17.86,18.49,126600
OPK,28-Jul-2026,1.38,1.73,1.37,1.65,34590100
OPPJ,28-Jul-2026,55.89,56.22,55.69,55.86,59900
OPRA,28-Jul-2026,18.83,19.16,18.52,19.1,325900
OPRT,28-Jul-2026,5.75,5.9,5.715,5.74,342800
OPRX,28-Jul-2026,6.4,6.442,6.26,6.34,171600
OPTH,28-Jul-2026,4.8,4.885,4.6,4.76,22900
OPTX,28-Jul-2026,6.95,6.99,5.83,6.38,1094000
OPTXW,28-Jul-2026,1.08,1.11,0.9301,1,53500
OPTZ,28-Jul-2026,43.92,44.1955,43.64,44.1955,6700
OPXS,28-Jul-2026,11.47,11.65,11.16,11.37,14600
ORBS,28-Jul-2026,0.6131,0.6132,0.572,0.5974,15350900
ORBX,28-Jul-2026,39.95,40.2,38.54,40.16,26000
ORCS,28-Jul-2026,37.56,38.49,36.189,36.7672,45800
ORCU,28-Jul-2026,5.19,5.6073,4.9,5.39,4214900
ORCX,28-Jul-2026,14.58,15.67,13.71,15.07,3547900
ORGO,28-Jul-2026,2.57,2.605,2.53,2.53,301100
ORIC,28-Jul-2026,11.93,12.1287,11.58,11.91,1144800
ORIO,28-Jul-2026,0.6205,0.7,0.6205,0.6575,64200
ORIQW,28-Jul-2026,0.1149,0.1275,0.1149,0.1275,900
ORKA,28-Jul-2026,89.35,90.79,87.0859,90.45,766500
ORKT,28-Jul-2026,1.03,1.04,0.9851,1,3400
ORLG,28-Jul-2026,12.39,12.39,12.2,12.3191,1700
ORLY,28-Jul-2026,91.65,93.24,90.82,91.17,11869900
ORMP,28-Jul-2026,4.16,4.18,4.06,4.17,112700
ORR,28-Jul-2026,37.15,37.45,37.15,37.3537,43100
ORRF,28-Jul-2026,42.65,43.78,42.65,43.63,90500
OSBC,28-Jul-2026,24.78,25.23,24.76,25.22,515900
OSCG,28-Jul-2026,25.91,31.21,25.91,30.9061,16000
OSCX,28-Jul-2026,96.01,118.78,95.99,118.2913,2900
OSIS,28-Jul-2026,217.3,222.565,217.3,220.64,128400
OSPN,28-Jul-2026,15.28,15.74,15.14,15.44,365300
OSPRU,28-Jul-2026,10.05,10.06,10.05,10.06,7200
OSRH,28-Jul-2026,0.4311,0.4628,0.43,0.4566,276000
OSRHW,28-Jul-2026,0.0415,0.0415,0.0415,0.0415,100
OSS,28-Jul-2026,12.05,12.05,10.81,11.75,1175500
OSUR,28-Jul-2026,3.96,4.04,3.93,4.02,237400
OSW,28-Jul-2026,27.45,28.09,27.235,27.73,752300
OTEX,28-Jul-2026,23.92,24.95,23.865,24.79,2057100
OTGA,28-Jul-2026,10.17,10.18,10.17,10.18,39800
OTGAW,28-Jul-2026,0.4261,0.43,0.4261,0.43,11600
OTGL,28-Jul-2026,10.7,10.77,10.7,10.77,1000
OTLK,28-Jul-2026,1.01,1.015,0.82,0.904,34871000
OTLY,28-Jul-2026,14.3,15.24,14.02,15.16,318400
OTTR,28-Jul-2026,92.95,94.3,92.72,93.59,183900
OUST,28-Jul-2026,33.08,34.33,30.822,33.91,3820200
OVBC,28-Jul-2026,43.17,43.17,41.78,42.01,20600
OVID,28-Jul-2026,2.42,2.42,2.24,2.36,1351100
OVLY,28-Jul-2026,33.69,34.63,33.69,34.35,27100
OWLS,28-Jul-2026,5.44,5.44,5.34,5.345,12500
OXBR,28-Jul-2026,1.63,1.6553,1.46,1.46,20500
OXBRW,28-Jul-2026,0.1246,0.1246,0.1246,0.1246,1200
OXLC,28-Jul-2026,8.35,8.76,8.35,8.75,1093700
OXLCG,28-Jul-2026,25.135,25.135,25.135,25.135,500
OXLCI,28-Jul-2026,25.65,25.65,25.49,25.5,3500
OXLCL,28-Jul-2026,24.5666,24.66,24.5648,24.5648,1000
OXLCM,28-Jul-2026,24.87,25.17,24.84,25.17,13600
OXLCN,28-Jul-2026,24.68,24.78,24.5601,24.7798,9600
OXLCZ,28-Jul-2026,24.7744,24.7999,24.7744,24.7999,6500
OXSQ,28-Jul-2026,1.42,1.42,1.38,1.4,690800
OXSQH,28-Jul-2026,24.96,25.1,24.96,25.1,1600
OYSE,28-Jul-2026,10.28,10.28,10.28,10.28,700
OYSER,28-Jul-2026,0.1132,0.1154,0.1131,0.1153,700
OZEM,28-Jul-2026,32.56,32.879,32.56,32.81,7500
OZK,28-Jul-2026,50.38,51.51,50.38,51.5,1039900
OZKAP,28-Jul-2026,16.3509,16.45,16.3509,16.45,12100
PAA,28-Jul-2026,24.42,24.67,24.175,24.43,1916400
PAAC,28-Jul-2026,9.96,9.96,9.94,9.94,300
PABD,28-Jul-2026,68.96,68.97,68.8338,68.8338,2300
PABU,28-Jul-2026,74.71,74.76,74.5958,74.5958,5200
PACB,28-Jul-2026,1.35,1.415,1.32,1.39,7931200
PAGP,28-Jul-2026,26.32,26.5,26.05,26.27,975500
PAHC,28-Jul-2026,35.55,37.3999,35.5005,36.37,399100
PAL,28-Jul-2026,7.06,7.19,6.96,7.02,114700
PALD,28-Jul-2026,12.47,12.75,12.32,12.3915,23400
PALI,28-Jul-2026,2.02,2.03,1.96,2.02,2052400
PALU,28-Jul-2026,43.59,45.2951,41.3,44.04,98800
PAMT,28-Jul-2026,17.16,17.44,16.43,17.18,10700
PANG,28-Jul-2026,27.13,27.59,25.47,27.1478,37400
PANL,28-Jul-2026,7.45,7.565,7.34,7.54,380800
PANW,28-Jul-2026,317.51,323.395,308.54,319,6511200
PARAW,28-Jul-2026,0.008,0.0091,0.008,0.0086,31100
PARK,28-Jul-2026,19.44,19.44,18.32,18.32,20300
PASG,28-Jul-2026,4.47,4.59,4.42,4.57,15000
PASW,28-Jul-2026,0.116,0.1232,0.1141,0.1232,202200
PATK,28-Jul-2026,85.96,88.72,85.96,87.88,502000
PATN,28-Jul-2026,34.03,34.03,33,33.4185,50600
PAVM,28-Jul-2026,5.36,5.38,5.2,5.38,3500
PAVS,28-Jul-2026,4.88,4.95,4.44,4.63,583900
PAX,28-Jul-2026,11.06,11.13,10.9401,11.1,1216600
PAYO,28-Jul-2026,7.13,7.18,7.12,7.15,3301900
PAYP,28-Jul-2026,15.76,16,14.98,15.155,1357100
PAYS,28-Jul-2026,8.91,9.22,8.8,9.12,406800
PAYX,28-Jul-2026,116.64,119.96,116.64,118.87,5284400
PBEU,28-Jul-2026,33.95,34.285,33.92,34.2312,29000
PBFS,28-Jul-2026,17.9445,18.41,17.9445,18.02,10700
PBK,28-Jul-2026,0.47,0.4768,0.4245,0.431,625000
PBLS,28-Jul-2026,31.55,33.03,30.51,31.96,360800
PBM,28-Jul-2026,3.05,3.1974,2.9601,3.16,52000
PBMWW,28-Jul-2026,0.0253,0.035,0.0253,0.0349,300
PBOG,28-Jul-2026,32.68,32.98,32.355,32.39,35100
PBPH,28-Jul-2026,27.8,28.25,27.8,28.04,71300
PBQQ,28-Jul-2026,30.89,30.89,30.54,30.7,5900
PBRG,28-Jul-2026,34.92,34.92,34.1767,34.1767,300
PBSC,28-Jul-2026,25.1895,25.1895,25.1895,25.1895,100
PBYI,28-Jul-2026,8,8.23,7.67,7.97,310400
PCAP,28-Jul-2026,10.31,10.31,10.31,10.31,12400
PCAPU,28-Jul-2026,10.36,10.36,10.36,10.36,2400
PCAR,28-Jul-2026,131.94,139.24,131.4,138.21,5676600
PCB,28-Jul-2026,28.04,28.655,27.8,28.15,47500
PCLA,28-Jul-2026,5,7,4.31,5.85,751400
PCMM,28-Jul-2026,49.59,49.9,49.58,49.775,16000
PCPI,28-Jul-2026,50.08,50.08,50.065,50.065,100
PCRX,28-Jul-2026,26.78,27.16,26.59,26.81,466000
PCSA,28-Jul-2026,2.65,3.11,2.5217,3.05,141700
PCT,28-Jul-2026,5.98,6.19,5.87,6.17,3521300
PCTTW,28-Jul-2026,1.63,1.7,1.55,1.66,4100
PCTY,28-Jul-2026,132.83,138.96,132.32,138.68,1083000
PCVX,28-Jul-2026,55.93,57.03,54.04,54.6,1301500
PCYO,28-Jul-2026,10.83,11,10.705,10.76,58300
PDBA,28-Jul-2026,36.87,37.33,36.87,37.2016,74600
PDBC,28-Jul-2026,17.21,17.2495,16.975,17.06,5422600
PDC,28-Jul-2026,3.63,4.24,3.415,3.73,20000
PDD,28-Jul-2026,85,86.337,84.99,85.71,4122100
PDDL,28-Jul-2026,13.63,13.824,13.5,13.64,13100
PDEX,28-Jul-2026,57.71,57.71,54.77,56.34,103600
PDFS,28-Jul-2026,44.79,45.38,42.32,44.59,729900
PDLB,28-Jul-2026,20.17,20.6699,20.055,20.49,55100
PDP,28-Jul-2026,132.23,132.23,128.07,130.56,70800
PDSB,28-Jul-2026,0.7,0.7064,0.6701,0.6906,75900
PDYN,28-Jul-2026,5.03,5.11,4.825,5.05,938100
PDYNW,28-Jul-2026,0.0111,0.0114,0.01,0.0102,153700
PEBK,28-Jul-2026,43.5,43.6925,42.788,43.43,24000
PEBO,28-Jul-2026,40.96,42.285,40.85,42.23,295700
PECE,28-Jul-2026,9.93,9.94,9.92,9.93,11700
PECER,28-Jul-2026,0.39,0.39,0.36,0.36,2600
PECEU,28-Jul-2026,10.34,10.34,10.18,10.32,10200
PECO,28-Jul-2026,43.76,43.76,42.6,42.64,1536100
PEGA,28-Jul-2026,29.1,30.15,28.98,29.53,5107700
PENG,28-Jul-2026,49.72,50,46.01,48.13,4088600
PENN,28-Jul-2026,21.24,21.36,20.915,21.08,1890200
PEP,28-Jul-2026,143.21,145.43,141.785,142.86,10648800
PEPG,28-Jul-2026,1.88,1.8999,1.735,1.83,622800
PEPS,28-Jul-2026,31.985,31.985,31.985,31.985,100
PERI,28-Jul-2026,9.49,9.64,9.48,9.61,299000
PESI,28-Jul-2026,15.3,17.25,14.56,16.64,625200
PETS,28-Jul-2026,1.97,2.03,1.96,2.01,114200
PETZ,28-Jul-2026,1.24,1.25,1.2,1.21,2000
PEY,28-Jul-2026,24.62,25.06,24.62,24.85,325700
PEZ,28-Jul-2026,101.05,102.21,101.05,102.206,700
PFAI,28-Jul-2026,3.28,3.28,3.2,3.2,1200
PFBC,28-Jul-2026,104.92,107,103.615,105.18,136800
PFDE,28-Jul-2026,27.24,27.44,27.11,27.3765,23300
PFF,28-Jul-2026,30.31,30.41,30.235,30.36,3137800
PFG,28-Jul-2026,110.93,114.81,109.67,114.09,2649900
PFI,28-Jul-2026,62.46,62.85,62.01,62.79,4500
PFIS,28-Jul-2026,70.45,72.45,70.45,71.93,31600
PFM,28-Jul-2026,56.75,57.1499,56.75,56.9673,9300
PFOE,28-Jul-2026,22.79,23.06,22.75,22.9869,10700
PFSA,28-Jul-2026,1.02,1.1,0.8608,1.04,585000
PFX,28-Jul-2026,44.2499,44.8799,42.93,42.93,15500
PFXNZ,28-Jul-2026,23.935,24,23.935,24,300
PGAC,28-Jul-2026,10.72,10.72,10.72,10.72,500
PGC,28-Jul-2026,45.38,47.97,44.605,47.72,442200
PGEN,28-Jul-2026,5.41,5.57,5.2238,5.53,3760500
PGJ,28-Jul-2026,24.25,24.43,24.25,24.4,39400
PGNY,28-Jul-2026,30.87,31.045,29.93,30.76,1735900
PGY,28-Jul-2026,16.77,16.9946,15.81,16.61,2058100
PGYWW,28-Jul-2026,0.0278,0.0299,0.0256,0.0297,20100
PHAR,28-Jul-2026,12.76,12.9826,12.3966,12.86,4200
PHAT,28-Jul-2026,11.41,12.24,11.272,11.66,689200
PHIO,28-Jul-2026,1.03,1.035,1,1.01,122600
PHO,28-Jul-2026,69.93,71.57,69.93,71.49,117700
PHOE,28-Jul-2026,19.4,19.5,16.63,17.28,22300
PHUN,28-Jul-2026,2.08,2.15,2.075,2.14,68600
PHVS,28-Jul-2026,34.24,34.5,33.11,33.645,205000
PI,28-Jul-2026,129.95,134.27,125.74,133.03,435400
PICS,28-Jul-2026,12.82,12.95,12.0001,12.4,376800
PID,28-Jul-2026,23.11,23.4499,23.11,23.39,54000
PIE,28-Jul-2026,29.5,29.84,29.34,29.6,47700
PIII,28-Jul-2026,10.48,11.145,10.27,10.52,23700
PIIIW,28-Jul-2026,0.0127,0.0127,0.0073,0.01,2800
PIO,28-Jul-2026,44.2,44.98,44.12,44.8776,15100
PIZ,28-Jul-2026,50.6,50.94,50.17,50.7292,246600
PKBK,28-Jul-2026,33.67,34.5,33.59,34.13,41100
PKOH,28-Jul-2026,39.16,39.725,38.35,39.15,91400
PKW,28-Jul-2026,146.58,148.29,146.58,148.16,124500
PLA,28-Jul-2026,24.46,24.46,23.83,24.135,2100
PLAB,28-Jul-2026,28.47,29.2,27.79,29.15,1150200
PLAY,28-Jul-2026,10.46,10.73,10.24,10.39,725900
PLBC,28-Jul-2026,61.65,62.83,60.72,62.2,52200
PLBL,28-Jul-2026,7.03,7.1,6.735,6.75,13300
PLBY,28-Jul-2026,1.26,1.265,1.22,1.22,439600
PLCE,28-Jul-2026,2.38,2.51,2.29,2.51,163300
PLCIU,28-Jul-2026,9.97,9.98,9.96,9.96,71500
PLMK,28-Jul-2026,10.6,10.6,10.59,10.595,25100
PLMKU,28-Jul-2026,10.81,10.81,10.81,10.81,300
PLMR,28-Jul-2026,142.79,146.47,142,143.16,230200
PLPC,28-Jul-2026,302.53,302.53,289.02,297.11,96700
PLRX,28-Jul-2026,1.07,1.1,1.07,1.07,358700
PLRZ,28-Jul-2026,13.85,13.88,10.31,11.26,88500
PLSE,28-Jul-2026,33.27,36.29,32.86,35.47,684900
PLSM,28-Jul-2026,3.31,3.35,3.2113,3.28,50400
PLTD,28-Jul-2026,8.08,8.553,8.01,8.22,39706800
PLTG,28-Jul-2026,10.21,10.31,8.81,9.77,491600
PLTK,28-Jul-2026,3.92,4,3.88,3.98,821900
PLTR,28-Jul-2026,125.84,127.19,117.89,123.53,43597300
PLTU,28-Jul-2026,28.44,29.08,24.73,27.37,2645300
PLTZ,28-Jul-2026,29.04,32.22,28.57,29.92,800300
PLUG,28-Jul-2026,2.005,2.06,1.95,1.96,83748100
PLUL,28-Jul-2026,7.07,7.4099,6.745,6.8919,29600
PLUR,28-Jul-2026,1.65,1.7299,1.64,1.68,8600
PLUS,28-Jul-2026,90.25,93.125,89.06,92.6,238000
PLXS,28-Jul-2026,247.1,253.44,239.55,250.08,408800
PLYX,28-Jul-2026,1.98,2,1.86,1.99,78000
PLYY,28-Jul-2026,8.43,8.43,8.22,8.3545,21200
PMA,28-Jul-2026,1.25,1.33,1.25,1.26,22600
PMAX,28-Jul-2026,1.55,1.6,1.51,1.55,42000
PMBS,28-Jul-2026,48.74,49,48.74,48.845,64200
PMCB,28-Jul-2026,0.5856,0.62,0.5801,0.59,112600
PMEC,28-Jul-2026,0.48,0.48,0.42,0.42,12500
PMN,28-Jul-2026,14.06,17.25,12.15,14.52,1776800
PMTR,28-Jul-2026,10.39,10.4,10.39,10.4,11700
PMTRW,28-Jul-2026,1,1,0.92,0.92,5500
PMTS,28-Jul-2026,20.56,21.2,20.46,21.16,28900
PMVP,28-Jul-2026,1.17,1.17,1.0975,1.1,471900
PN,28-Jul-2026,9.8,10.03,8.89,9.12,85800
PNBK,28-Jul-2026,1.11,1.11,1.065,1.1,101900
PNQI,28-Jul-2026,47.97,48.9,47.97,48.7742,53100
PNRG,28-Jul-2026,181.81,186.6,178.105,180.65,63000
PNTG,28-Jul-2026,41.34,42.69,41.135,42.02,266800
POCI,28-Jul-2026,4.34,4.49,4.2,4.44,31300
PODC,28-Jul-2026,3.87,3.93,3.73,3.8,18700
PODD,28-Jul-2026,167.22,172.915,166.69,167.47,1296100
POET,28-Jul-2026,6.71,6.8,6.28,6.76,10812800
POLA,28-Jul-2026,1.73,2.36,1.6,1.65,45441400
POLE,28-Jul-2026,10.795,10.8,10.79,10.795,19100
POLEU,28-Jul-2026,10.86,10.86,10.86,10.86,300
POM,28-Jul-2026,0.7026,0.7414,0.6801,0.6802,13800
PONY,28-Jul-2026,7.32,7.605,7.21,7.58,2903700
POOL,28-Jul-2026,186.61,192.81,185.88,192.16,1341700
POWI,28-Jul-2026,60.35,62,57.28,59.2,717200
POWL,28-Jul-2026,207.74,210.13,196.9201,201,1138200
POWW,28-Jul-2026,2.18,2.225,2.115,2.2,557500
POWWP,28-Jul-2026,24.5,24.5,24.2911,24.2911,700
PPBT,28-Jul-2026,1.3957,1.3957,1.36,1.37,3600
PPC,28-Jul-2026,29.91,30.58,29.557,29.81,1650000
PPCB,28-Jul-2026,1.29,1.3,1.17,1.21,78300
PPH,28-Jul-2026,112.96,114.57,112.96,113.57,694800
PPHC,28-Jul-2026,9.42,10.21,9.2,9.97,144400
PPI,28-Jul-2026,21.01,21.01,20.8601,20.8965,18200
PPIH,28-Jul-2026,25.51,25.7,25.03,25.41,53400
PPLI,28-Jul-2026,42.67,43.105,41.92,42.09,1003800
PPSI,28-Jul-2026,3.06,3.0637,2.81,2.9,45400
PPTA,28-Jul-2026,17.86,17.86,16.96,17.39,928600
PQAP,28-Jul-2026,31.54,31.54,31.54,31.54,100
PQJA,28-Jul-2026,31.085,31.085,31.085,31.085,100
PQJL,28-Jul-2026,29.53,29.74,29.49,29.7254,2000
PQOC,28-Jul-2026,30.69,30.7343,30.69,30.7343,6700
PRAA,28-Jul-2026,18.17,18.6,17.88,18.04,323800
PRAX,28-Jul-2026,316.96,316.96,290.0901,295.81,438600
PRCH,28-Jul-2026,12.66,12.73,11.87,12.63,1605300
PRCT,28-Jul-2026,17.27,18.32,17.27,18.08,1581500
PRDO,28-Jul-2026,31.9,33.08,31.85,32.84,598800
PRE,28-Jul-2026,18.68,18.68,17.5,18.26,119100
PRFX,28-Jul-2026,1.07,1.115,1.04,1.07,104700
PRFZ,28-Jul-2026,53.83,53.983,53.45,53.95,56200
PRGS,28-Jul-2026,39.3,41.28,39.125,40.37,736800
PRHI,28-Jul-2026,5.13,5.13,5.05,5.1,1700
PRLD,28-Jul-2026,4.55,4.87,4.19,4.64,1859000
PRME,28-Jul-2026,3,3.1,2.865,3.09,3096500
PRMR,28-Jul-2026,27.37,27.595,27.245,27.4234,469500
PRN,28-Jul-2026,217.6,217.6,206.41,209.83,59500
PROF,28-Jul-2026,7.34,7.4605,7.01,7.25,81000
PROK,28-Jul-2026,1.55,1.55,1.495,1.54,788100
PROP,28-Jul-2026,0.73,0.73,0.6803,0.6804,1841600
PROV,28-Jul-2026,17.48,18,17.4,17.6,15100
PRPL,28-Jul-2026,8.23,8.23,7.7,8.21,19800
PRPO,28-Jul-2026,22.92,23.59,22.51,22.67,86100
PRQR,28-Jul-2026,1.73,1.76,1.66,1.76,495100
PRSO,28-Jul-2026,0.688,0.688,0.654,0.67,199100
PRTA,28-Jul-2026,8.7,8.78,8.36,8.56,802200
PRTH,28-Jul-2026,6.5,6.9,6.5,6.89,212400
PRTS,28-Jul-2026,4.99,5.54,4.99,5.24,17100
PRVA,28-Jul-2026,24.99,25.6,24.1858,24.83,1149900
PRZO,28-Jul-2026,0.491,0.497,0.4404,0.4443,518700
PSC,28-Jul-2026,68.17,68.5,67.865,68.4859,84300
PSCC,28-Jul-2026,37.44,38.02,37.44,37.7386,4900
PSCD,28-Jul-2026,121.2,121.8756,121.2,121.8756,300
PSCE,28-Jul-2026,55.89,55.89,54.42,54.6334,30000
PSCF,28-Jul-2026,67.1,67.7919,67.1,67.7919,3700
PSCH,28-Jul-2026,53.2,53.65,53.06,53.5805,11800
PSCI,28-Jul-2026,179.1,179.1674,178.6,179.1674,1200
PSCM,28-Jul-2026,98.61,98.61,96.78,96.8897,600
PSCT,28-Jul-2026,76.75,77.99,75.61,77.63,50600
PSCU,28-Jul-2026,64.982,64.982,64.982,64.982,100
PSEC,28-Jul-2026,2.23,2.26,2.2,2.23,3843000
PSET,28-Jul-2026,77.56,77.9479,77.56,77.9479,500
PSHG,28-Jul-2026,1.8,1.815,1.79,1.81,30200
PSIG,28-Jul-2026,1.2,1.2,1.19,1.19,24600
PSIX,28-Jul-2026,29.3,29.3,27.26,27.9,829400
PSKY,28-Jul-2026,8.08,8.18,7.955,8.07,15798600
PSL,28-Jul-2026,114.83,116.26,114.83,116.1966,1200
PSMT,28-Jul-2026,188.37,193.31,187.68,191.34,316400
PSNL,28-Jul-2026,11.82,12.04,11.55,11.88,2809500
PSNY,28-Jul-2026,13.8,14.83,13.755,13.98,239600
PSNYW,28-Jul-2026,2.5,2.5001,2.33,2.37,17900
PSTR,28-Jul-2026,30.8598,31,30.81,30.9206,9000
PSTV,28-Jul-2026,3.78,3.79,3.595,3.76,54600
PSWD,28-Jul-2026,40.51,41.1799,40.51,40.8226,1900
PTAC,28-Jul-2026,9.89,9.9048,9.89,9.9048,10000
PTACU,28-Jul-2026,10.01,10.05,10.01,10.05,1000
PTACW,28-Jul-2026,0.1511,0.1511,0.1511,0.1511,700
PTC,28-Jul-2026,127.44,130.58,126.815,127.51,1392200
PTCT,28-Jul-2026,75.64,76.17,72.615,75.39,1487600
PTEN,28-Jul-2026,9.43,9.465,9.07,9.17,10078300
PTF,28-Jul-2026,93.99,93.99,87.47,91.2,350300
PTGX,28-Jul-2026,136.69,137,133.2,136.84,282300
PTH,28-Jul-2026,58.13,58.13,56.61,57.983,65300
PTIR,28-Jul-2026,10.62,10.8444,9.215,10.22,4905400
PTLE,28-Jul-2026,9.82,10.21,9.5,10,35300
PTLO,28-Jul-2026,4.67,4.815,4.625,4.68,1490100
PTN,28-Jul-2026,8.09,8.165,7.21,7.68,6800
PTNQ,28-Jul-2026,81.36,81.855,80.54,81.5034,52000
PTON,28-Jul-2026,6.27,6.56,6.26,6.55,9234700
PTOR,28-Jul-2026,9.97,9.975,9.95,9.95,17500
PTRN,28-Jul-2026,23.03,23.68,22.07,23.14,1599900
PUBM,28-Jul-2026,12.9,13.26,12.82,13.03,299500
PUI,28-Jul-2026,46.42,46.69,46.1331,46.1331,1700
PUL,28-Jul-2026,21.283,21.283,21.283,21.283,100
PULM,28-Jul-2026,1.68,1.72,1.68,1.68,11800
PUR,28-Jul-2026,9.91,10.7361,9.66,10.7361,9600
PURR,28-Jul-2026,6,6.19,5.8,6.16,9558700
PUSA,28-Jul-2026,3.21,3.24,2.75,2.86,741900
PVLA,28-Jul-2026,142.28,146.8,137.74,142.84,148600
PWCM,28-Jul-2026,1.95,2.05,1.8601,1.96,132900
PWP,28-Jul-2026,16.3,16.715,15.91,16.13,1185400
PWRD,28-Jul-2026,107.28,107.6378,104.8,106,176000
PWRL,28-Jul-2026,12.12,12.2524,11.6649,12,133900
PXI,28-Jul-2026,57.15,57.17,56.6684,56.6684,135400
PXLW,28-Jul-2026,5.92,5.935,5.72,5.84,33200
PXS,28-Jul-2026,4.48,4.6,4.445,4.53,33300
PY,28-Jul-2026,56.84,57.3299,56.84,57.2826,13300
PYPD,28-Jul-2026,3.96,3.99,3.7139,3.75,139600
PYPG,28-Jul-2026,8.49,9.13,8.45,9.1,1054100
PYPL,28-Jul-2026,56.76,58.8,56.46,58.32,22908800
PYXS,28-Jul-2026,2.9,3.05,2.74,2.91,1727200
PYZ,28-Jul-2026,120.19,120.48,119.7001,120.3542,1600
PZZA,28-Jul-2026,31.07,31.76,30.65,31,1314400
QABA,28-Jul-2026,69.18,69.64,69.18,69.6032,5700
QALT,28-Jul-2026,26.45,26.45,26.4,26.4429,8900
QAT,28-Jul-2026,17.6,17.61,17.54,17.5752,5800
QB,28-Jul-2026,47.24,47.24,47.24,47.24,100
QBIG,28-Jul-2026,38.45,38.6157,38.45,38.6157,900
QBTS,28-Jul-2026,18.65,18.89,17.26,17.635,24173700
QBTZ,28-Jul-2026,4.5,5.1,4.425,4.93,4671700
QBUF,28-Jul-2026,29.87,29.94,29.69,29.87,34100
QBY,28-Jul-2026,6.98,6.98,6.83,6.86,5700
QCLN,28-Jul-2026,48.51,48.51,46.85,48.12,211200
QCLR,28-Jul-2026,27.45,27.46,27.4376,27.4376,300
QCLS,28-Jul-2026,3.26,3.295,2.8,2.84,431700
QCMD,28-Jul-2026,18.3,18.58,18.1416,18.5617,67500
QCML,28-Jul-2026,15.44,15.97,14.9,15.01,672100
QCMU,28-Jul-2026,19.13,19.85,18.6,18.65,149500
QCOM,28-Jul-2026,164.9,167.92,162.16,162.88,16147400
QCRH,28-Jul-2026,100.81,103.34,100.675,103.28,150400
QDEL,28-Jul-2026,16.5,17.51,16.5,16.67,989700
QDTY,28-Jul-2026,38.67,38.73,38.0401,38.5836,19700
QETAR,28-Jul-2026,0.7,0.845,0.6001,0.65,3200
QETAU,28-Jul-2026,11.51,11.51,11.51,11.51,100
QEW,28-Jul-2026,28.835,28.96,28.69,28.8871,30100
QFF,28-Jul-2026,24.145,24.32,24.11,24.275,16200
QFIN,28-Jul-2026,13.28,13.66,13.18,13.63,1051600
QGRD,28-Jul-2026,28.54,28.54,28.4533,28.4533,4600
QH,28-Jul-2026,4.51,4.92,4.37,4.6,56500
QLDY,28-Jul-2026,40.52,40.64,39.9201,40.4905,49100
QLYS,28-Jul-2026,135.01,139.12,131.91,135.75,641500
QMCO,28-Jul-2026,10.91,11.425,9.86,11.28,1141500
QMID,28-Jul-2026,30.13,30.1832,30.13,30.1832,600
QMLS,28-Jul-2026,6.2,6.9,5.5,6.48,1495600
QMOM,28-Jul-2026,73.66,73.66,71.61,72.6719,14400
QNCX,28-Jul-2026,17.47,19.37,17.36,19.37,37600
QNDX,28-Jul-2026,22.91,23.005,22.62,22.88,385500
QNME,28-Jul-2026,0.328,0.3481,0.3014,0.3106,59400
QNRX,28-Jul-2026,4.2234,4.3699,4.2,4.2,8500
QNST,28-Jul-2026,15.85,16.26,15.76,15.94,584800
QNT,28-Jul-2026,52,52.89,47.1301,49.78,1680800
QNTM,28-Jul-2026,2.97,3.145,2.9001,3,49000
QNXT,28-Jul-2026,30.37,30.575,30.348,30.5338,9100
QOWZ,28-Jul-2026,34.49,35.3,34.49,35.2225,7500
QPUX,28-Jul-2026,14.5,14.71,12.84,13.97,178500
QQA,28-Jul-2026,53.71,53.8,52.95,53.5363,143300
QQDN,28-Jul-2026,23.9086,23.9086,23.9086,23.9086,100
QQEW,28-Jul-2026,151.85,153.57,151.23,153.12,21300
QQHG,28-Jul-2026,63.99,63.99,63.8914,63.8914,200
QQLV,28-Jul-2026,26.28,26.28,26.01,26.0412,8500
QQMG,28-Jul-2026,47.02,47.11,46.39,46.97,14100
QQQ,28-Jul-2026,676.23,679.4,667.88,675.49,51398700
QQQA,28-Jul-2026,69,69.275,67.11,68.9294,40200
QQQE,28-Jul-2026,116.2,116.9519,115.66,116.44,135900
QQQG,28-Jul-2026,28.78,29.21,28.63,29.0788,8400
QQQH,28-Jul-2026,53.65,53.65,53.03,53.3558,44500
QQQI,28-Jul-2026,52.12,52.36,51.475,52.07,6026600
QQQJ,28-Jul-2026,43.86,44.1,43.54,44.05,84300
QQQM,28-Jul-2026,278.44,279.7079,274.99,278.14,3737800
QQQP,28-Jul-2026,193.95,194.92,193.18,193.6744,2200
QQQS,28-Jul-2026,42.04,42.04,41.495,41.9867,5200
QQQT,28-Jul-2026,17.32,18.24,17.1515,17.4593,82600
QQQX,28-Jul-2026,29.43,29.57,29.09,29.26,72100
QQQY,28-Jul-2026,21.72,21.835,21.49,21.74,85100
QQUP,28-Jul-2026,54.84,55.65,54.84,55.2965,5700
QQWZ,28-Jul-2026,26.79,27.08,26.71,26.9903,12500
QQXL,28-Jul-2026,48.2569,48.2569,48.2569,48.2569,500
QQXT,28-Jul-2026,100.25,101.0003,100.25,101.0003,1000
QRHC,28-Jul-2026,1.3,1.36,1.29,1.345,25100
QRMI,28-Jul-2026,14.99,14.99,14.89,14.9557,13800
QRVO,28-Jul-2026,89.76,92.34,89.08,91.76,1904600
QS,28-Jul-2026,5,5.2,4.77,5.17,43181600
QSEA,28-Jul-2026,10.57,10.58,10.57,10.57,5700
QSI,28-Jul-2026,0.775,0.7799,0.7401,0.7606,3268900
QSIX,28-Jul-2026,40.02,40.24,39.77,40.1667,3000
QSML,28-Jul-2026,33.99,34.1153,33.99,34.1153,200
QTEC,28-Jul-2026,290.98,293.54,285.74,291.25,219100
QTEX,28-Jul-2026,0.92,0.92,0.8349,0.8729,1420900
QTI,28-Jul-2026,2.8,2.83,2.64,2.65,42000
QTOP,28-Jul-2026,35.13,35.22,34.57,34.98,127100
QTR,28-Jul-2026,32.93,32.93,32.8441,32.8441,500
QTRX,28-Jul-2026,3.62,3.73,3.47,3.49,467400
QTTB,28-Jul-2026,15.71,15.88,14.79,15.71,536200
QTUM,28-Jul-2026,137.73,137.92,134.0743,136.84,634800
QUBT,28-Jul-2026,7.75,7.875,7.3,7.72,8655800
QUCY,28-Jul-2026,1.11,1.1474,1.04,1.09,491600
QUIK,28-Jul-2026,12.66,12.8799,11.53,12.27,478600
QURE,28-Jul-2026,37.59,38.015,35.34,36.66,3011600
QVAL,28-Jul-2026,58.52,59.115,58.52,59.0835,30600
QVOL,28-Jul-2026,93.04,93.99,92.01,93.4417,13100
QXL,28-Jul-2026,4.66,4.957,4.46,4.62,89700
QXQ,28-Jul-2026,29.79,30.14,29.79,29.9352,37200
QYLD,28-Jul-2026,17.48,17.5359,17.33,17.48,5218700
QYLG,28-Jul-2026,28.11,28.28,27.9,28.19,54600
RAA,28-Jul-2026,29.42,29.42,29.17,29.2284,14300
RACC,28-Jul-2026,13.34,14.35,13.1,13.84,117100
RACD,28-Jul-2026,11.3,11.49,10.62,10.9,6800
RADX,28-Jul-2026,3.6,3.6,2.85,3.31,164700
RAIL,28-Jul-2026,8.52,8.55,8.34,8.53,166300
RAIN,28-Jul-2026,1.3076,1.36,1.3076,1.32,2500
RAND,28-Jul-2026,10.07,10.07,10.07,10.07,1700
RANGR,28-Jul-2026,0.2601,0.2601,0.2199,0.2539,1500
RANI,28-Jul-2026,0.79,0.8281,0.783,0.8193,342400
RAPP,28-Jul-2026,43.27,44.28,40.89,41.96,353900
RARE,28-Jul-2026,26.57,27.285,25.22,25.98,1844300
RAUS,28-Jul-2026,29,29.14,28.99,29.0918,3000
RAVE,28-Jul-2026,3.14,3.19,3,3.09,39300
RAY,28-Jul-2026,2.8075,2.8075,2.8075,2.8075,1100
RAYA,28-Jul-2026,2.5808,2.64,2.4,2.4201,8100
RBB,28-Jul-2026,26.61,26.91,26.48,26.56,155600
RBBN,28-Jul-2026,2.03,2.0793,1.96,2.05,948900
RBCAA,28-Jul-2026,97.98,101.18,97.37,100.64,129500
RBIL,28-Jul-2026,49.94,49.95,49.9201,49.93,10300
RBKB,28-Jul-2026,12.32,12.515,12.25,12.41,113700
RBNE,28-Jul-2026,3.11,3.1695,2.56,2.64,210000
RCAT,28-Jul-2026,7.565,7.565,7.0601,7.45,6346800
RCAX,28-Jul-2026,2.71,2.72,2.4099,2.7102,258300
RCEL,28-Jul-2026,4.81,4.83,4.52,4.61,101000
RCGE,28-Jul-2026,30.9819,30.9819,30.9819,30.9819,100
RCKT,28-Jul-2026,3.25,3.3408,3.095,3.14,1544700
RCKTW,28-Jul-2026,0.002,0.0033,0.0019,0.0033,154400
RCKY,28-Jul-2026,41.61,43.49,41.61,42.73,97900
RCMT,28-Jul-2026,28.33,29.31,28,28.86,36800
RCON,28-Jul-2026,0.48,0.48,0.43,0.4369,111100
RCT,28-Jul-2026,0.19,0.191,0.1705,0.1825,610300
RDAC,28-Jul-2026,6.01,6.3,6,6.07,2500
RDAG,28-Jul-2026,10.37,10.37,10.35,10.35,3000
RDAGU,28-Jul-2026,10.49,10.49,10.48,10.48,3600
RDAGW,28-Jul-2026,0.3211,0.3211,0.321,0.321,2300
RDCM,28-Jul-2026,13.25,13.29,12.89,13.08,92500
RDGT,28-Jul-2026,1.28,1.2899,1.14,1.16,479700
RDHL,28-Jul-2026,0.72,0.73,0.65,0.73,123200
RDI,28-Jul-2026,1.4718,1.4745,1.37,1.46,45400
RDIB,28-Jul-2026,8.72,8.72,8.6,8.6,900
RDNT,28-Jul-2026,62.15,63.84,61.7,63.22,928600
RDNW,28-Jul-2026,6.51,6.83,6.35,6.5,125000
RDTL,28-Jul-2026,21.23,21.59,19.92,20.98,250900
RDTY,28-Jul-2026,37.67,37.92,37.43,37.92,17800
RDVT,28-Jul-2026,63.05,66.67,62.16,66.46,118500
RDVY,28-Jul-2026,80.52,81.15,80.29,81.03,1174200
RDWR,28-Jul-2026,29.68,29.68,28.21,28.21,230900
RDZN,28-Jul-2026,1.25,1.2799,1.224,1.26,266800
RDZNW,28-Jul-2026,0.115,0.12,0.111,0.12,8100
REAI,28-Jul-2026,21.7853,21.7853,21.7853,21.7853,100
REAL,28-Jul-2026,11.64,11.98,11.26,11.93,2673500
REAX,28-Jul-2026,1.75,1.83,1.69,1.72,3755800
REBN,28-Jul-2026,1.27,1.28,1.16,1.23,55000
RECT,28-Jul-2026,1.25,1.3499,1.06,1.08,37600
REFI,28-Jul-2026,10.08,10.18,10.0127,10.09,156500
REFR,28-Jul-2026,0.458,0.482,0.412,0.4369,99500
REG,28-Jul-2026,82.79,83.01,80.855,80.97,1606300
REGCP,28-Jul-2026,23.05,23.13,23.05,23.075,2300
REGN,28-Jul-2026,676.93,696.74,676.46,695.18,900400
REIT,28-Jul-2026,31.98,32.04,31.845,31.8564,8700
REKR,28-Jul-2026,0.608,0.6388,0.6011,0.6313,687400
RELL,28-Jul-2026,19.63,20.05,18.57,18.76,777500
RELY,28-Jul-2026,22.66,23.36,22.32,23.33,2855200
REMG,28-Jul-2026,33.98,34.54,33.95,34.3871,42800
RENT,28-Jul-2026,3.22,3.55,3.17,3.53,62200
RENX,28-Jul-2026,1.92,1.94,1.77,1.78,75800
REPL,28-Jul-2026,6.61,6.62,5.135,5.35,24020400
RETO,28-Jul-2026,2.58,2.58,2.58,2.58,1400
REVB,28-Jul-2026,1.08,1.1,1.0379,1.0379,2200
REXC,28-Jul-2026,15.78,15.78,15.1533,15.38,72100
REYN,28-Jul-2026,25.96,26.475,25.61,25.81,1689900
RFAI,28-Jul-2026,11.06,11.1,11.06,11.1,500
RFAIR,28-Jul-2026,0.12,0.12,0.108,0.1181,20100
RFAM,28-Jul-2026,9.89,9.89,9.89,9.89,100
RFDI,28-Jul-2026,88.11,88.6,88.01,88.5341,5000
RFEM,28-Jul-2026,89.765,90.55,89.765,90.3284,1300
RFIL,28-Jul-2026,12,12,11.13,11.27,268100
RGC,28-Jul-2026,5.67,6.08,5.33,5.97,164100
RGCO,28-Jul-2026,22.65,23.1908,22.1246,22.98,10900
RGEN,28-Jul-2026,139.7,154,137.35,145.34,2508100
RGLD,28-Jul-2026,199.21,200.37,195.71,196.16,748800
RGLO,28-Jul-2026,32.24,32.5199,32.1901,32.4727,8400
RGNX,28-Jul-2026,9.59,9.77,9.175,9.6,1389800
RGP,28-Jul-2026,3.88,4,3.82,3.96,443500
RGS,28-Jul-2026,27.25,27.53,27,27.29,13200
RGTI,28-Jul-2026,15.04,15.11,14.0501,14.52,18021900
RGTIW,28-Jul-2026,6.24,6.24,5.05,5.46,92300
RGTX,28-Jul-2026,10.31,10.36,8.9,9.56,654900
RGTZ,28-Jul-2026,5.09,5.68,5.055,5.41,3255000
RGYY,28-Jul-2026,6.76,6.789,6.65,6.755,13300
RIBBU,28-Jul-2026,10.73,10.73,10.73,10.73,400
RICK,28-Jul-2026,26.26,26.96,26.095,26.53,33600
RIFR,28-Jul-2026,29.3,29.3,28.968,28.968,1200
RIGL,28-Jul-2026,37.48,38.63,36.84,38.5,142500
RILY,28-Jul-2026,6.78,6.89,6.5,6.72,773000
RILYG,28-Jul-2026,24.48,24.5,24.35,24.5,3500
RILYL,28-Jul-2026,13.38,13.56,12.7001,12.74,16400
RILYN,28-Jul-2026,24.898,24.898,24.83,24.83,9300
RILYP,28-Jul-2026,13.11,13.2999,12.38,12.4464,27500
RILYT,28-Jul-2026,20.01,20.07,19.86,19.97,16800
RILYZ,28-Jul-2026,18.74,18.75,18.12,18.48,36800
RIME,28-Jul-2026,0.45,0.45,0.4055,0.4355,129900
RING,28-Jul-2026,64.31,64.5199,63.04,63.81,1729800
RINT,28-Jul-2026,31.72,32.13,31.72,32.07,11100
RIOT,28-Jul-2026,21.06,21.48,20.055,21.24,16291300
RITR,28-Jul-2026,0.085,0.0883,0.0707,0.0755,2749600
RIVN,28-Jul-2026,16.26,16.72,15.88,16.69,16119800
RJET,28-Jul-2026,18.07,18.48,17.65,18.42,83700
RKDA,28-Jul-2026,0.622,0.6522,0.622,0.63,17200
RKLB,28-Jul-2026,64.5,64.95,60.05,63.89,18442100
RKLX,28-Jul-2026,16.58,16.77,14.155,16.19,2897800
RKLZ,28-Jul-2026,5.25,5.91,5.2,5.36,6098100
RKNG,28-Jul-2026,20.08,20.7,20.08,20.6699,1000
RKTO,28-Jul-2026,0.7685,0.7999,0.7301,0.7799,616100
RLAY,28-Jul-2026,18.61,18.74,17.71,18.29,2933200
RLMD,28-Jul-2026,5.15,5.265,5.045,5.23,1514900
RLYB,28-Jul-2026,16.185,16.27,15.9,16.155,25300
RMBI,28-Jul-2026,15.5,15.94,15.41,15.47,34600
RMBS,28-Jul-2026,91.12,92.5,86.12,87.75,5610700
RMCF,28-Jul-2026,0.8673,0.9,0.8673,0.8783,21600
RMCO,28-Jul-2026,2.36,2.3604,2.26,2.33,2600
RMIX,28-Jul-2026,17.77,18.555,17,18.1,233000
RMNI,28-Jul-2026,4.74,4.975,4.74,4.89,511100
RMR,28-Jul-2026,20.38,20.5,20.05,20.05,165300
RMSG,28-Jul-2026,0.37,0.379,0.34,0.3775,166400
RMTI,28-Jul-2026,7.59,7.59,6.8801,6.99,27400
RNA,28-Jul-2026,11.59,11.625,11.355,11.49,91900
RNAC,28-Jul-2026,7.84,7.84,7.42,7.65,106200
RNAZ,28-Jul-2026,5.8,6,4.5001,5,42400
RNEM,28-Jul-2026,56.6655,56.6655,56.6655,56.6655,200
RNGT,28-Jul-2026,10.11,10.11,10.11,10.11,800
RNGTW,28-Jul-2026,0.396,0.396,0.342,0.342,700
RNIN,28-Jul-2026,35.24,35.83,35.24,35.7864,24100
RNRG,28-Jul-2026,34.34,34.35,34.22,34.22,1900
RNTX,28-Jul-2026,0.78,0.81,0.7319,0.7818,833900
RNW,28-Jul-2026,6.05,6.175,6.02,6.09,1223200
RNWWW,28-Jul-2026,0.0035,0.0035,0.0011,0.0034,9300
RNXT,28-Jul-2026,0.9325,0.9699,0.88,0.9073,219700
ROAD,28-Jul-2026,105.02,106.83,102.155,106.66,639200
ROBT,28-Jul-2026,53.44,54.185,53,53.9628,48900
ROC,28-Jul-2026,4.55,4.56,4.22,4.27,175300
ROCK,28-Jul-2026,46.18,47.53,45.945,46.73,373400
ROCQ,28-Jul-2026,53.72,53.87,53.03,53.7,218900
ROCY,28-Jul-2026,54.11,54.2,53.83,54.08,331600
ROE,28-Jul-2026,41.79,42.16,41.77,42.1534,93400
ROIV,28-Jul-2026,34.62,34.83,33.5,33.84,4400200
ROKU,28-Jul-2026,142.62,144.49,142.62,143.91,2297800
ROMA,28-Jul-2026,9.26,9.99,9.26,9.85,5900
ROOT,28-Jul-2026,59.7,61.44,58.74,61.4,242200
ROP,28-Jul-2026,385,401.24,384.94,390.92,1257900
ROST,28-Jul-2026,245.15,252.09,245.0301,251.03,3193300
RPAY,28-Jul-2026,4.09,4.19,4.05,4.16,334600
RPD,28-Jul-2026,9.71,10.155,9.55,9.61,2584600
RPGL,28-Jul-2026,1.73,2,1.73,1.9,124800
RPID,28-Jul-2026,2.02,2.09,1.95,2.06,98700
RPRX,28-Jul-2026,58.913,60.08,58.913,59.97,3139100
RR,28-Jul-2026,1.48,1.49,1.37,1.44,6203800
RRBI,28-Jul-2026,100.4,102.58,99.51,102,128100
RREV,28-Jul-2026,9.9,9.9,9.9,9.9,600
RREVW,28-Jul-2026,0.55,0.55,0.55,0.55,200
RRGB,28-Jul-2026,7.38,7.59,7.2,7.52,91600
RRR,28-Jul-2026,65.17,66.235,65.13,66.13,531700
RSSS,28-Jul-2026,2.2,2.22,2.2,2.2,7400
RSVR,28-Jul-2026,10.83,11.22,10.74,11.1,106800
RTAC,28-Jul-2026,10.48,10.49,10.42,10.48,133300
RTACW,28-Jul-2026,0.65,0.65,0.62,0.6217,11800
RTB,28-Jul-2026,17.5,19,16.24,18.78,102300
RTH,28-Jul-2026,263,265.007,263,263.8166,10000
RTXG,28-Jul-2026,29.93,30,28.61,29.1923,37300
RTYY,28-Jul-2026,9.89,9.96,9.86,9.91,6600
RUBI,28-Jul-2026,2.07,2.27,2.07,2.16,331100
RUM,28-Jul-2026,5.93,6.11,5.87,6.03,1914400
RUMBW,28-Jul-2026,1.54,1.61,1.5,1.56,6300
RUN,28-Jul-2026,9.64,9.96,9.3199,9.63,11233500
RUNN,28-Jul-2026,33.35,34.57,33.35,34.53,41800
RUSC,28-Jul-2026,37.885,37.895,37.82,37.895,2800
RUSHA,28-Jul-2026,77.85,78.98,76.855,78.82,405600
RUSHB,28-Jul-2026,77.07,77.62,75.76,77.25,70600
RVMD,28-Jul-2026,186.6,188.68,181.49,183.86,2401400
RVMDW,28-Jul-2026,9.3,9.44,8.74,8.84,12300
RVNL,28-Jul-2026,26.84,28.07,25.3213,28.0488,76500
RVSB,28-Jul-2026,5.32,5.46,5.285,5.37,61300
RVSN,28-Jul-2026,4.16,4.4,4.0565,4.115,11600
RVSNW,28-Jul-2026,0.029,0.029,0.0185,0.026,15600
RWAY,28-Jul-2026,5.47,5.535,5.415,5.52,461900
RWAYI,28-Jul-2026,24.81,24.9,24.8,24.85,1900
RWAYL,28-Jul-2026,25.36,25.43,25.3599,25.43,4300
RWIN,28-Jul-2026,26.67,26.67,26.67,26.67,100
RXRX,28-Jul-2026,2.97,3.05,2.86,3.05,24398100
RXST,28-Jul-2026,5.64,6.07,5.64,6.05,1330700
RXT,28-Jul-2026,3.8,3.875,3.56,3.81,6652700
RYAAY,28-Jul-2026,58.31,59.92,57.49,59.79,2161700
RYET,28-Jul-2026,1.01,1.03,1.009,1.02,37600
RYM,28-Jul-2026,18.34,19,18.27,19,4200
RYOJ,28-Jul-2026,4,5.3,3.8828,4.99,382000
RYTM,28-Jul-2026,107.13,110.99,106.02,108.04,1147400
RZLT,28-Jul-2026,4.92,5.03,4.81,4.92,980100
RZLV,28-Jul-2026,2.26,2.32,2.2,2.31,9313000
RZLVW,28-Jul-2026,0.75,0.755,0.75,0.755,2500
SABR,28-Jul-2026,1.77,1.89,1.77,1.88,2219000
SABS,28-Jul-2026,3.4,3.49,3.35,3.45,241300
SABSW,28-Jul-2026,0.0077,0.0079,0.0077,0.0079,13700
SAFT,28-Jul-2026,103.05,103.3,103,103.03,584000
SAFX,28-Jul-2026,0.3854,0.3925,0.3401,0.391,3340000
SAGT,28-Jul-2026,0.763,0.7999,0.7404,0.7549,77200
SAIA,28-Jul-2026,416.82,421.56,407.165,409.99,471700
SAIC,28-Jul-2026,120,122.61,118.0425,121.59,458300
SAIH,28-Jul-2026,17.3,21,17.3,18.9065,25600
SAIL,28-Jul-2026,15.42,16.095,15.1,15.78,3003300
SAMG,28-Jul-2026,10.5,10.715,10.29,10.49,57600
SANA,28-Jul-2026,3.25,3.415,3.18,3.29,3653100
SANG,28-Jul-2026,4.16,4.19,4.115,4.17,9100
SANM,28-Jul-2026,184.16,184.7394,162.41,172.43,2040400
SARK,28-Jul-2026,30.17,30.79,29.74,29.84,173900
SATA,28-Jul-2026,96.48,96.9999,95.4,95.4,174000
SATL,28-Jul-2026,3.42,3.565,3.295,3.53,4812100
SATLW,28-Jul-2026,0.33,0.393,0.315,0.37,35300
SBAC,28-Jul-2026,174.94,181.38,174.85,174.93,1003400
SBC,28-Jul-2026,3.2,3.25,3.16,3.21,138300
SBCF,28-Jul-2026,33.38,33.79,33.295,33.65,874400
SBET,28-Jul-2026,6.11,6.525,5.985,6.44,11347400
SBFG,28-Jul-2026,26.38,27.14,26.09,26.62,18900
SBFM,28-Jul-2026,1.55,1.57,1.41,1.43,85700
SBFMW,28-Jul-2026,0.08,0.08,0.0318,0.0554,900
SBGI,28-Jul-2026,13.61,14.25,13.56,14.12,475300
SBLK,28-Jul-2026,26.97,28.06,26.815,28,1876300
SBRA,28-Jul-2026,22.77,22.77,22.215,22.26,1853400
SBU,28-Jul-2026,20.66,20.66,19.82,19.8698,3600
SBUX,28-Jul-2026,105.83,106.068,102.655,103.1,7059500
SCA,28-Jul-2026,21.001,21.001,21.001,21.001,300
SCAG,28-Jul-2026,0.3,0.3473,0.3,0.305,78300
SCDS,28-Jul-2026,75.47,75.47,75.4317,75.4317,200
SCHL,28-Jul-2026,40.77,41.43,40.01,40.63,603200
SCII,28-Jul-2026,10.08,10.1,10.08,10.1,4300
SCIIR,28-Jul-2026,0.1711,0.1711,0.1711,0.1711,700
SCKT,28-Jul-2026,0.48,0.4802,0.47,0.4704,59100
SCLX,28-Jul-2026,7,7.07,6.66,6.82,112100
SCNI,28-Jul-2026,0.287,0.287,0.25,0.264,485900
SCNX,28-Jul-2026,0.37,0.3848,0.355,0.375,194100
SCOR,28-Jul-2026,7.29,7.691,7.24,7.67,9300
SCSC,28-Jul-2026,55.82,57.57,55.55,57.27,140700
SCTX,28-Jul-2026,18,18.89,17.5,18.06,428600
SCWO,28-Jul-2026,2.23,2.3,2.21,2.215,40300
SCYX,28-Jul-2026,3.55,3.7599,3.53,3.63,27100
SCZ,28-Jul-2026,82.51,83.3155,82.51,83.03,3177800
SCZM,28-Jul-2026,6.3,6.49,6.015,6.46,606600
SDA,28-Jul-2026,0.76,0.8199,0.7452,0.774,46000
SDAWW,28-Jul-2026,0.12,0.12,0.12,0.12,4000
SDG,28-Jul-2026,88.13,88.644,87.89,88.6359,8300
SDGR,28-Jul-2026,15.26,15.57,15.07,15.29,539100
SDHI,28-Jul-2026,10.47,10.48,10.47,10.47,7000
SDOT,28-Jul-2026,15.75,16.485,14.46,14.96,640700
SDSI,28-Jul-2026,51.1,51.14,51.1,51.12,8800
SDST,28-Jul-2026,1.45,1.475,1.27,1.3,384900
SDSTW,28-Jul-2026,0.0956,0.0956,0.0956,0.0956,6900
SDTY,28-Jul-2026,40.81,41.14,40.8,41.0992,10900
SDVY,28-Jul-2026,43.77,44.195,43.71,44.14,799300
SEAT,28-Jul-2026,7.86,8.27,7.59,8.07,119700
SEDG,28-Jul-2026,41.03,41.37,38,40.07,4813000
SEED,28-Jul-2026,1.02,1.02,0.98,0.98,10800
SEEM,28-Jul-2026,36.52,36.84,36.27,36.6179,25100
SEER,28-Jul-2026,1.94,2.19,1.88,2.14,5686600
SEGG,28-Jul-2026,0.601,0.64,0.572,0.582,638700
SEIC,28-Jul-2026,102.05,103.745,100.45,103.14,871100
SEIE,28-Jul-2026,35.56,35.87,35.55,35.7546,60800
SEIS,28-Jul-2026,32.38,32.53,32.18,32.52,27700
SELF,28-Jul-2026,5.08,5.14,5.06,5.09,16300
SEMY,28-Jul-2026,14.02,14.095,13.52,13.9946,196800
SENEA,28-Jul-2026,168.77,172.3099,167.67,170.33,94300
SENS,28-Jul-2026,5.07,5.12,4.84,4.91,416000
SEPN,28-Jul-2026,33.77,35.11,32.845,33.97,263300
SERA,28-Jul-2026,2.05,2.05,1.98,2.03,26100
SERV,28-Jul-2026,4.7,4.845,4.41,4.7,3816200
SETM,28-Jul-2026,28.57,28.7,27.86,28.33,160400
SEUS,28-Jul-2026,25.21,25.4192,25.2,25.4192,40600
SEV,28-Jul-2026,1.69,1.72,1.62,1.65,141900
SEVN,28-Jul-2026,8,8.1,7.92,8.04,183500
SEZL,28-Jul-2026,154,157.63,147.41,156.99,664400
SFBC,28-Jul-2026,45.15,45.155,44.25,44.32,5600
SFD,28-Jul-2026,26.89,27.53,26.75,27.1,880500
SFHG,28-Jul-2026,2.49,2.49,2.48,2.49,1900
SFIX,28-Jul-2026,4.05,4.225,3.995,4.22,1986200
SFLO,28-Jul-2026,36.73,37.64,36.73,37.5168,156300
SFM,28-Jul-2026,76.97,79.23,76.735,77.77,2340900
SFNC,28-Jul-2026,23.15,23.49,23.03,23.48,1163300
SFST,28-Jul-2026,62.18,63.08,62.06,62.49,82100
SFWL,28-Jul-2026,0.79,0.85,0.74,0.77,9500
SGA,28-Jul-2026,8.575,8.86,8.5301,8.81,11500
SGC,28-Jul-2026,12.52,13.25,12.52,12.94,69400
SGHT,28-Jul-2026,5.19,5.36,4.91,5.3,132400
SGLY,28-Jul-2026,4,5,3.92,4.46,211300
SGML,28-Jul-2026,9.77,9.77,9.15,9.49,2136700
SGMT,28-Jul-2026,7.4,7.48,7.1302,7.27,392600
SGP,28-Jul-2026,21.02,21.64,20.945,21.62,69700
SGRY,28-Jul-2026,15.4,15.85,15.32,15.58,1658300
SGVA,28-Jul-2026,100.44,100.445,100.435,100.445,1800
SHAZ,28-Jul-2026,55.32,56.06,44.8,44.98,4372400
SHBI,28-Jul-2026,23.87,24.545,23.87,24.44,191900
SHC,28-Jul-2026,17.27,17.84,17.27,17.76,5725600
SHEN,28-Jul-2026,11.68,12.27,11.66,11.84,700500
SHFS,28-Jul-2026,0.1819,0.1942,0.1817,0.1938,212300
SHIM,28-Jul-2026,3.91,4.16,3.85,4,72900
SHIP,28-Jul-2026,16.04,16.36,15.88,16.07,171600
SHLS,28-Jul-2026,9.03,9.04,8.3,8.54,5167900
SHMD,28-Jul-2026,4.2,4.2,3.82,4.01,450800
SHMDW,28-Jul-2026,1.19,1.37,1.19,1.28,91400
SHOE,28-Jul-2026,15.32,15.985,15.2,15.86,503400
SHOO,28-Jul-2026,43.69,44.35,42.86,44.06,902400
SHOP,28-Jul-2026,128.29,133.99,127.87,130.28,10244900
SHOT,28-Jul-2026,9.83,9.83,9.82,9.82,1400
SHPH,28-Jul-2026,2.86,2.9,2.71,2.79,72800
SHPU,28-Jul-2026,13.73,14.7999,13.63,14.0758,116400
SHRY,28-Jul-2026,46.91,46.944,46.91,46.944,200
SHY,28-Jul-2026,81.91,81.97,81.9,81.94,2955500
SIBN,28-Jul-2026,17.72,18.24,17.575,17.93,704800
SIDU,28-Jul-2026,1.79,1.81,1.7,1.775,5681000
SIEB,28-Jul-2026,1.69,1.69,1.53,1.6,22600
SIFY,28-Jul-2026,14.32,14.51,14,14.16,54400
SIGA,28-Jul-2026,3.11,3.34,3.01,3.34,1176200
SIGI,28-Jul-2026,92.06,95.1,91.41,94.4,1012400
SIGIP,28-Jul-2026,15.78,15.8089,15.77,15.8089,1900
SILC,28-Jul-2026,38.38,39.22,35.95,38.02,250800
SILO,28-Jul-2026,4.35,4.525,4.22,4.46,18800
SIMA,28-Jul-2026,10.9,10.94,10.85,10.94,4400
SIMAU,28-Jul-2026,10.85,10.91,10.85,10.91,2200
SIMO,28-Jul-2026,226,231.9894,213.08,221.42,1533400
SINT,28-Jul-2026,1.62,1.62,1.55,1.56,15200
SION,28-Jul-2026,45.41,46.69,44.11,46.55,320200
SIRI,28-Jul-2026,31.47,31.775,31.3,31.68,4025200
SITM,28-Jul-2026,495,500,464.0101,491.1,512200
SJ,28-Jul-2026,0.9,0.9555,0.885,0.92,8000
SJCP,28-Jul-2026,25.08,25.09,25.04,25.04,1200
SJLD,28-Jul-2026,25.205,25.205,25.205,25.205,100
SKDD,28-Jul-2026,18.855,20.67,18.732,20.22,17306700
SKHY,28-Jul-2026,135.91,136.49,128.2901,130.17,51088200
SKHY,28-Jul-2026,137.3,139.1,128.2901,130.125,33090013
SKIN,28-Jul-2026,0.7431,0.7482,0.6909,0.6986,1031900
SKK,28-Jul-2026,4.875,4.875,4.75,4.76,1300
SKOR,28-Jul-2026,48.04,48.09,48.03,48.0506,26300
SKRE,28-Jul-2026,6.0887,6.0887,5.91,5.91,25100
SKUU,28-Jul-2026,17.44,17.62,15.42,15.93,16029500
SKWD,28-Jul-2026,62.2,63.955,61.82,62.77,675300
SKYA,28-Jul-2026,1.34,1.42,1.25,1.4,71900
SKYAW,28-Jul-2026,0.0182,0.0323,0.0182,0.0321,17600
SKYE,28-Jul-2026,0.61,0.6192,0.595,0.6149,192000
SKYQ,28-Jul-2026,3.48,3.9295,3.34,3.67,2698400
SKYT,28-Jul-2026,30.92,31.46,29.9,31.18,898500
SKYU,28-Jul-2026,35.99,37.6815,35.33,37.6815,900
SKYW,28-Jul-2026,111.89,114.27,109.7576,113.75,703700
SKYX,28-Jul-2026,1.16,1.165,1.09,1.15,986500
SKYY,28-Jul-2026,135.7,138.7699,133.46,137.9,192800
SLAB,28-Jul-2026,217,218.25,216.68,217.25,394600
SLBT,28-Jul-2026,2.75,3.07,2.6502,2.75,38200
SLDB,28-Jul-2026,7.895,8.035,7.65,7.97,1235100
SLDE,28-Jul-2026,20.95,21.46,20.76,21.4,1025200
SLDP,28-Jul-2026,2.08,2.12,1.98,2.11,6557400
SLDPW,28-Jul-2026,0.053,0.056,0.036,0.0361,34200
SLE,28-Jul-2026,2.735,2.83,2.735,2.78,10800
SLGB,28-Jul-2026,0.5905,0.6,0.54,0.5684,288500
SLGL,28-Jul-2026,77.51,84.1,77.1,83.07,53100
SLM,28-Jul-2026,25.56,25.82,25.05,25.19,2711400
SLMBP,28-Jul-2026,74.24,74.82,74.23,74.64,1900
SLMT,28-Jul-2026,4.05,4.16,3.92,3.92,32700
SLN,28-Jul-2026,12.04,12.1689,10.55,11.55,1190800
SLNG,28-Jul-2026,4.8,5,4.73,4.79,18500
SLNH,28-Jul-2026,1.2,1.24,1.12,1.22,7406800
SLNHP,28-Jul-2026,10.02,10.5,10,10.5,900
SLP,28-Jul-2026,18.36,18.38,18.32,18.33,158800
SLQD,28-Jul-2026,50.12,50.17,50.12,50.15,247200
SLRC,28-Jul-2026,13.03,13.18,12.94,12.97,1875300
SLS,28-Jul-2026,10.35,10.43,9.19,10.09,10168500
SLSN,28-Jul-2026,0.9215,0.9998,0.9,0.9103,32200
SLVO,28-Jul-2026,62.7,62.7,61.2,61.84,486800
SLVR,28-Jul-2026,48.58,48.58,47.29,47.97,85000
SLXN,28-Jul-2026,2.48,2.54,2.342,2.45,15400
SLXNW,28-Jul-2026,0.0322,0.0322,0.0269,0.03,47000
SMBC,28-Jul-2026,77.8,79.1,77.38,78.85,101100
SMCF,28-Jul-2026,40.6399,40.7359,40.6399,40.7359,900
SMCI,28-Jul-2026,28.64,28.87,27.13,28.45,36449700
SMCIP,28-Jul-2026,50.21,50.78,48.39,50.47,200300
SMCL,28-Jul-2026,10.845,11.025,9.68,10.7,404600
SMCO,28-Jul-2026,29.56,29.69,29.5201,29.6725,7500
SMCX,28-Jul-2026,7.84,7.98,7.01,7.75,5187500
SMCZ,28-Jul-2026,7.39,8.1496,7.3,7.49,998500
SMH,28-Jul-2026,531.65,535.94,518.25,529.6,18429000
SMHC,28-Jul-2026,49.25,49.25,46.52,46.74,2456100
SMHX,28-Jul-2026,53.24,53.72,52,52.98,110800
SMID,28-Jul-2026,30.93,30.93,29.17,29.28,11400
SMMT,28-Jul-2026,13.01,13.05,12.25,12.55,5018900
SMOM,28-Jul-2026,28.1,28.1,27.99,28.0252,2400
SMPL,28-Jul-2026,10.96,11.21,10.61,10.64,2406700
SMRI,28-Jul-2026,43.96,44.36,43.935,44.2206,18200
SMSI,28-Jul-2026,2.51,2.54,2.44,2.51,11600
SMST,28-Jul-2026,58.445,60.6129,55,57.39,203400
SMTC,28-Jul-2026,113.73,114.76,108.22,111.3,3311900
SMTI,28-Jul-2026,26.05,27.085,26.05,26.64,51500
SMTK,28-Jul-2026,0.195,0.2089,0.1805,0.2081,422900
SMX,28-Jul-2026,16.02,16.48,15.47,15.67,43500
SMXT,28-Jul-2026,0.3393,0.36,0.3301,0.3304,196600
SMXWW,28-Jul-2026,0.0174,0.0174,0.0143,0.0168,28900
SMYY,28-Jul-2026,6.47,6.47,6.34,6.4,10600
SNAG,28-Jul-2026,4.1,4.5223,4.1,4.5223,43100
SNAL,28-Jul-2026,4.98,5.39,4.85,5.05,149600
SND,28-Jul-2026,4.58,4.58,4.12,4.13,552800
SNDK,28-Jul-2026,1173.6,1188,1050.72,1096.1,26627200
SNDL,28-Jul-2026,1.29,1.29,1.21,1.22,3417100
SNDX,28-Jul-2026,20.48,20.48,19.4001,19.63,939000
SNES,28-Jul-2026,1.32,1.35,1.31,1.34,12900
SNEX,28-Jul-2026,73.31,74.679,71,74.28,914900
SNFCA,28-Jul-2026,9.66,9.84,9.61,9.66,19200
SNGX,28-Jul-2026,0.37,0.37,0.3529,0.3616,418300
SNOA,28-Jul-2026,1.17,1.17,1.12,1.14,40100
SNPS,28-Jul-2026,392.575,402.26,379.825,383.82,2671700
SNSR,28-Jul-2026,44.57,45.2899,44.15,45.0348,7200
SNT,28-Jul-2026,1.74,1.77,1.62,1.74,15900
SNTG,28-Jul-2026,1.97,2.03,1.77,1.81,122400
SNTI,28-Jul-2026,0.363,0.39,0.3503,0.3816,157100
SNWV,28-Jul-2026,6.1,6.545,5.95,6.36,132700
SNY,28-Jul-2026,44.89,45.65,44.89,45.54,2850000
SNYR,28-Jul-2026,0.17,0.1734,0.1626,0.1705,126400
SOBR,28-Jul-2026,0.5927,0.6081,0.5436,0.6075,332200
SOCAW,28-Jul-2026,0.2502,0.2502,0.2501,0.2502,18900
SOCL,28-Jul-2026,45.56,46.2,45.56,46.1253,10800
SOFA,28-Jul-2026,12.4,12.8553,11.9204,12.6976,54200
SOFI,28-Jul-2026,16.56,16.85,16.17,16.74,83122300
SOFX,28-Jul-2026,8.51,8.765,8.07,8.64,1148200
SOGP,28-Jul-2026,12.46,12.58,12,12.28,12000
SOHU,28-Jul-2026,13.26,13.48,13.18,13.26,33100
SOLC,28-Jul-2026,14.57,14.8708,14.55,14.8708,5200
SOLS,28-Jul-2026,60.04,60.7,55.87,57.31,4379900
SOLT,28-Jul-2026,30.91,32.36,30.37,32.15,231800
SOLZ,28-Jul-2026,7.27,7.44,7.215,7.4097,1015900
SONM,28-Jul-2026,3.06,3.1,3.02,3.03,2300
SONO,28-Jul-2026,15.91,16.83,15.765,16.8,2424800
SOPH,28-Jul-2026,5.64,5.715,5.49,5.57,154900
SORA,28-Jul-2026,1.91,2.03,1.64,1.8,23200
SORN,28-Jul-2026,9.96,9.96,9.96,9.96,100
SOTK,28-Jul-2026,5.05,5.135,4.87,5.11,43500
SOUN,28-Jul-2026,6.29,6.51,6.02,6.24,41369200
SOUNW,28-Jul-2026,1.56,1.64,1.5,1.56,39500
SOUX,28-Jul-2026,10.41,11.2,9.66,10.31,39000
SOWG,28-Jul-2026,3.21,3.23,3.05,3.17,9300
SOXQ,28-Jul-2026,87.46,88.04,85,86.82,4121600
SOXX,28-Jul-2026,496.74,498.48,480.5,491.46,14904200
SPAI,28-Jul-2026,3.86,3.86,3.58,3.79,64600
SPAM,28-Jul-2026,39.275,40.2157,39.275,40.2157,500
SPAQ,28-Jul-2026,93.94,93.94,93.94,93.94,100
SPBC,28-Jul-2026,46.87,47.22,46.845,47.1616,9100
SPCB,28-Jul-2026,11,11,10.36,10.49,71300
SPCK,28-Jul-2026,22.205,22.205,22.1892,22.1892,400
SPCT,28-Jul-2026,28.47,28.47,28.3576,28.3576,4000
SPCX,28-Jul-2026,109.32,118.13,107.01,116.41,81714200
SPEG,28-Jul-2026,10.32,10.325,10.32,10.32,33300
SPFI,28-Jul-2026,44.9,45.477,44.045,45.37,223700
SPHL,28-Jul-2026,2.62,2.66,2.55,2.55,12200
SPIT,28-Jul-2026,31.14,31.55,31.14,31.4507,4100
SPKL,28-Jul-2026,11.63,11.75,11.565,11.62,95200
SPKLW,28-Jul-2026,1.4,1.52,1.35,1.52,5700
SPOG,28-Jul-2026,7.3,7.65,7.2166,7.6217,59100
SPOK,28-Jul-2026,10.85,11.04,10.85,10.89,151200
SPPL,28-Jul-2026,3.15,3.28,2.97,3.167,10900
SPRB,28-Jul-2026,42.16,43.2877,40.325,41.6,63100
SPRC,28-Jul-2026,5,5.57,4.98,5.33,17300
SPRO,28-Jul-2026,1.18,1.28,1.15,1.195,1602300
SPRX,28-Jul-2026,41.28,41.28,38.83,40.29,234200
SPRY,28-Jul-2026,5.72,6.01,5.66,5.67,1353800
SPSC,28-Jul-2026,67.095,69.28,66.7,68.495,636400
SPT,28-Jul-2026,8.43,8.855,8.36,8.69,1180100
SPTX,28-Jul-2026,20.65,20.65,19.575,19.9,75200
SPWH,28-Jul-2026,1.15,1.18,1.12,1.17,529300
SPWR,28-Jul-2026,0.3822,0.4257,0.2767,0.29,40458500
SPWRW,28-Jul-2026,0.11,0.11,0.04,0.04,236000
SPXD,28-Jul-2026,29.2475,29.2475,29.2475,29.2475,100
SPYQ,28-Jul-2026,182.8278,182.8278,182.8278,182.8278,100
SQFT,28-Jul-2026,2.21,2.3,2.19,2.3,3400
SQFTP,28-Jul-2026,5.83,5.83,5.83,5.83,600
SQFTW,28-Jul-2026,0.0145,0.0147,0.014,0.0142,24300
SQLV,28-Jul-2026,53.96,54.0278,53.92,54.0278,500
SQQQ,28-Jul-2026,46.395,48.0599,45.77,46.51,58376100
SQS,28-Jul-2026,27.1,27.39,27.1,27.3586,11600
SRAD,28-Jul-2026,14.88,15.14,14.66,14.82,1090100
SRBK,28-Jul-2026,19.27,19.73,19.225,19.61,16900
SRCE,28-Jul-2026,87.86,91.32,87.175,90.62,200900
SRET,28-Jul-2026,23.08,23.28,23.08,23.23,29900
SRPT,28-Jul-2026,15.74,15.975,15.045,15.43,3533400
SRRK,28-Jul-2026,48.98,49.515,47.29,49.37,943800
SRTA,28-Jul-2026,5.1,5.15,5.01,5.09,773000
SRTS,28-Jul-2026,3.04,3.04,2.93,2.94,7800
SRZN,28-Jul-2026,19.92,21,19.01,19.4,458900
SSAC,28-Jul-2026,10.0208,10.04,10.0208,10.04,242400
SSACW,28-Jul-2026,0.1111,0.1129,0.0951,0.11,53900
SSBI,28-Jul-2026,13.07,13.25,13.07,13.17,7700
SSEA,28-Jul-2026,10.3,10.3,10.3,10.3,100000
SSEAU,28-Jul-2026,10.33,10.33,10.23,10.23,3200
SSII,28-Jul-2026,4.05,4.1462,3.8561,3.93,109200
SSM,28-Jul-2026,4.17,4.24,3.82,4.18,14200
SSNC,28-Jul-2026,76.54,78.76,76.305,77.9,2604900
SSP,28-Jul-2026,3,3.095,2.98,3.08,383600
SSRM,28-Jul-2026,25.86,25.87,24.74,25.41,2861500
SSS,28-Jul-2026,20.0455,20.0455,20.0455,20.0455,100
SSTI,28-Jul-2026,8.42,8.53,8.25,8.49,47500
SSYS,28-Jul-2026,7.99,8.0824,7.78,7.95,318800
STAA,28-Jul-2026,22.14,23.05,21.195,22.66,1116800
STAK,28-Jul-2026,2.46,2.57,1.6301,2.19,4942300
STBA,28-Jul-2026,52.39,53.5,52.35,53.36,332400
STEP,28-Jul-2026,44.69,45.375,44.1,44.63,764200
STEX,28-Jul-2026,0.7437,0.7437,0.7,0.7298,483400
STFS,28-Jul-2026,2.8,8.55,2.8,3.63,4401500
STGW,28-Jul-2026,7.81,8.01,7.605,7.97,1595100
STHO,28-Jul-2026,9.22,9.41,9.22,9.4,4800
STI,28-Jul-2026,6.57,6.57,5.92,6.12,100400
STIM,28-Jul-2026,1.81,1.87,1.77,1.87,716400
STKE,28-Jul-2026,1.04,1.048,1,1.02,258800
STKH,28-Jul-2026,1.35,6.3,1.27,3.6,33590300
STKS,28-Jul-2026,1.855,1.885,1.75,1.76,15200
STLD,28-Jul-2026,250.3,261.395,250,259.74,1498100
STLN,28-Jul-2026,5.15,5.17,4.7,4.95,2380000
STLNW,28-Jul-2026,0.05,0.05,0.049,0.049,400
STNC,28-Jul-2026,36.61,36.8233,36.61,36.8233,800
STNE,28-Jul-2026,10.94,11.22,10.76,11.16,3100500
STOK,28-Jul-2026,29.67,29.875,28.49,29.39,598300
STRA,28-Jul-2026,79.24,81.93,78.415,81.39,447500
STRC,28-Jul-2026,88,89.19,87.92,88.22,857200
STRD,28-Jul-2026,60.22,60.5,59.67,59.84,268800
STRF,28-Jul-2026,96.01,97.63,96.01,96.36,81200
STRK,28-Jul-2026,62.07,63.105,61.3501,62.46,41400
STRL,28-Jul-2026,600.42,602,525.16,538.09,2765400
STRO,28-Jul-2026,24.19,24.19,22.83,23.73,245800
STRR,28-Jul-2026,10.89,10.89,10.79,10.79,3300
STRS,28-Jul-2026,20.2,20.2,19.58,19.58,32800
STRT,28-Jul-2026,88.56,89.695,84.71,88.61,117300
STRZ,28-Jul-2026,24.67,26.35,24.2,25.69,161500
STTK,28-Jul-2026,7.1,7.22,6.56,6.82,764800
STX,28-Jul-2026,774.8,777.1,698.99,747.3,8941600
SUGP,28-Jul-2026,0.468,0.499,0.468,0.499,656200
SUIG,28-Jul-2026,0.8771,0.9496,0.8602,0.9022,530800
SUIS,28-Jul-2026,17.9849,17.9849,17.9849,17.9849,400
SUJA,28-Jul-2026,10.39,10.8,10.24,10.49,177600
SUMA,28-Jul-2026,9.92,9.92,9.92,9.92,1400
SUNE,28-Jul-2026,2.31,2.31,2.05,2.15,206900
SUNS,28-Jul-2026,8,8.07,7.895,8,44700
SUPN,28-Jul-2026,47.78,48.45,46.77,47.73,538100
SUPP,28-Jul-2026,78.74,78.74,78.4819,78.4819,200
SUPX,28-Jul-2026,6.9,7.11,6.2,6.58,313800
SURG,28-Jul-2026,0.2452,0.2473,0.2241,0.2401,348000
SUSB,28-Jul-2026,24.83,24.8698,24.83,24.855,95400
SUSC,28-Jul-2026,22.74,22.81,22.74,22.785,340700
SUSL,28-Jul-2026,129.66,130.425,129.195,130.0563,7600
SVAQ,28-Jul-2026,10.01,10.01,10.01,10.01,400
SVAQW,28-Jul-2026,0.6611,0.6611,0.4522,0.4974,154400
SVC,28-Jul-2026,8.41,8.51,8.09,8.41,1669000
SVCC,28-Jul-2026,10.61,10.635,10.61,10.635,56300
SVCCW,28-Jul-2026,0.35,0.35,0.2801,0.2801,10100
SVCO,28-Jul-2026,7.53,7.69,7.05,7.52,441600
SVIV,28-Jul-2026,10.16,10.16,10.15,10.15,600
SVIVW,28-Jul-2026,0.835,0.835,0.835,0.835,200
SVRA,28-Jul-2026,5.545,5.565,5.245,5.33,1679200
SVRE,28-Jul-2026,3.72,3.78,3.53,3.59,23700
SVREW,28-Jul-2026,0.0095,0.0095,0.0081,0.0081,3000
SVRN,28-Jul-2026,6.75,6.75,6.23,6.23,10200
SWAG,28-Jul-2026,2.02,2.05,1.95,2.03,38400
SWBI,28-Jul-2026,14.91,15.14,14.65,14.68,388500
SWIM,28-Jul-2026,5.7,5.805,5.645,5.73,351600
SWKHL,28-Jul-2026,25.22,25.3,25.22,25.3,5600
SWKS,28-Jul-2026,63.85,65.52,62.63,64.68,8125300
SWMR,28-Jul-2026,39.25,39.38,37.04,38.3,136200
SWP,28-Jul-2026,28.21,28.53,28.21,28.44,18900
SWVL,28-Jul-2026,1.46,1.5,1.36,1.37,72900
SWVLW,28-Jul-2026,0.0058,0.0058,0.0058,0.0078,0
SXTC,28-Jul-2026,0.065,0.065,0.05,0.0576,65366000
SXTP,28-Jul-2026,1.5,1.55,1.49,1.5,15000
SY,28-Jul-2026,2.03,2.056,1.93,1.96,128100
SYBT,28-Jul-2026,83,85.56,82.605,85.42,202900
SYM,28-Jul-2026,40.53,42.89,39.5,42.34,2573200
SYNA,28-Jul-2026,111.66,113.97,108.9,110.87,583200
SYPR,28-Jul-2026,2.03,2.03,1.8201,1.93,28400
SYRE,28-Jul-2026,97.19,100.93,92.37,99.96,1513000
SYZ,28-Jul-2026,30.13,30.305,30.13,30.305,300
SZZL,28-Jul-2026,10.38,10.39,10.38,10.39,17800
SZZLR,28-Jul-2026,0.1625,0.2,0.1551,0.2,3300
TACH,28-Jul-2026,10.435,10.435,10.43,10.43,14500
TACO,28-Jul-2026,10.47,10.48,10.46,10.48,15200
TACOW,28-Jul-2026,0.715,0.715,0.715,0.715,500
TACT,28-Jul-2026,4.97,5,4.85,4.91,15000
TALK,28-Jul-2026,5.23,5.24,5.21,5.21,1081200
TANH,28-Jul-2026,0.4004,0.4299,0.3901,0.4259,247200
TAOP,28-Jul-2026,0.7591,0.7591,0.6648,0.73,73000
TAOX,28-Jul-2026,3.4,3.45,3.18,3.38,130000
TAOZ,28-Jul-2026,88.6151,88.6151,88.6151,88.6151,100
TARA,28-Jul-2026,4.06,4.06,3.86,3.94,371500
TARK,28-Jul-2026,36.65,38.07,35.72,38.0115,33500
TARS,28-Jul-2026,60.99,61.365,58.67,58.95,510200
TASK,28-Jul-2026,5.9,6.32,5.9,6.2,436300
TATT,28-Jul-2026,42.74,42.8,41.21,42.15,84800
TAX,28-Jul-2026,30.72,30.72,30.72,30.72,100
TAXE,28-Jul-2026,50.51,50.5199,50.41,50.465,20600
TAXI,28-Jul-2026,50.75,50.75,50.75,50.75,100
TAXS,28-Jul-2026,50.12,50.13,50.11,50.13,19800
TAXT,28-Jul-2026,50.955,50.955,50.955,50.955,100
TAYD,28-Jul-2026,55.87,56.49,54.98,55.77,19000
TBBK,28-Jul-2026,68.02,69.14,67.615,68.81,412200
TBCH,28-Jul-2026,12.34,13.2299,12.22,13.01,469700
TBIL,28-Jul-2026,49.84,49.85,49.84,49.85,1764300
TBLA,28-Jul-2026,4.97,5.135,4.9101,5.015,2297700
TBLD,28-Jul-2026,21.65,21.91,21.55,21.78,42100
TBPH,28-Jul-2026,16.92,16.92,16.88,16.89,257500
TC,28-Jul-2026,2.3,2.61,2.2,2.31,527000
TCAN,28-Jul-2026,19.9,20.11,19.75,20.11,49600
TCBI,28-Jul-2026,98.4,99.33,98.02,98.71,491400
TCBIO,28-Jul-2026,20.46,20.46,20.36,20.46,9600
TCBK,28-Jul-2026,57.94,58.1,57.36,58.02,292600
TCHI,28-Jul-2026,22.98,23.06,22.92,23,27100
TCMD,28-Jul-2026,27.96,28.38,27.62,27.74,299300
TCOM,28-Jul-2026,44.5,45.76,44.215,45.31,4089700
TCPC,28-Jul-2026,3.17,3.275,3.165,3.26,573300
TCRT,28-Jul-2026,1.8997,1.9,1.8524,1.9,5300
TCRX,28-Jul-2026,0.765,0.7741,0.732,0.774,717200
TCX,28-Jul-2026,8.75,9.68,8.71,9.08,97800
TDAC,28-Jul-2026,10.84,10.9,10.82,10.84,308200
TDACU,28-Jul-2026,11.89,12.8899,11.89,12.57,900
TDACW,28-Jul-2026,2.05,2.05,1.83,1.91,9800
TDCL,28-Jul-2026,17.9417,17.9417,17.9417,17.9417,100
TDI,28-Jul-2026,43.85,44.3899,43.845,44.2258,20000
TDIC,28-Jul-2026,2.44,2.51,2.4,2.51,59300
TDIV,28-Jul-2026,107.41,109.07,106.965,108.53,91400
TDOG,28-Jul-2026,14,14.215,14,14.215,200
TDOT,28-Jul-2026,9.12,9.1512,9.05,9.1512,3400
TDSB,28-Jul-2026,24.53,24.5301,24.5,24.5015,2100
TDSC,28-Jul-2026,27.6107,27.6107,27.57,27.5751,5900
TDTH,28-Jul-2026,3.01,3.01,2.75,2.89,22700
TDUP,28-Jul-2026,5.89,5.92,5.645,5.89,1525900
TEAD,28-Jul-2026,0.817,0.8219,0.7715,0.81,117700
TEAM,28-Jul-2026,98.63,102.65,96.61,99.98,6039900
TECH,28-Jul-2026,71.76,72.16,71.76,72.07,7785700
TECX,28-Jul-2026,30.78,30.78,29.39,29.8,146300
TECY,28-Jul-2026,21.85,21.85,21.85,21.85,100
TEKX,28-Jul-2026,62.85,62.855,60.39,61.9009,12300
TEKY,28-Jul-2026,40.4132,40.4132,40.4132,40.4132,100
TELA,28-Jul-2026,0.65,0.72,0.65,0.6701,29600
TELO,28-Jul-2026,1.19,1.22,1.06,1.18,120000
TEM,28-Jul-2026,42.32,43.125,40.77,42.9,6413700
TENB,28-Jul-2026,32.43,32.685,31.18,31.37,3006100
TENX,28-Jul-2026,16.47,16.5,15.29,15.8,1560300
TER,28-Jul-2026,319.34,323.96,301,320.65,5795500
TERG,28-Jul-2026,30.31,32.0399,27.645,31.5034,47300
TEXN,28-Jul-2026,31.27,31.3402,31.26,31.3402,1400
TEXX,28-Jul-2026,29.3,29.3,29.0474,29.0474,1300
TFGZ,28-Jul-2026,34.6029,34.6029,34.6029,34.6029,100
TFNS,28-Jul-2026,29.49,29.5195,29.455,29.5195,6100
TFSL,28-Jul-2026,18.15,18.5,18.146,18.48,1071800
TGHL,28-Jul-2026,0.65,0.6925,0.63,0.631,198500
TGL,28-Jul-2026,3.13,3.24,3.03,3.17,7500
TGTX,28-Jul-2026,56,56.2814,54.61,54.87,2326400
TH,28-Jul-2026,16.08,16.098,14.48,14.78,1453300
THCH,28-Jul-2026,1.61,1.77,1.6,1.64,3500
THFF,28-Jul-2026,78.33,80.51,78.33,79.91,82800
THH,28-Jul-2026,0.2101,0.2183,0.2,0.2089,54600
THMZ,28-Jul-2026,32.88,33.1199,32.88,33.0759,800
THRM,28-Jul-2026,42.3,42.7,41.71,42.08,485100
THRV,28-Jul-2026,24.08,24.11,24.03,24.11,2500
THRY,28-Jul-2026,4.17,4.31,4.15,4.16,324200
THYM,28-Jul-2026,50.14,50.1801,50.14,50.1801,600
THYP,28-Jul-2026,31.27,32.11,31.24,32.05,32000
TIGO,28-Jul-2026,95.99,96.9,94.7681,95.64,1329800
TIGR,28-Jul-2026,4.81,4.85,4.6806,4.8,1911700
TIL,28-Jul-2026,7.25,7.29,7.18,7.29,7700
TILC,28-Jul-2026,25.08,25.08,25.0603,25.0603,100
TILE,28-Jul-2026,34.04,34.94,34.04,34.45,302100
TIPT,28-Jul-2026,18.19,18.375,18.05,18.05,161000
TISC,28-Jul-2026,23.0726,23.0726,23.0726,23.0726,100
TITN,28-Jul-2026,20.15,20.435,19.54,19.64,219400
TJGC,28-Jul-2026,5.09,5.17,4.45,5.14,168800
TKLF,28-Jul-2026,2.09,2.12,2,2.02,18100
TKNO,28-Jul-2026,4.86,5.24,4.73,5.09,82900
TKNS,28-Jul-2026,21.23,21.67,21.23,21.5891,500
TLA,28-Jul-2026,22.1899,22.194,21.94,22.194,1200
TLF,28-Jul-2026,2.37,2.38,2.32,2.38,32000
TLG,28-Jul-2026,25.11,25.4848,25.1,25.4848,5700
TLIH,28-Jul-2026,5.86,5.86,5.7,5.75,3800
TLN,28-Jul-2026,336.01,337.5,315.31,326.05,1185700
TLNC,28-Jul-2026,10.29,10.29,10.26,10.26,400
TLPH,28-Jul-2026,1.23,1.31,1.22,1.3,147900
TLRY,28-Jul-2026,4,4.0951,3.98,4.03,5144200
TLS,28-Jul-2026,4.62,4.67,4.53,4.6,476100
TLSA,28-Jul-2026,0.9173,0.9847,0.9,0.9672,266000
TLSI,28-Jul-2026,4.35,4.4,4.21,4.33,137400
TLSIW,28-Jul-2026,0.88,0.88,0.88,0.88,1200
TLT,28-Jul-2026,83.86,84.34,83.845,84.24,25366800
TLX,28-Jul-2026,10.09,10.19,10.0313,10.19,67200
TMB,28-Jul-2026,25.29,25.36,25.29,25.355,14100
TMC,28-Jul-2026,3.695,3.695,3.445,3.59,4717400
TMCI,28-Jul-2026,4.14,4.19,3.945,4.01,377500
TMCR,28-Jul-2026,6.3,6.3249,6,6.15,23400
TMCWW,28-Jul-2026,0.043,0.048,0.04,0.045,150900
TMDX,28-Jul-2026,73.36,76.71,72.64,76.29,768500
TMED,28-Jul-2026,34.89,35.07,34.86,35.0099,2200
TMNL,28-Jul-2026,49.8,49.8902,49.7999,49.8902,3600
TMNS,28-Jul-2026,49.76,49.7702,49.76,49.7702,100
TMS,28-Jul-2026,5.67,5.9,5.665,5.725,88600
TMSF,28-Jul-2026,49.93,49.93,49.93,49.93,100
TMSWW,28-Jul-2026,1.1,1.24,0.86,0.96,21900
TMTS,28-Jul-2026,10.07,10.07,10.07,10.07,52000
TMUS,28-Jul-2026,181.545,186.1262,181.34,182.39,4986700
TMUSI,28-Jul-2026,20.47,20.48,20.31,20.35,7300
TMUSL,28-Jul-2026,22.98,23.05,22.8607,22.995,19300
TMUSZ,28-Jul-2026,20.32,20.38,20.1201,20.265,8600
TMYY,28-Jul-2026,22.8313,22.8313,22.8313,22.8313,200
TNDM,28-Jul-2026,17.17,18.04,17.17,17.76,1860900
TNGX,28-Jul-2026,26.68,26.94,25.33,26.65,6566600
TNMG,28-Jul-2026,0.353,0.435,0.3111,0.3889,26789100
TNON,28-Jul-2026,0.19,0.196,0.1801,0.1901,482800
TNXP,28-Jul-2026,10.16,10.48,9.91,9.94,452300
TNXT,28-Jul-2026,26.8731,26.8731,26.8731,26.8731,100
TNYA,28-Jul-2026,0.77,0.77,0.74,0.7561,1480500
TOI,28-Jul-2026,5.15,5.17,4.7,4.95,2380000
TOIIW,28-Jul-2026,0.05,0.05,0.049,0.049,400
TOMZ,28-Jul-2026,1.66,1.7,1.51,1.65,7000
TONX,28-Jul-2026,3.3,3.425,3.2,3.27,260900
TOP,28-Jul-2026,2.15,2.305,2.07,2.26,244100
TORO,28-Jul-2026,5,5.13,4.95,5.09,18600
TOUR,28-Jul-2026,5.19,5.262,5.04,5.24,5800
TOWN,28-Jul-2026,37.99,38.69,37.98,38.635,647100
TOYO,28-Jul-2026,4.81,4.81,4.41,4.63,695600
TPCS,28-Jul-2026,4.5,4.648,4.5,4.55,28200
TPG,28-Jul-2026,42.78,44.22,42.44,43.76,3277900
TPGXL,28-Jul-2026,22.98,23.08,22.85,22.9,6600
TPLS,28-Jul-2026,24.965,24.965,24.965,24.965,100
TPST,28-Jul-2026,0.9363,0.9587,0.871,0.871,151200
TQQQ,28-Jul-2026,61.77,62.6095,59.4,61.56,73235800
TQQY,28-Jul-2026,12.27,12.35,12.23,12.3046,8400
TRAW,28-Jul-2026,0.532,0.5354,0.5,0.513,32600
TRAX,28-Jul-2026,41.31,42.81,39.81,41.85,761300
TRBF,28-Jul-2026,48.99,49,48.99,49,300
TRDA,28-Jul-2026,6.1,6.11,5.72,5.83,445700
TREE,28-Jul-2026,40.9,41.6,39.8,41,173900
TRGSU,28-Jul-2026,10.05,10.05,10.05,10.05,200
TRI,28-Jul-2026,99.8,105.74,99.6,103.29,3871400
TRIB,28-Jul-2026,9.18,12.83,9.18,12.45,133600
TRIN,28-Jul-2026,17.5335,17.72,17.4,17.69,599316
TRIP,28-Jul-2026,14.45,15,14.395,14.93,2111700
TRMB,28-Jul-2026,56.09,58.46,56.09,58.38,3373600
TRMD,28-Jul-2026,30,30.41,29.75,29.8,427300
TRMK,28-Jul-2026,46.45,47.1425,46.45,46.77,607800
TRNR,28-Jul-2026,3.04,3.0499,2.9,2.97,18800
TRNS,28-Jul-2026,86.71,87.3525,85.32,86.07,117500
TRON,28-Jul-2026,1.54,1.6,1.51,1.57,405000
TROO,28-Jul-2026,1.99,1.99,1.72,1.755,92200
TROW,28-Jul-2026,119.52,122,119.19,121.68,2919200
TRS,28-Jul-2026,40.56,40.99,40.015,40.22,437200
TRST,28-Jul-2026,57.89,58.975,57.71,57.78,107400
TRUC,28-Jul-2026,24.885,24.92,24.82,24.8537,16200
TRUD,28-Jul-2026,24.33,24.54,24.33,24.5141,55400
TRUF,28-Jul-2026,30.0222,30.0222,30.0222,30.0222,100
TRUG,28-Jul-2026,1.18,1.205,1.15,1.17,88300
TRUH,28-Jul-2026,29.1,29.1766,29.1,29.1766,300
TRUI,28-Jul-2026,26,26.1265,25.9999,26.1265,300
TRUM,28-Jul-2026,25.525,25.525,25.525,25.525,100
TRUN,28-Jul-2026,27.16,27.1699,27.16,27.1699,1600
TRUO,28-Jul-2026,26.61,26.65,26.3034,26.3034,2200
TRUP,28-Jul-2026,25.08,25.97,25.08,25.5,338800
TRUR,28-Jul-2026,25.9889,25.9889,25.9889,25.9889,100
TRUT,28-Jul-2026,29.44,29.7281,29.35,29.5776,410100
TRUU,28-Jul-2026,25.17,25.17,24.8949,24.8949,100
TRVG,28-Jul-2026,5.46,5.6499,5.41,5.48,60400
TRVI,28-Jul-2026,18.27,18.59,17.955,18.43,1666900
TSAT,28-Jul-2026,37.06,37.1975,35.61,36.99,195300
TSBK,28-Jul-2026,43.98,44.78,43.1186,44.43,21600
TSCM,28-Jul-2026,19.77,19.9737,19.77,19.9318,1200
TSCO,28-Jul-2026,32.01,32.4,31.43,31.46,9789600
TSDD,28-Jul-2026,11.9,12.27,11.5,11.77,8777200
TSEL,28-Jul-2026,26.63,26.92,26.33,26.8768,4300
TSEM,28-Jul-2026,212.1,212.495,198.2,202.99,2065800
TSHA,28-Jul-2026,5.51,5.68,5.2801,5.46,2560400
TSL,28-Jul-2026,11.095,11.34,10.88,11.1566,536300
TSLA,28-Jul-2026,305.92,311.16,300.69,307.44,39802400
TSLG,28-Jul-2026,3.51,3.645,3.404,3.56,29983500
TSLL,28-Jul-2026,7.09,7.34,6.85,7.15,86049500
TSLQ,28-Jul-2026,28.27,29.14,27.29,27.96,4910100
TSLR,28-Jul-2026,12.18,12.605,11.785,12.32,1368900
TSLS,28-Jul-2026,68,69.1,66.84,67.7424,244400
TSMG,28-Jul-2026,32.25,33.92,31.61,33.641,112900
TSMU,28-Jul-2026,58.34,61.14,57,60.17,86500
TSMX,28-Jul-2026,66.44,70.19,65.2901,69.13,816700
TSMZ,28-Jul-2026,8.65,8.73,8.47,8.5,111900
TSPY,28-Jul-2026,25.19,25.25,25.0124,25.25,366100
TSSI,28-Jul-2026,9.76,9.775,9.24,9.24,460400
TSUI,28-Jul-2026,13.61,13.8424,13.57,13.8424,4000
TSYX,28-Jul-2026,22.7,23.02,22.7,22.9097,7500
TSYY,28-Jul-2026,20.12,20.25,20.08,20.19,36100
TTAN,28-Jul-2026,76.68,81.41,76.01,78.39,1126400
TTD,28-Jul-2026,18.09,19.06,18.01,18.91,20621800
TTEC,28-Jul-2026,2.2,2.45,2.2,2.45,406800
TTEK,28-Jul-2026,32.38,33.55,31.994,33.51,3536700
TTEQ,28-Jul-2026,38.2,38.405,37.2901,38.18,73100
TTGT,28-Jul-2026,3.81,4.55,3.8,4.47,831700
TTMI,28-Jul-2026,116.76,116.76,104.49,108.69,5928900
TTRX,28-Jul-2026,7.81,8.18,7.65,7.7,46100
TTWO,28-Jul-2026,245.22,248.7,241.42,247.62,1944200
TUG,28-Jul-2026,43.84,44.1619,43.32,44.1619,7800
TUGN,28-Jul-2026,26.37,26.42,26.03,26.31,30200
TULP,28-Jul-2026,3.11,3.63,3.11,3.43,13400
TUR,28-Jul-2026,38.69,38.87,38.49,38.77,28100
TURB,28-Jul-2026,1.39,1.4473,1.35,1.39,210500
TURF,28-Jul-2026,32.41,32.41,32.26,32.3545,17800
TUSK,28-Jul-2026,2.72,2.735,2.6,2.6,197600
TVA,28-Jul-2026,10.5,10.51,10.35,10.5,76000
TVAIU,28-Jul-2026,10.8,10.8,10.47,10.5,2000
TVGN,28-Jul-2026,5.5,5.6,4.735,5.59,22600
TVIV,28-Jul-2026,9.9,9.9,9.9,9.9,200
TVIVU,28-Jul-2026,10.07,10.07,10.07,10.07,3700
TVIVW,28-Jul-2026,0.3005,0.3005,0.3005,0.3005,100
TVRD,28-Jul-2026,2.45,2.55,2.27,2.44,662800
TVTX,28-Jul-2026,56.92,57.2957,55.07,55.91,1117600
TW,28-Jul-2026,102.53,105.36,102.05,104.27,1043100
TWAV,28-Jul-2026,1.27,1.28,1.19,1.21,106800
TWFG,28-Jul-2026,26.96,28.31,26.6,27.6,267200
TWG,28-Jul-2026,2.6846,2.6846,2.4169,2.5706,20600
TWIN,28-Jul-2026,23.23,23.72,22.68,23.11,44900
TWST,28-Jul-2026,85.45,88.645,82.92,88.55,1409400
TXG,28-Jul-2026,45.92,47.37,45.02,47.05,2572600
TXMD,28-Jul-2026,2.11,2.11,2.03,2.06,16200
TXN,28-Jul-2026,275.45,282.81,273.45,277.07,11160300
TXRH,28-Jul-2026,204.6,205.5,202.6001,204.78,678100
TXUE,28-Jul-2026,35.16,35.3699,35.085,35.2771,31800
TXUG,28-Jul-2026,26.3532,26.3532,26.3532,26.3532,100
TXXD,28-Jul-2026,2.94,3.03,2.89,2.995,13900
TXXH,28-Jul-2026,31.99,33.93,31.9101,33.5135,11000
TXXS,28-Jul-2026,19.55,20.3201,19.5,20.3201,27000
TYGO,28-Jul-2026,1.65,1.65,1.52,1.59,929300
TYRA,28-Jul-2026,31.21,31.71,30.38,30.88,410100
TZOO,28-Jul-2026,6.77,7.88,6.68,7.57,589300
UAE,28-Jul-2026,19.1,19.1,18.855,19.04,116500
UAL,28-Jul-2026,120.775,124.675,119.44,123.77,4364300
UBCP,28-Jul-2026,15.875,15.875,15.4701,15.5,10300
UBND,28-Jul-2026,21.4603,21.5055,21.4603,21.4853,142000
UBRL,28-Jul-2026,13.56,14.2101,13.43,14.1594,176500
UBSI,28-Jul-2026,48.2,49.03,48.12,49,953900
UCAR,28-Jul-2026,0.9746,1.01,0.9359,0.9996,90400
UCL,28-Jul-2026,0.93,0.93,0.8903,0.9,5400
UCRD,28-Jul-2026,21.17,21.175,21.17,21.175,100
UCTT,28-Jul-2026,80.69,81.16,73.48,77.5,1750800
UCYB,28-Jul-2026,71.77,75.78,70.8,74.9086,16600
UECG,28-Jul-2026,3.25,3.28,2.89,3.1338,41200
UEIC,28-Jul-2026,4.58,4.65,4.545,4.6,20300
UEVM,28-Jul-2026,59.17,59.5599,59.14,59.3609,4000
UFCS,28-Jul-2026,51.76,52.89,51.76,52.76,161300
UFG,28-Jul-2026,0.7293,0.7293,0.7,0.7001,27200
UFIV,28-Jul-2026,47.88,47.9301,47.88,47.9147,1800
UFO,28-Jul-2026,43.51,43.97,42.77,43.83,724800
UFOX,28-Jul-2026,79.18,79.18,76.45,78.6015,29800
UFPI,28-Jul-2026,89.27,91.905,89.01,91.01,589700
UFPT,28-Jul-2026,251.28,259,249.905,258.07,254700
UG,28-Jul-2026,8.03,8.03,7.25,7.33,28400
UITB,28-Jul-2026,46.25,46.37,46.25,46.3266,143900
UIVM,28-Jul-2026,73.865,74.2686,73.865,74.2686,500
UK,28-Jul-2026,2.055,2.1094,1.93,1.95,24300
ULBI,28-Jul-2026,5.31,5.6608,5.31,5.36,36900
ULCC,28-Jul-2026,6.22,6.335,5.94,6.23,5593800
ULH,28-Jul-2026,14.24,15.2899,14.17,14.9,34000
ULTA,28-Jul-2026,488.09,503.42,486.255,501.52,517700
ULTI,28-Jul-2026,7.46,7.46,7.07,7.3344,68600
ULVM,28-Jul-2026,109.9,110.0311,109.76,110.0311,1900
UMBF,28-Jul-2026,141.03,144.795,139.06,143.98,831400
UMBFO,28-Jul-2026,26.44,26.44,26.135,26.2101,4200
UMMA,28-Jul-2026,35.08,35.4,34.8901,35.21,41700
UNB,28-Jul-2026,23.48,23.6899,23.35,23.36,6900
UNCY,28-Jul-2026,5.17,5.17,4.87,4.94,1008200
UNHG,28-Jul-2026,23.02,24.085,22.6,23.95,575800
UNIT,28-Jul-2026,10.78,10.82,10.29,10.41,2282200
UNIY,28-Jul-2026,47.75,47.76,47.7254,47.755,800
UNTY,28-Jul-2026,58.53,60.21,58.3,59.02,63900
UONE,28-Jul-2026,5,5.3,4.96,5.22,7500
UONEK,28-Jul-2026,4.69,5.32,4.69,5,11000
UPB,28-Jul-2026,6.4,6.54,6.09,6.4,433200
UPBD,28-Jul-2026,20.82,21.7,20.8,21.59,995400
UPC,28-Jul-2026,3.36,3.36,3.11,3.19,37600
UPGR,28-Jul-2026,24.3124,24.3124,24.3124,24.3124,100
UPLD,28-Jul-2026,4.52,5.09,4.42,4.89,29000
UPSG,28-Jul-2026,16.25,16.61,15.675,15.7966,2400
UPST,28-Jul-2026,27.49,27.89,26.25,27.82,3648200
UPWK,28-Jul-2026,9.4,9.835,9.4,9.81,2988300
UPXI,28-Jul-2026,0.8325,0.89,0.8072,0.881,1478300
URBN,28-Jul-2026,72.99,75.52,72.99,75.2,842600
URGN,28-Jul-2026,41.45,42.15,40.21,40.88,390900
URNJ,28-Jul-2026,21.67,21.9208,20.93,21.42,153000
UROY,28-Jul-2026,2.75,2.8,2.56,2.78,2805500
USAF,28-Jul-2026,27.55,27.7,27.51,27.6646,900
USAR,28-Jul-2026,14.39,14.49,13.46,14.06,13171000
USAU,28-Jul-2026,13.21,13.21,12.5301,12.65,207000
USCB,28-Jul-2026,22.74,23.74,22.1,22.65,118900
USCL,28-Jul-2026,83.2042,83.2042,83.2042,83.2042,100
USDE,28-Jul-2026,1.52,1.85,1.47,1.69,625200
USDEW,28-Jul-2026,0.461,0.5,0.461,0.5,500
USDX,28-Jul-2026,25.49,25.5,25.4,25.455,21000
USEA,28-Jul-2026,2.5301,2.5301,2.45,2.51,152200
USFI,28-Jul-2026,24.35,24.35,24.35,24.35,100
USGG,28-Jul-2026,4.91,4.91,4.21,4.628,295500
USGO,28-Jul-2026,7.46,7.64,7.2445,7.49,37700
USIG,28-Jul-2026,50.42,50.55,50.415,50.51,1389300
USIN,28-Jul-2026,49.055,49.055,49.055,49.055,100
USIO,28-Jul-2026,1.93,1.97,1.85,1.95,121200
USLM,28-Jul-2026,114.65,119.06,113.115,113.74,193100
USMC,28-Jul-2026,73.64,74.01,73.56,73.79,125300
USOI,28-Jul-2026,44.79,45,44.45,44.505,316300
USOY,28-Jul-2026,7.08,7.15,6.835,6.91,291900
USRD,28-Jul-2026,37.237,37.237,37.237,37.237,100
USSH,28-Jul-2026,50.13,50.13,50.13,50.13,100
USTB,28-Jul-2026,50.42,50.46,50.41,50.43,795300
USVM,28-Jul-2026,110.25,110.64,110.1621,110.5631,51900
USVN,28-Jul-2026,47.1429,47.1429,47.1429,47.1429,100
USXF,28-Jul-2026,65.54,65.9692,64.8601,65.7829,235500
UTEN,28-Jul-2026,42.54,42.68,42.5309,42.625,70100
UTHR,28-Jul-2026,530.84,532.45,522.1,523.63,446300
UTHY,28-Jul-2026,39.48,39.7,39.48,39.654,74200
UTMD,28-Jul-2026,70.16,73.4995,70.16,70.96,55700
UTRE,28-Jul-2026,48.8331,48.835,48.8331,48.835,400
UTSI,28-Jul-2026,2.35,2.4272,2.34,2.4272,8700
UTWO,28-Jul-2026,47.81,47.8397,47.805,47.83,126400
UTWY,28-Jul-2026,41.77,41.77,41.745,41.7539,900
UUUG,28-Jul-2026,3.28,3.28,2.77,3.0763,177300
UVSP,28-Jul-2026,44.41,45.37,43.98,44.99,278200
UXIN,28-Jul-2026,1.59,1.63,1.41,1.43,442400
UYLD,28-Jul-2026,51.08,51.15,51.08,51.135,78700
UYSC,28-Jul-2026,10.77,10.78,10.72,10.78,6300
UZX,28-Jul-2026,0.229,0.2449,0.22,0.225,34800
VABK,28-Jul-2026,45,45.94,45,45.94,4900
VALG,28-Jul-2026,17.0025,17.0025,17.0025,17.0025,100
VALN,28-Jul-2026,5,5.15,4.9934,5.06,6300
VALU,28-Jul-2026,36.65,36.65,36.65,36.65,1000
VANI,28-Jul-2026,1.31,1.31,1.2403,1.31,218600
VAVX,28-Jul-2026,13.37,13.6713,13.33,13.6713,1100
VBCA,28-Jul-2026,75.55,75.58,75.55,75.575,6000
VBCB,28-Jul-2026,75.34,75.405,75.34,75.4,8800
VBCC,28-Jul-2026,75.15,75.24,75.13,75.225,10200
VBCD,28-Jul-2026,74.92,75.06,74.895,74.9889,7600
VBCE,28-Jul-2026,74.88,75.01,74.86,74.905,25700
VBCF,28-Jul-2026,74.785,74.945,74.785,74.885,22100
VBCG,28-Jul-2026,74.4883,74.58,74.4883,74.565,21500
VBCH,28-Jul-2026,74.48,74.54,74.44,74.535,1400
VBCI,28-Jul-2026,74.36,74.45,74.36,74.45,300
VBCJ,28-Jul-2026,74.1399,74.24,74.1399,74.23,2700
VBIL,28-Jul-2026,75.68,75.68,75.67,75.68,1822600
VBIO,28-Jul-2026,0.2879,0.2967,0.251,0.2878,151600
VBNB,28-Jul-2026,21.94,22.149,21.94,22.135,400
VBNK,28-Jul-2026,19.49,19.9599,18.89,19.47,150100
VC,28-Jul-2026,104.41,108.68,103.24,106.93,489300
VCEL,28-Jul-2026,45.84,47,45.79,46.71,433500
VCIG,28-Jul-2026,0.448,0.448,0.314,0.3476,1481200
VCIT,28-Jul-2026,81.41,81.61,81.385,81.51,4517700
VCLT,28-Jul-2026,72.55,72.89,72.52,72.82,2083600
VCRB,28-Jul-2026,76.24,76.365,76.21,76.31,584600
VCRE,28-Jul-2026,11.38,11.38,11.28,11.28,1800
VCSH,28-Jul-2026,78.57,78.65,78.55,78.62,1934700
VCTR,28-Jul-2026,99.7,101.1,99.14,100.47,305500
VCYT,28-Jul-2026,55.6,56.63,54.715,55.65,740100
VECO,28-Jul-2026,46.15,46.6,42.8701,45.68,1463100
VEEA,28-Jul-2026,0.155,0.1645,0.147,0.162,601900
VEEE,28-Jul-2026,16.05,16.12,13.1926,14.9,344300
VEFA,28-Jul-2026,79.9172,79.9172,79.9172,79.9172,100
VELO,28-Jul-2026,9.91,9.98,9.09,9.44,1262300
VEON,28-Jul-2026,51.48,52.13,50.795,51.605,128500
VERA,28-Jul-2026,35,35.17,32.76,33.32,3021400
VERI,28-Jul-2026,1.07,1.09,1.02,1.04,1260300
VERU,28-Jul-2026,2.3,2.315,2.175,2.23,197900
VERX,28-Jul-2026,12.94,13.415,12.92,13.24,2703300
VFF,28-Jul-2026,2,2.05,1.96,2.05,886800
VFLO,28-Jul-2026,49.02,49.67,48.955,49.56,2074300
VFS,28-Jul-2026,2.94,3,2.9,2.97,444800
VGAS,28-Jul-2026,1.2088,1.2199,1.07,1.12,54400
VGASW,28-Jul-2026,0.0238,0.0238,0.023,0.023,1900
VGIT,28-Jul-2026,58.46,58.58,58.455,58.54,2020600
VGLT,28-Jul-2026,53.69,53.97,53.6801,53.91,967700
VGSH,28-Jul-2026,58.05,58.1,58.05,58.08,1981800
VGSR,28-Jul-2026,11.7933,11.885,11.7933,11.825,46100
VGUS,28-Jul-2026,75.63,75.64,75.62,75.635,65300
VHC,28-Jul-2026,12.81,13.0844,11.69,13,19200
VHCP,28-Jul-2026,10.01,10.01,10.005,10.01,33800
VHCPU,28-Jul-2026,10.13,10.16,10.13,10.13,1200
VHUB,28-Jul-2026,0.8517,0.86,0.72,0.7431,112700
VIAV,28-Jul-2026,36.52,36.52,33.66,35.1,6619900
VICR,28-Jul-2026,195.92,196.4017,178.72,192.12,1102800
VIGI,28-Jul-2026,96.08,97.0682,96.01,96.86,277100
VINP,28-Jul-2026,9.73,9.87,9.67,9.83,18000
VIOT,28-Jul-2026,0.75,0.7678,0.75,0.7505,90100
VIP,28-Jul-2026,2.23,2.23,1.97,2.1,369100
VIR,28-Jul-2026,8.83,8.885,8.52,8.85,1391400
VIRC,28-Jul-2026,6.04,6.155,5.97,6.02,20200
VISN,28-Jul-2026,11.73,11.84,11.46,11.82,6336200
VITL,28-Jul-2026,13.65,14.055,13.515,13.82,1224700
VIVK,28-Jul-2026,1.98,2.06,1.82,1.94,2521400
VIVO,28-Jul-2026,3.87,3.9199,3.67,3.88,357900
VIVS,28-Jul-2026,0.38,0.385,0.3615,0.3819,592800
VKTX,28-Jul-2026,34.67,34.8104,32.72,33.86,2330900
VLGEA,28-Jul-2026,43.54,44.29,43.37,43.57,27900
VLOS,28-Jul-2026,10.9,10.9,10.65,10.8,191900
VLOSW,28-Jul-2026,0.3495,0.4697,0.3255,0.45,47900
VLY,28-Jul-2026,14.36,14.55,14.325,14.49,6682000
VLYPN,28-Jul-2026,25.85,25.92,25.8,25.8,8700
VLYPO,28-Jul-2026,24.855,24.94,24.7301,24.76,6000
VLYPP,28-Jul-2026,25.05,25.05,24.99,25.0187,3000
VMAR,28-Jul-2026,0.7075,0.81,0.6606,0.765,1466100
VMBS,28-Jul-2026,46.28,46.465,46.28,46.37,1247900
VMD,28-Jul-2026,12.25,12.35,11.9,11.92,198400
VMET,28-Jul-2026,9.16,9.23,8.69,8.81,162700
VNCE,28-Jul-2026,6.11,6.18,5.64,6.04,130000
VNDA,28-Jul-2026,5.2,5.2483,5.08,5.16,553600
VNET,28-Jul-2026,6.96,6.96,6.54,6.75,6953500
VNME,28-Jul-2026,10.24,10.24,10.24,10.24,500
VNMEW,28-Jul-2026,0.3,0.3,0.3,0.3,800
VNOM,28-Jul-2026,43.04,43.24,42.035,42.04,1808100
VNQI,28-Jul-2026,45.82,46.24,45.82,46.11,190100
VOD,28-Jul-2026,16.28,16.395,16.215,16.39,4164100
VOLT,28-Jul-2026,36.85,36.85,35.97,36.2,504500
VONE,28-Jul-2026,334.34,336.24,333.29,335.35,56600
VONG,28-Jul-2026,119.45,120.35,118.14,119.91,970800
VONV,28-Jul-2026,110.08,110.82,110.08,110.5,583500
VOR,28-Jul-2026,19.6,20.27,18.87,20,864900
VOTE,28-Jul-2026,87.02,87.4,86.79,87.2459,12800
VOXR,28-Jul-2026,4.3,4.325,4.15,4.26,361000
VPLS,28-Jul-2026,76.61,76.7499,76.59,76.7047,198200
VRA,28-Jul-2026,3.74,3.75,3.65,3.66,79000
VRAX,28-Jul-2026,3.04,3.0562,2.81,2.89,72800
VRCA,28-Jul-2026,5.38,5.87,5.3763,5.4,48800
VRDN,28-Jul-2026,19.67,19.95,19.11,19.51,1101000
VREX,28-Jul-2026,11,11.36,10.98,11.13,267900
VRIG,28-Jul-2026,25.06,25.09,25.05,25.055,790700
VRM,28-Jul-2026,7.0807,7.25,7.02,7.0674,2300
VRME,28-Jul-2026,0.6702,0.72,0.6702,0.7086,48200
VRNS,28-Jul-2026,46.75,46.8,44.29,44.67,4482100
VRRM,28-Jul-2026,4.19,4.315,4.135,4.18,7780200
VRSK,28-Jul-2026,210.08,215.79,209.58,212.26,3132400
VRSN,28-Jul-2026,280.73,284.35,278.16,281.15,720100
VRTL,28-Jul-2026,33.3,33.445,29.835,32.34,286700
VRTX,28-Jul-2026,483.13,493.61,482.86,490.39,1700800
VRXA,28-Jul-2026,2.05,2.1,1.86,1.98,314500
VRXAW,28-Jul-2026,0.143,0.143,0.143,0.143,800
VS,28-Jul-2026,1.33,1.36,1.27,1.36,11700
VSA,28-Jul-2026,3.38,3.38,3.01,3.04,17700
VSAT,28-Jul-2026,73.96,74.17,69.82,74.13,1581000
VSDA,28-Jul-2026,59.91,60.89,59.91,60.3572,9700
VSEC,28-Jul-2026,200.93,201.65,193.43,199.33,471300
VSECU,28-Jul-2026,51.74,52.43,51.2,52.43,21900
VSEE,28-Jul-2026,0.084,0.0965,0.084,0.089,14406900
VSEEW,28-Jul-2026,0.0222,0.0244,0.0206,0.0222,3500
VSME,28-Jul-2026,1.27,1.27,1.18,1.23,24400
VSMV,28-Jul-2026,61.52,61.62,61.36,61.4499,5400
VSNT,28-Jul-2026,35.91,37.47,35.895,37.24,1553400
VSOL,28-Jul-2026,9.75,9.9326,9.7104,9.9326,17000
VSTL,28-Jul-2026,26.37,26.37,23.775,24.5225,25700
VSTM,28-Jul-2026,6.06,6.25,5.9446,6.23,1275000
VTC,28-Jul-2026,75.52,75.6999,75.47,75.6001,33400
VTGN,28-Jul-2026,0.227,0.2389,0.2231,0.2328,1602900
VTHR,28-Jul-2026,326.51,328.4299,325.5401,327.61,17300
VTIP,28-Jul-2026,49.55,49.6,49.5386,49.57,1479400
VTIX,28-Jul-2026,2.27,2.32,1.58,1.69,2928400
VTRS,28-Jul-2026,17.75,17.94,17.64,17.86,9602100
VTSI,28-Jul-2026,3.16,3.25,3,3,25600
VTVT,28-Jul-2026,31.97,32.03,29.44,31.08,101000
VTWG,28-Jul-2026,271.84,271.84,267.145,271.5593,12500
VTWO,28-Jul-2026,118.5,118.73,117.385,118.57,1152600
VTWV,28-Jul-2026,196.93,197.8767,196.08,197.6674,32700
VUZI,28-Jul-2026,2.29,2.29,2.095,2.25,1206500
VVOS,28-Jul-2026,0.405,0.4296,0.3803,0.42,232400
VWAV,28-Jul-2026,2.5,2.54,2.27,2.29,594900
VWAVW,28-Jul-2026,0.38,0.43,0.34,0.34,18200
VWOB,28-Jul-2026,65.99,66.1855,65.95,66.13,352800
VXUS,28-Jul-2026,82.83,83.6,82.6,83.25,4344200
VYGR,28-Jul-2026,3.1,3.105,2.9699,3.04,490700
VYMI,28-Jul-2026,101.93,102.66,101.825,102.44,759100
WABC,28-Jul-2026,60.41,61.1,60.315,60.52,116800
WABF,28-Jul-2026,24.6101,24.615,24.6101,24.615,100
WAFD,28-Jul-2026,36.49,36.88,36.49,36.7,434800
WAFDP,28-Jul-2026,16.42,16.52,16.3801,16.48,18100
WAFU,28-Jul-2026,1.52,1.58,1.52,1.56,7900
WALD,28-Jul-2026,1.675,1.7,1.665,1.67,248200
WALDW,28-Jul-2026,0.0365,0.0397,0.0365,0.0397,500
WAMA,28-Jul-2026,26,26,25.9828,25.9828,200
WARP,28-Jul-2026,18.55,18.785,17.925,18.766,45200
WASH,28-Jul-2026,38.99,39.66,38.9405,39.55,130200
WATT,28-Jul-2026,14.18,14.395,13.04,13.23,200100
WAVE,28-Jul-2026,7.57,7.57,7.32,7.37,16600
WAY,28-Jul-2026,23.83,24.34,23.58,23.69,2516900
WB,28-Jul-2026,7.82,7.98,7.81,7.95,601300
WBD,28-Jul-2026,25.29,25.665,25.27,25.61,20159300
WBTN,28-Jul-2026,9.28,9.47,9.0701,9.26,322300
WBUY,28-Jul-2026,0.75,0.9742,0.75,0.8992,1622300
WCBR,28-Jul-2026,36.59,36.65,35.21,36.18,39600
WCLD,28-Jul-2026,34.16,35.16,33.75,34.78,806300
WCT,28-Jul-2026,0.9315,0.9315,0.8,0.88,16900
WDAF,28-Jul-2026,28.48,28.94,28.37,28.5732,39800
WDAY,28-Jul-2026,151.52,160.55,151.06,159.69,7416900
WDC,28-Jul-2026,466.09,467.26,422.11,463.51,10511900
WDFC,28-Jul-2026,238.67,241.99,228.91,229.34,108600
WDGF,28-Jul-2026,31.425,31.5989,31.425,31.5989,600
WEEI,28-Jul-2026,23.95,23.9873,23.5901,23.7013,47400
WEN,28-Jul-2026,7.4,7.685,7.33,7.67,6725300
WENN,28-Jul-2026,10.33,10.33,10.3275,10.33,10800
WERN,28-Jul-2026,40.04,40.04,38.1,38.31,2816900
WEST,28-Jul-2026,7.98,8.3899,7.655,8.23,458200
WETH,28-Jul-2026,1.33,1.34,1.27,1.3,49700
WETO,28-Jul-2026,0.041,0.052,0.035,0.0436,29258500
WEYS,28-Jul-2026,38.9,39.455,38.31,39.28,13900
WFCF,28-Jul-2026,12.1,12.11,12.01,12.01,1900
WFF,28-Jul-2026,2.15,2.2862,2.04,2.04,2700
WFRD,28-Jul-2026,85.79,86.46,83.45,83.58,974400
WGMI,28-Jul-2026,49.92,49.92,46.4,49.2,919400
WGS,28-Jul-2026,60.52,65.77,59.05,61.88,714500
WHF,28-Jul-2026,6.53,6.64,6.47,6.48,38800
WHLR,28-Jul-2026,1.27,1.51,1.07,1.3,1146500
WHWK,28-Jul-2026,3.71,3.73,3.4,3.68,530800
WILC,28-Jul-2026,29.61,29.9,28.6,29.9,2400
WIMA,28-Jul-2026,42.4,42.4094,42.4,42.4094,200
WIMI,28-Jul-2026,1.14,1.17,1.1,1.14,117600
WINA,28-Jul-2026,346.52,350.61,340.5001,346.51,37600
WING,28-Jul-2026,136.52,142.54,132.36,134.87,2124500
WISE,28-Jul-2026,32.98,32.98,31.92,32.7158,2400
WIX,28-Jul-2026,56.84,59.5,56.69,58.55,1790700
WKEY,28-Jul-2026,6.38,6.38,6.06,6.15,56800
WKHS,28-Jul-2026,2.77,2.97,2.75,2.97,103800
WKSP,28-Jul-2026,0.63,0.63,0.57,0.5923,285800
WLCOU,28-Jul-2026,9.9017,10.05,9.9017,9.99,700
WLDN,28-Jul-2026,71.99,72,69.5186,70.02,197500
WLDS,28-Jul-2026,3.44,5.2794,3.44,3.83,7829200
WLDSW,28-Jul-2026,12.3,12.3,12.3,12.3,100
WLFC,28-Jul-2026,69.94,71.07,69,70.4,177000
WLII,28-Jul-2026,10.25,10.26,10.23,10.25,451500
WLIIW,28-Jul-2026,0.75,0.767,0.7053,0.7053,5500
WLTH,28-Jul-2026,9.26,9.55,9.17,9.54,985000
WMG,28-Jul-2026,27.99,28.83,27.885,28.76,1922200
WMT,28-Jul-2026,113.96,116.03,112.835,113.1,24867800
WNEB,28-Jul-2026,14.57,14.9099,13.925,14.66,33900
WNW,28-Jul-2026,2.59,2.59,2.41,2.47,40400
WOK,28-Jul-2026,1.87,1.88,1.81,1.84,101500
WOOD,28-Jul-2026,70.935,71.6309,70.935,71.461,6400
WOOF,28-Jul-2026,2.74,2.84,2.734,2.84,1862500
WPRT,28-Jul-2026,1.76,1.7608,1.71,1.73,81600
WRAP,28-Jul-2026,1.76,1.77,1.69,1.73,345000
WRD,28-Jul-2026,5.6,5.89,5.58,5.81,2449800
WRLD,28-Jul-2026,196.04,196.04,185.9,189.65,211800
WRND,28-Jul-2026,40.2509,40.2509,40.2509,40.2509,100
WRTH,28-Jul-2026,25.71,25.71,25.5,25.5776,54300
WSBC,28-Jul-2026,41.2,42.05,41.08,42.01,768600
WSBCO,28-Jul-2026,25.71,25.71,25.61,25.67,1500
WSBF,28-Jul-2026,20.28,20.67,20.11,20.6,62500
WSBK,28-Jul-2026,13.03,13.03,13,13.03,2200
WSC,28-Jul-2026,26.75,26.89,25.46,25.72,2908500
WSE,28-Jul-2026,11.9,12.042,11.79,11.86,871600
WSFS,28-Jul-2026,80.75,81.97,80.555,81.8,391900
WSGE,28-Jul-2026,27.72,27.7438,27.72,27.7438,100
WSHP,28-Jul-2026,5.12,5.15,4.61,4.96,60600
WSML,28-Jul-2026,34.4,34.4,34.37,34.3721,5200
WSPC,28-Jul-2026,25.15,25.5934,25.1499,25.5934,700
WSTN,28-Jul-2026,10.15,10.16,10.15,10.16,8000
WTBA,28-Jul-2026,27.71,28.44,27.71,28.02,56600
WTBN,28-Jul-2026,24.72,24.7899,24.72,24.77,3900
WTF,28-Jul-2026,2.85,2.95,2.74,2.77,12600
WTFC,28-Jul-2026,160.4,161.6,159.77,161.08,687800
WTFCN,28-Jul-2026,26.11,26.33,26.1,26.21,3000
WTG,28-Jul-2026,10.47,10.47,10.455,10.47,99500
WTGUU,28-Jul-2026,11.5,11.5,10.51,10.51,1400
WTIP,28-Jul-2026,34.9801,34.9825,34.93,34.9825,1000
WTMU,28-Jul-2026,25.3291,25.3291,25.3291,25.3291,100
WTMY,28-Jul-2026,25.0917,25.0917,25.0917,25.0917,100
WTW,28-Jul-2026,304.82,317.42,304.025,316.16,730300
WULF,28-Jul-2026,17.33,17.36,16.105,17.09,41587000
WVE,28-Jul-2026,5.92,5.975,5.7814,5.89,2812200
WVVI,28-Jul-2026,2.73,2.7301,2.7,2.7,2100
WVVIP,28-Jul-2026,2.7937,2.7937,2.7937,2.7937,100
WW,28-Jul-2026,13.87,14.285,13.55,13.76,201900
WWD,28-Jul-2026,416.77,421.8572,402.04,410.55,613000
WXM,28-Jul-2026,3.42,3.55,3.19,3.2,21900
WYFI,28-Jul-2026,22.01,23.74,20.61,23.51,1924800
WYHG,28-Jul-2026,3.44,3.89,3.38,3.44,18400
WYNN,28-Jul-2026,99.9,100.345,98.59,99.02,1470200
XAIR,28-Jul-2026,5.41,5.59,5.41,5.46,7600
XAIX,28-Jul-2026,51.33,51.65,50.77,51.4393,19600
XBCI,28-Jul-2026,31.72,32.19,31.2842,32.12,130000
XBIL,28-Jul-2026,49.98,49.99,49.98,49.985,78400
XBIO,28-Jul-2026,2.54,2.5525,2.37,2.5,18900
XBIT,28-Jul-2026,2.26,2.31,2.2555,2.27,16300
XBP,28-Jul-2026,3.4051,3.63,3.4024,3.63,17900
XBTY,28-Jul-2026,5.54,5.55,5.43,5.54,8400
XCBE,28-Jul-2026,9.95,9.95,9.95,9.95,39900
XCH,28-Jul-2026,0.535,0.5404,0.5,0.5,40600
XCNY,28-Jul-2026,31.57,31.8088,31.57,31.8088,100
XCUR,28-Jul-2026,1.68,1.79,1.59,1.74,46400
XDEF,28-Jul-2026,22.495,22.5223,22.46,22.5223,1100
XE,28-Jul-2026,14.53,15.9,14.25,15.79,5634300
XEL,28-Jul-2026,81.47,82.57,80.25,80.33,4418000
XELB,28-Jul-2026,1.26,1.28,1.25,1.25,6100
XELLL,28-Jul-2026,23.14,23.23,23.07,23.07,33000
XENE,28-Jul-2026,66.14,66.7128,64.15,64.94,485000
XERS,28-Jul-2026,8.28,8.33,8.125,8.24,811600
XEY,28-Jul-2026,20.19,20.19,20.19,20.19,100
XFOR,28-Jul-2026,3.95,3.96,3.71,3.93,861700
XGN,28-Jul-2026,4.35,4.49,4.09,4.45,270200
XHG,28-Jul-2026,0.9665,0.9665,0.9665,0.9665,1100
XHLD,28-Jul-2026,1.63,1.63,1.48,1.53,96700
XLO,28-Jul-2026,9.03,9.17,8.805,9.15,47800
XMAG,28-Jul-2026,25.45,25.56,25.3602,25.48,44200
XMAX,28-Jul-2026,8.44,8.48,8.31,8.43,887300
XMTR,28-Jul-2026,86.99,87.24,81.5,82.99,734900
XNCR,28-Jul-2026,19.84,20.135,19.04,19.97,845800
XNDU,28-Jul-2026,10.08,10.24,9.57,10.02,1111700
XNET,28-Jul-2026,5.74,5.78,5.1,5.24,541100
XOMX,28-Jul-2026,44.03,44.7,42.43,43.2287,25700
XOS,28-Jul-2026,2.13,2.13,1.98,2.055,115900
XOSWW,28-Jul-2026,0.0019,0.0049,0.0019,0.0048,201200
XOVR,28-Jul-2026,18.46,18.86,18.29,18.8,1668600
XP,28-Jul-2026,16.8,17.045,16.635,16.8,3314000
XPEG,28-Jul-2026,4.69,4.8,4.64,4.6406,6600
XPEL,28-Jul-2026,43.58,44.49,43.58,43.935,184200
XPON,28-Jul-2026,3.55,3.6599,3.53,3.59,5800
XQQI,28-Jul-2026,46.21,46.49,45.3,46.1266,314700
XRAY,28-Jul-2026,13.19,13.54,13.1106,13.49,4794900
XRPC,28-Jul-2026,11.17,11.3173,11.1,11.24,132300
XRPI,28-Jul-2026,5.75,5.8405,5.73,5.8079,125000
XRPN,28-Jul-2026,10.44,10.47,10.44,10.4511,105300
XRPNW,28-Jul-2026,0.8,0.8,0.75,0.75,51100
XRPT,28-Jul-2026,21.56,22.19,21.28,21.9451,96600
XRTX,28-Jul-2026,2.02,2.05,2.02,2.05,2800
XRX,28-Jul-2026,2.74,2.76,2.64,2.75,1849800
XRXDW,28-Jul-2026,0.2114,0.2506,0.21,0.25,193000
XSLL,28-Jul-2026,9.93,9.93,9.92,9.92,3500
XSPC,28-Jul-2026,18.58,18.58,17.85,18.5788,800
XSPI,28-Jul-2026,48.4499,48.8,48.22,48.6608,52800
XT,28-Jul-2026,78.4,79.0199,78.196,78.63,122000
XTIA,28-Jul-2026,1.46,1.51,1.41,1.49,506700
XTLB,28-Jul-2026,2.83,2.98,2.68,2.96,6100
XWEL,28-Jul-2026,1.05,1.08,1.0403,1.05,13700
XXII,28-Jul-2026,4.07,4.07,3.9,3.93,4800
XXX,28-Jul-2026,19.6231,19.6231,19.6231,19.6231,100
XYZG,28-Jul-2026,18.62,19.1194,18.22,19.1194,3800
YAAS,28-Jul-2026,0.6987,0.6987,0.6245,0.6288,111100
YARW,28-Jul-2026,28.94,28.94,26.4711,28.05,28300
YB,28-Jul-2026,14.12,14.12,13.13,13.315,60200
YBMN,28-Jul-2026,12.03,12.2328,12.03,12.2328,11400
YBST,28-Jul-2026,12.645,12.715,12.637,12.715,1600
YBTY,28-Jul-2026,11.24,11.265,11.19,11.25,5700
YDDL,28-Jul-2026,1.7,1.76,1.66,1.71,14900
YDES,28-Jul-2026,2.29,2.6,2.18,2.3,42600
YDESW,28-Jul-2026,0.31,0.31,0.27,0.28,29000
YDKG,28-Jul-2026,0.95,0.95,0.9199,0.9499,9800
YHC,28-Jul-2026,1.6,1.63,1.27,1.39,468500
YHGJ,28-Jul-2026,2.91,3.01,2.83,2.83,2300
YHNA,28-Jul-2026,10.93,10.93,10.93,10.93,15900
YI,28-Jul-2026,3.95,3.95,3.95,3.95,300
YIBO,28-Jul-2026,1.14,1.18,1.1,1.15,1888300
YICCU,28-Jul-2026,10.07,10.07,10.05,10.05,4700
YICCW,28-Jul-2026,0.46,0.46,0.45,0.45,4400
YJ,28-Jul-2026,1.26,1.26,1.24,1.24,700
YLDE,28-Jul-2026,57.4,58.06,57.3801,57.888,6200
YMAT,28-Jul-2026,1.77,1.81,1.42,1.695,41000
YMT,28-Jul-2026,0.3217,0.33,0.3001,0.32,178800
YNOT,28-Jul-2026,29.43,29.8024,29.43,29.7248,7600
YOKE,28-Jul-2026,31.4,31.4,31.3983,31.3983,2200
YORW,28-Jul-2026,31.19,32.09,31.19,31.91,125800
YOUL,28-Jul-2026,0.5188,0.5597,0.35,0.3768,440600
YQ,28-Jul-2026,2.0166,2.0166,2.0166,2.0166,1000
YQQQ,28-Jul-2026,10.36,10.4199,10.3,10.3379,35100
YSAG,28-Jul-2026,57.055,57.33,57.055,57.1783,400
YSAU,28-Jul-2026,40.41,40.52,40.3323,40.3323,1200
YSPY,28-Jul-2026,14.94,14.9798,14.92,14.9798,3200
YSWY,28-Jul-2026,19.56,20.82,19.325,19.81,626300
YSXT,28-Jul-2026,0.98,0.98,0.8401,0.8824,54000
YTRA,28-Jul-2026,0.8524,0.8998,0.8524,0.88,4100
YXT,28-Jul-2026,3.04,3.23,2.81,3.23,1400
YYAI,28-Jul-2026,2.87,2.8799,0.85,0.8964,16381300
YYGH,28-Jul-2026,1.22,1.27,1.15,1.22,214900
Z,28-Jul-2026,32.26,34,32.15,33.675,2878800
ZAP,28-Jul-2026,33.01,33.13,32.68,32.75,62100
ZBAO,28-Jul-2026,0.1795,0.1836,0.1602,0.1665,2312600
ZBIO,28-Jul-2026,32.64,33.3,31.81,32.29,773800
ZBRA,28-Jul-2026,265.15,284.83,263.075,284.4,1261900
ZCMD,28-Jul-2026,1.15,1.21,1,1.17,3440200
ZD,28-Jul-2026,53.08,53.76,52.275,52.93,441400
ZDAI,28-Jul-2026,1.69,1.7,1.635,1.7,9100
ZENA,28-Jul-2026,1.37,1.38,1.29,1.3,1698200
ZEO,28-Jul-2026,0.513,0.5519,0.513,0.5245,12200
ZG,28-Jul-2026,32.04,33.88,32.04,33.81,1400700
ZHOG,28-Jul-2026,50.9,50.985,50.9,50.985,200
ZION,28-Jul-2026,68.83,69.685,68.585,69.52,1443000
ZIONP,28-Jul-2026,18.22,18.46,18.15,18.37,14700
ZJK,28-Jul-2026,1.85,1.88,1.79,1.8,6200
ZJYL,28-Jul-2026,2,2.03,1.92,1.92,9400
ZKIN,28-Jul-2026,1.35,1.35,1.22,1.23,68600
ZKPW,28-Jul-2026,0.3011,0.311,0.28,0.28,19800
ZLAB,28-Jul-2026,18.87,19.175,18.26,18.62,1136500
ZM,28-Jul-2026,91.17,92.22,89.35,91.48,3457900
ZMUN,28-Jul-2026,49.99,49.99,49.9602,49.985,4600
ZNB,28-Jul-2026,2.58,3.24,2.45,2.93,463900
ZNTL,28-Jul-2026,4.51,4.685,4.1313,4.62,1214400
ZOOZ,28-Jul-2026,5.17,5.52,5.05,5.45,11200
ZOOZW,28-Jul-2026,0.028,0.03,0.0199,0.0201,114300
ZS,28-Jul-2026,147.1,154.27,142.75,151.63,2384500
ZSQR,28-Jul-2026,4.85,4.99,4.35,4.82,515500
ZSTK,28-Jul-2026,1.36,1.52,1.32,1.35,11300
ZTEK,28-Jul-2026,0.57,0.5999,0.552,0.552,157600
ZTEN,28-Jul-2026,49.6068,49.6068,49.6068,49.6068,100
ZTG,28-Jul-2026,2.88,2.99,2.65,2.65,12200
ZTOP,28-Jul-2026,51.1897,51.1897,51.1897,51.1897,100
ZTRE,28-Jul-2026,50.28,50.32,50.28,50.3,800
ZTWO,28-Jul-2026,50.25,50.25,50.24,50.24,1400
ZUMZ,28-Jul-2026,19.66,20.62,19.65,20.55,211200
ZURA,28-Jul-2026,5.4,5.56,5.21,5.54,504800
ZVRA,28-Jul-2026,9.81,9.81,9.39,9.73,1505100
ZYBT,28-Jul-2026,1.46,1.46,1.31,1.33,322800
ZYME,28-Jul-2026,23.2,23.5,22.35,22.61,358000
