Symbol,Date,Open,High,Low,Close,Volume
AAAP,08-Jul-2026,25.195,25.195,25.195,25.195,600000
AACB,08-Jul-2026,10.5,10.51,10.5,10.51,102600
AACBR,08-Jul-2026,0.19,0.19,0.18,0.18,13000
AACG,08-Jul-2026,1,1.02,0.93,0.9614,2600
AACI,08-Jul-2026,9.98,9.98,9.98,9.98,50000
AACIW,08-Jul-2026,0.39,0.4,0.39,0.4,8300
AACO,08-Jul-2026,9.94,9.94,9.94,9.94,100
AACP,08-Jul-2026,9.98,9.98,9.98,9.98,900
AACPR,08-Jul-2026,0.1998,0.2,0.1998,0.2,200
AADR,08-Jul-2026,82.55,83.2,82.4001,83.0854,400
AAEQ,08-Jul-2026,53.1611,53.1611,53.1611,53.1611,100
AAL,08-Jul-2026,16.83,16.91,16.11,16.52,176655800
AALG,08-Jul-2026,17.96,17.96,16.3,16.98,41100
AAME,08-Jul-2026,1.7281,1.7281,1.66,1.695,6200
AAOI,08-Jul-2026,113.02,118.1,110.5,114.44,6289000
AAON,08-Jul-2026,107.93,109.8,103.98,107.98,929400
AAPB,08-Jul-2026,39.09,40,38.38,39.68,50000
AAPD,08-Jul-2026,11.22,11.395,11.1197,11.16,5583800
AAPG,08-Jul-2026,18.4,19,17.8,18.86,7600
AAPL,08-Jul-2026,311.91,314.82,307.05,313.39,41323400
AAPU,08-Jul-2026,40.44,41.155,39.19,40.77,997000
AARD,08-Jul-2026,5.3,5.515,5.02,5.28,255500
AAUS,08-Jul-2026,59.8254,59.8254,59.8254,59.8254,100
AAVM,08-Jul-2026,33.28,33.3131,33.28,33.3131,700
AAXJ,08-Jul-2026,113.29,115.33,113.04,115.21,1085000
ABAT,08-Jul-2026,2.59,2.67,2.5,2.61,5004300
ABCL,08-Jul-2026,7.39,7.7,7.04,7.1,9395200
ABCS,08-Jul-2026,33.85,33.85,33.7161,33.7161,3200
ABEO,08-Jul-2026,6.47,6.825,6.47,6.8,1793400
ABI,08-Jul-2026,24.895,24.895,24.895,24.895,100
ABIG,08-Jul-2026,34.2,34.4431,34.2,34.4431,1600
ABLV,08-Jul-2026,1.19,1.2,1.06,1.09,49400
ABNB,08-Jul-2026,147.15,147.175,141.24,142.95,2969100
ABNG,08-Jul-2026,18.1,18.11,17.53,17.8731,18100
ABOS,08-Jul-2026,2.54,2.745,2.54,2.73,257800
ABSI,08-Jul-2026,10.96,11.14,10.41,11.1,6599900
ABTC,08-Jul-2026,6.2,6.27,5.76,5.86,4230200
ABTS,08-Jul-2026,1.15,1.22,1.15,1.17,14600
ABUS,08-Jul-2026,5.08,5.24,5.0201,5.22,3068800
ABVC,08-Jul-2026,2.02,2.11,1.96,2.02,277800
ABVX,08-Jul-2026,140.81,141.7499,136.85,138.54,1261100
ACAD,08-Jul-2026,26.15,26.29,25.59,26,1551800
ACB,08-Jul-2026,2.64,2.7,2.63,2.68,1365900
ACCL,08-Jul-2026,1.8,1.8,1.75,1.75,8600
ACDC,08-Jul-2026,4.88,5.1999,4.865,5.08,1534100
ACEP,08-Jul-2026,19.76,19.76,19.73,19.7501,500
ACET,08-Jul-2026,8.53,9.31,8.53,9.25,136300
ACFN,08-Jul-2026,16.61,16.91,16.5122,16.785,7000
ACGC,08-Jul-2026,9.96,9.97,9.96,9.97,8300
ACGCW,08-Jul-2026,0.35,0.37,0.35,0.37,28100
ACGL,08-Jul-2026,103.36,103.465,101.97,102.01,1320200
ACGLN,08-Jul-2026,16.02,16.15,15.84,15.86,21600
ACGLO,08-Jul-2026,19.1112,19.1112,18.92,18.92,21700
ACHC,08-Jul-2026,31.58,31.91,30.33,30.74,2009500
ACHV,08-Jul-2026,6.44,6.54,6.02,6.21,2430500
ACIC,08-Jul-2026,11.56,11.65,11.46,11.57,150100
ACIU,08-Jul-2026,2.52,2.59,2.47,2.52,164000
ACIW,08-Jul-2026,55.21,56.12,54.6,55.88,1296200
ACLS,08-Jul-2026,129.82,135.98,129.095,135.43,569300
ACMR,08-Jul-2026,94.66,98.57,93.5338,98.07,1068600
ACNB,08-Jul-2026,59.13,59.13,58,58.31,54600
ACNT,08-Jul-2026,15.38,15.38,14.89,15.1,51800
ACOG,08-Jul-2026,8.1,8.5,8.08,8.5,107600
ACON,08-Jul-2026,3.01,3.0439,2.9,2.95,31000
ACONW,08-Jul-2026,0.0243,0.0243,0.0243,0.0243,100
ACRS,08-Jul-2026,5.57,5.66,5.42,5.51,1214000
ACRV,08-Jul-2026,1.86,2.045,1.8218,2.04,1288500
ACT,08-Jul-2026,45.24,45.475,44.71,44.82,252900
ACTG,08-Jul-2026,4.45,4.57,4.42,4.46,154900
ACTU,08-Jul-2026,1.48,1.48,1.195,1.33,212200
ACWI,08-Jul-2026,155.63,155.96,154.415,155.9,8363900
ACWX,08-Jul-2026,74.5,74.96,74,74.92,1374800
ACXP,08-Jul-2026,1.45,1.48,1.34,1.36,152600
ADACW,08-Jul-2026,0.5999,0.6,0.5999,0.6,22900
ADAG,08-Jul-2026,3.94,4.12,3.79,3.83,635400
ADAM,08-Jul-2026,9.08,9.13,8.97,8.98,946000
ADAMG,08-Jul-2026,25.23,25.29,25.21,25.29,4600
ADAMH,08-Jul-2026,25.3,25.329,25.201,25.23,38600
ADAMI,08-Jul-2026,25.102,25.18,25.102,25.135,2200
ADAML,08-Jul-2026,24.33,24.335,24.32,24.335,1500
ADAMM,08-Jul-2026,24.8,24.93,24.8,24.9275,5700
ADAMN,08-Jul-2026,23.8,24,23.79,23.95,12900
ADAMO,08-Jul-2026,25.08,25.19,25.08,25.12,21900
ADAMZ,08-Jul-2026,18.75,19.06,18.75,18.92,5700
ADBE,08-Jul-2026,221.39,222.5,216.927,220.94,4508400
ADBG,08-Jul-2026,3.45,3.505,3.335,3.46,4461000
ADEA,08-Jul-2026,28,29.1,28,28.58,1772900
ADGM,08-Jul-2026,0.6101,0.6612,0.5601,0.5601,100900
ADI,08-Jul-2026,374.25,389.78,374.25,385.4,2609400
ADIL,08-Jul-2026,2.87,2.941,2.8,2.87,21000
ADMA,08-Jul-2026,9.01,9.295,8.995,9.16,2284800
ADP,08-Jul-2026,245.19,245.19,240.76,241.37,1688800
ADPT,08-Jul-2026,20.11,20.57,19.7711,20.16,2513900
ADSE,08-Jul-2026,12.14,12.15,10.711,12.04,17800
ADSEW,08-Jul-2026,0.59,0.6,0.59,0.6,500
ADSK,08-Jul-2026,211.1,211.9098,205.99,206.04,2050900
ADTN,08-Jul-2026,12.48,13.01,12.45,12.87,1967900
ADUR,08-Jul-2026,15,15.8,14.6,15.62,554600
ADUS,08-Jul-2026,105.31,106.76,104.5,106.32,287300
ADV,08-Jul-2026,39.58,40.215,36.65,39.41,345100
ADVB,08-Jul-2026,5.16,5.26,5,5.04,9100
ADXN,08-Jul-2026,5.89,5.89,5.89,5.89,300
AEAQ,08-Jul-2026,10,10,10,10,73600
AEAQU,08-Jul-2026,10.2,10.2,10.2,10.2,60700
AEBI,08-Jul-2026,11.43,12.005,11.25,11.4,307900
AEC,08-Jul-2026,4.09,4.28,4.0758,4.2,44500
AEHL,08-Jul-2026,0.99,1.02,0.9511,0.9854,89500
AEHR,08-Jul-2026,65.38,68.47,63.32,67.89,1502200
AEI,08-Jul-2026,1.34,1.34,1.25,1.29,27700
AEIS,08-Jul-2026,280.91,294.98,279.38,293.64,939300
AEMD,08-Jul-2026,0.732,0.7472,0.683,0.694,214200
AENT,08-Jul-2026,6.12,6.12,5.7901,5.93,13800
AENTW,08-Jul-2026,0.468,0.468,0.406,0.406,2700
AEP,08-Jul-2026,137.64,138.23,135.54,135.9,3592800
AERT,08-Jul-2026,7.2,7.29,7.1,7.2,16900
AERTW,08-Jul-2026,0.02,0.02,0.02,0.02,5700
AESP,08-Jul-2026,9.87,9.89,9.87,9.88,948200
AESPR,08-Jul-2026,0.1895,0.1895,0.16,0.16,2200
AESPU,08-Jul-2026,10.12,10.12,10.09,10.11,1100
AEVA,08-Jul-2026,21.01,22.13,20.1,21.5,1689000
AEYE,08-Jul-2026,7.24,7.37,7.0316,7.22,77700
AFBI,08-Jul-2026,22.7,22.7,22.58,22.63,16200
AFCG,08-Jul-2026,2.95,2.96,2.885,2.96,88600
AFJK,08-Jul-2026,12,12,12,26.69,0
AFJKR,08-Jul-2026,0.2478,0.2478,0.2478,0.252,0
AFOS,08-Jul-2026,44.6401,44.79,44.0589,44.7396,25200
AFRI,08-Jul-2026,10.29,10.7,10.2,10.2,5400
AFRIW,08-Jul-2026,0.845,0.845,0.7,0.75,7700
AFRM,08-Jul-2026,82.41,82.58,79.33,81.28,4626800
AFSC,08-Jul-2026,37.88,37.88,37.66,37.7333,1000
AFYA,08-Jul-2026,14.77,15,14.62,14.82,96600
AGCC,08-Jul-2026,15.23,15.45,14.92,15.08,39300
AGEM,08-Jul-2026,47.5,48.18,47.17,48.0913,6800
AGEN,08-Jul-2026,3.47,3.63,3.25,3.25,797500
AGGA,08-Jul-2026,24.98,24.98,24.9699,24.98,5400
AGIO,08-Jul-2026,43.465,44,42.52,42.76,1618400
AGIX,08-Jul-2026,43.77,44.75,43.66,44.67,193100
AGMB,08-Jul-2026,13.02,13.3,12.32,12.74,45500
AGMH,08-Jul-2026,1.08,1.095,1.0419,1.07,20200
AGMI,08-Jul-2026,58.185,59.1201,57.87,59.1201,2000
AGNC,08-Jul-2026,11.08,11.11,10.9,10.94,12852100
AGNCL,08-Jul-2026,24.85,24.85,24.81,24.81,7300
AGNCM,08-Jul-2026,24.94,24.95,24.73,24.82,32800
AGNCN,08-Jul-2026,25.42,25.52,25.4,25.45,43200
AGNCO,08-Jul-2026,25.32,25.39,25.3,25.34,26500
AGNCP,08-Jul-2026,24.92,25.09,24.92,25.09,36200
AGNCZ,08-Jul-2026,25.19,25.27,25.18,25.27,41700
AGNG,08-Jul-2026,37.12,37.12,36.7488,36.8236,18200
AGNT,08-Jul-2026,4.965,4.965,4.67,4.79,1245600
AGPU,08-Jul-2026,7.19,7.24,6.77,6.78,342100
AGRZ,08-Jul-2026,0.336,0.38,0.328,0.3651,140200
AGYS,08-Jul-2026,111.61,111.61,105.92,106.29,307300
AGZD,08-Jul-2026,22.59,22.62,22.59,22.61,494000
AHCO,08-Jul-2026,10.05,10.135,9.93,9.99,1315800
AHD,08-Jul-2026,25.655,25.655,25.5017,25.535,11000
AHG,08-Jul-2026,1.51,1.6,1.51,1.6,5700
AHMA,08-Jul-2026,2.14,2.1942,1.9,1.95,236200
AIA,08-Jul-2026,135.18,138.2371,134.84,138.07,683900
AIAI,08-Jul-2026,12.67,13.085,12.24,12.7,137100
AIBZ,08-Jul-2026,6.5,7.68,6.2,7.07,913900
AIDX,08-Jul-2026,0.59,0.5999,0.5716,0.5781,59300
AIFA,08-Jul-2026,1.9,2,1.72,1.925,87100
AIFC,08-Jul-2026,0.5438,0.57,0.5158,0.548,1164100
AIFD,08-Jul-2026,50.71,52.13,50.71,52.0326,16200
AIFF,08-Jul-2026,1.28,1.28,1.19,1.22,60300
AIFU,08-Jul-2026,37,37.61,34.1,35.585,13900
AIHS,08-Jul-2026,1.38,1.5,1.35,1.43,16000
AIIO,08-Jul-2026,3.99,4.3,3.945,3.96,739000
AIIOW,08-Jul-2026,0.04,0.04,0.0399,0.0399,5200
AIIR,08-Jul-2026,6.79,6.81,6.74,6.81,5600
AIMD,08-Jul-2026,1.88,1.9699,1.8136,1.83,23900
AIMS,08-Jul-2026,28.24,28.24,28.09,28.1629,1600
AIOS,08-Jul-2026,14.48,14.73,13.83,14.73,33500
AIOT,08-Jul-2026,4.22,4.28,4.105,4.2,1507900
AIP,08-Jul-2026,30.98,34.53,30.75,34.46,1094400
AIPI,08-Jul-2026,35.99,36.48,35.75,36.46,154100
AIPO,08-Jul-2026,30.25,31.035,30.16,30.86,688500
AIQ,08-Jul-2026,61.3,62.645,61.08,62.57,3149700
AIRE,08-Jul-2026,1.95,1.96,1.91,1.93,25300
AIRG,08-Jul-2026,5.89,6.01,5.785,5.8,48400
AIRJ,08-Jul-2026,4.4,4.525,4.24,4.51,1031400
AIRJW,08-Jul-2026,1.14,1.14,1,1.07,6000
AIRO,08-Jul-2026,6.86,6.97,6.58,6.61,369700
AIRR,08-Jul-2026,121.89,123.5154,120.57,122.56,524400
AIRS,08-Jul-2026,4.22,4.33,4.12,4.18,450100
AIRT,08-Jul-2026,27.97,27.98,27.48,27.48,1300
AIRTP,08-Jul-2026,19.75,19.75,19.595,19.75,800
AISP,08-Jul-2026,2.11,2.2,2.11,2.18,295500
AISPW,08-Jul-2026,0.6998,0.75,0.662,0.7106,14100
AIX,08-Jul-2026,23.82,24.0414,23.81,24.0414,3300
AIXC,08-Jul-2026,1,1.06,1,1.05,10200
AIXI,08-Jul-2026,1.91,2.0452,1.84,1.98,165600
AKAM,08-Jul-2026,113.78,127.35,113.775,126.57,7007800
AKAN,08-Jul-2026,11.42,11.42,10.11,10.16,26400
AKBA,08-Jul-2026,1.34,1.42,1.33,1.42,6593700
AKTS,08-Jul-2026,27,29.01,26.53,28.69,711700
AKTX,08-Jul-2026,14.81,15.25,13.41,14.21,64200
ALAB,08-Jul-2026,380.69,400.66,374.52,393.16,3473400
ALAR,08-Jul-2026,2.62,2.68,2.45,2.63,550800
ALBG,08-Jul-2026,6.49,6.86,6.4,6.8485,45400
ALBT,08-Jul-2026,0.2765,0.2904,0.27,0.288,156900
ALCO,08-Jul-2026,41.89,41.89,41.15,41.15,11500
ALDF,08-Jul-2026,10.69,10.69,10.69,10.69,9900
ALDX,08-Jul-2026,2.22,2.24,2.065,2.13,3097500
ALEC,08-Jul-2026,1.9,1.94,1.805,1.83,643800
ALGM,08-Jul-2026,51.06,52.515,49.605,51.465,3470300
ALGN,08-Jul-2026,182.55,185.065,173.97,174.68,1018600
ALGS,08-Jul-2026,5.92,6.93,5.88,6.73,404800
ALGT,08-Jul-2026,110,110.6998,103.7,108.26,635700
ALHC,08-Jul-2026,23.93,24.36,19.5,20.03,15361300
ALIL,08-Jul-2026,30.72,30.899,30.52,30.899,700
ALIS,08-Jul-2026,10.16,10.178,10.14,10.16,13500
ALISR,08-Jul-2026,0.65,0.68,0.65,0.68,15800
ALKS,08-Jul-2026,54.37,54.69,53.68,54.29,1706000
ALKT,08-Jul-2026,18.35,18.53,17.52,17.69,1790700
ALLO,08-Jul-2026,2.11,2.15,2.03,2.12,12427600
ALLR,08-Jul-2026,1.13,1.185,1.065,1.16,163600
ALLT,08-Jul-2026,8.27,8.65,8.21,8.54,279700
ALLW,08-Jul-2026,29.09,29.15,28.96,29.1149,373500
ALM,08-Jul-2026,14.71,15.17,14.3,14.95,6083500
ALMR,08-Jul-2026,24.9,25.52,24.26,25.3,165600
ALMS,08-Jul-2026,29.07,31.35,29,29.74,2714400
ALMU,08-Jul-2026,17.01,18,16.9501,17.74,446100
ALNT,08-Jul-2026,81.35,87.11,80.58,86.65,263200
ALNY,08-Jul-2026,318.5,325.37,316.775,323.5,897700
ALOT,08-Jul-2026,28.55,28.56,28.5,28.5,167200
ALOV,08-Jul-2026,10,10,9.95,9.95,4800
ALOVU,08-Jul-2026,10.12,10.12,10.09,10.09,800
ALOVW,08-Jul-2026,0.43,0.446,0.43,0.446,1500
ALOY,08-Jul-2026,11.95,13.25,11.95,12.9,1590300
ALP,08-Jul-2026,0.231,0.2637,0.23,0.23,2517000
ALPS,08-Jul-2026,0.5721,0.5899,0.55,0.5815,62600
ALPX,08-Jul-2026,9.84,9.85,9.84,9.84,129100
ALPXR,08-Jul-2026,0.18,0.18,0.18,0.18,229200
ALPXU,08-Jul-2026,10.0601,10.09,10.0601,10.08,4700
ALRM,08-Jul-2026,50.35,51.15,49.65,50.99,641400
ALRS,08-Jul-2026,30.95,30.96,30.13,30.34,153900
ALT,08-Jul-2026,2.94,3.11,2.93,3.11,3520200
ALTI,08-Jul-2026,3.99,4.1,3.56,3.615,681700
ALTO,08-Jul-2026,5.7,6.001,5.69,5.83,2315300
ALTY,08-Jul-2026,12.28,12.33,12.2707,12.3246,15100
ALVO,08-Jul-2026,3.47,3.4792,3.34,3.4,385100
ALXO,08-Jul-2026,2.36,2.405,2.275,2.33,1760400
ALZN,08-Jul-2026,1.09,1.17,1.09,1.15,72900
AMA,08-Jul-2026,33.13,36.9199,32.6301,35.95,381500
AMAL,08-Jul-2026,45.64,45.64,44.46,45.04,149400
AMAN,08-Jul-2026,10.15,10.15,10.115,10.12,93700
AMAT,08-Jul-2026,547.1,578.14,546.18,570.5,7535700
AMBA,08-Jul-2026,71.59,76.69,71.45,74.74,1746800
AMBR,08-Jul-2026,1.43,1.48,1.41,1.42,9900
AMCI,08-Jul-2026,5.15,5.5802,4.97,5.19,301500
AMCX,08-Jul-2026,9.97,10.2397,9.959,10.07,300400
AMD,08-Jul-2026,504.8,522.98,498.15,517.4051,23768500
AMDD,08-Jul-2026,3,3.04,2.905,2.93,20606700
AMDG,08-Jul-2026,107.65,109.9,101.11,109.3018,57700
AMDL,08-Jul-2026,61.2,65.7888,59.61,64.43,2434200
AMEI,08-Jul-2026,26.09,26.11,25.96,25.9919,4800
AMEM,08-Jul-2026,24.27,24.3112,24.27,24.3112,4400
AMGN,08-Jul-2026,366.18,371.42,363,367.99,1758900
AMGR,08-Jul-2026,24.8684,25.16,24.8684,25.11,9100
AMID,08-Jul-2026,35.02,35.3704,35.0199,35.3704,3600
AMIX,08-Jul-2026,6.47,6.59,6.322,6.458,3400
AMKR,08-Jul-2026,64.52,67.68,63.57,66.91,4553200
AMLX,08-Jul-2026,18.15,18.54,17.42,17.88,909200
AMOD,08-Jul-2026,4.06,4.1,3.965,4.01,11100
AMPG,08-Jul-2026,6.09,6.867,6.09,6.58,3095300
AMPGR,08-Jul-2026,1.43,1.85,1.18,1.61,19700
AMPGZ,08-Jul-2026,1.18,1.33,1.18,1.3,8200
AMPH,08-Jul-2026,19.96,19.96,18.52,18.88,438600
AMPL,08-Jul-2026,8.85,9.0193,8.675,8.81,2370600
AMRN,08-Jul-2026,15.49,15.49,14.75,15.17,104500
AMRX,08-Jul-2026,16.93,17.03,16.45,16.96,1752300
AMSC,08-Jul-2026,34.62,36.17,34.18,36,831100
AMSF,08-Jul-2026,35.51,35.74,35.0875,35.35,289600
AMSS,08-Jul-2026,1.67,1.7,1.57,1.7,104100
AMST,08-Jul-2026,1.16,1.2,1.075,1.11,129500
AMTX,08-Jul-2026,1.75,1.83,1.7324,1.76,812400
AMUN,08-Jul-2026,26.05,26.059,26.0007,26.025,3100
AMUU,08-Jul-2026,215.84,228.7,209.65,227.06,135000
AMYY,08-Jul-2026,15.5399,15.5399,15.42,15.4707,13700
AMZD,08-Jul-2026,9.23,9.37,9.23,9.26,11087800
AMZN,08-Jul-2026,244.27,244.8,240.52,243.62,29653000
AMZU,08-Jul-2026,34.82,35.015,33.78,34.63,2206900
AMZZ,08-Jul-2026,32.21,32.21,31.2447,32.1372,104900
ANAB,08-Jul-2026,66.89,68.47,63.365,65.35,1164800
ANDE,08-Jul-2026,68.82,72.1,68.82,72.05,647800
ANEL,08-Jul-2026,19.69,23.7599,19.69,23.7,541600
ANGH,08-Jul-2026,3.24,3.45,3.24,3.4,3900
ANGHW,08-Jul-2026,0.0089,0.0099,0.0089,0.0099,2300
ANGI,08-Jul-2026,6.34,6.34,5.945,6.12,534900
ANGL,08-Jul-2026,29.08,29.09,29.02,29.055,903400
ANGO,08-Jul-2026,13,13.01,12.65,12.81,287200
ANIK,08-Jul-2026,15.73,16.37,15.62,16.34,157000
ANIP,08-Jul-2026,85.62,86.14,84.68,84.77,228500
ANIX,08-Jul-2026,2.96,3.16,2.92,3.11,184900
ANL,08-Jul-2026,10.42,10.75,9.83,10.18,369500
ANNA,08-Jul-2026,2.84,2.99,2.7,2.75,1312000
ANNAW,08-Jul-2026,0.2576,0.3259,0.2576,0.28,91000
ANNX,08-Jul-2026,6.35,6.51,5.835,5.96,7548900
ANPA,08-Jul-2026,4.25,4.4,4.03,4.2,20900
ANSC,08-Jul-2026,11.42,11.43,11.42,11.43,54400
ANTA,08-Jul-2026,5.2,5.2,4.92,4.92,2100
ANTX,08-Jul-2026,4.17,4.46,4.09,4.41,538300
ANV,08-Jul-2026,24.93,25.08,24.92,25.025,2300
ANY,08-Jul-2026,2.39,2.5039,2.28,2.35,218800
AOHY,08-Jul-2026,11.01,11.0288,10.99,11.0254,156100
AOSL,08-Jul-2026,34.73,37.555,34.59,37.37,767300
AOTG,08-Jul-2026,61.83,63.34,61.83,63.34,14000
AOUT,08-Jul-2026,13.91,14.25,13.65,13.93,88400
APA,08-Jul-2026,34.92,35.22,34.19,35.06,7120400
APC,08-Jul-2026,19.23,19.64,18.99,19.22,103100
APEI,08-Jul-2026,59.26,59.96,57.31,58.01,267600
APGE,08-Jul-2026,133.52,133.785,133.18,133.25,2543800
API,08-Jul-2026,4.11,4.19,4.07,4.16,335600
APLD,08-Jul-2026,30.48,32.15,29.93,31.44,18267400
APLM,08-Jul-2026,19,19.32,18.315,19.11,6100
APLMW,08-Jul-2026,0.0122,0.0187,0.0122,0.0185,60600
APM,08-Jul-2026,0.7778,0.7875,0.77,0.78,15200
APMC,08-Jul-2026,9.9001,9.91,9.8899,9.9,465000
APMCR,08-Jul-2026,0.15,0.16,0.15,0.16,3700
APMCU,08-Jul-2026,10.04,10.04,10.02,10.02,6100
APOG,08-Jul-2026,38.55,38.58,37.67,38.4,283700
APP,08-Jul-2026,524.7,527.1999,507,522.18,4826900
APPF,08-Jul-2026,175.49,177.5,174.87,176.48,325900
APPN,08-Jul-2026,24.17,24.41,23.89,24.27,478900
APPS,08-Jul-2026,10.02,10.52,9.8501,10.5,4224600
APPX,08-Jul-2026,40.42,41.57,38.42,40.7,211700
APRE,08-Jul-2026,0.769,0.79,0.7403,0.7423,35500
APUR,08-Jul-2026,9.93,9.93,9.925,9.93,75700
APURR,08-Jul-2026,0.1879,0.1879,0.1825,0.1879,800
APVO,08-Jul-2026,4.53,4.79,4.4001,4.5,1200100
APWC,08-Jul-2026,1.53,1.6,1.52,1.55,8700
APXT,08-Jul-2026,10.1,10.1,10.06,10.06,72300
APYX,08-Jul-2026,4.13,4.24,4.13,4.21,40600
AQB,08-Jul-2026,1.05,1.05,0.9009,0.94,374400
AQLG,08-Jul-2026,25.7487,25.7487,25.7487,25.7487,100
AQMS,08-Jul-2026,2.77,2.8,2.64,2.74,79500
AQST,08-Jul-2026,4.26,4.34,4.235,4.31,1217200
AQWA,08-Jul-2026,19.03,19.039,18.93,18.9835,8000
ARAI,08-Jul-2026,0.3881,0.3881,0.357,0.3839,386800
ARAY,08-Jul-2026,0.25,0.2558,0.2356,0.253,863600
ARBB,08-Jul-2026,4.67,4.68,4.25,4.25,6600
ARBE,08-Jul-2026,0.7061,0.7258,0.6932,0.7111,386100
ARBK,08-Jul-2026,3.21,3.39,3.205,3.31,19500
ARCB,08-Jul-2026,144.36,148.63,142.13,145.87,314000
ARCC,08-Jul-2026,18.44,18.5,18.245,18.38,4905400
ARCIU,08-Jul-2026,10.2,10.2,10.2,10.2,24300
ARCT,08-Jul-2026,7.46,7.6,7.06,7.3,526800
ARDX,08-Jul-2026,5.36,5.44,5.26,5.43,3565400
AREC,08-Jul-2026,1.87,1.93,1.795,1.83,2034300
ARGX,08-Jul-2026,914.15,920.3,906.2275,915.3,245300
ARHS,08-Jul-2026,7.97,8.1,7.555,7.72,1241500
ARKO,08-Jul-2026,7.82,8.14,7.74,8.09,605100
ARKR,08-Jul-2026,5.58,5.98,5.58,5.98,600
ARLP,08-Jul-2026,23.91,24.5,23.91,24.4,346800
ARM,08-Jul-2026,297.54,311.365,290.45,300.24,6128600
ARMG,08-Jul-2026,27.01,29.89,26,27.78,660200
ARMY,08-Jul-2026,24.79,24.79,24.65,24.7148,2200
AROW,08-Jul-2026,40.54,40.58,39.8,39.89,91100
ARQ,08-Jul-2026,2.21,2.26,2.1339,2.21,198900
ARQQ,08-Jul-2026,19.23,21.4795,19.19,20.05,612900
ARQQW,08-Jul-2026,0.0488,0.0596,0.0445,0.0527,31400
ARQT,08-Jul-2026,27.37,28.55,27.28,28.5,1804100
ARRY,08-Jul-2026,6.49,6.6073,6.19,6.34,6296200
ARTC,08-Jul-2026,9.98,9.99,9.97,9.98,15700
ARTCU,08-Jul-2026,10.04,10.395,10.04,10.395,12500
ARTCW,08-Jul-2026,0.35,0.36,0.35,0.35,2500
ARTL,08-Jul-2026,1,1.04,0.9611,0.9963,158900
ARTNA,08-Jul-2026,34.02,34.185,33.5001,34.05,38200
ARTV,08-Jul-2026,9.48,9.895,9.11,9.31,475500
ARTW,08-Jul-2026,2.56,2.5908,2.47,2.48,13000
ARVN,08-Jul-2026,8.45,8.7,8.4,8.56,631100
ARVR,08-Jul-2026,55.58,55.98,55.58,55.8684,600
ARWR,08-Jul-2026,85.87,86.8629,84.19,85.74,1660400
ARXS,08-Jul-2026,41.86,43.8,41.665,43.11,686200
ASBP,08-Jul-2026,5.54,5.95,5.4601,5.78,30800
ASBPW,08-Jul-2026,0.0249,0.0249,0.02,0.0201,5200
ASCI,08-Jul-2026,35.46,35.8744,35.44,35.8744,2600
ASD,08-Jul-2026,28,28,27.38,27.42,4100
ASEC,08-Jul-2026,50,50,49.92,49.92,1000
ASLE,08-Jul-2026,6.03,6.14,5.94,6.07,685700
ASMB,08-Jul-2026,28.3,29.2,27.9,28.73,135900
ASMG,08-Jul-2026,47.97,51.34,47.8398,50.7885,62600
ASML,08-Jul-2026,1733.68,1780.66,1729.38,1768.65,1424500
ASMU,08-Jul-2026,31.77,33.6,31.55,33.25,109000
ASND,08-Jul-2026,265.37,277.83,265.37,277.18,739600
ASO,08-Jul-2026,44.96,45.27,43.72,44.46,1563100
ASPC,08-Jul-2026,10.7766,10.7766,10.62,10.62,1200
ASPCU,08-Jul-2026,10.82,10.82,10.82,10.82,200
ASPI,08-Jul-2026,4.91,5.16,4.835,4.94,3107300
ASPS,08-Jul-2026,7.119,7.235,7.05,7.05,13300
ASPSW,08-Jul-2026,0.415,0.425,0.37,0.4167,110200
ASPSZ,08-Jul-2026,0.221,0.2586,0.175,0.2399,33800
ASRV,08-Jul-2026,3.8,3.81,3.76,3.8,6800
ASST,08-Jul-2026,12.12,12.5,11.99,12.39,2660200
ASTC,08-Jul-2026,9.27,9.49,8.75,9.11,69000
ASTE,08-Jul-2026,55.59,55.93,54.26,55.12,226200
ASTH,08-Jul-2026,46.7,47.525,46.21,46.28,470800
ASTI,08-Jul-2026,4.1,4.3399,3.97,4.21,320200
ASTL,08-Jul-2026,3.75,3.79,3.695,3.75,832100
ASTLW,08-Jul-2026,0.028,0.0351,0.0121,0.025,284700
ASTS,08-Jul-2026,73.76,77.9699,73.2,74.95,9520300
ASUR,08-Jul-2026,8.34,8.405,8.0001,8.26,101800
ASYS,08-Jul-2026,17.52,18.16,16.9,17.69,437900
ATAI,08-Jul-2026,5.11,5.4,5.01,5.17,10126400
ATAT,08-Jul-2026,32.54,32.67,31.04,31.84,868100
ATC,08-Jul-2026,21.09,21.09,21.09,21.09,100
ATCX,08-Jul-2026,3.63,3.69,3.5,3.52,6500
ATEC,08-Jul-2026,9.142,9.355,8.86,9.21,3318900
ATER,08-Jul-2026,1.27,1.33,1.2001,1.24,241000
ATEX,08-Jul-2026,99.99,105.16,99.13,104.92,363000
ATGL,08-Jul-2026,11.05,11.05,11.05,11.05,300
ATHE,08-Jul-2026,5.62,5.7,5.3302,5.58,6400
ATHR,08-Jul-2026,5.06,5.06,4.18,4.6,61200
ATII,08-Jul-2026,10.98,10.98,10.82,10.82,33300
ATIIU,08-Jul-2026,12,12,12,12,100
ATIIW,08-Jul-2026,1.97,1.97,1.65,1.79,21300
ATLC,08-Jul-2026,98.41,98.41,90.59,93.45,163200
ATLCL,08-Jul-2026,25.29,25.36,25.29,25.36,6400
ATLCP,08-Jul-2026,24.2403,24.4288,24.2001,24.32,8200
ATLCZ,08-Jul-2026,25.31,25.39,25.31,25.36,15100
ATLO,08-Jul-2026,28.93,29.14,28.64,28.84,49900
ATLX,08-Jul-2026,3.37,3.44,3.27,3.38,333200
ATNI,08-Jul-2026,24.37,25.3,24.24,24.71,74800
ATOM,08-Jul-2026,6.66,6.94,6.47,6.82,673800
ATOS,08-Jul-2026,2.51,2.539,2.38,2.45,127900
ATPC,08-Jul-2026,2.81,2.87,2.7801,2.83,19500
ATRA,08-Jul-2026,10.04,10.375,9.5,9.65,206700
ATRC,08-Jul-2026,32.64,34.07,32.01,33.66,801300
ATRO,08-Jul-2026,69.89,71.99,69.45,71.17,751200
ATXG,08-Jul-2026,3.73,3.73,3.73,3.73,1800
ATYR,08-Jul-2026,0.5884,0.6798,0.5884,0.6431,2381000
AUBN,08-Jul-2026,25.6,25.94,25.2,25.94,2300
AUC,08-Jul-2026,8.09,8.09,7.53,7.8,11800
AUDC,08-Jul-2026,9.45,9.66,9.43,9.61,101600
AUGO,08-Jul-2026,60.29,62.8069,58.12,59.82,1023700
AUID,08-Jul-2026,1.13,1.26,1.13,1.18,260400
AUMI,08-Jul-2026,75.005,76.4803,75,76.4803,1300
AUPH,08-Jul-2026,16.08,16.56,15.91,16.23,1992100
AUR,08-Jul-2026,6.21,6.34,6.08,6.15,21795700
AURA,08-Jul-2026,7.03,7.37,6.95,7.25,1210900
AURE,08-Jul-2026,1.96,1.96,1.96,1.96,900
AUROW,08-Jul-2026,0.2815,0.3014,0.22,0.259,6900
AUTL,08-Jul-2026,1.6,1.745,1.6,1.7,1673400
AUUD,08-Jul-2026,1.26,1.35,1.1807,1.31,604300
AVAH,08-Jul-2026,9.47,9.74,9.37,9.59,3015100
AVAT,08-Jul-2026,0.5,0.52,0.49,0.51,350400
AVAV,08-Jul-2026,165.67,168.89,157.01,157.78,2378300
AVBH,08-Jul-2026,32.31,32.625,31.82,32.14,129200
AVBP,08-Jul-2026,33.9,34.6,32.75,33.4,857900
AVGB,08-Jul-2026,50.9464,50.975,50.93,50.975,400
AVGG,08-Jul-2026,27.01,29.57,27,28.65,514200
AVGO,08-Jul-2026,377.52,395.09,376.89,388.69,31624000
AVGU,08-Jul-2026,34.55,37.7699,34.55,36.77,220300
AVGX,08-Jul-2026,46.66,50.64,46.33,49.11,1311800
AVIR,08-Jul-2026,4.83,4.94,4.72,4.81,557700
AVL,08-Jul-2026,43.99,47.94,43.77,46.5,945100
AVLN,08-Jul-2026,28.43,29.48,28.09,28.94,419900
AVNW,08-Jul-2026,20.4,21.48,19.8767,20.66,103100
AVO,08-Jul-2026,13.5,13.57,13.2785,13.5,1965800
AVOS,08-Jul-2026,26.9082,26.9082,26.9082,26.9082,100
AVPT,08-Jul-2026,12.25,12.53,12.14,12.48,2537700
AVR,08-Jul-2026,9.8,9.95,9.46,9.71,1503400
AVS,08-Jul-2026,7.87,7.885,7.4999,7.63,14945500
AVT,08-Jul-2026,81.14,83.41,81.14,83.24,831800
AVTX,08-Jul-2026,18.97,19.84,18.36,19.21,1296600
AVUQ,08-Jul-2026,65.28,65.71,64.8999,65.6775,12400
AVX,08-Jul-2026,5.485,5.54,5.205,5.205,32600
AVXC,08-Jul-2026,80.32,81.79,80.188,81.7322,30900
AVXL,08-Jul-2026,2.67,2.79,2.655,2.7,776500
AVXX,08-Jul-2026,6.69,6.94,6,6.07,772400
AWRE,08-Jul-2026,1.41,1.46,1.33,1.34,22200
AXG,08-Jul-2026,3.27,3.29,3.2,3.28,74000
AXGN,08-Jul-2026,43.98,44.08,42.22,42.75,1052300
AXIN,08-Jul-2026,10.355,10.365,10.34,10.36,2600
AXINR,08-Jul-2026,0.3561,0.4,0.3561,0.37,5400
AXINU,08-Jul-2026,10.7,10.7,10.7,10.7,400
AXON,08-Jul-2026,630,630.99,595.14,599.8,1171100
AXPG,08-Jul-2026,13.58,13.67,13.04,13.1097,61400
AXSM,08-Jul-2026,249.36,252.535,245.4,245.57,769400
AXTI,08-Jul-2026,58.77,64.4,56.8,60.12,7390000
AYA,08-Jul-2026,18.03,19.27,18.03,19.12,456500
AYTU,08-Jul-2026,2.19,2.22,2.1599,2.18,40100
AZ,08-Jul-2026,5.96,6.14,5.81,6.05,153200
AZI,08-Jul-2026,1.62,1.64,1.51,1.62,160300
AZIO,08-Jul-2026,1.92,1.92,1.795,1.86,142500
AZTA,08-Jul-2026,25.33,25.33,24.245,24.51,556500
AZYY,08-Jul-2026,15.27,15.28,15.25,15.28,1800
BABU,08-Jul-2026,9.3,9.68,9.04,9.5572,829500
BABX,08-Jul-2026,17.19,17.86,16.6401,17.62,3027100
BACC,08-Jul-2026,11.01,11.1,10.83,10.95,298400
BACCR,08-Jul-2026,0.86,0.8651,0.8472,0.8651,292900
BAER,08-Jul-2026,1.9,1.98,1.85,1.93,421400
BAFE,08-Jul-2026,29.09,29.13,28.9,29.02,43100
BAFN,08-Jul-2026,5.34,5.54,5.2044,5.47,8700
BAIG,08-Jul-2026,22.04,22.04,20.5,20.9295,15200
BAIV,08-Jul-2026,26.21,26.265,26.21,26.265,2500
BALQ,08-Jul-2026,54.72,55.2201,54.58,55.2201,4200
BAND,08-Jul-2026,66.32,71.59,62.645,70.49,2258300
BANF,08-Jul-2026,113.55,113.695,112.01,112.37,194400
BANL,08-Jul-2026,0.409,0.4275,0.398,0.42,368500
BANR,08-Jul-2026,67.22,67.22,65.93,66.32,218900
BANX,08-Jul-2026,19.81,20,19.7,19.97,32200
BAOS,08-Jul-2026,2.67,2.75,2.61,2.715,16300
BASG,08-Jul-2026,26.72,26.92,26.685,26.9178,5200
BASV,08-Jul-2026,30.66,30.66,30.45,30.5955,35000
BATRA,08-Jul-2026,57,57.47,56.54,56.82,54800
BATRK,08-Jul-2026,52.69,53.18,51.73,51.75,419900
BBB,08-Jul-2026,29.11,29.22,29.11,29.22,400
BBCP,08-Jul-2026,11.12,11.21,10.86,11.02,188200
BBCQ,08-Jul-2026,10.3,10.37,10.27,10.31,46200
BBCQU,08-Jul-2026,11.12,11.1201,11.0935,11.12,1100
BBCQW,08-Jul-2026,2.44,2.44,2.2,2.2499,24300
BBGI,08-Jul-2026,24.58,24.9,22.93,23.125,18500
BBH,08-Jul-2026,210.37,210.37,208.64,209.2755,3400
BBIO,08-Jul-2026,77.11,78.46,76.01,78.33,2060800
BBLG,08-Jul-2026,1.35,1.35,1.25,1.34,362000
BBNX,08-Jul-2026,16.63,16.91,15.68,16.18,999400
BBOT,08-Jul-2026,8.93,9.46,8.4,9.02,723600
BBSI,08-Jul-2026,37.78,37.78,37.27,37.39,123700
BBUL,08-Jul-2026,23.23,23.96,22.84,23.8088,24200
BBYY,08-Jul-2026,9.72,9.72,9.72,9.72,200
BCAB,08-Jul-2026,4.1,4.18,3.53,3.59,76600
BCAL,08-Jul-2026,20.49,20.96,20.19,20.27,143600
BCAR,08-Jul-2026,10.42,10.44,10.395,10.41,337400
BCARW,08-Jul-2026,1.8,1.9,1.725,1.9,241900
BCAX,08-Jul-2026,30.25,30.5,28.05,28.99,867300
BCBP,08-Jul-2026,10.17,10.17,9.73,9.77,179900
BCCQU,08-Jul-2026,10.05,10.05,10.04,10.04,435300
BCDA,08-Jul-2026,0.99,1.03,0.9001,0.9652,1063200
BCFN,08-Jul-2026,22.155,22.155,22.155,22.155,100
BCG,08-Jul-2026,1.54,1.55,1.5,1.51,18000
BCIC,08-Jul-2026,7.36,7.36,7.2,7.25,46700
BCLO,08-Jul-2026,49.58,49.58,49.45,49.48,2600
BCML,08-Jul-2026,33.15,33.61,32.88,33.03,47000
BCPC,08-Jul-2026,168.14,168.74,166,166.01,285500
BCRX,08-Jul-2026,10.95,11.19,10.51,11.11,7429400
BCTK,08-Jul-2026,30.18,30.4864,29.91,30.4864,7000
BCTX,08-Jul-2026,3.51,3.82,3.4288,3.7,342200
BCTXL,08-Jul-2026,0.86,0.99,0.86,0.95,6100
BCTXZ,08-Jul-2026,0.0999,0.1,0.0821,0.1,139900
BCYC,08-Jul-2026,4.34,4.375,4.18,4.28,337100
BDCI,08-Jul-2026,10.07,10.08,10.07,10.07,4400
BDCIW,08-Jul-2026,0.445,0.445,0.41,0.41,1800
BDGS,08-Jul-2026,36.575,36.575,36.575,36.575,100
BDMD,08-Jul-2026,1.16,1.2256,1.1001,1.145,30100
BDRX,08-Jul-2026,2.65,2.65,2.49,2.6,18900
BDSX,08-Jul-2026,20.14,20.58,18.91,20.15,108400
BDTX,08-Jul-2026,2.04,2.1,1.895,1.9,1759700
BDVL,08-Jul-2026,26.0105,26.06,25.9142,26.02,149700
BDYN,08-Jul-2026,27.58,27.66,27.34,27.654,326200
BEAG,08-Jul-2026,10.65,10.71,10.65,10.71,75300
BEAGR,08-Jul-2026,0.394,0.394,0.3011,0.3011,7400
BEAM,08-Jul-2026,36.43,37.435,35,36.88,3931000
BEAT,08-Jul-2026,0.659,0.659,0.6,0.6255,435700
BEATW,08-Jul-2026,0.0202,0.0202,0.0202,0.0202,1100
BEDY,08-Jul-2026,29.23,29.23,28.86,28.93,26100
BEEM,08-Jul-2026,1.18,1.22,1.155,1.21,504400
BEEP,08-Jul-2026,1.49,1.52,1.46,1.52,38800
BEEX,08-Jul-2026,26.7677,26.7677,26.7677,26.7677,100
BEEZ,08-Jul-2026,33.1907,33.1907,33.1907,33.1907,100
BEG,08-Jul-2026,61.4,64.9599,48.6155,57.24,462500
BELFA,08-Jul-2026,214.54,220.76,212.27,220.76,37200
BELFB,08-Jul-2026,251.48,259.885,249.54,258.67,205600
BELT,08-Jul-2026,39.3006,39.3006,39.3006,39.3006,300
BENF,08-Jul-2026,3.52,3.64,3.365,3.49,7600
BENFW,08-Jul-2026,0.0103,0.0103,0.0103,0.0103,200
BESO,08-Jul-2026,24.6787,24.6787,24.6787,24.6787,100
BETR,08-Jul-2026,27.18,28.06,23.625,24.15,622000
BETRW,08-Jul-2026,0.205,0.205,0.205,0.205,1200
BFC,08-Jul-2026,149.57,150.55,144.45,145.17,138300
BFLX,08-Jul-2026,25.18,25.35,25.11,25.3343,90300
BFRG,08-Jul-2026,0.6839,0.71,0.663,0.6797,47200
BFRGW,08-Jul-2026,0.12,0.1299,0.1,0.1299,2800
BFRI,08-Jul-2026,1.16,1.166,1.05,1.14,598800
BFRIW,08-Jul-2026,0.022,0.0336,0.022,0.027,11200
BFST,08-Jul-2026,30.23,30.23,29.5,29.64,209400
BGC,08-Jul-2026,11,11.1,10.6,10.62,4065300
BGCG,08-Jul-2026,26.48,26.65,26.38,26.6242,6900
BGDE,08-Jul-2026,7.2,7.35,7.0006,7.16,99500
BGEG,08-Jul-2026,23.2,23.5238,23.17,23.5238,800
BGGG,08-Jul-2026,35.61,35.7519,35.05,35.7519,38300
BGIA,08-Jul-2026,24.5461,24.5461,24.5461,24.5461,100
BGIN,08-Jul-2026,1.8,1.94,1.8,1.85,7600
BGL,08-Jul-2026,0.24,0.253,0.2251,0.253,497500
BGLC,08-Jul-2026,1.93,1.939,1.81,1.93,3400
BGLWW,08-Jul-2026,0.0866,0.1,0.0865,0.0897,1400
BGM,08-Jul-2026,0.3202,0.35,0.3039,0.3141,163700
BGMS,08-Jul-2026,0.892,0.94,0.8294,0.8702,59200
BGRN,08-Jul-2026,47.1,47.15,47.05,47.1097,25900
BGRO,08-Jul-2026,42.12,42.1729,42.12,42.1729,500
BHAV,08-Jul-2026,9.98,9.98,9.97,9.97,200
BHDG,08-Jul-2026,24.9,24.9,24.73,24.73,4300
BHF,08-Jul-2026,65.32,65.48,65.07,65.4,460400
BHFAL,08-Jul-2026,15.61,15.96,15.6,15.94,18700
BHFAM,08-Jul-2026,10.6,10.62,10.4,10.6,31000
BHFAN,08-Jul-2026,12.07,12.08,11.91,12.05,29200
BHFAO,08-Jul-2026,15.27,15.27,15.05,15.15,22400
BHFAP,08-Jul-2026,14.84,14.86,14.7,14.75,25500
BHRB,08-Jul-2026,69.67,69.91,68.25,68.87,192000
BHST,08-Jul-2026,2.9,2.93,2.75,2.86,54200
BIAF,08-Jul-2026,0.806,0.806,0.733,0.789,1060700
BIAFW,08-Jul-2026,0.0952,0.1012,0.0951,0.1012,2900
BIB,08-Jul-2026,107.79,109.0828,105.68,107.7403,20100
BIDG,08-Jul-2026,11.98,12.3,11.73,11.95,52800
BIDU,08-Jul-2026,117.76,119.83,116.4301,117.62,3233300
BIDWU,08-Jul-2026,9.96,9.96,9.95,9.96,600
BIIB,08-Jul-2026,204.86,206.75,198.93,200.36,1947800
BILI,08-Jul-2026,18.15,18.33,17.94,18.03,2319900
BIOA,08-Jul-2026,24.34,24.4,22.971,23.63,653400
BIOX,08-Jul-2026,0.32,0.35,0.32,0.33,239700
BIOY,08-Jul-2026,23.42,23.42,23.2399,23.395,4600
BIRD,08-Jul-2026,3.43,3.49,3.33,3.47,247700
BIS,08-Jul-2026,12.42,12.9,12.42,12.6704,19100
BITA,08-Jul-2026,50.17,50.439,49.77,50.3359,26700
BITS,08-Jul-2026,55.79,56.6241,55.585,56.6241,1700
BIVI,08-Jul-2026,2.17,2.2368,2.1,2.18,58400
BIYA,08-Jul-2026,0.3004,0.6354,0.2988,0.513,78176100
BJDX,08-Jul-2026,1.48,1.48,1.2,1.34,2826200
BJRI,08-Jul-2026,59.61,59.65,58.07,59.37,266300
BKCH,08-Jul-2026,66.98,70.01,66.98,69.9,24900
BKHAR,08-Jul-2026,1.64,1.64,1.64,1.64,400
BKMI,08-Jul-2026,26.27,26.2997,26.22,26.245,114900
BKMS,08-Jul-2026,25.5,25.54,25.47,25.52,67700
BKNG,08-Jul-2026,179.39,179.88,172.75,174.29,5003400
BKR,08-Jul-2026,55.85,57.67,55.14,57.58,16775500
BKYI,08-Jul-2026,4.5,5.76,4.5,5.3114,71200
BL,08-Jul-2026,28.74,28.74,28.09,28.55,1027500
BLBD,08-Jul-2026,79.6,79.68,76.2666,78.07,336700
BLCN,08-Jul-2026,24.26,24.42,23.75,24.17,18300
BLCR,08-Jul-2026,48.98,49.3598,48.7,49.34,373100
BLDP,08-Jul-2026,3.18,3.27,3.15,3.23,5843700
BLFS,08-Jul-2026,27.5,27.585,26.9834,27.19,465000
BLIN,08-Jul-2026,1.26,1.3,1.2,1.25,135100
BLIV,08-Jul-2026,2.168,2.2,2.168,2.2,5700
BLKB,08-Jul-2026,29.82,30.23,28.56,28.63,610900
BLLN,08-Jul-2026,117.6,121,113.3,120.6,630300
BLMN,08-Jul-2026,7.89,7.91,7.66,7.77,1608600
BLNE,08-Jul-2026,1.09,1.09,1.05,1.06,160600
BLNK,08-Jul-2026,0.5872,0.5899,0.5621,0.5782,1245900
BLRX,08-Jul-2026,2.79,3.05,2.75,3.01,221900
BLSG,08-Jul-2026,1.9218,2.0246,1.9218,2.0246,110700
BLTE,08-Jul-2026,155.5,155.5,147.09,152.3,311800
BLUW,08-Jul-2026,10.34,10.34,10.34,10.34,100
BLZE,08-Jul-2026,15.96,16.45,15.5501,16.42,1681400
BLZR,08-Jul-2026,10.13,10.14,10.13,10.14,17800
BLZRU,08-Jul-2026,10.25,10.28,10.23,10.28,26300
BLZRW,08-Jul-2026,0.4012,0.4799,0.4011,0.4799,12400
BMBL,08-Jul-2026,3.1,3.101,2.96,3,1986100
BMEA,08-Jul-2026,1.4,1.42,1.28,1.3,1734000
BMGL,08-Jul-2026,5.9,7.39,5.67,6.22,14500
BMHL,08-Jul-2026,5.7,6.1,5.7,6.09,900
BMM,08-Jul-2026,6.17,6.47,6.09,6.15,66500
BMNG,08-Jul-2026,10.45,11.2,9.99,11.11,1887700
BMOP,08-Jul-2026,25.08,25.08,24.98,25.04,78400
BMR,08-Jul-2026,1.44,1.45,1.39,1.41,27600
BMRA,08-Jul-2026,1.68,1.68,1.652,1.66,6000
BMRC,08-Jul-2026,28.39,28.65,27.815,28.05,169900
BMRN,08-Jul-2026,59.88,60.67,59.63,59.75,1545500
BNAI,08-Jul-2026,14.61,15.41,14.61,15.165,122100
BNAIW,08-Jul-2026,0.12,0.1625,0.11,0.1131,31400
BNBX,08-Jul-2026,0.349,0.35,0.3311,0.3483,22500
BNC,08-Jul-2026,2.68,2.72,2.56,2.64,125200
BNCWZ,08-Jul-2026,0.0848,0.0848,0.0848,0.0848,100
BND,08-Jul-2026,72.73,72.74,72.59,72.7,8944800
BNDP,08-Jul-2026,73.545,73.56,73.44,73.545,3300
BNDW,08-Jul-2026,67.82,67.82,67.68,67.76,64100
BNDX,08-Jul-2026,47.9,47.91,47.8,47.83,4713600
BNGO,08-Jul-2026,1.15,1.16,1.13,1.13,76100
BNKK,08-Jul-2026,1.38,1.38,1.27,1.31,131900
BNR,08-Jul-2026,11.15,12.19,10.8871,11.75,39900
BNRG,08-Jul-2026,0.99,0.99,0.8,0.9,10505400
BNTC,08-Jul-2026,13.4,13.64,12.95,13.48,79000
BNTX,08-Jul-2026,93.03,93.8825,92.26,93.53,686500
BNZI,08-Jul-2026,3.16,3.2265,3,3.04,169100
BNZIW,08-Jul-2026,0.0099,0.0099,0.0099,0.0099,500
BODI,08-Jul-2026,9.9035,10.68,9.9035,10.55,25100
BOEG,08-Jul-2026,14.7,14.95,14.229,14.4099,44300
BOEU,08-Jul-2026,37.05,37.6106,35.8,36.3332,25800
BOF,08-Jul-2026,4.42,4.51,4.21,4.445,27500
BOKF,08-Jul-2026,140.04,140.05,134.84,135.38,309100
BOLD,08-Jul-2026,2.48,2.5204,2.415,2.45,135200
BOLT,08-Jul-2026,3.96,4.09,3.96,4.04,4900
BON,08-Jul-2026,1.21,1.22,1.1601,1.19,3500
BOOM,08-Jul-2026,6.29,6.395,6.18,6.25,142200
BOSC,08-Jul-2026,4.3,4.36,4.23,4.3,18600
BOT,08-Jul-2026,31.47,33.77,30.34,33.36,588200
BOTJ,08-Jul-2026,25.37,25.74,24.98,25.21,19600
BOTT,08-Jul-2026,46.36,46.81,45.915,46.6845,29400
BOTZ,08-Jul-2026,35.83,36.025,35.555,35.99,1170400
BOXL,08-Jul-2026,4.58,4.65,4.42,4.65,13000
BPAC,08-Jul-2026,10.14,10.14,10.14,10.14,25000
BPOP,08-Jul-2026,167.81,167.81,163.65,166.27,628000
BPOPM,08-Jul-2026,25.2884,25.35,25.155,25.155,10400
BPRN,08-Jul-2026,37.9,37.9,37.13,37.13,8200
BPYPM,08-Jul-2026,15.83,15.9,15.75,15.82,36500
BPYPN,08-Jul-2026,13.75,14.05,13.68,14.02,51300
BPYPO,08-Jul-2026,15.0001,15.0001,14.86,14.985,19100
BPYPP,08-Jul-2026,15.285,15.47,15.285,15.36,7100
BRAG,08-Jul-2026,1.84,1.87,1.78,1.83,22200
BRAI,08-Jul-2026,5.62,5.8099,5.15,5.45,38800
BRCB,08-Jul-2026,7.63,7.73,7.37,7.65,304200
BREM,08-Jul-2026,51.155,51.155,51.155,51.155,100
BRES,08-Jul-2026,26.95,27.14,26.92,27.1025,9200
BREZ,08-Jul-2026,9.96,9.96,9.95,9.96,50300
BREZR,08-Jul-2026,0.26,0.26,0.26,0.26,4100
BRFH,08-Jul-2026,2.14,2.14,1.975,2.06,8600
BRHY,08-Jul-2026,50.99,51.023,50.9248,50.975,10500
BRID,08-Jul-2026,6.44,6.545,6.44,6.48,5300
BRKHU,08-Jul-2026,10,10,10,10,500
BRKR,08-Jul-2026,57.83,57.925,55.93,57.21,1652100
BRKRP,08-Jul-2026,427.62,427.62,420.01,425.47,12500
BRKU,08-Jul-2026,23.28,23.28,22.44,22.462,65200
BRLS,08-Jul-2026,1.08,1.1499,1.0306,1.05,8900
BRLT,08-Jul-2026,1.13,1.135,1.1053,1.12,18500
BRNS,08-Jul-2026,0.6156,0.68,0.6101,0.6374,163200
BRNY,08-Jul-2026,57.65,57.96,57.245,57.9184,8500
BRR,08-Jul-2026,1.53,1.56,1.48,1.49,213500
BRRR,08-Jul-2026,17.43,17.57,17.33,17.54,83300
BRTR,08-Jul-2026,49.84,49.85,49.745,49.8224,76100
BRTX,08-Jul-2026,0.36,0.37,0.34,0.3454,481800
BRUN,08-Jul-2026,28,31.68,28,29.835,1251300
BRUNW,08-Jul-2026,17,19.84,17,18.75,31700
BRZE,08-Jul-2026,23.8,24.41,23.553,23.8,4605800
BSAA,08-Jul-2026,11.66,11.9263,11.6,11.9263,1300
BSBK,08-Jul-2026,9.065,9.065,9.03,9.03,10500
BSCA,08-Jul-2026,20.059,20.0599,20.025,20.05,2700
BSCQ,08-Jul-2026,19.53,19.55,19.53,19.54,1066800
BSCR,08-Jul-2026,19.63,19.63,19.62,19.63,494600
BSCS,08-Jul-2026,20.36,20.36,20.34,20.36,786900
BSCT,08-Jul-2026,18.54,18.56,18.53,18.55,395400
BSCU,08-Jul-2026,16.6,16.6074,16.58,16.6,1529300
BSCV,08-Jul-2026,16.34,16.34,16.3004,16.33,427600
BSCW,08-Jul-2026,20.41,20.42,20.375,20.42,199200
BSCX,08-Jul-2026,20.95,20.95,20.905,20.94,100000
BSCY,08-Jul-2026,20.53,20.54,20.49,20.53,72700
BSCZ,08-Jul-2026,20.32,20.33,20.265,20.315,242900
BSET,08-Jul-2026,19.23,20.5,18.76,20.07,82200
BSGR,08-Jul-2026,25.06,25.06,25.06,25.06,100
BSGT,08-Jul-2026,25.1,25.1,25.08,25.08,200
BSIN,08-Jul-2026,1.12,1.1601,1.1,1.11,2173800
BSJQ,08-Jul-2026,22.98,22.98,22.96,22.975,328700
BSJR,08-Jul-2026,22.35,22.37,22.34,22.37,139600
BSJS,08-Jul-2026,21.7757,21.78,21.75,21.775,142600
BSJT,08-Jul-2026,21.1,21.14,21.1,21.135,131600
BSJU,08-Jul-2026,25.81,25.83,25.8,25.815,21700
BSJV,08-Jul-2026,26.1,26.29,26.1,26.23,12900
BSJW,08-Jul-2026,25.28,25.34,25.265,25.3192,18700
BSJX,08-Jul-2026,25.15,25.2,25.14,25.165,7800
BSJY,08-Jul-2026,25.095,25.115,25.08,25.115,2100
BSMQ,08-Jul-2026,23.54,23.595,23.54,23.575,65900
BSMR,08-Jul-2026,23.67,23.68,23.65,23.655,29300
BSMS,08-Jul-2026,23.46,23.46,23.44,23.4456,25700
BSMT,08-Jul-2026,22.99,23.025,22.98,23.015,11700
BSMU,08-Jul-2026,21.87,21.89,21.77,21.855,64600
BSMV,08-Jul-2026,20.94,21,20.86,20.9148,97200
BSMW,08-Jul-2026,25.14,25.14,25.06,25.0718,43100
BSMY,08-Jul-2026,24.555,24.58,24.47,24.5405,31400
BSMZ,08-Jul-2026,25.57,25.57,25.52,25.5469,13800
BSP,08-Jul-2026,36.87,36.87,33.5,34.23,3136400
BSRR,08-Jul-2026,40.46,40.66,39.72,40.09,54000
BSSX,08-Jul-2026,25.7381,25.77,25.67,25.7204,27100
BSTS,08-Jul-2026,25.07,25.07,25.07,25.07,100
BSTU,08-Jul-2026,25.0774,25.0774,25.0774,25.0774,100
BSTV,08-Jul-2026,25.075,25.075,25.075,25.075,100
BSVN,08-Jul-2026,51.48,51.55,49.585,49.67,31900
BSVO,08-Jul-2026,28.74,28.74,28.4,28.5419,347900
BSY,08-Jul-2026,32.09,32.09,31.49,31.65,2308700
BTAI,08-Jul-2026,1.05,1.05,0.7949,0.8022,5211300
BTBD,08-Jul-2026,1.05,1.09,1.04,1.04,16800
BTBDW,08-Jul-2026,0.0598,0.0598,0.0597,0.0597,200
BTBT,08-Jul-2026,1.58,1.69,1.57,1.67,25832100
BTCS,08-Jul-2026,1.07,1.09,1.03,1.08,386200
BTCT,08-Jul-2026,1.07,1.07,0.977,1.02,266800
BTDR,08-Jul-2026,12.63,13.41,11.95,12.56,11313500
BTF,08-Jul-2026,16.43,16.52,16.345,16.5034,7500
BTGD,08-Jul-2026,20.63,20.742,20.21,20.73,34400
BTMD,08-Jul-2026,2.23,2.28,2.161,2.26,142200
BTOC,08-Jul-2026,0.2835,0.3248,0.2811,0.2811,69000
BTOG,08-Jul-2026,1.04,1.12,1.04,1.11,190600
BTQ,08-Jul-2026,4.06,4.26,3.84,3.96,2522100
BTSG,08-Jul-2026,70.37,71.4,69.37,70.5,3030100
BTSGU,08-Jul-2026,239.77,239.77,229.8,234.02,2800
BTTC,08-Jul-2026,0.75,0.82,0.75,0.8031,44900
BUFC,08-Jul-2026,42.54,42.63,42.54,42.63,53100
BUFI,08-Jul-2026,42.2,42.265,42.2,42.265,1600
BUFM,08-Jul-2026,40.49,40.49,40.48,40.49,8000
BUG,08-Jul-2026,39.8,40.2006,39.1201,39.67,794900
BULD,08-Jul-2026,34.17,34.55,34.07,34.5202,2900
BULG,08-Jul-2026,38.81,39.79,38.81,39.5338,2000
BULL,08-Jul-2026,7.07,7.3,6.995,7.24,7502900
BULLW,08-Jul-2026,2.35,2.35,2.215,2.215,3600
BUSE,08-Jul-2026,28.292,29.16,28.292,28.67,1110900
BUSEP,08-Jul-2026,25.92,25.99,25.86,25.95,2700
BUUU,08-Jul-2026,21.09,22.11,20.49,21.28,93100
BVC,08-Jul-2026,9.01,11.4,9.01,10.095,26200
BVFL,08-Jul-2026,20.24,21.41,20.24,21.3,13100
BVS,08-Jul-2026,11.3,12.23,11.15,12.11,861500
BWAY,08-Jul-2026,14.95,15.31,14.845,14.96,75700
BWB,08-Jul-2026,21.17,21.2,20.79,21.08,116700
BWBBP,08-Jul-2026,20.05,20.11,20.05,20.0511,1300
BWEN,08-Jul-2026,4.02,4.47,3.9403,4.34,429800
BWFG,08-Jul-2026,56.83,57.39,56.09,56.38,126100
BWIN,08-Jul-2026,27.42,27.61,26.83,26.87,1064500
BWMN,08-Jul-2026,28.11,28.48,27.63,28.11,89300
BYAH,08-Jul-2026,0.757,0.757,0.6991,0.7288,1511400
BYFC,08-Jul-2026,9.6,9.6,9.6,9.6,200
BYND,08-Jul-2026,0.7,0.705,0.6677,0.6797,36279500
BYRN,08-Jul-2026,6.06,6.204,5.87,5.94,466700
BYSI,08-Jul-2026,1.64,1.715,1.61,1.67,24800
BZ,08-Jul-2026,14.2,14.47,14.055,14.29,3431400
BZAI,08-Jul-2026,1.25,1.265,1.205,1.23,2084600
BZAIW,08-Jul-2026,0.31,0.3674,0.31,0.3674,4500
BZFD,08-Jul-2026,1.59,1.61,1.42,1.49,1083900
BZFDW,08-Jul-2026,0.02,0.0242,0.0159,0.0241,5500
BZUN,08-Jul-2026,2.82,2.88,2.76,2.83,586800
CAAS,08-Jul-2026,4.4,4.45,4.31,4.45,34600
CABA,08-Jul-2026,3.05,3.235,2.98,3.13,7877200
CABR,08-Jul-2026,1.38,1.52,1.3,1.48,81800
CAC,08-Jul-2026,53.81,53.87,52.75,52.88,82400
CACC,08-Jul-2026,646.58,646.58,618.58,628.96,121900
CADL,08-Jul-2026,9.63,9.95,9.49,9.88,1945000
CAES,08-Jul-2026,10.09,10.09,10.07,10.08,36000
CAFG,08-Jul-2026,33.34,33.34,33.21,33.2488,2100
CAI,08-Jul-2026,17.43,17.43,16.73,17.32,2825800
CAII,08-Jul-2026,9.925,9.925,9.9199,9.92,390600
CAIIU,08-Jul-2026,10.07,10.07,10.07,10.07,2000
CAIQ,08-Jul-2026,26.11,26.19,26,26.17,247100
CAKE,08-Jul-2026,77.1,77.795,75.59,76.63,1467700
CALC,08-Jul-2026,0.9373,0.9559,0.87,0.9,255700
CALI,08-Jul-2026,50.42,50.61,50.33,50.42,211600
CALM,08-Jul-2026,85.87,86.295,84.75,85.08,672700
CAMP,08-Jul-2026,4.43,4.49,4.16,4.19,166500
CAMT,08-Jul-2026,132.86,140.66,132.27,140.05,781200
CAN,08-Jul-2026,0.2698,0.348,0.265,0.3362,51119900
CANC,08-Jul-2026,42.18,42.47,41.38,41.9843,143000
CANQ,08-Jul-2026,30.3,30.41,30.28,30.4013,500
CAPR,08-Jul-2026,22.26,23.03,21.41,22.25,1456700
CAPS,08-Jul-2026,0.253,0.2558,0.2426,0.244,66600
CAQ,08-Jul-2026,9.93,9.93,9.93,9.93,10000
CAQUU,08-Jul-2026,10.02,10.02,10.02,10.02,10100
CAQUW,08-Jul-2026,0.35,0.35,0.35,0.35,4200
CAR,08-Jul-2026,154.14,156.2,150,153.18,408200
CARE,08-Jul-2026,32.32,32.45,31.29,31.58,379500
CARG,08-Jul-2026,34.95,34.95,33.8,34.19,1122500
CARL,08-Jul-2026,12.34,12.47,11.88,12.11,197300
CART,08-Jul-2026,47.9,48.01,46.45,47.73,3439300
CARY,08-Jul-2026,20.76,20.76,20.72,20.745,339400
CARZ,08-Jul-2026,107.45,109.4,107.45,109.0039,2100
CASH,08-Jul-2026,89.68,90.44,88.22,88.29,198400
CASS,08-Jul-2026,52.56,52.56,51.18,51.24,65000
CAST,08-Jul-2026,3.27,3.5,3.14,3.28,478100
CASY,08-Jul-2026,810.01,844.48,804.54,843.1,777600
CATH,08-Jul-2026,88.23,88.63,87.82,88.6291,30300
CATY,08-Jul-2026,61.5,61.595,59.87,60.3,596200
CBAT,08-Jul-2026,0.49,0.5003,0.4801,0.5,114900
CBC,08-Jul-2026,30.99,31.08,30.315,30.58,412300
CBFV,08-Jul-2026,37.908,38.06,37.908,38.06,3700
CBIO,08-Jul-2026,16.97,17.49,16.5,16.81,177100
CBK,08-Jul-2026,33.13,33.34,32.1,32.54,69000
CBLL,08-Jul-2026,19.66,19.68,19.04,19.4,255500
CBNK,08-Jul-2026,34.87,35.12,34.27,34.5,51700
CBRL,08-Jul-2026,49.04,49.04,47.0669,48.58,1209800
CBRS,08-Jul-2026,176,188.55,174.4096,181.72,3367100
CBSH,08-Jul-2026,58.7,58.7,57.04,57.59,2273400
CBUS,08-Jul-2026,1.47,1.83,1.425,1.82,2036900
CCAP,08-Jul-2026,11.02,11.19,10.95,11.05,184500
CCB,08-Jul-2026,77.32,77.32,75.9,76.42,82600
CCBG,08-Jul-2026,48.84,48.84,47.63,48.12,90100
CCC,08-Jul-2026,5.53,5.59,5.4,5.43,8065800
CCCC,08-Jul-2026,4.27,4.37,3.725,4.19,6712500
CCD,08-Jul-2026,25.4,25.4,25.11,25.205,77700
CCEC,08-Jul-2026,22.53,22.76,22.16,22.16,12000
CCEP,08-Jul-2026,107.06,107.29,105.31,105.43,1634300
CCFE,08-Jul-2026,26.2987,26.2987,26.2987,26.2987,100
CCG,08-Jul-2026,0.42,0.4466,0.41,0.445,110800
CCHH,08-Jul-2026,0.3467,0.3636,0.2182,0.2599,34864400
CCII,08-Jul-2026,10.33,10.36,10.31,10.36,90900
CCIX,08-Jul-2026,10.91,10.91,10.88,10.9,99800
CCIXU,08-Jul-2026,12.1,12.1,11.56,11.56,300
CCIXW,08-Jul-2026,0.72,0.8599,0.72,0.73,28000
CCLD,08-Jul-2026,2.14,2.14,2.04,2.13,302600
CCNE,08-Jul-2026,33.38,33.705,32.73,32.97,209300
CCNEP,08-Jul-2026,24.9,25.0034,24.9,24.9968,1300
CCNR,08-Jul-2026,37.0399,37.166,36.95,37.166,6100
CCOI,08-Jul-2026,11.48,12.6885,11.425,12.36,1275900
CCRN,08-Jul-2026,13.22,13.23,13.2,13.2,409400
CCSB,08-Jul-2026,19.94,19.94,19.86,19.9224,1200
CCSI,08-Jul-2026,36.26,36.96,35.915,36.34,120900
CCSO,08-Jul-2026,26.435,26.77,26.435,26.7606,2800
CCTG,08-Jul-2026,0.9415,1.03,0.9242,0.9995,217100
CCXI,08-Jul-2026,15.51,16.69,15.16,15.26,3884500
CCXIU,08-Jul-2026,17,17.97,16,16.15,33400
CCXIW,08-Jul-2026,7.69,7.69,7,7.06,64900
CD,08-Jul-2026,4.26,4.57,3.6,3.69,280100
CDC,08-Jul-2026,75.8099,75.8634,75.4885,75.4885,8600
CDIG,08-Jul-2026,25.56,25.56,25.29,25.5273,9000
CDIO,08-Jul-2026,1.96,1.97,1.85,1.92,40000
CDL,08-Jul-2026,79.1,79.105,78.7452,78.7452,4200
CDLX,08-Jul-2026,4.21,4.265,3.95,4.01,127600
CDNA,08-Jul-2026,27.92,28.68,27.32,27.55,1642100
CDNL,08-Jul-2026,74.01,77.49,67.505,68.29,812700
CDNS,08-Jul-2026,367.34,374.45,366.12,374.06,1430200
CDRO,08-Jul-2026,9.47,9.68,9.43,9.5,11500
CDROW,08-Jul-2026,0.565,0.95,0.565,0.95,11600
CDT,08-Jul-2026,0.43,0.4543,0.4005,0.4418,311300
CDTG,08-Jul-2026,1.96,2.16,1.83,2.16,24200
CDTTW,08-Jul-2026,0.0159,0.0159,0.0158,0.0158,200
CDW,08-Jul-2026,137.79,139.7061,136.585,137.72,1745300
CDXS,08-Jul-2026,2.58,2.65,2.51,2.6,536200
CDZI,08-Jul-2026,4.05,4.1573,4.01,4.07,332600
CDZIP,08-Jul-2026,22.05,22.1,22,22.05,7000
CECO,08-Jul-2026,78.5,80.24,77.105,79.53,774300
CEFA,08-Jul-2026,39.475,39.6,39.43,39.5889,13900
CEG,08-Jul-2026,237.01,244.81,236.56,244.52,2784000
CELC,08-Jul-2026,113.98,116.41,108.4175,108.9,1516700
CELH,08-Jul-2026,31.515,31.63,30.3835,30.6,5580700
CELU,08-Jul-2026,0.74,0.7699,0.7144,0.7295,15500
CELUW,08-Jul-2026,0.0015,0.0045,0.0014,0.0021,108900
CELZ,08-Jul-2026,1.05,1.0751,0.9573,1,436000
CENN,08-Jul-2026,3.55,3.63,3.5,3.5,4000
CENT,08-Jul-2026,42.88,43.7,42.17,42.39,66600
CENTA,08-Jul-2026,37.4,37.61,36.86,37.02,246400
CENX,08-Jul-2026,43.96,45.72,43.255,44.73,1513000
CEPF,08-Jul-2026,10.43,10.44,10.43,10.43,173700
CEPI,08-Jul-2026,31.59,32.24,31.5,32.24,37000
CEPL,08-Jul-2026,9.75,11.96,9.69,11.88,368700
CEPO,08-Jul-2026,10.56,10.67,10.56,10.6532,57600
CEPS,08-Jul-2026,10.37,10.44,10.37,10.44,200
CEPV,08-Jul-2026,10.43,10.435,10.43,10.43,435400
CERS,08-Jul-2026,3.15,3.16,3.065,3.14,2120300
CERT,08-Jul-2026,7.02,7.13,6.52,6.54,4616200
CETX,08-Jul-2026,2.71,2.81,2.38,2.75,220900
CETY,08-Jul-2026,0.82,0.87,0.82,0.8426,9700
CEVA,08-Jul-2026,42.19,44.66,42.16,44.56,545200
CFA,08-Jul-2026,99.3,99.3,98.45,98.6324,2900
CFBK,08-Jul-2026,31.62,32.04,31,31.09,81100
CFFI,08-Jul-2026,80.5,80.8,78.66,78.66,7500
CFFN,08-Jul-2026,8.35,8.455,8.185,8.21,787200
CFO,08-Jul-2026,80.08,80.13,79.775,79.9409,4500
CG,08-Jul-2026,43.33,43.625,42.495,43.07,2266300
CGABL,08-Jul-2026,16.38,16.47,16.32,16.46,15900
CGBD,08-Jul-2026,10.39,10.46,10.27,10.4,615400
CGC,08-Jul-2026,0.95,0.97,0.945,0.9651,2461000
CGCFU,08-Jul-2026,9.9552,9.975,9.94,9.95,73900
CGEM,08-Jul-2026,17.86,18.5,17.72,18.43,618600
CGEN,08-Jul-2026,2.39,2.44,2.34,2.41,370600
CGNT,08-Jul-2026,8.93,9.075,8.79,9.01,669800
CGNX,08-Jul-2026,62.54,64.39,62.51,64.11,2113700
CGO,08-Jul-2026,13.27,13.34,13.1,13.26,24600
CGON,08-Jul-2026,69.1,70.14,67.43,69.8,1371300
CGTL,08-Jul-2026,4.44,4.59,4.16,4.52,58200
CGTX,08-Jul-2026,1.06,1.08,1,1.07,2570700
CHA,08-Jul-2026,11.09,11.44,11.09,11.39,324400
CHAI,08-Jul-2026,0.5766,0.58,0.533,0.5338,216600
CHAR,08-Jul-2026,10.8,10.81,10.8,10.81,5300
CHCI,08-Jul-2026,15.82,15.89,15.25,15.74,23100
CHCO,08-Jul-2026,132.11,132.98,129.377,130.95,266000
CHDN,08-Jul-2026,86.17,86.22,83.65,85.3,870400
CHEF,08-Jul-2026,98.2,98.41,95.31,96.27,411800
CHGX,08-Jul-2026,32.52,32.58,32.49,32.5727,2300
CHI,08-Jul-2026,12.99,13.11,12.9477,13.11,157800
CHKP,08-Jul-2026,136.98,138.62,135.47,136.85,1066500
CHMG,08-Jul-2026,74.25,76.68,72.35,73.18,92600
CHNR,08-Jul-2026,3.74,3.87,3.73,3.73,5200
CHPS,08-Jul-2026,87.26,90.0768,87.26,90.0768,18300
CHPX,08-Jul-2026,93.43,96.98,93.43,96.98,56900
CHR,08-Jul-2026,1.84,1.87,1.77,1.8,61000
CHRD,08-Jul-2026,120,123.29,118.43,122.13,1002900
CHRI,08-Jul-2026,88.02,88.505,87.83,88.505,3200
CHRN,08-Jul-2026,16.82,18.39,16.82,18.02,231200
CHRS,08-Jul-2026,1.63,1.69,1.6,1.65,1610700
CHRW,08-Jul-2026,190.75,191.27,187.12,189.95,1017000
CHSCL,08-Jul-2026,25.25,25.3525,25.25,25.32,18400
CHSCM,08-Jul-2026,24.32,24.45,24.21,24.3,66400
CHSCN,08-Jul-2026,24.79,24.96,24.6901,24.89,61400
CHSCO,08-Jul-2026,25.83,25.845,25.7,25.83,8500
CHSCP,08-Jul-2026,26.73,26.8398,26.63,26.78,30100
CHSN,08-Jul-2026,1.04,1.06,1.035,1.035,32000
CHTR,08-Jul-2026,134.86,139.41,132.7,133.54,2197600
CHW,08-Jul-2026,8.81,8.845,8.81,8.81,890700
CHY,08-Jul-2026,13.44,13.46,13.31,13.45,138700
CHYM,08-Jul-2026,20.56,21.254,20.28,20.98,3818300
CIBR,08-Jul-2026,91.355,92.08,90.351,91.66,1411600
CIFG,08-Jul-2026,9.12,10.41,8.98,10.33,43500
CIFR,08-Jul-2026,20.39,21.865,20.14,21.85,22316900
CIGI,08-Jul-2026,99.5,99.97,96.14,98.3,357400
CIIT,08-Jul-2026,0.51,0.5119,0.467,0.481,636600
CINF,08-Jul-2026,188.39,188.55,181.33,181.565,953800
CING,08-Jul-2026,4.95,5.05,4.76,4.84,834100
CINGW,08-Jul-2026,0.0232,0.0232,0.0198,0.0198,800
CIRC,08-Jul-2026,0.6364,0.6697,0.5505,0.603,1813500
CISO,08-Jul-2026,0.2732,0.2806,0.27,0.275,180200
CISS,08-Jul-2026,1.78,1.78,1.64,1.7,37600
CIVB,08-Jul-2026,27.75,27.82,27.195,27.42,155000
CJMB,08-Jul-2026,0.7852,0.825,0.7258,0.7908,183800
CLAR,08-Jul-2026,3.18,3.22,3.145,3.21,134800
CLBK,08-Jul-2026,21.46,21.46,20.64,20.78,378900
CLBT,08-Jul-2026,16.45,16.62,16.175,16.51,1594800
CLDX,08-Jul-2026,39.48,40.185,38.68,38.96,1618300
CLFD,08-Jul-2026,32.28,33.03,31.67,32.94,121600
CLGN,08-Jul-2026,0.36,0.38,0.3487,0.3673,5700
CLIK,08-Jul-2026,1.41,1.45,1.39,1.39,34900
CLIR,08-Jul-2026,3.91,3.91,3.6101,3.7,5900
CLLS,08-Jul-2026,3.16,3.1999,3.07,3.09,7900
CLMB,08-Jul-2026,25.25,25.665,24.5,24.76,263200
CLMT,08-Jul-2026,37.69,39.5,37.685,38.79,1097800
CLNE,08-Jul-2026,2.14,2.25,2.12,2.24,3454500
CLNN,08-Jul-2026,6.01,6.21,6,6.08,41000
CLOA,08-Jul-2026,51.8,51.8,51.78,51.78,310800
CLOD,08-Jul-2026,31.5978,31.5978,31.5978,31.5978,100
CLOU,08-Jul-2026,23.54,23.83,23.32,23.75,612000
CLOV,08-Jul-2026,4.92,4.98,4.63,4.66,7391300
CLPS,08-Jul-2026,0.86,0.885,0.8401,0.8401,10400
CLPT,08-Jul-2026,17.21,17.45,16.82,17.29,421700
CLRB,08-Jul-2026,2.7,2.7,2.6,2.69,25600
CLRO,08-Jul-2026,11.87,14.59,9.5,10.16,6061800
CLSK,08-Jul-2026,12.27,12.71,11.945,12.4,11396600
CLSKW,08-Jul-2026,0.26,0.262,0.241,0.262,65100
CLSM,08-Jul-2026,26.76,26.97,26.7,26.97,3900
CLST,08-Jul-2026,16.51,16.6,16.5001,16.59,8500
CLWT,08-Jul-2026,1.47,1.54,1.42,1.51,44900
CLYM,08-Jul-2026,13.11,13.775,13,13.57,1401800
CMBO,08-Jul-2026,102.76,102.76,102.75,102.75,1100
CMCO,08-Jul-2026,13.22,13.25,12.58,13.22,571000
CMCSA,08-Jul-2026,23.54,23.765,23.17,23.19,26684800
CMCT,08-Jul-2026,3.41,3.52,3.4,3.48,12300
CME,08-Jul-2026,240.75,247.09,240.025,243.07,3881600
CMGG,08-Jul-2026,14.11,14.65,14.08,14.4894,40500
CMII,08-Jul-2026,10.13,10.15,10.13,10.13,206200
CMIIW,08-Jul-2026,1.34,1.34,1.29,1.3,105400
CMMB,08-Jul-2026,2.31,2.42,1.76,1.97,2201400
CMND,08-Jul-2026,2.05,2.16,2,2.1,186400
CMPR,08-Jul-2026,96.69,99.685,93.505,97.78,438400
CMPS,08-Jul-2026,12.772,13.97,12.65,13.965,7532700
CMPX,08-Jul-2026,2.26,2.35,2.205,2.34,3881900
CMRC,08-Jul-2026,3.18,3.18,3.03,3.08,457100
CMTL,08-Jul-2026,1.88,1.975,1.83,1.94,551000
CMTV,08-Jul-2026,39.17,40.54,38.28,38.795,46200
CNCG,08-Jul-2026,37.61,37.61,35.7506,35.7506,9700
CNCK,08-Jul-2026,2.46,2.62,2.2501,2.62,48500
CNDT,08-Jul-2026,1.54,1.555,1.5,1.53,656000
CNET,08-Jul-2026,0.98,1.02,0.98,1,3000
CNEY,08-Jul-2026,0.505,0.5079,0.4755,0.5079,33800
CNOB,08-Jul-2026,32.06,32.07,31.28,31.4,560200
CNOBP,08-Jul-2026,25.05,25.05,25,25.0199,5100
CNQQ,08-Jul-2026,25.31,25.33,25.22,25.27,3600
CNSP,08-Jul-2026,5.21,5.4,5.085,5.4,13300
CNTB,08-Jul-2026,2.25,2.32,2.145,2.22,672200
CNTN,08-Jul-2026,2.46,2.559,2.32,2.32,1113800
CNTX,08-Jul-2026,0.6882,0.6882,0.5956,0.5956,4632400
CNTY,08-Jul-2026,1.29,1.3,1.27,1.28,50100
CNVS,08-Jul-2026,2.95,2.95,2.75,2.775,179900
CNXC,08-Jul-2026,22.61,23.07,21.13,21.38,1794400
CNXN,08-Jul-2026,74.2,75.21,72.78,74.9,133800
CNXU,08-Jul-2026,9.33,10.552,8.14,10.24,158100
COAG,08-Jul-2026,31.39,35.49,30.74,33.89,347100
COCH,08-Jul-2026,0.8,0.8,0.64,0.7087,237800
COCHW,08-Jul-2026,0.04,0.05,0.04,0.049,1100
COCO,08-Jul-2026,66.25,68.51,65.625,68.43,998300
COCP,08-Jul-2026,1.01,1.01,0.9801,0.982,18900
CODA,08-Jul-2026,9.19,9.51,9.16,9.48,98300
CODX,08-Jul-2026,2.61,2.709,2.54,2.64,163000
COFS,08-Jul-2026,33.09,33.435,32.2624,32.42,54600
COGT,08-Jul-2026,40.12,40.85,38.39,39.97,3643200
COHU,08-Jul-2026,50.16,52.66,49.65,52.12,1277600
COIG,08-Jul-2026,4.91,5.01,4.71,4.9,121700
COIN,08-Jul-2026,159.29,161.6,156.2,159.36,4738600
COKE,08-Jul-2026,177.64,177.64,166.9,175.78,1505900
COLA,08-Jul-2026,10.68,10.68,10.64,10.64,16100
COLAR,08-Jul-2026,0.3952,0.52,0.3952,0.52,600
COLB,08-Jul-2026,32.03,32.05,30.84,31.265,2613800
COLL,08-Jul-2026,36.73,36.73,35.79,35.83,445300
COLM,08-Jul-2026,63.48,63.49,61.84,62.63,439900
COMT,08-Jul-2026,31.54,32.01,31.39,31.77,535200
CONI,08-Jul-2026,51.68,53.34,50.3509,51.4035,148000
CONL,08-Jul-2026,5,5.1314,4.7903,4.99,13194700
CONX,08-Jul-2026,6,6.16,5.8801,6.04,104300
COO,08-Jul-2026,71,71.265,69.24,69.61,3099500
COOT,08-Jul-2026,0.52,0.5269,0.42,0.4554,280400
COOTW,08-Jul-2026,0.016,0.0238,0.016,0.0238,1900
COPJ,08-Jul-2026,38.06,38.39,37.07,38.0265,80400
COPP,08-Jul-2026,36.15,36.17,34.9501,35.84,79300
CORO,08-Jul-2026,35.85,35.89,35.2801,35.83,706400
CORT,08-Jul-2026,92.76,94.68,91.17,92.94,1037200
CORZ,08-Jul-2026,21.41,23.69,21.27,23.5,16079500
CORZW,08-Jul-2026,14.94,16.83,14.91,16.7,36100
CORZZ,08-Jul-2026,22.03,23.35,21.69,23.35,4500
COSM,08-Jul-2026,0.2477,0.2639,0.2231,0.2639,9796000
COST,08-Jul-2026,959,966.505,948,953.13,1645500
COTG,08-Jul-2026,13.21,13.485,13.025,13.14,59000
COWG,08-Jul-2026,38.53,38.82,38.1451,38.7402,242800
COWS,08-Jul-2026,36.37,36.39,36.31,36.3535,1200
COYA,08-Jul-2026,5.75,5.75,5.33,5.36,575000
COYY,08-Jul-2026,18.13,18.25,18.0627,18.2394,13000
CPAG,08-Jul-2026,101.845,101.9732,101.845,101.9732,19600
CPB,08-Jul-2026,23.065,23.23,21.975,21.99,9006700
CPBI,08-Jul-2026,18.9,19.2499,18.78,18.78,2300
CPHC,08-Jul-2026,16.02,16.02,15.895,15.895,600
CPHY,08-Jul-2026,51.595,51.595,51.595,51.595,100
CPIX,08-Jul-2026,6.29,6.335,5.91,6.25,41000
CPLS,08-Jul-2026,34.8,34.825,34.76,34.8124,38200
CPOP,08-Jul-2026,0.063,0.0743,0.055,0.07,85040300
CPRT,08-Jul-2026,29.31,29.37,28.53,28.59,14054800
CPRX,08-Jul-2026,31.47,31.49,31.46,31.47,4210500
CPSH,08-Jul-2026,4.66,4.8582,4.57,4.71,289600
CPSS,08-Jul-2026,9,9.19,8.96,9.19,14600
CPZ,08-Jul-2026,13.28,13.28,13.12,13.13,106400
CRAC,08-Jul-2026,10.12,10.13,10.12,10.13,51800
CRACR,08-Jul-2026,0.14,0.14,0.14,0.14,27900
CRACW,08-Jul-2026,0.06,0.06,0.06,0.06,300
CRAI,08-Jul-2026,153.85,155.5,151.07,153.91,165400
CRAN,08-Jul-2026,10.19,10.21,10.11,10.16,223000
CRANR,08-Jul-2026,0.22,0.28,0.218,0.26,697900
CRANU,08-Jul-2026,10.37,10.39,10.37,10.39,2600
CRAQ,08-Jul-2026,10.35,10.35,10.35,10.35,6500
CRBP,08-Jul-2026,9.25,9.65,9.195,9.55,490900
CRBU,08-Jul-2026,1.88,2.11,1.85,1.94,3910900
CRCG,08-Jul-2026,8.91,8.98,8.27,8.89,1618100
CRCT,08-Jul-2026,4.29,4.37,4.24,4.28,393700
CRDF,08-Jul-2026,1.31,1.36,1.23,1.25,910300
CRDL,08-Jul-2026,1,1.02,0.98,1,365800
CRDO,08-Jul-2026,242.1,264.1999,240.5,258.69,5727300
CRE,08-Jul-2026,3.35,3.59,3,3.26,135500
CREG,08-Jul-2026,1.96,1.965,1.79,1.84,84800
CRESY,08-Jul-2026,10.6,10.67,10.5,10.54,178200
CREX,08-Jul-2026,3.87,3.89,3.6801,3.71,23900
CRGO,08-Jul-2026,1.23,1.29,1.23,1.23,39200
CRGOW,08-Jul-2026,0.0408,0.0595,0.0311,0.0402,70800
CRIS,08-Jul-2026,5.11,5.3599,4.64,4.935,102300
CRMD,08-Jul-2026,8.91,8.98,8.76,8.83,824400
CRMG,08-Jul-2026,4.59,4.645,4.49,4.58,2914800
CRML,08-Jul-2026,8.44,8.75,7.97,8.45,5623600
CRMLW,08-Jul-2026,3.1,3.1,2.8,2.96,2600
CRMT,08-Jul-2026,3.25,3.37,3.01,3.31,402600
CRMU,08-Jul-2026,4.08,4.25,3.55,4.01,87000
CRNC,08-Jul-2026,10.08,10.37,9.62,10.17,633500
CRNT,08-Jul-2026,2.31,2.37,2.3,2.32,325300
CRNX,08-Jul-2026,83.52,83.57,83.44,83.49,17889900
CRON,08-Jul-2026,2.74,2.76,2.72,2.75,604200
CROX,08-Jul-2026,122.45,122.955,119.74,122.44,1084900
CRSP,08-Jul-2026,58.51,60.3323,57.57,59.2,1226500
CRSR,08-Jul-2026,8.71,9.16,8.67,8.86,1439600
CRTO,08-Jul-2026,23.04,23.21,21.92,22.83,403500
CRUS,08-Jul-2026,147.09,149.06,146.345,146.79,878700
CRVL,08-Jul-2026,64.09,64.495,62.402,63,289000
CRVO,08-Jul-2026,3.33,3.59,3.33,3.41,201800
CRVS,08-Jul-2026,15.53,16.37,15.53,16.08,2615000
CRWD,08-Jul-2026,193.51,195.66,185.3,191.12,7980600
CRWG,08-Jul-2026,21.44,25.1,21.44,25.05,1070500
CRWL,08-Jul-2026,64.65,66.31,59.6,63.27,84500
CRWS,08-Jul-2026,3.098,3.098,2.9,2.94,36500
CRWV,08-Jul-2026,82.98,90.15,82.82,90,23876900
CRY,08-Jul-2026,18.88,18.8838,18.76,18.8838,3900
CSAI,08-Jul-2026,0.4,0.43,0.3771,0.392,491700
CSB,08-Jul-2026,65.2388,65.2399,65.015,65.1612,5400
CSBR,08-Jul-2026,6.0201,6.0661,5.6185,6.0661,14200
CSCL,08-Jul-2026,56.27,58.48,56.27,58.21,8400
CSCO,08-Jul-2026,111.68,114.05,111.33,113.82,18314000
CSCS,08-Jul-2026,13.84,13.84,13.57,13.57,6100
CSEN,08-Jul-2026,23.91,23.91,23.73,23.885,12300
CSGP,08-Jul-2026,29.66,29.82,29.02,29.34,5101400
CSHR,08-Jul-2026,3.91,4.02,3.86,4.01,88700
CSHRW,08-Jul-2026,0.91,0.91,0.86,0.86,900
CSIQ,08-Jul-2026,14.2,14.77,13.98,14.75,2940100
CSPI,08-Jul-2026,8.23,8.64,8.14,8.64,20700
CSQ,08-Jul-2026,20.37,20.43,20.19,20.39,135200
CSTE,08-Jul-2026,2.33,2.41,2.28,2.4,103200
CSTL,08-Jul-2026,23.45,23.92,23.34,23.64,413100
CSWC,08-Jul-2026,23.36,23.5499,23.265,23.51,510100
CSX,08-Jul-2026,48.83,48.96,48.065,48.69,9683700
CTAS,08-Jul-2026,181.83,183.15,180,180.17,2385500
CTBI,08-Jul-2026,72.09,72.14,70.6,70.94,97500
CTEC,08-Jul-2026,58.84,58.84,57.525,58.8105,2000
CTKB,08-Jul-2026,4.56,4.56,4.36,4.39,1174800
CTMX,08-Jul-2026,3.77,3.875,3.65,3.83,3166300
CTNM,08-Jul-2026,14.61,16,14.55,15.65,596000
CTNT,08-Jul-2026,1.5,1.74,1.45,1.63,546800
CTOR,08-Jul-2026,0.72,0.73,0.674,0.7299,47100
CTRM,08-Jul-2026,2.2,2.2838,2.18,2.23,12400
CTRN,08-Jul-2026,56.42,57.59,54.96,56.24,85800
CTSH,08-Jul-2026,43.21,43.785,42.385,42.43,12993700
CTSO,08-Jul-2026,0.405,0.4099,0.38,0.39,50500
CTW,08-Jul-2026,2.44,2.5,2.33,2.43,10100
CTXR,08-Jul-2026,0.5951,0.5999,0.5513,0.5573,273100
CUB,08-Jul-2026,10.84,10.84,10.78,10.78,1500
CUBWU,08-Jul-2026,10.96,10.96,10.96,10.96,400
CUBWW,08-Jul-2026,0.37,0.37,0.32,0.32,25400
CUE,08-Jul-2026,32.34,36.99,30.92,35.35,185400
CULP,08-Jul-2026,3.2,3.315,3.1432,3.15,13800
CUPR,08-Jul-2026,5.15,5.3868,4.55,5.09,76900
CURI,08-Jul-2026,2.71,2.745,2.675,2.72,182200
CURR,08-Jul-2026,2.74,3.05,2.69,2.95,82400
CURX,08-Jul-2026,0.2499,0.2499,0.2101,0.2102,108000
CUSD,08-Jul-2026,19.02,19.175,19.02,19.175,2800
CV,08-Jul-2026,5.86,6.18,5.78,6.125,268500
CVBF,08-Jul-2026,22.5,22.5,22.01,22.17,2165700
CVCO,08-Jul-2026,571.97,572.26,551.94,556.44,99600
CVGI,08-Jul-2026,4.81,4.935,4.71,4.86,415700
CVKD,08-Jul-2026,3.14,3.3,3,3.1,62800
CVLT,08-Jul-2026,151.92,154.83,145.81,146.92,790800
CVRX,08-Jul-2026,5.64,5.679,5.19,5.27,223900
CVV,08-Jul-2026,7.71,8,7.3056,7.93,45800
CWBC,08-Jul-2026,26.85,26.99,26.3,26.41,337000
CWCO,08-Jul-2026,28.75,29.27,28.51,28.9,89000
CWD,08-Jul-2026,0.7439,0.7899,0.71,0.72,1272500
CWST,08-Jul-2026,98,99.88,97.72,98.88,867200
CWY,08-Jul-2026,18.92,19.07,18.92,19.07,1000
CXAI,08-Jul-2026,0.148,0.1634,0.1451,0.1625,5099500
CXAIW,08-Jul-2026,0.058,0.0589,0.0521,0.0586,19800
CXDO,08-Jul-2026,7.63,7.8699,7.59,7.69,352600
CXII,08-Jul-2026,10.74,10.75,10.65,10.7,3300
CXIIU,08-Jul-2026,10.96,11.1,10.96,10.96,1100
CXIIW,08-Jul-2026,1.5,1.89,1.46,1.7,11200
CXSE,08-Jul-2026,38.05,38.2442,38.0099,38.1937,9900
CYAB,08-Jul-2026,0.423,0.4499,0.4219,0.432,66100
CYCN,08-Jul-2026,3.325,3.49,3.325,3.475,6400
CYCU,08-Jul-2026,0.532,0.532,0.457,0.5001,975900
CYCUW,08-Jul-2026,0.022,0.022,0.022,0.022,2500
CYN,08-Jul-2026,1.2,1.38,1.2,1.34,679100
CYPH,08-Jul-2026,0.6882,0.7162,0.65,0.651,2300700
CYRX,08-Jul-2026,14.86,15.28,14.73,15.26,525700
CYTK,08-Jul-2026,85,85.87,82.2,84.88,2377500
CZAR,08-Jul-2026,31.64,31.64,31.525,31.6294,1000
CZFS,08-Jul-2026,72.35,72.4369,70.12,70.12,9500
CZNC,08-Jul-2026,23.19,23.26,22.665,22.69,53400
CZR,08-Jul-2026,30.36,30.425,29.74,29.82,4189100
CZWI,08-Jul-2026,23.29,23.29,22.4,22.5,57300
DAAQ,08-Jul-2026,10.43,10.45,10.41,10.41,329600
DAAQW,08-Jul-2026,0.4399,0.4399,0.411,0.411,200
DADS,08-Jul-2026,19.87,19.975,19.77,19.975,6800
DAIC,08-Jul-2026,1.94,1.96,1.9,1.94,37600
DAICW,08-Jul-2026,0.0103,0.0129,0.0103,0.0128,11000
DAIO,08-Jul-2026,3.57,3.65,3.46,3.48,53300
DAK,08-Jul-2026,28.9975,28.9975,28.9975,28.9975,100
DAKT,08-Jul-2026,20.39,20.48,19.23,20,667200
DALI,08-Jul-2026,28.3601,28.6833,28.3601,28.6833,2100
DAPP,08-Jul-2026,17.96,18.52,17.82,18.48,507200
DARE,08-Jul-2026,2.04,2.05,1.99,2.03,99500
DASH,08-Jul-2026,193.21,193.8,182.485,189.35,4397700
DAVE,08-Jul-2026,376.47,379.76,365.5,375.51,522500
DAVEW,08-Jul-2026,2.27,2.36,2.09,2.2,37700
DAX,08-Jul-2026,44.3,44.64,43.94,44.2809,13800
DBCA,08-Jul-2026,10.05,10.05,9.99,9.99,47100
DBCAW,08-Jul-2026,0.45,0.47,0.4489,0.4499,106000
DBGI,08-Jul-2026,0.76,0.7855,0.7001,0.7344,1043400
DBVT,08-Jul-2026,17.1,17.43,16.2736,16.75,137300
DBX,08-Jul-2026,28.77,29.12,28.61,28.83,3547400
DCBO,08-Jul-2026,17.88,18.52,17.88,18.48,28200
DCGO,08-Jul-2026,0.5838,0.587,0.5307,0.541,626600
DCOY,08-Jul-2026,6.58,7.23,5.75,5.75,46400
DCTH,08-Jul-2026,13.2,13.238,12.94,13.1,309300
DCX,08-Jul-2026,1.215,1.225,0.92,0.9601,17173600
DDI,08-Jul-2026,11.45,11.45,11.32,11.42,45600
DDIV,08-Jul-2026,45.73,45.94,45.72,45.7995,6700
DDOG,08-Jul-2026,252.5,261.89,249.74,261.09,3467000
DECO,08-Jul-2026,75.27,75.7255,75.27,75.7255,500
DEFT,08-Jul-2026,0.5,0.509,0.4897,0.4977,1438700
DEMZ,08-Jul-2026,46.48,46.7697,46.48,46.7697,2900
DERM,08-Jul-2026,6.78,6.87,6.535,6.68,198600
DETX,08-Jul-2026,3.82,3.89,3.8,3.8,13100
DFDV,08-Jul-2026,3.04,3.17,2.93,3.04,664800
DFDVW,08-Jul-2026,0.39,0.39,0.3601,0.3601,1400
DFGP,08-Jul-2026,54.07,54.1,53.995,54.075,284500
DFGX,08-Jul-2026,53.09,53.09,52.945,53.045,133800
DFLI,08-Jul-2026,1.78,1.78,1.7,1.74,196000
DFLIW,08-Jul-2026,0.0333,0.0333,0.0301,0.031,33700
DFNS,08-Jul-2026,0.144,0.1452,0.1375,0.1409,3094400
DFNSW,08-Jul-2026,0.104,0.1118,0.104,0.104,77800
DFSC,08-Jul-2026,1.89,2,1.84,1.85,50100
DFTX,08-Jul-2026,44.865,46.81,44.865,45.32,2616800
DGCB,08-Jul-2026,54.19,54.22,54.1,54.1903,154900
DGICA,08-Jul-2026,19.36,19.43,18.99,18.99,163000
DGICB,08-Jul-2026,23.82,23.82,23.82,23.82,300
DGII,08-Jul-2026,69.43,71.58,68.73,71.33,438500
DGLO,08-Jul-2026,23.5588,23.5588,23.5588,23.5588,100
DGNX,08-Jul-2026,1.03,1.07,1,1.05,377100
DGRE,08-Jul-2026,38.95,40.416,38,39.21,55000
DGRS,08-Jul-2026,58.1474,58.1474,57.5721,57.7748,21400
DGRW,08-Jul-2026,95.88,96.1,95.445,95.97,419800
DGXX,08-Jul-2026,4.32,4.56,4.225,4.44,3516500
DH,08-Jul-2026,0.91,0.91,0.8076,0.8119,328100
DHC,08-Jul-2026,9.19,9.275,8.92,9.03,1572000
DHCNI,08-Jul-2026,17.99,18.5,17.99,18.33,9100
DHCNL,08-Jul-2026,18.51,18.71,18.49,18.69,11700
DIBS,08-Jul-2026,4.62,4.87,4.6,4.78,63000
DIME,08-Jul-2026,7.855,7.855,7.75,7.8546,1800
DINE,08-Jul-2026,25.2,25.33,25.2,25.255,1100
DIOD,08-Jul-2026,91.31,93.34,90.1,92.77,498500
DIVD,08-Jul-2026,43.22,43.25,43.08,43.1563,4300
DJCO,08-Jul-2026,557.18,583.76,548.98,579.64,25800
DJT,08-Jul-2026,8,8.54,8,8.49,3288300
DJTWW,08-Jul-2026,3.4768,3.74,2.95,3.325,92700
DKI,08-Jul-2026,4.68,4.86,4.665,4.86,3900
DKNG,08-Jul-2026,26.66,27.33,26.03,27.17,9810700
DKNX,08-Jul-2026,21.73,22.7751,20.9002,22.7751,19700
DLHC,08-Jul-2026,5.23,5.23,5.1,5.17,18600
DLLL,08-Jul-2026,23.56,26.73,22.76,24.75,3170700
DLO,08-Jul-2026,14.67,14.75,13.895,14.49,3584700
DLPN,08-Jul-2026,1.09,1.09,1.035,1.06,36700
DLTH,08-Jul-2026,4.27,4.27,4.01,4.15,114800
DLTR,08-Jul-2026,124.54,124.98,122.17,123.61,3225400
DLXY,08-Jul-2026,0.5003,0.55,0.46,0.5332,456600
DMAA,08-Jul-2026,10.65,10.66,10.65,10.66,225300
DMAAR,08-Jul-2026,0.1,0.1099,0.1,0.1099,4200
DMAAU,08-Jul-2026,10.72,10.72,10.72,10.72,400
DMAC,08-Jul-2026,7.85,8.15,7.64,7.96,287600
DMII,08-Jul-2026,10.1,10.11,10.095,10.1,35600
DMIIR,08-Jul-2026,0.085,0.085,0.085,0.085,3900
DMLP,08-Jul-2026,26.12,26.355,25.8537,26.32,83900
DMRA,08-Jul-2026,29.71,30.35,27.18,27.53,678800
DMRC,08-Jul-2026,6.61,7.37,6.6,7.08,274400
DMXF,08-Jul-2026,82.71,83.41,82.43,83.2971,12900
DNLI,08-Jul-2026,26.08,26.735,25.56,26.69,1300600
DNMX,08-Jul-2026,10.03,10.04,10.02,10.04,51100
DNMXU,08-Jul-2026,10.15,10.15,10.15,10.15,24300
DNNG,08-Jul-2026,7.05,7.2484,7.05,7.2484,200
DNTH,08-Jul-2026,95.79,98.29,93.92,98.07,754300
DNUT,08-Jul-2026,3.31,3.485,3.3,3.44,2936200
DOCU,08-Jul-2026,46.68,47.45,45.7,47.22,2838500
DOGZ,08-Jul-2026,1.06,1.06,0.96,1,31800
DOMH,08-Jul-2026,2.8,2.85,2.71,2.85,103500
DOMO,08-Jul-2026,3.55,3.61,3.38,3.57,1096100
DOO,08-Jul-2026,58.58,58.995,57.17,57.93,232000
DORM,08-Jul-2026,139.61,140.51,134.37,135.25,359300
DOX,08-Jul-2026,52.06,52.06,51.17,51.34,1245200
DOYU,08-Jul-2026,4.75,4.8,4.61,4.61,13200
DPRO,08-Jul-2026,4.85,4.91,4.67,4.79,790600
DPU,08-Jul-2026,1.87,1.96,1.84,1.9,2700
DPZ,08-Jul-2026,309.65,309.66,300.32,302.35,852600
DRCT,08-Jul-2026,2.7,2.7,2.6,2.66,8700
DRDB,08-Jul-2026,10.56,10.56,10.56,10.56,1000
DRDBU,08-Jul-2026,10.63,10.63,10.63,10.63,800
DRDBW,08-Jul-2026,0.1901,0.21,0.1901,0.21,1500
DRH,08-Jul-2026,11.74,11.905,11.57,11.65,1989600
DRIO,08-Jul-2026,7.14,7.49,6.96,7.22,2300
DRIV,08-Jul-2026,35.48,36.16,35.2201,35.97,154600
DRMA,08-Jul-2026,1.37,1.445,1.3412,1.4,47000
DRNZ,08-Jul-2026,21.85,22.12,21.4001,21.77,124600
DRS,08-Jul-2026,44.81,45.845,44.61,44.71,790300
DRTS,08-Jul-2026,12.32,13.08,12.3,12.78,548400
DRTSW,08-Jul-2026,3.29,3.7,3.24,3.68,12400
DRUG,08-Jul-2026,63.44,70.24,63.44,69.88,254100
DRVN,08-Jul-2026,15.05,15.05,14.67,14.82,935800
DSAC,08-Jul-2026,10.15,10.15,10.15,10.15,111300
DSACW,08-Jul-2026,0.6,0.65,0.6,0.6,76400
DSC,08-Jul-2026,7.62,7.62,6.5833,7.06,39800
DSGN,08-Jul-2026,14.68,15.35,14.4,15.28,1036300
DSGR,08-Jul-2026,26.73,27.14,26.6,27,48000
DSGX,08-Jul-2026,71.49,71.595,69.94,71.4,534600
DSP,08-Jul-2026,12.63,12.92,12.41,12.73,164300
DSWL,08-Jul-2026,3.46,3.46,3.4,3.4,13100
DSY,08-Jul-2026,4.33,4.33,4,4.23,79000
DSYWW,08-Jul-2026,0.0295,0.03,0.0201,0.0231,17400
DTCR,08-Jul-2026,28.03,28.6,27.98,28.59,1231000
DTCX,08-Jul-2026,1.95,1.99,1.885,1.91,125600
DTI,08-Jul-2026,2.12,2.2,2.11,2.18,376500
DTIL,08-Jul-2026,9.31,9.36,8.88,9.28,1032300
DTSQR,08-Jul-2026,0.12,0.12,0.12,0.12,100
DTSS,08-Jul-2026,0.74,0.79,0.72,0.789,12400
DTST,08-Jul-2026,3.3464,3.385,3.2801,3.34,4500
DUKH,08-Jul-2026,23.855,23.8685,23.82,23.855,16600
DUKR,08-Jul-2026,5.005,5.4999,4.9518,5.49,15700
DUKRW,08-Jul-2026,1,1,0.9999,0.9999,200
DUKX,08-Jul-2026,27.965,28.0928,27.965,28.0928,200
DUO,08-Jul-2026,0.6301,0.643,0.6,0.631,35800
DUOG,08-Jul-2026,48.25,48.5,46.87,47.2957,4600
DUOL,08-Jul-2026,129.97,130.27,126.11,127.57,897100
DUOT,08-Jul-2026,9.54,9.7349,9.125,9.52,1313000
DUSG,08-Jul-2026,50.95,50.9842,50.75,50.9842,1100
DVAL,08-Jul-2026,15.72,15.72,15.6969,15.6969,800
DVGR,08-Jul-2026,26.18,26.18,26.1281,26.1281,1100
DVIN,08-Jul-2026,30.4844,30.4844,30.4844,30.4844,100
DVLT,08-Jul-2026,0.3489,0.36,0.3405,0.3561,8296000
DVLU,08-Jul-2026,40.31,40.31,39.76,39.9399,5600
DVOL,08-Jul-2026,37.15,37.15,37.0748,37.0748,1200
DVQQ,08-Jul-2026,31.1597,31.1597,31.1597,31.1597,100
DVRE,08-Jul-2026,24.4652,24.4652,24.4652,24.4652,100
DVSP,08-Jul-2026,28.8215,28.8215,28.8215,28.8215,100
DVUT,08-Jul-2026,27.3067,27.3067,27.3067,27.3067,100
DVXB,08-Jul-2026,27.057,27.057,27.057,27.057,100
DVXC,08-Jul-2026,23.82,23.82,23.7699,23.7699,100
DVXE,08-Jul-2026,36.66,36.9549,36.66,36.8776,600
DVXF,08-Jul-2026,26.2612,26.2612,26.2612,26.2612,100
DVXK,08-Jul-2026,36.6637,36.6637,36.6637,36.6637,100
DVXP,08-Jul-2026,25.5423,25.5423,25.5423,25.5423,100
DVXV,08-Jul-2026,32.6869,32.6869,32.6869,32.6869,100
DVXY,08-Jul-2026,22.51,22.5736,22.51,22.5736,100
DVY,08-Jul-2026,159.61,159.89,158.09,158.15,302500
DWAS,08-Jul-2026,118.04,118.54,115.86,118.0859,53700
DWAW,08-Jul-2026,49.87,50.0082,49.87,50.0082,100
DWSH,08-Jul-2026,6.0891,6.24,6.08,6.215,39400
DWSN,08-Jul-2026,6.43,6.8,6.09,6.77,224900
DWTX,08-Jul-2026,1.41,1.45,1.35,1.41,100100
DWUS,08-Jul-2026,60.0006,60.0006,60.0006,60.0006,100
DXCM,08-Jul-2026,73.32,74.39,72.33,74.06,5338700
DXLG,08-Jul-2026,0.62,0.6351,0.6138,0.6286,76600
DXPE,08-Jul-2026,153.72,158.585,153.55,158.15,232100
DXR,08-Jul-2026,10.2,11.09,10.2,10.49,6500
DXST,08-Jul-2026,2.45,2.45,2.23,2.28,65400
DYAI,08-Jul-2026,1.01,1.04,0.9512,0.9969,213100
DYFI,08-Jul-2026,22.73,22.74,22.7101,22.725,7100
DYN,08-Jul-2026,23.4,23.91,22.4,23.83,2528200
DYNB,08-Jul-2026,39.14,39.14,39.1,39.13,3300
DYNC,08-Jul-2026,10.8013,10.805,10.79,10.79,13500
DYOR,08-Jul-2026,10.04,10.07,10.04,10.06,301100
DYORW,08-Jul-2026,0.295,0.295,0.2613,0.2613,4200
DYTA,08-Jul-2026,31.28,31.33,31.27,31.304,6600
EA,08-Jul-2026,206,206,204.83,204.89,1019500
EART,08-Jul-2026,26.38,26.99,26.24,26.89,78700
EASY,08-Jul-2026,27.54,27.5801,27.3964,27.3964,3700
EBAY,08-Jul-2026,114.25,115.38,112.31,115.25,2333700
EBC,08-Jul-2026,22.37,22.45,21.58,21.66,3831400
EBI,08-Jul-2026,64.53,64.5675,64.45,64.5675,600
EBIZ,08-Jul-2026,28.462,28.462,28.17,28.4183,700
EBMT,08-Jul-2026,23.46,23.61,23.01,23.5,54400
EBON,08-Jul-2026,2.18,2.2023,2.1,2.2023,2300
ECBK,08-Jul-2026,20.19,20.19,19.85,19.85,6800
ECHO,08-Jul-2026,97.545,100.508,95.39,96.28,4047200
ECHX,08-Jul-2026,10.05,10.6,9.62,9.7811,147600
ECOR,08-Jul-2026,7.69,7.925,6.3,6.53,323800
ECOW,08-Jul-2026,26.66,26.785,26.615,26.7446,25200
ECPG,08-Jul-2026,89.82,90.34,86.705,87.54,259400
ECX,08-Jul-2026,1.25,1.275,1.2,1.24,1446000
EDBL,08-Jul-2026,0.1312,0.151,0.1038,0.116,472917100
EDBLW,08-Jul-2026,0.0477,0.062,0.042,0.0599,32900
EDHL,08-Jul-2026,4.21,4.9,3.9,4.76,147900
EDIT,08-Jul-2026,3.69,3.815,3.615,3.67,2454800
EDRY,08-Jul-2026,21.36,22.225,21.27,22.08,32200
EDSA,08-Jul-2026,7.3,7.6,7.1501,7.31,29300
EDTK,08-Jul-2026,1,1,0.973,0.973,600
EDUC,08-Jul-2026,1.5571,1.645,1.535,1.58,626400
EEE,08-Jul-2026,20.1244,20.1244,20.1244,20.1244,100
EEFT,08-Jul-2026,77.18,78.325,73.18,75.96,1442400
EEIQ,08-Jul-2026,2.75,2.75,2.53,2.6,10200
EEMA,08-Jul-2026,112.65,114.38,112.01,113.87,209200
EFAS,08-Jul-2026,21.4761,21.5662,21.45,21.5662,10200
EFOI,08-Jul-2026,3.01,3.114,2.91,2.97,14800
EFRA,08-Jul-2026,35.1575,35.1575,35.1575,35.1575,100
EFSC,08-Jul-2026,64.59,64.82,63.58,64.25,271500
EFSCP,08-Jul-2026,20.12,20.13,20.02,20.05,1400
EFSI,08-Jul-2026,40.21,41.14,39.69,40.3,77300
EGAN,08-Jul-2026,6.28,6.445,6.27,6.36,148800
EGBN,08-Jul-2026,26.62,26.725,26.13,26.19,288700
EGGQ,08-Jul-2026,56.06,56.31,54.4,56.2874,5100
EGHA,08-Jul-2026,10.32,10.33,10.31,10.33,165900
EGHT,08-Jul-2026,1.94,2.075,1.9,2.03,1875600
EH,08-Jul-2026,5.45,5.71,5.32,5.63,1596100
EHGO,08-Jul-2026,1.77,1.865,1.66,1.76,307500
EHLD,08-Jul-2026,7.775,7.775,7.43,7.46,11500
EHLS,08-Jul-2026,26.27,26.3137,26.27,26.3137,700
EHTH,08-Jul-2026,1.6,1.625,1.49,1.61,519400
EIKN,08-Jul-2026,11.33,12.11,10.38,10.72,541800
EJH,08-Jul-2026,1.61,1.74,1.49,1.64,9600
EKG,08-Jul-2026,19.39,19.45,19.37,19.3779,1500
ELAB,08-Jul-2026,1.15,1.19,1.06,1.06,924900
ELBM,08-Jul-2026,0.562,0.5714,0.5464,0.5658,258200
ELDN,08-Jul-2026,3.94,4.255,3.89,4.21,2168600
ELE,08-Jul-2026,16,16.205,15.16,15.65,396400
ELFY,08-Jul-2026,42.13,42.5463,42,42.34,56700
ELIL,08-Jul-2026,32.05,33.15,31.31,31.81,101700
ELMT,08-Jul-2026,15.99,17,15.71,15.95,1039600
ELOG,08-Jul-2026,0.8399,0.8509,0.8227,0.8308,2200
ELOX,08-Jul-2026,11.16,13,10.8817,12.25,42800
ELPW,08-Jul-2026,0.7511,0.758,0.61,0.6431,1380800
ELSE,08-Jul-2026,7.6904,7.6904,7.685,7.69,7200
ELTK,08-Jul-2026,8.42,9.2,8.42,8.6723,1700
ELTX,08-Jul-2026,2.91,3.67,2.87,3.49,4184000
ELUT,08-Jul-2026,0.9751,0.9751,0.95,0.95,1900
ELVA,08-Jul-2026,8.98,9.2,8.73,9.03,286800
ELVN,08-Jul-2026,50.76,51.12,48.52,50.8,1117900
ELVR,08-Jul-2026,64.37,64.745,62.44,64.45,63100
ELWT,08-Jul-2026,6.8,7.46,6.53,7.21,28500
EMAT,08-Jul-2026,5.58,5.84,5.3,5.39,158300
EMB,08-Jul-2026,95.77,95.79,95.46,95.79,11891800
EMBC,08-Jul-2026,3.32,3.345,3.175,3.19,1362400
EMCB,08-Jul-2026,66.98,66.98,66.16,66.16,1700
EMEM,08-Jul-2026,25.44,25.7333,25.365,25.7333,6800
EMEQ,08-Jul-2026,65.74,67.545,65.655,67.5353,74000
EMIF,08-Jul-2026,25.795,25.8829,25.795,25.8829,300
EML,08-Jul-2026,26.06,26.06,24.84,25.32,18300
EMPD,08-Jul-2026,3.89,3.98,3.8,3.87,493700
EMSC,08-Jul-2026,25.17,25.2958,24.95,25.2958,3100
EMXC,08-Jul-2026,95.27,97.335,95.06,97.24,3734800
EMXF,08-Jul-2026,55.76,56.6806,55.76,56.6806,4500
ENDW,08-Jul-2026,33.54,33.6181,33.47,33.6181,6000
ENGN,08-Jul-2026,1.87,1.946,1.845,1.86,1521100
ENGS,08-Jul-2026,2.82,2.95,2.82,2.94,448800
ENHI,08-Jul-2026,26.375,26.375,26.375,26.375,100
ENHU,08-Jul-2026,27.7657,27.7657,27.7657,27.7657,100
ENLT,08-Jul-2026,82.7,84.09,81.01,83.55,199500
ENLV,08-Jul-2026,0.473,0.4989,0.4277,0.4805,820500
ENPH,08-Jul-2026,41.52,43.11,40.93,43.02,4582000
ENRD,08-Jul-2026,8.31,8.31,8.0578,8.15,16400
ENRDW,08-Jul-2026,0.62,0.6388,0.62,0.6388,700
ENSC,08-Jul-2026,0.279,0.279,0.2624,0.275,384700
ENSG,08-Jul-2026,170.45,171.96,168.18,169.93,469600
ENTA,08-Jul-2026,14.06,14.81,14.02,14.49,198800
ENTG,08-Jul-2026,133.5,142.26,131.89,138.715,3344000
ENTX,08-Jul-2026,1.63,1.73,1.585,1.69,243300
ENVB,08-Jul-2026,1.46,1.46,1.37,1.42,49600
ENVX,08-Jul-2026,4.93,5.14,4.86,5.125,5514400
ENZL,08-Jul-2026,45.07,45.245,44.815,45.01,99800
EOLS,08-Jul-2026,6.93,7.235,6.77,6.79,1279900
EOSE,08-Jul-2026,4.66,4.88,4.41,4.505,21016600
EOSER,08-Jul-2026,0.082,0.1008,0.0468,0.05,62067900
EPOW,08-Jul-2026,0.605,0.61,0.56,0.585,59600
EPRX,08-Jul-2026,6.59,6.94,6.37,6.92,240000
EPSM,08-Jul-2026,1.3,1.3299,1.25,1.31,9200
EPSN,08-Jul-2026,5.44,5.56,5.43,5.51,112700
EQ,08-Jul-2026,2.79,3.155,2.79,3.15,811600
EQIX,08-Jul-2026,1007.77,1030.65,1007.77,1015.97,495900
EQPT,08-Jul-2026,17.67,17.6877,16.26,16.58,3839900
EQRR,08-Jul-2026,80.23,80.3918,79.75,80.3918,4000
ERAS,08-Jul-2026,18.34,19.3,17.99,18.87,5956900
ERET,08-Jul-2026,28.9194,28.9194,28.9194,28.9194,200
ERIC,08-Jul-2026,10.73,11.08,10.715,11.04,18474800
ERIE,08-Jul-2026,256.48,256.48,249.695,251.36,180900
ERII,08-Jul-2026,8.61,8.72,8.555,8.62,660000
ERNA,08-Jul-2026,6.425,6.425,5.73,5.73,20300
ERNAW,08-Jul-2026,0.08,0.11,0.08,0.11,1000
ESCA,08-Jul-2026,18.38,18.43,17.88,18.4,30100
ESEA,08-Jul-2026,68.49,69.89,67.89,69.19,49300
ESGD,08-Jul-2026,101.79,102.42,101.23,102.36,185100
ESGE,08-Jul-2026,52.19,53.04,52.0299,53.02,473900
ESGU,08-Jul-2026,163.23,163.74,162.33,163.6,225200
ESLA,08-Jul-2026,0.91,0.91,0.8865,0.8999,13100
ESLAW,08-Jul-2026,0.1212,0.1212,0.1,0.1,8000
ESLT,08-Jul-2026,777.56,785.73,775.18,780.05,53000
ESMV,08-Jul-2026,30.6644,30.6644,30.6644,30.6644,100
ESN,08-Jul-2026,19.83,19.86,19.72,19.78,75400
ESOA,08-Jul-2026,16.72,17.01,16.31,16.74,110100
ESPO,08-Jul-2026,93.36,93.36,92.055,92.84,13500
ESPR,08-Jul-2026,3.16,3.19,3.16,3.19,51748300
ESQ,08-Jul-2026,119.61,121,117.08,117.56,193600
ESTA,08-Jul-2026,88.14,90,86.13,87.99,661400
ETEC,08-Jul-2026,27.71,27.9701,27.71,27.9701,300
ETHA,08-Jul-2026,13.1,13.17,12.91,13.11,26082500
ETHB,08-Jul-2026,22.34,22.4501,22.04,22.4,550700
ETON,08-Jul-2026,37.13,37.48,36.02,36.17,400800
ETOR,08-Jul-2026,39.73,40.23,38.51,39.95,946300
ETS,08-Jul-2026,0.8437,0.8437,0.7467,0.7864,52700
EU,08-Jul-2026,1.25,1.32,1.2401,1.3,2533800
EUDA,08-Jul-2026,12.43,12.43,12.43,12.43,700
EUDAW,08-Jul-2026,0.0206,0.0256,0.0206,0.0256,1500
EUFN,08-Jul-2026,39.65,39.65,39.13,39.52,1045700
EURK,08-Jul-2026,11.58,11.95,11.58,11.875,5700
EVAX,08-Jul-2026,3.365,3.4165,3.2,3.25,19700
EVCM,08-Jul-2026,10,10.02,9.77,9.97,141400
EVER,08-Jul-2026,25.02,25.345,24.13,24.8,774000
EVGN,08-Jul-2026,0.44,0.44,0.413,0.4141,47500
EVGO,08-Jul-2026,1.79,1.85,1.77,1.83,2754500
EVLV,08-Jul-2026,6.05,6.13,5.92,6.05,1864300
EVLVW,08-Jul-2026,0.0129,0.0129,0.005,0.0064,1316100
EVMT,08-Jul-2026,17.42,17.485,17.42,17.48,800
EVO,08-Jul-2026,2.79,2.79,2.73,2.78,18300
EVOX,08-Jul-2026,10.04,10.07,10.03,10.07,22200
EVOXU,08-Jul-2026,10.22,10.22,10.22,10.22,100
EVOXW,08-Jul-2026,0.41,0.41,0.395,0.395,2100
EVPF,08-Jul-2026,50.21,50.3,50.02,50.1799,5700
EVRG,08-Jul-2026,87.12,87.42,85.665,85.91,2797800
EVSD,08-Jul-2026,50.83,50.83,50.78,50.815,110500
EVYM,08-Jul-2026,50.81,50.81,50.731,50.7886,4900
EWBC,08-Jul-2026,130.13,130.13,127.07,127.61,1315900
EWJV,08-Jul-2026,45.04,45.37,44.82,45.3688,83200
EWTX,08-Jul-2026,42.97,46.95,42.695,46.3,2469100
EWZS,08-Jul-2026,12.83,12.85,12.71,12.8031,113900
EXC,08-Jul-2026,47.93,48.09,47.22,47.28,7727200
EXE,08-Jul-2026,90.3,90.6,88.5,90.1,4359400
EXEL,08-Jul-2026,56.57,56.867,55.37,56.11,1783200
EXFY,08-Jul-2026,1.7,1.92,1.7,1.88,2157100
EXLS,08-Jul-2026,27.59,27.88,27.37,27.38,2436500
EXOZ,08-Jul-2026,7.82,7.98,7.55,7.55,5900
EXPE,08-Jul-2026,266.05,267,254.6779,260.31,1502100
EXPO,08-Jul-2026,62.26,62.475,60.39,60.95,489200
EXTR,08-Jul-2026,29.86,31.255,29.36,31.12,1483600
EXUS,08-Jul-2026,28.04,28.1624,27.955,28.16,2200
EXYN,08-Jul-2026,5.9,6.28,5.8525,5.88,69900
EXYNW,08-Jul-2026,1.09,1.09,1.09,1.09,200
EYE,08-Jul-2026,19.4,19.885,19.06,19.41,2187700
EYEG,08-Jul-2026,34.9321,34.9321,34.9321,34.9321,100
EYPT,08-Jul-2026,13.97,14.49,13.69,14.01,1899400
EZGO,08-Jul-2026,1.31,1.31,1.26,1.3,28500
EZMO,08-Jul-2026,25.79,26,25.67,25.9799,2500
EZPW,08-Jul-2026,35.98,35.98,32.115,32.16,1878900
EZRA,08-Jul-2026,2.9,2.98,2.8,2.89,56300
EZRO,08-Jul-2026,24.32,24.5864,24.0801,24.5864,700
FA,08-Jul-2026,20.01,20.15,19.56,19.7,1747600
FAAA,08-Jul-2026,50.18,50.21,50.18,50.2,25100
FAAR,08-Jul-2026,31.33,31.5299,31.2,31.47,19000
FAB,08-Jul-2026,102.16,102.16,101.15,101.1828,3300
FABC,08-Jul-2026,2.73,2.8672,2.52,2.6,712700
FAC,08-Jul-2026,9.56,10.3908,8.7,9.11,216900
FACT,08-Jul-2026,10.63,10.63,10.63,10.63,100
FACTW,08-Jul-2026,0.4999,0.4999,0.45,0.45,600
FACWW,08-Jul-2026,1.22,1.54,1.22,1.35,62200
FAD,08-Jul-2026,188.37,188.945,186.92,188.77,10000
FALN,08-Jul-2026,27.1,27.105,27.05,27.1,405600
FAMI,08-Jul-2026,0.19,0.2062,0.1848,0.206,516500
FANG,08-Jul-2026,183.89,187.76,181.47,186.6,2883700
FAST,08-Jul-2026,47.1,47.1,46.35,46.51,5241500
FATE,08-Jul-2026,2.92,3.075,2.835,2.93,1909800
FATN,08-Jul-2026,5.2,5.3778,4.93,5.3,61500
FBGL,08-Jul-2026,0.5595,0.61,0.49,0.5827,122400
FBIO,08-Jul-2026,2.99,3.08,2.8729,3,411200
FBIOP,08-Jul-2026,20,20,17.9,19.065,54800
FBIZ,08-Jul-2026,62.46,63.32,61.92,62.63,55800
FBL,08-Jul-2026,24.6,24.6953,23.315,23.7,1017600
FBLA,08-Jul-2026,14.98,15,14.835,14.91,53000
FBLG,08-Jul-2026,0.82,0.85,0.8151,0.8168,52300
FBNC,08-Jul-2026,62.86,62.86,61.78,62.29,203700
FBOT,08-Jul-2026,37.92,38.0908,37.46,38.0908,14400
FBRX,08-Jul-2026,21.97,22.48,20.2,20.58,590000
FBYD,08-Jul-2026,18.82,19.31,17.22,17.71,69500
FBYDW,08-Jul-2026,2.42,2.44,2.42,2.42,200
FBYY,08-Jul-2026,11.905,11.905,11.905,11.905,100
FCA,08-Jul-2026,26.45,26.6,26.22,26.375,44600
FCAL,08-Jul-2026,49.66,49.66,49.42,49.4731,29300
FCAP,08-Jul-2026,60,62.11,60,60.85,7400
FCBC,08-Jul-2026,43.89,44.05,43.07,43.36,60900
FCCO,08-Jul-2026,32.59,32.79,32,32.12,37100
FCEF,08-Jul-2026,24.06,24.06,23.87,23.95,28100
FCEL,08-Jul-2026,21.18,23.38,20.59,22.54,21503200
FCFS,08-Jul-2026,222.68,223.465,214.05,215.64,519900
FCHL,08-Jul-2026,1.33,1.35,1.3,1.32,47800
FCLO,08-Jul-2026,50.23,50.24,50.23,50.235,5100
FCNCA,08-Jul-2026,2083,2115.365,2034.91,2044.62,77100
FCNCN,08-Jul-2026,25.47,25.4711,25.31,25.4,41600
FCNCO,08-Jul-2026,20.63,20.7799,20.62,20.71,10200
FCNCP,08-Jul-2026,20.28,20.34,20.175,20.23,19900
FCTE,08-Jul-2026,28.8,28.91,28.78,28.8916,32500
FCUV,08-Jul-2026,2.84,2.85,2.61,2.85,25500
FCVT,08-Jul-2026,51.06,51.3081,50.5529,51.3081,8500
FCXG,08-Jul-2026,10.8872,11.02,10.22,10.7123,41800
FDBC,08-Jul-2026,51.55,51.55,50.26,50.26,9900
FDCF,08-Jul-2026,50.29,50.8466,50.29,50.8466,2300
FDFF,08-Jul-2026,34.09,34.12,34.01,34.0629,1400
FDIF,08-Jul-2026,39.72,39.8905,39.43,39.8905,5400
FDIG,08-Jul-2026,40.76,41.67,40.33,41.5974,52600
FDIQ,08-Jul-2026,68.25,68.44,68.2365,68.2365,800
FDIV,08-Jul-2026,27.69,27.74,27.6749,27.6906,3700
FDMMU,08-Jul-2026,9.96,9.97,9.94,9.95,7277100
FDMT,08-Jul-2026,12.71,13.39,12.3,13.02,757100
FDNI,08-Jul-2026,26.92,27.0191,26.91,27.0191,6100
FDRS,08-Jul-2026,23.43,23.53,23.23,23.48,27800
FDRX,08-Jul-2026,21.14,21.4418,21.14,21.4418,200
FDSB,08-Jul-2026,16.62,17.26,16.51,16.9,1900
FDT,08-Jul-2026,90.87,91.75,90.08,91.71,128400
FDTS,08-Jul-2026,64.8131,64.9565,64.8131,64.9565,500
FDTX,08-Jul-2026,52.55,53.6511,52.31,53.6511,60200
FDUS,08-Jul-2026,19.49,19.585,19.38,19.53,260000
FEAM,08-Jul-2026,1.35,1.35,1.275,1.3,98700
FEBO,08-Jul-2026,0.84,0.8599,0.84,0.8599,300
FEED,08-Jul-2026,0.51,0.51,0.47,0.4769,179000
FEIM,08-Jul-2026,60.8,62.8,56.81,58.58,264900
FELE,08-Jul-2026,102.25,103.875,100.59,101.26,205000
FEM,08-Jul-2026,31.07,31.415,30.93,31.37,254400
FEMB,08-Jul-2026,29.4,29.4,29.06,29.35,216500
FEMS,08-Jul-2026,44.99,45.49,44.84,45.33,24200
FEMY,08-Jul-2026,3.8,4.02,3.6805,3.96,16800
FENC,08-Jul-2026,10.39,10.43,10.04,10.25,155500
FEP,08-Jul-2026,56.99,57.2,56.51,57.19,20800
FEPI,08-Jul-2026,41.47,41.92,41.2303,41.86,122500
FER,08-Jul-2026,64.67,64.95,64.145,64.32,1524200
FERA,08-Jul-2026,10.43,10.44,10.43,10.44,60200
FEUZ,08-Jul-2026,66.115,66.115,65.68,66.065,1300
FEX,08-Jul-2026,135.76,136.025,134.68,135.5871,12400
FFAI,08-Jul-2026,0.2252,0.2258,0.206,0.2143,16544100
FFAIW,08-Jul-2026,0.0085,0.0094,0.0014,0.0082,924100
FFBC,08-Jul-2026,34.27,34.27,33.115,33.36,1162300
FFIN,08-Jul-2026,34.25,34.58,33.9,33.98,1008200
FFIV,08-Jul-2026,415.32,420.72,408.99,419.14,430700
FFUT,08-Jul-2026,58.29,58.73,58.09,58.7,9600
FGBI,08-Jul-2026,9.8,9.9,9.68,9.76,37000
FGBIP,08-Jul-2026,19.9547,19.955,19.95,19.955,1600
FGI,08-Jul-2026,4.23,4.23,3.693,3.89,16600
FGIIW,08-Jul-2026,0.26,0.26,0.26,0.26,1100
FGIWW,08-Jul-2026,0.21,0.21,0.1501,0.1501,14900
FGL,08-Jul-2026,1.4,1.47,1.395,1.43,27800
FGM,08-Jul-2026,62.65,62.65,62.497,62.497,600
FGMC,08-Jul-2026,9.78,10.11,9.22,9.83,170000
FGMCR,08-Jul-2026,0.8946,0.8946,0.8946,0.8946,100
FGNX,08-Jul-2026,4.57,4.77,4.5,4.73,96300
FGSI,08-Jul-2026,20.505,20.505,20.505,20.505,100
FHB,08-Jul-2026,30.05,30.05,29.25,29.48,1875800
FHTX,08-Jul-2026,5.91,6.5699,5.84,6.17,970900
FIBK,08-Jul-2026,39.06,39.11,37.95,38.25,1220000
FICS,08-Jul-2026,41.9,42.02,41.71,41.9963,20200
FID,08-Jul-2026,21.69,21.78,21.64,21.75,10900
FIEE,08-Jul-2026,3.825,3.825,3.66,3.66,1700
FIGG,08-Jul-2026,19.97,20.9,19.28,19.89,131800
FIGR,08-Jul-2026,30.71,32.3,30.285,30.65,2122500
FIMU,08-Jul-2026,19.9842,19.9842,19.9842,19.9842,100
FINW,08-Jul-2026,14.04,14.465,13.83,13.94,45600
FINX,08-Jul-2026,25.17,25.33,24.801,25.22,84500
FINY,08-Jul-2026,24.96,24.96,24.7967,24.7967,500
FIP,08-Jul-2026,4.28,4.56,4.28,4.43,821400
FISI,08-Jul-2026,38.45,38.708,37.51,37.64,161300
FISN,08-Jul-2026,10.41,11.29,9.9501,10.99,142900
FISV,08-Jul-2026,51.32,51.85,50.47,50.6,8240100
FIVE,08-Jul-2026,176.56,181.325,173.1,180.75,1111800
FIVN,08-Jul-2026,24.17,24.88,23.64,24.2,2010800
FIXD,08-Jul-2026,43.28,43.37,43.2627,43.34,516500
FIYY,08-Jul-2026,24.21,24.21,24.21,24.21,100
FIZZ,08-Jul-2026,32.57,33.19,32.5001,32.59,566200
FJP,08-Jul-2026,76,76,74.09,75.5,11200
FKU,08-Jul-2026,53.1,53.16,52.32,52.8651,2400
FKWL,08-Jul-2026,2.32,2.435,2.31,2.41,26600
FLD,08-Jul-2026,0.4549,0.4653,0.4281,0.449,128600
FLDB,08-Jul-2026,50.28,50.3396,50.21,50.29,9200
FLDDW,08-Jul-2026,0.1024,0.1024,0.0966,0.0967,1100
FLEX,08-Jul-2026,129.2,133.75,127.95,133.37,4411300
FLGT,08-Jul-2026,20.76,21.02,20.61,20.61,264800
FLL,08-Jul-2026,2.6,2.73,2.6,2.69,84900
FLN,08-Jul-2026,24.755,25.01,24.755,24.9307,75600
FLNA,08-Jul-2026,1.3,1.368,1.18,1.18,668600
FLNC,08-Jul-2026,14.66,15.74,14.42,15.34,15436100
FLNT,08-Jul-2026,3.8,4.09,3.6,3.77,29700
FLUX,08-Jul-2026,0.7563,0.7698,0.7203,0.7283,58200
FLWS,08-Jul-2026,3.73,3.765,3.655,3.72,180800
FLX,08-Jul-2026,2.14,2.19,2.1,2.11,144600
FLXS,08-Jul-2026,68.89,70,68.4401,69.98,35600
FLY,08-Jul-2026,24.99,26.5,24.85,25.88,3377500
FLYE,08-Jul-2026,2.06,2.06,1.75,1.94,22800
FLYW,08-Jul-2026,18.16,18.265,17.61,17.63,1890500
FLZH,08-Jul-2026,1.69,1.715,1.65,1.66,24900
FMAC,08-Jul-2026,9.98,10,9.98,10,2200
FMAO,08-Jul-2026,30.15,30.4,29.4,29.485,76100
FMB,08-Jul-2026,51.3,51.3,51.14,51.2,197700
FMBH,08-Jul-2026,47.77,48.05,47.015,47.32,97600
FMED,08-Jul-2026,29.8,29.8,29.25,29.5683,12500
FMET,08-Jul-2026,37.08,37.3305,37.08,37.3305,1500
FMFC,08-Jul-2026,0.2424,0.2653,0.2424,0.2565,196600
FMHI,08-Jul-2026,48.36,48.43,48.32,48.35,197000
FMNB,08-Jul-2026,14.35,14.356,14.045,14.15,398200
FMST,08-Jul-2026,1.74,1.7991,1.67,1.78,102600
FMSTW,08-Jul-2026,0.518,0.518,0.4601,0.4607,2900
FMTM,08-Jul-2026,39.47,40.07,39.12,39.83,199300
FMUB,08-Jul-2026,51.28,51.37,51.24,51.26,28400
FMUN,08-Jul-2026,50.4089,50.4499,50.34,50.375,4300
FNGR,08-Jul-2026,0.3874,0.3874,0.34,0.3405,236900
FNK,08-Jul-2026,61.36,61.36,60.535,60.6668,6900
FNKO,08-Jul-2026,5.35,5.35,5.18,5.3,661500
FNLC,08-Jul-2026,33.57,33.57,33.06,33.23,23500
FNRN,08-Jul-2026,17.61,17.82,17.525,17.61,114900
FNUC,08-Jul-2026,1.57,1.65,1.54,1.64,108500
FNWB,08-Jul-2026,11.1,11.18,11.03,11.075,17200
FNWD,08-Jul-2026,36.015,36.07,35.445,35.47,5500
FNX,08-Jul-2026,142.98,142.98,140.415,141.4853,13000
FNY,08-Jul-2026,105.35,105.47,103.47,104.8704,16600
FOCL,08-Jul-2026,5.44,5.48,5.3,5.425,22700
FOFO,08-Jul-2026,2.96,3.3047,2.9291,3.27,36200
FORM,08-Jul-2026,106,112.39,105.35,111.59,1533600
FORR,08-Jul-2026,9.56,9.67,9.3,9.61,99400
FORTY,08-Jul-2026,110.72,111.03,110.72,111.03,900
FOSL,08-Jul-2026,4.09,4.175,4.01,4.1,538000
FOX,08-Jul-2026,49.39,49.49,47.835,47.95,1314600
FOXA,08-Jul-2026,55.24,55.24,52.92,53.39,5784600
FOXF,08-Jul-2026,16.92,16.96,16.17,16.5,618800
FOXX,08-Jul-2026,3.01,3.12,2.83,2.92,24300
FPA,08-Jul-2026,48.43,49.18,47.47,49.18,5600
FPXE,08-Jul-2026,33.69,33.745,33.69,33.745,300
FPXI,08-Jul-2026,73.81,75.03,73.39,74.84,139300
FRAF,08-Jul-2026,61.28,62.41,60.41,60.98,42300
FRBA,08-Jul-2026,17.45,17.47,16.92,17.21,157800
FRBT,08-Jul-2026,20.1,21.22,18.692,19.37,180300
FRD,08-Jul-2026,32.39,33.63,32.01,32.58,70800
FREI,08-Jul-2026,25.015,25.07,25.015,25.055,59300
FRGT,08-Jul-2026,3.82,3.82,3.46,3.67,93700
FRHC,08-Jul-2026,150.69,161.55,148.8417,158.81,306300
FRME,08-Jul-2026,42.78,42.84,41.92,42.15,395800
FRMEP,08-Jul-2026,25.8,25.8,25.8,25.8,100
FRMI,08-Jul-2026,7.34,7.69,7.22,7.36,6455600
FRMM,08-Jul-2026,5.7,6.14,5.42,5.96,316000
FROG,08-Jul-2026,94.93,96.26,91.31,92.73,2295800
FRPH,08-Jul-2026,24.61,24.61,23.99,24,96100
FRPT,08-Jul-2026,54.05,54.86,52.375,54.25,1649600
FRSH,08-Jul-2026,10.155,10.335,10.01,10.17,41164100
FRST,08-Jul-2026,15.73,15.775,15.355,15.42,176300
FRSX,08-Jul-2026,1.67,1.69,1.6,1.63,100100
FRTT,08-Jul-2026,0.89,1.43,0.82,1.3,12763500
FRVO,08-Jul-2026,23.7,24.93,23.31,23.57,2870600
FRWD,08-Jul-2026,31.65,31.89,31.2463,31.8791,82100
FSBC,08-Jul-2026,48.69,48.94,47.14,47.49,147200
FSBW,08-Jul-2026,41,43.86,41,42.68,21400
FSCS,08-Jul-2026,36.65,36.7,36.44,36.4616,4100
FSEA,08-Jul-2026,16.87,16.8701,16.86,16.8601,2100
FSGS,08-Jul-2026,31.88,31.9,31.817,31.8591,2000
FSHP,08-Jul-2026,11.2,11.2,11.2,11.2,100
FSLR,08-Jul-2026,224.1,227.16,219.13,224.3,1713700
FSLY,08-Jul-2026,18.15,20.21,18,19.74,4864300
FSTB,08-Jul-2026,19.99,20.0294,19.985,20.005,9400
FSTR,08-Jul-2026,42.01,42.885,41.7,42.23,64500
FSUN,08-Jul-2026,38.5,38.705,36.945,37.18,291200
FSV,08-Jul-2026,144.92,144.92,140.05,141.68,88700
FSZ,08-Jul-2026,81.471,81.875,81.465,81.465,1900
FTA,08-Jul-2026,98.43,98.43,97.31,97.37,32200
FTAG,08-Jul-2026,29.085,29.1879,29.085,29.1879,300
FTAI,08-Jul-2026,222.22,227.32,210.55,216.1,1582800
FTAIM,08-Jul-2026,27,27.13,26.85,27.12,4800
FTC,08-Jul-2026,179.63,182.05,179.34,181.9124,9800
FTCI,08-Jul-2026,4.87,4.985,4.44,4.93,124000
FTCS,08-Jul-2026,97.12,97.12,96.345,96.38,399400
FTDR,08-Jul-2026,77.53,78.37,73.05,73.13,810500
FTDS,08-Jul-2026,62.19,62.19,61.77,61.87,5000
FTEK,08-Jul-2026,1.75,1.8005,1.68,1.76,96400
FTFT,08-Jul-2026,0.5971,0.6051,0.4454,0.53,385000
FTGC,08-Jul-2026,27.92,28.145,27.87,28.06,410500
FTGS,08-Jul-2026,37.79,37.79,37.3401,37.66,92000
FTH,08-Jul-2026,24.59,28.34,24.59,28.02,100200
FTHA,08-Jul-2026,9.91,9.91,9.91,9.91,9000
FTHAU,08-Jul-2026,10.17,10.18,10.17,10.18,9600
FTHAW,08-Jul-2026,0.6,0.6,0.6,0.6,5100
FTHI,08-Jul-2026,23.79,23.875,23.7101,23.86,754200
FTHM,08-Jul-2026,0.9845,1.005,0.94,0.9695,239900
FTLF,08-Jul-2026,11.07,11.29,10.72,10.86,11300
FTNT,08-Jul-2026,156.995,159.45,154.4227,156.71,4770200
FTQI,08-Jul-2026,21.98,22.09,21.86,22.07,335900
FTRE,08-Jul-2026,17.11,17.18,16.5543,17.02,847400
FTRI,08-Jul-2026,16.04,16.05,15.87,16.0005,46500
FTRK,08-Jul-2026,0.4297,0.4297,0.3651,0.3691,3100
FTSL,08-Jul-2026,44.79,44.9096,44.78,44.86,397100
FTSM,08-Jul-2026,59.76,59.78,59.76,59.78,1122100
FTXG,08-Jul-2026,22.74,22.79,22.6077,22.6077,600
FTXH,08-Jul-2026,39,39.03,38.81,38.9246,27400
FTXL,08-Jul-2026,238.4,246.54,238.35,246.29,212200
FTXN,08-Jul-2026,35.12,35.522,34.695,35.27,131800
FTXO,08-Jul-2026,42.01,42.01,41,41.14,76200
FTXR,08-Jul-2026,44.45,44.5494,43.9,44.5117,52800
FUFU,08-Jul-2026,1.33,1.41,1.33,1.4,100400
FULC,08-Jul-2026,3.75,3.77,3.61,3.73,2560000
FULT,08-Jul-2026,24.09,24.15,23.51,23.65,2820200
FULTP,08-Jul-2026,17.87,17.93,17.68,17.89,28100
FUNC,08-Jul-2026,43.93,43.95,41.855,43.46,15700
FUND,08-Jul-2026,9.72,9.72,9.59,9.62,72200
FUSB,08-Jul-2026,16.99,16.99,16.745,16.95,3000
FUSE,08-Jul-2026,1.0319,1.04,0.9701,0.9701,26900
FUTG,08-Jul-2026,3.25,3.34,3.08,3.32,856600
FUTU,08-Jul-2026,95,96.14,92.11,95.63,1673400
FV,08-Jul-2026,71.21,72.83,70.5811,71.9558,47300
FVAV,08-Jul-2026,10.09,10.11,10.09,10.11,13800
FVC,08-Jul-2026,41.27,41.515,40.8389,41.515,3800
FVCB,08-Jul-2026,17.17,17.44,16.821,17.01,151000
FVN,08-Jul-2026,10.95,10.96,10.95,10.96,10100
FWDI,08-Jul-2026,4.2,4.25,4,4.09,1317200
FWONA,08-Jul-2026,90.77,90.77,89.01,89.06,194800
FWONK,08-Jul-2026,98.58,98.58,96.26,96.49,1604700
FWRD,08-Jul-2026,12.9,13.3,11.75,12.18,1072600
FWRG,08-Jul-2026,12.64,12.75,12.07,12.41,830900
FXAC,08-Jul-2026,10,10.01,9.97,10,267100
FXACU,08-Jul-2026,10.051,10.07,10.035,10.06,45000
FXACW,08-Jul-2026,0.16,0.16,0.14,0.14,75400
FXHO,08-Jul-2026,13.32,17,12.9107,14.52,84700
FXNC,08-Jul-2026,29.28,29.9,28.55,28.92,41800
FYC,08-Jul-2026,121.64,122.13,119.35,121.07,57500
FYT,08-Jul-2026,69.91,69.91,68.69,68.8463,6900
FYX,08-Jul-2026,140.59,140.68,138.03,139.5941,25900
GABC,08-Jul-2026,47.57,47.57,46.43,46.57,204900
GAIA,08-Jul-2026,2.07,2.08,1.98,2.01,140400
GAIN,08-Jul-2026,16.25,16.39,15.865,16.36,478500
GAING,08-Jul-2026,25.05,25.12,25.03,25.12,5200
GAINI,08-Jul-2026,25.63,25.68,25.6,25.64,9000
GAINZ,08-Jul-2026,23.99,24.05,23.92,23.93,7200
GALT,08-Jul-2026,4.51,4.665,4.44,4.51,318700
GAMB,08-Jul-2026,1.92,1.98,1.89,1.97,379300
GAME,08-Jul-2026,0.3101,0.3253,0.31,0.3173,567200
GANX,08-Jul-2026,1.78,1.859,1.78,1.79,591100
GARY,08-Jul-2026,26.64,26.64,26.1,26.325,3500
GASS,08-Jul-2026,8.5,8.75,8.41,8.73,101700
GAUZ,08-Jul-2026,0.44,0.44,0.3546,0.4303,408400
GAVA,08-Jul-2026,15.445,15.6648,15.445,15.6648,800
GBDC,08-Jul-2026,12.75,12.78,12.64,12.75,844100
GBFH,08-Jul-2026,30.67,31.5,30.185,30.47,65000
GBLI,08-Jul-2026,25.15,25.615,25.12,25.61,7100
GBUG,08-Jul-2026,38.6,38.9,37.085,38.032,16000
GCBC,08-Jul-2026,34.25,34.25,31.52,31.71,50700
GCGR,08-Jul-2026,10.1501,10.1501,10.12,10.12,7700
GCL,08-Jul-2026,0.4322,0.4322,0.415,0.42,31800
GCLWW,08-Jul-2026,0.0207,0.0207,0.0207,0.0207,100
GCMG,08-Jul-2026,13.34,13.52,13.26,13.45,371500
GCT,08-Jul-2026,33.44,33.7999,32.705,33.74,536300
GCTK,08-Jul-2026,0.345,0.44,0.3197,0.3661,3523700
GDC,08-Jul-2026,1.66,1.68,1.48,1.53,761900
GDEV,08-Jul-2026,12.69,12.69,11.76,11.99,6300
GDHG,08-Jul-2026,1.45,1.45,1.37,1.45,10500
GDRX,08-Jul-2026,3.01,3.01,2.89,2.96,600800
GDS,08-Jul-2026,31.87,32.99,31.5,32.82,2353000
GDTC,08-Jul-2026,0.935,0.9699,0.9314,0.9699,2900
GDYN,08-Jul-2026,5.78,5.9,5.69,5.855,2034000
GECC,08-Jul-2026,5.19,5.3109,5.1501,5.2,35700
GECCG,08-Jul-2026,24.95,25.05,24.95,24.96,3800
GECCH,08-Jul-2026,25.04,25.08,25.03,25.03,1700
GEG,08-Jul-2026,2.15,2.21,2.15,2.21,10700
GEGGL,08-Jul-2026,24.78,24.78,24.5,24.5,1100
GEHC,08-Jul-2026,65.24,65.48,63.7,64.68,4039100
GELS,08-Jul-2026,0.58,0.6052,0.5453,0.5597,46600
GEME,08-Jul-2026,41.56,42.1,41.43,42.018,36400
GEMG,08-Jul-2026,7.8001,8.1272,7.3,8.1272,2700
GEMI,08-Jul-2026,4.07,4.22,3.965,4.22,1015600
GEN,08-Jul-2026,26.76,26.77,25.795,25.81,3807300
GENB,08-Jul-2026,15.73,16.28,15.61,15.87,804300
GENK,08-Jul-2026,2.03,2.03,1.96,1.96,14200
GENVR,08-Jul-2026,1.33,1.55,1.33,1.55,5400
GENZ,08-Jul-2026,38.75,38.75,38.1301,38.2825,700
GEOS,08-Jul-2026,6.71,7.1698,6.67,6.9,127300
GEQ,08-Jul-2026,50.9309,50.9309,50.9309,50.9309,100
GERN,08-Jul-2026,1.47,1.56,1.46,1.56,13532800
GEVG,08-Jul-2026,30.07,32.105,29.58,30.05,47400
GEVO,08-Jul-2026,1.43,1.5,1.43,1.48,2362000
GEW,08-Jul-2026,54.7204,54.7204,54.7204,54.7204,100
GFAI,08-Jul-2026,0.385,0.3984,0.3801,0.397,406300
GFGF,08-Jul-2026,35.89,35.9841,35.89,35.9841,600
GFLW,08-Jul-2026,32.5,32.9703,32.385,32.94,153300
GFS,08-Jul-2026,65.62,68.315,65.5101,67.97,2354900
GFUZ,08-Jul-2026,8.15,8.52,7.7701,7.9,123800
GFUZW,08-Jul-2026,1.5,1.54,1.3,1.5,12900
GGAL,08-Jul-2026,50.13,51.46,49.99,50.25,1485600
GGLL,08-Jul-2026,118.945,120.26,113.875,116.23,783400
GGLS,08-Jul-2026,5.61,5.715,5.59,5.66,9503400
GGR,08-Jul-2026,3.87,4.05,3.83,3.83,2900
GGRP,08-Jul-2026,0.767,0.819,0.7353,0.767,75300
GH,08-Jul-2026,159.29,160.9,155.75,156.17,3335400
GHRS,08-Jul-2026,26.71,27.2,26.0001,26.85,186200
GHXIU,08-Jul-2026,10.135,10.15,10.135,10.15,2000
GIBO,08-Jul-2026,25,25.01,25,25.01,900
GIEQ,08-Jul-2026,41.0542,41.0542,41.0542,41.0542,100
GIFT,08-Jul-2026,0.96,1,0.95,0.96,35600
GIGM,08-Jul-2026,1.4,1.46,1.4,1.46,500
GIII,08-Jul-2026,33.77,34.175,33.31,33.8,698500
GILD,08-Jul-2026,136.58,137.7,134,135.82,8454100
GILT,08-Jul-2026,12.27,12.48,11.98,12.21,392500
GIND,08-Jul-2026,23.92,23.99,23.795,23.925,11000
GINX,08-Jul-2026,35.12,35.12,34.9499,35.022,3900
GIPR,08-Jul-2026,0.124,0.1269,0.1116,0.1226,3661500
GITS,08-Jul-2026,2.01,2.07,1.88,1.98,18600
GIW,08-Jul-2026,10.105,10.105,10.08,10.09,54600
GIWWR,08-Jul-2026,0.2813,0.2813,0.2813,0.2813,200
GIX,08-Jul-2026,9.95,9.95,9.93,9.94,27800
GKAT,08-Jul-2026,43.42,43.63,43.27,43.5505,4100
GLAD,08-Jul-2026,19.22,19.52,19.11,19.4,130800
GLBE,08-Jul-2026,36.49,36.82,35.4,35.98,1102700
GLBS,08-Jul-2026,2.81,2.87,2.68,2.72,143600
GLCR,08-Jul-2026,23.2799,23.385,23.21,23.385,400
GLDB,08-Jul-2026,19.43,19.48,19.18,19.4494,10100
GLDI,08-Jul-2026,142.72,143.53,140.7,143.0184,63600
GLE,08-Jul-2026,0.43,0.445,0.4087,0.4203,272200
GLGG,08-Jul-2026,5.85,6.31,5.65,6.3029,221300
GLIBA,08-Jul-2026,22.64,23.22,21.9,22.95,62800
GLIBK,08-Jul-2026,22.18,22.9699,22.028,22.73,771900
GLMD,08-Jul-2026,0.5633,0.57,0.5421,0.57,41800
GLND,08-Jul-2026,2.13,2.22,2.03,2.16,976300
GLNDW,08-Jul-2026,0.7859,0.7859,0.7,0.755,47900
GLNG,08-Jul-2026,51.1,52.11,50.54,51.47,929200
GLOO,08-Jul-2026,3.8,4.13,3.68,3.98,301400
GLOW,08-Jul-2026,34.33,34.37,34.13,34.3606,38900
GLPI,08-Jul-2026,44,44.13,42.795,42.91,7282400
GLRE,08-Jul-2026,16.52,16.8,16.38,16.67,223400
GLSI,08-Jul-2026,18.36,19.02,17.96,18.87,169400
GLUE,08-Jul-2026,23.99,24.415,23.23,24.06,1780400
GLWG,08-Jul-2026,22.5,23.57,21.61,22.45,1044100
GLXG,08-Jul-2026,1.29,1.3374,1.25,1.29,55000
GLXY,08-Jul-2026,23.99,24.94,23.502,24.86,8233600
GMAB,08-Jul-2026,28.84,29.59,28.82,29.54,2737500
GMEX,08-Jul-2026,2.49,2.51,2.23,2.26,193300
GMHS,08-Jul-2026,0.9648,0.995,0.9127,0.9127,39500
GMM,08-Jul-2026,1.87,1.99,1.8,1.85,87100
GNLN,08-Jul-2026,2.34,2.43,2.3201,2.43,17800
GNLX,08-Jul-2026,2.97,3.01,2.86,2.96,179400
GNMA,08-Jul-2026,43.8,44.233,43.7258,43.8325,11200
GNOM,08-Jul-2026,57.13,57.82,56.461,57.3441,22700
GNPX,08-Jul-2026,0.5801,0.585,0.53,0.5639,211400
GNSS,08-Jul-2026,1.67,1.89,1.6507,1.88,454800
GNTA,08-Jul-2026,1.57,1.58,1.51,1.53,57200
GNTX,08-Jul-2026,23.75,23.96,22.535,23.36,3909200
GO,08-Jul-2026,10.19,10.315,10.07,10.24,1775000
GOAI,08-Jul-2026,2.49,2.63,2.34,2.63,38400
GOGO,08-Jul-2026,3.49,3.595,3.45,3.55,1724000
GOLI,08-Jul-2026,12.68,12.68,12.5,12.67,41400
GOOD,08-Jul-2026,12.5,12.6018,12.43,12.49,464500
GOODN,08-Jul-2026,22.46,22.46,22.32,22.44,3300
GOODO,08-Jul-2026,19.99,20,19.89,19.975,1700
GOOG,08-Jul-2026,362.21,364.98,354.7,358.71,14710400
GOOGL,08-Jul-2026,364.76,367.84,358.02,361.92,22094700
GOOGM,08-Jul-2026,51.39,51.54,50.53,50.96,515100
GOOGN,08-Jul-2026,50.97,51.39,50.13,50.61,605100
GOSS,08-Jul-2026,0.1749,0.1769,0.166,0.169,17800300
GOU,08-Jul-2026,29.94,30.23,28.8,29.386,66300
GOVI,08-Jul-2026,26.8,26.83,26.735,26.795,459700
GOVX,08-Jul-2026,1.17,1.19,1.13,1.16,253500
GP,08-Jul-2026,1.47,1.49,1.26,1.42,335900
GPAC,08-Jul-2026,10,10.01,10,10,8500
GPACW,08-Jul-2026,0.2944,0.3,0.2944,0.3,1200
GPAT,08-Jul-2026,10.87,10.87,10.87,10.87,23700
GPCR,08-Jul-2026,55.76,56.34,52.9,54.89,858000
GPIQ,08-Jul-2026,56.62,57.14,56.28,57.09,1510500
GPIX,08-Jul-2026,55.02,55.15,54.71,55.11,952000
GPRE,08-Jul-2026,15.86,16.805,15.785,16.63,1264800
GPRF,08-Jul-2026,50.11,50.11,49.74,49.9171,540400
GPRO,08-Jul-2026,0.7,0.7363,0.7,0.7307,6089100
GPT,08-Jul-2026,33.29,33.5665,33.29,33.5665,500
GQQQ,08-Jul-2026,34.94,35.2077,34.775,35.2077,29500
GRAB,08-Jul-2026,3.92,4,3.8,3.81,42320400
GRABW,08-Jul-2026,0.0404,0.0404,0.04,0.0401,1200
GRAG,08-Jul-2026,7.54,7.59,6.97,7.015,20600
GRAL,08-Jul-2026,66.21,70.43,66,70.14,835100
GRAN,08-Jul-2026,1.47,1.5,1.25,1.28,18700
GRCE,08-Jul-2026,2.5,2.56,2.425,2.49,109500
GRDX,08-Jul-2026,4.24,4.43,4.02,4.3,49900
GREE,08-Jul-2026,1.94,2.12,1.9,2.07,539100
GREEL,08-Jul-2026,23.3,23.4196,23.1,23.1,800
GRFS,08-Jul-2026,7.09,7.315,7.08,7.31,423600
GRI,08-Jul-2026,1.8193,1.8193,1.75,1.77,19100
GRID,08-Jul-2026,179.82,182.75,179.28,182.52,965600
GRIN,08-Jul-2026,32.12,32.3797,32.12,32.3797,47900
GRML,08-Jul-2026,0.226,0.2362,0.2153,0.2295,2226800
GRMLW,08-Jul-2026,0.21,0.21,0.2001,0.202,5800
GRNQ,08-Jul-2026,1.39,1.45,1.37,1.37,2500
GROW,08-Jul-2026,3,3,2.925,2.99,23900
GRPN,08-Jul-2026,26.5,26.545,24.72,25.53,1793200
GRRR,08-Jul-2026,17.16,17.72,16.7,17.51,759000
GRRRW,08-Jul-2026,0.29,0.3,0.29,0.3,3800
GRVY,08-Jul-2026,63,63.5299,61.8,63.23,19300
GRW,08-Jul-2026,31.9,31.9,31.58,31.7772,10500
GRWG,08-Jul-2026,1.47,1.5099,1.46,1.5,201600
GSAT,08-Jul-2026,79.82,79.96,79.25,79.845,1039200
GSBC,08-Jul-2026,77.36,77.36,75.74,76.58,80500
GSGO,08-Jul-2026,43.57,43.94,43.36,43.94,8800
GSHD,08-Jul-2026,55.46,57.52,53.55,56.9,1105100
GSHRW,08-Jul-2026,0.3038,0.3038,0.3038,0.3038,1300
GSIB,08-Jul-2026,60.545,60.87,60.3988,60.7754,5200
GSIT,08-Jul-2026,6.25,6.59,6.15,6.55,817200
GSIW,08-Jul-2026,32.35,32.35,27.2,28.01,36400
GSM,08-Jul-2026,3.38,3.505,3.225,3.32,6259700
GSRF,08-Jul-2026,10.17,10.17,10.17,10.17,104400
GSRFR,08-Jul-2026,2.1,2.47,1.9,2.4,14800
GSRV,08-Jul-2026,9.89,9.89,9.84,9.85,304800
GSRVR,08-Jul-2026,1.4,1.8,1.3,1.67,87200
GSRVU,08-Jul-2026,10.06,10.06,10.055,10.06,12400
GSUN,08-Jul-2026,0.3327,0.385,0.3219,0.3755,436400
GT,08-Jul-2026,6.9,6.9,6.385,6.5,11745600
GTBP,08-Jul-2026,0.4516,0.4716,0.442,0.4676,653100
GTEC,08-Jul-2026,0.55,0.57,0.5301,0.5395,15100
GTEN,08-Jul-2026,10.5,10.54,10.47,10.54,25600
GTERR,08-Jul-2026,0.0901,0.1,0.0901,0.1,600
GTIM,08-Jul-2026,1.45,1.45,1.3901,1.42,19800
GTLB,08-Jul-2026,31.89,32.76,31.57,31.74,3147100
GTM,08-Jul-2026,2.95,3.01,2.87,2.92,10696700
GTOP,08-Jul-2026,47.74,48.29,47.525,48.29,12400
GTOQ,08-Jul-2026,22.32,22.34,22.32,22.34,600
GTPE,08-Jul-2026,60.22,60.2527,60.22,60.2527,1200
GTR,08-Jul-2026,26.975,27.0809,26.96,27.0809,4800
GTX,08-Jul-2026,32.32,32.57,31.1737,31.88,2153600
GUAC,08-Jul-2026,9.92,9.95,9.9,9.95,1300
GUACU,08-Jul-2026,10.18,10.19,10.18,10.1812,800
GUACW,08-Jul-2026,0.74,0.75,0.65,0.74,175100
GURE,08-Jul-2026,3.53,3.88,3.41,3.7903,8700
GUSE,08-Jul-2026,44.56,44.9134,44.54,44.9134,1600
GUTS,08-Jul-2026,0.798,0.798,0.755,0.7621,775000
GV,08-Jul-2026,0.195,0.195,0.1841,0.1912,75300
GVH,08-Jul-2026,3.72,4.34,3.59,4.18,87200
GVLE,08-Jul-2026,46.88,46.88,46.67,46.7318,1800
GWAV,08-Jul-2026,2.96,3.0799,2.87,2.92,8200
GWRS,08-Jul-2026,7.12,7.12,6.93,6.95,104100
GXAI,08-Jul-2026,1.1,1.135,1.095,1.12,144400
GXDW,08-Jul-2026,24.6,24.72,24.12,24.7158,11000
GYRE,08-Jul-2026,6.88,6.98,6.67,6.86,112600
HACQ,08-Jul-2026,10.05,10.05,10.05,10.05,55000
HAFC,08-Jul-2026,32.13,32.13,31.45,31.6,201100
HAIN,08-Jul-2026,0.571,0.5938,0.56,0.56,893900
HALO,08-Jul-2026,79.96,80.845,78.67,80.37,2487000
HAO,08-Jul-2026,1.03,1.09,1,1.05,102700
HAPN,08-Jul-2026,19.28,19.34,18.58,18.78,1608900
HAS,08-Jul-2026,76.41,76.41,75.19,75.86,1887200
HAVAR,08-Jul-2026,0.11,0.1201,0.11,0.1164,19300
HBAN,08-Jul-2026,17.9,17.95,17.295,17.46,25799200
HBANL,08-Jul-2026,25.03,25.03,24.9,24.98,17400
HBANM,08-Jul-2026,20.67,20.69,20.6,20.64,23300
HBANP,08-Jul-2026,16.18,16.2099,16.01,16.12,44300
HBANZ,08-Jul-2026,19.7,19.72,19.65,19.72,5500
HBCP,08-Jul-2026,68.58,69.1,66.66,67.08,56200
HBDC,08-Jul-2026,24.71,24.715,24.71,24.715,300
HBIO,08-Jul-2026,6.49,6.52,6.28,6.28,7400
HBNB,08-Jul-2026,5.85,5.9,5.55,5.55,10000
HBNC,08-Jul-2026,19.61,19.61,19.19,19.3,560400
HBR,08-Jul-2026,9.45,9.55,9.401,9.5,35300
HBT,08-Jul-2026,32.17,32.17,31.53,31.66,145300
HCAC,08-Jul-2026,10.055,10.055,10.05,10.05,5500
HCACR,08-Jul-2026,0.31,0.32,0.3,0.3,33800
HCACU,08-Jul-2026,10.35,10.35,10.35,10.35,19200
HCAI,08-Jul-2026,8.38,8.49,7.7,8.04,111000
HCAT,08-Jul-2026,2.22,2.23,2.12,2.2,789800
HCIC,08-Jul-2026,9.95,9.97,9.94,9.94,6000
HCICR,08-Jul-2026,0.1802,0.19,0.1763,0.1825,3700
HCICU,08-Jul-2026,10.13,10.25,10.1,10.22,10700
HCKT,08-Jul-2026,10.68,10.68,10.035,10.06,269700
HCM,08-Jul-2026,11.26,11.26,11.01,11.12,41600
HCMA,08-Jul-2026,10.28,10.323,10.28,10.323,400
HCMAU,08-Jul-2026,10.47,10.47,10.47,10.47,100
HCOW,08-Jul-2026,23.81,23.85,23.74,23.8075,2400
HCSG,08-Jul-2026,24.49,24.965,23.8,23.89,747600
HCTI,08-Jul-2026,1.82,1.82,1.67,1.7,92300
HCWB,08-Jul-2026,4.47,4.53,4.31,4.43,20300
HDL,08-Jul-2026,12.33,12.33,12.33,12.33,400
HDRN,08-Jul-2026,1.99,2,1.9,1.92,46000
HDRNW,08-Jul-2026,0.1305,0.1305,0.115,0.116,42100
HDSN,08-Jul-2026,6.32,6.49,6.165,6.44,967400
HEAL,08-Jul-2026,28.88,28.97,28.5,28.595,4700
HECO,08-Jul-2026,65.1081,65.1081,65.1081,65.1081,100
HELE,08-Jul-2026,26.69,28.16,25.134,25.175,1274600
HELP,08-Jul-2026,5.91,6.25,5.8,6.23,1068200
HEPS,08-Jul-2026,2.93,2.98,2.9,2.97,69100
HEQQ,08-Jul-2026,60.4842,60.4842,60.4842,60.4842,100
HERD,08-Jul-2026,47.775,47.775,47.61,47.685,14000
HERE,08-Jul-2026,1.93,2.02,1.89,1.96,140900
HERO,08-Jul-2026,25.59,25.6649,25.39,25.58,14900
HERZ,08-Jul-2026,17.59,17.8,16.26,16.91,74800
HFFG,08-Jul-2026,1.9,1.9,1.66,1.74,110100
HFSP,08-Jul-2026,13.87,13.87,13.87,13.87,100
HFWA,08-Jul-2026,29.32,29.745,28.54,28.7,255000
HGBL,08-Jul-2026,1.23,1.23,1.22,1.22,12600
HHS,08-Jul-2026,2.4,2.4,2.28,2.28,2100
HIDE,08-Jul-2026,24.19,24.19,24.07,24.1,30900
HIFS,08-Jul-2026,295.67,298.32,284.02,288.21,26300
HIHO,08-Jul-2026,0.831,0.8663,0.8222,0.8311,13600
HIMX,08-Jul-2026,13.9,14.98,13.79,14.9,2826500
HIMZ,08-Jul-2026,49.92,53.1,46.92,52.25,212000
HIND,08-Jul-2026,2.22,2.22,2.1,2.13,21100
HIS,08-Jul-2026,25.1889,25.2608,25.11,25.2608,13700
HISF,08-Jul-2026,44.14,44.15,44.02,44.15,4900
HIT,08-Jul-2026,1.02,1.07,1.0001,1.06,57900
HITI,08-Jul-2026,2.23,2.24,2.205,2.23,259900
HIVE,08-Jul-2026,3.11,3.26,3.11,3.24,13340400
HKIT,08-Jul-2026,3.89,4.5,3.89,4.27,109800
HKPD,08-Jul-2026,0.439,0.4654,0.43,0.43,13300
HLAL,08-Jul-2026,70.33,70.89,69.99,70.83,39900
HLIT,08-Jul-2026,13.26,13.76,13.17,13.73,1583100
HLMN,08-Jul-2026,7.68,7.71,7.545,7.66,1270100
HLNE,08-Jul-2026,79.85,80.6,78.72,78.96,582800
HLP,08-Jul-2026,0.8556,1.0293,0.8057,0.935,1192800
HMH,08-Jul-2026,18.87,19.545,18.53,19.33,131500
HMR,08-Jul-2026,1.1,1.15,1.07,1.09,112200
HMYY,08-Jul-2026,6.88,6.9,6.8409,6.8906,4900
HNDL,08-Jul-2026,22.82,22.82,22.7,22.7628,23900
HNNA,08-Jul-2026,10.14,10.27,10.03,10.19,1800
HNRG,08-Jul-2026,15.42,16.33,15.42,16.09,911500
HNST,08-Jul-2026,3.89,3.91,3.8,3.9,986100
HNVR,08-Jul-2026,22.995,23.06,22.425,22.61,46200
HODO,08-Jul-2026,1.73,1.9,1.55,1.56,154700
HODU,08-Jul-2026,14.92,15.8099,14.45,15.6597,157000
HOFT,08-Jul-2026,15.48,15.54,15.01,15.01,46600
HOLO,08-Jul-2026,1.51,1.54,1.48,1.53,250500
HON,08-Jul-2026,223,223.06,218.7,220.36,4323000
HONA,08-Jul-2026,230.59,235.95,223.025,224.35,4156700
HOOD,08-Jul-2026,110.86,114.13,108.89,113.53,18287200
HOOG,08-Jul-2026,36.19,38.36,34.9,38.046,380800
HOOX,08-Jul-2026,40.78,43.37,39.5,42.9891,105800
HOPE,08-Jul-2026,13.28,13.28,13,13.13,1783600
HOUR,08-Jul-2026,1.9,2.16,1.86,2.0355,207700
HOVNP,08-Jul-2026,20.2,20.5069,20.2,20.3599,5000
HOVR,08-Jul-2026,1.75,1.78,1.68,1.68,1376500
HOVRW,08-Jul-2026,0.3888,0.3888,0.3645,0.3849,26600
HOWL,08-Jul-2026,0.32,0.3613,0.32,0.3598,590900
HOYY,08-Jul-2026,5.71,5.725,5.68,5.7154,9500
HPAI,08-Jul-2026,0.67,0.71,0.65,0.6561,43400
HPK,08-Jul-2026,6.9,7.59,6.89,7.44,1105100
HQ,08-Jul-2026,23,25.8799,22.9,23.76,409000
HQGO,08-Jul-2026,65.3634,65.3634,65.3634,65.3634,200
HQI,08-Jul-2026,12.42,12.42,12.29,12.29,3500
HQWWW,08-Jul-2026,12.42,14.1,11.99,11.99,41800
HQY,08-Jul-2026,96.98,96.98,94.37,94.73,711700
HRMY,08-Jul-2026,37.96,38.54,37.48,38.08,833700
HROW,08-Jul-2026,45.58,45.99,44,45.07,534000
HRTS,08-Jul-2026,37.19,37.19,37.08,37.1475,1600
HRTX,08-Jul-2026,0.425,0.4455,0.4229,0.4455,3346600
HRZN,08-Jul-2026,4.6,4.655,4.56,4.65,334100
HSAI,08-Jul-2026,16.42,16.6799,16.185,16.37,2207700
HSCS,08-Jul-2026,2.87,2.9097,2.6501,2.73,34000
HSDT,08-Jul-2026,1.8,1.81,1.68,1.68,191600
HSIC,08-Jul-2026,86.84,87.06,83.04,83.22,1514200
HST,08-Jul-2026,23.42,23.42,22.635,22.76,6760900
HSTM,08-Jul-2026,28.35,28.88,28.11,28.18,180700
HTCO,08-Jul-2026,3.65,3.65,3.2,3.44,196400
HTCR,08-Jul-2026,3.1999,3.1999,2.97,2.98,46900
HTFL,08-Jul-2026,27.31,27.65,25.8,26.15,1280800
HTHT,08-Jul-2026,42.27,42.48,41.82,41.86,843600
HTLD,08-Jul-2026,14.87,15.11,14.7,14.89,382100
HTLM,08-Jul-2026,1.995,1.995,1.9,1.94,7000
HTO,08-Jul-2026,61.96,62,61.27,61.33,350300
HTOO,08-Jul-2026,2.63,2.725,2.58,2.59,5200
HTZ,08-Jul-2026,2.06,2.06,1.93,1.97,26218800
HTZWW,08-Jul-2026,0.95,0.98,0.9,0.9001,217500
HUBC,08-Jul-2026,1.32,1.5401,1.28,1.4,448600
HUBCW,08-Jul-2026,0.014,0.0145,0.0135,0.0136,37800
HUBCZ,08-Jul-2026,0.0207,0.0207,0.0178,0.0207,11800
HUBG,08-Jul-2026,46.05,46.38,44.89,45.76,684700
HUDI,08-Jul-2026,0.86,0.97,0.801,0.94,195900
HUHU,08-Jul-2026,7.705,7.705,6.86,6.86,33300
HUIZ,08-Jul-2026,1.12,1.17,1.12,1.17,3300
HUMA,08-Jul-2026,0.7528,0.7697,0.715,0.7332,7022400
HUMAW,08-Jul-2026,0.0095,0.01,0.0095,0.0099,5800
HURA,08-Jul-2026,2.24,2.3,2.15,2.28,451300
HURC,08-Jul-2026,22.01,22.67,21.75,21.81,38400
HURN,08-Jul-2026,104.95,105.75,102.98,103.01,146400
HUT,08-Jul-2026,95.29,106.39,94.49,106.11,3444400
HUTG,08-Jul-2026,20.08,25.09,20.06,25.0231,105700
HVII,08-Jul-2026,10.45,10.45,10.43,10.43,25000
HVIIR,08-Jul-2026,0.38,0.42,0.3262,0.42,1300
HVMC,08-Jul-2026,10.17,10.17,10.15,10.165,5900
HVMCW,08-Jul-2026,0.3491,0.35,0.3076,0.35,5200
HWAY,08-Jul-2026,37.265,37.265,37.265,37.265,100
HWBK,08-Jul-2026,37.09,37.89,37.09,37.69,8500
HWC,08-Jul-2026,74.725,74.885,73.03,73.74,1170600
HWCPZ,08-Jul-2026,21.86,21.94,21.84,21.88,8100
HWH,08-Jul-2026,1.19,1.245,1.13,1.2,88500
HWKN,08-Jul-2026,136.27,137.85,132.05,132.3,239900
HWSM,08-Jul-2026,30.4683,30.4683,30.4683,30.4683,100
HXHX,08-Jul-2026,0.4606,0.517,0.4606,0.5169,26900
HYBI,08-Jul-2026,49.32,49.35,49.2712,49.3498,9400
HYDR,08-Jul-2026,46.23,47,45.48,46.4,46100
HYFM,08-Jul-2026,0.906,0.93,0.85,0.868,57500
HYFT,08-Jul-2026,1.51,1.51,1.4,1.44,355700
HYLS,08-Jul-2026,40.77,40.77,40.63,40.75,484900
HYMC,08-Jul-2026,21.01,21.48,19.7,20.79,1800100
HYNE,08-Jul-2026,16.7,16.7,16.535,16.56,5300
HYP,08-Jul-2026,28.2,28.31,27.68,28.272,12400
HYPD,08-Jul-2026,2.83,2.97,2.81,2.97,304900
HYPG,08-Jul-2026,23.91,24.16,23.63,23.8,118100
HYPR,08-Jul-2026,1.21,1.235,1.08,1.115,2406400
HYXF,08-Jul-2026,46.44,46.57,46.4,46.47,5700
HYZD,08-Jul-2026,22.56,22.6,22.54,22.5656,512800
IACO,08-Jul-2026,9.94,9.94,9.94,9.94,800
IACOU,08-Jul-2026,10.04,10.04,10.04,10.04,500
IACOW,08-Jul-2026,0.37,0.4,0.35,0.35,500
IACQ,08-Jul-2026,9.99,9.99,9.97,9.98,75900
IACQU,08-Jul-2026,10.15,10.15,10.15,10.15,200
IACQW,08-Jul-2026,0.67,0.67,0.67,0.67,10000
IALT,08-Jul-2026,28.07,28.1571,27.96,28.07,1384300
IART,08-Jul-2026,17.2,17.565,17.1,17.3,702300
IBAC,08-Jul-2026,10.83,10.83,10.75,10.79,6900
IBAT,08-Jul-2026,40.83,41,40.11,40.8298,12500
IBB,08-Jul-2026,196.94,197.805,194.4,196.34,1961800
IBBQ,08-Jul-2026,34.06,34.06,33.46,33.82,41200
IBCP,08-Jul-2026,35.56,35.9508,35.03,35.13,189500
IBEX,08-Jul-2026,32.95,33.02,31.83,32.87,69200
IBG,08-Jul-2026,1.07,1.175,1.0386,1.15,141500
IBGA,08-Jul-2026,23.86,23.9582,23.86,23.9282,12700
IBGB,08-Jul-2026,23.82,23.87,23.82,23.865,10000
IBGC,08-Jul-2026,24.47,24.49,24.4579,24.49,800
IBGK,08-Jul-2026,22.8099,22.82,22.8099,22.8121,400
IBGL,08-Jul-2026,23.45,23.465,23.39,23.4515,3200
IBGM,08-Jul-2026,24.3774,24.3774,24.3774,24.3774,100
IBIO,08-Jul-2026,1.57,1.62,1.5,1.52,1499000
IBIT,08-Jul-2026,34.99,35.315,34.81,35.23,33708800
IBKR,08-Jul-2026,92.79,94.11,92.19,93.4,3444100
IBOC,08-Jul-2026,75.94,75.94,74.39,74.61,407500
IBOT,08-Jul-2026,63.83,64.4817,63.6166,64.4817,13400
IBRX,08-Jul-2026,8.72,9.205,8.61,8.8,9756600
IBTG,08-Jul-2026,22.85,22.85,22.84,22.85,495700
IBTH,08-Jul-2026,22.31,22.32,22.31,22.32,780000
IBTI,08-Jul-2026,22.065,22.065,22.05,22.06,922500
IBTJ,08-Jul-2026,21.55,21.55,21.53,21.55,844000
IBTK,08-Jul-2026,19.42,19.43,19.4,19.415,537500
IBTL,08-Jul-2026,20.03,20.04,20.0101,20.035,237000
IBTM,08-Jul-2026,22.51,22.52,22.47,22.51,115700
IBTO,08-Jul-2026,23.9,23.91,23.855,23.9,67300
IBTP,08-Jul-2026,25.13,25.1385,25.075,25.115,60200
IBTQ,08-Jul-2026,24.8,24.81,24.75,24.7884,44600
IBTR,08-Jul-2026,24.6,24.6,24.555,24.592,7700
ICCC,08-Jul-2026,10.49,10.7,10.395,10.63,42000
ICCM,08-Jul-2026,4.11,4.28,4.05,4.09,93900
ICFI,08-Jul-2026,76.41,80.65,76.16,77.54,364000
ICG,08-Jul-2026,0.9791,0.9791,0.9001,0.902,27300
ICHR,08-Jul-2026,83.76,89.3299,81.61,88.81,1722900
ICLN,08-Jul-2026,19.03,19.24,18.705,19.05,5024400
ICLR,08-Jul-2026,166.88,167.955,162.06,165.47,653700
ICMB,08-Jul-2026,0.94,0.94,0.8925,0.8925,63700
ICON,08-Jul-2026,0.88,0.94,0.8565,0.94,88400
ICOP,08-Jul-2026,46.58,46.8287,45.35,46.603,84500
ICU,08-Jul-2026,4.96,5.38,4.82,5.08,108500
ICUCW,08-Jul-2026,0.0203,0.0302,0.02,0.03,88500
ICUI,08-Jul-2026,152.95,153.56,150.9001,151.89,211300
IDAC,08-Jul-2026,9.95,9.95,9.94,9.94,44000
IDACU,08-Jul-2026,10.11,10.1117,10.09,10.1,73600
IDACW,08-Jul-2026,0.3701,0.39,0.3406,0.36,181800
IDAI,08-Jul-2026,2.1,2.23,2.01,2.12,20800
IDCC,08-Jul-2026,274.49,281.875,264.445,267.76,372500
IDEF,08-Jul-2026,32.34,32.4199,31.95,32.28,684900
IDN,08-Jul-2026,4.2,4.24,4.15,4.17,207000
IDVY,08-Jul-2026,25.8883,25.8883,25.8883,25.8883,100
IDXX,08-Jul-2026,562.82,562.82,549.415,555.67,578500
IDYA,08-Jul-2026,39.88,40.095,37.65,37.96,1437600
IEAG,08-Jul-2026,10.25,10.26,10.18,10.26,108900
IEAGR,08-Jul-2026,0.22,0.22,0.22,0.22,10000
IEAGU,08-Jul-2026,10.4,10.4,10.4,10.4,100
IEF,08-Jul-2026,93.53,93.59,93.355,93.51,5509600
IEI,08-Jul-2026,116.67,116.71,116.5301,116.68,1038400
IEP,08-Jul-2026,7.32,7.33,7.225,7.32,1086800
IESC,08-Jul-2026,595.71,623.6,589.29,619.29,162300
IEUS,08-Jul-2026,69.25,69.5,68.92,68.92,21300
IFBD,08-Jul-2026,1.04,1.18,1.04,1.07,11300
IFGL,08-Jul-2026,22.29,22.36,22.24,22.36,32800
IFLO,08-Jul-2026,33.38,33.479,33.145,33.475,60800
IFRX,08-Jul-2026,2.1,2.22,1.995,2.16,1368300
IFV,08-Jul-2026,25.71,25.79,25.4645,25.775,56800
IGAC,08-Jul-2026,10.04,10.04,10.04,10.04,4300
IGACR,08-Jul-2026,0.17,0.17,0.1516,0.16,76800
IGACU,08-Jul-2026,10.22,10.22,10.18,10.18,300
IGF,08-Jul-2026,66.86,67.02,66.745,66.99,772300
IGIB,08-Jul-2026,52.65,52.67,52.54,52.64,3959000
IGIC,08-Jul-2026,28.32,28.4397,28.02,28.2,166500
IGOV,08-Jul-2026,40.54,40.67,40.47,40.66,267000
IGSB,08-Jul-2026,52.15,52.15,52.09,52.13,2491000
IHRT,08-Jul-2026,3.98,4.05,3.86,4.03,809100
III,08-Jul-2026,4.07,4.11,4.04,4.05,236300
IIIV,08-Jul-2026,21.2,21.48,20.59,20.63,284400
IJT,08-Jul-2026,173.42,174,171.72,172.88,180100
IKT,08-Jul-2026,2.04,2.1,1.975,2.07,1079800
ILAG,08-Jul-2026,3.93,3.93,3.77,3.77,6500
ILIT,08-Jul-2026,15.98,15.98,15,15.72,19500
ILLR,08-Jul-2026,2.37,2.58,2.22,2.41,438800
ILLRW,08-Jul-2026,0.0465,0.0466,0.0287,0.0375,48100
ILMN,08-Jul-2026,190.31,191.86,184.66,187.81,2650600
ILPT,08-Jul-2026,8.59,8.67,8.4301,8.57,520800
IMA,08-Jul-2026,5.7159,5.925,5.7159,5.925,1000
IMCC,08-Jul-2026,0.1552,0.1577,0.145,0.155,264900
IMCR,08-Jul-2026,32.91,33.8,32.645,33.78,469700
IMCV,08-Jul-2026,93.6,93.6,92.57,92.6682,21200
IMDX,08-Jul-2026,4.88,5.11,4.575,4.79,474200
IMKTA,08-Jul-2026,92.14,94,90.66,91.02,130000
IMMP,08-Jul-2026,0.43,0.44,0.42,0.4274,291300
IMMR,08-Jul-2026,6.47,6.71,6.3938,6.69,530700
IMMX,08-Jul-2026,11.65,12,10.71,11,2430400
IMNM,08-Jul-2026,24.17,24.87,23.66,24.01,2191900
IMNN,08-Jul-2026,1.95,2.14,1.95,2.06,43100
IMOM,08-Jul-2026,40.94,41.47,40.94,41.47,16400
IMOS,08-Jul-2026,65.2,68.23,65.2,68.07,71500
IMPP,08-Jul-2026,4.95,5.07,4.9101,5.07,236400
IMPPP,08-Jul-2026,25.81,26.1,25.81,26.025,1700
IMRN,08-Jul-2026,1.27,1.36,1.24,1.33,132100
IMRX,08-Jul-2026,5.16,5.56,5.0959,5.53,1587700
IMSR,08-Jul-2026,5.9,6.06,5.72,5.985,2018600
IMSRW,08-Jul-2026,2.52,2.61,2.52,2.595,2700
IMTE,08-Jul-2026,0.5,0.52,0.492,0.52,12200
IMTX,08-Jul-2026,10.71,10.8863,9.85,9.98,448700
IMUX,08-Jul-2026,15.26,15.44,14.48,14.77,134300
IMVT,08-Jul-2026,39.54,40.38,38.88,40.31,1174100
IMXI,08-Jul-2026,14.53,14.53,14.13,14.34,257300
INAB,08-Jul-2026,1.4,1.44,1.35,1.38,32200
INAC,08-Jul-2026,10.23,10.23,10.23,10.23,100
INACR,08-Jul-2026,0.14,0.14,0.14,0.14,4600
INBK,08-Jul-2026,27.445,27.445,26.22,26.51,19900
INBKZ,08-Jul-2026,25.235,25.27,25.195,25.195,500
INBS,08-Jul-2026,2.2,2.21,2.11,2.17,23900
INBX,08-Jul-2026,101,101.15,94.69,97.1,499700
INCR,08-Jul-2026,0.9501,0.975,0.9501,0.97,5100
INCY,08-Jul-2026,118.06,118.7717,116.41,117.26,1878400
IND,08-Jul-2026,22.8001,22.8499,22.8001,22.825,700
INDB,08-Jul-2026,84.28,84.28,81.89,82.27,330200
INDH,08-Jul-2026,39.0035,39.0035,39.0035,39.0035,100
INDI,08-Jul-2026,4.07,4.38,4.005,4.37,5435500
INDP,08-Jul-2026,2.59,2.59,2.4,2.45,156700
INDQ,08-Jul-2026,25.8631,25.8631,25.8631,25.8631,100
INDV,08-Jul-2026,40.8,41.6,40.14,40.89,1290500
INDY,08-Jul-2026,42.96,43.0101,42.7101,42.94,60700
INEO,08-Jul-2026,0.65,0.68,0.64,0.6596,13300
INGN,08-Jul-2026,6.48,6.53,6.29,6.49,231700
INIO,08-Jul-2026,33.8,34.46,32.4,33.54,4256100
INKT,08-Jul-2026,10.61,11,10.55,10.55,12200
INLF,08-Jul-2026,4.85,4.98,3.826,3.91,491800
INM,08-Jul-2026,1.63,1.6699,1.6,1.65,25400
INMB,08-Jul-2026,1.73,1.78,1.6512,1.72,727700
INMD,08-Jul-2026,14.46,14.54,14.4,14.46,450400
INNV,08-Jul-2026,11.58,11.63,11.3411,11.52,296600
INO,08-Jul-2026,1.2,1.24,1.1712,1.21,1564500
INOD,08-Jul-2026,68.21,71,67.05,69.02,954800
INRO,08-Jul-2026,35.8001,35.9759,35.8001,35.9759,2100
INSE,08-Jul-2026,7.39,7.45,7.1,7.12,107800
INSG,08-Jul-2026,8.04,8.3599,8,8.26,232900
INSM,08-Jul-2026,111.925,116.985,111.01,116.53,2835000
INTA,08-Jul-2026,27.61,28,27.09,27.17,782400
INTC,08-Jul-2026,108.3,110.49,104.41,110.24,105488000
INTG,08-Jul-2026,43.95,43.95,42.15,42.69,20300
INTJ,08-Jul-2026,3.52,3.54,3.3,3.54,29300
INTR,08-Jul-2026,5.47,5.575,5.46,5.57,3322000
INTS,08-Jul-2026,4.89,4.9999,4.7131,4.9,58300
INTU,08-Jul-2026,279.17,279.17,269.06,272.1,4290300
INTW,08-Jul-2026,29.7,30.83,27.4547,30.68,5209900
INTZ,08-Jul-2026,0.87,0.93,0.85,0.9,736500
INV,08-Jul-2026,4.39,4.62,4.34,4.53,1032300
INVA,08-Jul-2026,22.25,22.73,22.06,22.43,978600
INVE,08-Jul-2026,2.65,2.7,2.57,2.65,167500
INVZ,08-Jul-2026,0.6899,0.73,0.6757,0.6841,1651900
IONL,08-Jul-2026,18.4815,20.05,17.9362,19.11,570500
IONR,08-Jul-2026,4.16,4.33,4,4.11,66500
IONS,08-Jul-2026,85.56,86.74,83.92,84.46,2280800
IONX,08-Jul-2026,35.25,37.55,33.595,35.71,695700
IONZ,08-Jul-2026,3.6,3.6997,3.3169,3.485,16729900
IOSP,08-Jul-2026,81.27,81.3925,79.74,80.81,146500
IOTR,08-Jul-2026,3.55,3.8,3.09,3.54,25800600
IOVA,08-Jul-2026,4.33,4.48,4.19,4.28,10335100
IOYY,08-Jul-2026,7.77,7.79,7.74,7.76,38400
IPAR,08-Jul-2026,121.15,121.2,114.98,115.62,683800
IPCX,08-Jul-2026,10.35,10.35,10.34,10.34,20600
IPDN,08-Jul-2026,0.6006,0.6089,0.5801,0.5803,12100
IPEX,08-Jul-2026,10.53,10.53,10.52,10.52,8100
IPEXR,08-Jul-2026,0.63,0.63,0.63,0.63,300
IPFX,08-Jul-2026,10.26,10.315,10.26,10.26,10300
IPFXU,08-Jul-2026,10.95,10.95,10.95,10.95,200
IPFXW,08-Jul-2026,1.62,1.63,1.6106,1.63,3700
IPGP,08-Jul-2026,95.86,102.5,95.12,102.28,387900
IPHA,08-Jul-2026,1.82,1.85,1.8,1.84,5400
IPKW,08-Jul-2026,57.66,57.96,57.46,57.93,11800
IPM,08-Jul-2026,1.69,1.75,1.69,1.69,9500
IPSC,08-Jul-2026,2.395,2.445,2.28,2.43,1272600
IPST,08-Jul-2026,2.395,2.395,2.265,2.33,6300
IPVVU,08-Jul-2026,9.94,9.94,9.94,9.94,200
IPW,08-Jul-2026,1.69,1.73,1.56,1.57,209600
IPWR,08-Jul-2026,4.54,4.66,4.36,4.66,134800
IPX,08-Jul-2026,24.2,25.34,23.06,23.86,811600
IQ,08-Jul-2026,1.01,1.0777,1.01,1.05,5200700
IQMX,08-Jul-2026,12.7,12.89,11.2001,11.47,1073600
IQMXW,08-Jul-2026,4.57,4.62,3.6,4.25,73500
IQQQ,08-Jul-2026,48.33,48.67,47.95,48.67,56000
IQST,08-Jul-2026,1.05,1.05,0.9711,1.04,530100
IRD,08-Jul-2026,4.02,4.24,3.9825,4.1,772100
IRDM,08-Jul-2026,51,51.699,49.88,50.48,2465400
IREG,08-Jul-2026,9.84,11.0494,9.77,11.04,607700
IREN,08-Jul-2026,40.74,43.06,40.275,43.005,34990900
IRHO,08-Jul-2026,10.05,10.0526,10.05,10.05,9800
IRIX,08-Jul-2026,1.15,1.15,1.12,1.12,18800
IRMD,08-Jul-2026,99.2,101.07,95.12,96.31,275900
IRON,08-Jul-2026,78.79,80.22,77,80.06,538700
IRTC,08-Jul-2026,124.79,126.44,121.97,125.34,839800
IRWD,08-Jul-2026,4.68,4.875,4.59,4.77,4987300
ISBA,08-Jul-2026,40.05,40.24,39.13,39.215,22000
ISHG,08-Jul-2026,73.91,74.2129,73.8901,74.165,111900
ISHP,08-Jul-2026,34.1638,34.1638,34.1638,34.1638,100
ISNRU,08-Jul-2026,10,10.01,10,10.005,116000
ISPC,08-Jul-2026,2.4,2.4,2.26,2.29,40400
ISPR,08-Jul-2026,1.11,1.3,1.04,1.29,198800
ISRG,08-Jul-2026,427.3,428.47,414.59,415.1,1614800
ISSC,08-Jul-2026,18.15,18.535,18.04,18.31,240900
ISTB,08-Jul-2026,48.03,48.0369,47.98,48.02,930300
ISTM,08-Jul-2026,28.44,28.56,28.01,28.545,2800
ISTR,08-Jul-2026,29.1,29.23,28.655,28.71,203200
ISUL,08-Jul-2026,19.51,19.51,18.37,18.37,44100
ITG,08-Jul-2026,13.55,13.76,12.8,13.67,697600
ITIC,08-Jul-2026,277.1,279.99,273.42,273.45,38500
ITOC,08-Jul-2026,0.3101,0.3339,0.31,0.32,23300
ITRI,08-Jul-2026,83.46,84.23,82.495,84.05,573800
ITRN,08-Jul-2026,54.79,55.705,54.01,54.71,210100
IUS,08-Jul-2026,66.55,66.55,66.1801,66.33,20200
IUSB,08-Jul-2026,45.74,45.81,45.6544,45.73,3772400
IUSG,08-Jul-2026,184.6,186.47,183.95,186.2,369700
IUSV,08-Jul-2026,111.5,111.5,110.58,110.86,598100
IVA,08-Jul-2026,4.27,4.74,4.195,4.39,3403300
IVAL,08-Jul-2026,34.6924,34.82,34.54,34.815,5300
IVDA,08-Jul-2026,0.3,0.304,0.28,0.2954,491500
IVDAW,08-Jul-2026,0.045,0.045,0.0234,0.0277,15200
IVF,08-Jul-2026,1.33,1.385,1.255,1.28,205400
IVSI,08-Jul-2026,28.545,28.84,28.545,28.7845,2000
IVSS,08-Jul-2026,29.75,29.75,29.64,29.7246,1600
IVSX,08-Jul-2026,24.655,24.655,24.655,24.655,100
IVVD,08-Jul-2026,0.95,0.9505,0.803,0.83,4168400
IXHL,08-Jul-2026,3.64,3.655,3.3,3.38,468000
IXUS,08-Jul-2026,93.56,94.27,93.05,94.25,1730900
IZEA,08-Jul-2026,3.57,3.63,3.55,3.63,33200
IZM,08-Jul-2026,0.339,0.3456,0.285,0.313,115100
JABRU,08-Jul-2026,10.0462,10.05,10.04,10.045,32200
JACK,08-Jul-2026,15.22,15.335,13.78,14.42,1478300
JAGX,08-Jul-2026,2.66,2.66,2.34,2.41,33900
JAKK,08-Jul-2026,22.67,22.67,21.8,21.92,45100
JANX,08-Jul-2026,15.9,16.68,15.7,16.66,1365400
JAPN,08-Jul-2026,23.65,23.72,23.55,23.65,2900
JATT,08-Jul-2026,12,12.63,12,12,22900
JAZZ,08-Jul-2026,247.5,248.665,243.01,248.25,856400
JBDI,08-Jul-2026,1.19,1.2,1.13,1.13,13500
JBHT,08-Jul-2026,275.65,276.99,269.39,276.45,814700
JBIO,08-Jul-2026,22.3,23.36,21.9701,22.53,878500
JBLU,08-Jul-2026,5.52,5.66,5.39,5.58,22489900
JBSS,08-Jul-2026,88.32,88.32,86.58,86.67,85400
JCAP,08-Jul-2026,18.15,18.2,17.81,17.85,170800
JCSE,08-Jul-2026,1.2401,1.3102,1.2401,1.285,3000
JCTC,08-Jul-2026,2.48,2.54,2.46,2.48,21000
JD,08-Jul-2026,27.47,27.7299,27.265,27.63,12038300
JDOC,08-Jul-2026,61.35,61.47,61.35,61.4086,1500
JEM,08-Jul-2026,1.19,1.27,1,1.17,4425700
JEMA,08-Jul-2026,61.09,61.77,60.5825,61.77,51700
JEPQ,08-Jul-2026,59.01,59.515,58.645,59.45,6075100
JF,08-Jul-2026,0.992,1.01,0.9414,0.962,25500
JFB,08-Jul-2026,4.77,4.98,4.66,4.78,223400
JFIN,08-Jul-2026,2.94,3.05,2.9,2.97,39000
JFU,08-Jul-2026,2.65,2.65,2.4,2.47,700
JG,08-Jul-2026,4.39,4.51,4.3,4.43,17500
JGLO,08-Jul-2026,71.05,71.31,70.63,71.2697,182900
JHAI,08-Jul-2026,33.85,34.1228,33.65,34.1228,11300
JIVE,08-Jul-2026,92.31,92.763,91.64,92.68,313800
JJSF,08-Jul-2026,76.98,77.5,75.4701,75.99,222300
JKHY,08-Jul-2026,147.76,147.78,143.84,147.37,1897800
JL,08-Jul-2026,5.59,5.9524,5.51,5.53,12100
JLHL,08-Jul-2026,4.15,4.17,3.06,3.06,828600
JMID,08-Jul-2026,30.45,30.9017,30.45,30.9017,600
JMSB,08-Jul-2026,21.75,22.2,21.52,21.53,29900
JOUT,08-Jul-2026,43.62,43.7172,42.42,43.12,83800
JOYT,08-Jul-2026,57.011,57.1788,56.8001,57.1788,4000
JOYY,08-Jul-2026,70.04,70.53,69.36,70.28,227800
JPEF,08-Jul-2026,80.07,80.07,79.455,80.03,52700
JPFP,08-Jul-2026,48.79,49.06,48.77,48.9103,1200
JPY,08-Jul-2026,36.85,37.09,36.63,37.0805,6800
JRSH,08-Jul-2026,4.52,4.58,4.33,4.53,81900
JRVR,08-Jul-2026,4.56,4.665,4.485,4.59,235700
JSM,08-Jul-2026,17.86,17.87,17.57,17.6,17700
JSMD,08-Jul-2026,96.87,97.18,95.28,96.6575,178300
JSML,08-Jul-2026,89.79,90.47,89.0862,90.1178,105100
JSPR,08-Jul-2026,0.4816,0.5683,0.4351,0.5146,747900
JTAI,08-Jul-2026,5.56,5.6,5.25,5.36,69200
JTEK,08-Jul-2026,101.25,102.57,100.02,102.43,481400
JUNS,08-Jul-2026,0.2078,0.2099,0.1758,0.1928,3157500
JVA,08-Jul-2026,3.43,3.7236,3.43,3.56,177900
JWEL,08-Jul-2026,2,2.09,2,2.04,2500
JXG,08-Jul-2026,10.91,10.92,10.9001,10.9001,1200
JYD,08-Jul-2026,0.7598,0.84,0.755,0.7772,24100
JYNT,08-Jul-2026,9.1258,9.1258,8.795,8.93,103500
JZ,08-Jul-2026,3.2,3.3726,2.9701,3.2,78000
JZXN,08-Jul-2026,1.18,1.18,1.1106,1.18,63500
KALA,08-Jul-2026,1.51,1.51,1.3,1.39,156800
KALU,08-Jul-2026,169.19,173.25,165.16,168.89,259600
KARD,08-Jul-2026,23.83,23.83,21.68,22.22,653100
KARO,08-Jul-2026,56.83,57.8,55.23,57.73,89900
KAT,08-Jul-2026,55.3601,55.58,55.34,55.4607,6300
KAZR,08-Jul-2026,2.61,2.75,2.495,2.52,83300
KBAB,08-Jul-2026,6.66,7,6.54,6.8974,133100
KBDU,08-Jul-2026,20.5038,20.5038,20.5038,20.5038,100
KBON,08-Jul-2026,10.14,10.14,10.11,10.11,145900
KBONU,08-Jul-2026,10.29,10.29,10.25,10.25,205700
KBONW,08-Jul-2026,0.6001,0.6001,0.6,0.6,8700
KBSX,08-Jul-2026,0.95,1.0359,0.91,0.91,14300
KBWB,08-Jul-2026,95.495,95.6,93.25,93.77,3415100
KBWD,08-Jul-2026,12.27,12.28,12.1692,12.21,257100
KBWP,08-Jul-2026,133.46,134.47,133.0305,133.0305,20900
KBWY,08-Jul-2026,18.56,18.66,18.36,18.3843,158000
KC,08-Jul-2026,10.41,10.675,10.21,10.52,4720800
KCHV,08-Jul-2026,10.37,10.37,10.36,10.37,90500
KCHVR,08-Jul-2026,0.2,0.2198,0.1854,0.2095,29200
KDK,08-Jul-2026,5.07,5.14,5,5.09,610100
KDKRW,08-Jul-2026,0.76,0.8,0.7225,0.7999,19900
KDP,08-Jul-2026,31.5,31.57,30.78,30.97,11431400
KE,08-Jul-2026,24.33,25.05,24.13,24.56,243500
KEAT,08-Jul-2026,31.63,31.63,31.5,31.5144,35900
KEEL,08-Jul-2026,4.32,4.62,4.3,4.56,27737900
KELYA,08-Jul-2026,13.46,13.46,13.2,13.32,286400
KEQU,08-Jul-2026,36.12,36.93,35.975,36.31,5900
KEYY,08-Jul-2026,9.86,9.87,9.86,9.87,1137500
KEYYU,08-Jul-2026,10.11,10.21,10.0298,10.21,37500
KFII,08-Jul-2026,10.55,10.55,10.55,10.57,0
KFIIU,08-Jul-2026,10.65,10.65,10.65,10.65,100
KG,08-Jul-2026,10.345,10.385,9.9,10.125,11700
KGEI,08-Jul-2026,4.97,5.24,4.97,5.15,174600
KHC,08-Jul-2026,25.54,25.62,24.895,24.92,9660400
KIDS,08-Jul-2026,19.64,20.15,19.37,19.76,149900
KIDZ,08-Jul-2026,0.68,0.98,0.6719,0.83,9454300
KIDZW,08-Jul-2026,0.0122,0.0136,0.0122,0.0132,3700
KINS,08-Jul-2026,20.13,20.19,19.76,19.93,150700
KIQQ,08-Jul-2026,25.23,25.5245,25.23,25.5245,100
KITT,08-Jul-2026,1.08,1.1097,0.9801,1.04,342200
KITTW,08-Jul-2026,0.0199,0.0268,0.0191,0.0191,89900
KJD,08-Jul-2026,16.03,16.36,16.03,16.3409,3500
KLAC,08-Jul-2026,215.78,223.4,214.3,221.18,13082500
KLAG,08-Jul-2026,36.45,39.11,36.325,38.59,130500
KLIC,08-Jul-2026,105.27,108.32,101.395,104.23,1368200
KLRA,08-Jul-2026,21.75,22.335,20.31,21.76,812800
KLRS,08-Jul-2026,4.8849,4.915,4.475,4.71,64500
KLTR,08-Jul-2026,1.27,1.275,1.24,1.25,225300
KLXE,08-Jul-2026,2.53,2.64,2.371,2.51,168300
KMB,08-Jul-2026,113.89,113.89,110.96,110.98,3999900
KMDA,08-Jul-2026,7.29,7.34,7.2353,7.28,20200
KMLI,08-Jul-2026,9.38,9.465,9.0274,9.4534,49500
KMRK,08-Jul-2026,1.07,1.1,0.9853,1.05,100600
KMTS,08-Jul-2026,27.27,27.65,26.5,26.8,694800
KNDI,08-Jul-2026,0.7,0.75,0.68,0.7001,62900
KNGZ,08-Jul-2026,40.53,40.53,40.39,40.4396,3000
KNSA,08-Jul-2026,67.22,67.5,63.2614,64.76,1059900
KOD,08-Jul-2026,37.96,40.88,37.96,40.63,943400
KOID,08-Jul-2026,38.63,39.21,38.311,39.17,434900
KOPN,08-Jul-2026,3.75,3.99,3.725,3.94,2883600
KOSS,08-Jul-2026,3.89,3.95,3.79,3.82,20600
KOYN,08-Jul-2026,10.15,10.15,10.15,10.15,100
KPDD,08-Jul-2026,5.52,5.689,5.5,5.61,95100
KPLT,08-Jul-2026,7.29,7.61,7.205,7.34,5900
KPRX,08-Jul-2026,2.51,2.585,2.51,2.55,18600
KPTI,08-Jul-2026,10.02,10.86,9.9101,10.67,737300
KQQQ,08-Jul-2026,29.32,29.75,29.32,29.7391,25100
KRAQ,08-Jul-2026,10.02,10.02,10.02,10.02,100
KRAQW,08-Jul-2026,0.46,0.46,0.3575,0.4431,14500
KRKR,08-Jul-2026,2.61,2.6995,2.61,2.6899,2900
KRMA,08-Jul-2026,47.18,47.4112,47.125,47.4112,1400
KRMD,08-Jul-2026,4.58,4.6,4.43,4.43,101900
KRNT,08-Jul-2026,15.29,15.405,14.86,15.37,107600
KRNY,08-Jul-2026,9.29,9.32,9.045,9.11,540800
KROP,08-Jul-2026,34.64,34.8809,34.42,34.8809,3000
KROS,08-Jul-2026,11.54,11.83,11.26,11.67,302600
KRRO,08-Jul-2026,14.29,15.2,14.095,14.72,199800
KRT,08-Jul-2026,34.09,34.1,33.33,33.38,115300
KRUS,08-Jul-2026,47.06,54.39,47.055,53.32,948300
KRYS,08-Jul-2026,368.6,375.51,364.52,375.4,234200
KSCP,08-Jul-2026,1.77,1.8437,1.71,1.82,471600
KSPI,08-Jul-2026,87.5,88.08,86.52,87.48,175100
KTCC,08-Jul-2026,3.93,4.1399,3.87,3.98,6800
KTOS,08-Jul-2026,50.21,51.805,49.66,50.38,3432700
KTTA,08-Jul-2026,0.52,0.5359,0.496,0.5115,222900
KTTAW,08-Jul-2026,0.0071,0.0097,0.0071,0.0097,300
KTWO,08-Jul-2026,9.93,9.93,9.93,9.93,100
KURA,08-Jul-2026,11.85,12.13,11.72,12.12,1918700
KUST,08-Jul-2026,0.94,0.95,0.9122,0.92,183300
KVAC,08-Jul-2026,12.22,12.25,12.2,12.25,2600
KVACW,08-Jul-2026,0.0227,0.0227,0.0226,0.0227,800
KVHI,08-Jul-2026,8.83,9.36,8.83,9.28,236500
KWM,08-Jul-2026,0.13,0.1363,0.127,0.13,616900
KXIN,08-Jul-2026,4.4,4.5752,4.2,4.24,14700
KYIV,08-Jul-2026,15.37,15.7971,15.34,15.57,384100
KYIVW,08-Jul-2026,6.9,6.9,5.9,5.9,1600
KYMR,08-Jul-2026,119.16,119.83,114.03,114.16,788000
KYNB,08-Jul-2026,7.45,7.5999,7.45,7.49,3600
KYTX,08-Jul-2026,9.48,10.29,9.3511,9.91,1195500
KZIA,08-Jul-2026,12.94,13.23,12.25,12.46,285200
LAB,08-Jul-2026,0.8985,0.92,0.8333,0.8815,1580300
LABT,08-Jul-2026,2.4,2.4,2.1,2.38,107200
LACG,08-Jul-2026,4.95,5.03,4.68,4.8875,27900
LAES,08-Jul-2026,2.73,2.91,2.73,2.84,10549400
LAFA,08-Jul-2026,10.11,10.11,10.11,10.11,100
LAFAR,08-Jul-2026,0.11,0.11,0.11,0.11,200
LAFAU,08-Jul-2026,10.13,10.13,10.13,10.13,100
LAKE,08-Jul-2026,11.65,11.77,11.21,11.25,84300
LAMR,08-Jul-2026,159.91,160.1,157.64,160.09,521400
LAND,08-Jul-2026,8.52,8.56,8.42,8.49,761600
LANDO,08-Jul-2026,20.695,20.86,20.3345,20.4,25800
LANDP,08-Jul-2026,20.6014,20.6757,20.5,20.5,25000
LARK,08-Jul-2026,29.95,30.39,29.95,29.99,5600
LASE,08-Jul-2026,1.26,1.37,1.26,1.3,1240800
LASR,08-Jul-2026,58,59.66,56.81,58.68,1173500
LATAW,08-Jul-2026,0.39,0.39,0.39,0.39,100
LAUR,08-Jul-2026,39.72,40.15,39.18,39.54,977900
LBGJ,08-Jul-2026,1.24,1.3,1.2398,1.28,11700
LBRDA,08-Jul-2026,32,32.49,31.04,31.26,181000
LBRDK,08-Jul-2026,31.67,32.58,31.09,31.28,1201000
LBRDP,08-Jul-2026,21.835,21.8499,21.56,21.705,3300
LBRX,08-Jul-2026,34.23,35.345,33.99,34.17,305700
LBTYA,08-Jul-2026,10.72,10.975,10.545,10.57,2048400
LBTYB,08-Jul-2026,12,12,11,11,1100
LBTYK,08-Jul-2026,10.39,10.62,10.235,10.26,1009200
LCCC,08-Jul-2026,10.4399,10.4399,10.42,10.42,152800
LCDL,08-Jul-2026,0.7,0.7146,0.6509,0.6624,669400
LCDS,08-Jul-2026,71.2983,71.2983,71.2983,71.2983,100
LCFY,08-Jul-2026,3.05,3.19,2.98,2.99,4400
LCFYW,08-Jul-2026,10.6,10.6,9.5,9.5,1700
LCID,08-Jul-2026,5.93,6.05,5.75,5.82,9662700
LCNB,08-Jul-2026,17.72,17.7602,17.42,17.54,30500
LCUT,08-Jul-2026,7.92,7.99,7.6501,7.74,112000
LDEM,08-Jul-2026,59.19,59.8339,59.035,59.8339,500
LDRX,08-Jul-2026,35.41,35.5099,35.37,35.4923,4200
LDSF,08-Jul-2026,18.845,18.85,18.82,18.845,15900
LE,08-Jul-2026,12.01,12.24,11.75,12.06,334600
LECO,08-Jul-2026,253.51,255.33,247.52,247.69,321000
LEDS,08-Jul-2026,1.51,1.61,1.46,1.46,9700
LEE,08-Jul-2026,9.39,9.69,8.55,8.97,168300
LEGH,08-Jul-2026,25.95,25.95,25.05,25.42,76400
LEGN,08-Jul-2026,27.51,28.44,27.265,27.87,1167500
LEGR,08-Jul-2026,63.71,63.7837,63.71,63.7837,500
LEND,08-Jul-2026,25.03,25.08,24.98,25.02,61000
LENZ,08-Jul-2026,5.73,6.21,5.66,6.13,1053600
LESL,08-Jul-2026,7.67,7.685,7.015,7.135,311100
LEXI,08-Jul-2026,40.01,40.14,39.97,40.1389,17200
LEXX,08-Jul-2026,0.5455,0.6146,0.5227,0.605,183200
LFACU,08-Jul-2026,10.15,10.15,10.15,10.15,42500
LFCR,08-Jul-2026,4.85,4.97,4.555,4.57,109000
LFMD,08-Jul-2026,4.8,4.95,4.589,4.69,655100
LFMDP,08-Jul-2026,23,23.28,23,23.1717,1900
LFS,08-Jul-2026,2.17,2.19,2.09,2.13,122500
LFSC,08-Jul-2026,46.86,46.86,45.695,46.5634,3300
LFST,08-Jul-2026,10.75,10.805,10.4,10.49,4490000
LFTO,08-Jul-2026,21.87,23.825,21.87,23.63,590000
LFUS,08-Jul-2026,399.96,406.1299,395.39,401.56,354800
LFVN,08-Jul-2026,6.19,6.35,6.06,6.24,222100
LFWD,08-Jul-2026,8.45,8.82,8,8.1224,11600
LGCF,08-Jul-2026,36.43,36.43,36.4206,36.4206,400
LGCL,08-Jul-2026,1.27,1.33,1.13,1.23,294200
LGHL,08-Jul-2026,0.3316,0.34,0.2929,0.3154,247100
LGIH,08-Jul-2026,58.8,59.43,56.67,57.08,268100
LGN,08-Jul-2026,69.71,72.5325,69.0601,71.95,1365900
LGND,08-Jul-2026,321.91,326.63,311.73,314.88,404900
LGO,08-Jul-2026,0.672,0.752,0.6551,0.6857,2472400
LGRO,08-Jul-2026,43.47,43.7195,43.47,43.7195,1000
LGVN,08-Jul-2026,0.639,0.66,0.6201,0.643,103100
LHAI,08-Jul-2026,1.39,1.68,1.36,1.46,27376900
LHSW,08-Jul-2026,3.17,3.99,2.8712,3.8,578700
LI,08-Jul-2026,12.28,12.37,12.06,12.12,3117400
LICN,08-Jul-2026,1.53,1.8,1.45,1.67,223600
LIDR,08-Jul-2026,1.32,1.36,1.3,1.34,461100
LIDRW,08-Jul-2026,0.0169,0.0188,0.0155,0.0155,23500
LIEN,08-Jul-2026,9.82,9.94,9.645,9.65,143100
LIF,08-Jul-2026,54.46,55.24,52.74,53.8,622900
LIFE,08-Jul-2026,19,19.6,18.5,18.9,951200
LILA,08-Jul-2026,7.5,7.61,7.435,7.49,526800
LILAK,08-Jul-2026,7.48,7.51,7.35,7.43,1661900
LILAP,08-Jul-2026,20,20.14,19.54,19.98,153600
LIME,08-Jul-2026,24.16,26,24,25.5,484800
LIMN,08-Jul-2026,0.1156,0.1277,0.113,0.123,6575200
LIMNW,08-Jul-2026,0.0502,0.0502,0.0502,0.0502,2000
LIN,08-Jul-2026,536.12,537.045,526.2,527.67,1619200
LINC,08-Jul-2026,55.4,56.34,53.25,54.14,503300
LIND,08-Jul-2026,25.22,25.69,24.79,25.6,660700
LINE,08-Jul-2026,44,44,43.12,43.29,1342800
LINK,08-Jul-2026,4.15,4.2066,3.96,4.08,10800
LINT,08-Jul-2026,151,156.17,140,155.76,152900
LIQT,08-Jul-2026,0.73,0.805,0.701,0.7719,1780600
LITE,08-Jul-2026,688.9,719.12,683.395,707.1,2586200
LITP,08-Jul-2026,11.39,11.605,11.31,11.54,21100
LITS,08-Jul-2026,0.96,0.9771,0.943,0.9769,98100
LIVE,08-Jul-2026,9.63,10.19,9.404,10.19,11800
LIVN,08-Jul-2026,83.58,83.94,81.81,82.51,724800
LKFN,08-Jul-2026,61.57,61.87,58.39,58.8,423900
LKFT,08-Jul-2026,30.56,30.905,30.425,30.81,98700
LKQ,08-Jul-2026,26.12,26.285,25.05,25.14,2445400
LKSP,08-Jul-2026,10.1599,10.1599,10.1599,10.1599,100
LLYVA,08-Jul-2026,103.67,103.73,101.82,102.3,166000
LLYVK,08-Jul-2026,107.18,107.45,105.13,105.86,297000
LMAT,08-Jul-2026,104.66,104.83,101.2,101.82,414400
LMB,08-Jul-2026,77.44,79.59,76.55,77.16,152200
LMBS,08-Jul-2026,49.59,49.61,49.475,49.605,947300
LMFA,08-Jul-2026,0.145,0.1528,0.1412,0.1495,965000
LMNR,08-Jul-2026,13.31,13.45,13.01,13.32,65800
LMNX,08-Jul-2026,20.52,20.7,17.92,18.73,49300
LMRI,08-Jul-2026,12.11,12.37,11.75,12.16,394900
LMTL,08-Jul-2026,34.34,34.34,32.6447,32.6447,21500
LNAI,08-Jul-2026,2.73,2.765,2.69,2.74,44200
LNKS,08-Jul-2026,1.4,1.48,1.3,1.44,61900
LNSR,08-Jul-2026,6.09,6.19,5.9001,6,34300
LNT,08-Jul-2026,77.74,77.795,76.2,76.37,2857100
LNTH,08-Jul-2026,103.23,106.89,102.04,106.75,701600
LNZA,08-Jul-2026,5.71,6.15,5.67,5.95,74300
LOAN,08-Jul-2026,4.54,4.55,4.23,4.23,142300
LOBO,08-Jul-2026,0.71,0.7468,0.6912,0.716,95300
LOCO,08-Jul-2026,16.15,16.4,15.84,16.38,211100
LOGI,08-Jul-2026,95.66,97.975,95.66,97.86,978100
LOGO,08-Jul-2026,20.63,20.6702,20.63,20.6702,100
LONA,08-Jul-2026,8.5,8.89,8.13,8.67,20000
LOOP,08-Jul-2026,0.78,0.8,0.74,0.79,105900
LOPE,08-Jul-2026,152.4,154.15,149.5,150.69,498400
LOT,08-Jul-2026,1.27,1.27,1.1976,1.23,146400
LOTI,08-Jul-2026,26.34,26.35,26.29,26.2925,1700
LOTWW,08-Jul-2026,0.06,0.06,0.06,0.06,200
LOVE,08-Jul-2026,18.18,18.4535,16.361,16.76,232500
LPAA,08-Jul-2026,10.87,10.87,10.87,10.87,500
LPAAW,08-Jul-2026,0.17,0.18,0.17,0.18,58400
LPBB,08-Jul-2026,10.75,10.75,10.72,10.725,40200
LPCN,08-Jul-2026,2.45,2.52,2.39,2.44,14700
LPCV,08-Jul-2026,10,10,9.99,9.99,6200
LPCVW,08-Jul-2026,0.3929,0.41,0.3929,0.41,1900
LPLA,08-Jul-2026,309.005,309.005,300.25,300.82,624200
LPRO,08-Jul-2026,3.12,3.14,3.12,3.14,1814900
LPSN,08-Jul-2026,1.75,1.76,1.69,1.75,157600
LPTH,08-Jul-2026,12.47,12.93,11.94,12.67,3358700
LQ,08-Jul-2026,23.76,23.76,23.76,23.76,100
LQDA,08-Jul-2026,81,82.96,79.19,79.47,1738400
LQDT,08-Jul-2026,38.12,38.54,36.36,37.91,267600
LRCX,08-Jul-2026,325.47,337.5,322.72,333.15,8029400
LRE,08-Jul-2026,1.33,1.33,1.33,1.295,0
LRGE,08-Jul-2026,85.54,85.8605,84.65,85.8605,301000
LRHC,08-Jul-2026,1.045,1.2,1.045,1.18,136900
LRMR,08-Jul-2026,3.42,3.64,3.41,3.61,2063800
LRND,08-Jul-2026,44.99,44.99,44.37,44.5286,200
LSAK,08-Jul-2026,4.9,4.9,4.81,4.82,72200
LSBK,08-Jul-2026,17,17,16.82,17,24800
LSCC,08-Jul-2026,129.92,132.995,129.1901,132.48,1557300
LSE,08-Jul-2026,4.52,4.8,4.1,4.7436,15800
LSH,08-Jul-2026,0.4301,0.4909,0.415,0.4185,60600
LSTA,08-Jul-2026,3.22,3.2664,3.21,3.21,17600
LSTR,08-Jul-2026,204.51,207.63,201.49,203.71,319800
LTBR,08-Jul-2026,8.02,8.54,7.9,8.42,899000
LTCC,08-Jul-2026,10.63,10.67,10.555,10.5996,12100
LTGRU,08-Jul-2026,10.02,10.02,10.02,10.02,45600
LTRN,08-Jul-2026,3.49,3.6134,3.05,3.1,451200
LTRX,08-Jul-2026,5.27,5.54,5.2,5.32,644900
LTRYW,08-Jul-2026,0.0085,0.0103,0.0085,0.0103,4900
LUCD,08-Jul-2026,1.01,1.02,0.9559,0.9678,2986200
LUCY,08-Jul-2026,1.71,1.72,1,1.07,43396400
LUCYW,08-Jul-2026,0.0779,0.0796,0.0546,0.0546,11700
LULG,08-Jul-2026,5.91,6.15,5.7,5.9803,94100
LULU,08-Jul-2026,113,115.4,110.9,113.62,2829900
LUNG,08-Jul-2026,1.48,1.53,1.42,1.45,234400
LUNR,08-Jul-2026,17.93,18.55,16.72,17.02,9384800
LVDS,08-Jul-2026,57.91,57.91,57.71,57.7929,1500
LVHD,08-Jul-2026,45.12,45.12,44.465,44.48,18900
LVIG,08-Jul-2026,98.12,98.225,98.12,98.19,1200
LVLU,08-Jul-2026,8.0207,8.5047,8.0207,8.5047,3000
LVO,08-Jul-2026,5.13,5.4,4.85,4.94,67500
LWAC,08-Jul-2026,10.25,10.25,10.25,10.25,8500
LWAY,08-Jul-2026,28.88,30.45,28.88,30.29,172800
LWLG,08-Jul-2026,6.63,6.99,6.38,6.84,3797000
LX,08-Jul-2026,1.85,1.86,1.785,1.85,1701900
LXEH,08-Jul-2026,1.32,1.36,1.3,1.32,10400
LXEO,08-Jul-2026,4.74,5.28,4.71,5.28,1169800
LXRX,08-Jul-2026,2.34,2.35,2.22,2.27,4050800
LYEL,08-Jul-2026,15.66,16.8,14.7,15.4,270500
LYFT,08-Jul-2026,15.34,15.51,14.855,15.17,10246800
LYTS,08-Jul-2026,24.57,24.9899,24.39,24.81,204500
LZ,08-Jul-2026,7.2,7.345,7.0725,7.28,5456400
LZMH,08-Jul-2026,1.32,1.32,1.22,1.23,20300
MAAS,08-Jul-2026,17.9,18,13.7175,14.03,175300
MAAY,08-Jul-2026,6.08,6.19,6.08,6.185,2100
MACI,08-Jul-2026,10.89,10.89,10.89,10.89,100
MAKO,08-Jul-2026,7.45,7.57,7.17,7.47,264700
MAMA,08-Jul-2026,18.41,18.76,18.1,18.62,1227800
MAMO,08-Jul-2026,0.9497,0.95,0.9237,0.9393,25500
MANH,08-Jul-2026,156.09,156.91,152.64,154.78,1050300
MAR,08-Jul-2026,378.15,378.2,369.73,371.16,1391500
MARA,08-Jul-2026,11.73,12.12,11.59,12.02,31778000
MARPS,08-Jul-2026,4.83,4.88,4.7001,4.78,21600
MASK,08-Jul-2026,1.89,1.89,1.7601,1.85,89400
MASS,08-Jul-2026,8.17,8.17,7.675,7.88,307700
MAT,08-Jul-2026,13.33,13.41,12.95,13.17,5222900
MATE,08-Jul-2026,29.8,29.8928,29.5,29.8928,3800
MATH,08-Jul-2026,1,1.01,0.9823,1,39300
MATW,08-Jul-2026,26.77,26.8463,25.85,26.21,351100
MAXI,08-Jul-2026,8.73,8.9,8.67,8.8444,9900
MAZE,08-Jul-2026,32.84,33.4999,31.45,31.99,1097400
MB,08-Jul-2026,4.2,4.2,4.16,4.16,6900
MBAI,08-Jul-2026,1.12,1.14,1.115,1.13,13600
MBAV,08-Jul-2026,10.84,10.8761,10.83,10.84,87100
MBAVU,08-Jul-2026,10.75,10.75,10.75,10.75,100
MBB,08-Jul-2026,93.71,93.77,93.52,93.69,2215600
MBBC,08-Jul-2026,15,15.28,15,15.28,2900
MBIN,08-Jul-2026,47.13,47.46,46.34,46.66,137300
MBINL,08-Jul-2026,24.87,24.95,24.7601,24.9,23500
MBINM,08-Jul-2026,25.38,25.49,25.36,25.37,3000
MBINN,08-Jul-2026,19.99,20.13,19.9,20.13,12900
MBIO,08-Jul-2026,0.68,0.6901,0.6654,0.6798,19000
MBLY,08-Jul-2026,9.245,9.54,8.76,9.14,7904900
MBNKO,08-Jul-2026,25.5548,25.75,25.43,25.585,1300
MBOT,08-Jul-2026,1.86,1.9,1.83,1.87,659600
MBRX,08-Jul-2026,2.26,2.37,2.19,2.37,216000
MBS,08-Jul-2026,8.64,8.64,8.58,8.61,46400
MBUU,08-Jul-2026,25.41,25.61,24.53,25.21,298000
MBVI,08-Jul-2026,10.18,10.18,10.18,10.18,5300
MBVIU,08-Jul-2026,10.28,10.28,10.28,10.28,100
MBVIW,08-Jul-2026,0.3812,0.3812,0.3725,0.3725,1800
MBWM,08-Jul-2026,56.96,57.04,55.255,56.13,135500
MBX,08-Jul-2026,62.46,64.32,61.04,61.74,1469500
MCAHU,08-Jul-2026,10.22,10.39,10.19,10.39,1000
MCBS,08-Jul-2026,35.74,35.81,34.35,35.03,62700
MCDS,08-Jul-2026,66.8297,66.8297,66.8297,66.8297,100
MCFT,08-Jul-2026,23.84,23.84,22.99,23.49,126200
MCGA,08-Jul-2026,10.23,10.23,10.22,10.23,14900
MCGAU,08-Jul-2026,10.29,10.29,10.29,10.29,200
MCGAW,08-Jul-2026,0.29,0.29,0.2799,0.2799,6300
MCHB,08-Jul-2026,16.11,16.11,15.41,15.51,627400
MCHI,08-Jul-2026,52.84,53.05,52.64,52.85,3866900
MCHP,08-Jul-2026,83.14,86.1199,83.14,85.49,7199200
MCHPP,08-Jul-2026,70.4,72.818,70.4,72.66,98700
MCHS,08-Jul-2026,46.11,46.14,45.6201,46.06,3900
MCHX,08-Jul-2026,1.75,1.8053,1.52,1.71,3600
MCRB,08-Jul-2026,7.91,8.1,6.99,7.14,258000
MCRI,08-Jul-2026,126.98,127.86,125.51,126.13,169000
MDAI,08-Jul-2026,1.71,1.75,1.71,1.73,100500
MDAIW,08-Jul-2026,0.6,0.6,0.5411,0.5706,18800
MDB,08-Jul-2026,352.57,364.38,350.14,359.4,1004900
MDBH,08-Jul-2026,3.3173,3.395,3.3173,3.395,2800
MDCX,08-Jul-2026,0.43,0.435,0.4059,0.4285,837800
MDCXW,08-Jul-2026,0.71,0.71,0.71,0.71,300
MDGL,08-Jul-2026,542.43,566.68,540.8663,565.4,468200
MDIA,08-Jul-2026,0.97,1.05,0.89,0.9808,213700
MDIV,08-Jul-2026,16.67,16.67,16.5988,16.6178,35400
MDLN,08-Jul-2026,42.94,42.94,40.19,40.3,8919100
MDLZ,08-Jul-2026,60.25,60.43,59.16,59.48,8908700
MDWD,08-Jul-2026,14.83,14.905,14.5,14.7,78500
MDXG,08-Jul-2026,4.15,4.295,4.1,4.26,1307700
MDXH,08-Jul-2026,0.47,0.51,0.4611,0.495,344600
MEDP,08-Jul-2026,534.82,538.68,520.88,531.99,347400
MEDX,08-Jul-2026,37.38,37.42,37.18,37.2246,7900
MEGL,08-Jul-2026,1.2001,1.2235,1.2,1.215,7200
MELI,08-Jul-2026,1800.3,1815.36,1764.68,1809.38,275200
MEMA,08-Jul-2026,30.22,30.4878,30.2,30.4878,7500
MEMS,08-Jul-2026,30.6543,30.6543,30.6543,30.6543,100
MENS,08-Jul-2026,2.15,2.22,2.07,2.2,47000
MEOH,08-Jul-2026,47.59,49.2,46.95,48.87,2314500
MERC,08-Jul-2026,0.6876,0.69,0.5834,0.6475,1763300
MESH,08-Jul-2026,10.04,10.0497,10.02,10.02,2000
MESHW,08-Jul-2026,0.3,0.37,0.3,0.3675,155500
MESO,08-Jul-2026,13.86,15,13.67,14.8,501100
META,08-Jul-2026,614.39,616,598.0105,603.12,13606500
METC,08-Jul-2026,11.8,12.4,11.75,12.23,1338000
METCB,08-Jul-2026,7.87,8.21,7.87,8.04,45000
METCI,08-Jul-2026,25.41,25.42,25.41,25.42,4500
METCZ,08-Jul-2026,25.55,25.55,25.52,25.55,7400
METD,08-Jul-2026,15.89,16.3,15.87,16.17,411000
METL,08-Jul-2026,24.34,24.63,23.97,24.45,74200
METU,08-Jul-2026,23.82,23.92,22.5332,22.91,2882900
MEVO,08-Jul-2026,9.94,9.945,9.93,9.93,4700
MEVOU,08-Jul-2026,10.13,10.13,10.13,10.13,21900
MEVOW,08-Jul-2026,0.34,0.4,0.34,0.4,4100
MFI,08-Jul-2026,9.01,9.01,8.85,9,3100
MFIC,08-Jul-2026,9.91,9.935,9.77,9.82,483400
MFICL,08-Jul-2026,25.32,25.38,25.32,25.38,1500
MFIG,08-Jul-2026,21.1,21.1,20.81,20.9721,1600
MFIN,08-Jul-2026,9.87,10.37,9.82,9.83,32300
MFLX,08-Jul-2026,17.3,17.31,17.3,17.31,300
MFMO,08-Jul-2026,23.47,23.7873,23.35,23.7873,2600
MFP,08-Jul-2026,36.49,39.59,36.06,39,1977400
MFVL,08-Jul-2026,20.81,20.81,20.4366,20.4366,2400
MGEE,08-Jul-2026,83.66,83.66,81.36,82.2,305600
MGIH,08-Jul-2026,1.52,1.52,1.48,1.48,973100
MGN,08-Jul-2026,0.1316,0.1316,0.1171,0.1247,984900
MGNI,08-Jul-2026,20.09,20.375,19.745,20.31,3594900
MGNX,08-Jul-2026,4.69,4.78,4.56,4.66,701200
MGPI,08-Jul-2026,16.62,16.62,16.14,16.41,170100
MGRC,08-Jul-2026,113.32,113.93,111.37,113.52,143000
MGRT,08-Jul-2026,75.75,84.99,75.75,78.62,7100
MGRX,08-Jul-2026,0.3761,0.38,0.34,0.3594,233100
MGTX,08-Jul-2026,14.44,14.75,13.64,14.14,804800
MGX,08-Jul-2026,1.31,1.35,1.275,1.29,220400
MIACU,08-Jul-2026,9.91,9.99,9.91,9.98,19700
MIDD,08-Jul-2026,136.31,136.93,130.32,132.22,874700
MILN,08-Jul-2026,43.9741,44.0808,43.73,44.0808,4700
MIMI,08-Jul-2026,2.01,2.07,1.97,2.05,43600
MIND,08-Jul-2026,4.8,4.9565,4.75,4.84,77900
MIRA,08-Jul-2026,0.9367,0.9367,0.9006,0.902,45100
MIRM,08-Jul-2026,127.82,128.73,122.89,128.57,885100
MIST,08-Jul-2026,1.28,1.29,1.2,1.22,3188800
MITK,08-Jul-2026,18.892,19.19,18.08,18.47,883200
MKAM,08-Jul-2026,31.81,31.83,31.8,31.8189,900
MKDW,08-Jul-2026,11.65,11.7551,11.51,11.7192,1300
MKDWW,08-Jul-2026,0.01,0.01,0.01,0.01,100
MKLY,08-Jul-2026,10.17,10.17,10.16,10.16,13200
MKLYR,08-Jul-2026,0.1701,0.2399,0.1701,0.2396,22500
MKSI,08-Jul-2026,341.5,358.2099,341.5,349.39,1228200
MKTW,08-Jul-2026,19.06,19.44,18.805,19.09,21100
MKTX,08-Jul-2026,116.56,119.87,115.78,117.14,475700
MKZR,08-Jul-2026,1.68,1.84,1.62,1.63,35000
MLAA,08-Jul-2026,9.95,9.96,9.94,9.94,394100
MLAAW,08-Jul-2026,0.2901,0.31,0.2901,0.3,9300
MLAB,08-Jul-2026,95.29,97.1275,90.64,91.36,644800
MLCI,08-Jul-2026,3.4,3.4,3.145,3.37,18900
MLCIL,08-Jul-2026,22.77,22.78,22.76,22.78,600
MLCO,08-Jul-2026,5.29,5.36,5.175,5.25,8231700
MLEC,08-Jul-2026,7.55,7.7382,7,7.7382,6200
MLECW,08-Jul-2026,0.0128,0.0171,0.0128,0.0169,13000
MLGO,08-Jul-2026,4.05,4.08,3.91,4.04,69400
MLKN,08-Jul-2026,20.09,20.09,19.105,19.67,716900
MLTX,08-Jul-2026,18.96,19.25,18.73,19.07,1195200
MLYS,08-Jul-2026,30.03,30.5,29.61,30.4,995300
MMED,08-Jul-2026,15.29,15.51,14.76,15.02,1055600
MMLP,08-Jul-2026,2.34,2.4294,2.34,2.39,17600
MMSI,08-Jul-2026,71.55,72.19,70.97,71.06,647300
MMTX,08-Jul-2026,10.12,10.12,10.09,10.09,1900
MMYT,08-Jul-2026,57.1,58,55.125,56.97,1524000
MNDO,08-Jul-2026,1.03,1.0449,1.02,1.04,53900
MNDR,08-Jul-2026,3,3.2899,3,3.18,42200
MNDY,08-Jul-2026,81.99,82.5399,80,81.02,722600
MNKD,08-Jul-2026,4.16,4.32,4.07,4.25,6892600
MNOV,08-Jul-2026,1.41,1.43,1.4,1.4,24100
MNPR,08-Jul-2026,93.87,100.03,88.33,99.27,298000
MNRO,08-Jul-2026,16.94,17.18,16.15,16.54,1275400
MNSB,08-Jul-2026,23.92,24.18,23.7,24.02,19100
MNSBP,08-Jul-2026,25.0751,25.0751,25.0751,25.0751,200
MNST,08-Jul-2026,97.4,97.4,95.1,95.15,5321100
MNTK,08-Jul-2026,1.63,1.67,1.57,1.57,134500
MNTS,08-Jul-2026,6.05,6.385,5.95,6.04,1069500
MNTSW,08-Jul-2026,0.0137,0.016,0.0137,0.0159,5600
MNVT,08-Jul-2026,28,28.445,27.5801,28.1846,41200
MNY,08-Jul-2026,0.9344,0.936,0.89,0.89,14400
MNZL,08-Jul-2026,60.24,60.34,60,60.3113,8500
MOB,08-Jul-2026,4.8,4.997,4.78,4.97,84500
MOBI,08-Jul-2026,12.34,13.88,12.34,13.71,177600
MOBX,08-Jul-2026,2.08,2.09,2.01,2.06,201700
MOBXW,08-Jul-2026,0.09,0.09,0.085,0.085,2600
MODD,08-Jul-2026,4.18,4.29,3.95,4.1,54700
MODL,08-Jul-2026,51.2,51.2,50.86,51.14,47700
MOLN,08-Jul-2026,4.09,4.09,4.09,4.09,500
MOMO,08-Jul-2026,5.95,6.06,5.935,6.03,803200
MOOD,08-Jul-2026,43.39,43.4794,43.2499,43.4794,14600
MORN,08-Jul-2026,170,170.025,165,165.03,719600
MOVE,08-Jul-2026,16.65,17.26,15.815,16.5,31000
MPAA,08-Jul-2026,14.22,14.365,13.745,13.91,90700
MPB,08-Jul-2026,34.75,35.2,33.84,33.97,208300
MPG,08-Jul-2026,4.69,5.31,4.69,5.25,130400
MPLT,08-Jul-2026,36.74,38.76,35.6,38.53,374000
MPWR,08-Jul-2026,1264.23,1329.16,1260.57,1315.51,703300
MQ,08-Jul-2026,15.7,15.79,15.31,15.44,1424300
MQQQ,08-Jul-2026,224.69,228.5329,224.24,228.5329,288000
MRA,08-Jul-2026,21.8622,21.8622,21.8622,21.8622,100
MRAL,08-Jul-2026,49,52.335,48.58,52.0575,72100
MRAM,08-Jul-2026,17.47,18.17,16.53,17.39,1266200
MRBK,08-Jul-2026,19.59,19.97,19.23,19.4,95600
MRCY,08-Jul-2026,112.92,114.59,109.59,112.41,556800
MRDN,08-Jul-2026,13.31,14.22,13.29,14.11,96900
MREO,08-Jul-2026,0.3288,0.33,0.3105,0.316,998200
MRKR,08-Jul-2026,1.67,1.7,1.59,1.61,132000
MRLN,08-Jul-2026,4.36,4.59,4.2,4.29,1479900
MRM,08-Jul-2026,0.975,1.0099,0.953,0.9661,15000
MRNA,08-Jul-2026,77.34,78.3,73.3401,73.8,6581600
MRNO,08-Jul-2026,0.2442,0.2559,0.235,0.244,208500
MRNOW,08-Jul-2026,0.015,0.019,0.01,0.018,12300
MRTN,08-Jul-2026,17.15,17.37,17.03,17.18,554100
MRVI,08-Jul-2026,5.84,5.85,5.67,5.76,2248400
MRVL,08-Jul-2026,225.16,236.79,224.98,231.71,25541800
MRVU,08-Jul-2026,128.1,141,126.54,135.25,184400
MRX,08-Jul-2026,68.03,69.47,66.6618,67.18,866900
MSAI,08-Jul-2026,5.27,5.3,5.05,5.21,14900
MSBI,08-Jul-2026,30.13,30.27,29.5,29.65,140300
MSBIP,08-Jul-2026,25.0787,25.2999,25,25.1491,3600
MSEX,08-Jul-2026,56.07,56.8099,54.615,54.84,372700
MSFD,08-Jul-2026,13.81,13.88,13.75,13.83,738000
MSFL,08-Jul-2026,15.51,15.64,15.3401,15.46,1567900
MSFT,08-Jul-2026,384.03,385.31,381.33,383.34,25908200
MSFU,08-Jul-2026,23.33,23.52,23.03,23.25,5082300
MSGM,08-Jul-2026,4.6,4.65,4.24,4.32,22000
MSGY,08-Jul-2026,0.4953,0.4953,0.4602,0.4607,65100
MSLE,08-Jul-2026,8.7,9.6,8.66,8.98,481500
MSR,08-Jul-2026,13.328,13.328,13.328,13.328,100
MSS,08-Jul-2026,0.5788,0.6222,0.5733,0.618,641600
MST,08-Jul-2026,7.92,8.1,7.605,7.94,90300
MSTP,08-Jul-2026,12.8,13.19,12.36,12.8914,52600
MSTR,08-Jul-2026,93.68,95.04,91.78,93.87,17801100
MSTX,08-Jul-2026,8.48,8.7,8.1,8.49,8504200
MSW,08-Jul-2026,1.25,1.28,1.25,1.25,17600
MTC,08-Jul-2026,2.38,2.39,2.2408,2.31,26100
MTCH,08-Jul-2026,39.18,39.4,37.705,38.36,2986200
MTEK,08-Jul-2026,0.99,1.06,0.9605,1.03,94800
MTEKW,08-Jul-2026,0.165,0.165,0.155,0.155,500
MTEN,08-Jul-2026,1.26,1.2799,1.16,1.21,276000
MTEX,08-Jul-2026,5.22,5.22,5.22,5.22,5200
MTLS,08-Jul-2026,7,7.0357,6.85,6.88,75700
MTRX,08-Jul-2026,12.4,12.64,12.25,12.57,282900
MTSI,08-Jul-2026,305.01,313.09,297.23,305.23,1722500
MTVA,08-Jul-2026,1.58,1.6,1.48,1.56,91100
MTYY,08-Jul-2026,19.46,19.46,19.46,19.46,300
MU,08-Jul-2026,902.64,959,900.41,948.8,42978900
MUD,08-Jul-2026,12.29,12.33,11.59,11.7,21332300
MULL,08-Jul-2026,22,24.83,21.9,24.32,9833900
MULT,08-Jul-2026,25.04,25.04,25.04,25.04,100
MUU,08-Jul-2026,633.65,716.9011,632.19,703.05,2382800
MUYY,08-Jul-2026,22.14,22.46,22.01,22.23,83800
MVBF,08-Jul-2026,28.49,28.49,27.61,28.01,37500
MVIS,08-Jul-2026,0.379,0.4096,0.3735,0.3852,6061100
MVLL,08-Jul-2026,31.84,35.0703,31.74,33.56,2974200
MVST,08-Jul-2026,1.07,1.09,1.035,1.08,2950000
MVSTW,08-Jul-2026,0.0035,0.0037,0.0033,0.0033,54400
MWC,08-Jul-2026,3.22,3.4799,3.19,3.28,46100
MWH,08-Jul-2026,28.5,29.72,27.67,28.97,1895500
MWYN,08-Jul-2026,1,1.12,0.9926,1.1,398200
MXCT,08-Jul-2026,1.27,1.305,1.26,1.28,1239200
MXL,08-Jul-2026,84.6,86.41,78.1,86.05,3638000
MYCF,08-Jul-2026,25.01,25.01,24.99,25,7400
MYCG,08-Jul-2026,24.91,24.92,24.91,24.92,2000
MYCH,08-Jul-2026,24.81,24.81,24.8,24.805,182800
MYCI,08-Jul-2026,24.66,24.66,24.635,24.65,5000
MYCJ,08-Jul-2026,24.52,24.54,24.51,24.53,8400
MYCK,08-Jul-2026,24.6147,24.6292,24.5992,24.625,5100
MYCL,08-Jul-2026,24.475,24.4973,24.475,24.485,2700
MYCM,08-Jul-2026,24.4488,24.4488,24.4402,24.4402,600
MYCN,08-Jul-2026,24.23,24.2697,24.23,24.265,1300
MYCO,08-Jul-2026,24.192,24.225,24.192,24.225,800
MYFW,08-Jul-2026,32.85,32.915,32.295,32.46,69300
MYGN,08-Jul-2026,5.81,5.89,5.715,5.87,1430200
MYHA,08-Jul-2026,24.91,24.91,24.91,24.91,100
MYHB,08-Jul-2026,24.91,24.91,24.91,24.91,100
MYHC,08-Jul-2026,25.06,25.06,25.06,25.06,100
MYHD,08-Jul-2026,24.975,24.975,24.975,24.975,200
MYHE,08-Jul-2026,24.865,24.865,24.865,24.865,100
MYMF,08-Jul-2026,24.85,24.85,24.85,24.85,100
MYMG,08-Jul-2026,24.63,24.63,24.63,24.63,100
MYMH,08-Jul-2026,24.529,24.53,24.525,24.525,600
MYMI,08-Jul-2026,24.655,24.655,24.655,24.655,100
MYMJ,08-Jul-2026,24.775,24.775,24.775,24.775,100
MYMK,08-Jul-2026,24.975,25.09,24.975,24.995,900
MYPS,08-Jul-2026,0.67,0.7,0.66,0.6806,1187300
MYRG,08-Jul-2026,410.62,432.67,407.94,419.78,238500
MYSE,08-Jul-2026,2.3,2.395,2.27,2.37,49700
MYSZ,08-Jul-2026,0.47,0.48,0.4405,0.4626,8300
MZTI,08-Jul-2026,113.43,114.01,111.76,112.15,279000
NA,08-Jul-2026,1.82,1.91,1.78,1.9,18900
NAAS,08-Jul-2026,3.31,3.6,3.31,3.5,22600
NAGE,08-Jul-2026,3.43,3.505,3.33,3.37,1005300
NAII,08-Jul-2026,2.295,2.295,2.21,2.28,4400
NAKA,08-Jul-2026,3.89,3.94,3.68,3.75,253900
NAMI,08-Jul-2026,3.3,3.5,3.1501,3.25,10200
NAMM,08-Jul-2026,1.67,1.7,1.55,1.56,369100
NAMMW,08-Jul-2026,0.21,0.21,0.2,0.21,8700
NAMS,08-Jul-2026,36.66,37.31,35.02,35.83,716900
NATH,08-Jul-2026,101.1,101.22,100.81,100.81,30700
NATO,08-Jul-2026,41.31,41.31,40.5749,40.7459,17800
NATR,08-Jul-2026,21.55,21.575,20.99,21.05,63600
NAUT,08-Jul-2026,1.69,1.82,1.66,1.78,968100
NAVI,08-Jul-2026,8.27,8.34,8.065,8.08,881700
NAVN,08-Jul-2026,25.5,25.905,24.1513,25.52,7569300
NB,08-Jul-2026,4.34,4.74,4.28,4.67,8800700
NBBK,08-Jul-2026,20.72,20.835,20.29,20.4,249500
NBIG,08-Jul-2026,18.44,23.06,18.25,22.85,2178700
NBIL,08-Jul-2026,26.3,33.17,26.3,32.7,3359200
NBIS,08-Jul-2026,192.67,218.49,192.67,216.48,17925700
NBIX,08-Jul-2026,177.7,178.625,175.2833,178.24,1155800
NBN,08-Jul-2026,131.25,131.39,127.84,128,118000
NBP,08-Jul-2026,2.03,2.03,1.82,1.93,1481200
NBRG,08-Jul-2026,9.97,9.97,9.97,9.97,600
NBTB,08-Jul-2026,49.48,49.48,48.65,49.05,509400
NBTX,08-Jul-2026,37.77,39.67,37.77,38.8,62000
NCEL,08-Jul-2026,4,4.25,3.89,4.23,72000
NCEW,08-Jul-2026,16.5,16.9,16.1,16.58,3900
NCI,08-Jul-2026,11.25,12.09,10.14,11.96,850400
NCIQ,08-Jul-2026,15.41,15.4999,15.33,15.4953,8900
NCMI,08-Jul-2026,3.82,3.88,3.78,3.83,186000
NCNA,08-Jul-2026,1.4,1.4,1.32,1.32,103300
NCNO,08-Jul-2026,17.69,18,16.855,17.34,3399100
NCPB,08-Jul-2026,24.74,24.76,24.73,24.74,4800
NCPL,08-Jul-2026,0.545,0.585,0.5024,0.5541,250400
NCRA,08-Jul-2026,2.11,2.3,1.72,1.83,18118400
NCSM,08-Jul-2026,46.18,46.18,44.79,45.97,3900
NCT,08-Jul-2026,2.8,2.91,2.61,2.85,110800
NCTY,08-Jul-2026,4.77,4.95,4.65,4.65,54600
NDAA,08-Jul-2026,23.715,23.7431,23.715,23.7431,100
NDAQ,08-Jul-2026,85.32,85.6145,84.16,84.39,4848200
NDLS,08-Jul-2026,12.9,12.9,11.63,12.02,55500
NDRA,08-Jul-2026,4.76,4.955,4.48,4.76,23300
NDSN,08-Jul-2026,286.03,288.265,280.38,283.89,415300
NECB,08-Jul-2026,26.53,26.54,25.85,26,35900
NEGG,08-Jul-2026,15.02,15.04,13.8,14.5,54700
NEMG,08-Jul-2026,13.79,13.9,13.15,13.485,30000
NEO,08-Jul-2026,14.23,14.585,13.815,14.24,2815700
NEOG,08-Jul-2026,9.31,9.39,9.095,9.26,1241300
NEON,08-Jul-2026,0.9282,0.9394,0.8763,0.8958,149400
NEOV,08-Jul-2026,2.36,2.5,2.28,2.46,1427200
NEOVW,08-Jul-2026,1.4,1.4,1.4,1.4,300
NEPH,08-Jul-2026,3.55,3.55,3.3,3.31,18500
NERV,08-Jul-2026,4.69,4.725,4.555,4.62,166200
NESR,08-Jul-2026,27.97,28.71,26.21,27.2,3058300
NETG,08-Jul-2026,15.36,16.6,14.67,16.465,173600
NEUP,08-Jul-2026,3.6,3.6,3.38,3.52,40000
NEWT,08-Jul-2026,14.25,14.2882,14,14.06,277700
NEWTG,08-Jul-2026,25.58,25.58,25.51,25.5101,2800
NEWTH,08-Jul-2026,25.41,25.51,25.35,25.42,8300
NEWTI,08-Jul-2026,25.395,25.4,25.3499,25.3499,2300
NEWTP,08-Jul-2026,24.88,25,24.87,25,4400
NEWZ,08-Jul-2026,29.95,29.9995,29.84,29.9995,600
NEXM,08-Jul-2026,2.36,2.4,2.25,2.34,19100
NEXN,08-Jul-2026,9.31,9.36,8.6,9.02,278000
NEXR,08-Jul-2026,0.5534,0.5559,0.5149,0.5559,256400
NEXRW,08-Jul-2026,0.0136,0.0295,0.0136,0.0295,1900
NEXT,08-Jul-2026,7.99,8.19,7.88,8.13,2441800
NFBK,08-Jul-2026,14.84,14.84,14.6,14.66,765100
NFE,08-Jul-2026,0.368,0.3849,0.361,0.3696,1709400
NFLX,08-Jul-2026,76.27,76.64,74.89,75.59,34373500
NFRX,08-Jul-2026,27.0053,27.0053,27.0053,27.0053,100
NFTY,08-Jul-2026,53.13,53.65,53.13,53.4415,22200
NFXL,08-Jul-2026,17.69,17.83,17.05,17.38,663400
NFXS,08-Jul-2026,20.09,20.5072,20.09,20.327,34800
NGEN,08-Jul-2026,2.02,2.02,1.84,1.85,1467200
NGHT,08-Jul-2026,21.38,21.58,21.19,21.27,114400
NGNE,08-Jul-2026,36.74,39.2999,35.5201,38.24,533100
NHIC,08-Jul-2026,10.93,10.96,10.85,10.87,20900
NHICW,08-Jul-2026,2.1,2.1,2.1,2.1,13200
NHIV,08-Jul-2026,10.08,10.08,10.08,10.08,4900
NHP,08-Jul-2026,15.55,15.63,14.62,14.73,305500
NHPAP,08-Jul-2026,23.225,23.225,23.1608,23.2,1100
NHPBP,08-Jul-2026,22.85,22.86,22.65,22.69,4300
NHTC,08-Jul-2026,1.83,1.8799,1.78,1.84,30100
NICE,08-Jul-2026,96.99,98,96.13,96.8,379100
NICM,08-Jul-2026,6.15,6.425,6.15,6.15,2000
NIKL,08-Jul-2026,12.65,12.65,12.37,12.59,132400
NIOBW,08-Jul-2026,1.45,1.45,1.2,1.33,26600
NIOG,08-Jul-2026,11.76,12.17,11.76,12.0156,12100
NIPG,08-Jul-2026,7.29,9.19,6.2841,7.06,52600
NIU,08-Jul-2026,2.11,2.115,2.03,2.09,177600
NIVF,08-Jul-2026,1.21,1.34,1.19,1.33,260900
NIXT,08-Jul-2026,32.11,32.2102,32.11,32.2102,900
NIXX,08-Jul-2026,1.46,1.54,1.32,1.43,1900000
NKLR,08-Jul-2026,4.52,4.765,4.5,4.72,235500
NKSH,08-Jul-2026,35.89,36.02,35.215,35.55,28500
NKTR,08-Jul-2026,73.74,75.77,71.51,71.9,850400
NKTX,08-Jul-2026,3.3,3.68,3.2501,3.67,1086900
NMAD,08-Jul-2026,6.15,6.95,5.99,6.93,430100
NMFC,08-Jul-2026,7.05,7.07,6.9734,7.04,548200
NMFCZ,08-Jul-2026,25.5001,25.53,25.5001,25.52,1900
NMIH,08-Jul-2026,41.14,41.14,40.61,41,570100
NMRA,08-Jul-2026,1.7,1.7993,1.59,1.59,2157700
NMRK,08-Jul-2026,15.52,15.575,15.05,15.4,1668100
NMTC,08-Jul-2026,3.03,3.2125,2.95,2.99,16000
NN,08-Jul-2026,16.76,17.27,16.51,17.18,1167400
NNBR,08-Jul-2026,3.48,3.55,3.29,3.47,1979700
NNDM,08-Jul-2026,1.45,1.5264,1.44,1.51,1885500
NNE,08-Jul-2026,18.34,19.205,18.04,18.96,2252300
NNNN,08-Jul-2026,11.98,12.68,10.89,11.49,37300
NNOX,08-Jul-2026,1.21,1.24,1.2,1.21,783600
NODK,08-Jul-2026,15.84,15.9999,15.53,15.91,13300
NOEM,08-Jul-2026,10.4599,10.47,10.459,10.4626,9000
NOEMU,08-Jul-2026,10.69,11.25,10.69,11.25,200
NOEMW,08-Jul-2026,0.12,0.12,0.1089,0.1089,30000
NOMA,08-Jul-2026,3.535,3.535,3.12,3.21,10800
NOVT,08-Jul-2026,143.77,149.81,143.04,148.59,446000
NOVTU,08-Jul-2026,62.68,63.36,61.83,63.26,3700
NOWL,08-Jul-2026,4.96,5.17,4.87,5.12,20284400
NPAC,08-Jul-2026,10.39,10.39,10.38,10.38,36100
NPCE,08-Jul-2026,17.53,17.99,16.66,16.78,109100
NPFI,08-Jul-2026,25.98,26.04,25.98,26.0298,34500
NPT,08-Jul-2026,2.68,2.75,2.608,2.67,49200
NRC,08-Jul-2026,22.77,22.77,21.83,21.87,73200
NRDS,08-Jul-2026,9.47,9.52,9.19,9.47,760000
NRES,08-Jul-2026,30.9458,30.9458,30.9458,30.9458,100
NRIM,08-Jul-2026,26.9,27.1,26.1127,26.38,161800
NRIX,08-Jul-2026,23.8,24.44,23.315,24.31,1404700
NRSN,08-Jul-2026,0.68,0.7138,0.678,0.7086,57100
NRXP,08-Jul-2026,4.13,4.25,3.875,3.92,1140500
NSI,08-Jul-2026,37.66,37.9297,37.66,37.9297,300
NSIT,08-Jul-2026,110.64,113.585,110.16,112.53,364300
NSLR,08-Jul-2026,11.37,11.5999,11.3,11.48,286400
NSLRL,08-Jul-2026,25.02,25.02,25.02,25.02,200
NSPR,08-Jul-2026,0.72,0.72,0.6888,0.693,117900
NSSC,08-Jul-2026,38.02,38.56,37.66,38.08,384500
NSTS,08-Jul-2026,13.805,13.805,13.78,13.7827,1200
NSYS,08-Jul-2026,14.01,14.7799,13.3901,14.365,14700
NTAP,08-Jul-2026,162.735,166.71,161.68,165.4,2380800
NTCL,08-Jul-2026,4.1,4.22,3.85,4.07,57600
NTCT,08-Jul-2026,42.09,43.075,42.065,43,681400
NTES,08-Jul-2026,135.93,136.66,133.1,133.28,1202500
NTGR,08-Jul-2026,21.45,22.045,21.21,22,297800
NTHI,08-Jul-2026,4.31,4.5,4.2701,4.49,40600
NTIC,08-Jul-2026,8.76,9,8.58,8.58,11400
NTLA,08-Jul-2026,16.81,17.09,16.35,16.84,3547400
NTNX,08-Jul-2026,52.72,53.98,52.64,53.93,4412400
NTRA,08-Jul-2026,276.59,279.83,269.66,274.39,1398500
NTRB,08-Jul-2026,3.07,3.1999,3,3.06,9400
NTRP,08-Jul-2026,2.07,2.1,2.01,2.05,34300
NTRS,08-Jul-2026,180.93,180.93,176.815,179.92,950400
NTRSO,08-Jul-2026,18.94,18.94,18.63,18.81,32500
NTSK,08-Jul-2026,11.78,11.98,11.22,11.92,6099800
NTWK,08-Jul-2026,4.56,4.615,4.47,4.515,9500
NUAI,08-Jul-2026,4.35,4.58,4.16,4.35,8452300
NUAIW,08-Jul-2026,2.45,2.48,2.0707,2.24,25600
NUCL,08-Jul-2026,7.3,7.33,6.96,7.26,264600
NUCLW,08-Jul-2026,1.35,1.36,1.25,1.25,210600
NUG,08-Jul-2026,8.99,9.09,8.791,8.8408,10500
NUGY,08-Jul-2026,13.46,13.53,13.3,13.5281,6400
NUIF,08-Jul-2026,26.0584,26.0584,26.0584,26.0584,100
NUSB,08-Jul-2026,25.195,25.195,25.195,25.195,100
NUTX,08-Jul-2026,184.7,186.18,171.64,179.55,154700
NUVL,08-Jul-2026,123.73,123.85,123.73,123.8,1160900
NUWE,08-Jul-2026,3.01,3.22,2.8,2.87,98100
NVAX,08-Jul-2026,9.28,9.535,9.15,9.35,3793600
NVCR,08-Jul-2026,17.28,18.08,17.16,17.37,3335500
NVCT,08-Jul-2026,18.93,19.3,18.27,18.75,285600
NVD,08-Jul-2026,5.47,5.47,4.9213,4.98,81871800
NVDA,08-Jul-2026,195.18,205.16,195.06,204.12,147419100
NVDD,08-Jul-2026,34.93,34.93,33.2,33.38,205700
NVDG,08-Jul-2026,16.28,17.85,16.275,17.7326,475800
NVDL,08-Jul-2026,28.37,31.295,28.37,30.99,19723300
NVDS,08-Jul-2026,23.65,23.65,21.87,22.05,473900
NVDU,08-Jul-2026,113.53,124.5802,113.32,123.46,533800
NVEC,08-Jul-2026,91.76,94.1957,90.08,90.97,338500
NVMI,08-Jul-2026,439.49,454.39,432.73,451.99,531500
NVNI,08-Jul-2026,1.05,1.06,1.0139,1.05,26400
NVNO,08-Jul-2026,11.69,11.9,11.12,11.12,7500
NVPS,08-Jul-2026,23.33,23.88,23.33,23.8771,65800
NVTS,08-Jul-2026,13.4,13.4953,12.66,13.36,19215800
NVVE,08-Jul-2026,5.14,11.9794,4.935,8.49,37841600
NVX,08-Jul-2026,0.44,0.4501,0.4394,0.4463,164200
NVYY,08-Jul-2026,12.63,12.735,12.63,12.7349,26000
NWBI,08-Jul-2026,15,15,14.705,14.78,1219000
NWE,08-Jul-2026,70.76,71.59,70.19,70.33,305700
NWFL,08-Jul-2026,31.54,31.8,30.71,30.91,34500
NWGL,08-Jul-2026,0.2838,0.3,0.265,0.29,555300
NWL,08-Jul-2026,5.45,5.45,5.01,5.06,11746100
NWPX,08-Jul-2026,133.05,137.605,131.5,132.22,221900
NWS,08-Jul-2026,30.49,30.55,29.96,30.1,1469700
NWSA,08-Jul-2026,27.02,27.11,26.6,26.72,3656600
NWTG,08-Jul-2026,0.85,0.85,0.724,0.7619,91900
NXGL,08-Jul-2026,0.5485,0.57,0.5,0.5108,98500
NXGLW,08-Jul-2026,0.0498,0.0498,0.0498,0.0498,2300
NXL,08-Jul-2026,0.36,0.4458,0.36,0.4151,678900
NXPI,08-Jul-2026,271.79,285.98,271.1,283.81,3737200
NXPL,08-Jul-2026,7.22,7.7,7.01,7.31,44800
NXST,08-Jul-2026,179.42,182.67,174.47,176.2,288000
NXT,08-Jul-2026,109.79,110.59,105.5,109.74,1921700
NXTC,08-Jul-2026,1.94,1.94,1.6,1.78,81600
NXTG,08-Jul-2026,147.87,148.84,146.48,148.84,22500
NXTS,08-Jul-2026,3.78,3.78,3.48,3.73,44500
NXTT,08-Jul-2026,1.15,1.15,1.05,1.07,186900
NXXT,08-Jul-2026,0.341,0.3475,0.3219,0.3323,1663000
NYAX,08-Jul-2026,65,65.83,64.72,65.665,13300
NYXH,08-Jul-2026,1.78,1.795,1.625,1.67,397300
NZAC,08-Jul-2026,45.5,45.669,45.3212,45.6434,2000
OABI,08-Jul-2026,2.355,2.375,2.2409,2.3,1091600
OACC,08-Jul-2026,10.69,10.69,10.69,10.69,100
OBAI,08-Jul-2026,0.7,0.7098,0.6234,0.698,820200
OBAWW,08-Jul-2026,0.23,0.23,0.23,0.23,2200
OBIL,08-Jul-2026,50.02,50.02,50,50.005,33300
OBIO,08-Jul-2026,3.92,3.945,3.8,3.92,272500
OBT,08-Jul-2026,36.37,36.68,35.6,36.2,56400
OBTC,08-Jul-2026,19.82,20,19.33,19.9588,6000
OCC,08-Jul-2026,14.56,16,14.115,15.89,387400
OCCI,08-Jul-2026,2.62,2.67,2.6131,2.66,137000
OCCIM,08-Jul-2026,25.13,25.155,25.12,25.15,1400
OCCIN,08-Jul-2026,24.84,24.84,24.82,24.82,1800
OCFC,08-Jul-2026,18.96,19.01,18.525,18.65,815300
OCG,08-Jul-2026,1.65,1.67,1.57,1.59,49700
OCGN,08-Jul-2026,1.47,1.53,1.46,1.5,7570700
OCS,08-Jul-2026,13.59,13.94,12.9201,13.7,521300
OCSL,08-Jul-2026,11.91,11.98,11.83,11.92,331700
OCTV,08-Jul-2026,16.69,16.93,16.612,16.92,876800
OCUL,08-Jul-2026,10.22,10.43,9.915,10.27,3201000
ODD,08-Jul-2026,17.49,17.49,16.24,16.52,930700
ODDS,08-Jul-2026,25.2471,25.2471,25.2471,25.2471,100
ODFL,08-Jul-2026,216.37,219.164,215.165,218.25,1616900
ODTE,08-Jul-2026,26.6,26.6438,26.42,26.6438,8400
ODTX,08-Jul-2026,15.75,16.45,15.1,15.56,305300
ODYS,08-Jul-2026,4.2,4.67,4.19,4.55,76700
OESX,08-Jul-2026,10.36,10.91,9.92,10.72,28300
OFAL,08-Jul-2026,0.1706,0.1793,0.167,0.168,570400
OFIX,08-Jul-2026,11.54,11.73,11.385,11.54,345900
OFLX,08-Jul-2026,30.35,30.505,29.26,29.26,31800
OFS,08-Jul-2026,3.87,3.87,3.7037,3.71,30900
OGI,08-Jul-2026,0.96,0.9931,0.9504,0.972,236900
OHAC,08-Jul-2026,9.96,9.96,9.92,9.92,200
OIM,08-Jul-2026,10.09,10.19,10.06,10.19,112600
OIMAW,08-Jul-2026,0.735,0.85,0.735,0.84,6600
OIO,08-Jul-2026,2.1,2.38,2.1,2.16,5100
OKLL,08-Jul-2026,3.96,4.175,3.71,3.95,10128200
OKTA,08-Jul-2026,146.3,148.8999,144.8201,146.77,3791500
OKTG,08-Jul-2026,32.4,33.5,32.15,33.0122,27200
OKUR,08-Jul-2026,4.45,4.7,4.155,4.48,223700
OKYO,08-Jul-2026,1.67,1.85,1.63,1.66,690500
OLB,08-Jul-2026,0.3301,0.3548,0.33,0.3471,275700
OLED,08-Jul-2026,79,80.5807,78.6401,79.68,837600
OLLI,08-Jul-2026,65.56,66,61.61,61.88,6295500
OLMA,08-Jul-2026,12.44,12.62,11.68,12.27,1521700
OLOX,08-Jul-2026,5.14,5.49,5.08,5.41,23500
OM,08-Jul-2026,4.78,4.85,4.26,4.3,242900
OMAB,08-Jul-2026,106.99,107.675,105.045,107.3,80700
OMCL,08-Jul-2026,43.7,45.13,42.76,45.12,815900
OMDA,08-Jul-2026,22.96,23.39,22.415,22.98,1252100
OMER,08-Jul-2026,10.28,10.685,10.24,10.24,1496600
OMEX,08-Jul-2026,0.6781,0.6874,0.6401,0.6732,768300
OMH,08-Jul-2026,0.395,0.395,0.322,0.35,198900
OMSE,08-Jul-2026,4.04,4.16,4.02,4.16,18200
ON,08-Jul-2026,90.61,94.17,89.54,93.79,12165000
ONB,08-Jul-2026,25.38,26.3,25.38,25.73,4214900
ONBPO,08-Jul-2026,24.98,24.98,24.9,24.91,2800
ONBPP,08-Jul-2026,24.925,25.05,24.925,25,5100
ONC,08-Jul-2026,301.92,305.735,299.06,301.88,310300
ONCHU,08-Jul-2026,10.45,10.45,10.44,10.44,200
ONCHW,08-Jul-2026,0.5,0.53,0.5,0.53,300
ONCO,08-Jul-2026,1.05,1.05,0.92,0.9577,379800
ONCY,08-Jul-2026,0.85,0.8555,0.791,0.7923,1898500
ONDG,08-Jul-2026,2.55,2.755,2.51,2.71,1719600
ONDS,08-Jul-2026,7.31,7.61,7.22,7.52,61771900
ONEG,08-Jul-2026,1.14,1.15,1.09,1.14,34100
ONEQ,08-Jul-2026,101.09,101.995,100.54,101.99,208500
ONEW,08-Jul-2026,10.7,10.8799,10.45,10.72,64500
ONFO,08-Jul-2026,0.5369,0.5869,0.2222,0.2805,143090100
ONFOW,08-Jul-2026,0.023,0.0267,0.0128,0.0162,572400
ONMD,08-Jul-2026,0.6897,0.728,0.6724,0.6966,137000
ONMDW,08-Jul-2026,0.0358,0.0368,0.0358,0.0359,5400
OPAL,08-Jul-2026,2.07,2.175,2,2.11,303000
OPBK,08-Jul-2026,14.81,14.81,14.535,14.54,31200
OPCH,08-Jul-2026,21.43,21.61,20.95,21.47,2369700
OPEG,08-Jul-2026,4.37,4.7006,4.19,4.7006,67100
OPEN,08-Jul-2026,4.71,4.835,4.535,4.79,101980100
OPENL,08-Jul-2026,0.23,0.24,0.219,0.2373,236300
OPENW,08-Jul-2026,0.44,0.4501,0.42,0.4246,181900
OPENZ,08-Jul-2026,0.2329,0.2423,0.21,0.235,299100
OPK,08-Jul-2026,1.48,1.49,1.41,1.41,2062800
OPPJ,08-Jul-2026,56.78,57.25,56.16,56.96,95600
OPRA,08-Jul-2026,19.33,19.58,19.04,19.44,249500
OPRT,08-Jul-2026,5.62,5.655,5.39,5.46,476700
OPRX,08-Jul-2026,6.16,6.39,5.89,6.15,442100
OPTH,08-Jul-2026,4.56,4.62,4.47,4.54,8900
OPTX,08-Jul-2026,9.45,9.6,8.7,9.19,470200
OPTXW,08-Jul-2026,1.62,1.84,1.5,1.57,48700
OPTZ,08-Jul-2026,46.348,46.4691,46.2,46.4691,1700
OPXS,08-Jul-2026,13.95,13.95,12.52,12.81,46600
ORBS,08-Jul-2026,0.67,0.69,0.6152,0.6515,13229600
ORBX,08-Jul-2026,48.48,49.92,48.16,48.74,28000
ORCS,08-Jul-2026,32.38,32.8,31.88,32.1169,102500
ORCU,08-Jul-2026,7.425,7.72,7.26,7.59,5853500
ORCX,08-Jul-2026,20.71,21.575,20.29,21.21,2889800
ORGO,08-Jul-2026,2.47,2.53,2.395,2.47,658300
ORIC,08-Jul-2026,10.77,11.2,10.34,10.9,2183500
ORIO,08-Jul-2026,0.8499,0.8499,0.82,0.8282,8100
ORKA,08-Jul-2026,84.5,87.23,81.15,84.4,1042600
ORKT,08-Jul-2026,1.02,1.08,1,1.03,18200
ORLG,08-Jul-2026,10.85,10.93,10.8329,10.8329,3200
ORLY,08-Jul-2026,86.4,86.7801,84.705,84.98,9439700
ORMP,08-Jul-2026,4.27,4.42,4.27,4.29,200700
ORR,08-Jul-2026,36.63,36.81,36.455,36.71,122900
ORRF,08-Jul-2026,40.07,40.225,37.62,39.64,117200
OSBC,08-Jul-2026,22.99,22.99,22.6,22.71,327200
OSCG,08-Jul-2026,29.82,30.815,29.82,30.5398,3300
OSCX,08-Jul-2026,118.09,120.58,117.649,117.649,4300
OSIS,08-Jul-2026,218.22,220.035,213.27,217.42,180300
OSPN,08-Jul-2026,14.56,14.79,14.515,14.74,266300
OSPRU,08-Jul-2026,10.05,10.1,10.05,10.1,13100
OSRH,08-Jul-2026,0.312,0.3187,0.301,0.3077,251900
OSRHW,08-Jul-2026,0.0549,0.0549,0.05,0.05,5700
OSS,08-Jul-2026,13.48,14.38,13.37,14.34,1077800
OSUR,08-Jul-2026,4.3,4.3,4.19,4.25,337000
OSW,08-Jul-2026,27.14,27.55,26.33,26.33,891800
OTEX,08-Jul-2026,22.875,23.08,22.44,22.57,1352500
OTGA,08-Jul-2026,10.18,10.19,10.18,10.19,117200
OTGAU,08-Jul-2026,10.35,10.4,10.34,10.4,9700
OTGAW,08-Jul-2026,0.41,0.43,0.41,0.42,1900
OTGL,08-Jul-2026,10.45,10.49,10.45,10.49,600
OTLK,08-Jul-2026,1.42,1.7,1.4,1.69,12542700
OTLY,08-Jul-2026,9.57,9.67,9.3501,9.49,22300
OTTR,08-Jul-2026,90.96,91.185,89.515,89.57,154200
OUST,08-Jul-2026,42.74,44.8,40.6,43.41,5087700
OVBC,08-Jul-2026,41.43,42.07,41.015,41.59,25600
OVID,08-Jul-2026,2.68,2.74,2.525,2.73,3027300
OVLY,08-Jul-2026,33.05,33.605,32.93,33.07,22000
OWLS,08-Jul-2026,5.64,5.68,5.59,5.62,13700
OXBR,08-Jul-2026,1.47,1.49,1.42,1.43,19700
OXBRW,08-Jul-2026,0.1499,0.17,0.1499,0.16,2100
OXLC,08-Jul-2026,8.94,9.1,8.86,9.08,815700
OXLCG,08-Jul-2026,25.04,25.12,25.04,25.0601,1200
OXLCI,08-Jul-2026,25.64,25.64,25.545,25.545,500
OXLCM,08-Jul-2026,25.07,25.07,24.975,25,2200
OXLCN,08-Jul-2026,24.7286,24.7286,24.7286,24.7286,2800
OXLCO,08-Jul-2026,23.865,23.97,23.865,23.8923,1700
OXLCZ,08-Jul-2026,24.68,24.72,24.675,24.71,5100
OXSQ,08-Jul-2026,1.435,1.5,1.42,1.47,2138700
OXSQH,08-Jul-2026,25.46,25.46,25.46,25.46,800
OYSE,08-Jul-2026,10.3,10.3,10.29,10.29,4700
OZEM,08-Jul-2026,33.8,33.8,33.39,33.5411,30400
OZK,08-Jul-2026,49.76,49.76,48.86,49.37,1963100
OZKAP,08-Jul-2026,16.01,16.11,16.01,16.01,30900
PAA,08-Jul-2026,22.95,23.215,22.745,23.13,1702600
PAAC,08-Jul-2026,9.96,9.96,9.96,9.96,600
PABD,08-Jul-2026,68.31,68.615,67.92,68.5072,1800
PABU,08-Jul-2026,75.98,76.3824,75.98,76.3824,500
PACB,08-Jul-2026,1.52,1.535,1.48,1.5,4142700
PACH,08-Jul-2026,10.26,10.26,10.26,10.26,400
PACHW,08-Jul-2026,0.24,0.2482,0.24,0.2463,13600
PAGP,08-Jul-2026,24.94,25.09,24.715,24.95,1149500
PAHC,08-Jul-2026,32.81,32.85,31.895,32.44,291500
PAL,08-Jul-2026,6.38,6.73,6.335,6.43,199800
PALD,08-Jul-2026,11.95,12.57,11.92,12.4327,60500
PALI,08-Jul-2026,2.05,2.125,1.97,2.05,3369000
PALO,08-Jul-2026,9.91,9.91,9.91,9.91,10300
PALU,08-Jul-2026,49.03,49.41,43.8,45.16,144800
PAMT,08-Jul-2026,13.4,13.48,13,13.2,16000
PANG,08-Jul-2026,30.25,30.42,26.97,27.9731,76400
PANL,08-Jul-2026,6.84,6.97,6.79,6.9,359900
PANW,08-Jul-2026,336.798,336.798,314.95,320.59,9443600
PARK,08-Jul-2026,21.51,21.5101,20.39,20.51,39900
PASG,08-Jul-2026,4.92,4.92,4.59,4.82,26700
PASW,08-Jul-2026,0.149,0.1558,0.1473,0.1516,182400
PATK,08-Jul-2026,86.5,87.61,82.475,83.08,827300
PATN,08-Jul-2026,35.32,35.86,35.14,35.8038,111200
PAVM,08-Jul-2026,5.525,5.55,5.1701,5.375,11000
PAVS,08-Jul-2026,6.15,6.15,5.3623,5.74,65800
PAX,08-Jul-2026,11,11.03,10.92,11,659500
PAYO,08-Jul-2026,7.09,7.1,7.08,7.085,3736300
PAYP,08-Jul-2026,15.26,15.34,14.67,14.9,815800
PAYS,08-Jul-2026,8.5,8.65,8.2,8.51,461200
PAYX,08-Jul-2026,108.07,108.12,105.855,106.58,2524600
PBEU,08-Jul-2026,32.92,33.12,32.63,32.8708,46300
PBFS,08-Jul-2026,16.88,16.88,16.49,16.78,15100
PBHC,08-Jul-2026,15.955,16.2577,15.745,15.9,9900
PBK,08-Jul-2026,0.65,0.675,0.65,0.675,551600
PBLS,08-Jul-2026,29.89,31.17,29.3,30.83,399100
PBM,08-Jul-2026,3.02,3.03,2.9,2.9,20400
PBMWW,08-Jul-2026,0.0233,0.0257,0.0206,0.0256,4600
PBOG,08-Jul-2026,30.86,31.03,30.64,30.7758,43700
PBPH,08-Jul-2026,27.69,27.78,27.62,27.6292,81200
PBQQ,08-Jul-2026,30.84,31.23,30.84,31.1625,17700
PBRG,08-Jul-2026,30.25,31.49,30.25,31.4081,5600
PBSC,08-Jul-2026,25.18,25.18,25.1554,25.1554,600500
PBYI,08-Jul-2026,7.9,8.21,7.85,8.13,426500
PCAP,08-Jul-2026,10.29,10.295,10.29,10.295,119600
PCAPU,08-Jul-2026,10.395,10.395,10.395,10.395,500
PCAR,08-Jul-2026,123.66,123.71,121.51,122.5,4477700
PCB,08-Jul-2026,28.63,28.63,28.185,28.27,32500
PCLA,08-Jul-2026,4.85,5.005,4.45,4.73,1704900
PCMM,08-Jul-2026,49.65,49.84,49.5,49.815,21300
PCPI,08-Jul-2026,50.03,50.0499,49.99,50.035,76900
PCRX,08-Jul-2026,25.81,25.98,25.33,25.52,330800
PCSA,08-Jul-2026,1.98,2.031,1.6701,1.89,50700
PCSC,08-Jul-2026,11.4,11.65,11.305,11.4,55400
PCT,08-Jul-2026,7.02,7.41,7.02,7.28,7419000
PCTTW,08-Jul-2026,2.55,2.95,2.24,2.62,9700
PCTY,08-Jul-2026,118.15,118.15,114.72,115.21,725400
PCVX,08-Jul-2026,60.01,60.4,56.97,58.71,1632300
PCYO,08-Jul-2026,10.58,10.87,10.55,10.64,92600
PDBA,08-Jul-2026,36.91,36.91,36.72,36.8194,236900
PDBC,08-Jul-2026,16.49,16.6878,16.425,16.62,9149300
PDC,08-Jul-2026,4.88,5.27,4.6,4.76,45200
PDD,08-Jul-2026,83.97,85.2795,83.58,84.74,8246500
PDDL,08-Jul-2026,13.33,13.69,13.33,13.5613,47500
PDEX,08-Jul-2026,58.43,60.905,57.0801,59.77,39700
PDFS,08-Jul-2026,51.55,53.76,51.3778,52.42,755100
PDLB,08-Jul-2026,19.94,19.94,19.48,19.57,44800
PDP,08-Jul-2026,137.92,140.25,137.76,140.25,19000
PDSB,08-Jul-2026,0.83,0.8509,0.795,0.8249,344100
PDYN,08-Jul-2026,5.6,5.88,5.39,5.67,2496700
PDYNW,08-Jul-2026,0.0337,0.0337,0.0282,0.0328,14300
PEBK,08-Jul-2026,41.95,42.78,41.665,42.18,21300
PEBO,08-Jul-2026,38.42,38.42,37.525,37.73,329000
PECE,08-Jul-2026,9.92,9.92,9.92,9.92,200
PECEW,08-Jul-2026,0.0753,0.0753,0.0753,0.0753,100
PECO,08-Jul-2026,42.24,42.335,41.77,41.96,848300
PEGA,08-Jul-2026,31.67,32.13,31.16,31.55,1437100
PENG,08-Jul-2026,67.85,80,63.7601,78.47,13797300
PENN,08-Jul-2026,20.79,20.965,20.05,20.12,4996000
PEP,08-Jul-2026,146,146,142.44,142.51,8997800
PEPG,08-Jul-2026,2.03,2.1103,1.94,1.99,1003200
PEPS,08-Jul-2026,32.195,32.195,32.195,32.195,100
PERI,08-Jul-2026,9.12,9.255,9.07,9.23,201000
PESI,08-Jul-2026,14.14,14.61,13.81,14.03,268400
PETS,08-Jul-2026,1.93,2.04,1.9,2,282900
PETZ,08-Jul-2026,1.17,1.1999,1.1,1.1,11900
PEY,08-Jul-2026,23.76,23.76,23.415,23.43,162100
PEZ,08-Jul-2026,98.72,99.5259,98.72,99.5259,1400
PFBC,08-Jul-2026,104.94,105.52,102.58,103.17,98200
PFDE,08-Jul-2026,27.63,27.72,27.4,27.704,32900
PFF,08-Jul-2026,30.44,30.5,30.275,30.45,3305800
PFG,08-Jul-2026,113.02,113.211,110.18,110.74,901400
PFI,08-Jul-2026,62.0999,62.0999,61.05,61.05,1600
PFIS,08-Jul-2026,66.88,67.16,64.85,65.25,146000
PFM,08-Jul-2026,55.93,55.93,55.71,55.7137,19300
PFOE,08-Jul-2026,22.995,23.04,22.88,23.0108,18600
PFSA,08-Jul-2026,2.07,2.53,2,2.4,616100
PFX,08-Jul-2026,42.69,43.2749,42.58,43.2749,1000
PFXNZ,08-Jul-2026,23.9093,23.9093,23.9001,23.9001,1000
PGAC,08-Jul-2026,10.69,10.69,10.69,10.69,300
PGACU,08-Jul-2026,10.76,10.76,10.76,10.76,100
PGC,08-Jul-2026,47.03,47.03,44.79,45.06,805900
PGEN,08-Jul-2026,5.4,5.68,5.38,5.56,3738900
PGJ,08-Jul-2026,23.71,23.85,23.55,23.58,27400
PGNY,08-Jul-2026,30.55,31.21,30.34,30.76,1847600
PGY,08-Jul-2026,17.75,17.95,16.98,17.12,4664400
PGYWW,08-Jul-2026,0.0384,0.04,0.029,0.0347,157200
PHAR,08-Jul-2026,14.5,14.79,14.075,14.3,8000
PHAT,08-Jul-2026,11.48,12.11,11.26,12.06,1384100
PHIO,08-Jul-2026,1,1.1001,1,1.08,299200
PHO,08-Jul-2026,68.89,68.89,67.8955,68.11,62600
PHOE,08-Jul-2026,22.7,23.6,18.63,19.72,39900
PHUN,08-Jul-2026,1.98,2.03,1.95,2.02,107400
PHVS,08-Jul-2026,34.59,36.28,33.8501,35.925,950300
PI,08-Jul-2026,136.15,143.66,134.045,143.15,317200
PICS,08-Jul-2026,11.26,11.3,10.705,10.93,177700
PID,08-Jul-2026,22.59,22.66,22.4501,22.57,33400
PIE,08-Jul-2026,31.25,31.9,31.24,31.7752,22500
PIII,08-Jul-2026,10.62,10.69,10.09,10.09,12900
PIIIW,08-Jul-2026,0.0136,0.0168,0.0136,0.0168,1000
PIO,08-Jul-2026,44.13,44.455,44.13,44.4399,3900
PIZ,08-Jul-2026,52.78,53.0688,52.21,52.9,40000
PKBK,08-Jul-2026,32.35,32.88,32.1,32.24,47200
PKOH,08-Jul-2026,35.22,35.8,34.685,35.39,65600
PKW,08-Jul-2026,142.51,142.51,140.94,141.5603,14700
PLA,08-Jul-2026,24.23,24.39,24.23,24.3765,3100
PLAB,08-Jul-2026,27.2,28.22,27.1,28.14,1231800
PLAY,08-Jul-2026,10.55,10.68,9.77,10.14,2149900
PLBC,08-Jul-2026,54.76,58.26,54.76,57.49,44300
PLBL,08-Jul-2026,9.91,10,7.05,7.47,395800
PLBY,08-Jul-2026,1.17,1.19,1.12,1.14,646700
PLCE,08-Jul-2026,3.14,3.17,2.96,3.08,296400
PLMK,08-Jul-2026,10.7,11.77,10.65,10.675,61300
PLMKW,08-Jul-2026,0.5,0.5,0.49,0.49,900
PLMR,08-Jul-2026,145.22,147.62,143.63,144.52,466400
PLPC,08-Jul-2026,325.58,339.84,323.1322,334.33,77200
PLRX,08-Jul-2026,1.17,1.18,1.13,1.14,500300
PLRZ,08-Jul-2026,15.37,15.85,13.8701,14.61,55800
PLSE,08-Jul-2026,27.75,28.3,27.15,28.11,221600
PLSM,08-Jul-2026,4.4,4.4,4.04,4.16,54600
PLTD,08-Jul-2026,7.93,8.08,7.76,7.77,44980000
PLTG,08-Jul-2026,10.94,11.461,10.47,11.43,432200
PLTK,08-Jul-2026,3.69,3.725,3.6,3.63,1017000
PLTR,08-Jul-2026,129.49,132.39,126.71,132.22,40587800
PLTU,08-Jul-2026,30.74,32.14,29.37,32.07,3028700
PLTZ,08-Jul-2026,28.46,29.5898,27.38,27.43,732000
PLUG,08-Jul-2026,2.41,2.51,2.36,2.46,43796400
PLUL,08-Jul-2026,10.66,11.2776,10.43,11.0759,21400
PLUR,08-Jul-2026,2.05,2.05,1.88,1.9,74300
PLUS,08-Jul-2026,83.41,85.85,82.35,85.44,209400
PLUT,08-Jul-2026,2.87,3,2.87,2.999,4200
PLXS,08-Jul-2026,254.23,266.13,251.995,265.89,229200
PLYX,08-Jul-2026,2.58,2.6699,2.4,2.55,61400
PLYY,08-Jul-2026,8.84,8.86,8.83,8.86,2400
PMA,08-Jul-2026,1.23,1.28,1.2002,1.25,11845
PMAX,08-Jul-2026,1.69,1.69,1.5,1.54,69700
PMBS,08-Jul-2026,48.94,48.98,48.85,48.9454,60200
PMCB,08-Jul-2026,0.715,0.7339,0.71,0.7101,38000
PMEC,08-Jul-2026,0.6,0.6,0.59,0.5984,3600
PMN,08-Jul-2026,13.82,13.96,13.41,13.78,67200
PMTRW,08-Jul-2026,0.99,0.99,0.9,0.9,500
PMTS,08-Jul-2026,19.17,19.695,18.5,18.73,44600
PMVP,08-Jul-2026,1.25,1.28,1.215,1.25,382800
PN,08-Jul-2026,3.82,3.82,3.77,3.79,7200
PNBK,08-Jul-2026,1.11,1.14,1.08,1.09,246200
PNQI,08-Jul-2026,47.82,47.82,47.1101,47.5473,12400
PNRG,08-Jul-2026,184,186.9266,175.7,184.92,98800
PNTG,08-Jul-2026,39.24,39.58,38.65,39.2,279800
POCI,08-Jul-2026,4.79,4.9955,4.74,4.78,13700
PODC,08-Jul-2026,4.08,4.43,3.75,3.8,59800
PODD,08-Jul-2026,160.48,160.48,156.8,157.46,977200
POET,08-Jul-2026,8.24,8.82,8.125,8.51,10523000
POLA,08-Jul-2026,1.63,1.67,1.61,1.64,17100
POLE,08-Jul-2026,10.75,10.75,10.75,10.75,3100
POM,08-Jul-2026,1.46,1.6499,1.45,1.45,12100
PONY,08-Jul-2026,6.53,7.025,6.53,6.79,4620400
POOL,08-Jul-2026,206.9,206.9,202.41,204.2,626600
POWI,08-Jul-2026,65.21,67.75,65.21,66.46,944100
POWL,08-Jul-2026,230,239.0499,228.53,231.85,671300
POWW,08-Jul-2026,2.35,2.43,2.3,2.41,955100
POWWP,08-Jul-2026,24.3075,24.3586,24.3,24.3586,1700
PPBT,08-Jul-2026,1.59,1.59,1.52,1.58,32200
PPC,08-Jul-2026,28.27,28.92,27.24,27.4,1535100
PPCB,08-Jul-2026,1.77,1.89,1.76,1.8,197000
PPH,08-Jul-2026,111.1,111.31,110.0105,110.33,347000
PPHC,08-Jul-2026,7.86,8.31,7.85,8.14,297800
PPI,08-Jul-2026,20.9,20.9054,20.77,20.9054,23100
PPIH,08-Jul-2026,24.95,25.25,24.29,24.46,76600
PPLI,08-Jul-2026,47.49,47.55,46.77,47.33,1041300
PPSI,08-Jul-2026,3.57,3.65,3.475,3.63,57700
PPTA,08-Jul-2026,19.4,19.78,18.49,19.11,1376500
PQAP,08-Jul-2026,31.7,31.815,31.7,31.815,2100
PQJA,08-Jul-2026,31.43,31.445,31.43,31.445,200
PQJL,08-Jul-2026,30.45,30.6,30.34,30.545,2600
PQOC,08-Jul-2026,31.1,31.1,31.07,31.07,1000
PRAA,08-Jul-2026,17.84,17.92,17.3,17.51,431200
PRAX,08-Jul-2026,323.47,336.72,317.04,332.99,559300
PRCH,08-Jul-2026,14.55,14.93,14.37,14.85,1112300
PRCT,08-Jul-2026,20.75,20.96,19.72,19.795,2024200
PRDO,08-Jul-2026,35.45,35.88,35.03,35.08,631300
PRE,08-Jul-2026,16.6,16.935,15.91,16.58,171000
PRFX,08-Jul-2026,1.32,1.325,1.23,1.27,319400
PRFZ,08-Jul-2026,54.36,54.36,53.595,54.11,201100
PRGS,08-Jul-2026,38.78,39.2,37.49,37.76,775900
PRHI,08-Jul-2026,5.085,5.085,5.005,5.005,5600
PRLD,08-Jul-2026,4.96,5.28,4.88,5.12,282500
PRME,08-Jul-2026,4.31,4.825,4.3,4.62,11421800
PRMR,08-Jul-2026,28.04,28.14,27.915,28.0892,25500
PRN,08-Jul-2026,223.88,228.14,223.39,227.1056,42100
PROF,08-Jul-2026,7.265,7.575,7.265,7.55,19300
PROK,08-Jul-2026,1.94,1.96,1.83,1.84,1024200
PROP,08-Jul-2026,0.8143,0.8489,0.7559,0.7682,1521600
PROV,08-Jul-2026,17.1,17.19,17.05,17.18,2000
PRPL,08-Jul-2026,0.35,0.363,0.3147,0.323,413700
PRPO,08-Jul-2026,25.5,26.9,23.75,26.12,45500
PRQR,08-Jul-2026,1.63,1.77,1.586,1.68,2935400
PRSO,08-Jul-2026,0.7549,0.8,0.7345,0.8,529100
PRTA,08-Jul-2026,9.66,9.86,9.56,9.85,444200
PRTH,08-Jul-2026,6.95,6.95,6.5744,6.77,312000
PRTS,08-Jul-2026,6.51,6.515,5.91,5.93,15200
PRVA,08-Jul-2026,27.14,27.445,26.71,27.21,1481800
PRZO,08-Jul-2026,0.52,0.52,0.4855,0.5059,246600
PSC,08-Jul-2026,67.67,68.09,67.12,67.8267,116700
PSCC,08-Jul-2026,36.09,36.09,35.6462,35.6462,2700
PSCD,08-Jul-2026,114.83,114.83,114.2906,114.2906,200
PSCE,08-Jul-2026,55.45,56.6199,55.45,56.49,51500
PSCF,08-Jul-2026,65.285,65.285,64.62,64.6774,1600
PSCH,08-Jul-2026,53.99,54.27,53.53,53.8488,30100
PSCI,08-Jul-2026,177.4,177.4,175.845,176.2508,4000
PSCM,08-Jul-2026,97.27,97.3521,96.68,97.3521,900
PSCT,08-Jul-2026,80.04,81.52,79.58,81.42,65600
PSCU,08-Jul-2026,64.425,64.4366,64.425,64.4366,600
PSEC,08-Jul-2026,2.19,2.23,2.1801,2.22,4357700
PSET,08-Jul-2026,75.375,75.8999,75.375,75.8839,700
PSHG,08-Jul-2026,1.66,1.69,1.65,1.68,95700
PSIG,08-Jul-2026,1.26,1.28,1.25,1.28,110400
PSIX,08-Jul-2026,33.98,35.31,33.33,34.65,549500
PSKY,08-Jul-2026,9.95,9.95,9.6,9.75,6541300
PSL,08-Jul-2026,114.43,114.43,114.0153,114.0153,400
PSMT,08-Jul-2026,192.69,194.3044,188,189.11,475700
PSNL,08-Jul-2026,13.52,14.23,13,14.11,4427100
PSNY,08-Jul-2026,19,19.29,18.301,18.92,63400
PSNYW,08-Jul-2026,2.49,2.49,2.49,2.2,0
PSTR,08-Jul-2026,30.73,30.73,30.61,30.6735,2400
PSTV,08-Jul-2026,3.86,3.9562,3.7,3.82,84100
PSWD,08-Jul-2026,43,43,42.725,42.8172,1000
PTAC,08-Jul-2026,9.9,9.92,9.9,9.92,1400
PTACU,08-Jul-2026,10.02,10.0202,10.02,10.02,16100
PTC,08-Jul-2026,123.71,124.77,122.02,122.61,1679900
PTCT,08-Jul-2026,87.9,89.85,85.6,88.57,1328300
PTEN,08-Jul-2026,9.38,9.82,9.38,9.7,15372900
PTF,08-Jul-2026,106.93,112.27,106.93,112.24,77000
PTGX,08-Jul-2026,139.5,140.95,136.08,140.07,931300
PTH,08-Jul-2026,60.66,60.8099,59.46,60.4615,23400
PTIR,08-Jul-2026,11.5,11.98,10.945,11.95,4808500
PTLE,08-Jul-2026,6.7,8.4,6.64,7.8,20700
PTLO,08-Jul-2026,4.76,4.79,4.51,4.58,1082300
PTN,08-Jul-2026,10.55,10.68,10.22,10.27,17900
PTNQ,08-Jul-2026,84.98,85.8708,84.58,85.8708,18200
PTON,08-Jul-2026,5.7,5.82,5.62,5.78,8798300
PTOR,08-Jul-2026,9.94,9.94,9.92,9.93,12300
PTORU,08-Jul-2026,10.15,10.24,10.13,10.15,21300
PTORW,08-Jul-2026,0.4,0.401,0.4,0.4,31900
PTRN,08-Jul-2026,28.09,28.43,26.82,27.61,2260900
PUBM,08-Jul-2026,13.17,13.18,12.84,13.16,515900
PUI,08-Jul-2026,47.23,47.355,46.96,47.05,4900
PUL,08-Jul-2026,30.28,30.28,24.8719,24.8719,100
PULM,08-Jul-2026,1.7,1.88,1.652,1.88,40400
PUR,08-Jul-2026,19.25,19.72,17.49,18.1156,4200
PURR,08-Jul-2026,7.89,8.11,7.6,7.78,10746100
PUSA,08-Jul-2026,3.57,3.84,3.57,3.8,203800
PVLA,08-Jul-2026,142.31,147.73,141.3,145.19,121100
PWP,08-Jul-2026,16.02,16.31,14.84,14.94,1012500
PWRD,08-Jul-2026,111.65,114.215,110.1,113.72,73600
PWRL,08-Jul-2026,14.59,15.25,14.11,14.27,72200
PXI,08-Jul-2026,56.1,57.06,56.1,56.992,233000
PXLW,08-Jul-2026,5.8,6.19,5.8,6.19,31500
PXS,08-Jul-2026,4.11,4.315,4.0701,4.16,41900
PY,08-Jul-2026,54.71,55.0099,54.63,54.6594,22600
PYPD,08-Jul-2026,5.3,5.49,5.15,5.21,270000
PYPG,08-Jul-2026,5.6,5.6,5.23,5.42,538100
PYPL,08-Jul-2026,45.09,45.28,43.73,44.53,9601100
PYXS,08-Jul-2026,3.03,3.07,2.63,2.69,1353300
PYZ,08-Jul-2026,119.74,119.7595,119.74,119.7595,600
PZZA,08-Jul-2026,34.59,34.77,33.71,33.89,695000
QABA,08-Jul-2026,67.01,67.01,65.72,65.9376,2800
QALT,08-Jul-2026,26.5,26.5,26.16,26.29,10700
QAT,08-Jul-2026,17.95,18.015,17.89,17.945,8200
QB,08-Jul-2026,47.0554,47.0554,47.0554,47.0554,100
QBIG,08-Jul-2026,39.53,39.8087,39.33,39.8087,2600
QBTZ,08-Jul-2026,4.76,4.94,4.38,4.74,2122300
QBUF,08-Jul-2026,30.31,30.4287,30.2199,30.4287,93000
QBY,08-Jul-2026,7.78,7.79,7.74,7.765,12200
QCLN,08-Jul-2026,54.33,55.05,53.38,55,296900
QCLR,08-Jul-2026,28.2766,28.2766,28.2766,28.2766,100
QCLS,08-Jul-2026,3.62,3.685,3.55,3.66,131300
QCMD,08-Jul-2026,16.49,16.71,16.24,16.2623,12500
QCML,08-Jul-2026,18.71,20.13,18.71,20.02,845200
QCMU,08-Jul-2026,23.21,25.0275,23.21,24.86,68800
QCOM,08-Jul-2026,180.52,187.12,180.505,186.56,10306800
QCRH,08-Jul-2026,95.83,96.24,93.655,94.52,135000
QDEL,08-Jul-2026,16.78,17.33,15.49,17.25,1756400
QDTY,08-Jul-2026,40.04,40.3066,39.67,40.3066,11200
QETA,08-Jul-2026,11.61,11.97,11.555,11.74,93700
QEW,08-Jul-2026,29.21,29.52,29.21,29.517,12500
QFIN,08-Jul-2026,14.78,14.9,14.365,14.75,1267800
QGRD,08-Jul-2026,29.48,29.5864,29.285,29.5864,6200
QH,08-Jul-2026,6.4,6.57,6.005,6.22,32400
QHDG,08-Jul-2026,30.255,30.255,30.255,30.255,100
QLDY,08-Jul-2026,43.63,43.9672,43.2,43.9672,23600
QLYS,08-Jul-2026,155.57,157.72,153.29,153.54,802800
QMCO,08-Jul-2026,9.89,10.69,9.83,10.6,1419900
QMID,08-Jul-2026,29.1171,29.1171,29.1171,29.1171,100
QMOM,08-Jul-2026,76.125,76.47,75.16,76.4429,20800
QNCX,08-Jul-2026,17.58,17.84,16.9,17.25,10000
QNDX,08-Jul-2026,23.94,24.114,23.75,24.1,546500
QNRX,08-Jul-2026,4.64,4.73,4.45,4.72,49300
QNST,08-Jul-2026,16.13,16.37,16.055,16.34,572200
QNT,08-Jul-2026,76.05,78.88,75.1,75.61,1209000
QNTM,08-Jul-2026,3.31,3.36,3.11,3.27,97700
QNXT,08-Jul-2026,30.825,30.825,30.67,30.8159,1400
QOWZ,08-Jul-2026,34.2905,34.2905,34.2905,34.2905,100
QPUX,08-Jul-2026,20.48,21.7,19.75,20.96,108200
QQA,08-Jul-2026,55.86,56.407,55.57,56.2993,142800
QQDN,08-Jul-2026,23.29,23.29,22.6844,22.6844,1700
QQEW,08-Jul-2026,156.7,157.11,155.1403,156.98,19500
QQHG,08-Jul-2026,65.37,65.5484,65.21,65.5484,300
QQLV,08-Jul-2026,24.8118,24.8118,24.8118,24.8118,100
QQMG,08-Jul-2026,48.81,49.3819,48.67,49.3819,10300
QQQ,08-Jul-2026,704.95,712.2599,700.91,711.44,35603100
QQQA,08-Jul-2026,73.98,76.01,73.3003,75.76,40800
QQQE,08-Jul-2026,118.65,119.17,117.87,119.05,254900
QQQG,08-Jul-2026,30.6,31.05,30.4855,31.0452,7500
QQQH,08-Jul-2026,54.65,55.0418,54.4701,55.0418,10200
QQQI,08-Jul-2026,54.88,55.395,54.565,55.34,7037200
QQQJ,08-Jul-2026,44.81,44.95,44.3,44.88,185200
QQQM,08-Jul-2026,290.27,293.25,288.62,292.87,2407800
QQQP,08-Jul-2026,213.46,217.3815,213.46,217.3815,2100
QQQS,08-Jul-2026,43.5,43.8916,42.99,43.8916,46400
QQQT,08-Jul-2026,17.96,18.1024,17.85,18.1024,29900
QQQX,08-Jul-2026,30.03,30.05,29.6,29.99,113600
QQQY,08-Jul-2026,23,23.17,22.86,23.13,115700
QQUP,08-Jul-2026,57.3,58.825,57.3,58.825,1200
QQWZ,08-Jul-2026,28.215,28.44,28.1,28.4251,6600
QQXL,08-Jul-2026,53.79,55.0429,53.36,55.0429,1700
QQXT,08-Jul-2026,99.01,99.02,98.8139,98.8139,2900
QRHC,08-Jul-2026,1.27,1.3,1.22,1.25,22700
QRMI,08-Jul-2026,15.34,15.4026,15.31,15.4026,2700
QRVO,08-Jul-2026,84.7,84.94,82.83,83.87,1298200
QS,08-Jul-2026,6.65,6.75,6.38,6.63,33760500
QSEAR,08-Jul-2026,0.16,0.2007,0.1518,0.1627,5700
QSI,08-Jul-2026,0.8855,0.93,0.8855,0.9127,3422600
QSIX,08-Jul-2026,41.93,42.1616,41.765,42.1616,1900
QSML,08-Jul-2026,33.11,33.1527,33.11,33.1527,400
QTEC,08-Jul-2026,307.6,313.62,306.12,312.89,162600
QTEX,08-Jul-2026,1.56,1.62,1.52,1.61,2698600
QTEXW,08-Jul-2026,0.025,0.027,0.025,0.0254,3400
QTI,08-Jul-2026,3.95,3.95,3.71,3.735,21300
QTOP,08-Jul-2026,36.83,37.3,36.64,37.29,161200
QTR,08-Jul-2026,34.215,34.282,34.1401,34.282,800
QTRX,08-Jul-2026,3.95,4,3.77,3.87,433100
QTTB,08-Jul-2026,13.46,14.42,12.65,14.08,436300
QTUM,08-Jul-2026,150,153,149.75,152.47,331800
QUBT,08-Jul-2026,8.52,8.9,8.495,8.75,8226700
QUCY,08-Jul-2026,1.32,1.42,1.28,1.35,1521800
QUIK,08-Jul-2026,14.82,15.81,14.785,15.67,330700
QUMSR,08-Jul-2026,0.1488,0.1754,0.1411,0.1722,18500
QURE,08-Jul-2026,41.42,43.59,40.75,43.49,1904900
QVAL,08-Jul-2026,56.16,56.16,55.7818,56.0101,122400
QVOL,08-Jul-2026,98.8,99.58,97.97,99.5171,18100
QXL,08-Jul-2026,5.3,5.3514,4.83,5,50100
QXQ,08-Jul-2026,31.17,31.6,31.05,31.5713,6300
QYLD,08-Jul-2026,17.96,18.145,17.87,18.13,4493600
QYLG,08-Jul-2026,29.39,29.63,29.16,29.5925,35000
RAA,08-Jul-2026,29.22,29.3401,29.15,29.3401,28400
RACC,08-Jul-2026,10.4,11,10.4,10.8,22100
RADX,08-Jul-2026,4.18,4.3308,4.11,4.3261,11000
RAIL,08-Jul-2026,8.02,8.27,7.975,8.15,219600
RAIN,08-Jul-2026,2,2.0404,1.9001,1.92,12100
RAINW,08-Jul-2026,0.18,0.1888,0.18,0.1888,1400
RAND,08-Jul-2026,10.3,10.3,10.3,10.3,900
RANGR,08-Jul-2026,0.24,0.24,0.225,0.23,11000
RANGU,08-Jul-2026,10.9,10.9,10.9,10.9,200
RANI,08-Jul-2026,0.68,0.7,0.66,0.693,631700
RAPP,08-Jul-2026,39.65,43,38.48,41.99,981800
RARE,08-Jul-2026,35.24,35.79,34.195,34.67,2775800
RAUS,08-Jul-2026,29.17,29.27,29.06,29.2486,12800
RAVE,08-Jul-2026,3.3,3.35,3.17,3.3,15600
RAY,08-Jul-2026,2.74,3.06,2.74,3.06,5600
RAYA,08-Jul-2026,2.7,2.7948,2.6734,2.78,14800
RBB,08-Jul-2026,26.55,26.59,26.15,26.21,186700
RBBN,08-Jul-2026,2.1,2.22,2.08,2.21,880000
RBCAA,08-Jul-2026,90.25,90.25,87.49,87.73,193800
RBIL,08-Jul-2026,50.04,50.05,49.99,50.035,56000
RBKB,08-Jul-2026,17.07,17.2299,17.06,17.11,16200
RBNE,08-Jul-2026,0.515,0.5169,0.431,0.4622,1112000
RCAT,08-Jul-2026,9.34,9.72,8.96,9.17,8930600
RCAX,08-Jul-2026,4.54,4.87,4.19,4.39,489100
RCEL,08-Jul-2026,4.98,4.985,4.65,4.65,166100
RCGE,08-Jul-2026,29.9349,29.9349,29.9349,29.9349,100
RCKT,08-Jul-2026,4.03,4.3,4.0002,4.24,4053200
RCKTW,08-Jul-2026,0.003,0.003,0.0027,0.003,79500
RCKY,08-Jul-2026,39.99,39.99,38.5,38.96,62400
RCMT,08-Jul-2026,27.48,28.2,27.19,27.65,42500
RCON,08-Jul-2026,0.4051,0.4442,0.3992,0.411,36500
RCT,08-Jul-2026,0.239,0.2484,0.229,0.229,869900
RDAC,08-Jul-2026,5.025,5.43,5.025,5.3,3400
RDAG,08-Jul-2026,10.36,10.36,10.335,10.335,1100
RDAGW,08-Jul-2026,0.37,0.37,0.37,0.37,300
RDCM,08-Jul-2026,14.08,14.265,13.8,14.19,56600
RDGT,08-Jul-2026,1.38,1.5,1.1787,1.44,1457400
RDHL,08-Jul-2026,0.75,0.75,0.693,0.71,59300
RDI,08-Jul-2026,1.245,1.25,1.2334,1.25,4500
RDNT,08-Jul-2026,66.9,67.2,65.3297,65.59,673600
RDNW,08-Jul-2026,5.9,6.1052,5.82,5.88,147500
RDTL,08-Jul-2026,25.65,27,24.35,25.96,218600
RDTY,08-Jul-2026,38.12,38.13,37.665,37.935,11300
RDVT,08-Jul-2026,66.28,67,64.7,66.17,178100
RDVY,08-Jul-2026,79.37,79.37,78.52,78.86,1055100
RDWR,08-Jul-2026,30.49,30.57,29.93,30.41,105200
RDZN,08-Jul-2026,1.26,1.285,1.185,1.22,539500
REAI,08-Jul-2026,21.08,21.0891,21.08,21.0891,100
REAL,08-Jul-2026,10.63,10.9,10.035,10.47,4077600
REAX,08-Jul-2026,2.2,2.235,2.09,2.2,4609200
REBN,08-Jul-2026,1.52,1.6399,1.495,1.5,20200
RECT,08-Jul-2026,1.23,1.2598,1.2,1.2598,3300
REFI,08-Jul-2026,10.71,10.81,10.65,10.68,98000
REFR,08-Jul-2026,0.531,0.55,0.53,0.535,25600
REG,08-Jul-2026,80.71,80.71,79.56,79.72,948200
REGCO,08-Jul-2026,22.24,22.39,22.22,22.22,2100
REGCP,08-Jul-2026,23.28,23.3,23.28,23.3,1300
REGN,08-Jul-2026,669.11,670.35,661.43,662.88,746800
REIT,08-Jul-2026,30.95,30.95,30.44,30.4454,6300
REKR,08-Jul-2026,0.693,0.693,0.6538,0.6641,1334500
RELL,08-Jul-2026,15.91,16.7,15.91,16.63,144300
RELY,08-Jul-2026,23.83,23.9,23.02,23.1,2372400
REMG,08-Jul-2026,35.68,36.0989,35.59,36.0989,5400
RENT,08-Jul-2026,3.41,3.48,3.3448,3.37,34400
RENX,08-Jul-2026,2.1,2.15,2.02,2.1,57400
REPL,08-Jul-2026,11.48,11.68,10.84,11.12,3269400
RETO,08-Jul-2026,2.63,2.7786,2.63,2.755,5300
REVB,08-Jul-2026,0.9863,0.99,0.9588,0.9681,19500
REVBW,08-Jul-2026,0.0099,0.0099,0.0099,0.0099,100
REXC,08-Jul-2026,18.1,18.49,17.9,18.4729,77600
REYN,08-Jul-2026,26.13,26.165,25.31,25.69,1314500
RFAIR,08-Jul-2026,0.1,0.1,0.1,0.1,100
RFAM,08-Jul-2026,9.94,9.94,9.94,9.94,100
RFAMU,08-Jul-2026,10,10,10,10,100
RFDI,08-Jul-2026,87.24,87.286,87.215,87.286,1600
RFEM,08-Jul-2026,92.74,93.28,92.39,93.28,2800
RFIL,08-Jul-2026,16.98,17.4,16.5,17.12,262100
RGC,08-Jul-2026,5.82,7.69,5.7999,6.49,1460200
RGCO,08-Jul-2026,23.95,24.06,23.76,24.02,7800
RGEN,08-Jul-2026,137.67,138.8799,135.08,137.41,689000
RGLD,08-Jul-2026,192.76,193.8789,187.53,191.93,875900
RGLO,08-Jul-2026,32.52,32.68,32.3953,32.6529,19300
RGNX,08-Jul-2026,14.99,15.88,14.87,15.23,2388200
RGP,08-Jul-2026,4.7,4.72,4.445,4.61,394600
RGS,08-Jul-2026,27.8,27.8791,27.45,27.49,2000
RGTI,08-Jul-2026,16.25,17.06,16.2,16.92,19333600
RGTIW,08-Jul-2026,6.98,7.7,6.98,7.57,55700
RGTX,08-Jul-2026,12.83,14.08,12.83,13.86,827000
RGTZ,08-Jul-2026,5,5.049,4.55,4.61,4696600
RGYY,08-Jul-2026,7.44,7.49,7.44,7.4853,14800
RICK,08-Jul-2026,26.35,26.35,25.43,25.99,34800
RIFR,08-Jul-2026,28.875,28.905,28.85,28.8664,3100
RIGL,08-Jul-2026,41.24,43,41.24,42.93,313600
RILY,08-Jul-2026,7.37,7.5,6.99,7.19,603800
RILYG,08-Jul-2026,24.37,24.39,24.35,24.39,2500
RILYL,08-Jul-2026,14.23,14.56,14.05,14.27,5100
RILYN,08-Jul-2026,24.99,25,24.98,24.98,7600
RILYP,08-Jul-2026,14.2711,14.2711,13.82,14.11,20200
RILYT,08-Jul-2026,20.41,20.5699,20.01,20.56,23300
RILYZ,08-Jul-2026,18.48,18.48,18.24,18.43,15600
RIME,08-Jul-2026,0.47,0.4945,0.44,0.4741,604200
RING,08-Jul-2026,63.9,64.44,61.865,63.24,640500
RINT,08-Jul-2026,31.7,31.82,31.5,31.7884,10900
RIOT,08-Jul-2026,21.23,21.83,20.4801,21.09,14044600
RITR,08-Jul-2026,0.3569,0.3569,0.288,0.2992,3154100
RIVN,08-Jul-2026,15.67,16.79,15.4307,16.66,110858900
RJET,08-Jul-2026,20.63,20.645,19.67,20.05,97400
RKDA,08-Jul-2026,0.69,0.722,0.6522,0.6833,448700
RKLB,08-Jul-2026,86.5,86.5,81,83.35,19194500
RKLX,08-Jul-2026,31.31,31.32,27.52,29.15,3104800
RKLZ,08-Jul-2026,3.3,3.75,3.3,3.54,15334000
RKNG,08-Jul-2026,24.6,24.9,24.6,24.9,1600
RKTO,08-Jul-2026,0.85,0.8611,0.7601,0.8024,1919900
RLAY,08-Jul-2026,19.71,20.19,18.37,19.63,4312200
RLMD,08-Jul-2026,6.35,6.665,6.315,6.41,1971900
RLYB,08-Jul-2026,15.62,15.74,15.62,15.68,18600
RMBI,08-Jul-2026,14.55,14.85,14.55,14.82,56200
RMBS,08-Jul-2026,104.75,110,103.99,109.64,2273000
RMCF,08-Jul-2026,1.07,1.11,1.03,1.09,73500
RMCO,08-Jul-2026,2.34,2.6499,2.34,2.44,30100
RMIX,08-Jul-2026,20.11,20.67,18.835,18.91,289000
RMNI,08-Jul-2026,4.68,4.76,4.66,4.67,290500
RMR,08-Jul-2026,19.5,20.05,19.485,19.87,147900
RMSG,08-Jul-2026,0.46,0.46,0.4369,0.444,161800
RMSGW,08-Jul-2026,0.0271,0.0367,0.0271,0.0367,10900
RMTI,08-Jul-2026,6.06,6.12,5.5701,5.63,26500
RNA,08-Jul-2026,13.07,13.38,12.86,13.37,203100
RNAC,08-Jul-2026,9.93,10.56,9.83,10.25,169900
RNAZ,08-Jul-2026,8.54,8.54,7.3,7.875,34100
RNEM,08-Jul-2026,55.2,55.3136,55.2,55.3136,500
RNGTW,08-Jul-2026,0.3502,0.3502,0.3502,0.3502,100
RNIN,08-Jul-2026,32.97,33.0236,32.89,33.0236,2900
RNRG,08-Jul-2026,34.67,34.97,34.47,34.855,900
RNTX,08-Jul-2026,0.9921,1.0099,0.9506,0.97,159500
RNW,08-Jul-2026,6.01,6.23,5.979,6.21,1065600
RNWWW,08-Jul-2026,0.0036,0.0036,0.002,0.0032,3600
RNXT,08-Jul-2026,0.9188,0.9275,0.89,0.9,108300
ROAD,08-Jul-2026,101.33,103.49,100.835,101.9,670200
ROBT,08-Jul-2026,55.13,55.3373,54.5961,55.3373,39500
ROC,08-Jul-2026,5.03,5.55,4.96,5.3,32600
ROCK,08-Jul-2026,42.66,43.135,40.19,41.26,344200
ROCQ,08-Jul-2026,55.3,55.8091,54.98,55.8091,103400
ROCY,08-Jul-2026,54.04,54.12,53.8,54.1088,33500
ROE,08-Jul-2026,41.77,41.99,41.64,41.9688,51800
ROIV,08-Jul-2026,36.15,36.625,35.41,36.09,4267900
ROKU,08-Jul-2026,141,141.38,139.19,139.25,3707700
ROMA,08-Jul-2026,8.57,8.87,8.08,8.255,17900
ROOT,08-Jul-2026,63.6,67.49,62.39,66.21,280600
ROP,08-Jul-2026,360.42,362.86,350.47,354.89,1074600
ROST,08-Jul-2026,215.04,218.95,213.26,217.72,2369200
RPAY,08-Jul-2026,4.07,4.07,3.89,3.91,303900
RPD,08-Jul-2026,10.722,11.5393,10.722,11.48,4102200
RPGL,08-Jul-2026,1.76,1.84,1.76,1.78,8589100
RPID,08-Jul-2026,1.73,1.77,1.7,1.72,175500
RPRX,08-Jul-2026,57.84,58.55,57.58,58.37,3281200
RR,08-Jul-2026,1.8,1.825,1.75,1.81,11727800
RRBI,08-Jul-2026,96.68,96.68,94.81,95.42,81800
RREV,08-Jul-2026,9.9,9.9,9.87,9.875,15400
RREVU,08-Jul-2026,10.06,10.06,10.06,10.06,4400
RRGB,08-Jul-2026,6.5,6.7,6.25,6.57,202300
RRR,08-Jul-2026,65.83,65.98,63.105,63.32,666000
RSSS,08-Jul-2026,2.31,2.3481,2.31,2.31,11300
RSVR,08-Jul-2026,10.13,10.275,10,10.18,49800
RSVRW,08-Jul-2026,0.1,0.1,0.1,0.1,300
RTAC,08-Jul-2026,10.52,10.59,10.5,10.55,25500
RTACU,08-Jul-2026,10.935,10.95,10.935,10.95,2300
RTACW,08-Jul-2026,0.8049,0.8998,0.8049,0.82,2000
RTB,08-Jul-2026,16.83,20.49,16.13,19.28,294000
RTH,08-Jul-2026,257.84,257.84,257.06,257.6191,4100
RTXG,08-Jul-2026,24.57,24.7453,23.55,23.58,10900
RTYY,08-Jul-2026,10.91,10.96,10.875,10.875,2700
RUBI,08-Jul-2026,4.68,4.68,4.28,4.56,17200
RUM,08-Jul-2026,6.1,6.3,6.04,6.28,1962900
RUMBW,08-Jul-2026,1.744,1.84,1.6901,1.83,7600
RUN,08-Jul-2026,12.21,12.68,11.255,12.01,22687400
RUNN,08-Jul-2026,33.05,33.05,32.72,32.8157,27100
RUSC,08-Jul-2026,37.835,37.87,37.5115,37.773,4200
RUSHA,08-Jul-2026,72.08,72.7,70.875,72.57,340600
RUSHB,08-Jul-2026,75.18,75.49,73.8,75.49,91100
RVMD,08-Jul-2026,190,193.48,186.78,189.77,1983100
RVMDW,08-Jul-2026,9.78,10,9.41,9.66,31100
RVNL,08-Jul-2026,25.33,29.0288,24.59,28.71,191700
RVSB,08-Jul-2026,5.28,5.32,5.21,5.27,87300
RVSN,08-Jul-2026,4.59,4.87,4.55,4.81,12600
RVSNW,08-Jul-2026,0.0219,0.0219,0.0219,0.0219,400
RWAY,08-Jul-2026,5.34,5.4301,5.21,5.31,1063400
RWAYI,08-Jul-2026,24.6,24.7499,24.6,24.6501,2900
RWAYL,08-Jul-2026,25.4,25.4,25.33,25.33,1600
RWIN,08-Jul-2026,26.22,26.22,26.22,26.22,100
RXRX,08-Jul-2026,3.72,3.8083,3.63,3.72,22705600
RXST,08-Jul-2026,5.55,5.9,5.305,5.34,1361300
RXT,08-Jul-2026,6.61,7.74,6.0802,6.58,22431900
RYAAY,08-Jul-2026,64.9,65.8,64.48,65.51,2991000
RYET,08-Jul-2026,0.9631,1.07,0.9631,1.06,17700
RYM,08-Jul-2026,23.85,23.85,22.52,22.61,6000
RYOJ,08-Jul-2026,2.85,2.99,2.7822,2.95,147300
RYTM,08-Jul-2026,112.75,114.67,111.23,114.43,763000
RZLT,08-Jul-2026,4.9,5.04,4.8,4.96,1831400
RZLV,08-Jul-2026,2.71,2.71,2.57,2.64,10437200
RZLVW,08-Jul-2026,0.902,0.9025,0.891,0.891,4500
SAAQ,08-Jul-2026,10.18,10.25,10.16,10.16,6900
SAAQU,08-Jul-2026,10.69,10.69,10.69,10.69,2000
SABR,08-Jul-2026,2.005,2.005,1.92,1.95,4385500
SABS,08-Jul-2026,3.87,3.9,3.72,3.77,1064900
SABSW,08-Jul-2026,0.024,0.024,0.0111,0.0117,344000
SAFT,08-Jul-2026,78.39,78.46,77.07,77.38,119400
SAFX,08-Jul-2026,0.4796,0.49,0.4528,0.4651,2386700
SAGT,08-Jul-2026,0.93,0.9599,0.904,0.9222,223200
SAIA,08-Jul-2026,416.01,422.27,401.53,414.65,596800
SAIC,08-Jul-2026,113.47,113.65,112.31,113.24,318000
SAIH,08-Jul-2026,12.9429,12.9429,12,12.03,3300
SAIL,08-Jul-2026,15.89,16.15,15.085,15.11,7473700
SAMG,08-Jul-2026,10.61,10.7,10.45,10.49,66000
SANA,08-Jul-2026,3.98,4.21,3.86,3.98,3375600
SANG,08-Jul-2026,4.01,4.07,3.95,3.95,1400
SANM,08-Jul-2026,202.34,210,199.46,209.56,782700
SARK,08-Jul-2026,27.24,27.6544,27.03,27.15,296600
SATA,08-Jul-2026,96.9,97.25,95.61,96.3,112700
SATL,08-Jul-2026,4.775,5.11,4.67,4.73,5236300
SATLW,08-Jul-2026,0.79,0.88,0.75,0.8,27700
SBAC,08-Jul-2026,183.67,184.55,181.23,181.99,1281100
SBC,08-Jul-2026,2.96,3.0492,2.88,2.97,157100
SBCF,08-Jul-2026,32.53,32.64,31.68,31.85,1496600
SBET,08-Jul-2026,5.28,5.515,5.16,5.43,10408500
SBFG,08-Jul-2026,26.32,26.49,25.47,25.59,43000
SBFM,08-Jul-2026,2.06,2.1499,2.05,2.12,46700
SBFMW,08-Jul-2026,0.045,0.045,0.042,0.042,900
SBGI,08-Jul-2026,14.78,14.9,14.22,14.34,614300
SBLK,08-Jul-2026,26.2,26.6,26.025,26.46,1043900
SBRA,08-Jul-2026,20.11,20.26,19.975,20.03,3256800
SBU,08-Jul-2026,19.67,20.3755,19.6,20.3755,900
SBUX,08-Jul-2026,104.29,104.3,101.85,103.87,7084100
SCA,08-Jul-2026,20.4203,20.4203,20.4203,20.4203,100
SCAG,08-Jul-2026,0.3779,0.3986,0.3675,0.3804,346400
SCDS,08-Jul-2026,75.1693,75.1693,75.1693,75.1693,100
SCHL,08-Jul-2026,45.92,46.255,44.82,45.27,267200
SCIIR,08-Jul-2026,0.1751,0.1758,0.1751,0.1751,5200
SCKT,08-Jul-2026,0.57,0.5899,0.541,0.5883,121000
SCLX,08-Jul-2026,9.65,10.36,9.05,9.13,112900
SCLXW,08-Jul-2026,0.205,0.2075,0.205,0.2075,5200
SCNI,08-Jul-2026,0.2522,0.27,0.241,0.27,103600
SCNX,08-Jul-2026,0.345,0.3455,0.3106,0.3314,224200
SCOR,08-Jul-2026,6.85,7.06,6.85,7.06,8000
SCSC,08-Jul-2026,51.02,51.825,50.45,51.63,181700
SCWO,08-Jul-2026,2.03,2.03,1.87,1.94,49500
SCYX,08-Jul-2026,4.58,4.78,4.43,4.68,89500
SCZ,08-Jul-2026,82.28,82.7,81.77,82.67,2857900
SCZM,08-Jul-2026,6.23,6.41,6.0212,6.24,532900
SDA,08-Jul-2026,0.9415,0.96,0.9,0.9,176300
SDG,08-Jul-2026,87.48,88.36,87.48,88.1892,5300
SDGR,08-Jul-2026,15.98,16.335,15.74,16.09,1033200
SDHI,08-Jul-2026,10.44,10.44,10.44,10.44,100
SDHIR,08-Jul-2026,0.17,0.17,0.17,0.17,1400
SDOT,08-Jul-2026,33.02,38,11,20.31,3850500
SDSI,08-Jul-2026,51.14,51.14,51.1,51.115,25000
SDST,08-Jul-2026,1.62,1.8,1.6,1.68,1776400
SDSTW,08-Jul-2026,0.11,0.1211,0.11,0.1107,1500
SDTY,08-Jul-2026,41.2,41.41,41.049,41.4018,10200
SDVY,08-Jul-2026,42.84,42.85,42.24,42.37,1036000
SEAT,08-Jul-2026,6.52,6.94,6.4,6.9,63300
SEATW,08-Jul-2026,0.0302,0.0302,0.0261,0.0261,11300
SEDG,08-Jul-2026,50.34,52.7995,47.75,52.41,3420000
SEED,08-Jul-2026,1,1.04,1,1.015,5000
SEEM,08-Jul-2026,38.42,38.83,38.07,38.76,120200
SEER,08-Jul-2026,2.22,2.22,2.1401,2.18,1328400
SEGG,08-Jul-2026,0.7663,0.8,0.725,0.7993,162800
SEIC,08-Jul-2026,95.32,95.9,93.62,94.51,709300
SEIE,08-Jul-2026,35.14,35.77,34.85,35.14,254100
SEIS,08-Jul-2026,32.43,32.43,31.8501,32.2205,49100
SELF,08-Jul-2026,5.18,5.2499,5.1601,5.23,11700
SEMY,08-Jul-2026,14.84,14.96,14.77,14.9,178500
SENEA,08-Jul-2026,177.46,181.9,176.31,177.76,88000
SENS,08-Jul-2026,5.25,5.45,5.12,5.31,663600
SEPN,08-Jul-2026,35.37,37.26,34.75,36.4,945100
SERA,08-Jul-2026,2.01,2.06,1.9159,2.05,13700
SERV,08-Jul-2026,5.91,6.02,5.76,5.89,2874600
SETM,08-Jul-2026,29.39,29.7053,28.74,29.51,266600
SEV,08-Jul-2026,2.05,2.18,1.97,2.1,314600
SEVN,08-Jul-2026,8.32,8.45,8.2801,8.36,85400
SEZL,08-Jul-2026,173,175.25,165,167.32,881800
SFBC,08-Jul-2026,44,44,42.65,43.04,11900
SFD,08-Jul-2026,25.17,25.215,24.71,24.87,1275900
SFHG,08-Jul-2026,2.48,2.48,2.45,2.45,1100
SFIX,08-Jul-2026,3.66,3.6831,3.51,3.55,1327300
SFLO,08-Jul-2026,35.54,35.56,35.21,35.405,67600
SFM,08-Jul-2026,84.22,84.65,78.565,80.255,3131700
SFNC,08-Jul-2026,22.69,22.71,22.095,22.24,1163300
SFST,08-Jul-2026,60.75,61.45,59.2615,59.46,118600
SFWL,08-Jul-2026,0.845,0.8825,0.835,0.835,1000
SGA,08-Jul-2026,8.96,9.0333,8.8,8.91,10200
SGC,08-Jul-2026,12.97,12.97,12.6,12.7,44100
SGHT,08-Jul-2026,5.31,5.47,5.2,5.35,210100
SGLY,08-Jul-2026,0.2869,0.301,0.2869,0.2872,12400
SGML,08-Jul-2026,11.57,11.77,11.12,11.53,1442600
SGMT,08-Jul-2026,7.69,7.71,7.14,7.44,1278900
SGP,08-Jul-2026,19.5,21.49,19.5,20.46,140800
SGRP,08-Jul-2026,0.82,0.82,0.81,0.8198,6100
SGRY,08-Jul-2026,16.92,17,16.22,16.5,1315300
SGVA,08-Jul-2026,100.26,100.27,100.26,100.265,2700
SHAZ,08-Jul-2026,69.71,76.99,67.45,76.17,1764400
SHBI,08-Jul-2026,22.51,22.62,22.06,22.22,223500
SHC,08-Jul-2026,17.92,17.99,17.435,17.47,3381600
SHEN,08-Jul-2026,12.77,13.33,12.72,12.94,372400
SHFS,08-Jul-2026,0.2289,0.2307,0.2137,0.2219,214300
SHIM,08-Jul-2026,3.64,3.77,3.58,3.67,43200
SHIP,08-Jul-2026,14.02,14.51,14.02,14.47,104000
SHLS,08-Jul-2026,9.85,10.17,9.6,9.775,5001000
SHMD,08-Jul-2026,5,5.008,4.5501,4.99,1258700
SHMDW,08-Jul-2026,1.5,1.58,1.23,1.44,76700
SHOE,08-Jul-2026,15.06,15.2,14.8,15.11,643100
SHOO,08-Jul-2026,39.39,40.035,38.26,39.02,1114500
SHOP,08-Jul-2026,120.93,120.94,115.17,119.22,5652400
SHOTU,08-Jul-2026,10,10,9.97,10,400
SHPH,08-Jul-2026,3.34,3.57,3.1201,3.57,2391400
SHPU,08-Jul-2026,12.47,12.47,11.26,12.0755,95400
SHRY,08-Jul-2026,43.6084,43.6084,43.6084,43.6084,100
SHY,08-Jul-2026,81.86,81.86,81.81,81.84,2179300
SIBN,08-Jul-2026,17.05,17.35,16.83,16.89,1292200
SIDU,08-Jul-2026,2.27,2.3999,2.21,2.25,6047100
SIEB,08-Jul-2026,1.65,1.66,1.62,1.65,16400
SIFY,08-Jul-2026,14.61,15.16,14.61,15.12,26000
SIGA,08-Jul-2026,3.66,3.66,3.505,3.54,588600
SIGI,08-Jul-2026,98.73,98.73,96.94,96.99,433100
SIGIP,08-Jul-2026,15.82,15.84,15.76,15.76,3300
SILC,08-Jul-2026,38.92,42.04,38.92,41.61,94800
SILO,08-Jul-2026,5.78,6.91,5.685,6.78,266100
SIMA,08-Jul-2026,10.89,10.94,10.8752,10.94,4600
SIMO,08-Jul-2026,293.96,315.01,292.01,313.3,914800
SINT,08-Jul-2026,1.81,1.88,1.75,1.79,24900
SION,08-Jul-2026,44.48,46.98,43.29,44,573800
SIRI,08-Jul-2026,30.605,30.76,29.895,30.26,4865200
SITM,08-Jul-2026,585.04,615.62,580,612.13,514900
SJ,08-Jul-2026,0.95,1,0.94,0.9641,33900
SJCP,08-Jul-2026,25.08,25.1,25.03,25.03,400
SJLD,08-Jul-2026,25.175,25.175,25.175,25.175,100
SKIN,08-Jul-2026,1.1,1.22,0.9811,1.05,6882200
SKK,08-Jul-2026,4.61,4.81,4.61,4.8,5100
SKOR,08-Jul-2026,48.16,48.19,48.11,48.18,55000
SKRE,08-Jul-2026,6.46,6.6,6.44,6.55,17300
SKWD,08-Jul-2026,61.97,62.54,60.2,60.37,522100
SKYA,08-Jul-2026,1.13,1.16,1.09,1.14,170600
SKYAW,08-Jul-2026,0.0257,0.0257,0.02,0.0248,10400
SKYE,08-Jul-2026,0.7,0.7185,0.7,0.703,24600
SKYQ,08-Jul-2026,3.47,4.39,3.14,3.82,59447700
SKYT,08-Jul-2026,32.75,33.63,32.6,33.34,531600
SKYU,08-Jul-2026,37.57,38.4494,37.57,38.4494,7200
SKYW,08-Jul-2026,96.08,97.19,95.07,96.92,417400
SKYX,08-Jul-2026,1.04,1.2,1.03,1.18,2169000
SKYY,08-Jul-2026,137.11,139.12,136.48,138.85,262100
SLAB,08-Jul-2026,217.53,219.33,217.31,218.32,217400
SLBT,08-Jul-2026,4.29,4.69,4.2001,4.34,72900
SLDB,08-Jul-2026,10.86,11.34,10.63,11,1378300
SLDE,08-Jul-2026,20.95,20.95,20.34,20.47,1561900
SLDP,08-Jul-2026,2.35,2.41,2.32,2.38,4321700
SLDPW,08-Jul-2026,0.08,0.09,0.0751,0.08,35300
SLE,08-Jul-2026,2.98,2.98,2.78,2.88,42500
SLGB,08-Jul-2026,0.64,0.679,0.6213,0.679,118100
SLGL,08-Jul-2026,79,79,73.01,74.76,41300
SLM,08-Jul-2026,24.75,24.76,23.71,23.9,3365900
SLMBP,08-Jul-2026,73.65,74.12,73.6,74.12,1500
SLMT,08-Jul-2026,5.04,5.04,4.78,5.03,35600
SLN,08-Jul-2026,10.05,10.205,9.4234,9.95,494200
SLNG,08-Jul-2026,3.98,4.09,3.78,3.78,13100
SLNH,08-Jul-2026,1.16,1.31,1.15,1.3,18663100
SLNHP,08-Jul-2026,10.26,10.35,10.2,10.3,7200
SLP,08-Jul-2026,18.3,18.335,18.22,18.27,397500
SLQD,08-Jul-2026,50.12,50.14,50.09,50.135,323300
SLRC,08-Jul-2026,12.54,12.815,12.5,12.76,243300
SLS,08-Jul-2026,14.3,14.9899,12,13.76,15193900
SLSN,08-Jul-2026,0.72,0.7592,0.6911,0.7,48400
SLVO,08-Jul-2026,64.9,64.9,63.1001,64.2,92400
SLVR,08-Jul-2026,48.09,48.85,46.57,47.98,130000
SLXN,08-Jul-2026,2.6,2.68,2.5234,2.64,17400
SMBC,08-Jul-2026,75.67,75.67,74.235,74.59,83300
SMCF,08-Jul-2026,39.15,39.15,38.9625,38.9625,100
SMCI,08-Jul-2026,26.14,28.22,26.03,28.17,37264400
SMCIP,08-Jul-2026,47.89,49.73,47.01,49.56,176800
SMCL,08-Jul-2026,9.61,11.16,9.55,11.14,529200
SMCO,08-Jul-2026,29.69,29.79,29.51,29.7705,11000
SMCX,08-Jul-2026,6.94,8.11,6.94,8.1,5949400
SMCZ,08-Jul-2026,11.25,11.25,9.448,9.45,478000
SMH,08-Jul-2026,575.33,595,575.04,593,9521300
SMHC,08-Jul-2026,59.45,59.85,58.5,58.9942,39800
SMHX,08-Jul-2026,57.56,59.59,57.56,59.58,99900
SMID,08-Jul-2026,29.38,30.35,29.23,29.23,5500
SMMT,08-Jul-2026,15.75,15.88,15.39,15.69,2775700
SMOM,08-Jul-2026,27.68,27.7929,27.66,27.7929,5800
SMPL,08-Jul-2026,13.14,13.15,12.67,12.84,2626600
SMRI,08-Jul-2026,42.085,42.12,42.005,42.0905,6100
SMSI,08-Jul-2026,2.65,2.692,2.6,2.66,27500
SMST,08-Jul-2026,64.7,67.3,63.275,64.71,260000
SMTC,08-Jul-2026,125.29,130.86,122.89,128.84,3075100
SMTI,08-Jul-2026,24.5,24.92,23.71,24.23,48100
SMTK,08-Jul-2026,0.225,0.24,0.2111,0.221,502200
SMX,08-Jul-2026,16.37,16.38,14.445,15.55,36300
SMXT,08-Jul-2026,0.35,0.3599,0.3301,0.3356,168000
SMXWW,08-Jul-2026,0.02,0.0233,0.02,0.0229,15600
SMYY,08-Jul-2026,6.76,6.99,6.76,6.9737,22200
SNAG,08-Jul-2026,4.32,4.32,4.15,4.3174,15800
SNAL,08-Jul-2026,3.68,4.1198,3.56,4.06,345800
SND,08-Jul-2026,4.85,5.065,4.77,5.04,379600
SNDK,08-Jul-2026,1591.8,1734.69,1590,1727.18,12048600
SNDL,08-Jul-2026,1.3,1.32,1.28,1.31,1169000
SNDX,08-Jul-2026,22.98,25.24,22.95,24.56,4017700
SNES,08-Jul-2026,1.4093,1.415,1.38,1.38,29600
SNEX,08-Jul-2026,119.21,120.3,117,118.84,987500
SNFCA,08-Jul-2026,9.88,10.01,9.715,10.01,23800
SNGX,08-Jul-2026,0.38,0.3889,0.3649,0.37,488700
SNOA,08-Jul-2026,1.21,1.27,1.2,1.24,147400
SNPS,08-Jul-2026,436.14,436.54,425.8,434.5,1328000
SNSR,08-Jul-2026,47.47,47.99,47.09,47.96,7000
SNT,08-Jul-2026,1.82,1.91,1.76,1.85,32300
SNTG,08-Jul-2026,2.08,2.13,2.02,2.0394,5600
SNTI,08-Jul-2026,1.01,1.06,1,1.04,94500
SNWV,08-Jul-2026,10.68,10.68,10.01,10.1,108100
SNY,08-Jul-2026,42.63,43.095,42.54,42.78,1899900
SNYR,08-Jul-2026,0.2029,0.2029,0.195,0.1957,321900
SOBR,08-Jul-2026,0.789,0.85,0.7019,0.7348,59600
SOCL,08-Jul-2026,46.16,46.275,46.11,46.275,3000
SOFA,08-Jul-2026,14.07,14.6,13.6,14.5949,62300
SOFI,08-Jul-2026,17.34,17.75,17.08,17.73,90231000
SOFX,08-Jul-2026,9.49,9.97,9.23,9.96,771500
SOGP,08-Jul-2026,10.4,10.78,10.0821,10.78,17300
SOHU,08-Jul-2026,12.75,13.2,12.75,13.09,42200
SOLC,08-Jul-2026,15.45,15.4703,15.45,15.4703,2400
SOLS,08-Jul-2026,61.01,62.5,60,61.01,6559300
SOLT,08-Jul-2026,34.85,35.56,34.22,35.3,537800
SOLZ,08-Jul-2026,7.7,7.78,7.64,7.75,924800
SONM,08-Jul-2026,3.8,3.96,3.7,3.95,23100
SONO,08-Jul-2026,13.91,14.09,13.68,13.82,1645700
SOPH,08-Jul-2026,5.39,5.59,5.29,5.51,311900
SORA,08-Jul-2026,1.75,1.9,1.72,1.79,11400
SORNU,08-Jul-2026,10.03,10.03,10.03,10.03,200
SOTK,08-Jul-2026,5.53,5.64,5.16,5.34,50100
SOUN,08-Jul-2026,6.5,6.815,6.48,6.8,27387600
SOUNW,08-Jul-2026,1.8201,1.95,1.82,1.8601,7100
SOUX,08-Jul-2026,11.42,12.6,11.42,12.55,29300
SOWG,08-Jul-2026,4.16,4.175,3.82,3.92,26100
SOXQ,08-Jul-2026,95.6,99.26,95.6,98.95,2915300
SOXX,08-Jul-2026,544.66,564.5,543.87,562.03,7195300
SPAI,08-Jul-2026,3.77,3.86,3.65,3.83,76500
SPAM,08-Jul-2026,42.04,42.4526,42.04,42.4526,800
SPAQ,08-Jul-2026,93.2,93.2,93.2,93.2,100
SPBC,08-Jul-2026,47.135,47.38,46.91,47.3546,12200
SPCB,08-Jul-2026,10.36,10.55,10.05,10.295,38500
SPCK,08-Jul-2026,22.05,22.32,22.05,22.2997,4000
SPCT,08-Jul-2026,27.64,27.64,27.5439,27.5439,3600
SPCX,08-Jul-2026,152.55,152.93,145.2,148.3,60949400
SPFI,08-Jul-2026,42.66,43.11,41.3101,41.48,159200
SPHL,08-Jul-2026,2.95,3.24,2.93,3.09,169900
SPIT,08-Jul-2026,33.86,33.87,33.1336,33.5626,9800
SPKL,08-Jul-2026,12.4,12.4,12.02,12.14,46300
SPKLW,08-Jul-2026,1.86,1.97,1.75,1.81,48400
SPOG,08-Jul-2026,7,7.11,6.88,6.947,86700
SPOK,08-Jul-2026,10.46,10.57,10.41,10.46,112100
SPPL,08-Jul-2026,3.38,3.65,3.34,3.64,88700
SPRB,08-Jul-2026,50.69,51.37,48.61,49.8,57600
SPRC,08-Jul-2026,4.88,5.6,4.6,5.49,56700
SPRO,08-Jul-2026,2.14,2.23,2.125,2.17,303900
SPRX,08-Jul-2026,48.42,50,48.24,49.74,77000
SPRY,08-Jul-2026,7.6,8.14,7.49,8.1,2036500
SPSC,08-Jul-2026,59.85,60.71,59.04,59.09,455000
SPT,08-Jul-2026,8.12,8.15,7.84,8.04,780200
SPTX,08-Jul-2026,18.17,21.59,17.89,21.26,223400
SPWH,08-Jul-2026,1.27,1.33,1.26,1.29,466700
SPWR,08-Jul-2026,0.6,0.668,0.5935,0.6536,2278400
SPXD,08-Jul-2026,28.65,28.65,28.57,28.592,700
SPYQ,08-Jul-2026,184.43,185.7636,183.35,185.7636,1000
SQFT,08-Jul-2026,2.513,2.513,2.32,2.3593,4700
SQFTP,08-Jul-2026,5.83,5.83,5.45,5.45,8600
SQFTW,08-Jul-2026,0.0161,0.0169,0.0152,0.0152,7700
SQLV,08-Jul-2026,51.55,51.8,51.55,51.7806,1800
SQQQ,08-Jul-2026,41.18,41.855,39.93,40.08,65536200
SQS,08-Jul-2026,27.815,27.904,27.62,27.904,2500
SRAD,08-Jul-2026,15.67,16.235,15.6,16.16,1972400
SRBK,08-Jul-2026,18.92,19.07,18.825,18.88,16500
SRCE,08-Jul-2026,81.44,82.39,80.15,80.51,164800
SRET,08-Jul-2026,22.62,22.62,22.415,22.5264,33500
SRPT,08-Jul-2026,19.73,20.2999,19.36,20.21,3311700
SRRK,08-Jul-2026,56.25,57.1,54.985,56.03,757600
SRTA,08-Jul-2026,5.2,5.24,5.03,5.16,883700
SRTS,08-Jul-2026,3.04,3.06,2.94,2.96,36100
SRZN,08-Jul-2026,23,23.59,21.65,22.88,117400
SRZNW,08-Jul-2026,0.0095,0.0095,0.0095,0.0095,100
SSAC,08-Jul-2026,10,10.01,10,10.01,40400
SSII,08-Jul-2026,3.53,3.77,3.51,3.6,85900
SSM,08-Jul-2026,3.95,4.5,3.85,4.09,6600
SSNC,08-Jul-2026,66.3,67.034,65.155,65.42,1772800
SSP,08-Jul-2026,3.12,3.17,3.07,3.15,413000
SSRM,08-Jul-2026,29.05,29.69,27.04,28.2,3435900
SSS,08-Jul-2026,20.2944,20.2944,20.2944,20.2944,100
SSTI,08-Jul-2026,8.78,8.78,8.38,8.51,66700
SSYS,08-Jul-2026,8.11,8.4,8.1,8.38,595600
STAA,08-Jul-2026,26.55,28.35,25.88,28.15,1503000
STAK,08-Jul-2026,4.19,4.58,3.8,3.98,394100
STBA,08-Jul-2026,48.66,48.76,48.01,48.15,235900
STEP,08-Jul-2026,42.46,43.15,41.59,42.51,928700
STEX,08-Jul-2026,1.03,1.04,0.95,0.9648,1921700
STFS,08-Jul-2026,14.5,15.56,12.66,15.19,189100
STGW,08-Jul-2026,7.63,7.87,7.49,7.67,1465400
STHO,08-Jul-2026,8.98,9.13,8.7,8.91,15600
STI,08-Jul-2026,7.25,7.95,7.2,7.83,181300
STIM,08-Jul-2026,1.49,1.57,1.46,1.54,825100
STKE,08-Jul-2026,1.42,1.42,1.3101,1.4,136700
STKH,08-Jul-2026,0.63,0.64,0.61,0.6387,30300
STKS,08-Jul-2026,1.9,1.9,1.8,1.85,19600
STLD,08-Jul-2026,227.45,231.99,226.3,228.76,985100
STNC,08-Jul-2026,36.57,36.8136,36.56,36.8136,2300
STNE,08-Jul-2026,10.58,10.79,10.47,10.52,4551700
STOK,08-Jul-2026,32.85,33.345,31.71,32.65,1010900
STRA,08-Jul-2026,83.87,84.25,82.67,82.78,200300
STRC,08-Jul-2026,85.74,86.49,84.7405,86.17,1306200
STRD,08-Jul-2026,61,62.35,60.32,60.85,62900
STRF,08-Jul-2026,96.29,97,95.61,96.28,97200
STRK,08-Jul-2026,60.92,61,60.2501,60.42,43400
STRL,08-Jul-2026,670.57,695,646.05,660.72,691600
STRO,08-Jul-2026,31.89,33.09,29.69,31.84,424100
STRR,08-Jul-2026,11.1,11.11,11.1,11.1,1100
STRRP,08-Jul-2026,10,10,10,10,400
STRS,08-Jul-2026,27.75,28.095,27.25,27.41,91800
STRT,08-Jul-2026,75.03,77.42,74.035,76.07,128200
STRZ,08-Jul-2026,28.79,30.4,28.79,29.34,86500
STTK,08-Jul-2026,7.25,7.5,6.88,6.88,1033500
STX,08-Jul-2026,811.27,862.41,811.27,860.02,4935900
SUGP,08-Jul-2026,0.6492,0.7349,0.6399,0.7349,2395700
SUIG,08-Jul-2026,1.18,1.205,1.14,1.17,183700
SUIS,08-Jul-2026,18.111,18.4747,18.111,18.4747,300
SUJA,08-Jul-2026,10.54,10.98,10.31,10.71,298300
SUMA,08-Jul-2026,9.94,9.94,9.94,9.94,400
SUMAU,08-Jul-2026,10.25,10.25,10.25,10.25,100
SUNE,08-Jul-2026,2.02,2.11,1.87,2.11,11108100
SUNS,08-Jul-2026,7.88,7.99,7.805,7.88,73300
SUPN,08-Jul-2026,47.85,50.62,47.545,50.44,1430800
SUPP,08-Jul-2026,82.9191,82.9191,82.9191,82.9191,100
SUPX,08-Jul-2026,8.01,8.035,7.68,7.86,137300
SURG,08-Jul-2026,0.389,0.4289,0.3833,0.401,1594400
SUSB,08-Jul-2026,24.87,24.87,24.833,24.87,304500
SUSC,08-Jul-2026,22.89,22.91,22.85,22.895,343000
SUSL,08-Jul-2026,131.61,132.0537,131,132.0537,8500
SVACU,08-Jul-2026,10.36,10.36,9.77,9.77,3200
SVAQ,08-Jul-2026,10.08,10.12,10.08,10.1,137100
SVAQW,08-Jul-2026,0.73,0.73,0.65,0.72,9900
SVC,08-Jul-2026,8.61,8.72,8.57,8.57,2477800
SVCC,08-Jul-2026,10.57,10.57,10.57,10.57,1200
SVCO,08-Jul-2026,9.77,11.09,9.77,10.97,478400
SVIV,08-Jul-2026,10.19,10.19,10.18,10.18,3100
SVIVW,08-Jul-2026,0.85,0.95,0.85,0.95,1200
SVRA,08-Jul-2026,6.18,6.39,6.1,6.38,2065100
SVRE,08-Jul-2026,2.41,2.57,2.3001,2.54,53500
SVRN,08-Jul-2026,8.054,8.38,7.84,7.84,23900
SWAG,08-Jul-2026,2.01,2.0737,1.98,2.01,23400
SWAGW,08-Jul-2026,0.0221,0.0222,0.0221,0.0222,600
SWBI,08-Jul-2026,15.31,15.486,15.27,15.37,505700
SWIM,08-Jul-2026,5.84,5.905,5.72,5.88,725300
SWKHL,08-Jul-2026,25.3,25.31,25.3,25.3074,6300
SWKS,08-Jul-2026,59.28,59.52,57.21,58.49,7460300
SWMR,08-Jul-2026,42.13,44.35,40.54,41.49,465200
SWP,08-Jul-2026,28.2,28.2,28.09,28.1441,6100
SWVL,08-Jul-2026,1.48,1.48,1.37,1.41,22700
SWVLW,08-Jul-2026,0.0071,0.0084,0.0071,0.0084,22400
SXTC,08-Jul-2026,2.46,2.82,2.45,2.55,87900
SXTP,08-Jul-2026,1.52,1.58,1.46,1.55,594800
SXTPW,08-Jul-2026,0.028,0.0299,0.028,0.0297,3100
SY,08-Jul-2026,1.57,1.69,1.57,1.65,391600
SYBT,08-Jul-2026,76.09,76.48,74.92,75.37,159700
SYM,08-Jul-2026,40.29,41.77,39.91,41.69,2062400
SYNA,08-Jul-2026,118.08,124.255,118.08,123.37,1382300
SYPR,08-Jul-2026,2.28,2.3,2.23,2.24,17400
SYRE,08-Jul-2026,94.36,95.59,90.645,95.4,1240400
SYZ,08-Jul-2026,29.79,29.8474,29.79,29.8474,200
SZZL,08-Jul-2026,10.38,10.38,10.37,10.3775,35300
TACH,08-Jul-2026,10.43,10.43,10.41,10.415,107600
TACHW,08-Jul-2026,0.57,0.659,0.55,0.6485,2300
TACO,08-Jul-2026,10.51,10.51,10.5,10.5,31500
TACOU,08-Jul-2026,10.8,10.84,10.8,10.84,1000
TACOW,08-Jul-2026,0.7,0.71,0.6983,0.7075,28700
TACT,08-Jul-2026,5.21,5.235,5.025,5.06,15600
TALK,08-Jul-2026,5.21,5.22,5.21,5.22,2453600
TANH,08-Jul-2026,0.408,0.452,0.3885,0.428,687300
TAOP,08-Jul-2026,1.52,1.52,1.39,1.39,6500
TAOX,08-Jul-2026,3.54,3.67,3.4657,3.63,50900
TAOZ,08-Jul-2026,86.999,87.1868,86.999,87.1868,100
TARA,08-Jul-2026,4.23,4.28,4.02,4.11,560300
TARK,08-Jul-2026,46.54,47.0569,45.29,47.0569,21900
TARS,08-Jul-2026,70.19,70.685,67.58,67.73,1330600
TASK,08-Jul-2026,5.16,5.22,5.01,5.18,398100
TATT,08-Jul-2026,44.93,45.38,43.45,43.87,114500
TAVI,08-Jul-2026,10.65,10.65,10.65,10.65,400
TAVIR,08-Jul-2026,0.0875,0.09,0.085,0.085,1500
TAX,08-Jul-2026,30.7487,30.7487,30.7487,30.7487,100
TAXE,08-Jul-2026,51.21,51.22,51.125,51.1753,48000
TAXI,08-Jul-2026,51.18,51.18,51.1,51.165,9200
TAXS,08-Jul-2026,50.2878,50.2878,50.275,50.275,2900
TAXT,08-Jul-2026,51.47,51.61,51.44,51.4924,11800
TAYD,08-Jul-2026,57.33,57.66,55,55,26400
TBBK,08-Jul-2026,64.85,65.25,62.18,63.03,467500
TBCH,08-Jul-2026,12.57,13.03,12.37,12.55,264300
TBIL,08-Jul-2026,49.905,49.91,49.9,49.9,1546900
TBLA,08-Jul-2026,5.32,5.45,5.32,5.43,3423500
TBLD,08-Jul-2026,21.98,22.13,21.5001,21.81,55100
TBPH,08-Jul-2026,17.01,17.15,16.98,17,448100
TBRG,08-Jul-2026,26.24,26.25,26.24,26.24,302500
TC,08-Jul-2026,2.62,2.92,2.21,2.48,5405800
TCAN,08-Jul-2026,21.23,21.66,21.21,21.3778,18200
TCBI,08-Jul-2026,103.18,103.3,100.595,101.47,620600
TCBIO,08-Jul-2026,20.45,20.67,20.25,20.64,19100
TCBK,08-Jul-2026,53.55,53.55,52.13,52.43,191200
TCBS,08-Jul-2026,17.89,17.89,17.89,17.89,200
TCHI,08-Jul-2026,24.7582,24.84,24.715,24.7905,4700
TCMD,08-Jul-2026,30.92,30.96,29.93,29.98,199800
TCOM,08-Jul-2026,41.62,42.17,41.32,41.38,2538500
TCPC,08-Jul-2026,3.18,3.21,3.14,3.18,655200
TCRT,08-Jul-2026,2.04,2.22,2.0143,2.07,61200
TCRX,08-Jul-2026,1.08,1.28,1.03,1.26,2637000
TCX,08-Jul-2026,12.33,12.33,10.52,10.64,41100
TDAC,08-Jul-2026,10.7,10.7086,10.7,10.7,1300
TDACU,08-Jul-2026,11.35,11.35,11.34,11.34,200
TDACW,08-Jul-2026,1.55,1.55,1.51,1.51,1300
TDI,08-Jul-2026,44.27,44.58,44.05,44.5581,27900
TDIC,08-Jul-2026,3.7,4.1881,3.61,3.98,419200
TDIV,08-Jul-2026,111.71,113.37,111.28,112.96,106700
TDOG,08-Jul-2026,14.4813,14.6056,14.4813,14.6056,1300
TDOT,08-Jul-2026,9.85,9.8991,9.85,9.8991,400
TDSB,08-Jul-2026,24.55,24.55,24.505,24.5403,2600
TDSC,08-Jul-2026,27.65,27.7,27.6,27.6967,72200
TDTH,08-Jul-2026,2.03,2.12,1.76,1.83,2001000
TDUP,08-Jul-2026,6.69,6.76,6.0725,6.55,3160500
TEAD,08-Jul-2026,0.8116,0.91,0.7366,0.869,238200
TEAM,08-Jul-2026,86,87.04,83.98,85.47,3038400
TECH,08-Jul-2026,70.65,70.97,70.49,70.96,5691300
TECX,08-Jul-2026,36.31,37.75,34.6628,35.48,279700
TECY,08-Jul-2026,22.64,22.74,22.64,22.74,400
TEKX,08-Jul-2026,66.08,66.08,64.89,65.8231,4800
TEKY,08-Jul-2026,44.5194,44.5194,44.5194,44.5194,100
TELA,08-Jul-2026,0.907,0.907,0.8,0.8,54600
TELO,08-Jul-2026,1.24,1.25,1.22,1.24,34800
TEM,08-Jul-2026,58.67,60.25,56.0626,57.27,4750200
TENB,08-Jul-2026,39.33,40.75,38.662,39.53,4732100
TENX,08-Jul-2026,17.07,17.875,16.7301,17.73,1207200
TER,08-Jul-2026,342.99,354.27,335.06,351.57,3194100
TERG,08-Jul-2026,37,39.655,35.89,39.29,75500
TEXN,08-Jul-2026,32.24,32.24,32.0999,32.1822,3100
TEXX,08-Jul-2026,28.64,28.7328,28.59,28.7328,6000
TFGZ,08-Jul-2026,35.9819,35.9819,35.9819,35.9819,100
TFNS,08-Jul-2026,28.22,28.22,28.1688,28.1688,700
TFSL,08-Jul-2026,17.81,17.81,17.28,17.35,846100
TGHL,08-Jul-2026,0.57,0.5989,0.5505,0.5506,72300
TGL,08-Jul-2026,3.78,3.89,3.6501,3.8,15900
TGTX,08-Jul-2026,57.61,58.48,55.94,57.23,1854900
TH,08-Jul-2026,17.85,18.53,17.71,18.23,1033800
THCH,08-Jul-2026,1.64,1.795,1.64,1.795,1300
THFF,08-Jul-2026,75.52,75.93,74.21,74.74,92800
THH,08-Jul-2026,0.3,0.3,0.28,0.2892,151900
THMZ,08-Jul-2026,33.415,33.4161,33.34,33.4161,700
THRM,08-Jul-2026,34.21,34.62,33.04,34.48,276800
THRV,08-Jul-2026,24.26,24.27,24.2001,24.2483,5100
THRY,08-Jul-2026,4.09,4.16,4.021,4.08,303700
THYM,08-Jul-2026,51,51.1,50.9101,50.9894,4200
THYP,08-Jul-2026,39.11,39.51,38.575,38.91,58100
TIGO,08-Jul-2026,92.66,94.855,91.9,94.08,928400
TIGR,08-Jul-2026,4.53,4.715,4.485,4.64,2458600
TIL,08-Jul-2026,7.872,7.88,7.5805,7.78,9800
TILC,08-Jul-2026,25.0422,25.0422,25.0422,25.0422,100
TILE,08-Jul-2026,33.26,33.27,31.11,32.14,929200
TIPT,08-Jul-2026,17.81,18.04,17.745,18.04,212300
TISC,08-Jul-2026,23.0436,23.0436,23.0436,23.0436,100
TITN,08-Jul-2026,17.35,17.98,17.19,17.82,194300
TJGC,08-Jul-2026,4.66,5,4.425,4.51,8300
TKLF,08-Jul-2026,2.01,2.09,1.99,2.05,18300
TKNO,08-Jul-2026,5.34,5.415,5,5.15,365500
TKNS,08-Jul-2026,21.3804,21.3804,21.3804,21.3804,100
TLA,08-Jul-2026,24.23,24.34,24.23,24.3247,1400
TLF,08-Jul-2026,2.3904,2.395,2.326,2.365,135500
TLG,08-Jul-2026,26.38,26.6175,26.24,26.6175,1700
TLIH,08-Jul-2026,4.5,5.0828,4.5,5.0201,10600
TLN,08-Jul-2026,362.63,369.915,357.47,367.88,482000
TLNC,08-Jul-2026,10.36,10.37,10.3594,10.36,6200
TLNCW,08-Jul-2026,0.7201,0.7825,0.7201,0.75,52000
TLPH,08-Jul-2026,1.19,1.29,1.17,1.25,863900
TLRY,08-Jul-2026,4.27,4.44,4.2,4.37,4010100
TLS,08-Jul-2026,4.68,4.78,4.59,4.74,463000
TLSA,08-Jul-2026,1.25,1.28,1.21,1.25,53300
TLSI,08-Jul-2026,4.05,4.06,3.67,3.68,594600
TLSIW,08-Jul-2026,0.84,1.25,0.5802,0.91,6000
TLT,08-Jul-2026,84.31,84.45,84.0601,84.36,25806600
TLX,08-Jul-2026,11.49,11.57,11.25,11.55,206900
TMB,08-Jul-2026,25.33,25.36,25.29,25.3224,189100
TMC,08-Jul-2026,3.93,4.06,3.8426,4.02,6242200
TMCI,08-Jul-2026,4.34,4.36,4.17,4.28,480700
TMCR,08-Jul-2026,6,6.47,5.73,5.81,144100
TMCWW,08-Jul-2026,0.0869,0.1,0.0766,0.0767,212000
TMDX,08-Jul-2026,70.05,70.95,68.95,70.44,863100
TMED,08-Jul-2026,35.15,35.15,34.95,35.0542,3300
TMNL,08-Jul-2026,50.28,50.2922,50.28,50.2922,1800
TMNS,08-Jul-2026,50.0192,50.0192,50.0192,50.0192,100
TMS,08-Jul-2026,7.47,7.77,7.42,7.65,13100
TMSF,08-Jul-2026,50.1598,50.1598,50.1598,50.1598,100
TMSWW,08-Jul-2026,1.77,1.77,1.4,1.41,25600
TMTS,08-Jul-2026,10.03,10.03,10.03,10.03,144300
TMTSW,08-Jul-2026,0.6,0.6,0.6,0.6,400
TMUS,08-Jul-2026,185.65,186,179.6,180.14,4403300
TMUSI,08-Jul-2026,20.7,21.222,20.48,21.01,79100
TMUSL,08-Jul-2026,23.2469,23.2469,23,23.2,90900
TMUSZ,08-Jul-2026,20.55,20.56,20.25,20.5,54600
TMYY,08-Jul-2026,24.45,24.535,24.45,24.535,700
TNDM,08-Jul-2026,15.17,15.45,14.8929,15.16,1871000
TNGX,08-Jul-2026,29.98,32.17,29.93,30.64,3974800
TNMG,08-Jul-2026,0.483,0.55,0.4536,0.5098,2101300
TNON,08-Jul-2026,0.221,0.2346,0.22,0.23,1475200
TNXP,08-Jul-2026,12.7,13.19,12.18,12.78,691900
TNXT,08-Jul-2026,27.7176,27.7176,27.7176,27.7176,400
TNYA,08-Jul-2026,0.88,0.92,0.84,0.8799,3896200
TOI,08-Jul-2026,5.71,5.955,5.59,5.65,2177800
TOIIW,08-Jul-2026,0.0375,0.05,0.0375,0.05,2600
TOMZ,08-Jul-2026,0.86,0.86,0.7811,0.849,153100
TONX,08-Jul-2026,3.27,3.43,3.115,3.18,352500
TOP,08-Jul-2026,1.97,2.096,1.96,2.03,262100
TORO,08-Jul-2026,5,5.0741,4.93,5.01,42800
TOUR,08-Jul-2026,4.9,5.035,4.85,4.93,40300
TOWN,08-Jul-2026,35.96,36.085,35.29,35.43,612000
TOYO,08-Jul-2026,6.43,6.67,6.28,6.53,674200
TPCS,08-Jul-2026,4.87,4.98,4.87,4.94,20300
TPG,08-Jul-2026,41.92,41.92,41.17,41.61,1358700
TPGXL,08-Jul-2026,23.64,23.71,23.43,23.5,10800
TPLS,08-Jul-2026,24.95,24.99,24.9499,24.98,1400
TPST,08-Jul-2026,0.98,1.0177,0.95,0.9873,180800
TQQQ,08-Jul-2026,70.79,73.015,69.57,72.72,70748500
TQQY,08-Jul-2026,12.69,12.8972,12.57,12.8972,8000
TRAW,08-Jul-2026,0.685,0.72,0.65,0.6619,176300
TRAX,08-Jul-2026,19.48,20.8,19.13,20.77,552000
TRBF,08-Jul-2026,49.07,49.21,49.07,49.1598,101000
TRDA,08-Jul-2026,7.33,7.5,6.88,7.32,541100
TREE,08-Jul-2026,44.9,45.7853,43.65,44.84,195900
TRGS,08-Jul-2026,9.89,9.89,9.89,9.89,100
TRGSR,08-Jul-2026,0.2145,0.22,0.17,0.1701,45800
TRI,08-Jul-2026,90.76,90.81,88.43,88.89,1325800
TRIB,08-Jul-2026,0.39,0.4099,0.3703,0.3911,192800
TRIN,08-Jul-2026,17.48,17.57,17.135,17.3,1211700
TRINI,08-Jul-2026,25.18,25.1899,25.14,25.16,5400
TRINZ,08-Jul-2026,25.2,25.2333,25.18,25.23,5300
TRIP,08-Jul-2026,13.71,13.71,12.895,13.21,3534800
TRMB,08-Jul-2026,53.16,53.36,51.835,52.4,3017900
TRMD,08-Jul-2026,28.59,29.14,28.5,29.04,698700
TRMK,08-Jul-2026,46.07,46.0925,44.81,45.06,417900
TRNR,08-Jul-2026,3.27,3.3,2.9,3,119900
TRNS,08-Jul-2026,87.24,89.45,85.73,88.12,144400
TRON,08-Jul-2026,1.51,1.53,1.45,1.47,520100
TROO,08-Jul-2026,2.11,2.11,1.02,1.94,1301700
TROW,08-Jul-2026,119.77,119.77,116.11,117.96,1952200
TRS,08-Jul-2026,40.6,40.89,39.69,40.84,429600
TRSG,08-Jul-2026,1.48,1.51,1.4346,1.5,18900
TRST,08-Jul-2026,54.66,54.815,53.45,53.45,93800
TRUC,08-Jul-2026,25.41,25.43,25.3,25.3378,21000
TRUD,08-Jul-2026,25.8,25.8,25.46,25.6427,74600
TRUF,08-Jul-2026,28.71,28.71,28.6673,28.6673,100
TRUG,08-Jul-2026,1.4092,1.4092,1.31,1.34,102500
TRUH,08-Jul-2026,28.34,28.34,28.29,28.3209,600
TRUI,08-Jul-2026,25.8236,25.8236,25.8236,25.8236,100
TRUM,08-Jul-2026,25.01,25.01,24.6703,24.6703,400
TRUN,08-Jul-2026,25.96,26.15,25.9599,26.0212,500
TRUO,08-Jul-2026,25.73,25.73,25.5623,25.5623,300
TRUP,08-Jul-2026,26.92,27.56,26.43,26.44,370400
TRUR,08-Jul-2026,25.174,25.174,24.9241,24.9241,200
TRUT,08-Jul-2026,30.145,30.6033,29.92,30.6033,83300
TRUU,08-Jul-2026,24.93,24.93,24.7892,24.7892,200
TRVG,08-Jul-2026,5.26,5.53,5.22,5.34,83000
TRVI,08-Jul-2026,19.51,19.62,18.165,18.59,2555200
TSAT,08-Jul-2026,42.98,46.99,42.98,45.08,210100
TSBK,08-Jul-2026,44.18,44.18,42.875,43.245,28800
TSCM,08-Jul-2026,20.91,21.064,20.91,21.064,800
TSCO,08-Jul-2026,30.37,30.56,29.345,29.58,7629900
TSDD,08-Jul-2026,7.51,7.83,7.505,7.7,17663000
TSEL,08-Jul-2026,28.55,28.6636,28.18,28.6636,6500
TSEM,08-Jul-2026,210.18,217.12,205.71,216.7,1442500
TSHA,08-Jul-2026,6.46,6.59,6.26,6.49,2648500
TSL,08-Jul-2026,15.59,15.61,15.185,15.35,637400
TSLA,08-Jul-2026,399.38,399.63,390.51,394.06,33844900
TSLG,08-Jul-2026,6.26,6.26,5.975,6.08,30643700
TSLL,08-Jul-2026,12.61,12.62,12.04,12.26,47725600
TSLQ,08-Jul-2026,17.765,18.54,17.765,18.25,5313200
TSLR,08-Jul-2026,21.62,21.64,20.69,21.06,929400
TSLS,08-Jul-2026,53.31,54.3901,53.28,53.98,331900
TSMG,08-Jul-2026,40.38,42.705,40.38,42.06,87600
TSMU,08-Jul-2026,75.32,77,74,76.03,61200
TSMX,08-Jul-2026,83.78,88.3,83.78,86.83,707600
TSMZ,08-Jul-2026,7.8,7.8,7.63,7.67,127100
TSPY,08-Jul-2026,25.26,25.3,25.1,25.24,186400
TSSI,08-Jul-2026,10.9,11.44,10.9,11.37,594500
TSUI,08-Jul-2026,14.07,14.27,14,14.2359,20700
TSYX,08-Jul-2026,23.59,23.59,23.035,23.2721,10300
TSYY,08-Jul-2026,22.79,22.88,22.7,22.72,20600
TTAN,08-Jul-2026,78.42,79.34,76.88,78.01,1203600
TTD,08-Jul-2026,19.22,19.265,18.78,19.07,11549900
TTEC,08-Jul-2026,2.05,2.12,1.99,2.09,532300
TTEK,08-Jul-2026,30.64,31.08,30.545,30.79,3064800
TTEQ,08-Jul-2026,41.19,42,40.94,42,84700
TTGT,08-Jul-2026,3.82,3.865,3.72,3.77,259600
TTMI,08-Jul-2026,142,146.88,140,145.29,2161700
TTRX,08-Jul-2026,9.43,11.6899,9.0049,9.19,361200
TTWO,08-Jul-2026,256.94,259.99,250.92,251.38,1543900
TUG,08-Jul-2026,45.66,46.05,45.245,46.05,6500
TUGN,08-Jul-2026,27.57,27.62,27.27,27.61,37300
TULP,08-Jul-2026,3.71,3.71,3.6501,3.6501,2800
TUR,08-Jul-2026,38.71,38.78,38.415,38.71,115500
TURB,08-Jul-2026,1.56,1.78,1.48,1.53,955500
TURF,08-Jul-2026,31.2,31.25,31.06,31.248,15000
TUSK,08-Jul-2026,3.05,3.11,3.01,3.02,244000
TVA,08-Jul-2026,10.52,10.59,10.5,10.58,353800
TVACU,08-Jul-2026,10.9,10.93,10.795,10.93,3100
TVACW,08-Jul-2026,0.61,0.8,0.61,0.8,235100
TVAI,08-Jul-2026,10.33,10.33,10.33,10.33,50000
TVGN,08-Jul-2026,5.685,5.685,5.01,5.2,16700
TVGNW,08-Jul-2026,0.055,0.0567,0.0488,0.0567,276200
TVIVU,08-Jul-2026,10,10.01,10,10.01,2200
TVRD,08-Jul-2026,3.23,5.69,3.02,5,39152900
TVTX,08-Jul-2026,57.5,58.49,56.07,58.36,1549300
TW,08-Jul-2026,99.41,102.3,99.41,99.85,1422400
TWAV,08-Jul-2026,1.335,1.35,1.2201,1.26,111700
TWFG,08-Jul-2026,25.8,26.605,25.66,26.1,107700
TWG,08-Jul-2026,2.09,2.2386,2.09,2.19,13000
TWIN,08-Jul-2026,21.65,22.925,21.05,21.25,89600
TWLVR,08-Jul-2026,0.135,0.135,0.13,0.13,700
TWST,08-Jul-2026,90.08,91.98,87.57,89.38,1722800
TXG,08-Jul-2026,37,37.475,35.12,37.47,3100200
TXMD,08-Jul-2026,1.98,2.03,1.94,1.97,54700
TXN,08-Jul-2026,288,307.43,288,301.32,6535400
TXRH,08-Jul-2026,186.4,186.4,181.48,181.68,934000
TXUE,08-Jul-2026,34.42,34.63,34.36,34.5935,24400
TXUG,08-Jul-2026,27.1385,27.1385,27.1385,27.1385,100
TXXD,08-Jul-2026,3.18,3.29,3.13,3.2407,69800
TXXH,08-Jul-2026,53.16,53.22,50.5901,51.9,17100
TXXS,08-Jul-2026,21.55,21.8572,20.98,21.8572,9400
TYGO,08-Jul-2026,1.94,1.99,1.81,1.87,1274400
TYRA,08-Jul-2026,31.9,32.84,31.43,32.57,614500
TZOO,08-Jul-2026,11.23,11.23,10.52,10.79,86600
UAE,08-Jul-2026,19.09,19.27,19,19.19,149200
UAL,08-Jul-2026,125.2,126.54,121.745,126.22,5526600
UBND,08-Jul-2026,21.6,21.6,21.5501,21.585,196900
UBRL,08-Jul-2026,15.67,15.7378,15.08,15.5295,92400
UBSI,08-Jul-2026,46.01,46.02,45.03,45.3,1065400
UBXG,08-Jul-2026,4.18,4.35,2.12,4.02,1329700
UCAR,08-Jul-2026,1.11,1.14,1.104,1.13,40300
UCL,08-Jul-2026,0.9,0.91,0.88,0.91,5800
UCRD,08-Jul-2026,21.3724,21.3724,21.3724,21.3724,200
UCTT,08-Jul-2026,89.6,101.02,88.55,100.91,2132100
UCYB,08-Jul-2026,78.96,79.3409,77.2099,79.3409,6600
UECG,08-Jul-2026,3.54,3.63,3.28,3.5409,39400
UEIC,08-Jul-2026,4.74,4.74,4.627,4.68,25800
UEVM,08-Jul-2026,58.055,58.3112,57.875,58.3112,26300
UFCS,08-Jul-2026,52.68,53.275,51.2402,52.11,178600
UFG,08-Jul-2026,0.7301,0.7442,0.6996,0.7148,80000
UFIV,08-Jul-2026,48.06,48.0789,48,48.0497,9400
UFO,08-Jul-2026,47.99,48.72,47.37,47.67,543800
UFOX,08-Jul-2026,86.13,87.78,85.89,87.76,24800
UFPI,08-Jul-2026,84.59,84.59,81.44,82.32,585900
UFPT,08-Jul-2026,261.36,264.04,250.8,251.52,215000
UG,08-Jul-2026,7.26,7.26,7.18,7.18,3800
UITB,08-Jul-2026,46.55,46.5899,46.49,46.5634,81500
UIVM,08-Jul-2026,71.86,72.6193,71.86,72.6193,400
UK,08-Jul-2026,2.01,2.04,1.94,1.99,25700
ULBI,08-Jul-2026,5.91,6.06,5.8222,5.83,17800
ULCC,08-Jul-2026,7.16,7.25,6.915,7.16,4503100
ULH,08-Jul-2026,13.92,14.07,13.5,13.82,31600
ULTA,08-Jul-2026,450.03,458.3899,445,455.11,434000
ULTI,08-Jul-2026,9.79,10.23,9.7,9.9449,86200
ULVM,08-Jul-2026,106.54,106.54,106.3,106.3246,500
UMBF,08-Jul-2026,144.84,145.43,140.46,142.08,914700
UMBFO,08-Jul-2026,26.49,26.6,26.35,26.36,9000
UMMA,08-Jul-2026,36.82,37.46,36.51,37.31,66100
UNB,08-Jul-2026,24.63,24.63,24.24,24.24,2100
UNCY,08-Jul-2026,5.36,5.71,5.33,5.43,1385200
UNHG,08-Jul-2026,24.02,24.4799,23.725,23.877,668100
UNIT,08-Jul-2026,10.67,11.115,10.67,10.9,1583300
UNIY,08-Jul-2026,48.0765,48.0765,48.0765,48.0765,100
UNTY,08-Jul-2026,55.96,56.26,52.64,55.34,85400
UONE,08-Jul-2026,4.77,4.9499,4.6301,4.82,9100
UONEK,08-Jul-2026,4.47,4.47,4.37,4.37,1200
UPB,08-Jul-2026,7.73,8,7.53,7.98,635100
UPBD,08-Jul-2026,20.27,20.27,19.24,19.85,714600
UPC,08-Jul-2026,6.19,6.19,5.43,5.8,54900
UPGR,08-Jul-2026,25.7976,25.7976,25.7976,25.7976,100
UPLD,08-Jul-2026,4.97,4.97,4.6201,4.7,10400
UPSG,08-Jul-2026,17.15,17.2672,16.99,17.2672,1500
UPST,08-Jul-2026,32,32.45,30.99,31.81,4452800
UPWK,08-Jul-2026,8.72,8.965,8.54,8.56,2712200
UPXI,08-Jul-2026,0.79,0.81,0.76,0.7798,1802000
URBN,08-Jul-2026,67.6,68.395,65.7,68.02,1176800
URGN,08-Jul-2026,37.37,38.56,36.55,38.03,715900
URNJ,08-Jul-2026,22.29,22.94,22.25,22.85,171800
UROY,08-Jul-2026,2.63,2.69,2.59,2.66,1364100
USAF,08-Jul-2026,27.49,27.54,27.481,27.54,500
USAR,08-Jul-2026,17.51,18.66,17.51,18.45,9332400
USAU,08-Jul-2026,15.35,15.36,14.52,14.785,330000
USCB,08-Jul-2026,20.15,20.49,19.66,19.76,42100
USCL,08-Jul-2026,83.32,83.74,83.07,83.6906,5600
USDE,08-Jul-2026,2.11,2.13,1.92,2.03,1014600
USDEW,08-Jul-2026,0.6,0.6,0.5201,0.53,13100
USDX,08-Jul-2026,25.66,25.66,25.44,25.46,56100
USEA,08-Jul-2026,2.61,2.655,2.595,2.63,17500
USFI,08-Jul-2026,24.395,24.395,24.395,24.395,100
USGG,08-Jul-2026,7.69,8.53,7.56,8.3483,218900
USGO,08-Jul-2026,7.95,8.1719,7.5,7.57,108600
USIG,08-Jul-2026,50.74,50.76,50.635,50.73,3617600
USIN,08-Jul-2026,49.24,49.24,49.2174,49.2174,100
USIO,08-Jul-2026,2.32,2.32,2.07,2.1,149200
USLM,08-Jul-2026,98.48,99.3599,96.27,97.49,344000
USMC,08-Jul-2026,73.83,73.97,73.55,73.9381,50800
USOI,08-Jul-2026,45.22,46.335,45,45.5,86900
USOY,08-Jul-2026,6.81,6.955,6.76,6.8,588900
USRD,08-Jul-2026,38.17,38.17,38.1,38.141,200
USSH,08-Jul-2026,50.213,50.2359,50.213,50.22,1000
USTB,08-Jul-2026,50.61,50.61,50.5713,50.61,164900
USVM,08-Jul-2026,108.215,108.31,107.105,107.6897,33200
USVN,08-Jul-2026,47.24,47.2924,47.215,47.2924,5600
USXF,08-Jul-2026,66.38,67.2199,66.19,67.1757,36500
UTEN,08-Jul-2026,42.78,42.825,42.7001,42.7887,180200
UTHR,08-Jul-2026,561.49,563.245,548,554.3401,299400
UTHY,08-Jul-2026,39.85,39.88,39.73,39.8588,114600
UTMD,08-Jul-2026,68.205,69.49,67.246,68.06,14800
UTRE,08-Jul-2026,48.96,48.9797,48.9439,48.9797,5000
UTSI,08-Jul-2026,2.35,2.5644,2.35,2.46,20100
UTWO,08-Jul-2026,47.935,47.94,47.905,47.92,128200
UTWY,08-Jul-2026,41.87,41.9899,41.87,41.9602,700
UUUG,08-Jul-2026,3.9,4.27,3.9,4.25,339100
UVSP,08-Jul-2026,43.31,43.5,42.905,43.19,233800
UXIN,08-Jul-2026,1.64,1.78,1.62,1.78,97000
UYLD,08-Jul-2026,51.03,51.05,51.01,51.0259,139400
UYSCR,08-Jul-2026,0.11,0.11,0.1,0.1,28400
UYSCU,08-Jul-2026,10.74,10.74,10.74,10.74,100
UZX,08-Jul-2026,0.28,0.299,0.2751,0.299,48200
VABK,08-Jul-2026,43.75,44.29,43.55,44.29,7000
VALG,08-Jul-2026,15.7677,15.7677,15.7677,15.7677,300
VALN,08-Jul-2026,5.27,5.4,5.2601,5.31,12800
VALU,08-Jul-2026,38.82,40.98,38.8,40.75,3600
VANI,08-Jul-2026,1.36,1.615,1.33,1.6,2321500
VAVX,08-Jul-2026,13.23,13.3493,13.16,13.3493,2200
VBCA,08-Jul-2026,75.46,75.51,75.42,75.435,9400
VBCB,08-Jul-2026,75.34,75.4,75.3001,75.375,32200
VBCC,08-Jul-2026,75.18,75.19,75.13,75.1724,8000
VBCD,08-Jul-2026,75.05,75.16,74.95,75.06,50100
VBCE,08-Jul-2026,75.06,75.07,74.97,75.06,3800
VBCF,08-Jul-2026,75.1,75.12,74.975,75.07,4200
VBCG,08-Jul-2026,74.799,74.799,74.76,74.7824,1400
VBCH,08-Jul-2026,74.89,74.939,74.645,74.8109,32600
VBCI,08-Jul-2026,74.8374,74.8374,74.8374,74.8374,800
VBCJ,08-Jul-2026,74.705,74.745,74.7,74.745,1800
VBIL,08-Jul-2026,75.52,75.53,75.52,75.53,3439200
VBIO,08-Jul-2026,0.51,0.5175,0.46,0.49,34300
VBNB,08-Jul-2026,21.9944,21.9944,21.9944,21.9944,100
VBNK,08-Jul-2026,21.55,21.98,21.195,21.7,88200
VC,08-Jul-2026,104.86,105.045,101.36,104.29,443400
VCEL,08-Jul-2026,46.65,47.25,46.29,47.02,704800
VCIG,08-Jul-2026,2.11,2.26,2,2.24,40000
VCIT,08-Jul-2026,81.84,81.87,81.6641,81.82,8604700
VCLT,08-Jul-2026,73.75,73.78,73.4633,73.71,4031900
VCRB,08-Jul-2026,76.57,76.57,76.375,76.49,522000
VCRE,08-Jul-2026,13.7,14.16,13.4001,14.15,36900
VCSH,08-Jul-2026,78.64,78.65,78.5436,78.61,2849100
VCTR,08-Jul-2026,89.18,89.61,87.74,88.24,341700
VCYT,08-Jul-2026,55.18,56.385,54.25,56.12,1358700
VECO,08-Jul-2026,53.35,55.6,52.3,54.47,920200
VEEA,08-Jul-2026,0.2072,0.2195,0.1985,0.209,624700
VEEAW,08-Jul-2026,0.075,0.075,0.0675,0.0675,1600
VEEE,08-Jul-2026,5.86,6,4.22,4.64,1834100
VEFA,08-Jul-2026,79.6122,79.6122,79.6122,79.6122,100
VELO,08-Jul-2026,13.25,13.78,12.8801,13.75,2102200
VEON,08-Jul-2026,52.09,54.1,51.6205,53.75,76900
VERA,08-Jul-2026,42.95,43.69,40.62,42.43,3862200
VERI,08-Jul-2026,1.26,1.26,1.16,1.18,2120900
VERU,08-Jul-2026,2.81,2.9054,2.62,2.66,766300
VERX,08-Jul-2026,13.14,13.15,12.6,12.72,1342400
VFF,08-Jul-2026,1.95,1.99,1.92,1.99,805700
VFLO,08-Jul-2026,47.26,47.34,46.8705,47.06,1553700
VFS,08-Jul-2026,3.07,3.08,3.02,3.04,238300
VGAS,08-Jul-2026,1.1,1.1,0.99,1.01,25400
VGASW,08-Jul-2026,0.0241,0.0251,0.024,0.025,3300
VGIT,08-Jul-2026,58.52,58.54,58.4344,58.52,2898200
VGLT,08-Jul-2026,53.96,54.03,53.79,53.96,2343200
VGSH,08-Jul-2026,58.02,58.03,57.99,58.01,2622300
VGSR,08-Jul-2026,11.42,11.4299,11.3201,11.335,57400
VGUS,08-Jul-2026,75.49,75.5,75.49,75.495,78300
VHC,08-Jul-2026,11.69,11.82,11,11,26200
VHCP,08-Jul-2026,10,10,9.99,9.99,11600
VHUB,08-Jul-2026,0.9999,1.08,0.9999,1.02,53600
VIAV,08-Jul-2026,39.92,40.825,38.89,40.7,5027500
VICR,08-Jul-2026,249.04,265.7,247.4401,263.16,605700
VIGI,08-Jul-2026,94.15,94.3699,93.63,94.26,245000
VINP,08-Jul-2026,9.72,9.74,9.61,9.71,21400
VIOT,08-Jul-2026,0.797,0.8143,0.7902,0.7999,37600
VIR,08-Jul-2026,10.14,10.525,10.045,10.43,1952000
VIRC,08-Jul-2026,6.06,6.0877,5.955,6.06,47100
VISN,08-Jul-2026,12,12.405,11.875,12.39,7497400
VITL,08-Jul-2026,13.05,13.06,12.29,12.32,1724400
VIVK,08-Jul-2026,0.336,0.3978,0.306,0.323,51646300
VIVO,08-Jul-2026,4.18,4.525,4.18,4.41,654200
VIVS,08-Jul-2026,0.91,0.915,0.7802,0.783,188400
VKTX,08-Jul-2026,41.86,42,38.8401,39.96,3341200
VLGEA,08-Jul-2026,42.43,43.69,41.63,42.51,52900
VLY,08-Jul-2026,14.79,14.86,14.33,14.47,6145100
VLYPN,08-Jul-2026,25.69,25.78,25.61,25.63,9700
VLYPO,08-Jul-2026,24.95,24.99,24.63,24.66,30000
VLYPP,08-Jul-2026,24.91,24.93,24.83,24.92,3900
VMAR,08-Jul-2026,1.46,1.46,1.11,1.28,2702400
VMBS,08-Jul-2026,46.42,46.42,46.2848,46.37,1159300
VMD,08-Jul-2026,11.99,12.22,11.82,12.14,294100
VMET,08-Jul-2026,9.72,9.93,9.34,9.43,436100
VNCE,08-Jul-2026,6.33,6.645,6.28,6.6,154800
VNDA,08-Jul-2026,6.4,6.615,6.39,6.58,1224300
VNET,08-Jul-2026,7.95,8.455,7.95,8.33,5482900
VNME,08-Jul-2026,10.2,10.2,10.17,10.17,3200
VNMEW,08-Jul-2026,0.2551,0.2551,0.2551,0.2551,2500
VNOM,08-Jul-2026,42.57,43.04,41.63,42.99,2594800
VNQI,08-Jul-2026,44.98,45.09,44.75,45.08,170900
VOD,08-Jul-2026,13.04,13.157,13.03,13.09,3823600
VOLT,08-Jul-2026,38.03,38.6,37.91,38.35,327500
VONE,08-Jul-2026,337.07,337.87,334.93,337.87,83900
VONG,08-Jul-2026,123.99,125.48,123.475,125.35,1364100
VONV,08-Jul-2026,108.3,108.3,107.35,107.52,532000
VOR,08-Jul-2026,19.8,20.36,19.05,20.31,2135500
VOTE,08-Jul-2026,87.67,88,87.35,87.83,11700
VOXR,08-Jul-2026,4.42,4.54,4.38,4.44,427800
VPLS,08-Jul-2026,76.84,76.88,76.7017,76.8397,238700
VRA,08-Jul-2026,3.84,3.875,3.75,3.84,136600
VRAX,08-Jul-2026,3.02,3.3,2.9201,3.18,38300
VRCA,08-Jul-2026,6.01,6.79,6.01,6.62,75200
VRDN,08-Jul-2026,20.12,20.36,19.47,19.86,1720500
VREX,08-Jul-2026,10.53,10.935,10.53,10.76,421800
VRIG,08-Jul-2026,25.1,25.1,25.09,25.095,349600
VRM,08-Jul-2026,7.49,7.88,7.47,7.68,21900
VRME,08-Jul-2026,0.65,0.66,0.635,0.65,17900
VRNS,08-Jul-2026,44.62,45.33,43.74,45.07,1991700
VRRM,08-Jul-2026,4.19,4.32,4.13,4.225,4266800
VRSK,08-Jul-2026,191.5,192.89,188.45,189.67,1948400
VRSN,08-Jul-2026,265.58,272,265.33,267.58,844800
VRTL,08-Jul-2026,41,46.6329,41,46.13,187200
VRTX,08-Jul-2026,523.04,525.81,498.14,498.43,2287200
VRXA,08-Jul-2026,3.13,3.49,2.65,2.76,1856400
VRXAW,08-Jul-2026,0.141,0.141,0.141,0.141,400
VS,08-Jul-2026,1.5,1.56,1.37,1.46,114400
VSA,08-Jul-2026,3.67,3.67,3.6,3.67,3500
VSAT,08-Jul-2026,74.58,77.7499,73.09,74,1775400
VSDA,08-Jul-2026,58.9,58.9,58.174,58.1946,10700
VSEC,08-Jul-2026,216.5,216.67,205.229,206.52,907900
VSECU,08-Jul-2026,54.08,54.2,53.54,53.54,23800
VSEE,08-Jul-2026,0.1101,0.1101,0.1001,0.106,882000
VSME,08-Jul-2026,1.56,1.78,1.51,1.74,57500
VSMV,08-Jul-2026,59.62,59.76,59.47,59.5825,2100
VSNT,08-Jul-2026,37.32,37.37,35.89,36,1537400
VSOL,08-Jul-2026,10.28,10.3644,10.181,10.3338,8200
VSTD,08-Jul-2026,0.201,0.2682,0.2009,0.2103,198700
VSTL,08-Jul-2026,26.82,27.39,26,27.1967,15600
VSTM,08-Jul-2026,4.8,5.145,4.6705,5.08,4355000
VTC,08-Jul-2026,76,76.01,75.83,75.9988,46900
VTGN,08-Jul-2026,0.23,0.243,0.226,0.2348,1900000
VTHR,08-Jul-2026,329.12,329.8,327.21,329.7856,11200
VTIP,08-Jul-2026,49.64,49.65,49.62,49.65,2025800
VTIX,08-Jul-2026,2.87,3.0393,2.87,3,108000
VTRS,08-Jul-2026,16.94,16.94,16.425,16.66,8683500
VTSI,08-Jul-2026,3.03,3.08,3.03,3.06,22700
VTVT,08-Jul-2026,34.12,35.78,33.65,34.63,70900
VTWG,08-Jul-2026,278.37,280.89,276.0801,279.6293,16300
VTWO,08-Jul-2026,118.83,119.26,117.48,118.63,1407200
VTWV,08-Jul-2026,193.72,193.72,191.015,191.98,22300
VUZI,08-Jul-2026,2.45,2.491,2.36,2.4,702400
VVOS,08-Jul-2026,0.4646,0.48,0.4481,0.48,139200
VWAV,08-Jul-2026,4.19,4.4,3.96,4.09,628400
VWAVW,08-Jul-2026,0.73,0.79,0.66,0.7,12800
VWOB,08-Jul-2026,66.59,66.635,66.46,66.62,427200
VXUS,08-Jul-2026,83.84,84.46,83.355,84.44,5992600
VYGR,08-Jul-2026,3.75,3.8,3.625,3.73,886900
VYMI,08-Jul-2026,99.44,99.6,98.78,99.57,1326400
VYNE,08-Jul-2026,0.6501,0.6666,0.6331,0.6502,22100
WABC,08-Jul-2026,58.69,58.715,57.38,57.65,200300
WABF,08-Jul-2026,24.68,24.71,24.68,24.705,800
WAFD,08-Jul-2026,37.43,37.44,36.75,36.9,563200
WAFDP,08-Jul-2026,16.26,16.3294,16.25,16.29,25100
WAFU,08-Jul-2026,1.56,1.56,1.53,1.53,2100
WALD,08-Jul-2026,1.69,1.72,1.64,1.66,168600
WALDW,08-Jul-2026,0.0567,0.0567,0.04,0.0465,106300
WAMA,08-Jul-2026,26.07,26.21,26.07,26.1822,6700
WARP,08-Jul-2026,22.98,23.29,22.41,22.7633,88900
WASH,08-Jul-2026,35.77,35.84,34.69,34.99,134600
WATT,08-Jul-2026,18.09,18.585,17.11,17.96,276600
WAVE,08-Jul-2026,9.01,9.07,8.502,8.96,29400
WAY,08-Jul-2026,23.51,23.615,22.55,22.72,1954700
WB,08-Jul-2026,7.63,7.68,7.57,7.66,815800
WBD,08-Jul-2026,26.4,26.4134,26.12,26.15,10614100
WBTN,08-Jul-2026,11.3,11.5,11.2,11.43,536100
WBUY,08-Jul-2026,0.75,0.77,0.7103,0.7686,12600
WCBR,08-Jul-2026,37.88,38.16,36.79,37.9389,29600
WCLD,08-Jul-2026,33.94,34.22,33.4,33.76,1899400
WCT,08-Jul-2026,1.04,1.1,0.96,1.07,69300
WDAF,08-Jul-2026,30,30.15,29.78,30.15,22300
WDAY,08-Jul-2026,142.23,142.23,137.18,137.88,4434200
WDC,08-Jul-2026,526,562.76,526,550.3,6870000
WDFC,08-Jul-2026,249.27,250.24,242.865,246.59,120600
WDGF,08-Jul-2026,31.1,31.3166,31.1,31.3166,400
WEEI,08-Jul-2026,23.03,23.034,22.73,22.9137,30500
WEN,08-Jul-2026,7.64,7.8,7.36,7.45,13413300
WENN,08-Jul-2026,10.3,10.3,10.3,10.3,500
WERN,08-Jul-2026,43.47,43.9,41.92,43.16,1084300
WEST,08-Jul-2026,6.82,7.2,6.812,7.16,576400
WETH,08-Jul-2026,1.3,1.3,1.24,1.29,29600
WETO,08-Jul-2026,0.62,0.67,0.62,0.648,12700
WEYS,08-Jul-2026,37,37.87,36.51,37.76,18800
WFCF,08-Jul-2026,13.1401,13.1401,13.1401,13.1401,600
WFF,08-Jul-2026,1.9,2.1899,1.5101,2.07,3976700
WFRD,08-Jul-2026,84.15,84.69,81.56,83.94,2031300
WGMI,08-Jul-2026,52.11,55.2,52.08,55.13,636800
WGRX,08-Jul-2026,2.91,2.9651,2.8,2.88,10700
WGS,08-Jul-2026,64.13,66.18,63.82,65.62,552000
WGSWW,08-Jul-2026,0.003,0.003,0.003,0.003,1000
WHF,08-Jul-2026,6.4,6.5796,6.35,6.39,76100
WHFCL,08-Jul-2026,25.296,25.35,25.296,25.35,900
WHLR,08-Jul-2026,0.53,0.5525,0.4125,0.43,1554000
WHLRD,08-Jul-2026,38.31,38.31,38.31,38.31,100
WHLRP,08-Jul-2026,11,11.85,10.95,11.015,26000
WHWK,08-Jul-2026,4.09,4.2,3.82,3.96,924900
WILC,08-Jul-2026,32.06,32.06,31.6,31.64,600
WIMA,08-Jul-2026,41.93,41.9618,41.93,41.9618,1500
WIMI,08-Jul-2026,1.5,1.53,1.46,1.5,57500
WINA,08-Jul-2026,409.89,409.89,395.56,395.56,38400
WING,08-Jul-2026,165.5,166.96,153.37,158.47,1840800
WISE,08-Jul-2026,36.52,36.6838,35.9,36.6838,8400
WIX,08-Jul-2026,50.03,50.32,47.235,47.76,1275100
WKEY,08-Jul-2026,6.65,6.914,6.585,6.72,58100
WKHS,08-Jul-2026,2.67,2.69,2.56,2.65,49700
WKSP,08-Jul-2026,0.8337,0.901,0.8315,0.901,314800
WLCOU,08-Jul-2026,10,10,10,10,300
WLDN,08-Jul-2026,75.92,77.15,74.495,75.29,334000
WLDS,08-Jul-2026,1.59,1.6,1.5,1.57,52400
WLFC,08-Jul-2026,219.48,221.34,214.3401,220.73,159000
WLII,08-Jul-2026,10.24,10.26,10.23,10.26,4200
WLIIW,08-Jul-2026,0.8889,1.27,0.8,0.9968,16400
WLTH,08-Jul-2026,9.25,9.36,8.61,8.99,1964200
WMG,08-Jul-2026,28.45,29.18,28.21,28.89,3689400
WMT,08-Jul-2026,113.15,113.86,111.81,113.1,19892000
WNEB,08-Jul-2026,14.08,14.425,13.85,13.94,36100
WNW,08-Jul-2026,3.5204,3.5796,3.4201,3.54,49800
WOK,08-Jul-2026,1.99,1.998,1.89,1.96,175300
WOOD,08-Jul-2026,65.59,66.1099,65.32,66.1052,6200
WOOF,08-Jul-2026,2.52,2.62,2.5,2.59,1687000
WPRT,08-Jul-2026,2.01,2.06,1.97,2.05,89400
WRAP,08-Jul-2026,1.64,1.65,1.55,1.59,432700
WRD,08-Jul-2026,5.44,5.5459,5.345,5.38,1833300
WRLD,08-Jul-2026,198.9,200.535,191.81,194.46,153300
WRND,08-Jul-2026,41.7144,41.7144,41.7144,41.7144,100
WRTH,08-Jul-2026,25.12,25.165,25.064,25.125,86600
WSBC,08-Jul-2026,39.3,39.425,38.26,38.43,879700
WSBCO,08-Jul-2026,25.38,25.515,25.33,25.34,46300
WSBF,08-Jul-2026,19.86,19.93,19.3,19.35,113300
WSBK,08-Jul-2026,13.0201,13.0899,13.01,13.0899,3500
WSC,08-Jul-2026,25.61,25.765,24.96,25.13,1561300
WSE,08-Jul-2026,12.89,13.089,12.76,12.89,842600
WSFS,08-Jul-2026,76.05,76.06,74.78,75.29,606000
WSGE,08-Jul-2026,27.67,27.8642,27.67,27.8642,800
WSHP,08-Jul-2026,6.46,7.1,6.13,6.9,91900
WSML,08-Jul-2026,34.49,34.49,34.0514,34.4304,1300
WTBA,08-Jul-2026,26.46,26.46,25.665,26,44000
WTBN,08-Jul-2026,24.93,24.95,24.85,24.915,7700
WTF,08-Jul-2026,2.89,2.98,2.88,2.93,3000
WTFC,08-Jul-2026,160.57,160.57,155.43,158.42,681900
WTFCN,08-Jul-2026,26.2,26.2,26.08,26.08,23300
WTG,08-Jul-2026,10.45,10.45,10.45,10.45,57600
WTIP,08-Jul-2026,35.06,35.22,34.78,34.9196,3900
WTMU,08-Jul-2026,25.6,25.6,25.6,25.6,800
WTMY,08-Jul-2026,25.35,25.35,25.35,25.35,100
WTW,08-Jul-2026,295.43,295.43,290.75,292.58,556500
WULF,08-Jul-2026,21.06,22.9,20.85,22.83,42872500
WVE,08-Jul-2026,6.31,6.4,6.2,6.24,2771900
WVVI,08-Jul-2026,2.7,2.7,2.59,2.615,9800
WVVIP,08-Jul-2026,2.86,2.86,2.8,2.8,1300
WW,08-Jul-2026,15.58,16.24,14.94,15.69,75900
WWD,08-Jul-2026,397.9,403.16,396.15,399.58,700100
WXM,08-Jul-2026,2.78,2.88,2.6,2.75,60700
WYFI,08-Jul-2026,32.7,37.5999,32.5,36.74,3755600
WYHG,08-Jul-2026,4.24,4.24,3.83,3.83,13900
WYNN,08-Jul-2026,97.48,98.32,96.23,97.93,1313500
XAIR,08-Jul-2026,0.43,0.45,0.41,0.441,85300
XAIX,08-Jul-2026,53.83,55.0242,53.68,55.0242,48700
XBCI,08-Jul-2026,30.65,30.87,30.38,30.7891,85600
XBIL,08-Jul-2026,50.05,50.05,50.04,50.05,98900
XBIO,08-Jul-2026,2.83,2.83,2.6707,2.71,17200
XBIT,08-Jul-2026,2.35,2.42,2.31,2.36,37100
XBP,08-Jul-2026,2.33,2.395,2.21,2.26,31700
XBTY,08-Jul-2026,5.63,5.63,5.59,5.6036,7800
XCBE,08-Jul-2026,9.95,9.95,9.92,9.95,69200
XCBEU,08-Jul-2026,10.03,10.0302,10.03,10.0302,10100
XCH,08-Jul-2026,0.588,0.65,0.5801,0.6402,180600
XCNY,08-Jul-2026,32.97,33.0228,32.9699,33.0228,500
XCUR,08-Jul-2026,2.0373,2.0373,1.68,1.7,31500
XDEF,08-Jul-2026,21.75,21.9075,21.75,21.9075,600
XE,08-Jul-2026,16.35,16.98,16.27,16.96,3342400
XEL,08-Jul-2026,80.7,80.915,79.55,79.62,4365200
XELB,08-Jul-2026,1.54,1.59,1.48,1.48,99800
XELLL,08-Jul-2026,23.7,23.72,23.6,23.65,77700
XENE,08-Jul-2026,63.08,70.8419,62.9,69.95,4763900
XERS,08-Jul-2026,8.82,8.915,8.485,8.67,3676800
XEY,08-Jul-2026,19.8721,19.8721,19.8721,19.8721,100
XFOR,08-Jul-2026,3.87,3.98,3.84,3.96,464600
XGN,08-Jul-2026,4.74,4.7561,4.35,4.36,489700
XHG,08-Jul-2026,0.852,0.92,0.852,0.886,5600
XHLD,08-Jul-2026,2.09,2.15,1.9679,2.01,56900
XLO,08-Jul-2026,9.14,9.44,9.05,9.28,65000
XMAG,08-Jul-2026,25.51,25.6399,25.37,25.495,50500
XMAX,08-Jul-2026,8.7,8.9299,8.4512,8.63,1213000
XMTR,08-Jul-2026,92.96,95.3395,88.52,89.515,716500
XNCR,08-Jul-2026,15.47,16.51,15.36,16.46,1164100
XNDU,08-Jul-2026,10.88,11.37,10.88,11.21,1012600
XNET,08-Jul-2026,5.5,5.765,5.5,5.72,191400
XOMA,08-Jul-2026,43.81,45.1899,43.81,45,255300
XOMAO,08-Jul-2026,24.95,24.99,24.95,24.97,2200
XOMAP,08-Jul-2026,24.9773,24.9773,24.97,24.97,4700
XOMX,08-Jul-2026,38.52,38.52,36.27,36.8014,38800
XOS,08-Jul-2026,2.52,2.58,2.45,2.58,111400
XOSWW,08-Jul-2026,0.004,0.004,0.0022,0.004,2000
XOVR,08-Jul-2026,20.57,20.83,20.38,20.71,1647700
XP,08-Jul-2026,15.74,16.01,15.135,15.44,20536600
XPEG,08-Jul-2026,5.05,5.18,5,5.1596,47600
XPEL,08-Jul-2026,49.65,49.65,44.09,44.7,502100
XPON,08-Jul-2026,0.402,0.4035,0.38,0.38,116100
XQQI,08-Jul-2026,49.1,49.735,48.66,49.7338,277700
XRAY,08-Jul-2026,12.19,12.22,11.55,11.78,4627500
XRPC,08-Jul-2026,11.47,11.63,11.351,11.58,132100
XRPI,08-Jul-2026,5.93,6.03,5.89,6,157100
XRPN,08-Jul-2026,10.45,10.48,10.43,10.43,38700
XRPNW,08-Jul-2026,0.8172,0.82,0.78,0.81,184000
XRPT,08-Jul-2026,23.07,23.825,22.661,23.58,132500
XRTX,08-Jul-2026,2.13,2.13,2.03,2.055,12600
XRX,08-Jul-2026,2.6,2.73,2.595,2.67,2462800
XRXDW,08-Jul-2026,0.241,0.2599,0.2322,0.2378,79100
XSLL,08-Jul-2026,9.95,9.95,9.94,9.94,3000
XSLLW,08-Jul-2026,0.2406,0.2406,0.24,0.24,500
XSPC,08-Jul-2026,22.18,22.5,21.96,22.2038,1800
XSPI,08-Jul-2026,48.7,48.995,48.44,48.95,67300
XT,08-Jul-2026,81.37,81.8399,81.04,81.75,66000
XTIA,08-Jul-2026,1.54,1.555,1.5,1.53,581100
XTLB,08-Jul-2026,2.94,2.94,2.64,2.9,14200
XWEL,08-Jul-2026,0.8758,0.9477,0.871,0.93,114300
XXII,08-Jul-2026,4.301,4.3546,4.15,4.22,5300
XXX,08-Jul-2026,19.8903,19.8903,19.8903,19.8903,100
XYZG,08-Jul-2026,16.35,16.4956,16.0299,16.4956,28800
YAAS,08-Jul-2026,0.76,0.99,0.7069,0.8382,1580800
YB,08-Jul-2026,14.91,14.91,14.2,14.51,26000
YBMN,08-Jul-2026,10.22,10.52,10.0183,10.4788,7800
YBST,08-Jul-2026,13.41,13.51,13.41,13.51,1500
YBTY,08-Jul-2026,12.01,12.14,12.01,12.13,6700
YDDL,08-Jul-2026,1.96,2.09,1.96,2,5600
YDES,08-Jul-2026,2.11,2.15,1.91,1.96,180500
YDESW,08-Jul-2026,0.3302,0.3302,0.2003,0.2999,8500
YDKG,08-Jul-2026,0.8557,0.9683,0.81,0.8921,124500
YHC,08-Jul-2026,0.0353,0.0385,0.0339,0.0365,63588900
YHGJ,08-Jul-2026,3.2305,3.2305,3.05,3.0501,3800
YI,08-Jul-2026,3.97,4.38,3.88,4.18,20900
YIBO,08-Jul-2026,1.1,1.1,1.08,1.0898,2000
YICCU,08-Jul-2026,10.05,10.055,10.04,10.04,13900
YJ,08-Jul-2026,1.33,1.44,1.33,1.4,3600
YLDE,08-Jul-2026,56.8,56.8,56.17,56.2743,8600
YMAT,08-Jul-2026,0.4792,0.5243,0.4515,0.4806,626600
YMT,08-Jul-2026,0.5251,0.5408,0.51,0.5204,39100
YNOT,08-Jul-2026,31.58,31.91,31.2801,31.897,9000
YOKE,08-Jul-2026,31.68,31.7364,31.68,31.7364,2000
YOOV,08-Jul-2026,0.7037,0.7037,0.5246,0.6257,154400
YORW,08-Jul-2026,30.51,30.675,29.97,30,621500
YOUL,08-Jul-2026,0.58,0.58,0.5516,0.57,33500
YQ,08-Jul-2026,2.47,2.535,2.39,2.535,1700
YQQQ,08-Jul-2026,10.1,10.156,10.06,10.0704,20900
YSPY,08-Jul-2026,14.9,14.91,14.8,14.91,11100
YSWY,08-Jul-2026,20.1,20.785,19.925,20.24,286900
YSXT,08-Jul-2026,1.05,1.23,1.04,1.04,20200
YTRA,08-Jul-2026,0.88,0.94,0.85,0.8767,4800
YXT,08-Jul-2026,0.3477,0.35,0.3401,0.35,9900
YYAI,08-Jul-2026,7.26,7.345,7.0001,7.2809,5200
YYGH,08-Jul-2026,1.46,1.475,1.36,1.42,236500
Z,08-Jul-2026,32.33,32.9,31.36,32.27,3792400
ZAP,08-Jul-2026,33.81,33.9,33.31,33.68,59300
ZBAO,08-Jul-2026,0.43,0.4522,0.2251,0.2911,1247700
ZBIO,08-Jul-2026,27.36,28.84,26.55,28.765,795900
ZBRA,08-Jul-2026,260.3,264.685,256.475,264.32,373500
ZCMD,08-Jul-2026,1.99,2.97,1.99,2.5,3616100
ZD,08-Jul-2026,52.53,53.13,51.18,51.98,675300
ZDAI,08-Jul-2026,1.83,2,1.8,1.94,42900
ZENA,08-Jul-2026,1.305,1.35,1.29,1.31,1351200
ZEO,08-Jul-2026,0.62,0.625,0.6,0.615,42400
ZEOWW,08-Jul-2026,0.0373,0.0373,0.0373,0.0373,200
ZG,08-Jul-2026,32.74,32.8,31.31,32.13,860900
ZHOG,08-Jul-2026,51.31,51.31,51.31,51.31,100
ZION,08-Jul-2026,70.61,70.61,68.02,68.64,2031300
ZIONP,08-Jul-2026,18.3,18.3941,18.25,18.25,2500
ZJK,08-Jul-2026,1.975,1.975,1.825,1.88,11400
ZJYL,08-Jul-2026,1.86,1.92,1.86,1.91,6400
ZKIN,08-Jul-2026,1.415,1.44,1.3102,1.38,9100
ZLAB,08-Jul-2026,19.4,19.83,18.952,19.75,1353700
ZM,08-Jul-2026,85.78,87.9,85.03,87.4,3735400
ZMUN,08-Jul-2026,50.064,50.064,49.77,50.04,10700
ZNB,08-Jul-2026,0.467,0.5011,0.467,0.5,323300
ZNTL,08-Jul-2026,4.77,4.915,4.69,4.86,1019200
ZOOZ,08-Jul-2026,5.35,5.35,5.18,5.34,8500
ZS,08-Jul-2026,146.42,149.01,142.12,143.55,2959100
ZSQR,08-Jul-2026,8.51,8.5248,6.94,7.04,631400
ZSTK,08-Jul-2026,3.5,3.5,2.69,2.8582,6200
ZTEK,08-Jul-2026,0.5099,0.5099,0.4601,0.4799,108100
ZTEN,08-Jul-2026,49.99,50.07,49.95,50.07,500
ZTG,08-Jul-2026,2.26,2.89,2.06,2.85,404600
ZTOP,08-Jul-2026,51.6557,51.6557,51.6557,51.6557,100
ZTRE,08-Jul-2026,50.5,50.5,50.5,50.5,100
ZTWO,08-Jul-2026,50.38,50.38,50.38,50.38,100
ZUMZ,08-Jul-2026,17.5,17.73,17.01,17.67,224500
ZURA,08-Jul-2026,5.07,5.52,5.0113,5.49,1188100
ZVRA,08-Jul-2026,14.3,15.035,14.0801,14.75,2878000
ZYBT,08-Jul-2026,0.77,0.79,0.7285,0.771,24300
ZYME,08-Jul-2026,26.62,27.02,25.98,26.65,901500
