Symbol,Date,Open,High,Low,Close,Volume
AAAP,06-Aug-2026,25.33,25.33,25.305,25.305,8200
AACBR,06-Aug-2026,0.1201,0.1201,0.1201,0.1201,100
AACG,06-Aug-2026,0.89,0.9,0.84,0.9,5100
AACIW,06-Aug-2026,0.36,0.36,0.36,0.36,500
AACP,06-Aug-2026,10.01,10.01,10.01,10.01,118000
AADR,06-Aug-2026,84.4418,84.995,83.96,84.5679,8800
AAEQ,06-Aug-2026,54.872,54.872,54.872,54.872,100
AAL,06-Aug-2026,16.395,16.5663,15.93,16.03,56691300
AALG,06-Aug-2026,16.08,16.44,15.399,15.4478,9700
AAME,06-Aug-2026,1.57,1.6,1.56,1.6,9400
AAOI,06-Aug-2026,121.38,134.29,118.88,124.22,15377200
AAON,06-Aug-2026,92.05,93.465,90.07,90.28,866600
AAPB,06-Aug-2026,39.385,39.7,37.979,38.7,60400
AAPD,06-Aug-2026,11.04,11.24,10.99,11.12,6630700
AAPG,06-Aug-2026,17.13,17.13,16.7701,17.09,3900
AAPL,06-Aug-2026,314.34,316.2894,309.23,312.41,46139900
AAPU,06-Aug-2026,40.36,40.8,39.01,39.85,2550400
AARD,06-Aug-2026,7.56,7.56,7.15,7.3,63100
AAUB,06-Aug-2026,51.0382,51.0382,51.0382,51.0382,100
AAUS,06-Aug-2026,61.8,61.8,61.61,61.6304,3700
AAVM,06-Aug-2026,34.33,34.33,34.1466,34.1466,1300
AAXJ,06-Aug-2026,111.73,113.45,111.46,112.6,152700
ABAT,06-Aug-2026,2.32,2.39,2.275,2.39,2696000
ABCL,06-Aug-2026,5.79,6.565,5.62,6.53,8412100
ABCS,06-Aug-2026,35.85,35.87,35.8143,35.8143,2100
ABEO,06-Aug-2026,6.78,7.08,6.78,6.9,828800
ABI,06-Aug-2026,24.85,24.85,24.85,24.85,100
ABIG,06-Aug-2026,36.0363,36.0363,36.0363,36.0363,100
ABLV,06-Aug-2026,0.7279,0.769,0.7266,0.769,30300
ABNB,06-Aug-2026,152.14,153.79,148.75,151.64,6041100
ABOS,06-Aug-2026,2.24,2.34,2.23,2.28,228200
ABSI,06-Aug-2026,8.22,8.55,8.13,8.3,1769900
ABTC,06-Aug-2026,6.38,6.415,6.09,6.19,1022400
ABTS,06-Aug-2026,1.47,1.63,1.43,1.48,43300
ABUS,06-Aug-2026,4.57,4.64,4.45,4.54,1265700
ABVC,06-Aug-2026,1.02,1.029,1,1.02,36200
ABVX,06-Aug-2026,126,131.25,125.64,130,1076000
ACAA,06-Aug-2026,10.02,10.02,10.02,10.02,300
ACAAU,06-Aug-2026,10.07,10.16,10.07,10.0701,1600
ACAAW,06-Aug-2026,0.8,0.82,0.6239,0.82,700
ACAD,06-Aug-2026,28.85,29.48,28.32,28.45,3049700
ACB,06-Aug-2026,2.89,3.015,2.86,2.98,1892300
ACCL,06-Aug-2026,2.9,2.92,2.84,2.84,27800
ACDC,06-Aug-2026,3.59,4.605,3.51,4.465,4020200
ACEP,06-Aug-2026,20.43,20.4337,20.43,20.4337,100
ACET,06-Aug-2026,8.71,8.88,7.42,7.93,179900
ACFN,06-Aug-2026,17.75,19.4195,17.01,18.95,25500
ACGC,06-Aug-2026,9.99,9.99,9.98,9.98,38300
ACGL,06-Aug-2026,100.39,100.39,98.5809,99.29,1194400
ACGLN,06-Aug-2026,16.33,16.33,16.22,16.2799,45400
ACGLO,06-Aug-2026,19.4062,19.4439,19.2801,19.335,36300
ACHC,06-Aug-2026,32.165,32.165,30.4,30.72,1601000
ACHV,06-Aug-2026,6.57,6.75,6.51,6.55,572000
ACIC,06-Aug-2026,11.24,11.24,9.72,10.28,741900
ACIU,06-Aug-2026,2.28,2.355,2.28,2.32,70300
ACIW,06-Aug-2026,52.9,57.01,51.0675,55.22,1883100
ACLS,06-Aug-2026,136.7,144.08,130.83,136.66,907700
ACMR,06-Aug-2026,77.67,81.19,75.9,78.98,1053000
ACNB,06-Aug-2026,65.34,65.75,64.585,65.01,73400
ACNT,06-Aug-2026,15.53,15.7,15.24,15.25,45600
ACOG,06-Aug-2026,8.55,8.7,8.35,8.67,15000
ACON,06-Aug-2026,2.34,2.5,2.3,2.35,44100
ACONW,06-Aug-2026,0.0246,0.0546,0.0246,0.0246,26300
ACRS,06-Aug-2026,6.34,6.44,5.9,6.09,2821800
ACRV,06-Aug-2026,1.62,1.69,1.6018,1.69,316100
ACT,06-Aug-2026,48.06,49.09,46.29,48.67,539400
ACTG,06-Aug-2026,4.55,4.825,4.55,4.67,404100
ACTU,06-Aug-2026,1.15,1.25,1.12,1.23,186900
ACWI,06-Aug-2026,160.29,160.81,159.16,160.1,1807100
ACWX,06-Aug-2026,76.65,77.05,76.47,76.64,1175800
ACXP,06-Aug-2026,1.46,1.47,1.43,1.46,65400
ADACW,06-Aug-2026,0.4776,0.4776,0.4,0.4061,800
ADAG,06-Aug-2026,4.23,4.235,3.95,4.14,306500
ADAM,06-Aug-2026,9.47,9.59,9.39,9.52,601100
ADAMG,06-Aug-2026,25.19,25.19,25.075,25.13,3800
ADAMH,06-Aug-2026,25.43,25.43,25.38,25.38,24200
ADAMI,06-Aug-2026,25.31,25.39,25.295,25.35,13200
ADAML,06-Aug-2026,24.6,24.63,24.525,24.6,20200
ADAMM,06-Aug-2026,25.14,25.2099,25.14,25.1501,17200
ADAMN,06-Aug-2026,23.7,23.782,23.7,23.782,4500
ADAMO,06-Aug-2026,25.02,25.1,25,25.02,31100
ADAMZ,06-Aug-2026,18.67,18.8,18.55,18.6499,11100
ADBE,06-Aug-2026,252.23,260.64,250.84,260.24,4700500
ADBG,06-Aug-2026,4.31,4.635,4.29,4.63,5059200
ADEA,06-Aug-2026,29.09,29.81,28.26,28.31,851200
ADGM,06-Aug-2026,0.735,0.765,0.65,0.732,3115700
ADI,06-Aug-2026,375.25,384.4,373,377.31,3581700
ADIL,06-Aug-2026,4.07,4.985,4.07,4.8,178700
ADMA,06-Aug-2026,9.7,10.35,9.66,10.06,5616000
ADP,06-Aug-2026,271.16,273.81,269.195,273.51,2747800
ADPT,06-Aug-2026,24.58,24.58,23.41,23.6,2466100
ADSE,06-Aug-2026,11.82,11.83,11.53,11.7,5800
ADSK,06-Aug-2026,237.36,243,235.26,242.47,1359900
ADTN,06-Aug-2026,7.91,8.04,7.48,7.495,2322700
ADUR,06-Aug-2026,15.26,15.9,15.05,15.35,276700
ADUS,06-Aug-2026,116.92,119.6,113.9557,118.78,218000
ADV,06-Aug-2026,31.36,31.44,22.08,25.34,305400
ADVB,06-Aug-2026,7.57,7.8,7.32,7.44,61100
ADXN,06-Aug-2026,5.72,5.8,5.67,5.8,2100
AEAQ,06-Aug-2026,10.04,10.04,10.04,10.04,500
AEBI,06-Aug-2026,13.05,13.49,12.87,12.93,216800
AEC,06-Aug-2026,4.04,4.34,4.04,4.11,48700
AEHL,06-Aug-2026,0.335,0.36,0.3064,0.3064,801600
AEHR,06-Aug-2026,95.01,106.4899,92.95,99.74,1535500
AEI,06-Aug-2026,1.14,1.24,1.11,1.24,11500
AEIS,06-Aug-2026,325.04,334.79,317.66,323.91,470100
AEMD,06-Aug-2026,3.23,3.3899,2.995,3.02,76100
AENT,06-Aug-2026,5.2201,5.73,5.2201,5.69,6500
AENTW,06-Aug-2026,0.4,0.43,0.4,0.43,400
AEP,06-Aug-2026,127.98,128.2983,124.305,125.26,3088800
AERT,06-Aug-2026,6.51,7.14,6.4,6.95,19000
AERTW,06-Aug-2026,0.02,0.0212,0.02,0.0212,138200
AESP,06-Aug-2026,9.92,9.92,9.92,9.92,9000
AESPR,06-Aug-2026,0.18,0.2,0.18,0.1999,93600
AESPU,06-Aug-2026,10.135,10.15,10.135,10.15,9100
AESPW,06-Aug-2026,0.055,0.0551,0.05,0.05,46600
AEVA,06-Aug-2026,25.8,28.42,22.75,25.26,8432700
AEYE,06-Aug-2026,5.94,5.94,5.74,5.78,40300
AFCG,06-Aug-2026,2.79,2.81,2.74,2.76,44800
AFJK,06-Aug-2026,11.798,12,11.7558,11.95,10900
AFJKR,06-Aug-2026,0.128,0.1511,0.128,0.14,2500
AFJKU,06-Aug-2026,11.5,11.95,11.23,11.8998,10400
AFOS,06-Aug-2026,44.765,45.525,44.765,44.9048,5900
AFRI,06-Aug-2026,10.4,10.83,10.4,10.52,12300
AFRIW,06-Aug-2026,0.9,1.06,0.88,1.06,51300
AFRM,06-Aug-2026,77,78.98,76.37,76.58,2285900
AFSC,06-Aug-2026,39.3877,39.3877,39.3877,39.3877,200
AFYA,06-Aug-2026,13.62,13.93,13.37,13.91,137400
AGCC,06-Aug-2026,15.17,15.3,14.8,14.93,66400
AGEM,06-Aug-2026,48.05,48.475,48,48.0631,11400
AGEN,06-Aug-2026,7.67,8.85,7.3228,7.49,2455400
AGGA,06-Aug-2026,24.88,24.89,24.855,24.865,11700
AGIO,06-Aug-2026,31.44,32.57,31.44,31.95,1188100
AGIX,06-Aug-2026,43.65,44.71,43.3,44.14,129500
AGMB,06-Aug-2026,14.44,14.5,13.31,13.5,38600
AGMH,06-Aug-2026,1.01,1.07,0.9699,1.03,51800
AGMI,06-Aug-2026,67.29,68.0316,67.29,68.0316,200
AGNC,06-Aug-2026,10.67,10.73,10.58,10.61,19340400
AGNCL,06-Aug-2026,25.09,25.19,25.09,25.19,6600
AGNCM,06-Aug-2026,25.115,25.2,25.0951,25.15,22800
AGNCN,06-Aug-2026,25.8,25.86,25.79,25.83,34400
AGNCO,06-Aug-2026,25.57,25.62,25.57,25.57,13100
AGNCP,06-Aug-2026,25.23,25.24,25.2,25.22,34900
AGNCZ,06-Aug-2026,25.47,25.53,25.436,25.495,29300
AGNG,06-Aug-2026,37.56,37.66,37.09,37.2788,7500
AGNT,06-Aug-2026,4.07,4.18,3.8601,4.13,1636600
AGPU,06-Aug-2026,9.19,9.655,8.31,8.38,331000
AGRZ,06-Aug-2026,0.2995,0.3496,0.2995,0.3193,165600
AGYS,06-Aug-2026,108.29,108.785,103.7548,107.58,353000
AGZD,06-Aug-2026,22.57,22.63,22.555,22.5931,29100
AHCO,06-Aug-2026,6.44,6.46,5.89,6.045,10705700
AHD,06-Aug-2026,26.06,26.13,26.06,26.0858,2800
AHG,06-Aug-2026,1.4,1.4214,1.3001,1.32,7500
AHMA,06-Aug-2026,1.66,1.8,1.62,1.68,40200
AIA,06-Aug-2026,132.85,135.24,132.28,134.18,137700
AIAI,06-Aug-2026,4.23,4.55,3.98,4.02,135200
AIBZ,06-Aug-2026,7.08,7.205,6.75,7.11,349900
AIDX,06-Aug-2026,0.473,0.473,0.4351,0.4519,47700
AIFA,06-Aug-2026,1.65,1.7,1.5938,1.6,15700
AIFC,06-Aug-2026,0.437,0.437,0.4038,0.4061,401200
AIFD,06-Aug-2026,51.06,52.36,51.05,51.792,6400
AIFF,06-Aug-2026,1.15,1.1599,1.0901,1.12,74500
AIFU,06-Aug-2026,33.9,36.6,33.9,36.2,3400
AIHS,06-Aug-2026,1.45,1.59,1.43,1.43,26800
AIIO,06-Aug-2026,2.88,3.15,2.8401,3.05,539200
AIIOW,06-Aug-2026,0.0283,0.0283,0.0247,0.0282,7500
AIIR,06-Aug-2026,6.45,6.45,5.79,6.09,4600
AIMD,06-Aug-2026,1.37,1.59,1.37,1.53,98900
AIMS,06-Aug-2026,28.81,28.8199,28.71,28.7198,1800
AIOS,06-Aug-2026,11.81,12.6,11.81,12.44,12200
AIOT,06-Aug-2026,4.25,4.25,4.095,4.13,899100
AIP,06-Aug-2026,29.86,31.9,29.29,31.62,1045300
AIPI,06-Aug-2026,36.49,36.89,36.29,36.78,122700
AIPO,06-Aug-2026,29.98,30.68,29.73,29.85,1212100
AIQ,06-Aug-2026,61.24,62.3299,60.89,61.95,1123700
AIRE,06-Aug-2026,1.44,1.4702,1.38,1.43,24900
AIRG,06-Aug-2026,5.8,5.84,5.43,5.7,99900
AIRJ,06-Aug-2026,5.725,6.1796,5.51,5.59,2146400
AIRJW,06-Aug-2026,1.5,1.64,1.49,1.54,24200
AIRO,06-Aug-2026,7.5,8.05,7.5,7.86,312300
AIRR,06-Aug-2026,121.86,124.14,121.09,121.14,577400
AIRS,06-Aug-2026,4.92,5.03,4.71,4.77,444700
AIRT,06-Aug-2026,33,35,33,34.26,5700
AIRTP,06-Aug-2026,19.05,19.1,19.02,19.02,4900
AISP,06-Aug-2026,1.85,2.065,1.8401,1.92,463600
AISPW,06-Aug-2026,0.4425,0.47,0.4425,0.47,1500
AIX,06-Aug-2026,23.41,23.42,23.353,23.353,400
AIXC,06-Aug-2026,0.794,0.8258,0.7409,0.8257,13600
AIXI,06-Aug-2026,1.02,1.1,1.02,1.06,199600
AKAM,06-Aug-2026,116.6,120.85,116.26,118.55,5505900
AKAN,06-Aug-2026,5.24,5.38,5.1214,5.36,21900
AKBA,06-Aug-2026,0.9021,1.01,0.85,0.9544,17685500
AKTS,06-Aug-2026,22.34,24,22.23,23.44,266600
AKTX,06-Aug-2026,7.88,8.09,7.31,8.08,11000
ALAB,06-Aug-2026,313.09,344.88,308,331.5,4943900
ALAR,06-Aug-2026,1.92,1.97,1.88,1.96,97000
ALBG,06-Aug-2026,6.39,6.71,6.2,6.2844,149900
ALCO,06-Aug-2026,38.21,38.8,38.1,38.305,30800
ALDX,06-Aug-2026,1.6,1.615,1.53,1.59,579200
ALEC,06-Aug-2026,1.49,2.035,1.482,1.83,5704400
ALF,06-Aug-2026,10.81,10.81,10.81,10.81,100
ALGM,06-Aug-2026,40.84,44.0499,40.2,42.455,1828300
ALGN,06-Aug-2026,173.43,174.09,168.67,169.08,655700
ALGS,06-Aug-2026,4.18,5.6,4.18,5.51,293400
ALGT,06-Aug-2026,101.98,103.8,97.1,97.165,471500
ALHC,06-Aug-2026,13.65,13.755,13.35,13.38,5439900
ALIL,06-Aug-2026,32.43,32.43,32.2868,32.2868,300
ALIS,06-Aug-2026,10.18,10.19,10.175,10.18,557000
ALISR,06-Aug-2026,0.6,0.6034,0.6,0.6001,31100
ALKS,06-Aug-2026,49.61,50.3999,48.21,48.37,1569000
ALKT,06-Aug-2026,18.31,19.78,18.15,19.69,3479300
ALLO,06-Aug-2026,1.95,1.99,1.92,1.97,3170400
ALLR,06-Aug-2026,1.33,1.4,1.33,1.4,84500
ALLT,06-Aug-2026,7.78,7.81,7.53,7.61,181400
ALLW,06-Aug-2026,29.69,29.71,29.46,29.56,542900
ALM,06-Aug-2026,13.45,14.04,13.33,13.42,5817800
ALMR,06-Aug-2026,28.42,29.3,27.49,28.1,246400
ALMS,06-Aug-2026,27.1,28.5572,27.1,27.8,653400
ALMU,06-Aug-2026,16.3,17.8,16.1,17.09,295400
ALNT,06-Aug-2026,103.25,113.48,100.475,111.21,692900
ALNY,06-Aug-2026,228.58,234,212.9775,216.12,2274500
ALOT,06-Aug-2026,28.9,28.98,28.85,28.89,106300
ALOV,06-Aug-2026,10,10,10,10,2600
ALOY,06-Aug-2026,9.62,10.8876,9.32,10.69,2839700
ALP,06-Aug-2026,0.1861,0.1908,0.182,0.1822,1098800
ALPS,06-Aug-2026,0.4233,0.43,0.4101,0.415,9400
ALPX,06-Aug-2026,9.89,9.89,9.89,9.89,19800
ALPXU,06-Aug-2026,10.375,10.375,10.375,10.375,300
ALPXW,06-Aug-2026,0.058,0.058,0.058,0.058,300
ALRM,06-Aug-2026,56.09,56.695,55.65,56.29,408100
ALRS,06-Aug-2026,33.99,34.04,33.35,33.59,202200
ALT,06-Aug-2026,3.03,3.05,2.95,3.01,3977200
ALTI,06-Aug-2026,4.5,4.62,4.31,4.34,413700
ALTO,06-Aug-2026,4.81,4.9,4.3101,4.515,3915800
ALTY,06-Aug-2026,12.28,12.29,12.26,12.26,17200
ALVO,06-Aug-2026,3.79,3.8805,3.77,3.8,503300
ALXO,06-Aug-2026,1.94,2.14,1.87,2.11,580900
ALZN,06-Aug-2026,1.42,1.45,1.33,1.38,59300
AMA,06-Aug-2026,28.54,29.6591,26.92,28.6725,127400
AMACU,06-Aug-2026,9.95,9.95,9.95,9.95,600
AMAL,06-Aug-2026,50.68,50.735,50.12,50.15,144000
AMAT,06-Aug-2026,525.34,539.5,511.05,527.48,4173200
AMBA,06-Aug-2026,80.93,86.19,80.26,83.79,1205200
AMBR,06-Aug-2026,1.36,1.4,1.36,1.36,3700
AMCI,06-Aug-2026,4.76,4.8493,4.56,4.6,145000
AMCX,06-Aug-2026,11.97,12.515,11.82,11.87,950500
AMD,06-Aug-2026,471.75,496.72,469.5,489.28,24675300
AMDD,06-Aug-2026,30.5,30.54,28.8805,29.32,892900
AMDG,06-Aug-2026,84.26,93.57,84.195,91.6206,88200
AMDL,06-Aug-2026,49.8,55.31,49.5,53.67,3281200
AMEI,06-Aug-2026,26.67,26.68,26.6344,26.6344,2700
AMEM,06-Aug-2026,24.68,24.68,24.68,24.68,1300
AMGN,06-Aug-2026,413.71,418.4,401.2,404.85,2609000
AMGR,06-Aug-2026,25.77,25.83,25.75,25.765,14300
AMID,06-Aug-2026,36.77,36.77,36.4794,36.4794,10500
AMIX,06-Aug-2026,13.35,14.25,10.5,12.17,3204400
AMKR,06-Aug-2026,52.185,55.705,51.19,54.16,3155600
AMLX,06-Aug-2026,21.1,24.36,21.1,24.19,3537900
AMOD,06-Aug-2026,4.22,4.53,4.21,4.41,11200
AMPG,06-Aug-2026,5.14,5.6144,5.05,5.43,1586200
AMPGZ,06-Aug-2026,0.5505,0.7792,0.55,0.7501,5700
AMPH,06-Aug-2026,20.22,20.25,19.6023,19.81,527300
AMPL,06-Aug-2026,10.16,10.825,9.9,10.77,4631700
AMRN,06-Aug-2026,14.42,14.6,14.24,14.26,23700
AMRX,06-Aug-2026,18.7,18.81,17.93,18.07,1404600
AMSC,06-Aug-2026,29.64,33.93,28.5,32.9,1139000
AMSF,06-Aug-2026,30.17,30.27,29.5569,29.73,172500
AMSS,06-Aug-2026,1.24,1.24,1.12,1.13,54600
AMST,06-Aug-2026,0.99,1.02,0.9601,1,132600
AMTX,06-Aug-2026,1.65,1.775,1.58,1.63,1263300
AMUN,06-Aug-2026,25.995,26,25.995,25.995,2500
AMUU,06-Aug-2026,175.61,195.13,175.61,189.74,124700
AMYY,06-Aug-2026,14.4,14.61,14.4,14.5718,32700
AMZD,06-Aug-2026,8.04,8.09,7.965,8.05,6687000
AMZN,06-Aug-2026,272.765,275.48,271.061,272.26,30672900
AMZU,06-Aug-2026,41.965,42.78,41.4401,41.77,1572100
AMZZ,06-Aug-2026,39.015,39.66,38.5,38.7651,63500
ANAB,06-Aug-2026,55.28,56.0656,53.45,54.77,289000
ANDE,06-Aug-2026,70.31,70.9999,67.74,67.95,321600
ANEL,06-Aug-2026,26.01,27.035,25.08,25.69,95300
ANGH,06-Aug-2026,3.32,3.4223,3.3154,3.4223,1400
ANGI,06-Aug-2026,4.78,5.1377,4.78,4.96,1163500
ANGL,06-Aug-2026,29.01,29.01,28.94,28.95,1070600
ANGO,06-Aug-2026,15.11,15.29,14.95,15.11,357400
ANGU,06-Aug-2026,25.44,25.44,25.355,25.3778,17467800
ANIK,06-Aug-2026,19.4,20.3899,19.4,20.16,193200
ANIP,06-Aug-2026,80.56,83.21,79.4693,82.63,717200
ANIX,06-Aug-2026,3.41,3.53,3.36,3.43,106600
ANL,06-Aug-2026,13,13.97,12.92,13.84,316600
ANNA,06-Aug-2026,2.5,2.65,2.46,2.54,203100
ANNAW,06-Aug-2026,0.18,0.221,0.18,0.198,39700
ANNX,06-Aug-2026,5.37,5.6,5.37,5.6,3049200
ANPA,06-Aug-2026,4.6,5.195,4.6,4.8001,15100
ANSCW,06-Aug-2026,0.002,0.0045,0.002,0.002,76400
ANTA,06-Aug-2026,3.97,4.02,3.8001,4.02,2300
ANTX,06-Aug-2026,5.82,6.26,5.81,6.08,207200
ANV,06-Aug-2026,25.5,25.65,25.5,25.5728,17200
ANY,06-Aug-2026,2.24,2.3799,2.1739,2.24,185200
AOHY,06-Aug-2026,10.98,11.02,10.98,11.015,27100
AOSL,06-Aug-2026,32.53,34.635,31.0801,33.33,328000
AOTG,06-Aug-2026,63.47,63.7,63.2969,63.2969,10900
AOUT,06-Aug-2026,12.68,12.68,12.4,12.54,61700
APA,06-Aug-2026,36.56,36.71,35.46,36.53,8079900
APACR,06-Aug-2026,0.1215,0.1217,0.1201,0.1201,600
APC,06-Aug-2026,19.85,19.94,19.34,19.81,97700
APEI,06-Aug-2026,53.28,53.28,49.535,50.78,332800
APGE,06-Aug-2026,134.33,134.58,134.25,134.49,1232900
API,06-Aug-2026,4.11,4.15,4.11,4.15,243200
APLD,06-Aug-2026,28.3,30.48,28.17,28.86,12582600
APLM,06-Aug-2026,17,17,17,17,1200
APLMW,06-Aug-2026,0.0187,0.0187,0.0105,0.0185,72800
APMC,06-Aug-2026,9.915,9.92,9.915,9.92,11300
APMCR,06-Aug-2026,0.135,0.135,0.11,0.1101,6000
APMD,06-Aug-2026,26.78,28.45,25.13,27.88,300800
APOG,06-Aug-2026,43.01,43.5246,42.455,43.13,181600
APP,06-Aug-2026,338.45,352,332.1918,335.67,15235800
APPF,06-Aug-2026,190.83,194.68,189.7,194.11,346000
APPN,06-Aug-2026,30.21,30.55,25.855,30.41,1732000
APPS,06-Aug-2026,12.952,14.3699,11.76,14.27,8140900
APPX,06-Aug-2026,15.76,17.0799,14.8,15.2,4696600
APRE,06-Aug-2026,0.613,0.6524,0.613,0.6325,22600
APUR,06-Aug-2026,9.96,9.96,9.96,9.96,0
APVO,06-Aug-2026,4.11,4.11,3.96,4.07,25000
APWC,06-Aug-2026,1.6,1.6,1.51,1.6,2200
APXT,06-Aug-2026,10.1011,10.115,10.1,10.11,567700
APXTW,06-Aug-2026,0.325,0.325,0.3,0.3,13300
APYX,06-Aug-2026,4.14,4.32,3.99,4.16,114000
AQB,06-Aug-2026,1.04,1.22,1.03,1.07,11574100
AQLG,06-Aug-2026,26.5913,26.5913,26.5913,26.5913,100
AQMS,06-Aug-2026,2.74,2.75,2.5613,2.68,8900
AQST,06-Aug-2026,3.76,3.92,3.76,3.92,1536400
AQWA,06-Aug-2026,19.85,19.98,19.76,19.775,3800
ARAI,06-Aug-2026,0.249,0.2526,0.2423,0.245,263600
ARAY,06-Aug-2026,0.2758,0.2956,0.2723,0.2827,447600
ARBB,06-Aug-2026,4.19,4.34,4.19,4.2755,1400
ARBE,06-Aug-2026,0.7,0.777,0.6983,0.7568,1281900
ARBEW,06-Aug-2026,0.0342,0.0342,0.0279,0.0286,3200
ARBK,06-Aug-2026,2.85,2.92,2.82,2.83,4400
ARCB,06-Aug-2026,140.47,142.545,135,135.25,294000
ARCC,06-Aug-2026,19.4,19.69,19.37,19.62,4225600
ARCI,06-Aug-2026,10.16,10.16,10.16,10.16,16000
ARCL,06-Aug-2026,9.91,9.91,9.91,9.91,18800
ARCT,06-Aug-2026,6.26,6.355,5.975,6.08,334900
ARDX,06-Aug-2026,4.89,5,4.815,4.87,7283000
AREC,06-Aug-2026,2.12,2.35,2.1,2.27,3085500
ARGX,06-Aug-2026,875.66,884.75,863.88,875.3,227100
ARHS,06-Aug-2026,9.75,9.755,8.52,9.68,3733700
ARKO,06-Aug-2026,7.35,7.385,7.18,7.29,919300
ARKR,06-Aug-2026,5.82,5.82,5.82,5.82,600
ARLP,06-Aug-2026,25.6,25.67,25.31,25.32,675900
ARM,06-Aug-2026,267.03,295.57,266.88,286.68,4375100
ARMG,06-Aug-2026,20.01,24.39,19.9,23.01,988200
ARMY,06-Aug-2026,27.13,27.13,27.04,27.0427,1300
AROW,06-Aug-2026,40.8,41.05,39.88,39.97,55000
ARQ,06-Aug-2026,2.09,2.13,2.0417,2.11,196800
ARQQ,06-Aug-2026,20.69,22.27,20.22,21.47,198900
ARQQW,06-Aug-2026,0.0236,0.0237,0.0151,0.0202,14300
ARQT,06-Aug-2026,29.21,29.24,26.23,26.43,3264300
ARRY,06-Aug-2026,6.26,6.32,5.16,5.25,18653100
ARTL,06-Aug-2026,0.76,0.77,0.741,0.7524,86100
ARTNA,06-Aug-2026,34.29,34.415,33.9304,34.4,18400
ARTV,06-Aug-2026,11.52,12.06,11.38,11.58,321600
ARTW,06-Aug-2026,2.17,2.27,2.13,2.14,17600
ARVN,06-Aug-2026,8.4,8.7163,8.37,8.68,2580500
ARVR,06-Aug-2026,55.885,55.9698,55.885,55.9698,100
ARWR,06-Aug-2026,86.48,87.815,85.1901,85.83,1051200
ARXS,06-Aug-2026,59.6,61.5,57.123,57.59,861800
ASBP,06-Aug-2026,7.42,7.89,7.06,7.06,39200
ASCI,06-Aug-2026,37.07,37.28,37.04,37.0851,2800
ASD,06-Aug-2026,27.485,27.485,27.485,27.485,100
ASEC,06-Aug-2026,49.91,49.91,49.89,49.89,54900
ASLE,06-Aug-2026,6.47,6.53,6.27,6.3,528000
ASMB,06-Aug-2026,26.78,26.9799,26.18,26.45,100000
ASMG,06-Aug-2026,45.355,47.3557,44.67,46.057,47500
ASML,06-Aug-2026,1695.39,1735.53,1672.11,1704.37,1072400
ASMU,06-Aug-2026,29.745,31.03,28.9662,30.06,110600
ASND,06-Aug-2026,244.7,254.98,244.7,249.85,746600
ASO,06-Aug-2026,47.87,48.52,47.11,47.35,1174000
ASPC,06-Aug-2026,10.64,10.64,10.55,10.64,9100
ASPI,06-Aug-2026,4.01,4.2,3.96,4.1,3528900
ASPS,06-Aug-2026,5.65,5.8,5.65,5.775,7800
ASPSW,06-Aug-2026,0.3401,0.4047,0.331,0.3945,1400
ASPSZ,06-Aug-2026,0.2057,0.2101,0.2057,0.21,4100
ASRV,06-Aug-2026,4.62,4.8,4.62,4.79,29600
ASST,06-Aug-2026,12.13,12.56,11.9,12.31,2122000
ASTC,06-Aug-2026,8.82,10.0708,8.25,9.01,387000
ASTE,06-Aug-2026,45.65,47.25,44.0501,44.18,433800
ASTH,06-Aug-2026,35.82,35.87,33.92,34.13,665200
ASTI,06-Aug-2026,3.17,3.39,3.17,3.22,229100
ASTL,06-Aug-2026,4.45,4.45,3.96,3.97,891400
ASTLW,06-Aug-2026,0.0052,0.0079,0.0052,0.007,11700
ASTS,06-Aug-2026,65.85,74.08,65.7,67.36,13024500
ASUR,06-Aug-2026,8.6,8.72,8.425,8.71,76100
ASYS,06-Aug-2026,16.01,16.041,14.81,14.95,597900
ATAI,06-Aug-2026,7.2,7.22,7.18,7.18,4418300
ATAT,06-Aug-2026,35.04,35.5,34.86,35.44,471700
ATC,06-Aug-2026,20.6514,20.6514,20.6514,20.6514,100
ATCX,06-Aug-2026,2.61,2.65,2.57,2.57,9500
ATEC,06-Aug-2026,9.55,9.642,8.9,9.21,3695300
ATER,06-Aug-2026,0.5057,0.51,0.46,0.461,120800
ATEX,06-Aug-2026,100.67,105.77,99,100.32,255100
ATGL,06-Aug-2026,7.5,7.5,7.5,7.5,1300
ATHE,06-Aug-2026,4.7,4.7,4.53,4.56,2900
ATHR,06-Aug-2026,3.73,4.25,3.73,4.21,9400
ATII,06-Aug-2026,10.73,10.74,10.7063,10.72,13100
ATIIW,06-Aug-2026,1.53,1.59,1.43,1.51,196900
ATLC,06-Aug-2026,110.69,112.89,110.01,111.79,150800
ATLCL,06-Aug-2026,25.025,25.05,25.025,25.05,2700
ATLCP,06-Aug-2026,24.508,24.508,24.45,24.4999,1900
ATLCZ,06-Aug-2026,25.5,25.5956,25.45,25.515,8400
ATLO,06-Aug-2026,31.5,31.5,31.08,31.425,26800
ATLX,06-Aug-2026,3.01,3.07,2.925,2.97,214200
ATNI,06-Aug-2026,27.87,30.73,27.02,30.63,231800
ATOM,06-Aug-2026,5.235,5.5799,5.015,5.315,538800
ATOS,06-Aug-2026,2.39,2.44,2.26,2.42,30700
ATPC,06-Aug-2026,2.45,2.54,2.4001,2.49,50100
ATRA,06-Aug-2026,8.6,8.645,8.0901,8.25,22800
ATRC,06-Aug-2026,39.55,40.475,39,39.49,762100
ATRO,06-Aug-2026,76.29,80.8,75.76,76.04,538600
ATTO,06-Aug-2026,22.05,22.05,19.63,20.38,413200
ATXG,06-Aug-2026,3.41,3.64,3.35,3.64,6100
ATYR,06-Aug-2026,0.529,0.529,0.49,0.502,582600
AUBN,06-Aug-2026,26.2,26.4,26.135,26.4,1000
AUC,06-Aug-2026,7.06,7.06,7.06,7.06,100
AUDC,06-Aug-2026,9.8,10.12,9.78,9.9,115400
AUGO,06-Aug-2026,64.67,67.29,63.5301,65.63,803100
AUID,06-Aug-2026,0.73,0.74,0.701,0.709,55400
AUMI,06-Aug-2026,86.04,87.1866,86.04,87.1866,300
AUPH,06-Aug-2026,15.93,16.35,15.702,16.13,2235900
AUR,06-Aug-2026,6.63,6.875,6.5602,6.78,24744700
AURA,06-Aug-2026,7.24,7.74,7.2,7.72,577500
AURE,06-Aug-2026,1.78,1.85,1.6701,1.75,12800
AUROW,06-Aug-2026,0.21,0.25,0.21,0.21,5800
AUTL,06-Aug-2026,1.96,2.045,1.905,2,3790100
AUUD,06-Aug-2026,1.03,1.04,0.9501,0.9501,154800
AVAH,06-Aug-2026,9.29,9.37,9.12,9.31,1283200
AVAT,06-Aug-2026,0.333,0.36,0.333,0.3402,100200
AVAV,06-Aug-2026,166.11,174.79,165,171.12,1040800
AVBH,06-Aug-2026,32.93,32.93,32.55,32.6,38900
AVBP,06-Aug-2026,30.61,31.505,30.0825,31.01,181500
AVGB,06-Aug-2026,51.01,51.01,51.01,51.01,100
AVGG,06-Aug-2026,32.58,33.75,31.275,32.67,131500
AVGO,06-Aug-2026,420.545,428.03,410.76,420.565,13907500
AVGU,06-Aug-2026,41.56,43.115,40.445,41.8549,72500
AVGX,06-Aug-2026,55.89,57.88,53.553,56.02,331100
AVIR,06-Aug-2026,4.77,5.02,4.76,4.99,245300
AVL,06-Aug-2026,52.87,54.88,50.89,53.14,317100
AVLN,06-Aug-2026,32.2,33.28,31.38,32.7,122700
AVNW,06-Aug-2026,21.09,21.69,20.8,21.05,92000
AVO,06-Aug-2026,12.24,12.62,12.1,12.56,785400
AVOS,06-Aug-2026,27.6703,27.6703,27.6703,27.6703,100
AVPT,06-Aug-2026,13.12,13.335,12.74,12.79,3532800
AVR,06-Aug-2026,7.96,8.56,7.95,8.36,987000
AVS,06-Aug-2026,6.98,7.13,6.86,6.9716,14535100
AVT,06-Aug-2026,98.3,100,96.45,96.8,1925400
AVTX,06-Aug-2026,17.87,19.84,17.87,18.7,596200
AVUQ,06-Aug-2026,67.32,67.725,67.32,67.5574,14000
AVX,06-Aug-2026,3.11,3.35,3.1,3.17,10300
AVXC,06-Aug-2026,79.08,80.24,79.08,79.7884,28600
AVXL,06-Aug-2026,3.17,3.32,3.16,3.28,856100
AVXX,06-Aug-2026,6.2,6.92,6.18,6.66,285100
AWRE,06-Aug-2026,1.295,1.3282,1.1946,1.225,14700
AXG,06-Aug-2026,2.82,2.82,2.74,2.76,149300
AXGN,06-Aug-2026,45.07,45.615,44.11,44.35,550900
AXIN,06-Aug-2026,10.27,10.28,10.27,10.27,21400
AXINR,06-Aug-2026,0.3601,0.39,0.3601,0.38,6500
AXINU,06-Aug-2026,10.6,10.6,10.6,10.6,500
AXON,06-Aug-2026,589.15,628.22,516.15,522.46,2207900
AXSM,06-Aug-2026,212.73,216.56,209.975,210.13,397200
AXTI,06-Aug-2026,69.08,77.3997,67.195,75.17,11410200
AYA,06-Aug-2026,24.24,25.5,24.03,25.2,845400
AYTU,06-Aug-2026,2.27,2.33,2.23,2.33,29000
AZ,06-Aug-2026,6.04,6.2199,5.9,5.98,139200
AZI,06-Aug-2026,1.22,2.58,1.2,1.6,69981700
AZIO,06-Aug-2026,1.65,1.85,1.35,1.458,1096276
AZIO,06-Aug-2026,1.51,1.64,1.42,1.47,1175400
AZTA,06-Aug-2026,31.82,31.955,30.42,30.74,750300
AZYY,06-Aug-2026,14.46,14.48,14.46,14.465,1600
BABU,06-Aug-2026,12.62,12.7396,12.465,12.67,40600
BABX,06-Aug-2026,23.37,23.545,22.9901,23.41,488400
BACC,06-Aug-2026,10.49,10.49,10.49,10.49,200
BACCR,06-Aug-2026,0.45,0.45,0.4222,0.4222,1000
BAER,06-Aug-2026,1.78,1.78,1.68,1.69,3386600
BAERW,06-Aug-2026,0.2632,0.2632,0.2,0.2,70600
BAFE,06-Aug-2026,30.31,30.34,30.225,30.2572,28500
BAFN,06-Aug-2026,6.48,6.91,6.2475,6.8,20800
BAIG,06-Aug-2026,15.835,16.73,15.78,16.1374,11200
BAIV,06-Aug-2026,28.6,28.76,28.52,28.5438,386100
BALQ,06-Aug-2026,55.55,56.03,55.55,55.7013,3900
BAND,06-Aug-2026,44.54,46.54,43.745,44.69,1251900
BANF,06-Aug-2026,114.76,115.56,113.16,113.33,120600
BANFP,06-Aug-2026,27.8,27.8,27.2,27.2,400
BANL,06-Aug-2026,3.94,4.205,3.8,3.96,54400
BANR,06-Aug-2026,71.14,71.14,70.17,70.49,307000
BANX,06-Aug-2026,20.26,20.5583,20.26,20.39,25100
BAOS,06-Aug-2026,0.5597,0.603,0.52,0.5968,256800
BASG,06-Aug-2026,28.48,28.48,28.33,28.3688,21500
BASV,06-Aug-2026,32.01,32.01,31.7937,31.7937,3300
BATRA,06-Aug-2026,52.9,53.69,52.365,52.6,64500
BATRK,06-Aug-2026,50.27,50.54,48.71,48.81,690300
BBB,06-Aug-2026,30.2,30.2,30.13,30.17,5900
BBCP,06-Aug-2026,9.84,9.85,9.47,9.68,179400
BBCQ,06-Aug-2026,10.19,10.2,10.17,10.17,401600
BBCQW,06-Aug-2026,1.68,1.68,1.68,1.68,1100
BBGI,06-Aug-2026,25.47,26.5,23.42,23.625,25900
BBH,06-Aug-2026,212.3499,212.3499,209.36,210.6667,7300
BBIO,06-Aug-2026,81.5,84.655,81.5,82.8,1221400
BBLG,06-Aug-2026,0.982,0.9901,0.9194,0.9194,13300
BBNX,06-Aug-2026,13.72,14.23,13.615,14.11,590100
BBOT,06-Aug-2026,8.98,9.31,8.75,8.78,186900
BBSI,06-Aug-2026,35.03,36,31.2699,33.09,744800
BBUL,06-Aug-2026,13,14.59,13,13.9762,3100
BBYY,06-Aug-2026,9.86,9.86,9.82,9.845,3100
BCAB,06-Aug-2026,3.35,3.535,3.2739,3.33,39600
BCAL,06-Aug-2026,21.57,21.62,21.3,21.37,130900
BCAR,06-Aug-2026,4.54,4.87,4.4,4.75,44300
BCARW,06-Aug-2026,0.55,0.6,0.5001,0.55,129600
BCAX,06-Aug-2026,26.11,27.68,26.06,27.51,704000
BCBP,06-Aug-2026,8.71,9.07,8.69,8.8,198400
BCCQ,06-Aug-2026,9.9,9.9,9.9,9.9,26000
BCCQU,06-Aug-2026,10.05,10.05,10.05,10.05,3500
BCDA,06-Aug-2026,0.92,0.9764,0.8994,0.9496,307700
BCFN,06-Aug-2026,22.9629,22.9629,22.9629,22.9629,100
BCG,06-Aug-2026,1.45,1.46,1.41,1.41,17100
BCIC,06-Aug-2026,7.37,7.48,7.22,7.39,150300
BCLO,06-Aug-2026,49.48,49.51,49.48,49.495,21100
BCML,06-Aug-2026,30.69,30.88,30.295,30.7,28300
BCPC,06-Aug-2026,180,181.48,177.17,180.42,186800
BCRX,06-Aug-2026,9.04,9.53,8.98,9.3,4044200
BCTK,06-Aug-2026,29.35,30.06,29.35,29.7104,6600
BCTX,06-Aug-2026,3.51,3.6699,3.43,3.45,209400
BCTXL,06-Aug-2026,0.9,0.9499,0.89,0.93,10100
BCTXZ,06-Aug-2026,0.0835,0.0869,0.0801,0.0868,92700
BCYC,06-Aug-2026,3.96,4.03,3.93,3.97,225000
BDCI,06-Aug-2026,10.09,10.09,10.09,10.09,200
BDCIU,06-Aug-2026,10.2,10.2,10.2,10.2,100
BDGS,06-Aug-2026,36.93,36.95,36.8669,36.8669,4100
BDMD,06-Aug-2026,1.08,1.18,1.08,1.18,94600
BDRX,06-Aug-2026,1.59,1.645,1.391,1.47,36900
BDSX,06-Aug-2026,21.76,25,19.77,22.1,233000
BDTX,06-Aug-2026,1.8,1.935,1.76,1.92,748100
BDVL,06-Aug-2026,26.74,26.79,26.71,26.7648,172000
BDYN,06-Aug-2026,28.33,29.3094,28.03,28.2401,393500
BEAM,06-Aug-2026,26.71,27.99,26.56,27.25,1168600
BEAT,06-Aug-2026,0.508,0.5147,0.4999,0.5104,295900
BEDY,06-Aug-2026,30.05,30.05,29.795,29.8313,77300
BEEM,06-Aug-2026,1.1,1.16,1.1,1.12,201400
BEEP,06-Aug-2026,1.81,2.1525,1.8,2.04,16100
BEEX,06-Aug-2026,27.87,27.9041,27.83,27.9041,1100
BEEZ,06-Aug-2026,35.2634,35.2634,35.2634,35.2634,100
BEG,06-Aug-2026,36.69,46.04,35.16,38.8784,262100
BELFA,06-Aug-2026,230.74,245.1,225.47,232.65,118700
BELFB,06-Aug-2026,291.64,303.98,285.11,289.4,182700
BELT,06-Aug-2026,40.01,40.01,39.8412,39.8412,2400
BENF,06-Aug-2026,3.13,3.15,2.87,3.14,18600
BENFW,06-Aug-2026,0.0093,0.0106,0.009,0.0102,249800
BESO,06-Aug-2026,25.51,25.51,25.3944,25.3944,200
BETR,06-Aug-2026,17.4,17.4499,16.31,16.64,669100
BETRW,06-Aug-2026,0.13,0.135,0.1107,0.135,6100
BFC,06-Aug-2026,157.45,157.45,154.2,154.95,95100
BFLX,06-Aug-2026,26.23,26.4164,26.23,26.2507,209100
BFRG,06-Aug-2026,0.611,0.6199,0.591,0.591,113700
BFRGW,06-Aug-2026,0.11,0.1101,0.11,0.1101,200
BFRI,06-Aug-2026,1.25,1.27,1.21,1.25,278600
BFST,06-Aug-2026,32.2,32.25,31.61,31.71,261500
BGC,06-Aug-2026,10.99,11,10.27,10.51,3764800
BGCG,06-Aug-2026,27.0274,27.0575,27.0274,27.0575,800
BGDE,06-Aug-2026,6.12,6.3,5.65,5.65,34300
BGEG,06-Aug-2026,23.18,23.18,23.0604,23.0604,300
BGGG,06-Aug-2026,35.8314,35.85,35.4,35.5134,111400
BGIA,06-Aug-2026,25.2131,25.2131,25.2131,25.2131,100
BGIN,06-Aug-2026,1.7338,1.7338,1.7338,1.7338,600
BGL,06-Aug-2026,0.2028,0.2028,0.1801,0.1817,353300
BGLC,06-Aug-2026,1.55,1.58,1.55,1.58,5900
BGLWW,06-Aug-2026,0.07,0.07,0.045,0.045,9600
BGM,06-Aug-2026,0.305,0.305,0.292,0.2961,12400
BGMS,06-Aug-2026,1.04,1.04,0.95,0.9702,54000
BGRN,06-Aug-2026,46.89,46.905,46.8421,46.8654,15100
BGRO,06-Aug-2026,43.3294,43.3294,43.3294,43.3294,100
BGUS,06-Aug-2026,26.11,26.11,26.03,26.0426,40500
BHAV,06-Aug-2026,9.99,9.99,9.99,9.99,700
BHDG,06-Aug-2026,23.78,23.87,23.78,23.855,2400
BHF,06-Aug-2026,62.09,62.51,61.58,62.17,919700
BHFAL,06-Aug-2026,15.73,15.82,15.65,15.82,29100
BHFAM,06-Aug-2026,9.98,10.0327,9.98,9.99,22500
BHFAN,06-Aug-2026,11.34,11.4299,11.34,11.39,31500
BHFAO,06-Aug-2026,14.23,14.3,14.23,14.29,53000
BHFAP,06-Aug-2026,13.85,13.93,13.85,13.89,28500
BHRB,06-Aug-2026,74.69,75.045,73.03,73.76,107600
BHST,06-Aug-2026,2.24,2.9899,2.23,2.51,238300
BIAF,06-Aug-2026,0.528,0.53,0.5131,0.5297,216700
BIB,06-Aug-2026,103.4562,105,101.74,102.6962,4400
BID,06-Aug-2026,9.865,9.865,9.85,9.85,111200
BIDG,06-Aug-2026,9.94,10.16,9.82,10.0994,11300
BIDU,06-Aug-2026,108.86,109.75,107.62,109.33,1526800
BIIB,06-Aug-2026,208.75,209.03,202.03,206.28,892700
BILI,06-Aug-2026,18.69,18.76,18.545,18.65,2117400
BIOA,06-Aug-2026,10.9,11.37,10.5,11.27,844600
BIOT,06-Aug-2026,0.415,0.425,0.382,0.41,489400
BIOTW,06-Aug-2026,0.024,0.025,0.0201,0.0203,24900
BIOX,06-Aug-2026,0.379,0.39,0.3441,0.36,78900
BIOY,06-Aug-2026,21.33,21.34,21.29,21.305,2300
BIRD,06-Aug-2026,2.3,2.43,2.28,2.4,619100
BIS,06-Aug-2026,13.19,13.2686,13.15,13.1869,2100
BITA,06-Aug-2026,51.49,51.93,51.3601,51.5201,11500
BITS,06-Aug-2026,55.29,56.8,55.29,55.7889,3600
BIVI,06-Aug-2026,1.36,1.41,0.82,1.35,8780900
BIVIW,06-Aug-2026,0.362,0.362,0.14,0.14,202200
BIYA,06-Aug-2026,2.83,2.95,2.71,2.83,419900
BJDX,06-Aug-2026,1.12,1.2595,1.0507,1.15,3219000
BJRI,06-Aug-2026,67.53,69.945,66.535,69.89,459400
BKCH,06-Aug-2026,63.28,66.63,63.28,64.15,45500
BKMI,06-Aug-2026,25.92,25.98,25.92,25.975,37400
BKMS,06-Aug-2026,25.39,25.42,25.36,25.41,18500
BKNG,06-Aug-2026,207.45,211.82,205.82,207.39,6867300
BKR,06-Aug-2026,62.34,63.31,62.09,62.75,4996800
BKYI,06-Aug-2026,4.08,4.235,3.7507,3.98,44000
BL,06-Aug-2026,29.68,30.08,29.37,30,1843600
BLBD,06-Aug-2026,70.07,73.47,65.96,66.01,1333100
BLCR,06-Aug-2026,50.27,50.6251,50.09,50.18,352900
BLDP,06-Aug-2026,2.62,2.68,2.54,2.55,3984500
BLFS,06-Aug-2026,33.61,34.34,33.605,33.93,461400
BLIN,06-Aug-2026,1.18,1.2,1.08,1.08,121400
BLKB,06-Aug-2026,45.69,46.61,44.6,46.36,650000
BLLN,06-Aug-2026,105.16,105.35,90.1208,91.65,3751800
BLMN,06-Aug-2026,12.15,12.15,10.665,10.88,4080400
BLNE,06-Aug-2026,0.98,1.03,0.96,1.01,124900
BLNK,06-Aug-2026,0.55,0.5699,0.54,0.54,1229100
BLRK,06-Aug-2026,10.07,10.08,10.06,10.06,104500
BLRKU,06-Aug-2026,10.23,10.23,10.23,10.23,200
BLRKW,06-Aug-2026,0.39,0.3999,0.39,0.3999,1000
BLRX,06-Aug-2026,2.84,2.88,2.71,2.79,15600
BLSG,06-Aug-2026,1.61,1.648,1.54,1.5656,18000
BLTE,06-Aug-2026,158.5,162.2,157.255,160.67,133400
BLUW,06-Aug-2026,10.37,10.37,10.37,10.37,100
BLUWW,06-Aug-2026,0.3,0.3,0.2999,0.2999,200
BLZE,06-Aug-2026,18.25,18.98,17.6,18.11,3010900
BLZR,06-Aug-2026,10.15,10.1504,10.145,10.15,16800
BLZRU,06-Aug-2026,10.24,10.24,10.23,10.24,9400
BLZRW,06-Aug-2026,0.3409,0.358,0.32,0.358,4200
BMBL,06-Aug-2026,2.74,2.99,2.705,2.845,3697200
BMEA,06-Aug-2026,1.25,1.315,1.2401,1.25,434800
BMGL,06-Aug-2026,5.695,5.695,5.695,5.695,1100
BMHL,06-Aug-2026,5.64,5.64,5.64,5.64,400
BMM,06-Aug-2026,6.03,6.13,5.87,5.96,80900
BMNG,06-Aug-2026,15.1,16.24,14.8,15.5851,304500
BMOP,06-Aug-2026,24.65,24.71,24.65,24.655,64500
BMR,06-Aug-2026,1.29,1.32,1.2437,1.32,49700
BMRA,06-Aug-2026,1.55,1.6,1.55,1.6,4600
BMRC,06-Aug-2026,29.01,29.055,28.655,28.73,105100
BMRN,06-Aug-2026,60.46,61.67,58.89,61.46,3452600
BNAI,06-Aug-2026,13.15,14.35,13.12,13.8,83300
BNAIW,06-Aug-2026,0.1106,0.1109,0.1106,0.1109,6100
BNC,06-Aug-2026,2.51,2.51,2.28,2.3,133900
BND,06-Aug-2026,72.35,72.38,72.22,72.25,9424200
BNDP,06-Aug-2026,73.26,73.41,73.155,73.155,8100
BNDW,06-Aug-2026,67.73,67.74,67.56,67.585,60600
BNDX,06-Aug-2026,47.97,47.99,47.88,47.89,3345600
BNGO,06-Aug-2026,1.11,1.115,1.095,1.1,60500
BNKK,06-Aug-2026,1.05,1.09,1.04,1.06,31700
BNR,06-Aug-2026,8.88,9.24,8.86,8.88,1600
BNTC,06-Aug-2026,12.71,13.325,12.71,13.13,82800
BNTX,06-Aug-2026,92.5,92.65,89.7,91.19,1349900
BNZI,06-Aug-2026,1.78,1.94,1.76,1.91,231400
BNZIW,06-Aug-2026,0.0086,0.0088,0.0086,0.0088,1700
BODI,06-Aug-2026,11,11,9.99,9.99,22400
BOEG,06-Aug-2026,15.97,15.98,14.9401,15.0325,70400
BOEU,06-Aug-2026,40.38,40.5375,37.665,37.9307,24800
BOF,06-Aug-2026,4.1,4.18,4.084,4.12,2300
BOKF,06-Aug-2026,145.4,146.215,144.33,144.47,249500
BOLD,06-Aug-2026,2.8,2.9,2.8,2.84,297900
BOLT,06-Aug-2026,3.82,3.9499,3.78,3.87,32700
BON,06-Aug-2026,1.1119,1.12,1.0799,1.09,3000
BOOM,06-Aug-2026,7.26,7.67,7.13,7.52,285300
BOSC,06-Aug-2026,4.47,4.54,4.46,4.53,53100
BOT,06-Aug-2026,26.8,28.4,26.5459,28.19,156800
BOTJ,06-Aug-2026,27.19,28.0103,26.855,27.09,35100
BOTT,06-Aug-2026,45,45.51,45,45.1601,16200
BOTZ,06-Aug-2026,37.15,37.24,36.8,36.94,798400
BOXL,06-Aug-2026,3.05,3.3,3.02,3.3,43900
BPAC,06-Aug-2026,10.16,10.18,10.15,10.17,49700
BPOP,06-Aug-2026,177.73,178.5,175.57,176.14,313800
BPOPM,06-Aug-2026,25.1,25.1974,25.1,25.195,4300
BPRN,06-Aug-2026,42.18,42.24,41.7021,42.24,27300
BPYPM,06-Aug-2026,16.17,16.42,16.07,16.39,17600
BPYPN,06-Aug-2026,13.9,13.95,13.9,13.9,20000
BPYPO,06-Aug-2026,15.3842,15.3842,15.1792,15.29,6900
BPYPP,06-Aug-2026,16.05,16.1659,16.05,16.0999,15900
BRAG,06-Aug-2026,1.65,1.68,1.61,1.63,3800
BRAI,06-Aug-2026,5.58,5.8399,5.572,5.65,36900
BRBI,06-Aug-2026,11.43,11.43,11.43,11.43,300
BRCB,06-Aug-2026,8.16,8.2,7.465,7.51,456700
BREM,06-Aug-2026,50.86,50.89,50.75,50.75,1900
BRES,06-Aug-2026,27.65,27.65,27.155,27.3574,27100
BREZ,06-Aug-2026,9.98,9.98,9.98,9.96,0
BREZR,06-Aug-2026,0.2586,0.27,0.2293,0.2293,31400
BRFH,06-Aug-2026,1.73,1.77,1.73,1.77,1000
BRHY,06-Aug-2026,50.85,50.88,50.83,50.85,130000
BRID,06-Aug-2026,6.2885,6.405,6.2885,6.29,2300
BRKH,06-Aug-2026,9.97,9.97,9.97,9.97,500
BRKHW,06-Aug-2026,0.16,0.16,0.16,0.16,1000
BRKR,06-Aug-2026,51.38,51.87,50.78,51.27,1905100
BRKRP,06-Aug-2026,386.58,389.04,384.9,386.57,1100
BRKU,06-Aug-2026,24.84,25.06,24.3409,25.008,281900
BRLS,06-Aug-2026,0.8532,0.8532,0.8006,0.821,3900
BRLSW,06-Aug-2026,0.0444,0.0444,0.0444,0.0444,500
BRLT,06-Aug-2026,1.13,1.3,1.13,1.21,661700
BRNS,06-Aug-2026,0.57,0.585,0.565,0.565,199500
BRNX,06-Aug-2026,0.418,0.418,0.3436,0.3889,329200
BRNY,06-Aug-2026,59.1,59.13,58.6132,58.6132,8900
BRR,06-Aug-2026,1.77,1.795,1.67,1.71,450000
BRRR,06-Aug-2026,18.07,18.31,18.07,18.15,44300
BRRWW,06-Aug-2026,0.19,0.2,0.1701,0.1997,2200
BRTMU,06-Aug-2026,9.95,9.968,9.95,9.96,34500
BRTR,06-Aug-2026,49.53,49.55,49.45,49.475,45800
BRTX,06-Aug-2026,0.21,0.22,0.201,0.2084,160900
BRUN,06-Aug-2026,19.38,19.4815,17.12,17.19,1930100
BRUNW,06-Aug-2026,7.59,7.79,5.6,5.63,40900
BRVE,06-Aug-2026,30.2,31.5581,29.415,29.8,3292100
BRZE,06-Aug-2026,24.84,26.08,24.49,25.71,1895900
BSAA,06-Aug-2026,11.17,11.35,11.05,11.16,3200
BSBK,06-Aug-2026,8.98,9.07,8.92,8.93,31100
BSCA,06-Aug-2026,19.83,19.845,19.79,19.805,11400
BSCQ,06-Aug-2026,19.53,19.54,19.53,19.535,793400
BSCR,06-Aug-2026,19.63,19.63,19.62,19.62,572400
BSCS,06-Aug-2026,20.35,20.35,20.33,20.345,5205400
BSCT,06-Aug-2026,18.54,18.54,18.52,18.525,733500
BSCU,06-Aug-2026,16.56,16.57,16.54,16.545,745300
BSCV,06-Aug-2026,16.27,16.29,16.26,16.265,331200
BSCW,06-Aug-2026,20.34,20.34,20.3,20.315,245800
BSCX,06-Aug-2026,20.83,20.835,20.7901,20.8051,138200
BSCY,06-Aug-2026,20.39,20.41,20.3601,20.375,108600
BSCZ,06-Aug-2026,20.148,20.16,20.119,20.135,39600
BSET,06-Aug-2026,19.89,20.81,19.89,20.28,86800
BSGR,06-Aug-2026,25.02,25.03,25.02,25.03,200
BSGT,06-Aug-2026,25.03,25.03,24.99,25,11700
BSIN,06-Aug-2026,1.19,1.27,1.19,1.2,2117400
BSJQ,06-Aug-2026,22.9,22.915,22.9,22.9054,274400
BSJR,06-Aug-2026,22.31,22.38,22.31,22.3691,139600
BSJS,06-Aug-2026,21.78,21.79,21.75,21.768,113700
BSJT,06-Aug-2026,21.15,21.16,21.14,21.15,97000
BSJU,06-Aug-2026,25.76,25.76,25.73,25.755,35100
BSJV,06-Aug-2026,26.15,26.15,26.035,26.09,27300
BSJW,06-Aug-2026,25.29,25.31,25.27,25.285,17400
BSJX,06-Aug-2026,25.1101,25.1101,25.1,25.1,400
BSJY,06-Aug-2026,24.945,24.945,24.945,24.945,100
BSMQ,06-Aug-2026,23.53,23.56,23.53,23.55,17900
BSMR,06-Aug-2026,23.62,23.68,23.62,23.6555,57200
BSMS,06-Aug-2026,23.36,23.38,23.36,23.37,27600
BSMT,06-Aug-2026,22.99,23.02,22.98,23.015,23300
BSMU,06-Aug-2026,21.7272,21.73,21.71,21.725,30100
BSMV,06-Aug-2026,20.78,20.82,20.78,20.81,35500
BSMW,06-Aug-2026,24.8,24.81,24.7601,24.785,18100
BSMY,06-Aug-2026,24.11,24.12,24.0501,24.075,7300
BSMZ,06-Aug-2026,25.055,25.0972,24.99,25.035,3600
BSP,06-Aug-2026,43.55,45.98,42.21,45.15,2601500
BSRR,06-Aug-2026,40.99,41.41,40.405,40.87,52800
BSSX,06-Aug-2026,25.29,25.51,25.29,25.4469,28000
BSTS,06-Aug-2026,25.01,25.03,25.01,25.02,200
BSTU,06-Aug-2026,24.97,24.98,24.97,24.98,100
BSTV,06-Aug-2026,24.96,24.96,24.96,24.96,100
BSVN,06-Aug-2026,50.78,50.78,49.74,50.35,14100
BSVO,06-Aug-2026,29.83,29.985,29.655,29.6628,167800
BSY,06-Aug-2026,34.02,35.82,33.81,35.36,3620100
BTAI,06-Aug-2026,0.84,0.85,0.8,0.8302,355700
BTBD,06-Aug-2026,1.21,1.23,1.19,1.22,22100
BTBT,06-Aug-2026,1.36,1.41,1.34,1.365,17283900
BTCS,06-Aug-2026,1.07,1.1,1.05,1.065,404400
BTCT,06-Aug-2026,0.5481,0.5481,0.5,0.5043,213500
BTDL,06-Aug-2026,16.91,17.29,16.34,16.4165,15200
BTDR,06-Aug-2026,10.41,11,10.38,10.52,9062800
BTF,06-Aug-2026,17.43,17.63,17.43,17.56,5800
BTGD,06-Aug-2026,21.6001,22.22,21.6001,22.0116,12100
BTMD,06-Aug-2026,1.91,1.9199,1.54,1.63,704900
BTOC,06-Aug-2026,0.2764,0.2927,0.276,0.285,49100
BTOG,06-Aug-2026,0.7944,0.7998,0.7531,0.7998,46900
BTQ,06-Aug-2026,3.95,4.11,3.88,4,774900
BTSG,06-Aug-2026,62.24,62.49,60.53,60.6,2126400
BTSGU,06-Aug-2026,204.49,204.49,204.49,204.49,1700
BTTC,06-Aug-2026,0.7665,0.7791,0.751,0.765,13700
BUFC,06-Aug-2026,43.08,43.19,43.08,43.145,16500
BUFI,06-Aug-2026,43.165,43.23,43.081,43.14,103700
BUFM,06-Aug-2026,41.18,41.18,41.11,41.1414,10500
BUG,06-Aug-2026,40.33,40.88,39.99,40.72,736600
BULD,06-Aug-2026,36.55,36.55,36.255,36.305,1500
BULG,06-Aug-2026,39.02,39.02,37.7053,37.7053,600
BULL,06-Aug-2026,7.34,7.44,7.16,7.22,5348900
BULLW,06-Aug-2026,2.45,2.52,2.35,2.43,12500
BUSE,06-Aug-2026,31.45,31.63,31.06,31.09,603800
BUSEP,06-Aug-2026,25.97,26.12,25.79,26.04,30300
BUUU,06-Aug-2026,24.48,26.05,22.54,26.05,42000
BVC,06-Aug-2026,10.8,11.37,10.61,10.74,25200
BVFL,06-Aug-2026,21.46,21.46,21.31,21.31,3800
BVS,06-Aug-2026,15.01,15.02,13.72,13.98,1522100
BWAY,06-Aug-2026,15.52,16.5,15.48,15.65,120500
BWB,06-Aug-2026,21.59,21.61,20.99,21.24,227500
BWBBP,06-Aug-2026,19.9551,20,19.9551,20,900
BWEN,06-Aug-2026,4.46,4.78,4.26,4.47,434000
BWFG,06-Aug-2026,66.98,67.6,66.41,66.87,53100
BWIN,06-Aug-2026,28.95,29.43,28.51,28.6,1228600
BWMN,06-Aug-2026,26.97,27.565,26.825,26.95,111500
BXBL,06-Aug-2026,4.36,4.59,4.27,4.27,153300
BYAH,06-Aug-2026,2.7,6.64,2.58,3.22,16772200
BYFC,06-Aug-2026,10.51,10.63,10.51,10.63,1700
BYND,06-Aug-2026,0.6,0.6,0.5137,0.5275,72189100
BYRN,06-Aug-2026,4.78,4.78,4.33,4.36,557800
BYSI,06-Aug-2026,0.98,0.99,0.87,0.87,54400
BZ,06-Aug-2026,15.885,16.145,15.855,16.09,2871200
BZAI,06-Aug-2026,0.92,1.04,0.9061,0.9721,1988900
BZAIW,06-Aug-2026,0.2602,0.2651,0.23,0.254,10600
BZFD,06-Aug-2026,1.11,1.14,1.095,1.13,414500
BZFDW,06-Aug-2026,0.0161,0.0174,0.0149,0.0174,3300
BZUN,06-Aug-2026,2.93,2.9725,2.89,2.9,116300
CAAS,06-Aug-2026,4.33,4.54,4.33,4.52,8000
CABA,06-Aug-2026,2.68,2.82,2.66,2.76,2742200
CABR,06-Aug-2026,1.62,1.67,1.561,1.61,379800
CAC,06-Aug-2026,59.79,59.85,58.38,58.71,69600
CACC,06-Aug-2026,592.68,610.935,579.44,581.3,94600
CADL,06-Aug-2026,10.47,10.7977,10.42,10.58,1298200
CAE,06-Aug-2026,27.06,27.09,26.53,26.78,609500
CAES,06-Aug-2026,10.08,10.08,10.08,10.08,24900
CAFG,06-Aug-2026,34.07,34.2302,33.9344,33.9344,5000
CAI,06-Aug-2026,19,20.11,17.945,20,11272900
CAII,06-Aug-2026,9.96,9.96,9.96,9.96,40800
CAIIW,06-Aug-2026,0.2,0.2002,0.19,0.2001,46700
CAIQ,06-Aug-2026,25.85,25.87,25.665,25.783,131800
CAKE,06-Aug-2026,105.02,107.865,103.77,107.31,2176400
CALC,06-Aug-2026,0.74,0.7949,0.71,0.712,162500
CALI,06-Aug-2026,50.33,50.38,50.33,50.3689,87300
CALM,06-Aug-2026,85.8,86.62,83.7908,84.85,612500
CAMP,06-Aug-2026,4.2,4.585,4.04,4.5,658800
CAMT,06-Aug-2026,147.85,153.61,145.16,149.67,802200
CAN,06-Aug-2026,0.2,0.203,0.189,0.1944,5769000
CANC,06-Aug-2026,41.95,42.28,41.47,41.9114,24400
CANQ,06-Aug-2026,30.38,30.4273,30.38,30.4273,100
CAPR,06-Aug-2026,3.88,4.21,3.8681,4.18,3212500
CAPS,06-Aug-2026,0.2526,0.272,0.2523,0.2701,147800
CAR,06-Aug-2026,139.96,144.1663,134.785,138.35,357800
CARE,06-Aug-2026,35.15,35.31,33.87,33.9,542500
CARG,06-Aug-2026,35.74,36.49,35.33,36.38,1226900
CARL,06-Aug-2026,13.9,15.17,13.45,13.7,425500
CART,06-Aug-2026,44.99,46.36,44.6,45.03,6105900
CARY,06-Aug-2026,20.66,20.68,20.66,20.665,310300
CARZ,06-Aug-2026,105.511,105.9257,105.36,105.9257,900
CASH,06-Aug-2026,89.97,89.97,88.52,88.63,108800
CASS,06-Aug-2026,57.88,58.88,57.83,58.09,65900
CAST,06-Aug-2026,1.19,1.29,1.17,1.23,453300
CASY,06-Aug-2026,860.78,865.995,811.19,832.42,323800
CATH,06-Aug-2026,91.83,91.9,91.44,91.5316,27800
CATLU,06-Aug-2026,9.98,10,9.97,9.97,105400
CATY,06-Aug-2026,64.59,64.665,63.605,63.71,421100
CBAT,06-Aug-2026,0.5,0.61,0.5,0.598,1049200
CBC,06-Aug-2026,33.23,33.8177,32.84,33.31,703800
CBFV,06-Aug-2026,37.05,37.53,36.95,37.26,3800
CBIO,06-Aug-2026,15.82,16.51,15.73,16.43,151300
CBK,06-Aug-2026,35.36,35.72,34.92,35.19,26900
CBLL,06-Aug-2026,18.27,18.4,18.06,18.25,176100
CBNK,06-Aug-2026,37.475,37.86,37.475,37.82,73700
CBRL,06-Aug-2026,58.26,59.27,57.08,58.22,545400
CBRS,06-Aug-2026,206.51,219.5,205,211.3,2956200
CBSH,06-Aug-2026,60,60.33,59.06,59.13,759800
CBUS,06-Aug-2026,1.95,1.99,1.79,1.87,105700
CCAP,06-Aug-2026,11.36,11.79,11.36,11.77,140100
CCB,06-Aug-2026,44.14,45.294,43,43.93,346500
CCBG,06-Aug-2026,52.7,53.6,52.05,52.26,77000
CCC,06-Aug-2026,6.36,6.54,6.23,6.5,7873300
CCCC,06-Aug-2026,3.62,3.72,3.58,3.64,1823700
CCCT,06-Aug-2026,9.86,9.86,9.83,9.83,81100
CCCTU,06-Aug-2026,10,10,9.98,9.98,1400
CCD,06-Aug-2026,25.37,25.78,25.37,25.48,42100
CCEC,06-Aug-2026,22.71,23.25,22.71,22.75,12700
CCEP,06-Aug-2026,109.75,110.155,107.375,108.25,1611200
CCFE,06-Aug-2026,28.49,28.49,27.8008,27.8008,3000
CCG,06-Aug-2026,14.31,14.7,13.3,13.3,21300
CCHH,06-Aug-2026,1.28,1.33,1.25,1.29,51300
CCIIW,06-Aug-2026,0.8,0.8,0.7999,0.7999,10000
CCLD,06-Aug-2026,2.2,2.3801,2.03,2.32,1921000
CCNE,06-Aug-2026,35.61,35.84,34.86,35.14,188100
CCNEP,06-Aug-2026,25.14,25.1514,25.14,25.1514,1100
CCNR,06-Aug-2026,39.05,39.19,38.95,38.993,7900
CCOI,06-Aug-2026,13.37,13.49,10.095,10.91,3293700
CCSB,06-Aug-2026,19.9,19.91,19.85,19.85,3800
CCSI,06-Aug-2026,37.84,38.27,37.09,37.33,92500
CCSO,06-Aug-2026,27.07,27.37,27.07,27.1152,3000
CCTG,06-Aug-2026,0.6468,0.78,0.62,0.696,434300
CCXI,06-Aug-2026,15.05,16.98,15.01,16.4,3893300
CCXIU,06-Aug-2026,16.5,16.71,16.5,16.69,2900
CCXIW,06-Aug-2026,7.65,8.19,7.2,7.905,28000
CD,06-Aug-2026,3.04,3.13,3,3.05,109000
CDC,06-Aug-2026,76.6,76.6,76.0549,76.2527,13600
CDIG,06-Aug-2026,25.83,25.83,25.6826,25.6826,4800
CDIO,06-Aug-2026,1.74,1.75,1.66,1.66,13300
CDL,06-Aug-2026,80.46,80.47,79.35,79.5556,8500
CDLX,06-Aug-2026,3.99,4.33,3.52,3.52,139000
CDNA,06-Aug-2026,46,46,44.58,44.81,790000
CDNL,06-Aug-2026,62.94,66.28,61.72,62.62,241300
CDNS,06-Aug-2026,335.54,341.73,333,338.42,1554700
CDRO,06-Aug-2026,9,9,8.81,8.91,12700
CDT,06-Aug-2026,3.57,3.63,3.23,3.23,134300
CDTG,06-Aug-2026,1.45,1.74,1.3,1.56,267200
CDTTW,06-Aug-2026,0.009,0.0118,0.009,0.0118,2700
CDW,06-Aug-2026,138.79,144.125,137.58,141.97,2887700
CDXS,06-Aug-2026,1.45,1.51,1.44,1.48,1120800
CDZI,06-Aug-2026,3.23,3.345,3.15,3.27,847600
CDZIP,06-Aug-2026,22.305,22.45,22.2101,22.33,3600
CECO,06-Aug-2026,67.86,69.94,66.02,68.61,541200
CEFA,06-Aug-2026,41.335,41.4,41.1202,41.1202,33900
CEG,06-Aug-2026,277.92,280,260.675,261.1,4860000
CELC,06-Aug-2026,92.92,95.205,91.81,93.25,569600
CELH,06-Aug-2026,25.98,26,23.555,23.77,43875700
CELU,06-Aug-2026,0.74,0.74,0.683,0.683,25800
CELZ,06-Aug-2026,1.14,1.75,1.01,1.15,272903200
CENN,06-Aug-2026,3.37,3.42,3.3246,3.41,3100
CENT,06-Aug-2026,46.21,46.67,39.825,46.54,290100
CENTA,06-Aug-2026,38.5,40.795,38.5,40.6,689400
CENX,06-Aug-2026,46.67,48.79,45.32,45.95,3995800
CEPF,06-Aug-2026,10.38,10.4,10.37,10.39,13600
CEPI,06-Aug-2026,31.19,31.6735,31.025,31.41,65700
CEPL,06-Aug-2026,7.93,8.475,7.89,8.34,249200
CEPO,06-Aug-2026,10.65,10.665,10.65,10.65,2200
CEPV,06-Aug-2026,10.42,10.42,10.4,10.4,19400
CERS,06-Aug-2026,2.24,2.36,2.21,2.32,2584600
CERT,06-Aug-2026,8.01,8.175,7.944,8.13,5787500
CETX,06-Aug-2026,2.93,2.93,2.76,2.87,42000
CETY,06-Aug-2026,0.94,0.94,0.8951,0.8952,11600
CEVA,06-Aug-2026,34.03,35.9,33.05,35.59,799500
CFA,06-Aug-2026,101.68,101.68,101.26,101.3041,1000
CFBK,06-Aug-2026,35.53,36.255,35.5,36.2,167900
CFFI,06-Aug-2026,87.2,88.64,86.55,88.64,17700
CFFN,06-Aug-2026,9.12,9.17,8.975,8.99,946000
CFO,06-Aug-2026,82.0901,82.112,81.985,82.112,10700
CG,06-Aug-2026,49.68,49.895,48.15,48.88,4291600
CGABL,06-Aug-2026,16.08,16.1699,16.02,16.02,22700
CGBD,06-Aug-2026,10.32,10.69,10.32,10.66,500800
CGC,06-Aug-2026,0.933,0.95,0.9214,0.9322,1740000
CGEM,06-Aug-2026,17.67,17.99,17.06,17.95,595300
CGEN,06-Aug-2026,2.31,2.36,2.28,2.3,207000
CGNT,06-Aug-2026,8.94,9.155,8.73,9.03,891700
CGNX,06-Aug-2026,72.15,72.35,66.9,67.38,3919700
CGO,06-Aug-2026,12.91,13.37,12.89,13.05,29400
CGON,06-Aug-2026,71.85,76.5,71.85,74.85,936000
CGTL,06-Aug-2026,3.97,4.0303,3.94,3.97,10100
CGTX,06-Aug-2026,1.1,1.15,1.08,1.13,1049800
CHA,06-Aug-2026,10.88,10.92,10.155,10.16,929500
CHAI,06-Aug-2026,0.3393,0.3601,0.3371,0.3461,708500
CHAR,06-Aug-2026,10.91,10.91,10.905,10.91,10400
CHCI,06-Aug-2026,15.43,15.5,14.9,15.02,12000
CHCO,06-Aug-2026,146.5,147.05,144.985,145.24,80600
CHDN,06-Aug-2026,88.06,88.075,86.02,86.88,1274300
CHEF,06-Aug-2026,109.59,111.7499,108.88,109.14,257500
CHGA,06-Aug-2026,0.2,0.2114,0.1977,0.204,48000
CHGX,06-Aug-2026,33.25,33.37,33.25,33.3344,4600
CHI,06-Aug-2026,12.85,13.01,12.83,12.87,124000
CHKP,06-Aug-2026,123.6,125.685,122.205,125.28,730300
CHMG,06-Aug-2026,83.01,84,81.911,82.86,79500
CHNR,06-Aug-2026,3.9052,4.01,3.8001,3.8001,2800
CHPG,06-Aug-2026,10.44,10.44,10.44,10.44,2000
CHPS,06-Aug-2026,82.45,84.92,81.0935,83.8376,37300
CHPX,06-Aug-2026,91.75,95.2279,91.03,93.6278,33000
CHR,06-Aug-2026,1.81,2.02,1.81,1.86,54000
CHRD,06-Aug-2026,130.93,135.7225,128.35,132.5,1663300
CHRI,06-Aug-2026,91.6,91.6,91.16,91.3023,600
CHRN,06-Aug-2026,23.25,23.6,20.07,20.25,161600
CHRS,06-Aug-2026,1.38,1.455,1.131,1.265,3721700
CHRW,06-Aug-2026,152.58,153.92,146.45,146.66,2397500
CHSCL,06-Aug-2026,25.47,25.4775,25.33,25.33,26500
CHSCM,06-Aug-2026,24.7001,24.82,24.7001,24.76,23600
CHSCN,06-Aug-2026,25.14,25.2628,25.01,25.13,20700
CHSCO,06-Aug-2026,25.77,25.83,25.7,25.7,13900
CHSCP,06-Aug-2026,26.65,26.75,26.6473,26.66,5700
CHSN,06-Aug-2026,1.04,1.05,0.98,0.98,68000
CHTR,06-Aug-2026,154.4,157.67,151.855,157.44,1870900
CHW,06-Aug-2026,8.45,8.531,8.45,8.47,219000
CHY,06-Aug-2026,12.87,12.98,12.8201,12.93,124900
CHYM,06-Aug-2026,28.3,33.41,27.76,31.25,34856600
CIBR,06-Aug-2026,95.22,96.865,94.6947,96.39,1064700
CIFG,06-Aug-2026,5.65,6.58,5.4,5.7276,478900
CIFR,06-Aug-2026,18.07,19.595,17.7,18.21,31003300
CIGI,06-Aug-2026,101.5,101.5,97.43,98.74,222600
CIGL,06-Aug-2026,0.53,0.6259,0.53,0.5808,212400
CIIT,06-Aug-2026,3.61,3.77,3.5601,3.76,85200
CINF,06-Aug-2026,179.69,179.69,177,179.04,547900
CING,06-Aug-2026,4.95,5.1,4.92,5.05,96700
CINGW,06-Aug-2026,0.0072,0.0105,0.0072,0.0099,190800
CIRC,06-Aug-2026,0.66,0.8,0.6503,0.7862,2121400
CISO,06-Aug-2026,0.273,0.273,0.26,0.2688,20600
CISS,06-Aug-2026,0.1011,0.1037,0.0919,0.0974,48748300
CIVB,06-Aug-2026,29.04,29.15,28.42,28.67,163000
CJMB,06-Aug-2026,1.33,1.77,1.29,1.66,790000
CLAR,06-Aug-2026,3.37,3.445,3.33,3.37,147600
CLBK,06-Aug-2026,10.82,10.85,10.74,10.84,4342200
CLBT,06-Aug-2026,15.2,15.645,15.01,15.46,644500
CLDX,06-Aug-2026,41.12,41.74,40.84,41.56,799000
CLFD,06-Aug-2026,27.62,28.94,25.91,26.66,722600
CLGN,06-Aug-2026,0.3164,0.35,0.2896,0.3307,140500
CLIK,06-Aug-2026,1.45,1.5,1.41,1.42,35700
CLIR,06-Aug-2026,3.88,3.905,3.73,3.84,9900
CLLS,06-Aug-2026,2.8,2.8,2.35,2.69,69000
CLMB,06-Aug-2026,27.08,27.62,26.65,27.47,148500
CLMT,06-Aug-2026,41.24,41.96,40.295,41.88,1391500
CLNE,06-Aug-2026,1.88,1.885,1.835,1.86,1182100
CLNN,06-Aug-2026,5.4,5.5559,5.31,5.34,22200
CLOA,06-Aug-2026,51.84,51.84,51.8,51.82,232300
CLOD,06-Aug-2026,33.2939,33.2939,33.2939,33.2939,100
CLOU,06-Aug-2026,25.88,26.44,25.83,26.26,349500
CLOV,06-Aug-2026,4.89,5.19,4.52,4.66,11636700
CLPS,06-Aug-2026,0.8702,0.886,0.8702,0.8702,1200
CLPT,06-Aug-2026,13.03,13.46,12.9432,13.39,666400
CLRB,06-Aug-2026,2.47,2.63,2.47,2.52,18500
CLRO,06-Aug-2026,11.69,12.49,8.22,9.8,69447600
CLSK,06-Aug-2026,13.09,13.495,12.51,12.75,22866300
CLSKW,06-Aug-2026,0.29,0.297,0.25,0.2519,75200
CLSM,06-Aug-2026,27.31,27.34,27.29,27.3131,5200
CLST,06-Aug-2026,16.89,16.95,16.89,16.95,500
CLWT,06-Aug-2026,1.49,1.5272,1.49,1.51,10400
CLYM,06-Aug-2026,12.44,14,12.44,14,1425500
CMBO,06-Aug-2026,103.13,103.13,103.13,103.13,100
CMCO,06-Aug-2026,21.5,22.285,20.52,20.76,647800
CMCSA,06-Aug-2026,24.99,25.2,24.76,25.17,27604500
CMCT,06-Aug-2026,4.31,4.59,4.097,4.34,8400
CME,06-Aug-2026,266.11,268.999,262.73,264.32,1841400
CMII,06-Aug-2026,10.05,10.05,10.02,10.02,29800
CMMB,06-Aug-2026,1.77,1.86,1.76,1.8,119200
CMND,06-Aug-2026,1.74,1.76,1.71,1.75,69300
CMPR,06-Aug-2026,100.09,100.47,94.07,96.51,289500
CMPS,06-Aug-2026,13.43,13.77,13.26,13.55,3423400
CMPX,06-Aug-2026,1.93,2,1.87,1.99,6688500
CMRC,06-Aug-2026,2.15,2.36,1.95,2.32,6086900
CMTL,06-Aug-2026,1.69,1.7689,1.68,1.72,232800
CMTV,06-Aug-2026,40.6,40.6,39.595,40.04,25600
CNCK,06-Aug-2026,2.31,2.3999,2.0401,2.1,35800
CNCKW,06-Aug-2026,0.3678,0.3678,0.3578,0.3678,1000
CNDT,06-Aug-2026,1.72,1.77,1.69,1.75,686700
CNET,06-Aug-2026,1.44,1.44,1.31,1.38,11500
CNEY,06-Aug-2026,0.595,0.6549,0.5739,0.6549,285100
CNOB,06-Aug-2026,33.53,33.59,33.06,33.09,425600
CNOBP,06-Aug-2026,25.35,25.45,25.29,25.31,14800
CNQQ,06-Aug-2026,24.12,24.29,24.12,24.23,4100
CNSP,06-Aug-2026,5.34,5.49,5.1505,5.235,1500
CNSY,06-Aug-2026,3.84,3.988,3.75,3.86,46100
CNTB,06-Aug-2026,2.18,2.25,2.1301,2.19,552200
CNTN,06-Aug-2026,1.88,1.885,1.83,1.86,314700
CNTX,06-Aug-2026,0.5,0.5399,0.49,0.504,4337200
CNTY,06-Aug-2026,1.21,1.22,1.17,1.19,69900
CNVS,06-Aug-2026,2.7,2.7499,2.5801,2.66,63600
CNXC,06-Aug-2026,25.4,26.56,24.9,26.34,909500
CNXN,06-Aug-2026,85.64,87.375,85.01,86.6,207200
CNXU,06-Aug-2026,9.06,9.8,8.2,8.47,190800
COAG,06-Aug-2026,50.2,53.61,49.8,52.16,278700
COCH,06-Aug-2026,0.68,0.7067,0.6704,0.6808,31500
COCO,06-Aug-2026,64.84,65.56,63.16,64.12,896000
COCP,06-Aug-2026,1.03,1.0499,1.0284,1.03,30900
CODA,06-Aug-2026,10.32,10.6295,10.255,10.53,54700
CODX,06-Aug-2026,1.46,1.6,1.34,1.42,752100
COFS,06-Aug-2026,34.17,34.65,34.06,34.36,71500
COGT,06-Aug-2026,41.88,42.77,41.25,41.8,1043300
COHU,06-Aug-2026,50.58,53.32,48.7644,51.79,654100
COIG,06-Aug-2026,3.95,4.1201,3.85,3.8637,122200
COIN,06-Aug-2026,146.76,150.605,145.14,145.41,5850700
COKE,06-Aug-2026,184.74,194.76,176.25,188.23,1060400
COLAR,06-Aug-2026,0.36,0.45,0.36,0.45,600
COLB,06-Aug-2026,31.64,31.69,31.01,31.03,1871100
COLL,06-Aug-2026,31.67,33.03,28.9,29.11,2132000
COLM,06-Aug-2026,57.29,58.17,56.85,57.28,779300
COMT,06-Aug-2026,32.16,32.6778,31.5001,32.48,155700
CONI,06-Aug-2026,54.15,55.21,51.98,54.9826,115300
CONL,06-Aug-2026,4,4.22,3.92,3.93,18845700
CONX,06-Aug-2026,4.89,5.1,4.77,4.7831,78900
COO,06-Aug-2026,75,75.13,73.23,73.32,1932100
COOT,06-Aug-2026,0.3858,0.405,0.3858,0.3951,24300
COPJ,06-Aug-2026,43.27,44,43,43.55,107000
COPP,06-Aug-2026,42.24,42.7,41.805,41.9898,104100
CORO,06-Aug-2026,36.44,36.74,36.38,36.44,711700
CORT,06-Aug-2026,111,111,107.32,107.95,761800
CORZ,06-Aug-2026,21.25,21.7119,20.885,21.05,7651700
CORZW,06-Aug-2026,14.75,14.96,14.19,14.34,42100
CORZZ,06-Aug-2026,21.275,21.275,21.1,21.21,4300
COSM,06-Aug-2026,0.2151,0.227,0.207,0.221,2624800
COST,06-Aug-2026,959.55,966.135,941.78,949.15,2116900
COTG,06-Aug-2026,13.13,13.3254,12.71,12.9,53500
COWG,06-Aug-2026,38.11,38.64,38.09,38.3778,228600
COWS,06-Aug-2026,39.5588,39.574,39.382,39.574,20300
COYA,06-Aug-2026,4.555,4.695,4.52,4.58,249700
COYY,06-Aug-2026,16.75,16.84,16.68,16.7095,31300
CPAG,06-Aug-2026,101.69,101.69,101.6,101.602,600
CPB,06-Aug-2026,23.08,23.3,22.535,22.56,4949900
CPBI,06-Aug-2026,21,21,21,21,800
CPHC,06-Aug-2026,15.2501,15.2984,15.2501,15.2625,400
CPHY,06-Aug-2026,51.7,51.7,51.698,51.698,900
CPIX,06-Aug-2026,7.53,7.72,7.027,7.68,81800
CPLS,06-Aug-2026,34.62,34.62,34.52,34.55,6500
CPOP,06-Aug-2026,0.332,0.3849,0.3217,0.3581,31339800
CPRT,06-Aug-2026,28.87,29.08,28.5505,29.01,7006300
CPSH,06-Aug-2026,4.25,4.53,4.149,4.36,205500
CPSS,06-Aug-2026,9.19,9.57,9.19,9.57,22200
CPTL,06-Aug-2026,49.285,49.285,49.1701,49.253,4600
CPZ,06-Aug-2026,13.54,13.625,13.45,13.6,59300
CRAC,06-Aug-2026,10.17,10.17,10.17,10.17,3100
CRACW,06-Aug-2026,0.06,0.06,0.06,0.06,400
CRAI,06-Aug-2026,181.4,182.3,170.57,176.46,265300
CRAN,06-Aug-2026,10.145,10.145,10.14,10.14,15100
CRBP,06-Aug-2026,9.24,9.84,9.18,9.74,157900
CRBU,06-Aug-2026,1.61,1.68,1.59,1.64,1059300
CRCG,06-Aug-2026,7.63,8.805,7.31,8.13,3063100
CRCT,06-Aug-2026,5.96,6.13,5.481,6.07,1555500
CRDF,06-Aug-2026,0.93,0.97,0.93,0.9604,446300
CRDL,06-Aug-2026,1.32,1.385,1.315,1.36,790100
CRDO,06-Aug-2026,216,238.7439,210.42,230.43,3657900
CRE,06-Aug-2026,2.5,2.8,2.5,2.71,30400
CRESY,06-Aug-2026,11.06,11.19,10.76,10.8,167700
CREX,06-Aug-2026,3.01,3.03,2.8,2.91,37300
CRGO,06-Aug-2026,1.25,1.26,1.22,1.25,7800
CRGOW,06-Aug-2026,0.03,0.032,0.03,0.032,5200
CRIS,06-Aug-2026,4.49,4.6999,4.02,4.41,78900
CRMD,06-Aug-2026,7.43,7.52,7.38,7.51,702300
CRMG,06-Aug-2026,5.4,5.6,5.37,5.59,8036000
CRML,06-Aug-2026,6.36,6.85,6.24,6.55,4525200
CRMLW,06-Aug-2026,2.2,2.39,2.135,2.27,22800
CRMT,06-Aug-2026,3.38,3.49,3.26,3.3,77900
CRMU,06-Aug-2026,2,2.3388,2,2.15,195500
CRNC,06-Aug-2026,9.02,9.275,8.9,9.02,720000
CRNT,06-Aug-2026,2.21,2.255,2.2,2.22,231800
CRNX,06-Aug-2026,84.01,84.085,83.92,83.92,2096200
CRON,06-Aug-2026,3.02,3.12,2.902,3.07,5699700
CROX,06-Aug-2026,136.77,138.6199,133.775,134.18,744400
CRSP,06-Aug-2026,52.55,53.11,51.51,51.64,1025500
CRSR,06-Aug-2026,11.08,11.1717,10.45,10.61,2527300
CRTO,06-Aug-2026,17.21,17.66,16.86,17.58,731400
CRUS,06-Aug-2026,122.15,129.65,119.845,123.51,1720500
CRVL,06-Aug-2026,62.84,62.84,59.775,62.45,234300
CRVO,06-Aug-2026,2.81,2.96,2.595,2.76,624500
CRVS,06-Aug-2026,13.82,14.445,13.71,13.86,578200
CRWD,06-Aug-2026,203,207.63,201.75,207.39,6911300
CRWG,06-Aug-2026,19.97,21.55,19.63,19.63,811400
CRWL,06-Aug-2026,68.52,71.6278,67.35,71.6278,45100
CRWS,06-Aug-2026,3,3,2.925,3,58200
CRWV,06-Aug-2026,86.35,89.23,85,85.33,16601400
CRY,06-Aug-2026,17.33,17.58,17.31,17.525,9800
CSAI,06-Aug-2026,4.91,5.84,4.72,5.715,164000
CSB,06-Aug-2026,67.5799,67.66,66.97,67.0162,8500
CSBR,06-Aug-2026,5.39,5.41,5.15,5.19,15800
CSCL,06-Aug-2026,65.55,65.9094,64.44,64.6355,20000
CSCO,06-Aug-2026,121.47,122.19,119.9,120.88,14049600
CSCS,06-Aug-2026,12.79,12.79,12.63,12.7253,12200
CSEN,06-Aug-2026,24.49,24.71,24.47,24.592,627300
CSGP,06-Aug-2026,29.89,30.2225,29.265,29.58,7812100
CSHR,06-Aug-2026,4.9,5.0028,4.72,4.88,143200
CSHRW,06-Aug-2026,0.62,0.62,0.62,0.62,300
CSIQ,06-Aug-2026,15.24,15.88,14.8,15.47,2151800
CSPI,06-Aug-2026,8.11,8.26,8.07,8.26,9700
CSQ,06-Aug-2026,20.73,20.8139,20.6,20.74,152100
CSTE,06-Aug-2026,2.37,2.37,2.075,2.2,253000
CSTL,06-Aug-2026,30.2,30.75,29.5,30.47,833400
CSWC,06-Aug-2026,24.59,24.875,24.4769,24.75,728600
CSX,06-Aug-2026,51.5,51.59,50.61,50.7,11464600
CTAA,06-Aug-2026,9.98,9.98,9.98,9.91,0
CTAS,06-Aug-2026,202.86,203.93,199.39,202.15,1680800
CTBI,06-Aug-2026,79.38,79.54,78.184,78.37,103100
CTEC,06-Aug-2026,57.3,57.66,50.5,57.2013,8900
CTKB,06-Aug-2026,4.37,4.4,4.045,4.16,1425700
CTMX,06-Aug-2026,3.31,3.4,3.29,3.37,1937200
CTNM,06-Aug-2026,15.29,15.795,14.96,15.35,227500
CTNT,06-Aug-2026,1.84,1.92,1.82,1.85,295300
CTOR,06-Aug-2026,0.795,0.795,0.71,0.76,179300
CTRM,06-Aug-2026,2.07,2.09,2.0205,2.09,11100
CTRN,06-Aug-2026,73.1,73.1,70.92,72.05,77900
CTSH,06-Aug-2026,53.9,57,52.8,56.89,8774200
CTSO,06-Aug-2026,0.39,0.4,0.365,0.3986,71300
CTW,06-Aug-2026,2.37,2.58,2.33,2.44,29300
CTXR,06-Aug-2026,0.74,0.74,0.6002,0.642,1443500
CUB,06-Aug-2026,10.85,10.87,10.85,10.87,61600
CUBWW,06-Aug-2026,0.5,0.55,0.5,0.5,15100
CUE,06-Aug-2026,26.69,28.46,26.54,27.01,151000
CULP,06-Aug-2026,3.43,3.6,3.412,3.54,6600
CUPR,06-Aug-2026,3.47,3.47,3.03,3.35,21900
CURI,06-Aug-2026,2.57,2.695,2.57,2.68,261400
CURR,06-Aug-2026,3.25,3.25,3.03,3.04,107100
CURX,06-Aug-2026,0.1904,0.195,0.1903,0.1949,29300
CUVL,06-Aug-2026,6.8079,6.8079,6.724,6.724,2800
CV,06-Aug-2026,6.7,6.995,6.55,6.9,69600
CVBF,06-Aug-2026,23.08,23.18,22.69,22.71,1350700
CVCO,06-Aug-2026,582.05,585.4051,574.45,578.17,87700
CVGI,06-Aug-2026,3.76,3.865,3.62,3.64,991300
CVKD,06-Aug-2026,1.98,1.9908,1.87,1.87,25700
CVLT,06-Aug-2026,132.4,133.61,129.81,133.36,566200
CVRX,06-Aug-2026,5.59,6,5.59,5.94,591200
CVV,06-Aug-2026,8.15,8.8,8.15,8.34,198000
CWBC,06-Aug-2026,26.02,26.155,25.335,25.39,162600
CWCO,06-Aug-2026,29.83,30.1758,29.83,29.92,70100
CWD,06-Aug-2026,0.445,0.4803,0.4347,0.4692,267500
CWST,06-Aug-2026,90.97,90.97,89.03,90.46,874800
CWY,06-Aug-2026,16.85,16.96,16.85,16.9024,1600
CXAI,06-Aug-2026,0.1446,0.15,0.14,0.14,2661100
CXAIW,06-Aug-2026,0.0498,0.0498,0.045,0.0493,17500
CXDO,06-Aug-2026,6.6,6.68,6.365,6.49,784800
CXIIW,06-Aug-2026,1.61,1.75,1.46,1.46,5000
CXSE,06-Aug-2026,38.79,38.915,38.68,38.8637,58500
CYAB,06-Aug-2026,0.312,0.355,0.2988,0.3345,1290800
CYCN,06-Aug-2026,3.4101,3.7,3.4101,3.56,4900
CYCU,06-Aug-2026,0.73,0.78,0.6202,0.6694,8405000
CYCUW,06-Aug-2026,0.0265,0.03,0.023,0.026,48400
CYN,06-Aug-2026,1.13,1.14,1.1,1.11,102200
CYPH,06-Aug-2026,0.7,0.73,0.6584,0.6738,1282600
CYRX,06-Aug-2026,15.31,15.325,14.67,14.71,635000
CYTK,06-Aug-2026,78.94,81.77,78.745,81.37,2523400
CZFS,06-Aug-2026,83,83,80.28,82.27,41100
CZNC,06-Aug-2026,25.38,25.38,24.87,25.27,40800
CZR,06-Aug-2026,30.15,30.19,29.99,30.05,3594200
CZWI,06-Aug-2026,21.98,21.98,21.59,21.67,34800
DAAQ,06-Aug-2026,8.05,9,8,8.66,14900
DAAQW,06-Aug-2026,0.3449,0.3449,0.32,0.32,1500
DADS,06-Aug-2026,19.7979,19.7979,19.7979,19.7979,100
DAIC,06-Aug-2026,0.7825,0.8015,0.7353,0.8015,73200
DAIO,06-Aug-2026,2.95,3.1247,2.94,2.99,5100
DAK,06-Aug-2026,29.9758,29.9758,29.9758,29.9758,100
DAKT,06-Aug-2026,22.07,22.305,21.59,21.74,507100
DALI,06-Aug-2026,28.9595,28.9595,28.9595,28.9595,100
DAPP,06-Aug-2026,17.56,18.06,17.37,17.43,400500
DARE,06-Aug-2026,1.305,1.3799,1.305,1.33,90200
DASH,06-Aug-2026,214.67,218.03,207.175,213.26,8599800
DAVE,06-Aug-2026,385.97,398.8599,360,365.26,953200
DAVEW,06-Aug-2026,2.45,2.56,2,2.13,39100
DAX,06-Aug-2026,46.6,46.94,46.5101,46.6262,25300
DBCA,06-Aug-2026,10,10.005,9.995,10.005,70900
DBGI,06-Aug-2026,13.97,16.2,13.01,14.63,205000
DBVT,06-Aug-2026,14.29,14.675,13.02,13.74,1019500
DBX,06-Aug-2026,34.54,34.94,34.05,34.54,4547900
DCBO,06-Aug-2026,20.13,20.48,20.05,20.48,59100
DCGO,06-Aug-2026,0.63,0.63,0.59,0.625,486500
DCOY,06-Aug-2026,3.9,4.4,3.83,4.06,128900
DCTH,06-Aug-2026,14.03,15.62,14,15.47,2986600
DCX,06-Aug-2026,1.02,1.03,0.9799,1,64300
DDI,06-Aug-2026,11.99,12.01,11.88,11.9,66400
DDIV,06-Aug-2026,47.36,47.36,46.9564,46.9564,3900
DDOG,06-Aug-2026,227.45,243,225.26,229.29,15031000
DECO,06-Aug-2026,74.45,74.45,73.8119,73.8119,1200
DEFT,06-Aug-2026,0.486,0.49,0.433,0.433,2042500
DEMZ,06-Aug-2026,48.365,48.49,48.22,48.243,3900
DERM,06-Aug-2026,6.4,6.56,6.3772,6.53,253300
DETX,06-Aug-2026,3.1575,3.1575,3.01,3.01,3200
DFDV,06-Aug-2026,2.74,2.765,2.67,2.72,307000
DFDVW,06-Aug-2026,0.25,0.26,0.221,0.221,7700
DFGP,06-Aug-2026,53.62,53.65,53.49,53.545,269800
DFGX,06-Aug-2026,52.5301,52.5599,52.44,52.465,147900
DFLI,06-Aug-2026,1.17,1.26,1.1,1.17,673300
DFLIW,06-Aug-2026,0.0332,0.0364,0.0332,0.0364,300
DFNS,06-Aug-2026,45.91,47.441,40.45,46,1080200
DFNSW,06-Aug-2026,0.1296,0.1296,0.1051,0.114,172500
DFSC,06-Aug-2026,1.28,1.29,1.19,1.2282,55200
DFTX,06-Aug-2026,44.39,46.18,44.3003,46.14,1782200
DGCB,06-Aug-2026,53.53,53.57,53.46,53.515,89500
DGICA,06-Aug-2026,19.7,19.795,19.27,19.53,113500
DGICB,06-Aug-2026,23.65,23.65,22.9,23.12,1600
DGII,06-Aug-2026,76.88,83.42,70.63,83.01,792100
DGLO,06-Aug-2026,24.355,24.355,24.355,24.355,100
DGNX,06-Aug-2026,1.4,1.5,1.34,1.47,559100
DGRE,06-Aug-2026,39.52,39.6,39.4,39.4519,13400
DGRS,06-Aug-2026,61.48,61.52,60.8432,60.9193,15300
DGRW,06-Aug-2026,99.72,99.92,99.245,99.45,1691600
DGXX,06-Aug-2026,3.68,3.9299,3.58,3.75,2649900
DH,06-Aug-2026,0.6862,0.694,0.65,0.6852,245400
DHC,06-Aug-2026,9.15,9.24,8.71,8.72,2337700
DHCNI,06-Aug-2026,17.845,17.845,17.43,17.54,5400
DHCNL,06-Aug-2026,18.44,18.44,18.175,18.35,14800
DIBS,06-Aug-2026,4.93,5.0945,4.63,4.96,122200
DIME,06-Aug-2026,7.46,7.46,7.46,7.46,200
DINE,06-Aug-2026,25.08,25.08,25.08,25.08,100
DIOD,06-Aug-2026,99.63,103.2527,92.42,98.72,791900
DIVD,06-Aug-2026,44.74,44.74,44.6425,44.6425,900
DJCO,06-Aug-2026,597,601.67,568.9575,576.85,78000
DJT,06-Aug-2026,9.8,9.91,9.605,9.89,3063000
DJTWW,06-Aug-2026,3.7,3.9,3.615,3.78,29600
DKI,06-Aug-2026,3.6,3.63,3.5801,3.6,13100
DKNG,06-Aug-2026,21.37,22.27,21.32,22.17,25692000
DKNX,06-Aug-2026,13.39,14.505,13.39,14.4498,78500
DLCU,06-Aug-2026,49.9,49.9,49.831,49.831,1200
DLHC,06-Aug-2026,4.79,4.89,4.75,4.86,11000
DLLL,06-Aug-2026,25.01,25.68,22.335,23.7,1026700
DLO,06-Aug-2026,14.97,15.1599,14.635,14.77,1187100
DLPN,06-Aug-2026,1.07,1.1155,1.06,1.08,23900
DLTH,06-Aug-2026,4.08,4.22,4.07,4.16,110300
DLTR,06-Aug-2026,129.9,129.94,128.32,129.68,1272400
DLXY,06-Aug-2026,0.3849,0.3849,0.37,0.3719,23300
DMAAR,06-Aug-2026,0.16,0.16,0.16,0.16,400
DMAC,06-Aug-2026,6.64,6.85,6.64,6.77,76600
DMLP,06-Aug-2026,25.63,25.98,25.55,25.82,122500
DMRA,06-Aug-2026,30.44,31.1,29.39,29.88,696400
DMRC,06-Aug-2026,7.5,7.81,7.29,7.63,101400
DMXF,06-Aug-2026,86.42,86.57,86.0224,86.19,88700
DNLI,06-Aug-2026,24.48,24.99,24.37,24.73,3049200
DNMXW,06-Aug-2026,0.235,0.235,0.235,0.235,100
DNTH,06-Aug-2026,111.93,114.14,106.86,109.92,708300
DNUT,06-Aug-2026,3.2,3.318,3.08,3.23,4844700
DOCU,06-Aug-2026,56.02,57.17,55.325,56.9,2061600
DOGZ,06-Aug-2026,0.9766,0.9766,0.91,0.9318,8500
DOMH,06-Aug-2026,2.52,2.55,2.43,2.48,34900
DOMO,06-Aug-2026,3.75,3.82,3.71,3.8,498300
DOO,06-Aug-2026,66.11,66.11,63.495,63.85,175300
DORM,06-Aug-2026,141.52,142.15,137.15,137.58,294200
DOX,06-Aug-2026,57.39,60.03,56.915,59.12,1807900
DOYU,06-Aug-2026,4.68,4.74,4.55,4.55,24400
DPRO,06-Aug-2026,4.35,4.55,4.31,4.45,462000
DPU,06-Aug-2026,1.9,1.97,1.86,1.9,1400
DPZ,06-Aug-2026,366.01,366.01,357.0101,358.43,509800
DRCT,06-Aug-2026,2.74,2.7895,2.5567,2.62,13200
DRDB,06-Aug-2026,10.64,10.64,10.64,10.64,200
DRH,06-Aug-2026,13.27,13.285,12.62,12.635,3134400
DRIO,06-Aug-2026,7.67,7.88,7.4,7.748,3900
DRIV,06-Aug-2026,34.87,35.32,34.75,34.89,49300
DRMA,06-Aug-2026,1.17,1.1801,1.08,1.11,80300
DRMAW,06-Aug-2026,0.0075,0.0075,0.0075,0.0075,200
DRNZ,06-Aug-2026,22.38,23.06,22.25,22.6,61900
DRS,06-Aug-2026,45.24,46.28,44.845,45.3,632100
DRTS,06-Aug-2026,13.31,13.55,12.795,12.99,379600
DRTSW,06-Aug-2026,3.4,3.59,3.23,3.23,21000
DRUG,06-Aug-2026,79.72,82.87,79.72,80.8,140800
DRVN,06-Aug-2026,14.3,14.3,12.9,12.96,1174400
DSAC,06-Aug-2026,10.18,10.18,10.18,10.18,30100
DSC,06-Aug-2026,6.035,6.1499,5.2348,6,94600
DSGN,06-Aug-2026,13.54,14.1387,13.51,13.77,353600
DSGR,06-Aug-2026,34.96,34.99,34.77,34.82,138400
DSGX,06-Aug-2026,75.52,77.8,74.73,77.78,306700
DSP,06-Aug-2026,12.31,12.39,11.8953,12.32,433000
DSWL,06-Aug-2026,3.25,3.35,3.24,3.285,3500
DSY,06-Aug-2026,3.38,3.45,3.38,3.45,8463900
DSYWW,06-Aug-2026,0.0184,0.0184,0.0146,0.0146,18200
DTCR,06-Aug-2026,28.05,28.33,27.8233,27.98,1470200
DTCX,06-Aug-2026,1.94,1.98,1.915,1.92,45200
DTI,06-Aug-2026,2.31,2.35,2.26,2.35,367100
DTIL,06-Aug-2026,7,7.7,7,7.42,328700
DTSQ,06-Aug-2026,11.23,11.24,11.23,11.24,1200
DTSS,06-Aug-2026,0.82,0.82,0.7775,0.79,8500
DTST,06-Aug-2026,3.19,3.3499,3.19,3.32,12900
DUKH,06-Aug-2026,23.741,23.741,23.72,23.73,500
DUKR,06-Aug-2026,5.44,6,5.19,5.65,26500
DUKX,06-Aug-2026,28.73,28.7301,28.6244,28.6244,400
DUO,06-Aug-2026,0.5722,0.5968,0.56,0.591,16800
DUOG,06-Aug-2026,44.06,45.29,34,41.3241,31100
DUOL,06-Aug-2026,130.11,135.14,112.0205,122.58,3824300
DUOT,06-Aug-2026,8.76,9.07,8.55,8.69,430200
DUSG,06-Aug-2026,53.6,53.6,53.087,53.087,600
DVAL,06-Aug-2026,16.62,16.62,16.53,16.5608,6000
DVGR,06-Aug-2026,27.56,27.56,27.43,27.4544,2300
DVIN,06-Aug-2026,30.941,30.941,30.941,30.941,100
DVLT,06-Aug-2026,0.3,0.3273,0.2934,0.3161,40134900
DVLU,06-Aug-2026,42.09,42.09,41.5188,41.5188,17500
DVOL,06-Aug-2026,38.3,38.3,37.8901,37.8917,1100
DVQQ,06-Aug-2026,31.5,31.5,31.46,31.4649,900
DVRE,06-Aug-2026,24.8423,24.8423,24.8423,24.8423,100
DVSP,06-Aug-2026,30.16,30.16,30.0763,30.0763,200
DVUT,06-Aug-2026,25.2956,25.2956,25.2956,25.2956,100
DVXB,06-Aug-2026,28.75,28.75,28.5421,28.5421,700
DVXC,06-Aug-2026,23.6893,23.6893,23.6893,23.6893,100
DVXE,06-Aug-2026,38.8594,38.8594,38.8594,38.8594,100
DVXF,06-Aug-2026,28.85,28.85,28.7961,28.7961,600
DVXK,06-Aug-2026,37.33,37.43,37.33,37.3836,800
DVXP,06-Aug-2026,25.8325,25.8325,25.8325,25.8325,100
DVXV,06-Aug-2026,32.88,33.0021,32.88,33.0021,100
DVXY,06-Aug-2026,22.6135,22.6135,22.6135,22.6135,100
DVY,06-Aug-2026,162.75,162.99,160.82,161.07,396100
DWAS,06-Aug-2026,117.56,117.99,117.11,117.1967,7600
DWAW,06-Aug-2026,50.85,50.85,50.7379,50.7379,600
DWSH,06-Aug-2026,5.63,5.63,5.605,5.605,2200
DWSN,06-Aug-2026,4.43,4.98,4.4001,4.78,210800
DWTX,06-Aug-2026,1.8,1.835,1.6501,1.75,65800
DWUS,06-Aug-2026,59.925,59.925,59.925,59.925,100
DXCM,06-Aug-2026,82.91,83.69,82.4699,83.02,3871500
DXLG,06-Aug-2026,0.57,0.59,0.5601,0.59,12500
DXPE,06-Aug-2026,180,205.72,173.215,198.21,298700
DXST,06-Aug-2026,2.57,2.6901,2.4601,2.64,108000
DYAI,06-Aug-2026,0.97,1.05,0.96,1.02,149800
DYFI,06-Aug-2026,22.64,22.648,22.61,22.6251,2500
DYN,06-Aug-2026,26.51,26.77,25.58,25.88,1330600
DYNB,06-Aug-2026,38.98,38.98,38.9,38.9251,2800
DYNC,06-Aug-2026,10.85,10.85,10.84,10.84,10200
DYTA,06-Aug-2026,31.89,31.89,31.78,31.78,11700
EART,06-Aug-2026,29.48,29.7463,29.22,29.295,38700
EASY,06-Aug-2026,27.3,27.4514,27.295,27.4514,1000
EBAY,06-Aug-2026,112,113.6,106.51,110.14,7233000
EBC,06-Aug-2026,23.31,23.365,22.971,23.01,1388800
EBI,06-Aug-2026,67.12,67.12,67.02,67.0779,10300
EBIZ,06-Aug-2026,30.915,30.915,30.83,30.85,700
EBMT,06-Aug-2026,24.05,24.05,23.39,23.94,62700
EBON,06-Aug-2026,1.82,2.0257,1.82,1.91,1400
ECBK,06-Aug-2026,20.642,20.642,20.52,20.575,6000
ECHO,06-Aug-2026,86.73,90.635,86.22,87.03,3914700
ECHX,06-Aug-2026,7.66,8.33,7.66,7.7298,61200
ECOR,06-Aug-2026,6.36,6.71,5.8001,6.7,203800
ECOW,06-Aug-2026,27.52,27.7,27.07,27.5331,49600
ECPG,06-Aug-2026,101.19,101.19,95.315,97.88,642700
ECX,06-Aug-2026,1.18,1.185,1.07,1.1,868700
EDBL,06-Aug-2026,1.96,2.03,1.9,1.96,127900
EDBLW,06-Aug-2026,0.0278,0.0279,0.021,0.026,22300
EDHL,06-Aug-2026,3.88,4.02,3.88,4.02,3000
EDIT,06-Aug-2026,2.82,3.14,2.81,2.9,3429300
EDRY,06-Aug-2026,27.51,30.07,27.38,29.82,102800
EDSA,06-Aug-2026,5.11,5.2999,5.03,5.05,21900
EDTK,06-Aug-2026,0.925,0.9455,0.88,0.9,13700
EDUC,06-Aug-2026,1.3799,1.42,1.378,1.38,164100
EEE,06-Aug-2026,21.06,21.12,20.93,21.0602,1500
EEFT,06-Aug-2026,73.5,74.6,72.18,73.07,1351700
EEIQ,06-Aug-2026,2.33,2.54,2.21,2.34,8000
EEMA,06-Aug-2026,112.84,114.34,112.84,113.56,21900
EFAS,06-Aug-2026,23.005,23.0297,22.83,22.905,8700
EFOI,06-Aug-2026,3.1,3.11,3.08,3.09,2100
EFRA,06-Aug-2026,36.4111,36.4111,36.4111,36.4111,100
EFSC,06-Aug-2026,67.28,67.41,66.28,66.38,284900
EFSCP,06-Aug-2026,20.1225,20.1225,20.1225,20.1225,400
EFSI,06-Aug-2026,40.27,42.25,40.27,41.95,151700
EGAN,06-Aug-2026,7.19,7.385,7.01,7.36,182600
EGBN,06-Aug-2026,28.47,28.53,27.765,27.86,222600
EGGQ,06-Aug-2026,52.145,53.245,51.8902,51.8902,3700
EGHA,06-Aug-2026,10.335,10.34,10.335,10.34,30500
EGHAR,06-Aug-2026,0.39,0.39,0.39,0.39,6000
EGHT,06-Aug-2026,2.25,2.3,2.1,2.275,2308400
EH,06-Aug-2026,5.3,5.35,5.23,5.33,476400
EHGO,06-Aug-2026,2.03,2.03,1.89,1.93,179000
EHLD,06-Aug-2026,8.26,8.3,8.17,8.3,2900
EHLS,06-Aug-2026,26.32,26.32,26.1184,26.1184,700
EHTH,06-Aug-2026,1.25,1.37,1.235,1.35,267200
EIKN,06-Aug-2026,9.4,9.64,9.08,9.21,361500
EJH,06-Aug-2026,1.25,1.28,1.2213,1.2799,5200
EKG,06-Aug-2026,19.73,19.78,19.7,19.78,1400
ELAB,06-Aug-2026,0.975,0.975,0.9125,0.9557,110200
ELBM,06-Aug-2026,0.61,0.6479,0.5686,0.6254,817000
ELDN,06-Aug-2026,3.44,3.515,3.4,3.46,655100
ELE,06-Aug-2026,17.8,18.06,17.48,17.83,154200
ELFY,06-Aug-2026,41.78,42.24,41.56,41.58,26600
ELIL,06-Aug-2026,30.88,31.99,29.2,30.0403,167600
ELMT,06-Aug-2026,15.8,16.755,15.49,16.31,155300
ELOG,06-Aug-2026,0.78,0.78,0.73,0.73,3600
ELOL,06-Aug-2026,15.01,16.1833,14.935,16.1833,7700
ELOX,06-Aug-2026,17.41,18.5883,16.5,17.71,20500
ELPW,06-Aug-2026,0.135,0.1415,0.1088,0.109,14656400
ELTK,06-Aug-2026,8.67,8.85,8.67,8.85,1200
ELTX,06-Aug-2026,3.12,3.28,3.11,3.14,216600
ELUT,06-Aug-2026,0.86,0.8944,0.86,0.881,13000
ELVA,06-Aug-2026,9.445,9.81,9.0424,9.28,418800
ELVN,06-Aug-2026,59.34,61.86,59.11,60.27,1679200
ELVR,06-Aug-2026,56.03,56.25,54.4743,55.81,28100
ELWT,06-Aug-2026,8.27,8.485,8.17,8.34,4200
EMAT,06-Aug-2026,2.69,2.915,2.6,2.69,191300
EMB,06-Aug-2026,95.17,95.29,94.92,94.95,4901700
EMBC,06-Aug-2026,3.52,3.6189,3.47,3.5,1323800
EMCB,06-Aug-2026,65.87,66.0073,65.8,65.885,2100
EMEM,06-Aug-2026,24.82,26.37,24.82,25.1773,8400
EMEQ,06-Aug-2026,61.89,63.12,61.53,62.37,122200
EMIF,06-Aug-2026,26.41,26.41,26.3026,26.3026,800
EML,06-Aug-2026,24.76,25.16,24.51,25.08,15400
EMPD,06-Aug-2026,2.83,2.92,2.815,2.83,163300
EMSC,06-Aug-2026,24.66,26.73,24.66,25.48,5700
EMXC,06-Aug-2026,93.24,94.89,92.97,93.94,1260400
EMXF,06-Aug-2026,56.07,56.47,56.07,56.1641,6300
ENDW,06-Aug-2026,34.715,35.245,34.6,34.6,14900
ENGN,06-Aug-2026,1.8,1.815,1.77,1.8,303900
ENGNW,06-Aug-2026,0.5038,0.5038,0.5038,0.5038,800
ENGS,06-Aug-2026,2.68,2.82,2.66,2.76,2858300
ENHI,06-Aug-2026,27.565,27.565,27.545,27.545,700
ENHU,06-Aug-2026,28.6626,28.6626,28.6626,28.6626,100
ENLT,06-Aug-2026,82.76,85.7,82.25,84.39,231200
ENLV,06-Aug-2026,2.15,2.19,1.92,1.98,202900
ENPH,06-Aug-2026,38.4,40.08,37.6,39.67,3463800
ENRD,06-Aug-2026,5.35,5.38,5.14,5.24,12700
ENRDW,06-Aug-2026,0.43,0.44,0.42,0.43,9200
ENSC,06-Aug-2026,0.6307,0.979,0.4602,0.5243,498051900
ENSG,06-Aug-2026,181,181.83,179.05,181.66,318400
ENTA,06-Aug-2026,13.27,13.54,13.1925,13.34,220700
ENTG,06-Aug-2026,141.8,148.44,140.01,142.65,1906000
ENTX,06-Aug-2026,2.79,2.99,2.725,2.82,387900
ENVB,06-Aug-2026,1.71,1.71,1.43,1.56,262700
ENVX,06-Aug-2026,4.23,4.4695,4.16,4.26,4330400
ENZL,06-Aug-2026,47.7,47.89,47.45,47.7008,197600
EOLS,06-Aug-2026,6.99,7.52,6.54,7.41,2919900
EOSE,06-Aug-2026,3.71,4.23,3.61,3.94,23567200
EOSEW,06-Aug-2026,3,3.95,2.85,3.49,30000
EPOW,06-Aug-2026,0.4,0.428,0.3902,0.405,145800
EPRX,06-Aug-2026,6.43,6.71,6.4,6.66,199700
EPSM,06-Aug-2026,1.38,1.47,1.38,1.47,10900
EPSN,06-Aug-2026,5.49,5.65,5.48,5.63,180000
EQ,06-Aug-2026,2.18,2.2305,2.1,2.12,468600
EQIX,06-Aug-2026,1062.58,1063,1040,1052.86,954000
EQPT,06-Aug-2026,19.84,20.47,19.62,20.12,1643700
EQQQ,06-Aug-2026,41.59,41.59,41.11,41.195,700
EQRR,06-Aug-2026,83.81,83.98,83.72,83.8257,6800
ERAS,06-Aug-2026,18.33,18.98,18.08,18.27,2427100
ERET,06-Aug-2026,29.78,29.78,29.315,29.3522,7200
ERIC,06-Aug-2026,10.08,10.23,10.03,10.16,10551400
ERIE,06-Aug-2026,253.37,255.1445,248.4405,254.06,169400
ERII,06-Aug-2026,8.35,8.805,8.31,8.73,1334000
ERNA,06-Aug-2026,4,4.565,4,4.36,36400
ERNAW,06-Aug-2026,0.0437,0.0501,0.0437,0.0449,25700
ESCA,06-Aug-2026,22.77,23,22,22.24,57100
ESEA,06-Aug-2026,76.13,77.989,76.13,76.89,21200
ESGD,06-Aug-2026,106.66,106.995,106.35,106.46,184800
ESGE,06-Aug-2026,51.81,52.585,51.76,52.18,1015500
ESGU,06-Aug-2026,168.72,169.125,168.22,168.48,243000
ESLA,06-Aug-2026,0.769,0.775,0.71,0.7459,13900
ESLT,06-Aug-2026,855.01,876.85,848.55,857,92000
ESMV,06-Aug-2026,31.3863,31.3863,31.3863,31.3863,100
ESN,06-Aug-2026,20.53,20.53,20.375,20.4191,57300
ESOA,06-Aug-2026,15.45,16,15.375,15.675,64000
ESPO,06-Aug-2026,95.86,96.57,95.86,96.3034,17400
ESQ,06-Aug-2026,132.97,133.29,131,131.32,85200
ESTA,06-Aug-2026,89.29,94,78.5,79.05,1151900
ETEC,06-Aug-2026,27.225,27.225,27.2077,27.2077,200
ETHA,06-Aug-2026,14.31,14.485,14.27,14.4,23342700
ETHB,06-Aug-2026,24.4,24.7,24.38,24.57,254300
ETON,06-Aug-2026,47.36,47.36,44.4,46.18,532100
ETOR,06-Aug-2026,35.81,36.04,35.25,35.48,601100
ETS,06-Aug-2026,1.14,1.29,1.12,1.25,495400
EU,06-Aug-2026,1.14,1.19,1.12,1.15,2496300
EUDA,06-Aug-2026,17,17.3,16,16.29,2700
EUFN,06-Aug-2026,42.47,42.57,42.17,42.2,698600
EURK,06-Aug-2026,11.98,11.98,11.98,11.98,300
EURKR,06-Aug-2026,0.291,0.291,0.29,0.29,500
EVAX,06-Aug-2026,2.99,3.05,2.94,2.995,6500
EVCM,06-Aug-2026,10.69,11.395,9.9868,10.61,181700
EVER,06-Aug-2026,23.23,23.83,22.6516,23.82,609700
EVGN,06-Aug-2026,0.6845,0.72,0.6604,0.685,374200
EVGO,06-Aug-2026,1.54,1.59,1.48,1.52,4673100
EVLV,06-Aug-2026,5.87,5.985,5.87,5.945,1132800
EVMT,06-Aug-2026,17.725,17.76,17.725,17.76,400
EVO,06-Aug-2026,1.99,1.99,1.93,1.95,66700
EVOX,06-Aug-2026,10.07,10.07,10.07,10.07,74300
EVPF,06-Aug-2026,49.96,50.02,49.9063,49.9102,41400
EVRG,06-Aug-2026,84.75,84.75,82.41,83.02,2116300
EVSD,06-Aug-2026,50.77,50.84,50.735,50.7552,154700
EVYM,06-Aug-2026,50.01,50.18,50.005,50.035,9300
EWAVU,06-Aug-2026,9.95,9.95,9.95,9.95,400
EWBC,06-Aug-2026,134.17,134.47,131.66,131.88,440400
EWJV,06-Aug-2026,47.54,47.88,47.4367,47.58,39200
EWTX,06-Aug-2026,44.13,45.5246,43.56,44.42,1451200
EWZS,06-Aug-2026,13.01,13.03,12.91,12.9549,92800
EXC,06-Aug-2026,46.11,46.27,44.925,45.32,6588900
EXE,06-Aug-2026,92.44,92.8953,91.065,91.96,2287400
EXEL,06-Aug-2026,52.92,55.435,51.76,52.2,5410900
EXFY,06-Aug-2026,2,2.03,1.91,1.98,790000
EXLS,06-Aug-2026,33.68,34.71,33.33,34.66,2702200
EXOZ,06-Aug-2026,5.886,5.886,5.12,5.1652,3100
EXPE,06-Aug-2026,325,331.31,305.92,306.57,2334900
EXPO,06-Aug-2026,66.89,66.935,65.26,66.21,409900
EXTR,06-Aug-2026,25.79,25.88,24.15,24.32,2931100
EXUS,06-Aug-2026,28.47,28.8182,28.405,28.565,13400
EXYN,06-Aug-2026,2.05,2.05,1.65,1.76,255800
EXYNW,06-Aug-2026,0.6898,0.6898,0.555,0.63,1600
EYE,06-Aug-2026,22.89,22.895,22.43,22.47,1654300
EYEG,06-Aug-2026,34.6,34.61,34.56,34.584,1700
EYPT,06-Aug-2026,12.25,13.03,12.005,12.83,2240800
EZGO,06-Aug-2026,0.94,1.14,0.9201,1,428900
EZMO,06-Aug-2026,26.35,26.43,26.28,26.2832,4800
EZPW,06-Aug-2026,28.54,30.115,28.4509,29.18,1879200
EZRA,06-Aug-2026,2.38,2.69,2.29,2.57,523200
EZRO,06-Aug-2026,24.71,24.805,24.71,24.7781,600
FA,06-Aug-2026,22.155,24.58,21.46,24.12,4725700
FAAA,06-Aug-2026,50.235,50.26,50.21,50.245,35000
FAAR,06-Aug-2026,30.8022,31.57,30.8022,30.9102,49400
FAB,06-Aug-2026,106.52,106.56,106.06,106.1432,6000
FABC,06-Aug-2026,2.73,2.889,2.6,2.69,166400
FAC,06-Aug-2026,6.13,6.1641,5.69,5.95,204600
FACT,06-Aug-2026,10.67,10.67,10.67,10.67,300
FACTW,06-Aug-2026,0.15,0.16,0.105,0.135,4600
FACWW,06-Aug-2026,0.7,0.75,0.7,0.7,64700
FAD,06-Aug-2026,189.76,191.56,189.19,189.19,16900
FALN,06-Aug-2026,26.99,26.99,26.91,26.93,1080600
FAMI,06-Aug-2026,0.159,0.1591,0.1517,0.1587,467400
FANG,06-Aug-2026,189.55,190.11,187.06,189.63,1486700
FAST,06-Aug-2026,50.46,50.905,50.32,50.8,9225000
FATE,06-Aug-2026,2.64,2.64,2.455,2.49,2227400
FATN,06-Aug-2026,6.68,7.13,6.22,6.34,144900
FBGL,06-Aug-2026,0.401,0.4396,0.401,0.4126,63500
FBIO,06-Aug-2026,2.79,2.85,2.7,2.77,651300
FBIOP,06-Aug-2026,19,19.94,18.99,19.94,15600
FBIZ,06-Aug-2026,72.3,72.43,70.88,72.01,63700
FBL,06-Aug-2026,21.76,22.41,21.76,22.01,693000
FBLA,06-Aug-2026,15.84,15.85,15.41,15.52,134600
FBLG,06-Aug-2026,0.8668,1.0964,0.8668,1.02,647400
FBNC,06-Aug-2026,65.3,65.41,64.135,64.2,170700
FBOT,06-Aug-2026,39.84,39.95,39.45,39.5026,58600
FBRX,06-Aug-2026,76.75,76.83,76.72,76.83,1725200
FBYD,06-Aug-2026,9.58,9.99,9.4587,9.83,93200
FBYDW,06-Aug-2026,1.53,1.6,1.25,1.25,5800
FBYY,06-Aug-2026,11.05,11.05,11.05,11.05,100
FCA,06-Aug-2026,27.3055,27.525,27.22,27.395,15800
FCAL,06-Aug-2026,48.84,48.84,48.75,48.7941,12000
FCAP,06-Aug-2026,64.99,64.99,62.26,64,13100
FCBC,06-Aug-2026,48.9,49.48,48.34,48.535,67400
FCCO,06-Aug-2026,34.73,34.73,33.83,34.26,29600
FCEF,06-Aug-2026,23.92,24.0799,23.92,23.9992,36900
FCEL,06-Aug-2026,20.5,21.7899,19.95,20.32,5488600
FCFS,06-Aug-2026,207.68,209.33,202.53,205.66,337300
FCHL,06-Aug-2026,1.22,1.2759,1.18,1.23,27100
FCLO,06-Aug-2026,50.28,50.28,49.9889,50.225,6700
FCNCA,06-Aug-2026,2247.66,2255.275,2216.96,2237.51,39200
FCNCN,06-Aug-2026,25.05,25.0799,24.82,24.99,25500
FCNCO,06-Aug-2026,20.55,20.59,20.48,20.48,19800
FCNCP,06-Aug-2026,20.24,20.24,20.02,20.06,10200
FCTE,06-Aug-2026,30.11,30.36,30.0901,30.1389,42800
FCUV,06-Aug-2026,9.93,10.86,8.03,8.21,310200
FCVT,06-Aug-2026,50.04,50.79,49.9,49.9292,43000
FCXG,06-Aug-2026,14.69,15.23,14.595,14.6256,59600
FDBC,06-Aug-2026,54.54,55.5,53.49,53.9,7500
FDCF,06-Aug-2026,49.95,50.1299,49.94,49.9634,4200
FDFF,06-Aug-2026,36.75,36.75,36.54,36.6379,2100
FDIF,06-Aug-2026,40.64,40.64,40.34,40.3563,2300
FDIG,06-Aug-2026,41.26,42.49,41.225,41.365,25800
FDIQ,06-Aug-2026,71.46,71.5738,71.46,71.5738,1300
FDIV,06-Aug-2026,28.22,28.22,28.05,28.0817,9500
FDMM,06-Aug-2026,9.83,9.83,9.83,9.83,2300
FDMMW,06-Aug-2026,0.39,0.39,0.201,0.21,217400
FDMT,06-Aug-2026,10.21,10.69,10.21,10.55,297300
FDNI,06-Aug-2026,28.815,28.839,27.86,28.839,5900
FDRS,06-Aug-2026,23.67,23.73,23.62,23.66,31000
FDRX,06-Aug-2026,21.3895,21.3895,21.3895,21.3895,100
FDSB,06-Aug-2026,17.85,17.915,17.81,17.9,3500
FDT,06-Aug-2026,92.39,93.3895,92.18,92.58,234800
FDTS,06-Aug-2026,68.21,68.21,68.0701,68.1662,500
FDTX,06-Aug-2026,52.61,54.5,52.53,53.8038,33600
FDUS,06-Aug-2026,20.16,20.78,20.16,20.58,266100
FEAM,06-Aug-2026,1.36,1.77,1.32,1.74,630300
FEBO,06-Aug-2026,0.81,0.81,0.79,0.79,5700
FEED,06-Aug-2026,0.39,0.3999,0.3666,0.395,142400
FEIM,06-Aug-2026,69.29,75.65,69.07,74.4,166400
FELE,06-Aug-2026,110.08,110.92,108.47,109.33,168000
FEM,06-Aug-2026,32.01,32.3399,31.98,32.145,78300
FEMB,06-Aug-2026,29.65,29.7006,29.4277,29.595,187600
FEMS,06-Aug-2026,45.25,45.4199,44.895,45.1126,38500
FEMY,06-Aug-2026,3.02,3.04,2.91,2.95,20500
FENC,06-Aug-2026,10.55,10.95,10.425,10.84,119000
FEP,06-Aug-2026,59.87,59.87,59.53,59.68,12600
FEPI,06-Aug-2026,41.14,41.66,40.925,41.45,162500
FER,06-Aug-2026,66.25,66.35,65.27,65.39,1654900
FERA,06-Aug-2026,10.44,10.46,10.44,10.46,51200
FEUZ,06-Aug-2026,68.7101,68.7101,68.445,68.5005,3100
FEX,06-Aug-2026,139.33,139.555,138.65,138.7573,34200
FFAI,06-Aug-2026,4.69,4.73,4.33,4.38,593400
FFBC,06-Aug-2026,34.63,34.69,33.75,33.78,808000
FFIN,06-Aug-2026,35.56,35.62,34.68,34.71,478000
FFIV,06-Aug-2026,411.72,414.8,404,413.07,542500
FFUT,06-Aug-2026,59.93,60.27,59.55,60.105,10000
FGBI,06-Aug-2026,9.35,9.57,9.35,9.56,14700
FGBIP,06-Aug-2026,19.78,19.84,19.78,19.84,200
FGI,06-Aug-2026,4.44,4.73,4.37,4.73,12600
FGIWW,06-Aug-2026,0.09,0.09,0.09,0.09,100
FGL,06-Aug-2026,0.8411,0.89,0.81,0.875,212800
FGM,06-Aug-2026,63.685,63.7005,63.63,63.7005,1400
FGNX,06-Aug-2026,7.52,7.83,7,7,158500
FGSI,06-Aug-2026,21.21,21.22,21.205,21.205,600
FHB,06-Aug-2026,28.08,28.16,27.535,27.57,1876000
FHTX,06-Aug-2026,5.06,5.58,5.05,5.57,365700
FIBK,06-Aug-2026,38.17,38.32,37.39,37.42,1120900
FICS,06-Aug-2026,43.1369,43.175,42.925,42.9505,9300
FID,06-Aug-2026,22.65,22.701,22.59,22.635,17100
FIEE,06-Aug-2026,3.1,3.32,2.851,3.29,83600
FIGG,06-Aug-2026,20.91,23.31,18,21.89,401300
FIGR,06-Aug-2026,28.15,28.89,27.9,28.6,1872000
FIGXU,06-Aug-2026,10.61,10.78,10.34,10.78,900
FIMU,06-Aug-2026,19.82,19.82,19.82,19.82,400
FINW,06-Aug-2026,14.02,14.6232,13.93,14.24,29400
FINX,06-Aug-2026,26.03,26.2104,25.95,26.0732,29900
FINY,06-Aug-2026,25.63,25.65,25.59,25.6,600
FIP,06-Aug-2026,3.11,4.07,3.055,4.055,2921300
FISI,06-Aug-2026,42.75,42.75,41.9,41.96,159300
FISN,06-Aug-2026,8.61,9.54,8.52,9.22,252300
FISV,06-Aug-2026,49.88,54.15,49.56,54.11,21017500
FIVE,06-Aug-2026,225.74,233.21,224.14,231.12,836400
FIVN,06-Aug-2026,28.81,29.64,28,28.37,3495500
FIXD,06-Aug-2026,43.02,43.26,42.9501,42.9947,574600
FIYY,06-Aug-2026,24.47,24.47,24.47,24.47,100
FIZZ,06-Aug-2026,32.55,32.73,31.54,31.96,248500
FJDIU,06-Aug-2026,9.96,9.97,9.95,9.95,453700
FJP,06-Aug-2026,76.72,77.28,76.36,76.4941,5600
FKU,06-Aug-2026,56.31,56.5899,56.29,56.44,7000
FKWL,06-Aug-2026,2.25,2.27,2.25,2.27,1400
FLD,06-Aug-2026,0.4731,0.5278,0.45,0.497,230500
FLDB,06-Aug-2026,50.24,50.32,50.19,50.27,7800
FLDDW,06-Aug-2026,0.0762,0.0771,0.0762,0.0771,4400
FLEX,06-Aug-2026,119.5,125.4,117.5576,122.65,3566500
FLGT,06-Aug-2026,18.48,18.63,18.01,18.55,244000
FLL,06-Aug-2026,2.25,2.25,2.18,2.19,123000
FLN,06-Aug-2026,25.32,26.2199,25.16,25.16,6200
FLNA,06-Aug-2026,0.95,0.9913,0.9343,0.959,422700
FLNC,06-Aug-2026,12.81,15.1,12.69,13.21,28500100
FLNT,06-Aug-2026,3.56,3.89,3.4869,3.81,66700
FLUX,06-Aug-2026,0.536,0.5518,0.52,0.5315,39500
FLWS,06-Aug-2026,4.17,4.17,4.03,4.03,135600
FLX,06-Aug-2026,2.13,2.16,2.08,2.11,112900
FLXS,06-Aug-2026,77.43,77.43,75.31,76.89,32500
FLY,06-Aug-2026,22.6,24.76,22.4501,24.06,2477100
FLYE,06-Aug-2026,1.71,1.75,1.71,1.72,7300
FLYW,06-Aug-2026,18.45,18.8301,18.2,18.2,2669100
FLZH,06-Aug-2026,1.42,1.4599,1.3301,1.37,215600
FMACR,06-Aug-2026,0.19,0.19,0.1701,0.1894,50800
FMAO,06-Aug-2026,34.24,34.6,33.619,34.28,94800
FMB,06-Aug-2026,50.42,50.505,50.4134,50.4703,101300
FMBH,06-Aug-2026,52.59,52.63,51.56,51.9,112800
FMED,06-Aug-2026,28.93,28.9763,28.8,28.9763,3700
FMET,06-Aug-2026,37.92,38.2649,37.92,38.2032,10100
FMFC,06-Aug-2026,0.3047,0.3145,0.2914,0.3028,463500
FMHI,06-Aug-2026,47.74,47.8,47.68,47.745,86300
FMNB,06-Aug-2026,16.02,16.06,15.76,15.81,385100
FMST,06-Aug-2026,1.51,1.52,1.41,1.42,66200
FMSTW,06-Aug-2026,0.26,0.31,0.26,0.31,800
FMTM,06-Aug-2026,38.65,39.04,38.445,38.67,227200
FMUB,06-Aug-2026,50.77,50.88,50.755,50.795,26900
FMUN,06-Aug-2026,49.57,49.57,49.5,49.52,11100
FNGR,06-Aug-2026,0.281,0.35,0.2801,0.35,2643300
FNK,06-Aug-2026,64.09,64.21,63.93,63.935,10200
FNKO,06-Aug-2026,5.55,5.59,5.14,5.28,3192000
FNLC,06-Aug-2026,35.37,35.54,34.95,35.31,18500
FNRN,06-Aug-2026,18.12,18.235,17.8,17.81,46800
FNUC,06-Aug-2026,1.63,1.8,1.63,1.64,139700
FNWB,06-Aug-2026,11.22,11.23,10.955,11.025,14100
FNWD,06-Aug-2026,45.5,45.75,44.3,44.46,17200
FNX,06-Aug-2026,146.22,146.78,145.4886,145.4886,10400
FNY,06-Aug-2026,105.53,106.21,105.13,105.1677,53300
FOCL,06-Aug-2026,6.11,6.25,6,6.1,27100
FOFO,06-Aug-2026,2.5,2.5,2.3301,2.365,8700
FORM,06-Aug-2026,112.85,120.45,109.74,115.21,1058900
FORR,06-Aug-2026,11.74,12.03,11.52,11.99,170500
FOSL,06-Aug-2026,5.86,6.065,5.75,5.82,709700
FOX,06-Aug-2026,53.73,55.55,53.005,55.37,1705500
FOXA,06-Aug-2026,60.09,62.475,59.42,61.79,8570500
FOXF,06-Aug-2026,19.85,19.85,18.76,18.86,980100
FOXX,06-Aug-2026,2.65,2.7138,2.16,2.5,5600
FOXXW,06-Aug-2026,0.0413,0.0711,0.0413,0.0709,10900
FPA,06-Aug-2026,47.48,47.6,47.18,47.6,4700
FPXE,06-Aug-2026,34.25,34.25,34.125,34.125,600
FPXI,06-Aug-2026,71.15,72.04,71.15,71.5561,8800
FRAF,06-Aug-2026,63.53,63.53,61.695,63.04,28600
FRBA,06-Aug-2026,18.77,18.79,18.545,18.79,88400
FRBT,06-Aug-2026,19.42,19.95,18.3,19.08,139600
FRD,06-Aug-2026,37.19,38.48,36.97,37.72,151600
FREI,06-Aug-2026,24.93,24.93,24.875,24.875,3400
FRGT,06-Aug-2026,2.86,3.21,2.71,3,105700
FRHC,06-Aug-2026,149.87,153.2862,147.47,147.48,71600
FRME,06-Aug-2026,43.56,43.805,42.73,42.8,340400
FRMEP,06-Aug-2026,25.15,25.15,25.15,25.15,500
FRMI,06-Aug-2026,5.9701,6.32,5.91,6.19,9990700
FRMM,06-Aug-2026,6.15,6.465,5.9,6.1,714200
FRNM,06-Aug-2026,11.1,11.4,10.85,10.91,357900
FROG,06-Aug-2026,79.865,85.485,79.505,83.04,3117900
FRPH,06-Aug-2026,21.93,22.2,21.08,21.2,179700
FRPT,06-Aug-2026,68.33,70.005,66.55,66.73,1895000
FRSH,06-Aug-2026,11.13,11.685,10.872,11.59,8042000
FRST,06-Aug-2026,16.56,16.57,16.26,16.29,200800
FRSX,06-Aug-2026,1.3,1.34,1.24,1.24,7800
FRTT,06-Aug-2026,0.95,1.09,0.9431,0.9896,323200
FRVO,06-Aug-2026,22,24.1,21.88,23,1574800
FRWD,06-Aug-2026,31.38,31.98,31.26,31.8354,11400
FSBC,06-Aug-2026,46.82,46.99,46.34,46.45,153900
FSBW,06-Aug-2026,43.81,43.81,42.86,43.27,15900
FSCS,06-Aug-2026,38.3484,38.3484,38.08,38.17,3500
FSEA,06-Aug-2026,17.08,17.08,17.08,17.08,5300
FSGS,06-Aug-2026,33.28,33.35,33.2475,33.2475,2900
FSHPR,06-Aug-2026,0.0672,0.0672,0.0672,0.0672,400
FSLR,06-Aug-2026,236.55,253,233.46,244.14,3669000
FSLY,06-Aug-2026,22.73,24.3749,22.46,22.68,12066100
FSTB,06-Aug-2026,20.01,20.01,19.98,19.995,13100
FSTR,06-Aug-2026,42.31,42.31,41.3,41.88,60500
FSUN,06-Aug-2026,40.09,40.09,39.355,39.77,197900
FSV,06-Aug-2026,144.28,144.38,141.75,142.77,110000
FSZ,06-Aug-2026,82.8253,82.8253,82.8253,82.8253,100
FTA,06-Aug-2026,102.12,102.24,101.38,101.7722,29600
FTAG,06-Aug-2026,29.43,29.43,29.3559,29.3559,2300
FTAI,06-Aug-2026,224.14,228.77,220.23,221.23,1646900
FTAIM,06-Aug-2026,27.6,27.6,27.5,27.56,2400
FTC,06-Aug-2026,182.19,184.15,181.6387,181.6387,28500
FTCI,06-Aug-2026,3.01,3.2,2.74,2.75,355300
FTCS,06-Aug-2026,100.5,100.85,99.4121,99.91,320800
FTDR,06-Aug-2026,78.38,92.49,78.38,89.92,897300
FTDS,06-Aug-2026,65.16,65.2229,65.06,65.2229,2200
FTEK,06-Aug-2026,1.43,1.455,1.37,1.37,224300
FTFT,06-Aug-2026,0.8308,0.9018,0.83,0.8388,79600
FTGC,06-Aug-2026,28.64,28.78,28.62,28.77,787000
FTGS,06-Aug-2026,39.36,39.6,39.324,39.435,91200
FTH,06-Aug-2026,24.4,25.695,23.895,24.48,205700
FTHA,06-Aug-2026,9.945,9.95,9.945,9.95,53200
FTHAW,06-Aug-2026,0.32,0.35,0.32,0.344,20300
FTHI,06-Aug-2026,24.07,24.07,23.86,23.88,474300
FTHM,06-Aug-2026,0.7178,0.7564,0.7111,0.7464,127400
FTLF,06-Aug-2026,10.05,10.29,9.87,10.21,10100
FTNT,06-Aug-2026,160.07,162.73,158.27,160.11,4996300
FTQI,06-Aug-2026,22.15,22.1719,22.075,22.09,133700
FTRE,06-Aug-2026,19.05,19.4599,17.645,17.69,1253600
FTRI,06-Aug-2026,17.11,17.23,17.1,17.1694,272600
FTRK,06-Aug-2026,0.3012,0.3295,0.2917,0.316,148100
FTSL,06-Aug-2026,44.9,44.9,44.85,44.8949,173600
FTSM,06-Aug-2026,59.76,59.78,59.75,59.76,519900
FTXG,06-Aug-2026,23.05,23.05,22.702,22.7708,1000
FTXH,06-Aug-2026,39.64,39.81,38.91,39.15,127400
FTXL,06-Aug-2026,226.65,235.48,223.6501,230.55,153300
FTXN,06-Aug-2026,36.52,36.6,36.18,36.4865,15600
FTXO,06-Aug-2026,43.71,43.71,42.8,42.8689,32900
FTXR,06-Aug-2026,45.38,45.4038,44.81,44.81,37900
FUFU,06-Aug-2026,1.29,1.3,1.29,1.29,84200
FULC,06-Aug-2026,3.76,3.815,3.685,3.77,1041500
FULT,06-Aug-2026,24.92,24.94,24.37,24.4,1581500
FULTP,06-Aug-2026,17.71,17.78,17.63,17.63,11200
FUNC,06-Aug-2026,45.1,45.64,44.76,45.3,34300
FUND,06-Aug-2026,10.07,10.2546,10.07,10.16,12600
FUSB,06-Aug-2026,16.45,16.705,16.45,16.705,2600
FUSE,06-Aug-2026,0.8701,0.877,0.839,0.8455,429800
FUTG,06-Aug-2026,4.03,4.05,3.8,3.824,489500
FUTU,06-Aug-2026,107.5,107.62,104.3,104.52,1133700
FV,06-Aug-2026,71.02,71.6759,71.02,71.23,136500
FVAV,06-Aug-2026,10.31,10.31,10.31,10.16,0
FVC,06-Aug-2026,41.11,41.265,41.1,41.1181,2800
FVCB,06-Aug-2026,19.05,19.06,18.555,18.73,49100
FVN,06-Aug-2026,14.22,17,8.55,11.29,468300
FVNNU,06-Aug-2026,11.69,11.69,10.76,10.76,2700
FWAC,06-Aug-2026,9.9,9.9,9.89,9.89,20400
FWACR,06-Aug-2026,0.16,0.16,0.145,0.155,219900
FWACW,06-Aug-2026,0.05,0.05,0.05,0.05,300
FWDI,06-Aug-2026,4.2,4.3101,4.13,4.16,459400
FWONA,06-Aug-2026,86.24,91.77,86.24,91.26,194000
FWONK,06-Aug-2026,96.63,99.98,96.52,99.69,3030500
FWRD,06-Aug-2026,17.69,18.73,16.332,17.8,1466300
FWRG,06-Aug-2026,12.74,12.92,12.38,12.45,822700
FXACU,06-Aug-2026,10.045,10.1,10.0448,10.0935,4200
FXHO,06-Aug-2026,9.65,11.93,8.9501,10.11,333800
FXNC,06-Aug-2026,31.79,32.315,31.45,31.8,46100
FYC,06-Aug-2026,122.77,124.0299,122.07,122.23,53000
FYT,06-Aug-2026,72.92,73,72.34,72.4522,17400
FYX,06-Aug-2026,145.81,145.86,144.18,144.1973,40100
GABC,06-Aug-2026,51.33,51.46,50.6,50.79,90100
GAIA,06-Aug-2026,1.89,2.01,1.88,1.9,35500
GAIN,06-Aug-2026,16.45,17.02,16.45,16.86,285000
GAINI,06-Aug-2026,25.4599,25.46,25.39,25.4188,3500
GAINZ,06-Aug-2026,24.15,24.15,24.15,24.15,600
GALT,06-Aug-2026,3.13,3.25,3.07,3.22,511100
GAME,06-Aug-2026,0.3681,0.3939,0.36,0.36,983200
GANX,06-Aug-2026,1.78,1.855,1.73,1.78,371900
GARY,06-Aug-2026,26.695,26.695,26.6399,26.6737,4300
GASS,06-Aug-2026,8.72,8.87,8.6338,8.67,70900
GAUZ,06-Aug-2026,0.2689,0.9701,0.2601,0.425,234247600
GAVA,06-Aug-2026,15.505,15.711,15.505,15.659,2300
GBDC,06-Aug-2026,12.83,13.105,12.8,13.06,1240000
GBFH,06-Aug-2026,21.95,22.1,20.6,20.85,189400
GBLI,06-Aug-2026,28.58,28.58,27.942,27.97,4300
GBUG,06-Aug-2026,44.7,44.7,43.57,44.3404,41100
GCBC,06-Aug-2026,35.2,35.2,33.7252,34.5,50600
GCL,06-Aug-2026,0.5004,0.52,0.4995,0.518,194000
GCMG,06-Aug-2026,13.51,13.555,13.345,13.48,303100
GCT,06-Aug-2026,48,56.27,46.7001,52.4,2567500
GCTK,06-Aug-2026,0.5188,0.52,0.4329,0.4715,1755100
GDC,06-Aug-2026,1.65,1.81,1.63,1.7,187500
GDEV,06-Aug-2026,13.3963,13.3963,13.1,13.23,2300
GDEVW,06-Aug-2026,0.0035,0.0059,0.0017,0.0058,63600
GDHG,06-Aug-2026,1.32,1.34,1.3,1.33,3400
GDRX,06-Aug-2026,3.42,3.82,3.23,3.72,4400200
GDS,06-Aug-2026,31.68,32.23,31.25,31.84,959200
GDTC,06-Aug-2026,0.89,0.93,0.8029,0.8029,125800
GDYN,06-Aug-2026,7.25,7.625,7.18,7.58,2822700
GECC,06-Aug-2026,5.35,5.77,5.35,5.73,152500
GECCG,06-Aug-2026,24.9099,24.9099,24.8,24.8,1500
GECCI,06-Aug-2026,25.2,25.37,25.2,25.33,500
GEG,06-Aug-2026,2.17,2.23,2.17,2.23,3700
GEGGL,06-Aug-2026,24.8792,24.8792,24.85,24.875,4500
GEHC,06-Aug-2026,70.41,71,69.585,70.31,4351100
GELS,06-Aug-2026,0.58,0.6401,0.5702,0.574,55800
GEME,06-Aug-2026,41.87,42.46,41.71,42.1211,30500
GEMG,06-Aug-2026,6.9,7.4401,6.82,6.8828,21300
GEMI,06-Aug-2026,4.01,4.17,3.94,3.98,908000
GEN,06-Aug-2026,27.43,28.32,27.065,28.1,8066200
GENB,06-Aug-2026,14.1,14.1,13.02,13.89,842900
GENK,06-Aug-2026,2.07,2.07,1.95,2.0699,5000
GENVR,06-Aug-2026,2.5,2.53,2.18,2.53,9400
GENZ,06-Aug-2026,37.53,38.18,37.53,37.9337,4000
GEOS,06-Aug-2026,7.26,7.305,6.73,6.82,124000
GEQ,06-Aug-2026,52.1339,52.1339,52.1339,52.1339,100
GERN,06-Aug-2026,1.6,1.62,1.53,1.57,16207100
GEVG,06-Aug-2026,25.92,26.8099,25.1826,25.1826,21500
GEVO,06-Aug-2026,1.55,1.59,1.4,1.44,6836000
GEW,06-Aug-2026,56.7193,56.7193,56.7193,56.7193,100
GFAI,06-Aug-2026,0.3302,0.344,0.32,0.3235,85200
GFAIW,06-Aug-2026,0.0499,0.0499,0.0395,0.0405,400
GFGF,06-Aug-2026,36.69,36.7271,36.69,36.7271,1100
GFLW,06-Aug-2026,32.97,33.29,32.95,33.0543,89300
GFS,06-Aug-2026,48.54,52.04,47.55,50.36,4949800
GFUZ,06-Aug-2026,9,9.4,8.75,9.13,98600
GFUZW,06-Aug-2026,1.98,2.0099,1.95,1.98,28400
GGAL,06-Aug-2026,48.08,48.54,46.595,46.73,695900
GGLL,06-Aug-2026,112.38,114.55,110.02,110.53,1481300
GGLS,06-Aug-2026,55.85,56.45,55.3858,56.3,93800
GGR,06-Aug-2026,2.7,2.71,2.63,2.64,12100
GGROW,06-Aug-2026,0.0063,0.007,0.0041,0.007,10200
GGRP,06-Aug-2026,0.885,0.8866,0.84,0.8712,46800
GH,06-Aug-2026,160.43,162.5,157.11,157.58,1513600
GHRS,06-Aug-2026,29.34,30.9,28.8154,30.64,486500
GHXIU,06-Aug-2026,10.15,10.15,10.15,10.15,300
GIBO,06-Aug-2026,30.45,30.45,30.4,30.4,700
GIEQ,06-Aug-2026,42.7672,42.7672,42.7672,42.7672,100
GIFT,06-Aug-2026,0.9026,0.9084,0.885,0.8997,51000
GIGM,06-Aug-2026,1.485,1.485,1.42,1.43,6100
GIII,06-Aug-2026,36.62,36.62,35.73,35.77,354100
GILD,06-Aug-2026,133.99,134.48,129.02,130.86,9235000
GILT,06-Aug-2026,11.4,11.85,11.1,11.29,1176600
GIND,06-Aug-2026,25.1,25.1,25.005,25.005,300
GINX,06-Aug-2026,36.4,36.47,36.36,36.4113,13200
GIPR,06-Aug-2026,0.702,0.78,0.69,0.7524,65300
GIPRW,06-Aug-2026,0.0231,0.0231,0.0231,0.0231,100
GITS,06-Aug-2026,2,2.09,1.97,2.09,20300
GIX,06-Aug-2026,9.96,9.96,9.955,9.96,57100
GIXXR,06-Aug-2026,0.285,0.32,0.285,0.29,2500
GKAT,06-Aug-2026,45.2227,45.2227,45.2227,45.2227,100
GLAD,06-Aug-2026,19.21,19.76,19.145,19.51,282900
GLBE,06-Aug-2026,40.97,41.2,40.46,41.02,1180800
GLBS,06-Aug-2026,3,3.2,2.96,3.17,110800
GLCR,06-Aug-2026,24.455,24.455,24.455,24.455,100
GLDB,06-Aug-2026,20.52,20.52,20.36,20.4241,5800
GLDI,06-Aug-2026,146.37,146.79,145.78,146.12,151800
GLE,06-Aug-2026,0.3448,0.3658,0.3323,0.3543,414000
GLGG,06-Aug-2026,3.21,3.6597,3.145,3.4042,101000
GLIBA,06-Aug-2026,24.43,25.01,23.99,24.42,36300
GLIBK,06-Aug-2026,21.96,24.49,21.9,23.95,423100
GLMD,06-Aug-2026,0.5696,0.6,0.56,0.599,13400
GLND,06-Aug-2026,2.24,2.3,2.1988,2.21,447600
GLNDW,06-Aug-2026,0.85,0.86,0.69,0.718,76400
GLNG,06-Aug-2026,50.6,51.34,50.565,51.02,800400
GLOO,06-Aug-2026,3.37,3.44,3.28,3.41,142300
GLOW,06-Aug-2026,35.09,35.09,34.9599,34.9689,10900
GLPI,06-Aug-2026,44.26,44.43,43.705,43.86,1886000
GLRE,06-Aug-2026,15.99,16.185,15.6,15.64,210200
GLSI,06-Aug-2026,14.31,14.97,14.24,14.24,87600
GLUE,06-Aug-2026,15.62,16.36,15.56,15.71,1082100
GLWG,06-Aug-2026,14.2,16.47,13.85,15.12,1607500
GLXG,06-Aug-2026,1,1.1,0.9327,1.03,416200
GLXY,06-Aug-2026,18.925,20.45,18.65,19.54,8628300
GMAB,06-Aug-2026,29.5,29.86,28.47,29.83,5234300
GMEX,06-Aug-2026,1.32,1.33,1.24,1.27,214100
GMHS,06-Aug-2026,0.82,0.82,0.8,0.81,1900
GMM,06-Aug-2026,2.89,3.1,2.88,3.08,191500
GNLN,06-Aug-2026,1.96,1.9897,1.9202,1.96,5700
GNLX,06-Aug-2026,2.51,2.735,2.5,2.7,209600
GNMA,06-Aug-2026,43.74,43.74,43.4153,43.535,59800
GNOM,06-Aug-2026,55.7901,56.17,55.29,55.7053,4800
GNPX,06-Aug-2026,4.45,4.55,4,4.44,148100
GNSS,06-Aug-2026,1.72,1.79,1.715,1.76,71700
GNTA,06-Aug-2026,1.33,1.35,1.3,1.31,55400
GNTX,06-Aug-2026,24.15,24.205,23.505,23.54,1977400
GO,06-Aug-2026,9.85,9.88,9.615,9.69,2433400
GOAI,06-Aug-2026,1.93,1.93,1.73,1.77,156200
GOGO,06-Aug-2026,3.38,3.89,3.37,3.64,3573800
GOLI,06-Aug-2026,12.76,12.9142,12.7402,12.7674,10900
GOOD,06-Aug-2026,12.81,13.085,12.61,12.91,745300
GOODN,06-Aug-2026,23.57,23.57,23.57,23.57,700
GOODO,06-Aug-2026,20.625,20.74,20.625,20.685,4300
GOOG,06-Aug-2026,358.79,361.96,355.83,356.62,16513300
GOOGL,06-Aug-2026,360.77,364.1259,356.88,357.75,25235800
GOOGM,06-Aug-2026,50.89,51.26,50.5839,50.69,1113400
GOOGN,06-Aug-2026,50.81,50.91,50.36,50.48,1258100
GOSS,06-Aug-2026,0.1771,0.182,0.172,0.1784,8230600
GOU,06-Aug-2026,28.29,28.81,27.755,27.96,64600
GOVI,06-Aug-2026,26.54,26.55,26.445,26.47,69900
GOVX,06-Aug-2026,0.73,0.78,0.7201,0.7212,126400
GP,06-Aug-2026,1.5,1.55,1.45,1.47,280800
GPCR,06-Aug-2026,50.02,52.78,50.02,52.62,335500
GPIQ,06-Aug-2026,56.49,56.96,56.272,56.68,1423000
GPIX,06-Aug-2026,56.14,56.27,56.04,56.11,1516600
GPRE,06-Aug-2026,16.01,16.225,15.12,15.2,2353600
GPRF,06-Aug-2026,49.49,49.49,49.49,49.49,100
GPRO,06-Aug-2026,0.71,0.758,0.7025,0.7286,3823900
GPT,06-Aug-2026,34.3,34.3,34.1313,34.1313,300
GQQQ,06-Aug-2026,36.0051,36.03,35.8327,35.8327,8400
GRAB,06-Aug-2026,3.74,3.79,3.64,3.67,40628900
GRABW,06-Aug-2026,0.03,0.03,0.0255,0.0288,2100
GRAG,06-Aug-2026,6.36,6.46,6.21,6.325,3900
GRAL,06-Aug-2026,68,70.455,60.76,63.4,1882100
GRCE,06-Aug-2026,2.14,2.25,2.08,2.12,162600
GRDX,06-Aug-2026,2.81,2.88,2.72,2.88,38000
GREEL,06-Aug-2026,24.85,24.85,24.79,24.8,6400
GRFS,06-Aug-2026,7.95,7.95,7.8,7.83,362300
GRI,06-Aug-2026,1.52,1.55,1.47,1.55,15500
GRID,06-Aug-2026,186.04,188.45,185.03,185.59,436000
GRIN,06-Aug-2026,32.7,33.03,32.7,32.8142,28000
GRML,06-Aug-2026,0.19,0.19,0.175,0.183,3104500
GRMLW,06-Aug-2026,0.1489,0.15,0.148,0.15,2000
GRNQ,06-Aug-2026,8.75,13.19,8.75,10,16200
GROW,06-Aug-2026,3.08,3.1,3.05,3.1,13100
GRPN,06-Aug-2026,26.61,27.085,25.06,25.15,2298800
GRRR,06-Aug-2026,11.87,12.47,11.7793,12.38,749800
GRRRW,06-Aug-2026,0.12,0.165,0.1135,0.1599,10800
GRSD,06-Aug-2026,1.95,2.01,1.85,1.895,291000
GRVY,06-Aug-2026,62.44,63,60.7275,61.13,26500
GRW,06-Aug-2026,32.57,32.57,32.57,32.57,400
GRWG,06-Aug-2026,1.46,1.51,1.46,1.48,233100
GSAT,06-Aug-2026,83.24,83.56,83.16,83.24,815100
GSBC,06-Aug-2026,82.1,82.64,80.765,81.42,119800
GSGO,06-Aug-2026,44.67,45.03,44.62,44.6444,7200
GSHD,06-Aug-2026,66.95,67.04,64.58,66.66,332300
GSIB,06-Aug-2026,65.11,65.11,64.34,64.3772,8100
GSIT,06-Aug-2026,6.32,6.82,6.23,6.63,640700
GSIW,06-Aug-2026,17.46,17.46,17.46,17.46,1800
GSM,06-Aug-2026,4.12,4.23,4.0105,4.13,2809400
GSRF,06-Aug-2026,10.17,10.17,10.15,10.17,21100
GSRV,06-Aug-2026,9.85,9.85,9.85,9.85,10200
GSUN,06-Aug-2026,0.6458,0.6689,0.4566,0.5399,1669600
GT,06-Aug-2026,7.23,7.2649,6.48,6.76,18073600
GTBP,06-Aug-2026,0.3175,0.3238,0.3006,0.301,250200
GTEC,06-Aug-2026,0.5282,0.538,0.5134,0.5302,15200
GTEN,06-Aug-2026,10.5,10.5,10.5,10.5,4600
GTERR,06-Aug-2026,0.0801,0.0801,0.0801,0.0801,3500
GTERW,06-Aug-2026,0.0724,0.0725,0.055,0.0724,13500
GTIM,06-Aug-2026,1.42,1.42,1.395,1.42,170200
GTLB,06-Aug-2026,34.25,35.8332,33.8901,35.68,2822300
GTM,06-Aug-2026,3.78,4.24,3.76,4.14,16764300
GTOP,06-Aug-2026,49.6,49.6,49.22,49.284,8200
GTOQ,06-Aug-2026,22.33,22.33,22.295,22.3,1700
GTPE,06-Aug-2026,61.5532,61.5532,61.5532,61.5532,100
GTR,06-Aug-2026,27.68,27.68,27.59,27.5997,6500
GTX,06-Aug-2026,31.29,31.76,30.435,30.47,1074900
GUAC,06-Aug-2026,9.93,9.93,9.93,9.97,0
GURE,06-Aug-2026,3.0716,3.15,3.0716,3.15,600
GUSE,06-Aug-2026,46.24,46.24,46.12,46.1609,3500
GUTS,06-Aug-2026,0.6898,0.7078,0.687,0.687,764400
GVH,06-Aug-2026,0.9,1.05,0.8989,0.98,3269900
GVLE,06-Aug-2026,49.255,49.31,49.04,49.0914,3900
GWAV,06-Aug-2026,3.52,4.4342,3.475,4.3,35600
GWRS,06-Aug-2026,7.31,7.47,7.23,7.46,56200
GXAI,06-Aug-2026,0.8657,0.893,0.8402,0.8502,146400
GXDW,06-Aug-2026,24.03,24.03,23.8812,23.8812,200
GYGY,06-Aug-2026,2.85,3.7856,2.62,3.13,175300
GYRE,06-Aug-2026,6.28,6.51,6.21,6.4,49000
GYRO,06-Aug-2026,5.4001,5.4001,5.4,5.4,500
HAFC,06-Aug-2026,32.63,32.7,32.145,32.18,257500
HAIN,06-Aug-2026,0.5526,0.6196,0.55,0.5923,824800
HALO,06-Aug-2026,84.15,86,82.6,85.76,2704000
HAO,06-Aug-2026,0.1562,0.1562,0.1432,0.1499,989100
HAPN,06-Aug-2026,20.22,20.51,19.635,19.71,1259200
HAS,06-Aug-2026,92.14,92.67,90.56,91.69,1697000
HBAN,06-Aug-2026,17.71,17.77,17.3,17.36,29599600
HBANL,06-Aug-2026,25.15,25.15,25.06,25.07,24500
HBANM,06-Aug-2026,20.88,20.88,20.8089,20.88,5800
HBANP,06-Aug-2026,16.2,16.25,16.16,16.1762,37700
HBANZ,06-Aug-2026,19.65,19.65,19.6,19.6,5800
HBCP,06-Aug-2026,72.61,72.99,71.88,71.99,108800
HBDC,06-Aug-2026,24.73,24.8,24.61,24.68,5800
HBIO,06-Aug-2026,6.345,6.429,6.02,6.19,15400
HBNC,06-Aug-2026,20.82,20.835,20.46,20.48,384500
HBR,06-Aug-2026,9.39,9.45,9.2908,9.2908,26100
HBT,06-Aug-2026,36.36,36.36,35.6705,36.25,87600
HCAC,06-Aug-2026,10.07,10.07,10.065,10.07,109700
HCACR,06-Aug-2026,0.23,0.24,0.23,0.2326,13000
HCAI,06-Aug-2026,4.61,4.6999,4.16,4.59,50800
HCAT,06-Aug-2026,2.39,2.4,2.22,2.31,2268000
HCICR,06-Aug-2026,0.1601,0.1601,0.1601,0.1601,300
HCKT,06-Aug-2026,11.37,11.37,10.66,11.12,549000
HCM,06-Aug-2026,11.54,11.88,11.54,11.83,31500
HCMA,06-Aug-2026,10.27,10.27,10.27,10.27,100
HCMAU,06-Aug-2026,10.48,10.48,10.48,10.48,100
HCOW,06-Aug-2026,25.42,25.64,25.4,25.5991,8600
HCSG,06-Aug-2026,22.48,22.78,22.04,22.05,1106600
HCTI,06-Aug-2026,1.16,1.35,1.05,1.19,1568300
HCWB,06-Aug-2026,3.45,3.53,3.2,3.41,48600
HDRN,06-Aug-2026,1.71,1.71,1.65,1.67,30500
HDRNW,06-Aug-2026,0.14,0.14,0.115,0.115,6100
HDSN,06-Aug-2026,6.41,6.41,5.5204,5.655,1056700
HEAL,06-Aug-2026,27.74,27.74,27.33,27.425,3100
HECO,06-Aug-2026,64.4836,64.4836,64.4836,64.4836,200
HELE,06-Aug-2026,29.56,29.56,28.74,28.82,324800
HELP,06-Aug-2026,10.57,11.475,10.52,11.1,3619300
HEPS,06-Aug-2026,2.86,2.92,2.83,2.92,100800
HEQQ,06-Aug-2026,60.97,61.1599,60.969,61.0689,1600
HERD,06-Aug-2026,50.66,50.8899,50.66,50.81,4300
HERE,06-Aug-2026,1.88,1.92,1.87,1.91,44400
HERO,06-Aug-2026,26.17,26.77,26.17,26.445,31600
HERZ,06-Aug-2026,15.84,16.3,15.77,15.77,9600
HFBL,06-Aug-2026,23.33,23.5,23.325,23.5,400
HFFG,06-Aug-2026,1.46,1.5,1.45,1.46,161200
HFSP,06-Aug-2026,13.28,13.28,13.28,13.28,100
HFWA,06-Aug-2026,30.22,30.385,29.625,29.65,430900
HGBL,06-Aug-2026,1.04,1.06,1.0303,1.04,193400
HHS,06-Aug-2026,2.265,2.28,2.265,2.28,1000
HIDE,06-Aug-2026,24.32,24.32,24.27,24.2945,11600
HIFS,06-Aug-2026,302.67,307.33,298,299.42,35400
HIHO,06-Aug-2026,1.05,1.08,1.02,1.02,35200
HIMX,06-Aug-2026,13.57,14.34,13.3401,13.76,2493400
HIMZ,06-Aug-2026,34.2,34.37,30.66,30.9,204000
HIND,06-Aug-2026,2.13,2.14,2.13,2.14,1900
HIS,06-Aug-2026,26.43,26.43,26.3,26.355,5600
HISF,06-Aug-2026,43.96,43.988,43.93,43.93,2000
HIT,06-Aug-2026,1.16,1.165,1.1,1.12,32600
HITI,06-Aug-2026,2.25,2.34,2.25,2.29,209100
HIVE,06-Aug-2026,2.78,2.85,2.72,2.76,14953400
HKIT,06-Aug-2026,3.02,3.59,2.98,3.44,351500
HKPD,06-Aug-2026,0.4099,0.4099,0.3891,0.4097,18800
HLAL,06-Aug-2026,72.45,72.91,72.36,72.6269,52200
HLIT,06-Aug-2026,11.86,12.16,11.63,11.68,874300
HLMN,06-Aug-2026,9.22,9.26,8.995,9.07,1239300
HLNE,06-Aug-2026,100.81,101.78,98.24,98.44,669700
HLP,06-Aug-2026,1.31,1.32,1.26,1.29,45400
HLTH,06-Aug-2026,26.44,26.44,26.1,26.2282,6000
HMH,06-Aug-2026,19.48,21.71,18.74,19.93,497100
HMR,06-Aug-2026,1.19,1.22,1.1833,1.22,26800
HMYY,06-Aug-2026,6.22,6.22,6.18,6.18,6500
HNDL,06-Aug-2026,22.5,22.735,22.5,22.6483,75500
HNNA,06-Aug-2026,9.87,9.98,9.84,9.92,5800
HNRG,06-Aug-2026,14.75,15.4,14.5,14.82,501300
HNST,06-Aug-2026,4.89,5.84,4.84,5.42,20096500
HNVR,06-Aug-2026,27.09,27.5,26.68,27.1,225000
HODO,06-Aug-2026,0.6395,0.6466,0.56,0.57,203500
HODU,06-Aug-2026,9.5,9.95,9.44,9.5645,139000
HOFT,06-Aug-2026,14.71,15.4,14.54,15.16,66900
HOLO,06-Aug-2026,1.52,1.56,1.52,1.55,126400
HON,06-Aug-2026,248.96,250,239.925,240.74,5040900
HONA,06-Aug-2026,154.99,167.31,150.03,156.47,20631000
HOOD,06-Aug-2026,90.71,92.6,90.21,90.71,12443500
HOOG,06-Aug-2026,23.18,24.0811,22.8359,23.11,170700
HOOX,06-Aug-2026,26.05,27.11,26.05,26.2047,13700
HOPE,06-Aug-2026,14.16,14.195,13.93,13.96,927100
HOUR,06-Aug-2026,1.82,1.8704,1.8,1.84,10000
HOVNP,06-Aug-2026,19.75,19.785,19.71,19.785,1300
HOVR,06-Aug-2026,1.9,2.015,1.82,1.95,1689900
HOVRW,06-Aug-2026,0.3935,0.3993,0.3847,0.3946,31700
HOWL,06-Aug-2026,0.41,0.411,0.3973,0.4028,97300
HOYY,06-Aug-2026,5.12,5.1399,5.12,5.12,4700
HPAI,06-Aug-2026,0.4838,0.5122,0.4643,0.4661,27100
HPK,06-Aug-2026,6.99,7.02,6.755,6.86,510200
HQ,06-Aug-2026,14.85,15.65,14.2,14.35,100500
HQGO,06-Aug-2026,67.1208,67.2122,67.1208,67.2122,100
HQI,06-Aug-2026,13,13.85,12.71,12.75,100100
HQWWW,06-Aug-2026,5.71,6.83,5.71,5.8,59800
HQY,06-Aug-2026,104.47,105.0199,103.38,103.44,540600
HRMY,06-Aug-2026,38.31,38.8,37.74,38.75,843000
HROW,06-Aug-2026,40.15,40.645,39.25,39.92,333600
HRTS,06-Aug-2026,36.95,36.95,36.62,36.9203,3200
HRTX,06-Aug-2026,0.48,0.5246,0.48,0.499,1712600
HRZN,06-Aug-2026,4.43,4.675,4.415,4.58,800600
HSAI,06-Aug-2026,17.14,17.79,17.14,17.75,912900
HSCS,06-Aug-2026,2.21,2.25,2,2,44700
HSCSW,06-Aug-2026,0.0406,0.0406,0.0406,0.0406,100
HSDT,06-Aug-2026,1.72,1.765,1.66,1.68,35800
HSIC,06-Aug-2026,90.03,90.32,87.735,88.23,1155100
HST,06-Aug-2026,23.74,24.03,23.24,23.38,20297100
HSTM,06-Aug-2026,27.9,28.29,27.54,28.12,286400
HTCO,06-Aug-2026,3.38,3.4214,3.3,3.35,56300
HTCR,06-Aug-2026,2.65,2.6692,2.5,2.57,3200
HTFL,06-Aug-2026,27,27.5199,26.9,27.19,471000
HTHT,06-Aug-2026,42.6,42.99,42.16,42.8,1008500
HTLD,06-Aug-2026,12.64,12.779,12.26,12.29,492700
HTLM,06-Aug-2026,1.85,1.85,1.85,1.85,800
HTO,06-Aug-2026,62.27,62.45,61.195,61.78,411100
HTOO,06-Aug-2026,2.5,2.63,2.4301,2.45,5600
HTZ,06-Aug-2026,1.82,2.19,1.63,2.02,155819100
HTZWW,06-Aug-2026,0.85,1.03,0.8475,0.9605,361600
HUBC,06-Aug-2026,0.8527,1.02,0.832,0.9737,612100
HUBCW,06-Aug-2026,0.0111,0.0127,0.009,0.0127,123500
HUBCZ,06-Aug-2026,0.017,0.02,0.017,0.02,10100
HUBG,06-Aug-2026,48.04,48.67,45.705,46.23,617200
HUDI,06-Aug-2026,0.685,0.6999,0.67,0.69,4300
HUHU,06-Aug-2026,5.34,5.86,5.34,5.55,8800
HUIZ,06-Aug-2026,1.19,1.25,1.19,1.2101,5600
HUMA,06-Aug-2026,0.7042,0.73,0.6835,0.7096,1957000
HUMAW,06-Aug-2026,0.007,0.009,0.007,0.009,1200
HURA,06-Aug-2026,2.08,2.15,2.07,2.115,88200
HURC,06-Aug-2026,21.73,21.99,21.62,21.9,11400
HURN,06-Aug-2026,149.51,151.6799,147,150.1,246800
HUT,06-Aug-2026,90.25,96.51,88.01,90.65,3050800
HUTG,06-Aug-2026,15.45,17.89,15.09,15.8999,222900
HVIIR,06-Aug-2026,0.26,0.275,0.24,0.26,339900
HWBK,06-Aug-2026,39.22,40.58,39.22,40.22,18800
HWC,06-Aug-2026,78.78,79.12,77.3,77.35,638200
HWCPZ,06-Aug-2026,22.15,22.24,22.15,22.22,8600
HWH,06-Aug-2026,1.44,1.49,1.44,1.46,8400
HWIV,06-Aug-2026,26.6953,26.6953,26.6953,26.6953,100
HWKN,06-Aug-2026,135.95,137.23,129.46,130.03,140600
HWO,06-Aug-2026,26.4531,26.4531,26.4531,26.4531,100
HWSM,06-Aug-2026,31.7903,31.7903,31.7903,31.7903,100
HXHX,06-Aug-2026,0.51,0.51,0.4701,0.4732,22000
HYBI,06-Aug-2026,49.15,49.17,49.098,49.13,55000
HYDR,06-Aug-2026,43.31,44.5271,42.9557,43.27,28400
HYFM,06-Aug-2026,1.56,1.92,1.55,1.84,1446200
HYFT,06-Aug-2026,1.35,1.35,1.25,1.28,174900
HYLS,06-Aug-2026,40.69,40.7,40.62,40.65,111200
HYMC,06-Aug-2026,23.6,24.55,23.37,23.8,1332200
HYNE,06-Aug-2026,16.27,16.33,16.15,16.17,6100
HYP,06-Aug-2026,26.2,26.3,25.9301,25.9301,4500
HYPD,06-Aug-2026,2.65,2.73,2.6,2.67,108400
HYPG,06-Aug-2026,19.39,19.9438,19.33,19.8458,100900
HYPR,06-Aug-2026,0.98,1.02,0.97,0.982,384800
HYXF,06-Aug-2026,46.88,47.54,46.38,46.4195,15500
HYZD,06-Aug-2026,22.68,22.68,22.54,22.6145,96900
IACO,06-Aug-2026,9.94,9.95,9.94,9.95,34800
IACOU,06-Aug-2026,10.03,10.03,10.03,10.03,100
IACQ,06-Aug-2026,9.97,9.97,9.97,9.97,88700
IACQW,06-Aug-2026,0.5158,0.5158,0.5158,0.5158,100
IALT,06-Aug-2026,28.85,28.85,28.7,28.72,1090400
IART,06-Aug-2026,17.6,17.73,17.045,17.1,563100
IBAT,06-Aug-2026,39.88,40.895,39.88,40.194,15500
IBB,06-Aug-2026,193.7,195.07,191.35,192.97,1998300
IBBQ,06-Aug-2026,33.23,33.36,32.94,33.1079,17600
IBCP,06-Aug-2026,38.64,38.68,38.2,38.5,213900
IBEX,06-Aug-2026,36.45,37,36.31,36.96,108400
IBG,06-Aug-2026,0.95,1.08,0.925,1.08,86600
IBGA,06-Aug-2026,23.53,23.53,23.519,23.53,4400
IBGB,06-Aug-2026,23.54,23.54,23.4696,23.4696,300
IBGC,06-Aug-2026,24.14,24.145,24.03,24.0441,7100
IBGK,06-Aug-2026,22.3278,22.3278,22.3278,22.3278,100
IBGL,06-Aug-2026,23.0491,23.0491,22.949,22.949,400
IBGM,06-Aug-2026,23.918,23.918,23.84,23.85,2200
IBIO,06-Aug-2026,1.4,1.4119,1.36,1.39,424300
IBIT,06-Aug-2026,36.34,36.79,36.29,36.49,29071300
IBKR,06-Aug-2026,88.14,89.14,85.69,86.02,7292600
IBOC,06-Aug-2026,76.4,76.64,75,75.11,391800
IBOT,06-Aug-2026,67.37,67.85,67.0583,67.0583,9000
IBRX,06-Aug-2026,7.24,7.49,7.185,7.32,7786600
IBTG,06-Aug-2026,22.84,22.84,22.83,22.84,526400
IBTH,06-Aug-2026,22.33,22.33,22.31,22.32,296000
IBTI,06-Aug-2026,22.07,22.07,22.05,22.06,824300
IBTJ,06-Aug-2026,21.54,21.54,21.51,21.52,385600
IBTK,06-Aug-2026,19.4,19.4,19.37,19.375,183100
IBTL,06-Aug-2026,20,20.0089,19.965,19.97,160700
IBTM,06-Aug-2026,22.46,22.46,22.405,22.415,112500
IBTO,06-Aug-2026,23.83,23.83,23.77,23.7791,213900
IBTP,06-Aug-2026,25.03,25.035,24.969,24.9811,40800
IBTQ,06-Aug-2026,24.68,24.6868,24.615,24.625,35000
IBTR,06-Aug-2026,24.49,24.499,24.435,24.435,11500
ICCC,06-Aug-2026,10.82,11.31,10.62,11.02,41500
ICCM,06-Aug-2026,3.48,3.48,3,3.08,89000
ICFI,06-Aug-2026,86.3,86.3,83.955,85.31,395200
ICG,06-Aug-2026,0.84,0.86,0.77,0.8004,26700
ICHR,06-Aug-2026,64.51,68.28,63.03,65.33,927100
ICLN,06-Aug-2026,18.05,18.445,17.9,18.12,4710200
ICLR,06-Aug-2026,162.37,162.65,159.0707,161.17,469300
ICMB,06-Aug-2026,0.84,0.89,0.8343,0.8506,57200
ICON,06-Aug-2026,1.02,1.05,0.99,1.02,23600
ICOP,06-Aug-2026,54.21,54.84,53.81,54.07,45200
ICU,06-Aug-2026,3.15,3.155,3.02,3.05,47800
ICUCW,06-Aug-2026,0.0188,0.0199,0.0168,0.0198,25500
ICUI,06-Aug-2026,167.28,168.36,164.09,166.37,359600
IDACU,06-Aug-2026,10.13,10.13,10.1299,10.1299,1500
IDAI,06-Aug-2026,3.05,3.25,3.05,3.13,25000
IDCC,06-Aug-2026,331.57,335.97,327.05,328.41,195300
IDEF,06-Aug-2026,34.43,34.9056,34.36,34.5,374200
IDN,06-Aug-2026,3.86,3.86,3.76,3.79,131400
IDVY,06-Aug-2026,27.065,27.065,27.065,27.065,100
IDXX,06-Aug-2026,585.88,591.8,574.985,590,644200
IDYA,06-Aug-2026,36.07,36.9149,36,36.24,497700
IEF,06-Aug-2026,93.15,93.185,92.9,92.95,4831900
IEI,06-Aug-2026,116.49,116.5,116.275,116.33,1242200
IEP,06-Aug-2026,7.53,7.69,7.5,7.63,733600
IESC,06-Aug-2026,776.86,811.8499,763.97,768.43,175500
IEUS,06-Aug-2026,73.596,73.596,73.265,73.265,1000
IFBD,06-Aug-2026,1.07,1.12,1.055,1.055,5300
IFGL,06-Aug-2026,22.95,23.07,22.84,22.96,20300
IFLO,06-Aug-2026,35.36,35.49,35.28,35.3788,33900
IFRX,06-Aug-2026,1.77,1.86,1.709,1.72,538600
IFV,06-Aug-2026,25.985,26.11,25.83,25.9253,18100
IGACR,06-Aug-2026,0.19,0.19,0.19,0.19,500
IGF,06-Aug-2026,66.41,66.49,65.86,66.04,977900
IGIB,06-Aug-2026,52.33,52.35,52.24,52.29,1884000
IGIC,06-Aug-2026,27.09,27.45,26.365,27,154600
IGOV,06-Aug-2026,41.4,41.44,41.225,41.27,188000
IGSB,06-Aug-2026,52.07,52.08,52.03,52.06,2359100
IHRT,06-Aug-2026,3.84,3.965,3.72,3.8,272500
III,06-Aug-2026,4.45,5.01,4.435,5,743900
IIIV,06-Aug-2026,22.22,22.49,21.82,21.96,399600
IJT,06-Aug-2026,177.59,178.01,175.85,175.95,412800
IKT,06-Aug-2026,2.39,2.49,2.385,2.41,422900
ILAG,06-Aug-2026,3.16,3.16,3.1424,3.1424,500
ILIT,06-Aug-2026,14.44,14.6,14.418,14.4776,4800
ILLR,06-Aug-2026,1.16,1.23,1.15,1.2,110100
ILLU,06-Aug-2026,9.92,9.92,9.92,9.92,40400
ILMN,06-Aug-2026,196.73,196.73,187.05,193.72,4276100
ILPT,06-Aug-2026,8.78,8.78,8.46,8.61,445600
IMA,06-Aug-2026,5.72,5.72,5.32,5.63,21600
IMCC,06-Aug-2026,0.12,0.125,0.1142,0.1234,428900
IMCR,06-Aug-2026,32.84,34.58,32.47,34.5,572900
IMCV,06-Aug-2026,97.01,97.01,96.065,96.3171,13900
IMDX,06-Aug-2026,4.92,5.06,4.66,4.8,137400
IMKTA,06-Aug-2026,87.42,89.465,86.32,86.71,169600
IMMP,06-Aug-2026,0.393,0.4144,0.3701,0.3751,127400
IMMR,06-Aug-2026,7.62,7.71,7.34,7.4,600200
IMMX,06-Aug-2026,9.52,10.1009,9.52,10.06,1220400
IMNM,06-Aug-2026,25.44,26.42,25.315,25.82,860100
IMNN,06-Aug-2026,1.6769,1.6769,1.55,1.58,38400
IMOM,06-Aug-2026,41.31,41.58,41.2252,41.32,7700
IMOS,06-Aug-2026,51.92,53.53,51.553,52.62,56800
IMPP,06-Aug-2026,4.72,4.76,4.6,4.65,199200
IMPPP,06-Aug-2026,25.7084,25.7084,25.7084,25.7084,100
IMRN,06-Aug-2026,1.09,1.1,1.0353,1.1,12100
IMRX,06-Aug-2026,4.64,4.72,4.3501,4.46,772300
IMSR,06-Aug-2026,5.12,5.48,5.08,5.36,979300
IMSRW,06-Aug-2026,2.71,2.71,2.29,2.5,26100
IMTE,06-Aug-2026,0.4901,0.5,0.4744,0.495,6200
IMTX,06-Aug-2026,9.86,9.8711,9.38,9.42,320900
IMUX,06-Aug-2026,14.01,14.835,13.86,14.54,145900
IMVT,06-Aug-2026,37.98,39.85,37.98,39.74,917900
IMXI,06-Aug-2026,12.35,12.35,12.16,12.19,246400
INAB,06-Aug-2026,0.9888,0.9888,0.9,0.9699,76800
INAC,06-Aug-2026,10.33,10.33,10.33,10.33,200
INACR,06-Aug-2026,0.117,0.117,0.1161,0.117,7300
INBK,06-Aug-2026,29.53,29.67,28.95,29.26,25000
INBKZ,06-Aug-2026,25.3,25.498,25.205,25.2901,4600
INBS,06-Aug-2026,1.81,2,1.8,1.99,41400
INBX,06-Aug-2026,83.83,87.74,83.83,85.79,87600
INCR,06-Aug-2026,0.9621,0.9621,0.9253,0.9253,1800
INCY,06-Aug-2026,119.8,120.29,115.77,118.38,2390400
IND,06-Aug-2026,23.21,23.33,23.21,23.31,800
INDB,06-Aug-2026,85.95,86.235,83.91,83.98,367100
INDH,06-Aug-2026,39.6381,39.6381,39.6381,39.6381,100
INDI,06-Aug-2026,3.35,3.555,3.29,3.43,7455300
INDP,06-Aug-2026,1.33,1.39,1.19,1.25,247800
INDQ,06-Aug-2026,26.7122,26.7122,26.7122,26.7122,100
INDV,06-Aug-2026,39.04,39.735,38.53,38.67,2676300
INDY,06-Aug-2026,44.26,44.29,44.065,44.09,100800
INEO,06-Aug-2026,0.6394,0.6394,0.6,0.6219,11600
INGN,06-Aug-2026,6.61,6.715,6.45,6.49,283300
INHD,06-Aug-2026,8.7,10.18,8.43,8.93,520500
INIO,06-Aug-2026,26.02,27.18,25.23,25.97,3276300
INKT,06-Aug-2026,11.7,11.97,11,11,18800
INLF,06-Aug-2026,5.22,5.81,4.74,5.44,991900
INM,06-Aug-2026,1.42,1.46,1.4,1.43,43300
INMB,06-Aug-2026,1.86,1.94,1.84,1.91,244500
INMD,06-Aug-2026,15.24,15.2899,15.06,15.12,498700
INNV,06-Aug-2026,11.01,11.0207,10.7,10.98,146200
INO,06-Aug-2026,0.6738,0.6849,0.66,0.6738,1731500
INOD,06-Aug-2026,67.88,71.62,65.35,65.48,2858900
INRO,06-Aug-2026,37.06,37.06,36.9041,36.9041,900
INSE,06-Aug-2026,6.99,6.99,6.4927,6.62,147700
INSG,06-Aug-2026,5.8,5.94,4.7701,5.305,1926600
INSM,06-Aug-2026,128.22,137.7,126.15,132.55,12036100
INTA,06-Aug-2026,35.92,36.63,34.835,36.36,1009000
INTC,06-Aug-2026,98.22,103.3799,95.6,99.81,78088100
INTG,06-Aug-2026,31.14,31.15,29.75,30.345,64000
INTJ,06-Aug-2026,2.66,3.08,2.66,2.89,15700
INTR,06-Aug-2026,5.47,5.795,5.32,5.72,7771700
INTS,06-Aug-2026,4.21,4.34,4.21,4.25,12300
INTU,06-Aug-2026,319.7,322.65,316.05,321.91,2956500
INTW,06-Aug-2026,22.75,25.13,21.485,23.41,3462600
INTZ,06-Aug-2026,0.76,0.7925,0.7504,0.76,93700
INV,06-Aug-2026,3.35,3.635,3.3,3.48,933000
INVA,06-Aug-2026,21.13,22.09,20.7436,21.11,1311000
INVE,06-Aug-2026,2.58,2.68,2.54,2.55,177500
INVZ,06-Aug-2026,0.4011,0.4349,0.3931,0.4096,5698000
IOND,06-Aug-2026,53.34,60.7637,53.11,58.65,942800
IONL,06-Aug-2026,14.96,15.21,13.68,13.68,1043000
IONR,06-Aug-2026,3.51,3.58,3.41,3.49,110700
IONS,06-Aug-2026,54.59,55.42,54.015,54.49,2592300
IONX,06-Aug-2026,27.38,28.0999,25.26,25.26,951800
IONZ,06-Aug-2026,3.18,3.47,3.09,3.46,7982100
IOSP,06-Aug-2026,92.5,94.165,90.93,91.53,285500
IOTR,06-Aug-2026,2.94,2.94,2.8,2.88,4600
IOVA,06-Aug-2026,5.95,6.39,5.63,6.21,73430600
IOYY,06-Aug-2026,6.78,6.8,6.77,6.8,45700
IPAR,06-Aug-2026,123.91,125.14,118.71,119,317600
IPCX,06-Aug-2026,4.86,5.11,4.4,4.65,130500
IPCXR,06-Aug-2026,0.35,0.373,0.33,0.33,5400
IPCXU,06-Aug-2026,5.8,5.8,5.8,5.8,344
IPDN,06-Aug-2026,0.4199,0.4348,0.3901,0.4278,21000
IPEX,06-Aug-2026,10.52,10.53,10.52,10.52,10000
IPEXR,06-Aug-2026,0.5318,0.534,0.51,0.51,2200
IPFX,06-Aug-2026,10.13,10.13,10.095,10.1,6300
IPFXW,06-Aug-2026,1.38,1.425,1.36,1.41,7000
IPGP,06-Aug-2026,89.96,92.71,86.37,86.7,593300
IPHA,06-Aug-2026,1.775,1.785,1.6,1.785,3300
IPKW,06-Aug-2026,61.36,61.4591,61.1575,61.2487,38100
IPM,06-Aug-2026,1.815,1.82,1.815,1.82,700
IPSC,06-Aug-2026,1.99,2,1.885,1.9,594300
IPST,06-Aug-2026,2.25,2.25,2.15,2.165,8100
IPVVU,06-Aug-2026,9.91,9.93,9.9,9.91,5700
IPW,06-Aug-2026,0.3501,0.399,0.3313,0.3755,2299000
IPWR,06-Aug-2026,4.13,4.4,4.03,4.27,110900
IPX,06-Aug-2026,23.6,24.2,23.165,23.87,224000
IQ,06-Aug-2026,1.28,1.31,1.26,1.29,3944000
IQMX,06-Aug-2026,9.01,9.3862,9,9.13,230600
IQMXW,06-Aug-2026,2.19,2.345,2.19,2.32,8700
IQQ,06-Aug-2026,24.05,24.329,23.97,24.18,632900
IQQQ,06-Aug-2026,47.87,48.4799,47.82,48.2,40000
IQST,06-Aug-2026,1.09,1.12,1.07,1.07,1012500
IRD,06-Aug-2026,3.74,3.96,3.55,3.72,681100
IRDM,06-Aug-2026,48.47,49.905,48,48.31,776100
IREG,06-Aug-2026,7.06,8.28,6.97,7.3,622400
IREN,06-Aug-2026,37.26,40.4695,37.08,37.93,31456900
IRHO,06-Aug-2026,10.01,10.01,10.01,10.01,32300
IRHOR,06-Aug-2026,0.1706,0.1706,0.1706,0.1706,500
IRIX,06-Aug-2026,0.8342,0.8448,0.824,0.8396,12800
IRMD,06-Aug-2026,92.67,93.17,90.14,91.21,94400
IRON,06-Aug-2026,79.66,80.99,76.57,77.44,323900
IRTC,06-Aug-2026,122.82,128.48,122.11,128.12,1206100
IRWD,06-Aug-2026,4.16,4.375,3.92,4.26,3361900
ISBA,06-Aug-2026,41.14,41.45,40.305,40.81,50000
ISHG,06-Aug-2026,75.4687,75.4687,75.1528,75.255,19600
ISHP,06-Aug-2026,36.3084,36.3084,36.3084,36.3084,100
ISNRU,06-Aug-2026,10.04,10.05,10.02,10.05,300
ISPC,06-Aug-2026,1.77,2.25,1.77,2.2,342300
ISPR,06-Aug-2026,1.6,1.8899,1.6,1.66,42900
ISRG,06-Aug-2026,374.39,378.6399,371.68,373.71,2594500
ISSC,06-Aug-2026,20.41,21.72,20.37,20.51,197500
ISTB,06-Aug-2026,47.97,47.98,47.93,47.93,344200
ISTM,06-Aug-2026,30.465,30.485,30.34,30.485,1800
ISTR,06-Aug-2026,30.68,30.68,30.05,30.12,82400
ISUL,06-Aug-2026,14.27,14.5,14.046,14.1633,51700
ITG,06-Aug-2026,12.8,13.49,12.68,13.33,146700
ITIC,06-Aug-2026,292.44,295.89,279.67,295.43,228300
ITOC,06-Aug-2026,0.29,0.2923,0.2841,0.2898,82900
ITRI,06-Aug-2026,104.89,106.13,102.29,102.82,571400
ITRN,06-Aug-2026,55.65,56.5454,54.28,54.36,95200
IUS,06-Aug-2026,69.41,69.41,68.9799,69.1389,39600
IUSB,06-Aug-2026,45.51,45.52,45.43,45.45,3792300
IUSG,06-Aug-2026,192.71,194.085,192.39,192.83,474600
IUSV,06-Aug-2026,114.33,114.475,113.45,113.6638,446500
IVA,06-Aug-2026,4.77,4.84,4.57,4.66,380600
IVAL,06-Aug-2026,36.59,36.63,36.49,36.5052,6200
IVDA,06-Aug-2026,0.2942,0.2997,0.28,0.2979,286800
IVDAW,06-Aug-2026,0.0279,0.0279,0.0249,0.025,8700
IVF,06-Aug-2026,1.13,1.13,1.01,1.04,47900
IVSI,06-Aug-2026,29.8543,29.8543,29.8543,29.8543,100
IVSS,06-Aug-2026,30.99,30.99,30.88,30.8854,1200
IVSX,06-Aug-2026,25.58,25.58,25.5487,25.5487,300
IVVD,06-Aug-2026,0.6102,0.6701,0.6088,0.659,3265200
IXHL,06-Aug-2026,3.04,3.15,3.0201,3.11,74200
IXUS,06-Aug-2026,96.41,96.92,96.22,96.37,1432900
IZEA,06-Aug-2026,3.49,3.495,3.37,3.37,30000
IZM,06-Aug-2026,0.2599,0.27,0.2442,0.2541,155800
JAB,06-Aug-2026,9.9,9.91,9.9,9.9,321400
JABRR,06-Aug-2026,0.15,0.15,0.15,0.15,200000
JABRU,06-Aug-2026,10.0762,10.0762,10.0762,10.0762,200
JABRW,06-Aug-2026,0.04,0.05,0.0399,0.0401,493400
JACK,06-Aug-2026,17.93,18.38,17.1501,17.38,695100
JAGX,06-Aug-2026,1.06,1.06,0.9301,0.9394,102900
JAKK,06-Aug-2026,25.9,25.98,25.36,25.47,78200
JANX,06-Aug-2026,15.99,16.39,15.93,16.1,540800
JAPN,06-Aug-2026,25.74,25.7776,25.66,25.68,9600
JAZZ,06-Aug-2026,262.44,264.03,255.69,256.65,804400
JBDI,06-Aug-2026,1.33,1.44,1.33,1.42,8000
JBHT,06-Aug-2026,272.56,275.09,267.03,267.25,492800
JBIO,06-Aug-2026,21.75,23,21.54,22.24,1112700
JBLU,06-Aug-2026,6.345,6.425,6.12,6.19,22580800
JBSS,06-Aug-2026,85.46,85.52,83.43,83.47,148500
JCAP,06-Aug-2026,20.44,21.14,20.42,20.91,827400
JCSE,06-Aug-2026,1.42,1.43,1.41,1.43,2200
JCTC,06-Aug-2026,2.8,2.8299,2.7563,2.8,14900
JD,06-Aug-2026,32.56,32.83,32.22,32.81,4320200
JDOC,06-Aug-2026,61.1747,61.1747,61.1747,61.1747,100
JDZG,06-Aug-2026,3.56,3.7898,3.2,3.59,177700
JEM,06-Aug-2026,4.86,4.88,4.12,4.72,85000
JEMA,06-Aug-2026,60.19,60.9399,60.12,60.5,115800
JEPQ,06-Aug-2026,59.07,59.52,58.87,59.34,4746200
JF,06-Aug-2026,0.914,0.915,0.9,0.91,15600
JFB,06-Aug-2026,4.42,4.8,4.33,4.4,410300
JFIN,06-Aug-2026,2.76,2.76,2.42,2.555,16700
JFU,06-Aug-2026,2.4664,2.4664,2.4664,2.4664,700
JG,06-Aug-2026,4.64,4.8,4.3,4.78,4400
JGLO,06-Aug-2026,74.1,74.2899,73.8,73.94,447200
JHAI,06-Aug-2026,34.19,34.24,33.9513,33.9513,4000
JIVE,06-Aug-2026,96.87,97.1699,96.63,96.74,336300
JJSF,06-Aug-2026,87.42,92.22,87.225,91.86,661700
JKHY,06-Aug-2026,152.88,157.17,151.62,156.94,1112500
JL,06-Aug-2026,5.77,5.77,5.0618,5.4,2800
JLHL,06-Aug-2026,8.34,8.9299,7.8,8.6,756500
JLVP,06-Aug-2026,50.9991,51.1,50.9991,51.0985,2100
JMID,06-Aug-2026,31.595,31.5958,31.59,31.5958,500
JMSB,06-Aug-2026,23.93,23.93,23.29,23.35,24800
JOUT,06-Aug-2026,48.76,48.895,47.34,47.55,41200
JOYT,06-Aug-2026,59.035,59.16,58.94,59.075,5200
JOYY,06-Aug-2026,74.8,75.57,74.3006,74.73,180400
JPEF,06-Aug-2026,82.48,82.7199,82.23,82.3213,69000
JPFP,06-Aug-2026,50.85,50.8999,50.85,50.8999,200
JPY,06-Aug-2026,38.27,38.27,38.0501,38.1046,3200
JRSH,06-Aug-2026,4.82,5.06,4.72,5.03,115900
JRVR,06-Aug-2026,4.71,4.8,4.68,4.79,140500
JSM,06-Aug-2026,17.61,17.82,17.6,17.82,16900
JSMD,06-Aug-2026,96.11,96.6999,95.29,95.3845,75800
JSML,06-Aug-2026,90.74,91.7233,90.27,90.6063,21300
JSPR,06-Aug-2026,0.6402,0.7199,0.63,0.6461,650900
JSPRW,06-Aug-2026,0.0123,0.0123,0.0123,0.0123,212
JTAI,06-Aug-2026,2.11,2.11,1.93,1.94,126700
JTEK,06-Aug-2026,97.74,99.99,97.57,99.1185,193100
JUNS,06-Aug-2026,0.0789,0.0789,0.072,0.0751,1580400
JVA,06-Aug-2026,3.46,3.51,3.41,3.5,53200
JWEL,06-Aug-2026,1.66,1.66,1.63,1.63,1800
JYD,06-Aug-2026,0.84,0.882,0.816,0.8201,18700
JYNT,06-Aug-2026,8.37,8.37,8.17,8.22,93400
JZ,06-Aug-2026,2.79,2.875,2.42,2.53,69100
JZXN,06-Aug-2026,1.59,1.95,1.51,1.56,1376700
KALA,06-Aug-2026,0.73,0.7511,0.7065,0.7368,47700
KALU,06-Aug-2026,176.16,178.815,170.7,170.98,190400
KARD,06-Aug-2026,20.33,20.62,20.03,20.36,249100
KARO,06-Aug-2026,63.05,63.74,61.63,63.65,124700
KAT,06-Aug-2026,58.065,58.084,57.8501,58.084,1300
KAZR,06-Aug-2026,2.21,2.2504,2.11,2.13,69600
KBAB,06-Aug-2026,9.1052,9.18,9,9.1496,37000
KBDU,06-Aug-2026,17.29,17.3795,17.29,17.3795,200
KBON,06-Aug-2026,10.09,10.09,10.09,10.09,30000
KBSX,06-Aug-2026,0.985,1,0.94,0.94,6600
KBWB,06-Aug-2026,99.37,99.425,97.22,97.47,1112000
KBWD,06-Aug-2026,12.27,12.41,12.235,12.3737,851600
KBWP,06-Aug-2026,136.355,136.8008,135.7301,136.8008,5300
KBWY,06-Aug-2026,18.3,18.34,18,18.03,222500
KC,06-Aug-2026,12.14,12.185,11.96,12.15,974000
KCHV,06-Aug-2026,10.4,10.41,10.4,10.41,102200
KCHVR,06-Aug-2026,0.1775,0.1775,0.1775,0.1775,300
KCHVU,06-Aug-2026,10.54,10.9,10.54,10.9,1100
KDK,06-Aug-2026,4.23,4.51,4.17,4.36,1306500
KDKRW,06-Aug-2026,0.75,0.77,0.7422,0.77,22500
KDP,06-Aug-2026,32.5,33.14,30.23,30.37,17750700
KE,06-Aug-2026,26.68,27.2099,26.21,26.4,179400
KEAT,06-Aug-2026,33.5015,33.5015,33.5015,33.5015,6400
KEEL,06-Aug-2026,3.79,3.96,3.71,3.82,23460400
KELYA,06-Aug-2026,17.75,17.75,15.205,15.62,629100
KELYB,06-Aug-2026,24,24.75,23.125,23.125,1000
KEQU,06-Aug-2026,34.95,37.88,34.95,37.88,5900
KEYY,06-Aug-2026,9.88,9.88,9.84,9.85,28800
KEYYW,06-Aug-2026,0.3612,0.3613,0.3612,0.3613,400
KFFB,06-Aug-2026,5.62,5.62,5.62,5.62,200
KFII,06-Aug-2026,10.63,10.63,10.63,10.63,400
KFIIR,06-Aug-2026,0.12,0.1275,0.12,0.12,32500
KG,06-Aug-2026,9.4,9.49,8.55,8.91,6900
KGEI,06-Aug-2026,4.97,5.17,4.9153,5.1,96800
KHC,06-Aug-2026,25.77,25.97,24.64,24.96,24878100
KIDS,06-Aug-2026,22.62,23.16,21.91,22.83,394800
KIDZ,06-Aug-2026,0.4282,0.4283,0.398,0.42,2008900
KIDZW,06-Aug-2026,0.0151,0.0156,0.013,0.0132,18900
KINS,06-Aug-2026,20.58,20.9,20.51,20.8,157800
KIQQ,06-Aug-2026,24.78,24.87,24.7224,24.7224,3000
KITT,06-Aug-2026,1,1.08,0.9901,1.07,225600
KITTW,06-Aug-2026,0.014,0.014,0.012,0.0132,44900
KJD,06-Aug-2026,22.7113,22.7113,22.7113,22.7113,100
KLAC,06-Aug-2026,189.59,198.32,185.77,193.22,13257300
KLAG,06-Aug-2026,26.76,29.35,26.1516,28.1108,52500
KLIC,06-Aug-2026,89.315,94.25,82.67,90.66,1387100
KLRA,06-Aug-2026,17.96,18.9,17.95,18.87,178300
KLRS,06-Aug-2026,4.19,4.305,4.095,4.19,55600
KLTR,06-Aug-2026,1.91,1.99,1.7,1.72,2381400
KLXE,06-Aug-2026,2.08,2.28,2.07,2.15,300500
KMB,06-Aug-2026,112.59,112.7,108.1,108.66,3895800
KMDA,06-Aug-2026,7.14,7.255,7.09,7.14,42500
KMLI,06-Aug-2026,9.43,9.65,8.85,9.3632,229100
KMRK,06-Aug-2026,1.17,1.28,1.14,1.23,132600
KMTS,06-Aug-2026,24.55,25.46,24.33,25.27,184800
KNDI,06-Aug-2026,0.69,0.7,0.6674,0.6997,86400
KNGZ,06-Aug-2026,41.95,41.995,41.88,41.8995,3900
KNSA,06-Aug-2026,77.88,78.7999,75.74,76.51,353300
KOD,06-Aug-2026,43.66,46.15,43.44,45.4,638800
KOID,06-Aug-2026,38.49,39.0687,38.23,38.43,80100
KOPN,06-Aug-2026,3.85,4.21,3.79,4.08,3114600
KOSS,06-Aug-2026,3.68,3.766,3.6798,3.73,7200
KPDD,06-Aug-2026,6.27,6.37,6.17,6.355,42400
KPLT,06-Aug-2026,6.49,6.5,6.205,6.46,23700
KPRX,06-Aug-2026,2.53,2.565,2.52,2.56,13400
KPTI,06-Aug-2026,1.88,2.005,1.88,1.95,1189100
KQQQ,06-Aug-2026,29.46,29.4614,29.1,29.35,23100
KRAQ,06-Aug-2026,9.99,10.01,9.99,10,51500
KRKR,06-Aug-2026,2.85,2.98,2.85,2.97,1300
KRMD,06-Aug-2026,3.855,3.89,3.21,3.56,1075100
KRNT,06-Aug-2026,16.73,17.0201,16.6,16.65,159500
KRNY,06-Aug-2026,9.77,9.77,9.54,9.59,495600
KROP,06-Aug-2026,34.89,35.0085,34.89,35.0085,400
KROS,06-Aug-2026,9.97,10.71,9.97,10.65,386600
KRRO,06-Aug-2026,11.5,12.24,11.38,12.12,173100
KRT,06-Aug-2026,42.5,42.73,42.11,42.37,115200
KRUS,06-Aug-2026,48.78,49.94,48.22,48.56,153700
KRYS,06-Aug-2026,323.46,329.52,320.94,322.69,206200
KSCP,06-Aug-2026,1.54,1.6199,1.53,1.53,485000
KSPI,06-Aug-2026,93.1,93.5,91.33,91.8,643800
KTCC,06-Aug-2026,4.0699,4.2086,4.045,4.12,9000
KTOS,06-Aug-2026,54.41,59.095,54.04,57.41,5267500
KTTA,06-Aug-2026,0.4365,0.4693,0.4365,0.4436,86200
KURA,06-Aug-2026,9.16,9.59,9.16,9.28,844100
KUST,06-Aug-2026,1.34,1.44,1.2,1.28,911500
KVHI,06-Aug-2026,8.38,9.3,7.865,8.29,475000
KWM,06-Aug-2026,2.12,2.57,2.09,2.5,210500
KWMWW,06-Aug-2026,0.0071,0.0082,0.0071,0.0082,1200
KXIN,06-Aug-2026,4.85,5.5,4.8,5.44,58400
KYIV,06-Aug-2026,13.3,13.6399,13.16,13.37,493700
KYMR,06-Aug-2026,105,107.04,103.37,106.41,510900
KYNB,06-Aug-2026,6.93,7.1095,6.93,6.9805,1500
KYTX,06-Aug-2026,7.64,7.84,7.55,7.75,505200
KZIA,06-Aug-2026,11.9,12.79,11.9,12.33,250700
LAB,06-Aug-2026,0.77,0.804,0.7674,0.8001,1107300
LABT,06-Aug-2026,2.26,2.355,2.13,2.23,102600
LAES,06-Aug-2026,2.46,2.536,2.392,2.49,8717900
LAFA,06-Aug-2026,10.13,10.13,10.13,10.13,30000
LAKE,06-Aug-2026,12.3,12.7,11.77,11.87,93700
LAMR,06-Aug-2026,158.23,163.94,157.62,160,1014500
LAND,06-Aug-2026,8.27,8.385,8.2699,8.34,537300
LANDO,06-Aug-2026,21.99,22.015,21.84,21.92,9100
LANDP,06-Aug-2026,21.42,21.4742,21.2501,21.38,34500
LARK,06-Aug-2026,31.51,32.11,31.4,32.11,12600
LASE,06-Aug-2026,1.1,1.175,1.085,1.15,1521100
LASR,06-Aug-2026,74.32,78.45,72,75.44,1175100
LAUR,06-Aug-2026,38.05,38.05,36.74,37.31,1003300
LBGJ,06-Aug-2026,3.5,7.67,3.3501,4.12,7194500
LBRDA,06-Aug-2026,36.02,37.13,35.73,37.09,152000
LBRDK,06-Aug-2026,35.99,37.12,35.76,37.04,1157100
LBRDP,06-Aug-2026,21.6,21.7797,21.4,21.7797,11700
LBRX,06-Aug-2026,45,48.55,44.53,48.18,465600
LBTYA,06-Aug-2026,10.71,10.875,10.7,10.78,1915800
LBTYB,06-Aug-2026,12.21,12.3,12.2,12.29,1300
LBTYK,06-Aug-2026,10.5,10.595,10.39,10.49,1065700
LCCC,06-Aug-2026,10.48,10.48,10.48,10.48,500
LCCCU,06-Aug-2026,10.5,10.5,10.5,10.5,100
LCDS,06-Aug-2026,74.05,74.1,74.04,74.0878,1200
LCFY,06-Aug-2026,2.33,2.33,2.25,2.25,3100
LCID,06-Aug-2026,6.66,7.12,6.6,6.98,9527000
LCNB,06-Aug-2026,19.95,20.085,19.56,20.01,57600
LCUT,06-Aug-2026,9.27,10.0299,8.0785,8.7,478900
LDEM,06-Aug-2026,60.4273,60.4273,60.4273,60.4273,100
LDRX,06-Aug-2026,36.72,36.8,36.72,36.7316,3500
LDSF,06-Aug-2026,18.91,18.94,18.85,18.8646,14900
LE,06-Aug-2026,12.91,13.045,12.71,12.92,139700
LECO,06-Aug-2026,281.08,283.3499,277.57,278.91,223600
LEDS,06-Aug-2026,2.06,2.15,2.02,2.13,31100
LEE,06-Aug-2026,8.1,8.16,7.92,8.12,47400
LEGH,06-Aug-2026,29,30,27.76,28.9,237000
LEGN,06-Aug-2026,19.05,19.88,19.05,19.28,2072900
LEGR,06-Aug-2026,66.1785,66.29,66.1757,66.1757,600
LEND,06-Aug-2026,24.875,24.89,24.835,24.845,39600
LENZ,06-Aug-2026,5.34,5.4537,5.16,5.22,535000
LESL,06-Aug-2026,1.55,1.5752,1.37,1.52,824400
LEXI,06-Aug-2026,40.99,40.99,40.84,40.8488,7800
LEXX,06-Aug-2026,5.6,5.735,5.325,5.34,16100
LFCR,06-Aug-2026,4.49,4.9226,4.455,4.84,246700
LFMD,06-Aug-2026,3.22,3.635,3,3.4,4975500
LFMDP,06-Aug-2026,23.54,23.54,23.24,23.24,2700
LFS,06-Aug-2026,2.27,2.55,2.26,2.45,143200
LFSC,06-Aug-2026,46.71,46.71,46.2,46.26,6000
LFST,06-Aug-2026,10.99,10.99,10.08,10.66,9143100
LFTO,06-Aug-2026,25.33,25.4,21.6,23.33,1185200
LFUS,06-Aug-2026,460.33,474.97,457.5,459.24,124000
LFVN,06-Aug-2026,6.61,6.66,6.45,6.58,46800
LFWD,06-Aug-2026,7.1701,7.4,7.1701,7.4,2900
LGCF,06-Aug-2026,37.7075,37.7075,37.7075,37.7075,100
LGCL,06-Aug-2026,1.33,1.36,1.3,1.32,71900
LGDS,06-Aug-2026,49.905,50.12,49.695,49.7893,22300
LGHL,06-Aug-2026,0.8999,0.99,0.8745,0.965,912300
LGIH,06-Aug-2026,61.84,61.84,58.3,59.18,228600
LGN,06-Aug-2026,65.55,67.28,63.33,63.57,492800
LGND,06-Aug-2026,306.08,317.49,297.3075,300.14,393700
LGO,06-Aug-2026,0.67,0.7129,0.66,0.6683,439900
LGRO,06-Aug-2026,46.25,46.45,46.25,46.3939,2900
LGVN,06-Aug-2026,0.76,0.7898,0.75,0.7735,220500
LHAI,06-Aug-2026,0.8122,0.87,0.7586,0.8447,153200
LHSW,06-Aug-2026,2.59,2.82,2.55,2.79,73700
LI,06-Aug-2026,12.64,12.73,12.55,12.69,2879000
LICN,06-Aug-2026,1.14,1.25,1.1301,1.19,138400
LIDR,06-Aug-2026,1.25,1.28,1.19,1.22,3915600
LIDRW,06-Aug-2026,0.01,0.01,0.0081,0.0085,12900
LIEN,06-Aug-2026,9.39,9.61,9.36,9.38,54400
LIF,06-Aug-2026,59.9,60.93,58.642,59.69,479100
LIFE,06-Aug-2026,25.75,31.7596,25.75,29.805,2630800
LILA,06-Aug-2026,8.69,8.88,8.2,8.7,878700
LILAK,06-Aug-2026,8.5,8.8394,8.08,8.56,2223600
LILAP,06-Aug-2026,20.07,20.4236,20,20.29,246000
LIME,06-Aug-2026,36.37,38.56,35.0001,36.56,559200
LIMN,06-Aug-2026,0.1013,0.1052,0.096,0.0989,2141200
LIMNW,06-Aug-2026,0.0662,0.0662,0.0662,0.0662,500
LIN,06-Aug-2026,497.93,499.18,489.35,490.11,2062500
LINC,06-Aug-2026,42.395,42.395,36.36,39.33,1891100
LIND,06-Aug-2026,34.56,34.72,33.81,34.07,531400
LINE,06-Aug-2026,41.16,42.715,40.605,40.64,1484400
LINK,06-Aug-2026,4.54,4.63,4.49,4.57,2800
LINT,06-Aug-2026,115.87,126.86,109.6043,119.9262,66700
LIQT,06-Aug-2026,0.6466,0.68,0.61,0.6101,101900
LITE,06-Aug-2026,808.53,881.79,793.0001,838.06,4140100
LITP,06-Aug-2026,10.51,10.7413,10.49,10.69,16900
LITS,06-Aug-2026,0.9502,0.9838,0.92,0.929,117500
LIVE,06-Aug-2026,9.75,10.095,9.275,9.64,7400
LIVN,06-Aug-2026,77.55,78.18,75.28,75.78,932400
LKFN,06-Aug-2026,63.4,63.46,62.24,62.31,124300
LKFT,06-Aug-2026,26.09,26.2,25.68,26.13,361300
LKQ,06-Aug-2026,24.15,24.595,23.78,24.47,4455100
LKSP,06-Aug-2026,10.18,10.19,10.18,10.18,132400
LKSPU,06-Aug-2026,10.3,10.3,10.3,10.3,100
LLYVA,06-Aug-2026,99.66,100.515,99.015,99.61,95900
LLYVK,06-Aug-2026,103.25,104.13,102.77,103.73,269000
LMAT,06-Aug-2026,80.64,82.28,79.26,80.82,666500
LMB,06-Aug-2026,49.73,50.465,47.36,47.93,953800
LMBS,06-Aug-2026,49.62,49.729,49.57,49.59,336100
LMNR,06-Aug-2026,13.78,13.87,13.6,13.75,69600
LMNX,06-Aug-2026,8.75,8.9293,8.34,8.7515,9800
LMRI,06-Aug-2026,11.33,11.5399,11.22,11.44,308300
LMTL,06-Aug-2026,39.3,39.3001,38.67,38.9155,6900
LNAI,06-Aug-2026,2.44,2.48,2.36,2.42,56600
LNKS,06-Aug-2026,1.02,1.0296,0.9301,0.9934,57000
LNSR,06-Aug-2026,5.78,5.8299,5.5204,5.735,21700
LNT,06-Aug-2026,71.05,71.05,69.06,69.52,2000300
LNTH,06-Aug-2026,101.52,102.0545,100.97,101.07,2997700
LNZA,06-Aug-2026,6.4,6.5048,6.11,6.13,133600
LNZAW,06-Aug-2026,0.0141,0.0188,0.0141,0.0187,700
LOAN,06-Aug-2026,4.14,4.15,4.07,4.12,11700
LOBO,06-Aug-2026,0.748,0.748,0.69,0.6901,16900
LOCO,06-Aug-2026,16.88,17.09,16.3,16.37,383800
LOGI,06-Aug-2026,104.42,104.57,102.94,102.97,707100
LOGO,06-Aug-2026,20.85,20.85,20.81,20.8409,24800
LONA,06-Aug-2026,7.62,7.98,7.62,7.81,4000
LOOP,06-Aug-2026,0.728,0.75,0.68,0.6801,28000
LOPE,06-Aug-2026,150.69,150.81,142.81,148.74,281100
LOT,06-Aug-2026,0.88,1.02,0.88,0.9225,170800
LOTI,06-Aug-2026,26.28,26.28,26.1899,26.2547,5500
LOTWW,06-Aug-2026,0.0618,0.0618,0.0618,0.0618,500
LOVE,06-Aug-2026,18.37,18.4799,17.16,17.22,193600
LPBB,06-Aug-2026,10.7897,10.7897,10.77,10.77,1700
LPCN,06-Aug-2026,2.14,2.18,2.08,2.13,37000
LPCV,06-Aug-2026,10,10.01,10,10.01,6600
LPCVU,06-Aug-2026,10.06,10.09,10.05,10.05,2900
LPCVW,06-Aug-2026,0.33,0.33,0.3099,0.33,300
LPLA,06-Aug-2026,363.43,365,355.53,359.05,404000
LPSN,06-Aug-2026,2.33,2.33,2.14,2.21,292100
LPTH,06-Aug-2026,11.66,12.77,11.55,12.01,1497900
LQ,06-Aug-2026,23.735,23.735,23.735,23.735,100
LQDA,06-Aug-2026,89.25,91.5699,88.7989,89.42,682100
LQDT,06-Aug-2026,40,43.82,40,42.01,545300
LRCX,06-Aug-2026,300,314.16,293.65,305.77,7430300
LRE,06-Aug-2026,1.25,1.3,1.2,1.2501,29200
LRGE,06-Aug-2026,86.79,87.4599,86.79,86.94,4500
LRHC,06-Aug-2026,0.83,0.8582,0.784,0.8359,95900
LRMR,06-Aug-2026,4.19,4.31,4.14,4.2,759700
LRND,06-Aug-2026,47.1,47.24,46.94,46.9908,3100
LSAK,06-Aug-2026,4.75,4.82,4.695,4.7,146300
LSBK,06-Aug-2026,17.12,17.18,17.09,17.15,12600
LSCC,06-Aug-2026,125.67,132.56,123.31,128.7,2263400
LSE,06-Aug-2026,4.55,4.55,4.5201,4.55,2400
LSTA,06-Aug-2026,1.12,1.12,1.06,1.07,27000
LSTR,06-Aug-2026,179.86,182.43,175.55,177.06,476300
LTBR,06-Aug-2026,8.83,9.19,8.53,9.15,796900
LTCC,06-Aug-2026,11.01,11.15,11.01,11.055,11000
LTGRU,06-Aug-2026,10,10.04,10,10.04,2900
LTRN,06-Aug-2026,2.76,2.9,2.71,2.78,35800
LTRX,06-Aug-2026,5.84,6.15,5.745,5.83,650300
LTRYW,06-Aug-2026,0.0066,0.0066,0.0066,0.0066,10627
LUCD,06-Aug-2026,0.98,0.9999,0.94,0.9531,892000
LUCY,06-Aug-2026,0.71,0.74,0.69,0.719,164400
LULG,06-Aug-2026,6.82,7.16,6.82,7.0466,65200
LULU,06-Aug-2026,122.6,125.92,122.01,124.73,2222800
LUNG,06-Aug-2026,1.95,2.21,1.925,2.05,806300
LUNR,06-Aug-2026,13.74,15.545,13.6,14.93,10188900
LVDS,06-Aug-2026,60.78,60.78,60.55,60.6627,2700
LVHD,06-Aug-2026,44.88,44.95,44.19,44.33,34700
LVIG,06-Aug-2026,98.229,98.23,98.2,98.215,1800
LVLU,06-Aug-2026,17.94,18.92,17.345,17.345,16900
LVO,06-Aug-2026,4.14,4.39,4.13,4.13,26900
LWAY,06-Aug-2026,29.49,31.14,29.49,31.06,87900
LWLG,06-Aug-2026,7.07,7.9279,7.005,7.59,2562600
LX,06-Aug-2026,1.48,1.49,1.44,1.45,1081100
LXEH,06-Aug-2026,1.66,1.68,1.6,1.6,15500
LXEO,06-Aug-2026,4.57,4.705,4.4,4.55,1463800
LXRX,06-Aug-2026,1.96,2.44,1.96,2.36,4890800
LYEL,06-Aug-2026,14.01,15.625,13.85,14.21,362800
LYFT,06-Aug-2026,16.27,16.42,16.06,16.3,15577700
LYTS,06-Aug-2026,25.04,25.438,24.72,24.86,216900
LZ,06-Aug-2026,6.13,6.13,5.4901,5.665,13055900
LZMH,06-Aug-2026,1.19,1.27,1.16,1.16,60300
MAAS,06-Aug-2026,18.53,19.71,17.245,18.91,45400
MAAY,06-Aug-2026,5.84,5.87,5.81,5.8108,54600
MAKO,06-Aug-2026,8.2,8.68,7.88,8.66,266600
MAMA,06-Aug-2026,18.37,18.65,18.11,18.31,324400
MAMO,06-Aug-2026,1.09,1.1,1.05,1.07,31700
MANH,06-Aug-2026,190.97,191.0399,186.71,190.63,844000
MAR,06-Aug-2026,362.01,364.74,356.01,359.67,1677200
MARA,06-Aug-2026,10.93,11.21,10.65,10.65,36564300
MARPS,06-Aug-2026,4.94,4.94,4.8657,4.8657,400
MASK,06-Aug-2026,1.47,1.7,1.42,1.55,545800
MASS,06-Aug-2026,8.35,8.49,8.25,8.3,243100
MAT,06-Aug-2026,14.6,14.755,14.19,14.49,4102500
MATE,06-Aug-2026,30.96,31.08,30.96,31.0509,3600
MATH,06-Aug-2026,0.89,0.9521,0.865,0.865,17200
MATW,06-Aug-2026,27.47,28.015,26.66,27.66,351400
MAXI,06-Aug-2026,9,9.1276,8.99,9.05,5700
MAZE,06-Aug-2026,27.89,28.6499,26.16,28.53,231100
MB,06-Aug-2026,3.75,3.75,3.75,3.75,400
MBAI,06-Aug-2026,1.26,1.43,1.24,1.4299,84300
MBB,06-Aug-2026,93.28,93.28,92.94,93.01,1737600
MBBC,06-Aug-2026,15.12,15.1298,15.12,15.1298,600
MBIN,06-Aug-2026,55.96,55.96,53.735,54.06,128600
MBINL,06-Aug-2026,24.95,24.99,24.84,24.98,9800
MBINM,06-Aug-2026,25.545,25.5701,25.545,25.5701,1600
MBINN,06-Aug-2026,20.06,20.22,19.94,19.94,12000
MBIO,06-Aug-2026,0.5304,0.61,0.5304,0.5752,10300
MBLY,06-Aug-2026,8.41,8.52,8.3,8.42,3167400
MBNKO,06-Aug-2026,25.75,25.94,25.75,25.92,4500
MBOT,06-Aug-2026,1.85,1.88,1.795,1.8,423300
MBRX,06-Aug-2026,0.4,0.418,0.3454,0.385,2161100
MBS,06-Aug-2026,8.62,8.62,8.5262,8.535,165200
MBUU,06-Aug-2026,29.28,29.375,28.35,28.61,145900
MBWM,06-Aug-2026,62.09,62.35,61.05,61.33,192500
MBX,06-Aug-2026,66.19,68.86,64.5,67.11,528700
MCAHR,06-Aug-2026,0.2699,0.2699,0.2699,0.2699,100
MCBS,06-Aug-2026,36.14,36.245,35.78,35.88,61800
MCDS,06-Aug-2026,68.6727,68.6727,68.6727,68.6727,200
MCFT,06-Aug-2026,25.18,25.32,24.32,24.39,112800
MCGA,06-Aug-2026,10.23,10.25,10.23,10.24,9100
MCGAU,06-Aug-2026,10.315,10.315,10.315,10.315,700
MCGAW,06-Aug-2026,0.2501,0.2501,0.2501,0.2501,300
MCHB,06-Aug-2026,17.16,17.16,16.6,16.79,495700
MCHI,06-Aug-2026,55.86,55.97,55.585,55.905,1971600
MCHP,06-Aug-2026,76.62,79.602,74.22,74.36,15903900
MCHPP,06-Aug-2026,66.15,68.25,64.27,64.67,34600
MCHS,06-Aug-2026,41.97,41.97,41.9402,41.9402,300
MCHX,06-Aug-2026,1.8499,1.8499,1.78,1.81,5400
MCRB,06-Aug-2026,5.01,5.15,4.7,4.82,80100
MCRI,06-Aug-2026,122.39,123.98,121.71,122.1,105200
MDAI,06-Aug-2026,1.61,1.6893,1.6,1.66,193100
MDAIW,06-Aug-2026,0.505,0.505,0.45,0.5,10900
MDB,06-Aug-2026,358,377.1427,355,370,1552400
MDBH,06-Aug-2026,3.04,3.04,2.99,2.99,4200
MDCX,06-Aug-2026,0.305,0.32,0.295,0.3076,1992600
MDCXW,06-Aug-2026,0.57,0.57,0.435,0.435,2600
MDGL,06-Aug-2026,513.28,524.45,509,510.36,296700
MDIA,06-Aug-2026,1.025,1.03,1.005,1.01,8400
MDIV,06-Aug-2026,16.76,16.78,16.72,16.749,39500
MDLN,06-Aug-2026,36.11,36.5,34.47,34.51,14525200
MDLZ,06-Aug-2026,63.26,63.865,62.4,62.75,5382100
MDWD,06-Aug-2026,14.19,14.5799,14.19,14.28,33200
MDXG,06-Aug-2026,4.16,4.22,4.05,4.18,1389700
MDXH,06-Aug-2026,0.44,0.4463,0.43,0.4381,108800
MEDP,06-Aug-2026,588,590,576.72,585.01,148600
MEDS,06-Aug-2026,2.82,3.18,2.63,2.64,148400
MEDX,06-Aug-2026,35.3272,35.3272,35.3272,35.3272,100
MEGL,06-Aug-2026,1.23,1.26,1.2,1.23,5500
MELI,06-Aug-2026,1825.51,1833.21,1766.05,1830,1200900
MEMA,06-Aug-2026,30.1927,30.1927,30.1927,30.1927,100
MEMS,06-Aug-2026,30.62,30.62,30.6102,30.6102,5700
MENS,06-Aug-2026,2,2.1494,1.9562,2.02,39800
MEOH,06-Aug-2026,51.77,54.71,51.44,54.38,898400
MERC,06-Aug-2026,0.668,0.6897,0.65,0.6753,268200
MESH,06-Aug-2026,10.03,10.03,10.03,10.03,600
MESO,06-Aug-2026,15.53,15.87,15.53,15.62,206200
META,06-Aug-2026,586.95,595.31,585.995,589.9,11811400
METC,06-Aug-2026,9.13,10.33,9.09,9.59,3389200
METCB,06-Aug-2026,6.35,6.575,6.005,6.055,76400
METCI,06-Aug-2026,25.39,25.39,25.39,25.39,300
METCZ,06-Aug-2026,25.33,25.33,25.18,25.2185,2500
METD,06-Aug-2026,16.29,16.325,16.11,16.27,330400
METL,06-Aug-2026,26.55,27,26.5499,26.86,30600
METU,06-Aug-2026,21.035,21.67,21.035,21.27,2783900
MEVO,06-Aug-2026,9.96,9.96,9.96,9.96,0
MEVOW,06-Aug-2026,0.33,0.33,0.3201,0.3202,1800
MF,06-Aug-2026,10.13,11.05,9.37,10.5,233700
MFI,06-Aug-2026,7.96,7.96,7.15,7.54,5100
MFIC,06-Aug-2026,9.47,9.735,9.28,9.71,1297100
MFICL,06-Aug-2026,25.34,25.34,25.3,25.3,1700
MFIG,06-Aug-2026,20.98,21,20.92,20.974,1800
MFIN,06-Aug-2026,10.77,11.0164,10.72,10.84,62400
MFLX,06-Aug-2026,16.93,16.98,16.93,16.98,300
MFMO,06-Aug-2026,23,23.48,23,23.2213,2500
MFP,06-Aug-2026,46.66,48.5,45.38,46.71,900900
MFVL,06-Aug-2026,21.82,21.9559,21.82,21.9559,500
MGEE,06-Aug-2026,81.03,81.47,79.71,80.85,189400
MGIH,06-Aug-2026,1.5,1.5201,1.47,1.4909,3700
MGN,06-Aug-2026,0.1246,0.1275,0.1072,0.1097,3864100
MGNI,06-Aug-2026,23,25.4,22.6,24.32,10039600
MGNX,06-Aug-2026,3.95,4.055,3.875,4.01,756500
MGPI,06-Aug-2026,17.83,18.14,17.24,17.32,321000
MGRC,06-Aug-2026,121.56,122.35,119.61,121.75,167400
MGRT,06-Aug-2026,93.5,96.54,93.5,95.5,14700
MGRX,06-Aug-2026,0.592,0.63,0.4868,0.527,52479800
MGTX,06-Aug-2026,12.55,12.93,12.455,12.79,354300
MGX,06-Aug-2026,1.22,1.24,1.2125,1.24,146300
MGYR,06-Aug-2026,19.03,19.09,19.03,19.09,1300
MIDD,06-Aug-2026,135.34,135.8299,132.11,133.28,496600
MILN,06-Aug-2026,46.21,46.21,45.62,45.7996,3500
MIMI,06-Aug-2026,1.83,2.2,1.79,1.94,334500
MIND,06-Aug-2026,5.27,5.2875,5.11,5.14,33300
MIRA,06-Aug-2026,0.698,0.698,0.6585,0.6782,71400
MIRM,06-Aug-2026,90.25,97,88.8801,94.115,2969200
MIST,06-Aug-2026,1.15,1.18,1.14,1.18,594600
MITK,06-Aug-2026,16.64,17.075,16.47,16.81,532600
MKAM,06-Aug-2026,32.3506,32.3506,32.3506,32.3506,100
MKDW,06-Aug-2026,11.02,11.5,11.02,11.02,1200
MKDWW,06-Aug-2026,0.0109,0.0109,0.0109,0.0109,400
MKLY,06-Aug-2026,10.24,10.24,10.22,10.22,31600
MKLYR,06-Aug-2026,0.2401,0.2572,0.2401,0.2404,882500
MKSI,06-Aug-2026,291.02,309.67,285.58,291.31,2840200
MKTW,06-Aug-2026,22.11,22.11,19.85,21.34,5500
MKTX,06-Aug-2026,162.5,162.71,162.41,162.62,916000
MKZR,06-Aug-2026,1.5,1.61,1.485,1.5,57600
MLAA,06-Aug-2026,9.97,9.97,9.961,9.961,1300
MLAAW,06-Aug-2026,0.265,0.265,0.2501,0.2501,1500
MLAB,06-Aug-2026,101,102.055,100.015,101.01,85100
MLCI,06-Aug-2026,2.9498,3.12,2.9498,3.01,45100
MLCO,06-Aug-2026,5.61,5.635,5.5,5.52,1994700
MLEC,06-Aug-2026,7.4592,7.4592,6.69,6.82,5700
MLECW,06-Aug-2026,0.0138,0.0164,0.0138,0.0163,1400
MLGO,06-Aug-2026,4.02,4.1,4,4.02,14700
MLKN,06-Aug-2026,23.98,23.98,23.4901,23.68,592800
MLTX,06-Aug-2026,17.58,18.25,17.58,18.03,624700
MLYS,06-Aug-2026,26.91,27.63,26.46,26.99,443400
MMED,06-Aug-2026,18.56,18.95,18.315,18.42,499700
MMLP,06-Aug-2026,2.33,2.55,2.25,2.55,59900
MMSI,06-Aug-2026,87.25,88.125,86.42,87.69,1288800
MMTX,06-Aug-2026,10.1,10.1,10.1,10.1,1600
MMYT,06-Aug-2026,60.09,60.88,59.23,60.05,1067800
MNDO,06-Aug-2026,1.04,1.045,0.9901,1.02,37000
MNDR,06-Aug-2026,1.67,1.8804,1.63,1.77,135800
MNDY,06-Aug-2026,86.63,88.1301,84.56,87.57,1130600
MNKD,06-Aug-2026,3.82,3.93,3.69,3.89,9306100
MNOV,06-Aug-2026,1.37,1.385,1.33,1.36,18600
MNPR,06-Aug-2026,119.95,124.82,119.31,120.21,285800
MNRO,06-Aug-2026,13.29,13.29,12.35,12.41,1482000
MNSB,06-Aug-2026,23.56,24.08,23.36,24.06,43000
MNSBP,06-Aug-2026,25.25,25.25,25.25,25.25,100
MNST,06-Aug-2026,94,95.196,92.81,94.16,6829400
MNTK,06-Aug-2026,1.69,1.74,1.64,1.7,184300
MNTS,06-Aug-2026,4.15,4.58,4.11,4.39,1142300
MNTSW,06-Aug-2026,0.0048,0.0048,0.0038,0.0038,205400
MNVT,06-Aug-2026,28.2,29.19,28.2,28.48,11200
MNY,06-Aug-2026,0.93,0.93,0.92,0.92,6400
MNYWW,06-Aug-2026,0.0401,0.0401,0.04,0.0401,47600
MNZL,06-Aug-2026,60.21,60.27,59.97,59.9968,9500
MOB,06-Aug-2026,5.47,5.79,5.3,5.78,64800
MOBBW,06-Aug-2026,1.76,2.2,1.76,2.13,5500
MOBI,06-Aug-2026,12.18,12.52,12,12.32,53400
MOBX,06-Aug-2026,1.75,1.75,1.69,1.71,246000
MOBXW,06-Aug-2026,0.08,0.08,0.0799,0.08,16200
MODD,06-Aug-2026,2,2.13,1.92,2.03,105400
MODL,06-Aug-2026,52.58,52.66,52.382,52.44,16900
MOLN,06-Aug-2026,4.05,4.0501,4.02,4.0501,700
MOMO,06-Aug-2026,5.78,5.85,5.73,5.79,321500
MOOD,06-Aug-2026,43.9,43.92,43.8667,43.8667,8300
MORN,06-Aug-2026,198.05,198.555,194.67,196.57,306600
MOVE,06-Aug-2026,11.27,12.99,11.27,12.14,96700
MPAA,06-Aug-2026,13.86,14.0331,13.29,13.6,81800
MPB,06-Aug-2026,38.53,38.59,37.73,37.8,162200
MPG,06-Aug-2026,3.9,4.25,3.88,3.9505,487100
MPLT,06-Aug-2026,12.76,13.74,12.71,13.28,476900
MPWR,06-Aug-2026,1313.25,1415.37,1305.13,1359.08,629500
MQ,06-Aug-2026,16.36,17.195,16.36,16.69,1436100
MQQQ,06-Aug-2026,229.69,229.69,227.28,227.824,13600
MRA,06-Aug-2026,20.9304,20.9304,20.9304,20.9304,200
MRAL,06-Aug-2026,38.73,40.8799,36.985,37.2102,58300
MRAM,06-Aug-2026,15.58,16.61,15.05,15.65,1834000
MRBK,06-Aug-2026,19.87,20,19.44,19.73,76600
MRCOU,06-Aug-2026,10.03,10.03,10.03,10.03,200
MRCY,06-Aug-2026,107.36,112.355,107.36,108.83,454900
MRDN,06-Aug-2026,14,14.565,13.53,13.74,41000
MREO,06-Aug-2026,0.306,0.3129,0.2869,0.3059,658000
MRKR,06-Aug-2026,1.15,1.25,1.12,1.12,30300
MRLN,06-Aug-2026,4.15,4.49,4.05,4.25,1300900
MRM,06-Aug-2026,0.9,0.989,0.87,0.9161,262300
MRNA,06-Aug-2026,57.54,59,53.71,53.86,5640300
MRNO,06-Aug-2026,0.23,0.23,0.203,0.212,124700
MRNOW,06-Aug-2026,0.0129,0.0135,0.0072,0.0103,6800
MRTN,06-Aug-2026,15.02,15.05,14.77,14.86,503100
MRVI,06-Aug-2026,6.42,6.45,6.155,6.25,1473400
MRVL,06-Aug-2026,205.57,219.4625,201.74,210.54,16804100
MRVU,06-Aug-2026,97,110.7006,93.66,102.25,197900
MRX,06-Aug-2026,64.23,64.2999,61.85,62.34,562000
MSAI,06-Aug-2026,5.2,5.427,5.11,5.11,11400
MSAIW,06-Aug-2026,0.022,0.0238,0.022,0.0229,700
MSBI,06-Aug-2026,34.49,34.72,33.735,33.76,157600
MSEX,06-Aug-2026,57.91,58.4499,57.1,57.37,133600
MSFD,06-Aug-2026,10.54,10.54,10.27,10.3,2364500
MSFL,06-Aug-2026,24.35,25.625,24.35,25.47,866500
MSFT,06-Aug-2026,488.55,501.555,488.52,499.86,36441500
MSFU,06-Aug-2026,36.54,38.53,36.54,38.29,4436300
MSGM,06-Aug-2026,4.48,4.5,3.23,3.89,280400
MSGY,06-Aug-2026,0.2657,0.2979,0.2289,0.2801,477900
MSLE,06-Aug-2026,9.845,10.36,9.8001,10.07,14500
MSR,06-Aug-2026,14.095,14.095,14.095,14.095,100
MSS,06-Aug-2026,1.46,1.47,1.34,1.35,319800
MST,06-Aug-2026,8.24,8.53,8.13,8.3547,44500
MSTP,06-Aug-2026,12.9,13.5,12.81,13.1297,36800
MSTR,06-Aug-2026,96.06,98.38,95.44,96.85,10128600
MSTX,06-Aug-2026,8.45,8.86,8.34,8.59,3570200
MTAKU,06-Aug-2026,9.95,9.98,9.95,9.96,18300
MTC,06-Aug-2026,3.15,3.29,2.95,2.995,22400
MTCH,06-Aug-2026,37.62,38.06,36.2,36.61,4154900
MTEK,06-Aug-2026,1.15,1.1838,1.12,1.16,27200
MTEN,06-Aug-2026,1,1.0599,0.9801,1,120200
MTEX,06-Aug-2026,5.04,5.1,4.77,5.1,7700
MTLS,06-Aug-2026,6.8,6.8,6.67,6.75,32900
MTRX,06-Aug-2026,11.67,11.9325,11.55,11.73,185300
MTSI,06-Aug-2026,270,304.505,261.95,301.64,2955700
MTVA,06-Aug-2026,1.49,1.505,1.45,1.45,37400
MTYY,06-Aug-2026,18.375,18.3834,18.35,18.365,1000
MU,06-Aug-2026,843.11,913.33,827,881.47,35784100
MUD,06-Aug-2026,11.97,12.175,11.085,11.48,16356600
MULL,06-Aug-2026,17.09,20.14,16.4201,18.8,9003300
MULT,06-Aug-2026,24.98,24.98,24.95,24.95,300
MUU,06-Aug-2026,24.48,28.88,23.54,26.93,42020800
MUYY,06-Aug-2026,19.65,19.8973,19.6012,19.8269,70300
MVBF,06-Aug-2026,30.72,30.815,30.22,30.42,42100
MVIS,06-Aug-2026,3.15,3.44,3.15,3.26,636400
MVLL,06-Aug-2026,24.04,27.34,23.1,25.2,2419800
MVST,06-Aug-2026,0.84,0.84,0.7782,0.7822,4535600
MWC,06-Aug-2026,1.49,1.59,1.4512,1.49,149900
MWH,06-Aug-2026,27.57,28.62,27.15,27.66,748800
MWYN,06-Aug-2026,0.69,0.7693,0.69,0.72,420300
MXCT,06-Aug-2026,1.08,1.14,1.08,1.11,861600
MXL,06-Aug-2026,65.9,72.5107,64.54,70.2,2043500
MYCF,06-Aug-2026,25.005,25.03,25.005,25.005,3500
MYCG,06-Aug-2026,24.908,24.92,24.901,24.91,3800
MYCH,06-Aug-2026,24.83,24.83,24.8,24.805,141700
MYCI,06-Aug-2026,24.66,24.66,24.62,24.635,5200
MYCJ,06-Aug-2026,24.47,24.47,24.44,24.445,8500
MYCK,06-Aug-2026,24.56,24.56,24.525,24.5346,7800
MYCL,06-Aug-2026,24.365,24.365,24.365,24.365,200
MYCM,06-Aug-2026,24.29,24.29,24.27,24.27,900
MYCN,06-Aug-2026,24.1,24.1,24.07,24.075,2100
MYCO,06-Aug-2026,24.05,24.05,24.045,24.045,300
MYFW,06-Aug-2026,32.45,32.48,31.6,31.68,62100
MYGN,06-Aug-2026,3.15,3.21,3.015,3.18,2541000
MYHA,06-Aug-2026,24.87,24.8748,24.87,24.8748,4000
MYHB,06-Aug-2026,24.93,24.93,24.93,24.93,100
MYHC,06-Aug-2026,25.0351,25.0351,25.0351,25.0351,100
MYHD,06-Aug-2026,25.19,25.2,24.94,24.975,3400
MYHE,06-Aug-2026,24.92,24.92,24.815,24.815,200
MYMF,06-Aug-2026,24.815,24.815,24.815,24.815,100
MYMG,06-Aug-2026,24.585,24.585,24.585,24.585,100
MYMH,06-Aug-2026,24.435,24.435,24.435,24.435,100
MYMI,06-Aug-2026,24.555,24.555,24.555,24.555,100
MYMJ,06-Aug-2026,24.655,24.655,24.655,24.655,100
MYMK,06-Aug-2026,24.85,24.85,24.845,24.845,1800
MYPS,06-Aug-2026,0.72,0.736,0.6953,0.7229,123300
MYRG,06-Aug-2026,333.55,345.69,325.5114,331.125,281400
MYSE,06-Aug-2026,2.33,2.4584,2.33,2.43,89900
MYSZ,06-Aug-2026,0.3772,0.3915,0.3636,0.3636,52800
MZTI,06-Aug-2026,112.28,112.65,110,110.29,268600
NA,06-Aug-2026,1.87,1.87,1.8301,1.8301,4700
NAAS,06-Aug-2026,3.4,3.4,3.23,3.33,19200
NAGE,06-Aug-2026,3,3.04,2.92,3.04,702900
NAII,06-Aug-2026,2.26,2.445,2.25,2.38,1200
NAKA,06-Aug-2026,4.84,5,4.71,4.95,106500
NAMI,06-Aug-2026,2.78,3.8409,2.78,2.91,10588600
NAMM,06-Aug-2026,1.46,1.46,1.34,1.37,473800
NAMMW,06-Aug-2026,0.2238,0.2574,0.2188,0.2474,4000
NAMS,06-Aug-2026,27.63,27.98,27.3,27.67,1649500
NATH,06-Aug-2026,99.49,99.49,98.07,98.3,15400
NATO,06-Aug-2026,43.57,43.7192,42.99,43.03,25500
NATR,06-Aug-2026,20.2,20.58,19.74,20.34,206900
NAUT,06-Aug-2026,0.941,0.95,0.8641,0.8861,1038900
NAVI,06-Aug-2026,9.13,9.525,8.98,9.49,2496900
NAVN,06-Aug-2026,27.99,27.99,26.68,27.86,1575300
NB,06-Aug-2026,4.94,5.27,4.88,5.06,3427900
NBBK,06-Aug-2026,23.2,23.34,22.7,22.75,353300
NBIG,06-Aug-2026,16.58,18.31,13.78,13.86,3622700
NBIL,06-Aug-2026,24.03,26.5591,19.94,20.11,5720400
NBIS,06-Aug-2026,205.42,215.51,189.17,189.88,26723800
NBIX,06-Aug-2026,161.28,162.51,158.475,159.82,1366400
NBN,06-Aug-2026,133.53,135.285,132.7,133.57,122700
NBP,06-Aug-2026,1.66,1.74,1.64,1.7,156500
NBRGR,06-Aug-2026,0.18,0.1899,0.17,0.18,6800
NBRGU,06-Aug-2026,10.12,10.23,10.12,10.23,2300
NBTB,06-Aug-2026,53.56,53.835,52.58,52.91,324000
NBTX,06-Aug-2026,38.56,39.36,37.18,37.79,128400
NCEL,06-Aug-2026,3.36,3.6,3.27,3.34,20800
NCI,06-Aug-2026,11.75,11.9915,10.61,11.45,1737500
NCIQ,06-Aug-2026,15.99,16.13,15.97,16,20400
NCLD,06-Aug-2026,23.17,23.89,22.3795,22.3795,571600
NCMI,06-Aug-2026,4.1,4.12,4.01,4.03,174600
NCNA,06-Aug-2026,1.31,1.37,1.285,1.36,15500
NCNO,06-Aug-2026,18.7,19.02,18.35,18.99,1654300
NCO,06-Aug-2026,9.85,9.855,9.84,9.84,52100
NCOOU,06-Aug-2026,10.06,10.06,10.05,10.05,500
NCPB,06-Aug-2026,24.56,24.565,24.56,24.565,200
NCPL,06-Aug-2026,0.43,0.43,0.4123,0.4212,31500
NCPLW,06-Aug-2026,0.0244,0.027,0.0244,0.027,1800
NCRA,06-Aug-2026,1.81,2.17,1.75,2.04,185100
NCSM,06-Aug-2026,47.08,49.18,47.08,48.64,6400
NCT,06-Aug-2026,3.57,3.72,3.5,3.52,1180000
NCTY,06-Aug-2026,4.9,5.4827,4.85,5.01,222300
NDAA,06-Aug-2026,24.28,24.28,24.2391,24.2391,600
NDAQ,06-Aug-2026,94.86,95.13,93.19,94.7,3418800
NDLS,06-Aug-2026,18.27,18.4126,17.1,18.02,55700
NDRA,06-Aug-2026,4.45,4.636,4.45,4.575,4000
NDSN,06-Aug-2026,311.32,315.68,308.4,308.98,299800
NECB,06-Aug-2026,27.36,27.36,26.805,26.94,37400
NEGG,06-Aug-2026,16.62,18.93,16.2001,17.88,147900
NEMG,06-Aug-2026,16.48,17.0182,16.48,16.8205,14200
NEO,06-Aug-2026,15.69,15.89,15.475,15.56,1906500
NEOG,06-Aug-2026,11.45,11.615,11.145,11.3,2292200
NEON,06-Aug-2026,0.92,1.0299,0.9103,0.9545,86800
NEOV,06-Aug-2026,2.77,2.95,2.67,2.82,2675200
NEOVW,06-Aug-2026,1.2,1.2,1.2,1.2,100
NEPH,06-Aug-2026,3.495,3.59,3.495,3.59,18300
NERV,06-Aug-2026,4.39,4.58,4.205,4.44,269800
NESR,06-Aug-2026,28.45,29.49,28.09,28.85,1247800
NETG,06-Aug-2026,17.41,18.27,17.1901,17.2573,153200
NEUP,06-Aug-2026,3.92,4.1,3.83,3.9,29700
NEWT,06-Aug-2026,15.14,15.19,14.8001,14.95,208800
NEWTG,06-Aug-2026,25.63,25.63,25.6,25.6,900
NEWTH,06-Aug-2026,25.2101,25.2101,25.2,25.2,900
NEWTI,06-Aug-2026,25.585,25.585,25.585,25.585,400
NEWTP,06-Aug-2026,24.95,25.01,24.95,25.01,6100
NEWZ,06-Aug-2026,30.19,30.19,29.9828,29.9828,4800
NEXM,06-Aug-2026,2.23,2.33,2.23,2.23,27300
NEXN,06-Aug-2026,10.41,10.99,10.335,10.95,467400
NEXR,06-Aug-2026,2.47,2.64,2.38,2.53,297600
NEXRW,06-Aug-2026,0.01,0.01,0.01,0.01,200
NEXT,06-Aug-2026,6.58,6.865,6.55,6.8,2161300
NFE,06-Aug-2026,0.3317,0.3449,0.33,0.3432,1014800
NFLX,06-Aug-2026,75.14,75.21,73.1002,73.69,28892600
NFRX,06-Aug-2026,26.6,26.6,26.48,26.5402,1200
NFTY,06-Aug-2026,55.25,55.41,54.87,55.06,45700
NFXL,06-Aug-2026,16.79,16.815,15.94,16.2,738300
NFXS,06-Aug-2026,20.4,20.92,20.4,20.7882,43600
NGEN,06-Aug-2026,1.68,1.76,1.66,1.72,343500
NGHT,06-Aug-2026,20.48,20.49,20.42,20.445,4200
NGNE,06-Aug-2026,36.01,36.5,35.375,35.6,94200
NHIC,06-Aug-2026,10.66,10.71,10.65,10.65,6200
NHP,06-Aug-2026,17.42,17.42,15.725,16.83,2297100
NHPAP,06-Aug-2026,25.02,25.18,25.02,25.145,312300
NHPBP,06-Aug-2026,25.11,25.19,25.01,25.15,370700
NHTC,06-Aug-2026,1.65,2.05,1.65,1.69,135000
NICE,06-Aug-2026,96.54,98.735,95.97,97.11,835600
NICM,06-Aug-2026,6,6,5.99,6,1900
NIKI,06-Aug-2026,9.37,9.42,8.96,9.29,8100
NIKL,06-Aug-2026,13.99,14.0581,13.79,13.82,43100
NIOBW,06-Aug-2026,1.52,1.565,1.5,1.5,1100
NIOG,06-Aug-2026,10.49,10.49,10.14,10.325,12000
NIPG,06-Aug-2026,8.99,9.41,8.4696,9.41,8400
NIU,06-Aug-2026,2.41,2.465,2.41,2.45,130500
NIVF,06-Aug-2026,0.6257,0.6257,0.56,0.5698,233000
NIVFW,06-Aug-2026,0.0264,0.0264,0.0173,0.0174,20400
NIXT,06-Aug-2026,35.03,35.03,34.1045,34.1045,1700
NIXX,06-Aug-2026,0.54,0.5686,0.5242,0.5554,502100
NKLR,06-Aug-2026,5.67,5.99,5.64,5.73,234600
NKSH,06-Aug-2026,41.06,41.865,40.99,41.7,39200
NKTR,06-Aug-2026,72.66,74.19,72.41,73.45,403600
NKTX,06-Aug-2026,2.2,2.375,2.2,2.29,698900
NMAD,06-Aug-2026,3.96,4.05,3.6,3.98,512000
NMFC,06-Aug-2026,7.35,7.72,7.32,7.65,636200
NMFCZ,06-Aug-2026,25.11,25.19,25.1,25.1899,20100
NMIH,06-Aug-2026,45.12,45.17,43.7,44.05,563100
NMP,06-Aug-2026,10.32,10.32,10.32,10.32,5400
NMRA,06-Aug-2026,1.61,1.67,1.6,1.64,345600
NMRK,06-Aug-2026,15.34,15.64,14.885,15.01,1038500
NMTC,06-Aug-2026,1.63,1.7641,1.51,1.55,45300
NN,06-Aug-2026,14.65,16.19,14.52,15,6108400
NNBR,06-Aug-2026,4.42,4.48,3.715,3.87,13949600
NNDM,06-Aug-2026,1.55,1.6,1.55,1.57,1167100
NNE,06-Aug-2026,17.97,18.07,17.28,17.61,1721800
NNNN,06-Aug-2026,9.93,10.41,9.52,9.75,24700
NNOX,06-Aug-2026,0.95,1.05,0.95,1.02,852100
NODK,06-Aug-2026,15.23,15.55,15.07,15.55,7300
NOEM,06-Aug-2026,10.9,10.9,10.9,10.9,300
NOMA,06-Aug-2026,3.42,3.42,2.7,2.75,7200
NOVT,06-Aug-2026,169.5,176.375,161.17,163.32,1280900
NOVTU,06-Aug-2026,69.55,72.29,67.9,67.9,59300
NOWL,06-Aug-2026,5.39,5.81,5.27,5.8,12520300
NPACW,06-Aug-2026,0.22,0.22,0.21,0.21,5700
NPCE,06-Aug-2026,13.67,14.37,13.62,13.9,286800
NPFI,06-Aug-2026,25.8999,25.9299,25.885,25.925,13700
NPT,06-Aug-2026,3.81,3.89,3.44,3.81,51800
NRC,06-Aug-2026,19.44,19.734,19.12,19.47,110200
NRDS,06-Aug-2026,9,9.01,8.705,8.84,1042900
NRES,06-Aug-2026,33.2978,33.2978,33.2978,33.2978,100
NRIM,06-Aug-2026,27.23,27.24,26.5,26.56,161300
NRIX,06-Aug-2026,25.175,25.4899,24.565,25.22,805100
NRSN,06-Aug-2026,0.5454,0.5779,0.4857,0.503,234700
NRXP,06-Aug-2026,3.06,3.18,3.03,3.09,552100
NSI,06-Aug-2026,37.79,37.9455,37.79,37.9455,100
NSIT,06-Aug-2026,142.2,153.905,137.43,149.19,905900
NSLR,06-Aug-2026,10.31,10.6699,9.6201,9.635,558100
NSLRL,06-Aug-2026,25.225,25.225,25.16,25.16,800
NSPR,06-Aug-2026,0.72,0.7311,0.715,0.7222,29600
NSSC,06-Aug-2026,40.13,41.185,40.13,40.92,245600
NSTS,06-Aug-2026,13.805,13.8089,13.805,13.8089,700
NSYS,06-Aug-2026,14.1,14.97,14.01,14.32,19000
NTAL,06-Aug-2026,30.64,33.131,29.97,33.131,2700
NTAP,06-Aug-2026,185.54,191.95,180.101,191.48,2654300
NTCL,06-Aug-2026,2.74,3.2199,2.65,2.89,69300
NTCT,06-Aug-2026,39.37,41.51,36.6542,40.13,644500
NTES,06-Aug-2026,128.76,130.38,128.735,130.36,405500
NTGR,06-Aug-2026,23.99,24.6,23.6,24.3,280900
NTHI,06-Aug-2026,3.5,3.5639,3.44,3.5,32400
NTIC,06-Aug-2026,8.365,8.365,8.0001,8.185,5900
NTLA,06-Aug-2026,10.64,11.32,10.64,11.24,4341300
NTNX,06-Aug-2026,59.26,60.59,59.03,60.12,2507900
NTRA,06-Aug-2026,267.71,272.365,263.55,265.38,1590300
NTRB,06-Aug-2026,2.9,2.915,2.9,2.915,2900
NTRBW,06-Aug-2026,0.35,0.35,0.35,0.35,1000
NTRP,06-Aug-2026,1.67,1.7,1.62,1.64,82900
NTRS,06-Aug-2026,185.71,186.31,183.1,184.14,1122100
NTRSO,06-Aug-2026,18.36,18.4301,18.28,18.34,45100
NTSK,06-Aug-2026,13.73,13.905,13.34,13.48,2627500
NTWK,06-Aug-2026,4.25,4.37,4.25,4.37,4400
NUAI,06-Aug-2026,5.08,5.435,4.96,5.16,4274500
NUAIW,06-Aug-2026,2.31,2.4,2.16,2.35,20600
NUCL,06-Aug-2026,6.59,7.1399,6.5001,7.01,339600
NUCLW,06-Aug-2026,0.96,1.08,0.95,0.99,241100
NUG,06-Aug-2026,10,10,9.6849,9.6849,1800
NUGY,06-Aug-2026,13.15,13.16,13.14,13.1474,4000
NUIF,06-Aug-2026,24.96,24.9753,24.96,24.9753,100
NUSB,06-Aug-2026,25.19,25.19,25.19,25.19,100
NUTX,06-Aug-2026,156.44,158.9322,150.0713,151.93,181000
NUWE,06-Aug-2026,1.7,1.8,1.6209,1.63,558800
NVAX,06-Aug-2026,7.825,7.908,7.532,7.74,4902600
NVCR,06-Aug-2026,16.2,16.2,15.58,15.69,943300
NVCT,06-Aug-2026,19.22,19.99,18.4,18.83,210500
NVD,06-Aug-2026,4.06,4.23,3.9801,4.16,69679000
NVDA,06-Aug-2026,221.53,223.63,217,218.99,113940600
NVDD,06-Aug-2026,30.5,31.02,30.19,30.82,172300
NVDG,06-Aug-2026,20.26,20.71,19.5901,19.84,199300
NVDL,06-Aug-2026,35.73,36.369,34.34,34.84,14580600
NVDS,06-Aug-2026,19.08,19.609,18.79,19.39,453000
NVDU,06-Aug-2026,142.07,144.5899,136.59,138.85,359300
NVEC,06-Aug-2026,126,130.42,124.965,129.43,141800
NVMI,06-Aug-2026,402.91,404.98,378.01,381.32,914700
NVNI,06-Aug-2026,1.03,1.1,1,1.03,42300
NVNIW,06-Aug-2026,0.035,0.0351,0.035,0.0351,1800
NVNO,06-Aug-2026,10.87,11.21,9.77,10.15,134400
NVPS,06-Aug-2026,22.06,22.8101,21.98,22.5381,21900
NVTS,06-Aug-2026,11.88,13.26,11.7601,12.4,11278500
NVX,06-Aug-2026,0.39,0.4066,0.3847,0.4032,118500
NVYY,06-Aug-2026,12.24,12.2889,12.221,12.26,14600
NWBI,06-Aug-2026,15.8,15.88,15.61,15.65,923800
NWE,06-Aug-2026,70.08,71.225,69.54,70.27,608900
NWFL,06-Aug-2026,34.2,34.2,33.73,34.01,17900
NWGL,06-Aug-2026,0.2592,0.3307,0.2526,0.2941,3076300
NWL,06-Aug-2026,6.135,6.265,6.005,6.02,7399200
NWPX,06-Aug-2026,124.24,126.8,117.69,118.5,130000
NWS,06-Aug-2026,34.71,35.31,33.45,33.87,1861500
NWSA,06-Aug-2026,29.92,30.88,29.14,29.67,7686900
NWTG,06-Aug-2026,1.05,1.09,1.05,1.06,6700
NXGL,06-Aug-2026,0.4052,0.4052,0.3303,0.339,385000
NXL,06-Aug-2026,0.3402,0.37,0.3384,0.3386,69200
NXPI,06-Aug-2026,228.49,236.65,226.76,231.78,3064200
NXPL,06-Aug-2026,6.3775,6.69,6.31,6.4381,223900
NXST,06-Aug-2026,183,198.16,180.07,187.97,590500
NXT,06-Aug-2026,98.35,99.34,95.38,98.43,3309500
NXTC,06-Aug-2026,5.16,5.7299,4.95,5.59,187400
NXTG,06-Aug-2026,149.62,150.92,149.62,150.2422,5200
NXTS,06-Aug-2026,1.98,2.01,1.88,1.925,20600
NXTT,06-Aug-2026,0.0688,0.075,0.065,0.072,23973700
NXXT,06-Aug-2026,0.27,0.278,0.2614,0.2687,1055300
NYAX,06-Aug-2026,68.13,68.92,67.89,68.2697,3900
NYXH,06-Aug-2026,1.36,1.3611,1.3,1.31,168700
NZAC,06-Aug-2026,46.99,47.1,46.8811,46.9853,3200
OABI,06-Aug-2026,2.04,2.27,2.04,2.24,702700
OABIW,06-Aug-2026,0.045,0.0451,0.045,0.0451,200
OACCW,06-Aug-2026,0.82,1.03,0.82,1.03,600
OBA,06-Aug-2026,10.28,10.29,10.28,10.29,46800
OBAI,06-Aug-2026,0.5,0.5002,0.4601,0.4694,199300
OBAWW,06-Aug-2026,0.222,0.2286,0.222,0.2286,1200
OBIL,06-Aug-2026,50.025,50.025,50.01,50.015,30200
OBIO,06-Aug-2026,4.21,4.26,4.03,4.15,149100
OBT,06-Aug-2026,39.1,39.22,38.28,38.39,41100
OBTC,06-Aug-2026,20.69,20.6992,20.69,20.6992,700
OBX,06-Aug-2026,27.14,29.95,27.14,28.35,7400
OCC,06-Aug-2026,15.4,16.5,15.4,15.63,110300
OCCI,06-Aug-2026,2.5,2.51,2.47,2.5,93800
OCCIM,06-Aug-2026,25.12,25.13,25.12,25.13,500
OCCIN,06-Aug-2026,24.9,24.95,24.9,24.95,600
OCFC,06-Aug-2026,20,20.125,19.425,19.52,1112600
OCG,06-Aug-2026,1.66,1.6799,1.57,1.65,57500
OCGN,06-Aug-2026,1.25,1.315,1.21,1.24,5560800
OCS,06-Aug-2026,11.96,12.51,11.82,12.38,264900
OCSL,06-Aug-2026,12.11,12.79,11.9682,12.72,1095700
OCTV,06-Aug-2026,19.48,19.53,19.05,19.42,818900
OCUL,06-Aug-2026,8.45,8.79,8.4,8.74,1594000
ODD,06-Aug-2026,14.64,15,13.46,13.52,903600
ODDS,06-Aug-2026,24.89,24.89,24.89,24.89,100
ODFL,06-Aug-2026,213.81,214.74,210.02,211.41,1598000
ODTE,06-Aug-2026,25.92,26.0152,25.81,25.8781,5000
ODTX,06-Aug-2026,21.03,22.1099,20.38,21.55,123100
ODYS,06-Aug-2026,4.46,4.62,4.3201,4.4,12100
OESX,06-Aug-2026,16.58,19.93,16.17,17.58,254500
OFAL,06-Aug-2026,0.7973,0.81,0.7343,0.7498,105300
OFIX,06-Aug-2026,10.67,10.775,10.19,10.6,624000
OFLX,06-Aug-2026,30.65,31.11,30.585,30.95,57200
OFS,06-Aug-2026,3.6,3.8,3.57,3.79,90400
OFSSH,06-Aug-2026,23.66,23.66,23.66,23.66,1000
OGI,06-Aug-2026,0.98,0.9991,0.96,0.99,204500
OHAC,06-Aug-2026,9.94,9.945,9.94,9.94,43900
OHACR,06-Aug-2026,0.19,0.19,0.19,0.19,25000
OIO,06-Aug-2026,1.82,2,1.78,1.88,104300
OKLL,06-Aug-2026,3.05,3.14,2.8,2.88,16921700
OKTA,06-Aug-2026,141.24,145.6896,140,143.51,2176700
OKTG,06-Aug-2026,29.37,30.78,28.1727,30.404,6700
OKUR,06-Aug-2026,4.17,4.27,3.9,4.15,85900
OKYO,06-Aug-2026,1.58,1.58,1.51,1.535,109400
OLB,06-Aug-2026,0.297,0.2998,0.2902,0.2948,63300
OLED,06-Aug-2026,85.9,87.99,85.015,87.25,774500
OLLI,06-Aug-2026,78.4,79.17,76.04,77.97,1082000
OLMA,06-Aug-2026,11.51,12.21,11.5,11.8,747800
OLOX,06-Aug-2026,4.95,4.9899,3.34,3.38,157500
OM,06-Aug-2026,5.04,5.27,4.995,5.2,156400
OMAB,06-Aug-2026,108.17,111.7678,108.13,111.21,48200
OMCL,06-Aug-2026,36.54,37.04,35.88,36.16,503200
OMDA,06-Aug-2026,18.78,19.87,18.61,19.54,2262900
OMER,06-Aug-2026,12.44,13.19,12.272,13.15,841300
OMEX,06-Aug-2026,0.72,0.7704,0.7096,0.752,347400
OMH,06-Aug-2026,0.1102,0.114,0.0912,0.0947,7798600
OMSE,06-Aug-2026,4.29,4.4,4.29,4.3879,8100
ON,06-Aug-2026,75.87,80.42,75.69,78.33,9405600
ONB,06-Aug-2026,27.19,27.24,26.64,26.67,4130400
ONBPO,06-Aug-2026,24.77,24.86,24.76,24.8355,7400
ONBPP,06-Aug-2026,24.8825,24.9,24.8117,24.8117,2400
ONC,06-Aug-2026,330.27,333.87,326.13,329.8,279800
ONCO,06-Aug-2026,0.9776,0.99,0.8871,0.9037,395900
ONCY,06-Aug-2026,0.79,0.8179,0.786,0.8006,555300
ONDG,06-Aug-2026,3.21,3.6646,3.15,3.3,2006600
ONDS,06-Aug-2026,8.62,9.1999,8.52,8.74,69285000
ONEG,06-Aug-2026,1.07,1.07,1.02,1.03,31200
ONEQ,06-Aug-2026,103.4,104.3914,103.27,103.84,197600
ONEW,06-Aug-2026,12.52,12.59,11.84,11.94,56500
ONFO,06-Aug-2026,0.061,0.061,0.0469,0.06,229673600
ONFOW,06-Aug-2026,0.0093,0.035,0.009,0.012,571700
ONMD,06-Aug-2026,0.67,0.6978,0.6267,0.6529,290800
ONMDW,06-Aug-2026,0.0417,0.0417,0.0416,0.0416,200
OPAL,06-Aug-2026,2.36,2.45,2.31,2.39,300400
OPBK,06-Aug-2026,15.72,15.73,15.43,15.63,64100
OPCH,06-Aug-2026,23.77,23.89,23.34,23.63,2835300
OPEG,06-Aug-2026,2.56,2.56,2.14,2.195,80100
OPEN,06-Aug-2026,3.7,3.7,3.38,3.445,46568100
OPENL,06-Aug-2026,0.17,0.1749,0.14,0.1421,693200
OPENW,06-Aug-2026,0.2859,0.2898,0.2,0.215,636700
OPENZ,06-Aug-2026,0.1435,0.1536,0.1105,0.113,785300
OPI,06-Aug-2026,18.91,20.79,18.24,18.62,450100
OPK,06-Aug-2026,1.35,1.38,1.32,1.32,2559400
OPPJ,06-Aug-2026,57.35,57.825,57.25,57.34,30000
OPRA,06-Aug-2026,19.66,19.79,19.4,19.58,329700
OPRT,06-Aug-2026,6.74,8.3,6.74,8.05,2452100
OPRX,06-Aug-2026,6.9,6.9,6.67,6.74,100300
OPTH,06-Aug-2026,5.07,5.15,4.95,5.15,29800
OPTX,06-Aug-2026,7.39,7.78,7.12,7.4,314900
OPTXW,06-Aug-2026,1.22,1.35,1.13,1.14,8000
OPTZ,06-Aug-2026,46.3902,46.89,46.3902,46.5608,93800
OPXS,06-Aug-2026,12.09,12.5754,11.91,12.06,13900
ORBS,06-Aug-2026,0.663,0.6861,0.64,0.6677,4899200
ORBX,06-Aug-2026,42.56,45.1399,42.43,43.58,29100
ORCS,06-Aug-2026,31.08,31.3,29.785,30.31,95200
ORCU,06-Aug-2026,7.19,7.9099,7.08,7.57,2963800
ORCX,06-Aug-2026,20.04,22.1,19.78,21.14,1951700
ORGO,06-Aug-2026,2.37,2.43,2.335,2.41,727600
ORIC,06-Aug-2026,13.01,13.19,12.735,12.93,887600
ORIO,06-Aug-2026,0.66,0.74,0.66,0.6725,95600
ORIQ,06-Aug-2026,10.35,10.35,10.35,10.35,300
ORKA,06-Aug-2026,96.74,99.51,96.36,98.42,717300
ORKT,06-Aug-2026,1.02,1.02,0.95,1,26200
ORLY,06-Aug-2026,93.68,93.98,92.94,93.37,4129100
ORMP,06-Aug-2026,4.27,4.415,4.25,4.3,187500
ORR,06-Aug-2026,39.25,39.73,38.945,39.52,80500
ORRF,06-Aug-2026,43.51,43.51,42.71,42.96,118600
OSBC,06-Aug-2026,25.99,26.015,25.675,25.78,413200
OSCX,06-Aug-2026,84.56,88.73,77,81.8574,27300
OSIS,06-Aug-2026,236.26,240.895,233.695,237.1,96600
OSPN,06-Aug-2026,16.095,16.36,15.53,16.24,479300
OSRH,06-Aug-2026,0.44,0.4472,0.4235,0.4362,213800
OSS,06-Aug-2026,13.02,13.8302,12.5501,13.32,1030500
OSUR,06-Aug-2026,4.15,4.24,3.83,4,1221900
OSW,06-Aug-2026,26.48,26.79,26.29,26.535,1535000
OTEX,06-Aug-2026,26.27,26.83,25.18,25.66,4345200
OTGA,06-Aug-2026,10.2,10.2,10.2,10.2,2000
OTGL,06-Aug-2026,10.84,10.84,10.84,10.84,100
OTLK,06-Aug-2026,1,1.06,0.9725,0.9725,3976100
OTLY,06-Aug-2026,14.57,14.57,13.56,13.69,166600
OTTR,06-Aug-2026,94.07,94.89,92.46,93.05,199900
OUST,06-Aug-2026,43.94,47.55,43.0209,45.58,2764300
OVBC,06-Aug-2026,42.57,43.73,42.57,43.73,40200
OVID,06-Aug-2026,2.62,2.685,2.585,2.65,1294400
OVLY,06-Aug-2026,33.52,33.7,33.2,33.25,11600
OWLS,06-Aug-2026,5.4,5.48,5.29,5.35,34100
OXBR,06-Aug-2026,1.46,1.5551,1.32,1.33,45000
OXBRW,06-Aug-2026,0.0903,0.0989,0.09,0.0989,3500
OXLC,06-Aug-2026,9.12,9.2,9.1,9.16,358300
OXLCG,06-Aug-2026,25.16,25.23,25.16,25.16,2200
OXLCI,06-Aug-2026,25.62,25.68,25.62,25.68,1700
OXLCL,06-Aug-2026,24.94,24.94,24.88,24.88,500
OXLCM,06-Aug-2026,25.11,25.15,24.85,24.85,11000
OXLCN,06-Aug-2026,24.775,24.775,24.775,24.775,600
OXLCO,06-Aug-2026,24.07,24.07,24.0369,24.0369,200
OXLCZ,06-Aug-2026,24.96,24.97,24.93,24.941,2900
OXSQ,06-Aug-2026,1.5,1.51,1.48,1.49,864900
OXSQG,06-Aug-2026,23.98,23.98,23.98,23.98,200
OXSQH,06-Aug-2026,24.92,24.92,24.91,24.91,300
OYSE,06-Aug-2026,10.33,10.33,10.33,10.33,1200
OYSER,06-Aug-2026,0.1107,0.1299,0.1107,0.1299,7900
OZEM,06-Aug-2026,32.81,32.93,32.5501,32.8602,12600
OZK,06-Aug-2026,51.9,52.04,51.56,51.59,949100
OZKAP,06-Aug-2026,16.14,16.21,16.14,16.2032,16600
PAA,06-Aug-2026,23.3,23.6,23.3,23.52,2539500
PABD,06-Aug-2026,71.2,71.2,70.8758,70.8758,800
PABU,06-Aug-2026,78.2,78.35,78.02,78.1794,5800
PACB,06-Aug-2026,1.3,1.31,1.15,1.165,14531300
PAGP,06-Aug-2026,25.55,25.56,25.23,25.38,1430700
PAHC,06-Aug-2026,36.48,36.48,35.4,35.5,146200
PAL,06-Aug-2026,7.11,7.11,7.015,7.08,74500
PALD,06-Aug-2026,11.09,11.2325,10.89,10.95,138700
PALI,06-Aug-2026,2.09,2.15,2.07,2.09,779100
PALOW,06-Aug-2026,0.3,0.3,0.3,0.3,600
PALU,06-Aug-2026,52.74,55.92,52.24,55.35,81900
PAMT,06-Aug-2026,14.35,15.2,13.33,15.06,31400
PANG,06-Aug-2026,33.65,34.32,32.15,34.0803,20000
PANL,06-Aug-2026,7.33,7.475,7.285,7.44,306800
PANW,06-Aug-2026,350.13,361.47,349,359.49,5684100
PARAW,06-Aug-2026,0.0086,0.0088,0.0086,0.0088,1700
PARK,06-Aug-2026,19.68,21.735,19.68,21.42,36300
PASG,06-Aug-2026,4.56,4.62,4.4,4.4,5400
PASW,06-Aug-2026,0.1289,0.1328,0.124,0.131,221600
PATK,06-Aug-2026,86.79,87.43,85.38,86.51,401300
PATN,06-Aug-2026,35.15,35.39,34.845,35.1984,80600
PAVM,06-Aug-2026,5.01,5.2,4.94,4.94,3200
PAVS,06-Aug-2026,9.3,9.7,6.0285,6.88,31362500
PAX,06-Aug-2026,11.37,11.38,11.21,11.23,689600
PAYO,06-Aug-2026,7.12,7.13,7.11,7.11,2981800
PAYP,06-Aug-2026,15.52,15.66,15.28,15.4,532800
PAYS,06-Aug-2026,10.36,12.84,10.3,12.4,3326600
PAYX,06-Aug-2026,119.01,120.25,117.85,120.13,3573800
PBAM,06-Aug-2026,86.06,87,85.51,85.51,29800
PBEU,06-Aug-2026,35.93,36.01,35.65,35.6737,23300
PBFS,06-Aug-2026,17.16,17.47,17.0635,17.27,5900
PBHC,06-Aug-2026,16.55,16.55,16.4,16.53,2400
PBK,06-Aug-2026,0.4925,0.5086,0.4601,0.47,560600
PBLS,06-Aug-2026,35.1,36.4999,34.13,35.58,263700
PBM,06-Aug-2026,3.23,3.58,3.23,3.49,120000
PBMWW,06-Aug-2026,0.0238,0.0268,0.0238,0.0266,1700
PBOG,06-Aug-2026,32.84,32.92,32.5475,32.8763,26700
PBPH,06-Aug-2026,27.68,27.86,27.31,27.47,81000
PBQQ,06-Aug-2026,31.53,31.62,31.5,31.5491,6600
PBRG,06-Aug-2026,35.74,35.86,35.5578,35.5578,2900
PBSC,06-Aug-2026,25.205,25.205,25.205,25.205,100
PBYI,06-Aug-2026,8.02,8.16,7.86,8.12,539100
PCAPU,06-Aug-2026,10.4,10.4001,10.4,10.4001,600
PCAR,06-Aug-2026,134.87,135.395,131.5,132.06,2647500
PCB,06-Aug-2026,28.24,28.55,27.9,28.12,31100
PCLA,06-Aug-2026,5.51,6.939,5.2,6.85,233100
PCMM,06-Aug-2026,49.67,49.82,49.67,49.77,35500
PCPI,06-Aug-2026,49.64,49.64,49.61,49.625,2900
PCRX,06-Aug-2026,24.9,25.72,24.7039,25.58,820000
PCSA,06-Aug-2026,2.18,2.38,2.18,2.3,73000
PCT,06-Aug-2026,6.78,7.2,6.62,6.87,6839400
PCTY,06-Aug-2026,148.18,151.95,147.91,151.49,1258000
PCVX,06-Aug-2026,55.17,59,54.71,58.89,1284400
PCYO,06-Aug-2026,10.57,10.71,10.54,10.66,42500
PDBA,06-Aug-2026,36.86,36.875,36.54,36.625,153700
PDBC,06-Aug-2026,17.08,17.28,17.05,17.23,14859800
PDC,06-Aug-2026,3.01,3.29,2.81,3.07,28700
PDD,06-Aug-2026,90.1,90.93,89.425,90.85,3970300
PDDL,06-Aug-2026,14.96,15.27,14.86,15.236,14600
PDEX,06-Aug-2026,66.18,67.305,65,65.48,63200
PDFS,06-Aug-2026,48.72,50.76,45.65,45.9,824800
PDLB,06-Aug-2026,20.49,20.66,19.92,20.15,49500
PDP,06-Aug-2026,136.89,140.1327,136.59,137.4825,23900
PDSB,06-Aug-2026,0.7499,0.7603,0.7268,0.7471,408200
PDYN,06-Aug-2026,6.1,6.1,5.69,5.89,1221300
PDYNW,06-Aug-2026,0.01,0.01,0.0036,0.0088,253500
PEBK,06-Aug-2026,43.49,43.5,42.6,43.04,64500
PEBO,06-Aug-2026,41.86,42,41.13,41.16,281400
PECER,06-Aug-2026,0.34,0.35,0.3,0.35,46300
PECO,06-Aug-2026,41.87,42.3,40.69,40.72,912700
PEGA,06-Aug-2026,30.95,31.8,30.55,31.67,1225500
PENG,06-Aug-2026,53.24,59,52.5606,56.26,1141900
PENN,06-Aug-2026,20.01,20.58,19.1552,20.13,3680500
PEP,06-Aug-2026,140.09,140.52,137.14,138.44,8510200
PEPG,06-Aug-2026,2.1,2.46,2.06,2.41,4475800
PEPS,06-Aug-2026,32.795,32.805,32.795,32.805,400
PERI,06-Aug-2026,9.65,9.745,9.445,9.67,372900
PESI,06-Aug-2026,17.39,18.065,16.87,17.8,302000
PETS,06-Aug-2026,1.97,1.98,1.955,1.97,38500
PETZ,06-Aug-2026,1.19,1.7,1.19,1.53,344100
PEY,06-Aug-2026,25.02,25.035,24.69,24.74,296700
PEZ,06-Aug-2026,103.2353,103.2353,103.2353,103.2353,100
PFAI,06-Aug-2026,2.4,2.9599,2.15,2.355,34300
PFBC,06-Aug-2026,106.83,107.19,105.31,105.54,57900
PFDE,06-Aug-2026,28.55,28.7499,28.55,28.5839,12600
PFF,06-Aug-2026,30.69,30.705,30.485,30.52,2297600
PFG,06-Aug-2026,115.96,116.61,114.015,115.41,1318800
PFI,06-Aug-2026,63.77,63.835,62.9,63.1307,3700
PFIS,06-Aug-2026,72.25,72.25,69.905,71.55,66200
PFM,06-Aug-2026,57.62,57.62,57.365,57.4363,9700
PFOE,06-Aug-2026,23,23.11,22.98,23.0606,8900
PFSA,06-Aug-2026,0.9127,1,0.9053,0.939,95300
PFX,06-Aug-2026,45.61,45.61,45.61,45.61,2400
PFXNZ,06-Aug-2026,23.95,24,23.95,24,500
PGC,06-Aug-2026,46.56,46.57,45.9,45.99,162300
PGEN,06-Aug-2026,6.86,7.115,6.67,6.91,7269900
PGJ,06-Aug-2026,25.14,25.3725,25.14,25.3725,8600
PGNY,06-Aug-2026,31.36,31.425,30.15,30.21,1866200
PGY,06-Aug-2026,20.96,21.9,20.8,21.42,2436400
PGYWW,06-Aug-2026,0.03,0.0318,0.0259,0.028,46200
PHAR,06-Aug-2026,10.76,10.99,10.715,10.85,3700
PHAT,06-Aug-2026,8.38,8.62,8.29,8.39,1471300
PHIO,06-Aug-2026,1.05,1.1,1.05,1.06,52100
PHO,06-Aug-2026,73.14,73.14,72.52,72.77,61200
PHOE,06-Aug-2026,19.89,21.4488,18.6108,19.1,34200
PHUN,06-Aug-2026,2.19,2.23,2.1549,2.18,73100
PHVS,06-Aug-2026,33.6,36.02,33.6,34.45,570600
PI,06-Aug-2026,162.09,173.83,162.09,171.91,572100
PICS,06-Aug-2026,13.34,13.455,13.045,13.08,154500
PID,06-Aug-2026,23.09,23.1163,22.98,23,50100
PIE,06-Aug-2026,31.86,32.49,31.74,32.25,148300
PIII,06-Aug-2026,10.53,11.0127,10.37,10.89,24500
PIIIW,06-Aug-2026,0.0169,0.0169,0.0165,0.0169,29400
PIO,06-Aug-2026,46.4,46.46,46.33,46.3851,2000
PIZ,06-Aug-2026,53.58,54.06,53.4084,53.5,72700
PKBK,06-Aug-2026,34.5,34.5,33.8901,34.29,31200
PKOH,06-Aug-2026,43.24,48,42.11,46.51,214200
PKW,06-Aug-2026,149.65,149.65,148.46,148.7813,28100
PLA,06-Aug-2026,25.9,25.92,25.815,25.815,2300
PLAB,06-Aug-2026,31.53,32.76,30.83,31.9,884900
PLAY,06-Aug-2026,10.48,10.535,9.9,10.09,1941000
PLBC,06-Aug-2026,61.45,61.67,60.72,61.43,49300
PLBL,06-Aug-2026,6.16,6.6189,5.65,5.92,171800
PLBY,06-Aug-2026,1.15,1.19,1.14,1.16,231000
PLCE,06-Aug-2026,2.57,2.68,2.56,2.65,149500
PLCIU,06-Aug-2026,9.96,9.97,9.96,9.97,8000
PLMK,06-Aug-2026,10.58,10.58,10.5799,10.5799,700
PLMKW,06-Aug-2026,0.4127,0.48,0.4127,0.48,18900
PLMR,06-Aug-2026,136.17,139.06,133.6,136.82,544700
PLPC,06-Aug-2026,463.77,496.9993,455.68,460.75,184200
PLRX,06-Aug-2026,1.04,1.07,1.03,1.05,639000
PLRZ,06-Aug-2026,11.17,12.04,11.17,11.49,12700
PLSE,06-Aug-2026,37.91,39.12,37.65,38.24,267600
PLSM,06-Aug-2026,3.64,3.64,3.27,3.43,38800
PLTD,06-Aug-2026,5.95,6.07,5.875,5.95,31330800
PLTG,06-Aug-2026,14.67,15.0039,14.0664,14.64,227600
PLTK,06-Aug-2026,3.47,3.555,3.17,3.29,3019900
PLTR,06-Aug-2026,155.87,158,152.7,155.92,41751300
PLTU,06-Aug-2026,41.26,42.285,39.44,41.14,1865900
PLTZ,06-Aug-2026,12.8,13.38,12.56,12.85,3896200
PLUG,06-Aug-2026,2.05,2.1691,2.02,2.07,50605200
PLUL,06-Aug-2026,7.27,8.05,7.14,7.408,36800
PLUR,06-Aug-2026,1.75,1.8321,1.75,1.81,5100
PLUS,06-Aug-2026,92.99,93.09,89.67,90.35,275900
PLUT,06-Aug-2026,2.7432,2.7432,2.7432,2.7432,400
PLXS,06-Aug-2026,275.29,298,264.515,268.49,360700
PLYX,06-Aug-2026,2.27,2.285,2.11,2.22,44500
PLYY,06-Aug-2026,8.51,8.515,8.51,8.515,1200
PMA,06-Aug-2026,1.3202,1.468,1.3202,1.33,141200
PMAX,06-Aug-2026,1.56,1.62,1.53,1.53,29500
PMBS,06-Aug-2026,48.63,48.66,48.51,48.56,50600
PMCB,06-Aug-2026,0.5901,0.6108,0.5801,0.5901,30000
PMEC,06-Aug-2026,0.4211,0.44,0.4019,0.41,13300
PMN,06-Aug-2026,13.34,13.79,13.27,13.33,14600
PMTS,06-Aug-2026,24,24.69,21.25,24.45,190700
PMVP,06-Aug-2026,1.17,1.2,1.15,1.18,124100
PN,06-Aug-2026,7.3,15.4,6.65,8.29,12672400
PNBK,06-Aug-2026,1.15,1.155,1.12,1.14,106500
PNQI,06-Aug-2026,50.49,50.82,50.49,50.8117,20200
PNRG,06-Aug-2026,188.04,188.96,182.74,182.74,66200
PNTG,06-Aug-2026,37.85,39.81,37.4,39.06,364700
POCI,06-Aug-2026,4.33,4.545,4.2,4.24,62100
PODC,06-Aug-2026,3.57,3.63,3.31,3.31,32600
PODD,06-Aug-2026,130.9,139.48,130.11,139.3,3249400
POET,06-Aug-2026,7.93,9.135,7.8,8.53,18904600
POLA,06-Aug-2026,1.79,1.905,1.73,1.87,77400
POLE,06-Aug-2026,10.8,10.81,10.8,10.81,8000
POLEW,06-Aug-2026,0.2,0.2,0.1702,0.1702,25300
POM,06-Aug-2026,0.7999,0.825,0.7101,0.8058,97100
PONO,06-Aug-2026,10,10,10,10,21100
PONOR,06-Aug-2026,0.25,0.3602,0.25,0.28,1076000
PONOU,06-Aug-2026,10.18,10.47,10.18,10.47,200
PONY,06-Aug-2026,7.64,7.825,7.5405,7.78,1913100
POOL,06-Aug-2026,204.01,205.7,200.14,201.08,578800
POWI,06-Aug-2026,61.53,63.16,58.61,58.98,852600
POWL,06-Aug-2026,207.93,216,204.12,207.36,575700
POWW,06-Aug-2026,2.17,2.2,2.155,2.16,248500
POWWP,06-Aug-2026,24.41,24.4179,24.41,24.4179,1100
PPBT,06-Aug-2026,1.49,1.49,1.16,1.41,25200
PPC,06-Aug-2026,26.65,27.61,26.11,27.545,1343000
PPCB,06-Aug-2026,1.25,1.6,1.1,1.36,1234800
PPH,06-Aug-2026,111.65,112.42,109.6,110.63,147600
PPHC,06-Aug-2026,11.03,11.465,10.59,11.25,104200
PPI,06-Aug-2026,21.38,21.4599,21.2719,21.2719,12500
PPIH,06-Aug-2026,25.82,26.49,25.4,25.99,62800
PPLI,06-Aug-2026,43.68,44.665,42.67,42.94,1059600
PPSI,06-Aug-2026,3.05,3.2307,3.01,3.02,40000
PPTA,06-Aug-2026,22.34,23.274,22.34,22.83,1211300
PQAP,06-Aug-2026,32.26,32.26,32.2228,32.2228,3000
PQJA,06-Aug-2026,31.87,31.92,31.87,31.885,3800
PQJL,06-Aug-2026,30.8699,30.8699,30.76,30.8056,7100
PQOC,06-Aug-2026,31.57,31.57,31.545,31.545,3100
PRAA,06-Aug-2026,17.24,18.25,17.24,18.15,473800
PRAX,06-Aug-2026,350.47,382.54,343.73,370.16,1507100
PRCH,06-Aug-2026,15.41,16.02,15.27,15.44,1200600
PRCT,06-Aug-2026,18.88,20.06,17.665,20.03,2302000
PRDO,06-Aug-2026,32.7,32.75,31.2737,32.45,1003500
PRE,06-Aug-2026,18.18,18.97,17.7101,17.86,127300
PRFX,06-Aug-2026,1.07,1.13,1.0605,1.1,65500
PRFZ,06-Aug-2026,55.49,55.8,55.175,55.2,120400
PRGS,06-Aug-2026,41.52,42.03,41.22,41.81,408400
PRHI,06-Aug-2026,4.94,5,4.8,4.92,5100
PRHIZ,06-Aug-2026,17.78,17.78,17.78,17.78,200
PRLD,06-Aug-2026,4.47,4.75,4.47,4.68,242300
PRME,06-Aug-2026,3.06,3.15,2.91,2.95,2554600
PRMR,06-Aug-2026,28.58,28.61,28.4984,28.4984,22900
PRN,06-Aug-2026,222.99,227.59,220.59,220.87,81300
PROF,06-Aug-2026,7.92,8.12,7.64,7.94,87800
PROK,06-Aug-2026,1.66,1.68,1.625,1.64,382800
PROP,06-Aug-2026,0.73,0.7699,0.71,0.75,1670600
PROV,06-Aug-2026,18.17,18.35,18,18.06,8900
PRPL,06-Aug-2026,9.1,9.3,8.84,9.03,26100
PRPO,06-Aug-2026,23.72,23.72,22.6,23.46,42200
PRQR,06-Aug-2026,1.98,2,1.88,1.9,1247900
PRSO,06-Aug-2026,0.71,0.7242,0.6887,0.715,138200
PRTA,06-Aug-2026,8.5,8.7664,8.33,8.58,418600
PRTH,06-Aug-2026,6.45,6.5,5.155,5.38,1624700
PRTS,06-Aug-2026,5.86,5.9799,5.68,5.785,44200
PRVA,06-Aug-2026,20.9,22.095,19.7,22,4409600
PRZO,06-Aug-2026,0.55,0.583,0.532,0.543,349700
PSC,06-Aug-2026,69.68,70.015,69.21,69.2167,70800
PSCC,06-Aug-2026,37.7,37.7,37.0472,37.0472,45800
PSCD,06-Aug-2026,120.5192,120.5192,120.5192,120.5192,100
PSCE,06-Aug-2026,57.04,57.49,56.81,56.9372,19400
PSCF,06-Aug-2026,67.1,67.1,67.0226,67.0226,1300
PSCH,06-Aug-2026,54.45,54.45,53.82,54.01,11600
PSCI,06-Aug-2026,184.11,185.41,183.815,184.1422,3200
PSCM,06-Aug-2026,102.33,102.67,101.125,101.2142,800
PSCT,06-Aug-2026,81.39,82.83,80.755,81.62,21800
PSCU,06-Aug-2026,64.1461,64.1461,64.1461,64.1461,200
PSEC,06-Aug-2026,2.16,2.22,2.16,2.21,2664900
PSET,06-Aug-2026,80.22,80.93,80.22,80.9028,5200
PSHG,06-Aug-2026,1.74,1.78,1.72,1.73,30500
PSIG,06-Aug-2026,1.17,1.18,1.17,1.18,23400
PSIX,06-Aug-2026,32.44,33.95,32.08,33.02,411200
PSKY,06-Aug-2026,8.92,9.26,8.71,9.06,13262500
PSL,06-Aug-2026,114.84,114.9,114.26,114.6563,900
PSMT,06-Aug-2026,186.93,188.0799,176.47,178.125,316400
PSNL,06-Aug-2026,13.22,13.454,12.92,13.03,1701000
PSNY,06-Aug-2026,14.56,14.75,13.75,13.895,113800
PSNYW,06-Aug-2026,2.48,2.54,2.45,2.54,11300
PSTR,06-Aug-2026,31.69,31.81,31.6548,31.7135,6200
PSWD,06-Aug-2026,43.91,44.8084,43.91,44.4714,2200
PTACW,06-Aug-2026,0.2,0.2,0.2,0.2,9900
PTC,06-Aug-2026,138.24,148.6,137.23,147.66,2188600
PTCT,06-Aug-2026,68.99,71.04,68.99,70.85,928800
PTEN,06-Aug-2026,9.81,10.185,9.74,10.05,9545100
PTF,06-Aug-2026,102.1,108.45,100.66,105.8148,143500
PTGX,06-Aug-2026,145.01,148,139.95,146.18,837600
PTH,06-Aug-2026,59.71,60.3601,58.87,58.91,136900
PTIR,06-Aug-2026,15.39,15.775,14.73,15.36,4098000
PTLE,06-Aug-2026,9.9,11,9.9,9.9,3700
PTLO,06-Aug-2026,4.6,4.6,4.285,4.38,2641900
PTN,06-Aug-2026,8.35,8.3999,7.61,7.8701,4300
PTNQ,06-Aug-2026,85.59,86.56,85.59,86.22,209300
PTON,06-Aug-2026,5.9,6,5.44,5.505,31062400
PTOR,06-Aug-2026,9.94,9.94,9.94,9.94,19500
PTORU,06-Aug-2026,10.12,10.52,9.8,10.1999,6500
PTRN,06-Aug-2026,22.49,22.49,19.5,22.09,3316600
PUBM,06-Aug-2026,13.6,13.81,13.27,13.48,804100
PUI,06-Aug-2026,45.365,45.365,45.07,45.1405,1600
PUL,06-Aug-2026,30.1066,30.1066,30.1066,30.1066,600
PULM,06-Aug-2026,1.68,1.68,1.66,1.66,1500
PUR,06-Aug-2026,12.7,12.76,12.3171,12.3171,1700
PURR,06-Aug-2026,6.5,6.91,6.45,6.67,4991900
PUSA,06-Aug-2026,3.08,3.18,2.97,3.05,314100
PVLA,06-Aug-2026,155.4,160.47,152.06,154.93,95300
PWCM,06-Aug-2026,1.5,1.6,1.45,1.56,202200
PWP,06-Aug-2026,17.49,17.665,16.95,17.06,718400
PWRD,06-Aug-2026,112.25,114.1,111.985,111.9877,60400
PWRL,06-Aug-2026,11.01,11.44,10.21,10.89,219300
PXI,06-Aug-2026,57.92,58.23,57.82,57.9376,2600
PXLW,06-Aug-2026,6.36,6.45,6.2285,6.38,10100
PXS,06-Aug-2026,4.78,4.89,4.645,4.89,55100
PY,06-Aug-2026,57.26,57.26,56.93,57.1271,12900
PYPD,06-Aug-2026,4.6,4.89,4.45,4.81,137100
PYPG,06-Aug-2026,8.91,9.4,8.91,9.3928,371300
PYPL,06-Aug-2026,58.29,59.79,58.1,59.78,10754100
PYXS,06-Aug-2026,3.14,3.77,3.13,3.75,1395500
PYZ,06-Aug-2026,126.26,127.099,125.2426,125.2426,2200
PZZA,06-Aug-2026,27.08,27.08,24.285,24.64,7901800
QABA,06-Aug-2026,70.16,70.23,69.28,69.3683,7700
QADR,06-Aug-2026,9.96,9.96,9.96,9.96,0
QALT,06-Aug-2026,26.46,26.48,26.41,26.43,5100
QAT,06-Aug-2026,17.8,17.81,17.72,17.735,23000
QB,06-Aug-2026,48.63,48.74,48.63,48.725,51800
QBIG,06-Aug-2026,41.76,41.8299,41.7401,41.8299,1500
QBTS,06-Aug-2026,18.44,20.59,18.33,19.405,23702500
QBTZ,06-Aug-2026,3.76,3.76,3.15,3.46,8820900
QBUF,06-Aug-2026,30.68,30.755,30.67,30.705,19800
QBY,06-Aug-2026,6.72,6.81,6.7,6.75,10600
QCLN,06-Aug-2026,50.81,53.14,50.81,51.55,322100
QCLR,06-Aug-2026,28.1,28.1,28.0629,28.0629,200
QCLS,06-Aug-2026,2.92,2.995,2.8,2.8,87100
QCMD,06-Aug-2026,19.22,19.22,18.59,18.6828,12700
QCML,06-Aug-2026,13.49,14.6109,13.48,14.3978,333300
QCMU,06-Aug-2026,16.69,18.13,16.69,17.895,200200
QCOM,06-Aug-2026,155.42,162.6,155.22,160.39,7232700
QCRH,06-Aug-2026,105.87,105.99,103.89,104.34,80300
QDEL,06-Aug-2026,17.17,17.34,16.165,16.32,2749600
QDTY,06-Aug-2026,39.18,39.3897,38.92,39.3777,18700
QEW,06-Aug-2026,29.98,29.98,29.73,29.7442,19100
QFF,06-Aug-2026,25.37,25.48,25.37,25.4214,4000
QFIN,06-Aug-2026,13.08,13.14,12.8,13.02,1043500
QGRD,06-Aug-2026,29.41,29.5288,29.36,29.4011,8700
QH,06-Aug-2026,4.47,4.72,4.16,4.53,64200
QLDY,06-Aug-2026,41.98,42.71,41.98,42.3238,23800
QLYS,06-Aug-2026,180,184.4,174.9646,181.78,1259600
QMCO,06-Aug-2026,11.39,12.19,11.06,11.68,548500
QMID,06-Aug-2026,30.0691,30.0691,30.0691,30.0691,100
QMLS,06-Aug-2026,6.15,6.315,5.95,6.02,203600
QMOM,06-Aug-2026,75.51,76.5905,75.51,75.6782,11400
QNCX,06-Aug-2026,29.17,30.32,28.5517,29.54,26100
QNDX,06-Aug-2026,24.1,24.35,24.015,24.2,280700
QNME,06-Aug-2026,0.5027,0.5454,0.461,0.48,1205500
QNRX,06-Aug-2026,4.4,4.7,4.325,4.57,30200
QNST,06-Aug-2026,15.19,15.37,15.08,15.22,651000
QNT,06-Aug-2026,55,60.3699,54.325,58.88,1015400
QNTM,06-Aug-2026,2.9,3.25,2.8101,3.23,64200
QNXT,06-Aug-2026,31.355,31.36,31.26,31.2775,6000
QOWZ,06-Aug-2026,36.8321,36.8321,36.8321,36.8321,200
QPUX,06-Aug-2026,16.98,18.8,16.72,17.48,240900
QQA,06-Aug-2026,55.81,56.39,55.79,56.16,118400
QQDN,06-Aug-2026,20.99,20.99,20.02,20.2234,2100
QQEW,06-Aug-2026,158.17,160.07,158.17,159.22,34600
QQHG,06-Aug-2026,66.2472,66.2472,66.2472,66.2472,100
QQLV,06-Aug-2026,25.565,25.6017,25.565,25.6017,200
QQMG,06-Aug-2026,49.63,50.17,49.63,49.9231,15600
QQQ,06-Aug-2026,710.82,719.32,708.5,714.65,33035800
QQQA,06-Aug-2026,71.19,72.2499,70.8494,71.3328,205500
QQQE,06-Aug-2026,120.11,120.74,119.8,120.03,132800
QQQG,06-Aug-2026,29.715,30.5109,29.715,30.2862,742500
QQQH,06-Aug-2026,54.24,54.82,54.24,54.5486,13900
QQQI,06-Aug-2026,54.49,54.98,54.36,54.75,3982700
QQQJ,06-Aug-2026,44.95,45.37,44.84,45.18,127900
QQQM,06-Aug-2026,292.64,296.11,291.75,294.26,3026500
QQQP,06-Aug-2026,218.59,218.59,217.78,218.0473,700
QQQS,06-Aug-2026,43.74,43.74,43.35,43.5369,1300
QQQT,06-Aug-2026,17.92,18.015,17.825,17.9533,44000
QQQX,06-Aug-2026,30.47,30.47,30.1701,30.3,61900
QQQY,06-Aug-2026,22.61,22.8,22.5303,22.6978,41700
QQUP,06-Aug-2026,65.1,65.1,64.63,64.7456,1000
QQWZ,06-Aug-2026,27.9076,27.9559,27.84,27.9559,10200
QQXL,06-Aug-2026,54.9007,54.9007,54.9007,54.9007,400
QQXT,06-Aug-2026,101.16,101.16,100.913,101.044,2100
QRHC,06-Aug-2026,1.24,1.2945,1.2237,1.27,37000
QRMI,06-Aug-2026,15.235,15.235,15.235,15.235,400
QRVO,06-Aug-2026,94.65,96.4,94.42,95.33,1139900
QS,06-Aug-2026,5.44,5.65,5.38,5.53,11656600
QSEAR,06-Aug-2026,0.18,0.2187,0.18,0.2087,1300
QSI,06-Aug-2026,0.7522,0.779,0.75,0.755,1493500
QSIX,06-Aug-2026,42.295,42.49,42.2559,42.2559,1700
QSML,06-Aug-2026,34.6578,34.6578,34.6578,34.6578,100
QTEC,06-Aug-2026,307.33,314.885,306.37,311.29,240300
QTEX,06-Aug-2026,1.03,1.08,1,1.06,1278100
QTI,06-Aug-2026,2.8,2.85,2.705,2.715,17500
QTOP,06-Aug-2026,37.24,37.7,37.1,37.46,141000
QTR,06-Aug-2026,33.8,34.2,33.8,34.033,28600
QTRX,06-Aug-2026,3.78,3.87,3.73,3.83,245100
QTTB,06-Aug-2026,16.47,16.9587,16.02,16.2,604500
QTUM,06-Aug-2026,147.79,151.579,146.636,149.24,212900
QUBT,06-Aug-2026,8.52,8.97,8.47,8.775,5813000
QUCY,06-Aug-2026,1.38,1.44,1.3587,1.38,572800
QUIK,06-Aug-2026,13.8,14.52,13.5,13.87,126900
QUMS,06-Aug-2026,10.29,10.3,10.285,10.3,328200
QUMSR,06-Aug-2026,0.15,0.1645,0.15,0.1645,300
QURE,06-Aug-2026,44.15,45.48,43.9,45.36,1268100
QVAL,06-Aug-2026,59.79,59.79,59.475,59.5116,18500
QVOL,06-Aug-2026,99.37,100.65,98.6118,100.1352,3300
QXL,06-Aug-2026,4.55,4.8,4.51,4.71,16400
QXQ,06-Aug-2026,31.8,31.81,31.7,31.7405,8100
QYLD,06-Aug-2026,18.02,18.1,18.01,18.08,2975900
QYLG,06-Aug-2026,29.36,29.61,29.31,29.5,33900
RAA,06-Aug-2026,29.59,29.87,29.59,29.8255,14500
RACC,06-Aug-2026,22.31,25.65,22.31,24.62,33900
RACD,06-Aug-2026,11.3,11.63,11.2148,11.2148,4000
RADX,06-Aug-2026,2.84,2.9929,2.62,2.79,33900
RAIL,06-Aug-2026,8.14,8.14,7.685,7.71,197500
RAIN,06-Aug-2026,1.25,1.34,1.2,1.27,659700
RAINW,06-Aug-2026,0.1675,0.1675,0.1275,0.13,2200
RAND,06-Aug-2026,10.16,10.16,10.16,10.16,1900
RANG,06-Aug-2026,10.72,10.73,10.72,10.73,800
RANGR,06-Aug-2026,0.24,0.24,0.24,0.24,100
RANI,06-Aug-2026,0.7879,0.8136,0.7786,0.7811,696000
RAPP,06-Aug-2026,42.99,46.72,42.85,46.35,408300
RARE,06-Aug-2026,24.99,26.1,24.805,25.82,1960400
RAUS,06-Aug-2026,30.2,30.25,30.14,30.1474,7200
RAVE,06-Aug-2026,3.17,3.21,2.95,3.13,50700
RAY,06-Aug-2026,2.8704,2.98,2.8704,2.8704,3500
RAYA,06-Aug-2026,2.51,2.51,2.45,2.45,3500
RBB,06-Aug-2026,27.12,27.15,26.66,26.81,209000
RBBN,06-Aug-2026,2.11,2.145,2.08,2.1,700600
RBCAA,06-Aug-2026,100.92,102.22,99.505,99.62,83600
RBIL,06-Aug-2026,49.89,49.925,49.8801,49.925,23000
RBKB,06-Aug-2026,12.2,12.68,12.1385,12.52,397800
RBNE,06-Aug-2026,2.52,2.5499,2.32,2.365,41700
RCAT,06-Aug-2026,8.252,9.03,8.252,8.67,10030500
RCAX,06-Aug-2026,3.26,3.795,3.25,3.52,600100
RCBC,06-Aug-2026,45,47.15,45,46.8,543100
RCEL,06-Aug-2026,4.54,4.84,4.478,4.75,397900
RCGE,06-Aug-2026,31.3497,31.3497,31.3497,31.3497,100
RCKT,06-Aug-2026,3.52,3.62,3.49,3.54,2119500
RCKTW,06-Aug-2026,0.0011,0.0029,0.0011,0.0029,11900
RCKY,06-Aug-2026,49.95,50.47,49.44,49.71,99800
RCMT,06-Aug-2026,28.86,29.545,28.53,28.53,44800
RCON,06-Aug-2026,0.0488,0.0498,0.04,0.0419,81601900
RCT,06-Aug-2026,0.1983,0.212,0.197,0.206,1619200
RDAC,06-Aug-2026,6.12,6.12,6.12,6.12,500
RDCM,06-Aug-2026,10,10.11,9.42,10.03,274100
RDGT,06-Aug-2026,0.7168,0.7995,0.6926,0.7862,10290900
RDHL,06-Aug-2026,0.68,0.68,0.5799,0.581,58600
RDI,06-Aug-2026,1.54,1.55,1.49,1.55,45000
RDNT,06-Aug-2026,67.97,68.28,66.53,68.16,611900
RDNW,06-Aug-2026,6.71,6.85,6.59,6.83,133600
RDTL,06-Aug-2026,13.82,14.5937,13.5,13.77,529300
RDTY,06-Aug-2026,37.8,37.83,37.5355,37.5355,6500
RDVT,06-Aug-2026,63.99,68.65,63.78,67.3,977000
RDVY,06-Aug-2026,83.33,83.7153,83.16,83.22,1164100
RDWR,06-Aug-2026,28.02,28.26,27.14,27.91,180400
RDZN,06-Aug-2026,1.26,1.28,1.23,1.24,175000
RDZNW,06-Aug-2026,0.14,0.14,0.13,0.14,3100
REAI,06-Aug-2026,21.4978,21.4978,21.4978,21.4978,100
REAL,06-Aug-2026,12.44,12.94,12.04,12.77,7098100
REAX,06-Aug-2026,1.83,2.05,1.67,1.99,8647100
REBN,06-Aug-2026,1.4,1.44,1.335,1.34,22600
RECT,06-Aug-2026,1.24,1.3298,1.1,1.1986,65100
REFI,06-Aug-2026,9.85,10.1,9.85,10.09,118000
REFR,06-Aug-2026,0.4601,0.5,0.4474,0.4675,230000
REG,06-Aug-2026,79.73,80.7,76.905,76.96,2584900
REGCO,06-Aug-2026,22.0899,22.0899,21.88,21.88,2000
REGCP,06-Aug-2026,23.07,23.1768,22.94,23.1768,1100
REGN,06-Aug-2026,777.85,780.95,762.785,772.11,783900
REIT,06-Aug-2026,31.01,31.13,30.55,30.5977,7400
REKR,06-Aug-2026,0.66,0.67,0.6408,0.6469,573500
RELL,06-Aug-2026,20.66,21.7199,20.37,20.74,635400
RELY,06-Aug-2026,25.98,27.15,24.11,25.93,8359400
REMG,06-Aug-2026,35.44,35.95,35.44,35.735,9500
RENT,06-Aug-2026,3.56,3.69,3.5,3.62,62400
RENX,06-Aug-2026,2,2.1,1.85,1.92,94000
REPL,06-Aug-2026,11.78,13.9,11.58,12.86,7281400
RETO,06-Aug-2026,2.8523,2.8523,2.8523,2.8523,400
REVB,06-Aug-2026,1.13,1.1521,1.12,1.12,6000
REXC,06-Aug-2026,17.57,17.92,17.375,17.65,127200
REYN,06-Aug-2026,26.76,26.94,26.19,26.29,1618300
RFAI,06-Aug-2026,11.08,11.09,11.05,11.0888,47400
RFAIR,06-Aug-2026,0.11,0.1198,0.1039,0.1198,1100
RFAM,06-Aug-2026,9.91,9.91,9.91,9.91,55800
RFDI,06-Aug-2026,91.85,91.85,91.16,91.2466,41700
RFEM,06-Aug-2026,96.27,96.27,95.7,95.7588,15700
RFIL,06-Aug-2026,13.1,13.72,12.8073,13.07,230000
RGC,06-Aug-2026,5.96,5.96,5.4,5.46,169900
RGCO,06-Aug-2026,21.41,22.15,21.39,21.94,19100
RGEN,06-Aug-2026,156.21,162.37,156.085,159.44,1221200
RGLD,06-Aug-2026,215.09,219.295,213.04,218.11,801600
RGLO,06-Aug-2026,33.7,34.43,33.7,33.83,32600
RGNX,06-Aug-2026,11.28,11.5,10.85,11.28,1769200
RGP,06-Aug-2026,4.42,4.46,4.18,4.2,355900
RGS,06-Aug-2026,27.12,28.79,27.12,28.79,2500
RGTI,06-Aug-2026,16.15,17.14,16.06,16.53,22638300
RGTIW,06-Aug-2026,6.65,7.2,6.43,6.64,57500
RGTX,06-Aug-2026,11.22,12.68,11.13,11.82,719000
RGTZ,06-Aug-2026,3.81,3.84,3.39,3.64,5456600
RGYY,06-Aug-2026,6.75,6.79,6.7353,6.765,21200
RICK,06-Aug-2026,25.99,26.8,25.98,26.24,66100
RIFR,06-Aug-2026,28.7066,28.7066,28.56,28.5965,2900
RIGL,06-Aug-2026,39.85,41.24,38.46,39.22,480900
RILY,06-Aug-2026,7.34,7.595,7.1285,7.26,592200
RILYG,06-Aug-2026,24.6,24.6,24.3501,24.425,8200
RILYL,06-Aug-2026,13.75,13.95,13.74,13.85,6700
RILYN,06-Aug-2026,24.905,24.93,24.9,24.92,18100
RILYP,06-Aug-2026,12.86,13.63,12.86,13.365,7000
RILYT,06-Aug-2026,21.02,21.101,20.95,21.06,1700
RILYZ,06-Aug-2026,19.13,19.235,19.08,19.235,16900
RIME,06-Aug-2026,0.4036,0.4336,0.3913,0.4238,151400
RING,06-Aug-2026,71.36,72.91,71.06,72.38,246300
RINT,06-Aug-2026,32.9,33.08,32.9,32.9374,16600
RIOT,06-Aug-2026,21.03,22.55,20.5725,21.21,16303000
RITR,06-Aug-2026,0.1909,0.2282,0.18,0.1925,27123100
RIVN,06-Aug-2026,15.39,15.87,15.3,15.38,13934600
RJET,06-Aug-2026,21.62,22,21.15,21.28,138300
RKDA,06-Aug-2026,0.7032,0.7451,0.6724,0.7154,53400
RKLB,06-Aug-2026,72.31,80.19,72.3,75.67,19508200
RKLX,06-Aug-2026,20.02,24.55,20,21.98,2029100
RKLZ,06-Aug-2026,3.76,3.76,3.03,3.45,6295300
RKNG,06-Aug-2026,22.74,23.34,22.74,23.1279,4300
RKTO,06-Aug-2026,0.797,0.82,0.78,0.7932,224700
RLAY,06-Aug-2026,19.71,20.26,19.5,19.75,2430300
RLMD,06-Aug-2026,5.44,5.575,5.32,5.37,984200
RLYB,06-Aug-2026,16.28,16.65,15.95,16.19,27100
RMBI,06-Aug-2026,15.99,16.04,15.79,15.93,34600
RMBS,06-Aug-2026,94.54,101.65,93.775,97.68,1762200
RMCF,06-Aug-2026,0.88,0.88,0.8301,0.84,14300
RMCO,06-Aug-2026,2.4,2.4,2.34,2.39,4500
RMCOW,06-Aug-2026,0.133,0.133,0.127,0.127,15200
RMIX,06-Aug-2026,18.5,18.975,18.11,18.27,88900
RMNI,06-Aug-2026,4.73,4.975,4.69,4.95,763400
RMR,06-Aug-2026,18.64,19.06,17.8801,18.8,303800
RMSG,06-Aug-2026,0.373,0.42,0.3511,0.4099,343700
RMSGW,06-Aug-2026,0.0288,0.035,0.0288,0.035,2900
RMTI,06-Aug-2026,7.24,7.39,7.16,7.16,14200
RNA,06-Aug-2026,11.96,12.31,11.875,12.11,193100
RNAC,06-Aug-2026,8.48,8.87,8.4458,8.76,105500
RNAZ,06-Aug-2026,4.3,4.3,3.99,4.27,13300
RNEM,06-Aug-2026,57.08,57.08,57.08,57.08,200
RNGTU,06-Aug-2026,10.28,10.28,10.28,10.28,400
RNIN,06-Aug-2026,36.46,36.46,35.95,36.0471,39800
RNRG,06-Aug-2026,34.34,34.34,33.17,34.3051,2800
RNTX,06-Aug-2026,0.72,0.7885,0.72,0.7885,206000
RNW,06-Aug-2026,6.11,6.27,6.052,6.23,842900
RNWWW,06-Aug-2026,0.0026,0.0026,0.0013,0.0013,31900
RNXT,06-Aug-2026,1.07,1.18,1.07,1.15,693500
ROAD,06-Aug-2026,106.19,106.51,98.955,100.16,1364700
ROBT,06-Aug-2026,57.47,57.9562,57.11,57.5828,45900
ROC,06-Aug-2026,5.02,5.02,4.645,4.91,4900
ROCK,06-Aug-2026,54.13,54.64,50.18,50.78,673500
ROCQ,06-Aug-2026,55.45,55.78,55.34,55.71,253700
ROCY,06-Aug-2026,55.36,55.463,55.27,55.27,101100
ROE,06-Aug-2026,43.55,43.69,43.5368,43.56,19100
ROIV,06-Aug-2026,33.11,35.37,33.11,35.12,8248300
ROKU,06-Aug-2026,148.32,150.61,148,150.07,3841100
ROOT,06-Aug-2026,47,50.79,45.14,50.51,879500
ROP,06-Aug-2026,397.5,397.63,389.73,397.08,607700
ROST,06-Aug-2026,253.75,254.85,250.855,254.31,1486600
RPAY,06-Aug-2026,3.99,4.04,3.86,3.99,469600
RPD,06-Aug-2026,10.404,10.745,10.0604,10.38,2131900
RPGL,06-Aug-2026,1.83,1.95,1.795,1.92,40800
RPID,06-Aug-2026,2.1,2.11,2.05,2.08,72100
RPRX,06-Aug-2026,58.94,59.19,56.83,57.26,2441500
RR,06-Aug-2026,1.53,1.575,1.5,1.52,3221200
RRBI,06-Aug-2026,100.97,101.48,100.15,100.76,34100
RREV,06-Aug-2026,9.91,9.935,9.91,9.935,308400
RRGB,06-Aug-2026,8.16,8.46,7.96,8.44,274900
RRR,06-Aug-2026,61.75,63.34,60.45,62.91,987100
RSSS,06-Aug-2026,2.23,2.23,2.155,2.18,7700
RSVR,06-Aug-2026,10.55,10.55,10.22,10.29,24600
RTAC,06-Aug-2026,10.49,10.5101,10.48,10.48,17300
RTACU,06-Aug-2026,10.79,10.8,10.79,10.79,1700
RTACW,06-Aug-2026,0.61,0.66,0.61,0.66,3100
RTB,06-Aug-2026,17,17.2912,15.54,15.91,57100
RTH,06-Aug-2026,273.71,274.26,270.795,272.2094,7400
RTXG,06-Aug-2026,30.6,31,29.911,30.3817,9900
RTYY,06-Aug-2026,9.8099,9.91,9.775,9.8287,102200
RUBI,06-Aug-2026,2.35,2.45,2.26,2.34,96800
RUM,06-Aug-2026,6.09,6.29,6.09,6.2,1235200
RUMBW,06-Aug-2026,1.6,1.71,1.54,1.7,1900
RUN,06-Aug-2026,9.045,10.125,8.6101,9.38,19911400
RUNN,06-Aug-2026,34.59,35.08,34.59,35.0268,73500
RUSC,06-Aug-2026,38.7,38.8794,38.5578,38.5578,5600
RUSHA,06-Aug-2026,82.66,82.66,79.46,79.73,312400
RUSHB,06-Aug-2026,80,80.35,77.59,77.85,54700
RVMD,06-Aug-2026,197.72,203,195.42,197.81,1747500
RVMDW,06-Aug-2026,10.58,11.03,10.19,10.59,27500
RVNL,06-Aug-2026,23.79,24.805,23.47,23.54,62000
RVSB,06-Aug-2026,5.4,5.44,5.4,5.44,30800
RVSN,06-Aug-2026,4.37,4.465,4.32,4.39,4900
RVSNW,06-Aug-2026,0.0193,0.0194,0.0192,0.0194,3600
RWAY,06-Aug-2026,5.85,6.045,5.85,5.98,944600
RWAYI,06-Aug-2026,24.7,24.8,24.7,24.745,3600
RWAYL,06-Aug-2026,25.37,25.4,25.37,25.39,3900
RWIN,06-Aug-2026,27.52,27.56,27.48,27.48,3200
RXRX,06-Aug-2026,3.13,3.26,3.115,3.18,14794300
RXST,06-Aug-2026,6,6.13,5.43,6.08,1339900
RXT,06-Aug-2026,4.55,5.045,4.43,4.82,6642000
RYAAY,06-Aug-2026,60.78,61.42,60.26,60.55,466400
RYET,06-Aug-2026,1.08,1.09,1.01,1.05,5900
RYM,06-Aug-2026,24.99,24.99,21.49,22.08,9800
RYOJ,06-Aug-2026,5.03,5.3974,4.61,4.85,194800
RYTM,06-Aug-2026,110.03,112.3,108.49,112.1,944300
RZLT,06-Aug-2026,4.715,4.925,4.65,4.7,924900
RZLV,06-Aug-2026,2.65,2.71,2.58,2.64,7019700
RZLVW,06-Aug-2026,0.8,0.805,0.78,0.78,37100
SAAQ,06-Aug-2026,10.25,10.25,10.15,10.15,5300
SAAQW,06-Aug-2026,1,1,1,1,100
SABR,06-Aug-2026,2.02,2.26,1.96,2.24,10254200
SABS,06-Aug-2026,3.76,3.87,3.61,3.85,280300
SABSW,06-Aug-2026,0.0171,0.028,0.016,0.0237,183900
SAFT,06-Aug-2026,103.5,103.56,103.41,103.5,176400
SAFX,06-Aug-2026,0.36,0.3864,0.359,0.3672,1554900
SAGT,06-Aug-2026,0.7591,0.7749,0.7,0.721,1179200
SAIA,06-Aug-2026,354.23,362.93,350.211,361.82,502300
SAIC,06-Aug-2026,120.9,125.63,120.9,124.28,570100
SAIH,06-Aug-2026,22.08,23,21.5,21.5,14700
SAIHW,06-Aug-2026,0.0271,0.0271,0.0271,0.0271,1700
SAIL,06-Aug-2026,17.54,17.72,17.235,17.68,2213500
SAMG,06-Aug-2026,10.25,10.58,10.14,10.14,43300
SANA,06-Aug-2026,3.505,3.6209,3.37,3.41,1830500
SANG,06-Aug-2026,3.935,4.0158,3.81,4.01,9600
SANM,06-Aug-2026,197.63,207.53,192.63,205.66,1117100
SARK,06-Aug-2026,28.64,28.705,28.1,28.43,137300
SATA,06-Aug-2026,98.49,98.9,98.21,98.8,116500
SATL,06-Aug-2026,4.83,5.332,4.64,5.04,12054000
SATLW,06-Aug-2026,0.73,0.84,0.6663,0.8299,25800
SBAC,06-Aug-2026,181.63,184.28,178.26,182.6,900900
SBC,06-Aug-2026,3,3.055,2.96,2.97,74200
SBCF,06-Aug-2026,35.27,35.34,34.51,34.53,733700
SBCWW,06-Aug-2026,0.25,0.26,0.22,0.25,3400
SBET,06-Aug-2026,6.26,6.4684,6.19,6.29,4728000
SBFG,06-Aug-2026,26.55,27.31,26.34,27.06,23000
SBFM,06-Aug-2026,1.36,1.4651,1.32,1.4,253600
SBGI,06-Aug-2026,14.51,16.3,14.21,14.76,1475300
SBLK,06-Aug-2026,29.5,29.5,28.1,28.59,1568300
SBRA,06-Aug-2026,21.5,21.59,20.815,20.91,2221100
SBUX,06-Aug-2026,106.14,106.285,103.6905,105.16,6029900
SCA,06-Aug-2026,21.7,21.7,21.3971,21.3971,400
SCAG,06-Aug-2026,0.3649,0.3745,0.3649,0.3692,26400
SCDS,06-Aug-2026,77.36,77.36,76.8254,76.8254,1500
SCHL,06-Aug-2026,42.48,42.54,39.81,39.9,261700
SCKT,06-Aug-2026,0.411,0.4288,0.386,0.39,79900
SCLX,06-Aug-2026,6.49,6.97,6.4568,6.94,65400
SCNI,06-Aug-2026,0.225,0.26,0.2152,0.2588,425100
SCNX,06-Aug-2026,0.3739,0.3888,0.3688,0.3727,260100
SCOR,06-Aug-2026,7.395,7.49,7.395,7.49,8300
SCPQ,06-Aug-2026,10.02,10.02,10,10,81200
SCPQU,06-Aug-2026,10.2,10.2,10.2,10.2,100
SCPQW,06-Aug-2026,0.3801,0.3801,0.3501,0.3501,200
SCSC,06-Aug-2026,56.88,58.299,56.4,56.94,382600
SCTX,06-Aug-2026,23.38,26.25,23.225,25.41,193000
SCWO,06-Aug-2026,2.23,2.32,2.17,2.23,19700
SCYX,06-Aug-2026,5.3,5.42,5.135,5.2,67600
SCZ,06-Aug-2026,85.99,86.3,85.785,85.91,733900
SCZM,06-Aug-2026,7.75,8.12,7.6,7.97,481700
SDA,06-Aug-2026,0.7947,0.8,0.7502,0.7894,37000
SDAWW,06-Aug-2026,0.15,0.15,0.1173,0.1195,2200
SDG,06-Aug-2026,90.64,90.84,90.5081,90.5081,1800
SDGR,06-Aug-2026,17.26,18.38,17.02,17.81,2740400
SDOT,06-Aug-2026,13.1,13.36,12.39,12.7,64400
SDSI,06-Aug-2026,51.09,51.14,51.06,51.0796,317800
SDST,06-Aug-2026,0.63,0.6505,0.6,0.6316,318400
SDSTW,06-Aug-2026,0.115,0.115,0.115,0.115,1000
SDTY,06-Aug-2026,41.65,41.8735,41.6,41.75,8300
SDVY,06-Aug-2026,44.83,44.95,44.46,44.51,1043300
SEAT,06-Aug-2026,8.21,8.28,7.64,7.88,78100
SEDG,06-Aug-2026,34.475,34.65,31.9401,32.67,6052900
SEED,06-Aug-2026,1.03,1.06,0.9605,1.04,141300
SEEM,06-Aug-2026,38.04,38.5,38.04,38.12,46400
SEER,06-Aug-2026,2.18,2.21,2.16,2.19,381300
SEGG,06-Aug-2026,2.59,2.69,2.55,2.59,51500
SEIC,06-Aug-2026,105.5,107,104.06,104.69,583400
SEIE,06-Aug-2026,36.97,37.03,36.74,36.76,139600
SEIS,06-Aug-2026,33.29,33.41,32.95,32.97,62600
SELF,06-Aug-2026,5.17,5.29,5.115,5.28,34900
SEMY,06-Aug-2026,13.97,14.0777,13.9037,14.05,99200
SENEA,06-Aug-2026,170.89,172.785,166.26,166.58,107700
SENS,06-Aug-2026,5.18,5.3,5.11,5.15,547400
SEPN,06-Aug-2026,39,40.1215,38.78,39.53,193600
SERA,06-Aug-2026,1.99,2,1.935,2,16800
SERV,06-Aug-2026,5.51,5.88,5.5,5.68,5395000
SETM,06-Aug-2026,31.4,31.9189,31.15,31.49,113600
SEUS,06-Aug-2026,26.19,26.19,26.04,26.0781,24700
SEV,06-Aug-2026,2.07,2.1581,2.05,2.12,125000
SEVN,06-Aug-2026,7.76,7.83,7.67,7.72,144000
SEZL,06-Aug-2026,168.54,179.73,165.37,178.53,1182900
SFBC,06-Aug-2026,46.98,48.21,46.37,46.75,25400
SFD,06-Aug-2026,25.53,25.62,24.93,25.08,760800
SFHG,06-Aug-2026,2.31,2.4,2.31,2.39,3400
SFIX,06-Aug-2026,4.12,4.14,3.945,4.03,2286800
SFLO,06-Aug-2026,37.91,38.1225,37.87,38,101900
SFM,06-Aug-2026,85.38,87.46,83.885,87.2,1728700
SFNC,06-Aug-2026,24.28,24.32,23.52,23.55,1682700
SFST,06-Aug-2026,64.65,65.04,63.52,63.8,129800
SFWL,06-Aug-2026,0.9431,0.9431,0.91,0.91,21300
SGA,06-Aug-2026,9.33,9.58,9.18,9.53,7600
SGC,06-Aug-2026,14.09,14.5489,14.03,14.13,58000
SGHT,06-Aug-2026,5.79,7.17,5.695,7.09,778300
SGLY,06-Aug-2026,6.63,7,6.0904,6.68,39400
SGML,06-Aug-2026,10.54,11.02,10.48,10.78,1174300
SGMT,06-Aug-2026,8.46,8.975,8.29,8.74,1465700
SGP,06-Aug-2026,23.87,24.99,23.74,24.75,76500
SGRY,06-Aug-2026,15.35,15.47,14.575,14.92,2171000
SGVA,06-Aug-2026,100.64,100.64,100.53,100.545,7200
SHAZ,06-Aug-2026,52.84,57.32,51.51,52.15,1347700
SHBI,06-Aug-2026,24.59,24.59,24.05,24.11,347400
SHC,06-Aug-2026,18.55,19.205,18.32,18.91,5854600
SHEN,06-Aug-2026,13.21,13.865,13.12,13.41,494700
SHFS,06-Aug-2026,0.1951,0.1975,0.1769,0.1769,765900
SHIM,06-Aug-2026,4.12,4.23,4.0001,4.18,36100
SHIP,06-Aug-2026,16.98,17.46,16.89,17.24,232700
SHLS,06-Aug-2026,8.41,8.705,8.12,8.6,6363000
SHMD,06-Aug-2026,4.41,4.68,4.3701,4.44,231600
SHMDW,06-Aug-2026,1.395,1.395,1.21,1.23,3800
SHOE,06-Aug-2026,15.59,15.985,15.5374,15.64,387700
SHOO,06-Aug-2026,48.96,49.7,48.18,48.26,948800
SHOP,06-Aug-2026,143.7,148.09,142.1002,147.44,17541800
SHOT,06-Aug-2026,9.8,9.82,9.8,9.82,101500
SHPH,06-Aug-2026,4.29,4.51,4.06,4.38,82600
SHPU,06-Aug-2026,16.5,17.5999,16.22,17.41,166700
SHRY,06-Aug-2026,46.7997,46.7997,46.7997,46.7997,100
SHY,06-Aug-2026,81.86,81.86,81.8,81.8,4636100
SIBN,06-Aug-2026,18.04,18.2,17.65,18.14,435000
SIDU,06-Aug-2026,2,2.25,1.99,2.09,5920300
SIEB,06-Aug-2026,1.6099,1.675,1.6,1.66,18800
SIFY,06-Aug-2026,15.76,15.97,15.73,15.79,20100
SIGA,06-Aug-2026,3.15,3.195,3.1,3.12,493500
SIGI,06-Aug-2026,97.89,97.89,96.37,96.78,295900
SIGIP,06-Aug-2026,15.8929,15.8929,15.75,15.755,3200
SILC,06-Aug-2026,42.98,45.315,41.1,41.52,140900
SILO,06-Aug-2026,4.61,4.8,4.3959,4.67,78200
SIMO,06-Aug-2026,244.63,270.7644,238.51,267.43,1271500
SINT,06-Aug-2026,1.72,1.72,1.6101,1.63,18800
SION,06-Aug-2026,47.11,50.8,47.08,49.61,778400
SIRI,06-Aug-2026,30.77,30.96,29.655,29.88,2880300
SITM,06-Aug-2026,684.88,693.665,622.69,687.5,1398000
SJ,06-Aug-2026,0.8808,1.02,0.8808,0.9114,9800
SJCP,06-Aug-2026,25,25.065,25,25.065,1200
SJLD,06-Aug-2026,25.225,25.225,25.225,25.225,100
SKDD,06-Aug-2026,15.12,15.37,13.73,14.35,6094700
SKHY,06-Aug-2026,139,147.24,137.71,143.53,22257400
SKHY,06-Aug-2026,142,147.24,137.71,143.58,15524437
SKIN,06-Aug-2026,0.705,0.78,0.6704,0.7678,715800
SKK,06-Aug-2026,4.6,4.62,4.6,4.61,1000
SKOR,06-Aug-2026,47.99,48,47.945,47.955,27600
SKRE,06-Aug-2026,5.77,5.98,5.76,5.98,16900
SKUU,06-Aug-2026,17.43,19.66,17.05,18.65,5670400
SKWD,06-Aug-2026,63.03,65.69,62.78,65.63,681000
SKYA,06-Aug-2026,1.25,1.25,1.1,1.17,47100
SKYAW,06-Aug-2026,0.0284,0.0299,0.0274,0.0299,1100
SKYE,06-Aug-2026,0.5617,0.59,0.276,0.4717,451600
SKYQ,06-Aug-2026,3.83,3.96,3.66,3.86,1619300
SKYU,06-Aug-2026,43.62,45.11,43.62,44.7085,3900
SKYW,06-Aug-2026,115.94,116.57,113.31,113.44,342600
SKYX,06-Aug-2026,1.15,1.19,1.12,1.19,747500
SKYY,06-Aug-2026,149.04,151.44,147.785,150.59,177600
SLAB,06-Aug-2026,218.4,219.745,218.4,218.47,171000
SLBT,06-Aug-2026,2.8,2.91,2.7232,2.73,35600
SLDB,06-Aug-2026,8.76,9.11,8.7,8.71,577400
SLDE,06-Aug-2026,21,21.38,20.76,21.33,860100
SLDP,06-Aug-2026,2.12,2.24,2.08,2.19,4694700
SLDPW,06-Aug-2026,0.0321,0.0383,0.032,0.034,64500
SLE,06-Aug-2026,2.66,2.82,2.6549,2.77,6300
SLGB,06-Aug-2026,0.5266,0.5298,0.494,0.5124,281900
SLGL,06-Aug-2026,88.78,90,86.3701,86.9,86100
SLM,06-Aug-2026,27.53,27.68,27.34,27.41,2010400
SLMBP,06-Aug-2026,74.85,75.09,74.545,75.09,1800
SLMT,06-Aug-2026,4.16,4.37,3.99,4.09,24500
SLN,06-Aug-2026,11.27,11.8229,11.27,11.72,252800
SLNG,06-Aug-2026,4.72,4.73,4.72,4.73,1500
SLNH,06-Aug-2026,1.16,1.2,1.13,1.16,6248400
SLNHP,06-Aug-2026,11.15,11.845,11.13,11.845,14100
SLP,06-Aug-2026,18.32,18.34,18.32,18.34,137000
SLQD,06-Aug-2026,50.08,50.09,50.05,50.055,149200
SLRC,06-Aug-2026,12.69,13.03,12.5727,12.93,543900
SLS,06-Aug-2026,11.62,12.18,11.59,11.7,3769700
SLSN,06-Aug-2026,1.05,1.05,1.02,1.03,4000
SLVO,06-Aug-2026,65.03,66.7,65.02,66.04,78500
SLVR,06-Aug-2026,54.61,55.25,54,54.6,112400
SLXN,06-Aug-2026,1.8,1.8,1.6798,1.79,33000
SMBC,06-Aug-2026,77.97,78.74,77.14,77.91,95800
SMCF,06-Aug-2026,40.57,40.57,40.0879,40.0879,4900
SMCI,06-Aug-2026,30,30.935,29.33,29.38,26697900
SMCIP,06-Aug-2026,52.68,54.12,51.95,52.24,97100
SMCL,06-Aug-2026,11.46,12.21,10.99,11.0152,512000
SMCO,06-Aug-2026,30.77,30.77,30.4325,30.4325,8400
SMCX,06-Aug-2026,8.285,8.83,7.935,7.96,4336600
SMCZ,06-Aug-2026,6.23,6.43,5.81,6.4,694100
SMH,06-Aug-2026,565.47,580.43,559.56,571.48,6231600
SMHC,06-Aug-2026,48.46,48.95,48.46,48.5965,25900
SMHX,06-Aug-2026,57.47,59.3324,57.14,58.76,80500
SMID,06-Aug-2026,28.1,28.56,27.65,28.09,7600
SMMT,06-Aug-2026,13.63,13.93,13.435,13.54,2487200
SMOM,06-Aug-2026,28.67,28.72,28.6545,28.6545,3000
SMPL,06-Aug-2026,11.11,11.18,10.84,11.17,1755100
SMRI,06-Aug-2026,44.65,44.93,44.65,44.9263,38300
SMSI,06-Aug-2026,2.95,2.9561,2.64,2.8,18600
SMST,06-Aug-2026,56.015,56.76,53.6063,55.04,161500
SMTC,06-Aug-2026,119.74,137.15,117.5,134.78,2943800
SMTI,06-Aug-2026,34,34.1,33.95,34.09,427200
SMTK,06-Aug-2026,0.1625,0.168,0.151,0.152,1748900
SMX,06-Aug-2026,16.94,17.8,16.08,16.79,21000
SMXT,06-Aug-2026,0.38,0.39,0.3601,0.3854,224700
SMXWW,06-Aug-2026,0.0144,0.0161,0.0139,0.0161,15000
SMYY,06-Aug-2026,6.23,6.2556,6.2225,6.2347,13900
SNAG,06-Aug-2026,5.37,5.5301,5.17,5.19,34300
SNAL,06-Aug-2026,4.18,4.72,4.045,4.55,149700
SND,06-Aug-2026,4.24,4.47,4.16,4.42,371600
SNDK,06-Aug-2026,1173.26,1324,1163.09,1258.58,19161600
SNDL,06-Aug-2026,1.21,1.22,1.2,1.2,1145600
SNDX,06-Aug-2026,19.61,20.39,19.38,19.76,1476600
SNES,06-Aug-2026,1.37,1.37,1.15,1.27,287900
SNEX,06-Aug-2026,67.24,71,63.33,66.725,1846600
SNFCA,06-Aug-2026,9.35,9.66,9.35,9.63,46200
SNGX,06-Aug-2026,0.3774,0.3936,0.3774,0.3788,132200
SNOA,06-Aug-2026,1.25,1.3,1.17,1.25,1529900
SNPS,06-Aug-2026,398,409.9,396.2733,405.98,1480700
SNSR,06-Aug-2026,48.91,48.91,48.2301,48.37,27900
SNT,06-Aug-2026,1.9,1.9,1.83,1.8644,4800
SNTG,06-Aug-2026,1.75,1.75,1.71,1.75,5200
SNTI,06-Aug-2026,0.3701,0.39,0.3545,0.3589,69500
SNWV,06-Aug-2026,5.9,6.2,5.9,6,67800
SNY,06-Aug-2026,43.3,43.51,42.76,42.89,4147000
SNYR,06-Aug-2026,0.1675,0.17,0.1613,0.1639,138900
SOBR,06-Aug-2026,0.5228,0.5392,0.51,0.5312,1034800
SOCL,06-Aug-2026,46.56,46.67,46.3187,46.3187,1200
SOFA,06-Aug-2026,14.32,15.09,14.2,14.5236,16500
SOFI,06-Aug-2026,17.94,18.49,17.89,18.1,45351100
SOFX,06-Aug-2026,9.64,10.225,9.58,9.79,610800
SOGP,06-Aug-2026,12.5,12.92,12.5,12.74,1900
SOHU,06-Aug-2026,13.75,14.18,13.75,14.12,19300
SOLC,06-Aug-2026,14.69,14.69,14.55,14.6108,4000
SOLS,06-Aug-2026,62.18,63.49,61.49,62.18,1311700
SOLT,06-Aug-2026,30.9,31.47,30.495,30.73,185300
SOLZ,06-Aug-2026,7.29,7.3499,7.24,7.2734,1277700
SONM,06-Aug-2026,3.9,4.11,3.675,3.96,17300
SONO,06-Aug-2026,15.76,15.825,15.185,15.45,1544400
SOPH,06-Aug-2026,6.25,6.69,6.08,6.69,430600
SORA,06-Aug-2026,2.26,2.82,2.1201,2.305,155900
SOTK,06-Aug-2026,5.47,5.4899,5.3,5.42,19700
SOUN,06-Aug-2026,8.05,8.19,7,7.08,89567900
SOUNW,06-Aug-2026,2.25,2.25,1.75,1.79,68600
SOUX,06-Aug-2026,15.95,16.38,12.545,12.7582,598500
SOWG,06-Aug-2026,3.3,3.47,3.25,3.47,2300
SOXQ,06-Aug-2026,93.25,96.645,92.17,94.8,984500
SOXX,06-Aug-2026,522.66,542.56,516.41,532.52,7654600
SPAI,06-Aug-2026,4.4,4.67,4.35,4.39,84100
SPAM,06-Aug-2026,43.968,43.968,43.7097,43.7869,800
SPAQ,06-Aug-2026,93.985,93.985,93.985,93.985,100
SPBC,06-Aug-2026,49.13,49.13,48.92,48.9375,5000
SPCB,06-Aug-2026,10.55,10.9348,10.4,10.48,40000
SPCK,06-Aug-2026,21.84,22.105,21.84,22.08,900
SPCT,06-Aug-2026,28.23,28.27,28.191,28.2557,5500
SPCX,06-Aug-2026,107.08,115.75,105.11,114.92,255176600
SPEGR,06-Aug-2026,0.2501,0.2501,0.2501,0.2501,5000
SPFI,06-Aug-2026,45.31,45.45,44.87,45.04,79700
SPHL,06-Aug-2026,2.76,3.2,2.76,2.87,297000
SPIT,06-Aug-2026,34.019,34.019,33.85,33.85,500
SPKL,06-Aug-2026,11.68,11.68,11.62,11.67,4100
SPKLW,06-Aug-2026,1.19,1.28,1.16,1.25,8900
SPOG,06-Aug-2026,6.81,6.98,6.44,6.5487,60500
SPOK,06-Aug-2026,11.29,11.32,11.08,11.3,172900
SPPL,06-Aug-2026,2.08,2.39,1.889,2.34,63700
SPRB,06-Aug-2026,46.375,47.4099,45.24,46.42,39400
SPRC,06-Aug-2026,6.77,6.91,6.5,6.72,26000
SPRO,06-Aug-2026,1.26,1.275,1.23,1.27,974600
SPRX,06-Aug-2026,45.5,48.5472,45.01,46.92,89500
SPRY,06-Aug-2026,5.38,5.6,5.38,5.55,1264500
SPSC,06-Aug-2026,71.99,72.34,70.55,71.97,460400
SPT,06-Aug-2026,8.19,8.34,8.03,8.19,1780400
SPTX,06-Aug-2026,22.01,23.335,22,23.09,106500
SPWH,06-Aug-2026,1.18,1.22,1.17,1.18,871500
SPWR,06-Aug-2026,0.266,0.2668,0.2373,0.2417,5992700
SPWRW,06-Aug-2026,0.0315,0.11,0.0276,0.055,231900
SPXD,06-Aug-2026,29.51,29.51,29.4678,29.4678,200
SPYQ,06-Aug-2026,197.1799,197.1799,196.05,196.0717,600
SQFT,06-Aug-2026,2.2173,2.29,2.195,2.29,3100
SQFTW,06-Aug-2026,0.0142,0.0142,0.0142,0.0142,1000
SQLV,06-Aug-2026,54.73,54.73,54.19,54.2481,4600
SQQQ,06-Aug-2026,39.33,39.68,37.96,38.7,54593700
SQS,06-Aug-2026,28.465,28.65,28.465,28.471,29300
SRAD,06-Aug-2026,12.53,12.83,12.53,12.7,2173400
SRBK,06-Aug-2026,19.98,20.08,19.73,19.98,29200
SRCE,06-Aug-2026,90.5,90.77,89.18,89.34,126800
SRET,06-Aug-2026,22.39,22.42,22.22,22.2444,34300
SRPT,06-Aug-2026,16.66,17.19,16.3467,16.78,5241300
SRRK,06-Aug-2026,50.21,53.62,47.99,52.64,1617100
SRTA,06-Aug-2026,5.8,5.85,5.57,5.59,1189200
SRTS,06-Aug-2026,2.95,2.98,2.92,2.98,10900
SRZN,06-Aug-2026,21.74,22.4,21.15,21.64,211700
SRZNW,06-Aug-2026,0.0038,0.0038,0.0038,0.0038,6300
SSAC,06-Aug-2026,10.05,10.05,10.04,10.04,95800
SSACR,06-Aug-2026,0.1603,0.1603,0.1603,0.1603,200
SSACW,06-Aug-2026,0.1,0.1142,0.1,0.1,11000
SSBI,06-Aug-2026,13.26,13.36,13.26,13.32,2600
SSII,06-Aug-2026,3.87,3.87,3.66,3.71,14400
SSM,06-Aug-2026,3.58,3.58,3.58,3.58,500
SSNC,06-Aug-2026,79.21,79.95,78.69,79.84,1552300
SSP,06-Aug-2026,2.87,3.255,2.85,2.95,1877400
SSRM,06-Aug-2026,28.34,29.78,28.2226,28.77,2917100
SSS,06-Aug-2026,20.53,20.66,20.52,20.589,2000
SSTI,06-Aug-2026,7.85,7.85,7.71,7.76,93800
SSYS,06-Aug-2026,8.88,9.025,8.73,8.75,269600
STAA,06-Aug-2026,22.8,23.19,22.2,23.12,725500
STAK,06-Aug-2026,1.76,1.93,1.74,1.85,715800
STBA,06-Aug-2026,52.9,53.07,51.65,51.65,245700
STEP,06-Aug-2026,49.21,50.55,48.68,50.33,1660300
STEX,06-Aug-2026,0.7308,0.738,0.6901,0.7226,610300
STFS,06-Aug-2026,3.67,3.69,3.55,3.6,21500
STGW,06-Aug-2026,8.81,9.145,8.67,9.12,3002200
STHO,06-Aug-2026,9.37,9.72,9.12,9.48,71600
STI,06-Aug-2026,6.34,6.979,6.32,6.87,110000
STIM,06-Aug-2026,2.35,2.35,2.21,2.25,784000
STKE,06-Aug-2026,1.01,1.048,1.01,1.03,83400
STKH,06-Aug-2026,2.59,2.9216,2.4,2.55,439300
STKS,06-Aug-2026,1.7,1.8,1.68,1.72,39600
STLD,06-Aug-2026,266.13,266.61,260.92,261.48,902900
STLN,06-Aug-2026,4.95,5.045,4.85,4.99,2020600
STNC,06-Aug-2026,36.9346,36.9346,36.9346,36.9346,100
STNE,06-Aug-2026,11.16,11.195,10.975,11.08,2895000
STOK,06-Aug-2026,31.99,33.09,31.6,31.93,691000
STRA,06-Aug-2026,83.56,83.8,77.81,82.46,454200
STRC,06-Aug-2026,93.85,94.8974,93.6,94.06,1350800
STRD,06-Aug-2026,62.99,63.25,62.1451,63.19,47700
STRF,06-Aug-2026,95.42,96.5,95.42,95.81,36500
STRK,06-Aug-2026,64.8,65.5,64.175,65.25,65400
STRL,06-Aug-2026,531.5,559.38,518.861,536.08,604400
STRO,06-Aug-2026,24.96,25.8999,23.62,24.15,154000
STRR,06-Aug-2026,11.65,11.65,11.48,11.48,1600
STRS,06-Aug-2026,19.74,20.03,19.71,19.77,21300
STRT,06-Aug-2026,88.5,89.61,86.18,86.82,80000
STRZ,06-Aug-2026,26.35,27.515,25.435,25.74,193900
STTK,06-Aug-2026,7.41,7.68,7.05,7.16,772300
STX,06-Aug-2026,784.01,874.97,767.69,852.95,5562100
SUGP,06-Aug-2026,1.9,2.7,1.63,1.96,2096600
SUIG,06-Aug-2026,0.87,0.9276,0.87,0.9,144700
SUIS,06-Aug-2026,17.5039,17.5039,17.5039,17.5039,200
SUJA,06-Aug-2026,6.25,6.75,6.1,6.35,1457000
SUMAU,06-Aug-2026,10.25,10.25,10.25,10.25,100
SUNE,06-Aug-2026,2.5,2.5699,2.4201,2.47,90900
SUNS,06-Aug-2026,7.58,7.9418,7.58,7.85,48300
SUPN,06-Aug-2026,47.82,48.4,46.55,46.76,1344800
SUPP,06-Aug-2026,82.9053,82.9053,82.9053,82.9053,200
SUPX,06-Aug-2026,7,7.105,6.32,6.52,133800
SURG,06-Aug-2026,0.3951,0.3951,0.29,0.325,273800500
SUSB,06-Aug-2026,24.83,24.83,24.81,24.815,388800
SUSC,06-Aug-2026,22.71,22.73,22.68,22.695,130200
SUSL,06-Aug-2026,137.19,137.59,136.8601,137.1341,15600
SVAQ,06-Aug-2026,10.025,10.025,10.015,10.02,150900
SVAQW,06-Aug-2026,0.4038,0.5,0.3182,0.5,2000
SVC,06-Aug-2026,7.96,8.7,7.65,8.45,3451100
SVCC,06-Aug-2026,10.625,10.625,10.625,10.625,100
SVCO,06-Aug-2026,8.11,9,7.96,8.61,595500
SVIV,06-Aug-2026,10.2,10.2,10.195,10.2,108100
SVIVU,06-Aug-2026,10.35,10.38,10.35,10.38,10600
SVIVW,06-Aug-2026,0.81,0.81,0.7999,0.7999,4500
SVRA,06-Aug-2026,5.52,5.81,5.52,5.79,1007700
SVRE,06-Aug-2026,3.59,3.88,3.51,3.86,26600
SVRN,06-Aug-2026,6.33,6.48,6.01,6.15,16600
SWAG,06-Aug-2026,1.96,2.0101,1.95,1.98,15500
SWAGW,06-Aug-2026,0.0152,0.0267,0.0152,0.021,4500
SWBI,06-Aug-2026,14.82,14.86,14.412,14.55,343600
SWIM,06-Aug-2026,7.29,7.375,7.04,7.22,1651500
SWKHL,06-Aug-2026,25.37,25.39,25.2832,25.39,4200
SWKS,06-Aug-2026,66.33,68,66.12,66.84,3741000
SWMR,06-Aug-2026,35.8,37.2,34.55,34.6,168900
SWP,06-Aug-2026,29.38,29.38,29.05,29.1,7700
SWVL,06-Aug-2026,1.36,1.41,1.36,1.41,6100
SWVLW,06-Aug-2026,0.0085,0.0085,0.0085,0.0085,0
SXTC,06-Aug-2026,0.055,0.058,0.0527,0.0539,48984900
SXTP,06-Aug-2026,1.21,1.26,1.14,1.15,48600
SXTPW,06-Aug-2026,0.0254,0.0255,0.0254,0.0255,1200
SY,06-Aug-2026,2.11,2.1191,2.03,2.11,66500
SYBT,06-Aug-2026,85.32,85.58,83.6,83.93,141700
SYM,06-Aug-2026,43.61,44.38,39.58,39.6,5084100
SYNA,06-Aug-2026,98.515,104.69,98.515,102.1,848000
SYPR,06-Aug-2026,2.09,2.1,2.02,2.08,15800
SYRE,06-Aug-2026,102.39,106.75,101.64,103.42,454400
SYZ,06-Aug-2026,30.47,30.7526,30.47,30.7526,2100
SZZL,06-Aug-2026,10.38,10.39,10.38,10.39,74700
TACH,06-Aug-2026,10.44,10.44,10.43,10.44,43100
TACHW,06-Aug-2026,0.6323,0.6323,0.603,0.603,700
TACO,06-Aug-2026,10.47,10.47,10.44,10.44,32900
TACOW,06-Aug-2026,0.65,0.65,0.65,0.65,1000
TACT,06-Aug-2026,5.6064,5.6899,5.0808,5.68,10500
TALK,06-Aug-2026,5.21,5.23,5.21,5.21,661400
TANH,06-Aug-2026,0.43,0.4442,0.3811,0.421,275400
TAOP,06-Aug-2026,0.77,0.7971,0.7455,0.765,50700
TAOX,06-Aug-2026,3.46,3.5815,3.3389,3.44,34600
TAOZ,06-Aug-2026,90.85,90.86,90.808,90.808,5600
TARA,06-Aug-2026,4,4.11,3.975,4.1,329300
TARK,06-Aug-2026,41.15,42.05,41.05,41.2737,9800
TARS,06-Aug-2026,57.63,66.24,57.63,65.33,1648900
TASK,06-Aug-2026,7.04,8.225,7.02,7.82,3169600
TATT,06-Aug-2026,41.9,43.46,39.8,39.89,247800
TAVI,06-Aug-2026,10.68,10.68,10.68,10.68,1300
TAVIR,06-Aug-2026,0.11,0.11,0.106,0.106,500
TAX,06-Aug-2026,31.6,31.6,31.5779,31.5779,3000
TAXE,06-Aug-2026,50.52,50.58,50.52,50.532,7300
TAXI,06-Aug-2026,50.67,50.6851,50.66,50.67,9100
TAXS,06-Aug-2026,50.165,50.17,50.165,50.17,400
TAXT,06-Aug-2026,50.835,50.835,50.835,50.835,100
TAYD,06-Aug-2026,53.44,53.89,52.955,53.13,24100
TBBK,06-Aug-2026,72.02,72.45,70.69,70.75,402600
TBCH,06-Aug-2026,13.77,13.8,12.23,12.55,674600
TBIL,06-Aug-2026,49.9,49.9,49.89,49.89,1272400
TBLA,06-Aug-2026,3.86,4.1202,3.84,4.04,5989200
TBLD,06-Aug-2026,22.2,22.2999,22.052,22.11,29300
TBPH,06-Aug-2026,16.9,16.94,16.9,16.92,272400
TC,06-Aug-2026,1.94,2.04,1.915,1.96,262000
TCAN,06-Aug-2026,17.11,17.18,16.02,16.0495,9200
TCBI,06-Aug-2026,100.45,100.715,99.42,99.485,422400
TCBIO,06-Aug-2026,20.51,20.51,20.3,20.4,23400
TCBK,06-Aug-2026,58.74,58.78,57.41,57.54,267600
TCBS,06-Aug-2026,17.5,17.5,17.43,17.43,800
TCGX,06-Aug-2026,10.65,11.76,10.52,11.76,27200
TCHI,06-Aug-2026,24.01,24.0595,23.94,24.025,8300
TCMD,06-Aug-2026,29.95,29.9643,28.31,28.86,184800
TCOM,06-Aug-2026,46,46.35,45.81,46.24,1536500
TCPC,06-Aug-2026,3.7,3.9,3.36,3.9,2887100
TCRT,06-Aug-2026,2,2,1.99,1.99,5000
TCRX,06-Aug-2026,0.7709,0.7809,0.75,0.7632,129800
TCX,06-Aug-2026,14.07,15.03,13.64,14.07,91400
TDAC,06-Aug-2026,10.89,10.89,10.85,10.87,37600
TDCL,06-Aug-2026,12.47,13.67,12.46,13.37,20400
TDI,06-Aug-2026,46.09,46.33,46.02,46.0608,126200
TDIC,06-Aug-2026,2.62,2.84,2.5999,2.67,73700
TDIV,06-Aug-2026,114.18,116.22,113.9256,115.6205,86300
TDOG,06-Aug-2026,13.82,13.82,13.82,13.82,100
TDOT,06-Aug-2026,9.82,9.88,9.81,9.8698,1400
TDSB,06-Aug-2026,24.61,24.61,24.58,24.6081,3500
TDSC,06-Aug-2026,28.08,28.09,27.99,28.0437,5700
TDTH,06-Aug-2026,2.4,2.64,2.32,2.44,14200
TDUP,06-Aug-2026,3.82,3.8399,3.04,3.11,22336000
TEAD,06-Aug-2026,0.63,0.7916,0.62,0.696,543300
TEAM,06-Aug-2026,108.73,110.88,107.4201,110.17,7909500
TECH,06-Aug-2026,72.09,72.09,71.89,71.9,2314900
TECX,06-Aug-2026,29.91,30.805,29.5125,30.22,91900
TECY,06-Aug-2026,22.44,22.44,22.37,22.405,300
TEKX,06-Aug-2026,66.655,66.655,65.2,65.2,4800
TEKY,06-Aug-2026,45,45,44.5517,44.5517,200
TELA,06-Aug-2026,0.949,0.949,0.831,0.86,82900
TELO,06-Aug-2026,1.19,1.205,1.155,1.17,19600
TEM,06-Aug-2026,45.32,46.7499,44.8,46.12,2569800
TENB,06-Aug-2026,34.8,36.38,34.52,36.17,3763500
TENX,06-Aug-2026,12.99,13.6,12.99,13.31,1191900
TER,06-Aug-2026,382.01,396.59,370,384.89,2629600
TERG,06-Aug-2026,43.12,46.6195,41.64,43.85,31400
TEXN,06-Aug-2026,32.23,32.23,32.13,32.1693,3800
TEXX,06-Aug-2026,29.3777,29.3777,29.3777,29.3777,100
TFGZ,06-Aug-2026,37.0707,37.0707,37.0707,37.0707,100
TFNS,06-Aug-2026,30.109,30.109,29.69,29.7479,1400
TFSL,06-Aug-2026,18.5,18.56,17.84,17.86,940400
TGHL,06-Aug-2026,0.8183,0.95,0.8183,0.8324,335500
TGL,06-Aug-2026,2.85,2.88,2.68,2.88,12900
TGTX,06-Aug-2026,49.99,50.6,49.465,49.55,1404800
TH,06-Aug-2026,15.76,16.45,15.58,16,1263400
THCH,06-Aug-2026,1.74,1.8,1.69,1.78,4900
THEOU,06-Aug-2026,10.12,10.12,10.1,10.1,81000
THFF,06-Aug-2026,82.9,83.83,82.28,82.46,104400
THH,06-Aug-2026,0.2196,0.2681,0.2011,0.235,285300
THMZ,06-Aug-2026,34.84,34.93,34.84,34.8834,800
THRM,06-Aug-2026,41.51,41.56,40.07,40.4,409300
THRV,06-Aug-2026,24.14,24.155,24.14,24.155,900
THRY,06-Aug-2026,2.45,2.5,2.3427,2.46,1378000
THYM,06-Aug-2026,50.1,50.1346,50.08,50.1346,3500
THYP,06-Aug-2026,31.67,32.62,31.67,32.4,25500
TIGO,06-Aug-2026,99.5,107.13,99.5,104.31,3299500
TIGR,06-Aug-2026,4.76,4.8104,4.7003,4.74,907200
TIH,06-Aug-2026,24.99,24.99,24.8537,24.8537,7100
TIL,06-Aug-2026,7.34,7.49,7.21,7.28,2200
TILC,06-Aug-2026,25.9232,25.9232,25.9232,25.9232,100
TILE,06-Aug-2026,35.19,35.5099,34.86,35.1,365900
TIPT,06-Aug-2026,17.55,17.98,17.55,17.92,141300
TISC,06-Aug-2026,23.7351,23.7351,23.7351,23.7351,100
TITN,06-Aug-2026,19.65,19.7999,19.07,19.24,148100
TJGC,06-Aug-2026,3.71,3.86,3.18,3.66,1113600
TKLF,06-Aug-2026,1.96,1.96,1.88,1.93,17800
TKNO,06-Aug-2026,5.71,6.64,5.29,6.53,384100
TKNS,06-Aug-2026,21.56,21.56,21.5332,21.5332,100
TLA,06-Aug-2026,22.94,22.94,22.9077,22.9077,1800
TLF,06-Aug-2026,2.39,2.465,2.35,2.44,48100
TLG,06-Aug-2026,28.11,28.11,27.99,27.99,1000
TLIH,06-Aug-2026,5.76,5.76,5.76,5.76,400
TLN,06-Aug-2026,329.84,345,329.43,338.31,1173600
TLNC,06-Aug-2026,10.25,10.25,10.2462,10.2462,1100
TLPH,06-Aug-2026,1.4,1.44,1.38,1.43,343400
TLRY,06-Aug-2026,4.44,4.555,4.36,4.44,3949800
TLS,06-Aug-2026,4.63,4.63,4.52,4.57,269300
TLSA,06-Aug-2026,1.02,1.1,0.972,0.9743,1989000
TLSI,06-Aug-2026,4.67,4.93,4.62,4.87,203800
TLSIW,06-Aug-2026,0.865,1.66,0.865,1.66,14000
TLT,06-Aug-2026,82.77,82.92,82.4,82.52,27566500
TLX,06-Aug-2026,10.55,10.8303,10.44,10.64,67600
TMB,06-Aug-2026,25.22,25.34,25.21,25.2456,577500
TMC,06-Aug-2026,4,4.21,3.93,4.12,4086700
TMCI,06-Aug-2026,4.75,4.75,4.32,4.38,667200
TMCR,06-Aug-2026,6.05,6.2645,5.55,5.66,38900
TMCWW,06-Aug-2026,0.03,0.031,0.0211,0.0285,154700
TMDX,06-Aug-2026,76.37,80.37,75,80.21,1099800
TMED,06-Aug-2026,34.54,34.6663,34.43,34.6663,800
TMNL,06-Aug-2026,49.658,49.658,49.658,49.658,100
TMNS,06-Aug-2026,49.8478,49.85,49.8478,49.8478,800
TMS,06-Aug-2026,7.69,7.87,7.29,7.29,35200
TMSF,06-Aug-2026,50.11,50.11,50.11,50.11,100
TMSWW,06-Aug-2026,1.31,1.38,1.19,1.29,6500
TMTS,06-Aug-2026,10.065,10.065,10.065,10.065,500
TMUS,06-Aug-2026,177.4,180.38,176.25,179.97,4608500
TMUSI,06-Aug-2026,21.26,21.44,21.09,21.2,16400
TMUSL,06-Aug-2026,23.21,23.21,23.05,23.08,15100
TMUSZ,06-Aug-2026,20.82,20.83,20.56,20.72,29900
TMYY,06-Aug-2026,23.35,23.36,23.288,23.315,7000
TNDM,06-Aug-2026,19.3,19.545,18.495,18.79,3796500
TNGX,06-Aug-2026,28.28,30.1,28.28,29,1317500
TNMG,06-Aug-2026,0.5096,0.57,0.483,0.5463,1333100
TNON,06-Aug-2026,0.184,0.184,0.1613,0.168,1860700
TNONW,06-Aug-2026,0.0072,0.0072,0.0072,0.0072,200
TNXP,06-Aug-2026,11.27,11.695,11.15,11.65,227500
TNXT,06-Aug-2026,28.19,28.19,28.0894,28.0894,3200
TNYA,06-Aug-2026,0.78,0.7998,0.7255,0.7258,2929300
TOMZ,06-Aug-2026,1.84,1.86,1.78,1.84,5800
TONX,06-Aug-2026,2.85,2.95,2.82,2.84,174600
TOP,06-Aug-2026,10.48,10.9276,9.87,10.665,106900
TORO,06-Aug-2026,5.35,5.395,5.06,5.33,15000
TOUR,06-Aug-2026,5.25,5.3,5.15,5.15,8700
TOWN,06-Aug-2026,38.68,38.68,37.685,37.73,536900
TOYO,06-Aug-2026,5.11,5.455,5.11,5.28,1000100
TPCS,06-Aug-2026,4.68,4.7899,4.62,4.64,22000
TPG,06-Aug-2026,48.71,48.71,47.53,48.51,2892900
TPGXL,06-Aug-2026,22.88,23.015,22.64,22.84,10600
TPLS,06-Aug-2026,24.72,24.72,24.71,24.71,700
TPST,06-Aug-2026,0.91,0.936,0.9002,0.9024,26100
TQQQ,06-Aug-2026,70.85,73.445,70.16,72.03,60887100
TQQY,06-Aug-2026,12.322,12.3599,12.3207,12.345,4100
TRAW,06-Aug-2026,0.5578,0.5578,0.5379,0.539,52200
TRAX,06-Aug-2026,47.25,47.9775,44.95,45.31,443800
TRBF,06-Aug-2026,48.795,48.81,48.745,48.81,31300
TRDA,06-Aug-2026,7.05,7.11,6.74,6.87,269900
TREE,06-Aug-2026,33.7,33.85,31.47,31.85,707200
TRI,06-Aug-2026,100.58,102.2825,96.33,100.15,2329100
TRIB,06-Aug-2026,10.93,11.7299,10.75,11.64,11300
TRIP,06-Aug-2026,10.94,11.9287,10.15,10.42,11256000
TRMB,06-Aug-2026,57.86,58.76,57.4,58.55,1540000
TRMD,06-Aug-2026,29.13,29.695,29.04,29.49,359800
TRMK,06-Aug-2026,48.94,49,47.9,47.91,300800
TRNR,06-Aug-2026,3.39,3.475,3.3,3.44,11800
TRNS,06-Aug-2026,94.05,95,90.84,94.54,239800
TRON,06-Aug-2026,1.51,1.51,1.43,1.44,298800
TROO,06-Aug-2026,1.98,2.04,1.86,1.95,107500
TROW,06-Aug-2026,115.54,115.86,113.07,113.62,2455500
TRS,06-Aug-2026,41.3,41.75,40.36,40.48,461900
TRSG,06-Aug-2026,1.395,1.4591,1.395,1.4276,2300
TRST,06-Aug-2026,56.99,57.94,56.21,56.25,99300
TRUC,06-Aug-2026,25.62,25.62,25.46,25.4959,8800
TRUD,06-Aug-2026,26.57,26.6,26.41,26.4787,21000
TRUF,06-Aug-2026,30.24,30.24,30.1193,30.1193,900
TRUG,06-Aug-2026,0.88,0.9269,0.84,0.8698,29900
TRUH,06-Aug-2026,28.76,28.76,28.47,28.6551,700
TRUI,06-Aug-2026,26.4331,26.4331,26.4331,26.4331,100
TRUM,06-Aug-2026,25.5333,25.5333,25.5333,25.5333,100
TRUN,06-Aug-2026,27.4021,27.4021,27.4021,27.4021,100
TRUO,06-Aug-2026,25.6516,25.6516,25.6516,25.6516,100
TRUP,06-Aug-2026,27.59,29.278,26.3,28.16,1953600
TRUR,06-Aug-2026,25.2836,25.2836,25.2836,25.2836,100
TRUT,06-Aug-2026,31.65,32.11,31.65,31.9634,80000
TRUU,06-Aug-2026,23.6894,23.6894,23.6894,23.6894,100
TRVG,06-Aug-2026,5.18,5.575,5.13,5.49,178200
TRVI,06-Aug-2026,18.65,18.82,18.1,18.5,1961000
TSAT,06-Aug-2026,51.28,55.74,50.26,54.08,283100
TSBK,06-Aug-2026,45.16,45.72,44.96,45.72,25100
TSCM,06-Aug-2026,20.99,20.99,20.7344,20.7344,1500
TSCO,06-Aug-2026,33.89,34.37,33.405,34.09,12529800
TSDD,06-Aug-2026,10.94,11.04,10.555,10.77,3202600
TSEL,06-Aug-2026,28.95,28.95,28.6,28.6322,4100
TSEM,06-Aug-2026,208.795,232.68,208.795,224.7,2189100
TSHA,06-Aug-2026,6.39,6.55,6.28,6.34,2106200
TSL,06-Aug-2026,11.59,11.87,11.55,11.7216,436700
TSLA,06-Aug-2026,317.05,323,315.5205,319.53,26033700
TSLG,06-Aug-2026,3.75,3.8999,3.72,3.81,26474300
TSLL,06-Aug-2026,7.55,7.85,7.48,7.68,86061000
TSLQ,06-Aug-2026,25.96,26.22,25.06,25.59,3064600
TSLR,06-Aug-2026,13.02,13.505,12.9,13.23,959800
TSLS,06-Aug-2026,65.39,65.74,64.29,64.92,205000
TSMG,06-Aug-2026,36.12,38.5,35.805,37.5578,64900
TSMU,06-Aug-2026,65.14,69.26,64.5,67.6053,54200
TSMX,06-Aug-2026,74.82,79.63,74.235,77.7,375600
TSMZ,06-Aug-2026,8.09,8.1,7.835,7.93,162000
TSPY,06-Aug-2026,25.7,25.7599,25.6199,25.644,136800
TSSI,06-Aug-2026,10.72,11.4115,10.7,10.75,382900
TSUI,06-Aug-2026,13.5,13.64,13.37,13.48,10600
TSYX,06-Aug-2026,23.72,23.79,23.6101,23.6827,27900
TSYY,06-Aug-2026,20.29,20.39,20.266,20.3585,15800
TTAN,06-Aug-2026,82.24,86.1375,81.53,85.59,654400
TTD,06-Aug-2026,18.52,18.995,17.39,17.67,92046400
TTEC,06-Aug-2026,2.62,2.63,2.56,2.6,208000
TTEK,06-Aug-2026,34.41,34.82,34.065,34.73,2238000
TTEQ,06-Aug-2026,40.85,41.65,40.6999,41.2709,100400
TTGT,06-Aug-2026,4.45,4.45,4.16,4.31,303200
TTMI,06-Aug-2026,131.74,149.94,124,136.355,6264600
TTRX,06-Aug-2026,9.14,9.89,8.6162,9.61,100500
TTWO,06-Aug-2026,240.65,242.97,228.2,232.47,3985700
TUG,06-Aug-2026,46.66,46.84,46.51,46.5803,7000
TUGN,06-Aug-2026,27.75,27.7999,27.55,27.6691,22000
TULP,06-Aug-2026,3.49,3.49,3.49,3.49,1800
TUR,06-Aug-2026,38.625,38.82,38.625,38.8,87000
TURB,06-Aug-2026,1.43,1.43,1.34,1.36,141100
TURF,06-Aug-2026,33.12,33.15,33.05,33.0847,4500
TUSK,06-Aug-2026,2.87,2.965,2.87,2.94,242100
TVA,06-Aug-2026,10.49,10.53,10.49,10.53,3600
TVACW,06-Aug-2026,0.5299,0.5886,0.5299,0.5886,2500
TVGN,06-Aug-2026,6.45,6.63,6.295,6.48,10700
TVGNW,06-Aug-2026,0.0497,0.0511,0.0449,0.05,521300
TVRD,06-Aug-2026,2.02,2.02,1.8,1.85,519900
TVTX,06-Aug-2026,63.69,65.45,62.1,62.45,2866800
TW,06-Aug-2026,102.32,103.445,101.485,103.32,1456600
TWAV,06-Aug-2026,1.38,1.4201,1.35,1.4,24900
TWFG,06-Aug-2026,28.5,29.5901,27.24,28.56,302900
TWG,06-Aug-2026,1.5,1.55,1.3,1.47,24700
TWIN,06-Aug-2026,23.84,24.24,23.3,23.35,84100
TWST,06-Aug-2026,113.76,113.76,108.62,109.08,1834600
TXG,06-Aug-2026,46.83,47,44.7901,45.6,2515000
TXMD,06-Aug-2026,2.03,2.09,2.03,2.09,10200
TXN,06-Aug-2026,274.62,283.3,272.65,278.4,4795400
TXRH,06-Aug-2026,209.56,210.68,207.485,208.17,1474200
TXUE,06-Aug-2026,36.56,36.59,36.3638,36.4199,18600
TXUG,06-Aug-2026,27.52,27.6518,27.49,27.6518,13800
TXXD,06-Aug-2026,2.8444,2.88,2.8304,2.84,55200
TXXH,06-Aug-2026,31.87,33.7,31.87,33.6969,5000
TXXS,06-Aug-2026,18.92,19.1999,18.92,19.0136,2200
TYGO,06-Aug-2026,1.29,1.4,1.2,1.28,2719100
TYRA,06-Aug-2026,25.69,27.33,25.68,26.96,776000
TZOO,06-Aug-2026,7,7.21,6.86,7.14,101400
UAE,06-Aug-2026,19.69,19.725,19.5475,19.66,50900
UAL,06-Aug-2026,131.75,132.88,128.91,129.12,2318700
UBCP,06-Aug-2026,15.775,15.775,15.56,15.76,1700
UBND,06-Aug-2026,21.5,21.5,21.45,21.475,130600
UBRL,06-Aug-2026,13.26,14.27,13.2,13.9685,434100
UBSI,06-Aug-2026,49.45,49.53,48.54,48.58,699600
UCAR,06-Aug-2026,0.9089,0.9399,0.87,0.8942,174300
UCL,06-Aug-2026,0.72,0.722,0.72,0.722,3000
UCRD,06-Aug-2026,21.24,21.24,21.235,21.235,100
UCTT,06-Aug-2026,78.16,85.73,76.57,83.14,1630900
UCYB,06-Aug-2026,85,86.81,83.9504,86.5288,14200
UECG,06-Aug-2026,3.83,4.11,3.82,3.9772,77700
UEIC,06-Aug-2026,4.77,4.86,4.5,4.8,35400
UEVM,06-Aug-2026,60.425,60.425,60.19,60.2365,400
UFCS,06-Aug-2026,54.82,55.4852,54.05,54.93,183800
UFG,06-Aug-2026,0.51,0.51,0.447,0.4551,113200
UFIV,06-Aug-2026,47.95,47.95,47.885,47.885,1000
UFO,06-Aug-2026,46.17,47.7999,46.11,46.6,419300
UFOX,06-Aug-2026,83.14,85.68,83.12,84.3192,15400
UFPI,06-Aug-2026,92.57,92.64,90.23,91.86,479400
UFPT,06-Aug-2026,322.06,322.13,309.9907,311.87,215100
UG,06-Aug-2026,7.26,7.31,7.12,7.235,3300
UITB,06-Aug-2026,46.3,46.3199,46.2222,46.2463,75600
UIVM,06-Aug-2026,76.63,76.76,76.3937,76.6468,6900
UK,06-Aug-2026,2.04,2.25,1.91,2.06,39100
ULBI,06-Aug-2026,5.34,5.42,5.255,5.32,50900
ULCC,06-Aug-2026,7.83,7.935,7.56,7.58,3339400
ULH,06-Aug-2026,18.25,18.425,17.51,18.38,30100
ULTA,06-Aug-2026,539.61,543.9599,536.51,538.79,358300
ULTI,06-Aug-2026,7.63,7.73,7.56,7.5633,40300
ULVM,06-Aug-2026,109.78,109.78,109.43,109.43,900
UMBF,06-Aug-2026,147.41,148.705,144.94,145.13,428400
UMBFO,06-Aug-2026,26.55,26.565,26.3319,26.45,5300
UMMA,06-Aug-2026,36.5,36.91,36.2709,36.6531,67300
UNB,06-Aug-2026,23.89,23.89,23.5,23.58,3500
UNCY,06-Aug-2026,5.285,5.38,5.025,5.05,565900
UNHG,06-Aug-2026,22.38,22.38,20.98,21.0971,859100
UNIT,06-Aug-2026,9.75,10.21,9.535,9.61,2306900
UNIY,06-Aug-2026,47.69,47.69,47.69,47.69,288600
UNTY,06-Aug-2026,60.41,60.55,59.92,60.1,75900
UONE,06-Aug-2026,5.39,5.43,5.15,5.2169,6200
UONEK,06-Aug-2026,5.39,5.68,5.39,5.4,2900
UPB,06-Aug-2026,6.75,7.1658,6.66,6.87,427100
UPBD,06-Aug-2026,20,20.01,19.355,19.51,1575800
UPC,06-Aug-2026,5.67,6.24,5.52,6.24,95200
UPGR,06-Aug-2026,24.5804,24.5804,24.5804,24.5804,100
UPLD,06-Aug-2026,4.27,4.56,4.01,4.28,34800
UPST,06-Aug-2026,29.27,31.02,29.18,29.71,5041200
UPWK,06-Aug-2026,9.43,9.58,9.26,9.42,5506800
UPXI,06-Aug-2026,0.82,0.849,0.8055,0.8132,460900
URBN,06-Aug-2026,77.82,79.22,77.125,77.67,708900
URGN,06-Aug-2026,46.14,48.03,45.51,45.6,1217000
URNJ,06-Aug-2026,23,23.745,22.7321,23.4494,274400
UROY,06-Aug-2026,3.55,3.98,3.515,3.96,4304200
USAF,06-Aug-2026,27.9,27.9001,27.8753,27.8753,200
USAR,06-Aug-2026,16.54,18.01,16.42,17.41,10449100
USAU,06-Aug-2026,14.91,15.47,14.78,15.04,250000
USCB,06-Aug-2026,22.48,22.48,22.115,22.21,23900
USCL,06-Aug-2026,86.6183,86.6183,86.6183,86.6183,100
USDE,06-Aug-2026,2.27,2.37,2.18,2.23,210300
USDEW,06-Aug-2026,0.45,0.5035,0.39,0.4,28100
USDX,06-Aug-2026,25.59,25.59,25.47,25.4863,12600
USEA,06-Aug-2026,2.75,2.77,2.68,2.72,35200
USFI,06-Aug-2026,24.27,24.27,24.155,24.155,100
USGG,06-Aug-2026,6.14,7.31,6.13,6.8416,212000
USGO,06-Aug-2026,8.09,8.88,7.76,8.47,270300
USIG,06-Aug-2026,50.35,50.37,50.27,50.32,2258900
USIN,06-Aug-2026,48.89,48.9075,48.89,48.9075,400
USIO,06-Aug-2026,2.31,2.4096,2.285,2.31,187900
USLM,06-Aug-2026,117.6,117.81,115.13,116.28,101500
USMC,06-Aug-2026,76.41,76.56,76.1163,76.29,70000
USOI,06-Aug-2026,44.75,44.9999,44.6817,44.96,55300
USOY,06-Aug-2026,6.67,6.835,6.64,6.77,294100
USSH,06-Aug-2026,50.191,50.2,50.191,50.2,200
USTB,06-Aug-2026,50.56,50.5699,50.52,50.52,206000
USVM,06-Aug-2026,111.53,111.73,110.43,110.4731,44900
USVN,06-Aug-2026,47.0621,47.0621,47.0621,47.0621,100
USXF,06-Aug-2026,68.61,69.26,68.5,68.8703,32000
UTEN,06-Aug-2026,42.55,42.58,42.435,42.4558,20200
UTHR,06-Aug-2026,519.79,533.12,511.99,532.94,998700
UTHY,06-Aug-2026,39.13,39.19,38.955,38.995,137800
UTMD,06-Aug-2026,71,71,69.5,69.97,9000
UTRE,06-Aug-2026,48.915,48.92,48.875,48.895,4900
UTSI,06-Aug-2026,2.4011,2.55,2.4011,2.55,1400
UTWO,06-Aug-2026,47.93,47.935,47.89,47.895,50700
UTWY,06-Aug-2026,41.2391,41.2553,41.2391,41.2553,1100
UUUG,06-Aug-2026,3.36,3.9,3.25,3.8784,577900
UVSP,06-Aug-2026,44.53,44.53,43.7,43.76,259800
UXIN,06-Aug-2026,1.21,1.22,0.8963,1.01,1364900
UYLD,06-Aug-2026,50.96,51.06,50.96,51.025,182200
UZX,06-Aug-2026,0.2324,0.24,0.2199,0.229,54400
VABK,06-Aug-2026,47.1,47.1,46.845,46.89,3300
VALG,06-Aug-2026,17.17,17.17,17.004,17.004,300
VALN,06-Aug-2026,5.32,5.3499,5.13,5.18,16500
VALU,06-Aug-2026,35.3,36.8399,35.3,36.14,4400
VANI,06-Aug-2026,1.38,1.4,1.36,1.36,53000
VAVX,06-Aug-2026,13.324,13.47,13.324,13.3844,800
VBCA,06-Aug-2026,75.44,75.49,75.43,75.49,3300
VBCB,06-Aug-2026,75.36,75.36,75.3,75.3347,4600
VBCC,06-Aug-2026,75.13,75.14,75.09,75.13,7300
VBCD,06-Aug-2026,74.93,74.9399,74.8583,74.865,8700
VBCE,06-Aug-2026,74.845,74.869,74.76,74.81,7900
VBCF,06-Aug-2026,74.78,74.81,74.72,74.72,4000
VBCG,06-Aug-2026,74.4,74.4,74.295,74.315,900
VBCH,06-Aug-2026,74.295,74.37,74.295,74.37,800
VBCI,06-Aug-2026,74.175,74.205,74.175,74.205,200
VBCJ,06-Aug-2026,74.099,74.12,73.89,74.0251,47500
VBIL,06-Aug-2026,75.53,75.53,75.52,75.53,2183300
VBIO,06-Aug-2026,0.3,0.32,0.26,0.2749,804600
VBNB,06-Aug-2026,22.95,22.95,22.89,22.89,400
VBNK,06-Aug-2026,19.36,19.36,19.02,19.11,119500
VC,06-Aug-2026,104.9,104.9,102.535,103.2,396400
VCEL,06-Aug-2026,45.18,45.4,44.3281,44.75,334600
VCIG,06-Aug-2026,0.3038,0.31,0.2817,0.2998,372500
VCIT,06-Aug-2026,81.31,81.375,81.21,81.28,7004500
VCLT,06-Aug-2026,72.25,72.395,72.14,72.24,3164900
VCRB,06-Aug-2026,76.09,76.09,75.92,75.96,567600
VCRE,06-Aug-2026,12,12,12,12,100
VCSH,06-Aug-2026,78.52,78.54,78.46,78.48,3110200
VCTR,06-Aug-2026,102.5,107.23,102.255,106.79,1139500
VCYT,06-Aug-2026,45.8,46.53,45.16,46.15,939800
VECO,06-Aug-2026,56.043,56.043,50.5,51.61,1588300
VEEA,06-Aug-2026,0.1581,0.1647,0.1552,0.16,208700
VEEAW,06-Aug-2026,0.0391,0.0391,0.0359,0.0359,7000
VEEE,06-Aug-2026,9.79,9.79,8.83,9.19,93600
VEFA,06-Aug-2026,83.1969,83.1969,83.1969,83.1969,100
VELO,06-Aug-2026,12.38,14.0899,12.09,13.22,1556500
VEON,06-Aug-2026,54.3,56.38,54.3,55.88,105500
VERA,06-Aug-2026,30.9,32.46,30.62,32.02,1943700
VERI,06-Aug-2026,1.17,1.27,1.15,1.25,2114200
VERU,06-Aug-2026,2.35,2.42,2.28,2.31,234800
VERX,06-Aug-2026,11.5,11.78,11.31,11.57,2833100
VFF,06-Aug-2026,1.95,2.05,1.93,2.04,942400
VFLO,06-Aug-2026,50.24,50.37,49.97,50.34,2055600
VFS,06-Aug-2026,3.2,3.305,3.2,3.28,235800
VFSWW,06-Aug-2026,0.3213,0.33,0.245,0.245,2800
VGAS,06-Aug-2026,1.62,1.62,1.32,1.34,160500
VGASW,06-Aug-2026,0.0301,0.0349,0.0226,0.0343,4300
VGIT,06-Aug-2026,58.4,58.4,58.2701,58.31,2895700
VGLT,06-Aug-2026,53.1,53.18,52.8801,52.94,1147600
VGSH,06-Aug-2026,58.03,58.03,57.98,57.98,2305900
VGSR,06-Aug-2026,11.39,11.66,11.39,11.535,89700
VGUS,06-Aug-2026,75.49,75.5,75.49,75.495,110700
VHC,06-Aug-2026,14.8179,16.2,14.4813,16.01,15300
VHCP,06-Aug-2026,10.01,10.01,10.01,10,0
VHUB,06-Aug-2026,0.6731,0.693,0.6731,0.6799,18700
VIAV,06-Aug-2026,38,41.575,36.2446,40.59,6999900
VICR,06-Aug-2026,213.19,229,210,218.72,557700
VIGI,06-Aug-2026,98.66,98.77,98.255,98.47,313900
VINP,06-Aug-2026,9.778,9.99,9.778,9.92,31200
VIOT,06-Aug-2026,0.75,0.752,0.7417,0.7435,69400
VIP,06-Aug-2026,2.1,2.25,2.02,2.07,158300
VIR,06-Aug-2026,9.699,9.699,8.615,8.765,2602600
VIRC,06-Aug-2026,6.07,6.07,6.015,6.05,19000
VISN,06-Aug-2026,10.97,11.18,10.06,10.1,24195500
VITL,06-Aug-2026,11.84,12.8295,10.86,12.51,3149400
VIVK,06-Aug-2026,1.45,1.54,1.42,1.43,1687300
VIVO,06-Aug-2026,3.78,3.98,3.71,3.83,394900
VIVS,06-Aug-2026,0.3889,0.39,0.308,0.3299,3033900
VKTX,06-Aug-2026,33.5,34.2,33.1,33.3,1302800
VLGEA,06-Aug-2026,43.42,43.58,42.55,43.22,57400
VLOS,06-Aug-2026,10.765,10.765,10.765,10.765,100
VLOSW,06-Aug-2026,0.3002,0.3002,0.2621,0.2811,1100
VLY,06-Aug-2026,14.8,14.88,14.43,14.47,6873300
VLYPN,06-Aug-2026,25.62,25.73,25.57,25.62,15700
VLYPO,06-Aug-2026,24.81,24.85,24.7,24.7,17800
VLYPP,06-Aug-2026,25.05,25.05,24.81,24.95,3800
VMAR,06-Aug-2026,0.6296,0.769,0.619,0.7213,1857800
VMBS,06-Aug-2026,46.18,46.21,46.04,46.1,1038900
VMD,06-Aug-2026,9.71,9.71,9.27,9.52,774900
VMET,06-Aug-2026,9.52,9.86,9.395,9.75,200700
VNCE,06-Aug-2026,6.6,7.18,6.5,6.86,137300
VNDA,06-Aug-2026,4.64,5.2,4.4475,5.115,2339800
VNET,06-Aug-2026,6.88,7.09,6.85,7.01,1861400
VNOM,06-Aug-2026,42.19,42.24,41.25,41.41,1937600
VNQI,06-Aug-2026,46.08,46.115,45.83,45.9,192500
VOD,06-Aug-2026,15.93,16.045,15.875,16,5747500
VOLT,06-Aug-2026,38.17,38.89,38,38.08,252600
VONE,06-Aug-2026,348.65,349.26,347.29,347.75,62000
VONG,06-Aug-2026,127.03,128.155,126.76,127.16,755300
VONV,06-Aug-2026,112.89,113.03,112.04,112.31,603000
VOR,06-Aug-2026,22.01,23.79,21.9,23.7,735400
VOTE,06-Aug-2026,90.9,90.975,90.53,90.61,40700
VOXR,06-Aug-2026,4.9,4.99,4.87,4.97,429000
VPLS,06-Aug-2026,76.51,76.52,76.355,76.3955,145700
VRA,06-Aug-2026,3.5,3.55,3.38,3.38,194800
VRAX,06-Aug-2026,2.76,2.9067,2.74,2.77,79500
VRCA,06-Aug-2026,5.58,5.87,5.26,5.36,85100
VRDN,06-Aug-2026,20.93,22.52,20.53,22.51,4289600
VREX,06-Aug-2026,12.41,12.47,12.03,12.25,309400
VRIG,06-Aug-2026,25.09,25.09,25.08,25.085,295900
VRM,06-Aug-2026,9.36,9.95,9.0201,9.2341,16000
VRME,06-Aug-2026,0.7072,0.728,0.6951,0.705,26300
VRNS,06-Aug-2026,42.21,43.595,40.54,42.44,1486700
VRRM,06-Aug-2026,4.78,5.21,4.77,5.12,7532500
VRSK,06-Aug-2026,188.75,190.03,182.6368,189.75,1715200
VRSN,06-Aug-2026,293.82,297.9696,289.57,292.53,615600
VRTL,06-Aug-2026,30.83,34.4,30.621,31.8569,143300
VRTX,06-Aug-2026,490.91,492.4,480.86,484.03,1015100
VRXA,06-Aug-2026,1.85,1.89,1.81,1.86,65200
VRXAW,06-Aug-2026,0.0938,0.1,0.0938,0.1,800
VS,06-Aug-2026,1.37,1.37,1.28,1.3069,6800
VSA,06-Aug-2026,3.06,3.16,3,3.05,14100
VSAT,06-Aug-2026,79.01,88.4,77.06,81.99,2386700
VSDA,06-Aug-2026,60.43,60.43,60.26,60.2788,2500
VSEC,06-Aug-2026,223.04,237.82,221,225.45,811200
VSECU,06-Aug-2026,60.69,60.69,56.69,56.69,6500
VSME,06-Aug-2026,1.21,1.28,1.2,1.28,12700
VSMV,06-Aug-2026,60.152,60.4216,60.152,60.4216,3100
VSNT,06-Aug-2026,40.06,41.27,38.1,38.22,4958200
VSOL,06-Aug-2026,9.78,9.84,9.7443,9.7443,5300
VSTL,06-Aug-2026,21.97,22.184,21.47,21.8,138700
VSTM,06-Aug-2026,5.91,6,5.73,5.91,2189400
VTC,06-Aug-2026,75.29,75.3949,75.2201,75.28,57600
VTGN,06-Aug-2026,0.297,0.3073,0.275,0.2838,3573700
VTHR,06-Aug-2026,339.86,340.95,338.9228,339.27,10300
VTIP,06-Aug-2026,49.64,49.64,49.6015,49.63,3811500
VTIX,06-Aug-2026,1.74,1.8,1.6007,1.69,297000
VTRS,06-Aug-2026,18.15,18.39,16.22,16.29,21024400
VTSI,06-Aug-2026,2.97,3.07,2.97,3.07,15500
VTVT,06-Aug-2026,34.44,35.31,32.85,34.61,139900
VTWG,06-Aug-2026,281.5,283.69,280.165,280.7129,19600
VTWO,06-Aug-2026,121.12,121.805,120.43,120.53,809000
VTWV,06-Aug-2026,199.49,199.71,197.35,197.35,16500
VUZI,06-Aug-2026,2.55,2.675,2.515,2.58,522100
VVOS,06-Aug-2026,0.3368,0.3449,0.32,0.322,1309900
VWAV,06-Aug-2026,1.28,1.3,1.2,1.24,895800
VWAVW,06-Aug-2026,0.22,0.23,0.205,0.2125,18000
VWOB,06-Aug-2026,66.13,66.15,66,66.03,409500
VXUS,06-Aug-2026,86.31,86.785,86.11,86.32,3965600
VYGR,06-Aug-2026,3.09,3.185,3.08,3.13,421000
VYMI,06-Aug-2026,104.73,104.76,104.23,104.38,764800
WABC,06-Aug-2026,60.5,60.75,59.61,59.67,102800
WABF,06-Aug-2026,24.515,24.515,24.515,24.515,600
WAFD,06-Aug-2026,37.97,38.085,37.46,37.47,592300
WAFDP,06-Aug-2026,16.57,16.58,16.37,16.4001,12400
WAFU,06-Aug-2026,1.43,1.43,1.35,1.41,12400
WALD,06-Aug-2026,1.49,1.51,1.44,1.44,271900
WALDW,06-Aug-2026,0.0423,0.0424,0.0406,0.0406,10100
WAMA,06-Aug-2026,26.94,26.9524,26.94,26.9524,2200
WARP,06-Aug-2026,20.11,21.25,20,20.7071,35900
WASH,06-Aug-2026,39.69,39.75,38.9,39.07,115600
WATT,06-Aug-2026,17.52,18.708,17.09,17.91,111700
WAVE,06-Aug-2026,7.425,7.6724,6.8001,6.9585,12100
WAY,06-Aug-2026,23.23,23.78,23.02,23.37,3794700
WB,06-Aug-2026,7.93,7.93,7.86,7.88,680600
WBD,06-Aug-2026,26.2,26.58,26.18,26.4,25933300
WBTN,06-Aug-2026,9.22,9.22,8.65,8.71,316700
WBUY,06-Aug-2026,0.9043,0.95,0.9012,0.9149,65600
WCBR,06-Aug-2026,39.6,39.6,38.5,39.24,54500
WCLD,06-Aug-2026,36.78,37.58,36.63,37.47,1088100
WCT,06-Aug-2026,0.82,0.8766,0.82,0.8203,37000
WDAF,06-Aug-2026,31.2,31.2,31.1433,31.1433,500
WDAY,06-Aug-2026,163.71,171.4,163.05,170.24,3571500
WDC,06-Aug-2026,428.885,477.63,407.475,451.52,16190000
WDFC,06-Aug-2026,235.21,236,229.92,231.2,75900
WDGF,06-Aug-2026,33.61,33.745,33.5075,33.5075,900
WEEI,06-Aug-2026,23.8,23.8301,23.61,23.77,23300
WEN,06-Aug-2026,7.84,7.85,7.325,7.39,12691800
WENN,06-Aug-2026,10.35,10.35,10.35,10.35,200
WENNW,06-Aug-2026,0.275,0.275,0.275,0.275,1500
WERN,06-Aug-2026,37.91,38.25,36.85,36.87,684400
WEST,06-Aug-2026,8.3,8.33,7.95,8.09,369800
WETH,06-Aug-2026,1,1.12,0.98,1.08,158500
WETO,06-Aug-2026,4.7,6.74,4.45,5.77,675200
WEYS,06-Aug-2026,44.18,44.29,42.7,43.91,24800
WFF,06-Aug-2026,2.6,2.7238,2.56,2.7238,5500
WFRD,06-Aug-2026,88.56,91.305,87.78,88.96,656400
WGMI,06-Aug-2026,48.5,51.0607,47.935,48.46,271100
WGS,06-Aug-2026,67.94,70.21,65.7363,69.59,789200
WHF,06-Aug-2026,6.56,6.68,6.53,6.67,52000
WHLR,06-Aug-2026,0.5,0.5107,0.455,0.4909,902000
WHWK,06-Aug-2026,4.09,4.73,4.09,4.7,308600
WILC,06-Aug-2026,29.04,29.19,28,28.21,20000
WIMA,06-Aug-2026,43.79,43.79,43.76,43.76,400
WIMI,06-Aug-2026,1.29,1.4,1.26,1.36,365600
WINA,06-Aug-2026,364.09,364.79,348.98,353.78,40700
WING,06-Aug-2026,121.18,122.8,116.25,116.62,1480200
WISE,06-Aug-2026,36.51,37.21,36.4348,37.0171,6000
WIX,06-Aug-2026,62.79,63.535,60.64,60.88,1088800
WKEY,06-Aug-2026,6.79,6.8276,6.34,6.61,20600
WKHS,06-Aug-2026,3.44,3.49,3.23,3.23,69800
WKSP,06-Aug-2026,0.7,0.73,0.6816,0.7122,278200
WLCOU,06-Aug-2026,9.94,9.99,9.94,9.99,5200
WLDN,06-Aug-2026,74.09,75.7,72.81,73.69,342500
WLDS,06-Aug-2026,2.79,5.6,2.79,4.24,8288100
WLDSW,06-Aug-2026,12,12,12,12,200
WLFC,06-Aug-2026,64.41,68.275,63.85,63.92,204400
WLTH,06-Aug-2026,9.51,9.755,9.51,9.63,775700
WMG,06-Aug-2026,26.49,27.1,25.88,26.44,2738600
WMT,06-Aug-2026,114.065,114.56,111.035,112.07,23203100
WNEB,06-Aug-2026,14.11,14.11,13.97,14.08,44100
WNW,06-Aug-2026,2.63,2.88,2.6,2.73,144800
WOK,06-Aug-2026,2.17,2.17,2.04,2.07,50200
WOOD,06-Aug-2026,73.6,73.6,72.2804,72.5,3600
WOOF,06-Aug-2026,2.93,2.93,2.725,2.77,1275700
WPRT,06-Aug-2026,1.82,1.865,1.82,1.85,31800
WRAP,06-Aug-2026,1.94,1.99,1.87,1.95,553200
WRD,06-Aug-2026,5.8,5.965,5.74,5.9,1260400
WRLD,06-Aug-2026,190.76,194.74,189,190.03,126900
WRND,06-Aug-2026,42.8132,42.8132,42.8132,42.8132,100
WRTH,06-Aug-2026,25.63,25.69,25.59,25.67,13400
WSBC,06-Aug-2026,42.5,42.5,41.52,41.73,1037100
WSBCO,06-Aug-2026,25.51,25.54,25.44,25.45,7300
WSBF,06-Aug-2026,21,21.06,20.77,20.88,38700
WSBK,06-Aug-2026,13,13.01,12.98,12.99,7000
WSC,06-Aug-2026,26.46,26.695,25.73,25.82,2927500
WSE,06-Aug-2026,12.28,12.4,12.18,12.4,1137200
WSFS,06-Aug-2026,82.58,82.94,81.49,81.67,422800
WSGE,06-Aug-2026,28.543,28.543,28.543,28.543,100
WSHP,06-Aug-2026,5.07,5.7929,4.8608,5.53,109000
WSML,06-Aug-2026,35.36,35.64,35.25,35.441,19700
WSPC,06-Aug-2026,28.2178,28.2178,28.2178,28.2178,100
WTBA,06-Aug-2026,28.23,28.52,27.9968,28.32,126300
WTBN,06-Aug-2026,24.8,24.83,24.77,24.785,10400
WTF,06-Aug-2026,2.86,2.99,2.83,2.98,3100
WTFC,06-Aug-2026,162.44,162.56,158.99,159.13,426600
WTFCN,06-Aug-2026,26.12,26.185,25.99,25.99,29200
WTG,06-Aug-2026,10.49,10.49,10.47,10.47,200
WTIP,06-Aug-2026,35.56,35.5601,35.271,35.38,1900
WTMU,06-Aug-2026,25.33,25.33,25.33,25.33,100
WTMY,06-Aug-2026,25.1,25.1,24.93,25.1,9300
WTW,06-Aug-2026,341.65,342,335.54,340.01,444300
WULF,06-Aug-2026,17.3,18.455,17.16,17.615,24527400
WVE,06-Aug-2026,5.93,6.15,5.93,6.02,1663300
WVVI,06-Aug-2026,2.5,2.6499,2.4,2.4,8600
WVVIP,06-Aug-2026,2.68,2.74,2.5,2.6,23900
WW,06-Aug-2026,16.5,16.98,14.6,16.88,451100
WWD,06-Aug-2026,375.77,382.95,362.79,365.78,845500
WXM,06-Aug-2026,3.8999,4.7699,3.7592,4.41,125000
WYFI,06-Aug-2026,24.96,27.0461,24.39,24.71,1000300
WYHG,06-Aug-2026,8.26,26.17,7.7101,9.83,57781900
WYNN,06-Aug-2026,101.15,102.34,100.555,101.5,1358900
XAIR,06-Aug-2026,5.9,5.99,5.5,5.56,21500
XAIX,06-Aug-2026,55,55.736,54.77,55.429,18800
XBCI,06-Aug-2026,31.37,31.808,31.27,31.55,156600
XBIL,06-Aug-2026,50.06,50.0689,50.0501,50.06,154000
XBIO,06-Aug-2026,2.93,2.96,2.8368,2.85,19200
XBIT,06-Aug-2026,2.28,2.28,2.255,2.28,9900
XBP,06-Aug-2026,3.05,3.05,2.99,3,4800
XBPEW,06-Aug-2026,0.0401,0.0401,0.0401,0.0401,200
XBTY,06-Aug-2026,5.53,5.5687,5.53,5.55,12700
XCH,06-Aug-2026,0.288,0.31,0.2381,0.3,15458700
XCNY,06-Aug-2026,32.9888,32.9888,32.9888,32.9888,100
XCUR,06-Aug-2026,1.46,1.46,1.3,1.35,56400
XDEF,06-Aug-2026,23.935,23.97,23.8484,23.8484,1200
XE,06-Aug-2026,18.92,21.24,18.79,20.82,6770800
XEL,06-Aug-2026,77.98,78.12,76.44,76.97,5379800
XELB,06-Aug-2026,1.11,1.12,1.03,1.07,49300
XELLL,06-Aug-2026,23.13,23.13,23,23.03,23900
XENE,06-Aug-2026,64.5,65.49,63.91,64.55,435000
XERS,06-Aug-2026,7.19,7.435,7.05,7.36,3724800
XEY,06-Aug-2026,19.805,19.805,19.805,19.805,100
XFOR,06-Aug-2026,4.15,4.26,4.065,4.17,447700
XGN,06-Aug-2026,6.65,6.76,6.46,6.59,397600
XHG,06-Aug-2026,1.04,1.04,0.98,0.98,766
XHLD,06-Aug-2026,0.81,5.42,0.77,2.81,68978100
XIIIU,06-Aug-2026,10.53,10.53,10.43,10.45,5500
XLO,06-Aug-2026,9.11,9.6199,9.02,9.27,34300
XMAG,06-Aug-2026,26.07,26.07,25.91,25.9555,31900
XMAX,06-Aug-2026,9.18,9.285,9.15,9.17,459300
XMTR,06-Aug-2026,90.28,90.9599,86.66,87.09,594900
XNCR,06-Aug-2026,21.96,21.96,19.07,20,996600
XNDU,06-Aug-2026,10.57,10.875,10.23,10.39,1094000
XNET,06-Aug-2026,5.11,5.21,5,5.06,145400
XOMX,06-Aug-2026,43.16,43.83,42.24,43.7425,13900
XOS,06-Aug-2026,2.91,2.9294,2.5802,2.63,708000
XOSWW,06-Aug-2026,0.003,0.0038,0.0014,0.0017,227200
XOVR,06-Aug-2026,19.08,19.455,19.08,19.26,1356600
XP,06-Aug-2026,16.95,16.96,16.655,16.68,2575700
XPEG,06-Aug-2026,3.93,3.93,3.825,3.9038,26800
XPEL,06-Aug-2026,50.43,50.44,46.845,47.68,391900
XPON,06-Aug-2026,3.34,3.545,3.31,3.31,19400
XQQI,06-Aug-2026,48.61,49.2199,48.36,48.81,263900
XRAY,06-Aug-2026,13.92,13.98,13.08,13.17,5506500
XRPC,06-Aug-2026,11.09,11.18,10.95,10.98,158700
XRPI,06-Aug-2026,5.72,5.755,5.6401,5.66,79800
XRPN,06-Aug-2026,10.45,10.47,10.45,10.46,12500
XRPNW,06-Aug-2026,0.7615,0.7615,0.75,0.75,12200
XRPT,06-Aug-2026,21.18,21.5038,20.645,20.7,232600
XRTX,06-Aug-2026,2.12,2.2,2.03,2.03,25200
XRX,06-Aug-2026,3.135,3.385,3.09,3.23,2631100
XRXDW,06-Aug-2026,0.31,0.36,0.31,0.33,151500
XSPC,06-Aug-2026,20.88,22.07,20.88,21.6571,2000
XSPI,06-Aug-2026,50.13,50.18,49.91,49.99,50600
XT,06-Aug-2026,81.5,82.04,81.4875,81.69,49500
XTIA,06-Aug-2026,1.52,1.55,1.48,1.5,419600
XTLB,06-Aug-2026,2.8,2.8699,2.68,2.8699,2400
XWEL,06-Aug-2026,1.02,1.08,1.02,1.08,24600
XXII,06-Aug-2026,4.29,4.33,4.29,4.32,1900
XXX,06-Aug-2026,20.18,20.18,20,20.095,3300
XYZG,06-Aug-2026,19.09,19.11,16.98,17.2785,26200
YAAS,06-Aug-2026,2.26,2.63,2.2201,2.51,161600
YARW,06-Aug-2026,37.02,42.5,37.02,41.635,18500
YB,06-Aug-2026,13.73,13.9999,13.41,13.67,4800
YBMN,06-Aug-2026,12.74,12.87,12.66,12.6783,5800
YBST,06-Aug-2026,12.67,12.695,12.66,12.6672,2500
YBTY,06-Aug-2026,11.12,11.13,11.095,11.095,1500
YDDL,06-Aug-2026,1.72,1.77,1.72,1.76,2900
YDES,06-Aug-2026,2.35,2.49,2.21,2.3641,20000
YDKG,06-Aug-2026,1.07,1.08,1.06,1.08,35300
YHC,06-Aug-2026,1.7,2.08,1.651,2,367400
YHGJ,06-Aug-2026,3.12,3.26,3.06,3.125,6200
YI,06-Aug-2026,3.58,4.1,3.58,3.79,10400
YIBO,06-Aug-2026,1.15,1.171,1.15,1.171,1900
YICC,06-Aug-2026,9.91,9.91,9.91,9.94,0
YJ,06-Aug-2026,1.3097,1.3617,1.22,1.23,3300
YLDE,06-Aug-2026,57.61,57.61,57.26,57.4069,21400
YMAT,06-Aug-2026,2.09,2.09,1.93,2.03,53400
YMT,06-Aug-2026,0.3595,0.391,0.2943,0.359,1256400
YNOT,06-Aug-2026,32.34,32.65,32.265,32.3003,8900
YOKE,06-Aug-2026,32.08,32.117,32.08,32.117,11000
YORW,06-Aug-2026,31.33,31.75,30.96,31.61,150200
YOUL,06-Aug-2026,0.367,0.4282,0.36,0.4035,138700
YQ,06-Aug-2026,2.13,2.15,1.966,2.01,5200
YQQQ,06-Aug-2026,9.84,9.84,9.755,9.7978,26700
YSAG,06-Aug-2026,61.78,61.78,61.04,61.7134,1200
YSAU,06-Aug-2026,42.73,42.76,42.36,42.4523,3200
YSPY,06-Aug-2026,15.01,15.05,14.935,14.995,9600
YSWY,06-Aug-2026,21.5,22.09,21.0601,21.97,172700
YSXT,06-Aug-2026,0.9674,0.9983,0.9048,0.98,10800
YTRA,06-Aug-2026,0.83,0.9099,0.83,0.8983,81600
YXT,06-Aug-2026,7.88,10.78,6.72,7.95,3246000
YYAI,06-Aug-2026,0.0949,0.095,0.075,0.0797,58736000
YYGH,06-Aug-2026,1.18,1.21,1.135,1.15,371200
Z,06-Aug-2026,30.81,33.54,29.86,33.43,11515600
ZAP,06-Aug-2026,32.84,32.93,32.35,32.43,66200
ZBAO,06-Aug-2026,0.223,0.2235,0.195,0.198,3657300
ZBIO,06-Aug-2026,31.51,33,31.32,32.17,676900
ZBRA,06-Aug-2026,367.52,372.3,363.44,364.24,734400
ZCMD,06-Aug-2026,1.07,1.1351,1.06,1.08,2514800
ZD,06-Aug-2026,52.56,52.7,50.4,50.95,728500
ZDAI,06-Aug-2026,1.66,1.73,1.6001,1.7299,7800
ZENA,06-Aug-2026,1.36,1.435,1.345,1.38,1192100
ZEO,06-Aug-2026,0.5798,0.6199,0.511,0.5177,252800
ZEOWW,06-Aug-2026,0.0199,0.0228,0.0165,0.0188,108400
ZG,06-Aug-2026,31.12,33.83,30.57,33.76,3356700
ZHOG,06-Aug-2026,51.09,51.09,51.0559,51.0559,800
ZION,06-Aug-2026,72.16,72.32,70.505,70.58,1052500
ZIONP,06-Aug-2026,18.32,18.33,18.26,18.3,7500
ZJK,06-Aug-2026,1.66,1.66,1.6,1.66,11900
ZJYL,06-Aug-2026,2,2.06,1.53,1.92,330500
ZKIN,06-Aug-2026,1.1,1.12,1.06,1.06,42200
ZKPW,06-Aug-2026,0.2701,0.31,0.2701,0.31,6300
ZLAB,06-Aug-2026,19.05,21.8,18.845,20.88,1388600
ZM,06-Aug-2026,98.81,101.41,98.36,101.3,2016900
ZMUN,06-Aug-2026,49.99,50,49.99,49.995,22200
ZNB,06-Aug-2026,2.72,2.76,2.37,2.47,67700
ZNTL,06-Aug-2026,4.92,5.15,4.92,5,701800
ZOOZ,06-Aug-2026,5.17,5.3,5.0708,5.3,2200
ZOOZW,06-Aug-2026,0.0238,0.0238,0.0237,0.0237,200
ZS,06-Aug-2026,155.75,163,155.54,162.6,1721300
ZSQR,06-Aug-2026,4.06,4.29,3.93,3.94,286100
ZSTK,06-Aug-2026,1.8,1.87,1.65,1.76,9800
ZTEK,06-Aug-2026,0.6398,0.6809,0.62,0.6548,90100
ZTEN,06-Aug-2026,49.72,49.72,49.65,49.68,1800
ZTG,06-Aug-2026,6.79,10.35,6.7,10.05,2320500
ZTOP,06-Aug-2026,51.525,51.525,51.525,51.525,100
ZTRE,06-Aug-2026,50.53,50.53,50.425,50.45,2300
ZTWO,06-Aug-2026,50.36,50.3696,50.32,50.3696,3400
ZUMZ,06-Aug-2026,19.75,20.09,19.59,19.65,179400
ZURA,06-Aug-2026,5.74,5.8568,5.635,5.71,569700
ZVRA,06-Aug-2026,11.31,12.32,11.08,11.88,2493800
ZYBT,06-Aug-2026,2.08,2.2897,1.76,2.09,3428900
ZYME,06-Aug-2026,23.5,23.84,23.1,23.13,673700
