Symbol,Date,Open,High,Low,Close,Volume
AAAP,27-Jul-2026,25.325,25.325,25.325,25.325,100
AACB,27-Jul-2026,10.51,10.51,10.5099,10.51,7200
AACBR,27-Jul-2026,0.17,0.17,0.17,0.17,300
AACG,27-Jul-2026,0.84,0.9761,0.84,0.92,3800
AACI,27-Jul-2026,9.98,9.99,9.98,9.99,89700
AACIW,27-Jul-2026,0.28,0.39,0.25,0.39,21500
AACOW,27-Jul-2026,0.4,0.4426,0.3934,0.3934,6900
AACPR,27-Jul-2026,0.2,0.2,0.2,0.2,100
AADR,27-Jul-2026,82.65,82.65,82.65,82.65,500
AAEQ,27-Jul-2026,52.56,52.656,52.56,52.656,200
AAL,27-Jul-2026,14.9,15.13,14.52,14.965,84684619
AALG,27-Jul-2026,13.48,13.73,12.91,13.61,31500
AAME,27-Jul-2026,1.55,1.6099,1.5405,1.55,3500
AAOI,27-Jul-2026,105.5,105.5,92.22,97.795,4692407
AAON,27-Jul-2026,103.8,103.88,98.3,101.02,739200
AAPB,27-Jul-2026,44.84,46.16,44.84,45.53,69500
AAPD,27-Jul-2026,10.42,10.489,10.29,10.375,12682836
AAPG,27-Jul-2026,18.32,19,18.32,18.89,2000
AAPL,27-Jul-2026,334.3,339.57,332.188,336.92,29693599
AAPU,27-Jul-2026,46.18,47.5096,45.77,46.7801,1249676
AARD,27-Jul-2026,6.4,6.8,6.3635,6.69,70300
AAUB,27-Jul-2026,49.33,49.34,48.45,49.1556,8700
AAUS,27-Jul-2026,59.06,59.2,59.06,59.1811,3900
AAVM,27-Jul-2026,33.52,33.53,33.45,33.4781,1100
AAXJ,27-Jul-2026,111.53,111.53,108.95,110.17,326100
ABAT,27-Jul-2026,2.29,2.37,2.21,2.27,2825500
ABCL,27-Jul-2026,5.45,5.5799,5.24,5.245,3538674
ABCS,27-Jul-2026,35.04,35.055,34.99,35.055,2200
ABEO,27-Jul-2026,6.06,6.1851,6.04,6.13,779300
ABI,27-Jul-2026,24.81,24.81,24.81,24.81,100
ABIG,27-Jul-2026,34.08,34.1333,34.08,34.1333,22400
ABLV,27-Jul-2026,0.92,0.92,0.87,0.8701,30400
ABLVW,27-Jul-2026,0.0167,0.0167,0.0167,0.0167,200
ABNB,27-Jul-2026,143.5,147.03,143,146.86,2902600
ABNG,27-Jul-2026,18.35,18.66,18.21,18.6486,3600
ABOS,27-Jul-2026,2.19,2.25,2.175,2.2,244600
ABSI,27-Jul-2026,7.805,8.09,7.55,7.56,2452600
ABTC,27-Jul-2026,5.85,6.2083,5.6,5.87,1187100
ABTS,27-Jul-2026,1.15,1.1794,1.12,1.17,9400
ABUS,27-Jul-2026,4.4275,4.525,4.4,4.41,541663
ABVC,27-Jul-2026,1.15,1.15,0.96,1.02,123400
ABVX,27-Jul-2026,125.93,130,124,128,662300
ACAA,27-Jul-2026,10,10,10,10,105200
ACAD,27-Jul-2026,25.22,25.78,24.99,25.39,1399600
ACB,27-Jul-2026,2.7,2.79,2.69,2.74,1407300
ACCL,27-Jul-2026,2.12,2.17,2.09,2.1,32500
ACDC,27-Jul-2026,4.09,4.27,3.935,4.01,2236600
ACEP,27-Jul-2026,19.88,19.88,19.88,19.88,100
ACET,27-Jul-2026,7.84,8.26,7.74,8.06,107900
ACFN,27-Jul-2026,20.52,20.52,19.3651,20.2,15100
ACGC,27-Jul-2026,9.99,9.99,9.96,9.975,148300
ACGCW,27-Jul-2026,0.3408,0.3408,0.3408,0.32,0
ACGL,27-Jul-2026,103.37,104.79,101.93,103.88,1874600
ACGLN,27-Jul-2026,16.43,16.43,16.31,16.39,45400
ACGLO,27-Jul-2026,19.52,19.55,19.46,19.505,34600
ACHC,27-Jul-2026,34.25,34.25,32.07,32.5,4982900
ACHV,27-Jul-2026,6.18,6.43,6.03,6.18,954500
ACIC,27-Jul-2026,10.31,10.46,10.29,10.41,209000
ACIU,27-Jul-2026,2.23,2.34,2.19,2.3,130700
ACIW,27-Jul-2026,57.27,58.205,57,57.88,951600
ACLS,27-Jul-2026,134.3,136.64,122.92,128.11,407500
ACMR,27-Jul-2026,84.65,85.2,75.5,79.97,1041800
ACNB,27-Jul-2026,62.18,64.29,62,64,152300
ACNT,27-Jul-2026,15.14,15.28,14.85,15.24,71400
ACOG,27-Jul-2026,8.14,8.64,8.01,8.58,108100
ACON,27-Jul-2026,2.41,2.44,2.13,2.22,57100
ACONW,27-Jul-2026,0.021,0.0239,0.02,0.0239,175200
ACRS,27-Jul-2026,5.29,5.61,5.2,5.37,4860200
ACRV,27-Jul-2026,1.62,1.62,1.55,1.56,150100
ACT,27-Jul-2026,46.81,47.36,46.81,47.09,290500
ACTG,27-Jul-2026,4.67,4.73,4.575,4.63,222000
ACTU,27-Jul-2026,1.17,1.24,1.11,1.15,226800
ACWI,27-Jul-2026,155.69,155.79,153.85,154.61,2723700
ACWX,27-Jul-2026,74.92,74.92,73.9328,74.43,2697300
ACXP,27-Jul-2026,1.44,1.49,1.42,1.43,56200
ADAG,27-Jul-2026,3.27,3.53,3.25,3.53,199400
ADAM,27-Jul-2026,8.7,8.83,8.7,8.71,575500
ADAMG,27-Jul-2026,25.01,25.01,24.98,24.99,6300
ADAMH,27-Jul-2026,25.36,25.39,25.31,25.31,17700
ADAMI,27-Jul-2026,25.09,25.1365,25.09,25.1,3600
ADAML,27-Jul-2026,24.4,24.53,24.4,24.53,1800
ADAMM,27-Jul-2026,25.06,25.08,25,25.03,15800
ADAMN,27-Jul-2026,23.59,23.7,23.58,23.7,2200
ADAMO,27-Jul-2026,25,25.06,24.95,24.95,41100
ADAMZ,27-Jul-2026,19.1,19.12,18.98,18.98,3400
ADBE,27-Jul-2026,226.91,242.05,225,237.75,3884015
ADBG,27-Jul-2026,3.53,4.05,3.53,3.9,7384223
ADEA,27-Jul-2026,25.95,26.875,25.09,26.06,578042
ADGM,27-Jul-2026,0.51,0.51,0.48,0.48,28400
ADI,27-Jul-2026,372.775,376.8,361.67,371.89,5193900
ADIL,27-Jul-2026,2.74,2.8799,2.74,2.81,46800
ADMA,27-Jul-2026,8.38,8.62,8.35,8.48,2388800
ADP,27-Jul-2026,251.5,257.74,251.18,254.97,608920
ADPT,27-Jul-2026,22.7,23,21.78,22.54,2437400
ADSE,27-Jul-2026,11.73,12.2,11.59,11.98,13300
ADSEW,27-Jul-2026,0.56,0.56,0.56,0.56,100
ADSK,27-Jul-2026,213.51,227.67,212.19,225.91,2599400
ADTN,27-Jul-2026,9.8,9.86,9.26,9.5,1864500
ADUR,27-Jul-2026,13.4,13.82,13.05,13.43,460400
ADUS,27-Jul-2026,115.23,116.51,114.81,115.65,170000
ADV,27-Jul-2026,36.61,38.14,36.59,37.93,79900
ADVB,27-Jul-2026,18,20,14.23,14.48,307166
AEAQ,27-Jul-2026,10.01,10.01,10.01,10.01,50000
AEBI,27-Jul-2026,13.28,13.38,12.905,13.16,164300
AEC,27-Jul-2026,4.5,4.59,4.3,4.38,31200
AEHL,27-Jul-2026,0.6002,0.7216,0.53,0.6456,4463590
AEHR,27-Jul-2026,79.7191,81,71.61,77.425,1528197
AEI,27-Jul-2026,1.14,1.14,1.05,1.0501,5700
AEIS,27-Jul-2026,305.15,312.21,282.31,291.95,511300
AEMD,27-Jul-2026,0.59,0.5999,0.55,0.563,110200
AENT,27-Jul-2026,5.9,6.03,5.74,5.98,10300
AEP,27-Jul-2026,135.18,135.77,133.28,133.59,2597300
AERT,27-Jul-2026,6.46,6.74,6.25,6.46,6200
AESP,27-Jul-2026,9.9,9.91,9.9,9.91,31200
AEVA,27-Jul-2026,15.04,15.94,14.775,15.52,948090
AEYE,27-Jul-2026,5.75,6.05,5.72,5.98,89000
AFBI,27-Jul-2026,22.95,22.98,22.94,22.98,11200
AFCG,27-Jul-2026,2.58,2.72,2.58,2.67,93500
AFJK,27-Jul-2026,11.52,11.84,11.4444,11.84,30800
AFOS,27-Jul-2026,43.76,43.9601,43.1701,43.5087,1600
AFRI,27-Jul-2026,10.41,10.87,10.41,10.59,10600
AFRIW,27-Jul-2026,0.9,0.91,0.9,0.9,900
AFRM,27-Jul-2026,71.73,73.875,71.4,73,2010857
AFSC,27-Jul-2026,37.8009,37.8009,37.8009,37.8009,100
AFYA,27-Jul-2026,13.96,14.34,13.915,14.2,70500
AGCC,27-Jul-2026,15.35,15.39,15,15.255,100000
AGEM,27-Jul-2026,46.95,46.95,46.2117,46.6222,10500
AGEN,27-Jul-2026,5.9705,6.2,5.87,6.135,1031575
AGGA,27-Jul-2026,24.92,24.94,24.91,24.925,12400
AGIO,27-Jul-2026,37.04,38.74,36.225,36.97,992500
AGIX,27-Jul-2026,42.35,42.51,41.13,41.82,129200
AGMB,27-Jul-2026,12.56,13.16,12.305,12.51,33300
AGMH,27-Jul-2026,1.07,1.09,0.98,1.01,89600
AGMI,27-Jul-2026,61.26,61.4981,61.26,61.4981,300
AGNC,27-Jul-2026,10.68,10.7,10.595,10.63,15251253
AGNCL,27-Jul-2026,24.81,24.96,24.81,24.96,18500
AGNCM,27-Jul-2026,25,25.01,24.88,24.9,6700
AGNCN,27-Jul-2026,25.59,25.6299,25.5501,25.6,24600
AGNCO,27-Jul-2026,25.45,25.45,25.34,25.4,23400
AGNCP,27-Jul-2026,25.01,25.08,25,25.05,69100
AGNCZ,27-Jul-2026,25.23,25.28,25.23,25.28,16500
AGNG,27-Jul-2026,37.12,37.25,36.97,37.0856,12800
AGNT,27-Jul-2026,4.06,4.315,4.06,4.2,2301300
AGPU,27-Jul-2026,6.9779,9,6.63,7.17,2824465
AGRZ,27-Jul-2026,0.3053,0.3118,0.29,0.292,13200
AGYS,27-Jul-2026,99.38,107.18,99.38,103.24,317000
AGZD,27-Jul-2026,22.625,22.63,22.59,22.6206,330400
AHCO,27-Jul-2026,10.662,11.13,10.662,10.96,967200
AHD,27-Jul-2026,25.57,25.57,25.51,25.52,6100
AHG,27-Jul-2026,1.47,1.515,1.4001,1.46,19300
AHMA,27-Jul-2026,1.6,1.7,1.56,1.56,42100
AIA,27-Jul-2026,133.05,133.12,129.23,130.94,282000
AIAI,27-Jul-2026,6.36,6.43,5.21,5.56,232500
AIBZ,27-Jul-2026,6.01,6.01,5.15,5.33,801600
AIDX,27-Jul-2026,0.4843,0.491,0.45,0.45,92999
AIFA,27-Jul-2026,1.84,1.9,1.78,1.82,10100
AIFC,27-Jul-2026,0.4332,0.438,0.389,0.399,2095337
AIFD,27-Jul-2026,49.247,49.395,47.753,48.56,14400
AIFF,27-Jul-2026,1.15,1.19,1.0601,1.1801,74158
AIFU,27-Jul-2026,34.4,36,32,34.63,15300
AIHS,27-Jul-2026,1.35,1.49,1.35,1.43,13300
AIIO,27-Jul-2026,2.66,2.99,2.6,2.965,837182
AIIOW,27-Jul-2026,0.025,0.0389,0.025,0.0335,3400
AIIR,27-Jul-2026,5.88,6.11,5.75,5.9,8500
AIMD,27-Jul-2026,1.42,1.46,1.32,1.33,58700
AIMDW,27-Jul-2026,0.0735,0.0768,0.055,0.0768,21900
AIMS,27-Jul-2026,28.09,28.1966,28.04,28.1966,800
AIOS,27-Jul-2026,10.85,12.51,10.84,12.34,30000
AIOT,27-Jul-2026,3.76,3.86,3.73,3.84,666100
AIP,27-Jul-2026,31.45,31.45,28.65,30.27,546000
AIPI,27-Jul-2026,34.88,35,34.2,34.62,148900
AIPO,27-Jul-2026,29.62,29.78,28.31,29.03,1299300
AIQ,27-Jul-2026,59.02,59.7362,57.265,58.3,1224186
AIRE,27-Jul-2026,1.39,1.44,1.38,1.42,21400
AIRG,27-Jul-2026,5.85,5.9715,5.52,5.78,117567
AIRJ,27-Jul-2026,4.15,4.4799,4.15,4.335,996694
AIRJW,27-Jul-2026,1.18,1.18,1.06,1.13,3300
AIRO,27-Jul-2026,7,7.18,6.78,7.105,191870
AIRR,27-Jul-2026,122.37,123,118.43,120.41,626500
AIRS,27-Jul-2026,4.69,4.81,4.51,4.69,303700
AIRT,27-Jul-2026,27.86,28.3881,27.16,27.16,5900
AIRTP,27-Jul-2026,19.25,19.26,19.06,19.25,9900
AISP,27-Jul-2026,2.05,2.08,1.91,1.97,313000
AISPW,27-Jul-2026,0.51,0.51,0.51,0.51,1600
AIX,27-Jul-2026,21.97,22.3161,21.97,22.3161,600
AIXC,27-Jul-2026,0.8208,0.8976,0.7644,0.8252,21400
AIXI,27-Jul-2026,1.21,1.21,1.07,1.13,328268
AKAM,27-Jul-2026,115.37,117.8199,110.8239,112.85,1530731
AKAN,27-Jul-2026,7.11,7.84,5.55,6.26,156444
AKBA,27-Jul-2026,1.24,1.3,1.24,1.28,1859200
AKTS,27-Jul-2026,24.16,25.2,24.16,24.21,258700
AKTX,27-Jul-2026,8.62,9.535,8.08,8.46,52700
ALAB,27-Jul-2026,300.6,303.56,267.74,282.29,2009361
ALAR,27-Jul-2026,1.85,1.93,1.82,1.88,138700
ALBG,27-Jul-2026,5.33,5.52,5.28,5.4427,26300
ALCO,27-Jul-2026,38.67,39.11,38.17,38.55,36300
ALDF,27-Jul-2026,10.78,10.78,10.74,10.74,8300
ALDFW,27-Jul-2026,0.3301,0.3301,0.3301,0.3301,300
ALDX,27-Jul-2026,1.53,1.61,1.53,1.585,1232200
ALEC,27-Jul-2026,1.49,1.575,1.47,1.51,229000
ALF,27-Jul-2026,10.81,10.81,10.81,10.81,300
ALFUU,27-Jul-2026,10.91,10.91,10.91,10.91,400
ALGM,27-Jul-2026,46.96,47.62,44.01,46.8,2383700
ALGN,27-Jul-2026,165.43,172.1,164.75,168.05,1032700
ALGS,27-Jul-2026,4.09,4.27,3.98,4.08,213000
ALGT,27-Jul-2026,100.95,103.35,98.55,99.14,492600
ALHC,27-Jul-2026,19.425,19.6,18.615,18.67,3950600
ALIL,27-Jul-2026,30.99,31.2356,30.99,31.2356,6200
ALIS,27-Jul-2026,10.18,10.18,10.16,10.16,4300
ALKS,27-Jul-2026,52.87,53.85,52.48,52.73,1402900
ALKT,27-Jul-2026,17.39,18.07,17.16,17.77,1198400
ALLO,27-Jul-2026,1.8,1.9099,1.75,1.75,6901300
ALLR,27-Jul-2026,1.19,1.25,1.19,1.21,19643
ALLT,27-Jul-2026,7.69,7.94,7.61,7.63,171400
ALLW,27-Jul-2026,29.31,29.36,29.09,29.175,248585
ALM,27-Jul-2026,13.73,13.8,12.52,13.35,3995600
ALMR,27-Jul-2026,26.25,26.93,24.31,24.4,179200
ALMS,27-Jul-2026,27.79,29.28,26.72,27.08,1049700
ALMU,27-Jul-2026,14.61,15,13.89,14.84,377600
ALNT,27-Jul-2026,86.97,88.92,83.14,86.78,431700
ALNY,27-Jul-2026,272.66,284.68,272.66,278.4,1409600
ALOT,27-Jul-2026,28.85,28.85,28.725,28.79,85700
ALOVU,27-Jul-2026,10.15,10.15,10.01,10.01,200
ALOY,27-Jul-2026,7.59,7.82,7.1,7.76,1952941
ALP,27-Jul-2026,0.2198,0.2271,0.2025,0.2081,1126778
ALPS,27-Jul-2026,0.47,0.4719,0.46,0.4676,36500
ALPX,27-Jul-2026,9.88,9.88,9.87,9.87,60400
ALPXU,27-Jul-2026,10.12,10.12,10.055,10.1,9700
ALRM,27-Jul-2026,52.72,54.41,52.3,53.62,531600
ALRS,27-Jul-2026,32.87,33.27,32.645,32.74,395600
ALT,27-Jul-2026,2.8,3.03,2.8,2.96,4060000
ALTI,27-Jul-2026,3.46,3.65,3.3801,3.63,97200
ALTO,27-Jul-2026,4.6,4.74,4.37,4.485,1591033
ALTY,27-Jul-2026,12.36,12.37,12.35,12.35,6500
ALVO,27-Jul-2026,3.12,3.24,3.07,3.08,397800
ALXO,27-Jul-2026,2.03,2.1063,2.01,2.02,364700
ALZN,27-Jul-2026,1.35,1.3809,1.27,1.34,37000
AMA,27-Jul-2026,32.9,33.51,26.03,28.571,167765
AMACU,27-Jul-2026,9.97,10.02,9.96,10.005,27900
AMAL,27-Jul-2026,50.22,50.92,48.89,49.01,164500
AMAN,27-Jul-2026,10.1,10.21,10.1,10.15,61600
AMAT,27-Jul-2026,555.55,560.67,493.64,516.89,4439820
AMBA,27-Jul-2026,70.04,70.5,63.15,68.26,1301800
AMBR,27-Jul-2026,1.45,1.485,1.39,1.39,30400
AMCI,27-Jul-2026,5.05,5.25,5,5.1,23300
AMCX,27-Jul-2026,9.96,10.35,9.96,10.13,477300
AMD,27-Jul-2026,537.4,539.42,476.93,495.1,18317460
AMDD,27-Jul-2026,27.8,31.0585,27.65,30.06,423958
AMDG,27-Jul-2026,115.01,115.13,90,97.48,48152
AMDL,27-Jul-2026,67.3,68.12,52.84,57.23,2793109
AMEI,27-Jul-2026,25.31,25.92,25.31,25.92,1500
AMEM,27-Jul-2026,23.755,23.805,23.73,23.805,1100
AMGN,27-Jul-2026,377.75,382.28,374.395,376.09,1173925
AMGR,27-Jul-2026,24.48,24.5449,24.4,24.5449,1400
AMID,27-Jul-2026,36.245,36.245,35.96,36.0425,7900
AMIX,27-Jul-2026,2.98,3.2,2.65,2.74,251403
AMKR,27-Jul-2026,67.3,67.78,58.5465,60.72,6727415
AMLX,27-Jul-2026,18.5,19.6,18.08,19.49,2581100
AMOD,27-Jul-2026,3.73,3.73,3.4,3.63,9200
AMODW,27-Jul-2026,0.022,0.0221,0.0201,0.0213,2600
AMPG,27-Jul-2026,5.55,5.8,4.89,5.045,2016545
AMPGZ,27-Jul-2026,0.9,0.9,0.6969,0.74,73100
AMPH,27-Jul-2026,18.97,19.31,18.96,19.18,285900
AMPL,27-Jul-2026,8.33,8.88,8.28,8.67,1428900
AMRN,27-Jul-2026,13.62,13.94,13.535,13.81,52700
AMRX,27-Jul-2026,18.06,18.19,17.9,18.09,1190600
AMSC,27-Jul-2026,31.13,31.9,29.19,30.53,913323
AMSF,27-Jul-2026,30.54,30.59,29.925,30.06,333000
AMSS,27-Jul-2026,1.07,1.14,0.83,0.8576,180100
AMST,27-Jul-2026,0.99,0.99,0.95,0.97,31200
AMTX,27-Jul-2026,1.64,1.66,1.55,1.555,579800
AMUN,27-Jul-2026,26.05,26.05,26.05,26.05,100
AMUU,27-Jul-2026,236.79,240,186.96,202.61,45074
AMYY,27-Jul-2026,14.88,14.9,14.625,14.6975,19000
AMZD,27-Jul-2026,9.56,9.755,9.56,9.74,9998600
AMZN,27-Jul-2026,236.47,236.47,230.99,231.36,18029245
AMZU,27-Jul-2026,31.95,32.18,30.86,30.97,1254334
AMZZ,27-Jul-2026,29.62,29.78,28.61,28.68,123900
ANAB,27-Jul-2026,54.13,55.9,53.28,53.61,386100
ANDE,27-Jul-2026,77.26,77.805,73.42,74.6,298800
ANEL,27-Jul-2026,21.9,22.16,19.68,20.71,24400
ANGH,27-Jul-2026,3.43,3.64,3.31,3.64,19600
ANGHW,27-Jul-2026,0.0064,0.0091,0.0064,0.0091,2600
ANGI,27-Jul-2026,5.68,6.18,5.66,5.93,913300
ANGL,27-Jul-2026,28.91,28.93,28.875,28.89,965600
ANGO,27-Jul-2026,13.65,14.01,13.64,13.66,403100
ANIK,27-Jul-2026,14.885,15.39,14.885,15.02,50500
ANIP,27-Jul-2026,78.05,79.119,77.77,78.37,352400
ANIX,27-Jul-2026,3.71,3.82,3.33,3.46,435800
ANL,27-Jul-2026,13.04,13.04,11.908,12.06,127800
ANNA,27-Jul-2026,3.05,3.17,2.8,3.06,281600
ANNAW,27-Jul-2026,0.2694,0.2995,0.2352,0.24,52700
ANNX,27-Jul-2026,5.21,5.4,5.12,5.13,927516
ANPA,27-Jul-2026,4.46,4.6,3.77,4.19,42500
ANSC,27-Jul-2026,11.46,11.46,11.46,11.46,5000
ANTA,27-Jul-2026,3.35,3.7137,3.35,3.65,2700
ANTX,27-Jul-2026,4.96,4.99,4.862,4.93,36634
ANV,27-Jul-2026,25.32,25.32,24.94,24.97,3100
ANY,27-Jul-2026,1.89,2.14,1.81,1.9201,677802
AOHY,27-Jul-2026,11.02,11.08,11.0104,11.0255,60700
AOSL,27-Jul-2026,31.33,31.55,28.82,30.82,631900
AOTG,27-Jul-2026,61.31,61.31,59.7099,60.3679,2100
AOUT,27-Jul-2026,12.95,13.47,12.49,12.6,119900
APA,27-Jul-2026,35.08,35.93,34.36,34.74,3493314
APAC,27-Jul-2026,10.18,10.18,10.1799,10.18,3700
APACU,27-Jul-2026,10.3,10.31,10.3,10.31,20100
APC,27-Jul-2026,20.84,21.15,20.785,21.03,76000
APEI,27-Jul-2026,47.94,49.88,47.94,49.44,133400
APGE,27-Jul-2026,134.28,134.46,134.24,134.28,920000
API,27-Jul-2026,3.89,4,3.87,3.985,307800
APLD,27-Jul-2026,28.5,28.52,25.77,26.375,14750281
APLM,27-Jul-2026,18.072,18.7551,18,18,12100
APLMW,27-Jul-2026,0.016,0.019,0.016,0.018,10700
APOG,27-Jul-2026,41,41.51,40.86,40.99,152000
APP,27-Jul-2026,398.68,417.5799,396.35,412.59,3997156
APPF,27-Jul-2026,168.26,174.25,168.26,168.74,675800
APPN,27-Jul-2026,24.56,26.29,24.24,25.55,813100
APPS,27-Jul-2026,8.63,8.88,8.42,8.59,2285600
APPX,27-Jul-2026,23.61,25,23.36,24.63,513600
APRE,27-Jul-2026,0.661,0.661,0.617,0.6247,18900
APVO,27-Jul-2026,4.38,4.45,4.17,4.21,38000
APWC,27-Jul-2026,1.5,1.53,1.46,1.52,17800
APXT,27-Jul-2026,10.19,10.19,10.12,10.12,70600
APXTU,27-Jul-2026,10.35,10.36,10.32,10.33,12300
APXTW,27-Jul-2026,0.4,0.52,0.37,0.42,118700
APYX,27-Jul-2026,3.97,3.97,3.84,3.89,71300
AQB,27-Jul-2026,0.89,0.91,0.88,0.9,12100
AQLG,27-Jul-2026,25.7353,25.7353,25.7353,25.7353,100
AQMS,27-Jul-2026,2.79,2.7945,2.71,2.75,10900
AQST,27-Jul-2026,3.64,3.86,3.61,3.73,1814700
AQWA,27-Jul-2026,19.13,19.13,19.002,19.0389,5100
ARAI,27-Jul-2026,0.3,0.3046,0.2819,0.2865,306100
ARAY,27-Jul-2026,0.2428,0.2428,0.2233,0.225,599600
ARBB,27-Jul-2026,4.03,4.03,4,4,2300
ARBE,27-Jul-2026,0.697,0.7448,0.67,0.685,572430
ARBEW,27-Jul-2026,0.03,0.0315,0.03,0.0315,1800
ARBK,27-Jul-2026,3.1,3.1,2.81,2.9,20100
ARCB,27-Jul-2026,154.06,154.06,144.76,148.87,356800
ARCC,27-Jul-2026,18.92,19.055,18.8,18.9,3525663
ARCI,27-Jul-2026,10.06,10.08,10.02,10.06,239300
ARCT,27-Jul-2026,5.68,5.87,5.65,5.76,403300
ARDX,27-Jul-2026,5.13,5.21,5.06,5.06,1810900
AREC,27-Jul-2026,1.75,1.79,1.68,1.765,1390605
ARGX,27-Jul-2026,915.84,919.16,888.28,888.82,269200
ARHS,27-Jul-2026,7.96,8.145,7.825,7.88,1093200
ARKO,27-Jul-2026,8.01,8.15,7.99,8,479300
ARKR,27-Jul-2026,5.75,5.88,5.73,5.73,2500
ARLP,27-Jul-2026,24.69,25.81,24.55,25.63,496500
ARM,27-Jul-2026,268,269.34,251.61,266.47,2983530
ARMG,27-Jul-2026,21.3,21.47,18.685,20.96,444006
ARMY,27-Jul-2026,25.23,25.23,24.97,25.0648,1400
AROW,27-Jul-2026,39.65,40.425,39.59,40.17,96100
ARQ,27-Jul-2026,2.2,2.2,1.98,1.99,187700
ARQQ,27-Jul-2026,17.07,18.9899,17.03,18.25,225452
ARQQW,27-Jul-2026,0.0375,0.039,0.0301,0.0301,22300
ARQT,27-Jul-2026,27.62,28.6,27.54,27.84,1199000
ARRY,27-Jul-2026,5.385,5.55,5.335,5.51,4112000
ARTC,27-Jul-2026,9.965,9.965,9.96,9.96,6900
ARTL,27-Jul-2026,1.02,1.06,0.9918,1.01,71400
ARTNA,27-Jul-2026,34.33,34.65,34.24,34.42,48600
ARTV,27-Jul-2026,10,10.675,9.93,10.32,281200
ARTW,27-Jul-2026,2.27,2.52,2.265,2.4299,82753
ARVN,27-Jul-2026,8.13,8.37,8.12,8.22,475500
ARVR,27-Jul-2026,53.6405,53.6405,53.6405,53.6405,100
ARWR,27-Jul-2026,85.77,87.93,85.21,85.53,2444200
ARXS,27-Jul-2026,42.99,43.74,41.75,43.58,514400
ASBP,27-Jul-2026,7.15,7.5,6.71,6.97,29600
ASBPW,27-Jul-2026,0.0181,0.024,0.0181,0.024,700
ASCI,27-Jul-2026,35.84,35.92,35.52,35.6834,1100
ASD,27-Jul-2026,26.5428,26.5428,26.5428,26.5428,100
ASEC,27-Jul-2026,49.92,49.92,49.92,49.92,100
ASLE,27-Jul-2026,6.21,6.53,6.21,6.5,346300
ASMB,27-Jul-2026,25.8,26.565,25.8,25.91,79100
ASMG,27-Jul-2026,48.59,48.69,41.33,43.81,142900
ASML,27-Jul-2026,1791.83,1815.75,1613.34,1656.17,2565366
ASMU,27-Jul-2026,34.31,34.31,27.17,28.67,186091
ASND,27-Jul-2026,255.56,258.58,252.93,253.42,365400
ASO,27-Jul-2026,47.76,50.26,47.33,49.9,2403000
ASPC,27-Jul-2026,10.66,10.66,10.66,10.66,200
ASPCR,27-Jul-2026,0.11,0.11,0.11,0.11,300
ASPI,27-Jul-2026,4.01,4.105,3.845,4.0462,2496086
ASPS,27-Jul-2026,5.81,5.82,5.56,5.56,14500
ASPSW,27-Jul-2026,0.405,0.405,0.3356,0.3502,45500
ASPSZ,27-Jul-2026,0.32,0.32,0.2813,0.285,42800
ASRV,27-Jul-2026,4.4,4.49,4,4.19,35900
ASST,27-Jul-2026,11.9,12.61,11.61,12.21,2774309
ASTC,27-Jul-2026,7.05,7.58,6.83,7.56,25776
ASTE,27-Jul-2026,56.84,57.93,55.1,56.15,199200
ASTH,27-Jul-2026,39.83,40.03,37.94,38.19,598700
ASTI,27-Jul-2026,3,3.11,2.89,3.07,290200
ASTL,27-Jul-2026,4.36,4.4,4.22,4.39,869800
ASTLW,27-Jul-2026,0.012,0.012,0.004,0.0066,89500
ASTS,27-Jul-2026,58,59.5,56.1501,58.24,5367025
ASUR,27-Jul-2026,7.77,7.9,7.67,7.74,98200
ASYS,27-Jul-2026,16.06,16.06,14.9,15.41,336900
ATAI,27-Jul-2026,7.1,7.195,7.1,7.175,9029278
ATAT,27-Jul-2026,32.39,33.61,32.2,33.55,609700
ATC,27-Jul-2026,22.3165,22.3165,22.3165,22.3165,100
ATCX,27-Jul-2026,2.99,3.085,2.99,3.01,3500
ATEC,27-Jul-2026,8.42,8.89,8.42,8.67,1789800
ATER,27-Jul-2026,0.42,0.4349,0.3543,0.3635,278432
ATEX,27-Jul-2026,95.78,95.88,89.17,93.67,188255
ATHE,27-Jul-2026,4.6,4.75,4.54,4.665,3800
ATHR,27-Jul-2026,4.05,4.05,3.85,3.9,3400
ATII,27-Jul-2026,10.64,10.7,10.64,10.68,193000
ATIIW,27-Jul-2026,1.87,1.87,1.71,1.79,13400
ATLC,27-Jul-2026,100,105.445,100,104.2,193100
ATLCL,27-Jul-2026,25.03,25.05,25.03,25.03,1500
ATLCP,27-Jul-2026,24.37,24.49,24.37,24.4001,4300
ATLCZ,27-Jul-2026,25.28,25.44,25.25,25.44,7800
ATLO,27-Jul-2026,30.23,30.39,29.9,30.23,32300
ATLX,27-Jul-2026,2.88,2.94,2.81,2.88,190500
ATNI,27-Jul-2026,23.51,24.1,23.44,23.69,49700
ATOM,27-Jul-2026,5.31,5.52,5.06,5.25,409700
ATOS,27-Jul-2026,2.3,2.45,2.3,2.36,36700
ATPC,27-Jul-2026,2.46,2.56,2.41,2.43,16893
ATRA,27-Jul-2026,8.06,8.3305,7.65,7.71,62700
ATRC,27-Jul-2026,35.69,37.44,35.69,37.37,1189200
ATRO,27-Jul-2026,69.85,71.62,68.05,70.24,400600
ATXG,27-Jul-2026,3.5,3.5,3.3,3.3,1500
ATYR,27-Jul-2026,0.48,0.4973,0.4748,0.4896,683700
AUBN,27-Jul-2026,26.77,26.825,26.3,26.3,1100
AUC,27-Jul-2026,7.9,7.9,7.9,7.9,300
AUDC,27-Jul-2026,9.59,9.815,9.59,9.78,80700
AUGO,27-Jul-2026,54.81,56.1,53.74,55.78,494600
AUID,27-Jul-2026,0.7514,0.8466,0.736,0.7943,101829
AUMI,27-Jul-2026,79.51,79.51,78.4499,79.0391,900
AUPH,27-Jul-2026,15.47,15.77,15.2,15.22,1056600
AUR,27-Jul-2026,6.07,6.3,5.975,6.205,22810195
AURA,27-Jul-2026,7.1,7.31,7.05,7.16,252100
AURE,27-Jul-2026,1.75,1.77,1.72,1.73,2550
AUROW,27-Jul-2026,0.22,0.23,0.18,0.22,29400
AUTL,27-Jul-2026,1.5,1.54,1.455,1.46,466366
AUUD,27-Jul-2026,1.07,1.09,1.06,1.07,61097
AVAH,27-Jul-2026,9.48,9.77,9.48,9.67,1958300
AVAT,27-Jul-2026,0.326,0.33,0.3105,0.3193,124600
AVAV,27-Jul-2026,150.55,156.54,148.25,154.2,555518
AVBH,27-Jul-2026,32.25,32.95,32.08,32.16,186600
AVBP,27-Jul-2026,31.86,32.44,30,30.16,759200
AVGB,27-Jul-2026,50.84,50.84,50.84,50.84,400
AVGG,27-Jul-2026,28.58,28.69,26.1001,27.43,139233
AVGO,27-Jul-2026,389.09,392.4,373.5,383.35,9453265
AVGU,27-Jul-2026,36.43,36.43,33.62,35.04,41400
AVGX,27-Jul-2026,49,49.19,44.75,46.995,220672
AVIR,27-Jul-2026,4.77,4.924,4.74,4.82,314400
AVL,27-Jul-2026,46.16,46.69,42.345,44.53,215403
AVLN,27-Jul-2026,28.25,29.1,27.425,27.62,193500
AVNW,27-Jul-2026,20.48,20.87,20.15,20.45,92900
AVO,27-Jul-2026,12.43,12.73,12.43,12.7,562000
AVOS,27-Jul-2026,26.86,26.86,26.8597,26.8597,9100
AVPT,27-Jul-2026,12.52,12.94,12.4,12.81,2548000
AVR,27-Jul-2026,8.24,8.47,8.08,8.17,838200
AVS,27-Jul-2026,7.56,7.8903,7.52,7.7,15428542
AVT,27-Jul-2026,89.48,90.01,85.4692,88.38,751600
AVTX,27-Jul-2026,18.5,20.01,18.32,19.5,1168700
AVUQ,27-Jul-2026,65.15,65.15,64.29,64.5231,17300
AVX,27-Jul-2026,3.64,4.05,3.16,3.38,14400
AVXC,27-Jul-2026,78.5,78.5,76.866,77.537,22500
AVXL,27-Jul-2026,2.41,2.54,2.38,2.5,716500
AVXX,27-Jul-2026,5.36,5.73,5.1558,5.56,356920
AWRE,27-Jul-2026,1.1,1.12,1.1,1.11,16400
AXG,27-Jul-2026,3.16,3.18,3.14,3.16,189000
AXGN,27-Jul-2026,39.77,41.27,39.605,41.14,971200
AXIN,27-Jul-2026,10.34,10.34,10.28,10.28,11200
AXINR,27-Jul-2026,0.3355,0.3355,0.3355,0.3355,2000
AXON,27-Jul-2026,507.78,533.02,507.78,525.31,373486
AXPG,27-Jul-2026,12.45,12.9061,12.45,12.9061,5455
AXSM,27-Jul-2026,240.43,245.49,237.08,238.37,773000
AXTI,27-Jul-2026,49.33,50.05,44.1513,47.88,3458696
AYA,27-Jul-2026,19.99,20.7,19.645,20.605,329667
AYTU,27-Jul-2026,2.16,2.2,2.03,2.06,38000
AZ,27-Jul-2026,5.66,5.8,5.51,5.78,90895
AZI,27-Jul-2026,1.18,1.2203,1.13,1.15,40354
AZIO,27-Jul-2026,1.64,1.7299,1.631,1.69,48794
AZIO,27-Jul-2026,1.67,1.7299,1.631,1.69,61100
AZTA,27-Jul-2026,27.67,28.06,27.16,27.52,710600
AZYY,27-Jul-2026,14.54,14.56,14.46,14.475,5600
BABU,27-Jul-2026,10.18,10.49,10.09,10.49,62222
BABX,27-Jul-2026,18.57,19.39,18.57,19.39,405886
BACC,27-Jul-2026,10.45,10.575,10.45,10.5,97100
BACCU,27-Jul-2026,11.1002,11.1002,11.1,11.1,1500
BAER,27-Jul-2026,1.91,2.07,1.835,1.865,1061284
BAERW,27-Jul-2026,0.2499,0.2582,0.242,0.242,8700
BAFE,27-Jul-2026,28.94,28.94,28.78,28.8827,86100
BAFN,27-Jul-2026,5.93,6.295,5.93,6.12,8900
BAIG,27-Jul-2026,15.32,15.48,14.34,14.96,26300
BAIV,27-Jul-2026,27.4,27.42,27.39,27.415,16000
BALQ,27-Jul-2026,54.27,54.27,52.95,53.3068,12000
BAND,27-Jul-2026,59.44,61.89,56.07,57.18,984700
BANF,27-Jul-2026,117.18,119.065,115.56,115.96,222000
BANL,27-Jul-2026,4.87,5.1301,4.33,5.025,18400
BANR,27-Jul-2026,70.44,71.41,69.92,70.23,356000
BANX,27-Jul-2026,19.64,19.8499,19.595,19.61,16600
BAOS,27-Jul-2026,1.27,1.2994,0.5,0.7122,236446
BASG,27-Jul-2026,26.5,26.5399,26.43,26.5132,6000
BASV,27-Jul-2026,30.84,30.94,30.83,30.93,53900
BATRA,27-Jul-2026,55.24,55.7829,55.035,55.05,48300
BATRK,27-Jul-2026,51.01,51.01,50.28,50.74,304700
BBB,27-Jul-2026,29.43,29.43,29.2599,29.2916,1500
BBCP,27-Jul-2026,10.61,10.735,10.0201,10.35,162400
BBCQ,27-Jul-2026,10.23,10.24,10.21,10.21,331000
BBCQW,27-Jul-2026,1.65,1.65,1.65,1.65,100
BBGI,27-Jul-2026,20.55,21,19.8,21,11800
BBH,27-Jul-2026,204.32,206.13,204.0723,204.0723,3400
BBIO,27-Jul-2026,84.11,86.32,83.98,84.12,2186700
BBLG,27-Jul-2026,1.08,1.09,1.01,1.025,80500
BBNX,27-Jul-2026,16.3,16.32,15.49,15.99,850600
BBOT,27-Jul-2026,9,9.26,8.72,8.75,240800
BBSI,27-Jul-2026,39.84,40.71,39.11,40.5,253200
BBUL,27-Jul-2026,14.085,14.085,12.83,12.9971,3300
BBYY,27-Jul-2026,9.7203,9.7203,9.7203,9.7203,800
BCAB,27-Jul-2026,3.34,3.46,3.33,3.4,16600
BCAL,27-Jul-2026,21.5,22,21.19,21.21,323100
BCAR,27-Jul-2026,10.35,10.35,7.51,7.835,305498
BCARW,27-Jul-2026,1.21,1.21,1.02,1.1,393032
BCAX,27-Jul-2026,27.36,28.92,27.36,27.81,499400
BCBP,27-Jul-2026,10.3,10.4,10.18,10.31,97200
BCCQU,27-Jul-2026,10.05,10.1,10.05,10.1,1100
BCDA,27-Jul-2026,0.86,0.9,0.8,0.8082,266016
BCFN,27-Jul-2026,22.79,22.7955,22.79,22.7955,100
BCG,27-Jul-2026,1.37,1.43,1.36,1.37,16100
BCIC,27-Jul-2026,7.11,7.1971,7.04,7.12,45100
BCLO,27-Jul-2026,49.56,49.66,49.55,49.555,10100
BCML,27-Jul-2026,31.77,31.77,30.425,30.57,63800
BCPC,27-Jul-2026,163.66,165.4299,162.65,164.79,138900
BCRX,27-Jul-2026,9.34,9.91,9.32,9.585,2386476
BCTK,27-Jul-2026,27.32,27.8792,27.32,27.8792,7400
BCTX,27-Jul-2026,3.65,3.69,3.46,3.55,46300
BCTXZ,27-Jul-2026,0.0995,0.0997,0.0832,0.09,163800
BCYC,27-Jul-2026,3.9,4.02,3.88,3.95,303800
BDCI,27-Jul-2026,10.08,10.08,10.08,10.08,4100
BDCIU,27-Jul-2026,10.2,10.2,10.2,10.2,100
BDGS,27-Jul-2026,35.89,35.89,35.7501,35.8624,3800
BDMD,27-Jul-2026,1.02,1.06,1.0099,1.055,41500
BDRX,27-Jul-2026,1.7,1.71,1.56,1.57,25900
BDSX,27-Jul-2026,22.13,23.384,21.78,22.22,75400
BDTX,27-Jul-2026,1.77,1.85,1.73,1.73,625200
BDVL,27-Jul-2026,26.07,26.1,25.9635,26.05,189500
BDYN,27-Jul-2026,27.35,27.3745,27.11,27.2596,236800
BEAM,27-Jul-2026,25.45,26.1,25.04,25.07,1819400
BEAT,27-Jul-2026,0.515,0.5401,0.5,0.5249,158400
BEATW,27-Jul-2026,0.0193,0.0233,0.0193,0.021,8500
BEDY,27-Jul-2026,29.5,29.705,29.5,29.605,197700
BEEM,27-Jul-2026,1.03,1.08,1.02,1.05,159900
BEEP,27-Jul-2026,1.7,1.76,1.7,1.76,6100
BEEX,27-Jul-2026,26.77,26.81,26.73,26.81,1400
BEEZ,27-Jul-2026,33.82,33.82,33.82,33.82,300
BEG,27-Jul-2026,30.4,31.17,25,28.46,351741
BELFA,27-Jul-2026,234.9,234.9,211.22,225.76,104900
BELFB,27-Jul-2026,274.19,279.4,249.66,270.26,276400
BELT,27-Jul-2026,37.8601,38.1819,37.8601,38.1819,2100
BENF,27-Jul-2026,3.11,3.3,3.0303,3.13,13300
BENFW,27-Jul-2026,0.0101,0.0119,0.0099,0.0119,9900
BESO,27-Jul-2026,26.0773,26.0773,26.0773,26.0773,100
BETR,27-Jul-2026,20.9,23,20.9,22.31,176500
BETRW,27-Jul-2026,0.165,0.165,0.165,0.165,400
BFC,27-Jul-2026,151.53,153.06,147.47,148.67,114200
BFLX,27-Jul-2026,25.46,25.49,25.08,25.2434,192000
BFRG,27-Jul-2026,0.6,0.61,0.5586,0.6098,155845
BFRGW,27-Jul-2026,0.118,0.118,0.118,0.118,1500
BFRI,27-Jul-2026,1.07,1.08,1.05,1.05,307500
BFRIW,27-Jul-2026,0.025,0.025,0.025,0.025,300
BFST,27-Jul-2026,31.19,31.52,31,31.47,209800
BGC,27-Jul-2026,11.84,11.9399,11.555,11.79,2277600
BGCG,27-Jul-2026,26.03,26.135,25.97,26.1217,8700
BGDE,27-Jul-2026,5.65,6,5.18,5.27,37000
BGEG,27-Jul-2026,22.36,22.4518,22.36,22.4518,1100
BGGG,27-Jul-2026,34.375,34.4,34.13,34.3255,304200
BGIA,27-Jul-2026,24.2703,24.2703,24.2703,24.2703,13900
BGIN,27-Jul-2026,2,2.1,1.89,2.1,9500
BGL,27-Jul-2026,0.2113,0.218,0.2015,0.2126,170400
BGLC,27-Jul-2026,1.47,1.51,1.36,1.37,6900
BGM,27-Jul-2026,0.305,0.305,0.285,0.2853,36500
BGMS,27-Jul-2026,0.9,0.9251,0.9,0.9249,18300
BGRN,27-Jul-2026,46.89,46.92,46.84,46.895,26000
BGRO,27-Jul-2026,40.8688,40.8688,40.8688,40.8688,100
BHAVU,27-Jul-2026,10.12,10.12,10.12,10.12,300
BHDG,27-Jul-2026,23.92,23.92,23.78,23.79,5500
BHF,27-Jul-2026,63.31,63.64,62.88,63.16,408600
BHFAL,27-Jul-2026,15.16,15.185,15.03,15.06,20300
BHFAM,27-Jul-2026,9.97,10.05,9.97,10.04,24800
BHFAN,27-Jul-2026,11.3,11.4799,11.3,11.42,26700
BHFAO,27-Jul-2026,14.2,14.35,14.2,14.35,16700
BHFAP,27-Jul-2026,13.93,14.06,13.8801,14.01,26300
BHRB,27-Jul-2026,70.78,72.69,70.76,72.5,105700
BHST,27-Jul-2026,1.94,2.25,1.94,2.03,137300
BIAF,27-Jul-2026,0.6529,0.69,0.65,0.6817,200300
BIB,27-Jul-2026,98.92,101.69,98.37,98.6003,7900
BID,27-Jul-2026,9.84,9.84,9.825,9.83,183100
BIDG,27-Jul-2026,9.571,9.646,9.4,9.4,5733
BIDU,27-Jul-2026,105.8,107.03,104.84,105.3,1458698
BIIB,27-Jul-2026,202.75,204.47,199.83,200.14,762500
BILI,27-Jul-2026,17.72,18.12,17.65,17.845,1076917
BIOA,27-Jul-2026,21.96,22.95,20.75,20.88,497300
BIOT,27-Jul-2026,13.5,13.52,2.71,2.71,594806
BIOTW,27-Jul-2026,0.06,0.09,0.0336,0.045,268000
BIOX,27-Jul-2026,0.3498,0.3499,0.3101,0.3292,87000
BIOY,27-Jul-2026,21.48,21.48,21.47,21.475,1900
BIRD,27-Jul-2026,2.52,2.78,2.45,2.51,136795
BIS,27-Jul-2026,13.64,13.77,13.6303,13.762,2300
BITA,27-Jul-2026,52.27,52.59,52.0401,52.39,11900
BITS,27-Jul-2026,57.61,58.74,57.1,57.195,2100
BIVI,27-Jul-2026,1.36,1.43,1.35,1.37,75500
BIVIW,27-Jul-2026,0.41,0.41,0.3959,0.4099,8400
BIXI,27-Jul-2026,10.01,10.01,10.01,10.01,5700
BIYA,27-Jul-2026,2.6,4.9,2.42,4.175,73504793
BJDX,27-Jul-2026,1.05,1.1721,0.9998,1.09,313880
BJRI,27-Jul-2026,68,69.06,67.43,68.85,702600
BKCH,27-Jul-2026,69.68,69.68,65.76,67.58,14854
BKHAR,27-Jul-2026,1.64,1.6401,1.64,1.64,10400
BKHAU,27-Jul-2026,12.01,12.01,11.96,11.96,600
BKMI,27-Jul-2026,25.94,25.965,25.87,25.92,182000
BKMS,27-Jul-2026,25.45,25.47,25.42,25.44,14700
BKNG,27-Jul-2026,178.07,187.34,178.07,186.8,3078042
BKR,27-Jul-2026,60.625,62.67,59.84,60.59,15188400
BKYI,27-Jul-2026,4.4105,4.8538,4.4105,4.75,3700
BL,27-Jul-2026,29.57,31.18,29.4,30.66,1128800
BLBD,27-Jul-2026,76.485,76.52,73.8401,76.04,464900
BLCR,27-Jul-2026,48.64,48.65,47.58,47.99,264700
BLDP,27-Jul-2026,3.045,3.045,2.78,2.875,5866700
BLFS,27-Jul-2026,29.87,30.17,29.63,29.79,1060200
BLIN,27-Jul-2026,1.22,1.22,1.15,1.17,40500
BLKB,27-Jul-2026,33.03,35.5899,33.03,34.55,786600
BLLN,27-Jul-2026,129.53,131.67,124.91,127.98,480000
BLMN,27-Jul-2026,8.01,8.61,8,8.54,2097900
BLNE,27-Jul-2026,0.98,1.07,0.93,0.995,325496
BLNK,27-Jul-2026,0.5329,0.5654,0.522,0.5534,1041006
BLRK,27-Jul-2026,10.1,10.1,10.07,10.1,26400
BLRKW,27-Jul-2026,0.5826,0.86,0.47,0.711,7900
BLRX,27-Jul-2026,2.87,2.92,2.817,2.817,5000
BLSG,27-Jul-2026,1.7,1.73,1.489,1.5369,422100
BLTE,27-Jul-2026,154.33,159.26,153.88,158.43,136500
BLUW,27-Jul-2026,10.34,10.345,10.34,10.345,168400
BLZE,27-Jul-2026,11.78,12.55,11.65,12.33,1127529
BLZR,27-Jul-2026,10.14,10.145,10.13,10.14,119400
BLZRU,27-Jul-2026,10.25,10.25,10.215,10.24,7300
BLZRW,27-Jul-2026,0.41,0.4469,0.3317,0.4469,68900
BMBL,27-Jul-2026,2.82,2.99,2.82,2.96,2218300
BMEA,27-Jul-2026,1.26,1.32,1.26,1.26,536200
BMGL,27-Jul-2026,5.58,5.95,5.41,5.87,5700
BMHL,27-Jul-2026,5.49,5.64,5.3,5.6399,4000
BMM,27-Jul-2026,5.45,5.63,5.15,5.58,683700
BMNG,27-Jul-2026,13.35,15.88,13.19,15.27,720878
BMOP,27-Jul-2026,24.78,24.83,24.74,24.79,123500
BMR,27-Jul-2026,1.29,1.3,1.25,1.28,50500
BMRA,27-Jul-2026,1.62,1.65,1.6004,1.6201,3000
BMRC,27-Jul-2026,29.8,30.92,29.13,30.3,260200
BMRN,27-Jul-2026,59.89,60.99,59.32,60.27,1626800
BNAI,27-Jul-2026,11.05,13.62,11.0136,12.1,197932
BNAIW,27-Jul-2026,0.1101,0.149,0.11,0.149,2900
BNC,27-Jul-2026,2.87,2.91,2.81,2.85,74700
BNCWZ,27-Jul-2026,0.0907,0.0909,0.0907,0.0909,9400
BND,27-Jul-2026,72.43,72.5,72.39,72.46,5667300
BNDP,27-Jul-2026,73.1,73.405,73.1,73.3482,25500
BNDW,27-Jul-2026,67.7,67.72,67.635,67.71,140200
BNDX,27-Jul-2026,47.9,47.92,47.87,47.92,3187000
BNGO,27-Jul-2026,1.12,1.1299,1.07,1.08,125700
BNKK,27-Jul-2026,1.08,1.17,1.08,1.08,80331
BNR,27-Jul-2026,9.335,9.4,9.335,9.4,400
BNRG,27-Jul-2026,0.64,0.6631,0.4441,0.554,1601370
BNTC,27-Jul-2026,11.6,11.79,11.15,11.58,65400
BNTX,27-Jul-2026,89.48,92.11,88.5,91.09,687300
BNZI,27-Jul-2026,2.14,2.28,2.09,2.12,68700
BNZIW,27-Jul-2026,0.0085,0.0089,0.008,0.0089,21400
BODI,27-Jul-2026,11.01,11.4,10.74,10.92,36400
BOEG,27-Jul-2026,13.03,13.03,12.67,12.6704,27100
BOEU,27-Jul-2026,32.5,32.84,31.92,31.97,29700
BOF,27-Jul-2026,4,4.035,3.915,4.02,7600
BOKF,27-Jul-2026,143.46,143.65,140.88,141.13,255700
BOLD,27-Jul-2026,2.57,2.6,2.46,2.48,121400
BOLT,27-Jul-2026,4.02,4.06,3.96,3.97,2800
BON,27-Jul-2026,1.09,1.15,1.09,1.138,13100
BOOM,27-Jul-2026,5.91,6.01,5.67,5.71,119700
BOSC,27-Jul-2026,4.39,4.42,4.35,4.4,10300
BOT,27-Jul-2026,26.0085,26.7,24.455,25.98,186625
BOTJ,27-Jul-2026,26.94,27.36,26.94,27.01,20600
BOTT,27-Jul-2026,40.76,40.96,39.97,40.43,20600
BOTZ,27-Jul-2026,34.48,34.63,34.07,34.34,549200
BOXL,27-Jul-2026,3.54,3.69,3.5,3.5,9600
BPAC,27-Jul-2026,10.13,10.13,10.13,10.13,3400
BPOP,27-Jul-2026,171.66,174.39,170.9615,171.41,467200
BPRN,27-Jul-2026,41.95,41.96,40.67,40.68,21400
BPYPM,27-Jul-2026,16.025,16.2099,16.015,16.07,4000
BPYPN,27-Jul-2026,13.87,13.9399,13.7308,13.88,5200
BPYPO,27-Jul-2026,15.16,15.32,15.16,15.265,5900
BPYPP,27-Jul-2026,15.95,16.1899,15.9202,16.08,10200
BRAG,27-Jul-2026,1.65,1.685,1.55,1.56,22700
BRAI,27-Jul-2026,5.97,6.4199,5.955,6.4,39500
BRCB,27-Jul-2026,8.08,8.37,8.08,8.33,143300
BREM,27-Jul-2026,50.8,50.83,50.77,50.83,1500
BRES,27-Jul-2026,26.79,26.8,26.59,26.7544,10000
BREZ,27-Jul-2026,9.97,9.97,9.97,9.97,15100
BRFH,27-Jul-2026,1.74,1.75,1.65,1.72,22500
BRHY,27-Jul-2026,50.8,50.9,50.76,50.79,28400
BRID,27-Jul-2026,6.4201,6.67,6.3769,6.3769,7500
BRKH,27-Jul-2026,9.96,9.96,9.96,9.96,100
BRKHW,27-Jul-2026,0.16,0.16,0.14,0.1538,1800
BRKR,27-Jul-2026,60.45,61.04,59.05,60.05,1841100
BRKRP,27-Jul-2026,449.83,450.1,445.24,445.24,16200
BRKU,27-Jul-2026,22.53,22.53,22.26,22.49,40800
BRLS,27-Jul-2026,0.93,0.94,0.78,0.92,15300
BRLT,27-Jul-2026,1.15,1.19,1.11,1.11,30000
BRNS,27-Jul-2026,0.6,0.6075,0.6,0.601,19700
BRNY,27-Jul-2026,57.75,57.75,56.881,57.2533,3800
BRR,27-Jul-2026,1.87,1.88,1.775,1.835,420903
BRRR,27-Jul-2026,18.28,18.5,18.14,18.31,54500
BRTMU,27-Jul-2026,9.96,9.96,9.95,9.95,135700
BRTR,27-Jul-2026,49.57,49.5994,49.56,49.595,42300
BRTX,27-Jul-2026,0.29,0.3124,0.2698,0.277,687000
BRUN,27-Jul-2026,21.85,21.9,17.995,19.38,2254047
BRUNW,27-Jul-2026,9.26,9.75,6.81,7.8,132900
BRZE,27-Jul-2026,22.53,24.39,22.42,23.51,2359200
BSAA,27-Jul-2026,11.9,12.04,11.69,11.895,2000
BSBK,27-Jul-2026,9.03,9.045,8.93,8.95,2200
BSCA,27-Jul-2026,19.73,19.74,19.72,19.7366,4400
BSCQ,27-Jul-2026,19.51,19.52,19.51,19.515,634800
BSCR,27-Jul-2026,19.59,19.59,19.58,19.585,564400
BSCS,27-Jul-2026,20.28,20.29,20.27,20.27,340059
BSCT,27-Jul-2026,18.46,18.47,18.45,18.455,424500
BSCU,27-Jul-2026,16.5,16.5,16.48,16.495,560800
BSCV,27-Jul-2026,16.2,16.22,16.2,16.205,521400
BSCW,27-Jul-2026,20.24,20.2467,20.215,20.235,268100
BSCX,27-Jul-2026,20.73,20.7572,20.72,20.745,234100
BSCY,27-Jul-2026,20.34,20.34,20.305,20.315,45700
BSCZ,27-Jul-2026,20.07,20.0768,20.055,20.0611,66600
BSET,27-Jul-2026,19.73,19.99,19.15,19.49,44400
BSGR,27-Jul-2026,25,25,24.985,24.985,700
BSGT,27-Jul-2026,24.96,24.97,24.94,24.95,16000
BSIN,27-Jul-2026,1.25,1.26,1.19,1.2,986100
BSJQ,27-Jul-2026,22.88,22.88,22.87,22.875,287800
BSJR,27-Jul-2026,22.28,22.28,22.27,22.275,86000
BSJS,27-Jul-2026,21.64,21.67,21.6391,21.67,194043
BSJT,27-Jul-2026,21,21.0298,20.995,21.015,85900
BSJU,27-Jul-2026,25.55,25.565,25.52,25.535,59000
BSJV,27-Jul-2026,25.9,25.9,25.8,25.84,29800
BSJW,27-Jul-2026,25.07,25.08,25,25.05,11700
BSJX,27-Jul-2026,24.92,24.93,24.92,24.925,3100
BSJY,27-Jul-2026,24.81,24.81,24.77,24.77,700
BSMQ,27-Jul-2026,23.52,23.53,23.5,23.52,18700
BSMR,27-Jul-2026,23.57,23.595,23.55,23.595,44500
BSMS,27-Jul-2026,23.32,23.32,23.29,23.315,56616
BSMT,27-Jul-2026,22.8856,22.91,22.85,22.8706,51200
BSMU,27-Jul-2026,21.66,21.73,21.62,21.63,66200
BSMV,27-Jul-2026,20.71,20.85,20.661,20.7089,177900
BSMW,27-Jul-2026,24.71,24.73,24.68,24.72,47000
BSMY,27-Jul-2026,24.15,24.15,24.07,24.105,36300
BSMZ,27-Jul-2026,25,25.01,24.99,24.995,29100
BSP,27-Jul-2026,34.97,34.97,32,33.26,3308800
BSRR,27-Jul-2026,40.66,41.59,40.04,41.16,202300
BSSX,27-Jul-2026,25.41,25.41,25.21,25.3232,27000
BSTS,27-Jul-2026,24.97,24.97,24.96,24.96,1600
BSTU,27-Jul-2026,24.93,24.94,24.925,24.93,1900
BSTV,27-Jul-2026,24.92,24.93,24.915,24.915,1800
BSVN,27-Jul-2026,49.38,50.43,48.2,49.56,73000
BSVO,27-Jul-2026,29.41,29.62,29.3,29.39,110100
BSY,27-Jul-2026,31.97,33.99,31.87,33.71,3340700
BTAI,27-Jul-2026,0.8662,0.8999,0.8401,0.8722,222054
BTBD,27-Jul-2026,1.12,1.18,1.12,1.14,36400
BTBT,27-Jul-2026,1.42,1.44,1.29,1.355,21564692
BTCS,27-Jul-2026,1.01,1.089,0.9897,1.065,622364
BTCT,27-Jul-2026,0.6697,0.6697,0.6003,0.6134,355300
BTDL,27-Jul-2026,19.99,21.01,19.41,20.8506,3400
BTDR,27-Jul-2026,11.91,12.1,10.7,11.35,5673100
BTF,27-Jul-2026,17.83,18.04,17.66,17.825,3100
BTGD,27-Jul-2026,21.35,21.6776,21.205,21.4298,48400
BTMD,27-Jul-2026,2.27,2.39,2.27,2.33,203900
BTOC,27-Jul-2026,0.25,0.325,0.225,0.25,538600
BTOG,27-Jul-2026,0.83,0.83,0.805,0.8056,58600
BTQ,27-Jul-2026,3.41,3.65,3.4,3.5,993520
BTSG,27-Jul-2026,73.76,73.9,71.03,71.98,854013
BTSGU,27-Jul-2026,235.835,236.445,235.27,236.32,6700
BTTC,27-Jul-2026,0.95,0.95,0.7934,0.7934,18500
BUFC,27-Jul-2026,42.55,42.62,42.55,42.62,12700
BUFI,27-Jul-2026,42.29,42.29,42.21,42.28,2800
BUFM,27-Jul-2026,40.33,40.47,40.33,40.42,11300
BUG,27-Jul-2026,38.45,38.8,37.85,38.03,1308300
BULD,27-Jul-2026,33.58,33.7777,33.5,33.7777,12900
BULG,27-Jul-2026,42.89,43.6,41.63,41.7,2100
BULL,27-Jul-2026,7.74,7.795,7.48,7.535,5949729
BULLW,27-Jul-2026,2.34,2.34,2.34,2.34,300
BUSE,27-Jul-2026,29.97,30.16,29.68,29.75,959800
BUSEP,27-Jul-2026,25.99,26,25.88,26,9800
BUUU,27-Jul-2026,21.27,23,20.97,22.9855,43600
BVC,27-Jul-2026,10.93,11.69,10.8,11,9500
BVFL,27-Jul-2026,20.83,21.5,20.5684,21.37,29300
BVS,27-Jul-2026,12.15,12.49,11.9,12.45,823000
BWAY,27-Jul-2026,16.1,16.51,15.36,15.76,223900
BWB,27-Jul-2026,20.98,21.08,20.61,20.64,172700
BWBBP,27-Jul-2026,19.9,19.96,19.9,19.935,3600
BWEN,27-Jul-2026,4.88,5.03,4.43,4.8,483100
BWFG,27-Jul-2026,62.41,64.61,62.41,64.37,69200
BWIN,27-Jul-2026,26.8,27.43,26.01,27.4,2158400
BWMN,27-Jul-2026,26.25,26.3,25.34,26.23,116300
BXBL,27-Jul-2026,4.9,5,3.8,3.94,713700
BYAH,27-Jul-2026,0.4074,0.4097,0.37,0.378,303500
BYFC,27-Jul-2026,10.1,10.1854,10.06,10.11,14400
BYND,27-Jul-2026,0.57,0.58,0.548,0.5491,16762146
BYRN,27-Jul-2026,3.49,4.18,3.49,4.13,1130656
BYSI,27-Jul-2026,1.11,1.19,1.11,1.17,9700
BZ,27-Jul-2026,15.73,15.9,15.15,15.73,5030500
BZAI,27-Jul-2026,0.92,0.95,0.83,0.87,5363500
BZAIW,27-Jul-2026,0.237,0.237,0.201,0.2325,45400
BZFD,27-Jul-2026,1.1,1.165,1.06,1.14,863913
BZFDW,27-Jul-2026,0.0179,0.0198,0.0169,0.0198,16600
BZUN,27-Jul-2026,2.6,2.84,2.6,2.82,638500
CAAS,27-Jul-2026,4.35,4.38,4.35,4.36,5600
CABA,27-Jul-2026,2.71,2.82,2.67,2.72,2185400
CABR,27-Jul-2026,1.45,1.5,1.4,1.45,50200
CAC,27-Jul-2026,55.18,55.87,54.41,54.81,85000
CACC,27-Jul-2026,575.35,583.535,552.4,552.73,139000
CADL,27-Jul-2026,9.6,10.2,9.51,9.97,963710
CAE,27-Jul-2026,25.41,25.88,25.38,25.8,966800
CAES,27-Jul-2026,10.08,10.08,10.05,10.06,159500
CAFG,27-Jul-2026,33.285,33.285,33.02,33.1716,3900
CAI,27-Jul-2026,15.69,16.02,15.46,15.63,3454700
CAII,27-Jul-2026,9.94,9.95,9.94,9.94,231600
CAIQ,27-Jul-2026,25.97,25.97,25.23,25.36,246200
CAKE,27-Jul-2026,86.1,87.41,85.26,87.03,1541600
CALC,27-Jul-2026,0.74,0.75,0.68,0.7,201200
CALI,27-Jul-2026,50.39,50.41,50.34,50.365,143100
CALM,27-Jul-2026,90.42,90.9,87.61,88.72,871600
CAMP,27-Jul-2026,3.28,3.58,3.16,3.42,336600
CAMT,27-Jul-2026,154.69,156.8,143.4201,151.51,222053
CAN,27-Jul-2026,0.245,0.2556,0.2305,0.2553,7603756
CANC,27-Jul-2026,41.47,41.69,41.1012,41.1012,11500
CANQ,27-Jul-2026,29.75,29.75,29.72,29.7395,600
CAPR,27-Jul-2026,19.24,20.43,5.25,6.9999,25757827
CAPS,27-Jul-2026,0.2355,0.2449,0.2355,0.242,93400
CAQ,27-Jul-2026,9.92,9.92,9.92,9.92,30800
CAR,27-Jul-2026,160.22,165,157.7,163.68,997300
CARE,27-Jul-2026,34.15,34.58,33.91,34.07,421600
CARG,27-Jul-2026,33.85,35.375,33.6247,34.96,608200
CARL,27-Jul-2026,10.99,11.56,10.99,11.45,46500
CART,27-Jul-2026,42.85,44.22,42.62,44.06,3396900
CARY,27-Jul-2026,20.69,20.84,20.69,20.73,220800
CARZ,27-Jul-2026,99.15,101.39,99.15,100.9734,11500
CASH,27-Jul-2026,86.88,88.45,85.39,86.15,244000
CASS,27-Jul-2026,54.73,55.415,54.46,54.79,89800
CAST,27-Jul-2026,2.04,2.17,1.8401,1.88,220332
CASY,27-Jul-2026,867.43,867.43,840.42,853.38,292000
CATH,27-Jul-2026,88.48,88.58,87.51,87.8,42500
CATY,27-Jul-2026,63.1,63.6,62.55,62.57,181844
CBAT,27-Jul-2026,0.5223,0.5235,0.5,0.512,56343
CBC,27-Jul-2026,32.16,32.49,31.9154,32.06,562000
CBFV,27-Jul-2026,36.41,36.77,35.85,36.33,4000
CBIO,27-Jul-2026,16.81,17.8,16.48,16.93,272000
CBK,27-Jul-2026,33.38,33.97,33.11,33.55,87400
CBLL,27-Jul-2026,17.16,18.14,16.78,18.13,442300
CBNK,27-Jul-2026,36.24,37,36.17,36.31,67900
CBRL,27-Jul-2026,54.2706,54.2706,50.2,52.42,1023024
CBRS,27-Jul-2026,202.58,206.25,181.75,188.535,3863671
CBSH,27-Jul-2026,59.1,59.575,58.93,59,1135700
CBUS,27-Jul-2026,1.72,1.82,1.62,1.81,173300
CCAP,27-Jul-2026,10.9,11,10.84,10.93,269600
CCAQ,27-Jul-2026,10.47,10.48,10.46,10.48,21100
CCAQW,27-Jul-2026,0.36,0.36,0.36,0.36,100
CCB,27-Jul-2026,72.82,74,71.98,72.37,95500
CCBG,27-Jul-2026,52.01,52.49,51.685,52.07,81800
CCC,27-Jul-2026,5.98,6.11,5.92,5.97,10990800
CCCC,27-Jul-2026,3.41,3.71,3.38,3.59,3915985
CCCTU,27-Jul-2026,10.0014,10.01,9.995,9.995,175200
CCD,27-Jul-2026,25.25,25.35,24.66,24.91,26600
CCEC,27-Jul-2026,23.53,23.95,23.29,23.65,17800
CCEP,27-Jul-2026,105.51,108.85,105.51,108.7,1716300
CCFE,27-Jul-2026,27.6221,27.6221,27.6221,27.6221,100
CCG,27-Jul-2026,11.97,13.02,11.96,12.11,16500
CCGWW,27-Jul-2026,0.0188,0.0188,0.0187,0.0187,4100
CCHH,27-Jul-2026,1.42,1.59,1.34,1.57,284051
CCIX,27-Jul-2026,10.87,10.88,10.87,10.88,80400
CCIXU,27-Jul-2026,10.81,10.81,10.81,10.81,1000
CCIXW,27-Jul-2026,0.01,0.0117,0.0035,0.0045,365600
CCLD,27-Jul-2026,2.25,2.3,2.23,2.23,156100
CCNE,27-Jul-2026,34.67,34.79,34.27,34.51,124000
CCNEP,27-Jul-2026,25.12,25.43,25.12,25.43,1600
CCNR,27-Jul-2026,37.93,37.93,37.8,37.8433,6100
CCOI,27-Jul-2026,11.97,12.38,11.85,12.22,999700
CCSB,27-Jul-2026,19.85,19.88,19.84,19.88,1300
CCSI,27-Jul-2026,37.2026,37.565,36.19,36.35,99600
CCSO,27-Jul-2026,26.62,26.62,26.3,26.5327,900
CCTG,27-Jul-2026,0.7103,0.8093,0.7103,0.7412,57703
CCXI,27-Jul-2026,13.99,14.1,13.05,13.79,1490740
CCXIU,27-Jul-2026,14.5,14.5,14,14.25,9800
CCXIW,27-Jul-2026,6.2,6.475,6.1999,6.475,4300
CD,27-Jul-2026,3,3.1,2.92,3.04,102100
CDC,27-Jul-2026,76.76,77.28,76.76,76.8437,10000
CDIG,27-Jul-2026,25.22,25.22,25.04,25.1695,15000
CDIO,27-Jul-2026,1.54,1.73,1.44,1.62,93900
CDIOW,27-Jul-2026,0.017,0.017,0.017,0.017,300
CDL,27-Jul-2026,80.06,80.46,80.06,80.1625,7900
CDLX,27-Jul-2026,3.62,3.7995,3.5,3.74,45700
CDNA,27-Jul-2026,37.21,37.74,36.25,36.36,604600
CDNL,27-Jul-2026,63.27,65.18,60.955,63.26,442700
CDNS,27-Jul-2026,332.42,342.39,331.5,338.86,1963185
CDRO,27-Jul-2026,9.49,9.49,9.245,9.39,16300
CDT,27-Jul-2026,3.13,3.13,2.7563,2.82,18426
CDTG,27-Jul-2026,0.99,1.03,0.85,0.98,89600
CDW,27-Jul-2026,135.34,138.77,135.24,138.04,1025400
CDXS,27-Jul-2026,1.48,1.635,1.48,1.545,3679590
CDZI,27-Jul-2026,3.16,3.2,2.91,3.08,1672600
CDZIP,27-Jul-2026,22.21,22.5,22.205,22.3,18200
CECO,27-Jul-2026,75.75,76.69,70.6,73.77,1207000
CEFA,27-Jul-2026,39.595,39.7317,39.595,39.7317,400
CEG,27-Jul-2026,276,277.19,267.74,270,3082700
CELC,27-Jul-2026,83.3,85.05,81.01,82.27,1763200
CELH,27-Jul-2026,27.5,28.84,27.2425,28.79,4864600
CELU,27-Jul-2026,0.8,0.8,0.745,0.751,37200
CELZ,27-Jul-2026,0.79,0.81,0.77,0.79,99300
CENN,27-Jul-2026,3.33,3.5,3.33,3.43,5500
CENT,27-Jul-2026,43.45,44.5494,43.25,43.25,101700
CENTA,27-Jul-2026,38.96,39.14,38.24,38.27,220200
CENX,27-Jul-2026,45.64,45.99,44.26,44.87,1206300
CEPF,27-Jul-2026,10.44,10.48,10.44,10.44,26800
CEPI,27-Jul-2026,31.96,31.96,31,31.48,40200
CEPL,27-Jul-2026,9.53,9.5832,7,8.18,906100
CEPO,27-Jul-2026,10.66,10.67,10.66,10.66,28100
CEPV,27-Jul-2026,10.44,10.44,10.44,10.44,25200
CERS,27-Jul-2026,2.96,3.13,2.96,3.07,1655100
CERT,27-Jul-2026,7.64,7.895,7.58,7.75,4263600
CETX,27-Jul-2026,2.65,2.88,2.65,2.88,28467
CETY,27-Jul-2026,0.9199,0.92,0.89,0.91,20500
CEVA,27-Jul-2026,37.76,38.15,33.8096,35.11,636017
CFA,27-Jul-2026,100.43,100.43,99.79,100.0506,4000
CFBK,27-Jul-2026,33.64,35.5,33.51,34.01,228400
CFFI,27-Jul-2026,79.19,79.38,78,79.38,5600
CFFN,27-Jul-2026,8.7,8.8116,8.595,8.64,621100
CFO,27-Jul-2026,80.95,81.41,80.87,81.0824,3800
CG,27-Jul-2026,45.94,47.01,45.85,46.28,3699800
CGABL,27-Jul-2026,16.4,16.43,16.3001,16.36,12100
CGBD,27-Jul-2026,10.1,10.335,10.1,10.21,516900
CGC,27-Jul-2026,0.8968,0.947,0.8968,0.9271,1888642
CGCFU,27-Jul-2026,9.99,9.99,9.95,9.965,4900
CGEM,27-Jul-2026,17.45,17.99,17.13,17.43,530600
CGEN,27-Jul-2026,2.34,2.385,2.284,2.375,73296
CGNT,27-Jul-2026,8.5,8.8,8.48,8.71,437600
CGNX,27-Jul-2026,62.76,63.45,59.77,61.31,891085
CGO,27-Jul-2026,12.75,12.8705,12.6,12.6,22200
CGON,27-Jul-2026,69.31,73.89,69.31,73.49,537436
CGTL,27-Jul-2026,4.77,4.8,4.4,4.51,23700
CGTX,27-Jul-2026,0.9401,0.9738,0.91,0.944,365632
CHA,27-Jul-2026,11.34,11.77,11.24,11.74,407300
CHAI,27-Jul-2026,0.3941,0.4129,0.3734,0.3998,827411
CHARR,27-Jul-2026,0.0824,0.0824,0.0824,0.0824,500
CHCI,27-Jul-2026,15.09,15.25,14.68,15.1,20800
CHCO,27-Jul-2026,140.12,144.56,140.12,143.9,159400
CHDN,27-Jul-2026,87.26,89.23,87.26,88.17,1082500
CHEF,27-Jul-2026,95.42,96.39,90.965,95.68,649500
CHGA,27-Jul-2026,0.2316,0.2355,0.2117,0.2246,211044
CHGX,27-Jul-2026,32.36,32.41,32.1,32.3197,40900
CHI,27-Jul-2026,12.75,12.79,12.495,12.57,123400
CHKP,27-Jul-2026,131.16,134.99,130.68,132.75,1771500
CHMG,27-Jul-2026,80.98,82.86,79.65,80.5,80300
CHNR,27-Jul-2026,3.7,3.8,3.68,3.68,7500
CHPGR,27-Jul-2026,0.15,0.15,0.15,0.15,193100
CHPS,27-Jul-2026,84.02,84.28,79.08,81.09,36500
CHPX,27-Jul-2026,91.26,91.635,87.13,89.25,33900
CHR,27-Jul-2026,1.97,2.02,1.87,1.955,34180
CHRD,27-Jul-2026,133.73,135.72,131.68,131.8,670500
CHRI,27-Jul-2026,88.375,88.375,87.43,87.626,1500
CHRN,27-Jul-2026,21.64,22.2,20,20.26,243000
CHRS,27-Jul-2026,1.46,1.495,1.44,1.46,456600
CHRW,27-Jul-2026,185.56,186.11,173.76,174.46,3139100
CHSCL,27-Jul-2026,25.35,25.4599,25.282,25.35,19500
CHSCM,27-Jul-2026,24.375,24.45,24.3002,24.41,15600
CHSCN,27-Jul-2026,25.09,25.09,24.9501,25.08,12800
CHSCO,27-Jul-2026,25.8259,25.8259,25.6,25.63,13100
CHSCP,27-Jul-2026,26.63,26.66,26.53,26.61,14200
CHSN,27-Jul-2026,1.2,1.23,1.17,1.2,36200
CHTR,27-Jul-2026,125.49,132.57,123.83,131.61,4126300
CHW,27-Jul-2026,8.63,8.77,8.3601,8.42,204600
CHY,27-Jul-2026,12.82,12.9899,12.5901,12.69,194600
CHYM,27-Jul-2026,21,21.98,20.9,21.86,5581800
CIBR,27-Jul-2026,89.87,90.4,88.43,89.1,852700
CIFG,27-Jul-2026,11.57,11.7,8.52,9.26,112160
CIFR,27-Jul-2026,24.22,24.45,20.762,21.65,20375114
CIGI,27-Jul-2026,98.5,102.42,98.5,101.98,190500
CIGL,27-Jul-2026,0.4511,0.4785,0.4301,0.459,89370
CIIT,27-Jul-2026,3.58,4.09,3.27,3.54,202400
CINF,27-Jul-2026,182.5,186.33,182.5,184.31,307531
CING,27-Jul-2026,4.85,4.85,4.46,4.5,135171
CIRC,27-Jul-2026,0.78,0.8099,0.7306,0.7646,1376600
CISO,27-Jul-2026,0.26,0.26,0.25,0.25,202600
CISS,27-Jul-2026,0.5237,0.5516,0.1,0.1068,28929134
CIVB,27-Jul-2026,28.69,28.91,28.495,28.65,100500
CJMB,27-Jul-2026,2.67,3.18,2.4222,2.64,1847797
CLAR,27-Jul-2026,3.27,3.32,3.265,3.27,53500
CLBK,27-Jul-2026,10.84,10.94,10.79,10.85,6553900
CLBT,27-Jul-2026,14.55,14.89,14.45,14.64,902900
CLDX,27-Jul-2026,35.68,36.4,35.1207,35.65,1040800
CLFD,27-Jul-2026,31.54,32.27,30.03,32.12,185400
CLGN,27-Jul-2026,0.341,0.3491,0.305,0.3189,28900
CLIK,27-Jul-2026,1.62,1.69,1.57,1.64,46100
CLIR,27-Jul-2026,3.74,4,3.74,3.98,18300
CLLS,27-Jul-2026,2.87,2.89,2.84,2.89,3600
CLMB,27-Jul-2026,25.5,27.435,25.5,27.17,197500
CLMT,27-Jul-2026,40.74,41.45,40.26,41.28,1057800
CLNE,27-Jul-2026,2.01,2.04,1.93,1.96,1054200
CLNN,27-Jul-2026,5.39,5.47,5.29,5.46,28200
CLOA,27-Jul-2026,51.92,51.935,51.91,51.915,171700
CLOD,27-Jul-2026,30.7072,30.7072,30.7072,30.7072,200
CLOU,27-Jul-2026,23.57,24.09,23.44,23.84,169500
CLOV,27-Jul-2026,4.32,4.45,4.265,4.28,2815954
CLPS,27-Jul-2026,0.86,0.94,0.8201,0.89,32300
CLPT,27-Jul-2026,14.45,14.86,14.16,14.62,179783
CLRB,27-Jul-2026,2.41,2.52,2.35,2.35,21662
CLRO,27-Jul-2026,5.23,5.35,4.67,5.07,55600
CLSK,27-Jul-2026,15.06,15.15,13.69,14.03,13063465
CLSKW,27-Jul-2026,0.35,0.3501,0.33,0.335,10500
CLSM,27-Jul-2026,26.377,26.377,26.1801,26.3305,6900
CLST,27-Jul-2026,17.28,17.3449,17.28,17.3449,800
CLWT,27-Jul-2026,1.55,1.59,1.53,1.58,15200
CLYM,27-Jul-2026,13.1,14.41,12.37,12.79,1210800
CMBO,27-Jul-2026,103.01,103.01,103.01,103.01,100
CMCO,27-Jul-2026,16.48,16.63,15.79,16.38,653100
CMCSA,27-Jul-2026,22.36,23.29,22.3,22.795,26313176
CMCT,27-Jul-2026,2.8,3.13,2.56,2.81,25600
CME,27-Jul-2026,255.47,256.65,251.51,255.36,1675400
CMGG,27-Jul-2026,14.1,14.1,13.76,13.9955,7800
CMII,27-Jul-2026,10.02,10.02,9.99,9.99,218900
CMMB,27-Jul-2026,1.4,1.44,1.4,1.42,25000
CMND,27-Jul-2026,1.61,1.63,1.58,1.62,40000
CMPR,27-Jul-2026,99,99.57,97.11,99.42,84800
CMPS,27-Jul-2026,11.39,11.77,11.205,11.25,2203652
CMPX,27-Jul-2026,2.11,2.22,2.08,2.08,3401600
CMRC,27-Jul-2026,2.76,2.91,2.76,2.84,506000
CMTL,27-Jul-2026,1.73,1.845,1.7,1.82,408000
CMTV,27-Jul-2026,41,41.02,40.24,40.61,30200
CNCG,27-Jul-2026,31.31,32.09,31.31,32.09,100
CNCK,27-Jul-2026,2.63,2.76,2.61,2.62,23500
CNDT,27-Jul-2026,1.51,1.57,1.5,1.51,836900
CNET,27-Jul-2026,0.795,1.15,0.716,0.99,822338
CNEY,27-Jul-2026,0.571,0.5928,0.5187,0.5928,104204
CNOB,27-Jul-2026,32.76,32.9,32.315,32.82,587900
CNOBP,27-Jul-2026,25.15,25.1744,25.14,25.16,4700
CNQQ,27-Jul-2026,24.23,24.24,24.17,24.24,2500
CNSP,27-Jul-2026,5.08,5.17,5.07,5.07,3200
CNSY,27-Jul-2026,3.83,3.91,3.7001,3.73,48800
CNTB,27-Jul-2026,2.15,2.2039,2.08,2.1,152670
CNTN,27-Jul-2026,2,2.12,2,2.03,698300
CNTX,27-Jul-2026,0.6199,0.65,0.59,0.6231,1584454
CNTY,27-Jul-2026,1.18,1.18,1.15,1.16,14300
CNVS,27-Jul-2026,2.39,2.53,2.3769,2.51,64200
CNXC,27-Jul-2026,22.25,25.2461,22.22,24.575,699586
CNXN,27-Jul-2026,81.88,84.1898,80.385,81.3,84600
CNXU,27-Jul-2026,8.6,8.73,7.3,7.68,140700
COAG,27-Jul-2026,47.78,50.75,45.79,50.39,386200
COCH,27-Jul-2026,0.6627,0.7,0.65,0.674,100600
COCHW,27-Jul-2026,0.038,0.0398,0.038,0.0381,1400
COCO,27-Jul-2026,66.07,68.15,65.98,67.35,1593900
COCP,27-Jul-2026,0.91,0.9298,0.9051,0.9187,25200
CODA,27-Jul-2026,10.05,10.24,9.9,10.04,74100
CODX,27-Jul-2026,2.15,2.15,1.89,2.04,163100
COFS,27-Jul-2026,33.08,34.075,32.68,33.92,114800
COGT,27-Jul-2026,40.05,41.17,39.75,40.44,1383700
COHU,27-Jul-2026,50.55,51.01,46.1,47.81,1128400
COIG,27-Jul-2026,5,5.26,4.84,5.25,84200
COIN,27-Jul-2026,162.33,167.87,160.42,167.53,3879972
COKE,27-Jul-2026,182.6126,188.02,182.6126,186.44,121313
COLA,27-Jul-2026,10.7,10.7,10.66,10.69,13500
COLB,27-Jul-2026,31.37,31.56,30.86,30.9,2940800
COLL,27-Jul-2026,35.44,36.03,35.26,35.52,309700
COLM,27-Jul-2026,63.4,63.94,62,63.46,719200
COMT,27-Jul-2026,32.89,32.89,32.5,32.57,153200
CONI,27-Jul-2026,46.3,47.7,43.2,43.47,111902
CONL,27-Jul-2026,5,5.3658,4.92,5.345,14327461
CONX,27-Jul-2026,6.13,6.48,6.049,6.48,73308
COO,27-Jul-2026,70.82,71.63,70.26,70.29,2199600
COOT,27-Jul-2026,0.3803,0.42,0.3501,0.3561,210457
COOTW,27-Jul-2026,0.0172,0.0172,0.0172,0.0172,1000
COPJ,27-Jul-2026,39.49,39.71,38.62,39.47,41300
COPP,27-Jul-2026,38.69,38.69,37.485,38.32,63500
CORO,27-Jul-2026,35.62,35.73,35.18,35.4,588500
CORT,27-Jul-2026,91.6,93.35,90.12,91.12,1418800
CORZ,27-Jul-2026,23.2,23.62,20.39,20.755,7253489
CORZW,27-Jul-2026,15.45,15.61,13.71,14.08,89300
CORZZ,27-Jul-2026,22.25,22.25,20.51,20.51,5800
COSM,27-Jul-2026,0.2048,0.2059,0.1936,0.2047,2648099
COST,27-Jul-2026,938.11,956.61,936.66,951.58,2109800
COTG,27-Jul-2026,12.69,13.07,12.69,13.02,26100
COWG,27-Jul-2026,37.59,37.68,36.98,37.28,454500
COWS,27-Jul-2026,38.135,38.24,38.11,38.1335,6900
COYA,27-Jul-2026,4.33,4.405,4.24,4.265,81100
COYY,27-Jul-2026,17.95,18.04,17.84,18.01,16500
CPAG,27-Jul-2026,101.52,101.5878,101.52,101.5878,12900
CPB,27-Jul-2026,21.99,22.73,21.93,22.37,4708400
CPBI,27-Jul-2026,19.735,19.735,19.67,19.67,2200
CPHC,27-Jul-2026,15.39,15.91,15.39,15.475,1300
CPHY,27-Jul-2026,51.37,51.375,51.345,51.345,1800
CPIX,27-Jul-2026,6.47,7.2,6.31,7.03,72300
CPLS,27-Jul-2026,34.611,34.68,34.57,34.6119,31800
CPOP,27-Jul-2026,0.3974,0.4159,0.3652,0.3804,364256
CPRT,27-Jul-2026,28.35,29.93,28.21,29.79,25960700
CPSH,27-Jul-2026,4.51,4.51,3.89,4,651128
CPSS,27-Jul-2026,9.43,9.55,9.16,9.27,20900
CPTL,27-Jul-2026,47.46,47.46,47.2,47.3068,2300
CPZ,27-Jul-2026,12.8,12.9,12.72,12.86,64100
CRAC,27-Jul-2026,10.13,10.14,10.13,10.14,11000
CRAI,27-Jul-2026,170.46,174.91,167.29,173.66,101500
CRBP,27-Jul-2026,9.23,9.54,9.05,9.08,363200
CRBU,27-Jul-2026,1.66,1.66,1.58,1.585,579173
CRCG,27-Jul-2026,8.43,9.04,8.11,8.88,2831965
CRCT,27-Jul-2026,4.49,4.56,4.47,4.48,340500
CRDF,27-Jul-2026,0.847,0.85,0.8139,0.8302,793373
CRDL,27-Jul-2026,1.2,1.21,1.15,1.155,552300
CRDO,27-Jul-2026,221.17,225.12,197.01,208.33,2857205
CRE,27-Jul-2026,2.56,2.7,2.55,2.59,31500
CRESY,27-Jul-2026,11.32,11.595,11.21,11.595,180100
CREX,27-Jul-2026,3.17,3.25,3.08,3.11,37000
CRGO,27-Jul-2026,1.29,1.2997,1.24,1.27,16100
CRGOW,27-Jul-2026,0.0322,0.0466,0.0322,0.0429,8900
CRIS,27-Jul-2026,5.05,5.44,4.6,4.67,98230
CRMD,27-Jul-2026,7.87,8.12,7.5,7.59,828054
CRMG,27-Jul-2026,4.4,5.06,4.38,4.88,4763078
CRML,27-Jul-2026,6.04,6.21,5.81,6.05,4201349
CRMLW,27-Jul-2026,1.75,1.86,1.65,1.81,27000
CRMT,27-Jul-2026,3.12,3.56,3.12,3.35,276200
CRMU,27-Jul-2026,1.96,2.0239,1.8,1.94,225452
CRNC,27-Jul-2026,9.08,9.08,8.25,8.28,438206
CRNT,27-Jul-2026,2.15,2.18,2.09,2.17,582900
CRNX,27-Jul-2026,83.8,84,83.67,83.85,5216800
CRON,27-Jul-2026,2.82,2.88,2.76,2.86,1065000
CROX,27-Jul-2026,135.33,135.8,132.99,134.54,1204300
CRSP,27-Jul-2026,47.66,48.28,46.71,46.73,1335000
CRSR,27-Jul-2026,9.89,10.58,9.89,10.54,1241107
CRTO,27-Jul-2026,20.66,21.22,20.5,20.85,159800
CRUS,27-Jul-2026,134.33,136.33,132.86,136.12,513600
CRVL,27-Jul-2026,60.38,61.52,60.14,60.4,151700
CRVO,27-Jul-2026,2.72,2.84,2.59,2.66,278214
CRVS,27-Jul-2026,13.55,13.8,12.91,12.925,448749
CRWD,27-Jul-2026,185.95,188.5,179.5,180.1,3741896
CRWG,27-Jul-2026,16.35,16.64,14.32,14.84,1042446
CRWL,27-Jul-2026,59.64,59.7,54.52,54.57,74100
CRWS,27-Jul-2026,3.02,3.05,2.93,3,51500
CRWV,27-Jul-2026,74.08,75.19,69.69,70.785,12739562
CRY,27-Jul-2026,17.93,18.1207,17.6599,18.1207,8500
CSAI,27-Jul-2026,0.2441,0.2463,0.2252,0.2271,367551
CSB,27-Jul-2026,67.04,67.04,66.86,66.8702,6600
CSBR,27-Jul-2026,6.1,6.15,6.06,6.06,8200
CSCL,27-Jul-2026,58.98,58.98,56.56,58.65,16500
CSCO,27-Jul-2026,115.5,116.01,112.735,114.63,6578253
CSCS,27-Jul-2026,13.54,13.61,13.445,13.46,2900
CSEN,27-Jul-2026,24.45,24.625,24.33,24.4035,14700
CSGP,27-Jul-2026,28.05,29.92,28.04,29.17,9804500
CSHR,27-Jul-2026,4.22,4.34,4.07,4.19,99200
CSHRW,27-Jul-2026,0.77,0.78,0.7,0.7,11300
CSIQ,27-Jul-2026,13.8868,14.08,13.24,13.795,1512324
CSPI,27-Jul-2026,8.0901,8.2018,7.89,8,4300
CSQ,27-Jul-2026,20.2,20.2,19.88,20.04,164300
CSTE,27-Jul-2026,2.15,2.21,2,2.19,82600
CSTL,27-Jul-2026,25.1,25.115,23.85,24.44,291600
CSWC,27-Jul-2026,24.2,24.2,23.45,23.55,393777
CSX,27-Jul-2026,53.6,53.6,51.33,51.8,17855900
CTAS,27-Jul-2026,207.01,211.72,206.35,210.98,2261000
CTBI,27-Jul-2026,76.54,77.575,76.0101,76.66,120600
CTEC,27-Jul-2026,53.64,54.1122,53.19,54.1122,1900
CTKB,27-Jul-2026,4.46,4.53,4.365,4.41,272108
CTMX,27-Jul-2026,3.25,3.43,3.25,3.25,2501700
CTNM,27-Jul-2026,14.28,14.85,13.81,13.86,114100
CTNT,27-Jul-2026,1.79,1.87,1.73,1.805,320733
CTOR,27-Jul-2026,0.53,0.5898,0.5125,0.556,32600
CTRM,27-Jul-2026,1.87,1.93,1.85,1.85,8733
CTRN,27-Jul-2026,63.86,65.925,63.86,65.24,146600
CTSH,27-Jul-2026,46.49,48,46.18,47.05,7416100
CTSO,27-Jul-2026,0.374,0.3846,0.3502,0.36,66000
CTW,27-Jul-2026,2.28,2.37,2.23,2.3,25300
CTXR,27-Jul-2026,0.5,0.5395,0.4903,0.5168,177900
CUB,27-Jul-2026,10.83,10.83,10.815,10.82,112800
CUBWW,27-Jul-2026,0.381,0.4649,0.381,0.4649,6600
CUE,27-Jul-2026,32.91,34.37,31.14,32.57,232900
CULP,27-Jul-2026,3.62,3.695,3.56,3.59,4800
CUPR,27-Jul-2026,3.49,3.71,3.42,3.61,6700
CURI,27-Jul-2026,2.37,2.47,2.37,2.44,211300
CURR,27-Jul-2026,3.18,3.34,3.1,3.31,142600
CURX,27-Jul-2026,0.195,0.21,0.1788,0.183,113400
CUVL,27-Jul-2026,7.0314,7.0314,7.01,7.01,1200
CV,27-Jul-2026,6.58,6.78,6.54,6.61,83700
CVBF,27-Jul-2026,22.78,22.91,22.485,22.5,1313600
CVCO,27-Jul-2026,581.09,589.99,573.89,579.05,87900
CVGI,27-Jul-2026,4.67,4.8065,4.42,4.54,218000
CVKD,27-Jul-2026,2.14,2.14,1.95,2.06,71100
CVLT,27-Jul-2026,145.8,150.81,145.48,149.46,983500
CVRX,27-Jul-2026,4.81,5,4.75,4.88,248200
CVV,27-Jul-2026,7.2,7.29,6.73,7.13,74600
CWBC,27-Jul-2026,25.08,25.55,24.93,25.27,325800
CWCO,27-Jul-2026,29.37,29.6,29.11,29.52,63900
CWD,27-Jul-2026,0.5737,0.6,0.5186,0.534,264000
CWST,27-Jul-2026,89.46,90.89,88.72,89.3,702500
CWY,27-Jul-2026,17.14,17.17,16.82,16.87,2200
CXAI,27-Jul-2026,0.1087,0.115,0.1057,0.1141,3689143
CXDO,27-Jul-2026,6.81,7.03,6.71,6.92,377800
CXII,27-Jul-2026,10.9,10.9,10.75,10.75,1800
CXIIU,27-Jul-2026,10.9,10.9,10.9,10.9,100
CXIIW,27-Jul-2026,1.9,1.9,1.89,1.89,3300
CXSE,27-Jul-2026,38,38.2,37.91,38.13,14300
CYAB,27-Jul-2026,0.2738,0.2738,0.2556,0.265,80900
CYCN,27-Jul-2026,3.41,3.55,3.41,3.5,15800
CYCU,27-Jul-2026,0.3288,0.3474,0.2857,0.2899,634469
CYN,27-Jul-2026,1.09,1.12,1.07,1.11,94700
CYPH,27-Jul-2026,0.626,0.6598,0.621,0.6282,699597
CYRX,27-Jul-2026,15.37,15.68,14.84,15.15,783400
CYTK,27-Jul-2026,81.51,82.41,79.9,80.62,1835100
CZAR,27-Jul-2026,32.4,32.4,32.4,32.4,100
CZFS,27-Jul-2026,74.96,76,73.225,75.97,33000
CZNC,27-Jul-2026,24.35,24.7299,24.08,24.58,51393
CZR,27-Jul-2026,29.98,30.09,29.87,29.97,2572300
CZWI,27-Jul-2026,22.2,23.45,20.52,21.4,97700
DAAQ,27-Jul-2026,10.405,10.4132,10.3999,10.4132,6100
DAAQW,27-Jul-2026,0.358,0.3581,0.317,0.317,6000
DADS,27-Jul-2026,19.78,19.78,19.67,19.73,3600
DAIC,27-Jul-2026,1.39,1.39,1.27,1.3,23600
DAICW,27-Jul-2026,0.0078,0.0086,0.0068,0.0086,2700
DAIO,27-Jul-2026,3.12,3.25,2.98,3.06,51800
DAK,27-Jul-2026,28.9591,28.9591,28.9591,28.9591,100
DAKT,27-Jul-2026,19.85,20.04,19.54,19.79,432100
DALI,27-Jul-2026,28.295,28.295,27.92,28.0584,1700
DAPP,27-Jul-2026,18.43,18.7,17.79,18.21,134600
DARE,27-Jul-2026,1.28,1.35,1.28,1.32,168000
DASH,27-Jul-2026,177.5,185.55,177.29,184.37,3640300
DAVE,27-Jul-2026,409.71,417.23,397.81,405.65,314300
DAVEW,27-Jul-2026,3.08,3.11,2.95,3,14500
DAX,27-Jul-2026,44.85,45,44.5467,44.777,32700
DBCA,27-Jul-2026,9.98,9.98,9.97,9.975,65300
DBCAW,27-Jul-2026,0.3738,0.4494,0.37,0.4312,22500
DBGI,27-Jul-2026,13,15.005,8.371,12.9885,138112
DBVT,27-Jul-2026,13.75,14.13,13.52,13.9,380700
DBX,27-Jul-2026,29.49,30.86,29.49,30.535,2087858
DCBO,27-Jul-2026,19.42,20.7,19.42,20.17,146700
DCGO,27-Jul-2026,0.6101,0.649,0.6001,0.6299,446300
DCOY,27-Jul-2026,4.07,4.43,3.71,3.74,1088300
DCTH,27-Jul-2026,12.22,12.45,11.85,11.94,439500
DCX,27-Jul-2026,0.625,0.73,0.5837,0.72,35808
DDI,27-Jul-2026,11.48,11.6,11.42,11.6,57300
DDIV,27-Jul-2026,47.76,47.76,47.36,47.5291,4200
DDOG,27-Jul-2026,251.98,257.86,249,251.87,1535343
DECO,27-Jul-2026,75.79,75.79,72.4518,73.3981,1400
DEFT,27-Jul-2026,0.395,0.441,0.3948,0.4327,1456131
DEMZ,27-Jul-2026,46.77,46.81,46.3,46.414,3600
DERM,27-Jul-2026,6.37,6.4,6.1,6.37,133700
DETX,27-Jul-2026,3.26,3.37,3.22,3.32,9000
DFDV,27-Jul-2026,2.88,2.93,2.675,2.74,768528
DFDVW,27-Jul-2026,0.329,0.34,0.2852,0.2852,2300
DFGP,27-Jul-2026,53.35,53.43,53.35,53.4,237700
DFGX,27-Jul-2026,52.32,52.36,52.285,52.345,160500
DFLI,27-Jul-2026,1.39,1.48,1.345,1.415,241227
DFLIW,27-Jul-2026,0.0392,0.0493,0.0357,0.0357,5400
DFNS,27-Jul-2026,5.87,15.99,5.78,13.54,55403851
DFNSW,27-Jul-2026,0.0626,0.0796,0.0601,0.0764,285908
DFSC,27-Jul-2026,1.53,1.665,1.21,1.27,119366
DFSCW,27-Jul-2026,0.016,0.016,0.016,0.016,1900
DFTX,27-Jul-2026,43.65,45.42,41.73,42.65,1556400
DGCB,27-Jul-2026,53.34,53.39,53.28,53.37,210000
DGICA,27-Jul-2026,18.92,19.145,18.89,18.91,83000
DGICB,27-Jul-2026,21.6,21.6,21.6,21.6,700
DGII,27-Jul-2026,67.58,68.691,65.52,67.69,275800
DGLO,27-Jul-2026,24.1588,24.1588,24.1588,24.1588,100
DGNX,27-Jul-2026,1.46,1.69,1.43,1.5,710819
DGRE,27-Jul-2026,38.56,38.56,37.8401,38.0352,4500
DGRS,27-Jul-2026,60.03,60.35,59.6,59.8564,35200
DGRW,27-Jul-2026,96.18,96.26,95.43,95.59,556800
DGXX,27-Jul-2026,4.16,4.2,3.66,3.845,6564725
DH,27-Jul-2026,0.67,0.7007,0.6518,0.6736,106000
DHC,27-Jul-2026,9.37,9.42,9.25,9.41,1146600
DHCNI,27-Jul-2026,17.98,18.18,17.8,18.13,13900
DHCNL,27-Jul-2026,18.66,18.83,18.5085,18.75,6600
DIBS,27-Jul-2026,4.18,4.38,4.175,4.31,94700
DIME,27-Jul-2026,7.47,7.47,7.46,7.46,400
DINE,27-Jul-2026,25.0286,25.0286,25.0286,25.0286,100
DIOD,27-Jul-2026,87.94,89.3,82.69,85.9,337700
DIVD,27-Jul-2026,44.17,44.27,44.17,44.1974,1200
DJCO,27-Jul-2026,581.03,594.98,563.83,581.16,57300
DJT,27-Jul-2026,8.64,9.71,8.64,9.5463,3973303
DJTWW,27-Jul-2026,3.21,3.6,3.21,3.57,10900
DKI,27-Jul-2026,4.46,4.46,4.25,4.25,3700
DKNG,27-Jul-2026,23.2356,24.59,23.14,24.1,6104206
DKNX,27-Jul-2026,17.055,18.0653,16.64,17.4001,5100
DLHC,27-Jul-2026,5.09,5.28,5.09,5.22,11400
DLLL,27-Jul-2026,24.32,25.64,21.63,23.24,1128300
DLO,27-Jul-2026,14.72,15.1,14.68,14.96,2950900
DLPN,27-Jul-2026,1.095,1.13,1.09,1.095,9800
DLTH,27-Jul-2026,4.2,4.34,4.14,4.27,54100
DLTR,27-Jul-2026,121.89,125.94,121.89,125.54,2709700
DLXY,27-Jul-2026,0.4284,0.45,0.4,0.4198,59100
DMAAR,27-Jul-2026,0.16,0.17,0.15,0.16,75300
DMAC,27-Jul-2026,6.79,7.1281,6.65,6.74,89700
DMII,27-Jul-2026,10.1,10.11,10.1,10.105,80400
DMIIR,27-Jul-2026,0.08,0.08,0.08,0.08,2100
DMLP,27-Jul-2026,27.95,27.9798,27,27.06,401072
DMRA,27-Jul-2026,29.98,30.9,29.02,29.44,547100
DMRC,27-Jul-2026,5.96,6.38,5.9091,6.1,96000
DMXF,27-Jul-2026,83.5,83.5,82.735,83.1,10200
DNLI,27-Jul-2026,23.59,24.17,23.44,23.57,1747200
DNMX,27-Jul-2026,10.015,10.015,10.01,10.01,5000
DNMXU,27-Jul-2026,10.13,10.13,10.13,10.13,100
DNNG,27-Jul-2026,6.73,6.73,6.1558,6.1558,500
DNTH,27-Jul-2026,103.84,107.03,103.29,104.49,609900
DNUT,27-Jul-2026,3.18,3.27,3.18,3.26,1554900
DOCU,27-Jul-2026,50.99,54.3,50.75,52.9,1732873
DOGZ,27-Jul-2026,0.942,0.985,0.9,0.9222,16900
DOMH,27-Jul-2026,2.67,2.782,2.445,2.48,165700
DOMO,27-Jul-2026,3.72,3.81,3.55,3.57,2006500
DOO,27-Jul-2026,60.55,62.18,60.55,61.73,259300
DORM,27-Jul-2026,134.51,137.09,133.05,136.44,210300
DOX,27-Jul-2026,52.94,54.01,52.79,53.1,1212100
DOYU,27-Jul-2026,4.4,4.56,4.4,4.47,7500
DPRO,27-Jul-2026,4.3,4.465,4.26,4.4,499900
DPU,27-Jul-2026,1.95,2.05,1.83,2.05,11300
DPZ,27-Jul-2026,335.57,348.6,335.57,343.53,1075600
DRCT,27-Jul-2026,2.59,2.66,2.59,2.6,19700
DRDB,27-Jul-2026,10.585,10.59,10.585,10.59,10900
DRH,27-Jul-2026,12.91,13.03,12.87,12.91,2218900
DRIO,27-Jul-2026,7.48,8.1481,7,7.47,8700
DRIV,27-Jul-2026,33.9,33.9,32.88,33.4951,20700
DRMA,27-Jul-2026,1.28,1.3964,1.275,1.29,42700
DRMAW,27-Jul-2026,0.008,0.0105,0.0075,0.0104,46300
DRNZ,27-Jul-2026,21.08,21.33,20.8,21.21,84500
DRS,27-Jul-2026,48.17,49.3,48.17,48.45,671600
DRTS,27-Jul-2026,12.96,13.09,12.14,12.21,503900
DRTSW,27-Jul-2026,3.36,3.4,2.95,2.97,12000
DRUG,27-Jul-2026,70.92,73.99,70.16,71.91,194600
DRVN,27-Jul-2026,13.81,14.47,13.65,14.37,620400
DSAC,27-Jul-2026,10.16,10.17,10.16,10.17,60200
DSC,27-Jul-2026,5.95,6.27,5.58,5.71,25913
DSGN,27-Jul-2026,12.85,12.85,11.77,11.88,323000
DSGR,27-Jul-2026,34.52,34.52,34.49,34.52,200400
DSGX,27-Jul-2026,69.3,72.26,69.11,71.08,564700
DSP,27-Jul-2026,10.9,11.4899,10.87,11.295,144200
DSWL,27-Jul-2026,3.48,3.4892,3.35,3.385,21300
DSY,27-Jul-2026,3.08,3.36,3.08,3.31,12900
DSYWW,27-Jul-2026,0.0132,0.0224,0.0131,0.0132,3700
DTCR,27-Jul-2026,28.4,28.41,27.4,27.69,814100
DTCX,27-Jul-2026,1.87,1.94,1.79,1.81,56000
DTI,27-Jul-2026,2.27,2.29,2.21,2.24,151400
DTIL,27-Jul-2026,7.29,7.73,7.21,7.25,250600
DTSS,27-Jul-2026,0.81,0.84,0.8,0.82,13400
DTST,27-Jul-2026,3.1,3.25,3.06,3.1,10500
DUKH,27-Jul-2026,23.71,23.725,23.71,23.725,400
DUKR,27-Jul-2026,5.49,5.59,5.16,5.39,13900
DUKRW,27-Jul-2026,0.8,0.8,0.8,0.8,200
DUKX,27-Jul-2026,27.77,27.88,27.77,27.8727,1100
DUO,27-Jul-2026,0.5491,0.6,0.5335,0.5873,55436
DUOG,27-Jul-2026,44.6,50.59,44.6,49.74,10100
DUOL,27-Jul-2026,123.03,134.36,122,132.76,656435
DUOT,27-Jul-2026,8.2,8.5,7.7001,8.04,676600
DUSG,27-Jul-2026,51.54,51.71,51.54,51.6981,200
DVAL,27-Jul-2026,16.34,16.34,16.25,16.2511,3500
DVGR,27-Jul-2026,26.63,26.63,26.57,26.6183,500
DVIN,27-Jul-2026,31.1167,31.1167,31.1167,31.1167,100
DVLT,27-Jul-2026,0.3689,0.3739,0.3555,0.3587,8110563
DVLU,27-Jul-2026,41.8,41.8,40.99,41.2011,2600
DVOL,27-Jul-2026,38.07,38.07,37.9503,37.9932,1200
DVQQ,27-Jul-2026,29.986,29.986,29.986,29.986,100
DVRE,27-Jul-2026,25.79,25.79,25.7647,25.7647,100
DVSP,27-Jul-2026,28.65,28.65,28.2344,28.2344,400
DVUT,27-Jul-2026,27.6188,27.6188,27.6188,27.6188,100
DVXB,27-Jul-2026,28.05,28.05,28.0231,28.0231,100
DVXC,27-Jul-2026,22.7754,22.7754,22.7754,22.7754,100
DVXE,27-Jul-2026,39.127,39.127,39.127,39.127,100
DVXF,27-Jul-2026,27.984,27.984,27.984,27.984,1500
DVXK,27-Jul-2026,35.03,35.3502,35.03,35.3502,400
DVXP,27-Jul-2026,25.9014,25.9014,25.9014,25.9014,100
DVXV,27-Jul-2026,32.7853,32.7853,32.7853,32.7853,100
DVXY,27-Jul-2026,21.12,21.12,21.12,21.12,100
DVY,27-Jul-2026,163.18,163.98,162.97,163.27,333400
DWAS,27-Jul-2026,115.42,115.97,112.4604,113.8538,17300
DWAW,27-Jul-2026,49.85,50.0343,49.8499,50.0343,300
DWSH,27-Jul-2026,6.01,6.01,5.855,5.89,35100
DWSN,27-Jul-2026,4.86,5.3463,4.73,4.81,104900
DWTX,27-Jul-2026,1.52,1.54,1.48,1.53,4500
DWUS,27-Jul-2026,57.4498,57.4498,57.4498,57.4498,100
DXCM,27-Jul-2026,72,74.59,72,73.37,5003900
DXLG,27-Jul-2026,0.62,0.63,0.62,0.62,12100
DXPE,27-Jul-2026,171.47,171.75,160.51,165.54,103700
DXR,27-Jul-2026,10.7,10.7,10.21,10.21,2100
DXST,27-Jul-2026,2.29,2.29,2.24,2.26,11000
DYAI,27-Jul-2026,1.19,1.205,1.12,1.13,112700
DYFI,27-Jul-2026,22.54,22.55,22.54,22.55,3700
DYN,27-Jul-2026,25,26.12,24.59,25.63,3332400
DYNB,27-Jul-2026,38.93,38.9428,38.93,38.9428,200
DYNC,27-Jul-2026,10.79,10.81,10.79,10.8,16600
DYNCW,27-Jul-2026,0.17,0.17,0.17,0.17,400
DYORW,27-Jul-2026,0.2527,0.26,0.2501,0.2541,2500
DYTA,27-Jul-2026,31.29,31.29,31.08,31.1704,11300
EA,27-Jul-2026,209.25,209.25,208.95,209.07,2676100
EART,27-Jul-2026,26.74,26.8041,26.4301,26.595,20800
EASY,27-Jul-2026,27.4301,27.55,27.4301,27.4657,5600
EBAY,27-Jul-2026,109.37,113.53,109.13,113.21,4175200
EBC,27-Jul-2026,23.11,23.185,22.74,23.1,4980100
EBI,27-Jul-2026,65.43,65.51,65.34,65.4782,3400
EBIZ,27-Jul-2026,29.2201,29.65,29.2201,29.63,4900
EBMT,27-Jul-2026,23.43,24.175,23.33,23.53,45200
ECBK,27-Jul-2026,19.77,20.42,19.77,20.4,7000
ECHO,27-Jul-2026,87.13,88.67,85.82,86.69,3521300
ECHX,27-Jul-2026,7.97,8.14,7.61,7.74,102887
ECOR,27-Jul-2026,6.27,6.42,5.88,6.05,31400
ECOW,27-Jul-2026,27.17,27.28,27.1385,27.25,34000
ECPG,27-Jul-2026,90.29,94.57,90.29,94.45,369600
ECX,27-Jul-2026,1.0001,1.09,1.0001,1.075,994951
EDBL,27-Jul-2026,3.26,9.94,2.8,2.8801,26124298
EDBLW,27-Jul-2026,0.0355,0.0614,0.0355,0.0463,97717
EDHL,27-Jul-2026,3.73,4.39,3.37,4.17,78200
EDIT,27-Jul-2026,2.71,2.725,2.603,2.68,744974
EDRY,27-Jul-2026,23.96,24.8,22.44,24.8,177700
EDSA,27-Jul-2026,5.35,5.52,5.12,5.35,89200
EDTK,27-Jul-2026,0.952,0.9735,0.947,0.947,800
EDUC,27-Jul-2026,1.47,1.47,1.42,1.45,212000
EEE,27-Jul-2026,20.66,20.66,20.5643,20.5643,2400
EEFT,27-Jul-2026,80.33,80.33,78.89,79.18,851600
EEIQ,27-Jul-2026,2.1801,2.3598,2.11,2.135,12800
EEMA,27-Jul-2026,111.34,111.62,109.33,110.61,382500
EFAS,27-Jul-2026,22.51,22.6,22.49,22.54,19000
EFOI,27-Jul-2026,2.8,2.87,2.8,2.83,6200
EFRA,27-Jul-2026,35.92,35.92,35.77,35.8797,500
EFSC,27-Jul-2026,66.12,66.555,65.58,65.66,294800
EFSCP,27-Jul-2026,19.6901,19.6901,19.6901,19.6901,600
EFSI,27-Jul-2026,40.65,41.18,39.325,40.14,82600
EGAN,27-Jul-2026,6.425,6.87,6.425,6.81,165000
EGBN,27-Jul-2026,28.52,28.99,28.09,28.15,294400
EGGQ,27-Jul-2026,51.02,51.54,47.81,49.13,10100
EGHA,27-Jul-2026,10.33,10.338,10.33,10.33,6100
EGHAR,27-Jul-2026,0.4,0.4,0.3906,0.4,5000
EGHT,27-Jul-2026,1.77,1.88,1.77,1.85,2677100
EH,27-Jul-2026,4.98,5.29,4.94,5.245,803061
EHGO,27-Jul-2026,2.08,2.45,2.0032,2.105,899380
EHLD,27-Jul-2026,8.14,8.14,8.14,8.14,400
EHLS,27-Jul-2026,25.91,25.9543,25.91,25.9543,500
EHTH,27-Jul-2026,1.35,1.41,1.35,1.36,101700
EIKN,27-Jul-2026,9,10.0437,8.9,9.88,289900
EJH,27-Jul-2026,1.8,1.93,1.35,1.38,41400
EKG,27-Jul-2026,18.8458,18.8458,18.8458,18.8458,100
ELAB,27-Jul-2026,0.88,1.02,0.84,0.9199,1208744
ELBM,27-Jul-2026,0.5204,0.5235,0.5074,0.514,237300
ELDN,27-Jul-2026,3.6331,3.77,3.54,3.565,1418864
ELE,27-Jul-2026,16.01,16.01,15.35,15.89,183500
ELFY,27-Jul-2026,41.9,41.9,40.7802,41.21,17000
ELIL,27-Jul-2026,31.14,31.14,29.9501,30.6264,62800
ELMT,27-Jul-2026,14.5,14.98,14.16,14.71,255900
ELOG,27-Jul-2026,0.9091,0.97,0.8981,0.96,12800
ELOX,27-Jul-2026,11.79,12.11,10.98,12.11,238600
ELPW,27-Jul-2026,0.2251,0.2373,0.191,0.1983,3110976
ELSE,27-Jul-2026,7.72,7.735,7.72,7.72,34300
ELTK,27-Jul-2026,9.9,9.9,8.91,9.15,1800
ELTX,27-Jul-2026,3.08,3.2,2.97,3,254900
ELUT,27-Jul-2026,0.969,0.9907,0.904,0.9604,21600
ELVA,27-Jul-2026,8.41,8.63,8.1,8.4,447000
ELVN,27-Jul-2026,53.41,55.79,52.535,52.735,1408400
ELVR,27-Jul-2026,54.86,56.87,54.08,56.51,36400
ELWT,27-Jul-2026,7.3,7.671,7.3,7.671,3000
EMAT,27-Jul-2026,5.08,5.3,4.95,5.02,57900
EMB,27-Jul-2026,95.15,95.15,94.855,94.96,3460300
EMBC,27-Jul-2026,3.34,3.49,3.34,3.43,875200
EMCB,27-Jul-2026,66,66,65.5,65.8756,3700
EMEM,27-Jul-2026,24.61,24.705,24.3607,24.5992,3000
EMEQ,27-Jul-2026,62.93,63,60.66,61.62,126000
EMIF,27-Jul-2026,25.96,26.25,25.96,26.098,1000
EML,27-Jul-2026,24.22,24.8396,24.13,24.13,6500
EMPD,27-Jul-2026,3.38,3.41,3.11,3.19,439400
EMSC,27-Jul-2026,24.47,24.47,24.13,24.3403,16900
EMXC,27-Jul-2026,93.04,93.16,90.58,91.7,3560600
EMXF,27-Jul-2026,55.58,55.6,54.705,55.0913,12300
ENDW,27-Jul-2026,34.07,34.17,33.98,34.0463,7300
ENGN,27-Jul-2026,1.85,1.89,1.75,1.755,561853
ENGS,27-Jul-2026,2.66,2.73,2.61,2.72,1300000
ENHI,27-Jul-2026,26.6856,26.6856,26.6856,26.6856,100
ENHU,27-Jul-2026,27.53,27.5508,27.53,27.5508,100
ENLT,27-Jul-2026,91.22,93.19,89.11,91.33,263900
ENLV,27-Jul-2026,4.22,4.32,4.02,4.26,59300
ENPH,27-Jul-2026,37.73,38.25,36.205,38.0284,2248684
ENRD,27-Jul-2026,5.15,5.25,5.04,5.13,8600
ENSC,27-Jul-2026,0.262,0.2778,0.255,0.2616,224900
ENSG,27-Jul-2026,181.88,186,177.16,178.07,766400
ENTA,27-Jul-2026,12.96,13.16,12.66,12.73,91800
ENTG,27-Jul-2026,130.63,131.78,120.75,126.37,2351000
ENTX,27-Jul-2026,2.05,4.2,2.05,3.93,72604934
ENVB,27-Jul-2026,1.32,1.35,1.25,1.34,133600
ENVX,27-Jul-2026,4.05,4.24,4,4.225,4898532
ENZL,27-Jul-2026,46.91,46.91,46.295,46.43,59300
EOLS,27-Jul-2026,6.05,6.31,6.05,6.18,650200
EOSE,27-Jul-2026,3.54,3.64,3.36,3.6,19142795
EPOW,27-Jul-2026,0.5116,0.5117,0.4812,0.4814,19744
EPRX,27-Jul-2026,5.86,6.28,5.76,6.17,326100
EPSM,27-Jul-2026,1.38,1.45,1.27,1.38,22400
EPSN,27-Jul-2026,5.71,5.83,5.62,5.73,181000
EQ,27-Jul-2026,2.51,2.65,2.45,2.46,279500
EQIX,27-Jul-2026,1084.24,1085.71,1041.78,1046.79,514700
EQPT,27-Jul-2026,18.91,19.44,18.59,19.24,3374300
EQQQ,27-Jul-2026,39,39.055,38.5599,38.7569,5100
EQRR,27-Jul-2026,81.07,81.19,80.8623,80.8623,1700
ERAS,27-Jul-2026,19.03,19.96,18.8,18.87,3531800
ERET,27-Jul-2026,30.92,30.92,29.99,29.99,300
ERIC,27-Jul-2026,9.61,9.7,9.52,9.67,12992700
ERIE,27-Jul-2026,224.13,231.56,224.06,228.26,195700
ERII,27-Jul-2026,8.45,8.66,8.36,8.52,767300
ERNA,27-Jul-2026,3.93,4.13,3.83,3.92,30200
ERNAW,27-Jul-2026,0.068,0.0681,0.0412,0.0608,18100
ESCA,27-Jul-2026,18.99,19.41,18.72,18.95,28300
ESEA,27-Jul-2026,76.99,77.96,75,76.11,40300
ESGD,27-Jul-2026,103.61,103.64,102.64,103.08,244900
ESGE,27-Jul-2026,51.66,51.66,50.53,51.11,482700
ESGU,27-Jul-2026,163.13,163.5,161.4,162.09,559500
ESLA,27-Jul-2026,0.7666,0.7801,0.748,0.7748,16100
ESLT,27-Jul-2026,812,824.43,803.02,812.86,66100
ESMV,27-Jul-2026,30.5978,30.5978,30.5978,30.5978,100
ESN,27-Jul-2026,19.9579,19.9579,19.898,19.9206,416500
ESOA,27-Jul-2026,15.95,16,15.5,15.83,65874
ESPO,27-Jul-2026,91.15,92.07,91.15,92.0078,22200
ESQ,27-Jul-2026,121.3,123,119.81,120.49,103800
ESTA,27-Jul-2026,93.7,94.68,90.95,92.1,377200
ETEC,27-Jul-2026,26.36,26.5187,26.3599,26.5187,500
ETHA,27-Jul-2026,14.78,14.92,14.465,14.69,37478751
ETHB,27-Jul-2026,25.11,25.44,24.69,25.07,475200
ETON,27-Jul-2026,42.73,43.84,42.06,42.31,365300
ETOR,27-Jul-2026,37.345,37.925,36.855,37.81,469300
ETS,27-Jul-2026,1.07,1.09,1.05,1.07,61000
EU,27-Jul-2026,1.16,1.2399,1.14,1.2,1796990
EUDA,27-Jul-2026,14.92,19.27,14.92,19,16200
EUDAW,27-Jul-2026,0.0244,0.0245,0.0243,0.0243,3900
EUFN,27-Jul-2026,40.97,41.08,40.76,40.97,1490300
EVAX,27-Jul-2026,2.985,3.0591,2.85,2.89,12100
EVCM,27-Jul-2026,11.42,12,11.42,11.82,111500
EVER,27-Jul-2026,25.42,26.47,25.42,26.25,527000
EVGN,27-Jul-2026,0.54,0.5539,0.5081,0.52,95100
EVGO,27-Jul-2026,1.44,1.5751,1.43,1.56,4397877
EVLV,27-Jul-2026,5.29,5.5,5.23,5.45,2245900
EVMT,27-Jul-2026,17.66,17.67,17.65,17.67,800
EVO,27-Jul-2026,1.95,1.96,1.91,1.92,106300
EVOXW,27-Jul-2026,0.3525,0.36,0.3205,0.3212,37000
EVPF,27-Jul-2026,50.02,50.02,49.98,50.0097,8300
EVRG,27-Jul-2026,87.01,87.29,85.67,85.84,1415800
EVSD,27-Jul-2026,50.76,50.76,50.73,50.74,78200
EVYM,27-Jul-2026,50.16,50.33,50.16,50.305,2900
EWBC,27-Jul-2026,130.88,132.89,129.8,129.89,691800
EWJV,27-Jul-2026,46.62,46.7,46.145,46.555,88400
EWTX,27-Jul-2026,41.6,42.38,40.79,41.6,1068700
EWZS,27-Jul-2026,12.92,13.04,12.89,13.0245,58400
EXC,27-Jul-2026,47.28,47.92,47.04,47.15,6567900
EXE,27-Jul-2026,91.88,92.28,90.21,90.51,4351900
EXEL,27-Jul-2026,55.81,56.74,55.69,55.81,2316900
EXFY,27-Jul-2026,1.73,1.83,1.73,1.81,477100
EXLS,27-Jul-2026,27.89,29.01,27.88,28.56,1707300
EXOZ,27-Jul-2026,4.78,5.01,4.5,4.55,19300
EXPE,27-Jul-2026,265.01,280.76,265.01,278.37,1273000
EXPO,27-Jul-2026,62.19,63.28,62.06,62.76,529600
EXTR,27-Jul-2026,30.03,30.17,29.11,29.95,1208100
EXUS,27-Jul-2026,27.8297,27.895,27.789,27.895,4100
EXYN,27-Jul-2026,2.63,2.91,2.5362,2.57,230560
EXYNW,27-Jul-2026,0.69,0.75,0.69,0.75,300
EYE,27-Jul-2026,20.2,20.97,20.16,20.74,1898200
EYEG,27-Jul-2026,34.6281,34.6281,34.6281,34.6281,100
EYPT,27-Jul-2026,12.48,13.02,12.17,12.41,1390200
EZGO,27-Jul-2026,0.98,1.03,0.98,0.98,47900
EZMO,27-Jul-2026,25.18,25.18,25.171,25.171,100
EZPW,27-Jul-2026,29.77,30.55,29.18,30.4,700900
EZRA,27-Jul-2026,2.14,2.2,2.07,2.08,18264
EZRO,27-Jul-2026,23.36,23.36,23.3306,23.3306,400
FA,27-Jul-2026,19.78,20.31,19.66,20.01,1760700
FAAA,27-Jul-2026,50.34,50.35,50.31,50.345,35300
FAAR,27-Jul-2026,31.14,31.22,31.08,31.11,17600
FAB,27-Jul-2026,105.37,105.39,105.1,105.1625,3600
FABC,27-Jul-2026,2.64,2.64,2.34,2.52,315000
FAC,27-Jul-2026,5.4667,5.4667,4.58,4.77,307824
FACT,27-Jul-2026,10.65,10.6601,10.65,10.6601,2100
FACTW,27-Jul-2026,0.175,0.1798,0.15,0.16,102100
FACWW,27-Jul-2026,0.87,0.87,0.87,0.87,100
FAD,27-Jul-2026,186.22,186.64,182.71,184.78,10400
FALN,27-Jul-2026,26.94,26.9497,26.88,26.89,2172200
FAMI,27-Jul-2026,0.1985,0.1985,0.144,0.1538,1271869
FANG,27-Jul-2026,197.08,201.71,195.43,195.8,1742600
FAST,27-Jul-2026,47.71,47.76,46.96,47.64,6549400
FATE,27-Jul-2026,2.49,2.52,2.39,2.43,564000
FATN,27-Jul-2026,4.61,5.43,4.5,5.21,129100
FBGL,27-Jul-2026,0.5531,0.56,0.5277,0.5501,43800
FBIO,27-Jul-2026,3.36,3.51,3.22,3.27,413300
FBIOP,27-Jul-2026,18.91,18.93,18.7501,18.8,9400
FBIZ,27-Jul-2026,67.72,69.03,66.785,67.48,38500
FBL,27-Jul-2026,23.38,23.86,22.59,22.63,357627
FBLA,27-Jul-2026,15.79,15.79,15.6,15.66,70400
FBLG,27-Jul-2026,0.701,0.701,0.6201,0.6269,151603
FBNC,27-Jul-2026,63.22,63.5,62.51,62.58,262000
FBOT,27-Jul-2026,37.18,37.18,36.54,36.9488,15400
FBRX,27-Jul-2026,66.08,77.86,57.71,76.52,16081882
FBYD,27-Jul-2026,10.59,11.22,9.96,10.46,57600
FBYDW,27-Jul-2026,2.1,2.1,1.89,1.89,2900
FBYY,27-Jul-2026,11.26,11.26,11.26,11.26,200
FCA,27-Jul-2026,27.39,27.45,27.0501,27.2753,22000
FCAL,27-Jul-2026,48.81,48.81,48.68,48.69,17900
FCAP,27-Jul-2026,59.475,63.395,59.475,63.2,21400
FCBC,27-Jul-2026,48.64,48.885,47.83,48.17,101600
FCCO,27-Jul-2026,33.79,34.535,33.79,33.93,60600
FCEF,27-Jul-2026,23.84,23.84,23.645,23.655,4100
FCEL,27-Jul-2026,21.68,22.66,20.3001,21.48,4447297
FCFS,27-Jul-2026,195.24,207.27,195.24,206.74,538900
FCHL,27-Jul-2026,1.13,1.13,0.95,1.02,67900
FCLO,27-Jul-2026,50.38,50.3878,50.38,50.38,3400
FCNCA,27-Jul-2026,2163.9,2186.15,2132.95,2137.36,65100
FCNCN,27-Jul-2026,25.07,25.07,24.8956,25.035,7700
FCNCO,27-Jul-2026,20.51,20.72,20.51,20.625,11200
FCNCP,27-Jul-2026,20.3799,20.3799,20.305,20.37,3500
FCTE,27-Jul-2026,28.92,28.97,28.8,28.9295,27100
FCUV,27-Jul-2026,2.21,2.34,2.1,2.28,18300
FCVT,27-Jul-2026,49.54,49.54,48.57,48.9955,24200
FCXG,27-Jul-2026,12.82,12.82,11.99,12.5331,14200
FDBC,27-Jul-2026,50.775,52.64,50.775,51.56,4100
FDCF,27-Jul-2026,48.2656,48.5,48.0337,48.186,5500
FDFF,27-Jul-2026,34.93,35.23,34.93,35.2209,4200
FDIF,27-Jul-2026,38.69,38.69,38.1201,38.4016,2400
FDIG,27-Jul-2026,41.38,41.99,40.5201,41.3632,25700
FDIQ,27-Jul-2026,71.05,72.07,71.05,71.858,11400
FDIV,27-Jul-2026,28,28.0834,27.98,28.0834,8300
FDMMU,27-Jul-2026,9.95,9.95,9.95,9.95,500
FDMT,27-Jul-2026,10.22,10.65,10.12,10.38,531400
FDNI,27-Jul-2026,26.755,26.9573,26.68,26.9573,8100
FDRS,27-Jul-2026,22.31,22.4,22.09,22.25,21100
FDRX,27-Jul-2026,18.9765,18.9765,18.9765,18.9765,100
FDSB,27-Jul-2026,17.36,17.675,17.36,17.6,800
FDT,27-Jul-2026,91.07,91.27,89.51,90.245,145800
FDTS,27-Jul-2026,65.21,65.21,64.8063,64.8063,800
FDTX,27-Jul-2026,50.85,50.85,48.79,49.8151,39700
FDUS,27-Jul-2026,19.6,19.84,19.6,19.78,157900
FEAM,27-Jul-2026,1.13,1.28,1.13,1.22,118700
FEBO,27-Jul-2026,0.91,0.91,0.73,0.75,3600
FEED,27-Jul-2026,0.372,0.382,0.3575,0.3578,102100
FEIM,27-Jul-2026,74.33,75,67.75,70.64,325000
FELE,27-Jul-2026,106.05,107.26,104.58,105.43,497900
FEM,27-Jul-2026,31.22,31.22,30.9,31.0688,73100
FEMB,27-Jul-2026,29.08,29.22,28.92,29.08,152200
FEMS,27-Jul-2026,44.44,44.44,43.8386,44.04,29400
FEMY,27-Jul-2026,3.6,3.71,2.96,3.06,109200
FENC,27-Jul-2026,10.59,10.59,10.01,10.21,115500
FEP,27-Jul-2026,57.97,58.24,57.47,57.635,18500
FEPI,27-Jul-2026,40.22,40.27,39.15,39.6,190900
FER,27-Jul-2026,63.38,63.48,62.37,62.86,1680100
FERA,27-Jul-2026,10.44,10.44,10.43,10.44,356400
FEUZ,27-Jul-2026,66.04,66.4,66.02,66.4,6000
FEX,27-Jul-2026,137.22,137.494,135.85,136.514,14000
FFAI,27-Jul-2026,6.8978,7.4411,4.84,5.12,811314
FFBC,27-Jul-2026,33.98,34.16,33.565,33.58,997500
FFIN,27-Jul-2026,34.85,35.01,34.42,34.44,576800
FFIV,27-Jul-2026,394,410.81,391.54,408.79,931564
FFUT,27-Jul-2026,61.14,61.63,60.77,60.8116,239700
FGBI,27-Jul-2026,9.42,9.6051,9.33,9.36,14200
FGI,27-Jul-2026,4.34,4.34,4.05,4.2,4600
FGIWW,27-Jul-2026,0.35,1.86,0.26,1.7,208400
FGL,27-Jul-2026,1.04,1.14,1.01,1.04,103900
FGM,27-Jul-2026,62.1,62.3106,62.1,62.3106,4400
FGNX,27-Jul-2026,6.66,6.99,6.38,6.96,170500
FGNXP,27-Jul-2026,24.9,25.46,24.9,25.46,700
FGSI,27-Jul-2026,20.37,20.4303,20.37,20.4303,100
FHB,27-Jul-2026,28.22,28.47,27.75,27.79,3073600
FHTX,27-Jul-2026,4.99,5.24,4.87,5.2,159300
FIBK,27-Jul-2026,38.28,38.655,37.74,37.76,1599400
FICS,27-Jul-2026,41.77,41.8264,41.61,41.74,9000
FID,27-Jul-2026,22.28,22.35,22.26,22.335,16600
FIEE,27-Jul-2026,2.88,10.59,2.75,3.1499,8101594
FIGG,27-Jul-2026,18.91,21.22,18.9,21.22,81609
FIGR,27-Jul-2026,27.97,29.7,27.97,28.85,1443772
FIGXW,27-Jul-2026,0.25,0.25,0.1507,0.21,7800
FIMU,27-Jul-2026,19.8054,19.8054,19.8054,19.8054,100
FINW,27-Jul-2026,13.82,13.98,13.68,13.75,14400
FINX,27-Jul-2026,25.46,25.74,25.42,25.66,80100
FINY,27-Jul-2026,25.465,25.53,25.465,25.48,1700
FIP,27-Jul-2026,4.26,4.33,4,4.15,1431100
FISI,27-Jul-2026,41.35,41.45,40.62,41.25,276500
FISN,27-Jul-2026,10.27,10.29,9.54,9.79,189800
FISV,27-Jul-2026,51.25,52.61,51.0607,52.29,3109770
FIVE,27-Jul-2026,203.33,208.35,203.33,207.14,988800
FIVN,27-Jul-2026,23.31,25.925,23.31,25.535,1851482
FIXD,27-Jul-2026,42.94,43.2899,42.9086,42.95,263700
FIYY,27-Jul-2026,24.38,24.38,24.38,24.38,100
FIZZ,27-Jul-2026,30.73,31.51,30.72,31.25,496000
FJP,27-Jul-2026,74.73,74.73,73.75,74.0674,7000
FKU,27-Jul-2026,54.51,54.5775,54.32,54.5775,700
FKWL,27-Jul-2026,2.34,2.38,2.33,2.33,85600
FLD,27-Jul-2026,0.4501,0.47,0.435,0.45,104184
FLDB,27-Jul-2026,50.32,50.42,50.32,50.375,7600
FLEX,27-Jul-2026,118.62,120.47,109.41,116.07,6740300
FLGT,27-Jul-2026,19.95,20.07,19.35,19.58,221300
FLL,27-Jul-2026,2.38,2.4,2.32,2.33,168400
FLN,27-Jul-2026,25.645,25.77,25.62,25.7154,14800
FLNA,27-Jul-2026,0.9,0.9241,0.8971,0.9004,215900
FLNC,27-Jul-2026,13.84,14.05,12.92,13.52,5547078
FLNT,27-Jul-2026,3.45,3.45,3.33,3.35,20000
FLUX,27-Jul-2026,0.6134,0.641,0.6,0.6252,32200
FLWS,27-Jul-2026,3.87,3.95,3.79,3.83,236300
FLX,27-Jul-2026,2.14,2.17,2.09,2.14,125400
FLXS,27-Jul-2026,75.47,77.3826,74.7111,75.95,12562
FLY,27-Jul-2026,19.89,20.6,19.36,19.875,1745465
FLYE,27-Jul-2026,1.9,1.9,1.63,1.6623,15600
FLYW,27-Jul-2026,16.22,16.38,16.1,16.14,1592600
FLZH,27-Jul-2026,1.4,1.45,1.33,1.36,44700
FMAO,27-Jul-2026,31.1,31.25,30.77,31.2,22964
FMB,27-Jul-2026,50.35,50.48,50.34,50.3875,132000
FMBH,27-Jul-2026,51.42,51.65,51.1,51.16,211400
FMED,27-Jul-2026,28.58,28.58,28.3719,28.3719,1200
FMET,27-Jul-2026,37.09,37.09,36.695,36.9739,3600
FMFC,27-Jul-2026,0.2478,0.2599,0.225,0.2325,220800
FMHI,27-Jul-2026,47.61,47.81,47.61,47.716,75100
FMNB,27-Jul-2026,15.04,15.4,15.04,15.35,452200
FMST,27-Jul-2026,1.64,1.65,1.47,1.52,181500
FMTM,27-Jul-2026,38.7,38.71,37.18,37.94,239900
FMUB,27-Jul-2026,50.76,50.87,50.7,50.7259,16100
FMUN,27-Jul-2026,49.82,49.82,49.73,49.7541,1700
FNGR,27-Jul-2026,0.268,0.2783,0.26,0.2703,178700
FNK,27-Jul-2026,63.18,63.18,63.18,63.18,500
FNKO,27-Jul-2026,5.94,6.256,5.93,6.11,742615
FNLC,27-Jul-2026,35.09,35.34,33.2901,34.89,80600
FNRN,27-Jul-2026,18.44,18.59,18.37,18.5,121500
FNUC,27-Jul-2026,1.67,1.8,1.67,1.7,273200
FNWB,27-Jul-2026,12,12.23,11.75,11.78,10700
FNWD,27-Jul-2026,44.4,45,44.19,44.24,17400
FNX,27-Jul-2026,144.5,144.5,143.45,143.9262,6900
FNY,27-Jul-2026,103.73,104.4301,102.6165,103.5244,7400
FOCL,27-Jul-2026,6.12,6.17,6.05,6.15,59100
FOFO,27-Jul-2026,1.91,2.04,1.91,2.01,12600
FORM,27-Jul-2026,104.04,105.94,94.73,98.8,1247200
FORR,27-Jul-2026,9,9.65,8.965,9.51,98000
FOSL,27-Jul-2026,4.07,4.21,4.03,4.21,564846
FOX,27-Jul-2026,50.31,51.84,49.99,50.81,1281700
FOXA,27-Jul-2026,55.9,57.67,55.75,56.64,4003000
FOXF,27-Jul-2026,18.73,18.93,18.4,18.57,317000
FOXX,27-Jul-2026,2.55,2.67,2.3106,2.46,4300
FOXXW,27-Jul-2026,0.0835,0.0835,0.0835,0.0835,200
FPA,27-Jul-2026,47.47,47.47,45.5,45.9177,10400
FPXE,27-Jul-2026,33.09,33.09,32.87,32.9235,700
FPXI,27-Jul-2026,70.1,70.1,68.7282,69.25,19200
FRAF,27-Jul-2026,62.35,63.47,61.28,63.1,42500
FRBA,27-Jul-2026,18.13,18.75,18.055,18.63,132500
FRBT,27-Jul-2026,19.52,20.82,19.23,19.72,345200
FRD,27-Jul-2026,35.95,36.4699,33.6,35.86,86200
FREI,27-Jul-2026,24.96,25.01,24.93,24.975,51200
FRGT,27-Jul-2026,3.11,3.11,2.9,2.96,16500
FRHC,27-Jul-2026,152.73,157.2388,150.5,156.21,96400
FRME,27-Jul-2026,43.21,43.67,42.355,42.67,599700
FRMI,27-Jul-2026,7.5,7.58,6.78,7.23,12604882
FRMM,27-Jul-2026,5.99,6.01,5.52,5.54,183100
FRNM,27-Jul-2026,11.81,11.81,10.64,11.38,1449200
FROG,27-Jul-2026,81.96,83.23,80.18,81.19,427930
FRPH,27-Jul-2026,23.59,23.74,23.23,23.55,81300
FRPT,27-Jul-2026,58.43,60.53,58.155,59.5,997400
FRSH,27-Jul-2026,10.56,11.11,10.53,10.82,12079000
FRST,27-Jul-2026,15.45,15.905,15.45,15.8,256400
FRSX,27-Jul-2026,1.35,1.88,1.27,1.35,287608
FRTT,27-Jul-2026,0.9,1.04,0.9,0.97,303300
FRVO,27-Jul-2026,24.09,24.25,22.78,23.98,1277800
FRWD,27-Jul-2026,30.64,30.64,29.55,30.1512,101400
FSBC,27-Jul-2026,47.99,47.99,46.67,47.21,250200
FSBW,27-Jul-2026,43.6,43.75,42.72,43.48,22900
FSCS,27-Jul-2026,37.63,37.67,37.58,37.5828,2300
FSEA,27-Jul-2026,16.8601,16.95,16.8601,16.95,8400
FSGS,27-Jul-2026,32.185,32.185,32.185,32.185,100
FSHPR,27-Jul-2026,0.0999,0.0999,0.0711,0.0762,3000
FSLR,27-Jul-2026,205.75,207,199.13,205.93,736628
FSLY,27-Jul-2026,20.57,20.65,19.4,20.04,3316800
FSTB,27-Jul-2026,20.01,20.03,20,20,4300
FSTR,27-Jul-2026,42.67,43.3,41.52,42.31,63400
FSUN,27-Jul-2026,34.88,35.36,34.73,34.81,128700
FSV,27-Jul-2026,137.46,142.015,137.46,140.23,347800
FSZ,27-Jul-2026,80.06,80.06,80.0522,80.0522,100
FTA,27-Jul-2026,100.76,101.2514,100.76,100.9201,24700
FTAG,27-Jul-2026,29.64,29.67,29.51,29.5635,12300
FTAI,27-Jul-2026,221.49,223.45,204.6,214.15,1233900
FTAIM,27-Jul-2026,27.6,27.6,27.5,27.5885,1800
FTC,27-Jul-2026,178.85,178.85,175,176.75,5600
FTCI,27-Jul-2026,3,3.2,2.905,3.2,181268
FTCS,27-Jul-2026,97.7,98.89,97.7,98.48,410800
FTDR,27-Jul-2026,71.54,72.97,70.95,72.57,377100
FTDS,27-Jul-2026,63.97,64.03,63.97,63.975,2800
FTEK,27-Jul-2026,1.51,1.6,1.49,1.52,67900
FTFT,27-Jul-2026,1.21,1.25,1.08,1.1,145953
FTGC,27-Jul-2026,29.1,29.1,28.83,28.85,345800
FTGS,27-Jul-2026,37.77,37.9499,37.54,37.758,91800
FTH,27-Jul-2026,28.45,31.61,27.92,29.24,359100
FTHI,27-Jul-2026,23.81,23.9,23.515,23.65,856500
FTHM,27-Jul-2026,0.8545,0.9057,0.845,0.9057,188100
FTLF,27-Jul-2026,10.43,10.7551,9.66,9.67,34900
FTNT,27-Jul-2026,157.13,157.13,151.68,152.38,4796800
FTQI,27-Jul-2026,21.84,21.91,21.53,21.71,406800
FTRE,27-Jul-2026,19.44,19.81,19,19.2,1433100
FTRI,27-Jul-2026,16.58,16.595,16.48,16.5206,16500
FTRK,27-Jul-2026,0.45,0.488,0.44,0.45,78954
FTSL,27-Jul-2026,44.74,44.7464,44.7,44.72,214500
FTSM,27-Jul-2026,59.85,59.87,59.85,59.86,601900
FTXG,27-Jul-2026,23.05,23.1316,23.05,23.1251,5100
FTXH,27-Jul-2026,39.4,39.51,38.98,39.049,254400
FTXL,27-Jul-2026,231.96,232.04,217.69,225.45,265000
FTXN,27-Jul-2026,36.7,37.27,36.41,36.42,54300
FTXO,27-Jul-2026,42.62,42.85,42.19,42.3619,62400
FTXR,27-Jul-2026,45.77,45.77,44.805,45.245,45100
FUFU,27-Jul-2026,1.32,1.36,1.29,1.35,64200
FUFUW,27-Jul-2026,0.121,0.125,0.11,0.125,66400
FULC,27-Jul-2026,3.76,3.81,3.7,3.73,589700
FULT,27-Jul-2026,24.74,24.9068,24.38,24.4,1717100
FULTP,27-Jul-2026,18.2,18.36,18.11,18.21,23200
FUNC,27-Jul-2026,44.86,45,43.61,44.88,21900
FUND,27-Jul-2026,9.87,9.9296,9.84,9.84,13000
FUSB,27-Jul-2026,16.49,16.7495,16.45,16.73,4200
FUSE,27-Jul-2026,0.97,0.97,0.85,0.86,31900
FUSEW,27-Jul-2026,0.065,0.0689,0.0643,0.0689,4300
FUTG,27-Jul-2026,3.61,3.92,3.56,3.86,1359782
FUTU,27-Jul-2026,100.9167,105.5,100.41,104.3,768082
FV,27-Jul-2026,70.02,70.33,69.18,69.6,38100
FVAV,27-Jul-2026,10.18,10.19,10.15,10.16,157500
FVC,27-Jul-2026,40.4,40.4,40.1612,40.1612,300
FVCB,27-Jul-2026,17.98,18.275,17.55,18.23,156100
FVN,27-Jul-2026,11.18,12.7,10.93,11.35,67300
FVNNU,27-Jul-2026,11.5,12.64,11.5,12.64,300
FWACU,27-Jul-2026,10.09,10.09,10.09,10.09,2500
FWDI,27-Jul-2026,3.96,4.24,3.94,4.095,579679
FWONA,27-Jul-2026,90.07,90.665,89.75,90.25,183400
FWONK,27-Jul-2026,97.73,98.87,96.99,98.33,1336400
FWRD,27-Jul-2026,15.44,15.61,14.6701,14.73,465777
FWRG,27-Jul-2026,12.39,12.94,12.33,12.89,1094600
FXACU,27-Jul-2026,10,10.1,9.9943,10.0999,2100
FXHO,27-Jul-2026,12.8,12.8,11,11.77,80600
FXNC,27-Jul-2026,29.99,30,29.49,29.67,23800
FYC,27-Jul-2026,119.24,120.1799,117.95,118.96,36100
FYT,27-Jul-2026,71.9799,72.05,71.87,71.9013,3300
FYX,27-Jul-2026,142.57,143.4299,141.65,142.11,54800
GABC,27-Jul-2026,48.79,49.015,48.565,48.83,145900
GAIA,27-Jul-2026,1.87,1.93,1.87,1.9,34900
GAIN,27-Jul-2026,16,16.32,15.99,16.28,172800
GAING,27-Jul-2026,25,25.01,24.9304,24.931,4300
GAINI,27-Jul-2026,25.31,25.31,25.28,25.28,2000
GAINZ,27-Jul-2026,23.9412,23.9412,23.9412,23.9412,500
GALT,27-Jul-2026,3.46,3.5842,3.32,3.4,235037
GAME,27-Jul-2026,0.3675,0.375,0.36,0.3637,299000
GANX,27-Jul-2026,1.7999,1.89,1.76,1.855,367875
GARY,27-Jul-2026,25,25.261,25,25.2304,6400
GASS,27-Jul-2026,8.8,8.9999,8.72,8.86,56800
GAUZ,27-Jul-2026,0.3098,0.3305,0.3003,0.325,65500
GAVA,27-Jul-2026,15.9,16.0899,15.9,16.0335,1700
GBDC,27-Jul-2026,12.82,12.94,12.8,12.88,833300
GBFH,27-Jul-2026,31.5,32,30.7094,31.3,52900
GBLI,27-Jul-2026,27.07,27.2,25.56,27.12,30100
GBUG,27-Jul-2026,39.4,39.99,38.93,39.76,38200
GCBC,27-Jul-2026,33.2,34.08,33.04,33.42,27000
GCGRU,27-Jul-2026,10.64,10.64,10.27,10.27,600
GCGRW,27-Jul-2026,0.88,0.9,0.86,0.875,1700
GCL,27-Jul-2026,0.51,0.5465,0.46,0.46,207000
GCMG,27-Jul-2026,12.21,12.61,12.09,12.52,407200
GCT,27-Jul-2026,37.15,39.65,36.27,39.17,651400
GCTK,27-Jul-2026,0.29,0.305,0.287,0.3039,246200
GDC,27-Jul-2026,1.73,1.9,1.64,1.81,288499
GDEV,27-Jul-2026,12,12,11.82,12,3100
GDEVW,27-Jul-2026,0.003,0.003,0.0021,0.003,81200
GDHG,27-Jul-2026,1.42,1.4768,1.3522,1.42,7200
GDRX,27-Jul-2026,3,3.095,2.9608,3.05,1060100
GDS,27-Jul-2026,32.19,32.19,30.71,31.37,1411900
GDTC,27-Jul-2026,0.948,0.948,0.82,0.8998,189200
GDYN,27-Jul-2026,5.89,6.18,5.81,6.15,1598700
GECC,27-Jul-2026,5.13,5.22,5.01,5.14,157000
GECCG,27-Jul-2026,24.85,24.95,24.85,24.85,4400
GECCI,27-Jul-2026,25.22,25.22,25.2,25.2,800
GEG,27-Jul-2026,2.15,2.165,2.08,2.16,4600
GEGGL,27-Jul-2026,24.78,24.85,24.65,24.72,5300
GEHC,27-Jul-2026,62.04,62.7,60.93,61.12,6052700
GELS,27-Jul-2026,0.6824,0.7,0.66,0.6699,44978
GEME,27-Jul-2026,41.33,41.37,40.6468,41.01,87600
GEMG,27-Jul-2026,8.45,8.76,8.01,8.6388,49300
GEMI,27-Jul-2026,4.28,4.4627,4.2407,4.445,575872
GEN,27-Jul-2026,26.04,26.98,26,26.75,2027691
GENB,27-Jul-2026,13.64,14.25,13.5,13.68,290300
GENK,27-Jul-2026,1.98,2.08,1.98,2.02,14700
GENVR,27-Jul-2026,1.32,1.63,1.31,1.42,2100
GENZ,27-Jul-2026,37.44,37.71,37.44,37.605,1200
GEOS,27-Jul-2026,7.05,7.3206,6.9201,6.96,66900
GEQ,27-Jul-2026,50.4,50.4934,50.2,50.4934,600
GERN,27-Jul-2026,1.45,1.53,1.45,1.48,8915600
GEVG,27-Jul-2026,27.56,27.56,22.73,25.51,32099
GEVO,27-Jul-2026,1.61,1.69,1.5325,1.561,2310210
GEW,27-Jul-2026,55.1071,55.1071,55.1071,55.1071,100
GFAI,27-Jul-2026,0.351,0.369,0.3185,0.3249,491600
GFGF,27-Jul-2026,35.1765,35.1765,35.1765,35.1765,100
GFLW,27-Jul-2026,32.24,32.31,31.555,31.9644,169200
GFS,27-Jul-2026,54.7499,56.11,50.67,53.09,2350355
GFUZ,27-Jul-2026,7.0226,7.63,6.08,7.53,327001
GFUZW,27-Jul-2026,1.5,1.77,1.33,1.6,95900
GGAL,27-Jul-2026,49.72,50.48,49.43,50,328900
GGLL,27-Jul-2026,91.8,95.32,90.83,93.13,1820009
GGLS,27-Jul-2026,62.43,62.53,61.49,62.21,90200
GGR,27-Jul-2026,3.39,3.6,3.39,3.48,3500
GGROW,27-Jul-2026,0.007,0.0078,0.007,0.0077,500
GGRP,27-Jul-2026,0.919,1.08,0.884,0.9382,605083
GH,27-Jul-2026,147.33,151,143.62,145.47,1292900
GHRS,27-Jul-2026,27.86,29.05,27.15,27.75,279900
GHXIU,27-Jul-2026,10.14,10.14,10.1,10.1,1800
GIBO,27-Jul-2026,32.5,34.49,28.3,30.68,8600
GIEQ,27-Jul-2026,41.3823,41.3823,41.3823,41.3823,100
GIFT,27-Jul-2026,0.9001,0.9001,0.881,0.881,11400
GIGM,27-Jul-2026,1.35,1.35,1.31,1.33,2100
GIII,27-Jul-2026,35.43,35.965,35.43,35.93,388700
GILD,27-Jul-2026,131,133.06,129.43,130.52,4953700
GILT,27-Jul-2026,10.99,11.15,10.74,11.01,478500
GIND,27-Jul-2026,24.38,24.38,24.3,24.3,104300
GINX,27-Jul-2026,35.84,35.88,35.77,35.8721,13300
GIPR,27-Jul-2026,0.654,0.69,0.6121,0.6475,130300
GIPRW,27-Jul-2026,0.0231,0.0231,0.0231,0.0231,1000
GITS,27-Jul-2026,2.12,2.12,2,2.07,16000
GIW,27-Jul-2026,10.1,10.1,10.095,10.1,31800
GIX,27-Jul-2026,9.95,9.95,9.95,9.95,200
GIXXR,27-Jul-2026,0.319,0.32,0.2846,0.32,5600
GKAT,27-Jul-2026,43.3659,43.3659,43.3659,43.3659,100
GLAD,27-Jul-2026,18.79,19.16,18.79,19.03,121200
GLBE,27-Jul-2026,36.66,38.22,36.66,37.76,1161100
GLBS,27-Jul-2026,2.99,3.02,2.8401,2.92,130800
GLCR,27-Jul-2026,23.77,23.9447,23.77,23.9447,100
GLDB,27-Jul-2026,19.711,19.854,19.711,19.854,1600
GLDI,27-Jul-2026,140.11,142.37,140.11,142.37,43200
GLE,27-Jul-2026,0.3743,0.3818,0.3444,0.3746,141300
GLGG,27-Jul-2026,5.27,5.43,4.7,5.01,12000
GLIBA,27-Jul-2026,22.78,23.56,22.76,22.92,58800
GLIBK,27-Jul-2026,22.07,23.18,22.07,22.55,454300
GLMD,27-Jul-2026,0.5026,0.547,0.5026,0.527,60500
GLND,27-Jul-2026,2,2.03,1.85,1.895,936063
GLNDW,27-Jul-2026,0.7278,0.7278,0.63,0.66,63300
GLNG,27-Jul-2026,47.945,49.17,47.84,48.98,1702400
GLOO,27-Jul-2026,3.2,3.3,3.12,3.25,187500
GLOW,27-Jul-2026,34.015,34.02,33.88,33.9968,2400
GLPI,27-Jul-2026,45.01,45.65,44.85,45.04,1561200
GLRE,27-Jul-2026,17.08,17.245,17.04,17.19,111200
GLSI,27-Jul-2026,13.2,14.08,13.15,13.47,78937
GLUE,27-Jul-2026,23.36,23.6475,22.535,22.56,1099800
GLWG,27-Jul-2026,14.67,14.7,11.79,13.07,860774
GLXG,27-Jul-2026,0.8861,0.92,0.8601,0.92,88496
GLXY,27-Jul-2026,23.5,23.9,21.98,22.71,2987888
GMAB,27-Jul-2026,28.77,29.15,28.56,28.8,1526700
GMEX,27-Jul-2026,1.46,2.17,1.46,1.79,20079364
GMHS,27-Jul-2026,0.8555,0.87,0.8475,0.8572,36171
GMM,27-Jul-2026,2.83,2.9,2.595,2.71,67496
GNLN,27-Jul-2026,2.1,2.1,1.92,1.93,13900
GNLX,27-Jul-2026,2.98,2.99,2.89,2.95,66400
GNMA,27-Jul-2026,43.5979,43.76,43.5401,43.645,48300
GNOM,27-Jul-2026,55.32,55.32,53.69,53.93,8783
GNPX,27-Jul-2026,7.76,8.1,7.55,7.74,11800
GNSS,27-Jul-2026,1.72,1.72,1.59,1.63,75800
GNTA,27-Jul-2026,1.64,1.69,1.59,1.59,37200
GNTX,27-Jul-2026,23,23.1,22.525,22.9,2346915
GO,27-Jul-2026,9.11,9.49,9.11,9.42,2644900
GOAI,27-Jul-2026,1.95,2.1,1.95,1.99,83900
GOGO,27-Jul-2026,3.86,4.095,3.844,3.99,2050400
GOLI,27-Jul-2026,12.44,12.6,12.42,12.46,21700
GOOD,27-Jul-2026,12.97,13.07,12.93,12.95,307800
GOODN,27-Jul-2026,23.125,23.25,22.945,22.945,1900
GOODO,27-Jul-2026,20.44,20.48,20.4,20.44,3500
GOOG,27-Jul-2026,322.3,330.1014,321.72,326.61,13261433
GOOGL,27-Jul-2026,324,330.42,320.539,326.56,18526549
GOOGM,27-Jul-2026,47.43,47.91,47.15,47.51,1576200
GOOGN,27-Jul-2026,47.39,47.82,47.3,47.42,1473000
GOSS,27-Jul-2026,0.1359,0.2142,0.133,0.1942,275758048
GOU,27-Jul-2026,23.09,24,23.06,23.49,159927
GOVI,27-Jul-2026,26.57,26.61,26.54,26.59,198500
GOVX,27-Jul-2026,0.791,0.8678,0.74,0.7551,125035
GP,27-Jul-2026,1.51,1.51,1.45,1.48,149400
GPAC,27-Jul-2026,10.02,10.02,10.02,10.02,60000
GPAT,27-Jul-2026,10.91,10.91,10.91,10.91,800
GPCR,27-Jul-2026,49.35,51.3,48.69,48.69,464300
GPIQ,27-Jul-2026,55.98,56.2112,54.52,54.995,2007102
GPIX,27-Jul-2026,55.24,55.26,54.6197,54.82,877253
GPRE,27-Jul-2026,16.46,16.77,16.28,16.44,975400
GPRF,27-Jul-2026,49.62,49.625,49.62,49.625,500
GPRO,27-Jul-2026,0.7,0.7,0.6775,0.69,1571396
GPT,27-Jul-2026,33.765,33.765,33.01,33.575,800
GQQQ,27-Jul-2026,34.84,34.84,34.27,34.3995,2500
GRAB,27-Jul-2026,3.35,3.41,3.32,3.335,40375506
GRABW,27-Jul-2026,0.0232,0.0232,0.02,0.02,31500
GRAG,27-Jul-2026,5.34,5.5,5.28,5.3152,17800
GRAL,27-Jul-2026,69.66,69.66,66.15,66.77,441400
GRAN,27-Jul-2026,1.26,1.4,1.26,1.4,4500
GRCE,27-Jul-2026,2.3,2.44,2.28,2.3,116800
GRDX,27-Jul-2026,3.03,3.17,2.95,3.15,29300
GREEL,27-Jul-2026,24.8,24.8001,24.79,24.8,4400
GRFS,27-Jul-2026,7.72,7.85,7.72,7.75,388900
GRI,27-Jul-2026,1.44,1.47,1.39,1.4,23200
GRID,27-Jul-2026,178.7,178.88,174.34,176.46,606100
GRIN,27-Jul-2026,31.532,31.532,31.47,31.4964,1000
GRML,27-Jul-2026,0.1966,0.1978,0.1742,0.1893,4995158
GRMLW,27-Jul-2026,0.157,0.157,0.153,0.155,10000
GRNQ,27-Jul-2026,1.19,1.22,1.06,1.19,5000
GROW,27-Jul-2026,2.91,3.0299,2.9,2.97,11300
GRPN,27-Jul-2026,26.1437,28,25.8,27.51,1222202
GRRR,27-Jul-2026,12.42,12.78,11.8,12.13,619100
GRRRW,27-Jul-2026,0.2,0.2001,0.19,0.1901,8900
GRSD,27-Jul-2026,1.66,1.97,1.66,1.95,483900
GRVY,27-Jul-2026,62,63,61.5,61.94,31700
GRW,27-Jul-2026,31.35,31.5135,31.35,31.5135,4900
GRWG,27-Jul-2026,1.39,1.51,1.3401,1.48,562000
GSAT,27-Jul-2026,79.25,79.34,78.79,79.03,840700
GSBC,27-Jul-2026,79.34,80.52,79.18,79.25,117600
GSGO,27-Jul-2026,42,42.17,41.835,42.1051,9300
GSHD,27-Jul-2026,58.91,62.99,58.91,62,620000
GSIB,27-Jul-2026,63.86,64.29,63.3768,63.7825,35000
GSIT,27-Jul-2026,5.78,6,5.53,5.79,452600
GSIW,27-Jul-2026,27.03,27.03,25.28,25.28,4400
GSM,27-Jul-2026,3.34,3.39,3.22,3.3,1423600
GSRF,27-Jul-2026,10.165,10.17,10.165,10.17,4800
GSRFR,27-Jul-2026,1.83,2.15,1.83,2.06,4900
GSRV,27-Jul-2026,9.845,9.85,9.845,9.85,10000
GSUN,27-Jul-2026,0.2231,0.2336,0.1897,0.1998,3633103
GT,27-Jul-2026,7.28,7.31,7.05,7.11,6411600
GTBP,27-Jul-2026,0.3335,0.3379,0.3146,0.3341,368700
GTEC,27-Jul-2026,0.5122,0.53,0.5122,0.5295,16000
GTEN,27-Jul-2026,10.51,10.51,10.51,10.51,200
GTERR,27-Jul-2026,0.0802,0.0846,0.0802,0.0846,200
GTIM,27-Jul-2026,1.41,1.415,1.39,1.39,17700
GTLB,27-Jul-2026,31.57,33.675,31.57,32.86,2370467
GTM,27-Jul-2026,3,3.16,2.96,3.08,7204900
GTOP,27-Jul-2026,47.02,47.02,45.98,46.4002,12900
GTOQ,27-Jul-2026,22.13,22.13,22.12,22.125,700
GTPE,27-Jul-2026,59.23,59.6259,59.23,59.6259,300
GTR,27-Jul-2026,27.005,27.045,26.9408,27.045,400
GTX,27-Jul-2026,31.51,31.94,30.02,30.8,1470000
GUAC,27-Jul-2026,9.9401,9.96,9.9401,9.96,1500
GUACW,27-Jul-2026,0.66,0.67,0.65,0.65,10800
GURE,27-Jul-2026,3.41,3.65,3.33,3.41,9000
GUSE,27-Jul-2026,44.71,44.7101,44.6,44.6432,7300
GUTS,27-Jul-2026,0.7926,0.8199,0.7524,0.801,1622900
GVH,27-Jul-2026,0.97,1,0.93,0.96,258900
GVHGF,27-Jul-2026,0.1634,0.17,0.1613,0.17,53200
GVLE,27-Jul-2026,47.38,47.38,47.25,47.2604,400
GWAV,27-Jul-2026,2.66,2.66,2.5,2.51,6700
GWRS,27-Jul-2026,7.34,7.45,7.21,7.35,87200
GXAI,27-Jul-2026,1.07,1.1,1.05,1.09,177863
GXDW,27-Jul-2026,22.98,23.2267,22.97,23.2267,700
GYRE,27-Jul-2026,6.01,6.27,6.01,6.13,43000
GYRO,27-Jul-2026,5.6,5.67,5.6,5.67,2000
HACQW,27-Jul-2026,0.47,0.54,0.4,0.54,29200
HAFC,27-Jul-2026,32.11,32.255,31.62,31.64,285300
HAIN,27-Jul-2026,0.505,0.5299,0.493,0.5101,1169300
HALO,27-Jul-2026,82.41,83.5,81.46,81.48,1435800
HAO,27-Jul-2026,0.1675,0.1946,0.163,0.1725,1336574
HAPN,27-Jul-2026,18.02,18.94,18,18.78,2390249
HAS,27-Jul-2026,90.025,90.715,88.791,90.61,1494000
HAVA,27-Jul-2026,10.14,10.14,10.14,10.14,9000
HBAN,27-Jul-2026,17.3182,17.53,17.09,17.145,28564758
HBANL,27-Jul-2026,25.09,25.09,24.98,25.05,31600
HBANM,27-Jul-2026,20.8766,20.8766,20.7092,20.8022,8100
HBANP,27-Jul-2026,16.25,16.25,16.14,16.19,71000
HBANZ,27-Jul-2026,19.81,19.9499,19.81,19.9429,2700
HBCP,27-Jul-2026,70.51,71.38,69.8201,70.28,91700
HBDC,27-Jul-2026,24.74,24.74,24.74,24.74,100
HBIO,27-Jul-2026,6.03,6.24,5.95,5.99,7800
HBNB,27-Jul-2026,5.87,5.97,5.87,5.97,5200
HBNC,27-Jul-2026,20.23,20.4,20.045,20.36,721700
HBR,27-Jul-2026,9.42,9.5,9.25,9.38,67100
HBT,27-Jul-2026,33.7,35.0299,33.385,34.62,114217
HCAC,27-Jul-2026,10.05,10.065,10.05,10.065,109600
HCACR,27-Jul-2026,0.27,0.28,0.25,0.27,9800
HCACU,27-Jul-2026,10.31,10.31,10.3,10.3,25000
HCAI,27-Jul-2026,5.3,5.5,4.81,5.15,32817
HCAT,27-Jul-2026,2.08,2.18,2.08,2.15,369100
HCKT,27-Jul-2026,9.91,10.27,9.8623,10.13,264300
HCM,27-Jul-2026,11.06,11.22,11.06,11.12,40100
HCMA,27-Jul-2026,10.27,10.27,10.27,10.27,4100
HCOW,27-Jul-2026,25,25.03,24.9206,24.9206,5800
HCSG,27-Jul-2026,23,23.24,22.83,22.95,716800
HCTI,27-Jul-2026,1.63,1.96,1.4634,1.69,291260
HCWB,27-Jul-2026,2.77,2.78,2.46,2.64,60891
HDL,27-Jul-2026,13.01,13.01,13.01,13.01,100
HDRN,27-Jul-2026,1.75,1.8,1.61,1.64,90500
HDRNW,27-Jul-2026,0.179,0.179,0.1425,0.1425,3800
HDSN,27-Jul-2026,6.4,6.47,6.24,6.24,483500
HEAL,27-Jul-2026,26.53,26.76,26.44,26.44,15800
HECO,27-Jul-2026,64.17,64.44,64.17,64.2911,1100
HELE,27-Jul-2026,28.5,29.17,27.88,28.27,383400
HELP,27-Jul-2026,7.82,8.04,7.67,7.7,1013300
HEPS,27-Jul-2026,2.84,2.87,2.8,2.84,162600
HEQQ,27-Jul-2026,59.4221,59.4221,59.4221,59.4221,100
HERD,27-Jul-2026,49.08,49.235,49.07,49.17,4200
HERE,27-Jul-2026,1.85,1.94,1.7901,1.9,25300
HERO,27-Jul-2026,25.03,25.4,25.03,25.299,36900
HERZ,27-Jul-2026,16.05,16.29,16.05,16.25,2200
HFBL,27-Jul-2026,23.73,23.73,22.556,23.31,2600
HFFG,27-Jul-2026,1.58,1.62,1.5288,1.535,183100
HFSP,27-Jul-2026,13.56,13.56,13.56,13.56,100
HFWA,27-Jul-2026,30.21,30.73,29.78,29.8,487100
HGBL,27-Jul-2026,1.21,1.23,1.17,1.2,143200
HHS,27-Jul-2026,2.31,2.41,2.31,2.41,1300
HIDE,27-Jul-2026,24.57,24.58,24.4865,24.495,33800
HIFS,27-Jul-2026,281.62,283.74,276.32,278.88,56400
HIHO,27-Jul-2026,1.16,1.29,1.06,1.12,754525
HIMX,27-Jul-2026,12.93,13.01,12.095,12.72,652856
HIMZ,27-Jul-2026,31.06,34.45,29.77,34.21,894500
HIND,27-Jul-2026,2.06,2.1,2,2,5900
HIS,27-Jul-2026,25.2,25.25,24.98,25.0403,5900
HISF,27-Jul-2026,43.7916,43.85,43.7901,43.8182,8900
HIT,27-Jul-2026,1.08,1.09,1.03,1.09,30400
HITI,27-Jul-2026,2.15,2.2,2.13,2.13,347900
HIVE,27-Jul-2026,3.01,3.08,2.885,2.95,12127584
HKIT,27-Jul-2026,3.6,3.66,3.3301,3.53,23958
HKPD,27-Jul-2026,0.3427,0.43,0.3323,0.3994,237332
HLAL,27-Jul-2026,70.36,70.36,68.98,69.42,67200
HLIT,27-Jul-2026,11.39,11.44,10.78,11.35,1788500
HLMN,27-Jul-2026,8.095,8.185,8.02,8.05,1121200
HLNE,27-Jul-2026,84.64,88.12,84.42,87.71,1030000
HLP,27-Jul-2026,1.14,1.22,1.1,1.14,119600
HLTH,27-Jul-2026,25.15,25.36,25.11,25.1782,3200
HMH,27-Jul-2026,21.46,22.08,19.65,19.74,542700
HMR,27-Jul-2026,1.12,1.22,1.09,1.2,75500
HMYY,27-Jul-2026,6.31,6.31,6.25,6.285,2000
HNDL,27-Jul-2026,22.57,22.69,22.44,22.48,45800
HNNA,27-Jul-2026,9.8728,9.89,9.79,9.8469,2500
HNRG,27-Jul-2026,15.39,15.43,14.65,15.21,811000
HNST,27-Jul-2026,3.83,3.8992,3.63,3.835,848331
HNVR,27-Jul-2026,25.49,25.75,24.99,25.26,93500
HODO,27-Jul-2026,0.9313,0.935,0.7997,0.9032,473700
HODU,27-Jul-2026,11.1,11.5799,10.2304,10.74,96002
HOFT,27-Jul-2026,13.95,14.27,13.51,13.88,62000
HOLO,27-Jul-2026,1.53,1.69,1.52,1.65,363700
HON,27-Jul-2026,244.5,248.01,242.53,245.75,4053800
HONA,27-Jul-2026,206.78,211.79,202.98,210.82,915213
HOOD,27-Jul-2026,97.58,99.4499,93.2,95.66,11778111
HOOG,27-Jul-2026,26.71,28.06,24.76,26,252400
HOOX,27-Jul-2026,30.25,31.66,28.07,29.4234,33600
HOPE,27-Jul-2026,13.59,13.95,13.59,13.82,1244700
HOUR,27-Jul-2026,1.9,1.9,1.79,1.8,76700
HOVNP,27-Jul-2026,20.5122,20.5999,20.45,20.45,2800
HOVR,27-Jul-2026,1.82,1.88,1.75,1.85,807000
HOVRW,27-Jul-2026,0.3898,0.3975,0.355,0.3973,19000
HOWL,27-Jul-2026,0.4067,0.45,0.4,0.4431,367310
HOYY,27-Jul-2026,5.27,5.29,5.17,5.21,34800
HPAI,27-Jul-2026,0.432,0.485,0.431,0.459,91900
HPAIW,27-Jul-2026,0.02,0.02,0.02,0.02,1000
HPK,27-Jul-2026,7.38,7.55,6.7601,6.77,265853
HQ,27-Jul-2026,12.25,13.7,12.07,12.42,266900
HQGO,27-Jul-2026,64.5095,64.5095,64.5095,64.5095,100
HQI,27-Jul-2026,13.0997,13.955,13.0997,13.79,27500
HQWWW,27-Jul-2026,4.4,4.4,3.82,4.2,2900
HQY,27-Jul-2026,95.55,99.86,95.39,99.05,702900
HRMY,27-Jul-2026,35.63,36.52,35.36,36.01,623900
HROW,27-Jul-2026,39.16,39.93,37.36,37.46,516600
HRTS,27-Jul-2026,36.86,37.1599,36.8071,36.8071,7400
HRTX,27-Jul-2026,0.4498,0.4896,0.4498,0.4592,2071105
HRZN,27-Jul-2026,4.32,4.36,4.25,4.31,722000
HSAI,27-Jul-2026,15.1,15.5,14.8,15.41,839153
HSCS,27-Jul-2026,2.36,2.53,2.36,2.53,83900
HSCSW,27-Jul-2026,0.0501,0.0505,0.0501,0.0505,200
HSDT,27-Jul-2026,1.7,1.73,1.6401,1.68,183000
HSIC,27-Jul-2026,85.98,86.56,84.47,84.61,1494900
HST,27-Jul-2026,24.55,25,24.55,24.97,8199200
HSTM,27-Jul-2026,27.4,28.18,26.38,27.87,173300
HTCO,27-Jul-2026,3.05,3.82,3.05,3.4,271900
HTCR,27-Jul-2026,2.18,2.22,2.01,2.12,23900
HTFL,27-Jul-2026,24.48,25.645,24.25,25.37,1640700
HTHT,27-Jul-2026,41.35,41.99,40.78,41.83,1635400
HTLD,27-Jul-2026,14.26,14.305,13.58,13.69,952400
HTLM,27-Jul-2026,1.83,1.9699,1.825,1.87,8700
HTO,27-Jul-2026,64.14,64.18,63.16,63.5,392400
HTOO,27-Jul-2026,2.61,2.7873,2.6,2.61,2100
HTZ,27-Jul-2026,1.83,2.02,1.8,2,12177227
HTZWW,27-Jul-2026,0.808,0.93,0.808,0.9189,34300
HUBC,27-Jul-2026,1.08,1.09,0.98,1.035,235707
HUBCW,27-Jul-2026,0.0141,0.0141,0.0116,0.0122,64000
HUBCZ,27-Jul-2026,0.0122,0.0122,0.0122,0.0122,200
HUBG,27-Jul-2026,49.2,49.31,47.31,47.89,767500
HUDI,27-Jul-2026,0.755,0.7797,0.755,0.7797,10500
HUHU,27-Jul-2026,5.37,5.65,5.04,5.06,34100
HUIZ,27-Jul-2026,1.15,1.24,1.15,1.21,6000
HUMA,27-Jul-2026,0.6245,0.68,0.619,0.6787,3547611
HUMAW,27-Jul-2026,0.0091,0.01,0.0091,0.01,700
HURA,27-Jul-2026,2.16,2.24,2.14,2.21,124000
HURC,27-Jul-2026,21.27,21.96,20.52,20.53,36000
HURN,27-Jul-2026,112.93,118.47,112.85,116.51,272900
HUT,27-Jul-2026,114.06,115,100.88,104.65,2653853
HUTG,27-Jul-2026,27.74,27.75,21.24,23.03,38054
HVII,27-Jul-2026,10.48,10.48,10.48,10.48,100
HVIIR,27-Jul-2026,0.34,0.34,0.31,0.31,5700
HVMC,27-Jul-2026,10.19,10.19,10.19,10.19,400
HWAY,27-Jul-2026,38.25,38.25,38.25,38.25,200
HWBK,27-Jul-2026,38.03,38.651,37.55,38.39,10100
HWC,27-Jul-2026,76.41,77.02,75.38,75.46,871000
HWCPZ,27-Jul-2026,22.19,22.22,21.9252,22.22,2100
HWH,27-Jul-2026,1.46,1.49,1.42,1.48,2284
HWIV,27-Jul-2026,25.405,25.405,25.405,25.405,100
HWKN,27-Jul-2026,139.76,141.98,136.88,140.39,202400
HWO,27-Jul-2026,25.2203,25.2203,25.2203,25.2203,100
HWSM,27-Jul-2026,31.5064,31.5064,31.5064,31.5064,100
HXHX,27-Jul-2026,0.42,0.457,0.4147,0.4498,37500
HYBI,27-Jul-2026,48.84,48.84,48.75,48.77,12800
HYDR,27-Jul-2026,42.29,42.29,39.71,40.71,91800
HYFM,27-Jul-2026,0.6006,0.68,0.6006,0.6701,24200
HYFT,27-Jul-2026,1.41,1.5,1.37,1.44,445500
HYLS,27-Jul-2026,40.53,40.56,40.32,40.42,234200
HYMC,27-Jul-2026,20.79,20.8576,19.52,20.435,498173
HYNE,27-Jul-2026,16.51,16.66,16.45,16.63,4000
HYP,27-Jul-2026,26.29,26.29,24.9901,25.4106,35600
HYPD,27-Jul-2026,2.56,2.66,2.53,2.56,111400
HYPG,27-Jul-2026,21.04,21.17,19.95,20.23,22800
HYPR,27-Jul-2026,0.9584,1.01,0.9449,0.9698,480643
HYXF,27-Jul-2026,46.37,46.37,46.21,46.245,9287
HYZD,27-Jul-2026,22.63,22.63,22.56,22.58,63100
IACO,27-Jul-2026,9.93,9.93,9.93,9.93,7200
IACQ,27-Jul-2026,9.96,9.96,9.95,9.95,4500
IALT,27-Jul-2026,28.88,29.008,28.62,28.79,1729000
IART,27-Jul-2026,20.08,20.4,19.33,19.53,1015100
IBAT,27-Jul-2026,38.6,38.6,37.64,38.11,26300
IBB,27-Jul-2026,189.21,191.37,188.29,188.33,933100
IBBQ,27-Jul-2026,32.62,32.88,32.4,32.42,21300
IBCP,27-Jul-2026,37.87,38.055,37.56,37.58,217800
IBEX,27-Jul-2026,33.51,35.14,33.51,34.88,79800
IBG,27-Jul-2026,0.92,0.9399,0.82,0.915,7400
IBGA,27-Jul-2026,23.765,23.8088,23.765,23.7842,11000
IBGB,27-Jul-2026,23.71,23.7288,23.71,23.7288,4200
IBGC,27-Jul-2026,24.33,24.33,24.31,24.31,2900
IBGK,27-Jul-2026,22.6778,22.6778,22.6778,22.6778,100
IBGL,27-Jul-2026,23.3124,23.3124,23.3124,23.3124,100
IBGM,27-Jul-2026,24.17,24.228,24.17,24.228,200
IBIO,27-Jul-2026,1.44,1.47,1.35,1.45,1045500
IBIT,27-Jul-2026,37.03,37.21,36.4401,36.76,24890327
IBKR,27-Jul-2026,92.29,94.2595,89.69,92.27,2816006
IBOC,27-Jul-2026,77.09,77.5425,76.4,76.65,228900
IBOT,27-Jul-2026,64.38,64.48,63.18,63.7019,7900
IBRX,27-Jul-2026,7.09,7.37,6.9,6.995,8671123
IBTG,27-Jul-2026,22.89,22.89,22.88,22.89,289900
IBTH,27-Jul-2026,22.35,22.35,22.34,22.345,422400
IBTI,27-Jul-2026,22.07,22.078,22.06,22.07,500800
IBTJ,27-Jul-2026,21.53,21.54,21.5201,21.53,282953
IBTK,27-Jul-2026,19.39,19.41,19.38,19.4,613700
IBTL,27-Jul-2026,19.99,20.02,19.99,20,185500
IBTM,27-Jul-2026,22.45,22.4795,22.44,22.4647,60600
IBTO,27-Jul-2026,23.82,23.86,23.82,23.845,478500
IBTP,27-Jul-2026,25.04,25.075,25.025,25.06,32700
IBTQ,27-Jul-2026,24.69,24.73,24.69,24.71,396800
IBTR,27-Jul-2026,24.49,24.518,24.49,24.5132,3200
ICCC,27-Jul-2026,11.1,11.24,11.04,11.13,15200
ICCM,27-Jul-2026,3.02,3.24,2.88,2.88,78500
ICFI,27-Jul-2026,79.94,81.77,79.825,80.01,166700
ICG,27-Jul-2026,0.81,0.87,0.8,0.8,37800
ICHR,27-Jul-2026,90,90,73.95,78.24,772180
ICLN,27-Jul-2026,17.86,17.935,17.5207,17.81,4310900
ICLR,27-Jul-2026,165.55,169.98,161.29,168.78,778200
ICMB,27-Jul-2026,0.7839,0.8,0.753,0.77,11900
ICON,27-Jul-2026,0.92,1.16,0.87,1.15,168735
ICOP,27-Jul-2026,49.8,49.9,48.5,49.43,71500
ICU,27-Jul-2026,3.79,3.96,3.57,3.57,66300
ICUI,27-Jul-2026,159.43,161.95,156.635,161.46,363500
IDACW,27-Jul-2026,0.34,0.37,0.34,0.37,11600
IDAI,27-Jul-2026,1.87,2.02,1.87,2,32200
IDCC,27-Jul-2026,263.09,263.09,253.65,259.26,165500
IDEF,27-Jul-2026,32.41,32.749,32.1419,32.4,421600
IDN,27-Jul-2026,3.63,3.71,3.625,3.63,93726
IDVY,27-Jul-2026,25.98,26.0684,25.98,26.0684,500
IDXX,27-Jul-2026,550.77,563.86,547.99,556.2,512600
IDYA,27-Jul-2026,36.36,37.06,35.17,36.77,1172600
IEAG,27-Jul-2026,10.22,10.22,10.22,10.22,360000
IEAGR,27-Jul-2026,0.18,0.2,0.18,0.19,5900
IEF,27-Jul-2026,93.21,93.35,93.14,93.28,4046500
IEI,27-Jul-2026,116.42,116.55,116.39,116.46,734400
IEP,27-Jul-2026,7.68,7.74,7.64,7.73,483400
IESC,27-Jul-2026,625.29,648.56,589.05,603.23,146200
IEUS,27-Jul-2026,70.8,70.8,70.485,70.68,2900
IFBD,27-Jul-2026,1.04,1.15,1.0059,1.09,12700
IFGL,27-Jul-2026,22.96,22.99,22.83,22.925,8800
IFLO,27-Jul-2026,33.99,34.09,33.9,33.983,8400
IFRX,27-Jul-2026,1.75,1.8,1.68,1.7,928300
IFV,27-Jul-2026,25.18,25.29,24.9705,25.13,53600
IGAC,27-Jul-2026,10.03,10.03,10.03,10.03,5000
IGF,27-Jul-2026,67.56,67.56,66.835,66.87,424000
IGIB,27-Jul-2026,52.34,52.38,52.3031,52.33,1725000
IGIC,27-Jul-2026,28.68,29.005,28.505,28.89,87300
IGOV,27-Jul-2026,40.49,40.6499,40.33,40.55,196400
IGSB,27-Jul-2026,51.3214,52.1456,51.3214,52.065,2115063
IHRT,27-Jul-2026,3.59,3.65,3.5,3.62,647000
III,27-Jul-2026,3.9,4.035,3.9,4.015,161900
IIIV,27-Jul-2026,20.47,20.92,20.2,20.67,459000
IJT,27-Jul-2026,172.43,173.85,171.35,172.61,361000
IKT,27-Jul-2026,2.36,2.39,2.32,2.35,513800
ILAG,27-Jul-2026,3.52,3.57,3.3101,3.42,5200
ILIT,27-Jul-2026,13.81,13.81,13.58,13.7547,13400
ILLR,27-Jul-2026,1.1752,1.33,1.1752,1.245,340490
ILLRW,27-Jul-2026,0.0739,0.0748,0.051,0.0563,33900
ILLUW,27-Jul-2026,0.44,0.44,0.44,0.44,700
ILMN,27-Jul-2026,194.35,195.04,188.51,189.47,1738800
ILPT,27-Jul-2026,9.28,9.37,8.96,9.01,330200
IMA,27-Jul-2026,5.67,5.7494,5.58,5.6,11800
IMCC,27-Jul-2026,0.1205,0.122,0.0963,0.1077,2558884
IMCR,27-Jul-2026,35.51,35.87,33.77,33.77,329100
IMCV,27-Jul-2026,95.45,95.68,95.3535,95.3953,13100
IMDX,27-Jul-2026,4.8,4.88,4.625,4.7,56900
IMKTA,27-Jul-2026,86.07,88.96,86.07,87.88,95700
IMMP,27-Jul-2026,0.384,0.4,0.3833,0.3833,170600
IMMR,27-Jul-2026,6.69,7.75,6.69,7.74,2929200
IMMX,27-Jul-2026,8.85,9.3899,8.58,8.69,1581629
IMNM,27-Jul-2026,22.59,23.38,22.23,22.58,850500
IMNN,27-Jul-2026,1.52,1.59,1.48,1.53,79100
IMOM,27-Jul-2026,40.66,40.93,40.41,40.5921,13700
IMOS,27-Jul-2026,55.69,55.94,53.49,54.94,66500
IMPP,27-Jul-2026,4.78,4.9,4.71,4.81,237800
IMPPP,27-Jul-2026,25.85,25.85,25.85,25.85,200
IMRN,27-Jul-2026,1.12,1.1202,1.06,1.06,36100
IMRX,27-Jul-2026,4.37,4.51,4.33,4.355,347716
IMSR,27-Jul-2026,5.07,5.24,4.815,5.11,915418
IMSRW,27-Jul-2026,2.16,2.16,2,2.05,7600
IMTE,27-Jul-2026,0.465,0.4716,0.44,0.4413,39900
IMTX,27-Jul-2026,9.19,9.45,8.61,8.63,453100
IMUX,27-Jul-2026,13.36,14.185,13.18,13.81,114700
IMVT,27-Jul-2026,39.97,40.77,39.72,40.09,930500
IMXI,27-Jul-2026,13.06,13.08,12.75,12.84,272600
INAB,27-Jul-2026,1.23,1.24,1.18,1.19,30600
INAC,27-Jul-2026,10.29,10.29,10.29,10.29,5000
INBK,27-Jul-2026,26.61,27.105,26.41,26.46,19900
INBKZ,27-Jul-2026,25.25,25.25,25.25,25.25,100
INBS,27-Jul-2026,1.77,1.85,1.71,1.72,27200
INBX,27-Jul-2026,82.16,86.14,81.01,82.45,266000
INCR,27-Jul-2026,0.9,0.9788,0.9,0.903,14500
INCY,27-Jul-2026,117.66,120.71,115.99,118.93,1521525
IND,27-Jul-2026,22.495,22.495,22.495,22.495,100
INDB,27-Jul-2026,85.65,86.24,84.6,84.72,260600
INDH,27-Jul-2026,39.0599,39.187,39.0599,39.187,800
INDI,27-Jul-2026,3.59,3.6,3.25,3.432,3775591
INDP,27-Jul-2026,3.1,3.1,2.02,2.05,246555
INDQ,27-Jul-2026,25.72,25.8709,25.72,25.8709,200
INDV,27-Jul-2026,40.5,41.46,40.01,40.04,480705
INDY,27-Jul-2026,42.94,43.14,42.83,43.1,154200
INEO,27-Jul-2026,0.7637,0.7637,0.65,0.6783,157122
INGN,27-Jul-2026,6.43,6.45,6.24,6.31,191600
INIO,27-Jul-2026,26.8,27.745,25.17,26.89,2934006
INKT,27-Jul-2026,11.1343,11.25,10.5001,10.59,9700
INLF,27-Jul-2026,3.6,3.78,3.02,3.25,149208
INM,27-Jul-2026,1.68,1.8,1.46,1.613,295313
INMB,27-Jul-2026,1.63,1.75,1.63,1.73,180500
INMD,27-Jul-2026,15.25,15.565,15.21,15.38,688600
INNV,27-Jul-2026,11.59,11.96,11.37,11.48,236500
INO,27-Jul-2026,0.98,1,0.9611,0.965,1809114
INOD,27-Jul-2026,56.65,59.689,56.03,59.41,910600
INRO,27-Jul-2026,35.58,35.58,35.31,35.4731,1500
INSE,27-Jul-2026,6.73,7.13,6.73,7.1,74000
INSG,27-Jul-2026,6.76,7.09,6.66,7.02,358600
INSM,27-Jul-2026,106.9,107.3699,104.5,104.72,830236
INTA,27-Jul-2026,28.41,30.53,27.94,29.45,755400
INTC,27-Jul-2026,95,95.35,86.94,91.6801,95840276
INTG,27-Jul-2026,34.1,34.1,30.87,32.1,41200
INTJ,27-Jul-2026,3.27,4,3.18,3.77,32900
INTR,27-Jul-2026,5.35,5.575,5.35,5.57,2329358
INTS,27-Jul-2026,4.5,4.57,4.39,4.57,10700
INTU,27-Jul-2026,297.25,310.12,296.91,303.99,2156696
INTW,27-Jul-2026,21.88,22.1,18.32,20.425,7881255
INTZ,27-Jul-2026,0.7501,0.7685,0.7402,0.75,369300
INV,27-Jul-2026,2.98,3.06,2.715,3.03,1740900
INVA,27-Jul-2026,21.5,21.785,21.28,21.3,624200
INVE,27-Jul-2026,2.7,2.77,2.66,2.71,69600
INVZ,27-Jul-2026,0.62,0.65,0.61,0.63,879500
IONL,27-Jul-2026,10.53,12.3686,10.35,11.62,1250571
IONR,27-Jul-2026,3.25,3.34,3.18,3.22,74600
IONS,27-Jul-2026,56.92,57.09,55.79,55.96,2584800
IONX,27-Jul-2026,19.3,22.956,19.23,21.59,1532423
IONZ,27-Jul-2026,5.6,5.74,4.47,4.92,8210674
IOSP,27-Jul-2026,84.94,85.85,84.1508,85.63,193200
IOTR,27-Jul-2026,3.09,3.1,2.96,2.96,5600
IOVA,27-Jul-2026,5,5.16,4.855,4.9,11542487
IOYY,27-Jul-2026,6.82,6.855,6.79,6.8309,23777
IPAR,27-Jul-2026,123.32,125,120.925,124.7,225000
IPCX,27-Jul-2026,10.36,11.5,8.58,10.505,131100
IPCXR,27-Jul-2026,0.41,0.45,0.39,0.44,78300
IPCXU,27-Jul-2026,10.49,11.2,10.48,10.5,1700
IPDN,27-Jul-2026,0.368,0.3779,0.35,0.366,61000
IPFX,27-Jul-2026,10.12,10.13,10.11,10.12,11100
IPFXW,27-Jul-2026,1.505,1.505,1.35,1.45,3100
IPGP,27-Jul-2026,93.04,93.04,87,89.7,327900
IPHA,27-Jul-2026,1.84,1.84,1.772,1.772,2500
IPKW,27-Jul-2026,59.43,59.6264,59.09,59.3322,21800
IPM,27-Jul-2026,1.8,1.8,1.79,1.79,4700
IPSC,27-Jul-2026,2.14,2.21,2.08,2.09,496600
IPST,27-Jul-2026,2.39,2.39,2.3,2.39,3800
IPVV,27-Jul-2026,9.83,9.9,9.82,9.83,16200
IPVVU,27-Jul-2026,9.9404,9.941,9.94,9.94,10200
IPW,27-Jul-2026,0.6602,0.6707,0.6,0.645,393915
IPWR,27-Jul-2026,4,4.14,3.84,3.93,57200
IPX,27-Jul-2026,22.24,23.3995,22.24,22.92,160236
IQ,27-Jul-2026,1.21,1.26,1.21,1.22,6757196
IQMX,27-Jul-2026,11,11,10.31,10.8,251400
IQMXW,27-Jul-2026,3.25,3.25,2.83,3.1,6000
IQQ,27-Jul-2026,23.37,23.41,22.87,23.08,1551900
IQQQ,27-Jul-2026,47.38,47.38,46.27,46.68,40900
IQST,27-Jul-2026,1.04,1.06,1,1.01,3262452
IRD,27-Jul-2026,3.08,3.38,3.075,3.35,538700
IRDM,27-Jul-2026,46.02,46.6,45.33,45.96,1408900
IREG,27-Jul-2026,8.48,8.54,6.84,7.42,510578
IREN,27-Jul-2026,38.86,39.12,34.88,36.31,23965354
IRHO,27-Jul-2026,10.01,10.016,10.01,10.01,20000
IRIX,27-Jul-2026,0.87,0.8925,0.87,0.8888,32500
IRMD,27-Jul-2026,95.56,97.57,94.51,95.08,67100
IRON,27-Jul-2026,74.42,76.315,74.21,74.61,355400
IRTC,27-Jul-2026,110.81,114.5,110.81,112.15,427500
IRWD,27-Jul-2026,3.71,3.99,3.69,3.91,1930700
ISBA,27-Jul-2026,36.78,40.415,36.78,39.19,57600
ISHG,27-Jul-2026,73.78,74.06,73.78,74.0088,60100
ISHP,27-Jul-2026,34.6301,34.9836,34.63,34.9836,600
ISNRU,27-Jul-2026,10.049,10.049,10.0405,10.0405,1000
ISPC,27-Jul-2026,2.07,2.08,1.97,2.01,52900
ISPR,27-Jul-2026,1.55,1.66,1.5496,1.62,18500
ISRG,27-Jul-2026,340,359.2599,339.8,356.71,3249067
ISSC,27-Jul-2026,19.43,19.77,18.94,19.28,213900
ISTB,27-Jul-2026,47.96,47.9986,47.96,47.975,351200
ISTM,27-Jul-2026,29.19,29.28,28.86,29.2508,16200
ISTR,27-Jul-2026,30,30.46,30,30.16,177500
ISUL,27-Jul-2026,11.9,13.16,11.9,13,137101
ITG,27-Jul-2026,14.08,14.08,12.65,13.05,542600
ITIC,27-Jul-2026,286,286.9,282.245,284.44,63800
ITOC,27-Jul-2026,0.266,0.283,0.2192,0.2486,138300
ITRI,27-Jul-2026,84.5,84.93,81.13,84.78,2326700
ITRN,27-Jul-2026,55.61,56.12,54.53,55.33,180900
IUS,27-Jul-2026,67.14,67.45,67.14,67.27,112300
IUSB,27-Jul-2026,45.54,45.58,45.52,45.56,3798400
IUSG,27-Jul-2026,183.73,183.86,180.09,181.2,449000
IUSV,27-Jul-2026,112.66,113.06,112.4,112.63,503800
IVA,27-Jul-2026,4.45,4.68,4.43,4.6,707100
IVAL,27-Jul-2026,35.29,35.63,35.29,35.5204,8200
IVDA,27-Jul-2026,0.24,0.25,0.23,0.23,310700
IVDAW,27-Jul-2026,0.0251,0.0269,0.0153,0.0269,37400
IVF,27-Jul-2026,1,1.015,0.9072,0.9591,160700
IVSI,27-Jul-2026,28.965,28.965,28.965,28.965,100
IVSS,27-Jul-2026,30.39,30.4564,30.36,30.4564,1600
IVSX,27-Jul-2026,24.845,24.845,24.845,24.845,100
IVVD,27-Jul-2026,0.6141,0.6383,0.587,0.6041,3503515
IXHL,27-Jul-2026,2.98,3.08,2.96,2.985,89000
IXUS,27-Jul-2026,94.14,94.18,93.02,93.6,1404300
IZEA,27-Jul-2026,3.43,3.43,3.33,3.33,47100
IZM,27-Jul-2026,0.254,0.2551,0.2475,0.2525,55300
JABRU,27-Jul-2026,10.08,10.09,10.08,10.09,8600
JACK,27-Jul-2026,15.84,16.4,15,15.67,718865
JAGX,27-Jul-2026,0.97,1.02,0.91,1,96600
JAKK,27-Jul-2026,24.87,26.32,24.79,25.92,174900
JANX,27-Jul-2026,15.6,15.95,15.29,15.57,1395200
JAPN,27-Jul-2026,24.51,24.57,24.12,24.285,7000
JATT,27-Jul-2026,11.3881,12.205,10.91,11.14,9900
JAZZ,27-Jul-2026,254.79,257,252.09,255.43,771800
JBDI,27-Jul-2026,1.12,1.16,1.09,1.11,24100
JBHT,27-Jul-2026,287.7,289.245,276.42,280.97,605318
JBIO,27-Jul-2026,20.23,21,19.93,19.95,1415700
JBLU,27-Jul-2026,5.41,5.66,5.31,5.445,46067602
JBSS,27-Jul-2026,81.49,84.62,81.49,83.64,106700
JCAP,27-Jul-2026,20.06,20.45,20.06,20.43,306500
JCSE,27-Jul-2026,1.44,1.5,1.38,1.47,5300
JCTC,27-Jul-2026,2.5602,2.5957,2.49,2.49,9600
JD,27-Jul-2026,30.43,30.955,30.31,30.95,6567587
JDOC,27-Jul-2026,61.0293,61.0293,61.0293,61.0293,100
JEM,27-Jul-2026,6.15,6.26,5,5.85,362270
JEMA,27-Jul-2026,59.61,59.61,58.58,59.1576,58700
JEPQ,27-Jul-2026,58.62,58.8693,57.22,57.735,7257265
JF,27-Jul-2026,0.84,0.9,0.84,0.8505,32500
JFB,27-Jul-2026,3.87,3.99,3.61,3.77,187600
JFIN,27-Jul-2026,2.16,2.26,2.12,2.15,49900
JFU,27-Jul-2026,2.07,2.2,2,2,4300
JG,27-Jul-2026,5.16,5.16,4.385,4.79,15400
JGLO,27-Jul-2026,71.45,71.49,70.58,70.84,97900
JHAI,27-Jul-2026,31.95,31.95,31.49,31.9469,3000
JIVE,27-Jul-2026,94.72,94.83,93.94,94.31,484200
JJSF,27-Jul-2026,76.55,78.16,76.415,77.71,139200
JKHY,27-Jul-2026,151.71,154.97,150.84,152.98,735500
JL,27-Jul-2026,5.87,6.08,5.87,5.95,5900
JLHL,27-Jul-2026,6.21,7.41,5.71,6.1901,244663
JMID,27-Jul-2026,30.37,30.4769,30.3,30.4769,900
JMSB,27-Jul-2026,22.79,23.29,22.56,23.29,39100
JOUT,27-Jul-2026,46.41,47.66,46.34,47.13,36300
JOYT,27-Jul-2026,57.685,57.685,57.3321,57.455,5900
JOYY,27-Jul-2026,74.73,75.55,74.07,74.8,216812
JPEF,27-Jul-2026,79.95,79.95,78.6401,79.01,80100
JPFP,27-Jul-2026,48.61,48.745,48.61,48.745,100
JPY,27-Jul-2026,37.27,37.27,37.18,37.2109,2300
JRSH,27-Jul-2026,4.64,4.79,4.51,4.56,47300
JRVR,27-Jul-2026,4.73,4.86,4.6801,4.7,314800
JSM,27-Jul-2026,17.35,17.7199,17.35,17.4,10500
JSMD,27-Jul-2026,95.12,95.9,93.83,94.7512,43300
JSML,27-Jul-2026,88.77,89.1947,87.32,88.1075,15900
JSPR,27-Jul-2026,0.69,0.7046,0.6303,0.6943,509100
JTAI,27-Jul-2026,2.0669,2.14,1.91,1.965,239115
JTEK,27-Jul-2026,95.89,95.91,92.49,94.24,213600
JUNS,27-Jul-2026,0.1212,0.127,0.107,0.1137,2529595
JVA,27-Jul-2026,3.46,3.48,3.4,3.41,33000
JWEL,27-Jul-2026,1.8,1.8,1.8,1.8,700
JXG,27-Jul-2026,7.7,7.8,6.94,6.94,1100
JYD,27-Jul-2026,0.9099,0.955,0.8505,0.9323,113600
JYNT,27-Jul-2026,8.36,8.69,8.3501,8.57,61000
JZ,27-Jul-2026,2.4,2.53,2.11,2.52,67936
JZXN,27-Jul-2026,1.24,1.73,1.21,1.35,12916449
KALA,27-Jul-2026,0.6216,0.732,0.6152,0.6706,76500
KALU,27-Jul-2026,163.6,165,157.3,161.89,359400
KARD,27-Jul-2026,20.99,21.73,20.17,21.23,141300
KARO,27-Jul-2026,64.29,64.29,62.92,63.49,145400
KAT,27-Jul-2026,56.08,56.38,55.97,56.0621,14200
KAZR,27-Jul-2026,2,2.2099,1.85,1.98,151600
KBAB,27-Jul-2026,7.36,7.59,7.33,7.59,2100
KBDU,27-Jul-2026,16.1972,16.1972,16.1972,16.1972,100
KBON,27-Jul-2026,10.08,10.1,10.08,10.09,15600
KBONU,27-Jul-2026,10.29,10.29,10.29,10.29,100
KBSX,27-Jul-2026,0.9,0.91,0.9,0.9,11900
KBWB,27-Jul-2026,97.45,98.05,95.92,96.57,1220900
KBWD,27-Jul-2026,12.09,12.18,12.09,12.1,378800
KBWP,27-Jul-2026,135.47,136.95,135.47,136.26,44400
KBWY,27-Jul-2026,18.76,18.93,18.76,18.8,136200
KC,27-Jul-2026,9.86,10.04,9.745,9.94,610166
KDK,27-Jul-2026,4.23,4.35,4.17,4.25,624600
KDKRW,27-Jul-2026,0.75,0.75,0.75,0.75,1600
KDP,27-Jul-2026,29.79,30.3051,29.715,30.12,12936100
KE,27-Jul-2026,24.9,25.21,24.03,24.85,235700
KEAT,27-Jul-2026,32.9088,32.9088,32.9088,32.9088,100
KEEL,27-Jul-2026,4.37,4.49,3.93,4.056,22570370
KELYA,27-Jul-2026,15.38,15.76,15.26,15.72,388700
KELYB,27-Jul-2026,23.05,23.0501,22.99,22.99,2200
KEQU,27-Jul-2026,35.96,36.46,35.62,35.62,2200
KEYY,27-Jul-2026,9.86,9.86,9.86,9.86,700
KEYYW,27-Jul-2026,0.37,0.37,0.3612,0.3612,1600
KFFB,27-Jul-2026,5.2973,5.3,5.24,5.263,3000
KFII,27-Jul-2026,10.59,10.6,10.59,10.6,6100
KG,27-Jul-2026,9.01,9.155,8.78,8.96,8100
KGEI,27-Jul-2026,5.14,5.2,5,5.04,153700
KHC,27-Jul-2026,25.7,26.39,25.7,26.22,16741700
KIDS,27-Jul-2026,19.08,20.08,19.07,19.82,117000
KIDZ,27-Jul-2026,0.409,0.7562,0.409,0.5911,241783065
KIDZW,27-Jul-2026,0.0152,0.0183,0.0129,0.0183,121700
KINS,27-Jul-2026,20.03,20.35,19.465,19.67,48600
KIQQ,27-Jul-2026,24.4499,24.4499,24.39,24.4451,200
KITT,27-Jul-2026,0.7905,0.8063,0.7549,0.78,76147
KITTW,27-Jul-2026,0.0109,0.0114,0.0109,0.0113,10300
KJD,27-Jul-2026,19.77,20.27,19.595,20.2547,3800
KLAC,27-Jul-2026,216.16,218.98,195.56,203.44,9593464
KLAG,27-Jul-2026,34.4,34.66,29.6,31.99,93900
KLIC,27-Jul-2026,102.06,104.28,93.77,98.22,1246600
KLRA,27-Jul-2026,18.1,18.27,17.17,17.48,567700
KLRS,27-Jul-2026,3.75,3.84,3.5,3.58,71600
KLTR,27-Jul-2026,1.41,1.5,1.41,1.46,297500
KLXE,27-Jul-2026,2.19,2.21,2.13,2.13,82400
KMB,27-Jul-2026,110.81,112.34,110.7,111.44,2595400
KMDA,27-Jul-2026,7,7.09,6.93,6.99,37800
KMLI,27-Jul-2026,9.5014,9.8217,9.46,9.4657,40500
KMRK,27-Jul-2026,0.96,1.1,0.88,1.04,171100
KMTS,27-Jul-2026,21.5,23.055,21.5,22.82,195800
KNDI,27-Jul-2026,0.64,0.66,0.64,0.64,93800
KNGZ,27-Jul-2026,40.9687,41.09,40.9201,41.045,5100
KNSA,27-Jul-2026,62.96,64.85,62.79,63.53,834300
KOD,27-Jul-2026,41.41,43,41.1,41.91,464800
KOID,27-Jul-2026,36.52,36.69,35.67,36.17,83200
KOPN,27-Jul-2026,3.62,3.84,3.5,3.705,2723569
KOSS,27-Jul-2026,3.76,3.77,3.66,3.66,13900
KOYN,27-Jul-2026,10.17,10.17,10.17,10.17,5400
KOYNW,27-Jul-2026,0.2,0.2,0.2,0.2,5000
KPDD,27-Jul-2026,5.385,5.685,5.32,5.58,155608
KPLT,27-Jul-2026,6.9,7.21,6.8,6.8,4000
KPRX,27-Jul-2026,2.5,2.54,2.5,2.54,3000
KPTI,27-Jul-2026,7.45,7.84,7.01,7.09,527400
KQQQ,27-Jul-2026,28.5,28.78,28.11,28.3381,59400
KRKR,27-Jul-2026,2.85,2.9,2.7,2.795,11400
KRMD,27-Jul-2026,3.9,4.12,3.86,4.08,158400
KRNT,27-Jul-2026,15.41,15.56,15.08,15.39,187300
KRNY,27-Jul-2026,9.42,9.545,9.38,9.45,456500
KROP,27-Jul-2026,35.1,35.75,35.1,35.73,2900
KROS,27-Jul-2026,10.16,10.5,10.05,10.215,85717
KRRO,27-Jul-2026,10.93,11.25,10.25,10.72,131200
KRT,27-Jul-2026,39.75,41.38,39.74,40.95,128600
KRUS,27-Jul-2026,44.63,47.45,44.59,46.9,253200
KRYS,27-Jul-2026,339,358,334.38,351.82,537200
KSCP,27-Jul-2026,1.54,1.59,1.44,1.445,1080959
KSPI,27-Jul-2026,87.33,87.65,86,86.48,364100
KTCC,27-Jul-2026,3.7,4.04,3.64,4.03,21600
KTOS,27-Jul-2026,47.97,49.72,46.78,49.44,1717458
KTTA,27-Jul-2026,0.4503,0.4948,0.45,0.4529,250115
KTTAW,27-Jul-2026,0.007,0.0075,0.0059,0.0075,28600
KTWOR,27-Jul-2026,0.19,0.1989,0.19,0.1986,502500
KURA,27-Jul-2026,10.73,10.77,10.13,10.15,1193800
KUST,27-Jul-2026,1.31,1.39,1.11,1.13,428635
KVACF,27-Jul-2026,11.95,11.95,11.95,12.8,0
KVHI,27-Jul-2026,9.11,9.5,9.07,9.28,138300
KWM,27-Jul-2026,0.1221,0.1242,0.1182,0.1242,879000
KWMWW,27-Jul-2026,0.01,0.01,0.009,0.009,30000
KXIN,27-Jul-2026,5.32,5.5,5.3,5.4,14300
KYIV,27-Jul-2026,13.7,13.89,13.43,13.655,225300
KYMR,27-Jul-2026,110.38,113,109.93,110.05,474100
KYNB,27-Jul-2026,7.04,7.12,7.0101,7.05,4600
KYTX,27-Jul-2026,7.55,8.14,7.46,7.92,1194500
KZIA,27-Jul-2026,12.66,12.91,12.04,12.21,173700
LAB,27-Jul-2026,0.834,0.852,0.7675,0.7702,1404173
LABT,27-Jul-2026,2.51,2.83,2.26,2.48,253633
LACG,27-Jul-2026,3.13,3.16,2.95,3.1241,4800
LAES,27-Jul-2026,2.48,2.56,2.37,2.485,22176332
LAFA,27-Jul-2026,10.11,10.11,10.11,10.11,100
LAKE,27-Jul-2026,10.77,10.895,10.7,10.77,24200
LAMR,27-Jul-2026,160.24,162.88,159.9823,160.99,633100
LAND,27-Jul-2026,8.56,8.58,8.44,8.5,480600
LANDO,27-Jul-2026,21.26,21.4,21.1567,21.39,26000
LANDP,27-Jul-2026,21.14,21.14,20.81,20.95,27700
LARK,27-Jul-2026,31.27,31.77,31.25,31.77,6600
LASE,27-Jul-2026,1.1,1.14,1.03,1.06,1986575
LASR,27-Jul-2026,70.32,70.81,64.5,67.78,756300
LATA,27-Jul-2026,10.13,10.13,10.13,10.13,300
LATAW,27-Jul-2026,0.28,0.28,0.28,0.28,1000
LAUR,27-Jul-2026,37.68,37.82,36.4401,37.48,360896
LBGJ,27-Jul-2026,0.031,0.0355,0.0233,0.0272,81009945
LBRDA,27-Jul-2026,28.87,31.11,28.87,30.8,202500
LBRDK,27-Jul-2026,29.19,31.14,29.105,30.92,1072700
LBRDP,27-Jul-2026,21.7,21.73,21.55,21.5501,6600
LBRX,27-Jul-2026,35.22,36.3137,34.03,34.78,217900
LBTYA,27-Jul-2026,9.8,10.025,9.69,9.83,4528200
LBTYB,27-Jul-2026,12.08,13.3001,11.61,12.1,3900
LBTYK,27-Jul-2026,9.78,9.91,9.44,9.59,4005400
LCDS,27-Jul-2026,71.1922,71.1922,71.1922,71.1922,100
LCFY,27-Jul-2026,2.54,2.7498,2.54,2.57,8300
LCID,27-Jul-2026,6.32,6.66,6.21,6.5,6949560
LCNB,27-Jul-2026,20.05,20.455,19.93,20.36,47600
LCUT,27-Jul-2026,8.78,9.25,8.51,8.83,312700
LDEM,27-Jul-2026,58.82,58.82,58.37,58.7905,600
LDRX,27-Jul-2026,35.24,35.24,34.893,34.9793,3900
LDSF,27-Jul-2026,18.7819,18.8,18.7702,18.7896,39800
LE,27-Jul-2026,11.94,12.31,11.93,12.2,211900
LECO,27-Jul-2026,250.99,257.69,250.99,256.85,322100
LEDS,27-Jul-2026,2.29,2.29,1.82,1.96,155800
LEE,27-Jul-2026,7.5,7.94,7.4,7.79,72900
LEGH,27-Jul-2026,26.83,27.04,26.285,26.4,207500
LEGN,27-Jul-2026,22.38,22.38,18.64,19.24,7995863
LEGR,27-Jul-2026,64.3,64.3,63.94,64.1241,1100
LEND,27-Jul-2026,25.06,25.11,25.02,25.04,270800
LENZ,27-Jul-2026,5.48,5.94,5.465,5.7,914429
LESL,27-Jul-2026,1.25,1.38,1.15,1.1502,475239
LEXI,27-Jul-2026,39.96,39.98,39.9,39.95,15700
LEXX,27-Jul-2026,0.5501,0.5501,0.5208,0.5215,112100
LFACW,27-Jul-2026,0.32,0.33,0.32,0.33,2100
LFCR,27-Jul-2026,4.36,4.45,4.26,4.34,111600
LFMD,27-Jul-2026,3.74,3.88,3.67,3.87,1034700
LFMDP,27-Jul-2026,23.3297,23.3297,23.3297,23.3297,300
LFS,27-Jul-2026,2.15,2.18,2.12,2.18,14500
LFSC,27-Jul-2026,45.475,45.505,45.22,45.2863,1000
LFST,27-Jul-2026,10.86,11.1,10.85,10.88,1910500
LFTO,27-Jul-2026,22.32,22.95,22.04,22.81,288500
LFUS,27-Jul-2026,407.71,414.93,387.14,402.99,427200
LFVN,27-Jul-2026,6.48,6.59,6.21,6.37,75000
LFWD,27-Jul-2026,7.1,7.22,6.78,7.1133,5800
LGCF,27-Jul-2026,37.4109,37.4109,37.4109,37.4109,100
LGCL,27-Jul-2026,1.48,1.7,1.26,1.325,1875311
LGDS,27-Jul-2026,47.89,48.04,46.965,47.3378,27100
LGHL,27-Jul-2026,1.03,3.96,0.95,1.07,44519840
LGIH,27-Jul-2026,60.48,62.07,59.8,60.36,284500
LGN,27-Jul-2026,70.7,73.04,66.13,67.63,1199000
LGND,27-Jul-2026,301.05,304.97,293.02,297.5,378400
LGO,27-Jul-2026,0.63,0.64,0.55,0.61,1124200
LGRO,27-Jul-2026,43.88,43.88,43.72,43.788,900
LGVN,27-Jul-2026,0.58,0.62,0.58,0.61,174600
LHAI,27-Jul-2026,0.9038,0.9289,0.85,0.9282,204900
LHSW,27-Jul-2026,2.35,2.4,2.21,2.32,39150
LI,27-Jul-2026,12.25,12.66,12.22,12.62,2203777
LICN,27-Jul-2026,1.14,1.3377,1.09,1.205,320101
LIDR,27-Jul-2026,1.14,1.17,1.075,1.1,854000
LIDRW,27-Jul-2026,0.0161,0.0161,0.0133,0.0151,3200
LIEN,27-Jul-2026,9.38,9.69,9.34,9.35,42100
LIF,27-Jul-2026,52.04,53.86,51.69,53.83,471700
LIFE,27-Jul-2026,18.88,19.88,18.75,19.48,431216
LILA,27-Jul-2026,7.67,7.86,7.59,7.79,765700
LILAK,27-Jul-2026,7.44,7.765,7.44,7.68,1451800
LILAP,27-Jul-2026,19.48,20.5,19.48,20.2,141700
LIME,27-Jul-2026,27.9,28.25,25.83,27.14,253100
LIMN,27-Jul-2026,0.1113,0.115,0.0986,0.1041,3882365
LIMNW,27-Jul-2026,0.0411,0.0411,0.0411,0.0411,300
LIN,27-Jul-2026,513.33,515,506.47,507.02,1656300
LINC,27-Jul-2026,40.52,41.3765,39.31,40.6,301000
LIND,27-Jul-2026,27.33,28.13,27.09,28.09,509900
LINE,27-Jul-2026,41.5,42.85,41.5,42.55,1090300
LINK,27-Jul-2026,4.88,4.88,4.5052,4.67,6800
LINT,27-Jul-2026,112.1831,112.1831,94,103.8055,141325
LIQT,27-Jul-2026,0.66,0.6886,0.65,0.6799,101400
LITE,27-Jul-2026,788.21,796.3808,697.88,711.96,2548849
LITP,27-Jul-2026,10.28,10.38,10.24,10.3174,16800
LITS,27-Jul-2026,0.98,1.03,0.9645,0.9765,256900
LIVE,27-Jul-2026,9.415,10.15,9.415,10.01,10300
LIVN,27-Jul-2026,78.85,80.64,78.31,80.58,486500
LKFN,27-Jul-2026,61.25,63.93,60.945,63.35,197700
LKFT,27-Jul-2026,27.86,28.29,27.75,28.13,109000
LKQ,27-Jul-2026,26.01,26.42,25.97,26.25,3108200
LKSP,27-Jul-2026,10.16,10.1699,10.16,10.1699,200
LKSPR,27-Jul-2026,0.925,0.925,0.925,0.925,500
LLYVA,27-Jul-2026,96.84,99.14,96.36,98.83,90700
LLYVK,27-Jul-2026,99.98,102.72,99.5701,102.26,307700
LMAT,27-Jul-2026,96.73,101.175,96.31,98.93,285100
LMB,27-Jul-2026,73.07,74.625,71.87,74.34,214400
LMBS,27-Jul-2026,49.45,49.46,49.34,49.45,341000
LMNR,27-Jul-2026,13.17,13.395,13.17,13.36,55200
LMNX,27-Jul-2026,14.17,14.7,14,14.04,68300
LMRI,27-Jul-2026,11.05,11.57,11.03,11.05,243700
LMTL,27-Jul-2026,38.79,39.76,38.59,38.71,59600
LNAI,27-Jul-2026,2.33,2.37,2.22,2.23,26400
LNKS,27-Jul-2026,1.27,1.27,1.16,1.19,43100
LNSR,27-Jul-2026,5.57,5.57,5.37,5.37,49200
LNT,27-Jul-2026,74.64,75.17,73.73,73.93,2139700
LNTH,27-Jul-2026,105.07,109.38,105,108.03,1098500
LNZA,27-Jul-2026,5.57,5.83,5.43,5.51,66500
LNZAW,27-Jul-2026,0.02,0.02,0.02,0.02,34300
LOAN,27-Jul-2026,3.94,3.9796,3.9,3.91,92600
LOBO,27-Jul-2026,0.6954,0.739,0.68,0.739,18308
LOCO,27-Jul-2026,15.98,16.35,15.98,16.19,140000
LOGI,27-Jul-2026,106.19,108.04,105.87,107.82,1191600
LOGO,27-Jul-2026,20.17,20.17,20.09,20.16,700
LONA,27-Jul-2026,7.35,7.405,7.0201,7.36,14100
LOOP,27-Jul-2026,0.7766,0.8425,0.747,0.77,50000
LOPE,27-Jul-2026,141.57,145.855,140.57,144.86,285000
LOT,27-Jul-2026,0.9,0.95,0.8648,0.8666,68400
LOTI,27-Jul-2026,26.16,26.24,26.16,26.1757,10000
LOVE,27-Jul-2026,16.39,17.23,16.39,16.99,231100
LPAAU,27-Jul-2026,11.22,11.22,11.11,11.11,1100
LPAAW,27-Jul-2026,0.175,0.18,0.1631,0.17,123000
LPBB,27-Jul-2026,10.76,10.76,10.75,10.76,230200
LPCN,27-Jul-2026,2.09,2.16,2.09,2.14,29400
LPLA,27-Jul-2026,331.2,335.92,328.96,331.72,534800
LPRO,27-Jul-2026,3.15,3.15,3.14,3.14,3923500
LPSN,27-Jul-2026,1.62,1.69,1.62,1.69,76700
LPTH,27-Jul-2026,11.32,11.38,10.385,10.915,1224146
LQ,27-Jul-2026,23.82,23.82,23.715,23.715,1600
LQDA,27-Jul-2026,89.08,91.86,83.6301,84.41,901836
LQDT,27-Jul-2026,38.03,38.98,37.995,38.96,112100
LRCX,27-Jul-2026,313.77,318.52,278.45,291.6,7349230
LRE,27-Jul-2026,1.3701,1.3701,1.29,1.29,6100
LRGE,27-Jul-2026,84,84.05,82.5479,82.8109,5900
LRHC,27-Jul-2026,1.01,1.06,0.98,1.05,71000
LRMR,27-Jul-2026,3.96,4.06,3.805,3.825,1302144
LRND,27-Jul-2026,44.03,44.03,43.736,43.736,100
LSAK,27-Jul-2026,4.63,4.65,4.5347,4.57,38500
LSBK,27-Jul-2026,17.02,17.236,17.02,17.2,9800
LSCC,27-Jul-2026,129.19,130.1,118.83,122.91,1940700
LSE,27-Jul-2026,4.6,5.35,4.6,5.08,31200
LSTA,27-Jul-2026,1.6,1.6,1.43,1.44,142400
LSTR,27-Jul-2026,200,201,190.89,191.63,545200
LTBR,27-Jul-2026,7.6,8.18,7.55,8.02,442497
LTCC,27-Jul-2026,11.49,11.49,11.28,11.32,15800
LTGR,27-Jul-2026,9.94,9.95,9.9,9.9,18800
LTGRU,27-Jul-2026,10.0358,10.065,10.0358,10.0358,700
LTGRW,27-Jul-2026,0.2995,0.2995,0.2995,0.2995,400
LTRN,27-Jul-2026,2.77,2.9,2.76,2.79,38500
LTRX,27-Jul-2026,5.38,5.51,5.24,5.46,440000
LTRYW,27-Jul-2026,0.0112,0.0112,0.008,0.0109,41800
LUCD,27-Jul-2026,0.9128,0.9389,0.9001,0.9034,1382900
LUCY,27-Jul-2026,0.68,0.788,0.6511,0.7816,377227
LUCYW,27-Jul-2026,0.0472,0.0473,0.0251,0.0251,22400
LULG,27-Jul-2026,6.33,6.39,6.13,6.3437,67100
LULU,27-Jul-2026,114.9,118.37,114.9,117.86,1301708
LUNG,27-Jul-2026,1.18,1.26,1.18,1.22,247300
LUNR,27-Jul-2026,13.22,13.615,12.87,13.305,5173772
LVDS,27-Jul-2026,59.38,59.38,59.05,59.1705,2100
LVHD,27-Jul-2026,45.35,45.64,45.35,45.37,35500
LVIG,27-Jul-2026,97.81,97.81,97.7943,97.7943,900
LVLU,27-Jul-2026,18.51,19.91,18.09,18.83,11300
LVO,27-Jul-2026,4.97,4.99,4.64,4.73,33900
LWAC,27-Jul-2026,10.26,10.28,10.26,10.26,61300
LWAY,27-Jul-2026,30.59,31.02,30.3,30.48,72900
LWLG,27-Jul-2026,6.07,6.25,5.7,6.13,2428700
LX,27-Jul-2026,1.48,1.53,1.44,1.46,2395779
LXEH,27-Jul-2026,1.45,1.56,1.45,1.48,10800
LXEO,27-Jul-2026,4.79,4.85,4.4,4.48,609987
LXRX,27-Jul-2026,2.3,2.38,2.16,2.23,2957300
LYEL,27-Jul-2026,12.77,13.05,12.6,12.96,110500
LYFT,27-Jul-2026,14.43,15.26,14.37,15.09,14550900
LYTS,27-Jul-2026,23.39,23.405,22.735,23.25,199200
LZ,27-Jul-2026,7.19,7.7,7.19,7.56,1709200
LZMH,27-Jul-2026,1.23,1.41,1.22,1.29,58500
MAAS,27-Jul-2026,17,17.77,16.6388,17.51,15648
MAAY,27-Jul-2026,6,6.004,5.96,5.9945,12700
MACI,27-Jul-2026,10.91,10.91,10.91,10.91,800
MACIU,27-Jul-2026,11.29,11.3,11.29,11.3,500
MACIW,27-Jul-2026,0.134,0.134,0.1226,0.13,79700
MAKO,27-Jul-2026,7.26,7.286,7.03,7.2,76900
MAMA,27-Jul-2026,17.77,18.36,17.63,17.75,296300
MAMO,27-Jul-2026,0.9609,1.1,0.9609,1.04,379600
MANH,27-Jul-2026,155.23,163.84,153.91,159.29,912600
MAR,27-Jul-2026,378.37,384.2,377.53,383.07,712318
MARA,27-Jul-2026,12.43,12.55,11.44,11.78,35136973
MARPS,27-Jul-2026,4.5041,4.75,4.5041,4.72,2900
MASK,27-Jul-2026,1.56,1.6,1.4203,1.525,42407
MASS,27-Jul-2026,7.42,7.46,6.95,7.13,229300
MAT,27-Jul-2026,14.51,14.82,14.48,14.8,3152000
MATE,27-Jul-2026,30.14,30.14,29.7991,29.7991,500
MATH,27-Jul-2026,0.8201,0.9346,0.8133,0.82,40600
MATW,27-Jul-2026,27.76,28.45,27.575,28.15,316400
MAXI,27-Jul-2026,9.11,9.41,9.11,9.285,12800
MAYS,27-Jul-2026,39.05,39.05,39.05,39.05,400
MAZE,27-Jul-2026,27.69,29.025,27.69,28.69,269800
MB,27-Jul-2026,4.3,4.3,3.8309,3.8309,230
MBAI,27-Jul-2026,1.12,1.13,1.05,1.07,23400
MBB,27-Jul-2026,93.26,93.43,93.215,93.37,1901100
MBBC,27-Jul-2026,14.9295,14.9295,14.9295,14.9295,300
MBIN,27-Jul-2026,48.25,49.47,48.04,48.37,103500
MBINL,27-Jul-2026,24.91,24.95,24.75,24.8497,3200
MBINM,27-Jul-2026,25.3001,25.4899,25.3001,25.35,4300
MBINN,27-Jul-2026,20.19,20.19,19.95,20.08,3700
MBIO,27-Jul-2026,0.57,0.5735,0.56,0.56,7900
MBLY,27-Jul-2026,8.3,8.84,7.995,8,9964799
MBNKO,27-Jul-2026,25.55,25.55,25.42,25.46,4300
MBOT,27-Jul-2026,1.77,1.78,1.71,1.735,308420
MBRX,27-Jul-2026,2.14,2.26,2.09,2.19,110200
MBS,27-Jul-2026,8.58,8.58,8.55,8.575,52200
MBUU,27-Jul-2026,27.94,28.49,27.93,28.34,131600
MBVI,27-Jul-2026,10.17,10.17,10.16,10.17,91100
MBVIW,27-Jul-2026,0.36,0.36,0.36,0.36,26000
MBWM,27-Jul-2026,59,59.9,58.47,58.62,153600
MBX,27-Jul-2026,62.24,64.78,60.4,61.3,304200
MCAH,27-Jul-2026,9.959,9.96,9.959,9.96,2600
MCBS,27-Jul-2026,35.7,35.7,33.11,34.66,143500
MCDS,27-Jul-2026,67.6342,67.6342,67.6342,67.6342,100
MCFT,27-Jul-2026,24.42,24.99,24.295,24.86,145300
MCGA,27-Jul-2026,10.22,10.23,10.22,10.23,5600
MCGAW,27-Jul-2026,0.2416,0.2416,0.2416,0.2416,100
MCHB,27-Jul-2026,15.79,15.84,15.545,15.62,1079100
MCHI,27-Jul-2026,53.97,54.33,53.82,54.26,2194700
MCHP,27-Jul-2026,79.49,80.36,75.56,77.9,11225700
MCHPP,27-Jul-2026,67.22,67.22,65.51,66.72,121000
MCHS,27-Jul-2026,41.88,42.02,41.88,41.9452,1300
MCHX,27-Jul-2026,1.81,1.82,1.78,1.79,8400
MCRB,27-Jul-2026,4.98,5.29,4.85,4.85,67600
MCRI,27-Jul-2026,120.65,122.49,120.65,121.69,80900
MDAI,27-Jul-2026,1.67,1.7,1.64,1.645,101243
MDAIW,27-Jul-2026,0.5,0.52,0.5,0.52,6800
MDB,27-Jul-2026,306.5,314.16,303.57,309.71,870600
MDBH,27-Jul-2026,3.05,3.09,3.05,3.08,1800
MDCX,27-Jul-2026,0.37,0.43,0.3117,0.3174,3132709
MDCXW,27-Jul-2026,0.35,0.35,0.35,0.35,800
MDGL,27-Jul-2026,555,566.18,548.68,551.25,268500
MDIA,27-Jul-2026,1,1.02,0.92,1,21700
MDIV,27-Jul-2026,16.84,16.84,16.7401,16.7696,36900
MDLN,27-Jul-2026,39,40.51,39,39.7,4316600
MDLZ,27-Jul-2026,60.55,61.18,60.07,60.67,10078000
MDRR,27-Jul-2026,11.3,11.3,11.3,11.3,300
MDWD,27-Jul-2026,14.36,14.76,14.315,14.45,52100
MDXG,27-Jul-2026,4.24,4.395,4.204,4.26,1163200
MDXH,27-Jul-2026,0.41,0.4297,0.41,0.418,150900
MEDP,27-Jul-2026,603.15,606.64,588.77,589.37,415400
MEDS,27-Jul-2026,3.15,3.15,2.86,3.12,7600
MEDX,27-Jul-2026,35.5795,35.5795,35.5795,35.5795,100
MEGL,27-Jul-2026,1.07,1.23,1.07,1.2,21600
MELI,27-Jul-2026,1815.9,1855.44,1815.02,1820.35,199321
MEMA,27-Jul-2026,29.85,29.85,29.31,29.5843,9800
MEMS,27-Jul-2026,29.19,29.2465,29.19,29.2465,1100
MENS,27-Jul-2026,2.41,2.48,2.36,2.43,23600
MEOH,27-Jul-2026,54.56,54.715,53.46,54.18,1046200
MERC,27-Jul-2026,0.66,0.693,0.6531,0.667,129200
MESHW,27-Jul-2026,0.3,0.3002,0.3,0.3,7700
MESO,27-Jul-2026,14.98,15.08,14.5,14.565,238696
META,27-Jul-2026,604.1287,611.26,593.13,593.93,6807855
METC,27-Jul-2026,10.51,10.68,9.67,10.17,1890800
METCB,27-Jul-2026,7.27,7.585,7.0101,7.07,77600
METCI,27-Jul-2026,25.085,25.16,25.085,25.1155,4600
METCZ,27-Jul-2026,25.33,25.33,25.265,25.33,1700
METD,27-Jul-2026,16.03,16.31,15.8301,16.295,206155
METL,27-Jul-2026,24.91,24.91,24.402,24.6474,8600
METU,27-Jul-2026,22.66,23.155,21.85,21.89,1423241
MEVO,27-Jul-2026,9.95,9.96,9.95,9.96,19500
MF,27-Jul-2026,5.26,6.4,5.07,6.19,290100
MFI,27-Jul-2026,8.4,8.45,8.3,8.3,1700
MFIC,27-Jul-2026,9.62,9.7,9.58,9.59,306600
MFICL,27-Jul-2026,25.38,25.38,25.3799,25.38,1200
MFIG,27-Jul-2026,20.385,20.425,20.365,20.365,1400
MFIN,27-Jul-2026,9.8,9.94,9.79,9.79,15400
MFLX,27-Jul-2026,17.02,17.08,17.02,17.02,1800
MFMO,27-Jul-2026,22.9,22.9,22,22.3544,34200
MFP,27-Jul-2026,46.86,48.5,46.09,47.75,754100
MFVL,27-Jul-2026,21.335,21.3501,21.27,21.27,1900
MGEE,27-Jul-2026,82.18,82.64,81.4,81.61,107600
MGIH,27-Jul-2026,1.58,1.76,1.58,1.7,50000
MGN,27-Jul-2026,0.0759,0.0864,0.0758,0.0782,495800
MGNI,27-Jul-2026,19.07,19.46,18.72,19.09,2033200
MGNX,27-Jul-2026,3.7,4.05,3.7,4,666100
MGPI,27-Jul-2026,17.74,18.05,17.56,17.96,144700
MGRC,27-Jul-2026,121.31,121.31,118.38,120,174800
MGRT,27-Jul-2026,97.99,98.05,94,98.05,6000
MGRX,27-Jul-2026,0.5068,0.5729,0.5068,0.543,458444
MGTX,27-Jul-2026,12.28,12.76,11.84,12.3,585700
MGX,27-Jul-2026,1.21,1.235,1.2,1.21,68200
MGYR,27-Jul-2026,18.175,18.49,18.175,18.34,6800
MIACU,27-Jul-2026,9.99,9.99,9.99,9.99,100
MIDD,27-Jul-2026,134.69,137.68,133.54,136,461000
MILN,27-Jul-2026,43.98,44.38,43.98,44.325,13000
MIMI,27-Jul-2026,2.06,2.12,1.82,1.85,40288
MIND,27-Jul-2026,5.55,5.76,5.23,5.28,67000
MIRA,27-Jul-2026,0.88,0.9498,0.8698,0.882,24869
MIRM,27-Jul-2026,115.15,116.39,113.465,114.2,431300
MIST,27-Jul-2026,1.17,1.2,1.12,1.13,1213600
MITK,27-Jul-2026,17.37,17.53,16.93,17.01,564200
MKAM,27-Jul-2026,31.72,31.72,31.65,31.6805,600
MKDW,27-Jul-2026,11.5,11.81,11.49,11.55,6800
MKDWW,27-Jul-2026,0.0114,0.0133,0.0114,0.0114,23300
MKLYR,27-Jul-2026,0.2021,0.2021,0.18,0.2,3000
MKSI,27-Jul-2026,330.15,334,298.38,315.7,1391300
MKTW,27-Jul-2026,20.6455,20.6455,19.99,20.4,8100
MKTX,27-Jul-2026,117.48,118.35,116.25,117.97,454800
MKZR,27-Jul-2026,1.56,1.61,1,1.25,85100
MLAA,27-Jul-2026,9.96,9.96,9.95,9.95,3500
MLAB,27-Jul-2026,97.71,98.52,95.86,97.77,92200
MLCI,27-Jul-2026,3.18,3.29,3.1601,3.27,13800
MLCO,27-Jul-2026,5.49,5.64,5.49,5.62,1436500
MLEC,27-Jul-2026,7,7.5,7,7.36,2400
MLECW,27-Jul-2026,0.02,0.02,0.02,0.02,40300
MLGO,27-Jul-2026,4.1,4.34,4.09,4.2,81200
MLKN,27-Jul-2026,22.2,22.92,22.2,22.56,568600
MLTX,27-Jul-2026,19.1,20,19.1,19.89,643027
MLYS,27-Jul-2026,27.22,28.19,27.11,27.21,830600
MMED,27-Jul-2026,17,17.76,16.97,17.67,1915700
MMLP,27-Jul-2026,2.5,2.52,2.447,2.52,4500
MMSI,27-Jul-2026,75.1,76.8,73.43,76.1,1025000
MMTX,27-Jul-2026,10.1,10.13,10.1,10.13,22100
MMYT,27-Jul-2026,50.57,52.55,50.57,52.34,656900
MNDO,27-Jul-2026,1.02,1.1,1.02,1.05,78136
MNDR,27-Jul-2026,2.23,2.64,1.65,1.82,235134
MNDY,27-Jul-2026,78.97,83.72,78.5,82.1,3052500
MNKD,27-Jul-2026,4.14,4.24,3.95,3.955,2805118
MNOV,27-Jul-2026,1.3,1.32,1.29,1.32,17900
MNPR,27-Jul-2026,110.29,112.16,106.34,110.33,339700
MNRO,27-Jul-2026,16.97,17.14,16.75,16.94,655400
MNSB,27-Jul-2026,23.53,23.605,22.93,23.38,30000
MNST,27-Jul-2026,94.21,95.61,94,95.33,3774500
MNTK,27-Jul-2026,1.95,1.95,1.85,1.9,295332
MNTS,27-Jul-2026,4.71,4.8296,4.4,4.76,718291
MNTSW,27-Jul-2026,0.009,0.0103,0.009,0.009,14800
MNVT,27-Jul-2026,26.8,27.66,26.8,27.59,9100
MNY,27-Jul-2026,0.97,0.975,0.96,0.9649,6500
MNYWW,27-Jul-2026,0.0422,0.0422,0.0421,0.0421,1600
MNZL,27-Jul-2026,60,60.04,59.0999,59.5277,5300
MOB,27-Jul-2026,4.76,4.985,4.7,4.89,51700
MOBI,27-Jul-2026,10.86,11.385,10.58,11.13,84600
MOBX,27-Jul-2026,1.71,2.05,1.68,1.97,1436575
MOBXW,27-Jul-2026,0.075,0.0815,0.075,0.0815,1300
MODD,27-Jul-2026,2.47,2.47,2.27,2.31,79000
MODL,27-Jul-2026,51.14,51.156,50.61,50.75,38800
MOLN,27-Jul-2026,4.005,4.005,4.005,4.005,600
MOMO,27-Jul-2026,5.95,5.99,5.86,5.88,504100
MOOD,27-Jul-2026,43.52,43.5312,43.4302,43.5078,5800
MORN,27-Jul-2026,176.13,185.11,175.65,182.43,366000
MOVE,27-Jul-2026,12.89,13.32,12.2,12.64,30300
MPAA,27-Jul-2026,13.87,14.09,13.55,13.93,80100
MPB,27-Jul-2026,37.8,38.32,37.38,37.75,252600
MPG,27-Jul-2026,3.19,3.38,3.12,3.37,156500
MPLT,27-Jul-2026,36.56,38,9.91,9.91,6810259
MPWR,27-Jul-2026,1350.56,1391.89,1284.82,1340.45,448402
MQ,27-Jul-2026,17.29,17.85,17.2,17.6,860800
MQQQ,27-Jul-2026,212.6088,212.6088,204.5701,207.8721,12100
MRA,27-Jul-2026,21.9169,21.9169,21.9169,21.9169,100
MRAL,27-Jul-2026,51.15,52.27,44.86,47.71,76400
MRAM,27-Jul-2026,15.47,15.78,14.48,14.95,755000
MRBK,27-Jul-2026,20,20.525,19.905,20,69400
MRCOU,27-Jul-2026,10.02,10.03,10.02,10.03,15400
MRCY,27-Jul-2026,104.22,106.53,101.57,103.8,440400
MRDN,27-Jul-2026,13.26,14.155,13,13.73,105900
MREO,27-Jul-2026,0.309,0.315,0.28,0.3021,1271348
MRKR,27-Jul-2026,1.21,1.25,1.2,1.22,42200
MRLN,27-Jul-2026,3.47,3.79,3.47,3.75,772342
MRM,27-Jul-2026,0.9354,1,0.92,0.99,29200
MRNA,27-Jul-2026,54.75,57.07,54.49,55.61,3079739
MRNO,27-Jul-2026,0.2168,0.222,0.1845,0.191,219600
MRNOW,27-Jul-2026,0.0193,0.0193,0.014,0.014,5900
MRTN,27-Jul-2026,16.26,16.28,15.295,15.49,998700
MRVI,27-Jul-2026,6.8,6.925,6.66,6.69,2195100
MRVL,27-Jul-2026,201.96,202.56,181.76,189.28,12362356
MRVU,27-Jul-2026,94.11,95.15,79.55,86.3,155600
MRX,27-Jul-2026,65.6,66.165,63.31,64.6,645000
MSAI,27-Jul-2026,4.85,5,4.64,4.78,15000
MSAIW,27-Jul-2026,0.0182,0.0199,0.0179,0.0199,39200
MSBI,27-Jul-2026,32.3,33.11,31.98,32.83,300500
MSBIP,27-Jul-2026,25.124,25.184,25.124,25.184,800
MSEX,27-Jul-2026,56.19,56.53,55.53,56.17,123700
MSFD,27-Jul-2026,13.76,13.78,13.42,13.6,943618
MSFL,27-Jul-2026,15.5,16.225,15.38,15.81,951371
MSFT,27-Jul-2026,384.5,394.2,382.654,389.13,18690280
MSFU,27-Jul-2026,23.27,24.37,23.14,23.77,4024564
MSGM,27-Jul-2026,4.46,4.58,4.25,4.41,15500
MSGY,27-Jul-2026,0.35,0.37,0.32,0.34,50200
MSLE,27-Jul-2026,9.89,10.07,9.32,9.45,31500
MSR,27-Jul-2026,14.4494,14.4494,14.4494,14.4494,100
MSS,27-Jul-2026,1.87,2.48,1.56,1.82,2170927
MST,27-Jul-2026,8.14,8.71,7.93,8.66,42183
MSTP,27-Jul-2026,12.93,13.92,12.7,13.78,61500
MSTR,27-Jul-2026,94.72,99.16,93.3248,98.639,11209330
MSTX,27-Jul-2026,8.33,9.1301,8.15,9.05,6018599
MTAKU,27-Jul-2026,9.97,9.99,9.905,9.95,573900
MTC,27-Jul-2026,3.05,3.13,2.92,2.92,17900
MTCH,27-Jul-2026,38.5,39.01,38.45,38.8,1990200
MTEK,27-Jul-2026,1.03,1.04,1,1.04,28918
MTEKW,27-Jul-2026,0.1325,0.1325,0.1325,0.1325,3000
MTEN,27-Jul-2026,1.1,1.12,1,1.06,470458
MTEX,27-Jul-2026,4.8,5.3,4.55,5.0802,14100
MTLS,27-Jul-2026,6.59,6.61,6.41,6.44,37600
MTRX,27-Jul-2026,12.53,12.6453,12.07,12.32,135700
MTSI,27-Jul-2026,268.99,271.88,250.97,263.08,1243300
MTVA,27-Jul-2026,1.49,1.52,1.42,1.45,82311
MTYY,27-Jul-2026,18.64,18.69,18.59,18.69,1500
MU,27-Jul-2026,952.01,960.98,854.79,900.98,32756425
MUD,27-Jul-2026,11.38,12.51,11.17,11.94,12755853
MULL,27-Jul-2026,23.39,23.68,18.6752,20.84,8488304
MULT,27-Jul-2026,24.89,24.94,24.89,24.9369,600
MUU,27-Jul-2026,33.72,34.11,26.78,29.87,41010866
MUYY,27-Jul-2026,20.45,20.56,20.13,20.3,43500
MUZEW,27-Jul-2026,0.28,0.3,0.28,0.28,15600
MVBF,27-Jul-2026,29.48,29.48,29.005,29.14,24500
MVIS,27-Jul-2026,0.255,0.267,0.233,0.2521,3990818
MVLL,27-Jul-2026,23.82,24.46,19.5718,21.27,2295520
MVST,27-Jul-2026,0.802,0.84,0.7601,0.7975,3703185
MWC,27-Jul-2026,1.56,1.68,1.42,1.64,216373
MWH,27-Jul-2026,27.27,28.28,27.03,28.06,1846700
MWYN,27-Jul-2026,0.74,0.8699,0.6501,0.663,199300
MXCT,27-Jul-2026,1.08,1.095,1.02,1.02,1298400
MXL,27-Jul-2026,75.75,76,62.16,64.83,5255166
MYCF,27-Jul-2026,25.031,25.065,25.03,25.065,2100
MYCG,27-Jul-2026,24.94,24.955,24.93,24.955,24300
MYCH,27-Jul-2026,24.82,24.83,24.81,24.83,179900
MYCI,27-Jul-2026,24.624,24.63,24.6203,24.625,1400
MYCJ,27-Jul-2026,24.465,24.47,24.4443,24.4509,2500
MYCK,27-Jul-2026,24.56,24.56,24.5366,24.5366,400
MYCL,27-Jul-2026,24.3544,24.3544,24.3544,24.3544,100
MYCM,27-Jul-2026,24.3004,24.3004,24.3004,24.3004,100
MYCN,27-Jul-2026,24.12,24.12,24.1197,24.1197,100
MYCO,27-Jul-2026,24.02,24.02,24.02,24.02,100
MYFW,27-Jul-2026,31.96,32.18,29.61,30.77,130900
MYGN,27-Jul-2026,5.7,5.76,5.41,5.45,1172100
MYHA,27-Jul-2026,24.925,24.925,24.925,24.925,100
MYHB,27-Jul-2026,24.93,24.93,24.93,24.93,100
MYHC,27-Jul-2026,25.0251,25.0251,25.0251,25.0251,100
MYHD,27-Jul-2026,24.89,24.89,24.865,24.865,200
MYHE,27-Jul-2026,24.74,24.74,24.725,24.725,100
MYMF,27-Jul-2026,24.87,24.87,24.87,24.87,100
MYMG,27-Jul-2026,24.64,24.665,24.64,24.665,200
MYMH,27-Jul-2026,24.46,24.46,24.45,24.46,500
MYMI,27-Jul-2026,24.545,24.545,24.45,24.535,1500
MYMJ,27-Jul-2026,24.64,24.64,24.61,24.6154,1400
MYMK,27-Jul-2026,24.785,24.785,24.785,24.785,300
MYPS,27-Jul-2026,0.611,0.6733,0.605,0.6091,181500
MYRG,27-Jul-2026,381.14,388.36,357.81,369,451600
MYSE,27-Jul-2026,2.4,2.44,2.37,2.41,16200
MYSZ,27-Jul-2026,0.42,0.42,0.36,0.4,11900
MZTI,27-Jul-2026,108.26,109.46,107.43,107.48,251400
NA,27-Jul-2026,1.93,1.93,1.82,1.87,26100
NAAS,27-Jul-2026,3.09,3.5,3.09,3.33,23900
NAGE,27-Jul-2026,3.25,3.31,3.2,3.23,413000
NAII,27-Jul-2026,2.55,2.55,2.36,2.37,7800
NAKA,27-Jul-2026,5,5.27,4.42,4.69,125400
NAMI,27-Jul-2026,2.852,2.852,2.8001,2.8001,2700
NAMM,27-Jul-2026,1.55,1.56,1.405,1.42,160377
NAMMW,27-Jul-2026,0.195,0.1951,0.1551,0.1951,11700
NAMS,27-Jul-2026,30.11,31.29,30.1,30.22,948700
NAMSW,27-Jul-2026,19,19,19,19,100
NATH,27-Jul-2026,98.47,99.27,98.08,99.14,12500
NATO,27-Jul-2026,41.18,41.86,41.13,41.48,22600
NATR,27-Jul-2026,20.41,21.1,20.41,20.6,110000
NAUT,27-Jul-2026,1.71,1.74,1.65,1.66,441400
NAVI,27-Jul-2026,8.39,8.63,8.37,8.61,775600
NAVN,27-Jul-2026,23.5,26.14,23.5,25.78,2321354
NB,27-Jul-2026,4.25,4.31,4.03,4.2,1816216
NBBK,27-Jul-2026,22.5,22.615,22.18,22.43,406500
NBIG,27-Jul-2026,16.96,17.5,14.27,15.3296,2426514
NBIL,27-Jul-2026,24.385,25.26,20.55,22.24,3413141
NBIS,27-Jul-2026,197.4,200.6,180.83,187.95,11441953
NBIX,27-Jul-2026,176.46,179.15,176,176.41,1047900
NBN,27-Jul-2026,132.99,140,132.05,133.11,213700
NBP,27-Jul-2026,1.77,1.87,1.7658,1.78,174900
NBTB,27-Jul-2026,52.7,53.03,52.375,52.48,229081
NBTX,27-Jul-2026,39.93,40.85,39.33,40.18,95200
NCEL,27-Jul-2026,3.7,3.765,3.41,3.6,7200
NCI,27-Jul-2026,11.6,12,11.6,11.96,363200
NCIQ,27-Jul-2026,16.27,16.3,16.15,16.3,61600
NCMI,27-Jul-2026,3.83,3.89,3.77,3.86,231800
NCNA,27-Jul-2026,1.36,1.36,1.25,1.26,26600
NCNO,27-Jul-2026,17.07,18.18,16.96,17.65,2823800
NCOOU,27-Jul-2026,10.02,10.03,10.02,10.03,3000
NCPB,27-Jul-2026,24.665,24.665,24.66,24.66,300
NCPL,27-Jul-2026,0.3883,0.429,0.3802,0.3803,52746
NCPLW,27-Jul-2026,0.0157,0.0191,0.0157,0.0188,8600
NCRA,27-Jul-2026,1.39,1.4821,1.35,1.36,76300
NCSM,27-Jul-2026,47.67,47.67,45.79,46,6300
NCT,27-Jul-2026,3.51,3.8,3.2,3.34,733800
NCTY,27-Jul-2026,3.35,4.85,2.925,4.55,976434
NDAA,27-Jul-2026,23.74,23.7401,23.6,23.605,11300
NDAQ,27-Jul-2026,93.11,94.23,91.04,93.94,3820000
NDLS,27-Jul-2026,15.55,16.06,14.17,14.25,80500
NDRA,27-Jul-2026,5.075,5.075,4.78,4.78,5900
NDSN,27-Jul-2026,296.74,300,294,297.39,239300
NECB,27-Jul-2026,26.87,27.24,26.47,26.72,38300
NEGG,27-Jul-2026,14.16,15.42,14.04,14.33,53900
NEMG,27-Jul-2026,13.34,13.4801,13.34,13.3774,2700
NEO,27-Jul-2026,14.08,14.08,13.1,13.14,1795700
NEOG,27-Jul-2026,9.54,9.615,9.32,9.34,2413400
NEON,27-Jul-2026,0.7756,0.8222,0.761,0.771,45300
NEOV,27-Jul-2026,2.2,2.25,2.11,2.18,621500
NEOVW,27-Jul-2026,0.9597,0.9597,0.9597,0.9597,200
NEPH,27-Jul-2026,3.65,3.65,3.3987,3.43,8000
NERV,27-Jul-2026,4.09,4.275,3.95,4.205,168000
NESR,27-Jul-2026,27.6,28.19,26.38,26.87,1468600
NETG,27-Jul-2026,15.45,16,14.56,15.37,29200
NEUP,27-Jul-2026,3.61,4.0205,3.6,3.825,181414
NEWT,27-Jul-2026,14.59,14.87,14.205,14.37,197700
NEWTG,27-Jul-2026,25.54,25.5647,25.54,25.5647,2500
NEWTH,27-Jul-2026,25.1501,25.2,25.15,25.151,3900
NEWTP,27-Jul-2026,24.91,24.92,24.83,24.83,3400
NEWZ,27-Jul-2026,29.49,29.54,29.49,29.5156,800
NEXM,27-Jul-2026,2.22,2.22,2.09,2.13,43200
NEXN,27-Jul-2026,9.82,10.27,9.82,10.25,411900
NEXR,27-Jul-2026,0.2891,0.309,0.2287,0.2511,1028110
NEXRW,27-Jul-2026,0.0274,0.0274,0.0274,0.0274,100
NEXT,27-Jul-2026,6.99,7.08,6.38,6.435,5109414
NFE,27-Jul-2026,0.3401,0.3529,0.33,0.3374,2242200
NFLX,27-Jul-2026,70.15,71.65,69.86,70.4,20963332
NFRX,27-Jul-2026,27.0623,27.0623,27.0623,27.0623,100
NFTY,27-Jul-2026,53.67,53.8627,53.4391,53.8627,27200
NFXL,27-Jul-2026,14.91,15.37,14.64,14.86,746000
NFXS,27-Jul-2026,21.735,21.799,21.445,21.7524,11200
NGEN,27-Jul-2026,1.62,1.68,1.62,1.64,382500
NGHT,27-Jul-2026,21.31,21.36,21.26,21.3234,7400
NGNE,27-Jul-2026,35.18,35.925,33.25,34.62,241500
NHIC,27-Jul-2026,10.85,10.85,10.66,10.72,24800
NHIV,27-Jul-2026,10.1,10.1,10.095,10.1,6200
NHIVU,27-Jul-2026,10.25,10.33,10.24,10.33,600
NHP,27-Jul-2026,16.05,16.44,15.925,16.15,347500
NHPAP,27-Jul-2026,23.18,23.25,23.1,23.14,6300
NHPBP,27-Jul-2026,22.4,22.4,22.3,22.4,3100
NHTC,27-Jul-2026,1.84,1.93,1.7985,1.9,29200
NICE,27-Jul-2026,90.69,95.72,90.69,95.01,886200
NICM,27-Jul-2026,5.91,5.91,5.91,5.91,900
NIKI,27-Jul-2026,8.68,8.88,7.8,8.69,24397
NIKL,27-Jul-2026,12.7,12.81,12.56,12.6613,22900
NIOBW,27-Jul-2026,1.17,1.17,1.11,1.145,1500
NIOG,27-Jul-2026,10.35,10.5,10.2,10.4623,5900
NIPG,27-Jul-2026,14.99,29.05,14.85,19.49,113527
NIU,27-Jul-2026,2.57,2.7,2.57,2.66,198500
NIVF,27-Jul-2026,1.07,1.1002,1.01,1.05,331500
NIVFW,27-Jul-2026,0.05,0.05,0.05,0.05,1288
NIXT,27-Jul-2026,33.1,33.2599,33.1,33.1767,1200
NIXX,27-Jul-2026,0.8746,0.9123,0.651,0.7003,1614173
NKLR,27-Jul-2026,5.1,5.255,4.8,5.18,148468
NKSH,27-Jul-2026,37.26,39.06,36.63,38.34,28500
NKTR,27-Jul-2026,71,73.98,69.67,71.35,818000
NKTX,27-Jul-2026,2.37,2.43,2.24,2.245,658611
NMAD,27-Jul-2026,4.81,5.15,4.44,4.45,297300
NMFC,27-Jul-2026,6.89,6.925,6.845,6.87,278400
NMFCZ,27-Jul-2026,25.53,25.55,25.52,25.52,6800
NMIH,27-Jul-2026,42.81,43.38,42.522,43.05,453000
NMP,27-Jul-2026,10.31,10.31,10.3,10.3,376100
NMPAR,27-Jul-2026,0.1981,0.1981,0.1981,0.1981,100
NMRA,27-Jul-2026,1.51,1.71,1.5,1.66,811300
NMRK,27-Jul-2026,15.72,16.095,15.5776,15.89,966300
NMTC,27-Jul-2026,1.87,1.945,1.71,1.76,35700
NN,27-Jul-2026,12.59,13.08,12.2,12.68,1853700
NNBR,27-Jul-2026,3.6,3.7,3.48,3.54,960400
NNDM,27-Jul-2026,1.45,1.5,1.45,1.48,1243538
NNE,27-Jul-2026,16,17.499,15.96,16.795,1624900
NNNN,27-Jul-2026,9.9,10.8,8.9,10.18,14300
NNOX,27-Jul-2026,0.9058,0.96,0.8802,0.8811,1007371
NODK,27-Jul-2026,15.93,16.2957,15.685,15.84,20600
NOEM,27-Jul-2026,10.94,10.98,10.77,10.85,2900
NOMA,27-Jul-2026,3.43,3.43,3,3.4,4500
NOVT,27-Jul-2026,143.64,145.24,139.28,140.8,290800
NOVTU,27-Jul-2026,60.71,60.9,60.215,60.86,3100
NOWL,27-Jul-2026,4.21,4.98,4.18,4.76,21610135
NPAC,27-Jul-2026,10.3901,10.4,10.3901,10.4,28500
NPCE,27-Jul-2026,15.08,15.46,15.08,15.3,143300
NPFI,27-Jul-2026,25.88,25.91,25.88,25.89,11300
NPT,27-Jul-2026,2.74,2.75,2.65,2.67,12400
NRC,27-Jul-2026,21.26,22.85,21.12,21.27,57600
NRDS,27-Jul-2026,9.32,9.39,9.04,9.31,455400
NRES,27-Jul-2026,32.4936,32.4936,32.4936,32.4936,100
NRIM,27-Jul-2026,27.23,27.44,26.57,26.74,156700
NRIX,27-Jul-2026,23.65,24.29,23.23,23.43,1282800
NRSN,27-Jul-2026,0.62,0.63,0.58,0.59,86200
NRXP,27-Jul-2026,3.81,3.89,3.57,3.63,959800
NSI,27-Jul-2026,37.08,37.08,36.61,36.9445,1100
NSIT,27-Jul-2026,119.38,123.19,119.08,122.93,477400
NSLR,27-Jul-2026,10.13,10.239,9.88,10.2,185300
NSPR,27-Jul-2026,0.68,0.7163,0.661,0.6895,25952
NSSC,27-Jul-2026,36.08,36.57,35.68,36.4,215300
NSTS,27-Jul-2026,13.8041,13.8099,13.8041,13.8099,400
NSYS,27-Jul-2026,14.21,15.46,14.21,15.03,23100
NTAL,27-Jul-2026,26.35,26.3913,26.35,26.3913,500
NTAP,27-Jul-2026,170.6,171.13,165.18,169.82,735763
NTCL,27-Jul-2026,3.2,3.47,3.02,3.03,23140
NTCT,27-Jul-2026,40.64,40.825,39.24,39.98,477000
NTES,27-Jul-2026,122.68,124.82,121.85,123.77,746100
NTGR,27-Jul-2026,25.07,25.47,24.44,25.36,483800
NTHI,27-Jul-2026,3.43,3.52,3.34,3.44,19600
NTIC,27-Jul-2026,8.01,8.03,8.01,8.03,1100
NTLA,27-Jul-2026,10.98,11.72,10.63,10.68,1793442
NTNX,27-Jul-2026,56.34,57.58,55.61,56.85,2451500
NTRA,27-Jul-2026,263.83,267.27,257,258.03,977800
NTRB,27-Jul-2026,3,3,2.91,2.98,7600
NTRP,27-Jul-2026,1.73,1.84,1.71,1.71,47500
NTRS,27-Jul-2026,182.85,184.485,179.98,182.52,1063800
NTRSO,27-Jul-2026,18.48,18.48,18.33,18.4,38400
NTSK,27-Jul-2026,11.67,12.17,11.445,11.95,2163673
NTWK,27-Jul-2026,4.36,4.44,4.3,4.3,19600
NTWOW,27-Jul-2026,0.2079,0.269,0.2079,0.269,600
NUAI,27-Jul-2026,4.86,5.07,4.6,4.77,5378686
NUAIW,27-Jul-2026,2.16,2.25,2.01,2.0501,19800
NUCL,27-Jul-2026,5.3,5.7,5.3,5.51,206800
NUCLW,27-Jul-2026,0.91,0.95,0.82,0.8713,150200
NUG,27-Jul-2026,10.13,10.5,10.13,10.32,2300
NUGY,27-Jul-2026,13.24,13.27,13.167,13.245,9200
NUIF,27-Jul-2026,26.1,26.1,25.9456,25.9456,2000
NUSB,27-Jul-2026,25.235,25.235,25.235,25.235,100
NUTX,27-Jul-2026,148.13,152.39,146.57,148.7,105900
NUWE,27-Jul-2026,2,2.02,1.85,1.99,78800
NVAX,27-Jul-2026,7.66,7.82,7.49,7.5,2065427
NVCR,27-Jul-2026,17.97,18.15,16.85,17.03,1811800
NVCT,27-Jul-2026,19.37,20,19.01,19.54,146600
NVD,27-Jul-2026,4.64,5.3,4.64,5.25,98414809
NVDA,27-Jul-2026,209,209.75,195.44,196.52,94156978
NVDD,27-Jul-2026,32.46,34.63,32.38,34.45,216484
NVDG,27-Jul-2026,18.32,18.32,15.97,16.16,164363
NVDL,27-Jul-2026,32.11,32.34,28.01,28.34,9966709
NVDS,27-Jul-2026,20.99,23.1799,20.99,23.02,260036
NVDU,27-Jul-2026,127.44,128.11,111.42,112.51,285223
NVEC,27-Jul-2026,119.01,124.37,112.08,117.38,249900
NVMI,27-Jul-2026,445.29,451.39,414.37,428.88,499600
NVNI,27-Jul-2026,1.07,1.17,1.05,1.16,53300
NVNO,27-Jul-2026,9.9,10.67,9.85,10.67,2800
NVPS,27-Jul-2026,22.25,22.585,21.435,21.8519,10500
NVTS,27-Jul-2026,11.29,11.74,10.825,11.42,15244770
NVX,27-Jul-2026,0.406,0.4189,0.394,0.4032,335000
NVYY,27-Jul-2026,12.5,12.51,12.19,12.21,38800
NWBI,27-Jul-2026,15.49,15.54,15.39,15.41,730532
NWE,27-Jul-2026,72.86,73.29,71.99,72.2,314700
NWFL,27-Jul-2026,32.96,33.845,32.64,33.71,50900
NWGL,27-Jul-2026,0.268,0.285,0.231,0.2413,185941
NWL,27-Jul-2026,5.23,5.38,5.17,5.18,5937500
NWPX,27-Jul-2026,129.98,132.47,123.46,128.26,254300
NWS,27-Jul-2026,30.52,31.09,30.52,30.92,1064900
NWSA,27-Jul-2026,27.18,27.61,26.74,27.29,3119600
NWTG,27-Jul-2026,1.13,1.14,1.1,1.14,11900
NXGL,27-Jul-2026,0.46,0.46,0.4273,0.4365,36600
NXGLW,27-Jul-2026,0.021,0.021,0.0123,0.0152,12600
NXL,27-Jul-2026,0.4954,0.4954,0.439,0.4401,147900
NXPI,27-Jul-2026,272.71,276.88,262.17,267.67,4222400
NXPL,27-Jul-2026,6.1,6.1,5.81,5.81,4800
NXST,27-Jul-2026,185.4,188.42,184.95,185.8,203700
NXT,27-Jul-2026,100.15,104.21,98.47,103.73,2578900
NXTC,27-Jul-2026,4.28,5.75,4.28,5.12,1059100
NXTG,27-Jul-2026,146.03,146.605,143.96,145.6952,8000
NXTS,27-Jul-2026,1.8,1.8,1.6,1.67,28425
NXTT,27-Jul-2026,0.72,0.75,0.609,0.6188,352608
NXXT,27-Jul-2026,0.3054,0.3299,0.285,0.3114,1883544
NYAX,27-Jul-2026,70.26,70.28,69.3,69.83,5500
NYXH,27-Jul-2026,1.4,1.425,1.38,1.4,58900
NZAC,27-Jul-2026,45.47,45.6,44.96,45.1659,4300
OABI,27-Jul-2026,2.06,2.13,2.02,2.03,285800
OACC,27-Jul-2026,10.72,10.72,10.71,10.71,9700
OBAI,27-Jul-2026,0.47,0.48,0.44,0.47,469500
OBIL,27-Jul-2026,50.07,50.09,50.07,50.085,21100
OBIO,27-Jul-2026,3.8,3.88,3.75,3.82,180700
OBT,27-Jul-2026,37.95,38.46,37.42,37.68,42600
OBTC,27-Jul-2026,20.8,21.01,20.8,20.81,2700
OCC,27-Jul-2026,14.61,15.34,13.83,14.78,163500
OCCI,27-Jul-2026,2.34,2.365,2.27,2.29,152400
OCCIM,27-Jul-2026,25.1,25.1,24.96,24.98,1900
OCCIN,27-Jul-2026,24.7828,24.7828,24.7828,24.7828,600
OCFC,27-Jul-2026,19.62,19.935,19.58,19.6,660000
OCG,27-Jul-2026,1.67,1.89,1.601,1.71,149555
OCGN,27-Jul-2026,1.24,1.315,1.21,1.27,3941651
OCS,27-Jul-2026,11.2,11.59,10.88,11.02,379500
OCSAW,27-Jul-2026,3.92,4.05,3.82,3.82,5700
OCSL,27-Jul-2026,11.78,11.95,11.73,11.78,396300
OCTV,27-Jul-2026,16.72,17,16.64,16.99,779500
OCUL,27-Jul-2026,8.64,8.86,8.475,8.64,1539800
ODD,27-Jul-2026,15.7,16.53,15.63,16.43,438300
ODDS,27-Jul-2026,24.78,24.9122,24.78,24.9122,200
ODFL,27-Jul-2026,232.14,233.92,224.49,226.77,1590500
ODTE,27-Jul-2026,26.09,26.09,25.7131,25.8699,2800
ODTX,27-Jul-2026,18.98,19.61,18.3,19.03,159400
ODYS,27-Jul-2026,4.56,4.585,4.37,4.37,4900
OESX,27-Jul-2026,10,10.61,10,10.32,23200
OFAL,27-Jul-2026,0.1074,0.1357,0.0767,0.1011,1134493
OFIX,27-Jul-2026,11.58,12,11.32,11.9,284600
OFLX,27-Jul-2026,29.92,30.72,29.63,30.19,84500
OFS,27-Jul-2026,3.35,3.45,3.31,3.43,31500
OFSSH,27-Jul-2026,23.6738,23.6738,23.66,23.66,200
OFSSO,27-Jul-2026,25.43,25.58,25.305,25.55,1200
OGGWZ,27-Jul-2026,0.1001,0.1002,0.0507,0.0507,13400
OGI,27-Jul-2026,0.9104,0.9699,0.9104,0.94,118675
OIM,27-Jul-2026,10.11,10.11,10.11,10.11,1900
OIO,27-Jul-2026,1.96,2.05,1.95,1.98,102500
OKLL,27-Jul-2026,2.87,3.0599,2.72,2.945,11709919
OKTA,27-Jul-2026,140,142.1,137.01,137.42,942215
OKTG,27-Jul-2026,29.5,29.69,28.01,28.0354,4600
OKUR,27-Jul-2026,4.19,4.38,4.01,4.05,82600
OKYO,27-Jul-2026,1.55,1.65,1.485,1.64,131500
OLB,27-Jul-2026,0.3311,0.3311,0.31,0.3103,166387
OLED,27-Jul-2026,79.56,81.77,79.21,81.55,517400
OLLI,27-Jul-2026,66.41,68.76,66.41,66.77,1222300
OLMA,27-Jul-2026,11.92,12.53,11.84,12.01,1128900
OLOX,27-Jul-2026,5.2917,5.2917,4.89,5.03,7400
OM,27-Jul-2026,4.14,4.43,4.12,4.32,70100
OMAB,27-Jul-2026,105.25,105.61,103.67,104.8,51000
OMCL,27-Jul-2026,41.75,42.35,40.86,41.49,838400
OMDA,27-Jul-2026,20.94,21.48,20.22,20.58,1967800
OMER,27-Jul-2026,11.25,11.65,10.5,11.34,3360600
OMEX,27-Jul-2026,0.69,0.7235,0.6876,0.7082,160200
OMH,27-Jul-2026,0.6357,0.9788,0.1382,0.1402,69901944
OMSE,27-Jul-2026,4.22,4.24,4.16,4.18,11500
ON,27-Jul-2026,89.7683,89.77,84.58,89.08,4007230
ONB,27-Jul-2026,26.57,26.82,26.36,26.41,4363200
ONBPO,27-Jul-2026,24.9201,25.08,24.9201,25.08,2000
ONBPP,27-Jul-2026,25.034,25.09,25.03,25.0899,5400
ONC,27-Jul-2026,327.75,330.2,323.82,325.9,302400
ONCH,27-Jul-2026,10.3,10.3,10.27,10.28,136800
ONCHU,27-Jul-2026,10.42,10.43,10.41,10.43,7300
ONCO,27-Jul-2026,0.84,0.88,0.81,0.8139,92400
ONCY,27-Jul-2026,0.815,0.8293,0.796,0.8022,900158
ONDG,27-Jul-2026,2.96,3.075,2.675,2.96,2961153
ONDS,27-Jul-2026,7.99,8.195,7.62,8.04,62160440
ONEG,27-Jul-2026,1.01,1.05,1.01,1.03,46000
ONEQ,27-Jul-2026,99.26,99.48,97.58,98.19,227200
ONEW,27-Jul-2026,12.98,13.62,12.98,13.14,63600
ONFO,27-Jul-2026,0.0989,0.107,0.0919,0.1,1491589
ONFOW,27-Jul-2026,0.0114,0.0114,0.0114,0.0114,3300
ONMD,27-Jul-2026,0.615,0.65,0.585,0.609,94431
ONMDW,27-Jul-2026,0.0311,0.0311,0.028,0.0281,2300
OPAL,27-Jul-2026,2.23,2.25,2.17,2.25,188100
OPBK,27-Jul-2026,15.64,15.77,14.89,15.55,50500
OPCH,27-Jul-2026,21.95,22.08,21.66,21.81,2216100
OPEG,27-Jul-2026,2.79,3.06,2.75,2.8163,47700
OPEN,27-Jul-2026,3.97,4.03,3.77,3.84,30377141
OPENL,27-Jul-2026,0.2,0.225,0.177,0.18,166400
OPENW,27-Jul-2026,0.33,0.3658,0.32,0.3201,111938
OPENZ,27-Jul-2026,0.185,0.185,0.1605,0.1672,176700
OPK,27-Jul-2026,1.22,1.25,1.21,1.25,1903858
OPPJ,27-Jul-2026,57.49,57.55,56.62,57.03,39800
OPRA,27-Jul-2026,18.81,19.1,18.54,18.87,436000
OPRT,27-Jul-2026,5.63,5.81,5.62,5.71,332800
OPRX,27-Jul-2026,6.34,6.45,6.31,6.38,106800
OPTH,27-Jul-2026,4.85,4.95,4.68,4.92,13000
OPTX,27-Jul-2026,7.05,7.27,6.4,7.14,734800
OPTXW,27-Jul-2026,1.15,1.15,1,1.15,26600
OPTZ,27-Jul-2026,44.49,44.8655,44.28,44.8655,7300
OPXS,27-Jul-2026,11.09,11.47,10.97,11.47,33200
ORBS,27-Jul-2026,0.6322,0.6412,0.608,0.626,14351361
ORBX,27-Jul-2026,40.39,41.21,40.025,40.8459,16600
ORCS,27-Jul-2026,37.4,37.76,36.16,36.8452,69200
ORCU,27-Jul-2026,5.16,5.57,5.13,5.395,5189304
ORCX,27-Jul-2026,14.52,15.565,14.33,15.07,2596498
ORGO,27-Jul-2026,2.41,2.595,2.41,2.55,410900
ORIC,27-Jul-2026,12.11,12.57,11.92,12.02,1707600
ORIO,27-Jul-2026,0.63,0.6901,0.61,0.6512,23516
ORKA,27-Jul-2026,92.16,93.5,89.37,90.29,345562
ORKT,27-Jul-2026,1.01,1.07,0.9801,1.05,9200
ORLG,27-Jul-2026,11.38,12.33,11.38,12.1316,6100
ORLY,27-Jul-2026,88.25,91.5,88.07,90.59,13378500
ORMP,27-Jul-2026,4.06,4.165,4.06,4.16,73100
ORR,27-Jul-2026,36.91,37.45,36.87,37.26,113300
ORRF,27-Jul-2026,42.68,42.99,40.75,42.56,110300
OSBC,27-Jul-2026,24.39,24.83,24.23,24.72,651000
OSCG,27-Jul-2026,26.61,26.61,25.3279,25.3279,1700
OSCX,27-Jul-2026,97.115,97.42,94.55,96.7851,3000
OSIS,27-Jul-2026,217.95,220.34,213.075,217.3,134600
OSPN,27-Jul-2026,15.41,15.6,15.13,15.15,523200
OSPRU,27-Jul-2026,10.055,10.07,10.055,10.06,38600
OSRH,27-Jul-2026,0.413,0.4462,0.41,0.43,273384
OSS,27-Jul-2026,12.78,13.19,12.22,12.615,503334
OSUR,27-Jul-2026,4.02,4.12,3.93,3.96,278800
OSW,27-Jul-2026,26.68,27.325,26.47,27.21,623000
OTEX,27-Jul-2026,22.91,23.9,22.71,23.62,1607900
OTGA,27-Jul-2026,10.17,10.17,10.17,10.17,50000
OTGL,27-Jul-2026,10.695,10.695,10.695,10.695,100
OTLK,27-Jul-2026,1.59,1.61,1.04,1.065,38954038
OTLY,27-Jul-2026,13.47,14.49,13.39,14.3,349800
OTTR,27-Jul-2026,92.43,92.44,91.19,92.07,146500
OUST,27-Jul-2026,35.35,36.0862,32.88,35.135,1823672
OVBC,27-Jul-2026,42.88,43.795,42.41,42.8,20500
OVID,27-Jul-2026,2.33,2.485,2.29,2.35,663826
OVLY,27-Jul-2026,32.72,33.36,32.5,33.15,44700
OWLS,27-Jul-2026,5.48,5.49,5.35,5.37,26200
OXBR,27-Jul-2026,1.6,1.61,1.57,1.57,15000
OXLC,27-Jul-2026,8.78,10,8.37,8.45,815154
OXLCG,27-Jul-2026,25.09,25.12,25.06,25.06,1000
OXLCI,27-Jul-2026,25.56,25.59,25.48,25.59,2500
OXLCL,27-Jul-2026,24.568,24.568,24.568,24.568,200
OXLCM,27-Jul-2026,24.97,25.06,24.85,24.85,7400
OXLCN,27-Jul-2026,24.55,24.7,24.55,24.7,3800
OXLCO,27-Jul-2026,24.01,24.01,23.95,23.95,1500
OXLCZ,27-Jul-2026,24.79,24.83,24.79,24.83,2900
OXSQ,27-Jul-2026,1.46,1.49,1.38,1.415,1308063
OXSQH,27-Jul-2026,25.02,25.04,25,25.0001,1700
OZEM,27-Jul-2026,32.56,32.62,32.3964,32.5479,10300
OZK,27-Jul-2026,51.07,51.13,50.38,50.38,1113400
OZKAP,27-Jul-2026,16.38,16.4,16.32,16.39,16300
PAA,27-Jul-2026,24.35,24.55,24.25,24.29,2342400
PAAC,27-Jul-2026,9.96,9.96,9.95,9.95,500
PABD,27-Jul-2026,68.7631,68.7631,68.7631,68.7631,200
PABU,27-Jul-2026,74.15,74.2734,74.15,74.2734,100
PACB,27-Jul-2026,1.37,1.41,1.34,1.365,6214708
PACH,27-Jul-2026,10.27,10.27,10.27,10.27,500
PACHU,27-Jul-2026,10.39,10.4,10.39,10.4,1000
PACHW,27-Jul-2026,0.2365,0.24,0.2201,0.24,16600
PAGP,27-Jul-2026,26,26.3,25.94,26.09,1379400
PAHC,27-Jul-2026,34.66,35.37,34.54,35.24,144100
PAL,27-Jul-2026,7,7.14,6.74,7.01,178400
PALD,27-Jul-2026,11.97,12.475,11.935,12.475,34540
PALI,27-Jul-2026,1.9603,2.045,1.955,2.035,1250208
PALU,27-Jul-2026,47.16,47.6,43.42,43.66,80800
PAMT,27-Jul-2026,16.41,17.175,16.41,17.01,15500
PANG,27-Jul-2026,29.17,29.31,26.77,26.8,13600
PANL,27-Jul-2026,7.67,7.69,7.38,7.46,364000
PANW,27-Jul-2026,331.51,331.81,316.7,317.32,5224500
PARK,27-Jul-2026,18.61,19.9,18.61,19.73,7400
PASG,27-Jul-2026,4.85,4.95,4.55,4.62,29700
PASW,27-Jul-2026,0.1281,0.1281,0.11,0.1184,261100
PATK,27-Jul-2026,84.74,86.03,84.19,84.69,504800
PATN,27-Jul-2026,34.48,34.48,33.785,34.03,54100
PAVM,27-Jul-2026,4.89,5.25,4.89,5.2,9300
PAVS,27-Jul-2026,4.65,5.73,4.3801,4.66,312152
PAX,27-Jul-2026,10.94,11.115,10.91,11.06,807600
PAYO,27-Jul-2026,7.12,7.13,7.12,7.12,2643000
PAYP,27-Jul-2026,15.76,16.16,15.67,16.02,925200
PAYS,27-Jul-2026,8.85,9.24,8.83,8.89,500700
PAYX,27-Jul-2026,115,116.9,114.5,115.48,3451700
PBEU,27-Jul-2026,34.43,34.539,34.2916,34.492,29400
PBFS,27-Jul-2026,17.9317,17.94,17.685,17.94,5400
PBHC,27-Jul-2026,16.15,16.15,16,16,1000
PBK,27-Jul-2026,0.5201,0.525,0.47,0.4848,493182
PBLS,27-Jul-2026,31.33,31.97,30.23,31.82,222200
PBM,27-Jul-2026,2.99,3.04,2.85,3.04,32800
PBMWW,27-Jul-2026,0.0319,0.0348,0.0318,0.0347,12100
PBOG,27-Jul-2026,32.8,33.16,32.7,32.71,29400
PBPH,27-Jul-2026,27.56,27.75,27.37,27.5175,76300
PBQQ,27-Jul-2026,31.04,31.04,30.66,30.81,17900
PBRG,27-Jul-2026,34.59,34.8,33.7368,33.7368,600
PBSC,27-Jul-2026,25.19,25.19,25.19,25.19,100
PBYI,27-Jul-2026,8.04,8.18,7.99,7.99,143800
PCAP,27-Jul-2026,10.31,10.32,10.31,10.32,107500
PCAPU,27-Jul-2026,10.41,10.41,10.41,10.41,300
PCAR,27-Jul-2026,132.82,134.27,131.42,133.44,3687400
PCB,27-Jul-2026,28.35,28.35,27.52,27.99,60500
PCLA,27-Jul-2026,5.65,5.65,4.99,5,34300
PCMM,27-Jul-2026,49.7,49.8999,49.43,49.82,18600
PCPI,27-Jul-2026,50.15,50.15,50.09,50.12,4200
PCRX,27-Jul-2026,26.13,26.88,25.77,26.47,553300
PCSA,27-Jul-2026,2.69,2.74,2.53,2.59,61300
PCT,27-Jul-2026,5.85,6.06,5.75,5.98,3152800
PCTTW,27-Jul-2026,1.67,1.8,1.52,1.52,3700
PCTY,27-Jul-2026,127.85,133.74,127.35,130.16,673600
PCVX,27-Jul-2026,54.77,56.36,54.12,55.5,1009700
PCYO,27-Jul-2026,10.66,10.79,10.6,10.78,32500
PDBA,27-Jul-2026,37.22,37.22,36.87,36.93,94100
PDBC,27-Jul-2026,17.51,17.53,17.3,17.34,5024600
PDC,27-Jul-2026,3.74,4.14,3.64,3.73,62700
PDD,27-Jul-2026,83.5,85.75,83.23,84.85,3742149
PDDL,27-Jul-2026,12.98,13.57,12.94,13.3935,38800
PDEX,27-Jul-2026,55.12,59,54.8,57.26,86600
PDFS,27-Jul-2026,51.84,51.9,46.2,47.72,718300
PDLB,27-Jul-2026,19.86,20.43,19.8,20.03,55500
PDP,27-Jul-2026,138.65,138.65,132.91,135.27,27900
PDSB,27-Jul-2026,0.6875,0.715,0.65,0.6927,363000
PDYN,27-Jul-2026,5.05,5.2093,4.94,5.17,597400
PDYNW,27-Jul-2026,0.012,0.0138,0.0102,0.012,3600
PEBK,27-Jul-2026,43.01,43.75,42.58,42.95,54700
PEBO,27-Jul-2026,40.54,40.845,40.43,40.66,349000
PECEU,27-Jul-2026,10.35,10.35,10.35,10.35,1100
PECO,27-Jul-2026,43.32,43.88,43.28,43.33,1060300
PEGA,27-Jul-2026,27.5,29.64,27.49,28.6,4554600
PENG,27-Jul-2026,56.01,56.5,50.17,52.5,1339229
PENN,27-Jul-2026,20.77,21.27,20.21,21.2,1193036
PEP,27-Jul-2026,136.64,140.305,136.45,139.78,3618526
PEPG,27-Jul-2026,1.95,2,1.88,1.9,528500
PEPS,27-Jul-2026,32.3,32.3,31.82,31.905,400
PERI,27-Jul-2026,9.4,9.56,9.35,9.43,306700
PESI,27-Jul-2026,16.24,16.485,15.255,15.68,415900
PETS,27-Jul-2026,1.98,2.0115,1.95,1.97,74600
PETZ,27-Jul-2026,1.24,1.25,1.13,1.14,13000
PEY,27-Jul-2026,24.25,24.55,24.25,24.48,313300
PEZ,27-Jul-2026,99.93,100.8801,99.93,100.8801,1000
PFAI,27-Jul-2026,3.4499,3.4499,3.01,3.35,1000
PFBC,27-Jul-2026,103.63,104.53,102.93,104.09,77600
PFDE,27-Jul-2026,27.7,27.79,27.24,27.405,24400
PFF,27-Jul-2026,30.26,30.34,30.21,30.28,1996900
PFG,27-Jul-2026,110.11,111.45,109.88,111.29,2445800
PFI,27-Jul-2026,62.45,62.61,62.175,62.5942,1500
PFIS,27-Jul-2026,69.82,70.335,69.31,70.25,33300
PFM,27-Jul-2026,56.32,56.543,56.32,56.4855,8200
PFOE,27-Jul-2026,22.48,22.67,22.48,22.6016,14800
PFSA,27-Jul-2026,1.62,3.67,0.9404,1.22,5178221
PFX,27-Jul-2026,43.5,43.92,43.11,43.5,900
PFXNZ,27-Jul-2026,23.8,23.935,23.8,23.935,200
PGC,27-Jul-2026,46.47,47.33,46.35,47.04,232300
PGEN,27-Jul-2026,5.41,5.69,5.39,5.42,5534300
PGJ,27-Jul-2026,23.88,24.15,23.83,24.15,10300
PGNY,27-Jul-2026,31.44,31.84,31.25,31.59,994700
PGY,27-Jul-2026,16.25,17.43,16.15,16.95,1255869
PGYWW,27-Jul-2026,0.0294,0.03,0.0273,0.029,48300
PHAR,27-Jul-2026,12.85,13.02,12.85,13.013,5700
PHAT,27-Jul-2026,11.6,12.12,11.49,11.95,664700
PHIO,27-Jul-2026,1.055,1.0699,1.03,1.05,85900
PHO,27-Jul-2026,68.84,69.4,68.84,69.22,61500
PHOE,27-Jul-2026,21.63,21.63,19.91,20.01,17300
PHUN,27-Jul-2026,2.11,2.17,2.05,2.11,176093
PHVS,27-Jul-2026,34.17,34.85,33.84,33.97,213200
PI,27-Jul-2026,130.69,133.79,126.38,130.29,415800
PICS,27-Jul-2026,12.07,12.83,12.07,12.72,332200
PID,27-Jul-2026,22.95,23.12,22.95,23.07,43100
PIE,27-Jul-2026,30.98,30.98,30.355,30.6654,88500
PIII,27-Jul-2026,9.62,10.9138,9.62,10.48,34600
PIIIW,27-Jul-2026,0.0102,0.013,0.009,0.0129,24900
PIO,27-Jul-2026,44.45,44.5999,44.23,44.3823,4200
PIZ,27-Jul-2026,52.37,52.37,51.36,51.86,52700
PKBK,27-Jul-2026,33.46,33.87,33.0101,33.44,39700
PKOH,27-Jul-2026,38.81,39.5,38.06,39.1,63600
PKW,27-Jul-2026,145.65,146.36,145.65,146.26,36400
PLA,27-Jul-2026,24.43,24.62,24.43,24.5348,5800
PLAB,27-Jul-2026,30.46,30.59,28.93,29.78,824100
PLAY,27-Jul-2026,10.18,10.44,10.04,10.43,781300
PLBC,27-Jul-2026,61.54,62.25,61.01,61.45,51800
PLBL,27-Jul-2026,7.62,7.62,7.175,7.19,89000
PLBY,27-Jul-2026,1.24,1.28,1.23,1.24,634100
PLCE,27-Jul-2026,2.45,2.47,2.33,2.375,134100
PLCIU,27-Jul-2026,9.98,9.98,9.96,9.96,198300
PLMK,27-Jul-2026,10.61,10.61,10.61,10.61,1000
PLMR,27-Jul-2026,138.82,140.96,137.44,140.8,228000
PLPC,27-Jul-2026,315.15,322.2,300,311.81,107600
PLRX,27-Jul-2026,1.08,1.11,1.07,1.08,208300
PLRZ,27-Jul-2026,16.47,16.47,13.11,14.04,120500
PLSE,27-Jul-2026,30.29,33.49,30.09,32.79,432400
PLSM,27-Jul-2026,3.53,3.54,3.2,3.31,75300
PLTD,27-Jul-2026,8.24,8.26,7.69,7.76,44343709
PLTG,27-Jul-2026,10.05,11.24,10.001,11.1,190221
PLTK,27-Jul-2026,3.69,3.91,3.69,3.88,652900
PLTR,27-Jul-2026,123.81,132.41,123.81,131.545,23471870
PLTU,27-Jul-2026,27.93,31.55,27.84,31.1896,1218290
PLTZ,27-Jul-2026,30.36,30.36,26.27,26.695,364606
PLUG,27-Jul-2026,2.13,2.16,2.03,2.07,50013085
PLUL,27-Jul-2026,7.79,8.08,7.41,7.56,26300
PLUR,27-Jul-2026,1.79,1.79,1.6,1.64,28400
PLUS,27-Jul-2026,90.11,92,88.68,89.1,256300
PLUT,27-Jul-2026,2.8,2.9821,2.8,2.9821,600
PLXS,27-Jul-2026,254.55,257.62,242.1,253.38,279800
PLYX,27-Jul-2026,2.11,2.13,1.91,1.96,170500
PLYY,27-Jul-2026,8.39,8.445,8.39,8.445,1700
PMA,27-Jul-2026,1.27,1.29,1.25,1.25,18000
PMAX,27-Jul-2026,1.61,1.63,1.57,1.57,43000
PMBS,27-Jul-2026,48.66,48.73,48.64,48.72,52100
PMCB,27-Jul-2026,0.6011,0.6267,0.571,0.585,140700
PMEC,27-Jul-2026,0.486,0.486,0.445,0.48,20500
PMN,27-Jul-2026,12.59,12.59,11.25,11.96,58841
PMTR,27-Jul-2026,10.4,10.42,10.39,10.39,28800
PMTS,27-Jul-2026,19.77,20.5399,19.77,20.46,28200
PMVP,27-Jul-2026,1.24,1.2809,1.165,1.18,225900
PN,27-Jul-2026,9.3,11,8.69,10.14,232800
PNBK,27-Jul-2026,1.13,1.13,1.06,1.11,175700
PNQI,27-Jul-2026,47.07,47.89,47.07,47.6576,110400
PNRG,27-Jul-2026,185.48,185.48,179.94,181.97,91500
PNTG,27-Jul-2026,41.5,41.88,41.06,41.34,156800
POCI,27-Jul-2026,4.27,4.42,4.26,4.26,12200
PODC,27-Jul-2026,3.92,3.97,3.77,3.84,37700
PODD,27-Jul-2026,165.62,168.77,164,165,1115200
POET,27-Jul-2026,7.16,7.23,6.75,7.1,8356324
POLA,27-Jul-2026,1.47,1.485,1.44,1.48,9272
POLE,27-Jul-2026,10.8,10.8,10.8,10.8,3000
POM,27-Jul-2026,0.7502,0.8052,0.7068,0.7211,43000
PONY,27-Jul-2026,7.25,7.55,7.17,7.385,2318664
POOL,27-Jul-2026,185.57,189.12,182.72,184.61,957600
POWI,27-Jul-2026,63.58,65.145,60.38,63.41,937900
POWL,27-Jul-2026,232.56,235.99,213.4,219.23,627700
POWW,27-Jul-2026,2.09,2.205,2.0716,2.15,702100
POWWP,27-Jul-2026,24.25,24.25,24.24,24.25,1500
PPBT,27-Jul-2026,1.38,1.44,1.38,1.44,11500
PPC,27-Jul-2026,28.97,29.52,28.72,29.19,1337600
PPCB,27-Jul-2026,1.33,1.36,1.2,1.32,50300
PPH,27-Jul-2026,111.35,112.19,110.57,111.31,201200
PPHC,27-Jul-2026,8.99,9.5,8.6,9.42,94500
PPI,27-Jul-2026,21.47,21.47,21.12,21.205,35200
PPIH,27-Jul-2026,25.59,26.3,25.1,25.44,67900
PPLI,27-Jul-2026,42,42.49,41.68,42.34,900400
PPSI,27-Jul-2026,2.97,3.065,2.92,2.985,71300
PPTA,27-Jul-2026,18.39,18.39,17.57,18.24,716700
PQAP,27-Jul-2026,31.63,31.63,31.61,31.61,1700
PQJA,27-Jul-2026,31.155,31.21,31.15,31.185,3000
PQJL,27-Jul-2026,29.79,29.92,29.72,29.8553,13800
PQOC,27-Jul-2026,30.81,30.88,30.81,30.83,2400
PRAA,27-Jul-2026,17.15,18.16,17.15,17.91,255200
PRAX,27-Jul-2026,325.3,330.0033,315.7,315.8,296000
PRCH,27-Jul-2026,12.03,12.77,12.01,12.71,1793400
PRCT,27-Jul-2026,16.97,18.14,16.86,17.69,1344400
PRDO,27-Jul-2026,30.59,31.9,30.51,31.72,627700
PRE,27-Jul-2026,18.91,20.6916,18.5,18.93,128100
PRFX,27-Jul-2026,1.16,1.2,1.08,1.09,322364
PRFZ,27-Jul-2026,53.92,54.16,53.528,53.8264,55400
PRGS,27-Jul-2026,38.8,40.16,38.37,38.66,673400
PRHI,27-Jul-2026,5.42,5.42,5.42,5.42,2600
PRHIZ,27-Jul-2026,18,20.2,18,20.17,3500
PRLD,27-Jul-2026,3.86,4.05,3.86,3.89,179500
PRME,27-Jul-2026,2.97,3.18,2.97,3.01,2614500
PRMR,27-Jul-2026,27.54,27.54,27.4,27.4974,7400
PRN,27-Jul-2026,226.19,227.21,215.56,221.48,54300
PROF,27-Jul-2026,7.14,7.78,7.07,7.33,594400
PROK,27-Jul-2026,1.53,1.61,1.52,1.54,1244400
PROP,27-Jul-2026,0.78,0.79,0.72,0.74,1447100
PROV,27-Jul-2026,17.37,17.4,17.26,17.26,6700
PRPL,27-Jul-2026,7.69,8.5,7.33,8.22,17800
PRPO,27-Jul-2026,23.76,24.1,22.55,22.92,187100
PRQR,27-Jul-2026,1.78,1.78,1.71,1.73,683100
PRSO,27-Jul-2026,0.7,0.7,0.6533,0.693,296500
PRTA,27-Jul-2026,8.88,9.13,8.66,8.7,704700
PRTH,27-Jul-2026,6.37,6.55,6.2506,6.53,216900
PRTS,27-Jul-2026,5.28,5.335,4.9,4.9,19900
PRVA,27-Jul-2026,25.61,25.79,24.66,24.67,810800
PRZO,27-Jul-2026,0.52,0.52,0.49,0.5,416500
PSC,27-Jul-2026,67.78,68.39,67.6075,67.99,108900
PSCC,27-Jul-2026,36.56,37.1099,36.53,37.0554,11600
PSCD,27-Jul-2026,118.9081,118.9081,118.9081,118.9081,100
PSCE,27-Jul-2026,56.36,57.09,55.88,56.0159,24800
PSCF,27-Jul-2026,67.39,67.39,67.0023,67.0023,1300
PSCH,27-Jul-2026,53.36,53.76,52.91,52.91,17100
PSCI,27-Jul-2026,180.24,180.24,177.24,179.1295,5500
PSCM,27-Jul-2026,96.78,97.7529,96.78,97.7529,200
PSCT,27-Jul-2026,79.66,79.8,77.2,78.8096,29800
PSCU,27-Jul-2026,64.31,64.31,64.2226,64.2226,400
PSEC,27-Jul-2026,2.15,2.29,2.14,2.23,6338100
PSET,27-Jul-2026,76.795,76.8963,76.795,76.8963,700
PSHG,27-Jul-2026,1.77,1.83,1.77,1.79,29700
PSIG,27-Jul-2026,1.22,1.26,1.21,1.21,60700
PSIX,27-Jul-2026,30.63,30.99,29.29,30.06,321400
PSKY,27-Jul-2026,8.24,8.24,7.86,8.03,15696401
PSL,27-Jul-2026,113.14,114.27,113.14,114.1322,900
PSMT,27-Jul-2026,188.63,190.1,186.86,188.37,123100
PSNL,27-Jul-2026,11.95,12.14,11.57,11.98,4618000
PSNY,27-Jul-2026,13.82,14.56,13.74,14.05,133200
PSNYW,27-Jul-2026,2.55,2.68,2.5,2.59,29600
PSTR,27-Jul-2026,30.84,30.84,30.759,30.759,400
PSWD,27-Jul-2026,41.24,41.24,41.0223,41.0223,1000
PTAC,27-Jul-2026,9.92,9.92,9.92,9.92,2400
PTACW,27-Jul-2026,0.1952,0.1952,0.1952,0.1952,100
PTC,27-Jul-2026,120.77,125.84,120.33,125.21,1023100
PTCT,27-Jul-2026,77.62,79.33,75.72,75.8,1852600
PTEN,27-Jul-2026,9.56,10.07,9.36,9.41,7256930
PTF,27-Jul-2026,103.6,103.77,95.09,99.01,164400
PTGX,27-Jul-2026,136.11,139.92,135.43,135.56,416700
PTH,27-Jul-2026,59.09,59.44,58.16,58.3218,73500
PTIR,27-Jul-2026,10.4,11.765,10.34,11.62,3130903
PTLE,27-Jul-2026,10.25,10.25,9.89,10.15,1700
PTLO,27-Jul-2026,4.35,4.7,4.35,4.67,1966800
PTN,27-Jul-2026,7.72,8.3087,7.72,7.81,13300
PTNQ,27-Jul-2026,83.47,83.47,81.615,82.2447,51900
PTON,27-Jul-2026,6.14,6.295,6.04,6.255,3886915
PTOR,27-Jul-2026,9.98,10,9.97,9.97,16500
PTRN,27-Jul-2026,22.4,23.67,21.785,23.285,943299
PUBM,27-Jul-2026,12.76,13.02,12.69,12.79,311400
PUI,27-Jul-2026,47.27,47.27,46.5262,46.5952,2900
PUL,27-Jul-2026,22.0849,22.0849,22.0849,22.0849,200
PULM,27-Jul-2026,1.635,1.76,1.635,1.73,9100
PUR,27-Jul-2026,11.52,11.55,10.98,11.3901,14200
PURR,27-Jul-2026,6.37,6.5466,6.11,6.34,6672027
PUSA,27-Jul-2026,3.2,3.34,3.2,3.28,161432
PVLA,27-Jul-2026,139.3,146.15,139.3,141.77,173500
PWCM,27-Jul-2026,2.4095,2.4095,1.9401,1.9588,83660
PWP,27-Jul-2026,15.88,16.59,15.67,16.17,1017000
PWRD,27-Jul-2026,111.82,112.27,107.75,109.38,120900
PWRL,27-Jul-2026,12.49,12.7,12.18,12.44,113300
PXI,27-Jul-2026,58.01,58.985,57.8119,57.8119,3000
PXLW,27-Jul-2026,6.16,6.16,5.95,5.95,17300
PXS,27-Jul-2026,4.4,4.5,4.4,4.47,40700
PY,27-Jul-2026,56.3,56.44,56.3,56.4239,9600
PYPD,27-Jul-2026,3.95,4.11,3.9,3.98,91100
PYPG,27-Jul-2026,8.39,8.48,8.18,8.3,302143
PYPL,27-Jul-2026,56.2,56.585,55.48,55.985,9366747
PYXS,27-Jul-2026,2.63,2.99,2.62,2.91,866635
PYZ,27-Jul-2026,122.45,122.45,120.43,120.7888,1400
PZZA,27-Jul-2026,30.57,31.32,30.26,30.29,809400
QABA,27-Jul-2026,68.71,68.75,68.29,68.3893,23900
QALT,27-Jul-2026,26.55,26.55,26.4501,26.5104,39000
QAT,27-Jul-2026,17.6,17.6284,17.595,17.6284,53400
QB,27-Jul-2026,48.02,48.02,47.3,47.42,4800
QBIG,27-Jul-2026,38.75,38.89,38.28,38.3449,10500
QBTS,27-Jul-2026,17.86,19.54,17.75,19.51,48435200
QBTZ,27-Jul-2026,6.5,6.5,4.17,4.17,7860318
QBUF,27-Jul-2026,30.21,30.21,29.8552,29.96,23400
QBY,27-Jul-2026,6.943,6.95,6.91,6.9337,23507
QCLN,27-Jul-2026,49.87,50.32,48.28,49.71,334900
QCLR,27-Jul-2026,27.5393,27.5393,27.5393,27.5393,100
QCLS,27-Jul-2026,3.34,3.44,3.2132,3.22,141700
QCMD,27-Jul-2026,17.97,18.12,17.75,17.81,10200
QCML,27-Jul-2026,16.18,16.63,15.55,16.4,358600
QCMU,27-Jul-2026,20.83,20.83,19.29,20.39,74914
QCOM,27-Jul-2026,170.0331,171.25,165.29,170.18,5879944
QCRH,27-Jul-2026,101.64,101.825,99.975,100.16,176000
QDEL,27-Jul-2026,16.1,17.5,16.1,16.84,588672
QDTY,27-Jul-2026,39.18,39.23,38.58,38.87,17900
QETAR,27-Jul-2026,0.65,0.65,0.65,0.65,100
QEW,27-Jul-2026,28.69,28.87,28.69,28.8341,27000
QFF,27-Jul-2026,24.29,24.33,24.16,24.2492,41900
QFIN,27-Jul-2026,13.25,13.62,13.06,13.56,922900
QGRD,27-Jul-2026,28.73,28.73,28.53,28.6267,2900
QH,27-Jul-2026,5.11,5.37,4.7,4.9,7819
QLDY,27-Jul-2026,41.76,41.76,40.57,40.86,30100
QLYS,27-Jul-2026,138.86,140.6,134.64,134.79,786000
QMCO,27-Jul-2026,11.36,11.52,10.59,10.97,1063900
QMID,27-Jul-2026,29.6937,29.6937,29.6937,29.6937,100
QMLS,27-Jul-2026,7.16,7.6,6.46,6.4601,185373
QMOM,27-Jul-2026,74.89,75.78,73.6799,74.3659,15600
QNCX,27-Jul-2026,17.72,18.49,17.6,17.85,18000
QNDX,27-Jul-2026,23.45,23.45,22.9,23.1,376500
QNME,27-Jul-2026,0.327,0.3765,0.318,0.3201,131500
QNRX,27-Jul-2026,4.2,4.3192,4.18,4.29,8300
QNST,27-Jul-2026,15.15,15.74,15.11,15.54,1005700
QNT,27-Jul-2026,53.71,56.79,51.105,52.82,1021944
QNTM,27-Jul-2026,3.13,3.15,2.84,2.975,25590
QNXT,27-Jul-2026,30.23,30.41,30.23,30.39,18900
QOWZ,27-Jul-2026,34.655,34.6694,34.5881,34.5881,700
QPUX,27-Jul-2026,13.74,16.46,13.74,15.8401,218950
QQA,27-Jul-2026,54.86,54.86,53.595,54.04,110500
QQDN,27-Jul-2026,23.38,24.34,23.38,24.2353,1500
QQEW,27-Jul-2026,152.67,153.6256,151.7051,152.46,18000
QQHG,27-Jul-2026,64.47,64.47,64.05,64.2381,1000
QQLV,27-Jul-2026,25.56,25.5975,25.54,25.5975,2200
QQMG,27-Jul-2026,48.27,48.27,47.1148,47.4362,16600
QQQ,27-Jul-2026,692.23,695.89,675.945,682.06,30831727
QQQA,27-Jul-2026,70.99,71.14,68.87,69.72,27200
QQQE,27-Jul-2026,116.7,116.95,115.69,116.3,274400
QQQG,27-Jul-2026,30.21,30.21,29.35,29.6319,10800
QQQH,27-Jul-2026,54.17,54.18,53.42,53.58,20700
QQQI,27-Jul-2026,53.43,53.66,52.105,52.57,5902738
QQQJ,27-Jul-2026,44.06,44.23,43.61,43.94,89800
QQQM,27-Jul-2026,285,286.47,278.33,280.84,2249482
QQQP,27-Jul-2026,195.26,203.87,195.26,197.6896,4600
QQQS,27-Jul-2026,42.28,42.605,41.815,41.9996,10000
QQQT,27-Jul-2026,17.66,17.66,17.255,17.436,61600
QQQX,27-Jul-2026,29.87,29.87,29.28,29.45,78500
QQQY,27-Jul-2026,22.2,22.2,21.7,21.93,152800
QQUP,27-Jul-2026,54.53,54.6599,54.53,54.5519,700
QQWZ,27-Jul-2026,27.3,27.3,27.05,27.2278,6600
QQXL,27-Jul-2026,51.115,51.115,49.63,49.63,500
QQXT,27-Jul-2026,98.6,99.521,98.6,99.3095,1800
QRHC,27-Jul-2026,1.23,1.32,1.23,1.25,12000
QRMI,27-Jul-2026,15.01,15.0101,14.96,15.0004,7500
QRVO,27-Jul-2026,86.83,90.09,86.36,89.76,1371100
QS,27-Jul-2026,4.96,5.2,4.92,5.17,35265417
QSI,27-Jul-2026,0.7715,0.81,0.7715,0.7831,961201
QSIX,27-Jul-2026,40.985,40.985,40.34,40.5189,700
QSML,27-Jul-2026,33.52,33.5356,33.52,33.5356,1400
QTEC,27-Jul-2026,299.75,300.95,291.59,296.59,218100
QTEX,27-Jul-2026,0.9424,1.04,0.8805,0.9498,3338630
QTI,27-Jul-2026,2.77,2.875,2.7,2.71,15000
QTOP,27-Jul-2026,36.21,36.21,35.2,35.54,229000
QTR,27-Jul-2026,32.975,33.045,32.975,33.045,400
QTRX,27-Jul-2026,3.71,3.86,3.65,3.67,337400
QTTB,27-Jul-2026,15.37,16.61,15.11,15.21,527400
QTUM,27-Jul-2026,141.48,144.41,138.21,140.79,245331
QUBT,27-Jul-2026,7.65,8.17,7.61,7.95,8089137
QUCY,27-Jul-2026,1.1,1.14,1.05,1.1,386628
QUIK,27-Jul-2026,12.83,12.94,12.01,12.87,237100
QURE,27-Jul-2026,39.78,40,38,38.2307,991187
QVAL,27-Jul-2026,57.7,58.3358,57.7,58.2282,14700
QVOL,27-Jul-2026,95.5,95.9,93.645,94.6351,10300
QXL,27-Jul-2026,4.88,5.15,4.6,4.73,87100
QXQ,27-Jul-2026,30.53,30.53,30.03,30.2303,37200
QYLD,27-Jul-2026,17.66,17.74,17.445,17.555,5270733
QYLG,27-Jul-2026,28.72,28.72,28.17,28.37,40100
RAA,27-Jul-2026,29.44,29.52,29.3,29.36,78100
RACC,27-Jul-2026,12.95,13.47,12,13.27,281500
RACD,27-Jul-2026,11,11,10.31,10.81,17700
RADX,27-Jul-2026,3.19,3.875,3.02,3.65,336692
RAIL,27-Jul-2026,8.42,8.62,8.38,8.52,129500
RAIN,27-Jul-2026,1.41,1.45,1.305,1.305,30000
RAINW,27-Jul-2026,0.14,0.15,0.14,0.15,5600
RAND,27-Jul-2026,10.08,10.22,10.07,10.07,3600
RANG,27-Jul-2026,10.72,10.72,10.7199,10.7199,1300
RANGR,27-Jul-2026,0.2641,0.2641,0.2641,0.2641,100
RANI,27-Jul-2026,0.86,0.87,0.7797,0.8051,776638
RAPP,27-Jul-2026,40.81,43.02,40.81,42.125,312600
RARE,27-Jul-2026,27.37,28,26.69,26.89,1766700
RAUS,27-Jul-2026,29.24,29.24,28.93,28.9998,1500
RAVE,27-Jul-2026,3.13,3.16,3.0103,3.1,15900
RAY,27-Jul-2026,3.09,3.19,2.8,2.89,11500
RAYA,27-Jul-2026,2.545,2.545,2.545,2.545,1000
RBB,27-Jul-2026,26.43,26.64,26.23,26.56,177400
RBBN,27-Jul-2026,2.01,2.07,1.98,2.045,450458
RBCAA,27-Jul-2026,94.64,97.3,93.95,97.03,134500
RBIL,27-Jul-2026,49.95,49.96,49.91,49.945,29100
RBKB,27-Jul-2026,12.5,12.6199,12.145,12.3,247200
RBNE,27-Jul-2026,3.18,3.2898,3.07,3.1,145000
RCAT,27-Jul-2026,7.78,8,7.51,7.795,4723532
RCAX,27-Jul-2026,2.93,3.1,2.75,2.9584,275300
RCEL,27-Jul-2026,4.64,4.87,4.6,4.75,128200
RCGE,27-Jul-2026,30.4906,30.4906,30.4906,30.4906,100
RCKT,27-Jul-2026,3.29,3.4,3.22,3.25,1226700
RCKTW,27-Jul-2026,0.002,0.0038,0.0012,0.0034,696900
RCKY,27-Jul-2026,41,41.54,40.7,41.54,42400
RCMT,27-Jul-2026,27.84,28.145,27.68,27.98,16000
RCON,27-Jul-2026,0.44,0.4945,0.3841,0.4724,609862
RCT,27-Jul-2026,0.2102,0.2155,0.192,0.1951,726256
RDAG,27-Jul-2026,10.37,10.37,10.36,10.36,600
RDCM,27-Jul-2026,13.18,13.48,13.0901,13.25,55300
RDGT,27-Jul-2026,1.38,1.38,1.22,1.23,223298
RDHL,27-Jul-2026,0.65,0.71,0.65,0.7,27700
RDI,27-Jul-2026,1.4719,1.4974,1.45,1.48,31800
RDNT,27-Jul-2026,62.26,63.16,61.1,61.51,476700
RDNW,27-Jul-2026,6.45,6.6,6.4,6.5,85600
RDTL,27-Jul-2026,19.67,22.2,19.44,21.28,408154
RDTY,27-Jul-2026,37.72,37.9522,37.45,37.7363,8700
RDVT,27-Jul-2026,62.27,63.59,61.88,63.005,107800
RDVY,27-Jul-2026,80.71,80.99,79.95,80.54,798300
RDWR,27-Jul-2026,29.9,30.11,28.925,29.3,473400
RDZN,27-Jul-2026,1.2,1.28,1.16,1.25,567000
RDZNW,27-Jul-2026,0.1,0.12,0.1,0.1199,6800
REAI,27-Jul-2026,21.7765,21.7765,21.7765,21.7765,100
REAL,27-Jul-2026,11.39,11.83,11.29,11.66,2662800
REAX,27-Jul-2026,1.72,1.81,1.72,1.76,3805500
REBN,27-Jul-2026,1.03,1.445,0.998,1.26,754806
RECT,27-Jul-2026,1.45,1.45,1.13,1.13,13100
REFI,27-Jul-2026,10.18,10.24,10.06,10.06,104600
REFR,27-Jul-2026,0.485,0.486,0.4465,0.462,28700
REG,27-Jul-2026,81.99,83.01,81.99,82.34,1033100
REGCO,27-Jul-2026,21.855,21.855,21.855,21.855,500
REGCP,27-Jul-2026,23,23.18,23,23.18,500
REGN,27-Jul-2026,660.32,678.12,659.53,667.14,306370
REIT,27-Jul-2026,32,32,31.71,31.7447,16800
REKR,27-Jul-2026,0.62,0.6448,0.6019,0.6282,782614
RELL,27-Jul-2026,18.32,18.64,17.41,18.48,292100
RELY,27-Jul-2026,22.57,23.12,22.43,22.66,1962000
REMG,27-Jul-2026,35.21,35.21,34.68,34.917,43600
RENT,27-Jul-2026,3,3.285,2.975,3.18,47200
RENX,27-Jul-2026,2,2.15,1.97,1.97,244500
REPL,27-Jul-2026,9.86,9.91,7.37,8.635,7107288
RETO,27-Jul-2026,2.63,2.8564,2.5806,2.5806,6200
REVB,27-Jul-2026,1.06,1.1,1.04,1.06,9200
REXC,27-Jul-2026,15.8,16.1,15.72,15.94,77600
REYN,27-Jul-2026,25.71,25.885,25.44,25.5,989500
RFAI,27-Jul-2026,11.08,11.09,11.07,11.07,1400
RFAIR,27-Jul-2026,0.1,0.1179,0.1,0.1162,8400
RFAM,27-Jul-2026,9.9,9.9,9.9,9.9,15000
RFDI,27-Jul-2026,89.18,89.18,88.4001,88.7241,4400
RFEM,27-Jul-2026,91.055,91.442,90.8701,91.442,900
RFIL,27-Jul-2026,12.46,12.535,11.55,12.15,265399
RGC,27-Jul-2026,5.72,6.2,5.63,5.83,202200
RGCO,27-Jul-2026,22.42,23,22.15,22.245,22800
RGEN,27-Jul-2026,131.96,133.67,130.03,130.88,721786
RGLD,27-Jul-2026,202.72,203.98,199.47,201.02,605000
RGLO,27-Jul-2026,32.42,32.53,32.21,32.44,41500
RGNX,27-Jul-2026,10.05,10.51,9.65,9.71,1248600
RGP,27-Jul-2026,3.77,3.94,3.7,3.88,392100
RGS,27-Jul-2026,27.91,27.91,27.25,27.35,2400
RGTI,27-Jul-2026,14.5,16.12,14.49,15.62,23011792
RGTIW,27-Jul-2026,6.09,6.99,5.77,6.285,127300
RGTX,27-Jul-2026,9.75,11.75,9.71,11.14,1080565
RGTZ,27-Jul-2026,5.55,5.72,4.335,4.755,5484696
RGYY,27-Jul-2026,6.8,6.86,6.8,6.86,14200
RIBB,27-Jul-2026,10.82,10.83,10.82,10.82,5400
RICK,27-Jul-2026,26.2,26.81,26.135,26.26,21000
RIFR,27-Jul-2026,29.1103,29.1103,28.96,28.97,4500
RIGL,27-Jul-2026,37.3,38.77,37.2,37.39,229500
RILY,27-Jul-2026,6.93,7.12,6.59,6.8,525700
RILYG,27-Jul-2026,24.45,24.55,24.45,24.5355,7100
RILYL,27-Jul-2026,13.75,13.75,13.1701,13.68,6300
RILYN,27-Jul-2026,24.8541,24.87,24.8541,24.86,10000
RILYP,27-Jul-2026,13.4,13.4,12.95,13.02,11600
RILYT,27-Jul-2026,20.06,20.15,19.8,20,19500
RILYZ,27-Jul-2026,18.95,18.99,18.26,18.53,25400
RIME,27-Jul-2026,0.46,0.47,0.43,0.43,153600
RING,27-Jul-2026,65.51,65.6,63.91,65.05,430800
RINT,27-Jul-2026,32.08,32.33,31.89,32.2006,26900
RIOT,27-Jul-2026,23.18,23.52,21.15,21.98,9997704
RITR,27-Jul-2026,0.1183,0.1183,0.083,0.09,2467315
RIVN,27-Jul-2026,16.21,16.79,16.08,16.49,17427574
RJET,27-Jul-2026,17.74,18.44,17.465,17.905,116300
RKDA,27-Jul-2026,0.62,0.66,0.62,0.6388,13400
RKLB,27-Jul-2026,65.5,68.4,64.03,66.95,10610858
RKLX,27-Jul-2026,17.05,18.54,16.3405,17.82,2474295
RKLZ,27-Jul-2026,5.14,5.4,4.68,4.915,6267006
RKNG,27-Jul-2026,22.455,22.455,21.33,21.9346,3300
RKTO,27-Jul-2026,0.795,0.82,0.763,0.7716,390638
RLAY,27-Jul-2026,18.47,19.42,18.42,18.64,4202000
RLMD,27-Jul-2026,5.17,5.36,5.09,5.2,899000
RLYB,27-Jul-2026,16.47,16.48,16.06,16.31,16000
RMBI,27-Jul-2026,15.68,15.745,15.25,15.4,47500
RMBS,27-Jul-2026,98.7,99.5,91.46,96.31,1989025
RMCF,27-Jul-2026,0.91,0.9515,0.85,0.8503,69400
RMCO,27-Jul-2026,2.34,2.375,2.27,2.27,5500
RMIX,27-Jul-2026,17.89,18.1,17.25,17.69,122800
RMNI,27-Jul-2026,4.48,4.73,4.45,4.67,219700
RMR,27-Jul-2026,20.1,20.39,20,20.35,121200
RMSG,27-Jul-2026,0.376,0.39,0.35,0.367,289000
RMSGW,27-Jul-2026,0.026,0.026,0.025,0.025,1800
RMTI,27-Jul-2026,6.65,7.48,6.65,7,63500
RNA,27-Jul-2026,11.61,11.8,11.46,11.57,82800
RNAC,27-Jul-2026,7.99,8.35,7.78,7.79,79000
RNAZ,27-Jul-2026,5.89,6.13,5.4,5.45,24000
RNEM,27-Jul-2026,56.2803,56.2803,56.2803,56.2803,300
RNIN,27-Jul-2026,34.75,34.93,34.6906,34.6906,900
RNRG,27-Jul-2026,34.91,34.91,34.7,34.7847,1300
RNTX,27-Jul-2026,0.8,0.83,0.76,0.7816,336400
RNW,27-Jul-2026,6.3,6.32,5.945,6.03,2728600
RNWWW,27-Jul-2026,0.0026,0.0034,0.0011,0.0033,15100
RNXT,27-Jul-2026,0.9,0.98,0.87,0.97,868800
ROAD,27-Jul-2026,104.76,106.09,102.6,105.05,540900
ROBT,27-Jul-2026,53.84,54.22,53.35,53.7726,44900
ROC,27-Jul-2026,4.41,4.72,4.41,4.7,10500
ROCK,27-Jul-2026,45.74,46.69,45.3,45.91,262100
ROCQ,27-Jul-2026,54.75,55.02,53.69,54.13,207500
ROCY,27-Jul-2026,54.4,54.48,53.81,54.01,1782100
ROE,27-Jul-2026,42.25,42.25,41.8,42.0953,26700
ROIV,27-Jul-2026,35.13,35.58,34.59,34.72,4272700
ROKU,27-Jul-2026,142.11,144.07,141.67,142.92,3014400
ROMA,27-Jul-2026,9.23,9.255,8.96,9.255,4000
ROOT,27-Jul-2026,58.46,60.57,58.46,59.65,171500
ROP,27-Jul-2026,370.65,380.81,367.51,375.03,404862
ROST,27-Jul-2026,241.86,244.22,240.61,243.35,2775400
RPAY,27-Jul-2026,3.81,4.065,3.7901,4.04,295700
RPD,27-Jul-2026,9.635,10.02,9.469,9.62,2631800
RPGL,27-Jul-2026,1.92,1.95,1.68,1.68,55795
RPID,27-Jul-2026,1.99,2.04,1.94,2.01,77500
RPRX,27-Jul-2026,58.83,59.41,58.49,58.73,1524100
RR,27-Jul-2026,1.56,1.61,1.45,1.5,6924449
RRBI,27-Jul-2026,100.8,101.56,99.21,99.72,99000
RRGB,27-Jul-2026,7.32,7.63,7.14,7.33,77800
RRR,27-Jul-2026,64.55,65.82,64.48,65.07,590500
RSSS,27-Jul-2026,2.21,2.21,2.185,2.2,99200
RSVR,27-Jul-2026,10.64,10.81,10.59,10.74,97900
RSVRW,27-Jul-2026,0.014,0.0141,0.0065,0.0098,24000
RTAC,27-Jul-2026,10.48,10.49,10.47,10.47,11900
RTACW,27-Jul-2026,0.68,0.68,0.65,0.65,2400
RTB,27-Jul-2026,15.69,17.42,14.905,16.91,61304
RTH,27-Jul-2026,257.01,260.1,257.01,259.2709,4200
RTXG,27-Jul-2026,28,29.73,28,29.28,61000
RTYY,27-Jul-2026,10.1599,10.1599,9.92,10.005,13900
RUBI,27-Jul-2026,2.2592,2.2592,2.01,2.105,156309
RUM,27-Jul-2026,5.8155,6.07,5.785,6.045,1187693
RUMBW,27-Jul-2026,1.6,1.61,1.47,1.61,2800
RUN,27-Jul-2026,10.23,10.26,9.675,9.98,7558135
RUNN,27-Jul-2026,33.04,33.7399,33.04,33.6957,39600
RUSC,27-Jul-2026,38.11,38.11,37.68,37.9261,6700
RUSHA,27-Jul-2026,76.98,78.2,76.47,77,479000
RUSHB,27-Jul-2026,74.865,77.65,74.865,76.5,146600
RVMD,27-Jul-2026,188.91,194.56,186.98,188.07,1425900
RVMDW,27-Jul-2026,9.68,9.88,9.29,9.55,7300
RVNL,27-Jul-2026,26.99,28.27,26.76,27.4,44100
RVSB,27-Jul-2026,5.3,5.57,5.3,5.32,50200
RVSN,27-Jul-2026,4.1,4.42,4.04,4.22,12000
RVSNW,27-Jul-2026,0.0288,0.0288,0.0288,0.0288,100
RWAY,27-Jul-2026,5.42,5.46,5.39,5.45,348100
RWAYI,27-Jul-2026,24.96,24.96,24.78,24.8,6800
RWAYL,27-Jul-2026,25.3599,25.36,25.3302,25.3302,2000
RWIN,27-Jul-2026,26.56,26.56,26.56,26.56,100
RXRX,27-Jul-2026,3.01,3.13,2.99,3.0192,19235318
RXST,27-Jul-2026,5.25,5.68,5.25,5.64,984000
RXT,27-Jul-2026,3.9794,4.07,3.73,3.87,6199243
RYAAY,27-Jul-2026,59.01,59.46,57.265,57.46,1420918
RYET,27-Jul-2026,1.01,1.03,1.01,1.01,5300
RYM,27-Jul-2026,19.6764,19.79,18.432,18.98,13000
RYOJ,27-Jul-2026,3.92,4.18,3.79,3.84,5374
RYTM,27-Jul-2026,104.64,109.53,102.75,106.13,727600
RZLT,27-Jul-2026,4.95,5.13,4.8,4.94,1245300
RZLV,27-Jul-2026,2.31,2.39,2.24,2.305,8937683
RZLVW,27-Jul-2026,0.795,0.795,0.72,0.75,3400
SAAQ,27-Jul-2026,10.39,10.39,10.16,10.19,16900
SAAQW,27-Jul-2026,0.8168,0.95,0.8168,0.95,600
SABR,27-Jul-2026,1.66,1.825,1.66,1.785,2047308
SABS,27-Jul-2026,3.53,3.635,3.43,3.44,609500
SABSW,27-Jul-2026,0.001,0.0096,0.001,0.0085,110100
SAFT,27-Jul-2026,103.15,103.5,102.9,103,1966000
SAFX,27-Jul-2026,0.4107,0.4249,0.38,0.3898,1603704
SAGT,27-Jul-2026,0.8,0.8388,0.74,0.7899,82100
SAIA,27-Jul-2026,425.31,426.78,411.55,419.92,511700
SAIC,27-Jul-2026,118.9,119.78,116.16,118.48,338700
SAIH,27-Jul-2026,15.36,16.87,15,16.87,9288
SAIHW,27-Jul-2026,0.047,0.0472,0.047,0.0471,1200
SAIL,27-Jul-2026,15.13,15.8599,14.99,15.35,1565219
SAMG,27-Jul-2026,10.07,10.625,10.07,10.435,54800
SANA,27-Jul-2026,3.23,3.46,3.23,3.28,3580700
SANG,27-Jul-2026,4.25,4.25,4.125,4.16,15700
SANM,27-Jul-2026,210.24,213.92,198.76,208.9,1258400
SARK,27-Jul-2026,29.64,30.37,29.29,29.82,203000
SATA,27-Jul-2026,97.3,97.49,96.58,96.76,118691
SATL,27-Jul-2026,3.7,3.75,3.4101,3.53,3675909
SATLW,27-Jul-2026,0.4,0.4,0.33,0.35,17500
SBAC,27-Jul-2026,174.98,174.99,171.19,172.61,986800
SBC,27-Jul-2026,3.05,3.1982,3.05,3.19,85800
SBCF,27-Jul-2026,33.74,33.97,33.235,33.26,872900
SBET,27-Jul-2026,6.03,6.4,6,6.37,8788711
SBFG,27-Jul-2026,25.62,26.86,25.62,26.38,26200
SBFM,27-Jul-2026,1.69,1.69,1.44,1.53,80700
SBFMW,27-Jul-2026,0.08,0.08,0.08,0.08,100
SBGI,27-Jul-2026,13.57,13.93,13.48,13.49,391200
SBLK,27-Jul-2026,28.2,28.2,26.89,27.08,822806
SBRA,27-Jul-2026,22.38,22.44,22.21,22.39,2175400
SBU,27-Jul-2026,20.52,20.71,20.083,20.083,1300
SBUX,27-Jul-2026,103.51,105.63,103.47,103.67,2344246
SCA,27-Jul-2026,21.17,21.4413,21.16,21.4413,300
SCAG,27-Jul-2026,0.3336,0.3437,0.3001,0.3067,216900
SCAGW,27-Jul-2026,0.0263,0.0323,0.026,0.0265,10300
SCDS,27-Jul-2026,75,75.3318,75,75.3318,600
SCHL,27-Jul-2026,43.15,43.635,40.39,40.76,552900
SCII,27-Jul-2026,10.08,10.1,10.08,10.08,187300
SCKT,27-Jul-2026,0.48,0.48,0.47,0.4755,22200
SCLX,27-Jul-2026,6.85,7.26,6.72,7.03,120100
SCLXW,27-Jul-2026,0.1801,0.1801,0.1801,0.1801,300
SCNI,27-Jul-2026,0.23,0.2781,0.2299,0.2468,69300
SCNX,27-Jul-2026,0.3616,0.3826,0.3478,0.3671,481300
SCOR,27-Jul-2026,7.11,7.14,6.81,7.11,6500
SCPQU,27-Jul-2026,10.3,10.3,10.3,10.3,100
SCSC,27-Jul-2026,55.29,56.015,54.62,55.62,127300
SCTX,27-Jul-2026,21.48,22.75,17.31,18.97,419000
SCWO,27-Jul-2026,2.22,2.23,2.11,2.2,38700
SCYX,27-Jul-2026,3.69,3.915,3.53,3.57,103700
SCZ,27-Jul-2026,83.73,83.735,82.9545,83.28,760900
SCZM,27-Jul-2026,6.29,6.46,6.12,6.32,316735
SDA,27-Jul-2026,0.7405,0.8199,0.7401,0.7502,34000
SDAWW,27-Jul-2026,0.161,0.161,0.12,0.12,12300
SDG,27-Jul-2026,88.35,88.59,87.91,88.2809,2800
SDGR,27-Jul-2026,15.2,15.5,15,15.28,643300
SDHI,27-Jul-2026,10.46,10.46,10.46,10.46,13600
SDOT,27-Jul-2026,20.498,20.5,16.52,16.78,335732
SDSI,27-Jul-2026,51.1,51.1001,51.03,51.0806,10800
SDST,27-Jul-2026,1.63,1.63,1.43,1.44,562100
SDTY,27-Jul-2026,41.27,41.27,40.76,40.89,5600
SDVY,27-Jul-2026,43.61,43.82,43.405,43.57,656200
SEAT,27-Jul-2026,7.19,7.87,6.99,7.72,62700
SEDG,27-Jul-2026,43.38,44.46,41.08,43.17,1192471
SEED,27-Jul-2026,1.01,1.03,1,1,1100
SEEM,27-Jul-2026,37.61,37.61,37.02,37.3585,185000
SEER,27-Jul-2026,1.98,1.99,1.82,1.97,2500300
SEGG,27-Jul-2026,0.6242,0.64,0.592,0.6291,442400
SEIC,27-Jul-2026,99.22,101.76,99.16,101.52,795100
SEIE,27-Jul-2026,35.92,35.95,35.65,35.7853,441700
SEIS,27-Jul-2026,32.57,32.57,32.17,32.3778,169700
SELF,27-Jul-2026,5.05,5.125,5.045,5.06,19300
SEMY,27-Jul-2026,14.28,14.39,14.05,14.18,204100
SENEA,27-Jul-2026,167.03,168.8,164.86,166.27,93700
SENS,27-Jul-2026,4.98,5.14,4.96,5.01,283200
SEPN,27-Jul-2026,33.25,34.4,33.03,33.49,143800
SERA,27-Jul-2026,2.05,2.21,1.95,2.05,76800
SERV,27-Jul-2026,4.87,5.05,4.65,4.7887,2775999
SETM,27-Jul-2026,29.38,29.41,28.66,29.22,123700
SEUS,27-Jul-2026,25.1,25.19,25.055,25.18,39900
SEV,27-Jul-2026,1.6,1.75,1.6,1.69,145143
SEVN,27-Jul-2026,7.85,8.03,7.85,8,164500
SEZL,27-Jul-2026,156.75,160,151.6,156.78,453400
SFBC,27-Jul-2026,44.85,45.22,44.85,45.11,1900
SFD,27-Jul-2026,26.3,26.76,26.28,26.58,917300
SFIX,27-Jul-2026,3.7,4.03,3.64,4.02,1353800
SFLO,27-Jul-2026,36.05,36.8,36.05,36.56,47000
SFM,27-Jul-2026,75.27,77.67,74.28,76.84,2101000
SFNC,27-Jul-2026,23.33,23.5,22.955,22.97,1193900
SFST,27-Jul-2026,61.89,62.57,61.345,61.59,98700
SFWL,27-Jul-2026,0.75,0.84,0.74,0.84,13700
SGA,27-Jul-2026,8.5,8.58,8.5,8.53,7900
SGC,27-Jul-2026,12.49,12.92,12.42,12.5,45000
SGHT,27-Jul-2026,5,5.24,4.989,5.12,72700
SGLY,27-Jul-2026,3.42,4.42,3.42,4.01,112200
SGML,27-Jul-2026,9.97,10.65,9.63,9.96,1090206
SGMT,27-Jul-2026,7.12,7.59,7.03,7.45,544000
SGP,27-Jul-2026,20.35,21.05,20.285,20.82,55800
SGRY,27-Jul-2026,15.87,15.98,15.16,15.17,1614800
SGVA,27-Jul-2026,100.43,100.435,100.42,100.435,6900
SHAZ,27-Jul-2026,66.01,66.49,57.18,58.79,2341200
SHBI,27-Jul-2026,24,24.12,23.77,23.9,301000
SHC,27-Jul-2026,17.47,17.51,17.15,17.24,2344400
SHEN,27-Jul-2026,11.53,11.615,11.35,11.52,357300
SHFS,27-Jul-2026,0.1982,0.1982,0.1819,0.183,498600
SHIM,27-Jul-2026,3.75,4.16,3.75,3.95,213600
SHIP,27-Jul-2026,16.1,16.36,15.66,16.14,206900
SHLS,27-Jul-2026,9.39,9.41,8.825,9.385,4021900
SHMD,27-Jul-2026,4.18,4.5,4.02,4.29,346200
SHMDW,27-Jul-2026,1.16,1.19,1.06,1.19,15100
SHOE,27-Jul-2026,14.74,15.18,14.69,15.11,536600
SHOO,27-Jul-2026,43.35,44.1,43.2213,43.525,866500
SHOP,27-Jul-2026,113.6153,126.91,113.6153,126.9,6601073
SHOTR,27-Jul-2026,0.18,0.18,0.18,0.18,100
SHOTU,27-Jul-2026,9.98,10.01,9.98,10.01,5300
SHPH,27-Jul-2026,2.86,2.93,2.78,2.92,125100
SHPU,27-Jul-2026,11.27,13.33,11.27,13.33,92687
SHRY,27-Jul-2026,45.6795,45.6795,45.6795,45.6795,100
SHY,27-Jul-2026,81.86,81.89,81.845,81.87,3071500
SIBN,27-Jul-2026,16.91,17.26,16.73,17.05,620100
SIDU,27-Jul-2026,1.87,1.9992,1.815,1.85,3742401
SIEB,27-Jul-2026,1.7,1.7,1.66,1.66,32000
SIFY,27-Jul-2026,14.41,14.88,14.2153,14.52,63500
SIGA,27-Jul-2026,3.13,3.21,3.02,3.1,3966400
SIGI,27-Jul-2026,96.38,98.855,92.47,92.78,1050100
SIGIP,27-Jul-2026,15.855,15.855,15.78,15.78,2400
SILC,27-Jul-2026,39.8,41.58,38,39.38,136400
SILO,27-Jul-2026,4.53,4.68,4.29,4.4,17600
SIMAU,27-Jul-2026,10.91,10.91,10.91,10.91,500
SIMAW,27-Jul-2026,0.23,0.23,0.23,0.23,100
SIMO,27-Jul-2026,274,274,236.05,244.45,1426900
SINT,27-Jul-2026,1.41,1.6,1.4,1.555,30717
SION,27-Jul-2026,46.03,47.89,45.105,45.38,403800
SIRI,27-Jul-2026,30.16,31.49,30.11,31.195,2939016
SITM,27-Jul-2026,560,562,507.13,522.67,374100
SJ,27-Jul-2026,0.81,0.9,0.81,0.86,12300
SJCP,27-Jul-2026,25.01,25.01,25.01,25.01,100
SJLD,27-Jul-2026,25.205,25.205,25.205,25.205,100
SKDD,27-Jul-2026,13.38,17.92,12.93,17.12,25172571
SKHY,27-Jul-2026,159.7,159.71,139.01,143.02,50632500
SKHY,27-Jul-2026,164,164.74,139.01,143.19,36465552
SKIN,27-Jul-2026,0.7413,0.8099,0.7051,0.748,1652700
SKK,27-Jul-2026,4.79,4.86,4.7,4.74,8200
SKOR,27-Jul-2026,47.99,48.005,47.95,47.952,184900
SKRE,27-Jul-2026,6.05,6.17,6.04,6.1402,15700
SKUU,27-Jul-2026,25.54,25.85,18.25,19.52,17828909
SKWD,27-Jul-2026,60.83,62.28,60.83,61.45,294000
SKYA,27-Jul-2026,1.41,1.45,1.31,1.32,43500
SKYAW,27-Jul-2026,0.0236,0.0327,0.0236,0.0282,12600
SKYE,27-Jul-2026,0.65,0.66,0.6157,0.6228,133300
SKYQ,27-Jul-2026,4.4,4.8,3.55,3.83,3362558
SKYT,27-Jul-2026,31.05,32.24,30.95,31.59,1064800
SKYU,27-Jul-2026,35.93,36.89,35.93,36.52,2800
SKYW,27-Jul-2026,106.1,110.48,106.1,110.29,627700
SKYX,27-Jul-2026,1.17,1.21,1.12,1.16,617700
SKYY,27-Jul-2026,134.54,136.87,133.8,135.84,177700
SLAB,27-Jul-2026,217.8,217.8,216.82,217.29,218300
SLBT,27-Jul-2026,3.09,3.3643,2.6002,2.82,124174
SLDB,27-Jul-2026,8.01,8.4051,7.865,7.89,1222900
SLDE,27-Jul-2026,20.51,21,20.49,20.85,820800
SLDP,27-Jul-2026,2.08,2.185,2.08,2.145,2497565
SLDPW,27-Jul-2026,0.0492,0.056,0.0479,0.05,20200
SLE,27-Jul-2026,2.73,2.95,2.73,2.79,10400
SLGB,27-Jul-2026,0.6332,0.7,0.5636,0.6089,397635
SLGL,27-Jul-2026,82.36,85.985,79.77,79.83,47200
SLM,27-Jul-2026,24.63,25.48,24.26,25.42,3203700
SLMBP,27-Jul-2026,74.5,74.8,74.2,74.2,1600
SLMT,27-Jul-2026,4,4.19,3.82,4.05,45100
SLN,27-Jul-2026,11.13,12.19,11.11,12.07,666300
SLNG,27-Jul-2026,4.63,4.94,4.56,4.8,28400
SLNH,27-Jul-2026,1.25,1.325,1.17,1.235,6931935
SLNHP,27-Jul-2026,10.06,10.09,10.06,10.08,800
SLP,27-Jul-2026,18.35,18.35,18.3002,18.33,391600
SLQD,27-Jul-2026,50.1,50.12,50.09,50.11,168100
SLRC,27-Jul-2026,12.99,13.16,12.93,12.93,328800
SLS,27-Jul-2026,11.36,11.71,9.6,10.835,8009375
SLSN,27-Jul-2026,0.9519,0.9999,0.9297,0.9297,22000
SLVO,27-Jul-2026,63,63.72,62.7,63.07,1091000
SLVR,27-Jul-2026,49.9,50.125,48.41,49.64,84900
SLXN,27-Jul-2026,2.8,2.8,2.2606,2.53,28073
SMBC,27-Jul-2026,78.28,78.41,77.18,77.55,86200
SMCF,27-Jul-2026,40.2,40.2,40.1287,40.1287,600
SMCI,27-Jul-2026,30.85,31.11,28.5,29.8,28256156
SMCIP,27-Jul-2026,53.95,54.22,50.75,51.98,734600
SMCL,27-Jul-2026,12.73,12.83,10.81,11.7899,508602
SMCO,27-Jul-2026,29.88,29.88,29.5102,29.6606,4700
SMCX,27-Jul-2026,9.05,9.29,7.8101,8.53,4690543
SMCZ,27-Jul-2026,6.36,7.44,6.31,6.87,1096335
SMH,27-Jul-2026,572.09,577,535.31,548.31,12307499
SMHC,27-Jul-2026,52.34,52.52,51.57,52.08,62100
SMHX,27-Jul-2026,57.3476,57.3476,53.59,54.74,36807
SMID,27-Jul-2026,31.19,31.49,30.4,30.94,8600
SMMT,27-Jul-2026,13.76,14.23,13.1,13.1,3069997
SMOM,27-Jul-2026,28.14,28.1606,28.12,28.1606,1500
SMPL,27-Jul-2026,10.4,10.79,10.32,10.66,2508700
SMRI,27-Jul-2026,43.42,43.66,43.42,43.4394,7900
SMSI,27-Jul-2026,2.6,2.6,2.516,2.52,12800
SMST,27-Jul-2026,60.75,62.01,54.01,54.83,239962
SMTC,27-Jul-2026,125.55,127.1,115.33,121.52,2011300
SMTI,27-Jul-2026,25.77,26.58,25.45,25.85,45700
SMTK,27-Jul-2026,0.2147,0.22,0.19,0.2035,291963
SMX,27-Jul-2026,17.5,18.39,15.55,16.25,34600
SMXT,27-Jul-2026,0.34,0.36,0.32,0.34,152800
SMXWW,27-Jul-2026,0.0173,0.02,0.0125,0.0152,77500
SMYY,27-Jul-2026,6.49,6.6,6.41,6.49,28700
SNAG,27-Jul-2026,4,4.15,3.91,4.07,22400
SNAL,27-Jul-2026,5.24,5.34,4.9,4.9,141174
SND,27-Jul-2026,4.57,4.735,4.54,4.72,299400
SNDK,27-Jul-2026,1500,1516.48,1222.01,1279.2,13285335
SNDL,27-Jul-2026,1.25,1.365,1.24,1.36,3894415
SNDX,27-Jul-2026,21.09,21.57,20.5,20.52,1098200
SNES,27-Jul-2026,1.4,1.4,1.32,1.33,52500
SNEX,27-Jul-2026,75.1,76.61,72.15,74.43,670200
SNFCA,27-Jul-2026,9.45,9.66,9.41,9.59,7900
SNGX,27-Jul-2026,0.3713,0.3799,0.3574,0.3619,249400
SNOA,27-Jul-2026,1.17,1.18,1.14,1.15,25100
SNPS,27-Jul-2026,377.41,395.85,376.94,389.01,1508004
SNSR,27-Jul-2026,45.63,45.67,44.674,45.27,14900
SNT,27-Jul-2026,1.64,1.79,1.64,1.77,8500
SNTG,27-Jul-2026,2.0857,2.15,1.96,1.99,61982
SNTI,27-Jul-2026,0.4002,0.42,0.3612,0.3736,559400
SNWV,27-Jul-2026,6.02,6.26,5.93,6.1,111000
SNY,27-Jul-2026,43.73,44.49,43.51,44,2955000
SNYR,27-Jul-2026,0.1764,0.18,0.1675,0.1679,101600
SOBR,27-Jul-2026,0.5954,0.6199,0.57,0.6089,309311
SOCL,27-Jul-2026,45.61,45.84,44.805,45.638,5600
SOFA,27-Jul-2026,12.81,13.895,12.76,13.004,60104
SOFI,27-Jul-2026,16.69,17.5,16.64,16.87,59943107
SOFX,27-Jul-2026,8.65,9.405,8.6,8.8,1264013
SOGP,27-Jul-2026,11.2,12.36,11.2,12.27,35695
SOHU,27-Jul-2026,13.04,13.38,13.04,13.24,57200
SOLC,27-Jul-2026,15.37,15.37,15.11,15.2089,4900
SOLS,27-Jul-2026,61.9,61.9,58.84,60.6,2416821
SOLT,27-Jul-2026,34.07,34.91,32.87,33.67,158600
SOLZ,27-Jul-2026,7.63,7.74,7.49,7.59,1072400
SONM,27-Jul-2026,3.29,3.29,3.06,3.19,4200
SONO,27-Jul-2026,14.89,15.86,14.88,15.66,1592800
SOPH,27-Jul-2026,5.72,5.88,5.57,5.65,251400
SORA,27-Jul-2026,2.08,2.095,1.96,2.07,94552
SORN,27-Jul-2026,9.96,9.96,9.96,9.96,400
SORNU,27-Jul-2026,10.01,10.05,10.01,10.05,10200
SORNW,27-Jul-2026,0.25,0.2851,0.2301,0.2301,40000
SOTK,27-Jul-2026,5.14,5.42,4.86,5.03,59000
SOUN,27-Jul-2026,6.27,6.73,6.255,6.41,40913596
SOUNW,27-Jul-2026,1.58,1.7299,1.51,1.56,23900
SOUX,27-Jul-2026,11.02,11.85,10.6,10.93,72500
SOWG,27-Jul-2026,3.15,3.3,3,3.2,9400
SOXQ,27-Jul-2026,93.89,94.1,88.28,90.93,2670000
SOXX,27-Jul-2026,541.09,543.98,500,516.12,10534647
SPAI,27-Jul-2026,3.74,3.95,3.62,3.84,82600
SPAM,27-Jul-2026,40.98,40.9801,40.485,40.485,600
SPAQ,27-Jul-2026,93.905,93.905,93.905,93.905,100
SPBC,27-Jul-2026,47.07,47.14,47,47.1119,7600
SPCB,27-Jul-2026,11,11.1,10.435,11.02,76400
SPCK,27-Jul-2026,21.96,22.2054,21.96,22.2054,500
SPCT,27-Jul-2026,28.07,28.07,27.99,28.0291,7700
SPCX,27-Jul-2026,114.72,116.13,108.66,113.65,44839178
SPEGR,27-Jul-2026,0.25,0.2501,0.25,0.2501,400
SPFI,27-Jul-2026,44.63,44.75,44.17,44.5,97200
SPHL,27-Jul-2026,2.69,2.69,2.55,2.58,13400
SPIT,27-Jul-2026,32.5,32.5,31.729,32.0653,4900
SPKL,27-Jul-2026,11.83,11.91,11.69,11.69,32000
SPKLW,27-Jul-2026,1.6,1.6,1.51,1.51,29000
SPOG,27-Jul-2026,6.88,7.23,6.84,7.14,16100
SPOK,27-Jul-2026,10.68,10.915,10.68,10.81,128200
SPPL,27-Jul-2026,3.15,3.26,3.15,3.26,4000
SPRB,27-Jul-2026,42.64,45.51,41.98,41.99,67800
SPRC,27-Jul-2026,4.83,5.28,4.76,5.01,84100
SPRO,27-Jul-2026,1.24,1.24,1.16,1.18,1261466
SPRX,27-Jul-2026,43.97,43.97,41.2,42.74,111400
SPRY,27-Jul-2026,6,6.06,5.62,5.76,1819800
SPSC,27-Jul-2026,62.74,66.26,62.72,65.65,526700
SPT,27-Jul-2026,7.82,8.585,7.74,8.32,853800
SPTX,27-Jul-2026,21.81,22.17,20.35,20.54,117600
SPWH,27-Jul-2026,1.14,1.18,1.129,1.15,564200
SPWR,27-Jul-2026,0.5,0.5003,0.4658,0.4891,1757528
SPWRW,27-Jul-2026,0.15,0.15,0.15,0.15,100
SPXD,27-Jul-2026,28.9221,28.9221,28.9221,28.9221,100
SPYQ,27-Jul-2026,184.51,184.51,180.78,181.8023,10500
SQFT,27-Jul-2026,2.27,2.3,2.27,2.3,2700
SQFTP,27-Jul-2026,5.99,5.99,5.78,5.78,1000
SQLV,27-Jul-2026,52.87,53.034,52.82,53.034,2500
SQQQ,27-Jul-2026,43,46.425,42.52,45.2101,46510410
SQS,27-Jul-2026,27.53,27.53,27.28,27.4228,9300
SRAD,27-Jul-2026,14.55,14.84,14.54,14.68,967700
SRBK,27-Jul-2026,19.23,19.435,19.19,19.27,14500
SRCE,27-Jul-2026,85.85,87.825,85.85,86.79,179700
SRET,27-Jul-2026,23.05,23.17,23,23.07,19400
SRPT,27-Jul-2026,15.96,16.8,15.88,15.9,2078451
SRRK,27-Jul-2026,48.6,50.12,48.21,48.95,625875
SRTA,27-Jul-2026,5.12,5.23,4.98,5.14,1252500
SRTS,27-Jul-2026,3.03,3.06,3,3.02,30600
SRZN,27-Jul-2026,19.73,21.68,19.01,19.81,143600
SRZNW,27-Jul-2026,0.0072,0.0129,0.0071,0.0128,40400
SSAC,27-Jul-2026,10.02,10.02,10.015,10.02,135700
SSACW,27-Jul-2026,0.1164,0.1164,0.1163,0.1164,27000
SSBI,27-Jul-2026,13.25,13.25,12.75,13.05,20600
SSII,27-Jul-2026,3.5,4.1,3.4,3.96,239500
SSM,27-Jul-2026,3.92,4.52,3.84,4.25,42500
SSNC,27-Jul-2026,74.3,76.07,73.59,75.04,2186900
SSP,27-Jul-2026,3.11,3.11,2.95,2.96,202500
SSRM,27-Jul-2026,26.95,27.26,25.9,26.29,3326200
SSS,27-Jul-2026,20.1422,20.1422,20.1422,20.1422,100
SSTI,27-Jul-2026,8.42,8.6,8.235,8.445,64500
SSYS,27-Jul-2026,8.09,8.21,7.95,8.06,216100
STAA,27-Jul-2026,23.21,23.83,22.88,22.95,725100
STAK,27-Jul-2026,5.54,6.3,2.33,2.55,11023775
STBA,27-Jul-2026,52,52.78,52,52.13,258500
STEP,27-Jul-2026,43.785,45.58,43.785,44.65,1200300
STEX,27-Jul-2026,0.7382,0.7732,0.7015,0.7342,584630
STFS,27-Jul-2026,3.34,3.88,2.9,3.0301,26484
STGW,27-Jul-2026,7.5,7.79,7.5,7.73,800700
STHO,27-Jul-2026,9.27,9.46,9.25,9.28,5800
STI,27-Jul-2026,6.78,6.98,6.26,6.64,51887
STIM,27-Jul-2026,1.78,1.84,1.69,1.81,810200
STKE,27-Jul-2026,1.12,1.16,1.04,1.06,116300
STKH,27-Jul-2026,1.265,1.6,1.265,1.35,163825
STKS,27-Jul-2026,1.82,1.88,1.76,1.84,4700
STLD,27-Jul-2026,246.49,250.84,244.88,250.27,1412600
STLN,27-Jul-2026,5.03,5.32,5.03,5.19,1450600
STNC,27-Jul-2026,36.8017,36.8017,36.8017,36.8017,100
STNE,27-Jul-2026,10.9,11.035,10.81,10.89,1565430
STOK,27-Jul-2026,29.58,30.92,29.23,29.31,594600
STRA,27-Jul-2026,76.09,78.93,76.09,78.55,246700
STRC,27-Jul-2026,87.5,90.02,87.49,88.3,1246040
STRD,27-Jul-2026,60.25,61.74,60.18,60.18,159000
STRF,27-Jul-2026,97.33,97.99,96.52,97.72,59100
STRK,27-Jul-2026,61.03,62.9,61.03,62.15,59100
STRL,27-Jul-2026,682.02,685.0009,612,634.35,285742
STRO,27-Jul-2026,22.98,24.35,22.98,24.01,220400
STRR,27-Jul-2026,10.855,10.9988,10.575,10.9988,900
STRRP,27-Jul-2026,10.075,10.075,10.075,10.075,100
STRS,27-Jul-2026,19.82,20.095,19.53,19.98,56100
STRT,27-Jul-2026,86.91,88.13,84.496,87.54,81300
STRZ,27-Jul-2026,24.77,26,23.75,24.62,101200
STTK,27-Jul-2026,7.37,7.7,7.02,7.04,948100
STX,27-Jul-2026,885.49,888.08,781.167,817.33,3461212
SUGP,27-Jul-2026,0.4901,0.4901,0.4599,0.483,222674
SUIG,27-Jul-2026,1.07,1.1,0.8601,0.9,667213
SUIS,27-Jul-2026,18.5,18.5,18.06,18.2814,700
SUJA,27-Jul-2026,10.68,10.68,10.11,10.48,107100
SUMAR,27-Jul-2026,0.25,0.25,0.2443,0.2488,27100
SUNE,27-Jul-2026,2.43,2.53,2.31,2.33,148200
SUNS,27-Jul-2026,8.03,8.1,7.83,8.02,48700
SUPN,27-Jul-2026,46.56,48.08,45.8425,46.98,523000
SUPP,27-Jul-2026,79.8889,79.8889,79.8889,79.8889,100
SUPX,27-Jul-2026,7.15,7.42,6.67,6.96,92000
SURG,27-Jul-2026,0.2375,0.258,0.2301,0.242,400300
SUSB,27-Jul-2026,24.83,24.84,24.81,24.81,148800
SUSC,27-Jul-2026,22.73,22.75,22.7129,22.73,154600
SUSL,27-Jul-2026,130.74,130.74,128.955,129.3399,28100
SVAQ,27-Jul-2026,10.01,10.0201,10.01,10.01,1168200
SVAQW,27-Jul-2026,0.72,0.72,0.72,0.72,1000
SVC,27-Jul-2026,8.53,8.64,8.32,8.34,1098500
SVCC,27-Jul-2026,10.61,10.63,10.61,10.63,5000
SVCO,27-Jul-2026,8.07,8.26,7.64,7.81,314100
SVIV,27-Jul-2026,10.2,10.2,10.2,10.2,152000
SVRA,27-Jul-2026,5.56,5.68,5.43,5.43,3791700
SVRE,27-Jul-2026,3.56,3.79,3.42,3.71,41300
SVREW,27-Jul-2026,0.0082,0.01,0.0082,0.01,10700
SVRN,27-Jul-2026,7.3,7.3,6.7001,6.7001,3200
SWAG,27-Jul-2026,2,2.06,1.825,2.01,95300
SWAGW,27-Jul-2026,0.025,0.025,0.025,0.025,200
SWBI,27-Jul-2026,14.68,14.98,14.68,14.89,450500
SWIM,27-Jul-2026,5.55,5.716,5.53,5.63,439300
SWKHL,27-Jul-2026,25.24,25.3283,24.34,25.31,8200
SWKS,27-Jul-2026,60.29,63.7,60.24,63.44,5437600
SWMR,27-Jul-2026,39.79,40.16,37.46,40.06,182700
SWP,27-Jul-2026,28.15,28.21,28.14,28.195,3600
SWVL,27-Jul-2026,1.45,1.5,1.37,1.42,26100
SWVLW,27-Jul-2026,0.0082,0.0082,0.0057,0.0078,15000
SXTC,27-Jul-2026,0.0975,0.1148,0.0553,0.0694,329648545
SXTP,27-Jul-2026,1.52,1.63,1.49,1.57,86300
SY,27-Jul-2026,1.96,2.23,1.94,1.97,653900
SYBT,27-Jul-2026,82.32,82.99,81.735,82.45,165900
SYM,27-Jul-2026,40.78,41.75,40.16,41.49,1386400
SYNA,27-Jul-2026,114.2,117.2,110.75,116.42,374800
SYPR,27-Jul-2026,1.93,2.06,1.88,2.06,70000
SYRE,27-Jul-2026,102.5,105.05,98.87,100.11,282869
SYZ,27-Jul-2026,30,30.13,30,30.13,1700
SZZL,27-Jul-2026,10.38,10.38,10.38,10.38,9000
SZZLR,27-Jul-2026,0.17,0.2,0.17,0.18,800
TACH,27-Jul-2026,10.43,10.435,10.43,10.43,222900
TACHW,27-Jul-2026,0.5692,0.628,0.5,0.574,187200
TACO,27-Jul-2026,10.47,10.48,10.46,10.48,28600
TACOU,27-Jul-2026,10.86,10.87,10.86,10.87,400
TACOW,27-Jul-2026,0.72,0.7799,0.65,0.6501,49800
TACT,27-Jul-2026,5.06,5.17,4.95,5.025,16600
TALK,27-Jul-2026,5.22,5.23,5.21,5.22,672500
TANH,27-Jul-2026,0.4082,0.4199,0.3803,0.4001,302700
TAOP,27-Jul-2026,0.8888,1.16,0.7048,0.8299,72048
TAOX,27-Jul-2026,3.33,3.55,3.32,3.46,39300
TAOZ,27-Jul-2026,87.2607,87.2607,87.2607,87.2607,100
TARA,27-Jul-2026,4.07,4.14,3.995,4.04,533500
TARK,27-Jul-2026,38.65,38.65,37.05,38.1714,12100
TARS,27-Jul-2026,58.74,61.21,58.74,60.12,725400
TASK,27-Jul-2026,5.64,6.14,5.58,5.8,1931000
TATT,27-Jul-2026,41.94,43.83,41.74,43.14,102400
TAVI,27-Jul-2026,11.9,11.9,10.83,10.83,1500
TAX,27-Jul-2026,30.7338,30.7338,30.7338,30.7338,100
TAXE,27-Jul-2026,50.58,50.62,50.565,50.6149,19800
TAXI,27-Jul-2026,50.7301,50.7301,50.73,50.73,200
TAXS,27-Jul-2026,50.15,50.15,50.125,50.125,7300
TAXT,27-Jul-2026,50.93,50.93,50.83,50.9009,8900
TAYD,27-Jul-2026,54.64,56.31,54.61,55.45,29100
TBBK,27-Jul-2026,67.61,68.9963,67.09,67.4,383400
TBCH,27-Jul-2026,12.23,12.4,11.96,12.35,140000
TBIL,27-Jul-2026,49.98,49.99,49.98,49.99,2210600
TBLA,27-Jul-2026,4.9,4.99,4.87,4.95,1871000
TBLD,27-Jul-2026,21.86,21.9443,21.58,21.65,53700
TBPH,27-Jul-2026,16.87,16.91,16.86,16.86,395400
TC,27-Jul-2026,2.39,2.39,2.02,2.225,294971
TCAN,27-Jul-2026,20.715,20.759,20.3,20.4891,6400
TCBI,27-Jul-2026,99.87,100.42,98.1362,98.4,582700
TCBIO,27-Jul-2026,20.43,20.47,20.33,20.47,11400
TCBK,27-Jul-2026,57.9,58.56,57.47,57.57,340800
TCBS,27-Jul-2026,17.417,17.417,17.417,17.417,300
TCHI,27-Jul-2026,23.64,23.71,23.52,23.67,9900
TCMD,27-Jul-2026,27.78,28.145,27.67,27.76,126700
TCOM,27-Jul-2026,45.45,45.65,44.11,44.79,4375977
TCPC,27-Jul-2026,3.1992,3.23,3.14,3.17,397885
TCRT,27-Jul-2026,1.91,1.95,1.85,1.93,14900
TCRX,27-Jul-2026,0.8085,0.8699,0.7602,0.7683,907000
TCX,27-Jul-2026,8.84,9.05,8.52,8.57,150200
TDAC,27-Jul-2026,10.74,10.75,10.74,10.74,6179
TDACW,27-Jul-2026,2,2.42,1.7,2.02,32500
TDCL,27-Jul-2026,18.89,18.89,18.6308,18.6308,500
TDI,27-Jul-2026,45.07,45.07,44.311,44.6334,21500
TDIC,27-Jul-2026,2.69,2.75,2.5001,2.53,38204
TDIV,27-Jul-2026,108.42,109,107.025,108.1938,273600
TDOG,27-Jul-2026,14.57,14.675,14.4631,14.4631,400
TDOT,27-Jul-2026,9.68,9.73,9.5067,9.5067,900
TDSB,27-Jul-2026,24.5101,24.5201,24.49,24.5122,1700
TDSC,27-Jul-2026,27.57,27.65,27.56,27.6098,3600
TDTH,27-Jul-2026,3.08,3.09,2.85,3.01,43300
TDUP,27-Jul-2026,5.85,6.06,5.72,5.86,1321200
TDWDR,27-Jul-2026,0.1313,0.1497,0.1313,0.1497,4600
TEAD,27-Jul-2026,0.772,0.829,0.772,0.8233,33400
TEAM,27-Jul-2026,87.2972,97.73,86.7,95.84,3914388
TECH,27-Jul-2026,71.66,71.88,71.58,71.62,3796400
TECX,27-Jul-2026,30.53,31.54,30.33,30.61,160800
TECY,27-Jul-2026,21.89,21.95,21.72,21.95,2300
TEKX,27-Jul-2026,63.165,64.1592,63.08,64.1592,2700
TEKY,27-Jul-2026,41.6511,41.6511,41.6511,41.6511,100
TELA,27-Jul-2026,0.68,0.7008,0.6116,0.65,24600
TELO,27-Jul-2026,1.16,1.23,1.15,1.23,65500
TEM,27-Jul-2026,43.5,44.38,42.01,42.93,3363098
TENB,27-Jul-2026,32.33,33.57,32.33,32.44,2044200
TENX,27-Jul-2026,14.86,16.28,14.6303,16.18,1334473
TER,27-Jul-2026,360.51,366,319.6,334.59,2519776
TERG,27-Jul-2026,37.55,38.31,31.26,34.27,40800
TEXN,27-Jul-2026,31.83,31.83,31.5643,31.6431,1200
TEXX,27-Jul-2026,29.82,29.82,29.3,29.3,400
TFGZ,27-Jul-2026,34.6382,34.6382,34.6382,34.6382,100
TFNS,27-Jul-2026,29.24,29.25,29.06,29.1307,13800
TFSL,27-Jul-2026,18.22,18.321,18,18.08,661900
TGHL,27-Jul-2026,0.6712,0.706,0.645,0.6467,156469
TGL,27-Jul-2026,3.31,3.36,3.17,3.2,21800
TGTX,27-Jul-2026,57.3,57.58,55.6,55.75,1680300
TH,27-Jul-2026,16.35,16.42,15.26,16.1,1388100
THCH,27-Jul-2026,1.66,1.86,1.52,1.74,9500
THFF,27-Jul-2026,78.03,78.5,76.97,77.67,64300
THH,27-Jul-2026,0.206,0.2119,0.203,0.2094,56300
THMZ,27-Jul-2026,33.02,33.1377,33.02,33.1377,3100
THRM,27-Jul-2026,42.27,42.99,40.96,42.07,747200
THRV,27-Jul-2026,24.02,24.05,24.02,24.02,3300
THRY,27-Jul-2026,3.87,4.18,3.87,4.16,424100
THYM,27-Jul-2026,50.2,50.32,50.2,50.2061,1600
THYP,27-Jul-2026,34.32,34.63,32.62,33.02,48700
TIGO,27-Jul-2026,94.54,97.3,94.54,95.38,1465800
TIGR,27-Jul-2026,4.84,4.92,4.74,4.91,1630400
TIL,27-Jul-2026,7.14,7.17,7.05,7.15,15100
TILC,27-Jul-2026,25.195,25.195,25.195,25.195,100
TILE,27-Jul-2026,33.28,33.76,33.25,33.73,222700
TIPT,27-Jul-2026,17.92,18.14,17.74,18.05,193600
TISC,27-Jul-2026,23.1815,23.1815,23.1815,23.1815,100
TITN,27-Jul-2026,20.21,20.36,19.635,20.12,175200
TJGC,27-Jul-2026,5.19,5.22,5.12,5.14,84500
TKLF,27-Jul-2026,2.09,2.09,2.05,2.07,13400
TKNO,27-Jul-2026,5,5.02,4.77,4.85,119700
TKNS,27-Jul-2026,21.84,22.01,21.84,21.9232,600
TLA,27-Jul-2026,22.1701,22.2769,22.08,22.2769,7700
TLF,27-Jul-2026,2.4295,2.4295,2.37,2.37,2800
TLG,27-Jul-2026,25.36,25.5243,25.36,25.505,2300
TLIH,27-Jul-2026,5.96,5.96,5.7,5.795,12700
TLN,27-Jul-2026,362.79,368,340.78,347.07,642500
TLNC,27-Jul-2026,10.3,10.3,10.27,10.27,5300
TLPH,27-Jul-2026,1.35,1.35,1.25,1.26,389800
TLRY,27-Jul-2026,3.9062,4.08,3.895,4.04,3269501
TLS,27-Jul-2026,4.58,4.735,4.58,4.63,268600
TLSA,27-Jul-2026,0.9328,0.9459,0.91,0.9102,114500
TLSI,27-Jul-2026,4.26,4.413,4.12,4.32,94400
TLT,27-Jul-2026,83.75,83.88,83.52,83.76,19445849
TLX,27-Jul-2026,10.14,10.32,9.9,9.98,106200
TMB,27-Jul-2026,25.27,25.29,25.27,25.285,17200
TMC,27-Jul-2026,3.7,3.9,3.65,3.76,2893847
TMCI,27-Jul-2026,4.06,4.22,3.98,4.08,237500
TMCR,27-Jul-2026,5.7,6.39,5.7,6.39,62900
TMCWW,27-Jul-2026,0.05,0.0595,0.04,0.047,113600
TMDX,27-Jul-2026,74.01,74.51,72.02,74.28,644100
TMED,27-Jul-2026,34.93,34.93,34.394,34.394,15700
TMNL,27-Jul-2026,49.85,49.9663,49.85,49.9663,700
TMNS,27-Jul-2026,49.8597,49.8597,49.8597,49.8597,100
TMS,27-Jul-2026,5.79,5.92,5.6,5.75,50700
TMSF,27-Jul-2026,50.0731,50.0731,50.0731,50.0731,100
TMSWW,27-Jul-2026,1.3,1.4701,1.08,1.13,9900
TMTS,27-Jul-2026,10.07,10.07,10.07,10.07,150000
TMTSW,27-Jul-2026,0.57,0.57,0.5202,0.5202,2300
TMUS,27-Jul-2026,180.99,184.33,177.04,177.21,5495600
TMUSI,27-Jul-2026,20.42,20.42,20.3,20.375,10200
TMUSL,27-Jul-2026,22.95,22.99,22.89,22.98,11400
TMUSZ,27-Jul-2026,20.23,20.28,20.0901,20.27,17800
TMYY,27-Jul-2026,22.82,22.89,22.47,22.89,3000
TNDM,27-Jul-2026,17.13,17.27,16.34,17.17,1577400
TNGX,27-Jul-2026,26.81,28.09,26.51,26.72,2199300
TNMG,27-Jul-2026,0.3863,0.3863,0.3537,0.3726,187200
TNON,27-Jul-2026,0.2002,0.2002,0.178,0.1876,387491
TNONW,27-Jul-2026,0.01,0.01,0.0049,0.0081,120900
TNXP,27-Jul-2026,10,10.58,9.99,10.37,403500
TNXT,27-Jul-2026,27.16,27.16,26.86,26.8814,3200
TNYA,27-Jul-2026,0.7707,0.82,0.75,0.7689,1071845
TOMZ,27-Jul-2026,1.51,1.67,1.51,1.67,12900
TONX,27-Jul-2026,3.24,3.49,3.2007,3.34,249577
TOP,27-Jul-2026,2.13,2.25,1.97,2.14,408900
TORO,27-Jul-2026,5.06,5.15,4.95,5.04,8300
TOUR,27-Jul-2026,5.11,5.27,5.06,5.06,7900
TOWN,27-Jul-2026,36.99,37.9,36.65,37.78,1009200
TOYO,27-Jul-2026,4.9,4.905,4.69,4.81,404390
TPCS,27-Jul-2026,4.53,4.6399,4.5,4.5,36000
TPG,27-Jul-2026,43.62,44.04,42.8,42.96,1994600
TPGXL,27-Jul-2026,23.02,23.0299,22.83,22.88,7400
TPLS,27-Jul-2026,24.9019,24.9019,24.9019,24.9019,100
TPST,27-Jul-2026,0.9052,0.9784,0.905,0.9346,127700
TQQQ,27-Jul-2026,66.51,67.22,61.64,63.37,63115744
TQQY,27-Jul-2026,12.5,12.54,12.33,12.41,10500
TRAW,27-Jul-2026,0.4881,0.52,0.4799,0.52,82600
TRAX,27-Jul-2026,43.37,46.45,39.6,42.03,2592000
TRBF,27-Jul-2026,48.85,48.89,48.83,48.875,2600
TRDA,27-Jul-2026,5.95,6.23,5.95,6.08,446700
TREE,27-Jul-2026,39.28,40.62,39.28,40.4,163900
TRGSR,27-Jul-2026,0.161,0.161,0.1607,0.1607,200
TRGSU,27-Jul-2026,10.05,10.05,10.05,10.05,200
TRI,27-Jul-2026,91.36,98.09,90.9,97.76,2604200
TRIB,27-Jul-2026,7.94,9.5,7.94,9.15,13500
TRIN,27-Jul-2026,17.51,17.518,17.26,17.41,514403
TRIP,27-Jul-2026,13.92,14.44,13.91,14.28,1893600
TRMB,27-Jul-2026,53.83,55.99,53.83,55.77,2934000
TRMD,27-Jul-2026,29.33,30.07,29.12,29.8,514500
TRMK,27-Jul-2026,46.89,47.07,46.245,46.31,578500
TRNR,27-Jul-2026,3.14,3.23,3.05,3.06,16000
TRNS,27-Jul-2026,86.07,88.44,83.03,86.14,154100
TRON,27-Jul-2026,1.48,1.59,1.48,1.56,509900
TROO,27-Jul-2026,2.055,2.055,1.915,1.92,221600
TROW,27-Jul-2026,117.85,119.4,117.07,119.21,1234400
TRS,27-Jul-2026,40.24,40.665,39.9,40.56,418300
TRSG,27-Jul-2026,1.35,1.4999,1.35,1.48,2100
TRST,27-Jul-2026,57.69,57.92,56.99,57.41,142700
TRUC,27-Jul-2026,24.56,24.56,24.4146,24.4146,37200
TRUD,27-Jul-2026,24.3,24.31,24.21,24.2713,125600
TRUF,27-Jul-2026,29.6523,29.6523,29.6523,29.6523,100
TRUG,27-Jul-2026,1.19,1.22,1.15,1.22,78600
TRUH,27-Jul-2026,28.58,28.58,28.4975,28.4975,1100
TRUI,27-Jul-2026,26.2173,26.2173,26.2173,26.2173,100
TRUM,27-Jul-2026,25.06,25.06,25.06,25.06,100
TRUN,27-Jul-2026,27.4954,27.4954,27.4954,27.4954,100
TRUO,27-Jul-2026,25.783,25.783,25.783,25.783,100
TRUP,27-Jul-2026,24.37,25.07,24.37,24.87,337600
TRUR,27-Jul-2026,25.883,25.883,25.883,25.883,100
TRUT,27-Jul-2026,30.5,30.5,29.68,29.9091,1519500
TRUU,27-Jul-2026,25.02,25.02,24.955,24.955,100
TRVG,27-Jul-2026,5.42,5.54,4.95,5.4,60300
TRVI,27-Jul-2026,17.53,18.46,17.53,18.11,962430
TSAT,27-Jul-2026,38.05,38.69,36.2,37.75,194000
TSBK,27-Jul-2026,43.87,44.2,43.365,44,32900
TSCM,27-Jul-2026,19.93,20.1617,19.93,20.1617,1000
TSCO,27-Jul-2026,31.69,32.22,31.08,31.8,12914700
TSDD,27-Jul-2026,11.1,11.99,11,11.65,16041771
TSEL,27-Jul-2026,27.6,27.6,26.985,27.1996,8000
TSEM,27-Jul-2026,245.95,247.56,213.69,224.12,898849
TSHA,27-Jul-2026,5.67,5.98,5.54,5.54,2367100
TSL,27-Jul-2026,11.6,11.66,11.0401,11.255,520996
TSLA,27-Jul-2026,316.92,318.25,304.28,309.24,32121298
TSLG,27-Jul-2026,3.76,3.81,3.4811,3.5901,30066435
TSLL,27-Jul-2026,7.54,7.68,7.02,7.245,89725974
TSLQ,27-Jul-2026,26.26,28.4586,26.07,27.63,4210876
TSLR,27-Jul-2026,13.13,13.19,12.07,12.46,669936
TSLS,27-Jul-2026,66.4,68.25,65.61,67.29,299900
TSMG,27-Jul-2026,35.85,36,32.99,34.79,95000
TSMU,27-Jul-2026,64.28,64.5,59.34,62.68,88700
TSMX,27-Jul-2026,75.7,76.42,67.97,71.735,503887
TSMZ,27-Jul-2026,8.2,8.57,8.2,8.35,112400
TSPY,27-Jul-2026,25.26,25.32,24.98,25.11,133900
TSSI,27-Jul-2026,10.12,10.23,9.52,9.82,532000
TSUI,27-Jul-2026,14.29,14.29,14,14.0876,10400
TSYX,27-Jul-2026,23.27,23.27,22.74,22.87,10200
TSYY,27-Jul-2026,20.26,20.29,20.22,20.25,29100
TTAN,27-Jul-2026,72.58,77.46,71.6,74.92,1390200
TTD,27-Jul-2026,17.28,18.435,17.28,17.88,8986376
TTEC,27-Jul-2026,2.16,2.255,2.15,2.195,543925
TTEK,27-Jul-2026,31.81,32.44,31.71,31.89,2629500
TTEQ,27-Jul-2026,39.94,40.02,38.49,39.0948,45300
TTGT,27-Jul-2026,3.41,3.98,3.37,3.8,483700
TTMI,27-Jul-2026,135.78,136.57,118.76,123.7,1222602
TTRX,27-Jul-2026,8.59,8.63,7.72,7.78,74500
TTWO,27-Jul-2026,233.6,244.51,233.6,243.965,954041
TUG,27-Jul-2026,44.28,44.4931,44.1601,44.4931,1200
TUGN,27-Jul-2026,26.88,26.91,26.34,26.485,31400
TULP,27-Jul-2026,3.5101,3.6,3.195,3.2699,12200
TUR,27-Jul-2026,38.77,38.77,38.58,38.7,38100
TURB,27-Jul-2026,1.455,1.74,1.25,1.43,1397035
TURF,27-Jul-2026,32.54,32.57,32.4,32.51,4700
TUSK,27-Jul-2026,2.72,2.76,2.65,2.72,108900
TVA,27-Jul-2026,10.5,10.54,10.5,10.54,10900
TVACW,27-Jul-2026,0.54,0.54,0.54,0.54,100
TVGN,27-Jul-2026,4.47,5.57,4.47,5.57,20200
TVGNW,27-Jul-2026,0.0532,0.055,0.0465,0.0524,461200
TVIV,27-Jul-2026,9.91,9.91,9.9,9.9,5800
TVIVU,27-Jul-2026,10.07,10.0704,10.07,10.0704,1200
TVRD,27-Jul-2026,2.52,2.6893,2.449,2.555,1346039
TVTX,27-Jul-2026,57.95,59.09,56.67,56.68,1663200
TW,27-Jul-2026,101.02,102.34,100.51,102.015,722400
TWAV,27-Jul-2026,1.27,1.32,1.15,1.25,41000
TWFG,27-Jul-2026,26.27,27.05,25.905,26.56,214000
TWG,27-Jul-2026,2.47,2.68,2.3101,2.68,18612
TWIN,27-Jul-2026,23.55,24,23.03,23.25,60400
TWLV,27-Jul-2026,9.99,9.99,9.99,9.99,8200
TWLVR,27-Jul-2026,0.2046,0.2046,0.2046,0.2046,2000
TWST,27-Jul-2026,93.5,95.31,85,86.54,1347500
TXG,27-Jul-2026,46.35,47.28,45.01,45.92,2108900
TXMD,27-Jul-2026,2.05,2.1,2.05,2.07,9800
TXN,27-Jul-2026,284.9,285.8016,273.67,279.45,3430515
TXRH,27-Jul-2026,198.49,201.69,196.29,201.04,914400
TXUE,27-Jul-2026,35.27,35.47,35.0701,35.1852,30200
TXUG,27-Jul-2026,26.5878,26.5878,26.5878,26.5878,100
TXXD,27-Jul-2026,3.18,3.23,3.04,3.12,21100
TXXH,27-Jul-2026,38.65,38.68,35.94,35.94,4000
TXXS,27-Jul-2026,21.98,22.14,20.82,20.9997,36100
TYGO,27-Jul-2026,1.69,1.76,1.64,1.68,792100
TYRA,27-Jul-2026,30.79,32.26,30.79,31.06,473700
TZOO,27-Jul-2026,9.99,10.44,9.99,10.21,96800
UAE,27-Jul-2026,18.98,19.01,18.8,18.86,113700
UAL,27-Jul-2026,122.1267,123.68,118.6,120.57,2402604
UBCP,27-Jul-2026,15.88,15.88,15.715,15.715,1200
UBND,27-Jul-2026,21.45,21.45,21.42,21.445,80500
UBRL,27-Jul-2026,12.67,13.235,12.22,13.16,172700
UBSI,27-Jul-2026,48,48.37,47.72,47.94,997600
UCAR,27-Jul-2026,0.96,1,0.9359,0.9781,90800
UCL,27-Jul-2026,0.97,0.97,0.9,0.93,6200
UCRD,27-Jul-2026,21.145,21.145,21.145,21.145,100
UCTT,27-Jul-2026,93.36,94.47,82.59,86.97,2125300
UCYB,27-Jul-2026,75.15,76.45,73.53,74.281,2600
UECG,27-Jul-2026,3.32,3.54,3.28,3.43,72100
UEIC,27-Jul-2026,4.53,4.58,4.52,4.56,16200
UEVM,27-Jul-2026,59.72,59.89,59.19,59.4915,6700
UFCS,27-Jul-2026,51.34,52.5,51.12,51.45,111300
UFG,27-Jul-2026,0.698,0.73,0.698,0.7182,11064
UFIV,27-Jul-2026,47.9615,47.98,47.95,47.9659,1800
UFO,27-Jul-2026,43.43,44.3,43.25,43.89,318300
UFOX,27-Jul-2026,80.68,80.79,78.6,80,40400
UFPI,27-Jul-2026,88.63,90.215,88.11,88.21,528800
UFPT,27-Jul-2026,240.76,249.34,238.59,248.63,241800
UG,27-Jul-2026,8,8.45,7.905,8.2,45500
UITB,27-Jul-2026,46.21,46.245,46.175,46.226,151100
UIVM,27-Jul-2026,74.4,74.4,74.1641,74.1641,300
UK,27-Jul-2026,2.13,2.1494,1.96,2.0694,13600
ULBI,27-Jul-2026,5.31,5.5432,5.24,5.41,25800
ULCC,27-Jul-2026,6.02,6.24,5.89,6.1,4336600
ULH,27-Jul-2026,15.99,16.27,13.88,14.24,56000
ULTA,27-Jul-2026,480.2,484.6,474.46,480.51,425100
ULTI,27-Jul-2026,7.89,7.94,7.4601,7.56,114913
ULVM,27-Jul-2026,109.3,109.66,108.7467,108.9536,6300
UMBF,27-Jul-2026,141.89,142.98,140.58,140.97,830300
UMBFO,27-Jul-2026,26.48,26.48,26.3001,26.385,7200
UMMA,27-Jul-2026,36.21,36.21,35.4,35.71,50100
UNB,27-Jul-2026,24.69,24.69,23.24,23.62,14200
UNCY,27-Jul-2026,5.4,5.5,5.12,5.135,499629
UNHG,27-Jul-2026,23.22,23.22,22.2,22.61,549400
UNIT,27-Jul-2026,10.98,10.98,10.53,10.77,1922300
UNIY,27-Jul-2026,47.8552,47.8552,47.8552,47.8552,100
UNTY,27-Jul-2026,58.81,60,57.79,58.11,53600
UONE,27-Jul-2026,5.12,5.17,5,5.03,4600
UONEK,27-Jul-2026,4.94,5.03,4.94,4.96,3000
UPB,27-Jul-2026,6.47,6.6,6.26,6.4,459400
UPBD,27-Jul-2026,20.76,21.31,20.56,20.61,857300
UPC,27-Jul-2026,3.5,3.61,3.4,3.45,29400
UPGR,27-Jul-2026,24.6234,24.6234,24.6234,24.6234,100
UPLD,27-Jul-2026,4.16,4.63,4.02,4.47,47000
UPSG,27-Jul-2026,18.44,18.44,17.95,17.9682,1100
UPST,27-Jul-2026,27.4749,28.435,27.34,27.48,2079080
UPWK,27-Jul-2026,8.98,9.45,8.98,9.26,3071800
UPXI,27-Jul-2026,0.8516,0.8516,0.7905,0.8442,471166
URBN,27-Jul-2026,71.53,72.88,71,72.61,880600
URGN,27-Jul-2026,41.63,41.9594,40.1,41.46,517100
URNJ,27-Jul-2026,22.37,22.72,21.92,22.12,62500
UROY,27-Jul-2026,3,3.0077,2.7,2.735,6682312
USAF,27-Jul-2026,27.6549,27.6549,27.6549,27.6549,100
USAR,27-Jul-2026,14.48,15.3,14.23,14.935,6896273
USAU,27-Jul-2026,13.63,13.65,12.94,13.37,276400
USCB,27-Jul-2026,22.02,22.845,21.87,22.665,124000
USCL,27-Jul-2026,82.8781,82.8781,82.8781,82.8781,100
USDE,27-Jul-2026,1.46,1.58,1.33,1.54,460338
USDEW,27-Jul-2026,0.5101,0.55,0.4101,0.412,18500
USDX,27-Jul-2026,25.48,25.55,25.46,25.525,56500
USEA,27-Jul-2026,2.57,2.57,2.51,2.55,13000
USFI,27-Jul-2026,24.3,24.3,24.3,24.3,100
USGG,27-Jul-2026,4.99,5.455,4.835,5.24,143809
USGO,27-Jul-2026,7.53,7.72,7.34,7.53,39400
USIG,27-Jul-2026,50.41,50.4202,50.3599,50.39,1730400
USIN,27-Jul-2026,49.0842,49.0842,49.0842,49.0842,100
USIO,27-Jul-2026,1.88,1.96,1.86,1.93,110600
USLM,27-Jul-2026,111.67,114.72,109.01,114.48,209600
USMC,27-Jul-2026,74.23,74.23,73.375,73.67,46100
USOI,27-Jul-2026,44.27,45.08,44.27,44.83,563800
USOY,27-Jul-2026,7.35,7.35,7.16,7.16,510400
USRD,27-Jul-2026,37.0003,37.0003,37.0003,37.0003,100
USSH,27-Jul-2026,50.23,50.23,50.23,50.23,100
USTB,27-Jul-2026,50.4,50.4,50.39,50.4,128500
USVM,27-Jul-2026,110.43,110.8399,109.62,109.9684,52900
USVN,27-Jul-2026,47.1825,47.1825,47.1825,47.1825,100
USXF,27-Jul-2026,67.05,67.09,65.49,66.14,45000
UTEN,27-Jul-2026,42.6,42.67,42.58,42.63,70200
UTHR,27-Jul-2026,529.71,535.22,524.81,527.94,431300
UTHY,27-Jul-2026,39.59,39.6399,39.475,39.57,66000
UTMD,27-Jul-2026,68,70,66.9,69.1,63100
UTRE,27-Jul-2026,48.925,48.9274,48.925,48.9274,100
UTSI,27-Jul-2026,2.35,2.41,2.35,2.35,9100
UTWO,27-Jul-2026,47.92,47.9599,47.92,47.935,105400
UTWY,27-Jul-2026,41.67,41.7117,41.67,41.7117,200
UUUG,27-Jul-2026,3.25,3.36,3.0824,3.2854,57000
UVSP,27-Jul-2026,44.25,44.68,43.86,44.205,660200
UXIN,27-Jul-2026,1.53,1.63,1.5,1.61,97300
UYLD,27-Jul-2026,51.13,51.13,51.08,51.12,74700
UZX,27-Jul-2026,0.211,0.2311,0.211,0.2177,14900
VABK,27-Jul-2026,45.45,47.85,44.5,45.94,15100
VALG,27-Jul-2026,17.22,17.22,17.1764,17.1764,300
VALN,27-Jul-2026,4.97,5.06,4.9,4.96,4400
VALU,27-Jul-2026,38.13,38.16,37.54,37.54,1900
VANI,27-Jul-2026,1.3,1.32,1.26,1.3,134200
VAVX,27-Jul-2026,13.73,13.77,13.615,13.69,2100
VBCA,27-Jul-2026,75.53,75.53,75.52,75.53,3700
VBCB,27-Jul-2026,75.3,75.4,75.3,75.3353,14100
VBCC,27-Jul-2026,75.08,75.2399,75.075,75.105,3500
VBCD,27-Jul-2026,74.84,74.87,74.8345,74.87,4100
VBCE,27-Jul-2026,74.79,74.8,74.775,74.795,2700
VBCF,27-Jul-2026,74.7076,74.77,74.7076,74.73,1500
VBCG,27-Jul-2026,74.37,74.395,74.37,74.395,800
VBCH,27-Jul-2026,74.455,74.455,74.37,74.37,200
VBCI,27-Jul-2026,74.28,74.31,74.25,74.2946,600
VBCJ,27-Jul-2026,73.975,74.035,73.975,74.035,400
VBIL,27-Jul-2026,75.66,75.67,75.66,75.67,2095327
VBIO,27-Jul-2026,0.2873,0.3073,0.2577,0.2827,240600
VBNB,27-Jul-2026,22.3,22.3208,22,22.3208,6900
VBNK,27-Jul-2026,20.26,20.26,19.47,19.6,90000
VC,27-Jul-2026,104.74,105.63,103.17,105.54,479500
VCEL,27-Jul-2026,45.48,46.14,45.21,45.32,394600
VCIG,27-Jul-2026,0.515,0.6088,0.376,0.436,1024019
VCIT,27-Jul-2026,81.35,81.415,81.295,81.33,8868390
VCLT,27-Jul-2026,72.6,72.6581,72.41,72.47,2729410
VCRB,27-Jul-2026,76.16,76.18,76.09,76.1512,361400
VCRE,27-Jul-2026,11.59,11.59,11.06,11.06,1100
VCSH,27-Jul-2026,78.51,78.54,78.49,78.5,4696600
VCTR,27-Jul-2026,98.7,100.21,98.19,99.67,309300
VCYT,27-Jul-2026,57.78,58.09,55.21,55.61,748800
VECO,27-Jul-2026,51.49,51.58,46.68,48.49,919100
VEEA,27-Jul-2026,0.1617,0.1919,0.1561,0.1565,820851
VEEAW,27-Jul-2026,0.0599,0.0599,0.0598,0.0598,200
VEEE,27-Jul-2026,14.23,23.316,13.7,15.51,2560129
VEFA,27-Jul-2026,80.1288,80.1288,80.1288,80.1288,100
VELO,27-Jul-2026,9.9599,10.47,9.65,10.255,1032840
VEON,27-Jul-2026,51.36,52.48,51,51.7,67500
VERA,27-Jul-2026,35,36.215,35,35.17,573074
VERI,27-Jul-2026,1.05,1.1,1.03,1.09,1324118
VERU,27-Jul-2026,2.25,2.55,2.24,2.28,424673
VERX,27-Jul-2026,12.1,13.18,12.03,12.64,2358500
VFF,27-Jul-2026,1.97,2.03,1.93,2.03,337905
VFLO,27-Jul-2026,48.53,48.97,48.41,48.69,1715500
VFS,27-Jul-2026,2.91,2.96,2.86,2.95,521800
VGAS,27-Jul-2026,0.98,1.23,0.98,1.13,123534
VGASW,27-Jul-2026,0.0218,0.0245,0.0218,0.0235,18400
VGIT,27-Jul-2026,58.37,58.45,58.35,58.4,2309800
VGLT,27-Jul-2026,53.61,53.67,53.49,53.62,1806000
VGSH,27-Jul-2026,58.02,58.05,58.01,58.02,2931800
VGSR,27-Jul-2026,11.82,11.82,11.73,11.76,58100
VGUS,27-Jul-2026,75.625,75.63,75.62,75.625,77300
VHC,27-Jul-2026,12.18,12.745,11.52,12.18,27200
VHUB,27-Jul-2026,0.69,0.8,0.67,0.8,33900
VIAV,27-Jul-2026,40.19,41.24,36.82,38.15,1971328
VICR,27-Jul-2026,212.01,219.2,195.2,206.44,949400
VIGI,27-Jul-2026,96.23,96.39,95.83,96.2,225400
VINP,27-Jul-2026,9.6,9.76,9.53,9.72,22400
VIOT,27-Jul-2026,0.75,0.7597,0.7492,0.755,65900
VIP,27-Jul-2026,2.42,2.45,2.17,2.24,404700
VIR,27-Jul-2026,8.82,9.085,8.77,8.8,1687900
VIRC,27-Jul-2026,6.01,6.12,5.98,6.04,31300
VISN,27-Jul-2026,11.87,11.9,11.63,11.85,4062000
VITL,27-Jul-2026,12.98,13.63,12.9,13.29,1225600
VIVK,27-Jul-2026,2.71,2.94,1.98,2.1001,3896416
VIVO,27-Jul-2026,4.3065,4.43,3.74,3.915,495821
VIVS,27-Jul-2026,0.44,0.44,0.3612,0.3826,1253568
VKTX,27-Jul-2026,35.41,36.12,34.64,34.87,1890000
VLGEA,27-Jul-2026,42.62,43.635,42.62,42.94,40600
VLOS,27-Jul-2026,10.79,10.79,10.67,10.67,1000500
VLOSU,27-Jul-2026,11.03,11.1,10.81,10.81,600
VLY,27-Jul-2026,14.43,14.55,14.285,14.35,8029200
VLYPN,27-Jul-2026,25.89,25.8999,25.7016,25.88,4000
VLYPO,27-Jul-2026,24.815,24.8744,24.7636,24.835,2500
VLYPP,27-Jul-2026,24.95,25.05,24.95,25.05,1000
VMAR,27-Jul-2026,0.755,0.7581,0.6505,0.71,938459
VMBS,27-Jul-2026,46.24,46.29,46.13,46.27,1413599
VMD,27-Jul-2026,11.81,12.161,11.81,12.12,256700
VMET,27-Jul-2026,9.11,9.4,9.01,9.16,146000
VNCE,27-Jul-2026,5.84,6.26,5.84,6.05,83200
VNDA,27-Jul-2026,5.18,5.33,5.18,5.22,856700
VNET,27-Jul-2026,7.4,7.42,7.06,7.17,3459800
VNOM,27-Jul-2026,44.33,44.65,42.975,43.04,1410500
VNQI,27-Jul-2026,45.77,45.82,45.63,45.8,250473
VOD,27-Jul-2026,15.91,16.09,15.78,15.8,6003000
VOLT,27-Jul-2026,38.24,38.24,36.63,37.36,373300
VONE,27-Jul-2026,337.05,337.35,333.32,334.59,56700
VONG,27-Jul-2026,122.35,122.5599,119.53,120.57,940800
VONV,27-Jul-2026,109.41,109.87,109.3,109.5,555800
VOR,27-Jul-2026,19.42,20.74,19.41,19.44,948200
VOTE,27-Jul-2026,87.81,87.81,86.72,87.0483,37300
VOXR,27-Jul-2026,4.37,4.45,4.24,4.29,393400
VPLS,27-Jul-2026,76.52,76.5679,76.465,76.5275,257400
VRA,27-Jul-2026,3.7,3.79,3.7,3.74,60500
VRAX,27-Jul-2026,3.24,3.3,3,3.14,38931
VRCA,27-Jul-2026,5.08,5.44,5,5.35,102100
VRDN,27-Jul-2026,19.57,20.1,19.34,19.7,2224500
VREX,27-Jul-2026,11.1,11.37,10.875,10.98,337500
VRIG,27-Jul-2026,25.05,25.05,25.04,25.05,254400
VRM,27-Jul-2026,7.195,7.195,7.195,7.195,900
VRME,27-Jul-2026,0.6446,0.686,0.6403,0.686,91400
VRNS,27-Jul-2026,45.48,47.27,45.42,46.67,2011700
VRRM,27-Jul-2026,4.08,4.235,4.07,4.19,3372123
VRSK,27-Jul-2026,203.62,209.315,202.24,206.66,1848500
VRSN,27-Jul-2026,284.79,284.8,272.915,274.82,821800
VRTL,27-Jul-2026,40.26,40.26,33.204,37.0947,104862
VRTX,27-Jul-2026,479.27,487.21,477.99,479,1630900
VRXA,27-Jul-2026,1.89,2.28,1.86,2.01,823400
VRXAW,27-Jul-2026,0.1051,0.1467,0.1011,0.1467,2400
VS,27-Jul-2026,1.4,1.4,1.3,1.31,16700
VSA,27-Jul-2026,3.54,3.54,3.25,3.25,18000
VSAT,27-Jul-2026,72.78,75.32,72.59,74.87,1338800
VSDA,27-Jul-2026,58.88,59.3824,58.88,59.3824,1600
VSEC,27-Jul-2026,198.49,203.51,194.435,200.93,270500
VSECU,27-Jul-2026,54.29,54.29,51.48,52.17,14700
VSEE,27-Jul-2026,0.079,0.0869,0.078,0.0794,2986592
VSME,27-Jul-2026,1.38,1.38,1.17,1.23,37500
VSMV,27-Jul-2026,60.58,60.82,60.58,60.8106,1500
VSNT,27-Jul-2026,35.83,36.32,35.65,35.88,1811000
VSOL,27-Jul-2026,10.2814,10.35,10.04,10.14,11251
VSTL,27-Jul-2026,29.3,29.48,26.95,27.41,23100
VSTM,27-Jul-2026,6.17,6.46,6.07,6.08,2244200
VTC,27-Jul-2026,75.53,75.53,75.38,75.44,58646
VTGN,27-Jul-2026,0.227,0.2334,0.217,0.2302,506200
VTHR,27-Jul-2026,329.72,329.72,325.58,326.9,26100
VTIP,27-Jul-2026,49.57,49.58,49.52,49.52,2943600
VTIX,27-Jul-2026,2.56,4.73,1.47,2.17,11294545
VTRS,27-Jul-2026,17.35,17.75,17.28,17.635,9762800
VTSI,27-Jul-2026,3.17,3.19,3.11,3.14,15700
VTVT,27-Jul-2026,31.14,31.9,30.23,31.02,63200
VTWG,27-Jul-2026,273.41,274.81,269.57,272.8344,22600
VTWO,27-Jul-2026,118.86,119.42,117.67,118.42,1451600
VTWV,27-Jul-2026,196.84,196.935,195.58,196.0632,27100
VUZI,27-Jul-2026,2.4,2.4,2.215,2.325,884581
VVOS,27-Jul-2026,0.417,0.417,0.3864,0.403,131100
VWAV,27-Jul-2026,2.96,3,2.5,2.58,712100
VWAVW,27-Jul-2026,0.41,0.48,0.38,0.47,9300
VWOB,27-Jul-2026,66.05,66.1,65.955,66.015,279376
VXUS,27-Jul-2026,83.86,84.4705,83.285,83.785,3901670
VYGR,27-Jul-2026,3.11,3.28,3.02,3.09,713400
VYMI,27-Jul-2026,102.36,102.51,101.855,102.22,719500
WABC,27-Jul-2026,60.79,61.12,59.63,60.02,148900
WABF,27-Jul-2026,24.55,24.55,24.518,24.55,500
WAFD,27-Jul-2026,36.88,37.12,36.42,36.43,442300
WAFDP,27-Jul-2026,16.51,16.51,16.3758,16.51,16600
WAFU,27-Jul-2026,1.47,1.525,1.47,1.525,400
WALD,27-Jul-2026,1.74,1.74,1.64,1.72,433300
WALDW,27-Jul-2026,0.0365,0.0444,0.0365,0.0404,1200
WAMA,27-Jul-2026,25.91,25.91,25.85,25.8951,3400
WARP,27-Jul-2026,18.82,19.13,18.5,18.99,24200
WASH,27-Jul-2026,38.56,39.15,38.21,38.59,161200
WATT,27-Jul-2026,14.66,14.84,13.85,14.3,151900
WAVE,27-Jul-2026,7.82,7.82,7.42,7.61,32200
WAY,27-Jul-2026,23.15,23.47,22.82,23.13,2143700
WB,27-Jul-2026,7.85,7.93,7.8,7.81,667400
WBD,27-Jul-2026,25.8985,25.8985,25.25,25.275,24998977
WBTN,27-Jul-2026,9.22,9.48,9.15,9.27,413400
WBUY,27-Jul-2026,0.83,0.8394,0.7066,0.76,738240
WCBR,27-Jul-2026,36.76,37.18,36.35,36.53,41600
WCLD,27-Jul-2026,33.09,34.44,33.06,33.9,872100
WCT,27-Jul-2026,0.868,0.94,0.8386,0.92,66500
WDAF,27-Jul-2026,29.12,29.12,28.67,28.8919,2200
WDAY,27-Jul-2026,136.01,150.24,136.01,147.52,2907324
WDC,27-Jul-2026,542,545,471.32,497.92,4380598
WDFC,27-Jul-2026,232.45,234.8,231.1,233.55,106300
WDGF,27-Jul-2026,31.39,31.4807,31.38,31.4807,800
WEEI,27-Jul-2026,24.01,24.1,23.86,23.94,61000
WEN,27-Jul-2026,7.04,7.51,6.96,7.315,7155222
WENNW,27-Jul-2026,0.31,0.325,0.3,0.3,22100
WERN,27-Jul-2026,42.42,42.6335,39.91,40.43,1459100
WEST,27-Jul-2026,7.82,7.94,7.64,7.88,324700
WETH,27-Jul-2026,1.29,1.315,1.25,1.3,51800
WETO,27-Jul-2026,0.1,0.1058,0.0415,0.0435,30171962
WEYS,27-Jul-2026,38.29,38.9,38.1,38.63,18200
WFCF,27-Jul-2026,12.45,12.45,12.25,12.25,300
WFF,27-Jul-2026,2.11,2.364,2.03,2.364,26100
WFRD,27-Jul-2026,87.74,91.12,85.72,85.92,1286600
WGMI,27-Jul-2026,55.93,55.96,50.16,51.5,550899
WGS,27-Jul-2026,59.37,61.65,59.06,60.54,611500
WHF,27-Jul-2026,6.66,6.66,6.51,6.54,25800
WHFCL,27-Jul-2026,25.36,25.3701,25.3,25.37,3600
WHLR,27-Jul-2026,0.2476,0.25,0.2353,0.24,307632
WHWK,27-Jul-2026,3.74,3.81,3.67,3.7,737400
WILC,27-Jul-2026,29.35,30.5,28.86,29.4,6300
WIMA,27-Jul-2026,42.22,42.3429,42.22,42.3429,300
WIMI,27-Jul-2026,1.15,1.17,1.1,1.14,98200
WINA,27-Jul-2026,337.51,345.07,334.28,341.91,60200
WING,27-Jul-2026,135.71,139.99,133.2,137.24,1109000
WISE,27-Jul-2026,33.73,33.74,32.82,33.4382,2700
WIX,27-Jul-2026,52.92,57.5,52.43,56.34,1598800
WKEY,27-Jul-2026,6.32,6.46,6.18,6.23,39100
WKHS,27-Jul-2026,2.77,2.9,2.71,2.77,96100
WKSP,27-Jul-2026,0.65,0.69,0.6207,0.63,190331
WLCOU,27-Jul-2026,10.05,10.05,10.05,10.05,100
WLDN,27-Jul-2026,73.15,74.32,70.79,71.86,191800
WLDS,27-Jul-2026,3.33,6.5,2.62,2.89,7016852
WLFC,27-Jul-2026,69.99,70.91,68.6,70.47,275600
WLII,27-Jul-2026,10.26,10.26,10.23,10.25,133600
WLIIU,27-Jul-2026,10.4,10.4,10.4,10.4,200
WLIIW,27-Jul-2026,0.84,0.84,0.8,0.8,1400
WLTH,27-Jul-2026,9.08,9.26,9.06,9.24,1460600
WMG,27-Jul-2026,26.94,27.9,26.94,27.61,1216400
WMT,27-Jul-2026,109.68,112.51,109.32,111.74,11328070
WNEB,27-Jul-2026,14.44,14.908,13.79,14.4,28300
WNW,27-Jul-2026,2.62,2.62,2.49,2.57,50600
WOK,27-Jul-2026,1.99,2.11,1.87,1.905,104742
WOOD,27-Jul-2026,70.29,70.5,69.94,70.05,8600
WOOF,27-Jul-2026,2.63,2.78,2.63,2.72,1471500
WPRT,27-Jul-2026,1.91,1.91,1.76,1.76,95000
WRAP,27-Jul-2026,1.7523,1.835,1.68,1.795,381964
WRD,27-Jul-2026,5.49,5.64,5.35,5.63,1526639
WRLD,27-Jul-2026,204.67,205.99,192.025,195.83,216000
WRND,27-Jul-2026,40.4149,40.4149,40.4149,40.4149,100
WRTH,27-Jul-2026,25.79,25.79,25.68,25.7,58600
WSBC,27-Jul-2026,41.49,41.71,40.9,40.98,1059900
WSBCO,27-Jul-2026,25.71,25.71,25.64,25.67,3900
WSBF,27-Jul-2026,20.11,20.44,20.04,20.12,65700
WSBK,27-Jul-2026,12.96,13.0373,12.96,13.03,2800
WSC,27-Jul-2026,26.96,27.24,26.41,26.77,1450747
WSE,27-Jul-2026,11.67,11.93,11.67,11.91,1604500
WSFS,27-Jul-2026,80.02,81.455,79.235,80.61,464800
WSGE,27-Jul-2026,27.7403,27.7403,27.7403,27.7403,100
WSHP,27-Jul-2026,4.51,5.3,4.51,5.18,101500
WSML,27-Jul-2026,34.28,34.4305,34.28,34.4305,1300
WSPC,27-Jul-2026,25.693,25.9203,25.693,25.9203,200
WSTN,27-Jul-2026,10.12,10.12,10.12,10.12,2900
WTBA,27-Jul-2026,27.62,27.91,27.415,27.71,40900
WTBN,27-Jul-2026,24.7905,24.805,24.76,24.805,11000
WTF,27-Jul-2026,2.93,3.09,2.856,2.98,3700
WTFC,27-Jul-2026,159.05,161.4025,158.72,158.875,540800
WTFCN,27-Jul-2026,26.09,26.24,26.09,26.23,33600
WTG,27-Jul-2026,10.47,10.47,10.47,10.47,100
WTIP,27-Jul-2026,35.62,35.621,35.5266,35.5266,1800
WTMU,27-Jul-2026,25.365,25.365,25.365,25.365,100
WTMY,27-Jul-2026,25.145,25.145,25.145,25.145,100
WTW,27-Jul-2026,294.67,303.79,293.14,302.64,462300
WULF,27-Jul-2026,19.17,19.3962,17.33,17.985,17348984
WVE,27-Jul-2026,5.92,6.12,5.88,5.92,1927600
WVVI,27-Jul-2026,2.75,2.77,2.7,2.7,2500
WVVIP,27-Jul-2026,2.8,2.8,2.75,2.775,1600
WW,27-Jul-2026,13.45,14.15,13.35,13.85,277100
WWD,27-Jul-2026,420.99,428.5879,408.8,419.76,488600
WXM,27-Jul-2026,3.51,3.66,3.05,3.25,23800
WYFI,27-Jul-2026,24.3,25.14,22.14,23.15,1272467
WYHG,27-Jul-2026,4.61,4.61,3.32,3.35,57700
WYNN,27-Jul-2026,98.69,100.81,98.47,99.7,1623100
XAIR,27-Jul-2026,5.19,5.37,5.1,5.365,15900
XAIX,27-Jul-2026,52.61,52.61,51.65,52.07,10500
XBCI,27-Jul-2026,32.77,33.1,32.33,32.7,73816
XBIL,27-Jul-2026,50.12,50.13,50.12,50.13,76700
XBIO,27-Jul-2026,2.51,2.5677,2.5,2.5,3000
XBIT,27-Jul-2026,2.26,2.27,2.25,2.26,30000
XBP,27-Jul-2026,3.26,3.75,3.23,3.49,37000
XBTY,27-Jul-2026,5.61,5.61,5.53,5.59,8100
XCBE,27-Jul-2026,9.95,9.95,9.95,9.95,50000
XCH,27-Jul-2026,0.55,0.55,0.51,0.52,29600
XCNY,27-Jul-2026,32.22,32.27,32.1613,32.1613,1200
XCUR,27-Jul-2026,1.72,1.77,1.57,1.75,19100
XDEF,27-Jul-2026,22.1699,22.21,22.11,22.1338,1500
XE,27-Jul-2026,14.8,15.44,13.83,15.21,4723998
XEL,27-Jul-2026,81.56,82.06,80.38,80.71,3415000
XELB,27-Jul-2026,1.25,1.28,1.24,1.27,8200
XELLL,27-Jul-2026,23,23.14,23,23.09,43700
XENE,27-Jul-2026,65.55,66.43,64.3,65.78,517100
XERS,27-Jul-2026,8.4,8.47,8.2,8.21,873400
XEY,27-Jul-2026,20.29,20.29,20.29,20.29,100
XFOR,27-Jul-2026,3.86,3.99,3.83,3.94,360000
XGN,27-Jul-2026,4.74,4.89,4.31,4.4,201700
XHG,27-Jul-2026,1.01,1.01,0.97,0.97,2100
XHLD,27-Jul-2026,1.82,1.82,1.59,1.66,247800
XLO,27-Jul-2026,8.65,9.1899,8.44,9.09,37600
XMAG,27-Jul-2026,25.72,25.72,25.34,25.4524,51500
XMAX,27-Jul-2026,8.43,8.53,8.3626,8.44,400400
XMTR,27-Jul-2026,87.6,88.54,84.71,85.92,688400
XNCR,27-Jul-2026,19.48,20.6,19.46,19.86,942300
XNDU,27-Jul-2026,10.35,10.8,9.98,10.2,868673
XNET,27-Jul-2026,5.59,5.82,5.57,5.79,322700
XOMX,27-Jul-2026,42.23,44.31,42.23,43.88,25600
XOS,27-Jul-2026,1.9804,2.1066,1.98,2.07,28084
XOSWW,27-Jul-2026,0.0015,0.0022,0.0015,0.002,98000
XOVR,27-Jul-2026,18.81,18.8906,18.44,18.72,1936283
XP,27-Jul-2026,16.81,16.96,16.64,16.74,3154500
XPEG,27-Jul-2026,4.61,4.78,4.551,4.6974,11800
XPEL,27-Jul-2026,42.9,44.68,42.58,42.97,233200
XPON,27-Jul-2026,3.31,3.67,3.14,3.565,38300
XQQI,27-Jul-2026,47.8,48.2549,46.2,46.8,219300
XRAY,27-Jul-2026,13.02,13.27,12.89,13.02,4061100
XRPC,27-Jul-2026,11.72,11.82,11.52,11.6,88900
XRPI,27-Jul-2026,6.0646,6.109,5.95,5.99,120875
XRPN,27-Jul-2026,10.47,10.47,10.44,10.44,62700
XRPNW,27-Jul-2026,0.7933,0.824,0.7671,0.795,54500
XRPT,27-Jul-2026,24,24.2,23.05,23.29,105433
XRTX,27-Jul-2026,2.01,2.14,1.95,2.02,18100
XRX,27-Jul-2026,2.61,2.78,2.6,2.73,1730423
XRXDW,27-Jul-2026,0.22,0.2296,0.211,0.212,88100
XSLL,27-Jul-2026,9.91,9.92,9.91,9.92,500
XSPC,27-Jul-2026,19.14,19.14,18.72,19.08,5500
XSPI,27-Jul-2026,48.94,49.06,48.26,48.5,33700
XT,27-Jul-2026,79.55,79.625,78.55,78.8899,114900
XTIA,27-Jul-2026,1.4276,1.505,1.4276,1.48,321833
XTLB,27-Jul-2026,2.86,2.88,2.79,2.88,1200
XWEL,27-Jul-2026,1.07,1.1,1.04,1.06,16300
XXII,27-Jul-2026,4.11,4.14,3.91,4.14,14100
XXX,27-Jul-2026,19.693,19.693,19.693,19.693,100
XYZG,27-Jul-2026,18.06,18.3,17.53,18.3,11700
YAAS,27-Jul-2026,0.76,0.76,0.69,0.72,86600
YARW,27-Jul-2026,25.5,28.56,23.37,28.56,93200
YB,27-Jul-2026,13.44,14.1899,13.4,14.18,24200
YBMN,27-Jul-2026,11.5,12.505,11.5,12.3832,12900
YBST,27-Jul-2026,12.81,12.81,12.77,12.795,500
YBTY,27-Jul-2026,11.3,11.42,11.3,11.36,5800
YDDL,27-Jul-2026,1.72,1.82,1.7,1.7,13200
YDES,27-Jul-2026,2.21,2.37,2.17,2.29,25900
YDESW,27-Jul-2026,0.263,0.29,0.263,0.29,400
YDKG,27-Jul-2026,0.949,0.9624,0.9301,0.95,15000
YHC,27-Jul-2026,1.87,1.89,1.58,1.63,97525
YHGJ,27-Jul-2026,2.825,3.28,2.825,3.09,9900
YHNA,27-Jul-2026,10.93,10.93,10.93,10.93,100
YI,27-Jul-2026,3.796,3.796,3.745,3.745,1700
YIBO,27-Jul-2026,1.2781,1.2781,1.165,1.18,9500
YICC,27-Jul-2026,9.92,9.945,9.92,9.945,51900
YICCU,27-Jul-2026,10.05,10.0657,10.03,10.0657,24500
YICCW,27-Jul-2026,0.47,0.48,0.45,0.45,16100
YJ,27-Jul-2026,1.37,1.37,1.19,1.25,11400
YLDE,27-Jul-2026,57.06,57.1945,56.9691,56.9691,5000
YMAT,27-Jul-2026,1.9,1.95,1.79,1.82,33547
YMT,27-Jul-2026,0.2621,0.3302,0.2621,0.3299,808200
YNOT,27-Jul-2026,30.74,30.74,29.91,30.2209,14800
YOKE,27-Jul-2026,31.45,31.45,31.4346,31.4346,3500
YORW,27-Jul-2026,31.35,31.45,30.76,30.94,107900
YOUL,27-Jul-2026,0.63,0.63,0.5047,0.5222,478400
YQ,27-Jul-2026,2.05,2.15,1.93,2.15,2200
YQQQ,27-Jul-2026,10.15,10.31,10.15,10.28,36600
YSAG,27-Jul-2026,58.8699,58.97,58.5353,58.5353,3100
YSAU,27-Jul-2026,40.78,40.8618,40.78,40.8618,600
YSPY,27-Jul-2026,14.9,15.01,14.84,14.94,14500
YSWY,27-Jul-2026,19.6,20.17,19.28,19.37,362400
YSXT,27-Jul-2026,0.82,1.05,0.75,1.03,436900
YTRA,27-Jul-2026,0.8833,0.8989,0.84,0.8899,26400
YXT,27-Jul-2026,3.3,3.37,3.3,3.31,1700
YYAI,27-Jul-2026,11.65,14.82,2.6401,3.11,1864141
YYGH,27-Jul-2026,1.17,1.3395,1.15,1.245,282877
Z,27-Jul-2026,30.86,32.75,30.86,31.995,1314367
ZAP,27-Jul-2026,33.62,33.64,32.97,33.23,45500
ZBAO,27-Jul-2026,0.195,0.1975,0.1601,0.1719,2509213
ZBIO,27-Jul-2026,30.91,33.42,30.85,32.82,1153900
ZBRA,27-Jul-2026,264.02,268.42,261.93,264.59,568200
ZCMD,27-Jul-2026,1.53,1.57,1.17,1.215,2904849
ZD,27-Jul-2026,52.37,53.155,52.015,52.36,418200
ZDAI,27-Jul-2026,1.7,1.78,1.68,1.72,9000
ZENA,27-Jul-2026,1.39,1.42,1.35,1.365,1474740
ZEO,27-Jul-2026,0.54,0.54,0.513,0.5139,36900
ZG,27-Jul-2026,31.35,32.76,31.35,31.99,768600
ZHOG,27-Jul-2026,51.19,51.19,51.175,51.175,300
ZION,27-Jul-2026,69.7,70.19,68.49,68.52,1617200
ZIONP,27-Jul-2026,18.29,18.29,18.255,18.255,900
ZJK,27-Jul-2026,1.8,1.91,1.8,1.8,3200
ZJYL,27-Jul-2026,2,2.01,2,2,3400
ZKIN,27-Jul-2026,1.35,1.35,1.22,1.22,10200
ZLAB,27-Jul-2026,19.14,19.31,18.55,18.64,708600
ZM,27-Jul-2026,90.11,91.7,89.74,91.22,3132200
ZMUN,27-Jul-2026,50.11,50.125,50.11,50.125,5300
ZNB,27-Jul-2026,2.47,2.85,2.15,2.63,262607
ZNTL,27-Jul-2026,4.36,4.65,4.35,4.51,1029500
ZOOZ,27-Jul-2026,5.41,5.41,5.06,5.06,3900
ZOOZW,27-Jul-2026,0.02,0.0201,0.0179,0.0179,15100
ZS,27-Jul-2026,143.4,149.45,143,147.405,995583
ZSQR,27-Jul-2026,5.3,5.5,4.77,4.81,327900
ZSTK,27-Jul-2026,1.46,1.47,1.35,1.42,17400
ZTEK,27-Jul-2026,0.53,0.59,0.53,0.5682,91200
ZTEN,27-Jul-2026,49.74,49.74,49.7,49.7,400
ZTG,27-Jul-2026,3.23,3.23,2.9,2.97,10500
ZTOP,27-Jul-2026,51.17,51.17,51.17,51.17,100
ZTRE,27-Jul-2026,50.4,50.41,50.4,50.41,600
ZTWO,27-Jul-2026,50.38,50.39,50.38,50.39,300
ZUMZ,27-Jul-2026,19.23,19.64,19.05,19.46,427000
ZURA,27-Jul-2026,5.28,5.68,5.27,5.38,384600
ZVRA,27-Jul-2026,9.5,9.99,9.47,9.71,1712900
ZYBT,27-Jul-2026,1.62,1.7,1.34,1.535,658901
ZYME,27-Jul-2026,23.07,23.585,22.99,23,259300
