Symbol,Date,Open,High,Low,Close,Volume
A,02-Sep-2026,149.05,152.72,147.6,151.39,3130800
AA,02-Sep-2026,50.78,51.56,50.45,51.05,3278100
AAC,02-Sep-2026,10.15,10.15,10.07,10.07,576300
AAC.U,02-Sep-2026,10.15,10.21,10.15,10.21,19500
AAC.W,02-Sep-2026,0.75,0.94,0.75,0.94,29800
AADX,02-Sep-2026,12.75,12.75,11.85,12.2,2228800
AAMI,02-Sep-2026,90.28,92.69,89.38,90.01,700000
AAP,02-Sep-2026,42.75,43.6143,42.54,42.8,1196600
AAT,02-Sep-2026,22.51,22.6,22.325,22.4,562900
AAUC,02-Sep-2026,23.28,23.9,22.885,23.75,420200
AB,02-Sep-2026,36.67,37.03,36.63,36.63,244000
ABBV,02-Sep-2026,262.7,262.97,257.7,261.72,4225500
ABCB,02-Sep-2026,84.1,85.81,83.78,84.97,313500
ABEV,02-Sep-2026,2.92,3.03,2.92,2.99,27257400
ABG,02-Sep-2026,210.1,215.54,209.06,213.07,165700
ABM,02-Sep-2026,46.49,46.95,46.1401,46.46,376800
ABR,02-Sep-2026,5.02,5.22,4.999,5.16,4107200
ABR-D,02-Sep-2026,15.56,15.665,15.53,15.55,29800
ABR-E,02-Sep-2026,15.44,15.62,15.41,15.4914,6500
ABR-F,02-Sep-2026,22.61,22.71,22.526,22.6,4800
ABRpD,02-Sep-2026,15.56,15.665,15.53,15.55,27795
ABRpE,02-Sep-2026,15.44,15.62,15.41,15.4914,6100
ABRpF,02-Sep-2026,22.61,22.71,22.526,22.6,3770
ABT,02-Sep-2026,109.32,112.2,109,110.47,8458800
ABX,02-Sep-2026,9.33,9.6,9.24,9.57,407900
ABXL,02-Sep-2026,25.53,25.6,25.381,25.57,9000
ACA,02-Sep-2026,145.4,145.6,145.4,145.45,499300
ACCO,02-Sep-2026,4.28,4.44,4.27,4.33,676000
ACEL,02-Sep-2026,11.66,11.84,11.63,11.64,312400
ACH,02-Sep-2026,1.14,1.22,1.13,1.17,898200
ACHR,02-Sep-2026,5.56,5.69,5.51,5.65,15062400
ACI,02-Sep-2026,12.42,12.685,12.27,12.48,11510400
ACLO,02-Sep-2026,50.33,50.365,50.33,50.365,1000
ACM,02-Sep-2026,65.9,66.615,65.4101,66.46,2693100
ACN,02-Sep-2026,186.31,190.045,185.44,187.68,2876500
ACP,02-Sep-2026,5.04,5.09,5.03,5.09,322600
ACP-A,02-Sep-2026,18.93,18.93,18.9,18.9,2300
ACPpA,02-Sep-2026,18.93,18.93,18.9,18.9,1040
ACR,02-Sep-2026,14.05,14.474,13.7,14.04,48800
ACR-C,02-Sep-2026,23.93,24.0228,23.79,23.9448,6800
ACR-D,02-Sep-2026,20.15,20.25,20.15,20.25,1100
ACRE,02-Sep-2026,4.49,4.595,4.49,4.55,308100
ACRpC,02-Sep-2026,23.93,24.0228,23.79,23.9448,5706
ACRpD,02-Sep-2026,20.15,20.25,20.15,20.25,399
ACV,02-Sep-2026,26.23,26.23,25.81,26.07,46300
ACVA,02-Sep-2026,6.71,6.945,6.66,6.77,1957100
AD,02-Sep-2026,37.28,38.14,36.945,37.96,352000
ADC,02-Sep-2026,72.8,72.95,71.85,72.63,1544800
ADC-A,02-Sep-2026,16.78,16.81,16.7,16.77,25200
ADCpA,02-Sep-2026,16.78,16.81,16.7,16.77,23306
ADCT,02-Sep-2026,1.23,1.35,1.23,1.32,1955600
ADIG,02-Sep-2026,20.41,21.61,20.39,21.28,1005900
ADM,02-Sep-2026,84.65,86.11,83.0501,85.38,3482700
ADNT,02-Sep-2026,18.43,19.54,18.4,19.24,711400
ADT,02-Sep-2026,7.41,7.54,7.345,7.49,6168300
ADX,02-Sep-2026,25.92,25.9761,25.87,25.91,256100
AEE,02-Sep-2026,106.05,106.37,104.92,105.89,1203000
AEFC,02-Sep-2026,17.72,17.98,17.71,17.96,129700
AEG,02-Sep-2026,9.24,9.3173,9.22,9.25,4722000
AEM,02-Sep-2026,197.17,200.64,194.5385,196.66,2544400
AEO,02-Sep-2026,16.65,16.95,16.46,16.66,4388600
AER,02-Sep-2026,144.69,146.44,144.06,144.92,1440900
AERO,02-Sep-2026,14.64,14.9886,14.64,14.78,144600
AES,02-Sep-2026,14.75,14.82,14.75,14.8,9770800
AESI,02-Sep-2026,12.69,13.08,12.3,13.03,4867400
AEXA,02-Sep-2026,11.5,11.75,11.445,11.57,21000
AFB,02-Sep-2026,10.8,10.81,10.72,10.72,54800
AFG,02-Sep-2026,142.87,143.44,142.095,142.6,213700
AFGB,02-Sep-2026,20.2554,20.649,20.21,20.599,19500
AFGC,02-Sep-2026,17.61,17.75,17.6,17.72,9800
AFGD,02-Sep-2026,20.36,21.09,20.25,20.74,40700
AFGE,02-Sep-2026,15.64,15.71,15.64,15.71,6600
AFL,02-Sep-2026,116.34,117.505,115.95,117.24,2229700
AG,02-Sep-2026,20.48,21.225,20.4,21.2,9551700
AGBK,02-Sep-2026,6.67,6.87,6.66,6.73,171200
AGCO,02-Sep-2026,123.13,128.87,122.34,126.69,2361400
AGD,02-Sep-2026,12.32,12.345,12.23,12.27,67400
AGI,02-Sep-2026,35.77,36.635,35.635,36.13,2583000
AGL,02-Sep-2026,88.28,91.14,86.81,87.38,178600
AGM,02-Sep-2026,221.39,224.84,221.39,222.63,85600
AGM-D,02-Sep-2026,20.945,21.14,20.945,21,6000
AGM-E,02-Sep-2026,20.51,20.819,20.47,20.819,6800
AGM-F,02-Sep-2026,18.66,18.75,18.62,18.68,5900
AGM-G,02-Sep-2026,17.42,17.4299,17.2501,17.3,3300
AGM-H,02-Sep-2026,23.2,23.2,23.2,23.2,300
AGM-I,02-Sep-2026,24.3,24.55,24.3,24.4,5800
AGM.A,02-Sep-2026,157.4,157.4,157.4,157.4,100
AGMpD,02-Sep-2026,20.945,21.14,20.945,21,4966
AGMpE,02-Sep-2026,20.51,20.819,20.47,20.819,5570
AGMpF,02-Sep-2026,18.66,18.75,18.62,18.68,4911
AGMpG,02-Sep-2026,17.42,17.4299,17.2501,17.35,2662
AGMpH,02-Sep-2026,23.2,23.2,23.2,23.2,100
AGO,02-Sep-2026,74.99,76.06,74.695,75.03,319400
AGRO,02-Sep-2026,11.73,11.9388,11.615,11.78,838400
AGX,02-Sep-2026,405.43,415.3,401.0652,410.4,556100
AHL-D,02-Sep-2026,18.59,18.81,18.53,18.53,5000
AHL-E,02-Sep-2026,18.73,18.73,18.5,18.5,11100
AHL-F,02-Sep-2026,23.468,23.5399,23.4,23.44,6900
AHLpD,02-Sep-2026,18.59,18.81,18.53,18.53,3079
AHLpE,02-Sep-2026,18.73,18.73,18.5,18.5,9379
AHLpF,02-Sep-2026,23.468,23.5399,23.4,23.44,5578
AHR,02-Sep-2026,56.59,56.78,55.69,56.21,1901100
AHR-A,02-Sep-2026,21.88,21.9001,21.6385,21.8,3500
AHRT,02-Sep-2026,6.45,6.51,6.39,6.47,561500
AHT,02-Sep-2026,3.215,3.215,3.12,3.12,6700
AHT-D,02-Sep-2026,6.15,6.59,6.1,6.37,7200
AHT-F,02-Sep-2026,6.59,6.69,6.59,6.61,2100
AHT-G,02-Sep-2026,6.255,6.255,6.1101,6.1101,200
AHT-H,02-Sep-2026,6.3459,6.45,6.3001,6.4,3100
AHT-I,02-Sep-2026,6.34,6.34,6.12,6.255,3200
AHTpD,02-Sep-2026,6.15,6.59,6.1,6.37,6898
AHTpF,02-Sep-2026,6.59,6.69,6.59,6.61,1900
AHTpG,02-Sep-2026,6.255,6.255,6.1101,6.1101,200
AHTpH,02-Sep-2026,6.3459,6.45,6.3001,6.4,1750
AHTpI,02-Sep-2026,6.34,6.34,6.12,6.255,1250
AI,02-Sep-2026,10.3,10.815,10.255,10.52,8518100
AIG,02-Sep-2026,76.16,77.24,76.025,76.13,5374100
AII,02-Sep-2026,25.91,26.23,25.81,26.1,124300
AII-,02-Sep-2026,0.1701,0.1703,0.155,0.16,60700
AIN,02-Sep-2026,55.41,61.07,55.41,58.78,402300
AIO,02-Sep-2026,25.87,25.87,25.57,25.83,46200
AIR,02-Sep-2026,126.45,126.695,123.565,123.87,289900
AIT,02-Sep-2026,319.54,323.014,315.77,319.45,230500
AIV,02-Sep-2026,2.54,2.57,2.53,2.56,608600
AIZ,02-Sep-2026,281.35,286.01,278.96,284.07,222100
AIZN,02-Sep-2026,18.3,18.4,18.0709,18.24,5700
AJG,02-Sep-2026,263.5,266.205,261.25,264.46,1847900
AKA,02-Sep-2026,10.62,10.99,10.62,10.92,2700
AKAF,02-Sep-2026,33.0647,33.0647,33.0647,33.0647,100
AKO.B,02-Sep-2026,29,30.12,28.96,29.88,78300
AKR,02-Sep-2026,20.59,20.59,20.275,20.39,1564100
ALB,02-Sep-2026,133.94,138.05,132.93,137.75,2395000
ALB-A,02-Sep-2026,55.05,56,54.81,55.9,283700
ALBpA,02-Sep-2026,55.05,56,54.81,55.86,211017
ALC,02-Sep-2026,71.72,73.52,71.72,72.24,1328100
ALG,02-Sep-2026,165.07,173.84,164.24,171.31,150500
ALH,02-Sep-2026,22.48,22.94,22.06,22.44,921500
ALIT,02-Sep-2026,13.67,14.42,13.67,14.16,394000
ALK,02-Sep-2026,41.42,42.405,41.29,41.59,1987200
ALL,02-Sep-2026,259.34,261.56,257.99,259.34,1085600
ALL-B,02-Sep-2026,25.61,25.61,25.57,25.61,14400
ALL-H,02-Sep-2026,18.66,18.76,18.56,18.72,159400
ALL-I,02-Sep-2026,17.45,17.6399,17.4037,17.54,22900
ALL-J,02-Sep-2026,25.89,25.89,25.79,25.85,65100
ALLE,02-Sep-2026,152.65,157.35,151.23,155.07,1204900
ALLpB,02-Sep-2026,25.48,25.61,25.48,25.6,9919
ALLpH,02-Sep-2026,18.66,18.76,18.56,18.72,131076
ALLpI,02-Sep-2026,17.45,17.6399,17.4037,17.55,18992
ALLpJ,02-Sep-2026,25.89,25.89,25.79,25.85,56891
ALLY,02-Sep-2026,42.25,43.61,42.25,42.66,3146100
ALSN,02-Sep-2026,122.56,128.22,120.5801,126.71,795300
ALT-A,02-Sep-2026,26,26,25.601,25.6266,2000
ALTG,02-Sep-2026,5.7,6.13,5.7,5.91,254200
ALTGpA,02-Sep-2026,26,26,25.601,25.6266,1930
ALV,02-Sep-2026,119.02,121.625,118.52,121.17,734800
ALX,02-Sep-2026,270.64,271.21,265.01,265.01,37200
AM,02-Sep-2026,22.44,22.55,22.21,22.51,2503000
AMBP,02-Sep-2026,5.11,5.2,5.07,5.08,2104200
AMBQ,02-Sep-2026,56.08,57.79,55.295,57.3,385100
AMC,02-Sep-2026,2.57,2.72,2.57,2.64,17150500
AMCR,02-Sep-2026,46,46.95,45.94,46.68,3136500
AME,02-Sep-2026,233.03,234.155,229.98,233.19,1318600
AMG,02-Sep-2026,362,374.09,354.73,356.47,416800
AMH,02-Sep-2026,33.48,33.48,32.935,32.99,1924200
AMH-G,02-Sep-2026,21.9,22.25,21.8011,22.04,13400
AMH-H,02-Sep-2026,23.5262,23.5262,23.05,23.14,11300
AMHpG,02-Sep-2026,21.9,22.25,21.8011,21.87,11167
AMHpH,02-Sep-2026,23.5262,23.5262,23.05,23.14,9082
AMN,02-Sep-2026,33.18,34.18,32.44,33.38,480200
AMP,02-Sep-2026,544.21,561.82,544.21,551.85,495200
AMP.V,02-Sep-2026,2.85,3.04,2.73,3.01,35100
AMPX,02-Sep-2026,9.57,9.65,9.37,9.52,5409100
AMPX.WS,02-Sep-2026,2.85,3.04,2.73,3.01,34249
AMPY,02-Sep-2026,4.91,5.04,4.9,5,707900
AMR,02-Sep-2026,232,242.4999,231.12,233.29,315900
AMRC,02-Sep-2026,22.35,22.92,21.77,21.82,737100
AMRZ,02-Sep-2026,41.69,43.07,41.61,42.97,6742900
AMT,02-Sep-2026,175.9,176.385,171.7268,172.92,2579400
AMTB,02-Sep-2026,28.7,29.23,28.49,29.16,309500
AMTD,02-Sep-2026,0.7704,0.7704,0.741,0.7593,4900
AMTM,02-Sep-2026,19.89,20.19,19.8,19.9,1939300
AMWL,02-Sep-2026,12.08,13.162,12.05,12.83,139700
AMX,02-Sep-2026,23.14,23.24,22.81,22.88,2113100
AN,02-Sep-2026,204.68,207.615,204.15,205.84,359300
ANDG,02-Sep-2026,55.73,57.31,55.7,56.12,295000
ANET,02-Sep-2026,188,189.89,184.08,186.1,4369500
ANF,02-Sep-2026,139.65,141.075,136.17,136.6,1939200
ANG-D,02-Sep-2026,23.28,23.28,23.0563,23.25,4000
ANGpD,02-Sep-2026,23.28,23.28,23.0563,23.25,2476
ANGX,02-Sep-2026,4.29,4.54,4.29,4.49,921300
ANRO,02-Sep-2026,35.97,37.3899,35.22,36.64,432700
ANVS,02-Sep-2026,1.71,1.759,1.69,1.7,606800
AOD,02-Sep-2026,10.69,10.7199,10.62,10.64,270900
AOMD,02-Sep-2026,25.155,25.25,25.155,25.2,7600
AOMN,02-Sep-2026,25.192,25.4002,25.192,25.3701,2200
AOMR,02-Sep-2026,8.26,8.37,8.2101,8.25,84400
AON,02-Sep-2026,327.7,331.6,324.7925,330.88,2189300
AORT,02-Sep-2026,26.93,27.92,26.29,26.34,549400
AOS,02-Sep-2026,58.78,59.63,58.425,59.26,1054900
AP,02-Sep-2026,8.56,8.98,8.543,8.74,54700
APAM,02-Sep-2026,41.94,42.445,41.16,41.17,757400
APD,02-Sep-2026,306.19,311.795,306.19,309.45,882800
APG,02-Sep-2026,39.21,39.8,38.66,39.36,4636700
APH,02-Sep-2026,160.06,162.3179,155.41,160.08,6642000
APLE,02-Sep-2026,15.65,15.875,15.65,15.75,3349200
APO,02-Sep-2026,131.25,134.63,130.7752,132.29,2116300
APOS,02-Sep-2026,25.08,25.2299,25.03,25.16,27900
APTV,02-Sep-2026,45.01,46,44.85,45.03,2559500
AQN,02-Sep-2026,5.65,5.68,5.601,5.63,3343300
AQNB,02-Sep-2026,26.21,26.33,26.03,26.09,13600
AR,02-Sep-2026,39.6,40.16,39.48,39.59,3127000
ARCO,02-Sep-2026,8.06,8.34,8.06,8.21,1521600
ARDC,02-Sep-2026,12.43,12.43,12.32,12.35,88700
ARDT,02-Sep-2026,11.1,11.125,10.81,10.91,527200
ARE,02-Sep-2026,51.78,53.31,51.12,52.72,1641200
ARE-B,02-Sep-2026,44.34,44.66,43.82,44.09,21500
ARES,02-Sep-2026,138.04,141.575,137.25,138.06,1534700
ARESpB,02-Sep-2026,44.34,44.66,43.82,44.11,15425
ARI,02-Sep-2026,6.82,6.88,6.79,6.86,1546400
ARIS,02-Sep-2026,19.44,20.01,19.33,19.69,1581500
ARL,02-Sep-2026,15.03,16.1,15.03,15.95,2000
ARLO,02-Sep-2026,12.61,13.155,12.52,13.04,1530400
ARMK,02-Sep-2026,56.75,57.19,56.25,56.72,1765300
AROC,02-Sep-2026,31.5,32.41,31.1,32.3,2035000
ARR,02-Sep-2026,16.18,16.19,16.06,16.15,3256800
ARR-C,02-Sep-2026,20.7,20.7,20.62,20.66,13200
ARRpC,02-Sep-2026,20.7,20.7,20.62,20.63,10431
ARW,02-Sep-2026,204.87,209.34,201.0775,208.13,504800
ARX,02-Sep-2026,19.78,19.81,19.7,19.7,1569400
AS,02-Sep-2026,29.41,29.55,28.54,28.56,8970000
ASA,02-Sep-2026,62.98,64.145,62.98,63.73,48900
ASAN,02-Sep-2026,9.75,10.005,9.605,9.8,5116500
ASB,02-Sep-2026,30.14,30.92,30.06,30.58,1926000
ASB-E,02-Sep-2026,19.51,19.66,19.51,19.58,7300
ASB-F,02-Sep-2026,18.84,18.99,18.84,18.93,12600
ASBA,02-Sep-2026,24.64,24.8,24.64,24.75,7700
ASBpE,02-Sep-2026,19.51,19.66,19.51,19.58,6101
ASBpF,02-Sep-2026,18.84,18.99,18.84,18.93,11182
ASC,02-Sep-2026,17.67,18.12,17.48,18.07,538000
ASG,02-Sep-2026,5.1,5.1299,5.075,5.09,303800
ASGI,02-Sep-2026,22.45,22.9,22.36,22.62,127700
ASH,02-Sep-2026,75.44,75.95,74.03,74.22,751700
ASIC,02-Sep-2026,26.3,27.15,26.1,26.71,53200
ASIX,02-Sep-2026,16.78,17.68,16.55,17.62,204600
ASPN,02-Sep-2026,4.81,4.94,4.8,4.92,695200
ASR,02-Sep-2026,249.99,256.85,249.99,255.74,49400
ASX,02-Sep-2026,36.84,37.41,36.42,37.08,3419600
ATEN,02-Sep-2026,24.95,25,24.39,24.76,1227200
ATH-A,02-Sep-2026,23.92,24.05,23.83,23.97,44100
ATH-B,02-Sep-2026,18.23,18.49,18.23,18.32,26800
ATH-D,02-Sep-2026,16,16.1049,15.93,15.96,85400
ATH-E,02-Sep-2026,25.21,25.3,25.17,25.28,29000
ATHM,02-Sep-2026,21.87,22.17,21.83,21.93,448000
ATHpA,02-Sep-2026,23.92,24.05,23.83,23.99,36798
ATHpB,02-Sep-2026,18.23,18.49,18.23,18.25,22675
ATHpD,02-Sep-2026,16,16.1049,15.93,16,68144
ATHpE,02-Sep-2026,25.21,25.3,25.17,25.28,24436
ATHS,02-Sep-2026,24.62,24.88,24.62,24.87,54000
ATI,02-Sep-2026,202.46,204.98,198.46,201.69,1921600
ATKR,02-Sep-2026,93.65,93.74,93.55,93.55,908800
ATMU,02-Sep-2026,46.23,47.485,45.87,47.29,685600
ATO,02-Sep-2026,167.66,168.3551,165.98,167.68,874800
ATR,02-Sep-2026,131.27,132.26,129.69,130.33,472400
ATS,02-Sep-2026,18.59,19.14,18.41,19.01,371200
AU,02-Sep-2026,110.2,110.59,106.93,107.83,2624200
AUB,02-Sep-2026,39.87,41,39.71,40.6,1343700
AUB-A,02-Sep-2026,24.5,24.5,23.65,23.88,59600
AUBpA,02-Sep-2026,24.5,24.5,23.65,23.88,52179
AUNA,02-Sep-2026,5.19,5.31,5.1801,5.22,80700
AVA,02-Sep-2026,37.64,37.64,37,37.25,756000
AVAL,02-Sep-2026,5.25,5.37,5.24,5.29,131200
AVBC,02-Sep-2026,21.72,22.2999,21.58,22.16,185600
AVD,02-Sep-2026,2.27,2.405,2.27,2.36,488900
AVEX,02-Sep-2026,16.92,16.9899,15.56,15.74,1656600
AVK,02-Sep-2026,12.45,12.52,12.26,12.3,223000
AVNT,02-Sep-2026,43.17,44.29,43.17,43.59,769800
AVTR,02-Sep-2026,14.22,14.835,14.22,14.65,8922000
AVY,02-Sep-2026,172.66,176.46,171.07,174.42,904300
AWF,02-Sep-2026,10.1,10.14,10.07,10.07,137600
AWI,02-Sep-2026,169.03,171.4,166.77,169.11,311700
AWK,02-Sep-2026,137.18,142.27,136.22,139.49,2386700
AWP,02-Sep-2026,11.46,11.4899,11.4,11.41,91600
AWR,02-Sep-2026,88,89.13,87.79,88.25,363300
AX,02-Sep-2026,95.29,97.26,94.24,95.95,317300
AXP,02-Sep-2026,326.06,332.71,325.489,329.98,2288700
AXR,02-Sep-2026,22.75,23,22.75,22.86,4700
AXS,02-Sep-2026,100.66,101.01,99.38,99.67,415800
AXS-E,02-Sep-2026,18.46,18.65,18.28,18.28,50800
AXSpE,02-Sep-2026,18.46,18.65,18.28,18.28,44213
AXTA,02-Sep-2026,35.43,36.22,35.34,35.79,898100
AYI,02-Sep-2026,327.23,332.94,325.589,330.59,157300
AZN,02-Sep-2026,162.54,164.69,160.87,161.63,3301400
AZO,02-Sep-2026,2966.42,2977.637,2919.06,2934.52,313600
AZUL,02-Sep-2026,7.21,7.53,7.21,7.4,48800
AZZ,02-Sep-2026,135.92,136.62,133.925,135.15,138200
B,02-Sep-2026,43.92,44.925,42.8,44.13,15482700
BA,02-Sep-2026,207,210.65,206.42,208.87,6433500
BA-A,02-Sep-2026,64.67,65.19,64.1,64.98,2725200
BABA,02-Sep-2026,112.52,113.07,111.53,111.81,6875100
BAC,02-Sep-2026,62.28,63.55,61.94,62.6,28435700
BAC-B,02-Sep-2026,23.91,24,23.81,23.9,133100
BAC-E,02-Sep-2026,18.67,18.68,18.5,18.65,75500
BAC-K,02-Sep-2026,23.44,23.55,23.35,23.42,43300
BAC-L,02-Sep-2026,1286,1298.509,1285.25,1290.99,6000
BAC-M,02-Sep-2026,20.31,20.4,20.1701,20.21,131900
BAC-N,02-Sep-2026,19.05,19.09,18.9,18.91,121900
BAC-O,02-Sep-2026,16.49,16.58,16.49,16.5,64200
BAC-P,02-Sep-2026,15.8,15.91,15.765,15.83,85300
BAC-Q,02-Sep-2026,16.07,16.17,16.01,16.14,113800
BAC-S,02-Sep-2026,18.04,18.05,17.87,17.87,154800
BACpB,02-Sep-2026,23.91,24,23.81,23.9328,121779
BACpE,02-Sep-2026,18.67,18.68,18.5,18.65,70088
BACpK,02-Sep-2026,23.44,23.55,23.35,23.42,35100
BACpL,02-Sep-2026,1286,1298.5088,1285.25,1291,4552
BACpM,02-Sep-2026,20.31,20.4,20.1701,20.22,119786
BACpN,02-Sep-2026,19.05,19.09,18.9,18.91,111403
BACpO,02-Sep-2026,16.49,16.58,16.49,16.5,53840
BACpP,02-Sep-2026,15.8,15.91,15.765,15.87,66815
BACpQ,02-Sep-2026,16.15,16.17,16.01,16.14,90266
BACpS,02-Sep-2026,18.04,18.05,17.87,17.88,102407
BAH,02-Sep-2026,74.73,74.75,72.71,73.17,1632500
BAK,02-Sep-2026,1.69,2,1.69,1.97,4019100
BALL,02-Sep-2026,63.29,63.93,62.68,63.3,1998000
BALY,02-Sep-2026,9.15,10.14,9.15,9.88,122500
BAM,02-Sep-2026,49.84,50.622,49.32,49.67,1617700
BAN-F,02-Sep-2026,25.22,25.22,25.1,25.11,22600
BANC,02-Sep-2026,18.37,18.885,18.3,18.85,3060800
BANCpF,02-Sep-2026,25.22,25.22,25.1,25.125,17011
BAP,02-Sep-2026,374.93,383.805,372.52,379.56,278500
BApA,02-Sep-2026,64.67,65.19,64.1,64.98,69677
BARK,02-Sep-2026,10.61,11.07,10.61,10.67,74700
BAX,02-Sep-2026,25.55,26.05,25.48,25.7,4167800
BB,02-Sep-2026,7.84,7.85,7.59,7.61,8480700
BBA.W,02-Sep-2026,0.055,0.07,0.0484,0.0598,73400
BBAI,02-Sep-2026,2.93,3.0199,2.925,2.95,14109700
BBAI.WS,02-Sep-2026,0.055,0.07,0.0484,0.0598,72807
BBAR,02-Sep-2026,15.01,15.27,14.85,15.26,1303300
BBD,02-Sep-2026,3.39,3.47,3.38,3.45,46174700
BBDC,02-Sep-2026,9.02,9.14,8.995,9.11,630900
BBDO,02-Sep-2026,3.1,3.1703,2.983,3.08,112600
BBN,02-Sep-2026,15.65,15.72,15.59,15.68,107100
BBT,02-Sep-2026,30.61,31.6,30.605,31.27,709200
BBUC,02-Sep-2026,27.07,27.36,26.9937,27.12,398800
BBVA,02-Sep-2026,29.04,29.18,28.94,29.16,974200
BBW,02-Sep-2026,30,30.34,29.16,30.12,645300
BBWI,02-Sep-2026,18.41,18.97,18.39,18.53,5261400
BBY,02-Sep-2026,82.86,88.44,82.85,87,7453200
BC,02-Sep-2026,73.98,75.8855,73.2812,74.45,591700
BC-C,02-Sep-2026,24.37,24.41,24.2939,24.35,9000
BCAT,02-Sep-2026,15.85,15.92,15.8235,15.9,413500
BCC,02-Sep-2026,75.82,77.74,75.62,76.31,294500
BCE,02-Sep-2026,23.51,23.74,23.35,23.4,3143500
BCEM,02-Sep-2026,26.55,26.72,26.55,26.7115,6800
BCGD,02-Sep-2026,26.35,26.47,26.35,26.465,9500
BCH,02-Sep-2026,41.85,42.4,41.5,42.38,535100
BCO,02-Sep-2026,110.17,111.13,107.18,107.47,409600
BCS,02-Sep-2026,26.15,26.335,25.965,26.2,4315500
BCS.W,02-Sep-2026,0.8,0.8,0.8,0.8,800
BCSF,02-Sep-2026,11.94,11.94,11.5,11.83,531200
BCSM,02-Sep-2026,24.72,24.72,24.5299,24.5584,11500
BCSS,02-Sep-2026,10.28,10.28,10.28,10.28,100
BCX,02-Sep-2026,13.25,13.3302,13.11,13.17,142700
BDC,02-Sep-2026,111.8,116.26,110.1104,115.76,506700
BDJ,02-Sep-2026,9.88,9.91,9.86,9.88,241200
BDN,02-Sep-2026,3.01,3.06,2.98,3.03,1442200
BDX,02-Sep-2026,187.43,191.755,187.43,187.52,1474400
BE,02-Sep-2026,210,217.2981,204.3,217.28,9181100
BEB.W,02-Sep-2026,0.2,0.2,0.185,0.185,17500
BEKE,02-Sep-2026,17.85,18.02,17.85,17.94,2228000
BEN,02-Sep-2026,33.08,33.745,32.83,33.01,3444900
BEP,02-Sep-2026,31.23,31.53,30.915,31.03,961700
BEP-A,02-Sep-2026,16.65,17.0999,16.65,16.883,11700
BEPC,02-Sep-2026,31.54,31.97,31.305,31.38,2298100
BEPH,02-Sep-2026,14.96,15.1,14.96,14.98,27700
BEPI,02-Sep-2026,15.92,16.24,15.85,15.87,29300
BEPJ,02-Sep-2026,23.35,23.35,23.001,23.15,9700
BEPpA,02-Sep-2026,16.65,17.0999,16.65,16.883,10830
BETA,02-Sep-2026,19.51,20.49,19.05,20.42,2008100
BF.A,02-Sep-2026,27.8,28.41,27.38,27.92,142600
BF.B,02-Sep-2026,26.96,27.91,26.74,27.38,4039100
BFAM,02-Sep-2026,72.66,73.305,71.445,71.95,757800
BFH,02-Sep-2026,103.27,107.34,103.27,106.48,427100
BFH-A,02-Sep-2026,24.96,24.97,24.85,24.9404,5200
BFH-B,02-Sep-2026,24.86,24.92,24.8159,24.87,38300
BFLY,02-Sep-2026,8.28,8.4981,7.47,7.6,5349100
BFS,02-Sep-2026,32.92,32.955,32.55,32.64,119200
BFS-D,02-Sep-2026,20.25,20.7999,20.25,20.7999,600
BFS-E,02-Sep-2026,20.84,21.28,20.84,20.84,1600
BFSpD,02-Sep-2026,20.25,20.7999,20.25,20.7999,600
BFSpE,02-Sep-2026,20.84,21.28,20.84,20.84,959
BG,02-Sep-2026,120.2,123.89,119.3,122.86,1764500
BGB,02-Sep-2026,11.21,11.23,11.2,11.23,126200
BGH,02-Sep-2026,14.18,14.18,14.12,14.15,51600
BGR,02-Sep-2026,17.43,17.5,17.09,17.5,93800
BGS,02-Sep-2026,3.5,3.525,3.44,3.45,1630900
BGSF,02-Sep-2026,5.3,5.39,5.22,5.24,23100
BGSI,02-Sep-2026,82.26,86.43,82.26,85.23,37200
BGT,02-Sep-2026,11.09,11.12,11.04,11.11,103600
BGX,02-Sep-2026,10.71,10.755,10.71,10.73,57800
BGY,02-Sep-2026,5.88,5.92,5.86,5.86,184900
BH,02-Sep-2026,387.92,400.53,385.92,393.99,443700
BH.A,02-Sep-2026,1975,1996.83,1943.6,1972.39,15700
BHC,02-Sep-2026,6.56,6.87,6.535,6.83,7721000
BHE,02-Sep-2026,70.81,71.38,69.67,70.64,323800
BHK,02-Sep-2026,8.94,8.95,8.915,8.93,241100
BHP,02-Sep-2026,92.97,94.33,92.62,93.43,2121100
BHR,02-Sep-2026,1.95,1.98,1.91,1.91,495400
BHR-B,02-Sep-2026,13.24,13.78,13.13,13.5601,29300
BHR-D,02-Sep-2026,17.08,17.77,17.08,17.6,5300
BHRpB,02-Sep-2026,13.24,13.78,13.13,13.5601,25334
BHRpD,02-Sep-2026,17.08,17.77,17.08,17.6,4660
BHV,02-Sep-2026,12.7,12.7,12.49,12.57,4800
BHVN,02-Sep-2026,15.97,16.66,14.98,15.69,2679400
BII.W,02-Sep-2026,0.42,0.4463,0.42,0.4463,31200
BIII,02-Sep-2026,10.06,10.065,10.055,10.065,652800
BILL,02-Sep-2026,47.5,48.84,47.225,48.76,1620200
BIO,02-Sep-2026,380.62,389.83,380.225,388.51,285300
BIP,02-Sep-2026,37.21,37.31,36.27,36.29,950500
BIP-A,02-Sep-2026,17.14,17.1401,16.92,16.92,1800
BIP-B,02-Sep-2026,16.52,16.55,16.5,16.5,14600
BIPC,02-Sep-2026,37.58,37.67,36.58,36.61,1437600
BIPH,02-Sep-2026,15.79,15.98,15.69,15.71,16500
BIPI,02-Sep-2026,16.51,16.565,16.45,16.49,24400
BIPJ,02-Sep-2026,23.88,24.315,23.74,24.09,7000
BIPpA,02-Sep-2026,17.14,17.1401,16.92,16.92,1100
BIPpB,02-Sep-2026,16.52,16.55,16.5,16.5,13661
BIRK,02-Sep-2026,34.28,35.19,33.645,33.79,1402800
BIT,02-Sep-2026,11.87,11.95,11.87,11.91,316000
BJ,02-Sep-2026,91.45,93.41,90.95,92.75,1650500
BKD,02-Sep-2026,11.89,12.065,11.77,11.92,3515400
BKE,02-Sep-2026,42.77,43.67,42.51,43.26,585600
BKH,02-Sep-2026,72.41,73.12,71.72,72.59,983700
BKK.W,02-Sep-2026,0.0304,0.0304,0.025,0.0254,12700
BKKT,02-Sep-2026,7.17,7.5199,7.1329,7.43,606900
BKKT.WS,02-Sep-2026,0.0304,0.0304,0.025,0.0254,12371
BKSY,02-Sep-2026,21.61,22,21.22,21.76,558400
BKT,02-Sep-2026,10.27,10.315,10.19,10.26,85500
BKU,02-Sep-2026,44.97,46.06,44.905,45.44,972200
BKV,02-Sep-2026,24.84,25.26,24.455,25.12,660400
BLCO,02-Sep-2026,17.94,18.465,17.865,18,358600
BLDR,02-Sep-2026,63,64.77,62.9,63.09,2257200
BLK,02-Sep-2026,1128.79,1137.01,1106.395,1107.08,737200
BLND,02-Sep-2026,1.54,1.55,1.5,1.51,1383300
BLSH,02-Sep-2026,32.56,33.45,32.2,32.64,849600
BLW,02-Sep-2026,12.63,12.64,12.565,12.64,55500
BLX,02-Sep-2026,55.19,55.75,54.47,55.41,142200
BMA,02-Sep-2026,78.78,79.62,77.705,79.07,447200
BME,02-Sep-2026,45.6,46.27,45.6,45.8,46600
BMEZ,02-Sep-2026,16.76,17,16.75,16.87,113400
BMI,02-Sep-2026,132.27,135.97,132.11,132.6,321800
BML-G,02-Sep-2026,18.39,18.66,18.39,18.55,4400
BML-H,02-Sep-2026,18.44,18.57,18.4001,18.52,18700
BML-J,02-Sep-2026,19.51,19.7,19.51,19.62,14000
BML-L,02-Sep-2026,19.46,19.5,19.4,19.41,11100
BMLpG,02-Sep-2026,18.39,18.66,18.39,18.55,4064
BMLpH,02-Sep-2026,18.44,18.57,18.4001,18.52,17176
BMLpJ,02-Sep-2026,19.51,19.7,19.51,19.62,11531
BMLpL,02-Sep-2026,19.46,19.5,19.4,19.43,10078
BMN,02-Sep-2026,26.3,26.3,25.79,25.79,3900
BMNP,02-Sep-2026,98.37,98.5,97.6996,98.2,19000
BMNR,02-Sep-2026,23.09,23.54,22.8105,23.06,26938700
BMO,02-Sep-2026,169.1,173.02,169.03,172.82,699600
BMY,02-Sep-2026,66.815,67.73,66.7501,67.66,7825300
BN,02-Sep-2026,39.76,40.29,39.62,39.71,4397400
BNED,02-Sep-2026,11.87,12.32,11.87,12.12,170100
BNH,02-Sep-2026,15,15.04,14.91,14.94,23800
BNJ,02-Sep-2026,14.81,14.9046,14.81,14.81,21700
BNL,02-Sep-2026,20.96,21.13,20.74,21.02,2268000
BNS,02-Sep-2026,91.72,93.39,91.45,93.31,1502600
BNT,02-Sep-2026,40.28,40.28,39.81,39.86,26700
BNY,02-Sep-2026,161.13,163.4,159.6523,162.04,3171300
BNY-K,02-Sep-2026,25.23,25.34,25.23,25.315,27500
BOBS,02-Sep-2026,16.37,16.8794,16.28,16.54,463300
BOC,02-Sep-2026,13.8,13.945,13.71,13.8,138100
BOE,02-Sep-2026,12.51,12.523,12.41,12.45,70400
BOH,02-Sep-2026,75.75,77.055,75.22,76.51,367800
BOH-A,02-Sep-2026,15.31,15.31,15.1938,15.275,8300
BOH-B,02-Sep-2026,25.87,25.87,25.6704,25.84,62600
BOHpA,02-Sep-2026,15.31,15.31,15.1938,15.275,7519
BOHpB,02-Sep-2026,25.87,25.87,25.6704,25.77,34226
BOND,02-Sep-2026,89.82,89.89,89.71,89.89,747500
BOOT,02-Sep-2026,148.22,150.655,147.845,148.66,432800
BORR,02-Sep-2026,4.54,4.93,4.495,4.81,8070000
BOW,02-Sep-2026,33.61,33.7,33.58,33.65,236800
BOX,02-Sep-2026,35.06,35.362,34.58,34.59,2204600
BP,02-Sep-2026,43.61,44.22,43.525,43.93,7760900
BPRE,02-Sep-2026,12.04,12.15,11.94,12.15,624600
BR,02-Sep-2026,180.31,182.52,177.88,178.06,1003500
BRBR,02-Sep-2026,10.37,10.91,10.37,10.72,2347900
BRC,02-Sep-2026,90.85,92.2,88.27,90.18,454400
BRCC,02-Sep-2026,8.23,8.44,7.99,8.4,126800
BRCE,02-Sep-2026,30.23,30.23,30.2,30.2,2900
BREE,02-Sep-2026,27.25,27.305,27.25,27.305,300
BRIE,02-Sep-2026,30.93,31.0503,30.845,31.04,143400
BRK.A,02-Sep-2026,755385,763100,754048.9,758500,200
BRK.B,02-Sep-2026,503.46,508.925,502.6,505.24,3303500
BRO,02-Sep-2026,72.64,73.55,71.91,72.04,1715200
BROL,02-Sep-2026,26.04,26.04,25.9538,25.9538,600
BROS,02-Sep-2026,46.11,48.29,45.88,48.13,4395100
BRSL,02-Sep-2026,11.18,11.49,11.16,11.17,1345100
BRSP,02-Sep-2026,4.66,4.69,4.63,4.69,1090500
BRT,02-Sep-2026,14.37,14.75,14.26,14.49,51600
BRW,02-Sep-2026,6.47,6.55,6.455,6.52,243300
BRX,02-Sep-2026,29.32,29.5,29.08,29.4,2988200
BSAC,02-Sep-2026,35.21,35.81,35.1,35.74,366900
BSBR,02-Sep-2026,5.82,5.9,5.81,5.89,6597800
BSL,02-Sep-2026,12.99,13.06,12.945,13.05,34400
BSM,02-Sep-2026,14.79,15.065,14.79,14.94,402100
BST,02-Sep-2026,50.23,50.6499,50.18,50.21,46800
BSTZ,02-Sep-2026,30.85,31.19,30.29,30.68,129500
BSX,02-Sep-2026,47.91,49.66,47.91,48.37,17017900
BTE,02-Sep-2026,4.95,5.11,4.95,5.07,15876300
BTGO,02-Sep-2026,6.91,7.11,6.78,7.07,1362700
BTI,02-Sep-2026,55.56,55.81,55.21,55.68,4786300
BTO,02-Sep-2026,38.97,40.08,38.97,39.8,20300
BTT,02-Sep-2026,22.63,22.6699,22.52,22.54,52300
BTU,02-Sep-2026,29.04,30.235,28.945,29.43,2042600
BTX,02-Sep-2026,8.9,8.9924,8.81,8.81,467900
BTZ,02-Sep-2026,9.99,10.0204,9.97,9.98,179500
BUD,02-Sep-2026,78.92,79.81,78.53,79.02,2330900
BUI,02-Sep-2026,26.75,26.75,26.4512,26.5,90000
BUR,02-Sep-2026,4.21,4.32,4.185,4.25,2502000
BURL,02-Sep-2026,262.01,262.895,256.94,257.07,1860100
BUXX,02-Sep-2026,20.17,20.19,20.17,20.17,317800
BV,02-Sep-2026,11.16,11.38,10.96,11.24,807500
BVN,02-Sep-2026,34.37,34.93,33.4,34.21,940000
BW,02-Sep-2026,6.88,7.15,6.75,7.03,3949800
BW-A,02-Sep-2026,22.17,22.62,22.02,22.24,9500
BWA,02-Sep-2026,63.86,65.2,63.76,65.18,1888300
BWG,02-Sep-2026,7.6,7.628,7.57,7.59,59700
BWI.W,02-Sep-2026,0.2502,0.265,0.25,0.2645,20400
BWIV,02-Sep-2026,9.91,9.91,9.91,9.91,200
BWLP,02-Sep-2026,22.99,24.35,22.94,24.35,1004500
BWMX,02-Sep-2026,15.68,15.75,15.1524,15.5,146200
BWpA,02-Sep-2026,22.17,22.62,22.02,22.24,7343
BWXT,02-Sep-2026,160.99,160.99,154,155.67,935100
BX,02-Sep-2026,136.16,139.44,136.03,136.82,2405800
BXC,02-Sep-2026,74.93,78.14,74.335,75.8,104300
BXDC,02-Sep-2026,20.5,20.78,20.12,20.23,828300
BXMT,02-Sep-2026,13.86,14.07,13.81,14.02,1483400
BXP,02-Sep-2026,67.13,67.87,66.55,67.1,1146900
BXSL,02-Sep-2026,24.69,24.87,24.575,24.68,1035000
BY,02-Sep-2026,37.85,38.55,37.73,38.29,656800
BYD,02-Sep-2026,76.7,78.3,76.54,76.7,842300
BZH,02-Sep-2026,33.19,33.27,33.18,33.2,391400
C,02-Sep-2026,133.8,136.2,132.695,134.34,7679600
C-N,02-Sep-2026,26.33,26.53,26.33,26.46,120900
C-R,02-Sep-2026,24.16,24.22,24.1,24.14,182800
CAAP,02-Sep-2026,23.18,24.24,23.06,24.18,214000
CABO,02-Sep-2026,24.15,29.39,24.14,28.51,354900
CACI,02-Sep-2026,626.97,627.7325,611.44,614.27,405600
CAF,02-Sep-2026,18.78,19,18.78,18.95,7300
CAG,02-Sep-2026,16.16,16.365,16.06,16.18,8489400
CAH,02-Sep-2026,240.99,246.02,239.35,245.49,1363900
CAL,02-Sep-2026,11.9,12.48,11.81,12.23,714000
CALX,02-Sep-2026,37.57,37.85,36.9,37.58,1043200
CALY,02-Sep-2026,15.62,15.93,15.62,15.72,1650400
CANG,02-Sep-2026,1.91,2,1.83,1.87,241800
CAPL,02-Sep-2026,23.11,23.369,23,23.04,5500
CARR,02-Sep-2026,57.26,57.82,56.438,57.58,4821600
CARS,02-Sep-2026,11.63,12.095,11.57,11.99,400400
CAT,02-Sep-2026,778.51,793.94,771.39,792.28,2507600
CATO,02-Sep-2026,2.69,2.69,2.61,2.62,25700
CAVA,02-Sep-2026,61,62.4473,60.75,61.79,2233500
CB,02-Sep-2026,339.19,342.075,337.9974,339.42,1736000
CBAN,02-Sep-2026,21.06,21.4699,21.06,21.29,117500
CBL,02-Sep-2026,54.26,54.715,53.83,54.49,318600
CBNA,02-Sep-2026,44.75,46.87,44.74,46.8,19400
CBRE,02-Sep-2026,146.21,148.18,141.64,142.06,2174100
CBT,02-Sep-2026,82.13,83.9,81.09,82.84,374300
CBU,02-Sep-2026,62.37,63.42,62.045,62.99,295100
CBZ,02-Sep-2026,54.43,54.54,54.415,54.46,1578800
CC,02-Sep-2026,15.25,15.96,15.17,15.68,1857300
CCI,02-Sep-2026,75.77,76.4091,74.36,75.38,3367000
CCID,02-Sep-2026,25,25.05,25,25,4600
CCIF,02-Sep-2026,2.74,2.7905,2.67,2.695,56300
CCJ,02-Sep-2026,96,98.37,95.13,96.38,2526500
CCK,02-Sep-2026,116.75,118,116.09,117,757600
CCL,02-Sep-2026,23.62,23.92,23.35,23.74,22804100
CCM,02-Sep-2026,4.52,5.01,4.51,4.65,90000
CCO,02-Sep-2026,2.38,2.38,2.36,2.36,2733700
CCS,02-Sep-2026,65.41,65.765,63.31,63.63,332100
CCU,02-Sep-2026,11.5,11.83,11.5,11.71,227500
CDE,02-Sep-2026,20.67,21.465,20.67,21.42,35907400
CDLR,02-Sep-2026,25.25,25.25,24.82,24.87,57800
CDP,02-Sep-2026,35.82,35.82,35.18,35.46,1528300
CDR-B,02-Sep-2026,16.1,16.45,16.1,16.25,2200
CDR-C,02-Sep-2026,15.35,15.675,15.35,15.4236,8500
CDRE,02-Sep-2026,28.71,29.16,28.32,28.61,521800
CDRpB,02-Sep-2026,16.1,16.45,16.1,16.25,2058
CDRpC,02-Sep-2026,15.35,15.675,15.35,15.4236,8390
CE,02-Sep-2026,44.04,47.12,44.04,46.66,2394500
CEE,02-Sep-2026,19.85,20.0401,19.8,19.9,5900
CEL-,02-Sep-2026,0.132,0.171,0.12,0.148,60600
CELGr,02-Sep-2026,0.132,0.171,0.12,0.148,59913
CEPU,02-Sep-2026,13.94,14.515,13.775,14.32,275600
CF,02-Sep-2026,133.57,141.27,131.29,139.27,4508400
CFG,02-Sep-2026,68.42,70.71,68.4099,69.78,5055400
CFG-E,02-Sep-2026,18.02,18.2,18.02,18.18,48700
CFG-H,02-Sep-2026,25.93,26.02,25.81,25.87,20800
CFG-I,02-Sep-2026,24.82,24.9199,24.74,24.805,19700
CFGpE,02-Sep-2026,18.02,18.2,18.02,18.18,36680
CFGpH,02-Sep-2026,25.93,26.02,25.81,25.87,15359
CFGpI,02-Sep-2026,24.82,24.9199,24.74,24.805,15427
CFND,02-Sep-2026,2.79,2.95,2.75,2.84,175200
CFR,02-Sep-2026,159.92,162.975,157.635,161.66,431700
CFR-B,02-Sep-2026,16.37,16.68,16.31,16.48,20500
CFRpB,02-Sep-2026,16.37,16.68,16.31,16.48,14729
CFT-A,02-Sep-2026,25.2,25.305,25.07,25.07,11900
CGAU,02-Sep-2026,22.43,22.75,22.125,22.26,1474800
CGV,02-Sep-2026,16.19,16.26,16.19,16.26,2600
CHCT,02-Sep-2026,14.85,14.97,14.806,14.9,252800
CHD,02-Sep-2026,99.38,100.54,98.63,99.32,1503300
CHE,02-Sep-2026,515.58,527.515,509.01,523.99,129900
CHGG,02-Sep-2026,0.7736,0.85,0.7736,0.8273,1033700
CHH,02-Sep-2026,98.96,101.21,98.28,100.4,416800
CHM-A,02-Sep-2026,22.02,22.02,21.821,21.91,2400
CHM-B,02-Sep-2026,24.1612,24.1612,23.81,23.83,3600
CHMI,02-Sep-2026,2.94,2.95,2.92,2.93,409400
CHMIpA,02-Sep-2026,22.02,22.02,21.821,21.91,1556
CHMIpB,02-Sep-2026,24.1612,24.1612,23.81,23.83,3300
CHPT,02-Sep-2026,5.3,5.41,5.19,5.19,1631100
CHT,02-Sep-2026,43.51,43.6,43.32,43.48,183200
CHWY,02-Sep-2026,23.22,24.32,23.21,24.17,7280800
CI,02-Sep-2026,283.1,286.81,280.7,282.84,1493000
CIA,02-Sep-2026,3.85,3.97,3.85,3.89,141900
CIB,02-Sep-2026,97.21,99.82,96.86,98.43,351200
CICB,02-Sep-2026,25.13,25.15,25,25.09,7100
CICC,02-Sep-2026,24.99,24.99,24.99,24.99,100
CIEN,02-Sep-2026,357.25,359.6,348.86,354.16,2870200
CIG,02-Sep-2026,2.07,2.13,2.07,2.13,5146600
CIG.C,02-Sep-2026,3.11,3.2517,3.11,3.24,1800
CII,02-Sep-2026,24.41,24.69,24.35,24.6,71200
CIM,02-Sep-2026,11.42,11.505,11.35,11.48,585800
CIM-A,02-Sep-2026,21.45,21.45,21.218,21.44,5900
CIM-B,02-Sep-2026,24.2,24.2,23.9955,24.0448,11900
CIM-C,02-Sep-2026,22.72,22.73,22.52,22.69,16300
CIM-D,02-Sep-2026,23.96,24.12,23.73,23.88,3800
CIMN,02-Sep-2026,25.15,25.25,25.15,25.2448,2400
CIMO,02-Sep-2026,25.29,25.33,25.25,25.31,4000
CIMP,02-Sep-2026,25.25,25.25,25.1,25.2,3200
CIMpA,02-Sep-2026,21.45,21.45,21.218,21.44,4470
CIMpB,02-Sep-2026,24.2,24.2,23.9955,24.0448,8584
CIMpC,02-Sep-2026,22.72,22.73,22.52,22.69,10673
CIMpD,02-Sep-2026,23.96,24.12,23.73,23.88,2694
CINT,02-Sep-2026,3.38,3.51,3.34,3.5,214200
CION,02-Sep-2026,7.44,7.515,7.43,7.45,247500
CL,02-Sep-2026,90.09,90.985,89.54,90.1,4117800
CLB,02-Sep-2026,12.2,12.6128,12.17,12.49,453000
CLB.W,02-Sep-2026,0.8125,0.8125,0.77,0.773,5700
CLBR,02-Sep-2026,10.25,10.25,10.24,10.24,191300
CLD-A,02-Sep-2026,20.255,20.4,20.1747,20.3477,19700
CLDT,02-Sep-2026,13.19,13.2799,13.12,13.14,194700
CLDTpA,02-Sep-2026,20.255,20.4,20.1747,20.3477,17870
CLF,02-Sep-2026,11.64,12.475,11.62,12.42,17234300
CLH,02-Sep-2026,314.53,317.8999,310.51,315.22,494600
CLPR,02-Sep-2026,3.23,3.29,3.1802,3.26,37400
CLS,02-Sep-2026,291.24,291.75,273.8,277.77,3252600
CLVT,02-Sep-2026,2.04,2.105,2.025,2.06,2253800
CLW,02-Sep-2026,20.72,21.4899,20.72,20.92,169800
CLX,02-Sep-2026,95.51,96.59,93.95,94.27,2589000
CM,02-Sep-2026,112.96,115.78,112.53,115.66,844300
CMBT,02-Sep-2026,18.5,18.795,18.4,18.75,2228400
CMC,02-Sep-2026,67.7,69.78,67.51,69.15,1277700
CMCM,02-Sep-2026,3.18,3.26,3.1,3.24,9200
CMDB,02-Sep-2026,20.65,21.84,20.65,21.5,80500
CMG,02-Sep-2026,37.69,38.865,37.69,38.52,11656600
CMI,02-Sep-2026,545,556.3675,542.7,550.9,1375300
CMP,02-Sep-2026,24.8,25.82,24.8,25.59,470900
CMR-B,02-Sep-2026,25.45,25.45,25.35,25.4,2600
CMR-C,02-Sep-2026,26.66,26.95,26.66,26.7278,3400
CMR-D,02-Sep-2026,26.84,26.8401,26.7,26.7137,1900
CMRE,02-Sep-2026,15.46,15.565,15.33,15.44,375300
CMREpB,02-Sep-2026,25.45,25.45,25.35,25.4,2332
CMREpC,02-Sep-2026,26.66,26.95,26.66,26.7278,2571
CMREpD,02-Sep-2026,26.84,26.8401,26.7,26.7137,1567
CMS,02-Sep-2026,67.75,68.245,67.19,68.06,2798700
CMS-C,02-Sep-2026,16.11,16.3,15.94,16.0651,26800
CMSA,02-Sep-2026,19.7,19.7279,19.53,19.68,28400
CMSC,02-Sep-2026,21.2,21.2,20.8714,21.03,23700
CMSD,02-Sep-2026,20.7,21,20.6,20.79,57200
CMSpC,02-Sep-2026,16.11,16.3,15.94,16.0651,21477
CMTG,02-Sep-2026,1.48,1.52,1.45,1.52,629300
CNA,02-Sep-2026,48.98,49.3,48.03,48.56,630700
CNC,02-Sep-2026,65.4,67.885,65.4,67.34,4829000
CNF,02-Sep-2026,2.24,2.25,2.17,2.2,4000
CNH,02-Sep-2026,12.46,13.89,12.39,13.65,53804700
CNI,02-Sep-2026,121.1,121.53,119.76,121.45,1643500
CNK,02-Sep-2026,35.18,36.06,35,35.19,3660100
CNM,02-Sep-2026,41.99,44.1747,41.55,43.77,2885300
CNMD,02-Sep-2026,49.57,50.91,49.26,49.43,299200
CNNE,02-Sep-2026,15.54,16.01,15.5,15.79,542800
CNO,02-Sep-2026,54.81,55.6,54.505,55.32,1044100
CNO-A,02-Sep-2026,16.3,16.3499,16.15,16.19,800
CNOpA,02-Sep-2026,16.3,16.3499,16.15,16.19,800
CNP,02-Sep-2026,39.46,39.695,39.071,39.51,5072200
CNQ,02-Sep-2026,51.42,52.08,51.23,51.81,5464700
CNR,02-Sep-2026,100.425,104.8699,100.425,102.66,381500
CNS,02-Sep-2026,77.64,78.64,76.825,77.23,286300
CNX,02-Sep-2026,37.36,38.055,37.36,37.58,1935600
COD-A,02-Sep-2026,19.8,19.98,19.6,19.75,5000
COD-B,02-Sep-2026,22.27,22.4499,22.1501,22.24,6600
COD-C,02-Sep-2026,22.16,22.16,22.04,22.069,9100
CODI,02-Sep-2026,11.57,11.68,11.29,11.56,434100
CODIpA,02-Sep-2026,19.8,19.98,19.6,19.75,4615
CODIpB,02-Sep-2026,22.27,22.4499,22.1501,22.24,6316
CODIpC,02-Sep-2026,22.16,22.16,22.04,22.069,7387
COF,02-Sep-2026,211.73,220.56,211.73,216.6,4044500
COF-I,02-Sep-2026,17.32,17.45,17.31,17.45,147400
COF-J,02-Sep-2026,16.69,16.75,16.6504,16.72,94700
COF-K,02-Sep-2026,16.02,16.06,16.02,16.06,4300
COF-L,02-Sep-2026,15.28,15.33,15.16,15.25,65300
COF-N,02-Sep-2026,15.16,15.16,15.07,15.07,21400
COFpI,02-Sep-2026,17.32,17.45,17.31,17.44,124047
COFpJ,02-Sep-2026,16.69,16.75,16.6504,16.73,80056
COFpK,02-Sep-2026,16.02,16.06,16.02,16.06,3181
COFpL,02-Sep-2026,15.49,15.49,15.16,15.28,59832
COFpN,02-Sep-2026,15.16,15.16,15.07,15.07,18309
COHR,02-Sep-2026,268.12,272.5,263.67,268.64,4189500
COLD,02-Sep-2026,14.76,14.775,14.51,14.59,2996000
COMP,02-Sep-2026,10.36,10.625,10.2554,10.59,13128700
CON,02-Sep-2026,34.07,34.6,34,34.03,658400
COOK,02-Sep-2026,52.85,53.87,51,51.41,26300
COP,02-Sep-2026,134.96,137.37,134.65,137.2,6020800
COR,02-Sep-2026,330.62,337.91,330.62,336.36,1398300
COSO,02-Sep-2026,27.29,27.58,27.17,27.2,151600
COTY,02-Sep-2026,2.83,2.98,2.83,2.9,5868000
COUR,02-Sep-2026,6.16,6.3125,6.095,6.11,3939500
CP,02-Sep-2026,89.59,89.85,88.48,89.54,2667100
CPA,02-Sep-2026,127.94,129.455,125,128.88,145100
CPAC,02-Sep-2026,12.35,12.645,12.28,12.59,20200
CPAI,02-Sep-2026,51.62,52,51.33,51.8358,20800
CPAY,02-Sep-2026,407.71,418.56,407.71,416.4,494500
CPF,02-Sep-2026,37.13,37.96,36.7501,37.56,178700
CPK,02-Sep-2026,132.74,132.74,130.35,130.86,218100
CPN,02-Sep-2026,26.33,26.53,26.33,26.46,110759
CPNG,02-Sep-2026,15.67,16.1299,15.67,15.97,7756800
CPRI,02-Sep-2026,12.86,13.055,12.62,12.71,4587700
CPS,02-Sep-2026,25.69,26.45,25.39,25.75,514500
CPT,02-Sep-2026,106.44,106.44,104.93,105.54,785900
CQP,02-Sep-2026,70.49,71.25,69.465,71.22,139700
CR,02-Sep-2026,200.99,204.03,197.84,199.1,377100
CRBD,02-Sep-2026,21.01,21.4,20.545,21,48700
CRBG,02-Sep-2026,32.35,33.77,32.35,33.54,4024200
CRC,02-Sep-2026,53.36,54.21,53.36,53.57,641000
CRCL,02-Sep-2026,87.75,89.68,85.87,88.64,8368500
CRD.A,02-Sep-2026,13,13.44,13,13.24,67900
CRD.B,02-Sep-2026,11.99,12.325,11.93,12.05,8900
CRGY,02-Sep-2026,13.96,14.535,13.9018,14.27,6212300
CRH,02-Sep-2026,91.05,93.07,90.21,92.67,5461500
CRI,02-Sep-2026,32.16,32.75,31.8001,32.41,1167800
CRK,02-Sep-2026,15.7,15.85,15.35,15.54,4762900
CRL,02-Sep-2026,285.49,292.545,282.56,291.76,606400
CRM,02-Sep-2026,259.38,264.55,253.6,256.93,14393700
CRS,02-Sep-2026,474.23,474.96,456.87,460.97,1094400
CRT,02-Sep-2026,10.52,10.71,10.477,10.58,9100
CSAN,02-Sep-2026,2.9,3.01,2.85,2.91,2615800
CSL,02-Sep-2026,335.7,345.65,331.85,341.93,616100
CSQR,02-Sep-2026,18.3,18.905,17.85,18,1182000
CSR,02-Sep-2026,52.68,52.91,52.02,52.78,134200
CSTM,02-Sep-2026,26.9,27.45,26.545,26.6,1551400
CSV,02-Sep-2026,33.535,33.7,33.2183,33.35,93400
CSW,02-Sep-2026,300.06,307.2,297.12,301.8,169400
CTA-A,02-Sep-2026,52.13,52.72,52.1,52.72,1200
CTA-B,02-Sep-2026,65.4,66.86,65.06,66.86,3800
CTApA,02-Sep-2026,52.13,52.72,52.1,52.72,750
CTApB,02-Sep-2026,65.4,65.49,65.06,65.4499,2597
CTEV,02-Sep-2026,38.86,40.29,36.99,40.23,117600
CTGG,02-Sep-2026,16.38,16.5,16.38,16.39,14800
CTHH,02-Sep-2026,16.89,16.985,16.87,16.95,13300
CTO,02-Sep-2026,21.65,21.65,21.32,21.43,291100
CTO-A,02-Sep-2026,21.5,21.6,21.5,21.58,1800
CTOpA,02-Sep-2026,21.5,21.6,21.5,21.58,1030
CTOS,02-Sep-2026,8.9,9.15,8.85,8.97,1293000
CTRE,02-Sep-2026,39.9,40.13,39.3,39.57,2143100
CTRI,02-Sep-2026,20.55,20.84,20.41,20.52,1549800
CTS,02-Sep-2026,56.75,58.03,56.39,57.01,222000
CTVA,02-Sep-2026,88.27,90.78,88,89.97,8788000
CUBE,02-Sep-2026,39.69,39.72,39.12,39.46,2096500
CUBI,02-Sep-2026,77,79.66,76.895,78.66,287000
CURB,02-Sep-2026,29.53,29.65,29.2,29.44,1728600
CURV,02-Sep-2026,2.18,2.2999,2.18,2.27,207600
CUZ,02-Sep-2026,28.59,29.08,28.37,28.84,1436800
CVE,02-Sep-2026,32.79,33.1,32.5,32.81,4454700
CVEO,02-Sep-2026,33.51,33.795,33.32,33.59,65400
CVI,02-Sep-2026,42.58,44.33,42.58,42.92,1164300
CVLG,02-Sep-2026,34.33,34.6643,33.49,33.49,290600
CVNA,02-Sep-2026,71.94,75.46,71.825,74.16,7099500
CVS,02-Sep-2026,97.82,98.4999,96.9,97.23,5403700
CVSA,02-Sep-2026,133.66,135.88,132.98,134.16,354600
CVX,02-Sep-2026,210.49,212.79,209.46,211.78,7597200
CW,02-Sep-2026,573.93,578.805,558.015,561.53,389200
CWEN,02-Sep-2026,31.3,31.78,31.04,31.42,1148400
CWH,02-Sep-2026,6.51,6.89,6.47,6.79,1589200
CWK,02-Sep-2026,13.52,13.76,13.03,13.04,1344500
CWT,02-Sep-2026,49.73,50.5,49.55,50.14,1606900
CX,02-Sep-2026,10.49,10.675,10.47,10.58,3513700
CXM,02-Sep-2026,7.4,7.81,6.95,6.95,8245500
CXT,02-Sep-2026,49.03,50.2799,48.975,50.07,421100
CXW,02-Sep-2026,32.87,33.31,32.1692,32.61,1604200
CYD,02-Sep-2026,36.76,38.0587,36.55,37.8,111700
CYH,02-Sep-2026,2.94,2.94,2.89,2.9,1558200
D,02-Sep-2026,66.3,66.73,65.53,66.05,5869200
DAC,02-Sep-2026,150.93,153.49,149.02,153.31,117200
DAL,02-Sep-2026,77.5,79.15,77,78.14,4897900
DAN,02-Sep-2026,29.68,30.96,29.49,30.67,1551900
DAO,02-Sep-2026,16.28,16.395,14.5436,14.89,111800
DAR,02-Sep-2026,67.35,68.59,66.15,67.62,2288600
DAVA,02-Sep-2026,3.09,3.16,3.06,3.06,105400
DB,02-Sep-2026,40.27,40.57,39.985,40.5,1655000
DBD,02-Sep-2026,67.11,68.369,66.3,67.63,230200
DBI,02-Sep-2026,5.25,5.42,5.19,5.25,564400
DBL,02-Sep-2026,14.14,14.22,14.09,14.16,155000
DBR-H,02-Sep-2026,14.4,15.07,14.4,15.05,293900
DBR-I,02-Sep-2026,14.98,15.2,14.9,15.1,126100
DBR-J,02-Sep-2026,15.11,15.45,14.8672,15.42,102600
DBRG,02-Sep-2026,15.93,15.97,15.92,15.97,3170400
DBRGpH,02-Sep-2026,13.52,15.07,12.78,15.05,281288
DBRGpI,02-Sep-2026,14,15.2,14,15.1,119854
DBRGpJ,02-Sep-2026,14.5,15.45,14.01,15.42,97990
DCBG,02-Sep-2026,26.75,26.75,26.75,26.75,400
DCH,02-Sep-2026,6.14,6.6,6.13,6.56,2170400
DCI,02-Sep-2026,89.96,90.93,89.08,89.91,541000
DCO,02-Sep-2026,170.39,170.39,164.34,165.6,208400
DCO-,02-Sep-2026,17.35,17.3599,17.25,17.35,9100
DCOM,02-Sep-2026,39.78,40.85,39.7,40.4,328600
DD,02-Sep-2026,132.89,134.42,132.38,132.93,872100
DDD,02-Sep-2026,3.25,3.4,3.22,3.38,2200100
DDL,02-Sep-2026,2.31,2.31,2.26,2.26,137300
DDS,02-Sep-2026,628.49,638.94,620.81,636.66,282900
DDT,02-Sep-2026,26.15,26.15,26.1,26.1225,6900
DE,02-Sep-2026,678.06,700.64,677.66,698.37,2028600
DEA,02-Sep-2026,24.51,24.64,24.29,24.49,313300
DEC,02-Sep-2026,15.24,15.48,15.16,15.25,644500
DECK,02-Sep-2026,84.47,85.38,83.695,83.76,2937100
DEI,02-Sep-2026,11.28,11.52,11.28,11.33,1851200
DELL,02-Sep-2026,462.05,497.9899,432.2651,492.2,36720100
DEO,02-Sep-2026,90.4,91.73,90.225,91.14,840900
DFH,02-Sep-2026,13.74,13.92,13.38,13.38,714800
DFIN,02-Sep-2026,47.96,49.47,47.75,47.87,167000
DFP,02-Sep-2026,20.48,20.48,20.36,20.4,51000
DG,02-Sep-2026,131.5,134.125,130.705,130.89,2766600
DGA-,02-Sep-2026,0.1251,0.1251,0.1251,0.1251,500
DGA.U,02-Sep-2026,10.07,10.07,10.07,10.07,200
DGAC,02-Sep-2026,9.98,10,9.98,10,151100
DGX,02-Sep-2026,238.03,242.835,236.27,240.8,1144100
DHF,02-Sep-2026,2.36,2.38,2.36,2.36,129500
DHI,02-Sep-2026,141.78,143.21,141.49,142.26,1746900
DHR,02-Sep-2026,207.77,212.7793,206.1,209.91,2951100
DHT,02-Sep-2026,19.66,20.1,19.545,20.07,2048200
DHX,02-Sep-2026,4.47,4.75,4.44,4.64,367600
DIN,02-Sep-2026,32.66,33.35,32.2301,32.82,183500
DINO,02-Sep-2026,103.29,107.31,103.16,106.06,2497800
DIS,02-Sep-2026,106.71,108.99,106.325,107.98,7556600
DIVY,02-Sep-2026,31.03,31.23,31.03,31.1,6000
DK,02-Sep-2026,73.26,74.475,71.03,71.45,2074200
DKL,02-Sep-2026,55.89,55.89,55.1246,55.46,61500
DKS,02-Sep-2026,133,138.06,132.01,137.34,3198600
DLB,02-Sep-2026,61.25,62.27,60.94,61.79,777000
DLN-A,02-Sep-2026,26.53,26.7,26.53,26.69,5300
DLNG,02-Sep-2026,3.83,3.85,3.75,3.76,49100
DLNGpA,02-Sep-2026,26.53,26.7,26.53,26.69,5158
DLR,02-Sep-2026,182.87,183.82,179.74,183.76,2045200
DLR-J,02-Sep-2026,19.96,19.96,19.31,19.32,11200
DLR-K,02-Sep-2026,22.1,22.299,22.0173,22.0173,5700
DLR-L,02-Sep-2026,19.07,19.33,19.03,19.0696,22700
DLRpJ,02-Sep-2026,19.96,19.96,19.31,19.32,9279
DLRpK,02-Sep-2026,22.1,22.299,22.0173,22.0173,4446
DLRpL,02-Sep-2026,19.07,19.33,19.03,19.0696,16934
DLX,02-Sep-2026,22.9,23.95,22.885,23.78,474700
DLY,02-Sep-2026,13.86,13.86,13.79,13.8,113100
DMA,02-Sep-2026,7.61,7.71,7.58,7.66,16900
DMB,02-Sep-2026,10.52,10.52,10.3799,10.38,59400
DMC,02-Sep-2026,32.44,32.55,31.94,32.37,629300
DMO,02-Sep-2026,10.22,10.24,10.15,10.18,23500
DNA,02-Sep-2026,6.92,7.2986,6.77,7.03,1269700
DNOW,02-Sep-2026,15.81,16.065,15.74,15.8,1573900
DNP,02-Sep-2026,10.81,10.85,10.77,10.81,713800
DOC,02-Sep-2026,20.72,21.125,20.62,21.03,5637400
DOCN,02-Sep-2026,108.01,109.28,103.18,104.87,2060300
DOCS,02-Sep-2026,26.26,27,26.2,26.32,1977600
DOLE,02-Sep-2026,13.93,14.095,13.84,14.06,1147400
DOUG,02-Sep-2026,1.79,1.855,1.77,1.8,472500
DOV,02-Sep-2026,190.52,191.105,188.69,188.9,1305800
DOW,02-Sep-2026,30.26,31.46,30.26,31.28,7908500
DPC,02-Sep-2026,41.02,41.93,38.5,39.47,860100
DPG,02-Sep-2026,14.27,14.37,14.16,14.24,49400
DQ,02-Sep-2026,12.95,13.09,12.58,12.88,1073900
DRD,02-Sep-2026,28.21,28.82,28.0958,28.3,342000
DRI,02-Sep-2026,215.44,221.61,215.44,220.03,1257200
DRLL,02-Sep-2026,41.81,42.265,41.715,42.103,15000
DSL,02-Sep-2026,10.56,10.59,10.525,10.54,846100
DSM,02-Sep-2026,5.78,5.78,5.74,5.75,58000
DSMC,02-Sep-2026,44,44.35,44,44.2067,4600
DSTX,02-Sep-2026,35.86,35.9,35.8,35.855,14600
DSU,02-Sep-2026,9.44,9.46,9.42,9.42,130800
DSX,02-Sep-2026,2.77,3.02,2.77,3.01,3160600
DSX-B,02-Sep-2026,27.2,27.48,27.035,27.14,7900
DSX.W,02-Sep-2026,0.64,1.06,0.64,1.05,370000
DSX.WS,02-Sep-2026,0.64,1.06,0.64,1.05,362873
DSXpB,02-Sep-2026,27.2,27.48,27.035,27.14,5745
DT,02-Sep-2026,52.38,52.595,50.86,50.87,4134200
DTB,02-Sep-2026,15.61,15.7,15.61,15.65,21700
DTE,02-Sep-2026,136.17,136.39,134.35,136.05,1169100
DTF,02-Sep-2026,11.6,11.6,11.52,11.555,900
DTG,02-Sep-2026,15.75,15.77,15.58,15.725,28000
DTK,02-Sep-2026,22.75,23.48,22.3,22.67,47400
DTM,02-Sep-2026,129.51,130.22,128.22,128.89,940400
DTW,02-Sep-2026,19.19,19.61,19.15,19.51,43600
DUK,02-Sep-2026,120.22,121.06,119.22,120.56,3419400
DUK-A,02-Sep-2026,23.79,23.86,23.51,23.63,108100
DUKB,02-Sep-2026,22,22.02,21.8796,21.94,39000
DUKpA,02-Sep-2026,23.79,23.86,23.51,23.62,92071
DUKU,02-Sep-2026,50.08,50.08,49.42,49.84,60500
DV,02-Sep-2026,13.36,13.38,13.35,13.35,2473500
DVA,02-Sep-2026,176.43,179.85,176.43,179.39,513500
DVN,02-Sep-2026,48.42,49.275,48.25,49.03,8496800
DX,02-Sep-2026,12.74,12.78,12.71,12.75,4919200
DX-C,02-Sep-2026,25.8,25.935,25.8,25.9006,5600
DXC,02-Sep-2026,11.13,11.755,11.05,11.63,2368600
DXpC,02-Sep-2026,25.8,25.935,25.8,25.9006,4334
DXYZ,02-Sep-2026,31.4,33,30.86,32.7,679500
DY,02-Sep-2026,287.99,299.495,285.75,296.98,671700
E,02-Sep-2026,54.79,55.565,54.7,55.21,429000
EAF,02-Sep-2026,7.16,7.22,6.47,6.69,542700
EAI,02-Sep-2026,19.65,19.745,19.49,19.5,22400
EARN,02-Sep-2026,4.33,4.4,4.32,4.4,258900
EAT,02-Sep-2026,233.98,236.62,229.805,231,701900
EBF,02-Sep-2026,21.14,21.23,21,21.09,160300
EBS,02-Sep-2026,6.23,6.5,6.23,6.46,1034000
EC,02-Sep-2026,17.24,17.64,17.24,17.51,1932100
ECAT,02-Sep-2026,15.14,15.37,15.14,15.24,403000
ECC,02-Sep-2026,3.88,3.92,3.83,3.87,932900
ECC-D,02-Sep-2026,18.7,18.7,18.6072,18.655,12300
ECCC,02-Sep-2026,25.075,25.075,25.075,25.075,300
ECCpD,02-Sep-2026,18.7,18.7,18.6072,18.655,11059
ECCU,02-Sep-2026,25.49,25.68,25.49,25.56,7300
ECCV,02-Sep-2026,24.13,24.35,24.1,24.2,3800
ECG,02-Sep-2026,114.06,114.06,110.98,112.71,327600
ECL,02-Sep-2026,281.68,284.96,278.89,279.9,1383300
ECO,02-Sep-2026,67.73,69.17,67.46,69.02,314700
ECVT,02-Sep-2026,10.06,10.475,10.02,10.37,1126100
ED,02-Sep-2026,107.77,108.1,106.3875,107.67,2146900
EDD,02-Sep-2026,5.83,5.88,5.79,5.88,273300
EDF,02-Sep-2026,5.22,5.24,5.2,5.23,44900
EDN,02-Sep-2026,23.87,24.98,23.71,24.91,77200
EDU,02-Sep-2026,59.25,60.23,59.09,59.15,1068300
EE,02-Sep-2026,38.92,40.45,38.305,40.22,327000
EEA,02-Sep-2026,11,11.37,10.99,11.02,27600
EFC,02-Sep-2026,13.31,13.36,13.225,13.33,995200
EFC-B,02-Sep-2026,25.08,25.41,25.077,25.23,9700
EFC-C,02-Sep-2026,25.57,25.66,25.57,25.66,1300
EFC-D,02-Sep-2026,23.15,23.28,22.71,22.81,1200
EFCpB,02-Sep-2026,25.077,25.41,25.077,25.23,7870
EFCpC,02-Sep-2026,25.57,25.66,25.57,25.66,600
EFCpD,02-Sep-2026,23.15,23.28,22.71,22.81,974
EFOR,02-Sep-2026,30.22,31.56,30.215,30.88,741900
EFR,02-Sep-2026,10.48,10.5489,10.48,10.49,108600
EFT,02-Sep-2026,10.63,10.6799,10.605,10.66,91200
EFX,02-Sep-2026,185.54,187.2,182.94,185.48,701600
EFXT,02-Sep-2026,20.36,21.48,20.19,21.32,678000
EG,02-Sep-2026,380.22,383.965,377.54,378.28,380000
EGO,02-Sep-2026,43.92,44.6899,42.855,43.15,3679900
EGP,02-Sep-2026,200.21,200.21,196.49,197.49,326000
EGY,02-Sep-2026,5.93,6.195,5.91,6.14,1407100
EHC,02-Sep-2026,121.87,122.79,120.63,121.18,650800
EHI,02-Sep-2026,5.71,5.72,5.69,5.72,383600
EIC,02-Sep-2026,9.95,10.0027,9.95,9.99,46200
EICA,02-Sep-2026,25,25,24.93,24.93,5900
EIG,02-Sep-2026,49.55,49.96,48.97,49.34,124500
EIIA,02-Sep-2026,25.2,25.2,25.155,25.2,4100
EIX,02-Sep-2026,56.78,57.17,53.785,55.19,12352200
EL,02-Sep-2026,100,102.225,98.75,101.15,3500900
ELAN,02-Sep-2026,23.97,24.92,23.87,24.68,6741600
ELC,02-Sep-2026,19.42,19.575,19.41,19.46,42300
ELF,02-Sep-2026,105.03,108.41,104.6,107.36,1600300
ELLA,02-Sep-2026,25.41,25.42,25.25,25.42,5700
ELME,02-Sep-2026,1.68,1.69,1.675,1.69,371600
ELPC,02-Sep-2026,11.95,12.31,11.95,12.24,558200
ELS,02-Sep-2026,63.38,63.55,62.65,63.12,1130000
ELV,02-Sep-2026,404.83,409,402.93,405.84,980900
EMA,02-Sep-2026,50.2,50.28,49.55,49.95,279500
EMBJ,02-Sep-2026,72.14,73.62,71.96,72.21,1044000
EMD,02-Sep-2026,10.54,10.54,10.45,10.49,139200
EME,02-Sep-2026,735,736.24,724.25,734.26,300900
EMF,02-Sep-2026,22.42,22.6905,22.41,22.6,14700
EMN,02-Sep-2026,70.48,72.82,70.48,72.16,968400
EMO,02-Sep-2026,56.19,56.19,54.995,55.47,35800
EMP,02-Sep-2026,20.04,20.04,19.91,19.98,8600
EMR,02-Sep-2026,148.01,150.6,146.35,148.98,2885700
ENB,02-Sep-2026,50.76,50.8827,50.095,50.31,4507100
ENHA,02-Sep-2026,1.55,1.62,1.48,1.58,1031500
ENIC,02-Sep-2026,4.35,4.405,4.315,4.38,1529500
ENJ,02-Sep-2026,19.375,19.375,19.375,19.375,800
ENO,02-Sep-2026,20.97,21.049,20.825,20.84,8400
ENOV,02-Sep-2026,20.5,21.06,19.72,20.2,2475000
ENR,02-Sep-2026,21.01,21.5899,20.82,20.92,1034500
ENS,02-Sep-2026,184.07,184.07,177.795,180.08,899700
ENVA,02-Sep-2026,223.41,230,223,226.89,483100
EOD,02-Sep-2026,6.62,6.64,6.58,6.61,83500
EOG,02-Sep-2026,147.39,149.125,146.77,148.96,3575200
EOI,02-Sep-2026,19.86,19.9901,19.84,19.89,48800
EOS,02-Sep-2026,21.46,21.54,21.4,21.48,124700
EOT,02-Sep-2026,16.87,17.195,16.87,16.95,20800
EP-C,02-Sep-2026,50.3,50.3,50.3,50.3,300
EPAC,02-Sep-2026,36.72,37.11,36.49,36.52,376100
EPAM,02-Sep-2026,116.54,119.87,115.78,117.2,971300
EPC,02-Sep-2026,28.01,28.77,27.84,28.4,494600
EPD,02-Sep-2026,39.28,39.5279,38.99,39.36,1989200
EPpC,02-Sep-2026,50.3,50.3,50.3,50.3,100
EPR,02-Sep-2026,59.39,59.657,58.55,59.61,492800
EPR-C,02-Sep-2026,26.16,26.19,26.16,26.18,1100
EPR-E,02-Sep-2026,32.185,32.185,32.185,32.185,500
EPR-G,02-Sep-2026,21.19,21.2999,21.17,21.17,3100
EPRpC,02-Sep-2026,26.16,26.19,26.16,26.18,905
EPRpE,02-Sep-2026,32.185,32.185,32.185,32.185,200
EPRpG,02-Sep-2026,21.19,21.2999,21.17,21.17,2905
EPRT,02-Sep-2026,30.23,30.265,29.775,29.97,1413400
EQBK,02-Sep-2026,49.29,50.07,48.96,49.57,70500
EQH,02-Sep-2026,49.64,51.81,49.64,51.52,3145900
EQH-A,02-Sep-2026,18.88,18.96,18.77,18.83,66700
EQH-C,02-Sep-2026,16.51,16.85,16.3701,16.68,59400
EQHpA,02-Sep-2026,18.88,18.96,18.77,18.81,49108
EQHpC,02-Sep-2026,16.51,16.85,16.3701,16.85,46784
EQNR,02-Sep-2026,43.18,43.83,43.11,43.58,2338000
EQS,02-Sep-2026,1.02,1.03,1.01,1.03,8700
EQT,02-Sep-2026,55.11,55.98,54.94,55.75,6191100
ERO,02-Sep-2026,35.62,36.35,34.39,34.76,1134600
EROC,02-Sep-2026,11.31,11.55,10.71,11.21,1739900
EROK,02-Sep-2026,25.19,25.81,24.97,25.65,138800
ES,02-Sep-2026,70.43,70.79,69.6,70.44,1869100
ESAB,02-Sep-2026,74.46,75.13,73.31,73.97,652300
ESE,02-Sep-2026,268.38,269.185,263.13,266.9,212400
ESI,02-Sep-2026,35.26,35.425,34.03,34.43,4718200
ESNT,02-Sep-2026,68.52,69.475,68.06,68.97,565100
ESRT,02-Sep-2026,4.4,4.48,4.365,4.39,2695100
ESS,02-Sep-2026,280.19,280.19,275,277.29,835600
ESTC,02-Sep-2026,92,93.5,89.34,89.58,2411700
ET,02-Sep-2026,21.4,21.6,21.23,21.54,6919800
ET-I,02-Sep-2026,11.45,11.45,11.4,11.4,52700
ETB,02-Sep-2026,15.66,15.7,15.59,15.65,43100
ETD,02-Sep-2026,24.32,25.13,24.32,24.71,1524600
ETG,02-Sep-2026,24.04,24.4002,23.9,23.95,121200
ETI-,02-Sep-2026,22.77,23.005,22.33,22.33,10400
ETIp,02-Sep-2026,22.77,23.005,22.4999,22.4999,6402
ETJ,02-Sep-2026,8.39,8.43,8.36,8.42,90900
ETN,02-Sep-2026,391.27,394.89,386,390.85,1631200
ETO,02-Sep-2026,31.47,31.57,31.44,31.515,7700
ETpI,02-Sep-2026,11.45,11.45,11.4,11.4,49811
ETR,02-Sep-2026,107.11,107.55,105.64,106.75,3705100
ETSS,02-Sep-2026,9.92,9.92,9.91,9.91,111900
ETSY,02-Sep-2026,81.99,82.745,79.41,81.72,2806000
ETV,02-Sep-2026,15.2,15.41,15.1501,15.32,148300
ETW,02-Sep-2026,9.82,9.84,9.7501,9.8,210400
ETX,02-Sep-2026,18.11,18.215,18.11,18.16,16700
ETY,02-Sep-2026,14.38,14.45,14.3,14.42,365900
EVAC,02-Sep-2026,10.29,10.295,10.29,10.295,200
EVC,02-Sep-2026,8.08,8.57,8,8.4,1391400
EVE.T,02-Sep-2026,0.086,0.086,0.086,0.086,100
EVEX,02-Sep-2026,2.21,2.27,2.19,2.21,955900
EVEX.WS,02-Sep-2026,0.086,0.086,0.086,0.086,100
EVF,02-Sep-2026,4.95,4.97,4.94,4.96,48500
EVG,02-Sep-2026,10.71,10.71,10.6,10.65,16700
EVH,02-Sep-2026,4.28,4.41,4.21,4.23,1503500
EVMN,02-Sep-2026,12.5,12.8,12.33,12.48,370500
EVN,02-Sep-2026,10.63,10.66,10.52,10.6,42300
EVR,02-Sep-2026,286.15,294.65,284.54,288.69,551800
EVT,02-Sep-2026,28.59,28.9325,28.59,28.81,65800
EVTC,02-Sep-2026,29.19,30.37,29.095,30.02,382700
EVTL,02-Sep-2026,0.61,0.6138,0.58,0.5848,12101800
EVTR,02-Sep-2026,49.84,49.84,49.73,49.82,330800
EW,02-Sep-2026,91.46,92.3568,90.55,90.82,2595700
EXG,02-Sep-2026,9.89,9.98,9.86,9.97,402700
EXK,02-Sep-2026,10.68,11.195,10.43,11.13,10640000
EXP,02-Sep-2026,191.21,196.45,191.21,194.66,309000
EXPD,02-Sep-2026,187.39,188.77,185.885,186.16,719300
EXR,02-Sep-2026,139.75,140.67,137.92,139.93,1174700
F,02-Sep-2026,13.88,14.24,13.77,14.14,58216800
F-B,02-Sep-2026,19.98,20.13,19.956,20.13,28000
F-C,02-Sep-2026,19.42,19.5399,19.41,19.52,60100
F-D,02-Sep-2026,20.86,20.9298,20.8,20.84,34500
FAF,02-Sep-2026,74.03,75.1,73.285,74.05,683600
FBIN,02-Sep-2026,42.89,43.52,42.52,42.89,1817700
FBK,02-Sep-2026,56.04,57.35,55.4,56.26,343800
FBP,02-Sep-2026,28.07,28.64,27.92,28.42,1304200
FBR-E,02-Sep-2026,19.3,19.36,19.3,19.31,7400
FBRT,02-Sep-2026,8.42,8.595,8.4,8.51,1982800
FBRTpE,02-Sep-2026,19.3,19.36,19.3,19.31,6225
FC,02-Sep-2026,19.37,19.82,18.51,18.87,141100
FCBM,02-Sep-2026,12.65,12.83,12.555,12.73,87000
FCF,02-Sep-2026,20.69,21.135,20.62,20.99,854800
FCN,02-Sep-2026,152.51,152.51,148.98,149.99,327400
FCPT,02-Sep-2026,24.93,25.01,24.69,24.73,1029400
FCR.U,02-Sep-2026,10.4,10.4,10.4,10.4,100
FCR.W,02-Sep-2026,0.7695,0.7695,0.7695,0.7695,900
FCRS,02-Sep-2026,10.22,10.23,10.22,10.23,1700
FCRS.U,02-Sep-2026,10.4,10.4,10.4,10.4,100
FCX,02-Sep-2026,73.04,75.64,72.76,73.93,11964900
FDS,02-Sep-2026,301.49,309.09,299.0029,306.07,524100
FDX,02-Sep-2026,325.46,325.615,315.87,316.54,1280900
FDXF,02-Sep-2026,127.5,129.39,125.89,126.6,1122300
FE,02-Sep-2026,46.14,46.355,45.54,46.29,3358600
FEDU,02-Sep-2026,9.96,10.43,9.96,10.43,2900
FEGE,02-Sep-2026,52.67,52.9343,52.635,52.86,437500
FENG,02-Sep-2026,1.47,1.47,1.4699,1.4699,1100
FEOE,02-Sep-2026,55.67,55.86,55.54,55.86,136600
FERG,02-Sep-2026,218.27,222.09,215.8,221.23,1667800
FET,02-Sep-2026,81.83,84,80.8221,82.22,233200
FF,02-Sep-2026,5.47,5.55,5.36,5.38,283600
FFA,02-Sep-2026,23.12,23.25,23.02,23.21,18100
FFC,02-Sep-2026,15.88,15.88,15.71,15.75,111400
FG,02-Sep-2026,23.62,24.2,23.62,23.97,402100
FGN,02-Sep-2026,24.2,24.364,24.01,24.15,20100
FGSN,02-Sep-2026,20.97,20.98,20.76,20.91,9000
FHI,02-Sep-2026,62.49,62.74,60.72,60.73,505900
FHN,02-Sep-2026,24.16,24.745,24.12,24.57,3368100
FHN-E,02-Sep-2026,23.35,23.55,23.28,23.3,12000
FHN-F,02-Sep-2026,17,17.072,16.96,16.96,2000
FHN-H,02-Sep-2026,24.355,24.63,24.2353,24.375,22800
FHNpE,02-Sep-2026,23.351,23.55,23.28,23.3,9565
FHNpF,02-Sep-2026,17,17.072,16.975,17.072,500
FICO,02-Sep-2026,1087.12,1109.99,1087.12,1099.45,165500
FIG,02-Sep-2026,26.78,27.24,25.68,25.73,9630000
FIGS,02-Sep-2026,15.27,15.445,14.945,15,1737000
FINS,02-Sep-2026,12.73,12.74,12.6001,12.67,80000
FINV,02-Sep-2026,3.32,3.505,3.31,3.44,1442300
FIRY,02-Sep-2026,9.81,10.18,9.81,9.95,107600
FIS,02-Sep-2026,41.06,42.3399,40.855,41.87,6727400
FIT-A,02-Sep-2026,22.34,22.433,22.2,22.375,5800
FIT-I,02-Sep-2026,25.49,25.52,25.49,25.511,17500
FIT-K,02-Sep-2026,18.05,18.05,17.82,17.94,75500
FIT-M,02-Sep-2026,25.35,25.375,25.2501,25.36,7900
FITB,02-Sep-2026,53.41,54.74,53.07,54.4,4413700
FIX,02-Sep-2026,1553,1562,1521.47,1560.13,328700
FIXT,02-Sep-2026,36.88,36.995,36.88,36.9454,26700
FLC,02-Sep-2026,16.5,16.58,16.49,16.49,22000
FLG,02-Sep-2026,13.16,13.59,13.145,13.49,4826100
FLG-A,02-Sep-2026,23.9,23.97,23.82,23.85,26700
FLG-U,02-Sep-2026,40.15,40.45,40.05,40.05,1700
FLGpA,02-Sep-2026,23.9,23.97,23.82,23.88,20085
FLGpU,02-Sep-2026,40.15,40.45,40.05,40.05,1352
FLNG,02-Sep-2026,31.4,31.95,31.35,31.78,651800
FLO,02-Sep-2026,6.74,6.87,6.665,6.68,7301500
FLOC,02-Sep-2026,21.45,21.97,21.26,21.76,348600
FLR,02-Sep-2026,56.5,56.92,55.81,56.6,2663800
FLS,02-Sep-2026,77.65,78.32,76.5001,77.74,1528000
FLUT,02-Sep-2026,97.8,103.86,97.8,101.98,2504100
FLXR,02-Sep-2026,38.63,38.63,38.5916,38.62,421500
FMC,02-Sep-2026,12,13.455,11.97,13.33,6347500
FMN,02-Sep-2026,11.01,11.05,10.845,10.85,28500
FMS,02-Sep-2026,22.58,22.86,22.58,22.65,646500
FMX,02-Sep-2026,120.48,122.02,119.71,121.37,230600
FMY,02-Sep-2026,11.59,11.64,11.58,11.58,5400
FN,02-Sep-2026,399,399.76,391.34,395.35,779600
FNB,02-Sep-2026,18,18.409,17.964,18.28,4071200
FND,02-Sep-2026,47.92,48.58,47.2,47.95,2824600
FNF,02-Sep-2026,46.22,46.85,45.93,46.18,1770400
FNV,02-Sep-2026,261.46,262.99,256.46,259.71,748500
FOA,02-Sep-2026,17.19,17.88,17.08,17.29,58000
FOF,02-Sep-2026,13.45,13.54,13.345,13.38,89800
FOIL,02-Sep-2026,22.59,22.59,22.01,22.01,7100
FOR,02-Sep-2026,27.69,27.88,27.18,27.19,138500
FOU-A,02-Sep-2026,55.6,58,55.535,58,5300
FOUR,02-Sep-2026,41,44.56,41,44.23,1485600
FOURpA,02-Sep-2026,55.6,58,55.535,58,3979
FpB,02-Sep-2026,19.98,20.13,19.956,20.13,21559
FpC,02-Sep-2026,19.42,19.5399,19.41,19.53,49625
FpD,02-Sep-2026,20.86,20.9298,20.8,20.84,30130
FPF,02-Sep-2026,17.66,17.8499,17.52,17.56,232900
FPH,02-Sep-2026,5.07,5.11,5.05,5.05,101900
FPI,02-Sep-2026,10.6,10.65,10.425,10.45,988000
FPS,02-Sep-2026,29.02,29.46,28.52,29.42,4373800
FR,02-Sep-2026,62.68,62.68,61.45,61.65,910300
FRA,02-Sep-2026,11.05,11.0662,10.965,10.98,113500
FRO,02-Sep-2026,44.17,45.585,43.94,45.42,1840800
FRT,02-Sep-2026,117.63,118.31,116.0701,117.94,769700
FRT-C,02-Sep-2026,18.96,19.0454,18.96,19.025,5200
FRTpC,02-Sep-2026,18.96,19.0454,18.96,19.025,3279
FSCO,02-Sep-2026,5.2,5.25,5.2,5.24,862400
FSK,02-Sep-2026,12.26,12.365,12.18,12.25,1074800
FSM,02-Sep-2026,12.08,12.39,12.04,12.26,4797700
FSS,02-Sep-2026,114.02,116.47,112.645,115.12,564500
FSSL,02-Sep-2026,11.77,11.9019,11.725,11.8,192100
FT,02-Sep-2026,7.67,7.71,7.65,7.67,57200
FTHY,02-Sep-2026,13.25,13.4,13.25,13.29,119300
FTI,02-Sep-2026,77.45,80.3,77,79.67,2648500
FTK,02-Sep-2026,22.8,23.43,22.15,23.37,465900
FTR.U,02-Sep-2026,10.16,10.16,10.16,10.16,200
FTRA,02-Sep-2026,9.9,9.9,9.88,9.89,18000
FTS,02-Sep-2026,55.22,55.22,54.52,55.05,838000
FTV,02-Sep-2026,57.42,57.53,56.12,56.6,2544100
FTW,02-Sep-2026,10.78,11.035,10.7644,10.9,173200
FTW.W,02-Sep-2026,1.45,1.52,1.44,1.45,7000
FTWO,02-Sep-2026,47.42,47.831,47.42,47.831,2800
FUBO,02-Sep-2026,10.54,11.4,10.54,11.27,1715700
FUL,02-Sep-2026,54.3,55.395,53.835,53.91,606300
FUN,02-Sep-2026,14.24,15.5,14.24,15.47,2768900
FVR,02-Sep-2026,19.45,19.45,18.95,19.03,93900
FVRR,02-Sep-2026,9.25,9.465,9.16,9.43,398900
FXED,02-Sep-2026,17.19,17.24,17.13,17.24,4900
G,02-Sep-2026,37.07,38.16,37.07,37.49,1848300
GAB,02-Sep-2026,5.63,5.67,5.63,5.66,603800
GAB-G,02-Sep-2026,19.17,19.27,19.11,19.2,7100
GAB-H,02-Sep-2026,19.08,19.22,19.08,19.1,10000
GAB-K,02-Sep-2026,19.3,19.59,19.3,19.3,5900
GABpG,02-Sep-2026,19.17,19.27,19.11,19.2,4282
GABpH,02-Sep-2026,19.08,19.22,19.08,19.1,8198
GABpK,02-Sep-2026,19.3,19.59,19.3,19.3,4826
GAM,02-Sep-2026,66.6,67.4803,65.9601,66.73,9900
GAM-B,02-Sep-2026,24.69,24.8,24.69,24.76,9200
GAMpB,02-Sep-2026,24.69,24.8,24.69,24.76,8399
GAP,02-Sep-2026,21.97,22.44,21.63,22.06,8579200
GATX,02-Sep-2026,174.6,177.59,172.61,175.78,205200
GBAB,02-Sep-2026,13.59,13.73,13.58,13.61,66300
GBCI,02-Sep-2026,45.68,46.815,45.68,46.4,1043800
GBTG,02-Sep-2026,9.46,9.49,9.44,9.48,13552800
GBX,02-Sep-2026,42.44,43.27,42.01,42.75,533700
GCO,02-Sep-2026,32.98,33.73,32.625,33.52,274800
GCPB,02-Sep-2026,49.72,49.7715,49.72,49.7715,900
GCT.W,02-Sep-2026,0.34,0.35,0.28,0.305,52200
GCTS,02-Sep-2026,1.71,1.755,1.6701,1.73,1650600
GCTS.WS,02-Sep-2026,0.34,0.35,0.28,0.305,51201
GCV,02-Sep-2026,4.52,4.5722,4.51,4.55,14800
GD,02-Sep-2026,369.85,370.365,362.205,364.07,1575500
GDDY,02-Sep-2026,100.37,102.91,99.93,101.87,1777600
GDIV,02-Sep-2026,18.99,18.99,18.954,18.954,1800
GDL,02-Sep-2026,8.36,8.41,8.36,8.41,1600
GDO,02-Sep-2026,10.09,10.15,10.08,10.1,33700
GDOT,02-Sep-2026,13.2,13.42,13.2,13.3,249600
GDV,02-Sep-2026,29.92,30.142,29.84,29.89,315800
GDV-H,02-Sep-2026,21.09,21.1099,21,21.0132,5400
GDV-K,02-Sep-2026,16.95,17.0349,16.9,17,20300
GDVpH,02-Sep-2026,21.09,21.1099,21,21.0132,4466
GDVpK,02-Sep-2026,16.95,17.0349,16.9,17.03,18064
GE,02-Sep-2026,333.36,333.86,329.31,329.5,2691900
GEF,02-Sep-2026,83.71,86.1599,83.71,85.57,583100
GEF.B,02-Sep-2026,106.8,108.27,106.2575,107.32,47000
GEL,02-Sep-2026,16.63,16.67,16.2,16.25,364900
GENI,02-Sep-2026,7.18,7.685,7.18,7.42,5064100
GEO,02-Sep-2026,30.5,30.99,30.04,30.56,2902700
GETY,02-Sep-2026,0.235,0.24,0.2257,0.2395,1620900
GEV,02-Sep-2026,898.53,927.49,882.97,921.94,2654500
GF,02-Sep-2026,11.4,11.705,11.38,11.45,19300
GFF,02-Sep-2026,95.44,96.86,94.425,95.83,405000
GFI,02-Sep-2026,46.05,46.288,44.53,44.92,4237500
GFL,02-Sep-2026,41.5,43.37,41.5,42.59,2293900
GFR,02-Sep-2026,6.25,6.275,6.11,6.17,1636300
GFR-,02-Sep-2026,1.2,1.25,1.13,1.25,477700
GGB,02-Sep-2026,4.81,5.01,4.78,4.97,11691800
GGG,02-Sep-2026,77.16,77.74,75.8993,77.66,2235700
GGT,02-Sep-2026,4.06,4.0691,4.03,4.04,734600
GGT-E,02-Sep-2026,19.98,20.08,19.98,20.08,1200
GGT-G,02-Sep-2026,20.1,20.13,20.1,20.13,3800
GGTpE,02-Sep-2026,19.98,20.08,19.98,20.08,1056
GGTpG,02-Sep-2026,20.1,20.13,20.1,20.13,2600
GGZ,02-Sep-2026,16.13,16.32,16.13,16.311,5200
GHC,02-Sep-2026,1106.24,1127.9,1102.265,1113.13,43200
GHG,02-Sep-2026,1.07,1.09,1.06,1.06,7500
GHI,02-Sep-2026,6.31,6.31,6.1301,6.24,10200
GHM,02-Sep-2026,83.73,84.28,82.6275,83.22,148700
GHY,02-Sep-2026,11.56,11.58,11.54,11.57,138000
GIB,02-Sep-2026,73.31,74.35,72.825,72.85,277400
GIC,02-Sep-2026,38.97,39.65,38.63,39.01,115000
GIL,02-Sep-2026,50.75,52.25,50.58,51.46,1133600
GIS,02-Sep-2026,41.22,41.34,40.54,40.58,6584900
GJH,02-Sep-2026,9.49,9.49,9.49,9.49,200
GJP,02-Sep-2026,24.5,24.5,24.485,24.5,6100
GJT,02-Sep-2026,23.25,23.26,23.23,23.26,400
GKOS,02-Sep-2026,176.87,182.2798,176.35,179.53,768700
GL,02-Sep-2026,172.83,175.5532,170.8801,173.34,276600
GL-D,02-Sep-2026,14.75,14.82,14.74,14.75,19600
GLAS,02-Sep-2026,8.55,8.67,8.36,8.55,660300
GLE.U,02-Sep-2026,10.15,10.15,10.1499,10.1499,800
GLED,02-Sep-2026,10.01,10.01,10,10.01,5900
GLO-A,02-Sep-2026,25.65,25.6999,25.55,25.55,5100
GLO-B,02-Sep-2026,25.95,25.95,25.85,25.9,2000
GLO-C,02-Sep-2026,25.66,25.85,25.66,25.82,3800
GLOB,02-Sep-2026,39.38,40.45,38.85,38.88,906100
GLOPpA,02-Sep-2026,25.65,25.6999,25.55,25.55,3268
GLOPpB,02-Sep-2026,25.95,25.95,25.85,25.9,1786
GLOPpC,02-Sep-2026,25.66,25.85,25.66,25.82,3308
GLP,02-Sep-2026,51.76,52.69,51.625,52.59,73700
GLpD,02-Sep-2026,14.75,14.82,14.74,14.74,14544
GLW,02-Sep-2026,143.75,147.66,142.82,144.13,7863700
GM,02-Sep-2026,85.64,86.64,83.95,84.87,5887800
GME,02-Sep-2026,18.83,19.045,18.75,18.97,4756000
GME.W,02-Sep-2026,2.48,2.59,2.43,2.57,462300
GME.WS,02-Sep-2026,2.43,2.59,2.37,2.58,379073
GMED,02-Sep-2026,80.23,82.45,80.025,80.66,826100
GMMF,02-Sep-2026,100.25,100.26,100.25,100.255,21000
GMRS,02-Sep-2026,13.05,13.3492,12.77,12.79,470400
GNE,02-Sep-2026,15.27,15.44,14.9001,15.26,77200
GNK,02-Sep-2026,26.35,27,26.34,27,797600
GNL,02-Sep-2026,9.15,9.215,9.1,9.15,1491100
GNL-A,02-Sep-2026,23.08,23.08,22.95,22.95,11300
GNL-B,02-Sep-2026,22.17,22.35,22.06,22.325,20000
GNL-D,02-Sep-2026,23.58,23.67,23.58,23.62,2700
GNL-E,02-Sep-2026,23.16,23.405,23.15,23.405,9400
GNLpA,02-Sep-2026,23.08,23.08,22.95,22.95,7986
GNLpB,02-Sep-2026,22.17,22.35,22.06,22.325,18709
GNLpD,02-Sep-2026,23.58,23.67,23.58,23.62,2055
GNLpE,02-Sep-2026,23.16,23.405,23.15,23.405,8495
GNRC,02-Sep-2026,181.69,183.78,178.31,180.76,782500
GNT,02-Sep-2026,9.15,9.2015,9.1,9.1,40900
GNT-A,02-Sep-2026,19.685,19.86,19.685,19.86,1100
GNTpA,02-Sep-2026,19.685,19.86,19.685,19.86,934
GNW,02-Sep-2026,10.08,10.165,10.03,10.13,3771700
GOF,02-Sep-2026,9.46,9.555,9.35,9.4,2849400
GOLD,02-Sep-2026,43.69,44.2999,42.75,43.82,681200
GOLF,02-Sep-2026,86.33,87.385,85.645,86.87,367400
GOOS,02-Sep-2026,8.19,8.295,8.12,8.15,643100
GOTU,02-Sep-2026,2.17,2.28,2.14,2.19,907900
GPC,02-Sep-2026,135.69,137.56,134.91,137.15,745200
GPGI,02-Sep-2026,13.09,14.38,13.055,14.25,2228300
GPI,02-Sep-2026,270.68,277.74,268.37,276.41,344300
GPJA,02-Sep-2026,20.36,20.6,20.15,20.4,19400
GPK,02-Sep-2026,10.88,11.2,10.82,10.98,4068500
GPM-A,02-Sep-2026,16.5,16.5,16.11,16.29,8100
GPMT,02-Sep-2026,1.01,1.03,0.99,1.03,331800
GPMTpA,02-Sep-2026,16.5,16.5,16.11,16.29,5806
GPN,02-Sep-2026,90.29,93.61,89.725,92.81,1968200
GPOR,02-Sep-2026,180.6,183.24,180.335,180.45,181800
GPRK,02-Sep-2026,11.1,11.98,10.82,11.69,1153900
GRB-A,02-Sep-2026,22.98,22.98,22.98,22.98,100
GRBK,02-Sep-2026,71.14,72.33,70.38,70.98,489100
GRBKpA,02-Sep-2026,22.98,22.98,22.98,22.98,103
GRC,02-Sep-2026,74.75,75.74,72,73.94,194100
GRDN,02-Sep-2026,38.87,40.08,38.661,39.04,469700
GRMN,02-Sep-2026,275.14,276.78,268.01,276.04,972200
GRND,02-Sep-2026,15.49,15.71,15.49,15.67,673500
GRNT,02-Sep-2026,5.01,5.175,5.01,5.16,3152300
GROV,02-Sep-2026,1.02,1.1,1.02,1.1,462900
GRX,02-Sep-2026,10.04,10.125,10.04,10.09,5500
GS,02-Sep-2026,1009.74,1021.843,998,1004.42,2194000
GS-A,02-Sep-2026,19.06,19.13,19,19.05,36900
GS-C,02-Sep-2026,19.03,19.1399,19.03,19.0801,3500
GS-D,02-Sep-2026,18.56,18.73,18.56,18.63,84900
GSBD,02-Sep-2026,10.11,10.14,9.83,9.93,1342900
GSK,02-Sep-2026,50.36,51.08,50.04,50.44,2938400
GSL,02-Sep-2026,44.59,45.2301,44.51,45.13,209500
GSL-B,02-Sep-2026,26.64,26.68,26.5658,26.68,3600
GSLpB,02-Sep-2026,26.64,26.68,26.5658,26.68,2864
GSpA,02-Sep-2026,19.06,19.13,19,19.05,34258
GSpC,02-Sep-2026,19.03,19.1399,19.03,19.0801,2918
GSpD,02-Sep-2026,18.56,18.73,18.56,18.63,75079
GTES,02-Sep-2026,24.87,25.07,24.27,24.91,1858300
GTN,02-Sep-2026,4.74,5.005,4.74,4.93,1034800
GTN.A,02-Sep-2026,5.92,5.92,5.5,5.89,1000
GTY,02-Sep-2026,32.53,32.58,32.12,32.49,398500
GUG,02-Sep-2026,15.39,15.39,15.3,15.38,95000
GUT,02-Sep-2026,6.45,6.59,6.44,6.56,158600
GUT-C,02-Sep-2026,20.6,20.8,20.58,20.6,5500
GUTpC,02-Sep-2026,20.6,20.8,20.58,20.6,3971
GVA,02-Sep-2026,118.1,119.67,117.28,119.03,398300
GWH,02-Sep-2026,0.36,0.36,0.3065,0.325,1622800
GWRE,02-Sep-2026,199.38,201.06,188.73,192.76,1814100
GWW,02-Sep-2026,1306.38,1311.75,1283.97,1284.85,292100
GXO,02-Sep-2026,46.49,46.55,45.59,46.37,1134600
GYLD,02-Sep-2026,14.3487,14.45,14.3487,14.405,8100
H,02-Sep-2026,165.83,167.95,164.38,165.02,1096100
HAE,02-Sep-2026,102.24,104.37,101.61,102.92,777600
HAFN,02-Sep-2026,8.58,8.915,8.551,8.88,1810800
HAL,02-Sep-2026,36.5,37.83,36.4319,37.63,11084100
HASI,02-Sep-2026,39.59,40.22,39.23,39.83,1033300
HAWK,02-Sep-2026,18.25,18.25,17.1,17.65,2607600
HAYW,02-Sep-2026,13.63,13.805,13.51,13.63,2139000
HBB,02-Sep-2026,30.93,32.095,30.39,31.51,86500
HBM,02-Sep-2026,27.58,28.04,26.96,27.32,2983800
HCA,02-Sep-2026,412.46,414.495,396.77,402.06,1535000
HCC,02-Sep-2026,107.21,111.42,106.21,108.53,462000
HCI,02-Sep-2026,189.38,191.27,186.9,187.37,121100
HCXY,02-Sep-2026,25.18,25.18,24.9201,24.9201,1000
HD,02-Sep-2026,321.5,322.17,317.71,318.51,3509000
HDB,02-Sep-2026,22.79,23.22,22.73,23.21,11156500
HE,02-Sep-2026,11.03,11.07,10.86,10.95,2601800
HEI,02-Sep-2026,325.56,326.3199,321.08,322.9,439000
HEI.A,02-Sep-2026,243.98,243.98,239.21,239.83,222200
HEQ,02-Sep-2026,11.63,11.94,11.61,11.7,9100
HESM,02-Sep-2026,40.17,40.53,39.91,40.03,2233100
HF,02-Sep-2026,22.67,22.6737,22.67,22.6737,100
HFEQ,02-Sep-2026,23.79,23.99,23.79,23.9602,11800
HFGM,02-Sep-2026,31.53,31.7699,31.515,31.73,13700
HFMF,02-Sep-2026,21.62,21.765,21.62,21.7481,3600
HFND,02-Sep-2026,24.35,24.405,24.3155,24.3155,3300
HFR-A,02-Sep-2026,16.34,16.57,16.34,16.5,2600
HFR-B,02-Sep-2026,16.21,16.443,16.21,16.4,12500
HFRO,02-Sep-2026,7.39,7.41,7.29,7.37,66500
HFROpA,02-Sep-2026,16.34,16.57,16.34,16.5,2153
HFROpB,02-Sep-2026,16.21,16.443,16.21,16.4,11474
HG,02-Sep-2026,35.42,35.82,35.05,35.5,469300
HGER,02-Sep-2026,35.43,35.6971,35.39,35.53,1143700
HGLB,02-Sep-2026,7.44,7.48,7.41,7.44,81800
HGTY,02-Sep-2026,13.11,13.38,13.07,13.23,80400
HGV,02-Sep-2026,41.89,43.3,41.62,42.17,1173100
HHH,02-Sep-2026,63.3,64.1686,63.105,63.18,453800
HIG,02-Sep-2026,137.82,138.54,136.91,137.21,1138600
HIG-G,02-Sep-2026,24.07,24.19,23.76,23.85,39800
HIGpG,02-Sep-2026,24.07,24.19,23.76,23.85,33786
HII,02-Sep-2026,292.24,292.72,287.215,288.72,354600
HIMS,02-Sep-2026,28.33,29.375,28.15,28.68,7896300
HIO,02-Sep-2026,3.49,3.5,3.47,3.47,473000
HIPO,02-Sep-2026,33.3,34.04,33.11,33.9,189700
HIW,02-Sep-2026,30.45,31.005,30.24,30.86,1476500
HIX,02-Sep-2026,3.9,3.9001,3.88,3.88,318100
HKD,02-Sep-2026,1.66,1.69,1.66,1.68,71400
HL,02-Sep-2026,19.58,20.79,19.58,20.77,28249200
HL-B,02-Sep-2026,72.99,72.99,72.99,72.99,100
HLF,02-Sep-2026,11.52,12.23,11.52,12.16,2630500
HLI,02-Sep-2026,132.36,135.24,131.59,133.21,714000
HLIO,02-Sep-2026,71.04,72.3,70.27,70.51,317900
HLLY,02-Sep-2026,2.87,2.97,2.87,2.93,648500
HLN,02-Sep-2026,9.95,10.025,9.91,9.91,10528400
HLpB,02-Sep-2026,72.99,72.99,72.99,72.99,100
HLT,02-Sep-2026,313.25,315.59,311.43,311.51,1276400
HMC,02-Sep-2026,31.93,32.49,31.93,32.44,833800
HMN,02-Sep-2026,51.11,51.86,50.95,51.5,198900
HMY,02-Sep-2026,19.54,19.845,19.29,19.45,5148200
HNGE,02-Sep-2026,90.55,93.2973,89.96,91.85,2540600
HNI,02-Sep-2026,47.73,49.2,47.5,48.35,503100
HOG,02-Sep-2026,27.18,27.945,26.96,27.81,1455100
HOMB,02-Sep-2026,29.3,29.835,29.27,29.69,1585000
HOS,02-Sep-2026,10.83,11.13,10.21,10.33,3684900
HOV,02-Sep-2026,120.64,120.925,117.365,117.69,140500
HP,02-Sep-2026,45.68,48.17,45.34,47.64,1983400
HPE,02-Sep-2026,51.99,52.48,49.8,51.83,60701300
HPE-C,02-Sep-2026,132.22,133.6701,128.52,133.24,107800
HPEpC,02-Sep-2026,132.22,133.6701,128.52,132.96,30079
HPF,02-Sep-2026,15.43,15.49,15.42,15.49,34400
HPI,02-Sep-2026,15.77,15.87,15.74,15.75,83900
HPP,02-Sep-2026,12.88,13.21,12.55,13.08,635300
HPP-C,02-Sep-2026,14.41,14.41,14.091,14.25,40100
HPPpC,02-Sep-2026,14.41,14.41,14.091,14.25,30711
HPQ,02-Sep-2026,31.63,32.55,31.125,31.99,15201800
HPS,02-Sep-2026,13.77,13.8599,13.7,13.7,120700
HQH,02-Sep-2026,22.74,23.1298,22.5916,22.74,85100
HQL,02-Sep-2026,20.96,21.43,20.72,20.98,141200
HR,02-Sep-2026,19.41,19.41,19.195,19.3,5127100
HRB,02-Sep-2026,51.07,51.73,50.655,50.96,1383600
HRI,02-Sep-2026,140.37,143.6,137.03,137.77,483500
HRL,02-Sep-2026,22.11,22.395,21.93,22.05,4527300
HRTG,02-Sep-2026,34.15,34.94,34.125,34.35,242800
HSBC,02-Sep-2026,104.01,104.96,103.88,104.94,1389200
HSHP,02-Sep-2026,17.26,17.73,17.13,17.65,363600
HSY,02-Sep-2026,176.67,179.2575,174.95,177.43,1007600
HTB,02-Sep-2026,46.69,47.15,46.4301,47.04,217100
HTD,02-Sep-2026,25.35,25.35,25.0001,25.21,30500
HTFC,02-Sep-2026,25.05,25.05,25.02,25.04,7400
HTGC,02-Sep-2026,17.7,17.785,17.64,17.71,1222400
HTH,02-Sep-2026,38.01,38.84,37.71,38.53,261300
HTT,02-Sep-2026,2.57,2.57,2.52,2.55,56000
HUBB,02-Sep-2026,444.42,452.37,439.89,450.08,458300
HUBS,02-Sep-2026,248.11,254.79,243.6677,245.51,1283800
HUM,02-Sep-2026,395.67,408.295,395,400.97,1138200
HUN,02-Sep-2026,9.43,9.815,9.405,9.71,1905000
HUYA,02-Sep-2026,2.11,2.13,2.08,2.08,904600
HVT,02-Sep-2026,27.39,28.29,27.295,27.9,144600
HVT.A,02-Sep-2026,27.88,27.88,26.88,26.88,900
HWM,02-Sep-2026,257.77,257.77,250.1401,252.96,3637500
HXL,02-Sep-2026,91.85,93.76,90.96,91.75,789500
HY,02-Sep-2026,32.76,33.84,32.58,33.44,111900
HYBX,02-Sep-2026,29.4,29.41,29.34,29.3849,1400
HYI,02-Sep-2026,10.34,10.36,10.31,10.33,16800
HYT,02-Sep-2026,8.25,8.285,8.245,8.26,1139500
HYTR,02-Sep-2026,21.26,21.26,21.23,21.23,42700
HZO,02-Sep-2026,52.18,52.18,52.08,52.11,1025300
IAE,02-Sep-2026,8.88,8.8818,8.73,8.88,10100
IAG,02-Sep-2026,19.88,20.43,19.75,20.2,4179300
IBM,02-Sep-2026,230.54,232.88,229.1,231.7,4654500
IBN,02-Sep-2026,30.26,30.59,30.23,30.58,4224700
IBP,02-Sep-2026,233.89,238.265,228.52,235.52,311800
IBTA,02-Sep-2026,36.23,38.11,35.995,37.69,191800
ICE,02-Sep-2026,158.87,159.98,156.945,157.85,3192900
ICL,02-Sep-2026,5.77,5.86,5.77,5.84,1742700
ICR-A,02-Sep-2026,22.75,22.8,22.5001,22.75,800
ICRpA,02-Sep-2026,22.75,22.8,22.5001,22.75,550
IDA,02-Sep-2026,136.26,136.88,134.3401,135.13,478300
IDE,02-Sep-2026,12.96,13.03,12.88,12.98,70200
IDT,02-Sep-2026,68.49,69.38,68.0301,68.94,140000
IEX,02-Sep-2026,223.34,227.27,221.79,224.61,599500
IFF,02-Sep-2026,86.37,87.92,86.06,86.94,1288800
IFN,02-Sep-2026,11.47,11.57,11.47,11.57,73200
IFS,02-Sep-2026,55.32,56.075,54.68,55.54,149400
IGA,02-Sep-2026,10.68,10.75,10.4,10.53,182800
IGCB,02-Sep-2026,44.5696,44.5696,44.5696,44.5696,100
IGD,02-Sep-2026,6.55,6.58,6.53,6.57,131500
IGI,02-Sep-2026,15.94,16.06,15.7,15.8,35800
IGR,02-Sep-2026,4.51,4.529,4.48,4.48,657600
IH,02-Sep-2026,1.25,1.3,1.23,1.25,5700
IHD,02-Sep-2026,7.59,7.6899,7.58,7.66,29200
IHG,02-Sep-2026,160.67,162.13,160.3,160.51,209300
IHS,02-Sep-2026,8.41,8.43,8.41,8.43,2953800
IIF,02-Sep-2026,23.03,23.19,23.03,23.09,29000
IIIN,02-Sep-2026,30.24,30.79,30.085,30.34,123200
IIM,02-Sep-2026,12.58,12.58,12.465,12.48,112600
IIP-A,02-Sep-2026,25,25.059,24.93,24.93,19100
IIPR,02-Sep-2026,56.4,57.105,56,56.83,270500
IIPRpA,02-Sep-2026,25,25.059,24.94,24.94,16042
IMAX,02-Sep-2026,51.31,52.545,51.31,51.68,523200
INF.W,02-Sep-2026,6.17,6.21,5.87,6.1,21800
INFO,02-Sep-2026,28.08,28.1,28.03,28.07,21000
INFQ,02-Sep-2026,12.57,12.74,12.2,12.65,5724200
INFY,02-Sep-2026,12.05,12.13,11.92,11.97,11007700
ING,02-Sep-2026,36.2,36.39,36.025,36.37,1589700
INGM,02-Sep-2026,27.86,28.45,27.575,27.69,735900
INGR,02-Sep-2026,104.54,104.79,102.43,102.6,758900
INN,02-Sep-2026,5.77,5.9,5.76,5.78,786400
INN-E,02-Sep-2026,17.845,17.85,17.7466,17.7466,2700
INN-F,02-Sep-2026,16.99,17,16.8,17,3200
INNpE,02-Sep-2026,17.845,17.85,17.7466,17.7466,2380
INNpF,02-Sep-2026,16.99,17,16.8,17,2550
INR,02-Sep-2026,15.5,16.04,15.48,15.82,266500
INSP,02-Sep-2026,61.24,64.335,61.19,63.07,413000
INSW,02-Sep-2026,99.82,101.55,99.12,101.19,603500
INVH,02-Sep-2026,29.22,29.22,28.81,28.84,3081300
INVX,02-Sep-2026,30.06,31.54,29.97,31.15,787300
ION.W,02-Sep-2026,25.88,26.25,25.48,26.25,3100
IONQ,02-Sep-2026,37.42,38.235,36.785,37.64,13313100
IONQ.WS,02-Sep-2026,25.43,26.25,25.43,26.25,2413
IOT,02-Sep-2026,38.915,38.915,36.665,36.79,5259200
IP,02-Sep-2026,36.7,37.38,36.1314,36.3,4995800
IPI,02-Sep-2026,40.01,41.99,39.91,41.25,305200
IQI,02-Sep-2026,9.99,10.0269,9.94,9.97,165100
IQV,02-Sep-2026,258,266.08,257.18,263.84,1127900
IR,02-Sep-2026,75.02,75.465,74.03,75,3508500
IRA.W,02-Sep-2026,0.2001,0.2001,0.1901,0.1901,400
IRM,02-Sep-2026,114.02,115.7622,110.77,111.84,2664700
IRS,02-Sep-2026,15.01,15.39,14.97,15.29,69100
IRT,02-Sep-2026,16.36,16.455,16.125,16.32,1885300
ISD,02-Sep-2026,12.26,12.4,12.23,12.23,148500
IT,02-Sep-2026,189.07,192.139,186.42,186.75,690700
ITGR,02-Sep-2026,125.41,125.45,125.27,125.31,642000
ITT,02-Sep-2026,200.37,203.34,195,201,936100
ITUB,02-Sep-2026,7.83,8.13,7.79,8.08,24592700
ITW,02-Sep-2026,270.53,270.53,265.8924,269.09,1673800
IVR,02-Sep-2026,7.2,7.23,7.13,7.14,2777700
IVR-C,02-Sep-2026,25.11,25.11,25.035,25.11,6200
IVRpC,02-Sep-2026,25.11,25.11,25.035,25.11,5322
IVT,02-Sep-2026,32.27,32.8,32.27,32.78,607400
IVZ,02-Sep-2026,31.99,32.715,31.65,31.72,3021400
IX,02-Sep-2026,39.6,39.96,39.44,39.94,250800
J,02-Sep-2026,145.89,148.03,145.3,147.08,659400
JAC-,02-Sep-2026,0.075,0.075,0.0701,0.0701,200
JAN,02-Sep-2026,30.89,31.12,30.24,30.7,1214900
JBGS,02-Sep-2026,11.84,12.055,11.58,11.93,737200
JBI,02-Sep-2026,4.69,4.995,4.65,4.88,2146100
JBK,02-Sep-2026,25.59,25.5914,25.51,25.57,1600
JBL,02-Sep-2026,299.28,302.38,292.29,299.39,872300
JBND,02-Sep-2026,52.33,52.33,52.2401,52.32,1139100
JBS,02-Sep-2026,13.6,13.84,13.53,13.54,4130800
JBTM,02-Sep-2026,115.8,118.76,114.8,116.03,459300
JCE,02-Sep-2026,17.16,17.22,17.04,17.07,21500
JCI,02-Sep-2026,140,140,137.54,139.25,2502100
JEF,02-Sep-2026,52.01,53.29,51.81,52.9,1256800
JELD,02-Sep-2026,2.15,2.335,2.13,2.31,1237500
JENA,02-Sep-2026,10.47,10.47,10.47,10.47,100
JFR,02-Sep-2026,7.64,7.65,7.59,7.61,648100
JGH,02-Sep-2026,12.41,12.4727,12.37,12.37,21600
JHI,02-Sep-2026,13.12,13.23,13.12,13.15,25900
JHS,02-Sep-2026,10.85,10.87,10.84,10.86,12800
JHX,02-Sep-2026,28.54,28.865,28.16,28.46,6680900
JILL,02-Sep-2026,19.57,19.6338,18.63,19.17,86200
JKS,02-Sep-2026,12.45,12.7947,12.115,12.46,882200
JLL,02-Sep-2026,363.86,363.86,347.215,349.93,302900
JLS,02-Sep-2026,16.97,16.97,16.82,16.88,11000
JMIA,02-Sep-2026,6.87,7.305,6.87,7.17,2098800
JMKE,02-Sep-2026,20.5,20.78,20.25,20.65,1714500
JMM,02-Sep-2026,5.74,5.8062,5.7301,5.775,7400
JNJ,02-Sep-2026,274.74,281.07,273.53,275.21,7913000
JOBY,02-Sep-2026,6.715,6.91,6.63,6.82,20179700
JOE,02-Sep-2026,65.56,66.66,65.05,65.42,274500
JOF,02-Sep-2026,12.62,12.74,12.57,12.63,31900
JPC,02-Sep-2026,7.4,7.4117,7.35,7.36,1198500
JPM,02-Sep-2026,357.55,361.47,353.79,356.22,5343700
JPM-C,02-Sep-2026,24.43,24.4765,24.39,24.42,160100
JPM-D,02-Sep-2026,22.78,22.92,22.7598,22.82,170600
JPM-J,02-Sep-2026,18.48,18.5458,18.41,18.5,127900
JPM-K,02-Sep-2026,17.67,17.72,17.63,17.72,287400
JPM-L,02-Sep-2026,18.01,18.08,17.98,18.07,261500
JPM-M,02-Sep-2026,16.61,16.74,16.57,16.69,227400
JPMpC,02-Sep-2026,24.43,24.4765,24.39,24.42,145367
JPMpD,02-Sep-2026,22.78,22.92,22.7598,22.85,152999
JPMpJ,02-Sep-2026,18.5,18.5458,18.41,18.5,112261
JPMpK,02-Sep-2026,17.67,17.72,17.63,17.69,214204
JPMpL,02-Sep-2026,18.01,18.08,17.98,18.07,164942
JPMpM,02-Sep-2026,16.675,16.74,16.57,16.7,186568
JQC,02-Sep-2026,4.77,4.77,4.75,4.75,585600
JRI,02-Sep-2026,12.2,12.23,12.07,12.08,192500
JRS,02-Sep-2026,8.22,8.295,8.16,8.16,33200
JXN,02-Sep-2026,134.06,138.595,134,137.1,607300
JXN-A,02-Sep-2026,25.89,25.9,25.74,25.75,28900
JXNpA,02-Sep-2026,25.89,25.9,25.74,25.75,26888
KAI,02-Sep-2026,293.88,297.815,290.2,295.09,227300
KB,02-Sep-2026,124.82,127.2799,124.82,126.25,229900
KBDC,02-Sep-2026,13.63,13.63,13.43,13.51,408900
KBH,02-Sep-2026,52.47,52.71,52.08,52.08,768900
KBR,02-Sep-2026,36.66,37.105,36.32,36.93,1006700
KCA.S,02-Sep-2026,10.1,10.1,10.1,10.1,4000
KCA.U,02-Sep-2026,10.1,10.1,10.1,10.1,4000
KCA.W,02-Sep-2026,1.1,1.1,0.7504,0.7897,44600
KD,02-Sep-2026,13,13.39,12.985,13.09,2399900
KEN,02-Sep-2026,65.31,66.02,65.25,65.68,11200
KEP,02-Sep-2026,11.57,11.66,11.55,11.6,571300
KEX,02-Sep-2026,140.29,142.33,139.33,141.62,301900
KEY,02-Sep-2026,21.34,21.99,21.32,21.8,10375100
KEY-I,02-Sep-2026,24.96,25.04,24.93,24.97,28400
KEY-J,02-Sep-2026,20.25,20.5199,20.1001,20.35,21200
KEY-K,02-Sep-2026,20.25,20.29,20.111,20.23,24800
KEY-L,02-Sep-2026,24.94,25.05,24.89,25,43300
KEYpI,02-Sep-2026,24.96,25.04,24.93,24.97,24630
KEYpJ,02-Sep-2026,20.25,20.5199,20.1001,20.35,17998
KEYpK,02-Sep-2026,20.25,20.29,20.111,20.194,19392
KEYpL,02-Sep-2026,24.94,25.05,24.89,25,36050
KEYS,02-Sep-2026,318.04,321.96,313.96,321.58,685700
KF,02-Sep-2026,63.21,64.65,63.21,64.63,17500
KFRC,02-Sep-2026,54.7,55.86,53.73,54.04,239500
KFY,02-Sep-2026,84.34,85.035,83.28,83.59,427300
KGC,02-Sep-2026,30.165,30.805,29.82,30.26,7203400
KGS,02-Sep-2026,59.15,62.27,58.47,61.43,1788800
KIM,02-Sep-2026,24.23,24.25,23.95,24.08,4675000
KIM-L,02-Sep-2026,20.03,20.1,19.94,20.06,20100
KIM-M,02-Sep-2026,20.43,20.43,20.3496,20.39,8800
KIMpL,02-Sep-2026,20.03,20.1,19.94,20.1,13802
KIMpM,02-Sep-2026,20.43,20.43,20.3496,20.37,6165
KIO,02-Sep-2026,11.04,11.05,11.01,11.04,124700
KKR,02-Sep-2026,106.22,109.075,105.5,106.43,4368600
KKR-D,02-Sep-2026,46.97,47.06,46.02,46.8,811600
KKRpD,02-Sep-2026,46.97,47.06,46.02,46.79,35992
KKRS,02-Sep-2026,16.01,16.28,16.01,16.01,20600
KKRT,02-Sep-2026,23.34,23.38,23.1,23.34,61500
KLAR,02-Sep-2026,14.22,14.5899,14.1,14.55,4927000
KLC,02-Sep-2026,2.5,2.56,2.5,2.51,747800
KMI,02-Sep-2026,32.04,32.135,31.54,31.97,8115600
KMPB,02-Sep-2026,24.47,24.4799,24.3,24.45,12200
KMPR,02-Sep-2026,27.96,28.68,27.685,28.19,666500
KMT,02-Sep-2026,29.27,29.73,28.96,29.45,1495000
KMX,02-Sep-2026,60.81,62.185,60.81,61.43,1368100
KN,02-Sep-2026,34.27,35.11,33.711,34.47,932000
KNF,02-Sep-2026,60.88,62.5,60.73,61.24,1550100
KNOP,02-Sep-2026,10.96,11.4026,10.84,11.29,90000
KNSL,02-Sep-2026,373.74,379.38,370.02,376.78,190900
KNTK,02-Sep-2026,54.64,54.995,54.095,54.12,613500
KNX,02-Sep-2026,67.5,67.86,65.49,67.42,2161700
KO,02-Sep-2026,87.89,88.95,87.73,88.24,18496400
KODK,02-Sep-2026,8.99,9.43,8.94,9.19,1667100
KOF,02-Sep-2026,111.4,112.69,111.3,112.3,141700
KOP,02-Sep-2026,45.84,47.94,45.4201,46.72,205500
KOS,02-Sep-2026,2.9,3,2.88,2.93,10174000
KPET,02-Sep-2026,9.98,9.98,9.98,9.98,6800
KR,02-Sep-2026,58,58.5297,57.5,58.22,4486000
KRC,02-Sep-2026,35.98,36.62,35.86,36.47,1246500
KRE-A,02-Sep-2026,18.2,18.25,18.04,18.07,11300
KREF,02-Sep-2026,7.47,7.67,7.47,7.59,386300
KREFpA,02-Sep-2026,18.2,18.25,18.04,18.07,9554
KRG,02-Sep-2026,26.21,26.405,26.02,26.26,1658200
KRMN,02-Sep-2026,40.99,41.61,39.75,40.42,3538000
KRO,02-Sep-2026,8.49,8.91,8.49,8.74,303400
KRP,02-Sep-2026,14.87,15.0268,14.86,14.94,940600
KRS.U,02-Sep-2026,10.67,10.7397,10.66,10.71,600
KRS.W,02-Sep-2026,1.04,1.08,1.03,1.04,32700
KRSP,02-Sep-2026,10.5,10.54,10.5,10.54,50100
KRSP.U,02-Sep-2026,10.6741,10.7397,10.66,10.71,467
KSS,02-Sep-2026,18.09,19.4,18.055,19.21,4219600
KT,02-Sep-2026,19.8,19.81,19.4803,19.65,928200
KTB,02-Sep-2026,74.04,74.54,70.7,72.49,1209600
KTF,02-Sep-2026,8.68,8.71,8.63,8.63,142500
KTH,02-Sep-2026,28.67,28.67,28.67,28.67,200
KTN,02-Sep-2026,25.52,25.59,25.46,25.46,5200
KVUE,02-Sep-2026,18.76,19.14,18.75,19.13,19692800
KVYO,02-Sep-2026,20.17,20.915,19.27,19.31,6224500
KWR,02-Sep-2026,163.78,167.02,162.68,162.83,141700
KWY,02-Sep-2026,10.15,10.21,9.99,10,34200
KYN,02-Sep-2026,15,15.1,14.85,14.98,310200
L,02-Sep-2026,109.45,110.13,108.79,108.94,886800
LAC,02-Sep-2026,2.99,3.08,2.96,3.01,8117500
LAD,02-Sep-2026,370.33,377.05,366.025,372.22,145100
LADR,02-Sep-2026,9.74,9.875,9.71,9.81,944600
LANV,02-Sep-2026,1.06,1.07,1,1.02,35200
LAR,02-Sep-2026,6.62,6.915,6.6,6.86,1235700
LAW,02-Sep-2026,4.23,4.3,4.15,4.3,461400
LAZ,02-Sep-2026,43.02,44.1,42,42.95,704100
LB,02-Sep-2026,85.34,86.75,84.72,85.5,272800
LBRT,02-Sep-2026,19.63,20.3,19.475,20.11,3176100
LCII,02-Sep-2026,100.84,103.2899,100.84,102.69,237500
LCLN,02-Sep-2026,24.91,25.99,24.56,25.95,511500
LDI,02-Sep-2026,0.9,0.9146,0.8769,0.9024,3515400
LDOS,02-Sep-2026,138.24,138.5,133.215,133.78,1022700
LDP,02-Sep-2026,20.74,20.78,20.56,20.6,80200
LEA,02-Sep-2026,124.93,130.4,124.78,129.6,804000
LEN,02-Sep-2026,83.51,83.98,82.93,83.58,2246200
LEN.B,02-Sep-2026,82.39,82.5,81.33,82.15,66100
LEO,02-Sep-2026,6.14,6.15,6.105,6.12,75600
LEU,02-Sep-2026,168.09,174.17,165.98,171.49,608700
LEVI,02-Sep-2026,20.53,20.65,20.34,20.46,1390700
LFT,02-Sep-2026,0.715,0.7399,0.71,0.7132,97600
LFT-A,02-Sep-2026,16.5,16.9,16.5,16.9,1100
LFTpA,02-Sep-2026,16.5,16.9,16.5,16.9,495
LGI,02-Sep-2026,18.07,18.385,18.06,18.06,23200
LH,02-Sep-2026,329.16,335.87,328.11,331.66,643900
LHX,02-Sep-2026,264.5,266.5,260.12,261.31,1412200
LII,02-Sep-2026,376.38,377.69,371.65,374,390600
LION,02-Sep-2026,11,11.21,10.985,11.17,1940700
LITB,02-Sep-2026,2.96,3.1,2.96,3,2900
LLY,02-Sep-2026,1164.15,1187.83,1158,1160.08,2446900
LMND,02-Sep-2026,51.5,53.3,51.38,53.14,806000
LMT,02-Sep-2026,545.65,548,530.15,531.55,1238400
LNC,02-Sep-2026,43.03,44.57,43.03,44.12,1581500
LNC-D,02-Sep-2026,26.32,26.33,26.1801,26.26,39300
LNCpD,02-Sep-2026,26.32,26.33,26.1801,26.33,33381
LND,02-Sep-2026,3.76,3.84,3.74,3.83,115000
LNG,02-Sep-2026,290.04,297.92,287.76,295.86,2600700
LNN,02-Sep-2026,115.33,120.91,112.6902,120.11,178800
LOAR,02-Sep-2026,69.61,69.61,67.705,67.74,451800
LOB,02-Sep-2026,39,40.03,38.855,39.51,263800
LOB-A,02-Sep-2026,24.9,24.91,24.855,24.86,4500
LOBpA,02-Sep-2026,24.9,24.91,24.855,24.86,3537
LOCL,02-Sep-2026,1.05,1.2196,1.045,1.12,97500
LOMA,02-Sep-2026,10.13,10.46,10.0206,10.41,361500
LOW,02-Sep-2026,201,202.18,199.34,199.84,2789900
LPG,02-Sep-2026,50.4,52.4,50.38,52.13,591700
LPL,02-Sep-2026,3.24,3.32,3.225,3.26,2119800
LPX,02-Sep-2026,69.8,69.8,68.26,68.31,852600
LRN,02-Sep-2026,85.3,87.41,84.9027,85.1,767300
LSPD,02-Sep-2026,10.13,10.48,10.13,10.41,550900
LTC,02-Sep-2026,41.61,41.76,40.9801,41.57,459700
LTH,02-Sep-2026,42.22,43.88,42.04,43.49,2289900
LTM,02-Sep-2026,50.99,51.84,50.62,51.23,763200
LU,02-Sep-2026,1.22,1.23,1.19,1.21,988500
LUCK,02-Sep-2026,6.19,6.43,6.14,6.24,62600
LUMN,02-Sep-2026,6.43,6.89,6.4,6.81,15443800
LUV,02-Sep-2026,38.62,39.05,38.2,38.61,4611600
LUXE,02-Sep-2026,7.51,7.65,7.41,7.6,62300
LVS,02-Sep-2026,43.75,45.3,43.66,44.54,5547600
LVW.W,02-Sep-2026,0.0242,0.0299,0.022,0.0299,2900
LVWR,02-Sep-2026,1.17,1.22,1.13,1.2,224300
LVWR.WS,02-Sep-2026,0.0242,0.0299,0.022,0.0299,2992
LW,02-Sep-2026,52.66,52.895,52.21,52.41,1046500
LXFR,02-Sep-2026,17.21,17.22,17.19,17.19,292300
LXP,02-Sep-2026,60.86,60.86,60.695,60.73,844400
LXP-C,02-Sep-2026,49.17,49.245,49.17,49.245,2100
LXPpC,02-Sep-2026,49.17,49.245,49.17,49.245,1958
LXU,02-Sep-2026,11.12,11.64,10.95,11.54,787300
LYB,02-Sep-2026,64.63,67.49,64.63,66.57,3053000
LYG,02-Sep-2026,5.96,5.99,5.935,5.98,8365900
LYNX,02-Sep-2026,13.86,13.88,12.89,13.15,289100
LYV,02-Sep-2026,177.44,180.65,177.33,179.59,1810900
LZB,02-Sep-2026,31.64,32.49,31.64,31.93,816300
LZM,02-Sep-2026,4.27,4.47,4.22,4.28,255200
LZM.W,02-Sep-2026,0.4884,0.4884,0.4883,0.4883,600
LZM.WS,02-Sep-2026,0.4884,0.4884,0.4883,0.4883,600
M,02-Sep-2026,22.1,22.77,22.1,22.42,6628800
MA,02-Sep-2026,584,590.71,583.695,588.14,2290600
MAA,02-Sep-2026,129.67,129.71,127.8,128.61,712800
MAA-I,02-Sep-2026,50.97,51.0096,50.95,50.9906,1200
MAApI,02-Sep-2026,50.97,51.0096,50.95,50.9906,1095
MAC,02-Sep-2026,23.71,23.71,23.33,23.42,2896400
MAGN,02-Sep-2026,12.38,12.96,12.38,12.58,368900
MAIN,02-Sep-2026,57.98,58.4432,57.54,57.87,411000
MAIR,02-Sep-2026,26.08,26.38,24.83,25.67,4111100
MAN,02-Sep-2026,60.63,61.68,59.54,60.27,512000
MANE,02-Sep-2026,97.8,100.55,95.4427,98.46,427300
MANU,02-Sep-2026,21.3,21.8,21.2,21.24,317200
MAS,02-Sep-2026,70.93,71.82,70.3856,70.94,1929300
MATV,02-Sep-2026,12.1,12.64,12.1,12.48,520800
MATX,02-Sep-2026,219.63,221.03,217.645,218.21,315500
MAX,02-Sep-2026,12.21,12.61,12.1,12.53,333000
MBC,02-Sep-2026,7.99,8.32,7.98,8.16,2883200
MBGL,02-Sep-2026,19.9,20.83,19.76,20.38,3782100
MBI,02-Sep-2026,4.7,4.81,4.6653,4.76,322100
MC,02-Sep-2026,66.67,68.945,66.61,67.52,586500
MCB,02-Sep-2026,90.24,92.07,90.24,91.45,66800
MCD,02-Sep-2026,261.96,262.7752,260.18,260.95,5110000
MCI,02-Sep-2026,19.43,19.43,18.75,19.03,56000
MCK,02-Sep-2026,914.29,928.49,910.655,924.78,856500
MCN,02-Sep-2026,5.72,5.7599,5.715,5.74,56000
MCO,02-Sep-2026,492.46,494.76,484.45,490,661700
MCS,02-Sep-2026,28.14,28.58,28.02,28.07,174700
MCY,02-Sep-2026,101.7,104.06,101.25,102.91,314700
MD,02-Sep-2026,26.57,27.28,26.57,26.86,823700
MDA,02-Sep-2026,28.5,28.655,27.57,28.02,1311700
MDST,02-Sep-2026,30.01,30.01,29.54,29.74,56700
MDT,02-Sep-2026,92.25,94.605,91.47,92.18,9161900
MDU,02-Sep-2026,19.95,19.975,19.71,19.81,1334300
MEC,02-Sep-2026,19.18,19.58,18.89,19.23,292700
MED,02-Sep-2026,12.17,13.04,12.165,12.67,225900
MEGI,02-Sep-2026,14.6,14.645,14.52,14.54,143500
MEI,02-Sep-2026,18.22,18.97,17.785,18.1,1396400
MER-K,02-Sep-2026,24.77,24.91,24.75,24.8,389800
MERpK,02-Sep-2026,24.8,24.91,24.75,24.8,385448
MET,02-Sep-2026,94.79,97.14,94.79,96.42,2885100
MET-A,02-Sep-2026,20.87,21.0364,20.8528,20.8528,25200
MET-E,02-Sep-2026,21.05,21.05,20.81,20.9,89500
MET-F,02-Sep-2026,17.59,17.8,17.39,17.8,191400
METpA,02-Sep-2026,20.87,21.0364,20.8528,20.8528,22833
METpE,02-Sep-2026,21.05,21.05,20.81,20.88,70628
METpF,02-Sep-2026,17.59,17.77,17.39,17.75,108676
MFA,02-Sep-2026,8.73,8.84,8.6991,8.82,1219700
MFA-B,02-Sep-2026,20.4,20.62,20.4,20.62,9100
MFA-C,02-Sep-2026,23.46,23.74,23.46,23.55,120400
MFAN,02-Sep-2026,25.21,25.34,25.21,25.3001,8200
MFAO,02-Sep-2026,25.35,25.35,25.32,25.3225,3000
MFApB,02-Sep-2026,20.4,20.62,20.4,20.62,7256
MFApC,02-Sep-2026,23.46,23.74,23.46,23.55,116019
MFC,02-Sep-2026,42.37,43.31,42.26,43.29,1899500
MFG,02-Sep-2026,10.88,11.0899,10.88,11.07,3670800
MFM,02-Sep-2026,5.35,5.39,5.31,5.34,323500
MFSB,02-Sep-2026,24.48,24.5,24.4601,24.5,179000
MFSG,02-Sep-2026,29.64,29.95,29.62,29.9,39600
MFSI,02-Sep-2026,33.4,33.59,33.3472,33.51,172800
MFSM,02-Sep-2026,24.48,24.48,24.42,24.4495,141700
MFSV,02-Sep-2026,29.42,29.58,29.41,29.51,63300
MG,02-Sep-2026,18.62,19.575,18.54,19.39,295800
MGA,02-Sep-2026,63.74,65.88,63.74,65.78,964500
MGF,02-Sep-2026,2.85,2.92,2.845,2.88,167000
MGM,02-Sep-2026,40.92,42.12,40.92,41.44,1739500
MGR,02-Sep-2026,19.36,19.44,19.29,19.39,78700
MGRB,02-Sep-2026,15.92,16.08,15.86,15.87,18800
MGRD,02-Sep-2026,14.55,14.55,14.411,14.475,5700
MGRE,02-Sep-2026,22.2,22.2,22.01,22.05,21300
MGY,02-Sep-2026,27.37,27.81,27.37,27.38,2712600
MH,02-Sep-2026,12.94,13.14,12.82,12.85,299900
MHD,02-Sep-2026,11.39,11.39,11.31,11.31,382800
MHF,02-Sep-2026,6.74,6.79,6.74,6.75,31900
MHK,02-Sep-2026,124.965,130.41,124.965,129.22,1078400
MHLA,02-Sep-2026,10.07,10.09,10.05,10.06,3200
MHNC,02-Sep-2026,11.4,11.795,11.35,11.44,6300
MHO,02-Sep-2026,147.51,148.8158,146.3301,146.8,254600
MIAX,02-Sep-2026,42.23,42.23,39.66,40.62,2303400
MICC,02-Sep-2026,19.72,19.95,19.48,19.85,815300
MIN,02-Sep-2026,2.42,2.43,2.4,2.42,213600
MIR,02-Sep-2026,15.42,15.77,15.21,15.57,3417400
MIT-A,02-Sep-2026,22.27,22.5875,22.14,22.22,3700
MIT-B,02-Sep-2026,21,21.0699,20.56,20.96,4700
MIT-C,02-Sep-2026,25,25.06,24.88,24.97,10000
MITN,02-Sep-2026,25.49,25.49,25.49,25.49,200
MITP,02-Sep-2026,25.37,25.45,25.37,25.4499,8200
MITT,02-Sep-2026,6.66,6.735,6.6404,6.72,206000
MITTpA,02-Sep-2026,22.27,22.5875,22.14,22.22,2737
MITTpB,02-Sep-2026,21,21.0699,20.56,20.96,4273
MITTpC,02-Sep-2026,25,25.06,24.88,24.97,8675
MIY,02-Sep-2026,12.54,12.6,12.41,12.51,56500
MKC,02-Sep-2026,54.34,54.785,53.6,53.8,1855800
MKC.V,02-Sep-2026,54.36,54.36,53.65,53.65,1100
MKL,02-Sep-2026,1817.02,1841.23,1800.5,1816.06,74400
MLI,02-Sep-2026,61.45,62.38,61.15,62.07,1482800
MLM,02-Sep-2026,507.65,520.76,505.29,517.07,1124500
MLP,02-Sep-2026,16.18,16.625,16.18,16.38,23400
MLR,02-Sep-2026,55.01,55.8899,53.66,55.23,130100
MMD,02-Sep-2026,14.88,14.9202,14.74,14.78,94400
MMI,02-Sep-2026,31.47,31.73,31.07,31.1,94500
MMID,02-Sep-2026,27.1035,27.1035,27.1035,27.1035,100
MMK,02-Sep-2026,100.03,100.035,100.03,100.035,800
MMKT,02-Sep-2026,100.23,100.24,100.23,100.235,900
MMM,02-Sep-2026,171,171.26,168.08,168.75,2175200
MMS,02-Sep-2026,57.43,58.32,56.47,57.59,554100
MMT,02-Sep-2026,4.48,4.49,4.47,4.48,175000
MMU,02-Sep-2026,10,10.0328,9.8901,9.93,196800
MNR,02-Sep-2026,12.64,12.795,12.585,12.7,287700
MNSO,02-Sep-2026,9.48,9.67,9.475,9.62,1265900
MNTN,02-Sep-2026,12.49,13.37,12.39,13.13,906100
MO,02-Sep-2026,69.6,70.1699,68.31,69.56,9246900
MOD,02-Sep-2026,177.98,180.17,175.32,179.51,1009900
MOG.A,02-Sep-2026,368.44,371.74,363.535,365.16,295600
MOG.B,02-Sep-2026,373.92,373.92,366.2701,373.49,300
MOGU,02-Sep-2026,1.92,1.94,1.919,1.94,1000
MOH,02-Sep-2026,203.27,207,202.01,202.62,463700
MOS,02-Sep-2026,24.7,25.995,24.63,25.78,9842700
MOV,02-Sep-2026,34.25,34.5861,33.675,33.7,178100
MP,02-Sep-2026,53.71,55.2,53.5,54.7,3254300
MPA,02-Sep-2026,10.88,10.92,10.8,10.8,23400
MPC,02-Sep-2026,380.37,391.98,380.04,387,2399400
MPLX,02-Sep-2026,59.37,59.645,58.7801,58.99,1282300
MPT,02-Sep-2026,4.08,4.14,4.02,4.06,5947600
MPV,02-Sep-2026,16.98,17.15,16.98,17.0045,17100
MQY,02-Sep-2026,10.97,10.9873,10.86,10.87,990300
MRK,02-Sep-2026,151.5,152.69,149.97,151.64,8970600
MRP,02-Sep-2026,30.73,31.055,30.57,30.86,1220200
MRSH,02-Sep-2026,188.51,189.335,186.71,187.84,3011600
MS,02-Sep-2026,211.97,216.15,210.6,211.82,3615900
MS-A,02-Sep-2026,18.89,18.92,18.67,18.92,94800
MS-E,02-Sep-2026,25.41,25.45,25.39,25.43,44400
MS-F,02-Sep-2026,25.3,25.32,25.29,25.2901,30900
MS-I,02-Sep-2026,24.32,24.4,24.306,24.33,35500
MS-K,02-Sep-2026,22.27,22.3258,22.16,22.26,129900
MS-L,02-Sep-2026,18.55,18.71,18.55,18.71,55800
MS-O,02-Sep-2026,16.15,16.8007,16.1,16.14,151800
MS-P,02-Sep-2026,25.03,25.03,24.87,24.88,99100
MS-Q,02-Sep-2026,25.28,25.3,25.18,25.18,69400
MSA,02-Sep-2026,187.35,188.75,186.274,188.53,191000
MSB,02-Sep-2026,24.61,25.2299,24.24,24.62,23700
MSCI,02-Sep-2026,563.13,565.71,555.01,560.63,397200
MSD,02-Sep-2026,7.26,7.28,7.26,7.265,35500
MSDL,02-Sep-2026,15.29,15.36,15.2001,15.27,395300
MSGE,02-Sep-2026,77.73,78.89,76.52,77.09,278100
MSGS,02-Sep-2026,382.87,389.21,382.3175,387.05,220200
MSI,02-Sep-2026,491.64,492.88,478.17,478.92,1281900
MSIF,02-Sep-2026,12.61,12.67,12.51,12.56,234900
MSM,02-Sep-2026,117.81,119.4,115.73,116.47,523400
MSpA,02-Sep-2026,18.89,18.92,18.67,18.92,85195
MSpE,02-Sep-2026,25.41,25.45,25.39,25.43,40141
MSpF,02-Sep-2026,25.3,25.32,25.29,25.2901,23619
MSpI,02-Sep-2026,24.32,24.4,24.306,24.35,30032
MSpK,02-Sep-2026,22.27,22.3258,22.16,22.22,109655
MSpL,02-Sep-2026,18.55,18.71,18.55,18.71,46650
MSpO,02-Sep-2026,16.15,16.8007,16.1,16.14,116890
MSpP,02-Sep-2026,25.03,25.03,24.87,24.87,65006
MSpQ,02-Sep-2026,25.28,25.3,25.18,25.18,56924
MT,02-Sep-2026,73.86,75.21,73.86,75.13,1247800
MTA.U,02-Sep-2026,10.75,10.75,10.75,10.75,100
MTA.W,02-Sep-2026,1.15,1.15,1.15,1.15,9900
MTB,02-Sep-2026,233.52,238.46,233.12,235.48,1159700
MTB-H,02-Sep-2026,24.96,25,24.95,25,64000
MTB-J,02-Sep-2026,26.32,26.32,26.01,26.02,69500
MTB-K,02-Sep-2026,23.77,23.77,23.61,23.625,16100
MTB-L,02-Sep-2026,24.65,24.89,24.53,24.75,51300
MTBpH,02-Sep-2026,24.9561,25,24.95,25,61792
MTBpJ,02-Sep-2026,26.32,26.32,26.01,26.06,34422
MTD,02-Sep-2026,1361.36,1398.13,1357.19,1367.74,178900
MTDR,02-Sep-2026,58.98,60.07,58.875,59.58,1306500
MTG,02-Sep-2026,30.92,31.285,30.7766,31.04,1622200
MTH,02-Sep-2026,67.83,68.25,67.25,67.37,794200
MTN,02-Sep-2026,133.29,137.7,132.7583,136.3,499600
MTN.U,02-Sep-2026,10.03,10.03,10.03,10.03,500
MTN.W,02-Sep-2026,0.31,0.32,0.31,0.32,2400
MTNE,02-Sep-2026,9.9,9.95,9.9,9.91,74900
MTR,02-Sep-2026,2.18,2.4,2.18,2.36,75200
MTRN,02-Sep-2026,241.7,244.46,237.08,237.97,259900
MTUS,02-Sep-2026,19.04,19.66,19.04,19.59,286200
MTW,02-Sep-2026,19.05,20.31,19.05,20.22,332200
MTX,02-Sep-2026,71.22,72.56,70.7401,70.97,200100
MTZ,02-Sep-2026,237.78,238.825,233.28,235.33,1634800
MUA,02-Sep-2026,9.9,9.93,9.87,9.92,526900
MUC,02-Sep-2026,10.5,10.5,10.46,10.48,496500
MUFG,02-Sep-2026,23.09,23.46,23.07,23.42,2924200
MUJ,02-Sep-2026,12.05,12.1,11.98,12.07,127800
MUR,02-Sep-2026,36.85,38.025,36.55,37.69,1391600
MUSA,02-Sep-2026,533.08,533.08,516.09,520.47,318800
MUSE,02-Sep-2026,49.215,49.215,49.215,49.215,100
MUX,02-Sep-2026,19.6,20.37,19.5501,20.12,1126600
MVPA,02-Sep-2026,36.72,37.3881,36.72,37.2945,3500
MWA,02-Sep-2026,23.59,24.06,23.485,23.82,1134400
MX,02-Sep-2026,3.05,3.17,3.05,3.12,324300
MXE,02-Sep-2026,13.38,13.64,13.16,13.4484,15200
MXF,02-Sep-2026,21.44,21.86,21.2809,21.47,13200
MYE,02-Sep-2026,31.29,31.98,30.85,30.85,280300
MYI,02-Sep-2026,10.62,10.64,10.53,10.53,356800
MYN,02-Sep-2026,9.58,9.6,9.54,9.58,203100
MZY.U,02-Sep-2026,10.1,10.11,10.06,10.09,50900
MZY.W,02-Sep-2026,0.6,0.63,0.55,0.5638,6600
MZYX,02-Sep-2026,9.97,9.99,9.97,9.99,7000
NABL,02-Sep-2026,3.8,3.98,3.8,3.97,2647900
NAC,02-Sep-2026,11.46,11.57,11.35,11.41,828700
NAD,02-Sep-2026,11.55,11.57,11.41,11.41,756100
NAN,02-Sep-2026,10.86,10.89,10.819,10.84,89300
NAT,02-Sep-2026,6.93,7.11,6.86,7.07,4824700
NATL,02-Sep-2026,46.5,46.5,45.79,45.79,505800
NAZ,02-Sep-2026,12.2,12.32,12.05,12.14,24900
NBB,02-Sep-2026,15.28,15.3999,15.25,15.38,58200
NBHC,02-Sep-2026,41.19,41.84,41,41.58,288100
NBR,02-Sep-2026,92.96,96.91,91.81,95.61,276700
NBXG,02-Sep-2026,15.13,15.19,15.01,15.08,154400
NC,02-Sep-2026,41.84,42.5,41.69,41.69,23400
NCA,02-Sep-2026,9.01,9.01,8.88,8.97,104300
NCDL,02-Sep-2026,12.7,12.7,12.52,12.6,158500
NCLH,02-Sep-2026,15.63,15.92,15.48,15.57,13626300
NCV,02-Sep-2026,16.62,16.62,16.28,16.5,48100
NCV-A,02-Sep-2026,20.1,20.2,19.8793,19.94,23200
NCVpA,02-Sep-2026,20.1,20.2,19.8793,19.8793,21399
NCZ,02-Sep-2026,15.33,15.33,15.11,15.29,27100
NCZ-A,02-Sep-2026,19.59,19.65,19.28,19.4,18600
NCZpA,02-Sep-2026,19.5867,19.65,19.28,19.4,14936
NDMO,02-Sep-2026,9.83,9.83,9.66,9.72,151500
NE,02-Sep-2026,46.37,48.51,45.79,48.08,1033400
NE.W,02-Sep-2026,26.8,29.3349,26.8,29.3349,1400
NE.WS,02-Sep-2026,26.8,29.3349,26.8,29.3349,1072
NEA,02-Sep-2026,11.08,11.11,11,11,1128700
NEE,02-Sep-2026,82.56,83.24,82.05,83.1,12714600
NEE-N,02-Sep-2026,20.67,20.82,20.34,20.6,122300
NEE-S,02-Sep-2026,50.97,51.39,50.87,51.35,87600
NEE-T,02-Sep-2026,47.77,48.2,47.5,48.12,480300
NEE-U,02-Sep-2026,23.2,23.26,23,23.09,88300
NEE-V,02-Sep-2026,45.55,45.679,45.2,45.6,63100
NEE-W,02-Sep-2026,23,23.35,23,23.17,28500
NEEpN,02-Sep-2026,20.67,20.82,20.34,20.55,90394
NEEpS,02-Sep-2026,50.97,51.39,50.87,51.39,9611
NEEpT,02-Sep-2026,47.77,48.2,47.5,48.09,476965
NEEpU,02-Sep-2026,23.2,23.26,23,23.09,75271
NEM,02-Sep-2026,124.97,127.1175,123.334,125.16,6346200
NET,02-Sep-2026,284.08,284.95,269.3,272.74,3354600
NEU,02-Sep-2026,899.88,916.17,899.88,909.15,128500
NEXA,02-Sep-2026,13.28,13.57,13.11,13.34,657600
NFG,02-Sep-2026,83.64,84.085,82.4445,83.21,428400
NFJ,02-Sep-2026,15.48,15.53,15.38,15.53,192500
NGG,02-Sep-2026,77.88,78.28,77.39,78.05,1438400
NGL,02-Sep-2026,18.57,18.98,18.42,18.69,364500
NGL-B,02-Sep-2026,25.9,25.975,25.9,25.9,900
NGL-C,02-Sep-2026,25.79,25.9,25.79,25.9,200
NGLpB,02-Sep-2026,25.9,25.975,25.9,25.9,474
NGLpC,02-Sep-2026,25.79,25.9,25.79,25.9,200
NGS,02-Sep-2026,35.04,35.59,34.27,35.3,114800
NGVC,02-Sep-2026,27.75,27.99,26.99,27,98300
NGVT,02-Sep-2026,69.04,71.41,68.935,68.97,250600
NHI,02-Sep-2026,72.58,72.58,70.8,71.51,343400
NI,02-Sep-2026,40.79,41.19,40.605,41.15,5154000
NIC,02-Sep-2026,167.26,170.0599,166.79,169.66,184000
NIE,02-Sep-2026,25.92,26.33,25.8001,26.07,169500
NIM,02-Sep-2026,9.26,9.305,9.26,9.27,28600
NIO,02-Sep-2026,3.92,3.9699,3.85,3.86,73027200
NIQ,02-Sep-2026,18.6,18.79,18.07,18.35,1196500
NJR,02-Sep-2026,54.13,54.13,53.19,53.64,571200
NKE,02-Sep-2026,38.055,38.73,38.01,38.24,20727100
NKX,02-Sep-2026,11.97,11.97,11.91,11.92,125600
NL,02-Sep-2026,6.73,6.96,6.72,6.75,37700
NLOP,02-Sep-2026,11.18,11.335,11.12,11.13,107100
NLY,02-Sep-2026,22.68,22.75,22.57,22.71,8088400
NLY-F,02-Sep-2026,25.35,25.38,25.31,25.31,63300
NLY-G,02-Sep-2026,25.2,25.2,25.18,25.18,28000
NLY-I,02-Sep-2026,24.9,24.91,24.9,24.9,102300
NLY-J,02-Sep-2026,25.72,25.95,25.64,25.76,62800
NLYpF,02-Sep-2026,25.35,25.38,25.31,25.31,58588
NLYpG,02-Sep-2026,25.2,25.2,25.18,25.1813,27014
NLYpI,02-Sep-2026,24.9,24.91,24.9,24.905,86951
NLYpJ,02-Sep-2026,25.72,25.95,25.64,25.67,56848
NMAI,02-Sep-2026,14.59,14.59,14.29,14.42,80800
NMAX,02-Sep-2026,10.41,11.1,10.37,11,1325900
NMCO,02-Sep-2026,9.84,9.84,9.7,9.77,832200
NMG,02-Sep-2026,1.41,1.445,1.405,1.43,665800
NMI,02-Sep-2026,10.45,10.53,10.3,10.48,38300
NMM,02-Sep-2026,89.06,91.5823,89.06,91.39,184000
NMR,02-Sep-2026,10.14,10.27,10.14,10.25,502500
NMS,02-Sep-2026,10.56,10.66,10.51,10.51,81800
NMT,02-Sep-2026,12.23,12.4,12.05,12.31,26700
NMZ,02-Sep-2026,9.87,9.89,9.78,9.79,1264100
NNI,02-Sep-2026,126.01,127.77,126.01,127.26,131900
NNN,02-Sep-2026,45.41,45.58,44.695,45.07,1994500
NNY,02-Sep-2026,8.19,8.19,8.116,8.13,20300
NOA,02-Sep-2026,13.12,13.33,13.12,13.27,34800
NOAH,02-Sep-2026,8.27,8.4199,8.27,8.34,83300
NOC,02-Sep-2026,534.84,535.86,523.72,523.82,759500
NOG,02-Sep-2026,26.1,27.1,26.1,26.6,2009100
NOK,02-Sep-2026,9.975,9.975,9.73,9.84,49178800
NOMD,02-Sep-2026,11.74,11.94,11.59,11.59,851400
NOV,02-Sep-2026,21.19,21.8299,21.16,21.71,2308800
NOW,02-Sep-2026,140.3,142.6,136.375,136.72,14617700
NP,02-Sep-2026,33.11,33.69,32.93,33.28,362400
NPB,02-Sep-2026,16.74,16.97,16.74,16.89,232700
NPCT,02-Sep-2026,9.66,9.71,9.62,9.67,65800
NPFD,02-Sep-2026,18.69,18.83,18.665,18.83,59800
NPK,02-Sep-2026,148.37,148.37,144.5,144.69,127000
NPKI,02-Sep-2026,13.2,13.5,13.11,13.25,645700
NPO,02-Sep-2026,288.45,293.74,285.51,290.59,160200
NPV,02-Sep-2026,10.25,10.3295,10.21,10.27,88600
NPW.W,02-Sep-2026,0.3094,0.3281,0.29,0.3001,5900
NPWR,02-Sep-2026,1.77,1.8099,1.745,1.77,575000
NPWR.WS,02-Sep-2026,0.3094,0.3281,0.29,0.3001,5568
NRDY,02-Sep-2026,9.71,9.89,9.4437,9.69,12600
NRE-A,02-Sep-2026,24.88,25.2,24.88,25.2,1300
NREF,02-Sep-2026,17.44,17.6888,17.29,17.56,59900
NREFpA,02-Sep-2026,24.88,25.2,24.88,25.2,831
NRG,02-Sep-2026,110.5,111.92,108.78,111.09,2108600
NRGV,02-Sep-2026,3.27,3.57,3.18,3.55,3528100
NRK,02-Sep-2026,10.12,10.12,10.05,10.07,286400
NRP,02-Sep-2026,112.33,114.15,112.15,112.51,30200
NRT,02-Sep-2026,9.01,9.14,9,9.12,19100
NRUC,02-Sep-2026,20.87,21.155,20.85,20.88,32100
NSC,02-Sep-2026,333.89,333.89,327.88,330.06,1143700
NSP,02-Sep-2026,50.63,51.4,48.204,50.52,331300
NTB,02-Sep-2026,59.25,60.21,59.21,59.58,172300
NTEST.H,02-Sep-2026,25.05,25.05,25.05,25.05,480
NTEST.I,02-Sep-2026,25.05,25.05,25.05,25.05,520
NTEST.Y,02-Sep-2026,24.99,24.99,24.99,24.99,120
NTR,02-Sep-2026,76.82,80.7,76.405,80.29,2888200
NTST,02-Sep-2026,20.49,20.56,20.265,20.41,684500
NU,02-Sep-2026,14.52,15.48,14.43,15.4,80829500
NUE,02-Sep-2026,254.11,264.9399,253.18,263.97,1155700
NUS,02-Sep-2026,4.59,4.945,4.59,4.83,710800
NUV,02-Sep-2026,8.94,8.95,8.91,8.91,381700
NUVB,02-Sep-2026,6.75,6.97,6.69,6.93,4997600
NUW,02-Sep-2026,13.94,13.94,13.82,13.83,43800
NVG,02-Sep-2026,12.01,12.05,11.92,11.92,646200
NVGS,02-Sep-2026,22.16,22.6049,21.9,22.51,405400
NVO,02-Sep-2026,46.05,47.005,45.91,46.77,13602600
NVR,02-Sep-2026,6317.16,6371,6240,6326.95,36500
NVRI,02-Sep-2026,22.26,22.85,22.15,22.79,253300
NVS,02-Sep-2026,160.8,163.18,160.38,162.46,4344100
NVST,02-Sep-2026,26.72,27.635,26.645,27.39,1758000
NVT,02-Sep-2026,147.18,148.31,143.87,148.17,1845800
NWA.W,02-Sep-2026,0.52,0.52,0.52,0.52,12800
NWAX,02-Sep-2026,10.18,10.19,10.17,10.19,8300
NWG,02-Sep-2026,18.63,18.73,18.485,18.59,3221300
NWN,02-Sep-2026,49.6,49.6,48.72,49.24,165100
NX,02-Sep-2026,18.55,19.205,17.5,18.93,398900
NXD-A,02-Sep-2026,13.12,13.2,13.0411,13.155,2300
NXDR,02-Sep-2026,2.19,2.305,2.18,2.28,3423900
NXDT,02-Sep-2026,5.44,5.62,5.415,5.55,227100
NXDTpA,02-Sep-2026,13.12,13.2,13.0411,13.155,2054
NXE,02-Sep-2026,9.95,10.31,9.93,10.22,4507900
NXG,02-Sep-2026,55.73,55.73,54.4001,54.7,93300
NXP,02-Sep-2026,14.19,14.206,14.1,14.13,191000
NXRT,02-Sep-2026,23.54,24.48,23.2801,24.1,905500
NYC,02-Sep-2026,6.26,6.26,6.04,6.11,5800
NYT,02-Sep-2026,67.79,68.53,67.17,67.68,1711100
NZF,02-Sep-2026,12.04,12.06,11.83,11.83,1019400
O,02-Sep-2026,61.56,61.735,60.87,61.5,5403100
OAK-A,02-Sep-2026,20.21,20.32,20.14,20.32,5000
OAK-B,02-Sep-2026,19.95,20.055,19.8424,20.02,4900
OAKpA,02-Sep-2026,20.21,20.32,20.14,20.32,2454
OAKpB,02-Sep-2026,19.95,20.055,19.8424,20.02,3998
OBDC,02-Sep-2026,11.35,11.415,11.305,11.36,2608000
OBK,02-Sep-2026,53.17,54.12,52.81,53.82,182000
OC,02-Sep-2026,134.02,135.87,133.36,134.25,935300
OCA.U,02-Sep-2026,10.39,10.39,10.22,10.22,400
OCAC,02-Sep-2026,9.96,9.96,9.96,9.96,500
ODC,02-Sep-2026,91.54,92.45,90.6,90.65,91200
OEC,02-Sep-2026,5.96,6.29,5.89,6.17,312300
OFG,02-Sep-2026,52.55,52.9099,51.915,52.71,274400
OFRM,02-Sep-2026,17.6,18.34,17.49,17.78,365200
OGC,02-Sep-2026,28.76,29.57,28.715,29.09,515000
OGE,02-Sep-2026,46.69,46.69,46.07,46.46,2255100
OGG,02-Sep-2026,2.91,3,2.87,2.9,563600
OGN,02-Sep-2026,13.77,13.78,13.76,13.77,3626100
OGS,02-Sep-2026,80.45,80.45,79.3401,79.95,408400
OHI,02-Sep-2026,46.94,47.14,46.35,46.99,1908100
OI,02-Sep-2026,7.09,7.3,6.95,7.07,2837100
OIA,02-Sep-2026,6,6.02,5.95,5.95,77800
OII,02-Sep-2026,51.25,52.375,50.52,51.63,649000
OIS,02-Sep-2026,8.71,9.08,8.71,8.96,469000
OKE,02-Sep-2026,95.16,96.715,94.41,96.01,3563900
OKLO,02-Sep-2026,38.04,39.72,37.76,39.52,6834200
OLN,02-Sep-2026,17.07,17.87,17.07,17.66,2034700
OLP,02-Sep-2026,23.98,24.08,23.715,23.84,78900
OMC,02-Sep-2026,85.9,87.47,80.535,81.76,4838800
OMF,02-Sep-2026,61.74,63.58,61.74,63.14,855400
ONIT,02-Sep-2026,33.73,34.525,33.7,34.1,74500
ONL,02-Sep-2026,2.81,2.81,2.68,2.69,223300
ONON,02-Sep-2026,27.68,27.99,27.56,27.8,5827200
ONT,02-Sep-2026,16.41,17.57,16.32,17.33,433500
ONTO,02-Sep-2026,256.67,259.01,251.055,254.55,766900
OOMA,02-Sep-2026,21.99,22.88,21.99,22.53,369600
OPFI,02-Sep-2026,6.93,7.28,6.895,7.24,764400
OPLN,02-Sep-2026,34.92,35.52,34.545,34.63,922200
OPP,02-Sep-2026,7.48,7.48,7.41,7.44,43300
OPP-A,02-Sep-2026,15.37,15.48,15.37,15.41,11900
OPP-B,02-Sep-2026,16.65,16.8106,16.65,16.65,4900
OPPpA,02-Sep-2026,15.37,15.48,15.37,15.41,10494
OPPpB,02-Sep-2026,16.65,16.8106,16.65,16.65,3899
OPTU,02-Sep-2026,0.93,1.025,0.93,1.02,1917100
OPY,02-Sep-2026,119.94,122.28,117.155,117.36,71400
OR,02-Sep-2026,36.51,37.15,36.26,36.81,688700
ORA,02-Sep-2026,106.9,107.62,104.295,104.69,675800
ORC,02-Sep-2026,6.53,6.56,6.49,6.52,3907500
ORC-D,02-Sep-2026,45.5,46,44.29,45.96,555000
ORCL,02-Sep-2026,140.26,146.69,139.72,145.75,21906700
ORI,02-Sep-2026,41.99,42.32,41.88,42.09,995700
ORN,02-Sep-2026,9.1,9.49,9.051,9.08,339700
OSCR,02-Sep-2026,30,30.74,29.375,30.33,4580000
OSG,02-Sep-2026,4.52,4.61,4.425,4.49,707000
OSK,02-Sep-2026,148.42,153.5,147.6154,152.89,510000
OTA-,02-Sep-2026,0.2,0.2,0.1981,0.1981,1000
OTA.U,02-Sep-2026,10.15,10.19,10.15,10.15,1300
OTAI,02-Sep-2026,10.02,10.02,10,10.01,2100
OTAX,02-Sep-2026,49.78,49.85,49.67,49.8082,68900
OTF,02-Sep-2026,11.59,11.78,11.39,11.41,1971100
OTIS,02-Sep-2026,70.75,71.3,70.1,70.83,3914200
OUT,02-Sep-2026,29.9,30.055,29.33,29.55,1460100
OVV,02-Sep-2026,65.92,67.51,65.92,66.91,2415300
OWL,02-Sep-2026,11.6,11.94,11.53,11.6,26803700
OWLT,02-Sep-2026,5.03,5.26,4.82,5.06,151400
OXM,02-Sep-2026,37.78,38.8,37.61,37.74,254100
OXY,02-Sep-2026,60.44,61.14,60.14,60.91,5285100
OXY.W,02-Sep-2026,38.05,39.1,38.05,38.88,18900
OXY.WS,02-Sep-2026,39.19,39.19,38.05,38.88,14972
P,02-Sep-2026,93.79,94.99,91.36,92.43,2592700
PAAS,02-Sep-2026,51.14,52.7157,50.95,51.54,5617900
PAC,02-Sep-2026,204.4,208.58,202.9,208.45,86900
PACK,02-Sep-2026,4.49,4.57,4.39,4.42,450000
PACS,02-Sep-2026,43.28,44.135,42.2,43.09,651100
PAG,02-Sep-2026,217.76,220.0135,217.29,218.06,168800
PAGS,02-Sep-2026,9.38,9.9,9.3,9.84,3961700
PAI,02-Sep-2026,11.83,11.8827,11.825,11.84,25300
PAII,02-Sep-2026,10.29,10.29,10.285,10.29,184000
PAM,02-Sep-2026,83.84,86.688,83.83,86.42,174800
PAR,02-Sep-2026,18.43,19.03,18.28,18.75,899200
PARR,02-Sep-2026,79.74,82.7,79.36,80.16,726800
PATH,02-Sep-2026,18.19,18.43,17.715,17.99,60560700
PAXS,02-Sep-2026,14.1,14.12,14,14.08,251600
PAY,02-Sep-2026,34.84,36.6392,34.65,36.28,1980500
PAYC,02-Sep-2026,237.09,240.585,234.48,236.25,608700
PB,02-Sep-2026,71.03,72.37,70.84,72.09,740700
PBA,02-Sep-2026,48.73,48.87,48.4401,48.59,709400
PBF,02-Sep-2026,75.89,77.94,74.7125,75.48,2788400
PBH,02-Sep-2026,52.88,53.95,52.7326,52.83,440000
PBI,02-Sep-2026,17.12,17.72,17.1101,17.4,1446000
PBI-B,02-Sep-2026,21.85,21.85,21.79,21.81,6800
PBIpB,02-Sep-2026,21.85,21.85,21.79,21.81,6184
PBR,02-Sep-2026,20.21,21.01,20.12,20.86,24311500
PBR.A,02-Sep-2026,18.14,18.885,18.091,18.81,9485200
PBT,02-Sep-2026,34.01,34.38,33.5101,34.29,123000
PCF,02-Sep-2026,5.44,5.58,5.44,5.52,156000
PCG,02-Sep-2026,13.56,13.57,12.59,13.33,118883800
PCG-X,02-Sep-2026,35.15,35.15,32.35,33.83,3050800
PCGpX,02-Sep-2026,35.16,35.16,32.35,33.83,1376034
PCM,02-Sep-2026,5.3,5.35,5.28,5.35,91400
PCN,02-Sep-2026,11.73,11.75,11.675,11.68,326300
PCOR,02-Sep-2026,59.86,60.74,59.15,59.49,2380500
PCQ,02-Sep-2026,8.6,8.61,8.54,8.57,155600
PD,02-Sep-2026,14,14.12,13.48,13.77,1860600
PDI,02-Sep-2026,15.25,15.455,15.17,15.33,4438700
PDM,02-Sep-2026,9.63,9.805,9.51,9.7,1761200
PDO,02-Sep-2026,12.42,12.505,12.37,12.45,930000
PDPA,02-Sep-2026,25.16,25.17,25.05,25.17,8000
PDS,02-Sep-2026,91.96,94.58,90.92,93.96,102600
PDT,02-Sep-2026,12.58,12.7,12.53,12.54,104300
PDX,02-Sep-2026,21.8,21.99,21.8,21.95,76100
PEB,02-Sep-2026,17.85,18.295,17.82,18.19,2276600
PEB-E,02-Sep-2026,19.76,19.91,19.71,19.91,3100
PEB-G,02-Sep-2026,19.72,19.9,19.72,19.9,6600
PEB-H,02-Sep-2026,18.48,18.51,18.38,18.45,6100
PEBpE,02-Sep-2026,19.76,19.91,19.71,19.91,1698
PEBpG,02-Sep-2026,19.72,19.9,19.72,19.9,3413
PEBpH,02-Sep-2026,18.48,18.51,18.38,18.45,4752
PEG,02-Sep-2026,73.49,73.72,72.7,73.32,4116100
PEN,02-Sep-2026,322.48,324.55,322.48,322.8,220200
PEO,02-Sep-2026,29.05,29.4414,29,29.27,58300
PERF,02-Sep-2026,1.9,1.92,1.89,1.9,219600
PEW,02-Sep-2026,2.25,2.31,2.25,2.27,174800
PEW.W,02-Sep-2026,0.252,0.2521,0.252,0.252,3500
PEW.WS,02-Sep-2026,0.252,0.2521,0.252,0.252,3500
PFD,02-Sep-2026,11.34,11.37,11.2901,11.32,8200
PFE,02-Sep-2026,28.79,29.09,28.705,29.02,39277900
PFGC,02-Sep-2026,100,100.73,99.11,99.32,1366400
PFH,02-Sep-2026,15.19,15.33,15.07,15.25,69500
PFL,02-Sep-2026,7.56,7.5691,7.52,7.53,178800
PFLA,02-Sep-2026,25.16,25.16,24.91,24.91,5500
PFLT,02-Sep-2026,7.44,7.48,7.38,7.43,570100
PFN,02-Sep-2026,6.9,6.92,6.85,6.87,340300
PFO,02-Sep-2026,9.02,9.06,9.02,9.02,9700
PFS,02-Sep-2026,23.11,23.62,23.07,23.39,735400
PFSI,02-Sep-2026,71.1,73.19,71.1,72.18,565800
PG,02-Sep-2026,146.42,148.32,145.79,147.64,7431800
PGP,02-Sep-2026,8.78,8.805,8.77,8.79,30700
PGR,02-Sep-2026,221.17,223.435,219.92,221.38,1670900
PGZ,02-Sep-2026,9.77,9.8027,9.75,9.7649,10500
PH,02-Sep-2026,956.86,962.2799,941.13,949.38,570800
PHG,02-Sep-2026,26.42,26.83,26.37,26.37,792800
PHI,02-Sep-2026,18.24,18.24,18.04,18.07,119000
PHIN,02-Sep-2026,66.97,68.68,66.88,67.82,244900
PHK,02-Sep-2026,4.53,4.53,4.5,4.51,608700
PHM,02-Sep-2026,123.98,124.53,123.43,123.7,1138800
PHR,02-Sep-2026,11.79,12.185,11.78,11.85,759100
PII,02-Sep-2026,61.9,64.1093,61.23,61.72,669600
PIM,02-Sep-2026,3.17,3.17,3.13,3.15,34700
PIN-A,02-Sep-2026,25.25,25.29,25.19,25.23,11300
PINE,02-Sep-2026,19.61,19.685,19.35,19.45,101400
PINS,02-Sep-2026,21.27,21.42,21,21.22,13273500
PIPR,02-Sep-2026,74.63,76.03,74.3181,75.19,952600
PJT,02-Sep-2026,179.69,183.56,178.81,181.15,238800
PK,02-Sep-2026,15.29,15.63,15.25,15.56,4358200
PKE,02-Sep-2026,32.04,32.7213,31.23,31.31,245300
PKG,02-Sep-2026,229.61,236.38,227.65,233.54,669400
PKX,02-Sep-2026,60.88,61.8,60.695,61.43,178000
PL,02-Sep-2026,19.84,20.38,19.475,19.99,6606800
PLD,02-Sep-2026,138.57,138.57,136.36,136.59,3618700
PLGO,02-Sep-2026,24.92,25.14,24.74,24.95,406800
PLNT,02-Sep-2026,50.73,52.455,50.46,51.68,1305100
PLOW,02-Sep-2026,40.88,41.72,40.705,41.63,202900
PM,02-Sep-2026,187.36,189.21,184.75,187.94,2937400
PML,02-Sep-2026,7.24,7.26,7.21,7.21,425100
PMM,02-Sep-2026,6.18,6.2,6.14,6.14,75900
PMMF,02-Sep-2026,100.26,100.27,100.26,100.26,117800
PMO,02-Sep-2026,10.2,10.2181,10.13,10.16,27300
PMT,02-Sep-2026,9.34,9.63,9.31,9.51,889100
PMT-A,02-Sep-2026,22.66,22.66,22.45,22.4501,14200
PMT-B,02-Sep-2026,22.42,22.495,22.33,22.35,5700
PMT-C,02-Sep-2026,17.91,17.92,17.82,17.89,32300
PMTpA,02-Sep-2026,22.66,22.66,22.45,22.4501,11170
PMTpB,02-Sep-2026,22.42,22.495,22.33,22.35,4301
PMTpC,02-Sep-2026,17.91,17.92,17.82,17.89,30997
PMTU,02-Sep-2026,25.73,25.94,25.65,25.94,500
PMTV,02-Sep-2026,25.3,25.4,25.3,25.36,7500
PMTW,02-Sep-2026,25.16,25.27,25.16,25.19,4900
PNA.U,02-Sep-2026,10,10,9.935,9.97,33200
PNC,02-Sep-2026,238.84,245.365,238.695,242.46,1383900
PNF-A,02-Sep-2026,25.15,25.22,25.15,25.16,1200
PNF-B,02-Sep-2026,26.05,26.28,26.05,26.23,14500
PNF-C,02-Sep-2026,24.15,24.18,24.081,24.125,8900
PNFP,02-Sep-2026,98.27,101.485,98.11,100.09,1335600
PNI,02-Sep-2026,6.74,6.79,6.71,6.75,145500
PNNT,02-Sep-2026,3.73,3.7753,3.67,3.7,543000
PNR,02-Sep-2026,60.42,61.35,59.57,59.84,3256900
PNW,02-Sep-2026,96.96,97.83,96.595,97.38,748000
POR,02-Sep-2026,49.06,49.06,48.295,48.69,1105000
POST,02-Sep-2026,83.76,86.41,83.64,84.32,1338200
PPG,02-Sep-2026,110.61,112.8999,110.61,111.31,1500500
PPL,02-Sep-2026,34.41,34.58,34.03,34.54,5382100
PPLC,02-Sep-2026,45.94,46.43,45.81,46.24,111600
PPT,02-Sep-2026,3.41,3.43,3.41,3.42,83900
PR,02-Sep-2026,23.6,24.04,23.56,23.82,6597400
PRCS,02-Sep-2026,29,29.1401,28.975,29.0922,13100
PRG,02-Sep-2026,38.08,39.08,37.96,38.75,374100
PRGO,02-Sep-2026,14.45,14.85,14.3,14.49,2687000
PRH,02-Sep-2026,21.16,21.6,21.12,21.52,67100
PRI,02-Sep-2026,291.53,295.65,291.51,293.51,130700
PRI-D,02-Sep-2026,24.6,24.72,24.6,24.72,300
PRI-K,02-Sep-2026,21.73,21.935,21.67,21.69,7500
PRI-L,02-Sep-2026,24.26,24.7799,24.26,24.7799,2700
PRIFpD,02-Sep-2026,24.6,24.72,24.6,24.72,300
PRIFpK,02-Sep-2026,21.73,21.935,21.67,21.69,6967
PRIFpL,02-Sep-2026,24.26,24.7799,24.26,24.7799,1930
PRIM,02-Sep-2026,72.19,75.58,72.04,74.24,1357100
PRKS,02-Sep-2026,39.11,41.07,39.11,40.86,642200
PRLB,02-Sep-2026,78.5,80.3099,78.42,78.59,180400
PRM,02-Sep-2026,30.33,31.11,30.3,30.91,866400
PRMB,02-Sep-2026,23.04,23.29,21.8,22.05,9257800
PRS,02-Sep-2026,20.16,20.44,20.16,20.4,78400
PRSU,02-Sep-2026,47.28,48.5,47.28,48.09,180300
PRT,02-Sep-2026,2.19,2.225,2.15,2.18,31400
PRU,02-Sep-2026,117.4,120.78,117.4,119.84,1525700
PRVS,02-Sep-2026,33.17,33.17,33.045,33.07,2100
PS,02-Sep-2026,38.7,39.406,35.72,36.5,385500
PSA,02-Sep-2026,300.89,302.79,296.69,301.33,872400
PSA-F,02-Sep-2026,19.21,19.3199,19.0988,19.25,14300
PSA-G,02-Sep-2026,18.64,18.7316,18.59,18.68,20800
PSA-H,02-Sep-2026,20.86,20.8999,20.5165,20.56,20600
PSA-I,02-Sep-2026,17.91,18.05,17.82,17.84,41900
PSA-J,02-Sep-2026,17.32,17.485,17.3101,17.35,15700
PSA-K,02-Sep-2026,17.7,17.7,17.57,17.57,19200
PSA-L,02-Sep-2026,17,17.0976,16.89,16.99,37900
PSA-M,02-Sep-2026,15.48,15.48,15.16,15.18,20800
PSA-N,02-Sep-2026,14.46,14.47,14.35,14.385,14200
PSA-O,02-Sep-2026,14.32,14.62,14.16,14.29,48700
PSA-P,02-Sep-2026,14.71,14.8,14.68,14.69,57200
PSA-Q,02-Sep-2026,14.52,14.6818,14.52,14.55,23600
PSA-R,02-Sep-2026,14.78,14.78,14.65,14.68,56100
PSA-S,02-Sep-2026,15.13,15.53,15.05,15.1,4900
PSA-T,02-Sep-2026,22.32,22.49,22.32,22.47,16700
PSA-U,02-Sep-2026,23.15,23.6,23.15,23.6,1600
PSApF,02-Sep-2026,19.21,19.3199,19.0988,19.29,10681
PSApG,02-Sep-2026,18.64,18.7316,18.59,18.68,16643
PSApH,02-Sep-2026,20.86,20.8999,20.5165,20.56,15652
PSApI,02-Sep-2026,17.91,18.05,17.82,17.84,31699
PSApJ,02-Sep-2026,17.32,17.485,17.3101,17.35,11144
PSApK,02-Sep-2026,17.7,17.7,17.57,17.57,10256
PSApL,02-Sep-2026,17,17.0976,16.89,16.99,26625
PSApM,02-Sep-2026,15.48,15.48,15.16,15.18,15154
PSApN,02-Sep-2026,14.46,14.47,14.35,14.385,10320
PSApO,02-Sep-2026,14.32,14.62,14.16,14.29,40300
PSApP,02-Sep-2026,14.71,14.8,14.68,14.69,36900
PSApQ,02-Sep-2026,14.52,14.6818,14.52,14.55,20274
PSApR,02-Sep-2026,14.78,14.78,14.65,14.69,44168
PSApS,02-Sep-2026,15.13,15.53,15.05,15.1,4429
PSBD,02-Sep-2026,10.39,10.415,10.29,10.33,76300
PSE-A,02-Sep-2026,16.23,16.89,16.23,16.89,5000
PSECpA,02-Sep-2026,16.32,16.89,16.23,16.89,4044
PSF,02-Sep-2026,19.38,19.49,19.29,19.32,46800
PSFE,02-Sep-2026,6.23,6.67,6.22,6.62,404200
PSN,02-Sep-2026,46.01,46.475,45.325,45.37,1326800
PSO,02-Sep-2026,16.13,16.24,15.96,16.12,627600
PSQH,02-Sep-2026,5.23,5.55,5.05,5.51,56500
PSTL,02-Sep-2026,23.9,23.97,23.575,23.85,364500
PSUS,02-Sep-2026,39.1,39.5,38.851,39.21,165800
PSX,02-Sep-2026,250.09,258.48,249.47,256.09,2890700
PTA,02-Sep-2026,18.42,18.57,18.42,18.46,144500
PTY,02-Sep-2026,11.81,11.81,11.76,11.76,781500
PUK,02-Sep-2026,27.11,27.395,27.11,27.29,881900
PUMP,02-Sep-2026,11.11,11.32,10.94,11.23,2226400
PVH,02-Sep-2026,73.1,74.09,71.46,72.29,1525600
PVL,02-Sep-2026,1.81,1.86,1.81,1.85,25200
PWR,02-Sep-2026,609.1,612.17,597.875,610.78,807200
PXED,02-Sep-2026,29.25,30.11,29.13,30,64200
PYT,02-Sep-2026,23.96,24,23.83,23.85,700
Q,02-Sep-2026,116.58,118.77,114.75,117.69,2101800
QGEN,02-Sep-2026,43.63,44.915,43.63,44.2,2198700
QLEP,02-Sep-2026,10.01,10.01,10.0061,10.0061,13000
QRE-,02-Sep-2026,0.26,0.26,0.26,0.26,26700
QRED,02-Sep-2026,10.05,10.05,10.05,10.05,9600
QSR,02-Sep-2026,78.35,80.27,78.35,78.87,2179100
QTWO,02-Sep-2026,62.96,64.945,62.26,64.01,408000
QUAD,02-Sep-2026,10.17,10.46,10.115,10.39,515700
QXO,02-Sep-2026,12.82,13.32,12.8,13.22,10471100
QXO-B,02-Sep-2026,39.98,41.1,39.95,40.71,50100
QXOpB,02-Sep-2026,39.98,41.1,39.95,40.71,9936
R,02-Sep-2026,243.98,244.51,241.5,243.13,293600
RA,02-Sep-2026,12.55,12.55,12.51,12.53,117800
RAC.W,02-Sep-2026,0.5,0.5001,0.5,0.5001,1200
RACE,02-Sep-2026,413.11,416.8,412.02,413.23,280500
RAL,02-Sep-2026,61.41,62.55,60.43,61.65,1217100
RAMP,02-Sep-2026,37.74,37.83,37.73,37.8,929700
RBA,02-Sep-2026,82.66,84.15,81.925,82.9,1577900
RBC,02-Sep-2026,488.19,491.72,481.42,490.89,283200
RBLX,02-Sep-2026,39.89,41.28,39.3738,41.21,6545800
RBRK,02-Sep-2026,89,89.576,86.0201,87.18,3227000
RC,02-Sep-2026,1.69,1.77,1.69,1.75,861200
RC-C,02-Sep-2026,12.37,12.37,12.37,12.37,100
RC-E,02-Sep-2026,13.11,13.3566,13.11,13.26,9300
RCD,02-Sep-2026,23.17,23.39,23.17,23.23,1100
RCI,02-Sep-2026,36.39,37.39,36.34,36.65,945300
RCL,02-Sep-2026,268.12,272.02,265.135,265.6,1763700
RCpC,02-Sep-2026,12.37,12.37,12.37,12.37,100
RCpE,02-Sep-2026,13.11,13.3566,13.11,13.26,8101
RCS,02-Sep-2026,5.27,5.28,5.21,5.27,91200
RCUS,02-Sep-2026,30.17,31.47,29.32,29.85,1233700
RDDT,02-Sep-2026,144.02,158.27,143.47,158.1,6237700
RDN,02-Sep-2026,35.99,36.52,35.84,36.49,781100
RDW,02-Sep-2026,10.26,10.48,10.14,10.33,10330100
RDY,02-Sep-2026,12.12,12.205,12.12,12.17,4010200
REF,02-Sep-2026,14.11,14.775,14.02,14.13,201700
RELX,02-Sep-2026,35.18,35.56,34.945,35.15,1926900
RERE,02-Sep-2026,4.13,4.25,4.09,4.21,934300
RES,02-Sep-2026,6.46,6.645,6.4201,6.57,1567600
REX,02-Sep-2026,39.99,42.95,39.99,42.8,252200
REX-B,02-Sep-2026,22.3,22.3,22.16,22.2001,4600
REX-C,02-Sep-2026,21.15,21.15,20.6,20.86,15500
REXR,02-Sep-2026,37.09,37.35,36.56,36.63,2248000
REXRpB,02-Sep-2026,22.3,22.3,22.16,22.2001,1550
REXRpC,02-Sep-2026,21.15,21.15,20.6,20.86,13081
REZI,02-Sep-2026,19.41,19.58,19.13,19.39,2226500
RF,02-Sep-2026,29.51,30.255,29.4,29.93,7004300
RF-C,02-Sep-2026,24.52,24.5499,24.48,24.49,45400
RF-E,02-Sep-2026,15.93,16.2543,15.9,15.95,31400
RF-F,02-Sep-2026,25.23,25.23,25.1194,25.18,19700
RFI,02-Sep-2026,11.29,11.3,11.23,11.27,45700
RFL,02-Sep-2026,2.43,2.65,2.43,2.51,85900
RFM,02-Sep-2026,14.4,14.4,14.24,14.28,17000
RFMZ,02-Sep-2026,13.01,13.09,12.88,12.9,59500
RFpC,02-Sep-2026,24.52,24.5499,24.48,24.51,41791
RFpE,02-Sep-2026,15.93,16.2543,15.9,15.95,28537
RFpF,02-Sep-2026,25.23,25.23,25.1194,25.18,14549
RGA,02-Sep-2026,248,253.34,247.835,252.37,321800
RGR,02-Sep-2026,38.2,39.36,37.91,37.98,115400
RGT,02-Sep-2026,15.09,15.225,15.02,15.19,11500
RH,02-Sep-2026,143.84,149.2,143.8,147.68,572700
RHI,02-Sep-2026,42.9,43.99,42.51,42.9,1626700
RHLD,02-Sep-2026,133.04,134.01,128.93,131.8,172900
RHP,02-Sep-2026,122.84,124.44,122.0101,122.64,587700
RIG,02-Sep-2026,5.86,6.27,5.79,6.22,53356000
RIO,02-Sep-2026,102.49,103.425,101.82,102.75,1793700
RIT-A,02-Sep-2026,25.38,25.45,25.35,25.38,7000
RIT-B,02-Sep-2026,25.43,25.48,25.43,25.48,14100
RIT-C,02-Sep-2026,24.83,24.95,24.75,24.88,29400
RIT-D,02-Sep-2026,25.06,25.09,25.06,25.07,45700
RIT-E,02-Sep-2026,24.68,24.8,24.6701,24.78,31100
RIT-F,02-Sep-2026,24.8,24.94,24.76,24.85,14300
RITM,02-Sep-2026,9.91,10.07,9.91,10.02,4672000
RITMpA,02-Sep-2026,25.38,25.45,25.35,25.38,4882
RITMpB,02-Sep-2026,25.43,25.48,25.43,25.48,13276
RITMpC,02-Sep-2026,24.83,24.95,24.75,24.88,27517
RITMpD,02-Sep-2026,25.05,25.09,25.05,25.07,43591
RITMpE,02-Sep-2026,24.68,24.8,24.6701,24.78,24643
RIV,02-Sep-2026,10.94,10.94,10.91,10.93,104900
RIV-A,02-Sep-2026,21.67,21.6743,21.57,21.58,1800
RIV-W,02-Sep-2026,0.009,0.0091,0.008,0.0088,9700
RIVpA,02-Sep-2026,21.6743,21.6743,21.57,21.58,1520
RJF,02-Sep-2026,173.85,178.825,173.5,175.95,1568400
RKT,02-Sep-2026,13.04,13.7699,13.01,13.56,25846600
RL,02-Sep-2026,344.59,345.59,335.21,336.5,787800
RLI,02-Sep-2026,63.55,63.96,63.1301,63.35,430900
RLJ,02-Sep-2026,11.11,11.205,11.04,11.08,1612800
RLJ-A,02-Sep-2026,25.33,25.37,25.24,25.3,31600
RLJpA,02-Sep-2026,25.33,25.37,25.24,25.3,28361
RLTY,02-Sep-2026,15.4,15.4,15.19,15.32,24100
RLX,02-Sep-2026,1.8,1.84,1.78,1.84,3445700
RM,02-Sep-2026,32.2,33.515,31.93,33.04,107400
RMD,02-Sep-2026,234.73,237.21,230.78,230.87,1156400
RMI,02-Sep-2026,15.33,15.33,15.04,15.045,2500
RMM,02-Sep-2026,14.28,14.33,14.03,14.15,43700
RMMZ,02-Sep-2026,14.73,14.73,14.5,14.54,9500
RMT,02-Sep-2026,13.79,13.8528,13.72,13.77,99600
RNG,02-Sep-2026,70.48,72.85,69.47,72.58,1553500
RNGR,02-Sep-2026,16.77,17.255,16.77,17.1,487400
RNP,02-Sep-2026,20.3,20.3,20.03,20.1,79100
RNR,02-Sep-2026,331.84,333.86,330.265,331.21,219000
RNR-F,02-Sep-2026,19.92,20.06,19.88,19.96,27900
RNR-G,02-Sep-2026,14.56,14.595,14.48,14.53,75400
RNRpF,02-Sep-2026,19.92,20.06,19.88,19.95,20722
RNRpG,02-Sep-2026,14.56,14.595,14.48,14.5,60998
RNST,02-Sep-2026,40.32,41.18,40.24,40.65,705500
ROG,02-Sep-2026,123.08,126,121.19,124.06,163100
ROK,02-Sep-2026,420.14,428,415.635,425.36,704400
ROL,02-Sep-2026,36.1,36.12,35.48,35.71,4936100
RONB,02-Sep-2026,23.74,23.76,23.58,23.7,83600
RPC,02-Sep-2026,8.42,8.59,8.3,8.31,533400
RPM,02-Sep-2026,103.33,104.865,102.02,103.23,1167400
RPT,02-Sep-2026,12.47,12.9799,12.17,12.49,23800
RPT-C,02-Sep-2026,25.125,25.125,25.125,25.125,300
RPTpC,02-Sep-2026,25.125,25.125,25.125,25.125,300
RQI,02-Sep-2026,12.16,12.16,12,12.11,460200
RRC,02-Sep-2026,42.1,42.93,42,42.48,2359200
RRX,02-Sep-2026,157.66,162.08,156.31,160.77,1024400
RS,02-Sep-2026,393.09,402.671,389.44,400.21,317300
RSF,02-Sep-2026,14.53,14.53,14.5,14.5,10900
RSG,02-Sep-2026,223.37,224.21,220.49,222.52,1713500
RSI,02-Sep-2026,25.62,27.09,25.595,26.17,3024300
RSKD,02-Sep-2026,6.19,6.68,6.11,6.65,3961100
RTO,02-Sep-2026,23.97,24.185,23.86,24.13,1136400
RTX,02-Sep-2026,206.88,206.88,200.31,200.78,4694200
RVI,02-Sep-2026,26.94,26.9424,26.35,26.54,85100
RVII,02-Sep-2026,22.19,23,22.04,22.75,264800
RVLV,02-Sep-2026,22.34,22.48,21.57,21.84,1065600
RVT,02-Sep-2026,18.28,18.3799,18.19,18.32,143800
RVTY,02-Sep-2026,125.94,131.75,125.94,130.94,2101500
RWT,02-Sep-2026,4.42,4.535,4.39,4.49,1503800
RWT-A,02-Sep-2026,24.42,24.42,24.25,24.35,4000
RWTN,02-Sep-2026,24.79,24.81,24.54,24.65,2600
RWTO,02-Sep-2026,24.55,24.5596,24.2,24.2,1600
RWTP,02-Sep-2026,23.48,23.48,23.355,23.4799,8700
RWTpA,02-Sep-2026,24.42,24.42,24.25,24.35,3470
RWTQ,02-Sep-2026,22.77,23.0214,22.77,22.96,46700
RWTS,02-Sep-2026,23.27,23.32,23.07,23.1,49600
RXO,02-Sep-2026,20.2,20.715,19.66,19.79,1535600
RY,02-Sep-2026,203.9,208.015,203.48,207.86,1010100
RYAM,02-Sep-2026,8.37,8.755,8.37,8.59,612700
RYAN,02-Sep-2026,42.25,42.93,41.62,42.34,1884700
RYN,02-Sep-2026,20.92,20.92,20.17,20.23,6032100
RYZ,02-Sep-2026,25.09,26.86,25.09,26.29,331600
RZC,02-Sep-2026,25.46,25.55,25.455,25.55,38700
S,02-Sep-2026,20.56,20.7381,19.245,19.68,10382900
SA,02-Sep-2026,30.75,31.545,30.55,31.11,619200
SABA,02-Sep-2026,8.25,8.295,8.19,8.24,38400
SAFE,02-Sep-2026,15.31,15.45,15.15,15.29,256600
SAG.W,02-Sep-2026,0.055,0.0585,0.055,0.0585,200
SAGU,02-Sep-2026,9.94,10.04,9.94,10.04,300
SAH,02-Sep-2026,78.33,79.5,77.087,77.88,189400
SAJ,02-Sep-2026,25.17,25.17,25.08,25.08,1100
SAM,02-Sep-2026,174.14,178.515,174.14,175.43,158900
SAM.U,02-Sep-2026,9.9,9.9,9.9,9.9,3200
SAM.W,02-Sep-2026,0.24,0.27,0.24,0.27,25700
SAMO,02-Sep-2026,9.8,9.8,9.79,9.79,1700
SAN,02-Sep-2026,14.7,14.755,14.645,14.75,8678000
SAP,02-Sep-2026,212.5,214.15,209.38,209.69,1506800
SAR,02-Sep-2026,18.5,18.5198,18.26,18.34,140100
SARO,02-Sep-2026,24.57,24.615,24.03,24.07,3202500
SAT,02-Sep-2026,25.01,25.02,25,25,2100
SAV,02-Sep-2026,24.58,24.65,24.52,24.63,10900
SAX,02-Sep-2026,24.82,24.877,24.8,24.82,27700
SAY,02-Sep-2026,25.09,25.1099,25.08,25.1099,9600
SAZ,02-Sep-2026,25.2,25.2,25.155,25.18,11200
SB,02-Sep-2026,8.8,9.11,8.8,9.09,1237500
SB-D,02-Sep-2026,26.59,26.59,26.02,26.12,8500
SBH,02-Sep-2026,16.49,16.79,16.33,16.33,1082900
SBI,02-Sep-2026,7.56,7.5899,7.55,7.57,33100
SBpD,02-Sep-2026,26.59,26.59,26.02,26.12,5509
SBR,02-Sep-2026,75.57,76.5,75.3,75.81,9700
SBS,02-Sep-2026,5,5.155,4.945,5.09,22144400
SBSI,02-Sep-2026,31.58,32.4,31.53,32.06,133800
SBSW,02-Sep-2026,12.37,12.8499,12.37,12.56,7830500
SBX.Y,02-Sep-2026,0.1299,0.1299,0.105,0.1298,1600
SBXD,02-Sep-2026,10.87,10.87,10.87,10.87,500
SBXD.WS,02-Sep-2026,0.1299,0.1299,0.105,0.1298,1400
SCCO,02-Sep-2026,204.5,209.14,202.02,204.26,790300
SCD,02-Sep-2026,15.51,15.56,15.49,15.54,66700
SCE-G,02-Sep-2026,17,17.09,16.76,17.05,16400
SCE-L,02-Sep-2026,16.72,16.85,16.62,16.78,31200
SCE-M,02-Sep-2026,24.03,24.11,23.75,23.99,198400
SCE-N,02-Sep-2026,22.56,22.57,22.25,22.42,26000
SCEpG,02-Sep-2026,17,17.09,16.76,17.05,14776
SCEpL,02-Sep-2026,16.7164,16.85,16.62,16.78,26550
SCEpM,02-Sep-2026,24.03,24.11,23.75,23.99,175533
SCEpN,02-Sep-2026,22.56,22.57,22.25,22.42,24263
SCH-D,02-Sep-2026,23.14,23.37,23.05,23.37,83400
SCH-J,02-Sep-2026,16.58,16.6,16.47,16.54,154900
SCHW,02-Sep-2026,108.5,109.9,108.18,108.24,7159600
SCHWpD,02-Sep-2026,23.14,23.37,23.05,23.37,71666
SCHWpJ,02-Sep-2026,16.58,16.6,16.47,16.53,128838
SCI,02-Sep-2026,81.72,81.745,80.755,81.09,528400
SCL,02-Sep-2026,61.54,63.365,61.2193,62.16,131800
SCM,02-Sep-2026,8.72,8.8617,8.7,8.74,177000
SD,02-Sep-2026,14.24,14.56,14.24,14.47,314500
SDHC,02-Sep-2026,11.5,11.94,11.045,11.1,36600
SDHY,02-Sep-2026,15.9,16,15.865,15.93,35700
SDRL,02-Sep-2026,49.2,51.075,48.5878,50.49,418100
SE,02-Sep-2026,111.75,113.13,111.12,112.81,1562300
SEA-A,02-Sep-2026,25.63,25.73,25.63,25.72,3400
SEA-B,02-Sep-2026,25.8,25.88,25.7,25.88,2900
SEALpA,02-Sep-2026,25.63,25.73,25.63,25.72,2798
SEALpB,02-Sep-2026,25.8,25.88,25.7,25.88,2452
SECZ,02-Sep-2026,6.3,6.65,6.2,6.51,868100
SEG,02-Sep-2026,26.28,26.72,26.28,26.33,30000
SEI,02-Sep-2026,49.43,53.22,47.81,52.77,3142900
SES,02-Sep-2026,0.52,0.5226,0.5,0.5001,9445500
SF,02-Sep-2026,78.85,81.71,78.85,80.01,950100
SF-B,02-Sep-2026,22.11,22.11,21.96,22.05,4000
SF-C,02-Sep-2026,21.97,21.97,21.22,21.425,15300
SF-D,02-Sep-2026,15.53,16.09,15.41,15.44,12900
SFB,02-Sep-2026,19.74,19.76,19.67,19.71,12000
SFBS,02-Sep-2026,41.8,42.7,41.65,42.3,640600
SFL,02-Sep-2026,12.42,12.555,12.33,12.47,1554800
SFpB,02-Sep-2026,22.11,22.11,21.96,22.05,3682
SFpC,02-Sep-2026,21.97,21.97,21.22,21.425,11571
SFpD,02-Sep-2026,15.53,16.09,15.41,15.44,9369
SG,02-Sep-2026,6.43,6.83,6.38,6.73,3821900
SGHC,02-Sep-2026,13.4,13.89,13.4,13.79,2923900
SGI,02-Sep-2026,64.73,67.88,64.36,67.82,4758800
SGOV,02-Sep-2026,100.41,100.42,100.41,100.42,21524700
SGU,02-Sep-2026,12.82,12.88,12.68,12.86,29400
SHAK,02-Sep-2026,67.2,70.9,67.17,67.9,1037100
SHEL,02-Sep-2026,92.98,93.6672,92.63,92.8,8167800
SHG,02-Sep-2026,80.3,81.9,80.3,81.41,141300
SHO,02-Sep-2026,10.98,11.195,10.98,11,3194700
SHO-H,02-Sep-2026,22.2,22.45,22.2,22.33,6000
SHO-I,02-Sep-2026,21.72,21.74,21.62,21.7,15900
SHOC,02-Sep-2026,101.46,102.36,101.46,102.2554,7100
SHOpH,02-Sep-2026,22.2,22.45,22.2,22.33,4700
SHOpI,02-Sep-2026,21.72,21.74,21.62,21.7,8400
SHV,02-Sep-2026,110.07,110.07,110.05,110.06,4393900
SHW,02-Sep-2026,333.97,335.825,330.6,331.25,1401300
SI,02-Sep-2026,20.99,22,20.54,20.64,92700
SID,02-Sep-2026,1.15,1.19,1.14,1.17,5946400
SIG,02-Sep-2026,81.64,83.29,80.93,81.73,693900
SII,02-Sep-2026,129.61,131.16,127.58,127.83,141900
SIND,02-Sep-2026,15.53,16.9,15.53,16.25,88500
SITC,02-Sep-2026,2.9,2.99,2.9,2.93,635600
SITE,02-Sep-2026,96.97,99.425,96.14,98.29,701800
SJM,02-Sep-2026,131.82,132.65,131.01,131.44,1149600
SJT,02-Sep-2026,2.85,2.93,2.79,2.87,82100
SKE,02-Sep-2026,30.98,31.91,30.98,31.75,424100
SKIL,02-Sep-2026,6.63,6.7897,6.5,6.6,44300
SKM,02-Sep-2026,37.5,37.505,36.63,37.07,2698200
SKT,02-Sep-2026,38.2,38.585,37.43,37.7,994900
SKY,02-Sep-2026,86.19,87.3925,85.44,86.06,572200
SKY.W,02-Sep-2026,0.3001,0.3001,0.265,0.2836,5900
SKYH,02-Sep-2026,10.4,10.535,10.315,10.35,213500
SKYH.WS,02-Sep-2026,0.3001,0.3001,0.265,0.2836,687
SLB,02-Sep-2026,56.65,58.47,56.3,58.13,14008500
SLF,02-Sep-2026,78.21,79.52,78.02,79.46,989200
SLG,02-Sep-2026,54.95,55.92,54.465,55.17,716400
SLG-I,02-Sep-2026,21.31,21.399,21.31,21.35,8900
SLGN,02-Sep-2026,41.61,42.63,41.22,41.33,1370200
SLGpI,02-Sep-2026,21.31,21.399,21.31,21.31,8105
SLNZ,02-Sep-2026,45.595,45.595,45.45,45.595,3500
SLQT,02-Sep-2026,0.531,0.542,0.5201,0.529,409400
SLVM,02-Sep-2026,34.83,36.29,34.785,35.81,240300
SM,02-Sep-2026,37.5,38.94,37.4537,38.29,3181200
SMA,02-Sep-2026,32.48,32.745,31.9128,32.46,1194700
SMBK,02-Sep-2026,50.06,51.39,50.06,50.93,92800
SMC,02-Sep-2026,34.96,35,34.38,34.77,53700
SMFG,02-Sep-2026,26.3,26.72,26.3,26.72,1638500
SMG,02-Sep-2026,59.4,60.3693,59.4,59.97,632700
SMHI,02-Sep-2026,9.69,10,9.67,9.78,93400
SMP,02-Sep-2026,37.98,38.66,37.825,38.51,137500
SMR,02-Sep-2026,9.135,9.65,9.125,9.56,27544900
SMRT,02-Sep-2026,1.33,1.37,1.32,1.36,816200
SMWB,02-Sep-2026,8.99,9.08,8.665,8.76,613500
SN,02-Sep-2026,175.45,175.8527,170.1,175.25,1681700
SNA,02-Sep-2026,382.17,382.28,378.21,380.59,231100
SNAP,02-Sep-2026,5.3,5.7,5.29,5.59,30326700
SNDA,02-Sep-2026,37.82,38.335,37.501,37.58,443000
SNDR,02-Sep-2026,33.61,34.12,33.25,33.58,546200
SNN,02-Sep-2026,28.61,29.155,28.58,28.66,3379200
SNOW,02-Sep-2026,310.54,319.25,303.89,305.84,11649500
SNU-H,02-Sep-2026,20.66,20.815,20.4,20.68,27400
SNU-I,02-Sep-2026,23.7,23.8,23.4,23.8,15500
SNX,02-Sep-2026,251.4,256.71,251.39,253.06,411900
SO,02-Sep-2026,87.99,88.51,87.13,88.31,5874000
SOBO,02-Sep-2026,37.48,37.7,37.21,37.39,620900
SOC,02-Sep-2026,4.62,4.89,4.54,4.75,8128100
SOJC,02-Sep-2026,19.55,19.5963,19.44,19.53,38900
SOJD,02-Sep-2026,18.16,18.34,18.05,18.32,175400
SOJE,02-Sep-2026,15.59,15.805,15.59,15.75,73600
SOJF,02-Sep-2026,24.87,24.98,24.76,24.86,45400
SOLV,02-Sep-2026,91.12,93.1099,91.12,91.9,826100
SOMN,02-Sep-2026,47.35,47.9699,47.33,47.87,393800
SON,02-Sep-2026,54.35,55.14,54.045,54.74,606300
SONY,02-Sep-2026,24.46,24.76,24.41,24.65,3123400
SOR,02-Sep-2026,47.23,47.69,46.16,46.42,26800
SOS,02-Sep-2026,0.8401,0.85,0.7259,0.7425,226000
SOU-,02-Sep-2026,0.1252,0.14,0.1056,0.1113,56200
SOUL,02-Sep-2026,10.46,10.46,10.46,10.46,150000
SOULr,02-Sep-2026,0.1252,0.14,0.1056,0.1113,55974
SPB,02-Sep-2026,86.67,89.43,86.29,89.29,366600
SPCE,02-Sep-2026,2.9,3.025,2.9,2.95,5402400
SPE,02-Sep-2026,13.4601,13.555,13.4601,13.51,18200
SPE-C,02-Sep-2026,24.89,24.89,24.79,24.8001,5700
SPEpC,02-Sep-2026,24.89,24.89,24.79,24.8001,5150
SPG,02-Sep-2026,212.68,212.68,209.3,210.2,919200
SPGI,02-Sep-2026,438,441.62,431.32,431.71,2025100
SPH,02-Sep-2026,17.6,17.8486,17.46,17.58,205200
SPHR,02-Sep-2026,135.06,142.2,134.71,140.63,601300
SPIR,02-Sep-2026,11.9,12.12,11.32,11.91,857000
SPMA,02-Sep-2026,25.06,25.06,25.01,25.06,2300
SPMC,02-Sep-2026,9.74,9.8786,9.6029,9.76,15500
SPME,02-Sep-2026,24.95,24.95,24.945,24.95,1400
SPNT,02-Sep-2026,24.5,24.77,24.27,24.32,753800
SPOT,02-Sep-2026,542.27,564.82,540.98,559.36,1364400
SPRU,02-Sep-2026,1.78,1.83,1.74,1.74,56800
SPXC,02-Sep-2026,192.07,195.37,190.02,193.27,409600
SPXX,02-Sep-2026,19.01,19.1299,18.93,19.06,264400
SQM,02-Sep-2026,79.76,81.52,78.9205,81.14,749200
SQNS,02-Sep-2026,2.715,2.86,2.715,2.75,12300
SR,02-Sep-2026,82.82,83.36,81.29,82.77,665500
SRE,02-Sep-2026,83.59,84.42,82.56,83.79,6581500
SREA,02-Sep-2026,19.98,20.03,19.9,20,74700
SRFM,02-Sep-2026,0.6683,0.69,0.6501,0.6614,1136100
SRG,02-Sep-2026,2.03,2.095,2.01,2.06,186400
SRG-A,02-Sep-2026,21.51,22.1,20.34,21.3,18900
SRGpA,02-Sep-2026,21,22.1,20.34,21.3,14788
SRI,02-Sep-2026,7.08,7.3,7.08,7.23,128900
SRJN,02-Sep-2026,21.97,22.01,21.92,21.94,36600
SRL,02-Sep-2026,5.71,5.8899,5.71,5.82,6600
SRV,02-Sep-2026,45.05,45.4499,44.83,45.27,45100
SSB,02-Sep-2026,104.81,107.35,104.81,106.29,1072800
SSD,02-Sep-2026,177.5,179.23,175.16,177.56,234300
SSL,02-Sep-2026,12.19,12.73,12.17,12.68,3648000
SSMR,02-Sep-2026,17.12,18.21,17,17.82,302700
SST,02-Sep-2026,2.73,3.3,2.68,3.01,1773300
SSTK,02-Sep-2026,5.7,5.85,5.62,5.75,747100
ST,02-Sep-2026,40.94,42.14,40.58,42.04,1638800
STAG,02-Sep-2026,37.72,37.74,37.31,37.43,2100300
STC,02-Sep-2026,69.28,69.82,68,68.06,344900
STDN,02-Sep-2026,16.4,16.4447,14.25,14.66,1409900
STE,02-Sep-2026,229.23,236.085,225.545,230.35,468400
STEM,02-Sep-2026,5.53,5.72,5.432,5.46,68500
STEW,02-Sep-2026,18.45,18.585,18.42,18.45,25400
STG,02-Sep-2026,2.84,2.9,2.8396,2.9,6400
STK,02-Sep-2026,52.19,52.19,51.25,52.07,38900
STLA,02-Sep-2026,5.27,5.33,5.21,5.27,20620100
STM,02-Sep-2026,50.26,50.885,49.66,50.71,6128200
STN,02-Sep-2026,71.8,72.98,71.3,72.66,291300
STNG,02-Sep-2026,78.9,81.7,78.11,81.42,739700
STT,02-Sep-2026,187.58,192.87,187.58,190.04,1126500
STT-G,02-Sep-2026,20.25,20.34,20.19,20.25,59000
STTpG,02-Sep-2026,20.25,20.34,20.19,20.26,47641
STUB,02-Sep-2026,6.15,6.28,6.07,6.18,5725900
STVN,02-Sep-2026,20.64,21.23,20.47,20.73,217100
STWD,02-Sep-2026,15.56,15.85,15.56,15.82,4076300
STXD,02-Sep-2026,39.72,39.83,39.67,39.6762,10400
STXE,02-Sep-2026,50.1,50.145,49.8,50.0814,5400
STXF,02-Sep-2026,49.28,49.515,49.26,49.47,26700
STXG,02-Sep-2026,55.68,55.97,55.68,55.8746,20400
STXK,02-Sep-2026,37.98,38.03,37.94,38.0019,5600
STXT,02-Sep-2026,19.47,19.47,19.4205,19.45,27300
STXV,02-Sep-2026,39.5,39.75,39.5,39.7053,12000
STZ,02-Sep-2026,131.81,132.89,129.34,129.35,2337700
SU,02-Sep-2026,68.55,69.06,68.35,68.39,2986000
SUI,02-Sep-2026,121.75,122.43,120.22,121.24,1280300
SUN,02-Sep-2026,76.75,76.8951,75.65,76.41,232700
SUNB,02-Sep-2026,67.01,68.005,66.43,67.11,6035900
SUNC,02-Sep-2026,77.94,78.67,77.17,78.01,508100
SUPV,02-Sep-2026,8.81,8.98,8.68,8.86,269100
SUZ,02-Sep-2026,9.02,9.265,9.02,9.14,3586300
SVV,02-Sep-2026,10.2,10.48,10.14,10.25,864300
SW,02-Sep-2026,45.48,46.68,45.14,45.36,3695200
SWK,02-Sep-2026,95.01,98.005,94.32,96.89,1457000
SWX,02-Sep-2026,89.27,89.36,88.155,89.14,379500
SWZ,02-Sep-2026,5.99,6.01,5.98,6,45700
SXC,02-Sep-2026,10.24,10.68,10.24,10.57,850100
SXI,02-Sep-2026,285.1,287.4699,277.87,277.93,150700
SXT,02-Sep-2026,135.54,138.2599,134.78,135.89,329300
SYF,02-Sep-2026,77.13,79.735,77.13,78.39,2510100
SYF-A,02-Sep-2026,18.53,18.739,18.42,18.46,52000
SYF-B,02-Sep-2026,26.17,26.17,25.935,26.06,14400
SYFpA,02-Sep-2026,18.53,18.739,18.42,18.43,47631
SYFpB,02-Sep-2026,26.17,26.17,25.935,26.07,10414
SYK,02-Sep-2026,315.06,321.745,311.38,312.19,2185600
SYY,02-Sep-2026,82.5,82.9,81.73,81.76,2933400
T,02-Sep-2026,26.09,26.44,25.95,25.95,33809000
T-A,02-Sep-2026,17.66,17.75,17.59,17.73,231100
T-C,02-Sep-2026,16.77,16.84,16.7201,16.79,160300
TAC,02-Sep-2026,11.74,11.9,11.655,11.84,1195100
TAK,02-Sep-2026,18.3,18.495,18.275,18.43,1721800
TAL,02-Sep-2026,12.22,12.53,12.11,12.13,7739900
TALO,02-Sep-2026,17.05,17.495,17.05,17.23,2034800
TAP,02-Sep-2026,40.02,41.18,39.81,40.54,2748100
TBB,02-Sep-2026,19.34,19.47,19.32,19.38,110400
TBBB,02-Sep-2026,49.96,50.5,49.03,49.35,457800
TBI,02-Sep-2026,10.06,10.44,9.97,10.2,388200
TBLU,02-Sep-2026,50.2703,50.2703,50.2703,50.2703,300
TBN,02-Sep-2026,39.31,40,38.54,38.55,102600
TCAI,02-Sep-2026,44.06,44.85,43.73,44.85,41600
TCBX,02-Sep-2026,44.22,45.33,44.17,44.83,133800
TCI,02-Sep-2026,36.53,39.06,36.53,37.27,112400
TCPA,02-Sep-2026,21.89,22.144,21.59,22.03,24000
TD,02-Sep-2026,120.17,121.53,119.9705,121.47,2379400
TDAY,02-Sep-2026,6.22,6.475,6.19,6.3,2040800
TDC,02-Sep-2026,28.51,29.065,28.25,28.26,2005900
TDF,02-Sep-2026,10.73,10.8149,10.54,10.57,88000
TDG,02-Sep-2026,1160.74,1170.55,1152.27,1153.75,333500
TDOC,02-Sep-2026,6.22,6.585,6.22,6.46,3898300
TDS,02-Sep-2026,34.12,36.4299,34.12,35.87,1895200
TDS-U,02-Sep-2026,20.76,20.95,20.76,20.87,11900
TDS-V,02-Sep-2026,19.11,19.15,18.96,18.98,21700
TDSpU,02-Sep-2026,20.76,20.95,20.76,20.87,10316
TDSpV,02-Sep-2026,19.11,19.15,18.96,18.98,19736
TDW,02-Sep-2026,94.7,101.575,94.5001,100.61,730200
TDY,02-Sep-2026,612,614.9898,606.11,606.36,214400
TE,02-Sep-2026,4.24,4.41,4.075,4.27,24588000
TECK,02-Sep-2026,67.84,68.66,66.44,67.07,2049500
TEI,02-Sep-2026,6.63,6.6798,6.6202,6.65,197000
TEL,02-Sep-2026,205.31,206.65,199.82,202.21,2446400
TEN,02-Sep-2026,42.82,43.3,42.37,43.25,270700
TEN-E,02-Sep-2026,25.9,25.91,25.8741,25.91,3400
TEN-F,02-Sep-2026,27,27,26.76,26.8002,7100
TENpE,02-Sep-2026,25.9009,25.91,25.8741,25.91,2913
TENpF,02-Sep-2026,27,27,26.76,26.8002,5384
TEO,02-Sep-2026,13.21,13.5025,13.185,13.31,165100
TEVA,02-Sep-2026,36.65,37.59,35.742,37.49,7690200
TEX,02-Sep-2026,59.67,62.45,59.505,61.81,1086700
TFC,02-Sep-2026,49.89,51.37,49.83,50.81,6430900
TFC-I,02-Sep-2026,17.57,17.855,17.57,17.8,47500
TFC-O,02-Sep-2026,19.26,19.46,19.18,19.46,63200
TFC-R,02-Sep-2026,17.42,17.54,17.34,17.49,129400
TFCpI,02-Sep-2026,17.57,17.855,17.57,17.8,44501
TFCpO,02-Sep-2026,19.26,19.46,19.18,19.46,46744
TFCpR,02-Sep-2026,17.42,17.54,17.34,17.49,93514
TFI-,02-Sep-2026,22.32,22.46,22.3,22.3001,4800
TFII,02-Sep-2026,127.63,129.77,126.67,128.97,196000
TFIN,02-Sep-2026,69.78,70.725,68.715,68.94,287800
TFINP,02-Sep-2026,22.32,22.46,22.3,22.3001,3216
TFPM,02-Sep-2026,33.52,34.14,33.47,34.1,501600
TFX,02-Sep-2026,140.56,144.16,138.1,140.97,728000
TG,02-Sep-2026,7.78,7.87,7.64,7.66,88000
TGE,02-Sep-2026,0.92,0.92,0.89,0.8996,27200
TGLS,02-Sep-2026,37.78,38.87,37.35,38.52,293100
TGS,02-Sep-2026,29.2,29.84,29,29.67,133400
TGT,02-Sep-2026,164.01,165.3,163.11,163.36,2805200
THC,02-Sep-2026,267.16,267.815,253.51,258.53,1046800
THG,02-Sep-2026,227.71,228.66,226.05,227.12,238600
THIR,02-Sep-2026,34.081,34.15,34.08,34.1255,8000
THLV,02-Sep-2026,32.37,32.48,32.37,32.471,4500
THMR,02-Sep-2026,25.74,25.76,25.63,25.731,13400
THO,02-Sep-2026,74.53,76.7,74.53,75.71,431500
THQ,02-Sep-2026,19.68,19.9807,19.6665,19.81,98600
THW,02-Sep-2026,13.99,14.1,13.99,14.06,60600
TIC,02-Sep-2026,9.31,9.47,9.17,9.36,1271200
TIMB,02-Sep-2026,18.26,18.61,18.22,18.4,407000
TISI,02-Sep-2026,24.59,26.76,24.3,26.52,54100
TJX,02-Sep-2026,133.36,133.5,131.18,131.31,7000000
TK,02-Sep-2026,13.07,13.425,12.86,13.36,481000
TKC,02-Sep-2026,5.07,5.12,5.06,5.08,1827300
TKO,02-Sep-2026,183.15,190.21,182.725,189.79,868700
TKR,02-Sep-2026,119.67,120.7715,118.27,120.23,839300
TLK,02-Sep-2026,14.72,14.85,14.665,14.73,563800
TLYS,02-Sep-2026,4.05,4.07,3.8,3.81,4544500
TM,02-Sep-2026,196.08,198.605,196.08,198.3,256000
TME,02-Sep-2026,8.26,8.485,8.26,8.39,6057400
TMO,02-Sep-2026,601.63,614.5975,600.7,608.54,1617000
TNC,02-Sep-2026,69.57,71.27,68.845,70.23,195700
TNET,02-Sep-2026,66.77,67.99,64.98,67.35,384200
TNGY,02-Sep-2026,11.31,11.5099,11.31,11.48,76100
TNK,02-Sep-2026,88,91.02,86.785,90.75,510200
TNL,02-Sep-2026,67.18,68.62,66.84,67.22,509200
TOL,02-Sep-2026,141.02,141.98,140.4,140.7,707100
TOST,02-Sep-2026,32.79,34.285,32.65,34.04,7000700
TpA,02-Sep-2026,17.66,17.75,17.59,17.72,168234
TPB,02-Sep-2026,77.96,78.5,75.29,76.84,337700
TPC,02-Sep-2026,86.8,88.38,86.1125,87.78,394000
TPL,02-Sep-2026,367,368.79,361.54,367.32,279500
TPR,02-Sep-2026,122.88,124.49,122.06,123.14,2939500
TPTS,02-Sep-2026,15.89,15.9001,15.89,15.9,1400
TPVG,02-Sep-2026,5.37,5.4844,5.315,5.34,174900
TPYP,02-Sep-2026,43.49,43.71,43.19,43.6305,46700
TPZ,02-Sep-2026,21.53,21.61,21.39,21.5808,6000
TR,02-Sep-2026,40.59,40.59,39.475,39.94,163000
TRAK,02-Sep-2026,7.92,7.9829,7.745,7.9,55000
TRC,02-Sep-2026,16.16,16.22,16.0368,16.11,149400
TREX,02-Sep-2026,43.5,43.975,42.735,43.73,1368300
TRGP,02-Sep-2026,294.57,296.37,291.08,293.46,1081400
TRIN,02-Sep-2026,18.33,18.7546,18.2661,18.43,728300
TRLV,02-Sep-2026,11.78,12.28,11.45,11.69,1972600
TRN,02-Sep-2026,28.12,28.4899,27.88,28,543900
TRNI,02-Sep-2026,25.39,25.39,25.35,25.35,8500
TRNO,02-Sep-2026,66.67,66.67,65.51,65.74,807300
TRNZ,02-Sep-2026,25.4,25.4,25.33,25.37,8700
TROX,02-Sep-2026,5.06,5.29,5.035,5.12,2663900
TRP,02-Sep-2026,63.58,63.58,62.25,62.49,1699900
TRT-A,02-Sep-2026,26.22,26.3272,26.2,26.27,2400
TRT-B,02-Sep-2026,25.39,25.6,25.39,25.55,1700
TRT-C,02-Sep-2026,24.95,25.07,24.95,24.99,3500
TRT-D,02-Sep-2026,22.69,23.025,22.6,22.6,5100
TRT-E,02-Sep-2026,18.77,18.89,18.77,18.8058,10200
TRT-F,02-Sep-2026,24.4,24.73,24.4,24.54,2100
TRT-G,02-Sep-2026,23.54,23.75,23.5363,23.69,9000
TRT-P,02-Sep-2026,18.5,18.535,18.46,18.46,4200
TRTNpA,02-Sep-2026,26.22,26.3272,26.2,26.27,1975
TRTNpB,02-Sep-2026,25.39,25.6,25.39,25.55,1000
TRTNpC,02-Sep-2026,24.95,25.07,24.95,24.99,2029
TRTNpD,02-Sep-2026,22.69,23.025,22.6,22.6,3700
TRTNpE,02-Sep-2026,18.77,18.89,18.77,18.8058,7608
TRTNpF,02-Sep-2026,24.4,24.73,24.4,24.54,1269
TRTX,02-Sep-2026,7.74,7.83,7.71,7.8,533500
TRTXpC,02-Sep-2026,18.5,18.535,18.46,18.46,3224
TRU,02-Sep-2026,83.03,84.25,81.725,82.39,2316500
TRV,02-Sep-2026,366.21,367.905,364.05,366.18,1187600
TS,02-Sep-2026,55.36,56.16,54.93,55.98,1871300
TSI,02-Sep-2026,4.35,4.4,4.35,4.36,82500
TSLX,02-Sep-2026,18.48,18.62,18.16,18.2,369600
TSM,02-Sep-2026,413.2,416.5,411.27,415.5,6300900
TSN,02-Sep-2026,55.16,56.54,54.88,55.81,2965200
TSQ,02-Sep-2026,5.72,5.8099,5.67,5.69,45600
TT,02-Sep-2026,441.53,442.5899,433.995,439.02,820100
TTAM,02-Sep-2026,14.67,15.02,14.6623,14.88,219500
TTC,02-Sep-2026,98.3,100.18,97.32,99.15,941100
TTE,02-Sep-2026,89.74,90.9,89.55,90.22,2249600
TTI,02-Sep-2026,6.58,6.685,6.405,6.63,3049100
TU,02-Sep-2026,9.68,9.77,9.55,9.57,4587300
TUYA,02-Sep-2026,1.83,1.87,1.81,1.86,301200
TV,02-Sep-2026,2.67,2.705,2.66,2.66,457600
TVC,02-Sep-2026,23.92,24.02,23.9,23.92,16800
TVE,02-Sep-2026,23.45,23.7,23.43,23.44,6100
TWI,02-Sep-2026,7.42,7.79,7.42,7.61,784000
TWLO,02-Sep-2026,226.09,230.93,222.925,226.75,1293100
TWN,02-Sep-2026,102.99,104.85,100.64,104.46,48700
TWO-A,02-Sep-2026,25.23,25.2499,25.23,25.24,8500
TWO-B,02-Sep-2026,25.21,25.24,25.21,25.22,48800
TWO-C,02-Sep-2026,25.27,25.3,25.27,25.295,44100
TWOD,02-Sep-2026,26.06,26.1,26.06,26.0808,71200
TWOpA,02-Sep-2026,25.23,25.2499,25.23,25.24,7022
TWOpB,02-Sep-2026,25.21,25.2639,25.21,25.22,46718
TWOpC,02-Sep-2026,25.27,25.3,25.27,25.295,36754
TX,02-Sep-2026,56.17,57.4399,55.35,56.87,714400
TXNM,02-Sep-2026,57.77,58.16,57.69,58.07,3191300
TXO,02-Sep-2026,15.14,15.1603,14.75,14.84,150200
TXT,02-Sep-2026,80.11,80.59,79.09,79.24,1744500
TY,02-Sep-2026,35.48,35.7,35.4271,35.48,20300
TY-,02-Sep-2026,41.82,42.07,41.65,41.65,3200
TYG,02-Sep-2026,43.6,43.6,43.02,43.19,123500
TYL,02-Sep-2026,372.87,381.61,371.98,374.88,823600
TYp,02-Sep-2026,41.82,42.07,41.65,41.65,2285
U,02-Sep-2026,40.42,41.57,40.22,40.76,7434000
UA,02-Sep-2026,4.81,5.06,4.81,5.03,2531500
UAA,02-Sep-2026,4.96,5.17,4.93,5.15,6062700
UAMY,02-Sep-2026,4.78,5.3265,4.68,5.29,9670400
UAN,02-Sep-2026,130.8,134.29,130,133.93,38500
UBER,02-Sep-2026,76.05,77.24,75.36,76.45,13014600
UBS,02-Sep-2026,54.34,55.215,54.32,54.9,1692600
UCB,02-Sep-2026,34.44,35.3,34.32,34.97,856400
UDR,02-Sep-2026,37.01,37.145,36.37,36.59,2329200
UE,02-Sep-2026,21.5,21.54,21.235,21.31,1080700
UFI,02-Sep-2026,7.43,7.68,7.28,7.29,65900
UGI,02-Sep-2026,38.4,38.4,37.75,37.9,1348300
UGP,02-Sep-2026,6.98,7.22,6.96,7.13,3463000
UHA.B,02-Sep-2026,59.59,59.91,58.32,58.42,319300
UHAL,02-Sep-2026,67.5,68.14,66.35,66.56,156400
UHAL.B,02-Sep-2026,59.61,59.91,58.32,58.47,145810
UHS,02-Sep-2026,170.14,171.55,167.235,167.49,808900
UHT,02-Sep-2026,41.44,41.5,40.91,41.32,78600
UI,02-Sep-2026,584.43,601.6,580,598.37,171800
UIS,02-Sep-2026,2.63,2.7,2.6,2.61,449800
UL,02-Sep-2026,64.34,64.795,64.01,64.57,3673200
ULS,02-Sep-2026,73.6,75.47,72.86,74.12,413500
UMC,02-Sep-2026,19.54,20.135,19.4862,19.97,8757400
UMH,02-Sep-2026,16.25,16.29,16.015,16.06,707000
UMH-D,02-Sep-2026,21.38,21.589,21.35,21.4099,12900
UMHpD,02-Sep-2026,21.38,21.589,21.35,21.4099,11232
UNF,02-Sep-2026,278.33,278.8525,274.34,275.26,262900
UNFI,02-Sep-2026,44.98,45.34,44.335,44.41,537500
UNH,02-Sep-2026,399.27,401.14,396.51,399.66,3266700
UNM,02-Sep-2026,93.3,94.005,91.75,92.8,1040400
UNMA,02-Sep-2026,21.21,21.58,21.03,21.38,36800
UNP,02-Sep-2026,291.64,291.815,285.685,289.73,1892600
UP,02-Sep-2026,4.37,4.49,4.25,4.32,94300
UPS,02-Sep-2026,103.3,104.15,102.73,103.01,3132800
URI,02-Sep-2026,990.51,992.055,976.66,979.82,380500
USA,02-Sep-2026,5.93,5.96,5.93,5.93,1137400
USAC,02-Sep-2026,27.2,27.6,26.96,27.47,369600
USB,02-Sep-2026,61.68,63.185,61.51,62.77,7335400
USB-A,02-Sep-2026,765,765,762.65,762.65,200
USB-H,02-Sep-2026,18.23,18.47,18.13,18.22,57300
USB-P,02-Sep-2026,20.75,20.865,20.52,20.52,48400
USB-Q,02-Sep-2026,14,14.0799,14,14.04,76300
USB-R,02-Sep-2026,14.97,15.03,14.9053,15.02,83800
USB-S,02-Sep-2026,16.75,16.87,16.55,16.6,148600
USBpA,02-Sep-2026,765,765,762.65,762.65,85
USBpH,02-Sep-2026,18.23,18.47,18.13,18.2,46400
USBpP,02-Sep-2026,20.75,20.865,20.52,20.52,36572
USBpQ,02-Sep-2026,14,14.0799,14,14.04,66901
USBpR,02-Sep-2026,14.97,15.03,14.9053,15.02,72719
USBpS,02-Sep-2026,16.75,16.87,16.55,16.6,88221
USFD,02-Sep-2026,107.18,107.67,104.2,104.79,2022200
USNA,02-Sep-2026,14.17,14.75,14.095,14.56,289800
USPH,02-Sep-2026,78.05,79.045,77.62,78.24,100000
UTF,02-Sep-2026,26.95,27.01,26.81,26.9,252900
UTI,02-Sep-2026,20.91,22.6605,20.495,20.92,1304300
UTL,02-Sep-2026,53.76,53.91,53.02,53.53,163500
UTZ,02-Sep-2026,14.21,14.21,14.19,14.2,2290500
UVE,02-Sep-2026,44.21,44.57,43.72,43.92,108600
UVV,02-Sep-2026,46.31,46.76,45.905,46.3,444000
UWMC,02-Sep-2026,1.37,1.48,1.36,1.45,11500000
UZD,02-Sep-2026,18.99,19.1,18.95,18.9501,7700
UZE,02-Sep-2026,16.61,16.79,16.61,16.78,3700
UZF,02-Sep-2026,16.83,16.83,16.7501,16.77,12900
V,02-Sep-2026,374.01,380.17,374.01,378.4,5600300
VAC,02-Sep-2026,100.5,102,99.82,100.02,893500
VAC.U,02-Sep-2026,12,12.14,11.36,12.14,1500
VAC.W,02-Sep-2026,0.5001,0.551,0.5001,0.551,18500
VACI,02-Sep-2026,10.56,10.65,9.76,9.84,17200
VAL,02-Sep-2026,87.1,93.16,86.03,92.52,1493000
VAL.W,02-Sep-2026,12.08,13.99,12.08,13.73,7200
VAL.WS,02-Sep-2026,12.08,13.99,12.08,13.73,5930
VALE,02-Sep-2026,15.43,15.93,15.375,15.73,28029900
VATE,02-Sep-2026,7.12,7.44,7.0001,7.38,43900
VBF,02-Sep-2026,14.65,14.6515,14.58,14.6,48000
VCV,02-Sep-2026,10.32,10.32,10.25,10.29,105900
VCX,02-Sep-2026,33.82,36.2984,33.5,35.37,456100
VEEV,02-Sep-2026,278.28,282.43,276.05,280.72,1491100
VEL,02-Sep-2026,18.07,18.26,17.935,18.13,84800
VET,02-Sep-2026,13.01,13.34,12.985,13.17,1007300
VFC,02-Sep-2026,13.21,13.445,13.15,13.22,5214800
VG,02-Sep-2026,14.75,14.97,14.27,14.73,13988200
VGI,02-Sep-2026,7.34,7.36,7.3,7.34,48500
VGM,02-Sep-2026,10.18,10.18,10.07,10.08,143200
VGNT,02-Sep-2026,46.48,47.845,46.42,46.81,509300
VHI,02-Sep-2026,18.02,18.6199,17.9493,18.13,24800
VIA,02-Sep-2026,27.4,27.69,26.88,27.47,572300
VICI,02-Sep-2026,25.54,25.84,25.36,25.61,7997700
VII,02-Sep-2026,9.84,9.84,9.84,9.84,1100
VII.U,02-Sep-2026,9.97,9.97,9.97,9.97,1500
VII.W,02-Sep-2026,0.37,0.37,0.37,0.37,7500
VIK,02-Sep-2026,86.12,87,84.445,85.76,3160200
VIPS,02-Sep-2026,13.1,13.355,13.005,13.02,3343900
VIRT,02-Sep-2026,65.64,66.08,62.06,62.69,1155200
VIST,02-Sep-2026,73.44,77.82,73.29,77.03,1503200
VIV,02-Sep-2026,11.77,11.919,11.715,11.82,996300
VKQ,02-Sep-2026,9.63,9.64,9.56,9.56,153100
VLN,02-Sep-2026,1.74,1.75,1.691,1.73,454400
VLO,02-Sep-2026,359.92,370.11,359.52,366.09,2851400
VLRS,02-Sep-2026,6.49,6.74,6.47,6.6,479800
VLT,02-Sep-2026,9.9,9.9,9.85,9.855,13300
VLTO,02-Sep-2026,97.03,98.55,96.905,97.21,1762800
VMC,02-Sep-2026,260.27,266.83,259.5,263.93,1254600
VMI,02-Sep-2026,469.52,470.08,462.345,463.92,292600
VMO,02-Sep-2026,9.54,9.5481,9.45,9.47,257100
VMRK,02-Sep-2026,65.58,65.62,64.25,64.91,4378700
VNO,02-Sep-2026,36.85,37.21,36.34,36.57,1214500
VNO-L,02-Sep-2026,17.37,17.42,17.3,17.34,8700
VNO-M,02-Sep-2026,17.5,17.5,17.365,17.4,15900
VNO-N,02-Sep-2026,17.1,17.21,17.1,17.21,3100
VNO-O,02-Sep-2026,14.3,14.3657,14.3,14.35,22400
VNOpL,02-Sep-2026,17.37,17.42,17.3,17.34,5392
VNOpM,02-Sep-2026,17.5,17.5,17.365,17.4,12736
VNOpN,02-Sep-2026,17.1,17.21,17.1,17.21,2302
VNOpO,02-Sep-2026,14.3,14.3657,14.3,14.35,20233
VNT,02-Sep-2026,31.97,32.92,31.72,32.48,1199400
VOC,02-Sep-2026,3.38,3.4271,3.38,3.39,60500
VOY-B,02-Sep-2026,23.44,23.9465,23.31,23.39,10000
VOYA,02-Sep-2026,101.55,103.72,101.4,102.39,685900
VOYApB,02-Sep-2026,23.44,23.9465,23.31,23.39,6532
VOYG,02-Sep-2026,33.11,34.06,32.5701,33.27,823600
VPG,02-Sep-2026,60.35,61.76,59.0001,61.35,274600
VPV,02-Sep-2026,11.16,11.22,11.1,11.13,34200
VRT,02-Sep-2026,254.97,260.05,251.5,256.7,3014400
VRTS,02-Sep-2026,160.91,162.99,156.77,156.77,95300
VSH,02-Sep-2026,29.94,31.08,29.655,30.61,3182600
VST,02-Sep-2026,137.82,144.1456,136.95,143.46,4766100
VSTS,02-Sep-2026,12.2,12.46,12.11,12.17,1209300
VSXY,02-Sep-2026,84.01,86.02,82.14,84.81,2725500
VTEX,02-Sep-2026,3.56,3.68,3.55,3.6,694600
VTMX,02-Sep-2026,34.4,34.59,33.955,34.5,26000
VTN,02-Sep-2026,10.59,10.59,10.53,10.54,16800
VTOL,02-Sep-2026,44.62,45.95,44.62,45.19,308100
VTR,02-Sep-2026,91.97,92.76,90.915,92.06,2792000
VTS,02-Sep-2026,17.52,17.72,17.52,17.62,642400
VVR,02-Sep-2026,2.92,2.93,2.91,2.91,877200
VVV,02-Sep-2026,32.04,32.21,31.74,31.83,1351500
VVX,02-Sep-2026,77.22,77.36,74.53,74.99,526400
VYX,02-Sep-2026,8.73,9.275,8.62,8.98,3192600
VZ,02-Sep-2026,50.495,50.84,50.145,50.22,18677200
W,02-Sep-2026,95.35,95.49,93.34,94.54,1836800
WAB,02-Sep-2026,280.82,282.66,278.54,279.81,886500
WAL,02-Sep-2026,77.86,80.55,77.82,79.12,1245200
WAL-A,02-Sep-2026,24.83,24.98,24.795,24.84,21200
WALpA,02-Sep-2026,24.83,24.98,24.795,24.88,16249
WAT,02-Sep-2026,404.56,416.58,404.51,412.2,621400
WBI,02-Sep-2026,32.17,32.56,31.68,32.26,365400
WBIY,02-Sep-2026,38.74,39.04,38.74,38.809,1300
WBX,02-Sep-2026,2.95,2.96,2.91,2.93,7500
WCC,02-Sep-2026,328.98,338.48,327.84,332.86,521300
WCN,02-Sep-2026,163.61,165.55,162.3704,164.09,1120500
WD,02-Sep-2026,40.35,40.92,39.97,40.07,460700
WDH,02-Sep-2026,0.9744,0.9853,0.9731,0.9734,172700
WDI,02-Sep-2026,12.75,12.7797,12.71,12.77,278100
WDS,02-Sep-2026,23.61,23.91,23.54,23.83,791900
WEA,02-Sep-2026,10.41,10.44,10.37,10.41,23200
WEAV,02-Sep-2026,7.3,7.32,7.3,7.31,5181100
WEC,02-Sep-2026,105.98,106.54,104.86,105.73,1777900
WELL,02-Sep-2026,240.7,240.98,236.65,238.59,2516700
WENC,02-Sep-2026,10.01,10.01,9.995,9.995,8400
WES,02-Sep-2026,48.64,49.1,48.12,48.96,1198900
WEX,02-Sep-2026,188.04,193.47,186.4826,192.84,433700
WF,02-Sep-2026,75.06,76.68,75.06,75.72,62000
WFC,02-Sep-2026,87.75,90.09,87.58,89.27,20604000
WFC-A,02-Sep-2026,17.4,17.45,17.29,17.45,431300
WFC-C,02-Sep-2026,16.14,16.299,16.12,16.28,339700
WFC-D,02-Sep-2026,15.82,16.67,15.76,16.67,237400
WFC-L,02-Sep-2026,1142,1145,1135.01,1139,8700
WFC-Y,02-Sep-2026,21.95,22.05,21.75,21.82,91800
WFC-Z,02-Sep-2026,17.62,17.87,17.57,17.78,315900
WFCpA,02-Sep-2026,17.4,17.45,17.29,17.45,242171
WFCpC,02-Sep-2026,16.14,16.299,16.12,16.26,149658
WFCpD,02-Sep-2026,15.9268,16.1,15.76,16.1,205535
WFCpL,02-Sep-2026,1142,1145,1135.01,1136.0001,6644
WFCpY,02-Sep-2026,21.95,22.05,21.75,21.8,70578
WFCpZ,02-Sep-2026,17.62,17.81,17.57,17.81,199184
WFG,02-Sep-2026,66.42,68.56,66.38,66.9,231200
WGO,02-Sep-2026,29.57,30.505,29.55,30.33,371800
WH,02-Sep-2026,71.44,72.63,71.03,71.28,989900
WHD,02-Sep-2026,69.63,72.65,68.64,72.14,713400
WHG,02-Sep-2026,19.17,19.4,19,19.01,46900
WHK,02-Sep-2026,27.5,28.19,27.46,27.83,145800
WHR,02-Sep-2026,38.29,39.52,38.26,38.92,2681500
WHR-A,02-Sep-2026,33.87,33.93,33.18,33.47,60200
WIA,02-Sep-2026,7.9,7.915,7.89,7.899,20200
WINN,02-Sep-2026,33.18,33.38,33.1538,33.27,78800
WIT,02-Sep-2026,1.83,1.84,1.795,1.8,7375300
WIW,02-Sep-2026,8.32,8.32,8.26,8.28,217300
WK,02-Sep-2026,76.52,77.77,75.71,75.75,727900
WKC,02-Sep-2026,35.08,35.84,35,35.13,725200
WLK,02-Sep-2026,73.6,76.82,73.6,76.27,737200
WLKP,02-Sep-2026,21.74,22.3,21.74,22.11,26200
WLTG,02-Sep-2026,38.6,38.6,38.51,38.5197,8200
WLY,02-Sep-2026,53.07,54.81,50.89,51.05,1229400
WM,02-Sep-2026,219.07,220.54,216.27,219.04,2354400
WMB,02-Sep-2026,75.12,75.3,73.63,75.16,8805300
WMK,02-Sep-2026,70.38,71.21,69.92,70.39,186700
WMS,02-Sep-2026,130.74,134.605,130.22,132.64,1168500
WNC,02-Sep-2026,12.85,14.26,12.744,14.22,1036700
WOLF,02-Sep-2026,25.99,27.25,25.56,26.65,2215100
WOR,02-Sep-2026,57.17,60.39,56.77,59.54,471800
WPAC,02-Sep-2026,10.05,10.05,10.05,10.05,5000
WPC,02-Sep-2026,70.42,70.72,69.52,70.58,1341700
WPM,02-Sep-2026,148.89,152.18,148.32,150.91,1594500
WPP,02-Sep-2026,24.19,25.43,23.97,24.07,446700
WRB,02-Sep-2026,68.16,68.4849,67.63,68.12,1788000
WRB-E,02-Sep-2026,20.56,20.67,20.47,20.55,13200
WRB-F,02-Sep-2026,17.95,18.03,17.88,17.9148,35500
WRB-G,02-Sep-2026,15.47,15.7,15.47,15.679,12200
WRB-H,02-Sep-2026,15.05,15.2399,15.05,15.11,36700
WRBpE,02-Sep-2026,20.56,20.67,20.47,20.55,10593
WRBpF,02-Sep-2026,17.95,18.03,17.88,17.9148,29858
WRBpG,02-Sep-2026,15.47,15.7,15.47,15.679,10812
WRBpH,02-Sep-2026,15.05,15.2399,15.05,15.11,25531
WRBY,02-Sep-2026,24.1,24.58,23.91,23.91,1975400
WS,02-Sep-2026,34.49,36.5569,34.49,36.02,514700
WSM,02-Sep-2026,221.42,224.66,220.71,221.72,1366600
WSO,02-Sep-2026,313.63,316.925,305.915,308.92,550100
WST,02-Sep-2026,338.85,346,338.85,342.63,323700
WT,02-Sep-2026,24.7,25.05,23.64,23.74,2559800
WTI,02-Sep-2026,3.8,3.92,3.74,3.84,2535300
WTM,02-Sep-2026,2099.03,2129.1,2088.33,2104.75,20000
WTRG,02-Sep-2026,40.93,41.74,40.76,41.55,2737400
WTS,02-Sep-2026,355.56,356.49,350.63,351.84,247000
WTTR,02-Sep-2026,19.76,20.05,19.47,19.77,1472500
WU,02-Sep-2026,7.08,7.36,7.06,7.3,7942300
WWW,02-Sep-2026,19.56,19.84,19.27,19.28,744100
WY,02-Sep-2026,23.4,23.46,23.17,23.19,5023000
XFLH,02-Sep-2026,10.07,10.07,10.04,10.0478,19900
XFLT,02-Sep-2026,18.9,19.02,18.78,18.93,34400
XHR,02-Sep-2026,18.11,18.59,18.1,18.44,733200
XIFR,02-Sep-2026,11.72,11.96,11.62,11.9,561600
XOM,02-Sep-2026,163.93,165.02,162.76,164.15,11289200
XPER,02-Sep-2026,5.79,5.9,5.79,5.84,294300
XPEV,02-Sep-2026,11.12,11.13,10.96,11.08,5461600
XPO,02-Sep-2026,185.2,188.2952,181.965,185.98,936200
XPOF,02-Sep-2026,5.03,5.19,5.02,5.07,365400
XPRO,02-Sep-2026,17.38,18.62,16.94,18.45,1322100
XRN,02-Sep-2026,37.18,37.36,36.805,36.9,85600
XRN-A,02-Sep-2026,24.76,24.7601,24.59,24.62,1700
XRN-B,02-Sep-2026,25.52,25.62,25.5,25.53,4700
XXI,02-Sep-2026,5.76,5.92,5.575,5.74,1220000
XYF,02-Sep-2026,5.49,5.6,5.44,5.53,31000
XYL,02-Sep-2026,107.265,107.61,105.72,106.74,1983100
XYZ,02-Sep-2026,76.96,83.08,76.96,82.46,5978800
XZO,02-Sep-2026,16.67,16.93,16.42,16.48,179300
YALA,02-Sep-2026,5.41,5.525,5.41,5.5,416400
YCY,02-Sep-2026,10.26,10.27,10.26,10.27,2400
YELP,02-Sep-2026,22.15,22.9,22.06,22.42,1239600
YETI,02-Sep-2026,40.25,41.64,40.25,41.45,1689700
YEXT,02-Sep-2026,6.65,7.36,6.535,6.55,2239900
YMM,02-Sep-2026,8.49,8.85,8.49,8.63,6028100
YOU,02-Sep-2026,42.98,44.91,42.75,44.03,2017500
YPF,02-Sep-2026,52.04,54.14,52.03,53.91,978500
YRD,02-Sep-2026,0.99,1.0277,0.984,1.01,50300
YSG,02-Sep-2026,2.44,2.69,2.37,2.53,103500
YSS,02-Sep-2026,8.78,8.805,8.38,8.67,2997700
YUM,02-Sep-2026,151.98,152.9999,150.895,151.27,1461400
YUMC,02-Sep-2026,44.89,45.76,44.73,44.75,1202200
ZBH,02-Sep-2026,99.32,101.71,99.0079,99.5,1392100
ZEPP,02-Sep-2026,4.17,4.97,4.17,4.86,74400
ZETA,02-Sep-2026,30.94,31.75,30.3367,30.44,8668200
ZGN,02-Sep-2026,13.21,13.27,12.54,12.56,1496200
ZH,02-Sep-2026,2.65,2.65,2.57,2.58,357500
ZIM,02-Sep-2026,27.13,28.11,27.02,28.02,1332000
ZIP,02-Sep-2026,4.14,4.41,4.14,4.27,941000
ZKH,02-Sep-2026,2.94,2.94,2.9003,2.92,34800
ZTO,02-Sep-2026,20.98,21.08,20.95,20.96,1733200
ZTR,02-Sep-2026,6.78,6.7986,6.74,6.75,89200
ZTS,02-Sep-2026,77.46,77.8479,75.88,76.17,4475200
ZVIA,02-Sep-2026,1.37,1.4,1.37,1.37,169000
ZWS,02-Sep-2026,46.79,47.3035,46.39,46.9,823200
