Symbol,Date,Open,High,Low,Close,Volume
A,26-Aug-2026,152.45,155.42,152.44,155.08,3205200
AA,26-Aug-2026,50.6,51.02,49.35,49.72,3119600
AAC.U,26-Aug-2026,10.19,10.19,10.19,10.19,100
AADX,26-Aug-2026,14.38,14.7392,14.1,14.3,928000
AAMI,26-Aug-2026,93.88,96,93.42,95.65,342300
AAP,26-Aug-2026,43.87,44.23,42.78,44.05,1316700
AAT,26-Aug-2026,23.09,23.15,22.74,22.74,479900
AAUC,26-Aug-2026,23.29,23.73,23.14,23.55,381100
AB,26-Aug-2026,36.65,36.98,36.65,36.85,342400
ABBV,26-Aug-2026,264.6,265,260.31,262.9,3308800
ABCB,26-Aug-2026,85.81,86.355,85.04,85.85,363900
ABEV,26-Aug-2026,2.95,2.95,2.89,2.9,21158500
ABG,26-Aug-2026,215.64,218.165,209.64,209.89,160000
ABM,26-Aug-2026,46.81,48.0611,46.765,47.77,451000
ABR,26-Aug-2026,5.14,5.15,5.03,5.06,2048000
ABR-D,26-Aug-2026,15.62,15.65,15.55,15.62,31600
ABR-E,26-Aug-2026,15.45,15.46,15.37,15.37,6100
ABR-F,26-Aug-2026,22.35,22.4,22.3104,22.38,11100
ABRpD,26-Aug-2026,15.62,15.65,15.55,15.62,26968
ABRpE,26-Aug-2026,15.45,15.46,15.37,15.37,4749
ABRpF,26-Aug-2026,22.35,22.4,22.3104,22.38,7655
ABT,26-Aug-2026,115.4,116.715,114.005,114.1,6959200
ABX,26-Aug-2026,9.83,9.96,9.645,9.78,408500
ABXL,26-Aug-2026,25.5,25.75,25.32,25.375,18300
ACA,26-Aug-2026,145.35,145.56,145.26,145.26,413700
ACCO,26-Aug-2026,4.21,4.21,4.14,4.19,480500
ACEL,26-Aug-2026,11.86,11.985,11.8,11.81,255200
ACH,26-Aug-2026,1.18,1.23,1.135,1.22,776200
ACH.W,26-Aug-2026,0.02,0.02,0.0125,0.0127,529500
ACHR,26-Aug-2026,5.91,6.14,5.86,5.9,20797300
ACHR.WS,26-Aug-2026,0.02,0.02,0.0125,0.0127,529131
ACI,26-Aug-2026,12.4,12.5199,12.35,12.4,5032200
ACLO,26-Aug-2026,50.49,50.49,50.49,50.49,3500
ACM,26-Aug-2026,62.89,65.56,62.89,65.11,2086500
ACN,26-Aug-2026,182.35,185.8442,180.79,181.38,4378100
ACP,26-Aug-2026,5.05,5.06,5.02,5.02,323600
ACP-A,26-Aug-2026,19.1,19.24,19.1,19.24,700
ACPpA,26-Aug-2026,19.1,19.24,19.1,19.24,320
ACR,26-Aug-2026,14.76,14.77,14.26,14.28,32000
ACR-C,26-Aug-2026,24,24.17,23.9,24.14,50100
ACR-D,26-Aug-2026,20.9,20.91,20.75,20.75,3000
ACRE,26-Aug-2026,4.73,4.73,4.625,4.63,194000
ACRpC,26-Aug-2026,24,24.17,23.9,24.14,28402
ACRpD,26-Aug-2026,20.9,20.91,20.75,20.75,2420
ACV,26-Aug-2026,26.43,26.69,26.205,26.43,48800
ACVA,26-Aug-2026,7.22,7.48,7.215,7.32,1593100
AD,26-Aug-2026,35.7,36,35.31,35.66,229500
ADC,26-Aug-2026,74.32,74.645,73.65,73.67,1223600
ADC-A,26-Aug-2026,16.81,16.8816,16.73,16.75,47700
ADCpA,26-Aug-2026,16.81,16.8816,16.73,16.75,43350
ADCT,26-Aug-2026,1.04,1.075,1.01,1.05,1947200
ADIG,26-Aug-2026,21.78,22.306,20.8,21.59,994700
ADM,26-Aug-2026,78.92,80.515,78.22,80.09,2551900
ADNT,26-Aug-2026,18.63,18.98,18.2325,18.96,1153100
ADT,26-Aug-2026,7.4,7.46,7.37,7.44,5967300
ADX,26-Aug-2026,25.88,25.9,25.73,25.77,271000
AEE,26-Aug-2026,107.28,108.1243,107.08,107.75,956900
AEFC,26-Aug-2026,18.1,18.16,18.071,18.14,56900
AEG,26-Aug-2026,9.24,9.285,9.205,9.21,3332700
AEM,26-Aug-2026,219.5,222.18,213.6,214.04,3607000
AEO,26-Aug-2026,17.23,17.795,17.14,17.59,7608500
AER,26-Aug-2026,147.7,149.85,147.47,149.83,956400
AERO,26-Aug-2026,15.13,15.35,14.81,14.82,298000
AES,26-Aug-2026,14.73,14.74,14.72,14.73,10823500
AESI,26-Aug-2026,11.91,12.295,11.77,12.07,2414800
AEXA,26-Aug-2026,11.5,11.5,11.45,11.46,14200
AFB,26-Aug-2026,10.94,10.94,10.91,10.915,42700
AFG,26-Aug-2026,144,145.1,143.52,144.97,348800
AFGB,26-Aug-2026,20.51,20.57,20.2301,20.46,13000
AFGC,26-Aug-2026,17.86,17.95,17.8439,17.92,6700
AFGD,26-Aug-2026,19.91,21.23,19.91,20.52,10600
AFGE,26-Aug-2026,16.22,16.27,16.19,16.2239,10900
AFL,26-Aug-2026,116.45,117.675,116.45,117.45,1684300
AG,26-Aug-2026,20.63,21.3077,20.63,20.99,6854600
AGBK,26-Aug-2026,6.24,6.24,6.08,6.18,184100
AGCO,26-Aug-2026,110.91,112.47,109.545,111.56,880100
AGD,26-Aug-2026,12.33,12.3737,12.285,12.36,41600
AGI,26-Aug-2026,38.08,38.57,37.52,37.55,2814500
AGL,26-Aug-2026,94.67,99.195,94.67,95.74,155700
AGM,26-Aug-2026,220.48,220.48,217.86,218.14,104300
AGM-D,26-Aug-2026,20.97,21.42,20.97,21.205,8600
AGM-E,26-Aug-2026,20.69,20.795,20.41,20.4101,2700
AGM-F,26-Aug-2026,18.69,18.75,18.69,18.69,2800
AGM-G,26-Aug-2026,17.33,17.41,17.33,17.3999,4400
AGM-H,26-Aug-2026,23.3,23.3,23.27,23.27,800
AGM-I,26-Aug-2026,24.23,24.45,24.23,24.39,10700
AGMpD,26-Aug-2026,20.97,21.42,20.97,21.205,6628
AGMpE,26-Aug-2026,20.69,20.795,20.41,20.4101,2199
AGMpF,26-Aug-2026,18.69,18.75,18.69,18.69,1900
AGMpG,26-Aug-2026,17.33,17.41,17.33,17.3999,3840
AGMpH,26-Aug-2026,23.3,23.3,23.27,23.27,688
AGO,26-Aug-2026,75.14,76.67,75.14,75.91,526000
AGRO,26-Aug-2026,10.93,11.28,10.73,11.08,833800
AGX,26-Aug-2026,449.43,461,442.37,455.15,291300
AHL-D,26-Aug-2026,19.02,19.02,18.75,18.92,12600
AHL-E,26-Aug-2026,18.81,18.95,18.66,18.81,16000
AHL-F,26-Aug-2026,23.74,23.9599,23.57,23.6486,7000
AHLpD,26-Aug-2026,19.02,19.02,18.75,18.95,8871
AHLpE,26-Aug-2026,18.81,18.95,18.66,18.81,11664
AHLpF,26-Aug-2026,23.74,23.9599,23.57,23.6486,5712
AHR,26-Aug-2026,57.13,57.46,56.8,57.16,2597300
AHR-A,26-Aug-2026,21.5,21.85,21.5,21.785,2700
AHRT,26-Aug-2026,6.77,6.79,6.7,6.71,393600
AHT,26-Aug-2026,3.33,3.35,3.33,3.34,24300
AHT-D,26-Aug-2026,7.15,7.25,6.88,6.99,800
AHT-F,26-Aug-2026,6.25,6.38,6.22,6.38,900
AHT-G,26-Aug-2026,6.38,6.4165,5.9766,6.39,3400
AHTpD,26-Aug-2026,7.15,7.25,6.88,6.99,600
AHTpF,26-Aug-2026,6.25,6.38,6.22,6.38,900
AHTpG,26-Aug-2026,6.38,6.4165,5.9766,6.39,3264
AI,26-Aug-2026,9.6,9.82,9.48,9.7,3821700
AIG,26-Aug-2026,76.55,77.385,76.4,76.97,2922000
AII,26-Aug-2026,26.51,27,25.99,26.63,275400
AIN,26-Aug-2026,58.7,58.96,57.63,58.96,169900
AIO,26-Aug-2026,25.89,26.15,25.735,26,36500
AIR,26-Aug-2026,137.66,138.985,134.54,138.58,200600
AIT,26-Aug-2026,337.96,343.705,336.7,342.44,204500
AIV,26-Aug-2026,2.57,2.58,2.52,2.53,2230000
AIZ,26-Aug-2026,285.15,289.25,285.15,288.51,284100
AIZN,26-Aug-2026,18.6,18.83,18.6,18.64,10800
AJG,26-Aug-2026,267.64,272.78,263.5803,265.03,1426500
AKA,26-Aug-2026,10.41,10.9599,10.41,10.6622,7500
AKAF,26-Aug-2026,33.6087,33.6087,33.6087,33.6087,100
AKO.A,26-Aug-2026,24.21,24.96,23.9965,24.55,2800
AKO.B,26-Aug-2026,30.68,30.68,29.395,30,10500
AKR,26-Aug-2026,21.28,21.28,20.985,21.08,1000000
ALB,26-Aug-2026,132.57,135.49,131,134.51,1541100
ALB-A,26-Aug-2026,54.85,55.25,54.41,55,414400
ALBpA,26-Aug-2026,54.85,55.25,54.41,54.99,8233
ALC,26-Aug-2026,72.85,73.11,72.585,72.67,772100
ALG,26-Aug-2026,162.76,165.7904,160.715,164.79,187600
ALH,26-Aug-2026,24,24.1545,23.6,23.96,2327700
ALIT,26-Aug-2026,14.85,15.005,14.29,14.33,314200
ALK,26-Aug-2026,43.98,44.38,42.92,43,1998800
ALL,26-Aug-2026,258.28,262.19,258.195,261.81,1102200
ALL-B,26-Aug-2026,25.62,25.67,25.55,25.555,13600
ALL-H,26-Aug-2026,18.81,18.998,18.725,18.77,97500
ALL-I,26-Aug-2026,17.62,17.74,17.52,17.56,48500
ALL-J,26-Aug-2026,26.12,26.1816,25.95,25.98,15900
ALLE,26-Aug-2026,160.05,161.92,159.37,160.28,993500
ALLpB,26-Aug-2026,25.63,25.67,25.55,25.555,9375
ALLpH,26-Aug-2026,18.81,18.998,18.725,18.79,80995
ALLpI,26-Aug-2026,17.62,17.74,17.52,17.56,41735
ALLpJ,26-Aug-2026,26.12,26.1816,25.95,25.98,13123
ALLY,26-Aug-2026,42.81,42.905,42.465,42.54,2333300
ALSN,26-Aug-2026,132.11,134.66,128.59,128.78,861500
ALT-A,26-Aug-2026,26.14,26.14,25.81,26.139,900
ALTG,26-Aug-2026,6.16,6.24,6.09,6.2,100300
ALTGpA,26-Aug-2026,26.14,26.14,25.81,26.139,460
ALUB,26-Aug-2026,10.11,10.11,10.11,10.11,1000
ALV,26-Aug-2026,124.04,124.06,122.46,123.53,541700
ALX,26-Aug-2026,271.43,272.9,268.66,271.84,40400
AM,26-Aug-2026,21.69,22.795,21.69,22.59,1872700
AMBP,26-Aug-2026,5.33,5.33,5.215,5.23,1429900
AMBQ,26-Aug-2026,61,61.44,58.96,58.98,359600
AMC,26-Aug-2026,2.66,2.76,2.61,2.61,18052900
AMCR,26-Aug-2026,47.23,47.76,47.12,47.15,2929600
AME,26-Aug-2026,243.01,246.35,243.01,245.2,803600
AMG,26-Aug-2026,366.13,373.73,363.33,370.59,195600
AMH,26-Aug-2026,34.69,34.7,34.16,34.16,1711500
AMH-G,26-Aug-2026,22.54,22.6299,22.01,22.14,81100
AMH-H,26-Aug-2026,23.9,23.9,23.3,23.4,11400
AMHpG,26-Aug-2026,22.54,22.6299,22.01,22.13,73302
AMHpH,26-Aug-2026,23.9,23.9,23.3,23.4,6549
AMN,26-Aug-2026,33.69,34.8,33,34.24,886000
AMP,26-Aug-2026,559.32,563.51,550,560.28,306600
AMP.V,26-Aug-2026,3.36,3.59,3.28,3.58,42900
AMPX,26-Aug-2026,10.14,10.439,9.9513,10.2,4522400
AMPX.WS,26-Aug-2026,3.52,3.59,3.28,3.58,39242
AMPY,26-Aug-2026,4.6,4.66,4.56,4.58,439200
AMR,26-Aug-2026,217.17,224,210.62,217.92,349700
AMRC,26-Aug-2026,22.85,23,21.6,22.16,642400
AMRZ,26-Aug-2026,45.105,45.405,44.615,44.74,3221700
AMT,26-Aug-2026,180,180.98,175.35,175.73,2002300
AMTB,26-Aug-2026,28.8,28.8,28.48,28.64,196200
AMTD,26-Aug-2026,0.78,0.78,0.7721,0.7721,600
AMTM,26-Aug-2026,20.14,20.85,20.14,20.61,1779400
AMWL,26-Aug-2026,11.61,12,11.49,11.92,53000
AMX,26-Aug-2026,23.75,23.92,23.62,23.62,3301500
AN,26-Aug-2026,196.54,199.92,195.97,196.57,326500
ANDG,26-Aug-2026,52.52,53.37,51.68,53.13,400800
ANET,26-Aug-2026,190.905,203.36,190.905,202.25,7664500
ANF,26-Aug-2026,131.37,154.58,130.235,147.75,17242300
ANG-D,26-Aug-2026,23.13,23.3196,23.13,23.235,26500
ANGpD,26-Aug-2026,23.13,23.3196,23.13,23.235,21988
ANGX,26-Aug-2026,4.54,4.615,4.45,4.47,867600
ANRO,26-Aug-2026,35.8,36.86,34.87,36.53,282800
ANVS,26-Aug-2026,1.84,1.8557,1.76,1.78,235700
AOD,26-Aug-2026,10.65,10.66,10.61,10.62,279800
AOMD,26-Aug-2026,25.13,25.1452,25.1,25.1452,6500
AOMN,26-Aug-2026,25.17,25.5999,25.17,25.445,5300
AOMR,26-Aug-2026,8.46,8.46,8.34,8.36,105500
AON,26-Aug-2026,354.63,356.455,353.19,353.98,594100
AORT,26-Aug-2026,26.18,27.42,26.02,27.2,609000
AOS,26-Aug-2026,62.46,63.28,62.185,62.48,1013300
AP,26-Aug-2026,8.83,9.17,8.735,8.93,74800
APAM,26-Aug-2026,43.64,43.7,43.11,43.53,515500
APD,26-Aug-2026,303.52,308.83,302.74,306.66,749700
APG,26-Aug-2026,40.31,41.31,40.254,41.22,1758900
APH,26-Aug-2026,159.07,162.62,158.96,161.34,5931100
APLE,26-Aug-2026,16.7,16.7497,16.52,16.55,1877600
APO,26-Aug-2026,133.38,134.99,131.99,133.67,1461500
APOS,26-Aug-2026,25.73,25.73,25.52,25.59,32200
APTV,26-Aug-2026,46.44,46.72,46.07,46.27,5103000
AQN,26-Aug-2026,5.71,5.755,5.69,5.71,2377500
AQNB,26-Aug-2026,26.3,26.3,26.11,26.21,34500
AR,26-Aug-2026,37.56,39.08,37.56,38.53,3446700
ARCO,26-Aug-2026,8.12,8.19,7.985,8.01,629400
ARDC,26-Aug-2026,12.31,12.345,12.26,12.3,59800
ARDT,26-Aug-2026,11.26,11.55,11.205,11.23,385100
ARE,26-Aug-2026,52.77,53.24,51.98,52.97,2164000
ARE-B,26-Aug-2026,44.86,45.84,44.86,45.23,17800
ARES,26-Aug-2026,141.95,144.36,141.6,141.98,1686400
ARESpB,26-Aug-2026,44.86,45.84,44.86,45.19,5522
ARI,26-Aug-2026,6.86,6.88,6.8,6.81,1974400
ARIS,26-Aug-2026,20.5,20.95,20.475,20.64,817900
ARL,26-Aug-2026,14.97,14.97,14.97,14.97,700
ARLO,26-Aug-2026,13.3,13.445,12.915,13.06,771000
ARMK,26-Aug-2026,59.25,59.67,59.1,59.52,1633600
AROC,26-Aug-2026,30.66,32.12,30.31,31.67,1762200
ARR,26-Aug-2026,16.43,16.43,16.2,16.22,2347600
ARR-C,26-Aug-2026,20.8,20.8077,20.7,20.71,28600
ARRpC,26-Aug-2026,20.8,20.8077,20.7,20.71,25377
ARW,26-Aug-2026,203.42,208.25,201.7825,207.1,575300
ARX,26-Aug-2026,19.66,19.71,19.65,19.67,1833400
AS,26-Aug-2026,31.71,31.79,30.725,31.08,6933500
ASA,26-Aug-2026,63.6,64.9,63.6,64.34,50400
ASAN,26-Aug-2026,9.1,9.505,9.01,9.44,3094700
ASB,26-Aug-2026,30.92,31.05,30.74,30.85,1395700
ASB-E,26-Aug-2026,20,20.19,20,20.18,4600
ASB-F,26-Aug-2026,19.43,19.6568,19.43,19.61,5500
ASBA,26-Aug-2026,24.7,24.74,24.511,24.63,14900
ASBpE,26-Aug-2026,20,20.19,20,20.18,3814
ASBpF,26-Aug-2026,19.43,19.6568,19.43,19.61,4512
ASC,26-Aug-2026,17.85,17.85,16.88,16.98,876800
ASG,26-Aug-2026,5.22,5.27,5.205,5.25,282000
ASGI,26-Aug-2026,24.5,24.62,24.24,24.58,154700
ASH,26-Aug-2026,74.11,75.07,73.605,74.32,556500
ASIC,26-Aug-2026,26.68,27.22,26.33,26.72,75500
ASIX,26-Aug-2026,16.34,16.59,16.23,16.53,220300
ASPN,26-Aug-2026,5.2,5.32,5.175,5.19,535000
ASR,26-Aug-2026,264.39,266.34,262.52,262.52,56300
ASX,26-Aug-2026,36.92,37.3,36.71,37.26,2505600
ATEN,26-Aug-2026,24.92,26.2,24.65,25.89,1218900
ATH-A,26-Aug-2026,23.84,23.9,23.8,23.85,35400
ATH-B,26-Aug-2026,18.5,18.7543,18.3568,18.39,18800
ATH-D,26-Aug-2026,15.77,15.88,15.6,15.72,90400
ATH-E,26-Aug-2026,25.25,25.34,25.25,25.271,16100
ATHM,26-Aug-2026,21.74,22.425,21.43,22.17,1186900
ATHpA,26-Aug-2026,23.84,23.9,23.8,23.85,24395
ATHpB,26-Aug-2026,18.5,18.7543,18.3568,18.39,14348
ATHpD,26-Aug-2026,15.77,15.88,15.6,15.72,83718
ATHpE,26-Aug-2026,25.25,25.34,25.25,25.271,12761
ATHS,26-Aug-2026,24.64,24.88,24.611,24.74,36800
ATI,26-Aug-2026,217,217.84,211.66,212.86,1278300
ATKR,26-Aug-2026,93.69,93.82,93.63,93.63,465200
ATMU,26-Aug-2026,50.04,50.51,48.73,49.48,550800
ATO,26-Aug-2026,167.74,169.63,166.5,169.46,739200
ATR,26-Aug-2026,135,136.64,134.435,135.24,281300
ATS,26-Aug-2026,19.49,20.11,19.49,19.85,277100
AU,26-Aug-2026,119.8,120.11,117.73,118.11,3837400
AUB,26-Aug-2026,40.6,40.91,40.39,40.7,595100
AUB-A,26-Aug-2026,24.4,24.6999,24.3,24.32,21400
AUBpA,26-Aug-2026,24.4,24.6999,24.3,24.35,19666
AUNA,26-Aug-2026,5.26,5.35,5.23,5.23,86000
AVA,26-Aug-2026,37.84,38.24,37.66,38.15,756600
AVAL,26-Aug-2026,5.51,5.61,5.39,5.45,101500
AVBC,26-Aug-2026,22.04,22.12,21.99,22.02,108700
AVD,26-Aug-2026,2.23,2.3001,2.2,2.21,131800
AVEX,26-Aug-2026,17.51,18.74,17.35,18.34,1439000
AVK,26-Aug-2026,12.55,12.63,12.5301,12.55,49900
AVNT,26-Aug-2026,44.65,45.57,44.145,44.78,665200
AVTR,26-Aug-2026,14.23,14.625,14.2,14.5,4772300
AVY,26-Aug-2026,181.42,183.08,179.315,182.33,787800
AWF,26-Aug-2026,10.17,10.175,10.14,10.15,140100
AWI,26-Aug-2026,180.59,181.93,177.78,177.78,332500
AWK,26-Aug-2026,137.48,138.62,137.23,137.49,1361800
AWP,26-Aug-2026,11.77,11.8528,11.77,11.79,69400
AWR,26-Aug-2026,90,90.602,89.3942,89.83,167400
AX,26-Aug-2026,99.1,99.28,97.78,98.08,260100
AXP,26-Aug-2026,336.26,337.5,334.2,336.15,1650300
AXR,26-Aug-2026,22.9,23.08,22.6403,23.05,2900
AXS,26-Aug-2026,99.41,101,99.01,100.01,556300
AXS-E,26-Aug-2026,18.58,18.7,18.47,18.53,54900
AXSpE,26-Aug-2026,18.58,18.7,18.47,18.53,46048
AXTA,26-Aug-2026,37.05,37.32,36.51,36.61,1587900
AYI,26-Aug-2026,340.11,345.05,337.31,341.35,209300
AZN,26-Aug-2026,167.46,167.89,165.17,166.27,2680800
AZO,26-Aug-2026,3013.53,3015.25,2975,2999,292800
AZUL,26-Aug-2026,7.74,7.74,7.48,7.49,34100
AZZ,26-Aug-2026,138.51,140.825,138.37,140.71,204900
B,26-Aug-2026,48.18,48.55,46.965,47,11614400
BA,26-Aug-2026,211.78,212.6,209.66,212.09,4365700
BA-A,26-Aug-2026,65.55,66.09,65.23,65.89,1188000
BABA,26-Aug-2026,119.34,121.4,119.34,119.83,12882000
BAC,26-Aug-2026,62.39,62.58,61.935,62.23,22537000
BAC-B,26-Aug-2026,24.42,24.54,24.42,24.4301,58800
BAC-E,26-Aug-2026,18.14,18.17,18,18,50500
BAC-K,26-Aug-2026,23.74,23.78,23.66,23.72,47800
BAC-L,26-Aug-2026,1287.3,1291.09,1285.5,1288.79,7500
BAC-M,26-Aug-2026,21.07,21.19,20.98,21.05,119500
BAC-N,26-Aug-2026,19.62,19.85,19.62,19.65,171800
BAC-O,26-Aug-2026,16.76,16.85,16.75,16.76,145000
BAC-P,26-Aug-2026,16.12,16.16,16.0823,16.15,35900
BAC-Q,26-Aug-2026,16.37,16.38,16.28,16.3,160300
BAC-S,26-Aug-2026,18.29,18.34,18.23,18.29,39400
BACpB,26-Aug-2026,24.42,24.54,24.42,24.4301,53008
BACpE,26-Aug-2026,18.14,18.17,18,18,43164
BACpK,26-Aug-2026,23.74,23.78,23.66,23.7613,32132
BACpL,26-Aug-2026,1287.3,1291.0896,1285.5,1288.79,5257
BACpM,26-Aug-2026,21.07,21.19,20.98,21.05,105932
BACpN,26-Aug-2026,19.62,19.85,19.62,19.7,154726
BACpO,26-Aug-2026,16.8,16.85,16.75,16.775,131788
BACpP,26-Aug-2026,16.12,16.16,16.0823,16.15,29709
BACpQ,26-Aug-2026,16.37,16.38,16.28,16.3,147461
BACpS,26-Aug-2026,18.29,18.34,18.23,18.3,28848
BAH,26-Aug-2026,73.83,75.41,73.83,74.24,887900
BAK,26-Aug-2026,1.55,1.55,1.4,1.48,11631800
BALL,26-Aug-2026,64.29,64.92,63.95,64.05,1050600
BALY,26-Aug-2026,9.4,9.45,8.8663,9.09,109600
BAM,26-Aug-2026,52.35,52.49,51.95,52.01,1114700
BAN-F,26-Aug-2026,25.22,25.3,25.125,25.19,14100
BANC,26-Aug-2026,18.66,19.005,18.59,18.82,1770800
BANCpF,26-Aug-2026,25.22,25.3,25.125,25.2,11921
BAP,26-Aug-2026,382.88,385.97,380.875,382.55,240500
BApA,26-Aug-2026,65.55,66.09,65.23,65.88,214354
BARK,26-Aug-2026,10.22,10.69,10.22,10.54,83600
BAX,26-Aug-2026,26.49,26.755,26.125,26.5,5186500
BB,26-Aug-2026,7.7,7.8499,7.66,7.79,6253500
BBA.W,26-Aug-2026,0.13,0.1344,0.1,0.1002,80100
BBAI,26-Aug-2026,3.06,3.15,3.03,3.05,12255500
BBAI.WS,26-Aug-2026,0.13,0.1344,0.1,0.1002,78618
BBAR,26-Aug-2026,14.8,15.15,14.66,14.92,539900
BBD,26-Aug-2026,3.27,3.33,3.25,3.26,33624300
BBDC,26-Aug-2026,9.45,9.45,9.29,9.35,667300
BBDO,26-Aug-2026,3.17,3.21,3.13,3.13,105400
BBN,26-Aug-2026,15.89,15.9,15.77,15.88,118600
BBT,26-Aug-2026,31.55,31.82,31.27,31.71,536800
BBUC,26-Aug-2026,28.36,28.51,28.0039,28.19,339400
BBVA,26-Aug-2026,29.2,29.2,28.99,29.03,1245800
BBW,26-Aug-2026,38.36,39.59,37.77,39.1,618500
BBWI,26-Aug-2026,18.26,19.14,17.41,18.9,16379200
BBY,26-Aug-2026,85.19,88.39,84.38,87.44,6809700
BC,26-Aug-2026,80.56,81.095,79.66,79.67,647200
BC-C,26-Aug-2026,24.11,24.2,24,24.04,21200
BCAT,26-Aug-2026,15.85,15.89,15.78,15.79,440700
BCC,26-Aug-2026,81.16,81.33,79.58,79.94,194200
BCE,26-Aug-2026,23.53,23.63,23.4,23.49,2109100
BCEM,26-Aug-2026,26.82,26.86,26.795,26.7984,6900
BCGD,26-Aug-2026,26.84,26.84,26.76,26.7652,1400
BCH,26-Aug-2026,42.79,42.84,41.34,41.63,282100
BCO,26-Aug-2026,111.45,112.32,110.74,111.52,266900
BCS,26-Aug-2026,27.3,27.3,27.05,27.13,2413200
BCS.W,26-Aug-2026,0.8,0.8,0.8,0.8,200
BCSF,26-Aug-2026,12.12,12.1919,11.86,11.9,449600
BCSM,26-Aug-2026,25.75,25.77,25.67,25.7282,1400
BCSS,26-Aug-2026,10.28,10.28,10.28,10.28,100
BCX,26-Aug-2026,13.19,13.26,13,13.13,168100
BDC,26-Aug-2026,117.53,120.58,117.22,118.09,292700
BDJ,26-Aug-2026,9.8,9.845,9.78,9.81,301000
BDN,26-Aug-2026,3.29,3.305,3.21,3.22,1760600
BDX,26-Aug-2026,188.49,191.52,188.02,190.21,1403100
BE,26-Aug-2026,213.94,227.34,212.3,218.21,11985200
BEBE,26-Aug-2026,9.99,9.99,9.99,9.99,100
BEKE,26-Aug-2026,18.14,18.51,17.865,17.87,4882800
BEN,26-Aug-2026,35.09,35.27,34.76,35.01,1987400
BEP,26-Aug-2026,32.65,33.1,32.36,32.49,325400
BEP-A,26-Aug-2026,16.76,17.22,16.75,16.79,24600
BEPC,26-Aug-2026,33.24,33.74,32.93,33.05,1587900
BEPH,26-Aug-2026,15.11,15.24,15.11,15.15,8900
BEPI,26-Aug-2026,16.09,16.18,16.04,16.05,11200
BEPJ,26-Aug-2026,23.45,23.61,23.45,23.545,3200
BEPpA,26-Aug-2026,16.76,17.22,16.75,16.79,21872
BETA,26-Aug-2026,22.04,23.03,21.37,21.74,1709200
BF.A,26-Aug-2026,29.03,29.3865,28.51,28.72,69300
BF.B,26-Aug-2026,28.38,28.41,27.88,28.07,1244700
BFAM,26-Aug-2026,74.06,74.5,73.075,74.46,507500
BFH,26-Aug-2026,107.61,108.27,104.88,107.56,353500
BFH-A,26-Aug-2026,25.34,25.38,25.34,25.38,6600
BFH-B,26-Aug-2026,25.5563,25.5563,25.4609,25.4688,16600
BFLY,26-Aug-2026,8.9,9.0299,8.432,8.64,3904600
BFS,26-Aug-2026,34.28,34.28,33.64,33.68,70400
BFS-D,26-Aug-2026,20.54,20.63,20.54,20.63,2200
BFS-E,26-Aug-2026,21.03,21.6,20.5801,21.315,2200
BFSpD,26-Aug-2026,20.54,20.63,20.54,20.63,1850
BFSpE,26-Aug-2026,21.03,21.6,20.5801,21.315,866
BG,26-Aug-2026,110.8,114.17,110.36,113.25,1610000
BGB,26-Aug-2026,11.19,11.21,11.18,11.18,186100
BGH,26-Aug-2026,14.15,14.1772,14.07,14.14,65400
BGR,26-Aug-2026,16.97,17.19,16.86,17.02,67000
BGS,26-Aug-2026,3.51,3.55,3.48,3.53,922500
BGSF,26-Aug-2026,5.59,5.77,5.27,5.44,7700
BGSI,26-Aug-2026,86.06,87.18,84.45,86.22,37000
BGT,26-Aug-2026,10.95,11.02,10.91,11,154400
BGX,26-Aug-2026,10.77,10.8019,10.6501,10.75,123300
BGY,26-Aug-2026,5.89,5.92,5.86,5.92,143500
BH,26-Aug-2026,378.09,386.77,376.9902,383.07,66400
BH.A,26-Aug-2026,1944.08,1979.51,1915.78,1954.61,14500
BHC,26-Aug-2026,6.69,6.82,6.5,6.51,2142300
BHE,26-Aug-2026,72.29,73.84,72.025,72.32,264900
BHK,26-Aug-2026,9.09,9.125,9.05,9.09,376000
BHP,26-Aug-2026,96.99,97.43,95.9209,96.33,2223300
BHR,26-Aug-2026,2.05,2.06,2.03,2.05,227000
BHR-B,26-Aug-2026,13.27,13.4,13.07,13.1,12800
BHR-D,26-Aug-2026,16.88,17.02,16.88,17.02,1400
BHRpB,26-Aug-2026,13.27,13.4,13.07,13.1,10142
BHRpD,26-Aug-2026,16.88,17.02,16.88,17.02,946
BHV,26-Aug-2026,12.51,12.715,12.51,12.56,4500
BHVN,26-Aug-2026,14.24,18.24,13,16.95,15767900
BIII,26-Aug-2026,10.01,10.01,10.01,10.01,270000
BILL,26-Aug-2026,46.48,48.425,46.2,48.11,1388900
BIO,26-Aug-2026,393.1,393.1,385.5,388.64,221600
BIP,26-Aug-2026,39,39.06,38.68,38.85,589000
BIP-A,26-Aug-2026,17.38,17.3822,17.35,17.35,400
BIP-B,26-Aug-2026,16.84,16.8999,16.84,16.8798,2400
BIPC,26-Aug-2026,39.59,39.775,39.35,39.58,1174400
BIPH,26-Aug-2026,15.91,16.085,15.91,16,21400
BIPI,26-Aug-2026,16.83,16.83,16.68,16.7148,4700
BIPJ,26-Aug-2026,24,24,23.87,23.99,7900
BIPpA,26-Aug-2026,17.3822,17.3822,17.35,17.35,400
BIPpB,26-Aug-2026,16.84,16.8999,16.84,16.8798,1387
BIRK,26-Aug-2026,35.3,36.36,35.01,36.18,3624200
BIT,26-Aug-2026,11.97,12.01,11.95,11.99,281400
BJ,26-Aug-2026,94.6,94.61,92.53,93.33,2249400
BKD,26-Aug-2026,12.24,12.3737,12.035,12.2,2901700
BKE,26-Aug-2026,44.39,44.9,44.08,44.17,393500
BKH,26-Aug-2026,73.18,74.16,73.18,73.78,762300
BKK.W,26-Aug-2026,0.0302,0.0302,0.0287,0.0291,5200
BKKT,26-Aug-2026,8.38,8.48,8.1,8.23,1087800
BKKT.WS,26-Aug-2026,0.0302,0.0302,0.0287,0.0291,4100
BKSY,26-Aug-2026,24.94,25.6999,24.42,24.68,582200
BKT,26-Aug-2026,10.49,10.5,10.3601,10.4,116100
BKU,26-Aug-2026,46.78,47.08,46.27,46.44,434100
BKV,26-Aug-2026,24.07,24.95,23.87,24.24,576100
BLCO,26-Aug-2026,17.33,17.35,17.05,17.25,350800
BLDR,26-Aug-2026,69.71,70.415,68.4,68.67,1193700
BLK,26-Aug-2026,1175.71,1182.01,1170.88,1173.21,644900
BLND,26-Aug-2026,1.45,1.51,1.45,1.5,1285400
BLSH,26-Aug-2026,31.3,33.27,31,33.11,2253100
BLW,26-Aug-2026,12.8,12.8,12.65,12.7,239200
BLX,26-Aug-2026,54.69,55.13,54.415,54.52,122200
BMA,26-Aug-2026,78.02,79.235,77.14,78.05,308500
BME,26-Aug-2026,46.35,46.4,46.08,46.28,42100
BMEZ,26-Aug-2026,17.09,17.09,16.8801,17,131100
BMI,26-Aug-2026,136.74,139,135.99,137.15,217200
BML-G,26-Aug-2026,18.43,18.51,18.42,18.44,14900
BML-H,26-Aug-2026,18.43,18.52,18.37,18.4299,32400
BML-J,26-Aug-2026,19.18,19.2,18.99,19.09,31100
BML-L,26-Aug-2026,19.03,19.11,18.95,18.98,105000
BMLpG,26-Aug-2026,18.43,18.51,18.42,18.44,11909
BMLpH,26-Aug-2026,18.43,18.52,18.37,18.4299,29937
BMLpJ,26-Aug-2026,19.18,19.2,18.99,19.09,22969
BMLpL,26-Aug-2026,19.03,19.11,18.95,18.98,93763
BMN,26-Aug-2026,25.35,25.61,25.35,25.44,4500
BMNP,26-Aug-2026,95.98,96.975,95.1,95.1,88500
BMNR,26-Aug-2026,24.24,25.26,24.12,24.91,36088800
BMO,26-Aug-2026,173.22,174.27,171.89,172.9,1173000
BMY,26-Aug-2026,67.74,68,67.32,67.57,7511700
BN,26-Aug-2026,42.13,42.23,41.65,41.67,2250200
BNED,26-Aug-2026,12.56,12.89,12.38,12.51,410600
BNH,26-Aug-2026,15.06,15.085,15.0451,15.08,6100
BNJ,26-Aug-2026,15.03,15.1,15.03,15.1,8000
BNL,26-Aug-2026,21.58,21.58,21.2611,21.31,904700
BNS,26-Aug-2026,92.64,94.96,92.34,93.59,4128200
BNT,26-Aug-2026,42.27,42.27,41.87,41.91,10500
BNY,26-Aug-2026,164.05,164.13,162.02,163.08,2058100
BNY-K,26-Aug-2026,24.97,25.07,24.925,24.99,39600
BOBS,26-Aug-2026,17.34,17.52,17.005,17.13,757300
BOC,26-Aug-2026,14.07,14.19,13.965,14,194100
BOE,26-Aug-2026,12.51,12.555,12.45,12.48,120800
BOH,26-Aug-2026,76.42,77.34,75.83,77.25,280100
BOH-A,26-Aug-2026,15.33,15.43,15.2673,15.375,3500
BOH-B,26-Aug-2026,26.35,26.4,26.18,26.2095,3700
BOHpA,26-Aug-2026,15.33,15.43,15.2673,15.375,2800
BOHpB,26-Aug-2026,26.35,26.4,26.18,26.2095,2896
BOND,26-Aug-2026,91.03,91.05,90.89,90.95,416200
BOOT,26-Aug-2026,160.48,162.56,159.07,159.72,416700
BORR,26-Aug-2026,4.4,4.415,4.34,4.4,4190700
BOW,26-Aug-2026,33.65,33.75,33.6,33.61,176100
BOX,26-Aug-2026,34.3,34.5,32.6637,33.39,5964600
BP,26-Aug-2026,42.21,43.025,42.18,42.5,11526200
BPRE,26-Aug-2026,12.09,12.24,11.74,11.87,1642400
BR,26-Aug-2026,183.73,185.67,180.85,181.6,1186300
BRBR,26-Aug-2026,10.65,11.0065,10.635,10.79,2595700
BRC,26-Aug-2026,93.79,95.035,92.875,94.09,157700
BRCC,26-Aug-2026,8.5,9,8.31,8.57,164100
BRCE,26-Aug-2026,30.23,30.3077,30.23,30.3077,100
BREE,26-Aug-2026,27.4,27.4,27.3276,27.3276,3100
BRIE,26-Aug-2026,31.34,31.3899,31.24,31.28,101100
BRK.A,26-Aug-2026,761940,761940,755370.8,756927.8,100
BRK.B,26-Aug-2026,505.93,506.7,503.65,504.91,3008600
BRO,26-Aug-2026,72.84,73.76,72.595,72.78,1720400
BROL,26-Aug-2026,26.05,26.14,26.05,26.0967,200
BROS,26-Aug-2026,50.89,51.29,49.91,51.23,3052600
BRSL,26-Aug-2026,11.6,11.675,11.415,11.47,1252500
BRSP,26-Aug-2026,4.88,4.91,4.78,4.79,801900
BRT,26-Aug-2026,15.18,15.18,14.5,14.59,31700
BRW,26-Aug-2026,6.51,6.5209,6.45,6.47,114500
BRX,26-Aug-2026,29.52,29.68,29.36,29.38,1891200
BSAC,26-Aug-2026,36.06,36.4,35.18,35.31,504400
BSBR,26-Aug-2026,5.84,5.8575,5.79,5.81,3030300
BSL,26-Aug-2026,12.92,13.02,12.92,13.02,41400
BSM,26-Aug-2026,14.89,15.1,14.785,14.8,674300
BST,26-Aug-2026,49.37,49.8982,49.34,49.67,69600
BSTZ,26-Aug-2026,30.16,30.55,30.1,30.55,106900
BSX,26-Aug-2026,47,48.54,46.9,48.17,36584800
BTE,26-Aug-2026,4.53,4.74,4.505,4.68,14921800
BTGO,26-Aug-2026,7.06,7.08,6.85,7.02,989400
BTI,26-Aug-2026,56.74,57.83,56.73,57.44,3621300
BTO,26-Aug-2026,39.71,40.328,39.585,39.83,38500
BTT,26-Aug-2026,22.59,22.61,22.51,22.61,99300
BTU,26-Aug-2026,27.12,27.92,26.99,27.32,1717000
BTX,26-Aug-2026,8.86,8.96,8.86,8.93,275700
BTZ,26-Aug-2026,10.13,10.161,10.11,10.16,457300
BUD,26-Aug-2026,79.21,79.22,78.425,78.43,1450300
BUI,26-Aug-2026,27.17,27.19,27,27.12,63600
BUR,26-Aug-2026,4.44,4.465,4.295,4.34,761400
BURL,26-Aug-2026,314,317.95,310.69,313.99,2472000
BUXX,26-Aug-2026,20.26,20.27,20.26,20.26,146700
BV,26-Aug-2026,11.18,11.22,10.95,11.04,811400
BVN,26-Aug-2026,35.19,36.855,35.19,36.18,2099200
BW,26-Aug-2026,7.78,7.85,7.45,7.53,3305800
BW-A,26-Aug-2026,22.2,22.3,22.02,22.14,3800
BWA,26-Aug-2026,65.16,65.725,64.64,64.69,1561200
BWG,26-Aug-2026,7.68,7.715,7.655,7.7,20100
BWIV,26-Aug-2026,9.95,9.97,9.95,9.95,3200
BWLP,26-Aug-2026,23.93,24.03,23.4101,23.53,409800
BWMX,26-Aug-2026,16.28,16.48,16.1,16.15,43300
BWpA,26-Aug-2026,22.2,22.3,22.02,22.14,2671
BWXT,26-Aug-2026,150.93,156.31,150.44,153.16,1386400
BX,26-Aug-2026,143.07,144.35,141.8,143.2,3688700
BXC,26-Aug-2026,83.63,86.075,81.18,82.77,157100
BXDC,26-Aug-2026,20.6,21.27,20.6,21.03,747400
BXMT,26-Aug-2026,14.03,14.03,13.875,13.92,2087900
BXP,26-Aug-2026,71.8,72.25,70.245,70.3,1301400
BXSL,26-Aug-2026,24.83,25.1,24.7716,24.93,1010200
BY,26-Aug-2026,38.21,38.44,37.8201,38.26,276200
BYD,26-Aug-2026,81.12,81.585,80.25,80.63,613400
BZH,26-Aug-2026,33.19,33.21,33.13,33.14,384300
C,26-Aug-2026,133.54,133.82,132.25,133.56,4545200
C-N,26-Aug-2026,26.45,26.5,26.4,26.47,213900
C-R,26-Aug-2026,24.47,24.48,24.3651,24.38,63900
CAAP,26-Aug-2026,24.85,25.3089,24.58,24.6,224900
CABO,26-Aug-2026,26.3,26.645,25.125,25.83,198000
CACI,26-Aug-2026,609.53,625.86,607.995,624.74,248900
CAF,26-Aug-2026,18.73,19.0299,18.73,18.9,3400
CAG,26-Aug-2026,16.13,16.28,15.98,16.19,7372300
CAH,26-Aug-2026,237.9,240.88,236.445,238.4,1473000
CAL,26-Aug-2026,13.14,13.51,12.96,13.09,468500
CALX,26-Aug-2026,39.57,39.87,38.27,38.36,641400
CALY,26-Aug-2026,15.53,15.765,15.41,15.74,1487000
CANG,26-Aug-2026,2.37,2.4046,2.24,2.38,244700
CAPL,26-Aug-2026,22.82,23.4899,22.6,23.29,32700
CARR,26-Aug-2026,59.03,59.5459,58.35,58.74,8380500
CARS,26-Aug-2026,12.28,12.5,11.91,11.97,959000
CAT,26-Aug-2026,816.2,824.615,812.26,821.93,1851300
CATO,26-Aug-2026,2.78,2.8,2.77,2.77,29500
CAVA,26-Aug-2026,69,69.6042,67.21,67.77,1798700
CB,26-Aug-2026,342.78,347.035,342.65,343.77,999200
CBAN,26-Aug-2026,21.23,21.335,21.05,21.17,127100
CBL,26-Aug-2026,56.01,56.3599,55.0001,55.1,151200
CBNA,26-Aug-2026,45.8,45.8,44.55,45.3,17000
CBRE,26-Aug-2026,151.17,152.9698,150.07,150.36,850600
CBT,26-Aug-2026,84.03,85.025,83.88,84.58,235600
CBU,26-Aug-2026,63.13,63.46,62.7801,63.16,174300
CBZ,26-Aug-2026,54.6,54.8,54.56,54.74,581700
CC,26-Aug-2026,15.66,15.88,15.475,15.78,1388200
CCI,26-Aug-2026,76.54,77,75.23,75.54,1952500
CCID,26-Aug-2026,25.08,25.1,25.08,25.08,3000
CCIF,26-Aug-2026,2.68,2.695,2.66,2.66,67100
CCJ,26-Aug-2026,107.06,111.54,106.91,107.36,3879700
CCK,26-Aug-2026,120.74,121.51,118.9,119.08,770700
CCL,26-Aug-2026,26.21,26.46,25.54,25.59,16190600
CCM,26-Aug-2026,4.94,5.44,4.78,4.96,150800
CCO,26-Aug-2026,2.38,2.4,2.37,2.4,6757200
CCS,26-Aug-2026,69.16,70.5,69.15,69.32,284500
CCU,26-Aug-2026,12.59,12.76,12.285,12.41,196900
CDE,26-Aug-2026,21,21.55,20.95,21.44,37482800
CDLR,26-Aug-2026,25.6,25.69,25.06,25.2,109200
CDP,26-Aug-2026,37.6,37.87,37.3,37.32,605600
CDR-B,26-Aug-2026,16.7,16.74,16.7,16.74,800
CDR-C,26-Aug-2026,15.5932,15.75,15.5932,15.75,600
CDRE,26-Aug-2026,31.5,32.4,30.95,31.52,244300
CDRpB,26-Aug-2026,16.7,16.74,16.7,16.74,748
CDRpC,26-Aug-2026,15.5932,15.75,15.5932,15.75,596
CE,26-Aug-2026,44.28,44.95,44.07,44.7,908800
CEE,26-Aug-2026,20.31,20.7999,20.09,20.16,97900
CEPU,26-Aug-2026,13.58,13.83,13.54,13.71,191300
CF,26-Aug-2026,126.05,128.6695,124.2364,125.7,1949900
CFG,26-Aug-2026,70.06,70.71,69.765,70.49,1530700
CFG-E,26-Aug-2026,18.25,18.41,18.14,18.37,23300
CFG-H,26-Aug-2026,25.95,25.99,25.8071,25.85,18500
CFG-I,26-Aug-2026,24.94,24.94,24.78,24.84,6900
CFGpE,26-Aug-2026,18.25,18.41,18.14,18.38,14992
CFGpH,26-Aug-2026,25.7,25.99,25.7,25.87,13879
CFGpI,26-Aug-2026,24.94,24.94,24.78,24.84,3758
CFND,26-Aug-2026,2.7,2.83,2.69,2.78,108900
CFR,26-Aug-2026,163.92,165.13,162.47,163.27,378400
CFR-B,26-Aug-2026,17.1,17.24,17.1,17.2,8700
CFRpB,26-Aug-2026,17.1,17.24,17.1,17.21,4772
CFT-A,26-Aug-2026,25.2,25.26,25.05,25.05,9600
CGAU,26-Aug-2026,23.61,24.03,23.57,23.71,1672600
CGV,26-Aug-2026,16.22,16.22,16.2,16.21,175200
CHCT,26-Aug-2026,15.11,15.19,14.865,14.94,241600
CHD,26-Aug-2026,102.6,103.105,101.97,102.86,1884100
CHE,26-Aug-2026,544.56,551.36,541.655,548.56,128600
CHGG,26-Aug-2026,0.78,0.8118,0.7757,0.79,270000
CHH,26-Aug-2026,110.39,111,108.44,109.86,374900
CHM-A,26-Aug-2026,21.75,21.91,21.1463,21.8,6300
CHM-B,26-Aug-2026,23.91,24.12,23.91,24.12,5200
CHMI,26-Aug-2026,2.93,2.945,2.92,2.93,228100
CHMIpA,26-Aug-2026,21.75,21.91,21.1463,21.899,5314
CHMIpB,26-Aug-2026,23.91,24.12,23.91,24.12,5001
CHPT,26-Aug-2026,5.82,5.9573,5.7901,5.95,236500
CHT,26-Aug-2026,43.08,43.08,42.81,42.91,169200
CHWY,26-Aug-2026,24.5,24.65,22.96,22.97,8301900
CI,26-Aug-2026,279.7,286.01,279.4,280.87,1228300
CIA,26-Aug-2026,3.87,3.95,3.87,3.93,88500
CIB,26-Aug-2026,102.64,103.5,99.71,101.01,233500
CICB,26-Aug-2026,25.19,25.19,25.19,25.19,300
CICC,26-Aug-2026,24.975,24.9999,24.975,24.9999,3300
CIEN,26-Aug-2026,387.23,406.44,387.23,404.03,1194500
CIG,26-Aug-2026,2.01,2.03,1.98,1.98,3952200
CIG.C,26-Aug-2026,3.15,3.15,3.0701,3.13,700
CII,26-Aug-2026,24.33,24.798,24.33,24.55,38300
CIM,26-Aug-2026,11.63,11.63,11.43,11.48,654700
CIM-A,26-Aug-2026,21.9,21.97,21.6002,21.9609,5400
CIM-B,26-Aug-2026,24.82,24.82,24.78,24.805,21500
CIM-C,26-Aug-2026,23.2,23.24,23.115,23.115,9300
CIM-D,26-Aug-2026,24.65,24.6726,24.571,24.63,7000
CIMN,26-Aug-2026,25.13,25.25,25.13,25.1726,6600
CIMO,26-Aug-2026,25.25,25.2599,25.23,25.23,5900
CIMP,26-Aug-2026,25.24,25.39,25.24,25.345,8800
CIMpA,26-Aug-2026,21.9,21.97,21.6002,21.9609,4660
CIMpB,26-Aug-2026,24.82,24.82,24.78,24.805,17900
CIMpC,26-Aug-2026,23.2,23.24,23.115,23.115,6841
CIMpD,26-Aug-2026,24.65,24.6726,24.571,24.63,5946
CINT,26-Aug-2026,3.46,3.58,3.35,3.37,115600
CION,26-Aug-2026,7.44,7.49,7.315,7.34,603100
CL,26-Aug-2026,91.54,92.31,91.32,92.06,3663300
CLB,26-Aug-2026,12.01,12.115,11.78,11.99,395400
CLB.W,26-Aug-2026,0.7,0.8115,0.6999,0.8115,1800
CLBR,26-Aug-2026,10.23,10.25,10.23,10.25,1800
CLD-A,26-Aug-2026,20.23,20.47,20.23,20.31,21000
CLDT,26-Aug-2026,13.81,13.81,13.47,13.51,223500
CLDTpA,26-Aug-2026,20.23,20.47,20.23,20.31,19007
CLF,26-Aug-2026,11.54,11.85,11.53,11.54,10753700
CLH,26-Aug-2026,308,314.795,308,313.67,321100
CLPR,26-Aug-2026,3.41,3.48,3.26,3.36,35800
CLS,26-Aug-2026,305.205,313.11,303.1936,307.32,1523200
CLVT,26-Aug-2026,2.11,2.155,1.95,1.99,5767300
CLW,26-Aug-2026,21.96,21.96,21.3,21.35,173200
CLX,26-Aug-2026,105.08,106.2328,104.1,104.23,1524400
CM,26-Aug-2026,118.5,118.855,117.93,118.2,1273700
CMBT,26-Aug-2026,17.91,18.045,17.515,17.65,1610700
CMC,26-Aug-2026,67.2,68.495,66.895,68.41,1132300
CMDB,26-Aug-2026,20.44,20.79,19.48,19.89,212800
CMG,26-Aug-2026,37.2,37.715,36.775,37.34,12966900
CMI,26-Aug-2026,578.77,581.68,573.5,578.14,742500
CMP,26-Aug-2026,24.55,25,24.4412,24.65,321000
CMR-C,26-Aug-2026,26.75,26.95,26.75,26.81,5500
CMR-D,26-Aug-2026,27.03,27.4199,27.03,27.23,14200
CMRE,26-Aug-2026,15.65,15.7132,14.82,14.84,382400
CMREpC,26-Aug-2026,26.75,26.95,26.75,26.81,4144
CMREpD,26-Aug-2026,27.03,27.4199,27.03,27.23,5801
CMS,26-Aug-2026,68.84,69.405,68.84,69.23,2373500
CMS-B,26-Aug-2026,76.38,76.73,76.38,76.73,700
CMS-C,26-Aug-2026,16.48,16.55,16.2,16.33,19100
CMSA,26-Aug-2026,20.37,20.4501,20.32,20.37,15800
CMSC,26-Aug-2026,21.3899,21.39,21.24,21.275,16300
CMSD,26-Aug-2026,21.33,21.33,21.1,21.16,43800
CMSpB,26-Aug-2026,76.38,76.73,76.38,76.73,616
CMSpC,26-Aug-2026,16.48,16.55,16.2,16.33,15373
CMTG,26-Aug-2026,1.72,1.72,1.655,1.66,658300
CNA,26-Aug-2026,49.24,49.71,49.19,49.45,351400
CNC,26-Aug-2026,65,67.68,64.98,65.47,3597000
CNF,26-Aug-2026,2.25,2.25,2.21,2.21,1100
CNH,26-Aug-2026,11.54,11.845,11.48,11.62,12678800
CNI,26-Aug-2026,126.94,128.38,126.66,127.54,950300
CNK,26-Aug-2026,37.17,37.89,36.68,37.1,1765500
CNM,26-Aug-2026,43.19,44.49,42.772,43.37,2838800
CNMD,26-Aug-2026,50.82,51.35,49.97,50.48,188200
CNNE,26-Aug-2026,15.52,15.71,15.25,15.48,420300
CNO,26-Aug-2026,54.34,54.83,53.54,54.73,629700
CNO-A,26-Aug-2026,16.27,16.52,16.26,16.26,2700
CNOpA,26-Aug-2026,16.27,16.52,16.26,16.26,1790
CNP,26-Aug-2026,39.01,39.73,39,39.59,5617200
CNQ,26-Aug-2026,49.04,50.52,48.93,49.64,5178600
CNR,26-Aug-2026,95.66,98.37,95.5001,98.09,541400
CNS,26-Aug-2026,82.91,83.83,82.56,83.33,269100
CNX,26-Aug-2026,35.95,36.95,35.84,36.06,1572400
COD-A,26-Aug-2026,19.71,20,19.6,19.838,8700
COD-B,26-Aug-2026,22.26,22.43,22.25,22.43,5800
COD-C,26-Aug-2026,22.22,22.22,22.06,22.06,7300
CODI,26-Aug-2026,11.53,11.63,11.37,11.38,411000
CODIpA,26-Aug-2026,19.71,20,19.6,19.838,7591
CODIpB,26-Aug-2026,22.26,22.43,22.25,22.43,1300
CODIpC,26-Aug-2026,22.22,22.22,22.06,22.06,5798
COF,26-Aug-2026,216.24,218.25,214.93,217.21,2081100
COF-I,26-Aug-2026,17.75,17.82,17.6,17.63,219200
COF-J,26-Aug-2026,16.85,16.9399,16.85,16.86,148000
COF-K,26-Aug-2026,16.46,16.46,16.27,16.27,22000
COF-L,26-Aug-2026,15.49,15.58,15.44,15.45,103500
COF-N,26-Aug-2026,15.32,15.35,15.2632,15.31,58100
COFpI,26-Aug-2026,17.75,17.82,17.6,17.63,201688
COFpJ,26-Aug-2026,16.85,16.9399,16.85,16.8599,138208
COFpK,26-Aug-2026,16.46,16.46,16.27,16.27,16327
COFpL,26-Aug-2026,15.49,15.58,15.44,15.45,92702
COFpN,26-Aug-2026,15.32,15.35,15.2632,15.31,50424
COHR,26-Aug-2026,286.23,294.86,283.5,294.37,5468200
COLD,26-Aug-2026,15.38,15.61,15.26,15.27,2971400
COMP,26-Aug-2026,11.68,11.75,11.28,11.38,5868700
CON,26-Aug-2026,34.95,35.31,34.62,34.95,683900
COOK,26-Aug-2026,57.9,58.11,56.15,56.68,26200
COP,26-Aug-2026,130.09,132.72,130.0814,130.61,5820900
COPL,26-Aug-2026,10.49,10.49,10.49,10.49,400
COR,26-Aug-2026,328.39,330.995,326.3,327.79,841500
COSO,26-Aug-2026,27.66,27.895,27.295,27.35,86700
COTY,26-Aug-2026,2.64,2.77,2.64,2.74,6433000
COUR,26-Aug-2026,6.09,6.125,5.96,6.06,4922300
CP,26-Aug-2026,94.35,95.47,93.95,94.71,2247800
CPA,26-Aug-2026,134.41,135.955,132.285,132.47,177800
CPAC,26-Aug-2026,12.2,12.59,12.2,12.47,42300
CPAI,26-Aug-2026,51.96,52.45,51.96,52.39,26600
CPAY,26-Aug-2026,410.4,410.4,404.625,406.93,507200
CPF,26-Aug-2026,37.81,38.15,37.63,38,153000
CPK,26-Aug-2026,134.7,136.13,133.89,134.18,208700
CPN,26-Aug-2026,26.45,26.5,26.4,26.4201,199446
CPNG,26-Aug-2026,16.6,16.76,16.43,16.53,7334700
CPRI,26-Aug-2026,13.42,13.72,13.32,13.6,3128700
CPS,26-Aug-2026,26.53,26.85,26.35,26.54,149500
CPT,26-Aug-2026,107.56,108.605,107.2,107.61,558800
CQP,26-Aug-2026,67.75,68.685,67.25,68.54,75300
CR,26-Aug-2026,208.62,211.34,207.55,209.6,362500
CRBD,26-Aug-2026,22.02,22.1799,21.8,21.84,31500
CRBG,26-Aug-2026,31.93,32.665,31.74,32.53,2549900
CRC,26-Aug-2026,51.13,52.73,51.02,52.54,844200
CRCL,26-Aug-2026,89.71,92.9561,87.02,89.91,15275000
CRD.A,26-Aug-2026,13.18,13.28,12.5801,12.99,44600
CRD.B,26-Aug-2026,11.98,12.2333,11.77,11.91,7600
CRGY,26-Aug-2026,13.2,13.535,13.0705,13.37,4034000
CRH,26-Aug-2026,96.98,98.19,96.64,97.05,3614800
CRI,26-Aug-2026,33.68,34.6,33.45,34.28,1024900
CRK,26-Aug-2026,14.09,15.138,14.04,14.5,2888800
CRL,26-Aug-2026,293.17,299.53,290.01,295.1,1231100
CRM,26-Aug-2026,199.94,206.44,198.95,205.62,14888800
CRS,26-Aug-2026,490.49,493.41,476.3083,483.7,479900
CRT,26-Aug-2026,10.61,10.63,10.34,10.49,18100
CSAN,26-Aug-2026,2.89,2.89,2.78,2.82,3782700
CSL,26-Aug-2026,365.19,369.455,363.59,365.72,323300
CSQR,26-Aug-2026,20.15,20.7688,20.135,20.49,602400
CSR,26-Aug-2026,54.06,54.47,53.345,53.42,160600
CSTM,26-Aug-2026,27.15,27.72,27.09,27.18,1435200
CSV,26-Aug-2026,34.79,35.17,34.57,34.76,86700
CSW,26-Aug-2026,326.58,328.42,319.66,323.03,100600
CTA-B,26-Aug-2026,65.63,65.63,65.2131,65.2131,1100
CTApB,26-Aug-2026,65.63,65.63,65.2131,65.2131,932
CTEV,26-Aug-2026,37.58,37.63,36.855,37.57,63900
CTGG,26-Aug-2026,16.4,16.79,16.391,16.6,63200
CTHH,26-Aug-2026,16.97,17.32,16.97,17.2,45800
CTO,26-Aug-2026,21.91,21.91,21.66,21.71,415500
CTO-A,26-Aug-2026,21.5,21.665,21.5,21.6,3600
CTOpA,26-Aug-2026,21.5,21.665,21.5,21.6,2565
CTOS,26-Aug-2026,9.71,9.86,9.521,9.59,720600
CTRE,26-Aug-2026,39.9,40.25,39.6401,39.94,2069300
CTRI,26-Aug-2026,20.82,21.33,20.81,21.17,715000
CTS,26-Aug-2026,56.97,57.54,56.52,57.02,146700
CTVA,26-Aug-2026,83.11,84.6,82.63,82.88,3924500
CUBB,26-Aug-2026,22.3,22.3,22.15,22.15,1100
CUBE,26-Aug-2026,40.6,41.6554,40.44,40.46,1918700
CUBI,26-Aug-2026,78.68,78.735,78.1628,78.54,156100
CURB,26-Aug-2026,30.01,30.35,29.84,30.12,874900
CURV,26-Aug-2026,2.09,2.225,2.09,2.19,96400
CUZ,26-Aug-2026,30.22,30.245,29.58,29.6,1305300
CVE,26-Aug-2026,30.4,31.9292,30.13,31.48,8533200
CVEO,26-Aug-2026,33.72,34.35,33.16,33.35,48200
CVI,26-Aug-2026,37.32,40.7,37.32,40.03,888500
CVLG,26-Aug-2026,35.05,35.62,34.77,35.54,170600
CVNA,26-Aug-2026,75.86,76.8,73.31,73.95,5398700
CVS,26-Aug-2026,93.15,94.855,92.91,94.32,6162100
CVSA,26-Aug-2026,135.48,138.71,135,137.78,300200
CVX,26-Aug-2026,198.73,202.39,198.1173,200.21,6868300
CW,26-Aug-2026,612.57,622.93,607.67,619.46,318300
CWEN,26-Aug-2026,32.52,33.05,32.32,32.47,753200
CWH,26-Aug-2026,6.46,6.565,6.38,6.51,1012500
CWK,26-Aug-2026,14.8,14.8,14.46,14.5,1359400
CWT,26-Aug-2026,50.57,50.68,50.11,50.26,341000
CX,26-Aug-2026,11.08,11.125,10.94,10.98,3420400
CXM,26-Aug-2026,7.32,7.54,7.31,7.47,3408300
CXT,26-Aug-2026,50.15,50.82,49.84,50.64,350400
CXW,26-Aug-2026,33.13,34.16,32.985,33.99,1917900
CYD,26-Aug-2026,39.45,40.54,39.22,39.82,162100
CYH,26-Aug-2026,2.96,2.98,2.91,2.92,1027200
D,26-Aug-2026,67.08,67.35,66.78,66.91,2767300
DAC,26-Aug-2026,151.38,151.39,147,147.78,146300
DAL,26-Aug-2026,84.55,84.99,83.01,83.08,5735200
DAN,26-Aug-2026,30.23,30.35,29.65,30.08,1195700
DAO,26-Aug-2026,16.48,16.84,16.205,16.79,55900
DAR,26-Aug-2026,61.78,63.24,60.59,62.5,1875700
DAVA,26-Aug-2026,3.21,3.23,3.14,3.22,141500
DB,26-Aug-2026,40.53,40.65,40.105,40.23,2997000
DBD,26-Aug-2026,68.34,68.66,67.335,67.78,196900
DBI,26-Aug-2026,5.53,5.785,5.48,5.72,590100
DBL,26-Aug-2026,14.12,14.1599,14.09,14.11,14300
DBR-H,26-Aug-2026,15.006,15.05,15.006,15.0101,1800
DBR-I,26-Aug-2026,15,15.09,14.98,15.06,57200
DBR-J,26-Aug-2026,15.41,15.44,15.4,15.4,6300
DBRG,26-Aug-2026,15.97,15.97,15.96,15.97,4590600
DBRGpH,26-Aug-2026,15.006,15.05,15.006,15.0101,1345
DBRGpI,26-Aug-2026,15,15.09,14.98,15.04,54963
DBRGpJ,26-Aug-2026,15.4112,15.44,15.4,15.4,5179
DCBG,26-Aug-2026,26.51,26.74,26.51,26.54,1000
DCH,26-Aug-2026,6.29,6.4449,6.24,6.4,1902600
DCI,26-Aug-2026,95.13,97.96,94.08,95.24,1210900
DCO,26-Aug-2026,182.88,186.4599,182.48,185.36,161200
DCO-,26-Aug-2026,17.4,17.4,17.2,17.39,32900
DCOM,26-Aug-2026,40.29,40.685,40.29,40.4,150800
DD,26-Aug-2026,136.61,138.22,136.01,137.98,914900
DDD,26-Aug-2026,3.21,3.325,3.17,3.3,1626000
DDL,26-Aug-2026,2.3,2.31,2.27,2.29,189700
DDS,26-Aug-2026,627.16,646.1599,627.16,632.05,119500
DDT,26-Aug-2026,26.37,26.4,26.1777,26.36,4400
DE,26-Aug-2026,632.15,639.65,630.405,634.54,831000
DEA,26-Aug-2026,25.03,25.04,24.74,24.76,207300
DEC,26-Aug-2026,14.48,14.97,14.47,14.93,716600
DECK,26-Aug-2026,88.79,89.78,88.38,89.47,3207000
DEI,26-Aug-2026,12.16,12.18,11.9325,11.96,1223400
DELL,26-Aug-2026,449.58,469.4,449.58,463.82,4459500
DEO,26-Aug-2026,95.49,95.49,93.62,93.67,1618400
DFH,26-Aug-2026,15.23,15.34,14.655,14.7,314400
DFIN,26-Aug-2026,47.63,47.865,46.86,47.64,152300
DFP,26-Aug-2026,20.63,20.7,20.58,20.62,64500
DG,26-Aug-2026,122,123.81,120.44,122.78,3243200
DGAC,26-Aug-2026,10.02,10.02,9.99,9.99,800
DGX,26-Aug-2026,244.11,246,243.485,245,811000
DHF,26-Aug-2026,2.37,2.39,2.35,2.36,418600
DHI,26-Aug-2026,150.39,151.54,149.025,149.25,1423700
DHR,26-Aug-2026,213.23,216.8499,212.81,215.36,2531100
DHT,26-Aug-2026,19.04,19.0929,18.245,18.32,4958700
DHX,26-Aug-2026,4.39,4.495,4.305,4.45,195900
DIN,26-Aug-2026,35.55,35.62,34.74,35.21,218200
DINO,26-Aug-2026,92,98,91.38,96.52,2410700
DIS,26-Aug-2026,111.3,111.52,109.45,109.63,8528600
DIVY,26-Aug-2026,31.26,31.35,31.23,31.35,4400
DK,26-Aug-2026,66.58,71.83,66.084,70.84,1718700
DKL,26-Aug-2026,54,54.69,53.16,54.69,143100
DKS,26-Aug-2026,121.87,130.17,120.401,129.66,14208700
DLB,26-Aug-2026,65.46,66.615,64.89,64.95,1171700
DLN-A,26-Aug-2026,26.3,26.51,26.3,26.505,2300
DLNG,26-Aug-2026,3.72,3.8,3.7126,3.78,25200
DLNGpA,26-Aug-2026,26.3,26.51,26.3,26.505,2145
DLR,26-Aug-2026,191.94,194.36,191.49,193.43,1608000
DLR-J,26-Aug-2026,19.65,19.9699,19.55,19.9699,27600
DLR-K,26-Aug-2026,22.3,22.6,22.3,22.41,7000
DLR-L,26-Aug-2026,19.25,19.44,19.2,19.44,27900
DLRpJ,26-Aug-2026,19.65,19.9699,19.55,19.9699,22449
DLRpK,26-Aug-2026,22.3,22.6,22.3,22.41,4349
DLRpL,26-Aug-2026,19.25,19.44,19.2,19.44,21408
DLX,26-Aug-2026,24.04,24.09,23.6,23.62,291600
DLY,26-Aug-2026,13.9,13.9299,13.81,13.87,196400
DMA,26-Aug-2026,7.58,7.61,7.52,7.52,21200
DMB,26-Aug-2026,10.51,10.58,10.51,10.56,52400
DMC,26-Aug-2026,31.74,32.01,31.35,31.54,363400
DMO,26-Aug-2026,10.32,10.32,10.26,10.285,23700
DNA,26-Aug-2026,7.33,7.47,7.19,7.23,628700
DNOW,26-Aug-2026,15.78,16,15.62,15.99,1252200
DNP,26-Aug-2026,10.97,11.07,10.97,11.01,776100
DOC,26-Aug-2026,21.66,21.8,21.52,21.58,4301800
DOCN,26-Aug-2026,112.67,115.42,111.33,114.99,1224400
DOCS,26-Aug-2026,24.5,25.195,24.4812,24.74,1889900
DOLE,26-Aug-2026,13.53,13.715,13.505,13.63,1582100
DOUG,26-Aug-2026,1.96,1.96,1.87,1.88,445900
DOV,26-Aug-2026,203.3,206.38,202.92,204.66,1189100
DOW,26-Aug-2026,30.01,30.41,29.73,30.33,9603200
DPC,26-Aug-2026,44.5,45.76,43.85,44.7,556600
DPG,26-Aug-2026,14.64,14.72,14.5338,14.68,44300
DQ,26-Aug-2026,14.05,14.11,13.38,13.52,670800
DRD,26-Aug-2026,30.11,30.45,29.87,29.99,422100
DRI,26-Aug-2026,219.71,222.52,216.8,218.81,653100
DRLL,26-Aug-2026,39.92,40.6,39.87,40.15,9100
DSL,26-Aug-2026,10.67,10.67,10.61,10.64,390600
DSM,26-Aug-2026,5.84,5.85,5.82,5.83,130600
DSMC,26-Aug-2026,44.1,44.16,44,44.0335,69700
DSTX,26-Aug-2026,36.54,36.54,36.4101,36.4101,12000
DSU,26-Aug-2026,9.44,9.44,9.38,9.41,225500
DSX,26-Aug-2026,2.74,2.74,2.66,2.67,607800
DSX-B,26-Aug-2026,27.1,27.1,27.0501,27.0501,1000
DSX.W,26-Aug-2026,0.5,0.56,0.46,0.4902,15400
DSX.WS,26-Aug-2026,0.5,0.56,0.46,0.4902,14712
DSXpB,26-Aug-2026,27.1,27.1,27.0501,27.0501,240
DT,26-Aug-2026,49.07,51.72,49,51.6,7934800
DTB,26-Aug-2026,16.03,16.03,15.86,15.95,9900
DTE,26-Aug-2026,136.07,137.872,136.07,137.71,1166200
DTF,26-Aug-2026,11.6,11.6,11.5,11.57,9700
DTG,26-Aug-2026,15.81,15.97,15.81,15.85,17000
DTK,26-Aug-2026,23.17,23.17,23.03,23.11,26800
DTM,26-Aug-2026,128.62,134,127.96,132.54,1821100
DTW,26-Aug-2026,19.38,19.65,19.252,19.4001,16600
DUK,26-Aug-2026,121.6,122.5745,121.59,121.89,2744600
DUK-A,26-Aug-2026,24.06,24.1298,24,24.01,64200
DUKB,26-Aug-2026,22.39,22.45,22.25,22.37,26700
DUKpA,26-Aug-2026,24.06,24.1298,24,24.04,53539
DUKU,26-Aug-2026,50.16,50.44,50.11,50.25,571600
DV,26-Aug-2026,13.3,13.31,13.29,13.3,2072800
DVA,26-Aug-2026,173.37,182.255,173.37,180.05,528800
DVN,26-Aug-2026,46.21,47.4,46.1601,46.83,6341100
DX,26-Aug-2026,13.02,13.02,12.87,12.88,3022500
DX-C,26-Aug-2026,25.68,25.8,25.68,25.79,2600
DXC,26-Aug-2026,10.7,10.73,10.51,10.55,1879900
DXpC,26-Aug-2026,25.68,25.8,25.68,25.8,2195
DXYZ,26-Aug-2026,33.95,35.73,33.54,34.55,768200
DY,26-Aug-2026,326.91,332.38,303.26,310.91,2801900
E,26-Aug-2026,53.58,54.12,53.41,53.57,368600
EAF,26-Aug-2026,6.7,7.28,6.7,6.99,243500
EAI,26-Aug-2026,19.96,19.96,19.8,19.8,21000
EARN,26-Aug-2026,4.49,4.49,4.43,4.45,269100
EAT,26-Aug-2026,248.76,249.77,240.09,240.93,635900
EBF,26-Aug-2026,21.57,21.595,21.45,21.48,113100
EBS,26-Aug-2026,5.56,6,5.55,5.97,1165900
EC,26-Aug-2026,16.68,16.77,16.46,16.52,1866500
ECAT,26-Aug-2026,15.53,15.62,15.46,15.55,500700
ECC,26-Aug-2026,3.83,3.86,3.82,3.84,364900
ECC-D,26-Aug-2026,18.7,18.7,18.6401,18.67,3400
ECCC,26-Aug-2026,24.97,25.25,24.97,25.05,900
ECCpD,26-Aug-2026,18.7,18.7,18.6401,18.67,3180
ECCU,26-Aug-2026,25.5,25.51,25.45,25.5001,4700
ECCV,26-Aug-2026,24.29,24.35,24.25,24.26,800
ECG,26-Aug-2026,117.62,121.81,116.425,121.18,495600
ECL,26-Aug-2026,290.45,295.33,289.89,290.6,1426800
ECO,26-Aug-2026,63,63.33,61.9,62.28,669300
ECVT,26-Aug-2026,10.13,10.29,10.06,10.21,1049800
ED,26-Aug-2026,107.26,108.28,107,108.05,1935600
EDD,26-Aug-2026,5.99,5.99,5.85,5.88,459500
EDF,26-Aug-2026,5.19,5.19,5.12,5.16,93900
EDN,26-Aug-2026,23.82,24.2995,23.53,23.72,58400
EDU,26-Aug-2026,57,58.29,56.73,57.72,2068300
EE,26-Aug-2026,39.49,40.71,38.885,39.2,410300
EEA,26-Aug-2026,11.29,11.29,11.24,11.24,900
EFC,26-Aug-2026,13.57,13.59,13.435,13.46,1012600
EFC-B,26-Aug-2026,24.9,25.08,24.88,24.9341,11400
EFC-C,26-Aug-2026,25.65,25.7,25.65,25.7,1600
EFCpB,26-Aug-2026,24.9,25.08,24.88,24.9341,8853
EFCpC,26-Aug-2026,25.65,25.7,25.65,25.7,900
EFOR,26-Aug-2026,31.09,31.67,30.71,31.45,388900
EFR,26-Aug-2026,10.63,10.645,10.57,10.59,160000
EFT,26-Aug-2026,10.65,10.67,10.6,10.63,173400
EFX,26-Aug-2026,189.72,192.59,189.575,190.56,778000
EFXT,26-Aug-2026,19.48,20.16,19.28,19.87,433800
EG,26-Aug-2026,375.21,380.85,370,379.78,250200
EGO,26-Aug-2026,47.01,47.81,46.76,46.96,2834500
EGP,26-Aug-2026,201.4,203.26,200.68,200.78,294200
EGY,26-Aug-2026,5.64,5.745,5.62,5.69,907400
EHC,26-Aug-2026,120.19,122.03,119.06,120.78,1679300
EHI,26-Aug-2026,5.78,5.78,5.72,5.73,184600
EIC,26-Aug-2026,10.04,10.08,10.04,10.07,51100
EICA,26-Aug-2026,24.94,24.95,24.94,24.945,2100
EIG,26-Aug-2026,48.82,49.48,48.46,49.15,142700
EIIA,26-Aug-2026,25.18,25.23,25.11,25.23,6300
EIX,26-Aug-2026,73.5,75.04,72.65,74.51,3432500
EL,26-Aug-2026,104.46,105.26,103.86,105.06,2667300
ELAN,26-Aug-2026,25.02,25.19,24.84,25.08,4153300
ELC,26-Aug-2026,19.9,19.9,19.77,19.8,23400
ELF,26-Aug-2026,105.7,108.31,104.029,106.97,1457300
ELLA,26-Aug-2026,25.3,25.3774,25.3,25.335,2700
ELME,26-Aug-2026,1.68,1.69,1.67,1.67,1216000
ELPC,26-Aug-2026,11.44,11.45,11.27,11.29,368300
ELS,26-Aug-2026,65.24,65.42,64.59,64.65,1243600
ELV,26-Aug-2026,399,410.285,399,402.54,683800
EMA,26-Aug-2026,50.51,50.84,50.33,50.68,284300
EMBJ,26-Aug-2026,75.78,76.175,75.05,75.27,1280400
EMD,26-Aug-2026,10.57,10.57,10.49,10.49,155200
EME,26-Aug-2026,743.22,767.88,743.22,763.59,406000
EMF,26-Aug-2026,22.46,22.74,22.36,22.52,29900
EMN,26-Aug-2026,72.43,73.16,71.69,72.93,714900
EMO,26-Aug-2026,53.52,55.08,53.52,54.93,44600
EMP,26-Aug-2026,19.92,20.075,19.91,19.91,8300
EMR,26-Aug-2026,155.58,158.7,155.5,158.29,2066500
ENB,26-Aug-2026,49.7,50.6,49.56,50.37,5213800
ENHA,26-Aug-2026,1.63,1.66,1.58,1.61,606800
ENIC,26-Aug-2026,4.56,4.575,4.425,4.47,552800
ENJ,26-Aug-2026,19.3,19.74,19.15,19.74,2300
ENO,26-Aug-2026,20.83,21.04,20.81,20.9299,9100
ENOV,26-Aug-2026,25.3,25.43,24.635,25.25,553500
ENR,26-Aug-2026,22.09,22.39,21.875,21.97,663500
ENS,26-Aug-2026,195.15,196.13,191.31,192.95,378500
ENVA,26-Aug-2026,244.14,245.4899,236.09,236.62,231700
EOD,26-Aug-2026,6.69,6.69,6.61,6.66,106300
EOG,26-Aug-2026,144,146.8299,143.65,144.84,2827200
EOI,26-Aug-2026,19.97,20.0081,19.86,19.99,34700
EOS,26-Aug-2026,21.49,21.505,21.395,21.49,92400
EOT,26-Aug-2026,17.46,17.484,17.16,17.27,29800
EP-C,26-Aug-2026,50.25,50.4999,50.25,50.4,400
EPAC,26-Aug-2026,37.32,37.98,37.22,37.71,295700
EPAM,26-Aug-2026,108.93,110.43,107.07,109.36,1010700
EPC,26-Aug-2026,29.11,29.3797,28.46,28.65,577300
EPD,26-Aug-2026,38.27,39.16,38.25,39.14,2586500
EPpC,26-Aug-2026,50.25,50.4999,50.25,50.4,360
EPR,26-Aug-2026,60.48,60.91,59.92,60,571800
EPR-C,26-Aug-2026,26.67,26.88,26.67,26.69,3900
EPR-E,26-Aug-2026,32.36,32.59,32.36,32.59,700
EPR-G,26-Aug-2026,21.4,21.55,21.39,21.45,11200
EPRpC,26-Aug-2026,26.67,26.88,26.67,26.69,2977
EPRpE,26-Aug-2026,32.36,32.59,32.36,32.59,635
EPRpG,26-Aug-2026,21.4,21.55,21.39,21.45,10268
EPRT,26-Aug-2026,30.91,30.91,30.545,30.71,1282400
EQBK,26-Aug-2026,49.79,50.045,49.38,49.53,75200
EQH,26-Aug-2026,49,50.195,48.72,49.87,3612100
EQH-A,26-Aug-2026,19.03,19.1499,18.78,18.91,67100
EQH-C,26-Aug-2026,16.48,16.69,16.46,16.52,28300
EQHpA,26-Aug-2026,19.03,19.1499,18.78,18.91,52754
EQHpC,26-Aug-2026,16.48,16.69,16.46,16.54,23177
EQNR,26-Aug-2026,40.99,41.93,40.98,41.31,2693600
EQS,26-Aug-2026,1.0132,1.03,1.0132,1.03,3300
EQT,26-Aug-2026,53.67,56.47,53.67,54.79,8275100
ERO,26-Aug-2026,40.51,40.83,39.1801,39.24,1669300
EROC,26-Aug-2026,13,13.8799,12.9,12.99,1676300
EROK,26-Aug-2026,25.3,25.64,24.4201,24.59,112100
ES,26-Aug-2026,71.01,71.9,70.84,71.67,1687900
ESAB,26-Aug-2026,81.27,83.2,81.27,82.23,478400
ESE,26-Aug-2026,278.9,283.84,278.59,283.23,139000
ESI,26-Aug-2026,35.65,36.3382,35.54,36.02,2125700
ESNT,26-Aug-2026,68.64,69.59,68.64,69.59,786000
ESRT,26-Aug-2026,4.77,4.7977,4.72,4.72,1365700
ESS,26-Aug-2026,292.84,292.855,287.92,288.17,811400
ESTC,26-Aug-2026,79.05,80.91,78.79,79.25,1695600
ET,26-Aug-2026,21,21.5,20.96,21.43,7605300
ET-I,26-Aug-2026,11.42,11.4699,11.4,11.43,46400
ETB,26-Aug-2026,15.64,15.68,15.61,15.62,18000
ETD,26-Aug-2026,23.85,23.85,23.42,23.6,565200
ETG,26-Aug-2026,24.24,24.31,24.11,24.2,73300
ETI-,26-Aug-2026,22.78,23.75,22.78,23.75,2700
ETIp,26-Aug-2026,22.78,23.75,22.78,23.75,1374
ETJ,26-Aug-2026,8.44,8.44,8.39,8.44,71200
ETN,26-Aug-2026,411.97,420.93,409.775,419.44,1794200
ETO,26-Aug-2026,31.68,31.72,31.54,31.64,23600
ETpI,26-Aug-2026,11.42,11.4699,11.4,11.445,40797
ETR,26-Aug-2026,106.41,107.7769,106.21,107.23,1370400
ETSS,26-Aug-2026,9.93,9.93,9.93,9.93,12000
ETSY,26-Aug-2026,84.04,84.84,81.51,81.74,2618300
ETV,26-Aug-2026,15.01,15.21,15.01,15.18,154000
ETW,26-Aug-2026,9.85,9.87,9.81,9.86,172900
ETX,26-Aug-2026,18.1,18.1599,18.06,18.15,45700
ETY,26-Aug-2026,14.42,14.8326,14.3761,14.44,210100
EVAC,26-Aug-2026,10.25,10.2801,10.25,10.28,380500
EVC,26-Aug-2026,8.12,8.18,7.97,7.99,797000
EVE.T,26-Aug-2026,0.1025,0.1172,0.1,0.1171,1400
EVEX,26-Aug-2026,2.48,2.52,2.4,2.4,575700
EVEX.WS,26-Aug-2026,0.1025,0.1172,0.1,0.1171,1402
EVF,26-Aug-2026,4.98,5.07,4.94,4.96,58100
EVG,26-Aug-2026,10.66,10.7,10.66,10.68,22000
EVH,26-Aug-2026,4.8,5.03,4.735,4.92,2231900
EVMN,26-Aug-2026,14.17,14.28,13.59,14.11,343000
EVN,26-Aug-2026,10.85,10.85,10.75,10.8,38500
EVR,26-Aug-2026,289.01,294.04,286.19,291.42,493800
EVT,26-Aug-2026,28.98,29.2,28.89,29.05,60300
EVTC,26-Aug-2026,29.85,30.14,29.3619,29.76,307900
EVTL,26-Aug-2026,0.7636,0.7853,0.75,0.7501,2053200
EVTR,26-Aug-2026,50.31,50.38,50.29,50.37,473700
EW,26-Aug-2026,90.29,92.12,90.08,90.78,2778700
EXG,26-Aug-2026,9.95,9.95,9.9,9.95,229400
EXK,26-Aug-2026,10.82,11.055,10.71,10.89,6308400
EXP,26-Aug-2026,199.92,201.86,198.3,200.08,291900
EXPD,26-Aug-2026,189.45,191.79,188.265,190.18,667200
EXR,26-Aug-2026,144.81,145.81,143.82,144.09,725800
F,26-Aug-2026,13.93,13.93,13.76,13.9,28493600
F-B,26-Aug-2026,20.02,20.1697,20.01,20.08,46300
F-C,26-Aug-2026,19.85,19.87,19.65,19.7501,35300
F-D,26-Aug-2026,21.08,21.11,20.9,21,38300
FAF,26-Aug-2026,73.25,73.945,73.0046,73.63,622600
FBIN,26-Aug-2026,45.96,46.41,45.62,46.31,2054700
FBK,26-Aug-2026,57.46,58.05,57.46,57.72,219500
FBP,26-Aug-2026,28.12,28.28,27.92,28.12,887500
FBR-E,26-Aug-2026,19.4,19.59,19.37,19.55,13400
FBRT,26-Aug-2026,8.44,8.55,8.385,8.45,1539800
FBRTpE,26-Aug-2026,19.4,19.59,19.37,19.55,11249
FC,26-Aug-2026,20.47,20.47,20.02,20.07,47900
FCBM,26-Aug-2026,12.6,12.78,12.55,12.66,78400
FCF,26-Aug-2026,20.77,21.275,20.59,20.82,501300
FCN,26-Aug-2026,153.25,153.25,150.02,151.92,338300
FCPT,26-Aug-2026,25.37,25.46,25.14,25.3,600900
FCRS,26-Aug-2026,10.23,10.23,10.22,10.23,22300
FCX,26-Aug-2026,79.34,80.24,78.28,79,18331100
FDS,26-Aug-2026,291.47,298,290.44,295.45,831700
FDX,26-Aug-2026,333.82,340.83,330.41,335.99,1169800
FDXF,26-Aug-2026,128.01,134.205,127.65,131.27,1429600
FE,26-Aug-2026,46.62,47.03,46.51,46.73,4499200
FEGE,26-Aug-2026,53.33,53.45,53.15,53.22,343300
FENG,26-Aug-2026,1.47,1.48,1.47,1.48,800
FEOE,26-Aug-2026,56.74,56.85,56.475,56.54,239300
FERG,26-Aug-2026,234.6,240.48,233.06,235.73,1541700
FET,26-Aug-2026,75.78,77.2339,74.45,75.6,205100
FF,26-Aug-2026,5.36,5.46,5.2668,5.31,375800
FFA,26-Aug-2026,23.04,23.13,23.04,23.09,9000
FFC,26-Aug-2026,16.1,16.12,16,16.02,91700
FG,26-Aug-2026,23.11,23.71,22.79,23.44,423100
FGN,26-Aug-2026,24.51,24.65,24.41,24.44,18800
FGSN,26-Aug-2026,20.95,20.959,20.86,20.88,12000
FHI,26-Aug-2026,65.5,65.66,64.31,65.09,576900
FHN,26-Aug-2026,24.51,24.655,24.44,24.57,3809700
FHN-E,26-Aug-2026,23.47,23.48,23.4,23.48,8300
FHN-F,26-Aug-2026,17.4,17.53,17.25,17.25,5800
FHN-H,26-Aug-2026,24.87,24.87,24.31,24.49,11200
FHNpE,26-Aug-2026,23.47,23.48,23.4,23.48,6387
FHNpF,26-Aug-2026,17.395,17.53,17.25,17.25,4108
FICO,26-Aug-2026,1120,1145.893,1104.31,1133.7,135600
FIG,26-Aug-2026,26.03,27.42,25.63,27.03,10282000
FIGS,26-Aug-2026,14.89,15.3,14.61,15.22,1858900
FINS,26-Aug-2026,12.64,12.6582,12.61,12.62,21900
FINV,26-Aug-2026,4.26,4.35,4.19,4.21,1911800
FIRY,26-Aug-2026,9.56,9.895,9.52,9.84,147200
FIS,26-Aug-2026,40.17,40.79,40.1,40.64,7515300
FIT-A,26-Aug-2026,21.9,22.1351,21.9,22,11200
FIT-I,26-Aug-2026,25.6,25.615,25.54,25.55,16700
FIT-K,26-Aug-2026,18.22,18.49,18.2,18.46,21700
FIT-M,26-Aug-2026,25.61,25.89,25.55,25.725,9700
FITB,26-Aug-2026,55.11,55.4,54.72,55.1,3708000
FIX,26-Aug-2026,1565.22,1621.74,1561.96,1615.69,346700
FIXT,26-Aug-2026,37.32,37.39,37.32,37.39,36100
FLC,26-Aug-2026,16.55,16.7299,16.55,16.64,29900
FLG,26-Aug-2026,13.46,13.69,13.42,13.61,3592700
FLG-A,26-Aug-2026,24.04,24.3,24.04,24.13,23900
FLG-U,26-Aug-2026,40.01,41.58,40.01,41.16,11600
FLGpA,26-Aug-2026,24.04,24.3,24.04,24.13,18402
FLGpU,26-Aug-2026,40.01,41.58,40.01,41.16,10250
FLNG,26-Aug-2026,31.83,31.83,30.38,30.42,543800
FLO,26-Aug-2026,7.13,7.355,7.1,7.17,5453700
FLOC,26-Aug-2026,20.37,20.97,19.9,20.5,468000
FLR,26-Aug-2026,51.35,52.3399,51.34,52.03,1457300
FLS,26-Aug-2026,80.7,83.3525,80.3775,82.8,1722200
FLUT,26-Aug-2026,101.36,101.85,97.8,98.06,1858800
FLXR,26-Aug-2026,39.03,39.03,38.98,39.01,336300
FMC,26-Aug-2026,11.18,11.62,11.05,11.08,2086000
FMN,26-Aug-2026,11.01,11.07,11.01,11.04,12500
FMS,26-Aug-2026,23.65,23.66,23.4,23.4,877300
FMX,26-Aug-2026,123.74,124.59,122.55,122.91,347700
FMY,26-Aug-2026,11.69,11.69,11.65,11.67,600
FN,26-Aug-2026,429.6,438.79,428.29,437.8,792600
FNB,26-Aug-2026,18.44,18.575,18.32,18.46,3211600
FND,26-Aug-2026,54.25,54.94,53.36,54.31,2506500
FNF,26-Aug-2026,47.34,47.82,47.34,47.48,1231100
FNV,26-Aug-2026,267.02,269.61,263.5702,267.37,1023600
FOA,26-Aug-2026,19.71,19.71,18.81,18.89,53100
FOF,26-Aug-2026,13.48,13.58,13.48,13.53,38200
FOIL,26-Aug-2026,22.19,22.27,22,22.21,16200
FOR,26-Aug-2026,29.05,29.27,28.84,28.98,129400
FOU-A,26-Aug-2026,60.84,61.06,59.73,59.82,2800
FOUR,26-Aug-2026,47.86,48.05,46.19,46.25,1826500
FOURpA,26-Aug-2026,60.84,61.06,59.73,59.82,1900
FpB,26-Aug-2026,20.0201,20.1697,20.01,20.09,40865
FpC,26-Aug-2026,19.85,19.87,19.65,19.7501,31287
FpD,26-Aug-2026,21.08,21.11,20.9,21,30715
FPF,26-Aug-2026,17.75,17.87,17.68,17.77,60000
FPH,26-Aug-2026,5.11,5.13,5.06,5.1,156600
FPI,26-Aug-2026,10.27,10.465,10.235,10.36,833900
FPS,26-Aug-2026,32.28,32.99,31.92,32.21,3911100
FR,26-Aug-2026,63.98,63.98,62.85,62.86,565300
FRA,26-Aug-2026,10.96,10.96,10.9,10.92,115600
FRO,26-Aug-2026,41.95,42.44,41.16,41.2,3480100
FRT,26-Aug-2026,117.72,118.33,117.45,117.58,528700
FRT-C,26-Aug-2026,19.25,19.38,19.25,19.3,11000
FRTpC,26-Aug-2026,19.25,19.38,19.25,19.3,9700
FSCO,26-Aug-2026,5.08,5.14,5.0704,5.12,769900
FSK,26-Aug-2026,12,12.215,11.9925,12.16,1557800
FSM,26-Aug-2026,12.21,12.495,12.15,12.41,5046700
FSS,26-Aug-2026,119.6,123.3,119.6,121.53,288800
FSSL,26-Aug-2026,11.61,11.68,11.5475,11.58,174000
FT,26-Aug-2026,7.74,7.79,7.74,7.75,56700
FTHY,26-Aug-2026,13.39,13.47,13.39,13.42,104700
FTI,26-Aug-2026,74.42,76.53,73.79,75.7,1885800
FTK,26-Aug-2026,24.12,24.2499,23.32,23.61,313000
FTR.W,26-Aug-2026,0.56,0.739,0.56,0.56,900
FTRA,26-Aug-2026,9.9,9.9,9.88,9.89,34000
FTS,26-Aug-2026,55.13,55.39,54.81,55.35,612000
FTV,26-Aug-2026,59.7,60.8,59.7,60.25,1681300
FTW,26-Aug-2026,11.3,11.47,11.29,11.37,75800
FTW.W,26-Aug-2026,1.54,1.54,1.46,1.53,500
FTWO,26-Aug-2026,48.08,48.175,47.8,47.8,4600
FUBO,26-Aug-2026,10.79,10.89,10.17,10.3,1090300
FUL,26-Aug-2026,56.37,58.165,56.36,58.05,492600
FUN,26-Aug-2026,16.55,16.72,16.03,16.13,994600
FVR,26-Aug-2026,20.02,20.1,19.545,19.63,120000
FVRR,26-Aug-2026,9.59,9.59,9.38,9.47,354300
FXED,26-Aug-2026,17.475,17.475,17.38,17.4,5800
G,26-Aug-2026,36.8,37.25,36.66,36.88,2422000
GAB,26-Aug-2026,5.7,5.7417,5.6836,5.69,427700
GAB-G,26-Aug-2026,19.04,19.1917,19.04,19.1917,3500
GAB-H,26-Aug-2026,19.08,19.31,19.08,19.19,6000
GAB-K,26-Aug-2026,19.3,19.445,19.3,19.3001,9600
GABpG,26-Aug-2026,19.04,19.1917,19.04,19.1917,2858
GABpH,26-Aug-2026,19.08,19.31,19.08,19.19,4772
GABpK,26-Aug-2026,19.3,19.445,19.3,19.3001,8822
GAM,26-Aug-2026,67.65,67.79,67.39,67.58,5700
GAM-B,26-Aug-2026,24.72,24.775,24.7,24.75,8200
GAMpB,26-Aug-2026,24.72,24.775,24.7,24.75,6966
GAP,26-Aug-2026,20.59,21.505,20.5575,21.15,13034600
GATX,26-Aug-2026,180,181.4,178.155,178.49,166000
GBAB,26-Aug-2026,13.85,13.9,13.8145,13.84,80100
GBCI,26-Aug-2026,47.51,47.76,47.13,47.18,865300
GBTG,26-Aug-2026,9.47,9.48,9.46,9.46,376600
GBX,26-Aug-2026,46.19,46.675,46.055,46.24,209900
GCO,26-Aug-2026,33.84,35.16,33.84,34.55,311800
GCPB,26-Aug-2026,50.19,50.25,50.19,50.2277,5800
GCT.W,26-Aug-2026,0.311,0.336,0.3,0.317,39100
GCTS,26-Aug-2026,1.87,2,1.83,1.88,3490300
GCTS.WS,26-Aug-2026,0.311,0.336,0.3,0.317,38688
GCV,26-Aug-2026,4.62,4.6622,4.575,4.58,27600
GD,26-Aug-2026,378.05,382.99,378.02,382.02,819900
GDDY,26-Aug-2026,96.12,96.57,94.02,95.54,2620800
GDIV,26-Aug-2026,19.09,19.1,19.07,19.0741,3200
GDL,26-Aug-2026,8.43,8.43,8.4021,8.4021,5100
GDO,26-Aug-2026,10.17,10.17,10.15,10.16,12700
GDOT,26-Aug-2026,13.4,13.4,13.31,13.36,206100
GDV,26-Aug-2026,30.5,30.62,30.4501,30.47,78100
GDV-H,26-Aug-2026,20.84,20.86,20.84,20.85,2000
GDV-K,26-Aug-2026,16.75,16.99,16.7001,16.76,6200
GDVpH,26-Aug-2026,20.84,20.86,20.84,20.85,1856
GDVpK,26-Aug-2026,16.75,16.99,16.7001,16.76,3937
GE,26-Aug-2026,351.78,356.39,350,354.39,3038600
GEF,26-Aug-2026,84.85,86.21,84.85,85.51,244900
GEF.B,26-Aug-2026,107.79,110.04,107.68,108.37,81000
GEL,26-Aug-2026,16.15,16.44,16.15,16.44,193000
GENI,26-Aug-2026,7.88,8,7.515,7.62,3003900
GEO,26-Aug-2026,32.19,33.04,31.91,32.77,1763400
GETY,26-Aug-2026,0.264,0.2863,0.26,0.28,4706200
GEV,26-Aug-2026,924.875,959.87,922,953.09,2275900
GF,26-Aug-2026,11.42,11.73,11.41,11.51,35400
GFF,26-Aug-2026,102.08,102.795,100.26,100.82,317500
GFI,26-Aug-2026,48.24,48.445,47.52,47.82,4717400
GFL,26-Aug-2026,40.64,41.425,40.64,41.32,1031000
GFR,26-Aug-2026,6.17,6.24,6.075,6.12,899000
GFR-,26-Aug-2026,1.04,1.2,1.04,1.08,391900
GGB,26-Aug-2026,4.42,4.475,4.39,4.46,7598400
GGG,26-Aug-2026,78.89,79.93,78.3475,79.6,2470900
GGT,26-Aug-2026,4.12,4.13,4.1,4.13,266800
GGT-E,26-Aug-2026,20.05,20.05,20.05,20.05,200
GGT-G,26-Aug-2026,19.97,19.97,19.97,19.97,800
GGTpE,26-Aug-2026,20.05,20.05,20.05,20.05,212
GGTpG,26-Aug-2026,19.97,19.97,19.97,19.97,589
GGZ,26-Aug-2026,16.53,16.65,16.53,16.58,5300
GHC,26-Aug-2026,1179.62,1183.61,1157.39,1163.24,40500
GHG,26-Aug-2026,1.125,1.125,1.09,1.1,5900
GHI,26-Aug-2026,6.49,6.53,6.4093,6.43,18100
GHM,26-Aug-2026,93.75,94.25,89.775,91.86,300500
GHY,26-Aug-2026,11.62,11.64,11.5712,11.61,81100
GIB,26-Aug-2026,73.75,73.815,72.46,73.24,308900
GIC,26-Aug-2026,39.78,40.15,39.34,39.47,95900
GIL,26-Aug-2026,54.79,54.97,53.46,53.58,685800
GIS,26-Aug-2026,39.6,40.485,39.6,40.08,9072500
GJH,26-Aug-2026,9.25,9.36,9.25,9.36,200
GJO,26-Aug-2026,24.61,24.61,24.61,24.61,100
GJP,26-Aug-2026,24.75,24.75,24.73,24.75,3200
GJT,26-Aug-2026,23.22,23.22,23.22,23.22,1600
GKOS,26-Aug-2026,180.11,181.89,176.82,180.57,506000
GL,26-Aug-2026,172.7,176.05,171.535,175.55,465200
GL-D,26-Aug-2026,15.3,15.31,15.17,15.27,11400
GLAS,26-Aug-2026,10.2,10.46,10.01,10.4,425100
GLE.U,26-Aug-2026,10.14,10.14,10.14,10.14,500
GLED,26-Aug-2026,9.99,9.99,9.99,9.99,2900
GLO-A,26-Aug-2026,25.6,25.6,25.5705,25.575,2300
GLO-B,26-Aug-2026,26.07,26.07,25.9,25.9,800
GLO-C,26-Aug-2026,25.8,25.84,25.8,25.8173,3200
GLOB,26-Aug-2026,39.26,40.16,38.37,38.79,859100
GLOPpA,26-Aug-2026,25.6,25.6,25.5705,25.575,1572
GLOPpB,26-Aug-2026,26.07,26.07,25.9,25.9,401
GLOPpC,26-Aug-2026,25.8,25.84,25.8,25.8173,3046
GLP,26-Aug-2026,49.27,50.195,49.27,50.08,37000
GLpD,26-Aug-2026,15.3,15.31,15.17,15.27,8668
GLW,26-Aug-2026,147,152.93,146.95,152.78,6239400
GM,26-Aug-2026,85.98,86.56,84.9154,86.33,5398200
GME,26-Aug-2026,18.02,18.09,17.85,17.97,4589200
GME.W,26-Aug-2026,1.77,1.79,1.71,1.79,405900
GME.WS,26-Aug-2026,1.89,1.89,1.71,1.79,337671
GMED,26-Aug-2026,82.5,83.855,81.81,83.1,970800
GMMF,26-Aug-2026,100.28,100.28,100.261,100.265,7600
GMRS,26-Aug-2026,12.75,13.03,12.63,12.82,338900
GNE,26-Aug-2026,15.32,15.4,14.925,15.01,62200
GNK,26-Aug-2026,26.79,27,25.43,25.83,497400
GNL,26-Aug-2026,9.25,9.255,9.12,9.14,1283200
GNL-A,26-Aug-2026,22.87,23.1,22.87,23.08,7600
GNL-B,26-Aug-2026,22.09,22.14,22.09,22.12,5700
GNL-D,26-Aug-2026,23.42,23.6001,23.42,23.6,3100
GNL-E,26-Aug-2026,23,23.2,23,23.115,1600
GNLpA,26-Aug-2026,22.87,23.1,22.87,23.08,6198
GNLpB,26-Aug-2026,22.09,22.14,22.09,22.12,5210
GNLpD,26-Aug-2026,23.42,23.6001,23.42,23.6,2150
GNLpE,26-Aug-2026,23,23.2,23,23.115,691
GNRC,26-Aug-2026,203,209.1,203,206.62,523500
GNT,26-Aug-2026,9.24,9.2799,9.125,9.26,54100
GNW,26-Aug-2026,9.85,9.96,9.81,9.91,2585700
GOF,26-Aug-2026,9.6,9.8,9.5314,9.69,2483600
GOLD,26-Aug-2026,46.17,46.6899,45.06,45.49,475700
GOLF,26-Aug-2026,86.79,88.17,85.82,86.8,331300
GOOS,26-Aug-2026,8.25,8.349,8.12,8.12,615700
GOTU,26-Aug-2026,1.73,1.74,1.71,1.73,144800
GPC,26-Aug-2026,138.44,139.89,136.58,139.49,1661200
GPGI,26-Aug-2026,13.3,13.69,13.17,13.55,1372000
GPI,26-Aug-2026,263.92,268.48,261.62,262.63,137500
GPJA,26-Aug-2026,20.49,20.72,20.49,20.64,7500
GPK,26-Aug-2026,11.43,11.69,11.4,11.45,2904400
GPM-A,26-Aug-2026,16.95,16.97,16.86,16.88,7200
GPMT,26-Aug-2026,1.07,1.0751,1.03,1.05,616300
GPMTpA,26-Aug-2026,16.95,16.97,16.86,16.88,6219
GPN,26-Aug-2026,93.66,94,92.71,92.96,3037500
GPOR,26-Aug-2026,171.32,177.09,171.32,174.04,207100
GPRK,26-Aug-2026,9.62,9.83,9.6,9.71,223900
GRB-A,26-Aug-2026,22.75,22.75,22.4833,22.4833,2400
GRBK,26-Aug-2026,73.95,74.705,73.48,73.78,221600
GRBKpA,26-Aug-2026,22.75,22.75,22.4833,22.4833,2100
GRC,26-Aug-2026,77.29,78.6092,76.7067,77.62,108700
GRDN,26-Aug-2026,37.47,38.13,37.215,37.48,284500
GRMN,26-Aug-2026,286.86,290,285.65,289.02,570000
GRND,26-Aug-2026,15.5,15.885,15.5,15.79,1097000
GRNT,26-Aug-2026,4.99,5.06,4.94,5,1478200
GROV,26-Aug-2026,0.97,1.01,0.9591,0.9743,24600
GRX,26-Aug-2026,10.17,10.19,10.1,10.1,32400
GS,26-Aug-2026,1061,1062.56,1036.775,1040.46,1489900
GS-A,26-Aug-2026,19.15,19.2296,19.05,19.12,102000
GS-C,26-Aug-2026,19.19,19.19,19.1,19.1368,11000
GS-D,26-Aug-2026,18.72,18.8,18.72,18.75,217400
GSBD,26-Aug-2026,10.07,10.11,9.965,10.02,693200
GSK,26-Aug-2026,51.9,52.09,51.4,51.43,1717000
GSL,26-Aug-2026,44.93,45.12,44.05,44.2,394300
GSL-B,26-Aug-2026,26.93,26.95,26.7543,26.945,2100
GSLpB,26-Aug-2026,26.93,26.95,26.7543,26.945,1433
GSpA,26-Aug-2026,19.15,19.2296,19.05,19.12,94683
GSpC,26-Aug-2026,19.19,19.19,19.1,19.1368,10113
GSpD,26-Aug-2026,18.72,18.8,18.72,18.75,208499
GTES,26-Aug-2026,26.08,26.81,25.91,26.67,1371100
GTN,26-Aug-2026,4.98,4.99,4.86,4.92,507300
GTN.A,26-Aug-2026,5.75,8.13,5.75,7.01,28900
GTY,26-Aug-2026,33.62,33.62,33.065,33.25,399700
GUG,26-Aug-2026,15.15,15.3,15.15,15.3,92500
GUT,26-Aug-2026,6.41,6.49,6.39,6.39,177000
GUT-C,26-Aug-2026,20.74,20.87,20.63,20.65,2600
GUTpC,26-Aug-2026,20.74,20.87,20.63,20.78,2266
GVA,26-Aug-2026,122.06,124.19,120,123.99,301500
GWH,26-Aug-2026,0.3765,0.39,0.3664,0.377,798100
GWRE,26-Aug-2026,182.46,191.52,181.5,191.07,883600
GWW,26-Aug-2026,1309.5,1337.96,1309.5,1335.39,153500
GXO,26-Aug-2026,47.45,48.59,47.17,48,985000
GYLD,26-Aug-2026,14.25,14.54,14.1688,14.37,20300
H,26-Aug-2026,178.98,178.98,174.8,177.57,484100
HAE,26-Aug-2026,107.75,108.08,106.42,106.6,661200
HAFN,26-Aug-2026,7.94,8.01,7.73,7.77,1509900
HAL,26-Aug-2026,33.36,34.455,33.03,34.44,13146600
HASI,26-Aug-2026,39.51,40.08,39.365,40.06,509300
HAWK,26-Aug-2026,21.5,22.25,21.14,21.35,598300
HAYW,26-Aug-2026,14.51,14.67,14.439,14.52,1495600
HBB,26-Aug-2026,32.9,33.01,32.09,32.44,50500
HBM,26-Aug-2026,30,30.63,29.845,29.99,3847400
HCA,26-Aug-2026,427.5,433.5,424.5,427.16,1318400
HCC,26-Aug-2026,106.55,108.77,103.18,105.22,619700
HCI,26-Aug-2026,185.41,189.09,185.41,187.08,139300
HCXY,26-Aug-2026,24.9,25,24.9,25,1900
HD,26-Aug-2026,339.43,339.44,334.51,334.85,4260400
HDB,26-Aug-2026,23.52,23.57,23.16,23.17,18071800
HE,26-Aug-2026,11.33,11.52,11.25,11.49,1872100
HEI,26-Aug-2026,370,370,337.6,346.15,1371600
HEI.A,26-Aug-2026,262.31,265.98,250.17,255.84,388600
HEQ,26-Aug-2026,11.91,11.91,11.82,11.87,17600
HESM,26-Aug-2026,39.04,40.13,39.04,40.08,1863000
HF,26-Aug-2026,22.63,22.63,22.63,22.63,100
HFEQ,26-Aug-2026,24.62,24.62,24.49,24.5371,3600
HFGM,26-Aug-2026,31.241,31.435,31.241,31.39,22100
HFMF,26-Aug-2026,21.22,21.31,21.205,21.2325,195100
HFND,26-Aug-2026,24.61,24.619,24.47,24.6,15400
HFR-A,26-Aug-2026,16.27,16.36,16.25,16.355,7200
HFR-B,26-Aug-2026,16.22,16.27,16.2,16.27,7000
HFRO,26-Aug-2026,7.04,7.145,7.04,7.1,91700
HFROpA,26-Aug-2026,16.27,16.36,16.25,16.355,6200
HFROpB,26-Aug-2026,16.22,16.27,16.2,16.27,5866
HG,26-Aug-2026,35.63,35.63,34.56,35.08,396100
HGER,26-Aug-2026,34.4,34.8,34.4,34.62,881700
HGLB,26-Aug-2026,7.47,7.5499,7.47,7.53,87900
HGTY,26-Aug-2026,13.33,13.62,13.25,13.37,123100
HGV,26-Aug-2026,45,45.04,44.47,44.99,720300
HHH,26-Aug-2026,67.13,67.5,65.545,65.66,310800
HIG,26-Aug-2026,138.57,140.31,138.02,139.86,1207100
HIG-G,26-Aug-2026,24.6,24.7244,24.6,24.7,11500
HIGpG,26-Aug-2026,24.6,24.7244,24.6,24.7,9388
HII,26-Aug-2026,291.15,298.99,291,296.4,367900
HIMS,26-Aug-2026,31.04,31.6295,29.62,29.83,11584100
HIO,26-Aug-2026,3.49,3.51,3.48,3.48,292700
HIPO,26-Aug-2026,33.04,33.6,32.9,32.96,125100
HIW,26-Aug-2026,31.96,31.96,31.47,31.51,752300
HIX,26-Aug-2026,3.92,3.92,3.89,3.91,216500
HKD,26-Aug-2026,1.72,1.7461,1.67,1.69,82200
HL,26-Aug-2026,20.5,21.1334,20.446,20.7,35457200
HL-B,26-Aug-2026,75.32,75.32,75.32,75.32,100
HLF,26-Aug-2026,12.9,13,12.31,12.39,1058300
HLI,26-Aug-2026,128.72,130.58,127.73,129.8,675500
HLIO,26-Aug-2026,74.71,75.9999,73.97,74.93,171000
HLLY,26-Aug-2026,2.9,2.94,2.85,2.86,955200
HLN,26-Aug-2026,10.25,10.26,10.16,10.17,5398500
HLpB,26-Aug-2026,75.32,75.32,75.32,75.32,100
HLT,26-Aug-2026,330.34,333.085,327.37,332.56,1731500
HLX,26-Aug-2026,9.87,9.88,9.65,9.79,1432200
HMC,26-Aug-2026,31.65,31.65,31.3925,31.41,825900
HMN,26-Aug-2026,51.06,51.895,50.955,51.42,185300
HMY,26-Aug-2026,22.39,22.665,22.35,22.43,4017400
HNGE,26-Aug-2026,89.3,93.5,88.51,90.5,1975300
HNI,26-Aug-2026,50,50.34,49.2056,49.92,546700
HOG,26-Aug-2026,27.62,27.965,27.29,27.85,1797300
HOMB,26-Aug-2026,29.97,30.09,29.79,29.82,1911000
HOV,26-Aug-2026,125.78,129.63,125.78,128.32,97800
HP,26-Aug-2026,41.51,42.105,40.8466,41.4,1505000
HPE,26-Aug-2026,53.4,55.45,53.4,55.23,10384300
HPE-C,26-Aug-2026,137.35,141.82,137.35,141.5,174900
HPEpC,26-Aug-2026,137.35,141.82,137.35,141.5,5207
HPF,26-Aug-2026,15.64,15.72,15.63,15.68,35700
HPI,26-Aug-2026,16,16,15.92,15.96,24600
HPP,26-Aug-2026,14.92,15.01,14.25,14.29,416400
HPP-C,26-Aug-2026,14.17,14.34,14.17,14.25,3800
HPPpC,26-Aug-2026,14.17,14.34,14.17,14.25,1674
HPQ,26-Aug-2026,29.42,30.83,29.19,30.52,23669100
HPS,26-Aug-2026,14.01,14.02,13.97,13.99,26700
HQH,26-Aug-2026,23.52,23.52,23.25,23.39,124300
HQL,26-Aug-2026,21.66,21.8,21.3071,21.53,121200
HR,26-Aug-2026,19.4,19.405,19.25,19.26,2166800
HRB,26-Aug-2026,51.97,52.965,51.38,52.67,1640000
HRI,26-Aug-2026,157.57,160.215,155,156.24,305800
HRL,26-Aug-2026,23.84,24.055,23.49,23.71,9291800
HRTG,26-Aug-2026,34.16,34.65,33.585,34.42,181600
HSBC,26-Aug-2026,104.19,104.31,103.605,103.65,1397000
HSHP,26-Aug-2026,16.53,16.53,15.81,15.9,226900
HSY,26-Aug-2026,186.76,187.5899,185.29,185.35,727300
HTB,26-Aug-2026,46.7,47.09,46.55,46.77,159800
HTD,26-Aug-2026,25.4,25.48,25.2701,25.42,26000
HTFC,26-Aug-2026,24.99,24.99,24.98,24.99,2700
HTGC,26-Aug-2026,17.56,17.715,17.51,17.64,1379700
HTH,26-Aug-2026,38.6,38.79,38.37,38.64,204300
HTT,26-Aug-2026,2.54,2.56,2.52,2.54,92100
HUBB,26-Aug-2026,466.17,476.2575,464.66,472.46,383700
HUBS,26-Aug-2026,231.63,237.9,231.36,237.08,1164200
HUM,26-Aug-2026,390,403.15,386.55,391.06,908100
HUN,26-Aug-2026,9.59,9.645,9.3809,9.63,2701600
HUYA,26-Aug-2026,2.15,2.18,2.125,2.18,875900
HVT,26-Aug-2026,27.29,27.43,26.7,27.26,146800
HVT.A,26-Aug-2026,30.69,32,30.69,32,300
HWM,26-Aug-2026,266.13,271.17,264.1,269.34,1634900
HXL,26-Aug-2026,94.39,95.26,93.5075,94.63,540500
HY,26-Aug-2026,34.82,35.13,34.25,34.67,71500
HYBX,26-Aug-2026,29.76,29.76,29.725,29.725,1700
HYI,26-Aug-2026,10.4,10.44,10.36,10.39,29000
HYT,26-Aug-2026,8.29,8.32,8.28,8.28,452600
HYTR,26-Aug-2026,21.32,21.3265,21.3,21.3265,32200
HZO,26-Aug-2026,52.16,52.22,52.1,52.11,400300
IAE,26-Aug-2026,8.92,8.92,8.8405,8.9099,7600
IAG,26-Aug-2026,21.64,21.95,21.5,21.54,4668500
IBM,26-Aug-2026,230.7,234.23,228.96,229.87,4631900
IBN,26-Aug-2026,30.4,30.65,30.115,30.15,9706000
IBP,26-Aug-2026,247.31,247.335,242.7144,246,213900
IBTA,26-Aug-2026,38.17,38.23,37.42,37.75,103300
ICE,26-Aug-2026,161.16,163.3,160.97,161.92,1998900
ICL,26-Aug-2026,5.67,5.71,5.64,5.68,890200
ICR-A,26-Aug-2026,22.62,23,22.62,23,2200
ICRpA,26-Aug-2026,22.62,23,22.62,23,1992
IDA,26-Aug-2026,138.23,139.12,137.49,138.13,502600
IDE,26-Aug-2026,13.25,13.35,13.25,13.29,31500
IDT,26-Aug-2026,69.28,69.57,68.45,69.1,122700
IEX,26-Aug-2026,231.43,235.51,228.58,234.89,498700
IFF,26-Aug-2026,87.43,88.56,86.94,87.12,1362100
IFN,26-Aug-2026,11.51,11.51,11.45,11.47,120800
IFS,26-Aug-2026,54.96,55.44,54.5,54.87,131200
IGA,26-Aug-2026,10.57,10.57,10.51,10.57,51100
IGCB,26-Aug-2026,45.03,45.065,45.03,45.065,2300
IGD,26-Aug-2026,6.6,6.6,6.555,6.59,155400
IGI,26-Aug-2026,16.15,16.15,15.8479,15.99,5000
IGR,26-Aug-2026,4.61,4.68,4.61,4.66,580600
IH,26-Aug-2026,1.21,1.2136,1.21,1.2136,1800
IHD,26-Aug-2026,7.64,7.65,7.61,7.62,11000
IHG,26-Aug-2026,165.79,166.02,163.89,164.58,318100
IHS,26-Aug-2026,8.33,8.36,8.33,8.36,1458900
IIF,26-Aug-2026,23.27,23.34,23.1201,23.2,25900
IIIN,26-Aug-2026,30.55,30.665,30.34,30.51,104800
IIM,26-Aug-2026,12.48,12.6599,12.48,12.635,97200
IIP-A,26-Aug-2026,25.07,25.09,25.01,25.09,11300
IIPR,26-Aug-2026,57.61,57.96,56.91,57.04,180300
IIPRpA,26-Aug-2026,25.07,25.07,25.01,25.04,9419
IMAX,26-Aug-2026,53.75,54.76,52.61,52.76,747000
INF.W,26-Aug-2026,7.01,7.01,6.33,6.91,43400
INFO,26-Aug-2026,28.08,28.1095,28.05,28.0791,133700
INFQ,26-Aug-2026,13.8,14.06,13.1601,13.53,6444700
INFY,26-Aug-2026,11.81,11.84,11.64,11.69,6737100
ING,26-Aug-2026,35.57,35.615,35.405,35.57,2395100
INGM,26-Aug-2026,29.19,29.19,28.6087,29.16,932500
INGR,26-Aug-2026,104.86,105.84,104.59,104.74,567300
INN,26-Aug-2026,6.2,6.2,5.98,5.99,705200
INN-E,26-Aug-2026,17.97,17.97,17.9,17.92,2000
INN-F,26-Aug-2026,17.15,17.18,17.14,17.18,5600
INNpE,26-Aug-2026,17.97,17.97,17.9,17.92,1413
INNpF,26-Aug-2026,17.15,17.18,17.14,17.18,4081
INR,26-Aug-2026,14.31,14.795,14.2601,14.69,268000
INSP,26-Aug-2026,60.07,62.46,60.01,61.8,327200
INSW,26-Aug-2026,97.34,97.34,93.14,93.67,616600
INVH,26-Aug-2026,30.26,30.26,29.89,29.89,2443500
INVX,26-Aug-2026,28.46,28.67,27.9,28.26,544000
ION.W,26-Aug-2026,28.97,29.01,28.6,29,2700
IONQ,26-Aug-2026,41.06,41.91,39.96,40.03,13106000
IONQ.WS,26-Aug-2026,28.97,29.01,28.6,29,1803
IOT,26-Aug-2026,38.07,40.22,37.8361,39.84,3711900
IP,26-Aug-2026,40.92,41.83,40.73,41.39,3370400
IPB,26-Aug-2026,25.05,25.22,25.05,25.19,900
IPI,26-Aug-2026,37.53,38.425,37.31,37.38,150000
IQI,26-Aug-2026,10.14,10.14,10.09,10.09,114700
IQV,26-Aug-2026,254.91,262.51,253.155,261.51,1272000
IR,26-Aug-2026,79.18,80.53,78.95,79.97,2969200
IRAB,26-Aug-2026,9.98,9.98,9.98,9.98,250000
IRM,26-Aug-2026,120.77,122.68,120.66,121.43,1338700
IRS,26-Aug-2026,15.07,15.29,14.95,15.04,138100
IRT,26-Aug-2026,16.74,16.885,16.61,16.61,2520600
ISD,26-Aug-2026,12.34,12.4,12.31,12.37,127800
IT,26-Aug-2026,190.84,196.275,190,192.96,1181300
ITGR,26-Aug-2026,125.35,125.49,125.12,125.19,456600
ITT,26-Aug-2026,206.64,211.18,203.08,210.4,637100
ITUB,26-Aug-2026,7.72,7.77,7.6,7.61,26139400
ITW,26-Aug-2026,283.01,286.2643,282.24,285.51,889700
IVR,26-Aug-2026,7.45,7.455,7.35,7.37,1921000
IVR-C,26-Aug-2026,25.025,25.0824,25.025,25.08,6000
IVRpC,26-Aug-2026,25.025,25.0824,25.025,25.08,4500
IVT,26-Aug-2026,32.62,32.83,32.47,32.67,677100
IVZ,26-Aug-2026,32.73,33.31,32.37,32.98,3622200
IX,26-Aug-2026,39.62,39.88,39.57,39.73,228600
J,26-Aug-2026,150.65,153.2999,150.44,151.52,501000
JACS,26-Aug-2026,10.73,10.73,10.73,10.73,200
JAN,26-Aug-2026,31.46,31.93,31.44,31.76,1106800
JBGS,26-Aug-2026,12.7,12.7,12.11,12.35,927800
JBI,26-Aug-2026,5.08,5.16,5.025,5.07,1323400
JBK,26-Aug-2026,25.32,25.49,25.32,25.41,3100
JBL,26-Aug-2026,310.48,315.15,309.94,310.91,564200
JBND,26-Aug-2026,52.89,52.95,52.84,52.89,1065600
JBS,26-Aug-2026,14.12,14.12,13.72,13.75,4191000
JBTM,26-Aug-2026,118.2,120.86,116.96,119.93,455500
JCE,26-Aug-2026,17.1,17.14,16.98,17.05,17500
JCI,26-Aug-2026,142.72,145.17,142.34,144.33,1922800
JEF,26-Aug-2026,52.49,53.55,51.57,53.13,1829900
JELD,26-Aug-2026,2.42,2.525,2.3868,2.42,2521500
JENA,26-Aug-2026,10.47,10.47,10.47,10.47,100
JFR,26-Aug-2026,7.61,7.61,7.57,7.57,300400
JGH,26-Aug-2026,12.51,12.51,12.3761,12.46,14700
JHI,26-Aug-2026,13.22,13.34,13.2182,13.27,11700
JHS,26-Aug-2026,10.92,10.94,10.9184,10.92,15300
JHX,26-Aug-2026,30.44,30.515,30.02,30.15,3005800
JILL,26-Aug-2026,19.87,19.9,19.32,19.86,83800
JKS,26-Aug-2026,14.79,14.79,13.0801,13.66,2091900
JLL,26-Aug-2026,391.18,391.18,384.87,386.08,329000
JLS,26-Aug-2026,16.98,17.0073,16.9,16.9,13100
JMIA,26-Aug-2026,6.83,7.035,6.8,6.83,1739100
JMKE,26-Aug-2026,22.05,22.55,21.95,22.31,1881300
JMM,26-Aug-2026,5.78,5.805,5.78,5.805,5400
JNJ,26-Aug-2026,271.97,272.905,269.55,270,7220300
JOBY,26-Aug-2026,7.18,7.355,7.11,7.14,18210100
JOE,26-Aug-2026,69.43,69.6,68.89,69.15,131300
JOF,26-Aug-2026,12.47,12.57,12.4062,12.53,38700
JPC,26-Aug-2026,7.52,7.55,7.46,7.49,1128100
JPM,26-Aug-2026,356.5,358.35,354.6001,356.5,5802500
JPM-C,26-Aug-2026,24.91,24.95,24.8,24.8,125900
JPM-D,26-Aug-2026,23.18,23.25,23.13,23.13,149200
JPM-J,26-Aug-2026,18.76,18.779,18.6,18.63,178000
JPM-K,26-Aug-2026,17.85,17.91,17.73,17.77,177600
JPM-L,26-Aug-2026,18.11,18.19,18.05,18.07,168700
JPM-M,26-Aug-2026,16.75,16.85,16.72,16.73,268800
JPMpC,26-Aug-2026,24.91,24.95,24.801,24.81,106903
JPMpD,26-Aug-2026,23.2,23.25,23.13,23.13,135074
JPMpJ,26-Aug-2026,18.76,18.779,18.6,18.6,163116
JPMpK,26-Aug-2026,17.85,17.91,17.73,17.78,164617
JPMpL,26-Aug-2026,18.11,18.19,18.05,18.09,150047
JPMpM,26-Aug-2026,16.81,16.85,16.72,16.78,244602
JQC,26-Aug-2026,4.76,4.78,4.74,4.75,912500
JRI,26-Aug-2026,12.5,12.56,12.4,12.44,65000
JRS,26-Aug-2026,8.6,8.6,8.4652,8.5,32000
JXN,26-Aug-2026,130.78,133.66,130.78,133.6,368500
JXN-A,26-Aug-2026,25.61,25.74,25.58,25.68,18300
JXNpA,26-Aug-2026,25.61,25.74,25.58,25.68,13457
KAI,26-Aug-2026,307.38,309.8,302.65,305.92,65500
KB,26-Aug-2026,120.97,121.16,119.48,120.86,89200
KBDC,26-Aug-2026,13.54,13.6332,13.46,13.48,339100
KBH,26-Aug-2026,56.87,57.14,56.02,56.08,762600
KBR,26-Aug-2026,37.56,38.32,37.53,37.93,687400
KCA.S,26-Aug-2026,10.1,10.1,10.0999,10.1,800
KCA.U,26-Aug-2026,10.36,10.36,10.36,10.36,100
KD,26-Aug-2026,12.8,12.9,12.485,12.68,3320300
KEN,26-Aug-2026,66.83,66.83,65.93,66.2,10700
KEP,26-Aug-2026,12.42,12.45,12.215,12.24,1267300
KEX,26-Aug-2026,136.78,139.825,135.49,139.02,345700
KEY,26-Aug-2026,22.01,22.2,21.9,22.09,6542300
KEY-I,26-Aug-2026,25.3,25.3398,25.29,25.3,26700
KEY-J,26-Aug-2026,21.15,21.3,21.15,21.2,50200
KEY-K,26-Aug-2026,20.8,21.11,20.8,20.95,31500
KEY-L,26-Aug-2026,25.32,25.48,25.32,25.36,24600
KEYpI,26-Aug-2026,25.3,25.3398,25.29,25.3,17350
KEYpJ,26-Aug-2026,21.15,21.3,21.15,21.2001,42158
KEYpK,26-Aug-2026,20.8,21.11,20.8,20.97,23849
KEYpL,26-Aug-2026,25.32,25.48,25.32,25.36,20170
KEYS,26-Aug-2026,323.13,327.065,321.03,321.87,1139300
KF,26-Aug-2026,64.57,65.45,63.47,63.73,26300
KFRC,26-Aug-2026,57.31,58.33,56.25,57,325400
KFY,26-Aug-2026,84.17,84.6,83.2601,83.99,346700
KGC,26-Aug-2026,32.9,32.942,32.15,32.32,8324000
KGS,26-Aug-2026,59.01,61.06,58.18,60.47,2182100
KIM,26-Aug-2026,24.05,24.13,23.95,24.03,5253300
KIM-L,26-Aug-2026,19.84,19.99,19.83,19.95,6800
KIM-M,26-Aug-2026,20.28,20.38,20.28,20.325,14300
KIMpL,26-Aug-2026,19.84,19.99,19.83,19.97,4990
KIMpM,26-Aug-2026,20.28,20.38,20.28,20.325,10777
KIO,26-Aug-2026,11.1,11.1,11,11.02,141700
KKR,26-Aug-2026,107.45,108.99,106.88,108.5,2303000
KKR-D,26-Aug-2026,46.08,46.96,45.91,46.96,1236400
KKRpD,26-Aug-2026,46.08,46.95,45.91,46.95,5830
KKRS,26-Aug-2026,16.15,16.17,16.06,16.1,21900
KKRT,26-Aug-2026,23.25,23.38,23.2,23.28,74900
KLAR,26-Aug-2026,14.25,14.66,14.135,14.21,4373000
KLC,26-Aug-2026,2.52,2.57,2.49,2.49,512700
KMI,26-Aug-2026,30.88,32.255,30.8,32.02,15313500
KMPB,26-Aug-2026,24.75,24.88,24.75,24.7501,23600
KMPR,26-Aug-2026,27.62,28.64,27.453,28.41,962500
KMT,26-Aug-2026,29.45,30.01,29,30.01,1263600
KMX,26-Aug-2026,64.76,65.28,63.745,63.84,1496200
KN,26-Aug-2026,33.81,34.66,33.645,34.54,566100
KNF,26-Aug-2026,66.18,66.97,65.455,66.8,1161400
KNOP,26-Aug-2026,10.59,10.88,10.47,10.66,54900
KNSL,26-Aug-2026,387.74,393.56,387.01,387.13,113400
KNTK,26-Aug-2026,54.08,55.78,53.82,55.1,1227600
KNX,26-Aug-2026,67.86,69.79,67.76,69.55,1717400
KO,26-Aug-2026,92.21,92.21,90,90.08,17133800
KODK,26-Aug-2026,9.45,9.53,9.34,9.53,412100
KOF,26-Aug-2026,116.81,117.0889,114.24,114.81,160400
KOP,26-Aug-2026,46.56,47.0899,45.92,46.34,149200
KOS,26-Aug-2026,2.65,2.8,2.59,2.78,12406600
KPET,26-Aug-2026,9.99,9.99,9.99,9.99,200
KR,26-Aug-2026,58.45,58.855,58.225,58.51,5533300
KRC,26-Aug-2026,37.02,37.36,36.77,36.83,1121100
KRE-A,26-Aug-2026,18.2,18.49,18.2,18.32,20000
KREF,26-Aug-2026,7.62,7.64,7.53,7.55,400400
KREFpA,26-Aug-2026,18.2,18.49,18.2,18.32,14236
KRG,26-Aug-2026,26.42,26.495,26.22,26.26,1235000
KRMN,26-Aug-2026,49.29,50.77,47.83,48.38,1400300
KRO,26-Aug-2026,8.79,9,8.64,8.79,285500
KRP,26-Aug-2026,15.15,15.23,15.02,15.1,621900
KRS.U,26-Aug-2026,10.72,10.72,10.69,10.69,1000
KRSP,26-Aug-2026,10.5,10.66,10.5,10.66,2700
KRSP.U,26-Aug-2026,10.72,10.72,10.6972,10.6972,296
KSS,26-Aug-2026,16.65,18.23,16.02,17.94,12994700
KT,26-Aug-2026,19.34,19.685,19.34,19.66,1034500
KTB,26-Aug-2026,80.24,80.24,77.03,77.18,460400
KTF,26-Aug-2026,8.79,8.82,8.785,8.81,119500
KTN,26-Aug-2026,25.44,25.52,25.44,25.485,1000
KVUE,26-Aug-2026,19.42,19.47,19.21,19.22,25400400
KVYO,26-Aug-2026,17.54,18.105,17.35,17.79,3213000
KWR,26-Aug-2026,165.29,167.605,163.76,164.72,132500
KWY,26-Aug-2026,10.4,10.57,10.15,10.16,39400
KYN,26-Aug-2026,14.56,14.8709,14.56,14.83,211200
L,26-Aug-2026,111.18,111.825,110.92,110.96,477300
LAC,26-Aug-2026,3.22,3.305,3.18,3.21,6250200
LAD,26-Aug-2026,372.44,378.015,369.57,370.15,166000
LADR,26-Aug-2026,10.01,10.02,9.85,9.86,670900
LANV,26-Aug-2026,1.14,1.14,1.06,1.06,59700
LAR,26-Aug-2026,6.76,6.91,6.595,6.71,1645800
LAW,26-Aug-2026,4.1,4.16,4.06,4.09,193400
LAZ,26-Aug-2026,43.53,43.92,42.69,42.79,1573200
LB,26-Aug-2026,86.38,90.9299,86,88.59,295700
LBRT,26-Aug-2026,18.19,18.51,17.9,18.51,3859000
LCII,26-Aug-2026,103.84,104.35,101.48,102.99,341400
LCLN,26-Aug-2026,23.7,25.25,23.66,25.17,527700
LDI,26-Aug-2026,0.92,0.9331,0.8727,0.8822,2044000
LDOS,26-Aug-2026,134.32,138.06,134.27,137.43,944700
LDP,26-Aug-2026,20.71,20.73,20.5901,20.64,66200
LEA,26-Aug-2026,123.75,124.42,122.07,124.42,444900
LEG,26-Aug-2026,9.33,9.44,9.15,9.2,13663000
LEN,26-Aug-2026,87.27,88.15,86.41,87.15,1559700
LEN.B,26-Aug-2026,86.09,86.6999,85.46,85.61,49600
LEO,26-Aug-2026,6.21,6.21,6.19,6.21,91600
LEU,26-Aug-2026,193.12,208.57,185.27,187.63,963500
LEVI,26-Aug-2026,21.19,21.445,21.01,21.43,1723000
LFT,26-Aug-2026,0.7,0.7599,0.7,0.7334,221200
LFT-A,26-Aug-2026,16.6,16.69,16.45,16.68,2700
LFTpA,26-Aug-2026,16.6,16.69,16.45,16.68,1704
LGI,26-Aug-2026,18.56,18.59,18.39,18.42,25700
LH,26-Aug-2026,335.83,339.4,334.41,335.72,701200
LHX,26-Aug-2026,259.98,264.85,258.5364,262.96,1395600
LII,26-Aug-2026,391.84,400.03,390.44,393.72,467900
LION,26-Aug-2026,11.76,11.76,11.5,11.52,1588800
LITB,26-Aug-2026,3.14,3.32,3.08,3.092,15600
LLY,26-Aug-2026,1234,1235.775,1180.01,1189.41,3006400
LMND,26-Aug-2026,54.36,55.55,53.54,53.64,1004100
LMT,26-Aug-2026,559,569.9595,556.4493,565.62,844600
LNC,26-Aug-2026,42.51,43.4,42.25,43.32,1809900
LNC-D,26-Aug-2026,26.23,26.29,26.145,26.15,27100
LNCpD,26-Aug-2026,26.23,26.29,26.145,26.2,20620
LND,26-Aug-2026,3.76,3.76,3.69,3.71,53400
LNG,26-Aug-2026,275.19,284.52,274,284.08,1456600
LNN,26-Aug-2026,114.33,116,113.45,114.13,103300
LOAR,26-Aug-2026,73.34,76.46,73.18,73.47,613100
LOB,26-Aug-2026,40.11,40.128,39.723,39.99,130300
LOB-A,26-Aug-2026,25.39,25.4899,25.39,25.4899,5000
LOBpA,26-Aug-2026,25.39,25.4899,25.39,25.4899,3786
LOCL,26-Aug-2026,0.99,1.0346,0.98,0.9908,16500
LOMA,26-Aug-2026,9.77,9.91,9.58,9.65,368500
LOW,26-Aug-2026,215.09,215.39,210.21,210.36,3778600
LPG,26-Aug-2026,48.89,49.63,47.5,47.9,633700
LPL,26-Aug-2026,3.35,3.375,3.31,3.34,1519300
LPX,26-Aug-2026,72.44,72.91,71.13,71.22,838000
LRN,26-Aug-2026,84.89,86.07,83.61,84.58,435400
LSPD,26-Aug-2026,10.49,10.63,10.36,10.49,506500
LTC,26-Aug-2026,40.82,40.83,40.485,40.53,260300
LTH,26-Aug-2026,45.01,45.21,44.66,44.8,2065000
LTM,26-Aug-2026,54.67,54.81,52.415,52.5,1733200
LU,26-Aug-2026,1.33,1.35,1.3,1.3,613000
LUCK,26-Aug-2026,6.76,6.825,6.63,6.74,59700
LUMN,26-Aug-2026,5.86,6.105,5.85,6.09,11391700
LUV,26-Aug-2026,41.75,41.81,40.66,40.67,4142800
LUXE,26-Aug-2026,7.79,8.25,7.4901,7.85,54000
LVS,26-Aug-2026,46.82,47.055,46.085,46.23,3816500
LVW.W,26-Aug-2026,0.029,0.034,0.0288,0.032,23800
LVWR,26-Aug-2026,1.28,1.44,1.2252,1.37,1092200
LVWR.WS,26-Aug-2026,0.029,0.034,0.0288,0.032,23539
LW,26-Aug-2026,54.78,55.52,54.57,55.26,1345400
LXFR,26-Aug-2026,17.15,17.19,17.15,17.17,203400
LXP,26-Aug-2026,61.06,61.1,60.94,60.99,348100
LXP-C,26-Aug-2026,49,49.11,49,49.1,1300
LXPpC,26-Aug-2026,49,49.11,49,49.1,1219
LXU,26-Aug-2026,10.32,10.54,10.09,10.41,733500
LYB,26-Aug-2026,61.91,62.83,61.48,62.62,2744000
LYG,26-Aug-2026,6.07,6.07,6.03,6.04,9686700
LYNX,26-Aug-2026,13.81,14.22,12.96,13.65,1257800
LYV,26-Aug-2026,188.82,188.96,182.51,182.64,1634100
LZB,26-Aug-2026,32.3,32.59,31.9675,32.34,732500
LZM,26-Aug-2026,4.58,4.7,4.345,4.43,424000
M,26-Aug-2026,22.58,22.96,22.37,22.82,5421500
MA,26-Aug-2026,599.37,600.49,594.71,598.47,3112400
MAA,26-Aug-2026,132.05,132.905,131.345,131.5,508500
MAA-I,26-Aug-2026,53.79,54.45,53.52,54.26,2900
MAApI,26-Aug-2026,53.79,54.45,53.52,54.26,2200
MAC,26-Aug-2026,24.35,24.405,24.12,24.18,2098900
MAGN,26-Aug-2026,12.77,12.815,12.38,12.45,406100
MAIN,26-Aug-2026,58.55,58.9099,58.3467,58.43,363700
MAIR,26-Aug-2026,27.59,28.51,27.37,28.51,6149600
MAN,26-Aug-2026,61.66,62.44,61.19,61.96,652700
MANE,26-Aug-2026,102.04,104.87,101.3,102.8,657000
MANU,26-Aug-2026,23.88,23.88,23.425,23.5,261500
MAS,26-Aug-2026,73.36,73.8,72.75,73.6,2007100
MATV,26-Aug-2026,12.33,12.77,12.06,12.33,1313800
MATX,26-Aug-2026,221.84,224.34,220.42,221.65,138100
MAX,26-Aug-2026,12.71,12.81,12.33,12.67,696700
MBC,26-Aug-2026,9.1,9.12,8.8,8.84,1416500
MBGL,26-Aug-2026,20.16,20.975,20.16,20.55,2855700
MBI,26-Aug-2026,4.92,5.06,4.85,5.01,732000
MC,26-Aug-2026,67.91,68.3,66.67,67.21,586600
MCB,26-Aug-2026,91.11,91.41,90.35,91.32,77400
MCD,26-Aug-2026,268.5,269.0572,266.11,266.93,4188800
MCI,26-Aug-2026,18.01,18.1,17.77,18.1,29800
MCK,26-Aug-2026,905.54,918,891.9939,896.65,1059200
MCN,26-Aug-2026,5.65,5.68,5.64,5.65,42800
MCO,26-Aug-2026,512.31,520.585,511.35,514.55,756400
MCS,26-Aug-2026,30.16,30.51,29.45,29.62,239500
MCY,26-Aug-2026,104.56,106.4,104.55,105.07,202000
MD,26-Aug-2026,26.93,27.26,26.7,26.95,528100
MDA,26-Aug-2026,29.59,30.58,29.33,29.58,645300
MDST,26-Aug-2026,29.67,29.934,29.2,29.876,126500
MDT,26-Aug-2026,91.08,92.53,90.75,92.02,6046500
MDU,26-Aug-2026,20.05,20.3,20.05,20.29,1310100
MEC,26-Aug-2026,20.56,20.8825,20.04,20.67,642800
MED,26-Aug-2026,12.05,12.49,12.05,12.22,167000
MEGI,26-Aug-2026,15.06,15.22,14.97,15.06,99100
MEI,26-Aug-2026,16.24,17.37,16,17.06,573300
MER-K,26-Aug-2026,25.15,25.162,25.07,25.0965,37300
MERpK,26-Aug-2026,25.15,25.162,25.07,25.0965,33168
MET,26-Aug-2026,95.96,96.77,95.09,96.52,2442300
MET-A,26-Aug-2026,21.31,21.34,21.23,21.23,28200
MET-E,26-Aug-2026,21.55,21.71,21.51,21.64,66600
MET-F,26-Aug-2026,18.08,18.18,18.0318,18.14,76200
METpA,26-Aug-2026,21.31,21.34,21.2357,21.29,23382
METpE,26-Aug-2026,21.55,21.71,21.51,21.64,56708
METpF,26-Aug-2026,18.08,18.18,18.0318,18.14,60145
MFA,26-Aug-2026,8.86,8.87,8.775,8.8,1355200
MFA-B,26-Aug-2026,20.17,20.25,20.17,20.2,7200
MFA-C,26-Aug-2026,23.66,23.66,23.52,23.58,46600
MFAN,26-Aug-2026,25.18,25.29,25.18,25.29,7900
MFAO,26-Aug-2026,25.2,25.25,25.18,25.18,9000
MFApB,26-Aug-2026,20.17,20.25,20.17,20.2,5916
MFApC,26-Aug-2026,23.66,23.66,23.52,23.58,44336
MFC,26-Aug-2026,43.21,43.415,42.92,43.23,941300
MFG,26-Aug-2026,10.46,10.535,10.42,10.45,1841500
MFM,26-Aug-2026,5.39,5.39,5.36,5.37,131000
MFSB,26-Aug-2026,24.72,24.75,24.7028,24.75,80900
MFSG,26-Aug-2026,30.07,30.14,30.01,30.08,38900
MFSI,26-Aug-2026,33.77,33.83,33.65,33.7,203400
MFSM,26-Aug-2026,24.76,24.78,24.75,24.76,57300
MFSV,26-Aug-2026,29.77,29.8693,29.76,29.82,151500
MG,26-Aug-2026,18.81,19.2139,18.43,18.8,196100
MGA,26-Aug-2026,65.8,66.04,65.08,66,1659200
MGF,26-Aug-2026,2.83,2.84,2.82,2.84,12600
MGM,26-Aug-2026,43.33,43.62,43,43.46,1901500
MGR,26-Aug-2026,19.66,19.74,19.6,19.61,29500
MGRB,26-Aug-2026,16.17,16.205,16.1,16.13,18300
MGRD,26-Aug-2026,14.72,14.72,14.675,14.7,3900
MGRE,26-Aug-2026,22.5,22.5,22.2701,22.34,34000
MGY,26-Aug-2026,26.07,26.655,25.93,26.43,2722900
MH,26-Aug-2026,12.89,13.14,12.84,13.04,474100
MHD,26-Aug-2026,11.48,11.49,11.43,11.46,219400
MHF,26-Aug-2026,6.86,6.89,6.855,6.875,11100
MHK,26-Aug-2026,134.51,135.285,131.87,132.17,802000
MHLA,26-Aug-2026,9.84,10.59,9.74,10,6400
MHNC,26-Aug-2026,11.44,11.84,11.31,11.43,2000
MHO,26-Aug-2026,154.47,154.985,151.8,152.29,206900
MIAX,26-Aug-2026,44.12,44.765,42.255,43.39,1349100
MICC,26-Aug-2026,20.4,20.46,20.255,20.27,523700
MIN,26-Aug-2026,2.44,2.45,2.44,2.44,149900
MIR,26-Aug-2026,14.71,15.01,14.66,14.9,2297100
MIT-A,26-Aug-2026,22.5,22.5,22.4,22.4,1200
MIT-B,26-Aug-2026,20.94,21.06,20.9168,21.03,4500
MIT-C,26-Aug-2026,25.59,25.61,25.58,25.5832,4800
MITN,26-Aug-2026,25.46,25.46,25.4,25.4,500
MITP,26-Aug-2026,25.324,25.38,25.324,25.35,5500
MITT,26-Aug-2026,6.74,6.7703,6.63,6.64,197900
MITTpA,26-Aug-2026,22.5,22.5,22.4,22.4,1100
MITTpB,26-Aug-2026,20.94,21.06,20.9168,21.03,3394
MITTpC,26-Aug-2026,25.59,25.61,25.58,25.5832,4561
MIY,26-Aug-2026,12.65,12.66,12.52,12.62,30800
MKC,26-Aug-2026,54.22,55.245,53.8,55.1,2976500
MKC.V,26-Aug-2026,54.59,54.75,54.17,54.75,2600
MKL,26-Aug-2026,1809,1831.03,1808.93,1815.57,55600
MLI,26-Aug-2026,61.44,64.1,61.44,64.08,1266500
MLM,26-Aug-2026,535.65,541.9499,531.63,532.18,587300
MLP,26-Aug-2026,16.12,16.36,15.921,15.99,18500
MLR,26-Aug-2026,57.5,57.85,56.355,57.2,117400
MMD,26-Aug-2026,15.04,15.04,14.99,15.03,12800
MMI,26-Aug-2026,32.28,32.53,32.09,32.2,99800
MMID,26-Aug-2026,27.57,27.6461,27.57,27.6461,300
MMK,26-Aug-2026,100.2601,100.27,100.2601,100.27,100
MMKT,26-Aug-2026,100.24,100.249,100.23,100.23,4300
MMM,26-Aug-2026,180.5,180.67,178.535,180,2673700
MMS,26-Aug-2026,58.15,59.265,57.82,58.97,364300
MMT,26-Aug-2026,4.43,4.45,4.41,4.45,287300
MMU,26-Aug-2026,10.15,10.15,10.0956,10.14,52000
MNR,26-Aug-2026,12.5,12.56,12.41,12.44,366400
MNSO,26-Aug-2026,11.5,11.508,11.405,11.42,474100
MNTN,26-Aug-2026,13.05,13.28,12.4,13.05,1055400
MO,26-Aug-2026,68.39,69.29,68.33,69.12,6316900
MOD,26-Aug-2026,189.16,192.72,184.5,187.3,1700100
MOG.A,26-Aug-2026,378.58,385.115,376.1701,384.03,232200
MOG.B,26-Aug-2026,385,385,385,385,100
MOGU,26-Aug-2026,1.88,1.8801,1.88,1.88,2100
MOH,26-Aug-2026,199.34,207.92,199.34,202.43,413500
MOS,26-Aug-2026,24.84,25.2,24.1425,24.16,7956500
MOV,26-Aug-2026,36.48,36.95,34.15,35,453400
MP,26-Aug-2026,60.5,62.47,58.315,59.31,7571800
MPA,26-Aug-2026,11.05,11.06,11,11.04,34600
MPC,26-Aug-2026,350.79,365.32,347.67,362.27,2089900
MPLX,26-Aug-2026,58.25,59.43,58.25,59.32,803300
MPT,26-Aug-2026,4.08,4.145,4.08,4.08,3831300
MPV,26-Aug-2026,15.71,15.965,15.605,15.72,21800
MQY,26-Aug-2026,11.18,11.18,11.11,11.13,188800
MRK,26-Aug-2026,154.35,155.19,152.6109,153.1,8634900
MRP,26-Aug-2026,30.9,30.9,30.63,30.67,771100
MRSH,26-Aug-2026,193.93,195.545,193.08,193.26,2956200
MS,26-Aug-2026,217,217,211.85,214.08,4128400
MS-A,26-Aug-2026,19,19.04,18.85,18.88,210300
MS-E,26-Aug-2026,25.5,25.55,25.48,25.48,39000
MS-F,26-Aug-2026,25.27,25.33,25.26,25.26,39900
MS-I,26-Aug-2026,24.55,24.66,24.521,24.58,52900
MS-K,26-Aug-2026,22.39,22.48,22.39,22.41,58500
MS-L,26-Aug-2026,19.01,19.03,18.89,18.91,39000
MS-O,26-Aug-2026,16.62,16.6899,16.56,16.58,82800
MS-P,26-Aug-2026,25.18,25.2201,25.06,25.06,38800
MS-Q,26-Aug-2026,25.56,25.61,25.4808,25.52,25800
MSA,26-Aug-2026,188.63,191.005,187.58,190.52,183800
MSB,26-Aug-2026,23.3,23.7694,23.09,23.1,14000
MSC,26-Aug-2026,1.77,1.77,1.77,1.77,400
MSCI,26-Aug-2026,560.13,568.13,560.0102,564.22,273300
MSD,26-Aug-2026,7.33,7.4459,7.25,7.26,54900
MSDL,26-Aug-2026,15.35,15.4,15.23,15.26,274000
MSGE,26-Aug-2026,80.59,80.59,79.105,79.49,247400
MSGS,26-Aug-2026,404.77,410.91,397.88,398.45,158500
MSI,26-Aug-2026,482.56,490.19,481.0901,487.28,805700
MSIF,26-Aug-2026,12.68,12.83,12.615,12.68,196000
MSM,26-Aug-2026,119.35,122.59,118.16,122.5,493100
MSpA,26-Aug-2026,19,19.04,18.85,18.88,189029
MSpE,26-Aug-2026,25.5,25.55,25.49,25.515,33094
MSpF,26-Aug-2026,25.27,25.33,25.26,25.26,32393
MSpI,26-Aug-2026,24.55,24.66,24.521,24.59,44490
MSpK,26-Aug-2026,22.39,22.48,22.39,22.41,49625
MSpL,26-Aug-2026,19.01,19.03,18.89,18.91,32810
MSpO,26-Aug-2026,16.62,16.6899,16.56,16.58,75958
MSpP,26-Aug-2026,25.18,25.2201,25.06,25.06,30750
MSpQ,26-Aug-2026,25.56,25.61,25.4808,25.52,20392
MT,26-Aug-2026,75.12,75.93,74.22,74.53,1603400
MTAL,26-Aug-2026,10.17,10.22,10.17,10.18,408100
MTB,26-Aug-2026,240.86,242.33,239.79,241.54,576600
MTB-H,26-Aug-2026,25.25,25.31,25.25,25.25,33500
MTB-J,26-Aug-2026,26.75,26.86,26.68,26.68,34400
MTB-K,26-Aug-2026,24.3,24.33,24.21,24.25,32600
MTB-L,26-Aug-2026,25.23,25.57,25.23,25.31,127900
MTBpH,26-Aug-2026,25.25,25.31,25.25,25.25,27765
MTBpJ,26-Aug-2026,26.75,26.86,26.7,26.76,27615
MTD,26-Aug-2026,1392.11,1413.406,1390.81,1398.46,97100
MTDR,26-Aug-2026,54.79,56.07,54.27,55.25,1743100
MTG,26-Aug-2026,31.24,31.425,31.15,31.29,1469500
MTH,26-Aug-2026,73.31,73.75,72.145,72.23,481700
MTN,26-Aug-2026,147.31,149.395,145.915,148.72,459100
MTR,26-Aug-2026,2.61,2.67,2.56,2.59,12600
MTRN,26-Aug-2026,232.98,239.05,232.98,236.05,254100
MTUS,26-Aug-2026,19.39,19.7399,19.28,19.4,240200
MTW,26-Aug-2026,19.55,19.895,19.21,19.45,445700
MTX,26-Aug-2026,72.28,73.43,71.8001,72.07,156300
MTZ,26-Aug-2026,244.31,250.91,243.555,248.73,1535900
MUA,26-Aug-2026,10.01,10.01,9.95,9.98,270800
MUC,26-Aug-2026,10.64,10.64,10.601,10.63,215200
MUFG,26-Aug-2026,22.46,22.56,22.4,22.44,1944900
MUJ,26-Aug-2026,12.24,12.3299,12.22,12.22,44000
MUR,26-Aug-2026,34.1,35.165,33.79,34.69,890800
MUSA,26-Aug-2026,539.97,550.8599,530.96,531.64,227700
MUSE,26-Aug-2026,49.705,49.705,49.705,49.705,100
MUX,26-Aug-2026,21,21.5,20.87,21.04,635200
MWA,26-Aug-2026,25,25.28,24.89,25.27,804100
MX,26-Aug-2026,3.24,3.32,3.2004,3.26,350600
MXE,26-Aug-2026,13.05,13.48,13.05,13.4799,1100
MXF,26-Aug-2026,21.97,22.33,21.9,22.08,25000
MYE,26-Aug-2026,32.78,33.56,32.78,33.31,313200
MYI,26-Aug-2026,10.78,10.78,10.73,10.74,182200
MYN,26-Aug-2026,9.74,9.78,9.74,9.74,123300
MZYX,26-Aug-2026,9.95,9.97,9.95,9.97,7400
NABL,26-Aug-2026,3.69,3.855,3.6613,3.8,1915600
NAC,26-Aug-2026,11.71,11.73,11.68,11.68,342600
NAD,26-Aug-2026,11.72,11.72,11.68,11.7,390900
NAN,26-Aug-2026,10.99,11.02,10.91,10.93,78300
NAT,26-Aug-2026,6.71,6.76,6.41,6.52,4434700
NATL,26-Aug-2026,46.43,46.44,46.23,46.44,693400
NAZ,26-Aug-2026,12.28,12.3699,12.28,12.31,7800
NBB,26-Aug-2026,15.34,15.47,15.34,15.42,51500
NBHC,26-Aug-2026,41.51,41.7,41.235,41.31,310500
NBR,26-Aug-2026,86.27,87.53,84.81,87.49,164000
NBXG,26-Aug-2026,15.12,15.28,15.07,15.11,122600
NC,26-Aug-2026,40.83,42.79,40.825,42.72,28400
NCA,26-Aug-2026,9.1,9.12,9.08,9.09,43900
NCDL,26-Aug-2026,12.4,12.42,12.245,12.27,129100
NCLH,26-Aug-2026,17.4,17.67,16.98,17.09,8931500
NCV,26-Aug-2026,16.69,16.735,16.55,16.58,21300
NCV-A,26-Aug-2026,20,20.16,19.9695,20.07,14500
NCVpA,26-Aug-2026,20,20.16,19.9695,20.09,13188
NCZ,26-Aug-2026,15.55,15.6099,15.42,15.44,22400
NCZ-A,26-Aug-2026,19.45,19.6,19.45,19.51,1000
NCZpA,26-Aug-2026,19.45,19.6,19.45,19.51,591
NDMO,26-Aug-2026,9.94,9.9599,9.91,9.93,132900
NE,26-Aug-2026,45.34,45.875,44.76,45.18,1240500
NEA,26-Aug-2026,11.28,11.28,11.2301,11.25,593000
NEE,26-Aug-2026,84.16,84.725,84.03,84.22,5686400
NEE-N,26-Aug-2026,20.96,21.32,20.78,20.91,76100
NEE-S,26-Aug-2026,52.05,52.56,52.05,52.45,361500
NEE-T,26-Aug-2026,47.75,48.37,47.75,48.23,56200
NEE-U,26-Aug-2026,23.89,23.89,23.57,23.75,54400
NEE-V,26-Aug-2026,45.86,45.97,45.735,45.82,18000
NEE-W,26-Aug-2026,23.5,23.57,23.38,23.475,35000
NEEpN,26-Aug-2026,20.96,21.32,20.78,20.87,56549
NEEpS,26-Aug-2026,52.05,52.56,52.05,52.44,7529
NEEpT,26-Aug-2026,47.75,48.37,47.75,48.31,3721
NEEpU,26-Aug-2026,23.89,23.89,23.57,23.83,45414
NEM,26-Aug-2026,132.64,133.285,131.45,131.6,10408800
NET,26-Aug-2026,273.82,290.89,272.29,284.89,3120800
NEU,26-Aug-2026,928.84,937,919.55,925.33,127200
NEXA,26-Aug-2026,15.64,15.95,15.36,15.58,529300
NFG,26-Aug-2026,82.17,83.77,82.17,83.52,416800
NFJ,26-Aug-2026,15.62,15.63,15.5469,15.59,70200
NGG,26-Aug-2026,80.61,81.08,80.35,80.53,568600
NGL,26-Aug-2026,17.59,17.93,16.96,17.2,206400
NGL-B,26-Aug-2026,25.92,25.92,25.909,25.909,1900
NGL-C,26-Aug-2026,25.85,25.925,25.85,25.925,200
NGLpB,26-Aug-2026,25.92,25.92,25.909,25.909,1407
NGLpC,26-Aug-2026,25.85,25.925,25.85,25.925,200
NGS,26-Aug-2026,34.23,34.99,34.05,34.74,77100
NGVC,26-Aug-2026,28.31,28.36,27.4271,27.85,81900
NGVT,26-Aug-2026,69.37,69.84,69.12,69.56,164700
NHI,26-Aug-2026,73.54,73.82,72.915,73.39,162500
NI,26-Aug-2026,40.61,41.25,40.61,41.13,5074300
NIC,26-Aug-2026,171.65,171.93,170,170.95,131000
NIE,26-Aug-2026,25.97,26.257,25.85,25.92,40200
NIM,26-Aug-2026,9.3,9.32,9.3,9.32,6700
NIO,26-Aug-2026,4.48,4.5,4.37,4.37,18312100
NIQ,26-Aug-2026,19.2,19.35,18.55,18.74,1093600
NJR,26-Aug-2026,53.75,54.65,53.75,54.49,542100
NKE,26-Aug-2026,39.4,39.4807,38.4137,38.59,38604200
NKX,26-Aug-2026,12.17,12.17,12.1,12.14,124700
NL,26-Aug-2026,6.57,6.61,6.4384,6.59,32400
NLOP,26-Aug-2026,11.57,11.7199,11.48,11.53,53700
NLY,26-Aug-2026,23.1,23.123,22.85,22.86,4168200
NLY-F,26-Aug-2026,25.8,25.87,25.71,25.8616,24300
NLY-G,26-Aug-2026,25.58,25.6,25.57,25.57,22000
NLY-I,26-Aug-2026,25.46,25.46,25.45,25.46,98500
NLY-J,26-Aug-2026,26.2,26.409,26.1,26.23,19600
NLYpF,26-Aug-2026,25.8,25.87,25.71,25.8616,20386
NLYpG,26-Aug-2026,25.58,25.6,25.57,25.57,19941
NLYpI,26-Aug-2026,25.46,25.46,25.45,25.46,93276
NLYpJ,26-Aug-2026,26.2,26.409,26.1,26.255,17217
NMAI,26-Aug-2026,14.28,14.4399,14.23,14.32,67600
NMAX,26-Aug-2026,10.74,10.7992,10.41,10.56,816300
NMCO,26-Aug-2026,10.4,10.44,10.34,10.35,184500
NMG,26-Aug-2026,1.48,1.495,1.4409,1.48,470200
NMI,26-Aug-2026,10.41,10.41,10.355,10.41,4700
NMM,26-Aug-2026,91.29,91.29,85.25,85.4,333300
NMR,26-Aug-2026,10.05,10.11,10.045,10.05,421100
NMS,26-Aug-2026,11.08,11.08,11,11,25500
NMT,26-Aug-2026,12.61,12.61,12.5,12.55,22400
NMZ,26-Aug-2026,10.08,10.1,10.03,10.04,357800
NNI,26-Aug-2026,128.94,129.46,127.51,127.78,129700
NNN,26-Aug-2026,46.1,46.77,45.66,45.66,902500
NNY,26-Aug-2026,8.17,8.195,8.15,8.16,46000
NOA,26-Aug-2026,13.3,13.36,13.18,13.31,56200
NOAH,26-Aug-2026,8.8,8.95,8.55,8.71,127500
NOC,26-Aug-2026,543.08,553.61,543.08,549.95,561300
NOG,26-Aug-2026,26,26.42,25.71,26.02,1487900
NOK,26-Aug-2026,10.23,10.41,10.085,10.41,37284200
NOMD,26-Aug-2026,11.95,12.285,11.86,12.15,1951200
NOV,26-Aug-2026,19.82,20.265,19.58,20.23,5242100
NOW,26-Aug-2026,122.33,126.56,121.88,125.8,13384800
NP,26-Aug-2026,34.39,34.79,33.915,34.2,298300
NPB,26-Aug-2026,16.88,17.0503,16.7501,16.89,166200
NPCT,26-Aug-2026,9.7,9.701,9.66,9.68,61200
NPFD,26-Aug-2026,18.7,18.75,18.7,18.75,37800
NPK,26-Aug-2026,156.22,157.66,150.75,151.15,97200
NPKI,26-Aug-2026,13.2,13.2,12.96,13.18,1044700
NPO,26-Aug-2026,305.95,311.5,304.71,308.73,132700
NPV,26-Aug-2026,10.57,10.58,10.49,10.53,169200
NPW.W,26-Aug-2026,0.32,0.3265,0.3,0.3,9300
NPWR,26-Aug-2026,1.93,1.985,1.81,1.81,834800
NPWR.WS,26-Aug-2026,0.32,0.3265,0.3,0.3,9016
NRDY,26-Aug-2026,10.24,10.5,10.24,10.39,23100
NRE-A,26-Aug-2026,24.95,25.18,24.81,25.14,2000
NREF,26-Aug-2026,17.24,17.3905,17.09,17.19,39000
NREFpA,26-Aug-2026,24.95,25.18,24.81,25.14,1180
NRG,26-Aug-2026,113.99,117.39,113.99,116.14,1648400
NRGV,26-Aug-2026,3.89,3.905,3.6,3.7,3731300
NRK,26-Aug-2026,10.24,10.7255,10.14,10.16,158700
NRP,26-Aug-2026,109.21,112.02,108.5001,109.84,76700
NRT,26-Aug-2026,8.57,8.665,8.43,8.45,32700
NRUC,26-Aug-2026,21.49,21.57,21.43,21.47,23700
NSC,26-Aug-2026,350.71,355.99,350.48,352.68,605200
NSP,26-Aug-2026,51.78,52.32,51.53,51.91,186900
NTB,26-Aug-2026,58.52,59,58.27,58.97,211200
NTEST.H,26-Aug-2026,25.02,25.02,25.02,25.02,320
NTEST.I,26-Aug-2026,25.05,25.05,25.05,25.05,560
NTR,26-Aug-2026,72.44,74.14,72.0955,73.61,2184200
NTST,26-Aug-2026,20.67,20.82,20.51,20.75,739200
NU,26-Aug-2026,15.22,15.42,15.13,15.17,45113600
NUE,26-Aug-2026,248.91,254.2,248.2,252.8,1114300
NUS,26-Aug-2026,4.88,4.915,4.81,4.84,409000
NUV,26-Aug-2026,8.96,8.98,8.89,8.92,405100
NUVB,26-Aug-2026,7.09,7.12,6.91,6.96,3441000
NUW,26-Aug-2026,13.99,14.015,13.94,13.96,34300
NVG,26-Aug-2026,12.28,12.28,12.22,12.23,198600
NVGS,26-Aug-2026,21.97,22.06,21.38,21.48,348900
NVO,26-Aug-2026,47.8,48.04,46.87,47.19,8877800
NVR,26-Aug-2026,6394.45,6469.99,6305.05,6368.12,29500
NVRI,26-Aug-2026,21.61,23.14,21.33,23.08,780800
NVS,26-Aug-2026,158.41,159.19,157.44,157.54,1473500
NVST,26-Aug-2026,27.41,28.11,27.335,27.8,1524800
NVT,26-Aug-2026,153.23,157.47,151.85,155.23,1904100
NWA.W,26-Aug-2026,0.47,0.47,0.47,0.47,4000
NWAX,26-Aug-2026,10.16,10.16,10.13,10.16,3600
NWG,26-Aug-2026,18.79,18.83,18.72,18.75,2444100
NWN,26-Aug-2026,49.96,50.57,49.73,50.39,190300
NX,26-Aug-2026,20.07,20.135,19.64,19.82,226100
NXD-A,26-Aug-2026,13.14,13.14,13.14,13.14,3300
NXDR,26-Aug-2026,2.37,2.385,2.285,2.29,1799800
NXDT,26-Aug-2026,5.56,5.62,5.43,5.52,159900
NXDTpA,26-Aug-2026,13.14,13.14,13.14,13.14,100
NXE,26-Aug-2026,11.13,11.45,11.0497,11.07,3637900
NXG,26-Aug-2026,55,55.4799,54.7,55.14,80900
NXP,26-Aug-2026,14.25,14.28,14.25,14.27,80500
NXRT,26-Aug-2026,24.35,24.41,24.055,24.21,246400
NYC,26-Aug-2026,6.4,6.84,5.97,6.525,34400
NYT,26-Aug-2026,68.72,69.68,68.17,68.42,1923700
NZF,26-Aug-2026,12.25,12.295,12.205,12.23,339300
O,26-Aug-2026,62.95,62.9529,62.25,62.26,4118800
OAK-A,26-Aug-2026,20.57,20.86,20.57,20.6,4500
OAK-B,26-Aug-2026,20.4,20.4,20.27,20.27,4800
OAKpA,26-Aug-2026,20.57,20.86,20.57,20.6,3628
OAKpB,26-Aug-2026,20.4,20.4,20.27,20.27,1712
OBDC,26-Aug-2026,11.25,11.365,11.225,11.25,2809100
OBK,26-Aug-2026,53.06,53.55,52.6,53.27,144200
OC,26-Aug-2026,147.71,148.44,145.35,145.71,787600
OCA-,26-Aug-2026,0.29,0.34,0.2899,0.325,10600
OCA.U,26-Aug-2026,11,11,10.22,10.22,200
ODC,26-Aug-2026,92.26,92.26,89.01,90.48,73400
OEC,26-Aug-2026,5.99,6.225,5.89,6.17,541500
OFG,26-Aug-2026,52.27,52.48,52.19,52.24,184600
OFRM,26-Aug-2026,16.84,17.046,16.52,16.89,283500
OGC,26-Aug-2026,30.73,31.09,30.51,30.68,282200
OGE,26-Aug-2026,46.05,46.96,46.05,46.55,1586300
OGG,26-Aug-2026,3.09,3.145,3.0264,3.08,1085100
OGN,26-Aug-2026,13.74,13.77,13.74,13.77,4153500
OGS,26-Aug-2026,80.35,81.37,80.08,81.1,315400
OHI,26-Aug-2026,47.12,47.23,46.79,46.97,1072200
OI,26-Aug-2026,7.39,7.64,7.39,7.44,1758700
OIA,26-Aug-2026,6.06,6.06,6.02,6.05,42800
OII,26-Aug-2026,49.5,49.88,48.15,49.62,912800
OIS,26-Aug-2026,8.48,8.48,8.07,8.29,602300
OKE,26-Aug-2026,91.4,95.03,91.134,94.9,3350900
OKLO,26-Aug-2026,44.99,46.2,41.08,41.6,18430400
OLN,26-Aug-2026,17.34,17.54,17.105,17.52,2933500
OLP,26-Aug-2026,24.59,24.75,24.17,24.18,63500
OMC,26-Aug-2026,87.9,88.18,86.48,87.89,1875000
OMF,26-Aug-2026,63.1,63.765,62.82,63.13,748500
ONIT,26-Aug-2026,35.31,35.4,34.29,34.52,55100
ONL,26-Aug-2026,2.92,2.93,2.77,2.81,755300
ONON,26-Aug-2026,29.01,29.4,28.65,29.23,7256700
ONT,26-Aug-2026,15.95,16.59,15.87,16.58,811300
ONTO,26-Aug-2026,291.62,294.9,285.525,291.88,691100
OOMA,26-Aug-2026,20.51,20.7699,20,20.53,358000
OPAD,26-Aug-2026,4.36,4.62,4.3029,4.48,141800
OPFI,26-Aug-2026,7.34,7.345,7.06,7.1,662900
OPLN,26-Aug-2026,34.28,35.025,34.11,34.65,1700300
OPP,26-Aug-2026,7.5,7.52,7.46,7.46,65500
OPP-A,26-Aug-2026,15.21,15.3,15.21,15.27,7200
OPP-B,26-Aug-2026,16.51,16.8,16.5,16.68,11600
OPPpA,26-Aug-2026,15.21,15.3,15.21,15.27,6383
OPPpB,26-Aug-2026,16.51,16.8,16.5,16.68,10877
OPTU,26-Aug-2026,1,1.08,0.9738,1.08,2756500
OPY,26-Aug-2026,115.87,116.35,113.53,115.87,83900
OR,26-Aug-2026,38.17,39.13,38.0234,38.43,1073100
ORA,26-Aug-2026,106.83,107.39,103.01,103.46,589200
ORC,26-Aug-2026,6.72,6.7296,6.61,6.67,4519900
ORC-D,26-Aug-2026,45.54,47.09,45.54,46.41,321600
ORCL,26-Aug-2026,147,151.63,146.825,148.87,18426000
ORI,26-Aug-2026,42.18,42.59,42.13,42.45,820800
ORN,26-Aug-2026,9.28,9.41,9.2,9.33,379900
OSCR,26-Aug-2026,30.59,32.59,30.302,31.24,3400200
OSG,26-Aug-2026,4.5,4.61,4.46,4.6,405600
OSK,26-Aug-2026,155.78,159.26,154.73,157.48,414600
OTA.U,26-Aug-2026,10.18,10.18,10.18,10.18,1200
OTAI,26-Aug-2026,10.02,10.02,9.98,9.98,4000
OTAX,26-Aug-2026,50.05,50.08,49.89,50.0503,7400
OTF,26-Aug-2026,11.11,11.18,11.02,11.07,2034800
OTIS,26-Aug-2026,71.67,72.61,71.55,72.36,2048200
OUT,26-Aug-2026,30.6,30.68,30.315,30.58,1053600
OVV,26-Aug-2026,63.46,65.15,63.15,64.52,2183400
OWL,26-Aug-2026,11.77,12.03,11.73,11.8,13845900
OWLT,26-Aug-2026,5.15,5.28,4.93,5.16,563100
OXM,26-Aug-2026,37.72,38.955,37.06,38.77,395800
OXY,26-Aug-2026,57.75,58.98,57.54,58.62,6207100
OXY.W,26-Aug-2026,35.52,36.695,35.52,36.695,5300
OXY.WS,26-Aug-2026,35.52,36.695,35.52,36.695,2635
P,26-Aug-2026,103.16,109.62,103.16,108.9,5351100
PAAS,26-Aug-2026,52.72,53.407,52.485,52.63,4410400
PAC,26-Aug-2026,210.22,216.35,210.22,214.87,218700
PACK,26-Aug-2026,5.08,5.13,4.995,5.08,344600
PACS,26-Aug-2026,44.2,44.785,43.8,44.39,363800
PAG,26-Aug-2026,220.09,221,217.24,217.24,361700
PAGS,26-Aug-2026,8.98,9.215,8.98,9.04,2436900
PAI,26-Aug-2026,11.87,11.93,11.866,11.89,22900
PAM,26-Aug-2026,80.15,80.82,79.405,80.72,139700
PAR,26-Aug-2026,18.89,19.69,18.79,19.69,695900
PARR,26-Aug-2026,74,77.985,72.9,75.77,680900
PATH,26-Aug-2026,16.3,16.945,16.135,16.76,56498600
PAXS,26-Aug-2026,14.11,14.2,14.09,14.09,218200
PAY,26-Aug-2026,38.96,39.555,38.76,39.43,467700
PAYC,26-Aug-2026,226.82,233.21,225.58,232.31,549000
PB,26-Aug-2026,74.035,74.035,72.34,73.08,702400
PBA,26-Aug-2026,47.95,48.78,47.92,48.64,708500
PBF,26-Aug-2026,65.12,71.07,63.95,69.73,2157400
PBH,26-Aug-2026,51.34,52.55,50.99,52.15,365600
PBI,26-Aug-2026,17.07,17.16,16.92,17.01,1145800
PBI-B,26-Aug-2026,21.63,21.77,21.455,21.7647,32800
PBIpB,26-Aug-2026,21.63,21.77,21.455,21.7647,26552
PBR,26-Aug-2026,17.73,18.11,17.56,17.76,29000300
PBR.A,26-Aug-2026,15.97,16.3691,15.86,16.02,7705100
PBT,26-Aug-2026,34.53,34.53,32.75,33.75,129200
PCF,26-Aug-2026,5.4,5.45,5.4,5.425,31100
PCG,26-Aug-2026,18.26,18.395,17.835,18.22,17279800
PCG-X,26-Aug-2026,43.22,43.79,42.8,43.55,12400
PCGpX,26-Aug-2026,43.22,43.79,42.8,43.55,8731
PCM,26-Aug-2026,5.4,5.43,5.39,5.41,11600
PCN,26-Aug-2026,11.76,11.79,11.73,11.73,179400
PCOR,26-Aug-2026,59.48,61.02,59.01,60.43,3123600
PCQ,26-Aug-2026,8.74,8.76,8.71,8.74,126100
PD,26-Aug-2026,11.75,12.38,11.75,12.19,1212700
PDCC,26-Aug-2026,8.82,8.9862,8.8,8.83,3300
PDI,26-Aug-2026,15.46,15.51,15.38,15.41,1948800
PDM,26-Aug-2026,9.86,9.995,9.77,9.88,1470500
PDO,26-Aug-2026,12.68,12.69,12.5742,12.61,1043100
PDPA,26-Aug-2026,25.15,25.17,25.1,25.1,3600
PDS,26-Aug-2026,87.93,87.93,85.55,86.59,69300
PDT,26-Aug-2026,12.64,12.6805,12.61,12.65,60800
PDX,26-Aug-2026,21.7,21.7699,21.6,21.64,99700
PEB,26-Aug-2026,18.4,18.48,18.12,18.37,1181600
PEB-E,26-Aug-2026,19.9,19.98,19.7901,19.96,18100
PEB-F,26-Aug-2026,19.95,20.09,19.88,19.91,36400
PEB-G,26-Aug-2026,20.1,20.1,19.84,19.915,31700
PEB-H,26-Aug-2026,18.36,18.45,18.2801,18.32,31200
PEBpE,26-Aug-2026,19.895,19.98,19.7901,19.96,14202
PEBpF,26-Aug-2026,19.95,20.09,19.88,19.91,32262
PEBpG,26-Aug-2026,20.1,20.1,19.84,19.915,28877
PEBpH,26-Aug-2026,18.36,18.45,18.2801,18.32,26509
PEG,26-Aug-2026,73.46,74.335,73.46,74.03,1685000
PEN,26-Aug-2026,322,323.59,321.89,323.05,513000
PEO,26-Aug-2026,28.15,28.57,28.075,28.36,63200
PERF,26-Aug-2026,1.88,1.9,1.88,1.88,120300
PEW,26-Aug-2026,2.35,2.3602,2.295,2.34,245300
PEW.W,26-Aug-2026,0.2505,0.275,0.2505,0.275,1100
PEW.WS,26-Aug-2026,0.2505,0.275,0.2505,0.275,1100
PFD,26-Aug-2026,11.23,11.3,11.22,11.28,38200
PFE,26-Aug-2026,28.44,28.5,28.145,28.3,35069900
PFGC,26-Aug-2026,105.11,105.72,102.37,102.47,1514300
PFH,26-Aug-2026,15.35,15.405,15.24,15.3,25400
PFL,26-Aug-2026,7.61,7.62,7.59,7.6,76000
PFLA,26-Aug-2026,25.28,25.28,25.25,25.25,3000
PFLT,26-Aug-2026,7.43,7.46,7.37,7.37,572500
PFN,26-Aug-2026,6.96,6.9892,6.95,6.95,249700
PFO,26-Aug-2026,9.06,9.08,9.0381,9.05,19600
PFS,26-Aug-2026,23.54,23.645,23.38,23.53,536600
PFSI,26-Aug-2026,74.15,74.15,72.805,72.9,416200
PG,26-Aug-2026,145.28,145.9316,144.5,145,8253000
PGP,26-Aug-2026,8.68,8.74,8.68,8.72,42100
PGR,26-Aug-2026,222.1,224.26,221.951,222.51,1447300
PGZ,26-Aug-2026,9.95,10.01,9.95,9.97,7400
PH,26-Aug-2026,1025.07,1047.61,1021.44,1039.49,585200
PHG,26-Aug-2026,27.32,27.32,26.86,26.99,751800
PHI,26-Aug-2026,19.6,19.64,19.33,19.37,102800
PHIN,26-Aug-2026,71.17,71.9,69.23,70.04,268000
PHK,26-Aug-2026,4.55,4.56,4.52,4.52,676500
PHM,26-Aug-2026,130.7,131.6259,129.32,130.03,954200
PHR,26-Aug-2026,11.37,11.72,11.37,11.6,585200
PII,26-Aug-2026,63.68,64.54,63,63.74,813100
PIM,26-Aug-2026,3.16,3.17,3.16,3.16,12800
PIN-A,26-Aug-2026,25.27,25.28,25.26,25.28,14900
PINE,26-Aug-2026,19.71,19.82,19.505,19.69,89000
PINS,26-Aug-2026,23.57,23.79,23.12,23.31,10392700
PIPR,26-Aug-2026,74.63,75.15,74.02,74.44,353900
PJT,26-Aug-2026,176.24,176.24,171.94,174.77,326400
PK,26-Aug-2026,16.17,16.2,15.825,15.93,4375900
PKE,26-Aug-2026,32.73,33.21,32.35,32.82,201800
PKG,26-Aug-2026,247.9,250.875,245.96,246.68,556000
PKX,26-Aug-2026,59.4,59.4,58.27,58.43,150500
PL,26-Aug-2026,21.41,21.8185,21.015,21.16,3981800
PLD,26-Aug-2026,143.39,143.82,142,142.59,3834300
PLGO,26-Aug-2026,24.24,24.5,24.1031,24.49,355600
PLNT,26-Aug-2026,51.94,53.78,51.94,53.29,1319200
PLOW,26-Aug-2026,41.82,42.025,41.41,41.67,124800
PM,26-Aug-2026,195,196.66,192.6343,194.1,4583900
PML,26-Aug-2026,7.34,7.365,7.29,7.32,214400
PMM,26-Aug-2026,6.27,6.27,6.22,6.24,44000
PMMF,26-Aug-2026,100.26,100.28,100.26,100.28,108800
PMO,26-Aug-2026,10.28,10.31,10.2368,10.29,32300
PMT,26-Aug-2026,9.3,9.305,9.22,9.23,651500
PMT-A,26-Aug-2026,23.25,23.25,23.2355,23.2355,3800
PMT-B,26-Aug-2026,22.86,22.99,22.86,22.99,4900
PMT-C,26-Aug-2026,18.45,18.5,18.2541,18.33,25500
PMTpA,26-Aug-2026,23.25,23.25,23.2355,23.2355,2491
PMTpB,26-Aug-2026,23,23.011,22.86,22.99,2679
PMTpC,26-Aug-2026,18.45,18.5,18.2541,18.33,23687
PMTU,26-Aug-2026,25.72,25.912,25.72,25.912,200
PMTV,26-Aug-2026,25.26,25.3284,25.26,25.31,16800
PMTW,26-Aug-2026,25.61,25.74,25.61,25.66,7500
PNA.U,26-Aug-2026,9.95,9.96,9.95,9.96,600
PNC,26-Aug-2026,244.73,246.425,243.04,244.67,1528000
PNF-A,26-Aug-2026,25.19,25.3,25.19,25.28,6500
PNF-B,26-Aug-2026,26.41,26.54,26.29,26.3528,13600
PNF-C,26-Aug-2026,24.11,24.2,24.11,24.111,10200
PNFP,26-Aug-2026,101.06,102.205,100.995,101.58,732100
PNI,26-Aug-2026,6.83,6.8401,6.82,6.83,28400
PNNT,26-Aug-2026,3.8,3.855,3.75,3.76,459300
PNR,26-Aug-2026,62.44,63.67,62,62.86,3289500
PNW,26-Aug-2026,97.95,98.96,97.81,98.69,1339900
POR,26-Aug-2026,49.98,50.37,49.75,50.19,998500
POST,26-Aug-2026,81.44,83.41,80.85,81.97,607900
PPG,26-Aug-2026,114.43,115.9758,113.49,114.42,1046700
PPL,26-Aug-2026,35.05,35.31,34.93,35.02,6931400
PPLC,26-Aug-2026,47.15,47.15,46.69,46.69,5400
PPT,26-Aug-2026,3.45,3.46,3.44,3.44,31400
PR,26-Aug-2026,22.94,23.18,22.715,22.75,12128400
PRCS,26-Aug-2026,29.18,29.41,29.18,29.3424,2700
PRG,26-Aug-2026,39.99,40.6,39.49,39.77,445700
PRGO,26-Aug-2026,14.51,14.795,14.38,14.76,2602600
PRH,26-Aug-2026,21.49,21.6574,21.4811,21.5,48500
PRI,26-Aug-2026,297.86,303.2,297.86,301.09,225300
PRI-D,26-Aug-2026,24.6,24.74,24.6,24.73,400
PRI-K,26-Aug-2026,21.85,23.7,21.85,22.45,13500
PRI-L,26-Aug-2026,24.54,24.7831,24.35,24.7831,5600
PRIFpD,26-Aug-2026,24.6,24.74,24.6,24.73,300
PRIFpK,26-Aug-2026,21.85,23.7,21.85,22.45,12383
PRIFpL,26-Aug-2026,24.54,24.7831,24.35,24.7831,3395
PRIM,26-Aug-2026,74.79,78.36,73.97,78.18,1212400
PRKS,26-Aug-2026,43.83,44.14,43.095,43.13,472000
PRLB,26-Aug-2026,77.35,78.85,77.1941,78.85,144300
PRM,26-Aug-2026,31.53,31.8,30.99,31.16,885200
PRMB,26-Aug-2026,23.25,23.35,22.845,22.98,2126400
PRS,26-Aug-2026,20.55,20.8,20.44,20.47,34500
PRSU,26-Aug-2026,49.09,50.51,48.62,50.03,247400
PRT,26-Aug-2026,2.25,2.25,2.2,2.22,10700
PRU,26-Aug-2026,119.85,120.96,119.25,120.24,1542800
PRVS,26-Aug-2026,33.59,33.64,33.555,33.6,3700
PS,26-Aug-2026,41.99,42.7256,41.5,42.11,115100
PSA,26-Aug-2026,322.49,323.92,317.1,317.37,736100
PSA-F,26-Aug-2026,19.31,19.45,19.2425,19.34,9900
PSA-G,26-Aug-2026,18.8,19.03,18.77,18.87,10800
PSA-H,26-Aug-2026,20.99,21.33,20.88,20.96,23900
PSA-I,26-Aug-2026,18.5,18.5,18.33,18.33,9500
PSA-J,26-Aug-2026,17.61,17.68,17.54,17.55,9400
PSA-K,26-Aug-2026,17.81,18.005,17.7661,17.7661,16000
PSA-L,26-Aug-2026,17.2,17.34,17.2,17.27,39500
PSA-M,26-Aug-2026,15.43,15.5,15.4,15.445,17500
PSA-N,26-Aug-2026,14.58,14.61,14.55,14.55,16100
PSA-O,26-Aug-2026,14.52,14.65,14.47,14.59,28100
PSA-P,26-Aug-2026,14.95,15.04,14.9,14.92,29400
PSA-Q,26-Aug-2026,14.84,14.84,14.73,14.8,13300
PSA-R,26-Aug-2026,14.97,15.02,14.95,14.95,36600
PSA-S,26-Aug-2026,15.33,15.5895,15.2968,15.42,6800
PSA-T,26-Aug-2026,22.84,22.84,22.54,22.7001,10600
PSA-U,26-Aug-2026,23.91,24.14,23.8607,24.14,3500
PSApF,26-Aug-2026,19.31,19.45,19.2425,19.34,6634
PSApG,26-Aug-2026,18.8,19.03,18.77,18.81,7003
PSApH,26-Aug-2026,20.99,21.33,20.88,20.96,19994
PSApI,26-Aug-2026,18.5,18.5,18.33,18.33,6141
PSApJ,26-Aug-2026,17.61,17.68,17.54,17.55,7314
PSApK,26-Aug-2026,17.81,18.005,17.7661,17.7661,13088
PSApL,26-Aug-2026,17.2,17.34,17.2,17.28,33714
PSApM,26-Aug-2026,15.43,15.5,15.4,15.445,15275
PSApN,26-Aug-2026,14.58,14.61,14.55,14.55,12039
PSApO,26-Aug-2026,14.52,14.65,14.47,14.59,24046
PSApP,26-Aug-2026,14.95,15.04,14.9,14.9101,23383
PSApQ,26-Aug-2026,14.84,14.84,14.73,14.8,11005
PSApR,26-Aug-2026,14.97,15.02,14.95,14.95,31992
PSApS,26-Aug-2026,15.33,15.5895,15.2968,15.42,6553
PSBD,26-Aug-2026,10.42,10.43,10.25,10.3,52300
PSE-A,26-Aug-2026,16.71,16.715,16.4,16.54,11000
PSECpA,26-Aug-2026,16.71,16.715,16.4,16.54,8474
PSF,26-Aug-2026,19.4,19.44,19.4,19.43,23900
PSFE,26-Aug-2026,6.82,6.85,6.63,6.78,231300
PSN,26-Aug-2026,48.4,49.55,48.4,48.64,833200
PSO,26-Aug-2026,16.57,16.65,16.43,16.43,424300
PSQH,26-Aug-2026,6.84,6.84,6.2101,6.34,158100
PSTL,26-Aug-2026,23.28,23.97,23.25,23.82,298000
PSUS,26-Aug-2026,39.5,39.51,39.01,39.13,251900
PSX,26-Aug-2026,234.06,244.15,233.55,242.23,2235600
PTA,26-Aug-2026,18.47,18.6,18.45,18.5,125100
PTY,26-Aug-2026,11.8,11.84,11.76,11.76,911200
PUK,26-Aug-2026,28.47,28.47,28.26,28.3,808900
PUMP,26-Aug-2026,10.54,10.65,10.3004,10.63,3552800
PVH,26-Aug-2026,74.95,78.57,74.65,78.51,1317600
PVL,26-Aug-2026,1.8,1.82,1.8,1.805,28400
PWR,26-Aug-2026,612.99,620.19,604.16,616.73,1164000
PXED,26-Aug-2026,28.75,29,28.43,28.8,98400
PYT,26-Aug-2026,23.47,23.47,23.47,23.47,1800
Q,26-Aug-2026,127.12,127.9238,125.14,126.2,1456300
QGEN,26-Aug-2026,43.37,43.865,43.225,43.36,1538300
QLE.W,26-Aug-2026,0.1375,0.155,0.1271,0.1271,5500
QLEP,26-Aug-2026,10.1,10.1,10,10.03,10900
QRED,26-Aug-2026,10.03,10.05,10.03,10.03,76700
QSR,26-Aug-2026,81.2,81.4,79.23,79.26,1755700
QTWO,26-Aug-2026,62.65,65.07,62.45,64.99,523100
QUAD,26-Aug-2026,10.25,10.27,9.98,10,494200
QXO,26-Aug-2026,13.83,14.34,13.8,14.02,10401700
QXO-B,26-Aug-2026,41.95,42.95,41.95,42.42,9700
QXOpB,26-Aug-2026,41.95,42.95,41.95,42.42,6608
R,26-Aug-2026,247.9,251.24,247,249.64,263800
RA,26-Aug-2026,12.63,12.65,12.6,12.63,112800
RAC,26-Aug-2026,10.55,10.55,10.55,10.55,100
RACE,26-Aug-2026,419.27,419.27,412.48,412.83,490100
RAL,26-Aug-2026,62.18,64.51,61.401,63.92,1073100
RAMP,26-Aug-2026,37.64,37.695,37.63,37.63,824800
RBA,26-Aug-2026,84.96,86.795,84.48,85.76,1758200
RBC,26-Aug-2026,498.69,515.735,495.585,513.95,291600
RBLX,26-Aug-2026,39.04,39.95,37.405,37.56,11635200
RBRK,26-Aug-2026,90.5,96.99,90.5,96.13,2192400
RC,26-Aug-2026,1.97,1.99,1.825,1.84,1389800
RC-C,26-Aug-2026,12.13,12.51,12.1,12.12,6000
RC-E,26-Aug-2026,13.32,13.355,13.26,13.26,2300
RCD,26-Aug-2026,24,24,23.76,23.94,9800
RCI,26-Aug-2026,36.5,37.18,36.48,36.93,1372100
RCL,26-Aug-2026,293,296.48,289.73,290,1122400
RCpC,26-Aug-2026,12.13,12.51,12.1,12.12,5360
RCpE,26-Aug-2026,13.32,13.355,13.26,13.26,2300
RCS,26-Aug-2026,5.28,5.28,5.2616,5.27,51200
RCUS,26-Aug-2026,31.34,31.455,30.3,30.76,685500
RDDT,26-Aug-2026,161,165.91,155.27,155.36,3687200
RDN,26-Aug-2026,36.83,36.835,36.3,36.81,857200
RDW,26-Aug-2026,11.65,11.88,11.22,11.27,7870300
RDY,26-Aug-2026,12.25,12.3,12.135,12.22,1674600
REF,26-Aug-2026,13.24,14,12.83,13.68,1247800
RELX,26-Aug-2026,35.55,35.88,35.315,35.34,2072600
RERE,26-Aug-2026,3.98,4.03,3.9,4,1607900
RES,26-Aug-2026,6.07,6.175,5.97,6.14,1208300
REX,26-Aug-2026,41.08,42.85,41.08,42.54,195700
REX-B,26-Aug-2026,22.64,22.64,22.57,22.6344,2800
REX-C,26-Aug-2026,21.36,21.36,21.29,21.35,1500
REXR,26-Aug-2026,37.54,37.675,37.26,37.27,1671000
REXRpB,26-Aug-2026,22.6,22.64,22.57,22.6344,2601
REXRpC,26-Aug-2026,21.36,21.36,21.29,21.35,683
REZI,26-Aug-2026,20.01,20.09,19.59,19.87,1967700
RF,26-Aug-2026,30.73,30.8999,30.53,30.7,5870900
RF-C,26-Aug-2026,24.58,24.64,24.48,24.55,16600
RF-E,26-Aug-2026,16.22,16.37,16.01,16.12,54900
RF-F,26-Aug-2026,25.59,25.625,25.505,25.581,13300
RFI,26-Aug-2026,11.43,11.47,11.4,11.41,30800
RFL,26-Aug-2026,2.27,2.35,2.2,2.29,90700
RFM,26-Aug-2026,14.34,14.48,14.31,14.41,30200
RFMZ,26-Aug-2026,13.15,13.2457,13.0901,13.1,23300
RFpC,26-Aug-2026,24.58,24.64,24.48,24.55,11333
RFpE,26-Aug-2026,16.22,16.37,16.01,16.12,47953
RFpF,26-Aug-2026,25.59,25.625,25.505,25.581,9439
RGA,26-Aug-2026,244.7,248.235,244.22,246.55,234200
RGR,26-Aug-2026,38.44,38.44,38.09,38.27,110400
RGT,26-Aug-2026,15.48,15.65,15.39,15.49,24500
RH,26-Aug-2026,143,149.4,140.335,148.57,866400
RHI,26-Aug-2026,44.33,44.65,44.045,44.54,2754900
RHLD,26-Aug-2026,142.47,142.47,132.91,137.25,286200
RHP,26-Aug-2026,131.56,133.27,129.47,130.39,604100
RIG,26-Aug-2026,5.68,5.74,5.58,5.6,23534100
RIO,26-Aug-2026,106.01,106.295,104.59,104.7,1799100
RIT-A,26-Aug-2026,25.52,25.555,25.49,25.555,5500
RIT-B,26-Aug-2026,25.524,25.57,25.524,25.56,59100
RIT-C,26-Aug-2026,24.92,25,24.895,25,43600
RIT-D,26-Aug-2026,25.1,25.11,25.05,25.075,50100
RIT-E,26-Aug-2026,24.6,24.6695,24.46,24.6,40000
RIT-F,26-Aug-2026,24.87,24.9063,24.8011,24.87,27400
RITM,26-Aug-2026,10.16,10.17,10.06,10.08,3220700
RITMpA,26-Aug-2026,25.52,25.555,25.49,25.555,4280
RITMpB,26-Aug-2026,25.524,25.57,25.524,25.56,53662
RITMpC,26-Aug-2026,24.92,25,24.895,25,36723
RITMpD,26-Aug-2026,25.11,25.11,25.05,25.075,47940
RITMpE,26-Aug-2026,24.6,24.6695,24.46,24.6,35012
RIV,26-Aug-2026,11.09,11.09,11.015,11.03,248400
RIV-A,26-Aug-2026,21.56,21.61,21.56,21.61,1600
RIVpA,26-Aug-2026,21.56,21.56,21.56,21.56,953
RJF,26-Aug-2026,174.39,177.41,168.93,176.69,1504500
RKT,26-Aug-2026,14.09,14.29,13.8,13.9,14514500
RL,26-Aug-2026,364.24,365.51,357.46,362.32,487000
RLI,26-Aug-2026,64.89,65.54,64.775,64.86,346000
RLJ,26-Aug-2026,11.6,11.6,11.37,11.46,1700600
RLJ-A,26-Aug-2026,25.1,25.23,25.03,25.1,10400
RLJpA,26-Aug-2026,25.1,25.23,25.03,25.1,8636
RLTY,26-Aug-2026,15.8,15.815,15.71,15.76,20700
RLX,26-Aug-2026,1.79,1.815,1.79,1.79,2716200
RM,26-Aug-2026,33.3,33.84,32.39,32.65,62400
RMD,26-Aug-2026,233.66,237.76,232.1,235.69,1542300
RMI,26-Aug-2026,15.2,15.2,15.05,15.12,19100
RMM,26-Aug-2026,14.27,14.27,14.17,14.24,26600
RMMZ,26-Aug-2026,14.78,14.9342,14.7101,14.74,7000
RMT,26-Aug-2026,14.17,14.2477,14.17,14.18,69800
RNG,26-Aug-2026,63.65,66.705,63,66.06,920300
RNGR,26-Aug-2026,15.9,15.94,15.4,15.79,174700
RNP,26-Aug-2026,20.41,20.515,20.41,20.5,152600
RNR,26-Aug-2026,329.42,335.17,329.42,331.73,201900
RNR-F,26-Aug-2026,20.74,20.81,20.58,20.65,34800
RNR-G,26-Aug-2026,15.07,15.19,15.07,15.15,13100
RNRpF,26-Aug-2026,20.74,20.81,20.58,20.65,30155
RNRpG,26-Aug-2026,15.07,15.19,15.07,15.12,9718
RNST,26-Aug-2026,40.77,41.215,40.51,41.04,638100
ROG,26-Aug-2026,125.29,127.1,124.11,126.14,123500
ROK,26-Aug-2026,431.58,435.7699,430.43,431.75,560400
ROL,26-Aug-2026,36.33,37.465,36.26,36.7,6356100
RONB,26-Aug-2026,23.74,24,23.63,23.95,97100
RPC,26-Aug-2026,8.77,8.91,8.68,8.69,247900
RPM,26-Aug-2026,107.02,108.89,106.215,107.05,869900
RPT,26-Aug-2026,13.1,13.2,13.1,13.1,20500
RPT-C,26-Aug-2026,25.125,25.125,25.125,25.125,1000
RPTpC,26-Aug-2026,25.125,25.125,25.125,25.125,1000
RQI,26-Aug-2026,12.41,12.465,12.4001,12.41,392300
RRC,26-Aug-2026,40.72,42.43,40.72,41.55,1991000
RRX,26-Aug-2026,163.42,166.06,161.94,165.27,1266500
RS,26-Aug-2026,385.09,392.59,385.09,391.16,261400
RSF,26-Aug-2026,14.52,14.54,14.51,14.54,1900
RSG,26-Aug-2026,220.39,222.6299,219.93,222.18,1439100
RSI,26-Aug-2026,26,26.59,25.6,26.38,1134000
RSKD,26-Aug-2026,5.89,6.01,5.84,5.97,1217700
RTO,26-Aug-2026,23.8,23.84,23.375,23.44,997200
RTX,26-Aug-2026,210.4,213.1,209.2897,211.99,3791700
RVI,26-Aug-2026,26.83,27.01,26.15,26.32,110800
RVII,26-Aug-2026,22.75,22.75,21.5,21.9,355900
RVLV,26-Aug-2026,23.23,23.66,23.23,23.36,595600
RVT,26-Aug-2026,18.71,18.85,18.6563,18.76,149400
RVTY,26-Aug-2026,123.29,126.9,123.29,126.35,1155800
RWT,26-Aug-2026,4.72,4.73,4.61,4.61,1403100
RWT-A,26-Aug-2026,24.6401,24.7,24.6401,24.67,1800
RWTN,26-Aug-2026,24.53,24.9199,24.51,24.73,2400
RWTO,26-Aug-2026,24.75,24.75,23.83,24.055,21000
RWTP,26-Aug-2026,23.86,23.98,23.77,23.7701,10000
RWTpA,26-Aug-2026,24.6401,24.7,24.6401,24.67,1540
RWTQ,26-Aug-2026,23.57,23.59,23.47,23.49,20600
RWTS,26-Aug-2026,23.7,23.7,23.395,23.655,34000
RXO,26-Aug-2026,21.57,22.45,21.1001,22.19,1144700
RY,26-Aug-2026,206.95,208.5,206.375,207.21,1332800
RYAM,26-Aug-2026,8.58,8.69,8.38,8.41,667500
RYAN,26-Aug-2026,43.76,44.52,43.24,43.26,1133300
RYN,26-Aug-2026,21.25,21.33,20.82,20.82,1931200
RYZ,26-Aug-2026,24.82,25.28,24.575,25.15,376300
RZC,26-Aug-2026,25.5,25.6,25.49,25.6,84900
S,26-Aug-2026,20.02,20.635,19.82,20.51,5470000
SA,26-Aug-2026,34.03,34.88,33.83,34.19,503200
SABA,26-Aug-2026,8.22,8.23,8.19,8.19,103200
SAC,26-Aug-2026,10.11,10.11,10.105,10.11,35700
SAFE,26-Aug-2026,15.5,15.63,15.35,15.35,210900
SAGU,26-Aug-2026,10,10.02,9.99,10,515800
SAH,26-Aug-2026,77.17,78.77,76.895,78.04,190900
SAJ,26-Aug-2026,25.16,25.168,25.1,25.1,5700
SAM,26-Aug-2026,190.43,190.5427,184.22,185.56,139700
SAM.U,26-Aug-2026,9.91,9.92,9.91,9.92,10100
SAN,26-Aug-2026,14.82,14.82,14.67,14.7,15189000
SAP,26-Aug-2026,208.58,212.32,208.57,211.68,2822900
SAR,26-Aug-2026,18.5,18.5312,18.3,18.42,67900
SARO,26-Aug-2026,25.23,25.63,25.0701,25.17,2566200
SAT,26-Aug-2026,24.99,25.02,24.99,24.99,12400
SAV,26-Aug-2026,24.79,24.79,24.65,24.69,4100
SAY,26-Aug-2026,25.07,25.13,25.07,25.12,2600
SAZ,26-Aug-2026,25.185,25.28,25.185,25.28,12600
SB,26-Aug-2026,8.6,8.68,8.24,8.28,750900
SB-D,26-Aug-2026,26.17,26.56,26.1,26.56,13500
SBH,26-Aug-2026,16.48,16.69,16.28,16.58,902400
SBI,26-Aug-2026,7.59,7.64,7.59,7.62,10600
SBpD,26-Aug-2026,26.17,26.56,26.1,26.56,2240
SBR,26-Aug-2026,73.6,75.145,73.142,73.42,56300
SBS,26-Aug-2026,4.91,4.93,4.835,4.85,7177100
SBSI,26-Aug-2026,32.16,32.16,31.89,32.06,125400
SBSW,26-Aug-2026,12.33,12.39,12.065,12.09,4119300
SBXE,26-Aug-2026,10.07,10.07,10.07,10.07,100
SCCO,26-Aug-2026,217.92,220.39,212.837,213.75,1119900
SCD,26-Aug-2026,15.6,15.62,15.5001,15.56,42300
SCE-G,26-Aug-2026,17.23,17.23,17,17,5300
SCE-L,26-Aug-2026,17,17,16.72,16.81,28500
SCE-M,26-Aug-2026,24.53,24.53,24.2,24.29,97200
SCE-N,26-Aug-2026,23.065,23.065,22.86,22.93,12400
SCEpG,26-Aug-2026,17.23,17.23,17.01,17.01,3656
SCEpL,26-Aug-2026,17,17,16.72,16.85,13664
SCEpM,26-Aug-2026,24.53,24.53,24.2,24.23,54360
SCEpN,26-Aug-2026,23.065,23.065,22.86,22.93,7845
SCH-D,26-Aug-2026,23.64,23.65,23.52,23.625,35200
SCH-J,26-Aug-2026,16.95,17.0533,16.89,17.02,65000
SCHW,26-Aug-2026,108.25,110.32,106.34,109.39,13950700
SCHWpD,26-Aug-2026,23.64,23.65,23.52,23.625,29421
SCHWpJ,26-Aug-2026,16.95,17.0533,16.89,17.02,43877
SCI,26-Aug-2026,84.38,86.17,84.38,85.38,659000
SCL,26-Aug-2026,62.21,62.92,61.77,62.67,107200
SCM,26-Aug-2026,8.65,8.745,8.62,8.64,70100
SD,26-Aug-2026,13.71,13.925,13.61,13.91,224500
SDHC,26-Aug-2026,12.46,12.64,12.29,12.54,48400
SDHY,26-Aug-2026,16.11,16.11,15.93,16.01,115200
SDRL,26-Aug-2026,47.18,47.27,46.145,46.59,546900
SE,26-Aug-2026,121.36,121.68,118.6,119.12,2738900
SEA-A,26-Aug-2026,25.77,25.77,25.75,25.76,2400
SEA-B,26-Aug-2026,25.72,25.78,25.63,25.63,1100
SEALpA,26-Aug-2026,25.77,25.77,25.75,25.76,2157
SEALpB,26-Aug-2026,25.72,25.78,25.63,25.63,800
SECZ,26-Aug-2026,6.59,6.92,6.55,6.8,962200
SEG,26-Aug-2026,27.12,27.46,26.8754,27.02,51700
SEI,26-Aug-2026,52.27,53.86,51.6,51.81,1942500
SES,26-Aug-2026,0.5348,0.5466,0.5207,0.5357,4174700
SF,26-Aug-2026,79.49,81.15,78.53,80.77,1017200
SF-B,26-Aug-2026,21.8,22.24,21.8,22.04,5100
SF-C,26-Aug-2026,21.38,21.58,21.22,21.39,14400
SF-D,26-Aug-2026,15.75,16.1,15.75,16.1,21600
SFB,26-Aug-2026,19.75,19.79,19.65,19.65,13100
SFBS,26-Aug-2026,43.27,43.41,42.94,43.31,510800
SFL,26-Aug-2026,12.35,12.75,11.885,12.03,2339000
SFpB,26-Aug-2026,21.8,22.24,21.8,22.04,4384
SFpC,26-Aug-2026,21.38,21.58,21.22,21.39,11729
SFpD,26-Aug-2026,15.75,16.1,15.75,16.1,19467
SG,26-Aug-2026,6.95,6.969,6.76,6.85,3072400
SGHC,26-Aug-2026,13.9,13.955,13.65,13.92,2236900
SGI,26-Aug-2026,64.34,64.99,62.81,62.83,4425000
SGOV,26-Aug-2026,100.65,100.66,100.65,100.65,14591600
SGU,26-Aug-2026,12.55,12.6316,12.55,12.57,9600
SHAK,26-Aug-2026,73.77,74.4,72.35,72.94,669100
SHEL,26-Aug-2026,91.23,92.24,91.01,91.11,7935900
SHG,26-Aug-2026,77.26,77.92,77.19,77.5,104000
SHO,26-Aug-2026,11.32,11.46,11.22,11.23,1241000
SHO-H,26-Aug-2026,22.25,22.46,22.24,22.36,12000
SHO-I,26-Aug-2026,21.5,21.695,21.5,21.6577,1700
SHOC,26-Aug-2026,102.87,103.37,102.36,102.8849,6000
SHOpH,26-Aug-2026,22.25,22.46,22.24,22.36,6489
SHOpI,26-Aug-2026,21.5,21.695,21.5,21.6577,1147
SHV,26-Aug-2026,110.34,110.35,110.34,110.35,1934900
SHW,26-Aug-2026,352,355.51,347.54,348.66,1655400
SI,26-Aug-2026,22.05,22.85,21.46,22.43,121900
SID,26-Aug-2026,1.01,1.05,1.01,1.03,1533000
SIG,26-Aug-2026,85.17,86.08,83.57,83.76,499800
SII,26-Aug-2026,136.06,139.33,134.72,136.87,159400
SIND,26-Aug-2026,17.89,18.155,16.38,17.01,109100
SITC,26-Aug-2026,2.98,3.055,2.955,3.03,952600
SITE,26-Aug-2026,95.21,96.95,94.17,96.07,602400
SJM,26-Aug-2026,134.8,134.85,128.12,130.9,2860300
SJT,26-Aug-2026,2.9,3.0822,2.81,2.84,247600
SKE,26-Aug-2026,34.33,35.28,34.22,34.72,391500
SKIL,26-Aug-2026,7.95,8.155,6.71,6.86,123500
SKM,26-Aug-2026,39.51,40.0354,39.415,39.8,969800
SKT,26-Aug-2026,38.5,38.5,38.01,38.06,556200
SKY,26-Aug-2026,91.79,92.27,90.82,91.18,360500
SKY.W,26-Aug-2026,0.4,0.4,0.4,0.4,1000
SKYH,26-Aug-2026,10.64,10.81,10.625,10.69,98900
SKYH.WS,26-Aug-2026,0.4,0.4,0.4,0.4,605
SLB,26-Aug-2026,52.55,53.91,51.98,53.6,7936800
SLF,26-Aug-2026,79.2,79.73,79,79.05,2870300
SLG,26-Aug-2026,59.88,60.09,58.6,58.68,686900
SLG-I,26-Aug-2026,21.42,21.5999,21.32,21.47,4400
SLGN,26-Aug-2026,42.99,43.56,42.82,42.97,710900
SLGpI,26-Aug-2026,21.42,21.5999,21.32,21.47,3170
SLNZ,26-Aug-2026,45.9399,45.9399,45.65,45.79,1600
SLQT,26-Aug-2026,0.5831,0.5831,0.535,0.55,1362300
SLVM,26-Aug-2026,36.88,37.43,36.58,36.69,158500
SM,26-Aug-2026,34.85,36.23,34.4769,35.36,3381200
SMA,26-Aug-2026,34.13,34.225,33.7,33.96,1434600
SMBK,26-Aug-2026,51.03,51.515,50.4,50.68,80000
SMC,26-Aug-2026,32.7,34.24,32.7,34.02,51300
SMFG,26-Aug-2026,25.39,25.495,25.335,25.42,933800
SMG,26-Aug-2026,63.17,63.77,61.26,61.35,579700
SMHI,26-Aug-2026,9.65,9.7,9.35,9.4,116000
SMP,26-Aug-2026,37.62,37.62,36.86,37.11,165800
SMR,26-Aug-2026,9.85,10.255,9.06,9.27,51877000
SMRT,26-Aug-2026,1.43,1.45,1.34,1.35,761000
SMWB,26-Aug-2026,8.8,9.09,8.785,9.06,1231900
SN,26-Aug-2026,184.49,189.8,183.515,188.55,1143300
SNA,26-Aug-2026,396,400.63,395.03,397.48,169800
SNAP,26-Aug-2026,5.97,6,5.32,5.42,69428500
SNDA,26-Aug-2026,41.27,41.69,39.39,39.67,405700
SNDR,26-Aug-2026,34.65,35.24,34.335,35.22,409300
SNN,26-Aug-2026,29.29,29.435,29.155,29.3,2378700
SNOW,26-Aug-2026,309.44,317.5,307.27,315.37,3086900
SNU-H,26-Aug-2026,21.5,22.08,21.5,21.8,39800
SNU-I,26-Aug-2026,24.16,24.34,24.115,24.34,8200
SNX,26-Aug-2026,251.2,256.95,248.1,255.17,415300
SO,26-Aug-2026,89.92,90.58,89.67,89.76,4548500
SOBO,26-Aug-2026,36.71,37.92,36.555,37.85,674900
SOC,26-Aug-2026,4.71,4.83,4.435,4.63,7572500
SOJC,26-Aug-2026,20.04,20.0899,19.96,20.03,20900
SOJD,26-Aug-2026,18.57,18.62,18.47,18.54,93900
SOJE,26-Aug-2026,16.12,16.23,16.12,16.15,61900
SOJF,26-Aug-2026,25.18,25.21,24.96,24.96,39900
SOLV,26-Aug-2026,91.48,92.71,91.16,91.53,1019500
SOMN,26-Aug-2026,48.69,48.69,48.25,48.3,74500
SON,26-Aug-2026,57.26,58.878,57.19,57.55,904100
SONY,26-Aug-2026,24.26,24.33,24.055,24.12,3322400
SOR,26-Aug-2026,46.55,46.75,46.325,46.6034,8100
SOS,26-Aug-2026,0.96,0.96,0.9,0.9213,99400
SOU-,26-Aug-2026,0.14,0.14,0.1239,0.1239,1200
SOULr,26-Aug-2026,0.14,0.14,0.1239,0.1239,1200
SPB,26-Aug-2026,88.99,89.35,87.8001,88.89,211800
SPCE,26-Aug-2026,2.96,2.995,2.88,2.89,4469300
SPE,26-Aug-2026,13.39,13.5399,13.39,13.46,15600
SPG,26-Aug-2026,219,219.24,216.88,217.11,993300
SPG-J,26-Aug-2026,56.09,56.165,55.82,56.165,700
SPGI,26-Aug-2026,430.61,439.2,430.17,436.49,1398800
SPGpJ,26-Aug-2026,56.09,56.165,55.82,56.165,622
SPH,26-Aug-2026,17.49,17.77,17.49,17.72,132100
SPHR,26-Aug-2026,161.42,161.42,155.28,157.4,557900
SPIR,26-Aug-2026,13.75,14.06,13.4,13.54,454000
SPMA,26-Aug-2026,25.05,25.09,25.05,25.075,2600
SPMC,26-Aug-2026,9.22,9.25,9.125,9.22,17400
SPME,26-Aug-2026,25.11,25.11,25.0123,25.0149,800
SPNT,26-Aug-2026,24,24.14,23.76,23.98,591400
SPOT,26-Aug-2026,550,554.97,543.2,550.03,1250300
SPRU,26-Aug-2026,2.14,2.16,2,2,66100
SPXC,26-Aug-2026,203.15,207.5599,202.545,205.69,319800
SPXX,26-Aug-2026,19.18,19.22,19.09,19.1,162400
SQM,26-Aug-2026,78.05,79.01,77.3,78.28,857300
SQNS,26-Aug-2026,2.91,3.0001,2.9,2.9,22600
SR,26-Aug-2026,82.97,84.3,82.97,83.66,506700
SRE,26-Aug-2026,84.12,85.47,84.008,85.28,2137300
SREA,26-Aug-2026,20.66,20.66,20.56,20.6,55900
SRFM,26-Aug-2026,0.695,0.71,0.67,0.6905,1773700
SRG,26-Aug-2026,2.11,2.13,2.1,2.11,180800
SRG-A,26-Aug-2026,21.98,22.24,21.55,21.55,15100
SRGpA,26-Aug-2026,21.98,22.24,21.55,21.55,13254
SRI,26-Aug-2026,7.18,7.27,7.09,7.16,100300
SRJN,26-Aug-2026,22.55,22.635,22.46,22.5,28200
SRL,26-Aug-2026,5.77,5.87,5.77,5.87,1000
SRV,26-Aug-2026,45.19,45.6289,45,45.2,54000
SSB,26-Aug-2026,106.34,107.3499,106.03,106.36,471400
SSD,26-Aug-2026,187.91,188.98,184.48,184.93,158800
SSL,26-Aug-2026,11.24,11.42,11.226,11.36,1217400
SSMR,26-Aug-2026,18.27,19.26,18.02,18.34,184000
SST,26-Aug-2026,1.85,2.01,1.845,1.85,91800
SSTK,26-Aug-2026,5.53,5.55,5.26,5.54,741400
ST,26-Aug-2026,42.43,43.05,42.3,42.58,798500
STAG,26-Aug-2026,37.13,37.4,37.02,37.18,1397800
STC,26-Aug-2026,69.55,69.99,69.11,69.9,175400
STDN,26-Aug-2026,13.95,14.0847,13.19,13.7,531000
STE,26-Aug-2026,234.67,237.43,234.35,236.77,547400
STEM,26-Aug-2026,5.66,5.79,5.55,5.66,46100
STEW,26-Aug-2026,18.54,18.67,18.52,18.67,36200
STG,26-Aug-2026,3,3,2.9,2.9,14300
STK,26-Aug-2026,52.19,52.7,51.53,52.08,54100
STLA,26-Aug-2026,5.27,5.29,5.14,5.15,19740200
STM,26-Aug-2026,49.83,49.97,48.97,49.66,5012000
STN,26-Aug-2026,73.14,75.81,73.14,75.42,363600
STNG,26-Aug-2026,76.39,76.5,73.99,74.85,697500
STT,26-Aug-2026,193.14,194.52,191.11,193.62,1053000
STT-G,26-Aug-2026,20.76,20.78,20.66,20.68,59400
STTpG,26-Aug-2026,20.76,20.78,20.66,20.7,46801
STUB,26-Aug-2026,6.75,6.88,6.545,6.58,5065500
STVN,26-Aug-2026,22.56,23,22.25,22.38,499200
STWD,26-Aug-2026,16.15,16.17,15.91,15.91,3357700
STXD,26-Aug-2026,40.71,40.71,40.56,40.5998,5400
STXE,26-Aug-2026,50.32,50.32,49.95,50.0469,3900
STXF,26-Aug-2026,49.47,49.56,49.37,49.55,103000
STXG,26-Aug-2026,56.04,56.115,55.9273,56.0369,1700
STXK,26-Aug-2026,38.81,38.81,38.705,38.7498,1400
STXT,26-Aug-2026,19.71,19.74,19.67,19.72,22900
STXV,26-Aug-2026,39.865,39.865,39.8,39.8159,800
STZ,26-Aug-2026,135.24,135.67,134.11,134.45,1083500
SU,26-Aug-2026,64.73,66.565,64.56,65.67,2756300
SUI,26-Aug-2026,125.56,126.4,124.49,125.24,1434300
SUN,26-Aug-2026,74.69,75.72,74.4,75.1,319000
SUNB,26-Aug-2026,75.93,76.42,74.07,74.38,2717800
SUNC,26-Aug-2026,75.7,76.91,75.55,76.24,369500
SUPV,26-Aug-2026,8.8,8.98,8.59,8.8,570400
SUZ,26-Aug-2026,9.03,9.03,8.92,8.94,2522100
SVV,26-Aug-2026,10.82,10.89,10.63,10.84,883200
SW,26-Aug-2026,49.83,50.52,49.38,49.56,3390700
SWK,26-Aug-2026,98.87,99.97,97.9,99.76,1394500
SWX,26-Aug-2026,89.33,90.96,88.77,90.61,433200
SWZ,26-Aug-2026,5.94,5.97,5.94,5.97,36200
SXC,26-Aug-2026,9.68,9.875,9.5801,9.82,2219600
SXI,26-Aug-2026,306.94,310.2956,304.04,305.13,87300
SXT,26-Aug-2026,137.65,138.82,135.94,136.96,284800
SYF,26-Aug-2026,80.67,81.24,79.59,79.78,3927800
SYF-A,26-Aug-2026,18.6,18.8,18.52,18.6,42700
SYF-B,26-Aug-2026,26.15,26.15,25.85,26.05,17100
SYFpA,26-Aug-2026,18.6,18.8,18.52,18.6,33035
SYFpB,26-Aug-2026,26.15,26.15,25.85,26.05,15446
SYK,26-Aug-2026,329.13,333.39,326.41,329.67,1571600
SYY,26-Aug-2026,83.7,84.23,83.25,83.27,1945200
T,26-Aug-2026,25.82,26.02,25.715,25.87,26379100
T-A,26-Aug-2026,17.94,17.97,17.78,17.85,127200
T-C,26-Aug-2026,17,17.075,16.92,16.98,115400
TAC,26-Aug-2026,12.18,12.75,12.18,12.64,1284700
TAK,26-Aug-2026,18.32,18.38,18.2191,18.23,2331700
TAL,26-Aug-2026,11.68,11.84,11.64,11.69,4298200
TALO,26-Aug-2026,16.15,16.75,15.98,16.72,1510600
TAP,26-Aug-2026,42.18,42.45,41.88,42.09,2338500
TBB,26-Aug-2026,19.59,19.7318,19.5,19.61,72300
TBBB,26-Aug-2026,50.65,51.04,49.75,49.91,707200
TBI,26-Aug-2026,10.61,10.63,10.3,10.45,157600
TBLU,26-Aug-2026,52.07,52.07,51.8,51.8,2100
TBN,26-Aug-2026,36.74,37.76,36.74,36.96,85300
TCAI,26-Aug-2026,45.74,46.48,45.74,46.39,52000
TCBX,26-Aug-2026,45.69,45.69,44.17,44.34,90100
TCI,26-Aug-2026,38.92,38.93,38.54,38.54,3300
TCPA,26-Aug-2026,21.96,21.99,21.7,21.9,54100
TD,26-Aug-2026,119.11,120.0399,118.71,119.43,1931100
TDAY,26-Aug-2026,6.51,6.58,6.36,6.4,2005300
TDC,26-Aug-2026,26.9,27.42,26.75,27.06,1376100
TDF,26-Aug-2026,10.88,10.9017,10.8125,10.87,16800
TDG,26-Aug-2026,1202,1225.97,1197.39,1207.06,432900
TDOC,26-Aug-2026,6.14,6.38,6.13,6.33,3086700
TDS,26-Aug-2026,33.67,34.3,33.19,33.28,704400
TDS-U,26-Aug-2026,20.82,20.9,20.82,20.83,5700
TDS-V,26-Aug-2026,19.18,19.18,19,19.04,25100
TDSpU,26-Aug-2026,20.82,20.9,20.82,20.83,4977
TDSpV,26-Aug-2026,19.18,19.18,19,19.04,21789
TDW,26-Aug-2026,90.89,91.34,88.42,88.81,669500
TDY,26-Aug-2026,629.31,639.03,629.31,633.56,238900
TE,26-Aug-2026,4.56,4.73,4.415,4.51,15576800
TECK,26-Aug-2026,71.52,71.925,71.02,71.12,4042700
TEI,26-Aug-2026,6.75,6.83,6.7473,6.82,103300
TEL,26-Aug-2026,202.45,205.975,202.25,205.03,1749500
TEN,26-Aug-2026,41.75,41.828,40.02,40.25,329600
TEN-E,26-Aug-2026,26.05,26.23,25.88,26.21,19100
TEN-F,26-Aug-2026,26.8,26.99,26.8,26.8648,1400
TENpE,26-Aug-2026,26.05,26.23,25.88,26.21,15745
TENpF,26-Aug-2026,26.8,26.99,26.8,26.8648,837
TEO,26-Aug-2026,13.45,13.63,13.22,13.36,110500
TEVA,26-Aug-2026,37.7,38.055,37.07,37.92,4816000
TEX,26-Aug-2026,64.73,66.54,64.39,65.36,962800
TFC,26-Aug-2026,50.39,50.855,50.2,50.67,5120300
TFC-I,26-Aug-2026,17.98,17.98,17.77,17.83,15400
TFC-O,26-Aug-2026,19.5,19.61,19.45,19.6,72300
TFC-R,26-Aug-2026,17.52,17.66,17.51,17.57,75300
TFCpI,26-Aug-2026,17.98,17.98,17.77,17.83,12642
TFCpO,26-Aug-2026,19.5,19.61,19.45,19.6,56134
TFCpR,26-Aug-2026,17.52,17.66,17.51,17.57,64582
TFI-,26-Aug-2026,22.3,22.52,22.3,22.31,4900
TFII,26-Aug-2026,133.44,136.09,132.785,135.23,195400
TFIN,26-Aug-2026,73.67,74.47,72.87,73.68,117200
TFINP,26-Aug-2026,22.3,22.52,22.3,22.42,4071
TFPM,26-Aug-2026,35.1,35.93,34.98,34.98,451200
TFX,26-Aug-2026,139.14,140.17,137.955,138.74,533700
TG,26-Aug-2026,7.89,7.92,7.67,7.78,114800
TGE,26-Aug-2026,0.95,0.99,0.95,0.9797,17500
TGLS,26-Aug-2026,40.51,41,40.2,40.82,156200
TGS,26-Aug-2026,28.49,28.6723,28.07,28.34,230100
TGT,26-Aug-2026,163.68,164.85,161.34,164.04,4661400
THC,26-Aug-2026,272.37,278.16,272.055,274.19,513300
THG,26-Aug-2026,226.82,229.835,226.82,228.41,302100
THIR,26-Aug-2026,34.25,34.3,34.22,34.25,8700
THLV,26-Aug-2026,33.1,33.1601,33.0901,33.1079,5100
THMR,26-Aug-2026,25.37,25.43,25.36,25.43,3200
THO,26-Aug-2026,78.88,79.4704,77.36,77.85,619900
THQ,26-Aug-2026,19.81,19.88,19.72,19.8,91900
THW,26-Aug-2026,14.18,14.23,14.03,14.09,125300
TIC,26-Aug-2026,9.72,9.865,9.5839,9.81,1313500
TIMB,26-Aug-2026,18.26,18.3559,18.16,18.18,396100
TISI,26-Aug-2026,24,24,23.01,23.01,30700
TJX,26-Aug-2026,139.2,139.25,136.74,136.83,10474100
TK,26-Aug-2026,13.17,13.17,12.14,12.25,843600
TKC,26-Aug-2026,5.46,5.465,5.4,5.42,733100
TKO,26-Aug-2026,192.38,194.92,187.83,187.9,739400
TKR,26-Aug-2026,123.36,126.71,123.36,126.15,950200
TLK,26-Aug-2026,14.89,14.93,14.66,14.71,555300
TLYS,26-Aug-2026,3.76,3.98,3.72,3.93,128200
TM,26-Aug-2026,192.8,193.08,191.5,191.84,259600
TME,26-Aug-2026,8.71,8.855,8.685,8.8,19752800
TMO,26-Aug-2026,622.23,636.06,622.23,633.71,1843200
TNC,26-Aug-2026,70.41,71.065,69.63,70.42,136700
TNET,26-Aug-2026,68.75,70.57,68.24,70.4,312500
TNGY,26-Aug-2026,10.85,11.135,10.85,11.05,259700
TNK,26-Aug-2026,88.56,88.56,82.85,83.2,1300700
TNL,26-Aug-2026,74.27,74.49,73.54,73.57,465000
TOL,26-Aug-2026,151.1,152.06,148.1,148.18,905200
TOST,26-Aug-2026,36.34,37.14,36.28,36.97,9306400
TpA,26-Aug-2026,17.94,17.97,17.78,17.85,112589
TPB,26-Aug-2026,86.26,88.7299,85.75,88.06,259500
TPC,26-Aug-2026,87.53,88.76,86.975,88.49,541500
TPL,26-Aug-2026,369.58,383.044,367.8003,369.4,289400
TPR,26-Aug-2026,130.37,130.79,129.53,130.25,4837600
TPTS,26-Aug-2026,16,16.05,16,16.05,1200
TPVG,26-Aug-2026,5.3,5.37,5.29,5.32,64800
TPYP,26-Aug-2026,42.57,43.51,42.57,43.5,40200
TPZ,26-Aug-2026,21.17,21.595,21.17,21.53,6000
TR,26-Aug-2026,41.46,41.615,41.09,41.31,126400
TRAK,26-Aug-2026,8.07,8.1,7.715,7.85,59800
TRC,26-Aug-2026,16.1,16.255,15.8,15.87,266300
TREX,26-Aug-2026,47.18,47.54,46.5,46.68,872600
TRGP,26-Aug-2026,284.26,295.005,284,294.03,939000
TRIN,26-Aug-2026,18.7,18.81,18.6332,18.73,760500
TRLV,26-Aug-2026,11.22,11.8899,11.1,11.43,1630500
TRN,26-Aug-2026,29.59,29.958,29.33,29.51,366000
TRNI,26-Aug-2026,25.34,25.35,25.315,25.3499,7100
TRNO,26-Aug-2026,68.26,68.53,67.5,67.57,635600
TRNZ,26-Aug-2026,25.29,25.37,25.29,25.34,8700
TROX,26-Aug-2026,5.48,5.55,5.39,5.47,1200900
TRP,26-Aug-2026,62.57,63.378,61.63,62.86,1303300
TRT-B,26-Aug-2026,25.36,25.5,25.36,25.4,1800
TRT-C,26-Aug-2026,25.01,25.0511,24.82,24.82,8400
TRT-D,26-Aug-2026,23.07,23.2178,23.07,23.2178,500
TRT-E,26-Aug-2026,18.71,18.78,18.56,18.78,10200
TRT-F,26-Aug-2026,24.43,24.75,24.43,24.44,5100
TRT-G,26-Aug-2026,23.65,23.685,23.6,23.66,7700
TRT-P,26-Aug-2026,18.55,18.63,18.42,18.55,2900
TRTNpB,26-Aug-2026,25.36,25.5,25.36,25.4,1198
TRTNpC,26-Aug-2026,25.01,25.0511,24.82,24.82,4751
TRTNpD,26-Aug-2026,23.07,23.2178,23.07,23.2178,500
TRTNpE,26-Aug-2026,18.71,18.78,18.56,18.78,8053
TRTNpF,26-Aug-2026,24.43,24.75,24.43,24.48,4277
TRTX,26-Aug-2026,7.82,7.82,7.68,7.71,728100
TRTXpC,26-Aug-2026,18.55,18.63,18.42,18.42,2075
TRU,26-Aug-2026,84.25,85.266,83.91,84.5,1959200
TRV,26-Aug-2026,372.03,373.5499,369.9201,371.15,1635200
TS,26-Aug-2026,54.21,54.45,53.73,53.86,1040900
TSI,26-Aug-2026,4.4,4.4,4.385,4.4,134200
TSLX,26-Aug-2026,18.87,19.05,18.81,18.82,226300
TSM,26-Aug-2026,418.45,420.75,414.41,417.69,7449300
TSN,26-Aug-2026,57,57.19,56.5,56.55,2042400
TSQ,26-Aug-2026,5.85,5.89,5.7,5.85,31800
TT,26-Aug-2026,458.33,465.18,455.33,463.4,1509900
TTAM,26-Aug-2026,15.46,15.68,15.28,15.32,282000
TTC,26-Aug-2026,100,100.8,98.96,100.35,672500
TTE,26-Aug-2026,87.15,88.255,86.82,87.13,1503300
TTI,26-Aug-2026,6.76,6.835,6.69,6.83,1922200
TU,26-Aug-2026,9.76,9.8,9.64,9.7,5415900
TUYA,26-Aug-2026,1.78,1.845,1.7708,1.83,619300
TV,26-Aug-2026,2.75,2.895,2.75,2.88,1789700
TVC,26-Aug-2026,24.07,24.2239,24.07,24.12,10500
TVE,26-Aug-2026,23.51,23.59,23.49,23.49,5900
TWI,26-Aug-2026,7.21,7.27,7.05,7.05,390700
TWLO,26-Aug-2026,220.07,228.65,219.56,228.46,1372800
TWN,26-Aug-2026,99.62,100.87,99.62,100.35,35400
TWO-A,26-Aug-2026,25.18,25.2,25.175,25.19,215300
TWO-B,26-Aug-2026,25.16,25.1741,25.16,25.17,33200
TWO-C,26-Aug-2026,25.22,25.24,25.22,25.23,72900
TWOD,26-Aug-2026,25.91,25.98,25.89,25.89,322600
TWOpA,26-Aug-2026,25.1,25.2,25.1,25.19,210828
TWOpB,26-Aug-2026,25.15,25.1741,25.15,25.17,30599
TWOpC,26-Aug-2026,25.2312,25.24,25.22,25.23,67034
TX,26-Aug-2026,55.2,56.23,54.855,55.13,330700
TXNM,26-Aug-2026,57.55,57.645,57.35,57.54,549400
TXO,26-Aug-2026,14,14.24,14,14.05,55900
TXT,26-Aug-2026,82.39,83.4606,81.93,83.31,1303900
TY,26-Aug-2026,35.5,35.9629,35.47,35.7,38200
TY-,26-Aug-2026,42.1861,42.1861,41.89,42.035,11700
TYG,26-Aug-2026,43.28,43.6923,43.23,43.33,87200
TYL,26-Aug-2026,342.41,355.74,342,352.65,576300
TYp,26-Aug-2026,42.1861,42.1861,41.89,42.035,10833
U,26-Aug-2026,44.28,45.57,44.05,44.38,8951700
UA,26-Aug-2026,5.05,5.11,5.001,5.02,1770600
UAA,26-Aug-2026,5.17,5.24,5.12,5.15,5310200
UAMY,26-Aug-2026,5.15,5.58,5.0145,5.06,6318500
UAN,26-Aug-2026,126.5,127,125.87,126.23,26500
UBER,26-Aug-2026,81.56,82.365,78.415,78.49,14523900
UBS,26-Aug-2026,54.71,54.74,54.28,54.52,1204500
UCB,26-Aug-2026,35.25,35.37,34.98,35.22,573200
UDR,26-Aug-2026,38.26,38.27,37.92,37.93,3824200
UE,26-Aug-2026,21.6,21.71,21.43,21.45,604100
UFI,26-Aug-2026,7.5,7.6899,7.29,7.54,155800
UGI,26-Aug-2026,38.33,38.69,38.25,38.45,1763700
UGP,26-Aug-2026,6.375,6.4858,6.31,6.45,2938800
UHA.B,26-Aug-2026,61.69,61.7188,60.65,60.66,267300
UHAL,26-Aug-2026,68.18,69.83,68.18,68.76,137900
UHAL.B,26-Aug-2026,61.69,61.7188,60.65,60.67,101624
UHS,26-Aug-2026,176.17,179.94,176,178.69,632800
UHT,26-Aug-2026,42.15,42.45,41.9401,42.16,113800
UI,26-Aug-2026,575.41,597.05,574.975,596.8,184100
UIS,26-Aug-2026,2.68,2.68,2.58,2.61,473000
UL,26-Aug-2026,65.58,65.63,64.93,64.96,4089100
ULS,26-Aug-2026,74.35,75.265,73.81,75.05,421300
UMC,26-Aug-2026,19.41,19.46,18.84,19.03,6789300
UMH,26-Aug-2026,16.57,16.705,16.4,16.66,910900
UMH-D,26-Aug-2026,22,22,21.84,21.85,70400
UMHpD,26-Aug-2026,22,22,21.84,21.88,64373
UNF,26-Aug-2026,289.6,291.39,286.18,287.98,260200
UNFI,26-Aug-2026,47.76,48.24,47.475,47.98,345900
UNH,26-Aug-2026,396.33,406.25,396.01,401.01,3560000
UNM,26-Aug-2026,89.76,91.55,89.19,91.51,1602900
UNMA,26-Aug-2026,21.61,21.85,21.6068,21.75,16200
UNP,26-Aug-2026,308.73,314.1499,308.64,310.62,2447800
UP,26-Aug-2026,5.21,5.4,5.03,5.06,124600
UPS,26-Aug-2026,105.09,107.11,104.55,105.65,4640400
URI,26-Aug-2026,1062.53,1073.935,1050.66,1057.66,297000
USA,26-Aug-2026,5.97,6.01,5.961,5.99,994200
USAC,26-Aug-2026,26.82,27.205,26.6937,27.07,274900
USB,26-Aug-2026,62.45,63.18,62.095,62.8,6780900
USB-A,26-Aug-2026,771,772,771,772,300
USB-H,26-Aug-2026,18.34,18.4411,18.26,18.35,55800
USB-P,26-Aug-2026,21.14,21.14,20.9,21.05,26300
USB-Q,26-Aug-2026,14.32,14.355,14.2,14.3,52900
USB-R,26-Aug-2026,15.26,15.3199,15.13,15.2,113400
USB-S,26-Aug-2026,17.22,17.35,17.1214,17.18,28300
USBpA,26-Aug-2026,771,772,771,772,118
USBpH,26-Aug-2026,18.34,18.4411,18.26,18.35,46115
USBpP,26-Aug-2026,21.14,21.14,20.9,21.04,20662
USBpQ,26-Aug-2026,14.32,14.355,14.2,14.3,47438
USBpR,26-Aug-2026,15.26,15.3199,15.13,15.2,101256
USBpS,26-Aug-2026,17.22,17.35,17.1214,17.18,22868
USFD,26-Aug-2026,109.13,109.43,108.21,108.46,1126600
USNA,26-Aug-2026,13.73,13.91,13.5,13.67,185600
USPH,26-Aug-2026,76.96,79.08,76.74,78.27,192100
UTF,26-Aug-2026,27.22,27.3868,27.113,27.31,137000
UTI,26-Aug-2026,22.17,23.15,21.93,22.12,1466800
UTL,26-Aug-2026,53.83,54.255,52.99,53.8,73200
UTZ,26-Aug-2026,14.23,14.26,14.21,14.22,3737900
UVE,26-Aug-2026,43.43,43.85,42.81,43.76,134500
UVV,26-Aug-2026,46.03,46.8,45.96,46.66,258800
UWMC,26-Aug-2026,1.5,1.505,1.43,1.46,10853000
UZD,26-Aug-2026,18.96,19.03,18.9325,18.9601,2400
UZE,26-Aug-2026,16.975,17.08,16.905,17.08,3800
UZF,26-Aug-2026,16.895,16.895,16.895,16.895,400
V,26-Aug-2026,384.14,385.5699,381.08,383.9,6079900
VAC,26-Aug-2026,117.67,120,114.68,114.78,465100
VAC.W,26-Aug-2026,0.53,0.54,0.5147,0.5147,4400
VACI,26-Aug-2026,10.23,10.24,10.22,10.24,83000
VAL,26-Aug-2026,84.32,85.06,83.18,83.6,472000
VAL.W,26-Aug-2026,11.56,11.56,11.56,11.56,600
VAL.WS,26-Aug-2026,11.56,11.56,11.56,11.56,188
VALE,26-Aug-2026,15.37,15.405,15.125,15.16,19571200
VATE,26-Aug-2026,7.72,7.79,7.42,7.66,82700
VBF,26-Aug-2026,14.73,14.788,14.67,14.73,66200
VCV,26-Aug-2026,10.55,10.56,10.5,10.5,85100
VCX,26-Aug-2026,43.66,44.23,41.5001,42.63,462000
VECA,26-Aug-2026,10.01,10.01,10.01,10.01,1400
VEEV,26-Aug-2026,239.87,247.7,238.93,244.91,1457500
VEL,26-Aug-2026,18.22,18.2686,17.6197,17.69,147500
VET,26-Aug-2026,11.92,12.495,11.88,12.26,1388500
VFC,26-Aug-2026,13.87,13.9998,13.785,13.89,4980400
VG,26-Aug-2026,13.78,14.4063,13.715,14.3,15028300
VGI,26-Aug-2026,7.29,7.31,7.275,7.31,10900
VGM,26-Aug-2026,10.26,10.32,10.25,10.32,50800
VGNT,26-Aug-2026,47.31,48.01,47.15,47.36,573600
VHI,26-Aug-2026,18.2815,18.55,17.4901,18.38,37500
VIA,26-Aug-2026,27.21,27.99,26.89,27.61,587100
VICI,26-Aug-2026,26.34,26.3589,26,26,6064200
VII,26-Aug-2026,9.835,9.84,9.835,9.84,112700
VIK,26-Aug-2026,92.5,93.4,90.51,90.52,3578100
VIPS,26-Aug-2026,14,14.305,13.81,14.08,4849800
VIRT,26-Aug-2026,64.92,66.1879,64.75,65.74,969100
VIST,26-Aug-2026,67.7,69.385,67.28,68.66,614000
VIV,26-Aug-2026,11.65,11.675,11.565,11.61,943900
VKQ,26-Aug-2026,9.73,9.77,9.7,9.77,169800
VLN,26-Aug-2026,1.81,1.84,1.785,1.79,252900
VLO,26-Aug-2026,335.79,349.8908,335,348.03,2158100
VLRS,26-Aug-2026,7.17,7.255,6.98,6.99,340900
VLT,26-Aug-2026,9.94,9.941,9.89,9.91,30100
VLTO,26-Aug-2026,98.8,99.66,98.3875,98.69,1052400
VMC,26-Aug-2026,274.79,277.65,272.38,273.74,874800
VMI,26-Aug-2026,474.56,479.845,470.64,476.98,178700
VMO,26-Aug-2026,9.78,9.7821,9.69,9.74,106200
VMRK,26-Aug-2026,67.63,67.765,66.82,66.83,4954100
VNO,26-Aug-2026,39.97,39.98,38.91,38.95,980900
VNO-L,26-Aug-2026,17.82,17.82,17.6,17.73,11000
VNO-M,26-Aug-2026,17.78,17.81,17.75,17.76,5500
VNO-N,26-Aug-2026,17.4,17.57,17.32,17.51,10200
VNO-O,26-Aug-2026,14.705,14.839,14.6,14.77,13900
VNOpL,26-Aug-2026,17.82,17.82,17.6,17.73,8464
VNOpM,26-Aug-2026,17.78,17.81,17.75,17.795,4823
VNOpN,26-Aug-2026,17.4,17.57,17.32,17.51,9364
VNOpO,26-Aug-2026,14.705,14.839,14.6,14.77,12969
VNT,26-Aug-2026,33.4,33.95,33.4,33.69,1059000
VOC,26-Aug-2026,3.36,3.36,3.2147,3.24,52100
VOY-B,26-Aug-2026,23.73,23.8,23.52,23.54,14200
VOYA,26-Aug-2026,100.13,101.84,99.1862,101.54,729500
VOYApB,26-Aug-2026,23.73,23.8,23.52,23.54,9587
VOYG,26-Aug-2026,34.48,35.7854,34.45,34.63,594400
VPG,26-Aug-2026,65.29,66.24,63.89,64.06,247400
VPV,26-Aug-2026,11.24,11.38,11.1194,11.36,20900
VRT,26-Aug-2026,256.61,265.78,255.34,263.81,3930900
VRTS,26-Aug-2026,165.27,167.81,164.85,167.25,105900
VSH,26-Aug-2026,31.43,31.52,30.31,30.66,6378900
VST,26-Aug-2026,139.4,144.03,139.3045,140.03,3428400
VSTS,26-Aug-2026,12.88,13.045,12.72,13.03,718700
VSXY,26-Aug-2026,87.6,92.645,86.97,90.79,1260100
VTEX,26-Aug-2026,3.6,3.67,3.57,3.66,656700
VTMX,26-Aug-2026,35.05,35.29,34.365,34.44,28500
VTN,26-Aug-2026,10.84,10.89,10.75,10.7838,11400
VTOL,26-Aug-2026,45.56,46.2,44.65,45.05,316200
VTR,26-Aug-2026,93.94,94.5,93.22,93.5,2183200
VTS,26-Aug-2026,16.79,17.115,16.69,16.93,369600
VVR,26-Aug-2026,2.94,2.95,2.93,2.94,474900
VVV,26-Aug-2026,33.17,33.73,32.605,32.72,1959000
VVX,26-Aug-2026,76.95,78.12,76.47,78,374000
VYX,26-Aug-2026,8.03,8.96,7.99,8.88,3191600
VZ,26-Aug-2026,50.31,50.78,50.08,50.19,20726700
W,26-Aug-2026,102.98,105.63,101.6517,104,1457800
WAB,26-Aug-2026,298.31,302.9,296.76,300.54,678900
WAL,26-Aug-2026,80,80.4,79.385,79.6,621000
WAL-A,26-Aug-2026,24.91,24.96,24.8601,24.8601,10600
WALpA,26-Aug-2026,24.91,24.96,24.8601,24.8601,8153
WAT,26-Aug-2026,409.75,418.48,406.87,414.17,426600
WBI,26-Aug-2026,31.76,32.22,31.5,31.61,406400
WBIY,26-Aug-2026,39.13,39.2274,39.12,39.2274,2700
WBX,26-Aug-2026,2.95,2.95,2.8697,2.89,8300
WCC,26-Aug-2026,340.57,349.41,340.57,347.6,363800
WCN,26-Aug-2026,165.91,168.21,165.62,167.15,810000
WD,26-Aug-2026,40.8,40.8,39.56,40.29,398600
WDH,26-Aug-2026,1,1,0.9945,0.9945,205200
WDI,26-Aug-2026,12.81,12.9,12.81,12.86,181000
WDS,26-Aug-2026,22.82,23.025,22.82,22.9,608000
WEA,26-Aug-2026,10.36,10.44,10.36,10.43,33600
WEAV,26-Aug-2026,7.3,7.31,7.29,7.31,4341800
WEC,26-Aug-2026,106.75,108.0734,106.7421,107.52,1452600
WELL,26-Aug-2026,241.96,243.04,238.96,241.56,2368400
WEN-,26-Aug-2026,0.16,0.16,0.16,0.16,400
WES,26-Aug-2026,48,48.8255,48,48.53,574000
WEX,26-Aug-2026,197.93,201.085,197.79,198.58,502800
WF,26-Aug-2026,71.32,71.8999,70.73,71.86,59400
WFC,26-Aug-2026,84.99,85.585,84.1,85.23,9901900
WFC-A,26-Aug-2026,18.06,18.19,18.06,18.11,272700
WFC-C,26-Aug-2026,16.89,16.9617,16.84,16.85,75900
WFC-D,26-Aug-2026,16.5,16.53,16.43,16.5,77800
WFC-L,26-Aug-2026,1169,1170,1167.5,1170,5000
WFC-Y,26-Aug-2026,22.1,22.3,21.9,22.06,50800
WFC-Z,26-Aug-2026,18.43,18.48,18.381,18.46,365800
WFCpA,26-Aug-2026,18.06,18.19,18.06,18.13,259548
WFCpC,26-Aug-2026,16.89,16.9617,16.84,16.85,65377
WFCpD,26-Aug-2026,16.5,16.53,16.43,16.51,66070
WFCpL,26-Aug-2026,1169,1170,1167.5,1170,4319
WFCpY,26-Aug-2026,22.1,22.3,21.9,22.04,42212
WFCpZ,26-Aug-2026,18.43,18.48,18.381,18.46,343973
WFG,26-Aug-2026,69.71,69.71,67.68,67.81,142500
WGO,26-Aug-2026,31.75,31.875,30.605,30.81,732200
WH,26-Aug-2026,75.99,77.21,75.35,76.84,1134900
WHD,26-Aug-2026,66.5,67.47,65.7,66.44,426900
WHG,26-Aug-2026,19.75,19.85,19.53,19.84,12800
WHK,26-Aug-2026,26.5,26.825,26.01,26.12,93200
WHR,26-Aug-2026,40.92,41.17,40.09,40.14,1231100
WHR-A,26-Aug-2026,34.23,34.75,34.19,34.39,15400
WIA,26-Aug-2026,7.94,7.97,7.9204,7.97,34500
WINN,26-Aug-2026,33.33,33.4,33.182,33.29,181800
WIT,26-Aug-2026,1.85,1.885,1.82,1.83,4667200
WIW,26-Aug-2026,8.36,8.36,8.33,8.36,128400
WK,26-Aug-2026,72.57,74.985,72.23,74.5,596300
WKC,26-Aug-2026,35.22,36.0249,34.915,36.01,732700
WLK,26-Aug-2026,74.47,74.93,72.9,74.61,819300
WLKP,26-Aug-2026,21.74,21.86,21.4801,21.69,29000
WLTG,26-Aug-2026,38.6601,38.74,38.64,38.686,6100
WLY,26-Aug-2026,53.65,53.98,52.85,53.11,319400
WLYB,26-Aug-2026,53.78,53.8,53.7,53.8,1100
WM,26-Aug-2026,221.38,223.5,220.35,221.24,2469700
WMB,26-Aug-2026,71.16,75.53,71.11,74.41,8291400
WMK,26-Aug-2026,70.89,71.76,70.45,70.7,125500
WMS,26-Aug-2026,142.14,144.6893,140.7,141.46,432700
WNC,26-Aug-2026,12.48,12.695,12.43,12.51,383600
WOLF,26-Aug-2026,25.5,27.5,25.5,26.93,3105800
WOR,26-Aug-2026,57.61,58.27,57.38,57.97,225200
WPC,26-Aug-2026,71.75,72.03,71.14,71.15,794400
WPM,26-Aug-2026,160.93,161.4486,155.56,156.02,2778000
WPP,26-Aug-2026,26.34,26.4,25.82,25.86,203000
WRB,26-Aug-2026,68.38,68.895,68.38,68.67,1262700
WRB-E,26-Aug-2026,20.2,20.95,20.2,20.95,13000
WRB-F,26-Aug-2026,18.01,18.339,17.85,18.28,27300
WRB-G,26-Aug-2026,15.84,15.92,15.6785,15.83,18700
WRB-H,26-Aug-2026,15.15,15.35,14.9298,15.1196,37400
WRBpE,26-Aug-2026,20.2,20.95,20.2,20.95,9160
WRBpF,26-Aug-2026,18.01,18.339,17.85,18.28,21639
WRBpG,26-Aug-2026,15.84,15.92,15.6785,15.83,16032
WRBpH,26-Aug-2026,15.15,15.35,14.9298,15.1196,33113
WRBY,26-Aug-2026,25.95,26.29,25.225,25.48,1678800
WS,26-Aug-2026,34.05,34.49,33.6,33.92,278200
WSM,26-Aug-2026,224,241.86,221.34,237.43,2429600
WSO,26-Aug-2026,303.98,315.65,303,314.39,450500
WSO.B,26-Aug-2026,312.3251,316.05,312.3251,316.05,200
WST,26-Aug-2026,347.97,353.12,346.25,349.92,440200
WT,26-Aug-2026,24.48,24.93,24.2,24.76,3980300
WTI,26-Aug-2026,3.51,3.64,3.51,3.57,2792500
WTM,26-Aug-2026,2134.74,2165,2126.915,2132.74,16100
WTRG,26-Aug-2026,40.75,41.11,40.71,40.76,1675600
WTS,26-Aug-2026,373.69,378.64,373.59,378.14,156900
WTTR,26-Aug-2026,18.87,19.24,18.39,19.23,889400
WU,26-Aug-2026,7.32,7.34,7.23,7.26,4134500
WWW,26-Aug-2026,20.57,20.68,20.08,20.1,574200
WY,26-Aug-2026,24.41,24.555,23.95,24.08,3941200
XFLT,26-Aug-2026,19.48,19.5028,19.38,19.4,50700
XHR,26-Aug-2026,19.61,19.73,19.22,19.3,830200
XIFR,26-Aug-2026,11.68,11.78,11.59,11.69,684900
XOM,26-Aug-2026,158,161.13,157.76,158.19,14847800
XPER,26-Aug-2026,6.22,6.33,6.09,6.15,297600
XPEV,26-Aug-2026,11.9,12.08,11.7,11.71,8594400
XPO,26-Aug-2026,191.88,194.88,190.99,192.46,714100
XPOF,26-Aug-2026,5.29,5.78,5.29,5.68,519900
XPRO,26-Aug-2026,17.56,17.625,17.12,17.55,809600
XRN,26-Aug-2026,37.61,37.65,36.99,37.34,68200
XRN-A,26-Aug-2026,24.98,25.05,24.89,25.05,3600
XRN-B,26-Aug-2026,25.62,25.85,25.45,25.55,1700
XXI,26-Aug-2026,6.36,6.36,6.09,6.3,1275600
XYF,26-Aug-2026,5.37,5.37,5.035,5.26,56200
XYL,26-Aug-2026,113.13,114.64,113,113.42,1451300
XYZ,26-Aug-2026,82,83.89,81.95,83.1,3240900
XZO,26-Aug-2026,16.96,17.305,16.54,16.66,272600
YALA,26-Aug-2026,5.62,5.63,5.5273,5.59,144100
YELP,26-Aug-2026,23.54,23.56,22.43,22.63,1134000
YETI,26-Aug-2026,42.47,43.5979,41.73,41.78,1594000
YEXT,26-Aug-2026,6.535,6.535,6.38,6.5,745700
YMM,26-Aug-2026,8.8,8.94,8.79,8.82,7258800
YOU,26-Aug-2026,44.29,45.77,44.01,44.25,1610200
YPF,26-Aug-2026,49.84,50.9,49.41,50.27,794100
YRD,26-Aug-2026,1.08,1.08,1.04,1.05,23700
YSG,26-Aug-2026,2.95,3.04,2.93,2.94,48700
YSS,26-Aug-2026,9.2,9.5461,9.09,9.13,1974900
YUM,26-Aug-2026,156.02,156.19,154.1,154.41,2615100
YUMC,26-Aug-2026,47.73,48.13,47.09,47.18,2445200
ZBH,26-Aug-2026,99.52,101.98,99.2,101.38,1352800
ZEPP,26-Aug-2026,5.07,5.3625,5.05,5.3,36200
ZETA,26-Aug-2026,27.31,28.55,27.2,28.23,3902100
ZGN,26-Aug-2026,13.74,13.915,13.5,13.73,959300
ZH,26-Aug-2026,3.03,3.115,2.98,3.08,315800
ZIM,26-Aug-2026,27.92,27.94,27.45,27.64,1042100
ZIP,26-Aug-2026,4.31,4.455,4.21,4.31,1071600
ZKH,26-Aug-2026,2.86,2.955,2.85,2.91,264500
ZTO,26-Aug-2026,21.02,21.53,21.02,21.32,1998000
ZTR,26-Aug-2026,6.78,6.92,6.7501,6.86,142100
ZTS,26-Aug-2026,76.82,78.7499,76.55,77.52,4847900
ZVIA,26-Aug-2026,1.39,1.44,1.385,1.4,216100
ZWS,26-Aug-2026,48.9,49.38,48.785,49.22,749600
