Symbol,Date,Open,High,Low,Close,Volume
A,13-Aug-2026,149,149.5801,146.76,149.29,1026800
AA,13-Aug-2026,50.2,51.315,49.51,49.59,7336100
AADX,13-Aug-2026,19.15,19.46,18.43,18.8,1237300
AAMI,13-Aug-2026,92.6,93.22,90.91,93.16,395600
AAP,13-Aug-2026,54.74,58.12,54.31,57.36,1937000
AAT,13-Aug-2026,22.79,23,22.71,22.96,410700
AAUC,13-Aug-2026,22.32,22.98,22.27,22.89,516100
AB,13-Aug-2026,36.64,36.89,36.27,36.59,251100
ABBV,13-Aug-2026,252.94,255.295,249.35,250.82,4370400
ABCB,13-Aug-2026,89.31,89.63,88.84,89.39,243700
ABEV,13-Aug-2026,2.82,2.88,2.82,2.84,23610100
ABG,13-Aug-2026,210.28,212,208.66,210.58,186100
ABM,13-Aug-2026,48.78,49.11,47.8746,48.12,242000
ABR,13-Aug-2026,5.26,5.33,5.18,5.26,4550400
ABR-D,13-Aug-2026,15.87,15.94,15.8697,15.885,8400
ABR-E,13-Aug-2026,15.73,15.73,15.56,15.64,7300
ABR-F,13-Aug-2026,22.32,22.4399,22.2,22.3,3700
ABRpD,13-Aug-2026,15.87,15.94,15.8697,15.885,7831
ABRpE,13-Aug-2026,15.73,15.73,15.56,15.64,6446
ABRpF,13-Aug-2026,22.32,22.4399,22.2,22.3,3277
ABT,13-Aug-2026,112.47,112.47,110.46,111.27,5523700
ABX,13-Aug-2026,8.68,8.78,8.43,8.52,813200
ABXL,13-Aug-2026,25.87,26.08,25.87,26.08,4600
ACA,13-Aug-2026,145.42,145.42,144.96,144.96,568900
ACCO,13-Aug-2026,4.34,4.405,4.31,4.32,769500
ACEL,13-Aug-2026,12.47,12.55,12.34,12.41,282300
ACH,13-Aug-2026,1.19,1.2099,1.085,1.1,2897500
ACH.W,13-Aug-2026,0.057,0.057,0.0389,0.045,389300
ACHR,13-Aug-2026,6.21,7.065,6.19,6.97,61648200
ACHR.WS,13-Aug-2026,0.0355,0.057,0.0355,0.045,377918
ACI,13-Aug-2026,12.05,12.46,12.05,12.4,5405200
ACLO,13-Aug-2026,50.4,50.41,50.4,50.405,2600
ACM,13-Aug-2026,61.15,63.73,60.3495,63.61,3068800
ACN,13-Aug-2026,181.68,185.8,177.0001,178.49,9336200
ACP,13-Aug-2026,5.15,5.16,5.125,5.13,436900
ACP-A,13-Aug-2026,19.4,19.444,19.39,19.444,1900
ACPpA,13-Aug-2026,19.4,19.444,19.39,19.444,1889
ACR,13-Aug-2026,14.12,14.58,14.02,14.12,16700
ACR-C,13-Aug-2026,23.9,23.97,23.9,23.94,14500
ACR-D,13-Aug-2026,21,21.5,20.9801,21.5,3500
ACRE,13-Aug-2026,4.77,4.795,4.71,4.76,352500
ACRpC,13-Aug-2026,23.9,23.97,23.9,23.94,10184
ACRpD,13-Aug-2026,21,21.5,20.9801,21.5,2829
ACV,13-Aug-2026,27.69,27.85,27.2201,27.42,42700
ACVA,13-Aug-2026,7.72,8.355,7.6801,7.96,5821400
AD,13-Aug-2026,35.39,35.8299,34.81,35.7,131000
ADC,13-Aug-2026,74.81,75.2,74.52,75.11,935600
ADC-A,13-Aug-2026,16.98,17.05,16.98,17.0086,4900
ADCpA,13-Aug-2026,16.98,17.05,16.98,17.0086,4200
ADCT,13-Aug-2026,1.07,1.1,0.9393,1.05,2190300
ADIG,13-Aug-2026,23.82,26.58,22.57,25.82,1925700
ADM,13-Aug-2026,79.91,81.05,79.66,80.15,2686600
ADNT,13-Aug-2026,18.74,20.05,18.74,20.03,1788500
ADT,13-Aug-2026,7.4,7.5,7.26,7.47,7756200
ADX,13-Aug-2026,26.42,26.56,26.41,26.42,300300
AEE,13-Aug-2026,109.42,109.78,108.86,109.12,2363300
AEFC,13-Aug-2026,18.38,18.47,18.29,18.46,33000
AEG,13-Aug-2026,9.4,9.425,9.335,9.38,2934300
AEM,13-Aug-2026,182.15,182.9,178,180.36,3767400
AEO,13-Aug-2026,16.39,16.41,15.815,16.3,5984000
AER,13-Aug-2026,151.33,152.115,148.48,149.19,965800
AERO,13-Aug-2026,15.64,16,15.64,15.85,162900
AES,13-Aug-2026,14.74,14.75,14.71,14.73,2994600
AESI,13-Aug-2026,11.7,12.07,11.45,11.79,2600400
AEXA,13-Aug-2026,11.6,11.7,11.53,11.55,37000
AFB,13-Aug-2026,10.96,11.0646,10.96,11.02,34300
AFG,13-Aug-2026,145.72,146.01,143.845,145.68,311400
AFGB,13-Aug-2026,20.63,20.73,20.63,20.6796,4400
AFGC,13-Aug-2026,17.87,17.93,17.8,17.93,6800
AFGD,13-Aug-2026,19.815,19.85,19.7543,19.8,12500
AFGE,13-Aug-2026,16.21,16.21,16.1838,16.2,2600
AFL,13-Aug-2026,121.29,121.89,119.74,121.1,1551300
AG,13-Aug-2026,18.75,18.91,18.44,18.78,7711900
AGBK,13-Aug-2026,6.19,6.375,6.1526,6.24,106300
AGCO,13-Aug-2026,101.33,101.905,99.3,99.45,515600
AGD,13-Aug-2026,12.42,12.455,12.36,12.38,42700
AGI,13-Aug-2026,33,33.245,32.54,32.85,3382900
AGL,13-Aug-2026,88.81,91.3641,86.24,88.9,231500
AGM,13-Aug-2026,239.95,240.49,230.79,231.66,93500
AGM-D,13-Aug-2026,21.355,21.355,21.2927,21.3052,3000
AGM-E,13-Aug-2026,20.72,20.8,20.72,20.7837,1700
AGM-F,13-Aug-2026,18.86,18.9426,18.83,18.85,3100
AGM-G,13-Aug-2026,17.77,17.77,17.49,17.49,12200
AGM-H,13-Aug-2026,23.315,23.315,23.29,23.29,1300
AGM-I,13-Aug-2026,24.39,24.4699,24.39,24.45,8300
AGM.A,13-Aug-2026,165,165,165,165,200
AGMpD,13-Aug-2026,21.355,21.355,21.2927,21.3052,2881
AGMpE,13-Aug-2026,20.72,20.8,20.72,20.7837,1368
AGMpF,13-Aug-2026,18.86,18.9426,18.83,18.85,2699
AGMpG,13-Aug-2026,17.77,17.77,17.49,17.49,11593
AGMpH,13-Aug-2026,23.315,23.315,23.29,23.29,1168
AGO,13-Aug-2026,75.45,76.515,74.91,76.17,377800
AGRO,13-Aug-2026,9.24,9.33,9.03,9.05,982500
AGX,13-Aug-2026,569.1,582.925,558.5,558.89,285200
AHL-D,13-Aug-2026,18.78,18.8437,18.7273,18.792,10400
AHL-E,13-Aug-2026,18.7,18.77,18.7,18.735,4600
AHL-F,13-Aug-2026,23.66,23.83,23.66,23.83,12200
AHLpD,13-Aug-2026,18.78,18.8437,18.7273,18.792,8961
AHLpE,13-Aug-2026,18.7,18.77,18.7,18.735,2833
AHLpF,13-Aug-2026,23.66,23.83,23.66,23.83,10211
AHR,13-Aug-2026,53.17,53.88,52.52,53.6,3096300
AHR-A,13-Aug-2026,22.3083,22.375,22.25,22.375,2700
AHRT,13-Aug-2026,6.81,6.82,6.7201,6.79,637300
AHT,13-Aug-2026,3.06,3.15,3.05,3.12,45300
AHT-D,13-Aug-2026,5.31,7.9743,5.2,7.375,40700
AHT-F,13-Aug-2026,5.79,7.63,5.25,7.15,414100
AHT-G,13-Aug-2026,4.77,7.6135,4.77,7.42,81400
AHT-H,13-Aug-2026,5.16,7.68,5.16,7.22,57000
AHT-I,13-Aug-2026,4.8,8.04,4.8,6.95,83300
AHTpD,13-Aug-2026,5.31,7.9743,5.2,7.375,36778
AHTpF,13-Aug-2026,5.79,7.63,5.25,7.15,404000
AHTpG,13-Aug-2026,4.77,7.6135,4.77,7.295,74858
AHTpH,13-Aug-2026,5.16,7.68,5.16,7.22,51860
AHTpI,13-Aug-2026,4.8,8.04,4.8,6.95,73447
AI,13-Aug-2026,10.115,10.23,9.615,10.18,5088200
AIG,13-Aug-2026,76.74,76.96,75.83,76.03,2132600
AII,13-Aug-2026,23.47,24.04,23.04,24,252300
AII-,13-Aug-2026,0.1733,0.2276,0.1725,0.2276,5800
AIIA,13-Aug-2026,10.22,10.22,10.2,10.202,4400
AIN,13-Aug-2026,64.14,64.84,63.15,64.09,344400
AIO,13-Aug-2026,26.53,26.84,26.53,26.75,61400
AIR,13-Aug-2026,148.64,149.5,142.12,143.39,328500
AIT,13-Aug-2026,365.95,374.8,350.86,357.62,479500
AIV,13-Aug-2026,2.6,2.6277,2.595,2.61,819800
AIZ,13-Aug-2026,290.5,290.5,280.32,280.92,284300
AIZN,13-Aug-2026,18.86,18.88,18.6768,18.8,6500
AJG,13-Aug-2026,256.35,257.1215,250,253.49,1011500
AKA,13-Aug-2026,10.9,10.9,10.7267,10.7267,1600
AKAF,13-Aug-2026,33.575,33.575,33.575,33.575,100
AKO.A,13-Aug-2026,23.8,23.8,23.8,23.8,900
AKO.B,13-Aug-2026,30.69,30.93,29.83,30.9,10000
AKR,13-Aug-2026,20.88,20.955,20.675,20.84,722400
ALB,13-Aug-2026,128,133.67,127.12,130.48,2106100
ALB-A,13-Aug-2026,53.51,55.28,53.51,54.48,152400
ALBpA,13-Aug-2026,53.51,55.28,53.51,54.26,82635
ALC,13-Aug-2026,73.87,73.93,72.935,73.52,1727500
ALG,13-Aug-2026,166.99,167.68,162.96,163.58,128000
ALH,13-Aug-2026,27.96,27.96,25.5,25.76,668200
ALIT,13-Aug-2026,14.01,14.888,13.882,14.63,441400
ALK,13-Aug-2026,48.25,48.97,47.42,47.5,1994300
ALL,13-Aug-2026,257.5,261.24,255.46,260.48,1423200
ALL-B,13-Aug-2026,25.57,25.64,25.57,25.6,12300
ALL-H,13-Aug-2026,19.1,19.19,19.03,19.09,321400
ALL-I,13-Aug-2026,17.78,17.98,17.78,17.97,60300
ALL-J,13-Aug-2026,25.94,26.0253,25.9001,25.95,34300
ALLE,13-Aug-2026,167.24,167.44,163.075,166.44,1753900
ALLpB,13-Aug-2026,25.57,25.64,25.57,25.6,10495
ALLpH,13-Aug-2026,19.1,19.19,19.03,19.09,310743
ALLpI,13-Aug-2026,17.78,17.98,17.78,17.97,57390
ALLpJ,13-Aug-2026,25.94,26.0253,25.9001,25.965,31204
ALLY,13-Aug-2026,44.57,44.83,44.16,44.6,2190300
ALSN,13-Aug-2026,123.67,124.25,121.85,122.92,400500
ALT-A,13-Aug-2026,26.02,26.02,25.625,25.8854,3500
ALTG,13-Aug-2026,7.79,7.795,7.077,7.15,212700
ALTGpA,13-Aug-2026,26.02,26.02,25.625,25.8854,2741
ALV,13-Aug-2026,121.58,121.805,120.48,121.41,366800
ALX,13-Aug-2026,275,276.0999,273.55,274.63,22400
AM,13-Aug-2026,22.16,22.385,22.045,22.08,1463800
AMBP,13-Aug-2026,5.36,5.47,5.16,5.28,4273100
AMBQ,13-Aug-2026,64.98,68.48,64.2,64.34,393400
AMC,13-Aug-2026,2.52,2.67,2.52,2.63,21741000
AMCR,13-Aug-2026,47,47.085,45.68,46.38,4812300
AME,13-Aug-2026,260.31,261.16,255.71,256.22,655800
AMG,13-Aug-2026,364.77,370.87,360.5849,367.1,228700
AMH,13-Aug-2026,34.21,34.52,34.12,34.25,1920600
AMH-G,13-Aug-2026,23.025,23.025,22.62,22.625,1500
AMH-H,13-Aug-2026,23.5454,23.92,23.5454,23.92,2400
AMHpG,13-Aug-2026,23.025,23.025,22.62,22.625,1214
AMHpH,13-Aug-2026,23.5454,23.92,23.5454,23.92,1606
AMN,13-Aug-2026,32.65,34.53,32.455,34.49,607400
AMP,13-Aug-2026,565.94,571.17,560.98,570.68,320000
AMP.V,13-Aug-2026,4.63,4.73,4.41,4.68,38900
AMPX,13-Aug-2026,12.22,12.33,11.815,11.94,4324700
AMPX.WS,13-Aug-2026,4.63,4.73,4.41,4.68,37335
AMPY,13-Aug-2026,4.72,5.075,4.64,4.83,5471800
AMR,13-Aug-2026,156.08,162.22,154.36,155.6,334000
AMRC,13-Aug-2026,27.19,28.09,27.13,27.79,423500
AMRZ,13-Aug-2026,46.69,47.08,46.21,46.75,2749700
AMT,13-Aug-2026,171.35,175,171.25,174.19,1357100
AMTB,13-Aug-2026,29.54,29.665,29,29.19,441400
AMTD,13-Aug-2026,0.7595,0.7918,0.74,0.7595,14700
AMTM,13-Aug-2026,22.66,22.98,21.44,21.67,2316600
AMWL,13-Aug-2026,12.72,13.26,12.72,12.94,93000
AMX,13-Aug-2026,23.3,23.465,23.2201,23.26,1186400
AN,13-Aug-2026,209.72,212.12,207.34,208.41,253900
ANDG,13-Aug-2026,45.37,48.9889,44.11,48.3,854700
ANET,13-Aug-2026,209.79,210.11,203.55,203.62,7907800
ANF,13-Aug-2026,113,114.085,108.29,108.82,1183000
ANG-D,13-Aug-2026,23.44,23.59,23.44,23.49,3000
ANGpD,13-Aug-2026,23.44,23.59,23.44,23.49,1440
ANGX,13-Aug-2026,3.73,4.36,3.72,4.32,3084900
ANRO,13-Aug-2026,30,33.67,29.59,32.3,989900
ANVS,13-Aug-2026,1.84,1.86,1.75,1.79,712400
AOD,13-Aug-2026,10.73,10.79,10.7101,10.73,385200
AOMD,13-Aug-2026,25.44,25.5097,25.44,25.5,5300
AOMN,13-Aug-2026,25.15,25.4,25.075,25.4,15600
AOMR,13-Aug-2026,8.97,9.045,8.93,9,68800
AON,13-Aug-2026,354.33,358.55,349.33,357.08,810100
AORT,13-Aug-2026,28.38,28.77,28.055,28.41,774600
AOS,13-Aug-2026,62.95,63.165,61.98,62.5,1044700
AP,13-Aug-2026,9.2,9.68,9.055,9.19,82700
APAM,13-Aug-2026,41.95,42.74,41.56,42.68,1041200
APD,13-Aug-2026,303.79,307.34,302.668,305.52,710000
APG,13-Aug-2026,43.59,43.965,42.84,43.48,1967100
APH,13-Aug-2026,169.82,170.4,165.27,165.75,4193100
APLE,13-Aug-2026,15.87,15.925,15.75,15.87,1838100
APO,13-Aug-2026,138.85,144.13,138.4923,143.58,3958500
APOS,13-Aug-2026,25.53,25.5699,25.51,25.56,37300
APTV,13-Aug-2026,49.25,49.45,48.1,49.17,4509400
AQN,13-Aug-2026,5.78,5.83,5.755,5.82,2591300
AQNB,13-Aug-2026,25.55,25.6799,25.55,25.64,4900
AR,13-Aug-2026,36.92,37.32,36.55,36.82,2740700
ARCO,13-Aug-2026,8.45,8.45,8.08,8.14,1975200
ARDC,13-Aug-2026,12.43,12.5239,12.42,12.42,38900
ARDT,13-Aug-2026,11.18,11.32,10.94,11.02,244800
ARE,13-Aug-2026,47.85,48.805,47.85,48.42,1873100
ARE-B,13-Aug-2026,45.15,47.09,45.15,46.98,816900
ARES,13-Aug-2026,142.55,149.87,142.25,149.45,3195500
ARESpB,13-Aug-2026,45.15,47.09,45.15,46.98,13002
ARI,13-Aug-2026,6.87,6.995,6.87,6.91,3420600
ARIS,13-Aug-2026,17.36,17.585,17.04,17.4,1641800
ARL,13-Aug-2026,14.8,15.29,14.7,15.26,14200
ARLO,13-Aug-2026,14.07,14.37,14.04,14.35,1386600
ARMK,13-Aug-2026,60.78,61.56,60.3,61.11,2594800
AROC,13-Aug-2026,33.29,33.88,33.16,33.34,1130800
ARR,13-Aug-2026,16.72,16.79,16.6729,16.72,3985600
ARR-C,13-Aug-2026,21,21.06,20.985,21.0069,15300
ARRpC,13-Aug-2026,21,21.06,20.985,21.0069,13287
ARW,13-Aug-2026,211.02,212.01,208.44,209.19,388100
ARX,13-Aug-2026,19.61,19.62,19.45,19.51,70095000
AS,13-Aug-2026,33.36,33.395,32.48,33.12,5910700
ASA,13-Aug-2026,58.11,58.44,56.8701,57.4,43600
ASAN,13-Aug-2026,9.06,9.88,8.75,9.87,7166400
ASB,13-Aug-2026,32.32,32.44,31.73,32.16,1286300
ASB-E,13-Aug-2026,19.82,19.95,19.82,19.83,2300
ASB-F,13-Aug-2026,19.2,19.43,19.2,19.4222,2300
ASBA,13-Aug-2026,24.69,24.73,24.63,24.66,15100
ASBpE,13-Aug-2026,19.82,19.95,19.82,19.83,1110
ASBpF,13-Aug-2026,19.2,19.43,19.2,19.4222,1516
ASC,13-Aug-2026,16.77,17.5,16.77,17.31,427700
ASG,13-Aug-2026,5.49,5.5,5.42,5.48,170400
ASGI,13-Aug-2026,24.26,24.74,23.9943,24.69,186500
ASH,13-Aug-2026,75.07,75.56,73.21,73.35,488500
ASIC,13-Aug-2026,24.54,25.35,24.54,25.07,47700
ASIX,13-Aug-2026,15.75,16.59,15.75,16.53,378100
ASPN,13-Aug-2026,6.07,6.185,5.97,6.07,967100
ASR,13-Aug-2026,276.76,276.76,266.57,267.08,40500
ASX,13-Aug-2026,38.8,40.305,38.7016,39.64,5343300
ATEN,13-Aug-2026,27.66,27.73,27,27,892600
ATH-A,13-Aug-2026,23.9,23.93,23.79,23.9,410900
ATH-B,13-Aug-2026,18.52,18.74,18.48,18.575,24500
ATH-D,13-Aug-2026,15.87,16,15.8,15.83,40200
ATH-E,13-Aug-2026,25.29,25.4383,25.28,25.29,50300
ATHM,13-Aug-2026,22.88,22.88,22.51,22.54,474000
ATHpA,13-Aug-2026,23.9,23.93,23.79,23.86,407585
ATHpB,13-Aug-2026,18.52,18.74,18.48,18.575,22455
ATHpD,13-Aug-2026,15.87,16,15.8,15.83,35793
ATHpE,13-Aug-2026,25.29,25.4383,25.28,25.29,47998
ATHS,13-Aug-2026,25,25.14,25,25.08,17700
ATI,13-Aug-2026,231.4,233.9224,225.7,227.22,1217400
ATKR,13-Aug-2026,93.92,94.14,93.8,93.83,1246600
ATMU,13-Aug-2026,50.24,50.24,48.94,49.79,1107200
ATO,13-Aug-2026,170.3,172.09,169.4,169.96,1316100
ATR,13-Aug-2026,134.44,134.44,132.09,132.57,490700
ATS,13-Aug-2026,20.4,20.43,20.083,20.13,127100
AU,13-Aug-2026,95.19,96.02,94.34,95.07,1717600
AUB,13-Aug-2026,42.64,42.91,42.51,42.66,489600
AUB-A,13-Aug-2026,24.8,24.9997,24.72,24.8,6700
AUBpA,13-Aug-2026,24.8,24.9997,24.72,24.9997,5530
AUNA,13-Aug-2026,5.16,5.29,5.16,5.29,291800
AVA,13-Aug-2026,38.87,39.07,38.57,38.65,627500
AVAL,13-Aug-2026,5.38,5.465,5.34,5.4,145700
AVB,13-Aug-2026,180.27,186,180.27,183.91,1745400
AVBC,13-Aug-2026,22.2,22.31,22.025,22.05,211000
AVD,13-Aug-2026,2.17,2.25,2.12,2.13,350600
AVEX,13-Aug-2026,21.59,22.23,20.5,20.89,2213300
AVK,13-Aug-2026,13.05,13.08,12.99,13.07,135600
AVNT,13-Aug-2026,45.53,46.17,45.26,46.12,1013600
AVTR,13-Aug-2026,13.98,14.02,13.66,13.85,5935500
AVY,13-Aug-2026,182.16,182.76,177.33,180.01,1030200
AWF,13-Aug-2026,10.16,10.21,10.15,10.18,414500
AWI,13-Aug-2026,184.95,185.46,181.59,181.68,330200
AWK,13-Aug-2026,135.05,137.15,135.05,136.46,3409000
AWP,13-Aug-2026,11.75,11.85,11.74,11.81,91700
AWR,13-Aug-2026,88.36,89.01,88,88.73,209200
AX,13-Aug-2026,101.22,102.605,100.49,100.81,298300
AXP,13-Aug-2026,345.39,347.11,340,343.65,1704500
AXR,13-Aug-2026,22.48,22.585,22.19,22.19,4000
AXS,13-Aug-2026,100.35,100.685,99.42,100.01,509600
AXS-E,13-Aug-2026,18.7,18.76,18.7,18.72,15500
AXSpE,13-Aug-2026,18.7,18.76,18.7,18.72,12170
AXTA,13-Aug-2026,37.45,37.57,36.885,37.05,1541500
AYI,13-Aug-2026,363.3,363.94,356.13,359.77,159500
AZN,13-Aug-2026,157.85,158.44,156.97,157.24,3598300
AZO,13-Aug-2026,3055.99,3103,3033.65,3040.37,270900
AZUL,13-Aug-2026,8.25,8.48,7.88,8.47,41500
AZZ,13-Aug-2026,152.14,152.47,149.38,150.35,222400
B,13-Aug-2026,40.795,41.09,40.275,40.91,10625600
BA,13-Aug-2026,232.27,233.58,228.18,230.33,2971400
BA-A,13-Aug-2026,71.28,71.28,70.12,70.78,67800
BABA,13-Aug-2026,123.515,124.28,121.4501,122.16,11583600
BAC,13-Aug-2026,65.2,65.2,63.895,64.09,27306400
BAC-B,13-Aug-2026,24.62,24.7201,24.62,24.66,64300
BAC-E,13-Aug-2026,18.16,18.3199,18.16,18.26,24800
BAC-K,13-Aug-2026,23.97,24.04,23.95,24,55700
BAC-L,13-Aug-2026,1305.75,1308,1298.208,1301.5,10400
BAC-M,13-Aug-2026,20.84,20.9499,20.8,20.86,122300
BAC-N,13-Aug-2026,19.35,19.43,19.3,19.36,82000
BAC-O,13-Aug-2026,16.88,16.96,16.84,16.87,63900
BAC-P,13-Aug-2026,16.09,16.15,16.0338,16.09,52400
BAC-Q,13-Aug-2026,16.37,16.43,16.29,16.34,119000
BAC-S,13-Aug-2026,18.23,18.33,18.22,18.27,79700
BACpB,13-Aug-2026,24.62,24.7201,24.62,24.66,54123
BACpE,13-Aug-2026,18.16,18.3199,18.16,18.275,23021
BACpK,13-Aug-2026,23.97,24.04,23.95,24.04,47588
BACpL,13-Aug-2026,1305.75,1308,1298.2078,1301.5,9625
BACpM,13-Aug-2026,20.84,20.9499,20.8,20.85,106940
BACpN,13-Aug-2026,19.35,19.43,19.3,19.36,72961
BACpO,13-Aug-2026,16.88,16.96,16.84,16.87,53482
BACpP,13-Aug-2026,16.09,16.15,16.0338,16.09,42294
BACpQ,13-Aug-2026,16.37,16.43,16.29,16.34,106969
BACpS,13-Aug-2026,18.23,18.33,18.22,18.28,69666
BAH,13-Aug-2026,78.56,79.45,77.06,78.4,1581500
BAK,13-Aug-2026,2.04,2.12,2.04,2.07,1393900
BALL,13-Aug-2026,62.67,62.97,61.9,61.93,1387300
BALY,13-Aug-2026,13.8,13.89,13.29,13.49,32300
BAM,13-Aug-2026,54.86,55.975,54.52,55.86,4939700
BAN-F,13-Aug-2026,25.37,25.37,25.35,25.37,58300
BANC,13-Aug-2026,19.72,19.855,19.62,19.63,2221500
BANCpF,13-Aug-2026,25.3662,25.37,25.35,25.365,56704
BAP,13-Aug-2026,373.73,379.435,370.555,375.14,339300
BApA,13-Aug-2026,71.28,71.28,70.12,70.76,161161
BARK,13-Aug-2026,10.72,10.845,10.4,10.44,36700
BAX,13-Aug-2026,27.02,27.45,26.895,27.05,6711500
BB,13-Aug-2026,8.81,9.08,8.745,8.99,11421100
BBA.W,13-Aug-2026,0.15,0.155,0.144,0.144,57100
BBAI,13-Aug-2026,3.25,3.36,3.21,3.34,18615700
BBAI.WS,13-Aug-2026,0.15,0.155,0.144,0.144,56785
BBAR,13-Aug-2026,15.98,16.2358,15.6,16.02,808400
BBBYW,13-Aug-2026,0.32,1.71,0.3131,0.56,7563800
BBD,13-Aug-2026,3.19,3.25,3.15,3.15,35034200
BBDC,13-Aug-2026,9.29,9.45,9.275,9.43,1041900
BBDO,13-Aug-2026,3.14,3.165,3.06,3.07,52500
BBN,13-Aug-2026,15.96,16.02,15.955,15.98,154800
BBT,13-Aug-2026,32.15,32.5199,32.15,32.36,499500
BBUC,13-Aug-2026,28.96,29.45,28.64,29.24,311900
BBVA,13-Aug-2026,28.9,28.935,28.61,28.65,2449400
BBW,13-Aug-2026,37.16,38.44,36.81,37.78,407300
BBWI,13-Aug-2026,18.32,18.795,17.93,18.63,5241300
BBY,13-Aug-2026,83.91,85.78,83.5201,85.35,3083800
BC,13-Aug-2026,80.46,82.14,78.71,81.6,680600
BC-C,13-Aug-2026,24,24.1415,23.97,23.9999,7200
BCAT,13-Aug-2026,16.11,16.2,16.02,16.19,939900
BCC,13-Aug-2026,84.88,85.7,83.6925,84.13,217400
BCE,13-Aug-2026,23.15,23.32,22.995,23.32,2732300
BCEM,13-Aug-2026,26.6,26.79,26.6,26.7138,4100
BCGD,13-Aug-2026,27.1453,27.1453,27.1453,27.1453,100
BCH,13-Aug-2026,39.9,40.61,39.64,40.55,341900
BCO,13-Aug-2026,115.1,116.12,113.235,114.55,370400
BCS,13-Aug-2026,28.25,28.275,27.945,28.09,2708400
BCSF,13-Aug-2026,12.78,12.8599,12.61,12.66,466800
BCSM,13-Aug-2026,25.87,26.159,25.87,26.1339,5700
BCSS,13-Aug-2026,10.23,10.25,10.23,10.25,8600
BCX,13-Aug-2026,12.59,12.635,12.4721,12.6,105500
BDC,13-Aug-2026,138.04,139,136.36,137.16,366200
BDJ,13-Aug-2026,9.91,9.95,9.88,9.91,466200
BDN,13-Aug-2026,3.14,3.205,3.13,3.15,1860200
BDX,13-Aug-2026,184.75,185.32,181.41,181.97,2155400
BE,13-Aug-2026,235.94,253.31,233.44,236.22,11380100
BEB.U,13-Aug-2026,10.07,10.07,10.07,10.07,100
BEKE,13-Aug-2026,17.01,17.16,16.82,16.96,2829800
BEN,13-Aug-2026,33.68,34.02,33.58,33.86,1815400
BEP,13-Aug-2026,34.39,35.25,34.21,35.23,850800
BEP-A,13-Aug-2026,17.08,17.24,16.83,16.9,9500
BEPC,13-Aug-2026,34.88,36,34.7968,35.87,1885600
BEPH,13-Aug-2026,15.03,15.0826,15.03,15.0611,19000
BEPI,13-Aug-2026,16.09,16.14,16.09,16.14,9400
BEPJ,13-Aug-2026,24.52,24.6,24.47,24.59,3300
BEPpA,13-Aug-2026,17.08,17.24,16.83,16.9,8943
BETA,13-Aug-2026,23.77,26.39,23.45,26.24,2452500
BF.A,13-Aug-2026,28.49,28.9,28.3,28.55,99400
BF.B,13-Aug-2026,28.27,28.5399,27.83,28.03,1434900
BFAM,13-Aug-2026,71.94,73.94,71.53,73.25,819500
BFH,13-Aug-2026,111.11,112.15,110.17,111.63,413600
BFH-A,13-Aug-2026,25.36,25.36,25.2,25.255,6300
BFH-B,13-Aug-2026,25.23,25.54,25.215,25.51,202600
BFLY,13-Aug-2026,9.4,9.74,8.83,8.86,6905100
BFS,13-Aug-2026,34.48,35.08,34.48,35,106700
BFS-D,13-Aug-2026,20.86,20.88,20.86,20.88,700
BFS-E,13-Aug-2026,21.49,21.75,21.43,21.75,2500
BFSpD,13-Aug-2026,20.86,20.88,20.86,20.88,463
BFSpE,13-Aug-2026,21.4869,21.75,21.43,21.75,2254
BG,13-Aug-2026,112.12,113.9,112.12,112.73,787500
BGB,13-Aug-2026,11.29,11.33,11.28,11.3,104400
BGH,13-Aug-2026,14.2,14.285,14.2,14.27,77100
BGR,13-Aug-2026,16.66,16.82,16.5701,16.8,48700
BGS,13-Aug-2026,3.6,3.71,3.565,3.68,2569800
BGSF,13-Aug-2026,5.445,5.55,5.445,5.55,1400
BGSI,13-Aug-2026,105.25,105.47,91.22,91.98,110700
BGT,13-Aug-2026,11.09,11.09,10.99,11.03,179900
BGX,13-Aug-2026,10.92,10.92,10.85,10.9,40700
BGY,13-Aug-2026,5.88,5.91,5.87,5.91,170800
BH,13-Aug-2026,395,398.19,386.061,388.16,98400
BH.A,13-Aug-2026,1976.86,2016,1910.49,1913.7,13800
BHC,13-Aug-2026,6.23,6.39,6.2,6.34,1820700
BHE,13-Aug-2026,81.85,82.8,80.26,80.49,229100
BHK,13-Aug-2026,9.13,9.16,9.13,9.15,172200
BHP,13-Aug-2026,88.59,88.92,87,87.23,3150000
BHR,13-Aug-2026,2.03,2.05,2.02,2.02,224100
BHR-B,13-Aug-2026,13.49,13.5799,13.3,13.42,12600
BHR-D,13-Aug-2026,16.89,16.9,16.73,16.82,2800
BHRpB,13-Aug-2026,13.49,13.5799,13.3,13.42,9750
BHRpD,13-Aug-2026,16.89,16.9,16.73,16.82,2600
BHV,13-Aug-2026,12.65,12.84,12.65,12.84,2500
BHVN,13-Aug-2026,14.47,15.04,14.3,14.85,1651800
BILL,13-Aug-2026,49.05,52.6,47.43,51.31,4877200
BIO,13-Aug-2026,364,365,352.12,361.19,207400
BIP,13-Aug-2026,39.53,40.11,39.39,40.01,578900
BIP-A,13-Aug-2026,17.58,17.58,17.58,17.58,500
BIP-B,13-Aug-2026,16.91,17.0001,16.91,16.98,9500
BIPC,13-Aug-2026,40.26,40.82,40.08,40.71,734500
BIPH,13-Aug-2026,16.05,16.05,15.9879,15.9879,8500
BIPI,13-Aug-2026,16.79,16.79,16.6699,16.745,9800
BIPJ,13-Aug-2026,24.77,24.79,24.5,24.79,9700
BIPpA,13-Aug-2026,17.58,17.58,17.58,17.58,300
BIPpB,13-Aug-2026,16.91,17.0001,16.91,16.98,8519
BIRK,13-Aug-2026,43.07,43.8995,40.65,41,5457000
BIT,13-Aug-2026,12.28,12.335,12.26,12.28,443400
BJ,13-Aug-2026,93.27,94.3,92.53,93.53,1298700
BKD,13-Aug-2026,13.19,13.32,12.52,12.55,5470800
BKE,13-Aug-2026,45.72,45.75,44.42,44.82,322800
BKH,13-Aug-2026,73.63,74.395,73.63,73.94,645700
BKK.W,13-Aug-2026,0.0301,0.0301,0.0301,0.0301,2200
BKKT,13-Aug-2026,7.48,7.765,7.265,7.4,1005500
BKKT.WS,13-Aug-2026,0.03,0.0301,0.03,0.0301,2070
BKSY,13-Aug-2026,30.46,31.8871,30.18,30.99,882800
BKT,13-Aug-2026,10.56,10.58,10.49,10.5,227700
BKU,13-Aug-2026,47.9,48.4,47.49,47.83,338900
BKV,13-Aug-2026,25.65,26.2,25.51,25.92,713800
BLCO,13-Aug-2026,16.72,17.04,16.6,16.98,410400
BLDR,13-Aug-2026,73.44,75.2,73.005,73.56,1442000
BLK,13-Aug-2026,1165.77,1186.74,1164.305,1182.84,379200
BLND,13-Aug-2026,1.4,1.56,1.4,1.55,4218100
BLSH,13-Aug-2026,25,28.24,25,27.48,3499500
BLW,13-Aug-2026,12.76,13.04,12.7537,13.01,366700
BLX,13-Aug-2026,56.19,56.6,54.73,54.81,165300
BMA,13-Aug-2026,80,81.97,78.2751,80.43,236900
BME,13-Aug-2026,44.89,44.9799,44.38,44.55,31000
BMEZ,13-Aug-2026,16.2,16.25,16.13,16.24,116000
BMI,13-Aug-2026,135.59,136.085,130,130.43,393700
BML-G,13-Aug-2026,18.58,18.68,18.58,18.68,3900
BML-H,13-Aug-2026,18.6,18.65,18.6,18.64,26300
BML-J,13-Aug-2026,19.53,19.65,19.53,19.62,17100
BML-L,13-Aug-2026,18.99,19.1,18.98,19.07,24800
BMLpG,13-Aug-2026,18.58,18.68,18.58,18.68,3817
BMLpH,13-Aug-2026,18.6,18.65,18.6,18.64,23506
BMLpJ,13-Aug-2026,19.53,19.65,19.53,19.6,15936
BMLpL,13-Aug-2026,18.99,19.1,18.98,19.07,24056
BMN,13-Aug-2026,25.69,25.85,25.2447,25.6,11100
BMNP,13-Aug-2026,89.84,91,85,90.195,83800
BMNR,13-Aug-2026,17.875,18.465,17.67,18.29,24393200
BMO,13-Aug-2026,184.44,184.82,182.7,184.16,1132600
BMY,13-Aug-2026,64.05,65.02,63.91,64.65,10526000
BN,13-Aug-2026,44.87,45.37,43.99,45.11,4721300
BNED,13-Aug-2026,12.15,12.31,12.14,12.24,159100
BNH,13-Aug-2026,15.14,15.21,15.08,15.08,12400
BNJ,13-Aug-2026,15.05,15.18,15.05,15.17,6100
BNL,13-Aug-2026,21.06,21.345,21.06,21.24,1317500
BNS,13-Aug-2026,90.5,90.888,89.955,90.65,1363200
BNT,13-Aug-2026,45.11,45.18,44.415,45.03,20700
BNY,13-Aug-2026,162.93,163.66,161,162.25,1945600
BNY-K,13-Aug-2026,24.93,24.98,24.9005,24.98,33500
BOBS,13-Aug-2026,18.54,19.48,18.215,19.43,784800
BOC,13-Aug-2026,14.38,14.45,14.21,14.26,74200
BOE,13-Aug-2026,12.49,12.5799,12.41,12.5,100600
BOH,13-Aug-2026,80,80.24,79.51,79.86,218000
BOH-A,13-Aug-2026,15.34,15.425,15.34,15.425,1800
BOH-B,13-Aug-2026,26,26.1399,26,26.06,7200
BOHpA,13-Aug-2026,15.34,15.425,15.34,15.425,1495
BOHpB,13-Aug-2026,26,26.1399,26,26.06,6470
BOND,13-Aug-2026,90.93,91.08,90.87,90.91,604100
BOOT,13-Aug-2026,162.04,166.14,159.04,162.48,557200
BORR,13-Aug-2026,4.01,4.13,3.941,4.04,8955100
BOW,13-Aug-2026,33.59,33.77,33.48,33.49,209300
BOX,13-Aug-2026,32.66,33.765,32.185,33.64,3235000
BP,13-Aug-2026,42.46,42.95,42.25,42.83,6208700
BPRE,13-Aug-2026,12.46,12.72,12.2825,12.44,750100
BR,13-Aug-2026,170.09,172.75,167.32,172.24,1389500
BRBR,13-Aug-2026,10.94,11.2,10.74,10.99,2778300
BRC,13-Aug-2026,95.88,96.07,93.62,93.95,339200
BRCC,13-Aug-2026,0.8605,0.91,0.84,0.8452,1493400
BRCE,13-Aug-2026,30.73,30.73,30.73,30.73,100
BREE,13-Aug-2026,27.18,27.18,27.0899,27.0899,500
BRIE,13-Aug-2026,31.12,31.25,31.02,31.25,137300
BRK.A,13-Aug-2026,765098.7,766316.9,759448.9,762000,100
BRK.B,13-Aug-2026,511.29,512.01,505.56,506.93,4713400
BRO,13-Aug-2026,71.64,71.79,69.99,71.61,2242700
BROL,13-Aug-2026,26.5,26.5,26.42,26.483,600
BROS,13-Aug-2026,51.42,52.79,50.87,51.13,3539700
BRSL,13-Aug-2026,11.7,12.23,11.575,11.69,2500300
BRSP,13-Aug-2026,4.99,5.01,4.94,4.97,1927600
BRT,13-Aug-2026,14.25,14.4624,14.25,14.3,27200
BRW,13-Aug-2026,6.6,6.605,6.57,6.59,92000
BRX,13-Aug-2026,29.85,30.06,29.76,30.02,2112500
BSAC,13-Aug-2026,33.95,34.5,33.82,34.28,320400
BSBR,13-Aug-2026,5.75,5.86,5.75,5.77,7258900
BSL,13-Aug-2026,13.06,13.1,13.06,13.08,27000
BSM,13-Aug-2026,14.43,14.46,14.23,14.38,442200
BST,13-Aug-2026,50.22,50.48,50.1,50.37,94200
BSTZ,13-Aug-2026,30.68,31.695,30.42,31.66,256400
BSX,13-Aug-2026,51.57,52.335,51.22,51.69,15699900
BTE,13-Aug-2026,4.28,4.33,4.245,4.29,9984600
BTGO,13-Aug-2026,4.67,5.6,4.6516,5.53,3430700
BTI,13-Aug-2026,57.3,57.67,56.95,57.35,4703100
BTO,13-Aug-2026,41.07,41.4499,41.07,41.34,33500
BTT,13-Aug-2026,22.63,22.7,22.59,22.7,68700
BTU,13-Aug-2026,24.75,25.38,24.005,24.09,2359100
BTX,13-Aug-2026,8.86,9.11,8.86,9.06,869800
BTZ,13-Aug-2026,10.24,10.35,10.205,10.32,537800
BUD,13-Aug-2026,79.82,80.61,79.82,80.23,1361200
BUI,13-Aug-2026,27.43,27.6357,27.3,27.57,64400
BUR,13-Aug-2026,4.38,4.4563,4.285,4.41,1313700
BURL,13-Aug-2026,362.1,362.1,348.68,355.32,526100
BUXX,13-Aug-2026,20.22,20.24,20.22,20.24,284200
BV,13-Aug-2026,11.71,11.84,11.57,11.59,1023500
BVN,13-Aug-2026,34.94,35.01,33.65,33.67,565300
BW,13-Aug-2026,9.71,10.2121,9.27,9.35,7656300
BW-A,13-Aug-2026,22.44,22.85,22.44,22.6,14700
BWA,13-Aug-2026,68.88,69.32,67.465,67.87,1711400
BWG,13-Aug-2026,7.79,7.825,7.7724,7.81,47000
BWI.U,13-Aug-2026,10.08,10.08,10.055,10.055,1400
BWLP,13-Aug-2026,22.05,22.66,22.05,22.29,274700
BWMX,13-Aug-2026,16.49,16.62,16.28,16.41,42000
BWpA,13-Aug-2026,22.44,22.85,22.44,22.6,14105
BWXT,13-Aug-2026,172.46,173.7016,167.23,170.35,674500
BX,13-Aug-2026,147.31,150.24,145.4701,149.32,4228800
BXC,13-Aug-2026,90,90.31,87.97,89.63,141900
BXDC,13-Aug-2026,20.45,20.7,20.305,20.42,440900
BXMT,13-Aug-2026,14.31,14.56,14.24,14.5,2415600
BXP,13-Aug-2026,68.23,69.42,68.13,69.18,1084000
BXSL,13-Aug-2026,24.41,25.045,24.4,25.01,2076800
BY,13-Aug-2026,39.46,39.545,39.08,39.26,177500
BYD,13-Aug-2026,83.5,83.99,82.67,83.26,625000
BZH,13-Aug-2026,33.2,33.23,33.16,33.19,568400
C,13-Aug-2026,138.29,139.06,137.1,138.73,9507100
C-N,13-Aug-2026,26.52,26.68,26.46,26.5,200400
C-R,13-Aug-2026,24.28,24.34,24.23,24.29,76900
CAAP,13-Aug-2026,24.95,25.21,24.58,24.84,165800
CABO,13-Aug-2026,34.11,36.655,33.87,36.3,259000
CACI,13-Aug-2026,683.34,683.39,666,670,289900
CAF,13-Aug-2026,19.46,19.61,19.425,19.44,12800
CAG,13-Aug-2026,15.1,15.43,15.05,15.39,8330100
CAH,13-Aug-2026,233,235.67,229.36,231.24,2845400
CAL,13-Aug-2026,13.7,13.88,13.37,13.73,365400
CALX,13-Aug-2026,39.95,40.875,39.815,39.84,604000
CALY,13-Aug-2026,16.6,16.91,16.42,16.5,2163500
CANG,13-Aug-2026,2.18,2.35,1.9301,2.26,296000
CAPL,13-Aug-2026,23.3,23.75,22.83,23.25,112800
CARR,13-Aug-2026,63.28,63.73,62.53,63.35,3576400
CARS,13-Aug-2026,12.18,12.6,12.025,12.55,549200
CAT,13-Aug-2026,858.5,864.11,848.37,854.6,2523400
CATO,13-Aug-2026,3.3,3.3714,3.3,3.34,14400
CAVA,13-Aug-2026,70.69,73.38,70.08,72.18,4757800
CB,13-Aug-2026,345.33,347,342.6069,344.5,2043000
CBAN,13-Aug-2026,22.15,22.4581,22.09,22.21,182000
CBL,13-Aug-2026,57.65,57.85,56.72,57.57,162500
CBNA,13-Aug-2026,48.81,49.125,47.22,47.88,14000
CBRE,13-Aug-2026,147.66,152.02,147.21,151.89,1399500
CBT,13-Aug-2026,85.39,87,85.39,86.27,351900
CBU,13-Aug-2026,65.66,65.88,65.255,65.67,158800
CBZ,13-Aug-2026,54.7,54.82,54.45,54.6,1584500
CC,13-Aug-2026,14.96,15.36,14.46,15.26,3639300
CCI,13-Aug-2026,74.5,76.31,74.01,75.73,2388900
CCID,13-Aug-2026,25.18,25.18,25.13,25.15,4400
CCIF,13-Aug-2026,2.84,2.87,2.82,2.86,120200
CCJ,13-Aug-2026,98.5,99.95,97.5,97.75,2396000
CCK,13-Aug-2026,121.99,122.06,118.3,118.37,1611600
CCL,13-Aug-2026,28.17,28.6,27.95,28.42,13679900
CCM,13-Aug-2026,4.72,4.84,4.57,4.61,28000
CCO,13-Aug-2026,2.41,2.415,2.32,2.32,44435600
CCS,13-Aug-2026,71.68,72.3498,70.9,71.76,142500
CCU,13-Aug-2026,11.74,11.86,11.45,11.68,105500
CDE,13-Aug-2026,18.4,18.62,18.125,18.45,44991700
CDLR,13-Aug-2026,22.74,22.88,22.57,22.6,65800
CDP,13-Aug-2026,37.18,37.55,36.96,37.28,494300
CDR-B,13-Aug-2026,17.6,17.6,17.2001,17.46,1700
CDR-C,13-Aug-2026,16.24,16.25,16.1,16.25,5300
CDRE,13-Aug-2026,33.62,34,33.39,33.9,213800
CDRpB,13-Aug-2026,17.6,17.6,17.2001,17.46,1542
CDRpC,13-Aug-2026,16.24,16.24,16.1,16.13,4396
CE,13-Aug-2026,43.17,44.51,43.02,44.3,1419200
CEE,13-Aug-2026,21.37,21.485,21.37,21.48,4300
CEL-,13-Aug-2026,0.096,0.096,0.0921,0.0921,7500
CELGr,13-Aug-2026,0.096,0.096,0.0921,0.0921,7500
CEPU,13-Aug-2026,13.18,13.605,13.03,13.28,262100
CF,13-Aug-2026,117.66,120.545,116.09,117.05,2065400
CFG,13-Aug-2026,74.35,74.685,73.845,74.11,3734900
CFG-E,13-Aug-2026,17.97,18.1,17.9,17.9,40400
CFG-H,13-Aug-2026,26.08,26.12,25.99,25.99,17900
CFG-I,13-Aug-2026,24.8,24.89,24.78,24.81,11000
CFGpE,13-Aug-2026,17.97,18.1,17.9,17.9,35173
CFGpH,13-Aug-2026,26.08,26.12,25.9901,26.01,13968
CFGpI,13-Aug-2026,24.8,24.89,24.78,24.8,7570
CFND,13-Aug-2026,2.81,2.92,2.81,2.88,4000
CFR,13-Aug-2026,169.04,170,168.21,168.59,435500
CFR-B,13-Aug-2026,16.62,16.67,16.62,16.67,3600
CFRpB,13-Aug-2026,16.62,16.67,16.62,16.67,2673
CFT-A,13-Aug-2026,25.44,25.65,25.25,25.5,7700
CGAU,13-Aug-2026,21.33,21.6,20.89,21.24,1771600
CGV,13-Aug-2026,16.09,16.1512,16.09,16.1512,7800
CHCT,13-Aug-2026,15.2,15.4,15.1,15.12,284100
CHD,13-Aug-2026,102.01,102.78,100.76,101.32,1297500
CHE,13-Aug-2026,541.02,545.285,529.545,537.17,233400
CHGG,13-Aug-2026,0.78,0.8142,0.7617,0.8047,1225800
CHH,13-Aug-2026,106.05,106.78,103.49,104.57,415100
CHM-A,13-Aug-2026,22.025,22.08,22.025,22.07,1000
CHM-B,13-Aug-2026,24.5264,24.5264,24.2,24.2,1500
CHMI,13-Aug-2026,2.86,2.94,2.86,2.91,419200
CHMIpA,13-Aug-2026,22.025,22.08,22.025,22.07,859
CHMIpB,13-Aug-2026,24.5264,24.5264,24.2,24.2,1187
CHPT,13-Aug-2026,6.34,6.55,6.14,6.19,420400
CHT,13-Aug-2026,42.41,42.41,42.1964,42.28,164900
CHWY,13-Aug-2026,22.35,22.73,21.92,22.46,5865900
CI,13-Aug-2026,278.59,280.3225,277.24,277.99,1400000
CIA,13-Aug-2026,3.94,4.04,3.87,3.9,130200
CIB,13-Aug-2026,96.4,97.63,93.8,96.13,397100
CICB,13-Aug-2026,24.93,24.95,24.88,24.95,1500
CICC,13-Aug-2026,24.7001,25.1,24.7001,24.83,1800
CIEN,13-Aug-2026,430.32,462.69,427,442.79,2912800
CIG,13-Aug-2026,1.95,1.97,1.93,1.95,4045200
CIG.C,13-Aug-2026,2.9,2.9,2.81,2.81,3700
CII,13-Aug-2026,24.71,24.88,24.655,24.78,107700
CIM,13-Aug-2026,11.97,12.02,11.855,11.86,873100
CIM-A,13-Aug-2026,22,22.15,22,22.1,2300
CIM-B,13-Aug-2026,24.33,24.43,24.33,24.385,12300
CIM-C,13-Aug-2026,23.08,23.15,23.01,23.14,12800
CIM-D,13-Aug-2026,24.27,24.4,24.27,24.3239,9900
CIMN,13-Aug-2026,25.03,25.06,25.03,25.06,6300
CIMO,13-Aug-2026,25.14,25.19,25.1104,25.19,5100
CIMP,13-Aug-2026,25.11,25.14,25.09,25.1166,6800
CIMpA,13-Aug-2026,22,22.15,22,22.1,1550
CIMpB,13-Aug-2026,24.33,24.43,24.33,24.385,10852
CIMpC,13-Aug-2026,23.0802,23.15,23.01,23.14,11938
CIMpD,13-Aug-2026,24.27,24.4,24.27,24.3239,8839
CINT,13-Aug-2026,3.54,3.7177,3.5,3.69,84000
CION,13-Aug-2026,7.54,7.7,7.51,7.68,554500
CL,13-Aug-2026,93.15,93.88,92.42,92.93,2549000
CLB,13-Aug-2026,12.27,12.77,12.1,12.39,741300
CLD-A,13-Aug-2026,20.43,20.433,20.08,20.12,7300
CLDT,13-Aug-2026,12.71,12.94,12.66,12.91,372400
CLDTpA,13-Aug-2026,20.433,20.433,20.08,20.12,6251
CLF,13-Aug-2026,12.18,12.325,12.09,12.15,8524000
CLH,13-Aug-2026,317.35,320.69,316.47,320.24,534500
CLPR,13-Aug-2026,3.13,3.35,3.07,3.28,195400
CLS,13-Aug-2026,336.74,365.52,335.01,347.63,3511300
CLVT,13-Aug-2026,1.87,1.99,1.84,1.96,4074800
CLW,13-Aug-2026,22.24,22.32,21.63,21.95,110000
CLX,13-Aug-2026,106.13,107.45,104.45,106.54,3846800
CM,13-Aug-2026,121.77,122.52,121.18,122.4,1232000
CMBT,13-Aug-2026,16.76,17.175,16.76,16.96,598400
CMC,13-Aug-2026,72.97,73.55,71.83,72.13,830000
CMCM,13-Aug-2026,3.1,3.155,3.05,3.05,1700
CMDB,13-Aug-2026,17.8,18.92,17.77,18.08,58700
CMG,13-Aug-2026,32.7,33.46,32.52,32.61,17872100
CMI,13-Aug-2026,640.26,641.175,629.58,631.61,560200
CMP,13-Aug-2026,26.48,26.795,26.04,26.27,369000
CMR-B,13-Aug-2026,25.86,25.86,25.86,25.86,100
CMR-C,13-Aug-2026,26.55,26.65,26.55,26.6,1600
CMR-D,13-Aug-2026,26.92,27.46,26.92,27.2,10100
CMRE,13-Aug-2026,14.24,14.56,14.24,14.44,368000
CMREpB,13-Aug-2026,25.86,25.86,25.86,25.86,100
CMREpC,13-Aug-2026,26.55,26.65,26.55,26.6,1445
CMREpD,13-Aug-2026,26.92,27.46,26.92,27.0111,9181
CMS,13-Aug-2026,70.22,70.74,70.05,70.51,3840700
CMS-B,13-Aug-2026,75.4623,75.4623,75.4623,75.4623,300
CMS-C,13-Aug-2026,16.43,16.4499,16.36,16.405,4700
CMSA,13-Aug-2026,20.57,20.63,20.51,20.5118,8200
CMSC,13-Aug-2026,21.45,21.5837,21.44,21.475,7400
CMSD,13-Aug-2026,21.64,21.68,21.5687,21.59,28100
CMSpB,13-Aug-2026,75.4623,75.4623,75.4623,75.4623,200
CMSpC,13-Aug-2026,16.43,16.4499,16.36,16.405,2952
CMTG,13-Aug-2026,1.9,1.945,1.88,1.9,624700
CNA,13-Aug-2026,51,51.185,50.63,51.15,387500
CNC,13-Aug-2026,67.76,67.8399,65.72,66.04,3538500
CNF,13-Aug-2026,2.25,2.46,2.25,2.4299,22800
CNH,13-Aug-2026,10.66,10.71,10.22,10.39,17722400
CNI,13-Aug-2026,126.98,128.02,126.72,127.7,1210900
CNK,13-Aug-2026,37.51,38.07,37.365,37.66,2123500
CNM,13-Aug-2026,46.39,46.55,45.67,46.14,1277300
CNMD,13-Aug-2026,49.81,50.39,49.115,49.82,219900
CNNE,13-Aug-2026,15.14,15.745,14.97,15.56,821900
CNO,13-Aug-2026,54.72,55.0175,54.34,54.85,474000
CNO-A,13-Aug-2026,16.74,16.89,16.74,16.82,3100
CNOpA,13-Aug-2026,16.74,16.89,16.74,16.82,2798
CNP,13-Aug-2026,40.32,40.89,40.3,40.48,4396200
CNQ,13-Aug-2026,46.96,47.6764,46.58,47.6,9218900
CNR,13-Aug-2026,94.28,96.37,92.735,93.49,358800
CNS,13-Aug-2026,85.37,85.7,84.08,85.65,222600
CNX,13-Aug-2026,35.32,35.63,35.155,35.38,1247000
COD-A,13-Aug-2026,19.5,19.64,19.5,19.5864,3400
COD-B,13-Aug-2026,22,22.135,22,22.09,2100
COD-C,13-Aug-2026,21.91,22.09,21.91,21.98,8600
CODI,13-Aug-2026,12.21,12.7711,12.2,12.28,751800
CODIpA,13-Aug-2026,19.5,19.64,19.5,19.5864,2721
CODIpB,13-Aug-2026,22,22.135,22,22.09,1900
CODIpC,13-Aug-2026,21.91,22.09,21.91,21.98,8008
COF,13-Aug-2026,224.19,225.5,221.19,223.83,2657200
COF-I,13-Aug-2026,17.86,18,17.86,17.9,174700
COF-J,13-Aug-2026,17.18,17.2999,17.18,17.2201,117700
COF-K,13-Aug-2026,16.7,16.74,16.57,16.64,31400
COF-L,13-Aug-2026,15.7,15.8,15.6801,15.79,106000
COF-N,13-Aug-2026,15.35,15.43,15.3,15.37,33700
COFpI,13-Aug-2026,17.86,18,17.86,17.9,164278
COFpJ,13-Aug-2026,17.18,17.2999,17.18,17.2201,108886
COFpK,13-Aug-2026,16.7,16.74,16.57,16.64,29218
COFpL,13-Aug-2026,15.7,15.8,15.6801,15.79,99389
COFpN,13-Aug-2026,15.35,15.43,15.3,15.37,30715
COHR,13-Aug-2026,344.88,361.99,325.27,327.23,13072400
COLD,13-Aug-2026,14.69,15.28,14.555,15.12,3137300
COMP,13-Aug-2026,12.8,13.4,12.625,13.35,10476400
CON,13-Aug-2026,35,35.135,34.55,35.12,1660400
COOK,13-Aug-2026,60.95,62.325,59.26,59.26,70900
COP,13-Aug-2026,125.72,126.39,124.12,124.52,7247900
COPL,13-Aug-2026,10.5,10.5,10.5,10.5,17300
COR,13-Aug-2026,312.1,315.301,309.71,310.01,1542800
COSO,13-Aug-2026,27.84,28.38,27.8,28.01,66000
COTY,13-Aug-2026,2.8,2.815,2.75,2.75,4727400
COUR,13-Aug-2026,5.63,5.85,5.51,5.8,4465900
CP,13-Aug-2026,93.13,93.98,93.1201,93.92,2037500
CPA,13-Aug-2026,138,138,135.53,136.37,138300
CPAC,13-Aug-2026,11.96,12.1839,11.8241,12.05,120700
CPAI,13-Aug-2026,52.98,53.51,52.98,53.26,33700
CPAY,13-Aug-2026,411.28,425.945,409.94,425.24,583600
CPF,13-Aug-2026,39,39.4595,38.72,38.95,164600
CPK,13-Aug-2026,135.82,137.25,134.67,135.35,157400
CPN,13-Aug-2026,26.48,26.68,26.46,26.47,184370
CPNG,13-Aug-2026,16.36,16.4,15.99,16.29,12512200
CPRI,13-Aug-2026,15.45,15.84,15.315,15.6,5688100
CPS,13-Aug-2026,27.98,28.0901,27.07,27.23,201100
CPT,13-Aug-2026,109.05,111.04,108.78,110.47,795900
CQP,13-Aug-2026,68.71,69,67.2372,67.3,122300
CR,13-Aug-2026,221.64,225,218.83,219.04,248600
CRBD,13-Aug-2026,22.27,22.34,22.1801,22.22,20100
CRBG,13-Aug-2026,33.92,34.34,33.565,34.3,4371500
CRC,13-Aug-2026,52.65,53.35,52.27,52.75,549000
CRCL,13-Aug-2026,70.11,75.89,70.01,75.38,10750400
CRD.A,13-Aug-2026,13.16,13.335,12.93,13.27,53800
CRD.B,13-Aug-2026,12.11,12.45,12.11,12.29,10800
CRGY,13-Aug-2026,11.91,12.02,11.76,11.9,4739800
CRH,13-Aug-2026,98.62,99.6699,97.28,97.7,3606400
CRI,13-Aug-2026,39.3,39.536,38.62,39.15,640100
CRK,13-Aug-2026,13.5,13.74,13.402,13.58,1398800
CRL,13-Aug-2026,286.3,287.79,278.84,281.27,1054900
CRM,13-Aug-2026,196.84,202.99,191.39,201.37,15058600
CRS,13-Aug-2026,531.77,545,520.62,535.57,580700
CRT,13-Aug-2026,9.88,10.25,9.88,10.07,22100
CSAN,13-Aug-2026,2.53,2.62,2.53,2.61,843900
CSL,13-Aug-2026,385.92,387.01,372.71,375.8,679800
CSQR,13-Aug-2026,23.04,23.43,22.22,22.85,438700
CSR,13-Aug-2026,55.22,56.83,55.22,55.93,102100
CSTM,13-Aug-2026,29.4,29.6,28.97,29.13,909200
CSV,13-Aug-2026,34.99,35.79,34.42,34.92,404000
CSW,13-Aug-2026,348.61,352.07,342.59,342.93,162900
CTA-A,13-Aug-2026,53.46,53.46,53.46,53.46,100
CTA-B,13-Aug-2026,65.38,65.6,65.31,65.38,2400
CTApA,13-Aug-2026,53.46,53.46,53.46,53.46,100
CTApB,13-Aug-2026,65.38,65.6,65.31,65.38,2030
CTEV,13-Aug-2026,35.32,42.47,35.32,42.22,223300
CTGG,13-Aug-2026,16.36,16.465,16.36,16.4,77700
CTHH,13-Aug-2026,16.9,16.93,16.76,16.8,46600
CTO,13-Aug-2026,21.97,22.11,21.87,21.96,339000
CTO-A,13-Aug-2026,21.5,21.55,21.5,21.53,1900
CTOpA,13-Aug-2026,21.5,21.55,21.5,21.53,1096
CTOS,13-Aug-2026,10.9,10.92,10.23,10.26,1335900
CTRE,13-Aug-2026,39.43,39.82,38.73,38.83,1565000
CTRI,13-Aug-2026,23.9,23.9,23.06,23.09,1329600
CTS,13-Aug-2026,64.25,64.25,62.12,62.57,139900
CTVA,13-Aug-2026,75.61,76.22,74.96,75.79,2866800
CUBB,13-Aug-2026,22.35,22.35,22.33,22.34,1000
CUBE,13-Aug-2026,41.39,41.96,41.315,41.75,2101100
CUBI,13-Aug-2026,83.42,84.375,82.811,83.4,247100
CURB,13-Aug-2026,30.33,30.65,29.96,30.05,1000600
CURV,13-Aug-2026,2.26,2.38,2.26,2.31,168300
CUZ,13-Aug-2026,29.7,30.04,29.24,29.94,875500
CVE,13-Aug-2026,29.75,30.69,29.705,30.6,6015900
CVEO,13-Aug-2026,33.38,33.9599,33.18,33.31,99500
CVI,13-Aug-2026,34.74,35.63,34.125,35.6,484600
CVLG,13-Aug-2026,34.53,35.39,34.405,34.67,131300
CVNA,13-Aug-2026,72.3,74.84,71.69,73.7,7907000
CVS,13-Aug-2026,95.44,96.12,94.485,94.99,6493200
CVSA,13-Aug-2026,130.14,134.115,128.3,131.89,267400
CVX,13-Aug-2026,195,198.1,193.75,197.7,5908900
CW,13-Aug-2026,723.88,723.88,683.87,688.83,311500
CWEN,13-Aug-2026,34.17,34.555,34.04,34.22,998000
CWH,13-Aug-2026,6.5,6.6,6.4,6.53,1244100
CWK,13-Aug-2026,13.88,14.39,13.7,14.37,1732000
CWT,13-Aug-2026,50.28,50.66,50.1,50.19,353900
CX,13-Aug-2026,11.25,11.3,11.06,11.08,3624100
CXM,13-Aug-2026,6.75,7.07,6.66,7.03,2962600
CXT,13-Aug-2026,52.1,52.54,50.69,51.43,373000
CXW,13-Aug-2026,33.53,34.06,31.515,31.6,1823100
CYD,13-Aug-2026,47.26,47.48,45.25,45.56,95600
CYH,13-Aug-2026,2.95,3,2.91,2.97,1038500
D,13-Aug-2026,67.94,68.725,67.9,68.54,2755300
DAC,13-Aug-2026,139.42,143.14,139.42,140.37,197700
DAL,13-Aug-2026,91.45,92.21,90.83,91.31,3553300
DAN,13-Aug-2026,29.79,30.52,29.51,30.33,1964900
DAO,13-Aug-2026,18.39,18.85,17.16,17.46,62000
DAR,13-Aug-2026,63.14,65.78,63.05,65.74,1880600
DAVA,13-Aug-2026,3.09,3.18,3.03,3.16,178400
DB,13-Aug-2026,38.55,38.565,38.145,38.38,1274800
DBD,13-Aug-2026,72.56,73.9498,71.62,72.24,227400
DBI,13-Aug-2026,6.19,6.245,5.95,6.14,379100
DBL,13-Aug-2026,14.22,14.3296,14.215,14.26,52000
DBR-H,13-Aug-2026,15.24,15.245,15.05,15.05,19800
DBR-I,13-Aug-2026,15.24,15.37,15,15.15,84300
DBR-J,13-Aug-2026,15.49,15.73,15.3116,15.42,11300
DBRG,13-Aug-2026,15.95,15.95,15.9,15.91,1458300
DBRGpH,13-Aug-2026,15.245,15.245,15.05,15.05,14139
DBRGpI,13-Aug-2026,15.24,15.37,15,15.15,79917
DBRGpJ,13-Aug-2026,15.49,15.73,15.3116,15.42,9461
DCBG,13-Aug-2026,26.5,26.5,26.47,26.49,400
DCH,13-Aug-2026,6.76,6.81,6.61,6.75,2246500
DCI,13-Aug-2026,96.63,96.63,95.26,95.71,349000
DCO,13-Aug-2026,202.36,202.36,198.395,199.03,134100
DCO-,13-Aug-2026,17.37,17.49,17.37,17.3729,15300
DCOM,13-Aug-2026,41.23,41.53,41.01,41.2,307200
DD,13-Aug-2026,144.31,144.84,143.025,144.1,908100
DDD,13-Aug-2026,3.58,3.695,3.55,3.62,1473800
DDL,13-Aug-2026,2.39,2.398,2.3,2.34,228700
DDS,13-Aug-2026,605,614.73,567.25,613.81,170400
DDT,13-Aug-2026,26.32,26.4089,26.32,26.38,3700
DE,13-Aug-2026,619.55,622.0146,611.11,612.38,517500
DEA,13-Aug-2026,24.79,24.98,24.675,24.86,368200
DEC,13-Aug-2026,14.27,14.54,13.9305,14.17,1467500
DECK,13-Aug-2026,92.5,93.69,91.66,93.3,2339900
DEI,13-Aug-2026,11.75,11.95,11.695,11.89,1664300
DELL,13-Aug-2026,499.68,514,487.1201,494.51,8063900
DEO,13-Aug-2026,94.23,95.34,94.06,95.01,1161600
DFH,13-Aug-2026,14.63,14.9625,14.48,14.84,555800
DFIN,13-Aug-2026,48.27,49.83,47.3001,49.62,167500
DFP,13-Aug-2026,20.84,21,20.77,20.83,32500
DG,13-Aug-2026,121.6,123.07,119.845,122.08,1552000
DGA-,13-Aug-2026,0.1401,0.1401,0.1401,0.1401,9300
DGAC,13-Aug-2026,9.96,9.96,9.96,9.96,6000
DGX,13-Aug-2026,239.1,240,235.65,236.04,549000
DHF,13-Aug-2026,2.39,2.44,2.39,2.42,287400
DHI,13-Aug-2026,148.06,150.07,146.49,149.88,1987500
DHR,13-Aug-2026,207.06,207.4899,202.17,203.89,1920400
DHT,13-Aug-2026,18.81,19.42,18.81,19.2,2981000
DHX,13-Aug-2026,3.86,4.0531,3.84,4.01,157200
DIN,13-Aug-2026,36.78,37.23,34.5,34.75,266400
DINO,13-Aug-2026,87.5,92.11,87.21,91.87,2908100
DIS,13-Aug-2026,103.8,104.94,103.46,104.8,7099900
DIVY,13-Aug-2026,30.56,31.17,30.56,31.17,2000
DK,13-Aug-2026,66.99,68.44,64.9375,68.3,1485800
DKL,13-Aug-2026,51,52.76,50.6,52.3,1642500
DKS,13-Aug-2026,204.5,204.5,200.01,202.26,1129100
DLB,13-Aug-2026,61.47,62.42,60.95,62.37,701400
DLN-A,13-Aug-2026,26.49,26.49,26.05,26.22,14300
DLNG,13-Aug-2026,3.72,3.82,3.69,3.8,28800
DLNGpA,13-Aug-2026,26.49,26.49,26.05,26.22,12944
DLR,13-Aug-2026,197.74,199.41,196.89,197.58,1529200
DLR-J,13-Aug-2026,19.76,19.8228,19.7,19.71,11000
DLR-K,13-Aug-2026,21.95,21.95,21.9,21.925,10700
DLR-L,13-Aug-2026,19.48,19.575,19.45,19.49,8400
DLRpJ,13-Aug-2026,19.76,19.8228,19.7,19.7,8384
DLRpK,13-Aug-2026,21.95,21.95,21.9,21.925,8831
DLRpL,13-Aug-2026,19.48,19.575,19.45,19.49,5359
DLX,13-Aug-2026,23.95,24.39,23.8,24.24,429800
DLY,13-Aug-2026,14.24,14.2651,14.2,14.26,188300
DMA,13-Aug-2026,7.67,7.7499,7.67,7.74,14800
DMB,13-Aug-2026,10.7,10.7499,10.67,10.72,96700
DMC,13-Aug-2026,30.3,30.96,29.82,30.62,289900
DMO,13-Aug-2026,10.52,10.56,10.4762,10.5,46200
DNA,13-Aug-2026,7.31,7.55,7.19,7.24,1118500
DNOW,13-Aug-2026,16.62,16.7693,16.26,16.31,2484400
DNP,13-Aug-2026,10.92,10.969,10.9,10.91,392200
DOC,13-Aug-2026,20.88,20.96,20.7,20.81,3220600
DOCN,13-Aug-2026,133,137.1999,130.66,132.29,1879000
DOCS,13-Aug-2026,24.905,26.59,24.84,26.59,5250500
DOLE,13-Aug-2026,13.09,13.42,13.065,13.36,1015600
DOUG,13-Aug-2026,2.05,2.065,1.95,2.01,722300
DOV,13-Aug-2026,208.77,208.77,205.405,206.66,877700
DOW,13-Aug-2026,30.35,30.725,30.185,30.36,6867400
DPC,13-Aug-2026,53,54.15,49.42,50.22,878900
DPG,13-Aug-2026,14.65,14.85,14.64,14.76,56900
DQ,13-Aug-2026,14.54,14.97,14.33,14.92,1334200
DRD,13-Aug-2026,23.9,24.29,23.68,23.78,271200
DRI,13-Aug-2026,228.19,229.7625,222.37,223.5,1095600
DRLL,13-Aug-2026,39,39.295,38.75,39.19,7100
DSL,13-Aug-2026,10.74,10.81,10.73,10.8,306400
DSM,13-Aug-2026,5.88,5.91,5.86,5.89,220300
DSMC,13-Aug-2026,43.585,43.8753,43.405,43.8753,1700
DSTX,13-Aug-2026,35.75,35.8,35.75,35.7985,1400
DSU,13-Aug-2026,9.54,9.56,9.52,9.53,165400
DSX,13-Aug-2026,2.38,2.5,2.38,2.47,637700
DSX.W,13-Aug-2026,0.22,0.2391,0.19,0.2375,4600
DSX.WS,13-Aug-2026,0.22,0.2391,0.19,0.2375,4536
DT,13-Aug-2026,50,50.81,48.01,50.75,8906500
DTB,13-Aug-2026,16.2,16.21,16.06,16.17,37600
DTE,13-Aug-2026,139.28,139.94,138.73,139.53,1891400
DTF,13-Aug-2026,11.51,11.535,11.51,11.51,400
DTG,13-Aug-2026,16.45,16.5387,16.45,16.47,11400
DTK,13-Aug-2026,23.42,23.43,23.33,23.41,16500
DTM,13-Aug-2026,135.6,137.07,134.47,134.79,804000
DTW,13-Aug-2026,19.98,19.99,19.86,19.97,22900
DUK,13-Aug-2026,123.77,124.655,123.62,124.49,3336700
DUK-A,13-Aug-2026,24.56,24.64,24.535,24.63,62100
DUKB,13-Aug-2026,22.28,22.38,22.27,22.3,47100
DUKpA,13-Aug-2026,24.56,24.64,24.535,24.63,54488
DV,13-Aug-2026,13.35,13.35,13.28,13.3,3320000
DVA,13-Aug-2026,182.88,183.57,178.92,179.17,655500
DVN,13-Aug-2026,44.25,44.525,43.65,44.39,9046700
DX,13-Aug-2026,13.05,13.0689,13,13.02,4297300
DX-C,13-Aug-2026,25.74,25.89,25.74,25.79,3400
DXC,13-Aug-2026,10.77,11.3,10.625,11.2,3542200
DXpC,13-Aug-2026,25.74,25.89,25.74,25.79,2976
DXYZ,13-Aug-2026,31.14,32.3,30.4,31.92,2213500
DY,13-Aug-2026,411.96,415.62,406.9553,409.41,285200
E,13-Aug-2026,54.25,54.8,54.0038,54.78,211400
EAF,13-Aug-2026,7.64,8,7.64,7.79,150300
EAI,13-Aug-2026,19.83,19.9099,19.83,19.86,8800
EARN,13-Aug-2026,4.35,4.445,4.35,4.44,439800
EAT,13-Aug-2026,248.76,253.7095,236.515,238.61,1753500
EBF,13-Aug-2026,22.12,22.22,21.83,22.08,127800
EBS,13-Aug-2026,4.52,4.73,4.45,4.49,1461100
EC,13-Aug-2026,16.75,17.25,16.6,17.21,1404300
ECAT,13-Aug-2026,15.9,15.9,15.75,15.83,928700
ECC,13-Aug-2026,3.8,3.9,3.8,3.87,1097100
ECC-D,13-Aug-2026,18.41,18.4616,18.41,18.44,9800
ECCC,13-Aug-2026,24.735,24.735,24.66,24.6722,800
ECCpD,13-Aug-2026,18.3863,18.4616,18.3863,18.44,7817
ECCU,13-Aug-2026,25.22,25.31,25.17,25.2065,6100
ECCV,13-Aug-2026,24.03,24.2,24.03,24.12,18300
ECG,13-Aug-2026,137.06,138.785,134.1101,137.5,400700
ECL,13-Aug-2026,278.95,279.62,274.53,276.26,874300
ECO,13-Aug-2026,63.2,65.8683,62.93,63.92,757100
ECVT,13-Aug-2026,9.96,10.23,9.93,10.08,1189200
ED,13-Aug-2026,108,108.555,107.76,108.39,2029900
EDD,13-Aug-2026,5.85,5.87,5.78,5.81,418500
EDF,13-Aug-2026,5.23,5.27,5.2,5.27,60100
EDN,13-Aug-2026,23.04,24.44,22.95,23.79,286400
EDU,13-Aug-2026,52.91,53.83,52.15,52.33,983100
EE,13-Aug-2026,35.7,35.95,35.19,35.6,273000
EEA,13-Aug-2026,11.27,11.27,11.26,11.26,700
EFC,13-Aug-2026,13.65,13.72,13.62,13.68,821500
EFC-B,13-Aug-2026,24.81,24.81,24.7184,24.76,3300
EFC-C,13-Aug-2026,25.4,25.4,25.4,25.4,800
EFC-D,13-Aug-2026,23,23,22.99,22.99,1100
EFCpB,13-Aug-2026,24.81,24.81,24.7184,24.76,2379
EFCpC,13-Aug-2026,25.4,25.4,25.4,25.4,531
EFCpD,13-Aug-2026,23,23,22.99,22.99,1100
EFOR,13-Aug-2026,32.81,33.78,32.1,33.45,536200
EFR,13-Aug-2026,10.71,10.81,10.6833,10.76,108000
EFT,13-Aug-2026,10.84,10.91,10.82,10.9,61500
EFX,13-Aug-2026,181.23,186.78,179.97,185.58,894700
EFXT,13-Aug-2026,21.22,22.0219,21.145,21.48,564900
EG,13-Aug-2026,360.63,369.94,360.63,366.05,362800
EGO,13-Aug-2026,38.84,39.36,38.21,38.44,2133400
EGP,13-Aug-2026,207.97,207.97,203.64,205.06,315800
EGY,13-Aug-2026,5.61,5.73,5.53,5.63,1324200
EHC,13-Aug-2026,125.9,126.1,123.21,123.55,549200
EHI,13-Aug-2026,5.86,5.8998,5.85,5.85,152400
EIC,13-Aug-2026,9.92,10.16,9.905,10.16,137100
EICA,13-Aug-2026,24.93,24.93,24.93,24.93,700
EIG,13-Aug-2026,48.45,48.83,48.14,48.5,139900
EIIA,13-Aug-2026,25.23,25.315,25.23,25.315,1700
EIX,13-Aug-2026,69.78,71.4,69.1,70.68,2672600
EL,13-Aug-2026,87.93,88.66,87.0351,87.32,2036600
ELAN,13-Aug-2026,22.31,22.6796,22.17,22.51,5574000
ELC,13-Aug-2026,19.79,19.828,19.77,19.7895,17200
ELF,13-Aug-2026,92.32,93.34,90.5,92.05,1597700
ELLA,13-Aug-2026,25.17,25.2099,25.07,25.13,17400
ELME,13-Aug-2026,1.63,1.645,1.62,1.62,421400
ELPC,13-Aug-2026,10.69,10.78,10.55,10.6,1148200
ELS,13-Aug-2026,64.24,65.04,64.095,65.01,1433700
ELV,13-Aug-2026,400.8,404.72,397.63,398.22,652200
EMA,13-Aug-2026,51.1,51.45,51.03,51.34,236400
EMBJ,13-Aug-2026,74.31,74.57,73.74,74.22,1106500
EMD,13-Aug-2026,10.47,10.535,10.46,10.52,167700
EME,13-Aug-2026,832.84,843.83,828.19,831.23,280400
EMF,13-Aug-2026,22.25,22.5051,22.08,22.18,24600
EMN,13-Aug-2026,72.58,73.88,72.45,73.77,814300
EMO,13-Aug-2026,52.84,53.185,52.83,52.98,22700
EMP,13-Aug-2026,19.9,19.9,19.7801,19.815,6600
EMR,13-Aug-2026,164.26,164.37,159.845,164.21,2695300
ENB,13-Aug-2026,51.43,51.6,51.245,51.29,13441400
ENHA,13-Aug-2026,2.35,2.5,1.93,2.5,1789300
ENIC,13-Aug-2026,4.38,4.445,4.335,4.41,605200
ENO,13-Aug-2026,20.95,21.01,20.91,20.95,9000
ENOV,13-Aug-2026,24.89,25.7,24.225,25.66,1018400
ENR,13-Aug-2026,22.77,22.95,22.31,22.67,907800
ENS,13-Aug-2026,211,217,192.36,197.38,1480300
ENVA,13-Aug-2026,262.15,264.9699,259.525,261.92,252300
EOD,13-Aug-2026,6.68,6.72,6.65,6.72,54500
EOG,13-Aug-2026,141.02,142.61,140.48,141.41,2755800
EOI,13-Aug-2026,20.24,20.3899,20.24,20.3,107500
EOS,13-Aug-2026,22.11,22.29,22,22.2,103700
EOT,13-Aug-2026,17.53,17.54,17.23,17.53,24100
EP-C,13-Aug-2026,50.2,50.345,50.15,50.2,3000
EPAC,13-Aug-2026,37.44,37.44,36.74,36.91,249800
EPAM,13-Aug-2026,100.89,102.97,98.55,101.55,1320700
EPC,13-Aug-2026,29.2,29.94,28.39,28.47,504700
EPD,13-Aug-2026,37.76,38.18,37.76,38.02,2358000
EPpC,13-Aug-2026,50.2,50.345,50.15,50.2,2663
EPR,13-Aug-2026,61.78,62.58,61.69,61.7,593900
EPR-C,13-Aug-2026,27.4,27.5,27.325,27.4,2100
EPR-E,13-Aug-2026,32.78,32.96,32.78,32.92,1900
EPR-G,13-Aug-2026,20.99,21.13,20.99,21.03,1600
EPRpC,13-Aug-2026,27.4,27.5,27.325,27.4,1621
EPRpE,13-Aug-2026,32.78,32.96,32.78,32.92,1489
EPRpG,13-Aug-2026,20.99,21.13,20.99,21.03,1276
EPRT,13-Aug-2026,30.79,31.135,30.7,31.04,1056900
EQBK,13-Aug-2026,51.78,51.95,51.49,51.73,93000
EQH,13-Aug-2026,52.13,52.93,51.67,52.8,2038800
EQH-A,13-Aug-2026,18.81,18.89,18.68,18.74,71900
EQH-C,13-Aug-2026,16.07,16.14,16.07,16.1,17700
EQHpA,13-Aug-2026,18.81,18.89,18.68,18.74,62044
EQHpC,13-Aug-2026,16.07,16.14,16.07,16.14,13773
EQNR,13-Aug-2026,40.23,40.66,39.74,40.54,1751400
EQS,13-Aug-2026,1.1,1.14,1.0201,1.05,18900
EQT,13-Aug-2026,53.62,54.175,53.51,54.08,4625700
ERO,13-Aug-2026,35.37,35.53,34.07,34.37,1528400
EROC,13-Aug-2026,14.91,16.91,14.38,15.66,11309100
EROK,13-Aug-2026,24.6,25.34,23.82,25.21,168800
ES,13-Aug-2026,71.88,72.48,71.69,72.22,1694600
ESAB,13-Aug-2026,86.7,87,84.06,85.12,612500
ESE,13-Aug-2026,301,301.89,295.365,300.81,237600
ESI,13-Aug-2026,38.57,39.2,38.555,39.01,2298800
ESNT,13-Aug-2026,68.86,69.65,68.21,69.28,537500
ESRT,13-Aug-2026,4.76,4.87,4.745,4.83,1841800
ESS,13-Aug-2026,282.4,288.9275,282.4,287.39,297200
ESTC,13-Aug-2026,77.72,86.7,77.52,86.03,4601800
ET,13-Aug-2026,20.93,21.115,20.75,20.76,8122400
ET-I,13-Aug-2026,11.6,11.6,11.49,11.495,95600
ETB,13-Aug-2026,15.69,15.72,15.611,15.7,49600
ETD,13-Aug-2026,22.89,23.04,22.6,22.9,386300
ETG,13-Aug-2026,24.59,24.7099,24.43,24.51,281500
ETI-,13-Aug-2026,23.4565,23.4565,23.4565,23.4565,300
ETIp,13-Aug-2026,23.4565,23.4565,23.4565,23.4565,200
ETJ,13-Aug-2026,8.51,8.56,8.51,8.52,144600
ETN,13-Aug-2026,459.31,459.3806,452.5,453.33,1565100
ETO,13-Aug-2026,32.25,32.2739,31.915,32.23,15200
ETpI,13-Aug-2026,11.6,11.6,11.49,11.495,92375
ETR,13-Aug-2026,107.3,107.85,106.6,106.91,1682900
ETSY,13-Aug-2026,79.94,81.07,78.1305,80.67,2830100
ETV,13-Aug-2026,15.13,15.23,15.1,15.18,162300
ETW,13-Aug-2026,9.82,9.91,9.82,9.88,390300
ETX,13-Aug-2026,18.3,18.3699,18.3,18.3699,3700
ETY,13-Aug-2026,14.72,14.85,14.705,14.82,178700
EVA.W,13-Aug-2026,0.36,0.36,0.36,0.36,2500
EVAC,13-Aug-2026,10.25,10.3,10.25,10.3,1400
EVAC.WS,13-Aug-2026,0.36,0.36,0.36,0.36,2500
EVC,13-Aug-2026,9.16,9.43,8.85,8.88,1929100
EVE.T,13-Aug-2026,0.1341,0.16,0.1341,0.16,50400
EVEX,13-Aug-2026,2.7,2.82,2.7,2.8,682300
EVEX.WS,13-Aug-2026,0.1341,0.16,0.1341,0.16,25701
EVF,13-Aug-2026,4.98,5.015,4.98,5,20400
EVG,13-Aug-2026,10.81,10.81,10.74,10.78,39400
EVH,13-Aug-2026,4.22,4.67,4.195,4.66,3732200
EVMN,13-Aug-2026,14.14,14.59,14.06,14.07,345200
EVN,13-Aug-2026,10.8,10.92,10.8,10.88,78600
EVR,13-Aug-2026,301.52,313.82,299.72,312.43,726100
EVT,13-Aug-2026,29.27,29.65,29.25,29.65,103300
EVTC,13-Aug-2026,30.41,32.03,30.41,31.98,461800
EVTL,13-Aug-2026,0.83,0.8722,0.8223,0.8379,8423200
EVTR,13-Aug-2026,50.29,50.385,50.26,50.32,390200
EW,13-Aug-2026,93.48,93.75,92.21,92.56,2809900
EXG,13-Aug-2026,10.12,10.16,10.1,10.1,330600
EXK,13-Aug-2026,10.37,10.49,10.14,10.31,6606700
EXP,13-Aug-2026,212.8,214,208.29,208.82,300800
EXPD,13-Aug-2026,185,187.67,184.445,187.05,861200
EXR,13-Aug-2026,147.87,149.55,147.26,149.4,574100
F,13-Aug-2026,13.86,14.01,13.82,13.89,26341300
F-B,13-Aug-2026,20.42,20.55,20.28,20.35,109700
F-C,13-Aug-2026,19.81,19.8316,19.61,19.74,36000
F-D,13-Aug-2026,20.94,21.0439,20.8401,20.89,42200
FAF,13-Aug-2026,72.59,74.29,72.555,74.06,820100
FBIN,13-Aug-2026,49.58,49.89,48.28,48.43,1933400
FBK,13-Aug-2026,62.55,62.655,61.79,62.08,288200
FBP,13-Aug-2026,29.35,29.575,29.225,29.39,1180700
FBR-E,13-Aug-2026,19.34,19.58,19.32,19.41,17700
FBRT,13-Aug-2026,8.12,8.195,8.06,8.13,1258100
FBRTpE,13-Aug-2026,19.34,19.58,19.32,19.41,15205
FC,13-Aug-2026,20.8,20.8,19.82,20.13,62700
FCBM,13-Aug-2026,12.85,12.9,12.66,12.75,54800
FCF,13-Aug-2026,21.79,21.8,21.52,21.63,564300
FCN,13-Aug-2026,152.94,154.64,149.9,153.41,435100
FCPT,13-Aug-2026,25.14,25.305,25.06,25.16,356400
FCR.U,13-Aug-2026,10.36,10.36,10.33,10.35,1400
FCR.W,13-Aug-2026,0.82,0.82,0.82,0.82,400
FCRS,13-Aug-2026,10.23,10.24,10.23,10.24,1200
FCRS.U,13-Aug-2026,10.36,10.36,10.33,10.35,1344
FCX,13-Aug-2026,68.14,69.1,66.625,66.83,9296900
FDS,13-Aug-2026,277.76,289.45,274.5,287.18,686800
FDX,13-Aug-2026,326.99,340.25,326.99,339.35,2497200
FDXF,13-Aug-2026,142.02,152.02,140.7,151.99,3147100
FE,13-Aug-2026,47.14,47.365,46.8,46.84,3499700
FEDU,13-Aug-2026,8.15,8.5,7.585,8.475,4100
FEGE,13-Aug-2026,52.35,52.6551,52.215,52.61,382500
FENG,13-Aug-2026,1.6,1.6,1.52,1.53,4000
FEOE,13-Aug-2026,55.96,56.07,55.91,55.92,269800
FERG,13-Aug-2026,246.17,248.29,243.0981,248.12,2045000
FET,13-Aug-2026,81.97,84.9999,81.585,82.42,219000
FF,13-Aug-2026,5.84,5.89,5.67,5.68,479900
FFA,13-Aug-2026,23.65,23.8,23.59,23.65,22000
FFC,13-Aug-2026,16.27,16.27,16.2,16.21,111700
FG,13-Aug-2026,27,27.67,26.91,27.45,866300
FGN,13-Aug-2026,24.85,25,24.7,24.78,24900
FGSN,13-Aug-2026,20.88,20.99,20.75,20.9501,12300
FHI,13-Aug-2026,63.2,63.61,61.9801,63.55,561900
FHN,13-Aug-2026,26,26.11,25.8,26.02,4591900
FHN-E,13-Aug-2026,23.5599,23.5599,23.3,23.5099,11600
FHN-F,13-Aug-2026,17.5,17.53,17.495,17.495,1300
FHN-H,13-Aug-2026,24.46,24.52,24.4,24.52,18700
FHNpE,13-Aug-2026,23.5599,23.5599,23.3,23.5099,10469
FHNpF,13-Aug-2026,17.5,17.53,17.495,17.495,639
FICO,13-Aug-2026,1065,1117.93,1048,1110.7,307400
FIG,13-Aug-2026,23.7,26.795,23.37,26.35,24128300
FIGS,13-Aug-2026,14.46,14.87,13.92,14.84,2847100
FINS,13-Aug-2026,12.65,12.69,12.64,12.68,27300
FINV,13-Aug-2026,4.56,4.58,4.48,4.53,471000
FIRY,13-Aug-2026,10.01,10.62,9.93,10.12,207700
FIS,13-Aug-2026,42.12,44.21,42.12,44.13,4335300
FIT-A,13-Aug-2026,22.651,22.8,22.5501,22.5501,10800
FIT-I,13-Aug-2026,25.55,25.6599,25.54,25.565,28600
FIT-K,13-Aug-2026,17.9,18.07,17.9,18,56800
FIT-M,13-Aug-2026,25.86,25.905,25.57,25.75,32400
FITB,13-Aug-2026,58.28,58.49,57.845,57.94,4237600
FIX,13-Aug-2026,1743.21,1759.161,1710.02,1727.64,309400
FIXT,13-Aug-2026,37.35,37.4,37.35,37.375,2200
FLC,13-Aug-2026,16.8,16.86,16.7489,16.81,16200
FLG,13-Aug-2026,14.3,14.39,14.23,14.27,2805300
FLG-A,13-Aug-2026,23.85,23.9337,23.74,23.8315,14200
FLG-U,13-Aug-2026,40.86,41.8,40.86,41.1,9700
FLGpA,13-Aug-2026,23.85,23.9337,23.74,23.8315,12238
FLGpU,13-Aug-2026,40.86,41.8,40.86,41.1,8824
FLNG,13-Aug-2026,29.5,30.345,29.4503,30.31,441600
FLO,13-Aug-2026,7.25,7.58,7.24,7.53,4866600
FLOC,13-Aug-2026,23.19,23.89,22.75,22.76,641200
FLR,13-Aug-2026,52.14,52.57,51.09,52.33,1892900
FLS,13-Aug-2026,80.76,81.4,79.4484,81.15,1301200
FLUT,13-Aug-2026,98.08,99.0999,96.31,98.32,3157000
FLXR,13-Aug-2026,39,39.04,38.98,38.98,581900
FMC,13-Aug-2026,10.2,10.2,9.95,10.16,3546600
FMN,13-Aug-2026,11.19,11.22,11.14,11.19,21500
FMS,13-Aug-2026,23.82,23.94,23.6,23.63,508800
FMX,13-Aug-2026,118.25,118.36,116.27,116.51,464500
FMY,13-Aug-2026,11.65,11.765,11.6051,11.68,1800
FN,13-Aug-2026,564.21,590.76,564.21,566.49,692900
FNB,13-Aug-2026,19.41,19.48,19.305,19.33,3238100
FND,13-Aug-2026,59.95,61,58.63,58.9,1478300
FNF,13-Aug-2026,48.16,48.98,47.92,48.97,2305800
FNV,13-Aug-2026,233,233.88,228.76,231.57,899200
FOA,13-Aug-2026,22.26,22.8916,21.8756,22.31,39400
FOF,13-Aug-2026,13.73,13.82,13.6901,13.79,32100
FOIL,13-Aug-2026,25.32,25.9999,24.46,24.46,57300
FOR,13-Aug-2026,29.52,29.52,29.11,29.5,100100
FOU-A,13-Aug-2026,59.59,61.84,58.85,61.5,46600
FOUR,13-Aug-2026,44.21,48.38,43.96,48,2169800
FOURpA,13-Aug-2026,59.59,61.84,58.85,61.5,20156
FpB,13-Aug-2026,20.42,20.55,20.28,20.35,101224
FpC,13-Aug-2026,19.81,19.8316,19.61,19.74,30111
FpD,13-Aug-2026,20.94,21.0439,20.8401,20.89,34695
FPF,13-Aug-2026,17.84,17.9799,17.795,17.83,132800
FPH,13-Aug-2026,5.18,5.238,5.14,5.18,229000
FPI,13-Aug-2026,9.83,9.9,9.74,9.75,290600
FPS,13-Aug-2026,38,38.5148,37.22,37.56,5415100
FR,13-Aug-2026,62.72,64.06,62.72,63.33,543600
FRA,13-Aug-2026,11.09,11.09,10.99,11.06,172800
FRO,13-Aug-2026,39.8,41.2,39.8,40.52,2319700
FRT,13-Aug-2026,118.03,119.28,117.94,118.89,944300
FRT-C,13-Aug-2026,19.07,19.172,19.07,19.07,6700
FRTpC,13-Aug-2026,19.07,19.172,19.07,19.07,5092
FSCO,13-Aug-2026,5.12,5.17,5.05,5.09,1094500
FSK,13-Aug-2026,12.24,12.71,12.215,12.64,2033100
FSM,13-Aug-2026,10.64,10.75,10.43,10.49,4734000
FSS,13-Aug-2026,127.22,128.43,122.44,123.06,518300
FSSL,13-Aug-2026,11.56,11.65,11.41,11.57,327900
FT,13-Aug-2026,7.88,7.891,7.87,7.87,64000
FTHY,13-Aug-2026,13.46,13.54,13.46,13.5,72200
FTI,13-Aug-2026,74.65,76.81,73.9946,76.67,2690900
FTK,13-Aug-2026,37.01,38.2728,34.1,34.41,714800
FTR.U,13-Aug-2026,10.09,10.09,10.09,10.09,1700
FTS,13-Aug-2026,56.4,56.69,56.21,56.33,632500
FTV,13-Aug-2026,61.89,61.925,60.88,61.81,1967700
FTW,13-Aug-2026,11.39,11.4,11.16,11.21,143300
FTW.W,13-Aug-2026,1.5,1.5,1.46,1.46,9000
FTWO,13-Aug-2026,46.26,46.26,45.9,45.9256,5500
FUBO,13-Aug-2026,9.81,10.19,9.54,9.8,2660300
FUL,13-Aug-2026,60.7,61.23,59.71,60.15,532800
FUN,13-Aug-2026,16.9,17.32,16.65,16.68,1437700
FVR,13-Aug-2026,20.11,20.18,19.685,19.91,84300
FVRR,13-Aug-2026,8.72,9.13,8.64,9.02,735100
FXED,13-Aug-2026,17.32,17.55,17.32,17.55,7700
G,13-Aug-2026,34.29,34.57,33.555,34.37,2341800
GAB,13-Aug-2026,5.84,5.86,5.79,5.82,694600
GAB-G,13-Aug-2026,19.45,19.4649,19.4,19.4,3500
GAB-H,13-Aug-2026,19.38,19.79,19.28,19.28,9600
GAB-K,13-Aug-2026,19.44,19.5199,19.25,19.41,15800
GABpG,13-Aug-2026,19.45,19.4649,19.4,19.4,2429
GABpH,13-Aug-2026,19.3761,19.79,19.3196,19.33,6037
GABpK,13-Aug-2026,19.44,19.5199,19.25,19.41,11810
GAM,13-Aug-2026,67.47,68.0274,67.44,67.78,12200
GAM-B,13-Aug-2026,24.73,24.85,24.73,24.8,32000
GAMpB,13-Aug-2026,24.73,24.85,24.73,24.84,31191
GAP,13-Aug-2026,20.38,20.48,19.98,20.39,4619100
GATX,13-Aug-2026,180.88,180.88,178.47,179.25,162700
GBAB,13-Aug-2026,14.09,14.25,14.0492,14.19,99400
GBCI,13-Aug-2026,49.6,49.98,49.535,49.77,614400
GBTG,13-Aug-2026,9.45,9.465,9.44,9.46,1505800
GBX,13-Aug-2026,45.72,46.44,45.4,46,349600
GCO,13-Aug-2026,35.67,36.16,34.84,35.5,361600
GCPB,13-Aug-2026,50.04,50.15,50.04,50.1278,2200
GCT.W,13-Aug-2026,0.4,0.4275,0.3701,0.3871,27700
GCTS,13-Aug-2026,2.17,2.245,2.04,2.14,1918800
GCTS.WS,13-Aug-2026,0.44,0.44,0.3701,0.3871,26891
GCV,13-Aug-2026,4.74,4.75,4.7026,4.73,65800
GD,13-Aug-2026,396,396.71,390.23,392.96,660600
GDDY,13-Aug-2026,92.25,100.815,91.27,100.5,3030500
GDIV,13-Aug-2026,19.18,19.18,19.11,19.1126,6100
GDL,13-Aug-2026,8.42,8.45,8.4,8.415,22900
GDO,13-Aug-2026,10.32,10.3283,10.28,10.3,85500
GDOT,13-Aug-2026,13.56,13.59,13.42,13.51,471500
GDV,13-Aug-2026,30.98,31,30.7599,30.89,87500
GDV-H,13-Aug-2026,21.18,21.1999,21.05,21.12,8300
GDV-K,13-Aug-2026,16.83,16.89,16.7469,16.83,13600
GDVpH,13-Aug-2026,21.18,21.1999,21.05,21.12,7326
GDVpK,13-Aug-2026,16.835,16.89,16.7469,16.83,13022
GE,13-Aug-2026,367,367.08,359.55,360.64,2738400
GEF,13-Aug-2026,89.07,89.72,88.42,88.56,172700
GEF.B,13-Aug-2026,111.76,113.055,111.34,111.34,169300
GEL,13-Aug-2026,15.87,15.94,15.6445,15.71,225000
GENI,13-Aug-2026,7.58,7.94,7.55,7.91,5567500
GEO,13-Aug-2026,31.55,31.68,30.32,30.37,2160400
GETY,13-Aug-2026,0.3279,0.33,0.3049,0.3165,3736300
GEV,13-Aug-2026,1043.5,1065.38,1021.02,1049.42,1709000
GF,13-Aug-2026,11.7,11.71,11.36,11.6,21300
GFF,13-Aug-2026,106,107.29,103.85,105.97,357400
GFI,13-Aug-2026,39.65,39.875,39.21,39.53,3105900
GFL,13-Aug-2026,40.99,41.78,40.99,41.65,1871400
GFR,13-Aug-2026,7.06,7.14,6.8,6.81,622000
GGB,13-Aug-2026,4.85,4.88,4.785,4.8,6559400
GGG,13-Aug-2026,82.73,82.88,80.68,82.26,1612400
GGT,13-Aug-2026,4.22,4.23,4.18,4.19,381300
GGT-E,13-Aug-2026,20.02,20.0885,20,20.0087,1900
GGT-G,13-Aug-2026,20.12,20.2,20.03,20.03,3600
GGTpE,13-Aug-2026,20.02,20.0885,20,20.0087,1973
GGTpG,13-Aug-2026,20.12,20.2,20.03,20.03,3100
GGZ,13-Aug-2026,16.75,16.95,16.7,16.765,10500
GHC,13-Aug-2026,1197.86,1206.316,1168.54,1174.23,27300
GHG,13-Aug-2026,1.09,1.11,1.09,1.1,6300
GHI,13-Aug-2026,6,6.19,6,6.13,70800
GHM,13-Aug-2026,113.33,113.33,109.655,111.08,254300
GHY,13-Aug-2026,11.73,11.73,11.66,11.71,174100
GIB,13-Aug-2026,74.11,74.76,72.95,74.76,429900
GIC,13-Aug-2026,39.1,39.3,38.5602,39.07,103500
GIL,13-Aug-2026,57.66,57.885,55.86,57.03,1012200
GIS,13-Aug-2026,38.34,39.11,38.34,38.91,8153200
GJS,13-Aug-2026,23.65,23.65,23.24,23.3917,1600
GJT,13-Aug-2026,23.47,23.47,23.47,23.47,2200
GKOS,13-Aug-2026,187,189.69,185.82,189.45,762100
GL,13-Aug-2026,179.33,182.26,178.8,180.67,689800
GL-D,13-Aug-2026,15.35,15.35,15.25,15.27,77300
GLAS,13-Aug-2026,10.15,10.59,9.8319,9.97,383000
GLE-,13-Aug-2026,0.1602,0.1602,0.1602,0.1602,4000
GLE.U,13-Aug-2026,10.13,10.13,10.1299,10.1299,3100
GLED,13-Aug-2026,9.95,9.975,9.95,9.97,18300
GLO-A,13-Aug-2026,25.52,25.6,25.52,25.55,1800
GLO-B,13-Aug-2026,26.04,26.05,26,26,2000
GLO-C,13-Aug-2026,25.6,25.6,25.6,25.6,100
GLOB,13-Aug-2026,39.03,41.65,38.2712,40.99,4016200
GLOPpA,13-Aug-2026,25.52,25.6,25.52,25.55,1410
GLOPpB,13-Aug-2026,26.04,26.05,26,26,1965
GLOPpC,13-Aug-2026,25.6,25.6,25.6,25.6,100
GLP,13-Aug-2026,50.88,51.25,49.72,49.83,72000
GLpD,13-Aug-2026,15.35,15.35,15.25,15.27,75894
GLW,13-Aug-2026,166,168.24,157.91,158.54,8579100
GM,13-Aug-2026,86.85,87.35,86.225,86.39,3541800
GME,13-Aug-2026,18.53,18.735,18.325,18.57,5369700
GME.W,13-Aug-2026,1.57,1.58,1.49,1.54,503600
GME.WS,13-Aug-2026,1.6,1.6484,1.49,1.54,445092
GMED,13-Aug-2026,85.84,86.37,84.62,85.94,1385700
GMMF,13-Aug-2026,100.27,100.28,100.27,100.28,31300
GMRS,13-Aug-2026,12.89,14.02,12.395,13.96,3269900
GNE,13-Aug-2026,14.5,14.75,14.5,14.66,60200
GNK,13-Aug-2026,25.5,26.08,25.48,25.99,386900
GNL,13-Aug-2026,8.99,9.105,8.94,9.02,2470500
GNL-A,13-Aug-2026,22.9,23.09,22.9,23.09,7700
GNL-B,13-Aug-2026,22.07,22.07,22.07,22.07,600
GNL-D,13-Aug-2026,23.72,23.8795,23.69,23.76,7200
GNL-E,13-Aug-2026,23,23.25,23,23.19,5600
GNLpA,13-Aug-2026,22.9,23.09,22.9,23.09,7123
GNLpB,13-Aug-2026,22.07,22.07,22.07,22.07,425
GNLpD,13-Aug-2026,23.72,23.8795,23.69,23.76,5317
GNLpE,13-Aug-2026,23,23.25,23,23.19,5275
GNRC,13-Aug-2026,221.71,225.34,215,216.66,1116600
GNT,13-Aug-2026,8.98,8.995,8.75,8.77,115100
GNT-A,13-Aug-2026,20.05,20.1,19.94,19.94,2900
GNTpA,13-Aug-2026,20.05,20.1,19.94,19.94,2158
GNW,13-Aug-2026,10.08,10.155,9.94,9.99,2202100
GOF,13-Aug-2026,10.71,10.73,10.67,10.69,1298400
GOLD,13-Aug-2026,44.28,44.96,43.625,43.81,358200
GOLF,13-Aug-2026,89.68,90.94,88.715,89.9,517700
GOOS,13-Aug-2026,8.75,8.82,8.63,8.7,566600
GOTU,13-Aug-2026,1.74,1.75,1.66,1.68,291100
GPC,13-Aug-2026,135.31,135.63,133.4,135.35,898300
GPGI,13-Aug-2026,13.41,13.6,12.92,12.92,994100
GPI,13-Aug-2026,267.65,268.25,259.24,263.01,154400
GPJA,13-Aug-2026,20.61,20.66,20.56,20.6,14300
GPK,13-Aug-2026,11.81,11.93,11.67,11.84,2108600
GPM-A,13-Aug-2026,17.49,17.885,17.48,17.4901,5500
GPMT,13-Aug-2026,1.25,1.2511,1.21,1.22,332000
GPMTpA,13-Aug-2026,17.49,17.885,17.48,17.4901,4552
GPN,13-Aug-2026,88.9,95.58,88.6043,94.83,3638100
GPOR,13-Aug-2026,166.97,171.4,166.9,170.04,248300
GPRK,13-Aug-2026,9.07,9.38,9.05,9.37,261600
GRB-A,13-Aug-2026,22.86,23.3,22.8,22.8,1800
GRBK,13-Aug-2026,71.04,71.405,70.17,70.67,206300
GRBKpA,13-Aug-2026,22.86,23.3,22.8,22.8,1800
GRC,13-Aug-2026,82.08,82.475,79.255,79.92,146200
GRDN,13-Aug-2026,39.08,39.51,37.7135,38.46,310900
GRMN,13-Aug-2026,312,314.08,309.15,311.93,535700
GRND,13-Aug-2026,15.93,16.03,15.35,15.75,2342500
GRNT,13-Aug-2026,5.07,5.07,4.98,5.04,694800
GROV,13-Aug-2026,1.03,1.05,1.03,1.03,22700
GRX,13-Aug-2026,9.92,9.98,9.92,9.93,15600
GS,13-Aug-2026,1040.61,1059.07,1038.47,1042.63,1421700
GS-A,13-Aug-2026,19.06,19.1877,18.95,19.11,94700
GS-C,13-Aug-2026,19.03,19.13,19.03,19.13,17200
GS-D,13-Aug-2026,18.8,18.84,18.76,18.8,67400
GSBD,13-Aug-2026,9.58,9.96,9.58,9.93,1326600
GSK,13-Aug-2026,50.56,50.63,50.18,50.45,2692500
GSL,13-Aug-2026,41.58,42.48,41.47,41.48,638400
GSL-B,13-Aug-2026,26.9,27.09,26.7101,26.74,15800
GSLpB,13-Aug-2026,26.9,27.09,26.7101,26.74,14047
GSpA,13-Aug-2026,19.06,19.1877,18.95,19.11,90624
GSpC,13-Aug-2026,19.03,19.12,19.03,19.11,16650
GSpD,13-Aug-2026,18.8,18.84,18.76,18.8,59343
GTES,13-Aug-2026,28.34,28.6399,27.53,27.67,1145500
GTN,13-Aug-2026,4.94,5.07,4.9201,5.05,875900
GTY,13-Aug-2026,33.57,33.57,33.055,33.11,368800
GUG,13-Aug-2026,15.38,15.5,15.33,15.38,107500
GUT,13-Aug-2026,6.48,6.49,6.42,6.47,156000
GUT-C,13-Aug-2026,21.09,21.0934,20.98,20.9902,3700
GUTpC,13-Aug-2026,21.09,21.0934,20.98,20.9902,3106
GVA,13-Aug-2026,126.92,126.95,123.28,123.64,586100
GWH,13-Aug-2026,0.5701,0.6184,0.5648,0.5935,659800
GWRE,13-Aug-2026,173.92,183.875,173,182.62,1332800
GWW,13-Aug-2026,1311.74,1321.66,1300.28,1321.38,208600
GXO,13-Aug-2026,48.4,48.7295,47.9201,48.36,780300
GYLD,13-Aug-2026,14.38,14.56,14.27,14.48,37800
H,13-Aug-2026,179.16,180.97,178.15,179.85,1002400
HAE,13-Aug-2026,91.63,92.25,89.91,90.38,811800
HAFN,13-Aug-2026,7.49,7.71,7.49,7.61,989600
HAL,13-Aug-2026,32.89,33.25,32.6811,32.84,7356200
HASI,13-Aug-2026,41.82,42.37,41.55,42.35,837400
HAWK,13-Aug-2026,24.2,24.6995,23.55,24.37,1135700
HAYW,13-Aug-2026,15.39,15.451,15.165,15.29,1374700
HBB,13-Aug-2026,33.58,34,33.13,33.25,75800
HBM,13-Aug-2026,27.23,27.31,26.34,26.47,6943100
HCA,13-Aug-2026,414.59,415.85,405.27,411.74,1079800
HCC,13-Aug-2026,95.94,98.02,86.9451,94.38,452300
HCI,13-Aug-2026,185.98,187.8,184.3559,186.34,132000
HCXY,13-Aug-2026,25.09,25.09,25.09,25.09,200
HD,13-Aug-2026,347,347.75,340.51,341.7,2439900
HDB,13-Aug-2026,23.13,23.29,23.08,23.1,5042200
HE,13-Aug-2026,11.96,12.1,11.8211,11.83,1728100
HEI,13-Aug-2026,375.51,376.065,364.42,371.56,506500
HEI.A,13-Aug-2026,274.78,274.78,267.5566,272.49,226800
HEQ,13-Aug-2026,11.66,11.76,11.655,11.73,26300
HESM,13-Aug-2026,40,40.3438,39.75,39.78,779700
HF,13-Aug-2026,22.8594,22.8594,22.8594,22.8594,100
HFEQ,13-Aug-2026,24.871,25.11,24.84,25.064,15900
HFGM,13-Aug-2026,31.79,31.92,31.73,31.775,16100
HFMF,13-Aug-2026,21.5601,21.65,21.5601,21.6154,2800
HFND,13-Aug-2026,24.76,24.76,24.67,24.6838,1800
HFR-A,13-Aug-2026,16.58,16.58,16.45,16.45,11700
HFR-B,13-Aug-2026,16.38,16.4197,16.34,16.365,9100
HFRO,13-Aug-2026,7.15,7.2,7.11,7.18,80100
HFROpA,13-Aug-2026,16.58,16.58,16.45,16.45,11159
HFROpB,13-Aug-2026,16.38,16.4197,16.34,16.365,8547
HG,13-Aug-2026,35.46,35.81,34.93,35.21,343900
HGER,13-Aug-2026,33.53,33.57,33.35,33.38,551000
HGLB,13-Aug-2026,7.55,7.66,7.495,7.56,123400
HGTY,13-Aug-2026,12.8,13.09,12.725,12.95,217200
HGV,13-Aug-2026,45.47,45.85,44.27,44.91,736400
HHH,13-Aug-2026,67.18,68.24,66.9773,67.71,424000
HIG,13-Aug-2026,137.94,139.07,136.62,137.81,1173900
HIG-G,13-Aug-2026,24.56,24.5901,24.5137,24.55,18400
HIGpG,13-Aug-2026,24.56,24.5901,24.5137,24.55,16029
HII,13-Aug-2026,327.02,328.665,322,325.76,367300
HIMS,13-Aug-2026,29.74,30.1,28.54,28.77,12722200
HIO,13-Aug-2026,3.56,3.59,3.55,3.55,454200
HIPO,13-Aug-2026,33.32,33.63,32.8359,32.93,139000
HIW,13-Aug-2026,31.48,31.95,31.36,31.82,899300
HIX,13-Aug-2026,3.94,3.96,3.93,3.96,315600
HKD,13-Aug-2026,1.66,1.695,1.63,1.69,69500
HL,13-Aug-2026,17.72,17.86,17.41,17.73,32885400
HL-B,13-Aug-2026,67.8,67.8,67.8,67.8,100
HLF,13-Aug-2026,11.8,12.235,11.745,12.17,1281000
HLI,13-Aug-2026,123.59,132.37,123.49,132.21,1079700
HLIO,13-Aug-2026,81.41,82.35,79.43,81.14,340500
HLLY,13-Aug-2026,3.14,3.16,2.95,2.99,1533700
HLN,13-Aug-2026,9.82,9.855,9.745,9.8,5420800
HLpB,13-Aug-2026,67.8,67.8,67.8,67.8,100
HLT,13-Aug-2026,324.95,325.96,319.74,320.82,2304600
HLX,13-Aug-2026,10.04,10.215,10.005,10.12,965800
HMC,13-Aug-2026,31.3,31.3,31.035,31.2,565900
HMN,13-Aug-2026,52.22,52.635,51.17,51.88,233900
HMY,13-Aug-2026,19.26,19.495,19.175,19.26,2690200
HNGE,13-Aug-2026,86.96,88.66,86,87.42,798100
HNI,13-Aug-2026,49.83,50.16,49.06,49.36,430900
HOG,13-Aug-2026,26.02,27.945,26.02,27.85,3612800
HOMB,13-Aug-2026,31.3,31.425,31.095,31.35,1158300
HOV,13-Aug-2026,138.04,138.81,135.06,136.37,89300
HP,13-Aug-2026,42.21,43.44,42.105,43.07,1199800
HPE,13-Aug-2026,61.2,63.44,59.68,59.82,26124000
HPE-C,13-Aug-2026,155.22,160.91,153.8,153.85,181700
HPEpC,13-Aug-2026,156,160.91,153.8,153.85,18644
HPF,13-Aug-2026,15.88,15.97,15.87,15.94,17600
HPI,13-Aug-2026,16.12,16.2005,16.0899,16.17,42800
HPP,13-Aug-2026,14.55,14.99,14.39,14.5,593700
HPP-C,13-Aug-2026,14.31,14.315,14.31,14.315,800
HPPpC,13-Aug-2026,14.31,14.315,14.31,14.315,706
HPQ,13-Aug-2026,31.32,32.19,29.49,31.3,23445400
HPS,13-Aug-2026,14.3,14.36,14.25,14.27,69600
HQH,13-Aug-2026,23.46,23.685,23.4,23.59,194500
HQL,13-Aug-2026,21.38,21.42,21.14,21.15,143900
HR,13-Aug-2026,19.27,19.455,19.2,19.21,3984000
HRB,13-Aug-2026,54.22,54.25,52.1205,53.34,3792300
HRI,13-Aug-2026,169.48,171,165.56,168.71,264300
HRL,13-Aug-2026,24.51,24.74,24.425,24.44,3084900
HRTG,13-Aug-2026,33.19,33.59,32.64,33.27,286100
HSBC,13-Aug-2026,104.29,104.41,103.41,104.05,789300
HSHP,13-Aug-2026,15.55,15.9,15.425,15.57,302600
HSY,13-Aug-2026,185.09,186.685,184.94,186.12,1076100
HTB,13-Aug-2026,49.9,50.59,49.86,50.13,144600
HTD,13-Aug-2026,25.35,25.5799,25.35,25.5,32200
HTFC,13-Aug-2026,24.93,24.935,24.92,24.92,400
HTGC,13-Aug-2026,16.73,16.98,16.69,16.93,1926400
HTH,13-Aug-2026,39.5,39.79,39.39,39.79,212600
HTT,13-Aug-2026,2.48,2.545,2.48,2.52,43500
HUBB,13-Aug-2026,511.92,511.92,502.31,507.1,302900
HUBS,13-Aug-2026,211.54,242.815,209.94,240.51,3427700
HUM,13-Aug-2026,390.27,392.5767,382.51,384.97,754100
HUN,13-Aug-2026,10.15,10.445,10.11,10.32,2262800
HUYA,13-Aug-2026,2.38,2.41,2.325,2.34,1185300
HVT,13-Aug-2026,28.57,29,28.53,28.88,112000
HWM,13-Aug-2026,282.35,283.6,276.261,282.82,2451600
HXL,13-Aug-2026,102.68,103.47,100.8975,102.31,568800
HY,13-Aug-2026,34.76,35.44,34.13,34.39,173000
HYBX,13-Aug-2026,29.55,29.6,29.52,29.56,5400
HYI,13-Aug-2026,10.52,10.55,10.5,10.52,42100
HYT,13-Aug-2026,8.44,8.44,8.41,8.41,789800
HYTR,13-Aug-2026,21.42,21.42,21.4,21.405,39100
HZO,13-Aug-2026,52.2,52.25,52,52.04,763000
IAE,13-Aug-2026,8.73,8.79,8.71,8.75,26300
IAG,13-Aug-2026,17.82,17.995,17.465,17.75,6155000
IBM,13-Aug-2026,238.92,239.71,233.61,237.14,5395100
IBN,13-Aug-2026,30.15,30.15,29.415,29.48,2786500
IBP,13-Aug-2026,245.85,247.88,244.145,246.08,217400
IBTA,13-Aug-2026,36.19,38.42,36.04,38.18,326300
ICE,13-Aug-2026,151.82,155.42,151.22,155.24,2363900
ICL,13-Aug-2026,5.38,5.43,5.365,5.39,799600
ICR-A,13-Aug-2026,23.2882,23.325,23.125,23.125,4800
ICRpA,13-Aug-2026,23.2882,23.325,23.125,23.125,3873
IDA,13-Aug-2026,142.72,143.585,140.505,141.12,883900
IDE,13-Aug-2026,13.32,13.32,13.24,13.28,20200
IDT,13-Aug-2026,65.87,67.17,65.15,67.12,138900
IEX,13-Aug-2026,241.4,241.575,237.73,239.13,491900
IFF,13-Aug-2026,84.2,84.72,83.7,84.06,1113100
IFN,13-Aug-2026,11.9,11.95,11.84,11.84,130200
IFS,13-Aug-2026,54.5,55.31,53.53,54.67,524500
IGA,13-Aug-2026,10.25,10.34,10.23,10.34,72600
IGCB,13-Aug-2026,44.95,45.025,44.95,45.025,800
IGD,13-Aug-2026,6.62,6.67,6.61,6.67,228100
IGI,13-Aug-2026,15.97,15.99,15.84,15.9272,9200
IGR,13-Aug-2026,4.68,4.72,4.68,4.72,324100
IH,13-Aug-2026,1.3174,1.3174,1.3174,1.3174,2000
IHD,13-Aug-2026,7.5,7.555,7.46,7.53,31200
IHG,13-Aug-2026,161.7,161.98,158.9161,159.5,337300
IHS,13-Aug-2026,8.34,8.35,8.3,8.31,431200
IIF,13-Aug-2026,23.35,23.58,23.18,23.22,21600
IIIN,13-Aug-2026,33.13,33.13,32.32,32.76,120400
IIM,13-Aug-2026,12.7,12.8199,12.6837,12.81,69600
IIP-A,13-Aug-2026,24.96,25.07,24.96,25.04,16600
IIPR,13-Aug-2026,58.1,58.7,57.43,57.53,243700
IIPRpA,13-Aug-2026,24.96,25.07,24.96,25.04,13862
IMAX,13-Aug-2026,51.57,53.56,51.55,53.26,1901200
INF.W,13-Aug-2026,6.39,6.84,6.06,6.29,50700
INFO,13-Aug-2026,28.5,28.88,28.5,28.5934,80500
INFQ,13-Aug-2026,11.95,13.2,11.55,12.18,19117300
INFY,13-Aug-2026,12.31,12.445,12.16,12.41,15555200
ING,13-Aug-2026,35.79,35.87,35.5,35.6,1405200
INGM,13-Aug-2026,28.13,28.7,28.13,28.33,566700
INGR,13-Aug-2026,104.55,105.725,104.45,105.1,583900
INN,13-Aug-2026,6.12,6.13,5.94,6.08,1071000
INN-E,13-Aug-2026,18.65,18.65,18.12,18.55,8500
INN-F,13-Aug-2026,17.5,17.619,17.24,17.55,4700
INNpE,13-Aug-2026,18.65,18.65,18.12,18.55,6891
INNpF,13-Aug-2026,17.5,17.619,17.24,17.55,4083
INR,13-Aug-2026,13.59,13.805,13.43,13.75,185000
INSP,13-Aug-2026,57.99,58.83,57.1,58.2,485900
INSW,13-Aug-2026,93.56,96.43,93.22,95.15,397100
INVH,13-Aug-2026,30.08,30.375,30.025,30.3,2200400
INVX,13-Aug-2026,30,31.074,29.76,30.78,863200
ION.W,13-Aug-2026,34.29,35.5,34,34,4300
IONQ,13-Aug-2026,44.9,47.945,44.73,44.98,21098700
IONQ.WS,13-Aug-2026,34.29,35.5,34,34,3450
IOT,13-Aug-2026,39.51,41.405,39.34,41.14,4066000
IP,13-Aug-2026,41.5,41.73,40.85,41.12,3838100
IPB,13-Aug-2026,25.34,25.3999,25.25,25.33,1600
IPI,13-Aug-2026,36.15,36.78,35.65,35.98,124500
IQI,13-Aug-2026,10.2,10.24,10.17,10.23,138500
IQV,13-Aug-2026,239.82,244.29,236.51,241.52,749800
IR,13-Aug-2026,85.16,85.565,83.3,84.28,2376800
IRM,13-Aug-2026,124.67,126.915,124.01,126.62,1181100
IRS,13-Aug-2026,14.77,14.89,14.52,14.76,150700
IRT,13-Aug-2026,16.88,17.195,16.845,17,2851600
ISD,13-Aug-2026,12.47,12.53,12.43,12.46,136200
IT,13-Aug-2026,180.8,184.14,172.65,183.3,1618800
ITGR,13-Aug-2026,125.4,125.44,124.995,125.06,1264900
ITT,13-Aug-2026,216.53,216.84,213.68,216.7,601900
ITUB,13-Aug-2026,7.39,7.49,7.33,7.34,24080800
ITW,13-Aug-2026,294.8,295.1,288.7,290.98,683700
IVR,13-Aug-2026,7.52,7.555,7.47,7.48,2437200
IVR-C,13-Aug-2026,24.97,25.06,24.97,25.02,4500
IVRpC,13-Aug-2026,24.97,25.06,24.97,25.02,3493
IVT,13-Aug-2026,33.44,33.63,33.31,33.56,480500
IVZ,13-Aug-2026,31.7,32.405,31.65,32.36,3746700
IX,13-Aug-2026,40.5,40.55,40.21,40.43,392600
J,13-Aug-2026,146,146.5617,142.4101,143.91,1106500
JAC-,13-Aug-2026,0.1101,0.1101,0.1031,0.1031,1500
JACS,13-Aug-2026,10.75,10.75,10.75,10.75,700
JAN,13-Aug-2026,29.48,30.04,29.2,29.93,2060200
JBGS,13-Aug-2026,11.76,11.96,11.685,11.81,870600
JBI,13-Aug-2026,4.94,5.0799,4.865,5.03,2251300
JBK,13-Aug-2026,26.2,26.33,26.2,26.33,500
JBL,13-Aug-2026,366,376.97,364.41,370.36,938300
JBND,13-Aug-2026,52.84,52.93,52.82,52.83,537900
JBS,13-Aug-2026,13.18,13.515,13.13,13.32,7235800
JBTM,13-Aug-2026,119.57,119.6,115,117.53,1543900
JCE,13-Aug-2026,17.23,17.4499,17.135,17.24,58600
JCI,13-Aug-2026,152.63,152.99,150.01,151.45,2427400
JEF,13-Aug-2026,55.28,56.13,54.5,55.86,2133200
JELD,13-Aug-2026,1.88,2.015,1.88,1.96,1277300
JFR,13-Aug-2026,7.79,7.8,7.745,7.76,751400
JGH,13-Aug-2026,12.66,12.69,12.6,12.65,91300
JHI,13-Aug-2026,13.42,13.45,13.4,13.45,6300
JHS,13-Aug-2026,10.98,10.98,10.97,10.97,4800
JHX,13-Aug-2026,30.84,31.355,30.63,30.89,4794300
JILL,13-Aug-2026,18.67,19.25,18.63,18.91,48200
JKS,13-Aug-2026,16.45,16.73,16.08,16.29,268000
JLL,13-Aug-2026,364,369.7,361.775,369.52,247800
JLS,13-Aug-2026,17.35,17.4,17.33,17.4,13200
JMIA,13-Aug-2026,6.31,6.5191,6.1,6.2,2705600
JMKE,13-Aug-2026,22.83,23.6912,22.34,22.57,1608000
JMM,13-Aug-2026,5.8,5.845,5.7803,5.827,13100
JNJ,13-Aug-2026,261.73,262.62,259.6475,262.08,4852700
JOBY,13-Aug-2026,7.85,8.32,7.85,8.26,23808600
JOE,13-Aug-2026,67.98,69.12,67.98,68.35,173100
JOF,13-Aug-2026,12.55,12.63,12.52,12.58,74600
JPC,13-Aug-2026,7.72,7.73,7.7,7.7,1269400
JPM,13-Aug-2026,366.5,366.5,361.52,363.11,5102600
JPM-C,13-Aug-2026,24.95,25.0499,24.95,24.99,262200
JPM-D,13-Aug-2026,23.64,23.705,23.5,23.6,149900
JPM-J,13-Aug-2026,18.79,18.86,18.72,18.795,63400
JPM-K,13-Aug-2026,17.84,17.91,17.784,17.85,118300
JPM-L,13-Aug-2026,18.13,18.24,18.12,18.21,180400
JPM-M,13-Aug-2026,16.65,16.74,16.65,16.73,283700
JPMpC,13-Aug-2026,24.95,25.0499,24.95,24.98,249064
JPMpD,13-Aug-2026,23.64,23.705,23.5,23.57,134514
JPMpJ,13-Aug-2026,18.79,18.86,18.72,18.795,56340
JPMpK,13-Aug-2026,17.84,17.91,17.784,17.86,107163
JPMpL,13-Aug-2026,18.13,18.24,18.12,18.21,166726
JPMpM,13-Aug-2026,16.65,16.74,16.65,16.71,270586
JQC,13-Aug-2026,4.83,4.87,4.825,4.84,961600
JRI,13-Aug-2026,12.7,12.76,12.67,12.68,167800
JRS,13-Aug-2026,8.43,8.59,8.43,8.57,33700
JXN,13-Aug-2026,131.58,134.79,130.71,134.38,499300
JXN-A,13-Aug-2026,25.74,25.74,25.59,25.6601,11800
JXNpA,13-Aug-2026,25.74,25.74,25.59,25.6601,8551
KAI,13-Aug-2026,336,339.34,328.14,331.03,82400
KB,13-Aug-2026,118.87,119.375,117.94,118.85,142600
KBDC,13-Aug-2026,13.7,13.85,13.52,13.76,536100
KBH,13-Aug-2026,56.61,56.9,55.79,56.33,667500
KBR,13-Aug-2026,38.05,38.5,37.32,38.16,880100
KCA.W,13-Aug-2026,1.24,1.24,1.24,1.24,100
KD,13-Aug-2026,13.22,14.065,13.065,13.94,4822600
KEN,13-Aug-2026,67.06,68.2,67.06,67.74,16800
KEP,13-Aug-2026,11.52,11.655,11.33,11.51,1554100
KEX,13-Aug-2026,135.87,138.01,135.55,137.55,559700
KEY,13-Aug-2026,23.01,23.135,22.86,22.99,7091200
KEY-I,13-Aug-2026,25.21,25.3073,25.18,25.22,16500
KEY-J,13-Aug-2026,21.09,21.09,20.96,21.03,29600
KEY-K,13-Aug-2026,20.92,21.05,20.89,20.89,24200
KEY-L,13-Aug-2026,25.17,25.2671,25.17,25.22,23700
KEYpI,13-Aug-2026,25.21,25.3073,25.18,25.22,12327
KEYpJ,13-Aug-2026,21.09,21.09,20.96,21.02,15853
KEYpK,13-Aug-2026,20.92,21.05,20.89,20.9,18929
KEYpL,13-Aug-2026,25.17,25.2671,25.17,25.26,19392
KEYS,13-Aug-2026,352.5,357.68,351.0201,353.85,844900
KF,13-Aug-2026,63.29,64.84,62.935,63.85,37200
KFRC,13-Aug-2026,58.13,60.65,57.79,60.45,349800
KFY,13-Aug-2026,84.13,84.87,82.895,84.83,259400
KGC,13-Aug-2026,27.17,27.295,26.54,26.85,8420600
KGS,13-Aug-2026,62.19,63.66,61.7,62.39,1038600
KIM,13-Aug-2026,24.31,24.4,24.195,24.39,2902300
KIM-L,13-Aug-2026,19.37,19.54,19.37,19.45,1900
KIM-M,13-Aug-2026,19.86,19.94,19.85,19.91,17700
KIM-N,13-Aug-2026,61.5,61.5,61.5,61.5,300
KIMpL,13-Aug-2026,19.37,19.54,19.37,19.45,965
KIMpM,13-Aug-2026,19.86,19.94,19.85,19.91,15187
KIMpN,13-Aug-2026,61.5,61.5,61.5,61.5,300
KIO,13-Aug-2026,11.22,11.2791,11.2,11.21,366100
KKR,13-Aug-2026,111.65,116.57,111.36,115.3,7227500
KKR-D,13-Aug-2026,48.73,49.98,48.32,49.98,329500
KKRpD,13-Aug-2026,48.7257,49.93,48.32,49.76,62121
KKRS,13-Aug-2026,16.21,16.28,16.21,16.25,10700
KKRT,13-Aug-2026,23.05,23.11,22.9,23.05,56300
KLAR,13-Aug-2026,19.24,20.88,19.115,20.68,3888400
KLC,13-Aug-2026,4.82,4.91,4.65,4.83,605100
KMI,13-Aug-2026,31.64,32.39,31.575,32.08,16354300
KMPR,13-Aug-2026,26.87,27.055,26.28,26.91,815200
KMT,13-Aug-2026,31.03,31.05,30.35,30.38,1882100
KMX,13-Aug-2026,59,60.27,58.355,60.05,1932200
KN,13-Aug-2026,38.93,39.24,37.65,37.8,540300
KNF,13-Aug-2026,68.11,68.31,65.87,65.92,432100
KNOP,13-Aug-2026,10.54,10.84,10.4876,10.6,42700
KNSL,13-Aug-2026,376.9,380.94,371.7,376.97,180500
KNTK,13-Aug-2026,50.56,51.91,50.42,51.66,1027400
KNX,13-Aug-2026,72.27,73.63,72.07,73.3,2630300
KO,13-Aug-2026,87.14,87.75,86.91,87.42,10140600
KODK,13-Aug-2026,10.25,10.275,9.94,9.99,689800
KOF,13-Aug-2026,110.62,110.78,108.8,108.84,122300
KOP,13-Aug-2026,45.36,46.72,44.91,46.22,259200
KOS,13-Aug-2026,2.45,2.54,2.4,2.53,7487300
KR,13-Aug-2026,56.52,57.55,56.425,57.23,5221900
KRC,13-Aug-2026,36.32,37.15,36.32,37,1242800
KRE-A,13-Aug-2026,18.3,18.49,18.275,18.445,6500
KREF,13-Aug-2026,7.74,7.815,7.66,7.8,1049600
KREFpA,13-Aug-2026,18.3,18.49,18.275,18.445,6071
KRG,13-Aug-2026,26.47,26.8,26.345,26.48,1943600
KRMN,13-Aug-2026,61.11,62.65,59.1562,60.5,1733600
KRO,13-Aug-2026,7.95,8.66,7.752,8.65,566700
KRP,13-Aug-2026,15.16,15.1863,14.96,15.11,1391300
KRS.U,13-Aug-2026,10.61,10.7,10.61,10.61,4100
KRS.W,13-Aug-2026,1,1,0.9,0.9,400
KRSP,13-Aug-2026,10.46,10.52,10.46,10.46,8400
KRSP.U,13-Aug-2026,10.615,10.7,10.61,10.61,3026
KSS,13-Aug-2026,19.24,19.645,18.63,19.62,3413300
KT,13-Aug-2026,18.55,19.12,18.49,18.96,2115400
KTB,13-Aug-2026,82.9,84.665,81.585,84.04,1304800
KTF,13-Aug-2026,9.01,9.02,8.97,8.98,170400
KTH,13-Aug-2026,29,29,28.7402,28.7402,700
KTN,13-Aug-2026,25.44,25.44,25.44,25.44,500
KVUE,13-Aug-2026,19.02,19.285,19.02,19.2,17042500
KVYO,13-Aug-2026,17.35,19.56,17,19.22,9745700
KWR,13-Aug-2026,170.12,172.43,169.5425,171.43,171400
KWY,13-Aug-2026,10.06,10.29,9.71,9.88,154500
KYN,13-Aug-2026,14.74,15.03,14.64,14.7,309600
L,13-Aug-2026,113.85,113.87,112.5,112.72,520100
LAC,13-Aug-2026,3.36,3.49,3.31,3.43,12149100
LAD,13-Aug-2026,380.9,382.2,375.405,378.66,204500
LADR,13-Aug-2026,9.93,10.08,9.88,10.04,1132200
LANV,13-Aug-2026,1.18,1.22,1.1,1.11,34000
LAR,13-Aug-2026,6.79,7.03,6.67,6.75,2412100
LAW,13-Aug-2026,4.37,4.61,4.3,4.58,208700
LAZ,13-Aug-2026,43.69,45.62,43.505,45.49,1264300
LB,13-Aug-2026,75.5,76.4499,74,75.28,339200
LBRT,13-Aug-2026,21.4,21.945,21.08,21.12,3146500
LCII,13-Aug-2026,108.38,108.66,106.255,107.14,121100
LCLN,13-Aug-2026,24.92,25.7825,24.79,25.63,322700
LDI,13-Aug-2026,0.89,0.9536,0.8779,0.9455,2436200
LDOS,13-Aug-2026,140.25,143.185,139.71,142.61,1660300
LDP,13-Aug-2026,20.67,20.74,20.6007,20.67,69700
LEA,13-Aug-2026,121.96,122.82,120.55,122.64,469300
LEG,13-Aug-2026,9.51,9.77,9.41,9.7,1709100
LEN,13-Aug-2026,86.76,88.41,85.76,87.54,1729300
LEN.B,13-Aug-2026,84.06,86.76,84.06,85.82,74100
LEO,13-Aug-2026,6.22,6.26,6.215,6.24,279400
LEU,13-Aug-2026,184.98,193.43,183.23,191.82,808900
LEVI,13-Aug-2026,22.69,22.775,22.17,22.42,2125600
LFT,13-Aug-2026,0.71,0.7136,0.68,0.695,201100
LFT-A,13-Aug-2026,17,17.38,16.88,16.88,3700
LFTpA,13-Aug-2026,17,17.38,16.88,16.88,3140
LGI,13-Aug-2026,18.63,18.71,18.555,18.6,22700
LH,13-Aug-2026,325,325.58,321.275,322.59,352500
LHX,13-Aug-2026,291.07,291.795,286.29,288.46,1101900
LII,13-Aug-2026,425.68,427.01,416.01,418.31,595600
LION,13-Aug-2026,11.82,12.215,11.69,11.72,3357200
LITB,13-Aug-2026,3.11,3.1391,3,3,2600
LLY,13-Aug-2026,1238.3,1240.1,1206,1209,1927200
LMND,13-Aug-2026,52.41,53.58,51.64,52.98,944500
LMT,13-Aug-2026,609.78,609.78,596.48,598.01,798400
LNC,13-Aug-2026,44.5,45.31,44.3,45.28,1805900
LNC-D,13-Aug-2026,26.48,26.67,26.48,26.54,21100
LNCpD,13-Aug-2026,26.6,26.67,26.48,26.55,17900
LND,13-Aug-2026,3.57,3.6,3.49,3.58,85700
LNG,13-Aug-2026,266.05,270.1799,265,266.48,1144600
LNN,13-Aug-2026,116.13,116.13,113.51,114.59,95500
LOAR,13-Aug-2026,73.85,74.66,71.855,73.99,663100
LOB,13-Aug-2026,43.2,43.3999,42.82,43.34,198400
LOB-A,13-Aug-2026,24.9,25.025,24.9,24.98,48700
LOBpA,13-Aug-2026,24.9,25.025,24.9,24.92,44472
LOCL,13-Aug-2026,1.14,1.17,1.06,1.14,12900
LOMA,13-Aug-2026,9.74,9.8195,9.42,9.5,619100
LOW,13-Aug-2026,218.29,218.66,215.36,218.22,2755000
LPG,13-Aug-2026,44.5,46.64,44.41,45.63,543700
LPL,13-Aug-2026,3.4,3.43,3.355,3.37,2494200
LPX,13-Aug-2026,74.44,75.24,73.275,74.14,1065600
LRN,13-Aug-2026,78.8,83.75,78.8,83.67,1023300
LSPD,13-Aug-2026,10.54,10.98,10.475,10.96,680700
LTC,13-Aug-2026,39.09,39.35,38.875,38.97,368900
LTH,13-Aug-2026,44.48,44.74,43.83,44.31,2437600
LTM,13-Aug-2026,53.03,53.1314,52.31,52.42,528200
LU,13-Aug-2026,1.53,1.585,1.51,1.51,510900
LUCK,13-Aug-2026,6.83,6.95,6.785,6.82,31800
LUMN,13-Aug-2026,6.28,6.5,6.18,6.4,12774700
LUV,13-Aug-2026,45.84,45.9,44.85,44.87,3406900
LUXE,13-Aug-2026,7.92,8.05,7.565,7.58,128000
LVS,13-Aug-2026,45.7,45.919,45.3292,45.77,2815600
LVW.W,13-Aug-2026,0.0338,0.0339,0.033,0.0339,2300
LVWR,13-Aug-2026,1.12,1.38,1.11,1.25,1558200
LVWR.WS,13-Aug-2026,0.0338,0.0339,0.033,0.0339,2268
LW,13-Aug-2026,53.5,54.37,53.08,53.78,1231900
LXFR,13-Aug-2026,17.1,17.1,17.08,17.08,112500
LXP,13-Aug-2026,60.72,60.77,60.56,60.75,918200
LXP-C,13-Aug-2026,49,49.01,49,49.01,300
LXPpC,13-Aug-2026,49,49.01,49,49.01,200
LXU,13-Aug-2026,9.74,9.94,9.74,9.87,641100
LYB,13-Aug-2026,62.23,62.8,61.9,62.4,5142500
LYG,13-Aug-2026,6.22,6.245,6.1709,6.2,8074600
LYV,13-Aug-2026,186.22,188.1,185.37,186.06,3001400
LZB,13-Aug-2026,41.54,42.125,41.06,41.72,351600
LZM,13-Aug-2026,3.86,3.95,3.775,3.79,326000
LZM.W,13-Aug-2026,0.35,0.35,0.35,0.35,1400
LZM.WS,13-Aug-2026,0.35,0.35,0.35,0.35,1486
M,13-Aug-2026,24.04,24.05,23.15,23.84,5632500
MA,13-Aug-2026,565.61,568.275,557.7,567.04,1982800
MAA,13-Aug-2026,132.92,135.73,132.92,134.2,1018400
MAA-I,13-Aug-2026,52.03,53.74,52.03,53.7275,2500
MAApI,13-Aug-2026,52.03,53.74,52.03,53.7275,1726
MAC,13-Aug-2026,24.8,24.985,24.63,24.65,3056600
MAGN,13-Aug-2026,12.55,12.57,12.09,12.17,389600
MAIN,13-Aug-2026,58.63,59.6065,58.63,59.23,572500
MAIR,13-Aug-2026,32,32.17,31.395,31.64,1104900
MAN,13-Aug-2026,56.67,59.1,56.61,59.09,971100
MANE,13-Aug-2026,108.75,111.98,107.37,111,571700
MANU,13-Aug-2026,22.87,23.4003,22.755,23.32,461500
MAS,13-Aug-2026,75.76,76.51,74.49,74.58,2047200
MATV,13-Aug-2026,12.53,12.575,11.79,12.09,666200
MATX,13-Aug-2026,217,218.47,213.4,213.76,288500
MAX,13-Aug-2026,13,13.31,12.84,13.27,395700
MBC,13-Aug-2026,9.35,9.54,9.19,9.29,1068600
MBGL,13-Aug-2026,19.75,20,19.545,19.83,3758900
MBI,13-Aug-2026,4.99,5.21,4.97,5.14,373100
MC,13-Aug-2026,66.34,70.51,65.93,70.38,939500
MCB,13-Aug-2026,95.29,95.95,93.67,94.4,104800
MCD,13-Aug-2026,277.38,278.37,272.15,272.25,4023300
MCI,13-Aug-2026,16.68,16.82,16.63,16.73,12500
MCK,13-Aug-2026,873.09,875.46,856.69,856.69,992400
MCN,13-Aug-2026,5.65,5.685,5.65,5.67,92900
MCO,13-Aug-2026,479.04,489.7,475.31,488.42,580600
MCS,13-Aug-2026,29.7,30.41,29.575,30.14,211700
MCY,13-Aug-2026,106.74,106.77,104.7,104.92,185000
MD,13-Aug-2026,26.7,26.97,26.04,26.37,719400
MDA,13-Aug-2026,35.9,36.8,34.76,34.81,857000
MDST,13-Aug-2026,29.17,29.6741,29.17,29.3626,60200
MDT,13-Aug-2026,91.44,91.61,90.4125,90.58,6475800
MDU,13-Aug-2026,20.59,20.71,20.27,20.29,1007800
MEC,13-Aug-2026,23.73,23.78,23.15,23.4,377200
MED,13-Aug-2026,11.56,11.8,11.46,11.48,89800
MEGI,13-Aug-2026,15.11,15.18,15.0654,15.17,77900
MEI,13-Aug-2026,16.88,17.48,16.658,16.72,436200
MER-K,13-Aug-2026,25.13,25.2099,25.13,25.1877,28900
MERpK,13-Aug-2026,25.13,25.2099,25.13,25.1877,25065
MET,13-Aug-2026,97.02,97.71,96.635,97.47,2018200
MET-A,13-Aug-2026,20.95,20.95,20.8,20.855,98300
MET-E,13-Aug-2026,21.7,21.77,21.65,21.74,41800
MET-F,13-Aug-2026,17.82,17.96,17.82,17.93,116600
METpA,13-Aug-2026,20.95,20.95,20.8,20.855,91347
METpE,13-Aug-2026,21.7,21.77,21.65,21.73,33508
METpF,13-Aug-2026,17.82,17.96,17.82,17.93,105628
MFA,13-Aug-2026,9.22,9.29,9.18,9.21,1180500
MFA-B,13-Aug-2026,20.18,20.38,20.15,20.15,8800
MFA-C,13-Aug-2026,23.45,23.51,23.39,23.45,42200
MFAN,13-Aug-2026,25.02,25.06,25.02,25.0501,3000
MFAO,13-Aug-2026,25.095,25.14,25.095,25.125,6000
MFApB,13-Aug-2026,20.18,20.38,20.18,20.19,7196
MFApC,13-Aug-2026,23.45,23.51,23.39,23.45,40556
MFC,13-Aug-2026,44,44.3098,43.625,43.92,4499100
MFG,13-Aug-2026,11,11.06,10.95,10.99,3198200
MFM,13-Aug-2026,5.44,5.47,5.42,5.42,471400
MFSB,13-Aug-2026,24.69,24.738,24.69,24.71,111400
MFSG,13-Aug-2026,30.76,30.92,30.76,30.8336,30100
MFSI,13-Aug-2026,33.83,33.89,33.75,33.81,239000
MFSM,13-Aug-2026,24.88,24.9,24.88,24.895,37100
MFSV,13-Aug-2026,30.1,30.15,29.955,30.03,88200
MG,13-Aug-2026,17.49,18.435,17.325,18.34,268300
MGA,13-Aug-2026,69.85,70.32,68.9,69.97,821500
MGF,13-Aug-2026,2.84,2.85,2.825,2.85,38000
MGM,13-Aug-2026,44.03,44.42,43.86,44.07,1584400
MGR,13-Aug-2026,20.14,20.215,19.9901,20.07,10400
MGRB,13-Aug-2026,16.41,16.5099,16.41,16.46,5000
MGRD,13-Aug-2026,14.89,14.93,14.89,14.93,2900
MGRE,13-Aug-2026,22.86,22.8999,22.7,22.74,23600
MGY,13-Aug-2026,26.04,26.19,25.565,25.86,2844100
MH,13-Aug-2026,12.45,13.57,12.2279,13.57,1852400
MHD,13-Aug-2026,11.65,11.72,11.6211,11.7,307600
MHF,13-Aug-2026,6.91,6.92,6.83,6.9,57400
MHK,13-Aug-2026,138.99,140.3,137.32,139.12,1078700
MHLA,13-Aug-2026,10.82,10.95,10.82,10.85,1300
MHNC,13-Aug-2026,12.32,12.32,12.165,12.22,900
MHO,13-Aug-2026,154.86,156.45,152.56,154.26,161400
MIAX,13-Aug-2026,42.88,44.48,42.88,43.9,786900
MICC,13-Aug-2026,19.79,20.105,19.77,20.09,615300
MIN,13-Aug-2026,2.47,2.47,2.459,2.46,94600
MIR,13-Aug-2026,15.31,15.65,15.135,15.6,3123600
MIT-A,13-Aug-2026,22.01,22.01,21.81,21.895,3100
MIT-B,13-Aug-2026,20.67,20.67,20.4,20.56,2300
MIT-C,13-Aug-2026,25.37,25.44,25.3473,25.3473,6300
MITN,13-Aug-2026,25.19,25.3151,25.19,25.3151,2800
MITP,13-Aug-2026,25.14,25.18,25.135,25.16,3200
MITT,13-Aug-2026,6.79,6.805,6.685,6.72,298200
MITTpA,13-Aug-2026,22.01,22.01,21.81,21.895,3016
MITTpB,13-Aug-2026,20.67,20.67,20.4,20.5,1596
MITTpC,13-Aug-2026,25.37,25.44,25.3473,25.3473,5913
MIY,13-Aug-2026,12.5,12.55,12.4532,12.49,29800
MKC,13-Aug-2026,53.24,54.75,53.24,54.45,2036700
MKC.V,13-Aug-2026,52.42,54.71,52.42,54.01,5200
MKL,13-Aug-2026,1850.48,1868.46,1827.12,1836.98,46800
MLI,13-Aug-2026,68.06,68.25,66.58,66.62,843700
MLM,13-Aug-2026,547.01,551.65,541.425,544.76,397700
MLP,13-Aug-2026,16.05,16.53,15.59,15.59,30300
MLR,13-Aug-2026,56.77,57.755,55.43,56.36,116300
MMD,13-Aug-2026,14.94,15.09,14.94,15.08,93800
MMI,13-Aug-2026,31.47,31.83,31.065,31.77,135500
MMID,13-Aug-2026,27.92,28.0107,27.92,28.0107,100
MMK,13-Aug-2026,100.1306,100.14,100.1306,100.14,300
MMKT,13-Aug-2026,100.24,100.25,100.24,100.245,6200
MMM,13-Aug-2026,184.18,184.69,180.49,182.65,2853000
MMS,13-Aug-2026,54.6,56.1,54.5,56.06,665800
MMT,13-Aug-2026,4.47,4.47,4.45,4.47,189000
MMU,13-Aug-2026,10.13,10.23,10.12,10.22,144600
MNR,13-Aug-2026,13.03,13.18,12.96,12.98,520200
MNSO,13-Aug-2026,11.8,11.94,11.72,11.81,647200
MNTN,13-Aug-2026,11.93,12.6426,11.9001,12.28,1656700
MO,13-Aug-2026,65,66.03,64.72,65.08,10796200
MOD,13-Aug-2026,200.35,206.38,196.77,203.51,1049900
MOG.A,13-Aug-2026,433.79,433.79,424.55,427.16,192400
MOGU,13-Aug-2026,1.92,1.9935,1.87,1.9935,3800
MOH,13-Aug-2026,207.59,209.1,203.95,205.71,675100
MOS,13-Aug-2026,22.6,23.03,21.41,21.78,7908100
MOV,13-Aug-2026,37.08,37.08,35.77,35.83,124000
MP,13-Aug-2026,53.68,56.02,53.25,55.66,6325000
MPA,13-Aug-2026,11.18,11.2277,11.15,11.18,23800
MPC,13-Aug-2026,345.4,357.195,344,356.37,2232900
MPLX,13-Aug-2026,59.75,60.08,58.82,58.82,1447300
MPT,13-Aug-2026,4.03,4.23,4.03,4.2,10050600
MPV,13-Aug-2026,16.25,16.3436,16.15,16.16,26100
MQY,13-Aug-2026,11.32,11.365,11.295,11.36,637100
MRK,13-Aug-2026,133.86,135.68,133.055,135.55,8895200
MRP,13-Aug-2026,29.93,30.305,29.925,30.24,848800
MRSH,13-Aug-2026,189.89,191.27,187.03,188.69,1516900
MS,13-Aug-2026,219.3,222,217.88,218.38,3611200
MS-A,13-Aug-2026,19.2,19.2516,19.0349,19.16,147900
MS-E,13-Aug-2026,25.48,25.5299,25.47,25.51,45400
MS-F,13-Aug-2026,25.24,25.28,25.23,25.24,56800
MS-I,13-Aug-2026,24.58,24.68,24.57,24.62,61200
MS-K,13-Aug-2026,22.75,22.85,22.68,22.72,103000
MS-L,13-Aug-2026,18.94,18.99,18.9,18.99,31300
MS-O,13-Aug-2026,16.44,16.5,16.4,16.47,246500
MS-P,13-Aug-2026,25,25.07,24.98,25.04,39300
MS-Q,13-Aug-2026,25.33,25.3496,25.2265,25.33,19100
MSA,13-Aug-2026,192.84,194.06,188.635,189.77,320900
MSB,13-Aug-2026,23.03,23.42,22.7701,23.28,36300
MSC,13-Aug-2026,1.69,1.73,1.65,1.7278,11300
MSCI,13-Aug-2026,562.05,579.36,555.11,575.24,689800
MSD,13-Aug-2026,7.33,7.3399,7.3,7.32,43500
MSDL,13-Aug-2026,15.33,15.68,15.33,15.57,626200
MSGE,13-Aug-2026,87.7,90.41,83.54,84.29,632700
MSGS,13-Aug-2026,418,438.93,409.515,412.98,516000
MSI,13-Aug-2026,469.81,471,460.595,465.04,638200
MSIF,13-Aug-2026,12.46,12.605,12.29,12.43,221700
MSM,13-Aug-2026,120.09,121.44,119.445,121.29,821700
MSpA,13-Aug-2026,19.2,19.2516,19.0349,19.16,130544
MSpE,13-Aug-2026,25.4001,25.5299,25.38,25.52,39312
MSpF,13-Aug-2026,25.24,25.28,25.23,25.25,49952
MSpI,13-Aug-2026,24.5837,24.68,24.57,24.62,56238
MSpK,13-Aug-2026,22.75,22.85,22.68,22.72,84065
MSpL,13-Aug-2026,18.94,18.99,18.9,18.99,26981
MSpO,13-Aug-2026,16.44,16.5,16.4,16.47,240448
MSpP,13-Aug-2026,25,25.07,24.98,25.04,33716
MSpQ,13-Aug-2026,25.33,25.3496,25.2265,25.31,12510
MT,13-Aug-2026,74.02,74.45,73.07,73.21,904500
MTAL,13-Aug-2026,10.17,10.2,10.17,10.2,7500
MTB,13-Aug-2026,255,255.675,252.465,253.25,677200
MTB-H,13-Aug-2026,25.18,25.22,25.18,25.19,60800
MTB-J,13-Aug-2026,26.5,26.56,26.43,26.49,34700
MTB-K,13-Aug-2026,23.81,23.95,23.805,23.92,21500
MTB-L,13-Aug-2026,24.91,25.05,24.79,25,132300
MTBpH,13-Aug-2026,25.18,25.22,25.18,25.22,57854
MTBpJ,13-Aug-2026,26.5,26.56,26.43,26.55,27607
MTD,13-Aug-2026,1446.23,1446.23,1405.72,1430.76,89500
MTDR,13-Aug-2026,51.69,52.2155,50.76,51.6,1591100
MTG,13-Aug-2026,30.88,30.93,30.55,30.84,1552200
MTH,13-Aug-2026,73.95,74.64,73.41,73.62,518500
MTN,13-Aug-2026,140.07,147.87,140.07,145.42,676700
MTR,13-Aug-2026,2.86,2.9,2.82,2.8298,14400
MTRN,13-Aug-2026,281.55,290.17,280.8682,282.36,359000
MTUS,13-Aug-2026,21.84,21.85,21.44,21.51,306900
MTW,13-Aug-2026,20.52,20.92,20.175,20.87,581600
MTX,13-Aug-2026,73.06,73.74,72.38,72.76,141100
MTZ,13-Aug-2026,283,292.25,283,286.11,2244200
MUA,13-Aug-2026,10.24,10.36,10.24,10.34,335400
MUA-,13-Aug-2026,0.0077,0.008,0.0047,0.0066,1471800
MUC,13-Aug-2026,10.81,10.87,10.79,10.86,473400
MUFG,13-Aug-2026,23.16,23.235,23.035,23.1,2503000
MUJ,13-Aug-2026,12.36,12.47,12.342,12.42,78000
MUR,13-Aug-2026,34.55,34.95,34.3594,34.79,1297400
MUSA,13-Aug-2026,549.55,564.5,546.91,563.16,268500
MUSE,13-Aug-2026,49.62,49.62,49.62,49.62,100
MUX,13-Aug-2026,18.65,18.79,18.28,18.58,959000
MWA,13-Aug-2026,26.32,26.395,25.46,25.51,888600
MX,13-Aug-2026,3.8,3.95,3.72,3.74,552100
MXE,13-Aug-2026,13.1,13.4049,13.1,13.4,8300
MXF,13-Aug-2026,21.6,21.94,21.3,21.4,50400
MYE,13-Aug-2026,33.28,34.25,32.96,33.19,369100
MYI,13-Aug-2026,10.82,10.9122,10.81,10.88,317600
MYN,13-Aug-2026,9.85,9.9,9.8201,9.87,83100
MZYX,13-Aug-2026,9.95,9.95,9.95,9.95,100
NABL,13-Aug-2026,3.31,3.725,3.275,3.68,4422600
NAC,13-Aug-2026,11.91,12,11.905,11.98,424600
NAD,13-Aug-2026,11.82,11.87,11.79,11.87,547700
NAN,13-Aug-2026,11.32,11.35,11.2683,11.35,53500
NAT,13-Aug-2026,6.46,6.68,6.45,6.61,2295100
NATL,13-Aug-2026,46.04,47.3,46.04,46.98,856300
NAZ,13-Aug-2026,12.5,12.5,12.4,12.43,19700
NBB,13-Aug-2026,15.55,15.56,15.48,15.52,65000
NBHC,13-Aug-2026,43.43,43.72,43.25,43.5,470100
NBR,13-Aug-2026,88.35,91.71,86.4107,91.35,218000
NBXG,13-Aug-2026,15.59,15.82,15.53,15.79,211400
NC,13-Aug-2026,42.42,42.8,41.2401,41.91,13200
NCA,13-Aug-2026,9.18,9.22,9.1601,9.1794,35600
NCDL,13-Aug-2026,12.35,12.63,12.35,12.61,78100
NCLH,13-Aug-2026,19.16,19.57,18.97,19.55,10751200
NCV,13-Aug-2026,17.3,17.36,17.16,17.28,40800
NCV-A,13-Aug-2026,20.38,20.38,20.25,20.38,1400
NCVpA,13-Aug-2026,20.38,20.38,20.25,20.32,825
NCZ,13-Aug-2026,16.09,16.1,15.9,16.09,41800
NCZ-A,13-Aug-2026,20.02,20.025,19.79,19.9,12900
NCZpA,13-Aug-2026,20.025,20.025,19.79,19.9,11457
NDMO,13-Aug-2026,10.02,10.06,9.99,10.05,116500
NE,13-Aug-2026,44.17,44.41,43.11,44.29,843700
NE.A,13-Aug-2026,20.53,20.58,20.5,20.5,900
NE.WS.A,13-Aug-2026,20.53,20.58,20.5,20.5,760
NEA,13-Aug-2026,11.38,11.43,11.35,11.42,1359400
NEE,13-Aug-2026,85.75,86.24,85.46,86.01,8872000
NEE-N,13-Aug-2026,21.63,21.76,21.58,21.66,34800
NEE-S,13-Aug-2026,52.81,53.03,52.79,53,39000
NEE-T,13-Aug-2026,48.85,48.92,48.64,48.85,27900
NEE-U,13-Aug-2026,23.94,24.03,23.86,23.99,60700
NEE-V,13-Aug-2026,47.25,47.42,47.17,47.29,416200
NEE-W,13-Aug-2026,23.72,23.91,23.72,23.84,121400
NEEpN,13-Aug-2026,21.63,21.76,21.58,21.6424,26350
NEEpS,13-Aug-2026,52.81,53.03,52.79,52.96,10124
NEEpT,13-Aug-2026,48.85,48.92,48.64,48.86,23014
NEEpU,13-Aug-2026,23.9,24.03,23.86,23.99,49619
NEM,13-Aug-2026,115.01,115.61,113.28,114.19,6671800
NET,13-Aug-2026,313.77,332.22,313.02,330.83,5236700
NEU,13-Aug-2026,936.78,957.92,934.205,947.71,109000
NEXA,13-Aug-2026,14.24,14.6097,14.18,14.33,447600
NFG,13-Aug-2026,81.54,82.16,81.04,81.51,381400
NFJ,13-Aug-2026,15.6,15.69,15.58,15.66,169400
NGG,13-Aug-2026,80.64,81.2,80.62,81.2,698400
NGL,13-Aug-2026,17.02,17.45,16.94,17.1,250200
NGL-B,13-Aug-2026,25.7,25.7525,25.7,25.72,10700
NGL-C,13-Aug-2026,25.7,25.78,25.7,25.76,400
NGLpB,13-Aug-2026,25.7,25.7525,25.7,25.72,9527
NGLpC,13-Aug-2026,25.7,25.78,25.7,25.76,325
NGS,13-Aug-2026,36.5,37.52,36.26,36.74,147900
NGVC,13-Aug-2026,27.75,28.325,27.75,28.02,124400
NGVT,13-Aug-2026,76.57,77.36,75.16,75.33,223000
NHI,13-Aug-2026,71.25,72.41,71.1,71.27,362600
NI,13-Aug-2026,42.19,42.36,42.04,42.08,4697100
NIC,13-Aug-2026,178.73,180,177.005,178.16,159400
NIE,13-Aug-2026,26.63,26.8299,26.6101,26.75,31700
NIM,13-Aug-2026,9.32,9.3392,9.31,9.33,6300
NIO,13-Aug-2026,4.47,4.5199,4.45,4.5,21703600
NIQ,13-Aug-2026,16.82,17.145,16.6,16.86,1993400
NJR,13-Aug-2026,55.64,56.03,55.39,55.54,433300
NKE,13-Aug-2026,40.74,41.47,40.48,41.23,23641600
NKX,13-Aug-2026,12.43,12.47,12.4108,12.47,142700
NL,13-Aug-2026,6.78,6.805,6.5,6.53,31700
NLOP,13-Aug-2026,11.61,11.74,11.6,11.66,90100
NLY,13-Aug-2026,23.2,23.4,23.175,23.39,5067200
NLY-F,13-Aug-2026,25.9,25.96,25.9,25.96,28400
NLY-G,13-Aug-2026,25.31,25.37,25.31,25.335,19300
NLY-I,13-Aug-2026,25.81,25.9,25.81,25.885,25200
NLY-J,13-Aug-2026,26.02,26.09,26.02,26.09,29300
NLYpF,13-Aug-2026,25.9529,25.96,25.9,25.95,26804
NLYpG,13-Aug-2026,25.31,25.37,25.31,25.335,17931
NLYpI,13-Aug-2026,25.81,25.9,25.81,25.885,20664
NLYpJ,13-Aug-2026,26.02,26.09,26.02,26.09,26052
NMAI,13-Aug-2026,14.9,14.99,14.87,14.89,55900
NMAX,13-Aug-2026,8.89,9.52,8.83,9.49,1759400
NMCO,13-Aug-2026,10.55,10.64,10.55,10.63,268000
NMG,13-Aug-2026,1.46,1.5,1.43,1.5,324900
NMI,13-Aug-2026,10.74,10.75,10.4456,10.56,17600
NMM,13-Aug-2026,80.5,81.62,80.17,81.25,94700
NMR,13-Aug-2026,9.97,10.04,9.95,10,607400
NMS,13-Aug-2026,11.54,11.6,11.54,11.6,19000
NMT,13-Aug-2026,12.67,12.72,12.65,12.65,8300
NMZ,13-Aug-2026,10.26,10.31,10.23,10.31,753400
NNI,13-Aug-2026,127.36,128.25,125.62,127.26,182100
NNN,13-Aug-2026,46.1,46.38,45.98,46.24,803600
NNY,13-Aug-2026,8.33,8.3738,8.32,8.35,31100
NOA,13-Aug-2026,16,16.19,14.295,14.37,137300
NOAH,13-Aug-2026,8.6,8.63,8.4957,8.61,108200
NOC,13-Aug-2026,578.72,579.94,571.92,574.74,409500
NOG,13-Aug-2026,23.61,24.47,23.45,24.45,1954700
NOK,13-Aug-2026,10.41,10.91,10.35,10.56,112102100
NOMD,13-Aug-2026,10.93,12.12,10.93,12.04,3866300
NOV,13-Aug-2026,20.72,20.91,20.465,20.64,2622700
NOW,13-Aug-2026,125.6,129.75,121.65,127.25,23124800
NP,13-Aug-2026,31.16,32.47,30.87,32.07,470500
NPB,13-Aug-2026,17.46,17.6,17.3201,17.43,203800
NPCT,13-Aug-2026,9.85,9.89,9.7627,9.87,75200
NPFD,13-Aug-2026,18.61,18.82,18.59,18.77,84800
NPK,13-Aug-2026,140.04,140.85,135.72,137.8,85000
NPKI,13-Aug-2026,13.99,14.12,13.83,13.85,562800
NPO,13-Aug-2026,343.45,343.45,334.49,336.14,127500
NPV,13-Aug-2026,10.99,11.06,10.965,11.05,76300
NPW.W,13-Aug-2026,0.24,0.26,0.24,0.2554,400
NPWR,13-Aug-2026,1.63,1.655,1.585,1.62,905300
NPWR.WS,13-Aug-2026,0.24,0.26,0.24,0.2554,300
NRDY,13-Aug-2026,0.723,0.7829,0.72,0.7245,676400
NRE-A,13-Aug-2026,24.49,24.613,24.28,24.613,1400
NREF,13-Aug-2026,16.91,17.11,16.69,16.87,27800
NREFpA,13-Aug-2026,24.49,24.613,24.28,24.613,475
NRG,13-Aug-2026,120,122.065,119.41,119.75,1258200
NRGV,13-Aug-2026,3.98,4.145,3.69,3.69,5034200
NRK,13-Aug-2026,10.56,10.69,10.539,10.66,240300
NRP,13-Aug-2026,103.75,104.61,102.5,102.76,31600
NRT,13-Aug-2026,9.04,9.16,9.04,9.1,47900
NRUC,13-Aug-2026,21.89,22.01,21.88,21.89,6400
NSC,13-Aug-2026,337.4,340.14,337.17,337.85,1216200
NSP,13-Aug-2026,50.9,54.09,50.32,53.77,373200
NTB,13-Aug-2026,63.85,64.17,63.2857,63.82,167100
NTEST.H,13-Aug-2026,25.05,25.05,25.05,25.05,360
NTEST.I,13-Aug-2026,25.05,25.05,25.05,25.05,280
NTR,13-Aug-2026,67.24,67.64,66.59,67.47,2370900
NTST,13-Aug-2026,20.51,20.825,20.51,20.61,689500
NTZ,13-Aug-2026,1.35,1.35,1.3,1.3212,900
NU,13-Aug-2026,13.54,14.01,13.46,13.93,65394700
NUE,13-Aug-2026,273,273.87,271.15,272.29,822300
NUS,13-Aug-2026,4.91,4.96,4.7,4.85,612900
NUV,13-Aug-2026,9.01,9.065,9.01,9.05,465600
NUVB,13-Aug-2026,6.47,6.49,6.075,6.1,5229700
NUW,13-Aug-2026,14.02,14.1,14,14.08,48200
NVG,13-Aug-2026,12.43,12.48,12.34,12.48,550500
NVGS,13-Aug-2026,20.62,20.95,20.62,20.72,399300
NVO,13-Aug-2026,45.96,46.785,45.73,46.72,10186900
NVR,13-Aug-2026,6366.21,6408.87,6286.23,6375,26900
NVRI,13-Aug-2026,20.68,21.2,19.97,20.07,372600
NVS,13-Aug-2026,152.84,153.02,151.53,151.72,1517100
NVST,13-Aug-2026,28.9,29,27.87,28.08,2654500
NVT,13-Aug-2026,171.12,172.905,167.44,170.01,1563100
NWA.U,13-Aug-2026,10.36,10.38,10.35,10.37,13600
NWA.W,13-Aug-2026,0.44,0.44,0.44,0.44,3500
NWAX,13-Aug-2026,10.17,10.175,10.16,10.17,13700
NWG,13-Aug-2026,19.39,19.41,19.21,19.32,2423200
NWN,13-Aug-2026,50.55,50.99,50.53,50.81,172400
NX,13-Aug-2026,22.11,22.11,21.22,21.37,352400
NXD-A,13-Aug-2026,13.08,13.14,13.08,13.11,600
NXDR,13-Aug-2026,2.59,2.61,2.535,2.58,1265400
NXDT,13-Aug-2026,4.9,5.14,4.81,5.05,310400
NXDTpA,13-Aug-2026,13.08,13.14,13.08,13.11,561
NXE,13-Aug-2026,10.44,10.63,10.29,10.39,13124500
NXG,13-Aug-2026,62.72,62.7399,62.26,62.73,56200
NXH,13-Aug-2026,4.29,4.5498,4.245,4.44,2406700
NXP,13-Aug-2026,14.29,14.37,14.27,14.35,212900
NXRT,13-Aug-2026,24.72,25.2601,24.72,24.9,202100
NYC,13-Aug-2026,7.28,7.7526,7.275,7.58,13100
NYT,13-Aug-2026,64.22,64.71,63.49,64.13,1767500
NZF,13-Aug-2026,12.43,12.46,12.39,12.45,423100
O,13-Aug-2026,62.77,63.259,62.77,62.95,5172900
OAK-A,13-Aug-2026,20.85,21.16,20.85,21.0217,5400
OAK-B,13-Aug-2026,20.7,20.975,20.6,20.64,20400
OAKpA,13-Aug-2026,20.85,21.16,20.85,21.0217,4970
OAKpB,13-Aug-2026,20.7,20.975,20.6,20.64,19502
OBDC,13-Aug-2026,11.71,11.975,11.71,11.91,7330300
OBK,13-Aug-2026,54.49,54.98,54.21,54.7,204100
OC,13-Aug-2026,154.52,158.065,154.075,155.85,594000
OCA-,13-Aug-2026,0.32,0.32,0.3,0.31,340700
OCAC,13-Aug-2026,9.93,9.93,9.93,9.93,15000
ODC,13-Aug-2026,87.5,89.65,86.79,87.84,135200
OEC,13-Aug-2026,6.36,6.52,6.34,6.37,437400
OFG,13-Aug-2026,53.25,53.775,53.145,53.54,231000
OFRM,13-Aug-2026,17.53,17.85,17.25,17.28,312800
OGC,13-Aug-2026,28.28,28.775,28.05,28.44,521600
OGE,13-Aug-2026,47.1,47.31,46.86,47.02,1135300
OGG,13-Aug-2026,2.85,2.85,2.7,2.74,1043000
OGN,13-Aug-2026,13.71,13.72,13.66,13.72,2082500
OGS,13-Aug-2026,81.15,81.995,80.785,81.01,485500
OHI,13-Aug-2026,46.23,46.605,45.9,46.01,1466000
OI,13-Aug-2026,6.62,6.98,6.61,6.84,3400100
OIA,13-Aug-2026,6.06,6.11,6.05,6.1,110600
OII,13-Aug-2026,50.78,51.69,50.39,51.35,519900
OIS,13-Aug-2026,8.85,8.99,8.705,8.72,441300
OKE,13-Aug-2026,91.96,93.45,91.66,92.64,3476400
OKLO,13-Aug-2026,44.92,47.72,44.38,46.45,9169000
OLN,13-Aug-2026,18.54,19.24,18.45,19.06,2000900
OLP,13-Aug-2026,24.09,24.66,24.09,24.62,92900
OMC,13-Aug-2026,86.05,88.4,85.665,88.36,2252200
OMF,13-Aug-2026,64.82,65.49,64.025,65.29,1095100
ONIT,13-Aug-2026,38.57,39.515,38.41,39.47,74300
ONL,13-Aug-2026,2.85,2.87,2.755,2.83,214400
ONON,13-Aug-2026,31.46,31.59,30.45,31.59,13123000
ONT,13-Aug-2026,16.45,17.53,16.355,17.5,541000
ONTO,13-Aug-2026,334.57,342.8,327.225,337.82,934000
OOMA,13-Aug-2026,20.34,20.935,20.22,20.89,301500
OPAD,13-Aug-2026,4.57,4.65,4.51,4.52,43900
OPFI,13-Aug-2026,7.3,7.46,7.01,7.13,1354500
OPLN,13-Aug-2026,35.66,35.88,35.22,35.3,1299600
OPP,13-Aug-2026,7.67,7.68,7.63,7.67,78400
OPP-A,13-Aug-2026,15.53,15.594,15.53,15.53,5900
OPP-B,13-Aug-2026,16.9,16.9,16.77,16.77,4800
OPPpA,13-Aug-2026,15.53,15.594,15.53,15.53,5112
OPPpB,13-Aug-2026,16.9,16.9,16.77,16.77,4258
OPTU,13-Aug-2026,0.8,0.9099,0.7905,0.836,1586900
OPY,13-Aug-2026,115.5,116.95,113.67,115.18,82800
OR,13-Aug-2026,33.11,33.22,32.62,32.81,692600
ORA,13-Aug-2026,113,114.52,112.08,113.52,591300
ORC,13-Aug-2026,6.65,6.67,6.61,6.63,2796700
ORC-D,13-Aug-2026,47.16,49,47,48.59,726800
ORCL,13-Aug-2026,151.98,159.26,151.91,156.22,25739900
ORI,13-Aug-2026,42.7,42.96,42.42,42.76,960200
ORN,13-Aug-2026,9.93,10.005,9.6,9.68,399500
OSCR,13-Aug-2026,30.02,30.78,29.61,30.78,5404800
OSG,13-Aug-2026,4.72,4.75,4.605,4.71,556900
OSK,13-Aug-2026,155.67,157.325,151.05,152.35,527700
OTA-,13-Aug-2026,0.24,0.25,0.1801,0.22,13200
OTA.U,13-Aug-2026,10.2,10.22,10.182,10.22,15800
OTAI,13-Aug-2026,10.02,10.02,9.9901,9.9961,4600
OTF,13-Aug-2026,11.52,11.65,11.35,11.5,3844800
OTIS,13-Aug-2026,74.09,74.39,72.65,73.03,3733200
OUT,13-Aug-2026,30.24,30.345,29.76,29.77,1253700
OVV,13-Aug-2026,62.15,62.73,61.3,62.31,2956900
OWL,13-Aug-2026,12.05,12.77,12.02,12.66,28154300
OWLT,13-Aug-2026,5.85,6.74,5.85,6.27,367900
OXM,13-Aug-2026,36.41,37.03,36.11,36.31,238600
OXY,13-Aug-2026,57.74,58.0665,57.175,57.7,8681900
OXY.W,13-Aug-2026,35.5,36.03,35.34,35.76,60300
OXY.WS,13-Aug-2026,35.5,36.03,35.34,35.76,53466
P,13-Aug-2026,113.05,118.81,112.015,117.35,4054400
PAAS,13-Aug-2026,48,48.9,46.9222,47.3,9387100
PAC,13-Aug-2026,215.11,215.51,208.56,209.13,77900
PACK,13-Aug-2026,5.48,5.605,5.46,5.59,333000
PACS,13-Aug-2026,45.96,46.532,44.92,44.99,480400
PAG,13-Aug-2026,218.88,219.92,217.3,218.67,282400
PAGS,13-Aug-2026,8.85,9,8.7,8.82,3358400
PAI,13-Aug-2026,11.97,12,11.9299,11.98,7800
PAM,13-Aug-2026,79.45,80.453,78.09,79.11,126400
PAR,13-Aug-2026,18.15,18.93,17.65,18.61,1055900
PARR,13-Aug-2026,77.47,82.25,77.03,82.14,805700
PATH,13-Aug-2026,15.3,16.74,14.86,16.68,104706100
PAXS,13-Aug-2026,14.18,14.44,14.0813,14.39,163700
PAY,13-Aug-2026,40.79,42.77,40.44,42.19,922600
PAYC,13-Aug-2026,211,224.63,207.9401,223.63,1270600
PB,13-Aug-2026,75.37,75.37,74.35,74.63,581100
PBA,13-Aug-2026,48.87,49.08,48.64,48.91,491000
PBF,13-Aug-2026,69.89,74.5085,69.35,74.36,2393300
PBH,13-Aug-2026,52.77,52.895,50.7,51.32,643800
PBI,13-Aug-2026,16.86,16.98,16.63,16.65,1858200
PBI-B,13-Aug-2026,20.5,20.6266,20.5,20.6,15300
PBIpB,13-Aug-2026,20.5,20.6266,20.5,20.6,13932
PBR,13-Aug-2026,17.65,17.98,17.6,17.89,13913400
PBR.A,13-Aug-2026,15.91,16.15,15.84,16.13,6319200
PBT,13-Aug-2026,33.32,33.8,32.8124,33.5,100500
PCF,13-Aug-2026,5.48,5.5,5.48,5.5,51900
PCG,13-Aug-2026,17.41,17.8,16.945,17.46,39848500
PCG-X,13-Aug-2026,43.36,43.36,41.94,42.67,13000
PCGpX,13-Aug-2026,43.36,43.36,41.94,42.67,6556
PCM,13-Aug-2026,5.67,5.69,5.5601,5.67,28300
PCN,13-Aug-2026,11.84,11.8952,11.8,11.82,363600
PCOR,13-Aug-2026,58.01,62.35,57.16,62.17,4747600
PCQ,13-Aug-2026,8.88,8.88,8.83,8.83,90600
PD,13-Aug-2026,11.46,12.1,11.21,12.09,1417300
PDCC,13-Aug-2026,9.05,9.05,9,9,1400
PDI,13-Aug-2026,15.84,15.93,15.84,15.87,2748200
PDM,13-Aug-2026,9.55,9.685,9.54,9.62,1004100
PDO,13-Aug-2026,12.97,13.029,12.86,12.88,933800
PDPA,13-Aug-2026,25.13,25.1999,25.1,25.155,9000
PDS,13-Aug-2026,81.8,84.395,81.704,82.86,147000
PDT,13-Aug-2026,12.68,12.77,12.67,12.77,77100
PDX,13-Aug-2026,21.57,21.75,21.57,21.75,159700
PEB,13-Aug-2026,18.24,18.27,17.45,18.21,2959000
PEB-E,13-Aug-2026,20.02,20.02,20.02,20.02,800
PEB-F,13-Aug-2026,20.1,20.1,20.1,20.1,200
PEB-G,13-Aug-2026,19.93,20.245,19.93,20.245,1000
PEB-H,13-Aug-2026,18.54,18.5483,18.3,18.3,3300
PEBpE,13-Aug-2026,19.95,20.02,19.95,20.02,399
PEBpF,13-Aug-2026,20.1,20.1,20.1,20.1,100
PEBpG,13-Aug-2026,19.93,20.245,19.93,20.245,815
PEBpH,13-Aug-2026,18.54,18.5483,18.3,18.3,1775
PEG,13-Aug-2026,75.83,76.55,75.67,75.93,1963800
PEN,13-Aug-2026,327.25,327.575,325.95,326.75,209500
PEO,13-Aug-2026,27.5,27.6498,26.9001,27.55,30600
PERF,13-Aug-2026,1.87,1.885,1.86,1.88,76100
PEW,13-Aug-2026,2.58,2.75,2.58,2.7,422400
PEW.W,13-Aug-2026,0.34,0.34,0.325,0.3344,8100
PEW.WS,13-Aug-2026,0.34,0.34,0.325,0.3344,8001
PFD,13-Aug-2026,11.33,11.4078,11.33,11.36,15400
PFE,13-Aug-2026,26.49,26.95,26.41,26.8,35355800
PFGC,13-Aug-2026,107.83,108.11,103.57,104.48,3357600
PFH,13-Aug-2026,15.89,15.89,15.78,15.78,14600
PFL,13-Aug-2026,7.77,7.78,7.72,7.74,91800
PFLA,13-Aug-2026,25.18,25.39,25.17,25.39,2600
PFLT,13-Aug-2026,7.5,7.64,7.48,7.58,1170000
PFN,13-Aug-2026,7.11,7.11,7.08,7.09,302500
PFO,13-Aug-2026,9.1,9.155,9.1,9.13,46600
PFS,13-Aug-2026,25.09,25.18,24.87,25.01,734200
PFSI,13-Aug-2026,77.72,80.38,77.5,79.48,488700
PG,13-Aug-2026,144.59,145.8,143.995,144.26,7491200
PGP,13-Aug-2026,8.73,8.91,8.73,8.89,113600
PGR,13-Aug-2026,208.56,210.5,207.8701,208.87,3021000
PGZ,13-Aug-2026,10.22,10.24,10.15,10.2,18100
PH,13-Aug-2026,1070.59,1070.59,1052.29,1058.87,617000
PHG,13-Aug-2026,27.3,27.39,27.05,27.38,836500
PHI,13-Aug-2026,19.73,19.755,19.31,19.46,100700
PHIN,13-Aug-2026,74.55,74.56,73.18,73.72,431200
PHK,13-Aug-2026,4.64,4.66,4.64,4.64,412700
PHM,13-Aug-2026,131.2,131.69,129.13,130.55,1152200
PHR,13-Aug-2026,12.34,12.67,12.22,12.62,491500
PII,13-Aug-2026,68.46,69.5516,67.6316,68.64,1029700
PIM,13-Aug-2026,3.18,3.19,3.17,3.19,21900
PIN-A,13-Aug-2026,25.25,25.25,25.22,25.2383,4700
PINE,13-Aug-2026,19.65,19.9647,19.595,19.68,94600
PINS,13-Aug-2026,23,23.5,22.65,23.32,7945100
PIPR,13-Aug-2026,76.26,78.8,75.555,78.42,545100
PJT,13-Aug-2026,171.6,179.41,170,178.86,813300
PK,13-Aug-2026,14.94,15.09,14.79,15.03,5053500
PKE,13-Aug-2026,38.15,38.15,36.72,37.28,279200
PKG,13-Aug-2026,259.25,259.98,255.92,257.05,375700
PKX,13-Aug-2026,56.85,57.04,56.53,56.58,267200
PL,13-Aug-2026,23.76,24.96,23.7,24.75,4418400
PLD,13-Aug-2026,140.47,142.37,140.47,141.21,3063500
PLGO,13-Aug-2026,21.08,24.01,20.85,22.75,2466800
PLNT,13-Aug-2026,48,49.22,47.58,49.1,3056900
PLOW,13-Aug-2026,42.77,42.85,41.48,41.92,262800
PM,13-Aug-2026,187.93,191.435,187.2,188.91,3353900
PML,13-Aug-2026,7.45,7.47,7.42,7.43,301700
PMM,13-Aug-2026,6.33,6.37,6.33,6.34,72000
PMMF,13-Aug-2026,100.28,100.29,100.275,100.28,138200
PMO,13-Aug-2026,10.44,10.63,10.38,10.57,85500
PMT,13-Aug-2026,9.53,9.6101,9.465,9.49,1226400
PMT-A,13-Aug-2026,22.77,22.8141,22.71,22.77,3400
PMT-B,13-Aug-2026,22.85,22.91,22.6576,22.84,8700
PMT-C,13-Aug-2026,18.36,18.415,18.36,18.415,10000
PMTpA,13-Aug-2026,22.77,22.8141,22.71,22.77,3203
PMTpB,13-Aug-2026,22.85,22.91,22.6576,22.84,7173
PMTpC,13-Aug-2026,18.36,18.415,18.36,18.415,8330
PMTU,13-Aug-2026,25.59,25.71,25.59,25.7099,1700
PMTV,13-Aug-2026,25.15,25.24,25.12,25.22,17500
PMTW,13-Aug-2026,25.44,25.58,25.44,25.51,9200
PNA.U,13-Aug-2026,9.99,9.99,9.95,9.96,2100
PNC,13-Aug-2026,256.5,257.94,254.94,255.2,750600
PNF-A,13-Aug-2026,25.4,25.4,25.05,25.05,3100
PNF-B,13-Aug-2026,26.42,26.5,26.3508,26.41,6100
PNF-C,13-Aug-2026,24.26,24.315,24.1601,24.26,7700
PNFP,13-Aug-2026,107.39,108.16,106.8,107.14,701200
PNI,13-Aug-2026,6.9228,6.97,6.9228,6.95,13600
PNNT,13-Aug-2026,3.82,3.9,3.79,3.82,716100
PNR,13-Aug-2026,65.98,68.23,65.1,66.87,2259100
PNW,13-Aug-2026,100.91,101.4107,100.41,100.72,1165900
POR,13-Aug-2026,50.15,50.7985,50.0262,50.33,1792100
POST,13-Aug-2026,81.14,81.8535,80,80.54,708300
PPG,13-Aug-2026,115.21,115.89,114.345,114.73,1175900
PPL,13-Aug-2026,35.57,35.83,35.535,35.68,5714400
PPLC,13-Aug-2026,47.39,47.39,47.09,47.17,512100
PPT,13-Aug-2026,3.47,3.49,3.46,3.47,211300
PR,13-Aug-2026,21.21,21.29,20.875,21.1,6330300
PRCS,13-Aug-2026,29.645,29.645,29.59,29.5954,2200
PRG,13-Aug-2026,41.59,43.06,41.59,42.78,452400
PRGO,13-Aug-2026,12.8,13.075,12.505,12.83,2528600
PRH,13-Aug-2026,22.18,22.2773,22.18,22.18,43600
PRI,13-Aug-2026,312.35,313.95,309.6,312.68,148900
PRI-D,13-Aug-2026,24.55,24.674,24.55,24.55,1500
PRI-L,13-Aug-2026,24.498,24.498,24.498,24.498,600
PRIFpD,13-Aug-2026,24.55,24.674,24.55,24.55,1429
PRIFpL,13-Aug-2026,24.498,24.498,24.498,24.498,407
PRIM,13-Aug-2026,81.3,81.86,79.44,80.87,1295600
PRKS,13-Aug-2026,44.65,45.86,44.44,45.05,409600
PRLB,13-Aug-2026,91.23,92.78,89.63,92.32,184500
PRM,13-Aug-2026,34.34,35.055,33.75,33.79,1079200
PRMB,13-Aug-2026,24.68,25.03,24.38,24.77,4421300
PRS,13-Aug-2026,20.91,21,20.91,20.92,36500
PRSU,13-Aug-2026,47.14,47.855,46.92,47.18,150500
PRT,13-Aug-2026,2.16,2.2399,2.16,2.22,36700
PRU,13-Aug-2026,123.44,124.93,122.98,124.75,1164200
PRVS,13-Aug-2026,33.705,33.705,33.58,33.6372,5200
PS,13-Aug-2026,37.16,42.18,37.11,41.4,220100
PSA,13-Aug-2026,324.35,329.22,323.805,328.72,687600
PSA-F,13-Aug-2026,19.79,19.86,19.73,19.8101,12700
PSA-G,13-Aug-2026,19.39,19.5037,19.32,19.32,11800
PSA-H,13-Aug-2026,21.26,21.3575,21.2401,21.28,6700
PSA-I,13-Aug-2026,18.7,18.7948,18.65,18.67,18100
PSA-J,13-Aug-2026,17.99,18.06,17.96,17.96,5000
PSA-K,13-Aug-2026,18.29,18.3961,18.2572,18.3899,5100
PSA-L,13-Aug-2026,17.57,17.69,17.57,17.605,50900
PSA-M,13-Aug-2026,15.64,15.7287,15.64,15.69,8600
PSA-N,13-Aug-2026,14.95,14.99,14.86,14.97,39400
PSA-O,13-Aug-2026,14.82,14.88,14.82,14.875,18800
PSA-P,13-Aug-2026,15.22,15.34,15.16,15.23,45500
PSA-Q,13-Aug-2026,15,15.06,14.99,15,12900
PSA-R,13-Aug-2026,15.27,15.32,15.2,15.22,13400
PSA-S,13-Aug-2026,15.65,15.7199,15.5787,15.6,9000
PSA-T,13-Aug-2026,22.78,22.85,22.78,22.84,91200
PSA-U,13-Aug-2026,24.13,25.45,23.81,24,15000
PSApF,13-Aug-2026,19.79,19.86,19.73,19.8101,9961
PSApG,13-Aug-2026,19.39,19.5037,19.32,19.32,9028
PSApH,13-Aug-2026,21.26,21.3575,21.2401,21.28,5181
PSApI,13-Aug-2026,18.7,18.7948,18.65,18.67,15339
PSApJ,13-Aug-2026,17.99,18.06,17.96,17.96,3918
PSApK,13-Aug-2026,18.29,18.3961,18.2572,18.3899,3018
PSApL,13-Aug-2026,17.57,17.69,17.57,17.605,59177
PSApM,13-Aug-2026,15.64,15.7287,15.64,15.69,6626
PSApN,13-Aug-2026,14.95,14.99,14.86,14.97,33695
PSApO,13-Aug-2026,14.82,14.88,14.82,14.875,17387
PSApP,13-Aug-2026,15.22,15.34,15.16,15.23,39486
PSApQ,13-Aug-2026,15,15.06,14.99,15,11915
PSApR,13-Aug-2026,15.27,15.32,15.2,15.22,8470
PSApS,13-Aug-2026,15.65,15.7199,15.5787,15.6,7026
PSBD,13-Aug-2026,10.45,10.47,10.34,10.45,165000
PSE-A,13-Aug-2026,17.36,17.36,16.56,16.66,5200
PSECpA,13-Aug-2026,17.36,17.36,16.56,16.66,4697
PSF,13-Aug-2026,19.53,19.59,19.48,19.5,44900
PSFE,13-Aug-2026,6.76,8.21,6.62,7.91,853200
PSN,13-Aug-2026,48.28,48.95,46.585,47.59,1036300
PSO,13-Aug-2026,16.21,16.27,16.07,16.25,1010100
PSQ.W,13-Aug-2026,0.04,0.0508,0.0301,0.0301,112200
PSQH,13-Aug-2026,3.65,5.71,3.65,4.19,7248100
PSQH.WS,13-Aug-2026,0.04,0.0508,0.0301,0.0301,111896
PSTL,13-Aug-2026,23.38,23.7499,23,23.16,411900
PSUS,13-Aug-2026,39.6,40.26,39.22,40.18,551400
PSX,13-Aug-2026,223.97,232.89,223.42,232.61,2392500
PTA,13-Aug-2026,19.02,19.08,18.84,18.94,123700
PTY,13-Aug-2026,11.77,11.8,11.74,11.76,1225900
PUK,13-Aug-2026,27.48,27.76,27.445,27.75,840400
PUMP,13-Aug-2026,11.49,11.765,11.33,11.54,1743600
PVH,13-Aug-2026,82.71,83.11,81.2,81.66,866300
PVL,13-Aug-2026,1.76,1.77,1.75,1.76,11200
PWR,13-Aug-2026,680.22,684.87,671.641,672.78,804200
PXED,13-Aug-2026,27.07,27.97,26.875,27.4,173600
PYT,13-Aug-2026,23.5284,23.5284,23.5284,23.5284,100
Q,13-Aug-2026,143.87,146.67,142,142.59,1595700
QGEN,13-Aug-2026,43.54,43.79,43.05,43.23,3178300
QLE.W,13-Aug-2026,0.1351,0.1351,0.1351,0.1351,200
QRE-,13-Aug-2026,0.3,0.3014,0.275,0.3,26500
QRED,13-Aug-2026,10.0199,10.0199,10.01,10.01,1500
QSR,13-Aug-2026,75.86,77.46,75.77,76.59,2839000
QTWO,13-Aug-2026,62.87,66.28,62.43,66.22,840600
QUAD,13-Aug-2026,9.88,10.19,9.69,9.81,388600
QXO,13-Aug-2026,15.09,15.26,14.77,14.89,18670800
QXO-B,13-Aug-2026,44.16,44.91,43.75,44.12,14300
QXOpB,13-Aug-2026,44.16,44.91,43.75,44.12,9674
R,13-Aug-2026,264.41,265.5,262.4601,263.17,225400
RA,13-Aug-2026,12.76,12.805,12.75,12.75,171900
RAC.W,13-Aug-2026,0.5199,0.5199,0.5,0.5,1800
RACE,13-Aug-2026,410.01,413.4,408.92,412.29,340900
RAL,13-Aug-2026,72.78,73.345,71.05,71.44,821000
RAMP,13-Aug-2026,37.85,37.94,37.77,37.92,1168600
RBA,13-Aug-2026,86.71,87.29,85.33,86.41,1561400
RBC,13-Aug-2026,560,560,547.83,554.25,151500
RBLX,13-Aug-2026,35.89,38.29,35.41,37.95,11186200
RBRK,13-Aug-2026,97.67,105.28,96.9,105.09,4406600
RC,13-Aug-2026,1.74,1.79,1.72,1.78,658000
RC-C,13-Aug-2026,12.25,12.25,12.25,12.25,100
RC-E,13-Aug-2026,13.172,13.23,12.9215,12.9417,3600
RCD,13-Aug-2026,23.01,23.2042,23.01,23.2042,4400
RCI,13-Aug-2026,35.94,36.41,35.87,36.4,915200
RCL,13-Aug-2026,309.25,313.5,307.19,309.88,1461100
RCpC,13-Aug-2026,12.25,12.25,12.25,12.25,100
RCpE,13-Aug-2026,13.172,13.23,12.9215,12.9417,3354
RCS,13-Aug-2026,5.25,5.3296,5.22,5.27,187000
RCUS,13-Aug-2026,29.13,29.3,28.615,28.86,984900
RDDT,13-Aug-2026,154.51,159.29,152.67,158.12,4658000
RDN,13-Aug-2026,36.73,36.965,36.315,36.87,664200
RDW,13-Aug-2026,12.95,13.91,12.87,13.2,16338500
RDY,13-Aug-2026,12.43,12.51,12.37,12.42,2802800
REF,13-Aug-2026,16.03,16.03,14.99,15,387700
RELX,13-Aug-2026,34.36,34.78,33.79,34.67,2418500
RERE,13-Aug-2026,4.44,4.71,4.44,4.6,1130700
RES,13-Aug-2026,6.22,6.335,6.17,6.28,1502300
REX,13-Aug-2026,43.67,44.1,43.58,43.69,143200
REX-B,13-Aug-2026,22.65,22.65,22.65,22.65,200
REX-C,13-Aug-2026,21.34,21.5,21.34,21.5,1100
REXR,13-Aug-2026,36.52,37.03,36.39,36.42,1453000
REXRpB,13-Aug-2026,22.65,22.65,22.65,22.65,100
REXRpC,13-Aug-2026,21.34,21.5,21.34,21.5,1043
REZI,13-Aug-2026,22.25,22.59,20.33,20.46,7885100
RF,13-Aug-2026,31.82,31.905,31.565,31.66,6388100
RF-C,13-Aug-2026,24.07,24.2,23.95,24.09,49900
RF-E,13-Aug-2026,15.89,16.0299,15.875,15.955,49800
RF-F,13-Aug-2026,25.45,25.54,25.38,25.45,75100
RFI,13-Aug-2026,11.37,11.55,11.37,11.55,109800
RFL,13-Aug-2026,2.04,2.16,1.97,1.97,57300
RFM,13-Aug-2026,14.88,15,14.86,14.8984,6000
RFMZ,13-Aug-2026,13.33,13.45,13.3081,13.39,22800
RFpC,13-Aug-2026,24.07,24.2,23.95,24.08,43250
RFpE,13-Aug-2026,15.89,16.0299,15.875,15.955,46642
RFpF,13-Aug-2026,25.45,25.54,25.38,25.45,70883
RGA,13-Aug-2026,248,250.705,246.73,250.38,379400
RGR,13-Aug-2026,37.59,37.769,37.135,37.6,130800
RGT,13-Aug-2026,15.26,15.51,15.26,15.35,9100
RH,13-Aug-2026,182.98,186.77,178.81,179.56,357400
RHI,13-Aug-2026,41.84,43.86,41.57,43.78,1923900
RHLD,13-Aug-2026,130.23,136.505,129.71,131.31,162700
RHP,13-Aug-2026,124.06,125.75,123.335,124.7,1764300
RIG,13-Aug-2026,5.65,5.78,5.57,5.72,61132000
RIO,13-Aug-2026,99.55,99.6,98.02,98.2,2535700
RIT-A,13-Aug-2026,25.46,25.59,25.46,25.55,3700
RIT-B,13-Aug-2026,25.2806,25.3401,25.2806,25.3276,19900
RIT-C,13-Aug-2026,24.82,24.895,24.82,24.87,9400
RIT-D,13-Aug-2026,25.03,25.07,25.03,25.065,17900
RIT-E,13-Aug-2026,24.36,24.6,24.36,24.59,20200
RIT-F,13-Aug-2026,24.5,24.68,24.5,24.64,54800
RITM,13-Aug-2026,10.3,10.375,10.24,10.36,3893700
RITMpA,13-Aug-2026,25.46,25.59,25.46,25.55,3151
RITMpB,13-Aug-2026,25.2806,25.3401,25.2806,25.3276,18970
RITMpC,13-Aug-2026,24.82,24.895,24.82,24.82,8298
RITMpD,13-Aug-2026,25.03,25.07,25.03,25.065,16785
RITMpE,13-Aug-2026,24.36,24.6,24.36,24.555,17896
RIV,13-Aug-2026,11.4,11.439,11.13,11.24,472200
RIV-A,13-Aug-2026,21.66,21.73,21.49,21.55,19900
RIVpA,13-Aug-2026,21.66,21.73,21.49,21.55,15954
RJF,13-Aug-2026,181.77,182.435,179.01,180.99,743200
RKT,13-Aug-2026,14.3,15.18,14.26,15.04,35236900
RL,13-Aug-2026,396.63,397.85,385.0101,387.39,576200
RLI,13-Aug-2026,63.63,64.21,63.06,63.99,432100
RLJ,13-Aug-2026,10.95,11.1708,10.85,10.95,1820800
RLJ-A,13-Aug-2026,25.14,25.15,25.03,25.03,15300
RLJpA,13-Aug-2026,25.135,25.15,25.03,25.03,12502
RLTY,13-Aug-2026,15.65,15.78,15.65,15.74,33800
RLX,13-Aug-2026,2.02,2.065,2,2,3012700
RM,13-Aug-2026,32.65,33.02,32.26,32.68,59200
RMAX,13-Aug-2026,12.42,12.6,12.12,12.43,826000
RMD,13-Aug-2026,226,227.76,223.22,226.74,1167600
RMI,13-Aug-2026,15.78,15.8094,15.65,15.78,1700
RMM,13-Aug-2026,14.51,14.5695,14.4773,14.51,40300
RMMZ,13-Aug-2026,14.83,14.8999,14.83,14.83,6600
RMT,13-Aug-2026,14.52,14.6225,14.38,14.59,57900
RNG,13-Aug-2026,63.23,68.45,62.95,67.78,1630400
RNGR,13-Aug-2026,17.21,17.3439,17.12,17.32,126800
RNP,13-Aug-2026,20.31,20.52,20.31,20.5,103100
RNR,13-Aug-2026,319.92,321.545,318.42,319.86,234700
RNR-F,13-Aug-2026,20.69,20.7599,20.6401,20.705,6800
RNR-G,13-Aug-2026,15.21,15.2399,15.1,15.1448,12300
RNRpF,13-Aug-2026,20.69,20.7599,20.6401,20.705,4214
RNRpG,13-Aug-2026,15.21,15.2399,15.1,15.1448,10285
RNST,13-Aug-2026,43.72,43.93,43.57,43.81,599800
ROG,13-Aug-2026,138.79,140.21,137.05,137.71,140000
ROK,13-Aug-2026,453.39,453.39,445.15,445.51,498200
ROL,13-Aug-2026,36.8,37.03,36.185,36.22,5405100
RONB,13-Aug-2026,23.88,24.206,23.72,24,149000
RPC,13-Aug-2026,8.93,9.13,8.855,8.96,907000
RPM,13-Aug-2026,116.07,116.805,112.7255,113.33,1253000
RPT,13-Aug-2026,12.88,13.075,12.71,13.04,84800
RPT-C,13-Aug-2026,24.915,24.915,24.886,24.9,2600
RPTpC,13-Aug-2026,24.915,24.915,24.886,24.9,2006
RQI,13-Aug-2026,12.35,12.53,12.34,12.5,547000
RRC,13-Aug-2026,39.6,40.0593,39.44,39.91,1670400
RRX,13-Aug-2026,173,173.95,169.57,170.58,1573800
RS,13-Aug-2026,429,432.65,422.72,425.15,246200
RSF,13-Aug-2026,14.6,14.65,14.58,14.605,16200
RSG,13-Aug-2026,215.26,216.79,215.03,215.22,1363800
RSI,13-Aug-2026,24.43,24.98,24.385,24.61,1910000
RSKD,13-Aug-2026,6.14,6.48,5.92,6.45,2449700
RTO,13-Aug-2026,24.39,24.47,24.01,24.1,1193800
RTX,13-Aug-2026,223.47,224,218.87,220.48,3234500
RVI,13-Aug-2026,28.75,29.17,28.11,28.83,261400
RVII,13-Aug-2026,22.5,23.2,22.5,22.95,2347900
RVLV,13-Aug-2026,24.05,24.19,23.525,24.16,796600
RVT,13-Aug-2026,18.91,18.97,18.8042,18.93,172100
RVTY,13-Aug-2026,118.25,118.34,115.67,117.5,1373200
RWT,13-Aug-2026,4.74,4.805,4.73,4.77,2041000
RWTN,13-Aug-2026,25,25,24.925,24.925,11500
RWTO,13-Aug-2026,24.54,24.7,24.402,24.62,9400
RWTP,13-Aug-2026,24.6,24.6,24.45,24.45,6600
RWTQ,13-Aug-2026,24.36,24.45,24.35,24.4,14800
RWTS,13-Aug-2026,24.6,24.81,24.51,24.59,17500
RXO,13-Aug-2026,23.4,23.77,22.92,23.32,1854500
RY,13-Aug-2026,213.54,215.705,213.54,215,1843900
RYAM,13-Aug-2026,8.29,8.575,8.13,8.43,1046200
RYAN,13-Aug-2026,43.22,43.47,41.9,42.82,1288600
RYN,13-Aug-2026,21.57,21.78,21.57,21.76,2640500
RYZ,13-Aug-2026,28.92,29.45,28.44,28.86,389400
RZC,13-Aug-2026,25.65,25.84,25.645,25.82,33100
S,13-Aug-2026,22.5,23.95,22.24,23.84,8115800
SA,13-Aug-2026,31.89,32.445,31.65,32.17,485700
SABA,13-Aug-2026,8.27,8.3,8.26,8.27,22300
SAC,13-Aug-2026,10.1,10.1,10.099,10.1,12400
SAC.U,13-Aug-2026,10.4,10.4,10.4,10.4,3700
SAFE,13-Aug-2026,15.42,15.7175,15.38,15.47,190000
SAGU,13-Aug-2026,9.96,9.96,9.94,9.94,11600
SAH,13-Aug-2026,82.24,82.975,78.95,79.24,356200
SAJ,13-Aug-2026,25.58,25.69,25.58,25.69,1900
SAM,13-Aug-2026,184.93,188.47,183.46,184.84,190000
SAM.U,13-Aug-2026,9.94,9.94,9.94,9.94,10100
SAN,13-Aug-2026,14.98,15,14.75,14.78,15552100
SAP,13-Aug-2026,204.44,210.14,201.3883,209.28,2701900
SAR,13-Aug-2026,19.42,19.69,19.35,19.55,66100
SARO,13-Aug-2026,27.58,27.58,27.01,27.12,7817300
SAT,13-Aug-2026,25.11,25.19,25.11,25.1899,7900
SAV,13-Aug-2026,24.79,24.85,24.79,24.84,9100
SAY,13-Aug-2026,25.5,25.56,25.47,25.56,9800
SAZ,13-Aug-2026,25.62,25.63,25.61,25.63,4300
SB,13-Aug-2026,7.43,7.71,7.43,7.67,621900
SB-D,13-Aug-2026,26,26.16,26,26.12,23600
SBH,13-Aug-2026,16.67,16.72,16.36,16.54,1230000
SBI,13-Aug-2026,7.66,7.73,7.66,7.71,32000
SBpD,13-Aug-2026,26,26.16,26,26.12,20615
SBR,13-Aug-2026,72.56,73.12,72.5,72.75,21500
SBS,13-Aug-2026,4.86,4.99,4.6,4.68,31865700
SBSI,13-Aug-2026,33,33.32,32.85,33.02,107000
SBSW,13-Aug-2026,10.55,10.665,10.43,10.48,4621900
SBXD,13-Aug-2026,10.83,10.83,10.81,10.81,9500
SCCO,13-Aug-2026,191.23,194.1999,187.0483,187.59,844800
SCD,13-Aug-2026,15.82,15.8999,15.796,15.84,105500
SCE-G,13-Aug-2026,17,17.2,16.95,17.16,10300
SCE-L,13-Aug-2026,16.67,16.99,16.66,16.86,23500
SCE-M,13-Aug-2026,24,24.1088,24,24.06,18300
SCE-N,13-Aug-2026,23.14,23.14,23.01,23.03,30100
SCEpG,13-Aug-2026,16.995,17.2,16.95,17.128,8133
SCEpL,13-Aug-2026,16.67,16.99,16.66,16.86,20658
SCEpM,13-Aug-2026,24,24.1088,24,24.06,14016
SCEpN,13-Aug-2026,23.14,23.14,23.01,23.03,19901
SCH-D,13-Aug-2026,24.04,24.2,24.0178,24.04,35100
SCH-J,13-Aug-2026,17.23,17.28,17.18,17.28,92100
SCHW,13-Aug-2026,109.74,110.2,108.9,110.06,5155100
SCHWpD,13-Aug-2026,24.04,24.2,24.0178,24.05,29924
SCHWpJ,13-Aug-2026,17.23,17.28,17.18,17.28,84270
SCI,13-Aug-2026,84.11,85.01,82.855,83.12,797700
SCL,13-Aug-2026,65,65.475,64.7701,65.28,82200
SCM,13-Aug-2026,8.86,8.95,8.71,8.91,161200
SD,13-Aug-2026,14.06,14.19,13.89,13.93,308600
SDHC,13-Aug-2026,13.81,14.33,13.78,14.17,17500
SDHY,13-Aug-2026,16.25,16.29,16.1701,16.23,30300
SDRL,13-Aug-2026,46.07,47.21,46.07,47.01,497500
SE,13-Aug-2026,127.45,127.45,121.88,123.32,5534000
SEA-A,13-Aug-2026,25.71,25.71,25.7099,25.71,1000
SEA-B,13-Aug-2026,25.6,25.77,25.6,25.721,1900
SEALpA,13-Aug-2026,25.71,25.71,25.7099,25.71,807
SEALpB,13-Aug-2026,25.6,25.77,25.6,25.721,1243
SECZ,13-Aug-2026,5.85,6.57,5.67,5.7,6485100
SEG,13-Aug-2026,29.13,29.49,28.22,28.6,101700
SEI,13-Aug-2026,61.4,62.5893,59.63,59.9,1613300
SES,13-Aug-2026,0.594,0.6778,0.5579,0.6117,19365200
SES.W,13-Aug-2026,0.0068,0.0068,0.005,0.005,7500
SES.WS,13-Aug-2026,0.0068,0.0068,0.005,0.005,7400
SESCW,13-Aug-2026,0.0068,0.0068,0.005,0.005,7500
SF,13-Aug-2026,85.89,86.04,84.25,85.68,822500
SF-B,13-Aug-2026,22.24,22.31,22.05,22.15,11000
SF-C,13-Aug-2026,21.6,21.77,21.59,21.6307,22700
SF-D,13-Aug-2026,16.01,16.1,15.9249,15.97,13800
SFB,13-Aug-2026,19.53,19.65,19.5101,19.64,5000
SFBS,13-Aug-2026,91.37,91.99,90.44,91.53,223200
SFL,13-Aug-2026,11.8,12.245,11.8,12.1,1034300
SFpB,13-Aug-2026,22.24,22.31,22.05,22.07,6891
SFpC,13-Aug-2026,21.6,21.77,21.59,21.6307,19017
SFpD,13-Aug-2026,16.0117,16.1,15.9249,15.97,11999
SG,13-Aug-2026,5.96,6.175,5.855,6.06,5706500
SGHC,13-Aug-2026,12.91,13.12,12.88,13.09,1224300
SGI,13-Aug-2026,64.68,66.85,63.91,66.34,4374700
SGOV,13-Aug-2026,100.52,100.53,100.52,100.53,15134700
SGU,13-Aug-2026,12.6309,12.6999,12.455,12.52,45600
SHAK,13-Aug-2026,73.51,74.5,72.27,73.64,1265900
SHEL,13-Aug-2026,89.38,90.065,88.931,89.92,3348500
SHG,13-Aug-2026,74.49,75.09,74.3278,74.82,235700
SHO,13-Aug-2026,10.86,10.93,10.78,10.89,2534000
SHO-H,13-Aug-2026,21.7104,22.35,21.7104,22.35,31600
SHO-I,13-Aug-2026,21.39,21.7105,21.39,21.7105,600
SHOC,13-Aug-2026,109.95,111.805,109.95,110.074,12200
SHOpH,13-Aug-2026,21.7104,22.35,21.7104,22.35,21623
SHOpI,13-Aug-2026,21.39,21.7105,21.39,21.7105,650
SHV,13-Aug-2026,110.21,110.21,110.19,110.21,3018200
SHW,13-Aug-2026,363.45,363.95,358.37,361.55,1723100
SI,13-Aug-2026,19.65,19.9758,19.16,19.23,86800
SID,13-Aug-2026,0.88,0.91,0.86,0.8997,3101700
SIG,13-Aug-2026,93.5,93.87,92.01,92.56,478200
SII,13-Aug-2026,116.98,118.92,115.91,117.6,153900
SIND,13-Aug-2026,17.09,18.0212,15.95,17,57000
SITC,13-Aug-2026,2.98,3.03,2.98,3.02,859600
SITE,13-Aug-2026,97.38,98.54,95.96,97.76,732600
SJM,13-Aug-2026,119.86,121,119.53,120.63,932600
SJT,13-Aug-2026,2.79,2.872,2.77,2.77,172900
SKE,13-Aug-2026,32.58,33.03,32.11,32.8,434300
SKIL,13-Aug-2026,8.81,9.25,8.2,8.74,45000
SKM,13-Aug-2026,35.65,36.9,35.33,36.71,1631300
SKT,13-Aug-2026,38.79,38.98,38.45,38.49,585400
SKY,13-Aug-2026,94.9,96.35,94.15,96.31,839100
SKY.W,13-Aug-2026,0.55,0.55,0.405,0.405,71400
SKYH,13-Aug-2026,10.98,11.15,10.21,11,588900
SKYH.WS,13-Aug-2026,0.55,0.55,0.405,0.44,56326
SLB,13-Aug-2026,52,52.44,51.6,52.06,8476800
SLF,13-Aug-2026,80.57,81.14,80.25,80.89,1255900
SLG,13-Aug-2026,56.55,58.22,56.435,57.63,903000
SLG-I,13-Aug-2026,21.7,21.7,21.4001,21.56,3000
SLGN,13-Aug-2026,41.57,42.6899,41.57,42.17,956300
SLGpI,13-Aug-2026,21.7,21.7,21.4001,21.56,2685
SLNZ,13-Aug-2026,45.71,45.71,45.71,45.71,500
SLQT,13-Aug-2026,0.717,0.7882,0.71,0.714,1567200
SLVM,13-Aug-2026,38.96,39.26,37.89,38.91,279300
SM,13-Aug-2026,32.42,32.62,31.59,32.42,3994200
SMA,13-Aug-2026,33.87,34.305,33.5201,34.23,649900
SMBK,13-Aug-2026,52.85,53.25,52.4875,52.57,158600
SMC,13-Aug-2026,34.27,35.15,33.95,34.81,40100
SMFG,13-Aug-2026,26.27,26.385,26.2,26.3,1263700
SMG,13-Aug-2026,62.8,63.6494,61.39,61.72,716600
SMHI,13-Aug-2026,9.6,9.86,9.595,9.65,95600
SMP,13-Aug-2026,39.6,39.7,38.96,38.96,116800
SMR,13-Aug-2026,9.49,10.135,9.41,9.85,35064000
SMRT,13-Aug-2026,1.45,1.505,1.42,1.44,2688900
SMWB,13-Aug-2026,8.87,9.09,8.41,9.01,3101800
SN,13-Aug-2026,186.6,190.21,184.34,188.59,1462500
SNA,13-Aug-2026,409.66,412.665,402.52,404.63,203700
SNAP,13-Aug-2026,5.22,5.33,5.14,5.3,30888400
SNDA,13-Aug-2026,39.54,40.43,38.98,39.23,354200
SNDR,13-Aug-2026,36.05,36.5888,36.05,36.32,504300
SNN,13-Aug-2026,30.11,30.33,29.88,30.11,979700
SNOW,13-Aug-2026,337,339.75,330.8,337.38,3022500
SNX,13-Aug-2026,255.45,259.39,253.6,254.58,462400
SO,13-Aug-2026,92.82,93.005,92.44,92.79,3448000
SOBO,13-Aug-2026,36.39,36.7,36.2,36.61,478900
SOC,13-Aug-2026,4.28,4.31,3.86,4.03,12460500
SOJC,13-Aug-2026,20.0999,20.0999,20,20.03,14800
SOJD,13-Aug-2026,18.5,18.56,18.46,18.48,53100
SOJE,13-Aug-2026,16.25,16.3799,16.2163,16.24,44700
SOJF,13-Aug-2026,24.98,25.1,24.95,25,47200
SOLV,13-Aug-2026,85.72,86.81,85.29,86.46,1232000
SOMN,13-Aug-2026,49.085,49.295,48.98,49.11,24200
SON,13-Aug-2026,57.53,58.64,57.53,58.31,543600
SONY,13-Aug-2026,23.23,23.65,23.18,23.61,4299300
SOR,13-Aug-2026,46.52,46.82,46.061,46.61,6900
SOS,13-Aug-2026,0.89,1.08,0.8234,0.9165,1244400
SOU-,13-Aug-2026,0.17,0.17,0.135,0.16,19300
SOUL,13-Aug-2026,10.42,10.45,10.42,10.45,3500
SOULr,13-Aug-2026,0.17,0.17,0.135,0.16,18921
SPB,13-Aug-2026,89.25,91.291,89.25,90.69,594400
SPCE,13-Aug-2026,2.85,3.24,2.84,3.14,17953400
SPE,13-Aug-2026,13.5525,13.65,13.5525,13.64,16900
SPE-C,13-Aug-2026,24.91,24.91,24.77,24.781,5800
SPEpC,13-Aug-2026,24.91,24.91,24.77,24.781,5591
SPG,13-Aug-2026,222.09,223.6299,221.2,221.47,1089600
SPG-J,13-Aug-2026,56.05,56.2118,56.05,56.2118,200
SPGI,13-Aug-2026,414,424.34,411.11,422.67,2241900
SPGpJ,13-Aug-2026,56.05,56.2118,56.05,56.2118,200
SPH,13-Aug-2026,17.79,17.85,17.53,17.56,273200
SPHR,13-Aug-2026,175.1,181.63,172.18,176.38,1581800
SPIR,13-Aug-2026,13.165,14.6608,13.165,13.94,734300
SPMA,13-Aug-2026,25.06,25.15,25.06,25.1372,11200
SPMC,13-Aug-2026,9.99,10.24,9.95,10.21,63800
SPME,13-Aug-2026,25.24,25.24,25.24,25.24,200
SPNT,13-Aug-2026,23.14,23.32,22.955,23.23,737200
SPOT,13-Aug-2026,485.92,499.52,483.46,498.24,1091800
SPRU,13-Aug-2026,2.1,2.18,1.68,1.83,238400
SPXC,13-Aug-2026,219.65,221,210.82,212.16,545100
SPXX,13-Aug-2026,19.12,19.25,19.11,19.22,282700
SQM,13-Aug-2026,71.88,73.77,70.56,72.16,822300
SQNS,13-Aug-2026,2.89,3.0338,2.87,2.87,44700
SR,13-Aug-2026,82.36,84.16,82.09,82.93,405400
SRE,13-Aug-2026,86.19,86.98,85.85,86.48,3799200
SREA,13-Aug-2026,20.54,20.66,20.54,20.65,40100
SRFM,13-Aug-2026,0.8,0.8043,0.76,0.7911,2606400
SRG,13-Aug-2026,2.49,2.49,2.265,2.27,56800
SRG-A,13-Aug-2026,22.4,22.7732,22.39,22.7732,4500
SRGpA,13-Aug-2026,22.4,22.7732,22.39,22.7732,3314
SRI,13-Aug-2026,6.95,7.08,6.92,7.06,89100
SRJN,13-Aug-2026,23.12,23.1789,23.095,23.13,18300
SRL,13-Aug-2026,5.95,6.07,5.92,5.92,40100
SRV,13-Aug-2026,47.53,48.1,47.3001,48.02,41500
SSB,13-Aug-2026,111,111.74,110.69,110.91,1020400
SSD,13-Aug-2026,196.98,197.45,194.31,195.27,280400
SSL,13-Aug-2026,11.37,11.38,11.14,11.19,1266000
SSMR,13-Aug-2026,16.57,16.895,15.84,16.24,328700
SST,13-Aug-2026,1.86,1.94,1.67,1.7,110300
SSTK,13-Aug-2026,5.64,5.87,5.49,5.86,1031100
ST,13-Aug-2026,45.96,46.255,45.13,45.42,923700
STAG,13-Aug-2026,37.15,37.33,36.89,36.95,940000
STC,13-Aug-2026,66.01,67.96,66.01,67.69,174500
STDN,13-Aug-2026,11.33,12.15,10.85,12.09,541900
STE,13-Aug-2026,237.27,237.625,234.145,236.07,566100
STEM,13-Aug-2026,5.75,7.0205,5.63,6.24,483500
STEW,13-Aug-2026,18.71,18.71,18.56,18.67,83500
STG,13-Aug-2026,3.4,3.46,3.29,3.29,1900
STK,13-Aug-2026,53.11,53.75,52.94,53.39,57000
STLA,13-Aug-2026,5.47,5.49,5.3,5.37,13779200
STM,13-Aug-2026,54.32,55.25,53.885,53.92,6018100
STN,13-Aug-2026,73.36,74.66,70.84,74.01,743100
STNG,13-Aug-2026,76.42,79.26,76.27,78.54,831700
STT,13-Aug-2026,190,191.61,189.1001,189.85,1354300
STT-G,13-Aug-2026,21.13,21.13,21.05,21.05,32600
STTpG,13-Aug-2026,21.13,21.13,21.05,21.05,25872
STUB,13-Aug-2026,7.05,7.71,6.78,7.68,23464000
STVN,13-Aug-2026,21.24,21.61,20.95,21.52,571400
STWD,13-Aug-2026,16.47,16.5283,16.27,16.35,4637900
STXD,13-Aug-2026,41.37,41.47,41.25,41.3,15200
STXE,13-Aug-2026,49.5,49.85,49.5,49.6986,6500
STXF,13-Aug-2026,50.04,50.35,50.04,50.26,22800
STXG,13-Aug-2026,57.03,57.28,57.03,57.2134,2600
STXK,13-Aug-2026,39.3,39.42,39.275,39.3904,4800
STXT,13-Aug-2026,19.59,19.61,19.56,19.6,7700
STXV,13-Aug-2026,39.65,39.78,39.65,39.7533,8100
STZ,13-Aug-2026,134.6,137.55,134.125,136.35,1892800
SU,13-Aug-2026,63.41,65.5,63.335,65.43,5451600
SUI,13-Aug-2026,118.59,120.38,118.59,120.19,620200
SUN,13-Aug-2026,75.44,76.335,74.25,74.41,464500
SUNB,13-Aug-2026,80.25,81.35,78.63,81.23,3067600
SUNC,13-Aug-2026,75.49,76.8,74.7,75.5,567800
SUPV,13-Aug-2026,8.36,8.45,8.08,8.43,1064700
SUZ,13-Aug-2026,8.11,8.11,7.86,7.99,4630900
SVV,13-Aug-2026,10.72,11.18,10.68,10.83,4032600
SW,13-Aug-2026,49.66,50.19,49.28,50.02,4194700
SWK,13-Aug-2026,103.97,104.59,101.88,102.21,1027700
SWX,13-Aug-2026,92.72,93.255,91.91,92.09,334700
SWZ,13-Aug-2026,5.92,5.97,5.92,5.96,16000
SXC,13-Aug-2026,9.31,9.61,9.145,9.29,1357500
SXI,13-Aug-2026,333.81,333.87,324.63,327.78,187300
SXT,13-Aug-2026,131.21,132.67,129.73,129.99,365900
SYF,13-Aug-2026,79.87,80.5,79.13,80.08,2546000
SYF-A,13-Aug-2026,19.26,19.37,19.2201,19.27,27100
SYF-B,13-Aug-2026,25.7,25.7,25.6353,25.69,29600
SYFpA,13-Aug-2026,19.26,19.37,19.2201,19.27,25259
SYFpB,13-Aug-2026,25.7,25.7,25.6353,25.69,26382
SYK,13-Aug-2026,345.02,346.64,339.53,341.09,2017200
SYY,13-Aug-2026,84.985,85.4,83.375,83.55,2646600
T,13-Aug-2026,24.28,24.68,24.22,24.58,35277600
T-A,13-Aug-2026,17.94,17.97,17.84,17.84,480600
T-C,13-Aug-2026,16.9727,17.08,16.9727,16.98,178600
TAC,13-Aug-2026,12.39,12.625,12.38,12.61,2421500
TAK,13-Aug-2026,17.47,17.47,17.36,17.39,1953200
TAL,13-Aug-2026,11.82,11.9,11.435,11.6,3937500
TALO,13-Aug-2026,15.21,15.46,15.06,15.45,1265700
TAP,13-Aug-2026,41.73,42.46,41.695,42.12,1980600
TBB,13-Aug-2026,19.58,19.6501,19.52,19.52,93500
TBBB,13-Aug-2026,45.75,49.77,44.875,49.2,3092900
TBI,13-Aug-2026,9.97,10.2,9.89,10.14,279000
TBLU,13-Aug-2026,51.12,52.2,51.12,52.1325,2100
TBN,13-Aug-2026,36.18,36.415,35.5,35.86,62900
TCAI,13-Aug-2026,49.73,50.46,49.48,49.75,97000
TCBX,13-Aug-2026,45.75,46.105,45.4,46,60600
TCI,13-Aug-2026,37.05,37.65,35.56,35.56,14900
TCPA,13-Aug-2026,22.74,22.75,22.66,22.69,9900
TD,13-Aug-2026,123.75,124.42,122.9118,123.11,1226000
TDAY,13-Aug-2026,6.93,7.06,6.75,6.84,1899600
TDC,13-Aug-2026,26.86,27.815,26.67,27.63,3358900
TDF,13-Aug-2026,10.85,11.0676,10.8,10.85,49300
TDG,13-Aug-2026,1242,1249.375,1216.67,1246.31,380100
TDOC,13-Aug-2026,6.73,7.03,6.73,6.96,3754400
TDS,13-Aug-2026,33.43,35.205,33.335,35.04,1238700
TDS-U,13-Aug-2026,20.86,20.9,20.8201,20.84,8400
TDS-V,13-Aug-2026,19.045,19.12,19.045,19.095,9700
TDSpU,13-Aug-2026,20.86,20.9,20.8201,20.84,7002
TDSpV,13-Aug-2026,19.12,19.12,19.045,19.095,7039
TDW,13-Aug-2026,89.76,92,88.9834,91.52,752600
TDY,13-Aug-2026,688.32,690.755,670.81,673.66,245800
TE,13-Aug-2026,4.9,5.1687,4.76,4.79,22848600
TECK,13-Aug-2026,65.08,65.2,63.31,63.76,2420400
TEI,13-Aug-2026,6.79,6.8,6.7503,6.8,95200
TEL,13-Aug-2026,215.05,218.06,214.41,214.74,1270300
TEN,13-Aug-2026,39.36,41.5,39.36,40.81,322300
TEN-E,13-Aug-2026,26.22,26.305,26.22,26.305,2000
TEN-F,13-Aug-2026,26.63,26.6976,26.5,26.64,11400
TENpE,13-Aug-2026,26.22,26.305,26.22,26.305,1982
TENpF,13-Aug-2026,26.63,26.6976,26.5,26.64,9953
TEO,13-Aug-2026,13.55,13.665,13.33,13.36,167100
TEVA,13-Aug-2026,36.9,37.389,36.46,36.52,7608800
TEX,13-Aug-2026,68.11,68.85,66.015,66.2,1107200
TFC,13-Aug-2026,53,53.34,52.81,52.99,5323900
TFC-I,13-Aug-2026,18.27,18.36,18.27,18.33,4600
TFC-O,13-Aug-2026,20.16,20.21,20.14,20.21,51100
TFC-R,13-Aug-2026,18.15,18.28,18.1404,18.28,59800
TFCpI,13-Aug-2026,18.27,18.36,18.27,18.28,3476
TFCpO,13-Aug-2026,20.16,20.21,20.14,20.21,40665
TFCpR,13-Aug-2026,18.15,18.28,18.1404,18.28,50635
TFI-,13-Aug-2026,22.521,22.521,22.12,22.23,8200
TFII,13-Aug-2026,146.42,148.55,146.36,147.14,245500
TFIN,13-Aug-2026,77.13,78.875,76.9,78.43,142300
TFINP,13-Aug-2026,22.521,22.521,22.12,22.23,6634
TFPM,13-Aug-2026,31.75,32,31.25,31.3,516900
TFX,13-Aug-2026,135.91,137.54,135.17,137.37,963800
TG,13-Aug-2026,8,8.04,7.845,7.98,148500
TGE,13-Aug-2026,1.01,1.01,0.9,0.91,131700
TGLS,13-Aug-2026,42.51,42.51,41.51,42.12,228200
TGS,13-Aug-2026,27.96,28.22,27.66,27.89,225900
TGT,13-Aug-2026,155,156.47,154.39,155.51,3650200
THC,13-Aug-2026,268.11,270.5652,264.65,267.05,778100
THG,13-Aug-2026,224,224.6,220.89,223.19,237700
THIR,13-Aug-2026,34.7471,34.7471,34.54,34.66,81500
THLV,13-Aug-2026,33.04,33.04,32.96,33.022,3700
THMR,13-Aug-2026,25.5,25.5499,25.4601,25.5164,4500
THO,13-Aug-2026,77.71,80.165,77.71,78.88,845000
THQ,13-Aug-2026,19.57,19.61,19.47,19.52,116800
THW,13-Aug-2026,14,14.1,13.88,13.88,139100
TIC,13-Aug-2026,10.27,10.48,10.03,10.04,2391700
TIMB,13-Aug-2026,18.04,18.09,17.27,17.31,630500
TISI,13-Aug-2026,22.29,22.45,21.81,22.16,30900
TJX,13-Aug-2026,153,154.04,151.43,153.81,5377000
TK,13-Aug-2026,11.8,12.27,11.705,12.08,556900
TKC,13-Aug-2026,5.46,5.48,5.405,5.42,1401200
TKO,13-Aug-2026,196.14,199.8,194.66,199.68,1240400
TKR,13-Aug-2026,130.76,131.79,129.15,131.3,1242500
TLK,13-Aug-2026,14.74,14.74,14.605,14.69,627300
TLYS,13-Aug-2026,4.01,4.14,3.95,4.01,62000
TM,13-Aug-2026,187.71,188.8,187.01,188.71,277500
TME,13-Aug-2026,8.4,8.745,8.36,8.66,15752000
TMO,13-Aug-2026,606.29,606.75,593.39,595.89,1448300
TNC,13-Aug-2026,69.7,70.895,67.61,67.64,306000
TNET,13-Aug-2026,67.14,70.22,67.14,70.11,264100
TNGY,13-Aug-2026,10.73,10.83,10.71,10.79,28700
TNK,13-Aug-2026,81.14,84.235,81.14,83.54,456700
TNL,13-Aug-2026,75.26,75.26,74.32,74.79,392200
TOL,13-Aug-2026,151.05,151.105,148.23,149.31,873000
TOST,13-Aug-2026,34.41,35.265,34.04,35.22,8015500
TpA,13-Aug-2026,17.94,17.97,17.84,17.85,463388
TPB,13-Aug-2026,87.48,88.405,85.89,86.35,216500
TPC,13-Aug-2026,97.58,97.58,94.54,94.67,309200
TPL,13-Aug-2026,336.49,350.515,335.1001,347.04,372700
TPR,13-Aug-2026,132.7,135.78,127.78,128.39,8534000
TPTS,13-Aug-2026,16.35,16.61,16.35,16.6,3200
TPVG,13-Aug-2026,5.37,5.465,5.32,5.45,253600
TPYP,13-Aug-2026,42.8,42.895,42.5707,42.6646,29300
TPZ,13-Aug-2026,21.64,21.71,21.47,21.5,13400
TR,13-Aug-2026,40.91,40.93,39.67,40.24,268900
TRA-,13-Aug-2026,0.34,0.36,0.3,0.36,47700
TRAD,13-Aug-2026,9.99,9.99,9.94,9.94,4500
TRAK,13-Aug-2026,8.47,8.7,8.26,8.67,42300
TRC,13-Aug-2026,16.45,16.54,16.31,16.41,172400
TREX,13-Aug-2026,50.01,50.96,49.17,50.08,2171200
TRGP,13-Aug-2026,267.18,270.55,265.59,266.88,693400
TRIN,13-Aug-2026,18.32,18.565,18.25,18.43,1005100
TRLV,13-Aug-2026,9.15,9.9,9.02,9.6,1139500
TRN,13-Aug-2026,29.2,29.38,29,29.31,514700
TRNI,13-Aug-2026,25.3,25.35,25.3,25.3,16500
TRNO,13-Aug-2026,68.35,69.51,68.35,68.84,556300
TRNZ,13-Aug-2026,25.3,25.35,25.28,25.28,7600
TROX,13-Aug-2026,5.58,6.09,5.58,6,3330400
TRP,13-Aug-2026,63.57,63.7599,62.77,63.14,1694400
TRT-A,13-Aug-2026,26.05,26.165,26.05,26.0894,3400
TRT-B,13-Aug-2026,25.475,25.4932,25.475,25.475,1700
TRT-C,13-Aug-2026,24.8,24.9,24.8,24.9,2600
TRT-D,13-Aug-2026,22.85,23.03,22.8479,23.03,8900
TRT-E,13-Aug-2026,18.8,18.95,18.79,18.79,2000
TRT-F,13-Aug-2026,24.5,24.7013,24.5,24.54,1600
TRT-G,13-Aug-2026,23.89,23.9,23.83,23.89,4300
TRT-P,13-Aug-2026,18.54,18.54,18.54,18.54,200
TRTNpA,13-Aug-2026,26.05,26.165,26.05,26.0894,3282
TRTNpB,13-Aug-2026,25.475,25.4932,25.475,25.475,400
TRTNpC,13-Aug-2026,24.8,24.9,24.8,24.9,2367
TRTNpD,13-Aug-2026,22.85,23.03,22.8479,23.03,8316
TRTNpE,13-Aug-2026,18.8,18.95,18.79,18.79,1740
TRTNpF,13-Aug-2026,24.5,24.7013,24.5,24.54,1504
TRTX,13-Aug-2026,8.03,8.06,7.98,8.02,589200
TRTXpC,13-Aug-2026,18.54,18.54,18.54,18.54,135
TRU,13-Aug-2026,79.64,81.76,78.54,81.13,2822300
TRV,13-Aug-2026,371.46,374.87,368.745,370,1788100
TS,13-Aug-2026,52.77,53.075,52.315,52.62,1371700
TSI,13-Aug-2026,4.41,4.42,4.4,4.4,102900
TSLX,13-Aug-2026,18.9,19.2624,18.9,19.17,427900
TSM,13-Aug-2026,429.15,436.04,428.3922,430.49,8194000
TSN,13-Aug-2026,56.4,56.99,56.22,56.39,2092500
TSQ,13-Aug-2026,5.67,5.989,5.58,5.7,56400
TT,13-Aug-2026,481.05,483.62,474.25,477.69,606100
TTAM,13-Aug-2026,16.11,16.23,15.65,15.71,471500
TTC,13-Aug-2026,98.77,98.91,96.4,96.67,456400
TTE,13-Aug-2026,86.28,87.23,85.785,87.05,1184900
TTI,13-Aug-2026,8.69,8.87,8.43,8.45,1127900
TU,13-Aug-2026,9.54,9.72,9.475,9.68,7731200
TUYA,13-Aug-2026,1.77,1.82,1.75,1.82,375500
TV,13-Aug-2026,2.86,2.88,2.81,2.86,439100
TVC,13-Aug-2026,24.02,24.02,24.02,24.02,400
TVE,13-Aug-2026,23.45,23.49,23.45,23.49,1900
TWI,13-Aug-2026,7.04,7.07,6.775,6.79,593500
TWLO,13-Aug-2026,247.39,254.57,245.56,249.42,2162200
TWN,13-Aug-2026,96.43,98.1799,95.95,97.38,28000
TWO,13-Aug-2026,12.04,12.05,12.01,12.03,1796400
TWO-A,13-Aug-2026,25.09,25.11,25.09,25.11,5100
TWO-B,13-Aug-2026,25.07,25.1,25.07,25.09,6900
TWO-C,13-Aug-2026,25.12,25.13,25.11,25.13,29700
TWOD,13-Aug-2026,25.27,25.35,25.27,25.33,16100
TWOpA,13-Aug-2026,25.09,25.11,25.09,25.11,4373
TWOpB,13-Aug-2026,25.07,25.1,25.07,25.09,5416
TWOpC,13-Aug-2026,25.12,25.13,25.11,25.13,16871
TX,13-Aug-2026,54.69,55.2432,54.07,54.28,309600
TXNM,13-Aug-2026,57.43,57.5,57.31,57.39,596600
TXO,13-Aug-2026,14.37,14.539,14.14,14.17,361000
TXT,13-Aug-2026,88.24,89.465,87.09,88.04,1421600
TY,13-Aug-2026,35.99,36.55,35.8,36.06,98500
TY-,13-Aug-2026,42.15,42.65,42.15,42.24,5800
TYG,13-Aug-2026,42.92,43.61,42.84,43.46,116800
TYL,13-Aug-2026,319.01,331.86,311.07,328.95,1021200
TYp,13-Aug-2026,42.15,42.65,42.15,42.24,3165
U,13-Aug-2026,44.615,45.84,44.1028,45.79,12557200
UA,13-Aug-2026,5.25,5.31,5.17,5.24,2576600
UAA,13-Aug-2026,5.35,5.435,5.3,5.35,9467400
UAMY,13-Aug-2026,4.96,5.455,4.855,5.34,11045100
UAN,13-Aug-2026,118.79,119.95,117.5368,118.83,42800
UBER,13-Aug-2026,75.63,76.035,74.53,75.88,13239300
UBS,13-Aug-2026,53.9,54.01,53.46,53.73,1111300
UCB,13-Aug-2026,36.63,36.8,36.425,36.76,850800
UDR,13-Aug-2026,37.42,38.07,37.38,37.94,2827700
UE,13-Aug-2026,21.95,22.02,21.725,21.99,578200
UFI,13-Aug-2026,6.81,6.875,6.46,6.46,55500
UGI,13-Aug-2026,35.17,35.5,35,35.26,1547900
UGP,13-Aug-2026,5.97,6.16,5.935,6.16,5109400
UHA.B,13-Aug-2026,65.41,65.995,64.24,64.93,429100
UHAL,13-Aug-2026,74.73,75.16,73.955,74,131800
UHAL.B,13-Aug-2026,65.41,65.995,64.24,64.93,213762
UHS,13-Aug-2026,172.41,173.705,169.61,171.21,761100
UHT,13-Aug-2026,41.59,41.965,41.03,41.26,84900
UI,13-Aug-2026,574.86,587.33,572.05,583,79900
UIS,13-Aug-2026,2.85,2.905,2.801,2.88,383500
UL,13-Aug-2026,62.27,62.75,62.165,62.68,2076400
ULS,13-Aug-2026,77.09,78.27,76.12,76.81,717800
UMC,13-Aug-2026,19.25,19.72,19.225,19.38,7682200
UMH,13-Aug-2026,16.37,16.66,16.37,16.59,748000
UMH-D,13-Aug-2026,22.1,22.2374,22.0801,22.1151,31400
UMHpD,13-Aug-2026,22.1,22.2374,22.0801,22.1151,30045
UNF,13-Aug-2026,291.73,291.9799,287.71,287.91,64100
UNFI,13-Aug-2026,48.32,48.7575,47.78,48.58,549500
UNH,13-Aug-2026,405.59,407.32,398.59,399.06,4170200
UNM,13-Aug-2026,92.64,94.55,92.3501,92.7,1025500
UNMA,13-Aug-2026,21.12,21.13,21.01,21.06,11000
UNP,13-Aug-2026,295.21,299.39,295.21,297.79,2314500
UP,13-Aug-2026,5.23,5.33,5.0773,5.16,70800
UPS,13-Aug-2026,104.5,105.7499,104.32,105.54,4253600
URI,13-Aug-2026,1131.39,1143.63,1111.37,1120.58,437400
USA,13-Aug-2026,6.08,6.11,6.07,6.08,1436700
USAC,13-Aug-2026,26.51,26.51,25.85,26.06,344900
USB,13-Aug-2026,65.11,65.605,64.965,65.17,3994600
USB-A,13-Aug-2026,772.58,772.7199,772.4499,772.4499,600
USB-H,13-Aug-2026,18.61,18.66,18.5,18.58,64400
USB-P,13-Aug-2026,21.22,21.26,21.13,21.15,36900
USB-Q,13-Aug-2026,14.24,14.32,14.21,14.24,27500
USB-R,13-Aug-2026,15.05,15.18,15.05,15.14,48600
USB-S,13-Aug-2026,17.03,17.19,17.03,17.16,36300
USBpA,13-Aug-2026,772.58,772.7199,772.4499,772.4499,185
USBpH,13-Aug-2026,18.61,18.66,18.5,18.58,55669
USBpP,13-Aug-2026,21.22,21.26,21.13,21.19,31709
USBpQ,13-Aug-2026,14.24,14.32,14.21,14.24,25250
USBpR,13-Aug-2026,15.05,15.18,15.05,15.13,43255
USBpS,13-Aug-2026,17.03,17.19,17.03,17.16,30173
USFD,13-Aug-2026,110.26,111.25,109.61,110.09,2291300
USNA,13-Aug-2026,13.61,14.025,13.5,13.63,262500
USPH,13-Aug-2026,82.99,83.43,82.08,82.76,176600
UTF,13-Aug-2026,26.84,27.1652,26.83,26.97,194400
UTI,13-Aug-2026,26.56,27.09,25.82,25.84,1788800
UTL,13-Aug-2026,54.31,54.86,54.24,54.41,69100
UTZ,13-Aug-2026,14.15,14.16,14.13,14.16,1750000
UVE,13-Aug-2026,42.81,43.19,42.18,42.39,147200
UVV,13-Aug-2026,45.56,46.2899,44.785,44.89,437200
UWMC,13-Aug-2026,1.53,1.67,1.52,1.63,22606900
UZD,13-Aug-2026,19.05,19.16,19.05,19.16,3400
UZE,13-Aug-2026,16.536,16.77,16.502,16.68,2900
UZF,13-Aug-2026,16.652,16.77,16.652,16.7323,1800
V,13-Aug-2026,363.7,365.45,358.71,365.45,8142500
VAC,13-Aug-2026,120.87,121.73,118.6603,121.31,332300
VAC.U,13-Aug-2026,10.5,10.5,10.4,10.41,3900
VAC.W,13-Aug-2026,0.65,0.65,0.501,0.57,90400
VACI,13-Aug-2026,10.18,10.24,10.17,10.22,3230800
VAL,13-Aug-2026,83.57,86.2,83,85.13,1926200
VAL.W,13-Aug-2026,10.91,12.11,10.91,11.75,9900
VAL.WS,13-Aug-2026,10.91,12.11,10.91,11.75,8835
VALE,13-Aug-2026,13.97,14.02,13.735,13.8,21853100
VATE,13-Aug-2026,7.57,8.1,7.44,7.51,338800
VBF,13-Aug-2026,14.77,14.8051,14.75,14.78,45200
VCV,13-Aug-2026,10.75,10.75,10.73,10.74,57500
VCX,13-Aug-2026,34.47,41.64,32,38.5,1402400
VEC-,13-Aug-2026,0.2894,0.31,0.2893,0.31,1600
VEEV,13-Aug-2026,241.91,253.35,239.5,252.64,2590600
VEL,13-Aug-2026,18.16,18.36,17.93,18.1,92900
VET,13-Aug-2026,11.06,11.25,10.94,11.23,812400
VFC,13-Aug-2026,14.73,14.84,14.495,14.74,6308200
VG,13-Aug-2026,13.32,13.81,13.17,13.54,14852200
VGI,13-Aug-2026,7.35,7.38,7.28,7.38,56800
VGM,13-Aug-2026,10.46,10.54,10.42,10.54,157000
VGNT,13-Aug-2026,45.52,46.1467,44.74,45.54,776400
VHI,13-Aug-2026,16.37,16.6844,16,16.46,7500
VIA,13-Aug-2026,26,26.54,25.15,26.36,909100
VICI,13-Aug-2026,26.16,26.46,26.16,26.34,12934600
VII,13-Aug-2026,9.83,9.845,9.83,9.845,91800
VII.U,13-Aug-2026,9.99,9.99,9.99,9.99,45100
VII.W,13-Aug-2026,0.4,0.4,0.4,0.4,15800
VIK,13-Aug-2026,106.25,106.81,104.34,106.11,1826300
VIPS,13-Aug-2026,14.48,14.49,14,14.16,1836400
VIRT,13-Aug-2026,57.18,57.98,56.96,57.2,1034300
VIST,13-Aug-2026,64.81,66.78,64.75,66.19,395400
VIV,13-Aug-2026,11.56,11.56,11.25,11.34,2285400
VKQ,13-Aug-2026,9.89,9.94,9.8716,9.94,252400
VLN,13-Aug-2026,1.82,2.055,1.82,1.94,2023500
VLO,13-Aug-2026,327.92,343.73,326.12,342.92,2186300
VLRS,13-Aug-2026,8,8.21,7.95,8.02,912300
VLT,13-Aug-2026,10.12,10.16,10.12,10.12,18000
VLTO,13-Aug-2026,97.11,97.79,95.978,97.54,981500
VMC,13-Aug-2026,281.93,283.205,277.06,277.52,606300
VMI,13-Aug-2026,495.24,499.33,489.1401,492.2,99200
VMO,13-Aug-2026,9.85,9.89,9.83,9.89,244900
VMRK,13-Aug-2026,65.09,66.65,64.75,65.97,4154300
VNO,13-Aug-2026,39.4,40.21,39.38,39.67,874100
VNO-L,13-Aug-2026,17.52,17.66,17.52,17.58,5700
VNO-M,13-Aug-2026,17.38,17.87,17.38,17.66,8400
VNO-N,13-Aug-2026,17.6314,17.6314,17.305,17.34,6900
VNO-O,13-Aug-2026,14.605,14.68,14.605,14.68,2600
VNOpL,13-Aug-2026,17.52,17.66,17.52,17.58,5156
VNOpM,13-Aug-2026,17.38,17.87,17.38,17.66,6143
VNOpN,13-Aug-2026,17.6314,17.6314,17.305,17.34,6217
VNOpO,13-Aug-2026,14.605,14.68,14.605,14.68,1700
VNT,13-Aug-2026,33.54,33.56,32.72,33.08,1286300
VOC,13-Aug-2026,3.12,3.3,3.08,3.28,173400
VOY-B,13-Aug-2026,23.85,24.045,23.85,23.94,18500
VOYA,13-Aug-2026,99.98,101.295,99.78,101.08,855100
VOYApB,13-Aug-2026,23.85,24.045,23.85,23.99,15264
VOYG,13-Aug-2026,42.99,45.33,42.4483,44.28,1358200
VPG,13-Aug-2026,69.6,72.8599,67.75,68.13,603900
VPV,13-Aug-2026,11.22,11.3,11.15,11.3,55800
VRT,13-Aug-2026,287.95,293.51,286.88,287.07,3120000
VRTS,13-Aug-2026,169.76,170.6,167.19,170.2,125800
VSH,13-Aug-2026,33.55,34.66,33.1,33.32,3619900
VST,13-Aug-2026,146.25,147.77,144.801,146.4,2839700
VSTS,13-Aug-2026,14.24,14.36,13.51,13.52,1265000
VSXY,13-Aug-2026,93.87,95.44,90.26,91.06,1452500
VTEX,13-Aug-2026,3.86,3.96,3.795,3.81,1017500
VTMX,13-Aug-2026,34.54,34.68,33.5,33.85,93200
VTN,13-Aug-2026,11.11,11.2896,11.11,11.26,14900
VTOL,13-Aug-2026,46.05,46.62,45.6,46.48,199500
VTR,13-Aug-2026,89.49,90.57,89.35,90.29,2306000
VTS,13-Aug-2026,16.03,16.23,15.85,16.2,368200
VVR,13-Aug-2026,2.98,2.99,2.97,2.98,476400
VVV,13-Aug-2026,33.6,33.865,33.29,33.77,2249700
VVX,13-Aug-2026,80.78,81.86,79.64,81.27,334600
VYX,13-Aug-2026,8.26,8.535,8.105,8.49,2335800
VZ,13-Aug-2026,47.03,48.24,47.0014,48.22,17937200
W,13-Aug-2026,103.34,103.405,100.13,101.13,2136600
WAB,13-Aug-2026,296.41,298.09,293.5325,297.98,1055000
WAL,13-Aug-2026,82.85,83.64,81.74,81.74,803600
WAL-A,13-Aug-2026,24.64,24.7,24.64,24.65,9100
WALpA,13-Aug-2026,24.64,24.7,24.64,24.65,8131
WAT,13-Aug-2026,412.63,420.26,408.78,413.51,688500
WBI,13-Aug-2026,31.11,31.74,30.79,31.25,507100
WBIY,13-Aug-2026,38.35,38.7848,38.35,38.7848,5500
WBS,13-Aug-2026,79.35,79.4,78.89,79.02,4794400
WBS-F,13-Aug-2026,21.01,21.01,20.53,21.01,9200
WBS-G,13-Aug-2026,24.09,24.095,24.0294,24.08,2100
WBSpF,13-Aug-2026,21.01,21.01,20.53,21.01,7056
WBSpG,13-Aug-2026,24.09,24.095,24.0294,24.08,1362
WBX,13-Aug-2026,3.11,3.2577,2.85,2.98,25200
WCC,13-Aug-2026,366.46,368.1368,359,359.41,522000
WCN,13-Aug-2026,165.49,166.36,164.34,165.53,1206900
WD,13-Aug-2026,42.73,43.0499,41.63,42.78,617100
WDH,13-Aug-2026,1,1.015,0.998,1,312100
WDI,13-Aug-2026,13.22,13.31,13.1601,13.25,282100
WDS,13-Aug-2026,22.71,22.88,22.5609,22.8,335100
WEA,13-Aug-2026,10.5,10.55,10.4913,10.53,39400
WEAV,13-Aug-2026,5.08,5.38,4.95,5.32,1389000
WEC,13-Aug-2026,109.28,110.6,109.28,110.28,4271100
WELL,13-Aug-2026,231.5,235.59,231.21,234.44,4477400
WES,13-Aug-2026,48.34,48.8,48.215,48.29,865700
WEX,13-Aug-2026,191.58,199.69,190.78,199.01,721300
WF,13-Aug-2026,70.32,71.09,69.87,70.82,75200
WFC,13-Aug-2026,89.36,89.5,87.78,88.11,10459300
WFC-A,13-Aug-2026,18.02,18.06,17.96,18,87200
WFC-C,13-Aug-2026,16.75,16.82,16.7451,16.76,65900
WFC-D,13-Aug-2026,16.37,16.41,16.3,16.36,105900
WFC-L,13-Aug-2026,1175,1179.37,1172.1,1173,5000
WFC-Y,13-Aug-2026,21.98,22.15,21.98,22.1,80000
WFC-Z,13-Aug-2026,18.13,18.24,18.12,18.13,170000
WFCpA,13-Aug-2026,18.02,18.06,17.96,18,78978
WFCpC,13-Aug-2026,16.75,16.82,16.7451,16.755,58578
WFCpD,13-Aug-2026,16.37,16.41,16.3,16.36,92846
WFCpL,13-Aug-2026,1175,1179.3699,1172.1,1176.9899,3648
WFCpY,13-Aug-2026,21.98,22.15,21.98,22.1,70499
WFCpZ,13-Aug-2026,18.13,18.24,18.12,18.13,151651
WFG,13-Aug-2026,70.15,71.28,69.3,69.55,139700
WGO,13-Aug-2026,32.18,33.19,32.18,32.57,411800
WH,13-Aug-2026,73.71,75.25,73.68,74.31,1282300
WHD,13-Aug-2026,71.63,72.87,71.555,72.04,908200
WHG,13-Aug-2026,19.42,19.66,19.09,19.27,12300
WHK,13-Aug-2026,26.4,26.475,25.9,26.06,134400
WHR,13-Aug-2026,43.36,43.965,42.73,42.85,1373100
WHR-A,13-Aug-2026,36.21,36.54,36.1,36.1,54900
WIA,13-Aug-2026,8.01,8.0262,7.9757,7.995,5100
WINN,13-Aug-2026,34.15,34.365,34.15,34.285,77400
WIT,13-Aug-2026,1.96,1.98,1.92,1.96,3803900
WIW,13-Aug-2026,8.39,8.41,8.35,8.38,307600
WK,13-Aug-2026,68.57,73.84,67.42,73.75,1094800
WKC,13-Aug-2026,36.94,37.43,36.92,37.12,578900
WLK,13-Aug-2026,78.49,80.35,78,80.19,617800
WLKP,13-Aug-2026,21.62,21.8,21.3292,21.67,27000
WLTG,13-Aug-2026,39.39,39.43,39.3174,39.3947,1300
WLY,13-Aug-2026,50.58,51.92,50.58,51.82,407200
WLYB,13-Aug-2026,50.55,51.43,50.55,51.43,600
WM,13-Aug-2026,227.59,228.37,224.15,224.21,2253800
WMB,13-Aug-2026,73.5,74.03,73.04,73.04,3942800
WMK,13-Aug-2026,72.61,72.84,71.38,71.54,175400
WMS,13-Aug-2026,141.79,149.33,140.075,149.23,1130500
WNC,13-Aug-2026,12.55,13.05,12.36,12.49,1256200
WOLF,13-Aug-2026,31.15,33.51,30.84,31.51,3876000
WOR,13-Aug-2026,57.49,58.16,56.53,58.16,276300
WPC,13-Aug-2026,71,71.57,71,71.49,671700
WPM,13-Aug-2026,133,133.7189,131.21,131.86,1818300
WPP,13-Aug-2026,26.92,27.16,26.5,26.99,419500
WRB,13-Aug-2026,70.12,70.705,69.68,70.47,1524000
WRB-E,13-Aug-2026,20.76,20.805,20.6,20.6,26600
WRB-F,13-Aug-2026,18.1,18.28,17.94,17.94,29000
WRB-G,13-Aug-2026,15.46,15.49,15.3601,15.3601,2800
WRB-H,13-Aug-2026,14.8,14.895,14.7739,14.82,7500
WRBpE,13-Aug-2026,20.76,20.805,20.6,20.6,23532
WRBpF,13-Aug-2026,18.0955,18.28,17.94,17.94,23420
WRBpG,13-Aug-2026,15.46,15.49,15.3601,15.3601,1652
WRBpH,13-Aug-2026,14.8,14.895,14.7739,14.82,5292
WRBY,13-Aug-2026,25.71,26.18,25.19,25.88,1835500
WS,13-Aug-2026,38.53,38.53,37.69,38.04,137900
WSM,13-Aug-2026,248.88,248.96,242.23,242.44,682100
WSO,13-Aug-2026,311.91,314.38,309.09,311.6,347500
WST,13-Aug-2026,353.55,353.55,346,346.16,777600
WT,13-Aug-2026,22.83,23.2865,22.365,22.7,1279800
WTI,13-Aug-2026,3.59,3.64,3.515,3.62,2798600
WTM,13-Aug-2026,2115.01,2141.76,2096.72,2141.42,28600
WTRG,13-Aug-2026,39.94,40.64,39.905,40.46,1488400
WTS,13-Aug-2026,389.28,389.28,381.27,383.05,109300
WTTR,13-Aug-2026,21.07,21.29,20.34,20.37,1274300
WU,13-Aug-2026,7.11,7.52,7.11,7.49,13393400
WWW,13-Aug-2026,19.62,20.36,18.98,19.88,1240400
WY,13-Aug-2026,24.84,25,24.75,24.82,3745900
XFL-,13-Aug-2026,0.1002,0.1002,0.1002,0.1002,13000
XFLH,13-Aug-2026,9.98,9.98,9.98,9.98,1600
XFLT,13-Aug-2026,19.16,19.39,19.08,19.28,86100
XHR,13-Aug-2026,18.92,19.125,18.76,19.05,498100
XIFR,13-Aug-2026,11.47,11.71,11.41,11.6,678500
XOM,13-Aug-2026,158.03,159.76,157.43,158.61,10542800
XPER,13-Aug-2026,6.63,6.63,6.51,6.57,555000
XPEV,13-Aug-2026,11.635,11.795,11.49,11.78,6833700
XPO,13-Aug-2026,209.93,214.9999,209.795,211.07,755800
XPOF,13-Aug-2026,4.96,5.11,4.85,4.87,977200
XPRO,13-Aug-2026,18.33,18.74,18.11,18.65,802500
XRN,13-Aug-2026,36.84,37.2467,36.16,36.58,100200
XRN-A,13-Aug-2026,24.75,24.905,24.75,24.9,2300
XRN-B,13-Aug-2026,25.6,26.275,25.56,25.56,81500
XXI,13-Aug-2026,4.69,5.02,4.69,5,1179100
XYF,13-Aug-2026,5.21,5.59,5.21,5.56,81900
XYL,13-Aug-2026,122.4,122.92,119.47,120.32,1465100
XYZ,13-Aug-2026,79.09,83.72,78.92,83.09,5225500
XZO,13-Aug-2026,15.48,15.9417,15.12,15.67,260000
YALA,13-Aug-2026,5.43,5.43,5.35,5.42,244000
YCY,13-Aug-2026,10.24,10.245,10.24,10.24,34900
YCY.U,13-Aug-2026,10.29,10.2921,10.29,10.2921,1400
YELP,13-Aug-2026,23.38,24.43,23.33,24.39,1025300
YETI,13-Aug-2026,46,47.485,43.8,45.47,7476800
YEXT,13-Aug-2026,5.8,6.13,5.77,6.11,939800
YMM,13-Aug-2026,9.16,9.16,8.79,8.87,6479200
YOU,13-Aug-2026,46.34,46.49,44.76,45.67,2049200
YPF,13-Aug-2026,48.4,49.52,48.11,49.45,874600
YRD,13-Aug-2026,1.18,1.21,1.17,1.2,33400
YSG,13-Aug-2026,3.28,3.48,3.28,3.4,53500
YSS,13-Aug-2026,10.87,11.89,10.76,11.51,4593200
YUM,13-Aug-2026,152,154.78,150.72,150.85,2756600
YUMC,13-Aug-2026,48.05,48.33,47.21,47.24,1771900
ZBH,13-Aug-2026,98.42,100.06,97.615,99.57,2619300
ZEPP,13-Aug-2026,5.4,5.49,5.3,5.36,10800
ZETA,13-Aug-2026,28.7,29.75,28.19,29.62,7655100
ZGN,13-Aug-2026,13.92,14.11,13,13.91,703300
ZH,13-Aug-2026,3.18,3.23,3.12,3.19,131300
ZIM,13-Aug-2026,26.42,27.25,26.34,26.82,4016300
ZIP,13-Aug-2026,4.84,4.91,4.46,4.72,907100
ZKH,13-Aug-2026,2.92,2.93,2.89,2.92,90800
ZTO,13-Aug-2026,23.13,23.31,22.76,22.92,1353700
ZTR,13-Aug-2026,6.79,6.7999,6.74,6.76,114100
ZTS,13-Aug-2026,74.09,75.84,73.01,75.84,7351600
ZVIA,13-Aug-2026,1.39,1.4,1.29,1.3,359800
ZWS,13-Aug-2026,51.54,51.86,50.465,50.73,807900
