Symbol,Date,Open,High,Low,Close,Volume
A,08-Oct-2026,167.48,168.66,163.32,168.17,2718100
AA,08-Oct-2026,42.01,42.98,41.835,42.83,4268800
AAC,08-Oct-2026,10.02,10.06,9.95,10.06,4500
AAC.U,08-Oct-2026,10.05,10.1,10.05,10.1,686900
AAC.W,08-Oct-2026,0.7214,0.7214,0.5001,0.5001,1900
AADX,08-Oct-2026,11.2,11.44,10.9401,11.15,1951200
AAMI,08-Oct-2026,92.27,94.45,91.7575,93.3,483400
AAP,08-Oct-2026,41.04,42.52,40.85,42.4,1595100
AAT,08-Oct-2026,21.47,21.61,21.301,21.61,468300
AAUC,08-Oct-2026,19.52,19.86,19.41,19.63,238200
AB,08-Oct-2026,35.2,35.465,35.03,35.3,201300
ABBV,08-Oct-2026,270.98,272.515,265.71,272.42,5494900
ABCB,08-Oct-2026,78.25,79.74,78.25,79.66,356200
ABEV,08-Oct-2026,3.14,3.19,3.13,3.19,33506700
ABG,08-Oct-2026,169.35,169.685,164.34,168.96,271400
ABM,08-Oct-2026,48.13,49.92,48.1,49.89,496700
ABR,08-Oct-2026,3.22,3.32,3.08,3.09,7976500
ABR-D,08-Oct-2026,13.07,13.075,12.6816,12.87,26200
ABR-E,08-Oct-2026,12.7,12.7,12.35,12.4699,21000
ABR-F,08-Oct-2026,17.04,17.06,16.26,16.26,25100
ABRpD,08-Oct-2026,12.85,13.075,12.6816,12.87,23157
ABRpE,08-Oct-2026,12.7,12.7,12.35,12.4699,18794
ABRpF,08-Oct-2026,17.04,17.06,16.26,16.26,18999
ABT,08-Oct-2026,98.56,99.2,97.2,98.49,13909600
ABX,08-Oct-2026,8.23,8.36,8.19,8.32,402800
ABXL,08-Oct-2026,25.2,25.3094,25.2,25.28,14500
ACA,08-Oct-2026,146.43,146.805,146.33,146.5,639900
ACCO,08-Oct-2026,4.4,4.48,4.36,4.46,830200
ACEL,08-Oct-2026,10.93,11.13,10.9,11.1,380800
ACH,08-Oct-2026,0.4759,0.4861,0.435,0.4432,1385000
ACHR,08-Oct-2026,4.635,4.7457,4.61,4.72,29060600
ACI,08-Oct-2026,11.86,12.36,11.81,12.34,12422000
ACLO,08-Oct-2026,50.4,50.4,50.38,50.38,20800
ACM,08-Oct-2026,57.74,59.535,57.74,59.46,1411300
ACN,08-Oct-2026,197.73,209.06,193.221,208.36,12095600
ACP,08-Oct-2026,4.36,4.375,4.32,4.36,980900
ACP-A,08-Oct-2026,17.66,17.9,17.42,17.88,6100
ACPpA,08-Oct-2026,17.66,17.9,17.42,17.88,5164
ACR,08-Oct-2026,10.16,10.38,10.16,10.21,32600
ACR-C,08-Oct-2026,20.25,20.97,19.88,19.951,39800
ACR-D,08-Oct-2026,15.06,15.31,14.575,14.575,18200
ACRE,08-Oct-2026,3.61,3.68,3.5801,3.66,650600
ACRpC,08-Oct-2026,20.25,20.97,19.88,19.951,36320
ACRpD,08-Oct-2026,15.06,15.31,14.575,14.575,13190
ACV,08-Oct-2026,24.76,24.86,24.22,24.28,53000
ACVA,08-Oct-2026,10.45,10.45,10.44,10.44,4037300
AD,08-Oct-2026,33.9,34.13,32.86,33.66,262100
ADC,08-Oct-2026,65.24,65.85,64.43,65.82,1718800
ADC-A,08-Oct-2026,15.88,15.92,15.6,15.79,8400
ADCT,08-Oct-2026,1.41,1.63,1.32,1.59,5552400
ADCpA,08-Oct-2026,15.88,15.92,15.6,15.79,6549
ADIG,08-Oct-2026,17.26,17.805,16.77,17.2,583700
ADM,08-Oct-2026,82.11,83.065,82.02,82.45,3009000
ADNT,08-Oct-2026,17.53,17.63,17.15,17.62,937300
ADT,08-Oct-2026,6.3,6.51,6.28,6.5,9191000
ADX,08-Oct-2026,25.91,26.04,25.63,25.8,216800
AEE,08-Oct-2026,101.17,101.955,100.565,101.84,2769100
AEFC,08-Oct-2026,17.3,17.4688,17.11,17.34,73700
AEG,08-Oct-2026,8.28,8.34,8.21,8.27,8983300
AEM,08-Oct-2026,180.73,185.1472,179.67,183.87,1710000
AEO,08-Oct-2026,17.41,18.07,17.31,17.97,4100000
AER,08-Oct-2026,141.32,142.905,139.74,142.81,1307500
AES,08-Oct-2026,14.92,14.98,14.91,14.93,13114900
AESI,08-Oct-2026,12.45,12.55,12.08,12.16,3950900
AEXA,08-Oct-2026,10.79,10.9,10.74,10.83,567500
AFB,08-Oct-2026,9.32,9.4,9.28,9.37,222200
AFG,08-Oct-2026,139.2,142.2957,138.6142,141.98,333900
AFGB,08-Oct-2026,22.18,22.2507,21.7,22.08,10500
AFGC,08-Oct-2026,18.86,18.86,18.5001,18.68,7900
AFGD,08-Oct-2026,21.31,22.68,21.31,22.44,18400
AFGE,08-Oct-2026,16.93,16.93,16.3706,16.81,10900
AFL,08-Oct-2026,112.77,115.72,112.47,114.94,2087200
AG,08-Oct-2026,16.58,17.015,16.545,16.98,13338200
AGBK,08-Oct-2026,6.45,6.64,6.29,6.51,336900
AGCO,08-Oct-2026,107.82,109.595,105.97,108.13,916300
AGD,08-Oct-2026,11.19,11.2,11.04,11.1,67600
AGI,08-Oct-2026,31.46,32.31,31.4,32.22,2727500
AGL,08-Oct-2026,84.07,84.83,82.06,84.72,222300
AGM,08-Oct-2026,208.66,208.88,203.01,207.44,125100
AGM-D,08-Oct-2026,19,19.315,19,19.1,2500
AGM-E,08-Oct-2026,18.95,19.11,18.94,18.99,4100
AGM-F,08-Oct-2026,17.36,17.38,17.2701,17.35,21000
AGM-G,08-Oct-2026,16.25,16.495,16.2,16.22,17000
AGM-H,08-Oct-2026,21.42,21.4499,21.355,21.405,4600
AGM-I,08-Oct-2026,23.41,23.99,23.41,23.55,5700
AGM.A,08-Oct-2026,141,141,140.87,140.87,900
AGMpD,08-Oct-2026,19,19.315,19,19.1,1671
AGMpE,08-Oct-2026,18.95,19.11,18.94,18.99,3376
AGMpF,08-Oct-2026,17.359,17.38,17.2701,17.35,20319
AGMpG,08-Oct-2026,16.25,16.495,16.2,16.22,16610
AGMpH,08-Oct-2026,21.42,21.4499,21.355,21.405,4218
AGO,08-Oct-2026,68.99,70.74,68.84,70.72,332100
AGRO,08-Oct-2026,10.62,10.76,10.42,10.46,632700
AGX,08-Oct-2026,398.19,406.99,385.285,398.66,336500
AHL-D,08-Oct-2026,17.68,17.68,17.44,17.645,14200
AHL-E,08-Oct-2026,17.58,17.72,17.29,17.505,18100
AHL-F,08-Oct-2026,22.638,22.7143,22.2,22.465,3800
AHLpD,08-Oct-2026,17.68,17.68,17.44,17.645,11526
AHLpE,08-Oct-2026,17.58,17.72,17.29,17.505,13952
AHLpF,08-Oct-2026,22.638,22.7143,22.2,22.465,3081
AHR,08-Oct-2026,49.52,50.945,49.25,50.44,3377200
AHR-A,08-Oct-2026,20.39,20.39,20.03,20.03,1700
AHT,08-Oct-2026,2.2,2.2001,2.16,2.16,15300
AHT-D,08-Oct-2026,3.91,3.91,3.91,3.91,100
AHT-G,08-Oct-2026,3.565,3.565,3.565,3.565,2100
AHT-H,08-Oct-2026,3.9279,3.95,3.8303,3.8303,800
AHT-I,08-Oct-2026,3.75,3.75,3.485,3.5,700
AHTpD,08-Oct-2026,3.91,3.91,3.91,3.91,100
AHTpG,08-Oct-2026,3.565,3.565,3.565,3.565,2017
AHTpH,08-Oct-2026,3.9279,3.95,3.8303,3.8303,600
AHTpI,08-Oct-2026,3.75,3.75,3.485,3.5,700
AI,08-Oct-2026,11.18,11.42,10.97,11.34,4450100
AIG,08-Oct-2026,75.72,77.63,75.605,77.05,3888700
AII,08-Oct-2026,26.24,26.97,26.11,26.97,305400
AII.U,08-Oct-2026,10.36,10.4,10.36,10.4,2800
AIIA,08-Oct-2026,10.32,10.32,10.27,10.27,2600
AIIA.U,08-Oct-2026,10.36,10.4,10.36,10.4,2810
AIN,08-Oct-2026,59.31,59.64,58.34,59.43,230600
AIO,08-Oct-2026,25.5,25.6799,25.16,25.35,85600
AIR,08-Oct-2026,99,101.67,98,101.58,487400
AIT,08-Oct-2026,334.3,335.2199,329.9,332.12,196800
AIV,08-Oct-2026,1.78,1.8,1.73,1.78,3740100
AIZ,08-Oct-2026,266.64,274.6288,266.64,272.86,256800
AIZN,08-Oct-2026,17.49,17.64,17.08,17.3301,27100
AJG,08-Oct-2026,227.95,234.785,225.845,234.05,1891300
AKA,08-Oct-2026,11.15,11.15,10.01,10.755,1200
AKAF,08-Oct-2026,31.2867,31.2867,31.2867,31.2867,100
AKO.A,08-Oct-2026,24,24,24,24,400
AKO.B,08-Oct-2026,30.48,30.48,29.355,29.59,5800
AKR,08-Oct-2026,18.09,18.24,17.98,18.18,1293200
ALB,08-Oct-2026,102.41,102.69,100.51,102.1,3904200
ALB-A,08-Oct-2026,44.569,44.569,43.74,44.26,263800
ALBpA,08-Oct-2026,44.569,44.569,43.74,44.26,11945
ALC,08-Oct-2026,62.49,63.295,62.43,63.13,1190900
ALG,08-Oct-2026,155.72,155.87,152.48,155.39,168900
ALH,08-Oct-2026,20.97,21.405,20.83,21.24,1320700
ALIT,08-Oct-2026,9.86,9.93,9.49,9.76,565200
ALK,08-Oct-2026,38.75,39.74,38.74,39.52,3809400
ALL,08-Oct-2026,224.75,231.49,224.75,230.63,1751900
ALL-B,08-Oct-2026,25.56,25.76,25.56,25.65,15800
ALL-H,08-Oct-2026,17.63,17.8,17.54,17.72,180900
ALL-I,08-Oct-2026,16.58,16.67,16.375,16.54,66500
ALL-J,08-Oct-2026,25.31,25.37,25.2501,25.36,68900
ALLE,08-Oct-2026,146.71,151.355,146.52,149.99,981300
ALLY,08-Oct-2026,37.01,37.83,37.01,37.83,4381500
ALLpB,08-Oct-2026,25.56,25.76,25.56,25.727,13151
ALLpH,08-Oct-2026,17.63,17.8,17.54,17.7,165981
ALLpI,08-Oct-2026,16.58,16.67,16.375,16.54,61683
ALLpJ,08-Oct-2026,25.3,25.37,25.2501,25.35,63102
ALSN,08-Oct-2026,108.77,109.71,105.1,109.11,990700
ALT-A,08-Oct-2026,25.99,25.99,25.7,25.85,2100
ALTG,08-Oct-2026,6.38,6.687,6.25,6.32,284900
ALTGpA,08-Oct-2026,25.99,25.99,25.7,25.85,1150
ALU.V,08-Oct-2026,0.36,0.36,0.36,0.36,2700
ALV,08-Oct-2026,108.37,111.05,107.115,111.03,970400
ALX,08-Oct-2026,238.63,243.13,238.63,241.48,58400
AM,08-Oct-2026,20.99,21.28,20.8864,21.19,2110400
AMBP,08-Oct-2026,4.37,4.47,4.35,4.46,4103300
AMBQ,08-Oct-2026,60.51,60.735,57.66,58.9,483500
AMC,08-Oct-2026,2.825,2.965,2.75,2.88,23919500
AMCR,08-Oct-2026,41,41.88,40.785,41.88,4925700
AME,08-Oct-2026,246.37,249.67,245.63,247.52,1222000
AMG,08-Oct-2026,375.88,393.42,375.835,386.99,324500
AMH,08-Oct-2026,30.08,30.575,29.96,30.49,3089400
AMH-G,08-Oct-2026,20.68,20.74,20.35,20.59,5900
AMH-H,08-Oct-2026,22.38,22.38,21.9075,22.11,2500
AMHpG,08-Oct-2026,20.68,20.74,20.35,20.59,5087
AMHpH,08-Oct-2026,22.38,22.38,21.9075,22.11,991
AMN,08-Oct-2026,36.12,36.38,34.61,35.44,1431200
AMP,08-Oct-2026,490.12,500.46,488.76,499.08,557600
AMP.V,08-Oct-2026,2.74,2.85,2.65,2.83,19000
AMPX,08-Oct-2026,9.16,9.46,9.08,9.39,5100300
AMPX.WS,08-Oct-2026,2.74,2.85,2.65,2.83,18091
AMPY,08-Oct-2026,4.55,4.67,4.53,4.58,573400
AMR,08-Oct-2026,170.24,177.65,170.24,174.28,222100
AMRC,08-Oct-2026,21.66,22.05,20.56,21.01,565600
AMRZ,08-Oct-2026,36.06,36.59,35.785,36.5,3152400
AMT,08-Oct-2026,166.84,167.42,163.66,166.73,4444300
AMTB,08-Oct-2026,28.61,29.245,28.61,29.03,430300
AMTD,08-Oct-2026,0.5517,0.6606,0.5187,0.585,135500
AMTM,08-Oct-2026,18.37,18.97,18.1001,18.97,3415000
AMWL,08-Oct-2026,12.52,12.65,12.27,12.53,72500
AMX,08-Oct-2026,22.25,22.38,21.955,22.14,2918200
AN,08-Oct-2026,156.26,158.57,154.33,157.07,698500
ANDG,08-Oct-2026,55.78,56.44,54.572,56.24,185200
ANET,08-Oct-2026,213.49,217.32,209.51,210.97,4878500
ANF,08-Oct-2026,137.72,143.215,137.72,141.41,926000
ANG-D,08-Oct-2026,23.76,23.8,23.3118,23.8,26100
ANGX,08-Oct-2026,4.09,4.195,3.955,4.07,1659600
ANGpD,08-Oct-2026,23.76,23.8,23.3118,23.8,18370
ANRO,08-Oct-2026,23.03,24.045,22.81,24.03,409700
ANVS,08-Oct-2026,1.21,1.21,1.14,1.17,815300
AOD,08-Oct-2026,10,10.03,9.91,9.99,369100
AOMD,08-Oct-2026,24.73,24.73,24.47,24.5,4600
AOMN,08-Oct-2026,24.77,24.9869,24.7601,24.89,12900
AOMR,08-Oct-2026,7.15,7.28,7.13,7.27,132200
AON,08-Oct-2026,271.29,277.9,270.03,277.12,1976700
AORT,08-Oct-2026,21.45,21.45,20.89,21.21,602100
AOS,08-Oct-2026,54.85,56.6,54.84,56.56,1614900
AP,08-Oct-2026,9.08,9.275,8.95,8.95,57800
APAM,08-Oct-2026,33.5,33.825,33.02,33.65,1429800
APD,08-Oct-2026,277.92,278.9399,274.82,278.38,841800
APG,08-Oct-2026,39.86,40.41,39.6,39.98,2242000
APH,08-Oct-2026,86.23,87.405,83.96,85.32,13022000
APLE,08-Oct-2026,15.98,16.28,15.95,16.22,2618000
APO,08-Oct-2026,114.6,116.04,113.71,115.3,4234100
APOS,08-Oct-2026,25.51,25.54,25.33,25.47,13300
APTV,08-Oct-2026,43.7,44.31,43.36,44.21,3493500
AQN,08-Oct-2026,5.08,5.1,5.015,5.08,5996000
AQNB,08-Oct-2026,26.25,26.25,26,26.01,8800
AR,08-Oct-2026,36.01,36.36,35.7,36.06,3771400
ARCO,08-Oct-2026,7.84,8.255,7.82,8.12,3733200
ARDC,08-Oct-2026,11.32,11.38,11.32,11.38,99100
ARDT,08-Oct-2026,10.92,11.13,10.71,11.07,722100
ARE,08-Oct-2026,45.02,45.71,44.2,45.6,2982000
ARE-B,08-Oct-2026,38.22,38.35,37.6,38.21,76900
ARES,08-Oct-2026,114.71,116.375,113.85,116.26,2744300
ARESpB,08-Oct-2026,38.11,38.35,37.6,38.21,53896
ARI,08-Oct-2026,6.24,6.28,6.195,6.24,3151400
ARIS,08-Oct-2026,16.71,16.815,16.12,16.76,2977300
ARL,08-Oct-2026,14.92,15.6,14.92,15.6,1600
ARLO,08-Oct-2026,11.9,12.21,11.81,12.15,1870400
ARMK,08-Oct-2026,55.22,55.84,54.99,55.54,1842500
AROC,08-Oct-2026,30.12,30.54,29.97,30.34,1488500
ARR,08-Oct-2026,13.19,13.5,13.155,13.47,5650600
ARR-C,08-Oct-2026,19.5,19.5,19.12,19.2,18300
ARRpC,08-Oct-2026,19.5,19.5,19.12,19.2,16574
ARW,08-Oct-2026,229.77,232.6,226.25,226.75,354500
ARX,08-Oct-2026,19.77,19.78,19.74,19.75,1241900
AS,08-Oct-2026,26.81,27.49,26.74,27.45,6633900
ASA,08-Oct-2026,54.7,56.0773,54.7,55.8,25800
ASAN,08-Oct-2026,9.36,9.94,9.28,9.87,6487800
ASB,08-Oct-2026,28.28,28.845,28.225,28.76,1513800
ASB-E,08-Oct-2026,18.9,19.02,18.85,18.93,5300
ASB-F,08-Oct-2026,18.65,18.65,18.575,18.59,1000
ASBA,08-Oct-2026,24.91,25.09,24.86,25.01,15800
ASBpE,08-Oct-2026,18.9,19.02,18.85,18.93,4700
ASBpF,08-Oct-2026,18.65,18.65,18.575,18.59,644
ASC,08-Oct-2026,18.86,19.52,18.71,19.47,1318300
ASG,08-Oct-2026,5.11,5.11,5.03,5.04,172400
ASG-,08-Oct-2026,0.0075,0.017,0.0075,0.0165,389700
ASGI,08-Oct-2026,19.1,19.2051,19.05,19.06,139400
ASH,08-Oct-2026,69.88,71.16,69.88,70.69,441500
ASIC,08-Oct-2026,25.49,26.95,25.33,26.93,64900
ASIX,08-Oct-2026,16.64,16.91,16.5654,16.7,266000
ASPN,08-Oct-2026,5.7,5.7,5.465,5.63,1178400
ASR,08-Oct-2026,230.92,232.43,226.19,230.39,43700
ASX,08-Oct-2026,45.7,46.46,44.3,45.26,7962700
ATEN,08-Oct-2026,28.85,28.85,27.5519,27.96,846900
ATH-A,08-Oct-2026,22.65,22.855,22.55,22.76,39500
ATH-B,08-Oct-2026,17.7,17.8179,17.3803,17.75,42200
ATH-D,08-Oct-2026,15.1,15.22,14.85,15.13,62100
ATH-E,08-Oct-2026,24.68,24.82,24.68,24.76,40400
ATHM,08-Oct-2026,20.67,20.98,20.35,20.37,225500
ATHS,08-Oct-2026,23.3,23.6299,23.2373,23.46,35600
ATHpA,08-Oct-2026,22.65,22.855,22.55,22.77,33323
ATHpB,08-Oct-2026,17.7,17.8179,17.3803,17.75,37162
ATHpD,08-Oct-2026,15.1,15.22,14.85,15.125,58216
ATHpE,08-Oct-2026,24.68,24.82,24.68,24.77,35042
ATI,08-Oct-2026,186.12,190.19,185.39,188.13,887600
ATKR,08-Oct-2026,94.85,94.9,94.8,94.84,819500
ATMU,08-Oct-2026,43.51,43.955,40.75,42.62,1083600
ATO,08-Oct-2026,159.53,160.83,158.37,160.66,2138000
ATR,08-Oct-2026,119.93,122.42,119.91,121.81,602300
ATS,08-Oct-2026,17.53,17.69,17.32,17.68,219500
AU,08-Oct-2026,89.61,91.33,89.475,90.78,2285600
AUB,08-Oct-2026,37.38,37.97,37.15,37.92,1354500
AUB-A,08-Oct-2026,22.72,23.025,22.72,23.025,8000
AUBpA,08-Oct-2026,22.72,23.025,22.72,23.025,7095
AUNA,08-Oct-2026,5.08,5.12,5.05,5.1,57200
AVA,08-Oct-2026,35.22,35.6,35.02,35.48,830400
AVAL,08-Oct-2026,4.93,4.93,4.83,4.87,61300
AVBC,08-Oct-2026,21.9,22.17,21.735,22.02,100800
AVD,08-Oct-2026,1.72,1.73,1.69,1.71,191100
AVEX,08-Oct-2026,14.02,14.55,13.95,14.21,1274100
AVK,08-Oct-2026,11.65,11.65,11.45,11.52,188500
AVNT,08-Oct-2026,40.6,41.105,40.3,40.98,722900
AVTR,08-Oct-2026,15.22,15.42,14.96,15.39,12125900
AVY,08-Oct-2026,166.59,168.05,164.1,167.62,607500
AWF,08-Oct-2026,9.5,9.59,9.48,9.51,302500
AWI,08-Oct-2026,159.89,163.92,159.89,163.1,319900
AWK,08-Oct-2026,127.61,128.81,126.34,128.18,2123500
AWP,08-Oct-2026,9.99,10,9.8443,9.96,172100
AWR,08-Oct-2026,81.73,82.65,81.055,81.83,259200
AX,08-Oct-2026,87.05,88.93,87.05,88.46,333200
AXP,08-Oct-2026,301.5,308.1,300.47,308.1,5311200
AXR,08-Oct-2026,21.33,21.42,20.4258,20.72,7900
AXS,08-Oct-2026,95.28,97.84,94.845,97.5,602600
AXS-E,08-Oct-2026,17.04,17.312,17.04,17.27,49100
AXSpE,08-Oct-2026,17.04,17.312,17.04,17.28,42220
AXTA,08-Oct-2026,32.33,32.99,32.33,32.81,1985600
AYI,08-Oct-2026,295.82,302.3,295.82,300.43,249700
AZN,08-Oct-2026,159.8,160.05,156.72,158.78,3488700
AZO,08-Oct-2026,2844.03,2931.617,2839.695,2910.54,172400
AZUL,08-Oct-2026,7.59,7.59,6.95,7,184800
AZZ,08-Oct-2026,137.43,139.085,135.93,136.38,251600
B,08-Oct-2026,38.98,40,38.9,39.99,7071600
BA,08-Oct-2026,185.9,187.78,184.25,187.75,11361200
BA-A,08-Oct-2026,58.14,58.7599,57.16,58.73,1844100
BABA,08-Oct-2026,108.25,109.39,104.75,105.7,11580400
BAC,08-Oct-2026,52.98,53.61,52.24,53.61,59809400
BAC-B,08-Oct-2026,21.9,22.0995,21.8,22.03,185600
BAC-E,08-Oct-2026,18.75,18.79,18.65,18.73,19800
BAC-K,08-Oct-2026,21.04,21.4188,21.04,21.18,291900
BAC-L,08-Oct-2026,1186.85,1188.08,1177,1188.01,8800
BAC-M,08-Oct-2026,19.02,19.23,19.0124,19.18,261300
BAC-N,08-Oct-2026,17.78,17.925,17.76,17.86,204500
BAC-O,08-Oct-2026,15.65,15.76,15.62,15.72,113200
BAC-P,08-Oct-2026,15.06,15.17,15.06,15.06,130700
BAC-Q,08-Oct-2026,15.16,15.31,15.15,15.26,148700
BAC-S,08-Oct-2026,16.92,17.08,16.91,17.01,143800
BACpB,08-Oct-2026,21.9,22.0995,21.8,22.03,166063
BACpE,08-Oct-2026,18.75,18.79,18.65,18.73,17813
BACpK,08-Oct-2026,21.04,21.4188,21.04,21.14,267009
BACpL,08-Oct-2026,1186.85,1188.08,1177,1188.01,8247
BACpM,08-Oct-2026,19.02,19.23,19.0124,19.18,241562
BACpN,08-Oct-2026,17.78,17.925,17.76,17.86,187450
BACpO,08-Oct-2026,15.65,15.76,15.62,15.72,102188
BACpP,08-Oct-2026,15.13,15.17,15.06,15.09,118816
BACpQ,08-Oct-2026,15.16,15.31,15.15,15.26,137458
BACpS,08-Oct-2026,16.92,17.08,16.91,17.01,135614
BAH,08-Oct-2026,70.28,73.075,69.1,72.87,2187700
BAK,08-Oct-2026,1.68,1.885,1.67,1.82,6091300
BALL,08-Oct-2026,57.41,58.46,57.3686,58.37,3075100
BALY,08-Oct-2026,13.59,14.11,13.4,13.97,151500
BAM,08-Oct-2026,44.07,45.26,44.01,45.17,3798700
BAN-F,08-Oct-2026,24.64,24.75,24.64,24.74,27100
BANC,08-Oct-2026,17.03,17.41,17.025,17.35,3021700
BANCpF,08-Oct-2026,24.64,24.75,24.64,24.72,24749
BAP,08-Oct-2026,372.47,385.27,372.47,380.38,342100
BARK,08-Oct-2026,8.25,8.3454,8.09,8.21,45400
BAX,08-Oct-2026,23.97,24.14,23.5,23.9,7561600
BApA,08-Oct-2026,58.14,58.7599,57.16,58.68,32203
BB,08-Oct-2026,8.72,9.045,8.495,8.63,14165400
BBA.W,08-Oct-2026,0.051,0.051,0.044,0.046,37500
BBAI,08-Oct-2026,2.48,2.49,2.34,2.42,24976700
BBAI.WS,08-Oct-2026,0.051,0.051,0.044,0.046,37283
BBAR,08-Oct-2026,12.89,13.13,12.42,12.69,930400
BBD,08-Oct-2026,4.27,4.37,4.2114,4.24,74833200
BBDC,08-Oct-2026,8.41,8.61,8.41,8.53,664200
BBDO,08-Oct-2026,3.84,3.9094,3.7536,3.78,74700
BBN,08-Oct-2026,14.22,14.38,14.18,14.35,244600
BBT,08-Oct-2026,27.32,27.64,27.15,27.48,1565600
BBUC,08-Oct-2026,25.8,26.275,25.44,26.24,345200
BBVA,08-Oct-2026,26.06,26.22,25.74,26.17,2063600
BBW,08-Oct-2026,25.47,26.33,25.28,25.9,278300
BBWI,08-Oct-2026,17.67,17.84,17.22,17.71,7600200
BBY,08-Oct-2026,84.75,89.23,84.75,88.4,3835800
BC,08-Oct-2026,62.65,63.33,61.68,62.35,861900
BC-C,08-Oct-2026,22.25,22.52,22.1402,22.39,15600
BCA-,08-Oct-2026,0.01,0.0142,0.0085,0.0115,1441900
BCAT,08-Oct-2026,13.74,13.78,13.62,13.63,606100
BCC,08-Oct-2026,72.5,75.01,72.06,74.22,282300
BCE,08-Oct-2026,19.74,20.065,19.68,19.96,4508200
BCEM,08-Oct-2026,26.535,26.5885,26.35,26.3889,3400
BCGD,08-Oct-2026,26.37,26.38,26.3513,26.3513,500
BCH,08-Oct-2026,37.77,38.79,37.77,38.75,575500
BCO,08-Oct-2026,103.85,103.85,100.405,102.36,416400
BCS,08-Oct-2026,22.65,22.97,22.56,22.95,7019600
BCS.W,08-Oct-2026,0.5501,0.6101,0.5501,0.6101,600
BCSF,08-Oct-2026,10.55,10.8,10.53,10.78,524100
BCSS,08-Oct-2026,10.22,10.23,10.22,10.23,1300
BCX,08-Oct-2026,11.87,11.9626,11.8,11.92,129300
BDC,08-Oct-2026,107.77,109.64,106.95,107.94,262900
BDJ,08-Oct-2026,9.43,9.47,9.395,9.47,515200
BDN,08-Oct-2026,2.69,2.75,2.66,2.74,2718500
BDX,08-Oct-2026,179.76,182.76,178.9,182.75,1523700
BE,08-Oct-2026,283.83,286.9499,264.5,272.82,15754500
BEKE,08-Oct-2026,17.17,17.205,16.9,17.09,5202200
BEN,08-Oct-2026,32.15,32.565,31.96,32.4,5540800
BEP,08-Oct-2026,29.43,29.43,28.9,29.29,945500
BEP-A,08-Oct-2026,16.5123,16.7899,16.5123,16.64,4400
BEPC,08-Oct-2026,29.46,29.53,29.02,29.38,1886600
BEPH,08-Oct-2026,14.45,14.615,14.45,14.46,25000
BEPI,08-Oct-2026,15.5,15.64,15.3,15.49,29700
BEPJ,08-Oct-2026,22.56,22.73,22.41,22.66,16300
BEPpA,08-Oct-2026,16.5123,16.7899,16.5123,16.64,4086
BETA,08-Oct-2026,20.03,20.71,19.92,20.5,1168900
BF.A,08-Oct-2026,26.54,27.43,26.54,27.07,206700
BF.B,08-Oct-2026,25.94,27.015,25.94,26.54,3842600
BFAM,08-Oct-2026,67.11,69.88,67.11,68.89,926000
BFH,08-Oct-2026,97.09,101.235,96.82,100.73,571200
BFH-A,08-Oct-2026,24.46,24.46,24.161,24.305,15500
BFH-B,08-Oct-2026,24.25,24.25,23.65,23.7,35600
BFLY,08-Oct-2026,8.12,8.17,7.79,8.03,6978400
BFS,08-Oct-2026,29.62,29.74,29.23,29.72,95100
BFS-D,08-Oct-2026,18.94,18.965,18.8,18.86,12500
BFS-E,08-Oct-2026,18.55,18.745,18.525,18.71,15700
BFSpD,08-Oct-2026,18.94,18.965,18.8,18.86,9889
BFSpE,08-Oct-2026,18.55,18.745,18.525,18.71,12772
BG,08-Oct-2026,106.95,108.735,106.735,107.82,1657000
BGB,08-Oct-2026,11.03,11.07,11,11.06,176900
BGH,08-Oct-2026,12.95,13.1602,12.86,12.91,87500
BGR,08-Oct-2026,17.42,17.5999,17.2,17.55,143600
BGS,08-Oct-2026,2.52,2.63,2.51,2.62,2311100
BGSF,08-Oct-2026,4.7,4.77,4.7,4.77,3800
BGT,08-Oct-2026,10.42,10.45,10.26,10.32,166000
BGX,08-Oct-2026,10.56,10.6,10.52,10.54,69500
BGY,08-Oct-2026,5.65,5.68,5.605,5.63,599600
BH,08-Oct-2026,367.56,372.69,365.15,367.7,51400
BH.A,08-Oct-2026,1828,1854.99,1801,1807.57,56400
BHC,08-Oct-2026,6.14,6.1995,6.02,6.04,1268300
BHE,08-Oct-2026,81.83,83.27,80.53,81.16,413800
BHK,08-Oct-2026,8.03,8.19,8.03,8.18,436500
BHP,08-Oct-2026,84.22,85.186,83.88,84.83,2164900
BHR,08-Oct-2026,1.47,1.51,1.445,1.49,538600
BHR-B,08-Oct-2026,12.02,12.22,11.56,11.88,6500
BHR-D,08-Oct-2026,13.3,13.77,13.3,13.66,4900
BHRpB,08-Oct-2026,11.5,12.22,11.5,11.88,4155
BHRpD,08-Oct-2026,13.3,13.77,13.3,13.3701,1975
BHV,08-Oct-2026,11.4,11.6999,11.4,11.55,2300
BHVN,08-Oct-2026,11.83,12.12,11.46,11.93,2698800
BII.W,08-Oct-2026,0.36,0.3601,0.36,0.3601,700
BILL,08-Oct-2026,43.96,45.03,43.675,44.98,1642300
BIO,08-Oct-2026,371.99,372.59,353.97,360.4,312000
BIP,08-Oct-2026,37.5,37.54,36.53,36.89,704100
BIP-A,08-Oct-2026,15.91,15.9524,15.62,15.74,19900
BIP-B,08-Oct-2026,15.73,15.815,15.6201,15.67,13500
BIPC,08-Oct-2026,37.68,37.75,36.79,37.13,1150500
BIPH,08-Oct-2026,15.34,15.34,15.22,15.27,15300
BIPI,08-Oct-2026,15.87,16.1,15.87,16.02,28800
BIPJ,08-Oct-2026,23.36,23.36,22.33,23.1,6400
BIPpA,08-Oct-2026,15.91,15.9524,15.62,15.74,18009
BIPpB,08-Oct-2026,15.73,15.815,15.6201,15.67,11631
BIRK,08-Oct-2026,33,33.33,32.27,33.12,1250200
BIT,08-Oct-2026,11.15,11.225,11.07,11.21,468600
BJ,08-Oct-2026,97.33,99.95,96.475,99.04,2416000
BKD,08-Oct-2026,10.73,10.99,10.705,10.89,5058800
BKE,08-Oct-2026,42.92,43.72,42.47,43.31,449200
BKH,08-Oct-2026,75.75,76.72,73.87,76.52,2016700
BKKT,08-Oct-2026,7.15,7.25,6.81,7.03,1622700
BKSY,08-Oct-2026,21.57,21.7,20.42,21.16,1071300
BKT,08-Oct-2026,9.46,9.54,9.4274,9.52,93700
BKU,08-Oct-2026,42,42.69,41.98,42.61,1005400
BKV,08-Oct-2026,24,24.19,23.7,23.94,1746300
BLCO,08-Oct-2026,17.5,17.5,17.06,17.15,358600
BLDR,08-Oct-2026,52.7,54.44,52.08,53.81,2769400
BLK,08-Oct-2026,1055.96,1070.382,1052.1,1065.35,437300
BLND,08-Oct-2026,1,1.06,1,1.05,1407000
BLSH,08-Oct-2026,31.34,31.7674,30.11,31.41,1244800
BLW,08-Oct-2026,11.77,11.79,11.635,11.78,85100
BLX,08-Oct-2026,53.97,54.99,53.74,54.78,222300
BMA,08-Oct-2026,65.09,67.2,64.96,65.9,243100
BME,08-Oct-2026,43.08,43.08,42.39,42.98,39800
BMEZ,08-Oct-2026,16.41,16.41,16.1,16.26,133400
BMI,08-Oct-2026,123.85,128.01,123.565,127.66,408000
BML-G,08-Oct-2026,18.25,18.45,18.13,18.45,9000
BML-H,08-Oct-2026,17.78,18.11,17.78,18.0789,28000
BML-J,08-Oct-2026,19.67,19.95,19.5201,19.95,12600
BML-L,08-Oct-2026,19.77,19.8799,19.6101,19.86,12100
BMLpG,08-Oct-2026,18.25,18.45,18.13,18.45,6811
BMLpH,08-Oct-2026,17.78,18.11,17.78,18.0789,25674
BMLpJ,08-Oct-2026,19.67,19.95,19.5201,19.95,11410
BMLpL,08-Oct-2026,19.77,19.8799,19.6101,19.86,11519
BMN,08-Oct-2026,21.28,21.75,21.28,21.7,81100
BMNP,08-Oct-2026,99.689,99.689,99.05,99.05,18900
BMO,08-Oct-2026,160.01,162.14,159.56,160.7,813700
BMY,08-Oct-2026,59.1,59.94,58.73,59.58,13070800
BN,08-Oct-2026,36.6,36.83,36.21,36.77,6122200
BNED,08-Oct-2026,11.68,11.94,11.53,11.94,286800
BNH,08-Oct-2026,14.24,14.3932,14.22,14.33,19400
BNJ,08-Oct-2026,14.1,14.31,14.05,14.09,29200
BNL,08-Oct-2026,18.33,18.38,17.935,18.24,2865200
BNS,08-Oct-2026,86.5,88.28,86.42,87.59,1500800
BNT,08-Oct-2026,36.53,36.795,36.2101,36.62,11600
BNY,08-Oct-2026,142.17,144.035,141.33,143.61,3449600
BNY-K,08-Oct-2026,24.2,24.31,24.15,24.23,55200
BOC,08-Oct-2026,12.93,13.05,12.8,12.98,107200
BOE,08-Oct-2026,11.76,11.78,11.63,11.7,340400
BOH,08-Oct-2026,66.11,67.95,65.805,67.71,553900
BOH-A,08-Oct-2026,14.64,14.8076,14.5,14.74,2400
BOH-B,08-Oct-2026,25.45,25.57,25.31,25.57,10700
BOHpA,08-Oct-2026,14.6354,14.8076,14.5,14.74,2066
BOHpB,08-Oct-2026,25.45,25.57,25.31,25.57,9211
BOND,08-Oct-2026,86.54,86.96,86.41,86.92,1051500
BOOT,08-Oct-2026,121.24,122.67,120.08,121.6,589100
BORR,08-Oct-2026,4.4,4.6868,4.38,4.61,12187500
BOW,08-Oct-2026,34,34.25,33.95,34.1,308700
BOX,08-Oct-2026,35.68,36.335,35.4,36.31,1806400
BP,08-Oct-2026,46.04,46.555,45.92,46.36,9572200
BPRE,08-Oct-2026,12.83,13.14,12.83,13.01,1072500
BR,08-Oct-2026,160.79,165.33,159.4,165.21,1071200
BRBR,08-Oct-2026,7.85,8.01,7.67,7.99,4856200
BRC,08-Oct-2026,84.57,84.92,83.15,84.41,352800
BRCC,08-Oct-2026,9.45,9.65,9.2539,9.56,91800
BRCE,08-Oct-2026,30.7,31.19,30.56,30.58,297000
BREE,08-Oct-2026,27.1,27.19,26.9952,26.9952,800
BRIE,08-Oct-2026,30.04,30.13,29.87,30.07,361000
BRK.A,08-Oct-2026,759850,769676.1,758005.8,766882,200
BRK.B,08-Oct-2026,506.61,513.1499,505.27,511.05,4683400
BRO,08-Oct-2026,61.88,63.83,61.74,63.75,4322200
BROL,08-Oct-2026,26.455,26.46,26.25,26.3293,1700
BROS,08-Oct-2026,38.04,40.16,37.9294,39.78,6053900
BRSL,08-Oct-2026,9.9,10.05,9.785,9.99,1993200
BRSP,08-Oct-2026,3.76,3.94,3.75,3.9,3866400
BRT,08-Oct-2026,13.5,13.63,13.39,13.53,51500
BRW,08-Oct-2026,5.98,6.04,5.93,6.02,207200
BRX,08-Oct-2026,26.86,27.1295,26.735,27.08,2707400
BSAC,08-Oct-2026,31.5,32.23,31.5,31.94,293800
BSBR,08-Oct-2026,5.81,5.915,5.785,5.82,6402600
BSL,08-Oct-2026,12.91,12.95,12.91,12.94,30500
BSM,08-Oct-2026,14.7,14.8689,14.69,14.75,250400
BST,08-Oct-2026,50.68,51.0326,49.7225,50.1,65100
BSTZ,08-Oct-2026,30.42,30.8499,29.71,29.91,173400
BSX,08-Oct-2026,41.5,42.27,41.385,42.04,22876000
BTE,08-Oct-2026,4.7,4.77,4.66,4.74,18298300
BTGO,08-Oct-2026,7.12,7.35,6.97,7.18,1611600
BTI,08-Oct-2026,54.79,55.555,54.74,55.43,3415900
BTO,08-Oct-2026,36.15,36.77,36.02,36.48,35900
BTT,08-Oct-2026,21.7,21.7646,21.5,21.67,179400
BTU,08-Oct-2026,25,25.8488,24.905,25,2550800
BTX,08-Oct-2026,9.36,9.38,9.16,9.24,596200
BTZ,08-Oct-2026,9.33,9.43,9.31,9.43,303700
BUD,08-Oct-2026,75.99,77.575,75.93,77.41,2290200
BUI,08-Oct-2026,25.35,25.5799,25.2719,25.46,56500
BUR,08-Oct-2026,3.45,3.455,3.29,3.44,2265400
BURL,08-Oct-2026,270.62,278.17,267.56,276.84,1006700
BUXX,08-Oct-2026,20.15,20.18,20.15,20.18,146600
BV,08-Oct-2026,10.37,10.52,10.26,10.46,1249200
BVN,08-Oct-2026,30.92,31.64,29.69,31.43,1818500
BW,08-Oct-2026,5.52,5.625,5.345,5.5,7756600
BW-A,08-Oct-2026,18.5,18.67,18.2,18.56,7800
BWA,08-Oct-2026,61.54,62.21,61,61.72,3114900
BWG,08-Oct-2026,6.95,6.99,6.7562,6.95,130200
BWI.W,08-Oct-2026,0.229,0.229,0.1801,0.1801,3300
BWIV,08-Oct-2026,9.96,9.978,9.96,9.978,11200
BWLP,08-Oct-2026,25.64,26.32,25.64,26.32,525200
BWMX,08-Oct-2026,16.3,16.32,16.1,16.28,23300
BWXT,08-Oct-2026,140,146.59,140,142.22,1625000
BWpA,08-Oct-2026,18.5,18.67,18.2,18.56,5886
BX,08-Oct-2026,110.72,112.9,110.26,112.68,6471200
BXC,08-Oct-2026,70.05,72.34,69.62,71.29,161900
BXDC,08-Oct-2026,17.01,17.05,16.43,16.86,3460500
BXMT,08-Oct-2026,11.14,11.31,10.925,11.21,3806700
BXP,08-Oct-2026,59.22,59.72,58.19,59.32,1875600
BXSL,08-Oct-2026,23.4,24.12,23.4,24.11,1213000
BY,08-Oct-2026,36.5,36.89,36.15,36.88,285300
BYD,08-Oct-2026,69.57,70.49,69.17,70,1058900
BZH,08-Oct-2026,33.42,33.455,33.41,33.41,992300
C,08-Oct-2026,126.61,128.09,125.35,128.08,7904900
C-N,08-Oct-2026,26.37,26.45,26.28,26.3,146800
C-R,08-Oct-2026,22.79,22.85,22.55,22.82,81400
CAAP,08-Oct-2026,24.5,24.91,24.23,24.4,125200
CABO,08-Oct-2026,13.09,16.31,10.8601,15.38,2613500
CACI,08-Oct-2026,581.75,600.95,579.52,599.4,246800
CAF,08-Oct-2026,17.56,17.6492,17.3037,17.36,3100
CAG,08-Oct-2026,13.26,13.63,13.19,13.57,18226400
CAH,08-Oct-2026,231.5,241.96,231.25,238.96,1537900
CAL,08-Oct-2026,12.35,12.5,12.15,12.43,484100
CALX,08-Oct-2026,35.37,36.54,35.265,36.08,1351000
CALY,08-Oct-2026,13.85,13.92,13.645,13.87,2741100
CANG,08-Oct-2026,3.55,3.66,3.25,3.56,1018400
CAPL,08-Oct-2026,21.68,21.7323,21.45,21.58,15200
CARR,08-Oct-2026,54.49,55.98,54.38,55.83,4950500
CARS,08-Oct-2026,9.53,9.765,9.375,9.74,1037500
CAT,08-Oct-2026,808.7,821.9067,788.89,796.18,2791600
CATO,08-Oct-2026,2.41,2.46,2.32,2.38,37700
CAVA,08-Oct-2026,53.33,54.74,52.15,54.31,4319600
CB,08-Oct-2026,335.27,344.97,335.27,343.78,1234500
CBAN,08-Oct-2026,19.93,20.44,19.93,20.31,110000
CBL,08-Oct-2026,48.57,49.82,48.0893,49.24,403300
CBNA,08-Oct-2026,49.5,49.78,48.49,49.6,16800
CBRE,08-Oct-2026,126.47,131.49,125.94,131.08,2252800
CBT,08-Oct-2026,75.58,76.41,74.78,75.61,363100
CBU,08-Oct-2026,58.96,59.675,58.57,59.1,333300
CBZ,08-Oct-2026,54.72,54.89,54.72,54.8,1233700
CC,08-Oct-2026,13.88,14.15,13.715,13.83,2722800
CCI,08-Oct-2026,69,69.29,67.47,68.89,4750400
CCID,08-Oct-2026,24.93,24.93,24.711,24.81,2400
CCIF,08-Oct-2026,2.3,2.305,2.23,2.28,105000
CCJ,08-Oct-2026,87.96,88.9799,85.8,87.12,3431400
CCK,08-Oct-2026,106.64,109.01,106.64,108.88,752800
CCL,08-Oct-2026,25.61,26.23,25.51,26.13,23689200
CCM,08-Oct-2026,3,3.4779,3,3.1,7300
CCO,08-Oct-2026,2.42,2.44,2.42,2.43,8412900
CCS,08-Oct-2026,55.82,56.92,54.25,56.76,334400
CCU,08-Oct-2026,10.83,11.11,10.805,11.09,58700
CDE,08-Oct-2026,16.42,16.97,16.33,16.87,49855900
CDLR,08-Oct-2026,21.39,21.56,21.27,21.51,49100
CDP,08-Oct-2026,33.36,33.565,33.02,33.47,908000
CDR-B,08-Oct-2026,16,16.69,16,16.57,800
CDR-C,08-Oct-2026,15,15.5001,15,15.37,1500
CDRE,08-Oct-2026,24.84,25,24.42,24.83,679400
CDRpB,08-Oct-2026,16,16.69,16,16.57,838
CDRpC,08-Oct-2026,15,15.5001,15,15.37,1423
CE,08-Oct-2026,43.59,45.165,43.59,44.81,2564400
CEE,08-Oct-2026,18.61,18.85,18.4355,18.57,5000
CEL-,08-Oct-2026,0.1145,0.1145,0.1145,0.1145,100
CELGr,08-Oct-2026,0.1145,0.1145,0.1145,0.1145,150
CEPU,08-Oct-2026,12.53,13.04,12.53,12.66,240100
CF,08-Oct-2026,116.6,117.33,113.19,113.58,2981600
CFG,08-Oct-2026,62.54,64.1,62.175,64.09,6055000
CFG-E,08-Oct-2026,17.16,17.18,17.0101,17.16,70300
CFG-H,08-Oct-2026,25.04,25.3605,25,25.17,42400
CFG-I,08-Oct-2026,24.01,24.01,23.8236,23.92,18100
CFGpE,08-Oct-2026,17.16,17.18,17.0101,17.16,63941
CFGpH,08-Oct-2026,25.04,25.3605,25,25.3605,37358
CFGpI,08-Oct-2026,24.01,24.01,23.8236,23.92,14365
CFND,08-Oct-2026,2.86,2.86,2.64,2.69,144400
CFR,08-Oct-2026,149.9,152.59,149.57,152.36,541200
CFR-B,08-Oct-2026,15.79,15.79,15.59,15.59,15000
CFRpB,08-Oct-2026,15.79,15.79,15.59,15.59,13573
CFT-A,08-Oct-2026,25.19,25.515,25.19,25.41,400
CGAU,08-Oct-2026,21.04,21.98,21.02,21.82,1284100
CGV,08-Oct-2026,15.72,15.77,15.701,15.7625,12300
CHCT,08-Oct-2026,13.58,13.7,13.4343,13.68,411300
CHD,08-Oct-2026,96.85,98.28,96.2201,97.73,1686200
CHE,08-Oct-2026,495.65,499.73,494.12,498.25,135400
CHGG,08-Oct-2026,0.74,0.7468,0.7245,0.7354,585000
CHH,08-Oct-2026,103.92,105.965,102.5,104.82,454100
CHM-A,08-Oct-2026,19.9,19.97,19.715,19.85,3200
CHM-B,08-Oct-2026,22.6,22.65,22.4705,22.65,4900
CHMI,08-Oct-2026,2.59,2.63,2.56,2.61,224800
CHMIpA,08-Oct-2026,19.9,19.97,19.715,19.85,2306
CHMIpB,08-Oct-2026,22.6,22.65,22.4705,22.65,4292
CHPT,08-Oct-2026,8.09,8.38,8.01,8.13,869200
CHT,08-Oct-2026,45.91,46.27,45.88,46.2,173900
CHWY,08-Oct-2026,18.07,18.99,17.975,18.91,10657600
CI,08-Oct-2026,278.98,282.4181,275.32,281.03,1553100
CIA,08-Oct-2026,3.42,3.565,3.42,3.53,140500
CIB,08-Oct-2026,92.93,95.56,92.93,94.08,229400
CICB,08-Oct-2026,24.45,24.58,24.42,24.58,9800
CIEN,08-Oct-2026,436.15,443.99,421.11,425.93,3700300
CIG,08-Oct-2026,2.32,2.4,2.31,2.36,5871000
CIG.C,08-Oct-2026,3.55,3.6,3.5,3.6,6700
CII,08-Oct-2026,24.19,24.21,23.81,24.03,110900
CIM,08-Oct-2026,8.92,9.09,8.81,9.01,1935700
CIM-A,08-Oct-2026,19.3,19.3,17.94,18.54,59100
CIM-B,08-Oct-2026,22.79,22.97,22.5384,22.74,47700
CIM-C,08-Oct-2026,21.08,21.135,20.8,21.09,37700
CIM-D,08-Oct-2026,23,23,22.7,22.87,13600
CIMN,08-Oct-2026,25.04,25.05,24.9401,25.01,17400
CIMO,08-Oct-2026,25.05,25.16,25.05,25.09,13500
CIMP,08-Oct-2026,24.87,24.9099,24.61,24.87,17100
CIMpA,08-Oct-2026,19.3,19.3,17.94,18.5337,52161
CIMpB,08-Oct-2026,22.77,22.97,22.5384,22.77,44329
CIMpC,08-Oct-2026,21.08,21.135,20.8,21.09,34462
CIMpD,08-Oct-2026,23,23,22.7,22.87,11986
CINT,08-Oct-2026,3.12,3.135,3.03,3.06,74300
CION,08-Oct-2026,6.87,6.97,6.84,6.96,263200
CL,08-Oct-2026,87.28,88.38,87.09,88.1,4080800
CLB,08-Oct-2026,10.17,10.215,10.02,10.16,517600
CLBR,08-Oct-2026,10.2,10.205,10.2,10.2,6000
CLD-A,08-Oct-2026,19.61,19.61,19.47,19.55,9900
CLDT,08-Oct-2026,13.51,13.7,13.31,13.65,228700
CLDTpA,08-Oct-2026,19.609,19.61,19.47,19.55,9012
CLF,08-Oct-2026,11.87,12.29,11.87,12.19,17713300
CLH,08-Oct-2026,316.99,319.36,315.16,317.34,238400
CLPR,08-Oct-2026,3.19,3.22,3.13,3.17,6700
CLS,08-Oct-2026,366,370.46,346.8,356.53,2184600
CLVT,08-Oct-2026,1.46,1.66,1.46,1.63,4544100
CLW,08-Oct-2026,19.39,19.52,18.74,19.51,114800
CLX,08-Oct-2026,82.16,83.76,81.73,83.44,2741500
CM,08-Oct-2026,107.52,108.94,107.0795,108.18,878500
CMBT,08-Oct-2026,20.51,20.885,20.36,20.81,1086300
CMC,08-Oct-2026,62.46,63.84,62.46,63.1,785700
CMCM,08-Oct-2026,2.5,2.5,2.395,2.395,15600
CMDB,08-Oct-2026,20.96,21.905,20.66,21.32,129600
CMG,08-Oct-2026,30.68,33.4,30.46,32.68,72035900
CMI,08-Oct-2026,514.03,522.115,512.02,520.4,1005900
CMP,08-Oct-2026,22.36,23.11,22.36,23.08,588500
CMR-B,08-Oct-2026,25.41,25.6,25.3799,25.48,4600
CMR-C,08-Oct-2026,26.77,26.77,26.5707,26.5907,2100
CMR-D,08-Oct-2026,26.15,26.3,26,26.3,2500
CMRE,08-Oct-2026,15.19,15.34,15.105,15.29,400300
CMREpB,08-Oct-2026,25.41,25.6,25.3799,25.48,2429
CMREpC,08-Oct-2026,26.77,26.77,26.5707,26.5907,1831
CMREpD,08-Oct-2026,26.15,26.3,26,26.3,1868
CMS,08-Oct-2026,65.07,65.465,64.53,65.34,3205800
CMS-B,08-Oct-2026,77.28,77.28,77.28,77.28,100
CMS-C,08-Oct-2026,15.71,15.8598,15.53,15.74,33900
CMSA,08-Oct-2026,18.99,19.15,18.82,19.03,19500
CMSC,08-Oct-2026,19.93,19.9342,19.62,19.9,34600
CMSD,08-Oct-2026,19.95,20.04,19.67,20.035,63700
CMSpB,08-Oct-2026,77.28,77.28,77.28,77.28,100
CMSpC,08-Oct-2026,15.71,15.8598,15.53,15.74,30113
CMTG,08-Oct-2026,1.21,1.25,1.19,1.24,1029600
CNA,08-Oct-2026,45.92,46.95,45.72,46.69,396200
CNC,08-Oct-2026,64.84,65.32,63.35,64.54,3950200
CNF,08-Oct-2026,1.86,1.98,1.86,1.98,3100
CNH,08-Oct-2026,12.15,12.3098,11.9,12.13,18078000
CNI,08-Oct-2026,115.39,117.26,115,116.84,889000
CNK,08-Oct-2026,36.67,37.15,35.84,36.77,1362200
CNM,08-Oct-2026,40.32,40.755,39.76,40.37,2060200
CNMD,08-Oct-2026,44.32,45.43,44.05,45.11,473900
CNNE,08-Oct-2026,15.44,15.93,15.44,15.9,394300
CNO,08-Oct-2026,53.66,53.98,52.86,53.55,624800
CNO-A,08-Oct-2026,15.69,15.98,15.68,15.98,900
CNOpA,08-Oct-2026,15.69,15.98,15.68,15.98,620
CNP,08-Oct-2026,38.56,38.595,38.09,38.42,6532600
CNQ,08-Oct-2026,48.3,49.18,48.19,49.05,6411600
CNR,08-Oct-2026,89.44,91.6884,88.26,88.55,613000
CNS,08-Oct-2026,71.12,71.2,69.62,70.71,262900
CNX,08-Oct-2026,34.04,34.195,33.19,33.83,2205600
COD-A,08-Oct-2026,18.46,18.75,18.45,18.71,18600
COD-B,08-Oct-2026,21.95,22.25,21.95,22.22,6400
COD-C,08-Oct-2026,20.93,21.19,20.771,21.14,8000
CODI,08-Oct-2026,10.93,10.97,10.82,10.92,605200
CODIpA,08-Oct-2026,18.46,18.75,18.45,18.71,17674
CODIpB,08-Oct-2026,21.95,22.25,21.95,22.22,5727
CODIpC,08-Oct-2026,20.93,21.19,20.771,21.14,6850
COF,08-Oct-2026,193.5,199.57,193.03,199.4,5091700
COF-I,08-Oct-2026,16.59,16.65,16.45,16.54,186800
COF-J,08-Oct-2026,16.04,16.04,15.84,15.94,385100
COF-K,08-Oct-2026,15.39,15.5008,15.02,15.4,23000
COF-L,08-Oct-2026,14.44,14.49,14.3109,14.45,181900
COF-N,08-Oct-2026,14.27,14.36,14.2105,14.34,67600
COFpI,08-Oct-2026,16.61,17.35,16.45,16.54,174236
COFpJ,08-Oct-2026,16.89,16.89,15.84,15.94,158883
COFpK,08-Oct-2026,15.39,15.5008,15.02,15.4,20386
COFpL,08-Oct-2026,14.44,14.49,14.3109,14.45,170652
COFpN,08-Oct-2026,14.27,14.36,14.2105,14.34,60143
COHR,08-Oct-2026,320.44,328.87,298.88,302.35,9285000
COLD,08-Oct-2026,13.65,13.89,13.33,13.81,3936800
COMP,08-Oct-2026,9.01,9.56,9.01,9.52,15870400
CON,08-Oct-2026,36.27,36.945,36.02,36.61,1185800
COOK,08-Oct-2026,50.46,52.02,50.18,51.43,64500
COP,08-Oct-2026,132.76,134.77,132.135,134.19,6074500
COP.U,08-Oct-2026,10.56,10.57,10.56,10.57,1200
COPL,08-Oct-2026,10.57,10.57,10.57,10.57,100
COR,08-Oct-2026,316.59,322.58,314.9,321.35,897500
COSO,08-Oct-2026,26.9,27.25,26.35,26.9,79100
COTY,08-Oct-2026,2.78,2.81,2.74,2.79,6971600
COUR,08-Oct-2026,5.1,5.29,5.07,5.27,9730800
CP,08-Oct-2026,83.27,84.735,83.25,84.35,1740300
CPA,08-Oct-2026,134.18,136.8787,133.3101,134.52,296100
CPAC,08-Oct-2026,12.11,12.37,12.11,12.25,15600
CPAI,08-Oct-2026,52.98,53.35,52.92,53.35,65500
CPAY,08-Oct-2026,401.97,403.76,393.3664,402.08,670000
CPF,08-Oct-2026,35.86,36.33,35.62,36.24,163500
CPK,08-Oct-2026,127.83,128.52,126.48,128.16,123500
CPN,08-Oct-2026,26.37,26.45,26.28,26.31,137926
CPNG,08-Oct-2026,14.65,15.485,14.65,15.41,27738400
CPRI,08-Oct-2026,14.28,14.78,14.26,14.68,3722200
CPS,08-Oct-2026,21.67,21.72,21.11,21.67,375500
CPT,08-Oct-2026,95.93,97.315,95.3,96.76,1018900
CQP,08-Oct-2026,63.37,64.06,62.96,63.81,93000
CR,08-Oct-2026,201.44,202.87,199.87,202.12,238700
CRBD,08-Oct-2026,20.9,21.0599,20.58,20.88,38100
CRBG,08-Oct-2026,34.24,34.63,34.035,34.45,4871200
CRC,08-Oct-2026,52.89,53.205,52.51,53.05,911500
CRCL,08-Oct-2026,79.92,81.46,78.88,80.84,9934600
CRD.A,08-Oct-2026,12.62,12.96,12.26,12.8,64200
CRD.B,08-Oct-2026,11.96,12.25,11.84,12.1,5400
CRGY,08-Oct-2026,13.2,13.45,12.67,13.01,15308300
CRH,08-Oct-2026,80.77,81.93,80.35,81.88,8797600
CRI,08-Oct-2026,32.02,32.77,31.77,32.52,1776100
CRK,08-Oct-2026,13.99,14,13.635,13.71,2386800
CRL,08-Oct-2026,297.01,298.27,288.425,298,1176900
CRM,08-Oct-2026,225.46,227.95,220.29,227.8,6187500
CRS,08-Oct-2026,384.84,391.015,379.94,387.1,688100
CRT,08-Oct-2026,11.55,12.09,11.37,11.94,9900
CSL,08-Oct-2026,315,323.23,312.5533,321.25,477700
CSQR,08-Oct-2026,17.44,17.63,16.83,17.38,2278100
CSR,08-Oct-2026,54.37,55.1,54.09,54.91,348900
CSTM,08-Oct-2026,25.21,25.91,25.01,25.6,1379500
CSV,08-Oct-2026,33.49,34.1,33.27,33.73,285900
CSW,08-Oct-2026,285,290.005,279.92,286.62,126500
CTA-A,08-Oct-2026,46.375,47.7564,46.0001,47.7564,3200
CTA-B,08-Oct-2026,58.55,59.25,58.51,59.25,5100
CTApA,08-Oct-2026,46.375,47.7564,46.0001,47.7564,2661
CTApB,08-Oct-2026,58.55,59.25,58.51,59.25,3434
CTEV,08-Oct-2026,24.84,24.84,23.65,24.33,245100
CTGG,08-Oct-2026,14.88,15.22,14.71,14.8961,24555
CTO,08-Oct-2026,20.62,20.62,20.15,20.56,318600
CTO-A,08-Oct-2026,19.75,19.75,19.57,19.57,1000
CTOS,08-Oct-2026,9.22,9.485,9.22,9.37,949600
CTOpA,08-Oct-2026,19.75,19.75,19.57,19.57,899
CTRE,08-Oct-2026,35.63,36.05,35.28,35.79,2871500
CTRI,08-Oct-2026,20.57,20.89,20.23,20.81,2012400
CTS,08-Oct-2026,57.75,58.49,57.255,57.31,211600
CTVA,08-Oct-2026,14.2,14.47,13.61,13.75,35260200
CUBE,08-Oct-2026,37.23,37.59,36.92,37.51,2879500
CUBI,08-Oct-2026,73.8,74.795,73.24,74.6,241600
CURB,08-Oct-2026,27.09,27.33,26.66,27.22,1391100
CURV,08-Oct-2026,2.5,2.53,2.35,2.36,343200
CUZ,08-Oct-2026,27.57,27.81,27.17,27.72,1816500
CVE,08-Oct-2026,31.25,31.735,31.225,31.49,8263200
CVEO,08-Oct-2026,31.71,31.95,31.39,31.9,54400
CVI,08-Oct-2026,58.74,59.72,58,59.54,754500
CVLG,08-Oct-2026,32.64,32.9,31.995,32.71,211400
CVNA,08-Oct-2026,61.69,63.65,61.42,63.2,7687200
CVS,08-Oct-2026,87.86,88.5,86.82,87.8,7833800
CVSA,08-Oct-2026,127.04,131.23,127.04,130.29,226600
CVX,08-Oct-2026,209.32,212.355,208.96,211.55,7628100
CW,08-Oct-2026,507.22,511.4421,501.5985,507.29,503300
CWEN,08-Oct-2026,30.22,30.365,29.67,29.95,1432000
CWH,08-Oct-2026,4.42,4.505,4.215,4.48,3161200
CWK,08-Oct-2026,11.3,11.89,11.15,11.83,4505000
CWT,08-Oct-2026,45.4,46.045,45.295,45.6,502100
CX,08-Oct-2026,9.53,9.605,9.44,9.56,3994000
CXM,08-Oct-2026,5.12,5.425,5.12,5.42,2552600
CXT,08-Oct-2026,47.77,48.48,47.31,48.18,655400
CXW,08-Oct-2026,31.38,32.73,31.29,32.71,2159800
CYD,08-Oct-2026,28.5,30,28.15,29.07,339300
CYH,08-Oct-2026,2.7,2.765,2.69,2.73,1142400
D,08-Oct-2026,61.57,61.85,61.07,61.75,7018400
DAC,08-Oct-2026,166.86,170.59,166.83,170.22,307300
DAL,08-Oct-2026,81.71,82.87,80.9414,82.14,9694300
DAN,08-Oct-2026,27.47,29.04,27.47,29.02,1556600
DAO,08-Oct-2026,16.38,16.86,16.245,16.31,31900
DAR,08-Oct-2026,60.64,62.7,60.3,62.25,2815300
DAVA,08-Oct-2026,1.91,1.975,1.88,1.97,140400
DB,08-Oct-2026,33.34,33.705,33.15,33.63,2918700
DBD,08-Oct-2026,64.78,65.05,62.59,63.02,242500
DBI,08-Oct-2026,5.84,5.9,5.74,5.79,424400
DBL,08-Oct-2026,13.31,13.355,12.94,13.28,168100
DCBG,08-Oct-2026,25.58,25.74,25.245,25.51,8300
DCH,08-Oct-2026,5.65,5.71,5.56,5.69,5458700
DCI,08-Oct-2026,86.68,87.56,86.5901,87.16,630200
DCO,08-Oct-2026,165.31,171.2,163.465,168.3,160800
DCO-,08-Oct-2026,16.61,16.77,16.6,16.735,5400
DD,08-Oct-2026,129.39,132.64,129.39,132.48,816400
DDD,08-Oct-2026,3.36,3.38,3.265,3.35,2969400
DDL,08-Oct-2026,2.07,2.095,2.05,2.06,253900
DDS,08-Oct-2026,646.2,657.29,630.33,649.07,99504
DDT,08-Oct-2026,26.37,26.4577,26.15,26.2,4474
DE,08-Oct-2026,648.76,657.21,638.15,652.58,1396400
DEA,08-Oct-2026,22.87,23.27,22.83,23.22,473800
DEC,08-Oct-2026,14.24,14.3,14.04,14.1,797800
DECK,08-Oct-2026,80.14,83.023,79.959,82.56,3054100
DEI,08-Oct-2026,9.88,9.925,9.57,9.9,2477900
DELL,08-Oct-2026,568.8,585.745,564.51,574.55,5175100
DEO,08-Oct-2026,85.53,87.17,85.1,86.98,893400
DFH,08-Oct-2026,9.35,9.74,9.1801,9.6,1416300
DFIN,08-Oct-2026,49.8,50.935,49.08,50.2,287800
DFP,08-Oct-2026,18.77,18.8,18.59,18.71,91800
DG,08-Oct-2026,122.32,125.34,121.51,124.27,2370600
DGAC,08-Oct-2026,10.01,10.01,9.99,9.99,4000
DGX,08-Oct-2026,228.16,231.08,226.36,230.81,941800
DHF,08-Oct-2026,2.18,2.19,2.17,2.17,637800
DHI,08-Oct-2026,132.22,136.315,132.11,135.82,2974700
DHR,08-Oct-2026,217.4,218.23,211.715,217.46,5293200
DHT,08-Oct-2026,24.425,25.0699,24.35,24.93,5520800
DHX,08-Oct-2026,4.86,5,4.86,4.97,196200
DIN,08-Oct-2026,28.69,29.83,28.5581,29.47,647800
DINO,08-Oct-2026,117.97,120.83,117.265,120.72,2432200
DIS,08-Oct-2026,104.81,107.41,104.0453,107.02,14275200
DIVY,08-Oct-2026,29.26,29.7,29.2,29.56,1300
DK,08-Oct-2026,76.79,77.27,75.13,76.6,1797300
DKL,08-Oct-2026,56.27,56.73,55.615,56.6,50000
DKS,08-Oct-2026,130.5,135.76,130.08,134.63,2335600
DLB,08-Oct-2026,58.16,59.07,57.74,58.45,1058200
DLN-A,08-Oct-2026,25.945,26.21,25.945,26.03,2000
DLNG,08-Oct-2026,3.7,3.7395,3.68,3.7,81200
DLNGpA,08-Oct-2026,25.945,26.21,25.945,26.03,1688
DLR,08-Oct-2026,179.45,179.53,172.6,176.07,2567100
DLR-J,08-Oct-2026,18.06,18.345,18.05,18.128,31200
DLR-K,08-Oct-2026,20.3,20.5,20.04,20.07,29900
DLR-L,08-Oct-2026,18,18.15,17.96,18.1,29500
DLRpJ,08-Oct-2026,18.06,18.345,18.05,18.128,28451
DLRpK,08-Oct-2026,20.3,20.5,20.04,20.07,23391
DLRpL,08-Oct-2026,18,18.15,17.96,18.1,26102
DLX,08-Oct-2026,22.64,23.2,22.26,23.05,654000
DLY,08-Oct-2026,13.18,13.26,13.13,13.24,127100
DMA,08-Oct-2026,7.45,7.505,7.45,7.48,3600
DMB,08-Oct-2026,9.22,9.45,9.19,9.24,143900
DMC,08-Oct-2026,29.89,30,29.21,29.6,580300
DMO,08-Oct-2026,9.34,9.405,9.29,9.38,112700
DNA,08-Oct-2026,10.92,11.41,10.61,11.34,3205400
DNOW,08-Oct-2026,15.37,15.7459,15.285,15.65,2747600
DNP,08-Oct-2026,9.71,9.7699,9.64,9.72,612500
DOC,08-Oct-2026,18.65,18.675,18.35,18.52,11109000
DOCN,08-Oct-2026,124.97,129.23,121.38,123.9,2263900
DOCS,08-Oct-2026,27.72,29.49,27.72,29.38,5196800
DOLE,08-Oct-2026,12.77,13.06,12.75,13.02,848900
DOUG,08-Oct-2026,1.52,1.575,1.52,1.56,589800
DOV,08-Oct-2026,187.11,189.6,186.65,188.96,664600
DOW,08-Oct-2026,28.26,28.84,27.8894,28.59,14127400
DPC,08-Oct-2026,40.14,41.05,37.95,38.84,958000
DPG,08-Oct-2026,12.95,13,12.88,12.91,39900
DQ,08-Oct-2026,10.95,10.95,10.5988,10.72,265400
DRD,08-Oct-2026,23.58,24.1926,23.58,24.1,218700
DRI,08-Oct-2026,200.3,202.5599,198.6,200.52,1163700
DRLL,08-Oct-2026,42.43,42.815,42.38,42.72,16500
DSL,08-Oct-2026,9.77,9.91,9.725,9.9,1411600
DSM,08-Oct-2026,5.07,5.14,5.07,5.12,160300
DSMC,08-Oct-2026,42.29,42.7913,42.17,42.7913,11900
DSTX,08-Oct-2026,33.81,33.9548,33.81,33.9548,1000
DSU,08-Oct-2026,8.87,8.875,8.78,8.82,270100
DSX,08-Oct-2026,2.85,2.935,2.84,2.9,1256400
DSX-B,08-Oct-2026,26.91,26.91,26.63,26.68,3200
DSX.W,08-Oct-2026,0.84,0.95,0.79,0.85,25800
DSX.WS,08-Oct-2026,0.8411,0.95,0.79,0.85,25066
DSXpB,08-Oct-2026,26.91,26.91,26.63,26.68,2333
DT,08-Oct-2026,60.53,61.38,59.87,61.12,8779900
DTB,08-Oct-2026,14.56,14.79,14.56,14.78,37900
DTE,08-Oct-2026,126.95,127.725,126.11,127.1,1296400
DTF,08-Oct-2026,11.17,11.2495,11.17,11.24,5800
DTG,08-Oct-2026,15.06,15.195,14.95,15.04,46400
DTK,08-Oct-2026,20.74,20.91,20.61,20.83,91000
DTM,08-Oct-2026,122.57,124.16,122.57,123.76,636200
DTW,08-Oct-2026,18.31,18.55,18.07,18.51,33200
DUK,08-Oct-2026,115.6,116.92,114.87,116.84,4254800
DUK-A,08-Oct-2026,21.36,21.86,21.12,21.67,177700
DUKB,08-Oct-2026,20.15,20.33,19.8,20.21,48800
DUKU,08-Oct-2026,48.73,49.06,48.25,48.83,45600
DUKpA,08-Oct-2026,21.36,21.86,21.12,21.69,155451
DV,08-Oct-2026,13.48,13.51,13.48,13.5,2075700
DVA,08-Oct-2026,176.58,179.03,175.4082,177.02,582200
DVN,08-Oct-2026,49.06,49.436,48.225,48.92,11569300
DX,08-Oct-2026,10.5,10.72,10.36,10.7,11385900
DX-C,08-Oct-2026,25.55,25.645,25.4303,25.63,30400
DX-D,08-Oct-2026,25.03,25.34,24.92,25.13,128700
DXC,08-Oct-2026,12.04,12.57,11.81,12.37,8106100
DXYZ,08-Oct-2026,31,31.2599,30.5,30.5,860800
DXpC,08-Oct-2026,25.55,25.645,25.4303,25.63,28119
DY,08-Oct-2026,278.26,280.14,269.455,277.21,508300
E,08-Oct-2026,55.72,56.11,55.29,55.62,365900
EAF,08-Oct-2026,8.49,8.9,8.26,8.85,517300
EAI,08-Oct-2026,18.55,18.81,18.38,18.8,27200
EARN,08-Oct-2026,3.49,3.61,3.38,3.55,567300
EAT,08-Oct-2026,186.41,193,183.46,190.2,1181000
EBF,08-Oct-2026,22.5,22.8,22.4,22.75,201600
EBS,08-Oct-2026,7.01,7.0119,6.785,6.81,1147300
EC,08-Oct-2026,16.96,17.25,16.73,16.94,997100
ECAT,08-Oct-2026,14.13,14.1499,13.97,14.11,246400
ECC,08-Oct-2026,3.06,3.13,3.05,3.1,1051600
ECC-D,08-Oct-2026,17.97,17.97,17.83,17.95,11300
ECCC,08-Oct-2026,24.23,24.42,24.23,24.42,1700
ECCU,08-Oct-2026,24.99,25.09,24.83,24.8601,5600
ECCV,08-Oct-2026,23.96,24,23.95,23.95,1400
ECCpD,08-Oct-2026,17.97,17.97,17.83,17.95,10301
ECG,08-Oct-2026,123.3,124.98,119.4,122.17,350100
ECL,08-Oct-2026,276.52,282.735,276.1501,281.69,975000
ECO,08-Oct-2026,91.67,94.98,91.51,94.44,1032300
ECVT,08-Oct-2026,10.35,10.435,10.125,10.21,1604800
ED,08-Oct-2026,104.74,106.265,104.17,105.99,2153200
EDD,08-Oct-2026,5.19,5.3032,5.15,5.28,474500
EDF,08-Oct-2026,4.73,4.75,4.68,4.72,162300
EDN,08-Oct-2026,20.01,20.775,20.01,20.15,236400
EDU,08-Oct-2026,57.35,57.84,56.75,57.38,490000
EE,08-Oct-2026,34.88,35.205,33.99,34.67,295200
EEA,08-Oct-2026,10.16,10.72,10.12,10.186,27700
EFC,08-Oct-2026,11.54,11.71,11.515,11.64,1830000
EFC-B,08-Oct-2026,24.52,24.58,24.4,24.5,30900
EFC-C,08-Oct-2026,25.09,25.09,24.89,25.03,7200
EFCpB,08-Oct-2026,24.52,24.58,24.4,24.5,27504
EFCpC,08-Oct-2026,25.09,25.09,24.89,25.03,6102
EFOR,08-Oct-2026,35.27,36.1,33.8875,35.93,704000
EFR,08-Oct-2026,10.36,10.39,10.25,10.3,82100
EFT,08-Oct-2026,10.63,10.635,10.5,10.61,72700
EFX,08-Oct-2026,142.63,146.18,141.565,145.54,1959500
EFXT,08-Oct-2026,24.01,24.2,23.39,24.01,969300
EG,08-Oct-2026,361.92,375.43,361.92,373.1,428100
EGO,08-Oct-2026,36.48,37.11,36.325,36.86,2414900
EGP,08-Oct-2026,190.83,195.48,189.97,195.12,354400
EGY,08-Oct-2026,5.91,6.025,5.875,6,1623300
EHC,08-Oct-2026,122.35,123.585,121.94,122.54,895700
EHI,08-Oct-2026,5.36,5.38,5.32,5.35,171200
EIC,08-Oct-2026,8.99,9.13,8.91,9.04,270300
EICA,08-Oct-2026,25,25.01,25,25,2100
EIG,08-Oct-2026,49.2,50.29,48.95,50.07,124800
EIIA,08-Oct-2026,25.29,25.29,25.19,25.26,3000
EIX,08-Oct-2026,54.36,54.5873,53.655,54.3,7799400
EL,08-Oct-2026,94,95.51,92.86,94.32,3921500
ELAN,08-Oct-2026,22.08,22.625,22,22.54,4570400
ELC,08-Oct-2026,18.46,18.56,18.36,18.52,13800
ELF,08-Oct-2026,103.96,106.485,103.57,105.96,1100200
ELLA,08-Oct-2026,25.07,25.07,24.92,25,5000
ELME,08-Oct-2026,1.75,1.76,1.75,1.75,1538100
ELPC,08-Oct-2026,13.98,14.19,13.945,14.06,544500
ELS,08-Oct-2026,58.07,58.61,57.51,58.5,2548600
ELV,08-Oct-2026,403.83,407.37,397.1236,400.94,786300
EMA,08-Oct-2026,45.85,46.35,45.4,45.85,2256500
EMBJ,08-Oct-2026,71,72.26,70.23,71,2514500
EMD,08-Oct-2026,9.24,9.24,9.13,9.22,271700
EME,08-Oct-2026,776.54,787.725,761.7801,778.24,370100
EMF,08-Oct-2026,22.25,22.4059,21.68,22.19,17300
EMN,08-Oct-2026,64.18,64.18,62.7601,63.76,1989300
EMO,08-Oct-2026,50.88,51.2232,50.2581,50.76,38600
EMP,08-Oct-2026,18.39,18.5001,18.31,18.4,15100
EMR,08-Oct-2026,157.93,159.66,156.25,159.06,2374500
ENB,08-Oct-2026,46.2,46.75,46.07,46.54,3943900
ENHA,08-Oct-2026,1.39,1.405,1.32,1.33,573000
ENIC,08-Oct-2026,4.28,4.42,4.28,4.4,610500
ENJ,08-Oct-2026,18.34,18.34,17.8601,18.05,2600
ENO,08-Oct-2026,19.47,19.58,19.38,19.51,9400
ENOV,08-Oct-2026,17.35,17.63,16.7,17.43,2305100
ENR,08-Oct-2026,21.31,21.61,21.11,21.44,883500
ENS,08-Oct-2026,180.11,182.99,177.63,179.31,733100
ENVA,08-Oct-2026,183.31,184.38,180.15,182.59,378100
EOD,08-Oct-2026,6.39,6.4,6.31,6.31,139600
EOG,08-Oct-2026,147.09,148.93,146.505,148.51,2932000
EOI,08-Oct-2026,20.08,20.115,19.881,19.99,98500
EOS,08-Oct-2026,21.64,21.65,21.28,21.43,213800
EOT,08-Oct-2026,15.23,15.285,15.09,15.13,109300
EP-C,08-Oct-2026,49.71,49.94,49.71,49.93,2600
EPAC,08-Oct-2026,35.15,35.15,34.66,34.91,321400
EPAM,08-Oct-2026,108.59,113.97,106.12,113.86,847600
EPC,08-Oct-2026,27.35,27.98,27.2,27.73,591700
EPD,08-Oct-2026,37.02,37.27,36.675,36.75,3351100
EPR,08-Oct-2026,54.18,54.51,53.69,54.41,1000100
EPR-C,08-Oct-2026,24.19,24.19,23.73,24,8900
EPR-E,08-Oct-2026,30.25,30.25,30.25,30.25,1700
EPR-G,08-Oct-2026,19.5,19.655,19.35,19.54,2600
EPRT,08-Oct-2026,24.97,25.11,24.62,25.05,2805700
EPRpC,08-Oct-2026,24.19,24.19,23.73,24,8700
EPRpE,08-Oct-2026,30.25,30.25,30.25,30.25,1623
EPRpG,08-Oct-2026,19.5,19.655,19.35,19.54,2039
EPpC,08-Oct-2026,49.71,49.94,49.71,49.93,1000
EQBK,08-Oct-2026,47,47.59,46.765,47.49,114000
EQH,08-Oct-2026,53.08,53.74,52.77,53.48,2532400
EQH-A,08-Oct-2026,17.37,17.77,17.31,17.62,131700
EQH-C,08-Oct-2026,15.08,15.42,15.02,15.33,30100
EQHpA,08-Oct-2026,17.37,17.77,17.31,17.77,114016
EQHpC,08-Oct-2026,15.08,15.42,15.02,15.33,26176
EQNR,08-Oct-2026,42.97,43.4099,42.595,42.93,4991900
EQS,08-Oct-2026,0.83,0.88,0.8,0.8,31900
EQT,08-Oct-2026,52.74,53.07,52.44,52.94,7643400
ERO,08-Oct-2026,36.26,37.025,35.17,35.98,1188500
EROC,08-Oct-2026,13.09,13.09,11.69,12.21,3559600
EROK,08-Oct-2026,21.72,21.975,21.435,21.58,197300
ES,08-Oct-2026,65.26,65.7761,64.825,65.69,3314300
ESAB,08-Oct-2026,65.76,65.77,62.74,64.88,2511600
ESE,08-Oct-2026,255.88,257.1,252.47,254.06,305000
ESI,08-Oct-2026,36.54,37.005,35.94,36.71,4353800
ESNT,08-Oct-2026,61.73,63.63,61.73,63.59,834700
ESRT,08-Oct-2026,4.48,4.61,4.4,4.58,6141400
ESS,08-Oct-2026,268.18,270.26,267.055,268.58,454400
ESTC,08-Oct-2026,93.4,95.5,93,95.26,1610400
ET,08-Oct-2026,20.4,20.74,20.4,20.67,5236863
ETB,08-Oct-2026,15.5,15.56,15.38,15.46,61700
ETD,08-Oct-2026,20.55,20.97,20.47,20.86,542200
ETG,08-Oct-2026,23.09,23.145,22.84,23.01,54900
ETI-,08-Oct-2026,20.8,21.2794,20.8,21.2794,1100
ETIp,08-Oct-2026,20.8,21.2794,20.8,21.2794,480
ETJ,08-Oct-2026,8.13,8.205,8.09,8.13,272900
ETN,08-Oct-2026,426.8,439.01,421.415,424.51,2535500
ETO,08-Oct-2026,30.4,30.4,30.07,30.2,17100
ETR,08-Oct-2026,102.59,103.009,101.74,102.49,3305300
ETV,08-Oct-2026,15,15.05,14.92,14.99,246000
ETW,08-Oct-2026,9.52,9.575,9.48,9.54,317000
ETX,08-Oct-2026,17.42,17.63,17.26,17.63,17500
ETY,08-Oct-2026,14.29,14.29,14.1301,14.21,335700
ETpI,08-Oct-2026,10.93,10.93,10.83,10.8501,83491
EVAC,08-Oct-2026,10.32,10.32,10.31,10.32,453900
EVC,08-Oct-2026,6.71,6.905,6.68,6.78,1049800
EVEX,08-Oct-2026,1.67,1.69,1.64,1.67,1005800
EVF,08-Oct-2026,4.83,4.85,4.81,4.83,22200
EVG,08-Oct-2026,10.12,10.36,10.07,10.25,61700
EVH,08-Oct-2026,4.1,4.125,3.84,3.96,2882700
EVMN,08-Oct-2026,6.18,6.44,6.02,6.41,691900
EVN,08-Oct-2026,9.08,9.24,9.0499,9.2,534600
EVR,08-Oct-2026,264.24,268.22,261.24,266.75,515200
EVT,08-Oct-2026,27.73,27.94,27.6,27.72,81200
EVTC,08-Oct-2026,28.87,29.44,28.41,29.34,337300
EVTL,08-Oct-2026,0.5702,0.5749,0.5336,0.5443,2730700
EVTR,08-Oct-2026,48.22,48.4,48.17,48.4,646000
EW,08-Oct-2026,85.65,85.78,82.425,84.24,6522200
EXG,08-Oct-2026,9.38,9.42,9.35,9.36,743300
EXK,08-Oct-2026,8.22,8.575,8.18,8.57,7255500
EXP,08-Oct-2026,165.44,167.705,164.47,167.3,410300
EXPD,08-Oct-2026,191.01,195.05,190.43,193.71,1003600
EXR,08-Oct-2026,131.7,133.28,130.535,133.12,2595500
F,08-Oct-2026,12.02,12.28,11.995,12.25,59419400
F-B,08-Oct-2026,18.8,18.8999,18.73,18.82,48300
F-C,08-Oct-2026,18.65,18.6999,18.5,18.58,119100
F-D,08-Oct-2026,19.63,19.72,19.55,19.68,74400
FAF,08-Oct-2026,61.25,62.87,60.63,62.81,759300
FBIN,08-Oct-2026,37.97,39.3999,37.83,39.31,2675200
FBK,08-Oct-2026,52.21,52.97,52,52.91,439400
FBP,08-Oct-2026,26.35,26.82,26.31,26.67,1570400
FBR-E,08-Oct-2026,17.78,17.89,17.61,17.61,27600
FBRT,08-Oct-2026,6.13,6.285,6.095,6.26,1498700
FBRTpE,08-Oct-2026,17.78,17.89,17.61,17.61,25550
FC,08-Oct-2026,18.06,18.555,17.98,18.25,60500
FCF,08-Oct-2026,19.83,20.09,19.745,20.06,1219500
FCN,08-Oct-2026,138.41,142.4,138.33,140.5,652700
FCPT,08-Oct-2026,21.09,21.29,20.855,21.25,1525700
FCR.U,08-Oct-2026,10.35,10.4,10.35,10.4,92900
FCR.W,08-Oct-2026,0.6,0.6,0.5001,0.6,15800
FCRS.U,08-Oct-2026,10.35,10.4,10.35,10.4,92939
FCX,08-Oct-2026,70.6,72.18,70.13,71.14,11870400
FDS,08-Oct-2026,273.48,288.445,273.125,286.52,1128600
FDX,08-Oct-2026,288.6,292.06,286.461,291.73,1292700
FDXF,08-Oct-2026,113.74,116.085,112.77,115.65,1647100
FE,08-Oct-2026,44.57,45.015,44.41,44.85,5644900
FEDU,08-Oct-2026,9.05,12,9.05,10.41,16600
FEGE,08-Oct-2026,50.39,50.7,50.246,50.66,343200
FENG,08-Oct-2026,1.4,1.41,1.4,1.4,2500
FEOE,08-Oct-2026,53.9,54.08,53.665,54.04,448000
FERG,08-Oct-2026,213.38,216.79,212.485,216.73,1582600
FET,08-Oct-2026,83.27,84.5599,82.3,84.37,130400
FF,08-Oct-2026,5.14,5.2799,5.115,5.18,333300
FFA,08-Oct-2026,22.46,22.5,22.23,22.35,11800
FFC,08-Oct-2026,14.65,14.68,14.54,14.62,193400
FG,08-Oct-2026,19.7,19.81,19.25,19.53,1479500
FGN,08-Oct-2026,23.25,23.61,23.01,23.12,19800
FGSN,08-Oct-2026,19.16,19.16,18.77,18.99,15500
FHI,08-Oct-2026,55.27,56.75,55.27,55.95,1196000
FHN,08-Oct-2026,22.84,23.31,22.78,23.31,5273700
FHN-E,08-Oct-2026,21,21.315,20.76,21.3,29300
FHN-F,08-Oct-2026,15.16,15.325,15.11,15.25,8100
FHN-H,08-Oct-2026,22.05,22.235,21.57,22.1,61800
FHNpE,08-Oct-2026,21,21.315,20.76,21.3,25017
FHNpF,08-Oct-2026,15.16,15.325,15.11,15.25,5741
FICO,08-Oct-2026,684,712.99,679.6675,707.43,1503800
FIG,08-Oct-2026,21.62,22.665,21.45,22.63,10579500
FIGS,08-Oct-2026,14.16,15.04,13.979,14.98,5966800
FINS,08-Oct-2026,11.87,11.9199,11.87,11.89,23200
FINV,08-Oct-2026,2.98,3.14,2.975,3.14,1380200
FIRY,08-Oct-2026,11.9,12.27,11.75,12.02,92900
FIS,08-Oct-2026,33.78,34.415,33.38,34.34,9122300
FIT-A,08-Oct-2026,21.4,21.84,21.35,21.8,24100
FIT-I,08-Oct-2026,25.26,25.38,25.16,25.3187,39300
FIT-K,08-Oct-2026,17.19,17.58,17.06,17.58,32200
FIT-M,08-Oct-2026,24.84,24.98,24.62,24.87,17600
FIX,08-Oct-2026,1716.32,1742.16,1655.17,1706.39,373300
FIXT,08-Oct-2026,35.77,36.02,35.765,35.93,48900
FLC,08-Oct-2026,15.43,15.4915,15.39,15.45,35400
FLG,08-Oct-2026,11.25,11.39,11.11,11.35,7410600
FLG-A,08-Oct-2026,22.23,22.71,22.23,22.6,66100
FLG-U,08-Oct-2026,35.88,37.36,35.51,37.36,14600
FLGpA,08-Oct-2026,22.23,22.71,22.23,22.6,55909
FLGpU,08-Oct-2026,35.88,37.36,35.51,37.36,13346
FLNG,08-Oct-2026,31.28,31.6861,30.9901,31.55,299700
FLO,08-Oct-2026,5.8,5.955,5.66,5.94,8499100
FLOC,08-Oct-2026,19.39,19.58,19,19.15,1027600
FLR,08-Oct-2026,50.46,51.26,49.78,51.01,1769300
FLS,08-Oct-2026,69.69,70.28,68.8,69.65,1955300
FLUT,08-Oct-2026,76.15,81.94,76.15,81.58,3698300
FLXR,08-Oct-2026,37.8,37.87,37.725,37.85,713500
FMC,08-Oct-2026,9.04,9.14,8.82,8.92,4147400
FMN,08-Oct-2026,9.91,9.92,9.84,9.88,97300
FMS,08-Oct-2026,20.28,20.89,20.23,20.88,1467500
FMX,08-Oct-2026,117,120.79,116.98,118.73,567800
FMY,08-Oct-2026,11.03,11.09,10.8001,11.06,2800
FN,08-Oct-2026,485.5,497.95,475.52,487.33,1201100
FNB,08-Oct-2026,16.98,17.29,16.9,17.28,5664400
FND,08-Oct-2026,45.24,46.72,44.905,46.5,3335100
FNF,08-Oct-2026,39.01,39.87,38.695,39.77,2327600
FNV,08-Oct-2026,236.48,242.31,236.17,240.5,423100
FOA,08-Oct-2026,12.73,13.14,12.52,13.05,78600
FOF,08-Oct-2026,12.42,12.45,12.3,12.44,58600
FOIL,08-Oct-2026,18.46,20.4669,17.215,18.67,57900
FOR,08-Oct-2026,25.43,25.99,25.28,25.91,205800
FOU-A,08-Oct-2026,52.4,54.01,52.4,53.8499,6300
FOUR,08-Oct-2026,39.06,40.19,38.17,39.52,2434000
FOURpA,08-Oct-2026,52.4,54.01,52.4,53.8499,4892
FPF,08-Oct-2026,15.76,15.8,15.55,15.72,339500
FPH,08-Oct-2026,4.55,4.565,4.44,4.48,282700
FPI,08-Oct-2026,10.4,10.5676,10.255,10.49,628600
FPS,08-Oct-2026,39.93,40.88,38.07,39.8,9924100
FR,08-Oct-2026,58.16,59.34,57.82,59.3,1763000
FRA,08-Oct-2026,10.34,10.3906,10.23,10.25,165000
FRO,08-Oct-2026,54.72,56.55,54.42,56.26,6389300
FRT,08-Oct-2026,104.96,105.68,104.76,105.46,1103000
FRT-C,08-Oct-2026,17.92,18.155,17.92,18.06,6300
FRTpC,08-Oct-2026,17.92,18.155,17.92,17.98,5248
FSCO,08-Oct-2026,4.9,4.98,4.87,4.98,1046600
FSK,08-Oct-2026,10.7,10.93,10.7,10.79,2294200
FSM,08-Oct-2026,10.03,10.655,10.02,10.61,7011200
FSS,08-Oct-2026,113.92,115.38,110.915,112.61,367500
FSSL,08-Oct-2026,11.44,11.66,11.41,11.66,187200
FT,08-Oct-2026,7.08,7.1729,7.03,7.09,75300
FTHY,08-Oct-2026,12.71,12.78,12.64,12.72,106000
FTI,08-Oct-2026,68.64,69.96,68.5,69.63,2496400
FTK,08-Oct-2026,28.11,28.34,26.945,27.22,370300
FTRA,08-Oct-2026,9.86,9.87,9.86,9.87,400
FTS,08-Oct-2026,53.13,53.5,52.73,53.38,1156300
FTV,08-Oct-2026,56.36,56.65,55.5701,56.42,2190600
FTW,08-Oct-2026,9.58,9.64,9.47,9.52,189100
FTW.W,08-Oct-2026,0.95,0.96,0.87,0.93,5100
FTWO,08-Oct-2026,45.37,45.37,45.1199,45.1643,5200
FUBO,08-Oct-2026,9.25,9.47,9.0901,9.35,978900
FUL,08-Oct-2026,49.55,50.67,48.855,50.44,1370600
FUN,08-Oct-2026,11.45,11.7,11.12,11.41,3662700
FVR,08-Oct-2026,16.23,16.8,16.09,16.66,286600
FVRR,08-Oct-2026,8.535,8.65,8.435,8.64,381500
FXED,08-Oct-2026,16.34,16.59,16.321,16.59,3000
FpB,08-Oct-2026,18.8,18.8999,18.73,18.82,44021
FpC,08-Oct-2026,18.65,18.6999,18.5,18.58,112797
FpD,08-Oct-2026,19.63,19.72,19.55,19.71,67090
G,08-Oct-2026,33.74,34.86,33.17,34.67,2459800
GAB,08-Oct-2026,5.17,5.2,5.13,5.2,888600
GAB-G,08-Oct-2026,18.4,18.6,18.39,18.6,7900
GAB-H,08-Oct-2026,18.46,18.64,18.3,18.64,23100
GAB-K,08-Oct-2026,18.5,18.7499,18.39,18.59,18500
GABpG,08-Oct-2026,18.4,18.6,18.39,18.6,3440
GABpH,08-Oct-2026,18.46,18.64,18.3,18.64,18588
GABpK,08-Oct-2026,18.5,18.7499,18.39,18.59,15371
GAM,08-Oct-2026,63.93,64.5302,63.9,64.06,11000
GAM-B,08-Oct-2026,22.32,23,22.2601,22.6,15600
GAMpB,08-Oct-2026,22.32,23,22.2601,22.6,11804
GAP,08-Oct-2026,23.27,23.45,22.905,23.36,5199900
GATX,08-Oct-2026,161.46,163.2741,158.875,162.78,219100
GBAB,08-Oct-2026,12.34,12.52,12.31,12.48,115600
GBCI,08-Oct-2026,42.36,42.98,42.29,42.98,1571600
GBX,08-Oct-2026,38.44,38.7,37.61,38.63,353200
GCO,08-Oct-2026,36.04,37.055,36.04,36.87,116000
GCPB,08-Oct-2026,48.19,48.3,48.19,48.3,5000
GCT.W,08-Oct-2026,0.2651,0.299,0.2651,0.299,800
GCTS,08-Oct-2026,2.05,2.13,2.0208,2.1,1218700
GCTS.WS,08-Oct-2026,0.2651,0.299,0.2651,0.299,656
GCV,08-Oct-2026,4.1,4.11,4.02,4.06,105300
GD,08-Oct-2026,326,331.3,322,329.9,1508000
GDDY,08-Oct-2026,97.2,104.005,97.025,103.19,1833500
GDIV,08-Oct-2026,18.12,18.25,18.119,18.2229,9500
GDL,08-Oct-2026,8.29,8.44,8.29,8.33,10400
GDO,08-Oct-2026,9.5,9.625,9.5,9.59,14900
GDOT,08-Oct-2026,12.4,12.68,12.38,12.68,386900
GDV,08-Oct-2026,28.21,28.38,28.12,28.31,63700
GDV-H,08-Oct-2026,21.61,22.15,21.51,22.01,16800
GDV-K,08-Oct-2026,16.34,16.46,16.14,16.4351,11600
GDVpH,08-Oct-2026,21.61,22.15,21.51,22.1,12986
GDVpK,08-Oct-2026,16.34,16.46,16.14,16.4351,10622
GE,08-Oct-2026,299.98,306.56,296.61,305.62,6392000
GEF,08-Oct-2026,81.99,82.95,81.1301,81.88,369900
GEF.B,08-Oct-2026,109.5,110.36,106.68,107.9,70400
GEL,08-Oct-2026,14.29,14.44,14.21,14.34,215500
GENI,08-Oct-2026,6.33,6.665,6.15,6.63,7392700
GEO,08-Oct-2026,30.6,31.005,29.54,30.96,3992000
GEV,08-Oct-2026,985.91,1027,973.365,999.35,2348600
GF,08-Oct-2026,10.22,10.27,10.22,10.26,21700
GFF,08-Oct-2026,92.63,93.43,91.4089,92.15,355300
GFI,08-Oct-2026,35.34,36.17,35.31,35.86,4172800
GFL,08-Oct-2026,41.93,42.54,41.575,42.33,2571600
GFR,08-Oct-2026,6.25,6.34,6.15,6.26,3366200
GGB,08-Oct-2026,5,5.115,4.915,4.92,16238900
GGG,08-Oct-2026,77.24,78.77,76.93,78.37,1315800
GGT,08-Oct-2026,4.01,4.01,4,4.01,138600
GGT-E,08-Oct-2026,19.97,19.9701,19.97,19.9701,400
GGT-G,08-Oct-2026,20.15,20.15,19.96,20.09,3400
GGTpE,08-Oct-2026,19.97,19.9701,19.97,19.9701,400
GGTpG,08-Oct-2026,20.15,20.15,19.96,20.09,3000
GGZ,08-Oct-2026,15.21,15.34,15.02,15.0401,2000
GHC,08-Oct-2026,1168.84,1197.468,1164.42,1184.62,27000
GHG,08-Oct-2026,0.97,0.995,0.9405,0.96,82700
GHI,08-Oct-2026,5.4484,5.4484,5.06,5.1,84600
GHM,08-Oct-2026,83.11,84.2517,80.33,81.55,187700
GHY,08-Oct-2026,10.9,10.91,10.77,10.86,128200
GIB,08-Oct-2026,68.63,69.81,68.63,69.68,482500
GIC,08-Oct-2026,42.88,43.7199,42.49,42.56,222800
GIL,08-Oct-2026,40.78,42,40.62,41.9,1368700
GIS,08-Oct-2026,31.84,32.7,31.73,32.59,16559800
GJO,08-Oct-2026,24.61,24.61,24.61,24.61,200
GJS,08-Oct-2026,23,23.19,22.955,23.01,11200
GKOS,08-Oct-2026,170.67,170.86,146.385,161.29,2899100
GL,08-Oct-2026,163.34,166.935,163.34,166.08,353500
GL-D,08-Oct-2026,14.13,14.32,14.13,14.29,6600
GLAS,08-Oct-2026,5.1,5.1766,4.2,4.41,4904700
GLED,08-Oct-2026,10.06,10.06,10.06,10.06,800
GLO-A,08-Oct-2026,25.2,25.71,25.01,25.04,2200
GLO-B,08-Oct-2026,25.75,25.75,25.51,25.54,15600
GLO-C,08-Oct-2026,25.54,25.54,25.445,25.445,1900
GLOB,08-Oct-2026,35.49,37.09,34.6,37.05,840500
GLOPpA,08-Oct-2026,25.2,25.71,25.01,25.04,1295
GLOPpB,08-Oct-2026,25.75,25.75,25.51,25.54,14087
GLOPpC,08-Oct-2026,25.54,25.54,25.445,25.445,1480
GLP,08-Oct-2026,47.6,48.105,46.81,47.96,63500
GLW,08-Oct-2026,158.26,160.26,150.94,152.83,9050600
GLpD,08-Oct-2026,14.13,14.32,14.13,14.297,5137
GM,08-Oct-2026,80.3,82.48,80.11,82.25,4976500
GME,08-Oct-2026,24.1,25.82,24.04,25.28,13060000
GME.W,08-Oct-2026,1.94,2.1599,1.9,1.95,958200
GME.WS,08-Oct-2026,2.03,2.25,1.9,1.95,858158
GMED,08-Oct-2026,73.48,74.27,72.5432,73.33,1888300
GMRS,08-Oct-2026,10.08,10.56,9.78,10.54,1028200
GNE,08-Oct-2026,16.68,16.85,16.4127,16.78,60100
GNK,08-Oct-2026,27.4,27.91,27.101,27.81,388900
GNL,08-Oct-2026,8,8.0152,7.83,7.96,3540500
GNL-A,08-Oct-2026,21.63,21.69,21.1006,21.57,7100
GNL-B,08-Oct-2026,20.87,21.56,20.58,21.12,3600
GNL-D,08-Oct-2026,21.89,22.27,21.52,22.04,10500
GNL-E,08-Oct-2026,21.55,21.99,21.23,21.99,12100
GNLpA,08-Oct-2026,21.63,21.69,21.1006,21.57,5507
GNLpB,08-Oct-2026,20.87,21.56,20.58,21.12,2749
GNLpD,08-Oct-2026,21.89,22.27,21.52,22.04,8219
GNLpE,08-Oct-2026,21.55,21.99,21.23,21.99,9206
GNRC,08-Oct-2026,225.72,228.775,217.19,224.4,1761300
GNT,08-Oct-2026,8.37,8.52,8.31,8.49,42200
GNT-A,08-Oct-2026,18.63,18.63,18.63,18.63,500
GNTpA,08-Oct-2026,18.63,18.63,18.63,18.63,400
GNW,08-Oct-2026,9.63,9.755,9.535,9.74,3568000
GOF,08-Oct-2026,8.68,8.76,8.5945,8.74,3232200
GOLD,08-Oct-2026,40.59,41.75,40.5,41.66,393200
GOLF,08-Oct-2026,80.4,81.38,78.23,79.14,421700
GOOS,08-Oct-2026,7.51,7.81,7.47,7.81,1072300
GOTU,08-Oct-2026,2.77,2.82,2.7001,2.71,480900
GPC,08-Oct-2026,124.99,128.34,123.85,128.17,1079800
GPI,08-Oct-2026,232.86,237.92,230,236.61,286200
GPJA,08-Oct-2026,18.66,18.8499,18.23,18.67,57200
GPK,08-Oct-2026,8.45,8.6,8.2125,8.58,8019300
GPM-A,08-Oct-2026,13.1,13.75,13.1,13.1499,11500
GPMT,08-Oct-2026,7.34,7.47,7.151,7.18,29800
GPMTpA,08-Oct-2026,13.1,13.75,13.1,13.1499,10454
GPN,08-Oct-2026,81.99,83.1,80.32,82.77,2188700
GPOR,08-Oct-2026,164.46,165.36,162.54,164.64,436400
GPRK,08-Oct-2026,11.36,11.57,11.32,11.45,472200
GRB-A,08-Oct-2026,19.84,20.225,19.74,20.205,19400
GRBK,08-Oct-2026,63.62,64.44,63,63.64,588400
GRBKpA,08-Oct-2026,19.84,20.225,19.74,20.205,15793
GRC,08-Oct-2026,73.85,74.535,72.9401,73.04,137300
GRDN,08-Oct-2026,40.79,41.8,40.19,41.6,574100
GRMN,08-Oct-2026,271.75,272.76,262.465,268.44,961400
GRND,08-Oct-2026,14.3,15.03,14.23,14.94,2011700
GRNT,08-Oct-2026,4.69,4.8,4.69,4.8,1688800
GROV,08-Oct-2026,1.05,1.06,1.03,1.03,74500
GRX,08-Oct-2026,9.4,9.65,9.3625,9.6,39300
GS,08-Oct-2026,880.57,887.49,876.77,882.59,1756800
GS-A,08-Oct-2026,19.12,19.25,19.12,19.21,41100
GS-C,08-Oct-2026,19.48,19.625,19.4,19.5,14700
GS-D,08-Oct-2026,18.7,18.7997,18.69,18.71,87700
GSBD,08-Oct-2026,8.75,8.94,8.75,8.88,981200
GSK,08-Oct-2026,46.4,46.7,45.825,46.54,7730500
GSL,08-Oct-2026,45.21,45.58,44.7409,45.48,328600
GSL-B,08-Oct-2026,26.04,26.47,26.04,26.04,4000
GSLpB,08-Oct-2026,26.04,26.47,26.04,26.04,2703
GSpA,08-Oct-2026,19.12,19.25,19.12,19.21,37361
GSpC,08-Oct-2026,19.48,19.625,19.4,19.5,13600
GSpD,08-Oct-2026,18.7,18.7997,18.69,18.71,81783
GTES,08-Oct-2026,27.03,27.17,26.245,26.74,2234400
GTN,08-Oct-2026,4.76,4.915,4.735,4.83,1251400
GTN.A,08-Oct-2026,5.06,5.42,5.03,5.03,2300
GTY,08-Oct-2026,27.54,27.91,27.3058,27.9,784200
GUG,08-Oct-2026,13.98,14,13.8,13.87,136700
GUT,08-Oct-2026,5.86,6.07,5.86,6.02,152300
GUT-C,08-Oct-2026,19.88,20.06,19.61,19.88,7500
GUTpC,08-Oct-2026,19.88,20.06,19.61,19.84,6233
GVA,08-Oct-2026,113.66,114.83,112.145,113.83,488300
GWRE,08-Oct-2026,167.25,167.25,161.325,164.78,818200
GWW,08-Oct-2026,1261.65,1282.97,1258.59,1268.67,186700
GXO,08-Oct-2026,45.39,46.71,45.38,46.36,1255800
GYLD,08-Oct-2026,13.2361,13.44,13.22,13.325,8900
H,08-Oct-2026,156.61,160.37,155.91,159.43,842300
HAE,08-Oct-2026,115,121,111.66,119.47,2775900
HAFN,08-Oct-2026,10.58,10.895,10.545,10.85,4042600
HAL,08-Oct-2026,32.23,32.69,32.15,32.57,11259500
HASI,08-Oct-2026,35.91,36.63,35.72,36.35,1246200
HAWK,08-Oct-2026,14.06,14.06,13.53,14,1731600
HAYW,08-Oct-2026,11.62,11.68,11.385,11.44,4799800
HBB,08-Oct-2026,34.22,35.715,33.855,35,74800
HBM,08-Oct-2026,25.52,25.825,24.875,25.39,4642400
HCA,08-Oct-2026,436.95,446.48,436,445.01,1127200
HCC,08-Oct-2026,89.92,92.38,89.64,89.8,597100
HCI,08-Oct-2026,187.44,193.63,185.35,192.35,175900
HCXY,08-Oct-2026,24.35,24.35,23.52,24.03,4800
HD,08-Oct-2026,284.53,295.74,282.84,295.47,8912900
HDB,08-Oct-2026,21.88,22.145,21.705,22.01,13688600
HE,08-Oct-2026,8.76,8.82,8.645,8.82,3302300
HEI,08-Oct-2026,293.37,297.075,291.98,295.91,506500
HEI.A,08-Oct-2026,221.6,221.765,218,221.07,384800
HEQ,08-Oct-2026,11.13,11.19,11.01,11.08,8200
HESM,08-Oct-2026,33.35,34.31,33.28,34,5289900
HF,08-Oct-2026,22.55,22.5586,22.55,22.5586,400
HFGM,08-Oct-2026,31.58,31.68,31.35,31.3836,27500
HFND,08-Oct-2026,23.98,24.02,23.88,23.97,20100
HFR-A,08-Oct-2026,15.58,15.63,15.58,15.62,4700
HFR-B,08-Oct-2026,15.5,15.63,15.48,15.61,5000
HFRO,08-Oct-2026,6.53,6.588,6.49,6.51,57600
HFROpA,08-Oct-2026,15.58,15.63,15.58,15.62,4370
HFROpB,08-Oct-2026,15.5,15.63,15.48,15.61,4256
HG,08-Oct-2026,34.34,35.13,34.15,35.1,364800
HGER,08-Oct-2026,35.88,36.2,35.825,36.2,1955000
HGLB,08-Oct-2026,6.38,6.475,6.32,6.33,159700
HGTY,08-Oct-2026,13.92,14.26,13.57,14.2,310900
HGV,08-Oct-2026,34.07,34.93,34.07,34.56,889800
HHH,08-Oct-2026,71.12,72.02,70.32,71.93,509800
HIG,08-Oct-2026,127.17,130.02,127.08,129.48,1619600
HIG-G,08-Oct-2026,21.3501,21.7612,21.26,21.65,54100
HIGpG,08-Oct-2026,21.3501,21.7612,21.26,21.65,40835
HII,08-Oct-2026,260.17,267.24,258.89,265.02,449800
HIMS,08-Oct-2026,29.2,29.62,27.49,28.06,15056700
HIO,08-Oct-2026,3.27,3.27,3.24,3.24,575800
HIPO,08-Oct-2026,32.47,34.21,32.43,34.21,219300
HIW,08-Oct-2026,29.4,29.61,28.85,29.18,2096100
HIX,08-Oct-2026,3.5,3.5,3.45,3.48,374800
HKD,08-Oct-2026,1.68,1.72,1.68,1.7,103100
HL,08-Oct-2026,16.22,16.77,16.22,16.73,37240300
HLF,08-Oct-2026,12.7,12.89,12.65,12.82,1589500
HLI,08-Oct-2026,124.67,127.22,123.635,125.53,930700
HLIO,08-Oct-2026,68.62,69.08,67.44,67.95,466700
HLLY,08-Oct-2026,2.34,2.475,2.29,2.44,3446000
HLN,08-Oct-2026,9.1,9.26,9.08,9.26,20284000
HLT,08-Oct-2026,320.02,324.73,318.95,323.29,1148600
HMC,08-Oct-2026,32.18,32.55,32.11,32.48,1251300
HMN,08-Oct-2026,45.28,46.0682,44.99,45.9,184500
HMY,08-Oct-2026,16.45,16.9,16.425,16.84,3648400
HNGE,08-Oct-2026,97.36,98.75,96.04,98,912300
HNI,08-Oct-2026,45.72,47.57,45.72,46.91,444500
HOG,08-Oct-2026,26.74,27.575,26.59,26.75,2966400
HOMB,08-Oct-2026,28.05,28.55,27.99,28.48,1570500
HOS,08-Oct-2026,7.55,7.685,7.48,7.63,2338800
HOV,08-Oct-2026,109.89,111.81,108.09,110,194800
HP,08-Oct-2026,40.55,40.69,39.98,40.19,907900
HPE,08-Oct-2026,70.45,72.4,69.82,71,16134200
HPE-C,08-Oct-2026,181.29,184.65,179.39,181.15,52800
HPEpC,08-Oct-2026,181.29,184.65,179.39,181.15,9808
HPF,08-Oct-2026,13.23,13.26,13.1,13.22,87900
HPI,08-Oct-2026,13.8,13.87,13.67,13.79,121000
HPP,08-Oct-2026,11.65,11.94,11.37,11.88,1058400
HPP-C,08-Oct-2026,14.32,14.56,14.14,14.46,8100
HPPpC,08-Oct-2026,14.32,14.56,14.14,14.46,7477
HPQ,08-Oct-2026,32.05,32.61,31.932,32.44,10028200
HPS,08-Oct-2026,11.75,11.75,11.52,11.72,174500
HQH,08-Oct-2026,19.19,19.235,18.82,19.13,256300
HQL,08-Oct-2026,17.46,17.46,17.1272,17.43,108000
HR,08-Oct-2026,16.9,17.24,16.83,17.19,8502700
HRB,08-Oct-2026,43.28,44.715,43.125,44.59,1850800
HRI,08-Oct-2026,122.34,126.085,121.05,123.86,411100
HRL,08-Oct-2026,19.5,19.635,19.37,19.42,10097600
HRTG,08-Oct-2026,34.36,35.3,34.22,35.23,298000
HSBC,08-Oct-2026,92.09,92.73,91.56,92.61,3558600
HSHP,08-Oct-2026,17.99,18.69,17.99,18.65,609700
HSY,08-Oct-2026,161.02,163.43,160.6822,162.54,1578900
HTB,08-Oct-2026,46.23,46.59,45.6901,46.43,137300
HTD,08-Oct-2026,22.34,22.4,22.1,22.31,120300
HTFC,08-Oct-2026,24.845,24.9,24.845,24.88,1500
HTGC,08-Oct-2026,16.33,16.565,16.275,16.55,1225500
HTH,08-Oct-2026,36.39,36.89,36.195,36.68,384800
HTT,08-Oct-2026,2.24,2.25,2.17,2.24,130900
HUBB,08-Oct-2026,471.03,483.855,469.9375,475.4,784600
HUBS,08-Oct-2026,220.17,232.57,219,231.84,1892100
HUM,08-Oct-2026,396.03,399.19,375.86,387.12,2681600
HUN,08-Oct-2026,8.72,8.77,8.41,8.5,3992500
HUYA,08-Oct-2026,2.28,2.28,2.22,2.24,595000
HVT,08-Oct-2026,27.46,27.71,27.13,27.51,103900
HVT.A,08-Oct-2026,28.7,28.7,27.36,27.36,200
HWM,08-Oct-2026,220.72,224.75,219.63,222.56,2654100
HXL,08-Oct-2026,83.48,85.31,83.12,85.13,664500
HY,08-Oct-2026,32.53,32.85,31.5001,32.49,185300
HYA.U,08-Oct-2026,9.98,9.98,9.98,9.98,500
HYBX,08-Oct-2026,28.66,28.66,28.66,28.66,100
HYI,08-Oct-2026,9.72,9.725,9.655,9.71,31400
HYT,08-Oct-2026,7.79,7.83,7.76,7.83,573400
HYTR,08-Oct-2026,20.78,20.8,20.76,20.79,77100
HZO,08-Oct-2026,52.44,52.49,52.42,52.43,408600
IAE,08-Oct-2026,8.77,8.87,8.6,8.85,96000
IAG,08-Oct-2026,17.96,18.52,17.96,18.4,3712600
IBM,08-Oct-2026,220.15,227.305,217.795,226.61,8929800
IBN,08-Oct-2026,27.72,27.985,27.515,27.9,6360100
IBP,08-Oct-2026,180.76,188.4709,178.5401,187.83,652300
IBTA,08-Oct-2026,41.82,43.36,41.7325,43.28,325500
ICE,08-Oct-2026,152.4,155.96,151.78,155.35,2035200
ICL,08-Oct-2026,5.04,5.05,4.99,5,1387100
ICR-A,08-Oct-2026,20.8881,21.7,20.8801,21.29,1400
ICRpA,08-Oct-2026,20.8881,21.7,20.8801,21.29,1102
IDA,08-Oct-2026,132.06,134.355,131.53,134.08,817900
IDE,08-Oct-2026,12.11,12.14,12.05,12.07,36300
IDT,08-Oct-2026,80.14,81.32,79.77,80.65,196400
IEX,08-Oct-2026,232.06,233.81,228.92,231.75,828200
IFF,08-Oct-2026,83.7,85.065,83.0218,84.65,2283900
IFN,08-Oct-2026,10.34,10.385,10.1301,10.28,596000
IFS,08-Oct-2026,51.84,53.29,51.84,53,140700
IGA,08-Oct-2026,9.82,9.91,9.81,9.87,50300
IGCB,08-Oct-2026,43.36,43.4926,43.36,43.4926,600
IGD,08-Oct-2026,6.22,6.28,6.13,6.26,530200
IGI,08-Oct-2026,15.38,15.415,15.145,15.32,12100
IGR,08-Oct-2026,11.05,11.0799,10.84,11.07,722800
IH,08-Oct-2026,1.145,1.15,1.145,1.15,1200
IHD,08-Oct-2026,7.55,7.68,7.38,7.39,195100
IHG,08-Oct-2026,158.74,160.06,157.63,159.48,194000
IHS,08-Oct-2026,8.43,8.445,8.42,8.44,245900
IIF,08-Oct-2026,21,21.04,20.83,20.87,17900
IIIN,08-Oct-2026,29.43,29.74,29.3,29.5,107800
IIM,08-Oct-2026,10.6,10.78,10.52,10.76,203400
IIP-A,08-Oct-2026,24.1,24.2,24.0001,24.155,21700
IIPR,08-Oct-2026,51.25,52,50.5,51.92,394300
IIPRpA,08-Oct-2026,24.1,24.2,24.0001,24.155,20279
IMAX,08-Oct-2026,51.48,53.605,48.24,51.31,1926900
INF.W,08-Oct-2026,5.1,5.135,4.85,4.93,5600
INFO,08-Oct-2026,28.53,28.57,28.38,28.501,49800
INFQ,08-Oct-2026,11.5,11.65,10.98,11.16,8253000
INFY,08-Oct-2026,10.54,10.745,10.12,10.7,31363900
ING,08-Oct-2026,33.28,33.455,32.895,33.43,4633900
INGM,08-Oct-2026,27.42,27.86,27.19,27.6,1234700
INGR,08-Oct-2026,94.36,95.48,94.06,95.11,937300
INN,08-Oct-2026,5.97,6.08,5.89,6.04,2176100
INN-E,08-Oct-2026,17.25,17.3,17,17.1,12200
INN-F,08-Oct-2026,15.99,16.3,15.99,16.255,6200
INNpE,08-Oct-2026,17.25,17.3,17,17.1,11543
INNpF,08-Oct-2026,15.99,16.3,15.99,16.255,5661
INR,08-Oct-2026,13.68,13.78,13.24,13.35,278900
INSP,08-Oct-2026,67.12,68,66.07,66.69,846700
INSW,08-Oct-2026,119.21,121.82,117.79,121.82,1058700
INVH,08-Oct-2026,25.89,26.57,25.82,26.48,8346900
INVX,08-Oct-2026,27.12,27.63,26.91,27.58,416400
IONQ,08-Oct-2026,41.71,42.01,38.8301,39.45,23013700
IOT,08-Oct-2026,40.5,41.44,40.105,41.22,5373400
IP,08-Oct-2026,31.59,31.915,31.175,31.88,7814700
IPB,08-Oct-2026,24.64,24.71,24.64,24.7,1100
IPI,08-Oct-2026,33.35,33.77,32.95,33.05,139400
IQI,08-Oct-2026,8.69,8.88,8.63,8.85,262400
IQV,08-Oct-2026,256.01,259.95,252.56,258.88,988400
IR,08-Oct-2026,77,78.56,76.455,78,4044000
IRA.W,08-Oct-2026,0.3,0.3,0.27,0.27,300
IRM,08-Oct-2026,115.34,115.63,110.46,112.97,1824300
IRS,08-Oct-2026,13.9,14.1544,13.6918,13.85,59900
IRT,08-Oct-2026,14.37,14.65,14.33,14.64,4895200
ISD,08-Oct-2026,11.55,11.6,11.48,11.59,123300
IT,08-Oct-2026,188.63,196.84,186.81,195.41,919800
ITGR,08-Oct-2026,126.52,126.7165,126.52,126.65,1140500
ITT,08-Oct-2026,197.92,199.95,195.83,198.7,606400
ITUB,08-Oct-2026,9.65,9.94,9.56,9.83,44018700
ITW,08-Oct-2026,259.21,264.93,259.09,264.71,1166000
IVAI,08-Oct-2026,10.16,10.16,10.12,10.13,152700
IVR,08-Oct-2026,5.6,5.695,5.52,5.68,4211800
IVR-C,08-Oct-2026,24.02,24.37,24.01,24.27,26500
IVRpC,08-Oct-2026,24.02,24.37,24.01,24.305,24506
IVT,08-Oct-2026,29.17,29.64,29.14,29.59,504000
IVZ,08-Oct-2026,30.09,30.4205,29.865,30.09,3918700
IX,08-Oct-2026,36.7,36.72,36.2,36.69,664200
J,08-Oct-2026,136.07,139.08,134.65,138.59,761800
JAC-,08-Oct-2026,0.04,0.04,0.04,0.04,51100
JACS,08-Oct-2026,10.83,10.83,10.8,10.8,15200
JAN,08-Oct-2026,27.7,28.345,27.59,28.1,1017800
JBGS,08-Oct-2026,10.84,11.09,10.77,11.02,1573000
JBI,08-Oct-2026,4.16,4.29,4.13,4.24,2557500
JBL,08-Oct-2026,294.81,304.15,292.955,299.16,1338200
JBND,08-Oct-2026,50.91,51.15,50.8601,51.15,3184000
JBS,08-Oct-2026,12.34,12.76,12.34,12.75,7314000
JBTM,08-Oct-2026,103.39,106,103.26,105.36,585600
JCE,08-Oct-2026,16.97,17.18,16.88,16.96,39300
JCI,08-Oct-2026,154.84,155.71,151.3601,154,2786600
JEF,08-Oct-2026,43.52,44.55,43.52,44.4,2426600
JELD,08-Oct-2026,1.74,1.7488,1.68,1.74,1185100
JENA,08-Oct-2026,10.42,10.42,10.42,10.42,25000
JFR,08-Oct-2026,7.32,7.36,7.29,7.36,1028000
JGH,08-Oct-2026,11.47,11.55,11.47,11.49,59200
JHI,08-Oct-2026,12.02,12.02,11.93,12.0109,27400
JHS,08-Oct-2026,10.08,10.15,10.08,10.12,6800
JHX,08-Oct-2026,23.92,25.185,23.92,25.15,7264200
JILL,08-Oct-2026,24.63,24.7177,24.26,24.47,247700
JKS,08-Oct-2026,8.75,8.81,8.445,8.66,636800
JLL,08-Oct-2026,293.27,304.88,292.52,303.14,457400
JLS,08-Oct-2026,16.25,16.34,16.19,16.25,33300
JMIA,08-Oct-2026,6.7,6.78,6.26,6.48,1696400
JMKE,08-Oct-2026,16.46,17.96,16.27,17.3,4898100
JMM,08-Oct-2026,5.51,5.575,5.51,5.56,1800
JNJ,08-Oct-2026,256.22,257.8,251.945,256.48,6177500
JOBY,08-Oct-2026,5.69,5.87,5.68,5.75,30463300
JOE,08-Oct-2026,64.58,65.27,64.39,65.25,161500
JOF,08-Oct-2026,12.49,12.601,12.3554,12.44,19000
JPC,08-Oct-2026,6.64,6.65,6.55,6.65,2758800
JPM,08-Oct-2026,327.25,332.31,325.625,331.42,8069200
JPM-C,08-Oct-2026,22.43,22.72,22.39,22.54,267100
JPM-D,08-Oct-2026,21.28,21.41,21.2252,21.34,252400
JPM-J,08-Oct-2026,17.35,17.52,17.31,17.52,139200
JPM-K,08-Oct-2026,16.64,16.75,16.6,16.75,932300
JPM-L,08-Oct-2026,16.9,16.95,16.81,16.94,279300
JPM-M,08-Oct-2026,15.64,15.74,15.6,15.7,334600
JPMpC,08-Oct-2026,22.43,22.72,22.39,22.68,246774
JPMpD,08-Oct-2026,21.28,21.41,21.2252,21.34,237711
JPMpJ,08-Oct-2026,17.35,17.52,17.31,17.5,126462
JPMpK,08-Oct-2026,16.64,16.75,16.6,16.75,910199
JPMpL,08-Oct-2026,16.9,16.95,16.81,16.945,262297
JPMpM,08-Oct-2026,15.64,15.74,15.6,15.72,308346
JQC,08-Oct-2026,4.65,4.65,4.62,4.62,434900
JRI,08-Oct-2026,10.4,10.52,10.36,10.51,219900
JRS,08-Oct-2026,7.14,7.23,7.1301,7.21,63000
JXN,08-Oct-2026,129.81,133.82,129.655,133.06,719600
JXN-A,08-Oct-2026,25.43,25.46,25.389,25.42,22800
JXNpA,08-Oct-2026,25.43,25.46,25.389,25.43,20071
KAI,08-Oct-2026,255.05,260.79,253.41,260.55,195300
KB,08-Oct-2026,121.27,122.48,120.45,122.04,164200
KBDC,08-Oct-2026,12.4,12.52,12.32,12.51,419900
KBH,08-Oct-2026,43.53,44.62,43.385,44.37,1279300
KBR,08-Oct-2026,33.94,35.21,33.65,35.18,2081100
KCA.S,08-Oct-2026,10.07,10.09,10.05,10.09,2600
KCA.U,08-Oct-2026,10.33,10.5,10.33,10.43,7700
KCA.W,08-Oct-2026,1.45,1.525,1.45,1.525,27800
KD,08-Oct-2026,11.39,11.94,11.225,11.88,5355600
KEN,08-Oct-2026,59.54,60.18,59.53,59.53,14900
KEP,08-Oct-2026,10.9,11.015,10.83,10.92,1287800
KEX,08-Oct-2026,136.1,139.04,136.1,138.11,356700
KEY,08-Oct-2026,19.73,20.1,19.6001,20.1,19645400
KEY-I,08-Oct-2026,24.99,25.09,24.99,25.01,33200
KEY-J,08-Oct-2026,19.05,19.1499,18.8548,18.93,54300
KEY-K,08-Oct-2026,19.07,19.08,18.82,18.82,77500
KEY-L,08-Oct-2026,24.64,24.88,24.6,24.67,37800
KEYS,08-Oct-2026,376.2,381.2,369.9,374.67,1992700
KEYpI,08-Oct-2026,24.99,25.09,24.99,25.01,28314
KEYpJ,08-Oct-2026,19.01,19.1499,18.8548,18.91,48840
KEYpK,08-Oct-2026,19.065,19.08,18.84,18.84,71874
KEYpL,08-Oct-2026,24.64,24.88,24.6,24.685,33225
KF,08-Oct-2026,64.53,64.91,62.44,62.9,17900
KFRC,08-Oct-2026,51.83,52.35,51.0301,52.35,224500
KFY,08-Oct-2026,70.85,73.16,70.46,72.93,670200
KGC,08-Oct-2026,23.11,23.39,23,23.34,6699300
KGS,08-Oct-2026,54.76,55.025,53.16,53.57,1939800
KIM,08-Oct-2026,21.88,22.145,21.7442,22.09,5158500
KIM-L,08-Oct-2026,18.73,18.97,18.54,18.89,18000
KIM-M,08-Oct-2026,18.72,19.01,18.62,18.97,16800
KIMpL,08-Oct-2026,18.73,18.97,18.54,18.96,13716
KIMpM,08-Oct-2026,18.72,19.01,18.62,19,13382
KIO,08-Oct-2026,10.2,10.22,10.09,10.2,421700
KKR,08-Oct-2026,88.01,89.62,88.01,89.56,6522900
KKR-D,08-Oct-2026,40.58,40.895,40.42,40.7,37500
KKRS,08-Oct-2026,15.44,15.525,15.4,15.525,25900
KKRT,08-Oct-2026,23.08,23.09,22.745,23.04,42500
KKRpD,08-Oct-2026,40.58,40.895,40.42,40.86,32257
KLAR,08-Oct-2026,13.2,13.49,13.03,13.46,4682300
KLC,08-Oct-2026,1.93,1.98,1.92,1.97,627700
KMI,08-Oct-2026,32.25,32.425,31.92,32.25,16922100
KMPB,08-Oct-2026,24.66,24.7,24.6,24.7,23000
KMPR,08-Oct-2026,26.37,27.5,26.225,27.47,1049900
KMT,08-Oct-2026,31.6,32.01,31.3,31.71,1542100
KMX,08-Oct-2026,52.84,53.88,52.36,53.79,3636800
KN,08-Oct-2026,37.43,38.13,36.92,37.14,549900
KNF,08-Oct-2026,50.07,52.5,49.415,52.27,1483700
KNOP,08-Oct-2026,10.39,10.5399,10.245,10.38,21500
KNSL,08-Oct-2026,331.18,341.77,330.36,339.65,207300
KNTK,08-Oct-2026,54.09,54.595,53.625,54.41,1106000
KNX,08-Oct-2026,63.48,65.23,63.48,65.05,2972500
KO,08-Oct-2026,86.26,88.035,86.08,87.77,15894900
KODK,08-Oct-2026,9.64,9.68,9.495,9.59,1132100
KOF,08-Oct-2026,108.64,110.96,108.02,109.71,259600
KOP,08-Oct-2026,43.71,45.06,43.71,44.24,164700
KOS,08-Oct-2026,2.69,2.75,2.64,2.69,12181000
KR,08-Oct-2026,59.71,61.66,59.675,61.41,8301900
KRC,08-Oct-2026,33.97,34.37,33.51,34.19,2186800
KRE-A,08-Oct-2026,18.2,18.3179,18.2,18.31,9400
KREF,08-Oct-2026,6.16,6.385,6.14,6.37,986600
KREFpA,08-Oct-2026,18.2,18.3179,18.2,18.3179,8788
KRG,08-Oct-2026,23.77,24.23,23.72,24.08,2096600
KRMN,08-Oct-2026,31.28,32.04,30.87,31.69,2658900
KRO,08-Oct-2026,7.77,7.88,7.7101,7.82,344900
KRP,08-Oct-2026,15,15.21,14.98,15.16,783400
KRS.U,08-Oct-2026,10.7,10.8,10.7,10.8,13900
KRSP,08-Oct-2026,10.59,10.62,10.57,10.57,500
KRSP.U,08-Oct-2026,10.7,10.8,10.7,10.8,13867
KSS,08-Oct-2026,19.93,20.54,19.6,20.11,5051300
KT,08-Oct-2026,19.03,19.21,18.495,18.55,2352100
KTB,08-Oct-2026,64.22,66.43,63.93,66.34,681700
KTF,08-Oct-2026,7.99,8.02,7.96,8,255200
KTH,08-Oct-2026,28.5,28.5,28.5,28.5,200
KTN,08-Oct-2026,25.56,25.61,25.56,25.61,2000
KVUE,08-Oct-2026,17.58,17.74,17.44,17.73,23268200
KVYO,08-Oct-2026,17.41,17.81,16.65,17.57,6888200
KWR,08-Oct-2026,155.81,159.065,155,158.11,198000
KWY,08-Oct-2026,9.4,9.53,9.375,9.49,41800
KYN,08-Oct-2026,14.14,14.22,14.0762,14.21,296700
L,08-Oct-2026,105.72,107.885,105.23,107.6,1079900
LAC,08-Oct-2026,2.39,2.409,2.32,2.36,8972300
LAD,08-Oct-2026,285.93,290.98,282.81,288.87,278300
LADR,08-Oct-2026,8.65,8.905,8.65,8.85,2489100
LANV,08-Oct-2026,0.8901,0.959,0.85,0.929,33200
LAR,08-Oct-2026,5.3,5.36,5.1601,5.26,1308200
LAW,08-Oct-2026,4.31,4.37,4.255,4.36,170200
LAZ,08-Oct-2026,35.19,35.99,34.85,35.82,1645500
LB,08-Oct-2026,85.98,88.99,85.98,87.46,245200
LBRT,08-Oct-2026,19.49,19.75,18.55,18.85,5497800
LCII,08-Oct-2026,79.58,80.6151,78.67,80.19,429800
LCIV,08-Oct-2026,24.78,24.78,24.78,24.78,100
LCLN,08-Oct-2026,23.61,24.54,23.36,24.35,300000
LDI,08-Oct-2026,0.5955,0.62,0.5955,0.6183,2168200
LDOS,08-Oct-2026,112.45,119.48,112.095,119.22,1673200
LDP,08-Oct-2026,18.98,19.09,18.86,18.92,154300
LEA,08-Oct-2026,118.08,118.86,116.6,118.53,640600
LEN,08-Oct-2026,75.48,77.84,75.13,77.6,6017000
LEN.B,08-Oct-2026,74.76,77.06,74.5,77.06,166200
LEO,08-Oct-2026,5.42,5.47,5.41,5.47,262800
LEU,08-Oct-2026,144.98,146.7799,138.7757,142.09,907600
LEVI,08-Oct-2026,19,19.39,18.58,19.05,13702600
LFT,08-Oct-2026,4.76,4.7795,4.56,4.75,48200
LFT-A,08-Oct-2026,15.85,16.3,15.75,15.7502,3000
LFTpA,08-Oct-2026,15.85,16.3,15.75,15.7502,2682
LGI,08-Oct-2026,16.96,17.13,16.88,16.96,18800
LH,08-Oct-2026,312.34,315.48,309.04,314.2,703700
LHX,08-Oct-2026,233.5,237.15,232.3427,236.92,1203400
LII,08-Oct-2026,352.55,363.9,350.65,361.54,485900
LION,08-Oct-2026,11.28,11.435,11.12,11.28,3246800
LITB,08-Oct-2026,3,3.1,2.991,3.0301,5500
LLY,08-Oct-2026,1183.5,1186.09,1131.21,1169.6,3093700
LMND,08-Oct-2026,46.76,46.91,45.77,46.91,1545500
LMT,08-Oct-2026,500.02,509.08,497,507.89,1112900
LNC,08-Oct-2026,40.84,41.53,40.715,40.99,3232500
LNC-D,08-Oct-2026,25.67,25.8212,25.67,25.71,78800
LNCpD,08-Oct-2026,25.67,25.8212,25.67,25.71,29230
LND,08-Oct-2026,3.77,3.8,3.73,3.73,38300
LNG,08-Oct-2026,275.55,279.25,275.08,277.88,1216600
LNN,08-Oct-2026,113.22,115.09,111.72,114.6,186800
LOAR,08-Oct-2026,60.69,61.85,59.74,61.62,899100
LOB,08-Oct-2026,34.07,35.01,34.03,34.57,391400
LOB-A,08-Oct-2026,24.85,24.9,24.8,24.9,2400
LOBpA,08-Oct-2026,24.85,24.9,24.8,24.9,1715
LOCL,08-Oct-2026,1.09,1.09,1.05,1.07,25600
LOMA,08-Oct-2026,9.46,10.02,9.46,10.01,616500
LOW,08-Oct-2026,180.5,189.45,180,188.85,4125500
LPG,08-Oct-2026,57.69,58.6444,57.1,58.23,511600
LPL,08-Oct-2026,2.93,2.95,2.85,2.85,3406200
LPX,08-Oct-2026,64.19,66.105,63.47,65.06,1144600
LRN,08-Oct-2026,79.86,81.53,79.86,81.36,766800
LSPD,08-Oct-2026,10.23,10.415,10.16,10.41,775300
LTC,08-Oct-2026,41.75,42.175,41.38,42.05,574200
LTH,08-Oct-2026,40.38,40.84,39.775,40.28,2723100
LTM,08-Oct-2026,50.05,50.81,49.94,50.44,578900
LU,08-Oct-2026,0.97,0.988,0.9117,0.9467,3323300
LUCK,08-Oct-2026,5.12,5.18,5,5.07,56600
LUMN,08-Oct-2026,5.85,5.88,5.465,5.555,8250327
LUV,08-Oct-2026,41,41.5,40.82,41.36,14561100
LUXE,08-Oct-2026,10.37,10.49,10.205,10.45,218000
LVS,08-Oct-2026,35.5,36.12,35.28,36.1,7055000
LVW.W,08-Oct-2026,0.033,0.033,0.033,0.033,2000
LVWR,08-Oct-2026,1.55,1.56,1.47,1.47,189100
LVWR.WS,08-Oct-2026,0.033,0.033,0.033,0.033,2012
LW,08-Oct-2026,48.22,49.833,47.755,49.46,4638900
LXFR,08-Oct-2026,17.24,17.26,17.22,17.23,334500
LXP,08-Oct-2026,60.98,61.03,60.95,61.01,750800
LXP-C,08-Oct-2026,49.35,49.65,49.35,49.43,1900
LXPpC,08-Oct-2026,49.35,49.65,49.35,49.43,1100
LXU,08-Oct-2026,10.32,10.34,10.075,10.13,581000
LYB,08-Oct-2026,60.11,60.7,59.06,60.34,6064500
LYG,08-Oct-2026,5.32,5.4,5.3,5.38,16672700
LYNX,08-Oct-2026,12.76,12.875,12.15,12.33,377800
LYV,08-Oct-2026,170.16,172.35,169.895,171.34,1985000
LZB,08-Oct-2026,29.3,29.655,29.0348,29.55,804200
LZM,08-Oct-2026,3.66,3.67,3.21,3.33,1745600
LZM.W,08-Oct-2026,0.4201,0.4201,0.25,0.2726,5300
LZM.WS,08-Oct-2026,0.4201,0.4201,0.25,0.2726,5092
M,08-Oct-2026,22.67,23.015,22.385,22.79,6030800
MA,08-Oct-2026,568.49,581.59,568.49,574.76,3391800
MAA,08-Oct-2026,114.14,116.68,113.95,116.19,1431500
MAC,08-Oct-2026,22.12,22.285,21.94,22.2,2776300
MAGN,08-Oct-2026,11.49,11.77,11.48,11.65,461200
MAIN,08-Oct-2026,53.62,54.63,53.62,54.47,524400
MAIR,08-Oct-2026,23.91,24.13,23.34,24,3211400
MAN,08-Oct-2026,52.87,54.43,52.45,54.36,800000
MANE,08-Oct-2026,111.6,136.715,110.56,126.63,3490500
MANU,08-Oct-2026,20.2,20.465,20.19,20.32,412700
MAS,08-Oct-2026,68.47,70.05,67.745,69.5,2747900
MATV,08-Oct-2026,11.85,11.97,11.64,11.86,555200
MATX,08-Oct-2026,223.25,228.1,223.085,227.79,255000
MAX,08-Oct-2026,9.68,10.68,9.68,10.68,2098200
MBC,08-Oct-2026,6.85,6.965,6.69,6.93,2996200
MBGL,08-Oct-2026,17.27,18.14,17.26,18.08,4324200
MBI,08-Oct-2026,4.43,4.6,4.42,4.58,274000
MC,08-Oct-2026,55.7,56.53,54.5901,56.27,1140600
MCB,08-Oct-2026,86.36,88.24,86.36,87.49,94300
MCD,08-Oct-2026,231.21,237.5,230.2,236.9,11366700
MCI,08-Oct-2026,18.41,18.72,18.235,18.52,31400
MCK,08-Oct-2026,906.65,938.51,906.65,930.25,715600
MCN,08-Oct-2026,5.22,5.27,5.22,5.26,22000
MCO,08-Oct-2026,449.2,459.0499,448.59,458.69,526700
MCS,08-Oct-2026,26.64,27.33,26.55,27.16,167200
MCY,08-Oct-2026,102.3,103.37,101.34,102.29,351400
MD,08-Oct-2026,25.7,26.35,25.54,26.24,729900
MDA,08-Oct-2026,28.5,28.72,27.07,27.33,1692000
MDST,08-Oct-2026,28.32,28.5,28.32,28.42,35000
MDT,08-Oct-2026,85.9,88.475,85.55,87.75,105664800
MDU,08-Oct-2026,18.87,18.9,18.635,18.81,1376600
MEC,08-Oct-2026,15.32,15.61,14.98,15.27,581500
MED,08-Oct-2026,11.45,11.53,11.38,11.43,110600
MEGI,08-Oct-2026,13.49,13.6,13.352,13.48,108700
MEI,08-Oct-2026,14.79,16,14.73,15.25,1010700
MER-K,08-Oct-2026,23.01,23.3,22.85,22.99,169100
MERpK,08-Oct-2026,23.01,23.3,22.85,22.98,158181
MET,08-Oct-2026,95.82,98.75,95.705,98.47,3024200
MET-A,08-Oct-2026,21.18,21.44,21.13,21.22,109500
MET-E,08-Oct-2026,20.02,20.26,20,20.22,196000
MET-F,08-Oct-2026,16.84,16.9952,16.7498,16.96,130000
METpA,08-Oct-2026,21.18,21.44,21.13,21.43,93420
METpE,08-Oct-2026,20.02,20.26,20,20.22,174608
METpF,08-Oct-2026,16.84,16.9952,16.7498,16.96,118477
MFA,08-Oct-2026,7.11,7.25,7.01,7.18,3239300
MFA-B,08-Oct-2026,16.99,17.2299,16.8314,17.11,35600
MFA-C,08-Oct-2026,22.33,22.5,22.1,22.45,57200
MFAN,08-Oct-2026,25.12,25.12,25.05,25.11,10000
MFAO,08-Oct-2026,25.15,25.22,25.04,25.17,31700
MFApB,08-Oct-2026,16.99,17.2299,16.8314,17.1,32998
MFApC,08-Oct-2026,22.33,22.5,22.1,22.48,53867
MFC,08-Oct-2026,41.47,42.21,41.28,42.12,1472400
MFG,08-Oct-2026,10.59,10.67,10.485,10.67,3950700
MFM,08-Oct-2026,4.87,4.93,4.83,4.93,621800
MFSB,08-Oct-2026,23.81,23.91,23.7997,23.89,208800
MFSG,08-Oct-2026,31.16,31.26,30.45,30.89,132700
MFSI,08-Oct-2026,32.43,32.49,32.27,32.42,307800
MFSM,08-Oct-2026,23.51,23.61,23.43,23.54,259800
MFSV,08-Oct-2026,28.39,28.6058,28.3599,28.6,280000
MG,08-Oct-2026,20.68,20.88,20.52,20.7,212700
MGA,08-Oct-2026,64.03,64.06,62.9046,63.82,1550800
MGF,08-Oct-2026,13.23,13.99,13.23,13.87,22300
MGM,08-Oct-2026,29.8,30.42,29.602,30.01,5344900
MGR,08-Oct-2026,18.875,18.88,18.49,18.735,32000
MGRB,08-Oct-2026,15.38,15.6,15.21,15.475,32200
MGRD,08-Oct-2026,13.89,13.93,13.725,13.91,22600
MGRE,08-Oct-2026,21.26,21.3,21.06,21.16,62900
MGY,08-Oct-2026,24.8,24.935,24.315,24.48,7379900
MH,08-Oct-2026,12.98,13.4,12.765,13.37,866100
MHD,08-Oct-2026,10.08,10.14,9.98,10.1,1597200
MHF,08-Oct-2026,6.12,6.27,6.05,6.21,154000
MHK,08-Oct-2026,117,120.485,115.65,119.44,1326200
MHLA,08-Oct-2026,9,9.01,8.9,9.01,1000
MHNC,08-Oct-2026,10.52,10.63,10.21,10.63,4900
MHO,08-Oct-2026,128.23,130.655,126.64,130.17,198700
MIAX,08-Oct-2026,29.94,30.79,29.52,30.7,2209200
MIN,08-Oct-2026,13.68,13.85,13.68,13.75,26400
MIR,08-Oct-2026,16.2,16.275,15.87,16.22,5828100
MIT-A,08-Oct-2026,19.29,19.2941,18.766,19.2,13900
MIT-B,08-Oct-2026,18.4,18.4,17.82,18.08,23100
MIT-C,08-Oct-2026,24.66,24.9,24.55,24.77,25100
MITN,08-Oct-2026,25.07,25.14,25.03,25.14,18400
MITP,08-Oct-2026,25.06,25.105,24.89,25.05,24300
MITT,08-Oct-2026,5.56,5.71,5.5,5.69,624200
MITTpA,08-Oct-2026,19.2941,19.2941,18.766,19.2,12105
MITTpB,08-Oct-2026,18.4,18.4,17.82,18.08,16326
MITTpC,08-Oct-2026,24.75,24.9,24.55,24.765,22099
MIY,08-Oct-2026,11.18,11.35,11.17,11.27,65600
MKC,08-Oct-2026,45.41,46.11,45.1,45.94,6154100
MKC.V,08-Oct-2026,47.11,47.9277,46.28,47.74,1800
MKL,08-Oct-2026,1725.63,1778.67,1722.083,1767.82,68900
MLI,08-Oct-2026,59.93,60.83,59.93,60.49,1311300
MLM,08-Oct-2026,473.72,483.485,472.005,481.57,704300
MLP,08-Oct-2026,15.37,15.37,14.3,15.17,58300
MLR,08-Oct-2026,52.56,52.92,52,52.8,74100
MMD,08-Oct-2026,13.66,13.67,13.5616,13.65,132300
MMI,08-Oct-2026,28.28,28.79,28.0333,28.76,207300
MMID,08-Oct-2026,25.89,26.5,25.85,26.21,32400
MMK,08-Oct-2026,100.09,100.09,100.085,100.085,1200
MMKT,08-Oct-2026,100.2,100.2,100.19,100.195,3000
MMM,08-Oct-2026,160.89,164.23,159.925,163.58,2332300
MMS,08-Oct-2026,55.81,58.88,55.725,58.77,1119600
MMT,08-Oct-2026,4.25,4.25,4.18,4.18,164700
MMU,08-Oct-2026,8.9,8.99,8.84,8.95,278700
MNR,08-Oct-2026,10.81,10.85,10.66,10.67,296300
MNSO,08-Oct-2026,9.05,9.07,8.9117,9.07,747900
MNTN,08-Oct-2026,10.11,10.45,10.11,10.42,855400
MO,08-Oct-2026,70,71.84,70,71.42,11656500
MOD,08-Oct-2026,185.66,187.2869,176.64,181.89,1335000
MOG.A,08-Oct-2026,358.09,366.69,354.21,362.92,299900
MOGU,08-Oct-2026,1.7702,1.9572,1.7702,1.865,2200
MOH,08-Oct-2026,194.22,196.99,191.385,195.76,789500
MOS,08-Oct-2026,19.8,20.145,19.63,19.73,13096700
MOV,08-Oct-2026,32.17,32.615,31.76,31.99,279600
MP,08-Oct-2026,45.37,46.75,45.28,46.14,5470400
MPA,08-Oct-2026,9.62,9.77,9.5101,9.7,77500
MPC,08-Oct-2026,449.45,467.85,447.59,463.34,2751100
MPLX,08-Oct-2026,57.46,57.5399,57.115,57.32,688700
MPT,08-Oct-2026,3.24,3.25,3.1,3.19,18936600
MPV,08-Oct-2026,16.15,16.64,16.15,16.405,11500
MQY,08-Oct-2026,9.78,9.91,9.665,9.91,2969200
MRK,08-Oct-2026,141.9,142.77,138.89,142.38,8411400
MRP,08-Oct-2026,22.57,22.8313,21.66,22.63,5788300
MRSH,08-Oct-2026,174.28,176.86,172.79,176.67,3949800
MS,08-Oct-2026,186.81,188.54,186.15,187.44,5859600
MS-A,08-Oct-2026,18.9,19,18.8277,19,96800
MS-E,08-Oct-2026,24.58,24.65,24.5,24.6,144600
MS-F,08-Oct-2026,24.03,24.06,23.855,24.03,93200
MS-I,08-Oct-2026,22.38,22.51,22.32,22.32,445700
MS-K,08-Oct-2026,20.52,20.6399,20.52,20.61,201100
MS-L,08-Oct-2026,17.27,17.42,17.26,17.42,48500
MS-O,08-Oct-2026,15.04,15.18,15,15.18,226700
MS-P,08-Oct-2026,22.93,23.29,22.92,23.22,494900
MS-Q,08-Oct-2026,23.46,23.66,23.41,23.64,76100
MSA,08-Oct-2026,178,178.49,175.295,178.1,193300
MSB,08-Oct-2026,18.43,18.97,17.25,18.36,79900
MSC,08-Oct-2026,0.9501,0.99,0.91,0.9802,86100
MSCI,08-Oct-2026,555.38,562.9,552.79,561.67,389100
MSD,08-Oct-2026,6.66,6.68,6.64,6.67,47900
MSDL,08-Oct-2026,13.3,13.6099,13.3,13.57,448600
MSGE,08-Oct-2026,82,83.2,81.55,81.66,501200
MSGS,08-Oct-2026,406.01,412.1,402.995,407.17,279500
MSI,08-Oct-2026,444.76,450.6485,443.12,447.12,722100
MSIF,08-Oct-2026,11.55,11.895,11.55,11.78,245000
MSM,08-Oct-2026,129.61,129.965,127.505,128.92,896800
MSpA,08-Oct-2026,18.9,19,18.8277,19,91879
MSpE,08-Oct-2026,24.54,24.65,24.5,24.61,133477
MSpF,08-Oct-2026,23.97,24.14,23.855,24.02,83977
MSpI,08-Oct-2026,22.38,22.51,22.32,22.32,410390
MSpK,08-Oct-2026,20.56,20.6399,20.52,20.62,152158
MSpL,08-Oct-2026,17.27,17.41,17.26,17.38,44570
MSpO,08-Oct-2026,15.04,15.18,15,15.16,213658
MSpP,08-Oct-2026,22.93,23.29,22.92,23.24,306251
MSpQ,08-Oct-2026,23.46,23.66,23.41,23.64,65979
MT,08-Oct-2026,60.85,61.71,60.34,61.3,1964600
MTA.W,08-Oct-2026,0.73,0.86,0.72,0.85,13100
MTAL,08-Oct-2026,10.18,10.18,10.165,10.165,19300
MTB,08-Oct-2026,214.73,217.73,213.25,217.56,1438200
MTB-H,08-Oct-2026,25.1,25.1,25.05,25.05,16900
MTB-J,08-Oct-2026,25.08,25.2799,25,25.16,95700
MTB-K,08-Oct-2026,21.88,21.88,21.5001,21.81,50000
MTB-L,08-Oct-2026,22.8,23.27,22.75,23.21,44200
MTBpH,08-Oct-2026,25.1,25.1,25.05,25.05,12279
MTBpJ,08-Oct-2026,25.08,25.2799,25,25.165,87880
MTD,08-Oct-2026,1521.56,1536.54,1500.9,1529.46,264500
MTDR,08-Oct-2026,54.27,54.75,53.74,54.48,1221800
MTG,08-Oct-2026,26.99,27.87,26.99,27.87,2859200
MTH,08-Oct-2026,59.28,60.855,59.07,60.63,1042500
MTN,08-Oct-2026,142.89,147.03,140.76,146.09,949500
MTNE,08-Oct-2026,9.95,9.95,9.95,9.95,100
MTR,08-Oct-2026,2.31,2.31,2.0201,2.07,26800
MTRN,08-Oct-2026,287.76,290.58,274.66,277.11,239400
MTUS,08-Oct-2026,19.76,20.185,19.58,19.64,315400
MTW,08-Oct-2026,21.75,22.15,21.43,21.72,367400
MTX,08-Oct-2026,64.9,65.34,64.5,64.7,168600
MTZ,08-Oct-2026,217.93,219.3369,209.66,216.66,1417900
MUA,08-Oct-2026,9.28,9.28,9.131,9.23,367500
MUC,08-Oct-2026,9.64,9.71,9.51,9.69,1682900
MUFG,08-Oct-2026,22.25,22.48,22.15,22.48,4008600
MUJ,08-Oct-2026,11.12,11.16,11.08,11.12,129700
MUR,08-Oct-2026,38.26,38.76,37.97,38.6,1349700
MUSA,08-Oct-2026,518.48,526.99,514.475,518.22,162800
MUSE,08-Oct-2026,47.97,47.97,47.97,47.97,100
MUX,08-Oct-2026,16.97,17.36,16.93,17.32,731900
MWA,08-Oct-2026,21.25,21.65,21.1277,21.56,1829500
MX,08-Oct-2026,3.2,3.23,3.09,3.16,720900
MXE,08-Oct-2026,12.67,12.75,12.26,12.5,3500
MXF,08-Oct-2026,20.07,20.51,19.85,19.85,36700
MYE,08-Oct-2026,30.6,30.93,30.4,30.68,172000
MYI,08-Oct-2026,9.51,9.54,9.37,9.47,2398900
MYN,08-Oct-2026,8.72,8.74,8.58,8.65,641000
MZY.W,08-Oct-2026,0.43,0.43,0.43,0.43,300
MZYX,08-Oct-2026,9.98,9.99,9.98,9.99,52100
NABL,08-Oct-2026,4.5,4.57,4.45,4.5,2005500
NAC,08-Oct-2026,9.9,10.02,9.86,10,1733200
NAD,08-Oct-2026,9.95,10.11,9.845,10.08,2902200
NAN,08-Oct-2026,9.55,9.63,9.4301,9.57,335000
NAT,08-Oct-2026,8.33,8.61,8.31,8.58,5673800
NATL,08-Oct-2026,45.42,45.73,45.24,45.62,968200
NAZ,08-Oct-2026,10.52,10.64,10.52,10.61,64400
NBB,08-Oct-2026,14.1,14.17,14.015,14.12,66700
NBHC,08-Oct-2026,37.51,38.275,37.43,38.18,559500
NBR,08-Oct-2026,81.51,82.34,80.38,81.56,166900
NBXG,08-Oct-2026,16.05,16.14,15.75,15.84,105400
NC,08-Oct-2026,36.26,36.755,35.58,36.53,39100
NCA,08-Oct-2026,8.18,8.25,8.1698,8.2,188100
NCDL,08-Oct-2026,10.66,10.91,10.66,10.89,316900
NCLH,08-Oct-2026,14.86,15.53,14.8001,15.49,22909600
NCV,08-Oct-2026,15.34,15.34,14.9526,15.15,113400
NCV-A,08-Oct-2026,18.8,18.8,18.69,18.72,6800
NCVpA,08-Oct-2026,18.8,18.8,18.69,18.72,4549
NCZ,08-Oct-2026,14.09,14.2041,13.7617,14.02,68900
NCZ-A,08-Oct-2026,18.5,18.5,18.1826,18.29,11200
NCZpA,08-Oct-2026,18.5,18.5,18.1826,18.29,9296
NDMO,08-Oct-2026,8.66,8.7763,8.6,8.77,481900
NE,08-Oct-2026,41.74,42.73,41.18,42.15,1027600
NE.A,08-Oct-2026,18.7,18.7,18.7,18.7,100
NE.WS.A,08-Oct-2026,18.7,18.7,18.7,18.7,100
NEA,08-Oct-2026,9.87,9.99,9.79,9.99,4091800
NEE,08-Oct-2026,77.1,77.62,76.43,77.37,11782800
NEE-N,08-Oct-2026,19.16,19.405,19.06,19.28,112300
NEE-S,08-Oct-2026,49.33,49.38,49.04,49.38,37100
NEE-T,08-Oct-2026,45.92,46.2282,45.725,46.16,124400
NEE-U,08-Oct-2026,21.99,22.1,21.72,22.03,424700
NEE-V,08-Oct-2026,43.44,43.5,43.17,43.47,51500
NEE-W,08-Oct-2026,22.32,22.61,22.18,22.47,346200
NEEpN,08-Oct-2026,19.16,19.405,19.06,19.3,86459
NEEpS,08-Oct-2026,49.33,49.36,49.04,49.29,11789
NEEpT,08-Oct-2026,45.92,46.2282,45.725,46.16,18985
NEEpU,08-Oct-2026,21.99,22.1,21.72,22.04,304124
NEM,08-Oct-2026,113.19,115.91,112.68,115.55,5437000
NET,08-Oct-2026,340.02,349.78,337,341.89,2441500
NEU,08-Oct-2026,905.23,914.355,902.7,903.63,134900
NEXA,08-Oct-2026,12.46,12.63,12.3401,12.51,349600
NFG,08-Oct-2026,78.05,79.11,78.03,78.21,838900
NFJ,08-Oct-2026,14.33,14.43,14.12,14.36,507200
NGG,08-Oct-2026,76.97,77.2,76.23,77.11,774700
NGL,08-Oct-2026,15.45,15.45,15.2,15.27,67100
NGL-B,08-Oct-2026,25.74,25.74,25.55,25.55,6000
NGL-C,08-Oct-2026,25.75,25.75,25.75,25.75,100
NGLpB,08-Oct-2026,25.74,25.74,25.55,25.55,4044
NGLpC,08-Oct-2026,25.75,25.75,25.75,25.75,100
NGS,08-Oct-2026,33.53,33.6798,33.06,33.18,57100
NGVC,08-Oct-2026,30.31,30.6,29.955,30.08,82200
NGVT,08-Oct-2026,70.44,72.17,70.44,71.41,245200
NHI,08-Oct-2026,63.83,64.8599,63.51,64.58,401000
NI,08-Oct-2026,40.51,40.65,40.125,40.53,4013200
NIC,08-Oct-2026,161.57,164.74,160.4915,164.03,150100
NIE,08-Oct-2026,25.58,25.58,25.14,25.32,95400
NIM,08-Oct-2026,8.62,8.79,8.61,8.68,57100
NIO,08-Oct-2026,3.485,3.49,3.36,3.41,39765300
NIQ,08-Oct-2026,16.91,17.92,16.74,17.91,1221800
NJR,08-Oct-2026,50.97,51.335,50.76,51.01,745100
NKE,08-Oct-2026,34.13,34.87,33.83,34.74,43802400
NKX,08-Oct-2026,10.39,10.42,10.3,10.4,472100
NL,08-Oct-2026,6.99,7.14,6.9026,6.97,15900
NLOP,08-Oct-2026,9.58,9.74,9.555,9.69,99200
NLY,08-Oct-2026,17.81,18.36,17.7601,18.27,21317900
NLY-F,08-Oct-2026,25.2,25.37,25.12,25.34,196500
NLY-G,08-Oct-2026,24.87,25.13,24.61,25.05,66900
NLY-J,08-Oct-2026,25.62,25.78,25.46,25.73,101800
NLYpF,08-Oct-2026,25.17,25.37,25.12,25.345,169647
NLYpG,08-Oct-2026,24.87,25.13,24.61,25.06,60679
NLYpJ,08-Oct-2026,25.62,25.78,25.46,25.78,92322
NMAI,08-Oct-2026,13.67,13.69,13.4,13.62,66400
NMAX,08-Oct-2026,9.95,10.4,9.84,10.36,629100
NMCO,08-Oct-2026,8.45,8.55,8.33,8.51,1514800
NMG,08-Oct-2026,1.07,1.08,1.05,1.07,267900
NMI,08-Oct-2026,9.29,9.32,9.19,9.23,60900
NMM,08-Oct-2026,91.2,92.64,90.3,91.99,114800
NMR,08-Oct-2026,9.45,9.545,9.35,9.54,782400
NMS,08-Oct-2026,9.73,9.75,9.7129,9.74,11100
NMT,08-Oct-2026,10.16,10.2366,10.05,10.19,28200
NMZ,08-Oct-2026,8.99,9.055,8.92,9.03,1565400
NNI,08-Oct-2026,124.25,126.1,123.56,125.96,152800
NNN,08-Oct-2026,39.94,40.27,39.59,40.27,3076200
NNY,08-Oct-2026,7.93,7.9799,7.85,7.9,40200
NOA,08-Oct-2026,11.98,11.99,11.75,11.88,79200
NOAH,08-Oct-2026,7.73,7.76,7.6,7.62,79700
NOC,08-Oct-2026,474.82,486.935,471.355,484.48,1087500
NOG,08-Oct-2026,24.75,25.18,24.53,25.14,2585000
NOK,08-Oct-2026,10.34,10.45,9.9,10.14,71498000
NOMD,08-Oct-2026,11.07,11.095,10.85,11.05,1728100
NOV,08-Oct-2026,18.82,19.05,18.65,18.99,3592800
NOW,08-Oct-2026,139.25,142.51,135.58,139.75,11834300
NP,08-Oct-2026,27.72,28.68,27.42,28.44,573100
NPB,08-Oct-2026,15.45,15.75,14.6456,15.69,300100
NPCT,08-Oct-2026,8.99,9.1112,8.89,8.99,107200
NPFD,08-Oct-2026,17.54,17.71,17.37,17.56,69600
NPK,08-Oct-2026,147.44,152.43,145.04,152.01,106100
NPKI,08-Oct-2026,11.42,11.65,11.25,11.48,909700
NPO,08-Oct-2026,315.44,316.56,305.765,307.68,166200
NPV,08-Oct-2026,9.3,9.42,9.275,9.4,65700
NPW.W,08-Oct-2026,0.2,0.2,0.19,0.19,7600
NPWR,08-Oct-2026,1.24,1.27,1.215,1.24,591800
NPWR.WS,08-Oct-2026,0.2,0.2,0.19,0.19,7510
NRDY,08-Oct-2026,6.72,6.9,6.6293,6.79,12300
NRE-A,08-Oct-2026,25.22,25.6,25.1,25.22,13400
NREF,08-Oct-2026,15.35,15.59,15.25,15.58,40500
NREFpA,08-Oct-2026,25.22,25.6,25.1,25.22,11641
NRG,08-Oct-2026,107.5,109.69,104.43,106.32,5013800
NRGV,08-Oct-2026,3.58,3.65,3.285,3.31,3342500
NRK,08-Oct-2026,9.12,9.23,9.09,9.22,391900
NRP,08-Oct-2026,110.71,111.87,110.43,111.31,6700
NRT,08-Oct-2026,8.27,8.5,8.25,8.42,21700
NRUC,08-Oct-2026,19.91,20.22,19.74,20.11,18600
NSC,08-Oct-2026,313.3,318.0551,311.7,316.99,565900
NSP,08-Oct-2026,48.45,50.06,48.18,49.74,468600
NTB,08-Oct-2026,57.42,58.42,57.415,57.85,127600
NTEST.H,08-Oct-2026,25.05,25.05,25.05,25.05,560
NTEST.I,08-Oct-2026,25.04,25.04,25.04,25.04,320
NTEST.Y,08-Oct-2026,24.99,24.99,24.99,24.99,120
NTR,08-Oct-2026,70.58,71.115,69.76,69.87,1378900
NTST,08-Oct-2026,17.24,17.48,17,17.43,1432400
NU,08-Oct-2026,15.5,15.79,15.2,15.38,82430800
NUE,08-Oct-2026,245.13,249.03,244.9,246.14,860800
NUS,08-Oct-2026,4.8,4.81,4.705,4.77,571400
NUV,08-Oct-2026,8.12,8.255,8.09,8.24,1390900
NUVB,08-Oct-2026,4.8,4.98,4.625,4.95,9289900
NUW,08-Oct-2026,12.98,13.07,12.9,12.98,151000
NVG,08-Oct-2026,10.42,10.595,10.355,10.57,1882600
NVGS,08-Oct-2026,23.82,24.52,23.62,24.49,533300
NVO,08-Oct-2026,37.8,38.23,37.505,38.18,11817100
NVR,08-Oct-2026,5883.87,6019.83,5868.06,6002.55,38200
NVRI,08-Oct-2026,19.62,19.895,19.44,19.79,259700
NVS,08-Oct-2026,142.77,143.29,140.68,143.11,1532600
NVST,08-Oct-2026,22.8,22.845,22.29,22.72,2268800
NVT,08-Oct-2026,164.86,168.91,160.17,164.2,2520900
NWA.U,08-Oct-2026,10.18,10.18,10.18,10.18,400
NWA.W,08-Oct-2026,0.3,0.3331,0.2901,0.2901,252900
NWAX,08-Oct-2026,10.04,10.04,10.04,10.04,900
NWG,08-Oct-2026,17.1,17.19,16.885,17.15,5259000
NWN,08-Oct-2026,47.95,48,47.3,47.8,327600
NX,08-Oct-2026,18.14,18.63,17.91,18.54,577000
NXD-A,08-Oct-2026,12.83,12.99,12.83,12.9899,3100
NXDR,08-Oct-2026,2.46,2.52,2.445,2.51,2369400
NXDT,08-Oct-2026,5.05,5.15,5.04,5.14,151700
NXDTpA,08-Oct-2026,12.83,12.99,12.83,12.9899,1946
NXE,08-Oct-2026,8.89,8.92,8.54,8.67,7366700
NXG,08-Oct-2026,56.4,56.69,55.1,56.03,36500
NXP,08-Oct-2026,13.19,13.2099,12.99,13.02,307900
NXRT,08-Oct-2026,19.4,19.79,19.36,19.66,585000
NYC,08-Oct-2026,6.05,6.05,5.66,5.66,10300
NYT,08-Oct-2026,65.57,66.68,65.385,66.6,2096500
NZF,08-Oct-2026,10.69,10.845,10.62,10.82,1365100
O,08-Oct-2026,53.27,54.175,53.15,54.17,12337700
OAK-A,08-Oct-2026,20,20.46,19.945,20.06,21900
OAK-B,08-Oct-2026,20.02,20.2,20,20.01,16900
OAKpA,08-Oct-2026,20,20.46,19.945,20.06,19900
OAKpB,08-Oct-2026,20.02,20.2,20,20.01,15991
OBDC,08-Oct-2026,9.97,10.18,9.95,10.17,3045600
OBK,08-Oct-2026,52.16,53.045,52.11,52.47,232300
OC,08-Oct-2026,113.39,117.77,113,117.2,1143800
ODC,08-Oct-2026,87.6,88,83.71,84.37,130200
OEC,08-Oct-2026,5.72,5.845,5.68,5.82,421700
OFG,08-Oct-2026,50.22,51.08,50.09,50.92,245300
OFRM,08-Oct-2026,16.57,16.62,15.83,16.33,276500
OGC,08-Oct-2026,26.39,27.075,26.29,26.67,844700
OGE,08-Oct-2026,45.93,46.225,45.62,46.11,1758300
OGG,08-Oct-2026,2.75,2.84,2.75,2.79,1167800
OGN,08-Oct-2026,13.78,13.8,13.75,13.75,2090000
OGS,08-Oct-2026,71.88,72.51,71.46,72.36,1340000
OHI,08-Oct-2026,43.72,44.305,43.45,44.14,2161400
OI,08-Oct-2026,5.79,6.195,5.755,6.17,6026600
OIA,08-Oct-2026,5.72,5.74,5.67,5.73,226600
OII,08-Oct-2026,44.16,44.94,43.67,44.58,750800
OIS,08-Oct-2026,8.19,8.305,8.07,8.2,854300
OKE,08-Oct-2026,89.37,90.92,88.95,90.29,5022800
OKLO,08-Oct-2026,36.04,36.3,33.7,34.57,16337700
OLN,08-Oct-2026,15.95,16.18,15.394,15.61,5779900
OLP,08-Oct-2026,21.97,22.135,21.7716,22.01,88100
OMC,08-Oct-2026,74.74,76.58,74.495,76.45,2092900
OMF,08-Oct-2026,55.5,56.58,55.395,56.42,978800
ONIT,08-Oct-2026,27.09,27.64,25.5,27.44,222500
ONL,08-Oct-2026,2.25,2.265,2.19,2.2,303300
ONON,08-Oct-2026,32.85,34.275,32.6657,34.04,13772900
ONT,08-Oct-2026,14.06,14.06,13.18,13.71,697700
ONTO,08-Oct-2026,297.04,306.345,288.16,292.67,762100
OOMA,08-Oct-2026,19.79,20.2,19.7401,20.1,280600
OPFI,08-Oct-2026,6.02,6.13,5.96,6.09,807300
OPLN,08-Oct-2026,34.73,35.85,34.59,35.68,1643800
OPP,08-Oct-2026,6.92,6.96,6.85,6.9,133700
OPP-A,08-Oct-2026,14.62,14.7035,14.55,14.69,12200
OPP-B,08-Oct-2026,15.9,16,15.75,15.9,5900
OPPpA,08-Oct-2026,14.62,14.7035,14.55,14.69,10686
OPPpB,08-Oct-2026,15.9,16,15.75,15.9,5150
OPTU,08-Oct-2026,0.96,1,0.9207,0.9868,1757100
OPY,08-Oct-2026,117.7,119.15,115.94,116.44,111400
OR,08-Oct-2026,33.75,34.46,33.59,34.18,873700
ORA,08-Oct-2026,89.02,89.58,87.42,88.64,827600
ORC,08-Oct-2026,4.96,5.05,4.85,5.02,11471800
ORC-D,08-Oct-2026,44,44.285,42.4,42.56,1324400
ORCL,08-Oct-2026,142.19,142.775,134.66,135.69,42412600
ORI,08-Oct-2026,37.76,38.72,37.66,38.55,1037600
ORN,08-Oct-2026,8.93,9.32,8.81,9.06,454100
OSCR,08-Oct-2026,32.75,33.42,32.25,33.1,4133400
OSG,08-Oct-2026,4.55,4.82,4.545,4.77,841800
OSK,08-Oct-2026,126.01,128.03,125.31,127.35,625100
OTA-,08-Oct-2026,0.1943,0.2,0.1705,0.1993,3700
OTA.U,08-Oct-2026,10.23,10.23,10.17,10.23,2900
OTAI,08-Oct-2026,10.1,10.1,10.0438,10.09,29400
OTAX,08-Oct-2026,50.64,50.64,50.488,50.488,1100
OTF,08-Oct-2026,9.23,9.43,9.18,9.39,2157700
OTIS,08-Oct-2026,65.62,66.38,65.03,66.11,4656100
OUT,08-Oct-2026,28.96,29.63,28.85,29.58,1338000
OVV,08-Oct-2026,62.86,63.8,62.61,63.37,3016200
OWL,08-Oct-2026,9.1,9.31,8.99,9.27,21451400
OWLT,08-Oct-2026,4.72,4.72,4.56,4.66,151600
OXM,08-Oct-2026,25,25.73,24.63,25.48,687700
OXY,08-Oct-2026,59.63,60.3,59.25,60.28,11849000
OXY.W,08-Oct-2026,37.45,38.29,37.45,38.29,51800
OXY.WS,08-Oct-2026,37.45,38.29,37.45,38.29,36151
P,08-Oct-2026,151.82,157.05,150.02,150.57,5751300
PAAS,08-Oct-2026,44.01,45.32,43.94,45.31,3034100
PAC,08-Oct-2026,200.64,201.85,193.69,196.69,130400
PACK,08-Oct-2026,3.84,3.92,3.77,3.9,635200
PACS,08-Oct-2026,42.93,43.88,42.5,43.73,588800
PAG,08-Oct-2026,194.23,198.49,193.73,198.05,546800
PAGS,08-Oct-2026,10.42,10.83,10.36,10.68,5535800
PAI,08-Oct-2026,11.28,11.3461,11.28,11.34,31400
PAI.U,08-Oct-2026,13.16,13.16,10.43,10.5,28300
PAI.W,08-Oct-2026,0.31,0.31,0.28,0.31,3900
PAII,08-Oct-2026,10.35,10.35,10.31,10.34,2500
PAII.WS,08-Oct-2026,0.31,0.31,0.28,0.31,3805
PAM,08-Oct-2026,80.12,81.98,79.79,80.68,94400
PAR,08-Oct-2026,14.85,15.47,14.52,15.43,1052500
PARR,08-Oct-2026,87.02,89.205,86,87.65,832900
PATH,08-Oct-2026,13.08,13.385,12.96,13.25,34333100
PAXS,08-Oct-2026,13.06,13.26,13,13.24,290900
PAY,08-Oct-2026,31.08,31.94,30.8,31.92,1015300
PAYC,08-Oct-2026,223.61,230.46,222.74,229.9,666500
PB,08-Oct-2026,65.64,66.69,65.465,66.69,940800
PBA,08-Oct-2026,46.42,47.38,46.34,47.15,1414100
PBF,08-Oct-2026,85.4,89.48,84.83,89.34,3065300
PBH,08-Oct-2026,47.62,47.94,46.74,47.87,558500
PBI,08-Oct-2026,16.45,17,16.45,16.98,1530200
PBI-B,08-Oct-2026,20.85,21,20.7241,20.87,10800
PBIpB,08-Oct-2026,20.85,21,20.7241,20.87,9726
PBR,08-Oct-2026,24.4,24.85,24.255,24.69,30401200
PBR.A,08-Oct-2026,22.03,22.2799,21.865,22.14,11924300
PBT,08-Oct-2026,33.86,35.27,33.86,34.85,136900
PCF,08-Oct-2026,5.02,5.05,4.98,5.05,87900
PCG,08-Oct-2026,12.76,12.825,12.55,12.67,47031800
PCG-X,08-Oct-2026,32.52,32.66,32.36,32.48,15300
PCGpX,08-Oct-2026,32.52,32.66,32.36,32.48,12508
PCM,08-Oct-2026,4.97,5.08,4.92,4.98,92300
PCN,08-Oct-2026,10.7,10.8,10.585,10.76,574600
PCOR,08-Oct-2026,54.52,55.26,53.84,54.78,3225500
PCQ,08-Oct-2026,7.7,7.76,7.62,7.69,424700
PD,08-Oct-2026,15.45,15.86,15.39,15.8,2019500
PDCC,08-Oct-2026,8.38,8.38,7.8501,7.8501,4700
PDI,08-Oct-2026,14.33,14.42,14.22,14.33,2683600
PDM,08-Oct-2026,9.07,9.15,8.9,9.08,1721500
PDO,08-Oct-2026,11.85,12.105,11.795,12.07,1048700
PDPA,08-Oct-2026,24.95,24.97,24.92,24.92,1800
PDS,08-Oct-2026,84.91,85.44,84.005,84.29,78400
PDT,08-Oct-2026,11.82,11.9,11.77,11.89,101200
PDX,08-Oct-2026,20.78,20.799,20.51,20.76,62900
PEB,08-Oct-2026,18.61,19.065,18.57,18.98,2719700
PEB-E,08-Oct-2026,19.74,19.86,19.63,19.86,5600
PEB-G,08-Oct-2026,19.43,19.48,19.4298,19.43,800
PEB-H,08-Oct-2026,18,18.04,17.8501,18.035,2900
PEBpE,08-Oct-2026,19.74,19.86,19.63,19.86,4903
PEBpG,08-Oct-2026,19.4298,19.48,19.4298,19.43,600
PEBpH,08-Oct-2026,18,18.04,17.8501,18.035,2765
PEG,08-Oct-2026,71.7,72.145,71.1,71.84,5603000
PEN,08-Oct-2026,316.61,317.52,316.53,317.52,379300
PEO,08-Oct-2026,28.41,28.8,28.25,28.79,52500
PERF,08-Oct-2026,1.91,1.93,1.91,1.92,314500
PEW,08-Oct-2026,1.94,1.97,1.88,1.88,401000
PEW.W,08-Oct-2026,0.34,0.34,0.34,0.34,100
PEW.WS,08-Oct-2026,0.34,0.34,0.34,0.34,100
PFD,08-Oct-2026,10.49,10.5378,10.46,10.53,40300
PFE,08-Oct-2026,27.9,28,27.475,27.82,44433400
PFGC,08-Oct-2026,93.41,95.725,92.71,94.72,1214800
PFH,08-Oct-2026,14.67,14.89,14.5142,14.82,28300
PFL,08-Oct-2026,6.8,6.97,6.76,6.97,359500
PFLA,08-Oct-2026,24.91,24.9199,24.9,24.9199,1500
PFLT,08-Oct-2026,6.65,6.725,6.6,6.68,739500
PFN,08-Oct-2026,6.2,6.33,6.19,6.3,621400
PFO,08-Oct-2026,8.55,8.55,8.475,8.5,55600
PFS,08-Oct-2026,21.87,22.24,21.84,22.22,862600
PFSI,08-Oct-2026,61.44,61.665,59.41,61.34,952500
PG,08-Oct-2026,147.74,150.76,147.05,150.59,12054600
PGP,08-Oct-2026,8.2,8.25,8.15,8.19,31800
PGR,08-Oct-2026,215.31,220.04,214.645,218.73,2749500
PGZ,08-Oct-2026,8.81,8.87,8.73,8.8,15800
PH,08-Oct-2026,946.83,953.51,937.84,946.96,543300
PHG,08-Oct-2026,24.01,24.305,23.97,24.3,1635100
PHI,08-Oct-2026,18.26,18.42,17.7,18.29,284100
PHIN,08-Oct-2026,57.62,58.82,57.62,58.46,451500
PHK,08-Oct-2026,4.1,4.19,4.09,4.19,3030900
PHM,08-Oct-2026,110.54,113.78,110.54,113.53,2324800
PHR,08-Oct-2026,10.49,10.67,10.3701,10.66,695100
PII,08-Oct-2026,52.31,53.37,52,52.81,907700
PIM,08-Oct-2026,2.97,2.99,2.9571,2.99,18900
PIN-A,08-Oct-2026,25,25.16,24.8501,25.16,1600
PINE,08-Oct-2026,17.59,17.91,17.5211,17.88,164800
PINS,08-Oct-2026,20.29,20.54,20.1,20.53,12799600
PIPR,08-Oct-2026,63.23,64.59,62.81,64.38,855200
PJT,08-Oct-2026,137.95,137.95,133.2,135.8,860700
PK,08-Oct-2026,15.35,15.36,15,15.21,4555400
PKE,08-Oct-2026,29.21,31.25,29,29.66,853500
PKG,08-Oct-2026,226.25,229.98,225.12,229.94,493500
PKX,08-Oct-2026,56.6,57.24,56.5,56.75,229000
PL,08-Oct-2026,17.43,17.53,16.69,17.19,19148500
PLD,08-Oct-2026,127.16,129.425,126.62,129.29,4222900
PLGO,08-Oct-2026,23.88,24.47,23.74,24.45,609500
PLNT,08-Oct-2026,42.88,44.06,42.82,44.03,2508000
PLOW,08-Oct-2026,39.49,39.79,39.14,39.39,173600
PM,08-Oct-2026,194.84,202.6994,192.97,200.5,5522000
PML,08-Oct-2026,6.46,6.57,6.41,6.55,793800
PMM,08-Oct-2026,5.58,5.64,5.53,5.63,249900
PMO,08-Oct-2026,9.14,9.36,9.14,9.33,224200
PMT,08-Oct-2026,7.45,7.56,7.31,7.49,3767900
PMT-A,08-Oct-2026,20.75,20.75,20.52,20.7,14600
PMT-B,08-Oct-2026,20.77,20.879,20.51,20.68,20200
PMT-C,08-Oct-2026,14.87,15.3999,14.87,15.34,70600
PMTU,08-Oct-2026,25.2,25.26,25.15,25.2,6300
PMTV,08-Oct-2026,25.2,25.24,24.97,25.11,41600
PMTW,08-Oct-2026,25.17,25.175,24.95,25.03,42700
PMTpA,08-Oct-2026,20.75,20.75,20.52,20.7,13261
PMTpB,08-Oct-2026,22.18,22.18,20.51,20.68,17982
PMTpC,08-Oct-2026,14.87,15.3999,14.87,15.34,66181
PNA.U,08-Oct-2026,10.01,10.07,10.01,10.07,2100
PNAQ,08-Oct-2026,9.84,9.84,9.84,9.84,100
PNC,08-Oct-2026,216.02,219.68,214.82,219.68,1687700
PNF-A,08-Oct-2026,25.26,25.26,24.6691,25.16,9100
PNF-B,08-Oct-2026,25.63,25.7369,25.5101,25.52,11800
PNF-C,08-Oct-2026,22.63,23,22.395,22.77,25400
PNI,08-Oct-2026,6,6.0599,6,6.02,161500
PNNT,08-Oct-2026,3.19,3.24,3.16,3.21,309400
PNR,08-Oct-2026,51.88,52.38,51.13,52.3,2517000
PNW,08-Oct-2026,98.06,98.34,96.965,97.98,1151000
POR,08-Oct-2026,45.04,45.44,44.62,45.35,1838500
POR.U,08-Oct-2026,9.97,9.97,9.97,9.97,2000
POST,08-Oct-2026,72.95,74.31,72.62,74.23,591000
PPG,08-Oct-2026,103.93,105.795,103.3,105.46,2067400
PPL,08-Oct-2026,33.94,34.13,33.68,34.1,9090600
PPT,08-Oct-2026,3.24,3.26,3.22,3.23,174700
PR,08-Oct-2026,22.63,22.97,22.5632,22.84,7453100
PRCS,08-Oct-2026,29,29.15,29,29.04,7700
PRG,08-Oct-2026,31.05,31.22,30.0201,30.9,1123800
PRGO,08-Oct-2026,14.45,14.561,14.1,14.5,2879300
PRH,08-Oct-2026,20.06,20.39,20.05,20.37,52800
PRI,08-Oct-2026,273.93,277.68,271,275.39,183500
PRI-D,08-Oct-2026,24.48,24.55,24.47,24.55,500
PRI-L,08-Oct-2026,25.02,25.035,25.02,25.035,5700
PRIFpD,08-Oct-2026,24.48,24.55,24.47,24.55,551
PRIFpL,08-Oct-2026,25.02,25.035,25.02,25.035,5056
PRIM,08-Oct-2026,80.86,82.91,78.25,82.66,1323100
PRKS,08-Oct-2026,31.91,32.64,31.54,32.09,607500
PRLB,08-Oct-2026,92.29,93.21,91,92.21,144000
PRM,08-Oct-2026,27.88,28.95,27.54,27.7,1374000
PRMB,08-Oct-2026,19.18,19.4,18.725,19.34,8201100
PRS,08-Oct-2026,19.73,19.91,19.52,19.78,91500
PRSU,08-Oct-2026,52.14,52.675,50.2885,52.1,309300
PRT,08-Oct-2026,1.79,1.79,1.75,1.79,27700
PRU,08-Oct-2026,111.97,114,111.3,113.53,1526600
PRVS,08-Oct-2026,32.65,32.65,32.5,32.5465,5100
PS,08-Oct-2026,58.65,59.315,54,54.44,241400
PSA,08-Oct-2026,281.83,286.8599,280.24,285.52,1176000
PSA-F,08-Oct-2026,18,18.23,17.9,18.21,14100
PSA-G,08-Oct-2026,17.87,17.87,17.5,17.6,58800
PSA-H,08-Oct-2026,19.76,19.9793,19.7101,19.91,32000
PSA-I,08-Oct-2026,17.09,17.12,16.96,17.07,21100
PSA-J,08-Oct-2026,16.31,16.52,16.31,16.49,17900
PSA-K,08-Oct-2026,16.65,16.65,16.3801,16.565,31800
PSA-L,08-Oct-2026,16.16,16.245,16.05,16.09,58400
PSA-M,08-Oct-2026,14.34,14.445,14.28,14.3384,23700
PSA-N,08-Oct-2026,13.72,13.72,13.55,13.605,33900
PSA-O,08-Oct-2026,13.63,13.64,13.5255,13.615,26200
PSA-P,08-Oct-2026,13.96,14.0523,13.91,14.03,127300
PSA-Q,08-Oct-2026,13.84,13.85,13.76,13.82,20300
PSA-R,08-Oct-2026,13.86,13.9496,13.7,13.92,86800
PSA-S,08-Oct-2026,14.18,14.32,14.175,14.32,22500
PSA-T,08-Oct-2026,20.79,21.2062,20.79,21.16,8900
PSA-U,08-Oct-2026,21.51,21.71,21.51,21.71,800
PSApF,08-Oct-2026,18,18.23,17.9,18.21,10394
PSApG,08-Oct-2026,17.87,17.87,17.5,17.6,51907
PSApH,08-Oct-2026,19.76,19.9793,19.7101,19.95,28276
PSApI,08-Oct-2026,17.09,17.12,16.96,17.07,17036
PSApJ,08-Oct-2026,16.31,16.52,16.31,16.49,15355
PSApK,08-Oct-2026,16.65,16.65,16.3801,16.565,28833
PSApL,08-Oct-2026,16.16,16.245,16.05,16.08,51626
PSApM,08-Oct-2026,14.34,14.445,14.28,14.3384,21195
PSApN,08-Oct-2026,13.72,13.72,13.55,13.605,30858
PSApO,08-Oct-2026,13.63,13.64,13.5255,13.615,24745
PSApP,08-Oct-2026,13.96,14.0523,13.91,14.045,117463
PSApQ,08-Oct-2026,13.84,13.85,13.76,13.82,19141
PSApR,08-Oct-2026,13.86,13.9496,13.7,13.92,80185
PSApS,08-Oct-2026,14.18,14.32,14.175,14.32,21751
PSBD,08-Oct-2026,9.56,9.75,9.47,9.69,87000
PSE-A,08-Oct-2026,14.24,14.24,13.96,14.105,7500
PSECpA,08-Oct-2026,14.25,14.26,13.96,14.105,6389
PSF,08-Oct-2026,17.92,18.07,17.9,18.02,48000
PSFE,08-Oct-2026,5.63,5.75,5.55,5.74,227800
PSN,08-Oct-2026,41.6,43.05,40.92,43.02,1250000
PSO,08-Oct-2026,16.75,16.8,16.335,16.63,1751000
PSQH,08-Oct-2026,3.92,4.0272,3.53,3.73,71000
PSTL,08-Oct-2026,22.33,22.505,22.17,22.41,143600
PSUS,08-Oct-2026,37.26,37.65,37.2001,37.25,154100
PSX,08-Oct-2026,274.89,282.64,274.04,281.6,2379900
PTA,08-Oct-2026,17,17.11,16.96,17.05,261800
PTY,08-Oct-2026,10.75,10.955,10.68,10.94,1573300
PUK,08-Oct-2026,23.55,23.8875,23.485,23.88,3531300
PUMP,08-Oct-2026,9.36,9.42,8.97,9.04,4644000
PVH,08-Oct-2026,77.52,82.52,77.47,81.14,1333600
PVL,08-Oct-2026,1.83,1.83,1.81,1.82,23000
PWR,08-Oct-2026,691.9,696.82,669.8,685.33,981100
PXED,08-Oct-2026,25.5,26.18,25.295,26.15,83100
PYT,08-Oct-2026,23.5,23.5,22.98,23.05,6500
Q,08-Oct-2026,127.5,131.29,125.27,126.68,1501500
QGEN,08-Oct-2026,44.44,44.8,43.65,44.53,1559400
QLE.W,08-Oct-2026,0.11,0.13,0.1051,0.13,1500
QLEP,08-Oct-2026,10.09,10.09,10.05,10.05,2500
QRE-,08-Oct-2026,0.2,0.2,0.1951,0.2,400
QRED,08-Oct-2026,10.06,10.06,10.05,10.05,800
QSR,08-Oct-2026,69.25,70.95,69.25,70.66,3692800
QTWO,08-Oct-2026,57.6,58.81,57.39,58.69,559900
QUAD,08-Oct-2026,9.33,9.49,9.3,9.49,210100
QXO,08-Oct-2026,11.03,11.17,10.77,11.12,36055400
QXO-B,08-Oct-2026,35.95,36.33,35.2,36.1,53000
QXOpB,08-Oct-2026,35.95,36.33,35.2,36.1,46705
R,08-Oct-2026,233.9,236.39,232.27,235.18,259700
RA,08-Oct-2026,11.47,11.6,11.45,11.58,478400
RAC,08-Oct-2026,10.57,10.57,10.57,10.57,80200
RAC.W,08-Oct-2026,0.36,0.4,0.3588,0.4,1000
RACE,08-Oct-2026,384.93,388.705,383.6,388.28,393000
RAL,08-Oct-2026,72.4,72.79,70.2,71.86,3091600
RAMP,08-Oct-2026,37.62,37.7,37.555,37.57,1376800
RBA,08-Oct-2026,81.5,85.85,81.06,84.03,3563400
RBC,08-Oct-2026,496.53,500.67,490.44,490.99,264000
RBLX,08-Oct-2026,45.7,45.94,44.215,45.52,14565200
RBRK,08-Oct-2026,123.19,124,119.2901,120.89,2493400
RC,08-Oct-2026,1.22,1.335,1.22,1.32,2923500
RC-C,08-Oct-2026,10.835,10.835,10.57,10.79,900
RC-E,08-Oct-2026,11.12,11.35,11.11,11.19,7000
RCD,08-Oct-2026,22.26,22.555,22.26,22.5,3900
RCI,08-Oct-2026,30.57,31.055,30.46,31.04,1527100
RCL,08-Oct-2026,277.66,283.56,277.11,281.41,1963300
RCS,08-Oct-2026,5.04,5.0454,5,5.04,90600
RCUS,08-Oct-2026,24.29,24.38,22.8,23.83,1864900
RCpC,08-Oct-2026,10.835,10.835,10.57,10.79,900
RCpE,08-Oct-2026,11.12,11.35,11.11,11.19,6454
RDDT,08-Oct-2026,152.81,157.3,152,156.47,4577700
RDN,08-Oct-2026,33.62,34.28,33.32,34.17,2619100
RDW,08-Oct-2026,10.08,10.24,9.56,9.76,11155300
RDY,08-Oct-2026,12.07,12.29,11.99,12.2,3834400
REF,08-Oct-2026,12.88,13.6608,12.85,13.4,221400
RELX,08-Oct-2026,35.17,35.265,34.23,35.24,3622500
RERE,08-Oct-2026,3.72,3.73,3.69,3.7,299200
RES,08-Oct-2026,6.03,6.035,5.94,6,2538100
REX,08-Oct-2026,44.81,45.2785,44.72,44.84,244200
REX-B,08-Oct-2026,21.58,21.675,21.315,21.35,5500
REX-C,08-Oct-2026,19.8,19.8,19.8,19.8,200
REXR,08-Oct-2026,36.15,37.35,36.15,37.23,3335400
REXRpB,08-Oct-2026,21.58,21.675,21.315,21.35,4490
REXRpC,08-Oct-2026,19.8,19.8,19.8,19.8,200
REZI,08-Oct-2026,17.35,17.59,16.785,17.2,4343800
RF,08-Oct-2026,26.48,27.08,26.4008,27.07,13190100
RF-C,08-Oct-2026,24.1,24.2,23.82,24,22000
RF-E,08-Oct-2026,15.14,15.4,14.92,15.35,62100
RF-F,08-Oct-2026,24.24,24.345,24.2,24.31,52400
RFI,08-Oct-2026,10.3,10.3751,10.25,10.3,118300
RFL,08-Oct-2026,1.46,1.5163,1.46,1.48,148600
RFM,08-Oct-2026,12.84,12.85,12.71,12.81,16300
RFMZ,08-Oct-2026,11.42,11.4298,11.31,11.34,158200
RFpC,08-Oct-2026,24.1,24.2,23.82,24.0425,17038
RFpE,08-Oct-2026,15.14,15.4,14.92,15.35,54985
RFpF,08-Oct-2026,24.24,24.345,24.2,24.31,46107
RGA,08-Oct-2026,250.72,258.53,250.72,255.93,568000
RGR,08-Oct-2026,43.94,44.25,43.45,43.61,402700
RGT,08-Oct-2026,14.13,14.2448,14.1,14.15,16000
RH,08-Oct-2026,113.74,115.03,111.6,113.67,887100
RHI,08-Oct-2026,33.96,34.145,32.99,34.1,2538300
RHLD,08-Oct-2026,114.9,116.24,112.02,116.19,117300
RHP,08-Oct-2026,119,121.63,118.51,119.95,556700
RIG,08-Oct-2026,5.5,5.61,5.46,5.54,30570500
RIO,08-Oct-2026,92.33,93.505,92.2494,93.34,1492500
RIT-A,08-Oct-2026,25.37,25.46,25.37,25.46,9000
RIT-B,08-Oct-2026,25.3,25.3,25.14,25.2,49500
RIT-C,08-Oct-2026,24.52,24.54,24.39,24.465,71000
RIT-D,08-Oct-2026,25.22,25.25,25.17,25.25,176900
RIT-E,08-Oct-2026,23.75,23.775,23.61,23.75,28100
RIT-F,08-Oct-2026,24.25,24.5268,24.06,24.28,36200
RITM,08-Oct-2026,8.48,8.65,8.4,8.62,9147100
RITMpA,08-Oct-2026,25.37,25.46,25.37,25.46,7143
RITMpB,08-Oct-2026,25.3,25.3,25.14,25.2,44913
RITMpC,08-Oct-2026,24.52,24.54,24.39,24.465,66464
RITMpD,08-Oct-2026,25.1809,25.25,25.17,25.25,169593
RITMpE,08-Oct-2026,23.75,23.775,23.61,23.75,25900
RIV,08-Oct-2026,10.3,10.34,10.22,10.25,91400
RIV-A,08-Oct-2026,20.4,20.44,20.35,20.362,4700
RIVpA,08-Oct-2026,20.4,20.44,20.35,20.362,3968
RJF,08-Oct-2026,157.12,159.28,156.3,158.6,1224400
RKT,08-Oct-2026,11.25,11.82,11.17,11.76,43021400
RL,08-Oct-2026,358.38,367.9025,356.28,367.39,481600
RLI,08-Oct-2026,55.73,56.75,55.23,56.3,1408400
RLJ,08-Oct-2026,11.1,11.25,10.995,11.2,2199800
RLJ-A,08-Oct-2026,24.65,24.68,24.33,24.49,34000
RLJpA,08-Oct-2026,24.65,24.68,24.33,24.49,24196
RLTY,08-Oct-2026,13.49,13.65,13.34,13.51,135600
RLX,08-Oct-2026,1.73,1.73,1.705,1.72,1079700
RM,08-Oct-2026,33.17,33.95,32.68,33.92,122200
RMD,08-Oct-2026,225.79,226.875,223.04,226.73,651100
RMI,08-Oct-2026,13.68,13.74,13.51,13.69,24200
RMM,08-Oct-2026,12.64,12.69,12.47,12.59,71500
RMMZ,08-Oct-2026,13.03,13.105,12.91,12.93,24400
RMT,08-Oct-2026,13.36,13.36,13.19,13.19,72200
RNG,08-Oct-2026,77.11,78.8473,76.76,78.35,1544100
RNGR,08-Oct-2026,15.51,15.555,15.2,15.46,124900
RNP,08-Oct-2026,18.14,18.26,18.01,18.15,141400
RNR,08-Oct-2026,323.59,335.61,321.25,331.34,464400
RNR-F,08-Oct-2026,18.85,19.06,18.72,18.9612,45000
RNR-G,08-Oct-2026,13.98,14.13,13.72,14.045,53800
RNRpF,08-Oct-2026,18.8,19.06,18.72,18.9612,41003
RNRpG,08-Oct-2026,13.98,14.13,13.72,14.045,49599
RNST,08-Oct-2026,38.97,39.345,38.54,39.29,637300
ROG,08-Oct-2026,151.85,152.58,147.62,148.12,233700
ROK,08-Oct-2026,436.5,440.33,426.02,434.14,961800
ROL,08-Oct-2026,31.12,32.475,31.12,32.26,13661900
RONB,08-Oct-2026,24.82,24.94,24.56,24.68,173200
RPC,08-Oct-2026,7.87,8.01,7.725,7.98,671700
RPM,08-Oct-2026,97.15,99.55,96.1,99.43,1979200
RPT,08-Oct-2026,10.66,10.87,10.5218,10.83,39500
RPT-C,08-Oct-2026,24.6,24.6,24.4832,24.4832,800
RPTpC,08-Oct-2026,24.6,24.6,24.4832,24.4832,459
RQI,08-Oct-2026,10.98,11.12,10.88,11.12,765600
RRC,08-Oct-2026,40.35,40.905,40.16,40.77,3256600
RRX,08-Oct-2026,161.51,163.9575,157.39,160.01,1335500
RS,08-Oct-2026,395,400.78,395,396.91,215600
RSF,08-Oct-2026,14.21,14.21,14.12,14.18,9000
RSG,08-Oct-2026,217.07,218.1597,214.805,216.84,1389600
RSI,08-Oct-2026,20.17,20.67,19.8,20.32,2219300
RSKD,08-Oct-2026,8.16,8.28,7.86,8.04,2249000
RTO,08-Oct-2026,19.98,20.28,19.91,20.25,2091200
RTX,08-Oct-2026,180.25,184.74,179.02,184.32,4396300
RVI,08-Oct-2026,26.5,26.55,25.96,26.25,184500
RVII,08-Oct-2026,21.96,22.4,21.75,21.94,183600
RVLV,08-Oct-2026,21.19,21.67,20.93,21.63,622200
RVT,08-Oct-2026,16.85,16.9,16.64,16.81,195200
RVTY,08-Oct-2026,152.04,152.54,146.7,152.16,1456900
RWT,08-Oct-2026,3.3,3.36,3.26,3.33,3168800
RWT-A,08-Oct-2026,19.01,19.29,18.25,18.82,43600
RWTN,08-Oct-2026,22.4,22.73,22.18,22.73,10700
RWTO,08-Oct-2026,21.67,21.995,21.04,21.34,36600
RWTP,08-Oct-2026,21.3,22.03,21.06,21.65,6900
RWTQ,08-Oct-2026,20.12,21.24,19.72,20.52,29800
RWTS,08-Oct-2026,20.53,21.045,19.95,20.41,19900
RWTpA,08-Oct-2026,19.01,19.29,18.25,18.82,40186
RXO,08-Oct-2026,28.25,29,28.25,28.93,7419300
RY,08-Oct-2026,190,191.585,188.79,190.56,1220400
RYAM,08-Oct-2026,6.73,7.0099,6.55,6.93,1435300
RYAN,08-Oct-2026,37.55,38.165,36.795,37.79,2488300
RYN,08-Oct-2026,18,18.62,17.925,18.6,6173000
RYZ,08-Oct-2026,26.08,26.55,25.8,25.94,445000
RZC,08-Oct-2026,25.03,25.19,24.95,25.05,197600
S,08-Oct-2026,25.29,25.64,25.1,25.4,7517300
SA,08-Oct-2026,26.49,27.23,26.485,27.12,434400
SABA,08-Oct-2026,7.78,7.85,7.7711,7.8,102100
SAC,08-Oct-2026,10.1,10.1,10.1,10.1,226600
SAC.W,08-Oct-2026,0.5499,0.5499,0.5499,0.5499,200
SAFE,08-Oct-2026,12.02,12.16,11.9,12.1,734400
SAGU,08-Oct-2026,10.04,10.04,10.04,10.04,100
SAH,08-Oct-2026,60.77,62.17,60,61.51,363200
SAJ,08-Oct-2026,25.2,25.298,25.2,25.27,1000
SAM,08-Oct-2026,169.07,173.82,168.52,171.17,264400
SAN,08-Oct-2026,13.5,13.53,13.28,13.48,10644600
SAP,08-Oct-2026,210.91,213.31,205.91,212.4,2254600
SAR,08-Oct-2026,14.81,15.2,14.48,14.97,301300
SARO,08-Oct-2026,20.03,20.395,19.8505,20.33,3506300
SAV,08-Oct-2026,24.77,24.9299,24.77,24.86,2700
SAX,08-Oct-2026,25.21,25.305,25.2,25.25,8500
SAY,08-Oct-2026,25.1,25.22,25.1,25.22,10900
SAZ,08-Oct-2026,25.3,25.34,25.26,25.26,2700
SB,08-Oct-2026,8.55,8.825,8.53,8.82,1414200
SB-C,08-Oct-2026,26.13,26.16,26.001,26.16,2300
SB-D,08-Oct-2026,25.65,25.6864,25.55,25.63,3300
SBH,08-Oct-2026,16.38,16.4425,15.96,16.03,1878600
SBI,08-Oct-2026,6.97,7.028,6.9,7,69300
SBR,08-Oct-2026,73.21,73.43,72.72,73.11,25600
SBS,08-Oct-2026,6.37,6.665,6.35,6.59,17772200
SBSI,08-Oct-2026,30.14,30.53,29.9,30.47,154600
SBSW,08-Oct-2026,9.67,9.95,9.662,9.91,4478000
SBXE,08-Oct-2026,10.15,10.15,10.1496,10.1496,11800
SBpC,08-Oct-2026,26.125,26.16,26.001,26.16,1900
SBpD,08-Oct-2026,25.6475,25.6864,25.55,25.63,2765
SCCO,08-Oct-2026,198,201.23,196.56,198.66,904200
SCD,08-Oct-2026,14.7,14.785,14.68,14.72,90700
SCE-G,08-Oct-2026,15.55,15.65,15.2301,15.635,49400
SCE-L,08-Oct-2026,15.45,15.45,15.11,15.24,23600
SCE-M,08-Oct-2026,21.36,21.43,20.815,21.205,209000
SCE-N,08-Oct-2026,20,20,19.22,19.7,240300
SCEpG,08-Oct-2026,15.5,15.65,15.2301,15.635,43676
SCEpL,08-Oct-2026,15.45,15.45,15.11,15.24,19512
SCEpM,08-Oct-2026,21.36,21.43,20.815,21.205,192266
SCEpN,08-Oct-2026,20,20,19.22,19.7,107353
SCH-D,08-Oct-2026,21.31,21.519,21.23,21.46,89100
SCH-J,08-Oct-2026,15.74,15.86,15.66,15.85,165400
SCHW,08-Oct-2026,95.6,97.18,95.43,96.87,6570500
SCHWpD,08-Oct-2026,21.31,21.519,21.23,21.46,78193
SCHWpJ,08-Oct-2026,15.74,15.86,15.66,15.81,154090
SCI,08-Oct-2026,76.97,77.385,76.11,76.77,859200
SCL,08-Oct-2026,61.48,62.38,60.8,61.04,212000
SCM,08-Oct-2026,7.14,7.29,7.04,7.24,83800
SD,08-Oct-2026,14,14.12,13.87,14.07,562000
SDHC,08-Oct-2026,9.84,10.35,9.75,10.21,73000
SDHY,08-Oct-2026,15.11,15.18,15.05,15.14,118000
SDRL,08-Oct-2026,45.34,46.6,44.86,45.62,720200
SE,08-Oct-2026,92.54,94.1873,92.25,92.89,5373300
SEA-A,08-Oct-2026,25.5,25.55,25.3601,25.415,3800
SEA-B,08-Oct-2026,25.35,25.4,25.35,25.39,4100
SEALpA,08-Oct-2026,25.6,25.6,25.3601,25.415,3487
SEALpB,08-Oct-2026,25.35,25.4,25.35,25.39,3402
SECZ,08-Oct-2026,11.635,12.8198,10.85,12.66,8015500
SEG,08-Oct-2026,22.39,22.67,22.23,22.36,109800
SEI,08-Oct-2026,75.04,75.45,70.17,73.08,2898800
SES,08-Oct-2026,0.7,0.7883,0.6916,0.7823,37373400
SF,08-Oct-2026,69.01,70.29,69.01,70.11,1138700
SF-B,08-Oct-2026,23,23,22.6,22.85,11200
SF-C,08-Oct-2026,20.2,20.37,19.93,20.03,30600
SF-D,08-Oct-2026,14.88,14.88,14.58,14.76,40400
SFB,08-Oct-2026,18.31,18.7,17.92,18.16,29300
SFBS,08-Oct-2026,38.24,38.76,37.51,38.6,543900
SFL,08-Oct-2026,13.45,13.595,13.31,13.56,1437500
SFpB,08-Oct-2026,23,23,22.6,22.85,9388
SFpC,08-Oct-2026,20.2,20.37,19.93,20.02,26560
SFpD,08-Oct-2026,14.88,14.88,14.58,14.76,36817
SG,08-Oct-2026,9.07,9.645,8.975,9.57,6422300
SGHC,08-Oct-2026,11.29,11.605,11.22,11.54,1905800
SGI,08-Oct-2026,61.4,62.52,60.67,62.34,3408000
SGU,08-Oct-2026,13.02,13.02,12.85,12.99,10500
SHAK,08-Oct-2026,63.93,68.08,63.49,67.31,2013200
SHEL,08-Oct-2026,99.44,100.6,99.29,100.2,9098900
SHG,08-Oct-2026,74.88,75.78,74,75.38,197200
SHO,08-Oct-2026,11.17,11.39,11.125,11.35,1857400
SHO-H,08-Oct-2026,22.02,22.02,21.61,21.72,27800
SHO-I,08-Oct-2026,21.65,21.703,21.64,21.66,35000
SHOC,08-Oct-2026,113.18,113.55,110.3,111.1638,5900
SHOpH,08-Oct-2026,22.02,22.02,21.61,21.72,23495
SHOpI,08-Oct-2026,21.65,21.703,21.64,21.66,31682
SHV,08-Oct-2026,110.13,110.13,110.12,110.13,3267800
SHW,08-Oct-2026,312.47,321.39,311.23,321.03,1495300
SI,08-Oct-2026,18.7,19.015,17.795,17.89,100900
SID,08-Oct-2026,1.21,1.29,1.21,1.23,11221400
SIG,08-Oct-2026,103.36,106.98,102.75,105.89,627400
SII,08-Oct-2026,114.35,115.65,113.4414,115.19,72700
SIND,08-Oct-2026,13.46,14.09,13.28,13.6,59300
SITC,08-Oct-2026,3.17,3.2,3.12,3.17,1248900
SITE,08-Oct-2026,85.06,88.23,84.465,87.74,1223300
SJM,08-Oct-2026,116.43,119.95,116.12,119.41,1306500
SJT,08-Oct-2026,3.82,3.82,3.7,3.79,229700
SKE,08-Oct-2026,30.5,31.51,30.4,31.41,664100
SKIL,08-Oct-2026,6.21,6.59,6.005,6.14,57200
SKM,08-Oct-2026,35,35.1645,33.85,33.99,1302700
SKT,08-Oct-2026,34.5,34.7,34.325,34.61,766800
SKY,08-Oct-2026,80.23,81.87,79.06,81.47,565600
SKY.W,08-Oct-2026,0.15,0.159,0.129,0.1589,9600
SKYD,08-Oct-2026,8.96,9.53,8.95,9.28,55631100
SKYH,08-Oct-2026,9.53,9.58,9.4201,9.54,136300
SKYH.WS,08-Oct-2026,0.15,0.159,0.129,0.1589,8890
SLB,08-Oct-2026,48.4,49.035,48.1,48.98,16228700
SLF,08-Oct-2026,75.62,76.96,75.39,76.65,447400
SLG,08-Oct-2026,48.5,49.0986,47.47,48.94,1031300
SLG-I,08-Oct-2026,21.6,21.6,21.25,21.4,4700
SLGN,08-Oct-2026,34.83,35.91,34.5958,35.8,1786600
SLGpI,08-Oct-2026,21.6,21.6,21.25,21.4,4097
SLNZ,08-Oct-2026,45.21,45.31,45.17,45.17,4500
SLQT,08-Oct-2026,0.36,0.377,0.36,0.3706,913600
SLVM,08-Oct-2026,31.52,32.77,31.21,32.65,392200
SM,08-Oct-2026,36.64,37.35,36.35,37.08,4383000
SMA,08-Oct-2026,32.56,32.95,32.44,32.71,1016900
SMBK,08-Oct-2026,49.97,50.71,49.72,50.06,91500
SMC,08-Oct-2026,32.5,32.73,31.92,32.69,104400
SMFG,08-Oct-2026,25,25.345,24.98,25.31,1237100
SMG,08-Oct-2026,49.18,50.48,48.75,50.43,1258500
SMHI,08-Oct-2026,8.48,8.69,8.31,8.65,67900
SMP,08-Oct-2026,36.59,37.33,36.37,37.09,160900
SMR,08-Oct-2026,7.5,7.55,7.17,7.32,43375900
SMRT,08-Oct-2026,1.17,1.18,1.155,1.16,722900
SMWB,08-Oct-2026,8.09,8.49,8.06,8.43,495100
SN,08-Oct-2026,183.07,185.73,181.1,184.87,994900
SNA,08-Oct-2026,357.78,360.775,355.36,358.88,401300
SNAP,08-Oct-2026,5.75,5.88,5.73,5.86,31995500
SNDA,08-Oct-2026,35.96,36.66,35.51,35.96,648300
SNDR,08-Oct-2026,31.41,31.78,30.725,31.73,907200
SNN,08-Oct-2026,26.56,26.965,26.46,26.96,1051700
SNOW,08-Oct-2026,332.11,344.6599,332.11,343.4,3995900
SNU-H,08-Oct-2026,20.67,20.77,20.51,20.72,12400
SNU-I,08-Oct-2026,24.975,24.975,24.97,24.97,7400
SNX,08-Oct-2026,267.63,270.16,264.7643,267.46,589000
SO,08-Oct-2026,85.32,86.23,84.945,86.15,5989500
SOBO,08-Oct-2026,33.59,33.91,33.38,33.84,949200
SOC,08-Oct-2026,3.78,4.1,3.71,3.86,14774700
SOJC,08-Oct-2026,18.45,18.55,18.28,18.52,47200
SOJD,08-Oct-2026,17.45,17.57,17.25,17.52,167400
SOJE,08-Oct-2026,15.72,15.84,15.64,15.66,83800
SOJF,08-Oct-2026,22.97,23.16,22.7,22.9001,66400
SOLV,08-Oct-2026,85.8,86.79,85.25,86.41,1286500
SOMN,08-Oct-2026,45.89,46.12,45.485,46.04,129300
SON,08-Oct-2026,47.61,48.9,47.11,48.4,1201000
SONY,08-Oct-2026,23.41,24.09,23.35,23.95,5365500
SOR,08-Oct-2026,44.99,45.278,44.965,45.13,6100
SOS,08-Oct-2026,0.288,0.3099,0.2704,0.308,721400
SOU-,08-Oct-2026,0.2242,0.23,0.2242,0.23,2400
SOULr,08-Oct-2026,0.2242,0.23,0.2242,0.23,2400
SPB,08-Oct-2026,76.49,77.76,76.04,77.58,251300
SPCE,08-Oct-2026,2.96,2.98,2.89,2.94,5149600
SPE,08-Oct-2026,12.5,12.56,12.49,12.53,56700
SPE-C,08-Oct-2026,24.785,24.785,24.785,24.785,100
SPEpC,08-Oct-2026,24.785,24.785,24.785,24.785,100
SPG,08-Oct-2026,197.43,200.045,196.76,199.61,1098700
SPG-J,08-Oct-2026,52.7,52.88,52.6,52.63,2500
SPGI,08-Oct-2026,396.42,403.39,393.88,402.73,1649100
SPGpJ,08-Oct-2026,52.7,52.88,52.6,52.63,2349
SPH,08-Oct-2026,17.1,17.186,17.07,17.14,175200
SPHR,08-Oct-2026,104.18,112.09,103.41,109.25,1154800
SPIR,08-Oct-2026,10.5,10.59,10.15,10.38,642400
SPMA,08-Oct-2026,24.91,25,24.91,24.98,2500
SPMC,08-Oct-2026,8.23,8.29,8.17,8.22,11300
SPME,08-Oct-2026,24.65,24.75,24.65,24.75,2000
SPNT,08-Oct-2026,24.66,25.31,24.53,25.03,749100
SPOT,08-Oct-2026,514.25,528.39,512.79,526.42,1656500
SPRU,08-Oct-2026,1.6,1.6,1.53,1.56,101200
SPXC,08-Oct-2026,169.23,171.56,167.3,168.58,513300
SPXX,08-Oct-2026,18.71,18.7976,18.51,18.63,294100
SQM,08-Oct-2026,64.16,64.95,64.1,64.52,711300
SQNS,08-Oct-2026,2.74,2.835,2.74,2.76,55700
SR,08-Oct-2026,77.85,78.2,77.195,77.99,399800
SRE,08-Oct-2026,79.73,80.37,79.18,80.08,3516300
SREA,08-Oct-2026,18.61,18.98,18.4327,18.87,65700
SRFM,08-Oct-2026,0.95,1.02,0.9249,0.9295,4678900
SRG,08-Oct-2026,1.65,1.67,1.605,1.63,191700
SRG-A,08-Oct-2026,20.41,20.72,20.41,20.5,500
SRGpA,08-Oct-2026,20.41,20.72,20.41,20.5,400
SRI,08-Oct-2026,6.43,6.5096,6.32,6.49,205100
SRJN,08-Oct-2026,21.4,21.4,21.09,21.12,33100
SRL,08-Oct-2026,5.1667,5.1667,5.03,5.06,1000
SRV,08-Oct-2026,43.8,44.2999,43.7001,44.07,31500
SSB,08-Oct-2026,98.21,100.83,98.21,100.57,881800
SSD,08-Oct-2026,169.94,172.475,169.01,171.95,269100
SSL,08-Oct-2026,14.89,15.21,14.755,15.14,2297100
SST,08-Oct-2026,2.31,2.4699,2.26,2.27,45900
SSTK,08-Oct-2026,4.41,4.49,4.285,4.43,959100
ST,08-Oct-2026,42.04,42.73,41.655,42.23,1561500
STAG,08-Oct-2026,35.2,35.91,35.14,35.88,1797100
STC,08-Oct-2026,50.43,52.05,50.33,51.88,419900
STDN,08-Oct-2026,14.37,14.66,13.38,13.49,347900
STE,08-Oct-2026,209.24,210.92,207.96,210.76,498400
STEM,08-Oct-2026,4.38,4.415,4.1678,4.2,159500
STEW,08-Oct-2026,17.43,17.555,17.28,17.42,180000
STG,08-Oct-2026,2.6818,2.69,2.6818,2.69,400
STK,08-Oct-2026,55.29,56.4099,54.73,54.99,56400
STLA,08-Oct-2026,4.425,4.53,4.4,4.52,29255900
STM,08-Oct-2026,54.64,54.925,52.14,52.71,10014700
STN,08-Oct-2026,66.56,67.87,65.78,67.87,393700
STNG,08-Oct-2026,86.46,88.44,85.9201,88.15,1810600
STT,08-Oct-2026,173.31,175.61,172.97,175.09,2033800
STT-G,08-Oct-2026,19.55,19.65,19.4001,19.59,71600
STTpG,08-Oct-2026,19.55,19.65,19.4001,19.64,58439
STUB,08-Oct-2026,5.95,6.1675,5.81,6.14,4407800
STVN,08-Oct-2026,19.44,19.55,19,19.21,233100
STWD,08-Oct-2026,12.62,12.79,12.42,12.75,7982200
STXD,08-Oct-2026,39,39.1281,39,39.1281,6000
STXE,08-Oct-2026,49.6,49.6,48.66,48.86,18800
STXF,08-Oct-2026,50.05,50.205,49.85,50.07,41900
STXG,08-Oct-2026,57.51,57.51,57.2686,57.2686,11300
STXK,08-Oct-2026,35.74,36.13,35.74,36.1285,8800
STXT,08-Oct-2026,19.01,19.02,18.91,19,15500
STXV,08-Oct-2026,37.75,38.22,37.75,38.22,13200
STZ,08-Oct-2026,116.82,123.719,116.51,123.63,5268100
SU,08-Oct-2026,69.37,71.291,69.3,70.91,3844300
SUI,08-Oct-2026,110.85,112.68,110.63,111.8,1439200
SUN,08-Oct-2026,72.26,74.425,71.6777,73.05,366977
SUPV,08-Oct-2026,7.04,7.33,6.97,7.12,544000
SUZ,08-Oct-2026,8.41,8.6199,8.4,8.51,2854400
SVV,08-Oct-2026,9.31,9.35,9.09,9.28,1879200
SW,08-Oct-2026,40.81,41.53,40.35,41.45,5178700
SWK,08-Oct-2026,87.34,89.31,85.705,89.17,2860100
SWX,08-Oct-2026,82.52,83.64,81.94,83.51,653600
SWZ,08-Oct-2026,5.76,5.76,5.715,5.7517,83400
SXC,08-Oct-2026,9.79,10.055,9.7,9.75,1122200
SXI,08-Oct-2026,285.39,291.58,280.67,281.06,163300
SXT,08-Oct-2026,131.13,132.76,129.65,132.03,268700
SYF,08-Oct-2026,71.27,73.92,71.27,73.72,3813100
SYF-A,08-Oct-2026,18.11,18.1436,17.99,18.05,169900
SYF-B,08-Oct-2026,25.16,25.255,25.0992,25.2,27600
SYFpA,08-Oct-2026,18.11,18.1436,17.99,18.06,41003
SYFpB,08-Oct-2026,25.16,25.255,25.0992,25.2,21199
SYK,08-Oct-2026,275.72,277.97,271.67,276.97,2982500
SYY,08-Oct-2026,76.76,79.035,76.5601,78.2,4808400
T,08-Oct-2026,24.62,24.97,24.5,24.87,53261300
T-A,08-Oct-2026,17.11,17.2442,17.05,17.19,283200
T-C,08-Oct-2026,16.22,16.36,16.22,16.3,287600
TAC,08-Oct-2026,12.78,12.99,12.71,12.89,1259300
TAK,08-Oct-2026,18.39,18.52,18.215,18.52,3510600
TAL,08-Oct-2026,12.66,12.79,12.48,12.49,2535300
TALO,08-Oct-2026,17.12,17.1227,16.82,16.95,4509800
TAP,08-Oct-2026,37,38.045,36.85,37.92,3807400
TBB,08-Oct-2026,18.67,18.8328,18.665,18.74,129300
TBBB,08-Oct-2026,52.96,53.76,52.3,53.07,547300
TBI,08-Oct-2026,8.93,9.2,8.93,9.16,261800
TBLU,08-Oct-2026,49.13,49.134,49.13,49.134,400
TBN,08-Oct-2026,35.01,35.18,34.5001,34.68,61800
TCAI,08-Oct-2026,47.74,48.0338,46.278,46.77,47500
TCBX,08-Oct-2026,41.96,41.99,41.31,41.77,126500
TCI,08-Oct-2026,44.55,46.9,44.06,45.88,17200
TCPA,08-Oct-2026,20.01,20.34,19.82,20.29,74800
TD,08-Oct-2026,113.01,114.65,112.67,114.04,3289000
TDAY,08-Oct-2026,7.06,7.11,6.88,6.99,2904900
TDC,08-Oct-2026,29.18,30.46,29.04,30.29,3915000
TDF,08-Oct-2026,9.49,9.57,9.35,9.41,61500
TDG,08-Oct-2026,1091.73,1104.515,1087.5,1089.3,424200
TDOC,08-Oct-2026,5.5,5.545,5.42,5.54,4668700
TDS,08-Oct-2026,35.21,35.75,33.76,34.13,2605600
TDS-U,08-Oct-2026,19.33,19.4794,19.19,19.22,22600
TDS-V,08-Oct-2026,17.62,17.7546,17.5,17.57,22500
TDSpU,08-Oct-2026,19.33,19.4794,19.19,19.22,18610
TDSpV,08-Oct-2026,17.62,17.7546,17.5,17.57,18951
TDW,08-Oct-2026,84.08,84.86,83.59,84.7,590000
TDY,08-Oct-2026,602.62,612.81,599.73,604.82,342100
TE,08-Oct-2026,3.67,3.69,3.32,3.44,24221300
TECK,08-Oct-2026,65.03,65.53,64.51,64.82,2354200
TEI,08-Oct-2026,6.09,6.14,6.06,6.11,133100
TEL,08-Oct-2026,212.86,214.94,210.09,214.31,1431600
TEN,08-Oct-2026,51,52.24,50.73,51.83,455300
TEN-E,08-Oct-2026,25.6,25.66,25.5401,25.57,15000
TEN-F,08-Oct-2026,26.65,26.81,26.65,26.7,2500
TENpE,08-Oct-2026,25.6,25.66,25.5401,25.57,13939
TENpF,08-Oct-2026,26.65,26.81,26.65,26.7,2026
TEO,08-Oct-2026,12.56,12.99,12.4501,12.8,358000
TEVA,08-Oct-2026,38.84,39.64,38.25,39.25,5823100
TEX,08-Oct-2026,53.16,53.8,51.541,52.35,1648300
TFC,08-Oct-2026,45.23,46.24,45.065,46.18,9388700
TFC-I,08-Oct-2026,18.18,18.3757,18.1625,18.36,27800
TFC-O,08-Oct-2026,18.39,18.66,18.3201,18.61,88900
TFC-R,08-Oct-2026,16.62,16.81,16.45,16.8,161500
TFCpI,08-Oct-2026,18.18,18.3757,18.1625,18.36,26719
TFCpO,08-Oct-2026,18.39,18.66,18.3201,18.61,79687
TFCpR,08-Oct-2026,16.62,16.81,16.45,16.8,147643
TFI-,08-Oct-2026,21.93,21.93,21.5,21.58,4000
TFII,08-Oct-2026,112.37,115.47,111.7,115.14,548100
TFIN,08-Oct-2026,61.5,62.935,61.355,62.78,269500
TFINP,08-Oct-2026,21.93,21.93,21.5,21.58,3000
TFPM,08-Oct-2026,30,30.72,29.96,30.62,368600
TFX,08-Oct-2026,124.02,124.95,122.0621,124.19,1001400
TG,08-Oct-2026,7.08,7.17,7.07,7.13,174800
TGE,08-Oct-2026,1.08,1.1,1.055,1.08,222300
TGLS,08-Oct-2026,37.02,38.47,37.02,37.84,509700
TGS,08-Oct-2026,26.23,26.885,25.98,26.39,197800
TGT,08-Oct-2026,150.76,156.1,150.4597,154.76,4186400
THC,08-Oct-2026,257.27,262.69,257.27,260.57,440000
THG,08-Oct-2026,218.18,223.9799,218.18,221.93,192200
THIR,08-Oct-2026,33.9,33.99,33.74,33.85,12100
THLV,08-Oct-2026,31.24,31.3012,31.22,31.3012,3700
THO,08-Oct-2026,65.35,66.4,64.825,66.11,1213600
THQ,08-Oct-2026,17.53,17.535,17.17,17.45,180800
THW,08-Oct-2026,12.18,12.18,11.88,12.01,175900
TIC,08-Oct-2026,8.67,8.84,8.48,8.82,1615900
TIMB,08-Oct-2026,18.76,18.88,18.52,18.7,875200
TISI,08-Oct-2026,27.64,28.27,26.52,26.53,37600
TJX,08-Oct-2026,138.41,139.15,136.52,138.75,8080400
TK,08-Oct-2026,14.89,15.39,14.89,15.37,689000
TKC,08-Oct-2026,5.13,5.16,5.095,5.12,1311300
TKO,08-Oct-2026,179.43,183.36,178.63,181.63,857600
TKR,08-Oct-2026,113.95,115.72,113.62,114.34,805700
TLK,08-Oct-2026,12.8,12.945,12.76,12.88,1067400
TLYS,08-Oct-2026,4.47,4.52,4.4,4.44,113600
TM,08-Oct-2026,182.91,186.05,182.91,186,291800
TME,08-Oct-2026,7.86,7.96,7.86,7.96,4493400
TMO,08-Oct-2026,657.53,658.56,635.32,651.98,2585400
TNC,08-Oct-2026,65.71,66.89,65.12,65.94,134800
TNET,08-Oct-2026,64.46,67.51,64.355,66.49,340900
TNGY,08-Oct-2026,11.24,11.38,11.24,11.36,116200
TNK,08-Oct-2026,104.07,107.385,103.39,106.62,500200
TNL,08-Oct-2026,61.98,63.41,61.98,62.61,673100
TOL,08-Oct-2026,132,134.92,131.2,134.83,1164800
TOST,08-Oct-2026,30.48,30.89,30.215,30.53,7635500
TPB,08-Oct-2026,58,58,56.18,57.04,546100
TPC,08-Oct-2026,84.79,85.785,82.74,84.24,414000
TPL,08-Oct-2026,350.98,360.96,350.98,357.78,323400
TPR,08-Oct-2026,112.21,116.34,112.21,115.82,2846900
TPTS,08-Oct-2026,13.61,14.115,13.61,14.115,3800
TPVG,08-Oct-2026,4.67,4.73,4.635,4.71,140200
TPYP,08-Oct-2026,41.23,41.555,41.2,41.46,36600
TPZ,08-Oct-2026,20.64,20.81,20.5101,20.665,4400
TR,08-Oct-2026,36.98,37.7,36.93,37.59,146200
TRAK,08-Oct-2026,7.81,7.85,7.65,7.81,67300
TRC,08-Oct-2026,16.16,16.42,16.13,16.4,61900
TREX,08-Oct-2026,44.22,45.12,43.87,44.44,1685600
TRGP,08-Oct-2026,287.59,291.19,287.55,288.49,1179400
TRLV,08-Oct-2026,10.78,10.84,9.87,10.37,1503200
TRN,08-Oct-2026,25.23,25.435,24.83,25.4,588100
TRNO,08-Oct-2026,63.81,64.65,63.32,64.48,706000
TRNZ,08-Oct-2026,25.01,25.08,25.01,25.0701,5900
TROX,08-Oct-2026,3.66,3.8,3.66,3.78,2305100
TRP,08-Oct-2026,59.3,60.18,59.2,59.98,2154900
TRT-A,08-Oct-2026,25.04,25.42,25.04,25.1001,8800
TRT-B,08-Oct-2026,24.28,24.41,24.01,24.1315,11700
TRT-C,08-Oct-2026,21.8,22.2864,21.73,22.155,35700
TRT-D,08-Oct-2026,21.14,21.14,20.85,20.98,5100
TRT-E,08-Oct-2026,17.32,17.59,17.32,17.59,11900
TRT-F,08-Oct-2026,22.7,22.95,22.7,22.75,6800
TRT-G,08-Oct-2026,22.42,22.84,22.3001,22.67,9600
TRT-P,08-Oct-2026,15.75,16.1999,15.75,15.92,6900
TRTNpA,08-Oct-2026,25.04,25.42,25.04,25.1001,7864
TRTNpB,08-Oct-2026,24.28,24.41,24.01,24.1315,9338
TRTNpC,08-Oct-2026,21.8,22.2864,21.73,22.155,32019
TRTNpD,08-Oct-2026,21.14,21.14,20.85,20.98,4449
TRTNpE,08-Oct-2026,17.32,17.59,17.32,17.59,8721
TRTNpF,08-Oct-2026,22.7001,22.95,22.7,22.75,5252
TRTX,08-Oct-2026,5.94,6.02,5.82,5.97,1383700
TRTXpC,08-Oct-2026,15.75,16.1999,15.75,15.92,5932
TRU,08-Oct-2026,62.47,65.03,62.3987,64.59,3136800
TRV,08-Oct-2026,360.63,372.13,360.12,370.27,1112500
TS,08-Oct-2026,55.84,56.805,55.47,56.59,1001000
TSI,08-Oct-2026,4.19,4.22,4.18,4.22,139500
TSLX,08-Oct-2026,17.18,17.635,17.17,17.57,515600
TSM,08-Oct-2026,466.32,471.19,452.88,457.99,13421600
TSN,08-Oct-2026,51.9,52.5999,51.715,52.34,3757700
TSQ,08-Oct-2026,4.47,4.4999,4.35,4.43,171100
TT,08-Oct-2026,463.76,475.615,463.73,469.94,1076300
TTAM,08-Oct-2026,13.12,13.205,12.92,13.11,258700
TTC,08-Oct-2026,96.2,97.08,95.44,96.81,589900
TTE,08-Oct-2026,86.77,87.4498,85.42,86.02,3311400
TTI,08-Oct-2026,6.19,6.2,6.05,6.12,3402300
TU,08-Oct-2026,7.94,8.06,7.89,8.04,5779200
TUYA,08-Oct-2026,1.74,1.74,1.69,1.7,187200
TV,08-Oct-2026,2.23,2.255,2.19,2.24,512300
TVC,08-Oct-2026,23.7,23.9,23.7,23.77,3800
TVE,08-Oct-2026,23.05,23.25,23,23.22,12000
TWI,08-Oct-2026,6.77,6.86,6.63,6.82,817400
TWLO,08-Oct-2026,273.86,280.53,273.46,275.77,1865200
TWN,08-Oct-2026,103.12,107,101.23,101.91,34100
TX,08-Oct-2026,56.03,57.13,56.03,56.47,234500
TXNM,08-Oct-2026,58.61,58.61,58.3,58.58,948200
TXO,08-Oct-2026,14.28,14.48,14.2,14.34,131900
TXT,08-Oct-2026,72.14,73.61,71.87,73.22,2056200
TY,08-Oct-2026,34.42,34.63,34.34,34.47,33800
TY-,08-Oct-2026,39,39,39,39,300
TYG,08-Oct-2026,38.91,39,38.53,38.96,153700
TYL,08-Oct-2026,326.83,332.3699,324.7,331.15,822600
TYp,08-Oct-2026,39,39,39,39,194
TpA,08-Oct-2026,17.12,17.2442,17.05,17.18,261509
U,08-Oct-2026,46.24,47.35,45.43,45.89,15660900
UA,08-Oct-2026,4.63,4.765,4.61,4.74,2680900
UAA,08-Oct-2026,4.76,4.91,4.725,4.88,12050600
UAN,08-Oct-2026,126.24,126.9736,125.55,125.82,11000
UBER,08-Oct-2026,68.18,70.32,68,70.24,14531200
UBS,08-Oct-2026,46.98,47.175,46.54,47.06,2096000
UCB,08-Oct-2026,33.06,33.625,32.97,33.58,1069600
UDR,08-Oct-2026,33.39,33.7,33.14,33.57,4745100
UE,08-Oct-2026,19.32,19.39,19.15,19.29,932600
UFI,08-Oct-2026,6.31,6.39,6.17,6.18,75500
UGI,08-Oct-2026,36.67,37.07,36.5446,36.94,1838200
UGP,08-Oct-2026,7.6,7.85,7.57,7.79,4968300
UHA.B,08-Oct-2026,52.04,52.09,50.59,50.85,378100
UHAL,08-Oct-2026,59.81,59.81,57.485,57.8,154100
UHAL.B,08-Oct-2026,52.04,52.09,50.59,50.85,141935
UHS,08-Oct-2026,173.39,177.2,173.39,175.72,429200
UHT,08-Oct-2026,37.2,37.83,37.05,37.54,147600
UI,08-Oct-2026,625.11,649.77,620.8101,641.8,89900
UIS,08-Oct-2026,2.27,2.32,2.24,2.31,776800
UL,08-Oct-2026,61.26,61.95,61.135,61.94,2978900
ULS,08-Oct-2026,67.25,70.899,66.571,70.65,2140200
UMC,08-Oct-2026,23.14,23.32,22.505,22.82,11901400
UMH,08-Oct-2026,14.99,15.11,14.83,15.1,870700
UMH-D,08-Oct-2026,21,21.1299,21,21.1299,6900
UMHpD,08-Oct-2026,21,21.1299,21,21.1299,5717
UNF,08-Oct-2026,253.91,261.52,249.51,259.6,254800
UNFI,08-Oct-2026,43.36,44.445,43.17,44.07,550800
UNH,08-Oct-2026,375.38,376.45,368.5,370.95,7294600
UNM,08-Oct-2026,93.12,93.885,91.49,92.64,2404600
UNMA,08-Oct-2026,20.8,20.8,20.6114,20.74,7700
UNP,08-Oct-2026,274.91,279.03,274.2201,278.2,1479400
UP,08-Oct-2026,3.69,3.945,3.6301,3.89,85400
UPS,08-Oct-2026,92.15,94.505,92.03,94.13,6725400
URI,08-Oct-2026,1030.67,1054.14,1030.67,1050.15,460500
USA,08-Oct-2026,5.85,5.865,5.82,5.86,914500
USAC,08-Oct-2026,25.25,25.39,25.03,25.15,190300
USB,08-Oct-2026,56.01,57.045,55.63,57.03,8870000
USB-A,08-Oct-2026,750.06,758.485,750,750,800
USB-H,08-Oct-2026,18.25,18.26,18.11,18.15,57900
USB-P,08-Oct-2026,19.3,19.78,19.23,19.5,137000
USB-Q,08-Oct-2026,13.68,13.7,13.5219,13.7,52400
USB-R,08-Oct-2026,14.22,14.34,14.1701,14.31,77900
USB-S,08-Oct-2026,15.75,15.78,15.6201,15.73,103600
USBpA,08-Oct-2026,750.06,758.485,750,750,331
USBpH,08-Oct-2026,18.25,18.26,18.11,18.1501,52670
USBpP,08-Oct-2026,19.3,19.78,19.23,19.5,99012
USBpQ,08-Oct-2026,13.68,13.7,13.5219,13.7,47932
USBpR,08-Oct-2026,14.22,14.34,14.1701,14.325,65319
USBpS,08-Oct-2026,15.75,15.78,15.6201,15.73,94345
USFD,08-Oct-2026,96.05,98.16,95.805,97.12,1628400
USNA,08-Oct-2026,14.68,14.8,14.39,14.66,210000
USPH,08-Oct-2026,82.74,84.385,82.51,83.52,177300
UTF,08-Oct-2026,25.45,25.64,25.38,25.63,317800
UTI,08-Oct-2026,19.8,20.375,19.67,20.31,1469300
UTL,08-Oct-2026,51.91,52.66,51.32,52.38,140500
UTZ,08-Oct-2026,14.29,14.33,14.28,14.32,3165700
UVE,08-Oct-2026,45.02,47.3567,44.79,46.97,356000
UVV,08-Oct-2026,42.84,43.39,42.55,43.18,435600
UWMC,08-Oct-2026,1.14,1.14,1.09,1.09,11968400
UZD,08-Oct-2026,17.9,17.995,17.9,17.98,3200
UZE,08-Oct-2026,15.89,15.9753,15.88,15.91,4700
UZF,08-Oct-2026,15.9,16.04,15.9,15.985,6600
V,08-Oct-2026,371.4,379.99,370.3748,375.1,6409400
VAC,08-Oct-2026,103.85,105.54,103.07,104.21,313200
VAL,08-Oct-2026,82.42,84.92,82.42,83.96,733700
VAL.W,08-Oct-2026,9.05,9.83,9.05,9.61,12700
VAL.WS,08-Oct-2026,9.05,9.83,9.05,9.61,11933
VALE,08-Oct-2026,13.51,13.815,13.42,13.42,28146500
VATE,08-Oct-2026,7.18,7.33,7.05,7.2,60100
VBF,08-Oct-2026,14.09,14.3,14.08,14.21,40700
VCV,08-Oct-2026,8.74,8.81,8.7,8.81,413100
VCX,08-Oct-2026,28.69,29,27.43,27.43,480700
VEEV,08-Oct-2026,282.13,285.245,279.0201,284.84,922100
VEL,08-Oct-2026,14.69,14.96,14.475,14.91,204100
VET,08-Oct-2026,11.84,11.975,11.725,11.86,1219800
VFC,08-Oct-2026,14.18,14.6,14.14,14.53,8988900
VG,08-Oct-2026,13.39,13.545,13.11,13.29,12706600
VGI,08-Oct-2026,6.68,6.68,6.57,6.65,53200
VGM,08-Oct-2026,8.6,8.79,8.6,8.73,549600
VGNT,08-Oct-2026,44.86,45.08,43.82,44.16,1496400
VHI,08-Oct-2026,14.46,15.49,14.44,14.91,9600
VIA,08-Oct-2026,30.48,31.04,29.96,30.93,949000
VICI,08-Oct-2026,22.68,22.895,22.5,22.79,17083400
VII,08-Oct-2026,9.83,9.84,9.83,9.8361,5600
VII.U,08-Oct-2026,9.97,9.97,9.94,9.97,5700
VIK,08-Oct-2026,80.5,81.79,80.28,81.64,3462400
VIPS,08-Oct-2026,12.71,12.82,12.615,12.72,3719300
VIRT,08-Oct-2026,58.29,59.225,57.545,57.81,871800
VIST,08-Oct-2026,67,68.36,66.5966,67.16,876600
VIV,08-Oct-2026,12.59,12.76,12.56,12.65,1890000
VKQ,08-Oct-2026,8.38,8.52,8.3299,8.52,417600
VLN,08-Oct-2026,1.82,1.83,1.74,1.76,605500
VLO,08-Oct-2026,429.92,446.478,427.43,443.8,2576100
VLRS,08-Oct-2026,6.21,6.44,6.21,6.28,289100
VLT,08-Oct-2026,9.04,9.08,8.99,9.03,42500
VLTO,08-Oct-2026,95.6,96.565,94.18,96.48,2618600
VMC,08-Oct-2026,241.51,246.54,240.67,246.26,1434200
VMI,08-Oct-2026,461.02,470.79,458.265,468.7,125500
VMO,08-Oct-2026,8.43,8.55,8.39,8.55,490900
VMRK,08-Oct-2026,59.23,60.215,59.06,59.98,6726600
VNO,08-Oct-2026,33.59,33.98,32.97,33.81,1359900
VNO-L,08-Oct-2026,16.81,17.22,16.6138,17.22,45500
VNO-M,08-Oct-2026,16.77,17.15,16.77,17.08,12200
VNO-N,08-Oct-2026,16.44,16.82,16.34,16.75,11900
VNO-O,08-Oct-2026,13.73,14.01,13.73,14.01,21300
VNOpL,08-Oct-2026,16.81,17.22,16.6138,17.22,39836
VNOpM,08-Oct-2026,16.77,17.15,16.77,17.11,10790
VNOpN,08-Oct-2026,16.44,16.82,16.34,16.82,10384
VNOpO,08-Oct-2026,13.73,14.01,13.73,14.01,20271
VNT,08-Oct-2026,32.1,32.48,31.78,32.2,1310800
VOC,08-Oct-2026,3.42,3.42,3.37,3.41,108000
VOY-B,08-Oct-2026,22.89,23,22.7502,22.96,24700
VOYA,08-Oct-2026,96.61,97.21,94.99,96.64,1605100
VOYApB,08-Oct-2026,22.89,23,22.7502,22.8601,17972
VOYG,08-Oct-2026,28.33,28.56,27.2,28.18,1770300
VPG,08-Oct-2026,73.67,74.73,71.25,72.25,385300
VPV,08-Oct-2026,10.78,10.9,10.71,10.85,24900
VRT,08-Oct-2026,242.2,252.105,239.76,243.73,5873400
VRTS,08-Oct-2026,131.22,132.36,130.045,131.59,121600
VSH,08-Oct-2026,36.07,36.6977,34.02,34.56,3237600
VST,08-Oct-2026,165.81,168.748,155.2153,156.14,11324300
VSTS,08-Oct-2026,13.91,14.095,13.6,14,2038400
VSXY,08-Oct-2026,84.81,86.68,82.83,86.61,2127700
VTEX,08-Oct-2026,3.86,3.95,3.805,3.95,453900
VTMX,08-Oct-2026,33.47,34.13,32.73,33.94,70000
VTN,08-Oct-2026,9.3,9.3761,9.18,9.28,85500
VTOL,08-Oct-2026,40.68,40.83,39.82,40.64,154700
VTR,08-Oct-2026,80.11,82.245,79.85,81.76,4588800
VTS,08-Oct-2026,17.27,17.3,17.06,17.17,706500
VVR,08-Oct-2026,2.88,2.88,2.85,2.87,572400
VVV,08-Oct-2026,30.59,31.03,30.36,30.84,2366600
VVX,08-Oct-2026,68.99,71.02,67.95,70.97,448200
VYLR,08-Oct-2026,73.86,75.19,72.55,72.79,8109500
VYX,08-Oct-2026,6.7,6.95,6.53,6.9,3712400
VZ,08-Oct-2026,46.06,46.545,45.715,46.35,22781400
W,08-Oct-2026,103.06,106.295,102.865,105.13,2102900
WAB,08-Oct-2026,280,281.865,275.125,280.8,744100
WAL,08-Oct-2026,73.52,75.52,73.46,75.5,1387100
WAL-A,08-Oct-2026,24.74,24.85,24.74,24.81,35100
WALpA,08-Oct-2026,24.74,24.85,24.74,24.81,31637
WAT,08-Oct-2026,431.7,432.46,421.61,429.13,1043800
WBI,08-Oct-2026,29.52,29.865,29.32,29.78,426800
WBX,08-Oct-2026,2.7,2.815,2.695,2.74,8000
WCC,08-Oct-2026,362.05,364.92,352.3,355.93,797200
WCN,08-Oct-2026,156,156.58,152.57,154.69,1707500
WD,08-Oct-2026,34.19,34.6,33.11,34.39,744100
WDH,08-Oct-2026,1.01,1.05,1.01,1.02,286100
WDI,08-Oct-2026,11.69,11.69,11.57,11.68,576500
WDS,08-Oct-2026,22.58,22.8,22.48,22.59,622600
WEA,08-Oct-2026,9.77,9.8,9.745,9.79,23000
WEAV,08-Oct-2026,7.38,7.415,7.37,7.39,2139500
WEC,08-Oct-2026,103.25,103.89,102.45,103.61,1860700
WELL,08-Oct-2026,221.11,224.7487,220,223.04,2524000
WES,08-Oct-2026,45.83,46.2,45.65,45.82,583900
WEX,08-Oct-2026,170.54,174.49,168.88,174.41,499700
WF,08-Oct-2026,72.13,73.01,71.93,72.67,75700
WFC,08-Oct-2026,79.9,82.17,79.7,82.03,16723500
WFC-A,08-Oct-2026,16.5,16.66,16.49,16.66,208700
WFC-C,08-Oct-2026,15.38,15.59,15.37,15.52,167400
WFC-D,08-Oct-2026,15.03,15.2,15,15.14,240600
WFC-L,08-Oct-2026,1065,1079.99,1064.5,1070.02,8700
WFC-Y,08-Oct-2026,19.93,19.97,19.73,19.9,99400
WFC-Z,08-Oct-2026,16.79,16.83,16.63,16.8,293800
WFCpA,08-Oct-2026,16.5,16.66,16.49,16.65,193592
WFCpC,08-Oct-2026,15.38,15.59,15.37,15.56,156088
WFCpD,08-Oct-2026,15.03,15.2,15,15.15,228796
WFCpL,08-Oct-2026,1065,1079.99,1064.5001,1070,4297
WFCpY,08-Oct-2026,19.93,19.97,19.73,19.9,88277
WFCpZ,08-Oct-2026,16.79,16.83,16.63,16.81,266885
WFG,08-Oct-2026,62.85,64.23,62.1,64.21,180400
WGO,08-Oct-2026,24.17,24.775,24.13,24.65,910100
WH,08-Oct-2026,71.42,73.61,71.42,73.36,1297900
WHD,08-Oct-2026,63.82,63.82,62.71,63.22,659000
WHG,08-Oct-2026,19.1,19.29,19,19.2,12100
WHK,08-Oct-2026,26.17,26.85,26.17,26.38,222700
WHR,08-Oct-2026,28.89,29.31,28.47,29.16,3427500
WHR-A,08-Oct-2026,27.84,28.06,27.33,27.84,39600
WIA,08-Oct-2026,7.56,7.615,7.54,7.59,81500
WINN,08-Oct-2026,35.23,35.23,34.7,34.86,370500
WIT,08-Oct-2026,1.66,1.67,1.605,1.67,9052500
WIW,08-Oct-2026,7.92,7.925,7.85,7.9,357200
WK,08-Oct-2026,71.98,73.73,70.81,73.69,1432300
WKC,08-Oct-2026,37.06,37.49,36.97,37.24,1051900
WLK,08-Oct-2026,61.5,62.3525,60.775,62.31,1166500
WLKP,08-Oct-2026,21.4,21.41,21.18,21.41,25300
WLTG,08-Oct-2026,38.46,38.46,38.31,38.4121,3900
WLY,08-Oct-2026,48.87,49.67,48.3402,49.4,600600
WM,08-Oct-2026,209.95,211.23,207.63,210.1,2242200
WMB,08-Oct-2026,71.53,72.85,71.3401,72.34,9576300
WMK,08-Oct-2026,73.8,73.8,72.365,72.53,162300
WMS,08-Oct-2026,124.09,126.55,122.9,126.21,907500
WNC,08-Oct-2026,13.45,13.7287,13.1701,13.41,934300
WOLF,08-Oct-2026,35.02,35.94,29.52,31.02,22823500
WOR,08-Oct-2026,60.16,61.35,59.98,61.22,174400
WPC,08-Oct-2026,62.81,63.23,62.24,63.13,1896500
WPM,08-Oct-2026,132.9,135.215,132.9,134.96,1099300
WPP,08-Oct-2026,25.37,25.56,24.97,25.48,331300
WRB,08-Oct-2026,70.01,72.4998,70.01,72.05,2240400
WRB-E,08-Oct-2026,19.16,19.2424,18.9303,19.17,20300
WRB-F,08-Oct-2026,17.07,17.71,16.91,17.2398,45200
WRB-G,08-Oct-2026,14.54,14.96,14.54,14.88,6200
WRB-H,08-Oct-2026,14.03,14.3786,14.03,14.26,46600
WRBY,08-Oct-2026,25.05,25.32,24.16,24.95,2831900
WRBpE,08-Oct-2026,19.155,19.2424,18.9303,19.17,17481
WRBpF,08-Oct-2026,17.07,17.71,16.91,17.2398,39000
WRBpG,08-Oct-2026,14.5401,14.96,14.54,14.88,4851
WRBpH,08-Oct-2026,14.03,14.3786,14.03,14.26,43745
WS,08-Oct-2026,34.65,35.1875,33.66,34.62,953500
WSM,08-Oct-2026,236.08,242.66,234.83,239,1446300
WSO,08-Oct-2026,280.07,285.62,279.04,282.23,644300
WST,08-Oct-2026,365.65,367.25,359.4886,363.27,461700
WT,08-Oct-2026,22.98,23.24,22.57,22.68,2480300
WTI,08-Oct-2026,3.69,3.725,3.62,3.7,4467400
WTM,08-Oct-2026,2036.57,2064.04,2020.108,2059.77,18700
WTRG,08-Oct-2026,38.68,38.945,38.21,38.72,2963400
WTS,08-Oct-2026,345.63,349.75,340.4,347.14,262100
WTTR,08-Oct-2026,19.41,19.68,19.1,19.6,1655600
WU,08-Oct-2026,6.07,6.34,6.03,6.33,10250000
WWW,08-Oct-2026,18.7,19.37,18.505,19,1280400
WY,08-Oct-2026,18.57,19.17,18.45,19.17,19323200
XFLH,08-Oct-2026,10.11,10.11,10.1,10.1,200
XFLT,08-Oct-2026,18.9,19.0799,18.9,18.99,239700
XHR,08-Oct-2026,17.84,18.1,17.75,18.04,1321200
XIFR,08-Oct-2026,10.31,10.425,10.23,10.34,1135600
XOM,08-Oct-2026,167.11,169.19,166.71,168.5,13297500
XPER,08-Oct-2026,5.33,5.345,5.18,5.25,382000
XPEV,08-Oct-2026,9.58,9.635,9.37,9.55,5034700
XPO,08-Oct-2026,180.61,184.26,180.51,181.95,897700
XPOF,08-Oct-2026,4.84,4.9702,4.7,4.96,1071300
XPRO,08-Oct-2026,15.74,16.38,15.26,16.21,914300
XRN,08-Oct-2026,33.85,34.23,33.55,34.1,98000
XRN-A,08-Oct-2026,24.6,24.6,24.4201,24.4201,6100
XRN-B,08-Oct-2026,25.4,25.4,25.27,25.3371,1700
XTND,08-Oct-2026,2.58,2.675,2.49,2.54,964800
XXI,08-Oct-2026,6.26,6.365,6.125,6.32,1227300
XYF,08-Oct-2026,5.27,5.2999,5.02,5.07,72000
XYL,08-Oct-2026,101.86,102.335,100.7,101.99,2236000
XYZ,08-Oct-2026,75.39,75.7,73.075,75.23,8400800
XZO,08-Oct-2026,15.13,15.9,15.03,15.89,271300
YALA,08-Oct-2026,5.37,5.4,5.34,5.38,214600
YCY,08-Oct-2026,10.28,10.28,10.28,10.28,100
YCY.W,08-Oct-2026,0.16,0.17,0.1599,0.16,80000
YELP,08-Oct-2026,18.44,19.44,18.44,19.37,1970600
YETI,08-Oct-2026,39.24,39.875,39.01,39.6,1421000
YEXT,08-Oct-2026,6.64,6.85,6.61,6.82,717800
YMM,08-Oct-2026,8.26,8.36,8.21,8.33,7641300
YOU,08-Oct-2026,42.77,43.59,41.9522,43.08,1582600
YPF,08-Oct-2026,50.19,50.71,49.48,49.9,1179600
YRD,08-Oct-2026,1.01,1.02,1,1.01,32000
YSG,08-Oct-2026,2.59,2.66,2.5,2.51,55100
YSS,08-Oct-2026,7.27,7.335,7.03,7.23,2470300
YUM,08-Oct-2026,140.4,144.08,140,143,2597600
YUMC,08-Oct-2026,41.34,41.98,41.3,41.78,2350600
ZBH,08-Oct-2026,88.36,89.07,87.31,88.88,2507500
ZEPP,08-Oct-2026,3.85,3.92,3.7712,3.84,9000
ZETA,08-Oct-2026,33.33,33.74,32.3,33.03,7199500
ZGN,08-Oct-2026,12.07,12.575,12,12.52,1601700
ZH,08-Oct-2026,3.44,3.49,3.39,3.42,282200
ZIM,08-Oct-2026,30.02,30.335,29.9717,30.26,1070200
ZIP,08-Oct-2026,3.78,4,3.75,3.98,770200
ZKH,08-Oct-2026,2.23,2.23,2.06,2.06,108200
ZTO,08-Oct-2026,19.53,19.9,19.53,19.9,1855000
ZTR,08-Oct-2026,6.08,6.1099,6.0293,6.07,137800
ZTS,08-Oct-2026,71.36,73.75,71.15,73.08,6176400
ZVIA,08-Oct-2026,1.22,1.23,1.18,1.19,401500
ZWS,08-Oct-2026,46.16,46.75,45.61,46.24,872900
