Symbol,Date,Open,High,Low,Close,Volume
A,05-Aug-2026,140.28,141.46,138.545,141.11,1266300
AA,05-Aug-2026,47.83,48.45,47.39,47.69,4907600
AAC.U,05-Aug-2026,10.135,10.135,10.135,10.135,500
AADX,05-Aug-2026,20.25,21.9,20.25,21.22,894200
AAMI,05-Aug-2026,92.73,93.6099,90.72,91.41,379900
AAP,05-Aug-2026,58.83,60.275,58.43,59.58,918800
AAT,05-Aug-2026,23.05,23.19,22.79,23.07,349600
AAUC,05-Aug-2026,19.48,19.77,19.1,19.68,730800
AB,05-Aug-2026,37.2,37.6922,36.93,37.1,213000
ABBV,05-Aug-2026,247,249.38,243.76,246.2,5193700
ABCB,05-Aug-2026,89.58,89.66,88.665,88.91,364500
ABEV,05-Aug-2026,3.06,3.08,3.03,3.03,51330700
ABG,05-Aug-2026,226.25,227.56,218.42,219.47,250200
ABM,05-Aug-2026,49.18,49.18,48.485,48.93,495500
ABR,05-Aug-2026,5.22,5.24,5.05,5.17,4461100
ABR-D,05-Aug-2026,15.85,15.9,15.85,15.8727,4300
ABR-E,05-Aug-2026,15.77,15.78,15.7273,15.735,5800
ABR-F,05-Aug-2026,22.32,22.71,22.31,22.42,7800
ABRpD,05-Aug-2026,15.85,15.9,15.85,15.8727,3622
ABRpE,05-Aug-2026,15.77,15.78,15.7273,15.735,5176
ABRpF,05-Aug-2026,22.32,22.71,22.31,22.42,6189
ABT,05-Aug-2026,106.71,106.76,104.2,105.71,9313200
ABX,05-Aug-2026,10.95,11,10.51,10.56,457800
ABXL,05-Aug-2026,25.97,25.99,25.9622,25.98,3900
ACA,05-Aug-2026,145.33,145.5,145.2,145.32,665400
ACCO,05-Aug-2026,4.42,4.475,4.26,4.36,824300
ACEL,05-Aug-2026,12.44,12.85,12.1,12.43,500600
ACH,05-Aug-2026,2.92,3.21,2.79,2.96,1059400
ACH.W,05-Aug-2026,0.0499,0.0499,0.0399,0.042,13400
ACHR,05-Aug-2026,5.3,5.35,5.125,5.2,23677300
ACHR.WS,05-Aug-2026,0.0499,0.0499,0.0399,0.042,12855
ACI,05-Aug-2026,12.03,12.18,11.63,11.85,9476000
ACLO,05-Aug-2026,50.35,50.38,50.3275,50.35,4900
ACM,05-Aug-2026,75.79,76.155,74.62,74.9,1290300
ACN,05-Aug-2026,172.25,173.27,167.435,170.73,5396100
ACP,05-Aug-2026,5.06,5.07,5.01,5.02,444200
ACR,05-Aug-2026,15.31,15.6626,14.61,14.74,50900
ACR-C,05-Aug-2026,24.75,24.8475,24.75,24.805,3700
ACR-D,05-Aug-2026,21.85,21.9136,21.64,21.66,2700
ACRE,05-Aug-2026,4.67,4.72,4.43,4.7,792300
ACRpC,05-Aug-2026,24.75,24.8475,24.75,24.805,2526
ACRpD,05-Aug-2026,21.85,21.9136,21.64,21.66,2305
ACV,05-Aug-2026,27.28,27.675,27.02,27.21,65100
ACVA,05-Aug-2026,7.98,8.0799,7.57,7.68,2691000
AD,05-Aug-2026,35.01,35.31,34.64,35.2,145300
ADC,05-Aug-2026,76.57,76.5886,75.47,76.08,2002600
ADC-A,05-Aug-2026,17.13,17.13,17.05,17.05,12500
ADCpA,05-Aug-2026,17.13,17.13,17.05,17.07,10523
ADCT,05-Aug-2026,1.11,1.15,1.07,1.07,971100
ADIG,05-Aug-2026,22.67,25.75,22.005,24.98,1511000
ADM,05-Aug-2026,81.85,82.9399,77.53,77.58,5628800
ADNT,05-Aug-2026,20.5,21.645,19.54,20.52,2040600
ADT,05-Aug-2026,7.89,7.905,7.605,7.7,11596900
ADX,05-Aug-2026,26.17,26.2505,25.835,25.87,324800
AEE,05-Aug-2026,108.98,109.57,107.19,108.95,1664200
AEFC,05-Aug-2026,18.31,18.36,18.2563,18.32,51300
AEG,05-Aug-2026,9.47,9.525,9.425,9.5,5827300
AEM,05-Aug-2026,159.96,166.21,158.6,165.45,5504200
AEO,05-Aug-2026,18.08,18.43,17.79,17.82,3093900
AER,05-Aug-2026,156.63,158.805,154.77,155.13,1031400
AERO,05-Aug-2026,16.13,16.195,15.805,16.15,174100
AES,05-Aug-2026,14.68,14.71,14.68,14.7,7966000
AESI,05-Aug-2026,10.52,10.995,10.32,10.67,4106900
AEXA,05-Aug-2026,11.58,11.63,11.475,11.53,35400
AFB,05-Aug-2026,11,11.005,10.94,10.95,104100
AFG,05-Aug-2026,144.49,146.73,143.99,146.73,648000
AFGB,05-Aug-2026,20.67,20.74,20.58,20.61,5500
AFGC,05-Aug-2026,17.93,17.94,17.89,17.89,12800
AFGD,05-Aug-2026,19.5725,19.64,19.5725,19.62,16500
AFGE,05-Aug-2026,16.2,16.2454,16.16,16.16,5600
AFL,05-Aug-2026,125.51,125.875,124.28,125.56,2094400
AG,05-Aug-2026,17.53,17.89,17.225,17.61,12441400
AGBK,05-Aug-2026,7.03,7.085,6.72,6.88,409600
AGCO,05-Aug-2026,107.06,107.47,103.55,103.83,868000
AGD,05-Aug-2026,12.18,12.185,12.08,12.13,66400
AGI,05-Aug-2026,30.49,31.545,30.24,31.27,9624900
AGL,05-Aug-2026,94.78,114.32,93.73,107.85,1115700
AGM,05-Aug-2026,240.99,241.82,234.7501,237.32,91100
AGM-D,05-Aug-2026,21.3,21.48,21.3,21.41,2300
AGM-E,05-Aug-2026,20.95,20.95,20.893,20.9,2500
AGM-F,05-Aug-2026,18.91,18.95,18.9,18.92,3300
AGM-G,05-Aug-2026,17.78,17.78,17.66,17.69,5200
AGM-H,05-Aug-2026,23.28,23.3827,23.28,23.3827,1600
AGM-I,05-Aug-2026,24.06,24.0999,23.99,24.09,12600
AGMpD,05-Aug-2026,21.5,21.5,21.3,21.41,1905
AGMpE,05-Aug-2026,20.95,20.95,20.893,20.9,2268
AGMpF,05-Aug-2026,18.91,18.95,18.9,18.92,3018
AGMpG,05-Aug-2026,17.78,17.78,17.66,17.69,4687
AGMpH,05-Aug-2026,23.28,23.3827,23.28,23.3827,1443
AGO,05-Aug-2026,83.52,83.81,82.29,82.74,294600
AGRO,05-Aug-2026,9.35,9.51,9.25,9.29,708100
AGX,05-Aug-2026,620.8,632.545,601.79,601.82,195800
AHL-D,05-Aug-2026,19.13,19.2,18.97,19,11500
AHL-E,05-Aug-2026,18.95,19.01,18.87,18.87,25200
AHL-F,05-Aug-2026,23.76,23.77,23.71,23.72,8400
AHLpD,05-Aug-2026,19.13,19.2,18.97,19,8677
AHLpE,05-Aug-2026,18.95,19.01,18.89,18.9,22287
AHLpF,05-Aug-2026,23.76,23.77,23.71,23.73,6745
AHR,05-Aug-2026,54.75,55.79,54.4175,55.5,2271600
AHR-A,05-Aug-2026,22.67,22.7,22.67,22.7,800
AHRT,05-Aug-2026,7.07,7.09,6.9,6.94,692100
AHT,05-Aug-2026,3.21,3.26,3.2,3.24,16300
AHT-D,05-Aug-2026,5.29,5.63,5.2318,5.63,7700
AHT-F,05-Aug-2026,6.34,6.37,6.33,6.37,800
AHT-G,05-Aug-2026,5.2,5.25,5.08,5.08,3300
AHT-H,05-Aug-2026,5.08,5.182,5.065,5.065,2900
AHT-I,05-Aug-2026,5.055,5.065,5.055,5.065,600
AHTpD,05-Aug-2026,5.29,5.63,5.2318,5.63,7210
AHTpF,05-Aug-2026,6.34,6.37,6.33,6.37,409
AHTpG,05-Aug-2026,5.2016,5.25,5.08,5.08,3350
AHTpH,05-Aug-2026,5.08,5.182,5.065,5.065,2800
AHTpI,05-Aug-2026,5.055,5.065,5.055,5.065,600
AI,05-Aug-2026,10.02,10.15,9.81,9.91,2995900
AIG,05-Aug-2026,79.66,80.39,79.33,80.12,2844200
AII,05-Aug-2026,20.97,21.055,20.54,20.76,73900
AIIA,05-Aug-2026,10.15,10.19,10.15,10.19,9800
AIN,05-Aug-2026,62.08,66.465,61.61,61.81,509700
AIO,05-Aug-2026,26.33,26.4699,26.055,26.21,86400
AIR,05-Aug-2026,149,151.47,146.3,146.83,450800
AIT,05-Aug-2026,358.87,362.93,356.31,358.14,297300
AIV,05-Aug-2026,2.66,2.675,2.635,2.65,815000
AIZ,05-Aug-2026,294.14,302.29,290,301.57,711300
AIZN,05-Aug-2026,19.23,19.23,18.96,19.06,10500
AJG,05-Aug-2026,249.83,252.29,247.57,251.03,956400
AKA,05-Aug-2026,11.42,11.9,11.31,11.31,5800
AKAF,05-Aug-2026,32.8351,32.8351,32.8351,32.8351,100
AKO.A,05-Aug-2026,24,24,24,24,100
AKO.B,05-Aug-2026,31.27,31.27,30.57,31.26,2900
AKR,05-Aug-2026,21.67,21.67,21.235,21.49,1669400
ALB,05-Aug-2026,122.05,122.98,118.41,118.84,2690300
ALB-A,05-Aug-2026,51.2,51.21,50.31,50.4,18200
ALBpA,05-Aug-2026,51.2,51.21,50.31,50.4,11344
ALC,05-Aug-2026,70.82,70.96,70.04,70.57,1216500
ALG,05-Aug-2026,169.32,170.695,166.0775,167.78,118400
ALH,05-Aug-2026,27.89,28.23,27.82,28.01,524200
ALIT,05-Aug-2026,15.15,15.33,13.54,14.43,1530100
ALK,05-Aug-2026,52.36,53.62,51.92,52.05,2496500
ALL,05-Aug-2026,264.65,266.915,263.12,264.59,1433800
ALL-B,05-Aug-2026,25.52,25.6,25.52,25.54,19900
ALL-H,05-Aug-2026,19.42,19.5,19.26,19.31,121000
ALL-I,05-Aug-2026,18.27,18.27,18.05,18.14,32300
ALL-J,05-Aug-2026,25.97,25.9899,25.9,25.91,32300
ALLE,05-Aug-2026,164.74,168.6,164.395,168.58,1271100
ALLpB,05-Aug-2026,25.52,25.6,25.52,25.54,17212
ALLpH,05-Aug-2026,19.42,19.5,19.26,19.43,102225
ALLpI,05-Aug-2026,18.27,18.27,18.05,18.14,24338
ALLpJ,05-Aug-2026,26.0213,26.0213,25.9,25.91,25498
ALLY,05-Aug-2026,45.04,45.28,44.65,44.74,2157500
ALSN,05-Aug-2026,122.92,124,117.5,118.13,837100
ALT-A,05-Aug-2026,25.53,25.615,25.53,25.615,500
ALTG,05-Aug-2026,7.48,7.715,7.44,7.48,149700
ALTGpA,05-Aug-2026,25.53,25.615,25.53,25.615,295
ALV,05-Aug-2026,125.57,126.64,123.1,123.12,614400
ALX,05-Aug-2026,271.99,278.48,270.95,277.15,52500
AM,05-Aug-2026,21.85,21.905,21.115,21.16,3189600
AMBP,05-Aug-2026,4.95,5.125,4.925,5.09,3209300
AMBQ,05-Aug-2026,65.9,67.42,62.9,63.01,330100
AMC,05-Aug-2026,2.66,2.74,2.6,2.67,28099300
AMCR,05-Aug-2026,47.25,47.95,47.23,47.75,3447800
AME,05-Aug-2026,254.42,257.945,252.8,254.76,1274900
AMG,05-Aug-2026,387.61,390.99,375.45,375.62,196000
AMH,05-Aug-2026,34.57,34.6,34.225,34.58,2191500
AMH-G,05-Aug-2026,23,23.01,22.78,22.9,3200
AMH-H,05-Aug-2026,23.88,24.02,23.84,23.84,2000
AMHpG,05-Aug-2026,23,23.01,22.78,22.91,2215
AMHpH,05-Aug-2026,23.88,24.02,23.8568,24.02,804
AMN,05-Aug-2026,33.6,33.63,32.42,32.8,793200
AMP,05-Aug-2026,560,564.3,554.86,561.03,420800
AMP.V,05-Aug-2026,4.77,4.85,4.47,4.81,53600
AMPX,05-Aug-2026,12.4,12.44,11.55,11.72,12270700
AMPX.WS,05-Aug-2026,4.77,4.85,4.47,4.81,52789
AMPY,05-Aug-2026,3.96,3.985,3.82,3.88,524300
AMR,05-Aug-2026,143,147.47,140.49,146.12,361600
AMRC,05-Aug-2026,27.66,27.69,25.36,25.66,788800
AMRZ,05-Aug-2026,52.13,53.01,51.86,52.88,2902800
AMT,05-Aug-2026,173.91,173.91,162.5,168.07,5294200
AMTB,05-Aug-2026,29.75,29.9,29.38,29.56,278200
AMTD,05-Aug-2026,0.7826,0.7826,0.7281,0.7582,3800
AMTM,05-Aug-2026,24.26,24.28,23.32,23.4,1043200
AMWL,05-Aug-2026,11.18,14.19,11.01,13.02,465200
AMX,05-Aug-2026,25.01,25.01,23.89,24.02,5716600
AN,05-Aug-2026,219.91,221.15,213.59,215.78,386800
ANDG,05-Aug-2026,49.35,50.41,48.71,49.75,316900
ANET,05-Aug-2026,210.19,214.89,191.01,197.31,20226900
ANF,05-Aug-2026,110.09,113.35,107.85,109.45,818100
ANG-D,05-Aug-2026,23.79,23.79,23.6078,23.7,6800
ANGpD,05-Aug-2026,23.79,23.79,23.6078,23.7,4197
ANGX,05-Aug-2026,4.1,4.37,3.99,4.24,2396100
ANRO,05-Aug-2026,28.51,28.54,27,28.03,248800
ANVS,05-Aug-2026,1.9,1.976,1.86,1.87,1100300
AOD,05-Aug-2026,10.65,10.7,10.61,10.61,367800
AOMD,05-Aug-2026,25.47,25.66,25.4601,25.4601,3800
AOMN,05-Aug-2026,25.12,25.14,25.05,25.09,5300
AOMR,05-Aug-2026,9.2,9.2,8.84,8.89,119500
AON,05-Aug-2026,356.96,360.595,355.22,359.97,657200
AORT,05-Aug-2026,26.77,27.32,25.7875,26.17,964000
AOS,05-Aug-2026,63.07,63.6,62.69,63.18,1582200
AP,05-Aug-2026,8.96,9.75,8.96,9.44,86600
APAM,05-Aug-2026,42.77,43.3099,42.58,42.78,694100
APD,05-Aug-2026,295.43,297.07,293.4375,295.09,911200
APG,05-Aug-2026,41.78,42.02,41.42,41.78,2136400
APH,05-Aug-2026,172.3,174.84,170.6,172.24,6144200
APLE,05-Aug-2026,16.52,16.72,16.38,16.55,4144400
APO,05-Aug-2026,134,135.37,127.53,129.74,3833600
APOS,05-Aug-2026,25.68,25.75,25.55,25.55,48000
APTV,05-Aug-2026,47.49,47.66,46.42,47.01,9112400
AQN,05-Aug-2026,5.81,5.82,5.71,5.77,2702500
AQNB,05-Aug-2026,25.62,25.66,25.6,25.635,9200
AR,05-Aug-2026,35.68,35.82,34.21,34.33,5087500
ARCO,05-Aug-2026,8.39,8.545,8.39,8.47,981100
ARDC,05-Aug-2026,12.59,12.59,12.39,12.43,166900
ARDT,05-Aug-2026,11.51,11.63,10.54,11.16,1016000
ARE,05-Aug-2026,49.38,50.49,47.54,50.1,2697000
ARE-B,05-Aug-2026,45.21,45.28,43.9,44.42,79200
ARES,05-Aug-2026,144.23,145.99,137.89,139.77,2449000
ARESpB,05-Aug-2026,45.23,45.28,43.9,44.42,64622
ARI,05-Aug-2026,6.76,6.765,6.64,6.66,1930200
ARIS,05-Aug-2026,15.5,16.08,15.5,15.63,2584200
ARL,05-Aug-2026,15.6,15.81,14.99,14.99,6600
ARLO,05-Aug-2026,16,16,15.7,15.93,1075800
ARMK,05-Aug-2026,56.34,56.97,56.17,56.88,2147400
AROC,05-Aug-2026,33.5,34.89,33.0601,33.93,4396600
ARR,05-Aug-2026,16.47,16.65,16.295,16.63,3242100
ARR-C,05-Aug-2026,20.84,20.9348,20.825,20.93,15700
ARRpC,05-Aug-2026,20.84,20.9348,20.825,20.93,12958
ARW,05-Aug-2026,227.94,230.445,220.93,226.85,567500
ARX,05-Aug-2026,12.26,12.405,11.91,12.26,1347700
AS,05-Aug-2026,36.44,37.3,36.44,36.73,2677700
ASA,05-Aug-2026,53.75,55.2,53.75,54.72,61900
ASAN,05-Aug-2026,8.91,8.91,8.58,8.88,4041400
ASB,05-Aug-2026,31.88,31.92,31.46,31.53,1206800
ASB-E,05-Aug-2026,20.21,20.21,19.9,19.92,18600
ASB-F,05-Aug-2026,19.53,19.53,19.25,19.25,27100
ASBA,05-Aug-2026,24.69,24.7699,24.65,24.67,10900
ASBpE,05-Aug-2026,20.21,20.21,19.9,19.9,15352
ASBpF,05-Aug-2026,19.53,19.53,19.27,19.27,25042
ASC,05-Aug-2026,17.24,17.4199,16.41,16.44,570200
ASG,05-Aug-2026,5.35,5.4,5.33,5.34,409600
ASGI,05-Aug-2026,23.79,24.05,23.72,23.96,187000
ASH,05-Aug-2026,72.76,72.79,71.45,71.7,431000
ASIC,05-Aug-2026,23.93,25.32,23.93,24.59,62700
ASIX,05-Aug-2026,20.45,20.45,19.88,20.03,154800
ASPN,05-Aug-2026,5.06,5.16,4.92,5.01,1248100
ASR,05-Aug-2026,274.43,279.84,270.6601,272.93,88100
ASX,05-Aug-2026,37.48,38.12,36.63,36.78,8284100
ATEN,05-Aug-2026,30.67,31.1472,30.34,30.84,1633700
ATH-A,05-Aug-2026,23.86,23.94,23.83,23.84,28700
ATH-B,05-Aug-2026,18.52,18.625,18.42,18.42,17400
ATH-D,05-Aug-2026,15.95,16.03,15.89,15.91,25100
ATH-E,05-Aug-2026,25.19,25.29,25.13,25.13,17800
ATHM,05-Aug-2026,22.78,23.105,22.755,22.98,717500
ATHpA,05-Aug-2026,23.86,23.94,23.83,23.86,20829
ATHpB,05-Aug-2026,18.52,18.625,18.42,18.42,13388
ATHpD,05-Aug-2026,15.95,16.03,15.89,15.91,20237
ATHpE,05-Aug-2026,25.19,25.29,25.15,25.15,10499
ATHS,05-Aug-2026,24.85,24.93,24.78,24.85,25100
ATI,05-Aug-2026,204.15,208.71,202.69,205.11,3012100
ATKR,05-Aug-2026,93.5,93.75,93.45,93.68,3181500
ATMU,05-Aug-2026,55.33,55.75,53.45,54.15,997400
ATO,05-Aug-2026,172.18,172.58,170.455,172.2,1279600
ATR,05-Aug-2026,136.87,136.88,134.87,136.75,454800
ATS,05-Aug-2026,27.9,28.615,27.71,27.95,208900
AU,05-Aug-2026,87.23,89.77,86.89,88.6,3717100
AUB,05-Aug-2026,43.34,43.525,42.98,43.02,745500
AUB-A,05-Aug-2026,24.68,24.8,24.6,24.68,14400
AUBpA,05-Aug-2026,24.68,24.8,24.6,24.68,13551
AUNA,05-Aug-2026,5.11,5.26,5.0534,5.21,151400
AVA,05-Aug-2026,39.21,39.24,38.41,38.84,735000
AVAL,05-Aug-2026,5.25,5.42,5.155,5.3,176000
AVB,05-Aug-2026,190.02,190.52,188.23,189.61,591500
AVBC,05-Aug-2026,21.2,21.84,21.16,21.74,225300
AVD,05-Aug-2026,2.5,2.57,2.5,2.56,120300
AVEX,05-Aug-2026,19.33,20.05,19.31,19.7,1133500
AVK,05-Aug-2026,12.73,12.8,12.675,12.71,97300
AVNT,05-Aug-2026,38.03,38.31,37.57,37.92,1048400
AVTR,05-Aug-2026,13.8,13.82,13.265,13.36,9571600
AVY,05-Aug-2026,173.71,175.69,171.1,175.58,822500
AWF,05-Aug-2026,10.21,10.21,10.1501,10.16,189500
AWI,05-Aug-2026,183.94,186.27,183.89,186.08,456800
AWK,05-Aug-2026,134.4,135.32,132.27,134.16,1963400
AWP,05-Aug-2026,11.97,12.01,11.94,12,77500
AWR,05-Aug-2026,85.52,85.67,84.16,84.94,247700
AX,05-Aug-2026,105.3,105.3,102.5144,103.81,214100
AXI-C,05-Aug-2026,10.3,10.45,10.175,10.35,26600
AXIA,05-Aug-2026,10.67,10.67,10.43,10.47,5257400
AXIAY,05-Aug-2026,10.3648,10.67,10.3648,10.47,4633640
AXICY,05-Aug-2026,10.3,10.45,10.175,10.35,26600
AXP,05-Aug-2026,350,352.49,346.62,348.99,1983500
AXR,05-Aug-2026,22.59,22.8999,22.2678,22.5,12100
AXS,05-Aug-2026,103.9,105.365,103.45,104.25,602300
AXS-E,05-Aug-2026,18.74,18.82,18.61,18.69,50800
AXSpE,05-Aug-2026,18.73,18.82,18.61,18.69,42090
AXTA,05-Aug-2026,37.75,38.1619,37.58,38.07,1237600
AYI,05-Aug-2026,349.37,360.47,349.37,359.08,325000
AZN,05-Aug-2026,163.79,164.45,160.72,161.5,7002900
AZO,05-Aug-2026,3043,3066.11,3015.97,3066.06,135800
AZUL,05-Aug-2026,8.65,8.675,8.6,8.65,192600
AZZ,05-Aug-2026,151.85,154.35,151.6,151.96,157700
B,05-Aug-2026,40,41.2,39.862,41.05,12727900
BA,05-Aug-2026,237.95,241.0895,236.6183,240.19,6574700
BA-A,05-Aug-2026,73,73.84,72.735,73.54,589100
BABA,05-Aug-2026,130.65,130.99,128.22,128.53,9553900
BAC,05-Aug-2026,63,63.565,62.83,63.25,30265900
BAC-B,05-Aug-2026,24.62,24.65,24.59,24.59,78900
BAC-E,05-Aug-2026,18.1901,18.29,18.1901,18.245,26400
BAC-K,05-Aug-2026,24.06,24.12,24.02,24.02,64400
BAC-L,05-Aug-2026,1293.5,1297.22,1293.5,1296,13500
BAC-M,05-Aug-2026,21.09,21.0999,20.95,20.96,64400
BAC-N,05-Aug-2026,19.58,19.5946,19.48,19.48,108700
BAC-O,05-Aug-2026,17.09,17.11,17.01,17.01,62700
BAC-P,05-Aug-2026,16.25,16.29,16.15,16.15,64000
BAC-Q,05-Aug-2026,16.52,16.55,16.4201,16.43,116100
BAC-S,05-Aug-2026,18.55,18.55,18.44,18.44,31900
BACpB,05-Aug-2026,24.62,24.65,24.59,24.6,64206
BACpE,05-Aug-2026,18.1901,18.29,18.1901,18.245,24278
BACpK,05-Aug-2026,24.06,24.12,24.02,24.02,54214
BACpL,05-Aug-2026,1293.5,1297.22,1293.5,1296,12650
BACpM,05-Aug-2026,21.0903,21.0999,20.95,20.96,51692
BACpN,05-Aug-2026,19.58,19.5946,19.48,19.5,92574
BACpO,05-Aug-2026,17.09,17.11,17.01,17.01,50171
BACpP,05-Aug-2026,16.25,16.29,16.15,16.15,54349
BACpQ,05-Aug-2026,16.52,16.55,16.4201,16.44,102359
BACpS,05-Aug-2026,18.55,18.55,18.44,18.44,24674
BAH,05-Aug-2026,74.04,74.355,71.61,71.91,2070100
BAK,05-Aug-2026,2.32,2.33,2.24,2.26,1282300
BALL,05-Aug-2026,63.2,63.98,62.82,63.49,2381300
BALY,05-Aug-2026,13.89,14.48,13.88,14.01,52900
BAM,05-Aug-2026,53.06,53.88,51.73,52.63,5347900
BAN-F,05-Aug-2026,25.34,25.35,25.26,25.27,22000
BANC,05-Aug-2026,19.46,19.62,19.27,19.36,3815900
BANCpF,05-Aug-2026,25.3438,25.35,25.26,25.28,18238
BAP,05-Aug-2026,391.49,400.97,391.49,394.88,204700
BApA,05-Aug-2026,73,73.84,72.735,73.67,24933
BARK,05-Aug-2026,9.77,9.95,9.26,9.29,27300
BAX,05-Aug-2026,28.2,28.21,27.09,27.33,9302600
BB,05-Aug-2026,8.81,9.085,8.73,8.73,9969700
BBA.W,05-Aug-2026,0.15,0.16,0.1451,0.15,29500
BBAI,05-Aug-2026,3.14,3.15,2.98,3.03,18617300
BBAI.WS,05-Aug-2026,0.152,0.16,0.1451,0.15,28786
BBAR,05-Aug-2026,18.23,18.5795,17.64,17.86,746800
BBB.W,05-Aug-2026,0.4,0.44,0.33,0.36,102100
BBBY,05-Aug-2026,4.84,4.92,4.4,4.62,8858500
BBD,05-Aug-2026,3.55,3.5698,3.47,3.48,37140300
BBDC,05-Aug-2026,8.58,8.58,8.39,8.42,646700
BBDO,05-Aug-2026,3.26,3.26,3.14,3.2,139900
BBN,05-Aug-2026,15.87,15.94,15.85,15.86,159400
BBT,05-Aug-2026,32.13,32.13,31.73,31.76,697800
BBUC,05-Aug-2026,30.95,31.19,30.12,30.65,274200
BBVA,05-Aug-2026,28.09,28.21,27.91,28.07,3415100
BBW,05-Aug-2026,34.82,35.64,34.35,34.82,318800
BBWI,05-Aug-2026,21.52,21.564,20.575,20.79,3719700
BBY,05-Aug-2026,84.49,85.1,83.75,84.5,2915000
BC,05-Aug-2026,82.26,84.68,82.26,83.58,651300
BC-C,05-Aug-2026,24.11,24.11,23.96,23.98,5000
BCAT,05-Aug-2026,16.03,16.1,15.87,15.87,603300
BCC,05-Aug-2026,84.51,85.6275,82.3634,84.8,419300
BCE,05-Aug-2026,22.03,22.09,21.675,22.06,7715700
BCEM,05-Aug-2026,26.49,26.56,26.49,26.545,13800
BCGD,05-Aug-2026,26.9747,26.9747,26.9747,26.9747,100
BCH,05-Aug-2026,41.51,42.18,41.51,41.64,201300
BCO,05-Aug-2026,111.54,119.1599,111.54,115.79,850800
BCS,05-Aug-2026,28.22,28.615,28.2,28.46,4940100
BCSF,05-Aug-2026,12.92,12.92,12.62,12.68,239400
BCSM,05-Aug-2026,25.43,25.59,25.29,25.345,2700
BCSS,05-Aug-2026,10.23,10.23,10.21,10.21,41000
BCX,05-Aug-2026,12,12.14,11.95,11.99,116200
BDC,05-Aug-2026,126.75,129.48,125.71,128.18,414700
BDJ,05-Aug-2026,9.85,9.86,9.78,9.81,433900
BDN,05-Aug-2026,3.16,3.22,3.13,3.2,2439500
BDX,05-Aug-2026,169.73,170.91,168.01,170.66,2538000
BE,05-Aug-2026,223.79,241.89,222.59,234.33,13321700
BEKE,05-Aug-2026,17.14,17.14,16.8,16.89,2181500
BEN,05-Aug-2026,36,36.28,34.835,34.92,4835400
BEP,05-Aug-2026,33.46,33.46,32.37,32.7,1114200
BEP-A,05-Aug-2026,17.35,17.4,16.91,17.01,13100
BEPC,05-Aug-2026,33.35,33.71,32.84,33.3,3406200
BEPH,05-Aug-2026,15.08,15.14,15.08,15.12,11500
BEPI,05-Aug-2026,16.09,16.27,16.08,16.15,13600
BEPJ,05-Aug-2026,24.49,24.5899,24.44,24.48,2500
BEPpA,05-Aug-2026,17.35,17.4,16.91,17.01,11951
BETA,05-Aug-2026,21.97,22.2926,21.53,22.2,1307300
BF.A,05-Aug-2026,28.72,28.955,28.53,28.69,106900
BF.B,05-Aug-2026,28.71,28.71,28.08,28.38,1695600
BFAM,05-Aug-2026,76.31,76.62,74.6601,75.52,611300
BFH,05-Aug-2026,112.52,114.12,111.93,112.34,310400
BFH-A,05-Aug-2026,25.13,25.23,25.11,25.12,5000
BFH-B,05-Aug-2026,25.14,25.14,25.12,25.12,6400
BFLY,05-Aug-2026,8.75,8.84,8.33,8.42,5804100
BFS,05-Aug-2026,33.9,34.26,33.25,33.63,134400
BFS-D,05-Aug-2026,20.88,20.965,20.88,20.965,600
BFS-E,05-Aug-2026,21.69,22,21.69,22,700
BFSpD,05-Aug-2026,20.88,20.965,20.88,20.965,400
BFSpE,05-Aug-2026,21.69,22,21.69,22,200
BG,05-Aug-2026,109.92,111.47,106.42,106.62,1701400
BGB,05-Aug-2026,11.24,11.245,11.21,11.24,111700
BGH,05-Aug-2026,14.27,14.28,14.17,14.24,122400
BGR,05-Aug-2026,16.18,16.22,15.8,15.81,77400
BGS,05-Aug-2026,3.53,3.56,3.42,3.52,3511000
BGSF,05-Aug-2026,5.56,5.64,5.49,5.64,8700
BGSI,05-Aug-2026,107.47,107.47,101.53,103.93,46000
BGT,05-Aug-2026,10.86,10.955,10.86,10.9,180800
BGX,05-Aug-2026,10.82,10.83,10.7701,10.83,54000
BGY,05-Aug-2026,5.8,5.835,5.755,5.8,381700
BH,05-Aug-2026,387.96,400.88,383.75,397.99,120300
BH.A,05-Aug-2026,1922.99,2004.73,1917,1996.08,20800
BHC,05-Aug-2026,6.54,6.54,6.14,6.29,4249700
BHE,05-Aug-2026,84.64,85.83,83,84.06,306300
BHK,05-Aug-2026,9,9.06,8.97,9.05,340400
BHP,05-Aug-2026,88.13,89.49,87.81,89.38,3153400
BHR,05-Aug-2026,2.11,2.11,2.05,2.05,507600
BHR-B,05-Aug-2026,13.83,13.85,13.75,13.8132,3500
BHR-D,05-Aug-2026,17.49,17.4945,16.99,17.1,1600
BHRpB,05-Aug-2026,13.83,13.85,13.75,13.8132,2039
BHRpD,05-Aug-2026,17.4945,17.4945,16.99,17.1,1353
BHV,05-Aug-2026,12.61,12.85,12.55,12.55,1700
BHVN,05-Aug-2026,13.82,14,13.425,13.63,1433100
BII.U,05-Aug-2026,10.25,10.25,10.25,10.25,200
BILL,05-Aug-2026,49.12,49.61,48.08,48.32,2248800
BIO,05-Aug-2026,340,352.63,329.6,347.86,522100
BIP,05-Aug-2026,40.3,40.4,39.04,39.65,1310100
BIP-A,05-Aug-2026,17.5,17.5,17.38,17.5,2600
BIP-B,05-Aug-2026,16.81,17.04,16.6733,16.94,14800
BIPC,05-Aug-2026,40.5,40.5,39.52,40.14,1602300
BIPH,05-Aug-2026,15.88,16.0337,15.88,15.88,13200
BIPI,05-Aug-2026,16.76,16.8079,16.6,16.63,4400
BIPJ,05-Aug-2026,24.65,24.79,24.62,24.66,9900
BIPpA,05-Aug-2026,17.5,17.5,17.38,17.5,2195
BIPpB,05-Aug-2026,16.81,17.04,16.6733,16.94,13244
BIRK,05-Aug-2026,37.6,38.84,37.38,37.48,1294300
BIT,05-Aug-2026,12.24,12.3,12.24,12.29,206600
BJ,05-Aug-2026,97.99,97.99,96.09,96.69,1236900
BKD,05-Aug-2026,14.13,14.675,14.07,14.43,3191100
BKE,05-Aug-2026,46.1,46.45,45.335,45.42,466500
BKH,05-Aug-2026,72.27,72.27,70.795,71.72,774900
BKK.W,05-Aug-2026,0.04,0.0428,0.04,0.04,21400
BKKT,05-Aug-2026,7.49,7.61,7.3,7.39,685600
BKKT.WS,05-Aug-2026,0.0428,0.0428,0.04,0.04,21443
BKSY,05-Aug-2026,25.12,25.6,24.41,25.18,863600
BKSY.WS,05-Aug-2026,0.0075,0.0147,0.002,0.0145,87497
BKSYW,05-Aug-2026,0.0075,0.0147,0.002,0.0145,97100
BKT,05-Aug-2026,10.37,10.51,10.3401,10.47,89900
BKU,05-Aug-2026,47.93,48.39,47.45,47.49,569700
BKV,05-Aug-2026,23.69,23.96,22.72,23,1284400
BLCO,05-Aug-2026,16.84,16.84,16.15,16.76,221000
BLDR,05-Aug-2026,74.24,76.29,74.24,75.86,1658400
BLK,05-Aug-2026,1138.5,1142.89,1121.17,1133.58,761700
BLND,05-Aug-2026,2,2.045,1.965,2.01,1987800
BLSH,05-Aug-2026,23.85,24.06,22.925,23.84,789600
BLW,05-Aug-2026,12.61,12.62,12.55,12.57,135000
BLX,05-Aug-2026,59.11,59.52,58.51,59.06,119400
BMA,05-Aug-2026,91.85,93.975,89,89.57,256900
BME,05-Aug-2026,43.46,43.71,43.23,43.45,46900
BMEZ,05-Aug-2026,15.6,15.6999,15.6,15.62,126200
BMI,05-Aug-2026,140.47,140.955,138.83,139.44,242400
BML-G,05-Aug-2026,18.72,18.75,18.6801,18.71,4400
BML-H,05-Aug-2026,18.73,18.735,18.6936,18.72,10400
BML-J,05-Aug-2026,19.42,19.53,19.42,19.49,32600
BML-L,05-Aug-2026,18.84,19,18.84,18.96,42700
BMLpG,05-Aug-2026,18.72,18.75,18.6801,18.71,4301
BMLpH,05-Aug-2026,18.73,18.735,18.6936,18.72,8207
BMLpJ,05-Aug-2026,19.42,19.53,19.42,19.49,30011
BMLpL,05-Aug-2026,18.84,19,18.84,18.96,41562
BMN,05-Aug-2026,25.36,25.36,25.18,25.18,500
BMNP,05-Aug-2026,89.57,89.64,89.25,89.26,24400
BMNR,05-Aug-2026,18.1,18.6,17.58,18.43,29279900
BMO,05-Aug-2026,179.98,182.59,179.85,180.94,512500
BMY,05-Aug-2026,64.81,65.41,63.26,63.63,14117000
BN,05-Aug-2026,45,45.09,44.075,44.54,5309900
BNED,05-Aug-2026,12.93,12.93,12.52,12.68,150600
BNH,05-Aug-2026,15.16,15.16,15.02,15.13,15200
BNJ,05-Aug-2026,15.28,15.3799,15.28,15.35,10200
BNL,05-Aug-2026,21.22,21.375,21.04,21.2,2299900
BNS,05-Aug-2026,87.43,88.83,87.31,88.55,2964300
BNT,05-Aug-2026,45.4,45.545,44.6492,45.12,19600
BNY,05-Aug-2026,157.52,160.01,157.52,158.74,3032600
BNY-K,05-Aug-2026,25.07,25.09,24.9501,25.03,299200
BOBS,05-Aug-2026,18.62,19,18.41,18.8,1899600
BOC,05-Aug-2026,14.7,14.7,14.37,14.5,121800
BOE,05-Aug-2026,12.35,12.38,12.24,12.31,116500
BOH,05-Aug-2026,81.08,81.08,79.49,79.64,387300
BOH-A,05-Aug-2026,15.36,15.4,15.34,15.36,2400
BOH-B,05-Aug-2026,26.26,26.35,26.2,26.2,17900
BOHpA,05-Aug-2026,15.3616,15.4,15.34,15.36,1497
BOHpB,05-Aug-2026,26.26,26.35,26.2,26.35,9316
BOND,05-Aug-2026,90.83,90.905,90.735,90.87,442500
BOOT,05-Aug-2026,162.69,165.55,159.44,161.11,601100
BORR,05-Aug-2026,4.05,4.09,3.86,3.89,5786800
BOW,05-Aug-2026,33.57,33.71,33.47,33.62,1366000
BOX,05-Aug-2026,31.59,32.291,31.44,32,2015500
BP,05-Aug-2026,42.85,42.88,41.16,41.21,9935600
BPRE,05-Aug-2026,13.13,13.46,13.05,13.39,775500
BR,05-Aug-2026,169.68,170.585,161.2,163.41,1594200
BRBR,05-Aug-2026,12.69,13.0289,12.22,12.61,6102500
BRC,05-Aug-2026,97.38,98.38,96.81,98.11,93600
BRCC,05-Aug-2026,1.04,1.07,0.9597,1.01,926700
BRCE,05-Aug-2026,30.43,30.43,30.2491,30.2491,200
BREE,05-Aug-2026,26.825,26.825,26.825,26.825,100
BRIE,05-Aug-2026,30.88,30.88,30.73,30.74,137900
BRK.A,05-Aug-2026,776756,778916.6,768500,777696,100
BRK.B,05-Aug-2026,519,519.7677,512.2,518.85,3749400
BRO,05-Aug-2026,71.38,71.63,70.35,70.95,2168400
BROL,05-Aug-2026,26.2,26.2,25.9739,25.9739,600
BROS,05-Aug-2026,65.19,66.47,64.5575,65.67,3876500
BRSL,05-Aug-2026,11.35,11.455,11.15,11.3,2576400
BRSP,05-Aug-2026,4.99,5.03,4.92,5,1556900
BRT,05-Aug-2026,14.58,14.58,13.88,14.18,65300
BRW,05-Aug-2026,6.7,6.74,6.64,6.74,279000
BRX,05-Aug-2026,31.25,31.27,30.74,30.92,2105200
BSAC,05-Aug-2026,35.07,35.5,35.065,35.25,290400
BSBR,05-Aug-2026,5.78,5.82,5.76,5.79,2841900
BSL,05-Aug-2026,13.03,13.055,13,13.03,35500
BSM,05-Aug-2026,14.92,15,14.55,14.55,714500
BST,05-Aug-2026,49.38,49.63,48.5,48.69,105900
BSTZ,05-Aug-2026,29.88,30.3,29.79,29.93,127600
BSX,05-Aug-2026,49.47,49.4863,47.1,47.74,16512100
BTE,05-Aug-2026,4.28,4.289,4.08,4.09,22447400
BTGO,05-Aug-2026,4.95,5.0837,4.8865,5,917200
BTI,05-Aug-2026,59.69,59.74,58.78,59.27,2833500
BTO,05-Aug-2026,41.16,41.42,40.61,40.76,41600
BTT,05-Aug-2026,22.52,22.55,22.46,22.46,70400
BTU,05-Aug-2026,22.6,23.39,22.6,22.8,2506200
BTX,05-Aug-2026,8.6,8.65,8.49,8.52,390300
BTZ,05-Aug-2026,10.01,10.07,10.01,10.02,395600
BUD,05-Aug-2026,85.32,85.565,84.38,85.18,1390500
BUI,05-Aug-2026,27.06,27.42,27.06,27.35,57400
BUR,05-Aug-2026,4.33,4.33,4.222,4.27,1372400
BURL,05-Aug-2026,365.25,373.275,365.25,369.34,645300
BUXX,05-Aug-2026,20.23,20.23,20.2,20.2154,180600
BV,05-Aug-2026,11,11.16,10.43,10.6,7376300
BVN,05-Aug-2026,33.69,34.07,32.5,33,1157000
BW,05-Aug-2026,10.05,10.32,9.51,9.52,2003500
BW-A,05-Aug-2026,22.09,22.22,21.85,22.1,3800
BWA,05-Aug-2026,64.62,68.5848,64.18,66.78,3537700
BWG,05-Aug-2026,7.82,7.835,7.72,7.78,62700
BWI.U,05-Aug-2026,10.05,10.05,10.05,10.05,2200
BWLP,05-Aug-2026,21.8,21.87,20.79,20.85,369800
BWMX,05-Aug-2026,17.34,17.52,17.1406,17.2,96100
BWNB,05-Aug-2026,25.22,25.225,25.22,25.22,10200
BWpA,05-Aug-2026,22.01,22.22,21.85,22.1,3179
BWXT,05-Aug-2026,172,173.43,168.24,168.28,1020000
BX,05-Aug-2026,139,139.87,134.555,136.03,3791000
BXC,05-Aug-2026,63.19,75.975,63,72.54,320600
BXDC,05-Aug-2026,20.45,20.789,19.87,20,633900
BXMT,05-Aug-2026,14.3,14.36,13.84,13.94,5199000
BXP,05-Aug-2026,70.52,70.76,69.48,70.01,995700
BXSL,05-Aug-2026,23.85,23.8883,23.24,23.34,1616400
BY,05-Aug-2026,39.77,39.78,39.1824,39.52,168700
BYD,05-Aug-2026,86.99,88.1067,84.19,84.32,805000
BZH,05-Aug-2026,32.91,34.54,32.85,34.07,407700
C,05-Aug-2026,137.295,139.17,137.14,137.64,12028300
C-N,05-Aug-2026,27,27.08,26.62,26.67,1049600
C-R,05-Aug-2026,24.76,24.8,24.65,24.65,89800
CAAP,05-Aug-2026,26.53,26.75,25.79,26,178100
CABO,05-Aug-2026,45.26,45.5692,42.7,43.37,138500
CACI,05-Aug-2026,525.37,528.835,512.61,518.03,222600
CAF,05-Aug-2026,19.13,19.35,19.08,19.09,12800
CAG,05-Aug-2026,15.02,15.11,14.865,15.01,11141100
CAH,05-Aug-2026,235.13,239.545,235.01,239.23,2650900
CAL,05-Aug-2026,14.4,14.81,14.185,14.32,625800
CALX,05-Aug-2026,39.27,39.95,37.81,38.51,1043000
CALY,05-Aug-2026,19.2,19.76,18.3,19.11,3615700
CANG,05-Aug-2026,1.62,1.62,1.51,1.6,65400
CAPL,05-Aug-2026,21.6,21.6,21.15,21.22,9200
CARR,05-Aug-2026,65.25,66.04,64.97,65.43,5662600
CARS,05-Aug-2026,12.09,12.11,11.83,11.84,847300
CAT,05-Aug-2026,874.9,905.72,870,871.08,3363100
CATO,05-Aug-2026,3.35,3.43,3.35,3.43,43500
CAVA,05-Aug-2026,63.91,67.27,63.35,66.17,2700700
CB,05-Aug-2026,349.34,352.7,348,352.54,1367400
CBAN,05-Aug-2026,22.21,22.21,21.82,22.13,135500
CBL,05-Aug-2026,56.5,57.37,55.46,56.67,242100
CBNA,05-Aug-2026,47.39,48.1,45.49,47.6,31000
CBRE,05-Aug-2026,152.64,152.64,149.61,151.16,1349900
CBT,05-Aug-2026,81.97,85.195,80.6101,84.54,843800
CBU,05-Aug-2026,66.72,67.115,65.96,66.1,147000
CBZ,05-Aug-2026,55.01,55.01,54.45,54.8,1987400
CC,05-Aug-2026,16.01,16.045,14.58,14.59,10409000
CCI,05-Aug-2026,77.3,77.3,69.72,73.84,10822700
CCID,05-Aug-2026,25.2,25.21,25.2,25.2,700
CCIF,05-Aug-2026,2.84,2.9,2.79,2.79,88700
CCJ,05-Aug-2026,94.49,95.9,93.8,94.27,3532800
CCK,05-Aug-2026,121.74,122.44,120.29,122.14,981200
CCL,05-Aug-2026,29.75,30.22,29.63,29.67,17042300
CCM,05-Aug-2026,4.44,5.13,4.44,4.86,65400
CCO,05-Aug-2026,2.43,2.43,2.41,2.42,5299400
CCS,05-Aug-2026,69.73,72.04,69.73,71.25,226100
CCU,05-Aug-2026,11.83,11.9402,11.6,11.69,68900
CCZ,05-Aug-2026,64.6,64.6,64.3,64.3,1500
CDE,05-Aug-2026,17,17.61,16.83,17.43,53791500
CDLR,05-Aug-2026,22.87,22.87,22.73,22.73,22400
CDP,05-Aug-2026,38.02,38.02,37.19,37.38,872600
CDR-B,05-Aug-2026,17.82,17.9999,17.5,17.9999,4200
CDR-C,05-Aug-2026,16.83,17.5,16.54,17.11,20800
CDRE,05-Aug-2026,31.28,31.6015,30.43,31.03,425600
CDRpB,05-Aug-2026,17.82,17.9999,17.5,17.9999,3763
CDRpC,05-Aug-2026,16.835,17.5,16.54,17.11,19095
CE,05-Aug-2026,45.26,45.26,41.11,43.14,5883700
CEE,05-Aug-2026,21.1,21.395,20.21,21,23900
CEPU,05-Aug-2026,14.58,14.7687,14.27,14.29,175200
CF,05-Aug-2026,118.47,118.67,115.76,116.71,2690400
CFG,05-Aug-2026,74.01,74.535,73.52,73.6,2504600
CFG-E,05-Aug-2026,18.25,18.37,18.06,18.22,50300
CFG-H,05-Aug-2026,25.91,26.07,25.8387,25.88,48400
CFG-I,05-Aug-2026,24.92,24.94,24.84,24.9,197100
CFGpE,05-Aug-2026,18.25,18.37,18.06,18.22,41425
CFGpH,05-Aug-2026,25.91,26.07,25.8387,25.87,37406
CFGpI,05-Aug-2026,24.92,24.94,24.84,24.9,189765
CFND,05-Aug-2026,3.01,3.0499,2.87,2.98,33700
CFR,05-Aug-2026,169.19,169.19,165.91,166.13,597800
CFR-B,05-Aug-2026,16.75,16.75,16.6,16.64,8900
CFRpB,05-Aug-2026,16.75,16.75,16.6,16.69,6800
CFT-A,05-Aug-2026,25.35,25.8999,25.35,25.72,5800
CGAU,05-Aug-2026,18.97,19.63,18.8501,19.46,1979100
CGV,05-Aug-2026,15.94,15.9689,15.905,15.91,4700
CHCT,05-Aug-2026,16.65,16.655,15.03,15.39,1422800
CHD,05-Aug-2026,103.2,103.88,102.24,103.64,2561000
CHE,05-Aug-2026,549.95,549.95,535.29,546.51,186300
CHGG,05-Aug-2026,1.06,1.075,0.9915,1.03,1871900
CHH,05-Aug-2026,110,115.36,104.8,111.79,828900
CHM-A,05-Aug-2026,22.15,22.1999,22.15,22.19,1300
CHM-B,05-Aug-2026,23.95,23.95,23.925,23.9499,1800
CHMI,05-Aug-2026,2.33,2.5,2.325,2.44,1034700
CHMIpA,05-Aug-2026,22.15,22.1999,22.15,22.19,850
CHMIpB,05-Aug-2026,23.95,23.95,23.925,23.9499,1518
CHPT,05-Aug-2026,5.85,5.85,5.65,5.81,267400
CHT,05-Aug-2026,42.09,42.175,41.91,42.02,175200
CHWY,05-Aug-2026,24.15,24.33,23.645,24.03,6647900
CI,05-Aug-2026,268.24,272.52,263.11,270.5,4641100
CIA,05-Aug-2026,4.67,4.75,4.56,4.65,64700
CIB,05-Aug-2026,90.72,92.04,89.4775,90.14,351300
CICB,05-Aug-2026,25,25.13,24.96,24.96,16000
CICC,05-Aug-2026,24.725,24.725,24.7,24.7,1400
CIEN,05-Aug-2026,408.56,424.58,399.07,408.83,1773900
CIG,05-Aug-2026,2.19,2.2,2.14,2.14,2709100
CIG.C,05-Aug-2026,3.09,3.2,3.09,3.19,7100
CII,05-Aug-2026,24.79,25,24.56,24.67,119500
CIM,05-Aug-2026,12.15,12.16,11.46,11.85,2143800
CIM-A,05-Aug-2026,21.7,21.7,21.5244,21.53,4800
CIM-B,05-Aug-2026,24.08,24.09,23.885,23.96,42900
CIM-C,05-Aug-2026,22.63,22.8089,22.41,22.45,17800
CIM-D,05-Aug-2026,24.1,24.1,23.8586,23.92,7100
CIMN,05-Aug-2026,24.99,25,24.96,24.99,4800
CIMO,05-Aug-2026,25.07,25.14,25.0501,25.13,8200
CIMP,05-Aug-2026,25.05,25.28,25.048,25.2,11900
CIMpA,05-Aug-2026,21.7,21.7,21.5244,21.53,3709
CIMpB,05-Aug-2026,24.08,24.09,23.885,23.96,38187
CIMpC,05-Aug-2026,22.63,22.8089,22.41,22.45,13981
CIMpD,05-Aug-2026,24.1,24.1,23.8586,23.92,5788
CINT,05-Aug-2026,3.46,3.59,3.46,3.56,51100
CION,05-Aug-2026,6.37,6.37,6.195,6.23,540200
CL,05-Aug-2026,91.94,93.565,91.2334,93.28,6374900
CLB,05-Aug-2026,11.24,11.25,10.79,10.95,541000
CLBR,05-Aug-2026,10.305,10.305,10.28,10.28,209200
CLD-A,05-Aug-2026,20.19,20.41,20.19,20.41,1700
CLDT,05-Aug-2026,13.47,13.47,13.0257,13.38,294700
CLDTpA,05-Aug-2026,20.19,20.41,20.19,20.41,1151
CLF,05-Aug-2026,12.5,12.855,12.285,12.65,17373100
CLH,05-Aug-2026,312.63,315.255,306.125,309.24,407200
CLPR,05-Aug-2026,2.76,2.76,2.71,2.73,53300
CLS,05-Aug-2026,369.97,378.99,361.62,362.76,1813500
CLVT,05-Aug-2026,1.9,2.01,1.89,1.94,8176900
CLW,05-Aug-2026,22.7,23.15,22.07,22.76,210800
CLX,05-Aug-2026,105.32,106.1,102.79,105.84,3281800
CM,05-Aug-2026,117.89,119.58,117.145,118.68,924200
CMBT,05-Aug-2026,16.46,16.48,15.91,15.91,1876900
CMC,05-Aug-2026,74.5,76.04,73.79,75.67,1588600
CMCM,05-Aug-2026,2.96,3.09,2.96,2.98,3500
CMDB,05-Aug-2026,19.5,20.14,18.62,18.72,96000
CMG,05-Aug-2026,34.65,35.2275,34.02,34.5,26643500
CMI,05-Aug-2026,644.88,661.01,639.975,650.25,1464000
CMP,05-Aug-2026,30.26,30.55,29.195,30.03,475900
CMR-B,05-Aug-2026,25.84,25.84,25.84,25.84,300
CMR-C,05-Aug-2026,26.61,26.81,26.61,26.81,1800
CMR-D,05-Aug-2026,27.35,27.35,27.0424,27.13,2100
CMRE,05-Aug-2026,15.5,15.55,14.66,14.69,406900
CMREpB,05-Aug-2026,25.84,25.84,25.84,25.84,300
CMREpC,05-Aug-2026,26.61,26.81,26.61,26.81,1381
CMREpD,05-Aug-2026,27.35,27.35,27.0424,27.13,1710
CMS,05-Aug-2026,71.65,72.405,70.52,71.59,2806900
CMS-B,05-Aug-2026,75.27,76,75.27,76,1300
CMS-C,05-Aug-2026,16.7,16.71,16.5201,16.53,10300
CMSA,05-Aug-2026,20.88,20.9195,20.8,20.81,5300
CMSC,05-Aug-2026,21.78,21.81,21.73,21.73,12300
CMSD,05-Aug-2026,22.1,22.1,21.9506,22.04,42700
CMSpB,05-Aug-2026,75.27,76,75.27,76,1232
CMSpC,05-Aug-2026,16.7,16.71,16.5201,16.545,6332
CMTG,05-Aug-2026,1.73,1.73,1.665,1.7,802300
CNA,05-Aug-2026,52.85,53.46,52.25,52.34,694900
CNC,05-Aug-2026,64.21,68.379,63.8,66.99,7034000
CNF,05-Aug-2026,2.37,2.37,2.11,2.33,6200
CNH,05-Aug-2026,11.2,11.255,10.79,10.79,17390300
CNI,05-Aug-2026,127,127.92,126.21,127.54,1682200
CNK,05-Aug-2026,38.21,38.51,37.68,37.77,1960900
CNM,05-Aug-2026,46.52,46.66,45.99,46.53,1445100
CNMD,05-Aug-2026,50.98,50.98,48.84,49.3,431100
CNNE,05-Aug-2026,15.09,15.115,14.79,14.89,524900
CNO,05-Aug-2026,55.5,55.885,55.07,55.68,655300
CNO-A,05-Aug-2026,16.74,16.89,16.73,16.82,4200
CNOpA,05-Aug-2026,16.74,16.89,16.73,16.87,3387
CNP,05-Aug-2026,41.53,41.68,40.265,40.65,9264400
CNQ,05-Aug-2026,46.49,46.605,44.75,44.75,6598400
CNR,05-Aug-2026,82.68,84.46,81.6,83.68,871700
CNS,05-Aug-2026,84.4,85.42,83.545,84.22,267300
CNX,05-Aug-2026,35.84,35.84,34.37,34.54,1704700
COD-A,05-Aug-2026,19.6,19.7,19.6,19.7,900
COD-B,05-Aug-2026,22.03,22.12,22.03,22.12,1600
COD-C,05-Aug-2026,22.1,22.1,21.92,21.92,13800
CODI,05-Aug-2026,11.2,11.2,10.815,10.85,612500
CODIpA,05-Aug-2026,19.6,19.7,19.6,19.7,400
CODIpB,05-Aug-2026,22.03,22.12,22.03,22.12,809
CODIpC,05-Aug-2026,22.1,22.1,21.92,21.92,12552
COF,05-Aug-2026,216.42,223.615,216.42,221.63,3477900
COF-I,05-Aug-2026,18.22,18.22,18.11,18.11,154700
COF-J,05-Aug-2026,17.48,17.4999,17.35,17.35,74700
COF-K,05-Aug-2026,16.85,16.9266,16.76,16.76,9500
COF-L,05-Aug-2026,15.93,15.94,15.83,15.85,40100
COF-N,05-Aug-2026,15.49,15.5,15.37,15.42,30700
COFpI,05-Aug-2026,18.22,18.22,18.11,18.11,135489
COFpJ,05-Aug-2026,17.48,17.4999,17.37,17.37,62223
COFpK,05-Aug-2026,16.85,16.9266,16.7751,16.78,8162
COFpL,05-Aug-2026,15.93,15.94,15.83,15.85,32786
COFpN,05-Aug-2026,15.49,15.5,15.37,15.42,27063
COHR,05-Aug-2026,319.4,347.66,319.4,328.22,5780800
COLD,05-Aug-2026,14.19,14.275,13.9,14.03,4315900
COMP,05-Aug-2026,12.75,13.22,12.17,12.83,30010500
CON,05-Aug-2026,31.35,31.53,30.37,30.76,1452200
COOK,05-Aug-2026,67.89,68.28,64.3012,68.07,54700
COP,05-Aug-2026,118.8,119.15,114.71,115.04,7905000
COP.W,05-Aug-2026,0.09,0.09,0.09,0.09,100
COPL,05-Aug-2026,10.5,10.5,10.48,10.48,345400
COR,05-Aug-2026,316,326.99,311,317.22,2291300
COSO,05-Aug-2026,27.41,27.55,27.21,27.28,83600
COTY,05-Aug-2026,2.93,2.93,2.81,2.83,6251900
COUR,05-Aug-2026,6.12,6.13,5.8,5.81,5211800
CP,05-Aug-2026,90.46,92.06,89.85,91.45,5604200
CPA,05-Aug-2026,147.22,152.67,145.945,150.78,425700
CPAC,05-Aug-2026,11.88,12.39,11.8,11.95,44600
CPAI,05-Aug-2026,51.22,51.38,50.7,50.7,24100
CPAY,05-Aug-2026,400,405.95,389.31,394.53,1047700
CPF,05-Aug-2026,40.22,40.2499,39.58,39.68,178500
CPK,05-Aug-2026,133.07,134.58,130.76,133.84,185300
CPN,05-Aug-2026,27.04,27.08,26.62,26.68,925060
CPNG,05-Aug-2026,16.33,16.9,15.95,16,39707900
CPRI,05-Aug-2026,16.34,16.96,15.5,16.02,6733700
CPS,05-Aug-2026,30.91,31.8234,30.7,31.17,228100
CPT,05-Aug-2026,111.51,111.99,110.39,111.91,695500
CQP,05-Aug-2026,65.74,66.435,63.79,64.13,170500
CR,05-Aug-2026,224.96,228.1,223.01,223.07,407100
CRBD,05-Aug-2026,22.05,22.21,21.76,21.93,61700
CRBG,05-Aug-2026,31.52,33.915,31.425,33.59,8541300
CRC,05-Aug-2026,52.77,53,50.865,51.35,791000
CRCL,05-Aug-2026,61.96,64.2,59.12,63.28,20101100
CRD.A,05-Aug-2026,12.74,13.06,12.56,12.9,105300
CRD.B,05-Aug-2026,11.7,11.89,11.57,11.78,17100
CRGY,05-Aug-2026,11.29,11.32,10.915,10.98,6826500
CRH,05-Aug-2026,99.23,100.9,98.83,100,4296900
CRI,05-Aug-2026,39.49,39.97,38.84,39.95,957200
CRK,05-Aug-2026,13.5,13.5,12.93,12.96,1723300
CRL,05-Aug-2026,267.99,267.99,252.07,260.72,1782400
CRM,05-Aug-2026,193.28,194.94,190.425,192.98,9605400
CRS,05-Aug-2026,574.88,588.3699,570.16,570.39,525800
CRT,05-Aug-2026,10.02,10.25,10.02,10.17,34800
CSAN,05-Aug-2026,3.2,3.2,3.04,3.04,872900
CSL,05-Aug-2026,383.57,393.0099,381.2529,385.32,347900
CSQR,05-Aug-2026,20.77,20.85,20.0365,20.29,466700
CSR,05-Aug-2026,54.96,56.98,54.15,56.9,337200
CSTM,05-Aug-2026,29.65,30.26,29.605,29.67,1734800
CSV,05-Aug-2026,40.58,41.5,39.78,41.4,151700
CSW,05-Aug-2026,351.52,351.52,338.79,346.03,253100
CTA-A,05-Aug-2026,53.6499,53.6499,53.6499,53.6499,200
CTA-B,05-Aug-2026,65.39,66.173,65.39,65.39,3300
CTApA,05-Aug-2026,53.6499,53.6499,53.6499,53.6499,188
CTApB,05-Aug-2026,65.39,66.173,65.39,65.75,1967
CTEV,05-Aug-2026,26.08,27.02,25.27,26.13,63900
CTGG,05-Aug-2026,16.49,16.54,16.31,16.33,83100
CTHH,05-Aug-2026,16.81,16.9,16.72,16.78,36700
CTO,05-Aug-2026,21.9,21.9,21.55,21.8,360400
CTO-A,05-Aug-2026,21.54,21.99,21.14,21.14,5900
CTOpA,05-Aug-2026,21.54,21.99,21.14,21.14,5119
CTOS,05-Aug-2026,10.97,11.235,10.668,11.03,1151500
CTRE,05-Aug-2026,40.78,41.4269,40.335,41.14,2396500
CTRI,05-Aug-2026,22.21,23.25,21.35,22.23,5324300
CTS,05-Aug-2026,66.77,67.67,66.55,66.78,262700
CTVA,05-Aug-2026,79.2,80.72,78.65,78.67,6562200
CUBB,05-Aug-2026,22.47,22.63,22.47,22.63,800
CUBE,05-Aug-2026,42,42.08,41.5,41.95,1591600
CUBI,05-Aug-2026,83.75,83.95,82.38,82.72,323100
CURB,05-Aug-2026,30.25,30.41,29.83,30.06,953100
CURV,05-Aug-2026,2.7,2.7,2.55,2.59,169600
CUZ,05-Aug-2026,30.78,31.25,30.53,30.76,1261700
CVE,05-Aug-2026,28.9,29.01,27.695,27.73,10240000
CVEO,05-Aug-2026,32.55,33.6,31.42,32.73,210100
CVI,05-Aug-2026,33.24,33.345,31.17,31.2,1049300
CVLG,05-Aug-2026,35.77,36.28,35.49,35.77,237200
CVNA,05-Aug-2026,69.32,70.18,68.7,69.48,8116600
CVS,05-Aug-2026,93.72,100.55,93.5,99.12,18514600
CVSA,05-Aug-2026,133.29,133.29,128.35,128.91,274300
CVX,05-Aug-2026,191.19,191.38,186.27,186.41,8260600
CW,05-Aug-2026,764,770.18,746.11,748.41,208500
CWEN,05-Aug-2026,31.6,31.65,30.92,31.18,1352000
CWH,05-Aug-2026,6.75,6.98,6.46,6.49,2118000
CWK,05-Aug-2026,14.16,14.23,13.57,14.03,2985500
CWT,05-Aug-2026,50.16,50.475,49.45,49.74,460900
CX,05-Aug-2026,11.73,11.74,11.49,11.55,8646900
CXM,05-Aug-2026,6.68,6.73,6.58,6.71,4652900
CXT,05-Aug-2026,54.6,54.91,52.15,52.37,830100
CXW,05-Aug-2026,30.97,32.4,30.54,31.23,2567900
CYD,05-Aug-2026,48.14,49.955,48.14,48.92,106200
CYH,05-Aug-2026,2.97,3.035,2.894,2.95,2034100
D,05-Aug-2026,69.29,69.35,67.79,68.27,2873800
DAC,05-Aug-2026,139.17,141,137.23,138.62,130800
DAL,05-Aug-2026,93.4,95.01,93.06,93.14,5028200
DAN,05-Aug-2026,27.21,28.71,27.21,28.02,1613600
DAO,05-Aug-2026,16.73,17.6,16.185,17.24,46700
DAR,05-Aug-2026,61.14,61.826,57.76,57.8,2442100
DAVA,05-Aug-2026,3.12,3.13,2.94,2.97,196600
DB,05-Aug-2026,37.74,38.1,37.7,38.04,1412000
DBD,05-Aug-2026,77.19,78.975,76.56,78.12,291300
DBI,05-Aug-2026,6.63,6.795,6.6,6.67,370400
DBL,05-Aug-2026,14.13,14.2,14.06,14.13,36200
DBR-H,05-Aug-2026,15.42,15.44,15.17,15.17,11300
DBR-I,05-Aug-2026,15.0822,15.41,15.0822,15.18,35500
DBR-J,05-Aug-2026,15.6,15.77,15.48,15.52,9600
DBRG,05-Aug-2026,15.87,15.95,15.86,15.92,5000700
DBRGpH,05-Aug-2026,15.4238,15.44,15.17,15.17,10015
DBRGpI,05-Aug-2026,15.0822,15.41,15.0822,15.1529,31931
DBRGpJ,05-Aug-2026,15.6,15.77,15.48,15.525,6415
DCBG,05-Aug-2026,26.3,26.68,26.2,26.32,6300
DCH,05-Aug-2026,6.01,6.11,5.93,6,2724100
DCI,05-Aug-2026,98.85,99.49,97.11,97.25,656200
DCO,05-Aug-2026,193.6,196.795,189.82,191.72,253500
DCO-,05-Aug-2026,17.74,17.75,17.6371,17.685,8600
DCOM,05-Aug-2026,41.86,41.86,41.05,41.53,374800
DD,05-Aug-2026,143.73,147.86,143.31,147.37,1533500
DDD,05-Aug-2026,3.41,3.855,3.23,3.57,9755500
DDL,05-Aug-2026,2.35,2.38,2.23,2.23,260200
DDS,05-Aug-2026,614.29,625,610.6254,616.55,72900
DDT,05-Aug-2026,26.42,26.42,26.315,26.33,7600
DE,05-Aug-2026,619,624.73,611.62,612,814800
DEA,05-Aug-2026,25.15,25.17,24.81,25.04,340300
DEC,05-Aug-2026,13.51,13.51,13.02,13.09,786300
DECK,05-Aug-2026,100.52,101.6699,99.1299,99.31,1425800
DEI,05-Aug-2026,11.5,11.905,11.115,11.8,3780500
DELL,05-Aug-2026,466.6,485.7,459.19,462.7,6984200
DEO,05-Aug-2026,88.8,88.805,87.26,88.43,1890300
DFH,05-Aug-2026,14.43,15.11,13.8801,14.82,558500
DFIN,05-Aug-2026,50.23,50.27,48.63,49.65,254700
DFP,05-Aug-2026,21.01,21.015,20.7,20.74,46500
DG,05-Aug-2026,128.18,128.6,126.04,126.94,1470700
DGA.U,05-Aug-2026,10.06,10.06,10.06,10.06,200
DGX,05-Aug-2026,234.22,236.665,232.56,235.84,674200
DHF,05-Aug-2026,2.39,2.409,2.385,2.39,312300
DHI,05-Aug-2026,148.88,151.87,148.87,151.45,1834900
DHR,05-Aug-2026,195.6,201.24,193.3,199.66,3748000
DHT,05-Aug-2026,18.25,18.49,17.77,17.87,4307900
DHX,05-Aug-2026,4.08,4.24,4.04,4.18,113800
DIN,05-Aug-2026,32.61,36.52,32.61,35.75,575300
DINO,05-Aug-2026,88.5,89.0483,82.91,82.98,3498500
DIS,05-Aug-2026,101.99,103.21,99.685,101.76,20809000
DIVY,05-Aug-2026,30.88,30.88,30.77,30.777,1800
DK,05-Aug-2026,65.48,65.48,59.52,59.75,1994600
DKL,05-Aug-2026,57,58.08,54.09,57.11,136900
DKS,05-Aug-2026,198.67,201.62,197.785,200.32,1347500
DLB,05-Aug-2026,61.28,61.5,60.32,61.36,839100
DLN-A,05-Aug-2026,26.39,26.39,26.26,26.26,500
DLNG,05-Aug-2026,3.81,3.81,3.59,3.64,92400
DLNGpA,05-Aug-2026,26.65,26.65,26.26,26.26,500
DLR,05-Aug-2026,195.34,195.9,191.28,194.93,1712800
DLR-J,05-Aug-2026,19.85,19.885,19.71,19.76,20100
DLR-K,05-Aug-2026,22.07,22.1,21.92,21.92,8100
DLR-L,05-Aug-2026,19.65,19.8,19.59,19.6,15000
DLRpJ,05-Aug-2026,19.85,19.885,19.71,19.775,17233
DLRpK,05-Aug-2026,22.07,22.1,21.9274,21.97,5178
DLRpL,05-Aug-2026,19.65,19.8,19.59,19.6,11064
DLX,05-Aug-2026,27.16,27.16,26.5,26.62,357500
DLY,05-Aug-2026,14.08,14.09,14,14.05,124600
DMA,05-Aug-2026,7.55,7.55,7.5,7.52,8300
DMB,05-Aug-2026,10.59,10.59,10.55,10.58,44800
DMC,05-Aug-2026,30.13,30.19,29.61,29.75,454100
DMO,05-Aug-2026,10.43,10.44,10.33,10.38,85000
DNA,05-Aug-2026,9.29,9.65,9.23,9.37,990300
DNOW,05-Aug-2026,14.5,14.53,14.145,14.22,2169300
DNP,05-Aug-2026,10.76,10.8,10.641,10.69,1059700
DOC,05-Aug-2026,22,22.44,21.75,21.79,10595100
DOCN,05-Aug-2026,125.7,127.84,119.58,124.46,3632600
DOCS,05-Aug-2026,21.91,21.985,21.37,21.63,2646800
DOLE,05-Aug-2026,14.13,14.13,13.75,13.77,755700
DOUG,05-Aug-2026,1.77,1.78,1.74,1.75,149500
DOV,05-Aug-2026,211.55,213.6,210.14,210.4,1235300
DOW,05-Aug-2026,30.61,30.68,29.17,29.67,10208400
DPC,05-Aug-2026,50.52,52.36,49.13,51.37,489700
DPG,05-Aug-2026,14.49,14.5699,14.45,14.52,45700
DQ,05-Aug-2026,13.21,13.42,12.82,13.28,1161200
DRD,05-Aug-2026,23.27,23.44,22.67,22.87,343300
DRI,05-Aug-2026,205.83,209.47,205.515,208.85,889900
DRLL,05-Aug-2026,37.57,37.57,36.62,36.65,14000
DSL,05-Aug-2026,10.72,10.73,10.67,10.67,407000
DSM,05-Aug-2026,5.83,5.86,5.82,5.84,257800
DSMC,05-Aug-2026,43.52,43.73,43.3701,43.3701,8500
DSTX,05-Aug-2026,35.64,35.65,35.5,35.515,6100
DSU,05-Aug-2026,9.44,9.465,9.42,9.43,229100
DSX,05-Aug-2026,2.51,2.6,2.51,2.55,1060900
DSX-B,05-Aug-2026,27.495,27.495,27.1509,27.1509,600
DSX.W,05-Aug-2026,0.35,0.43,0.35,0.4,26200
DSX.WS,05-Aug-2026,0.35,0.43,0.35,0.4,24853
DSXpB,05-Aug-2026,27.495,27.495,27.1509,27.1509,300
DT,05-Aug-2026,51.505,53.285,50.22,50.86,18356500
DTB,05-Aug-2026,16.46,16.56,16.43,16.43,10800
DTE,05-Aug-2026,141.26,141.615,138.5,139.66,1823200
DTF,05-Aug-2026,11.53,11.575,11.495,11.54,8400
DTG,05-Aug-2026,16.71,16.8,16.7,16.73,24400
DTK,05-Aug-2026,23.7,23.752,23.55,23.55,34200
DTM,05-Aug-2026,134.59,135.345,132.93,133.1,967500
DTW,05-Aug-2026,20.3,20.3,20.16,20.19,34200
DUK,05-Aug-2026,124.35,124.35,122.37,123.34,6787800
DUK-A,05-Aug-2026,24.63,24.7299,24.57,24.57,53200
DUKB,05-Aug-2026,22.83,22.83,22.71,22.71,27800
DUKpA,05-Aug-2026,24.63,24.7299,24.57,24.57,40272
DV,05-Aug-2026,12.02,12.11,11.81,11.99,1997200
DVA,05-Aug-2026,205.25,208.53,183.62,188.69,3814900
DVN,05-Aug-2026,43.77,43.865,42.04,42.09,15323000
DX,05-Aug-2026,12.81,12.86,12.62,12.85,4701400
DX-C,05-Aug-2026,25.65,25.805,25.65,25.7601,12100
DXC,05-Aug-2026,11,11.285,10.84,11.12,4706800
DXpC,05-Aug-2026,25.65,25.805,25.65,25.7601,10715
DXYZ,05-Aug-2026,23.65,24.08,23.1,23.87,789800
DY,05-Aug-2026,416.98,427.5,406.9,408.59,339900
E,05-Aug-2026,54.3,54.34,52.37,52.83,670000
EAF,05-Aug-2026,7.67,7.85,7.4,7.67,269800
EAI,05-Aug-2026,20.09,20.09,20.0301,20.05,17300
EARN,05-Aug-2026,4.3,4.3,4.25,4.27,339400
EAT,05-Aug-2026,221.52,226.7,220.01,225.97,795300
EBF,05-Aug-2026,22.38,22.38,21.75,22.2,115500
EBS,05-Aug-2026,7.64,7.7,7.52,7.54,729000
EC,05-Aug-2026,16.46,16.835,16.17,16.39,2693300
ECAT,05-Aug-2026,15.41,15.5,15.36,15.5,504400
ECC,05-Aug-2026,3.88,3.88,3.81,3.86,782300
ECC-D,05-Aug-2026,18.39,18.39,18.245,18.27,7400
ECCC,05-Aug-2026,24.79,24.9599,24.79,24.9599,3900
ECCpD,05-Aug-2026,18.39,18.39,18.245,18.285,5826
ECCU,05-Aug-2026,25.16,25.25,25.08,25.25,3600
ECCV,05-Aug-2026,23.99,24.12,23.99,24.12,3500
ECG,05-Aug-2026,147.16,155.9898,137.285,140.75,1329400
ECL,05-Aug-2026,285,286.46,282.37,285.47,1309100
ECO,05-Aug-2026,63,63.67,60.53,60.62,1072400
ECVT,05-Aug-2026,12.23,12.31,11.34,11.45,2000300
ED,05-Aug-2026,108.51,108.605,106.52,108.32,2198700
EDD,05-Aug-2026,5.94,5.99,5.91,5.96,469900
EDF,05-Aug-2026,5.24,5.24,5.18,5.21,86700
EDN,05-Aug-2026,25.77,26.5184,25,25.56,42500
EDU,05-Aug-2026,56.8,57.49,56.16,56.93,946400
EE,05-Aug-2026,39.53,39.635,38.15,38.5,424700
EEA,05-Aug-2026,11.16,11.2,10.98,11.15,22300
EFC,05-Aug-2026,13.28,13.29,13.18,13.24,987600
EFC-B,05-Aug-2026,24.79,24.79,24.64,24.65,3500
EFC-C,05-Aug-2026,25.48,25.5329,25.4,25.45,6200
EFC-D,05-Aug-2026,23.1326,23.1326,23.1326,23.1326,1100
EFCpB,05-Aug-2026,24.79,24.79,24.64,24.65,1627
EFCpC,05-Aug-2026,25.475,25.5329,25.4,25.45,5385
EFCpD,05-Aug-2026,23.1326,23.1326,23.1326,23.1326,1078
EFOR,05-Aug-2026,30.88,31.7,30.18,31.64,1094500
EFR,05-Aug-2026,10.63,10.69,10.5801,10.67,256500
EFT,05-Aug-2026,10.69,10.87,10.69,10.8,270500
EFX,05-Aug-2026,178.61,180,173.66,177.37,1017000
EFXT,05-Aug-2026,22.36,22.5,21.93,21.99,754100
EG,05-Aug-2026,373.74,376.12,369.54,373.28,388900
EGO,05-Aug-2026,33.42,36.48,33.4,36,4266600
EGP,05-Aug-2026,206.13,208.18,202.2,202.71,501100
EGY,05-Aug-2026,5.23,5.23,5.075,5.15,1169900
EHC,05-Aug-2026,111.09,111.7199,109.23,110.9,1306300
EHI,05-Aug-2026,5.81,5.865,5.81,5.83,80800
EIC,05-Aug-2026,10.09,10.09,9.902,9.95,111500
EICA,05-Aug-2026,24.96,24.96,24.96,24.96,200
EIG,05-Aug-2026,50.86,50.99,50.3018,50.77,184800
EIIA,05-Aug-2026,25.27,25.27,25.22,25.25,2000
EIX,05-Aug-2026,69.26,69.3825,66.58,68.32,4922200
EL,05-Aug-2026,87.37,88.37,86.8,86.96,1857700
ELAN,05-Aug-2026,27.08,27.98,25.1,26.22,13867200
ELC,05-Aug-2026,20,20.01,19.95,19.96,15900
ELF,05-Aug-2026,88.83,90.36,86.28,86.37,5101500
ELLA,05-Aug-2026,25.09,25.13,25.09,25.1069,3400
ELME,05-Aug-2026,1.63,1.64,1.615,1.64,242700
ELPC,05-Aug-2026,11.8,11.86,11.56,11.59,393600
ELS,05-Aug-2026,65.39,65.41,64.42,65,1204600
ELV,05-Aug-2026,375.2,392.43,370.47,391.24,1165500
EMA,05-Aug-2026,52.1,52.28,51.415,51.58,409900
EMBJ,05-Aug-2026,71.75,73.245,71.725,72.78,1250800
EMD,05-Aug-2026,10.53,10.65,10.5,10.56,176200
EME,05-Aug-2026,827.18,835,815.795,822.16,375900
EMF,05-Aug-2026,22.18,22.1995,21.82,21.94,30500
EMN,05-Aug-2026,74.21,74.21,72.49,73.35,1101500
EMO,05-Aug-2026,51.39,51.9072,50.17,50.29,52400
EMP,05-Aug-2026,20.13,20.13,19.97,19.97,4400
EMR,05-Aug-2026,157.27,164.87,155.5,162.47,5251200
ENB,05-Aug-2026,53.56,53.6336,51.81,51.94,8819600
ENHA,05-Aug-2026,2.65,2.75,2.6,2.68,144600
ENIC,05-Aug-2026,4.57,4.59,4.49,4.49,368800
ENJ,05-Aug-2026,19.75,19.76,19.75,19.75,1100
ENO,05-Aug-2026,21.07,21.12,21.0676,21.07,7000
ENOV,05-Aug-2026,31.02,31.1,30,30.18,1504400
ENR,05-Aug-2026,20.99,23.095,20.85,22.53,1924900
ENS,05-Aug-2026,191.02,197.03,189.76,189.87,425800
ENVA,05-Aug-2026,258.5,265.54,258.5,263.02,226700
EOD,05-Aug-2026,6.62,6.62,6.53,6.57,218500
EOG,05-Aug-2026,143.5,144.02,134.07,134.23,5655400
EOI,05-Aug-2026,20.13,20.32,19.97,20.02,76900
EOS,05-Aug-2026,22.08,22.22,21.9012,21.96,267500
EOT,05-Aug-2026,17.53,17.5825,17.41,17.43,14000
EP-C,05-Aug-2026,50.47,50.7,50.2,50.2,6200
EPAC,05-Aug-2026,37.24,37.3777,36.72,36.97,296300
EPAM,05-Aug-2026,112.06,113,108.55,109.87,1890000
EPC,05-Aug-2026,29.25,29.95,28.3,29.2,1086700
EPD,05-Aug-2026,38,38.07,37.415,37.72,3043700
EPpC,05-Aug-2026,50.47,50.7,50.2,50.2,5098
EPR,05-Aug-2026,60.85,61.285,60.06,61.13,766700
EPR-C,05-Aug-2026,26.71,26.99,26.71,26.99,2100
EPR-E,05-Aug-2026,32.6,32.6,32.37,32.48,3700
EPR-G,05-Aug-2026,21.0786,21.0786,20.9501,21.01,1400
EPRpC,05-Aug-2026,26.71,26.99,26.71,26.99,1782
EPRpE,05-Aug-2026,32.6,32.6,32.37,32.48,2680
EPRpG,05-Aug-2026,21.0786,21.0786,20.9501,21.05,507
EPRT,05-Aug-2026,30.96,30.96,30.43,30.74,998400
EQBK,05-Aug-2026,51.72,51.9382,51.31,51.5,88600
EQH,05-Aug-2026,48.22,52.09,48.22,51.3,7811300
EQH-A,05-Aug-2026,19.4,19.45,19.34,19.34,42700
EQH-C,05-Aug-2026,16.36,16.36,16.25,16.3,27300
EQHpA,05-Aug-2026,19.4,19.45,19.34,19.34,31580
EQHpC,05-Aug-2026,16.36,16.36,16.25,16.34,22620
EQNR,05-Aug-2026,39.68,39.77,38.07,38.13,4204600
EQR,05-Aug-2026,67.86,68.19,67.305,67.74,2399700
EQS,05-Aug-2026,1.15,1.18,1.15,1.18,2000
EQT,05-Aug-2026,53,53.26,51.075,51.23,6281800
ERO,05-Aug-2026,29.93,30.7,29.61,30.43,1271400
EROC,05-Aug-2026,11.5,11.65,10.5,10.73,1333300
EROK,05-Aug-2026,21.96,22.16,21.35,22.04,91800
ES,05-Aug-2026,72.92,72.92,71.86,72.47,2251900
ESAB,05-Aug-2026,94.03,95.43,92,92.47,533700
ESE,05-Aug-2026,325.32,330.95,316.9,327.63,168900
ESI,05-Aug-2026,39.02,39.02,37.61,38.34,3992600
ESNT,05-Aug-2026,66.36,66.73,65.65,66.51,602100
ESRT,05-Aug-2026,4.85,4.91,4.775,4.89,2227200
ESS,05-Aug-2026,290.06,290.06,285.43,288.04,259500
ESTC,05-Aug-2026,72.62,72.83,69.49,69.72,2369100
ET,05-Aug-2026,20.46,20.6,20.19,20.34,14107300
ET-I,05-Aug-2026,11.55,11.58,11.5,11.5,56600
ETB,05-Aug-2026,15.66,15.66,15.47,15.58,97700
ETD,05-Aug-2026,23.93,24.8,23.74,24.13,1041400
ETG,05-Aug-2026,24.3,24.415,24.08,24.13,129800
ETI-,05-Aug-2026,23.61,23.82,23.61,23.75,1800
ETIp,05-Aug-2026,23.61,23.82,23.61,23.75,1639
ETJ,05-Aug-2026,8.54,8.54,8.43,8.45,99100
ETN,05-Aug-2026,445.2,453.4999,443.6701,447.28,2178400
ETO,05-Aug-2026,31.8,31.88,31.48,31.48,43900
ETpI,05-Aug-2026,11.55,11.58,11.5,11.5,34507
ETR,05-Aug-2026,108.48,109.19,105.81,106.86,2244800
ETS.U,05-Aug-2026,10.05,10.05,10.05,10.05,300
ETSY,05-Aug-2026,87.14,87.9736,84.32,85.86,3894000
ETV,05-Aug-2026,15.09,15.09,14.88,14.94,142800
ETW,05-Aug-2026,9.68,9.72,9.655,9.67,513300
ETX,05-Aug-2026,18.21,18.2607,18.21,18.2607,1500
ETY,05-Aug-2026,14.73,14.79,14.48,14.53,696900
EVC,05-Aug-2026,11.55,12.0899,11.47,11.6,1518300
EVE.T,05-Aug-2026,0.1129,0.1129,0.1129,0.1129,100
EVEX,05-Aug-2026,2.78,2.78,2.57,2.66,1599500
EVEX.WS,05-Aug-2026,0.1129,0.1129,0.1129,0.1129,175
EVF,05-Aug-2026,5,5,4.96,4.99,14800
EVG,05-Aug-2026,10.68,10.69,10.56,10.62,46000
EVH,05-Aug-2026,3.15,3.17,3,3.08,3091500
EVMN,05-Aug-2026,12.98,13.4,12.79,13.02,637800
EVN,05-Aug-2026,10.49,10.56,10.42,10.5,116400
EVR,05-Aug-2026,324.44,324.48,316.02,318.78,363700
EVT,05-Aug-2026,28.99,29.04,28.56,28.67,122600
EVTC,05-Aug-2026,33.99,34.41,30.78,31.31,707400
EVTL,05-Aug-2026,1.41,1.418,1.26,1.3,2176400
EVTR,05-Aug-2026,50.27,50.28,50.19,50.27,582700
EW,05-Aug-2026,89.7,91.02,88.54,88.97,3665500
EXG,05-Aug-2026,9.97,10.01,9.9,9.92,758900
EXK,05-Aug-2026,8.96,9.0479,8.685,8.96,8228400
EXP,05-Aug-2026,215.57,219.96,214.655,218.27,530100
EXPD,05-Aug-2026,185.48,187.735,177.7421,181.41,1650400
EXR,05-Aug-2026,150.34,150.44,148.49,150.04,898500
F,05-Aug-2026,14.33,14.485,14.13,14.13,41003500
F-B,05-Aug-2026,20.44,20.47,20.39,20.44,40600
F-C,05-Aug-2026,19.65,19.77,19.65,19.73,59800
F-D,05-Aug-2026,20.91,20.99,20.91,20.92,74000
FAF,05-Aug-2026,76.46,76.46,74.58,74.99,985700
FBIN,05-Aug-2026,52,52.92,50.48,52.29,5526500
FBK,05-Aug-2026,62.38,62.435,61.62,61.77,353800
FBP,05-Aug-2026,29.26,29.38,29.02,29.05,977100
FBR-E,05-Aug-2026,19.54,19.56,19.5101,19.5101,6500
FBRT,05-Aug-2026,7.69,7.75,7.515,7.55,1103100
FBRTpE,05-Aug-2026,19.54,19.56,19.5101,19.5101,5824
FC,05-Aug-2026,21.6,21.9,20.84,21.86,89000
FCBM,05-Aug-2026,12.65,12.75,12.6,12.6,75800
FCF,05-Aug-2026,21.94,21.965,21.645,21.68,663900
FCN,05-Aug-2026,158.47,158.47,153.08,153.17,375400
FCPT,05-Aug-2026,25.32,25.32,24.81,25.27,856300
FCR.U,05-Aug-2026,10.37,10.39,10.37,10.39,200
FCRS,05-Aug-2026,10.259,10.26,10.259,10.259,1800
FCRS.U,05-Aug-2026,10.37,10.39,10.37,10.39,200
FCX,05-Aug-2026,68.95,70.56,68.62,69.39,17116400
FDS,05-Aug-2026,280.55,280.55,273.24,278.03,729200
FDX,05-Aug-2026,312.5,313.735,309.07,310.72,1283000
FDXF,05-Aug-2026,143.06,145.91,142.5501,143.03,846200
FE,05-Aug-2026,48.23,49.0063,47.565,47.79,5717900
FEDU,05-Aug-2026,7.52,8.96,7.52,8.29,32400
FEGE,05-Aug-2026,52.23,52.33,51.915,52.01,380400
FENG,05-Aug-2026,1.46,1.46,1.46,1.46,100
FEOE,05-Aug-2026,56.22,56.3,55.7454,56.19,450700
FERG,05-Aug-2026,253.55,256.03,252.22,255.25,2483000
FET,05-Aug-2026,74.3,75.89,71.68,75.52,325200
FF,05-Aug-2026,4.99,4.99,4.87,4.95,165600
FFA,05-Aug-2026,23.19,23.235,23.12,23.2,30000
FFC,05-Aug-2026,16.18,16.205,16.1145,16.14,86300
FFLX,05-Aug-2026,9.66,9.66,9.615,9.66,65000
FG,05-Aug-2026,29.48,29.69,28.77,29.65,486600
FGN,05-Aug-2026,24.65,24.72,24.45,24.49,21400
FGSN,05-Aug-2026,20.85,21.01,20.63,20.7,25300
FHI,05-Aug-2026,67.2,67.2,63.885,64.07,789300
FHN,05-Aug-2026,26.26,26.43,26.09,26.17,5689800
FHN-E,05-Aug-2026,23.65,23.718,23.62,23.65,7200
FHN-F,05-Aug-2026,17.5,17.55,17.48,17.48,3800
FHN-H,05-Aug-2026,24.58,24.75,24.56,24.63,14000
FHNpE,05-Aug-2026,23.65,23.718,23.62,23.7078,5204
FHNpF,05-Aug-2026,17.5,17.55,17.5,17.5,2128
FICO,05-Aug-2026,1056,1107.63,1051,1091.55,320200
FIG,05-Aug-2026,27.48,28.48,27.165,28.15,45749500
FIGS,05-Aug-2026,10.8,11.07,10.73,10.92,2109300
FINS,05-Aug-2026,12.585,12.585,12.46,12.5,56500
FINV,05-Aug-2026,4.93,4.99,4.87,4.89,280100
FIRY,05-Aug-2026,9.22,9.88,9.17,9.88,269100
FIS,05-Aug-2026,43.89,44.45,42.1,42.84,9047200
FIT-A,05-Aug-2026,22.75,22.78,22.68,22.69,6000
FIT-I,05-Aug-2026,25.6,25.68,25.59,25.61,21300
FIT-K,05-Aug-2026,18.11,18.11,17.99,18,23300
FIT-M,05-Aug-2026,25.99,25.99,25.85,25.85,7500
FITB,05-Aug-2026,58.16,58.49,57.54,57.6,4585600
FIX,05-Aug-2026,1760.97,1810.99,1735.28,1737,441300
FIXT,05-Aug-2026,37.26,37.29,37.22,37.2658,35800
FLC,05-Aug-2026,16.9,16.9,16.815,16.84,7800
FLG,05-Aug-2026,14.28,14.395,14.21,14.3,3197700
FLG-A,05-Aug-2026,23.89,24.145,23.88,23.95,40500
FLG-U,05-Aug-2026,40.99,40.99,40.27,40.27,5000
FLGpA,05-Aug-2026,23.89,24.145,23.88,24.01,35186
FLGpU,05-Aug-2026,40.99,40.99,40.27,40.27,4324
FLNG,05-Aug-2026,30.8,30.82,30.13,30.2,229300
FLO,05-Aug-2026,7.38,7.43,7.249,7.39,4100300
FLOC,05-Aug-2026,20.5,21.0451,19.97,20.72,406600
FLR,05-Aug-2026,51.6,52.37,50.21,50.42,2974100
FLS,05-Aug-2026,79.35,80,78.62,78.67,1615100
FLUT,05-Aug-2026,97.71,98.5,89.71,92.91,15819700
FLXR,05-Aug-2026,38.87,38.92,38.87,38.91,453400
FMC,05-Aug-2026,10.53,11.07,10.5,10.78,3217200
FMN,05-Aug-2026,11.1,11.19,11.08,11.13,10000
FMS,05-Aug-2026,24.07,24.08,23.44,23.89,1431100
FMX,05-Aug-2026,126.7,127.65,123.98,124.37,629600
FMY,05-Aug-2026,11.56,11.56,11.46,11.4746,1800
FN,05-Aug-2026,522.22,545.52,511.2304,522.22,564500
FNB,05-Aug-2026,19.46,19.47,19.165,19.21,5239700
FND,05-Aug-2026,60.4,63.03,59.99,62.69,2352400
FNF,05-Aug-2026,51.81,51.94,50.74,51.1,1655600
FNV,05-Aug-2026,230.71,232.06,225.531,226.55,912900
FOA,05-Aug-2026,23.18,23.73,21.81,22.27,68400
FOF,05-Aug-2026,13.68,13.75,13.58,13.62,45400
FOR,05-Aug-2026,29.23,29.71,28.2613,29.58,87500
FOU-A,05-Aug-2026,67.98,68.16,65.64,66.16,89900
FOUR,05-Aug-2026,56,56.9554,52.94,53.38,1441700
FOURpA,05-Aug-2026,67.98,68.16,65.64,66.16,45981
FpB,05-Aug-2026,20.44,20.47,20.39,20.45,33079
FpC,05-Aug-2026,19.65,19.77,19.65,19.73,47123
FpD,05-Aug-2026,20.91,20.99,20.91,20.92,65172
FPF,05-Aug-2026,17.55,17.66,17.51,17.6,163400
FPH,05-Aug-2026,5.26,5.315,5.145,5.16,252000
FPI,05-Aug-2026,9.75,9.89,9.66,9.88,491200
FPS,05-Aug-2026,39,39.92,38.25,38.49,6895800
FR,05-Aug-2026,64.45,64.45,63.78,64.17,1046800
FRA,05-Aug-2026,10.88,10.8812,10.822,10.84,141500
FRO,05-Aug-2026,39.09,39.32,37.91,37.97,2258400
FRT,05-Aug-2026,123.15,123.17,121.38,121.83,834600
FRT-C,05-Aug-2026,19.1,19.245,19.1,19.16,8200
FRTpC,05-Aug-2026,19.1,19.245,19.1,19.16,6582
FSCO,05-Aug-2026,4.96,4.965,4.91,4.93,1047600
FSK,05-Aug-2026,11.46,11.49,10.885,11.04,2834700
FSM,05-Aug-2026,9.48,9.735,9.415,9.6,8823100
FSS,05-Aug-2026,132.89,133.78,129.92,130.18,360200
FSSL,05-Aug-2026,11.35,11.39,11.16,11.23,195500
FT,05-Aug-2026,7.9,7.92,7.8658,7.89,52100
FTHY,05-Aug-2026,13.54,13.6199,13.4,13.5,175300
FTI,05-Aug-2026,70.6,71.08,69.03,69.27,3364000
FTK,05-Aug-2026,33.47,37.3948,32.72,36.07,1552400
FTR.U,05-Aug-2026,10.11,10.11,10.08,10.1,15200
FTRA,05-Aug-2026,9.85,9.86,9.85,9.86,200
FTS,05-Aug-2026,56.88,56.88,56.0971,56.3,1060300
FTV,05-Aug-2026,60.64,61.56,60.185,61.34,2572500
FTW,05-Aug-2026,11.59,11.59,11.34,11.39,89000
FTW.W,05-Aug-2026,1.5,1.5,1.46,1.46,2000
FTWO,05-Aug-2026,45.34,45.41,44.99,45.27,6000
FUBO,05-Aug-2026,8.64,10.685,8.3,10.66,3759800
FUL,05-Aug-2026,58.32,59.65,58.32,59.56,536300
FUN,05-Aug-2026,17.96,18.795,17.7701,18.75,2484300
FVR,05-Aug-2026,20.22,20.22,19.8908,20.18,176200
FVRR,05-Aug-2026,9.66,9.77,9.32,9.45,731200
FXED,05-Aug-2026,17.32,17.44,17.32,17.38,5100
G,05-Aug-2026,36.05,36.12,34.92,35.27,1997100
GAB,05-Aug-2026,5.73,5.77,5.7,5.71,747900
GAB-G,05-Aug-2026,19.83,19.84,19.75,19.79,2200
GAB-H,05-Aug-2026,19.61,19.73,19.61,19.66,5100
GAB-K,05-Aug-2026,19.73,19.8768,19.72,19.7201,4100
GABpG,05-Aug-2026,19.825,19.84,19.75,19.84,1715
GABpH,05-Aug-2026,19.61,19.73,19.61,19.66,4189
GABpK,05-Aug-2026,19.73,19.8768,19.72,19.7201,3439
GAM,05-Aug-2026,67.07,67.07,65.8957,66.29,18600
GAM-B,05-Aug-2026,24.85,24.86,24.8001,24.85,5400
GAMpB,05-Aug-2026,24.85,24.86,24.8001,24.85,5116
GAP,05-Aug-2026,20.81,20.98,20.5,20.57,3777300
GATX,05-Aug-2026,181.77,182.84,179.15,179.52,213500
GBAB,05-Aug-2026,14,14,13.9,13.95,73400
GBCI,05-Aug-2026,51.09,51.46,49.99,50,1109400
GBTG,05-Aug-2026,9.45,9.45,9.42,9.43,1880500
GBX,05-Aug-2026,50.9,50.95,49.62,49.71,203300
GCO,05-Aug-2026,39.44,40.24,39.22,39.26,143200
GCT.W,05-Aug-2026,0.45,0.45,0.37,0.37,26200
GCTS,05-Aug-2026,2.28,2.42,2.23,2.27,2539800
GCTS.WS,05-Aug-2026,0.45,0.45,0.37,0.37,24607
GCV,05-Aug-2026,4.71,4.71,4.6464,4.66,20400
GD,05-Aug-2026,388.55,389.5,381.35,384.08,834600
GDDY,05-Aug-2026,90,92.7299,89.215,91.77,1972200
GDIV,05-Aug-2026,19.11,19.11,19.03,19.0794,6900
GDL,05-Aug-2026,8.43,8.449,8.43,8.44,7900
GDO,05-Aug-2026,10.3,10.36,10.3,10.3,49700
GDOT,05-Aug-2026,13.2,13.48,13.095,13.48,549300
GDV,05-Aug-2026,30.32,30.425,30.1501,30.18,106900
GDV-H,05-Aug-2026,21.1886,21.266,21.1886,21.1886,800
GDV-K,05-Aug-2026,17,17.05,16.77,16.8,11700
GDVpH,05-Aug-2026,21.1886,21.266,21.1886,21.1886,601
GDVpK,05-Aug-2026,17,17.05,16.77,16.8,10042
GE,05-Aug-2026,379.34,384.51,378.7375,381.22,3160800
GEF,05-Aug-2026,89.08,90.565,88.72,90.12,276300
GEF.B,05-Aug-2026,110,112.905,109,111.6,57900
GEL,05-Aug-2026,14.99,15.205,14.72,14.86,235300
GENI,05-Aug-2026,8.29,8.59,8.1,8.33,16043800
GEO,05-Aug-2026,31.71,32.11,30.545,31.42,2775400
GETY,05-Aug-2026,0.5149,0.5149,0.4563,0.4752,1933500
GEV,05-Aug-2026,1019,1038.147,1009.3,1017.96,1704100
GF,05-Aug-2026,11.55,11.635,11.3,11.41,25000
GFF,05-Aug-2026,97.04,104.69,97.04,102.81,785400
GFI,05-Aug-2026,36.92,37.86,36.72,37.29,5872900
GFL,05-Aug-2026,42.42,42.575,40.955,41.19,1744800
GFR,05-Aug-2026,5.92,6.055,5.76,5.85,163200
GGB,05-Aug-2026,4.91,5.18,4.8801,5.14,20741600
GGG,05-Aug-2026,82.5,82.6285,81.73,82.5,1159300
GGT,05-Aug-2026,4.14,4.16,4.13,4.15,160400
GGT-E,05-Aug-2026,20.01,20.02,20,20.0001,2500
GGT-G,05-Aug-2026,20.07,20.09,20,20,7900
GGTpE,05-Aug-2026,20.01,20.02,20,20.0001,1582
GGTpG,05-Aug-2026,20.07,20.09,20,20,6101
GGZ,05-Aug-2026,16.67,16.7302,16.67,16.67,9200
GHC,05-Aug-2026,1215.32,1223.99,1201.572,1212.77,20300
GHG,05-Aug-2026,1.13,1.14,1.13,1.13,3100
GHI,05-Aug-2026,5.9,5.9599,5.76,5.8,47300
GHM,05-Aug-2026,105.74,108.16,104.367,104.47,123000
GHY,05-Aug-2026,11.78,11.8,11.71,11.77,153100
GIB,05-Aug-2026,74.88,75.27,72.55,72.61,506600
GIC,05-Aug-2026,39.03,40.26,37.35,38.74,280700
GIL,05-Aug-2026,56.77,58.92,56.62,58.09,2629500
GIS,05-Aug-2026,36.38,36.38,35.6,35.93,8193600
GJH,05-Aug-2026,9.29,9.35,9,9.35,4700
GJO,05-Aug-2026,24.72,24.72,24.72,24.72,400
GJP,05-Aug-2026,24.72,24.73,24.72,24.72,1100
GJS,05-Aug-2026,23.12,23.23,23.12,23.18,600
GKOS,05-Aug-2026,172.01,172.01,167.81,170.93,705700
GL,05-Aug-2026,184.47,185.14,182.275,183.86,654200
GL-D,05-Aug-2026,15.42,15.42,15.375,15.39,6200
GLAS,05-Aug-2026,9.95,10.1399,9.12,9.26,637900
GLED,05-Aug-2026,9.94,9.95,9.93,9.95,9700
GLO-A,05-Aug-2026,25.4,25.51,25.4,25.51,400
GLO-B,05-Aug-2026,26.14,26.14,25.9,25.9,2100
GLO-C,05-Aug-2026,25.7,25.83,25.7,25.725,1200
GLOB,05-Aug-2026,38.12,38.56,37.17,38.38,1202700
GLOPpA,05-Aug-2026,25.4,25.51,25.4,25.51,350
GLOPpB,05-Aug-2026,26.14,26.14,25.9,25.9,1545
GLOPpC,05-Aug-2026,25.7,25.83,25.7,25.725,852
GLP,05-Aug-2026,49.46,49.59,48.5,48.65,67800
GLpD,05-Aug-2026,15.42,15.42,15.375,15.39,4083
GLW,05-Aug-2026,156.24,162.6,155.8485,156.7,8877800
GM,05-Aug-2026,88.46,89.98,88.255,89.16,6860200
GME,05-Aug-2026,19.28,19.345,18.9301,19.01,8358000
GME.W,05-Aug-2026,1.86,1.86,1.76,1.76,289800
GME.WS,05-Aug-2026,1.86,1.86,1.76,1.76,255201
GMED,05-Aug-2026,80.71,81.16,79.87,80.54,1394400
GMMF,05-Aug-2026,100.27,100.27,100.26,100.27,31200
GMRS,05-Aug-2026,12.37,12.49,12.135,12.23,186000
GNE,05-Aug-2026,13.87,14.12,13.82,14.12,89200
GNK,05-Aug-2026,26.13,26.3499,25.55,25.57,405600
GNL,05-Aug-2026,8.66,8.67,8.43,8.62,2806300
GNL-A,05-Aug-2026,22.98,22.98,22.86,22.86,2700
GNL-B,05-Aug-2026,21.92,21.92,21.75,21.75,1600
GNL-D,05-Aug-2026,23.66,23.675,23.66,23.675,1200
GNL-E,05-Aug-2026,22.95,23.0522,22.95,23.0522,2900
GNLpA,05-Aug-2026,22.98,22.98,22.882,22.895,654
GNLpB,05-Aug-2026,21.92,21.92,21.75,21.75,450
GNLpD,05-Aug-2026,23.66,23.675,23.66,23.675,450
GNLpE,05-Aug-2026,22.95,23.0522,22.95,23.0522,2152
GNRC,05-Aug-2026,218.39,226,217.37,217.41,1568900
GNT,05-Aug-2026,8.22,8.35,8.22,8.35,96900
GNT-A,05-Aug-2026,20.1249,20.1249,20.1249,20.1249,500
GNTpA,05-Aug-2026,20.1249,20.1249,20.1249,20.1249,500
GNW,05-Aug-2026,9.79,9.8146,9.64,9.69,2459900
GOF,05-Aug-2026,10.52,10.54,10.48,10.51,834700
GOLD,05-Aug-2026,44.85,44.964,43.27,43.33,496900
GOLF,05-Aug-2026,102.71,103.94,101.01,103.15,351800
GOOS,05-Aug-2026,9.01,9.11,8.81,8.82,1155700
GOTU,05-Aug-2026,1.86,1.9052,1.85,1.88,334700
GPC,05-Aug-2026,132.25,133.21,131.1,131.32,884600
GPGI,05-Aug-2026,15.77,15.77,15.05,15.22,1199600
GPI,05-Aug-2026,290.33,293.625,277.07,277.6,155600
GPJA,05-Aug-2026,20.89,20.9564,20.74,20.74,18100
GPK,05-Aug-2026,11.77,11.95,11.62,11.9,6171900
GPM-A,05-Aug-2026,18.42,18.52,18.42,18.5,4400
GPMT,05-Aug-2026,1.48,1.52,1.44,1.5,318800
GPMTpA,05-Aug-2026,18.42,18.52,18.42,18.5,3073
GPN,05-Aug-2026,87.78,90.85,86,87.48,4160400
GPOR,05-Aug-2026,155.78,156.79,152.8,156.13,533900
GPRK,05-Aug-2026,9.44,9.64,9.25,9.49,281600
GRB-A,05-Aug-2026,22.93,23.1999,22.56,22.8,6900
GRBK,05-Aug-2026,71.62,73.53,71.62,73.23,202400
GRBKpA,05-Aug-2026,22.93,23.1999,22.56,22.8,5762
GRC,05-Aug-2026,85.15,87.02,84.37,85.22,168600
GRDN,05-Aug-2026,40.17,41.1099,40.17,40.5,164300
GRMN,05-Aug-2026,308.84,309.21,301.92,302.55,1017100
GRND,05-Aug-2026,17.9,17.99,17.5521,17.78,1820400
GRNT,05-Aug-2026,4.77,4.77,4.57,4.63,591700
GROV,05-Aug-2026,1.11,1.11,1.04,1.11,15200
GRX,05-Aug-2026,9.71,9.8,9.71,9.75,11100
GS,05-Aug-2026,1063.71,1077.21,1060.02,1060.38,1648000
GS-A,05-Aug-2026,19.1,19.16,19.0637,19.16,77700
GS-C,05-Aug-2026,19.12,19.12,19.06,19.08,15900
GS-D,05-Aug-2026,18.8,18.83,18.74,18.83,104100
GSBD,05-Aug-2026,8.9,8.91,8.8,8.83,795900
GSK,05-Aug-2026,52.06,52.12,51.36,51.46,2483300
GSL,05-Aug-2026,43.28,43.525,41.98,42.69,410200
GSL-B,05-Aug-2026,27.17,27.17,26.75,26.9,4800
GSLpB,05-Aug-2026,27.17,27.17,26.75,26.9,3873
GSpA,05-Aug-2026,19.1,19.16,19.0637,19.16,75408
GSpC,05-Aug-2026,19.12,19.12,19.06,19.08,13956
GSpD,05-Aug-2026,18.8,18.83,18.74,18.83,94207
GTES,05-Aug-2026,29.61,29.9225,29.23,29.3,2632100
GTN,05-Aug-2026,4.3,4.36,4.24,4.35,1214000
GTN.A,05-Aug-2026,6.61,6.61,6.61,6.61,500
GTY,05-Aug-2026,33.37,33.53,33.08,33.52,488400
GUG,05-Aug-2026,15.59,15.6,15.4,15.4,109800
GUT,05-Aug-2026,6.39,6.4313,6.33,6.36,155800
GUT-C,05-Aug-2026,21.14,21.33,21.09,21.205,2700
GUTpC,05-Aug-2026,21.14,21.33,21.09,21.205,2100
GVA,05-Aug-2026,123.2,125.98,122.265,123.33,1843700
GWH,05-Aug-2026,0.75,0.7668,0.725,0.729,206800
GWRE,05-Aug-2026,164.15,164.22,157.84,160.33,717100
GWW,05-Aug-2026,1302.83,1312.43,1283.22,1285.07,475700
GXO,05-Aug-2026,51.035,51.035,45.66,47.62,5519300
GYLD,05-Aug-2026,14.35,14.35,14.2671,14.28,4800
H,05-Aug-2026,174.17,181.35,174.17,178.91,880100
HAE,05-Aug-2026,86.02,86.94,83.32,83.6,1140200
HAFN,05-Aug-2026,7.54,7.59,7.27,7.27,1242000
HAL,05-Aug-2026,32.59,32.66,31.72,31.82,12502600
HASI,05-Aug-2026,38.52,38.52,38.01,38.17,790700
HAWK,05-Aug-2026,24.11,24.65,23.44,23.53,694900
HAYW,05-Aug-2026,16.11,16.32,16.0298,16.19,2043500
HBB,05-Aug-2026,23.45,24.99,23.45,23.87,22800
HBM,05-Aug-2026,25.35,26.25,25.35,25.9,4121400
HCA,05-Aug-2026,401.38,411.45,399.75,409.64,1124700
HCC,05-Aug-2026,82.72,85.26,82.46,84.3,825100
HCI,05-Aug-2026,180.46,181.07,177.58,178.47,85900
HCXY,05-Aug-2026,24.97,25.08,24.96,25.08,1400
HD,05-Aug-2026,350.155,354.55,348.15,353.14,3140300
HDB,05-Aug-2026,23.89,23.915,23.67,23.85,8861500
HE,05-Aug-2026,12.65,12.72,12.505,12.59,1668400
HEI,05-Aug-2026,369.73,371.455,365.05,366.8,348400
HEI.A,05-Aug-2026,262.5,268.415,262.5,266.46,172600
HEQ,05-Aug-2026,11.55,11.5662,11.48,11.52,15900
HESM,05-Aug-2026,40.5,40.5,39.87,40.12,1530000
HF,05-Aug-2026,22.688,22.688,22.688,22.688,100
HFEQ,05-Aug-2026,24.85,24.86,24.69,24.69,5300
HFGM,05-Aug-2026,31.12,31.16,30.9,30.9465,62400
HFMF,05-Aug-2026,21.265,21.2847,21.26,21.2847,1200
HFND,05-Aug-2026,24.7,24.7,24.59,24.59,5900
HFR-A,05-Aug-2026,16.23,16.3,16.22,16.3,10700
HFR-B,05-Aug-2026,16.22,16.29,16.21,16.23,13600
HFRO,05-Aug-2026,7.33,7.4626,7.23,7.35,188700
HFROpA,05-Aug-2026,16.23,16.3,16.22,16.3,9472
HFROpB,05-Aug-2026,16.22,16.29,16.21,16.23,12752
HG,05-Aug-2026,35.59,35.81,34.77,35.22,510900
HGER,05-Aug-2026,31.87,32,31.75,31.91,723200
HGLB,05-Aug-2026,7.55,7.6302,7.43,7.51,52300
HGTY,05-Aug-2026,12.66,13.9699,12.65,13.52,484600
HGV,05-Aug-2026,46.31,48.075,46.13,47.09,1048700
HHH,05-Aug-2026,66.1,66.13,65.285,65.69,323600
HIG,05-Aug-2026,141.99,143.78,141.99,143.6,1440700
HIG-G,05-Aug-2026,24.53,24.56,24.51,24.51,14100
HIGpG,05-Aug-2026,24.53,24.56,24.51,24.51,10413
HII,05-Aug-2026,327.37,329.56,316.39,317.7,598500
HIMS,05-Aug-2026,31.59,32.415,31.1305,31.65,8377300
HIO,05-Aug-2026,3.54,3.57,3.54,3.56,176700
HIPO,05-Aug-2026,32.94,33.21,32.24,32.33,180800
HIW,05-Aug-2026,32.55,32.61,32.17,32.42,1146100
HIX,05-Aug-2026,3.94,3.95,3.92,3.93,254000
HKD,05-Aug-2026,1.7,1.71,1.66,1.69,109500
HL,05-Aug-2026,16.47,16.97,15.57,16.54,46812200
HL-B,05-Aug-2026,64.25,64.25,64.25,64.25,200
HLF,05-Aug-2026,12.61,12.8952,12.38,12.6,2167700
HLI,05-Aug-2026,128.29,129.4,126.685,128.19,966700
HLIO,05-Aug-2026,80.98,82.42,80.6,82.39,338500
HLLY,05-Aug-2026,2.8,3.105,2.47,3.04,1841800
HLN,05-Aug-2026,9.94,9.97,9.79,9.95,8633300
HLpB,05-Aug-2026,64.25,64.25,64.25,64.25,100
HLT,05-Aug-2026,313.2,324.86,312.07,324.56,2043200
HLX,05-Aug-2026,9.59,9.59,9.2501,9.32,1933100
HMC,05-Aug-2026,31.53,31.89,30.52,30.6,1756000
HMN,05-Aug-2026,52.16,52.45,51.735,52.1,193300
HMY,05-Aug-2026,18.08,18.395,17.94,18.08,3824700
HNGE,05-Aug-2026,76.46,89.78,75.19,80.79,3965600
HNI,05-Aug-2026,48.2,48.96,47.855,48.6,578400
HOG,05-Aug-2026,26.55,26.74,26.07,26.19,2152200
HOMB,05-Aug-2026,31.53,31.6,31.18,31.21,1409600
HOV,05-Aug-2026,135.61,141.09,134.61,137.94,151000
HP,05-Aug-2026,34.63,34.63,33.27,33.28,874400
HPE,05-Aug-2026,52,54.6299,51.7,53.22,17337900
HPE-C,05-Aug-2026,133.17,141.08,133.17,137.995,336600
HPEpC,05-Aug-2026,133.17,141.08,133.17,137.995,23383
HPF,05-Aug-2026,15.91,15.96,15.855,15.91,37600
HPI,05-Aug-2026,16.18,16.18,16.1,16.11,37300
HPP,05-Aug-2026,13.32,15.56,12.67,14.97,1420800
HPP-C,05-Aug-2026,14.35,14.42,14.35,14.42,2900
HPPpC,05-Aug-2026,14.35,14.42,14.35,14.42,200
HPQ,05-Aug-2026,28.65,29.255,28.05,28.52,14545200
HPS,05-Aug-2026,14.35,14.35,14.24,14.29,48900
HQH,05-Aug-2026,22.51,22.8599,22.51,22.6,263500
HQL,05-Aug-2026,19.74,20.1787,19.74,19.9,149800
HR,05-Aug-2026,20.32,20.435,20.09,20.39,4431800
HRB,05-Aug-2026,46.5,46.59,45.04,45.88,2465800
HRI,05-Aug-2026,171.49,172.97,168.02,168.83,580100
HRL,05-Aug-2026,25.43,25.465,25.1,25.23,2430200
HRTG,05-Aug-2026,30.11,30.555,29.97,30.23,283400
HSBC,05-Aug-2026,101.99,102.96,101.73,102.68,2764800
HSHP,05-Aug-2026,16.1,16.11,15.42,15.47,257300
HSY,05-Aug-2026,180,180.08,177.81,179.58,1256300
HTB,05-Aug-2026,52.12,52.12,51.525,51.69,253500
HTD,05-Aug-2026,25.67,25.69,25.2601,25.39,74700
HTFC,05-Aug-2026,24.9,24.9,24.882,24.9,2300
HTGC,05-Aug-2026,16.9,16.92,16.58,16.69,1753300
HTH,05-Aug-2026,40.25,40.25,39.5907,39.78,242000
HTT,05-Aug-2026,2.55,2.59,2.54,2.56,69800
HUBB,05-Aug-2026,504.47,517.185,499.83,513.58,655500
HUBS,05-Aug-2026,252.88,257.97,239.08,250.21,4099200
HUM,05-Aug-2026,362.8,367.92,353.69,363.82,1492800
HUN,05-Aug-2026,10.45,10.54,10.085,10.14,3489100
HUYA,05-Aug-2026,2.58,2.58,2.43,2.43,305000
HVT,05-Aug-2026,29,29.18,27.625,28.86,264900
HVT.A,05-Aug-2026,31.301,32.5,31.301,32.5,400
HWM,05-Aug-2026,289.25,292.88,288.965,291.42,2227200
HXL,05-Aug-2026,104.51,106.16,103.335,104.33,681100
HY,05-Aug-2026,35.53,41.3,34,40.47,374800
HYBX,05-Aug-2026,29.49,29.59,29.455,29.455,2900
HYI,05-Aug-2026,10.54,10.54,10.48,10.54,19100
HYT,05-Aug-2026,8.42,8.44,8.4,8.42,797600
HYTR,05-Aug-2026,21.34,21.3401,21.325,21.332,34000
HZO,05-Aug-2026,36.39,37.16,35.9,36.02,382300
IAE,05-Aug-2026,8.75,8.85,8.63,8.7,121300
IAG,05-Aug-2026,15.6,16.25,15.53,15.89,6992100
IBM,05-Aug-2026,236.1,238.9627,233.46,235.92,5726800
IBN,05-Aug-2026,30.44,30.5,30.31,30.4,6592000
IBP,05-Aug-2026,233.93,244.455,233.93,241.51,430200
IBTA,05-Aug-2026,37.6,38.6211,34.47,35.32,570500
ICE,05-Aug-2026,150,150.61,147.58,149.84,4533400
ICL,05-Aug-2026,5.27,5.29,5.195,5.23,1465400
ICR-A,05-Aug-2026,23.34,23.34,23.125,23.125,2300
ICRpA,05-Aug-2026,23.34,23.34,23.125,23.125,1326
IDA,05-Aug-2026,143.14,143.62,141.4901,143.24,416100
IDE,05-Aug-2026,13.17,13.2436,13.05,13.08,64900
IDT,05-Aug-2026,67.57,67.57,65.66,66.03,165700
IEX,05-Aug-2026,237.34,240.05,234.59,236.98,444700
IFF,05-Aug-2026,83.83,89.315,83.83,88.07,3440900
IFN,05-Aug-2026,11.86,11.88,11.82,11.83,131700
IFS,05-Aug-2026,59.15,60.33,59.08,59.25,217800
IGA,05-Aug-2026,10.26,10.265,10.14,10.15,50400
IGCB,05-Aug-2026,45.0795,45.0795,45.0795,45.0795,100
IGD,05-Aug-2026,6.51,6.53,6.47,6.47,307200
IGI,05-Aug-2026,16,16,15.74,15.765,13400
IGR,05-Aug-2026,4.72,4.73,4.665,4.69,686800
IH,05-Aug-2026,1.325,1.325,1.325,1.325,2600
IHD,05-Aug-2026,7.49,7.49,7.3,7.42,146800
IHG,05-Aug-2026,156.47,161.37,156.42,160.72,317700
IHS,05-Aug-2026,8.21,8.23,8.115,8.18,585200
IIF,05-Aug-2026,23.28,23.6739,23.09,23.32,27900
IIIN,05-Aug-2026,33.19,33.315,32.57,32.82,182800
IIM,05-Aug-2026,12.61,12.65,12.57,12.58,74000
IIP-A,05-Aug-2026,25.165,25.165,25.001,25.15,30900
IIPR,05-Aug-2026,59.77,60.56,57.63,58.47,484100
IIPRpA,05-Aug-2026,25.165,25.165,25.001,25.15,25936
IMAX,05-Aug-2026,51.16,51.6,50.56,50.63,959100
INF.W,05-Aug-2026,5.84,6.11,5.67,5.7,15100
INFO,05-Aug-2026,28.56,28.56,28.395,28.3956,6800
INFQ,05-Aug-2026,11.12,11.34,10.84,10.85,5953000
INFY,05-Aug-2026,12.5,12.56,12.335,12.48,22907000
ING,05-Aug-2026,35.74,36.0499,35.65,35.92,4918000
INGM,05-Aug-2026,28.73,29.285,28.56,28.76,1323600
INGR,05-Aug-2026,105.57,106.46,101.8001,103.29,887400
INN,05-Aug-2026,6.85,6.9,6.712,6.82,788500
INN-E,05-Aug-2026,18.65,18.65,18.65,18.65,600
INN-F,05-Aug-2026,17.84,17.84,17.4302,17.7349,3400
INNpE,05-Aug-2026,18.65,18.65,18.65,18.65,485
INNpF,05-Aug-2026,17.84,17.84,17.4302,17.7349,3234
INR,05-Aug-2026,12.96,12.96,12.6326,12.76,175000
INSP,05-Aug-2026,63.32,63.342,59.76,60.09,1448100
INSW,05-Aug-2026,93.11,93.68,90.01,90.71,403000
INVH,05-Aug-2026,30.44,30.53,30.12,30.5,4377700
INVX,05-Aug-2026,31.39,31.4587,29.57,30.44,605400
ION.W,05-Aug-2026,29.29,29.3,28.84,29.14,3300
IONQ,05-Aug-2026,40.95,41.9,39.7,39.93,24378400
IONQ.WS,05-Aug-2026,29.29,29.3,28.84,29.14,2924
IOT,05-Aug-2026,39.04,39.65,38.13,38.73,3205400
IP,05-Aug-2026,41.51,42.87,41.51,42.25,5300100
IPB,05-Aug-2026,25.39,25.6,25.16,25.6,3700
IPI,05-Aug-2026,35.89,35.99,32.81,33.75,263400
IQI,05-Aug-2026,10.02,10.03,9.94,9.98,125400
IQV,05-Aug-2026,233.49,238.22,231.34,236.05,1557700
IR,05-Aug-2026,89.01,90.36,88.575,90,4190000
IRA.U,05-Aug-2026,10.315,10.315,10.315,10.315,100
IRM,05-Aug-2026,128.9,129.4,120.42,127.13,2711900
IRS,05-Aug-2026,15.06,15.07,14.92,14.93,46100
IRT,05-Aug-2026,17.32,17.32,16.995,17.09,4249900
ISD,05-Aug-2026,12.63,12.7,12.5002,12.61,184800
IT,05-Aug-2026,188.01,192.787,184.11,186.41,2355200
ITGR,05-Aug-2026,124.9,125.1,124.6924,125,1891400
ITT,05-Aug-2026,204.77,206.59,202.66,204.08,1548800
ITUB,05-Aug-2026,8.4,8.485,8.2,8.21,26570500
ITW,05-Aug-2026,296.17,297.5,293.58,297.32,907700
IVR,05-Aug-2026,7.4,7.445,7.3283,7.43,1995300
IVR-C,05-Aug-2026,25.05,25.06,24.975,25.01,21600
IVRpC,05-Aug-2026,25.05,25.06,24.975,25.05,19697
IVT,05-Aug-2026,34.1,34.25,33.28,33.49,1015200
IVZ,05-Aug-2026,32,32.44,31.75,32.01,6861800
IX,05-Aug-2026,41.54,41.61,41.17,41.31,237600
J,05-Aug-2026,144.91,151.975,142.3101,144.67,1547300
JAN,05-Aug-2026,31.77,31.77,30.02,30.49,3451900
JBGS,05-Aug-2026,11.52,12.34,11.51,12.2,1100100
JBI,05-Aug-2026,5.6,5.67,5.55,5.64,830900
JBK,05-Aug-2026,26.42,26.46,26.42,26.46,800
JBL,05-Aug-2026,337.39,346.56,337.06,338.62,1000100
JBND,05-Aug-2026,52.82,52.84,52.7599,52.82,1125500
JBS,05-Aug-2026,13.75,13.81,13.595,13.7,3576200
JBTM,05-Aug-2026,131.99,132.51,120.63,122.01,1595100
JCE,05-Aug-2026,17.03,17.145,16.75,16.77,44900
JCI,05-Aug-2026,152.23,157.06,152.23,153.65,4802700
JEF,05-Aug-2026,56,57.18,56,56.19,1861800
JELD,05-Aug-2026,1.83,1.92,1.76,1.81,2369000
JFR,05-Aug-2026,7.73,7.74,7.6961,7.73,372700
JGH,05-Aug-2026,12.65,12.65,12.5701,12.62,47900
JHI,05-Aug-2026,13.27,13.39,13.27,13.28,10400
JHS,05-Aug-2026,10.94,10.94,10.89,10.9,11600
JHX,05-Aug-2026,28.37,28.61,28.165,28.36,10995300
JILL,05-Aug-2026,19.3,19.39,18.8,19.21,89300
JKS,05-Aug-2026,15.86,16.14,15.38,15.78,927000
JLL,05-Aug-2026,368.93,373.29,363.9116,373.24,281400
JLS,05-Aug-2026,17.27,17.335,17.25,17.31,24400
JMIA,05-Aug-2026,6.15,6.15,5.86,5.87,1644600
JMKE,05-Aug-2026,23.29,23.9,22.4207,23.14,6374900
JMM,05-Aug-2026,5.81,5.85,5.79,5.8154,4100
JNJ,05-Aug-2026,255.25,259.32,254.47,257.59,6472600
JOB.W,05-Aug-2026,0.02,0.02,0.0076,0.0151,402100
JOBY,05-Aug-2026,7.94,8.01,7.74,7.8,30675100
JOBY.WS,05-Aug-2026,0.0171,0.02,0.0076,0.0151,398661
JOE,05-Aug-2026,64.62,65.36,64.2,64.93,235300
JOF,05-Aug-2026,11.89,11.9925,11.8738,11.97,201100
JPC,05-Aug-2026,7.75,7.765,7.7109,7.74,872100
JPM,05-Aug-2026,358.97,362.17,358.2,359.24,5269400
JPM-C,05-Aug-2026,24.89,25.02,24.89,24.94,132900
JPM-D,05-Aug-2026,23.83,23.87,23.75,23.75,121600
JPM-J,05-Aug-2026,19.04,19.09,18.95,18.98,93900
JPM-K,05-Aug-2026,18.09,18.09,17.99,17.99,112300
JPM-L,05-Aug-2026,18.4,18.42,18.28,18.33,227900
JPM-M,05-Aug-2026,16.94,16.96,16.82,16.84,167100
JPMpC,05-Aug-2026,24.89,25.02,24.89,24.95,109452
JPMpD,05-Aug-2026,23.83,23.87,23.76,23.76,102264
JPMpJ,05-Aug-2026,19.04,19.09,18.95,18.98,82017
JPMpK,05-Aug-2026,18.09,18.09,17.99,18,97732
JPMpL,05-Aug-2026,18.45,18.48,18.28,18.33,208879
JPMpM,05-Aug-2026,16.94,16.96,16.82,16.84,143885
JQC,05-Aug-2026,4.8,4.8,4.77,4.79,555100
JRI,05-Aug-2026,12.69,12.73,12.59,12.67,279100
JRS,05-Aug-2026,8.64,8.64,8.5101,8.6,51200
JXN,05-Aug-2026,134.29,137.43,133.41,134.56,739900
JXN-A,05-Aug-2026,25.54,25.68,25.54,25.57,17000
JXNpA,05-Aug-2026,25.54,25.68,25.54,25.57,8906
KAI,05-Aug-2026,335.85,339.51,305.475,337.12,270900
KB,05-Aug-2026,120.84,121.4999,120.03,120.68,218700
KBDC,05-Aug-2026,13.9,13.9,13.55,13.69,260300
KBH,05-Aug-2026,57.25,59.33,57.125,58.96,895500
KBR,05-Aug-2026,38,38.14,36.2161,36.33,1364000
KCA.U,05-Aug-2026,10.4,10.4,10.4,10.4,1400
KD,05-Aug-2026,14.3,14.345,12.85,13.9,9374200
KEN,05-Aug-2026,65.6,65.6,64.3,64.3,17500
KEP,05-Aug-2026,12.46,12.5,12.31,12.36,856500
KEX,05-Aug-2026,134.38,134.58,130.45,131.1,601700
KEY,05-Aug-2026,23.12,23.35,22.87,23.09,9410800
KEY-I,05-Aug-2026,25.26,25.31,25.2501,25.26,19700
KEY-J,05-Aug-2026,21.54,21.54,21.37,21.47,40700
KEY-K,05-Aug-2026,21.49,21.54,21.3401,21.37,26400
KEY-L,05-Aug-2026,25.29,25.37,25.21,25.21,20200
KEYpI,05-Aug-2026,25.26,25.31,25.2501,25.26,15245
KEYpJ,05-Aug-2026,21.54,21.54,21.37,21.48,31059
KEYpK,05-Aug-2026,21.49,21.54,21.3401,21.37,20201
KEYpL,05-Aug-2026,25.29,25.37,25.21,25.21,13223
KEYS,05-Aug-2026,338.4,343.2,335.67,336.02,932800
KF,05-Aug-2026,60.99,62.088,60.03,60.47,21300
KFRC,05-Aug-2026,58.8,58.82,56.69,58.63,202500
KFY,05-Aug-2026,83.95,83.95,81.736,83.48,261900
KGC,05-Aug-2026,25,25.85,24.94,25.7,14448400
KGS,05-Aug-2026,58.63,59.36,57.305,57.85,1191100
KIM,05-Aug-2026,25.06,25.3164,24.675,24.87,5770700
KIM-L,05-Aug-2026,19.37,19.395,19.2888,19.29,10400
KIM-M,05-Aug-2026,19.78,19.78,19.68,19.72,8900
KIMpL,05-Aug-2026,19.37,19.395,19.2888,19.2888,7622
KIMpM,05-Aug-2026,19.78,19.78,19.68,19.735,5618
KIO,05-Aug-2026,11.05,11.1,11.0087,11.05,149600
KKR,05-Aug-2026,108.99,109.62,104.02,105.65,3995900
KKR-D,05-Aug-2026,46,46,44.5,45.05,66700
KKRpD,05-Aug-2026,45.85,46,44.5,45.05,60086
KKRS,05-Aug-2026,16.15,16.18,16.12,16.12,13400
KKRT,05-Aug-2026,23.29,23.3,23.12,23.18,44300
KLAR,05-Aug-2026,20.71,20.925,20.16,20.37,2656400
KLC,05-Aug-2026,5.49,5.57,5.2,5.28,454100
KMI,05-Aug-2026,31.32,31.49,30.91,31.12,8290500
KMPB,05-Aug-2026,24.78,24.78,24.67,24.675,12100
KMPR,05-Aug-2026,29.4,29.59,28.97,29.27,708200
KMT,05-Aug-2026,40.5,41.12,33.875,34.16,3356300
KMX,05-Aug-2026,58.28,59.29,56.22,56.67,2235900
KN,05-Aug-2026,40.04,40.73,39.5,39.53,787400
KNF,05-Aug-2026,69.99,70.6799,66.45,67.79,1939100
KNOP,05-Aug-2026,10.52,10.59,10.23,10.44,111300
KNSL,05-Aug-2026,364.78,372.355,361.0572,370.97,327100
KNTK,05-Aug-2026,49,49.02,47.8,48.35,972000
KNX,05-Aug-2026,71.42,71.86,70.57,70.81,2650600
KO,05-Aug-2026,87.05,87.15,86.185,86.83,15868600
KODK,05-Aug-2026,10.025,10.025,9.29,9.86,2567800
KOF,05-Aug-2026,109.44,110.85,107.4,108.28,173100
KOP,05-Aug-2026,51.68,52.0475,50.9601,51.03,156000
KOS,05-Aug-2026,2.39,2.42,2.31,2.35,19114700
KR,05-Aug-2026,58.12,58.29,56.395,56.68,6003200
KRC,05-Aug-2026,39.17,39.385,38.61,38.65,1688400
KRE-A,05-Aug-2026,18.14,18.32,18.14,18.27,6100
KREF,05-Aug-2026,7.23,7.275,7.07,7.22,916700
KREFpA,05-Aug-2026,18.14,18.32,18.14,18.27,4958
KRG,05-Aug-2026,27.55,27.68,27.215,27.36,3730700
KRMN,05-Aug-2026,54.46,57.17,53.18,55.12,2584500
KRO,05-Aug-2026,6.19,6.3,5.81,6.21,427300
KRP,05-Aug-2026,14.6,14.64,14.385,14.44,779300
KRS.U,05-Aug-2026,10.6201,10.68,10.6201,10.64,25600
KRS.W,05-Aug-2026,1.075,1.075,1.075,1.075,100
KRSP,05-Aug-2026,10.46,10.5,10.46,10.47,5000
KRSP.U,05-Aug-2026,10.6201,10.68,10.6201,10.68,2009
KSS,05-Aug-2026,19.95,20.38,19.55,19.66,2804000
KT,05-Aug-2026,18.5,18.595,18.18,18.18,1841500
KTB,05-Aug-2026,82.9,85.25,82.9,83.65,580400
KTF,05-Aug-2026,8.95,9,8.95,8.96,281400
KTH,05-Aug-2026,28.35,28.56,28.35,28.56,1100
KVUE,05-Aug-2026,19.53,19.67,19.065,19.67,32808000
KVYO,05-Aug-2026,19.11,19.75,18.99,19.3,13446400
KWR,05-Aug-2026,172.54,174.82,170.72,171.02,119700
KWY,05-Aug-2026,9.25,9.25,8.9,9.16,63200
KYN,05-Aug-2026,14.35,14.35,14.0086,14.09,408600
L,05-Aug-2026,117.01,117.01,114.29,115.74,668100
LAC,05-Aug-2026,3.134,3.134,3.03,3.09,8838100
LAD,05-Aug-2026,375.07,381.46,367.46,368.57,270700
LADR,05-Aug-2026,9.67,9.67,9.38,9.48,1320700
LANV,05-Aug-2026,1.16,1.3,1.1,1.26,148600
LAR,05-Aug-2026,6.56,6.6077,6.34,6.35,1681500
LAW,05-Aug-2026,3.86,4.13,3.46,4.05,307600
LAZ,05-Aug-2026,43.82,44.49,43.73,43.75,1075300
LB,05-Aug-2026,73.46,76.0482,72.64,75.63,263300
LBRT,05-Aug-2026,19.85,19.88,18.92,19.4,5788200
LCII,05-Aug-2026,107.45,109.61,106.43,107.17,332100
LCLN,05-Aug-2026,20.72,20.84,20.09,20.76,405700
LDI,05-Aug-2026,0.99,1.15,0.9891,1.04,2253500
LDOS,05-Aug-2026,129.64,132.0216,126.6701,126.85,2478900
LDP,05-Aug-2026,20.57,20.585,20.36,20.57,91100
LEA,05-Aug-2026,125.75,128.025,125.03,125.27,731900
LEG,05-Aug-2026,10.31,10.475,10.175,10.25,1809400
LEN,05-Aug-2026,86.18,88.09,86,87.88,1986700
LEN.B,05-Aug-2026,84.94,86.56,84.28,86.44,83200
LEO,05-Aug-2026,6.2,6.22,6.16,6.16,456000
LEU,05-Aug-2026,188.75,191,184.52,187.63,581600
LEVI,05-Aug-2026,24.55,25.01,24.55,24.75,1740600
LFT,05-Aug-2026,0.67,0.6736,0.6397,0.6498,454500
LFT-A,05-Aug-2026,17.38,17.4,17.35,17.3798,3100
LFTpA,05-Aug-2026,17.38,17.4,17.35,17.3798,2649
LGI,05-Aug-2026,18.26,18.4001,18.18,18.25,42400
LH,05-Aug-2026,313.41,315.435,310.905,313.96,502400
LHX,05-Aug-2026,286.8,290.49,284.39,286.12,1281600
LII,05-Aug-2026,442.77,456.5,442.77,446.87,744200
LION,05-Aug-2026,13.08,13.13,12.815,12.98,1809900
LITB,05-Aug-2026,3.26,3.27,3,3.17,5600
LLY,05-Aug-2026,1174,1216.94,1138.43,1169.86,6445600
LMND,05-Aug-2026,53.65,53.89,51.82,52.06,1191000
LMT,05-Aug-2026,593,593.6899,577.13,577.6,954700
LNC,05-Aug-2026,47.14,47.665,46.315,46.91,1860400
LNC-D,05-Aug-2026,26.48,26.48,26.3603,26.42,21000
LNCpD,05-Aug-2026,26.48,26.48,26.3603,26.44,14854
LND,05-Aug-2026,3.66,3.66,3.56,3.61,20400
LNG,05-Aug-2026,259.05,259.05,253.97,254.76,1622200
LNN,05-Aug-2026,117.37,118.365,114.64,114.82,128300
LOAR,05-Aug-2026,76.2,77.78,74.945,75.66,684400
LOB,05-Aug-2026,43.95,44.165,43.5,43.76,252800
LOB-A,05-Aug-2026,25.13,25.18,25.02,25.18,26200
LOBpA,05-Aug-2026,25.13,25.18,25.02,25.18,24061
LOCL,05-Aug-2026,1.04,1.04,1.02,1.03,5100
LOMA,05-Aug-2026,11.12,11.22,11.02,11.17,210500
LOW,05-Aug-2026,218.04,220.125,217.08,219.94,2360200
LPG,05-Aug-2026,45.12,46.2,42.76,43.05,837500
LPL,05-Aug-2026,3.21,3.33,3.21,3.26,3452200
LPX,05-Aug-2026,75,79.35,73.45,77.36,2151200
LRN,05-Aug-2026,87.46,87.75,81.82,82.58,3049100
LSPD,05-Aug-2026,10.54,10.54,10.19,10.35,1215200
LTC,05-Aug-2026,38.39,38.84,38.1691,38.72,457200
LTH,05-Aug-2026,45.2,45.45,44.05,45.31,2438200
LTM,05-Aug-2026,56.9,59.18,56.35,57.7,1684600
LU,05-Aug-2026,1.56,1.56,1.5,1.5,415700
LUCK,05-Aug-2026,6.73,6.82,6.64,6.79,63700
LUMN,05-Aug-2026,6.55,6.74,5.95,6.08,29880300
LUV,05-Aug-2026,48.77,49.725,48.62,48.79,5591500
LUXE,05-Aug-2026,8.56,8.61,8.38,8.5,84100
LVS,05-Aug-2026,46.49,47.44,45.755,45.85,7052000
LVW.W,05-Aug-2026,0.036,0.036,0.036,0.036,2100
LVWR,05-Aug-2026,1.43,1.45,1.24,1.24,892600
LVWR.WS,05-Aug-2026,0.036,0.036,0.036,0.036,2121
LW,05-Aug-2026,53.33,53.73,52.75,53.3,2080900
LXFR,05-Aug-2026,17.06,17.12,17.06,17.1,290100
LXP,05-Aug-2026,60.67,60.68,60.54,60.64,675200
LXP-C,05-Aug-2026,48.91,49,48.91,48.9501,3500
LXPpC,05-Aug-2026,48.91,49,48.91,48.9501,3309
LXU,05-Aug-2026,9.88,9.985,9.66,9.69,942700
LYB,05-Aug-2026,61.14,61.62,58.95,59.03,4263500
LYG,05-Aug-2026,6.26,6.3,6.23,6.25,20323300
LYV,05-Aug-2026,183.93,185.65,182.6023,183.52,1346100
LZB,05-Aug-2026,41.59,42.07,41.41,41.45,344200
LZM,05-Aug-2026,3.82,4.01,3.77,3.95,558900
LZM.W,05-Aug-2026,0.4,0.4,0.34,0.37,4700
LZM.WS,05-Aug-2026,0.4,0.4,0.34,0.37,4206
M,05-Aug-2026,26.1,26.4,25.43,25.51,3630800
MA,05-Aug-2026,575.74,578.2625,568.6,570.48,2432100
MAA,05-Aug-2026,133.76,134.75,132.86,134.56,781100
MAA-I,05-Aug-2026,52.26,52.26,52.26,52.26,4000
MAApI,05-Aug-2026,52.26,52.26,52.26,52.26,3710
MAC,05-Aug-2026,25.62,25.785,25.0205,25.39,2915600
MAGN,05-Aug-2026,13.6,13.78,13.285,13.54,324600
MAIN,05-Aug-2026,57.14,57.3824,55.85,56.11,532200
MAIR,05-Aug-2026,31.44,32.15,31,31.71,986700
MAN,05-Aug-2026,54.97,55.03,53.4501,54.39,588800
MANE,05-Aug-2026,108.62,114.3,107.68,111.34,936100
MANU,05-Aug-2026,22.58,22.86,22.2,22.27,207900
MAS,05-Aug-2026,76.4,77.765,76.11,77.32,2453500
MATV,05-Aug-2026,9.24,9.63,9.0882,9.57,525800
MATX,05-Aug-2026,214.32,215.39,205.24,205.51,410400
MAX,05-Aug-2026,12.5,12.5,12.14,12.33,1379400
MBC,05-Aug-2026,8.865,9.305,8.6,9.14,2427600
MBGL,05-Aug-2026,21.06,21.57,20.91,21.26,3331700
MBI,05-Aug-2026,5.27,5.32,5.19,5.31,362900
MC,05-Aug-2026,68.19,69.775,68.19,69.45,785900
MCB,05-Aug-2026,94.6,94.61,93.12,94.04,129700
MCD,05-Aug-2026,271.64,275.3,269.01,274,4775300
MCI,05-Aug-2026,16.23,16.465,16.23,16.41,35200
MCK,05-Aug-2026,840.4,879.48,840.4,877.23,1143300
MCN,05-Aug-2026,5.62,5.62,5.55,5.6,113700
MCO,05-Aug-2026,488.26,489.95,479.27,483.98,789700
MCS,05-Aug-2026,31.33,31.33,30.31,30.79,410500
MCY,05-Aug-2026,110.95,112,107.365,109.61,496600
MD,05-Aug-2026,24.94,26.44,24.94,25.99,1500600
MDA,05-Aug-2026,34.57,34.86,33.91,33.94,910100
MDST,05-Aug-2026,28.83,28.8903,28.6401,28.7,44300
MDT,05-Aug-2026,86.5,86.8258,85.01,85.99,4734000
MDU,05-Aug-2026,20.11,20.17,19.85,20.02,1738200
MDV,05-Aug-2026,16.86,17.15,16.7303,17.15,42400
MDV-A,05-Aug-2026,25.21,25.21,25.1762,25.2,1500
MDVpA,05-Aug-2026,25.21,25.21,25.1762,25.2,1304
MEC,05-Aug-2026,28.55,28.63,25.2,25.5,1438000
MED,05-Aug-2026,13.14,13.36,12.23,12.28,347500
MEGI,05-Aug-2026,15.45,15.47,15.05,15.15,190600
MEI,05-Aug-2026,14.8,17.61,14.48,17.26,1163200
MER-K,05-Aug-2026,25.27,25.29,25.18,25.21,73200
MERpK,05-Aug-2026,25.27,25.29,25.18,25.2,65204
MET,05-Aug-2026,96.5,97.255,95.49,96.26,4686200
MET-A,05-Aug-2026,21.01,21.16,20.95,20.96,36900
MET-E,05-Aug-2026,22.08,22.09,21.95,22.02,36700
MET-F,05-Aug-2026,18.22,18.2716,18.1,18.11,69600
METpA,05-Aug-2026,21.01,21.16,20.95,21.16,31756
METpE,05-Aug-2026,22.08,22.09,21.95,22.02,26193
METpF,05-Aug-2026,18.22,18.2716,18.1,18.13,54341
MFA,05-Aug-2026,9.05,9.135,8.845,9.06,3202600
MFA-B,05-Aug-2026,20.35,20.35,20.285,20.3499,5800
MFA-C,05-Aug-2026,23.27,23.3682,23.24,23.27,36000
MFAN,05-Aug-2026,24.97,25,24.9,24.98,27800
MFAO,05-Aug-2026,25.06,25.1,25.04,25.045,10200
MFApB,05-Aug-2026,20.35,20.35,20.285,20.3499,3815
MFApC,05-Aug-2026,23.27,23.3682,23.24,23.27,30086
MFC,05-Aug-2026,43.43,44.61,41.68,44.45,5137300
MFG,05-Aug-2026,10.79,10.86,10.695,10.7,4506600
MFM,05-Aug-2026,5.38,5.4,5.355,5.37,228500
MFSB,05-Aug-2026,24.68,24.7,24.67,24.6943,129700
MFSG,05-Aug-2026,30.88,30.88,30.42,30.42,60500
MFSI,05-Aug-2026,33.8,33.8699,33.735,33.78,245400
MFSM,05-Aug-2026,24.78,24.82,24.76,24.79,118900
MFSV,05-Aug-2026,29.96,29.96,29.7591,29.88,73400
MG,05-Aug-2026,16.07,16.07,15.65,15.82,148900
MGA,05-Aug-2026,70.06,71.96,70.06,71.76,1381900
MGF,05-Aug-2026,2.82,2.84,2.82,2.83,37800
MGM,05-Aug-2026,45.89,46.135,44.43,44.51,2956400
MGR,05-Aug-2026,20.27,20.27,20.09,20.12,11800
MGRB,05-Aug-2026,16.74,16.78,16.66,16.67,10800
MGRD,05-Aug-2026,15.04,15.05,15,15.04,12900
MGRE,05-Aug-2026,23.09,23.15,23,23,18600
MGY,05-Aug-2026,24.63,24.655,23.65,23.72,3664300
MH,05-Aug-2026,11.6,11.73,11.3,11.67,297700
MHD,05-Aug-2026,11.57,11.59,11.5,11.58,287600
MHF,05-Aug-2026,6.85,6.9,6.8,6.89,55300
MHK,05-Aug-2026,135.38,137.865,134.23,135.69,915300
MHNC,05-Aug-2026,12,12.25,12,12,3000
MHO,05-Aug-2026,148.65,152.17,148.65,150.54,256200
MIAX,05-Aug-2026,45.9,46.67,45.74,45.96,1757500
MICC,05-Aug-2026,19.07,19.07,18.78,18.85,984500
MIN,05-Aug-2026,2.42,2.44,2.42,2.44,110500
MIR,05-Aug-2026,16.08,16.33,15.37,15.41,4954600
MIT-A,05-Aug-2026,21.557,21.65,21.44,21.4601,1500
MIT-B,05-Aug-2026,20.37,20.45,20.33,20.4279,6200
MIT-C,05-Aug-2026,25.13,25.19,25.04,25.19,3900
MITP,05-Aug-2026,25.1,25.1,25.07,25.08,4100
MITT,05-Aug-2026,7.11,7.11,6.99,7.03,141200
MITTpA,05-Aug-2026,21.557,21.65,21.44,21.4601,1257
MITTpB,05-Aug-2026,20.37,20.45,20.33,20.4279,4698
MITTpC,05-Aug-2026,25.13,25.19,25.04,25.19,3274
MIY,05-Aug-2026,12.08,12.16,12.08,12.08,38000
MKC,05-Aug-2026,52.26,52.82,51.655,52.54,2291000
MKC.V,05-Aug-2026,52.33,52.99,51.701,52.47,28000
MKL,05-Aug-2026,1896.86,1904.64,1868,1878.03,71000
MLI,05-Aug-2026,68.46,69.33,68.042,69.26,1024700
MLM,05-Aug-2026,556.64,561.88,553.03,553.37,488700
MLP,05-Aug-2026,17.7,17.71,17.21,17.27,25200
MLR,05-Aug-2026,50.53,51.55,49.57,50.83,92600
MMD,05-Aug-2026,14.97,15.0099,14.91,14.93,94200
MMI,05-Aug-2026,30.79,31.25,30.45,31.24,108700
MMID,05-Aug-2026,27.4219,27.4219,27.4219,27.4219,100
MMK,05-Aug-2026,100.04,100.05,100.04,100.05,1100
MMKT,05-Aug-2026,100.24,100.24,100.22,100.23,6100
MMM,05-Aug-2026,181.09,183.38,181.09,182.08,2728500
MMS,05-Aug-2026,63.78,63.805,62.3601,63.15,516000
MMT,05-Aug-2026,4.37,4.39,4.37,4.38,210300
MMU,05-Aug-2026,10.09,10.0946,10,10.04,131800
MNR,05-Aug-2026,13.45,13.45,13.18,13.22,218900
MNSO,05-Aug-2026,12.4,12.5,12.28,12.29,449900
MNTN,05-Aug-2026,9.75,10.49,9.25,10.43,2468300
MO,05-Aug-2026,68.25,68.58,67.56,68.44,10632700
MOD,05-Aug-2026,197.39,207.75,194.53,194.61,1016700
MOG.A,05-Aug-2026,407.97,415.61,406.1826,408.57,214700
MOGU,05-Aug-2026,2.14,2.14,1.88,2.01,6600
MOH,05-Aug-2026,190.46,196.785,187.43,195.14,645900
MOS,05-Aug-2026,21.7,23.9,21.44,23.41,16529600
MOV,05-Aug-2026,39.39,39.845,38.73,39.02,133100
MP,05-Aug-2026,48.78,49.1876,47.22,47.91,7445700
MPA,05-Aug-2026,11.04,11.095,11.02,11.05,14600
MPC,05-Aug-2026,314.5,315.495,297.37,297.75,2778900
MPLX,05-Aug-2026,60.83,60.95,59.24,59.29,1998000
MPT,05-Aug-2026,4.65,4.67,4.59,4.66,2818000
MPV,05-Aug-2026,16.35,16.455,16.2,16.41,24500
MQY,05-Aug-2026,11.26,11.3099,11.23,11.29,424400
MRK,05-Aug-2026,129.41,131.09,127.555,128.33,10501800
MRP,05-Aug-2026,29.58,30.14,29.27,29.34,1123500
MRSH,05-Aug-2026,192.5,192.8808,190.18,191.47,2097200
MS,05-Aug-2026,218.135,220.115,217.1232,218.27,4344100
MS-A,05-Aug-2026,19,19.17,18.95,19.11,109100
MS-E,05-Aug-2026,25.5,25.52,25.47,25.49,58900
MS-F,05-Aug-2026,25.32,25.32,25.24,25.24,196300
MS-I,05-Aug-2026,24.95,24.98,24.85,24.86,55300
MS-K,05-Aug-2026,23.22,23.23,23.07,23.07,52200
MS-L,05-Aug-2026,19.34,19.37,19.24,19.28,32000
MS-O,05-Aug-2026,16.66,16.7,16.545,16.57,96500
MS-P,05-Aug-2026,25.14,25.23,25.12,25.21,61800
MS-Q,05-Aug-2026,25.49,25.49,25.4201,25.43,48800
MSA,05-Aug-2026,192.97,195.45,192.47,192.81,431900
MSB,05-Aug-2026,22.57,23.41,22.57,23.02,23700
MSC,05-Aug-2026,1.7,1.7,1.7,1.7,500
MSCI,05-Aug-2026,578.53,581.79,568.19,571.87,598500
MSD,05-Aug-2026,7.3,7.35,7.3,7.33,28600
MSDL,05-Aug-2026,15.25,15.3831,15.01,15.08,389900
MSGE,05-Aug-2026,78.37,79.49,77.4291,77.8,322200
MSGS,05-Aug-2026,396.05,396.07,389.27,391.35,163300
MSI,05-Aug-2026,444.49,445.87,436.58,438.14,1212100
MSIF,05-Aug-2026,11.64,11.64,11.3267,11.47,212500
MSM,05-Aug-2026,128.25,130.46,125.53,125.57,528400
MSpA,05-Aug-2026,19,19.17,18.95,19.11,101790
MSpE,05-Aug-2026,25.5,25.52,25.47,25.49,50856
MSpF,05-Aug-2026,25.32,25.32,25.25,25.25,182279
MSpI,05-Aug-2026,24.95,24.98,24.85,24.88,47101
MSpK,05-Aug-2026,23.22,23.23,23.08,23.08,39941
MSpL,05-Aug-2026,19.3374,19.37,19.24,19.26,26307
MSpO,05-Aug-2026,16.66,16.7,16.545,16.58,85864
MSpP,05-Aug-2026,25.14,25.23,25.12,25.21,49758
MSpQ,05-Aug-2026,25.49,25.49,25.4201,25.43,38812
MT,05-Aug-2026,74.12,75.66,74.12,75.35,1677000
MTAL,05-Aug-2026,10.23,10.23,10.175,10.19,43200
MTB,05-Aug-2026,254.26,254.415,251.25,251.94,1046100
MTB-H,05-Aug-2026,25.16,25.215,25.16,25.16,78400
MTB-J,05-Aug-2026,26.27,26.28,26.12,26.12,28500
MTB-K,05-Aug-2026,24,24,23.83,23.9,20600
MTB-L,05-Aug-2026,24.9,24.98,24.85,24.92,197200
MTBpH,05-Aug-2026,25.16,25.215,25.16,25.16,73925
MTBpJ,05-Aug-2026,26.27,26.28,26.12,26.12,20627
MTD,05-Aug-2026,1445.11,1474.19,1416.11,1421.52,187700
MTDR,05-Aug-2026,48.98,49.01,46.89,47.03,1699200
MTG,05-Aug-2026,30.88,30.92,30.37,30.59,1691900
MTH,05-Aug-2026,73.41,75.3,73.28,74.94,826000
MTN,05-Aug-2026,149.82,151.59,148.76,151.26,267100
MTN.U,05-Aug-2026,10.06,10.06,10.01,10.01,5400
MTN.W,05-Aug-2026,0.25,0.26,0.22,0.25,83300
MTR,05-Aug-2026,2.865,2.8763,2.85,2.85,4600
MTRN,05-Aug-2026,250.59,304.58,250.26,297.08,926200
MTUS,05-Aug-2026,22.02,22.58,21.54,21.62,549600
MTW,05-Aug-2026,14.59,14.59,14.19,14.25,209800
MTX,05-Aug-2026,75.77,77.23,75.3913,77.09,235800
MTZ,05-Aug-2026,270.49,284.14,266.67,266.75,1285900
MUA,05-Aug-2026,10.11,10.14,10.07,10.13,315300
MUA-,05-Aug-2026,0.0024,0.0059,0.0024,0.004,464000
MUC,05-Aug-2026,10.71,10.71,10.645,10.65,274900
MUFG,05-Aug-2026,22.57,22.64,22.4,22.42,3095400
MUJ,05-Aug-2026,12.05,12.0999,12.01,12.09,78700
MUR,05-Aug-2026,38.31,38.55,36,36.04,2366300
MUSA,05-Aug-2026,589.9,593.975,577.58,580.94,280600
MUSE,05-Aug-2026,49.32,49.455,49.32,49.455,100
MUX,05-Aug-2026,19.68,20.2,19.4,19.71,994700
MWA,05-Aug-2026,26.64,26.735,26.22,26.41,1375900
MX,05-Aug-2026,3.635,3.725,3.55,3.67,925900
MXE,05-Aug-2026,13.06,13.5512,13.06,13.16,2100
MXF,05-Aug-2026,21.81,22.15,21.66,21.76,21500
MYE,05-Aug-2026,36.65,36.65,35.33,35.35,321700
MYI,05-Aug-2026,10.78,10.85,10.7467,10.78,292400
MYN,05-Aug-2026,9.83,9.8399,9.69,9.76,550400
MZYX,05-Aug-2026,9.92,9.92,9.92,9.92,100
NABL,05-Aug-2026,5.25,5.25,4.93,4.99,1446500
NAC,05-Aug-2026,11.81,11.86,11.79,11.85,324100
NAD,05-Aug-2026,11.75,11.76,11.72,11.73,422900
NAN,05-Aug-2026,11.23,11.24,11.15,11.16,71900
NAT,05-Aug-2026,6.28,6.34,6.12,6.13,2468600
NATL,05-Aug-2026,48,48,46.22,46.81,913800
NAZ,05-Aug-2026,12.3,12.33,12.108,12.185,20400
NBB,05-Aug-2026,15.35,15.355,15.27,15.32,34900
NBHC,05-Aug-2026,43.65,43.65,43.04,43.24,242300
NBR,05-Aug-2026,83.64,84.9621,78.57,78.59,366500
NBXG,05-Aug-2026,15.46,15.49,15.22,15.22,215300
NC,05-Aug-2026,46.9268,47.73,46.9268,47.21,11400
NCA,05-Aug-2026,9.05,9.1899,9.01,9.09,89400
NCDL,05-Aug-2026,12.75,12.79,12.37,12.5,188200
NCLH,05-Aug-2026,20.15,20.61,20.01,20.3,11751900
NCV,05-Aug-2026,17.17,17.18,16.8501,17.18,86000
NCV-A,05-Aug-2026,20.45,20.53,20.45,20.5,4700
NCVpA,05-Aug-2026,20.45,20.53,20.45,20.49,1866
NCZ,05-Aug-2026,15.8,15.87,15.67,15.74,130000
NCZ-A,05-Aug-2026,20.08,20.14,20.08,20.14,1200
NCZpA,05-Aug-2026,20.08,20.14,20.08,20.14,700
NDMO,05-Aug-2026,9.95,9.96,9.87,9.92,241500
NE,05-Aug-2026,41.21,41.235,39.4,39.9,1074100
NEA,05-Aug-2026,11.34,11.37,11.31,11.32,536200
NEE,05-Aug-2026,86.9,87.025,84.97,85.91,11841000
NEE-N,05-Aug-2026,21.94,21.94,21.7116,21.75,63400
NEE-S,05-Aug-2026,53.21,53.21,52.51,52.96,78100
NEE-T,05-Aug-2026,49.24,49.24,48.48,48.76,150000
NEE-U,05-Aug-2026,24.34,24.34,24.08,24.1,50700
NEE-V,05-Aug-2026,47.23,47.499,46.97,47.32,133500
NEE-W,05-Aug-2026,24.14,24.14,23.92,23.94,33200
NEEpN,05-Aug-2026,21.94,21.94,21.7116,21.75,50733
NEEpS,05-Aug-2026,53.45,53.45,52.51,52.96,33079
NEEpT,05-Aug-2026,49.15,49.24,48.48,48.84,45456
NEEpU,05-Aug-2026,24.34,24.34,24.08,24.1,39696
NEM,05-Aug-2026,103.78,105.61,102.76,104.29,9539300
NET,05-Aug-2026,300.08,305,291,292.96,3962200
NEU,05-Aug-2026,894.15,900.8698,875.415,881.68,179300
NEXA,05-Aug-2026,13.98,14.46,13.875,14.05,1225700
NFG,05-Aug-2026,81.76,81.76,78.75,78.9,895800
NFJ,05-Aug-2026,15.5,15.56,15.4135,15.48,245400
NGG,05-Aug-2026,81.08,81.1498,79.85,80.26,761600
NGL,05-Aug-2026,17,18,16.15,17,550600
NGL-B,05-Aug-2026,25.53,25.7029,25.46,25.7029,13300
NGL-C,05-Aug-2026,25.44,25.985,25.44,25.76,3500
NGLpB,05-Aug-2026,25.53,25.7029,25.46,25.7029,11682
NGLpC,05-Aug-2026,25.44,25.985,25.44,25.76,3259
NGS,05-Aug-2026,37.5,37.715,35.98,36.68,110000
NGVC,05-Aug-2026,32.9,32.9,31.6,31.95,71300
NGVT,05-Aug-2026,75.26,77.49,74.59,77.11,339700
NHI,05-Aug-2026,74.72,75.33,69.95,75.04,283900
NI,05-Aug-2026,42.96,43.99,41.95,42.91,13564700
NIC,05-Aug-2026,175.6,175.8379,172.84,174.17,182800
NIE,05-Aug-2026,26.51,26.5592,26.215,26.3,55200
NIM,05-Aug-2026,9.27,9.3661,9.27,9.3,21800
NIO,05-Aug-2026,4.75,4.8,4.64,4.65,25929800
NIQ,05-Aug-2026,11.88,11.88,11.565,11.66,1060200
NJR,05-Aug-2026,56.12,56.82,54.92,55.4,1221200
NKE,05-Aug-2026,41.65,42.48,41.36,42.45,22088600
NKX,05-Aug-2026,12.21,12.25,12.195,12.25,152900
NL,05-Aug-2026,5.86,5.9,5.725,5.75,42500
NLOP,05-Aug-2026,11.88,11.95,11.7601,11.87,149900
NLY,05-Aug-2026,22.8,22.8,22.52,22.67,6636000
NLY-F,05-Aug-2026,25.84,25.93,25.84,25.91,23400
NLY-G,05-Aug-2026,25.31,25.31,25.25,25.3,19300
NLY-I,05-Aug-2026,25.89,25.9,25.7799,25.89,20900
NLY-J,05-Aug-2026,26.08,26.08,25.9883,26.04,15100
NLYpF,05-Aug-2026,25.84,25.93,25.84,25.91,19390
NLYpG,05-Aug-2026,25.31,25.31,25.25,25.3,15517
NLYpI,05-Aug-2026,25.89,25.9,25.7799,25.89,17156
NLYpJ,05-Aug-2026,26.08,26.08,25.9883,26.03,13078
NMAI,05-Aug-2026,14.27,14.3,14.19,14.29,67700
NMAX,05-Aug-2026,8.375,8.41,8.1425,8.41,632400
NMCO,05-Aug-2026,10.47,10.495,10.44,10.47,176500
NMG,05-Aug-2026,1.44,1.44,1.36,1.36,385400
NMI,05-Aug-2026,10.79,10.79,10.6935,10.7301,21400
NMM,05-Aug-2026,80.09,80.09,77.64,78.34,113700
NMR,05-Aug-2026,9.96,10.045,9.91,9.93,743500
NMS,05-Aug-2026,11.38,11.5699,11.38,11.47,49900
NMT,05-Aug-2026,12.63,12.7596,12.44,12.57,20400
NMZ,05-Aug-2026,10.15,10.23,10.15,10.16,455800
NNI,05-Aug-2026,136.78,136.78,135.06,135.84,98700
NNN,05-Aug-2026,47.87,47.87,46.73,47.36,1454300
NNY,05-Aug-2026,8.33,8.33,8.23,8.24,52500
NOA,05-Aug-2026,13.47,14.47,13.46,14.32,85500
NOAH,05-Aug-2026,8.47,8.47,8.14,8.27,110400
NOC,05-Aug-2026,555.88,557.57,549.77,557.47,628200
NOG,05-Aug-2026,20.42,20.42,19.66,19.77,2097100
NOK,05-Aug-2026,9.82,9.97,9.56,9.58,68253600
NOMD,05-Aug-2026,12.08,12.0865,11.75,11.81,771500
NOV,05-Aug-2026,19.99,20.05,19.42,19.5,3267100
NOW,05-Aug-2026,119.9,120,115.71,117.22,15596900
NP,05-Aug-2026,32.03,32.83,31.85,32.81,582700
NPB,05-Aug-2026,17.35,17.4,17.18,17.27,124400
NPCT,05-Aug-2026,9.79,9.8062,9.74,9.79,113100
NPFD,05-Aug-2026,18.4,18.45,18.2509,18.33,325600
NPK,05-Aug-2026,135.42,139.76,133.38,139.57,92100
NPKI,05-Aug-2026,13.66,13.925,13.49,13.58,803900
NPO,05-Aug-2026,337.93,348.12,327.39,328.53,265900
NPV,05-Aug-2026,10.82,10.8999,10.07,10.84,76900
NPW.W,05-Aug-2026,0.23,0.299,0.2249,0.2249,7000
NPWR,05-Aug-2026,1.55,1.5513,1.47,1.52,590400
NPWR.WS,05-Aug-2026,0.23,0.299,0.2249,0.2249,7000
NRDY,05-Aug-2026,0.82,0.8444,0.82,0.83,108000
NRE-A,05-Aug-2026,24.56,24.56,24.56,24.56,100
NREF,05-Aug-2026,17.2,17.31,16.8621,16.92,44500
NREFpA,05-Aug-2026,24.56,24.56,24.56,24.56,124
NRG,05-Aug-2026,118.37,124.71,117.78,120.73,6118600
NRGV,05-Aug-2026,3.28,3.28,3,3.01,3435000
NRK,05-Aug-2026,10.37,10.38,10.33,10.33,211800
NRP,05-Aug-2026,102,106.9899,101.636,105,124500
NRT,05-Aug-2026,8.8,9,8.67,8.68,40600
NRUC,05-Aug-2026,22.38,22.38,22.24,22.25,17600
NSC,05-Aug-2026,340.92,342,337.89,341.74,890700
NSP,05-Aug-2026,52.94,52.94,50.68,51.12,540200
NTB,05-Aug-2026,62.25,62.54,61.11,61.86,179400
NTEST.H,05-Aug-2026,25.03,25.03,25.03,25.03,360
NTEST.I,05-Aug-2026,25.05,25.05,25.05,25.05,320
NTEST.Y,05-Aug-2026,25.08,25.08,25.08,25.08,120
NTR,05-Aug-2026,67.5,67.84,66.02,66.92,3615000
NTST,05-Aug-2026,21.15,21.2,20.9,21.15,993500
NTZ,05-Aug-2026,1.3,1.34,1.3,1.34,300
NU,05-Aug-2026,14.5,14.6595,14.31,14.48,65782300
NUE,05-Aug-2026,276,280.11,272.74,274.74,2303000
NUS,05-Aug-2026,5.27,5.29,5.11,5.22,448900
NUV,05-Aug-2026,9.09,9.1,9.05,9.05,437000
NUVB,05-Aug-2026,6.49,6.57,6.34,6.37,5497200
NUW,05-Aug-2026,14,14,13.91,13.98,37300
NVG,05-Aug-2026,12.37,12.54,12.32,12.34,398700
NVGS,05-Aug-2026,21.8,22.0064,20.51,20.57,624500
NVO,05-Aug-2026,44.81,45.72,44.38,44.53,22275700
NVR,05-Aug-2026,6262,6413.96,6210.9,6365.78,42000
NVRI,05-Aug-2026,24.2,24.2,22.89,23.01,181500
NVS,05-Aug-2026,155.23,155.56,153.81,154.44,1177800
NVST,05-Aug-2026,27.97,28.68,27.6613,28.63,6998000
NVT,05-Aug-2026,160.33,166.91,159.76,162.04,1903400
NWA.U,05-Aug-2026,10.38,10.38,10.36,10.37,4200
NWA.W,05-Aug-2026,0.5,0.51,0.5,0.5,8600
NWAX,05-Aug-2026,10.139,10.14,10.13,10.1386,2400
NWG,05-Aug-2026,19.16,19.295,19.05,19.22,4089500
NWN,05-Aug-2026,49.6,49.6,48.14,49.34,238200
NX,05-Aug-2026,20.77,21.24,20.6014,20.88,463400
NXD-A,05-Aug-2026,13.0546,13.193,13.0546,13.175,3100
NXDR,05-Aug-2026,2.52,2.7,2.39,2.45,6567200
NXDT,05-Aug-2026,4.55,4.5999,4.43,4.52,187100
NXDTpA,05-Aug-2026,13.0546,13.193,13.0546,13.175,2798
NXE,05-Aug-2026,10,10.15,9.815,10.04,3880900
NXG,05-Aug-2026,58.72,59,58.47,58.91,80700
NXP,05-Aug-2026,14.19,14.3,14.19,14.22,91700
NXRT,05-Aug-2026,24.44,25.07,24.395,24.76,337300
NYC,05-Aug-2026,9.26,9.42,8.79,8.79,11000
NYT,05-Aug-2026,70.22,71.07,63.05,65.48,8651500
NZF,05-Aug-2026,12.36,12.3799,12.3024,12.31,435300
O,05-Aug-2026,62.99,63.05,62.145,62.7,5685000
OAK-A,05-Aug-2026,21.06,21.215,20.96,21.215,3100
OAK-B,05-Aug-2026,20.8,21,20.8,21,4200
OAKpA,05-Aug-2026,21.06,21.215,20.96,21.215,2256
OAKpB,05-Aug-2026,20.8,21,20.8,21,3443
OBDC,05-Aug-2026,11.2,11.2,10.875,10.97,4523800
OBK,05-Aug-2026,55.48,55.48,54.7414,54.84,147300
OC,05-Aug-2026,148.93,158.5,147,152.47,1553200
OCA-,05-Aug-2026,0.35,0.37,0.3,0.35,212500
OCA.U,05-Aug-2026,10.24,10.24,10.24,10.24,100
OCA.W,05-Aug-2026,0.04,0.04,0.02,0.04,917300
OCAC,05-Aug-2026,9.91,9.91,9.9,9.91,727300
ODC,05-Aug-2026,98.71,101.98,97,97.92,180500
OEC,05-Aug-2026,6.53,6.69,6.25,6.56,468800
OFG,05-Aug-2026,53.56,53.82,52.94,53.13,307300
OFRM,05-Aug-2026,17.47,17.605,16.965,17.22,364200
OGC,05-Aug-2026,26.11,27.19,26.11,26.86,730700
OGE,05-Aug-2026,47.38,47.53,46.475,47.02,1290400
OGG,05-Aug-2026,2.59,2.765,2.54,2.7,4905700
OGN,05-Aug-2026,13.56,13.58,13.56,13.57,2148100
OGS,05-Aug-2026,79.15,79.87,77.07,79.25,1051300
OHI,05-Aug-2026,48.91,48.97,48.21,48.69,1812800
OI,05-Aug-2026,7.5,7.665,7.425,7.47,3038300
OIA,05-Aug-2026,6.04,6.05,5.99,5.99,198600
OII,05-Aug-2026,50.42,50.46,48.04,48.07,1013500
OIS,05-Aug-2026,8.42,8.55,8.18,8.33,858300
OKE,05-Aug-2026,87.85,87.96,85.28,87.24,3984300
OKLO,05-Aug-2026,43.03,44.16,42.42,42.99,5182800
OLN,05-Aug-2026,18.94,19.27,18.571,18.72,3921100
OLP,05-Aug-2026,24.4,24.52,23.8,23.82,158800
OMC,05-Aug-2026,82,83.43,81.109,81.71,3023900
OMF,05-Aug-2026,65.43,66.05,64.835,65.55,995600
ONIT,05-Aug-2026,38.66,38.8,37.57,38.05,62700
ONL,05-Aug-2026,2.72,2.72,2.63,2.66,216300
ONON,05-Aug-2026,38,38.7199,37.665,38.19,3354200
ONT,05-Aug-2026,23.01,23.3224,22.495,22.63,381900
ONTO,05-Aug-2026,284.37,295.11,275.01,276,1042000
OOMA,05-Aug-2026,21.84,21.9662,21.0101,21.49,270500
OPAD,05-Aug-2026,4.8,4.99,4.53,4.61,50100
OPFI,05-Aug-2026,9.98,10.19,9.69,9.79,410000
OPLN,05-Aug-2026,42.69,42.69,38.12,38.22,1208600
OPP,05-Aug-2026,7.66,7.6714,7.61,7.63,44700
OPP-A,05-Aug-2026,15.58,15.65,15.51,15.51,14200
OPP-B,05-Aug-2026,16.82,17.01,16.64,16.8599,10800
OPPpA,05-Aug-2026,15.58,15.65,15.51,15.51,10654
OPPpB,05-Aug-2026,16.82,17.01,16.64,16.8599,10036
OPTU,05-Aug-2026,0.87,0.885,0.784,0.7841,2592700
OPY,05-Aug-2026,117.88,118.71,115.56,115.92,90800
OR,05-Aug-2026,32.39,32.73,31.9,32.24,1214600
ORA,05-Aug-2026,99.39,99.48,97.91,98.02,1099500
ORC,05-Aug-2026,6.4,6.47,6.31,6.42,5246200
ORC-D,05-Aug-2026,46.21,46.21,44.94,45.4,460200
ORCL,05-Aug-2026,145,146.3899,142.5,144.39,23524000
ORI,05-Aug-2026,43.69,43.78,43.15,43.52,1232400
ORN,05-Aug-2026,11.03,11.38,10.31,10.33,808100
OSCR,05-Aug-2026,30.55,31.15,29.77,30.11,6509800
OSG,05-Aug-2026,5.59,5.7,5.54,5.68,190900
OSK,05-Aug-2026,157.52,160.24,152.18,152.81,842000
OTA-,05-Aug-2026,0.1954,0.1977,0.1894,0.1894,900
OTA.U,05-Aug-2026,10.16,10.16,10.14,10.15,2700
OTAI,05-Aug-2026,9.95,10,9.95,10,5200
OTF,05-Aug-2026,10.7,10.71,10.35,10.42,2789500
OTIS,05-Aug-2026,73.7,73.99,72.58,73.1,3092300
OUT,05-Aug-2026,32.05,32.21,31.56,32.01,2653000
OVV,05-Aug-2026,60.89,60.89,57.835,57.96,3281900
OWL,05-Aug-2026,11.74,11.785,11.38,11.55,22619300
OWLT,05-Aug-2026,5.29,5.635,5.18,5.5,175300
OXM,05-Aug-2026,39,39.685,38,38.85,166600
OXY,05-Aug-2026,55.49,55.59,53.66,53.81,8614300
OXY.W,05-Aug-2026,33.07,33.19,31.75,31.75,14700
OXY.WS,05-Aug-2026,33.07,33.19,31.77,31.82,7765
P,05-Aug-2026,84.61,86.095,83.25,83.74,2389500
PAAS,05-Aug-2026,47.29,48.64,46.8,48.24,6293000
PAC,05-Aug-2026,225.01,225.01,216.68,217.52,144400
PACK,05-Aug-2026,5.63,5.63,5.46,5.5,376400
PACS,05-Aug-2026,45,47.2768,39.1301,45.64,2350900
PAG,05-Aug-2026,220.09,220.99,215.4,215.76,387500
PAGS,05-Aug-2026,9.55,9.74,9.38,9.4,1970300
PAI,05-Aug-2026,11.91,11.9699,11.9001,11.93,28600
PAII,05-Aug-2026,10.24,10.24,10.23,10.23,3300
PAM,05-Aug-2026,83.01,85.42,83.01,83.83,194800
PAR,05-Aug-2026,17.61,17.805,17.345,17.62,797900
PARR,05-Aug-2026,83,83,69.76,69.92,2322900
PATH,05-Aug-2026,14.19,14.3238,13.77,13.82,91836700
PAXS,05-Aug-2026,14.32,14.3427,14.2003,14.25,150200
PAY,05-Aug-2026,43.13,43.68,39.52,40,2766900
PAYC,05-Aug-2026,178.65,179.24,172.6136,174.8,830100
PB,05-Aug-2026,75,75.29,74.29,74.62,1238000
PBA,05-Aug-2026,48.6,48.6975,47.09,47.15,1158600
PBF,05-Aug-2026,65.74,67.15,61.05,61.17,3667900
PBH,05-Aug-2026,52.49,53.215,51.43,52.98,610100
PBI,05-Aug-2026,18.1,18.82,18,18.3,2350500
PBI-B,05-Aug-2026,20.36,20.3601,20.2,20.3,22100
PBIpB,05-Aug-2026,20.36,20.3601,20.2,20.29,17694
PBR,05-Aug-2026,18.97,18.98,18.3,18.36,14921000
PBR.A,05-Aug-2026,16.78,16.78,16.25,16.28,6318200
PBT,05-Aug-2026,32.35,35.42,30.3315,34.53,346400
PCF,05-Aug-2026,5.3,5.3234,5.27,5.3,80800
PCG,05-Aug-2026,17.36,17.5975,16.99,17.2,27408200
PCG-X,05-Aug-2026,42.2,42.605,42.04,42.23,8500
PCGpX,05-Aug-2026,42.2,42.605,42.04,42.23,5620
PCM,05-Aug-2026,5.79,5.8,5.71,5.73,97700
PCN,05-Aug-2026,11.7,11.75,11.66,11.75,286900
PCOR,05-Aug-2026,56.35,56.425,54.26,55.69,3375400
PCQ,05-Aug-2026,8.75,8.76,8.7062,8.74,113300
PD,05-Aug-2026,11.34,11.39,11.01,11.22,1029900
PDCC,05-Aug-2026,8.82,8.89,8.8,8.89,700
PDI,05-Aug-2026,16.15,16.17,16.01,16.02,2230500
PDM,05-Aug-2026,9.64,9.71,9.47,9.66,900500
PDO,05-Aug-2026,13.12,13.12,12.94,13.01,682900
PDPA,05-Aug-2026,25.25,25.43,25.17,25.18,3300
PDS,05-Aug-2026,77.05,77.05,74.53,74.89,132900
PDT,05-Aug-2026,12.85,13.1137,12.69,12.71,176500
PDX,05-Aug-2026,21.57,21.7497,21.43,21.45,56100
PEB,05-Aug-2026,18.99,19.48,18.87,19.09,1891700
PEB-E,05-Aug-2026,20.2936,20.2936,19.77,19.99,16400
PEB-F,05-Aug-2026,20.31,20.31,20.29,20.3,1800
PEB-G,05-Aug-2026,20.15,20.345,20.15,20.345,1200
PEB-H,05-Aug-2026,18.34,18.5394,18.31,18.31,5100
PEBpE,05-Aug-2026,20.2936,20.2936,19.77,19.99,14488
PEBpF,05-Aug-2026,20.31,20.31,20.29,20.3,1170
PEBpG,05-Aug-2026,20.15,20.345,20.15,20.345,709
PEBpH,05-Aug-2026,18.34,18.5394,18.31,18.31,4355
PEG,05-Aug-2026,76.13,76.555,74.695,75.54,2869700
PEN,05-Aug-2026,323.36,323.8325,322.23,323.21,282900
PEO,05-Aug-2026,26.79,26.8452,26.16,26.21,39400
PERF,05-Aug-2026,1.92,1.925,1.91,1.91,148000
PEW,05-Aug-2026,2.68,2.71,2.615,2.63,267000
PFD,05-Aug-2026,11.41,11.51,11.37,11.43,24900
PFE,05-Aug-2026,25.5,25.81,25.3,25.81,47058300
PFGC,05-Aug-2026,113.02,113.38,111.36,112,1673300
PFH,05-Aug-2026,16.04,16.04,15.931,15.97,53100
PFL,05-Aug-2026,7.77,7.77,7.74,7.76,55600
PFLA,05-Aug-2026,25.3,25.3,25.3,25.3,700
PFLT,05-Aug-2026,7.23,7.25,7.0323,7.1,960100
PFN,05-Aug-2026,7.08,7.1,7.03,7.03,308500
PFO,05-Aug-2026,9.15,9.2299,9.12,9.13,17800
PFS,05-Aug-2026,25.35,25.35,25.055,25.11,899000
PFSI,05-Aug-2026,77.5,77.6,74.7,75.89,625500
PG,05-Aug-2026,147.845,147.845,144.66,146.8,9753200
PGP,05-Aug-2026,8.77,8.7999,8.65,8.7,40700
PGR,05-Aug-2026,212.45,213.95,210.97,212.76,1956200
PGZ,05-Aug-2026,10.2,10.2978,10.1766,10.25,12300
PH,05-Aug-2026,991.01,1009.86,986.79,996.9,1157400
PHG,05-Aug-2026,26.47,26.6,26.33,26.59,952200
PHI,05-Aug-2026,19.87,19.87,19.46,19.63,97800
PHIN,05-Aug-2026,79.74,80.91,76.39,76.51,356300
PHK,05-Aug-2026,4.68,4.69,4.66,4.66,652300
PHM,05-Aug-2026,130.34,133.86,129.913,133.01,1223200
PHR,05-Aug-2026,11.49,11.52,11.21,11.49,627100
PII,05-Aug-2026,73.71,74.64,72.9,73.1,770600
PIM,05-Aug-2026,3.15,3.15,3.13,3.13,42700
PIN-A,05-Aug-2026,25.24,25.24,25.21,25.225,3300
PINE,05-Aug-2026,20.05,20.22,19.72,19.99,112900
PINS,05-Aug-2026,23.98,25.06,23.155,23.36,22990400
PIPR,05-Aug-2026,76.23,76.81,75.17,76.18,518700
PJT,05-Aug-2026,171.94,174.285,170.79,174.01,213300
PK,05-Aug-2026,14.97,15.16,14.83,14.94,4783500
PKE,05-Aug-2026,37.3,38.07,37.05,37.79,212200
PKG,05-Aug-2026,255.38,258.4,254.7546,256.01,635800
PKX,05-Aug-2026,55.09,55.29,54.5,54.79,241300
PL,05-Aug-2026,22.51,22.925,21.99,22.35,6062900
PLD,05-Aug-2026,139.8,141.51,138.55,140.76,13253800
PLGO,05-Aug-2026,25.3,25.5999,25.19,25.55,370900
PLNT,05-Aug-2026,56.14,56.94,55.64,56.59,2356900
PLOW,05-Aug-2026,44.19,45.78,43.8,45.63,257500
PLUN,05-Aug-2026,9.9804,9.9804,9.9804,9.9804,200
PM,05-Aug-2026,188.31,190.3575,185.5,188.93,5540500
PML,05-Aug-2026,7.31,7.345,7.3,7.3,377000
PMM,05-Aug-2026,6.31,6.31,6.23,6.26,111300
PMMF,05-Aug-2026,100.26,100.27,100.26,100.269,238200
PMO,05-Aug-2026,10.215,10.265,10.2,10.24,65500
PMT,05-Aug-2026,9.49,9.495,9.25,9.45,1099700
PMT-A,05-Aug-2026,22.56,22.63,22.51,22.565,9900
PMT-B,05-Aug-2026,22.64,22.64,22.575,22.6,4200
PMT-C,05-Aug-2026,18.275,18.34,18.001,18.16,17100
PMTpA,05-Aug-2026,22.56,22.63,22.51,22.565,8983
PMTpB,05-Aug-2026,22.64,22.64,22.575,22.6,2608
PMTpC,05-Aug-2026,18.275,18.34,18.001,18.13,14791
PMTU,05-Aug-2026,25.535,25.6,25.535,25.6,1300
PMTV,05-Aug-2026,25.06,25.099,25.06,25.065,29100
PMTW,05-Aug-2026,25.36,25.49,25.36,25.44,8900
PNC,05-Aug-2026,255,256.3299,253.49,255.37,1362900
PNF-A,05-Aug-2026,25.31,25.4,25.05,25.05,20200
PNF-B,05-Aug-2026,26.57,26.72,26.2,26.33,16300
PNF-C,05-Aug-2026,24.1,24.15,23.9,23.98,55900
PNFP,05-Aug-2026,109.74,110,107.25,107.35,1310300
PNI,05-Aug-2026,6.83,6.86,6.82,6.84,26500
PNNT,05-Aug-2026,3.55,3.5549,3.44,3.48,307000
PNR,05-Aug-2026,68.48,69.12,68.06,69.02,2661900
PNW,05-Aug-2026,101.45,102.2,100.36,101.5,1184500
POR,05-Aug-2026,50.48,50.49,48.91,49.25,1162200
POST,05-Aug-2026,90.68,91.115,88.23,89.22,896700
PPG,05-Aug-2026,118.31,119.36,117.82,119.13,1594200
PPL,05-Aug-2026,35.25,35.2851,34.625,34.95,7298000
PPLC,05-Aug-2026,46.76,46.76,46.52,46.58,203300
PPT,05-Aug-2026,3.42,3.43,3.42,3.42,84200
PR,05-Aug-2026,20.55,20.57,19.77,19.79,10115200
PRCS,05-Aug-2026,29.73,29.82,29.55,29.59,12200
PRG,05-Aug-2026,45.77,46.5,45.28,45.85,546800
PRGO,05-Aug-2026,12.62,13.655,12.611,13.27,8189900
PRH,05-Aug-2026,22.4,22.4,22.21,22.27,54200
PRI,05-Aug-2026,319.42,322.61,317.4454,320.59,172200
PRI-K,05-Aug-2026,21.89,21.89,21.89,21.89,100
PRI-L,05-Aug-2026,24.4,24.44,24.4,24.44,400
PRIFpK,05-Aug-2026,21.89,21.89,21.89,21.89,100
PRIFpL,05-Aug-2026,24.4,24.44,24.4,24.44,300
PRIM,05-Aug-2026,90.98,92.2478,82.71,83.4,2454200
PRKS,05-Aug-2026,46.07,46.24,43.45,46.06,936500
PRLB,05-Aug-2026,87.46,90.56,86.2517,90.31,296900
PRM,05-Aug-2026,33.43,35.676,32.9273,34.97,1524800
PRMB,05-Aug-2026,25.79,26.2124,24.43,25.32,10286600
PRS,05-Aug-2026,21.51,21.564,21.35,21.36,36200
PRSU,05-Aug-2026,51.3,52.01,49.92,50.1,252000
PRT,05-Aug-2026,2.17,2.2265,2.17,2.2,16600
PRU,05-Aug-2026,124.04,127.72,117.63,120.16,4944600
PRVS,05-Aug-2026,33.62,33.62,33.4575,33.4575,11900
PS,05-Aug-2026,36.19,36.5,35.03,36.24,107600
PSA,05-Aug-2026,328,329.045,322.93,327.34,569100
PSA-F,05-Aug-2026,20.06,20.06,19.97,19.97,12400
PSA-G,05-Aug-2026,19.88,19.9,19.85,19.85,10200
PSA-H,05-Aug-2026,21.52,21.6695,21.43,21.47,17200
PSA-I,05-Aug-2026,19,19.04,18.93,18.93,15400
PSA-J,05-Aug-2026,18.18,18.225,18.12,18.13,9900
PSA-K,05-Aug-2026,18.58,18.62,18.52,18.54,8300
PSA-L,05-Aug-2026,17.85,17.85,17.71,17.71,29500
PSA-M,05-Aug-2026,15.92,15.92,15.76,15.82,13200
PSA-N,05-Aug-2026,15,15.14,14.89,15.06,79500
PSA-O,05-Aug-2026,15.03,15.04,14.9363,15.02,15500
PSA-P,05-Aug-2026,15.45,15.45,15.34,15.38,30300
PSA-Q,05-Aug-2026,15.14,15.19,15.14,15.16,7200
PSA-R,05-Aug-2026,15.47,15.47,15.33,15.37,23000
PSA-S,05-Aug-2026,15.88,15.88,15.74,15.75,20000
PSA-T,05-Aug-2026,22.8,22.94,22.8,22.88,10600
PSA-U,05-Aug-2026,23.99,24.04,22.66,23.42,36900
PSApF,05-Aug-2026,20.06,20.06,20,20.0009,8816
PSApG,05-Aug-2026,19.88,19.9,19.85,19.85,6185
PSApH,05-Aug-2026,21.52,21.6695,21.43,21.43,12404
PSApI,05-Aug-2026,19,19.04,18.9354,18.97,11436
PSApJ,05-Aug-2026,18.18,18.225,18.12,18.1379,7174
PSApK,05-Aug-2026,18.58,18.62,18.52,18.52,4640
PSApL,05-Aug-2026,17.85,17.85,17.71,17.71,22185
PSApM,05-Aug-2026,15.92,15.92,15.76,15.87,7338
PSApN,05-Aug-2026,15,15.14,14.89,15.06,64811
PSApO,05-Aug-2026,15.03,15.04,14.9363,15.04,8403
PSApP,05-Aug-2026,15.45,15.45,15.34,15.38,24589
PSApQ,05-Aug-2026,15.14,15.19,15.14,15.16,5859
PSApR,05-Aug-2026,15.47,15.47,15.33,15.37,17147
PSApS,05-Aug-2026,15.88,15.88,15.74,15.79,17221
PSBD,05-Aug-2026,9.73,10.19,9.73,9.97,126900
PSE-A,05-Aug-2026,16.54,16.6,16.515,16.6,2000
PSECpA,05-Aug-2026,16.54,16.6,16.515,16.6,1219
PSF,05-Aug-2026,19.52,19.5798,19.4989,19.55,26600
PSFE,05-Aug-2026,7.94,8.14,7.82,8.03,309200
PSN,05-Aug-2026,49.12,49.12,46.33,47.78,2000000
PSO,05-Aug-2026,17,17.02,16.6,16.68,852700
PSQ.W,05-Aug-2026,0.04,0.04,0.03,0.031,5400
PSQH,05-Aug-2026,4.76,4.77,4.12,4.15,55700
PSQH.WS,05-Aug-2026,0.04,0.04,0.03,0.031,3120
PSTL,05-Aug-2026,23.26,23.51,22,23.33,482600
PSUS,05-Aug-2026,38.14,38.45,37.7901,38.06,238400
PSX,05-Aug-2026,209.82,211.43,200.31,202.55,3834100
PTA,05-Aug-2026,18.87,18.91,18.84,18.9,92800
PTY,05-Aug-2026,11.77,11.81,11.71,11.77,1323000
PUK,05-Aug-2026,27.94,28.18,27.73,27.95,2251100
PUMP,05-Aug-2026,11.23,11.43,10.93,11,2654100
PVH,05-Aug-2026,88.57,91.125,86.8,87.07,1212900
PVL,05-Aug-2026,1.71,1.74,1.71,1.72,49400
PWR,05-Aug-2026,694.62,704.87,681.34,682.99,793400
PXED,05-Aug-2026,29.86,30.23,29.11,30.21,110300
Q,05-Aug-2026,140.16,141.145,135.11,135.64,2033800
QGEN,05-Aug-2026,42.33,42.41,41.47,41.95,2037900
QLE.W,05-Aug-2026,0.155,0.1553,0.14,0.155,62700
QLEP,05-Aug-2026,10,10,9.99,10,86100
QRE-,05-Aug-2026,0.3,0.3,0.2901,0.3,1200
QRED,05-Aug-2026,10,10,9.995,10,23800
QSR,05-Aug-2026,74.14,74.74,73.5466,74.49,2523700
QTWO,05-Aug-2026,64.73,65,62.42,63.61,858400
QUAD,05-Aug-2026,10.68,10.82,10.16,10.26,465100
QXO,05-Aug-2026,15.35,16.07,15.12,15.9,20657200
QXO-B,05-Aug-2026,45.2,47.08,45,46.68,108200
QXOpB,05-Aug-2026,45.1,47.08,45,46.68,40861
R,05-Aug-2026,266.99,269.775,264.525,265.54,276600
RA,05-Aug-2026,12.87,12.9399,12.8274,12.9,160000
RAC,05-Aug-2026,10.48,10.48,10.4799,10.4799,6100
RACE,05-Aug-2026,406.7,408.17,405.36,406.8,474700
RAL,05-Aug-2026,66.66,67.635,65.82,66.36,1490600
RAMP,05-Aug-2026,37.9,37.93,37.725,37.8,855300
RBA,05-Aug-2026,108.6,108.6,94.12,95.63,6967400
RBC,05-Aug-2026,564.57,579.63,560.03,572.17,288200
RBLX,05-Aug-2026,37.45,37.89,35.53,36.19,14982100
RBRK,05-Aug-2026,82.4,84.9,81.28,84.81,3741000
RC,05-Aug-2026,1.57,1.5809,1.51,1.54,804500
RC-E,05-Aug-2026,12.91,13.0041,12.8801,13.0041,1600
RCD,05-Aug-2026,22.9,22.95,22.68,22.68,37500
RCI,05-Aug-2026,33.85,34.03,33.32,33.93,1477700
RCL,05-Aug-2026,328.99,330.7156,325.24,327.42,1529000
RCpE,05-Aug-2026,12.91,13.0041,12.8801,13.0041,1200
RCS,05-Aug-2026,5.28,5.2836,5.22,5.25,87800
RCUS,05-Aug-2026,28.89,29.44,27.7,27.7,1043800
RDDT,05-Aug-2026,159.28,160.79,153.5,155.26,4169300
RDN,05-Aug-2026,39.45,39.58,38.93,39.17,1042700
RDW,05-Aug-2026,10.65,10.79,10.31,10.72,19835200
RDY,05-Aug-2026,12.19,12.24,12.125,12.14,2528900
REF,05-Aug-2026,16,16.58,15.82,16.13,443400
RELX,05-Aug-2026,37.43,37.48,36.455,36.61,2430100
RERE,05-Aug-2026,4.15,4.36,4.14,4.36,834700
RES,05-Aug-2026,5.93,5.93,5.75,5.79,1621900
REX,05-Aug-2026,44.64,44.65,43.2721,44.11,281900
REX-B,05-Aug-2026,22.46,22.63,22.46,22.61,800
REX-C,05-Aug-2026,21.69,21.73,21.45,21.45,1000
REXR,05-Aug-2026,37.1,37.16,36.455,37.04,3008900
REXRpB,05-Aug-2026,22.46,22.63,22.46,22.61,700
REXRpC,05-Aug-2026,21.69,21.73,21.45,21.45,885
REZI,05-Aug-2026,26.29,26.63,25.79,26.24,1624200
RF,05-Aug-2026,32.12,32.285,31.835,31.88,12309300
RF-C,05-Aug-2026,24.18,24.18,24.01,24.02,18600
RF-E,05-Aug-2026,16.21,16.2737,16.21,16.24,24000
RF-F,05-Aug-2026,25.55,25.55,25.42,25.42,16200
RFI,05-Aug-2026,11.53,11.56,11.44,11.53,82700
RFL,05-Aug-2026,1.9,2.14,1.88,2.03,128100
RFM,05-Aug-2026,14.7,14.7,14.52,14.52,12700
RFMZ,05-Aug-2026,13.12,13.295,13.03,13.07,32000
RFpC,05-Aug-2026,24.18,24.18,24.01,24.06,11936
RFpE,05-Aug-2026,16.21,16.2737,16.21,16.25,18534
RFpF,05-Aug-2026,25.55,25.55,25.43,25.43,10639
RGA,05-Aug-2026,238.05,238.8899,235.255,236.38,357400
RGR,05-Aug-2026,38.74,38.955,38.09,38.42,167200
RGT,05-Aug-2026,15.44,15.585,15.3,15.42,14900
RH,05-Aug-2026,186.31,200.99,186.31,195.3,788900
RHI,05-Aug-2026,41.06,41.17,39.97,40.55,1249100
RHLD,05-Aug-2026,134.03,140.97,130.4825,136.14,137000
RHP,05-Aug-2026,128.84,129.91,127.06,127.62,861300
RIG,05-Aug-2026,5.26,5.29,5.08,5.14,28710900
RIO,05-Aug-2026,100.97,101.775,100.505,101.51,2628900
RIT-A,05-Aug-2026,25.21,25.36,25.21,25.3138,10200
RIT-B,05-Aug-2026,25.17,25.26,25.12,25.26,23500
RIT-C,05-Aug-2026,24.79,24.79,24.68,24.78,111300
RIT-D,05-Aug-2026,25.02,25.0505,24.97,24.98,73200
RIT-E,05-Aug-2026,24.4,24.49,24.39,24.49,27700
RIT-F,05-Aug-2026,24.36,24.5,24.36,24.475,48000
RITM,05-Aug-2026,10.27,10.28,10.06,10.1,7058700
RITMpA,05-Aug-2026,25.21,25.36,25.21,25.3138,8851
RITMpB,05-Aug-2026,25.17,25.26,25.12,25.26,21465
RITMpC,05-Aug-2026,24.79,24.79,24.68,24.78,66602
RITMpD,05-Aug-2026,25.02,25.0505,24.97,24.98,68596
RITMpE,05-Aug-2026,24.4,24.49,24.39,24.49,23846
RIV,05-Aug-2026,11.51,11.58,11.5015,11.57,43100
RIV-A,05-Aug-2026,22.03,22.12,21.97,22.12,3800
RIVpA,05-Aug-2026,22.035,22.12,21.97,22.12,2694
RJF,05-Aug-2026,180,181.87,179.69,180.55,856000
RKT,05-Aug-2026,14,14.275,13.735,13.86,17897700
RL,05-Aug-2026,379.76,392.47,379.76,380.78,987400
RLI,05-Aug-2026,62.53,63,62.03,62.82,599300
RLJ,05-Aug-2026,12.39,12.515,12.25,12.32,1538100
RLJ-A,05-Aug-2026,25.1,25.1,25.01,25.06,11800
RLJpA,05-Aug-2026,25.15,25.15,25.01,25.06,8289
RLTY,05-Aug-2026,15.86,15.89,15.68,15.82,47300
RLX,05-Aug-2026,1.96,2.02,1.94,1.94,2200900
RM,05-Aug-2026,34.34,35.06,32.34,32.49,101700
RMAX,05-Aug-2026,9.84,9.84,9.52,9.7,420600
RMD,05-Aug-2026,222,225,220.49,224.03,1746500
RMI,05-Aug-2026,15.97,16.02,15.755,15.84,23400
RMM,05-Aug-2026,14.46,14.46,14.3201,14.38,38100
RMMZ,05-Aug-2026,14.9,14.9,14.7,14.775,5200
RMT,05-Aug-2026,14.3,14.3,14.1,14.15,139000
RNG,05-Aug-2026,61.09,62.14,60.42,61.48,2234900
RNGR,05-Aug-2026,16,16.02,15.66,15.84,317500
RNP,05-Aug-2026,20.53,20.6,20.42,20.6,121300
RNR,05-Aug-2026,322.91,326.18,320.79,323.58,267300
RNR-F,05-Aug-2026,20.7,20.71,20.6501,20.69,20300
RNR-G,05-Aug-2026,15.26,15.26,15.15,15.22,20200
RNRpF,05-Aug-2026,20.7,20.71,20.6501,20.66,17005
RNRpG,05-Aug-2026,15.26,15.26,15.15,15.22,14291
RNST,05-Aug-2026,44.48,44.48,44.02,44.13,466200
ROG,05-Aug-2026,133.14,135.2,130.16,132.18,250500
ROK,05-Aug-2026,450,460.4451,444.25,450.05,1125000
ROL,05-Aug-2026,37.81,37.855,36.99,37.57,5099700
RONB,05-Aug-2026,21.65,22.005,21.34,21.41,303500
RPC,05-Aug-2026,9.43,9.51,8.82,8.89,601900
RPM,05-Aug-2026,115.29,116.75,114.75,116.72,802500
RPT,05-Aug-2026,12.05,12.39,11.82,12.27,47800
RPT-C,05-Aug-2026,24.83,24.85,24.83,24.85,1400
RPTpC,05-Aug-2026,24.83,24.85,24.83,24.85,1173
RQI,05-Aug-2026,12.62,12.62,12.462,12.57,425400
RRC,05-Aug-2026,40,40.135,38.07,38.14,2986900
RRX,05-Aug-2026,192.97,196.185,183.14,183.24,4226800
RS,05-Aug-2026,420,424.765,414.235,421.08,462300
RSF,05-Aug-2026,14.61,14.61,14.53,14.56,6400
RSG,05-Aug-2026,207.89,207.89,204.8001,207.02,1570400
RSI,05-Aug-2026,28.61,28.8,25.81,25.92,4530700
RSKD,05-Aug-2026,5.21,5.25,5.15,5.24,565200
RTO,05-Aug-2026,25.05,25.11,24.675,24.75,1769400
RTX,05-Aug-2026,220,222.815,218.895,222.31,4276600
RVI,05-Aug-2026,28.27,28.9401,26.8623,27,216700
RVLV,05-Aug-2026,25.92,27.34,24.595,25.3,2484100
RVT,05-Aug-2026,18.84,18.84,18.625,18.69,301400
RVTY,05-Aug-2026,112.45,115.84,110.81,115.02,2149500
RWT,05-Aug-2026,4.67,4.7146,4.515,4.57,1676900
RWT-A,05-Aug-2026,24.65,24.65,24.65,24.65,1400
RWTN,05-Aug-2026,25,25,24.95,24.95,8000
RWTO,05-Aug-2026,24.52,24.52,24.13,24.4,6100
RWTP,05-Aug-2026,24.27,24.33,24.27,24.27,2000
RWTpA,05-Aug-2026,24.65,24.65,24.65,24.65,998
RWTQ,05-Aug-2026,24.41,24.58,24.1,24.31,20000
RWTS,05-Aug-2026,24.54,24.55,24.3499,24.475,15200
RXO,05-Aug-2026,21.53,22.2472,20.69,21,2606600
RY,05-Aug-2026,208.49,212.3,208.025,211.27,944900
RYAM,05-Aug-2026,9.17,9.9,8.95,9.67,2710400
RYAN,05-Aug-2026,44.76,45.7122,44.165,45.01,2440000
RYN,05-Aug-2026,22,22.02,21.64,22.02,4281800
RYZ,05-Aug-2026,27.16,27.9499,27.125,27.64,751700
RZC,05-Aug-2026,25.55,25.65,25.55,25.59,33800
S,05-Aug-2026,21.32,21.45,20.9,21,5531400
SA,05-Aug-2026,28.6,29.55,28.49,29.15,827900
SABA,05-Aug-2026,8.32,8.4184,8.32,8.38,24800
SAC,05-Aug-2026,10.11,10.12,10.09,10.1,33700
SAFE,05-Aug-2026,16.36,16.425,15.99,16.19,264600
SAG.W,05-Aug-2026,0.0473,0.0474,0.035,0.035,15200
SAGU,05-Aug-2026,9.93,9.93,9.93,9.93,100
SAH,05-Aug-2026,89.59,91.45,86.59,86.81,294300
SAM,05-Aug-2026,185.99,185.99,181.5,184.79,209300
SAN,05-Aug-2026,14.66,14.73,14.6,14.64,28893800
SAP,05-Aug-2026,198.63,199.03,194.88,197.33,2486700
SAR,05-Aug-2026,19.51,19.53,18.9689,19.09,150000
SARO,05-Aug-2026,30.37,31.115,30.37,31.01,3638000
SAT,05-Aug-2026,25.11,25.11,25.1,25.1,1300
SAV,05-Aug-2026,24.52,24.69,24.52,24.684,18100
SAY,05-Aug-2026,25.4,25.45,25.4,25.44,9900
SAZ,05-Aug-2026,25.48,25.57,25.48,25.5042,3400
SB,05-Aug-2026,7.85,7.85,7.61,7.64,533000
SB-C,05-Aug-2026,26.2,26.2,26.2,26.2,200
SB-D,05-Aug-2026,26,26.01,25.93,26,3000
SBH,05-Aug-2026,16.62,16.95,15.78,15.79,1884400
SBI,05-Aug-2026,7.63,7.6499,7.58,7.6,44100
SBpC,05-Aug-2026,26.2,26.2,26.2,26.2,200
SBpD,05-Aug-2026,26,26.01,25.93,26,2567
SBR,05-Aug-2026,71.56,72.15,70,70.75,63900
SBS,05-Aug-2026,5.53,5.635,5.42,5.43,3789600
SBSI,05-Aug-2026,32.92,33.37,32.65,32.69,140600
SBSW,05-Aug-2026,10,10.08,9.83,9.92,7870400
SBX.V,05-Aug-2026,10.58,10.86,10.58,10.58,1800
SBXD,05-Aug-2026,10.86,10.865,10.855,10.855,46200
SCCO,05-Aug-2026,200,201.8414,196.92,197,1282000
SCD,05-Aug-2026,15.71,15.7585,15.5701,15.66,58700
SCE-G,05-Aug-2026,17.23,17.3,17,17.03,22400
SCE-L,05-Aug-2026,16.79,16.89,16.69,16.75,34100
SCE-M,05-Aug-2026,23.89,23.89,23.75,23.77,50600
SCE-N,05-Aug-2026,23.09,23.09,22.99,23.02,13700
SCEpG,05-Aug-2026,17.3,17.3,17,17.05,18988
SCEpL,05-Aug-2026,16.85,16.89,16.69,16.69,27969
SCEpM,05-Aug-2026,23.8,23.89,23.75,23.76,42580
SCEpN,05-Aug-2026,22.95,23.09,22.95,23.03,9331
SCH-D,05-Aug-2026,24.19,24.25,24.14,24.16,85700
SCH-J,05-Aug-2026,17.42,17.4388,17.32,17.34,54700
SCHW,05-Aug-2026,106.99,108.5499,106.5093,108.02,11677700
SCHWpD,05-Aug-2026,24.19,24.25,24.14,24.17,68854
SCHWpJ,05-Aug-2026,17.42,17.4388,17.32,17.36,45724
SCI,05-Aug-2026,85.71,85.7175,83.67,85.34,1161400
SCL,05-Aug-2026,64.52,64.55,63.19,64.26,195300
SCM,05-Aug-2026,8.1,8.15,7.85,8.08,254200
SD,05-Aug-2026,13.63,13.635,13.2,13.2,373200
SDHC,05-Aug-2026,15.13,15.55,15.13,15.55,21200
SDHY,05-Aug-2026,16.3,16.3501,15.9535,16.18,22100
SDRL,05-Aug-2026,42.58,43,41.37,41.5,751700
SE,05-Aug-2026,112.01,114.95,111.43,114.91,4077600
SEA-A,05-Aug-2026,25.5,25.75,25.4701,25.5,2600
SEA-B,05-Aug-2026,25.56,25.56,25.56,25.56,500
SEALpA,05-Aug-2026,25.5,25.75,25.4701,25.5,2030
SEALpB,05-Aug-2026,25.56,25.56,25.56,25.56,100
SECZ,05-Aug-2026,7.55,7.6289,7.29,7.39,467400
SEG,05-Aug-2026,26.57,27.12,26.27,26.88,93100
SEI,05-Aug-2026,57.36,59.42,55.56,55.57,3435900
SES,05-Aug-2026,0.56,0.5604,0.5112,0.5112,16687500
SES.WS,05-Aug-2026,0.005,0.013,0.005,0.013,19663
SESCW,05-Aug-2026,0.005,0.013,0.005,0.013,19600
SF,05-Aug-2026,85,85.55,83.55,84.31,867000
SF-B,05-Aug-2026,22.46,22.46,22.23,22.23,4000
SF-C,05-Aug-2026,21.69,21.75,21.68,21.68,14200
SF-D,05-Aug-2026,16.08,16.08,15.98,16.01,20500
SFB,05-Aug-2026,19.85,19.85,19.7195,19.77,10700
SFBS,05-Aug-2026,90.88,91.1375,90,90.45,210700
SFL,05-Aug-2026,12.14,12.1786,11.845,11.87,1170300
SFpB,05-Aug-2026,22.46,22.46,22.235,22.29,2801
SFpC,05-Aug-2026,21.69,21.75,21.68,21.72,11127
SFpD,05-Aug-2026,16.08,16.08,15.98,16.01,15953
SG,05-Aug-2026,5.73,6.11,5.65,6.1,7352200
SGHC,05-Aug-2026,13.79,14.156,13.03,13.11,5498300
SGI,05-Aug-2026,68.94,70.54,68.87,69.58,2759700
SGOV,05-Aug-2026,100.44,100.45,100.44,100.45,21347100
SGU,05-Aug-2026,12.83,12.9,12.61,12.85,40300
SHAK,05-Aug-2026,67,74.5,64.01,74.33,8964900
SHEL,05-Aug-2026,90.22,90.3,87.65,87.76,6413900
SHG,05-Aug-2026,72.24,73.28,72.18,72.38,220100
SHO,05-Aug-2026,11.58,11.765,11.502,11.68,2631200
SHO-H,05-Aug-2026,22.08,22.2,21.98,22.18,9400
SHO-I,05-Aug-2026,21.32,21.61,21.32,21.5,1900
SHOC,05-Aug-2026,108.39,109,106.32,106.32,8700
SHOpH,05-Aug-2026,22.08,22.2,21.98,22.18,8285
SHOpI,05-Aug-2026,21.32,21.61,21.32,21.5,1470
SHV,05-Aug-2026,110.09,110.1,110.09,110.1,3223300
SHW,05-Aug-2026,363.32,369.76,362.385,369.68,1984400
SI,05-Aug-2026,23,23,22.27,22.6,54800
SID,05-Aug-2026,0.94,0.988,0.94,0.9817,3969300
SIG,05-Aug-2026,98.41,98.9,96.18,96.57,403100
SII,05-Aug-2026,105,116.19,101,115.64,537200
SIND,05-Aug-2026,13.33,14.9404,12.9325,14.74,67100
SITC,05-Aug-2026,3.16,3.3,3.105,3.28,1444000
SITE,05-Aug-2026,100.49,102.01,100.11,101.97,752800
SJM,05-Aug-2026,120.28,120.405,117.82,119.21,678800
SJT,05-Aug-2026,2.5,2.57,2.4316,2.46,227700
SKE,05-Aug-2026,30.02,31.09,29.84,30.59,984500
SKIL,05-Aug-2026,8.02,8.48,7.553,8.41,49600
SKM,05-Aug-2026,35.32,35.77,34.69,34.88,2959100
SKT,05-Aug-2026,40.69,41.32,39.95,40.55,1048900
SKY,05-Aug-2026,78.93,93.25,78.925,91.16,1448200
SKY.W,05-Aug-2026,0.59,0.65,0.57,0.57,35800
SKYH,05-Aug-2026,11.09,11.09,10.9,11.03,106600
SKYH.WS,05-Aug-2026,0.59,0.65,0.57,0.57,29680
SLB,05-Aug-2026,51.1,51.28,49.91,49.91,9679100
SLF,05-Aug-2026,82.18,82.43,80.81,81.87,1732500
SLG,05-Aug-2026,55.41,55.8,54.21,54.83,720200
SLG-I,05-Aug-2026,21.55,21.85,21.55,21.57,11300
SLGN,05-Aug-2026,42.38,42.71,41.95,42.66,857700
SLGpI,05-Aug-2026,21.55,21.85,21.55,21.6,9879
SLNZ,05-Aug-2026,45.62,45.62,45.56,45.56,900
SLQT,05-Aug-2026,0.769,0.77,0.691,0.6911,388900
SLVM,05-Aug-2026,39.38,39.86,38.47,38.73,259000
SM,05-Aug-2026,31.1,31.13,28.96,29.02,4898100
SMA,05-Aug-2026,33.33,34.01,33.2577,33.85,604100
SMBK,05-Aug-2026,53.38,53.38,52.58,52.99,103400
SMC,05-Aug-2026,30.64,31.71,29.97,30.19,62100
SMFG,05-Aug-2026,25.59,25.67,25.37,25.4,1431600
SMG,05-Aug-2026,66.04,66.8,65.59,66.13,812200
SMHI,05-Aug-2026,9.63,9.63,9.45,9.45,100600
SMP,05-Aug-2026,41.07,41.07,37.75,39.58,210400
SMR,05-Aug-2026,9.42,9.505,9.09,9.38,32375400
SMRT,05-Aug-2026,1.15,1.3,1.14,1.3,7417100
SMWB,05-Aug-2026,7.55,7.57,7.33,7.44,358700
SN,05-Aug-2026,169.3,182.85,166.66,182.11,3710400
SNA,05-Aug-2026,419.47,421.16,416.385,418.85,343100
SNAP,05-Aug-2026,5.7,5.77,5.2,5.33,75229400
SNDA,05-Aug-2026,38.44,40.12,38.23,39.83,361900
SNDR,05-Aug-2026,36.37,36.88,35.9309,36.53,796000
SNN,05-Aug-2026,30.01,30.15,29.61,30.13,1572600
SNOW,05-Aug-2026,317.49,323.1,315.02,316.84,4590900
SNX,05-Aug-2026,263.79,266.895,258,263.07,745300
SO,05-Aug-2026,93.5,94.4396,91.905,93.1,5354700
SOBO,05-Aug-2026,36.21,36.3384,35.35,35.47,657200
SOC,05-Aug-2026,4.54,4.74,4.395,4.63,5068100
SOJC,05-Aug-2026,20.38,20.38,20.17,20.23,36400
SOJD,05-Aug-2026,18.86,18.86,18.71,18.71,74500
SOJE,05-Aug-2026,16.63,16.67,16.51,16.53,39600
SOJF,05-Aug-2026,25.07,25.07,24.97,24.99,66600
SOLV,05-Aug-2026,88.24,88.24,85.36,87.47,1554600
SOMN,05-Aug-2026,49.04,49.25,48.865,49.12,109400
SON,05-Aug-2026,58.64,58.73,58.11,58.46,793000
SONY,05-Aug-2026,22.55,22.7422,22.4,22.44,4230200
SOR,05-Aug-2026,46.67,46.9706,45.7338,46.58,14900
SOS,05-Aug-2026,0.869,0.9299,0.784,0.784,49100
SPB,05-Aug-2026,90.8,92.29,90.25,90.47,363700
SPCE,05-Aug-2026,2.89,2.97,2.82,2.89,6369400
SPE,05-Aug-2026,13.38,13.42,13.32,13.37,21200
SPE-C,05-Aug-2026,24.75,24.81,24.75,24.775,3400
SPEpC,05-Aug-2026,24.75,24.81,24.75,24.775,3052
SPG,05-Aug-2026,226.29,226.29,222.27,224.81,2227400
SPG-J,05-Aug-2026,54.8762,54.8762,54.8762,54.8762,500
SPGI,05-Aug-2026,418.64,421.175,408.605,410.03,1652400
SPGpJ,05-Aug-2026,54.8762,54.8762,54.8762,54.8762,500
SPH,05-Aug-2026,18.15,18.16,17.6,17.86,156900
SPHR,05-Aug-2026,159.16,164.27,158.5,160.64,863200
SPIR,05-Aug-2026,13.56,13.59,12.73,12.9,575000
SPMA,05-Aug-2026,25.025,25.05,25,25.025,4600
SPMC,05-Aug-2026,10.49,10.52,10.3648,10.48,11800
SPME,05-Aug-2026,25.19,25.365,25.19,25.19,1700
SPNT,05-Aug-2026,23.96,24.125,23.4901,23.61,540300
SPOT,05-Aug-2026,488.57,508,482.17,482.23,2639700
SPRU,05-Aug-2026,2.4,2.47,2.31,2.39,54900
SPXC,05-Aug-2026,216.26,219.84,214.505,214.93,391400
SPXX,05-Aug-2026,18.96,19.08,18.83,18.88,236600
SQM,05-Aug-2026,69.43,70.4,68.775,70.05,833300
SQNS,05-Aug-2026,2.72,2.85,2.72,2.76,68600
SR,05-Aug-2026,79.08,80.845,78.44,80.78,491900
SRE,05-Aug-2026,86.67,86.82,84.11,84.66,5263100
SREA,05-Aug-2026,20.94,21.0497,20.75,20.75,29100
SRFM,05-Aug-2026,0.8355,0.8632,0.8,0.8272,2213500
SRG,05-Aug-2026,2.46,2.485,2.425,2.47,70100
SRG-A,05-Aug-2026,22.56,22.79,22.5,22.78,4500
SRGpA,05-Aug-2026,22.56,22.79,22.5,22.78,2876
SRI,05-Aug-2026,7.51,7.6,7.3,7.46,103900
SRJN,05-Aug-2026,23.27,23.31,23.15,23.15,15100
SRL,05-Aug-2026,5.77,5.85,5.65,5.79,11200
SRV,05-Aug-2026,47.09,47.3699,46.1172,46.34,68100
SSB,05-Aug-2026,109.8,110.465,108.7,109.19,1061500
SSD,05-Aug-2026,195.97,199.22,195.97,197.35,280200
SSL,05-Aug-2026,11.1,11.22,10.91,10.94,1384400
SSMR,05-Aug-2026,14.95,16.37,14.95,16.12,309400
SST,05-Aug-2026,1.99,2,1.68,1.68,79600
SSTK,05-Aug-2026,6.24,6.65,5.81,6.24,1578300
ST,05-Aug-2026,48.2,49.17,47.582,47.59,1085100
STAG,05-Aug-2026,37.77,37.87,37.14,37.27,1716300
STC,05-Aug-2026,68.89,68.93,67.78,68.08,123900
STDN,05-Aug-2026,8.5,8.509,8.0814,8.23,273700
STE,05-Aug-2026,233.94,233.94,227.99,232.71,923100
STEM,05-Aug-2026,5.92,6.15,5.65,5.8,70700
STEW,05-Aug-2026,18.86,18.88,18.58,18.71,74700
STG,05-Aug-2026,3.32,3.42,3.19,3.19,5200
STK,05-Aug-2026,51.56,52.48,51.17,51.39,81200
STLA,05-Aug-2026,5.75,5.76,5.61,5.63,18713300
STM,05-Aug-2026,54.1,54.16,52.57,52.77,9804100
STN,05-Aug-2026,73.27,73.81,72.76,73.14,427600
STNG,05-Aug-2026,76.4,76.43,73.945,74.05,1009000
STT,05-Aug-2026,186.54,188.85,186.46,187.05,1411500
STT-G,05-Aug-2026,21.34,21.34,21.21,21.25,81200
STTpG,05-Aug-2026,21.34,21.34,21.21,21.25,72016
STUB,05-Aug-2026,9.39,9.405,9.07,9.12,3847100
STVN,05-Aug-2026,19.76,20.64,19.76,20.1,414500
STWD,05-Aug-2026,16.25,16.2899,16.015,16.21,4609600
STXD,05-Aug-2026,41.14,41.14,40.8,40.8,4200
STXE,05-Aug-2026,48.46,48.57,48.22,48.25,9400
STXF,05-Aug-2026,50.01,50.08,49.63,49.63,38700
STXG,05-Aug-2026,57.47,57.47,56.59,56.59,8300
STXK,05-Aug-2026,39.41,39.41,39.13,39.13,10500
STXT,05-Aug-2026,19.62,19.62,19.49,19.49,9000
STXV,05-Aug-2026,39.24,39.24,39.13,39.1644,18100
STZ,05-Aug-2026,131.58,131.98,130.05,130.64,1133000
SU,05-Aug-2026,65.24,65.6,62.675,62.82,7402300
SUI,05-Aug-2026,121.56,122.26,119.58,120.86,930200
SUN,05-Aug-2026,75,75.44,73.25,73.36,451600
SUNB,05-Aug-2026,79.66,80.76,79.29,79.9,1515900
SUNC,05-Aug-2026,75.41,75.41,72.76,72.85,613400
SUPV,05-Aug-2026,9.01,9.25,8.92,8.98,369800
SUZ,05-Aug-2026,8.43,8.45,8.35,8.35,2329600
SVV,05-Aug-2026,10.53,11.09,10.53,10.9,1080400
SW,05-Aug-2026,48.48,48.83,47.95,48.47,4210200
SWK,05-Aug-2026,101.84,103.65,100.96,103.27,2501400
SWX,05-Aug-2026,89.76,91.665,88,90.67,815200
SWZ,05-Aug-2026,5.94,5.94,5.9218,5.938,4400
SXC,05-Aug-2026,8.98,9.65,8.95,9.62,1895400
SXI,05-Aug-2026,321,326.87,318.58,326.45,110100
SXT,05-Aug-2026,127.8,130.58,127.5,130.23,286700
SYF,05-Aug-2026,79.35,79.87,79.07,79.25,3214400
SYF-A,05-Aug-2026,19.09,19.2,18.97,19.09,61400
SYF-B,05-Aug-2026,25.44,25.51,25.3676,25.44,50400
SYFpA,05-Aug-2026,19.09,19.2,18.97,19.09,49987
SYFpB,05-Aug-2026,25.54,25.5645,25.35,25.45,43884
SYK,05-Aug-2026,336.1,339,330.16,337.03,2031500
SYY,05-Aug-2026,84,85.04,83.43,84.21,5206500
T,05-Aug-2026,22.66,23.28,22.545,23.06,66801800
T-A,05-Aug-2026,18.27,18.28,18.02,18.03,242100
T-C,05-Aug-2026,17.33,17.33,17.15,17.19,412900
TAC,05-Aug-2026,12.79,12.92,12.66,12.67,1486000
TAK,05-Aug-2026,16.66,16.78,16.57,16.72,4865200
TAL,05-Aug-2026,12,12.175,11.7,12.09,6236600
TALO,05-Aug-2026,14.69,14.88,13.98,14.18,4378800
TAP,05-Aug-2026,42.3,42.345,41.605,41.87,3301100
TBB,05-Aug-2026,19.95,19.98,19.82,19.82,84400
TBBB,05-Aug-2026,42.1,42.685,41.55,41.95,284200
TBI,05-Aug-2026,9.29,10.2498,9,9.9,999400
TBLU,05-Aug-2026,52.7,53.0844,52.7,53.0844,2600
TBN,05-Aug-2026,32.4,32.67,32.05,32.15,78900
TCAI,05-Aug-2026,48.51,49.66,47.76,47.76,65000
TCBX,05-Aug-2026,44.43,44.43,43.55,44.27,99800
TCI,05-Aug-2026,44.33,44.33,38.79,40.75,213400
TCPA,05-Aug-2026,23,23.045,22.82,22.85,24100
TD,05-Aug-2026,119.89,121.94,119.4,121.15,3431100
TDAY,05-Aug-2026,9.06,9.21,8.63,8.66,1663100
TDC,05-Aug-2026,27.52,28.69,25.925,26.23,10737200
TDF,05-Aug-2026,10.95,11.05,10.83,10.9,25800
TDG,05-Aug-2026,1271.51,1271.51,1234.24,1254.71,879100
TDOC,05-Aug-2026,6.7,7.005,6.61,6.93,5631800
TDS,05-Aug-2026,35.45,35.71,34.82,35.39,1635700
TDS-U,05-Aug-2026,21.13,21.135,20.8801,20.92,31900
TDS-V,05-Aug-2026,19.3,19.48,19.15,19.17,17600
TDSpU,05-Aug-2026,21.13,21.135,20.8801,20.99,27627
TDSpV,05-Aug-2026,19.3,19.48,19.15,19.16,9533
TDW,05-Aug-2026,83.9,83.9,77.26,77.36,859100
TDY,05-Aug-2026,684.76,693.495,683.09,683.73,443400
TE,05-Aug-2026,5.28,5.585,4.72,5.47,45923000
TECK,05-Aug-2026,65.71,66.46,65.55,66.05,3528900
TEI,05-Aug-2026,6.69,6.79,6.6899,6.73,130600
TEL,05-Aug-2026,217.05,219.56,215.095,218.02,2663400
TEN,05-Aug-2026,39.35,39.52,37.91,38.01,234300
TEN-E,05-Aug-2026,26.39,26.4248,26.32,26.41,1300
TEN-F,05-Aug-2026,26.89,26.9,26.75,26.81,3700
TENpE,05-Aug-2026,26.39,26.4248,26.32,26.41,759
TENpF,05-Aug-2026,26.89,26.9,26.75,26.81,3057
TEO,05-Aug-2026,13.57,13.9,13.3376,13.76,123600
TEVA,05-Aug-2026,34.25,34.98,33.89,34.72,4963100
TEX,05-Aug-2026,66.72,67.195,65.83,66.05,1442300
TFC,05-Aug-2026,52.94,53.13,52.63,52.85,9252300
TFC-I,05-Aug-2026,18.11,18.155,18.09,18.1335,21000
TFC-O,05-Aug-2026,20.45,20.45,20.29,20.35,39700
TFC-R,05-Aug-2026,18.43,18.43,18.25,18.34,64500
TFCpI,05-Aug-2026,18.11,18.155,18.09,18.1335,18752
TFCpO,05-Aug-2026,20.45,20.45,20.29,20.4,27333
TFCpR,05-Aug-2026,18.43,18.43,18.25,18.4,47348
TFI-,05-Aug-2026,22.21,22.23,22.08,22.2,8500
TFII,05-Aug-2026,141.52,142.83,139.29,139.45,258700
TFIN,05-Aug-2026,79.82,79.84,78.08,78.11,169900
TFINP,05-Aug-2026,22.21,22.23,22.08,22.2,4050
TFPM,05-Aug-2026,31.3,32.02,31.09,31.27,871200
TFX,05-Aug-2026,140.16,141.315,136.78,136.78,645200
TG,05-Aug-2026,7.75,7.775,7.61,7.77,92300
TGE,05-Aug-2026,0.97,0.976,0.95,0.96,23200
TGLS,05-Aug-2026,46.4,48.59,46.31,47.75,333500
TGS,05-Aug-2026,30,30.2,29.18,29.56,346400
TGT,05-Aug-2026,148.65,148.95,146.91,147.7,4230300
THC,05-Aug-2026,256.12,263.6,250.66,261.74,1101100
THG,05-Aug-2026,229.24,231.69,227.83,229.12,301400
THIR,05-Aug-2026,34.79,34.79,34.65,34.73,13700
THLV,05-Aug-2026,32.8,32.87,32.8,32.86,1800
THMR,05-Aug-2026,25.23,25.23,25.1068,25.1068,20700
THO,05-Aug-2026,81.14,81.14,79.02,79.48,370400
THQ,05-Aug-2026,18.8,19,18.8,18.89,170000
THW,05-Aug-2026,13.4,13.62,13.2,13.35,206100
TIC,05-Aug-2026,8.19,8.3,8.05,8.18,2816200
TIMB,05-Aug-2026,18.47,18.68,18.25,18.27,629700
TISI,05-Aug-2026,17.2,17.58,16.8,17.07,15000
TJX,05-Aug-2026,158.12,160.495,157.83,159.92,6045000
TK,05-Aug-2026,11.37,11.38,10.85,10.87,546800
TKC,05-Aug-2026,5.58,5.636,5.405,5.43,2833700
TKO,05-Aug-2026,186.83,187,181.88,183.07,1072300
TKR,05-Aug-2026,132.01,133.42,128.0001,131.32,1918100
TLK,05-Aug-2026,15.16,15.16,14.69,14.8,732400
TLYS,05-Aug-2026,4.18,4.34,4.0701,4.18,192700
TM,05-Aug-2026,186.66,186.9537,185.29,185.89,485100
TME,05-Aug-2026,9.68,9.69,9.475,9.53,12828900
TMO,05-Aug-2026,567.93,578,564.402,577.83,1552800
TNC,05-Aug-2026,89.09,89.09,86.72,87.25,146500
TNET,05-Aug-2026,69.93,70.48,67.23,68.37,400000
TNGY,05-Aug-2026,10.31,10.31,10.1,10.1106,231400
TNK,05-Aug-2026,77.42,77.69,74.24,74.42,305000
TNL,05-Aug-2026,78.56,79.49,77.83,77.9,632500
TOL,05-Aug-2026,152.5,155.97,151.805,154.97,763100
TOST,05-Aug-2026,35.08,36.36,34.55,34.8,20693900
TpA,05-Aug-2026,18.26,18.28,18.02,18.03,217058
TPB,05-Aug-2026,83.1,86.04,80.9,83.71,487200
TPC,05-Aug-2026,86.38,87.645,84.24,84.55,652600
TPL,05-Aug-2026,394.67,397.0982,379.53,381.88,350300
TPR,05-Aug-2026,157.19,161.58,156.555,159.16,1801300
TPTS,05-Aug-2026,16.7,16.88,16.5,16.57,7100
TPVG,05-Aug-2026,4.75,4.75,4.6,4.62,255200
TPYP,05-Aug-2026,42.21,42.21,41.725,41.7787,38600
TPZ,05-Aug-2026,21.26,21.28,21.045,21.085,7500
TR,05-Aug-2026,39.89,39.9055,39.27,39.84,133200
TRA-,05-Aug-2026,0.3,0.3,0.3,0.3,19400
TRAK,05-Aug-2026,8.84,8.84,8.34,8.61,61100
TRC,05-Aug-2026,16.79,16.8,16.43,16.45,125100
TREX,05-Aug-2026,46.91,50.19,46.5675,49.57,4712000
TRGP,05-Aug-2026,263.99,264.11,257.7,260.11,1164600
TRIN,05-Aug-2026,17.55,18,16.935,17.24,3446700
TRLV,05-Aug-2026,8.81,8.81,8.28,8.44,1044800
TRN,05-Aug-2026,32.13,32.74,31.76,32.46,1072400
TRNI,05-Aug-2026,25.28,25.285,25.21,25.25,10600
TRNO,05-Aug-2026,70.67,71.085,69.38,69.45,620700
TRNZ,05-Aug-2026,25.29,25.37,25.28,25.31,17900
TROX,05-Aug-2026,5.74,5.94,5.53,5.85,4593400
TRP,05-Aug-2026,66.13,66.13,63.72,63.86,4156900
TRT-A,05-Aug-2026,26.2,26.2,25.93,26.06,5400
TRT-B,05-Aug-2026,25.25,25.335,25.25,25.27,3600
TRT-C,05-Aug-2026,24.78,24.78,24.6666,24.71,3700
TRT-D,05-Aug-2026,22.71,23.0426,22.7,22.7,5100
TRT-E,05-Aug-2026,18.93,18.93,18.83,18.83,6100
TRT-F,05-Aug-2026,24.44,24.54,24.4,24.44,4800
TRT-G,05-Aug-2026,23.63,23.71,23.52,23.65,39800
TRT-P,05-Aug-2026,18.68,18.68,18.54,18.54,1900
TRTNpA,05-Aug-2026,26.2,26.2,25.93,26.06,4991
TRTNpB,05-Aug-2026,25.25,25.335,25.25,25.3299,2675
TRTNpC,05-Aug-2026,24.78,24.78,24.6666,24.72,2069
TRTNpD,05-Aug-2026,22.71,23.0426,22.71,22.75,3618
TRTNpE,05-Aug-2026,18.93,18.93,18.835,18.835,5043
TRTNpF,05-Aug-2026,24.44,24.54,24.4,24.4,3530
TRTX,05-Aug-2026,8.02,8.02,7.9,7.94,934500
TRTXpC,05-Aug-2026,18.68,18.68,18.54,18.54,1458
TRU,05-Aug-2026,82.61,82.765,78.75,79.97,2001300
TRV,05-Aug-2026,378.19,385.4,378.19,382.45,1436200
TS,05-Aug-2026,58.37,58.47,56.985,57.05,911600
TSI,05-Aug-2026,4.41,4.41,4.39,4.4,349400
TSLX,05-Aug-2026,17.6,18.205,17.41,18.08,703800
TSM,05-Aug-2026,419.32,426.3,413.0701,414,12790400
TSN,05-Aug-2026,59,59.035,58.09,58.19,2883600
TSQ,05-Aug-2026,6.24,6.45,6.05,6.36,89600
TT,05-Aug-2026,477.02,488.79,468.64,483.58,1251200
TTAM,05-Aug-2026,16.14,16.32,15.865,16.05,201600
TTC,05-Aug-2026,99.31,99.96,98.3,98.92,518500
TTE,05-Aug-2026,86.6,86.76,84.47,84.74,1395800
TTI,05-Aug-2026,8.11,8.59,8.1,8.45,2314400
TU,05-Aug-2026,9.53,9.825,9.42,9.8,12597400
TUYA,05-Aug-2026,1.76,1.76,1.71,1.74,275500
TV,05-Aug-2026,2.75,2.785,2.72,2.74,1579700
TVC,05-Aug-2026,24.03,24.07,24,24.02,11500
TVE,05-Aug-2026,23.46,23.48,23.46,23.48,800
TWI,05-Aug-2026,7.45,7.5,7.285,7.3,428800
TWLO,05-Aug-2026,191.51,198.4799,187.945,193.22,2318200
TWN,05-Aug-2026,88.99,90.25,88.21,89.02,19400
TWO,05-Aug-2026,12.05,12.06,12.03,12.03,3846500
TWO-A,05-Aug-2026,25.03,25.06,25.03,25.05,19000
TWO-B,05-Aug-2026,25.02,25.06,25.02,25.05,32000
TWO-C,05-Aug-2026,25.06,25.07,25.06,25.07,39200
TWOD,05-Aug-2026,25.25,25.34,25.2201,25.34,20400
TWOpA,05-Aug-2026,25.03,25.06,25.03,25.05,10052
TWOpB,05-Aug-2026,25.02,25.06,25.02,25.05,29853
TWOpC,05-Aug-2026,25.06,25.07,25.06,25.07,26346
TX,05-Aug-2026,51.45,53.98,51.44,53.71,1618600
TXNM,05-Aug-2026,57.42,57.6,57.36,57.36,1248500
TXO,05-Aug-2026,13.54,13.7,13.03,13.58,176800
TXT,05-Aug-2026,89.26,89.94,88.23,88.46,1599600
TY,05-Aug-2026,35.67,36,35.575,35.6,18600
TY-,05-Aug-2026,41.68,42.03,41.68,42.03,2400
TYG,05-Aug-2026,42.59,42.6,41.7601,41.89,195100
TYL,05-Aug-2026,316.75,317.63,305.16,306.58,786200
TYp,05-Aug-2026,41.68,42.03,41.68,42.03,2300
U,05-Aug-2026,36.15,36.5595,35.06,35.47,17457400
UA,05-Aug-2026,6.76,6.76,6.595,6.61,2352000
UAA,05-Aug-2026,6.76,6.91,6.745,6.76,4202900
UAMY,05-Aug-2026,6.23,6.52,6.1,6.38,5276800
UAN,05-Aug-2026,127.01,128.79,125,126.6,52100
UBER,05-Aug-2026,69,69.42,66.735,68.18,50131900
UBS,05-Aug-2026,52.94,53.83,52.925,53.57,1904500
UCB,05-Aug-2026,36.16,36.205,35.93,36.07,648000
UDR,05-Aug-2026,38.66,38.85,38.33,38.52,3411500
UE,05-Aug-2026,22.27,22.27,21.99,22.04,784200
UFI,05-Aug-2026,6.83,6.9499,6.48,6.61,132900
UGI,05-Aug-2026,36.06,36.1675,35.36,35.54,1685400
UGP,05-Aug-2026,6.44,6.455,6.26,6.26,2670800
UHA.B,05-Aug-2026,64.53,65.04,63.76,64.91,284000
UHAL,05-Aug-2026,73.79,74.18,72.71,74.08,165900
UHAL.B,05-Aug-2026,64.53,65.04,63.76,64.93,124608
UHS,05-Aug-2026,168.5,173.045,166.5,171.66,721400
UHT,05-Aug-2026,42.12,42.48,41.5,42.39,138600
UI,05-Aug-2026,562.99,575,556.225,569.12,78100
UIS,05-Aug-2026,2.97,3.02,2.89,2.93,738600
UL,05-Aug-2026,64.37,64.68,63.91,64.43,3684400
ULS,05-Aug-2026,78,81.55,76.66,79.05,1748800
UMC,05-Aug-2026,19.66,19.945,19.2,19.29,15095800
UMH,05-Aug-2026,15.37,15.4148,15.085,15.2,766900
UMH-D,05-Aug-2026,22.13,22.1827,22.085,22.12,5900
UMHpD,05-Aug-2026,22.125,22.1827,22.085,22.12,4374
UNF,05-Aug-2026,292.76,292.76,287.12,289.9,176200
UNFI,05-Aug-2026,49.09,49.48,47.82,48.05,359000
UNH,05-Aug-2026,403.19,416.36,397.8,412.75,5399000
UNM,05-Aug-2026,91.3,91.3,88.32,89.08,1754100
UNMA,05-Aug-2026,21.45,21.5518,21.27,21.31,33400
UNP,05-Aug-2026,295.04,296.52,292.965,295.54,2586600
UP,05-Aug-2026,5.71,5.85,5.55,5.73,88200
UPS,05-Aug-2026,109.02,109.3,106.92,107.7,3936700
URI,05-Aug-2026,1151,1168.93,1146.275,1162.04,374100
USA,05-Aug-2026,5.97,6,5.96,5.98,1338600
USAC,05-Aug-2026,26.25,26.4707,25.66,25.71,178000
USB,05-Aug-2026,64.5,64.67,64.05,64.21,9713700
USB-A,05-Aug-2026,765.26,769.9299,762.0004,769.9299,900
USB-H,05-Aug-2026,18.73,18.8,18.7001,18.8,34100
USB-P,05-Aug-2026,21.58,21.64,21.48,21.56,48200
USB-Q,05-Aug-2026,14.46,14.46,14.33,14.38,30800
USB-R,05-Aug-2026,15.32,15.32,15.2,15.2,57200
USB-S,05-Aug-2026,17.33,17.37,17.25,17.26,36200
USBpA,05-Aug-2026,765.26,769.9299,762.0004,769.9299,595
USBpH,05-Aug-2026,18.73,18.8,18.7001,18.8,27539
USBpP,05-Aug-2026,21.58,21.64,21.48,21.55,39968
USBpQ,05-Aug-2026,14.46,14.46,14.33,14.39,21198
USBpR,05-Aug-2026,15.32,15.32,15.2,15.21,42585
USBpS,05-Aug-2026,17.33,17.37,17.25,17.3,30907
USFD,05-Aug-2026,99.9,100.61,99.04,100.49,3059500
USNA,05-Aug-2026,18.235,18.235,14.475,14.99,689100
USPH,05-Aug-2026,76.13,77.74,74.81,77.71,266600
UTF,05-Aug-2026,27.54,27.5758,27.16,27.3,298500
UTI,05-Aug-2026,42.93,43.61,41.47,42.37,993600
UTL,05-Aug-2026,54.15,54.23,52.89,53.52,151800
UTZ,05-Aug-2026,14.15,14.15,14.1,14.12,2878300
UVE,05-Aug-2026,44.69,44.94,44.01,44.21,179000
UVV,05-Aug-2026,53.07,53.24,51.75,52.07,295300
UWMC,05-Aug-2026,1.95,1.95,1.8111,1.84,21883800
UZD,05-Aug-2026,19.24,19.24,19.15,19.15,2700
UZE,05-Aug-2026,16.94,16.94,16.8,16.8,11500
UZF,05-Aug-2026,16.82,16.82,16.8,16.8,2300
V,05-Aug-2026,372.3,372.4,366.72,368.54,6065300
VAC,05-Aug-2026,98.67,103.12,98.62,101.74,475600
VAC.W,05-Aug-2026,0.7499,0.7499,0.695,0.7,7500
VACI,05-Aug-2026,10.13,10.14,10.13,10.13,45500
VAL,05-Aug-2026,79.28,79.28,76.1,76.97,668700
VAL.W,05-Aug-2026,9.41,9.415,8.66,8.96,22300
VAL.WS,05-Aug-2026,9.78,10.5,8.66,8.96,16276
VALE,05-Aug-2026,14.75,14.98,14.685,14.94,33258200
VATE,05-Aug-2026,7.66,7.7,7.2,7.56,94100
VBF,05-Aug-2026,14.72,14.8066,14.44,14.77,50700
VCV,05-Aug-2026,10.55,10.65,10.54,10.58,126300
VCX,05-Aug-2026,35.15,35.9994,33,33,230300
VEC-,05-Aug-2026,0.36,0.38,0.35,0.37,77300
VECA,05-Aug-2026,9.87,10,9.87,10,1800
VEEV,05-Aug-2026,212.85,214.245,210.4401,213.51,1548700
VEL,05-Aug-2026,17.79,17.85,17.61,17.67,79300
VET,05-Aug-2026,11.07,11.13,10.54,10.56,1111000
VFC,05-Aug-2026,15.33,15.415,15.17,15.22,7638300
VG,05-Aug-2026,12.9,12.93,12.3301,12.43,9465400
VGI,05-Aug-2026,7.31,7.3308,7.275,7.31,57000
VGM,05-Aug-2026,10.23,10.23,10.195,10.21,50400
VGNT,05-Aug-2026,46.08,46.71,44.795,45.03,1234100
VHI,05-Aug-2026,13.85,14.6,13.8,14.42,25300
VIA,05-Aug-2026,22,22,20.98,21.36,581600
VICI,05-Aug-2026,26.55,26.645,26.245,26.4,7891700
VII,05-Aug-2026,9.85,9.85,9.825,9.8372,3100
VIK,05-Aug-2026,107.93,110.09,107.89,108.26,1916200
VIPS,05-Aug-2026,15.59,15.665,15.47,15.54,3820100
VIRT,05-Aug-2026,57.56,59.49,57.3723,58.47,897300
VIST,05-Aug-2026,65.59,67.1087,63.88,64.04,754100
VIV,05-Aug-2026,12.28,12.32,12.12,12.2,1167000
VKQ,05-Aug-2026,9.79,9.8709,9.78,9.83,175400
VLN,05-Aug-2026,1.77,1.77,1.66,1.69,630200
VLO,05-Aug-2026,315,315,301.3,302.39,3186100
VLRS,05-Aug-2026,8.42,8.675,8.35,8.37,926900
VLT,05-Aug-2026,10.05,10.1,10.03,10.03,39300
VLTO,05-Aug-2026,97,97.18,95.94,97.16,1665900
VMC,05-Aug-2026,285.28,289.5,285.26,286.77,733200
VMI,05-Aug-2026,504.49,511.865,495.66,496.4,149100
VMO,05-Aug-2026,9.69,9.74,9.675,9.72,169500
VNO,05-Aug-2026,41.01,41.01,39.73,39.91,1380300
VNO-L,05-Aug-2026,17.64,17.74,17.6,17.68,10400
VNO-M,05-Aug-2026,17.57,17.77,17.5201,17.58,21700
VNO-N,05-Aug-2026,17.36,17.6,17.33,17.42,7200
VNO-O,05-Aug-2026,14.84,14.92,14.68,14.68,12500
VNOpL,05-Aug-2026,17.64,17.74,17.6,17.7,8100
VNOpM,05-Aug-2026,17.57,17.77,17.5201,17.59,18613
VNOpN,05-Aug-2026,17.36,17.6,17.33,17.405,4538
VNOpO,05-Aug-2026,14.84,14.92,14.6933,14.76,10257
VNT,05-Aug-2026,33.35,33.97,33.2,33.62,2068100
VOC,05-Aug-2026,2.99,3.06,2.93,2.95,68900
VOY-B,05-Aug-2026,23.76,23.76,23.38,23.54,24900
VOYA,05-Aug-2026,95.65,101.375,94.86,100.11,2170300
VOYApB,05-Aug-2026,23.76,23.76,23.38,23.39,18571
VOYG,05-Aug-2026,32.54,35.39,31.76,34.73,2081200
VPG,05-Aug-2026,68.22,80,65.41,73.56,2048900
VPV,05-Aug-2026,10.9,11,10.8688,10.91,23500
VRT,05-Aug-2026,270.45,282.5,270,277.94,5933100
VRTS,05-Aug-2026,164.03,166.01,160.935,161.81,228000
VSH,05-Aug-2026,37.12,37.12,33.11,33.18,11397600
VST,05-Aug-2026,143.9,145.5,140.17,140.58,6091400
VSTS,05-Aug-2026,14.24,14.38,13.85,13.93,1100000
VSXY,05-Aug-2026,89.45,91.89,89.23,89.86,1378200
VTEX,05-Aug-2026,4.56,4.6,4.37,4.4,647400
VTMX,05-Aug-2026,34.08,34.33,33.48,33.6,27700
VTN,05-Aug-2026,11.2,11.22,11.05,11.2,30300
VTOL,05-Aug-2026,45.39,45.61,41.64,44.24,510800
VTR,05-Aug-2026,90.76,92.97,90.18,92.53,3456600
VTS,05-Aug-2026,15.88,15.98,15.51,15.8,591400
VVR,05-Aug-2026,2.96,2.98,2.95,2.98,1011300
VVV,05-Aug-2026,36.4,37.585,35.22,36.98,5304700
VVX,05-Aug-2026,80.27,81.2599,77.73,77.94,531900
VYX,05-Aug-2026,9.45,10.135,9.125,9.52,4430800
VZ,05-Aug-2026,46,46.91,45.085,46.47,39580600
W,05-Aug-2026,114.89,115.53,107.04,107.57,5466600
WAB,05-Aug-2026,299.75,300.99,295.64,296.31,588600
WAL,05-Aug-2026,84.91,84.98,82.94,82.98,723400
WAL-A,05-Aug-2026,24.38,24.44,24.37,24.44,28900
WALpA,05-Aug-2026,24.375,24.44,24.37,24.42,26171
WAT,05-Aug-2026,398.86,402.48,390.75,400,1104500
WBI,05-Aug-2026,33.8,34.18,33.28,33.55,494400
WBIY,05-Aug-2026,37.79,37.79,37.29,37.75,13000
WBS,05-Aug-2026,78.75,79.23,78.75,79.12,9681800
WBS-F,05-Aug-2026,20.63,20.9923,20.63,20.92,9300
WBS-G,05-Aug-2026,23.28,24.11,23.28,23.98,52200
WBSpF,05-Aug-2026,20.63,20.9923,20.63,20.91,6458
WBSpG,05-Aug-2026,23.28,24.11,23.28,23.98,48434
WBX,05-Aug-2026,3.64,3.74,3.33,3.36,22700
WCC,05-Aug-2026,374.24,383.26,372.35,373.08,641300
WCN,05-Aug-2026,165.94,165.97,162.705,164.5,1386400
WD,05-Aug-2026,51.93,52.0112,50.775,51.39,282800
WDH,05-Aug-2026,1.07,1.09,0.96,1,962800
WDI,05-Aug-2026,13.05,13.15,13.0302,13.06,260900
WDS,05-Aug-2026,22.53,22.545,21.985,22.02,1005000
WEA,05-Aug-2026,10.42,10.47,10.42,10.47,29800
WEAV,05-Aug-2026,6.99,7.0599,6.73,6.8,693900
WEC,05-Aug-2026,108.94,109.23,107.53,108.26,2119700
WELL,05-Aug-2026,232.3,237.51,230.19,237.25,3061100
WENC,05-Aug-2026,10,10,10,10,100
WES,05-Aug-2026,46.59,46.85,45.99,46.15,891300
WEX,05-Aug-2026,190,192.3711,187.6,188.4,503500
WF,05-Aug-2026,70.96,70.96,69.69,69.8,86300
WFC,05-Aug-2026,89.23,89.62,88.84,89.17,9613300
WFC-A,05-Aug-2026,18.2,18.2,18.08,18.08,101800
WFC-C,05-Aug-2026,16.92,16.93,16.8,16.82,75900
WFC-D,05-Aug-2026,16.48,16.57,16.4,16.46,108200
WFC-L,05-Aug-2026,1183,1183,1171.5,1175.2,9500
WFC-Y,05-Aug-2026,22.32,22.37,22.24,22.25,43800
WFC-Z,05-Aug-2026,18.4,18.4,18.29,18.36,136600
WFCpA,05-Aug-2026,18.2,18.2,18.08,18.08,85864
WFCpC,05-Aug-2026,16.92,16.93,16.8,16.82,65262
WFCpD,05-Aug-2026,16.48,16.57,16.4,16.46,91890
WFCpL,05-Aug-2026,1185,1185.01,1171.5,1173.21,5947
WFCpY,05-Aug-2026,22.32,22.37,22.24,22.25,33629
WFCpZ,05-Aug-2026,18.4,18.4,18.29,18.36,116019
WFG,05-Aug-2026,70,70.65,69.14,70.26,312300
WGO,05-Aug-2026,31.8,32.22,31.27,31.98,369700
WH,05-Aug-2026,75.83,77.89,75.57,76.12,1327000
WHD,05-Aug-2026,68,68,65.1925,65.91,861700
WHG,05-Aug-2026,19.22,19.325,19,19.15,17800
WHK,05-Aug-2026,25.97,26.6199,25.41,25.47,115000
WHR,05-Aug-2026,43.81,47.1,43.5,45.19,3866200
WHR-A,05-Aug-2026,36.9,38.35,36.79,37.16,132400
WIA,05-Aug-2026,7.99,7.99,7.95,7.96,30500
WINN,05-Aug-2026,34.26,34.32,33.8,33.84,120600
WIT,05-Aug-2026,2.04,2.06,1.985,2,4379400
WIW,05-Aug-2026,8.31,8.32,8.285,8.31,310300
WK,05-Aug-2026,61.21,63.685,59.72,61.7,1180800
WKC,05-Aug-2026,39.51,39.515,38.44,38.46,1593100
WLK,05-Aug-2026,79.42,79.765,75.48,78.74,1786700
WLKP,05-Aug-2026,21.36,21.48,21.22,21.27,47500
WLTG,05-Aug-2026,39.05,39.05,38.7,38.7267,11700
WLY,05-Aug-2026,54.8,55.1,54.0101,54.46,264300
WLYB,05-Aug-2026,55,55.51,54.21,54.28,64600
WM,05-Aug-2026,226.05,226.44,222.42,224.31,2132500
WMB,05-Aug-2026,71.52,72.14,70.96,71.81,6230900
WMK,05-Aug-2026,77.26,77.305,72.51,74.66,301900
WMS,05-Aug-2026,148.67,151.9172,146.1,149.59,983500
WNC,05-Aug-2026,12.33,12.8,12.211,12.71,913500
WOLF,05-Aug-2026,26.04,26.6,24.96,25.19,3013400
WOR,05-Aug-2026,59.22,59.66,58.62,58.72,155800
WPC,05-Aug-2026,72.57,72.79,71.36,72.18,1297800
WPM,05-Aug-2026,121.5,125.5,120.68,122.82,3578200
WPP,05-Aug-2026,21.16,21.52,20.51,20.61,605800
WRB,05-Aug-2026,71.9,72.275,71.395,72.08,1633600
WRB-E,05-Aug-2026,21.07,21.0882,21,21,11400
WRB-F,05-Aug-2026,18.45,18.6,18.38,18.41,16300
WRB-G,05-Aug-2026,15.75,15.77,15.7,15.7,3500
WRB-H,05-Aug-2026,15.27,15.314,15.17,15.17,9200
WRBpE,05-Aug-2026,21.0709,21.0882,21.01,21.01,9095
WRBpF,05-Aug-2026,18.45,18.6,18.38,18.4101,10729
WRBpG,05-Aug-2026,15.7501,15.77,15.715,15.715,1846
WRBpH,05-Aug-2026,15.27,15.314,15.18,15.18,5748
WRBY,05-Aug-2026,30,30.93,28.25,29.27,4143700
WS,05-Aug-2026,38.22,39.0323,35.12,38.09,207400
WSM,05-Aug-2026,247.69,252.99,247.6,248.24,1084700
WSO,05-Aug-2026,333.33,335.92,331.5301,333.12,247800
WST,05-Aug-2026,349.26,354.96,349,351.02,499300
WT,05-Aug-2026,22.39,23.145,21.78,22.03,4998700
WTI,05-Aug-2026,3.39,3.405,3.25,3.25,4815300
WTM,05-Aug-2026,2136.5,2136.5,2095.43,2111.91,19300
WTRG,05-Aug-2026,39.71,39.83,39.1,39.59,1877600
WTS,05-Aug-2026,359.65,365.15,355.73,363.84,295100
WTTR,05-Aug-2026,20,22.55,19.2,22.26,6975400
WU,05-Aug-2026,7.27,7.41,7.195,7.26,11307200
WWW,05-Aug-2026,19.52,19.98,19.32,19.5,740400
WY,05-Aug-2026,25.72,25.92,25.415,25.84,5778200
XFLH,05-Aug-2026,10,10,10,10,51300
XFLT,05-Aug-2026,18.8,18.8647,18.659,18.66,44000
XHR,05-Aug-2026,20.37,20.5999,20.2114,20.46,801300
XIFR,05-Aug-2026,11.97,11.97,11.485,11.55,856500
XOM,05-Aug-2026,155.035,155.04,151.1501,151.63,12227500
XPER,05-Aug-2026,7.93,8.01,7.75,7.83,471200
XPEV,05-Aug-2026,12.04,12.045,11.725,11.75,8198900
XPO,05-Aug-2026,203.06,205.04,199.76,200.18,725600
XPOF,05-Aug-2026,6.77,6.805,6.58,6.72,414200
XPRO,05-Aug-2026,16.63,16.75,15.73,16.32,1041000
XRN,05-Aug-2026,35.04,35.35,34.5,35.06,96200
XRN-A,05-Aug-2026,24.6,24.64,24.565,24.6287,2000
XRN-B,05-Aug-2026,25.45,25.67,25.45,25.67,200
XXI,05-Aug-2026,4.45,4.63,4.4214,4.54,861200
XYF,05-Aug-2026,5.2,5.245,5.05,5.07,30100
XYL,05-Aug-2026,122.75,122.99,121.35,122.25,1351700
XYZ,05-Aug-2026,85.29,86.75,83.67,84.2,8553100
XZO,05-Aug-2026,16.37,16.82,16.025,16.1,86800
YALA,05-Aug-2026,5.56,5.56,5.37,5.37,287600
YELP,05-Aug-2026,26.63,26.9,25.27,25.69,1415600
YETI,05-Aug-2026,52.5,53.99,52.02,52.51,1470900
YEXT,05-Aug-2026,5.77,5.77,5.64,5.73,573700
YMM,05-Aug-2026,9.76,9.76,9.46,9.55,6462200
YOU,05-Aug-2026,64.77,69.07,55.8108,56.46,3991500
YPF,05-Aug-2026,50,50.08,48.58,48.67,1487200
YRD,05-Aug-2026,1.17,1.17,1.0881,1.12,28100
YSG,05-Aug-2026,2.94,3.22,2.94,3.2,99500
YSS,05-Aug-2026,15,15.17,13.105,13.15,2464600
YUM,05-Aug-2026,148.18,153.16,148.13,152.37,3047200
YUMC,05-Aug-2026,48.32,48.39,47.46,47.5,1206800
ZBH,05-Aug-2026,101,101.8,96.78,98.16,5480400
ZEPP,05-Aug-2026,4.64,4.75,4.52,4.57,27600
ZETA,05-Aug-2026,24.65,28.5,24.45,27.07,36373100
ZGN,05-Aug-2026,15.02,15.35,15,15.21,684000
ZH,05-Aug-2026,3.32,3.32,3.265,3.28,155700
ZIM,05-Aug-2026,27.77,27.8695,26.53,26.58,2364300
ZIP,05-Aug-2026,4.44,4.46,4.2,4.25,671300
ZKH,05-Aug-2026,2.87,2.87,2.7,2.86,52100
ZTO,05-Aug-2026,23.98,23.98,23.485,23.69,2749700
ZTR,05-Aug-2026,6.75,6.77,6.74,6.77,108900
ZTS,05-Aug-2026,76.1,76.6499,72.98,74.39,10181200
ZVIA,05-Aug-2026,1.76,1.77,1.69,1.71,377300
ZWS,05-Aug-2026,53.18,53.48,52.73,52.76,759200
