Symbol,Date,Open,High,Low,Close,Volume
A,16-Sep-2026,150.83,155.52,150.3,153.69,2507700
AA,16-Sep-2026,47.09,47.47,45.82,46.26,3584400
AAC,16-Sep-2026,10.11,10.11,10.07,10.11,2200
AAC.U,16-Sep-2026,10.19,10.19,10.19,10.19,100
AAC.W,16-Sep-2026,0.71,0.83,0.69,0.7,2400
AADX,16-Sep-2026,12.58,12.95,12.421,12.69,2241400
AAMI,16-Sep-2026,88.11,90.905,87.078,89.21,539600
AAP,16-Sep-2026,43.5,44.09,41.85,41.9,1685800
AAT,16-Sep-2026,21.64,21.955,21.57,21.79,391800
AAUC,16-Sep-2026,21.45,21.45,20.695,20.94,478900
AB,16-Sep-2026,36.04,36.5,35.29,35.5,442800
ABBV,16-Sep-2026,261.99,264,260.975,262.51,3118200
ABCB,16-Sep-2026,84.95,84.95,82.28,83.72,657300
ABEV,16-Sep-2026,3,3.02,2.97,2.99,24899500
ABG,16-Sep-2026,206.3,206.3,194.3,195.21,269100
ABM,16-Sep-2026,50.11,51.05,50.025,50.34,467900
ABR,16-Sep-2026,4.54,4.595,4.5,4.52,3919100
ABR-D,16-Sep-2026,15.45,15.48,15.2,15.39,33600
ABR-E,16-Sep-2026,15.23,15.25,15.15,15.15,38300
ABR-F,16-Sep-2026,22.25,22.2717,22.21,22.21,11600
ABRpD,16-Sep-2026,15.45,15.48,15.2,15.39,33642
ABRpE,16-Sep-2026,15.23,15.25,15.15,15.15,38300
ABRpF,16-Sep-2026,22.25,22.2717,22.21,22.21,11672
ABT,16-Sep-2026,101.89,103.3,101.5,102.36,5229700
ABX,16-Sep-2026,9.44,9.53,9.141,9.21,431000
ABXL,16-Sep-2026,25.5,25.505,25.34,25.34,5700
ACA,16-Sep-2026,145.27,145.45,145.1,145.14,753100
ACCO,16-Sep-2026,4.25,4.3191,4.19,4.25,671700
ACEL,16-Sep-2026,11.47,11.6699,11.47,11.51,298200
ACH,16-Sep-2026,1.1,1.11,1.04,1.07,1243300
ACHR,16-Sep-2026,5.49,5.5088,5.12,5.22,28025100
ACI,16-Sep-2026,12.76,12.91,12.55,12.56,6551000
ACLO,16-Sep-2026,50.45,50.48,50.45,50.47,1000
ACM,16-Sep-2026,64.8,64.8,62.7,62.81,1626200
ACN,16-Sep-2026,190.04,191.9999,188.18,189.64,3319800
ACP,16-Sep-2026,4.64,4.695,4.61,4.65,1005600
ACP-A,16-Sep-2026,18.74,18.74,18.545,18.545,3300
ACPpA,16-Sep-2026,18.74,18.74,18.545,18.545,3390
ACR,16-Sep-2026,13.38,13.57,13.245,13.33,27400
ACR-C,16-Sep-2026,23.5,23.82,23.5,23.73,8700
ACR-D,16-Sep-2026,19.17,19.565,19.151,19.35,5000
ACRE,16-Sep-2026,4.34,4.393,4.295,4.33,309500
ACRpC,16-Sep-2026,23.5,23.82,23.5,23.73,8709
ACRpD,16-Sep-2026,19.17,19.565,19.151,19.35,5038
ACV,16-Sep-2026,25.36,25.79,24.73,25.34,20500
ACVA,16-Sep-2026,10.44,10.44,10.42,10.42,12102100
AD,16-Sep-2026,38.06,38.51,37.38,37.9,407300
ADC,16-Sep-2026,70.15,70.56,67.93,68.5,1715200
ADC-A,16-Sep-2026,15.96,16.14,15.88,15.94,13900
ADCT,16-Sep-2026,1.09,1.095,1.025,1.05,3316900
ADCpA,16-Sep-2026,15.96,16.14,15.88,15.94,13962
ADIG,16-Sep-2026,20.33,21.6721,20.33,20.99,768800
ADM,16-Sep-2026,85.71,86.71,84.52,85,4164700
ADNT,16-Sep-2026,18.51,18.82,17.87,18.23,762700
ADT,16-Sep-2026,7.09,7.13,6.97,7.03,6559900
ADX,16-Sep-2026,25.61,25.68,25.205,25.34,266500
AEE,16-Sep-2026,103.67,104.165,102.625,103.04,1080900
AEFC,16-Sep-2026,17.79,18.35,17.79,18.14,122000
AEG,16-Sep-2026,9.06,9.13,8.94,9.02,3829000
AEM,16-Sep-2026,200.99,202.4,192.7,195.57,1819700
AEO,16-Sep-2026,14.82,15.205,14.63,14.81,5330300
AER,16-Sep-2026,139.73,143.4,139,142.21,1259300
AES,16-Sep-2026,14.82,14.84,14.8,14.81,8108900
AESI,16-Sep-2026,13.7,13.95,13.23,13.57,2926200
AEXA,16-Sep-2026,11.22,11.31,11.1,11.17,48800
AFB,16-Sep-2026,10.15,10.165,10.08,10.1,59000
AFG,16-Sep-2026,143.12,144.84,142.52,142.98,717100
AFGB,16-Sep-2026,20.67,20.92,20.67,20.85,7500
AFGC,16-Sep-2026,17.9,18.2,17.73,18.12,14100
AFGD,16-Sep-2026,20.58,21.01,20.3529,20.61,8500
AFGE,16-Sep-2026,16.06,16.315,16.005,16.21,20800
AFL,16-Sep-2026,117.23,118.09,116.15,116.81,2475600
AG,16-Sep-2026,19.06,19.18,17.93,18.33,11636300
AGBK,16-Sep-2026,6.33,6.33,6.1317,6.19,183300
AGCO,16-Sep-2026,123.72,124.255,118,119.89,862300
AGD,16-Sep-2026,11.82,11.9036,11.68,11.75,58500
AGI,16-Sep-2026,36,36.02,33.97,34.45,5561100
AGL,16-Sep-2026,91.79,91.995,87.23,89.66,165100
AGM,16-Sep-2026,222.93,224.9,216.2668,220.65,134600
AGM-D,16-Sep-2026,20.8,20.9548,20.751,20.8369,2600
AGM-E,16-Sep-2026,20.44,20.78,20.44,20.725,27300
AGM-F,16-Sep-2026,18.33,18.6461,18.33,18.43,7800
AGM-G,16-Sep-2026,17.23,17.5,17.09,17.1,31300
AGM-H,16-Sep-2026,22.76,23.248,22.2309,23.248,2900
AGM-I,16-Sep-2026,24.7,24.71,24.65,24.7,7000
AGM.A,16-Sep-2026,152.55,152.55,152.55,152.55,300
AGMpD,16-Sep-2026,20.8,20.9548,20.751,20.8369,2650
AGMpE,16-Sep-2026,20.44,20.78,20.44,20.725,27322
AGMpF,16-Sep-2026,18.33,18.6461,18.33,18.43,7847
AGMpG,16-Sep-2026,17.23,17.5,17.09,17.1,31343
AGMpH,16-Sep-2026,22.76,23.248,22.2309,23.248,2928
AGO,16-Sep-2026,71.56,72.34,71.18,71.29,494600
AGRO,16-Sep-2026,11.48,11.755,11.29,11.62,901000
AGX,16-Sep-2026,396.69,402.01,390.34,393.72,370400
AHL-D,16-Sep-2026,18.12,18.3615,18.12,18.165,13000
AHL-E,16-Sep-2026,17.96,18.145,17.7701,17.89,18700
AHL-F,16-Sep-2026,23.04,23.18,22.9,23.09,19100
AHLpD,16-Sep-2026,18.12,18.3615,18.12,18.165,13012
AHLpE,16-Sep-2026,17.96,18.145,17.7701,17.89,18753
AHLpF,16-Sep-2026,23.04,23.18,22.9,23.09,19163
AHR,16-Sep-2026,53.02,53.82,52.8,53.14,3514100
AHR-A,16-Sep-2026,21.3,21.53,21.28,21.28,2800
AHT,16-Sep-2026,2.96,2.98,2.87,2.93,46700
AHT-D,16-Sep-2026,6.07,6.07,5.64,5.74,1200
AHT-F,16-Sep-2026,5.35,5.65,5.25,5.65,2100
AHT-I,16-Sep-2026,5.4736,5.4736,5.2601,5.2601,1200
AHTpD,16-Sep-2026,6.07,6.07,5.64,5.74,1250
AHTpF,16-Sep-2026,5.35,5.65,5.25,5.65,2127
AHTpI,16-Sep-2026,5.4736,5.4736,5.2601,5.2601,1202
AI,16-Sep-2026,10.75,10.75,10.345,10.56,4479200
AIG,16-Sep-2026,75.35,76.59,75.15,76.07,4428000
AII,16-Sep-2026,26.44,26.65,25.96,26.16,111100
AII-,16-Sep-2026,0.151,0.151,0.151,0.151,2000
AIN,16-Sep-2026,59.88,61.07,59.3001,60.2,169900
AIO,16-Sep-2026,24.25,24.44,24,24,76900
AIR,16-Sep-2026,116.73,119.86,115.49,117.23,344700
AIT,16-Sep-2026,317.73,321.75,312.25,315.11,363200
AIV,16-Sep-2026,2.29,2.33,2.25,2.25,1837000
AIZ,16-Sep-2026,285.41,287.44,282.33,283.56,419000
AIZN,16-Sep-2026,17.57,18.13,17.52,17.8,50600
AJG,16-Sep-2026,246.21,246.41,241.3801,243.78,1180400
AKA,16-Sep-2026,10.87,10.87,10.41,10.41,1700
AKAF,16-Sep-2026,31.8325,31.8325,31.8325,31.8325,100
AKO.A,16-Sep-2026,23.92,23.92,23,23.21,1400
AKO.B,16-Sep-2026,29.8,29.87,29.005,29.41,6800
AKR,16-Sep-2026,19.65,19.815,19.28,19.41,1029800
ALB,16-Sep-2026,114,114.63,107.9,109.47,2748500
ALB-A,16-Sep-2026,48.38,48.38,45.93,46.55,83100
ALBpA,16-Sep-2026,48.38,48.38,45.93,46.55,82016
ALC,16-Sep-2026,67.19,67.55,66.125,66.3,1709300
ALG,16-Sep-2026,170.45,170.63,165.53,168.42,139200
ALH,16-Sep-2026,21.29,21.875,21.205,21.55,1042100
ALIT,16-Sep-2026,11.95,12.2,11.62,11.9,429700
ALK,16-Sep-2026,41.1,41.1,38.8805,39.68,2539700
ALL,16-Sep-2026,255.88,257.99,253.47,254.85,1432100
ALL-B,16-Sep-2026,25.66,25.71,25.62,25.7,31100
ALL-H,16-Sep-2026,18.5,18.76,18.47,18.65,172400
ALL-I,16-Sep-2026,17.43,17.5999,17.4,17.56,56700
ALL-J,16-Sep-2026,25.86,26.23,25.86,26.09,59500
ALLE,16-Sep-2026,155.21,155.79,151.62,152.81,1044000
ALLY,16-Sep-2026,41.46,41.62,39.985,40.31,5682900
ALLpB,16-Sep-2026,25.66,25.71,25.62,25.7,31126
ALLpH,16-Sep-2026,18.5,18.76,18.47,18.65,172416
ALLpI,16-Sep-2026,17.43,17.5999,17.4,17.56,56724
ALLpJ,16-Sep-2026,25.86,26.23,25.86,26.09,59556
ALSN,16-Sep-2026,123.2,123.9475,117.5,118.64,633200
ALTG,16-Sep-2026,5.85,5.92,5.72,5.82,133200
ALTGpA,16-Sep-2026,25.84,25.84,25.84,25.88,0
ALUB,16-Sep-2026,10.12,10.125,10.12,10.12,111500
ALV,16-Sep-2026,117.47,117.47,114.35,115.87,485100
ALX,16-Sep-2026,245.57,249.3516,244.065,246.29,42400
AM,16-Sep-2026,21.36,21.485,21.03,21.16,2125600
AMBP,16-Sep-2026,4.5,4.77,4.49,4.72,3997400
AMBQ,16-Sep-2026,62.57,62.65,58.47,59.9,362700
AMC,16-Sep-2026,2.57,2.7,2.53,2.66,27982400
AMCR,16-Sep-2026,42.61,42.87,41.7,41.97,2986600
AME,16-Sep-2026,234.59,235.99,230.005,232.19,1359100
AMG,16-Sep-2026,348.66,352.655,339.87,342.82,335000
AMH,16-Sep-2026,31.61,31.955,31.15,31.38,4546600
AMH-G,16-Sep-2026,21.24,21.349,21.1001,21.349,3700
AMH-H,16-Sep-2026,22.2,22.36,22.15,22.3,6600
AMHpG,16-Sep-2026,21.24,21.349,21.1001,21.349,3705
AMHpH,16-Sep-2026,22.2,22.36,22.15,22.3,6670
AMN,16-Sep-2026,34.07,35.56,34.07,34.92,552000
AMP,16-Sep-2026,556.84,556.84,531.605,540.86,609600
AMP.V,16-Sep-2026,2.83,2.87,2.62,2.76,16400
AMPX,16-Sep-2026,9.26,9.29,8.755,9.1,5003100
AMPX.WS,16-Sep-2026,2.83,2.87,2.62,2.76,16424
AMPY,16-Sep-2026,4.85,4.87,4.53,4.56,610600
AMR,16-Sep-2026,191.45,197.99,187.845,189.49,340400
AMRC,16-Sep-2026,22.9,22.99,22.22,22.86,454300
AMRZ,16-Sep-2026,39.45,39.51,38.195,38.4,3592800
AMT,16-Sep-2026,177.39,179.8,176.34,176.39,2348700
AMTB,16-Sep-2026,29.83,29.86,28.87,29.42,626000
AMTD,16-Sep-2026,0.755,0.755,0.7101,0.7101,8000
AMTM,16-Sep-2026,20.09,20.4,19.65,19.88,1373700
AMWL,16-Sep-2026,13.65,13.74,13.1,13.33,89500
AMX,16-Sep-2026,23.18,23.255,22.875,22.98,2119900
AN,16-Sep-2026,203.86,204.14,192.1,195.37,587600
ANDG,16-Sep-2026,54.75,55.99,54.24,55.01,286100
ANET,16-Sep-2026,197.44,200.25,195.08,197.54,4475400
ANF,16-Sep-2026,135.52,142.83,135.11,139.89,1410700
ANG-D,16-Sep-2026,23.03,23.11,22.811,22.97,27600
ANGX,16-Sep-2026,5.3,5.375,5.165,5.3,2319700
ANGpD,16-Sep-2026,23.03,23.11,22.811,22.97,27545
ANRO,16-Sep-2026,30.5,31.21,29.8673,30,548300
ANVS,16-Sep-2026,1.12,1.13,1.04,1.04,1432800
AOD,16-Sep-2026,10.49,10.51,10.28,10.35,441800
AOMD,16-Sep-2026,25.09,25.16,25.045,25.16,5300
AOMN,16-Sep-2026,25.19,25.2999,25.15,25.2999,4800
AOMR,16-Sep-2026,8.03,8.21,7.94,8,184700
AON,16-Sep-2026,303.4,304.06,298.48,300.57,3194500
AORT,16-Sep-2026,25.33,25.48,24.955,25.02,683200
AOS,16-Sep-2026,57.44,57.8,56.55,56.89,1352900
AP,16-Sep-2026,7.93,8.2,7.83,8.11,56500
APAM,16-Sep-2026,36.78,37.185,35.81,36.33,712300
APD,16-Sep-2026,290.57,292.01,284.34,287.08,1465700
APG,16-Sep-2026,37.38,37.59,36.5,36.76,2988700
APH,16-Sep-2026,79.02,79.02,76.74,77.26,8899900
APLE,16-Sep-2026,15.51,15.74,15.2,15.43,3921600
APO,16-Sep-2026,127.3,129.06,122.72,124.53,3062100
APOS,16-Sep-2026,25.46,25.7,25.46,25.64,26400
APTV,16-Sep-2026,43.86,44.1896,42.99,43.34,3102000
AQN,16-Sep-2026,5.33,5.34,5.285,5.32,3652700
AQNB,16-Sep-2026,26.18,26.4,26.15,26.26,31400
AR,16-Sep-2026,38.36,38.57,35.47,35.68,5650700
ARCO,16-Sep-2026,7.81,7.815,7.6,7.71,1027000
ARDC,16-Sep-2026,12.04,12.1,12,12,99300
ARDT,16-Sep-2026,10.69,10.82,10.59,10.72,565500
ARE,16-Sep-2026,53.15,53.65,52.161,53.52,2049800
ARE-B,16-Sep-2026,41.24,41.24,39.2,40.05,148400
ARES,16-Sep-2026,127.96,128.61,121.29,124.21,1803100
ARESpB,16-Sep-2026,41.24,41.24,39.2,40.05,148462
ARI,16-Sep-2026,6.51,6.581,6.47,6.5,2246700
ARIS,16-Sep-2026,18.86,18.93,17.85,18.23,1368600
ARL,16-Sep-2026,15.9,16.95,15.54,15.87,20300
ARLO,16-Sep-2026,13.62,13.85,13.3,13.4,1093200
ARMK,16-Sep-2026,58.41,58.79,57.43,57.61,2282300
AROC,16-Sep-2026,30.7,31.66,30.625,31.05,1793300
ARR,16-Sep-2026,15.1,15.22,14.735,14.81,5489000
ARR-C,16-Sep-2026,20.32,20.3897,20.31,20.36,4100
ARRpC,16-Sep-2026,20.32,20.3897,20.31,20.36,4173
ARW,16-Sep-2026,216.95,216.95,207.8755,211.7,461300
ARX,16-Sep-2026,19.85,19.86,19.8,19.84,3838700
AS,16-Sep-2026,27.02,27.835,26.9,27.13,9417500
ASA,16-Sep-2026,58.8,58.835,55,57.25,106800
ASAN,16-Sep-2026,9.29,9.795,9.2364,9.65,18679800
ASB,16-Sep-2026,30.39,30.425,29.15,29.76,3138800
ASB-E,16-Sep-2026,19.72,19.72,19.32,19.385,20400
ASB-F,16-Sep-2026,18.93,19.03,18.76,18.77,8100
ASBA,16-Sep-2026,24.9,24.95,24.685,24.7001,26600
ASBpE,16-Sep-2026,19.72,19.72,19.32,19.385,20440
ASBpF,16-Sep-2026,18.93,19.03,18.76,18.77,8136
ASC,16-Sep-2026,18.81,19.33,18.79,19.06,718700
ASG,16-Sep-2026,4.96,5.005,4.915,4.97,375900
ASGI,16-Sep-2026,20.58,20.7,20.36,20.53,574200
ASH,16-Sep-2026,70.65,71.545,69.55,70.48,624900
ASIC,16-Sep-2026,28.71,29,28,28.29,75500
ASIX,16-Sep-2026,16.6,16.925,16.35,16.63,303500
ASPN,16-Sep-2026,4.9,5.09,4.88,4.93,666900
ASR,16-Sep-2026,248.8,251.23,246.7201,248.29,23500
ASX,16-Sep-2026,38.15,38.71,37.425,37.95,6074400
AT,16-Sep-2026,20.85,20.85,20.06,20.142,13196
ATEN,16-Sep-2026,26.57,27.12,26.271,26.54,982800
ATH-A,16-Sep-2026,23.66,23.82,23.66,23.77,47000
ATH-B,16-Sep-2026,17.95,18.08,17.78,17.8172,69900
ATH-D,16-Sep-2026,15.8,15.9,15.75,15.79,35300
ATH-E,16-Sep-2026,24.88,25.045,24.88,24.935,20200
ATHM,16-Sep-2026,21.37,21.57,21.13,21.39,553100
ATHS,16-Sep-2026,24.62,24.82,24.62,24.76,19700
ATHpA,16-Sep-2026,23.66,23.82,23.66,23.77,47037
ATHpB,16-Sep-2026,17.95,18.08,17.78,17.8172,69941
ATHpD,16-Sep-2026,15.8,15.9,15.75,15.79,35371
ATHpE,16-Sep-2026,24.88,25.045,24.88,24.935,20202
ATI,16-Sep-2026,188.64,193.89,186.8,189.65,1031100
ATKR,16-Sep-2026,94.58,94.58,94.48,94.52,944700
ATMU,16-Sep-2026,44.87,45.325,43.74,44.27,699100
ATO,16-Sep-2026,163.2,163.98,161.53,161.96,1180700
ATR,16-Sep-2026,124.84,126.25,123.2001,124.71,461600
ATS,16-Sep-2026,19.29,19.46,18.96,19.18,316200
AU,16-Sep-2026,102.12,102.16,98.2,99.74,1819800
AUB,16-Sep-2026,39.95,39.95,38.46,39.14,1298100
AUB-A,16-Sep-2026,23.86,23.8653,23.545,23.77,9200
AUBpA,16-Sep-2026,23.86,23.8653,23.545,23.77,9200
AUNA,16-Sep-2026,5.21,5.26,5.153,5.23,81300
AVA,16-Sep-2026,36.56,36.83,36.495,36.74,712000
AVAL,16-Sep-2026,5.2,5.37,5.2,5.28,75600
AVBC,16-Sep-2026,22.2,22.34,21.96,22.29,173400
AVD,16-Sep-2026,2.22,2.35,2.13,2.13,581100
AVEX,16-Sep-2026,16.8,16.97,15.825,16.17,963400
AVK,16-Sep-2026,11.8,11.91,11.76,11.84,166800
AVNT,16-Sep-2026,41.24,41.58,40.21,40.93,775000
AVTR,16-Sep-2026,15.53,15.82,15.415,15.61,10554400
AVY,16-Sep-2026,172.24,174.63,171.26,172.28,1063800
AWF,16-Sep-2026,9.94,9.97,9.92,9.93,248200
AWI,16-Sep-2026,161.39,161.39,157.22,157.92,400200
AWK,16-Sep-2026,138.31,139.01,137.25,137.76,1382000
AWP,16-Sep-2026,10.91,11.07,10.87,10.89,123900
AWR,16-Sep-2026,87.6,87.6,86.32,87.17,234700
AX,16-Sep-2026,92.76,93.92,90.9,92.54,679100
AXP,16-Sep-2026,322.32,322.32,309.59,312.43,4641700
AXR,16-Sep-2026,22.9,23.0575,21.98,22.48,14800
AXS,16-Sep-2026,99.71,100.13,98.5301,99.59,802000
AXS-E,16-Sep-2026,18.2,18.319,18.128,18.29,44100
AXSpE,16-Sep-2026,18.2,18.319,18.128,18.29,44130
AXTA,16-Sep-2026,33.65,33.65,32.915,33.29,2184000
AYI,16-Sep-2026,302.43,305.4,296.54,296.96,398100
AZN,16-Sep-2026,164.21,165.42,162.02,162.89,3859200
AZO,16-Sep-2026,2865.02,2907.09,2849.04,2849.04,298900
AZUL,16-Sep-2026,6.6,6.73,6.54,6.57,16300
AZZ,16-Sep-2026,134.23,134.53,130.115,132.66,330700
B,16-Sep-2026,43.45,43.46,41.96,42.55,10225800
BA,16-Sep-2026,210.19,212.22,197.01,201.96,12877400
BA-A,16-Sep-2026,65.25,65.61,61.68,63.06,633400
BABA,16-Sep-2026,108.6,108.63,106.64,107.27,7345800
BAC,16-Sep-2026,59.27,59.39,57.18,57.9,50145200
BAC-B,16-Sep-2026,23.22,23.68,22.91,23.02,383100
BAC-E,16-Sep-2026,18.4,18.5999,18.275,18.545,12100
BAC-K,16-Sep-2026,22.91,23.2,22.58,22.58,327600
BAC-L,16-Sep-2026,1274.44,1274.44,1246.47,1250,6400
BAC-M,16-Sep-2026,19.75,20.085,19.75,19.96,241000
BAC-N,16-Sep-2026,18.35,18.76,18.3,18.7,374000
BAC-O,16-Sep-2026,16.15,16.56,16.1036,16.42,160500
BAC-P,16-Sep-2026,15.52,15.84,15.4,15.75,127200
BAC-Q,16-Sep-2026,15.65,16.18,15.62,16.08,453100
BAC-S,16-Sep-2026,17.42,18.05,17.42,17.95,497600
BACpB,16-Sep-2026,23.22,23.68,22.91,23.02,383111
BACpE,16-Sep-2026,18.4,18.5999,18.275,18.545,12174
BACpK,16-Sep-2026,22.91,23.2,22.58,22.58,327684
BACpL,16-Sep-2026,1274.44,1274.44,1246.47,1250,6456
BACpM,16-Sep-2026,19.75,20.085,19.75,19.96,241054
BACpN,16-Sep-2026,18.35,18.76,18.3,18.7,374086
BACpO,16-Sep-2026,16.15,16.56,16.1036,16.42,160522
BACpP,16-Sep-2026,15.52,15.84,15.4,15.75,127238
BACpQ,16-Sep-2026,15.65,16.18,15.62,16.08,453134
BACpS,16-Sep-2026,17.42,18.05,17.42,17.95,497626
BAH,16-Sep-2026,78.91,79.4809,77.32,78.41,1419700
BAK,16-Sep-2026,1.84,1.87,1.76,1.77,2604700
BALL,16-Sep-2026,61.08,61.94,60.77,61.26,1723800
BALY,16-Sep-2026,9.71,10.68,9.71,10.55,127400
BAM,16-Sep-2026,46,46.29,44.65,45.18,2305000
BAN-F,16-Sep-2026,25.2,25.2,25.02,25.07,64200
BANC,16-Sep-2026,18.7,18.71,17.86,18.28,4080300
BANCpF,16-Sep-2026,25.2,25.2,25.02,25.07,64241
BAP,16-Sep-2026,376.57,387.04,376,381.14,539400
BARK,16-Sep-2026,8.98,8.98,8.55,8.55,49000
BAX,16-Sep-2026,23.76,23.865,23.18,23.53,9453500
BApA,16-Sep-2026,65.25,65.61,61.68,63.06,633427
BB,16-Sep-2026,7.79,7.925,7.57,7.64,10797700
BBA.W,16-Sep-2026,0.051,0.0557,0.0508,0.055,37800
BBAI,16-Sep-2026,2.82,2.85,2.7,2.73,16230100
BBAI.WS,16-Sep-2026,0.051,0.0557,0.0508,0.055,37859
BBAR,16-Sep-2026,14.38,14.732,14.3,14.51,351500
BBD,16-Sep-2026,3.48,3.51,3.44,3.5,28367800
BBDC,16-Sep-2026,8.75,8.775,8.6205,8.74,491700
BBDO,16-Sep-2026,3.12,3.25,3.12,3.15,77200
BBN,16-Sep-2026,14.85,14.99,14.85,14.85,266700
BBT,16-Sep-2026,31.35,31.42,30.545,31.12,1151100
BBUC,16-Sep-2026,25.64,26.33,25.49,25.58,483400
BBVA,16-Sep-2026,28.54,28.685,27.935,28.1,1857100
BBW,16-Sep-2026,25.96,26.7099,25.53,26.37,713100
BBWI,16-Sep-2026,16.72,17.345,16.7,16.73,5845500
BBY,16-Sep-2026,93.24,93.41,91.375,92.45,4020300
BC,16-Sep-2026,69.22,70.13,67.055,67.72,851800
BC-C,16-Sep-2026,23.75,24.11,23.5435,24.1,22400
BCAT,16-Sep-2026,14.19,14.3236,14.085,14.17,1742400
BCC,16-Sep-2026,76.28,76.86,74.71,75.31,340700
BCE,16-Sep-2026,22.88,22.98,22.45,22.5,7168300
BCEM,16-Sep-2026,26.28,26.35,26,26.0887,4800
BCGD,16-Sep-2026,25.83,25.85,25.6319,25.6319,1800
BCH,16-Sep-2026,41.48,41.85,40.77,41.1,299500
BCO,16-Sep-2026,109.91,109.91,107.73,108.42,362000
BCS,16-Sep-2026,25.71,25.73,24.97,25.34,4605800
BCSF,16-Sep-2026,11.02,11.13,10.97,11.08,781800
BCSS,16-Sep-2026,10.24,10.24,10.24,10.24,100
BCX,16-Sep-2026,12.72,13,12.3,12.38,164500
BDC,16-Sep-2026,112.83,115.08,111.26,112.52,549600
BDJ,16-Sep-2026,9.75,9.804,9.555,9.59,475900
BDN,16-Sep-2026,2.91,2.975,2.86,2.92,2370100
BDX,16-Sep-2026,185.18,186.27,181.29,181.85,1734000
BE,16-Sep-2026,268.24,275.18,261.8101,270.02,13495600
BEKE,16-Sep-2026,16.08,16.145,15.86,15.97,5659600
BEN,16-Sep-2026,33.38,33.38,32.065,32.72,2559800
BEP,16-Sep-2026,29.09,29.345,28.77,29.09,1251000
BEP-A,16-Sep-2026,16.75,17,16.56,16.6,13400
BEPC,16-Sep-2026,29.32,29.51,29.03,29.25,1498600
BEPH,16-Sep-2026,14.86,14.899,14.7501,14.79,13100
BEPI,16-Sep-2026,15.77,15.9,15.77,15.835,15200
BEPJ,16-Sep-2026,22.45,22.6,22.285,22.285,24000
BEPpA,16-Sep-2026,16.75,17,16.56,16.6,13469
BETA,16-Sep-2026,20.97,21.13,19.64,20.26,4226200
BF.A,16-Sep-2026,26.47,26.8,26.02,26.27,179000
BF.B,16-Sep-2026,26.2,26.49,25.55,25.74,2281200
BFAM,16-Sep-2026,67.23,69.76,67.03,68.68,1076800
BFH,16-Sep-2026,107,109.84,105.85,107.85,705200
BFH-A,16-Sep-2026,24.52,24.52,24.2,24.22,18200
BFH-B,16-Sep-2026,24.57,24.709,24.52,24.5899,46200
BFLY,16-Sep-2026,7.61,7.632,7.02,7.26,5162400
BFS,16-Sep-2026,30.85,31.07,30,30.33,188300
BFS-D,16-Sep-2026,20.07,20.1,19.81,19.89,6700
BFS-E,16-Sep-2026,19.95,20.27,19.95,19.97,8600
BFSpD,16-Sep-2026,20.07,20.1,19.81,19.89,6704
BFSpE,16-Sep-2026,19.95,20.27,19.95,19.97,8689
BG,16-Sep-2026,120.52,122.14,116.62,117.13,1810300
BGB,16-Sep-2026,11.18,11.23,11.18,11.22,172200
BGH,16-Sep-2026,13.68,13.7,13.6,13.62,67700
BGR,16-Sep-2026,17.67,17.77,17.325,17.42,118100
BGS,16-Sep-2026,3.18,3.215,3.13,3.14,1982300
BGSF,16-Sep-2026,5.15,5.15,5,5,9300
BGT,16-Sep-2026,10.73,10.78,10.67,10.7,112900
BGX,16-Sep-2026,10.57,10.65,10.57,10.64,66600
BGY,16-Sep-2026,5.76,5.79,5.67,5.67,342000
BH,16-Sep-2026,346.85,358.53,346.85,355.72,325300
BH.A,16-Sep-2026,1749.62,1793,1746.62,1766.01,40800
BHC,16-Sep-2026,5.69,5.825,5.645,5.69,1565800
BHE,16-Sep-2026,74.13,74.99,72.99,73.85,212400
BHK,16-Sep-2026,8.57,8.62,8.52,8.55,430100
BHP,16-Sep-2026,86.15,86.31,83.265,84.14,1945800
BHR,16-Sep-2026,1.86,1.88,1.79,1.8,306600
BHR-B,16-Sep-2026,13.7,13.79,13.36,13.4,27600
BHR-D,16-Sep-2026,17.59,17.59,17.14,17.35,3000
BHRpB,16-Sep-2026,13.7,13.79,13.36,13.4,27609
BHRpD,16-Sep-2026,17.59,17.59,17.14,17.35,3016
BHV,16-Sep-2026,12.3,12.3,12.3,12.3,500
BHVN,16-Sep-2026,12.34,12.44,11.93,12.02,2253100
BII.U,16-Sep-2026,10.2,10.31,10.16,10.22,5100
BII.W,16-Sep-2026,0.3501,0.3701,0.3501,0.3701,800
BIII,16-Sep-2026,10.055,10.055,10.051,10.055,3100
BILL,16-Sep-2026,49.18,49.55,48.31,49,1929600
BIO,16-Sep-2026,378.25,385.325,375,379.03,262400
BIP,16-Sep-2026,35.03,35.93,35.03,35.54,742500
BIP-A,16-Sep-2026,16.81,16.945,16.61,16.81,5500
BIP-B,16-Sep-2026,16.35,16.35,16.21,16.31,8200
BIPC,16-Sep-2026,35.58,36.17,35.355,35.7,1201500
BIPH,16-Sep-2026,15.44,15.475,15.34,15.475,13800
BIPI,16-Sep-2026,16.04,16.199,16.04,16.05,10900
BIPJ,16-Sep-2026,24.12,24.12,23.4201,23.62,2600
BIPpA,16-Sep-2026,16.81,16.945,16.61,16.81,5524
BIPpB,16-Sep-2026,16.35,16.35,16.21,16.31,8236
BIRK,16-Sep-2026,30.36,31.05,29.96,30.44,2014100
BIT,16-Sep-2026,11.48,11.62,11.48,11.54,469600
BJ,16-Sep-2026,94.21,94.805,92.59,92.98,1218500
BKD,16-Sep-2026,11.82,12.04,11.66,11.67,3341500
BKE,16-Sep-2026,39.85,40.51,39.65,40.06,541800
BKH,16-Sep-2026,70.26,71.16,70.11,70.5,714600
BKK.W,16-Sep-2026,0.0121,0.0121,0.011,0.0115,12900
BKKT,16-Sep-2026,7.69,7.756,6.99,7.17,1776500
BKKT.WS,16-Sep-2026,0.0121,0.0121,0.011,0.0115,12988
BKSY,16-Sep-2026,21.4,21.605,20.78,21.52,897900
BKT,16-Sep-2026,9.86,9.895,9.73,9.78,228800
BKU,16-Sep-2026,44.6,45.51,43.81,44.48,2410100
BKV,16-Sep-2026,24.42,24.71,22.69,22.79,2183200
BLCO,16-Sep-2026,17.22,17.34,17.01,17.07,193900
BLDR,16-Sep-2026,60.67,61.64,59.1501,59.65,2681500
BLK,16-Sep-2026,1063.38,1063.4,1017.46,1037.24,633900
BLND,16-Sep-2026,1.34,1.38,1.325,1.33,1477400
BLSH,16-Sep-2026,35.55,35.84,31.6201,32.08,2569800
BLW,16-Sep-2026,12.14,12.24,12.09,12.12,255600
BLX,16-Sep-2026,54.06,54.57,52.94,53.61,214300
BMA,16-Sep-2026,75.74,77.67,75.225,76.15,131100
BME,16-Sep-2026,44.26,44.575,44.01,44.34,53600
BMEZ,16-Sep-2026,16.14,16.46,16.0501,16.46,101400
BMI,16-Sep-2026,127.25,127.88,125.39,127.5,440500
BML-G,16-Sep-2026,18.65,18.65,18.2,18.28,35200
BML-H,16-Sep-2026,18.36,18.57,18.26,18.2666,29900
BML-J,16-Sep-2026,19.65,19.7399,19.57,19.66,7400
BML-L,16-Sep-2026,19.12,19.61,19.12,19.42,25800
BMLpG,16-Sep-2026,18.65,18.65,18.2,18.28,35213
BMLpH,16-Sep-2026,18.36,18.57,18.26,18.2666,29902
BMLpJ,16-Sep-2026,19.6519,19.7399,19.57,19.66,7459
BMLpL,16-Sep-2026,19.12,19.61,19.12,19.42,25876
BMN,16-Sep-2026,24.26,24.83,23.79,23.7999,24400
BMNP,16-Sep-2026,97.75,98.34,97.75,97.75,8100
BMO,16-Sep-2026,173.75,174.63,170.97,172.6,374000
BMY,16-Sep-2026,64.07,64.385,63.22,63.6,9449000
BN,16-Sep-2026,37.37,37.735,36.665,37.03,4162300
BNED,16-Sep-2026,10.73,10.78,10.465,10.47,252800
BNH,16-Sep-2026,14.91,15.04,14.9,14.99,19000
BNJ,16-Sep-2026,14.45,14.8103,14.45,14.53,10900
BNL,16-Sep-2026,20.01,20.15,19.315,19.42,1874800
BNS,16-Sep-2026,93.35,94.17,91.79,92.96,1605500
BNT,16-Sep-2026,37.44,37.74,36.73,37.02,16600
BNY,16-Sep-2026,154.81,156.0499,152.355,153.47,3133000
BNY-K,16-Sep-2026,24.91,25.109,24.78,24.91,115600
BOC,16-Sep-2026,13.55,13.85,13.55,13.79,146500
BOE,16-Sep-2026,12.24,12.24,12.0574,12.14,117300
BOH,16-Sep-2026,75.64,75.855,73.68,74.86,399500
BOH-A,16-Sep-2026,15.26,15.48,15.26,15.45,16700
BOH-B,16-Sep-2026,25.77,25.8099,25.63,25.69,13000
BOHpA,16-Sep-2026,15.26,15.48,15.26,15.45,16753
BOHpB,16-Sep-2026,25.77,25.8099,25.63,25.69,13087
BOND,16-Sep-2026,88.84,89.1,88.525,88.56,850200
BOOT,16-Sep-2026,128.66,130.465,122.46,122.75,1462000
BORR,16-Sep-2026,4.42,4.46,4.134,4.23,9515700
BOW,16-Sep-2026,33.75,33.78,33.69,33.69,266100
BOX,16-Sep-2026,34.28,35.19,34.131,34.66,2754500
BP,16-Sep-2026,46.72,46.79,45.235,45.38,9327200
BPRE,16-Sep-2026,11.91,12.3,11.8601,12.12,1296100
BR,16-Sep-2026,169.81,169.81,165.7,167.09,894100
BRBR,16-Sep-2026,9.08,9.4154,9.08,9.09,2195700
BRC,16-Sep-2026,85.78,86.62,84.2,84.6,245300
BRCC,16-Sep-2026,9.19,10.02,9.19,9.85,128300
BRCE,16-Sep-2026,30.04,30.14,29.91,29.91,35300
BREE,16-Sep-2026,27.02,27.2,26.7828,26.7828,6400
BRIE,16-Sep-2026,30.83,31.06,30.305,30.51,374400
BRK.A,16-Sep-2026,772500,785519.6,772500,780297.2,300
BRK.B,16-Sep-2026,516.36,523.74,515.3,519.8,5258500
BRO,16-Sep-2026,66.38,67.145,65.51,65.88,1872400
BROL,16-Sep-2026,25.6396,25.72,25.5,25.5317,1800
BROS,16-Sep-2026,42.08,42.49,41.165,41.37,4429700
BRSL,16-Sep-2026,10.56,10.79,10.51,10.53,1351700
BRSP,16-Sep-2026,4.44,4.46,4.26,4.29,1480800
BRT,16-Sep-2026,14.15,14.24,13.86,13.95,67600
BRW,16-Sep-2026,6.3,6.3,6.24,6.25,152500
BRX,16-Sep-2026,28.34,28.635,27.85,27.98,4001900
BSAC,16-Sep-2026,34.93,34.93,33.84,34.15,229800
BSBR,16-Sep-2026,5.87,5.9,5.77,5.81,4459400
BSL,16-Sep-2026,12.94,12.99,12.94,12.99,39900
BSM,16-Sep-2026,15.18,15.18,14.71,14.77,564900
BST,16-Sep-2026,47.73,47.92,46.82,47.35,104400
BSTZ,16-Sep-2026,28.25,28.6,27.86,28.04,314500
BSX,16-Sep-2026,43.85,44.665,43.6501,43.91,28476700
BTE,16-Sep-2026,5.09,5.115,4.8201,4.89,18043300
BTGO,16-Sep-2026,7.13,7.19,6.19,6.41,3421200
BTI,16-Sep-2026,56.54,56.99,55.94,56.09,3487600
BTO,16-Sep-2026,38.26,38.625,37.245,37.45,33000
BTT,16-Sep-2026,22.09,22.16,22.0819,22.1,76800
BTU,16-Sep-2026,26.82,27.97,26.82,27.35,2540900
BTX,16-Sep-2026,8.75,8.75,8.565,8.67,418800
BTZ,16-Sep-2026,9.65,9.69,9.62,9.62,342300
BUD,16-Sep-2026,80.23,80.365,79.6,79.9,1968000
BUI,16-Sep-2026,25.68,25.85,25.3001,25.53,80300
BUR,16-Sep-2026,4.15,4.17,3.81,3.87,2583500
BURL,16-Sep-2026,230.57,236.56,229.97,230.71,1726300
BUXX,16-Sep-2026,20.2,20.21,20.19,20.21,185500
BV,16-Sep-2026,10.89,11.13,10.85,10.86,733000
BVN,16-Sep-2026,34.1,34.17,32.2447,33.07,1249200
BW,16-Sep-2026,7.14,7.25,6.67,6.79,4227000
BW-A,16-Sep-2026,21.95,22.33,21.95,22.159,29900
BWA,16-Sep-2026,63.13,63.41,61.44,62.27,1591000
BWG,16-Sep-2026,7.29,7.4305,7.29,7.3,96900
BWI.U,16-Sep-2026,10.07,10.07,10.07,10.07,200
BWI.W,16-Sep-2026,0.3,0.3,0.3,0.3,300
BWIV,16-Sep-2026,9.96,9.98,9.96,9.98,200
BWLP,16-Sep-2026,25.42,26.295,25.32,25.84,547100
BWMX,16-Sep-2026,16.15,16.61,15.717,16.13,221700
BWXT,16-Sep-2026,146.57,147.868,144.33,145.66,1016800
BWpA,16-Sep-2026,21.95,22.33,21.95,22.159,29992
BX,16-Sep-2026,127.25,127.875,121.4158,123.45,3624200
BXC,16-Sep-2026,80.45,80.45,73.71,75.49,143500
BXDC,16-Sep-2026,19.41,20.31,19.31,19.5,2479300
BXMT,16-Sep-2026,13.43,13.585,13.17,13.29,2100300
BXP,16-Sep-2026,63.98,64.53,62.94,64.04,1657500
BXSL,16-Sep-2026,24.8,24.96,24.6057,24.88,1167100
BY,16-Sep-2026,38.09,38.26,37.145,37.62,246600
BYD,16-Sep-2026,76.18,76.64,75.19,75.6,917600
BZH,16-Sep-2026,33.38,33.4,33.33,33.35,559200
C,16-Sep-2026,136.85,136.89,131.0501,132.95,9455500
C-N,16-Sep-2026,26.3,26.33,26.26,26.32,134900
C-R,16-Sep-2026,23.33,23.79,23.26,23.59,358300
CAAP,16-Sep-2026,23.76,23.95,23.28,23.54,128800
CABO,16-Sep-2026,18.72,20.45,18.7,18.94,418200
CACI,16-Sep-2026,631.4,637.875,621.105,631.18,264100
CAF,16-Sep-2026,18.15,18.285,18.15,18.23,5700
CAG,16-Sep-2026,15.07,15.295,15.02,15.18,11937500
CAH,16-Sep-2026,233.07,234.9,232.09,232.54,1220600
CAL,16-Sep-2026,12.36,12.52,12,12.02,484900
CALX,16-Sep-2026,35.7,36.46,35.4,35.44,891900
CALY,16-Sep-2026,15.24,15.33,14.68,14.83,1860900
CANG,16-Sep-2026,1.92,2.2,1.85,2.13,956500
CAPL,16-Sep-2026,22.34,23.1932,22.1,22.23,32000
CARR,16-Sep-2026,56,56.62,53.73,54.26,8232700
CARS,16-Sep-2026,11.75,11.75,11.485,11.53,405900
CAT,16-Sep-2026,797,798.39,774.475,782.72,2647800
CATO,16-Sep-2026,2.44,2.44,2.305,2.34,128700
CAVA,16-Sep-2026,50.89,51.65,49.675,49.76,6046300
CB,16-Sep-2026,340.25,344.52,339.7,341.53,1537900
CBAN,16-Sep-2026,21.47,21.53,20.78,21.06,113300
CBL,16-Sep-2026,53.18,53.7527,52.27,53.06,311200
CBNA,16-Sep-2026,46.56,47.03,43.9,46.03,36700
CBRE,16-Sep-2026,140.72,143.65,138.13,138.56,1868500
CBT,16-Sep-2026,80.03,80.03,77.615,78.46,425800
CBU,16-Sep-2026,62.83,63.06,61.85,62.77,454500
CBZ,16-Sep-2026,54.6,54.67,54.59,54.6,2365800
CC,16-Sep-2026,14.86,14.905,14.105,14.42,2139800
CCI,16-Sep-2026,73.25,74.85,72.92,73.22,4237800
CCID,16-Sep-2026,24.956,24.956,24.94,24.94,500
CCIF,16-Sep-2026,2.48,2.51,2.4165,2.51,146000
CCJ,16-Sep-2026,92.55,92.9299,89.74,90.9,2117500
CCK,16-Sep-2026,113.03,113.69,111.565,112.17,995100
CCL,16-Sep-2026,22.4,22.69,21.985,22.35,25253200
CCM,16-Sep-2026,3.92,3.965,3.7801,3.92,4200
CCO,16-Sep-2026,2.38,2.39,2.38,2.39,2984600
CCS,16-Sep-2026,61.22,62.03,60.1,60.85,346200
CCU,16-Sep-2026,11.32,11.49,11.295,11.39,110300
CDE,16-Sep-2026,20.33,20.35,18.48,18.98,43167000
CDLR,16-Sep-2026,25.28,25.52,24.93,25.13,50000
CDP,16-Sep-2026,34.2,34.91,34.05,34.32,642000
CDR-B,16-Sep-2026,16.15,16.4808,16.15,16.42,500
CDR-C,16-Sep-2026,15.22,15.61,15.22,15.25,6400
CDRE,16-Sep-2026,27.69,27.7,26.28,26.42,442300
CDRpB,16-Sep-2026,16.15,16.4808,16.15,16.42,513
CDRpC,16-Sep-2026,15.22,15.61,15.22,15.25,6416
CE,16-Sep-2026,46.82,47.75,46.38,46.87,1693600
CEE,16-Sep-2026,19.48,20.36,19.07,19.15,20800
CEL-,16-Sep-2026,0.1109,0.1149,0.1109,0.1109,1200
CELGr,16-Sep-2026,0.1109,0.1149,0.1109,0.1109,1238
CEPU,16-Sep-2026,13.86,13.89,13.51,13.65,180300
CF,16-Sep-2026,133.23,135.115,131.27,131.99,1648200
CFG,16-Sep-2026,70.25,70.25,65.66,66.84,5143400
CFG-E,16-Sep-2026,17.35,17.78,17.35,17.53,44300
CFG-H,16-Sep-2026,25.97,26.2699,25.91,26.1497,35700
CFG-I,16-Sep-2026,24.88,25,24.74,24.88,172800
CFGpE,16-Sep-2026,17.35,17.78,17.35,17.53,44305
CFGpH,16-Sep-2026,25.97,26.2699,25.91,26.1497,35736
CFGpI,16-Sep-2026,24.88,25,24.74,24.88,172885
CFND,16-Sep-2026,3.07,3.08,2.7601,2.9,102900
CFR,16-Sep-2026,161.92,162.13,157.55,159.44,596600
CFR-B,16-Sep-2026,16.02,16.28,15.87,15.8898,28200
CFRpB,16-Sep-2026,16.02,16.28,15.87,15.8898,28284
CFT-A,16-Sep-2026,25.97,25.97,25.16,25.35,6700
CGAU,16-Sep-2026,22.54,22.55,21.46,21.92,1641300
CGV,16-Sep-2026,16.03,16.0699,15.98,15.985,32100
CHCT,16-Sep-2026,14.68,14.77,14.4,14.66,266000
CHD,16-Sep-2026,94.76,95.72,94.25,95.51,1841100
CHE,16-Sep-2026,506.75,513.5425,500.935,509.91,141000
CHGG,16-Sep-2026,0.74,0.7498,0.7233,0.7342,374000
CHH,16-Sep-2026,97.39,99.575,97.285,98.19,566600
CHM-A,16-Sep-2026,21.57,21.74,21.57,21.74,1000
CHM-B,16-Sep-2026,23.83,23.99,23.82,23.9,1200
CHMI,16-Sep-2026,2.84,2.9,2.8,2.81,284300
CHMIpA,16-Sep-2026,21.57,21.74,21.57,21.74,1070
CHMIpB,16-Sep-2026,23.83,23.99,23.82,23.9,1243
CHPT,16-Sep-2026,8.96,9.25,8.73,8.91,923700
CHT,16-Sep-2026,45.4,45.63,44.93,45.18,262000
CHWY,16-Sep-2026,21.2,21.465,20.735,20.91,10479200
CI,16-Sep-2026,288.31,289.89,280.09,280.45,1166200
CIA,16-Sep-2026,3.58,3.6,3.53,3.53,113700
CIB,16-Sep-2026,99.64,100.59,97.68,98.32,238800
CICB,16-Sep-2026,24.94,24.94,24.85,24.85,3400
CIEN,16-Sep-2026,350.09,375.2,327.5,340.5,3955500
CIG,16-Sep-2026,2.1,2.17,2.1,2.16,6398800
CIG.C,16-Sep-2026,3.3,3.32,3.3,3.32,500
CII,16-Sep-2026,24.08,24.08,23.6711,23.7,69000
CIM,16-Sep-2026,10.92,11.03,10.84,10.89,1323100
CIM-A,16-Sep-2026,20.5,20.75,20.4101,20.5354,10200
CIM-B,16-Sep-2026,23.75,23.93,23.63,23.6301,18900
CIM-C,16-Sep-2026,21.87,22.44,21.87,22.0501,25800
CIM-D,16-Sep-2026,23.53,23.6733,23.35,23.35,11200
CIMN,16-Sep-2026,25.07,25.16,25.07,25.13,5600
CIMO,16-Sep-2026,25.26,25.28,25.24,25.28,5500
CIMP,16-Sep-2026,25.03,25.0499,24.915,25.0499,9700
CIMpA,16-Sep-2026,20.5,20.75,20.4101,20.5354,10220
CIMpB,16-Sep-2026,23.75,23.93,23.63,23.6301,18948
CIMpC,16-Sep-2026,21.87,22.44,21.87,22.0501,25806
CIMpD,16-Sep-2026,23.53,23.6733,23.35,23.35,11295
CINT,16-Sep-2026,3.17,3.195,3.095,3.15,24700
CION,16-Sep-2026,7.09,7.2,6.995,7.11,295600
CL,16-Sep-2026,87.1,87.7571,86.675,87.02,5864200
CLB,16-Sep-2026,12.28,12.36,11.31,11.45,504700
CLB.W,16-Sep-2026,0.75,0.75,0.7,0.7,11400
CLBR,16-Sep-2026,10.22,10.25,10.2,10.205,172500
CLD-A,16-Sep-2026,20.18,20.3,20.18,20.18,3600
CLDT,16-Sep-2026,13.23,13.23,12.635,12.84,218300
CLDTpA,16-Sep-2026,20.18,20.3,20.18,20.18,3663
CLF,16-Sep-2026,11.82,12.48,11.77,12.15,14284300
CLH,16-Sep-2026,318.5,325.47,317.17,318.96,521600
CLPR,16-Sep-2026,3.33,3.4699,3.2701,3.42,61000
CLS,16-Sep-2026,320.2,329.96,318,323.83,1708700
CLVT,16-Sep-2026,1.91,1.93,1.84,1.87,3738400
CLW,16-Sep-2026,21.27,21.6,20.95,21.12,108200
CLX,16-Sep-2026,87.08,87.3546,84.79,84.86,3432400
CM,16-Sep-2026,112.63,114.56,112,112.96,1734800
CMBT,16-Sep-2026,19.52,19.97,19.48,19.66,673300
CMC,16-Sep-2026,65.79,67.3,64.85,65.82,962700
CMCM,16-Sep-2026,2.96,2.9901,2.96,2.975,6100
CMDB,16-Sep-2026,23.67,23.84,23.2102,23.44,52200
CMG,16-Sep-2026,35.24,35.24,33.635,33.68,13076500
CMI,16-Sep-2026,541.64,543.46,519.085,527.5,1452700
CMP,16-Sep-2026,24.18,24.25,23.58,23.87,386000
CMR-B,16-Sep-2026,25.35,25.53,25.35,25.53,400
CMR-C,16-Sep-2026,26.6,26.6,26.6,26.6,200
CMR-D,16-Sep-2026,26.15,26.4,26.15,26.35,2000
CMRE,16-Sep-2026,15.15,15.25,14.86,15.05,367300
CMREpB,16-Sep-2026,25.35,25.53,25.35,25.53,454
CMREpC,16-Sep-2026,26.6,26.6,26.6,26.6,243
CMREpD,16-Sep-2026,26.15,26.4,26.15,26.35,2028
CMS,16-Sep-2026,66.34,66.645,65.67,65.99,2050100
CMS-B,16-Sep-2026,76.26,76.6,76.26,76.5,1300
CMS-C,16-Sep-2026,16,16.24,15.85,16.125,34700
CMSA,16-Sep-2026,19.21,19.45,19.21,19.32,54600
CMSC,16-Sep-2026,20.22,20.55,20.22,20.48,25000
CMSD,16-Sep-2026,20.04,20.3405,19.8701,20.29,81500
CMSpB,16-Sep-2026,76.26,76.6,76.26,76.5,1369
CMSpC,16-Sep-2026,16,16.24,15.85,16.125,34793
CMTG,16-Sep-2026,1.47,1.495,1.43,1.44,1174200
CNA,16-Sep-2026,48.22,48.71,47.5,48.08,568600
CNC,16-Sep-2026,68.4,69.41,66.01,66.01,4278000
CNF,16-Sep-2026,1.85,1.85,1.83,1.83,400
CNH,16-Sep-2026,13.99,14.07,13.38,13.52,13941700
CNI,16-Sep-2026,120.99,121.69,118.935,119.49,1595600
CNK,16-Sep-2026,33.85,34.41,33.765,34.03,1729500
CNM,16-Sep-2026,41.44,43.02,41.29,42.82,4112300
CNMD,16-Sep-2026,46.6,47.94,46.37,47.04,296700
CNNE,16-Sep-2026,15.27,15.42,15.111,15.18,669300
CNO,16-Sep-2026,55.54,56.35,54.75,55.55,1335400
CNO-A,16-Sep-2026,16.42,16.49,16.39,16.4,5700
CNOpA,16-Sep-2026,16.42,16.49,16.39,16.4,5789
CNP,16-Sep-2026,38.26,38.385,38.075,38.33,6642400
CNQ,16-Sep-2026,50.91,51.1282,49.725,50.07,7692400
CNR,16-Sep-2026,94.58,96.21,93.81,94.01,506300
CNS,16-Sep-2026,72.26,72.96,70.275,71.85,307400
CNX,16-Sep-2026,35.2,35.4,33.32,33.71,1954500
COD-A,16-Sep-2026,19.17,19.35,19.17,19.3,1600
COD-B,16-Sep-2026,22.355,22.4328,22.21,22.365,2400
COD-C,16-Sep-2026,21.745,21.8087,21.55,21.72,4600
CODI,16-Sep-2026,11.14,11.185,10.92,11.01,395300
CODIpA,16-Sep-2026,19.17,19.35,19.17,19.3,1656
CODIpB,16-Sep-2026,22.355,22.4328,22.21,22.365,2416
CODIpC,16-Sep-2026,21.745,21.8087,21.55,21.72,4691
COF,16-Sep-2026,206.38,208.33,200.55,203.19,4214800
COF-I,16-Sep-2026,17.1,17.67,17.1,17.67,188400
COF-J,16-Sep-2026,16.65,16.94,16.65,16.765,99500
COF-K,16-Sep-2026,15.9501,16.37,15.9501,16.08,16500
COF-L,16-Sep-2026,15.18,15.51,15.18,15.315,55300
COF-N,16-Sep-2026,15.17,15.349,15.1108,15.16,52200
COFpI,16-Sep-2026,17.1,17.67,17.1,17.67,188477
COFpJ,16-Sep-2026,16.65,16.94,16.65,16.765,99533
COFpK,16-Sep-2026,15.9501,16.37,15.9501,16.08,16572
COFpL,16-Sep-2026,15.18,15.51,15.18,15.315,55324
COFpN,16-Sep-2026,15.17,15.349,15.1108,15.16,52277
COHR,16-Sep-2026,280.56,294.5552,278.01,289.93,7543100
COLD,16-Sep-2026,14.9,15,14.355,14.52,2960700
COMP,16-Sep-2026,10.5,10.595,10.1,10.33,15115900
CON,16-Sep-2026,35.15,36.71,35.14,36.37,1092500
COOK,16-Sep-2026,48.09,49.315,48.01,48.69,16800
COP,16-Sep-2026,138.42,139.19,132.38,132.54,9049800
COPL,16-Sep-2026,10.52,10.564,10.52,10.55,600
COR,16-Sep-2026,321.83,323.98,317.97,318.5,931100
COSO,16-Sep-2026,27.68,27.69,26.91,27.23,97500
COTY,16-Sep-2026,2.66,2.68,2.6,2.63,5826100
COUR,16-Sep-2026,5.33,5.33,5.14,5.24,5170000
CP,16-Sep-2026,88.18,88.99,87.485,87.68,2260200
CPA,16-Sep-2026,128.35,131.96,126.61,128.21,381100
CPAC,16-Sep-2026,12.61,12.65,12.5619,12.61,10300
CPAI,16-Sep-2026,51.8,52.01,51.115,51.46,58500
CPAY,16-Sep-2026,406.52,407.57,399.68,402.27,386500
CPF,16-Sep-2026,37.72,37.945,36.78,37.55,261700
CPK,16-Sep-2026,129.67,131.74,128.63,129.75,192500
CPN,16-Sep-2026,26.3,26.33,26.26,26.32,134976
CPNG,16-Sep-2026,14.72,14.95,14.38,14.4,13587500
CPRI,16-Sep-2026,14.29,15.24,14.15,14.73,6521000
CPS,16-Sep-2026,23.35,23.59,22.52,22.92,208800
CPT,16-Sep-2026,102.78,103.255,100.43,101.3,967300
CQP,16-Sep-2026,65.74,67.16,64.9,65.73,87600
CR,16-Sep-2026,197.66,200.21,194.56,197.25,420000
CRBD,16-Sep-2026,20.73,21.23,20.35,21.17,294300
CRBG,16-Sep-2026,34.83,35.425,34.155,34.85,5874800
CRC,16-Sep-2026,56.82,57.01,54.07,54.47,1133800
CRCL,16-Sep-2026,85.71,85.96,78.26,80.45,25812500
CRD.A,16-Sep-2026,12.53,12.63,12.23,12.45,79400
CRD.B,16-Sep-2026,11.65,11.65,11.25,11.29,5200
CRGY,16-Sep-2026,15.11,15.19,14.34,14.4,9479100
CRH,16-Sep-2026,87.79,89.16,85.91,86.7,4690900
CRI,16-Sep-2026,29.35,30.095,29.03,29.03,1737400
CRK,16-Sep-2026,14.1,14.125,12.98,13.1,3511300
CRL,16-Sep-2026,272.78,282.905,270.88,273.41,1014700
CRM,16-Sep-2026,251.85,256.4,249.6,250.54,9432300
CRS,16-Sep-2026,420.27,423.885,409.15,411.8,768300
CRT,16-Sep-2026,13.05,13.05,12.0631,12.6,75900
CSAN,16-Sep-2026,2.73,2.825,2.67,2.78,3790800
CSL,16-Sep-2026,325.1,326.49,316.14,317.54,554900
CSQR,16-Sep-2026,18,18.47,17.24,17.46,1260400
CSR,16-Sep-2026,57.96,58.01,56.75,56.83,392900
CSTM,16-Sep-2026,25.88,26.3436,25.475,25.93,1381400
CSV,16-Sep-2026,32.26,32.53,31.73,31.97,114900
CSW,16-Sep-2026,295,295,285.79,287.8,168700
CTA-B,16-Sep-2026,64.75,65.19,64.75,65.19,2100
CTApB,16-Sep-2026,64.75,65.19,64.75,65.19,2173
CTEV,16-Sep-2026,35.24,35.67,33.5,33.56,99100
CTGG,16-Sep-2026,16,16.21,16,16.1,9200
CTO,16-Sep-2026,20.77,20.94,20.48,20.7,480900
CTO-A,16-Sep-2026,20.25,20.6491,20.1,20.41,1700
CTOS,16-Sep-2026,9.16,9.23,8.97,9.05,748800
CTOpA,16-Sep-2026,20.25,20.6491,20.1,20.41,1706
CTRE,16-Sep-2026,38.46,38.71,37.67,37.98,2340700
CTRI,16-Sep-2026,19.36,19.43,19.04,19.16,1254400
CTS,16-Sep-2026,57.57,57.98,56.57,56.89,154900
CTVA,16-Sep-2026,82.58,83.34,80.7,81.01,6479900
CUBB,16-Sep-2026,21.2,21.2,21.03,21.03,1000
CUBE,16-Sep-2026,39.82,40.37,39.475,39.69,2655100
CUBI,16-Sep-2026,78.48,78.81,76.2,78.14,332000
CURB,16-Sep-2026,29.16,29.445,28.51,28.69,1102900
CURV,16-Sep-2026,2.16,2.28,2.125,2.15,212500
CUZ,16-Sep-2026,27.99,28.395,27.865,28.27,1597800
CVE,16-Sep-2026,33.44,33.5,32.415,32.52,6229200
CVEO,16-Sep-2026,33.71,34.5,33.05,33.62,94200
CVI,16-Sep-2026,51.05,53.93,50.75,53.05,1327200
CVLG,16-Sep-2026,35.35,35.54,33.84,34.39,504200
CVNA,16-Sep-2026,67.65,67.7537,64.84,65.4,8558100
CVS,16-Sep-2026,94.46,94.95,91.44,91.72,7235000
CVSA,16-Sep-2026,125.98,128.0925,125.65,127.2,351100
CVX,16-Sep-2026,215.09,215.275,210.365,211.54,8049800
CW,16-Sep-2026,567.75,575.31,562.04,570.04,537700
CWEN,16-Sep-2026,30.29,30.29,29.809,29.98,1252500
CWH,16-Sep-2026,5.76,5.875,5.535,5.56,2189800
CWK,16-Sep-2026,12.65,13.105,12.39,12.54,1593400
CWT,16-Sep-2026,48.03,48.36,47.7,48.05,338600
CX,16-Sep-2026,10.25,10.315,10.01,10.16,3743400
CXM,16-Sep-2026,5.56,5.6291,5.52,5.59,3706400
CXT,16-Sep-2026,47.58,48.1,46.53,47.33,538200
CXW,16-Sep-2026,35.01,35.76,34.76,34.93,2296800
CYD,16-Sep-2026,33.99,34.23,33.25,33.88,202600
CYH,16-Sep-2026,2.99,3.025,2.94,2.98,1236300
D,16-Sep-2026,64.37,64.5,63.41,63.51,3697100
DAC,16-Sep-2026,160,160.53,157.86,159.16,174100
DAL,16-Sep-2026,79.66,80.355,76.89,77.87,6990400
DAN,16-Sep-2026,30.54,30.57,29.39,29.96,1230700
DAO,16-Sep-2026,14.16,14.73,13.94,14.65,60100
DAR,16-Sep-2026,66,66.73,65.17,65.56,1874700
DAVA,16-Sep-2026,2.97,2.99,2.9,2.91,151500
DB,16-Sep-2026,38.6,38.955,37.97,38.36,1891500
DBD,16-Sep-2026,64.69,65.31,64.06,64.91,189400
DBI,16-Sep-2026,6.25,6.34,6.015,6.04,641700
DBL,16-Sep-2026,13.83,13.9,13.82,13.82,25600
DBR-H,16-Sep-2026,14.94,14.975,14.89,14.975,6100
DBR-I,16-Sep-2026,15.1,15.19,15.065,15.18,13300
DBR-J,16-Sep-2026,15.4,15.5,15.4,15.45,5300
DBRG,16-Sep-2026,15.86,15.89,15.84,15.88,7113000
DBRGpH,16-Sep-2026,14.94,14.975,14.89,14.975,6112
DBRGpI,16-Sep-2026,15.1,15.19,15.065,15.18,13353
DBRGpJ,16-Sep-2026,15.4,15.5,15.4,15.45,5341
DCBG,16-Sep-2026,26.74,26.8,26.5404,26.7001,4800
DCH,16-Sep-2026,6.16,6.16,5.88,6,3135600
DCI,16-Sep-2026,87.69,88.06,85.24,86.33,638400
DCO,16-Sep-2026,166.49,174,164.4,171.52,362100
DCO-,16-Sep-2026,16.65,17.04,16.65,16.91,8400
DD,16-Sep-2026,128.73,129.51,126.11,127.57,1010600
DDD,16-Sep-2026,3.17,3.2,3.095,3.14,1526000
DDL,16-Sep-2026,2.2,2.23,2.18,2.18,208400
DDS,16-Sep-2026,650.56,663.22,644.06,647.49,255800
DDT,16-Sep-2026,26.11,26.1735,25.95,26.11,13600
DE,16-Sep-2026,681.73,684.53,665.4475,669.47,872100
DEA,16-Sep-2026,23.66,23.905,23.04,23.29,343200
DEC,16-Sep-2026,14.81,14.85,14.05,14.16,1082200
DECK,16-Sep-2026,78.21,79.94,77.725,77.96,3045300
DEI,16-Sep-2026,10.37,10.54,10.165,10.36,2503400
DELL,16-Sep-2026,553.63,576.75,550.09,563.29,13108000
DEO,16-Sep-2026,87.56,87.73,86.61,86.95,1381400
DFH,16-Sep-2026,12.58,12.765,11.85,12.01,1388100
DFIN,16-Sep-2026,47.56,49.025,47.56,48.91,280800
DFP,16-Sep-2026,19.46,19.73,19.46,19.51,87200
DG,16-Sep-2026,124.38,125.78,122.25,123.01,2317700
DGA-,16-Sep-2026,0.12,0.12,0.12,0.12,20400
DGX,16-Sep-2026,245.47,248.57,244.85,247.08,948700
DHF,16-Sep-2026,2.24,2.27,2.12,2.27,909400
DHI,16-Sep-2026,142.22,142.98,137.55,138.32,3933600
DHR,16-Sep-2026,209.67,211.98,206.675,208.36,3568800
DHT,16-Sep-2026,22.18,23.46,22.13,23.04,5318900
DHX,16-Sep-2026,4.89,5.19,4.89,4.95,519900
DIN,16-Sep-2026,27.1,27.74,26.9,27.48,408900
DINO,16-Sep-2026,110.5,114.7899,109.145,113.97,2092900
DIS,16-Sep-2026,106.475,108.335,106.23,106.99,10108500
DIVY,16-Sep-2026,30.21,30.21,30.21,30.21,200
DK,16-Sep-2026,76.5,80.15,76.5,79.16,1840800
DKL,16-Sep-2026,56.8,57.15,55.83,56.26,154800
DKS,16-Sep-2026,124.5,126.18,122.76,123.65,5982500
DLB,16-Sep-2026,60,60.3,58.675,58.74,853800
DLN-A,16-Sep-2026,26.08,26.25,26.0525,26.15,3300
DLNG,16-Sep-2026,3.79,3.84,3.77,3.77,56800
DLNGpA,16-Sep-2026,26.08,26.25,26.0525,26.15,3389
DLR,16-Sep-2026,180.67,183.62,179.7,181.07,2634800
DLR-J,16-Sep-2026,18.5,18.86,18.4101,18.59,16000
DLR-K,16-Sep-2026,20.8,21.09,20.8,20.86,34100
DLR-L,16-Sep-2026,18.2,18.52,18.1899,18.52,49400
DLRpJ,16-Sep-2026,18.5,18.86,18.4101,18.59,16086
DLRpK,16-Sep-2026,20.8,21.09,20.8,20.86,34126
DLRpL,16-Sep-2026,18.2,18.52,18.1899,18.52,49402
DLX,16-Sep-2026,23.45,23.9425,23.45,23.65,299700
DLY,16-Sep-2026,13.36,13.4999,13.35,13.38,243000
DMA,16-Sep-2026,7.66,7.74,7.5,7.57,34800
DMB,16-Sep-2026,9.89,9.98,9.87,9.94,90300
DMC,16-Sep-2026,31.3,31.77,31.3,31.5,344500
DMO,16-Sep-2026,9.74,9.9087,9.74,9.74,106900
DNA,16-Sep-2026,7.1,7.3909,6.95,7.06,976200
DNOW,16-Sep-2026,16.06,16.23,15.475,15.6,2346900
DNP,16-Sep-2026,10.08,10.2,10.05,10.2,915800
DOC,16-Sep-2026,20.19,20.39,20.095,20.35,4910200
DOCN,16-Sep-2026,118.04,125.74,118.01,123.76,1899400
DOCS,16-Sep-2026,25.56,26.42,25.53,25.94,2306400
DOLE,16-Sep-2026,13.16,13.345,13.1,13.1,857900
DOUG,16-Sep-2026,1.69,1.72,1.66,1.71,671300
DOV,16-Sep-2026,190.2,191.56,187.09,188.36,1440500
DOW,16-Sep-2026,29.4,30.485,29.16,30.08,12243200
DPC,16-Sep-2026,40.28,40.94,38.6,39.52,867700
DPG,16-Sep-2026,13.47,13.64,13.45,13.54,110300
DQ,16-Sep-2026,11.44,11.515,11.17,11.31,625100
DRD,16-Sep-2026,26.24,26.24,25,25.43,227000
DRI,16-Sep-2026,211.79,211.79,208.05,208.08,1098600
DRLL,16-Sep-2026,42.56,42.63,41.755,41.7985,10000
DSL,16-Sep-2026,10.11,10.24,10.11,10.17,545500
DSM,16-Sep-2026,5.43,5.46,5.43,5.46,131900
DSMC,16-Sep-2026,43.64,43.71,43.221,43.3103,6000
DSTX,16-Sep-2026,35.27,35.27,34.79,34.881,3000
DSU,16-Sep-2026,9.13,9.13,9.07,9.07,332700
DSX,16-Sep-2026,3.01,3.07,2.97,2.99,1506800
DSX-B,16-Sep-2026,27.22,27.22,27.1,27.1,1700
DSX.W,16-Sep-2026,1.05,1.17,1,1.05,44400
DSX.WS,16-Sep-2026,1.05,1.17,1,1.05,44493
DSXpB,16-Sep-2026,27.22,27.22,27.1,27.1,1711
DT,16-Sep-2026,54.53,55.76,54.36,55.19,6723200
DTB,16-Sep-2026,15.7,15.9,15.5701,15.899,49900
DTE,16-Sep-2026,131.45,131.745,129.77,130.7,2284700
DTF,16-Sep-2026,11.32,11.48,11.32,11.48,9400
DTG,16-Sep-2026,15.8,16.25,15.65,16.25,40200
DTK,16-Sep-2026,21.58,21.97,21.5,21.64,162700
DTM,16-Sep-2026,125.06,127.97,124.19,124.99,1144700
DTW,16-Sep-2026,19.12,19.4156,19.01,19.2699,27200
DUK,16-Sep-2026,118.42,118.76,117.4556,117.76,3824200
DUK-A,16-Sep-2026,22.87,23,22.7601,22.82,137700
DUKB,16-Sep-2026,20.9,21.07,20.7601,20.89,89600
DUKU,16-Sep-2026,49.13,49.34,49,49.31,67900
DUKpA,16-Sep-2026,22.87,23,22.7601,22.82,137786
DV,16-Sep-2026,13.47,13.5,13.44,13.49,6226400
DVA,16-Sep-2026,191.43,195.07,189.9941,193.86,599300
DVN,16-Sep-2026,50.47,50.47,48.255,48.44,14992900
DX,16-Sep-2026,12.25,12.3478,12.03,12.16,8326800
DX-C,16-Sep-2026,25.85,25.9599,25.85,25.885,3100
DXC,16-Sep-2026,11.84,11.85,11.565,11.58,2258200
DXYZ,16-Sep-2026,30.27,31.2,30.14,30.75,688300
DXpC,16-Sep-2026,25.85,25.9599,25.85,25.885,3137
DY,16-Sep-2026,287.98,293.69,285.145,287.38,596100
E,16-Sep-2026,56.5,56.5,55.24,55.3,424800
EAF,16-Sep-2026,7.12,8.38,7.12,8.11,1128500
EAI,16-Sep-2026,19.44,19.65,19.36,19.56,14500
EARN,16-Sep-2026,4.18,4.18,4.1,4.15,417100
EAT,16-Sep-2026,204.85,216.275,204.5,210.61,1544500
EBF,16-Sep-2026,21.38,21.51,21.1101,21.34,110300
EBS,16-Sep-2026,6.4,6.8,6.39,6.75,1610100
EC,16-Sep-2026,17.97,18.035,17.44,17.46,1792500
ECAT,16-Sep-2026,13.9,14.19,13.794,13.81,907400
ECC,16-Sep-2026,3.63,3.69,3.63,3.65,837500
ECC-D,16-Sep-2026,18.1,18.25,18.05,18.16,11500
ECCC,16-Sep-2026,24.9,24.95,24.89,24.95,1500
ECCU,16-Sep-2026,25,25.0001,24.86,24.88,11100
ECCV,16-Sep-2026,23.95,23.95,23.8,23.89,2600
ECCpD,16-Sep-2026,18.1,18.25,18.05,18.16,11562
ECG,16-Sep-2026,111.5,112.75,109.97,111.28,391800
ECL,16-Sep-2026,275.59,278.15,272.25,274.08,1271100
ECO,16-Sep-2026,82.49,87.11,82.3439,84.74,1088100
ECVT,16-Sep-2026,10.62,10.925,10.62,10.88,1904400
ED,16-Sep-2026,105.92,106.015,105.02,105.42,1856600
EDD,16-Sep-2026,5.56,5.69,5.56,5.66,443700
EDF,16-Sep-2026,5.22,5.35,5.22,5.23,179100
EDN,16-Sep-2026,23.86,23.86,23.33,23.77,27600
EDU,16-Sep-2026,55.63,56.39,55.57,55.82,892300
EE,16-Sep-2026,36.15,37.87,35.65,37.71,701800
EEA,16-Sep-2026,10.96,11.16,10.61,10.64,19500
EFC,16-Sep-2026,12.65,12.75,12.525,12.62,1381500
EFC-B,16-Sep-2026,25.34,25.34,25.01,25.2,5300
EFC-C,16-Sep-2026,25.748,25.748,25.678,25.678,600
EFCpB,16-Sep-2026,25.34,25.34,25.01,25.2,5323
EFCpC,16-Sep-2026,25.748,25.748,25.678,25.678,653
EFOR,16-Sep-2026,33.45,33.515,32.27,32.43,588500
EFR,16-Sep-2026,10.25,10.38,10.25,10.38,89700
EFT,16-Sep-2026,10.48,10.52,10.43,10.52,75600
EFX,16-Sep-2026,166.56,166.645,162.91,163.8,1128600
EFXT,16-Sep-2026,22.28,23.075,22.18,22.36,535500
EG,16-Sep-2026,377.85,380.57,374.51,377.77,379900
EGO,16-Sep-2026,41.12,42.06,39.75,40.57,4589700
EGP,16-Sep-2026,198.6,201.55,196.77,197.87,479300
EGY,16-Sep-2026,6.39,6.43,6.145,6.17,2009600
EHC,16-Sep-2026,121.89,124.775,121.405,123.91,879200
EHI,16-Sep-2026,5.57,5.575,5.535,5.54,167700
EIC,16-Sep-2026,9.7,9.8801,9.7,9.71,73800
EICA,16-Sep-2026,24.95,24.975,24.95,24.95,1000
EIG,16-Sep-2026,49.68,50.51,49.4,50.02,169400
EIIA,16-Sep-2026,25.03,25.1,25.03,25.1,700
EIX,16-Sep-2026,55.25,55.565,54.56,54.81,4414000
EL,16-Sep-2026,96.25,96.69,94.445,95.6,2081100
ELAN,16-Sep-2026,23.08,23.4,22.685,22.86,7030000
ELC,16-Sep-2026,19.36,19.495,19.36,19.39,17900
ELF,16-Sep-2026,95.91,96.46,91.72,93.41,1409400
ELLA,16-Sep-2026,25.03,25.04,24.9,24.94,15500
ELME,16-Sep-2026,1.67,1.67,1.625,1.63,1437400
ELPC,16-Sep-2026,12.37,12.635,12.315,12.57,628500
ELS,16-Sep-2026,61.13,61.59,60.41,60.88,1514700
ELV,16-Sep-2026,417,422.36,411.656,412.56,1118300
EMA,16-Sep-2026,48.65,49.03,48.62,48.89,245000
EMBJ,16-Sep-2026,74.93,75.68,73.205,74.01,1796800
EMD,16-Sep-2026,9.96,10,9.92,10,165000
EME,16-Sep-2026,747.04,754.25,732.875,739.46,309500
EMF,16-Sep-2026,22.16,22.25,21.89,21.95,40300
EMN,16-Sep-2026,66.09,66.336,64.42,65.07,1190500
EMO,16-Sep-2026,54.68,55.73,53.44,53.44,54400
EMP,16-Sep-2026,19.96,20.04,19.875,19.92,6500
EMR,16-Sep-2026,148.29,148.94,144.4,145.83,2516000
ENB,16-Sep-2026,48.36,48.8493,48.13,48.36,6975900
ENHA,16-Sep-2026,1.55,1.55,1.4,1.43,1485500
ENIC,16-Sep-2026,4.34,4.34,4.275,4.31,718800
ENJ,16-Sep-2026,19.16,19.46,19.16,19.2,1200
ENO,16-Sep-2026,20.8,20.92,20.725,20.91,6600
ENOV,16-Sep-2026,18.09,18.83,17.74,18.66,1812200
ENR,16-Sep-2026,20.5,21.03,20.32,20.75,802700
ENS,16-Sep-2026,172.53,173.78,169.97,171.87,375300
ENVA,16-Sep-2026,173.01,177.03,170.52,172.14,559000
EOD,16-Sep-2026,6.4,6.435,6.36,6.38,227700
EOG,16-Sep-2026,149.99,150.955,144.4,144.93,4386500
EOI,16-Sep-2026,19.4,19.5896,19.35,19.4,59200
EOS,16-Sep-2026,20.95,21.04,20.72,20.86,90300
EOT,16-Sep-2026,15.82,15.96,15.75,15.88,57900
EP-C,16-Sep-2026,50,50,49.98,50,1500
EPAC,16-Sep-2026,34.9,36.43,34.8,35.84,653800
EPAM,16-Sep-2026,120.9,121.875,116.31,117.17,1213400
EPC,16-Sep-2026,26.71,27.185,26.4665,26.78,541400
EPD,16-Sep-2026,38.74,38.87,37.96,38.09,2416700
EPR,16-Sep-2026,58.63,59.2,56.23,57.01,1424000
EPR-C,16-Sep-2026,25.92,25.92,25.18,25.18,1300
EPR-E,16-Sep-2026,31.95,32.42,31.95,31.97,6300
EPR-G,16-Sep-2026,19.77,19.98,19.77,19.95,3400
EPRT,16-Sep-2026,28,28.19,26.685,26.79,4893400
EPRpC,16-Sep-2026,25.92,25.92,25.18,25.18,1352
EPRpE,16-Sep-2026,31.95,32.42,31.95,31.97,6342
EPRpG,16-Sep-2026,19.77,19.98,19.77,19.95,3459
EPpC,16-Sep-2026,50,50,49.98,50,1508
EQBK,16-Sep-2026,50.24,50.34,48.66,49.21,100500
EQH,16-Sep-2026,53.83,54.795,52.8601,53.88,3223900
EQH-A,16-Sep-2026,18.17,18.3,17.68,17.8,143100
EQH-C,16-Sep-2026,15.96,16.2,15.8401,15.95,50100
EQHpA,16-Sep-2026,18.17,18.3,17.68,17.8,143109
EQHpC,16-Sep-2026,15.96,16.2,15.8401,15.95,50153
EQNR,16-Sep-2026,45.41,45.47,44.14,44.2,3905700
EQS,16-Sep-2026,0.96,0.9751,0.96,0.975,4400
EQT,16-Sep-2026,52.61,52.875,50,50.41,9729300
ERO,16-Sep-2026,33.05,33.385,31.64,32.28,896800
EROC,16-Sep-2026,11.25,12.3,11.05,12.21,3330400
EROK,16-Sep-2026,24.35,24.405,23.66,23.89,95100
ES,16-Sep-2026,67.84,68.125,67.285,67.86,2444600
ESAB,16-Sep-2026,67.69,69.07,66.18,66.48,913200
ESE,16-Sep-2026,261.67,265.2,255.75,258.98,267200
ESI,16-Sep-2026,32.22,33.08,31.755,32.1,5088400
ESNT,16-Sep-2026,67.95,68.68,67.16,67.82,826600
ESRT,16-Sep-2026,4.24,4.3,4.04,4.09,5964200
ESS,16-Sep-2026,275.83,277.49,269.86,271.34,553600
ESTC,16-Sep-2026,83.75,86.295,83.655,85.03,1979800
ET,16-Sep-2026,21.35,21.4183,20.99,21.11,6791900
ET-I,16-Sep-2026,11.36,11.4399,11.35,11.36,54100
ETB,16-Sep-2026,15.43,15.5,15.21,15.27,48400
ETD,16-Sep-2026,21.7,21.925,21.485,21.62,363500
ETG,16-Sep-2026,23.03,23.155,22.72,22.83,113900
ETI-,16-Sep-2026,23.04,23.4113,22.3251,22.3251,1500
ETIp,16-Sep-2026,23.04,23.4113,22.3251,22.3251,1575
ETJ,16-Sep-2026,8.18,8.2365,8.1,8.12,128500
ETN,16-Sep-2026,397.65,403.3225,393.6,397.8,1811400
ETO,16-Sep-2026,30.46,31.05,30.055,30.23,21900
ETR,16-Sep-2026,103.77,103.875,101.65,102.32,2870900
ETSS,16-Sep-2026,9.97,9.97,9.93,9.935,50700
ETV,16-Sep-2026,15.08,15.105,14.895,14.95,108500
ETW,16-Sep-2026,9.52,9.605,9.47,9.56,369000
ETX,16-Sep-2026,17.76,18.145,17.76,17.89,25900
ETY,16-Sep-2026,13.92,14.05,13.78,13.89,209000
ETpI,16-Sep-2026,11.36,11.4399,11.35,11.36,54103
EVA.W,16-Sep-2026,0.34,0.34,0.34,0.34,300
EVAC,16-Sep-2026,10.28,10.3,10.28,10.28,135600
EVAC.WS,16-Sep-2026,0.34,0.34,0.34,0.34,307
EVC,16-Sep-2026,8.19,8.25,7.83,7.89,1148600
EVE.T,16-Sep-2026,0.089,0.089,0.089,0.089,3500
EVEX,16-Sep-2026,2.13,2.135,1.985,1.99,1043600
EVEX.WS,16-Sep-2026,0.089,0.089,0.089,0.089,3556
EVF,16-Sep-2026,4.87,4.88,4.86,4.87,64700
EVG,16-Sep-2026,10.25,10.355,10.19,10.21,31000
EVH,16-Sep-2026,3.835,3.835,3.715,3.74,1404500
EVMN,16-Sep-2026,9.98,9.99,9.3006,9.37,568800
EVN,16-Sep-2026,10.2,10.25,10.1,10.15,116600
EVR,16-Sep-2026,271.51,275.615,258.605,261.83,667200
EVT,16-Sep-2026,28.03,28.17,27.59,27.71,201500
EVTC,16-Sep-2026,28.32,28.51,27.99,28.29,386800
EVTL,16-Sep-2026,0.5848,0.62,0.5847,0.6033,4754500
EVTR,16-Sep-2026,49.25,49.395,49.15,49.15,843500
EW,16-Sep-2026,84.99,89.7,84.84,89.28,5011700
EXG,16-Sep-2026,9.63,9.6699,9.465,9.51,382000
EXK,16-Sep-2026,9.86,9.865,9.3113,9.53,8828800
EXP,16-Sep-2026,181.51,184.52,177.95,179.44,394300
EXPD,16-Sep-2026,193.6,193.6,188.36,189.04,970600
EXR,16-Sep-2026,136.51,138.6,135.84,136.43,1111100
F,16-Sep-2026,13.54,13.57,13.25,13.35,53312600
F-B,16-Sep-2026,19.75,20.1099,19.7101,19.82,35600
F-C,16-Sep-2026,19.28,19.53,19.151,19.36,101600
F-D,16-Sep-2026,20.58,20.88,20.58,20.76,55800
FAF,16-Sep-2026,73.34,74.22,70.12,71.11,774900
FBIN,16-Sep-2026,40.28,40.64,38.9,39.55,2892200
FBK,16-Sep-2026,54.78,54.81,53,54.15,752800
FBP,16-Sep-2026,28.09,28.1,27.11,27.65,1677500
FBR-E,16-Sep-2026,19.45,19.49,19.3,19.39,47900
FBRT,16-Sep-2026,7.8,7.89,7.66,7.73,1727000
FBRTpE,16-Sep-2026,19.45,19.49,19.3,19.39,47975
FC,16-Sep-2026,18.01,18.14,17.515,17.81,36600
FCF,16-Sep-2026,21.46,21.515,20.85,21.21,1098600
FCN,16-Sep-2026,145.35,147.11,145.005,145.13,401200
FCPT,16-Sep-2026,23.53,23.74,22.88,23.06,1864600
FCX,16-Sep-2026,70.085,70.295,67.8,69.24,10937400
FDS,16-Sep-2026,274.44,277.135,271.06,276.41,700600
FDX,16-Sep-2026,307.95,307.95,299.38,301.72,1579300
FDXF,16-Sep-2026,125.61,125.61,120.84,121.73,2146700
FE,16-Sep-2026,45.61,45.73,45.175,45.38,3252900
FEGE,16-Sep-2026,52.08,52.11,51.243,51.56,208000
FENG,16-Sep-2026,1.45,1.45,1.44,1.44,1900
FEOE,16-Sep-2026,55.02,55.18,54.26,54.75,138400
FERG,16-Sep-2026,215.54,219.51,213.14,214.35,1439000
FET,16-Sep-2026,82,83,78.98,81.62,160700
FF,16-Sep-2026,5.59,5.615,5.37,5.41,371200
FFA,16-Sep-2026,22.94,22.96,22.66,22.68,17400
FFC,16-Sep-2026,15.4,15.5799,15.39,15.48,118200
FG,16-Sep-2026,23.28,23.5292,22.77,23.05,595000
FGN,16-Sep-2026,24.67,24.89,24.55,24.74,26800
FGSN,16-Sep-2026,20.55,20.71,20.14,20.33,30000
FHI,16-Sep-2026,58.34,58.445,55.69,56.69,916900
FHN,16-Sep-2026,24.45,24.55,23.53,23.93,4741500
FHN-E,16-Sep-2026,23.2999,23.44,23.1401,23.22,4300
FHN-F,16-Sep-2026,16.59,16.925,16.59,16.71,3400
FHN-H,16-Sep-2026,23.9,24.14,23.7,24.14,10100
FHNpE,16-Sep-2026,23.2999,23.44,23.1401,23.22,4381
FHNpF,16-Sep-2026,16.59,16.925,16.59,16.71,3443
FICO,16-Sep-2026,980,1003.17,976,991.35,215900
FIG,16-Sep-2026,23.45,23.7,22.66,23.06,11326200
FIGS,16-Sep-2026,13.31,13.4,12.88,12.9,2266000
FINS,16-Sep-2026,12.29,12.35,12.2001,12.3,19400
FINV,16-Sep-2026,3.24,3.36,3.22,3.34,1082000
FIRY,16-Sep-2026,10.35,10.45,10.17,10.3,95800
FIS,16-Sep-2026,37.2,37.57,36.67,36.85,5129800
FIT-A,16-Sep-2026,21.65,22.19,21.65,22.08,8700
FIT-I,16-Sep-2026,25.61,25.67,25.5501,25.5951,15600
FIT-K,16-Sep-2026,17.85,18.14,17.85,17.85,36600
FIT-M,16-Sep-2026,25.81,25.9,25.71,25.76,113000
FIX,16-Sep-2026,1610.68,1624.46,1572.24,1587.35,250700
FIXT,16-Sep-2026,36.61,36.72,36.54,36.579,53600
FLC,16-Sep-2026,16.04,16.1411,16.02,16.03,69900
FLG,16-Sep-2026,12.87,12.905,12.44,12.58,5683900
FLG-A,16-Sep-2026,23.58,23.76,23.52,23.5707,33200
FLG-U,16-Sep-2026,40.15,40.15,39.45,39.6999,4500
FLGpA,16-Sep-2026,23.58,23.76,23.52,23.5707,33249
FLGpU,16-Sep-2026,40.15,40.15,39.45,39.6999,4511
FLNG,16-Sep-2026,32.39,32.8699,32.1,32.22,425900
FLO,16-Sep-2026,6.18,6.32,6.15,6.15,8798100
FLOC,16-Sep-2026,20.59,20.81,20.2,20.45,495200
FLR,16-Sep-2026,54.28,54.28,52,52.99,2192900
FLS,16-Sep-2026,72.19,74.34,71.435,72.31,2152000
FLUT,16-Sep-2026,99,99.78,97.115,97.56,3350800
FLXR,16-Sep-2026,38.3,38.48,38.2524,38.27,525700
FMC,16-Sep-2026,11.13,11.23,10.61,10.8,3796800
FMN,16-Sep-2026,10.46,10.51,10.43,10.46,18800
FMS,16-Sep-2026,22.94,23.1,22.86,22.97,363800
FMX,16-Sep-2026,121.46,122.27,120.4,121.02,230100
FMY,16-Sep-2026,11.36,11.4,11.27,11.395,2300
FN,16-Sep-2026,383.5,400.7499,382,392.68,810900
FNB,16-Sep-2026,18.2,18.2599,17.545,17.89,5145600
FND,16-Sep-2026,46.68,47.65,45.95,45.97,3471100
FNF,16-Sep-2026,43.21,43.89,42.32,43.02,2968700
FNV,16-Sep-2026,266.43,268.05,255.6601,259.41,675600
FOA,16-Sep-2026,14.9,14.9,14.52,14.53,65100
FOF,16-Sep-2026,12.56,12.6199,12.45,12.53,66200
FOIL,16-Sep-2026,19.62,20.51,19.13,19.6,20300
FOR,16-Sep-2026,26.96,27.21,25.73,26.37,289400
FOU-A,16-Sep-2026,56,57.04,55.77,55.77,3500
FOUR,16-Sep-2026,42.4,43.8,41.625,42.09,1572300
FOURpA,16-Sep-2026,56,57.04,55.77,55.77,3598
FPF,16-Sep-2026,16.8,16.95,16.7,16.87,205500
FPH,16-Sep-2026,5.03,5.135,5.02,5.09,148400
FPI,16-Sep-2026,10.79,10.9,10.775,10.79,542900
FPS,16-Sep-2026,33.14,36.125,33,34.84,20860900
FR,16-Sep-2026,61.19,62.23,61.14,61.41,1199500
FRA,16-Sep-2026,10.62,10.67,10.58,10.58,169900
FRO,16-Sep-2026,52.52,54.69,52.205,53.67,5129500
FRT,16-Sep-2026,113.71,114.68,111.625,112.42,690700
FRT-C,16-Sep-2026,18.41,19,18.29,18.71,23600
FRTpC,16-Sep-2026,18.41,19,18.29,18.71,23618
FSCO,16-Sep-2026,5.23,5.315,5.22,5.24,706200
FSK,16-Sep-2026,11.56,11.57,11.38,11.53,2681100
FSM,16-Sep-2026,11.85,11.89,11.2714,11.49,4675500
FSS,16-Sep-2026,114.67,116.35,113.61,115.33,626100
FSSL,16-Sep-2026,11.65,11.9,11.51,11.79,204500
FT,16-Sep-2026,7.36,7.46,7.3,7.3,38700
FTHY,16-Sep-2026,12.98,13.0799,12.96,13,107500
FTI,16-Sep-2026,74.63,75.305,71.96,72.78,3264400
FTK,16-Sep-2026,28.85,28.85,27.06,28.13,558900
FTR.W,16-Sep-2026,0.7,0.7,0.7,0.7,200
FTRA,16-Sep-2026,9.9,9.9,9.8922,9.8922,250700
FTS,16-Sep-2026,53.8,54.12,53.62,53.85,863000
FTV,16-Sep-2026,56.48,56.48,54.74,55.3,2395000
FTW,16-Sep-2026,10.16,10.22,9.97,10.02,60700
FTW.W,16-Sep-2026,1.1,1.1,1.03,1.05,13300
FTWO,16-Sep-2026,46.5,46.5,45.8749,45.8749,2500
FUBO,16-Sep-2026,10.75,11.19,10.53,10.6,957500
FUL,16-Sep-2026,51.35,51.895,50.61,50.83,612300
FUN,16-Sep-2026,12.85,12.87,12.26,12.37,2718300
FVR,16-Sep-2026,18.28,18.34,17.6,17.64,119600
FVRR,16-Sep-2026,9.08,9.12,8.895,8.96,425600
FXED,16-Sep-2026,16.9101,16.99,16.8977,16.8977,1200
FpB,16-Sep-2026,19.75,20.1099,19.7101,19.82,35649
FpC,16-Sep-2026,19.28,19.53,19.151,19.36,101670
FpD,16-Sep-2026,20.58,20.88,20.58,20.76,55845
G,16-Sep-2026,35.53,35.845,34.935,35.27,1603800
GAB,16-Sep-2026,5.4,5.4,5.27,5.29,1310500
GAB-G,16-Sep-2026,18.7,18.88,18.7,18.83,2600
GAB-H,16-Sep-2026,18.65,18.96,18.65,18.77,22500
GAB-K,16-Sep-2026,18.73,18.9,18.73,18.82,5200
GABpG,16-Sep-2026,18.7,18.88,18.7,18.83,2672
GABpH,16-Sep-2026,18.65,18.96,18.65,18.77,22599
GABpK,16-Sep-2026,18.73,18.9,18.73,18.82,5209
GAM,16-Sep-2026,64.34,65.27,64,64.49,20500
GAM-B,16-Sep-2026,23.71,24.075,23.695,23.695,29600
GAMpB,16-Sep-2026,23.71,24.075,23.695,23.695,29618
GAP,16-Sep-2026,20.46,20.735,19.845,20.17,7265100
GATX,16-Sep-2026,179.53,181.92,174.5,177.63,317200
GBAB,16-Sep-2026,13.06,13.21,13.01,13.03,196800
GBCI,16-Sep-2026,45.39,45.76,44.42,44.94,1468300
GBTG,16-Sep-2026,9.48,9.48,9.46,9.47,1010500
GBX,16-Sep-2026,43,43.405,42.56,42.63,793800
GCO,16-Sep-2026,34.42,34.555,33.37,33.39,137200
GCPB,16-Sep-2026,49.3,49.35,49.28,49.28,9500
GCT.W,16-Sep-2026,0.3025,0.322,0.29,0.2952,32000
GCTS,16-Sep-2026,1.94,2.05,1.9,1.91,1705600
GCTS.WS,16-Sep-2026,0.3025,0.322,0.29,0.2952,32093
GCV,16-Sep-2026,4.43,4.45,4.3706,4.39,8700
GD,16-Sep-2026,357.59,362.07,356.05,360,1003400
GDDY,16-Sep-2026,101.14,102.39,98.46,99.09,1786800
GDIV,16-Sep-2026,18.47,18.48,18.2,18.3086,4500
GDL,16-Sep-2026,8.32,8.41,8.32,8.385,13700
GDO,16-Sep-2026,9.75,9.85,9.75,9.79,61400
GDOT,16-Sep-2026,13.25,13.28,13.15,13.26,357500
GDV,16-Sep-2026,29.05,29.33,28.75,29.01,98900
GDV-H,16-Sep-2026,20.8,20.96,20.6,20.7,8300
GDV-K,16-Sep-2026,16.62,16.69,16.53,16.55,9100
GDVpH,16-Sep-2026,20.8,20.96,20.6,20.7,8313
GDVpK,16-Sep-2026,16.62,16.69,16.53,16.55,9176
GE,16-Sep-2026,310.175,318.5,308.68,312.9,4526900
GEF,16-Sep-2026,82.05,84.67,82.015,82.9,421700
GEF.B,16-Sep-2026,105.4,108.53,103.93,107.09,112700
GEL,16-Sep-2026,15.3,15.55,15.095,15.32,167100
GENI,16-Sep-2026,6.56,6.705,6.41,6.62,3816000
GEO,16-Sep-2026,30.87,31.96,30.69,31.43,2686800
GETY,16-Sep-2026,0.2293,0.2465,0.211,0.2307,3223500
GEV,16-Sep-2026,898,937.535,890.99,925.09,3565100
GF,16-Sep-2026,11.19,11.195,10.775,11,47200
GFF,16-Sep-2026,93.5,94.92,91.79,93.21,592400
GFI,16-Sep-2026,43.62,43.63,41.34,41.96,4096300
GFL,16-Sep-2026,42.09,42.9,40.96,41.07,2858700
GFR,16-Sep-2026,6.83,6.955,6.445,6.49,2491000
GGB,16-Sep-2026,5.05,5.1,4.91,4.99,12044900
GGG,16-Sep-2026,77.01,77.25,75.92,76.28,1175200
GGT,16-Sep-2026,3.97,4.015,3.9501,4,622600
GGT-G,16-Sep-2026,20.13,20.132,20,20.11,3800
GGTpG,16-Sep-2026,20.132,20.132,20,20.11,3802
GGZ,16-Sep-2026,15.77,15.8111,15.47,15.53,4000
GHC,16-Sep-2026,1157.92,1161.035,1124.31,1134.85,35500
GHG,16-Sep-2026,1.02,1.0462,1.02,1.0462,1700
GHI,16-Sep-2026,5.96,6.0405,5.8497,5.96,34600
GHM,16-Sep-2026,85.36,86.9275,83.195,85.28,155900
GHY,16-Sep-2026,11.18,11.27,11.09,11.17,194100
GIB,16-Sep-2026,71.26,71.695,70.77,70.9,259300
GIC,16-Sep-2026,39.96,40.06,39.29,39.85,148000
GIL,16-Sep-2026,46.4,47.18,46,46.32,1278100
GIS,16-Sep-2026,36.55,37.29,36.55,36.81,6317800
GJH,16-Sep-2026,9.45,9.45,9.45,9.45,100
GJO,16-Sep-2026,24.27,24.8,24.23,24.8,1300
GJP,16-Sep-2026,24.23,24.27,24.23,24.25,700
GKOS,16-Sep-2026,172.01,173.545,162.12,163.47,690900
GL,16-Sep-2026,174,176.22,171.11,172.98,370500
GL-D,16-Sep-2026,14.59,14.8199,14.5665,14.645,9000
GLAS,16-Sep-2026,8.2,8.2999,7.83,8.03,545900
GLED,16-Sep-2026,10.03,10.03,10.02,10.02,3100
GLO-A,16-Sep-2026,25.61,25.61,25.38,25.53,1100
GLO-B,16-Sep-2026,25.52,25.68,25.52,25.5907,4900
GLO-C,16-Sep-2026,25.27,25.55,25.27,25.55,400
GLOB,16-Sep-2026,39.31,39.7133,38.34,38.37,884900
GLOPpA,16-Sep-2026,25.61,25.61,25.38,25.53,1192
GLOPpB,16-Sep-2026,25.52,25.68,25.52,25.5907,4963
GLOPpC,16-Sep-2026,25.27,25.55,25.27,25.55,477
GLP,16-Sep-2026,50.91,51.21,50.06,50.76,53900
GLW,16-Sep-2026,147.22,147.86,142.35,144.16,8395800
GLpD,16-Sep-2026,14.59,14.8199,14.5665,14.645,9021
GM,16-Sep-2026,85.05,85.35,83.47,84.29,6428900
GME,16-Sep-2026,21.48,22.06,21.392,21.98,5858800
GME.W,16-Sep-2026,2.35,2.355,2.12,2.19,601500
GME.WS,16-Sep-2026,2.35,2.355,2.12,2.19,595250
GMED,16-Sep-2026,74.64,76.1,74.5794,75.26,1332600
GMRS,16-Sep-2026,12.82,13.35,12.585,12.97,2377800
GNE,16-Sep-2026,15.95,16.13,15.82,16.08,109600
GNK,16-Sep-2026,28.1,28.14,27.29,27.42,596700
GNL,16-Sep-2026,9,9.065,8.87,8.87,2567800
GNL-A,16-Sep-2026,22.28,22.44,22.28,22.44,5200
GNL-B,16-Sep-2026,21.55,21.785,21.55,21.59,3400
GNL-D,16-Sep-2026,22.76,22.9,22.55,22.6,10200
GNL-E,16-Sep-2026,22.45,22.49,22.41,22.41,2900
GNLpA,16-Sep-2026,22.28,22.44,22.28,22.44,5201
GNLpB,16-Sep-2026,21.55,21.785,21.55,21.59,3432
GNLpD,16-Sep-2026,22.76,22.9,22.55,22.6,10288
GNLpE,16-Sep-2026,22.455,22.49,22.41,22.41,2923
GNRC,16-Sep-2026,177.16,179.51,173.25,175.11,1658900
GNT,16-Sep-2026,9.1,9.13,9,9.02,48200
GNT-A,16-Sep-2026,19.51,19.515,19.46,19.47,2600
GNTpA,16-Sep-2026,19.51,19.515,19.46,19.47,2602
GNW,16-Sep-2026,10,10.195,9.895,10.09,7125000
GOF,16-Sep-2026,8.59,8.64,8.51,8.51,5488900
GOLD,16-Sep-2026,47.5,48.42,46.4553,46.82,582000
GOLF,16-Sep-2026,82.84,84.31,82.02,82.71,329500
GOOS,16-Sep-2026,7.51,7.67,7.42,7.42,1336400
GOTU,16-Sep-2026,2.09,2.095,2.06,2.09,273700
GPC,16-Sep-2026,130.53,132.66,129.39,130.52,889900
GPI,16-Sep-2026,275.64,275.795,260.23,262.22,234900
GPJA,16-Sep-2026,19.41,19.68,19.3131,19.33,28900
GPK,16-Sep-2026,9.8,9.905,9.59,9.66,6633600
GPM-A,16-Sep-2026,15.3,15.8,15.3,15.65,8400
GPMT,16-Sep-2026,0.871,0.89,0.835,0.8601,524500
GPMTpA,16-Sep-2026,15.3,15.8,15.3,15.65,8455
GPN,16-Sep-2026,90.09,90.09,85.41,86.49,1956100
GPOR,16-Sep-2026,173.27,174.44,162.075,162.25,376800
GPRK,16-Sep-2026,11.6,11.605,11.21,11.28,724700
GRB-A,16-Sep-2026,21.39,21.7961,21.25,21.2686,2400
GRBK,16-Sep-2026,67.52,68.215,65.64,66.27,452500
GRBKpA,16-Sep-2026,21.39,21.7961,21.25,21.2686,2418
GRC,16-Sep-2026,72.02,73.166,70.76,72.17,205200
GRDN,16-Sep-2026,47.57,48.33,45.19,46.52,836800
GRMN,16-Sep-2026,281.08,281.08,274.1,276.93,801700
GRND,16-Sep-2026,15.32,15.84,15.315,15.53,1818600
GRNT,16-Sep-2026,5.25,5.25,4.875,4.95,1458900
GROV,16-Sep-2026,1,1.07,0.9903,1.01,30700
GRX,16-Sep-2026,9.62,9.735,9.5905,9.66,31100
GS,16-Sep-2026,981.46,984.66,932.3701,937.98,3551200
GS-A,16-Sep-2026,18.96,19.0845,18.9201,18.9587,44000
GS-C,16-Sep-2026,19.37,19.43,19.21,19.21,30800
GS-D,16-Sep-2026,18.68,18.79,18.64,18.7,134100
GSBD,16-Sep-2026,9.64,9.815,9.58,9.79,1205500
GSK,16-Sep-2026,50.19,50.71,50.055,50.29,2844500
GSL,16-Sep-2026,45.5,45.89,45.17,45.4,209500
GSL-B,16-Sep-2026,26.6,27.13,26.6,26.6864,9900
GSLpB,16-Sep-2026,26.6,27.13,26.6,26.6864,9984
GSpA,16-Sep-2026,18.96,19.0845,18.9201,18.9587,44005
GSpC,16-Sep-2026,19.37,19.43,19.21,19.21,30894
GSpD,16-Sep-2026,18.68,18.79,18.64,18.7,134128
GTES,16-Sep-2026,25.83,26.23,24.815,25.45,1913200
GTN,16-Sep-2026,4.84,4.84,4.645,4.76,742600
GTY,16-Sep-2026,31.53,31.66,29.685,30.08,857700
GUG,16-Sep-2026,14.3,14.55,14.25,14.26,219400
GUT,16-Sep-2026,6.02,6.2487,5.91,5.95,439200
GUT-C,16-Sep-2026,20.45,20.67,20.45,20.5,4800
GUTpC,16-Sep-2026,20.45,20.67,20.45,20.5,4828
GVA,16-Sep-2026,115.39,117.125,114.555,115.8,545000
GWH,16-Sep-2026,0.338,0.3496,0.3351,0.3369,289500
GWRE,16-Sep-2026,146.59,150.52,146.155,146.73,1377600
GWW,16-Sep-2026,1274.39,1274.51,1252.93,1258.26,263500
GXO,16-Sep-2026,46.14,46.86,45.1,46.15,2085600
GYLD,16-Sep-2026,13.84,14.4,13.84,14.11,6300
H,16-Sep-2026,160.7,161.98,157.38,158.65,633900
HAE,16-Sep-2026,105.9,106.78,104.78,106.24,520700
HAFN,16-Sep-2026,9.59,9.84,9.53,9.71,2283200
HAL,16-Sep-2026,35.46,35.56,34.115,34.51,13789600
HASI,16-Sep-2026,36.68,36.97,35.99,36.4,827400
HAWK,16-Sep-2026,16.47,16.53,16.01,16.17,1023300
HAYW,16-Sep-2026,12.88,13.005,12.81,12.93,4047900
HBB,16-Sep-2026,31.42,32.41,30.73,30.73,100500
HBM,16-Sep-2026,26.05,26.05,24.74,25.26,3527900
HCA,16-Sep-2026,420.69,433.7,420,430.43,1369700
HCC,16-Sep-2026,93.12,94.84,91.64,92.72,717300
HCI,16-Sep-2026,186.12,188.625,184.55,188.06,172800
HCXY,16-Sep-2026,24.94,25.1,24.94,25.1,2900
HD,16-Sep-2026,307.49,308.8,302.47,302.47,3724800
HDB,16-Sep-2026,22.74,22.78,22.26,22.38,8531300
HE,16-Sep-2026,10.28,10.3,10.07,10.23,2350000
HEI,16-Sep-2026,296.88,304.12,295.05,299.43,388300
HEI.A,16-Sep-2026,223.35,227.41,222.04,222.37,434300
HEQ,16-Sep-2026,11.28,11.49,11.25,11.28,21400
HESM,16-Sep-2026,39.76,40.07,39.3,39.58,1528200
HF,16-Sep-2026,22.7,22.71,22.7,22.71,500
HFGM,16-Sep-2026,31.855,31.855,31.59,31.7154,7800
HFND,16-Sep-2026,24.17,24.17,23.979,23.979,700
HFR-A,16-Sep-2026,16.3,16.305,16.1,16.27,23700
HFR-B,16-Sep-2026,16.17,16.2,15.97,16.0934,43900
HFRO,16-Sep-2026,7.07,7.185,6.96,7.05,87300
HFROpA,16-Sep-2026,16.2999,16.305,16.1,16.27,23787
HFROpB,16-Sep-2026,16.17,16.2,15.97,16.0934,43963
HG,16-Sep-2026,35.06,35.45,34.69,35.17,459400
HGER,16-Sep-2026,36.48,36.48,35.96,36.06,1688700
HGLB,16-Sep-2026,7.25,7.3099,7.21,7.23,28600
HGTY,16-Sep-2026,14.13,14.17,13.79,13.9,306600
HGV,16-Sep-2026,38.43,38.665,36.6,37.11,1216400
HHH,16-Sep-2026,63.56,64.2,62,62.09,1213000
HIG,16-Sep-2026,135.55,136.4,134.62,134.94,2075900
HIG-G,16-Sep-2026,23.1,23.4,23.01,23.01,26900
HIGpG,16-Sep-2026,23.1,23.4,23.01,23.01,26980
HII,16-Sep-2026,279.21,280.51,275.04,278.09,467200
HIMS,16-Sep-2026,27.76,28.55,27.46,28,7352100
HIO,16-Sep-2026,3.39,3.43,3.39,3.43,237900
HIPO,16-Sep-2026,32.25,32.5717,31.5432,31.88,143500
HIW,16-Sep-2026,30.88,31.0895,30.18,30.7,1240300
HIX,16-Sep-2026,3.77,3.77,3.75,3.75,192200
HKD,16-Sep-2026,1.68,1.705,1.66,1.69,93200
HL,16-Sep-2026,19.09,19.15,17.5905,17.99,37425500
HL-B,16-Sep-2026,72,72,72,72,100
HLF,16-Sep-2026,11.86,12,11.79,11.83,1478700
HLI,16-Sep-2026,133.33,134.69,129.13,130.34,626800
HLIO,16-Sep-2026,67.3,68.3,66.19,67.06,436600
HLLY,16-Sep-2026,2.67,2.705,2.6,2.63,1470400
HLN,16-Sep-2026,9.25,9.31,9.2,9.21,9313800
HLT,16-Sep-2026,309,309.995,303.535,305.63,1844400
HLpB,16-Sep-2026,72,72,72,72,192
HMC,16-Sep-2026,32.57,32.595,31.97,32.11,1114200
HMN,16-Sep-2026,49.18,49.69,48.7,49.37,450200
HMY,16-Sep-2026,19.84,19.84,18.89,19.22,4085200
HNGE,16-Sep-2026,92.08,95.62,91.62,93.73,1797000
HNI,16-Sep-2026,45.99,46.615,45.72,46.21,568600
HOG,16-Sep-2026,27.54,27.73,26.61,26.84,2031200
HOMB,16-Sep-2026,30.13,30.15,29.275,29.74,1861800
HOS,16-Sep-2026,8.77,8.94,8.525,8.62,2336500
HOV,16-Sep-2026,119.93,120.21,113.86,116.1,85700
HP,16-Sep-2026,43.11,43.61,41.155,41.66,1259500
HPE,16-Sep-2026,55.51,58.14,55.02,56.68,24029300
HPE-C,16-Sep-2026,141.93,148.6,141.5,145.41,18600
HPEpC,16-Sep-2026,141.93,148.6,141.5,145.41,18643
HPF,16-Sep-2026,14.32,14.605,14.32,14.36,97000
HPI,16-Sep-2026,14.81,14.9,14.78,14.87,79100
HPP,16-Sep-2026,11.41,11.76,11.02,11.42,449100
HPP-C,16-Sep-2026,14.17,14.39,14.15,14.2683,2500
HPPpC,16-Sep-2026,14.17,14.39,14.15,14.2683,2515
HPQ,16-Sep-2026,33.8,34.06,32.65,32.7,12988200
HPS,16-Sep-2026,12.92,12.98,12.86,12.95,73400
HQH,16-Sep-2026,21.35,21.6399,21.2,21.32,148900
HQL,16-Sep-2026,19.44,19.56,19.16,19.28,159100
HR,16-Sep-2026,18.61,18.82,18.425,18.5,3168100
HRB,16-Sep-2026,45.51,45.87,44.79,45.11,1865600
HRI,16-Sep-2026,140.01,145.37,139.1,142.71,802400
HRL,16-Sep-2026,20.8,20.955,20.765,20.78,2844100
HRTG,16-Sep-2026,34.59,35.3,34.59,34.96,195700
HSBC,16-Sep-2026,102.6,102.61,99.87,100.84,1787700
HSHP,16-Sep-2026,18.2,18.6999,18.18,18.39,574700
HSY,16-Sep-2026,171.09,172.7199,170.685,170.79,1038200
HTB,16-Sep-2026,47.81,47.97,45.99,46.7,255100
HTD,16-Sep-2026,24.34,24.87,24.0223,24.11,60300
HTFC,16-Sep-2026,24.89,25,24.85,25,6800
HTGC,16-Sep-2026,17.65,17.7699,17.44,17.57,986100
HTH,16-Sep-2026,39.04,39.27,38.1,38.7,497300
HTT,16-Sep-2026,2.48,2.53,2.47,2.47,68500
HUBB,16-Sep-2026,443.78,445.22,435.9725,439.07,297300
HUBS,16-Sep-2026,239.34,245.37,234.62,236.46,1352300
HUM,16-Sep-2026,396.41,396.52,382.92,384.72,1036200
HUN,16-Sep-2026,9.25,9.395,9.065,9.19,4012000
HUYA,16-Sep-2026,2.08,2.08,2.045,2.06,1086900
HVT,16-Sep-2026,27.31,27.61,27.01,27.29,89600
HVT.A,16-Sep-2026,28.381,28.88,28.381,28.87,700
HWM,16-Sep-2026,226.23,229.25,224.85,227.73,3258300
HXL,16-Sep-2026,91.59,93,90.555,91.08,791800
HY,16-Sep-2026,33.98,34.585,32.9,33.54,95700
HYBX,16-Sep-2026,29.265,29.265,29.265,29.265,100
HYI,16-Sep-2026,10.22,10.22,10.1,10.11,103200
HYT,16-Sep-2026,7.96,8.01,7.955,7.97,959800
HYTR,16-Sep-2026,21.085,21.12,21.0402,21.0632,59700
HZO,16-Sep-2026,52.48,52.48,52.27,52.34,998100
IAE,16-Sep-2026,8.59,8.66,8.58,8.64,44300
IAG,16-Sep-2026,20.09,20.17,19.145,19.48,6335300
IBM,16-Sep-2026,240.5,243.3399,235.41,237.49,6181800
IBN,16-Sep-2026,28.54,28.645,28.06,28.15,3650600
IBP,16-Sep-2026,201.45,206.16,198.975,199.52,544300
IBTA,16-Sep-2026,42.3,43.3016,41.42,41.58,154500
ICE,16-Sep-2026,155.79,156.575,152.3,154.1,2896700
ICL,16-Sep-2026,5.55,5.56,5.47,5.48,1167500
ICR-A,16-Sep-2026,22.47,22.4701,22.25,22.25,2500
ICRpA,16-Sep-2026,22.465,22.4701,22.25,22.25,2513
IDA,16-Sep-2026,133.77,134.05,131.72,132.69,516800
IDE,16-Sep-2026,12.44,12.52,12.25,12.34,43500
IDT,16-Sep-2026,70.73,71.22,69.13,69.55,190300
IEX,16-Sep-2026,223.77,224.4,219.435,221.5,494100
IFF,16-Sep-2026,84.66,85.18,83.685,84.4,1635800
IFN,16-Sep-2026,10.89,10.97,10.8518,10.9,99200
IFS,16-Sep-2026,54.48,55.12,54.34,54.77,252000
IGA,16-Sep-2026,10.63,10.7,10.6,10.7,90100
IGCB,16-Sep-2026,44.255,44.255,44.255,44.255,20000
IGD,16-Sep-2026,6.44,6.44,6.335,6.37,284000
IGI,16-Sep-2026,15.44,15.62,15.2108,15.34,21700
IGR,16-Sep-2026,12.5,12.5,12.27,12.3,332600
IH,16-Sep-2026,1.16,1.18,1.16,1.17,2500
IHD,16-Sep-2026,7.47,7.56,7.39,7.51,44300
IHG,16-Sep-2026,155.08,155.44,152.44,153.76,127700
IHS,16-Sep-2026,8.45,8.45,8.42,8.42,385400
IIF,16-Sep-2026,21.99,22.16,21.89,21.97,38000
IIIN,16-Sep-2026,30.19,30.9,30.12,30.25,141400
IIM,16-Sep-2026,11.89,11.995,11.85,11.9,147000
IIP-A,16-Sep-2026,24.92,24.99,24.92,24.955,4700
IIPR,16-Sep-2026,56.53,57.11,55.61,55.91,260400
IIPRpA,16-Sep-2026,24.92,24.99,24.92,24.955,4702
IMAX,16-Sep-2026,52.72,53.73,51.64,52.07,960000
INF.W,16-Sep-2026,6,6.15,5.93,6.15,15900
INFO,16-Sep-2026,27.93,27.98,27.66,27.74,33700
INFQ,16-Sep-2026,12.68,12.92,12.36,12.84,7837900
INFY,16-Sep-2026,11.12,11.22,11.01,11.08,11497600
ING,16-Sep-2026,36.86,37.04,35.995,36.36,2354000
INGM,16-Sep-2026,26.05,26.45,25.68,26.11,2426200
INGR,16-Sep-2026,99.08,99.7806,98.37,98.48,437300
INN,16-Sep-2026,5.72,5.835,5.595,5.69,605300
INN-E,16-Sep-2026,17.4,17.53,17.4,17.4,3500
INN-F,16-Sep-2026,16.96,16.96,16.512,16.54,3600
INNpE,16-Sep-2026,17.4,17.53,17.4,17.4,3561
INNpF,16-Sep-2026,16.96,16.96,16.512,16.54,3692
INR,16-Sep-2026,14.44,14.58,13.14,13.25,633700
INSP,16-Sep-2026,73.17,75.49,72.23,72.75,845800
INSW,16-Sep-2026,108,111.9366,107.59,109.38,810400
INVH,16-Sep-2026,27.64,27.9,27.15,27.21,4786700
INVX,16-Sep-2026,29.93,30.12,28.79,29.33,672000
ION.W,16-Sep-2026,25.49,26.03,24.71,25.23,15100
IONQ,16-Sep-2026,36.98,37.65,36.0601,36.84,15823800
IONQ.WS,16-Sep-2026,25.49,26.03,24.71,25.23,15154
IOT,16-Sep-2026,40.78,42.84,40.5,40.66,5389200
IP,16-Sep-2026,34.3,34.63,33.475,34.06,5272300
IPB,16-Sep-2026,25.06,25.06,25.06,25.06,200
IPI,16-Sep-2026,38.62,38.86,37.805,38.17,123100
IQI,16-Sep-2026,9.7,9.7399,9.66,9.68,223500
IQV,16-Sep-2026,270.89,273.56,268.57,268.82,1671600
IR,16-Sep-2026,72.59,73.04,70.945,71.44,3727600
IRA.W,16-Sep-2026,0.1613,0.1613,0.1262,0.135,68200
IRAB,16-Sep-2026,10,10.01,10,10,16000
IRM,16-Sep-2026,112.85,115.3,111.99,112.15,1811100
IRS,16-Sep-2026,15.45,15.57,15.16,15.4,107000
IRT,16-Sep-2026,15.15,15.22,14.94,14.94,3932700
ISD,16-Sep-2026,11.9,11.97,11.853,11.97,185600
IT,16-Sep-2026,192.71,195.84,190.04,191.57,912000
ITGR,16-Sep-2026,126.18,126.395,126.1,126.11,1124000
ITT,16-Sep-2026,200,201.115,192.6194,194.5,864000
ITUB,16-Sep-2026,8.23,8.29,8.11,8.29,28560300
ITW,16-Sep-2026,269.81,270.21,265.14,267.33,1194500
IVR,16-Sep-2026,6.58,6.65,6.38,6.46,4434500
IVR-C,16-Sep-2026,24.27,24.5,24.0601,24.2,9200
IVRpC,16-Sep-2026,24.275,24.5,24.0601,24.2,9237
IVT,16-Sep-2026,31.47,31.6,30.65,30.82,876700
IVZ,16-Sep-2026,30.86,31.045,29.555,30.08,4676900
IX,16-Sep-2026,40.03,40.21,39.22,39.59,226500
J,16-Sep-2026,144.26,145.63,142.18,143.49,544400
JACS,16-Sep-2026,10.78,10.79,10.78,10.79,200
JAN,16-Sep-2026,31.57,31.74,30.311,30.55,1921400
JBGS,16-Sep-2026,11.2,11.39,11.16,11.26,1029500
JBI,16-Sep-2026,4.5,4.525,4.29,4.36,2451700
JBL,16-Sep-2026,302.62,306.93,293.6,297.24,1042600
JBND,16-Sep-2026,51.87,52,51.8,51.81,923300
JBS,16-Sep-2026,12.26,12.32,12.17,12.22,3358100
JBTM,16-Sep-2026,111.99,113.55,110.2,111.41,526700
JCE,16-Sep-2026,16.73,16.91,16.505,16.6,24400
JCI,16-Sep-2026,139.91,141.79,138.04,140.47,3160100
JEF,16-Sep-2026,48.88,49.69,46.63,47.35,2936300
JELD,16-Sep-2026,2.07,2.08,1.875,1.91,1008300
JFR,16-Sep-2026,7.48,7.49,7.455,7.46,744100
JGH,16-Sep-2026,11.93,12.035,11.93,11.96,51600
JHI,16-Sep-2026,12.4,12.5599,12.36,12.38,30900
JHS,16-Sep-2026,10.52,10.52,10.43,10.44,12700
JHX,16-Sep-2026,26.84,28.015,26.45,26.84,17655900
JILL,16-Sep-2026,23.63,24.215,23.3,23.94,201800
JKS,16-Sep-2026,10.83,10.96,9.99,10.28,1113200
JLL,16-Sep-2026,339.89,350.62,336.76,340.18,402100
JLS,16-Sep-2026,16.38,16.56,16.3077,16.43,25600
JMIA,16-Sep-2026,7.3,7.475,7.16,7.16,1335800
JMKE,16-Sep-2026,20.9,21,19.73,20.07,2409700
JMM,16-Sep-2026,5.57,5.59,5.55,5.59,6300
JNJ,16-Sep-2026,266.81,268.65,266.295,267.28,4888600
JOBY,16-Sep-2026,6.13,6.165,5.93,6.08,25228200
JOE,16-Sep-2026,65.01,65.91,63.925,64.25,347400
JOF,16-Sep-2026,12.22,12.5982,12.22,12.3,119700
JPC,16-Sep-2026,7.01,7.08,6.99,7.04,2056400
JPM,16-Sep-2026,353.38,355.6,344.685,348.92,8307700
JPM-C,16-Sep-2026,23.93,24.119,23.71,23.72,280200
JPM-D,16-Sep-2026,22.31,22.68,22.31,22.57,238100
JPM-J,16-Sep-2026,17.89,18.21,17.84,18.11,154200
JPM-K,16-Sep-2026,17.15,17.48,17.1,17.38,497800
JPM-L,16-Sep-2026,17.43,17.82,17.43,17.7,193600
JPM-M,16-Sep-2026,16.29,16.619,16.29,16.53,508300
JPMpC,16-Sep-2026,23.93,24.119,23.71,23.72,280227
JPMpD,16-Sep-2026,22.31,22.68,22.31,22.57,238190
JPMpJ,16-Sep-2026,17.89,18.21,17.84,18.11,154229
JPMpK,16-Sep-2026,17.15,17.48,17.1,17.38,497833
JPMpL,16-Sep-2026,17.43,17.82,17.43,17.7,193652
JPMpM,16-Sep-2026,16.29,16.619,16.29,16.53,508345
JQC,16-Sep-2026,4.66,4.685,4.66,4.66,411000
JRI,16-Sep-2026,11.67,11.804,11.5,11.5,191500
JRS,16-Sep-2026,7.74,7.8827,7.62,7.66,64800
JXN,16-Sep-2026,137.79,140.325,134.25,137.1,923700
JXN-A,16-Sep-2026,25.53,25.7,25.525,25.525,27300
JXNpA,16-Sep-2026,25.53,25.7,25.525,25.525,27363
KAI,16-Sep-2026,268.4,274.27,264.53,270,148600
KB,16-Sep-2026,129.95,130.25,126.95,128,112800
KBDC,16-Sep-2026,12.99,13.12,12.93,13.05,756700
KBH,16-Sep-2026,49.69,49.84,47.8505,48.67,2250700
KBR,16-Sep-2026,37.09,37.29,36.235,36.6,1390000
KCA.U,16-Sep-2026,10.34,10.34,10.3,10.3,2000
KCA.W,16-Sep-2026,1.07,1.09,1.04,1.04,23000
KD,16-Sep-2026,13.01,13.24,12.64,12.84,3040500
KEN,16-Sep-2026,62.97,63.55,62.25,62.69,21600
KEP,16-Sep-2026,11.38,11.45,11.105,11.22,1484500
KEX,16-Sep-2026,137.79,139.295,135.38,136.94,384500
KEY,16-Sep-2026,21.71,21.71,20.495,20.72,27330600
KEY-I,16-Sep-2026,25.09,25.14,24.92,24.94,111000
KEY-J,16-Sep-2026,20.39,20.63,20.35,20.41,20700
KEY-K,16-Sep-2026,20.4,20.64,20.27,20.335,31200
KEY-L,16-Sep-2026,24.95,25.0857,24.9325,25.03,107300
KEYS,16-Sep-2026,318.02,324.545,316.45,322.04,1798600
KEYpI,16-Sep-2026,25.09,25.14,24.92,24.94,111022
KEYpJ,16-Sep-2026,20.39,20.63,20.35,20.41,20779
KEYpK,16-Sep-2026,20.4,20.64,20.27,20.335,31201
KEYpL,16-Sep-2026,24.95,25.0857,24.9325,25.03,107343
KF,16-Sep-2026,64.95,64.95,61.71,62.97,30400
KFRC,16-Sep-2026,51.33,52.21,50.9838,52.19,210000
KFY,16-Sep-2026,77.38,78.4,76.935,77.43,419900
KGC,16-Sep-2026,28.61,28.68,27.42,27.82,7905200
KGS,16-Sep-2026,58,60.29,57.71,58.41,2145900
KIM,16-Sep-2026,22.94,23.135,22.38,22.59,6283400
KIM-L,16-Sep-2026,20.15,20.7,20.0701,20.15,52600
KIM-M,16-Sep-2026,20.36,20.97,20.315,20.33,57700
KIM-N,16-Sep-2026,59.05,61.085,59.05,61.085,1000
KIMpL,16-Sep-2026,20.15,20.7,20.0701,20.15,52669
KIMpM,16-Sep-2026,20.36,20.97,20.315,20.33,57707
KIMpN,16-Sep-2026,59.05,61.085,59.05,61.085,1081
KIO,16-Sep-2026,10.69,10.75,10.68,10.68,156300
KKR,16-Sep-2026,100.21,100.3,95.11,96.84,4047400
KKR-D,16-Sep-2026,44.68,44.68,43.09,44,42400
KKRS,16-Sep-2026,15.6,15.815,15.56,15.6,17900
KKRT,16-Sep-2026,23.13,23.3,22.91,23.3,54400
KKRpD,16-Sep-2026,44.68,44.68,43.09,44,42409
KLAR,16-Sep-2026,14.07,14.2,13.895,14,4592400
KLC,16-Sep-2026,2.37,2.37,2.3,2.34,483000
KMI,16-Sep-2026,30.67,31.16,30.4111,30.73,13094200
KMPB,16-Sep-2026,24.53,24.55,24.46,24.55,7300
KMPR,16-Sep-2026,27.76,28.015,26.96,27.4,782000
KMT,16-Sep-2026,29.55,29.95,29.245,29.7,1214300
KMX,16-Sep-2026,60.07,60.09,58.45,58.8,2048700
KN,16-Sep-2026,35.52,35.75,34.64,35.09,614600
KNF,16-Sep-2026,56.74,57.5,55.27,55.62,1125100
KNOP,16-Sep-2026,11.14,11.29,11.04,11.1,25800
KNSL,16-Sep-2026,365.56,365.765,358.54,360.75,228500
KNTK,16-Sep-2026,54.6,55.23,53.261,53.84,1568300
KNX,16-Sep-2026,65.71,66.9,65.03,65.78,11291700
KO,16-Sep-2026,88.48,88.66,87.74,87.87,17083800
KODK,16-Sep-2026,9.28,9.42,9.1583,9.42,680700
KOF,16-Sep-2026,111.78,113.11,111.5309,112.33,122000
KOP,16-Sep-2026,45.99,47.64,45.69,46.72,314600
KOS,16-Sep-2026,2.98,3,2.85,2.87,16343300
KR,16-Sep-2026,61.93,62.43,61.05,61.14,8507000
KRC,16-Sep-2026,34.4,34.9,33.77,34.42,2125000
KRE-A,16-Sep-2026,18.1,18.22,17.95,18.18,8700
KREF,16-Sep-2026,7.08,7.12,6.9,6.98,533800
KREFpA,16-Sep-2026,18.1,18.22,17.95,18.18,8714
KRG,16-Sep-2026,25.75,25.95,25.455,25.65,2359500
KRMN,16-Sep-2026,38.01,38.065,36.16,36.94,4094700
KRO,16-Sep-2026,8.23,8.44,8.06,8.13,384500
KRP,16-Sep-2026,14.92,14.92,14.57,14.61,1132800
KRS.U,16-Sep-2026,10.7,10.7,10.65,10.65,4400
KRS.W,16-Sep-2026,1,1,0.992,1,13200
KRSP,16-Sep-2026,10.51,10.51,10.51,10.51,100
KRSP.U,16-Sep-2026,10.7,10.7,10.65,10.65,4411
KSS,16-Sep-2026,16.41,16.715,16.21,16.46,2953400
KT,16-Sep-2026,19.82,19.9,19.305,19.45,1068500
KTB,16-Sep-2026,67.32,69.235,66.855,68.37,1044300
KTF,16-Sep-2026,8.43,8.43,8.36,8.37,394000
KTH,16-Sep-2026,28.46,28.46,28.42,28.43,400
KTN,16-Sep-2026,25.5301,25.55,25.5301,25.55,600
KVUE,16-Sep-2026,17.99,18.055,17.7601,17.83,23064900
KVYO,16-Sep-2026,16.57,16.9099,16.03,16.23,5799200
KWR,16-Sep-2026,155.2,156.985,152.71,153.99,112600
KWY,16-Sep-2026,9.83,10,9.6,9.68,38500
KYN,16-Sep-2026,14.57,14.67,14.33,14.46,307100
L,16-Sep-2026,109,109.135,107.86,108.79,1077100
LAC,16-Sep-2026,2.85,2.87,2.72,2.78,8233600
LAD,16-Sep-2026,350,350.06,333.715,339.23,345700
LADR,16-Sep-2026,9.57,9.68,9.475,9.52,1575400
LANV,16-Sep-2026,1.07,1.07,1.0244,1.06,14500
LAR,16-Sep-2026,5.74,5.83,5.42,5.56,1925400
LAW,16-Sep-2026,4.27,4.285,4.155,4.2,185400
LAZ,16-Sep-2026,38.56,39.03,35.73,36.61,2353600
LB,16-Sep-2026,86.5,87.5575,81.75,82.7,345700
LBRT,16-Sep-2026,19.56,19.75,18.87,19.26,2980800
LCII,16-Sep-2026,87.6,89.3275,86.48,87.11,284400
LCLN,16-Sep-2026,26.45,26.975,25.19,25.91,669300
LDI,16-Sep-2026,0.7305,0.7401,0.6825,0.7042,12710100
LDOS,16-Sep-2026,128.44,131.0205,128,129.35,1720100
LDP,16-Sep-2026,19.53,19.75,19.53,19.61,104100
LEA,16-Sep-2026,126.85,129.66,121.28,123.19,1103800
LEN,16-Sep-2026,80.63,81.45,77.83,78.36,6164300
LEN.B,16-Sep-2026,78.07,79.39,76.43,76.83,115000
LEO,16-Sep-2026,5.79,5.83,5.779,5.82,221700
LEU,16-Sep-2026,144.5,145,135.85,139.01,993200
LEVI,16-Sep-2026,19.94,20.26,19.645,19.65,2510100
LFT,16-Sep-2026,6.55,6.59,6.48,6.52,14100
LFT-A,16-Sep-2026,16.385,16.9402,16.385,16.9402,7900
LFTpA,16-Sep-2026,16.385,16.9402,16.385,16.9402,7914
LGI,16-Sep-2026,17.24,17.4575,16.97,17.12,57500
LH,16-Sep-2026,323.51,325.3,320.38,324.51,561300
LHX,16-Sep-2026,250.07,251.915,248.135,250.74,1285300
LII,16-Sep-2026,365.39,368.09,359.1101,361.04,421300
LION,16-Sep-2026,11.19,11.36,11.15,11.31,1814100
LITB,16-Sep-2026,3.03,3.1,3.03,3.04,4400
LLY,16-Sep-2026,1137.31,1151.23,1132.63,1137.82,1476200
LMND,16-Sep-2026,49.24,49.969,47.45,48.57,936500
LMT,16-Sep-2026,534.8,539.9899,531.01,537.25,912100
LNC,16-Sep-2026,43.39,43.92,41.95,42.45,2446500
LNC-D,16-Sep-2026,26.03,26.1,26.02,26.035,40200
LNCpD,16-Sep-2026,26.03,26.1,26.02,26.035,40279
LND,16-Sep-2026,3.57,3.62,3.5501,3.59,19000
LNG,16-Sep-2026,268,271.8,265.27,267.75,1702600
LNN,16-Sep-2026,119.4,119.9,116.99,118.23,148600
LOAR,16-Sep-2026,64.77,66.16,63.09,64.67,695800
LOB,16-Sep-2026,39.14,39.14,37.54,38.16,240100
LOB-A,16-Sep-2026,25,25,24.9501,24.975,4600
LOBpA,16-Sep-2026,25,25,24.9501,24.975,4693
LOCL,16-Sep-2026,1.22,1.22,1.04,1.07,91200
LOMA,16-Sep-2026,9.62,9.7,9.46,9.6,329900
LOW,16-Sep-2026,196.27,197.77,193.35,194.1,2985100
LPG,16-Sep-2026,56.25,59.17,55.5,57.86,732600
LPL,16-Sep-2026,3.09,3.125,2.94,2.96,1621900
LPX,16-Sep-2026,65,67.05,64.88,65.36,1398900
LRN,16-Sep-2026,84.26,84.45,81.945,82.04,875700
LSPD,16-Sep-2026,9.77,9.8,9.58,9.65,388200
LTC,16-Sep-2026,43.33,43.6021,42.455,43.08,600600
LTH,16-Sep-2026,41.63,41.995,40.33,40.73,2523300
LTM,16-Sep-2026,50.76,51.61,49.655,50.07,695800
LU,16-Sep-2026,1.22,1.22,1.2,1.2,479500
LUCK,16-Sep-2026,5.47,5.61,5.33,5.34,51200
LUMN,16-Sep-2026,6.93,7.04,6.6,6.67,11808200
LUV,16-Sep-2026,39.95,40,38.16,39.15,7675700
LUXE,16-Sep-2026,8.39,9.57,7.8809,8.81,2244200
LVS,16-Sep-2026,41.37,41.53,40.855,41.06,6022000
LVW.W,16-Sep-2026,0.03,0.035,0.025,0.03,21100
LVWR,16-Sep-2026,1.14,1.28,1.135,1.19,863900
LVWR.WS,16-Sep-2026,0.03,0.035,0.025,0.03,21115
LW,16-Sep-2026,47.07,48.51,46.98,47.53,1424300
LXFR,16-Sep-2026,17.25,17.25,17.19,17.21,885500
LXP,16-Sep-2026,60.89,60.9,60.78,60.85,978400
LXP-C,16-Sep-2026,49.25,49.31,49.25,49.2501,1400
LXPpC,16-Sep-2026,49.25,49.31,49.25,49.2501,1488
LXU,16-Sep-2026,11.25,11.34,10.975,11.06,606300
LYB,16-Sep-2026,64.46,65.51,63.51,64.9,4357600
LYG,16-Sep-2026,5.96,5.9899,5.8,5.88,18038200
LYNX,16-Sep-2026,13.46,13.88,13.26,13.67,287800
LYV,16-Sep-2026,171.09,174.695,169.685,171.13,1722300
LZB,16-Sep-2026,30.74,30.96,29.825,30.18,770700
LZM,16-Sep-2026,3.8,3.81,3.58,3.66,341000
LZM.W,16-Sep-2026,0.35,0.35,0.35,0.35,1300
LZM.WS,16-Sep-2026,0.35,0.35,0.35,0.35,1373
M,16-Sep-2026,22.13,22.4,21.7,21.81,6534900
MA,16-Sep-2026,571.59,573.04,565.32,567.75,2385600
MAA,16-Sep-2026,124.68,125.165,121.32,121.9,972300
MAA-I,16-Sep-2026,49.92,50.595,49.91,49.965,4700
MAApI,16-Sep-2026,49.92,50.595,49.91,49.965,4724
MAC,16-Sep-2026,22.44,22.675,22,22.42,3466300
MAGN,16-Sep-2026,11.68,11.91,11.585,11.64,240000
MAIN,16-Sep-2026,56.55,56.87,55.59,56.24,494100
MAIR,16-Sep-2026,24.22,24.46,23.2001,23.48,2302800
MAN,16-Sep-2026,57.77,58.2307,56.89,57.93,702200
MANE,16-Sep-2026,103.86,104.93,100.4959,102.42,860400
MANU,16-Sep-2026,20.26,20.41,19.68,20,314300
MAS,16-Sep-2026,69.58,69.8,67.63,68.28,2738300
MATV,16-Sep-2026,11.98,12.1,11.745,12.04,591000
MATX,16-Sep-2026,236.82,239.3,231.18,235.62,368100
MAX,16-Sep-2026,11.29,11.4,10.96,11.04,664500
MBC,16-Sep-2026,7.06,7.13,6.55,6.64,3411900
MBGL,16-Sep-2026,20.29,20.43,19.82,19.94,3037100
MBI,16-Sep-2026,4.5,4.6,4.455,4.54,447000
MC,16-Sep-2026,60.9,61.3,57.7001,58.99,928600
MCB,16-Sep-2026,90.9,90.9,87.945,89.74,129800
MCD,16-Sep-2026,252.26,253.16,247.83,248.56,7134100
MCI,16-Sep-2026,19.26,19.4887,18.75,18.9,13300
MCK,16-Sep-2026,895.57,897.68,887.29,887.29,902200
MCN,16-Sep-2026,5.49,5.505,5.45,5.49,108600
MCO,16-Sep-2026,468.85,471.73,462.65,465.3,720600
MCS,16-Sep-2026,27.4,27.73,27.17,27.54,190800
MCY,16-Sep-2026,102.17,102.87,101.11,101.93,216900
MD,16-Sep-2026,26.94,27.22,26.06,26.13,629300
MDA,16-Sep-2026,29.33,30,28.72,29.09,1224400
MDST,16-Sep-2026,29.29,29.29,28.77,28.9104,73700
MDT,16-Sep-2026,93.44,94.545,92.42,92.6,10489700
MDU,16-Sep-2026,18.98,18.98,18.55,18.65,1577300
MEC,16-Sep-2026,17.38,17.71,16.835,17.32,467000
MED,16-Sep-2026,12.08,12.13,11.9,11.96,106700
MEGI,16-Sep-2026,14.12,14.3329,14.04,14.04,113300
MEI,16-Sep-2026,13.41,13.65,12.94,13.28,525300
MER-K,16-Sep-2026,23.99,24.23,23.825,23.95,153000
MERpK,16-Sep-2026,23.99,24.23,23.825,23.95,153042
MET,16-Sep-2026,97.98,98.31,95.39,97.23,3500600
MET-A,16-Sep-2026,20.47,21,20.46,20.96,153600
MET-E,16-Sep-2026,20.19,20.77,20.1,20.76,289100
MET-F,16-Sep-2026,16.95,17.38,16.95,17.21,164600
METpA,16-Sep-2026,20.47,21,20.46,20.96,153616
METpE,16-Sep-2026,20.19,20.77,20.1,20.76,289145
METpF,16-Sep-2026,16.95,17.38,16.95,17.21,164672
MFA,16-Sep-2026,8.47,8.59,8.38,8.45,1849100
MFA-B,16-Sep-2026,20,20,19.66,19.745,12100
MFA-C,16-Sep-2026,22.79,22.9,22.79,22.85,14500
MFAN,16-Sep-2026,25.13,25.18,25.1,25.18,9200
MFAO,16-Sep-2026,25.19,25.2399,25.14,25.14,11500
MFApB,16-Sep-2026,20,20,19.66,19.745,12151
MFApC,16-Sep-2026,22.79,22.9,22.79,22.85,14556
MFC,16-Sep-2026,43.89,44.21,43.33,43.7,1680200
MFG,16-Sep-2026,11.17,11.175,10.815,10.93,3627700
MFM,16-Sep-2026,5.11,5.19,5.09,5.09,401400
MFSB,16-Sep-2026,24.29,24.34,24.24,24.26,126300
MFSG,16-Sep-2026,29.65,29.78,29.32,29.51,63100
MFSI,16-Sep-2026,33.04,33.12,32.6319,32.84,158600
MFSM,16-Sep-2026,24.14,24.15,24.08,24.0905,105000
MFSV,16-Sep-2026,29.06,29.07,28.5793,28.71,48800
MG,16-Sep-2026,19.8,19.865,19.32,19.36,343100
MGA,16-Sep-2026,63.88,64.52,63.14,63.74,1551400
MGF,16-Sep-2026,2.75,2.7501,2.73,2.75,100900
MGM,16-Sep-2026,39.22,39.24,38.14,38.39,2779300
MGR,16-Sep-2026,19.33,19.61,19.31,19.49,37400
MGRB,16-Sep-2026,16.1,16.16,15.99,16.16,43200
MGRD,16-Sep-2026,14.34,14.6,14.34,14.46,17500
MGRE,16-Sep-2026,21.72,22.06,21.671,21.8001,47500
MGY,16-Sep-2026,27.95,28.05,26.06,26.1,6124700
MH,16-Sep-2026,13.13,13.4,13.05,13.32,622500
MHD,16-Sep-2026,10.89,10.92,10.77,10.81,476000
MHF,16-Sep-2026,6.41,6.455,6.35,6.4,96700
MHK,16-Sep-2026,129.46,130.065,126.55,127.7,1252200
MHLA,16-Sep-2026,9.45,9.46,9.45,9.46,300
MHNC,16-Sep-2026,10.77,11.175,10.75,10.76,2200
MHO,16-Sep-2026,142.55,144.3,139.49,140.48,147000
MIAX,16-Sep-2026,39.41,39.67,37.83,38.04,1901700
MIN,16-Sep-2026,2.33,2.35,2.32,2.34,704100
MIR,16-Sep-2026,16.45,16.505,15.62,15.84,3223100
MIT-A,16-Sep-2026,21.43,21.92,21.365,21.365,10700
MIT-B,16-Sep-2026,20.09,20.51,19.805,19.805,11700
MIT-C,16-Sep-2026,24.93,25.04,24.88,24.98,3800
MITN,16-Sep-2026,25.33,25.38,25.33,25.37,3800
MITP,16-Sep-2026,25.31,25.35,25.3,25.325,7100
MITT,16-Sep-2026,6.44,6.5,6.255,6.33,392200
MITTpA,16-Sep-2026,21.43,21.92,21.365,21.365,10757
MITTpB,16-Sep-2026,20.09,20.51,19.805,19.805,11768
MITTpC,16-Sep-2026,24.93,25.04,24.88,24.98,3800
MIY,16-Sep-2026,12.05,12.11,12.02,12.06,116500
MKC,16-Sep-2026,49.81,51.3,49.79,50.06,2808700
MKC.V,16-Sep-2026,51.6,52.69,51.6,52.4,4800
MKL,16-Sep-2026,1791.24,1800,1778.14,1787.65,46300
MLI,16-Sep-2026,60.91,61,59.91,60.54,1856500
MLM,16-Sep-2026,505.09,510.8125,494.66,496.76,741200
MLP,16-Sep-2026,16.13,16.24,15.76,15.92,11700
MLR,16-Sep-2026,54.97,55.395,53.7,54.49,73800
MMD,16-Sep-2026,14.13,14.21,14.1,14.15,93100
MMI,16-Sep-2026,31.06,31.18,30.75,31.14,165900
MMID,16-Sep-2026,26.15,26.21,26.15,26.21,200
MMK,16-Sep-2026,100.15,100.155,100.15,100.155,200
MMKT,16-Sep-2026,100.2099,100.2099,100.2008,100.205,4700
MMM,16-Sep-2026,165.57,166.29,161.37,162.65,2887100
MMS,16-Sep-2026,57.93,58.79,57.425,57.61,678600
MMT,16-Sep-2026,4.38,4.44,4.33,4.33,301800
MMU,16-Sep-2026,9.41,9.44,9.39,9.4,222700
MNR,16-Sep-2026,11.11,11.2,10.86,10.9,2106400
MNSO,16-Sep-2026,8.88,8.88,8.76,8.77,640500
MNTN,16-Sep-2026,11.7,11.8776,11.38,11.53,460500
MO,16-Sep-2026,69.6,70.71,69.4,70.1,8013200
MOD,16-Sep-2026,181.64,184.44,178.02,181.18,843800
MOG.A,16-Sep-2026,358.45,366.3475,355.46,359.7,197100
MOGU,16-Sep-2026,1.88,1.88,1.88,1.88,3900
MOH,16-Sep-2026,207.01,208,201.66,202.22,529000
MOS,16-Sep-2026,25.4,25.4,24.35,24.79,7645200
MOV,16-Sep-2026,33.12,33.47,32.69,32.94,140100
MP,16-Sep-2026,49.56,49.7,47.88,48.99,3774800
MPA,16-Sep-2026,10.15,10.1724,10.06,10.1,81600
MPC,16-Sep-2026,405.31,419.39,402.66,413.92,2869800
MPLX,16-Sep-2026,58.76,58.84,57.36,57.93,1763000
MPT,16-Sep-2026,3.55,3.575,3.39,3.39,15055000
MPV,16-Sep-2026,17.1,17.14,17.03,17.115,5500
MQY,16-Sep-2026,10.35,10.45,10.33,10.36,1086300
MRK,16-Sep-2026,143.96,144.97,143.5,144.91,7230900
MRP,16-Sep-2026,29.53,29.65,28.68,28.95,1694400
MRSH,16-Sep-2026,178.83,179.6,175.75,176.76,3035100
MS,16-Sep-2026,207.87,208.09,200.63,202.42,7001600
MS-A,16-Sep-2026,18.8,18.94,18.73,18.91,61000
MS-E,16-Sep-2026,25.43,25.53,25.41,25.46,326700
MS-F,16-Sep-2026,25.3,25.31,25.231,25.26,143000
MS-I,16-Sep-2026,24.02,24.26,23.93,23.97,81100
MS-K,16-Sep-2026,21.98,22.39,21.92,22.13,163800
MS-L,16-Sep-2026,18.28,18.66,18.28,18.55,49900
MS-O,16-Sep-2026,15.98,16.3,15.98,16.15,74200
MS-P,16-Sep-2026,24.93,25.09,24.8501,24.86,271400
MS-Q,16-Sep-2026,25.22,25.41,25.17,25.26,538100
MSA,16-Sep-2026,179.73,182.095,179.045,179.82,262000
MSB,16-Sep-2026,20.69,21.1279,19.75,19.86,37200
MSC,16-Sep-2026,1.45,1.6182,1.29,1.29,75800
MSCI,16-Sep-2026,546.13,548.68,537.36,540.61,648000
MSD,16-Sep-2026,7.1,7.14,7.05,7.08,81000
MSDL,16-Sep-2026,14.73,14.8,14.525,14.72,376800
MSGE,16-Sep-2026,80.39,80.79,77.99,79.31,985300
MSGS,16-Sep-2026,393.06,398.0714,389.45,393.82,299400
MSI,16-Sep-2026,468.2,469.85,460.15,460.53,1001500
MSIF,16-Sep-2026,12.26,12.49,12.25,12.35,200000
MSM,16-Sep-2026,120.16,120.94,119.07,120.48,844800
MSpA,16-Sep-2026,18.8,18.94,18.73,18.91,61018
MSpE,16-Sep-2026,25.43,25.53,25.41,25.46,326774
MSpF,16-Sep-2026,25.3,25.31,25.231,25.26,143034
MSpI,16-Sep-2026,24.02,24.26,23.93,23.97,81181
MSpK,16-Sep-2026,21.98,22.39,21.92,22.13,163808
MSpL,16-Sep-2026,18.28,18.66,18.28,18.55,49997
MSpO,16-Sep-2026,15.98,16.3,15.98,16.15,74290
MSpP,16-Sep-2026,24.93,25.09,24.8501,24.86,271471
MSpQ,16-Sep-2026,25.22,25.41,25.17,25.26,538126
MT,16-Sep-2026,74.06,75.04,72.495,73.22,985200
MTB,16-Sep-2026,233.92,235.4384,222.89,226.01,1858700
MTB-H,16-Sep-2026,25,25.025,25,25,47600
MTB-J,16-Sep-2026,25.51,25.96,25.51,25.9,158900
MTB-K,16-Sep-2026,23.24,23.78,22.95,23.64,122900
MTB-L,16-Sep-2026,24.34,24.5399,24.22,24.22,80900
MTBpH,16-Sep-2026,25,25.025,25,25,47611
MTBpJ,16-Sep-2026,25.51,25.96,25.51,25.9,158966
MTD,16-Sep-2026,1337.56,1400.08,1331.235,1378.69,355600
MTDR,16-Sep-2026,61.69,61.92,57.45,57.73,2082200
MTG,16-Sep-2026,29.86,29.99,29.155,29.5,2969800
MTH,16-Sep-2026,65.35,66.1,63.41,63.96,1063200
MTN,16-Sep-2026,138.38,142.055,138.16,140.12,835500
MTR,16-Sep-2026,2.47,2.51,2.3973,2.45,7200
MTRN,16-Sep-2026,244.54,250.29,241.94,248.31,188700
MTUS,16-Sep-2026,19.29,19.72,19.055,19.28,239800
MTW,16-Sep-2026,20.74,20.94,20.29,20.88,324200
MTX,16-Sep-2026,68.22,69.3858,67.975,68.92,179300
MTZ,16-Sep-2026,227.37,233.79,224.6,225.62,1302200
MUA,16-Sep-2026,9.68,9.7499,9.64,9.68,552100
MUC,16-Sep-2026,10.05,10.17,10.05,10.15,594100
MUFG,16-Sep-2026,23.67,23.68,22.91,23.18,4463200
MUJ,16-Sep-2026,11.65,11.75,11.58,11.66,136000
MUR,16-Sep-2026,39.29,39.525,37.99,38.19,2132600
MUSA,16-Sep-2026,523.44,529.73,511.37,513.27,332700
MUSE,16-Sep-2026,49.22,49.22,48.95,49.075,800
MUX,16-Sep-2026,18.99,19,17.71,18.18,1028600
MWA,16-Sep-2026,23.02,23.0875,22.6,22.74,1440500
MX,16-Sep-2026,2.825,2.83,2.715,2.78,406600
MXE,16-Sep-2026,13.32,13.37,12.9066,12.9066,1900
MXF,16-Sep-2026,21,21.17,20.54,21.17,44900
MYE,16-Sep-2026,30.07,30.915,30.035,30.77,359300
MYI,16-Sep-2026,10.11,10.13,10.04,10.1,595300
MYN,16-Sep-2026,8.97,9.05,8.9,9.02,324800
MZY.U,16-Sep-2026,10.09,10.105,10.09,10.09,1700
MZY.W,16-Sep-2026,0.45,0.525,0.45,0.45,5000
MZYX,16-Sep-2026,9.99,9.99,9.99,9.99,200
NABL,16-Sep-2026,3.96,4.005,3.8,3.85,3411000
NAC,16-Sep-2026,10.7,10.85,10.68,10.78,967700
NAD,16-Sep-2026,10.66,10.815,10.65,10.68,1580600
NAN,16-Sep-2026,10,10.24,10,10.16,212900
NAT,16-Sep-2026,7.88,8.13,7.83,7.99,5114800
NATL,16-Sep-2026,46.59,46.595,45.94,46.08,1053800
NAZ,16-Sep-2026,11.81,11.9,11.59,11.73,38500
NBB,16-Sep-2026,14.7,14.8077,14.66,14.73,44500
NBHC,16-Sep-2026,41.71,41.775,40.65,41.31,468900
NBR,16-Sep-2026,88.24,89.055,84.4,85.72,237900
NBXG,16-Sep-2026,15,15.24,14.87,14.96,110700
NC,16-Sep-2026,38.9,38.96,38.39,38.61,12800
NCA,16-Sep-2026,8.58,8.72,8.58,8.66,63500
NCDL,16-Sep-2026,12.12,12.24,12.03,12.15,132100
NCLH,16-Sep-2026,14.5,14.695,14.2,14.53,16302400
NCV,16-Sep-2026,15.72,15.8902,15.5674,15.66,38400
NCV-A,16-Sep-2026,19.75,19.88,19.6901,19.75,2300
NCVpA,16-Sep-2026,19.75,19.88,19.6901,19.75,2388
NCZ,16-Sep-2026,14.97,15.11,14.59,14.59,45200
NCZ-A,16-Sep-2026,19.03,19.31,19.03,19.27,8100
NCZpA,16-Sep-2026,19.03,19.31,19.03,19.27,8185
NDMO,16-Sep-2026,9.13,9.18,9.09,9.17,407900
NE,16-Sep-2026,46.16,46.56,43.71,44.34,1002800
NE.A,16-Sep-2026,22.75,22.75,22.5,22.5,900
NE.W,16-Sep-2026,26.01,26.01,26.01,26.01,300
NE.WS,16-Sep-2026,26.01,26.01,26.01,26.01,332
NE.WS.A,16-Sep-2026,22.75,22.75,22.5,22.5,962
NEA,16-Sep-2026,10.49,10.515,10.36,10.46,4379300
NEE,16-Sep-2026,81.76,81.9744,79.96,80.37,9623500
NEE-N,16-Sep-2026,19.45,19.85,19.45,19.725,153200
NEE-S,16-Sep-2026,50.38,50.585,50.16,50.37,117100
NEE-T,16-Sep-2026,47.19,47.439,46.9,47.11,9700
NEE-U,16-Sep-2026,22.56,22.7299,22.45,22.57,77600
NEE-V,16-Sep-2026,45.11,45.11,44.5,44.72,169400
NEE-W,16-Sep-2026,22.72,23.19,22.62,22.8101,113600
NEEpN,16-Sep-2026,19.45,19.85,19.45,19.725,153294
NEEpS,16-Sep-2026,50.38,50.585,50.16,50.37,117194
NEEpT,16-Sep-2026,47.19,47.439,46.9,47.11,9797
NEEpU,16-Sep-2026,22.56,22.7299,22.45,22.57,77600
NEM,16-Sep-2026,125.86,126,120.0001,121.76,6360400
NET,16-Sep-2026,324.02,334.58,321.1363,324.65,2346900
NEU,16-Sep-2026,883.12,895.67,879.4,891.69,90900
NEXA,16-Sep-2026,12.88,12.98,11.9426,12.08,1307900
NFG,16-Sep-2026,81.65,83.67,79.36,80.35,1525600
NFJ,16-Sep-2026,15.19,15.24,14.965,15.12,388800
NGG,16-Sep-2026,76.37,76.66,75.805,76.03,998400
NGL,16-Sep-2026,17.08,17.26,16.25,16.33,318100
NGL-B,16-Sep-2026,25.8,25.83,25.8,25.8,32300
NGL-C,16-Sep-2026,25.826,25.915,25.826,25.915,1100
NGLpB,16-Sep-2026,25.8,25.83,25.8,25.8,32375
NGLpC,16-Sep-2026,25.826,25.915,25.826,25.915,1140
NGS,16-Sep-2026,36.05,36.64,35.54,36.15,72000
NGVC,16-Sep-2026,29.19,29.47,28.135,29.16,132000
NGVT,16-Sep-2026,68.44,69.4171,67.73,68.23,198800
NHI,16-Sep-2026,68.75,69.87,67.9841,68.16,389500
NI,16-Sep-2026,40.88,41.09,40.47,40.66,4208100
NIC,16-Sep-2026,170.77,171.965,164.48,167.84,198000
NIE,16-Sep-2026,25.05,25.205,24.55,24.55,106100
NIM,16-Sep-2026,8.96,9.02,8.96,9.01,11100
NIO,16-Sep-2026,3.62,3.645,3.56,3.58,24202500
NIQ,16-Sep-2026,18.44,18.46,17.57,17.83,1318400
NJR,16-Sep-2026,53.77,54.035,53.3,53.5,782900
NKE,16-Sep-2026,36.375,36.51,35.76,35.78,30717000
NKX,16-Sep-2026,11.31,11.399,11.25,11.33,164500
NL,16-Sep-2026,7.01,7.1603,6.95,6.95,13000
NLOP,16-Sep-2026,10.9,10.95,10.63,10.71,139900
NLY,16-Sep-2026,21.51,21.725,21.08,21.23,12457200
NLY-F,16-Sep-2026,25.22,25.2657,25.2,25.21,33200
NLY-G,16-Sep-2026,25.11,25.2,25.06,25.1184,31300
NLY-I,16-Sep-2026,24.95,24.95,24.94,24.94,105300
NLY-J,16-Sep-2026,25.8,25.875,25.75,25.799,29900
NLYpF,16-Sep-2026,25.22,25.2657,25.2,25.21,33202
NLYpG,16-Sep-2026,25.11,25.2,25.06,25.1184,31350
NLYpI,16-Sep-2026,24.95,24.95,24.94,24.94,105337
NLYpJ,16-Sep-2026,25.8,25.875,25.75,25.799,29969
NMAI,16-Sep-2026,14.11,14.11,13.78,13.8,79400
NMAX,16-Sep-2026,10.78,10.99,10.3601,10.44,1185200
NMC-,16-Sep-2026,0.007,0.0151,0.0061,0.014,1030700
NMCO,16-Sep-2026,9.62,9.855,9.55,9.74,432400
NMG,16-Sep-2026,1.35,1.355,1.3121,1.34,318200
NMI,16-Sep-2026,9.85,9.9,9.81,9.87,7800
NMM,16-Sep-2026,92.84,93.7,92.01,92.53,125800
NMR,16-Sep-2026,10.61,10.65,10.32,10.45,914600
NMS,16-Sep-2026,10.34,10.39,10.31,10.33,32200
NMT,16-Sep-2026,11.15,11.2,10.92,11.14,68100
NMZ,16-Sep-2026,9.28,9.55,9.27,9.44,1568800
NNI,16-Sep-2026,127.25,128.35,126.255,127.43,156200
NNN,16-Sep-2026,43.26,43.54,41.395,41.65,2942200
NNY,16-Sep-2026,7.84,7.86,7.7501,7.82,59400
NOA,16-Sep-2026,13.07,13.21,12.78,12.85,93000
NOAH,16-Sep-2026,8.11,8.13,7.97,8.02,91900
NOC,16-Sep-2026,530,534.4,527.23,530.78,538000
NOG,16-Sep-2026,26.66,26.785,25.25,25.32,2089300
NOK,16-Sep-2026,10.4,10.4,9.92,10.14,130438400
NOMD,16-Sep-2026,10.91,11.07,10.905,10.99,518300
NOV,16-Sep-2026,20.9,21.01,20.32,20.55,2392100
NOW,16-Sep-2026,139.2,141.67,138.33,139.82,9855500
NP,16-Sep-2026,30.41,31.21,30.1,30.52,462300
NPB,16-Sep-2026,16.98,17.03,16.58,16.67,193100
NPCT,16-Sep-2026,9.65,9.72,9.52,9.59,80700
NPFD,16-Sep-2026,17.75,17.7999,17.5111,17.76,53300
NPK,16-Sep-2026,155.9,155.9,151.24,152.84,104600
NPKI,16-Sep-2026,13.12,13.16,12.64,12.91,578100
NPO,16-Sep-2026,287.79,293.18,283.0601,287.16,151200
NPV,16-Sep-2026,9.69,9.78,9.69,9.72,123000
NPW.W,16-Sep-2026,0.33,0.33,0.33,0.33,1500
NPWR,16-Sep-2026,1.81,1.82,1.7,1.75,734400
NPWR.WS,16-Sep-2026,0.33,0.33,0.33,0.33,1517
NRDY,16-Sep-2026,8.76,9.04,8.6,8.6,10700
NRE-A,16-Sep-2026,24.71,24.9708,24.71,24.9708,800
NREF,16-Sep-2026,16,16.39,15.74,15.99,71300
NREFpA,16-Sep-2026,24.71,24.9708,24.71,24.9708,891
NRG,16-Sep-2026,107.89,108.81,106.34,107.38,2009200
NRGV,16-Sep-2026,4.09,4.16,3.79,3.97,2771300
NRK,16-Sep-2026,9.73,9.77,9.66,9.71,565200
NRP,16-Sep-2026,110,110.96,109.0893,109.71,33400
NRT,16-Sep-2026,9.16,9.2,9,9.07,16500
NRUC,16-Sep-2026,20.4,20.73,20.4,20.48,7800
NSC,16-Sep-2026,319.29,323.83,316.48,317,793600
NSP,16-Sep-2026,50.44,51.98,49.53,51.49,427700
NTB,16-Sep-2026,59.77,60,57.97,59.03,168600
NTEST.H,16-Sep-2026,25.03,25.03,25.03,25.03,1960
NTEST.I,16-Sep-2026,25.05,25.0899,25.05,25.0899,2080
NTEST.Y,16-Sep-2026,25.06,25.06,25.06,25.06,120
NTR,16-Sep-2026,78.33,78.645,77.19,77.68,1606900
NTST,16-Sep-2026,19.4,19.49,18,18.25,2438300
NU,16-Sep-2026,14.01,14.07,13.58,13.81,98497100
NUE,16-Sep-2026,261.64,266.18,256.8,260.68,1090100
NUS,16-Sep-2026,4.77,4.78,4.58,4.58,546700
NUV,16-Sep-2026,8.5,8.555,8.485,8.54,837200
NUVB,16-Sep-2026,5.8,5.82,5.655,5.78,2781400
NUW,16-Sep-2026,13.2,13.4,13.2,13.24,123800
NVG,16-Sep-2026,11.29,11.43,11.29,11.37,1142200
NVGS,16-Sep-2026,24.5,24.92,24.4,24.49,610000
NVO,16-Sep-2026,42.47,42.72,41.47,41.71,11669800
NVR,16-Sep-2026,6270.03,6323.15,6150,6186.43,38600
NVRI,16-Sep-2026,21.48,21.73,20.265,20.52,556900
NVS,16-Sep-2026,140.58,141.46,138.28,138.7,1891700
NVST,16-Sep-2026,24.92,25.51,24.77,24.97,3556000
NVT,16-Sep-2026,147.79,150.4118,146.03,147.65,1742400
NWA.U,16-Sep-2026,10.32,10.32,10.3,10.3,8100
NWA.W,16-Sep-2026,0.4,0.4,0.4,0.4,2600
NWAX,16-Sep-2026,10.1227,10.125,10.1,10.105,136200
NWG,16-Sep-2026,18.85,18.985,18.435,18.62,4218500
NWN,16-Sep-2026,48.59,48.895,48.175,48.67,273400
NX,16-Sep-2026,21.28,21.49,20.5,20.78,457700
NXD-A,16-Sep-2026,12.96,12.96,12.765,12.765,13900
NXDR,16-Sep-2026,2.46,2.485,2.41,2.48,3955100
NXDT,16-Sep-2026,5.29,5.43,5.29,5.33,164500
NXDTpA,16-Sep-2026,12.96,12.96,12.765,12.765,13983
NXE,16-Sep-2026,9.62,9.66,9.27,9.38,3333900
NXG,16-Sep-2026,54.6,55.1328,53.7,53.8,75000
NXP,16-Sep-2026,13.49,13.6499,13.4201,13.53,256500
NXRT,16-Sep-2026,22.14,22.31,21.21,21.34,628700
NYC,16-Sep-2026,5.95,6.08,5.64,5.87,8000
NYT,16-Sep-2026,71.39,73.37,71.15,72.41,2614500
NZF,16-Sep-2026,11.25,11.435,11.23,11.32,1828900
O,16-Sep-2026,58.76,59.07,56.855,57.15,11632000
OAK-A,16-Sep-2026,20.5,20.5,20.1,20.445,2500
OAK-B,16-Sep-2026,20.06,20.3868,20.06,20.27,3700
OAKpA,16-Sep-2026,20.5,20.5,20.1,20.445,2580
OAKpB,16-Sep-2026,20.06,20.3868,20.06,20.27,3708
OBDC,16-Sep-2026,11.05,11.16,10.9814,11.11,2493300
OBK,16-Sep-2026,54.37,54.6599,52.56,53.56,185000
OC,16-Sep-2026,129.8,132.76,125.1,126.59,1097900
ODC,16-Sep-2026,86.63,88.735,86.63,87.74,114400
OEC,16-Sep-2026,5.85,5.96,5.67,5.75,332700
OFG,16-Sep-2026,53.01,53.02,51.7,52.49,455000
OFRM,16-Sep-2026,16.97,17.02,16.35,16.35,431800
OGC,16-Sep-2026,29.44,29.54,27.93,28.4,591400
OGE,16-Sep-2026,46.06,46.33,45.77,46.01,1456700
OGG,16-Sep-2026,2.79,2.8,2.57,2.64,1464400
OGN,16-Sep-2026,13.65,13.68,13.65,13.67,2072400
OGS,16-Sep-2026,76.8,77.37,76.055,76.45,576300
OHI,16-Sep-2026,47.03,47.52,46.66,46.91,1800900
OI,16-Sep-2026,6.43,6.47,6.07,6.15,5553100
OIA,16-Sep-2026,5.69,5.7399,5.67,5.71,125400
OII,16-Sep-2026,47.38,47.72,45.54,46.61,895500
OIS,16-Sep-2026,8.58,8.635,8.265,8.44,450000
OKE,16-Sep-2026,93.35,94.43,91.88,92.7,2981300
OKLO,16-Sep-2026,36.7,36.72,34.7295,35.62,7864400
OLN,16-Sep-2026,17.1,17.37,16.88,17.02,2591500
OLP,16-Sep-2026,23.02,23.43,22.635,22.87,86600
OMC,16-Sep-2026,79.5,80.15,78.795,79.33,2083000
OMF,16-Sep-2026,61.43,62,59.97,60.57,814900
ONIT,16-Sep-2026,34.69,35.1,33.73,34.15,66300
ONL,16-Sep-2026,2.49,2.49,2.42,2.43,168000
ONON,16-Sep-2026,27,27.78,26.88,27.15,8003300
ONT,16-Sep-2026,18.07,18.335,17.42,17.53,480300
ONTO,16-Sep-2026,252.37,254.98,240.2,243.64,566600
OOMA,16-Sep-2026,22.5,22.84,22.22,22.58,639000
OPFI,16-Sep-2026,7.29,7.31,6.97,7.03,1353100
OPLN,16-Sep-2026,34.87,35.375,34.715,35.06,1402400
OPP,16-Sep-2026,7.14,7.3399,7.1,7.1,150700
OPP-A,16-Sep-2026,15.12,15.25,15.1,15.25,7200
OPP-B,16-Sep-2026,16.35,16.41,16.2799,16.38,5100
OPPpA,16-Sep-2026,15.12,15.25,15.1,15.25,7297
OPPpB,16-Sep-2026,16.35,16.41,16.2799,16.38,5173
OPTU,16-Sep-2026,0.98,1.0577,0.97,1.01,2803800
OPY,16-Sep-2026,119.83,120.53,110.35,113.13,179200
OR,16-Sep-2026,36.27,36.31,34.895,35.47,1170200
ORA,16-Sep-2026,92.26,92.6,90.62,91.89,1436400
ORC,16-Sep-2026,6.12,6.165,5.96,6.05,6278300
ORC-D,16-Sep-2026,45.5,46.38,44.94,46.18,756300
ORCL,16-Sep-2026,140.03,146.52,139,143.16,34366400
ORI,16-Sep-2026,40.94,41.29,40.58,40.9,1235100
ORN,16-Sep-2026,9.23,9.32,9.06,9.12,490200
OSCR,16-Sep-2026,33.5,33.625,30.75,32.34,6295500
OSG,16-Sep-2026,4.92,4.95,4.66,4.73,399600
OSK,16-Sep-2026,143.62,146.84,142.69,145.04,488900
OTA-,16-Sep-2026,0.2,0.2,0.18,0.1801,2200
OTA.U,16-Sep-2026,10.16,10.1608,10.15,10.1608,1500
OTAI,16-Sep-2026,10.02,10.02,9.9986,9.9986,6900
OTAX,16-Sep-2026,49.71,49.71,49.3878,49.3878,300
OTF,16-Sep-2026,10.59,10.73,10.47,10.62,2054200
OTIS,16-Sep-2026,68.8,69.51,68.285,69.25,6073900
OUT,16-Sep-2026,28.2,28.69,27.77,28.18,1520800
OVV,16-Sep-2026,65.71,66.25,62.12,62.77,3082500
OWL,16-Sep-2026,10.33,10.33,9.84,10.12,16612400
OWLT,16-Sep-2026,4.65,4.705,4.53,4.54,86900
OXM,16-Sep-2026,29.85,30.78,28.83,29.25,461000
OXY,16-Sep-2026,62.4,62.46,59.305,59.36,11548300
OXY.W,16-Sep-2026,40.24,40.24,37.37,37.4,72600
OXY.WS,16-Sep-2026,40.24,40.24,37.37,37.4,72656
P,16-Sep-2026,98,99.85,95.435,97.61,3144000
PAAS,16-Sep-2026,49.21,49.28,46.74,47.56,3201200
PAC,16-Sep-2026,202.65,203.6,200.66,201.7,216000
PACK,16-Sep-2026,3.82,3.91,3.78,3.84,531600
PACS,16-Sep-2026,42.8,43.75,42.375,42.72,1141000
PAG,16-Sep-2026,216.68,216.68,213.62,214.15,495200
PAGS,16-Sep-2026,9.39,9.485,9.195,9.47,3179300
PAI,16-Sep-2026,11.64,11.7299,11.64,11.655,10800
PAII,16-Sep-2026,10.3,10.3,10.3,10.3,72600
PAM,16-Sep-2026,86.8,86.8,83.585,84.11,208300
PAR,16-Sep-2026,16.8,16.82,16.01,16.11,1066300
PARR,16-Sep-2026,81.54,86,81.01,84.9,1146200
PATH,16-Sep-2026,13.95,14.08,13.51,13.63,53595400
PAXS,16-Sep-2026,13.31,13.41,13.28,13.39,1095400
PAY,16-Sep-2026,35.83,37.23,35.67,36.64,1363800
PAYC,16-Sep-2026,222.98,228.9,220.1,227.59,653600
PB,16-Sep-2026,71.09,71.25,69.38,70.34,1204400
PBA,16-Sep-2026,47.1,48.14,47.04,47.1,1271900
PBF,16-Sep-2026,73.02,77.2,72.52,75.93,3811600
PBH,16-Sep-2026,46.83,47.685,46.49,46.86,536900
PBI,16-Sep-2026,17.28,17.465,17.12,17.31,1970800
PBI-B,16-Sep-2026,21.74,21.82,21.63,21.82,17900
PBIpB,16-Sep-2026,21.74,21.82,21.63,21.82,17948
PBR,16-Sep-2026,21.42,21.43,20.81,20.91,24619900
PBR.A,16-Sep-2026,19.32,19.32,18.84,18.89,8138300
PBT,16-Sep-2026,35.51,35.53,34.6001,34.85,177400
PCF,16-Sep-2026,5.33,5.365,5.31,5.33,42500
PCG,16-Sep-2026,13.33,13.425,13.22,13.35,22520000
PCG-X,16-Sep-2026,33.73,33.9,33.59,33.59,162500
PCGpX,16-Sep-2026,33.73,33.9,33.59,33.59,162568
PCM,16-Sep-2026,5.05,5.0899,5.02,5.02,97000
PCN,16-Sep-2026,11.22,11.29,11.17,11.27,526900
PCOR,16-Sep-2026,51.89,53.12,51.8,51.97,2268800
PCPC,16-Sep-2026,25.04,25.07,24.77,24.8802,9457
PCQ,16-Sep-2026,8.19,8.25,8.1696,8.24,66000
PD,16-Sep-2026,14.4,14.64,14.27,14.48,1077300
PDCC,16-Sep-2026,8.9732,9.0999,8.9732,9.0258,1100
PDI,16-Sep-2026,14.32,14.41,14.22,14.32,5717500
PDM,16-Sep-2026,9.5,9.54,9.225,9.34,1653700
PDO,16-Sep-2026,12.06,12.06,11.905,11.98,1217100
PDPA,16-Sep-2026,24.96,24.96,24.85,24.85,2500
PDS,16-Sep-2026,88.27,88.605,85.29,86.03,116700
PDT,16-Sep-2026,12.1,12.1053,11.98,12.1,186000
PDX,16-Sep-2026,20.86,21.25,20.65,20.66,174400
PEB,16-Sep-2026,18.16,18.31,17.49,17.84,1977200
PEB-E,16-Sep-2026,20,20,19.9,19.9,2700
PEB-F,16-Sep-2026,19.9,19.9,19.79,19.9,7000
PEB-G,16-Sep-2026,19.71,20.1,19.71,19.9,9700
PEB-H,16-Sep-2026,18.45,18.5,18.42,18.42,4200
PEBpE,16-Sep-2026,20,20,19.9,19.9,2713
PEBpF,16-Sep-2026,19.9,19.9,19.79,19.9,7086
PEBpG,16-Sep-2026,19.71,20.1,19.71,19.9,9785
PEBpH,16-Sep-2026,18.45,18.5,18.42,18.42,4257
PEG,16-Sep-2026,70.74,70.885,70.05,70.39,2941000
PEN,16-Sep-2026,317.3,319.33,317.3,318.4,816900
PEO,16-Sep-2026,29.35,29.49,28.65,28.65,93900
PERF,16-Sep-2026,1.93,1.94,1.93,1.93,34100
PEW,16-Sep-2026,2.14,2.151,2.06,2.09,226400
PFD,16-Sep-2026,10.97,11.05,10.95,10.98,28300
PFE,16-Sep-2026,27.64,27.69,27.36,27.46,26046100
PFGC,16-Sep-2026,89.27,92.53,89.09,91.06,1818300
PFH,16-Sep-2026,15.02,15.25,15.02,15.23,72100
PFL,16-Sep-2026,7.14,7.189,7.1,7.17,409100
PFLA,16-Sep-2026,25,25.0799,24.66,24.7,37300
PFLT,16-Sep-2026,7.02,7.08,6.935,7.02,817300
PFN,16-Sep-2026,6.52,6.565,6.485,6.51,553800
PFO,16-Sep-2026,8.8,8.875,8.8,8.84,34300
PFS,16-Sep-2026,23.35,23.43,22.69,23.16,1639200
PFSI,16-Sep-2026,67.51,68.22,65.03,65.95,981900
PG,16-Sep-2026,146.83,148.23,146.5,147.02,6950500
PGP,16-Sep-2026,8.43,8.45,8.2801,8.37,37600
PGR,16-Sep-2026,220.1,220.96,216.23,216.99,1645800
PGZ,16-Sep-2026,9.41,9.4796,9.26,9.29,40900
PH,16-Sep-2026,931.78,937.99,911.41,918.75,420000
PHG,16-Sep-2026,24.94,25.08,24.655,24.73,580000
PHI,16-Sep-2026,18.4,18.425,17.83,17.97,139200
PHIN,16-Sep-2026,61.5,62.43,60.22,61.15,461000
PHK,16-Sep-2026,4.29,4.32,4.275,4.32,1156100
PHM,16-Sep-2026,119.44,120.46,116.63,117.55,1454300
PHR,16-Sep-2026,10.27,10.33,10.1604,10.24,553800
PII,16-Sep-2026,58.24,58.66,54.1,55.28,1268900
PIM,16-Sep-2026,3.06,3.08,3.0409,3.05,30300
PIN-A,16-Sep-2026,24.8221,25.02,24.8221,25.02,4400
PINE,16-Sep-2026,18.22,18.39,17.95,18,178600
PINS,16-Sep-2026,18.64,18.965,18.48,18.65,12812700
PIPR,16-Sep-2026,72.85,73.65,69.8,71.36,674900
PJT,16-Sep-2026,155.02,158.81,151.3987,152.6,469500
PK,16-Sep-2026,15.22,15.325,14.62,14.88,3080000
PKE,16-Sep-2026,31.16,31.57,30.85,31.31,198300
PKG,16-Sep-2026,232.84,235.575,228.84,231.45,517300
PKX,16-Sep-2026,60.45,60.45,58.415,59.19,193200
PL,16-Sep-2026,16.09,16.12,15.6,16.02,8631500
PLD,16-Sep-2026,135,135.97,132.84,133.74,2895700
PLGO,16-Sep-2026,24.81,24.87,24.125,24.19,597800
PLNT,16-Sep-2026,50.43,51,49.49,50.02,2070600
PLOW,16-Sep-2026,39.67,39.935,38.9425,39.36,136800
PLU.U,16-Sep-2026,10.19,10.19,10.151,10.151,2200
PM,16-Sep-2026,192.42,195.49,191.54,191.71,2931000
PML,16-Sep-2026,6.83,6.88,6.8,6.83,527800
PMM,16-Sep-2026,5.83,5.87,5.8,5.84,142600
PMO,16-Sep-2026,9.63,9.75,9.61,9.67,132200
PMT,16-Sep-2026,9.06,9.15,8.835,8.88,2402700
PMT-A,16-Sep-2026,22.24,22.3,22,22.07,9000
PMT-B,16-Sep-2026,22.1,22.199,21.95,21.95,11600
PMT-C,16-Sep-2026,17.64,17.64,17.4,17.45,24300
PMTU,16-Sep-2026,25.38,25.48,25.38,25.45,2500
PMTV,16-Sep-2026,25.41,25.425,25.34,25.34,17500
PMTW,16-Sep-2026,25.15,25.185,25.08,25.0801,14400
PMTpA,16-Sep-2026,22.24,22.3,22,22.07,9017
PMTpB,16-Sep-2026,22.1,22.199,21.95,21.95,11653
PMTpC,16-Sep-2026,17.64,17.64,17.4,17.45,24383
PNA.U,16-Sep-2026,10,10.05,9.92,10.05,16700
PNC,16-Sep-2026,240.47,240.905,227.86,231.49,2753200
PNF-A,16-Sep-2026,25,25.46,24.96,25.3886,17500
PNF-B,16-Sep-2026,25.52,25.84,25.5101,25.81,19400
PNF-C,16-Sep-2026,23.9,24.09,23.7204,23.89,11800
PNI,16-Sep-2026,6.47,6.47,6.44,6.46,29400
PNNT,16-Sep-2026,3.5,3.535,3.46,3.48,394400
PNR,16-Sep-2026,57.15,57.79,56.1,56.46,2294400
PNW,16-Sep-2026,96.14,97.1033,94.595,94.99,804800
POR,16-Sep-2026,47.69,48.25,47.55,47.91,1668100
POST,16-Sep-2026,76.39,79.67,76.39,78.49,929500
PPG,16-Sep-2026,105.71,106.39,103.735,104.98,1623500
PPL,16-Sep-2026,33.49,33.54,33.2,33.41,4264800
PPT,16-Sep-2026,3.3,3.32,3.3,3.32,65100
PR,16-Sep-2026,23.75,23.9,22.58,22.95,17508000
PRCS,16-Sep-2026,28.29,28.3199,28.03,28.05,10000
PRG,16-Sep-2026,36.43,36.66,35.45,35.7,583300
PRGO,16-Sep-2026,13.66,13.84,13.35,13.54,2105700
PRH,16-Sep-2026,21.25,21.56,21.23,21.23,29600
PRI,16-Sep-2026,292.27,295.61,288.51,291.91,199100
PRI-D,16-Sep-2026,24.98,24.98,24.98,24.98,400
PRI-K,16-Sep-2026,21.72,21.87,21.65,21.67,3300
PRI-L,16-Sep-2026,25.33,25.345,25.32,25.3264,3800
PRIFpD,16-Sep-2026,24.98,24.98,24.98,24.98,432
PRIFpK,16-Sep-2026,21.72,21.87,21.65,21.67,3349
PRIFpL,16-Sep-2026,25.33,25.345,25.32,25.3264,3887
PRIM,16-Sep-2026,77.92,78.27,75.94,76.94,1386500
PRKS,16-Sep-2026,35.78,37.18,35.61,36.13,1069700
PRLB,16-Sep-2026,80.2,85,79.92,83.24,360600
PRM,16-Sep-2026,31.72,31.94,31.14,31.9,1046800
PRMB,16-Sep-2026,20.92,21.305,20.92,21.15,4083100
PRS,16-Sep-2026,20.43,20.67,20.425,20.43,49800
PRSU,16-Sep-2026,48.88,49.74,48.31,48.91,219800
PRT,16-Sep-2026,2.04,2.105,2.04,2.09,38300
PRU,16-Sep-2026,119.16,119.62,115.315,117.04,2223000
PRVS,16-Sep-2026,32.56,32.56,32.14,32.2464,6300
PS,16-Sep-2026,39,41.67,38.3,41.01,1904700
PSA,16-Sep-2026,296.99,299.75,293.85,294.68,804400
PSA-F,16-Sep-2026,18.62,18.73,18.5,18.54,13600
PSA-G,16-Sep-2026,18.12,18.3043,18.11,18.21,28100
PSA-H,16-Sep-2026,19.85,20.07,19.76,19.91,117300
PSA-I,16-Sep-2026,17.32,17.62,17.25,17.6,104900
PSA-J,16-Sep-2026,16.7,17.01,16.7,16.867,10200
PSA-K,16-Sep-2026,16.87,17.095,16.54,16.99,42900
PSA-L,16-Sep-2026,16.44,16.59,16.3196,16.4005,84400
PSA-M,16-Sep-2026,14.56,14.84,14.56,14.68,22600
PSA-N,16-Sep-2026,13.98,14.11,13.89,13.89,38500
PSA-O,16-Sep-2026,13.89,14.03,13.85,13.85,65800
PSA-P,16-Sep-2026,14.14,14.34,14.14,14.21,144500
PSA-Q,16-Sep-2026,13.98,14.24,13.93,14.06,77300
PSA-R,16-Sep-2026,14.18,14.31,14.11,14.16,147300
PSA-S,16-Sep-2026,14.59,14.71,14.4301,14.625,61600
PSA-T,16-Sep-2026,21.53,21.82,21.53,21.62,51200
PSA-U,16-Sep-2026,22.5295,22.5295,22.215,22.215,1300
PSApF,16-Sep-2026,18.62,18.73,18.5,18.54,13620
PSApG,16-Sep-2026,18.12,18.3043,18.11,18.21,28198
PSApH,16-Sep-2026,19.85,20.07,19.76,19.91,117333
PSApI,16-Sep-2026,17.32,17.62,17.25,17.6,104978
PSApJ,16-Sep-2026,16.7,17.01,16.7,16.867,10299
PSApK,16-Sep-2026,16.87,17.095,16.54,16.99,42915
PSApL,16-Sep-2026,16.44,16.59,16.3196,16.4005,84408
PSApM,16-Sep-2026,14.56,14.84,14.56,14.68,22657
PSApN,16-Sep-2026,13.98,14.11,13.89,13.89,38564
PSApO,16-Sep-2026,13.89,14.03,13.85,13.85,65813
PSApP,16-Sep-2026,14.14,14.34,14.14,14.21,144513
PSApQ,16-Sep-2026,13.98,14.24,13.93,14.06,77302
PSApR,16-Sep-2026,14.18,14.31,14.11,14.16,147300
PSApS,16-Sep-2026,14.59,14.71,14.4301,14.625,61622
PSBD,16-Sep-2026,10.22,10.375,10.18,10.24,68200
PSE-A,16-Sep-2026,15.75,15.75,15.5667,15.7,2600
PSECpA,16-Sep-2026,15.75,15.75,15.5667,15.7,2685
PSF,16-Sep-2026,18.65,18.74,18.48,18.57,77700
PSFE,16-Sep-2026,6.31,6.35,6.145,6.26,292900
PSN,16-Sep-2026,46.48,47.085,45.9,46.49,1007400
PSO,16-Sep-2026,15.93,16,15.865,15.91,508800
PSQ.W,16-Sep-2026,0.0263,0.0263,0.018,0.0263,12500
PSQH,16-Sep-2026,4.84,4.96,4.71,4.75,19300
PSQH.WS,16-Sep-2026,0.0263,0.0263,0.018,0.0263,12570
PSTL,16-Sep-2026,24.08,24.62,23.77,24.01,635400
PSUS,16-Sep-2026,38.6,38.8,37.985,38.05,140800
PSX,16-Sep-2026,260.46,267.29,259.355,264.63,2671600
PTA,16-Sep-2026,17.53,17.95,17.53,17.81,411300
PTY,16-Sep-2026,11.25,11.38,11.19,11.29,1600000
PUK,16-Sep-2026,26.57,26.585,26.005,26.26,827000
PUMP,16-Sep-2026,10.4,10.54,10.01,10.21,3255600
PVH,16-Sep-2026,71.94,73.96,71.06,71.7,866800
PVL,16-Sep-2026,1.88,1.88,1.845,1.85,20500
PWR,16-Sep-2026,625.57,628.27,612.1057,619.28,745400
PXED,16-Sep-2026,26.89,27.2857,26.28,26.61,46200
Q,16-Sep-2026,116.99,118.07,113.525,114.86,1430500
QGEN,16-Sep-2026,42.58,43.455,42.56,42.9,1365600
QLE.W,16-Sep-2026,0.125,0.125,0.125,0.125,1100
QLEP,16-Sep-2026,10,10,10,10,100
QRED,16-Sep-2026,10.04,10.04,10.04,10.04,5000
QSR,16-Sep-2026,76.4,76.405,74.8,74.95,1914400
QTWO,16-Sep-2026,59.14,60.38,59.11,59.55,631400
QUAD,16-Sep-2026,9.56,9.83,9.54,9.63,379300
QXO,16-Sep-2026,11.6,11.69,11.135,11.27,18768500
QXO-B,16-Sep-2026,36.71,36.91,35.421,35.995,99700
QXOpB,16-Sep-2026,36.71,36.91,35.421,35.995,99755
R,16-Sep-2026,240.68,241.39,235.57,237.96,290600
RA,16-Sep-2026,12,12.09,11.94,11.94,242100
RAC,16-Sep-2026,10.58,10.58,10.58,10.58,100
RACE,16-Sep-2026,408.87,415.42,408.375,412.34,467600
RAL,16-Sep-2026,66.9,68.25,66.4875,67.58,1945900
RAMP,16-Sep-2026,37.58,37.93,37.57,37.87,2450500
RBA,16-Sep-2026,85.73,86.57,83.95,84.29,2522000
RBC,16-Sep-2026,487.33,488.125,478.43,487.14,449500
RBLX,16-Sep-2026,50.11,50.3448,47.24,47.43,9083200
RBRK,16-Sep-2026,101.97,105.55,101,104.98,3044200
RC,16-Sep-2026,1.62,1.645,1.58,1.58,1287100
RC-C,16-Sep-2026,11.29,11.62,11.29,11.62,1600
RC-E,16-Sep-2026,12.07,12.45,12.06,12.45,21000
RCD,16-Sep-2026,23.02,23.09,23,23,2900
RCI,16-Sep-2026,35.76,36.17,35.68,35.9,1003900
RCL,16-Sep-2026,251,256.96,249.24,253.92,2308400
RCS,16-Sep-2026,4.88,4.95,4.88,4.92,106800
RCUS,16-Sep-2026,24.79,25.28,24.18,24.65,2295500
RCpC,16-Sep-2026,11.29,11.62,11.29,11.62,1698
RCpE,16-Sep-2026,12.075,12.45,12.06,12.45,21005
RDDT,16-Sep-2026,160.62,162.04,156.1601,157.6,2907200
RDN,16-Sep-2026,35.3,35.435,34.9,35.27,1611800
RDW,16-Sep-2026,10.74,10.86,10.3,10.79,9584900
RDY,16-Sep-2026,11.65,11.7,11.565,11.68,2833900
REF,16-Sep-2026,15.75,16.1,15.61,15.73,1122800
RELX,16-Sep-2026,34.12,34.505,34.085,34.27,1688600
RERE,16-Sep-2026,3.95,3.9895,3.91,3.95,359900
RES,16-Sep-2026,6.1,6.14,5.88,5.98,2719200
REX,16-Sep-2026,41.85,42.36,41.195,42.34,173200
REX-B,16-Sep-2026,21.12,21.59,21.12,21.4,1400
REX-C,16-Sep-2026,20.1107,20.35,20.1107,20.19,2300
REXR,16-Sep-2026,39,39.67,38.42,38.84,4094900
REXRpB,16-Sep-2026,21.12,21.59,21.12,21.4,1461
REXRpC,16-Sep-2026,20.1107,20.35,20.1107,20.19,2371
REZI,16-Sep-2026,18.82,19.0844,18.5,18.67,2493900
RF,16-Sep-2026,29.57,29.67,28.075,28.47,10499500
RF-C,16-Sep-2026,24.52,24.6399,24.3115,24.35,75500
RF-E,16-Sep-2026,15.55,15.89,15.55,15.65,77000
RF-F,16-Sep-2026,25.24,25.4,25.08,25.31,40400
RFI,16-Sep-2026,10.85,10.95,10.78,10.79,78600
RFL,16-Sep-2026,2.14,2.1825,2.05,2.06,66300
RFM,16-Sep-2026,13.23,13.55,13.23,13.5,51300
RFMZ,16-Sep-2026,12.27,12.36,12.21,12.33,77300
RFpC,16-Sep-2026,24.52,24.6399,24.3115,24.35,75548
RFpE,16-Sep-2026,15.55,15.89,15.55,15.65,77073
RFpF,16-Sep-2026,25.24,25.4,25.08,25.31,40417
RGA,16-Sep-2026,247.59,250.7257,245.68,248.09,233700
RGR,16-Sep-2026,37.01,37.62,36.995,37.08,106500
RGT,16-Sep-2026,14.41,14.4199,14.25,14.25,10600
RH,16-Sep-2026,125.55,131.275,124.41,126.52,953100
RHI,16-Sep-2026,37.78,37.925,36.41,37.09,2242300
RHLD,16-Sep-2026,123.09,124.6407,118.53,119.87,136800
RHP,16-Sep-2026,120.78,122.955,118.91,119.93,541700
RIG,16-Sep-2026,5.87,5.95,5.47,5.54,58135900
RIO,16-Sep-2026,97.93,98.185,94.96,95.79,2245500
RIT-A,16-Sep-2026,25.4,25.4,25.34,25.4,3900
RIT-B,16-Sep-2026,25.23,25.37,25.23,25.2701,12400
RIT-C,16-Sep-2026,24.57,24.705,24.57,24.67,22500
RIT-D,16-Sep-2026,25.13,25.17,25.11,25.17,49300
RIT-E,16-Sep-2026,24.3,24.3901,24.3,24.34,16200
RIT-F,16-Sep-2026,24.61,24.85,24.5,24.8494,35200
RITM,16-Sep-2026,9.65,9.7,9.41,9.48,4675800
RITMpA,16-Sep-2026,25.4,25.4,25.34,25.4,3998
RITMpB,16-Sep-2026,25.23,25.37,25.23,25.2701,12495
RITMpC,16-Sep-2026,24.57,24.705,24.57,24.67,22555
RITMpD,16-Sep-2026,25.125,25.17,25.11,25.17,49386
RITMpE,16-Sep-2026,24.3,24.3901,24.3,24.34,16204
RIV,16-Sep-2026,10.39,10.4699,10.39,10.39,102800
RIV-A,16-Sep-2026,20.61,21.09,20.61,20.875,5600
RIV-R,16-Sep-2026,0.0034,0.005,0.0025,0.004,572300
RIVpA,16-Sep-2026,20.61,21.09,20.61,20.875,5617
RJF,16-Sep-2026,164.92,168.18,162.18,164.57,1368000
RKT,16-Sep-2026,13.24,13.35,12.7,12.95,61965200
RL,16-Sep-2026,338.82,345.45,335.2176,338.36,672200
RLI,16-Sep-2026,60.95,61.49,60.21,60.54,493200
RLJ,16-Sep-2026,10.78,11.03,10.655,10.83,1360700
RLJ-A,16-Sep-2026,25.07,25.09,25.021,25.05,4700
RLJpA,16-Sep-2026,25.07,25.09,25.021,25.05,4750
RLTY,16-Sep-2026,14.65,14.84,14.52,14.57,72000
RLX,16-Sep-2026,1.74,1.76,1.73,1.73,1669900
RM,16-Sep-2026,32.06,32.64,31.7,32.12,72900
RMD,16-Sep-2026,228.19,229.325,224.26,228.25,1066800
RMI,16-Sep-2026,14.12,14.33,14.12,14.1591,14200
RMM,16-Sep-2026,13.55,13.55,13.35,13.43,85100
RMMZ,16-Sep-2026,14,14.03,13.85,13.95,29300
RMT,16-Sep-2026,13.26,13.38,13.15,13.36,104200
RNG,16-Sep-2026,70.81,75.14,70.57,73.54,1514600
RNGR,16-Sep-2026,16.89,17.5078,16.22,16.46,110100
RNP,16-Sep-2026,19.44,19.61,19.335,19.4,105700
RNR,16-Sep-2026,326.89,330.87,326.14,328.43,286700
RNR-F,16-Sep-2026,19.6,19.95,19.528,19.6301,21400
RNR-G,16-Sep-2026,14.07,14.422,14.07,14.2183,38300
RNRpF,16-Sep-2026,19.6,19.95,19.528,19.6301,21437
RNRpG,16-Sep-2026,14.07,14.422,14.07,14.2183,38345
RNST,16-Sep-2026,40.73,40.82,39.76,40.53,1046100
ROG,16-Sep-2026,132.4,133.72,124.76,128.5,305100
ROK,16-Sep-2026,419.22,425.66,411.76,414.92,679100
ROL,16-Sep-2026,33.77,34.41,33.53,33.53,5517000
RONB,16-Sep-2026,23.24,23.78,23.19,23.47,128600
RPC,16-Sep-2026,7.93,8.02,7.81,7.91,535900
RPM,16-Sep-2026,101.2,101.68,98.73,99.78,754200
RPT,16-Sep-2026,12.06,12.06,11.71,11.75,14000
RPT-C,16-Sep-2026,25.075,25.14,24.96,25.1399,3000
RPTpC,16-Sep-2026,25.075,25.14,24.96,25.1399,3061
RQI,16-Sep-2026,11.51,11.62,11.375,11.42,846000
RRC,16-Sep-2026,41.34,41.56,38.82,38.85,3337200
RRX,16-Sep-2026,154.91,155.33,147.35,149.2,1333800
RS,16-Sep-2026,393.62,399.4699,387.78,394.3,305300
RSF,16-Sep-2026,14.23,14.325,14.22,14.28,1600
RSG,16-Sep-2026,222.52,225.115,219.705,219.8,1740600
RSI,16-Sep-2026,26.1,26.44,25.73,25.89,2156700
RSKD,16-Sep-2026,6.33,6.33,6.12,6.27,985300
RTO,16-Sep-2026,22.08,22.215,21.845,21.9,1106100
RTX,16-Sep-2026,195.39,197.67,194.78,196.83,3485600
RVI,16-Sep-2026,26.83,27.8288,26.83,27.22,157300
RVII,16-Sep-2026,23.11,23.56,22.8,22.88,161600
RVLV,16-Sep-2026,20.65,21.335,20.395,20.61,1157300
RVT,16-Sep-2026,17.44,17.5502,17.25,17.47,192800
RVTY,16-Sep-2026,140.88,147.5,140.2,145.73,3404300
RWT,16-Sep-2026,3.98,3.985,3.87,3.89,7655100
RWT-A,16-Sep-2026,23.55,23.785,22.87,22.87,11100
RWTN,16-Sep-2026,23.82,24.08,23.82,24.08,6300
RWTO,16-Sep-2026,23.45,23.45,23.115,23.26,6600
RWTP,16-Sep-2026,22.59,22.965,22.59,22.65,4800
RWTQ,16-Sep-2026,21.72,21.82,21.6,21.72,10000
RWTS,16-Sep-2026,21.64,22.14,21.61,21.79,46100
RWTpA,16-Sep-2026,23.5467,23.785,22.87,22.87,11103
RXO,16-Sep-2026,19.26,19.885,18.56,19.08,1516000
RY,16-Sep-2026,204.23,205.476,200.69,202.29,1088500
RYAM,16-Sep-2026,8.3,8.435,8.15,8.26,642000
RYAN,16-Sep-2026,38.67,40.535,38.57,40.29,2250500
RYN,16-Sep-2026,20.22,20.465,19.87,20.04,2767100
RYZ,16-Sep-2026,24.71,24.89,23.895,24.24,398400
RZC,16-Sep-2026,25.52,25.7,25.51,25.7,76200
S,16-Sep-2026,23.04,23.9161,22.9,23.17,8360100
SA,16-Sep-2026,30.34,30.4716,28.4,29.24,483700
SABA,16-Sep-2026,8,8.0706,8,8.01,38200
SAC,16-Sep-2026,10.1,10.105,10.1,10.1,22000
SAC.W,16-Sep-2026,0.5,0.54,0.5,0.5,1000
SAFE,16-Sep-2026,13.81,13.97,13.73,13.82,617900
SAG.W,16-Sep-2026,0.04,0.05,0.0373,0.05,300
SAGU,16-Sep-2026,10.01,10.01,10.01,10.01,500
SAH,16-Sep-2026,75.06,75.06,71.66,72.69,273600
SAJ,16-Sep-2026,25.16,25.16,25.01,25.1,2000
SAM,16-Sep-2026,171.12,172.31,169.3868,170.25,211400
SAM.W,16-Sep-2026,0.255,0.27,0.255,0.2601,2200
SAN,16-Sep-2026,14.57,14.695,14.3,14.4,6214300
SAP,16-Sep-2026,213.13,215.9759,212.88,213.2,1322300
SAR,16-Sep-2026,17.41,17.605,17.305,17.59,129600
SARO,16-Sep-2026,23.57,23.57,22.83,23.13,3411600
SAT,16-Sep-2026,25.05,25.0701,25.05,25.06,800
SAV,16-Sep-2026,24.5,24.6399,24.47,24.6,3800
SAX,16-Sep-2026,24.95,24.95,24.88,24.95,6100
SAY,16-Sep-2026,25.07,25.11,25.05,25.05,11100
SAZ,16-Sep-2026,25.18,25.25,25.18,25.1944,4500
SB,16-Sep-2026,8.6,8.88,8.44,8.75,1830600
SB-D,16-Sep-2026,25.9,26.1,25.9,26.1,600
SBH,16-Sep-2026,15.91,16.39,15.68,16.01,1427400
SBI,16-Sep-2026,7.28,7.33,7.27,7.28,44300
SBR,16-Sep-2026,74.5,74.87,72.5,72.8,47600
SBS,16-Sep-2026,5.19,5.29,5.17,5.28,7634900
SBSI,16-Sep-2026,31.78,32.105,31.27,31.7,144600
SBSW,16-Sep-2026,12.01,12.01,11.36,11.6,5901700
SBX.Y,16-Sep-2026,0.156,0.156,0.156,0.156,400
SBXD,16-Sep-2026,10.87,10.87,10.87,10.87,900
SBXD.WS,16-Sep-2026,0.156,0.156,0.156,0.156,439
SBXE,16-Sep-2026,10.11,10.11,10.11,10.11,100
SBpD,16-Sep-2026,25.9,26.1,25.9,26.1,695
SCCO,16-Sep-2026,192.3,194,186.42,189.88,942500
SCD,16-Sep-2026,15.34,15.4099,15.09,15.2,78100
SCE-G,16-Sep-2026,16.81,17.035,16.68,16.97,13300
SCE-L,16-Sep-2026,16.43,16.709,16.43,16.59,44400
SCE-M,16-Sep-2026,23.3,23.6,23.3,23.535,88800
SCE-N,16-Sep-2026,22.1,22.13,21.89,21.96,60400
SCEpG,16-Sep-2026,16.81,17.035,16.68,16.97,13353
SCEpL,16-Sep-2026,16.43,16.709,16.43,16.59,44493
SCEpM,16-Sep-2026,23.3,23.6,23.3,23.535,88804
SCEpN,16-Sep-2026,22.1,22.13,21.89,21.96,60498
SCH-D,16-Sep-2026,21.9,22.4,21.84,22.22,146700
SCH-J,16-Sep-2026,16.01,16.33,16.01,16.275,145400
SCHW,16-Sep-2026,107.5,107.585,103.885,105.16,9661300
SCHWpD,16-Sep-2026,21.9,22.4,21.84,22.22,146769
SCHWpJ,16-Sep-2026,16.01,16.33,16.01,16.275,145449
SCI,16-Sep-2026,81.07,81.83,80.0101,80.69,911600
SCL,16-Sep-2026,61.75,62.62,61.12,61.76,127700
SCM,16-Sep-2026,7.92,8,7.75,7.77,106200
SD,16-Sep-2026,14.74,14.83,14.3048,14.36,503800
SDHC,16-Sep-2026,10.8,10.905,10.33,10.33,37500
SDHY,16-Sep-2026,15.38,15.7167,14.67,15.36,56500
SDRL,16-Sep-2026,50.21,50.21,47.25,47.84,665900
SE,16-Sep-2026,103.95,105.35,102.46,103.5,4849800
SEA-A,16-Sep-2026,25.78,25.83,25.7159,25.72,2900
SEA-B,16-Sep-2026,25.45,25.79,25.45,25.58,6300
SEALpA,16-Sep-2026,25.78,25.83,25.7159,25.72,2998
SEALpB,16-Sep-2026,25.45,25.79,25.45,25.58,6328
SECZ,16-Sep-2026,8,8.39,7.43,7.77,2605100
SEG,16-Sep-2026,24.82,25.3,24.22,24.59,93400
SEI,16-Sep-2026,63.22,67.085,62.5,64.6,2615600
SES,16-Sep-2026,0.6235,0.6678,0.575,0.5804,22049800
SF,16-Sep-2026,76.7,77.15,74.16,75.58,1528500
SF-B,16-Sep-2026,22.03,22.389,21.76,22.0002,19300
SF-C,16-Sep-2026,21.32,21.7299,21.11,21.68,13300
SF-D,16-Sep-2026,15.67,15.97,15.67,15.71,40800
SFB,16-Sep-2026,19.08,19.325,19.08,19.185,16000
SFBS,16-Sep-2026,42.41,42.41,40.49,41.28,794800
SFL,16-Sep-2026,13.29,13.735,13.24,13.51,2142000
SFpB,16-Sep-2026,22.03,22.389,21.76,22.0002,19315
SFpC,16-Sep-2026,21.32,21.7299,21.11,21.68,13378
SFpD,16-Sep-2026,15.67,15.97,15.67,15.71,40875
SG,16-Sep-2026,6.85,6.96,6.61,6.62,4352900
SGHC,16-Sep-2026,13.43,13.54,13.29,13.31,3230500
SGI,16-Sep-2026,65.72,66.48,62.75,64.21,3382200
SGU,16-Sep-2026,12.85,12.85,12.73,12.78,16600
SHAK,16-Sep-2026,58.5,59.23,56.62,56.65,1594600
SHEL,16-Sep-2026,97.86,97.93,95.35,95.7,5775800
SHG,16-Sep-2026,82.76,83.9,80.605,81.55,169200
SHO,16-Sep-2026,11,11.125,10.845,11,2358800
SHO-H,16-Sep-2026,22.25,22.31,22.25,22.27,6800
SHO-I,16-Sep-2026,21.38,21.66,21.38,21.66,3300
SHOC,16-Sep-2026,100.53,101.35,99.55,99.8369,4300
SHOpH,16-Sep-2026,22.25,22.31,22.25,22.27,6866
SHOpI,16-Sep-2026,21.38,21.66,21.38,21.66,3365
SHV,16-Sep-2026,110.18,110.18,110.16,110.16,2514000
SHW,16-Sep-2026,324.77,327.43,318.76,321.46,1642100
SI,16-Sep-2026,17.95,18.33,17.75,17.89,84700
SID,16-Sep-2026,1.18,1.23,1.16,1.21,10730100
SIG,16-Sep-2026,101.86,104.75,99.8,102.94,1127200
SII,16-Sep-2026,128.65,129.685,122.08,124.08,102500
SIND,16-Sep-2026,14.45,14.71,13.94,14.21,107300
SITC,16-Sep-2026,2.87,2.91,2.85,2.91,909800
SITE,16-Sep-2026,88.06,91.42,87.43,88.42,1540600
SJM,16-Sep-2026,121.73,123.94,121.58,123.56,1280800
SJT,16-Sep-2026,3,3.1,2.95,3.04,308400
SKE,16-Sep-2026,31.41,31.41,29.09,29.83,486100
SKIL,16-Sep-2026,5.9,6.19,5.755,6.1,95700
SKM,16-Sep-2026,36,36.28,35.01,35.35,1012200
SKT,16-Sep-2026,36.24,36.45,35.48,35.77,1237800
SKY,16-Sep-2026,84.62,86.89,83.815,84.89,736500
SKY.W,16-Sep-2026,0.165,0.165,0.165,0.165,5700
SKYH,16-Sep-2026,9.96,10.08,9.84,9.94,149700
SKYH.WS,16-Sep-2026,0.165,0.165,0.165,0.165,5786
SLB,16-Sep-2026,54.29,54.29,51.56,52.3,21325800
SLF,16-Sep-2026,80.56,81.16,79.8,80.27,396200
SLG,16-Sep-2026,51.94,52.31,50.135,51.75,959200
SLG-I,16-Sep-2026,21.27,21.415,21.27,21.41,3000
SLGN,16-Sep-2026,38.65,39.78,38.16,38.56,892000
SLGpI,16-Sep-2026,21.27,21.415,21.27,21.41,3033
SLNZ,16-Sep-2026,45.665,45.665,45.665,45.665,100
SLQT,16-Sep-2026,0.5121,0.518,0.4865,0.496,731200
SLVM,16-Sep-2026,36,36.49,35.5,35.98,416700
SM,16-Sep-2026,39.99,40.21,37.96,38.16,5834600
SMA,16-Sep-2026,32.05,32.84,32.03,32.26,1184100
SMBK,16-Sep-2026,52.29,52.7,50.825,51.66,197500
SMC,16-Sep-2026,33.43,33.94,32.4,32.69,63700
SMFG,16-Sep-2026,26.74,26.85,26.035,26.29,1216600
SMG,16-Sep-2026,56.2,56.92,54.76,54.79,720000
SMHI,16-Sep-2026,9.54,9.695,9.29,9.41,120300
SMP,16-Sep-2026,37.78,38.34,37.34,37.5,208500
SMR,16-Sep-2026,8.565,8.605,8.045,8.3,42278900
SMRT,16-Sep-2026,1.14,1.21,1.14,1.14,680700
SMWB,16-Sep-2026,8.88,8.96,8.22,8.34,653900
SN,16-Sep-2026,168.88,174.79,167.51,170.68,3498400
SNA,16-Sep-2026,375.72,379.6,371.4,372.98,312600
SNAP,16-Sep-2026,5.85,5.88,5.67,5.72,35626300
SNDA,16-Sep-2026,39.91,40.55,39.2,39.43,331900
SNDR,16-Sep-2026,33.6,33.69,32.59,32.75,728300
SNN,16-Sep-2026,27.9,28.1,27.765,27.8,871300
SNOW,16-Sep-2026,318.14,338,317.45,331.02,3762300
SNU-H,16-Sep-2026,20.86,21.21,20.78,21.07,18900
SNU-I,16-Sep-2026,25.29,25.29,25.28,25.285,47200
SNX,16-Sep-2026,265.15,266.96,258.005,260.5,661500
SO,16-Sep-2026,86.41,86.83,85.87,86.23,5924100
SOBO,16-Sep-2026,35.44,35.96,35.38,35.55,468900
SOC,16-Sep-2026,4.86,4.905,4.53,4.58,6450300
SOJC,16-Sep-2026,18.9,19.3399,18.9,19.25,32300
SOJD,16-Sep-2026,17.6,18.17,17.6,18.0685,330100
SOJE,16-Sep-2026,16,16.36,15.93,16.21,95200
SOJF,16-Sep-2026,23.55,23.9,23.5041,23.65,77400
SOLV,16-Sep-2026,90.04,91.87,88.6766,88.83,978000
SOMN,16-Sep-2026,46.1,46.45,46.01,46.19,651600
SON,16-Sep-2026,48.6,49.47,48.11,48.41,1472500
SONY,16-Sep-2026,24,24.05,23.66,23.73,3013100
SOR,16-Sep-2026,46.11,46.899,45.67,45.6701,10400
SOS,16-Sep-2026,0.74,0.7704,0.7205,0.7301,30800
SOU-,16-Sep-2026,0.1086,0.1325,0.0929,0.1038,96100
SOUL,16-Sep-2026,10.47,10.47,10.47,10.47,6000
SOULr,16-Sep-2026,0.1086,0.1325,0.0929,0.1038,96157
SPB,16-Sep-2026,86.05,87.24,85.3901,86.56,199700
SPCE,16-Sep-2026,3.01,3.04,2.86,2.93,6916900
SPE,16-Sep-2026,13.12,13.3278,13.09,13.1,34300
SPE-C,16-Sep-2026,24.8,24.8077,24.79,24.8077,1600
SPEpC,16-Sep-2026,24.8,24.8077,24.79,24.8077,1693
SPG,16-Sep-2026,204.37,205.755,200.37,202.94,1312900
SPG-J,16-Sep-2026,54.62,54.62,54.6198,54.62,4100
SPGI,16-Sep-2026,413.9,415.534,404.81,406.76,1486600
SPGpJ,16-Sep-2026,54.62,54.62,54.6198,54.62,4176
SPH,16-Sep-2026,16.85,17.14,16.85,17.01,140700
SPHR,16-Sep-2026,146.02,147.93,141.535,144.43,404300
SPIR,16-Sep-2026,11.63,11.63,11.235,11.49,516300
SPMA,16-Sep-2026,25.0551,25.0551,25.01,25.01,200
SPMC,16-Sep-2026,9.5,9.5,9.15,9.19,27200
SPNT,16-Sep-2026,24.61,24.78,24.1,24.47,1131100
SPOT,16-Sep-2026,559.9,564.89,546.01,547.43,1546800
SPRU,16-Sep-2026,1.79,1.97,1.63,1.63,451800
SPXC,16-Sep-2026,181.26,185.9899,177.09,178.68,452800
SPXX,16-Sep-2026,18.58,18.79,18.29,18.33,296300
SQM,16-Sep-2026,69.97,70.52,67.85,68.68,890300
SQNS,16-Sep-2026,2.97,3,2.87,2.92,26800
SR,16-Sep-2026,79.97,81.13,79.73,79.9,502500
SRE,16-Sep-2026,81.78,82.48,81.35,81.7,4128400
SREA,16-Sep-2026,19.45,20.09,19.44,19.91,88300
SRFM,16-Sep-2026,0.465,0.5287,0.456,0.497,3279800
SRG,16-Sep-2026,2.01,2.075,1.95,1.95,150400
SRG-A,16-Sep-2026,21.19,21.19,21.15,21.15,2500
SRGpA,16-Sep-2026,21.19,21.19,21.15,21.15,2543
SRI,16-Sep-2026,7.2,7.2158,7.04,7.08,149300
SRJN,16-Sep-2026,21.74,21.94,21.65,21.7,21400
SRL,16-Sep-2026,5.25,5.385,5.1307,5.255,5000
SRV,16-Sep-2026,44.45,45.15,43.25,43.68,100700
SSB,16-Sep-2026,105.77,106.7,102,103.86,850100
SSD,16-Sep-2026,173.13,174.26,170.55,172.17,561100
SSL,16-Sep-2026,14.62,14.6899,14.18,14.29,2292100
SST,16-Sep-2026,3.31,3.31,3.04,3.1,169100
SSTK,16-Sep-2026,4.86,5.04,4.8,4.94,1031800
ST,16-Sep-2026,42.13,42.44,41.2,41.91,1140200
STAG,16-Sep-2026,37.19,37.5,36.79,37.08,1451900
STC,16-Sep-2026,66.07,66.89,64.245,65.57,237300
STDN,16-Sep-2026,12.2,12.46,11.66,11.91,833500
STE,16-Sep-2026,209.34,213.48,208.335,209.9,639500
STEM,16-Sep-2026,4.68,4.82,4.44,4.47,127500
STEW,16-Sep-2026,18.26,18.34,18.0503,18.12,46000
STG,16-Sep-2026,2.9,2.9,2.81,2.9,1900
STK,16-Sep-2026,52.61,52.61,51.265,51.58,61700
STLA,16-Sep-2026,5.07,5.08,4.88,4.92,34553100
STM,16-Sep-2026,49.37,49.37,47.53,48.06,9033400
STN,16-Sep-2026,70.6,71.49,70.23,70.41,336600
STNG,16-Sep-2026,85.84,87.6,85.26,85.64,1781400
STT,16-Sep-2026,185.8,187.11,180.46,182.9,1860400
STT-G,16-Sep-2026,19.74,20.165,19.68,20.12,80400
STTpG,16-Sep-2026,19.74,20.165,19.68,20.12,80498
STUB,16-Sep-2026,5.9,5.99,5.835,5.89,6020500
STVN,16-Sep-2026,21.51,22.53,21.43,22.53,603500
STWD,16-Sep-2026,15.21,15.285,14.89,14.98,4374600
STXD,16-Sep-2026,38.73,38.73,38.18,38.3204,1800
STXE,16-Sep-2026,49.99,50.08,49,49.3185,5300
STXF,16-Sep-2026,49.1,49.225,48.5199,48.76,58800
STXG,16-Sep-2026,55.42,55.7,54.98,55.1917,7700
STXK,16-Sep-2026,37.135,37.16,36.57,36.8294,3500
STXT,16-Sep-2026,19.3,19.3,19.21,19.255,3200
STXV,16-Sep-2026,39.28,39.28,38.8146,38.8146,16800
STZ,16-Sep-2026,123.72,124.75,122.755,123.03,1421400
SU,16-Sep-2026,71.03,71.15,68.49,68.95,4470900
SUI,16-Sep-2026,116.51,117.8,114.225,114.89,1216100
SUN,16-Sep-2026,80,80.22,77.85,78.92,335900
SUPV,16-Sep-2026,8.35,8.44,8.165,8.37,315900
SUZ,16-Sep-2026,9.23,9.29,9.055,9.1,2045100
SVV,16-Sep-2026,9.25,9.39,9.12,9.12,1221400
SW,16-Sep-2026,44.37,45.69,43.9,44.58,5483000
SWK,16-Sep-2026,89.15,90.285,88.035,89.05,1739100
SWX,16-Sep-2026,87.24,88.08,86.15,86.74,741900
SWZ,16-Sep-2026,5.92,5.935,5.89,5.9,35500
SXC,16-Sep-2026,9.54,9.715,9.395,9.61,788800
SXI,16-Sep-2026,257.39,262.22,255.805,259.28,157300
SXT,16-Sep-2026,129.15,129.193,126.94,128.31,239100
SYF,16-Sep-2026,75.86,76.45,73.63,74.88,2726100
SYF-A,16-Sep-2026,18.61,18.845,18.4328,18.6,33100
SYF-B,16-Sep-2026,26.2,26.2,26.0186,26.09,10000
SYFpA,16-Sep-2026,18.61,18.845,18.4328,18.6,33167
SYFpB,16-Sep-2026,26.2,26.2,26.0186,26.09,10064
SYK,16-Sep-2026,280.34,290.51,279.875,284.76,3399400
SYY,16-Sep-2026,79.72,80.14,78.37,78.71,6312100
T,16-Sep-2026,26.61,26.835,25.65,25.86,37808800
T-A,16-Sep-2026,17.59,17.7499,17.52,17.57,136400
T-C,16-Sep-2026,16.68,16.84,16.6,16.6,177500
TAC,16-Sep-2026,11.63,12.12,11.59,11.95,2591500
TAK,16-Sep-2026,18.75,18.825,18.595,18.64,2952100
TAL,16-Sep-2026,11.77,12.09,11.735,11.94,3943400
TALO,16-Sep-2026,17.87,18.03,17.24,17.42,2865400
TAP,16-Sep-2026,39.25,39.43,38.93,39.11,3349300
TBB,16-Sep-2026,19.55,19.585,19.3901,19.42,138300
TBBB,16-Sep-2026,50.88,51.67,50.09,50.41,328200
TBI,16-Sep-2026,9.07,9.228,8.94,9.05,234300
TBLU,16-Sep-2026,49.58,49.5801,49.5,49.55,2200
TBN,16-Sep-2026,40.01,40.01,38.32,38.34,144400
TCAI,16-Sep-2026,45.19,45.8099,44.52,45.11,21100
TCBX,16-Sep-2026,45.05,45.39,43.5208,44.3,78000
TCI,16-Sep-2026,39.75,40.67,39.75,40.39,19000
TCPA,16-Sep-2026,22.06,22.06,21.74,21.85,73200
TD,16-Sep-2026,121.33,122.28,119.42,120.6,1996100
TDAY,16-Sep-2026,6.51,6.65,6.46,6.48,1767400
TDC,16-Sep-2026,28.85,29.57,28.82,29.17,1483200
TDF,16-Sep-2026,10.34,10.5,10.1,10.16,77200
TDG,16-Sep-2026,1084.79,1108.37,1071.25,1080.11,604400
TDOC,16-Sep-2026,6.55,6.56,6.37,6.43,2752300
TDS,16-Sep-2026,37.41,38.04,36.76,37.07,1622700
TDS-U,16-Sep-2026,20.5,20.59,20.5,20.5899,16900
TDS-V,16-Sep-2026,18.72,18.81,18.655,18.79,35200
TDSpU,16-Sep-2026,20.5,20.59,20.5,20.5899,16912
TDSpV,16-Sep-2026,18.72,18.81,18.655,18.79,35242
TDW,16-Sep-2026,90.59,91.36,87.02,88.17,528300
TDY,16-Sep-2026,602.51,605.34,596.71,601.1,310500
TE,16-Sep-2026,4.4,4.43,4,4.09,20802500
TECK,16-Sep-2026,65.28,65.4,63.11,64.25,2024800
TEI,16-Sep-2026,6.47,6.53,6.44,6.44,187200
TEL,16-Sep-2026,203.78,205.72,200.4301,202.2,1754700
TEN,16-Sep-2026,50.9,52.9,50.9,52.31,656800
TEN-E,16-Sep-2026,25.55,25.65,25.55,25.6,3200
TEN-F,16-Sep-2026,26.8,26.97,26.7,26.75,6300
TENpE,16-Sep-2026,25.55,25.65,25.55,25.6,3228
TENpF,16-Sep-2026,26.8,26.97,26.7,26.75,6350
TEO,16-Sep-2026,13.9,14.06,13.56,13.8,265800
TEVA,16-Sep-2026,39.02,39.52,38.32,38.53,4821800
TEX,16-Sep-2026,58.69,60.005,57.97,58.82,928900
TFC,16-Sep-2026,50.45,50.45,47.64,48.44,11698400
TFC-I,16-Sep-2026,17.62,17.913,17.5347,17.77,23600
TFC-O,16-Sep-2026,18.81,19.45,18.71,19.45,148100
TFC-R,16-Sep-2026,17.07,17.58,17.035,17.5,264500
TFCpI,16-Sep-2026,17.62,17.913,17.5347,17.77,23683
TFCpO,16-Sep-2026,18.81,19.45,18.71,19.45,148155
TFCpR,16-Sep-2026,17.07,17.58,17.035,17.5,264523
TFI-,16-Sep-2026,21.84,21.93,21.84,21.88,6200
TFII,16-Sep-2026,130.5,130.59,124.71,126.1,242100
TFIN,16-Sep-2026,64.73,65.27,62.34,63.66,323600
TFINP,16-Sep-2026,21.84,21.93,21.84,21.88,6224
TFPM,16-Sep-2026,33.18,33.19,31.39,31.95,582900
TFX,16-Sep-2026,129.13,130.15,127.72,128,830200
TG,16-Sep-2026,6.93,7.005,6.8,6.89,180100
TGE,16-Sep-2026,0.871,0.8924,0.855,0.859,26100
TGLS,16-Sep-2026,36.22,37.74,36,36.89,344100
TGS,16-Sep-2026,29.4,29.4,28.655,29.06,312100
TGT,16-Sep-2026,154.52,156.33,153.55,154.68,2744900
THC,16-Sep-2026,261,267.78,260.765,265.78,628900
THG,16-Sep-2026,231.98,234.48,230.18,231.76,416600
THIR,16-Sep-2026,33.64,33.76,33.26,33.51,188800
THLV,16-Sep-2026,31.74,31.74,31.36,31.51,8600
THO,16-Sep-2026,71.01,71.555,68.78,69.74,1093700
THQ,16-Sep-2026,18.92,19.02,18.8519,18.91,70400
THW,16-Sep-2026,13.4,13.5799,13.27,13.32,93900
TIC,16-Sep-2026,9.66,9.67,8.82,8.85,3509800
TIMB,16-Sep-2026,18.95,19.17,18.93,19.06,225600
TISI,16-Sep-2026,26.98,27.75,26.86,26.92,30100
TJX,16-Sep-2026,124.95,125.7513,122.78,122.84,10338800
TK,16-Sep-2026,14.26,14.665,14.26,14.39,898400
TKC,16-Sep-2026,4.94,5.01,4.815,4.93,4957700
TKO,16-Sep-2026,192.33,195.335,190.27,192.43,685900
TKR,16-Sep-2026,117.71,118.975,114.845,116.7,966300
TLK,16-Sep-2026,14.94,14.99,14.62,14.66,711400
TLYS,16-Sep-2026,4.7,4.737,4.33,4.38,489800
TM,16-Sep-2026,195.29,196.13,191.55,192.21,295400
TME,16-Sep-2026,7.92,7.93,7.79,7.82,6638900
TMO,16-Sep-2026,642,653.4,638,648.43,2880000
TNC,16-Sep-2026,69.1,69.66,66.81,67.97,164700
TNET,16-Sep-2026,68.53,69.68,67.67,69.21,268500
TNGY,16-Sep-2026,11.41,11.415,11.2,11.24,33100
TNK,16-Sep-2026,99.3,103.0258,99.3,100.63,514700
TNL,16-Sep-2026,65.21,65.925,63.51,64.42,796400
TOL,16-Sep-2026,134.55,135.69,131.395,132.64,890400
TOST,16-Sep-2026,31.8,31.98,30.89,31.12,8049500
TPB,16-Sep-2026,69.94,71.57,69.86,70.12,216900
TPC,16-Sep-2026,86.67,86.85,84.765,85.85,448100
TPL,16-Sep-2026,365.58,367.64,347.27,348.57,463000
TPR,16-Sep-2026,119.16,121.16,117.63,117.94,2900300
TPTS,16-Sep-2026,14.82,15.5,14.82,15.5,700
TPVG,16-Sep-2026,4.83,4.84,4.7,4.83,422400
TPYP,16-Sep-2026,42.22,42.51,41.78,42.04,23600
TPZ,16-Sep-2026,20.72,21.02,20.69,20.846,4900
TR,16-Sep-2026,37.74,38.16,37.74,37.96,130600
TRAK,16-Sep-2026,8.15,8.32,8.06,8.24,64700
TRC,16-Sep-2026,15.97,16.01,15.8,15.99,122100
TREX,16-Sep-2026,43.49,43.74,42.25,43.11,2561400
TRGP,16-Sep-2026,286.16,288.61,281.09,284.77,1108700
TRLV,16-Sep-2026,11.55,11.9699,11.2301,11.55,1670500
TRN,16-Sep-2026,28.41,28.84,28.065,28.33,580900
TRNO,16-Sep-2026,65.54,66.41,65.21,65.61,823900
TRNZ,16-Sep-2026,25.05,25.1001,25.05,25.05,13200
TROX,16-Sep-2026,4.41,4.416,4.215,4.29,1582600
TRP,16-Sep-2026,60.96,61.985,60.87,61.21,2667500
TRT-A,16-Sep-2026,25.6,25.635,25.47,25.4999,4700
TRT-B,16-Sep-2026,25.09,25.18,25,25.01,9200
TRT-C,16-Sep-2026,24.04,24.33,23.84,24.19,13800
TRT-D,16-Sep-2026,21.97,22.055,21.8899,21.915,2300
TRT-E,16-Sep-2026,18.35,18.39,18.275,18.345,7100
TRT-F,16-Sep-2026,23.78,24.22,23.78,23.84,6300
TRT-G,16-Sep-2026,23.2,23.52,23.07,23.19,51400
TRT-P,16-Sep-2026,17.86,18.2599,17.86,17.98,3700
TRTNpA,16-Sep-2026,25.6,25.635,25.47,25.4999,4752
TRTNpB,16-Sep-2026,25.0949,25.18,25,25.01,9215
TRTNpC,16-Sep-2026,24.04,24.33,23.84,24.19,13845
TRTNpD,16-Sep-2026,21.97,22.055,21.8899,21.915,2365
TRTNpE,16-Sep-2026,18.35,18.39,18.275,18.345,7124
TRTNpF,16-Sep-2026,23.78,24.22,23.78,23.84,6326
TRTX,16-Sep-2026,7.32,7.415,7.29,7.32,928200
TRTXpC,16-Sep-2026,17.86,18.2599,17.86,17.98,3797
TRU,16-Sep-2026,76.44,76.535,73.905,74.66,2063600
TRV,16-Sep-2026,376.5,380.94,375.34,378.92,1602100
TS,16-Sep-2026,57.3,57.59,55.82,56.3,1029000
TSI,16-Sep-2026,4.33,4.3399,4.3,4.33,163300
TSLX,16-Sep-2026,17.81,18.09,17.79,17.96,477200
TSM,16-Sep-2026,418.2,419.85,413.88,417.72,10490900
TSN,16-Sep-2026,52.58,52.99,52.12,52.12,2692300
TSQ,16-Sep-2026,5.19,5.26,5.11,5.11,51300
TT,16-Sep-2026,427.4,429.9999,416.97,421.68,944700
TTAM,16-Sep-2026,14.14,14.37,13.7,13.82,431300
TTC,16-Sep-2026,93.6,93.82,91.61,92.32,1076500
TTE,16-Sep-2026,93.13,93.13,90.705,90.84,1504500
TTI,16-Sep-2026,6.65,6.7,6.151,6.28,1550300
TU,16-Sep-2026,9.07,9.07,8.845,8.88,10747500
TUYA,16-Sep-2026,1.77,1.775,1.745,1.75,248700
TV,16-Sep-2026,2.27,2.27,2.18,2.19,633400
TVC,16-Sep-2026,23.85,23.89,23.82,23.838,8600
TVE,16-Sep-2026,23.41,23.45,23.34,23.4,2500
TWI,16-Sep-2026,7.24,7.265,6.98,7.09,466700
TWLO,16-Sep-2026,241.88,243.95,235.2,238.88,2248700
TWN,16-Sep-2026,97.73,99.715,95.11,98.21,16800
TWO-A,16-Sep-2026,25.29,25.2993,25.29,25.299,3500
TWO-B,16-Sep-2026,25.27,25.28,25.27,25.275,55200
TWO-C,16-Sep-2026,25.34,25.345,25.34,25.34,8300
TWOD,16-Sep-2026,26.25,26.27,26.25,26.26,4800
TWOpA,16-Sep-2026,25.29,25.2993,25.29,25.299,3508
TWOpB,16-Sep-2026,25.27,25.28,25.27,25.275,55224
TWOpC,16-Sep-2026,25.34,25.345,25.34,25.34,8322
TX,16-Sep-2026,57.81,58,56.0201,56.98,305500
TXNM,16-Sep-2026,58.26,58.61,58.16,58.54,1893100
TXO,16-Sep-2026,15.11,15.25,14.66,14.8,236500
TXT,16-Sep-2026,80.85,81.89,80.395,80.71,1322200
TY,16-Sep-2026,34.47,34.6399,34.16,34.4,44400
TY-,16-Sep-2026,41.1,41.5251,40.95,41.1,3200
TYG,16-Sep-2026,43.2,43.3,41.7,41.94,190100
TYL,16-Sep-2026,346.07,350.43,344.02,346.44,647000
TYp,16-Sep-2026,41.1,41.5251,40.95,41.1,3212
TpA,16-Sep-2026,17.59,17.7499,17.52,17.57,136439
U,16-Sep-2026,42.93,43.4,41.64,42.13,5801200
UA,16-Sep-2026,4.83,4.98,4.83,4.87,1844900
UAA,16-Sep-2026,4.98,5.12,4.98,5,8486800
UAN,16-Sep-2026,135.32,135.41,132.0001,132.78,11500
UBER,16-Sep-2026,71.32,71.96,70.5709,70.97,17960600
UBS,16-Sep-2026,51.14,51.31,49.91,50.42,2553000
UCB,16-Sep-2026,35.59,35.59,34.18,34.84,1154900
UDR,16-Sep-2026,34.91,35.1444,34.32,34.4,4168600
UE,16-Sep-2026,20.13,20.375,19.925,20.03,822500
UFI,16-Sep-2026,6.8,6.87,6.61,6.61,80600
UGI,16-Sep-2026,38.07,38.5589,37.66,38.18,2742200
UGP,16-Sep-2026,7.46,7.58,7.375,7.56,2851100
UHA.B,16-Sep-2026,55.73,56.86,55.48,55.93,306400
UHAL,16-Sep-2026,63.51,64.25,62.65,63.32,132300
UHAL.B,16-Sep-2026,55.73,56.86,55.48,55.93,306422
UHS,16-Sep-2026,176.27,182.19,175.365,181.21,881500
UHT,16-Sep-2026,40.92,41.48,40.46,40.81,110000
UI,16-Sep-2026,570.87,576.81,559.44,570.37,119800
UIS,16-Sep-2026,2.53,2.53,2.435,2.45,433900
UL,16-Sep-2026,62.45,62.72,62.315,62.44,2307200
ULS,16-Sep-2026,64.37,66.465,64.13,64.15,2168100
UMC,16-Sep-2026,22.49,22.84,22.245,22.53,11217700
UMH,16-Sep-2026,15.51,15.71,15.51,15.58,1031300
UMH-D,16-Sep-2026,21.32,21.35,21.05,21.22,8400
UMHpD,16-Sep-2026,21.32,21.35,21.05,21.22,8447
UNF,16-Sep-2026,267.06,269.725,265.81,266.12,643200
UNFI,16-Sep-2026,44.79,46.33,44.08,46.3,637600
UNH,16-Sep-2026,375.9,380.22,373.63,375.26,4418300
UNM,16-Sep-2026,95.52,96.7525,93.42,94.82,3539400
UNMA,16-Sep-2026,21.69,21.9,21.48,21.67,28700
UNP,16-Sep-2026,287.08,288.47,280.32,280.92,2644000
UP,16-Sep-2026,3.28,3.31,3.14,3.16,157100
UPS,16-Sep-2026,102.1,102.1,98.15,98.77,4947300
URI,16-Sep-2026,994.43,1025.53,987.5,1006.25,489900
USA,16-Sep-2026,5.87,5.9,5.815,5.9,2361900
USAC,16-Sep-2026,26.17,26.61,26,26.14,351600
USB,16-Sep-2026,62.14,62.96,58.81,59.73,17455100
USB-H,16-Sep-2026,18.48,18.64,18.42,18.51,64700
USB-P,16-Sep-2026,20.34,20.53,20.12,20.4,55600
USB-Q,16-Sep-2026,13.77,14.21,13.77,14.13,79400
USB-R,16-Sep-2026,14.88,15.1811,14.7191,15.1,122600
USB-S,16-Sep-2026,16.41,17.01,16.32,16.93,146300
USBpH,16-Sep-2026,18.48,18.64,18.42,18.51,64783
USBpP,16-Sep-2026,20.34,20.53,20.12,20.4,55697
USBpQ,16-Sep-2026,13.77,14.21,13.77,14.13,79414
USBpR,16-Sep-2026,14.88,15.1811,14.7191,15.1,122633
USBpS,16-Sep-2026,16.41,17.01,16.32,16.93,146341
USFD,16-Sep-2026,92.15,93.905,91.54,92.51,3719800
USNA,16-Sep-2026,14.95,15.01,14.65,14.71,231200
USPH,16-Sep-2026,81.48,84.08,79.01,83.39,173900
UTF,16-Sep-2026,24.95,25.4044,24.76,24.86,506400
UTI,16-Sep-2026,20.65,21.19,20.34,20.88,2019000
UTL,16-Sep-2026,52.53,52.88,51.77,52.37,179100
UTZ,16-Sep-2026,14.28,14.28,14.26,14.26,703300
UVE,16-Sep-2026,44.04,44.49,43.85,44.15,94400
UVV,16-Sep-2026,44.46,44.905,44.38,44.59,330300
UWMC,16-Sep-2026,1.3,1.3163,1.2,1.23,14307100
UZD,16-Sep-2026,18.61,18.6145,18,18.11,5100
UZE,16-Sep-2026,16.11,16.29,16.11,16.27,2400
UZF,16-Sep-2026,16.36,16.36,16.36,16.36,200
V,16-Sep-2026,374.96,376.4746,368.12,370.93,7203800
VAC,16-Sep-2026,101.12,102.13,99.12,101.45,430000
VAC.U,16-Sep-2026,7.25,7.25,7.25,7.25,1200
VAC.W,16-Sep-2026,0.42,0.42,0.38,0.4,2600
VAL,16-Sep-2026,87.4,88.23,81.41,82.52,1248700
VAL.W,16-Sep-2026,11.61,11.68,10.27,10.3,9600
VAL.WS,16-Sep-2026,11.61,11.68,10.27,10.3,9637
VALE,16-Sep-2026,14.43,14.5,13.99,14.13,45086300
VATE,16-Sep-2026,6.93,7.55,6.93,7.5,128000
VBF,16-Sep-2026,14.41,14.53,14.33,14.35,109200
VCV,16-Sep-2026,9.71,9.81,9.69,9.7,207100
VCX,16-Sep-2026,30.1,31.199,29.66,30.39,533600
VEEV,16-Sep-2026,265.27,267.96,262.44,264.9,1113700
VEL,16-Sep-2026,17.1,17.2,16.47,16.55,183400
VET,16-Sep-2026,13.24,13.33,12.515,12.62,2141700
VFC,16-Sep-2026,12.75,13.075,12.6,12.73,7390500
VG,16-Sep-2026,15,15.235,14.545,14.65,12215700
VGI,16-Sep-2026,7.02,7.21,6.87,6.96,96100
VGM,16-Sep-2026,9.58,9.6597,9.55,9.56,232300
VGNT,16-Sep-2026,45.47,46.29,44.905,45.42,832700
VHI,16-Sep-2026,17.3,17.86,16.48,16.48,16300
VIA,16-Sep-2026,25.75,26.72,25.32,26.62,997600
VICI,16-Sep-2026,24.8,24.92,24.425,24.53,9730500
VII,16-Sep-2026,9.82,9.82,9.82,9.82,400
VII.W,16-Sep-2026,0.345,0.37,0.345,0.37,500
VIK,16-Sep-2026,85.41,86.42,84.28,85.38,2845700
VIPS,16-Sep-2026,12.12,12.33,12.05,12.25,3125000
VIRT,16-Sep-2026,58.05,58.6,56.41,57.25,785700
VIST,16-Sep-2026,76.75,77.39,73.46,74.26,919600
VIV,16-Sep-2026,11.85,11.95,11.81,11.86,1589700
VKQ,16-Sep-2026,9.21,9.2599,9.14,9.16,261700
VLN,16-Sep-2026,1.62,1.62,1.555,1.57,440300
VLO,16-Sep-2026,391.68,407.27,388,403.28,3525900
VLRS,16-Sep-2026,6.36,6.52,6.195,6.32,214900
VLT,16-Sep-2026,9.4,9.4599,9.36,9.41,30500
VLTO,16-Sep-2026,95.69,96.76,95.312,95.75,1093800
VMC,16-Sep-2026,249.48,250.79,242.5,244.3,1230800
VMI,16-Sep-2026,479.9,484.535,470.485,475.35,130600
VMO,16-Sep-2026,9.26,9.27,9.23,9.23,434900
VMRK,16-Sep-2026,65.43,65.76,62.98,62.99,7912500
VNO,16-Sep-2026,35.04,35.515,34.12,34.82,1949300
VNO-L,16-Sep-2026,16.9,16.98,16.9,16.95,10000
VNO-M,16-Sep-2026,16.81,16.989,16.81,16.96,18000
VNO-N,16-Sep-2026,16.53,16.7,16.5001,16.69,3800
VNO-O,16-Sep-2026,13.93,14.0899,13.85,13.85,62100
VNOpL,16-Sep-2026,16.9,16.98,16.9,16.95,10048
VNOpM,16-Sep-2026,16.81,16.989,16.81,16.96,18072
VNOpN,16-Sep-2026,16.53,16.7,16.5001,16.69,3819
VNOpO,16-Sep-2026,13.93,14.0899,13.85,13.85,62144
VNT,16-Sep-2026,32.26,32.385,31.2,31.53,1626400
VOC,16-Sep-2026,3.4,3.4204,3.35,3.37,28500
VOY-B,16-Sep-2026,23.66,23.78,23.54,23.5801,17900
VOYA,16-Sep-2026,102.25,103.095,98.965,100.28,1017100
VOYApB,16-Sep-2026,23.66,23.78,23.54,23.5801,17905
VOYG,16-Sep-2026,34.45,35.78,33.64,35.18,1348100
VPG,16-Sep-2026,61.97,62.81,60.305,61.04,253100
VPV,16-Sep-2026,10.85,10.87,10.7201,10.77,22900
VRT,16-Sep-2026,240,244.76,237.64,239.41,5514600
VRTS,16-Sep-2026,138.1,138.56,129.03,130.76,138000
VSH,16-Sep-2026,32.18,32.37,30.74,31.32,2955900
VST,16-Sep-2026,143.38,143.6999,139.62,140.39,3832500
VSTS,16-Sep-2026,13.25,14.02,13.12,13.77,2068000
VSXY,16-Sep-2026,72.85,76.49,72.85,73.96,1538000
VTEX,16-Sep-2026,3.64,3.71,3.64,3.67,656200
VTMX,16-Sep-2026,33.2,33.91,32.575,32.92,75000
VTN,16-Sep-2026,9.92,9.99,9.87,9.9,60100
VTOL,16-Sep-2026,42.02,42.3846,40.71,41.33,307500
VTR,16-Sep-2026,88.32,89.78,87.87,88.21,2907200
VTS,16-Sep-2026,18.21,18.25,17.32,17.52,861000
VVR,16-Sep-2026,2.86,2.905,2.86,2.9,1078300
VVV,16-Sep-2026,28.26,28.42,27.08,27.13,3408000
VVX,16-Sep-2026,75.34,76.32,73.87,75.31,644500
VYX,16-Sep-2026,7.59,7.6812,7.11,7.11,3662400
VZ,16-Sep-2026,51.25,51.56,49.325,49.76,24329400
W,16-Sep-2026,105.26,106.66,102.37,103.24,2546600
WAB,16-Sep-2026,279.66,280.53,273.01,276.37,793000
WAL,16-Sep-2026,78.92,81.245,76.585,77.8,2377800
WAL-A,16-Sep-2026,24.65,24.72,24.58,24.6101,124600
WALpA,16-Sep-2026,24.65,24.72,24.58,24.6101,124658
WAT,16-Sep-2026,417.86,424.73,415.935,418.64,710800
WBI,16-Sep-2026,31.06,31.71,30.34,30.8,575600
WBX,16-Sep-2026,3.11,3.11,3.04,3.11,3300
WCC,16-Sep-2026,338.99,342.365,330.72,335.32,538400
WCN,16-Sep-2026,159.13,160.53,156.05,156.5,996500
WD,16-Sep-2026,40.03,40.87,38.36,39.27,724100
WDH,16-Sep-2026,1.04,1.06,1.02,1.03,542000
WDI,16-Sep-2026,12.15,12.31,12.12,12.24,445900
WDS,16-Sep-2026,23.78,23.78,23.05,23.07,693700
WEA,16-Sep-2026,10.13,10.18,10.056,10.11,55200
WEAV,16-Sep-2026,7.32,7.34,7.32,7.32,2466000
WEC,16-Sep-2026,104.21,104.46,102.86,103.38,2667800
WELL,16-Sep-2026,232.76,236.78,231.31,234.5,2136000
WEN.U,16-Sep-2026,10.09,10.09,10.09,10.09,1800
WES,16-Sep-2026,47.32,47.82,46.52,46.9,684900
WEX,16-Sep-2026,198.75,200.22,194.49,197.17,569000
WF,16-Sep-2026,79.46,79.7,77.36,78.26,117900
WFC,16-Sep-2026,89.72,89.72,86.095,87.05,13555600
WFC-A,16-Sep-2026,16.97,17.29,16.93,17.15,171800
WFC-C,16-Sep-2026,15.82,16.065,15.71,15.9,166200
WFC-D,16-Sep-2026,15.37,15.69,15.33,15.55,176000
WFC-L,16-Sep-2026,1116,1117.49,1100,1109.9,8400
WFC-Y,16-Sep-2026,20.57,21.1,20.57,20.68,138000
WFC-Z,16-Sep-2026,17.24,17.57,17.1,17.42,435400
WFCpA,16-Sep-2026,16.97,17.29,16.93,17.15,171897
WFCpC,16-Sep-2026,15.82,16.065,15.71,15.9,166288
WFCpD,16-Sep-2026,15.37,15.69,15.33,15.55,176063
WFCpL,16-Sep-2026,1116,1117.49,1100,1109.9,6432
WFCpY,16-Sep-2026,20.57,21.1,20.57,20.68,138014
WFCpZ,16-Sep-2026,17.24,17.57,17.1,17.42,435434
WFG,16-Sep-2026,71.58,73.63,71.58,72.75,381900
WGO,16-Sep-2026,27.5,27.85,26.95,27.12,674000
WH,16-Sep-2026,67.7,70.08,67.51,68.17,1461200
WHD,16-Sep-2026,69.47,69.47,66.63,67.2,661100
WHG,16-Sep-2026,18.53,18.71,18.5,18.55,14000
WHK,16-Sep-2026,28.61,28.61,27.16,27.32,249100
WHR,16-Sep-2026,33.58,33.79,32.26,32.42,3033300
WHR-A,16-Sep-2026,30.15,30.309,29.34,29.39,184400
WIA,16-Sep-2026,7.82,7.8999,7.8101,7.84,71400
WINN,16-Sep-2026,33.25,33.41,32.9424,33.07,154300
WIT,16-Sep-2026,1.72,1.72,1.68,1.68,6291500
WIW,16-Sep-2026,8.24,8.29,8.17,8.22,411600
WK,16-Sep-2026,74.56,76.01,72.49,72.73,1125000
WKC,16-Sep-2026,35.39,35.7,34.85,35.47,1339800
WLK,16-Sep-2026,69.81,71.63,69.3856,70.66,537400
WLKP,16-Sep-2026,21.3,21.695,21.25,21.28,22500
WLTG,16-Sep-2026,38.13,38.1401,37.8372,37.86,5400
WLY,16-Sep-2026,48.93,49.99,48.455,49.54,618600
WLYB,16-Sep-2026,48.74,48.74,48.74,48.74,800
WM,16-Sep-2026,216.59,218.77,213.7,214,1763500
WMB,16-Sep-2026,71.64,71.98,69.85,70.9,9240900
WMK,16-Sep-2026,71.83,73.485,71.83,72.99,189500
WMS,16-Sep-2026,127.67,128.7099,124.81,126.84,864500
WNC,16-Sep-2026,12.51,12.535,11.41,11.83,624600
WOLF,16-Sep-2026,24.69,24.77,23.07,23.67,1587900
WOR,16-Sep-2026,55.45,60.26,55.45,58.84,830200
WPAC,16-Sep-2026,10.06,10.08,10.05,10.06,89500
WPC,16-Sep-2026,68.44,68.83,66.24,66.59,1768800
WPM,16-Sep-2026,151.95,153.215,144.06,146.73,1480500
WPP,16-Sep-2026,25.65,25.76,25.26,25.37,165300
WRB,16-Sep-2026,70.81,71.2,69.775,69.95,4701400
WRB-E,16-Sep-2026,20.04,20.2215,20.02,20.08,11700
WRB-F,16-Sep-2026,17.5,17.8,17.28,17.7,101100
WRB-G,16-Sep-2026,15.715,15.95,15.715,15.7275,1800
WRB-H,16-Sep-2026,15.07,15.208,15.06,15.071,10800
WRBY,16-Sep-2026,24.58,24.79,23.44,23.55,3468300
WRBpE,16-Sep-2026,20.04,20.2215,20.02,20.08,11733
WRBpF,16-Sep-2026,17.5,17.8,17.28,17.7,101150
WRBpG,16-Sep-2026,15.715,15.95,15.715,15.7275,1816
WRBpH,16-Sep-2026,15.07,15.208,15.06,15.071,10839
WS,16-Sep-2026,32.87,33.72,32.57,33.33,271500
WSM,16-Sep-2026,220.56,224.67,216.68,218.2,1302500
WSO,16-Sep-2026,304.83,310.79,301.95,304.2,443200
WST,16-Sep-2026,363.11,367.33,361.0616,362.01,621000
WT,16-Sep-2026,22.35,22.52,21.595,22.26,6355300
WTI,16-Sep-2026,4.06,4.06,3.85,3.89,3999500
WTM,16-Sep-2026,2041.02,2074.41,2040.01,2062.37,33000
WTRG,16-Sep-2026,41.66,41.77,41.19,41.37,1794300
WTS,16-Sep-2026,352.73,355.935,345.72,348.78,218500
WTTR,16-Sep-2026,20.63,20.8,19.74,20.31,2056900
WU,16-Sep-2026,6.65,6.65,6.49,6.54,9634100
WWW,16-Sep-2026,18.91,19.775,18.91,19.29,916100
WY,16-Sep-2026,22.33,22.44,21.71,21.81,13130800
XFLT,16-Sep-2026,19.14,19.29,19.1001,19.19,60900
XHR,16-Sep-2026,17.54,17.735,17.13,17.54,859900
XIFR,16-Sep-2026,11.06,11.13,10.98,11.06,612000
XOM,16-Sep-2026,167.23,167.495,162.56,163.32,13445500
XPER,16-Sep-2026,5.61,5.62,5.51,5.52,411800
XPEV,16-Sep-2026,10.29,10.55,10.26,10.34,4598300
XPO,16-Sep-2026,174.87,176.7376,171.59,174.41,1438500
XPOF,16-Sep-2026,3.79,3.86,3.62,3.77,1195800
XPRO,16-Sep-2026,17.38,17.385,16.01,16.44,1084600
XRN,16-Sep-2026,36.11,36.43,35.375,35.63,104600
XRN-A,16-Sep-2026,25.01,25.01,24.98,24.98,1200
XRN-B,16-Sep-2026,25.07,26.4,25.07,25.64,95700
XTND,16-Sep-2026,4.51,5.12,4.32,4.73,2203900
XXI,16-Sep-2026,5.32,5.375,5.2,5.32,1249300
XYF,16-Sep-2026,5.01,5.08,4.78,4.78,87400
XYL,16-Sep-2026,108.54,109.84,106.3,107.27,2955100
XYZ,16-Sep-2026,78.46,78.485,75.78,76.63,4197400
XZO,16-Sep-2026,16.56,17,16.04,16.42,344900
YALA,16-Sep-2026,5.39,5.54,5.39,5.46,328700
YCY,16-Sep-2026,10.23,10.23,10.23,10.23,100
YELP,16-Sep-2026,20.92,21.16,20.705,20.76,895300
YETI,16-Sep-2026,39.8,41.305,39.72,40.55,2025000
YEXT,16-Sep-2026,6.29,6.5051,6.27,6.39,975200
YMM,16-Sep-2026,8.06,8.115,8.01,8.07,4812700
YOU,16-Sep-2026,39.94,40.975,39.37,40.67,3116300
YPF,16-Sep-2026,56.64,56.93,54.275,54.65,1093100
YRD,16-Sep-2026,0.99,1.03,0.97,0.98,15200
YSG,16-Sep-2026,2.63,2.65,2.55,2.61,58800
YSS,16-Sep-2026,7.86,8.42,7.797,8.23,4239100
YUM,16-Sep-2026,141.15,141.35,137.78,137.96,2357700
YUMC,16-Sep-2026,41.8,42,41.33,41.36,1125100
ZBH,16-Sep-2026,97.75,98.41,96.39,96.78,1890400
ZEPP,16-Sep-2026,4.37,4.4,4.23,4.26,21500
ZETA,16-Sep-2026,30.53,31.44,30.37,30.85,4534900
ZGN,16-Sep-2026,11.75,11.97,11.67,11.8,1124100
ZH,16-Sep-2026,2.99,3.08,2.99,3.03,480000
ZIM,16-Sep-2026,29.57,29.57,29.2005,29.33,741900
ZIP,16-Sep-2026,3.84,3.9,3.775,3.83,535400
ZKH,16-Sep-2026,2.85,2.935,2.84,2.9,385200
ZTO,16-Sep-2026,20.39,20.46,20.18,20.21,2153900
ZTR,16-Sep-2026,6.28,6.3391,6.23,6.32,162300
ZTS,16-Sep-2026,73.47,73.9,72.92,73,4590800
ZVIA,16-Sep-2026,1.28,1.35,1.28,1.33,238300
ZWS,16-Sep-2026,46.4,46.73,45.67,45.89,800100
