Symbol,Date,Open,High,Low,Close,Volume
A,01-Jul-2026,132.99,135.71,131.88,133.39,2575400
AA,01-Jul-2026,48.85,48.96,46.01,47.48,17032000
AAC.U,01-Jul-2026,10.03,10.09,10.03,10.06,2864100
AADX,01-Jul-2026,22.54,24.24,21.8,23.85,2263700
AAMI,01-Jul-2026,71.33,74.19,70.985,71.98,473900
AAP,01-Jul-2026,63.15,63.2,61.83,63.02,1126900
AAT,01-Jul-2026,24.49,25.34,24.49,25.22,266400
AAUC,01-Jul-2026,23.81,24.48,23.425,23.71,88800
AB,01-Jul-2026,35.25,36.36,35.25,35.96,284900
ABBV,01-Jul-2026,250.75,251.8,247.56,251.06,6987900
ABCB,01-Jul-2026,89.08,92.31,89.08,91.65,670400
ABEV,01-Jul-2026,3.1,3.13,3.09,3.11,19583800
ABG,01-Jul-2026,199.61,202.94,198.01,198.02,199600
ABM,01-Jul-2026,44.51,45.23,44.4,44.54,521200
ABR,01-Jul-2026,5.35,5.48,5.2819,5.36,10625300
ABR-D,01-Jul-2026,15.9,16.0864,15.9,15.96,13500
ABR-E,01-Jul-2026,15.97,15.97,15.85,15.85,6600
ABR-F,01-Jul-2026,22.35,22.89,22.35,22.67,16700
ABRpD,01-Jul-2026,15.9,16.0864,15.9,15.99,11868
ABRpE,01-Jul-2026,15.97,15.97,15.85,15.895,5419
ABRpF,01-Jul-2026,22.35,22.89,22.35,22.67,13921
ABT,01-Jul-2026,92.25,94,91.77,92.18,13935800
ABX,01-Jul-2026,10.48,11.84,10.34,11.68,1044300
ABXL,01-Jul-2026,25.44,25.48,25.41,25.48,3200
ACA,01-Jul-2026,144.88,146,144.66,144.66,824000
ACCO,01-Jul-2026,4.2,4.355,4.175,4.35,1028200
ACEL,01-Jul-2026,12.66,12.83,12.66,12.77,256100
ACH,01-Jul-2026,3.43,3.595,3.35,3.58,641600
ACH.W,01-Jul-2026,0.12,0.1312,0.11,0.117,64000
ACHR,01-Jul-2026,4.79,5.075,4.76,4.92,41806100
ACHR.WS,01-Jul-2026,0.12,0.1312,0.11,0.1168,62863
ACI,01-Jul-2026,13.55,13.81,13.405,13.81,7207400
ACLO,01-Jul-2026,50.3,50.33,50.28,50.315,1900
ACM,01-Jul-2026,69.4,70.28,66.8,66.86,1529400
ACN,01-Jul-2026,126.2,133.81,126.05,131.13,14977600
ACP,01-Jul-2026,5.24,5.29,5.225,5.25,368500
ACP-A,01-Jul-2026,19.74,19.75,19.735,19.75,2900
ACPpA,01-Jul-2026,19.735,19.75,19.735,19.75,2364
ACR,01-Jul-2026,17.92,18.19,17.92,18.09,25500
ACR-C,01-Jul-2026,24.8,25.2,24.795,24.87,22500
ACR-D,01-Jul-2026,21.51,21.72,21.51,21.59,8000
ACRE,01-Jul-2026,4.5,4.67,4.5,4.53,494000
ACRpC,01-Jul-2026,24.8,25.2,24.795,24.92,20696
ACRpD,01-Jul-2026,21.65,21.72,21.51,21.6199,7325
ACV,01-Jul-2026,28.45,28.5,28.01,28.23,14900
ACVA,01-Jul-2026,7.33,7.43,7.2,7.29,2375300
AD,01-Jul-2026,36.23,37.36,36.23,36.51,519900
ADC,01-Jul-2026,76.11,76.72,75.9875,76.28,1366700
ADC-A,01-Jul-2026,17.04,17.14,17.03,17.03,14000
ADCpA,01-Jul-2026,17.15,17.15,17.03,17.03,12183
ADCT,01-Jul-2026,1.05,1.18,1.04,1.14,1749500
ADM,01-Jul-2026,76.29,76.84,75.28,76.61,2792500
ADNT,01-Jul-2026,18.1,18.5,17.68,18.14,1300800
ADT,01-Jul-2026,6.474,6.85,6.474,6.72,11411100
ADX,01-Jul-2026,25.46,25.7,25.2808,25.62,193200
AEE,01-Jul-2026,113.28,113.42,111.98,112.19,3000300
AEFC,01-Jul-2026,18.8,18.925,18.75,18.84,52100
AEG,01-Jul-2026,8.48,8.64,8.48,8.56,5652900
AEM,01-Jul-2026,154.31,160.55,154.19,154.85,1658700
AEO,01-Jul-2026,17.07,17.345,16.86,17.29,3467300
AER,01-Jul-2026,144.99,145.815,141.92,141.92,1499000
AERO,01-Jul-2026,17.97,17.98,17.115,17.61,1788100
AES,01-Jul-2026,14.64,14.69,14.63,14.64,8637200
AESI,01-Jul-2026,16.5,16.8,15.58,15.62,4028100
AEXA,01-Jul-2026,11.89,11.89,11.7703,11.82,141700
AFB,01-Jul-2026,11.45,11.5,11.43,11.5,154000
AFG,01-Jul-2026,140.01,142.385,140,140.72,423300
AFGB,01-Jul-2026,20.15,20.36,20.15,20.32,10600
AFGC,01-Jul-2026,17.75,18.08,17.675,17.9,6000
AFGD,01-Jul-2026,19.45,19.58,19.3301,19.58,13200
AFGE,01-Jul-2026,15.9,16.17,15.9,15.94,4800
AFL,01-Jul-2026,117.98,119.705,117.48,118.49,1942300
AG,01-Jul-2026,16.73,17.9299,16.7,17.04,8042300
AGBK,01-Jul-2026,7.08,7.385,7.055,7.19,381500
AGCO,01-Jul-2026,118.76,118.76,115.94,116.54,729300
AGD,01-Jul-2026,12.11,12.13,12,12.03,74800
AGI,01-Jul-2026,30.34,31.82,30.23,30.31,3057000
AGL,01-Jul-2026,109.31,115.19,108.45,111.74,311900
AGM,01-Jul-2026,200.33,203.41,198.89,203.11,116300
AGM-D,01-Jul-2026,21.02,21.3,20.56,21.11,13400
AGM-E,01-Jul-2026,21.05,21.06,20.52,20.66,1700
AGM-F,01-Jul-2026,18.85,18.85,18.64,18.75,15000
AGM-G,01-Jul-2026,17.55,17.55,17.31,17.43,8000
AGM-H,01-Jul-2026,23.48,23.54,23.12,23.41,14700
AGM-I,01-Jul-2026,23.67,23.75,23.61,23.75,14600
AGMpD,01-Jul-2026,21.02,21.3,20.56,21.3,12583
AGMpE,01-Jul-2026,21.05,21.06,20.52,20.66,1523
AGMpF,01-Jul-2026,18.85,18.85,18.64,18.75,14413
AGMpG,01-Jul-2026,17.55,17.55,17.31,17.43,6949
AGMpH,01-Jul-2026,23.48,23.54,23.12,23.41,14181
AGO,01-Jul-2026,80.62,81.66,80.54,81.39,304500
AGRO,01-Jul-2026,9.32,9.65,9.29,9.48,472300
AGX,01-Jul-2026,781.19,781.19,751,764.56,263400
AHL-D,01-Jul-2026,18.66,18.91,18.66,18.8,21400
AHL-E,01-Jul-2026,18.47,18.78,18.47,18.7017,17800
AHL-F,01-Jul-2026,23.6579,23.6579,23.395,23.5,4000
AHLpD,01-Jul-2026,18.66,18.91,18.66,18.76,19611
AHLpE,01-Jul-2026,18.47,18.78,18.47,18.7017,16078
AHLpF,01-Jul-2026,23.6579,23.6579,23.395,23.5,2806
AHR,01-Jul-2026,52.25,54.08,52.025,53.65,4744600
AHR-A,01-Jul-2026,21.48,21.6216,21.47,21.48,2000
AHRT,01-Jul-2026,7.05,7.1,6.985,6.99,860200
AHT,01-Jul-2026,3.24,3.26,3.2,3.25,11700
AHT-D,01-Jul-2026,6.03,6.11,5.7501,6.11,1500
AHT-F,01-Jul-2026,6.58,6.58,6.58,6.58,100
AHT-G,01-Jul-2026,5.31,5.3368,5.11,5.3368,3700
AHT-H,01-Jul-2026,5.4,5.4853,5.25,5.385,2800
AHT-I,01-Jul-2026,5.4,5.4,5.2,5.21,2000
AHTpD,01-Jul-2026,6.03,6.11,5.7501,6.11,803
AHTpF,01-Jul-2026,6.58,6.58,6.58,6.58,100
AHTpG,01-Jul-2026,5.31,5.3368,5.11,5.3368,2463
AHTpH,01-Jul-2026,5.4,5.4853,5.25,5.385,1639
AHTpI,01-Jul-2026,5.4,5.4,5.2,5.21,1855
AI,01-Jul-2026,9.22,9.66,9.215,9.43,5309600
AIG,01-Jul-2026,75.14,77.02,75.14,76.59,6967200
AII,01-Jul-2026,19,19.56,18.7801,19.03,102200
AIIA,01-Jul-2026,10.25,10.25,10.25,10.25,100
AIN,01-Jul-2026,75.03,76.32,73.85,74.42,185600
AIO,01-Jul-2026,27.95,28.03,27.5506,27.66,78700
AIR,01-Jul-2026,143.04,146.7499,141.8,142.76,417400
AIT,01-Jul-2026,340.24,340.24,331.93,332.08,198500
AIV,01-Jul-2026,2.97,2.995,2.95,2.97,1592500
AIZ,01-Jul-2026,269.43,276.06,269.43,274.14,300000
AIZN,01-Jul-2026,18.8,18.96,18.5201,18.8,21000
AJG,01-Jul-2026,230.81,244.08,229.63,239.67,3061500
AKA,01-Jul-2026,10.855,11.25,10.855,11.2,1900
AKAF,01-Jul-2026,31.471,31.471,31.471,31.471,100
AKO.B,01-Jul-2026,29.25,30.43,29,30.43,6000
AKR,01-Jul-2026,21.03,21.14,20.79,21.05,1870400
ALB,01-Jul-2026,133.63,139.25,133.625,136.08,2413400
ALB-A,01-Jul-2026,55.63,56.79,55.04,56.25,105200
ALBpA,01-Jul-2026,55.63,56.79,55.04,56.01,69495
ALC,01-Jul-2026,66.85,67.03,66.07,66.82,2800900
ALG,01-Jul-2026,164.59,167.45,160.9502,166.3,157600
ALH,01-Jul-2026,26.42,26.66,25.9301,26.09,826400
ALIT,01-Jul-2026,11.41,14.7499,11.31,13.73,1754500
ALK,01-Jul-2026,52.81,53.36,51.21,51.25,2531400
ALL,01-Jul-2026,237.66,243.75,236.5,243.12,1670200
ALL-B,01-Jul-2026,25.45,25.5,25.37,25.5,57000
ALL-H,01-Jul-2026,19.91,20.02,19.8505,19.98,76200
ALL-I,01-Jul-2026,18.54,18.73,18.5301,18.61,24100
ALL-J,01-Jul-2026,25.95,26.0699,25.95,26,21200
ALLE,01-Jul-2026,139.61,142.01,138.41,139.93,1079100
ALLpB,01-Jul-2026,25.5,25.54,25.37,25.4661,54335
ALLpH,01-Jul-2026,19.91,20.02,19.8505,19.99,70137
ALLpI,01-Jul-2026,18.54,18.73,18.5301,18.61,22524
ALLpJ,01-Jul-2026,25.95,26.0699,25.95,26.02,16672
ALLY,01-Jul-2026,46.11,46.55,45.6,46.08,3015700
ALSN,01-Jul-2026,119.55,121.465,117.44,117.46,3367600
ALT-A,01-Jul-2026,25.09,25.3499,25.09,25.2,1000
ALTG,01-Jul-2026,6.49,6.49,6.07,6.08,225000
ALTGpA,01-Jul-2026,25.09,25.3499,25.09,25.2,1044
ALU.V,01-Jul-2026,0.43,0.47,0.4001,0.401,28300
ALUB,01-Jul-2026,10.06,10.06,10.06,10.06,73000
ALV,01-Jul-2026,115.58,115.58,113.29,113.34,553800
ALX,01-Jul-2026,273.29,279.6,273.29,278.01,25000
AM,01-Jul-2026,22.77,22.8299,22.36,22.43,2771100
AMBP,01-Jul-2026,4.71,4.72,4.635,4.69,2131100
AMBQ,01-Jul-2026,85.46,90.39,84,88.4,760900
AMC,01-Jul-2026,1.89,1.95,1.81,1.93,33570700
AMCR,01-Jul-2026,43.35,44.29,43.13,43.64,3364900
AME,01-Jul-2026,241.32,243.63,237.015,237.13,994000
AMG,01-Jul-2026,338.5,348.5,336.76,336.91,303900
AMH,01-Jul-2026,33.52,34.07,33.5,33.72,2088000
AMH-G,01-Jul-2026,22.71,22.84,22.68,22.84,800
AMH-H,01-Jul-2026,23.5,23.65,23.385,23.52,7400
AMHpG,01-Jul-2026,22.71,22.84,22.68,22.84,675
AMHpH,01-Jul-2026,23.5,23.65,23.385,23.52,6375
AMN,01-Jul-2026,32.5,33.72,32.35,33.24,622300
AMP,01-Jul-2026,460,480.81,457.3925,479.68,657300
AMP.V,01-Jul-2026,5.94,5.94,5.31,5.6815,6900
AMPX,01-Jul-2026,13.53,14.11,13.13,13.59,7288900
AMPX.WS,01-Jul-2026,5.94,5.94,5.31,5.6815,5142
AMPY,01-Jul-2026,3.97,4.05,3.95,3.96,599100
AMR,01-Jul-2026,164.85,170,157.16,157.4,255400
AMRC,01-Jul-2026,27.1,27.91,25.95,26.53,498700
AMRZ,01-Jul-2026,52.35,53.245,52.14,52.73,1882400
AMT,01-Jul-2026,163.53,168.145,162.27,166.08,4626500
AMTB,01-Jul-2026,25.69,26.21,25.635,26.16,279700
AMTD,01-Jul-2026,1.02,1.02,0.9503,0.9623,8300
AMTM,01-Jul-2026,20.87,21.27,20.19,20.2,2337200
AMWL,01-Jul-2026,9.22,9.665,9.01,9.37,95600
AMX,01-Jul-2026,25.67,25.84,25.4,25.61,1424200
AN,01-Jul-2026,184.22,187.17,183.67,184.33,352500
ANDG,01-Jul-2026,38.12,39.5,36.355,36.88,940300
ANET,01-Jul-2026,165.55,170.5,159.2,166.62,9098100
ANF,01-Jul-2026,90.32,92.65,89.58,92.32,1023000
ANG-D,01-Jul-2026,23.55,23.69,23.51,23.63,33500
ANGpD,01-Jul-2026,23.55,23.69,23.51,23.61,31658
ANGX,01-Jul-2026,3.65,3.66,3.42,3.54,1361400
ANRO,01-Jul-2026,26.45,26.975,24.9,24.94,378200
ANVS,01-Jul-2026,1.88,1.96,1.8672,1.92,716300
AOD,01-Jul-2026,10.25,10.375,10.25,10.26,311200
AOMD,01-Jul-2026,25,25.25,25,25.1001,2400
AOMN,01-Jul-2026,25.42,25.57,25.315,25.4099,5600
AOMR,01-Jul-2026,9.11,9.15,9.01,9.03,98400
AON,01-Jul-2026,327.83,347.27,327.83,343.56,1913700
AORT,01-Jul-2026,23.08,23.79,22.74,23.55,854100
AOS,01-Jul-2026,62.46,63.01,61.75,62.14,1502400
AP,01-Jul-2026,8.54,8.54,7.99,8.27,201900
APAM,01-Jul-2026,34.58,34.88,33.96,33.97,1191500
APD,01-Jul-2026,291.36,307.76,285.91,306.4,2692500
APG,01-Jul-2026,41.76,42.14,40.941,41.78,4015500
APH,01-Jul-2026,174.14,174.14,167.53,172.22,8011400
APLE,01-Jul-2026,16.78,16.86,16.44,16.48,3526700
APO,01-Jul-2026,118.31,121.63,116.68,118.44,9006300
APO-A,01-Jul-2026,61.13,62.15,60.11,60.68,24300
APOpA,01-Jul-2026,61.13,62.15,60.11,60.68,21070
APOS,01-Jul-2026,25.47,25.64,25.47,25.55,213700
APTV,01-Jul-2026,60.54,62.97,60.19,60.28,3158700
AQN,01-Jul-2026,5.86,5.86,5.45,5.45,5693700
AQNB,01-Jul-2026,25.51,25.55,25.49,25.5,11800
AR,01-Jul-2026,35.43,35.61,34.75,34.91,4486500
ARCO,01-Jul-2026,8.08,8.23,8,8.04,1321900
ARDC,01-Jul-2026,12.67,12.77,12.64,12.73,55700
ARDT,01-Jul-2026,9.89,10.3899,9.89,10.13,625300
ARE,01-Jul-2026,52.8,54.12,52.23,53.01,1616500
ARE-B,01-Jul-2026,37.73,38.04,36.855,37.48,434400
ARES,01-Jul-2026,112.35,115.36,111.16,113.63,2432600
ARESpB,01-Jul-2026,37.73,38.04,36.855,37.47,18548
ARI,01-Jul-2026,10.65,10.73,10.525,10.54,3375000
ARIS,01-Jul-2026,14.75,15.53,14.61,14.62,979200
ARL,01-Jul-2026,22.5,22.5,20.9401,21.43,13400
ARLO,01-Jul-2026,13.63,14.01,13.52,13.55,1343000
ARMK,01-Jul-2026,56.77,57.13,55.99,56.1,2664300
AROC,01-Jul-2026,40.69,40.69,38.7,38.76,1758300
ARR,01-Jul-2026,17.35,17.47,17.22,17.25,3409200
ARR-C,01-Jul-2026,20.76,20.88,20.62,20.88,11900
ARRpC,01-Jul-2026,20.76,20.88,20.62,20.88,8381
ARW,01-Jul-2026,213,214.9899,207.86,209.61,694300
ARX,01-Jul-2026,11.91,13.04,11.91,12.84,1694000
AS,01-Jul-2026,33.48,34.29,33.165,34.11,4632900
ASA,01-Jul-2026,51.6,54.22,51.44,52.37,111200
ASAN,01-Jul-2026,7.2,7.585,7.2,7.31,6012400
ASB,01-Jul-2026,30.91,31.355,30.59,31.22,2828500
ASB-E,01-Jul-2026,20.17,20.3599,20.1001,20.1001,4500
ASB-F,01-Jul-2026,19.39,19.3901,19.39,19.39,1000
ASBA,01-Jul-2026,24.34,24.5,24.28,24.48,38800
ASBpE,01-Jul-2026,20.17,20.3599,20.1001,20.1001,4201
ASBpF,01-Jul-2026,19.39,19.3901,19.39,19.39,702
ASC,01-Jul-2026,13.81,14.38,13.81,14.25,775300
ASG,01-Jul-2026,5.48,5.51,5.44,5.47,223900
ASGI,01-Jul-2026,23.3,23.3571,22.975,23.08,162900
ASH,01-Jul-2026,65.72,67.16,65.225,66.69,679400
ASIC,01-Jul-2026,24.26,24.835,24.165,24.37,73600
ASIX,01-Jul-2026,19.65,20.41,19.45,19.85,189300
ASPN,01-Jul-2026,6.39,6.39,5.89,5.93,1187200
ASR,01-Jul-2026,306.03,309.62,302.45,309,36600
ASX,01-Jul-2026,44.6,44.71,42.86,42.99,17854800
ATEN,01-Jul-2026,37.5,38.39,37.09,38,1060700
ATH-A,01-Jul-2026,24.26,24.3,24.02,24.12,19500
ATH-B,01-Jul-2026,18.47,18.64,18.47,18.56,32600
ATH-D,01-Jul-2026,15.9,16,15.865,15.95,28900
ATH-E,01-Jul-2026,24.95,25.15,24.95,25.085,9700
ATHM,01-Jul-2026,19.1,19.54,18.78,19.09,763100
ATHpA,01-Jul-2026,24.26,24.3,24.02,24.12,16527
ATHpB,01-Jul-2026,18.47,18.64,18.47,18.56,30262
ATHpD,01-Jul-2026,15.9,16,15.865,15.96,23449
ATHpE,01-Jul-2026,24.95,25.15,24.95,25.085,7741
ATHS,01-Jul-2026,24.65,24.7,24.41,24.44,25400
ATI,01-Jul-2026,195.14,196.55,191.09,192.17,1260800
ATKR,01-Jul-2026,75.35,75.7999,72.34,72.43,242200
ATMU,01-Jul-2026,50.84,51.165,49.64,49.64,634300
ATO,01-Jul-2026,172.11,173.845,172,173.03,1142800
ATR,01-Jul-2026,125.12,126.8399,124.1011,125.25,405500
ATS,01-Jul-2026,28.93,28.93,28.12,28.17,62100
AU,01-Jul-2026,80.62,84.11,80.49,80.89,2206800
AUB,01-Jul-2026,42.35,43.62,42,43.19,1655200
AUB-A,01-Jul-2026,24.31,24.5583,24.261,24.34,13500
AUBpA,01-Jul-2026,24.31,24.5583,24.261,24.4,11327
AUNA,01-Jul-2026,5.18,5.32,5.12,5.14,181400
AVA,01-Jul-2026,40.97,41.27,40.51,40.54,651200
AVAL,01-Jul-2026,5.01,5.215,5.01,5.08,116200
AVB,01-Jul-2026,189.76,193.09,189.505,190.43,919800
AVBC,01-Jul-2026,21.08,21.635,21.08,21.49,59600
AVD,01-Jul-2026,2.81,2.91,2.75,2.89,320900
AVEX,01-Jul-2026,19.79,21.4,19.44,19.63,3205100
AVK,01-Jul-2026,13.07,13.1,13.02,13.05,115600
AVNS,01-Jul-2026,24.9,24.92,24.46,24.63,2115400
AVNT,01-Jul-2026,36.89,37.635,36.61,36.82,839800
AVTR,01-Jul-2026,10,10.3,9.78,10.01,10706500
AVY,01-Jul-2026,162.81,164.895,161.04,163.12,614700
AWF,01-Jul-2026,10.27,10.31,10.25,10.31,321400
AWI,01-Jul-2026,160.32,162.4299,158.13,158.15,562400
AWK,01-Jul-2026,131.6,133.43,130.99,131.79,2462100
AWP,01-Jul-2026,11.72,11.87,11.72,11.77,147100
AWR,01-Jul-2026,82.78,84.3199,82.46,83.34,416700
AX,01-Jul-2026,98,99.5799,97.39,98.94,526200
AXI-C,01-Jul-2026,10.35,10.4,10,10.01,56000
AXIA,01-Jul-2026,10.3,10.45,10.235,10.37,2076600
AXP,01-Jul-2026,341.53,350.5,337.73,348,2918000
AXR,01-Jul-2026,25.04,25.04,24.78,25.04,2500
AXS,01-Jul-2026,108.26,109.99,107.72,109.07,550400
AXS-E,01-Jul-2026,18.86,18.99,18.82,18.85,113700
AXSpE,01-Jul-2026,18.86,18.99,18.82,18.84,103360
AXTA,01-Jul-2026,34.18,34.51,33.955,34.2,1426700
AYI,01-Jul-2026,371.78,375.28,357.4,367.53,543800
AZN,01-Jul-2026,187.07,187.65,183.49,183.86,2115400
AZO,01-Jul-2026,3200,3239.135,3183.12,3218.15,446900
AZZ,01-Jul-2026,153.38,154.105,149.89,149.9,341500
B,01-Jul-2026,36.62,37.9199,36.375,36.45,6438300
BA,01-Jul-2026,217.26,220.75,216.16,218.58,4205500
BA-A,01-Jul-2026,66.92,67.94,66.89,67.63,1227800
BABA,01-Jul-2026,95.6,99.46,95.53,97.99,11888500
BAC,01-Jul-2026,57.13,58.48,56.845,58.36,35288300
BAC-B,01-Jul-2026,25,25.09,25,25.0593,45300
BAC-E,01-Jul-2026,18.8,18.9,18.67,18.7509,30300
BAC-K,01-Jul-2026,24.25,24.37,24.25,24.3,84000
BAC-L,01-Jul-2026,1237.3,1248.17,1235.57,1248.17,10200
BAC-M,01-Jul-2026,21.42,21.55,21.41,21.46,70800
BAC-N,01-Jul-2026,20.08,20.14,20.02,20.05,76600
BAC-O,01-Jul-2026,17.71,17.79,17.6501,17.7,47600
BAC-P,01-Jul-2026,16.79,16.8699,16.79,16.83,39000
BAC-Q,01-Jul-2026,17.06,17.17,17.06,17.13,75200
BAC-S,01-Jul-2026,19.13,19.205,19.11,19.17,54500
BACpB,01-Jul-2026,25,25.09,25,25.0593,41504
BACpE,01-Jul-2026,18.8,18.9,18.67,18.7509,28501
BACpK,01-Jul-2026,24.25,24.37,24.25,24.3,80963
BACpL,01-Jul-2026,1237.3,1247.5,1235.57,1247.24,7278
BACpM,01-Jul-2026,21.42,21.55,21.41,21.46,59577
BACpN,01-Jul-2026,20.08,20.14,20.02,20.09,60343
BACpO,01-Jul-2026,17.71,17.79,17.6501,17.7,38694
BACpP,01-Jul-2026,16.79,16.8699,16.79,16.83,34889
BACpQ,01-Jul-2026,17.06,17.17,17.06,17.14,69801
BACpS,01-Jul-2026,19.13,19.205,19.11,19.17,47354
BAH,01-Jul-2026,61.03,62.04,59.875,60.01,2780200
BAK,01-Jul-2026,2.46,2.55,2.35,2.35,1424700
BALL,01-Jul-2026,62.01,62.43,61.43,61.75,2170700
BALY,01-Jul-2026,13.61,14.42,13.61,14.26,45300
BAM,01-Jul-2026,44.99,45.81,44.99,45.4,1445800
BAN-F,01-Jul-2026,25.12,25.2305,25.08,25.11,45900
BANC,01-Jul-2026,20.57,20.715,20.38,20.56,2515800
BANCpF,01-Jul-2026,25.12,25.2305,25.08,25.11,40675
BAP,01-Jul-2026,386.47,399.382,384.25,387,406100
BApA,01-Jul-2026,66.92,67.94,66.89,67.62,350080
BARK,01-Jul-2026,9.97,10.85,9.9121,10.77,197400
BAX,01-Jul-2026,21.4,21.945,21.375,21.69,6497600
BB,01-Jul-2026,12.55,13.59,12.4618,12.81,40466900
BBA.W,01-Jul-2026,0.35,0.38,0.35,0.365,21700
BBAI,01-Jul-2026,3.64,3.78,3.61,3.64,23041200
BBAI.WS,01-Jul-2026,0.35,0.38,0.35,0.365,20810
BBAR,01-Jul-2026,19.7,19.97,18.98,19.35,616200
BBB.W,01-Jul-2026,0.455,0.455,0.401,0.4483,37900
BBBY,01-Jul-2026,5.83,6.55,5.75,6.22,4786100
BBD,01-Jul-2026,3.41,3.49,3.41,3.48,58119100
BBDC,01-Jul-2026,8.58,8.67,8.57,8.63,456100
BBDO,01-Jul-2026,2.99,3.0845,2.91,2.95,57300
BBN,01-Jul-2026,16.14,16.152,16.07,16.1,102000
BBT,01-Jul-2026,30.45,31.04,30.45,30.86,627500
BBUC,01-Jul-2026,30.1,30.98,29.93,30.08,377100
BBVA,01-Jul-2026,24.78,25.025,24.74,24.98,795500
BBW,01-Jul-2026,30.26,30.95,30.26,30.56,403800
BBWI,01-Jul-2026,23.22,23.41,22.155,22.37,5835700
BBY,01-Jul-2026,75.31,77.285,75.09,77.23,4081800
BC,01-Jul-2026,83.43,84.3,81.55,81.58,556000
BC-C,01-Jul-2026,23.99,24.22,23.9301,24.18,13000
BCAT,01-Jul-2026,15.94,15.95,15.8,15.83,790800
BCC,01-Jul-2026,77.9,78.36,75.42,75.48,316300
BCE,01-Jul-2026,21.3,21.42,21,21.02,2611500
BCEM,01-Jul-2026,27.26,27.32,27.005,27.005,6200
BCGD,01-Jul-2026,26.45,26.4691,26.4499,26.4691,400
BCH,01-Jul-2026,39.35,39.56,38.8,38.84,275900
BCO,01-Jul-2026,95,99.6,95,99,726600
BCS,01-Jul-2026,27,27.46,26.925,27.27,3479400
BCS.U,01-Jul-2026,10.35,10.35,10.35,10.35,500
BCS.W,01-Jul-2026,0.68,0.68,0.68,0.68,8200
BCSF,01-Jul-2026,12.62,12.79,12.48,12.63,277800
BCSM,01-Jul-2026,25.3,25.38,25.27,25.27,4700
BCSS,01-Jul-2026,10.255,10.255,10.24,10.25,27200
BCSS.U,01-Jul-2026,10.35,10.35,10.35,10.35,100
BCX,01-Jul-2026,11.33,11.39,11.21,11.26,198800
BDC,01-Jul-2026,119.08,120.29,116.13,116.86,554200
BDJ,01-Jul-2026,9.56,9.6,9.53,9.57,500100
BDN,01-Jul-2026,3.17,3.23,3.14,3.21,1229000
BDX,01-Jul-2026,151.76,154.04,151.56,152.9,2131600
BE,01-Jul-2026,290.63,320,286.25,289.5,16354800
BEB.W,01-Jul-2026,0.4,0.4,0.3001,0.4,41300
BEBE,01-Jul-2026,9.97,9.98,9.97,9.98,45000
BEKE,01-Jul-2026,14.6,15.115,14.6,15.05,4952700
BEN,01-Jul-2026,33.96,34.52,33.27,34.06,4544200
BEP,01-Jul-2026,34.89,35,34.27,34.37,221400
BEP-A,01-Jul-2026,16.32,16.9899,16.32,16.55,22500
BEPC,01-Jul-2026,36.85,37.3899,36.68,36.75,829300
BEPH,01-Jul-2026,14.5,14.6399,14.45,14.52,61400
BEPI,01-Jul-2026,15.16,15.3,15.13,15.13,24500
BEPJ,01-Jul-2026,25.15,25.4,25.08,25.08,3800
BEPpA,01-Jul-2026,16.32,16.9899,16.32,16.55,20226
BETA,01-Jul-2026,16.8,17.73,16.5333,17.38,1402100
BF.A,01-Jul-2026,27.62,27.71,26.015,26.52,343800
BF.B,01-Jul-2026,26.47,26.945,25.575,25.83,2912100
BFAM,01-Jul-2026,71.98,74.39,71.98,73.03,969900
BFH,01-Jul-2026,108.4,108.625,105.35,105.37,523000
BFH-A,01-Jul-2026,24.88,25.09,24.88,25,18100
BFH-B,01-Jul-2026,25.05,25.14,25.05,25.1,7900
BFLY,01-Jul-2026,8.45,8.4537,7.77,7.93,9075300
BFS,01-Jul-2026,37.22,37.71,37.09,37.45,80500
BFS-D,01-Jul-2026,20.83,20.83,20.69,20.72,2400
BFS-E,01-Jul-2026,21.48,22.05,21.35,21.69,6500
BFSpD,01-Jul-2026,20.83,20.83,20.69,20.72,2380
BFSpE,01-Jul-2026,21.48,22.05,21.35,21.69,6086
BG,01-Jul-2026,106.38,106.87,104.12,104.89,2297400
BGB,01-Jul-2026,11.28,11.32,11.28,11.32,162300
BGH,01-Jul-2026,14.12,14.2,14.08,14.13,107300
BGR,01-Jul-2026,14.92,14.9799,14.665,14.73,83100
BGS,01-Jul-2026,3.98,4.135,3.98,4.07,1797900
BGSF,01-Jul-2026,5.7,5.9,5.7,5.84,3700
BGSI,01-Jul-2026,94.17,98.215,94.17,95.81,34600
BGT,01-Jul-2026,10.66,10.68,10.62,10.64,92600
BGX,01-Jul-2026,10.9,10.9,10.85,10.88,48000
BGY,01-Jul-2026,5.73,5.75,5.69,5.71,259900
BH,01-Jul-2026,423.25,436.42,416.28,420.65,42500
BH.A,01-Jul-2026,2126,2188,2073.185,2133.53,20400
BHC,01-Jul-2026,4.85,4.95,4.76,4.77,2451400
BHE,01-Jul-2026,96.05,96.72,93.795,95.01,415900
BHK,01-Jul-2026,9.13,9.14,9.09,9.1,273700
BHP,01-Jul-2026,81.19,83.19,81.05,82.22,2440800
BHR,01-Jul-2026,2.13,2.205,2.065,2.16,1061200
BHR-B,01-Jul-2026,13.91,13.91,13.65,13.7,13500
BHR-D,01-Jul-2026,17.38,17.43,17.1801,17.25,4800
BHRpB,01-Jul-2026,14.04,14.04,13.65,13.7,11894
BHRpD,01-Jul-2026,17.38,17.43,17.1801,17.25,4800
BHV,01-Jul-2026,12.75,12.75,12.695,12.72,12300
BHVN,01-Jul-2026,14.95,15.8,14.59,15.76,4743800
BIII,01-Jul-2026,9.97,9.97,9.97,9.97,24300
BILL,01-Jul-2026,37,39.57,36.89,38.78,3752600
BIO,01-Jul-2026,293.11,299.54,293.06,297.09,204200
BIP,01-Jul-2026,36.8,36.85,35.91,36,436800
BIP-A,01-Jul-2026,16.44,16.8374,16.44,16.77,7800
BIP-B,01-Jul-2026,15.81,16.1574,15.81,16.1574,25100
BIPC,01-Jul-2026,38.75,39.005,38.21,38.21,591900
BIPH,01-Jul-2026,15.52,15.95,15.52,15.64,31700
BIPI,01-Jul-2026,16.02,16.1599,16.02,16.06,29200
BIPJ,01-Jul-2026,25.07,25.17,24.975,25.06,5100
BIPpA,01-Jul-2026,16.44,16.8374,16.44,16.77,7572
BIPpB,01-Jul-2026,15.81,16.1574,15.81,16.1574,21492
BIRK,01-Jul-2026,43.33,44.34,42.68,44.03,1427500
BIT,01-Jul-2026,12.48,12.52,12.4501,12.48,295700
BJ,01-Jul-2026,87.29,87.49,85.03,86.56,2378500
BKD,01-Jul-2026,16.07,16.16,15.635,15.82,3189400
BKE,01-Jul-2026,42.25,42.87,41.97,41.97,498300
BKH,01-Jul-2026,74.54,74.9,73.58,73.64,601700
BKK.W,01-Jul-2026,0.055,0.055,0.055,0.055,100
BKKT,01-Jul-2026,7.86,8.84,7.82,8.42,1653200
BKKT.WS,01-Jul-2026,0.055,0.055,0.055,0.055,100
BKS.W,01-Jul-2026,0.0402,0.0649,0.0361,0.0405,69700
BKSY,01-Jul-2026,28.02,30.46,27.8,28.74,1555000
BKSY.WS,01-Jul-2026,0.0402,0.0649,0.0361,0.0405,67913
BKT,01-Jul-2026,10.7,10.715,10.62,10.64,76900
BKU,01-Jul-2026,48.3,49.04,48.03,48.62,1247800
BKV,01-Jul-2026,27.24,27.38,26.59,27.2,817300
BLCO,01-Jul-2026,16.67,16.99,16.55,16.55,493200
BLDR,01-Jul-2026,88.22,89.57,84.62,84.77,2276200
BLK,01-Jul-2026,960.42,986.57,957.11,980.38,969300
BLND,01-Jul-2026,1.7,1.87,1.7,1.81,2188900
BLSH,01-Jul-2026,23.87,25.4599,23.58,25.23,2031200
BLW,01-Jul-2026,12.49,12.52,12.4514,12.46,190800
BLX,01-Jul-2026,61.64,63.195,59.72,61.42,285500
BMA,01-Jul-2026,92.24,93.0175,87.63,89.69,218600
BME,01-Jul-2026,42.9,43.135,42.51,43.03,46300
BMEZ,01-Jul-2026,15.31,15.5,15.3,15.42,155100
BMI,01-Jul-2026,149.03,151.52,145.95,146.23,742100
BML-G,01-Jul-2026,18.61,18.745,18.61,18.745,700
BML-H,01-Jul-2026,18.53,18.67,18.53,18.61,36500
BML-J,01-Jul-2026,20.07,20.25,19.91,20.25,7800
BML-L,01-Jul-2026,19.12,19.31,19.065,19.16,27500
BMLpG,01-Jul-2026,18.61,18.745,18.61,18.745,560
BMLpH,01-Jul-2026,18.53,18.67,18.53,18.67,33172
BMLpJ,01-Jul-2026,20.065,20.25,19.91,20.25,7560
BMLpL,01-Jul-2026,19.12,19.31,19.065,19.185,24719
BMN,01-Jul-2026,25.68,25.84,25.67,25.72,5100
BMNP,01-Jul-2026,81.03,84.19,81.03,81.54,64100
BMNR,01-Jul-2026,13.37,14.63,13.28,14.15,40513200
BMO,01-Jul-2026,174.59,178.7,174.59,177.57,194000
BMY,01-Jul-2026,57.62,57.7,56.3,56.44,11201800
BN,01-Jul-2026,42.6,43.3,42.4858,42.77,2125700
BNED,01-Jul-2026,12.43,13.22,12.43,13.2,305400
BNH,01-Jul-2026,15.2,15.36,15.16,15.23,21400
BNJ,01-Jul-2026,14.85,14.97,14.83,14.85,62600
BNL,01-Jul-2026,20.72,20.895,20.67,20.78,2824400
BNS,01-Jul-2026,86.54,87.7758,86.16,87.35,608800
BNT,01-Jul-2026,42.58,43.36,42.55,42.78,17600
BNY,01-Jul-2026,144.75,147.45,144.19,146.02,2899200
BNY-K,01-Jul-2026,25.32,25.51,25.2,25.26,27300
BOBS,01-Jul-2026,15.81,16.535,15.43,16.19,1380700
BOC,01-Jul-2026,13.77,14.88,13.7625,14.86,291300
BOE,01-Jul-2026,12.08,12.15,12.05,12.08,124100
BOH,01-Jul-2026,81.66,83.64,81.1,82.98,338800
BOH-A,01-Jul-2026,15.51,15.6,15.46,15.48,17600
BOH-B,01-Jul-2026,26.4698,26.4698,26.33,26.36,7100
BOHpA,01-Jul-2026,15.51,15.6,15.46,15.48,14256
BOHpB,01-Jul-2026,26.4698,26.4698,26.33,26.38,5541
BOND,01-Jul-2026,91.57,91.74,91.555,91.64,751700
BOOT,01-Jul-2026,162.42,165.8,161.54,162.17,430800
BORR,01-Jul-2026,4.18,4.43,4.16,4.31,7121600
BOW,01-Jul-2026,30.2,31.21,30.2,31.2,137100
BOX,01-Jul-2026,27.13,27.93,27,27.45,2570800
BP,01-Jul-2026,36.22,36.49,36.04,36.15,9446600
BPRE,01-Jul-2026,13.08,13.14,12.93,13.01,1186600
BR,01-Jul-2026,136.24,143.72,136.24,140.93,1437200
BRBR,01-Jul-2026,12.94,13.48,12.7826,13.35,4567800
BRC,01-Jul-2026,92,92.84,91.035,91.19,216300
BRCC,01-Jul-2026,1.12,1.14,1.05,1.07,1073000
BRCE,01-Jul-2026,29.2,29.2,29.1008,29.1008,1000
BREE,01-Jul-2026,27.1,27.12,26.995,26.995,1700
BRIE,01-Jul-2026,30.05,30.05,29.81,29.86,162700
BRK.A,01-Jul-2026,751250,755910,749111,751000,100
BRK.B,01-Jul-2026,501.83,503.83,499.08,499.74,4101200
BRO,01-Jul-2026,64.8,68.155,64.52,67.36,2734500
BROL,01-Jul-2026,25.51,25.51,25.51,25.51,100
BROS,01-Jul-2026,72.76,73.665,71.83,73.31,2849300
BRSL,01-Jul-2026,11.03,11.455,11.03,11.14,2067000
BRSP,01-Jul-2026,5.45,5.49,5.42,5.47,1887300
BRT,01-Jul-2026,15.42,15.5593,15.08,15.12,41300
BRW,01-Jul-2026,6.57,6.59,6.545,6.58,167800
BRX,01-Jul-2026,31.63,31.63,31.15,31.23,3084800
BSAC,01-Jul-2026,32.71,33.155,32.525,32.57,277200
BSBR,01-Jul-2026,5.19,5.255,5.17,5.19,2129200
BSL,01-Jul-2026,12.91,13,12.91,12.97,41200
BSM,01-Jul-2026,13.86,13.98,13.655,13.68,222700
BST,01-Jul-2026,50.49,50.82,49.96,49.96,80300
BSTZ,01-Jul-2026,29.8,30.75,29.7,30.38,451300
BSX,01-Jul-2026,43.21,43.76,42.705,43.06,25515400
BTE,01-Jul-2026,4.01,4.08,3.9,3.91,11986900
BTGO,01-Jul-2026,5.12,5.43,5.1,5.13,964900
BTI,01-Jul-2026,61,61.23,60.0656,60.56,4718900
BTO,01-Jul-2026,38.97,40.655,38.525,39.83,122700
BTT,01-Jul-2026,22.76,22.99,22.69,22.83,204800
BTU,01-Jul-2026,22.88,23.52,22.1,22.2,3649800
BTX,01-Jul-2026,8.92,9.105,8.85,9.03,680100
BTZ,01-Jul-2026,10.19,10.26,10.17,10.22,244100
BUD,01-Jul-2026,81.51,81.62,79.835,80.25,3615500
BUI,01-Jul-2026,29,29.3247,28.51,28.74,60800
BUR,01-Jul-2026,4.15,4.28,4.115,4.16,1463900
BURL,01-Jul-2026,311.52,319.52,309.43,314.97,645800
BUXX,01-Jul-2026,20.2,20.21,20.19,20.19,526800
BV,01-Jul-2026,14.3,14.755,14.3,14.4,956700
BVN,01-Jul-2026,29.02,29.6,28.715,29.2,1945200
BW,01-Jul-2026,13.66,13.74,12.6212,12.74,4273300
BW-A,01-Jul-2026,22.1,22.534,21.21,21.79,91700
BWA,01-Jul-2026,65.28,66.2,64.33,64.36,2523500
BWG,01-Jul-2026,7.94,7.94,7.83,7.88,88500
BWI.W,01-Jul-2026,0.371,0.375,0.341,0.341,300
BWIV,01-Jul-2026,9.9,9.9,9.9,9.9,100
BWLP,01-Jul-2026,17.39,17.82,17.39,17.5,266900
BWMX,01-Jul-2026,18.15,18.34,17.62,17.81,68600
BWNB,01-Jul-2026,24.99,25.005,24.95,24.99,6600
BWpA,01-Jul-2026,22.1,22.534,21.21,21.79,86523
BWXT,01-Jul-2026,193.64,194.99,191.15,191.25,806900
BX,01-Jul-2026,118.08,121.01,117.95,119.55,5555800
BXC,01-Jul-2026,60.99,62.465,59.37,60.58,196700
BXDC,01-Jul-2026,21.4,21.89,21.14,21.77,821500
BXMT,01-Jul-2026,17.03,17.12,16.96,16.96,1221300
BXP,01-Jul-2026,66.05,68.465,65.86,67.76,1449600
BXSL,01-Jul-2026,23.8,24.09,23.72,23.85,1462600
BY,01-Jul-2026,37.88,38.57,37.47,38.33,410100
BYD,01-Jul-2026,88.29,89.1,87.265,87.98,807100
BZH,01-Jul-2026,27.54,28.57,27.39,27.54,320100
C,01-Jul-2026,140.24,141.275,138.26,140.13,13702800
C-N,01-Jul-2026,28.72,28.94,28.72,28.88,142600
C-R,01-Jul-2026,25.16,25.2,25.1,25.1,151400
CAAP,01-Jul-2026,25.19,25.72,25.19,25.28,210800
CABO,01-Jul-2026,53.49,57.135,53.08,53.26,220400
CACI,01-Jul-2026,466.57,474.67,463.83,466.88,257500
CAE,01-Jul-2026,25.21,25.3799,24.9351,25.23,371000
CAF,01-Jul-2026,20.91,21.41,20.445,21.33,30100
CAG,01-Jul-2026,13.9,14.415,13.9,14.3,22977100
CAH,01-Jul-2026,238.87,239.71,233,237.72,1369700
CAL,01-Jul-2026,12.27,12.7,12.13,12.39,513300
CALX,01-Jul-2026,37.47,38.2199,36.95,37.09,1043500
CALY,01-Jul-2026,18.09,18.99,18.08,18.64,1827300
CANG,01-Jul-2026,0.2002,0.2199,0.196,0.2112,2219300
CAPL,01-Jul-2026,22.4,22.6496,22.18,22.32,15900
CARR,01-Jul-2026,73.01,73.76,71.36,72.07,3941500
CARS,01-Jul-2026,11.13,11.375,11.09,11.28,682200
CAT,01-Jul-2026,1033.92,1041.26,985.05,991.41,3914100
CATO,01-Jul-2026,3.29,3.62,3.1939,3.28,10500
CAVA,01-Jul-2026,78.54,79.93,76.3301,79.78,2523800
CB,01-Jul-2026,343.71,352.95,342.42,351.73,2375300
CBAN,01-Jul-2026,20.17,20.64,20.06,20.49,406000
CBL,01-Jul-2026,53.38,55.41,53.16,55.28,520400
CBNA,01-Jul-2026,41.74,45.26,41.74,43.98,10200
CBRE,01-Jul-2026,135.02,139.6,134.98,138.3,1432800
CBT,01-Jul-2026,90.54,91.4199,86.51,86.7,431400
CBU,01-Jul-2026,67.45,68.77,66.9713,68.45,249800
CBZ,01-Jul-2026,32.84,34.85,32.84,34.27,610000
CC,01-Jul-2026,20.07,20.91,19.78,20.14,1881900
CCI,01-Jul-2026,75.62,77.24,74.33,76.53,4547800
CCID,01-Jul-2026,25.45,25.45,25.45,25.45,300
CCIF,01-Jul-2026,2.84,2.84,2.75,2.76,42100
CCJ,01-Jul-2026,101.17,104.2,96.82,97.39,4063100
CCK,01-Jul-2026,111,112.22,108.5,111.37,924000
CCL,01-Jul-2026,28.6,29.425,28.48,28.52,18553900
CCM,01-Jul-2026,4.72,4.72,4.36,4.51,127500
CCO,01-Jul-2026,2.42,2.42,2.4,2.41,7855400
CCS,01-Jul-2026,71.01,72.68,69.76,69.84,444900
CCU,01-Jul-2026,11.18,11.18,10.755,10.8,201400
CCZ,01-Jul-2026,66.5,66.5,66.5,66.5,100
CDE,01-Jul-2026,16.11,17.12,16.11,16.54,32341000
CDLR,01-Jul-2026,21.56,21.63,21.13,21.13,135500
CDP,01-Jul-2026,36.38,36.985,36.31,36.71,931100
CDR-B,01-Jul-2026,18.55,18.7176,18.55,18.7176,500
CDR-C,01-Jul-2026,17.425,17.82,17.425,17.5,2400
CDRE,01-Jul-2026,28.86,29.28,28.375,28.61,267200
CDRpB,01-Jul-2026,18.55,18.7176,18.55,18.7176,464
CDRpC,01-Jul-2026,17.425,17.82,17.425,17.5,2350
CE,01-Jul-2026,44.99,46.12,44.37,45.2,2791900
CEE,01-Jul-2026,20.54,20.9534,20.475,20.48,25000
CEL-,01-Jul-2026,0.12,0.123,0.1199,0.12,13700
CELGr,01-Jul-2026,0.12,0.123,0.1199,0.12,13702
CEPU,01-Jul-2026,14.9,15.2,14.26,14.5,300000
CF,01-Jul-2026,108.41,110.3548,107.5,108.16,2586300
CFG,01-Jul-2026,69.58,72.155,69.51,71.82,5744400
CFG-E,01-Jul-2026,18.23,18.33,18.15,18.3105,35600
CFG-H,01-Jul-2026,25.49,25.64,25.445,25.56,25900
CFG-I,01-Jul-2026,24.78,24.85,24.6412,24.79,9600
CFGpE,01-Jul-2026,18.23,18.33,18.15,18.3105,32632
CFGpH,01-Jul-2026,25.49,25.64,25.445,25.56,23620
CFGpI,01-Jul-2026,24.78,24.85,24.6412,24.79,7884
CFND,01-Jul-2026,3,3.1,2.9901,3.04,28100
CFR,01-Jul-2026,153.26,157.075,152.43,155.75,534100
CFR-B,01-Jul-2026,16.49,16.6,16.44,16.48,14800
CFRpB,01-Jul-2026,16.67,16.67,16.44,16.5,11809
CFT-A,01-Jul-2026,25.69,26.25,25.69,25.885,3400
CGAU,01-Jul-2026,15.76,16.39,15.5,15.54,1463300
CGV,01-Jul-2026,15.43,15.54,15.43,15.4449,26000
CHCT,01-Jul-2026,18.29,18.515,18.26,18.38,151000
CHD,01-Jul-2026,97.17,97.76,96.305,97.21,1294500
CHE,01-Jul-2026,469.76,483.98,468.88,480.87,210500
CHGG,01-Jul-2026,1.01,1.14,1,1.1,1752900
CHH,01-Jul-2026,110.42,111.855,109.27,109.27,480300
CHM-A,01-Jul-2026,22.1366,22.225,22.1366,22.225,500
CHM-B,01-Jul-2026,24.16,24.2259,23.96,23.96,1400
CHMI,01-Jul-2026,2.32,2.3451,2.31,2.31,185700
CHMIpA,01-Jul-2026,22.1366,22.225,22.1366,22.225,359
CHMIpB,01-Jul-2026,24.16,24.2259,23.96,23.96,1277
CHPT,01-Jul-2026,5.85,6.22,5.81,5.96,549100
CHT,01-Jul-2026,44.22,44.615,43.83,44.02,173200
CHWY,01-Jul-2026,19.96,20.915,19.95,20.6,11822800
CI,01-Jul-2026,276.74,279.55,273.66,277.07,2225400
CIA,01-Jul-2026,5.78,6.12,5.56,5.95,190100
CIB,01-Jul-2026,78.53,80.32,78.18,78.18,308700
CICB,01-Jul-2026,24.79,24.94,24.79,24.87,2300
CICC,01-Jul-2026,24.57,24.57,24.39,24.39,11200
CIEN,01-Jul-2026,466.2,482.16,459.23,462.44,2042900
CIG,01-Jul-2026,2.08,2.0987,2.05,2.07,7805200
CIG.C,01-Jul-2026,3,3.1,3,3.0999,1500
CII,01-Jul-2026,26.04,26.16,25.5106,25.77,109500
CIM,01-Jul-2026,13.25,13.49,13.22,13.31,657000
CIM-A,01-Jul-2026,20.89,20.89,20.72,20.805,3400
CIM-B,01-Jul-2026,23.25,23.5,23.25,23.36,27000
CIM-C,01-Jul-2026,22.63,22.6399,22.1,22.57,16400
CIM-D,01-Jul-2026,23.39,23.46,23.25,23.45,6000
CIMN,01-Jul-2026,25.22,25.37,25.09,25.355,6600
CIMO,01-Jul-2026,25.282,25.41,25.282,25.38,3100
CIMP,01-Jul-2026,25.15,25.15,25.09,25.11,5300
CIMpA,01-Jul-2026,20.89,20.89,20.72,20.805,2683
CIMpB,01-Jul-2026,23.25,23.5,23.25,23.32,22791
CIMpC,01-Jul-2026,22.63,22.6399,22.1,22.57,15179
CIMpD,01-Jul-2026,23.39,23.46,23.25,23.45,5383
CINT,01-Jul-2026,3.39,3.9,3.33,3.9,372500
CION,01-Jul-2026,6.29,6.54,6.29,6.51,480400
CL,01-Jul-2026,91.74,92.83,91.52,92.76,4040600
CLB,01-Jul-2026,11.62,12.27,11.46,11.57,8217300
CLB.W,01-Jul-2026,0.855,0.855,0.855,0.855,5400
CLBR,01-Jul-2026,10.3,10.33,10.29,10.33,2100
CLD-A,01-Jul-2026,19.74,19.8903,19.74,19.86,16900
CLDT,01-Jul-2026,13.21,13.21,12.85,12.97,487700
CLDTpA,01-Jul-2026,19.74,19.8903,19.74,19.88,15200
CLF,01-Jul-2026,9.23,9.61,9.11,9.42,20450600
CLH,01-Jul-2026,296.82,297.965,290.44,290.74,450100
CLPR,01-Jul-2026,2.72,2.82,2.7193,2.77,200300
CLS,01-Jul-2026,348.01,362.78,336.68,361.62,1312800
CLVT,01-Jul-2026,2.19,2.29,2.165,2.22,5958600
CLW,01-Jul-2026,15.7,16.18,15.65,15.81,112000
CLX,01-Jul-2026,96.18,97.7,95.76,96.42,1827800
CM,01-Jul-2026,114.79,116.805,114.04,116.07,1680500
CMBT,01-Jul-2026,13.99,14.29,13.99,14.05,984800
CMC,01-Jul-2026,62.24,62.85,61.05,61.21,1855500
CMCM,01-Jul-2026,3.03,3.335,3.03,3.31,7500
CMDB,01-Jul-2026,17.7,18.46,17.5877,18.21,82200
CMG,01-Jul-2026,33.955,35.085,33.955,35,17006700
CMI,01-Jul-2026,700,701.385,681.2,682.32,821200
CMP,01-Jul-2026,30.69,31.85,30.61,30.64,562300
CMR-B,01-Jul-2026,25.95,26.0979,25.95,26.01,500
CMR-C,01-Jul-2026,26.77,26.77,26.72,26.725,2100
CMR-D,01-Jul-2026,28.15,28.2,28.025,28.2,3000
CMRE,01-Jul-2026,14.01,14.29,13.98,13.98,374600
CMREpB,01-Jul-2026,25.95,26.0979,25.95,26.01,503
CMREpC,01-Jul-2026,26.77,26.77,26.72,26.725,1610
CMREpD,01-Jul-2026,28.15,28.2,28.025,28.2,2806
CMS,01-Jul-2026,76.41,77.045,75.77,75.92,4382400
CMS-B,01-Jul-2026,77.5,77.5,77.5,77.5,200
CMS-C,01-Jul-2026,16.87,17.07,16.8244,16.87,8100
CMSA,01-Jul-2026,20.92,21.07,20.89,21.01,9900
CMSC,01-Jul-2026,21.68,21.96,21.68,21.95,65300
CMSD,01-Jul-2026,21.91,22.2,21.91,22.18,230000
CMSpB,01-Jul-2026,77.5,77.5,77.5,77.5,131
CMSpC,01-Jul-2026,16.87,17.07,16.8244,16.8641,6244
CMTG,01-Jul-2026,2.37,2.54,2.3675,2.43,636100
CNA,01-Jul-2026,48.93,49.78,48.77,49.64,452300
CNC,01-Jul-2026,66.48,68.41,65.44,68.35,5834300
CNF,01-Jul-2026,2.71,2.96,2.71,2.87,4600
CNH,01-Jul-2026,11.2,11.2,10.805,10.92,12720400
CNI,01-Jul-2026,119.23,121.6,119.145,119.82,872300
CNK,01-Jul-2026,31.72,32.11,30.99,31.7,1955700
CNM,01-Jul-2026,47.84,47.91,45.4,45.41,4398000
CNMD,01-Jul-2026,33.27,33.92,32.625,32.76,397300
CNNE,01-Jul-2026,14.51,14.9,14.3,14.84,539700
CNO,01-Jul-2026,51.31,52.395,51.31,52.07,932400
CNO-A,01-Jul-2026,16.6,16.85,16.6,16.85,2000
CNOpA,01-Jul-2026,16.6,16.85,16.6,16.85,1728
CNP,01-Jul-2026,44.15,44.23,43.72,43.73,6609500
CNQ,01-Jul-2026,39.29,39.68,38.83,38.92,3704400
CNR,01-Jul-2026,80.8,81.84,77.525,77.69,641900
CNS,01-Jul-2026,76.44,79.28,76.255,77.41,248700
CNX,01-Jul-2026,33.98,34.32,33.34,33.54,1545200
COD-A,01-Jul-2026,19.91,20.0884,19.8,19.8,7500
COD-B,01-Jul-2026,22.02,22.29,22.02,22.28,7100
COD-C,01-Jul-2026,21.97,22.23,21.86,22.23,6100
CODI,01-Jul-2026,10.5,11.7,10.475,11.59,1172300
CODIpA,01-Jul-2026,19.91,20.0884,19.8,19.8,6737
CODIpB,01-Jul-2026,22.02,22.29,22.02,22.28,6696
CODIpC,01-Jul-2026,21.965,22.23,21.86,22.23,5757
COF,01-Jul-2026,201.82,205.83,200.75,204.82,3358700
COF-I,01-Jul-2026,18.26,18.43,18.2201,18.36,45100
COF-J,01-Jul-2026,17.56,17.6399,17.505,17.54,53300
COF-K,01-Jul-2026,16.95,17.09,16.94,17.06,19400
COF-L,01-Jul-2026,15.85,16.03,15.85,15.97,26600
COF-N,01-Jul-2026,15.6,15.71,15.57,15.69,18000
COFpI,01-Jul-2026,18.26,18.43,18.2201,18.34,39174
COFpJ,01-Jul-2026,17.56,17.6399,17.505,17.53,46674
COFpK,01-Jul-2026,16.95,17.09,16.94,17.06,18454
COFpL,01-Jul-2026,15.85,16.03,15.85,15.97,24929
COFpN,01-Jul-2026,15.6,15.71,15.57,15.69,17403
COHR,01-Jul-2026,370.11,386.74,360.01,368.65,4316200
COLD,01-Jul-2026,15.77,16.21,15.73,16.02,5136200
COMP,01-Jul-2026,12.23,12.735,12.2,12.55,15665700
CON,01-Jul-2026,29.83,30.9,29.39,30.77,2194600
COOK,01-Jul-2026,79.48,80.77,72.81,74.54,39200
COP,01-Jul-2026,103.6,104.78,102.69,103.22,5744500
COPL,01-Jul-2026,10.4,10.43,10.4,10.43,24700
COR,01-Jul-2026,284.3,288.595,280.96,288.42,1291400
COSO,01-Jul-2026,26.95,27.78,26.95,27.56,248500
COTY,01-Jul-2026,2.13,2.31,2.12,2.28,17472800
COUR,01-Jul-2026,5.73,6.08,5.72,5.98,6896900
CP,01-Jul-2026,86.49,87.47,85.78,85.92,3199400
CPA,01-Jul-2026,155.92,157.34,152.84,153.05,321500
CPAC,01-Jul-2026,11.88,12,11.82,11.82,15400
CPAI,01-Jul-2026,51.63,51.96,51.51,51.56,20300
CPAY,01-Jul-2026,333.04,345.725,333.04,340.94,530300
CPF,01-Jul-2026,38.06,38.965,37.575,38.9,139800
CPK,01-Jul-2026,123.25,125,122.23,122.76,180600
CPN,01-Jul-2026,28.72,28.94,28.72,28.88,109334
CPNG,01-Jul-2026,17.55,18.185,17.55,18.13,13995500
CPRI,01-Jul-2026,18.49,18.75,18.06,18.54,2623100
CPS,01-Jul-2026,27.34,27.63,26.38,26.41,138800
CPT,01-Jul-2026,114.9,117.56,114.9,115.66,1147500
CQP,01-Jul-2026,60.5,61.74,60.48,60.66,92900
CR,01-Jul-2026,220.7,224.57,219.33,219.8,379300
CRBD,01-Jul-2026,22.94,22.94,22.77,22.8,32500
CRBG,01-Jul-2026,28.67,28.97,28.52,28.74,4142800
CRC,01-Jul-2026,51.78,52.655,51.14,51.75,999200
CRCL,01-Jul-2026,63.71,66.25,61.7725,61.95,24659200
CRD.A,01-Jul-2026,11.34,11.7458,11.34,11.43,48100
CRD.B,01-Jul-2026,10.43,10.7,10.43,10.61,3400
CRGY,01-Jul-2026,9.82,9.94,9.43,9.47,7014400
CRH,01-Jul-2026,106.41,108.15,105.06,105.19,5619000
CRI,01-Jul-2026,40.28,41.53,40.24,41.14,559300
CRK,01-Jul-2026,14.95,15.115,14.385,14.68,3040000
CRL,01-Jul-2026,225.62,236.615,224.9302,229.09,1086000
CRM,01-Jul-2026,162.22,165.81,161.2,163.23,14164600
CRS,01-Jul-2026,616.24,617.59,600,610.16,600400
CRT,01-Jul-2026,9.1,9.15,8.95,9.04,8700
CSAN,01-Jul-2026,2.84,2.84,2.7132,2.83,1527200
CSL,01-Jul-2026,369.93,369.93,352.21,360.85,681800
CSR,01-Jul-2026,57,57.88,56.11,56.31,138500
CSTM,01-Jul-2026,31.2,31.33,30.04,30.24,1801100
CSV,01-Jul-2026,38.61,39.38,38.395,38.58,82900
CSW,01-Jul-2026,278.07,281.97,273,273.26,157500
CTA-A,01-Jul-2026,53.88,53.88,53.36,53.47,1300
CTA-B,01-Jul-2026,66.85,67.28,66.8476,67.23,1900
CTApA,01-Jul-2026,53.88,53.88,53.36,53.47,1041
CTApB,01-Jul-2026,66.8476,67.28,66.8476,67.23,1658
CTEV,01-Jul-2026,33.93,35.6,32.23,32.4,84200
CTGG,01-Jul-2026,17.25,17.25,17.05,17.2,355800
CTHH,01-Jul-2026,17.29,17.5,17.29,17.38,132700
CTO,01-Jul-2026,21.63,21.69,21.4,21.48,462200
CTO-A,01-Jul-2026,21.4,21.73,20.6,21.41,29500
CTOpA,01-Jul-2026,21.4,21.73,20.6,21.41,16970
CTOS,01-Jul-2026,11.65,11.68,11.01,11.04,838400
CTRE,01-Jul-2026,40.3,41.33,40.235,40.9,2680100
CTRI,01-Jul-2026,29.99,30,28.49,28.49,1270100
CTS,01-Jul-2026,64.47,64.47,61.86,63.83,282700
CTVA,01-Jul-2026,84.65,85.95,82.955,83.54,4631600
CUBB,01-Jul-2026,21.65,21.65,21.65,21.65,100
CUBE,01-Jul-2026,39.25,40.195,39.205,40.13,2438900
CUBI,01-Jul-2026,79.22,81.44,79.1,79.87,533100
CURB,01-Jul-2026,30.14,30.39,29.88,30,1679700
CURV,01-Jul-2026,1.82,1.865,1.71,1.74,455700
CUZ,01-Jul-2026,30.04,30.765,29.93,30.65,1248300
CVE,01-Jul-2026,24.76,24.96,24.42,24.5,3212200
CVEO,01-Jul-2026,35.06,35.06,33.44,33.76,77100
CVI,01-Jul-2026,27.21,28.765,27.21,28.65,877500
CVLG,01-Jul-2026,44.03,45.52,43.0179,44.83,135600
CVNA,01-Jul-2026,65.54,70.75,64.51,67.87,11595000
CVS,01-Jul-2026,103.41,104.87,102.755,104.81,7508400
CVSA,01-Jul-2026,124.86,131.56,124.3525,128.23,318900
CVX,01-Jul-2026,164.78,167.47,164.78,165.69,9175500
CW,01-Jul-2026,752.76,767.8499,738.9,757.76,229100
CWEN,01-Jul-2026,34.07,34.8,33.46,33.52,1687400
CWH,01-Jul-2026,7.64,7.7,7.302,7.51,1487300
CWK,01-Jul-2026,13.44,13.995,13.28,13.84,3752400
CWT,01-Jul-2026,48.74,49.7275,48.564,49.04,658300
CX,01-Jul-2026,12,12.2,11.84,12.13,6981800
CXM,01-Jul-2026,5.3,5.3899,5.27,5.32,4072600
CXT,01-Jul-2026,50.99,52.71,50.54,51.96,724300
CXW,01-Jul-2026,30.67,31.545,30.42,31.01,1412800
CYD,01-Jul-2026,46.64,48.05,45.5,46.29,173300
CYH,01-Jul-2026,3.37,3.56,3.36,3.54,1463900
D,01-Jul-2026,68.36,68.53,67.375,67.79,6184000
DAC,01-Jul-2026,121.73,124.74,121.49,123.18,54200
DAL,01-Jul-2026,94.47,94.59,92.95,93.06,6114600
DAN,01-Jul-2026,26.77,26.82,26.11,26.22,1895200
DAO,01-Jul-2026,12.29,12.41,11.95,12,9800
DAR,01-Jul-2026,54.5,57.43,54.305,56.58,3240300
DAVA,01-Jul-2026,2.87,3.23,2.87,3.15,691100
DB,01-Jul-2026,33.71,33.995,33.65,33.86,1897600
DBD,01-Jul-2026,84.57,87.36,83.32,83.33,384200
DBI,01-Jul-2026,5.93,5.97,5.78,5.78,564400
DBL,01-Jul-2026,14.35,14.36,14.28,14.33,69200
DBR-H,01-Jul-2026,15.1,15.2496,15,15.15,10800
DBR-I,01-Jul-2026,14.96,15.1992,14.96,15.12,5900
DBR-J,01-Jul-2026,15.17,15.4618,15.17,15.4,5400
DBRG,01-Jul-2026,15.8,15.8,15.76,15.77,4153800
DBRGpH,01-Jul-2026,15.1,15.2496,15,15.15,9785
DBRGpI,01-Jul-2026,14.96,15.1992,14.96,15.1899,4549
DBRGpJ,01-Jul-2026,15.17,15.4618,15.17,15.35,3866
DCBG,01-Jul-2026,26.25,26.3799,25.94,26.3,11100
DCH,01-Jul-2026,5.34,5.41,5.235,5.25,3313900
DCI,01-Jul-2026,89.21,89.965,88.33,88.52,624400
DCO,01-Jul-2026,185.53,191.07,183.02,190.25,298500
DCO-,01-Jul-2026,17.57,17.76,17.57,17.74,8600
DCOM,01-Jul-2026,40.75,41.62,40.27,41.28,282800
DD,01-Jul-2026,134.87,139.69,134.4,138.47,1444200
DDD,01-Jul-2026,3,3.065,2.93,2.96,2156200
DDL,01-Jul-2026,1.91,1.985,1.88,1.98,858500
DDS,01-Jul-2026,527.79,545,526.45,539.21,103300
DDT,01-Jul-2026,26.1,26.2287,26.1,26.12,2200
DE,01-Jul-2026,629.32,633.8,619.3,627.63,1637000
DEA,01-Jul-2026,25.06,25.38,24.99,25.12,335700
DEC,01-Jul-2026,13.8,13.85,13.3742,13.57,1423400
DECK,01-Jul-2026,100,101.73,99.32,100.33,2018700
DEI,01-Jul-2026,11.84,12.265,11.82,12.15,1839100
DELL,01-Jul-2026,418,438.52,410.761,425.25,6027500
DEO,01-Jul-2026,78.8,79.1401,77.79,78.7,1291600
DFH,01-Jul-2026,17.06,17.9,16.33,16.39,700900
DFIN,01-Jul-2026,42.66,44.58,42.51,44.12,369900
DFP,01-Jul-2026,20.74,20.7518,20.52,20.73,28000
DG,01-Jul-2026,114.98,116.52,114.13,115.2,2676400
DGX,01-Jul-2026,213.67,216.87,211.4,216.02,1004000
DHF,01-Jul-2026,2.42,2.43,2.42,2.43,205200
DHI,01-Jul-2026,160.79,163.99,156.94,157.06,2263700
DHR,01-Jul-2026,191.97,196.04,190.58,193.72,4515600
DHT,01-Jul-2026,16.4,16.73,16.335,16.53,2677100
DHX,01-Jul-2026,3.71,3.9413,3.69,3.8,60100
DIN,01-Jul-2026,35.7,36.3,35.59,35.94,301400
DINO,01-Jul-2026,69.68,72.66,69.68,72.56,2074300
DIS,01-Jul-2026,96.55,97.76,95.65,95.71,11590400
DIVY,01-Jul-2026,29.13,29.41,29.13,29.2,4900
DK,01-Jul-2026,50.85,53.18,50.85,53.14,1835900
DKL,01-Jul-2026,51.09,51.89,50.96,51.67,41600
DKS,01-Jul-2026,228.2,232.5199,226.2,229.76,1297900
DLB,01-Jul-2026,53.22,53.54,52.56,52.59,933600
DLN-A,01-Jul-2026,26.63,26.65,26.5,26.575,4100
DLNG,01-Jul-2026,3.42,3.47,3.38,3.44,23300
DLNGpA,01-Jul-2026,26.63,26.65,26.5,26.575,3698
DLR,01-Jul-2026,178.66,180.98,175.33,176.32,10161600
DLR-J,01-Jul-2026,19.92,20.1199,19.77,20.05,20100
DLR-K,01-Jul-2026,22.01,22.2849,22,22.268,37800
DLR-L,01-Jul-2026,19.7,19.8006,19.67,19.74,17900
DLRpJ,01-Jul-2026,19.92,20.1199,19.77,20.05,18611
DLRpK,01-Jul-2026,22.01,22.2849,22,22.268,36072
DLRpL,01-Jul-2026,19.7,19.8006,19.67,19.74,15452
DLX,01-Jul-2026,23.99,24.81,23.99,24.62,398500
DLY,01-Jul-2026,14.03,14.11,14,14.06,184500
DMA,01-Jul-2026,7.58,7.645,7.5213,7.6,14400
DMB,01-Jul-2026,11.12,11.13,11.05,11.1,99100
DMC,01-Jul-2026,28.11,28.52,27.59,27.63,472000
DMO,01-Jul-2026,10.74,10.81,10.7138,10.76,29200
DNA,01-Jul-2026,9.98,11.14,9.9,10.28,1725100
DNOW,01-Jul-2026,12.94,13.185,12.8,12.8,2150200
DNP,01-Jul-2026,10.78,10.85,10.73,10.78,919900
DOC,01-Jul-2026,21.3,21.77,21.2807,21.64,7118600
DOCN,01-Jul-2026,150.5,152.32,138.15,144.58,3325200
DOCS,01-Jul-2026,21.3,22.26,20.98,21.59,3586600
DOLE,01-Jul-2026,13.85,14.03,13.72,13.73,1209600
DOUG,01-Jul-2026,1.77,1.86,1.725,1.86,571700
DOV,01-Jul-2026,222.93,223.51,217.14,217.17,1389300
DOW,01-Jul-2026,26.8,27.665,26.8,27.02,13818300
DPC,01-Jul-2026,49.01,49.22,45.555,47.54,2852200
DPG,01-Jul-2026,14.84,14.84,14.56,14.68,31300
DQ,01-Jul-2026,13.15,13.335,12.69,12.7,1128100
DRD,01-Jul-2026,21.4,21.92,21.05,21.12,283500
DRI,01-Jul-2026,205.78,207.25,201.91,201.95,1417700
DRLL,01-Jul-2026,33.54,33.8,33.33,33.44,18500
DSL,01-Jul-2026,11.01,11.076,10.9646,11.01,464300
DSM,01-Jul-2026,6.14,6.19,6.13,6.18,143600
DSMC,01-Jul-2026,40.46,41.04,40.46,40.63,6900
DSTX,01-Jul-2026,32.71,32.72,32.6919,32.6919,4200
DSU,01-Jul-2026,9.74,9.74,9.65,9.71,817100
DSX,01-Jul-2026,2.08,2.12,2.06,2.07,400600
DSX-B,01-Jul-2026,26.98,27.0745,26.97,27.0745,1200
DSX.W,01-Jul-2026,0.155,0.155,0.1493,0.15,7600
DSX.WS,01-Jul-2026,0.155,0.155,0.1493,0.155,7261
DSXpB,01-Jul-2026,26.98,27.0745,26.97,27.0745,1090
DT,01-Jul-2026,44.535,46.395,44.535,45.38,7140100
DTB,01-Jul-2026,16.64,16.75,16.635,16.65,12600
DTE,01-Jul-2026,152.56,152.89,150.57,150.57,1626000
DTF,01-Jul-2026,11.51,11.53,11.45,11.4501,5600
DTG,01-Jul-2026,17,17.1999,16.9656,17.0454,15400
DTK,01-Jul-2026,23.76,23.97,23.76,23.8,52700
DTM,01-Jul-2026,146.34,146.99,143.35,143.78,686300
DTW,01-Jul-2026,20.47,20.6399,20.4501,20.54,43800
DUK,01-Jul-2026,126.58,126.81,125.235,125.77,4257800
DUK-A,01-Jul-2026,24.57,24.68,24.56,24.66,85300
DUKB,01-Jul-2026,23.22,23.3499,23.185,23.26,29600
DUKpA,01-Jul-2026,24.57,24.68,24.56,24.68,65391
DV,01-Jul-2026,11.05,11.315,11.01,11.22,3127300
DVA,01-Jul-2026,221.62,229.8,220.5,228.03,850500
DVN,01-Jul-2026,41.07,41.78,40.16,40.25,11792600
DX,01-Jul-2026,13.06,13.08,12.955,12.96,6673400
DX-C,01-Jul-2026,25.45,25.51,25.3968,25.46,13900
DXC,01-Jul-2026,9.04,9.745,9.04,9.54,6152100
DXpC,01-Jul-2026,25.45,25.51,25.3968,25.46,11182
DXYZ,01-Jul-2026,25.37,25.71,24.8,24.83,863600
DY,01-Jul-2026,498.62,498.62,467.835,470.51,458400
E,01-Jul-2026,45.86,46.1,45.51,45.57,533200
EAF,01-Jul-2026,5.84,6.665,5.78,6.04,336600
EAI,01-Jul-2026,19.97,20.1,19.97,20.06,14400
EARN,01-Jul-2026,4.4,4.465,4.37,4.38,551700
EAT,01-Jul-2026,166.21,172.855,166.21,172.07,1081700
EBF,01-Jul-2026,21.35,21.92,21.3,21.71,155500
EBS,01-Jul-2026,8.31,8.63,8.265,8.28,555400
EC,01-Jul-2026,14.05,14.69,14.05,14.45,2989400
ECAT,01-Jul-2026,15.62,15.88,15.6,15.74,659400
ECC,01-Jul-2026,3.72,3.87,3.72,3.82,1013800
ECC-D,01-Jul-2026,18.6,18.7108,18.6,18.7,6500
ECCC,01-Jul-2026,25,25,24.8,25,1800
ECCpD,01-Jul-2026,18.6,18.7108,18.6,18.7,5995
ECCU,01-Jul-2026,25,25.06,24.99,25.06,9700
ECCV,01-Jul-2026,23.95,23.95,23.8499,23.875,2800
ECG,01-Jul-2026,161,162.57,150.7926,151.02,598900
ECL,01-Jul-2026,278.33,282.92,277.3801,278.37,1231100
ECO,01-Jul-2026,49.5,50.56,49.47,49.94,298200
ECVT,01-Jul-2026,12.32,12.45,11.9,12,1588000
ED,01-Jul-2026,110.93,111.485,110.35,110.95,1906800
EDD,01-Jul-2026,5.87,5.95,5.77,5.78,650900
EDF,01-Jul-2026,5.59,5.6394,5.55,5.62,113300
EDN,01-Jul-2026,25.17,25.24,24.01,24.47,91000
EDU,01-Jul-2026,46.42,48.12,45.92,47.7,335400
EE,01-Jul-2026,37.48,38.3,37.33,37.98,282200
EEA,01-Jul-2026,10.97,11.09,10.87,10.95,19500
EEX,01-Jul-2026,5.04,5.04,5.02,5.02,37600
EFC,01-Jul-2026,13.64,13.7,13.52,13.52,1321400
EFC-B,01-Jul-2026,24.58,24.58,24.36,24.38,4200
EFC-C,01-Jul-2026,25.15,25.235,25.02,25.16,4400
EFC-D,01-Jul-2026,22.7,22.96,22.7,22.96,2400
EFCpB,01-Jul-2026,24.58,24.58,24.36,24.38,3495
EFCpC,01-Jul-2026,25.1499,25.235,25.02,25.16,3831
EFCpD,01-Jul-2026,22.7,22.96,22.7,22.96,611
EFOR,01-Jul-2026,18.53,18.95,17.53,17.56,1370900
EFR,01-Jul-2026,10.6,10.6,10.5371,10.56,56500
EFT,01-Jul-2026,10.76,10.87,10.72,10.78,133500
EFX,01-Jul-2026,157.41,163.87,157.41,162.17,1694800
EFXT,01-Jul-2026,24.26,24.26,23.55,23.57,177900
EG,01-Jul-2026,360,364.175,357.39,359.93,444100
EGO,01-Jul-2026,31.26,32.935,31.12,31.66,1834600
EGP,01-Jul-2026,202.66,206.6,202.66,205.46,484800
EGY,01-Jul-2026,5.05,5.175,4.95,4.96,1572800
EHC,01-Jul-2026,101.32,102.6214,100.795,101.39,1130300
EHI,01-Jul-2026,5.96,5.98,5.95,5.97,114500
EIC,01-Jul-2026,10.06,10.18,10,10.14,76400
EICA,01-Jul-2026,24.95,24.95,24.92,24.92,2200
EIG,01-Jul-2026,50.75,51.51,50.75,51.22,264200
EIIA,01-Jul-2026,25.35,25.37,25.27,25.32,4600
EIX,01-Jul-2026,74.1,74.4002,73.19,73.5,1970900
EL,01-Jul-2026,79.43,82.53,78.69,82.47,3663600
ELAN,01-Jul-2026,24.36,25.2,24.055,24.09,4704900
ELC,01-Jul-2026,20.02,20.0898,19.93,20.03,15300
ELF,01-Jul-2026,73.82,80.41,72.2748,78.75,4625600
ELLA,01-Jul-2026,25,25.22,24.95,25.13,35800
ELME,01-Jul-2026,1.49,1.575,1.4723,1.54,4867600
ELPC,01-Jul-2026,11.44,11.58,11.335,11.54,753200
ELS,01-Jul-2026,64.63,65.57,64.04,65.01,1312000
ELV,01-Jul-2026,389.9,416.26,388.7,416.19,2106500
EMA,01-Jul-2026,52.91,53.4,52.18,52.27,139500
EMBJ,01-Jul-2026,63.8,64.17,63.04,63.05,579800
EMD,01-Jul-2026,10.76,10.82,10.675,10.7,170600
EME,01-Jul-2026,826.825,826.825,796.6201,804.33,342400
EMF,01-Jul-2026,23.02,23.3899,22.58,22.73,66100
EMN,01-Jul-2026,66.2,68.51,66,67.09,1601300
EMO,01-Jul-2026,49.86,50.05,49.12,49.36,35800
EMP,01-Jul-2026,19.97,20.15,19.8901,20.08,40300
EMR,01-Jul-2026,142.33,142.73,139.47,139.52,2160500
ENB,01-Jul-2026,53.83,54.26,53.2,53.29,2266900
ENHA,01-Jul-2026,2.9,2.98,2.73,2.74,738400
ENIC,01-Jul-2026,4.45,4.465,4.3714,4.4,374500
ENJ,01-Jul-2026,20.08,20.08,19.87,20.01,600
ENO,01-Jul-2026,21.33,21.5,21.33,21.45,5300
ENOV,01-Jul-2026,21.01,21.62,19.86,20.04,1502800
ENR,01-Jul-2026,21.47,22.13,21.46,21.94,805300
ENS,01-Jul-2026,227.97,229.835,219.475,220.46,539100
ENVA,01-Jul-2026,240.06,246.38,236,242.18,435200
EOD,01-Jul-2026,6.57,6.64,6.52,6.6,222400
EOG,01-Jul-2026,129,130.77,127.3,128.59,2976800
EOI,01-Jul-2026,19.72,19.87,19.5019,19.8,60100
EOS,01-Jul-2026,22.02,22.15,21.9001,22.1,77500
EOT,01-Jul-2026,17.63,17.87,17.6101,17.71,31800
EP-C,01-Jul-2026,50.44,50.47,50.38,50.38,3400
EPAC,01-Jul-2026,35.96,36.03,34.925,34.94,401000
EPAM,01-Jul-2026,80.8,85.74,80.27,85.24,1569100
EPC,01-Jul-2026,26.8,27.86,26.8,27.51,987800
EPD,01-Jul-2026,36.55,36.84,36.43,36.52,1863900
EPpC,01-Jul-2026,50.44,50.47,50.38,50.38,3345
EPR,01-Jul-2026,58.08,58.63,57.74,57.74,754900
EPR-C,01-Jul-2026,25.56,25.945,25.56,25.945,1700
EPR-E,01-Jul-2026,31.97,32.0101,31.865,31.995,3000
EPR-G,01-Jul-2026,20.42,20.72,20.42,20.52,8200
EPRpC,01-Jul-2026,25.56,25.945,25.56,25.945,1381
EPRpE,01-Jul-2026,31.97,32.0101,31.865,31.995,2760
EPRpG,01-Jul-2026,20.42,20.72,20.42,20.52,7498
EPRT,01-Jul-2026,29.99,30.2,29.85,30.01,1760500
EQBK,01-Jul-2026,49.39,50.565,49.09,50.2,245000
EQH,01-Jul-2026,43.97,44.43,43.78,44.05,2956800
EQH-A,01-Jul-2026,19.26,19.38,19.25,19.34,82100
EQH-C,01-Jul-2026,16.24,16.35,16.23,16.32,15000
EQHpA,01-Jul-2026,19.26,19.38,19.25,19.34,60082
EQHpC,01-Jul-2026,16.24,16.35,16.23,16.32,11832
EQNR,01-Jul-2026,31.21,31.465,31.13,31.21,2627200
EQR,01-Jul-2026,68.15,69.49,68.15,68.63,2851700
EQS,01-Jul-2026,1.21,1.26,1.21,1.26,6300
EQT,01-Jul-2026,53,53.25,52.32,52.48,7368500
ERO,01-Jul-2026,26.36,26.87,25.58,25.72,1026200
EROC,01-Jul-2026,14.3,15.74,13.96,15.36,2454100
EROK,01-Jul-2026,21.41,22,20.62,21.2,495600
ES,01-Jul-2026,72.39,73.12,71.9,72.2,2790800
ESAB,01-Jul-2026,98.68,99.9099,93.53,93.69,677800
ESE,01-Jul-2026,347.81,353.81,339.9,339.9,321700
ESI,01-Jul-2026,47.14,47.33,45.65,45.74,2892900
ESNT,01-Jul-2026,64.44,64.56,63.67,64.52,1134800
ESRT,01-Jul-2026,5.44,5.535,5.43,5.51,1954500
ESS,01-Jul-2026,293.27,299.2899,292.83,295.18,360000
ESTC,01-Jul-2026,58.7,59.79,58.09,58.45,1670500
ET,01-Jul-2026,19.06,19.215,18.95,19.05,7330600
ET-I,01-Jul-2026,11.48,11.48,11.38,11.42,92900
ETB,01-Jul-2026,15.47,15.5784,15.385,15.53,47600
ETD,01-Jul-2026,22.41,22.45,21.87,21.87,712600
ETG,01-Jul-2026,23.49,23.54,23.3,23.47,117200
ETI-,01-Jul-2026,24.1,24.29,24.1,24.29,800
ETIp,01-Jul-2026,24.1,24.29,24.1,24.29,615
ETJ,01-Jul-2026,8.29,8.39,8.28,8.38,124900
ETN,01-Jul-2026,419.99,423.45,404.74,412.31,2379900
ETO,01-Jul-2026,30.02,30.95,30.02,30.73,32300
ETpI,01-Jul-2026,11.48,11.48,11.38,11.445,90310
ETR,01-Jul-2026,113.23,114.59,112.12,112.86,3763400
ETS.U,01-Jul-2026,10.01,10.01,10.01,10.01,400
ETS.W,01-Jul-2026,0.28,0.29,0.28,0.29,11000
ETSS,01-Jul-2026,9.9,9.9,9.88,9.9,75500
ETSY,01-Jul-2026,75.41,76.57,72.78,72.83,3461000
ETV,01-Jul-2026,14.92,15,14.7869,14.93,169800
ETW,01-Jul-2026,9.59,9.61,9.55,9.58,265800
ETX,01-Jul-2026,18.7,18.8461,18.61,18.65,7900
ETY,01-Jul-2026,14.46,14.68,14.329,14.58,318800
EVA.U,01-Jul-2026,10.5,10.5,10.28,10.3,600
EVA.W,01-Jul-2026,0.375,0.3751,0.375,0.3751,600
EVAC,01-Jul-2026,10.17,10.19,10.17,10.18,42800
EVAC.U,01-Jul-2026,10.5,10.5,10.28,10.3,602
EVAC.WS,01-Jul-2026,0.375,0.3751,0.375,0.3751,600
EVC,01-Jul-2026,12.76,13.67,12.52,13.38,2438900
EVE.T,01-Jul-2026,0.18,0.1897,0.18,0.1897,700
EVEX,01-Jul-2026,2.51,2.645,2.5,2.51,807900
EVEX.WS,01-Jul-2026,0.18,0.1897,0.18,0.1897,613
EVF,01-Jul-2026,4.97,5,4.97,4.99,41000
EVG,01-Jul-2026,10.76,10.8142,10.72,10.76,43500
EVH,01-Jul-2026,5.51,5.895,5.395,5.74,2391000
EVMN,01-Jul-2026,13.27,13.82,12.649,12.82,1605800
EVN,01-Jul-2026,11.22,11.2225,11.12,11.21,52600
EVR,01-Jul-2026,342.2,348.21,339.7803,341.04,409600
EVT,01-Jul-2026,27.56,27.79,27.34,27.79,123700
EVTC,01-Jul-2026,28.16,29.49,28.04,29.05,434600
EVTL,01-Jul-2026,1.72,1.94,1.72,1.84,1833500
EVTR,01-Jul-2026,50.57,50.7099,50.57,50.66,1042400
EW,01-Jul-2026,91.01,92.39,90.28,91.99,4284000
EXG,01-Jul-2026,9.8,9.82,9.71,9.73,699900
EXK,01-Jul-2026,8.23,8.82,8.23,8.34,4181300
EXP,01-Jul-2026,223.04,225.33,217.725,219.15,448100
EXPD,01-Jul-2026,164.02,167.65,163.21,166.81,1557700
EXR,01-Jul-2026,145.74,148.02,145.74,147.29,971100
F,01-Jul-2026,13.85,13.88,13.545,13.64,44543900
F-B,01-Jul-2026,20.34,20.46,20.34,20.42,52000
F-C,01-Jul-2026,19.57,19.73,19.55,19.63,84300
F-D,01-Jul-2026,21.28,21.43,21.28,21.4,82700
FAF,01-Jul-2026,68.68,70.9,67.5,70.46,1225900
FBIN,01-Jul-2026,53.93,55.149,53.28,54.11,4764800
FBK,01-Jul-2026,55.78,56.97,55.5,56.56,365900
FBP,01-Jul-2026,26.4,26.81,26.19,26.69,1248900
FBR-E,01-Jul-2026,19.12,19.4253,19.12,19.2,18400
FBRT,01-Jul-2026,8.19,8.29,8.03,8.03,914900
FBRTpE,01-Jul-2026,19.12,19.4253,19.12,19.2,16968
FC,01-Jul-2026,24.91,26.81,24.91,24.99,350200
FCBM,01-Jul-2026,13.1,13.17,12.61,12.66,119200
FCF,01-Jul-2026,20.5,20.845,20.39,20.76,762900
FCN,01-Jul-2026,152.33,153.625,149.35,149.39,393300
FCPT,01-Jul-2026,24.64,24.88,24.45,24.53,951200
FCR.U,01-Jul-2026,10.4423,10.5,10.4423,10.5,2100
FCR.W,01-Jul-2026,0.85,0.9,0.751,0.85,28300
FCRS,01-Jul-2026,10.26,10.28,10.25,10.25,18000
FCRS.U,01-Jul-2026,10.4423,10.5,10.4423,10.5,2090
FCT,01-Jul-2026,9.58,9.65,9.57,9.6,470200
FCX,01-Jul-2026,61.7,63.045,60.53,60.53,15526300
FDS,01-Jul-2026,222,254.19,221.25,245.55,1960300
FDX,01-Jul-2026,313,317.08,310.61,313.89,2115300
FDXF,01-Jul-2026,151,156.49,148.325,155.77,2519500
FE,01-Jul-2026,47.46,47.65,46.945,47.07,3345100
FEGE,01-Jul-2026,48.91,49.32,48.85,49.2,441300
FENG,01-Jul-2026,1.5,1.53,1.5,1.53,5100
FEOE,01-Jul-2026,52.96,53.1999,52.77,53.07,413900
FERG,01-Jul-2026,236.8,237.4,229.185,229.2,1283100
FET,01-Jul-2026,49.93,50.4,48.75,48.92,118900
FF,01-Jul-2026,4.49,4.69,4.48,4.64,283200
FFA,01-Jul-2026,22.29,22.4,22.15,22.3,38500
FFC,01-Jul-2026,16.28,16.3,16.188,16.28,60200
FG,01-Jul-2026,26.64,27.43,26.56,27.27,466300
FGN,01-Jul-2026,24.6,24.7,24.42,24.42,27400
FGSN,01-Jul-2026,20.2,20.75,20.2,20.65,40200
FHI,01-Jul-2026,55.35,56,54.44,55.32,727100
FHN,01-Jul-2026,25.75,26.105,25.49,26.05,3705500
FHN-E,01-Jul-2026,23.49,23.74,23.49,23.65,10700
FHN-F,01-Jul-2026,17.04,17.27,17.04,17.05,5700
FHN-H,01-Jul-2026,24.99,25.1,24.92,24.95,371600
FHNpE,01-Jul-2026,23.49,23.74,23.49,23.65,9775
FHNpF,01-Jul-2026,17.04,17.27,17.04,17.05,4704
FICO,01-Jul-2026,1200.51,1226.68,1189,1206.65,254600
FIG,01-Jul-2026,18.65,20.05,18.61,19.49,16520700
FIGS,01-Jul-2026,10.14,10.305,10.02,10.05,3156500
FINS,01-Jul-2026,12.8,12.85,12.78,12.79,40000
FINV,01-Jul-2026,4.79,4.9961,4.79,4.94,672500
FIRY,01-Jul-2026,10.12,10.46,9.82,9.82,102400
FIS,01-Jul-2026,39.24,41.15,39.24,40.8,6015600
FIT-A,01-Jul-2026,22.78,23.66,22.78,23.2835,13700
FIT-I,01-Jul-2026,25.21,25.3,25.21,25.3,36100
FIT-K,01-Jul-2026,17.96,18.0699,17.92,17.99,34800
FIT-M,01-Jul-2026,25.97,25.97,25.7,25.8212,4700
FITB,01-Jul-2026,56.22,58.15,56,57.49,12255300
FIX,01-Jul-2026,1935.57,1935.575,1853.01,1865.15,438300
FIXT,01-Jul-2026,37.57,37.61,37.5623,37.5623,130300
FLC,01-Jul-2026,16.9,16.99,16.875,16.92,19300
FLG,01-Jul-2026,14.94,15.18,14.88,15,4406200
FLG-A,01-Jul-2026,22.99,23,22.6614,22.88,17100
FLG-U,01-Jul-2026,41.25,41.41,41.25,41.31,3300
FLGpA,01-Jul-2026,22.99,23,22.6614,22.88,16295
FLGpU,01-Jul-2026,41.25,41.41,41.25,41.31,2911
FLNG,01-Jul-2026,28.05,28.89,28,28.62,402500
FLO,01-Jul-2026,8.03,8.46,8.01,8.41,7240500
FLOC,01-Jul-2026,21.02,21.47,20.49,20.67,891500
FLR,01-Jul-2026,51.9,51.94,49.95,50.35,2274400
FLS,01-Jul-2026,72.86,74.37,72.18,72.38,1809600
FLUT,01-Jul-2026,104.15,106.79,103.14,105.39,1735100
FLXR,01-Jul-2026,39,39.03,38.97,38.98,520400
FMC,01-Jul-2026,12.08,12.3,10.7511,10.95,8770900
FMN,01-Jul-2026,11.51,11.53,11.43,11.45,25600
FMS,01-Jul-2026,22.67,23.05,22.67,22.86,1006500
FMX,01-Jul-2026,125.22,128.87,125.22,128.11,596900
FMY,01-Jul-2026,11.7,11.875,11.7,11.7001,2400
FN,01-Jul-2026,543.79,556.11,528,547.18,684400
FNB,01-Jul-2026,19.1,19.5051,19.03,19.43,4137800
FND,01-Jul-2026,58.99,60.23,58.53,59.06,2369800
FNF,01-Jul-2026,47.27,48.47,47.185,47.93,1579500
FNV,01-Jul-2026,207.4,214.17,207.4,208.49,644100
FOA,01-Jul-2026,27.56,29.79,27.2,27.9,91800
FOF,01-Jul-2026,13.96,13.96,13.66,13.88,38300
FOR,01-Jul-2026,31.5,32.0399,30.69,31.21,120800
FOU-A,01-Jul-2026,62.3,63.245,62.3,62.63,1500
FOUR,01-Jul-2026,48.48,50.17,47.44,49.2,1301400
FOURpA,01-Jul-2026,62.3,63.245,62.3,62.63,861
FpB,01-Jul-2026,20.34,20.46,20.34,20.39,45344
FpC,01-Jul-2026,19.57,19.73,19.55,19.62,77549
FpD,01-Jul-2026,21.28,21.43,21.28,21.3799,73681
FPF,01-Jul-2026,18.06,18.17,18,18.04,86700
FPH,01-Jul-2026,5.22,5.27,5.16,5.21,160500
FPI,01-Jul-2026,9.58,9.72,9.58,9.66,342100
FPS,01-Jul-2026,54.22,55.6,49.855,49.9,11908700
FR,01-Jul-2026,61.22,61.98,60.955,61.61,1242000
FRA,01-Jul-2026,10.99,10.995,10.91,10.91,169400
FRO,01-Jul-2026,34.25,35.11,34.13,34.7,1704700
FRT,01-Jul-2026,121.84,122.595,119.97,120.41,1319700
FRT-C,01-Jul-2026,19.33,19.4799,19.32,19.4799,7800
FRTpC,01-Jul-2026,19.3194,19.4799,19.3194,19.4799,7380
FSCO,01-Jul-2026,4.95,5,4.9106,5,1128400
FSK,01-Jul-2026,10.5,10.81,10.5,10.64,3106700
FSM,01-Jul-2026,8.39,8.75,8.32,8.35,3287600
FSS,01-Jul-2026,128.71,130.94,126,127.59,996900
FSSL,01-Jul-2026,11.16,11.28,11.025,11.21,396600
FT,01-Jul-2026,8.04,8.14,8.03,8.07,46500
FTHY,01-Jul-2026,13.53,13.62,13.5,13.61,76100
FTI,01-Jul-2026,65.09,66.04,64.41,65.11,8410400
FTK,01-Jul-2026,23.31,24.4,23.1,23.65,201900
FTR.U,01-Jul-2026,10.13,10.17,10.125,10.13,70400
FTS,01-Jul-2026,57.16,57.2657,56.55,56.65,665800
FTV,01-Jul-2026,61.18,62.4,60.82,61.8,2231200
FTW,01-Jul-2026,12.17,12.26,12.06,12.06,22600
FTW.W,01-Jul-2026,1.45,1.45,1.38,1.38,6400
FTWO,01-Jul-2026,42.97,43.29,42.85,42.8512,9200
FUBO,01-Jul-2026,9.3,10.57,9.3,10.08,1893800
FUL,01-Jul-2026,58.1,58.785,57.23,57.28,966900
FUN,01-Jul-2026,21.28,21.64,19.95,20.46,2629100
FVR,01-Jul-2026,20.24,20.62,19.87,20.49,170100
FVRR,01-Jul-2026,10.52,11.065,10.4,10.91,591800
FXED,01-Jul-2026,17.61,17.7,17.3,17.47,7700
G,01-Jul-2026,28,28.915,27.73,28.26,2281600
GAB,01-Jul-2026,5.63,5.71,5.6231,5.63,762300
GAB-G,01-Jul-2026,19.98,19.98,19.8501,19.905,1900
GAB-H,01-Jul-2026,19.83,19.9799,19.83,19.84,5700
GAB-K,01-Jul-2026,19.91,19.97,19.85,19.97,2000
GABpG,01-Jul-2026,19.98,19.98,19.8501,19.905,1850
GABpH,01-Jul-2026,19.83,19.9799,19.83,19.84,5452
GABpK,01-Jul-2026,19.91,19.97,19.85,19.97,1806
GAM,01-Jul-2026,63.79,64.14,63.34,63.95,21300
GAM-B,01-Jul-2026,24.8,24.95,24.785,24.89,3800
GAMpB,01-Jul-2026,24.8,24.95,24.785,24.8982,3278
GAP,01-Jul-2026,18.76,18.99,18.51,18.82,8699300
GATX,01-Jul-2026,177.84,178.065,171.72,171.73,321700
GBAB,01-Jul-2026,14.46,14.46,14.29,14.33,52400
GBCI,01-Jul-2026,51.75,52.97,51.4009,52.75,1640000
GBTG,01-Jul-2026,9.42,9.42,9.39,9.4,1997400
GBX,01-Jul-2026,49.67,50.33,47.83,47.88,942300
GCO,01-Jul-2026,34.14,34.5,33.58,33.9,161800
GCT.W,01-Jul-2026,0.45,0.55,0.45,0.4531,40300
GCTS,01-Jul-2026,2.85,2.9063,2.735,2.76,2379500
GCTS.WS,01-Jul-2026,0.39,0.55,0.39,0.4531,39739
GCV,01-Jul-2026,4.68,4.7,4.6401,4.69,30400
GD,01-Jul-2026,356.15,365.06,355,362.86,1285300
GDDY,01-Jul-2026,87.01,88.52,86.51,86.91,1590900
GDIV,01-Jul-2026,18.33,18.39,18.2879,18.2879,10600
GDL,01-Jul-2026,8.45,8.5,8.45,8.459,9800
GDO,01-Jul-2026,10.7,10.84,10.6,10.73,48300
GDOT,01-Jul-2026,13.56,13.62,13.445,13.5,721500
GDV,01-Jul-2026,29.45,29.54,29.2901,29.45,74200
GDV-H,01-Jul-2026,21.6,21.72,21.6,21.7199,2900
GDV-K,01-Jul-2026,17.42,17.71,17.42,17.47,6600
GDVpH,01-Jul-2026,21.6,21.72,21.6,21.7199,2880
GDVpK,01-Jul-2026,17.42,17.71,17.42,17.47,6462
GE,01-Jul-2026,375.03,376.6899,371.38,374.94,3951400
GEF,01-Jul-2026,74.05,75.42,73.89,74.81,222800
GEF.B,01-Jul-2026,93.09,94,91.8,93.05,61900
GEL,01-Jul-2026,14.16,14.42,13.96,14.07,150800
GENI,01-Jul-2026,6.15,6.545,6.105,6.36,4628300
GEO,01-Jul-2026,29.77,30.68,29.65,30.33,1619300
GETY,01-Jul-2026,0.8339,0.835,0.759,0.77,10125300
GEV,01-Jul-2026,1146.4,1161.69,1116.59,1134.35,2359500
GF,01-Jul-2026,11.41,11.5799,11.3,11.45,25500
GFF,01-Jul-2026,96.72,97.4,92.3,92.37,337800
GFI,01-Jul-2026,34.035,35.25,33.65,33.73,3755700
GFL,01-Jul-2026,36.93,37.98,36.93,37.42,2902600
GFR,01-Jul-2026,5.64,5.69,5.5583,5.61,68000
GGB,01-Jul-2026,3.96,4.05,3.96,4.02,20422900
GGG,01-Jul-2026,75.79,76.06,74.58,74.82,1411500
GGT,01-Jul-2026,4.25,4.265,4.155,4.2,522900
GGT-E,01-Jul-2026,20.08,20.09,20.02,20.04,1300
GGT-G,01-Jul-2026,19.9,20.11,19.9,20.08,7000
GGTpE,01-Jul-2026,20.08,20.09,20.02,20.04,1196
GGTpG,01-Jul-2026,19.9,20.11,19.9,20.08,6900
GGZ,01-Jul-2026,16.33,16.4,16.3,16.34,8500
GHC,01-Jul-2026,1139,1183.22,1139,1169.91,19800
GHG,01-Jul-2026,1.14,1.15,1.1399,1.15,3000
GHI,01-Jul-2026,5.85,5.91,5.7801,5.88,23200
GHM,01-Jul-2026,121.65,122.08,118.62,119.44,219200
GHY,01-Jul-2026,12.14,12.14,11.97,12.04,138800
GIB,01-Jul-2026,65,66.7799,64.75,65.47,274300
GIC,01-Jul-2026,33.34,33.98,33.01,33.2,153400
GIL,01-Jul-2026,51.5,52.17,51.02,51.64,765400
GIS,01-Jul-2026,37.72,38.25,36.53,37.77,27489200
GJH,01-Jul-2026,9.5,9.5,9.5,9.5,600
GJS,01-Jul-2026,23.4399,23.4399,23.22,23.41,4500
GKOS,01-Jul-2026,139.06,141.4,136.225,137.57,707600
GL,01-Jul-2026,178.98,182.315,178.98,180.07,773000
GL-D,01-Jul-2026,15.2,15.4,15.1568,15.24,24100
GLAS,01-Jul-2026,12.6,12.98,12.1,12.32,1662700
GLED,01-Jul-2026,9.95,9.95,9.95,9.95,900
GLO-A,01-Jul-2026,25.52,25.64,25.52,25.62,4200
GLO-B,01-Jul-2026,25.65,25.9734,25.65,25.75,2900
GLO-C,01-Jul-2026,25.54,25.7,25.54,25.6,4700
GLOB,01-Jul-2026,29.77,31.92,29.77,31.39,3197100
GLOPpA,01-Jul-2026,25.52,25.64,25.52,25.62,4054
GLOPpB,01-Jul-2026,25.65,25.9734,25.65,25.75,2742
GLOPpC,01-Jul-2026,25.54,25.7,25.54,25.6,4460
GLP,01-Jul-2026,46.55,47.45,46.55,47.41,93400
GLP-B,01-Jul-2026,25.39,25.43,25.39,25.4001,60400
GLpD,01-Jul-2026,15.17,15.4,15.1568,15.21,22170
GLPpB,01-Jul-2026,25.36,25.56,25.36,25.4001,58235
GLW,01-Jul-2026,239.5,240.87,218.1101,220.63,22393400
GM,01-Jul-2026,76.99,77.515,75.2,75.52,7661900
GME,01-Jul-2026,21.95,22.745,21.91,22.64,4476000
GME.W,01-Jul-2026,2.85,2.99,2.76,2.91,338400
GME.WS,01-Jul-2026,2.87,2.99,2.76,2.91,305996
GMED,01-Jul-2026,79.47,80.21,75.14,75.96,2950400
GMMF,01-Jul-2026,100.26,100.26,100.25,100.25,23900
GMRS,01-Jul-2026,15.38,15.48,14.64,14.76,1266100
GNE,01-Jul-2026,14.51,14.74,14.485,14.58,61500
GNK,01-Jul-2026,24.74,25.19,24.58,24.66,206000
GNL,01-Jul-2026,8.9,9.04,8.9,8.93,2081000
GNL-A,01-Jul-2026,22.81,23.36,22.81,23.36,6300
GNL-B,01-Jul-2026,21.91,22.26,21.5751,21.87,6800
GNL-D,01-Jul-2026,23.83,23.83,23.3811,23.67,1600
GNL-E,01-Jul-2026,23.22,23.22,23.0681,23.155,2600
GNLpA,01-Jul-2026,22.81,23.339,22.81,23.32,5473
GNLpB,01-Jul-2026,21.91,22.26,21.5751,21.97,4668
GNLpD,01-Jul-2026,23.83,23.83,23.3811,23.67,1423
GNLpE,01-Jul-2026,23.22,23.22,23.0681,23.155,1960
GNRC,01-Jul-2026,288.05,289.41,269.19,270.22,1021900
GNT,01-Jul-2026,8.13,8.1999,8.13,8.13,119200
GNT-A,01-Jul-2026,20.05,20.2807,20.02,20.24,3500
GNTpA,01-Jul-2026,20.05,20.2807,20.02,20.24,3163
GNW,01-Jul-2026,9.54,9.645,9.495,9.55,3206400
GOF,01-Jul-2026,10.89,10.98,10.87,10.94,1148100
GOLD,01-Jul-2026,41.56,43.4,41.56,42.53,449600
GOLF,01-Jul-2026,118.45,119.365,115.16,118.31,270800
GOOS,01-Jul-2026,9.57,9.77,9.41,9.55,402400
GOTU,01-Jul-2026,1.67,1.815,1.66,1.77,591600
GPC,01-Jul-2026,117.93,119.65,116.94,117.4,1367300
GPGI,01-Jul-2026,15.92,16.73,15.58,16.63,1644400
GPI,01-Jul-2026,291.17,293.99,284.37,286.6,176300
GPJA,01-Jul-2026,21.21,21.37,21.2,21.29,23400
GPK,01-Jul-2026,10.69,10.8501,10.55,10.61,3465200
GPM-A,01-Jul-2026,17.3784,18.13,17.17,18,81800
GPMT,01-Jul-2026,1.44,1.48,1.41,1.47,193800
GPMTpA,01-Jul-2026,17.3784,18.13,17.17,18,77586
GPN,01-Jul-2026,73.51,76.59,72.62,75.05,4259200
GPOR,01-Jul-2026,169.19,170.425,165.06,165.41,554700
GPRK,01-Jul-2026,8.99,9.17,8.97,9.05,549900
GRB-A,01-Jul-2026,21.52,22.09,21.3901,21.63,2700
GRBK,01-Jul-2026,79.25,80.4,78.6501,78.66,379100
GRBKpA,01-Jul-2026,21.52,22.09,21.3901,21.63,2507
GRC,01-Jul-2026,90.94,92.78,88.08,88.72,269100
GRDN,01-Jul-2026,41.63,42.72,40.54,42.13,773200
GRMN,01-Jul-2026,237.43,241.18,234.86,237.64,651200
GRND,01-Jul-2026,15.28,16.36,15.28,15.69,4333100
GRNT,01-Jul-2026,4.37,4.466,4.33,4.36,950700
GROV,01-Jul-2026,1.27,1.31,1.2401,1.26,11900
GRX,01-Jul-2026,9.44,9.5,9.3,9.47,13600
GS,01-Jul-2026,1010,1033.53,1003,1019.61,1735000
GS-A,01-Jul-2026,19.08,19.379,19.08,19.27,126200
GS-C,01-Jul-2026,19.3,19.33,19.22,19.24,67600
GS-D,01-Jul-2026,18.89,19.0517,18.89,18.94,121100
GSBD,01-Jul-2026,9.51,9.73,9.5,9.69,1169300
GSK,01-Jul-2026,52.2,52.245,51.075,51.3,3202600
GSL,01-Jul-2026,37.6,38.3999,37.5262,37.78,201200
GSL-B,01-Jul-2026,26.87,27.1,26.6501,26.745,7500
GSLpB,01-Jul-2026,26.87,27.1,26.6501,26.745,6687
GSpA,01-Jul-2026,19.08,19.379,19.08,19.27,115910
GSpC,01-Jul-2026,19.3,19.33,19.22,19.24,51572
GSpD,01-Jul-2026,18.89,19.0517,18.89,18.94,101324
GTES,01-Jul-2026,28.09,28.355,27.14,27.15,2350700
GTLS,01-Jul-2026,208.93,209.18,208.63,208.68,930500
GTN,01-Jul-2026,3.99,4.325,3.98,3.99,1952600
GTN.A,01-Jul-2026,7.2,7.54,7.08,7.08,7300
GTY,01-Jul-2026,33.28,33.68,33.28,33.6,391300
GUG,01-Jul-2026,16,16,15.805,15.91,63900
GUT,01-Jul-2026,6.6,6.62,6.55,6.55,175500
GUT-C,01-Jul-2026,21.75,21.7778,21.26,21.75,1000
GUTpC,01-Jul-2026,21.75,21.7778,21.26,21.75,421
GVA,01-Jul-2026,157.74,158.465,149.32,149.82,795200
GWH,01-Jul-2026,0.99,1.03,0.8934,0.911,816500
GWRE,01-Jul-2026,126.02,132.09,126,127.65,1374800
GWW,01-Jul-2026,1358.55,1369.92,1338.2,1338.24,337800
GXO,01-Jul-2026,50.83,51.72,50.18,51.28,1223100
GYLD,01-Jul-2026,14.1,14.15,14.1,14.14,1500
H,01-Jul-2026,192.5,193.97,190.22,190.86,627700
HAE,01-Jul-2026,75.87,76.53,74.758,74.85,636800
HAFN,01-Jul-2026,6.63,6.66,6.505,6.56,2498300
HAL,01-Jul-2026,33.82,34.07,32.98,33.01,9791700
HASI,01-Jul-2026,38.99,39.76,38.62,38.63,732000
HAWK,01-Jul-2026,20.17,21.1967,20.17,20.37,1927800
HAYW,01-Jul-2026,17.24,17.415,16.95,16.97,3575900
HBB,01-Jul-2026,23.25,23.8299,22.77,22.92,32600
HBM,01-Jul-2026,22.94,23.37,22.53,22.59,3464500
HCA,01-Jul-2026,389.77,394.15,388.01,393.24,1177200
HCC,01-Jul-2026,79.83,83.245,78.2,78.26,710300
HCI,01-Jul-2026,175.84,180.93,175.5,178.64,167900
HCXY,01-Jul-2026,24.95,25.17,24.95,24.95,6700
HD,01-Jul-2026,353.98,357.12,350.84,350.84,4041300
HDB,01-Jul-2026,25.43,25.99,25.33,25.55,9697300
HE,01-Jul-2026,13.49,13.685,13.35,13.41,1654900
HEI,01-Jul-2026,358.6,364.095,355.65,359.7,470100
HEI.A,01-Jul-2026,260.02,265.195,259.04,261.65,280500
HEQ,01-Jul-2026,11.41,11.58,11.2786,11.5,31000
HESM,01-Jul-2026,37.61,37.96,37.5,37.79,542800
HF,01-Jul-2026,22.3,22.3,22.2237,22.2237,100
HFEQ,01-Jul-2026,24.4,24.495,24.3053,24.3053,9700
HFGM,01-Jul-2026,30.45,30.48,30.17,30.2274,19000
HFMF,01-Jul-2026,21.29,21.41,21.29,21.3153,17900
HFND,01-Jul-2026,24.3691,24.55,24.36,24.415,5400
HFR-A,01-Jul-2026,16.35,16.7357,16.32,16.41,8600
HFR-B,01-Jul-2026,16.3,16.3,16.24,16.25,1100
HFRO,01-Jul-2026,7.15,7.39,7.13,7.38,243100
HFROpA,01-Jul-2026,16.35,16.7357,16.32,16.41,7689
HFROpB,01-Jul-2026,16.3,16.3,16.24,16.25,778
HG,01-Jul-2026,34.01,34.53,33.78,33.78,388800
HGER,01-Jul-2026,29.37,29.64,29.34,29.51,1295800
HGLB,01-Jul-2026,7.57,7.705,7.48,7.63,214500
HGTY,01-Jul-2026,11.95,12.23,11.88,12.06,226500
HGV,01-Jul-2026,52.05,52.77,51.335,51.48,1243000
HHH,01-Jul-2026,71.65,73.38,71.5,72.53,356300
HIG,01-Jul-2026,132.86,135.385,132.52,133.89,1949000
HIG-G,01-Jul-2026,24.78,24.8,24.7,24.79,12800
HIGpG,01-Jul-2026,24.78,24.8,24.7,24.79,11472
HII,01-Jul-2026,283.2,285,278.33,278.97,395400
HIMS,01-Jul-2026,35.1,38.5,34.75,37.57,28032100
HIO,01-Jul-2026,3.63,3.69,3.63,3.65,1070700
HIPO,01-Jul-2026,28.5,29.64,28.1,29.34,216200
HIW,01-Jul-2026,30.28,30.92,30.18,30.91,1648200
HIX,01-Jul-2026,3.96,3.98,3.94,3.98,334800
HKD,01-Jul-2026,1.56,1.705,1.56,1.64,224200
HL,01-Jul-2026,15.26,16.185,15.22,15.59,26193700
HL-B,01-Jul-2026,63.15,65.315,63.15,65.315,300
HLF,01-Jul-2026,12.96,13.31,12.84,12.99,2028300
HLI,01-Jul-2026,134.8,140,134.8,137.96,939400
HLIO,01-Jul-2026,89.83,89.83,84.27,84.37,466800
HLL.W,01-Jul-2026,0.033,0.033,0.0252,0.0252,15000
HLLY,01-Jul-2026,2.53,2.56,2.45,2.45,964700
HLLY.WS,01-Jul-2026,0.033,0.033,0.0252,0.0252,14968
HLN,01-Jul-2026,9.38,9.47,9.35,9.4,8392900
HLpB,01-Jul-2026,63.15,65.315,63.15,65.315,300
HLT,01-Jul-2026,329.78,335.13,329.03,332.12,2092000
HLX,01-Jul-2026,8.74,8.75,8.465,8.51,1668800
HMC,01-Jul-2026,27.14,27.375,27,27.26,1804400
HMN,01-Jul-2026,51.87,52.93,51.77,52.62,244600
HMY,01-Jul-2026,15.2,15.81,15.14,15.18,3164700
HNGE,01-Jul-2026,83.58,86.66,81.72,85.07,2007500
HNI,01-Jul-2026,40.5,40.915,40.28,40.64,836900
HOG,01-Jul-2026,24.44,24.451,23.995,24.15,2350100
HOMB,01-Jul-2026,28.66,29.08,28.515,28.9,2336600
HOV,01-Jul-2026,139.94,143.68,135.01,135.01,191500
HP,01-Jul-2026,32.88,33.2,30.75,30.92,1554200
HPE,01-Jul-2026,44.43,44.5,42.84,43.95,20470700
HPE-C,01-Jul-2026,115.5,115.5,111.8,114,119800
HPEpC,01-Jul-2026,115.5,115.5,111.8,114,31719
HPF,01-Jul-2026,15.85,15.975,15.85,15.93,23000
HPI,01-Jul-2026,16.25,16.3894,16.1801,16.26,65300
HPP,01-Jul-2026,15.2,16.15,15.115,16.08,1010300
HPP-C,01-Jul-2026,13.93,14.4855,13.93,14.46,6500
HPPpC,01-Jul-2026,13.93,14.4855,13.93,14.46,6011
HPQ,01-Jul-2026,21.93,22.49,21.89,22.02,11895100
HPS,01-Jul-2026,14.53,14.55,14.5,14.51,51900
HQH,01-Jul-2026,21.98,22.17,21.53,21.73,240000
HQL,01-Jul-2026,20.06,20.1999,19.83,19.98,142000
HR,01-Jul-2026,20.16,20.38,20.12,20.29,2879700
HRB,01-Jul-2026,38.91,40.195,38.77,39.34,1621200
HRI,01-Jul-2026,143,145.265,140.14,140.23,381600
HRL,01-Jul-2026,24.98,25.29,24.675,24.88,4670100
HRTG,01-Jul-2026,26.44,27.04,26.245,26.81,459600
HSBC,01-Jul-2026,94.73,96.42,94.66,95.81,1390400
HSHP,01-Jul-2026,13.29,13.64,13.29,13.4,183500
HSY,01-Jul-2026,175.22,180.95,175.22,178.67,2573400
HTB,01-Jul-2026,50,50.89,49.96,50.8,129000
HTD,01-Jul-2026,25.45,25.4533,25.01,25.26,85800
HTFC,01-Jul-2026,24.92,24.92,24.82,24.82,500
HTGC,01-Jul-2026,15.89,16,15.82,15.92,1222200
HTH,01-Jul-2026,38.97,39.67,37.89,39.37,316300
HTT,01-Jul-2026,2.57,2.62,2.53,2.57,460800
HUBB,01-Jul-2026,518,518,489.08,490.12,739700
HUBS,01-Jul-2026,189.32,192,186.93,187.72,1173200
HUM,01-Jul-2026,395.67,414.82,391.9654,409.42,1689300
HUN,01-Jul-2026,10.41,10.69,10.32,10.55,6492700
HUYA,01-Jul-2026,2.33,2.44,2.32,2.42,845600
HVT,01-Jul-2026,25.37,25.69,25.15,25.44,82500
HWM,01-Jul-2026,271.34,273.48,266.44,267.41,2758700
HXL,01-Jul-2026,100,100.575,98.08,98.09,768100
HY,01-Jul-2026,35.05,35.05,33.38,33.54,85200
HYBX,01-Jul-2026,29.57,29.615,29.53,29.57,2000
HYI,01-Jul-2026,10.6,10.69,10.6,10.67,59800
HYT,01-Jul-2026,8.54,8.5868,8.52,8.55,680700
HYTR,01-Jul-2026,21.37,21.375,21.355,21.375,37500
HZO,01-Jul-2026,35.94,36.86,35.43,35.75,193400
IAE,01-Jul-2026,9.16,9.16,8.8,8.92,134700
IAG,01-Jul-2026,15.76,16.535,15.7207,15.77,2968200
IBM,01-Jul-2026,279.66,294.49,278.96,286.25,6905800
IBN,01-Jul-2026,28.8,29.16,28.79,28.97,12181400
IBP,01-Jul-2026,226.9,232.79,223.72,224.02,427600
IBTA,01-Jul-2026,34.67,35.91,33.98,35.91,161900
ICE,01-Jul-2026,124.06,128.7,123.61,126.73,5893500
ICL,01-Jul-2026,5.01,5.09,4.99,5.03,1576600
ICR-A,01-Jul-2026,21.99,22.0999,21.935,21.935,1600
ICRpA,01-Jul-2026,21.99,22.0999,21.935,21.935,1438
IDA,01-Jul-2026,150.72,151.705,149.57,150.12,536100
IDE,01-Jul-2026,13.79,13.895,13.7702,13.81,30400
IDT,01-Jul-2026,58.79,59.4599,57.58,57.95,188100
IEX,01-Jul-2026,227.11,229.24,224.34,224.96,862700
IFF,01-Jul-2026,79.24,81.62,78.95,81.15,2236000
IFN,01-Jul-2026,11.68,11.84,11.6101,11.75,205100
IFS,01-Jul-2026,56.49,58.92,56.49,58.29,312000
IGA,01-Jul-2026,9.77,9.88,9.73,9.85,85600
IGCB,01-Jul-2026,45.6185,45.6185,45.6185,45.6185,100
IGD,01-Jul-2026,6.07,6.175,6.07,6.13,169700
IGI,01-Jul-2026,16.1,16.29,16.0735,16.13,6800
IGR,01-Jul-2026,4.6,4.6,4.54,4.56,516100
IH,01-Jul-2026,1.41,1.41,1.3825,1.39,3700
IHD,01-Jul-2026,7.79,7.82,7.65,7.67,83800
IHG,01-Jul-2026,169.44,170.47,168,168.41,250800
IHS,01-Jul-2026,8.21,8.245,8.185,8.2,2666000
IIF,01-Jul-2026,22.71,22.9499,22.71,22.83,15200
IIIN,01-Jul-2026,30.09,30.6,29.7901,30.34,206300
IIM,01-Jul-2026,12.72,12.87,12.72,12.86,80000
IIP-A,01-Jul-2026,24.8,24.84,24.51,24.65,43200
IIPR,01-Jul-2026,61.68,63.42,61.51,62.7,362400
IIPRpA,01-Jul-2026,24.8,24.84,24.51,24.6115,39253
IMAX,01-Jul-2026,40.17,41.62,39.521,40.4,846000
INF.W,01-Jul-2026,6.83,6.99,6.54,6.7,69600
INFO,01-Jul-2026,27.11,27.18,27.11,27.1142,8800
INFQ,01-Jul-2026,13.16,13.57,12.76,12.93,9803800
INFY,01-Jul-2026,10.42,10.78,10.42,10.65,28803800
ING,01-Jul-2026,31.09,31.575,31.04,31.48,2513900
INGM,01-Jul-2026,27.14,27.7008,27.01,27.18,1451600
INGR,01-Jul-2026,94.7,96.31,94.55,95.62,1018600
INN,01-Jul-2026,6.97,6.995,6.59,6.68,1349000
INN-E,01-Jul-2026,17.69,17.74,17.66,17.74,3400
INN-F,01-Jul-2026,16.65,16.69,16.55,16.67,18200
INNpE,01-Jul-2026,17.69,17.71,17.66,17.6874,2600
INNpF,01-Jul-2026,16.65,16.69,16.55,16.67,17188
INR,01-Jul-2026,12.78,12.99,12.3,12.32,262100
INSP,01-Jul-2026,45.21,47.1,45.21,45.46,1348600
INSW,01-Jul-2026,75.87,78.64,75.87,77.78,465100
INVH,01-Jul-2026,30.31,30.605,30.31,30.35,4601800
INVX,01-Jul-2026,24.31,24.83,23.97,24.28,369100
ION.W,01-Jul-2026,40.43,43.61,40.43,41.09,1400
IONQ,01-Jul-2026,52.17,54.76,51.4,51.4,14440700
IONQ.WS,01-Jul-2026,40.43,43.61,40.43,41.09,942
IOT,01-Jul-2026,33.36,35.75,33.04,34.18,5647500
IP,01-Jul-2026,38.02,39.025,37.89,38.34,4196700
IPI,01-Jul-2026,32.74,33.535,32.6,33.51,428700
IQI,01-Jul-2026,10.09,10.21,10.09,10.17,218400
IQV,01-Jul-2026,195.14,206.5,195.14,203.2,2484100
IR,01-Jul-2026,81.63,82.73,80.29,80.86,2899800
IRA.W,01-Jul-2026,0.27,0.27,0.27,0.27,2100
IRAB,01-Jul-2026,9.93,9.94,9.93,9.94,28800
IRM,01-Jul-2026,125.62,126.5255,121.25,121.9,2204200
IRS,01-Jul-2026,15.44,15.72,14.86,15.45,128800
IRT,01-Jul-2026,16.75,17.19,16.68,17.16,3159100
ISD,01-Jul-2026,13.06,13.09,12.9535,12.97,102200
IT,01-Jul-2026,131.82,137.09,131.82,133.76,1470500
ITGR,01-Jul-2026,94.41,96.165,93.65,94.57,398600
ITT,01-Jul-2026,196.06,196.08,188.74,188.84,1041000
ITUB,01-Jul-2026,8.07,8.225,8.04,8.13,18388700
ITW,01-Jul-2026,268.77,272.15,265.861,268.97,1408300
IVR,01-Jul-2026,7.87,7.94,7.83,7.89,2861200
IVR-C,01-Jul-2026,24.5,24.66,24.5,24.65,22600
IVRpC,01-Jul-2026,24.5,24.66,24.5,24.66,20969
IVT,01-Jul-2026,35.65,35.65,34.93,34.93,793100
IVZ,01-Jul-2026,26.34,27.4,26.23,26.83,5218400
IX,01-Jul-2026,37.85,38.81,37.85,38.4,184800
J,01-Jul-2026,126.35,127.63,124.58,124.63,1284400
JAC-,01-Jul-2026,0.14,0.15,0.14,0.15,40200
JACS,01-Jul-2026,10.65,10.7,10.65,10.66,23800
JAN,01-Jul-2026,28.77,29.18,28.5,28.99,1609800
JBGS,01-Jul-2026,14.71,15.51,14.66,15.18,849900
JBI,01-Jul-2026,5.47,5.61,5.39,5.42,1313700
JBK,01-Jul-2026,25.86,25.96,25.86,25.96,200
JBL,01-Jul-2026,377.66,379.19,367.59,375.34,1189500
JBND,01-Jul-2026,53.2,53.3,53.2,53.24,593200
JBS,01-Jul-2026,11.81,12.11,11.8,12.07,6528300
JBTM,01-Jul-2026,145.02,147.2,141.98,145,558100
JCE,01-Jul-2026,16.4,16.51,16.23,16.37,89300
JCI,01-Jul-2026,144.25,151.18,142.715,144.8,9190500
JEF,01-Jul-2026,50.01,51.86,50.01,51.3,2059000
JELD,01-Jul-2026,1.51,1.59,1.47,1.49,1962700
JEN-,01-Jul-2026,0.17,0.17,0.17,0.17,50000
JENA,01-Jul-2026,10.42,10.61,10.36,10.42,111700
JENAr,01-Jul-2026,0.17,0.17,0.17,0.17,50000
JFR,01-Jul-2026,7.71,7.7199,7.675,7.69,695700
JGH,01-Jul-2026,12.77,12.83,12.64,12.68,90400
JHI,01-Jul-2026,13.27,13.37,13.27,13.3518,5500
JHS,01-Jul-2026,10.98,11.06,10.96,10.98,13400
JHX,01-Jul-2026,25.68,25.925,25.525,25.71,5735400
JILL,01-Jul-2026,16.04,16.71,15.605,16.35,85800
JKS,01-Jul-2026,16.61,17.03,16.12,16.19,737300
JLL,01-Jul-2026,311.16,323.64,308.92,318.35,392700
JLS,01-Jul-2026,17.48,17.61,17.42,17.47,14800
JMIA,01-Jul-2026,6.98,7.46,6.94,7.24,3212200
JMM,01-Jul-2026,5.89,5.895,5.87,5.878,4900
JNJ,01-Jul-2026,253.25,254.2,251.075,253.98,6516500
JOB.W,01-Jul-2026,0.34,0.3988,0.3287,0.35,114300
JOBY,01-Jul-2026,8.84,9.31,8.73,8.84,46136600
JOBY.WS,01-Jul-2026,0.34,0.3988,0.3287,0.35,111903
JOE,01-Jul-2026,62.94,63.755,61.38,61.42,390100
JOF,01-Jul-2026,11.81,11.9588,11.71,11.75,38100
JPC,01-Jul-2026,7.87,7.915,7.84,7.84,1031200
JPM,01-Jul-2026,328.36,335.64,325.01,334.07,15210100
JPM-C,01-Jul-2026,25.28,25.36,25.28,25.3,126000
JPM-D,01-Jul-2026,24,24.14,23.95,24,190400
JPM-J,01-Jul-2026,19.24,19.4,19.24,19.32,49400
JPM-K,01-Jul-2026,18.38,18.56,18.38,18.49,80300
JPM-L,01-Jul-2026,18.69,18.8563,18.65,18.74,129600
JPM-M,01-Jul-2026,17.13,17.32,17.13,17.23,200800
JPMpC,01-Jul-2026,25.28,25.36,25.28,25.31,109447
JPMpD,01-Jul-2026,24,24.14,23.95,23.99,179551
JPMpJ,01-Jul-2026,19.24,19.4,19.24,19.32,42500
JPMpK,01-Jul-2026,18.38,18.56,18.38,18.45,73269
JPMpL,01-Jul-2026,18.75,18.8563,18.62,18.74,115216
JPMpM,01-Jul-2026,17.13,17.32,17.13,17.24,190306
JQC,01-Jul-2026,4.88,4.88,4.82,4.85,1141700
JRI,01-Jul-2026,12.99,13,12.925,12.94,116300
JRS,01-Jul-2026,8.48,8.6,8.43,8.55,178600
JXN,01-Jul-2026,103.29,104.91,102.465,104.53,579400
JXN-A,01-Jul-2026,25.33,25.5,25.31,25.33,37900
JXNpA,01-Jul-2026,25.3,25.5,25.3,25.31,31472
KAI,01-Jul-2026,314.65,318.08,306.545,306.96,170600
KB,01-Jul-2026,103.08,103.73,102.44,102.58,384600
KBDC,01-Jul-2026,13.57,13.85,13.57,13.68,210000
KBH,01-Jul-2026,61.65,62.67,60.525,60.62,842900
KBR,01-Jul-2026,34.6,35.35,34.38,34.67,2395200
KCA.W,01-Jul-2026,1.33,2.3,1.21,1.27,7800
KD,01-Jul-2026,11.48,12.2799,11.48,12,5470800
KEN,01-Jul-2026,69.71,70.49,69.08,69.23,42000
KEP,01-Jul-2026,12.1,12.1487,11.985,12.02,994400
KEX,01-Jul-2026,135.58,136.41,130.55,130.97,668700
KEY,01-Jul-2026,23.06,23.51,22.925,23.25,11474400
KEY-I,01-Jul-2026,24.91,25.03,24.91,25.0001,26700
KEY-J,01-Jul-2026,20.87,20.99,20.74,20.97,10700
KEY-K,01-Jul-2026,20.61,20.67,20.43,20.6,17500
KEY-L,01-Jul-2026,24.93,25.04,24.92,25.03,12800
KEYpI,01-Jul-2026,24.91,25.03,24.91,25.0001,23470
KEYpJ,01-Jul-2026,20.87,20.99,20.74,20.8676,8154
KEYpK,01-Jul-2026,20.61,20.67,20.43,20.6,14787
KEYpL,01-Jul-2026,24.93,25.04,24.92,25.03,9961
KEYS,01-Jul-2026,342.14,345.2,334.11,335.6,1318200
KF,01-Jul-2026,72.93,72.93,70.2,70.2,16200
KFRC,01-Jul-2026,47.25,51,47.25,50.62,180700
KFY,01-Jul-2026,67.72,69.53,67.1601,67.73,917000
KGC,01-Jul-2026,23.46,24.45,23.33,23.47,5553000
KGS,01-Jul-2026,74.91,75.305,72.27,72.4,1937500
KIM,01-Jul-2026,25.34,25.47,25.08,25.08,4600700
KIM-L,01-Jul-2026,19.18,19.3,19.17,19.23,16200
KIM-M,01-Jul-2026,19.48,19.6799,19.3102,19.59,35100
KIMpL,01-Jul-2026,19.18,19.3,19.17,19.17,14067
KIMpM,01-Jul-2026,19.48,19.6799,19.3102,19.54,32206
KIO,01-Jul-2026,11.26,11.38,11.2529,11.35,284100
KKR,01-Jul-2026,93.1,94.289,92.01,92.56,3505900
KKR-D,01-Jul-2026,40.61,40.61,40,40.09,173100
KKRpD,01-Jul-2026,40.61,40.61,40,40.09,14751
KKRS,01-Jul-2026,16.16,16.2965,16.16,16.25,16100
KKRT,01-Jul-2026,24.28,24.37,24.197,24.31,33000
KLAR,01-Jul-2026,21.99,22.09,20.255,20.44,10945700
KLC,01-Jul-2026,4.3,4.965,4.23,4.8,975900
KMI,01-Jul-2026,31.85,32.03,31.505,31.72,8380300
KMPB,01-Jul-2026,23.69,23.81,23.69,23.73,7600
KMPR,01-Jul-2026,27.32,28.285,27.22,28.26,972600
KMT,01-Jul-2026,35.01,35.01,33.53,33.62,1039100
KMX,01-Jul-2026,52.63,53.15,51.68,51.82,3319300
KN,01-Jul-2026,40.76,41.265,40.22,40.51,794100
KNF,01-Jul-2026,83.06,83.555,81.13,82.87,339600
KNOP,01-Jul-2026,9.87,10.02,9.8,9.9,104300
KNSL,01-Jul-2026,333.3,346.84,332.39,345.27,428500
KNTK,01-Jul-2026,48.32,48.68,47.27,47.6,957700
KNX,01-Jul-2026,78.44,78.72,75.6802,77.37,2776800
KO,01-Jul-2026,81.7,81.975,80.96,81.29,21734800
KODK,01-Jul-2026,9.25,9.57,9.25,9.3,689800
KOF,01-Jul-2026,105.58,106.645,104.985,105.8,73400
KOP,01-Jul-2026,44.78,45.5621,44.48,44.56,126200
KORE,01-Jul-2026,9.3,9.3,9.23,9.26,39100
KOS,01-Jul-2026,2.09,2.12,2,2.03,15396300
KPE.U,01-Jul-2026,10.2,10.2,10.2,10.2,73100
KPE.W,01-Jul-2026,0.65,0.65,0.61,0.61,7000
KR,01-Jul-2026,54.5,56.25,54.15,56.24,8623200
KRC,01-Jul-2026,37.47,39.4,37.36,39.16,1844700
KRE-A,01-Jul-2026,17.85,18.0699,17.83,17.92,16400
KREF,01-Jul-2026,6.89,7.225,6.86,7.12,1231000
KREFpA,01-Jul-2026,17.85,18.0699,17.83,17.93,15319
KRG,01-Jul-2026,28.4,28.465,28.155,28.31,2079700
KRMN,01-Jul-2026,50.77,55.22,50.5332,54.93,4786700
KRO,01-Jul-2026,6.28,6.33,6.11,6.13,223400
KRP,01-Jul-2026,14.52,14.63,14.475,14.51,358600
KRS.U,01-Jul-2026,10.65,11.5,10.65,10.81,24000
KRS.W,01-Jul-2026,0.9,1.43,0.9,1.35,23200
KRSP,01-Jul-2026,10.5,10.52,10.5,10.51,8400
KRSP.U,01-Jul-2026,10.65,11.5,10.65,10.73,11452
KSS,01-Jul-2026,17.72,18.93,17.56,18.77,4605800
KT,01-Jul-2026,17.14,17.375,17.125,17.26,1212600
KTB,01-Jul-2026,83.48,85.9008,83.02,83.81,630300
KTF,01-Jul-2026,9.2,9.29,9.2,9.27,78100
KTH,01-Jul-2026,28.575,28.575,28.575,28.575,500
KTN,01-Jul-2026,25.54,25.54,25.31,25.49,1300
KVUE,01-Jul-2026,19.13,19.445,19.08,19.33,18773300
KVYO,01-Jul-2026,15.54,16.455,15.5,16.36,6510000
KWR,01-Jul-2026,158,162.5,156.2,161.25,153000
KWY,01-Jul-2026,10.35,10.56,10.2501,10.44,65100
KYN,01-Jul-2026,13.68,13.835,13.65,13.75,335500
L,01-Jul-2026,113.64,115.1,113.5,114.12,770000
LAC,01-Jul-2026,3.78,3.95,3.77,3.83,6444500
LAD,01-Jul-2026,288.57,295.54,286.21,290.3,190200
LADR,01-Jul-2026,9.93,10.055,9.93,9.98,843800
LANV,01-Jul-2026,1.38,1.42,1.38,1.39,3300
LAR,01-Jul-2026,8.15,8.41,8.12,8.17,1041300
LAW,01-Jul-2026,3.86,4.0499,3.86,3.91,188800
LAZ,01-Jul-2026,42.04,43.08,41.26,41.32,1345400
LB,01-Jul-2026,78.87,79.92,72.18,72.3,721400
LBRT,01-Jul-2026,25.89,26.19,24.28,24.31,3447100
LCII,01-Jul-2026,103.8,106.43,100.1801,102.04,1247400
LCLN,01-Jul-2026,23.95,24.67,23.92,24.49,781600
LDI,01-Jul-2026,1.25,1.32,1.235,1.26,2133200
LDOS,01-Jul-2026,103.89,105.81,103.05,103.07,1645300
LDP,01-Jul-2026,21.17,21.335,21.1473,21.26,48200
LEA,01-Jul-2026,132.97,133.235,130.32,130.39,390600
LEG,01-Jul-2026,11.65,11.735,11.49,11.67,2147000
LEN,01-Jul-2026,89.13,90.85,86.77,87.06,2682800
LEN.B,01-Jul-2026,89.43,89.43,84.92,85.04,64200
LEO,01-Jul-2026,6.46,6.51,6.45,6.51,304600
LEU,01-Jul-2026,167.87,174.095,165,166.34,683700
LEVI,01-Jul-2026,24.6,25.58,24.47,24.5,3247400
LFT,01-Jul-2026,0.92,0.9662,0.92,0.939,208600
LFT-A,01-Jul-2026,18.8,18.8,18.5,18.5001,2600
LFTpA,01-Jul-2026,18.8,18.8,18.5,18.5001,2094
LGI,01-Jul-2026,18.51,18.63,18.4,18.55,48700
LH,01-Jul-2026,280.48,286.55,278.705,283.88,721900
LHX,01-Jul-2026,293.99,296.35,291.93,292.23,1911200
LII,01-Jul-2026,568.06,587.27,564.24,571.08,597100
LION,01-Jul-2026,15.22,15.355,14.945,15.03,1563400
LITB,01-Jul-2026,3.15,3.315,2.805,2.92,15100
LLY,01-Jul-2026,1217.505,1217.505,1173.93,1191.74,2720400
LMND,01-Jul-2026,65.8,70.37,65.8,69.33,1814500
LMT,01-Jul-2026,517,524.24,514.345,521.82,1277900
LNC,01-Jul-2026,35.54,36.615,35.44,36.23,1606000
LNC-D,01-Jul-2026,26.09,26.23,26.06,26.06,39800
LNCpD,01-Jul-2026,26.25,26.34,26.0601,26.07,33232
LND,01-Jul-2026,3.56,3.59,3.55,3.59,48900
LNG,01-Jul-2026,238.33,244.02,236.18,243.92,1894300
LNN,01-Jul-2026,122.89,124.38,121.04,121.07,168200
LOAR,01-Jul-2026,80.87,82.18,79.7,80.26,831600
LOB,01-Jul-2026,40.81,42.16,40.67,41.79,277500
LOB-A,01-Jul-2026,25.185,25.33,25.185,25.215,6900
LOBpA,01-Jul-2026,25.185,25.33,25.185,25.215,6340
LOCL,01-Jul-2026,1.3,1.32,1.27,1.3,11100
LOMA,01-Jul-2026,11.32,11.52,11.01,11.32,335900
LOW,01-Jul-2026,222.76,226.49,220.7,221.92,2864700
LPG,01-Jul-2026,34.94,35.94,34.94,35.15,647300
LPL,01-Jul-2026,3.77,3.78,3.63,3.65,3666800
LPX,01-Jul-2026,78.29,80.13,78.06,78.66,1072900
LRN,01-Jul-2026,87.49,91.42,87.24,88.57,781300
LSPD,01-Jul-2026,10.6,10.88,10.6,10.8,879600
LTC,01-Jul-2026,38.73,38.99,38.5828,38.85,459400
LTH,01-Jul-2026,40.75,40.99,39.52,40.04,4346800
LTM,01-Jul-2026,58.02,58.11,56.7,56.91,370700
LU,01-Jul-2026,1.32,1.44,1.32,1.43,1001000
LUCK,01-Jul-2026,7.53,8.03,7.53,7.77,136100
LUMN,01-Jul-2026,7.55,7.66,7.13,7.15,13703700
LUV,01-Jul-2026,52.05,52.2299,50.46,50.47,5010000
LUXE,01-Jul-2026,7.46,7.83,7.46,7.78,285600
LVS,01-Jul-2026,46.16,46.28,45.62,46.25,4243000
LVW.W,01-Jul-2026,0.023,0.0262,0.02,0.023,24900
LVWR,01-Jul-2026,1.13,1.205,1.11,1.11,160600
LVWR.WS,01-Jul-2026,0.0279,0.0279,0.02,0.023,24698
LW,01-Jul-2026,43.58,45.27,43.32,44.54,1618300
LXFR,01-Jul-2026,17.91,18.31,17.71,17.94,178600
LXP,01-Jul-2026,54.09,55.49,53.89,54.56,500000
LXP-C,01-Jul-2026,45.62,46.3,45.62,45.82,1900
LXPpC,01-Jul-2026,45.62,46.3,45.62,45.82,1402
LXU,01-Jul-2026,10.87,11,10.57,10.64,624000
LYB,01-Jul-2026,52.07,53.42,51.98,52.58,4829500
LYG,01-Jul-2026,5.82,5.94,5.82,5.9,16093500
LYV,01-Jul-2026,184.24,187.635,180.88,183.98,3150100
LZB,01-Jul-2026,39.95,40.25,39.15,39.77,587800
LZM,01-Jul-2026,3.88,3.9799,3.745,3.75,413300
LZM.W,01-Jul-2026,0.4,0.41,0.4,0.4,2400
LZM.WS,01-Jul-2026,0.41,0.41,0.4,0.4,2466
M,01-Jul-2026,23.31,23.675,23.02,23.43,4069300
MA,01-Jul-2026,517.25,530.41,513.42,522.44,4413100
MAA,01-Jul-2026,139.6,142.1,139.22,139.94,986000
MAA-I,01-Jul-2026,54.4,54.4,53.38,54.2,1300
MAApI,01-Jul-2026,54.4,54.4,53.38,54.2,1196
MAC,01-Jul-2026,25.22,25.645,25.16,25.42,3812600
MAGN,01-Jul-2026,11.73,12.03,11.51,11.94,286800
MAIN,01-Jul-2026,52.01,52.95,51.875,52.02,692600
MAIR,01-Jul-2026,38.72,38.72,37.31,37.73,5628900
MAN,01-Jul-2026,34.17,37.75,34.17,37.13,1617700
MANE,01-Jul-2026,122.13,131.2399,120,128.48,737900
MANU,01-Jul-2026,23.1,23.5499,22.965,23.01,254100
MAS,01-Jul-2026,81.07,82.9,80.35,81.64,2650400
MATV,01-Jul-2026,7.57,7.7126,7.42,7.44,403000
MATX,01-Jul-2026,192.23,207.88,191.89,203.92,533000
MAX,01-Jul-2026,12.7,13.1,12.41,12.8,1320700
MBC,01-Jul-2026,10.24,10.355,9.97,9.98,2195300
MBGL,01-Jul-2026,20.3,21.5,18.1,21.19,97846300
MBI,01-Jul-2026,6.58,6.82,6.54,6.75,329600
MC,01-Jul-2026,65.84,67.32,65.6966,66.42,877500
MCB,01-Jul-2026,98.98,101.63,98.52,100.57,176000
MCD,01-Jul-2026,270.25,272.45,268.9,269.43,3902000
MCI,01-Jul-2026,17.56,17.61,17.26,17.273,18800
MCK,01-Jul-2026,757,772.51,747.65,768.06,1200700
MCN,01-Jul-2026,5.53,5.61,5.5,5.54,79100
MCO,01-Jul-2026,455.49,474.39,454,468.38,1080500
MCS,01-Jul-2026,23.33,23.55,22.81,23.2,293800
MCY,01-Jul-2026,107.51,109.31,106.37,108.54,360600
MD,01-Jul-2026,25.5,26.44,25.5,26.14,987300
MDA,01-Jul-2026,40.77,41.381,39.33,39.5,650600
MDST,01-Jul-2026,28.8,28.925,28.5,28.53,51900
MDT,01-Jul-2026,78.6,80.28,78.6,79.2,7640500
MDU,01-Jul-2026,21.16,21.24,20.705,20.71,1689700
MDV,01-Jul-2026,17.29,17.58,17.2721,17.4,69400
MDV-A,01-Jul-2026,24.88,25.05,24.88,25.0499,11600
MDVpA,01-Jul-2026,24.88,25.05,24.88,25.0499,11240
MEC,01-Jul-2026,37,37.265,34.96,35.21,674300
MED,01-Jul-2026,10.65,11.065,10.65,11.03,203600
MEGI,01-Jul-2026,15.2,15.49,15.09,15.12,113500
MEI,01-Jul-2026,18.67,18.8,17.89,18.41,703100
MER-K,01-Jul-2026,25.58,25.65,25.525,25.625,13100
MERpK,01-Jul-2026,25.58,25.65,25.525,25.625,10465
MET,01-Jul-2026,85.01,87.53,85.01,87.2,3500200
MET-A,01-Jul-2026,21.17,21.37,21.17,21.27,40000
MET-E,01-Jul-2026,22.54,22.7,22.51,22.63,39600
MET-F,01-Jul-2026,18.6,18.8,18.6,18.78,58500
METpA,01-Jul-2026,21.17,21.37,21.17,21.27,34785
METpE,01-Jul-2026,22.54,22.7,22.51,22.615,34632
METpF,01-Jul-2026,18.6,18.8,18.6,18.78,52677
MFA,01-Jul-2026,9.61,9.68,9.55,9.58,2005900
MFA-B,01-Jul-2026,20.1,20.28,20.1,20.16,10900
MFA-C,01-Jul-2026,22.65,22.73,22.62,22.65,23800
MFAN,01-Jul-2026,25.15,25.26,25.14,25.24,9800
MFAO,01-Jul-2026,25.24,25.295,25.235,25.28,5500
MFApB,01-Jul-2026,20.25,20.28,20.1,20.16,9623
MFApC,01-Jul-2026,22.65,22.73,22.62,22.65,21173
MFC,01-Jul-2026,40.43,41.04,40.43,40.72,795700
MFG,01-Jul-2026,9.69,9.8499,9.69,9.8,3790400
MFM,01-Jul-2026,5.61,5.62,5.59,5.61,273000
MFSB,01-Jul-2026,24.86,24.915,24.86,24.9,102300
MFSG,01-Jul-2026,30.11,30.11,29.8661,29.9384,45300
MFSI,01-Jul-2026,32.24,32.29,32.12,32.16,244400
MFSM,01-Jul-2026,25.16,25.1801,25.128,25.1801,4200
MFSV,01-Jul-2026,28.57,28.78,28.5,28.68,115100
MG,01-Jul-2026,17.59,17.59,16.99,17.14,242000
MGA,01-Jul-2026,65.7,65.7,63.03,63.07,790000
MGF,01-Jul-2026,2.86,2.86,2.8401,2.85,55500
MGM,01-Jul-2026,47.8,48.14,47.49,47.52,3557900
MGR,01-Jul-2026,19.71,19.94,19.67,19.85,19700
MGRB,01-Jul-2026,16.19,16.34,16.085,16.25,19800
MGRD,01-Jul-2026,14.47,14.66,14.47,14.58,5100
MGRE,01-Jul-2026,22.89,23.14,22.83,22.91,31200
MGY,01-Jul-2026,25.61,25.89,24.98,24.98,2652100
MH,01-Jul-2026,9.59,10.67,9.59,10.35,1780400
MHD,01-Jul-2026,11.91,11.98,11.77,11.91,856000
MHF,01-Jul-2026,7.05,7.17,7.0061,7.03,59700
MHK,01-Jul-2026,120.33,122.82,119.305,119.86,779400
MHLA,01-Jul-2026,11,11.01,11,11.01,900
MHNC,01-Jul-2026,11.5,12.2017,11.5,11.81,6100
MHO,01-Jul-2026,159,162.105,156.32,156.56,296600
MIAX,01-Jul-2026,37.72,39.12,37.62,39.05,2479300
MICC,01-Jul-2026,17.63,18.09,17.57,18.09,1001400
MIN,01-Jul-2026,2.47,2.47,2.45,2.47,245200
MIR,01-Jul-2026,17.89,18.47,17.655,17.91,3357100
MIT-A,01-Jul-2026,22.56,22.56,21.98,22.0101,2200
MIT-B,01-Jul-2026,21.25,21.465,21,21.01,14700
MIT-C,01-Jul-2026,25,25,24.95,24.99,6300
MITN,01-Jul-2026,25.6,25.65,25.5999,25.65,2600
MITP,01-Jul-2026,25.52,25.65,25.43,25.6001,13000
MITT,01-Jul-2026,7.9,7.975,7.825,7.85,148300
MITTpA,01-Jul-2026,22.56,22.56,21.98,22.0101,700
MITTpB,01-Jul-2026,21.254,21.465,21,21.01,13170
MITTpC,01-Jul-2026,25,25,24.95,24.99,5345
MIY,01-Jul-2026,12.2,12.37,12,12.19,143400
MKC,01-Jul-2026,51.06,52.93,51.06,52.91,5566100
MKC.V,01-Jul-2026,50.95,52.97,50.95,51.78,3700
MKL,01-Jul-2026,1940.01,1952.24,1910.92,1916.64,121800
MLI,01-Jul-2026,61.89,62.41,57.32,57.42,3050000
MLM,01-Jul-2026,571.1,582.375,562,579.24,783300
MLP,01-Jul-2026,17.69,17.9,17.6,17.69,12500
MLR,01-Jul-2026,51.13,51.4,50.38,50.93,67200
MMD,01-Jul-2026,15.45,15.5,15.375,15.47,68400
MMI,01-Jul-2026,31.32,32.11,31.3,31.7,143500
MMID,01-Jul-2026,26.58,26.58,26.4355,26.4355,1800
MMK,01-Jul-2026,100.005,100.005,100.005,100.005,100
MMKT,01-Jul-2026,100.22,100.24,100.22,100.235,2700
MMM,01-Jul-2026,162.11,163,159.22,159.96,2662100
MMS,01-Jul-2026,54.17,55.07,53.82,53.83,743100
MMT,01-Jul-2026,4.41,4.42,4.4,4.4,534600
MMU,01-Jul-2026,10.48,10.51,10.43,10.46,166300
MNR,01-Jul-2026,12.5,12.73,12.5,12.72,238600
MNSO,01-Jul-2026,12,12.215,11.96,12.18,534100
MNTN,01-Jul-2026,9.4,10.91,9.4,10.85,2255800
MO,01-Jul-2026,72.49,72.5,71.09,71.54,6425300
MOD,01-Jul-2026,255.96,259.505,244.285,244.49,1566700
MOG.A,01-Jul-2026,422.93,428.38,416.47,421,334700
MOG.B,01-Jul-2026,424.82,424.82,423.82,423.82,500
MOGU,01-Jul-2026,1.81,2.0457,1.8,1.81,17500
MOH,01-Jul-2026,231,234.335,226.78,232.55,934100
MOS,01-Jul-2026,21.1,21.85,21.035,21.3,10502000
MOV,01-Jul-2026,38.81,39.1279,37.86,37.97,238900
MP,01-Jul-2026,55.15,56.8473,54.25,54.28,3202600
MPA,01-Jul-2026,11.4,11.42,11.3184,11.39,13100
MPC,01-Jul-2026,257.46,264.96,255.01,264.87,1872000
MPLX,01-Jul-2026,56.21,56.7,55.66,55.92,1075100
MPT,01-Jul-2026,4.66,4.675,4.55,4.59,6619600
MPV,01-Jul-2026,16.87,16.87,16.16,16.375,29600
MQY,01-Jul-2026,11.62,11.62,11.57,11.59,436800
MRK,01-Jul-2026,128.01,128.4199,124.71,125.37,10761400
MRP,01-Jul-2026,30.04,30.44,29.65,29.66,1589500
MRSH,01-Jul-2026,167.18,173.5,167.18,172.14,2466100
MS,01-Jul-2026,208.96,213.19,206.72,211.86,4689900
MS-A,01-Jul-2026,18.73,19.03,18.73,18.94,124900
MS-E,01-Jul-2026,25.22,25.26,25.1801,25.25,45400
MS-F,01-Jul-2026,25.12,25.13,25.095,25.13,61800
MS-I,01-Jul-2026,24.91,25.04,24.9,25.04,43200
MS-K,01-Jul-2026,23.55,23.62,23.525,23.58,29100
MS-L,01-Jul-2026,19.53,19.68,19.49,19.66,38000
MS-O,01-Jul-2026,16.88,17.04,16.87,17.02,146200
MS-P,01-Jul-2026,25.16,25.3,25.16,25.27,35400
MS-Q,01-Jul-2026,25.35,25.48,25.35,25.4,35300
MSA,01-Jul-2026,174.55,175,169.4159,170.28,355700
MSB,01-Jul-2026,25.22,26.13,25.22,25.75,49400
MSC,01-Jul-2026,1.82,1.85,1.82,1.85,1400
MSCI,01-Jul-2026,564.03,589.77,564.03,582.03,888300
MSD,01-Jul-2026,7.28,7.3,7.24,7.28,92900
MSDL,01-Jul-2026,15.09,15.37,15.09,15.25,702400
MSGE,01-Jul-2026,80.84,82.79,78.67,79.48,427800
MSGS,01-Jul-2026,399.96,411.73,393.36,395.17,300400
MSI,01-Jul-2026,414.35,422.54,413.5,418.94,948300
MSIF,01-Jul-2026,11.7,11.99,11.6,11.76,411700
MSM,01-Jul-2026,119.66,127.5099,117.02,123.34,2376400
MSpA,01-Jul-2026,18.73,19.03,18.73,18.95,109521
MSpE,01-Jul-2026,25.22,25.26,25.1801,25.245,39278
MSpF,01-Jul-2026,25.12,25.13,25.095,25.12,57092
MSpI,01-Jul-2026,24.9144,25.04,24.9,25.0094,38081
MSpK,01-Jul-2026,23.55,23.62,23.525,23.58,22129
MSpL,01-Jul-2026,19.53,19.68,19.49,19.66,31012
MSpO,01-Jul-2026,16.86,17.04,16.86,17.03,135459
MSpP,01-Jul-2026,25.16,25.3,25.16,25.24,30025
MSpQ,01-Jul-2026,25.35,25.48,25.35,25.4,31958
MT,01-Jul-2026,59.49,60.405,59.1,59.26,1407100
MTA.W,01-Jul-2026,1.05,1.0625,1.05,1.0625,3600
MTAL,01-Jul-2026,10.16,10.175,10.16,10.17,2400
MTB,01-Jul-2026,237.78,242.95,236.6241,241.95,1075500
MTB-H,01-Jul-2026,24.98,25.0179,24.97,25.01,12500
MTB-J,01-Jul-2026,25.98,26.07,25.88,25.97,25000
MTB-K,01-Jul-2026,24.51,24.63,24.3587,24.42,25900
MTBpH,01-Jul-2026,24.98,25.0179,24.97,25.01,10184
MTBpJ,01-Jul-2026,25.98,26.07,25.88,26.0599,22191
MTD,01-Jul-2026,1284.74,1311.41,1278.645,1300.38,265400
MTDR,01-Jul-2026,49.66,50.23,48.55,49.04,1956800
MTG,01-Jul-2026,27.75,28.35,27.75,28.13,1981700
MTH,01-Jul-2026,83.1,84.13,81.53,81.55,749400
MTN,01-Jul-2026,136,138.72,134.425,136.35,501900
MTN.U,01-Jul-2026,10.02,10.02,10.02,10.02,5300
MTN.W,01-Jul-2026,0.35,0.37,0.35,0.37,29700
MTNE,01-Jul-2026,9.85,9.86,9.85,9.85,25700
MTR,01-Jul-2026,3.15,3.15,3.0607,3.07,7800
MTRN,01-Jul-2026,293.54,293.54,280.3,283.55,445400
MTUS,01-Jul-2026,18.54,18.59,17.99,18.03,507400
MTW,01-Jul-2026,13.75,13.81,12.95,13.09,259600
MTX,01-Jul-2026,73.43,75.77,73.43,73.78,393000
MTZ,01-Jul-2026,410.46,410.46,383.19,390.61,1178700
MUA,01-Jul-2026,11,11.03,10.89,11.03,115500
MUC,01-Jul-2026,10.98,11.02,10.955,11.01,441000
MUFG,01-Jul-2026,20.07,20.33,20.07,20.27,2710600
MUJ,01-Jul-2026,12.3,12.36,12.23,12.31,85100
MUR,01-Jul-2026,32.52,33.14,31.48,31.51,1969800
MUSA,01-Jul-2026,565.81,565.81,541.73,558.8,339700
MUSE,01-Jul-2026,49.71,49.71,49.57,49.57,200
MUX,01-Jul-2026,18.04,18.85,17.91,17.99,1018800
MVO,01-Jul-2026,1.75,1.91,1.72,1.81,186100
MWA,01-Jul-2026,25.89,25.93,25.09,25.11,949800
MX,01-Jul-2026,4.56,4.67,4.47,4.51,1131300
MXE,01-Jul-2026,12.61,13.05,12.61,13.03,2400
MXF,01-Jul-2026,21.81,21.9365,21.67,21.68,19600
MYE,01-Jul-2026,34.82,35.75,33.965,34.08,589400
MYI,01-Jul-2026,11.15,11.16,11.1,11.11,349500
MYN,01-Jul-2026,10.15,10.19,10.1,10.16,159700
MZY.U,01-Jul-2026,10.21,10.2101,10.21,10.21,700
MZY.W,01-Jul-2026,0.75,1.03,0.738,0.88,230300
MZYX,01-Jul-2026,9.98,10.1,9.97,10.09,62000
NABL,01-Jul-2026,3.76,4.01,3.7516,3.92,2558100
NAC,01-Jul-2026,12.11,12.18,12.1,12.18,458800
NAD,01-Jul-2026,12.11,12.1397,12.07,12.09,660300
NAN,01-Jul-2026,11.73,11.76,11.725,11.76,72900
NAT,01-Jul-2026,5.51,5.605,5.485,5.56,3543700
NATL,01-Jul-2026,43.38,44.23,43.38,44.09,1238900
NAZ,01-Jul-2026,12.55,12.64,12.47,12.635,33700
NBB,01-Jul-2026,15.77,15.84,15.68,15.74,78400
NBHC,01-Jul-2026,44.65,45.63,44.65,44.98,442800
NBR,01-Jul-2026,83.45,86,76.495,77.38,527900
NBXG,01-Jul-2026,16.5,16.695,16.37,16.59,393500
NC,01-Jul-2026,49.42,50.6,48.55,48.55,11100
NCA,01-Jul-2026,9.31,9.35,9.3,9.35,50000
NCDL,01-Jul-2026,12.43,12.75,12.41,12.68,149700
NCLH,01-Jul-2026,21.11,21.4,20.57,20.67,14805400
NCV,01-Jul-2026,17.58,17.65,17.5,17.55,35300
NCV-A,01-Jul-2026,20.7,20.7,20.4521,20.69,4800
NCVpA,01-Jul-2026,20.7,20.7,20.4521,20.69,3653
NCZ,01-Jul-2026,15.89,15.9,15.725,15.82,38600
NCZ-A,01-Jul-2026,20.23,20.41,20.23,20.37,2900
NCZpA,01-Jul-2026,20.23,20.41,20.23,20.37,2634
NDMO,01-Jul-2026,10.4,10.4599,10.39,10.44,148600
NE,01-Jul-2026,36.82,37.79,36.76,37.08,1663600
NE.A,01-Jul-2026,14,15,14,15,800
NE.W,01-Jul-2026,17.6,17.6,17.6,17.6,300
NE.WS,01-Jul-2026,17.6,17.6,17.6,17.6,100
NE.WS.A,01-Jul-2026,14,15,14,15,600
NEA,01-Jul-2026,11.73,11.75,11.675,11.7,916600
NEE,01-Jul-2026,88.04,88.045,86.32,86.37,9709200
NEE-N,01-Jul-2026,22.05,22.2599,22.05,22.11,119200
NEE-S,01-Jul-2026,53.28,53.43,52.9,53.08,227400
NEE-T,01-Jul-2026,49.84,49.84,49.46,49.59,122800
NEE-U,01-Jul-2026,24.36,24.47,24.34,24.37,104000
NEE-V,01-Jul-2026,48.17,48.17,47.45,47.45,121300
NEE-W,01-Jul-2026,25.05,25.14,25.02,25.06,44600
NEEpN,01-Jul-2026,22.07,22.2599,22.05,22.12,107266
NEEpS,01-Jul-2026,53.28,53.43,52.9,53.12,218674
NEEpT,01-Jul-2026,49.84,49.84,49.46,49.5699,117395
NEEpU,01-Jul-2026,24.36,24.47,24.34,24.38,95723
NEM,01-Jul-2026,92.38,96.215,92.2,93.3,8407400
NET,01-Jul-2026,249.72,252.349,244.21,246.31,2541300
NEU,01-Jul-2026,792.58,805.58,778.9,785.6,125000
NEXA,01-Jul-2026,12.07,12.3,11.58,12.04,933700
NFG,01-Jul-2026,77.18,78.08,77.18,77.5,696700
NFJ,01-Jul-2026,15.21,15.26,15.155,15.2,137700
NGG,01-Jul-2026,81.37,81.67,80.15,80.18,1379600
NGL,01-Jul-2026,15.68,15.955,15.625,15.72,117200
NGL-B,01-Jul-2026,24.75,25.197,24.75,25.13,40500
NGL-C,01-Jul-2026,25.6,25.63,25.53,25.53,1400
NGLpB,01-Jul-2026,24.75,25.197,24.75,25.13,36304
NGLpC,01-Jul-2026,25.6,25.63,25.53,25.53,1267
NGS,01-Jul-2026,43.14,43.14,40.68,40.93,135300
NGVC,01-Jul-2026,31,32.53,30.63,31.87,134200
NGVT,01-Jul-2026,74.22,75.17,72.49,72.58,243300
NHI,01-Jul-2026,76.78,77.78,76.53,76.55,622400
NI,01-Jul-2026,47.55,47.7,46.86,46.87,5119700
NIC,01-Jul-2026,166.85,169.91,165.825,168.82,248800
NIE,01-Jul-2026,26.84,26.91,26.7192,26.76,53600
NIM,01-Jul-2026,9.44,9.49,9.375,9.46,7000
NIO,01-Jul-2026,4.93,5.0797,4.93,4.97,27474400
NIQ,01-Jul-2026,9.48,10,9.415,9.62,1580100
NJR,01-Jul-2026,55.94,56.52,55.94,56.2,946000
NKE,01-Jul-2026,41.4,43.28,40.11,43.06,80185700
NKX,01-Jul-2026,12.53,12.56,12.5,12.56,93400
NL,01-Jul-2026,6,6.09,5.91,5.94,26800
NLOP,01-Jul-2026,11.17,11.49,11.07,11.46,112600
NLY,01-Jul-2026,22.14,22.42,22.11,22.2,7577600
NLY-F,01-Jul-2026,25.52,25.55,25.36,25.46,69800
NLY-G,01-Jul-2026,24.65,24.8199,24.65,24.77,44900
NLY-I,01-Jul-2026,25.54,25.71,25.4374,25.61,42100
NLY-J,01-Jul-2026,25.43,25.49,25.4036,25.49,18100
NLYpF,01-Jul-2026,25.52,25.55,25.36,25.46,57474
NLYpG,01-Jul-2026,24.65,24.8199,24.65,24.77,40551
NLYpI,01-Jul-2026,25.54,25.71,25.4374,25.63,38158
NLYpJ,01-Jul-2026,25.43,25.49,25.4036,25.49,15057
NMAI,01-Jul-2026,14.16,14.25,14.01,14.04,105300
NMAX,01-Jul-2026,8.45,9.37,8.4,9.37,2440900
NMCO,01-Jul-2026,10.9,10.95,10.88,10.92,177700
NMG,01-Jul-2026,1.5,1.55,1.47,1.53,382500
NMI,01-Jul-2026,11.01,11.01,10.9001,10.986,12000
NMM,01-Jul-2026,70.3,72.3,70.3,71.04,77100
NMR,01-Jul-2026,8.9,9.045,8.86,8.98,1114800
NMS,01-Jul-2026,12.14,12.2399,12.04,12.2399,11000
NMT,01-Jul-2026,12.94,12.94,12.71,12.82,23400
NMZ,01-Jul-2026,10.56,10.58,10.47,10.54,787300
NNI,01-Jul-2026,133.95,136.03,133.95,134.68,134000
NNN,01-Jul-2026,46.9,46.9,46.39,46.57,2135100
NNY,01-Jul-2026,8.78,8.78,8.7451,8.75,23900
NOA,01-Jul-2026,13.21,13.26,12.83,12.91,76700
NOAH,01-Jul-2026,9.99,10.19,9.92,9.97,131600
NOC,01-Jul-2026,514.44,525.31,511.08,519.95,902800
NOG,01-Jul-2026,18.19,18.31,17.395,17.56,4193500
NOK,01-Jul-2026,12.84,13.1,12.72,12.91,55823800
NOMD,01-Jul-2026,11.08,11.3871,11.005,11.25,1248900
NOV,01-Jul-2026,18.47,18.5,18.025,18.1,3627600
NOW,01-Jul-2026,103.6,106.69,101.765,105.8,26458500
NP,01-Jul-2026,31.93,34.15,31.8,34.06,1704600
NPB,01-Jul-2026,19.25,19.56,19.07,19.31,309500
NPCT,01-Jul-2026,10.15,10.15,10.05,10.07,150500
NPFD,01-Jul-2026,18.82,18.9,18.7001,18.81,72200
NPK,01-Jul-2026,125.62,126.41,122.88,123.36,93200
NPKI,01-Jul-2026,15.84,15.86,14.26,14.3,1179100
NPO,01-Jul-2026,370.27,374.47,360.73,360.78,244700
NPV,01-Jul-2026,11.56,11.57,11.5,11.5198,73000
NPW.W,01-Jul-2026,0.27,0.295,0.27,0.295,1700
NPWR,01-Jul-2026,1.65,1.7087,1.65,1.67,607400
NPWR.WS,01-Jul-2026,0.27,0.295,0.27,0.295,1679
NRDY,01-Jul-2026,0.89,0.99,0.8851,0.9644,1218200
NRE-A,01-Jul-2026,24.39,24.8799,24.39,24.585,5500
NREF,01-Jul-2026,15.5,15.68,15.37,15.56,63100
NREFpA,01-Jul-2026,24.39,24.8799,24.39,24.585,4707
NRG,01-Jul-2026,145.56,145.85,137.48,140.8,3426200
NRGV,01-Jul-2026,4.66,4.7499,4.325,4.47,5177100
NRK,01-Jul-2026,10.73,10.77,10.66,10.75,267800
NRP,01-Jul-2026,96.39,100.73,96.39,99.11,56800
NRT,01-Jul-2026,7.13,7.289,7.11,7.2,34700
NRUC,01-Jul-2026,22.69,22.8599,22.69,22.82,38200
NSA,01-Jul-2026,44.25,45.41,44.25,45.21,824600
NSA-A,01-Jul-2026,22.36,22.4107,22.26,22.3901,9900
NSA-B,01-Jul-2026,23.35,23.88,23.1701,23.87,6100
NSApA,01-Jul-2026,22.36,22.4107,22.26,22.3901,7929
NSC,01-Jul-2026,314,320.19,313,318.99,1173400
NSP,01-Jul-2026,42.05,45.2,40.68,44.07,717200
NTB,01-Jul-2026,59.5,60.87,59.22,60.26,184200
NTEST.H,01-Jul-2026,25.06,25.06,25.06,25.06,200
NTEST.I,01-Jul-2026,25.04,25.04,25.04,25.04,400
NTEST.Y,01-Jul-2026,25,25,25,25,180
NTR,01-Jul-2026,62.64,63.59,62.41,63.57,2451300
NTST,01-Jul-2026,21.16,21.35,21.06,21.08,1789000
NTZ,01-Jul-2026,1.85,2,1.848,2,5600
NU,01-Jul-2026,13.28,13.93,13.25,13.39,70710400
NUE,01-Jul-2026,220.27,220.8994,214.61,219.02,1675200
NUS,01-Jul-2026,5.32,5.44,5.25,5.25,798400
NUV,01-Jul-2026,9.21,9.25,9.185,9.23,542400
NUVB,01-Jul-2026,5.68,5.915,5.33,5.42,8356900
NUW,01-Jul-2026,14.43,14.45,14.35,14.44,37800
NVG,01-Jul-2026,12.77,12.865,12.765,12.85,555100
NVGS,01-Jul-2026,18.58,18.98,18.58,18.62,575000
NVO,01-Jul-2026,49.02,49.55,48.6123,48.77,11248300
NVR,01-Jul-2026,6783.9,6879.12,6640.7,6643.73,22100
NVRI,01-Jul-2026,21.9,23.27,21.85,23.22,729100
NVS,01-Jul-2026,154.67,155.02,153.22,154.14,1917900
NVST,01-Jul-2026,26.34,27.415,26.34,27.17,3159000
NVT,01-Jul-2026,163.91,165.34,158.23,159.99,1850400
NWA.U,01-Jul-2026,10.4,10.42,10.4,10.42,3200
NWA.W,01-Jul-2026,0.65,0.65,0.605,0.6387,11000
NWAX,01-Jul-2026,10.13,10.15,10.13,10.15,2100
NWG,01-Jul-2026,17.74,18.12,17.73,17.99,2853200
NWN,01-Jul-2026,49.4,49.58,48.59,48.73,284700
NX,01-Jul-2026,18.45,18.81,17.97,17.98,389200
NXD-A,01-Jul-2026,13.43,13.49,13.2,13.275,1000
NXDR,01-Jul-2026,2.3,2.38,2.28,2.33,3124700
NXDT,01-Jul-2026,5.22,5.349,5.1701,5.29,177600
NXDTpA,01-Jul-2026,13.43,13.49,13.2,13.275,567
NXE,01-Jul-2026,9.58,10.03,9.39,9.45,5770100
NXG,01-Jul-2026,65.04,65.7799,64.22,64.56,191900
NXP,01-Jul-2026,14.31,14.38,14.28,14.35,161000
NXRT,01-Jul-2026,27.82,28.7,27.82,28.32,242900
NYC,01-Jul-2026,9.7,9.7,8.67,9.01,50600
NYT,01-Jul-2026,70.41,73.45,70.36,71.79,1862000
NZF,01-Jul-2026,12.66,12.73,12.65,12.68,598100
O,01-Jul-2026,62.11,62.41,61.8,61.82,5705200
OAK-A,01-Jul-2026,20.86,21.26,20.86,21.105,8500
OAK-B,01-Jul-2026,20.76,21.2399,20.76,21.0605,3800
OAKpA,01-Jul-2026,20.86,21.26,20.86,21.105,7603
OAKpB,01-Jul-2026,20.76,21.2399,20.76,21.0605,3600
OBDC,01-Jul-2026,10.95,10.995,10.76,10.8,4580200
OBK,01-Jul-2026,51.35,52.31,50.92,52.02,156000
OC,01-Jul-2026,157.4,158.155,150.57,150.58,2012100
OCA.U,01-Jul-2026,10.23,10.23,10.23,10.23,700
ODC,01-Jul-2026,102.19,103.83,100.9,101.69,81200
ODV,01-Jul-2026,2.45,2.585,2.45,2.49,1949300
OEC,01-Jul-2026,6.55,6.7,6.31,6.35,517700
OFG,01-Jul-2026,49.37,50.6599,49.285,50.15,430900
OFRM,01-Jul-2026,20.72,23,20.64,21.88,846700
OGC,01-Jul-2026,24.69,26.25,24.67,25.02,215700
OGE,01-Jul-2026,48.49,48.695,48.12,48.28,1445800
OGN,01-Jul-2026,13.51,13.6,13.51,13.53,2564400
OGS,01-Jul-2026,76.84,77.61,76.24,76.3,611800
OHI,01-Jul-2026,47.9,48.4,47.74,48.17,2192400
OI,01-Jul-2026,9.64,9.82,9.48,9.59,2751300
OIA,01-Jul-2026,6.22,6.24,6.19,6.24,124800
OII,01-Jul-2026,40.43,40.79,39.38,39.39,826800
OIS,01-Jul-2026,8.01,8.06,7.815,7.91,703400
OKE,01-Jul-2026,86.53,87.11,85.45,85.73,3177400
OKLO,01-Jul-2026,53.63,54.315,51.5101,52.45,9716900
OLN,01-Jul-2026,19.4,19.91,19.25,19.59,3806000
OLP,01-Jul-2026,24.55,24.89,24.4,24.82,76000
OMC,01-Jul-2026,72.79,77.08,72.41,76.11,5404700
OMF,01-Jul-2026,61.21,61.35,60.17,60.39,928900
ONIT,01-Jul-2026,39.65,40.87,39.01,40.3,63000
ONL,01-Jul-2026,2.87,2.89,2.8,2.86,354200
ONON,01-Jul-2026,35.58,36.49,35.27,35.56,5581800
ONT,01-Jul-2026,20.58,21.14,20.36,20.62,561400
ONTO,01-Jul-2026,357.87,359.76,345,351.36,1533300
OOMA,01-Jul-2026,19.38,20.08,19.1225,19.6,305700
OPAD,01-Jul-2026,4.85,5.3858,4.85,5.25,68800
OPF.W,01-Jul-2026,0.03,0.044,0.02,0.04,21900
OPFI,01-Jul-2026,10.04,10.09,9.82,10.01,813200
OPFI.WS,01-Jul-2026,0.028,0.044,0.02,0.04,21626
OPLN,01-Jul-2026,41.45,41.61,40.17,40.2,942200
OPP,01-Jul-2026,7.7,7.73,7.644,7.67,71600
OPP-A,01-Jul-2026,16.4,16.5599,16.35,16.36,2800
OPP-B,01-Jul-2026,17.43,17.535,17.31,17.3101,10200
OPPpA,01-Jul-2026,16.4,16.5599,16.35,16.36,1815
OPPpB,01-Jul-2026,17.43,17.535,17.31,17.3101,8331
OPTU,01-Jul-2026,0.82,1.15,0.8133,1.08,26939200
OPY,01-Jul-2026,105.71,112.19,102.115,111.84,240300
OR,01-Jul-2026,31.55,32.96,31.36,31.4,474600
ORA,01-Jul-2026,106.63,111.84,106.2,110.94,1380900
ORC,01-Jul-2026,6.94,6.99,6.895,6.92,4173900
ORC-D,01-Jul-2026,43.82,44.29,43.25,43.25,1468800
ORCL,01-Jul-2026,144.49,147.55,142.5,142.5,45964000
ORI,01-Jul-2026,41.04,41.49,40.92,41.02,4162100
ORN,01-Jul-2026,16.56,16.65,15.36,15.45,551900
OSCR,01-Jul-2026,28.7,32.06,28.7,31.9,7089500
OSG,01-Jul-2026,6.33,6.4782,6.32,6.39,340000
OSK,01-Jul-2026,151.77,152.55,144.63,144.72,1075200
OTA-,01-Jul-2026,0.5,0.5,0.2,0.2,659800
OTA.U,01-Jul-2026,10.1,10.14,10.1,10.12,10900
OTAI,01-Jul-2026,9.94,10,9.92,9.93,544700
OTF,01-Jul-2026,10.45,10.82,10.45,10.66,2675200
OTIS,01-Jul-2026,71.78,72.46,70.61,70.64,2876100
OUT,01-Jul-2026,32.79,33.47,32.67,32.86,1428700
OVV,01-Jul-2026,52.5,53.19,51.86,51.98,2497000
OWL,01-Jul-2026,8.785,8.9,8.6,8.64,16028900
OWLT,01-Jul-2026,5.63,6.16,5.63,6.16,205600
OXM,01-Jul-2026,35.01,36.14,34.715,35.97,314000
OXY,01-Jul-2026,48.375,48.7222,47.77,47.94,8495600
OXY.W,01-Jul-2026,26.4,26.95,25.96,25.97,28900
OXY.WS,01-Jul-2026,26.4,26.95,25.96,25.97,25748
P,01-Jul-2026,77.84,78.93,75.13,77.14,2619400
PAAS,01-Jul-2026,44.37,46.39,44.17,44.33,2803700
PAC,01-Jul-2026,252.31,256.76,251.42,252.42,124100
PACK,01-Jul-2026,7.25,7.3,6.875,6.91,399200
PACS,01-Jul-2026,42.41,45.13,41.34,44.32,1236800
PAG,01-Jul-2026,176.88,179.905,176.38,177.08,222600
PAGS,01-Jul-2026,9.03,9.18,9.02,9.05,2310200
PAI,01-Jul-2026,12.12,12.14,12.11,12.12,8900
PAI.W,01-Jul-2026,0.52,0.52,0.49,0.52,3100
PAII,01-Jul-2026,10.23,10.23,10.23,10.23,6200
PAII.WS,01-Jul-2026,0.52,0.52,0.49,0.52,3163
PAM,01-Jul-2026,80.92,82.4925,78.97,79.95,349800
PAR,01-Jul-2026,17.52,18.685,17.52,18.36,1557500
PARR,01-Jul-2026,56.35,58.98,56.32,58.8,810400
PATH,01-Jul-2026,11.12,11.92,11.08,11.55,65987300
PAXS,01-Jul-2026,14.62,14.72,14.49,14.6,209800
PAY,01-Jul-2026,24.73,25.84,24.55,25.41,1133900
PAYC,01-Jul-2026,128.8,135.355,127.785,133.96,1333500
PB,01-Jul-2026,73.12,73.98,72.59,73.37,1951000
PBA,01-Jul-2026,45.99,46.25,45.5,45.81,364300
PBF,01-Jul-2026,45.94,48.05,45.81,48.04,2940400
PBH,01-Jul-2026,48.09,48.46,47.32,48.16,538100
PBI,01-Jul-2026,17.48,18.05,17.48,17.56,2155600
PBI-B,01-Jul-2026,19.77,20.09,19.7401,19.93,40200
PBIpB,01-Jul-2026,19.77,20.09,19.7401,19.9,33460
PBR,01-Jul-2026,15.93,16.155,15.86,15.99,12930700
PBR.A,01-Jul-2026,14.41,14.61,14.405,14.49,4534300
PBT,01-Jul-2026,24.75,25.2999,24.382,24.87,83100
PCF,01-Jul-2026,5.52,5.6139,5.4501,5.6,168100
PCG,01-Jul-2026,16.8,16.805,16.53,16.57,16489800
PCG-X,01-Jul-2026,41.86,41.86,40.8801,41.06,17600
PCGpX,01-Jul-2026,41.86,41.86,40.8801,41.03,16264
PCM,01-Jul-2026,5.61,5.63,5.5601,5.6,81000
PCN,01-Jul-2026,11.93,12.01,11.91,11.91,357200
PCOR,01-Jul-2026,41.92,43.32,41.64,42.14,3428300
PCQ,01-Jul-2026,8.92,9,8.92,8.97,117700
PD,01-Jul-2026,9.88,10.3,9.88,10.03,2211300
PDCC,01-Jul-2026,10.05,10.05,9.6,9.6,2000
PDI,01-Jul-2026,16.73,16.84,16.69,16.72,2576400
PDM,01-Jul-2026,9.19,9.54,9.09,9.45,1186200
PDO,01-Jul-2026,13.19,13.27,13.14,13.26,785300
PDPA,01-Jul-2026,25.2214,25.2214,24.93,25.1,5000
PDS,01-Jul-2026,76.74,78,74.565,75.26,84500
PDT,01-Jul-2026,12.86,12.94,12.8302,12.92,122900
PDX,01-Jul-2026,20.99,21.1,20.8206,20.96,102000
PEB,01-Jul-2026,19.29,19.45,18.57,18.59,2735600
PEB-E,01-Jul-2026,19.56,19.75,19.495,19.5,9600
PEB-F,01-Jul-2026,19.43,19.72,19.4,19.45,21300
PEB-G,01-Jul-2026,19.82,20,19.62,19.75,14300
PEB-H,01-Jul-2026,17.59,17.8,17.51,17.72,9500
PEBpE,01-Jul-2026,19.56,19.75,19.495,19.61,5720
PEBpF,01-Jul-2026,19.43,19.72,19.4,19.4001,19168
PEBpG,01-Jul-2026,19.82,20,19.62,19.62,11014
PEBpH,01-Jul-2026,17.59,17.8,17.51,17.72,7500
PEG,01-Jul-2026,80.97,81.26,80.1,80.27,3460800
PEN,01-Jul-2026,315.26,317.1,314.985,316.43,454900
PEO,01-Jul-2026,24.72,24.7845,24.5,24.58,40400
PERF,01-Jul-2026,1.66,1.71,1.66,1.7,114200
PEW,01-Jul-2026,2.26,2.388,2.26,2.33,257100
PFD,01-Jul-2026,11.63,11.67,11.5501,11.6,18700
PFE,01-Jul-2026,24.15,24.24,23.74,23.88,49385200
PFGC,01-Jul-2026,111.64,113.15,110.24,112.54,1699600
PFH,01-Jul-2026,16.31,16.49,16.3001,16.45,37400
PFL,01-Jul-2026,7.9,7.93,7.865,7.89,237700
PFLA,01-Jul-2026,25.34,25.44,25.3,25.35,17300
PFLT,01-Jul-2026,7.5,7.69,7.485,7.51,1010100
PFN,01-Jul-2026,7.13,7.175,7.08,7.14,391800
PFO,01-Jul-2026,9.26,9.29,9.215,9.26,32300
PFS,01-Jul-2026,23.565,24.235,23.565,23.97,1171100
PFSI,01-Jul-2026,86.89,87.76,84.63,84.83,525700
PG,01-Jul-2026,146.52,147.5,145.55,147.43,9571700
PGP,01-Jul-2026,8.62,8.73,8.62,8.64,72100
PGR,01-Jul-2026,220.32,226.46,219.9,225.3,3622200
PGZ,01-Jul-2026,10.28,10.31,10.25,10.29,10200
PH,01-Jul-2026,973.35,979.6,959.5925,963.81,579500
PHG,01-Jul-2026,27.2,27.45,27.1,27.2,707800
PHI,01-Jul-2026,17.41,17.87,17.41,17.75,211300
PHIN,01-Jul-2026,82.45,82.45,77.98,78.14,382500
PHK,01-Jul-2026,4.67,4.72,4.65,4.65,1013800
PHM,01-Jul-2026,135.09,137.97,132.45,132.59,1675800
PHR,01-Jul-2026,10.59,10.98,10.52,10.72,902900
PII,01-Jul-2026,68.28,68.51,64.72,64.73,798800
PIM,01-Jul-2026,3.2,3.23,3.2,3.21,9700
PIN-A,01-Jul-2026,25.05,25.085,25.05,25.085,2500
PINE,01-Jul-2026,20.84,21.15,20.69,20.97,223000
PINS,01-Jul-2026,21.215,22.305,21.08,21.89,13232800
PIPR,01-Jul-2026,72.53,74.2,72.095,72.14,623200
PJT,01-Jul-2026,152.02,158.65,152.02,155.92,328400
PK,01-Jul-2026,14.14,14.325,13.895,14.17,4523600
PKE,01-Jul-2026,38.1,39.545,37.41,38.23,403300
PKG,01-Jul-2026,237.62,239.68,236.59,237.93,512900
PKX,01-Jul-2026,50.46,50.73,49.91,50.01,318600
PL,01-Jul-2026,32.7,34.25,31.535,31.61,11645400
PLD,01-Jul-2026,135.68,138.8,135.1,136.8,3140500
PLGO,01-Jul-2026,24.73,25.138,24.41,24.98,405000
PLNT,01-Jul-2026,52.66,53.23,51.69,52.69,2025100
PLOW,01-Jul-2026,53.58,54.095,52.25,52.27,181300
PLUN,01-Jul-2026,9.98,9.99,9.9555,9.98,912900
PM,01-Jul-2026,180.82,181.54,176.5,177.69,5910500
PML,01-Jul-2026,7.63,7.66,7.615,7.64,373100
PMM,01-Jul-2026,6.52,6.55,6.49,6.54,96400
PMMF,01-Jul-2026,100.25,100.26,100.25,100.25,104400
PMO,01-Jul-2026,10.6,10.74,10.6,10.73,71100
PMT,01-Jul-2026,11.17,11.42,11.1,11.23,1538600
PMT-A,01-Jul-2026,22.08,22.4134,22.08,22.41,4500
PMT-B,01-Jul-2026,22.24,22.656,22.24,22.43,5100
PMT-C,01-Jul-2026,17.6,17.74,17.6,17.67,19000
PMTpA,01-Jul-2026,22.08,22.4134,22.08,22.41,3863
PMTpB,01-Jul-2026,22.24,22.656,22.24,22.43,4551
PMTpC,01-Jul-2026,17.6,17.74,17.6,17.67,15764
PMTU,01-Jul-2026,25.55,25.55,25.35,25.45,1800
PMTV,01-Jul-2026,25.16,25.31,25.16,25.2699,8400
PMTW,01-Jul-2026,25.07,25.1,25.06,25.07,10400
PNC,01-Jul-2026,246.05,252.73,244.865,251.62,2220700
PNF-A,01-Jul-2026,25.15,25.3,25.15,25.2,4500
PNF-B,01-Jul-2026,26.88,26.93,26.8075,26.83,25800
PNF-C,01-Jul-2026,24.37,24.65,24.37,24.5,12500
PNFP,01-Jul-2026,101.48,102.61,100.16,100.82,1393000
PNI,01-Jul-2026,7.09,7.1,7.065,7.1,88000
PNNT,01-Jul-2026,3.46,3.585,3.46,3.5,614600
PNR,01-Jul-2026,76.81,77.91,75.79,76.38,2018100
PNW,01-Jul-2026,108.25,108.25,105.99,106.3,1089000
POR,01-Jul-2026,51.88,52.065,51.29,51.46,1061100
POST,01-Jul-2026,87.75,91.78,87.75,90.94,810800
PPG,01-Jul-2026,120.77,123.54,120.48,122.61,1790100
PPL,01-Jul-2026,36.34,36.38,35.595,35.62,8594900
PPLC,01-Jul-2026,49.11,49.4,48.1671,48.19,106900
PPT,01-Jul-2026,3.47,3.49,3.47,3.47,124000
PR,01-Jul-2026,18.27,18.52,17.9,17.93,7477800
PRCS,01-Jul-2026,28.725,28.76,28.5993,28.5993,17900
PRG,01-Jul-2026,44.98,46.44,44.94,45.17,897200
PRGO,01-Jul-2026,10.5,10.58,10.21,10.31,5444100
PRH,01-Jul-2026,22.43,22.6,22.43,22.52,40300
PRI,01-Jul-2026,285.67,291.95,285.63,291.63,210600
PRI-D,01-Jul-2026,24.58,24.7,24.45,24.55,1300
PRI-K,01-Jul-2026,21.5601,21.96,21.5601,21.96,1900
PRI-L,01-Jul-2026,24.39,24.6,24.39,24.6,700
PRIFpD,01-Jul-2026,24.58,24.7,24.45,24.55,1050
PRIFpK,01-Jul-2026,21.5601,21.96,21.5601,21.96,1810
PRIFpL,01-Jul-2026,24.39,24.6,24.39,24.6,700
PRIM,01-Jul-2026,96.5,96.51,92.28,92.94,1429300
PRKS,01-Jul-2026,47.85,48.9,46.8,47.12,889000
PRLB,01-Jul-2026,80.62,81.26,78.39,78.74,172800
PRM,01-Jul-2026,35.37,35.845,34.56,34.65,900600
PRMB,01-Jul-2026,24.8,25.1,24.475,24.52,4427500
PRS,01-Jul-2026,21.99,22.25,21.9001,22.18,42800
PRSU,01-Jul-2026,56.13,56.515,55.07,55.47,571500
PRT,01-Jul-2026,2.3,2.33,2.19,2.29,48400
PRU,01-Jul-2026,108.38,111.69,108.09,111.07,1818800
PRVS,01-Jul-2026,32.62,32.91,32.62,32.7605,11300
PS,01-Jul-2026,33.01,34.26,32.8001,33,202900
PSA,01-Jul-2026,318.09,324.61,318.08,323.04,613000
PSA-F,01-Jul-2026,19.77,20.2,19.77,20.15,49600
PSA-G,01-Jul-2026,19.52,19.86,19.5062,19.86,30000
PSA-H,01-Jul-2026,21.55,21.85,21.55,21.85,43300
PSA-I,01-Jul-2026,18.68,18.92,18.68,18.87,16300
PSA-J,01-Jul-2026,17.98,18.11,17.98,18.1,69600
PSA-K,01-Jul-2026,18.39,18.54,18.39,18.49,14400
PSA-L,01-Jul-2026,17.79,17.8899,17.68,17.88,28400
PSA-M,01-Jul-2026,15.81,15.9,15.81,15.9,8500
PSA-N,01-Jul-2026,14.97,15.0958,14.8901,15.06,34500
PSA-O,01-Jul-2026,15.06,15.11,14.9492,15.09,21700
PSA-P,01-Jul-2026,15.29,15.48,15.2701,15.46,48400
PSA-Q,01-Jul-2026,15.11,15.27,15.11,15.21,10400
PSA-R,01-Jul-2026,15.28,15.42,15.28,15.42,30000
PSA-S,01-Jul-2026,15.64,15.8,15.64,15.8,16900
PSApF,01-Jul-2026,19.77,20.2,19.77,20.15,45796
PSApG,01-Jul-2026,19.52,19.86,19.5062,19.86,24529
PSApH,01-Jul-2026,21.55,21.81,21.55,21.8,40146
PSApI,01-Jul-2026,18.68,18.92,18.68,18.87,14245
PSApJ,01-Jul-2026,17.98,18.11,17.98,18.1,64892
PSApK,01-Jul-2026,18.39,18.54,18.39,18.49,12313
PSApL,01-Jul-2026,17.79,17.8899,17.68,17.88,24984
PSApM,01-Jul-2026,15.81,15.9,15.81,15.9,7405
PSApN,01-Jul-2026,14.97,15.0958,14.8901,15.06,32564
PSApO,01-Jul-2026,15.06,15.11,14.9492,15.09,20292
PSApP,01-Jul-2026,15.29,15.48,15.2701,15.46,43700
PSApQ,01-Jul-2026,15.11,15.27,15.11,15.21,8356
PSApR,01-Jul-2026,15.28,15.42,15.28,15.42,26373
PSApS,01-Jul-2026,15.64,15.8,15.64,15.8,15821
PSBD,01-Jul-2026,10.31,10.8,10.31,10.57,757500
PSE-A,01-Jul-2026,16.2,16.9999,16.2,16.88,4800
PSECpA,01-Jul-2026,16.2,16.9999,16.2,16.88,4312
PSF,01-Jul-2026,20.16,20.23,20.0182,20.12,39400
PSFE,01-Jul-2026,7.57,8.005,7.57,7.88,371300
PSN,01-Jul-2026,53.23,54.39,52.96,53.16,985600
PSO,01-Jul-2026,16.15,16.51,16.125,16.39,1074100
PSQ.W,01-Jul-2026,0.0344,0.0508,0.0344,0.0489,67600
PSQH,01-Jul-2026,0.441,0.469,0.4053,0.4537,385300
PSQH.WS,01-Jul-2026,0.0344,0.0489,0.0344,0.0489,66501
PSTL,01-Jul-2026,24.71,25.22,24.44,24.72,406800
PSUS,01-Jul-2026,37.56,39.47,37.515,38.88,601900
PSX,01-Jul-2026,169.71,174.59,169.685,174.5,2481400
PTA,01-Jul-2026,19.24,19.46,19.11,19.4,188600
PTY,01-Jul-2026,12.05,12.14,12.035,12.1,1310700
PUK,01-Jul-2026,27.09,27.83,27.09,27.69,809400
PUMP,01-Jul-2026,14.27,14.44,13.205,13.36,6544900
PVH,01-Jul-2026,73.61,76.25,72.925,75.8,835900
PVL,01-Jul-2026,1.68,1.705,1.68,1.69,39100
PWR,01-Jul-2026,709.07,709.07,687.62,691.4,1240800
PXED,01-Jul-2026,33.3,34.77,33.3,34.3,86700
Q,01-Jul-2026,158.85,162.69,152.97,153.37,1576100
QBTS,01-Jul-2026,23.59,24.54,23.06,23.5,22923300
QGEN,01-Jul-2026,39.38,39.56,38.845,39.13,3323300
QLE.W,01-Jul-2026,0.12,0.14,0.1194,0.1266,65300
QLEP,01-Jul-2026,9.96,9.96,9.93,9.95,2100
QRE-,01-Jul-2026,0.27,0.27,0.27,0.27,500
QRE.U,01-Jul-2026,10.12,10.12,10.12,10.12,100
QRED,01-Jul-2026,9.93,9.97,9.93,9.97,10800
QSR,01-Jul-2026,72.68,73.32,71.34,71.46,1721900
QTWO,01-Jul-2026,49.37,51.31,49.37,50.2,1306000
QUAD,01-Jul-2026,8.44,8.72,8.3244,8.56,165900
QXO,01-Jul-2026,17.28,18.115,16.46,16.54,26063000
QXO-B,01-Jul-2026,49.36,50.91,47.36,47.36,57500
QXOpB,01-Jul-2026,49.36,50.91,47.41,47.45,42986
R,01-Jul-2026,262.55,269.41,261.99,266,384700
RA,01-Jul-2026,12.82,12.94,12.81,12.88,111600
RAC,01-Jul-2026,10.46,10.46,10.46,10.46,3300
RAC.W,01-Jul-2026,0.66,0.66,0.66,0.66,28400
RACE,01-Jul-2026,374.43,378.8,370.01,374.66,692900
RAL,01-Jul-2026,72.67,73.72,71.65,71.67,1766700
RAMP,01-Jul-2026,37.69,37.79,37.6,37.68,743900
RBA,01-Jul-2026,116.63,116.63,112,113.06,1178400
RBC,01-Jul-2026,639.86,639.86,620.03,620.47,292200
RBLX,01-Jul-2026,55.46,58.43,55.01,57.95,13709700
RBRK,01-Jul-2026,81.4,83.99,80.43,82.01,4752000
RC,01-Jul-2026,1.77,1.82,1.755,1.78,1154200
RC-C,01-Jul-2026,11.575,11.6001,11.575,11.6001,2100
RC-E,01-Jul-2026,11.7,12.09,11.7,12.09,1800
RCD,01-Jul-2026,22.51,22.85,22.51,22.7,6500
RCI,01-Jul-2026,32.18,32.485,32.105,32.12,551700
RCL,01-Jul-2026,317.62,320.29,306.28,306.3,2184500
RCpC,01-Jul-2026,11.575,11.6001,11.575,11.6001,2100
RCpE,01-Jul-2026,11.7,12.09,11.7,12.09,1514
RCS,01-Jul-2026,5.45,5.65,5.43,5.57,185300
RCUS,01-Jul-2026,30.98,31.32,28.775,28.92,1664800
RDDT,01-Jul-2026,175.01,201.16,175.01,197.76,8763400
RDN,01-Jul-2026,37.81,38.09,37.45,37.72,1053300
RDW,01-Jul-2026,12,12.82,11.88,11.97,21964000
RDY,01-Jul-2026,14.34,14.43,13.95,13.99,3552100
RELX,01-Jul-2026,31.19,31.71,31.02,31.38,3532400
RERE,01-Jul-2026,3.86,4.135,3.86,4.08,1072100
RES,01-Jul-2026,5.8,5.87,5.69,5.72,1615800
REX,01-Jul-2026,45.08,46.005,44.91,45.5,162600
REX-B,01-Jul-2026,21.95,21.95,21.765,21.95,2700
REX-C,01-Jul-2026,21.08,21.2,21.08,21.15,3800
REXR,01-Jul-2026,33.6,34.085,33.565,33.72,2215700
REXRpB,01-Jul-2026,21.95,21.95,21.765,21.95,2587
REXRpC,01-Jul-2026,21.08,21.2,21.08,21.17,3312
REZI,01-Jul-2026,31.76,32.31,30.78,31.12,1199100
RF,01-Jul-2026,30.15,30.845,30,30.8,7417200
RF-C,01-Jul-2026,24.41,24.64,24.31,24.58,29100
RF-E,01-Jul-2026,16.01,16.2199,16.01,16.15,17100
RF-F,01-Jul-2026,25.33,25.38,25.2601,25.3199,13800
RFI,01-Jul-2026,11.35,11.48,11.35,11.43,134800
RFL,01-Jul-2026,3.36,3.96,3.33,3.78,626900
RFM,01-Jul-2026,14.82,14.865,14.8001,14.81,18700
RFMZ,01-Jul-2026,13.64,13.64,13.575,13.62,32600
RFpC,01-Jul-2026,24.41,24.64,24.31,24.58,15019
RFpE,01-Jul-2026,16.01,16.2199,16.01,16.15,14286
RFpF,01-Jul-2026,25.33,25.38,25.2601,25.3199,11331
RGA,01-Jul-2026,213.67,218.42,213.67,215.65,308800
RGR,01-Jul-2026,37.94,38.61,37.61,37.62,83000
RGT,01-Jul-2026,14.25,14.56,14.25,14.4,15100
RH,01-Jul-2026,163.52,168.28,162.83,164.05,619600
RHI,01-Jul-2026,31.37,33.49,31.37,32.97,2016100
RHLD,01-Jul-2026,145.01,150.03,139.56,143.66,283200
RHP,01-Jul-2026,128.44,129.44,123.695,124.83,856700
RIG,01-Jul-2026,4.87,5,4.8,4.87,59981500
RIO,01-Jul-2026,92.57,94.495,92.4707,93.35,2582200
RIT-A,01-Jul-2026,25.55,25.55,25.425,25.53,5200
RIT-B,01-Jul-2026,25.02,25.11,25.02,25.085,40800
RIT-C,01-Jul-2026,24.14,24.38,24.14,24.32,63900
RIT-D,01-Jul-2026,25,25.08,24.925,25.08,30000
RIT-E,01-Jul-2026,24.45,24.7268,24.4232,24.68,29000
RIT-F,01-Jul-2026,24.64,24.78,24.64,24.7689,17600
RITM,01-Jul-2026,9.38,9.5,9.29,9.36,7026500
RITMpA,01-Jul-2026,25.55,25.55,25.425,25.53,4434
RITMpB,01-Jul-2026,24.96,25.12,24.96,25.085,36996
RITMpC,01-Jul-2026,24.14,24.38,24.14,24.32,62505
RITMpD,01-Jul-2026,25.1602,25.1602,24.925,25.08,27512
RITMpE,01-Jul-2026,24.45,24.7268,24.4232,24.67,24928
RIV,01-Jul-2026,11.68,11.79,11.51,11.64,145800
RIV-A,01-Jul-2026,22.365,22.365,22.365,22.365,1700
RIVpA,01-Jul-2026,22.365,22.365,22.365,22.365,800
RJF,01-Jul-2026,152.33,158.6475,152.23,158.19,1631100
RKT,01-Jul-2026,15.67,16.385,15.46,15.85,29961200
RL,01-Jul-2026,402.05,404.62,396.6,398.02,499700
RLI,01-Jul-2026,59.48,61.13,59.055,60.66,1339200
RLJ,01-Jul-2026,11.77,11.88,11.61,11.69,2354100
RLJ-A,01-Jul-2026,24.63,24.7783,24.56,24.74,36500
RLJpA,01-Jul-2026,24.52,24.7783,24.52,24.74,32663
RLTY,01-Jul-2026,15.55,15.95,15.55,15.82,75600
RLX,01-Jul-2026,1.9,1.965,1.89,1.94,1390000
RM,01-Jul-2026,41.51,42.6,41.3,42.35,104500
RMAX,01-Jul-2026,10.06,10.64,9.88,10.44,543800
RMD,01-Jul-2026,196.99,203.22,196.99,201.1,1111900
RMI,01-Jul-2026,15.67,15.74,15.42,15.62,16600
RMM,01-Jul-2026,14.78,14.88,14.68,14.81,64800
RMMZ,01-Jul-2026,15.04,15.04,14.891,14.96,16100
RMT,01-Jul-2026,14.67,14.72,14.5,14.68,156200
RNG,01-Jul-2026,40.13,41.705,39.52,40.99,1521900
RNGR,01-Jul-2026,15.94,16.19,15.63,15.77,247600
RNP,01-Jul-2026,20.25,20.6199,20.25,20.56,200700
RNR,01-Jul-2026,320.6,325.2,315.96,316.84,417800
RNR-F,01-Jul-2026,20.56,20.75,20.56,20.65,52100
RNR-G,01-Jul-2026,15.01,15.14,15.01,15.04,35700
RNRpF,01-Jul-2026,20.56,20.75,20.56,20.62,46501
RNRpG,01-Jul-2026,15.01,15.14,15.01,15.05,29281
RNST,01-Jul-2026,42.8,43.915,42.47,43.66,727400
ROG,01-Jul-2026,161.27,162.8093,157,157.08,267300
ROK,01-Jul-2026,488.06,493.97,481.89,482.82,878300
ROL,01-Jul-2026,42,43.04,42,42.14,3489300
RONB,01-Jul-2026,24.35,24.49,24.09,24.15,571900
RPC,01-Jul-2026,7.94,8.08,7.855,7.86,452900
RPM,01-Jul-2026,110.91,112.34,110.27,110.68,819300
RPT,01-Jul-2026,14.32,14.7,14.32,14.7,40000
RPT-C,01-Jul-2026,24.89,24.89,24.89,24.89,500
RPTpC,01-Jul-2026,24.89,24.89,24.89,24.89,300
RQI,01-Jul-2026,12.3,12.395,12.23,12.34,773000
RQI-,01-Jul-2026,0.0092,0.0125,0.0061,0.0099,1713200
RRC,01-Jul-2026,37.23,37.52,36.82,36.97,3039800
RRX,01-Jul-2026,247.8,247.8,225,229.36,2038000
RS,01-Jul-2026,369.08,375.675,367.74,372.4,596900
RSF,01-Jul-2026,14.7,14.7,14.62,14.64,5600
RSG,01-Jul-2026,214.34,216.18,213.94,214.71,1277300
RSI,01-Jul-2026,29.95,31.68,29.95,31.26,2905900
RSKD,01-Jul-2026,5.03,5.09,4.98,5.02,2188900
RTO,01-Jul-2026,28.72,29.325,28.72,29.02,597600
RTX,01-Jul-2026,190.48,191.82,188.97,191.78,3780400
RVI,01-Jul-2026,33.01,35.4799,32.7601,34.4,234900
RVLV,01-Jul-2026,23.05,23.565,22.66,23.26,659000
RVT,01-Jul-2026,18.42,18.63,18.35,18.51,316000
RVTY,01-Jul-2026,111.77,114.455,110.69,112.84,1436200
RWT,01-Jul-2026,4.7,4.77,4.65,4.67,2596900
RWT-A,01-Jul-2026,24.69,24.69,24.4,24.5999,15700
RWTN,01-Jul-2026,24.97,24.97,24.85,24.85,2400
RWTO,01-Jul-2026,24.74,24.9,24.74,24.7794,4900
RWTP,01-Jul-2026,24.44,24.475,24.3925,24.475,1000
RWTpA,01-Jul-2026,24.69,24.69,24.4,24.5999,15113
RWTQ,01-Jul-2026,24.6399,24.75,24.595,24.75,4600
RWTS,01-Jul-2026,24.825,24.85,24.825,24.8399,12400
RXO,01-Jul-2026,27.59,28.62,27.16,27.74,1341700
RY,01-Jul-2026,206.5,209.37,205.705,208.31,752700
RYAM,01-Jul-2026,7.88,7.9,7.65,7.73,1253600
RYAN,01-Jul-2026,38.31,40.345,38.31,40.03,2792400
RYN,01-Jul-2026,21.28,21.48,21.2,21.29,2333300
RYZ,01-Jul-2026,24.43,24.565,23.54,23.77,682200
RZC,01-Jul-2026,25.35,25.35,25.2044,25.3,68200
S,01-Jul-2026,17.3,17.9,17.24,17.59,7974400
SA,01-Jul-2026,25.55,27.13,25.55,26.11,407700
SABA,01-Jul-2026,8.27,8.35,8.228,8.35,53700
SAC,01-Jul-2026,10.045,10.045,10.045,10.045,1200
SAFE,01-Jul-2026,15.74,15.86,15.645,15.65,284600
SAH,01-Jul-2026,84.17,85.12,82.14,83.05,273500
SAJ,01-Jul-2026,25.74,25.74,25.6028,25.61,2700
SAM,01-Jul-2026,178.41,180.93,175.25,177.63,218000
SAN,01-Jul-2026,13.63,13.9,13.5995,13.81,11175000
SAP,01-Jul-2026,157.79,160.71,156.75,159.15,2849300
SAR,01-Jul-2026,22.39,22.58,22.39,22.54,106100
SARO,01-Jul-2026,30,30.47,29.62,30,3898000
SAT,01-Jul-2026,25,25.09,25,25.07,2000
SAV,01-Jul-2026,24.6,24.6999,24.56,24.64,12000
SAY,01-Jul-2026,25.295,25.38,25.29,25.327,1300
SAZ,01-Jul-2026,25.58,25.625,25.58,25.61,3500
SB,01-Jul-2026,6.28,6.405,6.28,6.31,562900
SB-C,01-Jul-2026,26.15,26.56,26.1499,26.56,1000
SB-D,01-Jul-2026,26.24,26.24,26.12,26.12,800
SBH,01-Jul-2026,14,14.42,13.965,14.22,1003800
SBI,01-Jul-2026,7.88,7.88,7.78,7.86,87200
SBpC,01-Jul-2026,26.15,26.56,26.1499,26.56,1078
SBpD,01-Jul-2026,26.24,26.24,26.12,26.12,755
SBR,01-Jul-2026,72.73,73.37,72.29,72.69,22300
SBS,01-Jul-2026,5.7,5.775,5.65,5.75,6979600
SBSI,01-Jul-2026,35.39,35.75,35.03,35.61,136700
SBSW,01-Jul-2026,8.35,8.87,8.34,8.51,5710300
SBX.W,01-Jul-2026,0.48,0.48,0.48,0.48,30600
SBX.Y,01-Jul-2026,0.1405,0.1405,0.111,0.111,600
SBXD.WS,01-Jul-2026,0.1405,0.1405,0.111,0.111,600
SBXE,01-Jul-2026,10.09,10.09,10.06,10.09,700
SCCO,01-Jul-2026,172.99,173.37,168.53,168.8,1140300
SCD,01-Jul-2026,15.7,15.7688,15.58,15.62,63600
SCE-G,01-Jul-2026,16.83,17.06,16.83,16.93,48500
SCE-L,01-Jul-2026,16.68,16.91,16.58,16.78,86200
SCE-M,01-Jul-2026,24.02,24.15,24,24.1,97200
SCE-N,01-Jul-2026,22.75,23.2,22.75,22.97,15100
SCEpG,01-Jul-2026,16.83,17.06,16.83,16.89,31247
SCEpL,01-Jul-2026,16.57,16.91,16.57,16.725,81150
SCEpM,01-Jul-2026,24.02,24.15,24,24.1,86537
SCEpN,01-Jul-2026,22.71,23.2,22.7,22.97,14264
SCH-D,01-Jul-2026,24.24,24.35,24.2038,24.26,55300
SCH-J,01-Jul-2026,17.43,17.58,17.4,17.44,52500
SCHW,01-Jul-2026,92.76,96.07,92.31,95.78,10685400
SCHWpD,01-Jul-2026,24.24,24.35,24.2038,24.26,51095
SCHWpJ,01-Jul-2026,17.43,17.58,17.4,17.44,42520
SCI,01-Jul-2026,76.35,78.07,76.35,76.75,1187800
SCL,01-Jul-2026,55.95,56.845,55.76,55.81,114100
SCM,01-Jul-2026,8.48,8.65,8.41,8.48,184300
SD,01-Jul-2026,13.64,13.9,13.35,13.39,419300
SDHC,01-Jul-2026,15.51,15.765,14.99,15.51,141600
SDHY,01-Jul-2026,16.37,16.5,16.1801,16.35,36000
SDRL,01-Jul-2026,38.45,39.65,38.37,38.85,1492000
SE,01-Jul-2026,96.89,103.3,95.775,102.33,6207300
SEA-A,01-Jul-2026,25.26,25.38,25.235,25.3,8200
SEA-B,01-Jul-2026,25.03,25.3,25.03,25.15,10300
SEALpA,01-Jul-2026,25.26,25.38,25.235,25.3,7187
SEALpB,01-Jul-2026,25.03,25.3,25.03,25.19,8941
SEG,01-Jul-2026,26.6,27.37,26.44,26.61,46400
SEI,01-Jul-2026,78.82,80.04,72.78,73.42,2109200
SES,01-Jul-2026,0.96,0.9982,0.93,0.9563,5666500
SES.W,01-Jul-2026,0.0301,0.0301,0.0243,0.0278,14100
SES.WS,01-Jul-2026,0.0301,0.0301,0.0243,0.0278,13800
SF,01-Jul-2026,70.07,72.12,70.07,71.85,1587100
SF-B,01-Jul-2026,22.65,23.15,22.6375,22.84,13800
SF-C,01-Jul-2026,21.654,22.1,21.654,21.92,13300
SF-D,01-Jul-2026,16.08,16.19,15.9401,16.14,23400
SFB,01-Jul-2026,19.64,19.76,19.4601,19.71,13900
SFBS,01-Jul-2026,86.75,89.6,86.405,88.84,349900
SFL,01-Jul-2026,10.2,10.375,10.2,10.25,1491900
SFpB,01-Jul-2026,22.65,23.15,22.6375,22.84,12472
SFpC,01-Jul-2026,21.654,22.1,21.654,21.92,11589
SFpD,01-Jul-2026,16.08,16.19,15.9401,16.14,21338
SG,01-Jul-2026,8.96,9.49,8.64,9.1,4293900
SGHC,01-Jul-2026,13.56,14.005,13.4614,13.97,2057900
SGI,01-Jul-2026,77.75,78.54,76.67,77.17,2850000
SGOV,01-Jul-2026,100.39,100.4,100.39,100.4,38244600
SGU,01-Jul-2026,12.8,13.05,12.8,12.88,7100
SHAK,01-Jul-2026,56.58,57.85,55.72,56.79,1313900
SHEL,01-Jul-2026,76.29,76.845,76.26,76.57,6165400
SHG,01-Jul-2026,61.99,63,61.59,62.52,322500
SHO,01-Jul-2026,11.4,11.45,11.115,11.17,3472500
SHO-H,01-Jul-2026,21.8,21.92,21.67,21.8,8900
SHO-I,01-Jul-2026,20.71,21.25,20.71,21.25,3000
SHOC,01-Jul-2026,117.59,119.13,114.78,115.03,21600
SHOpH,01-Jul-2026,21.8,21.92,21.67,21.8,8310
SHOpI,01-Jul-2026,20.71,21.25,20.71,21.25,2901
SHV,01-Jul-2026,110.04,110.04,110.03,110.04,4614500
SHW,01-Jul-2026,344.04,351.98,342.16,346.05,2485500
SI,01-Jul-2026,20.39,22.25,20.39,20.62,112600
SID,01-Jul-2026,0.8901,0.9277,0.8888,0.8974,2867100
SIG,01-Jul-2026,84.99,86.78,83.79,84.66,1133100
SII,01-Jul-2026,113.2,116.593,112.36,112.73,160300
SIND,01-Jul-2026,12,12.065,11.5319,12,88300
SITC,01-Jul-2026,4.17,4.505,4.17,4.46,1953900
SITE,01-Jul-2026,114.6,116.27,109.7,109.8,876800
SJM,01-Jul-2026,113.63,115.45,113.105,114.86,1933700
SJT,01-Jul-2026,3.21,3.32,3.11,3.11,118900
SKE,01-Jul-2026,26.47,28.16,26.4485,27.05,514100
SKIL,01-Jul-2026,5.3,6.84,5.3,6.64,263000
SKM,01-Jul-2026,31.13,32.225,31.04,31.88,2072100
SKT,01-Jul-2026,39.47,39.94,39.07,39.22,795100
SKY,01-Jul-2026,88.195,88.911,84.88,84.88,812200
SKY.W,01-Jul-2026,0.46,0.55,0.46,0.53,67600
SKYH,01-Jul-2026,9.9,10.15,9.816,10.06,181200
SKYH.WS,01-Jul-2026,0.46,0.55,0.46,0.53,66812
SLAI,01-Jul-2026,0.48,0.4899,0.4537,0.4667,324900
SLB,01-Jul-2026,46.36,46.36,45.08,45.09,16049700
SLF,01-Jul-2026,78.2,79.23,78.2,78.85,213300
SLG,01-Jul-2026,51.7,52.91,51.7,52.22,712800
SLG-I,01-Jul-2026,21.08,21.1299,20.9201,21.06,5600
SLGN,01-Jul-2026,46.25,46.96,45.95,46.11,853200
SLGpI,01-Jul-2026,21.08,21.1299,20.9201,21.06,5070
SLNZ,01-Jul-2026,45.485,45.485,45.485,45.485,7700
SLQT,01-Jul-2026,0.8,0.89,0.8,0.8866,1120000
SLVM,01-Jul-2026,37.87,38.45,37.3599,37.45,310500
SM,01-Jul-2026,26.08,26.41,25.47,25.73,5064600
SMA,01-Jul-2026,33.48,33.48,32.52,33.28,680800
SMBK,01-Jul-2026,46.92,48.17,46.89,48.16,117200
SMC,01-Jul-2026,28.66,30.02,28.5,29.5,68900
SMFG,01-Jul-2026,23.81,24.225,23.81,24.05,2198500
SMG,01-Jul-2026,68.16,69.315,67.535,68.57,762200
SMHI,01-Jul-2026,7.65,8.13,7.5,7.69,171700
SMP,01-Jul-2026,38.87,39.49,38.295,38.54,120700
SMR,01-Jul-2026,10.19,10.555,10.01,10.15,23141400
SMRT,01-Jul-2026,1.21,1.24,1.15,1.17,3422800
SMWB,01-Jul-2026,6.21,6.775,6.2,6.59,1152300
SN,01-Jul-2026,151.07,152.55,150,151.84,1855500
SNA,01-Jul-2026,399.98,406.3,395.71,403.28,302400
SNAP,01-Jul-2026,4.52,4.83,4.505,4.75,50441300
SNDA,01-Jul-2026,40.94,42.14,40.23,41.73,844700
SNDR,01-Jul-2026,36.15,37.16,35.91,36.4,661000
SNN,01-Jul-2026,28.99,29.29,28.73,28.73,2144200
SNOW,01-Jul-2026,258.56,263.08,254.61,261.19,5098900
SNX,01-Jul-2026,263,267.33,259.83,261.35,829800
SO,01-Jul-2026,95.88,96.02,95.08,95.12,4678500
SOBO,01-Jul-2026,35.04,35.11,34.39,34.45,312200
SOC,01-Jul-2026,3.88,4.45,3.86,4.4,90928900
SOJC,01-Jul-2026,20.45,20.63,20.45,20.5,60200
SOJD,01-Jul-2026,19.28,19.4,19.2701,19.29,77500
SOJE,01-Jul-2026,16.91,17.09,16.91,16.98,58700
SOJF,01-Jul-2026,25.09,25.1899,25.09,25.15,30200
SOLV,01-Jul-2026,77.66,79.83,77.44,78.35,1134000
SOMN,01-Jul-2026,49.73,50.0499,49.71,49.81,3500
SON,01-Jul-2026,55.56,57.22,55.56,56.15,1336800
SONY,01-Jul-2026,19.97,20.26,19.94,20.21,4725200
SOR,01-Jul-2026,45.7,46.48,45.64,46.27,15600
SOS,01-Jul-2026,0.99,1.1304,0.99,1.02,31900
SOU-,01-Jul-2026,0.1357,0.14,0.111,0.1176,34700
SOUL,01-Jul-2026,10.35,10.37,10.35,10.36,18000
SOULr,01-Jul-2026,0.1357,0.14,0.111,0.1176,34700
SPB,01-Jul-2026,86,87.54,85.42,86.15,374800
SPCE,01-Jul-2026,2.88,3.11,2.78,2.78,18237800
SPE,01-Jul-2026,13.4,13.6199,13.4,13.51,20100
SPG,01-Jul-2026,221.36,223.1686,220.04,223,2551000
SPG-J,01-Jul-2026,55.03,55.03,54.2,54.21,1500
SPGI,01-Jul-2026,399.58,419.76,397,414.97,3956700
SPGpJ,01-Jul-2026,55.03,55.03,54.2,54.21,554
SPH,01-Jul-2026,17.19,17.4299,17.16,17.4,91800
SPHR,01-Jul-2026,170.53,174.3,165.28,169.12,723000
SPIR,01-Jul-2026,18.55,20.1999,18.35,18.38,912500
SPMC,01-Jul-2026,9.88,10.021,9.88,9.98,16400
SPNT,01-Jul-2026,24.23,24.58,23.71,23.75,962300
SPOT,01-Jul-2026,468.34,480.92,462.99,472.48,1641800
SPRU,01-Jul-2026,2.86,2.86,2.55,2.56,43600
SPXC,01-Jul-2026,242.71,242.915,231.53,231.72,545700
SPXX,01-Jul-2026,18.69,18.94,18.595,18.65,828500
SQM,01-Jul-2026,73.03,75.35,73.03,74.22,814200
SQNS,01-Jul-2026,3.35,3.4845,3.24,3.24,37600
SR,01-Jul-2026,77.88,78.92,77.84,78,889700
SRE,01-Jul-2026,92.32,93.11,91.28,91.37,3620200
SREA,01-Jul-2026,20.94,21.16,20.9157,21.13,54300
SRFM,01-Jul-2026,1.13,1.16,1,1.04,9661600
SRG,01-Jul-2026,2.6,2.67,2.6,2.63,248900
SRG-A,01-Jul-2026,21.8,22,21.73,21.8,5300
SRGpA,01-Jul-2026,21.8,22,21.73,21.8,3708
SRI,01-Jul-2026,7.32,7.45,7.22,7.22,181600
SRJN,01-Jul-2026,23.9,23.985,23.846,23.96,3600
SRV,01-Jul-2026,50.22,50.49,49.54,49.62,68600
SSB,01-Jul-2026,101.9,102.11,99.39,101.35,974300
SSD,01-Jul-2026,207.59,210.245,203.34,203.42,403500
SSL,01-Jul-2026,9.47,9.625,9.405,9.59,1503400
SSMR,01-Jul-2026,13.52,14.64,13.35,13.66,185600
SST,01-Jul-2026,2.36,2.6,2.36,2.54,56600
SSTK,01-Jul-2026,9.67,10.23,9.43,9.9,4097900
ST,01-Jul-2026,46.55,47.81,46,46.55,1814100
STAG,01-Jul-2026,38.18,38.62,38.17,38.34,1288200
STC,01-Jul-2026,66.33,67.72,65.63,67.58,235700
STE,01-Jul-2026,212.22,215.44,211.741,212.3,1079800
STEM,01-Jul-2026,7.79,8.2855,7.75,7.92,99400
STEW,01-Jul-2026,17.96,18.0811,17.915,18.05,49400
STG,01-Jul-2026,3.99,4.27,3.91,4.07,37300
STK,01-Jul-2026,53.9,53.9,52.75,53.33,42600
STLA,01-Jul-2026,5.76,5.9,5.7393,5.81,19606700
STM,01-Jul-2026,72.64,73.1699,69.79,70.72,14287600
STN,01-Jul-2026,69.61,69.75,67.3,67.62,225900
STNG,01-Jul-2026,69.5,70.07,68.5,69.53,1113800
STT,01-Jul-2026,168.76,172.315,168.02,169.67,1144200
STT-G,01-Jul-2026,21.49,21.66,21.4401,21.47,66400
STTpG,01-Jul-2026,21.49,21.66,21.4401,21.5,61382
STUB,01-Jul-2026,12.87,13.01,12.54,12.86,4557600
STVN,01-Jul-2026,18.05,18.48,17.83,18.34,231900
STWD,01-Jul-2026,16.41,16.535,16.33,16.33,4308200
STXD,01-Jul-2026,39.57,39.76,39.5218,39.5218,2000
STXE,01-Jul-2026,51.15,51.15,50.63,50.6812,10900
STXF,01-Jul-2026,48.18,48.46,47.98,48.24,90900
STXG,01-Jul-2026,55.19,55.23,55.0815,55.0815,3900
STXK,01-Jul-2026,38.84,39.08,38.6267,38.6267,6300
STXT,01-Jul-2026,19.62,19.645,19.52,19.57,56300
STXV,01-Jul-2026,37.93,38.07,37.93,37.93,1700
STZ,01-Jul-2026,142.76,144,134.33,136.88,4514800
SU,01-Jul-2026,53.68,54.09,53.29,53.57,2132900
SUI,01-Jul-2026,119.54,122.235,119.19,120.78,1373200
SUN,01-Jul-2026,67.5,68.4717,66.58,67.79,242100
SUNB,01-Jul-2026,73.93,74.62,72.69,72.94,3205300
SUNC,01-Jul-2026,66.9,68.45,66.66,67.98,326800
SUPV,01-Jul-2026,9.68,9.8,9.03,9.25,653000
SUZ,01-Jul-2026,7.68,7.84,7.67,7.81,4167400
SVV,01-Jul-2026,10.02,10.22,9.9,10.01,517200
SW,01-Jul-2026,45.95,46.6,45.64,46.09,3942300
SWK,01-Jul-2026,93.5,95.16,91.28,91.34,1780400
SWX,01-Jul-2026,88.63,89.655,88.26,88.51,558900
SWZ,01-Jul-2026,5.92,5.96,5.91,5.92,21800
SXC,01-Jul-2026,7.95,8.135,7.77,7.78,1145800
SXI,01-Jul-2026,355.51,357.96,347.46,348.46,257800
SXT,01-Jul-2026,123.48,125.275,122.38,122.56,282500
SYF,01-Jul-2026,76.22,77.13,75.615,76.77,3534300
SYF-A,01-Jul-2026,18.65,18.78,18.62,18.63,56600
SYF-B,01-Jul-2026,25.87,25.95,25.72,25.9,11400
SYFpA,01-Jul-2026,18.65,18.78,18.62,18.63,49454
SYFpB,01-Jul-2026,25.87,25.95,25.72,25.9,9513
SYK,01-Jul-2026,317.16,319.015,309.23,313.39,2917800
SYY,01-Jul-2026,83.03,83.77,82.77,83.53,4021200
T,01-Jul-2026,20.63,21.03,20.29,20.48,137694400
T-A,01-Jul-2026,18.95,19.1099,18.92,19,101500
T-C,01-Jul-2026,17.9,18.05,17.82,17.86,248600
TAC,01-Jul-2026,13.67,13.86,13.52,13.6,888900
TAK,01-Jul-2026,15.97,16.02,15.905,15.95,2169500
TAL,01-Jul-2026,9.67,10.08,9.655,10,4670700
TALO,01-Jul-2026,13.755,14.17,13.3442,13.47,3027500
TAP,01-Jul-2026,39.27,39.835,38.78,39.04,3079900
TBB,01-Jul-2026,20.53,20.6799,20.47,20.63,439000
TBBB,01-Jul-2026,41.08,42.145,40.32,41.66,826900
TBI,01-Jul-2026,7.08,7.37,6.965,7.22,305200
TBLU,01-Jul-2026,51.83,51.83,51.4629,51.4629,600
TBN,01-Jul-2026,32.05,32.59,30.92,31.1,177600
TCAI,01-Jul-2026,54.79,54.84,52.458,52.75,101100
TCBX,01-Jul-2026,40.39,41.43,39.98,40.92,167900
TCI,01-Jul-2026,45.14,48.5,45.14,48.5,3900
TCPA,01-Jul-2026,23.11,23.16,23.0501,23.12,18100
TD,01-Jul-2026,121.11,122.65,120.36,122.25,642100
TDAY,01-Jul-2026,8.56,8.89,8.515,8.86,1409800
TDC,01-Jul-2026,35.25,35.97,34.04,34.46,2714900
TDF,01-Jul-2026,10.81,11.08,10.4723,10.97,169500
TDG,01-Jul-2026,1340.64,1345.1,1304.74,1309.18,423100
TDOC,01-Jul-2026,8.59,9.145,8.5701,9.1,5842000
TDS,01-Jul-2026,36.8,37.325,36.64,37.09,1280000
TDS-U,01-Jul-2026,20.31,20.58,20.31,20.55,34200
TDS-V,01-Jul-2026,18.54,18.8499,18.51,18.6,44800
TDSpU,01-Jul-2026,20.31,20.58,20.31,20.52,28358
TDSpV,01-Jul-2026,18.55,18.8499,18.51,18.6,41163
TDW,01-Jul-2026,66.81,68.08,66.655,67.03,865400
TDY,01-Jul-2026,660.24,674.66,649.09,661.2,398400
TE,01-Jul-2026,9.22,10.08,8.73,9.18,30452700
TE.W,01-Jul-2026,0.2,0.32,0.12,0.1337,328600
TE.WS,01-Jul-2026,0.2,0.32,0.12,0.1337,325107
TECK,01-Jul-2026,58.23,59.76,58.19,59.35,2000500
TEI,01-Jul-2026,6.72,6.77,6.66,6.7,106500
TEL,01-Jul-2026,200.5,204.855,199.02,201.44,2066500
TEN,01-Jul-2026,35.055,35.815,34.98,35.37,245500
TEN-E,01-Jul-2026,26.35,26.35,26.055,26.15,2300
TEN-F,01-Jul-2026,27.1,27.16,27.01,27.0101,3000
TENpE,01-Jul-2026,26.35,26.35,26.055,26.15,2222
TENpF,01-Jul-2026,27.1,27.16,27.01,27.0101,2891
TEO,01-Jul-2026,12.98,13.18,12.41,12.67,264300
TEVA,01-Jul-2026,33.83,34.08,33.26,33.44,4241400
TEX,01-Jul-2026,71.17,72.22,68.69,68.7,1244000
TFC,01-Jul-2026,49.27,51.03,49.22,50.89,7840300
TFC-I,01-Jul-2026,17.92,18.17,17.9007,18.11,46200
TFC-O,01-Jul-2026,20.41,20.63,20.4001,20.63,49100
TFC-R,01-Jul-2026,18.44,18.61,18.44,18.47,40700
TFCpI,01-Jul-2026,17.92,18.17,17.9007,18.0899,42282
TFCpO,01-Jul-2026,20.41,20.63,20.4001,20.63,44459
TFCpR,01-Jul-2026,18.44,18.61,18.44,18.47,31523
TFI-,01-Jul-2026,22.27,22.27,22.27,22.27,100
TFII,01-Jul-2026,143.73,144.88,141.39,141.66,157000
TFIN,01-Jul-2026,76.61,79.46,76.545,79.31,240100
TFINP,01-Jul-2026,22.27,22.27,22.27,22.27,100
TFPM,01-Jul-2026,29.99,31.49,29.92,30.18,876700
TFX,01-Jul-2026,127.75,130.935,127.75,129.75,427200
TG,01-Jul-2026,7.88,7.945,7.71,7.77,113700
TGE,01-Jul-2026,1.02,1.0869,1.01,1.07,46500
TGLS,01-Jul-2026,46.73,48.78,46.73,46.97,242800
TGS,01-Jul-2026,29.49,29.96,28.23,28.66,343200
TGT,01-Jul-2026,129.8,130.88,126.455,130.29,4928800
THC,01-Jul-2026,187.68,192,187.08,191.2,1066300
THG,01-Jul-2026,215.8,219.3,215.71,216.76,297900
THIR,01-Jul-2026,34.23,34.38,34.18,34.18,70900
THLV,01-Jul-2026,33.24,33.4,33.13,33.2413,15800
THMR,01-Jul-2026,25.35,25.37,25.22,25.2353,58000
THO,01-Jul-2026,74.54,76.97,74.21,75.11,757300
THQ,01-Jul-2026,18.76,18.78,18.6,18.69,275800
THW,01-Jul-2026,13.47,13.6,13.43,13.44,162800
TIC,01-Jul-2026,8.06,8.31,7.97,8,1206300
TIMB,01-Jul-2026,20.99,21.45,20.92,21.33,584600
TISI,01-Jul-2026,17.25,17.38,17.25,17.38,1100
TJX,01-Jul-2026,152.05,152.36,149.71,151.35,5047600
TK,01-Jul-2026,9.96,10.09,9.8002,9.97,651700
TKC,01-Jul-2026,5.86,5.92,5.845,5.9,2746200
TKO,01-Jul-2026,200.76,209.97,200.76,202.43,1829700
TKR,01-Jul-2026,145.46,145.595,140.949,141.75,1286400
TLK,01-Jul-2026,13.74,13.805,13.69,13.73,752600
TLYS,01-Jul-2026,4.27,4.49,4.2,4.36,339300
TM,01-Jul-2026,168.92,170.55,168.67,169.66,381900
TME,01-Jul-2026,8.37,8.67,8.37,8.66,9663200
TMHC,01-Jul-2026,71.76,71.87,71.71,71.73,5170100
TMO,01-Jul-2026,504.78,521.17,502.87,513.33,2220000
TNC,01-Jul-2026,87.35,87.95,85.245,86.07,145300
TNET,01-Jul-2026,49.99,53.775,49.99,53.19,452400
TNGY,01-Jul-2026,9.635,9.635,9.5501,9.63,46500
TNK,01-Jul-2026,64.67,65.54,64.04,64.33,342900
TNL,01-Jul-2026,76.22,76.22,75.045,75.19,542100
TOL,01-Jul-2026,162.91,164.72,157.32,157.37,1122800
TOST,01-Jul-2026,28.44,29.19,28.285,28.71,12871800
TpA,01-Jul-2026,18.95,19.1099,18.92,18.975,92208
TPB,01-Jul-2026,84.6,89.255,83.67,87.37,396100
TPC,01-Jul-2026,81.53,81.53,77.78,79.51,694500
TPL,01-Jul-2026,434,444,414.8,415.02,479500
TPR,01-Jul-2026,145.38,147.34,143.47,143.99,2410200
TPTS,01-Jul-2026,20.25,20.2501,18.61,20.2,1200
TPVG,01-Jul-2026,4.9,5.1,4.9,5.07,183000
TPYP,01-Jul-2026,41.83,41.98,41.478,41.56,297700
TPZ,01-Jul-2026,21.74,21.84,21.39,21.4792,5800
TR,01-Jul-2026,39.55,40.14,39.47,40.04,204800
TRA-,01-Jul-2026,0.27,0.29,0.24,0.256,112700
TRA.U,01-Jul-2026,10.17,10.17,10.17,10.17,100
TRAD,01-Jul-2026,9.97,9.97,9.97,9.97,300
TRAK,01-Jul-2026,9.11,9.61,9.085,9.56,64500
TRC,01-Jul-2026,18.8,18.97,18.71,18.91,140500
TREX,01-Jul-2026,49.55,49.72,48.28,48.69,1362300
TRGP,01-Jul-2026,267.16,268.63,257.75,257.81,1600200
TRLV,01-Jul-2026,9.85,9.9,9.42,9.54,687500
TRN,01-Jul-2026,34.8,35.205,33.87,33.88,863800
TRNO,01-Jul-2026,64.98,66.37,64.94,66.01,1308400
TROX,01-Jul-2026,6.24,6.69,6.19,6.44,3136700
TRP,01-Jul-2026,65.84,66.38,65,65.62,1339800
TRT-A,01-Jul-2026,25.85,25.99,25.83,25.99,5200
TRT-B,01-Jul-2026,25.11,25.2499,25.095,25.15,15100
TRT-C,01-Jul-2026,24.26,24.6899,24.26,24.4,6000
TRT-D,01-Jul-2026,22.7,23.085,22.6079,22.98,5100
TRT-E,01-Jul-2026,18.35,18.5,18.35,18.48,5700
TRT-F,01-Jul-2026,24.44,24.54,24.3,24.52,2600
TRT-G,01-Jul-2026,23.7,23.7,23.56,23.6,12400
TRT-P,01-Jul-2026,18,18,17.76,17.84,4400
TRTNpA,01-Jul-2026,25.85,25.99,25.83,25.99,4438
TRTNpB,01-Jul-2026,25.11,25.2499,25.095,25.15,13969
TRTNpC,01-Jul-2026,24.26,24.6899,24.26,24.4,5619
TRTNpD,01-Jul-2026,22.7,23.085,22.6079,22.98,4569
TRTNpE,01-Jul-2026,18.35,18.5,18.35,18.5,4586
TRTNpF,01-Jul-2026,24.44,24.54,24.3,24.52,2128
TRTX,01-Jul-2026,8.38,8.52,8.38,8.47,732300
TRTXpC,01-Jul-2026,18,18,17.76,17.84,3124
TRU,01-Jul-2026,72.64,75.42,72.4,74.47,2879100
TRV,01-Jul-2026,331.89,337.46,331,334.62,1365700
TS,01-Jul-2026,54.53,54.98,53.835,54.19,924200
TSI,01-Jul-2026,4.49,4.51,4.48,4.5,62300
TSLX,01-Jul-2026,17.26,17.53,17.165,17.34,579800
TSM,01-Jul-2026,467.67,468.51,443.47,444.23,18534800
TSN,01-Jul-2026,57.67,59.11,57.61,58.43,2482500
TSQ,01-Jul-2026,7.12,7.41,6.975,7.14,186500
TT,01-Jul-2026,485,497.65,476.66,484.58,1087100
TTAM,01-Jul-2026,18.6,18.72,18.21,18.4,192500
TTC,01-Jul-2026,97.28,97.7,95.945,96.98,619600
TTE,01-Jul-2026,75.48,75.81,74.78,74.8,1936700
TTI,01-Jul-2026,11.3,11.34,10.15,10.25,2079000
TU,01-Jul-2026,10.5,10.72,10.4448,10.52,4302100
TUYA,01-Jul-2026,1.77,1.82,1.77,1.81,694200
TV,01-Jul-2026,2.69,2.77,2.68,2.68,946100
TVC,01-Jul-2026,23.85,23.94,23.85,23.94,18400
TVE,01-Jul-2026,23.7193,23.7193,23.54,23.54,3800
TWI,01-Jul-2026,7.71,7.825,7.555,7.67,541700
TWLO,01-Jul-2026,207.8,210.775,203.39,209.28,1550400
TWN,01-Jul-2026,94.51,95.8,93,94.24,37900
TWO,01-Jul-2026,12.42,12.43,12.33,12.35,2094900
TWO-A,01-Jul-2026,24.47,24.655,24.47,24.6,10700
TWO-B,01-Jul-2026,24.15,24.51,24.15,24.5,21200
TWO-C,01-Jul-2026,25.0899,25.0999,24.925,24.95,46000
TWOD,01-Jul-2026,25.425,25.425,25.33,25.33,7800
TWOpA,01-Jul-2026,24.47,24.655,24.47,24.58,9937
TWOpB,01-Jul-2026,24.15,24.51,24.15,24.5,19912
TWOpC,01-Jul-2026,25.0899,25.0999,24.925,24.95,44994
TX,01-Jul-2026,42.28,42.97,41.3,41.55,768300
TXNM,01-Jul-2026,56.77,56.92,56.705,56.72,1392000
TXO,01-Jul-2026,12.49,12.59,12.3,12.39,124900
TXT,01-Jul-2026,91.82,92.74,91.305,91.93,1334900
TY,01-Jul-2026,34.6,34.99,34.44,34.8,52300
TY-,01-Jul-2026,42.82,42.9,42.82,42.9,500
TYG,01-Jul-2026,43.18,43.18,42.46,42.65,109000
TYL,01-Jul-2026,300.52,310.48,298.42,301.67,829100
TYp,01-Jul-2026,42.82,42.9,42.82,42.9,242
U,01-Jul-2026,29.18,31.21,28.94,30.19,9321200
UA,01-Jul-2026,6.22,6.44,6.1107,6.39,2885000
UAA,01-Jul-2026,6.385,6.625,6.295,6.58,6286900
UAMY,01-Jul-2026,7.2,7.86,7.07,7.7,6974900
UAN,01-Jul-2026,111.45,113,110.7895,111.65,24700
UBER,01-Jul-2026,72.23,73.8,71.66,72.66,12648000
UBS,01-Jul-2026,49.34,50.075,49.31,49.72,1236900
UCB,01-Jul-2026,35.33,36.2,35.17,36.05,1018200
UDR,01-Jul-2026,40.06,41.09,40.06,40.62,3251200
UE,01-Jul-2026,22.95,22.99,22.64,22.64,961900
UFI,01-Jul-2026,4.75,4.9,4.75,4.8,37400
UGI,01-Jul-2026,34.27,34.885,34.26,34.36,1206900
UGP,01-Jul-2026,4.91,4.99,4.855,4.97,3215600
UHA.B,01-Jul-2026,57.42,58.87,57.306,58.36,450100
UHAL,01-Jul-2026,65.04,66.78,64.98,66.46,219600
UHAL.B,01-Jul-2026,57.42,58.87,57.306,58.32,259401
UHS,01-Jul-2026,149.16,151.64,147.69,150.58,882900
UHT,01-Jul-2026,44.01,45.21,43.505,44.98,234900
UI,01-Jul-2026,529.37,550.47,524.96,536.38,99200
UIS,01-Jul-2026,3.71,3.76,3.61,3.69,821700
UL,01-Jul-2026,60.33,60.93,60.17,60.89,2704100
ULS,01-Jul-2026,101.26,102,97.33,97.67,1538800
UMC,01-Jul-2026,26.39,26.6623,25.68,25.71,19750300
UMH,01-Jul-2026,15.21,15.395,15.2,15.28,411100
UMH-D,01-Jul-2026,21.15,21.63,21.1,21.38,13300
UMHpD,01-Jul-2026,21.15,21.63,21.1,21.38,11092
UNF,01-Jul-2026,262.74,271.37,262.7301,266.54,155800
UNFI,01-Jul-2026,45.18,47,45.18,45.68,629800
UNH,01-Jul-2026,417.11,428.02,413.73,426.54,4985800
UNM,01-Jul-2026,89.93,92.11,89.66,91.4,1343100
UNMA,01-Jul-2026,21.75,21.97,21.75,21.94,21000
UNP,01-Jul-2026,270.76,278.8,270,277.73,2223500
UP,01-Jul-2026,8.87,10.09,8.4843,9.09,222900
UPS,01-Jul-2026,108.04,111.06,107.3,109.54,4218800
URI,01-Jul-2026,1128.3,1142,1111.1,1111.76,311700
USA,01-Jul-2026,5.79,5.84,5.775,5.82,2249600
USAC,01-Jul-2026,26.09,26.73,25.81,26.1,193200
USB,01-Jul-2026,60.4,62.195,60.2,61.96,9392700
USB-A,01-Jul-2026,766,768.97,764.17,766.5,1400
USB-H,01-Jul-2026,18.45,18.6313,18.28,18.56,59800
USB-P,01-Jul-2026,21.36,21.4499,21.26,21.34,40000
USB-Q,01-Jul-2026,14.61,14.6999,14.61,14.62,31600
USB-R,01-Jul-2026,15.37,15.5,15.32,15.46,57400
USB-S,01-Jul-2026,17.43,17.558,17.3201,17.47,33000
USBpA,01-Jul-2026,766,768.97,764.17,766.5,994
USBpH,01-Jul-2026,18.45,18.6313,18.28,18.57,52966
USBpP,01-Jul-2026,21.36,21.4499,21.26,21.33,35287
USBpQ,01-Jul-2026,14.61,14.6999,14.61,14.62,27751
USBpR,01-Jul-2026,15.37,15.5,15.32,15.45,52688
USBpS,01-Jul-2026,17.43,17.558,17.3201,17.45,30351
USFD,01-Jul-2026,103.06,103.06,100.45,101.9,2680700
USNA,01-Jul-2026,21.44,21.932,21.225,21.72,91500
USPH,01-Jul-2026,69.23,71.38,68.9717,71.31,175000
UTF,01-Jul-2026,27.51,27.58,27.15,27.2,437500
UTI,01-Jul-2026,42.42,47.21,42.42,47.02,1285700
UTL,01-Jul-2026,52.7,53.485,51.96,52.45,160300
UTZ,01-Jul-2026,7.85,8.285,7.81,8.19,2601800
UVE,01-Jul-2026,41.62,42.64,41.495,42.24,256400
UVV,01-Jul-2026,52.34,52.88,52.04,52.08,204000
UWMC,01-Jul-2026,2.26,2.295,2.21,2.22,19244800
UZD,01-Jul-2026,18.72,18.9299,18.72,18.87,3900
UZE,01-Jul-2026,17.05,17.24,16.7708,16.94,7100
UZF,01-Jul-2026,16.85,16.85,16.57,16.77,12000
V,01-Jul-2026,344.56,353.36,340.98,351.08,13025900
VAC,01-Jul-2026,101.64,104.17,99.7,99.88,361200
VAC.U,01-Jul-2026,10.62,11,10.61,10.75,500
VAC.W,01-Jul-2026,0.85,0.897,0.8,0.897,19100
VACI,01-Jul-2026,10.23,10.23,10.2,10.2,221300
VAL,01-Jul-2026,72.41,74.58,71.47,72.46,1573900
VAL.W,01-Jul-2026,8.05,8.85,8.05,8.2,15600
VAL.WS,01-Jul-2026,8.05,8.85,8.05,8.2,10230
VALE,01-Jul-2026,14.88,15.18,14.82,14.9,16645000
VATE,01-Jul-2026,18.67,19.64,16.265,16.59,74000
VBF,01-Jul-2026,15.13,15.13,15.0633,15.08,16300
VCV,01-Jul-2026,10.78,10.82,10.745,10.82,113400
VCX,01-Jul-2026,88,88.31,86.14,87.46,96100
VECA,01-Jul-2026,9.925,9.95,9.925,9.95,5600
VEEV,01-Jul-2026,182,189.12,181.05,184.22,3150700
VEL,01-Jul-2026,18.52,18.84,18.31,18.64,99000
VET,01-Jul-2026,9.35,9.46,9.05,9.08,887900
VFC,01-Jul-2026,16.66,17.185,16.45,16.83,5714000
VG,01-Jul-2026,11.07,11.33,10.86,11.03,8452000
VGI,01-Jul-2026,7.52,7.52,7.4701,7.49,22100
VGM,01-Jul-2026,10.55,10.61,10.54,10.61,169700
VGNT,01-Jul-2026,41.52,42.1,40.635,41.83,1310500
VHI,01-Jul-2026,14.48,14.92,14.37,14.42,13300
VIA,01-Jul-2026,18.65,19.67,18.485,18.96,868400
VICI,01-Jul-2026,26.65,26.79,26.255,26.27,8250200
VIK,01-Jul-2026,103.72,105.005,101.66,102,2585000
VIPS,01-Jul-2026,13.26,13.625,13.26,13.56,4175800
VIRT,01-Jul-2026,63.06,63.06,61.06,61.73,927000
VIST,01-Jul-2026,63.12,64.7,62.06,62.69,506900
VIV,01-Jul-2026,12.93,13.205,12.92,12.99,1766800
VKQ,01-Jul-2026,10.03,10.06,10.01,10.06,246700
VLN,01-Jul-2026,2.22,2.335,2.19,2.23,1380600
VLN.W,01-Jul-2026,0.04,0.04,0.0212,0.0212,13200
VLN.WS,01-Jul-2026,0.04,0.04,0.0212,0.0212,13118
VLO,01-Jul-2026,263.04,269.9,260.75,269.44,2390500
VLRS,01-Jul-2026,9.39,9.39,9.185,9.2,652000
VLT,01-Jul-2026,10.42,10.4751,10.42,10.458,10500
VLTO,01-Jul-2026,89.82,91.84,89.661,90.34,2795000
VMC,01-Jul-2026,292.06,295.49,286.83,295.03,1217000
VMI,01-Jul-2026,570.83,570.83,553.33,559.02,254300
VMO,01-Jul-2026,9.85,9.905,9.85,9.9,223800
VNO,01-Jul-2026,39.23,40.56,39.23,40.06,1694700
VNO-L,01-Jul-2026,17.92,18,17.81,17.88,15700
VNO-M,01-Jul-2026,17.99,17.99,17.7901,17.95,16600
VNO-N,01-Jul-2026,17.59,17.74,17.59,17.71,10500
VNO-O,01-Jul-2026,14.61,14.89,14.61,14.805,16300
VNOpL,01-Jul-2026,17.92,18,17.81,17.88,13768
VNOpM,01-Jul-2026,17.99,17.99,17.7901,17.95,9804
VNOpN,01-Jul-2026,17.595,17.74,17.59,17.73,9193
VNOpO,01-Jul-2026,14.61,14.89,14.61,14.805,13559
VNT,01-Jul-2026,28.9,29.34,28.56,28.58,1818500
VOC,01-Jul-2026,2.9,2.95,2.86,2.88,74100
VOY-B,01-Jul-2026,23.25,23.44,23.2211,23.3688,9700
VOYA,01-Jul-2026,90.57,93.45,90.57,92.71,741800
VOYApB,01-Jul-2026,23.25,23.44,23.2211,23.3688,7239
VOYG,01-Jul-2026,32.25,36.15,32.25,33.81,2629000
VPG,01-Jul-2026,144,151.24,136.52,144.01,696100
VPV,01-Jul-2026,11.32,11.3499,11.195,11.29,16300
VRT,01-Jul-2026,325.8,327.215,309.51,311.42,6259800
VRTS,01-Jul-2026,143.96,150,143.96,145.16,131100
VSH,01-Jul-2026,52.82,55,50.435,51.21,11463600
VST,01-Jul-2026,156,157.32,151.05,153.16,5090000
VSTS,01-Jul-2026,14.51,15.06,14.47,14.68,1058600
VSXY,01-Jul-2026,82.6,82.625,77.66,77.71,1831400
VTEX,01-Jul-2026,4.1,4.18,4.06,4.18,1225500
VTMX,01-Jul-2026,34.01,34.59,34.01,34.45,49800
VTN,01-Jul-2026,11.57,11.6199,11.54,11.5401,22000
VTOL,01-Jul-2026,41.42,41.83,40.55,40.66,258000
VTR,01-Jul-2026,89.03,90.31,88.71,89.65,7452100
VTS,01-Jul-2026,15.93,16.09,15.69,15.72,532400
VVR,01-Jul-2026,2.99,3,2.99,2.99,624100
VVV,01-Jul-2026,39.24,39.65,37.945,38.15,2336300
VVX,01-Jul-2026,76.17,76.17,71.59,71.92,860000
VYX,01-Jul-2026,8.22,8.635,8.22,8.5,2480600
VZ,01-Jul-2026,42.39,42.8,41.49,41.99,57139600
W,01-Jul-2026,91.39,96.82,89.07,95.14,2774800
WAB,01-Jul-2026,268.31,269.78,263.722,264,769300
WAGN,01-Jul-2026,13.76,13.88,13.715,13.715,89173
WAL,01-Jul-2026,82.16,84.425,81.92,83.49,1131100
WAL-A,01-Jul-2026,23.87,23.98,23.87,23.97,2700
WALpA,01-Jul-2026,23.87,23.98,23.87,23.98,2182
WAT,01-Jul-2026,374.89,382.345,371.74,378.13,928000
WBI,01-Jul-2026,34.06,34.54,31.39,31.57,1815800
WBIY,01-Jul-2026,35.23,35.51,35.23,35.3037,2900
WBS,01-Jul-2026,76.32,76.77,75.94,76.63,4476400
WBS-F,01-Jul-2026,20.77,20.85,20.6,20.85,7200
WBS-G,01-Jul-2026,23.3,23.46,23.3,23.34,20200
WBSpF,01-Jul-2026,20.775,20.85,20.6,20.85,5688
WBSpG,01-Jul-2026,23.3,23.46,23.3,23.34,17521
WBX,01-Jul-2026,3.67,3.7824,3.4,3.4,46400
WCC,01-Jul-2026,340,340.825,320.4,320.71,817100
WCN,01-Jul-2026,167.31,168.19,163.9,164.71,1392500
WD,01-Jul-2026,54,55.48,53.79,54.92,252600
WDH,01-Jul-2026,1.14,1.18,1.13,1.16,96100
WDI,01-Jul-2026,13.55,13.8,13.55,13.66,280000
WDS,01-Jul-2026,19.32,19.5,19.295,19.33,1024200
WEA,01-Jul-2026,10.61,10.65,10.5849,10.615,14700
WEAV,01-Jul-2026,6.17,6.465,6.17,6.41,1295200
WEC,01-Jul-2026,116.65,117.15,115.715,116.22,1582200
WELL,01-Jul-2026,227.6,231.85,226.97,230.19,2735900
WEN-,01-Jul-2026,0.18,0.18,0.18,0.18,29500
WEN.U,01-Jul-2026,10.09,10.2901,10.09,10.2901,700
WENC,01-Jul-2026,9.94,9.94,9.94,9.94,10900
WES,01-Jul-2026,43.4,43.67,43.02,43.13,700300
WEX,01-Jul-2026,142.8,146.5875,141.515,142.59,787700
WF,01-Jul-2026,56.86,57.455,56.5,57.33,180700
WFC,01-Jul-2026,82.83,86.05,82.745,85.94,14670600
WFC-A,01-Jul-2026,18.3,18.48,18.3,18.4,50500
WFC-C,01-Jul-2026,17.13,17.25,17.11,17.12,40400
WFC-D,01-Jul-2026,16.7,16.83,16.7,16.77,55900
WFC-L,01-Jul-2026,1155.75,1167.29,1154,1164,8300
WFC-Y,01-Jul-2026,22.61,22.78,22.5601,22.7556,59200
WFC-Z,01-Jul-2026,18.71,18.75,18.63,18.65,120800
WFCpA,01-Jul-2026,18.3,18.48,18.3,18.377,45293
WFCpC,01-Jul-2026,17.13,17.25,17.11,17.12,35669
WFCpD,01-Jul-2026,16.7,16.83,16.7,16.76,51191
WFCpL,01-Jul-2026,1155.75,1167.29,1154,1159.01,5513
WFCpY,01-Jul-2026,22.61,22.78,22.5601,22.7556,55039
WFCpZ,01-Jul-2026,18.71,18.75,18.63,18.65,105795
WFG,01-Jul-2026,67.61,68.32,66.12,66.12,49000
WGO,01-Jul-2026,31.21,32.045,30.705,31.06,1010800
WH,01-Jul-2026,84.3,85.25,83.1675,83.6,1061300
WHD,01-Jul-2026,50.93,51.09,48.73,48.77,675400
WHG,01-Jul-2026,19.26,19.685,19.07,19.22,25200
WHK,01-Jul-2026,27.76,28.5799,27.49,27.6,288100
WHR,01-Jul-2026,39.47,40.42,39.16,40.17,1753400
WHR-A,01-Jul-2026,35.25,35.72,35.25,35.72,7100
WIA,01-Jul-2026,8.14,8.14,8.07,8.09,28700
WINN,01-Jul-2026,32.43,32.7499,32.41,32.51,129900
WIT,01-Jul-2026,2.22,2.25,1.87,1.87,35265500
WIW,01-Jul-2026,8.39,8.39,8.31,8.35,280900
WK,01-Jul-2026,50,52.1,49.745,50.79,1605000
WKC,01-Jul-2026,33.06,33.54,33.001,33.35,958200
WLK,01-Jul-2026,71.86,74.26,71.23,72.82,1844400
WLKP,01-Jul-2026,22.37,22.8872,22.27,22.29,18400
WLTG,01-Jul-2026,37.35,37.3999,37.2948,37.2948,3100
WLY,01-Jul-2026,47.55,51.7,47.55,51.01,558600
WLYB,01-Jul-2026,46.69,50.43,46.69,50.43,300
WM,01-Jul-2026,223.99,225.64,223.3,224.08,1572300
WMB,01-Jul-2026,74.16,74.53,72.27,72.77,8557400
WMK,01-Jul-2026,78.16,80.23,77.55,79.81,133400
WMS,01-Jul-2026,155.77,155.94,150.88,150.96,895500
WNC,01-Jul-2026,13.46,13.505,13.045,13.25,779700
WOLF,01-Jul-2026,46,48.21,44.4467,44.56,3712700
WOR,01-Jul-2026,53.27,54.1,51.34,54.01,511600
WPA-,01-Jul-2026,0.2814,0.2814,0.2811,0.2811,800
WPAC,01-Jul-2026,10.01,10.01,10.01,10.01,100
WPC,01-Jul-2026,71.56,72.0776,70.72,70.81,2157100
WPM,01-Jul-2026,111.62,116.42,111.42,111.44,911700
WPP,01-Jul-2026,15.63,16.32,15.57,16.27,580000
WRB,01-Jul-2026,70.79,71.405,70.03,70.66,1923000
WRB-E,01-Jul-2026,21.13,21.23,21.13,21.23,7800
WRB-F,01-Jul-2026,18.545,18.81,18.4801,18.72,21100
WRB-G,01-Jul-2026,15.62,15.73,15.62,15.71,8100
WRB-H,01-Jul-2026,14.86,15.1381,14.86,15.04,27100
WRBpE,01-Jul-2026,21.13,21.23,21.13,21.23,6839
WRBpF,01-Jul-2026,18.545,18.81,18.4801,18.68,17178
WRBpG,01-Jul-2026,15.62,15.73,15.62,15.71,7215
WRBpH,01-Jul-2026,14.86,15.1381,14.86,15.0699,21734
WRBY,01-Jul-2026,29.99,30.16,29.33,29.37,2922900
WS,01-Jul-2026,33.31,33.32,32.1,32.14,395000
WSM,01-Jul-2026,235.47,235.47,227.98,228.15,1543700
WSO,01-Jul-2026,416.53,417.6799,404.81,407.62,392500
WSR,01-Jul-2026,18.95,18.97,18.95,18.97,468800
WST,01-Jul-2026,359.06,365.485,354.85,365,853600
WT,01-Jul-2026,17.02,17.755,16.9,17.61,2693100
WTI,01-Jul-2026,3.15,3.22,3.06,3.08,2189300
WTM,01-Jul-2026,2077.5,2101.1,2050,2064.04,17500
WTRG,01-Jul-2026,38.14,38.72,37.775,38.03,2972800
WTS,01-Jul-2026,389.01,390.62,379.09,381.2,413600
WTTR,01-Jul-2026,19.75,19.97,18.83,19.01,3900600
WU,01-Jul-2026,7.73,7.93,7.7069,7.85,7204000
WWW,01-Jul-2026,16.47,16.66,16.09,16.12,857900
WY,01-Jul-2026,23.95,23.99,23.46,23.56,4910200
XFL.U,01-Jul-2026,10.03,10.05,10.03,10.05,8900
XFLH,01-Jul-2026,10,10,10,10,200
XFLT,01-Jul-2026,17.72,17.7499,17.445,17.65,65500
XHR,01-Jul-2026,20.16,20.275,19.79,19.9,1301200
XIFR,01-Jul-2026,11.8,12.22,11.79,12.03,1453700
XOM,01-Jul-2026,136.53,137.49,135.63,136.28,12433300
XPER,01-Jul-2026,8.31,8.67,8.24,8.64,558200
XPEV,01-Jul-2026,13.5,13.975,13.4,13.6,7707000
XPO,01-Jul-2026,206.1,208.975,200.41,207.06,1049700
XPOF,01-Jul-2026,6.91,7.04,6.865,6.94,368200
XPRO,01-Jul-2026,14.63,14.795,14.01,14.19,1415900
XRN,01-Jul-2026,37.62,38.39,37.45,38.1,95200
XRN-A,01-Jul-2026,24.35,24.35,24.22,24.3,4900
XRN-B,01-Jul-2026,25.75,25.925,25.62,25.91,2800
XXI,01-Jul-2026,4.94,5.465,4.94,5.38,1272600
XYF,01-Jul-2026,4.88,4.96,4.88,4.9,17600
XYL,01-Jul-2026,119.06,120.32,117.22,117.27,1835100
XYZ,01-Jul-2026,75.585,77.89,75.115,77.13,5632100
XZO,01-Jul-2026,16.92,18.33,16.76,17.99,297900
YALA,01-Jul-2026,5.52,5.62,5.51,5.6,218100
YCY,01-Jul-2026,10.18,10.18,10.18,10.18,300
YCY.W,01-Jul-2026,0.21,0.22,0.21,0.22,19300
YELP,01-Jul-2026,24.95,26.35,24.67,26.25,1806000
YETI,01-Jul-2026,49.09,50,48.39,49.22,862500
YEXT,01-Jul-2026,4.74,4.925,4.725,4.88,1234100
YMM,01-Jul-2026,8.25,8.52,8.15,8.46,5662000
YOU,01-Jul-2026,56.65,57.08,55.02,55.66,1250600
YPF,01-Jul-2026,44.89,45.61,44.02,44.96,1060200
YRD,01-Jul-2026,0.858,0.9602,0.838,0.9018,103600
YSG,01-Jul-2026,3.23,3.46,3.19,3.46,134400
YSS,01-Jul-2026,25.14,25.95,24.55,24.59,1140000
YUM,01-Jul-2026,160.42,161.64,158.63,161.59,3026100
YUMC,01-Jul-2026,40.65,41.15,40.45,40.96,1061600
ZBH,01-Jul-2026,86.7,87.2,84.07,84.17,3484800
ZEPP,01-Jul-2026,5.19,5.333,4.8501,5.18,42100
ZETA,01-Jul-2026,20.16,21.365,20,20.84,8384100
ZGN,01-Jul-2026,13.03,13.14,12.73,12.99,883100
ZH,01-Jul-2026,3.12,3.22,3.085,3.11,132500
ZIM,01-Jul-2026,25.91,25.9497,25.15,25.23,826800
ZIP,01-Jul-2026,3.79,4,3.79,3.9,604400
ZKH,01-Jul-2026,2.19,2.2,1.92,2.06,149900
ZTO,01-Jul-2026,22.6,23.08,22.44,22.78,1921200
ZTR,01-Jul-2026,6.83,6.85,6.75,6.79,167800
ZTS,01-Jul-2026,72.26,74.64,72.11,72.45,6268100
ZVIA,01-Jul-2026,1.64,1.86,1.63,1.8,1051700
ZWS,01-Jul-2026,50.31,50.44,48.97,49.01,861200
