Symbol,Date,Open,High,Low,Close,Volume
A,14-Jul-2026,133.93,135.8,132.89,135.2,1683900
AA,14-Jul-2026,50.19,50.865,48.46,49.06,4239700
AAC.U,14-Jul-2026,10.07,10.08,10.07,10.08,100500
AADX,14-Jul-2026,18.81,19.91,18.25,19.23,681700
AAMI,14-Jul-2026,78.94,81.172,78.94,80.62,340900
AAP,14-Jul-2026,55.86,55.86,53.84,55.41,1734600
AAT,14-Jul-2026,25.25,25.43,24.99,25.18,282100
AAUC,14-Jul-2026,22.99,23.1448,22.37,22.6,685000
AB,14-Jul-2026,37.27,37.8,37.27,37.63,208800
ABBV,14-Jul-2026,245.99,246.4199,243.19,244.78,5247200
ABCB,14-Jul-2026,89.85,90.77,89.58,90.11,371000
ABEV,14-Jul-2026,3.12,3.14,3.08,3.09,18134100
ABG,14-Jul-2026,209.16,213.29,207.55,212.79,137600
ABM,14-Jul-2026,44.96,45.59,44.96,45.3,399600
ABR,14-Jul-2026,4.9,5.06,4.87,5,3046400
ABR-D,14-Jul-2026,16.2084,16.22,16.175,16.215,22300
ABR-E,14-Jul-2026,16.1,16.25,16.1,16.18,7600
ABR-F,14-Jul-2026,22.87,23,22.8293,22.94,12000
ABRpD,14-Jul-2026,16.2084,16.22,16.175,16.215,21242
ABRpE,14-Jul-2026,16.1,16.25,16.1,16.18,7262
ABRpF,14-Jul-2026,22.87,23,22.8293,22.95,10159
ABT,14-Jul-2026,90.5,90.5,88.62,88.96,12473800
ABX,14-Jul-2026,11.27,11.58,11.0295,11.14,774600
ABXL,14-Jul-2026,25.57,25.72,25.57,25.7199,6400
ACA,14-Jul-2026,145.49,145.76,145.02,145.08,881900
ACCO,14-Jul-2026,3.97,3.995,3.8913,3.9,785700
ACEL,14-Jul-2026,12.73,12.73,12.405,12.5,302700
ACH,14-Jul-2026,3.38,3.625,3.31,3.61,384500
ACH.W,14-Jul-2026,0.06,0.0899,0.0487,0.0549,291600
ACHR,14-Jul-2026,4.61,4.875,4.55,4.85,28415900
ACHR.WS,14-Jul-2026,0.06,0.0899,0.0487,0.0549,289206
ACI,14-Jul-2026,14.61,14.795,14.52,14.61,4144500
ACLO,14-Jul-2026,50.3734,50.3734,50.3734,50.3734,100
ACM,14-Jul-2026,67.98,69.635,67.97,68.55,1274800
ACN,14-Jul-2026,130.48,137.75,129.96,134.56,6876400
ACP,14-Jul-2026,5.19,5.22,5.181,5.21,371700
ACP-A,14-Jul-2026,19.68,19.83,19.6071,19.77,10000
ACPpA,14-Jul-2026,19.68,19.83,19.6071,19.75,7245
ACR,14-Jul-2026,17.74,17.99,17.28,17.51,25100
ACR-C,14-Jul-2026,24.83,25.03,24.83,25.0299,4300
ACR-D,14-Jul-2026,21.9,21.93,21.7401,21.89,5200
ACRE,14-Jul-2026,4.38,4.47,4.38,4.46,350300
ACRpC,14-Jul-2026,24.83,25.03,24.83,25.0299,3608
ACRpD,14-Jul-2026,21.9,21.93,21.7401,21.89,4440
ACV,14-Jul-2026,27.82,27.8999,27.354,27.75,15800
ACVA,14-Jul-2026,6.69,7.28,6.67,7.23,3318300
AD,14-Jul-2026,34.33,34.395,33.71,34.16,166200
ADC,14-Jul-2026,78.54,79.14,77.97,77.99,884800
ADC-A,14-Jul-2026,17.07,17.15,17.06,17.11,12300
ADCpA,14-Jul-2026,17.07,17.15,17.06,17.11,11042
ADCT,14-Jul-2026,1.22,1.255,1.21,1.23,699100
ADM,14-Jul-2026,83,83,81.44,82.28,2317200
ADNT,14-Jul-2026,19.51,19.6,18.89,19.26,759800
ADT,14-Jul-2026,6.65,6.76,6.65,6.73,4925300
ADX,14-Jul-2026,26.06,26.15,25.96,26.11,229100
AEE,14-Jul-2026,114.28,114.86,112.76,112.95,1706600
AEFC,14-Jul-2026,18.57,18.65,18.56,18.62,45000
AEG,14-Jul-2026,8.91,8.97,8.85,8.85,5656000
AEM,14-Jul-2026,148.01,148.96,143.66,144.41,2023200
AEO,14-Jul-2026,16.21,16.23,15.74,16.15,4696300
AER,14-Jul-2026,150.7,152.22,146.71,146.75,786500
AERO,14-Jul-2026,14.82,16.045,14.82,15.65,244300
AES,14-Jul-2026,14.79,14.8,14.78,14.8,5561700
AESI,14-Jul-2026,15,15.3636,14.565,14.7,1861000
AEXA,14-Jul-2026,11.85,11.98,11.71,11.79,233200
AFB,14-Jul-2026,11.21,11.27,11.21,11.25,71300
AFG,14-Jul-2026,142.67,143.586,141.03,141.15,339300
AFGB,14-Jul-2026,20.61,20.68,20.6,20.68,9000
AFGC,14-Jul-2026,17.74,17.8701,17.69,17.78,9400
AFGD,14-Jul-2026,19.45,19.5893,19.45,19.52,6700
AFGE,14-Jul-2026,16.02,16.08,15.94,16.06,5400
AFL,14-Jul-2026,122.52,123.75,122.02,122.05,1791500
AG,14-Jul-2026,17.25,17.475,16.77,16.93,8192400
AGBK,14-Jul-2026,7.05,7.23,7.03,7.07,143700
AGCO,14-Jul-2026,115.84,116.945,113.05,114.14,743900
AGD,14-Jul-2026,12.13,12.13,12,12.08,124400
AGI,14-Jul-2026,29.94,29.98,29.12,29.37,4265900
AGL,14-Jul-2026,117.54,125.62,113.06,122.61,365000
AGM,14-Jul-2026,202.33,205.08,198.6,198.88,158400
AGM-D,14-Jul-2026,21.23,21.23,21.23,21.23,200
AGM-E,14-Jul-2026,21.03,21.03,20.71,20.71,2900
AGM-F,14-Jul-2026,18.75,19.01,18.75,19.01,18600
AGM-G,14-Jul-2026,17.37,17.48,17.37,17.4799,2300
AGM-H,14-Jul-2026,23.75,23.87,23.52,23.66,12500
AGM-I,14-Jul-2026,23.97,24.15,23.97,24.03,12000
AGM.A,14-Jul-2026,146.5,147.19,143.5,143.5,8400
AGMpD,14-Jul-2026,21.23,21.23,21.23,21.23,105
AGMpE,14-Jul-2026,21.03,21.03,20.71,20.71,2433
AGMpF,14-Jul-2026,18.75,19.01,18.75,19.01,16122
AGMpG,14-Jul-2026,17.37,17.48,17.37,17.4799,1875
AGMpH,14-Jul-2026,23.75,23.87,23.52,23.66,11592
AGO,14-Jul-2026,83.55,83.825,82.62,82.68,302700
AGRO,14-Jul-2026,10.4,10.47,10.3,10.44,387600
AGX,14-Jul-2026,618.27,630,610.31,620.74,207600
AHL-D,14-Jul-2026,18.69,18.88,18.68,18.765,14600
AHL-E,14-Jul-2026,18.78,18.92,18.72,18.77,6800
AHL-F,14-Jul-2026,23.45,23.45,23.355,23.355,2400
AHLpD,14-Jul-2026,18.69,18.88,18.68,18.765,12644
AHLpE,14-Jul-2026,18.78,18.92,18.72,18.84,5382
AHLpF,14-Jul-2026,23.45,23.45,23.355,23.355,2265
AHR,14-Jul-2026,54.63,54.8,53.83,54.73,2002100
AHR-A,14-Jul-2026,21.75,21.8499,21.475,21.71,20600
AHRT,14-Jul-2026,7.08,7.1,7.02,7.08,419900
AHT,14-Jul-2026,3.16,3.24,3.1598,3.19,10700
AHT-D,14-Jul-2026,5.16,5.21,5.06,5.15,4600
AHT-G,14-Jul-2026,4.86,5.03,4.76,5.03,2200
AHT-H,14-Jul-2026,5.1,5.2,4.75,4.85,7500
AHT-I,14-Jul-2026,4.91,5.11,4.8076,4.9499,7900
AHTpD,14-Jul-2026,5.1641,5.21,5.06,5.15,4435
AHTpG,14-Jul-2026,4.86,4.935,4.76,4.935,900
AHTpH,14-Jul-2026,5.1,5.2,4.75,4.85,6049
AHTpI,14-Jul-2026,4.91,5.11,4.8076,4.9499,6087
AI,14-Jul-2026,8.96,9.23,8.77,9.15,5776600
AIG,14-Jul-2026,79.33,80.26,78.7,79,2273000
AII,14-Jul-2026,19.36,19.36,18.6,18.68,56400
AIN,14-Jul-2026,72.78,74.57,72.16,73.73,173800
AIO,14-Jul-2026,26.56,26.8,26.36,26.62,78700
AIR,14-Jul-2026,135.15,135.3155,132.77,134.46,293500
AIT,14-Jul-2026,333.41,335.7806,327.1975,327.49,274100
AIV,14-Jul-2026,2.79,2.82,2.77,2.78,1044100
AIZ,14-Jul-2026,277.37,281.63,276.7,276.98,230700
AIZN,14-Jul-2026,19.45,19.45,19.055,19.25,8900
AJG,14-Jul-2026,257.23,260.1899,253.82,253.83,1369200
AKA,14-Jul-2026,11.53,11.57,10.99,11.03,3200
AKAF,14-Jul-2026,31.5512,31.5512,31.5512,31.5512,100
AKO.B,14-Jul-2026,30.43,31.05,30.4,30.4,1500
AKR,14-Jul-2026,21.43,21.61,21.36,21.36,1742800
ALB,14-Jul-2026,129,130.61,127.72,128.75,2234000
ALB-A,14-Jul-2026,53.4,53.92,52.97,53.29,233700
ALBpA,14-Jul-2026,53.4,53.92,52.97,53.3,10433
ALC,14-Jul-2026,67.78,67.98,66.85,66.86,3401400
ALG,14-Jul-2026,163.59,165.08,161.4,163.16,123600
ALH,14-Jul-2026,26.18,26.36,25.78,25.84,361400
ALIT,14-Jul-2026,20.21,22.17,19.82,21.94,936700
ALK,14-Jul-2026,47.01,47.73,46.1,46.87,2300900
ALL,14-Jul-2026,252.39,256.0899,250.06,250.35,1455900
ALL-B,14-Jul-2026,25.69,25.72,25.5901,25.66,19900
ALL-H,14-Jul-2026,19.73,19.83,19.6801,19.73,70000
ALL-I,14-Jul-2026,18.56,18.5699,18.4101,18.56,13200
ALL-J,14-Jul-2026,25.95,26,25.95,25.95,24800
ALLE,14-Jul-2026,136.98,138.17,134.85,136.51,693100
ALLpB,14-Jul-2026,25.69,25.72,25.5901,25.67,14752
ALLpH,14-Jul-2026,19.73,19.83,19.6801,19.78,52630
ALLpI,14-Jul-2026,18.56,18.5699,18.4101,18.56,11384
ALLpJ,14-Jul-2026,25.95,26,25.95,25.96,21624
ALLY,14-Jul-2026,45.17,45.68,45.015,45.35,2704400
ALSN,14-Jul-2026,118.3,118.64,114.11,115.06,547200
ALT-A,14-Jul-2026,25.54,25.54,25.54,25.54,300
ALTG,14-Jul-2026,6.98,7.16,6.51,6.62,117700
ALTGpA,14-Jul-2026,25.54,25.54,25.54,25.54,100
ALV,14-Jul-2026,121.58,121.88,120.1,121.48,743000
ALX,14-Jul-2026,278.66,278.66,273.765,276.26,25900
AM,14-Jul-2026,22.48,22.795,22.37,22.76,1851200
AMBP,14-Jul-2026,4.5,4.5,4.38,4.42,1648000
AMBQ,14-Jul-2026,85,87.1162,82.16,85.48,401600
AMC,14-Jul-2026,1.87,2.03,1.85,1.96,28572000
AMCR,14-Jul-2026,42.84,42.9,42.18,42.78,2907400
AME,14-Jul-2026,235.44,236.115,231.96,233.96,617000
AMG,14-Jul-2026,359.98,368.86,359.98,366,194300
AMH,14-Jul-2026,33.75,33.925,33.46,33.86,1948900
AMH-G,14-Jul-2026,22.87,22.87,22.67,22.67,600
AMH-H,14-Jul-2026,23.758,23.758,23.6201,23.665,1400
AMHpG,14-Jul-2026,22.87,22.87,22.67,22.67,509
AMHpH,14-Jul-2026,23.758,23.758,23.6201,23.665,752
AMN,14-Jul-2026,33.26,33.59,32.2,32.5,912300
AMP,14-Jul-2026,511.22,521.38,505.38,518.6,560000
AMP.V,14-Jul-2026,4.15,4.58,4.15,4.26,21200
AMPX,14-Jul-2026,11.31,11.49,11.01,11.12,5378300
AMPX.WS,14-Jul-2026,4.15,4.58,4.15,4.26,19583
AMPY,14-Jul-2026,4.17,4.23,4.08,4.13,562700
AMR,14-Jul-2026,151,155.75,151,153.94,219000
AMRC,14-Jul-2026,24.8,25.47,24.49,25,564900
AMRZ,14-Jul-2026,50.48,51.25,49.685,49.77,2758200
AMT,14-Jul-2026,169,169.39,166.7,168.83,2200500
AMTB,14-Jul-2026,25.59,25.86,25.46,25.63,248500
AMTD,14-Jul-2026,0.945,0.95,0.945,0.95,2500
AMTM,14-Jul-2026,20.25,21,20.145,20.49,1557700
AMWL,14-Jul-2026,10.92,11.4499,10.61,10.88,207100
AMX,14-Jul-2026,26,26.31,25.77,26.18,1217700
AN,14-Jul-2026,197.67,199.33,194.02,196.28,403700
ANDG,14-Jul-2026,42.13,43.82,41.85,42.91,163700
ANET,14-Jul-2026,183.9,185.6,175.69,182.57,7566200
ANF,14-Jul-2026,91.45,93.18,90.67,92.87,1102300
ANG-D,14-Jul-2026,23.91,23.91,23.5501,23.85,4300
ANGpD,14-Jul-2026,23.91,23.91,23.5501,23.85,2593
ANGX,14-Jul-2026,4.02,4.13,3.97,4.09,821300
ANRO,14-Jul-2026,28.62,28.85,26.22,27.8,559900
ANVS,14-Jul-2026,1.75,1.75,1.68,1.71,1591400
AOD,14-Jul-2026,10.41,10.47,10.38,10.45,300600
AOMD,14-Jul-2026,25.35,25.35,25.34,25.34,700
AOMN,14-Jul-2026,25.71,25.718,25.45,25.5,12800
AOMR,14-Jul-2026,8.99,9.05,8.93,8.95,111400
AON,14-Jul-2026,364.29,365.78,358.4,358.89,1168200
AORT,14-Jul-2026,23.59,23.74,22.83,23.13,400900
AOS,14-Jul-2026,60.17,60.98,59.38,60.87,1431100
AP,14-Jul-2026,7.93,8.34,7.88,7.98,114700
APAM,14-Jul-2026,36.66,38.57,36.655,38.36,1482700
APD,14-Jul-2026,303.69,307.12,297.9758,299.4,1064800
APG,14-Jul-2026,42.3,42.3,41.26,41.51,1823200
APH,14-Jul-2026,158.09,159.98,155.2985,158.37,5207900
APLE,14-Jul-2026,16.56,16.68,16.34,16.68,2785000
APO,14-Jul-2026,118.9,121.14,118.21,119.93,4002300
APO-A,14-Jul-2026,60.91,62.17,60.88,61.7,357100
APOpA,14-Jul-2026,60.91,62.17,60.88,61.55,135609
APOS,14-Jul-2026,25.49,25.55,25.49,25.49,13100
APTV,14-Jul-2026,59.65,60,57.71,58.06,1984200
AQN,14-Jul-2026,5.75,5.8477,5.75,5.81,3724800
AQNB,14-Jul-2026,25.46,25.5101,25.46,25.5101,6400
AR,14-Jul-2026,34.62,34.62,33.42,33.92,3333800
ARCO,14-Jul-2026,8.35,8.35,8.14,8.2,1347700
ARDC,14-Jul-2026,12.85,12.88,12.7,12.76,118500
ARDT,14-Jul-2026,9.25,9.97,9.01,9.8,635900
ARE,14-Jul-2026,48.25,48.44,47.19,47.5,1501500
ARE-B,14-Jul-2026,39.28,39.46,39.13,39.205,130300
ARES,14-Jul-2026,119.28,122.18,119.28,120.3,1671500
ARESpB,14-Jul-2026,39.28,39.46,39.13,39.205,56016
ARI,14-Jul-2026,10.34,10.635,10.33,10.61,4355800
ARIS,14-Jul-2026,15,15.19,14.43,14.53,1972200
ARL,14-Jul-2026,19.32,19.32,18.15,18.15,18400
ARLO,14-Jul-2026,13.11,13.205,12.91,13.19,923000
ARMK,14-Jul-2026,58.27,58.49,57.64,58,3317900
AROC,14-Jul-2026,38.66,39.18,38.06,38.53,1439800
ARR,14-Jul-2026,17.03,17.305,16.97,17.11,7498200
ARR-C,14-Jul-2026,20.93,21,20.93,20.975,18400
ARRpC,14-Jul-2026,20.93,21,20.93,20.975,16711
ARW,14-Jul-2026,206.62,208.9,203.28,206.5,405700
ARX,14-Jul-2026,13.38,13.535,12.61,12.67,1295500
AS,14-Jul-2026,34.78,35.18,34.03,34.31,2195400
ASA,14-Jul-2026,52.5,52.9999,51.65,51.79,45400
ASAN,14-Jul-2026,7.08,7.59,6.952,7.46,5536900
ASB,14-Jul-2026,30.76,30.97,30.49,30.71,1277900
ASB-E,14-Jul-2026,20.05,20.15,20,20.15,5900
ASB-F,14-Jul-2026,19.17,19.19,19.17,19.1701,1300
ASBA,14-Jul-2026,24.6,24.69,24.51,24.62,22100
ASBpE,14-Jul-2026,20.05,20.15,20,20.15,5375
ASBpF,14-Jul-2026,19.17,19.19,19.17,19.1701,834
ASC,14-Jul-2026,16.07,16.52,16.07,16.18,459200
ASG,14-Jul-2026,5.34,5.42,5.34,5.42,180100
ASGI,14-Jul-2026,23.6,23.94,23.6,23.91,201600
ASH,14-Jul-2026,66.61,66.95,65.975,66.74,397700
ASIC,14-Jul-2026,24.92,25.12,24.45,24.45,61800
ASIX,14-Jul-2026,21.07,21.3399,20.86,21.03,348400
ASPN,14-Jul-2026,5.27,5.385,5.205,5.27,640300
ASR,14-Jul-2026,281.26,281.645,275.45,275.61,61400
ASX,14-Jul-2026,41.77,42.08,40.16,40.36,7301600
ATEN,14-Jul-2026,36.5,38.04,36.0695,37.64,1264700
ATH-A,14-Jul-2026,24.28,24.28,24.09,24.15,19000
ATH-B,14-Jul-2026,18.9,18.92,18.63,18.8,11900
ATH-D,14-Jul-2026,16.15,16.2,16.14,16.2,26600
ATH-E,14-Jul-2026,25.44,25.44,25.33,25.36,15900
ATHM,14-Jul-2026,20.58,20.99,20.15,20.86,547500
ATHpA,14-Jul-2026,24.28,24.28,24.09,24.15,13739
ATHpB,14-Jul-2026,18.9,18.92,18.63,18.8,8901
ATHpD,14-Jul-2026,16.15,16.2,16.14,16.2,24170
ATHpE,14-Jul-2026,25.44,25.44,25.33,25.36,12886
ATHS,14-Jul-2026,24.7,24.78,24.6401,24.78,21000
ATI,14-Jul-2026,188.26,195,186.46,189.44,1699300
ATKR,14-Jul-2026,73.3,73.75,72.29,73.58,202200
ATMU,14-Jul-2026,52.12,52.49,50.99,52.07,523300
ATO,14-Jul-2026,179.47,180.85,178.07,178.45,1021500
ATR,14-Jul-2026,128.42,129.405,127.96,128.28,739800
ATS,14-Jul-2026,27.76,27.85,27.14,27.17,311600
AU,14-Jul-2026,81.99,82.8,79.59,80.34,2383600
AUB,14-Jul-2026,41.84,42.37,41.64,41.82,1028200
AUB-A,14-Jul-2026,24.4,24.55,24.355,24.45,13300
AUBpA,14-Jul-2026,24.4,24.55,24.355,24.45,12554
AUNA,14-Jul-2026,5.2,5.3,5.01,5.06,187800
AVA,14-Jul-2026,42.35,42.59,41.78,41.82,379600
AVAL,14-Jul-2026,4.92,5.04,4.86,4.95,372000
AVB,14-Jul-2026,193.69,194.52,191.61,191.75,685200
AVBC,14-Jul-2026,20.43,20.66,20.35,20.38,47100
AVD,14-Jul-2026,2.71,2.71,2.63,2.64,81700
AVEX,14-Jul-2026,16.31,17.0592,16.15,16.61,1195200
AVK,14-Jul-2026,12.89,12.97,12.88,12.94,142300
AVNS,14-Jul-2026,24.93,24.96,24.93,24.93,357200
AVNT,14-Jul-2026,36.15,36.41,35.27,35.81,548900
AVTR,14-Jul-2026,10.56,11.32,10.42,11.29,13327900
AVY,14-Jul-2026,159.76,160.3399,156.82,157.16,508100
AWF,14-Jul-2026,10.19,10.19,10.14,10.19,278600
AWI,14-Jul-2026,156.33,157.05,155.135,155.53,298800
AWK,14-Jul-2026,131.42,132.65,130.88,131.57,1172700
AWP,14-Jul-2026,12.01,12.04,11.93,11.99,159900
AWR,14-Jul-2026,84.99,85.675,84.3801,85.01,205900
AX,14-Jul-2026,96.68,98.03,96.05,97.77,255300
AXI-C,14-Jul-2026,9.86,10.27,9.86,10.06,43800
AXIA,14-Jul-2026,10.32,10.425,10.2501,10.29,1340700
AXP,14-Jul-2026,353.09,361,352.47,355.06,3530800
AXR,14-Jul-2026,25.49,26.925,25.4822,25.61,11000
AXS,14-Jul-2026,113.9,114.47,112.405,112.44,691800
AXS-E,14-Jul-2026,18.9,18.97,18.82,18.91,25500
AXSpE,14-Jul-2026,18.95,18.97,18.82,18.91,23076
AXTA,14-Jul-2026,32.53,32.67,31.88,32.12,1909500
AYI,14-Jul-2026,328.03,334.98,325.14,327.48,284800
AZN,14-Jul-2026,167.36,168.1,164.45,164.5,3605400
AZO,14-Jul-2026,3046.29,3074.76,3007.36,3032.07,195500
AZUL,14-Jul-2026,8.84,8.92,8.47,8.47,83500
AZZ,14-Jul-2026,149,150.63,148.27,149.99,332000
B,14-Jul-2026,37.25,37.49,36.315,36.49,8673700
BA,14-Jul-2026,216.96,220.29,216.38,217.11,3849600
BA-A,14-Jul-2026,67.46,68.055,67.09,67.11,408400
BABA,14-Jul-2026,112.95,113.35,111.23,112.32,8272200
BAC,14-Jul-2026,59,61.21,58.67,60.62,49432600
BAC-B,14-Jul-2026,25,25.03,24.96,24.97,69500
BAC-E,14-Jul-2026,18.5,18.65,18.5,18.62,31900
BAC-K,14-Jul-2026,24.18,24.27,24.18,24.27,45100
BAC-L,14-Jul-2026,1262.6,1276.33,1262.6,1275,14500
BAC-M,14-Jul-2026,21.24,21.34,21.24,21.28,91000
BAC-N,14-Jul-2026,19.73,19.79,19.73,19.78,52600
BAC-O,14-Jul-2026,17.43,17.51,17.42,17.5,113100
BAC-P,14-Jul-2026,16.54,16.645,16.54,16.63,47200
BAC-Q,14-Jul-2026,16.89,16.9599,16.85,16.95,52300
BAC-S,14-Jul-2026,18.82,18.98,18.82,18.89,40200
BACpB,14-Jul-2026,25,25.03,24.96,24.97,64190
BACpE,14-Jul-2026,18.5,18.65,18.5,18.62,28879
BACpK,14-Jul-2026,24.18,24.27,24.18,24.27,39207
BACpL,14-Jul-2026,1262.6,1276.33,1262.6,1275,13538
BACpM,14-Jul-2026,21.24,21.34,21.24,21.3,76361
BACpN,14-Jul-2026,19.73,19.79,19.73,19.74,43247
BACpO,14-Jul-2026,17.43,17.51,17.42,17.49,102930
BACpP,14-Jul-2026,16.75,16.75,16.54,16.63,41812
BACpQ,14-Jul-2026,16.89,16.9599,16.85,16.95,48004
BACpS,14-Jul-2026,18.82,18.98,18.82,18.91,35969
BAH,14-Jul-2026,63.18,65.07,62.8,63.56,1526000
BAK,14-Jul-2026,2.74,2.79,2.615,2.67,1267400
BALL,14-Jul-2026,61.77,61.77,60.25,60.46,1673200
BALY,14-Jul-2026,13.34,13.73,13.06,13.06,66600
BAM,14-Jul-2026,46.5,47.715,46.27,47.52,2197900
BAN-F,14-Jul-2026,25.1908,25.32,25.1908,25.32,25500
BANC,14-Jul-2026,20.53,20.705,20.45,20.59,1789100
BANCpF,14-Jul-2026,25.1908,25.32,25.1908,25.32,22706
BAP,14-Jul-2026,394.24,397.145,389.7,392.24,259700
BApA,14-Jul-2026,67.46,68.055,67.09,67.12,305854
BARK,14-Jul-2026,9.37,9.37,9.14,9.26,29900
BAX,14-Jul-2026,21.93,21.93,21.16,21.8,5047300
BB,14-Jul-2026,10.69,11.41,10.62,11.01,22240100
BBA.W,14-Jul-2026,0.195,0.1999,0.1866,0.1926,14600
BBAI,14-Jul-2026,3.07,3.17,3.04,3.1,21344000
BBAI.WS,14-Jul-2026,0.195,0.1999,0.1866,0.1926,14105
BBAR,14-Jul-2026,20.22,20.935,19.67,20.05,323400
BBB.W,14-Jul-2026,0.41,0.425,0.39,0.4098,85900
BBBY,14-Jul-2026,5.1,5.25,5.04,5.15,1796600
BBD,14-Jul-2026,3.69,3.72,3.58,3.63,42618300
BBDC,14-Jul-2026,8.45,8.52,8.385,8.49,458700
BBDO,14-Jul-2026,3.19,3.24,3.16,3.18,74200
BBN,14-Jul-2026,15.99,15.99,15.85,15.95,131500
BBT,14-Jul-2026,30.19,30.34,29.81,30.09,792400
BBUC,14-Jul-2026,29.96,30.81,29.755,30.45,246200
BBVA,14-Jul-2026,25.63,25.97,25.575,25.67,1114600
BBW,14-Jul-2026,33.54,34,32.585,32.91,433200
BBWI,14-Jul-2026,20.59,21.03,19.83,20.04,4379900
BBY,14-Jul-2026,81.71,84.125,80.24,83.98,3890800
BC,14-Jul-2026,77.8,78.21,75.93,77.5,417200
BC-C,14-Jul-2026,24.03,24.0575,23.94,24.05,2900
BCAT,14-Jul-2026,16.07,16.075,15.9,15.98,956400
BCC,14-Jul-2026,75.51,76.13,71.5,74.09,1042400
BCE,14-Jul-2026,21.42,21.51,21.145,21.2,4332300
BCEM,14-Jul-2026,26.17,26.17,26.16,26.16,800
BCGD,14-Jul-2026,26.52,26.59,26.52,26.583,400
BCH,14-Jul-2026,40.29,41.14,40.195,40.97,285800
BCO,14-Jul-2026,106.66,109.42,106.66,109.12,551800
BCS,14-Jul-2026,27.56,28.145,27.325,27.53,6623100
BCSF,14-Jul-2026,12.68,12.86,12.65,12.79,319200
BCSM,14-Jul-2026,24.58,24.8199,24.58,24.7069,2800
BCSS,14-Jul-2026,10.19,10.22,10.19,10.19,300
BCX,14-Jul-2026,11.68,11.82,11.63,11.64,136500
BDC,14-Jul-2026,103.91,105.39,102.3,104.76,593800
BDJ,14-Jul-2026,9.65,9.74,9.6195,9.74,456000
BDN,14-Jul-2026,3.16,3.165,3.08,3.11,1675000
BDX,14-Jul-2026,151.83,151.94,148.34,150.65,1908100
BE,14-Jul-2026,246.59,252,234.53,243.4,8768300
BEKE,14-Jul-2026,16.24,16.35,16.08,16.1,3057700
BEN,14-Jul-2026,32.65,33.24,32.31,33.14,5779300
BEP,14-Jul-2026,31.9,32.455,31.9,32.11,725400
BEP-A,14-Jul-2026,17.48,17.5556,17.475,17.53,6400
BEPC,14-Jul-2026,34.68,35.025,34.47,34.53,1109800
BEPH,14-Jul-2026,15.13,15.14,15.04,15.1,20400
BEPI,14-Jul-2026,15.85,15.8799,15.73,15.8,18600
BEPJ,14-Jul-2026,24.69,24.82,24.69,24.71,4800
BEPpA,14-Jul-2026,17.475,17.5556,17.475,17.53,5759
BETA,14-Jul-2026,17.65,18.443,17.54,18.21,1322800
BF.A,14-Jul-2026,26.74,26.74,25.5,25.71,142700
BF.B,14-Jul-2026,26.03,26.035,24.9,25.1,3303000
BFAM,14-Jul-2026,73.34,74.29,72.665,73.09,757700
BFH,14-Jul-2026,95.72,99.12,95.67,98.49,516000
BFH-A,14-Jul-2026,24.97,25.3217,24.97,25.07,7000
BFH-B,14-Jul-2026,25,25.07,24.99,25.0102,27400
BFLY,14-Jul-2026,8.06,8.06,7.5435,7.75,7014600
BFS,14-Jul-2026,36.5,36.54,36.235,36.25,96700
BFS-D,14-Jul-2026,21.05,21.39,21.05,21.19,700
BFS-E,14-Jul-2026,22.12,22.12,21.7501,22,4500
BFSpD,14-Jul-2026,21.05,21.39,21.05,21.19,523
BFSpE,14-Jul-2026,22.12,22.12,21.7501,22,3266
BG,14-Jul-2026,118.62,118.62,115.53,116.63,1068400
BGB,14-Jul-2026,11.3,11.34,11.3,11.34,66400
BGH,14-Jul-2026,14.22,14.2995,14.12,14.2,97400
BGR,14-Jul-2026,16.17,16.1749,15.92,16.1,90900
BGS,14-Jul-2026,3.88,3.885,3.79,3.79,1667900
BGSF,14-Jul-2026,5.51,5.66,5.51,5.57,4800
BGSI,14-Jul-2026,96.23,96.69,92.895,96.32,17500
BGT,14-Jul-2026,10.71,10.8,10.7001,10.78,144700
BGX,14-Jul-2026,10.79,10.85,10.79,10.83,70600
BGY,14-Jul-2026,5.76,5.78,5.734,5.77,92400
BH,14-Jul-2026,389.69,392.09,376.4,384.81,52200
BH.A,14-Jul-2026,1982.51,1986,1925.61,1959.49,7600
BHC,14-Jul-2026,4.84,4.86,4.73,4.75,1928600
BHE,14-Jul-2026,84.37,84.6,81.4,82.76,482000
BHK,14-Jul-2026,9.03,9.1499,9.03,9.1,334100
BHP,14-Jul-2026,84.42,85.58,84.01,84.35,2530600
BHR,14-Jul-2026,2.09,2.125,2.08,2.08,216200
BHR-B,14-Jul-2026,13.71,13.845,13.65,13.73,7200
BHR-D,14-Jul-2026,17.33,17.47,17.16,17.47,5700
BHRpB,14-Jul-2026,13.71,13.845,13.65,13.73,6575
BHRpD,14-Jul-2026,17.33,17.47,17.16,17.47,5023
BHV,14-Jul-2026,12.6,12.705,12.6,12.705,700
BHVN,14-Jul-2026,15.19,15.26,14.74,14.94,1433700
BIII,14-Jul-2026,9.96,9.96,9.96,9.96,700
BILL,14-Jul-2026,41.26,42.5499,40.75,41.37,1926600
BIO,14-Jul-2026,294.42,299.87,294.42,298.34,227700
BIP,14-Jul-2026,37.68,38.27,37.68,38.15,711700
BIP-A,14-Jul-2026,17.1,17.1,16.97,16.98,12200
BIP-B,14-Jul-2026,16.07,16.1,16.06,16.08,29800
BIPC,14-Jul-2026,39.63,40.02,39.54,39.71,535200
BIPH,14-Jul-2026,16.15,16.28,16.15,16.22,8600
BIPI,14-Jul-2026,16.45,16.45,16.36,16.3857,2200
BIPJ,14-Jul-2026,25.08,25.13,25,25.005,6600
BIPpA,14-Jul-2026,17.1,17.1,16.97,16.98,10841
BIPpB,14-Jul-2026,16.0699,16.1,16.06,16.08,28557
BIRK,14-Jul-2026,45,45.3,43.62,44.36,1037200
BIT,14-Jul-2026,12.46,12.54,12.45,12.45,427800
BJ,14-Jul-2026,89.95,90.9,89.26,89.71,1931200
BKD,14-Jul-2026,14.17,14.256,13.87,14.19,5250100
BKE,14-Jul-2026,42.93,42.93,41.97,42.48,462000
BKH,14-Jul-2026,76.39,76.62,74.98,75.54,708700
BKK.W,14-Jul-2026,0.04,0.0405,0.04,0.04,22600
BKKT,14-Jul-2026,8.2,8.33,8.04,8.2,881400
BKKT.WS,14-Jul-2026,0.0405,0.0405,0.04,0.04,22608
BKS.W,14-Jul-2026,0.04,0.0431,0.04,0.04,19400
BKSY,14-Jul-2026,26.49,27,25.3,25.67,1404700
BKSY.WS,14-Jul-2026,0.043,0.0431,0.04,0.04,16886
BKT,14-Jul-2026,10.54,10.58,10.51,10.56,69600
BKU,14-Jul-2026,48,48.18,47.675,47.95,886600
BKV,14-Jul-2026,25.54,26.0694,25.02,25.59,527700
BLCO,14-Jul-2026,16.34,16.34,15.91,15.96,338900
BLDR,14-Jul-2026,75.02,76.035,73.505,75.16,1817100
BLK,14-Jul-2026,1030.24,1036.522,1023.05,1025.44,719000
BLND,14-Jul-2026,1.75,1.86,1.735,1.78,1633400
BLSH,14-Jul-2026,23.4,25.335,23.265,24.85,1454200
BLW,14-Jul-2026,12.74,12.8299,12.72,12.74,146400
BLX,14-Jul-2026,57.8,58.916,57.06,57.36,149500
BMA,14-Jul-2026,91.38,93.8,90.81,92.16,163900
BME,14-Jul-2026,42.85,42.85,42.03,42.51,24800
BMEZ,14-Jul-2026,15.3,15.4,15.16,15.21,195600
BMI,14-Jul-2026,141.13,144.4,138.02,141.46,471800
BML-G,14-Jul-2026,18.81,18.97,18.81,18.95,13800
BML-H,14-Jul-2026,18.67,18.72,18.61,18.6784,29800
BML-J,14-Jul-2026,19.77,20.0199,19.77,19.91,3400
BML-L,14-Jul-2026,19.33,19.34,19.2501,19.3,10400
BMLpG,14-Jul-2026,18.81,18.97,18.81,18.95,13585
BMLpH,14-Jul-2026,18.67,18.72,18.61,18.6784,27089
BMLpJ,14-Jul-2026,19.77,20.0199,19.77,19.91,2741
BMLpL,14-Jul-2026,19.33,19.34,19.2501,19.3,9320
BMN,14-Jul-2026,25.55,25.65,25.55,25.6236,3500
BMNP,14-Jul-2026,85.9,86.98,85.35,85.99,46300
BMNR,14-Jul-2026,15.42,16.35,15.38,16.29,51558100
BMO,14-Jul-2026,180.05,181.9087,179.655,180.86,505000
BMY,14-Jul-2026,59,59.14,56.78,56.95,14056000
BN,14-Jul-2026,43.71,43.845,43.13,43.66,3203000
BNED,14-Jul-2026,12.43,12.72,12.24,12.39,730000
BNH,14-Jul-2026,15.5,15.59,15.38,15.48,5500
BNJ,14-Jul-2026,15.6,15.69,15.475,15.52,14300
BNL,14-Jul-2026,21.97,22.04,21.85,21.87,2082700
BNS,14-Jul-2026,88.49,89.715,88.45,88.99,1810300
BNT,14-Jul-2026,43.69,43.8763,43.37,43.82,17000
BNY,14-Jul-2026,150.44,155.09,150.37,154.5,4771400
BNY-K,14-Jul-2026,25.13,25.16,25.1,25.14,32400
BOBS,14-Jul-2026,15.82,15.82,15.03,15.6,1188000
BOC,14-Jul-2026,14.02,14.18,13.95,14.1,90900
BOE,14-Jul-2026,12.28,12.28,12.16,12.18,97900
BOH,14-Jul-2026,82.44,82.84,81.6,82.08,344200
BOH-A,14-Jul-2026,15.41,15.5165,15.41,15.49,5700
BOH-B,14-Jul-2026,26.7,26.7,26.56,26.59,8800
BOHpA,14-Jul-2026,15.41,15.5165,15.41,15.49,5174
BOHpB,14-Jul-2026,26.7,26.7,26.56,26.65,7301
BOND,14-Jul-2026,91.16,91.33,91.08,91.19,706000
BOOT,14-Jul-2026,166.26,167.79,155.69,155.7,637000
BORR,14-Jul-2026,4.48,4.59,4.37,4.42,2738400
BOW,14-Jul-2026,31.08,31.9251,30.8,30.84,308100
BOX,14-Jul-2026,28.3,30.14,28.27,30,3474300
BP,14-Jul-2026,41.34,41.595,40.99,41.4,10192800
BPRE,14-Jul-2026,13.13,13.36,13.06,13.32,592600
BR,14-Jul-2026,146.31,148.805,145.75,146.02,884800
BRBR,14-Jul-2026,12.58,12.58,12,12.1,3529900
BRC,14-Jul-2026,89.89,90.68,89.845,90.33,152800
BRCC,14-Jul-2026,1.2,1.2182,1.17,1.17,186500
BRCE,14-Jul-2026,29.59,29.59,29.5626,29.5626,2700
BREE,14-Jul-2026,26.5503,26.5503,26.5503,26.5503,100
BRIE,14-Jul-2026,29.9,30.01,29.82,29.89,129200
BRK.A,14-Jul-2026,739000,744909,736572.3,737000,100
BRK.B,14-Jul-2026,493.955,497.08,491,491.09,4110200
BRO,14-Jul-2026,68.1,68.85,67.57,68.5,2657200
BROL,14-Jul-2026,25.6515,25.6515,25.6515,25.6515,200
BROS,14-Jul-2026,67.27,67.96,64,64.05,2858500
BRSL,14-Jul-2026,10.86,10.86,10.69,10.71,1678100
BRSP,14-Jul-2026,5.29,5.41,5.27,5.35,1040000
BRT,14-Jul-2026,14.85,15.21,14.7,14.73,23900
BRW,14-Jul-2026,6.62,6.7,6.62,6.7,288900
BRX,14-Jul-2026,31.59,31.98,31.545,31.64,2593600
BSAC,14-Jul-2026,33.93,34.37,33.685,33.85,309400
BSBR,14-Jul-2026,5.45,5.488,5.375,5.39,1929000
BSL,14-Jul-2026,13.07,13.12,13.07,13.09,36900
BSM,14-Jul-2026,14.4,14.75,14.0701,14.33,342100
BST,14-Jul-2026,47.35,47.95,47.18,47.76,67200
BSTZ,14-Jul-2026,29.51,29.55,29.1495,29.41,150600
BSX,14-Jul-2026,43.5,43.5,42.28,42.63,20088200
BTE,14-Jul-2026,4.28,4.365,4.2,4.24,20201200
BTGO,14-Jul-2026,5.05,5.21,4.97,5.18,1021400
BTI,14-Jul-2026,59.2,59.26,58.17,58.2,5033000
BTO,14-Jul-2026,39.36,39.735,38.91,39.4,45400
BTT,14-Jul-2026,22.86,22.86,22.755,22.83,59300
BTU,14-Jul-2026,23.86,24.5,23.77,24.04,1867400
BTX,14-Jul-2026,8.51,8.63,8.43,8.53,733100
BTZ,14-Jul-2026,10.22,10.27,10.22,10.25,226100
BUD,14-Jul-2026,79.88,80.28,79.35,79.37,1161600
BUI,14-Jul-2026,28.2,28.53,28.15,28.42,43900
BUR,14-Jul-2026,4.23,4.32,4.08,4.08,2225900
BURL,14-Jul-2026,331.39,334.6,326.31,334.31,493900
BUXX,14-Jul-2026,20.23,20.23,20.21,20.23,247300
BV,14-Jul-2026,14.17,14.495,13.7411,14.34,1287800
BVN,14-Jul-2026,31.11,31.53,30.58,31.03,937900
BW,14-Jul-2026,11.28,11.31,10.837,11.09,2732800
BW-A,14-Jul-2026,22.47,22.77,22.13,22.32,12200
BWA,14-Jul-2026,64.94,65.18,63.04,64.04,1550400
BWG,14-Jul-2026,7.92,7.94,7.8218,7.89,90400
BWIV,14-Jul-2026,9.91,9.91,9.9,9.9,3700
BWLP,14-Jul-2026,20.81,21.3,20.805,20.93,508600
BWMX,14-Jul-2026,18.3,18.4,18,18.03,45900
BWNB,14-Jul-2026,25.11,25.14,25.11,25.13,23900
BWpA,14-Jul-2026,22.47,22.77,22.13,22.32,10692
BWXT,14-Jul-2026,181.59,182.74,178.49,179.83,1252700
BX,14-Jul-2026,122.27,125.56,121.9364,124.56,3932300
BXC,14-Jul-2026,55.38,56.52,54.01,55.76,132100
BXDC,14-Jul-2026,20.87,20.97,20.5,20.8,344900
BXMT,14-Jul-2026,16.8,17.25,16.76,17.1,1792100
BXP,14-Jul-2026,67.32,67.89,66.82,67.72,1056300
BXSL,14-Jul-2026,23.46,23.6,23.34,23.48,918900
BY,14-Jul-2026,37.38,37.7,37.13,37.2,193200
BYD,14-Jul-2026,86.15,86.94,84.96,86.09,782100
BZH,14-Jul-2026,32,32.73,31.68,32.57,381500
C,14-Jul-2026,137.74,144.285,132.16,133.27,32127800
C-N,14-Jul-2026,28.91,28.9799,28.91,28.93,40000
C-R,14-Jul-2026,24.99,25.0298,24.92,24.93,55100
CAAP,14-Jul-2026,25.07,25.31,24.78,24.86,154400
CABO,14-Jul-2026,39.99,43.68,39.21,43.01,294800
CACI,14-Jul-2026,472,475.0775,462.78,468.55,268400
CAE,14-Jul-2026,25,25.13,24.9,24.92,567000
CAF,14-Jul-2026,21,21.11,20.8801,21.07,15500
CAG,14-Jul-2026,14.2,14.3,14.04,14.15,16852200
CAH,14-Jul-2026,231.8,231.8309,227.85,230.11,3127400
CAL,14-Jul-2026,11.97,11.97,11.27,11.31,469600
CALX,14-Jul-2026,39.96,40.575,38.285,39.06,1141900
CALY,14-Jul-2026,18.72,19.14,18.39,18.98,1978900
CANG,14-Jul-2026,0.2,0.2089,0.2,0.2,396100
CAPL,14-Jul-2026,22.66,22.6899,22.31,22.47,24900
CARR,14-Jul-2026,70.18,70.9,68.92,69.76,5292900
CARS,14-Jul-2026,10.95,11.38,10.945,11.27,758000
CAT,14-Jul-2026,958,964.63,925.5,933.34,2028600
CATO,14-Jul-2026,3.22,3.27,3.1501,3.23,41600
CAVA,14-Jul-2026,72.78,73.25,69.63,69.97,3120900
CB,14-Jul-2026,351.68,354.67,346.12,346.22,1799500
CBAN,14-Jul-2026,20.6,20.71,20.285,20.4,339800
CBL,14-Jul-2026,52.18,53.59,51.73,52.41,226100
CBNA,14-Jul-2026,41.25,43.19,40.43,41.37,64900
CBRE,14-Jul-2026,136.09,138.3,133.07,133.13,1615100
CBT,14-Jul-2026,89.46,89.79,87.41,87.74,439500
CBU,14-Jul-2026,67.68,68.275,67.35,67.88,297700
CBZ,14-Jul-2026,38.82,41.24,37.3,40.92,1146700
CC,14-Jul-2026,18.54,18.84,18.32,18.63,3374400
CCI,14-Jul-2026,79.65,79.68,78.1,79.05,2914900
CCIF,14-Jul-2026,2.89,2.96,2.84,2.85,114400
CCJ,14-Jul-2026,91.8,93,91.165,91.57,4234600
CCK,14-Jul-2026,110.42,111.21,109,109.5,626200
CCL,14-Jul-2026,26.5,26.92,26.255,26.5,14215500
CCM,14-Jul-2026,4.65,4.68,4.19,4.37,20900
CCO,14-Jul-2026,2.41,2.42,2.4,2.41,3713700
CCS,14-Jul-2026,65.34,66,63.93,65.28,224500
CCU,14-Jul-2026,11.26,11.26,11.035,11.11,327000
CCZ,14-Jul-2026,66.5,66.5,66.5,66.5,100
CDE,14-Jul-2026,16.18,16.43,15.8,16,16670300
CDLR,14-Jul-2026,23.14,23.48,23.14,23.21,91600
CDP,14-Jul-2026,36.64,36.815,36.35,36.55,1217300
CDR-B,14-Jul-2026,18.29,18.38,18.29,18.38,900
CDR-C,14-Jul-2026,17.15,17.35,17.15,17.35,300
CDRE,14-Jul-2026,28.6,28.9872,28.34,28.38,172500
CDRpB,14-Jul-2026,18.29,18.38,18.29,18.38,563
CDRpC,14-Jul-2026,17.15,17.35,17.15,17.35,327
CE,14-Jul-2026,48.24,48.7,47.305,47.75,922400
CEE,14-Jul-2026,21.09,21.415,20.98,21.25,24800
CEL-,14-Jul-2026,0.104,0.104,0.104,0.104,200
CELGr,14-Jul-2026,0.104,0.104,0.104,0.104,100
CEPU,14-Jul-2026,14.91,15,14.62,14.87,172200
CF,14-Jul-2026,121.71,122.41,118.95,119.19,1848300
CFG,14-Jul-2026,70.77,71.39,69.65,70.32,4940900
CFG-E,14-Jul-2026,18.35,18.55,18.2201,18.46,32700
CFG-H,14-Jul-2026,25.83,25.915,25.68,25.7701,29200
CFG-I,14-Jul-2026,24.94,25,24.94,25,6300
CFGpE,14-Jul-2026,18.35,18.55,18.2201,18.46,23146
CFGpH,14-Jul-2026,25.83,25.915,25.68,25.7701,25340
CFGpI,14-Jul-2026,24.94,25,24.94,25,3555
CFND,14-Jul-2026,3.35,3.45,3.35,3.4,38000
CFR,14-Jul-2026,157.84,159.48,156.86,157.38,442500
CFR-B,14-Jul-2026,16.43,16.47,16.39,16.4685,6800
CFRpB,14-Jul-2026,16.43,16.47,16.39,16.4685,5192
CFT-A,14-Jul-2026,26.05,26.75,26.03,26.74,5000
CGAU,14-Jul-2026,16.58,16.59,15.93,16.02,1272200
CGV,14-Jul-2026,15.44,15.5,15.425,15.435,10600
CHCT,14-Jul-2026,18.09,18.1099,17.69,17.69,164600
CHD,14-Jul-2026,96.03,96.545,94.3,95.41,1536500
CHE,14-Jul-2026,487.39,492.39,481.555,491.89,165900
CHGG,14-Jul-2026,0.8096,0.88,0.8096,0.8229,964800
CHH,14-Jul-2026,107.68,108.51,104.755,108.32,556400
CHM-A,14-Jul-2026,22.09,22.2999,22.07,22.125,1300
CHM-B,14-Jul-2026,23.85,23.85,23.6001,23.6001,1300
CHMI,14-Jul-2026,2.26,2.31,2.26,2.3,118500
CHMIpA,14-Jul-2026,22.09,22.2999,22.07,22.125,811
CHMIpB,14-Jul-2026,23.85,23.85,23.6001,23.6001,1205
CHPT,14-Jul-2026,6.19,6.59,6.19,6.3,573500
CHT,14-Jul-2026,41.33,41.865,41.14,41.44,432900
CHWY,14-Jul-2026,20.42,20.79,20.17,20.35,7078300
CI,14-Jul-2026,304.5,305.44,298.52,303.35,1028000
CIA,14-Jul-2026,5.62,5.77,5.53,5.53,77600
CIB,14-Jul-2026,81.17,82.67,81.17,82.1,173300
CICB,14-Jul-2026,24.8,24.925,24.78,24.89,5100
CICC,14-Jul-2026,24.45,24.5499,24.3334,24.45,11900
CIEN,14-Jul-2026,460.88,466.66,446.25,446.93,1247100
CIG,14-Jul-2026,2.17,2.19,2.15,2.18,4087000
CIG.C,14-Jul-2026,3.23,3.23,3.15,3.15,3200
CII,14-Jul-2026,25.8,25.97,25.65,25.88,67500
CIM,14-Jul-2026,12.95,13.125,12.94,13.04,663500
CIM-A,14-Jul-2026,21.52,21.69,21.445,21.47,5400
CIM-B,14-Jul-2026,23.7,24.04,23.7,23.98,45400
CIM-C,14-Jul-2026,23.05,23.19,22.98,23,14800
CIM-D,14-Jul-2026,23.9,24.2,23.86,24.12,12200
CIMN,14-Jul-2026,25.42,25.42,25.38,25.4,2300
CIMO,14-Jul-2026,25.5,25.6,25.5,25.5902,9200
CIMP,14-Jul-2026,25.43,25.45,25.42,25.4349,4900
CIMpA,14-Jul-2026,21.525,21.69,21.445,21.47,4602
CIMpB,14-Jul-2026,23.7,24.04,23.7,23.92,40096
CIMpC,14-Jul-2026,23.05,23.19,22.98,23.04,12221
CIMpD,14-Jul-2026,23.9,24.2,23.86,24.12,10935
CINT,14-Jul-2026,3.31,3.47,3.25,3.37,145300
CION,14-Jul-2026,6.4,6.475,6.38,6.42,306200
CL,14-Jul-2026,92.95,93.06,91.015,91.03,3770600
CLB,14-Jul-2026,11.51,11.57,11.11,11.55,574900
CLD-A,14-Jul-2026,20,20,19.9265,20,2000
CLDT,14-Jul-2026,12.95,13.29,12.95,13.26,418400
CLDTpA,14-Jul-2026,20,20,19.9265,20,1194
CLF,14-Jul-2026,10,10.08,9.69,9.79,12910000
CLH,14-Jul-2026,303.7,307.465,301.41,305.16,339500
CLPR,14-Jul-2026,2.88,2.89,2.87,2.87,60300
CLS,14-Jul-2026,353.74,353.82,342,345.03,1256100
CLVT,14-Jul-2026,2.23,2.38,2.2,2.32,3325700
CLW,14-Jul-2026,15.2,15.85,15,15.04,116700
CLX,14-Jul-2026,95.03,95.5,92.88,94.75,3202900
CM,14-Jul-2026,118.12,119.66,118.1,118.57,674600
CMBT,14-Jul-2026,15.69,16.02,15.66,15.78,921500
CMC,14-Jul-2026,65.02,66.28,64.3,66.19,1401700
CMCM,14-Jul-2026,3.07,3.07,3.02,3.03,2900
CMDB,14-Jul-2026,19.6,20.35,19.6,19.94,89800
CMG,14-Jul-2026,36.6,37.09,36.205,36.43,17566500
CMI,14-Jul-2026,683.67,685.99,664.2901,675.54,776800
CMP,14-Jul-2026,30.01,30.5406,29.34,29.8,283700
CMR-B,14-Jul-2026,26.05,26.1,26,26,2200
CMR-C,14-Jul-2026,26.33,26.8548,26.33,26.84,2600
CMR-D,14-Jul-2026,26.96,27.81,26.96,27.81,4100
CMRE,14-Jul-2026,15.6,15.84,15.235,15.28,433000
CMREpB,14-Jul-2026,26.05,26.1,26,26,1815
CMREpC,14-Jul-2026,26.33,26.8548,26.33,26.84,2055
CMREpD,14-Jul-2026,26.96,27.79,26.96,27.77,3495
CMS,14-Jul-2026,75.9,76.36,74.95,75.08,2334000
CMS-B,14-Jul-2026,76,76,76,76,200
CMS-C,14-Jul-2026,16.48,16.6099,16.45,16.46,21400
CMSA,14-Jul-2026,21.2,21.25,21.16,21.22,10700
CMSC,14-Jul-2026,22.15,22.1798,22.07,22.09,14400
CMSD,14-Jul-2026,22.32,22.44,22.32,22.33,31000
CMSpB,14-Jul-2026,76,76,76,76,100
CMSpC,14-Jul-2026,16.48,16.6099,16.45,16.46,17539
CMTG,14-Jul-2026,2.21,2.33,2.21,2.3,481500
CNA,14-Jul-2026,51.44,51.94,50.74,50.91,539100
CNC,14-Jul-2026,68.6,69.355,68.095,68.72,3362600
CNF,14-Jul-2026,2.49,2.52,2.22,2.2301,22200
CNH,14-Jul-2026,10.58,10.735,10.27,10.42,7469500
CNI,14-Jul-2026,124.37,125.86,124.37,124.79,1231100
CNK,14-Jul-2026,28.86,29.95,28.75,29.37,2077300
CNM,14-Jul-2026,45.42,45.9171,44.9,45.22,1633600
CNMD,14-Jul-2026,41.37,42.21,40.8,41.75,994200
CNNE,14-Jul-2026,14.82,14.95,14.68,14.87,434400
CNO,14-Jul-2026,52.05,52.81,51.63,52.19,1014800
CNO-A,14-Jul-2026,16.79,16.98,16.64,16.98,1200
CNOpA,14-Jul-2026,16.79,16.98,16.64,16.708,753
CNP,14-Jul-2026,44.5,44.685,43.755,43.76,6890800
CNQ,14-Jul-2026,43.87,43.87,42.38,42.62,8713100
CNR,14-Jul-2026,84.98,86.68,84.695,86.47,471100
CNS,14-Jul-2026,76.66,77.64,76.31,77.07,270000
CNX,14-Jul-2026,32.4,32.55,31.815,32.37,1527300
COD-A,14-Jul-2026,20.35,20.73,20.29,20.45,9200
COD-B,14-Jul-2026,22.39,22.69,22.36,22.36,11500
COD-C,14-Jul-2026,22.7,22.73,22.55,22.57,8000
CODI,14-Jul-2026,9.88,10.05,9.74,9.75,669300
CODIpA,14-Jul-2026,20.35,20.73,20.29,20.45,8436
CODIpB,14-Jul-2026,22.39,22.69,22.36,22.36,9245
CODIpC,14-Jul-2026,22.7,22.73,22.55,22.57,5647
COF,14-Jul-2026,204.51,208.36,203.51,205.29,4173800
COF-I,14-Jul-2026,18.16,18.2699,18.15,18.24,100100
COF-J,14-Jul-2026,17.43,17.54,17.43,17.53,37100
COF-K,14-Jul-2026,16.88,16.99,16.8215,16.98,6000
COF-L,14-Jul-2026,15.82,15.89,15.79,15.88,57500
COF-N,14-Jul-2026,15.49,15.5898,15.46,15.53,24400
COFpI,14-Jul-2026,18.13,18.2699,18.13,18.24,75795
COFpJ,14-Jul-2026,17.43,17.54,17.43,17.53,31810
COFpK,14-Jul-2026,16.88,16.99,16.8215,16.98,5016
COFpL,14-Jul-2026,15.82,15.89,15.79,15.84,52276
COFpN,14-Jul-2026,15.49,15.5898,15.46,15.53,20766
COHR,14-Jul-2026,320.5,322.01,307.1001,310.77,3093600
COLD,14-Jul-2026,15.75,15.92,15.625,15.9,4681400
COMP,14-Jul-2026,11.84,11.93,11.575,11.68,7960400
CON,14-Jul-2026,31.34,31.38,30.4575,30.9,1029500
COOK,14-Jul-2026,71.24,71.24,66.09,66.79,118800
COP,14-Jul-2026,113.08,113.7468,110.14,111.87,6455500
COP.W,14-Jul-2026,0.1097,0.1097,0.1097,0.1097,200
COR,14-Jul-2026,303.8,304.26,299.838,302.28,1141700
COSO,14-Jul-2026,26.68,26.99,26.39,26.49,54400
COTY,14-Jul-2026,2.23,2.31,2.22,2.25,7113000
COUR,14-Jul-2026,5.55,5.82,5.5368,5.71,6416200
CP,14-Jul-2026,91.75,92.155,91.01,91.35,2358500
CPA,14-Jul-2026,147.29,147.83,144.14,147.32,362000
CPAC,14-Jul-2026,11.77,12.35,11.77,11.96,14600
CPAI,14-Jul-2026,51.51,51.71,51.3,51.49,33700
CPAY,14-Jul-2026,357.39,363.77,355.29,356.16,350500
CPF,14-Jul-2026,38.45,38.78,38.2,38.29,97300
CPK,14-Jul-2026,133.91,135,130.81,131.13,197800
CPN,14-Jul-2026,28.91,28.9799,28.91,28.93,34533
CPNG,14-Jul-2026,17.83,18.015,17.32,17.74,29011700
CPRI,14-Jul-2026,17.4,17.72,16.63,16.68,3193500
CPS,14-Jul-2026,26.73,27.83,26.54,27.55,179600
CPT,14-Jul-2026,114.24,114.42,112.79,112.98,1234800
CQP,14-Jul-2026,64.16,65.1,63.9737,64.47,60000
CR,14-Jul-2026,219.24,221.45,215.24,216.47,492300
CRBD,14-Jul-2026,22.84,22.95,22.72,22.73,50100
CRBG,14-Jul-2026,30.89,31.05,30.535,30.68,5212100
CRC,14-Jul-2026,53.78,53.98,51.545,52.32,773000
CRCL,14-Jul-2026,61.65,63.49,59.29,63.22,15796800
CRD.A,14-Jul-2026,11.02,11.28,10.92,10.98,40000
CRD.B,14-Jul-2026,10.04,10.28,9.9,10,1900
CRGY,14-Jul-2026,10.03,10.145,9.825,10.01,4205400
CRH,14-Jul-2026,104.36,106,103.13,103.91,3384800
CRI,14-Jul-2026,39.16,39.26,37.4901,38,840800
CRK,14-Jul-2026,13.2,13.34,12.77,12.98,2624800
CRL,14-Jul-2026,228.37,235.21,225.25,231.21,964700
CRM,14-Jul-2026,162.49,171.35,161.47,167.56,13507900
CRS,14-Jul-2026,577.68,583.39,567.63,576.87,532300
CRT,14-Jul-2026,9.33,9.42,9.23,9.33,9400
CSAN,14-Jul-2026,3.09,3.11,3.05,3.07,1101000
CSL,14-Jul-2026,337.83,339.95,329.98,338.35,371700
CSR,14-Jul-2026,55.76,56.34,54.91,55.15,177800
CSTM,14-Jul-2026,29.73,29.98,28.7682,29.16,1758100
CSV,14-Jul-2026,39.11,39.315,38.26,38.29,158100
CSW,14-Jul-2026,292.13,294.36,287.81,292.85,152900
CTA-A,14-Jul-2026,52.74,52.91,52.74,52.91,500
CTA-B,14-Jul-2026,65.99,65.9935,65.99,65.99,500
CTApA,14-Jul-2026,52.74,52.91,52.74,52.91,300
CTApB,14-Jul-2026,65.9935,65.9935,65.99,65.99,350
CTEV,14-Jul-2026,30.09,30.09,25.79,28.36,218300
CTGG,14-Jul-2026,17.14,17.34,17.13,17.25,138600
CTHH,14-Jul-2026,17.27,17.61,17.27,17.5,44400
CTO,14-Jul-2026,21.66,21.719,21.52,21.61,301000
CTO-A,14-Jul-2026,21,21,20.9401,20.9401,400
CTOpA,14-Jul-2026,21,21,20.9401,20.9401,269
CTOS,14-Jul-2026,10.98,11.035,10.385,10.57,1030200
CTRE,14-Jul-2026,40.5,40.725,40.12,40.49,2008500
CTRI,14-Jul-2026,26.39,26.59,25.91,26.28,1470700
CTS,14-Jul-2026,60.01,60.324,58.73,60.05,175700
CTVA,14-Jul-2026,86.8,87.42,84.56,84.91,2884300
CUBB,14-Jul-2026,21.85,21.925,21.85,21.9,1300
CUBE,14-Jul-2026,40.84,40.87,40.35,40.52,2472900
CUBI,14-Jul-2026,76.58,76.94,75.96,76.29,200600
CURB,14-Jul-2026,30.47,30.52,30.185,30.32,1116900
CURV,14-Jul-2026,2,2.05,1.93,2.03,132400
CUZ,14-Jul-2026,30.6,31.15,30.48,31.05,1334900
CVE,14-Jul-2026,28,28.13,27.24,27.51,6613700
CVEO,14-Jul-2026,31.14,32.06,31.09,32.02,108700
CVI,14-Jul-2026,33.89,33.89,32.99,33.58,1103900
CVLG,14-Jul-2026,47.02,47.145,46.25,46.46,112600
CVNA,14-Jul-2026,66.16,71.19,66.06,70.38,9811600
CVS,14-Jul-2026,106.59,106.93,105.1,106.18,11396100
CVSA,14-Jul-2026,132.38,135.16,130.65,132.11,252400
CVX,14-Jul-2026,182.75,183.3605,180.63,181.76,6823300
CW,14-Jul-2026,749,759.67,744.785,752.17,146300
CWEN,14-Jul-2026,33.69,34.9,33.69,34.45,1267500
CWH,14-Jul-2026,6.25,6.28,5.905,6.18,2243700
CWK,14-Jul-2026,13.07,13.35,12.85,12.87,1607000
CWT,14-Jul-2026,50.16,50.48,49.68,50.01,275700
CX,14-Jul-2026,12.69,13.12,12.66,12.8,7024000
CXM,14-Jul-2026,5.48,5.73,5.48,5.68,3090900
CXT,14-Jul-2026,50.72,50.935,49.78,50.66,548200
CXW,14-Jul-2026,31.62,31.88,31.25,31.36,821700
CYD,14-Jul-2026,45.6,46.21,44.53,45.45,90700
CYH,14-Jul-2026,3.36,3.43,3.17,3.19,3218800
D,14-Jul-2026,71,71.575,70.845,71.3,4544100
DAC,14-Jul-2026,130.51,130.53,129.12,129.59,67000
DAL,14-Jul-2026,87.01,87.08,84.83,85.51,6732300
DAN,14-Jul-2026,27.77,27.97,26.94,27.07,988900
DAO,14-Jul-2026,13.81,14.5,13.4,13.95,27500
DAR,14-Jul-2026,62.59,62.65,61.185,61.83,1544300
DAVA,14-Jul-2026,2.72,2.85,2.715,2.85,332600
DB,14-Jul-2026,35.64,36.25,35.465,35.64,2947200
DBD,14-Jul-2026,86.72,86.72,84.07,85.57,153700
DBI,14-Jul-2026,5.44,5.505,5.22,5.31,434700
DBL,14-Jul-2026,14.27,14.2943,14.2239,14.25,42100
DBR-H,14-Jul-2026,15.19,15.42,15.11,15.115,5000
DBR-I,14-Jul-2026,15,15.22,15,15,21900
DBR-J,14-Jul-2026,15.18,15.7899,15.18,15.25,9300
DBRG,14-Jul-2026,15.73,15.75,15.68,15.73,2434100
DBRGpH,14-Jul-2026,15.19,15.42,15.11,15.115,3006
DBRGpI,14-Jul-2026,15,15.22,15,15,17977
DBRGpJ,14-Jul-2026,15.18,15.7899,15.18,15.25,6800
DCBG,14-Jul-2026,26.29,26.3,26.15,26.24,2400
DCH,14-Jul-2026,5.25,5.25,5.11,5.17,1937300
DCI,14-Jul-2026,90.49,91.0124,89.195,89.73,786000
DCO,14-Jul-2026,162.02,169.605,162.02,168.75,212800
DCO-,14-Jul-2026,17.68,17.83,17.67,17.8,59300
DCOM,14-Jul-2026,40.07,40.4284,39.71,39.88,205600
DD,14-Jul-2026,133.98,135.335,133.08,134.17,745700
DDD,14-Jul-2026,3.06,3.075,2.93,2.97,1808600
DDL,14-Jul-2026,2.24,2.335,2.2215,2.3,439500
DDS,14-Jul-2026,537.42,537.42,518.41,527.39,83900
DDT,14-Jul-2026,26.65,26.71,26.4801,26.58,5600
DE,14-Jul-2026,594.83,601,579.6201,584.4,951000
DEA,14-Jul-2026,24.99,25.02,24.68,24.7,302300
DEC,14-Jul-2026,13.62,13.72,13.335,13.34,651500
DECK,14-Jul-2026,108.59,108.95,106.29,106.6,1902500
DEI,14-Jul-2026,12.22,12.51,12.055,12.47,2666600
DELL,14-Jul-2026,441.9,463.48,441.51,457.54,7198200
DEO,14-Jul-2026,81.77,81.91,80.59,80.94,1049300
DFH,14-Jul-2026,15.86,16.04,15.48,15.75,447600
DFIN,14-Jul-2026,44.7,47.135,44.7,46.65,355900
DFP,14-Jul-2026,20.88,21,20.81,20.98,63500
DG,14-Jul-2026,123.65,123.805,119.83,120.14,2719700
DGA.U,14-Jul-2026,10.05,10.07,10.05,10.0699,11100
DGX,14-Jul-2026,202.8,208.52,201.13,206,865800
DHF,14-Jul-2026,2.39,2.41,2.38,2.41,255100
DHI,14-Jul-2026,152,153.97,148.41,149.99,2372800
DHR,14-Jul-2026,198.03,202.33,197.37,199.05,4188500
DHT,14-Jul-2026,17.72,18.59,17.72,18.18,3478800
DHX,14-Jul-2026,3.98,4.08,3.88,3.95,161600
DIN,14-Jul-2026,36.28,36.62,35.39,35.68,196000
DINO,14-Jul-2026,82.72,83.14,81.15,83.11,2348500
DIS,14-Jul-2026,95.51,96.685,95.13,95.87,7651500
DIVY,14-Jul-2026,29.44,29.44,29.18,29.1988,5200
DK,14-Jul-2026,59.18,60.97,58.57,60.95,1282300
DKL,14-Jul-2026,54.84,55.82,54.5164,55.31,57800
DKS,14-Jul-2026,219.37,219.41,206.89,211.37,1531800
DLB,14-Jul-2026,48.99,49.335,48.26,48.51,859600
DLN-A,14-Jul-2026,26.675,26.675,26.675,26.675,600
DLNG,14-Jul-2026,3.59,3.69,3.59,3.66,28800
DLNGpA,14-Jul-2026,26.675,26.675,26.675,26.675,454
DLR,14-Jul-2026,178.4,178.77,172.22,173.11,3531600
DLR-J,14-Jul-2026,19.92,20.19,19.92,20.05,7500
DLR-K,14-Jul-2026,22.07,22.28,22.07,22.1,7900
DLR-L,14-Jul-2026,19.53,19.68,19.51,19.62,11800
DLRpJ,14-Jul-2026,19.92,20.19,19.92,20.05,5522
DLRpK,14-Jul-2026,22.07,22.28,22.07,22.1,6573
DLRpL,14-Jul-2026,19.53,19.68,19.51,19.62,9534
DLX,14-Jul-2026,25.15,25.15,24.3766,24.63,347300
DLY,14-Jul-2026,14.06,14.18,14.0201,14.13,204200
DMA,14-Jul-2026,7.63,7.78,7.42,7.76,34700
DMB,14-Jul-2026,10.99,11.04,10.975,11.04,69800
DMC,14-Jul-2026,28.1,28.355,27.79,27.99,303000
DMO,14-Jul-2026,10.67,10.72,10.67,10.71,23700
DNA,14-Jul-2026,9.1,9.2,8.86,9.04,703100
DNOW,14-Jul-2026,13.19,13.235,13.02,13.12,1520500
DNP,14-Jul-2026,11.08,11.16,11.06,11.11,582400
DOC,14-Jul-2026,21.84,21.85,21.52,21.66,4546300
DOCN,14-Jul-2026,126.36,134.5572,123,126.3,2473700
DOCS,14-Jul-2026,21.54,22.01,21.01,21.8,3402400
DOLE,14-Jul-2026,14.26,14.26,13.99,14.1,535400
DOUG,14-Jul-2026,1.83,1.86,1.76,1.85,369000
DOV,14-Jul-2026,217.41,217.81,213.06,214.15,602600
DOW,14-Jul-2026,30.96,31.21,30.14,30.31,8629900
DPC,14-Jul-2026,48.09,48.74,44.8,46,1166600
DPG,14-Jul-2026,14.77,14.93,14.77,14.88,54900
DQ,14-Jul-2026,11.85,11.95,11.55,11.84,577500
DRD,14-Jul-2026,21.56,21.64,20.691,20.73,250500
DRI,14-Jul-2026,197.88,197.88,193.93,195.74,1313200
DRLL,14-Jul-2026,36.38,36.38,35.84,36.1854,36700
DSL,14-Jul-2026,11,11,10.905,10.93,556300
DSM,14-Jul-2026,6.07,6.09,6.059,6.08,114200
DSMC,14-Jul-2026,40.9801,41.0127,40.9801,41.0127,1000
DSTX,14-Jul-2026,33.69,33.84,33.67,33.835,9100
DSU,14-Jul-2026,9.68,9.72,9.68,9.72,295700
DSX,14-Jul-2026,2.13,2.17,2.115,2.12,233400
DSX-B,14-Jul-2026,26.95,27.3652,26.95,27.3652,3100
DSX.W,14-Jul-2026,0.1601,0.2,0.1601,0.17,1300
DSX.WS,14-Jul-2026,0.1601,0.2,0.1601,0.17,1324
DSXpB,14-Jul-2026,26.95,27.3652,26.95,27.3652,1916
DT,14-Jul-2026,43.24,45.38,43.12,45.04,4419300
DTB,14-Jul-2026,16.39,16.48,16.39,16.47,17400
DTE,14-Jul-2026,151.16,151.69,148.75,149.07,1072500
DTF,14-Jul-2026,11.525,11.605,11.525,11.56,13500
DTG,14-Jul-2026,16.7,16.8,16.68,16.75,22700
DTK,14-Jul-2026,24.12,24.2099,24.05,24.13,19200
DTM,14-Jul-2026,146.99,149.68,146.99,148.26,689200
DTW,14-Jul-2026,20.38,20.39,20.2701,20.37,17900
DUK,14-Jul-2026,127.18,127.73,125.88,126.37,2391500
DUK-A,14-Jul-2026,24.57,24.6,24.51,24.54,62400
DUKB,14-Jul-2026,23,23.048,22.91,22.95,43900
DUKpA,14-Jul-2026,24.57,24.6,24.51,24.57,52546
DV,14-Jul-2026,11.68,11.85,11.555,11.6,1521700
DVA,14-Jul-2026,233.93,236.535,229.904,232.41,771300
DVN,14-Jul-2026,43.8,44.1662,42.715,43.4,8817700
DX,14-Jul-2026,13.11,13.4,13.08,13.22,8276600
DX-C,14-Jul-2026,25.82,25.87,25.71,25.83,8400
DXC,14-Jul-2026,9.17,9.42,9.12,9.16,3469300
DXpC,14-Jul-2026,25.82,25.87,25.71,25.83,7254
DXYZ,14-Jul-2026,26.5,26.7951,25.59,25.95,702500
DY,14-Jul-2026,418.2,421.175,413.7201,418.87,265200
E,14-Jul-2026,50.05,50.2,49.38,49.55,335100
EAF,14-Jul-2026,5.79,6.755,5.79,6.62,367800
EAI,14-Jul-2026,19.99,20.0881,19.98,19.99,22400
EARN,14-Jul-2026,4.42,4.43,4.37,4.38,317000
EAT,14-Jul-2026,192.2,192.2,184.43,185.33,693900
EBF,14-Jul-2026,21.22,21.255,21.02,21.02,106400
EBS,14-Jul-2026,7.95,8.01,7.39,7.5,1204600
EC,14-Jul-2026,16.06,16.21,15.71,16.16,2726200
ECAT,14-Jul-2026,15.89,15.95,15.86,15.89,507100
ECC,14-Jul-2026,3.78,3.78,3.72,3.76,559100
ECC-D,14-Jul-2026,18.41,18.57,18.4,18.52,14300
ECCC,14-Jul-2026,24.76,24.76,24.76,24.76,2100
ECCpD,14-Jul-2026,18.41,18.57,18.4,18.52,13019
ECCU,14-Jul-2026,25.09,25.16,25.09,25.1,2200
ECCV,14-Jul-2026,23.83,24.03,23.83,24.03,600
ECG,14-Jul-2026,137.74,138.32,134.105,138.28,747400
ECL,14-Jul-2026,271.42,273.03,269.49,269.75,849200
ECO,14-Jul-2026,55.12,57.3,55.12,56.73,526300
ECVT,14-Jul-2026,12.01,12.275,11.985,12.18,1027200
ED,14-Jul-2026,111.99,112.825,111.37,111.96,1619800
EDD,14-Jul-2026,5.8,5.9,5.8,5.86,625900
EDF,14-Jul-2026,5.43,5.4665,5.27,5.28,333600
EDN,14-Jul-2026,25.07,25.49,24.7701,25.2,27300
EDU,14-Jul-2026,49.3,50.65,49.3,49.59,899500
EE,14-Jul-2026,39.47,39.51,38.42,38.73,224200
EEA,14-Jul-2026,11.03,11.03,10.895,10.94,5600
EFC,14-Jul-2026,13.52,13.735,13.52,13.62,1481400
EFC-B,14-Jul-2026,24.46,24.55,24.42,24.54,39700
EFC-C,14-Jul-2026,25.25,25.37,25.25,25.25,1600
EFCpB,14-Jul-2026,24.46,24.55,24.42,24.54,38498
EFCpC,14-Jul-2026,25.25,25.37,25.25,25.35,1201
EFOR,14-Jul-2026,17.5,17.755,16.9,17.11,831300
EFR,14-Jul-2026,10.68,10.73,10.64,10.69,48600
EFT,14-Jul-2026,10.8,10.85,10.75,10.8,48700
EFX,14-Jul-2026,168.44,170.555,166.9,166.93,1124600
EFXT,14-Jul-2026,24.12,24.45,23.82,24.26,289100
EG,14-Jul-2026,374.37,377.72,371.24,371.85,281600
EGO,14-Jul-2026,30.18,30.28,29.13,29.48,1540200
EGP,14-Jul-2026,213.44,213.44,210.66,211.25,309100
EGY,14-Jul-2026,5.5,5.52,5.375,5.43,1003900
EHC,14-Jul-2026,107.33,109.25,106.08,108.73,1348800
EHI,14-Jul-2026,5.92,5.95,5.92,5.94,94500
EIC,14-Jul-2026,9.96,10.1417,9.96,10.05,69300
EICA,14-Jul-2026,24.94,24.9601,24.94,24.95,5400
EIG,14-Jul-2026,50.72,50.92,50.06,50.13,184000
EIIA,14-Jul-2026,25.21,25.32,25.2001,25.26,4800
EIX,14-Jul-2026,77.07,77.9499,76.0364,76.58,2089000
EL,14-Jul-2026,82.38,82.76,80.19,80.86,1952200
ELAN,14-Jul-2026,25.53,25.605,24.85,25.55,4615200
ELC,14-Jul-2026,19.99,20.1,19.99,20.02,8700
ELF,14-Jul-2026,76.46,76.565,71.79,72.25,1783800
ELLA,14-Jul-2026,25.03,25.1,25.03,25.1,6800
ELME,14-Jul-2026,1.54,1.55,1.51,1.54,895000
ELPC,14-Jul-2026,11.95,12.075,11.915,11.97,479200
ELS,14-Jul-2026,64.6,64.865,64.01,64.08,1888200
ELV,14-Jul-2026,436.24,436.24,422.32,426.79,2192900
EMA,14-Jul-2026,54,54.37,53.88,54.15,263300
EMBJ,14-Jul-2026,65.15,65.66,64.78,64.91,601900
EMD,14-Jul-2026,10.63,10.78,10.63,10.72,194400
EME,14-Jul-2026,780.6,784.3,766,774.74,355500
EMF,14-Jul-2026,22.08,22.18,22,22.03,18700
EMN,14-Jul-2026,67.98,68.53,67.03,67.23,845400
EMO,14-Jul-2026,52.09,52.475,51.64,52.34,48500
EMP,14-Jul-2026,20.07,20.1,20.06,20.085,9800
EMR,14-Jul-2026,137.29,138.05,134.54,136.09,1831700
ENB,14-Jul-2026,55.25,56.015,55.25,55.89,2512900
ENHA,14-Jul-2026,2.58,2.68,2.57,2.59,212400
ENIC,14-Jul-2026,4.53,4.53,4.3,4.41,697300
ENJ,14-Jul-2026,20.08,20.08,19.9501,20,900
ENO,14-Jul-2026,21.19,21.36,21.19,21.26,3900
ENOV,14-Jul-2026,25.86,25.86,24.65,24.65,859500
ENR,14-Jul-2026,20.56,20.62,19.96,20.41,738700
ENS,14-Jul-2026,207.56,208.89,200.08,201.23,393100
ENVA,14-Jul-2026,233.3,240,229.9,230.64,413200
EOD,14-Jul-2026,6.61,6.645,6.57,6.6,58200
EOG,14-Jul-2026,139.59,140.4799,136.58,138.01,2896200
EOI,14-Jul-2026,19.94,20.15,19.9201,20.11,49000
EOS,14-Jul-2026,22.2,22.25,22.02,22.25,79300
EOT,14-Jul-2026,17.5,17.53,17.23,17.5,19500
EP-C,14-Jul-2026,50.51,50.93,50.51,50.93,400
EPAC,14-Jul-2026,34.57,34.88,34,34.15,836600
EPAM,14-Jul-2026,82.06,86.31,81.67,84.5,2641100
EPC,14-Jul-2026,27.1,27.535,26.595,27.45,457400
EPD,14-Jul-2026,38.3,38.48,37.53,37.73,3894100
EPpC,14-Jul-2026,50.51,50.93,50.51,50.93,350
EPR,14-Jul-2026,59.9,60.14,59.46,59.54,499100
EPR-C,14-Jul-2026,26.44,26.57,26.23,26.23,10200
EPR-E,14-Jul-2026,32.57,32.65,32.51,32.55,1000
EPR-G,14-Jul-2026,20.82,20.98,20.8199,20.895,2200
EPRpC,14-Jul-2026,26.44,26.57,26.23,26.23,9062
EPRpE,14-Jul-2026,32.57,32.65,32.51,32.55,600
EPRpG,14-Jul-2026,20.82,20.98,20.8199,20.895,1188
EPRT,14-Jul-2026,31.34,31.51,31.175,31.2,825300
EQBK,14-Jul-2026,48.73,48.98,48.14,48.97,168700
EQH,14-Jul-2026,47.75,48.11,47.175,47.3,2248600
EQH-A,14-Jul-2026,19.3,19.48,19.2701,19.48,43300
EQH-C,14-Jul-2026,16.12,16.3,16.11,16.28,19900
EQHpA,14-Jul-2026,19.3,19.48,19.2701,19.48,30906
EQHpC,14-Jul-2026,16.12,16.3,16.11,16.28,17400
EQNR,14-Jul-2026,36.4,36.54,35.64,36.19,3752700
EQR,14-Jul-2026,69.68,69.71,68.67,68.72,2942600
EQS,14-Jul-2026,1.15,1.19,1.15,1.19,9300
EQT,14-Jul-2026,49.8,50.33,49.02,49.81,5812700
ERO,14-Jul-2026,25.92,26.35,25.63,25.89,684000
EROC,14-Jul-2026,12.23,12.66,12.02,12.4,945200
EROK,14-Jul-2026,21.98,22.45,21.4,21.81,106600
ES,14-Jul-2026,75.41,75.9999,74.435,74.64,1606000
ESAB,14-Jul-2026,88.17,88.74,86.25,87.17,492400
ESE,14-Jul-2026,325.99,330.2,323.16,325.46,199100
ESI,14-Jul-2026,41.17,41.17,39.915,40.65,4005900
ESNT,14-Jul-2026,64.8,65.785,64.43,65.01,662600
ESRT,14-Jul-2026,5.56,5.595,5.49,5.54,992900
ESS,14-Jul-2026,297.9,298.68,295.885,298.13,536900
ESTC,14-Jul-2026,59.84,62.95,59.455,62.32,2070000
ET,14-Jul-2026,20.23,20.3354,19.97,20.07,6003300
ET-I,14-Jul-2026,11.5,11.6,11.5,11.6,38300
ETB,14-Jul-2026,15.67,15.7177,15.6,15.67,48300
ETD,14-Jul-2026,22.22,22.325,21.79,22.23,310100
ETG,14-Jul-2026,23.4,23.52,23.3359,23.43,47100
ETJ,14-Jul-2026,8.5,8.5,8.4401,8.5,80900
ETN,14-Jul-2026,411.4,417,407.5,415.52,1918500
ETO,14-Jul-2026,30.91,31.0235,30.71,30.9,14500
ETpI,14-Jul-2026,11.55,11.6,11.5,11.6,36744
ETR,14-Jul-2026,115.64,116.7,114.85,115.41,2015400
ETS.U,14-Jul-2026,9.98,9.98,9.98,9.98,700
ETS.W,14-Jul-2026,0.3,0.3,0.3,0.3,900
ETSS,14-Jul-2026,9.89,9.89,9.88,9.88,39500
ETSY,14-Jul-2026,80.2,83.36,80.2,83.06,2859100
ETV,14-Jul-2026,15.22,15.25,15.11,15.15,166500
ETW,14-Jul-2026,9.6,9.665,9.59,9.66,165900
ETX,14-Jul-2026,18.66,18.66,18.65,18.65,1800
ETY,14-Jul-2026,14.51,14.6272,14.4601,14.56,168800
EVAC,14-Jul-2026,10.2,10.22,10.2,10.2,194400
EVC,14-Jul-2026,11.39,11.77,11.355,11.55,1134400
EVEX,14-Jul-2026,2.31,2.435,2.31,2.39,1136200
EVF,14-Jul-2026,4.98,4.9891,4.96,4.97,58100
EVG,14-Jul-2026,10.81,10.9,10.81,10.88,52100
EVH,14-Jul-2026,5.76,6.255,5.68,6.19,2204300
EVMN,14-Jul-2026,12.22,12.4,11.94,11.99,572800
EVN,14-Jul-2026,11.1,11.1499,11.0658,11.13,39300
EVR,14-Jul-2026,337.82,345,337.72,342.2,486800
EVT,14-Jul-2026,27.3,27.61,27.24,27.43,69200
EVTC,14-Jul-2026,29,29.58,28.99,29.07,338900
EVTL,14-Jul-2026,1.62,1.69,1.615,1.64,1402500
EVTR,14-Jul-2026,50.45,50.4999,50.3645,50.4,462300
EW,14-Jul-2026,90.48,90.625,88.2,90.09,5249200
EXG,14-Jul-2026,9.75,9.8156,9.735,9.79,295300
EXK,14-Jul-2026,8.23,8.32,8.0323,8.08,5797800
EXP,14-Jul-2026,208.59,212.1,204.1,204.99,409900
EXPD,14-Jul-2026,175.36,178.64,174.64,178.22,1771800
EXR,14-Jul-2026,146.08,146.25,145.09,145.5,1092800
F,14-Jul-2026,14,14.03,13.76,13.94,42721900
F-B,14-Jul-2026,20.4,20.475,20.38,20.43,25000
F-C,14-Jul-2026,19.7,19.79,19.65,19.67,36100
F-D,14-Jul-2026,21.27,21.3999,21.27,21.31,50900
FAF,14-Jul-2026,70.2,70.76,69.7,69.76,580500
FBIN,14-Jul-2026,51.29,51.755,49.64,50.62,2138100
FBK,14-Jul-2026,55.5,58.84,55.25,58.4,780600
FBP,14-Jul-2026,26.61,26.87,26.54,26.72,1065900
FBR-E,14-Jul-2026,19.21,19.2963,19.1,19.16,23600
FBRT,14-Jul-2026,8,8.17,7.985,8.07,1005800
FBRTpE,14-Jul-2026,19.21,19.2963,19.1,19.1,21149
FC,14-Jul-2026,20.47,20.93,20.47,20.5,67800
FCBM,14-Jul-2026,12.8,12.86,12.65,12.7,119300
FCF,14-Jul-2026,20.37,20.595,20.305,20.42,549400
FCN,14-Jul-2026,157.22,160.61,155.39,159.34,308300
FCPT,14-Jul-2026,25.19,25.32,25.06,25.15,618300
FCR.U,14-Jul-2026,10.47,10.485,10.46,10.46,600
FCR.W,14-Jul-2026,0.8,0.88,0.7656,0.8297,24000
FCRS,14-Jul-2026,10.23,10.235,10.22,10.22,63400
FCRS.U,14-Jul-2026,10.47,10.485,10.46,10.46,400
FCT,14-Jul-2026,9.61,9.615,9.59,9.61,166200
FCX,14-Jul-2026,61.94,62.92,61.2,61.95,11627800
FDS,14-Jul-2026,253.66,255.74,248.615,252.61,888900
FDX,14-Jul-2026,315.14,316.45,311.01,313.66,1440100
FDXF,14-Jul-2026,148.14,149.0499,144.09,144.75,1799300
FE,14-Jul-2026,48.78,49.345,48.1,49.23,7492200
FEGE,14-Jul-2026,49.59,49.62,49.355,49.47,316100
FENG,14-Jul-2026,1.46,1.47,1.44,1.44,4200
FEOE,14-Jul-2026,53.68,53.94,53.5901,53.64,154700
FERG,14-Jul-2026,235.43,237.1,232.53,234.68,1374800
FET,14-Jul-2026,51.4,52.48,51.14,52.24,157000
FF,14-Jul-2026,4.73,4.82,4.6,4.72,184600
FFA,14-Jul-2026,22.62,22.67,22.5524,22.6,11800
FFC,14-Jul-2026,16.25,16.29,16.21,16.27,42800
FG,14-Jul-2026,30.66,30.9,30.19,30.26,1713200
FGN,14-Jul-2026,24.58,24.79,24.42,24.72,39600
FGSN,14-Jul-2026,20.85,20.85,20.64,20.71,11000
FHI,14-Jul-2026,58.04,58.92,58.02,58.74,477500
FHN,14-Jul-2026,25.88,26.18,25.65,25.72,8583600
FHN-E,14-Jul-2026,23.6,23.65,23.54,23.6,5700
FHN-F,14-Jul-2026,16.98,17.0373,16.83,17.02,11000
FHN-H,14-Jul-2026,25.06,25.06,24.96,24.97,35800
FHNpE,14-Jul-2026,23.6,23.65,23.54,23.6,4823
FHNpF,14-Jul-2026,16.98,17.0373,16.83,17.02,9313
FICO,14-Jul-2026,1230.145,1258.96,1204.01,1210.52,342400
FIG,14-Jul-2026,22.03,24.87,21.42,23.86,33220800
FIGS,14-Jul-2026,10.04,10.12,9.655,9.72,1901900
FINS,14-Jul-2026,12.82,13,12.81,12.82,77700
FINV,14-Jul-2026,4.6,4.66,4.56,4.59,643500
FIRY,14-Jul-2026,8.34,8.5791,8,8.04,81600
FIS,14-Jul-2026,41.03,41.19,40.19,40.58,6326500
FIT-A,14-Jul-2026,23.3,23.35,23.3,23.3,4200
FIT-I,14-Jul-2026,25.35,25.3776,25.33,25.37,31400
FIT-K,14-Jul-2026,17.85,17.96,17.84,17.94,40800
FIT-M,14-Jul-2026,25.69,25.69,25.53,25.63,22800
FITB,14-Jul-2026,57.23,58.09,56.87,57.05,6672700
FIX,14-Jul-2026,1785,1824.98,1743.44,1775.1,284600
FIXT,14-Jul-2026,37.3502,37.43,37.3502,37.4,8500
FLC,14-Jul-2026,16.87,16.942,16.87,16.91,19400
FLG,14-Jul-2026,14.98,15.11,14.92,14.96,2910900
FLG-A,14-Jul-2026,23.02,23.07,22.98,22.98,11200
FLG-U,14-Jul-2026,41.44,41.45,41.41,41.45,900
FLGpA,14-Jul-2026,23.025,23.07,22.98,22.98,8137
FLGpU,14-Jul-2026,41.44,41.45,41.41,41.45,573
FLNG,14-Jul-2026,30.23,31.09,30.23,30.81,421600
FLO,14-Jul-2026,8.22,8.37,8.11,8.29,3160200
FLOC,14-Jul-2026,21.19,21.255,20.25,20.53,318500
FLR,14-Jul-2026,50.81,51.18,49.89,51.12,1837400
FLS,14-Jul-2026,69.71,70.4,68.565,69.59,1419100
FLUT,14-Jul-2026,109.29,112.07,107.01,108.47,2657400
FLXR,14-Jul-2026,38.99,39.01,38.96,38.995,297500
FMC,14-Jul-2026,11.07,11.18,10.66,10.72,3015800
FMN,14-Jul-2026,11.35,11.43,11.3496,11.4,15700
FMS,14-Jul-2026,24.33,24.38,24.14,24.14,502200
FMX,14-Jul-2026,129.5,134.52,129.5,133.17,535100
FMY,14-Jul-2026,11.67,11.67,11.6601,11.6601,800
FN,14-Jul-2026,490.93,502.9,477.0201,482.78,619900
FNB,14-Jul-2026,18.95,19.175,18.855,18.99,6820700
FND,14-Jul-2026,55.77,56.78,54.545,56.17,2392300
FNF,14-Jul-2026,49.91,50.37,49.48,49.9,1104800
FNV,14-Jul-2026,205.55,206.87,201.75,202.95,733500
FOA,14-Jul-2026,25.62,27.08,25.47,26.34,139200
FOF,14-Jul-2026,13.76,13.825,13.63,13.72,48600
FOR,14-Jul-2026,30.43,30.56,29.785,30.34,72800
FOU-A,14-Jul-2026,62.86,63.709,61.8,63.38,128000
FOUR,14-Jul-2026,48.46,50.44,47.81,50.01,849100
FOURpA,14-Jul-2026,63.1,63.709,61.8,63.38,2484
FpB,14-Jul-2026,20.4,20.475,20.38,20.405,22356
FpC,14-Jul-2026,19.7,19.79,19.65,19.67,29545
FpD,14-Jul-2026,21.27,21.3999,21.27,21.31,43531
FPF,14-Jul-2026,18.04,18.13,18.0101,18.13,105200
FPH,14-Jul-2026,5.13,5.225,5.12,5.2,96700
FPI,14-Jul-2026,9.61,9.7076,9.56,9.66,296000
FPS,14-Jul-2026,43.3,44.4732,40.85,41.18,11440600
FR,14-Jul-2026,64.86,65.365,64.47,64.75,1344400
FRA,14-Jul-2026,10.88,10.92,10.83,10.89,176700
FRO,14-Jul-2026,37.61,39.265,37.61,38.38,2745300
FRT,14-Jul-2026,121.06,123.09,121.06,122.11,458400
FRT-C,14-Jul-2026,19.39,19.5399,19.3716,19.4,3300
FRTpC,14-Jul-2026,19.39,19.5399,19.3716,19.4,2476
FSCO,14-Jul-2026,4.86,4.87,4.75,4.76,931800
FSK,14-Jul-2026,10.84,10.9,10.72,10.79,1736400
FSM,14-Jul-2026,8.72,8.75,8.465,8.51,4303700
FSS,14-Jul-2026,119,119.995,116.8,118.33,453600
FSSL,14-Jul-2026,10.94,10.96,10.75,10.83,401500
FT,14-Jul-2026,8.1,8.15,8.06,8.1,34700
FTHY,14-Jul-2026,13.57,13.6299,13.54,13.6,58100
FTI,14-Jul-2026,73.91,74.675,73.22,74.57,2601300
FTK,14-Jul-2026,25.63,26.93,25.435,26.77,316300
FTR.U,14-Jul-2026,10.13,10.13,10.1,10.105,18800
FTS,14-Jul-2026,57.85,58.12,57.55,57.72,501800
FTV,14-Jul-2026,62.45,62.52,60.45,60.68,3002400
FTW,14-Jul-2026,12.1,12.2499,12.09,12.17,40700
FTW.W,14-Jul-2026,1.4,1.44,1.35,1.38,4900
FTWO,14-Jul-2026,43.42,43.57,43,43.0392,3500
FUBO,14-Jul-2026,9.78,9.9999,9.4,9.54,1396800
FUL,14-Jul-2026,56.68,56.83,55.78,56.02,681700
FUN,14-Jul-2026,19.15,19.8,18.7,18.81,1831100
FVR,14-Jul-2026,21.22,21.5,21.22,21.47,90700
FVRR,14-Jul-2026,11.05,11.18,10.86,11.07,471700
FXED,14-Jul-2026,17.4276,17.53,17.39,17.397,7200
G,14-Jul-2026,29.26,29.98,29.22,29.52,1572100
GAB,14-Jul-2026,5.66,5.72,5.65,5.66,912000
GAB-G,14-Jul-2026,19.8,20.0099,19.8,19.925,1900
GAB-H,14-Jul-2026,19.84,19.9301,19.84,19.9301,2400
GAB-K,14-Jul-2026,19.87,20.09,19.84,19.95,2500
GABpG,14-Jul-2026,19.8,20.0099,19.8,19.925,1162
GABpH,14-Jul-2026,19.84,19.9301,19.84,19.9301,1510
GABpK,14-Jul-2026,19.87,20.09,19.84,19.95,2200
GAM,14-Jul-2026,64.58,64.8,64.3601,64.4,12000
GAM-B,14-Jul-2026,24.84,24.8608,24.84,24.85,4600
GAMpB,14-Jul-2026,24.84,24.8608,24.84,24.85,4124
GAP,14-Jul-2026,19.95,20.14,19.565,20.13,6580700
GATX,14-Jul-2026,182.03,183.19,177.63,177.74,274300
GBAB,14-Jul-2026,14.2,14.3575,14.1506,14.18,71500
GBCI,14-Jul-2026,51.82,52.26,51.49,51.79,1152500
GBTG,14-Jul-2026,9.4,9.42,9.4,9.41,1058600
GBX,14-Jul-2026,48.42,48.42,47.25,47.34,563700
GCO,14-Jul-2026,35.01,35.01,33.98,34.35,110200
GCT.W,14-Jul-2026,0.426,0.4339,0.3402,0.35,56600
GCTS,14-Jul-2026,2.42,2.43,2.34,2.39,910200
GCTS.WS,14-Jul-2026,0.426,0.4339,0.3402,0.35,55318
GCV,14-Jul-2026,4.67,4.7,4.66,4.69,17600
GD,14-Jul-2026,371.76,376.805,369.14,369.5,1387500
GDDY,14-Jul-2026,88.16,91.885,87.09,91.1,1159200
GDIV,14-Jul-2026,18.74,18.76,18.65,18.6797,11600
GDL,14-Jul-2026,8.46,8.49,8.43,8.43,11700
GDO,14-Jul-2026,10.57,10.63,10.53,10.6,37700
GDOT,14-Jul-2026,13.45,13.49,13.33,13.33,208700
GDV,14-Jul-2026,29.72,29.97,29.72,29.9,121800
GDV-H,14-Jul-2026,21.62,21.65,21.6169,21.65,400
GDV-K,14-Jul-2026,17.42,17.5099,17.4001,17.4445,1800
GDVpH,14-Jul-2026,21.6169,21.62,21.6169,21.62,250
GDVpK,14-Jul-2026,17.42,17.5099,17.4001,17.4445,1532
GE,14-Jul-2026,355.01,359.2,352.57,353.73,4416100
GEF,14-Jul-2026,70.97,71.96,69.35,71.65,293900
GEF.B,14-Jul-2026,86.94,87.22,85.98,86.93,22100
GEL,14-Jul-2026,14.61,14.8606,14.56,14.58,229600
GENI,14-Jul-2026,6.5,6.665,6.39,6.42,3412000
GEO,14-Jul-2026,30.4,30.5,29.763,29.78,1068500
GETY,14-Jul-2026,0.7,0.7199,0.64,0.6512,3890300
GEV,14-Jul-2026,1071.07,1082,1057.47,1066.01,1771400
GF,14-Jul-2026,11.56,11.56,11.354,11.51,25000
GFF,14-Jul-2026,91.35,92.47,90.51,90.83,248600
GFI,14-Jul-2026,34.28,34.42,32.895,33.33,5141600
GFL,14-Jul-2026,38.86,39.65,38.41,38.66,3625800
GFR,14-Jul-2026,6.11,6.2,5.92,6.11,188000
GGB,14-Jul-2026,4.58,4.63,4.54,4.61,10864300
GGG,14-Jul-2026,74.54,74.76,73.62,73.81,993300
GGT,14-Jul-2026,4.23,4.2499,4.22,4.23,335600
GGT-E,14-Jul-2026,20,20.26,20,20.26,2200
GGTpE,14-Jul-2026,20,20.26,20,20.26,2221
GGZ,14-Jul-2026,16.09,16.165,15.85,16.01,9800
GHC,14-Jul-2026,1177.34,1182.565,1154.41,1178.12,16200
GHG,14-Jul-2026,1.19,1.19,1.1344,1.1344,6300
GHI,14-Jul-2026,5.36,5.46,5.28,5.34,51700
GHM,14-Jul-2026,106.28,107.98,104.84,107.05,138900
GHY,14-Jul-2026,11.89,11.9,11.83,11.9,108500
GIB,14-Jul-2026,65,66.52,64.23,65.56,481000
GIC,14-Jul-2026,34.01,34.24,33.37,33.68,171100
GIL,14-Jul-2026,52.06,52.19,51.21,51.52,683700
GIS,14-Jul-2026,36.38,36.74,35.77,36.46,11517300
GJS,14-Jul-2026,23.85,23.85,23.7567,23.7567,500
GKOS,14-Jul-2026,151.13,153.95,146.72,152.45,517300
GL,14-Jul-2026,179.02,180.3,177.59,178.99,327200
GL-D,14-Jul-2026,15.24,15.29,15.1825,15.25,5200
GLAS,14-Jul-2026,11.6,11.6,11.22,11.42,145600
GLO-A,14-Jul-2026,25.6,25.65,25.6,25.65,1700
GLO-B,14-Jul-2026,25.89,25.8901,25.89,25.8901,400
GLO-C,14-Jul-2026,25.42,25.69,25.42,25.68,500
GLOB,14-Jul-2026,30.34,32.2,30,30.92,1609300
GLOPpA,14-Jul-2026,25.6,25.65,25.6,25.65,1573
GLOPpB,14-Jul-2026,25.89,25.8901,25.89,25.8901,300
GLOPpC,14-Jul-2026,25.42,25.69,25.42,25.68,500
GLP,14-Jul-2026,48.72,49.24,48.15,48.76,57700
GLP-B,14-Jul-2026,25.41,25.45,25.41,25.4301,8100
GLpD,14-Jul-2026,15.24,15.29,15.1825,15.2,3293
GLPpB,14-Jul-2026,25.41,25.45,25.41,25.4301,7394
GLW,14-Jul-2026,192.98,193.71,186.0469,187.64,6966200
GM,14-Jul-2026,76.78,77.335,75.955,76.87,4962800
GME,14-Jul-2026,22.05,22.53,22.05,22.43,2782900
GME.W,14-Jul-2026,2,2.15,1.98,2.07,471700
GME.WS,14-Jul-2026,1.9,2.15,1.9,2.1,428516
GMED,14-Jul-2026,78.44,78.66,74.385,75.82,3021200
GMMF,14-Jul-2026,100.3,100.31,100.3,100.305,7000
GMRS,14-Jul-2026,14.57,14.785,13.95,14.05,310600
GNE,14-Jul-2026,14.16,14.3,13.97,14.03,55600
GNK,14-Jul-2026,25.45,25.64,24.75,25.45,283900
GNL,14-Jul-2026,8.85,8.87,8.77,8.81,2621400
GNL-A,14-Jul-2026,23.12,23.15,22.9859,23.04,3700
GNL-B,14-Jul-2026,21.76,21.79,21.5478,21.72,1100
GNL-D,14-Jul-2026,23.86,23.86,23.73,23.82,5500
GNL-E,14-Jul-2026,22.86,22.9,22.81,22.9,9300
GNLpA,14-Jul-2026,23.12,23.15,22.9859,23.15,2455
GNLpB,14-Jul-2026,21.76,21.79,21.5478,21.72,510
GNLpD,14-Jul-2026,23.86,23.86,23.73,23.82,4380
GNLpE,14-Jul-2026,22.86,22.9,22.81,22.9,8678
GNRC,14-Jul-2026,233.37,233.3876,223.73,225.12,767900
GNT,14-Jul-2026,8.19,8.24,8.185,8.19,64000
GNT-A,14-Jul-2026,20.07,20.32,20.07,20.175,3500
GNTpA,14-Jul-2026,20.07,20.32,20.07,20.175,2177
GNW,14-Jul-2026,9.54,9.76,9.54,9.71,2640100
GOF,14-Jul-2026,10.87,10.95,10.86,10.88,1352500
GOLD,14-Jul-2026,38.83,39.285,38.39,39.07,420000
GOLF,14-Jul-2026,109.99,112.96,108.21,112.42,245700
GOOS,14-Jul-2026,9.58,9.675,9.37,9.45,332300
GOTU,14-Jul-2026,1.84,1.86,1.81,1.81,110400
GPC,14-Jul-2026,123.3,123.71,121.585,122.16,1696900
GPGI,14-Jul-2026,14.46,14.73,14.29,14.65,953100
GPI,14-Jul-2026,294.8,300,291.51,299.18,100200
GPJA,14-Jul-2026,21.07,21.07,20.91,20.92,6700
GPK,14-Jul-2026,10.29,10.37,10.04,10.33,4969100
GPM-A,14-Jul-2026,18.31,18.31,18.12,18.2,4100
GPMT,14-Jul-2026,1.3,1.38,1.3,1.34,325400
GPMTpA,14-Jul-2026,18.31,18.31,18.12,18.2,2283
GPN,14-Jul-2026,75.4,76.48,74.69,75.89,2145700
GPOR,14-Jul-2026,153.7,154.8,150.325,151.49,294100
GPRK,14-Jul-2026,10.15,10.36,10.1,10.35,380000
GRB-A,14-Jul-2026,22.21,22.71,22.21,22.705,1500
GRBK,14-Jul-2026,72.92,73.1,71.385,72.31,218500
GRBKpA,14-Jul-2026,22.21,22.71,22.21,22.705,1168
GRC,14-Jul-2026,80,80.54,78.555,80.03,188100
GRDN,14-Jul-2026,40.07,41.02,39.2301,39.67,299900
GRMN,14-Jul-2026,244.38,245.26,240.56,241.39,735900
GRND,14-Jul-2026,15.5,15.71,15.1053,15.64,1432100
GRNT,14-Jul-2026,4.65,4.7,4.535,4.61,663500
GROV,14-Jul-2026,1.1,1.13,1.08,1.09,31600
GRX,14-Jul-2026,9.53,9.545,9.44,9.455,20400
GS,14-Jul-2026,1085,1143.84,1082,1140,3792500
GS-A,14-Jul-2026,19.31,19.34,19.28,19.28,21700
GS-C,14-Jul-2026,19.28,19.35,19.25,19.25,11800
GS-D,14-Jul-2026,18.92,19,18.91,18.91,61100
GSBD,14-Jul-2026,8.78,8.95,8.78,8.9,498000
GSK,14-Jul-2026,51.815,51.945,51.05,51.25,3315300
GSL,14-Jul-2026,41,41.64,40.9001,41.24,307400
GSL-B,14-Jul-2026,27.14,27.25,26.85,27.25,8600
GSLpB,14-Jul-2026,27.14,27.25,26.85,27.25,7777
GSpA,14-Jul-2026,19.31,19.34,19.28,19.28,19573
GSpC,14-Jul-2026,19.28,19.35,19.25,19.25,10789
GSpD,14-Jul-2026,18.92,19,18.92,18.92,55649
GTES,14-Jul-2026,26.82,26.965,26.005,26.24,1502700
GTLS,14-Jul-2026,209.91,209.94,209.91,209.91,584400
GTN,14-Jul-2026,3.86,3.91,3.8,3.81,653400
GTN.A,14-Jul-2026,7.48,7.48,7.48,7.48,900
GTY,14-Jul-2026,34.58,34.7,34.4199,34.45,302900
GUG,14-Jul-2026,16.14,16.34,16.03,16.25,78300
GUT,14-Jul-2026,6.99,7.04,6.94,7.02,293300
GUT-C,14-Jul-2026,21.63,21.75,21.59,21.61,2000
GUTpC,14-Jul-2026,21.63,21.75,21.59,21.61,1704
GVA,14-Jul-2026,121.08,123.1,119.58,120.93,764700
GWH,14-Jul-2026,0.8062,0.8987,0.8054,0.8695,412600
GWRE,14-Jul-2026,133.41,142,132.335,140.71,1713600
GWW,14-Jul-2026,1391.68,1405.72,1353.895,1371.07,291400
GXO,14-Jul-2026,49.4,49.82,48.07,49.67,1559800
GYLD,14-Jul-2026,14.38,14.5,14.2,14.44,23800
H,14-Jul-2026,185.95,189.92,183.945,189.7,593700
HAE,14-Jul-2026,76.59,76.59,73.22,74.41,650500
HAFN,14-Jul-2026,7.41,7.555,7.39,7.48,1177800
HAL,14-Jul-2026,36.105,36.2,34.905,35.42,8653700
HASI,14-Jul-2026,38.31,38.8,37.99,38.46,997900
HAWK,14-Jul-2026,19.63,20.38,19.28,19.41,814600
HAYW,14-Jul-2026,15.85,15.93,15.63,15.88,2191300
HBB,14-Jul-2026,22.19,22.82,20.67,21.61,173600
HBM,14-Jul-2026,22.22,22.79,22.2,22.5,5962800
HCA,14-Jul-2026,354.35,372.93,353.99,363.6,4227600
HCC,14-Jul-2026,84.43,84.5533,82.02,83.33,539100
HCI,14-Jul-2026,182.72,184.37,179.88,179.94,175800
HCXY,14-Jul-2026,25.1584,25.1584,24.95,24.99,5800
HD,14-Jul-2026,339.52,341.745,336.565,337.74,2807300
HDB,14-Jul-2026,26.15,26.18,25.91,25.97,5327500
HE,14-Jul-2026,13.63,13.695,13.435,13.52,1517500
HEI,14-Jul-2026,346.21,350.295,344.295,345.61,519500
HEI.A,14-Jul-2026,251.99,253.08,249.545,249.7,146400
HEQ,14-Jul-2026,11.44,11.47,11.4,11.45,13700
HESM,14-Jul-2026,39.39,39.85,39.165,39.85,921100
HF,14-Jul-2026,22.31,22.351,22.31,22.351,2800
HFEQ,14-Jul-2026,24.1,24.165,24.01,24.0865,5000
HFGM,14-Jul-2026,31.3,31.3,31.04,31.1495,26700
HFMF,14-Jul-2026,21.96,21.97,21.855,21.88,3400
HFND,14-Jul-2026,24.39,24.4699,24.32,24.4007,3900
HFR-A,14-Jul-2026,16.5,16.5,16.415,16.4399,10900
HFR-B,14-Jul-2026,16.45,16.45,16.35,16.35,20400
HFRO,14-Jul-2026,7.66,7.68,7.34,7.63,215600
HFROpA,14-Jul-2026,16.5,16.5,16.415,16.4399,9916
HFROpB,14-Jul-2026,16.45,16.45,16.35,16.35,18392
HG,14-Jul-2026,34.82,35.21,34.725,34.86,431200
HGER,14-Jul-2026,31.48,31.59,31.36,31.58,918100
HGLB,14-Jul-2026,7.51,7.565,7.375,7.45,89800
HGTY,14-Jul-2026,12.36,12.475,12.2243,12.25,100300
HGV,14-Jul-2026,49.39,49.82,48.75,49.19,1110700
HHH,14-Jul-2026,71.85,72.895,71.6,72.05,264200
HIG,14-Jul-2026,139.2,140.875,138.05,138.15,1195000
HIG-G,14-Jul-2026,24.68,24.77,24.65,24.74,12500
HIGpG,14-Jul-2026,24.68,24.77,24.65,24.74,9496
HII,14-Jul-2026,285.89,287.6525,279.805,280,253700
HIMS,14-Jul-2026,34.8,35.39,34.08,35.15,7734300
HIO,14-Jul-2026,3.65,3.65,3.63,3.64,203700
HIPO,14-Jul-2026,29.49,29.49,28.41,28.52,207800
HIW,14-Jul-2026,31.57,32.2,31.35,32.09,1199600
HIX,14-Jul-2026,3.96,3.99,3.95,3.98,253600
HKD,14-Jul-2026,1.5,1.62,1.5,1.62,185300
HL,14-Jul-2026,15.9,16.05,15.41,15.5,30191500
HLF,14-Jul-2026,13.11,13.2574,12.185,12.24,3297000
HLI,14-Jul-2026,133.59,137.02,133.07,136.93,926900
HLIO,14-Jul-2026,81.73,82.04,79.79,81.06,236800
HLL.W,14-Jul-2026,0.0257,0.0296,0.0257,0.0257,9700
HLLY,14-Jul-2026,2.52,2.69,2.52,2.65,1574300
HLLY.WS,14-Jul-2026,0.0257,0.0296,0.0257,0.0257,9700
HLN,14-Jul-2026,9.74,9.765,9.685,9.7,4293300
HLT,14-Jul-2026,322.86,326.86,319.77,325.86,1918500
HLX,14-Jul-2026,9.62,9.67,9.42,9.53,1246600
HMC,14-Jul-2026,28.02,28.195,28.01,28.09,899100
HMN,14-Jul-2026,52.23,52.75,51.66,52.3,295800
HMY,14-Jul-2026,15.415,15.57,15.115,15.24,2834800
HNGE,14-Jul-2026,88.5,90.998,87.81,89.31,1349100
HNI,14-Jul-2026,39.87,40.415,39.11,39.69,342900
HOG,14-Jul-2026,25.44,25.6,24.89,25.08,1481700
HOMB,14-Jul-2026,28.95,29.16,28.905,29,1600900
HOV,14-Jul-2026,127.5,129.16,124.87,128.76,125100
HP,14-Jul-2026,34.48,34.67,33.48,33.74,863200
HPE,14-Jul-2026,48.86,50.045,48.6,49.56,17133500
HPE-C,14-Jul-2026,126.74,129.45,126.62,128.25,87700
HPEpC,14-Jul-2026,125.7,129.45,125.65,128.25,78194
HPF,14-Jul-2026,15.92,15.96,15.91,15.93,29100
HPI,14-Jul-2026,16.16,16.29,16.16,16.21,49100
HPP,14-Jul-2026,15.15,15.91,15.01,15.54,556200
HPP-C,14-Jul-2026,14.24,14.38,14.2,14.365,16100
HPPpC,14-Jul-2026,14.24,14.38,14.2,14.365,15280
HPQ,14-Jul-2026,24.81,25.57,24.26,24.63,18984100
HPS,14-Jul-2026,14.36,14.46,14.3,14.38,56200
HQH,14-Jul-2026,21.18,21.25,20.8101,21.04,260700
HQL,14-Jul-2026,19.93,20,19.68,19.92,139200
HR,14-Jul-2026,20.87,20.946,20.755,20.89,4127700
HRB,14-Jul-2026,40.16,41.06,39.62,40.94,1404700
HRI,14-Jul-2026,150.66,151.75,144.67,147.24,606300
HRL,14-Jul-2026,24.44,24.835,24.22,24.81,4034600
HRTG,14-Jul-2026,27.96,28.42,27.5,27.5,237500
HSBC,14-Jul-2026,99.32,100.8,98.78,99.25,1425000
HSHP,14-Jul-2026,15.7,15.9,15.61,15.69,361600
HSY,14-Jul-2026,174.5,175.26,169.93,171.46,1375000
HTB,14-Jul-2026,49.03,49.11,47.42,48.53,102000
HTD,14-Jul-2026,25.93,26.13,25.8143,25.84,53900
HTGC,14-Jul-2026,15.96,16.1,15.93,16.04,944700
HTH,14-Jul-2026,38.23,38.49,38.15,38.28,226000
HTT,14-Jul-2026,2.75,2.75,2.635,2.68,64800
HUBB,14-Jul-2026,483.73,486.1,474.5,483.89,346900
HUBS,14-Jul-2026,201.44,216.75,200.45,209.68,1514000
HUM,14-Jul-2026,410,412.67,403.81,406.77,967100
HUN,14-Jul-2026,11.87,12.08,11.615,11.91,4091800
HUYA,14-Jul-2026,2.45,2.45,2.38,2.39,426000
HVT,14-Jul-2026,25.09,25.25,24.605,25.19,62600
HWM,14-Jul-2026,273.41,277.45,271.7884,276.78,1653400
HXL,14-Jul-2026,101.11,102.48,100.03,101.88,1021800
HY,14-Jul-2026,32.51,33.405,31.92,32.35,61200
HYBX,14-Jul-2026,29.72,29.7819,29.72,29.72,300
HYI,14-Jul-2026,10.55,10.61,10.55,10.57,32200
HYT,14-Jul-2026,8.49,8.54,8.49,8.52,569600
HYTR,14-Jul-2026,21.38,21.38,21.36,21.36,63700
HZO,14-Jul-2026,34.75,34.885,33.93,34.17,121100
IAE,14-Jul-2026,8.61,8.6908,8.47,8.57,51600
IAG,14-Jul-2026,15.505,15.58,14.825,14.99,5379200
IBM,14-Jul-2026,226.37,229.92,213.22,217.07,67440800
IBN,14-Jul-2026,29.56,29.56,28.93,29,4250500
IBP,14-Jul-2026,227.39,232.46,221.635,224.4,302900
IBTA,14-Jul-2026,30.5,30.78,29.675,30.45,112800
ICE,14-Jul-2026,135.84,138.93,135.48,137.61,3802000
ICL,14-Jul-2026,4.96,5.05,4.96,5.01,1732000
ICR-A,14-Jul-2026,22.46,22.5,22.27,22.5,1600
ICRpA,14-Jul-2026,22.46,22.49,22.27,22.47,759
IDA,14-Jul-2026,153.04,153.44,151.1375,151.59,480300
IDE,14-Jul-2026,13.59,13.67,13.52,13.66,26500
IDT,14-Jul-2026,61.21,62.8,61.04,62.38,238900
IEX,14-Jul-2026,224,225.61,221.21,222.74,728900
IFF,14-Jul-2026,75.99,76.57,74.61,74.67,1901800
IFN,14-Jul-2026,11.41,11.53,11.41,11.52,76800
IFS,14-Jul-2026,60.35,61.38,59.61,59.97,128900
IGA,14-Jul-2026,9.95,9.97,9.91,9.96,64600
IGCB,14-Jul-2026,45.2452,45.2452,45.2452,45.2452,100
IGD,14-Jul-2026,6.28,6.32,6.21,6.32,255000
IGI,14-Jul-2026,16.2,16.2,16.02,16.0842,4400
IGR,14-Jul-2026,4.64,4.66,4.62,4.66,370000
IH,14-Jul-2026,1.42,1.43,1.4,1.4,6500
IHD,14-Jul-2026,7.41,7.47,7.4,7.44,27400
IHG,14-Jul-2026,158.21,159.175,156.79,158.74,342000
IHS,14-Jul-2026,8.25,8.26,8.185,8.21,747500
IIF,14-Jul-2026,23.04,23.18,22.63,22.86,48200
IIIN,14-Jul-2026,29.09,29.705,28.94,29.67,232900
IIM,14-Jul-2026,12.89,12.92,12.85,12.85,100400
IIP-A,14-Jul-2026,24.78,24.84,24.7,24.78,24800
IIPR,14-Jul-2026,64.85,64.85,63.4,63.72,249000
IIPRpA,14-Jul-2026,24.78,24.84,24.7,24.78,20812
IMAX,14-Jul-2026,38.39,39.05,37.97,38.49,649600
INF.W,14-Jul-2026,5.33,5.36,5,5.35,37600
INFO,14-Jul-2026,27.49,27.545,27.49,27.5431,12900
INFQ,14-Jul-2026,10.46,10.49,10.05,10.45,7993800
INFY,14-Jul-2026,10.9,11.245,10.86,11.05,23874800
ING,14-Jul-2026,32.83,33.125,32.59,32.75,3208400
INGM,14-Jul-2026,29.62,29.96,29.11,29.45,911300
INGR,14-Jul-2026,98.65,98.89,97.23,98.2,547900
INN,14-Jul-2026,6.61,6.69,6.479,6.54,779400
INN-E,14-Jul-2026,17.66,17.99,17.6599,17.73,2500
INN-F,14-Jul-2026,16.71,16.855,16.6,16.63,6400
INNpE,14-Jul-2026,17.66,17.99,17.6599,17.73,1905
INNpF,14-Jul-2026,16.71,16.855,16.6,16.63,5584
INR,14-Jul-2026,13.04,13.09,12.74,12.91,269100
INSP,14-Jul-2026,50.37,50.37,48.5,49.15,580000
INSW,14-Jul-2026,88.1,90.9099,86.71,88.12,508800
INVH,14-Jul-2026,30,30.31,29.9,30.23,5448300
INVX,14-Jul-2026,26.1,26.1,25.53,25.72,220100
ION.W,14-Jul-2026,27.94,28.86,27.94,28.86,1500
IONQ,14-Jul-2026,40.04,40.442,38.72,39.29,17284200
IONQ.WS,14-Jul-2026,27.94,28.86,27.94,28.86,1108
IOT,14-Jul-2026,35.5,37.88,34.7595,36.9,4356600
IP,14-Jul-2026,36.87,37.06,35.87,36.5,5414200
IPB,14-Jul-2026,25.57,25.7303,25.5624,25.7282,1600
IPI,14-Jul-2026,36.21,36.27,35.39,35.71,180600
IQI,14-Jul-2026,10.25,10.3299,10.22,10.28,196400
IQV,14-Jul-2026,205.01,208.61,202.76,207.83,1104800
IR,14-Jul-2026,80.25,80.455,78.51,79.01,3511400
IRM,14-Jul-2026,122.78,123.7,120.82,122.66,2580200
IRS,14-Jul-2026,15.06,15.6716,15.01,15.36,37400
IRT,14-Jul-2026,16.97,17.08,16.545,16.55,2546900
ISD,14-Jul-2026,12.75,12.83,12.67,12.73,92300
IT,14-Jul-2026,137.31,137.33,132.4,132.97,1740900
ITGR,14-Jul-2026,95.5,95.73,92.07,93.31,450200
ITT,14-Jul-2026,197.17,198.84,193.63,194.93,812300
ITUB,14-Jul-2026,8.61,8.6678,8.5,8.55,14810500
ITW,14-Jul-2026,274.41,274.88,271.33,272.28,1329800
IVR,14-Jul-2026,7.91,8.18,7.91,8.1,3342900
IVR-C,14-Jul-2026,24.91,24.95,24.815,24.95,5900
IVRpC,14-Jul-2026,24.91,24.95,24.815,24.95,4431
IVT,14-Jul-2026,35.54,35.82,35.36,35.55,507800
IVZ,14-Jul-2026,28.6,28.815,28.36,28.73,4108700
IX,14-Jul-2026,39.96,40.46,39.6,40.21,243600
J,14-Jul-2026,124.66,130.05,124.47,129.26,1096400
JAN,14-Jul-2026,29.3,29.66,29.285,29.56,689000
JBGS,14-Jul-2026,14.67,14.88,14.6,14.66,426300
JBI,14-Jul-2026,5.25,5.41,5.234,5.36,1044800
JBL,14-Jul-2026,329.92,331.75,320.46,326.82,817900
JBND,14-Jul-2026,52.985,53.045,52.93,52.98,989600
JBS,14-Jul-2026,11.8,11.91,11.6986,11.83,2805900
JBTM,14-Jul-2026,140.03,141.56,136.44,136.85,585200
JCE,14-Jul-2026,16.44,16.68,16.37,16.47,24700
JCI,14-Jul-2026,145.69,147.25,143.445,145.24,3944600
JEF,14-Jul-2026,53.22,54.52,52.97,53.96,1484100
JELD,14-Jul-2026,1.2,1.27,1.185,1.23,712600
JEN-,14-Jul-2026,0.2,0.2,0.2,0.2,107700
JENA,14-Jul-2026,10.44,10.44,10.44,10.44,100
JENAr,14-Jul-2026,0.2,0.2,0.2,0.2,107742
JFR,14-Jul-2026,7.73,7.74,7.71,7.73,495100
JGH,14-Jul-2026,12.66,12.729,12.55,12.61,105900
JHI,14-Jul-2026,13.3,13.3816,13.3,13.3,800
JHS,14-Jul-2026,10.96,10.9794,10.96,10.96,2500
JHX,14-Jul-2026,25.81,26.08,25.33,25.78,8812200
JILL,14-Jul-2026,16,16.85,15.75,15.84,98300
JKS,14-Jul-2026,15.66,15.94,15.445,15.55,455000
JLL,14-Jul-2026,319.06,325.64,314.39,314.39,446800
JLS,14-Jul-2026,17.43,17.6,17.43,17.59,31800
JMIA,14-Jul-2026,6.89,6.89,6.72,6.85,764500
JMM,14-Jul-2026,5.81,5.84,5.81,5.81,2300
JNJ,14-Jul-2026,255.53,256.39,252.14,253.85,8770500
JOB.W,14-Jul-2026,0.138,0.14,0.114,0.139,116800
JOBY,14-Jul-2026,7.55,7.91,7.51,7.89,49054400
JOBY.WS,14-Jul-2026,0.1399,0.14,0.114,0.139,114984
JOE,14-Jul-2026,61.02,61.52,60.28,60.54,244700
JOF,14-Jul-2026,11.67,11.78,11.63,11.65,70200
JPC,14-Jul-2026,7.88,7.88,7.8309,7.88,904600
JPM,14-Jul-2026,327,344.73,325.75,342.89,14537900
JPM-C,14-Jul-2026,25.3,25.3101,25.24,25.28,80900
JPM-D,14-Jul-2026,23.98,24.11,23.98,24.06,81200
JPM-J,14-Jul-2026,19.2,19.25,19.15,19.23,76700
JPM-K,14-Jul-2026,18.37,18.3999,18.3,18.3,77700
JPM-L,14-Jul-2026,18.69,18.71,18.61,18.62,158200
JPM-M,14-Jul-2026,17.08,17.14,17.07,17.11,107700
JPMpC,14-Jul-2026,25.3,25.3101,25.24,25.31,71867
JPMpD,14-Jul-2026,23.98,24.11,23.98,24.01,71810
JPMpJ,14-Jul-2026,19.2,19.25,19.15,19.21,69985
JPMpK,14-Jul-2026,18.37,18.3999,18.3,18.3,67087
JPMpL,14-Jul-2026,18.68,18.71,18.61,18.62,149203
JPMpM,14-Jul-2026,17.08,17.14,17.07,17.09,97546
JQC,14-Jul-2026,4.8,4.828,4.78,4.81,887900
JRI,14-Jul-2026,13.09,13.1985,13.09,13.18,147000
JRS,14-Jul-2026,8.54,8.6305,8.5,8.51,56700
JXN,14-Jul-2026,120.88,121.96,119.55,121.92,720700
JXN-A,14-Jul-2026,25.59,25.59,25.5001,25.55,15600
JXNpA,14-Jul-2026,25.5,25.59,25.5,25.53,12443
KAI,14-Jul-2026,296.18,300.75,290.48,300.07,104900
KB,14-Jul-2026,121.63,123.75,120.13,120.72,434400
KBDC,14-Jul-2026,13.75,13.8364,13.71,13.78,475500
KBH,14-Jul-2026,55.87,56.1999,54.23,55.49,1335500
KBR,14-Jul-2026,35.06,35.95,34.6401,35.51,1581900
KCA.S,14-Jul-2026,10.01,10.02,10.01,10.02,25600
KCA.U,14-Jul-2026,10.65,10.65,10.65,10.65,2100
KCA.W,14-Jul-2026,1,1.1,1,1.1,1500
KD,14-Jul-2026,11.49,11.765,10.9002,11.61,6423200
KEN,14-Jul-2026,66.2,67.39,66.2,66.67,16000
KEP,14-Jul-2026,11.7,11.7,11.43,11.54,2573300
KEX,14-Jul-2026,144.42,145.26,142.63,145.04,594100
KEY,14-Jul-2026,23.375,23.5388,23.105,23.3,9876100
KEY-I,14-Jul-2026,24.99,25.06,24.99,25.0541,12100
KEY-J,14-Jul-2026,20.7,20.9,20.7,20.88,25600
KEY-K,14-Jul-2026,20.64,20.77,20.64,20.72,30000
KEY-L,14-Jul-2026,24.78,24.9069,24.78,24.84,18600
KEYpI,14-Jul-2026,24.99,25.06,24.99,25.0541,9021
KEYpJ,14-Jul-2026,20.7,20.9,20.7,20.83,21563
KEYpK,14-Jul-2026,20.64,20.77,20.64,20.72,17923
KEYpL,14-Jul-2026,24.78,24.9069,24.78,24.84,13054
KEYS,14-Jul-2026,328.19,330.4338,322.57,325.73,1237900
KF,14-Jul-2026,64.76,66.89,64.55,65.05,41700
KFRC,14-Jul-2026,55.18,56,54.505,55.67,183200
KFY,14-Jul-2026,74.03,74.304,73.175,73.56,509400
KGC,14-Jul-2026,24.29,24.625,23.77,23.91,7278600
KGS,14-Jul-2026,68.31,69.54,67.32,69.09,1636800
KIM,14-Jul-2026,25.23,25.405,25.095,25.25,3083500
KIM-L,14-Jul-2026,19.43,19.56,19.43,19.56,9600
KIM-M,14-Jul-2026,19.9,19.9,19.797,19.89,10800
KIM-N,14-Jul-2026,63,63,62.33,62.33,700
KIMpL,14-Jul-2026,19.43,19.56,19.43,19.56,7094
KIMpM,14-Jul-2026,19.9,19.9,19.797,19.89,8493
KIMpN,14-Jul-2026,63,63,62.33,62.33,600
KIO,14-Jul-2026,11.29,11.31,11.245,11.26,220900
KKR,14-Jul-2026,96.57,98.38,96.05,97.21,2524400
KKR-D,14-Jul-2026,42.18,42.63,41,41.44,301700
KKRpD,14-Jul-2026,42.18,42.63,41,41.57,211133
KKRS,14-Jul-2026,16.17,16.23,16.16,16.17,23000
KKRT,14-Jul-2026,23.55,23.58,23.45,23.51,39700
KLAR,14-Jul-2026,19.15,19.66,18.93,19.63,2048900
KLC,14-Jul-2026,5.08,5.18,5.02,5.04,397200
KMI,14-Jul-2026,32.21,32.6,32.165,32.54,7359800
KMPB,14-Jul-2026,24,24,23.9681,24,6000
KMPR,14-Jul-2026,29.46,29.86,28.6,28.64,852400
KMT,14-Jul-2026,34.39,34.77,33.91,34.32,625800
KMX,14-Jul-2026,55.38,55.84,53.89,55.73,1859000
KN,14-Jul-2026,36.75,37.33,36.26,36.78,503300
KNF,14-Jul-2026,80.02,80.55,79.09,80.06,252600
KNOP,14-Jul-2026,10.71,10.9,10.56,10.69,58100
KNSL,14-Jul-2026,339.79,342.925,335.974,337.14,186100
KNTK,14-Jul-2026,51.1,51.3,50.18,50.55,693800
KNX,14-Jul-2026,75.1,75.575,74.35,75.22,2646500
KO,14-Jul-2026,84.17,84.6299,83.08,83.08,13775300
KODK,14-Jul-2026,8.21,8.33,7.94,8.05,519500
KOF,14-Jul-2026,104,104.78,102.98,103.39,113400
KOP,14-Jul-2026,48.27,48.9999,48.05,48.53,78400
KORE,14-Jul-2026,9.26,9.26,9.25,9.26,71000
KOS,14-Jul-2026,2.45,2.605,2.42,2.5,27597300
KR,14-Jul-2026,58.66,59.33,58.435,58.74,7133000
KRC,14-Jul-2026,39.05,39.51,38.83,39.44,879400
KRE-A,14-Jul-2026,17.71,17.92,17.71,17.92,1900
KREF,14-Jul-2026,7.45,7.535,7.34,7.48,804600
KREFpA,14-Jul-2026,17.71,17.92,17.71,17.92,1680
KRG,14-Jul-2026,28.58,28.87,28.525,28.69,2441400
KRMN,14-Jul-2026,45.97,47.69,45.44,45.83,1498600
KRO,14-Jul-2026,6.6,6.7,6.37,6.41,310700
KRP,14-Jul-2026,14.99,15.0666,14.57,14.65,748000
KRS.U,14-Jul-2026,10.75,10.83,10.65,10.74,3400
KRS.W,14-Jul-2026,1.17,1.17,1.17,1.17,100
KRSP,14-Jul-2026,10.57,10.57,10.57,10.57,1700
KRSP.U,14-Jul-2026,10.75,10.83,10.65,10.74,1240
KSS,14-Jul-2026,16.81,16.89,16.01,16.43,2659700
KT,14-Jul-2026,17.48,17.61,17.29,17.34,1339900
KTB,14-Jul-2026,84.33,85.13,83.11,83.85,918800
KTF,14-Jul-2026,9.25,9.25,9.205,9.22,92000
KTH,14-Jul-2026,28.63,28.63,28.575,28.575,600
KTN,14-Jul-2026,25.44,25.44,25.28,25.3024,3800
KVUE,14-Jul-2026,19.1,19.2499,18.71,18.76,19474100
KVYO,14-Jul-2026,16.5,17.81,16.32,17.51,3243100
KWR,14-Jul-2026,149.21,150.33,147.645,149.96,84600
KWY,14-Jul-2026,9.76,9.86,9.66,9.76,83500
KYN,14-Jul-2026,14.45,14.51,14.3498,14.43,357300
L,14-Jul-2026,116.01,117.16,114.3,114.47,965700
LAC,14-Jul-2026,3.24,3.28,3.1201,3.15,14538700
LAD,14-Jul-2026,319.28,321.21,314.09,319.25,276200
LADR,14-Jul-2026,9.81,9.895,9.685,9.83,1072300
LANV,14-Jul-2026,1.26,1.48,1.23,1.47,24100
LAR,14-Jul-2026,7.24,7.31,7.08,7.23,1466600
LAW,14-Jul-2026,3.94,4.155,3.91,4.09,184200
LAZ,14-Jul-2026,41.12,43.63,41.12,43.39,1948100
LB,14-Jul-2026,79.08,80.44,78.2175,78.74,142100
LBRT,14-Jul-2026,26.18,26.32,24.635,25.27,3705700
LCII,14-Jul-2026,102.63,103.86,100.2,103.55,285000
LCLN,14-Jul-2026,22.22,23.11,21.86,22.5,1521000
LDI,14-Jul-2026,1.11,1.14,1.09,1.12,1216700
LDOS,14-Jul-2026,104.02,108.06,104.01,106.56,1059300
LDP,14-Jul-2026,21.15,21.31,21.15,21.16,55500
LEA,14-Jul-2026,137.03,138.2,134.595,135.91,376100
LEG,14-Jul-2026,10.85,11.01,10.58,10.82,1817800
LEN,14-Jul-2026,84.41,84.96,82.385,83.71,2173400
LEN.B,14-Jul-2026,82.76,82.76,80.8,82.2,53800
LEO,14-Jul-2026,6.4,6.425,6.375,6.4,489400
LEU,14-Jul-2026,163.25,165.5,156.86,159.38,640600
LEVI,14-Jul-2026,24.55,24.55,23.59,23.79,2531000
LFT,14-Jul-2026,0.94,0.9592,0.9174,0.9342,160500
LGI,14-Jul-2026,18.28,18.5298,18.2767,18.36,20800
LH,14-Jul-2026,262.105,277.59,262.105,275.68,751700
LHX,14-Jul-2026,289.9,294.73,289.0001,290.01,1034200
LII,14-Jul-2026,558.92,564.95,553.95,562.77,439100
LION,14-Jul-2026,13.36,13.49,13.08,13.29,2481500
LITB,14-Jul-2026,3.16,3.27,3.16,3.23,3800
LLY,14-Jul-2026,1166.01,1166.01,1140.74,1152.54,2642900
LMND,14-Jul-2026,70.1,72.5,69.93,70.14,705400
LMT,14-Jul-2026,518.36,526.2643,514.87,514.99,698400
LNC,14-Jul-2026,40.62,41.32,40.5,41.26,2079700
LNC-D,14-Jul-2026,26.36,26.5,26.36,26.39,28800
LNCpD,14-Jul-2026,26.36,26.5,26.36,26.45,22424
LND,14-Jul-2026,3.67,3.725,3.67,3.71,51200
LNG,14-Jul-2026,263.86,267.35,260.74,265.03,1759900
LNN,14-Jul-2026,116.05,117.22,113.5,115.46,142500
LOAR,14-Jul-2026,73.18,73.67,71.37,71.41,534700
LOB,14-Jul-2026,41.61,41.98,41.29,41.54,114000
LOB-A,14-Jul-2026,25.51,25.51,25.365,25.365,1000
LOBpA,14-Jul-2026,25.51,25.51,25.365,25.365,563
LOCL,14-Jul-2026,1.32,1.32,1.28,1.3,8500
LOMA,14-Jul-2026,11.17,11.6,11.125,11.37,468300
LOW,14-Jul-2026,209.31,210.8,207.55,207.68,3032600
LPG,14-Jul-2026,40.38,41.98,40.38,41.63,654100
LPL,14-Jul-2026,3.64,3.68,3.35,3.51,13168600
LPX,14-Jul-2026,74.04,75.8,72.98,75.41,2251300
LRN,14-Jul-2026,90.73,92.32,84.93,86.88,1315200
LSPD,14-Jul-2026,10.1,10.41,10.04,10.29,503700
LTC,14-Jul-2026,39.67,40.14,39.67,40.03,898400
LTH,14-Jul-2026,41.8,42.51,41.27,41.57,1678900
LTM,14-Jul-2026,54.61,54.61,52.77,53.51,869500
LU,14-Jul-2026,1.23,1.32,1.23,1.29,705500
LUCK,14-Jul-2026,7.32,7.38,7.11,7.18,124300
LUMN,14-Jul-2026,6.59,6.63,6.3548,6.37,9496300
LUV,14-Jul-2026,48.23,48.24,47.1701,47.56,5182200
LUXE,14-Jul-2026,7.66,7.92,7.53,7.83,106000
LVS,14-Jul-2026,45.5,45.845,44.59,44.78,3887800
LVW.W,14-Jul-2026,0.0185,0.0185,0.0185,0.0185,300
LVWR,14-Jul-2026,0.71,0.7486,0.6895,0.7218,172700
LVWR.WS,14-Jul-2026,0.0185,0.0185,0.0185,0.0185,180
LW,14-Jul-2026,46.8,47.115,46.215,46.5,1077400
LXFR,14-Jul-2026,17.29,17.647,17.06,17.09,82400
LXP,14-Jul-2026,54.94,55.76,54.75,55.04,671400
LXP-C,14-Jul-2026,46.32,46.405,46.32,46.405,500
LXPpC,14-Jul-2026,46.32,46.405,46.32,46.405,323
LXU,14-Jul-2026,11.36,11.48,11.06,11.19,714500
LYB,14-Jul-2026,59.2,59.68,57.74,58.55,4420500
LYG,14-Jul-2026,5.92,6.005,5.905,5.93,18218100
LYV,14-Jul-2026,184.13,184.98,180.56,181.56,1335500
LZB,14-Jul-2026,38.84,38.94,38.14,38.58,347500
LZM,14-Jul-2026,3.43,3.58,3.43,3.55,358400
LZM.W,14-Jul-2026,0.32,0.32,0.3,0.3,1200
LZM.WS,14-Jul-2026,0.32,0.32,0.3,0.3,1275
M,14-Jul-2026,22.89,23.24,22.325,23.21,5159700
MA,14-Jul-2026,534.99,543.46,532.06,538.02,3323700
MAA,14-Jul-2026,135.42,136.03,133.645,133.68,1079400
MAA-I,14-Jul-2026,52.85,52.85,52.7,52.7,1000
MAApI,14-Jul-2026,52.85,52.85,52.7,52.7,500
MAC,14-Jul-2026,25.09,25.11,24.86,24.89,2936900
MAGN,14-Jul-2026,13.02,13.02,12.56,12.56,571700
MAIN,14-Jul-2026,52.7,53.28,52.5762,53.09,609000
MAIR,14-Jul-2026,35.74,36.31,34.95,35.34,874300
MAN,14-Jul-2026,39.12,39.72,38.1,39.18,1078300
MANE,14-Jul-2026,111.04,116.46,108.01,110.17,524900
MANU,14-Jul-2026,21.97,22.25,21.8,22.05,164800
MAS,14-Jul-2026,75.89,78.22,75.89,77.85,2194700
MATV,14-Jul-2026,7.84,7.99,7.7,7.73,611800
MATX,14-Jul-2026,209.02,211.52,206.15,210.95,247600
MAX,14-Jul-2026,13.85,14.15,13.67,14.09,865300
MBC,14-Jul-2026,9.03,9.2,8.825,8.92,1145200
MBGL,14-Jul-2026,20.38,21.29,20.21,20.57,6641900
MBI,14-Jul-2026,6.32,6.37,6.265,6.36,236600
MC,14-Jul-2026,64.87,67.2,64.87,66.97,702400
MCB,14-Jul-2026,97.49,98.41,96.54,96.9,108600
MCD,14-Jul-2026,272,273.8098,268.3175,268.94,3834400
MCI,14-Jul-2026,17.42,17.42,16.82,16.85,64200
MCK,14-Jul-2026,802.01,812.91,790.57,803.37,1115800
MCN,14-Jul-2026,5.67,5.67,5.62,5.64,29100
MCO,14-Jul-2026,487,495.745,480,494.73,652200
MCS,14-Jul-2026,22.09,22.25,21.78,21.84,142000
MCY,14-Jul-2026,109.97,111.305,107.76,107.78,256500
MD,14-Jul-2026,24.99,25.05,24.1,24.11,1247300
MDA,14-Jul-2026,32.02,34.08,32.02,33.89,2825600
MDST,14-Jul-2026,29.63,29.86,29.57,29.86,33700
MDT,14-Jul-2026,81.59,82,78.97,79.3,8499300
MDU,14-Jul-2026,21.49,21.61,21.21,21.24,1636200
MDV,14-Jul-2026,17.67,17.67,17.45,17.55,20800
MDV-A,14-Jul-2026,25.16,25.16,25.08,25.08,600
MDVpA,14-Jul-2026,25.16,25.16,25.08,25.08,309
MEC,14-Jul-2026,33.82,35.39,33.32,34.49,486700
MED,14-Jul-2026,11.07,11.16,10.58,10.61,150300
MEGI,14-Jul-2026,15.45,15.59,15.3901,15.53,80800
MEI,14-Jul-2026,16.3,17.57,15.71,17.42,1099100
MER-K,14-Jul-2026,25.56,25.56,25.4,25.4,70100
MERpK,14-Jul-2026,25.56,25.56,25.4,25.4,68193
MET,14-Jul-2026,92.76,93.81,92.2149,92.54,3466200
MET-A,14-Jul-2026,21.18,21.25,21.16,21.18,25300
MET-E,14-Jul-2026,22.44,22.55,22.4,22.43,31200
MET-F,14-Jul-2026,18.43,18.53,18.36,18.42,52200
METpA,14-Jul-2026,21.18,21.25,21.16,21.16,22810
METpE,14-Jul-2026,22.44,22.55,22.4,22.43,26957
METpF,14-Jul-2026,18.43,18.53,18.36,18.42,44693
MFA,14-Jul-2026,9.46,9.545,9.4,9.46,1656500
MFA-B,14-Jul-2026,20.37,20.37,20.2438,20.27,12700
MFA-C,14-Jul-2026,23.43,23.5,23.31,23.5,18300
MFAN,14-Jul-2026,25.39,25.45,25.39,25.4,4800
MFAO,14-Jul-2026,25.44,25.47,25.44,25.47,2400
MFApB,14-Jul-2026,20.37,20.37,20.2438,20.25,11516
MFApC,14-Jul-2026,23.43,23.5,23.31,23.5,16158
MFC,14-Jul-2026,41.53,41.84,41.42,41.69,1384000
MFG,14-Jul-2026,10.6,10.785,10.545,10.57,3706200
MFM,14-Jul-2026,5.57,5.58,5.555,5.58,338100
MFSB,14-Jul-2026,24.76,24.8,24.76,24.76,152800
MFSG,14-Jul-2026,30.03,30.14,29.86,30.11,59100
MFSI,14-Jul-2026,32.54,32.66,32.47,32.53,206500
MFSM,14-Jul-2026,25.08,25.1,25.06,25.07,10400
MFSV,14-Jul-2026,29.22,29.2868,29.0637,29.1,57800
MG,14-Jul-2026,16.36,16.7,16.24,16.44,190200
MGA,14-Jul-2026,64.88,65.13,63.78,64.59,1036000
MGF,14-Jul-2026,2.8591,2.8591,2.82,2.84,55700
MGM,14-Jul-2026,47.3,47.39,46.52,46.67,2017300
MGR,14-Jul-2026,20.45,20.4801,20.2535,20.47,21100
MGRB,14-Jul-2026,16.82,16.82,16.67,16.81,9200
MGRD,14-Jul-2026,14.79,14.97,14.76,14.97,15700
MGRE,14-Jul-2026,22.96,23.09,22.84,23.005,44400
MGY,14-Jul-2026,26.92,27.01,26.28,26.68,1713600
MH,14-Jul-2026,10.15,10.68,9.93,10.08,1272500
MHD,14-Jul-2026,11.94,11.9773,11.895,11.97,528200
MHF,14-Jul-2026,7.14,7.15,7,7.06,40100
MHK,14-Jul-2026,110.22,110.32,106.735,109.92,1024700
MHLA,14-Jul-2026,10.57,10.64,10.57,10.64,3000
MHNC,14-Jul-2026,11.6,11.7,11.6,11.645,800
MHO,14-Jul-2026,147.15,148.54,144.17,148.11,215400
MIAX,14-Jul-2026,41.91,42.99,40.8,41.3,1333300
MICC,14-Jul-2026,18.46,18.71,18.3,18.51,1431000
MIN,14-Jul-2026,2.46,2.47,2.45,2.45,89900
MIR,14-Jul-2026,16.43,16.72,16.14,16.29,2935500
MIT-A,14-Jul-2026,21.67,21.841,21.475,21.475,5200
MIT-B,14-Jul-2026,20.69,20.69,20.43,20.5,6200
MIT-C,14-Jul-2026,25.19,25.19,25.135,25.135,1600
MITN,14-Jul-2026,25.74,25.74,25.55,25.67,8600
MITP,14-Jul-2026,25.65,25.665,25.55,25.62,14400
MITT,14-Jul-2026,7.7,7.77,7.67,7.71,117700
MITTpA,14-Jul-2026,21.67,21.841,21.475,21.475,4221
MITTpB,14-Jul-2026,20.69,20.69,20.43,20.43,3904
MITTpC,14-Jul-2026,25.19,25.19,25.135,25.135,906
MIY,14-Jul-2026,12.43,12.4602,12.314,12.392,37200
MKC,14-Jul-2026,53.38,53.73,52.82,52.85,2670000
MKC.V,14-Jul-2026,53.22,54.8587,52.66,52.81,2500
MKL,14-Jul-2026,1959.28,1973.414,1941.32,1943.22,70400
MLI,14-Jul-2026,57.5,58.56,57.16,58.39,2148200
MLM,14-Jul-2026,576.54,586.06,572.315,573.75,403100
MLP,14-Jul-2026,16.145,16.45,16.145,16.31,7900
MLR,14-Jul-2026,49.08,49.5,48.5653,49.02,105000
MMD,14-Jul-2026,15.29,15.38,15.29,15.38,44000
MMI,14-Jul-2026,30.21,30.79,29.87,29.87,137200
MMID,14-Jul-2026,26.4638,26.4638,26.4638,26.4638,100
MMK,14-Jul-2026,100.14,100.14,100.13,100.135,700
MMKT,14-Jul-2026,100.2,100.22,100.2,100.21,8300
MMM,14-Jul-2026,158.77,159.77,155.92,156.58,3579200
MMS,14-Jul-2026,57.06,58.48,56.76,57.6,607800
MMT,14-Jul-2026,4.42,4.43,4.415,4.43,177600
MMU,14-Jul-2026,10.4,10.45,10.36,10.4,177200
MNR,14-Jul-2026,13.1,13.16,12.975,13.11,347300
MNSO,14-Jul-2026,11.54,11.63,11.505,11.53,522700
MNTN,14-Jul-2026,10.1,10.56,10.02,10.13,1234000
MO,14-Jul-2026,71.93,71.95,69.9,70.16,5956800
MOD,14-Jul-2026,237.59,247.5,227.765,229.57,1367500
MOG.A,14-Jul-2026,396.17,406.21,388.34,391.5,224600
MOG.B,14-Jul-2026,398.35,398.35,389.6,389.6,400
MOGU,14-Jul-2026,1.89,1.89,1.66,1.84,11500
MOH,14-Jul-2026,244.89,244.89,236.695,241.56,1338900
MOS,14-Jul-2026,22.64,23.085,22.42,22.94,8429700
MOV,14-Jul-2026,38.41,38.45,37.65,37.81,180400
MP,14-Jul-2026,50.85,51.38,50.41,50.79,3142600
MPA,14-Jul-2026,11.31,11.41,11.31,11.385,21900
MPC,14-Jul-2026,300,303.69,296.72,303.4,2266000
MPLX,14-Jul-2026,57.42,57.5976,56.45,56.51,1821400
MPT,14-Jul-2026,4.48,4.62,4.43,4.61,8304300
MPV,14-Jul-2026,16.12,16.165,15.79,16,14200
MQY,14-Jul-2026,11.61,11.66,11.58,11.64,667400
MRK,14-Jul-2026,123.3,123.66,120.16,120.78,9932900
MRP,14-Jul-2026,28.32,28.4543,27.92,28.33,1219500
MRSH,14-Jul-2026,178.78,180.8,178.02,178.05,3233800
MS,14-Jul-2026,224.32,232.11,224.1,227.67,9306100
MS-A,14-Jul-2026,18.9,19,18.9,18.99,72800
MS-E,14-Jul-2026,25.32,25.35,25.3,25.3,43700
MS-F,14-Jul-2026,25.18,25.19,25.15,25.15,23000
MS-I,14-Jul-2026,24.9,24.9799,24.9,24.92,39200
MS-K,14-Jul-2026,23.34,23.5,23.3,23.39,77000
MS-L,14-Jul-2026,19.25,19.29,19.22,19.24,69000
MS-O,14-Jul-2026,16.68,16.8,16.68,16.69,78000
MS-P,14-Jul-2026,25.06,25.09,25.05,25.05,38300
MS-Q,14-Jul-2026,25.4,25.42,25.2949,25.38,25700
MSA,14-Jul-2026,169.52,171.58,167.65,167.83,193600
MSB,14-Jul-2026,25.58,26.4,25.43,25.46,25100
MSC,14-Jul-2026,1.7747,1.875,1.75,1.75,2300
MSCI,14-Jul-2026,610,613.8099,602.1603,611.43,483800
MSD,14-Jul-2026,7.32,7.3399,7.29,7.31,79100
MSDL,14-Jul-2026,15.41,15.595,15.41,15.52,334500
MSGE,14-Jul-2026,75.6,76.01,73.4,73.65,340700
MSGS,14-Jul-2026,387.05,389.0799,382.06,384.23,220000
MSI,14-Jul-2026,414.67,417.12,412.43,413.71,765400
MSIF,14-Jul-2026,11.47,11.6,11.36,11.43,234000
MSM,14-Jul-2026,124.69,125.35,121.275,124.11,820900
MSpA,14-Jul-2026,18.9,19,18.9,18.99,66146
MSpE,14-Jul-2026,25.32,25.35,25.3,25.3,36653
MSpF,14-Jul-2026,25.18,25.19,25.15,25.15,19553
MSpI,14-Jul-2026,24.9,24.9799,24.9,24.92,35040
MSpK,14-Jul-2026,23.34,23.5,23.3,23.385,70162
MSpL,14-Jul-2026,19.25,19.29,19.22,19.24,54339
MSpO,14-Jul-2026,16.68,16.8,16.68,16.69,69563
MSpP,14-Jul-2026,25.06,25.09,25.05,25.05,33869
MSpQ,14-Jul-2026,25.4,25.42,25.2949,25.38,22456
MT,14-Jul-2026,67.92,67.95,66.77,66.99,2427400
MTA.U,14-Jul-2026,10.72,10.72,10.72,10.72,1200
MTAL,14-Jul-2026,10.13,10.22,10.12,10.22,14900
MTB,14-Jul-2026,242.6,246.48,240.74,241.85,1281700
MTB-H,14-Jul-2026,25.11,25.15,25.05,25.15,98400
MTB-J,14-Jul-2026,26.1,26.1899,26.06,26.1,25500
MTB-K,14-Jul-2026,24.6,24.65,24.47,24.54,17400
MTBpH,14-Jul-2026,25.11,25.15,25.05,25.15,94297
MTBpJ,14-Jul-2026,26.1,26.1899,26.06,26.1,20057
MTD,14-Jul-2026,1298.61,1317.45,1287.08,1314.83,146800
MTDR,14-Jul-2026,53.26,53.73,52.01,52.48,1263400
MTG,14-Jul-2026,28.29,28.91,28.29,28.55,1991300
MTH,14-Jul-2026,75.03,75.225,72.53,73.72,1159800
MTN,14-Jul-2026,151.31,152.0669,143.008,147.64,832400
MTN.U,14-Jul-2026,10.01,10.01,10.01,10.01,1000
MTN.W,14-Jul-2026,0.36,0.36,0.36,0.36,6700
MTNE,14-Jul-2026,9.86,9.86,9.84,9.84,1300
MTR,14-Jul-2026,3.2,3.2,3.135,3.16,10700
MTRN,14-Jul-2026,255.59,257.77,246.61,253.27,221400
MTUS,14-Jul-2026,19.72,19.98,19.3,19.3,385100
MTW,14-Jul-2026,12.92,13.2,12.6401,12.69,157200
MTX,14-Jul-2026,72.69,73.44,71.8701,72.32,184000
MTZ,14-Jul-2026,369.95,376.87,361.12,365.1,703200
MUA,14-Jul-2026,10.9,10.95,10.89,10.94,78400
MUC,14-Jul-2026,11.01,11.04,10.96,11.02,418100
MUFG,14-Jul-2026,22.31,22.775,22.27,22.5,5126000
MUJ,14-Jul-2026,12.38,12.4,12.35,12.35,89100
MUR,14-Jul-2026,35.05,35.5,34.38,34.97,1388000
MUSA,14-Jul-2026,601.65,616.215,599.05,611.81,265200
MUSE,14-Jul-2026,49.685,49.685,49.685,49.685,100
MUX,14-Jul-2026,18.18,18.48,17.7705,17.85,620400
MVO,14-Jul-2026,0.66,0.85,0.66,0.8291,845800
MWA,14-Jul-2026,24.76,24.94,24.54,24.7,926500
MX,14-Jul-2026,3.83,3.98,3.8,3.89,1009400
MXE,14-Jul-2026,13.3,13.3,13.3,13.3,100
MXF,14-Jul-2026,21.37,21.795,21.3,21.57,35400
MYE,14-Jul-2026,30.89,31.24,30.4,30.85,488300
MYI,14-Jul-2026,11.04,11.1,11,11.07,294800
MYN,14-Jul-2026,10.1,10.18,10.1,10.16,137300
MZYX,14-Jul-2026,10.04,10.04,10,10.015,3200
NABL,14-Jul-2026,4.24,4.555,4.21,4.51,1622900
NAC,14-Jul-2026,12.09,12.14,12.08,12.11,515000
NAD,14-Jul-2026,11.97,12.03,11.95,11.99,707300
NAN,14-Jul-2026,11.71,11.73,11.7,11.71,18400
NAT,14-Jul-2026,6.12,6.38,6.12,6.29,2954800
NATL,14-Jul-2026,45.6,45.78,45.35,45.7,295700
NAZ,14-Jul-2026,12.64,12.73,12.527,12.64,21700
NBB,14-Jul-2026,15.63,15.63,15.52,15.56,25500
NBHC,14-Jul-2026,44.7,45.15,44.53,45.01,273500
NBR,14-Jul-2026,85.16,86.6,82.73,83.55,236000
NBXG,14-Jul-2026,15.81,15.94,15.7,15.92,189900
NC,14-Jul-2026,46.245,47.62,46.245,47.53,8900
NCA,14-Jul-2026,9.36,9.37,9.33,9.35,43800
NCDL,14-Jul-2026,12.71,12.88,12.69,12.81,61200
NCLH,14-Jul-2026,19.5,19.71,19.32,19.46,8060200
NCV,14-Jul-2026,16.85,16.99,16.61,16.75,107900
NCV-A,14-Jul-2026,20.68,20.79,20.68,20.7843,3200
NCVpA,14-Jul-2026,20.79,20.79,20.68,20.7843,2999
NCZ,14-Jul-2026,15.35,15.54,15.12,15.29,86600
NCZ-A,14-Jul-2026,20.25,20.4,20.25,20.4,3600
NCZpA,14-Jul-2026,20.25,20.4,20.25,20.4,3088
NDMO,14-Jul-2026,10.35,10.39,10.3,10.38,157700
NE,14-Jul-2026,42.21,42.43,41.18,41.68,1613500
NEA,14-Jul-2026,11.61,11.66,11.59,11.65,792100
NEE,14-Jul-2026,89.24,89.86,88.8,89.54,10677700
NEE-N,14-Jul-2026,21.95,22,21.8501,21.91,59900
NEE-S,14-Jul-2026,54.37,54.54,54.24,54.36,424800
NEE-T,14-Jul-2026,50.27,50.93,50.27,50.91,62200
NEE-U,14-Jul-2026,24.45,24.51,24.31,24.46,137400
NEE-V,14-Jul-2026,48.59,48.74,48.45,48.63,124700
NEE-W,14-Jul-2026,24.46,24.47,24.3,24.4,40700
NEEpN,14-Jul-2026,21.95,22,21.8501,21.91,51941
NEEpS,14-Jul-2026,54.37,54.54,54.24,54.36,19370
NEEpT,14-Jul-2026,50.27,50.93,50.27,50.91,6131
NEEpU,14-Jul-2026,24.31,24.51,24.31,24.42,129806
NEM,14-Jul-2026,97.81,98.19,94.25,94.75,7397600
NET,14-Jul-2026,268,284.63,266.01,281.75,3983600
NEU,14-Jul-2026,764.28,774.055,732.68,733.67,116500
NEXA,14-Jul-2026,14.47,14.6,14.05,14.52,434300
NFG,14-Jul-2026,80.57,81.02,79.3,79.86,545900
NFJ,14-Jul-2026,15.15,15.26,15.09,15.13,166900
NGG,14-Jul-2026,83.79,84.15,83.38,83.41,727000
NGL,14-Jul-2026,15.97,15.97,14.56,15.36,93500
NGL-B,14-Jul-2026,25.25,25.42,25.24,25.26,15200
NGL-C,14-Jul-2026,25.44,25.47,25.44,25.45,1000
NGLpB,14-Jul-2026,25.25,25.42,25.24,25.26,13312
NGLpC,14-Jul-2026,25.44,25.47,25.44,25.45,600
NGS,14-Jul-2026,40.82,42.29,40.62,41.3,169700
NGVC,14-Jul-2026,32.51,32.64,32.04,32.09,84100
NGVT,14-Jul-2026,72.5,73.2,71.29,72.94,324700
NHI,14-Jul-2026,75.97,76.3397,75.185,76.12,313400
NI,14-Jul-2026,47.47,47.54,46.51,46.62,5131300
NIC,14-Jul-2026,165.45,166.08,163.56,164.68,184000
NIE,14-Jul-2026,26.64,26.86,26.44,26.66,46700
NIM,14-Jul-2026,9.35,9.5,9.35,9.5,60300
NIO,14-Jul-2026,5.15,5.18,4.98,5.01,23121600
NIQ,14-Jul-2026,10.75,11.24,10.6,11.05,1617600
NJR,14-Jul-2026,59.48,59.59,58.73,58.76,416000
NKE,14-Jul-2026,44.31,44.492,42.47,42.86,13090200
NKX,14-Jul-2026,12.62,12.68,12.58,12.64,213800
NL,14-Jul-2026,5.97,6.105,5.97,5.99,17200
NLOP,14-Jul-2026,11.18,11.4714,11.18,11.37,77700
NLY,14-Jul-2026,22.77,23.09,22.56,23.01,5962300
NLY-F,14-Jul-2026,25.7,25.77,25.7,25.75,34900
NLY-G,14-Jul-2026,24.81,25,24.81,24.9748,37900
NLY-I,14-Jul-2026,25.66,25.72,25.66,25.72,12700
NLY-J,14-Jul-2026,25.75,25.81,25.73,25.79,36400
NLYpF,14-Jul-2026,25.7,25.77,25.7,25.75,31996
NLYpG,14-Jul-2026,24.81,25,24.81,24.9748,35404
NLYpI,14-Jul-2026,25.66,25.72,25.66,25.72,10025
NLYpJ,14-Jul-2026,25.75,25.81,25.73,25.79,34783
NMAI,14-Jul-2026,14.18,14.23,14.15,14.23,82400
NMAX,14-Jul-2026,8.31,8.605,8.16,8.31,500600
NMCO,14-Jul-2026,10.84,10.93,10.82,10.92,181700
NMG,14-Jul-2026,1.53,1.575,1.53,1.55,314600
NMI,14-Jul-2026,10.8,10.8,10.7707,10.7819,7300
NMM,14-Jul-2026,75.88,76.845,74.12,74.52,127100
NMR,14-Jul-2026,9.69,9.91,9.69,9.75,1183900
NMS,14-Jul-2026,12.15,12.1779,12.15,12.1779,2000
NMT,14-Jul-2026,12.75,12.75,12.675,12.72,22100
NMZ,14-Jul-2026,10.44,10.48,10.41,10.45,724700
NNI,14-Jul-2026,131.79,133.1,131.5,131.87,92100
NNN,14-Jul-2026,47.45,47.56,47.08,47.36,1190800
NNY,14-Jul-2026,8.66,8.87,8.66,8.71,23200
NOA,14-Jul-2026,13.61,13.77,13.38,13.45,31700
NOAH,14-Jul-2026,8.7,8.85,8.7,8.77,68200
NOC,14-Jul-2026,536.88,544.11,527.94,528.67,773500
NOG,14-Jul-2026,20.22,20.48,19.86,20.14,2937300
NOK,14-Jul-2026,11.93,11.94,11.49,11.7,87527000
NOMD,14-Jul-2026,11.5,11.52,11.4,11.5,1566600
NOV,14-Jul-2026,19.47,19.53,18.99,19.3,2387500
NOW,14-Jul-2026,103.74,107.96,102.61,104.85,23213000
NP,14-Jul-2026,31.87,32.5,31.726,31.79,376100
NPB,14-Jul-2026,18.71,19.2399,18.615,18.63,136100
NPCT,14-Jul-2026,9.95,10.043,9.88,9.96,126700
NPFD,14-Jul-2026,18.76,18.9035,18.76,18.8,46200
NPK,14-Jul-2026,122.63,123.9925,120.97,122.75,91900
NPKI,14-Jul-2026,14.51,14.85,14.49,14.51,839800
NPO,14-Jul-2026,334.56,336.33,325.99,332.14,205000
NPV,14-Jul-2026,11.38,11.445,11.38,11.44,78300
NPW.W,14-Jul-2026,0.2,0.2201,0.18,0.2201,20900
NPWR,14-Jul-2026,1.46,1.535,1.445,1.47,971600
NPWR.WS,14-Jul-2026,0.2,0.2201,0.18,0.2201,20575
NRDY,14-Jul-2026,0.89,0.9587,0.863,0.8763,319900
NRE-A,14-Jul-2026,24.86,25.04,24.76,24.99,1700
NREF,14-Jul-2026,16.42,16.74,16.42,16.59,35500
NREFpA,14-Jul-2026,24.86,25.04,24.76,25.04,1091
NRG,14-Jul-2026,142.66,144.73,136.86,138.36,1790700
NRGV,14-Jul-2026,3.42,3.48,3.32,3.35,4303600
NRK,14-Jul-2026,10.72,10.79,10.69,10.76,353700
NRP,14-Jul-2026,100.49,100.61,97.77,98.49,32300
NRT,14-Jul-2026,7.89,8,7.34,7.49,91900
NRUC,14-Jul-2026,22.61,22.75,22.56,22.62,14400
NSA,14-Jul-2026,45.28,45.44,44.69,44.74,2460500
NSA-A,14-Jul-2026,22.59,22.6699,22.5799,22.6671,10100
NSA-B,14-Jul-2026,23.78,23.78,23.4,23.4,400
NSApA,14-Jul-2026,22.59,22.6699,22.5799,22.6671,8239
NSC,14-Jul-2026,326.01,329.38,325.335,326.83,866700
NSP,14-Jul-2026,46.97,48.31,45.62,47.5,1175200
NTB,14-Jul-2026,60.64,61.05,60.32,60.58,123000
NTEST.H,14-Jul-2026,25.04,25.04,25.04,25.04,320
NTEST.I,14-Jul-2026,25.04,25.04,25.04,25.04,440
NTEST.Y,14-Jul-2026,24.99,24.99,24.99,24.99,180
NTR,14-Jul-2026,68.09,69.235,68.01,68.64,2406400
NTST,14-Jul-2026,21.57,21.81,21.35,21.4,1029800
NTZ,14-Jul-2026,1.6,1.68,1.6,1.64,5600
NU,14-Jul-2026,13.76,14.28,13.74,13.99,152753200
NUE,14-Jul-2026,236.49,236.79,233.175,234.16,903200
NUS,14-Jul-2026,5.24,5.27,4.945,4.97,724600
NUV,14-Jul-2026,9.19,9.2,9.05,9.2,530200
NUVB,14-Jul-2026,5.79,6.115,5.743,5.9,7294700
NUW,14-Jul-2026,14.44,14.49,14.415,14.48,45800
NVG,14-Jul-2026,12.81,12.8659,12.7801,12.84,544500
NVGS,14-Jul-2026,20.6,21.2,20.6,21.08,480200
NVO,14-Jul-2026,48.775,49.27,48.292,49.07,6623600
NVR,14-Jul-2026,6475,6477.95,6307,6378.8,23200
NVRI,14-Jul-2026,23.08,23.3899,22.345,22.55,230400
NVS,14-Jul-2026,152.08,152.44,150.33,150.36,1239800
NVST,14-Jul-2026,26.04,26.24,25.52,26.11,2382000
NVT,14-Jul-2026,163,165.99,160.32,161.78,1620300
NWA.U,14-Jul-2026,10.43,10.46,10.43,10.46,2000
NWA.W,14-Jul-2026,0.7,0.7,0.65,0.65,20300
NWAX,14-Jul-2026,10.14,10.14,10.1328,10.135,5000
NWG,14-Jul-2026,17.4,17.58,17.215,17.23,6120500
NWN,14-Jul-2026,51.32,51.485,50.56,50.56,176200
NX,14-Jul-2026,17.23,17.585,17.03,17.18,285500
NXD-A,14-Jul-2026,13.19,13.2,13.16,13.2,10300
NXDR,14-Jul-2026,2.36,2.51,2.3501,2.5,4253300
NXDT,14-Jul-2026,5.38,5.77,5.31,5.76,345300
NXDTpA,14-Jul-2026,13.19,13.2,13.16,13.2,10023
NXE,14-Jul-2026,9.31,9.485,9.24,9.36,4387900
NXG,14-Jul-2026,63.75,63.945,62.74,63.24,216600
NXP,14-Jul-2026,14.4,14.56,14.38,14.47,166000
NXRT,14-Jul-2026,27.71,27.9091,27.13,27.13,257000
NYC,14-Jul-2026,8.4,8.43,8.17,8.41,14800
NYT,14-Jul-2026,74.5,74.52,72.77,72.98,1378500
NZF,14-Jul-2026,12.59,12.635,12.56,12.63,575700
O,14-Jul-2026,64.08,64.45,63.77,63.77,5126600
OAK-A,14-Jul-2026,21.15,21.15,21,21.1,1100
OAK-B,14-Jul-2026,20.76,20.95,20.76,20.95,16200
OAKpA,14-Jul-2026,21.15,21.15,21,21.1,677
OAKpB,14-Jul-2026,20.76,20.95,20.76,20.95,10397
OBDC,14-Jul-2026,10.96,11.07,10.9107,10.99,3197200
OBK,14-Jul-2026,50.96,51.3,50.71,50.83,140300
OC,14-Jul-2026,145.23,145.34,141.06,142.86,571500
OCA.U,14-Jul-2026,10.26,10.27,10.26,10.27,3100
ODC,14-Jul-2026,106.5,106.87,102.48,103.84,153400
ODV,14-Jul-2026,2.46,2.46,2.375,2.38,1275400
OEC,14-Jul-2026,6.08,6.31,6.03,6.09,596500
OFG,14-Jul-2026,49.99,50.36,49.685,49.85,205600
OFRM,14-Jul-2026,18.4,18.675,17.6,17.63,420000
OGC,14-Jul-2026,24.99,25.28,23.47,23.69,442600
OGE,14-Jul-2026,49.54,50.15,49.21,49.5,2000900
OGN,14-Jul-2026,13.5,13.51,13.49,13.5,2040200
OGS,14-Jul-2026,80.46,80.98,79.02,79.15,567700
OHI,14-Jul-2026,48.4,48.68,48.16,48.29,1308400
OI,14-Jul-2026,9.26,9.4,8.305,8.45,11861500
OIA,14-Jul-2026,6.16,6.25,6.15,6.21,171000
OII,14-Jul-2026,43.96,44.22,42.54,43.28,756800
OIS,14-Jul-2026,8.52,8.64,8.33,8.42,594800
OKE,14-Jul-2026,92.05,93.1309,90.6,91.9,3040900
OKLO,14-Jul-2026,46.96,47.4172,45.44,46.24,6568200
OLN,14-Jul-2026,21.74,21.98,21.26,21.66,3009200
OLP,14-Jul-2026,24.74,25.24,24.41,24.5,55900
OMC,14-Jul-2026,81.5,82.55,80.61,80.75,3012400
OMF,14-Jul-2026,59.03,60.205,59.03,59.96,1337700
ONIT,14-Jul-2026,38.54,39.23,38.16,38.53,74300
ONL,14-Jul-2026,2.75,2.75,2.66,2.66,199800
ONON,14-Jul-2026,37.5,38.46,37.5,37.74,2709300
ONT,14-Jul-2026,19.92,20.81,19.68,20.63,525400
ONTO,14-Jul-2026,324.56,327.49,314.28,319.32,1051800
OOMA,14-Jul-2026,20.16,20.7599,20.02,20.54,431400
OPAD,14-Jul-2026,4.67,4.88,4.67,4.81,21800
OPFI,14-Jul-2026,9.21,9.254,9.06,9.2,550800
OPLN,14-Jul-2026,39.81,40.33,39.64,40.31,426800
OPP,14-Jul-2026,7.72,7.73,7.7,7.71,34400
OPP-A,14-Jul-2026,16.22,16.2242,16.14,16.195,5100
OPP-B,14-Jul-2026,17.53,17.53,17.39,17.39,4400
OPPpA,14-Jul-2026,16.22,16.2242,16.14,16.195,4206
OPPpB,14-Jul-2026,17.53,17.53,17.39,17.39,4200
OPTU,14-Jul-2026,1.06,1.09,0.9512,1.01,4522200
OPY,14-Jul-2026,117.04,123.24,116.3,118.29,105100
OR,14-Jul-2026,29.56,29.7,28.72,28.9,1100500
ORA,14-Jul-2026,108.88,109.81,107.27,107.36,747600
ORC,14-Jul-2026,6.8,6.905,6.78,6.83,7067700
ORC-D,14-Jul-2026,41.41,41.41,39.975,39.995,1401600
ORCL,14-Jul-2026,132,132.76,127.6,127.94,52670400
ORI,14-Jul-2026,41.92,42.14,41.335,41.39,1194400
ORN,14-Jul-2026,13.52,13.82,13.455,13.6,321700
OSCR,14-Jul-2026,32,32.3193,30.155,31.07,3498200
OSG,14-Jul-2026,6.04,6.195,6,6.12,280300
OSK,14-Jul-2026,148.46,148.72,143.7,145.75,841200
OTA-,14-Jul-2026,0.194,0.194,0.194,0.194,400
OTA.U,14-Jul-2026,10.15,10.15,10.064,10.11,9000
OTAI,14-Jul-2026,9.94,9.94,9.9257,9.94,3100
OTF,14-Jul-2026,10.23,10.345,10.21,10.28,1711000
OTIS,14-Jul-2026,73.43,73.86,72.145,72.56,3085000
OUT,14-Jul-2026,33.31,33.5997,32.745,33.15,973900
OVV,14-Jul-2026,56.86,57.3,55.66,56.31,2940500
OWL,14-Jul-2026,9.31,9.625,9.22,9.62,12732900
OWLT,14-Jul-2026,6.5,6.635,6.27,6.38,219000
OXM,14-Jul-2026,36.76,37.59,35.89,37.23,433000
OXY,14-Jul-2026,55,55.49,53.81,54.57,11115100
OXY.W,14-Jul-2026,33.29,33.29,31.93,32.63,35600
OXY.WS,14-Jul-2026,33.29,33.29,31.93,32.63,19505
P,14-Jul-2026,76.81,78.345,75.68,77.03,2354100
PAAS,14-Jul-2026,44,44.26,43.165,43.51,4407400
PAC,14-Jul-2026,232.44,234.79,220.64,225.95,205100
PACK,14-Jul-2026,7.09,7.15,6.81,6.91,305500
PACS,14-Jul-2026,43.32,45.19,43,44.95,1274600
PAG,14-Jul-2026,194.61,195.5,190.395,193.55,281000
PAGS,14-Jul-2026,9.29,9.3784,9.14,9.28,2003000
PAI,14-Jul-2026,12.06,12.11,12.06,12.09,5600
PAI.W,14-Jul-2026,0.535,0.55,0.53,0.5301,5900
PAII,14-Jul-2026,10.23,10.2391,10.23,10.2391,25500
PAII.WS,14-Jul-2026,0.535,0.55,0.53,0.5301,5693
PAM,14-Jul-2026,84.11,84.69,82.97,84.11,82000
PAR,14-Jul-2026,16.67,16.995,16.48,16.5,593900
PARR,14-Jul-2026,72.46,73.8,71.615,73.55,938300
PATH,14-Jul-2026,11.31,12.11,11.175,11.94,85806700
PAXS,14-Jul-2026,14.5,14.555,14.4,14.47,161600
PAY,14-Jul-2026,28.3,29.04,28.27,28.28,910800
PAYC,14-Jul-2026,140.34,145.0899,140.2,143.67,511500
PB,14-Jul-2026,72.67,73.06,72.121,72.5,1106200
PBA,14-Jul-2026,49.85,50.13,49.505,49.99,972400
PBF,14-Jul-2026,58.3,61.015,57.86,60.89,3856500
PBH,14-Jul-2026,48.22,48.24,47.03,47.19,412000
PBI,14-Jul-2026,18.09,18.2,17.71,17.77,1347300
PBI-B,14-Jul-2026,20.4,20.65,20.32,20.47,12000
PBIpB,14-Jul-2026,20.4,20.65,20.32,20.47,9768
PBR,14-Jul-2026,18.07,18.155,17.785,17.92,13028000
PBR.A,14-Jul-2026,16.16,16.21,15.84,16.05,7691800
PBT,14-Jul-2026,28.08,28.9,27.48,27.91,91300
PCF,14-Jul-2026,5.4,5.45,5.4,5.43,28600
PCG,14-Jul-2026,17.6,17.81,17.3,17.44,14800300
PCG-X,14-Jul-2026,42.84,43,42.41,42.63,23800
PCGpX,14-Jul-2026,42.84,43,42.41,42.63,7685
PCM,14-Jul-2026,5.78,5.79,5.6584,5.7,49400
PCN,14-Jul-2026,11.7,11.71,11.6,11.62,376200
PCOR,14-Jul-2026,41.83,44.04,41.2001,43.04,1709300
PCQ,14-Jul-2026,8.87,8.9125,8.84,8.88,136900
PD,14-Jul-2026,10.11,11.29,10.08,10.99,2326700
PDCC,14-Jul-2026,9.66,9.68,9.37,9.58,9000
PDI,14-Jul-2026,16.41,16.45,16.25,16.25,3323100
PDM,14-Jul-2026,9.52,9.609,9.37,9.55,656100
PDO,14-Jul-2026,13.1,13.1383,12.985,13.02,631100
PDPA,14-Jul-2026,25.25,25.25,25.1669,25.2201,1000
PDS,14-Jul-2026,83.43,85.28,81.835,82.84,98100
PDT,14-Jul-2026,12.96,13,12.93,12.99,67900
PDX,14-Jul-2026,21.3,21.415,21.1,21.19,88100
PEB,14-Jul-2026,18.54,18.72,18.2,18.7,2234800
PEB-E,14-Jul-2026,19.92,20.2399,19.9,20.2399,800
PEB-F,14-Jul-2026,20.225,20.225,20.225,20.225,900
PEB-G,14-Jul-2026,20.47,20.47,20.325,20.35,3000
PEB-H,14-Jul-2026,18.15,18.15,18,18.08,4700
PEBpE,14-Jul-2026,19.92,20.2399,19.9,20.2399,551
PEBpF,14-Jul-2026,20.225,20.225,20.225,20.225,100
PEBpG,14-Jul-2026,20.47,20.47,20.325,20.35,1875
PEBpH,14-Jul-2026,18.15,18.15,18,18.08,4308
PEG,14-Jul-2026,81.15,81.65,80.45,80.5,2193700
PEN,14-Jul-2026,317.32,317.62,316.01,316.26,661500
PEO,14-Jul-2026,26,26.274,25.96,26.05,36700
PERF,14-Jul-2026,1.92,1.93,1.91,1.93,481200
PEW,14-Jul-2026,2.78,2.8,2.66,2.67,413800
PEW.W,14-Jul-2026,0.4951,0.5107,0.466,0.466,5900
PEW.WS,14-Jul-2026,0.4951,0.5107,0.466,0.466,5773
PFD,14-Jul-2026,11.51,11.6,11.51,11.59,37500
PFE,14-Jul-2026,24.37,24.43,24.135,24.25,40863300
PFGC,14-Jul-2026,113.92,114.235,112.1,112.99,1608500
PFH,14-Jul-2026,16.22,16.33,16.22,16.3,55300
PFL,14-Jul-2026,7.73,7.79,7.7284,7.76,321200
PFLA,14-Jul-2026,25.19,25.2399,25.16,25.2,16900
PFLT,14-Jul-2026,7.1,7.24,7.09,7.18,913900
PFN,14-Jul-2026,7.09,7.115,7.08,7.1,746800
PFO,14-Jul-2026,9.2,9.24,9.2,9.2201,19200
PFS,14-Jul-2026,23.54,23.66,23.35,23.53,701500
PFSI,14-Jul-2026,82.6,83.5,81.795,82.91,268600
PG,14-Jul-2026,148.37,148.7532,145.59,146.08,7668000
PGP,14-Jul-2026,8.7,8.7799,8.6753,8.72,34800
PGR,14-Jul-2026,229.5,231.585,225.77,226.58,3226700
PGZ,14-Jul-2026,10.33,10.39,10.32,10.36,9600
PH,14-Jul-2026,963.02,966.4816,953.1,964.55,409100
PHG,14-Jul-2026,26.72,26.755,25.985,26.06,1459000
PHI,14-Jul-2026,18.7,19.36,18.7,19.24,320400
PHIN,14-Jul-2026,78.33,78.45,77,78.25,189900
PHK,14-Jul-2026,4.65,4.69,4.64,4.64,1266900
PHM,14-Jul-2026,125.79,126.18,122.6,124.56,1743400
PHR,14-Jul-2026,10.7,10.875,10.6,10.74,591700
PII,14-Jul-2026,68,68.85,65.935,67.5,601000
PIM,14-Jul-2026,3.15,3.18,3.13,3.17,121700
PIN-A,14-Jul-2026,25.1,25.115,25.08,25.092,4300
PINE,14-Jul-2026,20.38,20.77,20.37,20.61,108300
PINS,14-Jul-2026,22.12,22.735,21.97,22.61,8484400
PIPR,14-Jul-2026,72.9,75.22,72.83,74.94,495100
PJT,14-Jul-2026,156.67,165.62,156.67,164.7,970800
PK,14-Jul-2026,14.29,14.51,14.195,14.48,3086800
PKE,14-Jul-2026,33.82,34.78,33.41,33.52,208600
PKG,14-Jul-2026,228.25,228.25,223.55,225.76,408400
PKX,14-Jul-2026,51.83,52.1323,51.2901,51.61,507600
PL,14-Jul-2026,26.18,26.8,25.41,25.56,5309200
PLD,14-Jul-2026,142,143.41,141.58,142.49,3588400
PLGO,14-Jul-2026,25.37,25.5,25.189,25.23,266400
PLNT,14-Jul-2026,50.35,51.27,49.935,50.9,1688100
PLOW,14-Jul-2026,43.91,44.4,43.08,43.5,342100
PLU.U,14-Jul-2026,10.12,10.12,10.12,10.12,4400
PM,14-Jul-2026,180.68,181.995,175.84,175.95,4625700
PML,14-Jul-2026,7.56,7.56,7.52,7.55,255200
PMM,14-Jul-2026,6.51,6.57,6.505,6.55,54600
PMMF,14-Jul-2026,100.31,100.32,100.305,100.31,185100
PMO,14-Jul-2026,10.71,10.7988,10.7,10.79,36500
PMT,14-Jul-2026,10.16,10.29,10.11,10.12,1411400
PMT-A,14-Jul-2026,22.6,22.655,22.51,22.6,4300
PMT-B,14-Jul-2026,22.77,22.9,22.77,22.8101,7300
PMT-C,14-Jul-2026,17.81,18.012,17.81,17.955,19200
PMTpA,14-Jul-2026,22.6,22.655,22.51,22.6,3743
PMTpB,14-Jul-2026,22.77,22.9,22.77,22.8101,6674
PMTpC,14-Jul-2026,17.81,18.012,17.81,17.955,17457
PMTU,14-Jul-2026,25.51,25.63,25.51,25.63,1000
PMTV,14-Jul-2026,25.48,25.49,25.43,25.4678,12000
PMTW,14-Jul-2026,25.17,25.28,25.17,25.28,8800
PNC,14-Jul-2026,254.5,256.2164,249.325,251.88,2585500
PNF-A,14-Jul-2026,25.1,25.35,25.1,25.16,3100
PNF-B,14-Jul-2026,26.53,26.6,26.51,26.52,7800
PNF-C,14-Jul-2026,24.31,24.31,24.215,24.23,3000
PNFP,14-Jul-2026,99.87,101.2,99.06,100.63,819800
PNI,14-Jul-2026,7.02,7.04,7.01,7.04,77400
PNNT,14-Jul-2026,3.43,3.46,3.37,3.37,703300
PNR,14-Jul-2026,77.38,77.73,75.435,75.68,3347200
PNW,14-Jul-2026,109.43,109.73,108.375,109,754400
POR,14-Jul-2026,53.33,53.575,52.72,53.08,965800
POST,14-Jul-2026,87.03,87.775,84.53,85.12,815200
PPG,14-Jul-2026,115.55,116.385,113.01,114.66,1494100
PPL,14-Jul-2026,36.26,36.37,35.93,36.1,6749900
PPLC,14-Jul-2026,48.38,49.18,48.3,48.64,7100
PPT,14-Jul-2026,3.43,3.44,3.43,3.43,113500
PR,14-Jul-2026,19.79,19.86,19.43,19.59,13078900
PRCS,14-Jul-2026,28.49,28.577,28.4299,28.577,10100
PRG,14-Jul-2026,44.98,45.65,44.085,45.21,384500
PRGO,14-Jul-2026,10.1,10.2,9.81,9.9,2635000
PRH,14-Jul-2026,22.29,22.36,22.22,22.31,44500
PRI,14-Jul-2026,308.77,312.16,306.35,306.66,173700
PRI-D,14-Jul-2026,24.44,24.59,24.44,24.51,1000
PRI-K,14-Jul-2026,21.67,21.67,21.67,21.67,500
PRI-L,14-Jul-2026,24.45,24.45,24.37,24.3997,3000
PRIFpD,14-Jul-2026,24.44,24.59,24.44,24.51,800
PRIFpK,14-Jul-2026,21.67,21.67,21.67,21.67,401
PRIFpL,14-Jul-2026,24.45,24.45,24.37,24.3997,2700
PRIM,14-Jul-2026,86.9,89.4,86.44,88.63,1343500
PRKS,14-Jul-2026,47.37,47.51,46.31,46.88,397700
PRLB,14-Jul-2026,75.9,77.09,74.8,76.98,210300
PRM,14-Jul-2026,33.53,33.895,32.78,33.32,1111300
PRMB,14-Jul-2026,23.81,24.18,23.75,24.17,1886100
PRS,14-Jul-2026,22.1,22.25,22.1,22.21,64800
PRSU,14-Jul-2026,53.21,53.21,51.68,51.82,206500
PRT,14-Jul-2026,2.18,2.3,2.18,2.23,41700
PRU,14-Jul-2026,115.12,115.65,114.62,114.79,1347500
PRVS,14-Jul-2026,32.48,32.55,32.4199,32.4997,4200
PS,14-Jul-2026,33.85,36.41,33.54,35.37,166800
PSA,14-Jul-2026,324.1,324.58,318.93,318.93,1327800
PSA-F,14-Jul-2026,20.23,20.279,20.2,20.21,15400
PSA-G,14-Jul-2026,20.09,20.2,20.05,20.08,20100
PSA-H,14-Jul-2026,21.94,22.01,21.92,21.9201,15500
PSA-I,14-Jul-2026,18.86,18.9699,18.8301,18.89,8200
PSA-J,14-Jul-2026,18.06,18.13,18.06,18.075,7600
PSA-K,14-Jul-2026,18.68,18.68,18.5452,18.575,106400
PSA-L,14-Jul-2026,17.85,17.8856,17.79,17.845,29700
PSA-M,14-Jul-2026,15.79,15.89,15.76,15.79,15000
PSA-N,14-Jul-2026,14.94,15.0599,14.92,14.96,42700
PSA-O,14-Jul-2026,14.95,15.04,14.9201,15.04,5200
PSA-P,14-Jul-2026,15.47,15.508,15.36,15.445,27500
PSA-Q,14-Jul-2026,15.13,15.22,15.11,15.13,11900
PSA-R,14-Jul-2026,15.34,15.38,15.29,15.3428,27100
PSA-S,14-Jul-2026,15.69,15.8,15.67,15.79,31300
PSApF,14-Jul-2026,20.23,20.279,20.2,20.211,13592
PSApG,14-Jul-2026,20.09,20.2,20.05,20.08,16390
PSApH,14-Jul-2026,21.94,22.01,21.92,21.9201,11786
PSApI,14-Jul-2026,18.86,18.9699,18.8301,18.9,5843
PSApJ,14-Jul-2026,18.06,18.13,18.06,18.075,6998
PSApK,14-Jul-2026,18.68,18.68,18.5452,18.575,105067
PSApL,14-Jul-2026,17.85,17.8856,17.79,17.845,24880
PSApM,14-Jul-2026,15.79,15.89,15.76,15.79,13310
PSApN,14-Jul-2026,14.94,15.0599,14.92,14.96,41614
PSApO,14-Jul-2026,14.95,15.03,14.9201,15.03,3829
PSApP,14-Jul-2026,15.47,15.508,15.36,15.445,21854
PSApQ,14-Jul-2026,15.13,15.22,15.11,15.13,9993
PSApR,14-Jul-2026,15.34,15.38,15.29,15.3428,23514
PSApS,14-Jul-2026,15.69,15.8,15.67,15.79,29945
PSBD,14-Jul-2026,10.05,10.3,10.05,10.21,127300
PSE-A,14-Jul-2026,16.76,16.8999,16.5901,16.8899,3800
PSECpA,14-Jul-2026,16.76,16.8999,16.5901,16.8899,3022
PSF,14-Jul-2026,19.98,20.105,19.98,20.03,26200
PSFE,14-Jul-2026,8.02,8.12,7.84,8.02,179100
PSN,14-Jul-2026,54.39,54.92,53.81,54.03,772500
PSO,14-Jul-2026,17.02,17.285,16.34,16.57,3037300
PSQ.W,14-Jul-2026,0.0277,0.0277,0.0276,0.0277,18700
PSQH,14-Jul-2026,4.75,4.75,3.43,3.64,227900
PSQH.WS,14-Jul-2026,0.0277,0.0277,0.0276,0.0277,18626
PSTL,14-Jul-2026,23.86,24.03,23.75,23.8,242600
PSUS,14-Jul-2026,37.1,37.5714,36.91,37.29,361600
PSX,14-Jul-2026,200,201.655,198.46,201.45,2853300
PTA,14-Jul-2026,19.3,19.44,18.98,19.18,147100
PTY,14-Jul-2026,11.96,11.9678,11.81,11.81,1473300
PUK,14-Jul-2026,28.62,28.84,28.535,28.59,776500
PUMP,14-Jul-2026,13.6,13.85,13.332,13.75,2983500
PVH,14-Jul-2026,78.4,79.21,76.54,77.19,835400
PVL,14-Jul-2026,1.74,1.77,1.71,1.72,37600
PWR,14-Jul-2026,663.9,665.025,651.42,660.94,873900
PXED,14-Jul-2026,33.48,34.57,33.3701,34.57,180900
PYT,14-Jul-2026,23.7,23.7,23.7,23.7,400
Q,14-Jul-2026,145.8,147.88,140.01,141.67,1567600
QBTS,14-Jul-2026,18.92,19.255,18.65,18.95,15675400
QGEN,14-Jul-2026,40.47,41.82,40.19,41.56,2204200
QLE.W,14-Jul-2026,0.16,0.16,0.16,0.16,900
QLEP,14-Jul-2026,9.93,9.97,9.93,9.9625,10300
QRE-,14-Jul-2026,0.2999,0.2999,0.2639,0.28,7500
QRED,14-Jul-2026,9.98,9.98,9.98,9.98,4000
QSR,14-Jul-2026,75.41,76.42,74.56,74.61,4369400
QTWO,14-Jul-2026,50.8,52.48,50.55,51.75,655400
QUAD,14-Jul-2026,8.39,8.39,8.26,8.36,97900
QXO,14-Jul-2026,14.34,14.575,14.07,14.46,28160300
QXO-B,14-Jul-2026,42.25,43.1,42.15,42.96,23500
QXOpB,14-Jul-2026,42.25,43.1,42.15,42.96,19334
R,14-Jul-2026,268.77,269.79,263.54,268.06,251900
RA,14-Jul-2026,12.84,12.95,12.84,12.88,121300
RAC,14-Jul-2026,10.44,10.44,10.44,10.44,200
RACE,14-Jul-2026,370.76,373.63,369.09,369.16,281100
RAL,14-Jul-2026,68.33,69.03,66.78,67.54,1335300
RAMP,14-Jul-2026,37.79,38.2295,37.775,37.94,1114000
RBA,14-Jul-2026,109.58,109.87,108.32,109.16,741800
RBC,14-Jul-2026,594.5,601.24,585.76,588.18,128500
RBLX,14-Jul-2026,54.87,55.36,53.89,54.47,5298200
RBRK,14-Jul-2026,82.77,89.8,82.6743,88.05,3683200
RC,14-Jul-2026,1.63,1.64,1.605,1.63,1359100
RC-C,14-Jul-2026,11.49,11.4999,11.07,11.4999,300
RC-E,14-Jul-2026,11.98,12.02,11.9042,11.995,1400
RCD,14-Jul-2026,23.21,23.24,23.045,23.045,800
RCI,14-Jul-2026,33.31,33.57,32.89,32.92,1003800
RCL,14-Jul-2026,286.35,290,282.63,283.09,2263300
RCpC,14-Jul-2026,11.49,11.4999,11.07,11.4999,300
RCpE,14-Jul-2026,11.98,12.02,11.9042,11.995,1275
RCS,14-Jul-2026,5.27,5.34,5.25,5.26,120500
RCUS,14-Jul-2026,28.33,28.59,27.84,28.33,801900
RDDT,14-Jul-2026,197.18,204.89,197.18,203.27,2433300
RDN,14-Jul-2026,37.95,41.05,35.89,36.9,6349900
RDW,14-Jul-2026,9.9,10.2,9.52,9.74,13269200
RDY,14-Jul-2026,12.95,12.95,12.7,12.84,2514400
RELX,14-Jul-2026,32.38,33.11,32.26,32.65,2043600
RERE,14-Jul-2026,4.01,4.02,3.925,3.94,339000
RES,14-Jul-2026,5.91,5.92,5.725,5.85,1079000
REX,14-Jul-2026,48.13,48.13,46.935,47.06,184400
REX-B,14-Jul-2026,22.63,22.6389,22.63,22.6389,300
REX-C,14-Jul-2026,21.5,21.5,21.1,21.29,3200
REXR,14-Jul-2026,34.83,35.615,34.83,35.51,3347700
REXRpB,14-Jul-2026,22.63,22.6389,22.63,22.6389,309
REXRpC,14-Jul-2026,21.5,21.5,21.1,21.29,3110
REZI,14-Jul-2026,35.91,37.395,35.2,36.86,2444600
RF,14-Jul-2026,31.03,31.44,30.78,30.92,7922800
RF-C,14-Jul-2026,24.4,24.43,24.2801,24.4,27700
RF-E,14-Jul-2026,16.26,16.27,16.09,16.24,28100
RF-F,14-Jul-2026,25.23,25.3499,25.21,25.22,24700
RFI,14-Jul-2026,11.44,11.46,11.33,11.37,98000
RFL,14-Jul-2026,2.32,2.54,2.25,2.4,217600
RFM,14-Jul-2026,14.94,15,14.91,14.97,4600
RFMZ,14-Jul-2026,13.64,13.66,13.59,13.64,71700
RFpC,14-Jul-2026,24.4,24.43,24.2801,24.41,13428
RFpE,14-Jul-2026,16.26,16.27,16.09,16.27,23704
RFpF,14-Jul-2026,25.23,25.3499,25.21,25.22,20794
RGA,14-Jul-2026,237,238.91,233.14,234.04,379400
RGR,14-Jul-2026,38.54,38.68,37.77,37.87,83700
RGT,14-Jul-2026,14.54,14.81,14.47,14.585,11800
RH,14-Jul-2026,165.93,174.61,164.3301,174.55,636800
RHI,14-Jul-2026,34.96,36.02,33.95,35.65,2258700
RHLD,14-Jul-2026,132.55,137.55,128.38,135.89,90600
RHP,14-Jul-2026,125.24,125.43,123.03,123.97,546600
RIG,14-Jul-2026,5.465,5.5101,5.25,5.31,37610400
RIO,14-Jul-2026,92.73,93.38,92.55,93.29,3067900
RIT-A,14-Jul-2026,25.61,25.6379,25.4801,25.58,5600
RIT-B,14-Jul-2026,25.33,25.4128,25.33,25.3985,6400
RIT-C,14-Jul-2026,24.7,24.83,24.7,24.785,14900
RIT-D,14-Jul-2026,25.09,25.17,25.09,25.14,71100
RIT-E,14-Jul-2026,24.6,24.72,24.56,24.6,29100
RIT-F,14-Jul-2026,24.91,24.91,24.8201,24.86,15000
RITM,14-Jul-2026,9.14,9.305,9.095,9.22,6449400
RITMpA,14-Jul-2026,25.61,25.6379,25.4801,25.58,4843
RITMpB,14-Jul-2026,25.33,25.4128,25.33,25.3985,5880
RITMpC,14-Jul-2026,24.7,24.83,24.7,24.785,13212
RITMpD,14-Jul-2026,25.09,25.17,25.09,25.14,67872
RITMpE,14-Jul-2026,24.6001,24.72,24.56,24.64,26651
RIV,14-Jul-2026,11.75,11.75,11.685,11.71,70400
RIV-A,14-Jul-2026,22.42,22.4401,22.4,22.44,3700
RIVpA,14-Jul-2026,22.415,22.4401,22.4,22.44,2995
RJF,14-Jul-2026,165.59,168.325,165.59,167.43,1434600
RKT,14-Jul-2026,14.61,14.71,14.25,14.3,26585100
RL,14-Jul-2026,378.06,380.86,367,368.97,628100
RLI,14-Jul-2026,60.72,61.235,60.11,60.14,606300
RLJ,14-Jul-2026,11.5,11.625,11.355,11.6,1225300
RLJ-A,14-Jul-2026,25.09,25.15,25.0504,25.09,7100
RLJpA,14-Jul-2026,25.09,25.15,25.0504,25.09,4242
RLTY,14-Jul-2026,15.99,16.06,15.95,16.025,97200
RLX,14-Jul-2026,2,2.02,1.98,1.98,1117800
RM,14-Jul-2026,43,43.7,43,43.14,75500
RMAX,14-Jul-2026,11.13,11.54,10.69,10.72,632700
RMD,14-Jul-2026,193.31,195.05,190.76,193.01,1622300
RMI,14-Jul-2026,15.82,15.82,15.67,15.71,19600
RMM,14-Jul-2026,14.96,15,14.89,14.91,67200
RMMZ,14-Jul-2026,14.91,15.035,14.91,15.035,24800
RMT,14-Jul-2026,13.95,14.16,13.95,14.14,101400
RNG,14-Jul-2026,40.14,41.94,39.61,41.3,1235800
RNGR,14-Jul-2026,16.15,16.31,15.95,16.11,402900
RNP,14-Jul-2026,20.59,20.65,20.4,20.52,78100
RNR,14-Jul-2026,318.22,323,318.22,319.92,348300
RNR-F,14-Jul-2026,20.71,20.82,20.57,20.79,11600
RNR-G,14-Jul-2026,15.12,15.2199,15.12,15.2,11700
RNRpF,14-Jul-2026,20.71,20.82,20.57,20.73,9497
RNRpG,14-Jul-2026,15.12,15.2199,15.12,15.15,9212
RNST,14-Jul-2026,42.51,42.78,42.24,42.57,615600
ROG,14-Jul-2026,138.78,140.51,137.065,137.59,235100
ROK,14-Jul-2026,467.79,471.72,466.7402,469.77,547500
ROL,14-Jul-2026,44.29,44.7,44.2,44.29,3655500
RONB,14-Jul-2026,23.29,23.535,23.15,23.16,1225500
RPC,14-Jul-2026,7.76,8.125,7.745,8,432700
RPM,14-Jul-2026,103.03,103.275,101.85,102.43,1010100
RPT,14-Jul-2026,13.72,14.24,12.52,12.76,242600
RPT-C,14-Jul-2026,25.15,25.2,25.15,25.17,1400
RPTpC,14-Jul-2026,25.15,25.2,25.15,25.17,1125
RQI,14-Jul-2026,12.22,12.25,12.17,12.2,1548700
RQI-,14-Jul-2026,0.0043,0.006,0.0006,0.0015,3112100
RRC,14-Jul-2026,36.09,36.48,35.71,36.46,3222100
RRX,14-Jul-2026,214.48,217.07,208.985,211.2,721400
RS,14-Jul-2026,390,391.8,385.19,388.38,168600
RSF,14-Jul-2026,14.6,14.63,14.57,14.59,16000
RSG,14-Jul-2026,220.51,222.45,218.79,220.03,1317700
RSI,14-Jul-2026,34.25,34.51,33.31,33.51,2090200
RSKD,14-Jul-2026,5.17,5.26,5.12,5.17,387500
RTO,14-Jul-2026,29.45,29.66,29.37,29.58,525600
RTX,14-Jul-2026,196.38,198.5,193.39,193.39,4249700
RVI,14-Jul-2026,30.34,30.4,28.5,28.91,308300
RVLV,14-Jul-2026,24.6,24.77,23.98,24.43,422700
RVT,14-Jul-2026,18.09,18.2,17.98,18.15,380800
RVTY,14-Jul-2026,110.67,111.765,109.13,111.21,994700
RWT,14-Jul-2026,5.08,5.19,5.065,5.09,2681500
RWT-A,14-Jul-2026,24.58,24.7,24.5,24.65,3500
RWTN,14-Jul-2026,25,25,24.85,24.945,5000
RWTO,14-Jul-2026,24.88,24.89,24.8,24.8,6600
RWTP,14-Jul-2026,24.65,24.7399,24.61,24.6999,8600
RWTpA,14-Jul-2026,24.58,24.7,24.5,24.65,3250
RWTQ,14-Jul-2026,24.48,24.585,24.48,24.57,8700
RWTS,14-Jul-2026,24.9,24.95,24.9,24.9,6000
RXO,14-Jul-2026,27.41,28.68,27.408,28.04,2207200
RY,14-Jul-2026,211.59,214.48,211.55,214.04,1643500
RYAM,14-Jul-2026,7.26,7.33,7.1202,7.23,793400
RYAN,14-Jul-2026,41,41.66,40.71,41.18,1261200
RYN,14-Jul-2026,21.48,21.7551,21.45,21.72,1332900
RYZ,14-Jul-2026,27.58,28.2,27.155,28.13,339900
RZC,14-Jul-2026,25.35,25.44,25.32,25.42,18600
S,14-Jul-2026,18.16,20.26,18.11,19.92,13525200
SA,14-Jul-2026,25.99,26.51,25.6801,25.85,341300
SABA,14-Jul-2026,8.23,8.32,8.215,8.31,41800
SAC,14-Jul-2026,10.08,10.08,10.05,10.08,166000
SAFE,14-Jul-2026,16.46,16.53,16.25,16.44,187600
SAG.W,14-Jul-2026,0.05,0.055,0.05,0.05,400000
SAGU,14-Jul-2026,9.9,9.91,9.9,9.9,800
SAH,14-Jul-2026,91.02,92.635,89.75,92.38,139200
SAJ,14-Jul-2026,25.45,25.45,25.4,25.4,600
SAM,14-Jul-2026,173.59,173.59,166.49,168.75,276700
SAM.U,14-Jul-2026,9.99,10.1036,9.95,9.95,535000
SAN,14-Jul-2026,13.7,13.84,13.605,13.63,7129400
SAP,14-Jul-2026,153.64,157.25,152.53,154.81,4244200
SAR,14-Jul-2026,18.87,19.29,18.85,19.2,146500
SARO,14-Jul-2026,27.72,28.195,27.295,27.36,2529900
SAT,14-Jul-2026,24.99,25.01,24.99,24.99,1700
SAV,14-Jul-2026,24.56,24.6899,24.56,24.68,4000
SAY,14-Jul-2026,25.275,25.275,25.2324,25.2324,800
SAZ,14-Jul-2026,25.33,25.3502,25.27,25.3502,2600
SB,14-Jul-2026,6.97,7.31,6.93,7.13,2583200
SB-C,14-Jul-2026,26.45,26.52,26.45,26.52,300
SB-D,14-Jul-2026,26.22,26.37,26.22,26.37,1000
SBH,14-Jul-2026,14.71,15.14,14.205,14.36,1257100
SBI,14-Jul-2026,7.82,7.89,7.7967,7.86,49600
SBpC,14-Jul-2026,26.45,26.52,26.45,26.52,302
SBpD,14-Jul-2026,26.22,26.37,26.22,26.37,622
SBR,14-Jul-2026,73.95,74.545,72.961,74.27,48400
SBS,14-Jul-2026,6.02,6.04,5.95,5.97,4226500
SBSI,14-Jul-2026,34.65,34.9,34.305,34.36,98700
SBSW,14-Jul-2026,8.69,8.75,8.54,8.57,4210100
SBXD,14-Jul-2026,10.77,10.83,10.77,10.83,5500
SBXE,14-Jul-2026,10.17,10.17,10.14,10.14,5600
SCCO,14-Jul-2026,181.8,185,179.41,182.38,967300
SCD,14-Jul-2026,15.46,15.65,15.45,15.48,145000
SCE-G,14-Jul-2026,16.83,17.1056,16.83,16.95,7500
SCE-L,14-Jul-2026,16.65,16.8999,16.58,16.58,10000
SCE-M,14-Jul-2026,23.9,24.05,23.8501,23.92,30800
SCE-N,14-Jul-2026,22.95,23,22.58,23,16100
SCEpG,14-Jul-2026,16.83,17.1056,16.83,16.85,6093
SCEpL,14-Jul-2026,16.65,16.8999,16.58,16.58,8777
SCEpM,14-Jul-2026,23.9,24.05,23.8501,23.92,25933
SCEpN,14-Jul-2026,22.95,23,22.58,23,13830
SCH-D,14-Jul-2026,24.09,24.19,24.09,24.1701,24800
SCH-J,14-Jul-2026,17.37,17.4,17.3323,17.4,32600
SCHW,14-Jul-2026,101.14,103.355,100.75,101.1,7747100
SCHWpD,14-Jul-2026,24.09,24.19,24.09,24.1701,18366
SCHWpJ,14-Jul-2026,17.37,17.4,17.3323,17.36,26003
SCI,14-Jul-2026,78.38,79.28,78.36,78.83,1027500
SCL,14-Jul-2026,57.36,57.68,56.615,56.9,174100
SCM,14-Jul-2026,8.22,8.43,8.22,8.35,140900
SD,14-Jul-2026,13.79,13.88,13.6,13.7,267000
SDHC,14-Jul-2026,15.52,15.885,15.39,15.7,34600
SDHY,14-Jul-2026,15.99,16.08,15.94,15.99,61500
SDRL,14-Jul-2026,42.83,43.39,42.366,43.06,1021300
SE,14-Jul-2026,110,111.76,108.29,109.29,5027600
SEA-A,14-Jul-2026,25.55,25.577,25.4,25.4,1400
SEA-B,14-Jul-2026,25.58,25.58,25.46,25.47,6900
SEALpA,14-Jul-2026,25.55,25.577,25.4,25.4,796
SEALpB,14-Jul-2026,25.58,25.58,25.46,25.47,5912
SECZ,14-Jul-2026,8.06,8.285,7.49,7.49,1066900
SEG,14-Jul-2026,25.98,26.255,25.81,26.12,36100
SEI,14-Jul-2026,68.89,69.9,67.475,69.5,10444500
SES,14-Jul-2026,0.71,0.7335,0.6978,0.7026,12946900
SES.W,14-Jul-2026,0.02,0.0328,0.02,0.02,9500
SES.WS,14-Jul-2026,0.02,0.0328,0.02,0.02,9538
SF,14-Jul-2026,75.2,76.485,75.115,76.34,947400
SF-B,14-Jul-2026,22.49,22.79,22.49,22.6,4600
SF-C,14-Jul-2026,21.78,21.9291,21.68,21.69,18100
SF-D,14-Jul-2026,15.97,16.1599,15.97,16.11,18500
SFB,14-Jul-2026,19.46,19.64,19.46,19.56,5300
SFBS,14-Jul-2026,84.93,86.12,84.91,85.47,276300
SFL,14-Jul-2026,11.2,11.445,11.2,11.3,1351400
SFpB,14-Jul-2026,22.49,22.79,22.49,22.6,4306
SFpC,14-Jul-2026,21.78,21.9291,21.68,21.69,15800
SFpD,14-Jul-2026,15.97,16.1599,15.97,16.15,14932
SG,14-Jul-2026,8.12,8.21,7.05,7.09,7854400
SGHC,14-Jul-2026,14.98,15.31,14.775,14.81,2862900
SGI,14-Jul-2026,72.71,73.57,70.8,72.26,1460300
SGOV,14-Jul-2026,100.53,100.53,100.52,100.52,14999500
SGU,14-Jul-2026,12.95,13.16,12.95,13.07,21200
SHAK,14-Jul-2026,62.71,62.74,59.561,60.09,1798000
SHEL,14-Jul-2026,84.7,84.98,83.84,84.41,6118000
SHG,14-Jul-2026,72.7,73.4,71.02,71.27,418300
SHO,14-Jul-2026,11.32,11.39,11.23,11.36,2382000
SHO-H,14-Jul-2026,21.96,21.96,21.96,21.96,500
SHOC,14-Jul-2026,111.5,112.3,110.71,112.3,12100
SHOpH,14-Jul-2026,21.96,21.96,21.96,21.96,222
SHV,14-Jul-2026,110.18,110.2,110.18,110.19,2048900
SHW,14-Jul-2026,333.12,334.895,327.38,328.5,1486200
SI,14-Jul-2026,22.76,22.8799,21.31,21.59,79200
SID,14-Jul-2026,1.05,1.05,1.01,1.03,3007100
SIG,14-Jul-2026,85.11,85.8,83.36,85.3,408900
SII,14-Jul-2026,106.74,109.69,105.18,106.05,108800
SIND,14-Jul-2026,12.25,12.805,12.01,12.6,42700
SITC,14-Jul-2026,4.23,4.255,4.155,4.23,890600
SITE,14-Jul-2026,106.52,107.53,104.775,105.84,436000
SJM,14-Jul-2026,110.06,110.49,108.08,108.81,1363400
SJT,14-Jul-2026,2.63,2.705,2.63,2.65,216500
SKE,14-Jul-2026,27.26,27.57,26.58,26.95,537600
SKIL,14-Jul-2026,7.05,7.34,6.81,6.88,93000
SKM,14-Jul-2026,32.07,32.07,30.79,31.38,2288500
SKT,14-Jul-2026,40.03,40.24,39.7441,39.88,889800
SKY,14-Jul-2026,81.95,82.161,80.63,81.43,562400
SKY.W,14-Jul-2026,0.5261,0.5261,0.425,0.425,700
SKYH,14-Jul-2026,9.76,9.8786,9.56,9.59,112400
SKYH.WS,14-Jul-2026,0.5261,0.5261,0.425,0.425,500
SLAI,14-Jul-2026,3.29,3.29,3.1001,3.14,10800
SLB,14-Jul-2026,48.1,48.46,47.16,47.54,9407500
SLF,14-Jul-2026,78.96,79.88,78.96,79.53,542300
SLG,14-Jul-2026,48.68,49.95,48.28,49.87,941300
SLG-I,14-Jul-2026,21.15,21.355,21.15,21.29,5300
SLGN,14-Jul-2026,45.18,45.18,44.25,44.71,1253200
SLGpI,14-Jul-2026,21.15,21.355,21.15,21.29,4464
SLNZ,14-Jul-2026,45.575,45.745,45.575,45.745,200
SLQT,14-Jul-2026,0.72,0.7551,0.72,0.7422,876700
SLVM,14-Jul-2026,37.46,38.98,36.87,37.84,379300
SM,14-Jul-2026,29.95,30.3496,29.2,29.72,3473000
SMA,14-Jul-2026,33.45,33.6,33.11,33.19,313200
SMBK,14-Jul-2026,46.58,47.605,46.57,46.59,77400
SMC,14-Jul-2026,30.45,30.5,30.25,30.34,26200
SMFG,14-Jul-2026,26.21,26.665,26.08,26.26,2149500
SMG,14-Jul-2026,64.81,65.18,63.23,64.12,710400
SMHI,14-Jul-2026,7.88,8.47,7.88,8.3,109100
SMP,14-Jul-2026,37.77,38.145,37.08,37.19,195700
SMR,14-Jul-2026,8.6,8.69,8.375,8.6,24043600
SMRT,14-Jul-2026,1,1.02,0.9711,0.9711,1317700
SMWB,14-Jul-2026,6.82,7.44,6.6,6.6,922000
SN,14-Jul-2026,152.7,152.707,148.305,149.89,1421900
SNA,14-Jul-2026,406.01,408.88,402.72,404.62,327900
SNAP,14-Jul-2026,4.6,4.71,4.57,4.68,29934000
SNDA,14-Jul-2026,40.25,40.425,39.02,40.02,466800
SNDR,14-Jul-2026,37.08,37.45,36.535,36.93,802300
SNN,14-Jul-2026,30.02,30.04,29.575,29.83,1963800
SNOW,14-Jul-2026,263.29,278.7999,261,275.94,5385300
SNX,14-Jul-2026,254.8,257.9275,251.19,252.96,417300
SO,14-Jul-2026,96.85,97.25,95.74,95.96,2626800
SOBO,14-Jul-2026,37.56,37.89,37.32,37.57,1154700
SOC,14-Jul-2026,4.35,4.61,4.2801,4.39,8040800
SOJC,14-Jul-2026,20.31,20.46,20.31,20.4,18200
SOJD,14-Jul-2026,19.09,19.18,19.06,19.15,52200
SOJE,14-Jul-2026,16.62,16.71,16.595,16.6501,38800
SOJF,14-Jul-2026,25.16,25.24,25.135,25.2,30300
SOLV,14-Jul-2026,76.62,77.04,75.55,76.28,760400
SOMN,14-Jul-2026,50.23,50.32,49.28,49.5,504000
SON,14-Jul-2026,54.36,54.525,53.04,53.2,1107800
SONY,14-Jul-2026,20.85,21.005,20.8,20.8,4229200
SOR,14-Jul-2026,46.01,46.01,45.33,45.97,24900
SOS,14-Jul-2026,1.01,1.055,1.01,1.02,11600
SOUL,14-Jul-2026,10.38,10.38,10.38,10.38,11100
SPB,14-Jul-2026,85.35,86.095,82.51,84.12,265300
SPCE,14-Jul-2026,2.495,2.6577,2.49,2.61,18495000
SPE,14-Jul-2026,13.45,13.6648,13.45,13.56,38200
SPG,14-Jul-2026,220.96,222,219.64,221.28,1611300
SPG-J,14-Jul-2026,54.91,54.91,54.91,54.91,400
SPGI,14-Jul-2026,428.5,439.75,425.735,438.87,1109100
SPGpJ,14-Jul-2026,54.91,54.91,54.91,54.91,212
SPH,14-Jul-2026,18.59,18.63,18.33,18.34,140700
SPHR,14-Jul-2026,145.35,145.925,135.69,137.02,635700
SPIR,14-Jul-2026,14.27,15.1125,14.02,14.5,620600
SPMA,14-Jul-2026,25.1,25.18,25.06,25.06,6500
SPMC,14-Jul-2026,10.89,10.99,10.72,10.99,31100
SPME,14-Jul-2026,25.41,25.6,25.1949,25.395,2700
SPNT,14-Jul-2026,25.08,25.34,24.62,24.73,466100
SPOT,14-Jul-2026,474.75,486.63,472.54,481.06,1148800
SPRU,14-Jul-2026,2.38,2.436,2.33,2.38,22500
SPXC,14-Jul-2026,219.63,222.83,215.89,218.02,371400
SPXX,14-Jul-2026,18.56,18.72,18.5,18.66,257000
SQM,14-Jul-2026,73.49,74.21,72.35,72.95,926200
SQNS,14-Jul-2026,3.11,3.2558,3.05,3.13,21300
SR,14-Jul-2026,82.36,82.8,81.125,81.39,372700
SRE,14-Jul-2026,95.06,95.61,93.32,93.36,2330200
SREA,14-Jul-2026,21.39,21.39,21.31,21.33,92800
SRFM,14-Jul-2026,0.84,0.8762,0.8361,0.8629,1703400
SRG,14-Jul-2026,2.62,2.675,2.62,2.65,85400
SRG-A,14-Jul-2026,21.58,21.58,20.9001,21.28,7400
SRGpA,14-Jul-2026,21.58,21.58,20.9001,21.28,4962
SRI,14-Jul-2026,7.35,7.44,7.12,7.14,116100
SRJN,14-Jul-2026,23.97,24.0099,23.81,23.94,8100
SRL,14-Jul-2026,5.39,5.5902,5.39,5.46,23700
SRV,14-Jul-2026,49.83,51.3,49.74,50.9,83000
SSB,14-Jul-2026,100.3,101.085,100.045,100.68,941400
SSD,14-Jul-2026,188.79,190.385,186.15,189.18,358100
SSL,14-Jul-2026,11.03,11.06,10.69,10.77,1350000
SSMR,14-Jul-2026,13.2,13.25,12.95,12.96,55600
SST,14-Jul-2026,2.59,2.7,2.5301,2.6,24000
SSTK,14-Jul-2026,7.84,7.89,7.17,7.61,1981300
ST,14-Jul-2026,45.48,45.83,44.11,44.67,1115400
STAG,14-Jul-2026,39.22,39.39,38.9,39.34,3159000
STC,14-Jul-2026,69.5,70,68.44,68.88,135600
STE,14-Jul-2026,214.32,214.32,207.68,208.73,886100
STEM,14-Jul-2026,6.52,6.85,6.52,6.61,107900
STEW,14-Jul-2026,18.2,18.2753,18.145,18.22,71400
STG,14-Jul-2026,3.78,3.79,3.73,3.73,6400
STK,14-Jul-2026,51.57,52.49,51.197,51.65,34500
STLA,14-Jul-2026,5.59,5.7456,5.56,5.69,24797800
STM,14-Jul-2026,71.65,71.66,68.82,70.13,12341300
STN,14-Jul-2026,68.16,69.415,67.65,68.59,457300
STNG,14-Jul-2026,76.89,79.29,76.56,77.87,570500
STT,14-Jul-2026,178.71,184.59,178.355,183.65,2700400
STT-G,14-Jul-2026,21.3,21.37,21.2601,21.33,30200
STTpG,14-Jul-2026,21.3,21.37,21.2601,21.28,26566
STUB,14-Jul-2026,10.38,10.72,9.9,10.67,5627200
STVN,14-Jul-2026,19.99,20.195,19.71,19.82,254200
STWD,14-Jul-2026,16.55,16.69,16.54,16.61,4149700
STXD,14-Jul-2026,39.62,39.62,39.5,39.5005,1900
STXE,14-Jul-2026,48.89,49.2,48.78,49.0252,14100
STXF,14-Jul-2026,48.56,48.65,48.4101,48.56,40900
STXG,14-Jul-2026,55.21,55.42,55.18,55.3827,3000
STXK,14-Jul-2026,38.22,38.22,38.12,38.2148,2300
STXT,14-Jul-2026,19.45,19.45,19.4444,19.445,7300
STXV,14-Jul-2026,38.47,38.47,38.2299,38.28,4500
STZ,14-Jul-2026,134.5,134.93,130.08,131.34,1945500
SU,14-Jul-2026,61.79,62.27,60.785,61.04,4496200
SUI,14-Jul-2026,120.7,120.77,119.555,119.78,2362700
SUN,14-Jul-2026,71.47,72.44,70.9687,72.33,481100
SUNB,14-Jul-2026,73.81,74.935,72.09,72.42,1715400
SUNC,14-Jul-2026,72,73.65,71.98,73.58,508900
SUPV,14-Jul-2026,9.7,10.01,9.62,9.65,394900
SUZ,14-Jul-2026,8.15,8.2,8.055,8.15,2724400
SVV,14-Jul-2026,10.05,10.05,9.35,9.69,1383600
SW,14-Jul-2026,43.8,43.82,42.88,42.91,3844900
SWK,14-Jul-2026,88.32,88.99,86.86,87.37,1262900
SWX,14-Jul-2026,92.69,93.38,92.31,92.38,610800
SWZ,14-Jul-2026,5.93,5.95,5.9,5.91,23700
SXC,14-Jul-2026,8.46,8.625,8.46,8.57,770100
SXI,14-Jul-2026,313.88,316.77,307.91,311.88,158500
SXT,14-Jul-2026,115.7,115.84,113.5,113.54,418500
SYF,14-Jul-2026,73.15,74.29,72.63,73.68,2814000
SYF-A,14-Jul-2026,18.68,18.8,18.68,18.78,48700
SYF-B,14-Jul-2026,25.95,26,25.75,25.82,39800
SYFpA,14-Jul-2026,18.68,18.8,18.68,18.79,44129
SYFpB,14-Jul-2026,25.95,26,25.75,25.8356,36148
SYK,14-Jul-2026,319.55,319.555,306.53,311.07,4053000
SYY,14-Jul-2026,83.55,83.5725,82.09,82.85,2786200
T,14-Jul-2026,21.42,21.555,21.25,21.28,53556100
T-A,14-Jul-2026,18.49,18.58,18.44,18.44,155800
T-C,14-Jul-2026,17.39,17.45,17.36,17.38,171100
TAC,14-Jul-2026,13.93,14.19,13.87,13.93,1657600
TAK,14-Jul-2026,16.42,16.575,16.235,16.39,5055700
TAL,14-Jul-2026,10.43,10.56,10.235,10.3,2172700
TALO,14-Jul-2026,14.37,14.6,14.11,14.16,1443100
TAP,14-Jul-2026,39.61,39.75,38.45,38.86,3224000
TAP.A,14-Jul-2026,43.2,43.2,43.2,43.2,500
TBB,14-Jul-2026,20.7,20.7,20.55,20.56,72600
TBBB,14-Jul-2026,42.04,42.4,40.115,40.46,662800
TBI,14-Jul-2026,8.51,8.73,8.33,8.68,194800
TBLU,14-Jul-2026,52.14,52.14,51.4987,51.4987,1700
TBN,14-Jul-2026,32,32.28,31.3,31.81,83400
TCAI,14-Jul-2026,51.33,51.49,50.28,50.29,38300
TCBX,14-Jul-2026,40.63,40.98,39.985,40.26,94500
TCI,14-Jul-2026,46.71,46.71,44.37,44.37,7200
TCPA,14-Jul-2026,23.39,23.52,23.24,23.52,40300
TD,14-Jul-2026,121.55,123.29,121.43,122.88,3214300
TDAY,14-Jul-2026,8.57,8.615,8.41,8.42,794100
TDC,14-Jul-2026,33.37,33.45,29.62,31.42,5387100
TDF,14-Jul-2026,10.69,10.96,10.69,10.72,58700
TDG,14-Jul-2026,1228.67,1244.157,1215.16,1215.34,317000
TDOC,14-Jul-2026,9.48,9.48,9.125,9.27,3258300
TDS,14-Jul-2026,33.51,34.5,33.5,34.26,1999200
TDS-U,14-Jul-2026,20.34,20.4399,20.22,20.22,9800
TDS-V,14-Jul-2026,18.62,18.7,18.59,18.69,28300
TDSpU,14-Jul-2026,19.98,20.4399,19.98,20.22,7878
TDSpV,14-Jul-2026,18.62,18.7,18.59,18.69,19248
TDW,14-Jul-2026,74.88,75.32,73.24,73.97,502900
TDY,14-Jul-2026,629.68,633.27,621.585,623.1,309700
TE,14-Jul-2026,6.8,6.9499,6.59,6.84,33565300
TECK,14-Jul-2026,59.1,60.25,59.1,60.09,4491100
TEI,14-Jul-2026,6.8,6.8,6.73,6.76,83200
TEL,14-Jul-2026,201.26,203.82,199.44,200.98,1472600
TEN,14-Jul-2026,39.61,40.86,39.1,39.75,268600
TEN-E,14-Jul-2026,26.48,26.48,26.3,26.3499,4500
TEN-F,14-Jul-2026,27.14,27.2959,27.14,27.2959,2900
TENpE,14-Jul-2026,26.48,26.48,26.3,26.3499,3690
TENpF,14-Jul-2026,27.14,27.2959,27.14,27.2959,2200
TEO,14-Jul-2026,13.66,13.93,13.54,13.85,235900
TEVA,14-Jul-2026,32.04,32.27,31.655,31.82,3452100
TEX,14-Jul-2026,67.64,68.11,64.435,65.21,888700
TFC,14-Jul-2026,51.89,52.62,51.61,51.95,7627000
TFC-I,14-Jul-2026,17.97,18.11,17.97,18.07,15500
TFC-O,14-Jul-2026,20.53,20.53,20.41,20.464,26900
TFC-R,14-Jul-2026,18.21,18.35,18.21,18.3,82200
TFCpI,14-Jul-2026,17.97,18.11,17.97,18.045,14764
TFCpO,14-Jul-2026,20.53,20.53,20.41,20.464,22976
TFCpR,14-Jul-2026,18.21,18.35,18.21,18.31,34398
TFI-,14-Jul-2026,22.33,22.48,22.33,22.37,1500
TFII,14-Jul-2026,149.35,150.42,147.39,149.25,372100
TFIN,14-Jul-2026,78.78,79.87,77.63,78.24,238700
TFINP,14-Jul-2026,22.33,22.48,22.33,22.37,1350
TFPM,14-Jul-2026,28.52,28.64,27.79,27.88,412600
TFX,14-Jul-2026,135.01,135.01,128.015,130.16,365100
TG,14-Jul-2026,7.52,7.59,7.33,7.38,91400
TGE,14-Jul-2026,0.98,1.0183,0.921,0.9908,14700
TGLS,14-Jul-2026,43.29,44.37,43.01,44.23,146000
TGS,14-Jul-2026,30.02,31.41,30.02,31.33,207800
TGT,14-Jul-2026,135.59,136.339,133.1,134,2507000
THC,14-Jul-2026,185,189.15,179.91,183.69,3000500
THG,14-Jul-2026,215.31,217.255,213.78,214.16,269000
THIR,14-Jul-2026,34.31,34.67,34.13,34.4,356800
THLV,14-Jul-2026,33.38,33.39,33.21,33.2362,4000
THMR,14-Jul-2026,25.6,25.6,25.44,25.5237,31700
THO,14-Jul-2026,72.45,73.41,71.03,72.31,768500
THQ,14-Jul-2026,18.71,18.72,18.36,18.45,265400
THW,14-Jul-2026,13.39,13.445,13.14,13.17,185700
TIC,14-Jul-2026,7.16,7.24,7.06,7.1,1094400
TIMB,14-Jul-2026,22.23,22.72,22.15,22.72,1071400
TISI,14-Jul-2026,17.03,17.46,16.35,16.78,5800
TJX,14-Jul-2026,150.25,151.1697,148.88,150.34,4990500
TK,14-Jul-2026,11.03,11.1999,10.9,10.94,495000
TKC,14-Jul-2026,5.87,5.93,5.86,5.9,1421500
TKO,14-Jul-2026,180.21,185.09,180.21,184.56,1774900
TKR,14-Jul-2026,141.09,142.51,137.62,139.6,599400
TLK,14-Jul-2026,14.17,14.275,14.095,14.12,1040400
TLYS,14-Jul-2026,4.21,4.3498,4.1,4.2,90300
TM,14-Jul-2026,175.84,177.44,175.84,176.22,371800
TME,14-Jul-2026,8.86,8.93,8.72,8.78,3532800
TMHC,14-Jul-2026,71.94,71.96,71.875,71.94,1547100
TMO,14-Jul-2026,525.01,537.82,523.3456,534.07,2122400
TNC,14-Jul-2026,86.35,87.49,85.11,85.15,130200
TNET,14-Jul-2026,56.44,56.98,55.38,56.84,309600
TNGY,14-Jul-2026,10.35,10.3744,10.2,10.26,70900
TNK,14-Jul-2026,71.87,74.06,71.87,72.27,263600
TNL,14-Jul-2026,73,73.88,72.785,73.23,636600
TOL,14-Jul-2026,151.26,152.93,147.85,152.53,1360400
TOST,14-Jul-2026,29.03,30.09,29,30,7639900
TpA,14-Jul-2026,18.49,18.58,18.44,18.44,142723
TPB,14-Jul-2026,82.13,82.75,79.24,79.99,373100
TPC,14-Jul-2026,76.48,78.18,76.2657,77.77,544600
TPL,14-Jul-2026,410,416.44,401.99,415.93,235300
TPR,14-Jul-2026,137.81,138.64,135.03,135.36,2424300
TPTS,14-Jul-2026,17.07,18.92,17.07,17.32,656800
TPVG,14-Jul-2026,4.59,4.725,4.59,4.69,284800
TPYP,14-Jul-2026,43.5,43.63,43.27,43.5105,24300
TPZ,14-Jul-2026,22.32,22.53,22.21,22.24,4900
TR,14-Jul-2026,37.77,38.52,37.33,38.15,218800
TRA.U,14-Jul-2026,10.25,10.25,10.25,10.25,1500
TRAK,14-Jul-2026,8.83,9.04,8.78,8.79,25200
TRC,14-Jul-2026,18.42,18.565,18.0297,18.16,57000
TREX,14-Jul-2026,48.38,48.83,43.355,44.17,4722400
TRGP,14-Jul-2026,279.66,282.805,278.97,281.6,1406000
TRLV,14-Jul-2026,9.05,9.31,8.76,9.06,751200
TRN,14-Jul-2026,36.65,36.73,35.99,36.23,806000
TRNO,14-Jul-2026,70.42,71.24,70.225,71.13,1013400
TROX,14-Jul-2026,6.37,6.46,6.13,6.19,2105500
TRP,14-Jul-2026,68.5,68.99,68.31,68.53,2712300
TRT-A,14-Jul-2026,25.85,25.9199,25.85,25.865,2300
TRT-B,14-Jul-2026,25.39,25.419,25.345,25.419,2500
TRT-C,14-Jul-2026,24.9,25.0087,24.8919,25,2000
TRT-D,14-Jul-2026,22.91,23,22.85,23,2400
TRT-E,14-Jul-2026,18.84,18.86,18.8306,18.8306,600
TRT-F,14-Jul-2026,24.7,24.85,24.7,24.7001,6900
TRT-G,14-Jul-2026,23.75,23.75,23.75,23.75,1000
TRT-P,14-Jul-2026,18.43,18.47,18.23,18.32,3000
TRTNpA,14-Jul-2026,25.85,25.9199,25.85,25.865,2157
TRTNpB,14-Jul-2026,25.39,25.419,25.345,25.419,2091
TRTNpC,14-Jul-2026,24.9,25.0087,24.8919,25,1612
TRTNpD,14-Jul-2026,22.91,23,22.85,23,2065
TRTNpE,14-Jul-2026,18.84,18.86,18.8306,18.8306,500
TRTNpF,14-Jul-2026,24.7,24.85,24.7,24.7001,6361
TRTX,14-Jul-2026,8.42,8.6,8.38,8.52,894700
TRTXpC,14-Jul-2026,18.43,18.47,18.23,18.23,2057
TRU,14-Jul-2026,74.82,76.17,74.66,75.58,1565900
TRV,14-Jul-2026,339.3,342.42,335.93,336.83,1796900
TS,14-Jul-2026,56.58,56.84,55.86,56.31,804200
TSI,14-Jul-2026,4.46,4.47,4.43,4.43,174300
TSLX,14-Jul-2026,17.03,17.35,17.03,17.15,330400
TSM,14-Jul-2026,430.87,431.055,418.86,420.39,14279000
TSN,14-Jul-2026,57.42,57.7766,57.28,57.48,2100500
TSQ,14-Jul-2026,6.75,6.995,6.6523,6.73,43200
TT,14-Jul-2026,484.02,490.755,479.37,483.55,877900
TTAM,14-Jul-2026,17.16,17.22,16.92,17,193700
TTC,14-Jul-2026,94.68,94.97,91.49,92.72,578100
TTE,14-Jul-2026,81.59,81.86,80.78,80.91,2063000
TTI,14-Jul-2026,9.47,9.66,9.32,9.48,1746100
TU,14-Jul-2026,10.5,10.56,10.44,10.44,4280300
TUYA,14-Jul-2026,1.81,1.83,1.79,1.8,647000
TV,14-Jul-2026,2.74,2.745,2.675,2.7,923300
TVC,14-Jul-2026,23.95,24,23.915,23.96,15900
TVE,14-Jul-2026,23.56,23.6601,23.55,23.55,1800
TWI,14-Jul-2026,7.47,7.56,7.375,7.55,616700
TWLO,14-Jul-2026,211.69,222.71,210.36,217.83,2114700
TWN,14-Jul-2026,92.92,94.4748,91.2301,91.65,43200
TWO,14-Jul-2026,12.09,12.12,12.081,12.11,1289500
TWO-A,14-Jul-2026,24.93,24.95,24.93,24.95,9300
TWO-B,14-Jul-2026,24.92,24.95,24.92,24.93,28500
TWO-C,14-Jul-2026,24.97,24.97,24.94,24.94,28900
TWOD,14-Jul-2026,25.6,25.6899,25.6,25.68,15000
TWOpA,14-Jul-2026,24.93,24.95,24.93,24.95,8176
TWOpB,14-Jul-2026,24.92,24.95,24.92,24.93,26883
TWOpC,14-Jul-2026,24.97,24.97,24.94,24.94,26827
TX,14-Jul-2026,45.51,46.105,44.71,44.78,585700
TXNM,14-Jul-2026,57.31,57.43,56.93,57,523500
TXO,14-Jul-2026,13.23,13.265,12.99,13.19,77000
TXT,14-Jul-2026,89.99,90.4889,88.65,89.5,1372300
TY,14-Jul-2026,35.45,35.775,34.83,35.1,32600
TY-,14-Jul-2026,41.65,42.09,41.65,41.8476,1900
TYG,14-Jul-2026,43.67,43.84,43.34,43.61,165400
TYL,14-Jul-2026,301.56,307.18,300.093,301.29,598100
TYp,14-Jul-2026,41.65,42.09,41.65,41.8476,1585
U,14-Jul-2026,29.93,31.85,29.781,31.75,5596200
UA,14-Jul-2026,6.71,6.71,6.375,6.47,1992900
UAA,14-Jul-2026,6.77,6.815,6.5224,6.61,5049900
UAMY,14-Jul-2026,6.24,6.465,6.16,6.45,5017800
UAN,14-Jul-2026,115.35,118.8,115.17,115.17,10900
UBER,14-Jul-2026,73.56,74.2,71.24,72.08,18703500
UBS,14-Jul-2026,53.04,54.31,52.9,53.82,2678900
UCB,14-Jul-2026,35.6,35.79,35.3675,35.61,917400
UDR,14-Jul-2026,40.5,40.5,39.85,39.97,2908300
UE,14-Jul-2026,22.88,23.03,22.78,22.92,661800
UFI,14-Jul-2026,6.01,6.755,6,6.52,301700
UGI,14-Jul-2026,36.49,36.68,36.025,36.3,1002600
UGP,14-Jul-2026,5.81,5.97,5.65,5.94,18324300
UHA.B,14-Jul-2026,59.77,60.5,59.72,60.17,326500
UHAL,14-Jul-2026,68.42,68.98,68.12,68.71,153800
UHAL.B,14-Jul-2026,59.77,60.5,59.72,60.12,164579
UHS,14-Jul-2026,145,147.98,142.38,144.23,1652400
UHT,14-Jul-2026,43.15,43.235,42.41,42.48,81500
UI,14-Jul-2026,548.78,553.21,528.93,549.51,94200
UIS,14-Jul-2026,3.95,4.055,3.78,4.02,1021900
UL,14-Jul-2026,61.3,61.43,60.825,60.84,4074000
ULS,14-Jul-2026,88.84,90.505,87.3,87.56,739100
UMC,14-Jul-2026,24.17,24.4,23.57,23.84,13175600
UMH,14-Jul-2026,15.45,15.48,15.345,15.37,366000
UMH-D,14-Jul-2026,21.55,21.78,21.55,21.725,5700
UMHpD,14-Jul-2026,21.55,21.78,21.55,21.725,3518
UNF,14-Jul-2026,271.5,275.57,270.365,275.26,100700
UNFI,14-Jul-2026,49.8,50.46,48.64,49.54,730200
UNH,14-Jul-2026,431,432.15,421.785,425.19,5135800
UNM,14-Jul-2026,89.02,89.78,88.035,88.47,1520100
UNMA,14-Jul-2026,21.59,21.83,21.59,21.69,23400
UNP,14-Jul-2026,291.6,291.66,288,288.3,2945700
UP,14-Jul-2026,7.08,7.15,6.12,6.49,168000
UPS,14-Jul-2026,113.38,114.02,111.34,113.67,3066700
URI,14-Jul-2026,1104.46,1106,1061.422,1065.83,433700
USA,14-Jul-2026,5.99,6,5.94,5.95,1506500
USAC,14-Jul-2026,26.8,27.24,26.8,27.1,205400
USB,14-Jul-2026,62.04,63.1425,61.825,62.14,7384700
USB-A,14-Jul-2026,760,767.7,760,767.15,700
USB-H,14-Jul-2026,18.54,18.59,18.3901,18.59,60700
USB-P,14-Jul-2026,21.33,21.44,21.3001,21.41,32300
USB-Q,14-Jul-2026,14.55,14.56,14.4301,14.53,35200
USB-R,14-Jul-2026,15.28,15.32,15.21,15.27,46900
USB-S,14-Jul-2026,17.21,17.27,17.17,17.27,54400
USBpA,14-Jul-2026,760,767.7,760,767.15,246
USBpH,14-Jul-2026,18.54,18.59,18.3901,18.58,53253
USBpP,14-Jul-2026,21.33,21.44,21.3001,21.375,25999
USBpQ,14-Jul-2026,14.55,14.56,14.4301,14.53,29852
USBpR,14-Jul-2026,15.28,15.32,15.21,15.25,40659
USBpS,14-Jul-2026,17.2,17.27,17.17,17.27,45561
USFD,14-Jul-2026,101.77,102.75,100.36,101,1929500
USNA,14-Jul-2026,21.83,22.23,21.1,21.4,46900
USPH,14-Jul-2026,70.99,71.435,68.07,70,250500
UTF,14-Jul-2026,27.65,27.875,27.5989,27.78,255200
UTI,14-Jul-2026,47.33,49.61,46.24,46.65,833600
UTL,14-Jul-2026,54.08,54.46,53.51,53.62,158900
UTZ,14-Jul-2026,7.74,7.745,7.335,7.48,2299200
UVE,14-Jul-2026,42.63,42.735,41.44,41.45,297700
UVV,14-Jul-2026,50.88,51.2499,50.42,50.42,192000
UWMC,14-Jul-2026,2.03,2.07,2.01,2.02,12630200
UZD,14-Jul-2026,18.88,18.88,18.75,18.85,5300
UZE,14-Jul-2026,16.62,16.67,15.9,16.62,15000
UZF,14-Jul-2026,16.55,16.6,16.5,16.55,6000
V,14-Jul-2026,355.77,359.94,353.68,356.02,6632400
VAC,14-Jul-2026,97.87,98.5,96.31,96.98,272900
VAC.U,14-Jul-2026,11,11,10.62,10.64,1700
VACI,14-Jul-2026,10.2,10.2,10.14,10.17,56500
VAL,14-Jul-2026,80.73,81.57,77.98,78.49,916900
VAL.W,14-Jul-2026,10.57,10.57,10.14,10.14,7400
VAL.WS,14-Jul-2026,10.57,10.57,10.14,10.14,1283
VALE,14-Jul-2026,14.5,14.72,14.5,14.59,23953600
VATE,14-Jul-2026,9.62,10.6,9.495,9.51,143200
VBF,14-Jul-2026,14.9,14.93,14.86,14.88,35000
VCV,14-Jul-2026,10.87,10.8799,10.83,10.87,104000
VCX,14-Jul-2026,66.68,69.4148,62.3001,62.31,120200
VEC-,14-Jul-2026,0.3475,0.3475,0.345,0.345,7700
VEC.U,14-Jul-2026,10.16,10.6,10.16,10.6,3200
VEEV,14-Jul-2026,190.12,196.64,188.43,193.09,1691900
VEL,14-Jul-2026,17.27,17.62,17.25,17.41,86800
VET,14-Jul-2026,9.93,10.03,9.718,9.82,936800
VFC,14-Jul-2026,16.9,16.92,16.455,16.67,4066200
VG,14-Jul-2026,13.17,13.55,13.1,13.23,13713100
VGI,14-Jul-2026,7.42,7.42,7.29,7.35,129000
VGM,14-Jul-2026,10.56,10.64,10.55,10.59,227000
VGNT,14-Jul-2026,40.99,41.57,39.62,39.64,702400
VHI,14-Jul-2026,14.1,14.1,13.8,14.04,8500
VIA,14-Jul-2026,18.35,19.2,18.002,18.67,783500
VICI,14-Jul-2026,26.34,26.44,26.215,26.28,6985900
VII.U,14-Jul-2026,10.02,10.02,10.02,10.02,4500
VIK,14-Jul-2026,98.62,99.56,97.32,97.65,1323400
VIPS,14-Jul-2026,13.96,14.06,13.73,13.86,1842600
VIRT,14-Jul-2026,62.08,63,58.64,59.57,2213600
VIST,14-Jul-2026,66.31,67.47,64.8301,65.73,915300
VIV,14-Jul-2026,13.84,14.06,13.7898,14.03,1391900
VKQ,14-Jul-2026,9.99,10.02,9.98,9.98,158100
VLN,14-Jul-2026,2.02,2.05,1.985,2.02,784500
VLN.W,14-Jul-2026,0.02,0.0235,0.02,0.0201,6400
VLN.WS,14-Jul-2026,0.02,0.0235,0.02,0.0201,6344
VLO,14-Jul-2026,299.39,301.43,293.68,301.43,3576700
VLRS,14-Jul-2026,7.95,8.01,7.74,7.8,581400
VLT,14-Jul-2026,10.37,10.44,10.345,10.3778,17000
VLTO,14-Jul-2026,92.15,93.06,91.2,91.9,1267200
VMC,14-Jul-2026,295.85,299.74,291.71,291.89,736100
VMI,14-Jul-2026,551.19,554.75,540.0675,543.47,125500
VMO,14-Jul-2026,9.85,9.89,9.85,9.88,317900
VNO,14-Jul-2026,38.58,39.18,38.14,39.13,1823300
VNO-L,14-Jul-2026,17.88,17.88,17.811,17.811,2600
VNO-M,14-Jul-2026,17.66,17.7703,17.66,17.7703,1900
VNO-N,14-Jul-2026,17.8,17.8,17.6,17.67,3700
VNO-O,14-Jul-2026,14.56,14.75,14.56,14.67,8000
VNOpL,14-Jul-2026,17.88,17.88,17.811,17.811,2233
VNOpM,14-Jul-2026,17.66,17.7703,17.66,17.7703,1301
VNOpN,14-Jul-2026,17.8,17.8,17.6,17.7,2683
VNOpO,14-Jul-2026,14.56,14.75,14.56,14.67,7650
VNT,14-Jul-2026,29.72,29.9,28.99,29.36,1435200
VOC,14-Jul-2026,3.11,3.19,3.11,3.12,46300
VOY-B,14-Jul-2026,23.35,23.394,23.2701,23.36,9800
VOYA,14-Jul-2026,98.5,99.5,97.8,98.3,825200
VOYApB,14-Jul-2026,23.35,23.394,23.2701,23.36,7230
VOYG,14-Jul-2026,30.03,31.38,29.53,29.78,1775500
VPG,14-Jul-2026,110.45,111.9552,107.88,110.87,284600
VPV,14-Jul-2026,11.24,11.3,11.18,11.19,11100
VRT,14-Jul-2026,315.53,317.18,300.19,303.58,3560900
VRTS,14-Jul-2026,155.15,162.48,155.15,160.77,103100
VSH,14-Jul-2026,44.21,44.21,40.68,41.74,5090000
VST,14-Jul-2026,161,168.21,157.0323,158.43,5415500
VSTS,14-Jul-2026,14.66,14.98,14.34,14.9,702900
VSXY,14-Jul-2026,80.77,82.04,78.795,81.92,1617600
VTEX,14-Jul-2026,4.06,4.125,4.005,4.07,327100
VTMX,14-Jul-2026,33.63,34.45,33.63,34.37,40600
VTN,14-Jul-2026,11.33,11.51,11.33,11.51,24800
VTOL,14-Jul-2026,43.96,44.51,43.171,43.35,153400
VTR,14-Jul-2026,92.28,92.81,91.81,92.4,1925500
VTS,14-Jul-2026,15.88,15.9999,15.59,15.69,302800
VVR,14-Jul-2026,2.96,2.99,2.95,2.96,962000
VVV,14-Jul-2026,38.78,38.95,37.67,38.89,2005000
VVX,14-Jul-2026,74.88,76.845,74.57,74.64,411600
VYX,14-Jul-2026,7.9,8.08,7.76,7.97,1601400
VZ,14-Jul-2026,42.64,42.81,42.21,42.47,17515400
W,14-Jul-2026,88.2,90.19,87.67,88.74,2551200
WAB,14-Jul-2026,263.84,265.76,260.93,262.02,471600
WAL,14-Jul-2026,80.38,81.65,80.07,80.34,814200
WAL-A,14-Jul-2026,24.06,24.07,24.0201,24.07,7600
WALpA,14-Jul-2026,24.06,24.07,24.0201,24.0495,6619
WAT,14-Jul-2026,371.49,377.96,368.92,376.39,717100
WBI,14-Jul-2026,35.25,36,34.76,35.88,314700
WBIY,14-Jul-2026,35.795,35.8539,35.7,35.8539,1900
WBS,14-Jul-2026,76.69,76.69,75.94,76.12,2351700
WBS-F,14-Jul-2026,20.36,20.55,20.36,20.48,4800
WBS-G,14-Jul-2026,23.33,23.47,23.23,23.41,7100
WBSpF,14-Jul-2026,20.36,20.55,20.36,20.48,3804
WBSpG,14-Jul-2026,23.335,23.47,23.23,23.41,5935
WBX,14-Jul-2026,4.9,5.55,4.9,5.35,39500
WCC,14-Jul-2026,342.27,344.03,333.595,340.14,727300
WCN,14-Jul-2026,169.27,172.04,169.09,169.57,915100
WD,14-Jul-2026,48.83,49.345,48.2701,48.5,243100
WDH,14-Jul-2026,1.16,1.17,1.14,1.15,74900
WDI,14-Jul-2026,13.59,13.6499,13.5474,13.59,145500
WDS,14-Jul-2026,21.08,21.22,20.9,21.03,950800
WEA,14-Jul-2026,10.65,10.65,10.56,10.61,23800
WEAV,14-Jul-2026,7,7.43,6.91,7.43,1404900
WEC,14-Jul-2026,116.4,117.1,114.99,115.05,1520300
WELL,14-Jul-2026,235.4,237.22,234,236,3324300
WENC,14-Jul-2026,10,10,10,10,200
WES,14-Jul-2026,46.07,46.3,45.745,45.92,757700
WEX,14-Jul-2026,157.48,160.41,154.76,155.09,602900
WF,14-Jul-2026,63.24,63.515,61.77,62.36,335700
WFC,14-Jul-2026,84.85,88.675,83.83,85.29,38942900
WFC-A,14-Jul-2026,18.19,18.22,18.14,18.145,61300
WFC-C,14-Jul-2026,16.93,16.99,16.9,16.95,70900
WFC-D,14-Jul-2026,16.45,16.56,16.43,16.53,90700
WFC-L,14-Jul-2026,1171.61,1176.69,1171.5,1176.64,2900
WFC-Y,14-Jul-2026,22.43,22.45,22.3333,22.42,22800
WFC-Z,14-Jul-2026,18.36,18.44,18.33,18.34,142800
WFCpA,14-Jul-2026,18.19,18.22,18.14,18.145,54626
WFCpC,14-Jul-2026,16.93,16.99,16.9,16.95,65369
WFCpD,14-Jul-2026,16.45,16.56,16.43,16.53,85657
WFCpL,14-Jul-2026,1171.61,1176.69,1171.5,1175.99,1986
WFCpY,14-Jul-2026,22.43,22.45,22.3333,22.37,19970
WFCpZ,14-Jul-2026,18.36,18.44,18.33,18.345,122004
WFG,14-Jul-2026,67.87,71.5,67.45,71.19,290900
WGO,14-Jul-2026,29.5,29.9182,28.72,29.01,889600
WH,14-Jul-2026,77.55,78.22,76.49,77.63,1300200
WHD,14-Jul-2026,54.61,54.62,52.03,52.6,1013200
WHG,14-Jul-2026,19.5,19.875,19.015,19.34,19600
WHK,14-Jul-2026,26.71,26.93,26.01,26.17,164700
WHR,14-Jul-2026,39.29,39.67,37.94,38.65,2135900
WHR-A,14-Jul-2026,35,35.14,34.54,35.04,21200
WIA,14-Jul-2026,8.02,8.0699,8.0181,8.05,46100
WINN,14-Jul-2026,32.81,33.15,32.81,33.1,211000
WIT,14-Jul-2026,1.84,1.89,1.82,1.84,20364600
WIW,14-Jul-2026,8.38,8.38,8.36,8.38,119400
WK,14-Jul-2026,52.22,54.53,51.7516,53.69,530900
WKC,14-Jul-2026,36.29,36.89,36.07,36.4,951200
WLK,14-Jul-2026,77.1,78,75.275,77.04,759600
WLKP,14-Jul-2026,22.05,22.31,21.75,22.04,13400
WLTG,14-Jul-2026,37.45,37.58,37.45,37.5697,1700
WLY,14-Jul-2026,49.3,50.32,48.63,49.27,470100
WLYB,14-Jul-2026,50.51,50.51,50.51,50.51,100
WM,14-Jul-2026,233.72,236.15,231.01,234.27,1384000
WMB,14-Jul-2026,74.98,76.29,74.945,75.98,5996500
WMK,14-Jul-2026,78.83,78.985,76.85,77.94,108300
WMS,14-Jul-2026,151.39,151.39,148.83,151.04,462400
WNC,14-Jul-2026,13.23,13.5299,13.22,13.42,535800
WOLF,14-Jul-2026,35.9,35.97,33.6,34.31,2302400
WOR,14-Jul-2026,54.42,54.88,53.67,54.65,235200
WPC,14-Jul-2026,72.82,72.84,71.79,71.94,1209300
WPM,14-Jul-2026,111,111.55,108.355,108.49,1583000
WPP,14-Jul-2026,18.25,18.64,18.18,18.21,364600
WRB,14-Jul-2026,73.25,73.695,71.96,71.98,1659600
WRB-E,14-Jul-2026,21.12,21.25,21.12,21.165,4400
WRB-F,14-Jul-2026,18.75,18.88,18.75,18.8001,79900
WRB-G,14-Jul-2026,15.87,15.97,15.87,15.93,6900
WRB-H,14-Jul-2026,15.37,15.5099,15.36,15.475,18900
WRBpE,14-Jul-2026,21.12,21.25,21.12,21.165,3014
WRBpF,14-Jul-2026,18.75,18.88,18.75,18.8001,77470
WRBpG,14-Jul-2026,15.87,15.97,15.87,15.93,5728
WRBpH,14-Jul-2026,15.37,15.5099,15.36,15.475,15333
WRBY,14-Jul-2026,27.58,28,26.71,27.61,2091900
WS,14-Jul-2026,33.46,34.06,32.89,33.94,238600
WSM,14-Jul-2026,218.9,221.9,218.09,220.34,741600
WSO,14-Jul-2026,397.97,400.09,389.015,395.29,275100
WST,14-Jul-2026,358.21,359.81,354.55,357.65,740400
WT,14-Jul-2026,19.19,19.58,19.165,19.53,2368600
WTI,14-Jul-2026,3.57,3.6,3.48,3.59,4822900
WTM,14-Jul-2026,2162.51,2187.925,2146.35,2167.79,21200
WTRG,14-Jul-2026,38.45,38.92,38.22,38.59,1655400
WTS,14-Jul-2026,350.16,353.535,347.36,350,239000
WTTR,14-Jul-2026,19.87,20.34,19.62,20.32,1319100
WU,14-Jul-2026,7.82,7.91,7.76,7.88,4504200
WWW,14-Jul-2026,18.09,18.19,17.45,17.67,866200
WY,14-Jul-2026,23.53,23.91,23.35,23.8,5347600
XFLH,14-Jul-2026,9.9914,9.9914,9.9914,9.9914,400
XFLT,14-Jul-2026,17.79,17.94,17.7,17.72,63300
XHR,14-Jul-2026,20.18,20.36,20.005,20.28,717100
XIFR,14-Jul-2026,12.34,12.495,12.3,12.34,752700
XOM,14-Jul-2026,145.51,146,143.89,145.09,16096400
XPER,14-Jul-2026,7.87,7.955,7.73,7.77,272700
XPEV,14-Jul-2026,13.52,13.5788,13.23,13.36,4192100
XPO,14-Jul-2026,211.77,213.6129,207.825,209.97,711700
XPOF,14-Jul-2026,6.82,6.82,6.57,6.6,457600
XPRO,14-Jul-2026,15.47,16.49,15.47,16.35,1177900
XRN,14-Jul-2026,36.78,37.349,36.53,36.81,44100
XRN-A,14-Jul-2026,24.65,24.8,24.65,24.79,1800
XRN-B,14-Jul-2026,26,26,25.82,25.87,3500
XXI,14-Jul-2026,5.23,5.375,5.2,5.31,1383600
XYF,14-Jul-2026,4.81,4.9,4.6,4.63,65600
XYL,14-Jul-2026,122.27,122.82,120.7,121.55,1465700
XYZ,14-Jul-2026,78.66,80.91,78.21,79.99,4928800
XZO,14-Jul-2026,17.09,17.37,16.26,16.28,86300
YALA,14-Jul-2026,5.43,5.43,5.36,5.38,255600
YELP,14-Jul-2026,25.77,26.05,25.4,25.58,1115900
YETI,14-Jul-2026,48.37,48.79,46.7,47.34,846000
YEXT,14-Jul-2026,5.33,5.565,5.3,5.43,1637800
YMM,14-Jul-2026,8.61,8.73,8.525,8.64,5760500
YOU,14-Jul-2026,52.04,53.9388,51.6595,53.54,1186000
YPF,14-Jul-2026,49.88,50.435,49.21,49.8,2258100
YRD,14-Jul-2026,1.2,1.28,1.2,1.26,107100
YSG,14-Jul-2026,3.52,3.62,3.48,3.56,82900
YSS,14-Jul-2026,19.45,21.95,19.4,21.26,1565200
YUM,14-Jul-2026,159.84,161.255,154.44,158.18,4075600
YUMC,14-Jul-2026,44.54,44.62,43.15,43.3,2486300
ZBH,14-Jul-2026,91.71,91.71,88.586,91.03,3214200
ZEPP,14-Jul-2026,5.49,5.53,5.09,5.43,30800
ZETA,14-Jul-2026,20.75,22.63,20.5,22.53,7751200
ZGN,14-Jul-2026,13.25,13.58,12.9,13.02,789200
ZH,14-Jul-2026,3.31,3.31,3.24,3.27,127200
ZIM,14-Jul-2026,24.19,24.45,23.89,24.4,1168000
ZIP,14-Jul-2026,3.94,4,3.91,3.96,303600
ZKH,14-Jul-2026,2.89,2.9,2.88,2.9,39000
ZTO,14-Jul-2026,24.23,24.27,24.01,24.03,1068400
ZTR,14-Jul-2026,6.81,6.87,6.8,6.82,249600
ZTS,14-Jul-2026,74.67,74.84,73.38,74.07,5321000
ZVIA,14-Jul-2026,1.71,1.75,1.67,1.73,790700
ZWS,14-Jul-2026,47.64,48.21,47.04,47.51,756300
