Symbol,Date,Open,High,Low,Close,Volume
A,25-Aug-2026,153.9,155.16,152.27,154.77,2425900
AA,25-Aug-2026,49.33,51.34,49.24,51.28,3649200
AADX,25-Aug-2026,14.68,14.88,14.015,14.38,1460900
AAMI,25-Aug-2026,92.8,94.11,92.43,93.48,326400
AAP,25-Aug-2026,43.63,44.63,43.15,43.64,1665100
AAT,25-Aug-2026,23.11,23.1462,22.8984,23.09,342900
AAUC,25-Aug-2026,22.92,23.83,22.83,23.79,366000
AB,25-Aug-2026,36.37,36.6886,36.12,36.62,336800
ABBV,25-Aug-2026,264.5,266.905,263.025,265.79,3671600
ABCB,25-Aug-2026,86.1,86.1,85.265,85.54,278800
ABEV,25-Aug-2026,2.92,2.94,2.87,2.93,24061900
ABG,25-Aug-2026,211.7,215.7375,209.565,215.59,146400
ABM,25-Aug-2026,46.91,46.91,46.235,46.59,295100
ABR,25-Aug-2026,5.25,5.25,5.15,5.15,2429800
ABR-D,25-Aug-2026,15.66,15.7299,15.61,15.62,12300
ABR-E,25-Aug-2026,15.46,15.56,15.45,15.4572,10300
ABR-F,25-Aug-2026,22.37,22.45,22.23,22.4,5500
ABRpD,25-Aug-2026,15.66,15.7299,15.61,15.62,9742
ABRpE,25-Aug-2026,15.46,15.56,15.45,15.4572,9210
ABRpF,25-Aug-2026,22.37,22.45,22.23,22.4,4375
ABT,25-Aug-2026,115.83,116.61,115.035,116.13,7503700
ABX,25-Aug-2026,9.65,9.93,9.56,9.88,375100
ABXL,25-Aug-2026,25.49,25.54,25.37,25.37,14000
ACA,25-Aug-2026,145.47,145.47,145.25,145.25,637900
ACCO,25-Aug-2026,4.18,4.22,4.09,4.21,799900
ACEL,25-Aug-2026,11.98,12.035,11.81,11.9,221800
ACH,25-Aug-2026,1.14,1.18,1.09,1.16,1105100
ACH.W,25-Aug-2026,0.0188,0.02,0.012,0.019,191200
ACHR,25-Aug-2026,6.13,6.15,5.88,5.96,26774600
ACHR.WS,25-Aug-2026,0.0188,0.02,0.012,0.019,189045
ACI,25-Aug-2026,12.44,12.605,12.37,12.38,4694600
ACLO,25-Aug-2026,50.5,50.5,50.4985,50.4985,400
ACM,25-Aug-2026,65.39,65.5,61.775,62.78,1539000
ACN,25-Aug-2026,183.78,188,182.33,186.93,4071800
ACP,25-Aug-2026,5.04,5.08,5.01,5.07,483600
ACP-A,25-Aug-2026,19.15,19.15,18.87,19.05,5100
ACPpA,25-Aug-2026,19.15,19.15,18.87,19,2812
ACR,25-Aug-2026,14.985,14.985,14.85,14.86,11300
ACR-C,25-Aug-2026,23.85,24.05,23.82,24,43900
ACR-D,25-Aug-2026,20.66,21,20.66,20.9663,2300
ACRE,25-Aug-2026,4.72,4.75,4.67,4.73,304800
ACRpC,25-Aug-2026,23.85,24.05,23.82,24,34162
ACRpD,25-Aug-2026,20.66,21,20.66,20.9663,1563
ACV,25-Aug-2026,26.57,26.91,26.3562,26.56,42200
ACVA,25-Aug-2026,7.43,7.55,7.26,7.28,1854800
AD,25-Aug-2026,35.58,36.1,35.39,35.86,174900
ADC,25-Aug-2026,74.58,74.64,74,74.32,1042100
ADC-A,25-Aug-2026,16.85,16.8799,16.7901,16.81,17600
ADCpA,25-Aug-2026,16.85,16.8799,16.7901,16.81,14456
ADCT,25-Aug-2026,0.98,1.05,0.96,1.04,3927900
ADIG,25-Aug-2026,21.79,23.05,21.79,22.27,763800
ADM,25-Aug-2026,77.54,79.64,75.86,79.16,4226200
ADNT,25-Aug-2026,19.06,19.1048,18.61,18.64,813500
ADT,25-Aug-2026,7.39,7.495,7.33,7.43,5977500
ADX,25-Aug-2026,25.89,25.9342,25.85,25.9,159800
AEE,25-Aug-2026,107.41,107.685,106.691,106.83,948100
AEFC,25-Aug-2026,18.2,18.23,18.09,18.13,263700
AEG,25-Aug-2026,9.23,9.25,9.15,9.21,3852200
AEM,25-Aug-2026,212,224.43,212,224.11,3311100
AEO,25-Aug-2026,16.88,16.88,16.425,16.73,4658000
AER,25-Aug-2026,148,148.6594,146.72,147.44,921300
AERO,25-Aug-2026,14.65,15.1299,14.51,15.1,273000
AES,25-Aug-2026,14.75,14.76,14.72,14.73,5957700
AESI,25-Aug-2026,11.9,12.61,11.835,12.02,2294900
AEXA,25-Aug-2026,11.63,11.63,11.45,11.49,50200
AFB,25-Aug-2026,10.93,10.94,10.92,10.94,39900
AFG,25-Aug-2026,144.3,144.3,142.3892,143.66,316800
AFGB,25-Aug-2026,20.62,20.63,20.5283,20.58,12800
AFGC,25-Aug-2026,17.86,18,17.84,17.9,11700
AFGD,25-Aug-2026,20.5,20.5,20.2201,20.49,19400
AFGE,25-Aug-2026,16.17,16.23,16.15,16.2,3900
AFL,25-Aug-2026,118.15,118.44,116.11,116.18,1808200
AG,25-Aug-2026,20.32,21.28,20.29,21.24,7955300
AGBK,25-Aug-2026,6.16,6.27,6.14,6.23,94500
AGCO,25-Aug-2026,111.23,111.61,108.8,110.94,1507300
AGD,25-Aug-2026,12.24,12.39,12.21,12.34,61600
AGI,25-Aug-2026,37.62,39.105,37.5225,39.02,4308000
AGL,25-Aug-2026,95.2,96.48,91.18,96.11,183900
AGM,25-Aug-2026,221.7,221.8,216.87,219.11,77400
AGM-D,25-Aug-2026,21.12,21.43,20.9,21.03,6500
AGM-E,25-Aug-2026,20.72,20.92,20.7,20.71,3600
AGM-F,25-Aug-2026,18.7,18.787,18.67,18.7798,6900
AGM-G,25-Aug-2026,17.46,17.48,17.301,17.44,5600
AGM-H,25-Aug-2026,23.44,23.44,23.2664,23.365,1600
AGM-I,25-Aug-2026,24.31,24.44,24.23,24.3203,15300
AGMpD,25-Aug-2026,21.12,21.43,20.9,21.03,5276
AGMpE,25-Aug-2026,20.72,20.92,20.7,20.71,3229
AGMpF,25-Aug-2026,18.7,18.787,18.67,18.7798,5701
AGMpG,25-Aug-2026,17.46,17.48,17.301,17.44,4761
AGMpH,25-Aug-2026,23.44,23.44,23.2664,23.365,1331
AGO,25-Aug-2026,74.34,75.18,73.41,75.14,457700
AGRO,25-Aug-2026,11.27,11.27,10.82,11.03,536400
AGX,25-Aug-2026,478.01,479.79,446.5209,450.46,255900
AHL-D,25-Aug-2026,18.84,19.0889,18.84,19.03,10100
AHL-E,25-Aug-2026,18.9,18.989,18.8,18.9265,9700
AHL-F,25-Aug-2026,23.57,23.6799,23.57,23.63,9000
AHLpD,25-Aug-2026,18.84,19.0889,18.84,19.03,7140
AHLpE,25-Aug-2026,18.9,18.989,18.8,18.9265,6676
AHLpF,25-Aug-2026,23.57,23.6799,23.57,23.6799,8296
AHR,25-Aug-2026,56.09,57.24,55.76,57.05,5287400
AHR-A,25-Aug-2026,21.97,21.98,21.72,21.7299,2500
AHRT,25-Aug-2026,6.78,6.86,6.755,6.79,476900
AHT,25-Aug-2026,3.34,3.35,3.33,3.345,10300
AHT-D,25-Aug-2026,7.015,7.1085,7.015,7.1085,1600
AHT-G,25-Aug-2026,6.02,6.28,6.02,6.28,800
AHT-H,25-Aug-2026,6.375,6.375,6.26,6.26,300
AHT-I,25-Aug-2026,6.24,6.24,6.24,6.24,200
AHTpD,25-Aug-2026,7.015,7.1085,7.015,7.1085,1406
AHTpG,25-Aug-2026,6.02,6.28,6.02,6.28,600
AHTpH,25-Aug-2026,6.375,6.375,6.26,6.26,300
AHTpI,25-Aug-2026,6.24,6.24,6.24,6.24,250
AI,25-Aug-2026,10.03,10.065,9.66,9.79,4049700
AIG,25-Aug-2026,77.23,77.51,76.36,76.38,1723500
AII,25-Aug-2026,26.14,26.61,25.945,26.34,236300
AIIA,25-Aug-2026,10.22,10.22,10.22,10.22,2500
AIN,25-Aug-2026,59.22,59.7,58.01,58.15,252900
AIO,25-Aug-2026,25.75,25.89,25.6092,25.89,37900
AIR,25-Aug-2026,137.98,139.41,133.42,135.36,294900
AIT,25-Aug-2026,342.69,343.34,335.19,335.64,201600
AIV,25-Aug-2026,2.58,2.605,2.57,2.58,481800
AIZ,25-Aug-2026,288.24,288.24,282.82,285.15,272800
AIZN,25-Aug-2026,18.65,18.8036,18.575,18.6201,6900
AJG,25-Aug-2026,269.84,272.79,266.96,268.51,1752800
AKA,25-Aug-2026,10.85,10.95,10.41,10.41,4200
AKAF,25-Aug-2026,33.7425,33.7425,33.7425,33.7425,100
AKO.B,25-Aug-2026,30.51,30.58,30.44,30.44,2000
AKR,25-Aug-2026,21.41,21.41,21.215,21.24,1645100
ALB,25-Aug-2026,136.3,137.2,132.13,133.18,2271700
ALB-A,25-Aug-2026,56.34,56.34,54.08,54.71,47700
ALBpA,25-Aug-2026,56.4,56.4,54.08,54.57,22783
ALC,25-Aug-2026,73.35,73.4299,72.695,73.37,816200
ALG,25-Aug-2026,166.77,166.77,161.07,162.08,132300
ALH,25-Aug-2026,24.16,24.16,23.4,23.85,1754700
ALIT,25-Aug-2026,14.78,15.14,14.55,14.96,417900
ALK,25-Aug-2026,42.8,43.43,42.11,43.33,2357400
ALL,25-Aug-2026,259.33,259.81,256.95,257.62,969900
ALL-B,25-Aug-2026,25.56,25.63,25.56,25.629,13200
ALL-H,25-Aug-2026,18.84,18.99,18.81,18.86,93300
ALL-I,25-Aug-2026,17.64,17.74,17.63,17.7,17500
ALL-J,25-Aug-2026,25.95,26.22,25.8805,26.1,148300
ALLE,25-Aug-2026,163.6,163.68,159.98,160.37,1016500
ALLpB,25-Aug-2026,25.52,25.63,25.52,25.629,10245
ALLpH,25-Aug-2026,18.84,18.99,18.81,18.91,79672
ALLpI,25-Aug-2026,17.64,17.74,17.63,17.7,15032
ALLpJ,25-Aug-2026,25.95,26.22,25.8805,26.1,27460
ALLY,25-Aug-2026,42.64,42.7,42.24,42.6,5373100
ALSN,25-Aug-2026,131.8,132.16,129.865,131.62,842900
ALT-A,25-Aug-2026,25.71,25.81,25.48,25.63,900
ALTG,25-Aug-2026,6.45,6.45,6.12,6.19,139300
ALTGpA,25-Aug-2026,25.71,25.81,25.48,25.63,754
ALUB,25-Aug-2026,10.11,10.11,10.11,10.11,623400
ALV,25-Aug-2026,123.87,124.715,123.42,123.97,542500
ALX,25-Aug-2026,270,271.4,268.595,270.69,37000
AM,25-Aug-2026,22,22.195,21.87,21.91,1613800
AMBP,25-Aug-2026,5.36,5.3628,5.27,5.29,1148800
AMBQ,25-Aug-2026,58.91,60.365,58.33,60.12,318200
AMC,25-Aug-2026,2.7,2.75,2.61,2.65,18355100
AMCR,25-Aug-2026,47.99,48.06,47.02,47.27,3398700
AME,25-Aug-2026,246.6,247.3997,241.36,241.77,957600
AMG,25-Aug-2026,360.85,367.095,358.18,365.28,164500
AMH,25-Aug-2026,34.76,34.85,34.42,34.56,2041600
AMH-G,25-Aug-2026,22.41,22.64,22.39,22.43,6500
AMH-H,25-Aug-2026,23.76,23.81,23.5,23.5,5500
AMHpG,25-Aug-2026,22.41,22.64,22.39,22.43,4707
AMHpH,25-Aug-2026,23.76,23.81,23.5,23.5,3984
AMN,25-Aug-2026,34.52,34.68,33.36,33.91,486100
AMP,25-Aug-2026,560.62,561.58,555.36,560.26,281000
AMP.V,25-Aug-2026,3.55,3.59,3.21,3.51,30200
AMPX,25-Aug-2026,10.06,10.34,10.025,10.18,4121700
AMPX.WS,25-Aug-2026,3.55,3.59,3.21,3.51,26848
AMPY,25-Aug-2026,4.66,4.755,4.61,4.67,556300
AMR,25-Aug-2026,210,217.75,203.72,215.63,312600
AMRC,25-Aug-2026,21.52,22.44,20.62,22.07,995500
AMRZ,25-Aug-2026,44.47,44.47,43.69,44.25,5206900
AMT,25-Aug-2026,177.85,179,177.06,178.57,1401400
AMTB,25-Aug-2026,28.85,28.99,28.1094,28.6,232100
AMTD,25-Aug-2026,0.741,0.7999,0.741,0.7701,6200
AMTM,25-Aug-2026,20.2,20.338,19.97,20.26,2721800
AMWL,25-Aug-2026,11.97,12.11,11.23,11.66,51700
AMX,25-Aug-2026,23.8,23.87,23.5,23.75,5172000
AN,25-Aug-2026,197.4,197.4,192,196.8,452900
ANDG,25-Aug-2026,50.46,52.31,50.415,52.21,573100
ANET,25-Aug-2026,192.34,193.15,188.06,190.94,4387800
ANF,25-Aug-2026,112.17,112.885,106.92,108.9,2167400
ANG-D,25-Aug-2026,23.09,23.25,23.08,23.18,20300
ANGpD,25-Aug-2026,23.09,23.25,23.08,23.18,17095
ANGX,25-Aug-2026,4.57,4.64,4.46,4.58,1033100
ANRO,25-Aug-2026,36.52,37.48,35.74,36.31,474200
ANVS,25-Aug-2026,1.76,1.825,1.76,1.82,560200
AOD,25-Aug-2026,10.67,10.7,10.6509,10.67,241200
AOMD,25-Aug-2026,25.09,25.13,25.08,25.13,3800
AOMN,25-Aug-2026,25.34,25.46,25.2,25.24,5800
AOMR,25-Aug-2026,8.5,8.52,8.3205,8.44,120200
AON,25-Aug-2026,357,360.3,354.14,354.83,616300
AORT,25-Aug-2026,26.89,27.145,26.19,26.38,735600
AOS,25-Aug-2026,63.4,63.41,61.67,62.15,1323000
AP,25-Aug-2026,8.57,8.92,8.57,8.82,67500
APAM,25-Aug-2026,43.09,43.65,42.585,43.64,542700
APD,25-Aug-2026,304.92,306.57,302.37,303.85,832900
APG,25-Aug-2026,41.32,41.32,40.235,40.38,2019300
APH,25-Aug-2026,159.66,159.68,157.27,158.78,5415800
APLE,25-Aug-2026,16.7,16.78,16.56,16.74,1492500
APO,25-Aug-2026,133.15,133.5,130.79,133.18,1835200
APOS,25-Aug-2026,25.64,25.79,25.48,25.64,33200
APTV,25-Aug-2026,47.21,47.475,46.08,46.63,4361800
AQN,25-Aug-2026,5.69,5.78,5.645,5.75,3486900
AQNB,25-Aug-2026,26.15,26.2775,26.15,26.21,11700
AR,25-Aug-2026,37.03,38.17,36.8761,37.95,3053300
ARCO,25-Aug-2026,8.07,8.17,7.95,8.13,951100
ARDC,25-Aug-2026,12.28,12.35,12.26,12.31,99500
ARDT,25-Aug-2026,11.28,11.462,11,11.3,364100
ARE,25-Aug-2026,54.51,54.66,52.35,52.9,2802400
ARE-B,25-Aug-2026,44.49,45.59,43.88,45.59,67500
ARES,25-Aug-2026,140.63,143.19,137.12,142.76,2863100
ARESpB,25-Aug-2026,44.49,45.59,43.88,45.59,27527
ARI,25-Aug-2026,6.91,6.91,6.835,6.86,2529600
ARIS,25-Aug-2026,20.45,21.31,20.35,21.18,1072600
ARL,25-Aug-2026,15.38,15.57,15.33,15.33,700
ARLO,25-Aug-2026,13.23,13.415,13.16,13.32,675400
ARMK,25-Aug-2026,59.33,59.395,58.96,59.08,1728500
AROC,25-Aug-2026,30.86,31.54,30.66,30.71,2524200
ARR,25-Aug-2026,16.4,16.44,16.28,16.4,2107000
ARR-C,25-Aug-2026,20.81,20.81,20.78,20.8,11200
ARRpC,25-Aug-2026,20.81,20.81,20.78,20.7867,8009
ARW,25-Aug-2026,205.21,205.21,199.94,202.56,439800
ARX,25-Aug-2026,19.68,19.69,19.65,19.67,2010200
AS,25-Aug-2026,30.85,31.69,30.61,31.59,7766500
ASA,25-Aug-2026,63.14,64.76,62.22,64.6,21900
ASAN,25-Aug-2026,9.51,9.71,9.38,9.44,2796900
ASB,25-Aug-2026,30.98,31.105,30.735,30.82,1239600
ASB-E,25-Aug-2026,19.95,20.1,19.95,20.095,5000
ASB-F,25-Aug-2026,19.33,19.659,19.33,19.51,16800
ASBA,25-Aug-2026,24.75,24.75,24.65,24.72,14300
ASBpE,25-Aug-2026,19.95,20.1,19.95,20.095,4039
ASBpF,25-Aug-2026,19.33,19.659,19.33,19.51,12737
ASC,25-Aug-2026,18.08,18.3899,17.87,17.99,560100
ASG,25-Aug-2026,5.22,5.265,5.22,5.23,141600
ASGI,25-Aug-2026,24.9,24.9819,24.5,24.65,165100
ASH,25-Aug-2026,73.93,74.01,72.445,73.76,460700
ASIC,25-Aug-2026,26.34,26.93,26.205,26.9,96600
ASIX,25-Aug-2026,16.68,16.725,16.18,16.36,242600
ASPN,25-Aug-2026,5.1,5.38,5.07,5.23,846400
ASR,25-Aug-2026,263.03,268,256,263.97,22100
ASX,25-Aug-2026,37.01,37.42,36.66,37.08,4596000
ATEN,25-Aug-2026,25.65,25.86,24.95,25.13,987600
ATH-A,25-Aug-2026,23.94,23.94,23.7968,23.86,46600
ATH-B,25-Aug-2026,18.38,18.719,18.36,18.63,29000
ATH-D,25-Aug-2026,15.73,15.88,15.616,15.85,72800
ATH-E,25-Aug-2026,25.29,25.339,25.2372,25.25,134000
ATHM,25-Aug-2026,21.85,21.98,21.32,21.72,2848200
ATHpA,25-Aug-2026,23.94,23.94,23.7968,23.9,34236
ATHpB,25-Aug-2026,18.38,18.719,18.36,18.719,24301
ATHpD,25-Aug-2026,15.77,15.88,15.616,15.88,66643
ATHpE,25-Aug-2026,25.29,25.339,25.2372,25.3,128172
ATHS,25-Aug-2026,24.57,24.705,24.5401,24.705,27700
ATI,25-Aug-2026,213.95,216.66,209.675,215.23,1976800
ATKR,25-Aug-2026,93.74,93.85,93.62,93.62,338400
ATMU,25-Aug-2026,48.92,49.65,47.86,49.64,418600
ATO,25-Aug-2026,167.94,168.43,167.1,167.56,971400
ATR,25-Aug-2026,135.59,135.59,133.22,134.72,280900
ATS,25-Aug-2026,19.52,19.85,19.37,19.65,321200
AU,25-Aug-2026,118.52,123.39,117.92,123.39,2763000
AUB,25-Aug-2026,41.03,41.055,40.38,40.52,740800
AUB-A,25-Aug-2026,24.4,24.59,24.4,24.4301,5200
AUBpA,25-Aug-2026,24.4,24.59,24.4,24.4301,3794
AUNA,25-Aug-2026,5.32,5.355,5.22,5.28,80200
AVA,25-Aug-2026,38.1,38.3,37.75,37.75,721200
AVAL,25-Aug-2026,5.52,5.56,5.41,5.54,99800
AVBC,25-Aug-2026,22.18,22.18,21.76,21.93,111600
AVD,25-Aug-2026,2.17,2.27,2.16,2.24,171700
AVEX,25-Aug-2026,19.41,19.4201,17.3,17.45,2259300
AVK,25-Aug-2026,12.65,12.7,12.52,12.54,112000
AVNT,25-Aug-2026,44.78,44.86,43.87,44.62,646400
AVTR,25-Aug-2026,14.26,14.5,14.05,14.42,5555100
AVY,25-Aug-2026,185.08,185.65,179.55,179.95,692800
AWF,25-Aug-2026,10.14,10.18,10.135,10.18,325200
AWI,25-Aug-2026,180.92,181.29,179.0001,179.81,307400
AWK,25-Aug-2026,139,139.8,137.1,137.6,1939500
AWP,25-Aug-2026,11.74,11.83,11.7027,11.76,103600
AWR,25-Aug-2026,91.19,91.72,89.69,90.24,144800
AX,25-Aug-2026,97.47,98.863,95.9,98.82,297400
AXP,25-Aug-2026,338.16,338.74,333.925,335.95,2017300
AXR,25-Aug-2026,22.97,23.37,22.925,23,3700
AXS,25-Aug-2026,99.09,99.65,98.48,99.41,579800
AXS-E,25-Aug-2026,18.59,18.7494,18.53,18.6475,24000
AXSpE,25-Aug-2026,18.59,18.7494,18.53,18.6475,19091
AXTA,25-Aug-2026,36.29,36.43,35.94,36.4,914900
AYI,25-Aug-2026,340.5,344.205,336.02,339.95,183900
AZN,25-Aug-2026,167.08,170.18,166.78,169.66,3453700
AZO,25-Aug-2026,3001.33,3046.47,2994.33,3027.34,266300
AZUL,25-Aug-2026,7.57,8,7.315,7.8,76900
AZZ,25-Aug-2026,143.28,143.28,138.05,138.51,190100
B,25-Aug-2026,47.52,49.14,47.52,48.87,10440000
BA,25-Aug-2026,212.49,212.94,210.11,211.08,4854600
BA-A,25-Aug-2026,65.93,65.93,65.12,65.93,1198000
BABA,25-Aug-2026,117.94,119.48,117.31,119.44,15750900
BAC,25-Aug-2026,62.19,62.75,61.87,62.43,23391300
BAC-B,25-Aug-2026,24.49,24.53,24.41,24.51,69000
BAC-E,25-Aug-2026,18.14,18.1899,18.0885,18.162,38500
BAC-K,25-Aug-2026,23.75,23.83,23.62,23.78,54100
BAC-L,25-Aug-2026,1286.11,1290.41,1283.52,1289,4600
BAC-M,25-Aug-2026,21.02,21.07,20.902,21.07,168200
BAC-N,25-Aug-2026,19.58,19.7,19.48,19.7,171600
BAC-O,25-Aug-2026,16.82,16.88,16.7511,16.79,453100
BAC-P,25-Aug-2026,16.15,16.1962,16.1,16.15,80800
BAC-Q,25-Aug-2026,16.29,16.4,16.2873,16.38,147400
BAC-S,25-Aug-2026,18.21,18.4,18.21,18.34,82200
BACpB,25-Aug-2026,24.49,24.53,24.41,24.51,60858
BACpE,25-Aug-2026,18.14,18.1899,18.0885,18.162,36284
BACpK,25-Aug-2026,23.75,23.83,23.62,23.77,44055
BACpL,25-Aug-2026,1286.11,1290.41,1283.52,1289,4022
BACpM,25-Aug-2026,21,21.07,20.902,21.07,153466
BACpN,25-Aug-2026,19.53,19.7,19.48,19.7,157035
BACpO,25-Aug-2026,16.82,16.88,16.7511,16.79,417587
BACpP,25-Aug-2026,16.09,16.1962,16.09,16.19,74543
BACpQ,25-Aug-2026,16.29,16.4,16.2873,16.38,133317
BACpS,25-Aug-2026,18.21,18.4,18.21,18.34,70611
BAH,25-Aug-2026,75.34,75.92,73.785,73.83,1423300
BAK,25-Aug-2026,1.86,1.86,1.62,1.63,4589600
BALL,25-Aug-2026,64.55,64.61,63.44,64.08,1123800
BALY,25-Aug-2026,9.43,9.77,9.2001,9.49,75600
BAM,25-Aug-2026,52.63,52.665,52.08,52.5,1566500
BAN-F,25-Aug-2026,25.3,25.3,25.01,25.22,20900
BANC,25-Aug-2026,18.72,18.78,18.5,18.59,1706800
BANCpF,25-Aug-2026,25.3,25.3,25.01,25.22,18303
BAP,25-Aug-2026,381.54,383.69,375.21,383.3,214600
BApA,25-Aug-2026,65.93,65.93,65.12,65.52,64416
BARK,25-Aug-2026,10.3,10.39,10.05,10.34,26900
BAX,25-Aug-2026,26.43,26.5,26.01,26.29,3792800
BB,25-Aug-2026,7.805,7.8899,7.73,7.79,7736300
BBA.W,25-Aug-2026,0.1201,0.139,0.12,0.13,52800
BBAI,25-Aug-2026,3.13,3.15,3.06,3.09,11613800
BBAI.WS,25-Aug-2026,0.1201,0.139,0.12,0.13,52449
BBAR,25-Aug-2026,14.85,14.99,14.42,14.8,743900
BBD,25-Aug-2026,3.15,3.27,3.12,3.25,30380500
BBDC,25-Aug-2026,9.45,9.468,9.365,9.45,696900
BBDO,25-Aug-2026,3.17,3.2,3.17,3.19,65500
BBN,25-Aug-2026,15.78,15.92,15.78,15.91,102900
BBT,25-Aug-2026,31.9,31.915,31.09,31.4,740600
BBUC,25-Aug-2026,28.29,28.4512,28.01,28.26,163600
BBVA,25-Aug-2026,28.88,28.95,28.6316,28.95,985800
BBW,25-Aug-2026,38.66,40,37.36,39.37,593300
BBWI,25-Aug-2026,19.16,19.16,17.43,17.58,12231700
BBY,25-Aug-2026,86.53,87.83,84.74,85.29,4192400
BC,25-Aug-2026,82.13,82.365,79.6,80.33,461600
BC-C,25-Aug-2026,24.17,24.17,23.95,23.96,10800
BCAT,25-Aug-2026,15.77,15.9,15.77,15.88,331900
BCC,25-Aug-2026,82.73,82.73,80.255,81.04,227100
BCE,25-Aug-2026,23.75,23.84,23.5015,23.59,1678300
BCEM,25-Aug-2026,26.7,26.8528,26.7,26.8528,1600
BCGD,25-Aug-2026,26.83,26.83,26.77,26.8169,2900
BCH,25-Aug-2026,43.02,43.05,42.41,42.65,418500
BCO,25-Aug-2026,112.26,113.39,110.01,111,320900
BCS,25-Aug-2026,27.01,27.28,26.87,27.23,1663200
BCSF,25-Aug-2026,12.15,12.189,12.02,12.09,411200
BCSM,25-Aug-2026,25.74,25.755,25.59,25.62,3000
BCSS,25-Aug-2026,10.28,10.28,10.28,10.28,4500
BCX,25-Aug-2026,13.11,13.31,13.07,13.21,161700
BDC,25-Aug-2026,118.76,118.76,115.82,116.96,318500
BDJ,25-Aug-2026,9.78,9.82,9.76,9.8,314600
BDN,25-Aug-2026,3.19,3.29,3.19,3.28,2434400
BDX,25-Aug-2026,189.31,190.07,187.03,189.78,1207500
BE,25-Aug-2026,213.54,218.53,208.3,217.45,14898300
BEKE,25-Aug-2026,17.63,18.085,17.5,18.01,4674600
BEN,25-Aug-2026,34.69,35.135,34.54,35.03,2343600
BEP,25-Aug-2026,32.35,33.08,32.35,32.81,433600
BEP-A,25-Aug-2026,16.8,16.9999,16.65,16.76,10100
BEPC,25-Aug-2026,33.25,33.65,32.88,33.39,1134400
BEPH,25-Aug-2026,15.2,15.2,15.11,15.14,13000
BEPI,25-Aug-2026,16.29,16.29,16.14,16.17,12600
BEPJ,25-Aug-2026,23.64,23.7,23.43,23.49,13500
BEPpA,25-Aug-2026,16.8,16.9999,16.65,16.76,8902
BETA,25-Aug-2026,24,24.8502,21.975,22.11,2606800
BF.A,25-Aug-2026,29.41,29.41,28.68,28.92,96800
BF.B,25-Aug-2026,28.39,28.4988,28,28.18,2142800
BFAM,25-Aug-2026,73.14,74.11,72.94,73.89,451700
BFH,25-Aug-2026,107.99,109.02,106.07,107.63,299900
BFH-A,25-Aug-2026,25.37,25.3704,25.26,25.28,6100
BFH-B,25-Aug-2026,25.49,25.57,25.45,25.4501,35000
BFLY,25-Aug-2026,9.08,9.66,8.8319,9.04,4039000
BFS,25-Aug-2026,34.28,34.28,33.84,34.13,57500
BFS-D,25-Aug-2026,20.61,20.81,20.41,20.81,1700
BFS-E,25-Aug-2026,21.18,21.31,21.01,21.0201,3100
BFSpD,25-Aug-2026,20.61,20.81,20.41,20.81,1412
BFSpE,25-Aug-2026,21.18,21.31,21.01,21.0201,2411
BG,25-Aug-2026,108.99,112.29,106.57,111.71,1726500
BGB,25-Aug-2026,11.21,11.21,11.14,11.21,323300
BGH,25-Aug-2026,14.05,14.17,13.98,14.16,45000
BGR,25-Aug-2026,17.17,17.28,17,17,123500
BGS,25-Aug-2026,3.47,3.54,3.39,3.52,2182500
BGSF,25-Aug-2026,5.26,5.42,5.26,5.41,7100
BGSI,25-Aug-2026,86.86,86.86,84.3,85.51,65500
BGT,25-Aug-2026,10.89,10.96,10.857,10.95,152100
BGX,25-Aug-2026,10.76,10.775,10.73,10.75,67500
BGY,25-Aug-2026,5.87,5.91,5.86,5.88,124100
BH,25-Aug-2026,380.97,383.91,372.38,379.7,47800
BH.A,25-Aug-2026,1931.82,1963.5,1909.15,1947.23,14100
BHC,25-Aug-2026,6.736,6.74,6.455,6.73,3455700
BHE,25-Aug-2026,73.91,73.91,71.09,71.86,257500
BHK,25-Aug-2026,9,9.09,8.96,9.09,257600
BHP,25-Aug-2026,95.86,98.71,95.86,98.69,2938100
BHR,25-Aug-2026,2.06,2.065,2.02,2.05,177100
BHR-B,25-Aug-2026,13.465,13.465,13.21,13.44,1800
BHR-D,25-Aug-2026,17,17.02,16.9427,17.02,2800
BHRpB,25-Aug-2026,13.465,13.465,13.21,13.44,1464
BHRpD,25-Aug-2026,17,17.015,16.9427,17,2469
BHV,25-Aug-2026,12.8,12.8,12.643,12.71,3900
BHVN,25-Aug-2026,13.96,14.86,13.92,14.38,3441600
BIII,25-Aug-2026,10.02,10.02,10.02,10.02,2100
BILL,25-Aug-2026,47.985,49.225,47.39,47.71,1920400
BIO,25-Aug-2026,384,390.83,377.8,390.34,295700
BIP,25-Aug-2026,38.3,39.4,38.28,38.94,752400
BIP-A,25-Aug-2026,17.16,17.3712,17.16,17.3712,2500
BIP-B,25-Aug-2026,16.75,16.9729,16.75,16.905,10000
BIPC,25-Aug-2026,39.28,40.01,39.14,39.63,813900
BIPH,25-Aug-2026,15.88,16.01,15.88,15.975,5300
BIPI,25-Aug-2026,16.73,16.79,16.7,16.745,5100
BIPJ,25-Aug-2026,23.89,24,23.785,23.97,23900
BIPpA,25-Aug-2026,17.16,17.3712,17.16,17.3712,1722
BIPpB,25-Aug-2026,16.75,16.9729,16.75,16.905,8041
BIRK,25-Aug-2026,35.38,36.07,34.7,35.29,2309100
BIT,25-Aug-2026,11.9,12.02,11.89,12.02,283600
BJ,25-Aug-2026,97.63,98.21,94.28,94.37,1984200
BKD,25-Aug-2026,12.18,12.305,11.97,12.2,5183300
BKE,25-Aug-2026,44.5,44.5,43.0117,43.73,453900
BKH,25-Aug-2026,72.33,73.49,71.81,73.02,1045900
BKK.W,25-Aug-2026,0.0277,0.03,0.0277,0.03,6600
BKKT,25-Aug-2026,8.25,8.9463,8.1,8.63,1500700
BKKT.WS,25-Aug-2026,0.0277,0.03,0.0277,0.03,6531
BKSY,25-Aug-2026,26.07,26.48,25,25.21,616000
BKT,25-Aug-2026,10.41,10.53,10.41,10.47,117100
BKU,25-Aug-2026,46.76,46.76,46.1,46.32,490600
BKV,25-Aug-2026,23.8,24.11,23.52,24.04,631500
BLCO,25-Aug-2026,17.44,17.44,17,17.25,476300
BLDR,25-Aug-2026,71.56,71.61,68.615,69.36,1968100
BLK,25-Aug-2026,1170.94,1180.78,1163.36,1176.64,488500
BLND,25-Aug-2026,1.51,1.53,1.48,1.48,1274600
BLSH,25-Aug-2026,30,32.55,29.9,32.02,1932600
BLW,25-Aug-2026,12.69,12.83,12.6465,12.8,158100
BLX,25-Aug-2026,53.88,54.71,53.65,54.58,140700
BMA,25-Aug-2026,77.7,78.27,75.49,77.77,255000
BME,25-Aug-2026,45.84,46.425,45.6501,46.19,49000
BMEZ,25-Aug-2026,16.81,17.1,16.81,17.01,155900
BMI,25-Aug-2026,137.39,138.77,134.28,136.36,305300
BML-G,25-Aug-2026,18.38,18.45,18.38,18.45,8500
BML-H,25-Aug-2026,18.39,18.4693,18.25,18.37,55000
BML-J,25-Aug-2026,19.06,19.27,19.06,19.16,24100
BML-L,25-Aug-2026,19.03,19.11,18.98,19.04,59900
BMLpG,25-Aug-2026,18.38,18.45,18.38,18.45,7479
BMLpH,25-Aug-2026,18.39,18.4693,18.25,18.37,49504
BMLpJ,25-Aug-2026,19.06,19.27,19.06,19.12,19824
BMLpL,25-Aug-2026,19.03,19.11,18.98,19.0901,56703
BMN,25-Aug-2026,25.85,25.85,25.22,25.35,4000
BMNP,25-Aug-2026,94.13,95,93.73,94.77,37300
BMNR,25-Aug-2026,23.8,25.7758,23.59,24.82,61458200
BMO,25-Aug-2026,175.01,175.01,169.77,173.46,1341800
BMY,25-Aug-2026,66.42,68.05,66.42,67.92,7912500
BN,25-Aug-2026,42.17,42.3015,41.78,42.12,2442600
BNED,25-Aug-2026,12.42,12.68,12.17,12.61,359700
BNH,25-Aug-2026,15.11,15.11,15.066,15.07,9300
BNJ,25-Aug-2026,15.07,15.08,15.05,15.075,5400
BNL,25-Aug-2026,21.4,21.565,21.29,21.55,2187300
BNS,25-Aug-2026,88.94,93.44,88.46,93.1,4250200
BNT,25-Aug-2026,42.21,42.36,42.155,42.23,4300
BNY,25-Aug-2026,162.06,164.02,161.045,163.65,1971200
BNY-K,25-Aug-2026,24.95,25.05,24.861,24.93,126100
BOBS,25-Aug-2026,18.16,18.16,17.16,17.3,659700
BOC,25-Aug-2026,14.05,14.25,13.9,14.06,118400
BOE,25-Aug-2026,12.51,12.53,12.45,12.48,102300
BOH,25-Aug-2026,76.88,76.93,76.15,76.16,412700
BOH-A,25-Aug-2026,15.24,15.43,15.22,15.34,8600
BOH-B,25-Aug-2026,26.0424,26.3799,26.0424,26.3799,6700
BOHpA,25-Aug-2026,15.24,15.43,15.22,15.34,7596
BOHpB,25-Aug-2026,26.0424,26.3799,26.0424,26.3799,4534
BOND,25-Aug-2026,90.97,91.145,90.915,91.12,511500
BOOT,25-Aug-2026,161.69,164.19,157.38,159.69,895300
BORR,25-Aug-2026,4.47,4.525,4.38,4.46,4733400
BOW,25-Aug-2026,33.8,33.8,33.6,33.6,156800
BOX,25-Aug-2026,33.33,33.79,32.7,33,4308400
BP,25-Aug-2026,43.46,43.55,42.8,42.86,7151400
BPRE,25-Aug-2026,12.13,12.15,12.03,12.1,1049900
BR,25-Aug-2026,183.07,186.01,182.01,184.82,1108100
BRBR,25-Aug-2026,10.8,10.83,10.475,10.76,2226800
BRC,25-Aug-2026,94.56,95.26,92.64,93.62,146100
BRCC,25-Aug-2026,9.11,9.11,7.7125,8.55,413200
BRCE,25-Aug-2026,30.26,30.26,30.19,30.21,2100
BREE,25-Aug-2026,27.1,27.2936,27.1,27.2936,1100
BRIE,25-Aug-2026,31.23,31.37,31.19,31.3562,151900
BRK.A,25-Aug-2026,754000,756732,752500,755365,100
BRK.B,25-Aug-2026,503.95,504.7499,501.16,504.32,3039800
BRO,25-Aug-2026,73.86,74.485,73.19,73.34,1290400
BROL,25-Aug-2026,26.155,26.155,26.09,26.1084,1700
BROS,25-Aug-2026,51.85,52.57,50.7326,51.08,4002600
BRSL,25-Aug-2026,11.75,11.835,11.545,11.61,1251200
BRSP,25-Aug-2026,4.91,4.91,4.855,4.87,619400
BRT,25-Aug-2026,14.9,15.18,14.82,15.14,28800
BRW,25-Aug-2026,6.5,6.53,6.45,6.52,136300
BRX,25-Aug-2026,29.65,29.81,29.37,29.5,2131000
BSAC,25-Aug-2026,36.06,36.265,35.58,36.15,375100
BSBR,25-Aug-2026,5.76,5.805,5.705,5.8,2932600
BSL,25-Aug-2026,12.95,12.96,12.92,12.94,47600
BSM,25-Aug-2026,15,15.0299,14.8273,14.89,378600
BST,25-Aug-2026,49.36,49.88,49.07,49.55,69000
BSTZ,25-Aug-2026,30.03,30.46,29.98,30.24,125500
BSX,25-Aug-2026,48.79,50.04,48.54,49.86,17368900
BTE,25-Aug-2026,4.61,4.695,4.595,4.61,13480700
BTGO,25-Aug-2026,6.75,7.27,6.73,7.1,1548200
BTI,25-Aug-2026,56.28,56.53,56.05,56.47,9046000
BTO,25-Aug-2026,39.8,40.3423,39.56,39.7,34100
BTT,25-Aug-2026,22.54,22.6236,22.5,22.56,55300
BTU,25-Aug-2026,27.42,27.61,26.96,27.46,1447500
BTX,25-Aug-2026,8.83,8.9,8.82,8.86,400100
BTZ,25-Aug-2026,10.08,10.14,10.06,10.1,354100
BUD,25-Aug-2026,78.86,78.96,78.44,78.75,813600
BUI,25-Aug-2026,27.02,27.1543,26.8,26.88,59500
BUR,25-Aug-2026,4.31,4.475,4.29,4.47,1232900
BURL,25-Aug-2026,328.15,328.17,314,315.27,1779400
BUXX,25-Aug-2026,20.25,20.27,20.25,20.27,152200
BV,25-Aug-2026,11.01,11.19,10.89,11.15,805500
BVN,25-Aug-2026,34.66,36.125,34.31,35.94,605900
BW,25-Aug-2026,7.92,8.08,7.79,7.83,3778500
BW-A,25-Aug-2026,22.3,22.74,21.8,22.3574,12700
BWA,25-Aug-2026,64.93,65.61,64.61,65.1,1830300
BWG,25-Aug-2026,7.69,7.69,7.65,7.66,33100
BWI.U,25-Aug-2026,10.15,10.15,10.15,10.15,500
BWI.W,25-Aug-2026,0.31,0.31,0.2836,0.3034,32300
BWIV,25-Aug-2026,9.96,9.96,9.94,9.96,8400
BWLP,25-Aug-2026,25.2,25.475,24.74,24.8,559900
BWMX,25-Aug-2026,16.11,16.29,15.83,16.28,28000
BWpA,25-Aug-2026,22.3,22.74,21.8,22.3574,11428
BWXT,25-Aug-2026,151.8,152.6,147.74,149.73,1886500
BX,25-Aug-2026,143.43,143.6699,141.45,143.41,2153700
BXC,25-Aug-2026,83.88,84.26,80.945,83.5,126500
BXDC,25-Aug-2026,20.89,21.2,20.59,20.68,920600
BXMT,25-Aug-2026,14.12,14.14,13.965,14.03,1540500
BXP,25-Aug-2026,70.64,72.16,69.985,72.13,1330000
BXSL,25-Aug-2026,24.95,24.9799,24.7301,24.83,1307000
BY,25-Aug-2026,38.43,38.43,38.05,38.11,114300
BYD,25-Aug-2026,81.51,81.52,80.57,81.11,669800
BZH,25-Aug-2026,33.22,33.22,33.13,33.19,419600
C,25-Aug-2026,132.77,133.68,131.5,133.25,6701900
C-N,25-Aug-2026,26.41,26.53,26.4,26.49,194700
C-R,25-Aug-2026,24.4,25.94,24.3215,24.42,212500
CAAP,25-Aug-2026,24.09,24.87,23.95,24.82,229000
CABO,25-Aug-2026,22.85,26.68,22.83,26.34,386700
CACI,25-Aug-2026,632.25,632.25,611.28,612.1,321500
CAF,25-Aug-2026,18.62,19.085,18.62,18.82,9000
CAG,25-Aug-2026,16.48,16.5942,16.16,16.27,7067700
CAH,25-Aug-2026,232.51,238.1,232.375,237.92,1335000
CAL,25-Aug-2026,13.54,13.6,12.99,13.05,421900
CALX,25-Aug-2026,40.05,40.32,39.74,39.85,708500
CALY,25-Aug-2026,15.91,15.97,15.465,15.47,1269100
CANG,25-Aug-2026,2.36,2.4092,2.16,2.38,458600
CAPL,25-Aug-2026,23.25,23.5,22.865,23,38600
CARR,25-Aug-2026,60.93,61.035,58.22,58.52,6615500
CARS,25-Aug-2026,12.31,12.47,12.17,12.34,316000
CAT,25-Aug-2026,833.57,834.45,804.75,811.29,1655500
CATO,25-Aug-2026,2.85,2.85,2.77,2.79,47900
CAVA,25-Aug-2026,71.96,72.22,69.14,69.29,1780200
CB,25-Aug-2026,345.38,346.22,341.4,343.11,1783400
CBAN,25-Aug-2026,21.53,21.53,21.085,21.18,86000
CBL,25-Aug-2026,56.17,56.31,55.3383,55.8,113700
CBNA,25-Aug-2026,45.33,45.97,44.78,45.97,15900
CBRE,25-Aug-2026,151.43,152.9999,150.03,151.74,1007100
CBT,25-Aug-2026,84,85.05,82.37,83.64,316700
CBU,25-Aug-2026,63.1,63.29,62.74,62.93,155700
CBZ,25-Aug-2026,54.55,54.8,54.45,54.75,683300
CC,25-Aug-2026,15.64,15.87,15.17,15.77,1679400
CCI,25-Aug-2026,76.23,76.855,75.42,76.29,2016900
CCID,25-Aug-2026,25.06,25.1,25.06,25.1,1300
CCIF,25-Aug-2026,2.72,2.725,2.66,2.67,68100
CCJ,25-Aug-2026,103.5,107.77,102.75,106.96,3725400
CCK,25-Aug-2026,120.21,120.515,119.01,120.43,1033400
CCL,25-Aug-2026,26.2,26.29,25.71,26.14,19139400
CCM,25-Aug-2026,5.06,5.06,4.95,4.95,9300
CCO,25-Aug-2026,2.37,2.38,2.364,2.38,4914500
CCS,25-Aug-2026,70.9,70.9,68.65,70.31,221100
CCU,25-Aug-2026,12.61,12.75,12.51,12.56,174500
CDE,25-Aug-2026,20.47,21.59,20.37,21.59,44837400
CDLR,25-Aug-2026,26,26.2,25.49,26.04,136700
CDP,25-Aug-2026,37.51,37.82,37.2193,37.55,586000
CDR-C,25-Aug-2026,15.7,16.01,15.7,15.787,3300
CDRE,25-Aug-2026,33.55,33.95,31.26,31.39,429200
CDRpC,25-Aug-2026,15.7,16.01,15.7,15.787,3017
CE,25-Aug-2026,44.88,44.8807,43.9,44.52,1033200
CEE,25-Aug-2026,20.64,20.64,20,20.28,69900
CEL-,25-Aug-2026,0.093,0.12,0.0925,0.1198,82200
CELGr,25-Aug-2026,0.093,0.12,0.0925,0.1198,81973
CEPU,25-Aug-2026,13.42,13.98,13.205,13.51,126300
CF,25-Aug-2026,126.44,128.93,125.755,127.26,2141500
CFG,25-Aug-2026,70.35,70.35,69.58,69.83,2056900
CFG-E,25-Aug-2026,18.25,18.41,18.13,18.36,33500
CFG-H,25-Aug-2026,25.69,26.01,25.6001,25.89,109200
CFG-I,25-Aug-2026,24.88,24.9353,24.75,24.88,64100
CFGpE,25-Aug-2026,18.25,18.41,18.13,18.36,27421
CFGpH,25-Aug-2026,25.69,26.01,25.6001,25.93,14883
CFGpI,25-Aug-2026,24.88,24.9353,24.75,24.88,53991
CFND,25-Aug-2026,2.5,2.73,2.42,2.73,470400
CFR,25-Aug-2026,164.24,166.35,162.395,163.38,319600
CFR-B,25-Aug-2026,17.14,17.25,17.07,17.18,21800
CFRpB,25-Aug-2026,17.14,17.25,17.07,17.18,19466
CFT-A,25-Aug-2026,25.16,25.69,25.06,25.25,12700
CGAU,25-Aug-2026,23.1,24.22,23.1,24.18,1553000
CGV,25-Aug-2026,16.23,16.27,16.22,16.24,4300
CHCT,25-Aug-2026,15.2,15.22,14.77,15.02,330000
CHD,25-Aug-2026,102.09,102.57,101.35,102.56,1199800
CHE,25-Aug-2026,540.58,546.555,538.31,543.98,155900
CHGG,25-Aug-2026,0.7933,0.813,0.7709,0.7914,533400
CHH,25-Aug-2026,111.71,112.14,108.87,110.25,526800
CHM-A,25-Aug-2026,21.94,21.94,21.4,21.69,4200
CHM-B,25-Aug-2026,24.15,24.15,23.9572,23.9572,1100
CHMI,25-Aug-2026,2.92,2.94,2.91,2.93,227400
CHMIpA,25-Aug-2026,21.94,21.94,21.4,21.69,3666
CHMIpB,25-Aug-2026,24.15,24.15,23.9572,23.9572,799
CHPT,25-Aug-2026,6.01,6.12,5.83,5.84,333900
CHT,25-Aug-2026,42.99,43.2,42.81,43.17,137500
CHWY,25-Aug-2026,24.52,24.81,24.33,24.69,5235200
CI,25-Aug-2026,278.87,279.55,276.25,279.32,1644800
CIA,25-Aug-2026,3.97,4.03,3.82,3.89,104300
CIB,25-Aug-2026,102.51,103.46,100.845,103.26,285900
CICB,25-Aug-2026,25.12,25.26,25.12,25.26,9000
CICC,25-Aug-2026,24.975,24.975,24.975,24.975,3100
CIEN,25-Aug-2026,386.33,388.73,378.935,387.66,1191400
CIG,25-Aug-2026,1.96,2.02,1.95,2.02,3876600
CIG.C,25-Aug-2026,2.99,3.1,2.99,3.07,1800
CII,25-Aug-2026,24.37,24.43,24.155,24.35,57000
CIM,25-Aug-2026,11.63,11.65,11.5,11.61,777900
CIM-A,25-Aug-2026,21.82,21.97,21.82,21.93,6600
CIM-B,25-Aug-2026,24.65,24.79,24.55,24.78,76700
CIM-C,25-Aug-2026,23.46,23.46,23.075,23.135,15200
CIM-D,25-Aug-2026,24.55,24.65,24.4601,24.59,14900
CIMN,25-Aug-2026,25.15,25.185,25.13,25.14,18900
CIMO,25-Aug-2026,25.33,25.34,25.23,25.23,8400
CIMP,25-Aug-2026,25.24,25.3,25.24,25.27,5400
CIMpA,25-Aug-2026,21.82,21.97,21.82,21.93,6201
CIMpB,25-Aug-2026,24.65,24.79,24.55,24.78,71000
CIMpC,25-Aug-2026,23.46,23.46,23.075,23.135,13069
CIMpD,25-Aug-2026,24.55,24.65,24.4601,24.59,11534
CINT,25-Aug-2026,3.67,3.7,3.44,3.45,139900
CION,25-Aug-2026,7.42,7.63,7.35,7.51,466800
CL,25-Aug-2026,92.09,92.54,91.19,91.33,2683000
CLB,25-Aug-2026,11.98,12.165,11.81,12.06,447700
CLBR,25-Aug-2026,10.23,10.23,10.23,10.23,100
CLD-A,25-Aug-2026,20.18,20.25,20.14,20.25,9000
CLDT,25-Aug-2026,13.88,13.89,13.625,13.79,209200
CLDTpA,25-Aug-2026,20.18,20.25,20.14,20.25,7887
CLF,25-Aug-2026,11.32,11.58,11.22,11.52,14831100
CLH,25-Aug-2026,314.36,315.31,308.34,308.48,268100
CLPR,25-Aug-2026,3.4,3.475,3.35,3.43,40100
CLS,25-Aug-2026,303.83,307.34,298.455,306.86,1752100
CLVT,25-Aug-2026,2.1,2.17,2.09,2.16,2793400
CLW,25-Aug-2026,21.21,21.86,20.69,21.77,145900
CLX,25-Aug-2026,106.2,106.43,104.385,104.93,1686200
CM,25-Aug-2026,116.29,118.455,115.225,118.33,907700
CMBT,25-Aug-2026,18.1,18.26,17.95,18.17,867400
CMC,25-Aug-2026,65.6,67.18,64.54,66.85,1129800
CMCM,25-Aug-2026,3.1,3.1,3.0295,3.03,2000
CMDB,25-Aug-2026,20.25,20.66,19.95,20.6,61800
CMG,25-Aug-2026,37.99,38.24,37.43,37.43,11325400
CMI,25-Aug-2026,583.54,583.54,569.5,572.67,742300
CMP,25-Aug-2026,24.54,24.67,24.18,24.57,395300
CMR-B,25-Aug-2026,25.49,25.49,25.4,25.49,4700
CMR-C,25-Aug-2026,26.6,26.87,26.575,26.75,2400
CMR-D,25-Aug-2026,26.63,27.25,26.63,27.18,8500
CMRE,25-Aug-2026,15.52,15.89,15.225,15.77,268100
CMREpB,25-Aug-2026,25.49,25.49,25.4,25.49,4410
CMREpC,25-Aug-2026,26.6,26.87,26.575,26.75,1719
CMREpD,25-Aug-2026,26.63,27.25,26.63,27.02,7881
CMS,25-Aug-2026,68.4,69.07,68.28,68.74,2581800
CMS-B,25-Aug-2026,75.7,77,75.7,77,700
CMS-C,25-Aug-2026,16.37,16.66,16.19,16.488,61700
CMSA,25-Aug-2026,20.26,20.5099,20.22,20.47,37000
CMSC,25-Aug-2026,21.18,21.41,21.126,21.34,18300
CMSD,25-Aug-2026,21.19,21.26,20.9701,21.26,88400
CMSpB,25-Aug-2026,75.7,77,75.7,77,300
CMSpC,25-Aug-2026,16.37,16.66,16.19,16.488,55598
CMTG,25-Aug-2026,1.71,1.75,1.695,1.71,255100
CNA,25-Aug-2026,49.66,49.8,49.01,49.14,253000
CNC,25-Aug-2026,65.95,65.95,64.6,65,4344700
CNF,25-Aug-2026,2.19,2.205,2.11,2.2,2900
CNH,25-Aug-2026,11.9,11.915,11.48,11.56,17082500
CNI,25-Aug-2026,127.41,128.44,126.64,127.12,753900
CNK,25-Aug-2026,38.3,38.45,37.325,37.4,1680900
CNM,25-Aug-2026,44.69,44.845,43.7,44.08,1594300
CNMD,25-Aug-2026,51.14,51.56,50.25,51.13,296700
CNNE,25-Aug-2026,15.36,15.63,15.165,15.6,520700
CNO,25-Aug-2026,54.51,54.51,53.685,54.19,635000
CNO-A,25-Aug-2026,16.33,16.435,16.31,16.435,1000
CNOpA,25-Aug-2026,16.33,16.435,16.31,16.435,632
CNP,25-Aug-2026,39.05,39.2497,38.9,38.93,4535900
CNQ,25-Aug-2026,49.89,50.445,49.55,49.59,6896700
CNR,25-Aug-2026,95.12,97.38,94.3201,96.98,347100
CNS,25-Aug-2026,83.53,83.8299,81.71,83.01,103000
CNX,25-Aug-2026,35.86,36.33,35.67,36,1298500
COD-A,25-Aug-2026,19.69,20.26,19.69,19.89,4500
COD-B,25-Aug-2026,22.21,22.4799,22.21,22.36,5700
COD-C,25-Aug-2026,22.11,22.22,22.1095,22.1705,2300
CODI,25-Aug-2026,11.51,11.7,11.3,11.52,438600
CODIpA,25-Aug-2026,19.69,20.26,19.69,19.89,4090
CODIpB,25-Aug-2026,22.21,22.4799,22.21,22.36,3911
CODIpC,25-Aug-2026,22.11,22.22,22.1095,22.1705,1548
COF,25-Aug-2026,217.89,218.145,214.94,216.24,2164600
COF-I,25-Aug-2026,17.76,17.86,17.71,17.8,191300
COF-J,25-Aug-2026,16.91,17.0463,16.86,16.87,197200
COF-K,25-Aug-2026,16.43,16.53,16.39,16.43,10100
COF-L,25-Aug-2026,15.54,15.7,15.4701,15.565,62300
COF-N,25-Aug-2026,15.21,15.38,15.2,15.32,25900
COFpI,25-Aug-2026,17.71,17.86,17.71,17.78,173678
COFpJ,25-Aug-2026,16.87,17.0463,16.86,16.87,182303
COFpK,25-Aug-2026,16.43,16.53,16.39,16.43,8779
COFpL,25-Aug-2026,15.54,15.7,15.4701,15.565,58541
COFpN,25-Aug-2026,15.21,15.38,15.2,15.32,23514
COHR,25-Aug-2026,287.15,291.71,281.32,288.14,4738900
COLD,25-Aug-2026,15.2,15.53,15.085,15.49,3843700
COMP,25-Aug-2026,11.73,11.835,11.53,11.8,9717000
CON,25-Aug-2026,35.26,35.315,34.55,34.78,632300
COOK,25-Aug-2026,57.11,57.91,56.085,57.26,23700
COP,25-Aug-2026,131.09,132.9178,130.17,131.84,6045400
COPL,25-Aug-2026,10.5,10.5188,10.5,10.5188,8700
COR,25-Aug-2026,322.68,328.51,321.43,328.06,1114900
COSO,25-Aug-2026,27.52,27.92,27.355,27.54,54900
COTY,25-Aug-2026,2.75,2.79,2.64,2.67,8382200
COUR,25-Aug-2026,6,6.23,5.97,6.19,4286500
CP,25-Aug-2026,94.72,95.63,94.17,94.34,1498400
CPA,25-Aug-2026,134.69,134.74,130.5,133.47,244300
CPAC,25-Aug-2026,11.95,12.19,11.86,12.15,68000
CPAI,25-Aug-2026,51.98,52.15,51.85,52.0053,31500
CPAY,25-Aug-2026,414.79,415.94,408.99,412.37,580900
CPF,25-Aug-2026,37.89,38.2,37.485,37.63,116200
CPK,25-Aug-2026,135.34,136.695,134.47,135,157900
CPN,25-Aug-2026,26.41,26.53,26.4,26.49,183336
CPNG,25-Aug-2026,16.31,16.795,16.21,16.69,9288200
CPRI,25-Aug-2026,13.63,13.66,13.21,13.3,4058500
CPS,25-Aug-2026,26.77,27.237,26.38,26.65,152200
CPT,25-Aug-2026,108.5,109.1,107.7625,108.28,798000
CQP,25-Aug-2026,68,68.5867,67.1697,67.95,90700
CR,25-Aug-2026,210.2,210.765,205.175,206.11,343100
CRBD,25-Aug-2026,22.06,22.2,21.9201,22.02,51000
CRBG,25-Aug-2026,32.03,32.11,31.62,31.83,2594700
CRC,25-Aug-2026,51.49,52.53,51.39,51.67,736200
CRCL,25-Aug-2026,84.73,93.45,84.25,92.02,18132200
CRD.A,25-Aug-2026,13.53,13.65,12.89,13.19,51300
CRD.B,25-Aug-2026,12.11,12.3562,11.7001,11.78,18800
CRGY,25-Aug-2026,13.43,13.64,13.345,13.45,4168400
CRH,25-Aug-2026,97.88,97.91,94.63,96.2,2978400
CRI,25-Aug-2026,34.24,34.62,33.61,33.91,1206400
CRK,25-Aug-2026,13.88,14.34,13.75,14.17,2344800
CRL,25-Aug-2026,299.93,300.59,295.355,297.64,883400
CRM,25-Aug-2026,205.85,210.31,204.76,205.69,10089500
CRS,25-Aug-2026,490.27,490.29,479.43,486.09,757100
CRT,25-Aug-2026,10.6,10.7613,10.53,10.61,8900
CSAN,25-Aug-2026,2.7,2.85,2.66,2.83,3770800
CSL,25-Aug-2026,363.99,365.27,359.97,363.27,383800
CSQR,25-Aug-2026,19.68,20.51,19.68,20.26,863900
CSR,25-Aug-2026,54.45,54.78,53.84,53.9,106400
CSTM,25-Aug-2026,26.74,27.22,26.33,27.08,1299300
CSV,25-Aug-2026,34.37,34.84,34.02,34.8,97400
CSW,25-Aug-2026,332.73,332.73,320.76,322.7,64000
CTA-A,25-Aug-2026,52.15,52.74,52.1,52.74,800
CTA-B,25-Aug-2026,65.46,65.48,65.1601,65.1601,1100
CTApA,25-Aug-2026,52.15,52.74,52.1,52.74,641
CTApB,25-Aug-2026,65.46,65.48,65.1601,65.1601,515
CTEV,25-Aug-2026,36.64,38.85,35.68,37.64,139800
CTGG,25-Aug-2026,16.05,16.38,16.05,16.38,46400
CTHH,25-Aug-2026,16.89,17.07,16.89,17.03,58600
CTO,25-Aug-2026,22.02,22.04,21.83,21.95,322000
CTO-A,25-Aug-2026,21.27,21.6256,21.27,21.395,2500
CTOpA,25-Aug-2026,21.27,21.6256,21.27,21.395,1030
CTOS,25-Aug-2026,9.94,9.98,9.59,9.65,648500
CTRE,25-Aug-2026,39.74,40.085,39.42,39.9,1773500
CTRI,25-Aug-2026,21.26,21.305,20.585,20.79,1235000
CTS,25-Aug-2026,57.24,57.9567,55.9851,56.69,99800
CTVA,25-Aug-2026,82.5,83.96,81.74,83.05,3098400
CUBB,25-Aug-2026,22.3,22.3,22.3,22.3,1100
CUBE,25-Aug-2026,41,41.095,40.42,40.62,1530000
CUBI,25-Aug-2026,79.34,79.34,78.28,78.3,141400
CURB,25-Aug-2026,29.97,30.34,29.855,30.08,1334900
CURV,25-Aug-2026,2.15,2.155,2.05,2.1,130900
CUZ,25-Aug-2026,30.04,30.245,29.9,30.2,1092000
CVE,25-Aug-2026,31.56,31.815,30.53,30.76,13284100
CVEO,25-Aug-2026,34.02,34.55,32.8493,33.51,40300
CVI,25-Aug-2026,37.55,38.3941,37.38,37.89,562900
CVLG,25-Aug-2026,34.7,35.095,34.0005,35.07,166900
CVNA,25-Aug-2026,72.9,76.45,72.2,75.77,9339100
CVS,25-Aug-2026,94.11,94.11,92.71,92.9,4102400
CVSA,25-Aug-2026,131.59,137.11,129.66,136.38,357000
CVX,25-Aug-2026,201.03,202.055,199.79,199.89,8176800
CW,25-Aug-2026,624.19,625.605,605.91,609.71,506000
CWEN,25-Aug-2026,32.7,32.87,32.16,32.49,1403100
CWH,25-Aug-2026,6.46,6.52,6.32,6.48,1143900
CWK,25-Aug-2026,14.65,14.875,14.385,14.85,1243000
CWT,25-Aug-2026,50.95,50.99,50.09,50.61,427100
CX,25-Aug-2026,11.08,11.15,10.875,11,6181100
CXM,25-Aug-2026,7.33,7.48,7.3,7.47,3344700
CXT,25-Aug-2026,50.62,50.87,49.58,50.15,386700
CXW,25-Aug-2026,33.72,33.92,32.83,33.14,987300
CYD,25-Aug-2026,39.33,39.64,39.02,39.37,95800
CYH,25-Aug-2026,2.98,2.99,2.94,2.97,688900
D,25-Aug-2026,66.74,67.17,66.265,66.93,3078200
DAC,25-Aug-2026,150.22,152.98,149,152.58,157500
DAL,25-Aug-2026,84.43,84.43,82.13,83.62,5714000
DAN,25-Aug-2026,30.43,30.43,29.89,30.16,1234000
DAO,25-Aug-2026,16.77,17.07,16.16,16.32,83400
DAR,25-Aug-2026,61.39,63.19,58.96,62.58,4007400
DAVA,25-Aug-2026,3.19,3.285,3.13,3.25,215300
DB,25-Aug-2026,38.7,39.07,38.395,39.04,1918900
DBD,25-Aug-2026,69.82,69.82,66.37,67.79,206400
DBI,25-Aug-2026,5.85,5.85,5.52,5.52,341500
DBL,25-Aug-2026,14.06,14.2,14.04,14.14,69400
DBR-H,25-Aug-2026,14.95,15.05,14.95,15,11700
DBR-I,25-Aug-2026,14.98,15.23,14.9601,14.9601,16900
DBR-J,25-Aug-2026,15.36,15.4653,15.3561,15.36,9700
DBRG,25-Aug-2026,15.98,15.98,15.96,15.97,8709000
DBRGpH,25-Aug-2026,14.95,15.05,14.95,15,10773
DBRGpI,25-Aug-2026,14.98,15.23,14.9601,14.9601,15277
DBRGpJ,25-Aug-2026,15.36,15.4653,15.3561,15.38,7150
DCBG,25-Aug-2026,26.53,26.53,26.53,26.53,100
DCH,25-Aug-2026,6.47,6.51,6.335,6.43,1432100
DCI,25-Aug-2026,93.64,93.86,92.36,93.26,671300
DCO,25-Aug-2026,187.78,188.215,180.055,181.36,166300
DCO-,25-Aug-2026,17.54,17.54,17.38,17.39,5900
DCOM,25-Aug-2026,40.47,40.63,40.245,40.39,139500
DD,25-Aug-2026,137.55,137.71,135.07,136.04,1347200
DDD,25-Aug-2026,3.18,3.235,3.105,3.22,1557700
DDL,25-Aug-2026,2.39,2.39,2.24,2.31,379000
DDS,25-Aug-2026,636.2,647.44,625.01,637.3,144700
DDT,25-Aug-2026,26.35,26.3999,26.2908,26.32,9100
DE,25-Aug-2026,652.07,653.18,627.14,630.66,1206900
DEA,25-Aug-2026,25.02,25.21,24.8101,25.1,274100
DEC,25-Aug-2026,14.57,14.79,14.5,14.67,542500
DECK,25-Aug-2026,89.51,89.715,88.2,88.74,3269600
DEI,25-Aug-2026,11.95,12.2,11.915,12.16,1476800
DELL,25-Aug-2026,442.89,457.99,441.7,451.5,3903700
DEO,25-Aug-2026,94.68,95.08,94.18,94.75,1007900
DFH,25-Aug-2026,15.19,15.45,14.6001,15.31,382400
DFIN,25-Aug-2026,47.33,47.91,47.06,47.75,139800
DFP,25-Aug-2026,20.68,20.68,20.62,20.63,56300
DG,25-Aug-2026,124.78,124.81,122.3,122.58,1533300
DGA-,25-Aug-2026,0.1377,0.1377,0.13,0.13,28100
DGA.U,25-Aug-2026,10.1,10.1,10.09,10.1,28100
DGAC,25-Aug-2026,9.98,9.99,9.98,9.99,1102600
DGX,25-Aug-2026,243.93,245.78,241.79,244.51,709100
DHF,25-Aug-2026,2.34,2.38,2.34,2.38,640200
DHI,25-Aug-2026,150.11,150.99,147.56,150.8,1189500
DHR,25-Aug-2026,213.88,216.77,212.24,215.97,2339400
DHT,25-Aug-2026,19.62,19.79,19.115,19.17,3538200
DHX,25-Aug-2026,4.23,4.48,4.161,4.38,556500
DIN,25-Aug-2026,36.1,36.1,34.59,35.43,149800
DINO,25-Aug-2026,94.13,95.85,93.16,93.24,1368900
DIS,25-Aug-2026,110.5,111.595,109.76,111.25,6748500
DIVY,25-Aug-2026,31.125,31.27,31.12,31.2645,3000
DK,25-Aug-2026,66.73,69.98,66.73,67.59,1011400
DKL,25-Aug-2026,53.74,53.89,53.34,53.66,136500
DKS,25-Aug-2026,142.36,146.48,124,124.31,38849900
DLB,25-Aug-2026,65.72,66.48,65,66.12,962400
DLN-A,25-Aug-2026,26.17,26.4999,26.13,26.44,13800
DLNG,25-Aug-2026,3.78,3.845,3.72,3.72,51800
DLNGpA,25-Aug-2026,26.17,26.4999,26.13,26.44,9784
DLR,25-Aug-2026,189.32,193.17,189.32,192.32,1909700
DLR-J,25-Aug-2026,19.55,19.74,19.55,19.655,28400
DLR-K,25-Aug-2026,22.59,22.6099,22.0708,22.39,11600
DLR-L,25-Aug-2026,19.37,19.37,19.2022,19.35,22200
DLRpJ,25-Aug-2026,19.55,19.74,19.55,19.655,25849
DLRpK,25-Aug-2026,22.5,22.6099,22.0708,22.39,8443
DLRpL,25-Aug-2026,19.37,19.37,19.2022,19.35,19179
DLX,25-Aug-2026,24.08,24.135,23.76,23.93,332400
DLY,25-Aug-2026,13.85,13.94,13.78,13.93,327400
DMA,25-Aug-2026,7.62,7.6303,7.56,7.58,19100
DMB,25-Aug-2026,10.5,10.53,10.485,10.51,62600
DMC,25-Aug-2026,31.85,32.14,31.43,31.86,332400
DMO,25-Aug-2026,10.27,10.32,10.26,10.32,23100
DNA,25-Aug-2026,6.94,7.63,6.86,7.54,1681900
DNOW,25-Aug-2026,15.6,15.825,15.56,15.76,2202600
DNP,25-Aug-2026,10.88,10.9882,10.84,10.98,476400
DOC,25-Aug-2026,21.72,21.78,21.495,21.66,4205300
DOCN,25-Aug-2026,114,114.49,109.8,112.57,1376600
DOCS,25-Aug-2026,24.95,25.35,24.6,24.74,1727500
DOLE,25-Aug-2026,13.42,13.59,13.37,13.54,1111000
DOUG,25-Aug-2026,1.95,2.04,1.94,1.95,641700
DOV,25-Aug-2026,206.11,206.585,200.72,202.06,961600
DOW,25-Aug-2026,30.96,30.96,30.14,30.16,9178000
DPC,25-Aug-2026,43.75,44.7,42.67,44.25,1329100
DPG,25-Aug-2026,14.52,14.61,14.52,14.57,35100
DQ,25-Aug-2026,13.77,14.47,13.2805,14.21,1238600
DRD,25-Aug-2026,30.27,31.345,30.13,31.23,433500
DRI,25-Aug-2026,224.56,224.88,220.24,220.41,700200
DRLL,25-Aug-2026,40.48,40.6,40.13,40.13,4100
DSL,25-Aug-2026,10.61,10.67,10.595,10.66,418000
DSM,25-Aug-2026,5.82,5.83,5.81,5.83,154000
DSMC,25-Aug-2026,43.915,44.0335,43.885,44.0335,4200
DSTX,25-Aug-2026,36.505,36.7123,36.505,36.7123,1600
DSU,25-Aug-2026,9.41,9.42,9.38,9.42,215700
DSX,25-Aug-2026,2.7,2.75,2.68,2.75,1469800
DSX-B,25-Aug-2026,27.03,27.245,27.01,27.09,1500
DSX.W,25-Aug-2026,0.54,0.6,0.54,0.6,42800
DSX.WS,25-Aug-2026,0.54,0.6,0.54,0.6,40996
DSXpB,25-Aug-2026,27.03,27.245,27.01,27.09,1239
DT,25-Aug-2026,50.5,51.36,49.6,50.07,8359700
DTB,25-Aug-2026,15.83,16.03,15.8001,16.0299,24200
DTE,25-Aug-2026,135.9,136.86,135.34,136.14,1268900
DTF,25-Aug-2026,11.49,11.5272,11.49,11.52,3700
DTG,25-Aug-2026,15.81,15.919,15.7379,15.915,21300
DTK,25-Aug-2026,23.2,23.325,23.02,23.17,45100
DTM,25-Aug-2026,124.04,127.53,124.04,126.74,1677900
DTW,25-Aug-2026,19.4,19.57,19.3001,19.47,17100
DUK,25-Aug-2026,121.7,122.2,121.16,121.59,2766800
DUK-A,25-Aug-2026,24.13,24.199,24.06,24.16,69500
DUKB,25-Aug-2026,22.33,22.48,22.2601,22.43,44400
DUKpA,25-Aug-2026,24.13,24.199,24.06,24.1599,58955
DUKU,25-Aug-2026,50.3,50.33,50.0398,50.33,988100
DV,25-Aug-2026,13.3,13.32,13.3,13.32,1297800
DVA,25-Aug-2026,175.6,179.34,175.295,177.8,578400
DVN,25-Aug-2026,47.13,47.555,46.84,46.91,7308100
DX,25-Aug-2026,13.06,13.09,12.93,13.01,4281900
DX-C,25-Aug-2026,25.8,25.81,25.7,25.725,6000
DXC,25-Aug-2026,10.55,10.9,10.41,10.89,2041700
DXpC,25-Aug-2026,25.8,25.81,25.7,25.725,5268
DXYZ,25-Aug-2026,32.59,34.65,32.58,34.65,1263700
DY,25-Aug-2026,390.22,390.22,347.49,351.8,1827400
E,25-Aug-2026,54.13,54.43,53.85,54.05,333400
EAF,25-Aug-2026,6.55,6.8709,6.335,6.7,239800
EAI,25-Aug-2026,19.95,19.958,19.8952,19.9562,8800
EARN,25-Aug-2026,4.47,4.4705,4.41,4.43,303500
EAT,25-Aug-2026,252.98,254.99,246.1,248.7,643700
EBF,25-Aug-2026,21.44,21.5,21.22,21.45,116700
EBS,25-Aug-2026,5.2,5.67,5.2,5.64,1362800
EC,25-Aug-2026,17.1,17.27,16.775,16.79,1844300
ECAT,25-Aug-2026,15.42,15.52,15.34,15.5,345600
ECC,25-Aug-2026,3.84,3.8846,3.8,3.83,475700
ECC-D,25-Aug-2026,18.66,18.7,18.66,18.68,11800
ECCC,25-Aug-2026,24.92,25.2599,24.92,25.2599,600
ECCpD,25-Aug-2026,18.66,18.7,18.66,18.68,11033
ECCU,25-Aug-2026,25.33,25.41,25.33,25.41,800
ECCV,25-Aug-2026,24.04,24.28,24.0391,24.28,3200
ECG,25-Aug-2026,124.04,125.6412,117.51,118.07,638500
ECL,25-Aug-2026,286.99,290.28,285,289.54,1779400
ECO,25-Aug-2026,64.62,65.31,64.13,65.04,317900
ECVT,25-Aug-2026,10.14,10.23,10.035,10.13,941100
ED,25-Aug-2026,107.67,107.74,106.69,107.09,1571400
EDD,25-Aug-2026,5.99,5.995,5.915,5.99,286300
EDF,25-Aug-2026,5.15,5.19,5.14,5.18,57100
EDN,25-Aug-2026,23.6,23.8,22.83,23.79,77200
EDU,25-Aug-2026,56.13,57.265,56.13,57.07,469100
EE,25-Aug-2026,38.95,40.77,38.95,39.65,396900
EEA,25-Aug-2026,11.3474,11.3474,11.3474,11.3474,300
EFC,25-Aug-2026,13.65,13.6783,13.55,13.58,979400
EFC-B,25-Aug-2026,24.9,24.9,24.855,24.855,1700
EFC-C,25-Aug-2026,25.4,25.47,25.32,25.42,3700
EFC-D,25-Aug-2026,23.25,23.25,23.25,23.25,300
EFCpB,25-Aug-2026,24.9,24.9,24.855,24.855,1404
EFCpC,25-Aug-2026,25.4,25.47,25.32,25.42,2389
EFCpD,25-Aug-2026,23.25,23.25,23.25,23.25,200
EFOR,25-Aug-2026,32.01,33.7326,31.41,31.56,320900
EFR,25-Aug-2026,10.65,10.7077,10.52,10.62,182800
EFT,25-Aug-2026,10.78,10.7899,10.545,10.65,425600
EFX,25-Aug-2026,191.82,194.1,190,191.89,1003800
EFXT,25-Aug-2026,19.77,19.985,19.54,19.72,721600
EG,25-Aug-2026,376.64,377.07,372.49,375.39,191000
EGO,25-Aug-2026,45.38,48.365,45.19,48.14,2779500
EGP,25-Aug-2026,203.63,203.63,200.485,202.78,427000
EGY,25-Aug-2026,5.64,5.775,5.6075,5.72,921700
EHC,25-Aug-2026,120.64,121.12,119.32,120.14,523800
EHI,25-Aug-2026,5.7,5.76,5.7,5.74,282700
EIC,25-Aug-2026,10.06,10.06,10,10.04,53800
EICA,25-Aug-2026,24.95,24.95,24.94,24.945,7100
EIG,25-Aug-2026,49.31,49.78,48.2301,48.8,103700
EIIA,25-Aug-2026,25.17,25.2594,25.17,25.24,3200
EIX,25-Aug-2026,73.9,75.02,73.645,74.78,1809500
EL,25-Aug-2026,104,104.88,102.95,104.85,3312700
ELAN,25-Aug-2026,24.6,25.405,24.46,25.09,5311800
ELC,25-Aug-2026,19.84,19.92,19.77,19.88,22200
ELF,25-Aug-2026,105.25,106.25,104.39,105.77,1124500
ELLA,25-Aug-2026,25.28,25.37,25.28,25.29,6600
ELME,25-Aug-2026,1.69,1.69,1.66,1.69,758900
ELPC,25-Aug-2026,11.22,11.43,11.115,11.42,360000
ELS,25-Aug-2026,65.6,65.71,64.99,65.35,1838200
ELV,25-Aug-2026,402.67,402.67,397.69,398.87,933500
EMA,25-Aug-2026,50.4,50.8,50.25,50.47,148500
EMBJ,25-Aug-2026,76.87,76.87,74.44,74.63,1476900
EMD,25-Aug-2026,10.53,10.57,10.49,10.57,151000
EME,25-Aug-2026,780.18,780.23,730.895,739.87,388200
EMF,25-Aug-2026,22.31,22.53,22.14,22.44,22600
EMN,25-Aug-2026,72.66,73.01,71.165,72.02,802900
EMO,25-Aug-2026,54.16,54.44,53.6501,54.04,30600
EMP,25-Aug-2026,19.97,19.97,19.8,19.9185,8700
EMR,25-Aug-2026,159.8,159.82,154.6,154.96,3111900
ENB,25-Aug-2026,49.87,50.15,49.71,49.74,3651800
ENHA,25-Aug-2026,1.64,1.66,1.6,1.63,705700
ENIC,25-Aug-2026,4.52,4.57,4.48,4.57,692000
ENJ,25-Aug-2026,19.55,19.55,19.2948,19.47,3400
ENO,25-Aug-2026,20.99,20.99,20.9,20.925,4100
ENOV,25-Aug-2026,25.23,25.65,24.68,25.58,565300
ENR,25-Aug-2026,21.54,21.97,20.95,21.94,1219700
ENS,25-Aug-2026,192.31,196,188.31,194.29,502600
ENVA,25-Aug-2026,251.2,251.535,241.46,243.39,213100
EOD,25-Aug-2026,6.7,6.7149,6.64,6.67,83900
EOG,25-Aug-2026,147.37,149.14,146.67,146.83,2307200
EOI,25-Aug-2026,19.96,19.98,19.83,19.97,58100
EOS,25-Aug-2026,21.54,21.54,21.3805,21.44,106600
EOT,25-Aug-2026,17.51,17.51,17.08,17.26,15000
EP-C,25-Aug-2026,50.1,50.365,50.1,50.25,6000
EPAC,25-Aug-2026,37.47,37.47,36.808,37.3,300900
EPAM,25-Aug-2026,109.6,112.16,108.87,111.85,535500
EPC,25-Aug-2026,28.27,28.96,27.91,28.95,308100
EPD,25-Aug-2026,38.16,38.49,38.06,38.27,2360600
EPpC,25-Aug-2026,50.1,50.365,50.1,50.25,5396
EPR,25-Aug-2026,60.61,60.98,60.31,60.33,895400
EPR-C,25-Aug-2026,26.46,26.88,26.46,26.88,500
EPR-E,25-Aug-2026,32.5,32.545,32.495,32.535,1600
EPR-G,25-Aug-2026,21.31,21.49,21.16,21.39,6500
EPRpC,25-Aug-2026,26.46,26.88,26.46,26.88,310
EPRpE,25-Aug-2026,32.5,32.545,32.495,32.535,1470
EPRpG,25-Aug-2026,21.31,21.49,21.16,21.39,5859
EPRT,25-Aug-2026,30.95,30.95,30.695,30.8,1541000
EQBK,25-Aug-2026,49.9,50.13,49.58,49.77,72700
EQH,25-Aug-2026,49.18,49.24,48.576,48.91,1309500
EQH-A,25-Aug-2026,18.9,19.18,18.82,19.13,90900
EQH-C,25-Aug-2026,16.56,16.68,16.4,16.56,13200
EQHpA,25-Aug-2026,18.9,19.18,18.82,19.02,77117
EQHpC,25-Aug-2026,16.56,16.68,16.4,16.67,10314
EQNR,25-Aug-2026,41.66,41.975,41.13,41.21,5201100
EQT,25-Aug-2026,52.95,54.51,52.57,54,6992400
ERO,25-Aug-2026,38.01,40.54,38,40.4,2134800
EROC,25-Aug-2026,13.65,13.82,12.94,12.95,1734500
EROK,25-Aug-2026,25.74,26.1199,25.22,25.45,78000
ES,25-Aug-2026,71.44,71.595,70.76,71.03,1751400
ESAB,25-Aug-2026,80.51,81.21,79.04,80.46,506900
ESE,25-Aug-2026,282.35,282.35,275.7567,276.82,158000
ESI,25-Aug-2026,35.52,35.54,34.9,35.5,2116500
ESNT,25-Aug-2026,68.49,69.17,68.33,69,422300
ESRT,25-Aug-2026,4.75,4.8,4.705,4.77,1640700
ESS,25-Aug-2026,293.71,294.63,290.2,292,459100
ESTC,25-Aug-2026,82.98,83.32,79.44,80.4,2113800
ET,25-Aug-2026,21,21.165,20.965,21.02,9187700
ET-I,25-Aug-2026,11.49,11.5,11.4,11.43,71300
ETB,25-Aug-2026,15.66,15.72,15.58,15.68,102400
ETD,25-Aug-2026,23.38,23.845,23.095,23.76,532100
ETG,25-Aug-2026,24.2,24.49,24.0743,24.25,49900
ETI-,25-Aug-2026,23.44,23.47,22.39,22.76,10900
ETIp,25-Aug-2026,23.44,23.47,22.39,22.76,7787
ETJ,25-Aug-2026,8.44,8.45,8.41,8.44,117800
ETN,25-Aug-2026,418.33,419.99,407.4701,409.2,1521600
ETO,25-Aug-2026,31.7,31.77,31.6,31.72,30500
ETpI,25-Aug-2026,11.49,11.5,11.4,11.44,58988
ETR,25-Aug-2026,106.34,107.135,106,106.24,1773700
ETS.W,25-Aug-2026,0.2502,0.2502,0.2501,0.2501,25400
ETSS,25-Aug-2026,9.93,9.93,9.93,9.93,30200
ETSY,25-Aug-2026,87,87.407,84.38,84.43,2949800
ETV,25-Aug-2026,15.01,15.14,15.01,15.1,84800
ETW,25-Aug-2026,9.81,9.85,9.78,9.85,281500
ETX,25-Aug-2026,18.12,18.18,18.1,18.1,35000
ETY,25-Aug-2026,14.39,14.46,14.33,14.39,210500
EVA.W,25-Aug-2026,0.32,0.32,0.32,0.32,4000
EVAC,25-Aug-2026,10.28,10.28,10.27,10.27,236500
EVAC.WS,25-Aug-2026,0.32,0.32,0.32,0.32,4000
EVC,25-Aug-2026,8.25,8.36,7.99,8.15,788300
EVEX,25-Aug-2026,2.48,2.5195,2.41,2.46,955400
EVF,25-Aug-2026,4.97,5,4.951,4.96,87000
EVG,25-Aug-2026,10.59,10.78,10.54,10.69,80500
EVH,25-Aug-2026,4.72,4.955,4.595,4.89,2872600
EVMN,25-Aug-2026,13.79,14.4418,13.6,13.79,340300
EVN,25-Aug-2026,10.79,10.8117,10.725,10.8,72100
EVR,25-Aug-2026,291.61,292.341,286.6401,289.54,430900
EVT,25-Aug-2026,29.11,29.15,28.85,29.05,67300
EVTC,25-Aug-2026,29.39,29.965,29,29.92,290800
EVTL,25-Aug-2026,0.7749,0.8146,0.768,0.7732,4136500
EVTR,25-Aug-2026,50.35,50.44,50.3,50.41,381700
EW,25-Aug-2026,90.38,91.265,89.68,90.87,2389700
EXG,25-Aug-2026,9.94,9.96,9.91,9.95,268900
EXK,25-Aug-2026,10.44,11.14,10.4004,11.09,9038900
EXP,25-Aug-2026,206.33,206.33,198.7,198.87,402600
EXPD,25-Aug-2026,187.63,189.99,186.75,189.05,582300
EXR,25-Aug-2026,146.19,146.99,144.35,144.87,868300
F,25-Aug-2026,13.93,14.02,13.82,13.95,35605400
F-B,25-Aug-2026,19.9,20.16,19.8949,20.09,54000
F-C,25-Aug-2026,19.63,19.8899,19.63,19.85,46800
F-D,25-Aug-2026,20.89,21.11,20.845,21,29600
FAF,25-Aug-2026,72.74,73.65,71.91,73.28,662800
FBIN,25-Aug-2026,45.85,46.322,45.01,45.67,2243500
FBK,25-Aug-2026,58.47,58.59,57.28,57.28,326900
FBP,25-Aug-2026,28.26,28.26,28,28,797200
FBR-E,25-Aug-2026,19.34,19.5,19.3201,19.4,12300
FBRT,25-Aug-2026,8.45,8.51,8.305,8.48,1693700
FBRTpE,25-Aug-2026,19.34,19.5,19.3201,19.4,11268
FC,25-Aug-2026,20.71,20.84,20.1288,20.42,34700
FCBM,25-Aug-2026,12.75,12.8,12.55,12.56,59300
FCF,25-Aug-2026,20.98,21.04,20.725,20.73,482700
FCN,25-Aug-2026,153.87,154.85,151.44,151.68,325200
FCPT,25-Aug-2026,25.48,25.6,25.27,25.35,545600
FCR.W,25-Aug-2026,0.81,0.829,0.77,0.82,1300
FCRS,25-Aug-2026,10.23,10.2399,10.22,10.23,15700
FCX,25-Aug-2026,77.13,79.95,76.8,79.91,15801100
FDS,25-Aug-2026,298.96,303.255,295.7,296.08,2059800
FDX,25-Aug-2026,336.97,336.97,328.87,333.71,1096800
FDXF,25-Aug-2026,132.52,133.3099,128.71,128.75,1136800
FE,25-Aug-2026,46.69,46.915,46.51,46.62,3179300
FEGE,25-Aug-2026,53.37,53.45,53.03,53.45,526300
FENG,25-Aug-2026,1.4717,1.4928,1.47,1.4928,1400
FEOE,25-Aug-2026,56.69,56.95,56.49,56.95,215700
FERG,25-Aug-2026,237.98,237.98,231.97,232.67,1656000
FET,25-Aug-2026,77.19,77.56,75.99,76.55,128700
FF,25-Aug-2026,5.47,5.52,5.35,5.38,223200
FFA,25-Aug-2026,23.04,23.16,23.0085,23.04,26400
FFC,25-Aug-2026,15.94,16.078,15.92,16.06,114100
FG,25-Aug-2026,23.27,23.335,22.65,23.04,412100
FGN,25-Aug-2026,24.46,24.7799,24.46,24.4925,20000
FGSN,25-Aug-2026,20.95,20.96,20.82,20.86,30900
FHI,25-Aug-2026,64.81,65.5425,64.36,65.39,377600
FHN,25-Aug-2026,24.53,24.55,24.37,24.42,3259400
FHN-E,25-Aug-2026,23.3928,23.52,23.39,23.435,11000
FHN-F,25-Aug-2026,17.43,17.49,16.98,17.48,10100
FHN-H,25-Aug-2026,24.35,24.56,24.11,24.56,60200
FHNpE,25-Aug-2026,23.3928,23.52,23.39,23.435,10178
FHNpF,25-Aug-2026,17.43,17.49,16.98,17.48,8588
FICO,25-Aug-2026,1157.09,1170.22,1133.16,1137.14,189700
FIG,25-Aug-2026,27.2,27.97,26.86,27.27,10665000
FIGS,25-Aug-2026,15.21,15.21,14.34,14.68,2936400
FINS,25-Aug-2026,12.64,12.68,12.5701,12.68,30600
FINV,25-Aug-2026,4.3,4.375,4.29,4.37,505400
FIRY,25-Aug-2026,9.25,9.51,9.09,9.38,104900
FIS,25-Aug-2026,40.66,40.98,40.085,40.47,5715300
FIT-A,25-Aug-2026,22.02,22.1501,21.9,21.92,14000
FIT-I,25-Aug-2026,25.56,25.6,25.56,25.56,26000
FIT-K,25-Aug-2026,18.18,18.35,18.18,18.33,17000
FIT-M,25-Aug-2026,25.72,25.95,25.53,25.76,20400
FITB,25-Aug-2026,55.2,55.22,54.6202,54.89,3307800
FIX,25-Aug-2026,1664.275,1664.275,1553.52,1561.96,427100
FIXT,25-Aug-2026,37.32,37.43,37.32,37.43,17400
FLC,25-Aug-2026,16.7,16.7,16.6,16.61,20000
FLG,25-Aug-2026,13.47,13.48,13.32,13.44,4424200
FLG-A,25-Aug-2026,24,24.215,24,24.21,9000
FLG-U,25-Aug-2026,40.82,40.93,40.47,40.93,3100
FLGpA,25-Aug-2026,24,24.215,24,24.21,6899
FLGpU,25-Aug-2026,40.82,40.93,40.47,40.93,2282
FLNG,25-Aug-2026,31.77,32.16,31.34,31.93,432000
FLO,25-Aug-2026,7.25,7.36,7,7.11,6505300
FLOC,25-Aug-2026,21.16,21.47,20.55,20.64,417400
FLR,25-Aug-2026,52.36,52.405,50.65,51.26,1929600
FLS,25-Aug-2026,81.77,81.785,80.19,80.56,1830700
FLUT,25-Aug-2026,101.04,104.31,100.09,102.06,1592800
FLXR,25-Aug-2026,38.97,39.05,38.97,39.04,440000
FMC,25-Aug-2026,11.12,11.2199,10.91,11.17,1876000
FMN,25-Aug-2026,11.05,11.05,11.015,11.02,8900
FMS,25-Aug-2026,23.39,23.51,23.31,23.51,622700
FMX,25-Aug-2026,125,125,120.92,123.71,507700
FMY,25-Aug-2026,11.64,11.64,11.64,11.64,1200
FN,25-Aug-2026,430,434,423.865,431.54,817700
FNB,25-Aug-2026,18.55,18.55,18.36,18.37,2352600
FND,25-Aug-2026,55.06,55.115,54.0528,54.31,2453600
FNF,25-Aug-2026,47.62,47.62,46.8,47.38,1392200
FNV,25-Aug-2026,264.49,272.7647,264.38,271.77,771600
FOA,25-Aug-2026,20.16,20.235,19.395,19.67,29400
FOF,25-Aug-2026,13.46,13.5399,13.46,13.5,28500
FOIL,25-Aug-2026,22.12,22.51,22.05,22.19,48300
FOR,25-Aug-2026,29,29.235,28.65,28.95,139900
FOU-A,25-Aug-2026,62.25,64.59,61.35,61.9,19800
FOUR,25-Aug-2026,49.5,51.07,47.7,48,2862500
FOURpA,25-Aug-2026,62.25,64.59,61.35,61.9,15492
FpB,25-Aug-2026,19.9,20.16,19.8949,20.09,48372
FpC,25-Aug-2026,19.63,19.8899,19.63,19.85,37185
FpD,25-Aug-2026,20.89,21.11,20.845,21,22660
FPF,25-Aug-2026,17.65,17.88,17.61,17.75,115200
FPH,25-Aug-2026,5.13,5.17,5.065,5.11,160000
FPI,25-Aug-2026,10.38,10.38,10.15,10.27,385300
FPS,25-Aug-2026,33.11,33.37,31.86,32.19,4067000
FR,25-Aug-2026,63.66,63.935,62.84,63.49,1158500
FRA,25-Aug-2026,10.86,10.94,10.84,10.94,132000
FRO,25-Aug-2026,43.3,43.9,42.76,43.46,3176100
FRT,25-Aug-2026,118.08,118.08,116.95,117.75,505200
FRT-C,25-Aug-2026,19.2,19.49,19.2,19.28,14700
FRTpC,25-Aug-2026,19.2,19.49,19.2,19.28,12532
FSCO,25-Aug-2026,5.1,5.1001,5.05,5.07,683800
FSK,25-Aug-2026,12.02,12.07,11.93,12.05,1446000
FSM,25-Aug-2026,11.83,12.49,11.82,12.45,5459600
FSS,25-Aug-2026,119.23,121.56,118.685,120.65,413600
FSSL,25-Aug-2026,11.57,11.63,11.46,11.61,205800
FT,25-Aug-2026,7.75,7.78,7.72,7.77,73700
FTHY,25-Aug-2026,13.44,13.44,13.38,13.42,101800
FTI,25-Aug-2026,75.33,76.57,75,75.2,2061300
FTK,25-Aug-2026,24.47,24.66,23.49,24,518800
FTR.W,25-Aug-2026,0.9,1.25,0.57,0.58,1200
FTRA,25-Aug-2026,9.89,9.89,9.88,9.8839,5200
FTS,25-Aug-2026,55.39,55.4,54.87,55.07,540500
FTV,25-Aug-2026,60.52,60.52,59.42,59.5,2220800
FTW,25-Aug-2026,11.33,11.415,11.25,11.3,66000
FTW.W,25-Aug-2026,1.46,1.54,1.46,1.54,600
FTWO,25-Aug-2026,47.61,48.035,47.36,47.9714,4100
FUBO,25-Aug-2026,10.43,11.21,10.39,10.95,1266000
FUL,25-Aug-2026,58.18,58.18,56.78,57.01,577600
FUN,25-Aug-2026,16.99,17.06,16.565,16.59,1272900
FVR,25-Aug-2026,20.11,20.11,19.795,19.95,92500
FVRR,25-Aug-2026,9.29,9.635,9.29,9.58,554700
FXED,25-Aug-2026,17.39,17.49,17.37,17.43,8600
G,25-Aug-2026,37.08,37.46,36.7854,37.25,2063700
GAB,25-Aug-2026,5.71,5.73,5.68,5.71,468400
GAB-G,25-Aug-2026,19.03,19.15,19.03,19.11,4700
GAB-H,25-Aug-2026,19.04,19.15,19.0301,19.08,14000
GAB-K,25-Aug-2026,19.08,19.3,19.07,19.3,15800
GABpG,25-Aug-2026,19.03,19.15,19.03,19.11,3733
GABpH,25-Aug-2026,19.04,19.15,19.0301,19.1,12342
GABpK,25-Aug-2026,19.08,19.3,19.07,19.3,14828
GAM,25-Aug-2026,67.52,68.0099,67.3947,67.95,10000
GAM-B,25-Aug-2026,24.94,24.94,24.74,24.76,2500
GAMpB,25-Aug-2026,24.94,24.94,24.74,24.76,2051
GAP,25-Aug-2026,20.27,20.3299,19.945,20.15,7224200
GATX,25-Aug-2026,179.69,179.79,177.615,179.25,157700
GBAB,25-Aug-2026,13.82,13.86,13.78,13.82,166100
GBCI,25-Aug-2026,47.02,47.37,46.5,47.35,1345500
GBTG,25-Aug-2026,9.46,9.48,9.46,9.47,507300
GBX,25-Aug-2026,46.18,46.37,45.6,46.16,183200
GCO,25-Aug-2026,35.04,35.04,33.28,33.63,304400
GCPB,25-Aug-2026,50.11,50.15,50.035,50.145,6500
GCT.W,25-Aug-2026,0.2969,0.34,0.2969,0.3085,11300
GCTS,25-Aug-2026,1.89,1.89,1.8308,1.84,1250800
GCTS.WS,25-Aug-2026,0.2969,0.34,0.2969,0.3085,10296
GCV,25-Aug-2026,4.6,4.62,4.6,4.62,11900
GD,25-Aug-2026,384,384.12,375.18,376.58,978600
GDDY,25-Aug-2026,99.47,101.215,98.6,99.79,1016000
GDIV,25-Aug-2026,19.01,19.069,19,19.028,3200
GDL,25-Aug-2026,8.01,8.42,8.01,8.4,16000
GDO,25-Aug-2026,10.15,10.1799,10.15,10.17,24400
GDOT,25-Aug-2026,13.37,13.46,13.37,13.41,184000
GDV,25-Aug-2026,30.65,30.7494,30.45,30.59,101700
GDV-H,25-Aug-2026,20.79,20.91,20.7748,20.8022,4500
GDV-K,25-Aug-2026,16.7,16.8297,16.7,16.75,6400
GDVpH,25-Aug-2026,20.79,20.91,20.7748,20.8022,3933
GDVpK,25-Aug-2026,16.7,16.8297,16.7,16.75,4846
GE,25-Aug-2026,345.95,350,344.22,349.54,3135400
GEF,25-Aug-2026,86.68,87.7798,84.44,84.63,203800
GEF.B,25-Aug-2026,109.56,110.66,107.74,107.74,51400
GEL,25-Aug-2026,16.13,16.19,16.01,16.1,162400
GENI,25-Aug-2026,7.98,8.19,7.785,7.95,3727600
GEO,25-Aug-2026,32.13,32.3,31.6751,32.16,1966300
GETY,25-Aug-2026,0.2511,0.27,0.2511,0.2662,1795600
GEV,25-Aug-2026,960.01,972,923.54,926.73,2026100
GF,25-Aug-2026,11.37,11.57,11.27,11.45,37300
GFF,25-Aug-2026,102.96,102.96,100.56,101.38,176400
GFI,25-Aug-2026,47.89,49.1,46.912,48.87,3715700
GFL,25-Aug-2026,41.5,42.14,40.7,40.72,1234600
GFR,25-Aug-2026,6.25,6.35,6.2,6.22,1186900
GFR-,25-Aug-2026,1.15,1.3,1.11,1.12,505500
GGB,25-Aug-2026,4.3,4.37,4.24,4.36,8863100
GGG,25-Aug-2026,80.54,81.035,78.65,78.7,1789000
GGT,25-Aug-2026,4.13,4.15,4.09,4.09,441600
GGT-E,25-Aug-2026,20,20,20,20,300
GGT-G,25-Aug-2026,19.97,20,19.97,20,3100
GGTpE,25-Aug-2026,20,20,20,20,105
GGTpG,25-Aug-2026,19.97,20,19.97,20,3029
GGZ,25-Aug-2026,16.52,16.66,16.49,16.61,6900
GHC,25-Aug-2026,1173.49,1189.64,1159.96,1178.62,30200
GHG,25-Aug-2026,1.12,1.16,1.08,1.11,13500
GHI,25-Aug-2026,6.75,6.75,6.51,6.55,47900
GHM,25-Aug-2026,99.99,100.65,93.16,93.2,228300
GHY,25-Aug-2026,11.54,11.66,11.535,11.64,136900
GIB,25-Aug-2026,74.35,74.75,74.06,74.5,290100
GIC,25-Aug-2026,39.74,39.815,39.03,39.63,82200
GIL,25-Aug-2026,54.73,54.98,54.3,54.59,620800
GIS,25-Aug-2026,40.61,40.84,39.6,39.78,5872300
GJH,25-Aug-2026,9.21,9.25,9.01,9.2,1300
GJS,25-Aug-2026,23.47,23.47,23.47,23.47,100
GJT,25-Aug-2026,23.25,23.25,23.25,23.25,100
GKOS,25-Aug-2026,186.21,187.14,179.2,181.39,639600
GL,25-Aug-2026,173.83,174.305,171.305,172.24,414600
GL-D,25-Aug-2026,15.1,15.2768,15.1,15.17,14400
GLAS,25-Aug-2026,10.06,10.34,9.92,10.13,318500
GLED,25-Aug-2026,9.99,9.99,9.99,9.99,3200
GLO-A,25-Aug-2026,25.53,25.5801,25.53,25.55,6500
GLO-B,25-Aug-2026,26.05,26.085,25.97,26.085,1500
GLO-C,25-Aug-2026,25.8,25.8,25.725,25.7749,3800
GLOB,25-Aug-2026,38.88,40.19,38.6043,40.08,929600
GLOPpA,25-Aug-2026,25.53,25.5801,25.53,25.55,6122
GLOPpB,25-Aug-2026,26.05,26.085,25.97,26.085,1107
GLOPpC,25-Aug-2026,25.8,25.8,25.725,25.7749,3660
GLP,25-Aug-2026,50.39,50.39,49.5465,49.74,53200
GLpD,25-Aug-2026,15.1,15.2768,15.1,15.17,9622
GLW,25-Aug-2026,150.81,150.81,146.25,147.16,7148200
GM,25-Aug-2026,87.01,87.1,85.64,85.81,4853400
GME,25-Aug-2026,18,18.1,17.85,18.09,5582500
GME.W,25-Aug-2026,1.78,1.78,1.65,1.71,316000
GME.WS,25-Aug-2026,1.63,1.78,1.63,1.71,259386
GMED,25-Aug-2026,83.99,84.4992,82.96,82.96,1024200
GMMF,25-Aug-2026,100.321,100.33,100.32,100.325,23400
GMRS,25-Aug-2026,13.33,13.565,12.63,12.7,358700
GNE,25-Aug-2026,15.14,15.45,15.14,15.42,51200
GNK,25-Aug-2026,26.85,27.35,26.44,27.32,1427400
GNL,25-Aug-2026,9.22,9.285,9.145,9.25,1508500
GNL-A,25-Aug-2026,22.87,22.944,22.87,22.93,1600
GNL-B,25-Aug-2026,22,22,22,22,1300
GNL-D,25-Aug-2026,23.46,23.515,23.46,23.5,1500
GNL-E,25-Aug-2026,22.9,22.92,22.85,22.9,7300
GNLpA,25-Aug-2026,22.87,22.944,22.87,22.93,1000
GNLpB,25-Aug-2026,22,22,22,22,500
GNLpD,25-Aug-2026,23.46,23.515,23.46,23.5,952
GNLpE,25-Aug-2026,22.8999,22.92,22.85,22.9,6071
GNRC,25-Aug-2026,208.44,208.44,201.28,201.78,597400
GNT,25-Aug-2026,9.17,9.3,9.12,9.27,79300
GNT-A,25-Aug-2026,19.51,19.5201,19.51,19.51,2300
GNTpA,25-Aug-2026,19.51,19.5201,19.51,19.51,1990
GNW,25-Aug-2026,9.9,9.91,9.8,9.86,2294300
GOF,25-Aug-2026,9.55,9.76,9.46,9.63,2940400
GOLD,25-Aug-2026,45.63,46.94,44.2,46.85,460900
GOLF,25-Aug-2026,89.41,89.9975,86.12,86.21,749800
GOOS,25-Aug-2026,8.22,8.32,8.14,8.22,1292800
GOTU,25-Aug-2026,1.67,1.745,1.67,1.72,84400
GPC,25-Aug-2026,136.04,138.21,135.31,137.95,1235000
GPGI,25-Aug-2026,13.25,13.69,12.96,13.59,808400
GPI,25-Aug-2026,259.58,265.11,254.11,264.81,131100
GPJA,25-Aug-2026,20.44,20.62,20.405,20.62,14800
GPK,25-Aug-2026,11.5,11.565,11.255,11.42,3672200
GPM-A,25-Aug-2026,17.14,17.14,16.91,16.97,11100
GPMT,25-Aug-2026,1.08,1.081,1.05,1.06,280300
GPMTpA,25-Aug-2026,17.14,17.14,16.91,16.97,10112
GPN,25-Aug-2026,93.86,94.89,92.74,93.82,3089200
GPOR,25-Aug-2026,171.73,174.145,171.71,172.48,228600
GPRK,25-Aug-2026,9.69,9.79,9.56,9.74,341100
GRB-A,25-Aug-2026,22.82,22.82,22.65,22.65,400
GRBK,25-Aug-2026,73.57,73.675,72,73.55,198000
GRBKpA,25-Aug-2026,22.82,22.82,22.65,22.65,200
GRC,25-Aug-2026,78.99,79.2,76.65,76.76,111000
GRDN,25-Aug-2026,37.88,37.88,36.79,37.3,321600
GRMN,25-Aug-2026,294.02,294.99,286.91,288.45,597700
GRND,25-Aug-2026,15.57,15.911,15.48,15.69,1336200
GRNT,25-Aug-2026,4.94,5.06,4.91,5.05,1348200
GROV,25-Aug-2026,0.98,1.004,0.97,0.9781,35900
GRX,25-Aug-2026,10.15,10.1999,10.14,10.17,13400
GS,25-Aug-2026,1050,1063.52,1039.29,1058.88,2498600
GS-A,25-Aug-2026,19.18,19.24,19.12,19.14,52000
GS-C,25-Aug-2026,19.19,19.9477,19.12,19.18,14700
GS-D,25-Aug-2026,18.8,18.8499,18.74,18.765,117800
GSBD,25-Aug-2026,10,10.1,9.925,10.1,908100
GSK,25-Aug-2026,51.57,52.21,51.51,52.07,2699100
GSL,25-Aug-2026,44.57,45.45,44,45.3,289100
GSL-B,25-Aug-2026,26.73,26.8904,26.7,26.8,6700
GSLpB,25-Aug-2026,26.73,26.8904,26.7,26.8,5250
GSpA,25-Aug-2026,19.18,19.24,19.12,19.14,49341
GSpC,25-Aug-2026,19.19,19.9477,19.12,19.18,13736
GSpD,25-Aug-2026,18.8,18.8499,18.74,18.765,109562
GTES,25-Aug-2026,26.42,26.42,25.875,25.96,1671600
GTN,25-Aug-2026,4.87,5.049,4.825,5.02,627900
GTN.A,25-Aug-2026,6.27,6.27,5.79,5.79,1100
GTY,25-Aug-2026,33.45,33.63,33.06,33.53,424100
GUG,25-Aug-2026,15.23,15.23,15.09,15.21,61300
GUT,25-Aug-2026,6.61,6.61,6.4,6.4,155100
GUT-C,25-Aug-2026,20.79,20.84,20.6,20.75,3400
GUTpC,25-Aug-2026,20.7932,20.84,20.6,20.75,2851
GVA,25-Aug-2026,125.02,125.22,121.425,121.95,617500
GWH,25-Aug-2026,0.39,0.405,0.37,0.378,798400
GWRE,25-Aug-2026,188.46,192.865,186.6,188.34,907700
GWW,25-Aug-2026,1329.9,1330.955,1297.55,1301.68,173300
GXO,25-Aug-2026,47.39,47.56,46.64,47.42,1205100
GYLD,25-Aug-2026,14.5,14.54,14.2,14.375,7800
H,25-Aug-2026,181.95,182.65,176.76,177.01,455400
HAE,25-Aug-2026,108.13,108.68,106.8391,108.32,502100
HAFN,25-Aug-2026,8.2,8.23,8.1,8.19,896400
HAL,25-Aug-2026,34.12,34.66,33.79,33.8,9165300
HASI,25-Aug-2026,39.53,40.04,38.97,39.64,1097800
HAWK,25-Aug-2026,20.66,21.755,20.5,21.49,685700
HAYW,25-Aug-2026,14.66,14.675,14.45,14.47,1345100
HBB,25-Aug-2026,33.46,33.46,32.06,32.61,100700
HBM,25-Aug-2026,29.15,30.8195,29.1,30.79,3150100
HCA,25-Aug-2026,426.97,430.6,425.89,428.76,790200
HCC,25-Aug-2026,105.63,106,102.72,105.29,465500
HCI,25-Aug-2026,185.95,187.55,183.02,185.69,165500
HCXY,25-Aug-2026,25.09,25.09,25,25,1500
HD,25-Aug-2026,339.37,339.49,333.7,337.88,2528600
HDB,25-Aug-2026,23.53,23.745,23.27,23.63,12416600
HE,25-Aug-2026,11.49,11.5188,11.29,11.37,1946200
HEI,25-Aug-2026,357.15,358.5898,350.54,351.05,557100
HEI.A,25-Aug-2026,262.3,262.765,256.77,257.1,309100
HEQ,25-Aug-2026,11.89,11.922,11.87,11.91,40800
HESM,25-Aug-2026,38.82,39.42,38.73,39.08,2278100
HF,25-Aug-2026,22.6245,22.6245,22.6245,22.6245,100
HFEQ,25-Aug-2026,24.381,24.489,24.381,24.489,10600
HFGM,25-Aug-2026,31.1,31.31,31.1,31.2594,37900
HFMF,25-Aug-2026,21.25,21.41,21.14,21.14,2700
HFND,25-Aug-2026,24.62,24.62,24.4401,24.496,8100
HFR-A,25-Aug-2026,16.23,16.39,16.225,16.35,14900
HFR-B,25-Aug-2026,16.22,16.35,16.2,16.275,20600
HFRO,25-Aug-2026,6.98,7.13,6.9701,7.09,96000
HFROpA,25-Aug-2026,16.2294,16.39,16.225,16.35,13143
HFROpB,25-Aug-2026,16.22,16.35,16.2,16.275,18713
HG,25-Aug-2026,35.6,35.6,34.74,35.04,247700
HGER,25-Aug-2026,34.57,34.8,34.535,34.8,964900
HGLB,25-Aug-2026,7.49,7.52,7.4001,7.52,50700
HGTY,25-Aug-2026,13.41,13.445,13.1101,13.43,80000
HGV,25-Aug-2026,45.57,45.57,44.6,44.91,678600
HHH,25-Aug-2026,66.88,67.2,66.14,67,368900
HIG,25-Aug-2026,138.77,139.524,137.61,138.22,1084400
HIG-G,25-Aug-2026,24.59,24.6399,24.5107,24.6,28800
HIGpG,25-Aug-2026,24.59,24.6399,24.5107,24.6,25626
HII,25-Aug-2026,294.26,295.8699,286.5,291.15,364500
HIMS,25-Aug-2026,31.29,32.51,30.73,31.75,9636300
HIO,25-Aug-2026,3.48,3.51,3.48,3.49,394700
HIPO,25-Aug-2026,33.22,33.8012,32.7,33.6,168300
HIW,25-Aug-2026,31.95,31.965,31.64,31.91,1050800
HIX,25-Aug-2026,3.89,3.925,3.87,3.92,537500
HKD,25-Aug-2026,1.68,1.72,1.67,1.71,102400
HL,25-Aug-2026,19.95,20.92,19.86,20.92,31847200
HLF,25-Aug-2026,12.57,12.945,12.428,12.92,1190900
HLI,25-Aug-2026,128.96,129.55,127.2,129.04,526400
HLIO,25-Aug-2026,74.98,75.775,73.7,74.27,223100
HLLY,25-Aug-2026,3.03,3.03,2.89,2.89,883100
HLN,25-Aug-2026,10.09,10.195,10.045,10.18,5581400
HLT,25-Aug-2026,333.92,334.42,328.69,329.31,1248200
HLX,25-Aug-2026,9.9,10.09,9.885,10,1163100
HMC,25-Aug-2026,32.02,32.02,31.61,31.8,762000
HMN,25-Aug-2026,51.25,51.275,50.4801,51.02,170500
HMY,25-Aug-2026,22.41,23.01,22.325,22.95,4053100
HNGE,25-Aug-2026,90.06,91.89,86.7,89.87,2347900
HNI,25-Aug-2026,49.65,49.98,48.7001,49.94,347400
HOG,25-Aug-2026,28.35,28.3867,27.255,27.49,2025800
HOMB,25-Aug-2026,30.17,30.17,29.795,29.9,1082900
HOV,25-Aug-2026,129.32,129.7099,126.24,127.54,121300
HP,25-Aug-2026,41.71,42.4,41.57,42.08,1017900
HPE,25-Aug-2026,53.6,54.67,53,53.44,11205100
HPE-C,25-Aug-2026,138.32,138.97,136.51,137.14,17100
HPEpC,25-Aug-2026,136.7,138.97,136.51,137.14,6116
HPF,25-Aug-2026,15.81,15.81,15.66,15.72,28500
HPI,25-Aug-2026,15.9,16,15.8161,15.96,57900
HPP,25-Aug-2026,15.1,15.11,14.68,14.91,578400
HPP-C,25-Aug-2026,14.17,14.34,14.14,14.3,11100
HPPpC,25-Aug-2026,14.17,14.34,14.14,14.3,7521
HPQ,25-Aug-2026,28.7,29.595,28.64,29.52,10218200
HPS,25-Aug-2026,13.91,14.02,13.91,14.01,70100
HQH,25-Aug-2026,23.55,23.72,23.44,23.61,206200
HQL,25-Aug-2026,21.76,21.83,21.5414,21.67,146900
HR,25-Aug-2026,19.35,19.43,19.21,19.39,3474300
HRB,25-Aug-2026,53.13,53.435,52.72,53.19,1024500
HRI,25-Aug-2026,164.35,168,155.18,156.09,393400
HRL,25-Aug-2026,23.875,24,23.64,23.78,4275000
HRTG,25-Aug-2026,34.53,34.84,33.7,34.2,304300
HSBC,25-Aug-2026,103.41,104.54,102.9,104.38,923800
HSHP,25-Aug-2026,16.52,16.7,16.24,16.7,225000
HSY,25-Aug-2026,188.13,188.91,186.01,187.18,932200
HTB,25-Aug-2026,46.99,47.22,46.285,46.61,167400
HTD,25-Aug-2026,25.18,25.4,25.18,25.34,39500
HTFC,25-Aug-2026,24.96,24.98,24.96,24.98,1800
HTGC,25-Aug-2026,17.48,17.64,17.42,17.59,1503900
HTH,25-Aug-2026,38.78,38.82,38.42,38.51,186500
HTT,25-Aug-2026,2.49,2.57,2.49,2.57,100300
HUBB,25-Aug-2026,474.62,476.0519,462.7225,464.19,341600
HUBS,25-Aug-2026,239.84,246.15,234.13,237.69,1427300
HUM,25-Aug-2026,388.99,390,380.95,389.71,954800
HUN,25-Aug-2026,9.57,9.57,9.33,9.53,2500300
HUYA,25-Aug-2026,2.15,2.17,2.125,2.15,2195400
HVT,25-Aug-2026,27.39,27.39,26.8378,27.24,109400
HWM,25-Aug-2026,268.85,270.0575,262.65,264.04,1999000
HXL,25-Aug-2026,94.09,94.48,92.38,93.63,780500
HY,25-Aug-2026,34.75,35.2499,34.0345,34.82,70700
HYBX,25-Aug-2026,29.675,29.675,29.675,29.675,100
HYI,25-Aug-2026,10.37,10.42,10.3601,10.41,55300
HYT,25-Aug-2026,8.27,8.31,8.236,8.3,828800
HYTR,25-Aug-2026,21.3,21.3384,21.291,21.33,47500
HZO,25-Aug-2026,52.25,52.25,52.12,52.18,304800
IAE,25-Aug-2026,8.81,8.92,8.8,8.91,16300
IAG,25-Aug-2026,21.21,22.32,21.12,22.17,5469900
IBM,25-Aug-2026,230,234.435,229.51,234.19,3023600
IBN,25-Aug-2026,29.8,30.51,29.72,30.39,15269100
IBP,25-Aug-2026,247.72,249.26,243.19,246.98,229500
IBTA,25-Aug-2026,38.35,39.67,37.89,38.74,147800
ICE,25-Aug-2026,161.48,162.96,159.8401,161.78,2119800
ICL,25-Aug-2026,5.67,5.67,5.585,5.64,756800
ICR-A,25-Aug-2026,22.88,22.99,22.675,22.99,5400
ICRpA,25-Aug-2026,22.875,22.99,22.675,22.99,4951
IDA,25-Aug-2026,138.9,139.18,137.17,137.66,426600
IDE,25-Aug-2026,13.31,13.3642,13.2,13.28,42500
IDT,25-Aug-2026,68.69,69.8,68.1641,69.38,209400
IEX,25-Aug-2026,235.69,235.69,229.68,230.27,464500
IFF,25-Aug-2026,85.88,87.35,85.14,87.16,1565800
IFN,25-Aug-2026,11.48,11.58,11.48,11.56,321000
IFS,25-Aug-2026,55.26,55.61,54.25,54.57,117000
IGA,25-Aug-2026,10.54,10.58,10.4921,10.54,93600
IGCB,25-Aug-2026,45.025,45.025,45.025,45.025,500
IGD,25-Aug-2026,6.58,6.61,6.55,6.61,273600
IGI,25-Aug-2026,15.95,16.05,15.875,15.915,7600
IGR,25-Aug-2026,4.66,4.7,4.65,4.7,444400
IH,25-Aug-2026,1.204,1.225,1.2,1.2224,1900
IHD,25-Aug-2026,7.58,7.6952,7.57,7.65,46500
IHG,25-Aug-2026,165.25,165.26,163.09,163.75,195600
IHS,25-Aug-2026,8.36,8.36,8.32,8.34,1334100
IIF,25-Aug-2026,23.15,23.44,23.03,23.4,33800
IIIN,25-Aug-2026,30.24,30.46,29.685,30.43,130100
IIM,25-Aug-2026,12.51,12.56,12.46,12.53,41900
IIP-A,25-Aug-2026,25.03,25.05,25.01,25.03,12300
IIPR,25-Aug-2026,57.13,57.67,56.68,57.63,472900
IIPRpA,25-Aug-2026,25.03,25.05,25.01,25.04,9108
IMAX,25-Aug-2026,54.88,54.98,53.77,53.9,1217000
INF.W,25-Aug-2026,6.64,7,6.52,6.8999,99600
INFO,25-Aug-2026,28,28.08,27.96,28.0787,29200
INFQ,25-Aug-2026,13.44,14.05,13.15,13.83,8716100
INFY,25-Aug-2026,11.8,12.05,11.71,12.03,8605400
ING,25-Aug-2026,35.17,35.35,34.96,35.3,1411500
INGM,25-Aug-2026,27.98,29.12,27.98,29.02,1197300
INGR,25-Aug-2026,105.49,106.02,104.05,105.03,619500
INN,25-Aug-2026,6.21,6.27,6.115,6.2,439400
INN-E,25-Aug-2026,17.95,17.9899,17.941,17.9899,3000
INN-F,25-Aug-2026,17.1553,17.16,16.9701,17.075,1900
INNpE,25-Aug-2026,17.95,17.9899,17.941,17.9899,2645
INNpF,25-Aug-2026,17.1553,17.16,16.9701,17.075,1720
INR,25-Aug-2026,14.56,14.8,14.27,14.47,288200
INSP,25-Aug-2026,61.19,61.89,60.38,61.07,524800
INSW,25-Aug-2026,99.45,100.21,98.465,99.05,357900
INVH,25-Aug-2026,30.45,30.46,30.02,30.21,3134300
INVX,25-Aug-2026,28.51,29.14,28.34,28.68,522100
ION.W,25-Aug-2026,30.13,31.06,29.7,31.06,2300
IONQ,25-Aug-2026,42.08,42.67,40.99,42.05,12364000
IONQ.WS,25-Aug-2026,30.13,31.06,29.7,31.06,1825
IOT,25-Aug-2026,39.82,40.84,38.58,39.14,4055400
IP,25-Aug-2026,41.17,41.25,40.5,40.99,3658100
IPB,25-Aug-2026,25.15,25.2,25.15,25.2,700
IPI,25-Aug-2026,37.49,38.2,36.679,37.81,161000
IQI,25-Aug-2026,10.05,10.09,10.04,10.09,115700
IQV,25-Aug-2026,258.59,261.8,256.45,259.42,901300
IR,25-Aug-2026,81.02,81.61,78.51,78.57,2066400
IRM,25-Aug-2026,122.62,123.86,120.595,120.9,986600
IRS,25-Aug-2026,15.18,15.21,14.87,15.15,109700
IRT,25-Aug-2026,17.05,17.05,16.68,16.69,1206400
ISD,25-Aug-2026,12.29,12.4,12.29,12.39,107600
IT,25-Aug-2026,199.05,202.25,195.07,195.79,1986200
ITGR,25-Aug-2026,125.15,125.49,125.15,125.39,681800
ITT,25-Aug-2026,208.11,209.825,204.545,205.98,629500
ITUB,25-Aug-2026,7.54,7.675,7.435,7.66,12818100
ITW,25-Aug-2026,286.27,286.27,280.91,281.65,766700
IVR,25-Aug-2026,7.38,7.44,7.36,7.44,2415600
IVR-C,25-Aug-2026,25.04,25.0883,24.98,25.05,3800
IVRpC,25-Aug-2026,25.04,25.0883,24.98,25.05,2506
IVT,25-Aug-2026,33.01,33.84,32.615,32.68,496500
IVZ,25-Aug-2026,32.57,32.995,32.38,32.72,2917200
IX,25-Aug-2026,39.42,39.55,39.285,39.53,164300
J,25-Aug-2026,151.65,152.72,149.94,150.87,999400
JAN,25-Aug-2026,31.17,31.53,30.94,31.35,889000
JBGS,25-Aug-2026,12.47,12.69,12.465,12.65,681100
JBI,25-Aug-2026,5.15,5.2,5.04,5.05,1661900
JBL,25-Aug-2026,313.01,313.68,304,308.68,599700
JBND,25-Aug-2026,52.89,52.98,52.845,52.98,613200
JBS,25-Aug-2026,13.82,14.115,13.71,14.05,4567000
JBTM,25-Aug-2026,117.18,118.36,114.58,117.93,440600
JCE,25-Aug-2026,17.05,17.18,16.8,17.12,30300
JCI,25-Aug-2026,144.85,144.99,141.24,141.82,2075600
JEF,25-Aug-2026,51.91,52.71,51.03,52.45,1534900
JELD,25-Aug-2026,2.51,2.55,2.3401,2.4,2010000
JENA,25-Aug-2026,10.46,10.46,10.38,10.38,115600
JFR,25-Aug-2026,7.55,7.59,7.54,7.59,641400
JGH,25-Aug-2026,12.47,12.52,12.41,12.5,51700
JHI,25-Aug-2026,13.18,13.41,13.18,13.28,15300
JHS,25-Aug-2026,10.93,10.9799,10.89,10.9799,9800
JHX,25-Aug-2026,30.78,30.82,30.25,30.34,3327700
JILL,25-Aug-2026,19.86,19.97,19.52,19.76,41700
JKS,25-Aug-2026,16.15,16.22,15.35,15.5,844300
JLL,25-Aug-2026,385.58,393.11,382.53,392.79,243500
JLS,25-Aug-2026,16.83,16.99,16.83,16.99,17800
JMIA,25-Aug-2026,6.59,7.055,6.57,6.85,2973600
JMKE,25-Aug-2026,23.45,23.6999,22.12,22.21,2051600
JMM,25-Aug-2026,5.76,5.775,5.7378,5.76,5700
JNJ,25-Aug-2026,271,273.8021,270.175,273.14,4688000
JOBY,25-Aug-2026,7.32,7.32,7.14,7.22,21976300
JOE,25-Aug-2026,70.27,70.3899,69.205,69.51,116100
JOF,25-Aug-2026,12.39,12.49,12.39,12.44,47300
JPC,25-Aug-2026,7.5,7.54,7.5,7.54,1135600
JPM,25-Aug-2026,357,357.37,353.0737,356.69,4298700
JPM-C,25-Aug-2026,24.85,24.935,24.81,24.91,159000
JPM-D,25-Aug-2026,23.31,23.4,23.18,23.22,219500
JPM-J,25-Aug-2026,18.75,18.82,18.65,18.77,98400
JPM-K,25-Aug-2026,17.84,17.94,17.78,17.87,203100
JPM-L,25-Aug-2026,18.13,18.22,18.08,18.18,438500
JPM-M,25-Aug-2026,16.69,16.86,16.63,16.81,459800
JPMpC,25-Aug-2026,24.85,24.935,24.81,24.91,128476
JPMpD,25-Aug-2026,23.32,23.4,23.18,23.22,205645
JPMpJ,25-Aug-2026,18.7,18.82,18.65,18.79,85942
JPMpK,25-Aug-2026,17.75,17.94,17.75,17.9,188659
JPMpL,25-Aug-2026,18.06,18.22,18.06,18.18,413990
JPMpM,25-Aug-2026,16.69,16.86,16.63,16.81,432847
JQC,25-Aug-2026,4.78,4.78,4.74,4.77,1293000
JRI,25-Aug-2026,12.42,12.52,12.37,12.48,99400
JRS,25-Aug-2026,8.58,8.58,8.4981,8.55,14700
JXN,25-Aug-2026,131.38,134.11,131.31,131.63,390200
JXN-A,25-Aug-2026,25.71,25.82,25.4917,25.74,31800
JXNpA,25-Aug-2026,25.71,25.82,25.4917,25.74,28385
KAI,25-Aug-2026,317.39,319.27,299.5,302.84,232900
KB,25-Aug-2026,119.86,120.75,119.34,120.75,92700
KBDC,25-Aug-2026,13.51,13.53,13.38,13.52,362200
KBH,25-Aug-2026,56.53,57.18,55.395,57.11,759400
KBR,25-Aug-2026,37.71,37.895,37.5,37.69,1009400
KCA.U,25-Aug-2026,10.4386,10.4386,10.36,10.36,300
KCA.W,25-Aug-2026,1.175,1.175,1.175,1.175,700
KD,25-Aug-2026,12.75,13.03,12.53,13.02,2625200
KEN,25-Aug-2026,66.77,67.01,66.36,66.66,24800
KEP,25-Aug-2026,11.63,11.835,11.63,11.8,788700
KEX,25-Aug-2026,138.86,139.495,135.9475,137.64,368400
KEY,25-Aug-2026,21.9,21.965,21.715,21.89,6546900
KEY-I,25-Aug-2026,25.29,25.34,25.29,25.32,9400
KEY-J,25-Aug-2026,21.01,21.32,21.01,21.21,526200
KEY-K,25-Aug-2026,20.76,20.97,20.72,20.89,50800
KEY-L,25-Aug-2026,25.35,25.4499,25.32,25.35,89700
KEYpI,25-Aug-2026,25.29,25.34,25.29,25.32,5112
KEYpJ,25-Aug-2026,21.01,21.32,21.01,21.2465,520735
KEYpK,25-Aug-2026,20.76,20.97,20.72,20.85,44632
KEYpL,25-Aug-2026,25.35,25.4499,25.32,25.35,31671
KEYS,25-Aug-2026,318.22,320.73,313.865,320.12,1606800
KF,25-Aug-2026,64.45,65.14,62.7801,64.41,46000
KFRC,25-Aug-2026,57.3,57.9351,56.8498,57.62,161300
KFY,25-Aug-2026,84.04,85.03,84.01,84.4,212700
KGC,25-Aug-2026,32.32,33.48,32.2024,33.48,9089400
KGS,25-Aug-2026,59.89,61.39,58.62,58.93,2338100
KIM,25-Aug-2026,24.31,24.31,23.995,24.06,2833200
KIM-L,25-Aug-2026,19.92,20.01,19.7001,19.94,218500
KIM-M,25-Aug-2026,20.32,20.54,20.21,20.35,25800
KIMpL,25-Aug-2026,19.92,20.01,19.7001,19.965,116144
KIMpM,25-Aug-2026,20.32,20.54,20.21,20.35,22138
KIO,25-Aug-2026,11.04,11.1,11.01,11.1,95000
KKR,25-Aug-2026,107.45,108.02,105.92,107.58,2023000
KKR-D,25-Aug-2026,45.53,46.81,45.525,46.58,142000
KKRpD,25-Aug-2026,45.525,46.81,45.525,46.6,36164
KKRS,25-Aug-2026,16.27,16.27,16.1,16.17,37300
KKRT,25-Aug-2026,23.2,23.4,23.0501,23.38,93200
KLAR,25-Aug-2026,14,14.28,13.93,14.27,4843400
KLC,25-Aug-2026,2.6,2.6255,2.53,2.54,661200
KMI,25-Aug-2026,30.71,31.355,30.62,30.94,12119400
KMPB,25-Aug-2026,24.75,24.8,24.7,24.8,13100
KMPR,25-Aug-2026,27.51,27.85,27.11,27.78,829400
KMT,25-Aug-2026,30,30.15,28.9251,29.27,1303000
KMX,25-Aug-2026,63.09,64.59,62.65,64.22,2028300
KN,25-Aug-2026,33.47,33.8,32.83,33.64,753800
KNF,25-Aug-2026,65.2,66.79,64.17,65.8,1138700
KNOP,25-Aug-2026,10.56,10.73,10.44,10.69,22800
KNSL,25-Aug-2026,394.45,398.58,387.75,387.95,234900
KNTK,25-Aug-2026,54.19,54.91,54.1,54.23,1362400
KNX,25-Aug-2026,70.1,70.1,68.445,68.5,3058300
KO,25-Aug-2026,91.57,92.08,91.3001,91.64,11942000
KODK,25-Aug-2026,9.69,9.92,9.36,9.44,685700
KOF,25-Aug-2026,115.43,117.01,113.59,116.9,146500
KOP,25-Aug-2026,45.87,46.6193,44.81,46.13,108600
KOS,25-Aug-2026,2.74,2.79,2.6833,2.73,9431400
KPET,25-Aug-2026,10.05,10.05,9.98,9.99,2800
KR,25-Aug-2026,58.22,58.67,57.93,58.45,4951800
KRC,25-Aug-2026,36.98,37.235,36.64,37.2,817700
KRE-A,25-Aug-2026,18.3,18.33,18,18.1499,19400
KREF,25-Aug-2026,7.58,7.67,7.48,7.6,669500
KREFpA,25-Aug-2026,18.3,18.33,18,18.1499,14649
KRG,25-Aug-2026,26.36,26.505,26.1,26.44,2773600
KRMN,25-Aug-2026,52.1,52.77,49.06,49.2,2304900
KRO,25-Aug-2026,8.8,9.17,8.61,8.91,460900
KRP,25-Aug-2026,15.42,15.6508,15.06,15.17,1163800
KRS.U,25-Aug-2026,10.69,10.69,10.69,10.69,600
KRSP,25-Aug-2026,10.5,10.65,10.5,10.65,200
KRSP.U,25-Aug-2026,10.69,10.69,10.69,10.69,162
KSS,25-Aug-2026,18.05,18.095,17.395,17.68,8520900
KT,25-Aug-2026,19.03,19.305,18.93,19.23,1280100
KTB,25-Aug-2026,83.75,83.75,79.4498,80.01,455900
KTF,25-Aug-2026,8.78,8.8,8.76,8.78,173800
KTH,25-Aug-2026,28.5,28.73,28.5,28.73,900
KTN,25-Aug-2026,25.52,25.52,25.5,25.5,400
KVUE,25-Aug-2026,19.28,19.38,19.175,19.33,20421100
KVYO,25-Aug-2026,17.95,18.25,17.435,17.6,3035600
KWR,25-Aug-2026,164.11,165.59,161.06,164.74,118100
KWY,25-Aug-2026,10.63,10.8899,10.37,10.52,22600
KYN,25-Aug-2026,14.6,14.67,14.51,14.54,182100
L,25-Aug-2026,111.61,111.64,110.52,110.81,579500
LAC,25-Aug-2026,3.1,3.27,3.085,3.25,7859900
LAD,25-Aug-2026,367.94,374.31,361.78,371.89,201400
LADR,25-Aug-2026,10.01,10.01,9.905,9.97,549300
LANV,25-Aug-2026,1.07,1.13,1.01,1.09,69400
LAR,25-Aug-2026,6.69,6.8095,6.47,6.72,1518500
LAW,25-Aug-2026,4.17,4.29,4.11,4.17,147600
LAZ,25-Aug-2026,44.55,44.55,43.14,43.79,1083300
LB,25-Aug-2026,86.23,87.07,85.35,85.94,251400
LBRT,25-Aug-2026,18.4,18.85,18.32,18.38,4476800
LCII,25-Aug-2026,104.57,105.16,102.07,104.78,239300
LCLN,25-Aug-2026,23.53,23.77,23.25,23.77,358700
LDI,25-Aug-2026,0.9,0.9387,0.891,0.9238,2988800
LDOS,25-Aug-2026,137.68,137.93,134.44,134.54,1249000
LDP,25-Aug-2026,20.57,20.69,20.56,20.66,67600
LEA,25-Aug-2026,123.21,124.345,122.5,123.65,469400
LEG,25-Aug-2026,9.5,9.5,9.23,9.32,2686100
LEN,25-Aug-2026,88.93,88.93,87.27,87.68,2034700
LEN.B,25-Aug-2026,86.81,87.13,85.75,86.12,67900
LEO,25-Aug-2026,6.2,6.21,6.185,6.2,105600
LEU,25-Aug-2026,175.7,193.79,174.07,193.39,702100
LEVI,25-Aug-2026,21.73,21.75,20.77,21.1,2471300
LFT,25-Aug-2026,0.7,0.7099,0.69,0.6954,131000
LFT-A,25-Aug-2026,16.595,16.69,16.5801,16.5801,2200
LFTpA,25-Aug-2026,16.595,16.69,16.5801,16.5801,2210
LGI,25-Aug-2026,18.58,18.83,18.51,18.65,38100
LH,25-Aug-2026,338.58,339.76,333.53,337.68,697400
LHX,25-Aug-2026,263.24,263.815,260.95,262.17,1748900
LII,25-Aug-2026,405.53,405.6,387.45,389.06,569300
LION,25-Aug-2026,11.65,11.84,11.6,11.78,1650100
LITB,25-Aug-2026,3,3.15,3,3.085,7300
LLY,25-Aug-2026,1249,1264.73,1229.79,1233.66,2143100
LMND,25-Aug-2026,54,54.48,53.02,54.42,770100
LMT,25-Aug-2026,564.14,567.98,555.265,556.52,1290800
LNC,25-Aug-2026,42.96,43.18,42,42.61,1701200
LNC-D,25-Aug-2026,26.25,26.34,26.1,26.24,39300
LNCpD,25-Aug-2026,26.23,26.34,26.1,26.26,31186
LND,25-Aug-2026,3.75,3.79,3.69,3.76,24200
LNG,25-Aug-2026,277.85,281.26,276,278.8,1499000
LNN,25-Aug-2026,117.05,117.05,114.13,114.17,113800
LOAR,25-Aug-2026,73.99,74.61,71.965,73.11,573500
LOB,25-Aug-2026,40.53,40.53,39.64,39.99,163200
LOB-A,25-Aug-2026,25.39,25.45,25.39,25.435,4600
LOBpA,25-Aug-2026,25.4,25.45,25.39,25.435,3646
LOCL,25-Aug-2026,1.05,1.05,0.98,0.992,12200
LOMA,25-Aug-2026,9.61,9.76,9.4866,9.75,358700
LOW,25-Aug-2026,216.99,217.625,213.27,214.6,1990500
LPG,25-Aug-2026,51.05,51.565,50.3,50.79,369700
LPL,25-Aug-2026,3.37,3.395,3.305,3.38,1648100
LPX,25-Aug-2026,73.25,73.25,71.83,72.32,980200
LRN,25-Aug-2026,84.1,86.21,83.49,85.59,736500
LSPD,25-Aug-2026,10.5,10.71,10.5,10.64,564000
LTC,25-Aug-2026,40.5,40.775,40.025,40.69,238100
LTH,25-Aug-2026,46.23,46.24,44.285,44.55,2708700
LTM,25-Aug-2026,54.71,54.795,53.28,54.7,658700
LU,25-Aug-2026,1.34,1.36,1.33,1.34,553200
LUCK,25-Aug-2026,6.69,6.84,6.6,6.7,52700
LUMN,25-Aug-2026,5.72,5.91,5.675,5.89,12380400
LUV,25-Aug-2026,41.65,41.84,40.42,40.82,5808600
LUXE,25-Aug-2026,7.81,8.02,7.79,7.8,54000
LVS,25-Aug-2026,46.88,47.495,46.73,47.27,3018300
LVW.W,25-Aug-2026,0.029,0.029,0.029,0.029,600
LVWR,25-Aug-2026,1.25,1.275,1.21,1.23,285200
LVWR.WS,25-Aug-2026,0.029,0.029,0.029,0.029,628
LW,25-Aug-2026,54.54,55.39,53.58,55.36,1363200
LXFR,25-Aug-2026,17.21,17.21,17.14,17.15,233900
LXP,25-Aug-2026,61.15,61.15,60.875,61.02,348500
LXP-C,25-Aug-2026,49,49.025,49,49.025,9500
LXPpC,25-Aug-2026,49,49.025,49,49.025,9185
LXU,25-Aug-2026,10.725,10.725,10.28,10.28,553800
LYB,25-Aug-2026,63.84,64.4,62.45,62.55,3664800
LYG,25-Aug-2026,6.04,6.09,6.015,6.08,8596800
LYNX,25-Aug-2026,15.06,15.2,13.5,14.01,1126300
LYV,25-Aug-2026,184.58,186.8,183.995,186.77,1442300
LZB,25-Aug-2026,32.33,32.465,31.79,32.05,716800
LZM,25-Aug-2026,4.25,4.61,4.245,4.61,454600
LZM.W,25-Aug-2026,0.5,0.5,0.4993,0.5,17800
LZM.WS,25-Aug-2026,0.4993,0.5,0.4993,0.5,17525
M,25-Aug-2026,23.14,23.18,22.405,22.59,5816400
MA,25-Aug-2026,596.87,601.23,595.35,599.37,3371400
MAA,25-Aug-2026,132.91,133.235,131.73,131.98,500500
MAA-I,25-Aug-2026,54.231,54.55,54.231,54.55,200
MAApI,25-Aug-2026,54.231,54.55,54.231,54.55,219
MAC,25-Aug-2026,24.5,24.5,24.195,24.26,1850300
MAGN,25-Aug-2026,12.42,12.76,12.2,12.74,305200
MAIN,25-Aug-2026,58.74,59.2177,58.37,58.54,605200
MAIR,25-Aug-2026,27.81,29.5999,27.11,27.99,7452600
MAN,25-Aug-2026,60.76,62.28,59.8058,62.09,779100
MANE,25-Aug-2026,100.31,104.08,97.73,102.35,787100
MANU,25-Aug-2026,23.8,23.87,23.38,23.87,235100
MAS,25-Aug-2026,73.96,74.005,72.625,72.92,1620100
MATV,25-Aug-2026,12.02,12.5892,11.96,12.35,550000
MATX,25-Aug-2026,224.3,225.97,221.345,222.82,161600
MAX,25-Aug-2026,12.85,13.051,12.255,12.85,851000
MBC,25-Aug-2026,9.38,9.44,8.9,9.05,1381500
MBGL,25-Aug-2026,19.78,20.36,19.695,20.26,3450000
MBI,25-Aug-2026,4.94,4.96,4.85,4.9,249200
MC,25-Aug-2026,69.41,69.41,66.56,68.01,882600
MCB,25-Aug-2026,90.91,92.205,90.4,90.78,92000
MCD,25-Aug-2026,272.46,272.6,267.98,268.1,3196700
MCI,25-Aug-2026,18.24,18.3399,18,18,27400
MCK,25-Aug-2026,871.4,905.66,869.365,905.09,882500
MCN,25-Aug-2026,5.67,5.6915,5.64,5.68,28200
MCO,25-Aug-2026,507.51,514.36,501.01,513.11,693900
MCS,25-Aug-2026,30.76,31.15,30.1,30.17,267000
MCY,25-Aug-2026,106.89,106.89,103.84,104.48,138300
MD,25-Aug-2026,27.1,27.1,26.5573,26.99,507700
MDA,25-Aug-2026,30.6,30.6,29.15,29.46,2783000
MDST,25-Aug-2026,29.07,29.71,29.07,29.3,126600
MDT,25-Aug-2026,92.28,92.82,91.11,91.14,6799500
MDU,25-Aug-2026,19.99,20.09,19.81,19.98,992100
MEC,25-Aug-2026,21.68,22.01,20.38,20.5,551500
MED,25-Aug-2026,12.04,12.19,11.99,12.16,97700
MEGI,25-Aug-2026,14.96,15.13,14.91,15.13,115600
MEI,25-Aug-2026,15.73,16.54,15.3995,16.05,806200
MER-K,25-Aug-2026,25.05,25.15,25.05,25.09,50900
MERpK,25-Aug-2026,25.05,25.15,25.05,25.09,46337
MET,25-Aug-2026,96.24,96.43,94.57,95.87,2207800
MET-A,25-Aug-2026,20.85,21.51,20.85,21.34,63200
MET-E,25-Aug-2026,21.5,21.64,21.42,21.64,74100
MET-F,25-Aug-2026,18.15,18.1974,18.11,18.125,98400
METpA,25-Aug-2026,20.85,21.51,20.85,21.34,50645
METpE,25-Aug-2026,21.5,21.64,21.42,21.62,64574
METpF,25-Aug-2026,18.15,18.1974,18.11,18.125,82545
MFA,25-Aug-2026,8.94,8.97,8.805,8.84,1419100
MFA-B,25-Aug-2026,20.17,20.2163,20.16,20.19,21700
MFA-C,25-Aug-2026,23.54,23.74,23.54,23.6781,46100
MFAN,25-Aug-2026,25.17,25.23,25.1556,25.16,9000
MFAO,25-Aug-2026,25.198,25.25,25.15,25.185,10000
MFApB,25-Aug-2026,20.17,20.2163,20.16,20.16,19001
MFApC,25-Aug-2026,23.54,23.74,23.54,23.6781,43104
MFC,25-Aug-2026,43,43.185,42.495,43.17,1316500
MFG,25-Aug-2026,10.33,10.43,10.285,10.41,2448700
MFM,25-Aug-2026,5.35,5.39,5.35,5.37,140500
MFSB,25-Aug-2026,24.71,24.78,24.7097,24.78,116100
MFSG,25-Aug-2026,30.16,30.16,29.95,30.0546,41400
MFSI,25-Aug-2026,33.6,33.825,33.595,33.82,208100
MFSM,25-Aug-2026,24.77,24.8,24.75,24.8,19800
MFSV,25-Aug-2026,29.75,29.83,29.682,29.79,87000
MG,25-Aug-2026,19.12,19.285,18.725,18.99,137600
MGA,25-Aug-2026,68,68.2499,65.92,66.13,1663800
MGF,25-Aug-2026,2.83,2.85,2.81,2.83,58300
MGM,25-Aug-2026,43.66,43.76,43.27,43.34,2107400
MGR,25-Aug-2026,19.69,19.89,19.69,19.72,17200
MGRB,25-Aug-2026,16.25,16.25,16.17,16.17,43300
MGRD,25-Aug-2026,14.82,14.82,14.6519,14.74,17100
MGRE,25-Aug-2026,22.5,22.55,22.2901,22.48,35900
MGY,25-Aug-2026,26.78,27,26.42,26.44,2038500
MH,25-Aug-2026,13.62,13.735,13.02,13.04,482900
MHD,25-Aug-2026,11.45,11.49,11.38,11.47,263100
MHF,25-Aug-2026,6.91,6.91,6.7903,6.8632,38200
MHK,25-Aug-2026,135.88,136.715,133.56,133.77,496800
MHNC,25-Aug-2026,11.61,11.61,11.61,11.61,1200
MHO,25-Aug-2026,152.09,155.3,151.05,154.21,238600
MIAX,25-Aug-2026,44.56,44.56,43.61,44.34,775400
MICC,25-Aug-2026,20.18,20.3,20.055,20.29,1087900
MIN,25-Aug-2026,2.44,2.45,2.435,2.45,206200
MIR,25-Aug-2026,14.89,15.125,14.54,14.71,3053400
MIT-A,25-Aug-2026,22.25,22.28,22.25,22.28,2400
MIT-B,25-Aug-2026,20.99,20.99,20.9284,20.9284,2600
MIT-C,25-Aug-2026,25.4,25.62,25.4,25.58,6500
MITN,25-Aug-2026,25.44,25.44,25.44,25.44,700
MITP,25-Aug-2026,25.35,25.35,25.34,25.345,6600
MITT,25-Aug-2026,6.72,6.73,6.65,6.72,237900
MITTpA,25-Aug-2026,22.25,22.28,22.25,22.28,2200
MITTpB,25-Aug-2026,20.99,20.99,20.9284,20.9284,1992
MITTpC,25-Aug-2026,25.4,25.62,25.4,25.58,5872
MIY,25-Aug-2026,12.54,12.66,12.5,12.64,23300
MKC,25-Aug-2026,55.85,56.03,54.16,54.48,2103600
MKC.V,25-Aug-2026,55.93,55.93,53.87,54.7589,4100
MKL,25-Aug-2026,1818.67,1820.17,1802.99,1808.9,55000
MLI,25-Aug-2026,64.08,65.08,59.82,61.51,2065900
MLM,25-Aug-2026,537.5,538.26,526.28,531.74,577000
MLP,25-Aug-2026,15.49,16.23,15.49,16.06,9500
MLR,25-Aug-2026,57.01,57.3,56.2843,57.2,63200
MMD,25-Aug-2026,15.03,15.04,14.94,15,46000
MMI,25-Aug-2026,32.37,32.48,32.07,32.4,80100
MMID,25-Aug-2026,27.58,27.58,27.58,27.58,100
MMK,25-Aug-2026,100.25,100.26,100.25,100.26,200
MMKT,25-Aug-2026,100.22,100.235,100.22,100.235,1000
MMM,25-Aug-2026,180.33,180.795,178.61,179.37,2316900
MMS,25-Aug-2026,57.74,58.65,57.6,58.53,331000
MMT,25-Aug-2026,4.4,4.42,4.4,4.42,288200
MMU,25-Aug-2026,10.19,10.19,10.1,10.13,76700
MNR,25-Aug-2026,12.64,12.685,12.52,12.52,285000
MNSO,25-Aug-2026,11.11,11.28,11.085,11.26,457100
MNTN,25-Aug-2026,12.92,13.33,12.81,13.22,731400
MO,25-Aug-2026,68.21,68.57,67.6,68.07,5908600
MOD,25-Aug-2026,193.07,196.655,187.12,188.01,965400
MOG.A,25-Aug-2026,384.93,387.49,375.59,376.73,170700
MOG.B,25-Aug-2026,385.71,385.71,385.71,385.71,200
MOGU,25-Aug-2026,1.94,1.94,1.94,1.94,1700
MOH,25-Aug-2026,198.65,200.95,196.5,199.63,563000
MOS,25-Aug-2026,23.77,24.4,23.66,24.27,5899300
MOV,25-Aug-2026,34.81,35.2,34.0649,34.97,255400
MP,25-Aug-2026,57.175,60.34,55.58,60.17,5261000
MPA,25-Aug-2026,11.05,11.08,11.025,11.045,13200
MPC,25-Aug-2026,358.34,361.97,354.62,354.88,2205700
MPLX,25-Aug-2026,58.47,58.7,58.11,58.36,1283600
MPT,25-Aug-2026,4.13,4.165,4.06,4.11,8849300
MPV,25-Aug-2026,15.95,15.96,15.535,15.7,31300
MQY,25-Aug-2026,11.15,11.15,11.1,11.15,412400
MRK,25-Aug-2026,151,156.9199,150.66,156.45,14005000
MRP,25-Aug-2026,30.69,30.96,30.36,30.96,582300
MRSH,25-Aug-2026,193.81,195.465,193.28,193.4,1644300
MS,25-Aug-2026,214.86,217.34,213.365,216.77,3270600
MS-A,25-Aug-2026,19.01,19.07,18.93,19.02,105500
MS-E,25-Aug-2026,25.55,25.56,25.5,25.5,36500
MS-F,25-Aug-2026,25.33,25.33,25.26,25.27,43000
MS-I,25-Aug-2026,24.6,24.63,24.5,24.57,34900
MS-K,25-Aug-2026,22.33,22.45,22.28,22.45,102200
MS-L,25-Aug-2026,18.92,19.09,18.88,19.05,46100
MS-O,25-Aug-2026,16.59,16.72,16.5,16.67,164800
MS-P,25-Aug-2026,25.05,25.14,25.05,25.09,35600
MS-Q,25-Aug-2026,25.57,25.65,25.49,25.53,54900
MSA,25-Aug-2026,190.15,190.735,186.8084,187.69,193800
MSB,25-Aug-2026,23.34,23.75,22.5362,23.37,11400
MSC,25-Aug-2026,1.88,1.88,1.81,1.8512,1400
MSCI,25-Aug-2026,563.41,570.08,560.725,563.99,374200
MSD,25-Aug-2026,7.28,7.33,7.26,7.33,86700
MSDL,25-Aug-2026,15.43,15.445,15.2903,15.38,571700
MSGE,25-Aug-2026,80.35,81.18,79.49,80.63,220800
MSGS,25-Aug-2026,404.49,407.39,402.02,406.94,125300
MSI,25-Aug-2026,484.07,487.33,480.405,485.39,1083200
MSIF,25-Aug-2026,12.77,12.79,12.62,12.71,233100
MSM,25-Aug-2026,120.42,120.42,117.9,118.33,320800
MSpA,25-Aug-2026,19.01,19.07,18.93,19.02,94058
MSpE,25-Aug-2026,25.55,25.56,25.5,25.55,30578
MSpF,25-Aug-2026,25.33,25.33,25.26,25.27,35936
MSpI,25-Aug-2026,24.6,24.63,24.5,24.63,27909
MSpK,25-Aug-2026,22.33,22.45,22.28,22.45,88509
MSpL,25-Aug-2026,18.918,19.09,18.88,19.05,43020
MSpO,25-Aug-2026,16.57,16.72,16.5,16.67,148663
MSpP,25-Aug-2026,25.05,25.14,25.05,25.12,28343
MSpQ,25-Aug-2026,25.57,25.65,25.49,25.53,49229
MT,25-Aug-2026,73.1,73.65,72.71,73.62,1089700
MTAL,25-Aug-2026,10.22,10.22,10.22,10.22,100
MTB,25-Aug-2026,242.11,242.22,238.43,240.41,862800
MTB-H,25-Aug-2026,25.3,25.33,25.2598,25.26,57500
MTB-J,25-Aug-2026,26.75,26.92,26.681,26.78,80000
MTB-K,25-Aug-2026,24.37,24.38,24.07,24.3,9100
MTB-L,25-Aug-2026,25.32,25.46,25.1,25.32,128900
MTBpH,25-Aug-2026,25.3,25.33,25.2598,25.26,54421
MTBpJ,25-Aug-2026,26.75,26.92,26.681,26.8,17118
MTD,25-Aug-2026,1413.57,1421.775,1395.985,1402.25,116900
MTDR,25-Aug-2026,55.9,56.7754,55.49,55.55,1903200
MTG,25-Aug-2026,31.07,31.3,30.91,31.24,1477300
MTH,25-Aug-2026,73.37,73.52,71.75,73.44,523900
MTN,25-Aug-2026,149.14,150.77,146.905,147.84,386800
MTN.W,25-Aug-2026,0.3,0.3,0.3,0.3,1200
MTR,25-Aug-2026,2.6,2.66,2.6,2.65,2500
MTRN,25-Aug-2026,233.29,234.35,229.915,232.5,208100
MTUS,25-Aug-2026,18.87,19.41,18.54,19.29,276400
MTW,25-Aug-2026,20.01,20.14,19.07,19.48,301200
MTX,25-Aug-2026,72.47,72.47,71.23,71.8,177700
MTZ,25-Aug-2026,256.05,263.53,242.62,246.85,1935500
MUA,25-Aug-2026,9.94,10.01,9.92,9.99,504500
MUC,25-Aug-2026,10.66,10.66,10.61,10.63,218200
MUFG,25-Aug-2026,22.1,22.25,22.03,22.23,1406000
MUJ,25-Aug-2026,12.24,12.3,12.18,12.27,60900
MUR,25-Aug-2026,35,35.53,34.6,34.62,1296300
MUSA,25-Aug-2026,567.98,570.93,544.01,544.31,249000
MUSE,25-Aug-2026,49.62,49.62,49.62,49.62,400
MUX,25-Aug-2026,20.38,21.47,20.2,21.45,794000
MWA,25-Aug-2026,25.4,25.4,24.79,24.94,704700
MX,25-Aug-2026,3.28,3.28,3.21,3.27,314200
MXE,25-Aug-2026,13.46,13.62,13.3275,13.47,2100
MXF,25-Aug-2026,21.84,22.2,21.6,22,83100
MYE,25-Aug-2026,33.93,34.4,32.52,32.68,239300
MYI,25-Aug-2026,10.77,10.78,10.705,10.78,335500
MYN,25-Aug-2026,9.76,9.78,9.73,9.77,119400
MZY.W,25-Aug-2026,0.52,0.55,0.52,0.55,2800
MZYX,25-Aug-2026,9.95,9.968,9.95,9.968,1800
NABL,25-Aug-2026,3.6,3.7955,3.56,3.75,2142200
NAC,25-Aug-2026,11.77,11.78,11.7,11.73,470100
NAD,25-Aug-2026,11.72,11.72,11.665,11.69,605700
NAN,25-Aug-2026,10.98,11.04,10.97,11.01,83100
NAT,25-Aug-2026,6.95,6.98,6.81,6.9,1926500
NATL,25-Aug-2026,46.52,46.6,46.04,46.4,528600
NAZ,25-Aug-2026,12.35,12.37,12.03,12.2085,38600
NBB,25-Aug-2026,15.32,15.44,15.3,15.38,61500
NBHC,25-Aug-2026,41.86,41.86,41.26,41.29,236400
NBR,25-Aug-2026,87.14,88.89,86.56,87.72,195300
NBXG,25-Aug-2026,15.08,15.327,15.06,15.13,117100
NC,25-Aug-2026,41,41.69,40.54,41.45,20600
NCA,25-Aug-2026,9.12,9.12,9.08,9.11,20300
NCDL,25-Aug-2026,12.41,12.42,12.28,12.36,72100
NCLH,25-Aug-2026,17.45,17.528,17.08,17.26,11167400
NCV,25-Aug-2026,16.47,16.69,16.47,16.64,39400
NCV-A,25-Aug-2026,20.01,20.03,19.96,20.01,5800
NCVpA,25-Aug-2026,20.01,20.03,19.96,20.02,4761
NCZ,25-Aug-2026,15.61,15.61,15.464,15.57,38800
NCZ-A,25-Aug-2026,19.6,19.6,19.4,19.44,11700
NCZpA,25-Aug-2026,19.6,19.6,19.4,19.44,9964
NDMO,25-Aug-2026,9.98,9.99,9.91,9.95,261000
NE,25-Aug-2026,45.2,46.36,45.0201,45.86,1098900
NEA,25-Aug-2026,11.21,11.27,11.17,11.27,998300
NEE,25-Aug-2026,84.01,84.55,83.3,84.22,7679800
NEE-N,25-Aug-2026,20.97,21.2,20.94,21.02,59600
NEE-S,25-Aug-2026,52.25,52.58,52.25,52.58,27000
NEE-T,25-Aug-2026,48.59,48.59,47.95,48.29,62200
NEE-U,25-Aug-2026,23.67,23.989,23.52,23.81,125500
NEE-V,25-Aug-2026,46.11,46.11,45.36,45.81,53700
NEE-W,25-Aug-2026,23.31,23.56,23.16,23.38,29700
NEEpN,25-Aug-2026,20.97,21.2,20.94,21.19,49414
NEEpS,25-Aug-2026,52.25,52.52,52.25,52.45,12427
NEEpT,25-Aug-2026,48.59,48.59,47.95,48.29,57708
NEEpU,25-Aug-2026,23.67,23.989,23.52,23.77,110460
NEM,25-Aug-2026,129.98,135.29,129.7,135.14,7144900
NET,25-Aug-2026,285.62,287,273.2101,277.58,1877200
NEU,25-Aug-2026,935.13,938.87,916.5578,930.72,113500
NEXA,25-Aug-2026,14.99,15.85,14.85,15.82,842800
NFG,25-Aug-2026,82.21,82.58,81.7,82.14,365300
NFJ,25-Aug-2026,15.63,15.67,15.5746,15.64,173000
NGG,25-Aug-2026,80.71,81.33,80.33,81.17,454800
NGL,25-Aug-2026,16.31,17.6865,16.31,17.51,521600
NGL-B,25-Aug-2026,25.95,25.95,25.92,25.92,1700
NGL-C,25-Aug-2026,25.95,25.95,25.95,25.95,100
NGLpB,25-Aug-2026,25.95,25.95,25.92,25.92,950
NGLpC,25-Aug-2026,25.95,25.95,25.95,25.95,100
NGS,25-Aug-2026,34.5,35.3768,34.25,34.37,77400
NGVC,25-Aug-2026,27.94,28.7156,27.5,28.23,148500
NGVT,25-Aug-2026,69.56,69.56,68.47,69.05,245100
NHI,25-Aug-2026,73.33,73.57,72.44,73.35,299600
NI,25-Aug-2026,40.9,41.075,40.65,40.65,4434000
NIC,25-Aug-2026,173.45,175.13,171.09,171.12,150200
NIE,25-Aug-2026,26.08,26.13,25.87,25.9,80200
NIM,25-Aug-2026,9.35,9.35,9.33,9.33,4000
NIO,25-Aug-2026,4.36,4.48,4.35,4.45,29519600
NIQ,25-Aug-2026,19,19.37,18.7,19.24,1206700
NJR,25-Aug-2026,53.82,53.92,53.3331,53.81,436600
NKE,25-Aug-2026,39.51,39.865,39.03,39.48,41524900
NKX,25-Aug-2026,12.13,12.1546,12.09,12.15,75900
NL,25-Aug-2026,6.47,6.8,6.46,6.53,41700
NLOP,25-Aug-2026,11.5,11.67,11.49,11.61,94900
NLY,25-Aug-2026,23.28,23.375,22.98,23.1,5229100
NLY-F,25-Aug-2026,25.75,25.88,25.75,25.84,21000
NLY-G,25-Aug-2026,25.53,25.58,25.5101,25.58,34800
NLY-I,25-Aug-2026,25.44,25.4691,25.44,25.45,315400
NLY-J,25-Aug-2026,26.25,26.29,26.16,26.29,24500
NLYpF,25-Aug-2026,25.75,25.88,25.75,25.84,17199
NLYpG,25-Aug-2026,25.53,25.58,25.5101,25.58,32004
NLYpI,25-Aug-2026,25.422,25.4691,25.39,25.45,263274
NLYpJ,25-Aug-2026,26.25,26.29,26.16,26.28,21760
NMAI,25-Aug-2026,14.25,14.38,14.17,14.3,69300
NMAX,25-Aug-2026,10.57,10.99,10.41,10.91,716700
NMCO,25-Aug-2026,10.42,10.4499,10.38,10.4,131200
NMG,25-Aug-2026,1.44,1.48,1.435,1.48,254600
NMI,25-Aug-2026,10.39,10.39,10.345,10.39,31800
NMM,25-Aug-2026,89.85,91.96,89.45,90.86,151700
NMR,25-Aug-2026,9.88,9.94,9.825,9.91,543400
NMS,25-Aug-2026,11.03,11.1,11.03,11.08,23100
NMT,25-Aug-2026,12.58,12.73,12.45,12.73,9800
NMZ,25-Aug-2026,10.11,10.16,10.06,10.07,597800
NNI,25-Aug-2026,127.84,128.9855,127.77,128.76,115400
NNN,25-Aug-2026,46.2,46.38,45.99,46.12,1152500
NNY,25-Aug-2026,8.21,8.215,8.16,8.19,24200
NOA,25-Aug-2026,13.47,13.535,13.31,13.34,36200
NOAH,25-Aug-2026,8.7,8.86,8.56,8.77,111000
NOC,25-Aug-2026,547.82,549.79,540.04,542.52,554200
NOG,25-Aug-2026,26.06,26.6301,25.8227,26.42,1924800
NOK,25-Aug-2026,10.31,10.375,10.2101,10.35,34801200
NOMD,25-Aug-2026,12.01,12.066,11.725,11.89,1356800
NOV,25-Aug-2026,19.7,19.99,19.42,19.94,4190400
NOW,25-Aug-2026,125.96,129.805,125.25,127,12317400
NP,25-Aug-2026,34,34.57,33.32,34.43,469000
NPB,25-Aug-2026,17.19,17.265,16.8,16.95,198700
NPCT,25-Aug-2026,9.7,9.7274,9.65,9.69,94900
NPFD,25-Aug-2026,18.73,18.77,18.7,18.71,42900
NPK,25-Aug-2026,155.86,158.17,152.57,156.8,95800
NPKI,25-Aug-2026,13.36,13.36,12.975,13.16,630300
NPO,25-Aug-2026,310.81,310.81,301.53,303.32,153900
NPV,25-Aug-2026,10.58,10.6173,10.5401,10.59,64300
NPW.W,25-Aug-2026,0.36,0.3699,0.3299,0.35,18700
NPWR,25-Aug-2026,2,2.0091,1.84,1.95,1582600
NPWR.WS,25-Aug-2026,0.3598,0.3699,0.3299,0.35,17155
NRDY,25-Aug-2026,10.24,10.37,10.19,10.33,24800
NRE-A,25-Aug-2026,24.8,24.9,24.8,24.9,1300
NREF,25-Aug-2026,17.52,17.66,17.1945,17.35,33000
NREFpA,25-Aug-2026,24.8,24.9,24.8,24.9,600
NRG,25-Aug-2026,114.01,115.625,112.9,113.61,2967200
NRGV,25-Aug-2026,3.74,3.94,3.61,3.93,3717500
NRK,25-Aug-2026,10.21,10.9011,10.17,10.2,220300
NRP,25-Aug-2026,107.69,110,107.55,108.75,36300
NRT,25-Aug-2026,8.58,8.67,8.48,8.56,37300
NRUC,25-Aug-2026,21.49,21.619,21.4501,21.53,20400
NSC,25-Aug-2026,352.44,353.52,350.94,351.24,723600
NSP,25-Aug-2026,52.85,52.85,50.58,52.34,249000
NTB,25-Aug-2026,58.85,59.01,58.26,58.35,92300
NTEST.H,25-Aug-2026,25.04,25.04,25.04,25.04,360
NTEST.I,25-Aug-2026,25.05,25.05,25.05,25.05,400
NTR,25-Aug-2026,72.46,73.33,71.7761,72.84,2540200
NTST,25-Aug-2026,20.89,20.89,20.5,20.61,1227400
NTZ,25-Aug-2026,1.06,1.13,1,1,6900
NU,25-Aug-2026,14.72,15.17,14.45,15.14,76210600
NUE,25-Aug-2026,246.04,248.68,243.1,247.55,986000
NUS,25-Aug-2026,4.74,4.87,4.68,4.85,297900
NUV,25-Aug-2026,8.96,8.99,8.94,8.99,504100
NUVB,25-Aug-2026,6.93,7.13,6.855,7.1,4154700
NUW,25-Aug-2026,13.96,14.005,13.95,13.97,21100
NVG,25-Aug-2026,12.24,12.28,12.15,12.27,776300
NVGS,25-Aug-2026,22.26,22.35,22.01,22.18,320700
NVO,25-Aug-2026,47.84,48.66,47.56,48.66,15526700
NVR,25-Aug-2026,6453.22,6453.22,6330.73,6433.74,31700
NVRI,25-Aug-2026,21.11,21.815,21.1,21.62,181400
NVS,25-Aug-2026,158.51,160.29,157.83,159.98,998100
NVST,25-Aug-2026,27.22,27.58,26.68,27.47,2544200
NVT,25-Aug-2026,157.68,159.1,150.855,151.48,1712200
NWA.U,25-Aug-2026,10.36,10.38,10.36,10.38,4600
NWA.W,25-Aug-2026,0.4501,0.5,0.4501,0.4999,4200
NWAX,25-Aug-2026,10.16,10.19,10.13,10.16,4800
NWG,25-Aug-2026,18.74,18.9,18.645,18.87,1520100
NWN,25-Aug-2026,50.36,50.36,49.87,49.95,155700
NX,25-Aug-2026,20.33,20.33,19.73,19.94,169600
NXD-A,25-Aug-2026,13.17,13.2,13.17,13.19,900
NXDR,25-Aug-2026,2.39,2.435,2.375,2.39,1655400
NXDT,25-Aug-2026,5.36,5.63,5.31,5.61,238200
NXDTpA,25-Aug-2026,13.17,13.2,13.17,13.19,700
NXE,25-Aug-2026,11,11.33,10.875,11.21,4391900
NXG,25-Aug-2026,56.81,56.81,55.02,55.1,92000
NXP,25-Aug-2026,14.23,14.28,14.19,14.23,111400
NXRT,25-Aug-2026,24.66,24.6899,24.3483,24.44,150300
NYC,25-Aug-2026,6.45,6.57,6.25,6.38,8000
NYT,25-Aug-2026,67.75,68.77,67.13,68.61,1753700
NZF,25-Aug-2026,12.28,12.31,12.21,12.3,393100
O,25-Aug-2026,62.95,63.1,62.63,62.83,4373200
OAK-A,25-Aug-2026,20.88,20.88,20.6,20.7,12300
OAK-B,25-Aug-2026,20.5,20.5,20.2501,20.3478,11000
OAKpA,25-Aug-2026,20.88,20.88,20.6,20.69,11363
OAKpB,25-Aug-2026,20.5,20.5,20.2501,20.3478,9081
OBDC,25-Aug-2026,11.38,11.4,11.3,11.36,2810600
OBK,25-Aug-2026,53.32,53.32,52.7,52.9,210700
OC,25-Aug-2026,149.3,150,145.78,146.61,627700
OCAC,25-Aug-2026,9.95,9.96,9.95,9.96,274100
ODC,25-Aug-2026,93.14,93.67,90.79,91.69,97000
OEC,25-Aug-2026,6.01,6.02,5.87,5.97,392300
OFG,25-Aug-2026,52.52,52.52,51.87,52.05,177100
OFRM,25-Aug-2026,17.81,17.99,16.52,16.84,534900
OGC,25-Aug-2026,30.58,31.47,30.46,31.32,372500
OGE,25-Aug-2026,46.04,46.15,45.83,45.94,1240900
OGG,25-Aug-2026,3.04,3.2497,2.99,3.19,8352100
OGN,25-Aug-2026,13.74,13.76,13.74,13.75,3562700
OGS,25-Aug-2026,79.92,80.75,79.92,80.41,391000
OHI,25-Aug-2026,46.68,46.99,46.26,46.95,1474800
OI,25-Aug-2026,7.35,7.55,7.17,7.51,3039700
OIA,25-Aug-2026,6.04,6.04,6.02,6.04,88400
OII,25-Aug-2026,50.66,52.175,49.89,49.91,1084900
OIS,25-Aug-2026,8.25,8.445,8.25,8.38,485300
OKE,25-Aug-2026,91.96,92.94,91.66,91.7,2982800
OKLO,25-Aug-2026,40.76,44.85,40.06,44.27,14125100
OLN,25-Aug-2026,17.4,17.5,17.085,17.37,2840200
OLP,25-Aug-2026,24.63,24.6638,24.33,24.57,29000
OMC,25-Aug-2026,88.14,88.7156,87.69,88.2,1941900
OMF,25-Aug-2026,63.22,63.46,62.2531,63.23,464900
ONIT,25-Aug-2026,35.82,36.245,34.88,35.16,43200
ONL,25-Aug-2026,2.91,2.94,2.84,2.94,415300
ONON,25-Aug-2026,28.88,29.08,28.55,28.83,10023500
ONT,25-Aug-2026,15.56,16.05,15.1788,16,889600
ONTO,25-Aug-2026,289.76,294.69,283.6,291.62,884400
OOMA,25-Aug-2026,21.23,21.7399,20.5,20.59,252700
OPAD,25-Aug-2026,4.28,4.56,4.25,4.44,94100
OPFI,25-Aug-2026,7.21,7.33,7.12,7.3,672800
OPLN,25-Aug-2026,34.24,34.43,33.85,34.31,859800
OPP,25-Aug-2026,7.43,7.54,7.42,7.47,123700
OPP-A,25-Aug-2026,15.25,15.28,15.21,15.2417,13800
OPP-B,25-Aug-2026,16.49,16.7,16.485,16.57,10500
OPPpA,25-Aug-2026,15.25,15.37,15.21,15.2417,12480
OPPpB,25-Aug-2026,16.4899,16.7,16.485,16.57,9310
OPTU,25-Aug-2026,0.85,1,0.85,1,2138200
OPY,25-Aug-2026,116.99,116.99,114.97,115.78,106000
OR,25-Aug-2026,36.92,38.97,36.77,38.92,1426600
ORA,25-Aug-2026,106.33,107,105.32,106.24,499700
ORC,25-Aug-2026,6.76,6.78,6.675,6.72,4758600
ORC-D,25-Aug-2026,45.3,45.73,45,45.67,177300
ORCL,25-Aug-2026,143.3,146.335,142.51,144.76,13329300
ORI,25-Aug-2026,41.97,42.13,41.46,42.11,1215400
ORN,25-Aug-2026,9.32,9.395,9.09,9.33,356400
OSCR,25-Aug-2026,32.29,32.31,30.37,30.93,3384800
OSG,25-Aug-2026,4.57,4.65,4.49,4.51,228600
OSK,25-Aug-2026,159,159,154.44,155.23,484900
OTA-,25-Aug-2026,0.22,0.234,0.1901,0.2201,5100
OTA.U,25-Aug-2026,10.18,10.2,10.18,10.2,6000
OTAI,25-Aug-2026,10.02,10.03,9.9801,10.02,38400
OTF,25-Aug-2026,11.08,11.27,11,11.18,2673000
OTIS,25-Aug-2026,72.21,72.26,71.45,71.46,2523500
OUT,25-Aug-2026,30.61,30.84,30.235,30.66,1446500
OVV,25-Aug-2026,64.52,65.48,64.1,64.4,2787900
OWL,25-Aug-2026,11.69,11.83,11.49,11.79,13164000
OWLT,25-Aug-2026,5.13,5.49,5.12,5.2,292200
OXM,25-Aug-2026,36.64,36.89,35.738,36.8,256100
OXY,25-Aug-2026,59.07,59.36,58.37,58.41,6828900
OXY.W,25-Aug-2026,36.74,37.3,36.5,36.5,17100
OXY.WS,25-Aug-2026,36.74,37.3,36.5,36.5,14657
P,25-Aug-2026,102.7,106.2665,101.54,102.81,2546500
PAAS,25-Aug-2026,52.45,54.21,52.35,54.21,4798300
PAC,25-Aug-2026,205.53,210.15,204.645,209.72,80400
PACK,25-Aug-2026,5.16,5.16,5.04,5.06,421000
PACS,25-Aug-2026,44.5,44.99,43.475,43.94,506800
PAG,25-Aug-2026,219,219.99,216.63,219.76,206500
PAGS,25-Aug-2026,8.7,9.04,8.61,9.03,2967000
PAI,25-Aug-2026,11.87,11.925,11.87,11.91,14800
PAII,25-Aug-2026,10.28,10.3,10.28,10.28,1600
PAM,25-Aug-2026,80.5,81.2358,78.5501,79.76,257500
PAR,25-Aug-2026,19.24,19.91,19.015,19.36,653500
PARR,25-Aug-2026,74.49,75.64,73.59,73.82,739200
PATH,25-Aug-2026,16.56,16.775,16.3343,16.66,70164100
PAXS,25-Aug-2026,14.09,14.14,14.03,14.11,231900
PAY,25-Aug-2026,39.13,39.63,37.8101,39.34,1022500
PAYC,25-Aug-2026,230.37,233.46,227.2131,231.7,482300
PB,25-Aug-2026,73.53,73.66,72.31,72.53,787700
PBA,25-Aug-2026,48.22,48.8542,48.09,48.1,1003000
PBF,25-Aug-2026,69.06,70.29,66.32,66.51,1883700
PBH,25-Aug-2026,51.8,52.055,51.17,51.45,368800
PBI,25-Aug-2026,16.66,17.09,16.66,17.08,1457400
PBI-B,25-Aug-2026,21.78,21.82,21.66,21.73,20900
PBIpB,25-Aug-2026,21.78,21.82,21.66,21.73,18347
PBR,25-Aug-2026,18.08,18.13,17.695,17.85,28761300
PBR.A,25-Aug-2026,16.26,16.28,15.92,16.06,11556900
PBT,25-Aug-2026,34.48,35.29,34.34,34.61,74600
PCF,25-Aug-2026,5.41,5.45,5.37,5.42,74100
PCG,25-Aug-2026,18.11,18.38,18.0288,18.36,15222400
PCG-X,25-Aug-2026,43.19,43.88,43.19,43.7,11000
PCGpX,25-Aug-2026,43.19,43.88,43.19,43.7,7877
PCM,25-Aug-2026,5.45,5.45,5.41,5.41,33700
PCN,25-Aug-2026,11.75,11.775,11.72,11.76,333300
PCOR,25-Aug-2026,61.18,62.205,59.91,60.61,3027500
PCQ,25-Aug-2026,8.72,8.745,8.7,8.7,71300
PD,25-Aug-2026,12.24,12.41,12.04,12.25,1098600
PDCC,25-Aug-2026,8.84,8.92,8.82,8.82,1800
PDI,25-Aug-2026,15.4,15.49,15.37,15.46,2369500
PDM,25-Aug-2026,9.82,9.97,9.77,9.9,997800
PDO,25-Aug-2026,12.62,12.655,12.55,12.65,722000
PDPA,25-Aug-2026,25.15,25.15,25.11,25.11,2000
PDS,25-Aug-2026,85.8,88.08,85.8,87.16,86300
PDT,25-Aug-2026,12.59,12.6474,12.51,12.62,125300
PDX,25-Aug-2026,21.64,21.735,21.62,21.67,53300
PEB,25-Aug-2026,18.51,18.54,18.27,18.35,1505300
PEB-E,25-Aug-2026,19.95,20,19.9,19.98,8400
PEB-F,25-Aug-2026,19.84,20.04,19.84,20.04,5800
PEB-G,25-Aug-2026,19.99,20.0899,19.94,19.9908,1600
PEB-H,25-Aug-2026,18.25,18.3,18.13,18.18,2600
PEBpE,25-Aug-2026,19.95,20,19.9,19.98,5670
PEBpF,25-Aug-2026,19.84,20.04,19.84,20.04,3295
PEBpG,25-Aug-2026,19.99,20.0899,19.94,19.9908,1095
PEBpH,25-Aug-2026,18.25,18.3,18.13,18.18,1559
PEG,25-Aug-2026,73.76,73.845,73.21,73.28,1274700
PEN,25-Aug-2026,323.7,324.86,323.32,324.37,271500
PEO,25-Aug-2026,28.09,28.6306,28.002,28.25,39800
PERF,25-Aug-2026,1.89,1.9,1.88,1.89,74400
PEW,25-Aug-2026,2.41,2.45,2.35,2.36,268700
PEW.W,25-Aug-2026,0.28,0.29,0.2772,0.2772,62700
PEW.WS,25-Aug-2026,0.28,0.29,0.2772,0.2772,62223
PFD,25-Aug-2026,11.22,11.2462,11.2,11.2,17300
PFE,25-Aug-2026,27.92,28.58,27.84,28.57,31915700
PFGC,25-Aug-2026,105.29,106.015,104.4,104.94,1404200
PFH,25-Aug-2026,15.33,15.46,15.25,15.39,47800
PFL,25-Aug-2026,7.63,7.63,7.58,7.6,124600
PFLA,25-Aug-2026,25.28,25.32,25.25,25.32,1400
PFLT,25-Aug-2026,7.43,7.48,7.3901,7.42,768800
PFN,25-Aug-2026,6.98,7,6.93,6.99,491300
PFO,25-Aug-2026,9.03,9.07,9.0062,9.03,30700
PFS,25-Aug-2026,23.65,23.65,23.355,23.46,543200
PFSI,25-Aug-2026,75.65,75.9,73.39,74.16,508400
PG,25-Aug-2026,145.73,146.12,144.95,145.4,9126800
PGP,25-Aug-2026,8.66,8.7,8.66,8.68,46000
PGR,25-Aug-2026,222.34,222.58,220.19,222.09,1216300
PGZ,25-Aug-2026,9.9,9.96,9.9,9.96,41000
PH,25-Aug-2026,1033.12,1033.12,1014.91,1016.31,671400
PHG,25-Aug-2026,27.33,27.455,27.23,27.43,469000
PHI,25-Aug-2026,19.5,19.55,19.2,19.54,84900
PHIN,25-Aug-2026,71.76,71.78,70.6,70.92,220600
PHK,25-Aug-2026,4.55,4.57,4.53,4.56,868400
PHM,25-Aug-2026,131.02,131.52,128.3401,130.86,950300
PHR,25-Aug-2026,11.64,11.715,11.405,11.52,664600
PII,25-Aug-2026,65.07,65.09,62.6,63.56,1120400
PIM,25-Aug-2026,3.17,3.17,3.15,3.17,43200
PIN-A,25-Aug-2026,25.23,25.27,25.23,25.27,9700
PINE,25-Aug-2026,20,20.09,19.56,19.71,78700
PINS,25-Aug-2026,23.4,23.776,23.3,23.66,8510300
PIPR,25-Aug-2026,75.12,75.42,73.65,74.74,528800
PJT,25-Aug-2026,176.76,177.905,171.496,174.61,502600
PK,25-Aug-2026,15.93,16.195,15.8001,16.17,2817600
PKE,25-Aug-2026,33.82,33.998,32.17,32.52,175600
PKG,25-Aug-2026,249.25,249.39,245.53,246.54,449200
PKX,25-Aug-2026,59.01,59.59,58.74,59.42,150600
PL,25-Aug-2026,22.12,22.29,21.35,21.55,4367600
PLD,25-Aug-2026,143.49,143.54,141.97,143.33,2941900
PLGO,25-Aug-2026,24.13,24.39,23.95,24.16,274700
PLNT,25-Aug-2026,53.67,54.13,51.61,52.54,1619000
PLOW,25-Aug-2026,42,42,41.16,41.68,127700
PM,25-Aug-2026,190.87,194.18,189.66,193.92,2717400
PML,25-Aug-2026,7.3,7.34,7.2762,7.33,313600
PMM,25-Aug-2026,6.27,6.3102,6.2147,6.25,41100
PMMF,25-Aug-2026,100.33,100.34,100.33,100.33,98400
PMO,25-Aug-2026,10.27,10.32,10.22,10.27,51000
PMT,25-Aug-2026,9.3,9.32,9.19,9.29,1143800
PMT-A,25-Aug-2026,23.15,23.24,23.1,23.24,3900
PMT-B,25-Aug-2026,23.01,23.05,22.93,23,15000
PMT-C,25-Aug-2026,18.45,18.4885,18.41,18.45,7800
PMTpA,25-Aug-2026,23.15,23.24,23.1,23.24,2973
PMTpB,25-Aug-2026,23.01,23.05,22.93,23,12073
PMTpC,25-Aug-2026,18.45,18.4885,18.41,18.465,5996
PMTU,25-Aug-2026,25.72,25.72,25.72,25.72,500
PMTV,25-Aug-2026,25.33,25.36,25.26,25.26,24200
PMTW,25-Aug-2026,25.7,25.775,25.645,25.645,9400
PNA.U,25-Aug-2026,9.92,9.95,9.92,9.92,5400
PNC,25-Aug-2026,244.27,244.65,242,244.11,1641800
PNF-A,25-Aug-2026,25.07,25.4,25.07,25.3,14600
PNF-B,25-Aug-2026,26.54,26.572,26.38,26.41,5400
PNF-C,25-Aug-2026,24.13,24.263,24.111,24.2,4100
PNFP,25-Aug-2026,101.52,101.52,100.25,100.77,881100
PNI,25-Aug-2026,6.85,6.85,6.83,6.83,291800
PNNT,25-Aug-2026,3.78,3.825,3.77,3.81,454500
PNR,25-Aug-2026,63.9,64.28,62.28,62.46,4257500
PNW,25-Aug-2026,98.09,98.3821,97.4842,97.67,779900
POR,25-Aug-2026,49.84,50.05,49.42,49.81,930900
POST,25-Aug-2026,81.9,82.29,80.35,81.06,709200
PPG,25-Aug-2026,113.86,114.025,112.39,113.65,1290400
PPL,25-Aug-2026,35.18,35.24,34.955,34.99,6921800
PPLC,25-Aug-2026,45.96,46.95,45.96,46.95,130100
PPT,25-Aug-2026,3.43,3.47,3.43,3.47,346300
PR,25-Aug-2026,23.21,23.54,23.04,23.3,12679100
PRCS,25-Aug-2026,29.63,29.63,29.28,29.3406,11200
PRG,25-Aug-2026,39.38,39.86,38.2901,39.83,438100
PRGO,25-Aug-2026,14.22,14.64,14.01,14.48,3167300
PRH,25-Aug-2026,21.57,21.69,21.4601,21.56,56800
PRI,25-Aug-2026,300.89,300.89,296.86,297.72,167500
PRI-D,25-Aug-2026,24.6,24.6,24.6,24.6,100
PRI-K,25-Aug-2026,21.71,21.8,21.71,21.74,800
PRI-L,25-Aug-2026,24.69,24.8033,24.69,24.8033,1300
PRIFpD,25-Aug-2026,24.6,24.6,24.6,24.6,100
PRIFpK,25-Aug-2026,21.71,21.8,21.71,21.74,636
PRIFpL,25-Aug-2026,24.69,24.8033,24.69,24.8033,1275
PRIM,25-Aug-2026,77.16,77.645,73.8175,74.8,1162000
PRKS,25-Aug-2026,44.92,45.35,43.67,43.72,472800
PRLB,25-Aug-2026,78.46,78.62,76.55,77.6,139700
PRM,25-Aug-2026,30.87,32.02,30.67,31.3,804300
PRMB,25-Aug-2026,23.23,23.41,22.94,23.35,2988100
PRS,25-Aug-2026,20.6,20.77,20.575,20.64,45300
PRSU,25-Aug-2026,49.15,49.47,48.7,48.93,171700
PRT,25-Aug-2026,2.22,2.24,2.2,2.22,10700
PRU,25-Aug-2026,121.64,121.64,117.95,120.15,2044100
PRVS,25-Aug-2026,33.54,33.65,33.54,33.6397,7000
PS,25-Aug-2026,40.92,42.91,40.705,42.65,265200
PSA,25-Aug-2026,324.79,326.1,320.29,322.67,720600
PSA-F,25-Aug-2026,19.27,19.5,19.27,19.31,19500
PSA-G,25-Aug-2026,18.82,19,18.79,18.96,47700
PSA-H,25-Aug-2026,20.93,21.16,20.8992,21.06,16400
PSA-I,25-Aug-2026,18.5,18.51,18.35,18.4001,13300
PSA-J,25-Aug-2026,17.55,17.7,17.55,17.606,250400
PSA-K,25-Aug-2026,17.91,18.23,17.79,17.79,31300
PSA-L,25-Aug-2026,17.27,17.365,17.2272,17.29,70700
PSA-M,25-Aug-2026,15.39,15.545,15.39,15.43,13200
PSA-N,25-Aug-2026,14.55,14.594,14.5101,14.59,68900
PSA-O,25-Aug-2026,14.63,14.67,14.6,14.6,43700
PSA-P,25-Aug-2026,15,15.07,14.9491,14.96,30700
PSA-Q,25-Aug-2026,14.76,14.8528,14.73,14.8,20500
PSA-R,25-Aug-2026,15.04,15.05,14.93,14.98,107400
PSA-S,25-Aug-2026,15.36,15.62,15.36,15.4,26300
PSA-T,25-Aug-2026,22.58,22.98,22.58,22.75,13800
PSA-U,25-Aug-2026,23.94,24.4,23.94,24.37,2500
PSApF,25-Aug-2026,19.27,19.5,19.27,19.31,16937
PSApG,25-Aug-2026,18.82,19,18.79,18.95,42641
PSApH,25-Aug-2026,20.93,21.16,20.8992,21.06,13326
PSApI,25-Aug-2026,18.5,18.51,18.35,18.4001,8281
PSApJ,25-Aug-2026,17.55,17.7,17.55,17.606,249500
PSApK,25-Aug-2026,17.91,18.23,17.79,17.79,24939
PSApL,25-Aug-2026,17.27,17.365,17.2272,17.29,63393
PSApM,25-Aug-2026,15.39,15.545,15.39,15.43,10394
PSApN,25-Aug-2026,14.55,14.594,14.5101,14.59,65133
PSApO,25-Aug-2026,14.63,14.67,14.6,14.6,38946
PSApP,25-Aug-2026,15,15.07,14.9491,14.96,24119
PSApQ,25-Aug-2026,14.76,14.8528,14.73,14.8,18431
PSApR,25-Aug-2026,15.04,15.05,14.93,14.98,102816
PSApS,25-Aug-2026,15.36,15.62,15.36,15.4,23075
PSBD,25-Aug-2026,10.35,10.43,10.22,10.34,131700
PSE-A,25-Aug-2026,16.64,16.82,16.64,16.7371,2500
PSECpA,25-Aug-2026,16.64,16.82,16.64,16.7371,1800
PSF,25-Aug-2026,19.33,19.435,19.3,19.4,34600
PSFE,25-Aug-2026,6.64,6.84,6.5,6.82,214000
PSN,25-Aug-2026,48.8,48.935,47.77,48.04,601600
PSO,25-Aug-2026,16.54,16.62,16.43,16.59,431400
PSQ.W,25-Aug-2026,0.0276,0.0312,0.0276,0.029,11300
PSQH,25-Aug-2026,6.13,6.94,6.02,6.88,198600
PSQH.WS,25-Aug-2026,0.0276,0.0312,0.0276,0.029,11200
PSTL,25-Aug-2026,23.13,23.43,22.9001,23.4,206900
PSUS,25-Aug-2026,39.75,39.75,39.1,39.37,328400
PSX,25-Aug-2026,239.5,242,236.56,236.9,2176500
PTA,25-Aug-2026,18.42,18.61,18.41,18.5,263100
PTY,25-Aug-2026,11.8,11.83,11.76,11.82,1042200
PUK,25-Aug-2026,28.29,28.465,28.16,28.43,470900
PUMP,25-Aug-2026,10.75,10.97,10.6,10.6,3048700
PVH,25-Aug-2026,77.05,77.05,74.04,74.52,1021600
PVL,25-Aug-2026,1.82,1.82,1.8,1.81,33900
PWR,25-Aug-2026,632.95,634.1,600.38,603.78,1302700
PXED,25-Aug-2026,28.38,28.76,27.95,28.74,64100
PYT,25-Aug-2026,23.6,23.605,23.47,23.47,2500
Q,25-Aug-2026,129.04,129.5,125.81,126.62,945100
QGEN,25-Aug-2026,42.18,44.21,42.115,43.65,4071800
QLE.W,25-Aug-2026,0.1207,0.1207,0.1201,0.1201,1100
QLEP,25-Aug-2026,9.97,10.02,9.97,10.02,8500
QRE-,25-Aug-2026,0.26,0.2605,0.26,0.26,1100
QSR,25-Aug-2026,81.17,81.69,81.035,81.56,2104300
QTWO,25-Aug-2026,63.5,64.07,62.52,63.89,615300
QUAD,25-Aug-2026,10.28,10.28,9.96,10.2,281100
QXO,25-Aug-2026,13.71,13.975,13.63,13.85,12519600
QXO-B,25-Aug-2026,40.87,42.05,40.87,41.83,196000
QXOpB,25-Aug-2026,40.87,42.05,40.87,41.63,192623
R,25-Aug-2026,247.51,248.005,243.64,246.18,239500
RA,25-Aug-2026,12.54,12.64,12.54,12.6,249700
RAC,25-Aug-2026,10.5399,10.54,10.53,10.5301,51400
RACE,25-Aug-2026,419.7,424.22,419.51,421.85,269200
RAL,25-Aug-2026,63.92,63.95,61.63,61.7,1397400
RAMP,25-Aug-2026,37.6,37.72,37.59,37.72,1098900
RBA,25-Aug-2026,83.38,85.56,82.9375,85.02,1767600
RBC,25-Aug-2026,503.85,503.85,492.81,496.01,271000
RBLX,25-Aug-2026,38.89,39.95,38.215,39.12,8208300
RBRK,25-Aug-2026,97.98,98.7899,90.15,92.65,3743200
RC,25-Aug-2026,1.87,2,1.87,1.99,1139300
RC-C,25-Aug-2026,12.7,12.72,12.6,12.65,1800
RC-E,25-Aug-2026,13.32,13.47,13.32,13.47,5900
RCD,25-Aug-2026,23.64,23.83,23.64,23.83,5800
RCI,25-Aug-2026,36.25,36.63,36.12,36.59,982800
RCL,25-Aug-2026,297.16,297.23,290.66,292.29,1218200
RCpC,25-Aug-2026,12.7,12.72,12.6,12.65,945
RCpE,25-Aug-2026,13.32,13.47,13.32,13.47,3070
RCS,25-Aug-2026,5.3,5.32,5.25,5.25,138200
RCUS,25-Aug-2026,30.11,31.58,30.11,31.57,655700
RDDT,25-Aug-2026,153.49,162.625,152.77,162.45,4386500
RDN,25-Aug-2026,36.67,36.95,36.23,36.83,937300
RDW,25-Aug-2026,11.48,11.85,11.2,11.48,10800400
RDY,25-Aug-2026,12.28,12.375,12.22,12.34,1770400
REF,25-Aug-2026,14.52,14.625,13.18,13.32,365200
RELX,25-Aug-2026,35.49,35.95,35.4,35.88,1427600
RERE,25-Aug-2026,4.1,4.115,3.86,3.94,1438300
RES,25-Aug-2026,6.14,6.225,6.12,6.14,1499600
REX,25-Aug-2026,42.18,42.21,41.45,41.51,119500
REX-B,25-Aug-2026,22.92,22.92,22.63,22.7,4400
REX-C,25-Aug-2026,21.44,21.44,21.36,21.36,900
REXR,25-Aug-2026,37.69,37.85,37.495,37.62,1793400
REXRpB,25-Aug-2026,22.92,22.92,22.63,22.7,2950
REXRpC,25-Aug-2026,21.44,21.44,21.36,21.36,800
REZI,25-Aug-2026,19.65,19.97,18.96,19.93,2316200
RF,25-Aug-2026,30.68,30.715,30.295,30.63,7208000
RF-C,25-Aug-2026,24.55,24.66,24.475,24.56,34800
RF-E,25-Aug-2026,16.19,16.24,16.1,16.225,29600
RF-F,25-Aug-2026,25.6,25.6,25.3701,25.59,61800
RFI,25-Aug-2026,11.39,11.51,11.39,11.47,75800
RFL,25-Aug-2026,2.22,2.3194,2.18,2.24,83100
RFM,25-Aug-2026,14.51,14.58,14.44,14.47,3200
RFMZ,25-Aug-2026,13.18,13.22,13.15,13.17,20400
RFpC,25-Aug-2026,24.55,24.66,24.475,24.56,27001
RFpE,25-Aug-2026,16.19,16.24,16.1,16.225,25269
RFpF,25-Aug-2026,25.6,25.6,25.3701,25.59,16602
RGA,25-Aug-2026,245.65,247.19,243.22,244.46,233200
RGR,25-Aug-2026,38.39,38.615,37.985,38.39,70000
RGT,25-Aug-2026,15.45,15.6218,15.37,15.49,18500
RH,25-Aug-2026,145.2,146,140.13,141.3,747800
RHI,25-Aug-2026,43.76,45.03,43.75,44.9,3942900
RHLD,25-Aug-2026,132.71,147.9,130.52,144.64,251500
RHP,25-Aug-2026,131.99,133.205,131.0652,132.95,631500
RIG,25-Aug-2026,5.66,5.81,5.66,5.75,30008200
RIO,25-Aug-2026,105,106.8396,104.8,106.81,1690700
RIT-A,25-Aug-2026,25.45,25.59,25.45,25.59,6700
RIT-B,25-Aug-2026,25.52,25.57,25.4701,25.55,48500
RIT-C,25-Aug-2026,24.92,24.93,24.87,24.92,17500
RIT-D,25-Aug-2026,25.11,25.13,25.075,25.1,24500
RIT-E,25-Aug-2026,24.75,24.75,24.55,24.61,15700
RIT-F,25-Aug-2026,24.76,24.92,24.76,24.85,16600
RITM,25-Aug-2026,10.25,10.26,10.16,10.17,3418400
RITMpA,25-Aug-2026,25.45,25.59,25.45,25.59,4864
RITMpB,25-Aug-2026,25.52,25.57,25.4701,25.55,44420
RITMpC,25-Aug-2026,24.92,24.93,24.87,24.92,15236
RITMpD,25-Aug-2026,25.11,25.13,25.075,25.09,20043
RITMpE,25-Aug-2026,24.75,24.75,24.55,24.61,14083
RIV,25-Aug-2026,11.05,11.1,11.0001,11.09,314400
RIV-A,25-Aug-2026,21.55,21.75,21.525,21.54,7700
RIVpA,25-Aug-2026,21.55,21.75,21.525,21.5757,7072
RJF,25-Aug-2026,176.44,176.44,174.65,174.71,857400
RKT,25-Aug-2026,14.38,14.4,13.865,14.3,28883400
RL,25-Aug-2026,374.12,374.12,362.22,362.6,611400
RLI,25-Aug-2026,65.4,65.4,64.025,64.9,780800
RLJ,25-Aug-2026,11.62,11.78,11.5,11.56,1717900
RLJ-A,25-Aug-2026,25.08,25.17,25.06,25.12,14500
RLJpA,25-Aug-2026,25.08,25.17,25.06,25.12,11035
RLTY,25-Aug-2026,15.76,15.81,15.6168,15.8,28200
RLX,25-Aug-2026,1.81,1.81,1.76,1.79,3280300
RM,25-Aug-2026,34.82,34.94,33.34,33.34,62500
RMD,25-Aug-2026,232.22,238.37,231.885,236.59,1761100
RMI,25-Aug-2026,15.2,15.2,15.13,15.2,11100
RMM,25-Aug-2026,14.28,14.28,14.15,14.25,31200
RMMZ,25-Aug-2026,14.8,14.98,14.655,14.86,16400
RMT,25-Aug-2026,14.15,14.2329,14.0859,14.2,54900
RNG,25-Aug-2026,67.45,67.8273,64.63,65.61,1488600
RNGR,25-Aug-2026,15.98,16.18,15.89,16.01,156800
RNP,25-Aug-2026,20.34,20.47,20.2801,20.46,116700
RNR,25-Aug-2026,329.02,330.26,326.64,329.2,191900
RNR-F,25-Aug-2026,20.73,20.9276,20.58,20.85,12500
RNR-G,25-Aug-2026,15.07,15.11,14.9144,15.11,18200
RNRpF,25-Aug-2026,20.73,20.9276,20.58,20.825,8829
RNRpG,25-Aug-2026,15.07,15.11,14.9144,15.11,15589
RNST,25-Aug-2026,41.47,41.47,40.935,41.01,514800
ROG,25-Aug-2026,125.05,125.6,123.32,124.74,148000
ROK,25-Aug-2026,433.85,434.71,428.22,429.4,595300
ROL,25-Aug-2026,36.89,36.9559,36.145,36.36,4639400
RONB,25-Aug-2026,23.86,24.03,23.83,23.9,114400
RPC,25-Aug-2026,8.92,8.92,8.72,8.82,277000
RPM,25-Aug-2026,107.55,107.71,106.05,106.79,966800
RPT,25-Aug-2026,13.2,13.25,13.1013,13.17,5600
RQI,25-Aug-2026,12.37,12.44,12.34,12.41,429500
RRC,25-Aug-2026,40.5,41.3299,40.27,40.99,2218600
RRX,25-Aug-2026,166.52,167.75,161.26,162.18,1077900
RS,25-Aug-2026,384,385.52,380.25,383.66,221700
RSF,25-Aug-2026,14.48,14.525,14.48,14.51,4900
RSG,25-Aug-2026,221.59,223.96,220.39,220.96,1344000
RSI,25-Aug-2026,26.45,26.74,25.97,26.05,1332600
RSKD,25-Aug-2026,5.95,6.01,5.89,5.94,849700
RTO,25-Aug-2026,23.7,23.845,23.5258,23.8,1335600
RTX,25-Aug-2026,210.36,210.65,207.44,210.28,4894900
RVI,25-Aug-2026,26.65,27.2,26.5358,27.12,118200
RVII,25-Aug-2026,22.85,22.99,22.51,22.69,138100
RVLV,25-Aug-2026,23.88,23.8908,22.94,23.31,612000
RVT,25-Aug-2026,18.78,18.95,18.6015,18.71,269700
RVTY,25-Aug-2026,123.69,124.94,122.0109,124.84,1035600
RWT,25-Aug-2026,4.78,4.78,4.7,4.72,1209500
RWT-A,25-Aug-2026,24.74,24.74,24.675,24.675,400
RWTN,25-Aug-2026,24.55,24.75,24.55,24.75,2900
RWTO,25-Aug-2026,24.57,24.73,24.521,24.65,2700
RWTP,25-Aug-2026,23.98,23.98,23.8735,23.95,3400
RWTpA,25-Aug-2026,24.74,24.74,24.675,24.675,311
RWTQ,25-Aug-2026,23.64,23.65,23.5,23.52,25600
RWTS,25-Aug-2026,23.84,23.96,23.675,23.76,17800
RXO,25-Aug-2026,21.72,22.09,21.255,21.59,1545900
RY,25-Aug-2026,204.49,207.67,203.51,207.09,1777500
RYAM,25-Aug-2026,8.39,8.645,8.265,8.61,829200
RYAN,25-Aug-2026,43.97,44.62,43.16,43.93,898100
RYN,25-Aug-2026,21.1,21.285,20.98,21.25,2574200
RYZ,25-Aug-2026,24.44,24.68,24.03,24.59,428000
RZC,25-Aug-2026,25.62,25.62,25.52,25.52,83000
S,25-Aug-2026,20.76,20.92,19.935,20.31,5474900
SA,25-Aug-2026,32.46,35.12,32.1,35.03,957100
SABA,25-Aug-2026,8.21,8.25,8.18,8.2,74400
SAFE,25-Aug-2026,15.56,15.57,15.38,15.49,172800
SAG.W,25-Aug-2026,0.06,0.06,0.06,0.06,200
SAGU,25-Aug-2026,9.96,9.98,9.96,9.97,1000
SAH,25-Aug-2026,76.31,77.03,74.78,77.01,198500
SAJ,25-Aug-2026,25.07,25.155,25.06,25.06,5700
SAM,25-Aug-2026,189,190.17,185.96,189.41,124300
SAM.U,25-Aug-2026,9.92,9.92,9.9123,9.92,2300
SAN,25-Aug-2026,14.65,14.675,14.535,14.63,14316800
SAP,25-Aug-2026,215.3,218.085,214.95,216.93,1850300
SAR,25-Aug-2026,18.46,18.5284,18.3,18.42,106100
SARO,25-Aug-2026,25.15,25.19,24.715,24.96,3200700
SAT,25-Aug-2026,24.99,25.0039,24.99,25,7800
SAV,25-Aug-2026,24.55,24.81,24.55,24.78,7600
SAY,25-Aug-2026,25.1,25.12,25.0555,25.1068,6600
SAZ,25-Aug-2026,25.19,25.1981,25.18,25.1981,1000
SB,25-Aug-2026,8.7,8.755,8.46,8.7,619200
SB-D,25-Aug-2026,26.0673,26.0673,26.05,26.05,1400
SBH,25-Aug-2026,16.58,16.58,16.055,16.46,983000
SBI,25-Aug-2026,7.63,7.63,7.61,7.62,59800
SBpD,25-Aug-2026,26.0673,26.0673,26.05,26.05,1119
SBR,25-Aug-2026,72.6,74.565,72.6,74.46,49800
SBS,25-Aug-2026,4.66,4.81,4.595,4.8,6950300
SBSI,25-Aug-2026,32.19,32.19,31.65,31.91,94800
SBSW,25-Aug-2026,12.26,12.55,12.23,12.53,6093500
SBXD,25-Aug-2026,11.2,11.2,10.85,10.85,700
SBXE,25-Aug-2026,10.07,10.1,10.07,10.07,102400
SCCO,25-Aug-2026,212.06,219.84,210.31,219.7,872300
SCD,25-Aug-2026,15.58,15.6,15.49,15.52,47300
SCE-G,25-Aug-2026,17.02,17.23,17.02,17.12,12900
SCE-L,25-Aug-2026,16.78,17.01,16.75,16.9,38900
SCE-M,25-Aug-2026,24.39,24.475,24.265,24.47,32500
SCE-N,25-Aug-2026,23.08,23.14,23.05,23.08,17900
SCEpG,25-Aug-2026,17.02,17.23,17.02,17.165,10817
SCEpL,25-Aug-2026,16.78,17.01,16.75,16.9,35183
SCEpM,25-Aug-2026,24.39,24.475,24.265,24.47,26920
SCEpN,25-Aug-2026,23.08,23.14,23.05,23.08,14972
SCH-D,25-Aug-2026,23.76,23.7855,23.5501,23.65,22000
SCH-J,25-Aug-2026,17.09,17.125,16.94,17.01,65900
SCHW,25-Aug-2026,113.04,113.3827,112.0813,112.27,5047700
SCHWpD,25-Aug-2026,23.76,23.7855,23.5501,23.65,16293
SCHWpJ,25-Aug-2026,17,17.125,16.94,17.01,56653
SCI,25-Aug-2026,83.38,84.5,83.35,84.45,625000
SCL,25-Aug-2026,62.44,62.44,61,62.04,69700
SCM,25-Aug-2026,8.75,8.83,8.62,8.66,114700
SD,25-Aug-2026,13.94,14.0503,13.7,13.9,195300
SDHC,25-Aug-2026,12.66,12.91,12.01,12.42,121700
SDHY,25-Aug-2026,16.1,16.19,16,16.17,66200
SDRL,25-Aug-2026,46.07,47.91,46.07,47.09,445900
SE,25-Aug-2026,117,123.73,116.75,123.18,4838000
SEA-A,25-Aug-2026,25.75,25.77,25.75,25.77,4100
SEA-B,25-Aug-2026,25.8,25.845,25.75,25.75,10500
SEALpA,25-Aug-2026,25.75,25.77,25.75,25.77,3677
SEALpB,25-Aug-2026,25.8,25.845,25.75,25.75,5753
SECZ,25-Aug-2026,6.41,6.79,6.01,6.73,2017900
SEG,25-Aug-2026,27.41,27.57,27.025,27.41,54800
SEI,25-Aug-2026,54.33,55.26,52.475,52.89,1744100
SES,25-Aug-2026,0.55,0.5589,0.5357,0.5453,9848900
SF,25-Aug-2026,80.93,81.12,79.57,79.58,1527100
SF-B,25-Aug-2026,21.81,22.07,21.81,21.9801,9200
SF-C,25-Aug-2026,21.45,21.49,21.2394,21.43,12600
SF-D,25-Aug-2026,15.67,15.8,15.6312,15.7701,18800
SFB,25-Aug-2026,19.59,19.7241,19.55,19.68,14500
SFBS,25-Aug-2026,44.02,44.035,42.91,43.13,388600
SFL,25-Aug-2026,12.17,12.315,12.095,12.22,1041800
SFpB,25-Aug-2026,21.81,22.07,21.81,21.9801,8254
SFpC,25-Aug-2026,21.45,21.49,21.2394,21.43,9982
SFpD,25-Aug-2026,15.67,15.8,15.6312,15.7701,16601
SG,25-Aug-2026,7.01,7.145,6.85,6.9,4938600
SGHC,25-Aug-2026,14.02,14.16,13.82,13.95,2007900
SGI,25-Aug-2026,65.12,65.12,63.27,64.09,2528300
SGOV,25-Aug-2026,100.645,100.65,100.64,100.64,18014000
SGU,25-Aug-2026,12.63,12.64,12.4701,12.57,9600
SHAK,25-Aug-2026,75.22,75.78,73.92,74.07,716700
SHEL,25-Aug-2026,92.38,92.71,91.97,92.22,5646200
SHG,25-Aug-2026,76.2,76.8222,76.05,76.81,116200
SHO,25-Aug-2026,11.4,11.44,11.3,11.36,1196600
SHO-H,25-Aug-2026,22.22,22.4,22.22,22.27,11000
SHOC,25-Aug-2026,103.51,103.55,102.33,102.968,5000
SHOpH,25-Aug-2026,22.22,22.4,22.22,22.27,5730
SHV,25-Aug-2026,110.33,110.34,110.33,110.34,1932600
SHW,25-Aug-2026,350.5,352.53,346.19,350.45,1271500
SI,25-Aug-2026,22.31,22.32,21.4,22.32,96700
SID,25-Aug-2026,1.02,1.03,0.9869,1.02,1461600
SIG,25-Aug-2026,83.9,84.84,81.06,84.6,738200
SII,25-Aug-2026,133.57,139.48,133.52,137.67,207000
SIND,25-Aug-2026,17.31,18.95,17.31,17.92,151900
SITC,25-Aug-2026,3.08,3.085,2.98,2.98,784000
SITE,25-Aug-2026,95.5,96.145,94.845,95.11,595000
SJM,25-Aug-2026,123.87,126.19,123.77,125.45,1973400
SJT,25-Aug-2026,2.77,3,2.765,2.93,193800
SKE,25-Aug-2026,34.6,35.185,34.1,35.06,1370100
SKIL,25-Aug-2026,8,8.05,7.755,7.89,53000
SKM,25-Aug-2026,39.89,39.93,39.095,39.66,1407600
SKT,25-Aug-2026,39.03,39.07,38.42,38.45,630400
SKY,25-Aug-2026,92.86,94.9328,89.97,91.74,525300
SKY.W,25-Aug-2026,0.3,0.4,0.26,0.3815,33500
SKYH,25-Aug-2026,10.57,10.71,10.48,10.66,170100
SKYH.WS,25-Aug-2026,0.3,0.4,0.26,0.3815,32782
SLB,25-Aug-2026,53.6,54.9,52.96,53.29,10720700
SLF,25-Aug-2026,79.49,79.98,78.92,79.98,6232700
SLG,25-Aug-2026,58.78,59.87,58.03,59.83,941600
SLG-I,25-Aug-2026,21.25,21.425,21.25,21.32,4500
SLGN,25-Aug-2026,42.72,42.72,41.88,42.66,518300
SLGpI,25-Aug-2026,21.25,21.425,21.25,21.32,3751
SLNZ,25-Aug-2026,45.755,45.88,45.63,45.765,500
SLQT,25-Aug-2026,0.65,0.6799,0.4816,0.5483,9737600
SLVM,25-Aug-2026,37.13,37.41,36.33,36.89,181900
SM,25-Aug-2026,35.29,36.27,35.2,35.68,2433900
SMA,25-Aug-2026,33.99,34.2,33.5,34.04,719700
SMBK,25-Aug-2026,51.23,51.41,50.65,50.85,67700
SMC,25-Aug-2026,34.06,34.13,33.25,33.54,56200
SMFG,25-Aug-2026,25.1,25.18,24.985,25.18,1219500
SMG,25-Aug-2026,60.7,62.79,60.65,62.61,755100
SMHI,25-Aug-2026,9.68,9.85,9.6614,9.7,80800
SMP,25-Aug-2026,37.56,37.81,37.01,37.53,186000
SMR,25-Aug-2026,9.265,9.97,9.03,9.81,55598600
SMRT,25-Aug-2026,1.4,1.45,1.391,1.44,540300
SMWB,25-Aug-2026,8.98,9,8.7915,8.93,741200
SN,25-Aug-2026,185,185,182.04,183.8,773000
SNA,25-Aug-2026,398,398,392.51,394.56,220100
SNAP,25-Aug-2026,5.57,5.95,5.46,5.92,46455900
SNDA,25-Aug-2026,39.53,41.01,39.26,40.97,631500
SNDR,25-Aug-2026,35.23,35.51,34.565,34.71,526900
SNN,25-Aug-2026,29.34,29.37,29.11,29.22,1833600
SNOW,25-Aug-2026,322.14,325.85,308.62,317.02,4443800
SNU-H,25-Aug-2026,21,22.08,21,21.9,54000
SNU-I,25-Aug-2026,24.37,24.39,23.8746,24.35,38100
SNX,25-Aug-2026,249.26,252.06,244.78,251.39,482800
SO,25-Aug-2026,90,90.54,89.71,89.97,4979100
SOBO,25-Aug-2026,36.93,37.29,36.75,36.82,605400
SOC,25-Aug-2026,4.7,4.8043,4.61,4.71,6490300
SOJC,25-Aug-2026,20.02,20.14,19.9301,20.05,39700
SOJD,25-Aug-2026,18.56,18.64,18.47,18.59,107800
SOJE,25-Aug-2026,16.11,16.22,16.04,16.145,37900
SOJF,25-Aug-2026,25.16,25.19,24.995,25.105,77000
SOLV,25-Aug-2026,90.79,92.05,90.35,91.61,1048000
SOMN,25-Aug-2026,48.52,48.56,48.3,48.37,42600
SON,25-Aug-2026,57.64,57.97,56.99,57.88,1104400
SONY,25-Aug-2026,23.97,24.1108,23.81,24.05,3078700
SOR,25-Aug-2026,46.67,47,46.5,46.77,10200
SOS,25-Aug-2026,0.94,1.02,0.9289,0.9623,179700
SOU-,25-Aug-2026,0.17,0.17,0.13,0.13,200
SOULr,25-Aug-2026,0.17,0.17,0.13,0.13,200
SPB,25-Aug-2026,88.26,89.185,86.36,88.95,300900
SPCE,25-Aug-2026,3.03,3.05,2.96,2.97,4538900
SPE,25-Aug-2026,13.46,13.51,13.3673,13.39,10300
SPE-C,25-Aug-2026,24.7668,24.7668,24.72,24.72,1300
SPEpC,25-Aug-2026,24.7668,24.7668,24.72,24.72,1200
SPG,25-Aug-2026,221.33,221.33,218.8,218.99,843400
SPG-J,25-Aug-2026,56.46,56.46,56.46,56.46,400
SPGI,25-Aug-2026,428.48,434.41,423.89,432.99,1283200
SPGpJ,25-Aug-2026,56.46,56.46,56.46,56.46,100
SPH,25-Aug-2026,17.63,17.7458,17.5,17.63,161500
SPHR,25-Aug-2026,159.32,163.97,156.935,159.85,481200
SPIR,25-Aug-2026,14.22,14.26,13.36,13.73,468800
SPMA,25-Aug-2026,25.09,25.09,25.09,25.09,400
SPMC,25-Aug-2026,9.29,9.29,9.01,9.16,21200
SPME,25-Aug-2026,25,25.0999,25,25.0999,1700
SPNT,25-Aug-2026,24.08,24.08,23.7578,23.96,337900
SPOT,25-Aug-2026,532.62,554.25,532,552.57,1281000
SPRU,25-Aug-2026,1.94,2.22,1.94,2.14,141200
SPXC,25-Aug-2026,205.62,206.78,200.605,200.98,421800
SPXX,25-Aug-2026,19.2,19.24,19.08,19.22,259400
SQM,25-Aug-2026,80.1,80.55,78.8,79.21,1065400
SQNS,25-Aug-2026,3,3.06,2.9019,2.93,54400
SR,25-Aug-2026,81.48,83.34,81.47,83.21,524400
SRE,25-Aug-2026,84.66,85,83.99,84.03,2977900
SREA,25-Aug-2026,20.48,20.7,20.48,20.7,78200
SRFM,25-Aug-2026,0.67,0.6786,0.641,0.6658,1218700
SRG,25-Aug-2026,2.09,2.12,2.09,2.11,89200
SRG-A,25-Aug-2026,21.75,22.25,21.75,22.25,3600
SRGpA,25-Aug-2026,21.75,22.25,21.75,22.25,2385
SRI,25-Aug-2026,7.22,7.3,7.12,7.2,115400
SRJN,25-Aug-2026,22.54,22.64,22.34,22.51,98700
SRL,25-Aug-2026,5.73,5.75,5.73,5.75,4000
SRV,25-Aug-2026,45.6,45.748,45.03,45.13,51000
SSB,25-Aug-2026,107.03,107.04,105.42,106.12,500900
SSD,25-Aug-2026,189.87,189.87,185.4,186.58,256500
SSL,25-Aug-2026,11.75,11.835,11.395,11.45,1382700
SSMR,25-Aug-2026,18.94,19.6099,18.41,18.6,283800
SST,25-Aug-2026,1.91,1.935,1.75,1.89,89900
SSTK,25-Aug-2026,5.39,5.56,5.26,5.54,849900
ST,25-Aug-2026,42.79,42.79,41.69,42.17,1035100
STAG,25-Aug-2026,37.22,37.23,36.75,37.1,1185800
STC,25-Aug-2026,70.02,70.02,68.505,69.3,142100
STDN,25-Aug-2026,12.05,14.8988,11.94,13.94,1467600
STE,25-Aug-2026,237,240.34,235.02,236.44,906700
STEM,25-Aug-2026,5.6,5.79,5.515,5.61,80400
STEW,25-Aug-2026,18.41,18.53,18.37,18.53,70600
STG,25-Aug-2026,2.99,3,2.95,2.98,24300
STK,25-Aug-2026,51.89,52.46,51.27,52,58800
STLA,25-Aug-2026,5.13,5.29,5.12,5.26,22396900
STM,25-Aug-2026,49.665,50.09,49.155,49.46,5663100
STN,25-Aug-2026,74.33,75.5,73.39,73.49,416300
STNG,25-Aug-2026,77.95,78.09,77.1,77.2,552500
STT,25-Aug-2026,190.94,193.51,189.3601,192.95,1181500
STT-G,25-Aug-2026,20.78,20.85,20.68,20.77,91400
STTpG,25-Aug-2026,20.71,20.85,20.68,20.73,81556
STUB,25-Aug-2026,6.66,6.85,6.62,6.81,4891600
STVN,25-Aug-2026,22.24,23.08,22,22.7,204600
STWD,25-Aug-2026,16.31,16.36,16.11,16.12,2662300
STXD,25-Aug-2026,40.64,40.67,40.52,40.6273,3500
STXE,25-Aug-2026,49.84,50.08,49.75,50.073,8500
STXF,25-Aug-2026,49.46,49.55,49.3327,49.53,33800
STXG,25-Aug-2026,56.11,56.11,55.9,56.0456,4200
STXK,25-Aug-2026,38.645,38.7203,38.645,38.7203,2700
STXT,25-Aug-2026,19.685,19.74,19.68,19.7086,27100
STXV,25-Aug-2026,39.71,39.81,39.71,39.7773,4800
STZ,25-Aug-2026,136.09,136.88,134.32,135.01,954700
SU,25-Aug-2026,66.5,67.14,65.3,65.36,3159400
SUI,25-Aug-2026,123.03,126.23,123.03,125.94,1739800
SUN,25-Aug-2026,76.08,76.3089,74.385,74.6,474900
SUNB,25-Aug-2026,77.12,77.26,75.36,75.69,1700200
SUNC,25-Aug-2026,76.76,76.995,75.7,75.83,214800
SUPV,25-Aug-2026,8.57,8.8,8.34,8.78,651100
SUZ,25-Aug-2026,8.98,9.07,8.98,9.03,3711300
SVV,25-Aug-2026,10.87,10.91,10.515,10.72,1154600
SW,25-Aug-2026,49.38,49.59,48.2,49.43,3180600
SWK,25-Aug-2026,99.66,99.96,97.45,98.46,1213400
SWX,25-Aug-2026,90.26,90.26,88.74,89.08,337900
SWZ,25-Aug-2026,5.9699,5.9699,5.94,5.945,16700
SXC,25-Aug-2026,9.64,9.885,9.504,9.76,1366200
SXI,25-Aug-2026,308.65,311.13,300.62,304.73,163400
SXT,25-Aug-2026,137.59,138.52,135.02,136.84,239500
SYF,25-Aug-2026,80.51,80.88,79.205,80.77,3918200
SYF-A,25-Aug-2026,18.65,18.875,18.53,18.58,39600
SYF-B,25-Aug-2026,25.91,26.24,25.89,26.12,29100
SYFpA,25-Aug-2026,18.65,18.875,18.53,18.58,32254
SYFpB,25-Aug-2026,25.91,26.24,25.89,26.1746,25065
SYK,25-Aug-2026,325.09,331.75,324,330.59,2202600
SYY,25-Aug-2026,83.54,83.8,82.91,83.46,1670300
T,25-Aug-2026,25.58,25.87,25.43,25.77,28826100
T-A,25-Aug-2026,17.76,17.99,17.71,17.96,297700
T-C,25-Aug-2026,16.97,17.08,16.8901,17.06,103300
TAC,25-Aug-2026,12.16,12.29,12.1,12.25,4869200
TAK,25-Aug-2026,18.21,18.355,18.21,18.35,1247300
TAL,25-Aug-2026,11.39,11.66,11.32,11.59,11421300
TALO,25-Aug-2026,16.49,16.91,16.4,16.5,1379200
TAP,25-Aug-2026,42.64,42.69,41.7905,42.01,2102400
TAP.A,25-Aug-2026,44.5,44.5,44.5,44.5,400
TBB,25-Aug-2026,19.62,19.7,19.54,19.7,66400
TBBB,25-Aug-2026,51,51.62,50.04,50.91,1067800
TBI,25-Aug-2026,10.61,10.75,10.4497,10.74,97200
TBLU,25-Aug-2026,51.74,51.795,51.74,51.795,500
TBN,25-Aug-2026,37.22,38.24,37.08,37.72,96600
TCAI,25-Aug-2026,46.22,46.25,45.53,45.59,72000
TCBX,25-Aug-2026,45.61,45.62,45.12,45.45,102100
TCI,25-Aug-2026,39.21,39.21,39.21,39.21,3400
TCPA,25-Aug-2026,22.06,22.1399,21.9,21.96,74700
TD,25-Aug-2026,117.41,119.245,116.71,119.07,2395200
TDAY,25-Aug-2026,6.34,6.495,6.23,6.49,2454400
TDC,25-Aug-2026,27.48,27.71,26.99,27.37,1128300
TDF,25-Aug-2026,10.71,10.88,10.71,10.86,33300
TDG,25-Aug-2026,1211.33,1212.38,1183.74,1192.6,397700
TDOC,25-Aug-2026,6.23,6.265,6.12,6.19,3265300
TDS,25-Aug-2026,33.33,33.865,32.92,33.82,884400
TDS-U,25-Aug-2026,20.78,20.87,20.78,20.78,31600
TDS-V,25-Aug-2026,19.02,19.18,18.98,19.17,15300
TDSpU,25-Aug-2026,20.78,20.87,20.78,20.78,16561
TDSpV,25-Aug-2026,19.02,19.18,18.98,19.17,11616
TDW,25-Aug-2026,91.91,93.05,91.165,92.32,396800
TDY,25-Aug-2026,631.46,633.54,625.14,626.9,186100
TE,25-Aug-2026,4.51,4.76,4.435,4.65,19673900
TECK,25-Aug-2026,69.31,71.63,69.26,71.62,3979800
TEI,25-Aug-2026,6.75,6.7985,6.71,6.78,84100
TEL,25-Aug-2026,205,205.295,199.28,201.41,2155900
TEN,25-Aug-2026,42.38,42.65,42,42.27,144300
TEN-E,25-Aug-2026,26.05,26.05,25.97,26,7200
TEN-F,25-Aug-2026,26.7,26.91,26.7,26.91,800
TENpE,25-Aug-2026,26.15,26.15,25.97,26,5851
TENpF,25-Aug-2026,26.7,26.91,26.7,26.91,519
TEO,25-Aug-2026,13.6,13.61,13.13,13.52,121400
TEVA,25-Aug-2026,37.13,38.11,37.09,38.1,5279100
TEX,25-Aug-2026,67.09,67.09,65,65.22,844200
TFC,25-Aug-2026,50.88,50.96,50.2241,50.3,5505000
TFC-I,25-Aug-2026,17.94,18.03,17.8,17.9,57700
TFC-O,25-Aug-2026,19.63,19.7065,19.5,19.57,39700
TFC-R,25-Aug-2026,17.62,17.74,17.5519,17.58,74600
TFCpI,25-Aug-2026,17.94,18.03,17.8,17.89,53412
TFCpO,25-Aug-2026,19.63,19.7065,19.5,19.59,29332
TFCpR,25-Aug-2026,17.62,17.74,17.5519,17.58,59394
TFI-,25-Aug-2026,22.37,22.37,22.35,22.35,900
TFII,25-Aug-2026,135.74,136.66,134.18,134.18,130700
TFIN,25-Aug-2026,74.29,74.63,72.925,73.5,111300
TFINP,25-Aug-2026,22.37,22.37,22.35,22.35,565
TFPM,25-Aug-2026,34,35.73,33.7303,35.7,467200
TFX,25-Aug-2026,138.01,140.57,136.32,140.18,382400
TG,25-Aug-2026,8,8,7.9,7.93,103100
TGE,25-Aug-2026,0.9502,0.97,0.9502,0.96,15700
TGLS,25-Aug-2026,41.23,41.23,40.215,40.41,195900
TGS,25-Aug-2026,28.38,28.62,28.01,28.41,220100
TGT,25-Aug-2026,165.9,166.75,161.2,163.47,7597400
THC,25-Aug-2026,277.66,277.66,270.86,271.88,994500
THG,25-Aug-2026,227.32,230.155,225.73,227.12,212300
THIR,25-Aug-2026,34.22,34.31,34.19,34.25,11400
THLV,25-Aug-2026,33.04,33.125,33,33.1017,1900
THMR,25-Aug-2026,25.42,25.422,25.37,25.4,5000
THO,25-Aug-2026,80.38,80.38,78.1424,79.48,458100
THQ,25-Aug-2026,19.54,19.93,19.54,19.88,100500
THW,25-Aug-2026,13.99,14.24,13.9783,14.22,94800
TIC,25-Aug-2026,9.33,9.76,9.28,9.75,2123100
TIMB,25-Aug-2026,18.12,18.275,17.835,18.26,387200
TISI,25-Aug-2026,23.03,24.64,23.005,24.09,34500
TJX,25-Aug-2026,140.92,142.49,139.43,139.48,6072200
TK,25-Aug-2026,13.24,13.39,13.13,13.36,532300
TKC,25-Aug-2026,5.39,5.42,5.365,5.42,727900
TKO,25-Aug-2026,194.06,195.04,191.58,193.41,1386000
TKR,25-Aug-2026,125.15,125.38,121.75,122.33,612200
TLK,25-Aug-2026,15,15.22,14.945,15.2,926000
TLYS,25-Aug-2026,3.74,3.8,3.675,3.74,96300
TM,25-Aug-2026,192.59,193.4356,191.65,192.95,283000
TME,25-Aug-2026,8.65,8.89,8.57,8.74,23897600
TMO,25-Aug-2026,631.01,647,618.0303,628.15,1535300
TNC,25-Aug-2026,69.2,70.66,68.2001,70.03,277900
TNET,25-Aug-2026,68.81,70.07,68.435,69.62,267100
TNGY,25-Aug-2026,10.96,11.04,10.92,10.94,77200
TNK,25-Aug-2026,91.2,91.6,89.45,90.03,364900
TNL,25-Aug-2026,73.74,73.99,72.46,73.67,444500
TOL,25-Aug-2026,149.52,151,146.86,150.83,744500
TOST,25-Aug-2026,36.36,37.2,36.2151,36.8,7459500
TpA,25-Aug-2026,17.76,17.99,17.71,17.96,281448
TPB,25-Aug-2026,83.97,86.66,83.32,85.8,177800
TPC,25-Aug-2026,90.6,90.65,86.465,87.33,339300
TPL,25-Aug-2026,368.18,376.54,365.1615,372.79,243000
TPR,25-Aug-2026,132.35,132.38,129.9,130.12,2297900
TPTS,25-Aug-2026,16.05,16.05,15.72,16.03,3700
TPVG,25-Aug-2026,5.35,5.39,5.31,5.34,80900
TPYP,25-Aug-2026,42.77,42.92,42.58,42.6064,36200
TPZ,25-Aug-2026,21.14,21.33,21.14,21.21,6700
TR,25-Aug-2026,41.56,41.69,41.01,41.39,123400
TRA-,25-Aug-2026,0.2961,0.3566,0.2625,0.2625,2100
TRAD,25-Aug-2026,10.03,10.04,9.99,10.04,5100
TRAK,25-Aug-2026,7.87,8.375,7.3713,8.09,287300
TRC,25-Aug-2026,16.25,16.4866,16.14,16.18,128600
TREX,25-Aug-2026,47.81,48,46.4868,46.84,1348500
TRGP,25-Aug-2026,291.1,293.5,286.5,286.91,1127900
TRIN,25-Aug-2026,18.66,18.74,18.5142,18.7,685800
TRLV,25-Aug-2026,11.1,11.577,10.91,11.32,1470200
TRN,25-Aug-2026,29.98,30,29.28,29.59,339600
TRNI,25-Aug-2026,25.34,25.34,25.18,25.325,23900
TRNO,25-Aug-2026,69.16,69.16,67.99,68.38,444800
TRNZ,25-Aug-2026,25.35,25.37,25.31,25.36,8300
TROX,25-Aug-2026,5.4,5.555,5.31,5.51,1807600
TRP,25-Aug-2026,61.73,62.52,61.61,61.85,1075400
TRT-A,25-Aug-2026,26.25,26.25,26.01,26.125,1300
TRT-B,25-Aug-2026,25.46,25.57,25.35,25.38,10500
TRT-C,25-Aug-2026,25,25.19,24.94,25.01,6100
TRT-D,25-Aug-2026,23.26,23.26,23.04,23.13,2200
TRT-E,25-Aug-2026,18.66,18.8987,18.66,18.849,2100
TRT-F,25-Aug-2026,24.4,24.51,24.02,24.42,13200
TRT-G,25-Aug-2026,23.67,23.9,23.49,23.73,59700
TRT-P,25-Aug-2026,18.65,18.65,18.47,18.47,19200
TRTNpA,25-Aug-2026,26.25,26.25,26.01,26.125,820
TRTNpB,25-Aug-2026,25.46,25.57,25.35,25.38,9097
TRTNpC,25-Aug-2026,25,25.19,24.94,25.01,4442
TRTNpD,25-Aug-2026,23.26,23.26,23.04,23.13,2000
TRTNpE,25-Aug-2026,18.66,18.8987,18.66,18.849,1479
TRTNpF,25-Aug-2026,24.4,24.51,24.02,24.43,10736
TRTX,25-Aug-2026,7.86,7.88,7.71,7.8,1036300
TRTXpC,25-Aug-2026,18.65,18.65,18.47,18.47,17113
TRU,25-Aug-2026,84.4,85.345,83.47,85.01,1422300
TRV,25-Aug-2026,370.1,370.99,366.415,369.66,1144700
TS,25-Aug-2026,53.46,54.8,53.46,54.6,1105900
TSI,25-Aug-2026,4.39,4.4,4.38,4.4,154200
TSLX,25-Aug-2026,18.85,19.06,18.83,18.98,854600
TSM,25-Aug-2026,414.585,419.7695,414.03,417.41,7049800
TSN,25-Aug-2026,57.68,57.68,57.01,57.17,2046800
TSQ,25-Aug-2026,5.72,5.9743,5.72,5.85,53700
TT,25-Aug-2026,458.36,460.99,452.17,455.25,1349700
TTAM,25-Aug-2026,15.27,15.48,15.09,15.37,230700
TTC,25-Aug-2026,100.35,100.73,98.79,99.56,840200
TTE,25-Aug-2026,88.4,88.989,88,88.8,2471500
TTI,25-Aug-2026,6.86,7.01,6.77,6.77,1564900
TU,25-Aug-2026,9.76,9.86,9.72,9.83,4118400
TUYA,25-Aug-2026,1.73,1.79,1.72,1.79,1721800
TV,25-Aug-2026,2.79,2.79,2.72,2.76,1100800
TVC,25-Aug-2026,24.08,24.12,24.07,24.1,7400
TVE,25-Aug-2026,23.52,23.54,23.51,23.53,27800
TWI,25-Aug-2026,7.11,7.22,7.0201,7.19,350300
TWLO,25-Aug-2026,221.85,227.91,219.68,223.97,1764400
TWN,25-Aug-2026,97.91,99.49,97.01,98.85,28200
TWO-A,25-Aug-2026,25.16,25.19,25.15,25.1839,72000
TWO-B,25-Aug-2026,25.16,25.17,25.13,25.16,71800
TWO-C,25-Aug-2026,25.21,25.24,25.21,25.24,131500
TWOD,25-Aug-2026,25.34,26.05,25.34,25.91,867800
TWOpA,25-Aug-2026,25.16,25.19,25.15,25.1839,29211
TWOpB,25-Aug-2026,25.0726,25.17,25.0726,25.16,68023
TWOpC,25-Aug-2026,25.21,25.24,25.21,25.24,123994
TX,25-Aug-2026,55.9,55.905,54.4201,55.2,629600
TXNM,25-Aug-2026,57.22,57.5,57.13,57.31,651500
TXO,25-Aug-2026,13.91,14.35,13.91,13.99,84200
TXT,25-Aug-2026,82.9,83.39,81.7,81.8,1151400
TY,25-Aug-2026,35.6,35.8,35.3401,35.61,16800
TY-,25-Aug-2026,41.89,42.25,41.89,42.25,1700
TYG,25-Aug-2026,43.71,43.72,42.99,43.25,86900
TYL,25-Aug-2026,347.89,354,343,350.06,665000
TYp,25-Aug-2026,41.89,42.25,41.89,42.25,1265
U,25-Aug-2026,46.04,46.2,44.7926,44.99,9100800
UA,25-Aug-2026,5.15,5.18,5,5,2358400
UAA,25-Aug-2026,5.3,5.3788,5.12,5.12,7547100
UAMY,25-Aug-2026,5.16,5.27,5.04,5.2,5893000
UAN,25-Aug-2026,125.74,128.43,124.18,126.13,94000
UBER,25-Aug-2026,79.38,80.43,78.61,80.35,14177100
UBS,25-Aug-2026,53.79,54.34,53.6,54.23,1266600
UCB,25-Aug-2026,35.47,35.47,35.045,35.11,656100
UDR,25-Aug-2026,38.37,38.445,38.04,38.17,2394400
UE,25-Aug-2026,21.61,21.72,21.4,21.72,777400
UFI,25-Aug-2026,7.7,7.76,7.2524,7.48,180300
UGI,25-Aug-2026,38.1,38.5,37.73,38.35,1761500
UGP,25-Aug-2026,6.61,6.715,6.54,6.7,2479700
UHA.B,25-Aug-2026,63.38,63.38,61.34,61.37,223700
UHAL,25-Aug-2026,71.16,71.2,69.47,69.47,124100
UHAL.B,25-Aug-2026,63.38,63.38,61.34,61.345,99844
UHS,25-Aug-2026,175.53,176.98,174.585,175.76,391800
UHT,25-Aug-2026,41.95,42.2,41.575,42.14,110900
UI,25-Aug-2026,558.92,576.18,557.53,575.79,205900
UIS,25-Aug-2026,2.62,2.695,2.62,2.69,333100
UL,25-Aug-2026,64.42,65.35,64.32,65.15,5051300
ULS,25-Aug-2026,74.73,74.73,73.39,73.99,421500
UMC,25-Aug-2026,19.5,20,19.42,19.6,10103700
UMH,25-Aug-2026,16.65,16.77,16.45,16.56,800800
UMH-D,25-Aug-2026,21.9,21.99,21.8,21.95,23700
UMHpD,25-Aug-2026,21.895,21.99,21.8,21.9072,22207
UNF,25-Aug-2026,290.5,294.98,285.34,288.06,349000
UNFI,25-Aug-2026,48.57,48.59,47.14,47.6,419600
UNH,25-Aug-2026,397.8,399.03,395.62,396.59,2657100
UNM,25-Aug-2026,89.82,90.135,88.49,89.69,1084300
UNMA,25-Aug-2026,21.48,21.8099,21.48,21.73,14200
UNP,25-Aug-2026,307.97,311.27,306.81,309.59,2198900
UP,25-Aug-2026,5.2,5.2,4.9038,5,61500
UPS,25-Aug-2026,103.08,106.17,103.06,105.14,7282800
URI,25-Aug-2026,1101.83,1101.83,1049.23,1053.14,441300
USA,25-Aug-2026,6.03,6.03,5.98,5.98,1071400
USAC,25-Aug-2026,26.5,26.91,26.34,26.76,354400
USB,25-Aug-2026,62.44,62.495,61.99,62.41,6311500
USB-A,25-Aug-2026,770.15,770.15,770.15,770.15,500
USB-H,25-Aug-2026,18.37,18.48,18.3001,18.4,61600
USB-P,25-Aug-2026,20.98,21.2189,20.98,21.1,33400
USB-Q,25-Aug-2026,14.21,14.38,14.21,14.38,55100
USB-R,25-Aug-2026,15.13,15.33,15.1201,15.32,108100
USB-S,25-Aug-2026,17.17,17.34,17.17,17.3,44500
USBpA,25-Aug-2026,770.15,770.15,770.15,770.15,90
USBpH,25-Aug-2026,18.37,18.48,18.3001,18.44,52448
USBpP,25-Aug-2026,20.98,21.2189,20.98,21.1,25800
USBpQ,25-Aug-2026,14.21,14.38,14.21,14.38,50280
USBpR,25-Aug-2026,15.13,15.33,15.1201,15.33,100806
USBpS,25-Aug-2026,17.17,17.34,17.17,17.302,39110
USFD,25-Aug-2026,110.065,110.065,108.04,108.89,1561300
USNA,25-Aug-2026,13.67,13.895,13.475,13.78,139400
USPH,25-Aug-2026,77.28,78.4999,76.43,77.32,152200
UTF,25-Aug-2026,27.2,27.36,27.1559,27.33,246400
UTI,25-Aug-2026,22.14,23.1,21.68,22.51,1663000
UTL,25-Aug-2026,53.74,54,53.325,53.9,69100
UTZ,25-Aug-2026,14.2,14.27,14.2,14.25,4116300
UVE,25-Aug-2026,43.84,44.24,42.9705,43.29,110300
UVV,25-Aug-2026,45.45,46.2,45.28,45.89,233200
UWMC,25-Aug-2026,1.42,1.54,1.4,1.51,12578700
UZD,25-Aug-2026,19.055,19.055,19.02,19.02,1800
UZE,25-Aug-2026,16.82,17.09,16.72,16.975,22000
UZF,25-Aug-2026,16.8,16.96,16.76,16.96,10100
V,25-Aug-2026,381.2,384.2,380.27,384.14,6779000
VAC,25-Aug-2026,115.25,117.3,112.83,117.02,479800
VAC.W,25-Aug-2026,0.6,0.65,0.54,0.6,5400
VACI,25-Aug-2026,10.23,10.24,10.23,10.24,84000
VAL,25-Aug-2026,84.49,86.51,84.09,85.72,417400
VAL.W,25-Aug-2026,11.21,11.55,11.21,11.55,1700
VAL.WS,25-Aug-2026,11.21,11.55,11.21,11.55,1250
VALE,25-Aug-2026,15.012,15.33,14.91,15.33,19213200
VATE,25-Aug-2026,7.54,7.83,7.54,7.72,75700
VBF,25-Aug-2026,14.69,14.76,14.6,14.73,50900
VCV,25-Aug-2026,10.53,10.53,10.48,10.53,60100
VCX,25-Aug-2026,45,46,43.7987,44.44,641300
VECA,25-Aug-2026,10,10.01,10,10.01,700
VEEV,25-Aug-2026,244.27,247.85,242.53,246.78,1620300
VEL,25-Aug-2026,18.5,18.5,18.03,18.13,119400
VET,25-Aug-2026,12.21,12.43,12.0549,12.2,1070300
VFC,25-Aug-2026,14.14,14.22,13.72,13.85,6121800
VG,25-Aug-2026,13.97,14.22,13.9,14.07,13099900
VGI,25-Aug-2026,7.29,7.295,7.2701,7.29,11900
VGM,25-Aug-2026,10.28,10.32,10.2452,10.27,103900
VGNT,25-Aug-2026,47.02,47.4,46.16,47.22,457100
VHI,25-Aug-2026,18.44,18.44,17.41,17.99,22300
VIA,25-Aug-2026,27.13,28.05,27,27.89,734600
VICI,25-Aug-2026,26.85,26.85,26.28,26.29,7300500
VII,25-Aug-2026,9.84,9.85,9.84,9.84,58100
VII.U,25-Aug-2026,10,10,9.95,9.95,46600
VII.W,25-Aug-2026,0.4,0.4,0.39,0.4,15500
VIK,25-Aug-2026,92.92,93.35,91.425,92.23,5702100
VIPS,25-Aug-2026,13.96,14.93,13.9,14.16,11656600
VIRT,25-Aug-2026,65.98,66.68,63.8,65.2,1119600
VIST,25-Aug-2026,69.37,69.7,67.42,68.39,1322900
VIV,25-Aug-2026,11.46,11.665,11.37,11.65,930400
VKQ,25-Aug-2026,9.75,9.75,9.7,9.7,131800
VLN,25-Aug-2026,1.8,1.82,1.735,1.81,627700
VLO,25-Aug-2026,341.69,346.81,340.08,340.41,1737300
VLRS,25-Aug-2026,7.07,7.1634,7.035,7.13,411700
VLT,25-Aug-2026,9.93,9.99,9.86,9.95,33800
VLTO,25-Aug-2026,99.11,99.69,98.09,98.77,1257800
VMC,25-Aug-2026,281.02,281.1911,273.07,274.09,633700
VMI,25-Aug-2026,488.07,488.755,471.22,472.9,163500
VMO,25-Aug-2026,9.76,9.77,9.6936,9.77,110400
VMRK,25-Aug-2026,68.02,68.32,67.33,67.62,5788400
VNO,25-Aug-2026,39.04,39.96,38.56,39.94,1275700
VNO-L,25-Aug-2026,17.5,17.78,17.5,17.75,9000
VNO-M,25-Aug-2026,17.63,17.84,17.58,17.78,8800
VNO-N,25-Aug-2026,17.39,17.5599,17.39,17.52,5500
VNO-O,25-Aug-2026,14.59,14.75,14.5556,14.75,9700
VNOpL,25-Aug-2026,17.5,17.78,17.5,17.75,6715
VNOpM,25-Aug-2026,17.63,17.84,17.58,17.78,7629
VNOpN,25-Aug-2026,17.39,17.5599,17.39,17.52,4024
VNOpO,25-Aug-2026,14.59,14.75,14.5556,14.75,8488
VNT,25-Aug-2026,33.49,33.49,33,33.39,938500
VOC,25-Aug-2026,3.4,3.4045,3.345,3.37,49300
VOY-B,25-Aug-2026,23.98,24.095,23.64,23.945,17500
VOYA,25-Aug-2026,99.34,100.94,98.27,100.56,1091300
VOYApB,25-Aug-2026,23.98,24.095,23.64,23.945,13485
VOYG,25-Aug-2026,35.97,36.2,34.2,34.51,996700
VPG,25-Aug-2026,68.4,69,63.91,64.45,410600
VPV,25-Aug-2026,11.19,11.288,11.16,11.288,17000
VRT,25-Aug-2026,263.09,267.045,255.03,255.75,3927000
VRTS,25-Aug-2026,168.37,168.37,165.41,166.26,89700
VSH,25-Aug-2026,31.51,31.62,30.64,31.31,2415800
VST,25-Aug-2026,138.37,140.26,137.39,139.03,4036000
VSTS,25-Aug-2026,12.85,12.935,12.74,12.88,956100
VSXY,25-Aug-2026,87.33,88.145,84.8745,87.36,1128000
VTEX,25-Aug-2026,3.55,3.63,3.545,3.62,502500
VTMX,25-Aug-2026,35.3,35.5,35.01,35.16,59100
VTN,25-Aug-2026,10.82,10.83,10.78,10.8,6500
VTOL,25-Aug-2026,45.79,46.59,45.55,45.9,306200
VTR,25-Aug-2026,93.57,94.4,92.8301,93.83,2916800
VTS,25-Aug-2026,16.8,17.03,16.69,16.99,339200
VVR,25-Aug-2026,2.95,2.95,2.93,2.94,617300
VVV,25-Aug-2026,33.38,33.545,32.79,32.91,1690800
VVX,25-Aug-2026,78.15,78.51,76.38,76.41,330200
VYX,25-Aug-2026,7.96,8.135,7.815,8.13,1669100
VZ,25-Aug-2026,49.99,50.33,49.79,50.25,21340900
W,25-Aug-2026,105.05,106.5,103.2,104.53,1866400
WAB,25-Aug-2026,301.33,301.37,294.44,296.94,608800
WAL,25-Aug-2026,78.89,79.87,78,79.63,1576800
WAL-A,25-Aug-2026,24.97,24.97,24.86,24.97,6300
WALpA,25-Aug-2026,24.97,24.97,24.86,24.97,4465
WAT,25-Aug-2026,412.24,414.9,407.12,414.44,631800
WBI,25-Aug-2026,31.25,32.08,30.95,31.79,680700
WBIY,25-Aug-2026,38.97,39.1163,38.97,39.1163,900
WBX,25-Aug-2026,2.9,3,2.875,2.987,6000
WCC,25-Aug-2026,343.53,343.53,336,338.95,414400
WCN,25-Aug-2026,168.15,168.95,165.72,166.15,999600
WD,25-Aug-2026,39.48,40.98,39.01,40.69,449300
WDH,25-Aug-2026,0.995,0.9999,0.993,0.994,154900
WDI,25-Aug-2026,12.76,12.89,12.75,12.83,208600
WDS,25-Aug-2026,22.72,23.57,22.72,22.86,862000
WEA,25-Aug-2026,10.37,10.43,10.37,10.42,38200
WEAV,25-Aug-2026,7.31,7.32,7.29,7.29,4270400
WEC,25-Aug-2026,107.78,107.905,106.61,106.67,1780800
WELL,25-Aug-2026,240.78,242.31,238.665,241.15,1772900
WENC,25-Aug-2026,9.98,9.98,9.98,9.98,100
WES,25-Aug-2026,48.42,48.71,47.93,47.94,542300
WEX,25-Aug-2026,202.4,203.99,199.06,199.71,419500
WF,25-Aug-2026,70.46,71,70.19,70.97,56300
WFC,25-Aug-2026,84.98,85.15,83.88,84.79,8986700
WFC-A,25-Aug-2026,18.05,18.19,18.05,18.13,108500
WFC-C,25-Aug-2026,16.82,16.98,16.69,16.91,94300
WFC-D,25-Aug-2026,16.44,16.54,16.3601,16.51,83700
WFC-L,25-Aug-2026,1163.61,1168,1160,1168,10400
WFC-Y,25-Aug-2026,22.07,22.299,21.85,22.12,45400
WFC-Z,25-Aug-2026,18.37,18.54,18.3,18.46,231600
WFCpA,25-Aug-2026,18.05,18.19,18.05,18.14,94413
WFCpC,25-Aug-2026,16.78,16.98,16.69,16.91,82351
WFCpD,25-Aug-2026,16.44,16.54,16.3601,16.53,72192
WFCpL,25-Aug-2026,1163.61,1168,1160,1168,4826
WFCpY,25-Aug-2026,22.07,22.299,21.85,22.155,36945
WFCpZ,25-Aug-2026,18.3,18.54,18.3,18.475,214913
WFG,25-Aug-2026,68.81,69.4225,68.23,69,136800
WGO,25-Aug-2026,32.07,32.07,31.38,31.89,443500
WH,25-Aug-2026,75.24,76.315,74.2,75.87,1113100
WHD,25-Aug-2026,67.87,68.22,66.92,67.17,358700
WHG,25-Aug-2026,19.1,19.84,19.1,19.66,23300
WHK,25-Aug-2026,26.21,26.77,26,26.69,69700
WHR,25-Aug-2026,40.46,40.88,39.45,40.72,1475400
WHR-A,25-Aug-2026,34.1,35.21,33.83,35.21,55700
WIA,25-Aug-2026,7.96,7.9799,7.9,7.97,24700
WINN,25-Aug-2026,33.44,33.46,33.25,33.43,195600
WIT,25-Aug-2026,1.88,1.89,1.86,1.88,2407500
WIW,25-Aug-2026,8.36,8.36,8.3439,8.36,175600
WK,25-Aug-2026,73.66,74.84,73.4,74.3,413000
WKC,25-Aug-2026,35.5,35.76,35.24,35.38,719100
WLK,25-Aug-2026,75.52,75.67,74.6003,74.8,536400
WLKP,25-Aug-2026,21.65,21.735,21.51,21.62,15900
WLTG,25-Aug-2026,38.62,38.68,38.62,38.665,3400
WLY,25-Aug-2026,53.35,54.16,52.68,53.89,360000
WM,25-Aug-2026,225.22,226.2559,222.01,222.13,2279700
WMB,25-Aug-2026,70.9,72.025,70.81,71.08,7011600
WMK,25-Aug-2026,70.76,71.55,70.4117,70.89,114000
WMS,25-Aug-2026,142.71,144.15,140.99,141.44,585700
WNC,25-Aug-2026,12.23,12.44,12.015,12.41,460000
WOLF,25-Aug-2026,25.69,25.7399,24.64,25.29,1993400
WOR,25-Aug-2026,57.32,57.61,56.0633,57.32,234400
WPAC,25-Aug-2026,10.04,10.04,10.04,10.04,250500
WPC,25-Aug-2026,71.51,71.89,71.19,71.78,1032700
WPM,25-Aug-2026,156.51,163.9,156,163.72,2412000
WPP,25-Aug-2026,26.52,26.85,26.44,26.67,240300
WRB,25-Aug-2026,69.64,69.64,68.46,68.48,1423400
WRB-E,25-Aug-2026,20.55,20.87,20.488,20.781,23600
WRB-F,25-Aug-2026,17.84,18.13,17.84,18.11,40000
WRB-G,25-Aug-2026,15.58,15.835,15.57,15.815,18200
WRB-H,25-Aug-2026,14.93,15.2129,14.845,15.1,25900
WRBpE,25-Aug-2026,20.48,20.87,20.48,20.781,19450
WRBpF,25-Aug-2026,17.84,18.13,17.84,18.105,32608
WRBpG,25-Aug-2026,15.58,15.835,15.57,15.815,16456
WRBpH,25-Aug-2026,14.93,15.2129,14.845,15.1,22470
WRBY,25-Aug-2026,26.5,26.6757,25.41,26,1916400
WS,25-Aug-2026,33.71,34.14,33.39,34.01,241100
WSM,25-Aug-2026,240.25,240.25,230.63,234.74,1461600
WSO,25-Aug-2026,312.51,313.445,295.75,302.29,1179600
WSO.B,25-Aug-2026,306.82,306.82,306.82,306.82,100
WST,25-Aug-2026,353.75,354.78,348.22,348.48,383700
WT,25-Aug-2026,24,24.215,23.735,24.13,2436500
WTI,25-Aug-2026,3.62,3.695,3.6,3.6,2614800
WTM,25-Aug-2026,2135.75,2146.038,2120,2141.2,13600
WTRG,25-Aug-2026,41.09,41.34,40.53,40.76,2274100
WTS,25-Aug-2026,377.35,377.35,370.1,371.54,147800
WTTR,25-Aug-2026,19.23,19.66,18.95,18.97,1200300
WU,25-Aug-2026,7.29,7.4288,7.225,7.34,5365800
WWW,25-Aug-2026,20.71,20.79,20.1998,20.47,694900
WY,25-Aug-2026,24.34,24.5164,24.165,24.43,2780400
XFLH,25-Aug-2026,10.04,10.04,9.99,10.04,900
XFLT,25-Aug-2026,19.62,19.63,19.2901,19.46,58800
XHR,25-Aug-2026,19.76,19.82,19.56,19.68,447300
XIFR,25-Aug-2026,11.35,11.785,11.3,11.66,819900
XOM,25-Aug-2026,161.45,162.805,160.46,160.64,17525300
XPER,25-Aug-2026,6.15,6.33,6.145,6.3,373600
XPEV,25-Aug-2026,11.19,11.66,11.06,11.6,13163200
XPO,25-Aug-2026,194.6,195.37,191.83,191.93,626100
XPOF,25-Aug-2026,5.14,5.25,5.02,5.24,505300
XPRO,25-Aug-2026,17.84,17.985,17.6,17.62,675000
XRN,25-Aug-2026,37.58,37.68,37.2201,37.67,48300
XRN-A,25-Aug-2026,24.89,24.9,24.8,24.89,1600
XXI,25-Aug-2026,6.33,6.585,6.25,6.51,1216100
XYF,25-Aug-2026,5.5,5.5,5.18,5.42,49300
XYL,25-Aug-2026,115.15,115.68,112.265,112.81,2231500
XYZ,25-Aug-2026,81.81,82.76,81,82.72,2993800
XZO,25-Aug-2026,17.51,17.565,17,17.13,236800
YALA,25-Aug-2026,5.58,5.6384,5.535,5.62,259700
YCY,25-Aug-2026,10.25,10.26,10.25,10.26,2600
YELP,25-Aug-2026,23.67,24.013,23.5,23.7,512200
YETI,25-Aug-2026,43.62,43.62,42.28,42.58,1619400
YEXT,25-Aug-2026,6.48,6.615,6.455,6.58,966400
YMM,25-Aug-2026,8.5,8.77,8.47,8.76,16997100
YOU,25-Aug-2026,44.86,45.28,43.395,44.29,1623600
YPF,25-Aug-2026,50.75,51,49.58,50.01,1084100
YRD,25-Aug-2026,1.09,1.13,1.06,1.09,39200
YSG,25-Aug-2026,3,3.02,2.95,2.96,45500
YSS,25-Aug-2026,10,10.08,9.13,9.32,2948300
YUM,25-Aug-2026,156.68,157.54,155.8,156.27,1944700
YUMC,25-Aug-2026,48.2,48.59,47.65,48.57,1856900
ZBH,25-Aug-2026,100.14,100.87,99.28,100.24,1272200
ZEPP,25-Aug-2026,5.12,5.26,5.005,5.09,32900
ZETA,25-Aug-2026,28,28.46,27.605,27.88,4763200
ZGN,25-Aug-2026,13.82,13.82,13.56,13.65,479400
ZH,25-Aug-2026,3.15,3.21,3.145,3.16,188700
ZIM,25-Aug-2026,28.46,28.5,27.885,28.08,1357900
ZIP,25-Aug-2026,4.55,4.55,4.18,4.35,1507400
ZKH,25-Aug-2026,3,3,2.86,2.96,278400
ZTO,25-Aug-2026,21.1,21.42,21.0401,21.4,1789200
ZTR,25-Aug-2026,6.7,6.79,6.7,6.79,54800
ZTS,25-Aug-2026,76.65,77.45,75.88,77.29,3479400
ZVIA,25-Aug-2026,1.41,1.435,1.37,1.41,579600
ZWS,25-Aug-2026,49.31,49.35,48.39,48.82,842300
