Symbol,Date,Open,High,Low,Close,Volume
A,21-Sep-2026,157.87,162.89,157.08,161.94,2710400
AA,21-Sep-2026,44.36,44.9,44.28,44.64,3096800
AAC,21-Sep-2026,10.15,10.15,10.08,10.08,4900
AAC.U,21-Sep-2026,10.18,10.18,10.1799,10.18,2300
AADX,21-Sep-2026,12.92,13.14,12.6684,12.89,1482000
AAMI,21-Sep-2026,92.01,94.51,91.77,94.11,324600
AAP,21-Sep-2026,43,43.2,40.95,41.01,1937400
AAT,21-Sep-2026,22.11,22.13,21.88,21.98,393500
AAUC,21-Sep-2026,22.89,22.96,22.17,22.38,1019200
AB,21-Sep-2026,36.5,36.6499,36.275,36.37,286400
ABBV,21-Sep-2026,263.07,266.5998,261.23,264.48,3438100
ABCB,21-Sep-2026,83.97,84.12,82.97,83,548400
ABEV,21-Sep-2026,3,3.01,2.97,2.98,16714300
ABG,21-Sep-2026,183.58,187.26,180.64,184.55,289300
ABM,21-Sep-2026,49.86,49.9799,49.24,49.43,464800
ABR,21-Sep-2026,4.31,4.43,4.26,4.34,4825900
ABR-D,21-Sep-2026,15.32,15.36,15.3,15.36,13400
ABR-E,21-Sep-2026,15.15,15.15,15.1,15.15,3500
ABR-F,21-Sep-2026,22.19,22.28,22.15,22.15,9100
ABRpD,21-Sep-2026,15.32,15.3436,15.3,15.33,11504
ABRpE,21-Sep-2026,15.145,15.15,15.1,15.15,2818
ABRpF,21-Sep-2026,22.19,22.28,22.15,22.15,7370
ABT,21-Sep-2026,102.27,103.2,101.84,102.98,5018200
ABX,21-Sep-2026,9.14,9.14,7.97,8.05,1307000
ABXL,21-Sep-2026,25.45,25.54,25.35,25.45,14100
ACA,21-Sep-2026,146.48,146.5,146,146.22,522000
ACCO,21-Sep-2026,4.2,4.28,4.13,4.17,451000
ACEL,21-Sep-2026,11.36,11.36,11.09,11.1,345200
ACH,21-Sep-2026,0.91,0.92,0.86,0.8731,1552100
ACHR,21-Sep-2026,5.37,5.5099,5.28,5.43,22214700
ACI,21-Sep-2026,12.28,12.44,12.12,12.12,8276900
ACLO,21-Sep-2026,50.5,50.529,50.47,50.505,3600
ACM,21-Sep-2026,62.29,63.0181,61.84,62.93,1347900
ACN,21-Sep-2026,187,193.75,184.985,186.11,7419100
ACP,21-Sep-2026,4.67,4.72,4.6615,4.7,664800
ACP-A,21-Sep-2026,18.58,18.58,18.3001,18.3001,2200
ACPpA,21-Sep-2026,18.58,18.58,18.3001,18.3001,1954
ACR,21-Sep-2026,13.36,13.43,12.57,12.57,132900
ACR-C,21-Sep-2026,23.8,23.85,23.73,23.75,5000
ACR-D,21-Sep-2026,19.7,19.76,19.395,19.48,4800
ACRE,21-Sep-2026,4.39,4.4,4.36,4.38,407200
ACRpC,21-Sep-2026,23.8,23.85,23.73,23.75,3523
ACRpD,21-Sep-2026,19.7,19.76,19.395,19.48,3996
ACV,21-Sep-2026,25.7,25.8994,25.445,25.71,10900
ACVA,21-Sep-2026,10.48,10.49,10.45,10.48,10570700
AD,21-Sep-2026,35.7,35.96,35.48,35.56,172500
ADC,21-Sep-2026,68.05,68.44,67.49,67.62,1419100
ADC-A,21-Sep-2026,16.2,16.29,16.05,16.16,14200
ADCT,21-Sep-2026,1.05,1.13,1.035,1.12,1899200
ADCpA,21-Sep-2026,16.2,16.29,16.05,16.16,11868
ADIG,21-Sep-2026,21.07,21.38,20.6012,20.92,663200
ADM,21-Sep-2026,85.05,86.4,83.09,83.38,2565800
ADNT,21-Sep-2026,17.91,17.95,17.4,17.46,991700
ADT,21-Sep-2026,6.9,6.94,6.575,6.62,14436500
ADX,21-Sep-2026,25.87,26.2446,25.81,26.18,292500
AEE,21-Sep-2026,102.03,102.37,101.53,101.83,1852600
AEFC,21-Sep-2026,18.07,18.08,17.95,18.06,43900
AEG,21-Sep-2026,9.14,9.15,9.09,9.09,3560200
AEM,21-Sep-2026,199.99,200.3208,195.4364,197.48,1230800
AEO,21-Sep-2026,15.2,15.53,15.04,15.46,5754200
AER,21-Sep-2026,143.24,144.39,142.46,143,1228600
AES,21-Sep-2026,14.84,14.84,14.8149,14.83,4790600
AESI,21-Sep-2026,13.54,13.68,12.87,13.27,2405800
AEXA,21-Sep-2026,11.17,11.33,11.05,11.24,313600
AFB,21-Sep-2026,10.13,10.13,10.04,10.04,86000
AFG,21-Sep-2026,142.15,143.0101,139.7632,141.24,296800
AFGB,21-Sep-2026,22.4,22.635,22.05,22.17,52800
AFGC,21-Sep-2026,18.86,19.44,18.625,18.75,34100
AFGD,21-Sep-2026,21.52,21.815,21.2701,21.44,33400
AFGE,21-Sep-2026,16.81,17.29,16.58,16.9,25900
AFL,21-Sep-2026,116.41,116.73,114.985,115.18,1886300
AG,21-Sep-2026,19.96,20.09,19.02,19.31,10516700
AGBK,21-Sep-2026,6.21,6.29,6.135,6.21,97600
AGCO,21-Sep-2026,120.39,122.25,118.7,119.9,885500
AGD,21-Sep-2026,12.04,12.18,12.01,12.13,133000
AGI,21-Sep-2026,35.64,35.65,34.785,35.21,2658200
AGL,21-Sep-2026,89.1,90.3,85.53,88.03,290900
AGM,21-Sep-2026,221.4,223.47,218.26,218.97,76500
AGM-D,21-Sep-2026,20.77,20.92,20.75,20.86,5500
AGM-E,21-Sep-2026,20.46,20.5299,20.19,20.38,6500
AGM-F,21-Sep-2026,18.51,18.64,18.45,18.6,3700
AGM-G,21-Sep-2026,17.25,17.289,17.15,17.2,14300
AGM-H,21-Sep-2026,22.72,23.1,22.72,22.99,1900
AGM-I,21-Sep-2026,24.59,24.9,24.58,24.63,16600
AGMpD,21-Sep-2026,20.77,20.92,20.75,20.86,4529
AGMpE,21-Sep-2026,20.46,20.5299,20.19,20.38,5422
AGMpF,21-Sep-2026,18.51,18.64,18.45,18.6,2334
AGMpG,21-Sep-2026,17.25,17.289,17.15,17.2,12773
AGMpH,21-Sep-2026,22.72,23.1,22.72,22.99,1512
AGO,21-Sep-2026,71.15,71.465,70.5,71.07,504700
AGRO,21-Sep-2026,11.49,11.54,10.94,11.14,932000
AGX,21-Sep-2026,396.175,396.175,378.63,380.12,872400
AHL-D,21-Sep-2026,18.08,18.39,17.97,17.97,9200
AHL-E,21-Sep-2026,18.15,18.27,17.76,17.83,33300
AHL-F,21-Sep-2026,22.95,23.335,22.95,23.07,4000
AHLpD,21-Sep-2026,18.08,18.39,17.97,17.97,5868
AHLpE,21-Sep-2026,18.15,18.27,17.76,17.83,30464
AHLpF,21-Sep-2026,22.95,23.335,22.95,23.07,3636
AHR,21-Sep-2026,53.15,53.15,52.11,52.3,2660000
AHR-A,21-Sep-2026,21.21,21.4854,21.21,21.42,4000
AHT,21-Sep-2026,2.74,2.79,2.6142,2.68,37800
AHT-D,21-Sep-2026,5.9296,5.9296,5.54,5.83,1100
AHT-G,21-Sep-2026,4.9869,4.9869,4.8625,4.8625,4700
AHT-H,21-Sep-2026,5.31,5.31,5,5.0101,3800
AHT-I,21-Sep-2026,5.12,5.12,5.085,5.085,900
AHTpD,21-Sep-2026,5.9296,5.9296,5.54,5.83,767
AHTpG,21-Sep-2026,4.9869,4.9869,4.8625,4.8625,2700
AHTpH,21-Sep-2026,5.31,5.31,5,5.0101,3136
AHTpI,21-Sep-2026,5.12,5.12,5.085,5.085,538
AI,21-Sep-2026,10.68,10.97,10.49,10.84,4236900
AIG,21-Sep-2026,75.33,75.67,74.445,74.54,3340000
AII,21-Sep-2026,26.35,26.42,25.781,25.86,192600
AIN,21-Sep-2026,61.17,61.17,59.15,59.33,182900
AIO,21-Sep-2026,24.92,25.16,24.575,25.13,59400
AIR,21-Sep-2026,114.27,116.79,113.32,116.26,364800
AIT,21-Sep-2026,318.02,324.39,314.44,320.39,299000
AIV,21-Sep-2026,2.18,2.19,2.14,2.16,2400500
AIZ,21-Sep-2026,282.54,284.47,276.58,277.38,335400
AIZN,21-Sep-2026,17.755,18.36,17.755,18.19,22700
AJG,21-Sep-2026,239.72,240.7075,236.58,236.61,1283700
AKA,21-Sep-2026,10.72,10.72,10.72,10.72,900
AKAF,21-Sep-2026,31.8093,31.8093,31.8093,31.8093,100
AKO.B,21-Sep-2026,30.9792,30.9792,30.01,30.5,4500
AKR,21-Sep-2026,19.36,19.4,19.185,19.35,686300
ALB,21-Sep-2026,113.5,114.49,111.57,112.92,1908200
ALB-A,21-Sep-2026,47.59,47.93,47.3901,47.66,14800
ALBpA,21-Sep-2026,47.59,47.93,47.3901,47.72,3728
ALC,21-Sep-2026,65.82,65.825,64.85,64.87,1315100
ALG,21-Sep-2026,167.95,169,162.41,164.87,198700
ALH,21-Sep-2026,21.8,21.97,21.39,21.66,787900
ALIT,21-Sep-2026,11.59,12.06,11.56,11.91,378100
ALK,21-Sep-2026,41.98,41.98,40.96,41.9,2359800
ALL,21-Sep-2026,250,251.5,241.53,242.86,2354200
ALL-B,21-Sep-2026,25.8,25.9299,25.74,25.87,19100
ALL-H,21-Sep-2026,18.68,18.8,18.65,18.78,119900
ALL-I,21-Sep-2026,17.57,17.7101,17.52,17.57,17900
ALL-J,21-Sep-2026,26.13,26.28,26.0444,26.18,30400
ALLE,21-Sep-2026,153.09,153.09,151.35,151.36,1528000
ALLY,21-Sep-2026,40.39,40.4,39.87,39.89,2537600
ALLpB,21-Sep-2026,25.7982,25.9299,25.74,25.91,15864
ALLpH,21-Sep-2026,18.68,18.8,18.65,18.78,106571
ALLpI,21-Sep-2026,17.57,17.7101,17.52,17.57,15149
ALLpJ,21-Sep-2026,26.13,26.28,26.0444,26.17,22420
ALSN,21-Sep-2026,118.53,120.77,117.77,118.86,1011700
ALT-A,21-Sep-2026,25.85,25.85,25.5324,25.5324,900
ALTG,21-Sep-2026,6.17,6.29,5.8732,6.03,247400
ALTGpA,21-Sep-2026,25.85,25.85,25.5324,25.5324,686
ALUB,21-Sep-2026,10.11,10.12,10.11,10.12,293500
ALV,21-Sep-2026,117.74,118.15,116.48,117.75,656500
ALX,21-Sep-2026,248,250.34,247.41,247.41,34000
AM,21-Sep-2026,21.1,21.19,20.91,21.04,2677100
AMBP,21-Sep-2026,4.67,4.68,4.53,4.53,1557500
AMBQ,21-Sep-2026,66.2,71.26,65.5,71.09,808000
AMC,21-Sep-2026,2.75,3,2.67,2.89,54952400
AMCR,21-Sep-2026,42.37,42.46,41.87,42.15,3212300
AME,21-Sep-2026,239.79,242.32,237.76,241.23,1351400
AMG,21-Sep-2026,359.65,366.13,356.16,364.66,204900
AMH,21-Sep-2026,31.21,31.46,31.13,31.24,3029300
AMH-G,21-Sep-2026,21.12,21.31,21.12,21.15,3000
AMH-H,21-Sep-2026,22.07,22.395,22.07,22.2336,9700
AMHpG,21-Sep-2026,21.12,21.31,21.12,21.15,2500
AMHpH,21-Sep-2026,22.07,22.395,22.07,22.2336,8270
AMN,21-Sep-2026,34.47,34.55,33.845,34.24,374800
AMP,21-Sep-2026,550.22,552.51,534.12,535.72,659400
AMP.V,21-Sep-2026,2.98,3.28,2.91,3.01,5100
AMPX,21-Sep-2026,9.8,9.93,9.485,9.61,4092900
AMPX.WS,21-Sep-2026,2.98,3.28,2.91,3.01,4440
AMPY,21-Sep-2026,4.42,4.437,4.3,4.31,449200
AMR,21-Sep-2026,176.39,178.795,174.63,175.49,250400
AMRC,21-Sep-2026,24.5,24.65,23.8,24.08,467700
AMRZ,21-Sep-2026,38.27,38.725,38.025,38.59,3326700
AMT,21-Sep-2026,173.83,175.46,173.11,174.6,3569100
AMTB,21-Sep-2026,29.99,30.2399,29.54,29.54,387300
AMTD,21-Sep-2026,0.71,0.7352,0.71,0.7116,4400
AMTM,21-Sep-2026,19.68,20.01,19.64,19.9,1343000
AMWL,21-Sep-2026,13.87,13.96,13.355,13.42,83200
AMX,21-Sep-2026,22.63,22.63,22.175,22.45,1836200
AN,21-Sep-2026,168.74,170.67,165.14,168.76,624700
ANDG,21-Sep-2026,55,55.285,53.97,54.65,334800
ANET,21-Sep-2026,203.47,205.95,200.745,205.42,5004300
ANF,21-Sep-2026,136.37,139.235,135.12,136.76,935900
ANG-D,21-Sep-2026,23.72,24.08,23.67,23.83,51300
ANGX,21-Sep-2026,5.29,5.3,5.125,5.22,2734500
ANGpD,21-Sep-2026,23.72,24.08,23.67,23.83,41379
ANRO,21-Sep-2026,30.64,30.81,29.8,30.63,357700
ANVS,21-Sep-2026,1.16,1.22,1.16,1.19,885900
AOD,21-Sep-2026,10.57,10.61,10.52,10.56,373600
AOMD,21-Sep-2026,25.15,25.28,25.12,25.12,1100
AOMN,21-Sep-2026,25.28,25.36,25.28,25.32,3200
AOMR,21-Sep-2026,7.95,8.04,7.94,7.97,137200
AON,21-Sep-2026,297.01,297.87,290.7,290.82,1936400
AORT,21-Sep-2026,23.27,23.72,22.92,23.63,569100
AOS,21-Sep-2026,57.63,57.63,56.5511,56.96,1478900
AP,21-Sep-2026,8.34,8.67,8.31,8.6,73500
APAM,21-Sep-2026,36.94,37.01,36.5,36.78,623100
APD,21-Sep-2026,284.12,284.32,279.37,279.46,1741500
APG,21-Sep-2026,37.73,37.9,36.98,37.46,3053700
APH,21-Sep-2026,79.25,81.21,78.88,80.72,11656200
APLE,21-Sep-2026,15.65,15.7,15.49,15.68,1717500
APO,21-Sep-2026,127.37,128.63,126.17,127.91,2367800
APOS,21-Sep-2026,25.52,25.63,25.42,25.43,32300
APTV,21-Sep-2026,44.05,44.35,43.31,43.57,2779300
AQN,21-Sep-2026,5.35,5.35,5.22,5.24,3516600
AQNB,21-Sep-2026,26.38,26.39,26.2,26.28,10100
AR,21-Sep-2026,34.56,34.6,33.72,33.96,4220400
ARCO,21-Sep-2026,7.54,7.575,7.4695,7.52,1219200
ARDC,21-Sep-2026,11.9,11.9241,11.88,11.88,72500
ARDT,21-Sep-2026,10.51,10.61,10.3618,10.61,456700
ARE,21-Sep-2026,53.39,54.29,53.28,53.34,1921100
ARE-B,21-Sep-2026,40.17,41.06,40.17,40.72,148500
ARES,21-Sep-2026,126.43,127.95,125.05,126.67,1615700
ARESpB,21-Sep-2026,40.17,41.06,40.17,40.69,8279
ARI,21-Sep-2026,6.41,6.49,6.4,6.43,1920500
ARIS,21-Sep-2026,19.53,19.53,18.84,19.03,1246600
ARL,21-Sep-2026,15.53,15.54,15.49,15.54,11100
ARLO,21-Sep-2026,13.38,13.55,13.22,13.33,826700
ARMK,21-Sep-2026,56.54,56.91,56.14,56.48,2236600
AROC,21-Sep-2026,31.5,31.59,30.69,30.73,987700
ARR,21-Sep-2026,14.75,14.865,14.675,14.77,3486500
ARR-C,21-Sep-2026,20.29,20.2966,20,20.04,15700
ARRpC,21-Sep-2026,20.29,20.2966,20,20.04,12207
ARW,21-Sep-2026,222.84,223.87,217.11,219.1,409300
ARX,21-Sep-2026,19.66,19.79,19.51,19.78,3601000
AS,21-Sep-2026,27.1,27.535,26.85,27.45,8364300
ASA,21-Sep-2026,59.24,59.24,57.785,57.96,62600
ASAN,21-Sep-2026,9.57,9.69,9.39,9.54,11334400
ASB,21-Sep-2026,29.86,29.9,29.355,29.36,2494100
ASB-E,21-Sep-2026,19.47,19.47,19.355,19.39,2100
ASB-F,21-Sep-2026,18.97,19.08,18.9,18.91,900
ASBA,21-Sep-2026,24.9,25.05,24.84,24.84,32600
ASBpE,21-Sep-2026,19.47,19.47,19.355,19.39,1900
ASBpF,21-Sep-2026,18.97,19.08,18.9,18.91,700
ASC,21-Sep-2026,18.73,19.175,18.49,18.6,478100
ASG,21-Sep-2026,5.05,5.09,5.0414,5.06,201000
ASGI,21-Sep-2026,20.19,20.321,19.9,20,258000
ASH,21-Sep-2026,69.98,69.99,68.62,69.06,571100
ASIC,21-Sep-2026,27.41,27.63,26.99,27.07,63800
ASIX,21-Sep-2026,16.4,16.5,16.14,16.25,253300
ASPN,21-Sep-2026,5.16,5.21,5.06,5.19,662700
ASR,21-Sep-2026,245.95,247.005,238.54,245.07,114200
ASX,21-Sep-2026,42.74,44.02,42.21,43.73,7043600
ATEN,21-Sep-2026,26.32,26.94,25.91,26.94,700300
ATH-A,21-Sep-2026,23.8,23.91,23.75,23.8,38300
ATH-B,21-Sep-2026,17.88,18.0064,17.64,17.64,27800
ATH-D,21-Sep-2026,15.69,15.715,15.55,15.58,52400
ATH-E,21-Sep-2026,25,25.163,24.961,25.03,26000
ATHM,21-Sep-2026,21.09,21.39,20.7,21.35,518200
ATHS,21-Sep-2026,24.78,24.95,24.76,24.83,26800
ATHpA,21-Sep-2026,23.8,23.91,23.75,23.82,23740
ATHpB,21-Sep-2026,17.88,18.0064,17.64,17.67,23408
ATHpD,21-Sep-2026,15.69,15.715,15.55,15.58,49409
ATHpE,21-Sep-2026,25,25.163,24.961,25.03,21156
ATI,21-Sep-2026,191.82,193.17,187.25,189.16,1677300
ATKR,21-Sep-2026,94.54,94.54,94.35,94.47,545200
ATMU,21-Sep-2026,44.44,45.675,43.79,44.59,529500
ATO,21-Sep-2026,160.26,160.41,158.15,158.27,1059400
ATR,21-Sep-2026,124.84,125.98,123.32,123.4,424400
ATS,21-Sep-2026,19.37,19.375,18.97,19.16,176700
AU,21-Sep-2026,102.91,103.02,100.23,101.93,2009300
AUB,21-Sep-2026,39.21,39.37,38.83,38.89,1098600
AUB-A,21-Sep-2026,23.9,23.9,23.4501,23.88,21600
AUBpA,21-Sep-2026,23.9,23.9,23.4501,23.87,20209
AUNA,21-Sep-2026,5.12,5.2,5.02,5.18,131500
AVA,21-Sep-2026,36.35,36.47,36.1,36.1,602100
AVAL,21-Sep-2026,5.12,5.25,5.07,5.08,144700
AVBC,21-Sep-2026,22.55,22.55,21.9,21.92,174100
AVD,21-Sep-2026,2.19,2.2,2.05,2.06,309500
AVEX,21-Sep-2026,16.35,16.835,16.35,16.51,942200
AVK,21-Sep-2026,12.08,12.2466,12.0301,12.19,109600
AVNT,21-Sep-2026,40.8,40.805,40.21,40.44,450300
AVTR,21-Sep-2026,15.39,15.59,15.04,15.1,9194100
AVY,21-Sep-2026,172.39,172.39,168.06,169.33,761800
AWF,21-Sep-2026,9.99,10.01,9.91,9.91,275900
AWI,21-Sep-2026,162,162.69,160.18,161.88,341900
AWK,21-Sep-2026,135.31,136.03,133.73,133.97,1442200
AWP,21-Sep-2026,10.94,11.05,10.901,11,199500
AWR,21-Sep-2026,86.09,86.09,84.76,84.85,234000
AX,21-Sep-2026,91.23,92.105,90.6,90.63,267800
AXP,21-Sep-2026,315.18,315.3117,310.74,313.59,2490600
AXR,21-Sep-2026,22.63,22.9799,22.4048,22.85,4300
AXS,21-Sep-2026,99.21,99.99,97.63,97.97,566400
AXS-E,21-Sep-2026,18.07,18.15,17.97,18.05,30300
AXSpE,21-Sep-2026,18.07,18.15,17.97,18.04,25015
AXTA,21-Sep-2026,32.64,32.65,31.84,31.86,4459000
AYI,21-Sep-2026,306.88,308.6479,300.03,306.46,264600
AZN,21-Sep-2026,168.45,169,167.11,168.1,2937700
AZO,21-Sep-2026,2863,2870.72,2796.85,2803.25,609500
AZUL,21-Sep-2026,6.3,6.7,6.185,6.65,92500
AZZ,21-Sep-2026,133.3,134.39,128.95,133.63,221300
B,21-Sep-2026,43.43,43.43,42.3801,42.69,7549300
BA,21-Sep-2026,200.45,202.2,198.13,201.15,6351800
BA-A,21-Sep-2026,63.35,63.35,62.12,62.83,425900
BABA,21-Sep-2026,115.12,116.2,113.35,115.75,9540600
BAC,21-Sep-2026,58.05,58.28,57.465,57.96,33228100
BAC-B,21-Sep-2026,23.23,23.29,23.09,23.15,171200
BAC-E,21-Sep-2026,18.58,18.65,18.43,18.65,25300
BAC-K,21-Sep-2026,22.87,22.92,22.7447,22.81,60300
BAC-L,21-Sep-2026,1252.2,1262.205,1249.577,1253,2400
BAC-M,21-Sep-2026,20.1,20.12,19.85,19.95,148900
BAC-N,21-Sep-2026,18.87,18.87,18.6601,18.72,200500
BAC-O,21-Sep-2026,16.5,16.64,16.3901,16.55,117000
BAC-P,21-Sep-2026,15.89,15.919,15.7277,15.82,40700
BAC-Q,21-Sep-2026,16.09,16.17,16,16.05,105000
BAC-S,21-Sep-2026,18.1,18.16,17.95,18,55700
BACpB,21-Sep-2026,23.23,23.29,23.09,23.15,151301
BACpE,21-Sep-2026,18.58,18.65,18.43,18.65,22994
BACpK,21-Sep-2026,22.87,22.92,22.7447,22.8,51545
BACpL,21-Sep-2026,1252.2,1262.2051,1249.5768,1253.0001,1835
BACpM,21-Sep-2026,20.1,20.12,19.85,19.92,139260
BACpN,21-Sep-2026,18.87,18.87,18.6601,18.72,179386
BACpO,21-Sep-2026,16.5,16.64,16.3901,16.55,103394
BACpP,21-Sep-2026,15.89,15.919,15.7277,15.82,32692
BACpQ,21-Sep-2026,16.09,16.17,16,16.05,98017
BACpS,21-Sep-2026,18.1,18.16,17.95,18.03,48256
BAH,21-Sep-2026,77,77.99,76.81,77.38,1474800
BAK,21-Sep-2026,1.76,1.785,1.69,1.73,1410400
BALL,21-Sep-2026,60.57,60.81,59.71,59.71,2049300
BALY,21-Sep-2026,10.47,10.74,10.18,10.56,75900
BAM,21-Sep-2026,46.69,46.88,45.78,46.22,2669500
BAN-F,21-Sep-2026,25.1,25.1,24.85,24.97,106800
BANC,21-Sep-2026,18.43,18.495,18.27,18.29,1512600
BANCpF,21-Sep-2026,25.1,25.1,24.85,24.99,74574
BAP,21-Sep-2026,386.41,391.96,383.06,389.97,196300
BARK,21-Sep-2026,8.88,8.9355,8.715,8.75,44600
BAX,21-Sep-2026,22.99,23.08,22.56,22.93,11747700
BApA,21-Sep-2026,62.5,63.35,62.12,62.83,122939
BB,21-Sep-2026,8.2,8.54,8.125,8.53,14476300
BBA.W,21-Sep-2026,0.06,0.072,0.059,0.06,38800
BBAI,21-Sep-2026,2.87,2.92,2.83,2.9,13791400
BBAI.WS,21-Sep-2026,0.059,0.072,0.059,0.06,38352
BBAR,21-Sep-2026,14.54,14.54,14.16,14.3,271000
BBD,21-Sep-2026,3.51,3.53,3.49,3.52,14688600
BBDC,21-Sep-2026,8.83,8.83,8.7239,8.8,387800
BBDO,21-Sep-2026,3.15,3.25,3.14,3.24,125800
BBN,21-Sep-2026,14.92,14.96,14.88,14.95,240000
BBT,21-Sep-2026,30.03,30.535,28.75,28.75,2706200
BBUC,21-Sep-2026,26.01,26.01,25.515,25.73,266900
BBVA,21-Sep-2026,28.81,28.97,28.73,28.91,826700
BBW,21-Sep-2026,24.42,25.3,24.15,24.75,528800
BBWI,21-Sep-2026,17.55,17.55,16.91,16.91,8367100
BBY,21-Sep-2026,92.76,94.34,92.58,93.22,2630700
BC,21-Sep-2026,65.48,67.19,65.375,66,1061100
BC-C,21-Sep-2026,23.79,23.88,23.7001,23.88,4700
BCAT,21-Sep-2026,14.28,14.32,14.135,14.14,1235700
BCC,21-Sep-2026,76.1,76.445,74.74,75.66,330500
BCE,21-Sep-2026,22.09,22.22,21.9,21.99,4659600
BCEM,21-Sep-2026,27.35,27.6,27.35,27.5239,3200
BCGD,21-Sep-2026,26.2,26.5,26.2,26.4642,1500
BCH,21-Sep-2026,41.33,42.1,41.1,41.62,201100
BCO,21-Sep-2026,106.41,107.62,105.7,107.05,301700
BCS,21-Sep-2026,25.46,25.48,25.13,25.3,4080800
BCSF,21-Sep-2026,11.15,11.25,11.11,11.21,337900
BCSS,21-Sep-2026,10.24,10.24,10.24,10.24,100
BCX,21-Sep-2026,12.47,12.53,12.14,12.27,167100
BDC,21-Sep-2026,112.58,112.58,110.28,110.55,329300
BDJ,21-Sep-2026,9.55,9.59,9.525,9.59,426000
BDN,21-Sep-2026,2.95,2.96,2.9,2.93,1771900
BDX,21-Sep-2026,181.25,181.53,179.98,180.7,1461500
BE,21-Sep-2026,270,282,265.36,272.89,14545000
BEKE,21-Sep-2026,16.52,16.58,16.115,16.57,7870600
BEN,21-Sep-2026,33.5,33.71,33.025,33.64,4988700
BEP,21-Sep-2026,30,30.1,29.58,29.72,1295200
BEP-A,21-Sep-2026,16.61,16.65,16.51,16.51,10400
BEPC,21-Sep-2026,30.32,30.32,29.725,29.95,1655600
BEPH,21-Sep-2026,14.9,14.99,14.8,14.9,45600
BEPI,21-Sep-2026,15.98,16.09,15.8922,15.95,22600
BEPJ,21-Sep-2026,22.57,22.85,22.5,22.5,5100
BEPpA,21-Sep-2026,16.61,16.65,16.5101,16.53,9534
BETA,21-Sep-2026,21.06,22.61,20.73,22.07,5920100
BF.A,21-Sep-2026,26.73,26.82,26.18,26.73,276400
BF.B,21-Sep-2026,25.99,26.385,25.7,26.15,2369800
BFAM,21-Sep-2026,65.56,66.23,63.02,63.28,1008300
BFH,21-Sep-2026,109.54,110,107.65,108,385600
BFH-A,21-Sep-2026,24.48,24.65,24.42,24.52,7900
BFH-B,21-Sep-2026,24.88,24.94,24.75,24.78,37000
BFLY,21-Sep-2026,8,8.165,7.8287,8.14,4188200
BFS,21-Sep-2026,30.27,30.45,29.84,30.23,184800
BFS-D,21-Sep-2026,19.9,20.11,19.9,20.11,1100
BFS-E,21-Sep-2026,19.71,20.5,19.71,20.5,1800
BFSpD,21-Sep-2026,19.9,20.11,19.9,20.11,872
BFSpE,21-Sep-2026,19.71,20.5,19.71,20.5,1574
BG,21-Sep-2026,115.5,117.15,112,112.61,1583000
BGB,21-Sep-2026,11.24,11.29,11.24,11.29,185700
BGH,21-Sep-2026,13.74,13.7497,13.56,13.61,68500
BGR,21-Sep-2026,17.51,17.568,17.23,17.25,96600
BGS,21-Sep-2026,2.9,2.96,2.89,2.93,2304000
BGSF,21-Sep-2026,4.99,5.08,4.89,5.03,20900
BGT,21-Sep-2026,10.74,10.7702,10.7222,10.75,65200
BGX,21-Sep-2026,10.68,10.7,10.67,10.7,30400
BGY,21-Sep-2026,5.78,5.855,5.77,5.85,210200
BH,21-Sep-2026,349.09,349.19,336.414,343.13,116800
BH.A,21-Sep-2026,1739.97,1768.3,1683.03,1718.59,37300
BHC,21-Sep-2026,5.67,5.74,5.555,5.64,1539500
BHE,21-Sep-2026,76.57,77.41,75.2,77.16,484700
BHK,21-Sep-2026,8.5,8.51,8.45,8.49,586700
BHP,21-Sep-2026,87.26,87.385,85.445,86.09,1666300
BHR,21-Sep-2026,1.79,1.81,1.75,1.81,495500
BHR-B,21-Sep-2026,13.43,13.5,13.38,13.42,5300
BHR-D,21-Sep-2026,17.13,17.13,17.13,17.13,500
BHRpB,21-Sep-2026,13.43,13.5,13.38,13.42,4798
BHRpD,21-Sep-2026,17.13,17.13,17.13,17.13,302
BHV,21-Sep-2026,12.62,13.1618,12.62,12.7901,4200
BHVN,21-Sep-2026,13.9,14.49,13.555,14.22,3293800
BIII,21-Sep-2026,10.055,10.055,10.045,10.05,44000
BILL,21-Sep-2026,48,48.26,46.8,47.06,1411900
BIO,21-Sep-2026,381.58,381.58,373.47,377.33,311400
BIP,21-Sep-2026,35.73,36.17,35.73,35.83,656000
BIP-A,21-Sep-2026,16.92,16.98,16.58,16.6,6500
BIP-B,21-Sep-2026,16.45,16.45,16.17,16.22,5600
BIPC,21-Sep-2026,36.37,36.46,36.0675,36.15,881500
BIPH,21-Sep-2026,15.59,15.6,15.31,15.58,24300
BIPI,21-Sep-2026,16.3,16.3,15.92,16.096,12600
BIPJ,21-Sep-2026,23.73,23.73,23.3,23.31,29500
BIPpA,21-Sep-2026,16.92,16.98,16.58,16.6,5119
BIPpB,21-Sep-2026,16.45,16.45,16.17,16.22,4983
BIRK,21-Sep-2026,30.8,31.47,30.44,31.34,3027900
BIT,21-Sep-2026,11.64,11.6591,11.57,11.63,371900
BJ,21-Sep-2026,91.73,92.735,91.51,92.31,1599700
BKD,21-Sep-2026,11.46,11.56,11.315,11.38,3013000
BKE,21-Sep-2026,40.88,40.97,40.28,40.79,599600
BKH,21-Sep-2026,72.8,73.41,71.38,71.96,1181000
BKK.W,21-Sep-2026,0.0102,0.0118,0.0102,0.011,50300
BKKT,21-Sep-2026,9.31,9.48,8.9037,9.14,2072800
BKKT.WS,21-Sep-2026,0.014,0.014,0.0102,0.011,50062
BKSY,21-Sep-2026,22.31,23.36,22.275,23.17,926700
BKT,21-Sep-2026,9.74,9.74,9.64,9.73,355500
BKU,21-Sep-2026,44.85,45.01,44.44,44.45,813200
BKV,21-Sep-2026,22.68,23.075,22.23,22.95,1042200
BLCO,21-Sep-2026,17,17.01,16.7,16.8,482800
BLDR,21-Sep-2026,58.54,59.2,57.02,58.52,3748600
BLK,21-Sep-2026,1080,1091.18,1064.895,1090.27,512400
BLND,21-Sep-2026,1.19,1.26,1.18,1.25,2491100
BLSH,21-Sep-2026,40.03,40.75,38.72,40.14,2463000
BLW,21-Sep-2026,11.98,12.0458,11.84,11.84,365600
BLX,21-Sep-2026,54.12,55.04,53.79,54.76,263400
BMA,21-Sep-2026,76.23,76.47,74.6289,75.21,133000
BME,21-Sep-2026,44.48,44.72,44.29,44.53,29100
BMEZ,21-Sep-2026,16.61,16.75,16.5262,16.75,78100
BMI,21-Sep-2026,132.92,132.92,130.0101,131.5,306700
BML-G,21-Sep-2026,18.45,18.45,18.3344,18.44,7600
BML-H,21-Sep-2026,18.32,18.5,18.32,18.43,22700
BML-J,21-Sep-2026,19.53,19.645,19.31,19.54,20800
BML-L,21-Sep-2026,19.51,19.64,19.5,19.58,24900
BMLpG,21-Sep-2026,18.45,18.45,18.3344,18.44,6930
BMLpH,21-Sep-2026,18.32,18.5,18.32,18.43,20612
BMLpJ,21-Sep-2026,19.53,19.645,19.31,19.54,18261
BMLpL,21-Sep-2026,19.51,19.64,19.5,19.58,21842
BMN,21-Sep-2026,23.71,24.06,23.5916,24.03,19500
BMNP,21-Sep-2026,98.06,99.62,97.8354,98.75,26600
BMO,21-Sep-2026,175.68,177.45,175.68,177.19,1878600
BMY,21-Sep-2026,63.09,63.395,62.62,62.62,6839100
BN,21-Sep-2026,38.25,38.25,37.535,37.98,4761800
BNED,21-Sep-2026,10.64,10.87,10.53,10.74,196000
BNH,21-Sep-2026,14.91,14.975,14.91,14.95,19300
BNJ,21-Sep-2026,14.59,14.63,14.52,14.58,17200
BNL,21-Sep-2026,19.33,19.47,19.21,19.28,1428700
BNS,21-Sep-2026,94.75,95.58,94.29,95.35,981000
BNT,21-Sep-2026,38.66,38.66,37.65,38.04,27000
BNY,21-Sep-2026,155.19,155.48,153.241,153.89,3645700
BNY-K,21-Sep-2026,24.78,24.78,24.55,24.67,34800
BOC,21-Sep-2026,13.64,13.74,13.395,13.46,146100
BOE,21-Sep-2026,12.2,12.3,12.18,12.26,73200
BOH,21-Sep-2026,74.91,75.07,72.75,72.82,581100
BOH-A,21-Sep-2026,15.38,15.5299,15.38,15.48,4600
BOH-B,21-Sep-2026,25.78,26.03,25.78,26.01,8500
BOHpA,21-Sep-2026,15.38,15.5299,15.38,15.45,3434
BOHpB,21-Sep-2026,25.78,26.03,25.78,25.99,7120
BOND,21-Sep-2026,88.91,89.0173,88.8774,88.98,567300
BOOT,21-Sep-2026,124.09,126.27,122.16,124.33,576500
BORR,21-Sep-2026,4.5,4.58,4.415,4.43,7397100
BOW,21-Sep-2026,33.86,33.86,33.7,33.78,141900
BOX,21-Sep-2026,33.82,33.96,33.45,33.61,3111400
BP,21-Sep-2026,44.71,44.71,43.12,43.16,16546600
BPRE,21-Sep-2026,11.97,12.05,11.88,11.92,784800
BR,21-Sep-2026,163.99,165.05,162.3,164.62,1078700
BRBR,21-Sep-2026,8.97,9.15,8.82,8.95,2243500
BRC,21-Sep-2026,84.42,84.526,83.57,83.83,237300
BRCC,21-Sep-2026,9.4,9.54,8.84,8.9,139600
BRCE,21-Sep-2026,30.41,30.55,30.38,30.55,2500
BREE,21-Sep-2026,27.69,27.9732,27.69,27.9732,1100
BRIE,21-Sep-2026,31.09,31.14,30.87,31.11,423100
BRK.A,21-Sep-2026,761000,764309.6,752180,752180,200
BRK.B,21-Sep-2026,507.93,510.5,501.98,502.01,4807400
BRO,21-Sep-2026,65.11,65.73,64.14,64.3,2328300
BROL,21-Sep-2026,26,26.2,26,26.199,1000
BROS,21-Sep-2026,40.55,40.5585,38.28,39.15,6349700
BRSL,21-Sep-2026,10.25,10.43,10.135,10.28,4727500
BRSP,21-Sep-2026,4.19,4.21,4.14,4.18,1479900
BRT,21-Sep-2026,13.85,14.04,13.8252,13.94,41000
BRW,21-Sep-2026,6.17,6.2,6.15,6.16,192400
BRX,21-Sep-2026,27.96,28.1511,27.7975,28.09,2354100
BSAC,21-Sep-2026,34.18,34.79,34.18,34.52,232300
BSBR,21-Sep-2026,5.85,5.89,5.835,5.88,1147900
BSL,21-Sep-2026,13.01,13.06,13.01,13.04,25000
BSM,21-Sep-2026,14.89,14.9099,14.76,14.86,258700
BST,21-Sep-2026,48.99,49.64,48.68,49.61,58500
BSTZ,21-Sep-2026,29.29,29.53,29.235,29.46,114900
BSX,21-Sep-2026,42.98,43.81,42.72,43.72,24998900
BTE,21-Sep-2026,4.76,4.79,4.61,4.67,16027300
BTGO,21-Sep-2026,7.85,8.27,7.66,7.86,2871700
BTI,21-Sep-2026,56.38,56.39,55.525,55.75,4992300
BTO,21-Sep-2026,37.45,38.48,37.16,37.16,27000
BTT,21-Sep-2026,22.18,22.24,22.14,22.2,66800
BTU,21-Sep-2026,25.6,25.94,25.055,25.07,1869800
BTX,21-Sep-2026,8.85,9.09,8.84,8.96,264000
BTZ,21-Sep-2026,9.57,9.615,9.52,9.56,808000
BUD,21-Sep-2026,78.36,78.375,77.15,77.95,2314900
BUI,21-Sep-2026,25.62,25.825,25.42,25.5,105200
BUR,21-Sep-2026,4.03,4.04,3.925,3.94,1489300
BURL,21-Sep-2026,237.95,253.39,236.83,251.8,2435700
BUXX,21-Sep-2026,20.21,20.22,20.2,20.21,214200
BV,21-Sep-2026,10.76,10.77,10.59,10.64,922200
BVN,21-Sep-2026,34.35,34.35,33.06,33.59,796700
BW,21-Sep-2026,7.57,7.6,7.29,7.34,3183000
BW-A,21-Sep-2026,22.15,22.4,21.5701,21.87,16700
BWA,21-Sep-2026,63.72,63.96,63.03,63.32,2555300
BWG,21-Sep-2026,7.3,7.3681,7.3,7.32,48200
BWI.U,21-Sep-2026,10.07,10.07,10.07,10.07,400
BWI.W,21-Sep-2026,0.25,0.25,0.25,0.25,200
BWIV,21-Sep-2026,10,10,9.98,10,2100
BWLP,21-Sep-2026,25.26,25.75,24.88,25.29,486100
BWMX,21-Sep-2026,17.16,17.3,16.52,16.69,101300
BWXT,21-Sep-2026,149.11,150,146.38,147.47,1011600
BWpA,21-Sep-2026,22.15,22.4,21.5701,21.87,12622
BX,21-Sep-2026,126.35,127.08,124.55,126.41,2865300
BXC,21-Sep-2026,75.13,76.8999,74.2,75.51,210300
BXDC,21-Sep-2026,19.45,19.8,19.26,19.3,2197100
BXMT,21-Sep-2026,13.4,13.43,13.185,13.27,2063500
BXP,21-Sep-2026,63.64,64.32,63.3,64.13,1305200
BXSL,21-Sep-2026,24.9,25.05,24.83,24.96,1191400
BY,21-Sep-2026,37.58,37.8,37.38,37.47,214800
BYD,21-Sep-2026,73.32,73.75,71.84,72.58,987900
BZH,21-Sep-2026,33.36,33.42,33.34,33.36,349600
C,21-Sep-2026,133.74,135.73,132.62,135.05,10426100
C-N,21-Sep-2026,26.58,26.66,26.545,26.59,145800
C-R,21-Sep-2026,23.67,23.7,23.35,23.45,122500
CAAP,21-Sep-2026,24,24.3237,23.5,24.19,205200
CABO,21-Sep-2026,17.37,18.3,16.555,18.01,330100
CACI,21-Sep-2026,629.09,639.9999,627.7215,632.87,196700
CAF,21-Sep-2026,18.53,18.53,18.39,18.435,7700
CAG,21-Sep-2026,15.15,15.21,14.78,14.86,8833600
CAH,21-Sep-2026,225.28,227.58,223.54,225.75,1189100
CAL,21-Sep-2026,11.79,12.1,11.58,11.91,473600
CALX,21-Sep-2026,35.58,35.775,35.045,35.42,1149400
CALY,21-Sep-2026,14.73,14.885,14.53,14.73,1953400
CANG,21-Sep-2026,2.78,2.79,2.28,2.28,406900
CAPL,21-Sep-2026,21.81,22.45,21.7366,22.04,31600
CARR,21-Sep-2026,54.46,54.91,53.905,54.62,6875700
CARS,21-Sep-2026,11.34,11.53,11.21,11.45,444300
CAT,21-Sep-2026,827,827.81,805.24,816.5,1869300
CATO,21-Sep-2026,2.51,2.53,2.43,2.45,64400
CAVA,21-Sep-2026,51.88,52.3919,50.8,52,3948100
CB,21-Sep-2026,339.65,341.34,337.23,337.26,934200
CBAN,21-Sep-2026,20.82,21.05,20.57,20.8,200000
CBL,21-Sep-2026,54.4,54.51,53.39,53.51,350000
CBNA,21-Sep-2026,46.12,48.08,46.12,47.22,15300
CBRE,21-Sep-2026,141.45,143.6,140.725,143.21,1995000
CBT,21-Sep-2026,77.88,77.88,76.21,76.59,313200
CBU,21-Sep-2026,62.19,62.525,61.01,61.09,319900
CBZ,21-Sep-2026,54.69,54.75,54.64,54.68,432200
CC,21-Sep-2026,14.63,14.675,14.34,14.53,1279200
CCI,21-Sep-2026,73.34,73.84,72.84,73.22,3142300
CCID,21-Sep-2026,25,25,24.951,24.951,2000
CCIF,21-Sep-2026,2.45,2.49,2.424,2.45,115600
CCJ,21-Sep-2026,93.3,94.66,91.645,93.23,3060700
CCK,21-Sep-2026,110.1,110.2,108.295,108.73,1067800
CCL,21-Sep-2026,22.34,22.45,22.04,22.31,18274400
CCM,21-Sep-2026,3.91,4.03,3.64,3.74,19100
CCO,21-Sep-2026,2.38,2.39,2.374,2.38,1654100
CCS,21-Sep-2026,60.99,62.235,60.6,61.66,186700
CCU,21-Sep-2026,11.06,11.18,10.77,11.11,126900
CDE,21-Sep-2026,19.83,20.01,19.405,19.52,19677200
CDLR,21-Sep-2026,26.06,26.06,25.8,25.97,19800
CDP,21-Sep-2026,34.55,35,34.31,34.58,1001300
CDR-B,21-Sep-2026,16.27,16.51,16.05,16.51,2000
CDR-C,21-Sep-2026,15.2,15.63,15.0101,15.5001,13900
CDRE,21-Sep-2026,26.57,27.25,26.12,26.63,719900
CDRpB,21-Sep-2026,16.27,16.51,16.05,16.51,1954
CDRpC,21-Sep-2026,15.2,15.63,15.0101,15.5001,12456
CE,21-Sep-2026,45.7,46.25,44.37,44.38,2003300
CEE,21-Sep-2026,19.62,20.85,19.565,19.63,64400
CEL-,21-Sep-2026,0.13,0.13,0.1246,0.1248,15000
CELGr,21-Sep-2026,0.13,0.13,0.1246,0.1248,14885
CEPU,21-Sep-2026,13.54,13.6,13.2777,13.38,271400
CF,21-Sep-2026,126.59,127.65,122.21,123.27,3220300
CFG,21-Sep-2026,67,67.68,66.95,67.36,3171600
CFG-E,21-Sep-2026,17.65,17.7699,17.49,17.6,70000
CFG-H,21-Sep-2026,25.8,25.99,25.7301,25.82,32100
CFG-I,21-Sep-2026,24.73,24.76,24.42,24.47,31300
CFGpE,21-Sep-2026,17.65,17.7699,17.49,17.6,61091
CFGpH,21-Sep-2026,25.8,25.99,25.7301,25.83,23123
CFGpI,21-Sep-2026,24.73,24.76,24.42,24.47,26312
CFND,21-Sep-2026,3.14,3.39,3.14,3.34,165300
CFR,21-Sep-2026,160.83,160.83,158.67,158.74,443200
CFR-B,21-Sep-2026,16.14,16.1599,15.98,16.08,10600
CFRpB,21-Sep-2026,16.14,16.1599,15.98,16.08,8006
CFT-A,21-Sep-2026,25.405,25.74,25.405,25.6042,2500
CGAU,21-Sep-2026,23.45,23.8,22.63,22.95,1066300
CGV,21-Sep-2026,16.09,16.09,15.97,16.069,63400
CHCT,21-Sep-2026,14.23,14.445,14.23,14.38,451100
CHD,21-Sep-2026,94.55,95.735,94.355,95.49,1928500
CHE,21-Sep-2026,507.79,509.59,496.97,499.62,159200
CHGG,21-Sep-2026,0.72,0.7244,0.6969,0.72,597100
CHH,21-Sep-2026,97.78,99.31,96.85,99.05,807200
CHM-A,21-Sep-2026,21.95,21.95,21.6,21.65,1500
CHMI,21-Sep-2026,2.82,2.87,2.82,2.85,92400
CHMIpA,21-Sep-2026,21.95,21.95,21.6,21.65,762
CHPT,21-Sep-2026,10.32,10.5808,9.41,9.41,2104400
CHT,21-Sep-2026,45.99,46.15,45.695,45.9,245300
CHWY,21-Sep-2026,20.92,21.1795,20.5,20.51,7025900
CI,21-Sep-2026,275.91,275.91,272.621,274.47,1394900
CIA,21-Sep-2026,3.6,3.65,3.4,3.61,106900
CIB,21-Sep-2026,98.2,98.83,97.03,97.27,197300
CICB,21-Sep-2026,25.03,25.12,24.98,25.04,5100
CIEN,21-Sep-2026,365.05,367.62,356.46,365.96,2886500
CIG,21-Sep-2026,2.17,2.185,2.15,2.15,4776400
CIG.C,21-Sep-2026,3.43,3.4583,3.3187,3.3187,1000
CII,21-Sep-2026,24.12,24.33,23.9,24.28,66900
CIM,21-Sep-2026,11,11.075,10.92,11.02,1421400
CIM-A,21-Sep-2026,20.25,20.399,20.25,20.32,12700
CIM-B,21-Sep-2026,23.6,23.75,23.58,23.69,11600
CIM-C,21-Sep-2026,22.37,22.449,22.28,22.42,25500
CIM-D,21-Sep-2026,23.4,23.53,23.4,23.49,15100
CIMN,21-Sep-2026,25.12,25.2,25.12,25.17,10000
CIMO,21-Sep-2026,25.33,25.35,25.2701,25.34,13500
CIMP,21-Sep-2026,25.1,25.13,25.07,25.1,10400
CIMpA,21-Sep-2026,20.25,20.399,20.25,20.32,11944
CIMpB,21-Sep-2026,23.6,23.75,23.58,23.69,10545
CIMpC,21-Sep-2026,22.37,22.449,22.28,22.41,23887
CIMpD,21-Sep-2026,23.4,23.53,23.4,23.49,14159
CINT,21-Sep-2026,3.02,3.23,3,3.17,81700
CION,21-Sep-2026,7.13,7.24,7.11,7.16,248300
CL,21-Sep-2026,87.26,87.2734,86.03,86.26,7282600
CLB,21-Sep-2026,11.19,11.25,10.84,10.94,661000
CLBR,21-Sep-2026,10.18,10.22,10.18,10.22,779600
CLD-A,21-Sep-2026,20.2,20.25,20.16,20.239,1100
CLDT,21-Sep-2026,13.02,13.14,12.91,13.14,260700
CLDTpA,21-Sep-2026,20.2,20.25,20.16,20.239,799
CLF,21-Sep-2026,12.69,12.76,12.005,12.07,16362100
CLH,21-Sep-2026,315.35,317.65,309.81,311.43,447000
CLPR,21-Sep-2026,3.44,3.45,3.29,3.29,69700
CLS,21-Sep-2026,341.45,348,333.1,344.4,2002200
CLVT,21-Sep-2026,1.89,1.965,1.88,1.93,4647500
CLW,21-Sep-2026,21.07,21.39,20.85,21.29,126600
CLX,21-Sep-2026,83.54,85.65,82.51,84.88,4132700
CM,21-Sep-2026,115.4,116.498,115.4,116.26,3258700
CMBT,21-Sep-2026,19.75,20.27,19.62,19.66,994300
CMC,21-Sep-2026,64.94,64.94,63.98,63.98,1055600
CMCM,21-Sep-2026,2.85,2.915,2.5,2.605,40900
CMDB,21-Sep-2026,24.18,24.33,23.86,24.16,49500
CMG,21-Sep-2026,33.7,33.7,32.77,33.14,11595200
CMI,21-Sep-2026,539.94,539.99,527.265,534.78,1017100
CMP,21-Sep-2026,23.85,24.07,23.49,23.57,390700
CMR-B,21-Sep-2026,25.4,25.4,25.4,25.4,100
CMR-C,21-Sep-2026,26.995,26.995,26.891,26.891,900
CMR-D,21-Sep-2026,26.59,26.59,26.59,26.59,700
CMRE,21-Sep-2026,15.37,15.555,15.02,15.09,275600
CMREpB,21-Sep-2026,25.4,25.4,25.4,25.4,100
CMREpC,21-Sep-2026,26.995,26.995,26.891,26.891,609
CMREpD,21-Sep-2026,26.59,26.59,26.59,26.59,650
CMS,21-Sep-2026,65.38,65.41,64.415,64.7,2811800
CMS-C,21-Sep-2026,16.48,16.8,16.26,16.64,29300
CMSA,21-Sep-2026,19.46,19.68,19.46,19.56,14300
CMSC,21-Sep-2026,20.69,20.8652,20.6285,20.67,21200
CMSD,21-Sep-2026,20.59,20.6,20.3296,20.54,76500
CMSpC,21-Sep-2026,16.48,16.8,16.26,16.74,22147
CMTG,21-Sep-2026,1.44,1.49,1.415,1.48,585100
CNA,21-Sep-2026,48.09,48.605,47.75,47.79,895600
CNC,21-Sep-2026,65.19,65.58,64.56,64.99,4423000
CNF,21-Sep-2026,1.89,1.89,1.75,1.86,7700
CNH,21-Sep-2026,13.61,13.745,13.44,13.48,15848900
CNI,21-Sep-2026,119.02,119.7557,116.715,117.51,1155000
CNK,21-Sep-2026,35.13,36.42,35.06,36.25,3080900
CNM,21-Sep-2026,42.85,43.25,42.27,43.06,1936900
CNMD,21-Sep-2026,45.82,45.83,44.39,44.69,354600
CNNE,21-Sep-2026,15.05,15.32,14.96,15.23,557700
CNO,21-Sep-2026,55.84,56.13,54.34,54.4,652700
CNO-A,21-Sep-2026,16.57,16.57,16.57,16.57,400
CNOpA,21-Sep-2026,16.57,16.57,16.57,16.55,0
CNP,21-Sep-2026,38.15,38.295,37.935,37.99,4584000
CNQ,21-Sep-2026,49.035,49.245,48.055,48.28,6088000
CNR,21-Sep-2026,90.12,92.1,90.0777,90.75,426800
CNS,21-Sep-2026,74.05,75.02,73.085,74.43,253000
CNX,21-Sep-2026,32.78,33,32.31,32.78,1936500
COD-A,21-Sep-2026,19.35,19.4,19.325,19.4,1500
COD-B,21-Sep-2026,22.33,22.45,22.32,22.4367,2900
COD-C,21-Sep-2026,21.8,21.94,21.8,21.9022,5300
CODI,21-Sep-2026,11.11,11.3999,10.95,11.21,424400
CODIpA,21-Sep-2026,19.35,19.4,19.325,19.4,700
CODIpB,21-Sep-2026,22.33,22.45,22.32,22.4367,2310
CODIpC,21-Sep-2026,21.8,21.94,21.8,21.9022,4522
COF,21-Sep-2026,204.96,205.62,202.3233,204.92,2937700
COF-I,21-Sep-2026,17.55,17.72,17.43,17.51,155000
COF-J,21-Sep-2026,16.8,16.88,16.68,16.7,141900
COF-K,21-Sep-2026,16.14,16.25,16.1,16.15,3700
COF-L,21-Sep-2026,15.4,15.5499,15.29,15.37,70200
COF-N,21-Sep-2026,15.3,15.32,15.17,15.17,38200
COFpI,21-Sep-2026,17.55,17.72,17.43,17.51,139621
COFpJ,21-Sep-2026,16.8,16.88,16.68,16.7,128268
COFpK,21-Sep-2026,16.14,16.25,16.1,16.15,2874
COFpL,21-Sep-2026,15.4,15.5499,15.29,15.37,67351
COFpN,21-Sep-2026,15.3,15.32,15.17,15.17,35009
COHR,21-Sep-2026,326.48,332.86,316.635,321.52,7586500
COLD,21-Sep-2026,14.55,14.775,14.38,14.73,2088800
COMP,21-Sep-2026,10.23,10.59,10.05,10.13,17245500
CON,21-Sep-2026,35.31,35.51,34.5883,34.77,743200
COOK,21-Sep-2026,49.75,49.77,48.21,48.85,28800
COP,21-Sep-2026,130.28,130.95,127.24,127.53,6157000
COR,21-Sep-2026,309.74,316.98,308.51,316.49,1049900
COSO,21-Sep-2026,26.92,27.55,26.6,26.74,136200
COTY,21-Sep-2026,2.45,2.52,2.395,2.51,4800500
COUR,21-Sep-2026,5.04,5.19,4.98,5.16,6536500
CP,21-Sep-2026,87.55,87.92,86.36,86.81,2468500
CPA,21-Sep-2026,133.67,137.65,132.15,137.11,493400
CPAC,21-Sep-2026,12.49,12.49,12.32,12.39,10500
CPAI,21-Sep-2026,53.03,53.03,52.42,52.56,48700
CPAY,21-Sep-2026,399.96,401.0851,397.11,397.22,445200
CPF,21-Sep-2026,37.6,37.865,36.87,36.99,145300
CPK,21-Sep-2026,130.71,132.115,130.555,131.15,236200
CPN,21-Sep-2026,26.58,26.66,26.545,26.59,136537
CPNG,21-Sep-2026,14.46,14.705,14.23,14.62,9034700
CPRI,21-Sep-2026,14.8,14.8,13.83,14.31,5556000
CPS,21-Sep-2026,23.24,23.3899,22.63,22.87,259000
CPT,21-Sep-2026,99.2,99.45,98.28,98.82,1513300
CQP,21-Sep-2026,64.21,66.2,64.21,66.01,66300
CR,21-Sep-2026,199.5,199.5,196.45,198.96,687700
CRBD,21-Sep-2026,21.57,21.99,21.211,21.84,71100
CRBG,21-Sep-2026,35,35.475,34.77,34.8,3743400
CRC,21-Sep-2026,53.57,53.8,52.535,52.76,721700
CRCL,21-Sep-2026,98.09,99.97,93.12,94.49,16512400
CRD.A,21-Sep-2026,12.62,12.76,12.12,12.51,175200
CRD.B,21-Sep-2026,11.83,11.975,11.49,11.85,18500
CRGY,21-Sep-2026,13.62,13.655,13.21,13.26,5392100
CRH,21-Sep-2026,86.82,87.31,85.68,87.14,4076500
CRI,21-Sep-2026,30.05,30.75,29.2997,30.69,1886900
CRK,21-Sep-2026,12.73,13.055,12.47,13.02,2847800
CRL,21-Sep-2026,279.37,281.63,275.88,279.01,952900
CRM,21-Sep-2026,239.8,241.335,236.25,236.42,10581900
CRS,21-Sep-2026,409.72,410.21,400.15,402.9,694800
CRT,21-Sep-2026,12.72,12.75,12.2,12.32,31600
CSL,21-Sep-2026,321.8,321.8,310.39,317.85,524000
CSQR,21-Sep-2026,17.9,18.67,17.745,18.25,1189800
CSR,21-Sep-2026,56.3,56.6,55.35,55.37,359900
CSTM,21-Sep-2026,25.96,25.96,25.33,25.5,982200
CSV,21-Sep-2026,30.48,30.9399,30.11,30.88,160600
CSW,21-Sep-2026,290.49,291.73,284.595,289.58,118400
CTA-B,21-Sep-2026,65.5,65.51,65.5,65.51,400
CTApB,21-Sep-2026,65.5,65.5,65.5,65.5,100
CTEV,21-Sep-2026,31.36,31.68,30.07,31.62,184600
CTGG,21-Sep-2026,16.43,16.54,16.31,16.41,27900
CTO,21-Sep-2026,20.37,20.53,20.26,20.33,346400
CTO-A,21-Sep-2026,20.1,21.31,20.05,20.25,2100
CTOS,21-Sep-2026,9.37,9.48,9.23,9.38,668200
CTOpA,21-Sep-2026,20.1,21.31,20.05,20.25,1340
CTRE,21-Sep-2026,37.39,37.91,37.39,37.68,1706800
CTRI,21-Sep-2026,19.52,20.375,19.11,20.34,2810100
CTS,21-Sep-2026,59.17,59.17,57.9,58.67,211600
CTVA,21-Sep-2026,80.67,81.05,78.85,79.11,2881600
CUBB,21-Sep-2026,21.11,21.18,21.07,21.18,2200
CUBE,21-Sep-2026,39.81,39.91,39.475,39.72,2413200
CUBI,21-Sep-2026,78.21,79.18,77.95,78.87,235400
CURB,21-Sep-2026,28.45,28.77,28.33,28.66,1294300
CURV,21-Sep-2026,2.29,2.38,2.28,2.32,184400
CUZ,21-Sep-2026,28.4,28.7,28.255,28.66,1269100
CVE,21-Sep-2026,32.23,32.45,31.555,31.57,6630600
CVEO,21-Sep-2026,34.34,34.64,33.8,34.43,111200
CVI,21-Sep-2026,53.19,55.1882,52.7,53.15,1206600
CVLG,21-Sep-2026,34.21,35.2799,32.881,33.88,173300
CVNA,21-Sep-2026,65.89,68.01,65.44,67.18,5442600
CVS,21-Sep-2026,88.73,88.91,87.19,87.6,10137900
CVSA,21-Sep-2026,127.275,127.275,124.01,125.79,246700
CVX,21-Sep-2026,207.89,209,203.5,203.67,8469700
CW,21-Sep-2026,570.44,573.51,565,568.02,363500
CWEN,21-Sep-2026,31.17,31.23,30.63,30.89,1013700
CWH,21-Sep-2026,5.72,5.76,5.385,5.48,2327900
CWK,21-Sep-2026,12.6,12.98,12.475,12.9,1465900
CWT,21-Sep-2026,47.25,47.675,47.18,47.26,366300
CX,21-Sep-2026,10.18,10.22,9.99,10.02,7932100
CXM,21-Sep-2026,5.34,5.42,5.31,5.39,2006600
CXT,21-Sep-2026,46.2,46.22,44.86,45.77,649800
CXW,21-Sep-2026,35.01,35.385,32.29,32.41,1999200
CYD,21-Sep-2026,35.53,35.53,34.33,35.04,74300
CYH,21-Sep-2026,2.87,2.925,2.83,2.89,1091900
D,21-Sep-2026,63.53,64.45,62.775,62.82,5326300
DAC,21-Sep-2026,161.07,163.13,159.25,159.61,113300
DAL,21-Sep-2026,81,82.77,79.85,82.5,9200200
DAN,21-Sep-2026,30.19,30.43,29.78,29.99,1085000
DAO,21-Sep-2026,14.76,14.76,14.22,14.55,25300
DAR,21-Sep-2026,65.18,65.658,62.76,63.26,1919300
DAVA,21-Sep-2026,2.83,2.9,2.79,2.79,422500
DB,21-Sep-2026,38.38,38.41,38.02,38.25,1229700
DBD,21-Sep-2026,64.15,65,62.385,63.37,224200
DBI,21-Sep-2026,6.12,6.25,5.9501,6.22,643600
DBL,21-Sep-2026,13.75,13.78,13.72,13.74,82700
DBR-H,21-Sep-2026,14.95,15.1,14.95,15.1,16300
DBR-I,21-Sep-2026,15.15,15.18,15.1,15.1,3500
DBR-J,21-Sep-2026,15.48,15.7633,15.45,15.45,3000
DBRG,21-Sep-2026,15.88,15.92,15.88,15.92,2607200
DBRGpH,21-Sep-2026,14.95,15.1,14.95,15.1,11299
DBRGpI,21-Sep-2026,15.15,15.18,15.1,15.1,3089
DBRGpJ,21-Sep-2026,15.48,15.7633,15.45,15.45,2258
DCBG,21-Sep-2026,26.65,26.8,26.65,26.8,400
DCH,21-Sep-2026,6.01,6.03,5.86,5.91,1840700
DCI,21-Sep-2026,86.94,87.17,86.04,86.07,580200
DCO,21-Sep-2026,168.01,170.22,165.38,168.09,223500
DCO-,21-Sep-2026,16.85,16.85,16.6,16.69,31000
DD,21-Sep-2026,130,130.87,128.96,129.79,922100
DDD,21-Sep-2026,3.71,3.71,3.39,3.48,2745000
DDL,21-Sep-2026,2.3,2.3,2.23,2.28,275100
DDS,21-Sep-2026,639.69,659.5799,632.12,639.11,149000
DDT,21-Sep-2026,26.19,26.19,26.082,26.118,2700
DE,21-Sep-2026,686.12,695.048,683.62,684.73,953100
DEA,21-Sep-2026,23.33,23.42,23.12,23.33,340400
DEC,21-Sep-2026,13.7,13.75,13.47,13.71,1026900
DECK,21-Sep-2026,79.38,80.77,77.93,80.23,3807700
DEI,21-Sep-2026,10.35,10.445,10.265,10.41,1707300
DELL,21-Sep-2026,586.77,592.44,567.38,575.31,7736600
DEO,21-Sep-2026,85.74,87.05,85.08,86.82,795500
DFH,21-Sep-2026,11.48,11.57,11.28,11.4,1268400
DFIN,21-Sep-2026,47.78,48.85,47.74,48.41,183900
DFP,21-Sep-2026,19.54,19.64,19.53,19.61,104700
DG,21-Sep-2026,123.52,124,121.67,121.91,2375200
DGAC,21-Sep-2026,10,10,10,10,800
DGX,21-Sep-2026,247.13,248.84,243.93,244.88,907600
DHF,21-Sep-2026,2.26,2.27,2.25,2.26,364400
DHI,21-Sep-2026,138.96,139.725,137.19,139.25,3620900
DHR,21-Sep-2026,212.03,216.19,209.6,215.84,5164000
DHT,21-Sep-2026,23,23.56,22.29,22.45,4430100
DHX,21-Sep-2026,4.89,4.95,4.67,4.73,341900
DIN,21-Sep-2026,28.33,28.8,28.06,28.41,425600
DINO,21-Sep-2026,114.06,118.39,108.655,109.29,3335100
DIS,21-Sep-2026,103.48,104.595,103.18,104.23,7128200
DIVY,21-Sep-2026,30.01,30.08,29.87,29.87,9100
DK,21-Sep-2026,77.21,79.17,74.0519,74.37,1728800
DKL,21-Sep-2026,57,57.5935,55.4243,55.75,169500
DKS,21-Sep-2026,121.09,124.06,120.151,123.63,2185600
DLB,21-Sep-2026,57.97,58.34,56.87,57.33,846900
DLN-A,21-Sep-2026,26.23,26.2357,26.15,26.2357,4300
DLNG,21-Sep-2026,3.7,3.73,3.66,3.68,49600
DLNGpA,21-Sep-2026,26.23,26.2357,26.15,26.2357,3999
DLR,21-Sep-2026,185.05,188.37,184.21,186.33,1679700
DLR-J,21-Sep-2026,18.68,18.82,18.64,18.71,35000
DLR-K,21-Sep-2026,21.25,21.42,21,21.2199,39300
DLR-L,21-Sep-2026,18.63,18.7,18.45,18.515,48400
DLRpJ,21-Sep-2026,18.68,18.82,18.64,18.65,32924
DLRpK,21-Sep-2026,21.25,21.42,21,21.2199,36729
DLRpL,21-Sep-2026,18.63,18.7,18.45,18.515,44983
DLX,21-Sep-2026,23.39,23.81,23.37,23.45,416200
DLY,21-Sep-2026,13.37,13.38,13.33,13.33,276300
DMA,21-Sep-2026,7.47,7.63,7.345,7.62,8800
DMB,21-Sep-2026,9.91,9.968,9.86,9.9,98800
DMC,21-Sep-2026,30.52,31.45,30.38,31.06,437700
DMO,21-Sep-2026,9.76,9.7899,9.74,9.76,30700
DNA,21-Sep-2026,8.05,8.1256,7.67,7.98,1653300
DNOW,21-Sep-2026,15.59,15.72,15.4,15.57,1705600
DNP,21-Sep-2026,10.09,10.1348,9.92,9.96,1307200
DOC,21-Sep-2026,20.42,20.72,20.365,20.72,6151800
DOCN,21-Sep-2026,131.5,148.04,129.03,146.16,4600300
DOCS,21-Sep-2026,26.5,26.86,26.295,26.84,2626100
DOLE,21-Sep-2026,13.04,13.09,12.97,13,1126000
DOUG,21-Sep-2026,1.7,1.7,1.6,1.6,382800
DOV,21-Sep-2026,190.69,190.69,184.795,186.09,1223000
DOW,21-Sep-2026,28.52,28.64,27.92,28.27,9639600
DPC,21-Sep-2026,41.01,41.771,40.63,41.18,542300
DPG,21-Sep-2026,13.49,13.6863,13.42,13.44,92600
DQ,21-Sep-2026,12.07,12.2,11.81,12,677600
DRD,21-Sep-2026,26.33,26.36,25.64,25.77,185900
DRI,21-Sep-2026,210.26,213.26,209.75,211.31,1725000
DRLL,21-Sep-2026,41.47,41.47,40.55,40.6388,13400
DSL,21-Sep-2026,10.2,10.2,10.1202,10.16,861700
DSM,21-Sep-2026,5.44,5.47,5.43,5.44,186700
DSMC,21-Sep-2026,42.85,42.85,42.6,42.6879,3600
DSTX,21-Sep-2026,35,35.03,34.895,34.9988,1800
DSU,21-Sep-2026,9.09,9.12,9.07,9.1,285200
DSX,21-Sep-2026,3.12,3.13,2.97,2.97,2130400
DSX-B,21-Sep-2026,27.27,27.355,27.27,27.355,400
DSX.W,21-Sep-2026,1.2,1.25,1.06,1.07,20000
DSX.WS,21-Sep-2026,1.2,1.25,1.06,1.07,19070
DSXpB,21-Sep-2026,27.27,27.355,27.27,27.355,200
DT,21-Sep-2026,55.63,56.65,55.186,56.4,9455400
DTB,21-Sep-2026,15.66,15.6999,15.46,15.6,29800
DTE,21-Sep-2026,127.26,127.485,125.76,126.13,2179600
DTF,21-Sep-2026,11.36,11.36,11.33,11.34,3500
DTG,21-Sep-2026,16.11,16.27,15.821,15.87,20400
DTK,21-Sep-2026,22.02,22.05,21.6255,21.81,46700
DTM,21-Sep-2026,124.58,126.2,124.03,125.05,838500
DTW,21-Sep-2026,18.96,19.3229,18.9,18.99,29200
DUK,21-Sep-2026,117.49,118,116.6,116.74,4270600
DUK-A,21-Sep-2026,22.66,22.9,22.54,22.64,141200
DUKB,21-Sep-2026,20.91,21.045,20.8,20.88,47100
DUKU,21-Sep-2026,49,50.25,48.72,50.25,19500
DUKpA,21-Sep-2026,22.66,22.9,22.54,22.62,125064
DV,21-Sep-2026,13.44,13.46,13.43,13.44,1803200
DVA,21-Sep-2026,184.47,185,182.025,182.34,565000
DVN,21-Sep-2026,47.8,48.16,47.08,47.59,13041900
DX,21-Sep-2026,12.1,12.17,12.015,12.07,5241000
DX-C,21-Sep-2026,25.97,26.0099,25.97,26.005,4100
DXC,21-Sep-2026,10.96,11.2,10.795,10.89,2608000
DXYZ,21-Sep-2026,31.85,31.9439,30.82,30.99,942600
DXpC,21-Sep-2026,25.97,26.0099,25.97,26.005,3475
DY,21-Sep-2026,295.22,296.01,287.5734,291.55,554000
E,21-Sep-2026,54.76,54.82,54.03,54.04,303800
EAF,21-Sep-2026,8.34,9.74,8.06,9.36,960300
EAI,21-Sep-2026,19.56,19.6272,19.36,19.41,20900
EARN,21-Sep-2026,4.26,4.3,4.2418,4.28,107700
EAT,21-Sep-2026,201.61,202.33,197.3,200.3,1134500
EBF,21-Sep-2026,21.33,21.5799,21.1,21.49,177100
EBS,21-Sep-2026,6.8,6.8962,6.48,6.55,1512500
EC,21-Sep-2026,17.45,17.5,16.81,16.84,1909000
ECAT,21-Sep-2026,14.44,14.49,14.35,14.43,313600
ECC,21-Sep-2026,3.6,3.6299,3.57,3.6,913100
ECC-D,21-Sep-2026,18.39,18.5,18.15,18.2,13700
ECCC,21-Sep-2026,25,25,24.7501,24.9188,2400
ECCU,21-Sep-2026,25.11,25.11,25.11,25.11,800
ECCV,21-Sep-2026,24.04,24.15,23.88,24.08,6900
ECCpD,21-Sep-2026,18.5,18.5,18.15,18.2,11866
ECG,21-Sep-2026,117.81,117.97,114.1201,116.77,370200
ECL,21-Sep-2026,272.1,272.11,267.8289,269.98,803700
ECO,21-Sep-2026,82.83,85.7999,81.71,82.63,1073100
ECVT,21-Sep-2026,10.48,10.49,10.35,10.39,1158800
ED,21-Sep-2026,105.24,105.66,103.515,103.86,1825500
EDD,21-Sep-2026,5.77,5.82,5.76,5.79,371000
EDF,21-Sep-2026,5.3,5.3704,5.28,5.34,129400
EDN,21-Sep-2026,23.45,23.74,23.32,23.56,24900
EDU,21-Sep-2026,55.68,55.735,54.94,55.14,411500
EE,21-Sep-2026,35.79,35.925,33.28,33.92,1062800
EEA,21-Sep-2026,10.74,10.97,10.66,10.75,15000
EFC,21-Sep-2026,12.5,12.65,12.47,12.61,1333400
EFC-B,21-Sep-2026,25.115,25.12,25.0601,25.105,4200
EFC-C,21-Sep-2026,25.75,25.75,25.75,25.75,500
EFCpB,21-Sep-2026,25.12,25.12,25.0601,25.105,3200
EFCpC,21-Sep-2026,25.75,25.75,25.75,25.75,400
EFOR,21-Sep-2026,33.33,33.93,32.29,32.89,578200
EFR,21-Sep-2026,10.34,10.38,10.3327,10.38,36800
EFT,21-Sep-2026,10.52,10.55,10.48,10.49,41600
EFX,21-Sep-2026,160.32,160.62,157.5025,158.62,1439200
EFXT,21-Sep-2026,22.65,22.73,22.205,22.43,369000
EG,21-Sep-2026,378.7,378.7,368.025,369.42,386000
EGO,21-Sep-2026,43.54,43.54,42.09,42.37,2033800
EGP,21-Sep-2026,203.05,205,201.82,202.57,592700
EGY,21-Sep-2026,6,6.02,5.815,5.96,1532300
EHC,21-Sep-2026,121.74,123.67,120.07,121.56,801500
EHI,21-Sep-2026,5.59,5.6,5.55,5.56,39200
EIC,21-Sep-2026,9.65,9.67,9.61,9.63,60600
EICA,21-Sep-2026,24.95,24.9763,24.95,24.965,2400
EIG,21-Sep-2026,49.26,49.32,48.41,48.45,125200
EIIA,21-Sep-2026,25.15,25.2,25.15,25.2,8100
EIX,21-Sep-2026,55.05,55.739,54.67,54.95,3840300
EL,21-Sep-2026,94.71,96.555,93.74,96.34,3089900
ELAN,21-Sep-2026,22.58,22.58,22.165,22.43,4608500
ELC,21-Sep-2026,19.4,19.6,19.29,19.31,15600
ELF,21-Sep-2026,97.5,98.87,95.02,97.79,1766700
ELLA,21-Sep-2026,25.01,25.06,25.01,25.06,900
ELME,21-Sep-2026,1.73,1.76,1.72,1.75,2024700
ELPC,21-Sep-2026,12.67,12.74,12.57,12.66,339500
ELS,21-Sep-2026,60.14,60.73,60.03,60.44,1421200
ELV,21-Sep-2026,410.31,411.48,406.2,409.31,933900
EMA,21-Sep-2026,49.16,49.28,48.69,48.76,372700
EMBJ,21-Sep-2026,75.75,77.365,74.55,77.02,995600
EMD,21-Sep-2026,10.05,10.06,9.97,10.01,144900
EME,21-Sep-2026,760.06,762.19,737.4756,757.71,381300
EMF,21-Sep-2026,22.79,23.1,22.72,23.06,24800
EMN,21-Sep-2026,66.17,66.17,65.01,65.09,1103500
EMO,21-Sep-2026,53.94,54.3299,53.45,53.7675,18600
EMP,21-Sep-2026,19.93,19.93,19.8,19.8,6900
EMR,21-Sep-2026,151.08,152.25,149.685,151.72,2103700
ENB,21-Sep-2026,48.59,48.8,48.195,48.2,5205900
ENHA,21-Sep-2026,1.48,1.48,1.4,1.43,492700
ENIC,21-Sep-2026,4.35,4.36,4.27,4.31,1004300
ENJ,21-Sep-2026,19.01,19.01,19.01,19.01,400
ENO,21-Sep-2026,20.99,20.99,20.7904,20.9,2200
ENOV,21-Sep-2026,18.18,18.18,17.48,18.04,2593800
ENR,21-Sep-2026,21.53,22.02,21.5,21.63,860500
ENS,21-Sep-2026,181.61,181.61,177.21,178.58,678100
ENVA,21-Sep-2026,176.45,176.89,170.9264,171.36,451900
EOD,21-Sep-2026,6.45,6.51,6.45,6.5,55000
EOG,21-Sep-2026,142.44,143.31,140.48,141.38,2744800
EOI,21-Sep-2026,19.78,19.93,19.6353,19.89,67100
EOS,21-Sep-2026,21.34,21.51,21.31,21.5,151200
EOT,21-Sep-2026,15.94,16.03,15.82,15.89,41100
EPAC,21-Sep-2026,35.48,35.75,35,35.29,309700
EPAM,21-Sep-2026,115.37,116.86,112.63,113.13,851200
EPC,21-Sep-2026,27.3,27.52,26.74,27.08,553500
EPD,21-Sep-2026,38.7,39,38.47,38.47,2670600
EPR,21-Sep-2026,56.62,57.58,56.62,57.43,748100
EPR-C,21-Sep-2026,25.14,25.14,25.14,25.14,300
EPR-E,21-Sep-2026,31.31,31.31,31.26,31.3,1100
EPR-G,21-Sep-2026,20.05,20.12,19.77,19.82,8700
EPRT,21-Sep-2026,26.86,27.09,26.73,26.76,3933600
EPRpC,21-Sep-2026,25.14,25.14,25.14,25.14,100
EPRpE,21-Sep-2026,31.31,31.31,31.26,31.3,600
EPRpG,21-Sep-2026,20.05,20.12,19.77,19.82,7333
EQBK,21-Sep-2026,49.07,49.43,48.45,48.61,83800
EQH,21-Sep-2026,54.5,54.95,53.785,53.87,2657600
EQH-A,21-Sep-2026,17.9,18.25,17.76,17.89,76800
EQH-C,21-Sep-2026,15.88,16.14,15.851,15.93,17200
EQHpA,21-Sep-2026,17.9,18.25,17.76,17.85,59365
EQHpC,21-Sep-2026,15.88,16.14,15.851,15.93,13925
EQNR,21-Sep-2026,43.84,43.9,42.48,42.49,3150100
EQS,21-Sep-2026,0.96,0.96,0.9501,0.9501,2100
EQT,21-Sep-2026,49.7,50.26,48.93,50.13,8281200
ERO,21-Sep-2026,34.66,34.95,33.6279,34.7,1397900
EROC,21-Sep-2026,13.45,13.8,13.1,13.38,2171400
EROK,21-Sep-2026,23.72,24.455,23.04,23.62,127500
ES,21-Sep-2026,66.95,67.415,66.6,66.89,2519500
ESAB,21-Sep-2026,65.99,67.85,64.86,67.01,1489800
ESE,21-Sep-2026,267.12,267.12,261,262.41,263700
ESI,21-Sep-2026,33.56,33.72,32.94,33.42,2744200
ESNT,21-Sep-2026,67.59,68.05,66.455,66.47,626400
ESRT,21-Sep-2026,3.96,4.185,3.95,4.14,7545900
ESS,21-Sep-2026,270.86,271.67,268.1659,271.39,464400
ESTC,21-Sep-2026,87.51,90.12,86.96,89.71,1237500
ET,21-Sep-2026,21.08,21.12,20.77,20.9,7438200
ET-I,21-Sep-2026,11.41,11.41,11.38,11.4,73400
ETB,21-Sep-2026,15.51,15.6748,15.44,15.63,81700
ETD,21-Sep-2026,21.53,21.54,20.96,20.97,550600
ETG,21-Sep-2026,23.27,23.45,23.145,23.45,73200
ETI-,21-Sep-2026,21.87,22,21.75,22,2700
ETIp,21-Sep-2026,21.87,22,21.75,22,1900
ETJ,21-Sep-2026,8.26,8.3499,8.2451,8.32,116600
ETN,21-Sep-2026,430.21,438.255,426.06,435.43,2194800
ETO,21-Sep-2026,30.41,31.0884,30.41,30.79,26000
ETR,21-Sep-2026,102.21,102.74,101.21,101.58,2758800
ETSS,21-Sep-2026,9.95,9.95,9.94,9.94,200
ETV,21-Sep-2026,15.35,15.48,15.28,15.48,110800
ETW,21-Sep-2026,9.68,9.71,9.61,9.71,322000
ETX,21-Sep-2026,17.32,17.74,17.32,17.53,37500
ETY,21-Sep-2026,14.09,14.23,14.0601,14.23,223400
ETpI,21-Sep-2026,11.41,11.41,11.38,11.4,70489
EVA.W,21-Sep-2026,0.32,0.345,0.3101,0.345,2700
EVAC,21-Sep-2026,10.3,10.3,10.295,10.3,4900
EVAC.WS,21-Sep-2026,0.32,0.345,0.3101,0.345,2658
EVC,21-Sep-2026,7.88,8.11,7.82,7.99,1102900
EVE.T,21-Sep-2026,0.0502,0.0946,0.0502,0.0887,20000
EVEX,21-Sep-2026,2.06,2.1199,2.035,2.09,582800
EVEX.WS,21-Sep-2026,0.0502,0.0946,0.0502,0.0887,20005
EVF,21-Sep-2026,4.84,4.87,4.84,4.85,68500
EVG,21-Sep-2026,10.21,10.25,10.06,10.19,36600
EVH,21-Sep-2026,3.7,3.745,3.58,3.69,2002900
EVMN,21-Sep-2026,9.7,9.7,9.35,9.45,603000
EVN,21-Sep-2026,10.13,10.24,10.13,10.21,86600
EVR,21-Sep-2026,267.18,271.4,260.8901,269.01,662900
EVT,21-Sep-2026,28.38,28.5411,28.0501,28.48,71700
EVTC,21-Sep-2026,27.81,27.97,27.38,27.82,429400
EVTL,21-Sep-2026,0.6764,0.69,0.6025,0.6301,7816900
EVTR,21-Sep-2026,49.32,49.415,49.32,49.39,483900
EW,21-Sep-2026,88.34,88.59,87.77,88.34,3347100
EXG,21-Sep-2026,9.69,9.69,9.63,9.66,302700
EXK,21-Sep-2026,10.3,10.3,9.86,10.13,5818100
EXP,21-Sep-2026,178.21,180.51,176.49,179.14,388700
EXPD,21-Sep-2026,191.42,193.55,189.46,192.15,1284700
EXR,21-Sep-2026,137.14,138.41,136.625,137.46,1383900
F,21-Sep-2026,13.35,13.45,13.17,13.17,50080900
F-B,21-Sep-2026,19.99,20.05,19.88,19.88,31500
F-C,21-Sep-2026,19.52,19.6,19.45,19.46,29400
F-D,21-Sep-2026,20.88,20.98,20.8,20.85,48100
FAF,21-Sep-2026,70.1,70.27,69.22,69.26,735000
FBIN,21-Sep-2026,39.82,40.15,38.89,39.6,2217300
FBK,21-Sep-2026,53.6,54.15,53.53,53.6,566400
FBP,21-Sep-2026,27.71,27.78,27.455,27.46,894000
FBR-E,21-Sep-2026,19.56,19.75,19.55,19.71,23700
FBRT,21-Sep-2026,7.48,7.76,7.47,7.71,2077600
FBRTpE,21-Sep-2026,19.56,19.75,19.55,19.71,21774
FC,21-Sep-2026,17.4,17.64,17.07,17.54,58100
FCF,21-Sep-2026,21.13,21.32,21.03,21.03,1187200
FCN,21-Sep-2026,141.67,142.06,139.98,140.74,371100
FCPT,21-Sep-2026,22.49,22.815,22.49,22.62,821900
FCR.U,21-Sep-2026,10.41,10.4139,10.41,10.4139,800
FCR.W,21-Sep-2026,0.66,0.66,0.6199,0.6199,2800
FCRS.U,21-Sep-2026,10.41,10.4139,10.41,10.4139,780
FCX,21-Sep-2026,72.89,73.28,70.81,72.16,9744200
FDS,21-Sep-2026,285.13,289.78,281.8801,284.1,669600
FDX,21-Sep-2026,303.18,303.18,291.25,295.79,2185400
FDXF,21-Sep-2026,121.39,121.41,116.03,117.6,1681800
FE,21-Sep-2026,45.25,45.31,44.885,44.97,3280000
FEGE,21-Sep-2026,51.6,51.715,51.42,51.64,241800
FENG,21-Sep-2026,1.45,1.5,1.45,1.4601,3300
FEOE,21-Sep-2026,54.88,54.97,54.69,54.83,228000
FERG,21-Sep-2026,215.74,217.75,212.13,216.14,1220200
FET,21-Sep-2026,82.58,82.58,80.77,80.86,188200
FF,21-Sep-2026,5.54,5.545,5.36,5.42,248600
FFA,21-Sep-2026,22.86,23.1499,22.86,23.12,11500
FFC,21-Sep-2026,15.6,15.6,15.49,15.53,194800
FG,21-Sep-2026,23.12,23.42,22.83,22.86,423300
FGN,21-Sep-2026,24.8,24.85,24.58,24.65,12900
FGSN,21-Sep-2026,20.57,20.86,20.56,20.59,11900
FHI,21-Sep-2026,57.46,58.33,57.19,58.18,446700
FHN,21-Sep-2026,24.12,24.12,23.89,23.93,3843400
FHN-E,21-Sep-2026,23.35,23.5,23.35,23.4623,8900
FHN-F,21-Sep-2026,16.86,16.87,16.59,16.59,3700
FHN-H,21-Sep-2026,24.06,24.26,23.8,23.83,57900
FHNpE,21-Sep-2026,23.35,23.5,23.35,23.4623,6090
FHNpF,21-Sep-2026,16.86,16.87,16.59,16.59,2216
FICO,21-Sep-2026,964.19,967.99,921.02,924.52,487500
FIG,21-Sep-2026,22.85,22.99,22.235,22.33,10842700
FIGS,21-Sep-2026,13.2,13.31,12.81,13.13,1438000
FINS,21-Sep-2026,12.23,12.25,12.15,12.15,36200
FINV,21-Sep-2026,3.31,3.315,3.21,3.25,573800
FIRY,21-Sep-2026,10.13,10.73,10.075,10.7,86900
FIS,21-Sep-2026,35.82,36.17,35.19,35.19,6091000
FIT-A,21-Sep-2026,22.1,22.2595,21.7,21.81,8000
FIT-I,21-Sep-2026,25.57,25.6086,25.56,25.57,29500
FIT-K,21-Sep-2026,18.12,18.3499,18.085,18.24,42800
FIT-M,21-Sep-2026,25.83,25.83,25.6,25.68,9200
FIX,21-Sep-2026,1667.72,1667.72,1606.12,1632.59,337100
FIXT,21-Sep-2026,36.66,36.67,36.6349,36.6574,9900
FLC,21-Sep-2026,16.1,16.14,16.0739,16.12,60200
FLG,21-Sep-2026,12.69,12.71,12.55,12.59,3202700
FLG-A,21-Sep-2026,23.9,23.9,23.74,23.88,22900
FLG-U,21-Sep-2026,39.312,39.312,39.0301,39.0301,1000
FLGpA,21-Sep-2026,23.9,23.9,23.74,23.88,20893
FLGpU,21-Sep-2026,39.312,39.312,39.0301,39.0301,801
FLNG,21-Sep-2026,32.23,32.8099,31.87,32.07,330200
FLO,21-Sep-2026,5.9,6.07,5.845,5.96,7905000
FLOC,21-Sep-2026,20.03,20.565,19.8,19.87,614200
FLR,21-Sep-2026,55.72,56,54.23,54.74,1764300
FLS,21-Sep-2026,75.12,75.12,73.96,74.67,1347100
FLUT,21-Sep-2026,89.01,90.35,86.5505,86.86,3471100
FLXR,21-Sep-2026,38.33,38.3601,38.3,38.33,408000
FMC,21-Sep-2026,10.24,10.355,9.95,10.28,3715400
FMN,21-Sep-2026,10.42,10.485,10.4,10.42,20000
FMS,21-Sep-2026,22.47,22.5,22.205,22.22,707300
FMX,21-Sep-2026,119.04,120.3899,117.02,119.86,510800
FMY,21-Sep-2026,11.41,11.6,11.395,11.52,2100
FN,21-Sep-2026,402.13,405.7,393.13,401.57,668100
FNB,21-Sep-2026,18.05,18.065,17.89,17.91,3258100
FND,21-Sep-2026,47.87,48.165,46.99,47.25,2403600
FNF,21-Sep-2026,42.86,43.24,42.43,42.46,2235700
FNV,21-Sep-2026,266.51,266.51,261.29,261.68,467600
FOA,21-Sep-2026,14.15,14.82,13.73,14.6,106300
FOF,21-Sep-2026,12.58,12.6,12.51,12.51,81400
FOIL,21-Sep-2026,20.05,21.4,19.2683,19.96,27600
FOR,21-Sep-2026,26.09,26.6299,25.875,26.38,137100
FOU-A,21-Sep-2026,53.7,53.84,53,53.84,13300
FOUR,21-Sep-2026,39.31,39.94,38.98,39.37,1705300
FOURpA,21-Sep-2026,53.2,53.84,53,53.38,8484
FPF,21-Sep-2026,16.69,16.7811,16.63,16.66,131100
FPH,21-Sep-2026,4.9,4.97,4.9,4.92,144600
FPI,21-Sep-2026,10.9,10.99,10.875,10.95,436500
FPS,21-Sep-2026,40.03,40.07,37.15,37.75,12659000
FR,21-Sep-2026,61.43,62.3047,61.43,62,947100
FRA,21-Sep-2026,10.62,10.66,10.59,10.59,89800
FRO,21-Sep-2026,49.83,52.48,49.46,49.81,5498600
FRT,21-Sep-2026,111.31,111.48,109.27,110.63,1472300
FRT-C,21-Sep-2026,19,19.199,18.7144,18.88,3100
FRTpC,21-Sep-2026,19,19.199,18.7144,18.88,2337
FSCO,21-Sep-2026,5.32,5.39,5.29,5.39,1302400
FSK,21-Sep-2026,11.37,11.5,11.23,11.43,1217200
FSM,21-Sep-2026,12.04,12.05,11.6599,11.76,3351800
FSS,21-Sep-2026,114.6,115.89,113.26,115.09,377700
FSSL,21-Sep-2026,11.8,11.95,11.72,11.92,258200
FT,21-Sep-2026,7.36,7.3606,7.31,7.31,36700
FTHY,21-Sep-2026,13.03,13.1,12.981,13.03,94400
FTI,21-Sep-2026,71.85,72.13,70.83,71.31,3144000
FTK,21-Sep-2026,31.45,31.58,30.5309,30.71,383000
FTR.W,21-Sep-2026,0.7,0.8,0.6,0.73,6800
FTRA,21-Sep-2026,9.9,9.9,9.88,9.88,58500
FTS,21-Sep-2026,54.03,54.15,53.56,53.61,561200
FTV,21-Sep-2026,55.18,55.56,54.85,55.09,1616200
FTW,21-Sep-2026,10.15,10.23,10,10.22,81500
FTW.W,21-Sep-2026,1.04,1.06,1.04,1.04,37500
FTWO,21-Sep-2026,46.17,46.17,45.88,45.9446,4400
FUBO,21-Sep-2026,10.19,10.32,10.02,10.3,1316600
FUL,21-Sep-2026,49.93,50,49.24,49.63,613100
FUN,21-Sep-2026,12.33,12.56,12.22,12.37,1622900
FVR,21-Sep-2026,17.38,17.855,17.38,17.68,149700
FVRR,21-Sep-2026,8.43,8.76,8.43,8.72,785200
FXED,21-Sep-2026,16.94,17.01,16.92,16.99,4000
FpB,21-Sep-2026,19.99,20.05,19.88,19.88,27594
FpC,21-Sep-2026,19.52,19.6,19.45,19.46,22795
FpD,21-Sep-2026,20.88,20.98,20.8,20.85,38862
G,21-Sep-2026,34.46,34.8,33.905,34.08,1555900
GAB,21-Sep-2026,5.41,5.44,5.375,5.44,1138800
GAB-G,21-Sep-2026,18.65,18.65,18.65,18.65,600
GAB-H,21-Sep-2026,18.61,18.7001,18.55,18.55,14000
GAB-K,21-Sep-2026,18.62,18.68,18.45,18.605,5100
GABpG,21-Sep-2026,18.65,18.65,18.65,18.65,440
GABpH,21-Sep-2026,18.61,18.7001,18.55,18.56,12673
GABpK,21-Sep-2026,19.79,19.79,18.45,18.605,4000
GAM,21-Sep-2026,64.9,65.9436,64.9,65.51,12800
GAM-B,21-Sep-2026,23.55,23.59,23.35,23.49,42300
GAMpB,21-Sep-2026,23.55,23.59,23.35,23.49,40000
GAP,21-Sep-2026,20.84,21.2675,20.55,21.25,4342100
GATX,21-Sep-2026,178.88,181.58,177.93,180.4,210300
GBAB,21-Sep-2026,13.04,13.07,12.985,13.005,98400
GBCI,21-Sep-2026,44.92,44.98,44.49,44.82,875500
GBTG,21-Sep-2026,9.46,9.49,9.46,9.46,675100
GBX,21-Sep-2026,41.96,42.22,41.56,41.96,268200
GCO,21-Sep-2026,32.46,34.03,32.46,33.63,142700
GCPB,21-Sep-2026,49.38,49.4,49.38,49.395,600
GCT.W,21-Sep-2026,0.36,0.36,0.3,0.302,73100
GCTS,21-Sep-2026,2.11,2.24,2.08,2.19,2314000
GCTS.WS,21-Sep-2026,0.36,0.36,0.3,0.302,71659
GCV,21-Sep-2026,4.38,4.4,4.36,4.39,27300
GD,21-Sep-2026,352.74,355.05,351.41,353.9,926700
GDDY,21-Sep-2026,98.32,105.03,97.7544,104.77,2677500
GDIV,21-Sep-2026,18.5,18.58,18.5,18.5646,3700
GDL,21-Sep-2026,8.36,8.385,8.36,8.37,14500
GDO,21-Sep-2026,9.83,9.86,9.78,9.79,12800
GDOT,21-Sep-2026,13.22,13.27,13.0925,13.15,411300
GDV,21-Sep-2026,29.04,29.15,28.95,29.11,59000
GDV-H,21-Sep-2026,20.59,20.59,20.42,20.59,8500
GDV-K,21-Sep-2026,16.36,16.36,16.22,16.25,10400
GDVpH,21-Sep-2026,20.59,20.59,20.42,20.59,8100
GDVpK,21-Sep-2026,16.36,16.36,16.22,16.25,9368
GE,21-Sep-2026,317.54,322.14,313.81,319.01,3799500
GEF,21-Sep-2026,83.22,84.35,82.755,83.32,376300
GEF.B,21-Sep-2026,107.71,110.165,107.71,109.65,163600
GEL,21-Sep-2026,14.72,15.08,14.72,15.03,325300
GENI,21-Sep-2026,5.64,5.815,5.48,5.76,7209500
GEO,21-Sep-2026,31.17,32.07,29.975,30.25,3051500
GETY,21-Sep-2026,0.2283,0.2342,0.2209,0.2332,1443000
GEV,21-Sep-2026,955,962.85,945.42,946.22,2596000
GF,21-Sep-2026,11.04,11.09,10.88,11,23000
GFF,21-Sep-2026,94.04,95.32,93.15,95.12,249900
GFI,21-Sep-2026,42.93,42.95,41.79,41.99,2642900
GFL,21-Sep-2026,42.25,42.76,41.88,42.76,2305000
GFR,21-Sep-2026,6.55,6.6,6.32,6.48,1087500
GGB,21-Sep-2026,5.07,5.07,4.98,5,9196700
GGG,21-Sep-2026,76.59,77.045,76.04,76.59,1428800
GGT,21-Sep-2026,3.97,4.02,3.96,4.02,262400
GGT-E,21-Sep-2026,19.98,20.0152,19.98,19.98,1000
GGT-G,21-Sep-2026,19.9701,19.9701,19.9701,19.9701,1000
GGTpE,21-Sep-2026,19.98,20.0152,19.98,19.98,732
GGTpG,21-Sep-2026,19.9701,19.9701,19.9701,19.9701,1000
GGZ,21-Sep-2026,15.6,15.765,15.4,15.725,5900
GHC,21-Sep-2026,1148.16,1155.44,1136.01,1146.11,29500
GHG,21-Sep-2026,1.04,1.04,1.02,1.03,2600
GHI,21-Sep-2026,6.04,6.04,5.94,5.99,29800
GHM,21-Sep-2026,85.36,86.55,84.34,85.87,145200
GHY,21-Sep-2026,11.31,11.315,11.21,11.22,157900
GIB,21-Sep-2026,69.83,69.85,68.95,69.42,426000
GIC,21-Sep-2026,41.83,41.83,40,40.8,157200
GIL,21-Sep-2026,47.34,47.34,45.7,46.16,1343900
GIS,21-Sep-2026,36.27,36.53,35.405,35.41,9959900
GJH,21-Sep-2026,9.4144,9.465,9.41,9.455,2000
GJP,21-Sep-2026,24.66,24.66,24.66,24.66,200
GJS,21-Sep-2026,23.44,23.44,23.3346,23.3346,600
GJT,21-Sep-2026,23.2,23.235,23.2,23.235,800
GKOS,21-Sep-2026,166.27,166.7354,160.23,161.53,806400
GL,21-Sep-2026,173.86,174.35,171.56,172.16,320900
GL-D,21-Sep-2026,14.82,14.82,14.63,14.67,8300
GLAS,21-Sep-2026,8.05,8.08,7.81,7.94,683800
GLED,21-Sep-2026,10.02,10.04,10.02,10.04,6700
GLO-A,21-Sep-2026,25.3,25.6,25.29,25.3,3100
GLO-B,21-Sep-2026,25.82,25.82,25.7025,25.705,1000
GLO-C,21-Sep-2026,25.588,25.588,25.588,25.588,500
GLOB,21-Sep-2026,36.26,37.37,35.66,35.84,688200
GLOPpA,21-Sep-2026,25.3,25.6,25.29,25.3,2206
GLOPpB,21-Sep-2026,25.82,25.82,25.7025,25.705,727
GLOPpC,21-Sep-2026,25.588,25.588,25.588,25.588,500
GLP,21-Sep-2026,49.16,50.63,48.96,50.62,74300
GLW,21-Sep-2026,156.37,159.87,151.92,158.98,9263600
GLpD,21-Sep-2026,14.82,14.82,14.63,14.67,6201
GM,21-Sep-2026,82.38,84.88,82.2,83.95,7936500
GME,21-Sep-2026,22.78,23.105,22.52,22.76,9783700
GME.W,21-Sep-2026,2.5,2.5,2.27,2.325,737000
GME.WS,21-Sep-2026,2.55,2.56,2.27,2.325,538638
GMED,21-Sep-2026,74,74.41,73.17,74.29,1248300
GMRS,21-Sep-2026,12.44,12.44,11.49,11.55,1099000
GNE,21-Sep-2026,16.17,16.36,16.12,16.22,64000
GNK,21-Sep-2026,28.02,28.33,27.54,27.83,467200
GNL,21-Sep-2026,8.85,8.915,8.73,8.74,1706500
GNL-A,21-Sep-2026,22.82,22.82,22.3,22.64,10400
GNL-B,21-Sep-2026,21.95,21.95,21.6301,21.79,4000
GNL-D,21-Sep-2026,22.8,22.8,22.7,22.75,18200
GNL-E,21-Sep-2026,22.51,22.875,22.5,22.705,4400
GNLpA,21-Sep-2026,22.82,22.82,22.3,22.64,5674
GNLpB,21-Sep-2026,21.95,21.95,21.6301,21.79,3347
GNLpD,21-Sep-2026,22.84,22.84,22.7,22.75,12350
GNLpE,21-Sep-2026,22.51,22.875,22.5,22.705,3675
GNRC,21-Sep-2026,210,212.46,203.98,204.96,1617300
GNT,21-Sep-2026,8.97,8.985,8.89,8.93,43700
GNT-A,21-Sep-2026,19.23,19.23,19.23,19.23,100
GNTpA,21-Sep-2026,19.23,19.23,19.23,19.23,130
GNW,21-Sep-2026,10.08,10.255,10.03,10.03,3709700
GOF,21-Sep-2026,8.62,8.64,8.5186,8.63,2889600
GOLD,21-Sep-2026,45.79,45.79,43.56,43.8,645200
GOLF,21-Sep-2026,80.98,82.615,80.18,81.92,322100
GOOS,21-Sep-2026,7.5,7.62,7.445,7.51,516200
GOTU,21-Sep-2026,2.17,2.21,2.17,2.2,778800
GPC,21-Sep-2026,128.86,129.9963,126.24,126.45,1024400
GPI,21-Sep-2026,247.36,254.91,247.36,250.87,214100
GPJA,21-Sep-2026,19.42,19.6699,19.34,19.42,14300
GPK,21-Sep-2026,9.36,9.545,9.25,9.25,10538100
GPM-A,21-Sep-2026,15.71,15.71,15,15.3399,10900
GPMT,21-Sep-2026,0.876,0.89,0.8183,0.8277,242300
GPMTpA,21-Sep-2026,15.71,15.71,15,15.3399,9554
GPN,21-Sep-2026,85.71,86.61,84.18,85.29,2672800
GPOR,21-Sep-2026,157.86,157.99,155.085,156.16,293700
GPRK,21-Sep-2026,10.97,11.01,10.75,10.78,578200
GRB-A,21-Sep-2026,21.6,21.6,21.5,21.5,400
GRBK,21-Sep-2026,66.79,67.87,66.02,67.56,269700
GRBKpA,21-Sep-2026,21.6,21.6,21.5,21.5,408
GRC,21-Sep-2026,73.53,74.36,73.11,73.75,148300
GRDN,21-Sep-2026,45.14,45.14,43.34,44.16,570300
GRMN,21-Sep-2026,276.24,280.57,272.705,280.31,567100
GRND,21-Sep-2026,15.65,15.99,15.5,15.89,1363100
GRNT,21-Sep-2026,4.82,4.86,4.62,4.64,991400
GROV,21-Sep-2026,1.03,1.06,1.03,1.04,67900
GRX,21-Sep-2026,9.61,9.65,9.61,9.64,17400
GS,21-Sep-2026,956.49,962.22,942.62,959.39,1864000
GS-A,21-Sep-2026,19.2,19.24,19.1,19.22,29600
GS-C,21-Sep-2026,19.3,19.5887,19.3,19.49,11600
GS-D,21-Sep-2026,18.91,19.04,18.85,18.99,82300
GSBD,21-Sep-2026,9.7,9.865,9.69,9.8,733400
GSK,21-Sep-2026,50.75,51.32,50.46,51.08,2872100
GSL,21-Sep-2026,45.5,46.3392,45.02,45.59,270900
GSL-B,21-Sep-2026,26.92,27.1499,26.8,27,5100
GSLpB,21-Sep-2026,26.92,27.1499,26.8,27,4354
GSpA,21-Sep-2026,19.2,19.24,19.1,19.24,26973
GSpC,21-Sep-2026,19.3,19.5887,19.3,19.49,9818
GSpD,21-Sep-2026,18.91,19.04,18.85,18.99,77593
GTES,21-Sep-2026,26.05,26.05,25.44,25.45,1292500
GTN,21-Sep-2026,4.5,4.795,4.5,4.62,1275900
GTN.A,21-Sep-2026,5.11,5.2439,5.11,5.24,1400
GTY,21-Sep-2026,29.7,29.955,29.36,29.47,817000
GUG,21-Sep-2026,14.59,14.64,14.45,14.5,94500
GUT,21-Sep-2026,6.16,6.18,6.12,6.17,129700
GUT-C,21-Sep-2026,20.44,20.44,20.05,20.05,1800
GUTpC,21-Sep-2026,20.44,20.44,20.05,20.05,900
GVA,21-Sep-2026,116.79,117.08,115.315,116.2,790500
GWH,21-Sep-2026,0.37,0.39,0.36,0.3698,539000
GWRE,21-Sep-2026,145.92,150.15,143.8612,149.38,991000
GWW,21-Sep-2026,1269.95,1279.16,1252.97,1277.79,212800
GXO,21-Sep-2026,46.34,46.34,45.0775,45.4,1030100
GYLD,21-Sep-2026,14.05,14.48,13.97,14.106,16600
H,21-Sep-2026,156.45,158.172,155.5,156.95,824700
HAE,21-Sep-2026,109.24,110.055,108.05,108.73,327000
HAFN,21-Sep-2026,9.75,10.09,9.7,9.71,2389200
HAL,21-Sep-2026,33.52,33.75,32.835,33.39,9198100
HASI,21-Sep-2026,37.14,37.28,36.76,37.03,589700
HAWK,21-Sep-2026,16.31,16.49,16.1301,16.26,1065400
HAYW,21-Sep-2026,13.06,13.1,12.74,12.88,3287800
HBB,21-Sep-2026,31.57,32.48,31.2882,31.83,65400
HBM,21-Sep-2026,27.36,27.36,26,26.65,5027800
HCA,21-Sep-2026,427.75,434.07,423.43,425.97,1418500
HCC,21-Sep-2026,89.26,89.48,88.155,88.47,503100
HCI,21-Sep-2026,187.2,187.9,183.48,184.19,137700
HCXY,21-Sep-2026,25.02,25.02,25.02,25.02,500
HD,21-Sep-2026,301,301.7407,295.39,297.2,5434300
HDB,21-Sep-2026,23.43,23.775,23.43,23.65,11739700
HE,21-Sep-2026,9.95,10.05,9.57,9.57,3026900
HEI,21-Sep-2026,300.44,304.755,298.5802,303.03,403300
HEI.A,21-Sep-2026,224.12,227.635,222.815,226.67,243500
HEQ,21-Sep-2026,11.53,11.61,11.3083,11.44,19000
HESM,21-Sep-2026,40.02,40.08,39.51,39.58,993000
HF,21-Sep-2026,22.63,22.63,22.62,22.62,100
HFGM,21-Sep-2026,31.97,32.22,31.96,32.12,17900
HFND,21-Sep-2026,24.21,24.35,24.192,24.33,4700
HFR-A,21-Sep-2026,16.1449,16.49,16.1449,16.284,12900
HFR-B,21-Sep-2026,16.19,16.19,16.1,16.1499,5600
HFRO,21-Sep-2026,7.11,7.26,7.0237,7.26,61000
HFROpA,21-Sep-2026,16.1449,16.49,16.1449,16.284,11305
HFROpB,21-Sep-2026,16.19,16.19,16.1,16.1499,5237
HG,21-Sep-2026,34.81,34.98,33.83,33.87,543800
HGER,21-Sep-2026,35.73,35.8,35.54,35.76,1503400
HGLB,21-Sep-2026,7.24,7.3099,7.2006,7.28,55600
HGTY,21-Sep-2026,14,14.04,13.58,13.59,265800
HGV,21-Sep-2026,35.78,35.985,34.95,35.56,1667500
HHH,21-Sep-2026,61,65.87,61,65.6,1436900
HIG,21-Sep-2026,131.69,132.37,130.72,130.73,1665600
HIG-G,21-Sep-2026,23.15,23.33,23.02,23.05,19200
HIGpG,21-Sep-2026,23.15,23.33,23.02,23.05,15075
HII,21-Sep-2026,273.39,276.78,272.2305,276.1,425000
HIMS,21-Sep-2026,28.5,29.525,28.18,29.35,8446700
HIO,21-Sep-2026,3.4,3.42,3.4,3.41,275900
HIPO,21-Sep-2026,31.65,31.7725,31.1086,31.53,209300
HIW,21-Sep-2026,30.52,31.26,30.5,31.08,1075600
HIX,21-Sep-2026,3.78,3.7886,3.75,3.75,201100
HKD,21-Sep-2026,1.7,1.7398,1.69,1.69,61500
HL,21-Sep-2026,18.98,19.04,17.86,18.35,42011800
HLF,21-Sep-2026,11.92,12.03,11.73,11.92,1007900
HLI,21-Sep-2026,132.65,134.1017,131.01,132.61,876900
HLIO,21-Sep-2026,69.48,69.48,67.97,68.26,289700
HLLY,21-Sep-2026,2.56,2.56,2.48,2.5,1280300
HLN,21-Sep-2026,9.26,9.38,9.23,9.36,40721300
HLT,21-Sep-2026,306.03,309.16,304.11,307.08,2128300
HMC,21-Sep-2026,32.66,32.73,32.415,32.53,1496900
HMN,21-Sep-2026,48.52,48.86,48.12,48.2,249900
HMY,21-Sep-2026,19.89,19.93,18.98,19,7084700
HNGE,21-Sep-2026,95.08,95.825,92.92,94.45,1125700
HNI,21-Sep-2026,46.6,46.6,45.075,46.21,563100
HOG,21-Sep-2026,25.66,26.385,25.155,26.21,1310300
HOMB,21-Sep-2026,29.87,29.96,29.61,29.61,1158800
HOS,21-Sep-2026,8.29,8.405,8.195,8.33,2130500
HOV,21-Sep-2026,115.97,117.14,113.8275,115.26,83400
HP,21-Sep-2026,40.44,40.85,39.7,40.29,729800
HPE,21-Sep-2026,62.65,63.86,60.3,61.75,20470900
HPE-C,21-Sep-2026,159,162.87,155.02,158.27,151200
HPEpC,21-Sep-2026,159,162.87,155.02,158.27,11119
HPF,21-Sep-2026,14.49,14.51,14.29,14.31,91000
HPI,21-Sep-2026,14.83,14.84,14.38,14.42,326300
HPP,21-Sep-2026,11.65,12.39,11.6,12.26,641200
HPP-C,21-Sep-2026,14.49,14.68,14.45,14.47,22000
HPPpC,21-Sep-2026,14.49,14.68,14.45,14.47,13744
HPQ,21-Sep-2026,33.4,34.91,32.625,32.95,16120700
HPS,21-Sep-2026,13.04,13.04,12.67,12.72,390900
HQH,21-Sep-2026,21.51,21.72,21.45,21.58,102900
HQL,21-Sep-2026,19.52,19.66,19.4156,19.59,65000
HR,21-Sep-2026,18.29,18.35,18.13,18.27,5549300
HRB,21-Sep-2026,45.08,45.24,44.0955,44.5,1830700
HRI,21-Sep-2026,136.46,141.69,133.9,140.74,688900
HRL,21-Sep-2026,20.77,20.84,20.45,20.46,5281200
HRTG,21-Sep-2026,34.64,34.92,34.07,34.15,176900
HSBC,21-Sep-2026,103.62,103.76,102.62,103.21,1134300
HSHP,21-Sep-2026,18.85,19.55,18.56,18.86,889200
HSY,21-Sep-2026,170,170.5,167.09,167.9,1439300
HTB,21-Sep-2026,47.25,47.33,46.82,47.1,206300
HTD,21-Sep-2026,23.51,23.7,23.47,23.47,151900
HTFC,21-Sep-2026,24.92,25.0131,24.87,24.95,5900
HTGC,21-Sep-2026,17.49,17.55,17.365,17.37,1079100
HTH,21-Sep-2026,38.8,39.02,38.513,38.76,325100
HTT,21-Sep-2026,2.53,2.53,2.48,2.48,34100
HUBB,21-Sep-2026,451.36,458.27,446.24,457.49,422500
HUBS,21-Sep-2026,219.01,221.06,212.415,213.86,1551500
HUM,21-Sep-2026,386.2,386.67,374.345,378.58,925900
HUN,21-Sep-2026,9.09,9.1,8.77,8.86,2966300
HUYA,21-Sep-2026,2.08,2.255,2.08,2.25,1730200
HVT,21-Sep-2026,27.44,28.12,27.33,27.67,132100
HVT.A,21-Sep-2026,27.42,28.09,27.42,28.09,400
HWM,21-Sep-2026,230.5,231.9081,226.3601,227.37,2822100
HXL,21-Sep-2026,88.75,89.56,86.44,86.94,1031900
HY,21-Sep-2026,33.7,33.7,32.255,32.6,120100
HYA.U,21-Sep-2026,10.12,10.2,10.035,10.05,56200
HYBX,21-Sep-2026,29.48,29.48,29.29,29.33,1700
HYI,21-Sep-2026,10.19,10.21,10.14,10.16,37600
HYT,21-Sep-2026,8,8,7.95,7.98,775500
HYTR,21-Sep-2026,21,21.01,20.9802,20.9907,80500
HZO,21-Sep-2026,52.5,52.5,52.375,52.41,495900
IAE,21-Sep-2026,8.87,8.93,8.7782,8.91,93100
IAG,21-Sep-2026,20.86,20.875,20.03,20.13,6589700
IBM,21-Sep-2026,231.99,234.7,228.35,231.93,8200000
IBN,21-Sep-2026,28.22,28.37,28.15,28.32,2957700
IBP,21-Sep-2026,200.63,204.4,196.735,202.48,289700
IBTA,21-Sep-2026,41.57,41.95,40.365,41.09,175100
ICE,21-Sep-2026,156.22,157.22,154.26,155.37,2986900
ICL,21-Sep-2026,5.38,5.4,5.3,5.34,1520500
ICR-A,21-Sep-2026,22.6,23.08,21.88,21.88,4600
ICRpA,21-Sep-2026,22.6,23.08,21.88,21.88,3826
IDA,21-Sep-2026,132.08,132.08,130.325,130.47,526200
IDE,21-Sep-2026,12.45,12.69,12.4351,12.51,36400
IDT,21-Sep-2026,70.39,70.39,68.04,68.84,285000
IEX,21-Sep-2026,224.2,225.24,220.77,222.53,708000
IFF,21-Sep-2026,84.05,84.28,83.345,83.6,1606100
IFN,21-Sep-2026,10.97,11.06,10.97,11.03,110100
IFS,21-Sep-2026,55.51,55.81,54.95,55.52,225400
IGA,21-Sep-2026,10.69,10.76,10.6685,10.75,65600
IGCB,21-Sep-2026,44.4006,44.4006,44.4006,44.4006,100
IGD,21-Sep-2026,6.39,6.4,6.355,6.38,140700
IGI,21-Sep-2026,15.53,16.25,15.53,16.11,67000
IGR,21-Sep-2026,12.2,12.25,12.09,12.21,386200
IH,21-Sep-2026,1.16,1.17,1.12,1.15,12300
IHD,21-Sep-2026,7.61,7.75,7.57,7.75,81200
IHG,21-Sep-2026,154.76,154.92,153.61,154.6,112300
IHS,21-Sep-2026,8.42,8.44,8.4102,8.42,952200
IIF,21-Sep-2026,22.27,22.33,22.1101,22.28,9900
IIIN,21-Sep-2026,30.06,30.22,29.66,29.83,131800
IIM,21-Sep-2026,11.99,12.05,11.95,11.97,68700
IIP-A,21-Sep-2026,24.99,24.99,24.93,24.98,13600
IIPR,21-Sep-2026,55.62,56.31,55.435,56.16,440000
IIPRpA,21-Sep-2026,24.99,24.99,24.93,24.98,10676
IMAX,21-Sep-2026,53.02,54.89,52.565,54.04,1134700
INF.W,21-Sep-2026,6.6,7,6.6,6.73,16000
INFO,21-Sep-2026,28.16,28.55,28.16,28.5071,24400
INFQ,21-Sep-2026,13.59,14.29,13.45,13.96,10331500
INFY,21-Sep-2026,10.9,11.03,10.855,10.89,9681300
ING,21-Sep-2026,36.97,37.035,36.815,36.91,1729200
INGM,21-Sep-2026,27.09,27.17,26.55,26.96,2290600
INGR,21-Sep-2026,97.13,97.84,96.67,97.03,780200
INN,21-Sep-2026,5.68,5.695,5.59,5.66,997000
INN-E,21-Sep-2026,17.61,17.6297,17.4014,17.52,7100
INN-F,21-Sep-2026,16.71,16.8,16.54,16.68,5500
INNpE,21-Sep-2026,17.615,17.6297,17.4014,17.52,6345
INNpF,21-Sep-2026,16.71,16.8,16.54,16.68,4274
INR,21-Sep-2026,12.5,12.84,12.24,12.74,417200
INSP,21-Sep-2026,76.5,77.26,74.9201,75.72,1075800
INSW,21-Sep-2026,109.01,112.82,107.56,109.1,889500
INVH,21-Sep-2026,27.14,27.28,27.05,27.08,4694200
INVX,21-Sep-2026,28.66,28.855,27.28,27.33,769300
ION.W,21-Sep-2026,28.62,29.32,28.56,28.93,59000
IONQ,21-Sep-2026,40.43,40.93,39.83,40.51,14289400
IONQ.WS,21-Sep-2026,28.62,29.32,28.56,28.93,57091
IOT,21-Sep-2026,39.89,40,38.03,38.05,5797500
IP,21-Sep-2026,35.48,36.26,35.265,35.33,4820400
IPB,21-Sep-2026,25.35,25.39,25.205,25.205,600
IPI,21-Sep-2026,37.15,37.85,35.63,36.92,393000
IQI,21-Sep-2026,9.81,9.87,9.72,9.75,173100
IQV,21-Sep-2026,266.76,270.86,265.25,269.88,1928100
IR,21-Sep-2026,72.51,72.9,71.62,72.31,4160400
IRA.U,21-Sep-2026,10.0401,10.08,10.0401,10.05,2100
IRA.W,21-Sep-2026,0.22,0.2599,0.22,0.2599,4600
IRAB,21-Sep-2026,10,10,10,10,7400
IRM,21-Sep-2026,115.48,117.135,114.3901,116.89,1218400
IRS,21-Sep-2026,15.62,15.7,15.33,15.6,236300
IRT,21-Sep-2026,14.84,14.85,14.655,14.66,2275800
ISD,21-Sep-2026,11.99,12.02,11.97,11.98,131100
IT,21-Sep-2026,188.58,192.91,183.23,183.32,715800
ITGR,21-Sep-2026,126.53,126.53,126.27,126.38,685600
ITT,21-Sep-2026,206.07,207.91,204.99,205.68,718400
ITUB,21-Sep-2026,8.36,8.46,8.33,8.45,16833900
ITW,21-Sep-2026,269.97,270.65,266.84,267.52,1637500
IVR,21-Sep-2026,6.5,6.55,6.475,6.51,2646500
IVR-C,21-Sep-2026,24.17,24.17,23.86,23.965,20900
IVRpC,21-Sep-2026,24.17,24.17,23.86,23.965,17463
IVT,21-Sep-2026,30.81,30.96,30.5901,30.8,510400
IVZ,21-Sep-2026,31.06,31.455,30.88,31.38,4190700
IX,21-Sep-2026,39.84,39.84,39.31,39.67,243700
J,21-Sep-2026,144.73,144.82,141.98,143.76,817900
JAC-,21-Sep-2026,0.06,0.06,0.06,0.06,300
JACS,21-Sep-2026,10.8,10.8,10.8,10.8,200
JAN,21-Sep-2026,30.34,30.54,29.96,30.11,1259300
JBGS,21-Sep-2026,11.27,11.46,11.1609,11.21,904200
JBI,21-Sep-2026,4.36,4.4,4.265,4.4,4243400
JBL,21-Sep-2026,303.94,306.69,295.5,303.67,1403500
JBND,21-Sep-2026,52.02,52.02,51.94,52.01,1134100
JBS,21-Sep-2026,12.1,12.1,11.875,12.03,4356600
JBTM,21-Sep-2026,110.48,111.5,109.71,110.52,545000
JCE,21-Sep-2026,16.85,17,16.83,17,22600
JCI,21-Sep-2026,143.94,145.83,142.94,145.18,2174100
JEF,21-Sep-2026,48.66,48.77,47.66,47.85,2296100
JELD,21-Sep-2026,1.77,1.78,1.68,1.71,997100
JFR,21-Sep-2026,7.54,7.54,7.445,7.49,482100
JGH,21-Sep-2026,11.91,11.98,11.88,11.89,97200
JHI,21-Sep-2026,12.49,12.61,12.41,12.43,20500
JHS,21-Sep-2026,10.55,10.55,10.52,10.52,600
JHX,21-Sep-2026,26.3,26.75,25.545,26.65,16273300
JILL,21-Sep-2026,23.84,24.065,23.06,23.95,220800
JKS,21-Sep-2026,10.58,10.74,10.35,10.56,669100
JLL,21-Sep-2026,339.35,342,338.34,340.07,326800
JLS,21-Sep-2026,16.41,16.5,16.38,16.4,21800
JMIA,21-Sep-2026,7.1,7.135,6.87,6.97,1465100
JMKE,21-Sep-2026,19.78,19.78,18.6,19.18,4121800
JMM,21-Sep-2026,5.63,5.69,5.61,5.61,9100
JNJ,21-Sep-2026,271.74,273.73,268.5,269.47,4487700
JOBY,21-Sep-2026,6.29,6.51,6.19,6.41,29588200
JOE,21-Sep-2026,64.25,64.75,63.82,64.56,268300
JOF,21-Sep-2026,12.59,12.62,12.48,12.62,52200
JPC,21-Sep-2026,7.11,7.12,6.96,6.98,3196300
JPM,21-Sep-2026,353.67,354.5,350.08,352.04,6414600
JPM-C,21-Sep-2026,23.83,23.9643,23.72,23.81,154500
JPM-D,21-Sep-2026,22.82,22.91,22.61,22.72,283500
JPM-J,21-Sep-2026,18.3,18.34,18.13,18.1301,94900
JPM-K,21-Sep-2026,17.46,17.579,17.34,17.41,229700
JPM-L,21-Sep-2026,17.72,17.79,17.56,17.6,195500
JPM-M,21-Sep-2026,16.63,16.7099,16.45,16.5,174100
JPMpC,21-Sep-2026,23.82,23.9643,23.72,23.81,138302
JPMpD,21-Sep-2026,22.82,22.91,22.61,22.79,253862
JPMpJ,21-Sep-2026,18.3,18.34,18.13,18.1301,82998
JPMpK,21-Sep-2026,17.46,17.579,17.34,17.41,205736
JPMpL,21-Sep-2026,18.5795,18.5795,17.56,17.6,173608
JPMpM,21-Sep-2026,16.6,16.7099,16.45,16.51,152441
JQC,21-Sep-2026,4.7,4.71,4.67,4.67,404200
JRI,21-Sep-2026,11.61,11.61,11.48,11.52,140600
JRS,21-Sep-2026,7.68,7.7356,7.63,7.72,31100
JXN,21-Sep-2026,131.34,134,131.34,131.87,1074600
JXN-A,21-Sep-2026,25.44,25.612,25.33,25.42,23800
JXNpA,21-Sep-2026,25.44,25.612,25.33,25.45,17805
KAI,21-Sep-2026,267.81,269.9299,263.41,265.84,96800
KB,21-Sep-2026,129.62,129.76,128.41,129.2,114300
KBDC,21-Sep-2026,13.05,13.16,13.05,13.09,263500
KBH,21-Sep-2026,47.57,48.415,47.245,47.86,1540400
KBR,21-Sep-2026,35.54,35.94,35.31,35.74,1299800
KCA.S,21-Sep-2026,9.92,10.115,9.81,10.044,2800
KCA.U,21-Sep-2026,10.35,10.35,10.325,10.325,800
KCA.W,21-Sep-2026,1.08,1.25,1.035,1.25,5500
KD,21-Sep-2026,12.25,12.61,12.08,12.2,3471200
KEN,21-Sep-2026,66.1,66.21,65.4,66.09,7300
KEP,21-Sep-2026,11.26,11.28,11.14,11.23,745000
KEX,21-Sep-2026,138.29,138.29,135.25,135.63,417600
KEY,21-Sep-2026,20.98,21,20.75,20.87,14976500
KEY-I,21-Sep-2026,25.09,25.09,24.98,25.05,25000
KEY-J,21-Sep-2026,20.2,20.39,20.2,20.22,26500
KEY-K,21-Sep-2026,20.09,20.36,20.09,20.22,38000
KEY-L,21-Sep-2026,25,25.01,24.89,24.91,48200
KEYS,21-Sep-2026,341.63,342.97,335.425,342.03,764800
KEYpI,21-Sep-2026,25.09,25.09,24.98,25.05,17461
KEYpJ,21-Sep-2026,20.2,20.39,20.2,20.21,22252
KEYpK,21-Sep-2026,20.09,20.36,20.09,20.22,30566
KEYpL,21-Sep-2026,25,25.01,24.89,24.91,30296
KF,21-Sep-2026,67,67.73,66.61,67.325,20200
KFRC,21-Sep-2026,51.89,52.235,51.16,51.58,320700
KFY,21-Sep-2026,77.37,77.37,76.46,76.77,359100
KGC,21-Sep-2026,28.2,28.27,27.43,27.79,5345000
KGS,21-Sep-2026,59.02,59.03,56.24,56.24,1885700
KIM,21-Sep-2026,22.53,22.57,22.385,22.54,3756100
KIM-L,21-Sep-2026,20.28,20.38,20.2301,20.3,23300
KIM-M,21-Sep-2026,20.4,20.41,20.2401,20.3,16000
KIMpL,21-Sep-2026,20.28,20.38,20.2301,20.35,15979
KIMpM,21-Sep-2026,20.4,20.41,20.2401,20.33,8357
KIO,21-Sep-2026,10.67,10.68,10.56,10.63,144300
KKR,21-Sep-2026,100.29,101.1,98.85,100.83,2894800
KKR-D,21-Sep-2026,44.44,45.41,44.35,45.12,44700
KKRS,21-Sep-2026,15.71,15.9699,15.55,15.62,20600
KKRT,21-Sep-2026,22.94,23.29,22.915,23.06,48000
KKRpD,21-Sep-2026,44.5,45.41,44.35,45.13,9847
KLAR,21-Sep-2026,14,14.076,13.64,13.68,4902900
KLC,21-Sep-2026,2.24,2.3,2.18,2.29,508400
KMI,21-Sep-2026,31.63,31.9199,31.5542,31.72,12231000
KMPB,21-Sep-2026,24.64,24.79,24.51,24.76,86000
KMPR,21-Sep-2026,26.69,27.31,26.13,26.55,722100
KMT,21-Sep-2026,30.16,30.24,29.46,29.47,1033900
KMX,21-Sep-2026,57.58,58.805,57.0907,57.86,3035300
KN,21-Sep-2026,35.98,36.31,35.425,36.01,590800
KNF,21-Sep-2026,54.93,55.75,53.94,55.41,1183100
KNOP,21-Sep-2026,11.26,11.275,11.065,11.18,41300
KNSL,21-Sep-2026,357.35,363.17,356.3,358.19,162700
KNTK,21-Sep-2026,53.05,53.69,52.61,53.24,1168500
KNX,21-Sep-2026,67.02,67.53,64.86,66.62,3124700
KO,21-Sep-2026,88.32,88.5,87.12,87.12,18100400
KODK,21-Sep-2026,9.69,9.89,9.65,9.76,800800
KOF,21-Sep-2026,111.01,111.375,109.69,111.16,99400
KOP,21-Sep-2026,45.72,46.31,45.19,45.61,142200
KOS,21-Sep-2026,2.63,2.66,2.58,2.63,12664700
KR,21-Sep-2026,60.06,60.61,59.455,59.69,7326300
KRC,21-Sep-2026,34.51,34.6675,34.2,34.59,1182900
KRE-A,21-Sep-2026,18.5,18.515,18.3,18.41,42800
KREF,21-Sep-2026,6.88,6.88,6.695,6.76,749900
KREFpA,21-Sep-2026,18.5,18.515,18.3,18.41,41162
KRG,21-Sep-2026,25.4,25.47,25.08,25.2,1796100
KRMN,21-Sep-2026,36.3,37.2214,34.99,35.21,3981800
KRO,21-Sep-2026,8.07,8.195,7.98,8.07,224000
KRP,21-Sep-2026,14.65,14.65,14.385,14.44,692500
KRS.U,21-Sep-2026,10.7,10.7,10.62,10.62,3200
KRSP.U,21-Sep-2026,10.7,10.7,10.62,10.62,1944
KSS,21-Sep-2026,17,17.8,16.785,17.43,4196800
KT,21-Sep-2026,19.64,19.71,19.35,19.45,900600
KTB,21-Sep-2026,67.36,67.39,65.9,66.41,671700
KTF,21-Sep-2026,8.43,8.4425,8.38,8.39,774300
KTH,21-Sep-2026,28.78,28.78,28.6486,28.6486,400
KTN,21-Sep-2026,25.61,25.6371,25.6,25.6371,800
KVUE,21-Sep-2026,17.63,17.73,17.49,17.67,25683300
KVYO,21-Sep-2026,15.53,15.82,15.12,15.82,5610500
KWR,21-Sep-2026,156.06,156.875,153.94,155.42,183100
KWY,21-Sep-2026,9.77,9.895,9.635,9.79,27000
KYN,21-Sep-2026,14.38,14.465,14.31,14.42,352000
L,21-Sep-2026,109.13,109.28,106.72,106.75,1013200
LAC,21-Sep-2026,2.95,3.05,2.9,2.96,14620000
LAD,21-Sep-2026,318.93,319.99,314.24,316.15,227600
LADR,21-Sep-2026,9.49,9.5749,9.42,9.45,1174200
LANV,21-Sep-2026,1.078,1.078,0.9701,1.01,21400
LAR,21-Sep-2026,5.95,6.02,5.815,5.92,1106500
LAW,21-Sep-2026,4.22,4.25,4.115,4.21,144000
LAZ,21-Sep-2026,36.72,37.105,35.37,36.48,2497100
LB,21-Sep-2026,85.62,88.42,84.2945,87.55,219700
LBRT,21-Sep-2026,19.21,19.25,18.59,18.85,2807900
LCII,21-Sep-2026,86.5,87.4299,85.28,86.95,232100
LCLN,21-Sep-2026,25.54,26.24,24.5,24.68,831600
LDI,21-Sep-2026,0.72,0.7252,0.691,0.7104,3305000
LDOS,21-Sep-2026,127.79,129.16,126.94,128.23,1121700
LDP,21-Sep-2026,19.66,19.74,19.55,19.61,117000
LEA,21-Sep-2026,121.61,121.78,119.85,120.22,689800
LEN,21-Sep-2026,76.97,78.3799,76.5,78.08,4951400
LEN.B,21-Sep-2026,75.5,77,74.97,76.71,223100
LEO,21-Sep-2026,5.81,5.825,5.795,5.8,147900
LEU,21-Sep-2026,149.56,158.08,148.5341,154.85,876100
LEVI,21-Sep-2026,20.01,20.09,19.54,19.82,2807700
LFT,21-Sep-2026,6.24,6.305,5.52,5.6,99700
LFT-A,21-Sep-2026,16.85,16.85,16.625,16.75,2000
LFTpA,21-Sep-2026,16.85,16.85,16.625,16.75,1736
LGI,21-Sep-2026,17.3,17.47,17.14,17.46,35900
LH,21-Sep-2026,321.95,323.84,318.94,320.99,487700
LHX,21-Sep-2026,246.61,248.18,244.91,246.93,1461800
LII,21-Sep-2026,362.37,366.785,357.79,363.64,369700
LION,21-Sep-2026,10.92,11.7,10.85,11.48,4856900
LITB,21-Sep-2026,2.97,3.1,2.97,3.06,3200
LLY,21-Sep-2026,1144.49,1170.9,1134.41,1164.89,2480000
LMND,21-Sep-2026,48.26,48.405,47,47.86,1182800
LMT,21-Sep-2026,532.295,537.82,530.01,535.4,967000
LNC,21-Sep-2026,42.6,42.68,41.625,41.68,1770300
LNC-D,21-Sep-2026,25.88,25.99,25.81,25.84,72200
LNCpD,21-Sep-2026,25.88,25.99,25.81,25.84,64396
LND,21-Sep-2026,3.6,3.64,3.57,3.61,63500
LNG,21-Sep-2026,267.92,278.49,266.865,274.98,3129400
LNN,21-Sep-2026,115.86,116.63,114.51,115,148000
LOAR,21-Sep-2026,63.79,65.35,63.51,64.73,628900
LOB,21-Sep-2026,38.35,38.36,38,38.02,152700
LOB-A,21-Sep-2026,25.15,25.3,25.15,25.26,2700
LOBpA,21-Sep-2026,25.15,25.3,25.15,25.26,2257
LOCL,21-Sep-2026,1.18,1.18,1.07,1.08,55100
LOMA,21-Sep-2026,9.65,9.675,9.43,9.62,364400
LOW,21-Sep-2026,192.54,193.09,188.22,190.98,3559400
LPG,21-Sep-2026,57.28,58.2,56.13,56.64,727800
LPL,21-Sep-2026,3.01,3.06,2.96,3.04,2063300
LPX,21-Sep-2026,65.95,66.27,64.5,65.05,961500
LRN,21-Sep-2026,78.65,79.94,78.11,79.5,1324500
LSPD,21-Sep-2026,9.49,9.59,9.42,9.56,522000
LTC,21-Sep-2026,42.47,43.34,42.06,42.88,603800
LTH,21-Sep-2026,40.63,41.16,39.79,39.91,2467500
LTM,21-Sep-2026,52,53.45,51.58,53.31,734000
LU,21-Sep-2026,1.21,1.23,1.155,1.16,934000
LUCK,21-Sep-2026,5.57,5.57,5.4213,5.43,28700
LUMN,21-Sep-2026,6.57,6.57,6.34,6.46,11421100
LUV,21-Sep-2026,41.68,41.78,40.93,41.77,6337400
LUXE,21-Sep-2026,9.97,10.0799,9.57,9.66,345000
LVS,21-Sep-2026,40.19,40.6,39.535,40.26,4542500
LVW.W,21-Sep-2026,0.0305,0.039,0.0305,0.038,12400
LVWR,21-Sep-2026,1.65,1.6692,1.37,1.53,555100
LVWR.WS,21-Sep-2026,0.0305,0.039,0.0305,0.038,12434
LW,21-Sep-2026,46.22,47.445,46.22,47.29,1644500
LXFR,21-Sep-2026,17.21,17.27,17.21,17.24,176100
LXP,21-Sep-2026,60.87,60.87,60.8,60.86,728500
LXP-C,21-Sep-2026,49.15,49.215,49.0701,49.0701,4300
LXPpC,21-Sep-2026,49.5,49.5,49.0701,49.0701,1526
LXU,21-Sep-2026,10.88,11.05,10.34,10.44,1209300
LYB,21-Sep-2026,61.62,61.635,60.2,60.24,3201400
LYG,21-Sep-2026,5.9,5.91,5.86,5.89,7126000
LYNX,21-Sep-2026,13.76,13.8981,13.04,13.33,240000
LYV,21-Sep-2026,168.75,170.22,167.67,169.18,1871900
LZB,21-Sep-2026,29.74,29.8556,29.09,29.7,861800
LZM,21-Sep-2026,3.89,4.04,3.87,3.93,264100
M,21-Sep-2026,22.02,22.555,21.81,22.19,5882800
MA,21-Sep-2026,567.11,569.39,562.36,567.65,2572600
MAA,21-Sep-2026,118.91,119.59,117.98,118.86,1099800
MAA-I,21-Sep-2026,50.08,50.25,50.01,50.05,2500
MAApI,21-Sep-2026,50.08,50.25,50.01,50.05,1749
MAC,21-Sep-2026,22.96,22.96,22.535,22.58,3537300
MAGN,21-Sep-2026,11.46,11.86,11.46,11.83,419200
MAIN,21-Sep-2026,56.1,56.3599,55.95,56.28,384900
MAIR,21-Sep-2026,24.22,24.4874,23.64,24.13,2027700
MAN,21-Sep-2026,58,58.69,56.46,56.55,560700
MANE,21-Sep-2026,107.44,113.24,105.4,112.8,584600
MANU,21-Sep-2026,19.24,20.51,19.24,20.41,267000
MAS,21-Sep-2026,68.57,68.8,67.44,67.74,1798200
MATV,21-Sep-2026,12.11,12.32,11.96,12.2,633400
MATX,21-Sep-2026,235.25,236.2,227.73,234.72,296300
MAX,21-Sep-2026,10.65,11.34,10.43,10.79,713500
MBC,21-Sep-2026,6.72,6.975,6.565,6.82,3900900
MBGL,21-Sep-2026,19.49,19.6,18.92,19.2,4201300
MBI,21-Sep-2026,4.33,4.54,4.33,4.54,542500
MC,21-Sep-2026,60.74,60.985,59.11,60.56,677300
MCB,21-Sep-2026,89.32,90.3,88.84,89.27,173100
MCD,21-Sep-2026,249.41,250.38,246.5209,247.88,6334600
MCI,21-Sep-2026,18.93,19.2,18.87,18.92,42300
MCK,21-Sep-2026,874.79,895.34,873.3501,886.47,940300
MCN,21-Sep-2026,5.45,5.4852,5.41,5.43,50400
MCO,21-Sep-2026,472.87,474.152,466.3901,467.22,685100
MCS,21-Sep-2026,28.06,28.06,27.64,27.78,214500
MCY,21-Sep-2026,101.07,101.39,100.07,100.34,203200
MD,21-Sep-2026,26.06,26.06,25.3,25.77,506700
MDA,21-Sep-2026,31.01,32.28,30.93,31.79,1659300
MDST,21-Sep-2026,29.18,29.2099,29,29.03,128600
MDT,21-Sep-2026,91.5,92.725,91.5,91.75,7311900
MDU,21-Sep-2026,18.57,18.78,18.53,18.56,1315200
MEC,21-Sep-2026,17.75,17.75,16.9,17.07,497200
MED,21-Sep-2026,11.82,12.34,11.82,12.26,158000
MEGI,21-Sep-2026,14.22,14.24,14.01,14.01,123800
MEI,21-Sep-2026,13.67,13.9,13.31,13.4,478400
MER-K,21-Sep-2026,24.05,24.26,23.9,23.98,158100
MERpK,21-Sep-2026,24.05,24.26,23.9,23.98,152968
MET,21-Sep-2026,97.44,97.8413,96.54,96.64,1933400
MET-A,21-Sep-2026,20.96,21.0576,20.76,21.04,26400
MET-E,21-Sep-2026,20.73,20.75,20.4571,20.55,68300
MET-F,21-Sep-2026,17.31,17.3699,17.17,17.22,114600
METpA,21-Sep-2026,20.96,21.0576,20.76,21.04,21035
METpE,21-Sep-2026,20.73,20.75,20.4571,20.58,60363
METpF,21-Sep-2026,17.31,17.3699,17.17,17.25,102276
MFA,21-Sep-2026,8.42,8.5051,8.38,8.45,1419700
MFA-B,21-Sep-2026,19.77,19.7999,19.55,19.5515,10000
MFA-C,21-Sep-2026,23.04,23.04,22.9,22.99,14500
MFAN,21-Sep-2026,25.25,25.25,25.17,25.2,7700
MFAO,21-Sep-2026,25.27,25.3264,25.21,25.22,26100
MFApB,21-Sep-2026,19.77,19.7999,19.55,19.5515,8929
MFApC,21-Sep-2026,23.04,23.04,22.9,23,12453
MFC,21-Sep-2026,44.58,44.7414,44.38,44.58,1067800
MFG,21-Sep-2026,11.08,11.105,11.0001,11.09,1825600
MFM,21-Sep-2026,5.13,5.136,5.09,5.12,130700
MFSB,21-Sep-2026,24.33,24.35,24.32,24.345,84300
MFSG,21-Sep-2026,30.3,30.765,30.3,30.74,20000
MFSI,21-Sep-2026,33.11,33.33,33.08,33.27,259700
MFSM,21-Sep-2026,24.13,24.13,24.04,24.0795,128800
MFSV,21-Sep-2026,28.78,28.86,28.7,28.81,107700
MG,21-Sep-2026,20.76,21,20.55,20.99,939600
MGA,21-Sep-2026,63.71,63.81,62.78,63.01,931100
MGF,21-Sep-2026,2.78,2.78,2.7401,2.76,7000
MGM,21-Sep-2026,38.25,38.78,37.52,38.73,2460900
MGR,21-Sep-2026,19.99,19.99,19.3501,19.68,52100
MGRB,21-Sep-2026,16.23,16.24,16,16.1601,46600
MGRD,21-Sep-2026,14.7378,14.7378,14.527,14.527,5500
MGRE,21-Sep-2026,21.9,22.289,21.9,22.02,16900
MGY,21-Sep-2026,24.89,25.03,24.185,24.26,3606000
MH,21-Sep-2026,12.85,13.3,12.79,13.26,454000
MHD,21-Sep-2026,10.8,10.9593,10.77,10.94,843500
MHF,21-Sep-2026,6.43,6.44,6.395,6.44,76600
MHK,21-Sep-2026,124.65,124.65,117.14,117.27,1904400
MHLA,21-Sep-2026,9.47,9.47,8.89,9.2,3300
MHNC,21-Sep-2026,10.75,11.175,10.75,10.75,1500
MHO,21-Sep-2026,139.89,141.89,139.79,140.34,170600
MIAX,21-Sep-2026,39.73,39.73,37.585,37.84,1152400
MIN,21-Sep-2026,2.34,2.37,2.34,2.35,134300
MIR,21-Sep-2026,16,16.48,15.865,16.21,4382800
MIT-A,21-Sep-2026,21.67,21.67,21.31,21.31,2600
MIT-B,21-Sep-2026,19.99,20.28,19.695,19.72,9000
MIT-C,21-Sep-2026,25.25,25.25,24.9901,25.08,7500
MITN,21-Sep-2026,25.43,25.43,25.375,25.395,900
MITP,21-Sep-2026,25.34,25.45,25.34,25.3878,4800
MITT,21-Sep-2026,6.32,6.43,6.29,6.42,413100
MITTpA,21-Sep-2026,21.67,21.67,21.31,21.31,1400
MITTpB,21-Sep-2026,19.99,20.28,19.695,19.85,6929
MITTpC,21-Sep-2026,25.25,25.25,24.9901,25.08,6604
MIY,21-Sep-2026,12.14,12.24,12.1,12.15,27900
MKC,21-Sep-2026,48.77,49.47,48.56,48.89,3560600
MKC.V,21-Sep-2026,50.3,51.055,50.205,50.5,3600
MKL,21-Sep-2026,1776.47,1794,1772.83,1774.64,87400
MLI,21-Sep-2026,60.97,60.99,59.9,59.93,1407500
MLM,21-Sep-2026,494.44,501.245,490.565,499.67,969100
MLP,21-Sep-2026,16.13,16.3108,15.68,15.98,16300
MLR,21-Sep-2026,54.22,54.5983,53.51,54.07,42400
MMD,21-Sep-2026,14.1,14.16,14.06,14.11,114200
MMI,21-Sep-2026,30.5,30.92,30.3,30.86,182300
MMID,21-Sep-2026,26.3532,26.3532,26.3532,26.3532,100
MMK,21-Sep-2026,100.19,100.21,100.19,100.2,3500
MMKT,21-Sep-2026,100.17,100.18,100.17,100.18,14500
MMM,21-Sep-2026,166.69,166.77,164.835,164.97,2381000
MMS,21-Sep-2026,55.96,56.72,55.716,55.97,699900
MMT,21-Sep-2026,4.37,4.39,4.37,4.37,178300
MMU,21-Sep-2026,9.44,9.45,9.37,9.39,241800
MNR,21-Sep-2026,11.09,11.1,10.9,10.97,1069600
MNSO,21-Sep-2026,8.85,8.99,8.7495,8.99,1152600
MNTN,21-Sep-2026,11.43,11.48,11.06,11.36,511900
MO,21-Sep-2026,69.5,69.54,68.445,68.53,8020400
MOD,21-Sep-2026,192.18,201.22,191.58,197.62,1779300
MOG.A,21-Sep-2026,368,371.42,364.43,369.42,274800
MOG.B,21-Sep-2026,376.81,376.81,376.81,376.81,200
MOGU,21-Sep-2026,1.87,1.87,1.87,1.87,600
MOH,21-Sep-2026,201,202.79,197.06,197.8,640800
MOS,21-Sep-2026,24.72,24.94,23.03,24.07,13091500
MOV,21-Sep-2026,33.21,33.21,32.5844,32.97,165600
MP,21-Sep-2026,48.585,50.65,48.585,50,5401000
MPA,21-Sep-2026,10.23,10.23,10.15,10.18,50000
MPC,21-Sep-2026,419.01,431.08,399.55,402.38,4451100
MPLX,21-Sep-2026,59.4,59.6,58.83,59.09,1043800
MPT,21-Sep-2026,3.45,3.68,3.44,3.65,14176800
MPV,21-Sep-2026,17.05,17.184,16.6243,16.63,20700
MQY,21-Sep-2026,10.39,10.4,10.33,10.35,864000
MRK,21-Sep-2026,146.79,150.49,145.6,149.5,7996400
MRP,21-Sep-2026,28.91,29.0812,28.57,28.68,1281400
MRSH,21-Sep-2026,175.16,175.79,172.72,172.72,2862000
MS,21-Sep-2026,205.49,206.66,203.18,206.12,4042200
MS-A,21-Sep-2026,19.02,19.21,19,19.2,156800
MS-E,21-Sep-2026,25.48,25.58,25.48,25.57,53100
MS-F,21-Sep-2026,25.34,25.449,25.31,25.35,44700
MS-I,21-Sep-2026,24.12,24.2499,24.11,24.14,71000
MS-K,21-Sep-2026,22.15,22.29,22.02,22.08,75200
MS-L,21-Sep-2026,18.64,18.72,18.5501,18.61,45500
MS-O,21-Sep-2026,16.13,16.248,16.06,16.17,100800
MS-P,21-Sep-2026,24.88,24.99,24.88,24.96,85100
MS-Q,21-Sep-2026,25.24,25.28,25.15,25.23,78900
MSA,21-Sep-2026,179.34,179.89,176.035,177.25,401400
MSB,21-Sep-2026,20.3,20.9,20.11,20.4,40300
MSC,21-Sep-2026,0.97,1,0.8402,0.8501,64100
MSCI,21-Sep-2026,556.34,559.93,552.3343,558.97,430700
MSD,21-Sep-2026,7.1,7.14,7.06,7.13,80000
MSDL,21-Sep-2026,14.67,14.76,14.6,14.65,198200
MSGE,21-Sep-2026,81,81.78,79.875,81.2,549900
MSGS,21-Sep-2026,402.52,404.14,398.02,400.09,308300
MSI,21-Sep-2026,464.24,464.24,457.75,461.36,653700
MSIF,21-Sep-2026,12.52,12.6299,12.46,12.57,98000
MSM,21-Sep-2026,122.47,123.095,120.37,121.63,725100
MSpA,21-Sep-2026,19.02,19.21,19,19.2,142881
MSpE,21-Sep-2026,25.48,25.58,25.48,25.57,45542
MSpF,21-Sep-2026,25.34,25.449,25.31,25.35,40092
MSpI,21-Sep-2026,24.12,24.2499,24.11,24.14,63482
MSpK,21-Sep-2026,22.15,22.29,22.02,22.08,62147
MSpL,21-Sep-2026,18.64,18.72,18.5501,18.61,41173
MSpO,21-Sep-2026,16.13,16.248,16.06,16.17,89418
MSpP,21-Sep-2026,24.88,24.99,24.88,24.96,77064
MSpQ,21-Sep-2026,25.24,25.28,25.15,25.23,67216
MT,21-Sep-2026,73.46,73.48,72.06,72.54,752500
MTA.W,21-Sep-2026,0.9,1.15,0.81,1.05,6700
MTAL,21-Sep-2026,10.18,10.18,10.16,10.16,800
MTB,21-Sep-2026,228.77,228.77,226.025,226.96,799000
MTB-H,21-Sep-2026,25.06,25.0699,25.03,25.04,11500
MTB-J,21-Sep-2026,25.69,25.69,25.53,25.62,49100
MTB-K,21-Sep-2026,23.57,23.69,23.5,23.58,21200
MTB-L,21-Sep-2026,24.2102,24.48,24.2102,24.28,50900
MTBpH,21-Sep-2026,25.06,25.0699,25.03,25.04,8108
MTBpJ,21-Sep-2026,25.69,25.69,25.53,25.595,38292
MTD,21-Sep-2026,1402.66,1436.09,1396.11,1430.44,168900
MTDR,21-Sep-2026,56.14,57.38,53.88,54.09,2093100
MTG,21-Sep-2026,29.77,29.91,29.43,29.45,1528700
MTH,21-Sep-2026,63.73,65.04,63.14,64.35,721500
MTN,21-Sep-2026,138.82,142.35,138.82,140.43,908100
MTR,21-Sep-2026,2.43,2.43,2.33,2.43,1800
MTRN,21-Sep-2026,257.57,257.57,253,254.63,174300
MTUS,21-Sep-2026,19.08,19.08,18.625,18.64,248800
MTW,21-Sep-2026,22.56,22.9999,22.28,22.76,560300
MTX,21-Sep-2026,67.41,67.41,66.06,66.67,216200
MTZ,21-Sep-2026,217.23,225.81,213.53,222.9,1592700
MUA,21-Sep-2026,9.72,9.735,9.66,9.69,259500
MUC,21-Sep-2026,10.22,10.223,10.1,10.12,431700
MUFG,21-Sep-2026,23.36,23.46,23.27,23.42,2040200
MUJ,21-Sep-2026,11.7,11.76,11.68,11.7,100900
MUR,21-Sep-2026,36.88,36.915,35.89,36.18,1412100
MUSA,21-Sep-2026,522.24,522.295,506.005,508.98,250600
MUSE,21-Sep-2026,49.17,49.17,49.135,49.135,200
MUX,21-Sep-2026,19,19.04,18.51,18.88,801200
MWA,21-Sep-2026,22.01,22.0777,21.75,21.91,1377500
MX,21-Sep-2026,3.47,3.49,3.09,3.2,4473400
MXE,21-Sep-2026,13.49,13.49,13.0649,13.31,1500
MXF,21-Sep-2026,21.1,21.23,20.86,20.91,38300
MYE,21-Sep-2026,31.44,31.68,31.17,31.18,313800
MYI,21-Sep-2026,10.11,10.12,10,10.02,482700
MYN,21-Sep-2026,9.12,9.1475,9.05,9.07,215500
MZY.U,21-Sep-2026,10.09,10.105,9.685,9.685,3800
MZY.W,21-Sep-2026,0.45,0.45,0.4251,0.4299,7600
NABL,21-Sep-2026,3.87,4.02,3.8,3.92,3371600
NAC,21-Sep-2026,10.67,10.85,10.55,10.56,798300
NAD,21-Sep-2026,10.64,10.64,10.5,10.5,2135800
NAN,21-Sep-2026,10.2,10.29,10.19,10.29,81700
NAT,21-Sep-2026,8.14,8.255,7.89,8,6181900
NATL,21-Sep-2026,45.8,46.155,45.65,46.08,388400
NAZ,21-Sep-2026,11.58,11.9463,11.45,11.58,37100
NBB,21-Sep-2026,14.8,14.8,14.6087,14.69,48000
NBHC,21-Sep-2026,41,41.135,40.02,40.23,580600
NBR,21-Sep-2026,84.7,85.275,82.58,83.93,164700
NBXG,21-Sep-2026,15.4,15.66,15.2601,15.62,128300
NC,21-Sep-2026,37.13,37.56,37.13,37.22,15200
NCA,21-Sep-2026,8.71,8.7399,8.5801,8.62,89300
NCDL,21-Sep-2026,12.07,12.12,11.935,12.06,171900
NCLH,21-Sep-2026,14.35,14.595,14.195,14.24,16684400
NCV,21-Sep-2026,16.22,16.278,16.03,16.12,65500
NCV-A,21-Sep-2026,19.73,19.7999,19.728,19.75,7700
NCVpA,21-Sep-2026,19.73,19.7999,19.728,19.75,7425
NCZ,21-Sep-2026,15.03,15.2799,14.975,15.21,30600
NCZ-A,21-Sep-2026,19.15,19.3232,19.15,19.26,4200
NCZpA,21-Sep-2026,19.15,19.3232,19.15,19.26,3372
NDMO,21-Sep-2026,9.25,9.25,9.08,9.14,280500
NE,21-Sep-2026,44.2,44.63,43.35,44.2,1148800
NE.W,21-Sep-2026,25.26,25.26,25.26,25.26,300
NE.WS,21-Sep-2026,25.26,25.26,25.26,25.26,325
NEA,21-Sep-2026,10.38,10.38,10.29,10.31,2538500
NEE,21-Sep-2026,80.41,80.545,79.55,79.63,9303100
NEE-N,21-Sep-2026,19.78,20,19.7001,19.88,117200
NEE-S,21-Sep-2026,50.52,50.52,49.99,50.08,22100
NEE-T,21-Sep-2026,47.35,47.35,46.76,46.83,18500
NEE-U,21-Sep-2026,22.83,22.9,22.53,22.75,94500
NEE-V,21-Sep-2026,44.92,44.92,44.35,44.35,38700
NEE-W,21-Sep-2026,22.8,23.18,22.78,22.8,108700
NEEpN,21-Sep-2026,19.78,20,19.7001,19.88,100668
NEEpS,21-Sep-2026,50.6,50.6,49.99,50,16105
NEEpT,21-Sep-2026,47.6,47.65,46.76,46.78,8641
NEEpU,21-Sep-2026,22.83,22.9,22.53,22.74,83316
NEM,21-Sep-2026,123.81,124.5,121.3,123.05,5651000
NET,21-Sep-2026,327,352.45,321.85,351.67,3892100
NEU,21-Sep-2026,895.15,897.76,882.03,884.98,118800
NEXA,21-Sep-2026,13.04,13.15,12.72,12.86,823800
NFG,21-Sep-2026,80.83,80.885,79.565,80,920200
NFJ,21-Sep-2026,15.25,15.375,15.23,15.33,424500
NGG,21-Sep-2026,76.78,76.94,76.46,76.68,773400
NGL,21-Sep-2026,15.7,16.58,15.61,16.28,190500
NGL-B,21-Sep-2026,25.94,25.94,25.8,25.81,15300
NGL-C,21-Sep-2026,25.73,26,25.73,26,500
NGLpB,21-Sep-2026,25.94,25.94,25.8,25.81,14325
NGLpC,21-Sep-2026,25.73,26,25.73,26,431
NGS,21-Sep-2026,35.23,35.48,34.3059,34.65,117700
NGVC,21-Sep-2026,30.68,30.92,30.1,30.9,183700
NGVT,21-Sep-2026,68.79,69.56,67.715,68.96,226300
NHI,21-Sep-2026,67.5,68.71,67.5,67.87,437400
NI,21-Sep-2026,40.64,40.76,40.31,40.52,8278100
NIC,21-Sep-2026,168.59,169.34,165.6,165.77,116600
NIE,21-Sep-2026,25.39,25.82,25.275,25.5,52900
NIM,21-Sep-2026,8.87,8.94,8.86,8.94,37300
NIO,21-Sep-2026,3.64,3.68,3.605,3.67,23335700
NIQ,21-Sep-2026,18.3,18.405,18.06,18.39,1209000
NJR,21-Sep-2026,53.92,53.92,52.88,52.92,635900
NKE,21-Sep-2026,35.524,36.355,35.35,36.1,42128700
NKX,21-Sep-2026,11.35,11.35,11.22,11.31,175300
NL,21-Sep-2026,6.84,6.92,6.5021,6.83,21800
NLOP,21-Sep-2026,10.48,10.565,10.37,10.49,106000
NLY,21-Sep-2026,21.2,21.43,21.12,21.31,9241700
NLY-F,21-Sep-2026,25.3,25.41,25.29,25.38,108300
NLY-G,21-Sep-2026,25.29,25.31,25.2268,25.2279,20100
NLY-I,21-Sep-2026,24.94,24.95,24.94,24.95,208400
NLY-J,21-Sep-2026,25.73,25.9,25.7,25.88,61200
NLYpF,21-Sep-2026,25.3,25.41,25.29,25.336,104048
NLYpG,21-Sep-2026,25.29,25.31,25.2268,25.2279,18855
NLYpI,21-Sep-2026,24.94,24.95,24.94,24.95,203445
NLYpJ,21-Sep-2026,25.69,25.9,25.69,25.88,57263
NMAI,21-Sep-2026,14.13,14.3602,14.1051,14.29,93500
NMAX,21-Sep-2026,10.32,11.07,10.18,10.88,1058300
NMC-,21-Sep-2026,0.0173,0.0226,0.0101,0.0198,1770500
NMCO,21-Sep-2026,9.73,9.84,9.58,9.71,316000
NMG,21-Sep-2026,1.38,1.41,1.37,1.39,224600
NMI,21-Sep-2026,9.72,9.72,9.6,9.65,28000
NMM,21-Sep-2026,93.1,93.48,90.8775,91.1,140200
NMR,21-Sep-2026,10.18,10.21,10.1,10.14,374900
NMS,21-Sep-2026,10.16,10.2507,10.16,10.16,28100
NMT,21-Sep-2026,11.23,11.3753,11.12,11.12,32200
NMZ,21-Sep-2026,9.4,9.42,9.31,9.32,1135100
NNI,21-Sep-2026,126.52,127.24,126.005,126.29,142400
NNN,21-Sep-2026,41.61,42.23,41.4308,41.63,2679700
NNY,21-Sep-2026,7.85,7.85,7.81,7.8283,26900
NOA,21-Sep-2026,12.82,12.82,12.44,12.47,84700
NOAH,21-Sep-2026,8.15,8.2141,8.08,8.18,51900
NOC,21-Sep-2026,524.49,527.03,517.47,526.66,1077500
NOG,21-Sep-2026,24.67,24.78,23.695,23.78,2028700
NOK,21-Sep-2026,10.98,11.05,10.57,10.94,85030000
NOMD,21-Sep-2026,10.66,10.66,10.53,10.6,728000
NOV,21-Sep-2026,20.05,20.34,19.73,20.15,2624800
NOW,21-Sep-2026,136.82,140.16,135.62,137.68,10893000
NP,21-Sep-2026,29.76,30.065,28.59,28.63,620000
NPB,21-Sep-2026,16.48,16.565,16.12,16.16,315700
NPCT,21-Sep-2026,9.48,9.55,9.45,9.48,54700
NPFD,21-Sep-2026,17.72,17.78,17.64,17.69,69200
NPK,21-Sep-2026,149.78,153.18,147.65,151.36,103300
NPKI,21-Sep-2026,12.8,12.8,12.465,12.48,652000
NPO,21-Sep-2026,295.16,298.66,291.89,296.19,170300
NPV,21-Sep-2026,9.915,9.915,9.72,9.75,42200
NPW.W,21-Sep-2026,0.3,0.34,0.2521,0.3,4400
NPWR,21-Sep-2026,1.85,1.91,1.78,1.79,393000
NPWR.WS,21-Sep-2026,0.3,0.34,0.2521,0.3,4273
NRDY,21-Sep-2026,9,9,8.69,8.85,10400
NRE-A,21-Sep-2026,24.75,24.874,24.75,24.874,1000
NREF,21-Sep-2026,16.25,16.38,16.16,16.3,44300
NREFpA,21-Sep-2026,24.75,24.874,24.75,24.874,921
NRG,21-Sep-2026,104.82,104.82,101.33,103.28,3633400
NRGV,21-Sep-2026,4.5,4.78,4.43,4.7,5273200
NRK,21-Sep-2026,9.8,9.84,9.72,9.78,259900
NRP,21-Sep-2026,110.649,110.649,106.48,107.74,45400
NRT,21-Sep-2026,8.78,8.93,8.74,8.77,38900
NRUC,21-Sep-2026,20.8,21.3,20.76,21.17,21600
NSC,21-Sep-2026,314.16,317.175,308.44,309.07,1739100
NSP,21-Sep-2026,50.09,51.29,50.09,50.26,307600
NTB,21-Sep-2026,59.6,59.615,59.03,59.15,125400
NTEST.H,21-Sep-2026,25,25,25,25,440
NTEST.I,21-Sep-2026,25.01,25.01,25.01,25.01,480
NTEST.Y,21-Sep-2026,25.05,25.05,25.05,25.05,180
NTR,21-Sep-2026,76.59,77.03,73.06,74.54,5721100
NTST,21-Sep-2026,18.25,18.295,18.07,18.15,1303700
NU,21-Sep-2026,13.84,14.095,13.695,14.06,47282400
NUE,21-Sep-2026,248.39,249.16,242.07,242.4,1851000
NUS,21-Sep-2026,4.6,4.72,4.58,4.68,614800
NUV,21-Sep-2026,8.53,8.55,8.44,8.47,814000
NUVB,21-Sep-2026,6,6.105,5.8596,6.07,3027000
NUW,21-Sep-2026,13.33,13.42,13.22,13.29,74100
NVG,21-Sep-2026,11.52,11.57,11.34,11.35,964600
NVGS,21-Sep-2026,24.45,25.07,24.01,24.36,431700
NVO,21-Sep-2026,41.05,41.17,39.54,39.8,49339300
NVR,21-Sep-2026,6200,6257.52,6128.93,6188.95,39300
NVRI,21-Sep-2026,20.85,21.19,20.5,20.72,176000
NVS,21-Sep-2026,141.96,142.18,140.96,140.98,1554200
NVST,21-Sep-2026,23.685,23.685,23.21,23.43,3537200
NVT,21-Sep-2026,161.01,161.57,157.87,159.44,1791800
NWA.U,21-Sep-2026,10.3,10.3,10.3,10.3,400
NWA.W,21-Sep-2026,0.4,0.4,0.399,0.3999,71800
NWAX,21-Sep-2026,10.09,10.09,10.09,10.09,4600
NWG,21-Sep-2026,19.04,19.06,18.88,18.95,2534100
NWN,21-Sep-2026,48.4,48.6551,47.96,48.07,263400
NX,21-Sep-2026,20.27,20.36,19.8,20.1,329600
NXD-A,21-Sep-2026,13,13.235,13,13.18,2100
NXDR,21-Sep-2026,2.51,2.64,2.475,2.64,2471500
NXDT,21-Sep-2026,5.17,5.35,5.12,5.24,195600
NXDTpA,21-Sep-2026,13,13.235,13,13.18,1800
NXE,21-Sep-2026,9.69,9.93,9.5606,9.8,4981400
NXG,21-Sep-2026,55.48,55.93,55.25,55.71,59000
NXP,21-Sep-2026,13.47,13.5,13.42,13.45,239500
NXRT,21-Sep-2026,21.1,21.565,20.975,21.37,826700
NYC,21-Sep-2026,5.85,5.98,5.77,5.97,30900
NYT,21-Sep-2026,70.52,70.78,69.38,70.53,2986500
NZF,21-Sep-2026,11.45,11.5,11.34,11.35,1105200
O,21-Sep-2026,57.08,57.32,56.61,56.65,8624600
OAK-A,21-Sep-2026,20.47,20.86,20.44,20.62,12200
OAK-B,21-Sep-2026,20.15,20.389,20.15,20.389,3400
OAKpA,21-Sep-2026,20.47,20.86,20.44,20.62,11815
OAKpB,21-Sep-2026,20.15,20.389,20.15,20.389,2698
OBDC,21-Sep-2026,11.26,11.27,11.095,11.19,3161000
OBK,21-Sep-2026,53.71,54.2,53.58,53.64,190500
OC,21-Sep-2026,124.92,124.92,120.69,121.59,1945600
OCA.U,21-Sep-2026,10.23,10.61,10.22,10.26,3200
OCAC,21-Sep-2026,9.98,9.98,9.98,9.98,100
ODC,21-Sep-2026,88.74,90.66,88.74,89.88,76900
OEC,21-Sep-2026,5.77,5.94,5.595,5.93,383600
OFG,21-Sep-2026,52.73,52.9,52.2,52.24,221000
OFRM,21-Sep-2026,16.62,16.69,16,16.4,249600
OGC,21-Sep-2026,28.65,28.71,27.55,27.95,723500
OGE,21-Sep-2026,45.62,45.78,45.05,45.05,1487200
OGG,21-Sep-2026,2.72,2.75,2.6,2.63,2260300
OGN,21-Sep-2026,13.7,13.76,13.67,13.68,3116400
OGS,21-Sep-2026,75.79,75.98,74.28,74.31,406900
OHI,21-Sep-2026,46.55,47.1539,46.51,46.83,1645500
OI,21-Sep-2026,6.17,6.21,6.04,6.09,3412100
OIA,21-Sep-2026,5.74,5.77,5.7,5.77,117000
OII,21-Sep-2026,46.26,46.5,45.32,45.93,874100
OIS,21-Sep-2026,8.39,8.43,8.215,8.31,451700
OKE,21-Sep-2026,92.58,93.11,91.63,91.8,3255300
OKLO,21-Sep-2026,39.145,40.8606,39.08,40.18,11447500
OLN,21-Sep-2026,16.84,16.8665,16.35,16.54,2641000
OLP,21-Sep-2026,22.88,23.1899,22.8302,22.9,78700
OMC,21-Sep-2026,77.1,77.34,74.97,75.59,3705000
OMF,21-Sep-2026,61.42,61.47,60.311,60.44,835300
ONIT,21-Sep-2026,31.92,32.49,31.44,31.71,61500
ONL,21-Sep-2026,2.44,2.48,2.415,2.47,268100
ONON,21-Sep-2026,27.63,27.86,26.91,27.32,13966700
ONT,21-Sep-2026,18.1,18.1,17.34,17.48,534100
ONTO,21-Sep-2026,272,277.14,268.27,275.98,817900
OOMA,21-Sep-2026,22.45,23,22.38,22.96,525200
OPFI,21-Sep-2026,6.61,6.61,6.43,6.45,1115300
OPLN,21-Sep-2026,34.78,35.06,34.17,34.77,810400
OPP,21-Sep-2026,7.13,7.1499,7.08,7.1,160200
OPP-A,21-Sep-2026,15.29,15.29,15.2318,15.26,4200
OPP-B,21-Sep-2026,16.38,16.59,16.38,16.55,9200
OPPpA,21-Sep-2026,15.29,15.29,15.2318,15.26,3134
OPPpB,21-Sep-2026,16.48,16.59,16.38,16.55,8962
OPTU,21-Sep-2026,1.05,1.095,1.0323,1.08,2723500
OPY,21-Sep-2026,117.44,119.99,114.605,119.17,146400
OR,21-Sep-2026,36.8,36.82,35.65,36.11,685300
ORA,21-Sep-2026,98.75,98.77,96.34,96.52,578700
ORC,21-Sep-2026,6.08,6.12,6.055,6.08,3853800
ORC-D,21-Sep-2026,47.39,48.5,46.08,46.77,189100
ORCL,21-Sep-2026,148.93,149.98,146.16,148.56,22418300
ORI,21-Sep-2026,40.01,40.2,39.21,39.22,1439200
ORN,21-Sep-2026,9.17,9.255,8.92,9.18,574400
OSCR,21-Sep-2026,31,32.16,30.37,31.29,8434700
OSG,21-Sep-2026,4.49,4.51,4.38,4.42,402200
OSK,21-Sep-2026,147.8,147.84,142.85,143.38,733500
OTA-,21-Sep-2026,0.18,0.18,0.18,0.18,100
OTA.U,21-Sep-2026,10.15,10.16,10.15,10.1501,2600
OTAI,21-Sep-2026,10,10.01,9.99,10.005,5500
OTAX,21-Sep-2026,50.6273,50.6273,50.6273,50.6273,200
OTF,21-Sep-2026,10.65,10.687,10.48,10.64,2099800
OTIS,21-Sep-2026,68.5,68.5799,66.57,66.64,4734700
OUT,21-Sep-2026,28.15,28.52,27.97,28.22,1891400
OVV,21-Sep-2026,61.52,61.6101,60.09,60.18,2509900
OWL,21-Sep-2026,10.06,10.095,9.86,10.02,14083900
OWLT,21-Sep-2026,4.8,5.065,4.755,4.98,194000
OXM,21-Sep-2026,28.48,28.72,27.85,28.04,548500
OXY,21-Sep-2026,58.07,58.29,57,57.25,8899500
OXY.W,21-Sep-2026,36.3,36.3,35.05,35.29,70600
OXY.WS,21-Sep-2026,36.3,36.3,35.05,35.29,66272
P,21-Sep-2026,105.5,113.8,104.4,113.66,7342500
PAAS,21-Sep-2026,50.3,50.3,48.31,48.75,2926800
PAC,21-Sep-2026,204.87,208.57,199.655,208,243000
PACK,21-Sep-2026,4.03,4.08,3.945,4.03,536600
PACS,21-Sep-2026,42.36,43.25,41.56,42.06,726900
PAG,21-Sep-2026,212.61,214.6,211.48,212.16,248400
PAGS,21-Sep-2026,9.2,9.51,9.18,9.47,2097600
PAI,21-Sep-2026,11.64,11.67,11.64,11.6556,12100
PAI.W,21-Sep-2026,0.28,0.28,0.26,0.26,6100
PAII,21-Sep-2026,10.3,10.3,10.29,10.295,217300
PAII.WS,21-Sep-2026,0.28,0.28,0.26,0.26,6100
PAM,21-Sep-2026,81.77,82.84,79.9129,81.36,149500
PAR,21-Sep-2026,15.42,15.6,15.03,15.17,907900
PARR,21-Sep-2026,83.45,85.97,80.67,82,987400
PATH,21-Sep-2026,13.55,13.79,13.4401,13.59,46944900
PAXS,21-Sep-2026,13.38,13.4,13.24,13.26,282100
PAY,21-Sep-2026,35.13,35.33,34.47,34.5,592700
PAYC,21-Sep-2026,226.01,228.39,224.64,226.24,517400
PB,21-Sep-2026,70.41,70.59,69.735,69.91,1111400
PBA,21-Sep-2026,47.27,47.45,46.38,46.39,1706500
PBF,21-Sep-2026,75.54,78.4768,72.14,72.48,4299000
PBH,21-Sep-2026,45.01,47,44.46,46.8,660400
PBI,21-Sep-2026,16.76,17.1,16.4,16.54,1691700
PBI-B,21-Sep-2026,21.03,21.2499,20.911,21.05,24300
PBIpB,21-Sep-2026,21.03,21.2499,20.911,20.9301,20811
PBR,21-Sep-2026,20.74,20.94,20.5405,20.63,22404200
PBR.A,21-Sep-2026,18.79,18.94,18.69,18.74,6902900
PBT,21-Sep-2026,35,35.14,33.22,33.26,119000
PCF,21-Sep-2026,5.32,5.44,5.32,5.38,127000
PCG,21-Sep-2026,13.25,13.28,12.92,12.94,48394000
PCG-X,21-Sep-2026,33.33,33.7,33.13,33.21,18300
PCGpX,21-Sep-2026,33.5,33.7,33.13,33.21,8742
PCM,21-Sep-2026,5.04,5.0863,5.03,5.05,49000
PCN,21-Sep-2026,11.12,11.155,11.01,11.08,555900
PCOR,21-Sep-2026,51.79,52.12,50.7,51.69,1732200
PCQ,21-Sep-2026,8.28,8.3,8.19,8.23,149800
PD,21-Sep-2026,14.22,14.46,14.09,14.46,1129400
PDCC,21-Sep-2026,8.83,8.8302,8.83,8.8302,700
PDI,21-Sep-2026,14.42,14.45,14.2,14.21,4583200
PDM,21-Sep-2026,9.18,9.37,9.15,9.33,2221700
PDO,21-Sep-2026,12,12.0816,11.785,11.96,1295500
PDPA,21-Sep-2026,25.05,25.05,25.05,25.05,100
PDS,21-Sep-2026,86.17,86.17,82.88,84.02,121300
PDT,21-Sep-2026,12.18,12.18,12.07,12.15,159600
PDX,21-Sep-2026,20.54,20.66,20.3201,20.52,169400
PEB,21-Sep-2026,18.19,18.305,17.98,18.23,1595200
PEB-E,21-Sep-2026,20.05,20.05,19.81,19.9,4500
PEB-F,21-Sep-2026,19.9,19.9,19.79,19.79,5300
PEB-G,21-Sep-2026,19.85,19.85,19.75,19.83,5100
PEB-H,21-Sep-2026,18.3101,18.5,18.3101,18.48,15700
PEBpE,21-Sep-2026,20.05,20.05,19.81,19.9,3947
PEBpF,21-Sep-2026,19.9,19.9,19.79,19.79,4513
PEBpG,21-Sep-2026,19.85,19.85,19.75,19.83,4109
PEBpH,21-Sep-2026,18.3101,18.5,18.3101,18.48,10306
PEG,21-Sep-2026,70.03,70.165,69.25,69.31,3821000
PEN,21-Sep-2026,317.38,318.78,316.7743,318.78,293900
PEO,21-Sep-2026,28.43,28.57,28.2101,28.26,60900
PERF,21-Sep-2026,1.92,1.935,1.92,1.93,25300
PEW,21-Sep-2026,2.15,2.18,2.125,2.13,108800
PFD,21-Sep-2026,11.05,11.115,11.01,11.03,34300
PFE,21-Sep-2026,27.65,27.92,27.53,27.74,28776600
PFGC,21-Sep-2026,91.74,93.33,91.4,92.41,1677800
PFH,21-Sep-2026,15.29,15.49,15.26,15.335,46400
PFL,21-Sep-2026,7.17,7.1854,7.1,7.12,272300
PFLA,21-Sep-2026,25.08,25.22,25,25.101,2500
PFLT,21-Sep-2026,7.05,7.13,6.99,7.09,973400
PFN,21-Sep-2026,6.49,6.5108,6.41,6.42,593900
PFO,21-Sep-2026,8.86,8.895,8.85,8.885,20000
PFS,21-Sep-2026,23.13,23.22,22.93,22.93,601100
PFSI,21-Sep-2026,66.43,67.07,65.975,66.6,467500
PG,21-Sep-2026,146.49,146.805,145.63,146.08,5825500
PGP,21-Sep-2026,8.53,8.53,8.37,8.45,75900
PGR,21-Sep-2026,214.11,215.555,211.84,212.24,2206800
PGZ,21-Sep-2026,9.27,9.28,9.23,9.26,8100
PH,21-Sep-2026,951.61,964.425,943.31,958.17,647000
PHG,21-Sep-2026,24.86,24.97,24.71,24.9,634300
PHI,21-Sep-2026,17.84,17.84,17.53,17.56,136300
PHIN,21-Sep-2026,62.29,62.3,60.24,60.34,301200
PHK,21-Sep-2026,4.3,4.3,4.23,4.25,1093600
PHM,21-Sep-2026,118.09,119.4,116.56,118.97,1587500
PHR,21-Sep-2026,10.08,10.18,9.895,10.03,790100
PII,21-Sep-2026,54,55.31,53.05,54.41,1256000
PIM,21-Sep-2026,3.04,3.09,3,3,117300
PIN-A,21-Sep-2026,25,25.35,25,25.27,3800
PINE,21-Sep-2026,17.78,17.805,17.46,17.48,166400
PINS,21-Sep-2026,18.75,19.5,18.615,19.36,11889700
PIPR,21-Sep-2026,73.45,74.06,72.305,73.87,433500
PJT,21-Sep-2026,153.42,153.835,150.12,151.39,527900
PK,21-Sep-2026,15.1,15.165,14.91,15.15,2084700
PKE,21-Sep-2026,30.69,30.95,30.21,30.3,173200
PKG,21-Sep-2026,237.46,242.625,237.46,238.31,720000
PKX,21-Sep-2026,58.92,58.92,57.74,58.07,181800
PL,21-Sep-2026,16.685,17.23,16.645,17.07,8833200
PLD,21-Sep-2026,135,136.49,134.515,135.82,3131900
PLGO,21-Sep-2026,23.71,23.765,23.52,23.67,441200
PLNT,21-Sep-2026,49.54,49.54,46.75,47.05,2782400
PLOW,21-Sep-2026,40.3,40.3,39.5,39.89,162900
PLUN,21-Sep-2026,10.06,10.06,10.06,10.06,5000
PM,21-Sep-2026,188,188.48,185.84,187.48,5695200
PML,21-Sep-2026,6.9,6.915,6.81,6.83,659100
PMM,21-Sep-2026,5.76,5.8,5.76,5.77,113600
PMO,21-Sep-2026,9.69,9.72,9.6,9.68,99500
PMT,21-Sep-2026,8.9,8.96,8.855,8.88,1724800
PMT-A,21-Sep-2026,21.89,22.0215,21.86,21.94,4900
PMT-B,21-Sep-2026,21.8,21.93,21.8,21.87,6700
PMT-C,21-Sep-2026,17.56,17.6,17.35,17.4507,18500
PMTU,21-Sep-2026,25.49,25.49,25.35,25.35,800
PMTV,21-Sep-2026,25.31,25.435,25.31,25.4,26900
PMTW,21-Sep-2026,25.2,25.22,25.18,25.2,4200
PMTpA,21-Sep-2026,21.89,22.0215,21.86,21.94,4261
PMTpB,21-Sep-2026,21.8,21.93,21.8,21.87,5599
PMTpC,21-Sep-2026,17.56,17.6,17.35,17.4507,16525
PNA.U,21-Sep-2026,11.02,11.02,10,10,300
PNC,21-Sep-2026,234.58,235.32,232.4801,233.25,1275800
PNF-A,21-Sep-2026,25.34,25.46,25.12,25.16,3300
PNF-B,21-Sep-2026,25.75,25.94,25.75,25.84,7500
PNF-C,21-Sep-2026,24.22,24.29,24.06,24.25,15800
PNI,21-Sep-2026,6.45,6.47,6.44,6.45,27300
PNNT,21-Sep-2026,3.42,3.505,3.4118,3.45,529300
PNR,21-Sep-2026,56.28,56.68,55.271,55.78,1739700
PNW,21-Sep-2026,94.22,94.47,92.98,93.31,1554200
POR,21-Sep-2026,47.33,47.4554,47.07,47.07,1347200
POST,21-Sep-2026,76.5,77.5,74.59,75.26,1230100
PPG,21-Sep-2026,105.28,105.805,104.05,104.93,1486300
PPL,21-Sep-2026,33.37,33.41,32.995,33.05,4231900
PPT,21-Sep-2026,3.32,3.3293,3.31,3.31,64900
PR,21-Sep-2026,22.53,22.5884,21.92,21.97,9229500
PRCS,21-Sep-2026,28.5499,28.79,28.5499,28.7366,17600
PRG,21-Sep-2026,35.95,36.11,34.63,34.86,495400
PRGO,21-Sep-2026,13.99,14.22,13.61,14.13,1709300
PRH,21-Sep-2026,21.21,21.69,21.21,21.37,86300
PRI,21-Sep-2026,291.86,292.73,285.175,285.51,214400
PRI-D,21-Sep-2026,24.96,25.21,24.96,24.9601,1300
PRI-K,21-Sep-2026,21.65,21.78,21.65,21.78,300
PRI-L,21-Sep-2026,25.35,25.3522,25.35,25.3522,1500
PRIFpD,21-Sep-2026,24.96,25.21,24.96,24.9601,1300
PRIFpK,21-Sep-2026,21.65,21.78,21.65,21.78,200
PRIFpL,21-Sep-2026,25.35,25.3522,25.35,25.3522,1447
PRIM,21-Sep-2026,78.29,78.365,76.415,76.91,1221400
PRKS,21-Sep-2026,34.76,34.89,33.9247,34.01,766900
PRLB,21-Sep-2026,89.36,90.04,86.6,87.68,262700
PRM,21-Sep-2026,32.48,32.48,31.37,31.63,1020700
PRMB,21-Sep-2026,20.72,20.94,20.28,20.48,3520200
PRS,21-Sep-2026,20.4,20.71,20.33,20.34,40100
PRSU,21-Sep-2026,49.2,49.3,48.19,48.38,249000
PRT,21-Sep-2026,1.98,2,1.98,1.98,24300
PRU,21-Sep-2026,119.25,119.765,118.45,118.53,1149300
PRVS,21-Sep-2026,32.74,32.99,32.74,32.9423,7300
PS,21-Sep-2026,50.61,50.9,46.5268,48.23,2069900
PSA,21-Sep-2026,296.88,298.92,294.9,296.67,649800
PSA-F,21-Sep-2026,18.52,18.7804,18.39,18.4,19300
PSA-G,21-Sep-2026,18.27,18.5128,18.16,18.18,29800
PSA-H,21-Sep-2026,20.12,20.12,19.89,19.92,46300
PSA-I,21-Sep-2026,17.51,17.75,17.35,17.41,26900
PSA-J,21-Sep-2026,17.11,17.44,16.95,16.98,19200
PSA-K,21-Sep-2026,17,17.31,16.86,16.91,47100
PSA-L,21-Sep-2026,16.5,16.719,16.5,16.54,97400
PSA-M,21-Sep-2026,14.8,14.91,14.66,14.72,26500
PSA-N,21-Sep-2026,13.99,14.1299,13.89,13.95,31000
PSA-O,21-Sep-2026,13.91,14.09,13.9,13.94,28200
PSA-P,21-Sep-2026,14.35,14.62,14.3201,14.35,127800
PSA-Q,21-Sep-2026,14.14,14.2355,14.13,14.189,21700
PSA-R,21-Sep-2026,14.32,14.51,14.3119,14.4,59600
PSA-S,21-Sep-2026,14.66,14.94,14.59,14.76,57600
PSA-T,21-Sep-2026,21.89,21.98,21.8,21.86,91900
PSA-U,21-Sep-2026,22.31,22.59,22.31,22.59,600
PSApF,21-Sep-2026,18.52,18.7804,18.39,18.39,14276
PSApG,21-Sep-2026,18.27,18.5128,18.16,18.18,24163
PSApH,21-Sep-2026,20.12,20.12,19.89,19.925,36083
PSApI,21-Sep-2026,17.51,17.75,17.35,17.41,24343
PSApJ,21-Sep-2026,17.11,17.44,16.95,16.98,14004
PSApK,21-Sep-2026,17,17.31,16.86,16.87,35918
PSApL,21-Sep-2026,16.5,16.719,16.5,16.57,84827
PSApM,21-Sep-2026,14.8,14.91,14.66,14.72,24100
PSApN,21-Sep-2026,13.99,14.1299,13.89,13.95,25840
PSApO,21-Sep-2026,13.91,14.09,13.9,13.94,25027
PSApP,21-Sep-2026,14.35,14.62,14.3201,14.35,118730
PSApQ,21-Sep-2026,14.14,14.2355,14.13,14.189,19693
PSApR,21-Sep-2026,14.32,14.51,14.3119,14.4,49330
PSApS,21-Sep-2026,14.66,14.94,14.59,14.76,54817
PSBD,21-Sep-2026,10.31,10.41,10.31,10.38,67600
PSE-A,21-Sep-2026,16.15,16.24,15.85,15.98,12000
PSECpA,21-Sep-2026,16.15,16.24,15.85,15.98,11285
PSF,21-Sep-2026,18.82,18.85,18.69,18.81,45500
PSFE,21-Sep-2026,6.32,6.555,6.18,6.48,407200
PSN,21-Sep-2026,45.01,45.54,44.51,45.33,853700
PSO,21-Sep-2026,15.9,15.925,15.775,15.9,754800
PSQH,21-Sep-2026,5.3,5.47,5.11,5.42,101100
PSTL,21-Sep-2026,24.12,24.14,23.6,23.62,442200
PSUS,21-Sep-2026,38.98,39.7,38.8912,39.58,393900
PSX,21-Sep-2026,269.36,275.965,259.5,261.75,3393400
PTA,21-Sep-2026,18.01,18.18,17.96,18.02,248800
PTY,21-Sep-2026,11.28,11.31,11.16,11.25,1880900
PUK,21-Sep-2026,26.4,26.43,26.125,26.25,708400
PUMP,21-Sep-2026,10.4,10.4,9.98,10.16,2995600
PVH,21-Sep-2026,74.06,74.41,72.97,73.4,806800
PVL,21-Sep-2026,1.86,1.865,1.83,1.84,32100
PWR,21-Sep-2026,643.4,648.778,629.9001,642.61,753700
PXED,21-Sep-2026,26.73,26.73,26.16,26.44,68900
Q,21-Sep-2026,121.9,122.54,119.6,121.82,1620300
QGEN,21-Sep-2026,44.48,44.82,43.99,44.78,1855300
QLEP,21-Sep-2026,10.01,10.01,10.01,10.01,100
QRE-,21-Sep-2026,0.2181,0.2181,0.2181,0.2181,200
QRE.U,21-Sep-2026,10.055,10.27,10.055,10.27,500
QRED,21-Sep-2026,10.04,10.045,10.04,10.045,4000
QSR,21-Sep-2026,73.02,73.24,72.09,72.56,2621600
QTWO,21-Sep-2026,59.32,59.39,57.72,57.93,455400
QUAD,21-Sep-2026,9.4,9.58,9.3601,9.5,319500
QXO,21-Sep-2026,11.68,12.39,11.38,12.2,23183800
QXO-B,21-Sep-2026,36.61,39.25,36.1,39.02,175400
QXOpB,21-Sep-2026,36.5,39.25,36.1,38.96,149852
R,21-Sep-2026,239.32,239.32,234.13,237.14,229400
RA,21-Sep-2026,11.94,11.98,11.9274,11.95,117500
RAC,21-Sep-2026,10.57,10.5701,10.57,10.5701,12300
RAC.W,21-Sep-2026,0.45,0.45,0.4499,0.4499,4000
RACE,21-Sep-2026,417.36,418.8,414.4313,416.13,319000
RAL,21-Sep-2026,68.81,69.37,67.96,68.91,1216100
RAMP,21-Sep-2026,37.64,37.715,37.59,37.61,1267300
RBA,21-Sep-2026,83.94,84.1,82.82,83.7,1108400
RBC,21-Sep-2026,504.76,504.76,490.86,492.56,302000
RBLX,21-Sep-2026,50.9,51.545,49.67,51.25,9538900
RBRK,21-Sep-2026,107.57,113.1599,106,112.96,3340300
RC,21-Sep-2026,1.7,1.73,1.665,1.67,1447400
RC-C,21-Sep-2026,11.68,11.95,11.12,11.535,2900
RC-E,21-Sep-2026,12.41,12.575,12.1201,12.316,8300
RCD,21-Sep-2026,23.55,23.55,23.09,23.09,8700
RCI,21-Sep-2026,35.06,35.18,34.325,34.41,1032700
RCL,21-Sep-2026,250.5,252.15,246.3,250.25,2217000
RCS,21-Sep-2026,4.99,4.99,4.94,4.97,117500
RCUS,21-Sep-2026,25.54,26.03,25.06,25.95,1111100
RCpC,21-Sep-2026,11.68,11.95,11.12,11.535,2781
RCpE,21-Sep-2026,12.41,12.575,12.1201,12.316,3594
RDDT,21-Sep-2026,152.67,160.35,151.74,158.73,5464300
RDN,21-Sep-2026,35.02,35.12,34.32,34.32,863100
RDW,21-Sep-2026,11.04,11.6991,11,11.6,14001900
RDY,21-Sep-2026,12.37,12.46,12.25,12.4,2386100
REF,21-Sep-2026,14.79,14.79,13.25,13.38,471900
RELX,21-Sep-2026,33.545,33.62,33.235,33.41,1662800
RERE,21-Sep-2026,3.92,3.982,3.885,3.94,1520900
RES,21-Sep-2026,5.83,5.84,5.64,5.68,2304200
REX,21-Sep-2026,43.34,44.42,43.11,43.13,256400
REX-B,21-Sep-2026,21.68,21.86,21.59,21.66,19500
REX-C,21-Sep-2026,20.21,20.21,20.21,20.21,300
REXR,21-Sep-2026,38.51,38.79,38.4,38.72,2759500
REXRpB,21-Sep-2026,21.68,21.86,21.59,21.66,1810
REXRpC,21-Sep-2026,20.21,20.21,20.21,20.21,170
REZI,21-Sep-2026,18.67,19.22,18.48,18.81,2222900
RF,21-Sep-2026,28.7,28.72,28.4704,28.55,6633700
RF-C,21-Sep-2026,24.23,24.4,24.23,24.27,17600
RF-E,21-Sep-2026,15.68,16.28,15.68,15.96,44000
RF-F,21-Sep-2026,25.13,25.24,25.1125,25.19,28900
RFI,21-Sep-2026,10.85,10.89,10.78,10.83,96400
RFL,21-Sep-2026,2.035,2.0874,1.96,2,40200
RFM,21-Sep-2026,13.5,13.5399,13.47,13.47,9700
RFMZ,21-Sep-2026,12.29,12.3,12.23,12.28,14800
RFpC,21-Sep-2026,24.25,24.4,24.23,24.33,11838
RFpE,21-Sep-2026,15.68,16.28,15.68,15.96,39429
RFpF,21-Sep-2026,25.13,25.24,25.1125,25.19,23852
RGA,21-Sep-2026,246.74,248.11,244.46,245.13,250300
RGR,21-Sep-2026,41.1,41.63,40.8,41.52,392500
RGT,21-Sep-2026,14.38,14.64,14.38,14.57,10600
RH,21-Sep-2026,127.94,128.49,124.57,127.2,624700
RHI,21-Sep-2026,37.6,37.99,36.85,36.96,1247100
RHLD,21-Sep-2026,118.25,120.13,116.275,118.44,151500
RHP,21-Sep-2026,122.35,122.68,120.38,121.68,458200
RIG,21-Sep-2026,5.62,5.63,5.42,5.45,41570300
RIO,21-Sep-2026,98.37,98.37,96.73,97.04,1103200
RIT-A,21-Sep-2026,25.39,25.5,25.39,25.4601,14500
RIT-B,21-Sep-2026,25.43,25.49,25.43,25.465,18500
RIT-C,21-Sep-2026,24.76,24.8,24.68,24.75,25400
RIT-D,21-Sep-2026,25.22,25.2833,25.21,25.26,25800
RIT-E,21-Sep-2026,24.24,24.3,24.1,24.25,39000
RIT-F,21-Sep-2026,24.89,24.9,24.76,24.9,13700
RITM,21-Sep-2026,9.44,9.56,9.4,9.55,4677400
RITMpA,21-Sep-2026,25.39,25.5,25.39,25.4601,13715
RITMpB,21-Sep-2026,25.43,25.49,25.43,25.465,17213
RITMpC,21-Sep-2026,24.76,24.8,24.68,24.75,24558
RITMpD,21-Sep-2026,25.22,25.2833,25.21,25.26,22853
RITMpE,21-Sep-2026,24.24,24.3,24.1,24.23,30138
RIV,21-Sep-2026,10.54,10.63,10.52,10.62,85500
RIV-A,21-Sep-2026,20.92,20.94,20.84,20.91,10100
RIV-R,21-Sep-2026,0.0016,0.0019,0.0007,0.0007,1831600
RIVpA,21-Sep-2026,20.92,20.94,20.84,20.91,7385
RJF,21-Sep-2026,166.83,167.29,164.36,165.19,824900
RKT,21-Sep-2026,12.57,12.59,12.13,12.36,39150700
RL,21-Sep-2026,337.99,340.45,333.52,339.82,666300
RLI,21-Sep-2026,59.21,59.61,58.76,59.07,661600
RLJ,21-Sep-2026,10.93,10.965,10.82,10.94,1509100
RLJ-A,21-Sep-2026,25.08,25.24,25,25.24,11100
RLJpA,21-Sep-2026,25.08,25.18,25,25.11,8376
RLTY,21-Sep-2026,14.6,14.7032,14.5188,14.61,43800
RLX,21-Sep-2026,1.73,1.765,1.715,1.72,2855300
RM,21-Sep-2026,31.63,31.9499,31.275,31.5,65900
RMD,21-Sep-2026,225.16,226.52,223.34,223.61,1072100
RMI,21-Sep-2026,14.56,14.645,14.41,14.5,6700
RMM,21-Sep-2026,13.42,13.42,13.27,13.3,60400
RMMZ,21-Sep-2026,13.84,13.84,13.71,13.75,30900
RMT,21-Sep-2026,13.47,13.57,13.4,13.53,44400
RNG,21-Sep-2026,72.67,77.7099,72.67,77.3,1445700
RNGR,21-Sep-2026,16.16,16.355,15.66,15.67,132100
RNP,21-Sep-2026,19.35,19.4917,19.3064,19.43,101300
RNR,21-Sep-2026,326.99,330.65,325.12,326.29,302300
RNR-F,21-Sep-2026,19.99,20.0357,19.845,19.89,36300
RNR-G,21-Sep-2026,14.39,14.6537,14.39,14.42,12700
RNRpF,21-Sep-2026,19.99,20.0357,19.845,19.89,32932
RNRpG,21-Sep-2026,14.39,14.6537,14.39,14.43,9266
RNST,21-Sep-2026,40.76,40.97,40.42,40.52,1228600
ROG,21-Sep-2026,132.08,132.08,129.52,129.85,192000
ROK,21-Sep-2026,419.31,425.205,413.79,424.89,755300
ROL,21-Sep-2026,32.42,32.705,31.88,32.35,6589800
RONB,21-Sep-2026,23.78,24.1,23.755,23.76,135500
RPC,21-Sep-2026,8,8,7.75,7.89,562800
RPM,21-Sep-2026,99.33,100.555,98.1802,99.01,702600
RPT,21-Sep-2026,11.52,11.52,10.845,11.25,63000
RQI,21-Sep-2026,11.37,11.57,11.37,11.57,531900
RRC,21-Sep-2026,38,38.01,37.17,37.82,2688100
RRX,21-Sep-2026,149.78,151.8335,148.255,150.73,925100
RS,21-Sep-2026,390.69,395.3,383.85,384.65,203700
RSF,21-Sep-2026,14.35,14.5,14.26,14.26,15400
RSG,21-Sep-2026,216.79,217.03,213.86,213.93,2082000
RSI,21-Sep-2026,23.01,23.24,21.39,21.57,5163800
RSKD,21-Sep-2026,6.35,6.415,6.23,6.35,770700
RTO,21-Sep-2026,21.41,21.485,21.07,21.36,1716400
RTX,21-Sep-2026,193.75,195.19,192.86,194.34,2930200
RVI,21-Sep-2026,28.3,28.9373,27.985,28.5,164500
RVII,21-Sep-2026,23.05,23.2078,22.75,22.8,179800
RVLV,21-Sep-2026,20.84,21.33,20.69,21.15,1060600
RVT,21-Sep-2026,17.37,17.53,17.3295,17.46,194600
RVTY,21-Sep-2026,144.53,145.545,142.3,143.59,2062000
RWT,21-Sep-2026,4,4.16,3.965,4.04,8259800
RWT-A,21-Sep-2026,23.45,23.45,22.01,22.399,31400
RWTN,21-Sep-2026,24.6,24.6,24.33,24.39,4900
RWTO,21-Sep-2026,23.78,23.81,23.4,23.81,4200
RWTP,21-Sep-2026,23.7,23.7,23.12,23.12,4600
RWTQ,21-Sep-2026,22.06,22.45,21.62,21.82,37200
RWTS,21-Sep-2026,22.22,22.22,21.4,21.5996,112700
RWTpA,21-Sep-2026,23.45,23.45,22.01,22.399,28103
RXO,21-Sep-2026,20.44,20.44,19.345,19.72,1726200
RY,21-Sep-2026,204.46,206.42,204.25,206.19,1672700
RYAM,21-Sep-2026,8.42,8.52,8.33,8.48,838000
RYAN,21-Sep-2026,40.27,40.555,39.93,40.06,2053100
RYN,21-Sep-2026,20.2,20.25,19.96,20.03,3344300
RYZ,21-Sep-2026,24.52,24.52,23.89,23.94,359700
RZC,21-Sep-2026,25.58,25.615,25.54,25.54,24500
S,21-Sep-2026,22.59,23.805,22.36,23.8,8227700
SA,21-Sep-2026,31.1,31.19,30.21,30.92,356500
SABA,21-Sep-2026,8.06,8.12,8.05,8.06,51800
SAC,21-Sep-2026,10.09,10.09,10.08,10.09,23800
SAC.W,21-Sep-2026,0.57,0.58,0.5,0.5,2700
SAFE,21-Sep-2026,13.22,13.535,13.17,13.4,574100
SAH,21-Sep-2026,64.3,66.99,63.505,65.92,369900
SAJ,21-Sep-2026,25.14,25.17,25.13,25.15,2800
SAM,21-Sep-2026,171.37,173.3,166.81,171.4,225300
SAM.U,21-Sep-2026,9.92,9.95,9.85,9.95,3900
SAM.W,21-Sep-2026,0.24,0.24,0.24,0.24,1500
SAMO,21-Sep-2026,9.83,9.83,9.8,9.8,3700
SAN,21-Sep-2026,14.59,14.64,14.53,14.62,6225100
SAP,21-Sep-2026,212.43,212.71,209.01,209.22,1824600
SAR,21-Sep-2026,17,17.66,17,17.57,140500
SARO,21-Sep-2026,22.5,22.88,22.37,22.88,3492300
SAV,21-Sep-2026,24.56,24.7399,24.56,24.73,11200
SAX,21-Sep-2026,25.15,25.15,25.05,25.125,7100
SAY,21-Sep-2026,25.12,25.15,25.1058,25.14,2100
SAZ,21-Sep-2026,25.24,25.2434,25.1801,25.19,7200
SB,21-Sep-2026,9.11,9.2,8.76,8.87,2524200
SB-D,21-Sep-2026,25.99,26,25.99,26,900
SBH,21-Sep-2026,15.87,16.23,15.67,16.12,1273600
SBI,21-Sep-2026,7.28,7.33,7.24,7.24,56100
SBR,21-Sep-2026,72.9,73.4887,72.16,72.36,24100
SBS,21-Sep-2026,5.43,5.48,5.3609,5.44,5555300
SBSI,21-Sep-2026,31.56,31.87,31.29,31.52,175800
SBSW,21-Sep-2026,11.61,11.62,11.07,11.13,4241900
SBX.Y,21-Sep-2026,0.1168,0.12,0.11,0.1101,10500
SBXD,21-Sep-2026,10.88,10.88,10.88,10.88,5700
SBXD.WS,21-Sep-2026,0.1168,0.12,0.11,0.1101,10400
SBXE,21-Sep-2026,10.1,10.1,10.1,10.1,600
SBpD,21-Sep-2026,25.99,26,25.99,26,500
SCCO,21-Sep-2026,198.1,198.98,193.28,198.06,1060500
SCD,21-Sep-2026,15.3,15.4338,15.24,15.3,43600
SCE-G,21-Sep-2026,16.7,16.9,16.67,16.77,21900
SCE-L,21-Sep-2026,16.65,16.75,16.45,16.72,23600
SCE-M,21-Sep-2026,23.51,23.75,23.3601,23.43,43500
SCE-N,21-Sep-2026,21.98,22.1,21.9,21.95,39300
SCEpG,21-Sep-2026,16.7,16.9,16.67,16.77,19380
SCEpL,21-Sep-2026,16.65,16.75,16.45,16.72,16510
SCEpM,21-Sep-2026,23.51,23.75,23.3601,23.475,33568
SCEpN,21-Sep-2026,21.98,22.1,21.9,21.95,36718
SCH-D,21-Sep-2026,22.29,22.449,21.947,22.03,74200
SCH-J,21-Sep-2026,16.38,16.46,16.27,16.33,83200
SCHW,21-Sep-2026,105.9,107.41,105.3303,106.88,5444800
SCHWpD,21-Sep-2026,22.29,22.449,21.947,22.03,63905
SCHWpJ,21-Sep-2026,16.38,16.46,16.27,16.31,71103
SCI,21-Sep-2026,77.64,78.28,77.19,77.56,810500
SCL,21-Sep-2026,62.29,63,61.715,61.81,110300
SCM,21-Sep-2026,7.94,8.01,7.88,7.95,108600
SD,21-Sep-2026,13.94,14.14,13.9,13.98,436900
SDHC,21-Sep-2026,10.04,10.075,9.75,9.89,69000
SDHY,21-Sep-2026,15.41,15.54,15.4,15.49,43400
SDRL,21-Sep-2026,47.46,47.6626,46.22,46.58,356800
SE,21-Sep-2026,102.1,103.38,100.2,102.65,2524800
SEA-A,21-Sep-2026,25.78,25.8,25.78,25.79,1900
SEA-B,21-Sep-2026,25.62,25.81,25.54,25.75,3900
SEALpA,21-Sep-2026,25.78,25.8,25.78,25.79,1535
SEALpB,21-Sep-2026,25.62,25.81,25.54,25.75,2494
SECZ,21-Sep-2026,11.67,13.9256,11.1401,13.5,7061300
SEG,21-Sep-2026,24.12,24.56,23.74,24.2,57100
SEI,21-Sep-2026,71.28,71.4,68.23,69.09,2507600
SES,21-Sep-2026,0.5401,0.5742,0.5331,0.57,10171300
SF,21-Sep-2026,75.95,77.03,75.61,75.72,874900
SF-B,21-Sep-2026,22.95,23.17,22.66,23.09,17300
SF-C,21-Sep-2026,21.775,22.3397,21.74,21.879,24200
SF-D,21-Sep-2026,16,16.1,15.9,15.9,23700
SFB,21-Sep-2026,19.15,19.36,19.135,19.22,12300
SFBS,21-Sep-2026,41.59,42.26,41.32,41.92,854600
SFL,21-Sep-2026,13.52,13.74,13.31,13.49,1487600
SFpB,21-Sep-2026,22.95,23.17,22.66,23.09,15818
SFpC,21-Sep-2026,21.775,22.3397,21.74,21.879,18235
SFpD,21-Sep-2026,16,16.1,15.9,16.0474,20790
SG,21-Sep-2026,7.29,7.62,7.23,7.48,5617300
SGHC,21-Sep-2026,12.5,12.68,12.31,12.52,3550400
SGI,21-Sep-2026,63.92,64.84,62.86,63.36,2108100
SGU,21-Sep-2026,12.63,12.95,12.63,12.78,27500
SHAK,21-Sep-2026,55.51,57.4,55.16,56.96,1631000
SHEL,21-Sep-2026,94.72,95.03,93.19,93.27,4995700
SHG,21-Sep-2026,82.34,83.2,82.15,82.29,116800
SHO,21-Sep-2026,11.04,11.11,10.95,11.09,1428500
SHO-H,21-Sep-2026,22.3,22.37,22.3,22.35,26100
SHO-I,21-Sep-2026,21.66,21.66,21.66,21.66,4000
SHOC,21-Sep-2026,108.065,110.0832,108.045,109.8483,17700
SHOpH,21-Sep-2026,22.3,22.37,22.3,22.35,9668
SHOpI,21-Sep-2026,21.66,21.66,21.66,21.66,1176
SHV,21-Sep-2026,110.22,110.23,110.21,110.22,2018100
SHW,21-Sep-2026,326,326,320.65,321.31,1511600
SI,21-Sep-2026,18.42,18.69,17.0946,17.52,61400
SID,21-Sep-2026,1.14,1.17,1.13,1.17,4034800
SIG,21-Sep-2026,101.3,101.42,97.86,98.63,951100
SII,21-Sep-2026,128.8,129.155,125.67,128,93700
SIND,21-Sep-2026,15.04,15.145,13.9,14.18,60700
SITC,21-Sep-2026,2.95,3.05,2.95,3.02,1348200
SITE,21-Sep-2026,90.89,91.82,89.69,91.32,801800
SJM,21-Sep-2026,123.14,123.14,119.37,119.88,1364200
SJT,21-Sep-2026,3.01,3.17,2.97,2.98,829600
SKE,21-Sep-2026,32.42,32.42,31.24,31.8,277200
SKIL,21-Sep-2026,6.1,6.33,5.9,5.94,70600
SKM,21-Sep-2026,35.33,35.91,35.11,35.7,1257800
SKT,21-Sep-2026,35.81,35.91,35.51,35.66,716600
SKY,21-Sep-2026,84.92,87.04,83.785,86.49,547600
SKY.W,21-Sep-2026,0.2,0.2005,0.1979,0.2005,1800
SKYH,21-Sep-2026,10.15,10.225,10.02,10.04,160500
SKYH.WS,21-Sep-2026,0.2,0.2005,0.1979,0.2005,1251
SLB,21-Sep-2026,51.12,52.39,50.4742,51.76,11322000
SLF,21-Sep-2026,81.36,81.68,81.03,81.44,592200
SLG,21-Sep-2026,52.61,53.19,52.22,52.94,781100
SLG-I,21-Sep-2026,21.37,21.6,21.37,21.4358,33300
SLGN,21-Sep-2026,37.64,37.67,36.905,37.09,2089500
SLGpI,21-Sep-2026,21.37,21.6,21.37,21.4358,32642
SLNZ,21-Sep-2026,45.675,45.675,45.675,45.675,100
SLQT,21-Sep-2026,0.4576,0.484,0.4576,0.4776,874500
SLVM,21-Sep-2026,35.74,36.4,35.34,36.11,273300
SM,21-Sep-2026,35.905,36.22,34.585,34.75,4964600
SMA,21-Sep-2026,32.57,32.84,32.31,32.66,627200
SMBK,21-Sep-2026,51.75,52.1,51.54,51.54,83700
SMC,21-Sep-2026,32.38,32.6084,31.6,31.86,57400
SMFG,21-Sep-2026,26.56,26.685,26.35,26.67,1099900
SMG,21-Sep-2026,52.48,52.685,51.1101,51.42,1184600
SMHI,21-Sep-2026,9,9.185,8.88,9.03,78500
SMP,21-Sep-2026,37,37.59,36.725,37.15,190900
SMR,21-Sep-2026,8.51,8.94,8.47,8.79,35547100
SMRT,21-Sep-2026,1.19,1.1994,1.15,1.16,618500
SMWB,21-Sep-2026,8.36,8.4983,8.26,8.48,360100
SN,21-Sep-2026,167.71,169.05,165.26,167.5,2540900
SNA,21-Sep-2026,373.42,373.97,369.16,369.75,326000
SNAP,21-Sep-2026,5.54,5.87,5.53,5.7,35016000
SNDA,21-Sep-2026,38.56,39.1459,37.8013,38.12,289800
SNDR,21-Sep-2026,32.5,32.52,31.65,32.33,678000
SNN,21-Sep-2026,27.73,27.745,27.48,27.69,1166400
SNOW,21-Sep-2026,335.63,339.53,329.13,339.39,3699400
SNU-H,21-Sep-2026,21.2,21.25,20.8,21,20400
SNU-I,21-Sep-2026,25.31,25.32,25.31,25.31,18100
SNX,21-Sep-2026,272.3,279.93,270.72,279.59,1174600
SO,21-Sep-2026,85.52,86.15,85.18,85.46,7828900
SOBO,21-Sep-2026,35.59,35.89,35.04,35.1,536500
SOC,21-Sep-2026,4.45,4.47,4.245,4.33,6632700
SOJC,21-Sep-2026,19.1,19.25,18.9001,18.99,53100
SOJD,21-Sep-2026,18.11,18.2,17.91,18.02,134400
SOJE,21-Sep-2026,16.24,16.3499,16.1001,16.18,53400
SOJF,21-Sep-2026,23.94,23.94,23.6,23.73,79000
SOLV,21-Sep-2026,88.87,89.615,88.4,88.84,660300
SOMN,21-Sep-2026,46.05,46.109,45.7,45.74,40700
SON,21-Sep-2026,49.26,49.87,48.8,49.25,1150200
SONY,21-Sep-2026,23.64,23.65,23.42,23.59,2510200
SOR,21-Sep-2026,45.34,46.24,45.3252,46.085,6400
SOS,21-Sep-2026,0.745,0.7785,0.6952,0.7682,344600
SOU-,21-Sep-2026,0.13,0.1457,0.1246,0.135,32000
SOUL,21-Sep-2026,10.4699,10.4699,10.4699,10.4699,300
SOULr,21-Sep-2026,0.13,0.1457,0.1246,0.135,31700
SPB,21-Sep-2026,86.83,86.985,85.16,85.22,258800
SPCE,21-Sep-2026,3.13,3.31,3.08,3.31,7860100
SPE,21-Sep-2026,13.12,13.2825,13.1156,13.18,33200
SPE-C,21-Sep-2026,24.82,24.865,24.81,24.82,3000
SPEpC,21-Sep-2026,24.82,24.865,24.81,24.82,2900
SPG,21-Sep-2026,206.02,206.38,204.685,204.98,957400
SPG-J,21-Sep-2026,57,57,54.13,54.5,4100
SPGI,21-Sep-2026,408.95,410.99,403.2201,404.47,1286800
SPGpJ,21-Sep-2026,57,57,54.13,54.5,3483
SPH,21-Sep-2026,16.75,16.95,16.7,16.95,163500
SPHR,21-Sep-2026,146.85,149.2,144.83,145.14,653600
SPIR,21-Sep-2026,11.47,12.285,11.4546,11.96,574700
SPMA,21-Sep-2026,25.05,25.115,25.05,25.1,7400
SPMC,21-Sep-2026,9.03,9.14,8.95,9.09,20200
SPME,21-Sep-2026,24.92,24.96,24.86,24.86,2400
SPNT,21-Sep-2026,24.72,25.22,24.69,25.17,1979400
SPOT,21-Sep-2026,508.9,520.49,503.44,516.77,1520200
SPRU,21-Sep-2026,2.28,2.345,2,2.04,1349300
SPXC,21-Sep-2026,183.68,185.435,179.53,181.19,631500
SPXX,21-Sep-2026,18.7,18.85,18.62,18.77,116400
SQM,21-Sep-2026,69.51,70.17,68.46,69.53,1528900
SQNS,21-Sep-2026,2.95,3.05,2.9002,2.93,72400
SR,21-Sep-2026,79.53,80.98,79.235,79.76,523900
SRE,21-Sep-2026,81.3,81.6099,80.8164,81.2,3171100
SREA,21-Sep-2026,19.58,19.75,19.5001,19.74,71500
SRFM,21-Sep-2026,0.7169,0.72,0.6601,0.6702,3905300
SRG,21-Sep-2026,1.88,1.92,1.86,1.86,124500
SRG-A,21-Sep-2026,21.26,21.49,21.26,21.4522,1300
SRGpA,21-Sep-2026,21.26,21.49,21.26,21.4522,907
SRI,21-Sep-2026,7.1,7.14,6.965,7.11,134900
SRJN,21-Sep-2026,22.05,22.08,21.8,21.95,38900
SRL,21-Sep-2026,5.35,5.35,5.2767,5.35,300
SRV,21-Sep-2026,44.74,44.785,44.1,44.45,51800
SSB,21-Sep-2026,103.95,104.33,103.08,103.11,432800
SSD,21-Sep-2026,171.78,174.03,170.21,173.8,465300
SSL,21-Sep-2026,13.87,13.9596,13.54,13.56,1312100
SST,21-Sep-2026,3.3,4.3772,3.2214,3.88,837200
SSTK,21-Sep-2026,4.55,4.59,4.4101,4.53,798400
ST,21-Sep-2026,42.36,42.36,41.54,41.84,2327300
STAG,21-Sep-2026,37.67,37.95,37.36,37.51,1563700
STC,21-Sep-2026,63.46,63.95,62.85,62.87,226800
STDN,21-Sep-2026,12.77,13.67,12.47,13.5,739600
STE,21-Sep-2026,205.36,207.46,203.315,206.97,984600
STEM,21-Sep-2026,4.56,4.67,4.37,4.37,191600
STEW,21-Sep-2026,18.04,18.09,18.01,18.05,63000
STG,21-Sep-2026,2.9,3,2.83,2.83,1600
STK,21-Sep-2026,53.23,54,52.81,53.92,49800
STLA,21-Sep-2026,4.89,4.895,4.8,4.81,16889900
STM,21-Sep-2026,51.29,51.975,50.7,51.63,7555400
STN,21-Sep-2026,69.56,70.92,69.24,70.74,387700
STNG,21-Sep-2026,85.7,89.82,84.73,86.21,1141600
STT,21-Sep-2026,185.01,185.46,183.05,184.4,1668000
STT-G,21-Sep-2026,20,20.149,19.91,19.91,67800
STTpG,21-Sep-2026,20,20.149,19.91,19.91,59454
STUB,21-Sep-2026,6,6.05,5.82,5.95,7497300
STVN,21-Sep-2026,21.91,22.17,21.185,21.51,475400
STWD,21-Sep-2026,15.02,15.115,14.975,15,3989000
STXD,21-Sep-2026,38.8,39.18,38.8,39.18,25800
STXE,21-Sep-2026,51.41,52.1296,51.41,52.021,4400
STXF,21-Sep-2026,49.61,50.2,49.61,50.12,60200
STXG,21-Sep-2026,56.56,57.32,56.56,57.2421,7600
STXK,21-Sep-2026,36.87,37.05,36.87,36.9799,9000
STXT,21-Sep-2026,19.325,19.48,19.325,19.43,37900
STXV,21-Sep-2026,38.9,38.9,38.735,38.742,11700
STZ,21-Sep-2026,118.23,119.12,116.93,118.39,2629800
SU,21-Sep-2026,68.61,68.89,67.165,67.24,4441200
SUI,21-Sep-2026,113.82,115.02,113.18,113.74,1422900
SUN,21-Sep-2026,78,78,74.28,74.42,558900
SUPV,21-Sep-2026,8.23,8.23,7.965,7.99,688800
SUZ,21-Sep-2026,9.35,9.3614,9.235,9.25,1417700
SVV,21-Sep-2026,9.12,9.405,9.01,9.22,1114900
SW,21-Sep-2026,45.52,46.45,45.4,45.41,3684500
SWK,21-Sep-2026,90.23,90.375,88.3,88.68,1489900
SWX,21-Sep-2026,85.99,86.32,84.465,84.65,692500
SWZ,21-Sep-2026,5.91,5.94,5.91,5.92,14700
SXC,21-Sep-2026,9.49,9.555,9.39,9.5,639400
SXI,21-Sep-2026,264.74,265.2,258.2003,262.51,70900
SXT,21-Sep-2026,130.85,130.85,128.74,129.65,186000
SYF,21-Sep-2026,75.475,76.2355,74.58,75,2359000
SYF-A,21-Sep-2026,18.55,18.9399,18.4,18.4,24800
SYF-B,21-Sep-2026,25.79,26.169,25.78,25.86,17700
SYFpA,21-Sep-2026,18.55,18.9399,18.41,18.41,22858
SYFpB,21-Sep-2026,25.79,26.169,25.78,25.86,16167
SYK,21-Sep-2026,274.58,276.868,272,274.19,2759200
SYY,21-Sep-2026,79,79.13,78.14,78.43,3929200
T,21-Sep-2026,25.75,25.8,25.315,25.45,35284500
T-A,21-Sep-2026,17.72,17.98,17.72,17.74,253600
T-C,21-Sep-2026,16.74,17,16.73,16.77,282600
TAC,21-Sep-2026,12.35,12.41,12.22,12.31,1719000
TAK,21-Sep-2026,18.98,18.99,18.84,18.89,1756100
TAL,21-Sep-2026,11.85,11.93,11.625,11.82,1555200
TALO,21-Sep-2026,16.69,16.7173,16.255,16.42,1656200
TAP,21-Sep-2026,37.5,38.12,37.195,37.56,4276200
TAP.A,21-Sep-2026,41.23,41.23,41.23,41.23,200
TBB,21-Sep-2026,19.47,19.54,19.42,19.44,147800
TBBB,21-Sep-2026,51.75,52.98,51.615,52.47,542200
TBI,21-Sep-2026,9.01,9.4,8.96,9.21,306800
TBLU,21-Sep-2026,49.37,49.4926,49.2601,49.4239,10200
TBN,21-Sep-2026,37.68,38.2,36.27,36.52,121100
TCAI,21-Sep-2026,48.24,48.53,47.76,48.18,63900
TCBX,21-Sep-2026,44.33,44.96,44.05,44.05,77800
TCI,21-Sep-2026,41.2,41.2,39.365,39.67,23400
TCPA,21-Sep-2026,21.96,21.96,21.51,21.8,42500
TD,21-Sep-2026,123.04,124.25,122.77,124.04,850300
TDAY,21-Sep-2026,6.26,6.45,6.18,6.39,1917800
TDC,21-Sep-2026,29.06,29.445,28.79,29.36,1121600
TDF,21-Sep-2026,10.19,10.49,10.19,10.33,49600
TDG,21-Sep-2026,1091.3,1113.09,1088.53,1109.65,461700
TDOC,21-Sep-2026,6.36,6.38,6.22,6.27,2996100
TDS,21-Sep-2026,35.99,37.11,35.65,36.73,1387000
TDS-U,21-Sep-2026,20.71,20.77,20.525,20.54,18100
TDS-V,21-Sep-2026,18.98,18.98,18.64,18.69,34000
TDSpU,21-Sep-2026,20.71,20.77,20.525,20.54,15497
TDSpV,21-Sep-2026,18.98,18.98,18.64,18.69,28855
TDW,21-Sep-2026,85.99,86.65,84.87,85.57,433600
TDY,21-Sep-2026,609.85,612,603.99,609.08,306500
TE,21-Sep-2026,4.35,4.52,4.28,4.45,16883600
TECK,21-Sep-2026,67.07,67.36,66,66.76,2130600
TEI,21-Sep-2026,6.53,6.57,6.49,6.56,69700
TEL,21-Sep-2026,208.68,211.096,206.58,210.01,1759500
TEN,21-Sep-2026,52.66,53.735,50.64,50.92,730600
TEN-E,21-Sep-2026,25.79,25.79,25.46,25.6,10200
TEN-F,21-Sep-2026,26.79,26.79,26.61,26.75,2700
TENpE,21-Sep-2026,25.79,25.79,25.46,25.61,8365
TENpF,21-Sep-2026,26.79,26.79,26.61,26.75,2235
TEO,21-Sep-2026,13.79,14.19,13.71,14.09,158400
TEVA,21-Sep-2026,39.09,40.79,38.3621,40.06,5941700
TEX,21-Sep-2026,59.93,59.93,58.86,58.92,751500
TFC,21-Sep-2026,48.82,49.24,48.675,49,9847500
TFC-I,21-Sep-2026,18,18.19,17.9188,18.18,37200
TFC-O,21-Sep-2026,19.41,19.48,19.25,19.25,64800
TFC-R,21-Sep-2026,17.37,17.59,17.32,17.33,87800
TFCpI,21-Sep-2026,18,18.19,17.9188,18.18,29004
TFCpO,21-Sep-2026,19.41,19.48,19.25,19.25,56356
TFCpR,21-Sep-2026,17.37,17.59,17.32,17.33,78163
TFI-,21-Sep-2026,22.04,22.055,21.97,21.97,6600
TFII,21-Sep-2026,125.38,125.72,122.6801,125.49,182100
TFIN,21-Sep-2026,63.38,63.47,62.3,62.37,161200
TFINP,21-Sep-2026,22.04,22.055,21.97,21.97,5320
TFPM,21-Sep-2026,33.32,33.3874,32.43,32.76,406800
TFX,21-Sep-2026,124.84,126.23,123.095,124.8,815100
TG,21-Sep-2026,6.94,7.055,6.86,7.01,238300
TGE,21-Sep-2026,0.881,0.89,0.8666,0.87,4700
TGLS,21-Sep-2026,36.02,36.7,35.31,36.46,259300
TGS,21-Sep-2026,28.2,28.3,27.51,27.89,230900
TGT,21-Sep-2026,158.47,159.49,157.5582,157.71,2255300
THC,21-Sep-2026,261.93,263.58,258.02,260.97,670800
THG,21-Sep-2026,226.9,228.615,222.98,223.21,348400
THIR,21-Sep-2026,33.87,34.08,33.87,34.0618,15600
THLV,21-Sep-2026,31.565,31.62,31.5526,31.5526,2300
THO,21-Sep-2026,68.39,70.16,67.43,69.94,1397900
THQ,21-Sep-2026,19.1,19.3,19.0213,19.26,122600
THW,21-Sep-2026,13.49,13.8,13.4,13.7,138800
TIC,21-Sep-2026,9.15,9.255,8.93,9.24,898100
TIMB,21-Sep-2026,19.19,19.23,18.755,18.93,319800
TISI,21-Sep-2026,28.2,28.895,27.74,28.01,28400
TJX,21-Sep-2026,127.72,131.42,127.05,130.96,11409500
TK,21-Sep-2026,14.44,14.76,14.23,14.36,491500
TKC,21-Sep-2026,5.1,5.19,5.1,5.17,1450900
TKO,21-Sep-2026,189.28,193.41,188.35,191.12,1041300
TKR,21-Sep-2026,118.36,118.36,114.58,114.84,946400
TLK,21-Sep-2026,14.22,14.22,13.85,13.87,747300
TLYS,21-Sep-2026,4.06,4.12,3.91,3.93,608900
TM,21-Sep-2026,193.66,193.729,192.4,192.5,224400
TME,21-Sep-2026,7.81,8.22,7.705,8.17,11454300
TMO,21-Sep-2026,653.89,660.44,649.1201,658.76,2303800
TNC,21-Sep-2026,68.13,68.13,65.81,65.83,130200
TNET,21-Sep-2026,67.18,67.76,66.605,66.66,192500
TNGY,21-Sep-2026,11.2,11.22,11.02,11.0315,48800
TNK,21-Sep-2026,100.1,102.2305,98.01,98.76,384200
TNL,21-Sep-2026,63.84,63.88,62.88,63.04,580600
TOL,21-Sep-2026,134.32,136.71,132.53,135.5,877200
TOST,21-Sep-2026,30.02,30.257,29.55,29.8,5954100
TPB,21-Sep-2026,65.25,65.25,58.65,61.31,1152100
TPC,21-Sep-2026,85.58,86.87,84.1986,86.02,307800
TPL,21-Sep-2026,349.74,369.46,343.4,366.8,607000
TPR,21-Sep-2026,115.77,115.775,112.725,113.07,3717600
TPTS,21-Sep-2026,15.1,15.1,15.1,15.1,400
TPVG,21-Sep-2026,4.85,4.87,4.75,4.84,360900
TPYP,21-Sep-2026,42.19,42.3996,42.075,42.075,33300
TPZ,21-Sep-2026,20.9,21,20.88,20.9,12200
TR,21-Sep-2026,37.15,37.49,37.15,37.26,127500
TRA.U,21-Sep-2026,10.27,10.435,10.27,10.435,1700
TRAD,21-Sep-2026,10.04,10.04,10.04,10.04,200
TRAK,21-Sep-2026,8.26,8.37,8.11,8.25,78100
TRC,21-Sep-2026,16.16,16.3,15.9023,16.22,136600
TREX,21-Sep-2026,43.12,43.415,42.51,42.9,1299600
TRGP,21-Sep-2026,288.76,292.115,287.495,289.36,1267200
TRLV,21-Sep-2026,11.19,11.8,10.85,11.5,1578800
TRN,21-Sep-2026,28.06,28.24,27.88,27.89,540500
TRNO,21-Sep-2026,66.05,66.5999,65.89,66.38,969900
TRNZ,21-Sep-2026,25.06,25.0881,25.04,25.04,11600
TROX,21-Sep-2026,4.31,4.41,4.185,4.31,2945200
TRP,21-Sep-2026,61.3,61.52,60.47,60.48,2950500
TRT-A,21-Sep-2026,25.68,25.75,25.6,25.6,3500
TRT-B,21-Sep-2026,25.24,25.29,25.05,25.07,13200
TRT-C,21-Sep-2026,24.3,24.499,24,24.04,15200
TRT-D,21-Sep-2026,22.03,22.26,21.9739,22.02,2700
TRT-E,21-Sep-2026,18.39,18.39,18.29,18.37,3200
TRT-F,21-Sep-2026,23.89,24.1684,23.855,23.94,11300
TRT-G,21-Sep-2026,23.66,23.68,23.41,23.525,13400
TRT-P,21-Sep-2026,17.5,17.5,17.31,17.36,5200
TRTNpA,21-Sep-2026,25.685,25.75,25.6,25.6,2788
TRTNpB,21-Sep-2026,25.235,25.29,25.05,25.07,10171
TRTNpC,21-Sep-2026,24.3,24.499,24,24.04,10732
TRTNpD,21-Sep-2026,22.03,22.26,21.9739,22.02,2300
TRTNpE,21-Sep-2026,18.39,18.39,18.29,18.34,2053
TRTNpF,21-Sep-2026,23.89,24.1684,23.855,23.94,9147
TRTX,21-Sep-2026,7.25,7.3675,7.19,7.21,880300
TRTXpC,21-Sep-2026,17.5,17.5,17.31,17.3516,3804
TRU,21-Sep-2026,72.67,72.69,70.96,71.41,1580500
TRV,21-Sep-2026,374.61,376.66,370.68,371.13,1114400
TS,21-Sep-2026,56.56,56.56,55.595,55.97,1015700
TSI,21-Sep-2026,4.33,4.35,4.31,4.32,150700
TSLX,21-Sep-2026,18.1,18.19,17.91,18.04,350400
TSM,21-Sep-2026,440.8,445.72,437.06,445.14,9943000
TSN,21-Sep-2026,52.86,53.08,51.87,52.02,5129800
TSQ,21-Sep-2026,5.32,5.3999,5.12,5.14,90800
TT,21-Sep-2026,432.37,434.8,425.09,433.32,1030400
TTAM,21-Sep-2026,13.46,13.95,13.28,13.81,328300
TTC,21-Sep-2026,93.61,94,92.84,93.39,843000
TTE,21-Sep-2026,91.25,91.35,89.793,90.06,1585800
TTI,21-Sep-2026,6.12,6.15,5.985,6.09,1616600
TU,21-Sep-2026,8.89,8.89,8.6712,8.68,6543300
TUYA,21-Sep-2026,1.71,1.77,1.69,1.73,920300
TV,21-Sep-2026,2.37,2.575,2.36,2.57,1955100
TVC,21-Sep-2026,23.8,23.8256,23.78,23.82,13500
TVE,21-Sep-2026,23.27,23.45,23.24,23.24,6000
TWI,21-Sep-2026,7.06,7.51,6.965,7.36,765600
TWLO,21-Sep-2026,247.12,266.48,244.14,266.06,3022800
TWN,21-Sep-2026,100.25,103.2,100.25,102.73,18800
TWO-A,21-Sep-2026,25.3,25.32,25.3,25.31,16000
TWO-B,21-Sep-2026,25.29,25.3,25.29,25.3,10700
TWO-C,21-Sep-2026,25.35,25.37,25.35,25.37,17700
TWOD,21-Sep-2026,26.28,26.29,26.27,26.27,21900
TWOpA,21-Sep-2026,25.3,25.32,25.3,25.31,15204
TWOpB,21-Sep-2026,25.29,25.3,25.29,25.3,10291
TWOpC,21-Sep-2026,25.35,25.37,25.35,25.37,16483
TX,21-Sep-2026,57.49,57.6,56.3101,56.84,455900
TXNM,21-Sep-2026,58.46,58.71,58.36,58.57,1869300
TXO,21-Sep-2026,14.67,14.8218,14.3454,14.4,300300
TXT,21-Sep-2026,80.21,80.275,79.3277,79.41,1359100
TY,21-Sep-2026,34.78,35.075,34.65,35.05,61000
TY-,21-Sep-2026,40.55,40.55,40.55,40.55,900
TYG,21-Sep-2026,42.59,42.9699,42.35,42.79,122900
TYL,21-Sep-2026,339.18,342.575,328.67,332.46,786000
TYp,21-Sep-2026,40.55,40.55,40.55,40.55,698
TpA,21-Sep-2026,17.72,17.98,17.72,17.81,228501
U,21-Sep-2026,41.8,43.5482,41.26,43.21,10077500
UA,21-Sep-2026,4.8,4.82,4.595,4.68,2963100
UAA,21-Sep-2026,4.92,4.928,4.695,4.77,11330100
UAN,21-Sep-2026,132.01,132.01,127.8,129.1,57800
UBER,21-Sep-2026,70.82,71.39,70.1108,70.84,16956000
UBS,21-Sep-2026,51.47,51.51,50.725,51.06,1371000
UCB,21-Sep-2026,34.83,34.94,34.59,34.59,609800
UDR,21-Sep-2026,33.97,34.01,33.68,33.89,3541300
UE,21-Sep-2026,20,20.09,19.86,20,521000
UFI,21-Sep-2026,6.8,6.8,6.53,6.63,61600
UGI,21-Sep-2026,37.65,37.8,37.12,37.23,2212800
UGP,21-Sep-2026,7.67,7.715,7.595,7.6,2659000
UHA.B,21-Sep-2026,56.86,56.865,55.52,55.65,249700
UHAL,21-Sep-2026,64.33,64.34,63.175,63.43,115900
UHAL.B,21-Sep-2026,57.2,57.59,55.52,55.7,106096
UHS,21-Sep-2026,176.61,180.02,174.22,174.74,924600
UHT,21-Sep-2026,39.32,39.42,38.82,39.03,126900
UI,21-Sep-2026,596.85,600,572.9425,586.17,151500
UIS,21-Sep-2026,2.42,2.485,2.4,2.44,590200
UL,21-Sep-2026,62.23,62.38,61.86,62.17,2047800
ULS,21-Sep-2026,65.64,67.28,64.395,66.32,1036700
UMC,21-Sep-2026,24.92,25.63,24.64,25.43,11265400
UMH,21-Sep-2026,15.71,15.83,15.67,15.77,574400
UMH-D,21-Sep-2026,21.35,21.35,21.165,21.28,13500
UMHpD,21-Sep-2026,21.35,21.35,21.165,21.28,9855
UNF,21-Sep-2026,262.04,266.22,261.6,264,284600
UNFI,21-Sep-2026,47.08,47.42,46.22,46.23,506100
UNH,21-Sep-2026,377.87,378.95,373.82,377.56,5712200
UNM,21-Sep-2026,95.98,96.13,93.5375,93.56,1537400
UNMA,21-Sep-2026,21.76,22,21.73,21.77,21500
UNP,21-Sep-2026,278.8,279.2,268.26,269.63,5738700
UP,21-Sep-2026,3.57,3.785,3.35,3.66,108600
UPS,21-Sep-2026,98.76,98.814,94.23,94.75,9572100
URI,21-Sep-2026,1021.86,1033,1010,1029.92,370600
USA,21-Sep-2026,5.86,5.92,5.85,5.92,807000
USAC,21-Sep-2026,26.8,26.8,25.83,26.18,389100
USB,21-Sep-2026,60.44,60.665,59.8676,60.44,7376000
USB-A,21-Sep-2026,762.51,762.51,762.51,762.51,300
USB-H,21-Sep-2026,18.55,18.63,18.51,18.61,43000
USB-P,21-Sep-2026,20.71,20.8991,20.3086,20.37,64200
USB-Q,21-Sep-2026,14.16,14.297,13.97,14.14,61400
USB-R,21-Sep-2026,15.09,15.22,14.9301,15.03,65500
USB-S,21-Sep-2026,17.02,17.3783,16.78,16.81,27100
USBpA,21-Sep-2026,762.51,762.51,762.51,762.51,40
USBpH,21-Sep-2026,18.55,18.63,18.51,18.6,38722
USBpP,21-Sep-2026,20.71,20.8991,20.3086,20.375,56678
USBpQ,21-Sep-2026,14.16,14.297,13.97,14.14,57475
USBpR,21-Sep-2026,15.09,15.22,14.9301,15.04,55985
USBpS,21-Sep-2026,17.02,17.3783,16.78,16.88,23256
USFD,21-Sep-2026,93.57,94.895,92.56,94.22,2960200
USNA,21-Sep-2026,14.21,14.5,14.08,14.49,228000
USPH,21-Sep-2026,82.23,83.345,81.9,82.45,169700
UTF,21-Sep-2026,24.7,24.8,24.53,24.69,463000
UTI,21-Sep-2026,20.34,20.77,19.565,20.72,4465500
UTL,21-Sep-2026,51.89,52.37,51.29,51.85,104600
UTZ,21-Sep-2026,14.25,14.25,14.21,14.22,1547600
UVE,21-Sep-2026,44.17,44.44,43.47,43.62,128600
UVV,21-Sep-2026,44.14,44.325,43.07,43.31,408600
UWMC,21-Sep-2026,1.27,1.308,1.195,1.26,12489100
UZD,21-Sep-2026,18.36,18.4456,18.36,18.4122,6500
UZE,21-Sep-2026,16.14,16.49,16.14,16.46,9200
UZF,21-Sep-2026,16.71,16.71,16.4,16.43,4700
V,21-Sep-2026,369.54,370.9,366.09,369.95,7108300
VAC,21-Sep-2026,104.17,104.95,102.39,103.03,366500
VAC.U,21-Sep-2026,8.93,8.93,8.45,8.45,2300
VAC.W,21-Sep-2026,0.389,0.3945,0.389,0.389,1900
VAL,21-Sep-2026,83.46,83.46,80.97,81.79,1263100
VAL.W,21-Sep-2026,9.77,10.125,9.65,10,8100
VAL.WS,21-Sep-2026,9.77,10.125,9.65,10,6197
VALE,21-Sep-2026,14.41,14.41,14.135,14.15,18050300
VATE,21-Sep-2026,8.01,8.2,7.44,8.18,156900
VBF,21-Sep-2026,14.4,14.43,14.3018,14.4,89900
VCV,21-Sep-2026,9.7,9.7,9.59,9.66,145900
VCX,21-Sep-2026,32.09,32.25,30.71,30.79,540500
VEC-,21-Sep-2026,0.204,0.204,0.2039,0.2039,1600
VEEV,21-Sep-2026,260,264.42,257.87,261.31,1199100
VEL,21-Sep-2026,16.1,16.2901,15.97,16.15,204000
VET,21-Sep-2026,12.31,12.36,11.88,11.91,1356100
VFC,21-Sep-2026,13.1,13.12,12.765,13.05,7640000
VG,21-Sep-2026,13.8,13.9,13.4,13.66,17249200
VGI,21-Sep-2026,7,7.0109,6.95,6.96,9700
VGM,21-Sep-2026,9.69,9.72,9.62,9.65,194800
VGNT,21-Sep-2026,46.27,47.3,45.635,47.07,725800
VHI,21-Sep-2026,16.83,16.99,16.32,16.82,11000
VIA,21-Sep-2026,28.07,28.08,26.9,27.33,646100
VICI,21-Sep-2026,23.79,24.0886,23.78,24.05,9142500
VII,21-Sep-2026,9.85,9.85,9.83,9.83,700
VIK,21-Sep-2026,85.41,86.9,85.134,86.05,4124000
VIPS,21-Sep-2026,12.45,12.52,12.28,12.5,2272500
VIRT,21-Sep-2026,58.45,59.08,57.81,57.94,766800
VIST,21-Sep-2026,71.44,71.7499,69.5,70.33,1106100
VIV,21-Sep-2026,12.21,12.23,11.95,12.02,1152900
VKQ,21-Sep-2026,9.25,9.25,9.08,9.15,242900
VLN,21-Sep-2026,1.7,1.78,1.69,1.77,941100
VLO,21-Sep-2026,409.59,419.0374,391,393.27,3899300
VLRS,21-Sep-2026,6.69,6.87,6.455,6.86,544700
VLT,21-Sep-2026,9.41,9.45,9.36,9.4,42400
VLTO,21-Sep-2026,94.68,95.37,93.975,95.18,1951600
VMC,21-Sep-2026,243.61,247.71,241.17,246.2,1130400
VMI,21-Sep-2026,481.62,481.62,465.08,469.15,277200
VMO,21-Sep-2026,9.23,9.2584,9.11,9.11,334400
VMRK,21-Sep-2026,61.34,61.755,60.735,61.36,4370700
VNO,21-Sep-2026,35.28,35.59,35.02,35.58,1498600
VNO-L,21-Sep-2026,17.2,17.2,17.03,17.125,4500
VNO-M,21-Sep-2026,17.18,17.3014,17.07,17.18,10800
VNO-N,21-Sep-2026,16.96,16.96,16.81,16.81,4400
VNO-O,21-Sep-2026,14.07,14.1,14.045,14.07,6700
VNOpL,21-Sep-2026,17.2,17.2,17.03,17.125,3283
VNOpM,21-Sep-2026,17.18,17.3014,17.07,17.24,8664
VNOpN,21-Sep-2026,16.96,16.96,16.81,16.81,3317
VNOpO,21-Sep-2026,14.07,14.1,14.045,14.07,5777
VNT,21-Sep-2026,31.6,31.74,30.92,31.24,1241800
VOC,21-Sep-2026,3.36,3.4,3.32,3.38,54800
VOY-B,21-Sep-2026,23.4,23.96,23.3,23.55,11900
VOYA,21-Sep-2026,102.08,102.1,99.98,100.53,1124100
VOYApB,21-Sep-2026,23.4,23.96,23.3,23.4352,6983
VOYG,21-Sep-2026,36.21,37.82,36.13,37.66,1108500
VPG,21-Sep-2026,64.6,65.34,63.2601,64.95,375600
VPV,21-Sep-2026,10.89,11.025,10.88,10.91,29500
VRT,21-Sep-2026,254.67,254.8757,247.6055,250.86,4867500
VRTS,21-Sep-2026,126.65,131.135,125.31,129.85,224500
VSH,21-Sep-2026,33.54,33.54,32.239,32.62,2022400
VST,21-Sep-2026,142,142.44,138.95,140.78,4506400
VSTS,21-Sep-2026,13.93,14.47,13.81,14.23,1234900
VSXY,21-Sep-2026,79.21,82.46,78.685,81.63,1773400
VTEX,21-Sep-2026,3.64,3.66,3.575,3.59,922200
VTMX,21-Sep-2026,33.88,33.88,33.145,33.66,48000
VTN,21-Sep-2026,10.05,10.05,9.9,9.92,20100
VTOL,21-Sep-2026,41.57,41.99,41.1,41.96,232700
VTR,21-Sep-2026,86.77,87.81,86.55,87.03,5432700
VTS,21-Sep-2026,17.29,17.36,16.77,16.88,653100
VVR,21-Sep-2026,2.88,2.8875,2.86,2.87,784100
VVV,21-Sep-2026,26.83,26.83,26.21,26.62,2768600
VVX,21-Sep-2026,76.64,79.13,76.425,77.27,547700
VYX,21-Sep-2026,6.84,7.29,6.635,7.29,4147700
VZ,21-Sep-2026,48.18,48.35,47.56,47.68,19992400
W,21-Sep-2026,106.14,106.7299,104.5,104.95,1842800
WAB,21-Sep-2026,284.19,285.03,280.57,283.38,782300
WAL,21-Sep-2026,79.16,79.16,77.79,78.65,850400
WAL-A,21-Sep-2026,24.84,24.85,24.73,24.77,36100
WALpA,21-Sep-2026,24.84,24.85,24.73,24.75,31340
WAT,21-Sep-2026,425.8,427.76,420.75,423.92,782400
WBI,21-Sep-2026,30.38,30.65,29.53,29.93,670200
WBX,21-Sep-2026,3.22,3.22,2.93,3.055,22200
WCC,21-Sep-2026,348.84,356.9275,345.1,355.31,582100
WCN,21-Sep-2026,154.48,155.63,153.75,155.55,1725100
WD,21-Sep-2026,38.12,38.84,37.97,38.38,470400
WDH,21-Sep-2026,1.02,1.065,1,1.06,910900
WDI,21-Sep-2026,12.29,12.3452,12.258,12.26,249300
WDS,21-Sep-2026,23.07,23.07,22.68,22.71,608700
WEA,21-Sep-2026,10.13,10.16,10.02,10.05,36100
WEAV,21-Sep-2026,7.32,7.34,7.32,7.32,1267600
WEC,21-Sep-2026,103.2,103.61,102.885,103.48,3160100
WELL,21-Sep-2026,229.26,233.96,228.51,232.76,2810800
WEN.U,21-Sep-2026,10.15,10.15,10.15,10.15,900
WENC,21-Sep-2026,10.02,10.02,10.02,10.02,400
WES,21-Sep-2026,47.11,47.28,46.55,46.58,629700
WEX,21-Sep-2026,193.35,194.825,186.97,187.31,499500
WF,21-Sep-2026,79.69,80,78.98,79.47,55900
WFC,21-Sep-2026,86.83,87.15,86.23,86.54,9715400
WFC-A,21-Sep-2026,17.23,17.32,17.18,17.23,203700
WFC-C,21-Sep-2026,16.04,16.15,16.0063,16.04,101700
WFC-D,21-Sep-2026,15.61,15.6795,15.52,15.62,116500
WFC-L,21-Sep-2026,1106.02,1117.99,1103,1107.76,5400
WFC-Y,21-Sep-2026,20.91,20.9399,20.8,20.92,81700
WFC-Z,21-Sep-2026,17.41,17.4899,17.32,17.42,186000
WFCpA,21-Sep-2026,17.23,17.32,17.18,17.25,184713
WFCpC,21-Sep-2026,16.04,16.15,16.0063,16.04,90135
WFCpD,21-Sep-2026,15.61,15.6795,15.52,15.61,103259
WFCpL,21-Sep-2026,1114.05,1117.99,1103,1105,3383
WFCpY,21-Sep-2026,20.91,20.9399,20.8,20.92,74875
WFCpZ,21-Sep-2026,17.41,17.4899,17.32,17.38,169343
WFG,21-Sep-2026,71.87,72.525,70.75,72.1,190700
WGO,21-Sep-2026,26.83,27.48,26.3675,27.21,608000
WH,21-Sep-2026,69.23,69.49,66.87,67.15,2007700
WHD,21-Sep-2026,66.69,67.98,65.675,67.45,660600
WHG,21-Sep-2026,18.95,19,18.58,18.7,14500
WHK,21-Sep-2026,26.28,26.69,25.71,26.32,384600
WHR,21-Sep-2026,32.48,33.345,31.52,32.64,3052400
WHR-A,21-Sep-2026,29,30,28.99,29.55,35200
WIA,21-Sep-2026,7.8,7.84,7.795,7.82,32600
WINN,21-Sep-2026,33.93,34.5592,33.93,34.53,101400
WIT,21-Sep-2026,1.68,1.69,1.6624,1.67,4962700
WIW,21-Sep-2026,8.13,8.13,8.065,8.1,564700
WK,21-Sep-2026,74.4,74.4,72.25,72.84,934200
WKC,21-Sep-2026,35.83,36.07,35.08,35.59,1454800
WLK,21-Sep-2026,69.4,69.42,67.74,67.77,576300
WLKP,21-Sep-2026,21.23,21.325,21.15,21.29,31300
WLTG,21-Sep-2026,38.44,38.76,38.44,38.6938,77500
WLY,21-Sep-2026,48.15,48.62,46.97,47.29,346400
WLYB,21-Sep-2026,47.74,48.5,47.15,47.15,7900
WM,21-Sep-2026,210.1,210.38,206.875,207.04,2317900
WMB,21-Sep-2026,71.55,72.46,71.38,71.65,5195600
WMK,21-Sep-2026,71.9,73.41,71.9,73.04,262700
WMS,21-Sep-2026,126.93,128.105,125.31,126.88,577800
WNC,21-Sep-2026,12.04,12.07,11.645,11.79,356700
WOLF,21-Sep-2026,27,28.22,26.23,27.71,2685800
WOR,21-Sep-2026,58.24,58.79,57,58.15,338900
WPC,21-Sep-2026,66.43,66.81,66.15,66.2,1371900
WPM,21-Sep-2026,152,152,146.11,147.66,1456400
WPP,21-Sep-2026,25.68,25.705,25.19,25.65,261600
WRB,21-Sep-2026,69.76,70.08,68.74,68.79,4696900
WRB-E,21-Sep-2026,20.2,20.48,20.05,20.4,14300
WRB-F,21-Sep-2026,17.85,18.12,17.8,18.055,103300
WRB-G,21-Sep-2026,15.78,16.07,15.75,15.95,19600
WRB-H,21-Sep-2026,14.99,15.1792,14.81,15.04,37100
WRBY,21-Sep-2026,22.86,23.98,22.855,23.25,4108900
WRBpE,21-Sep-2026,20.2,20.48,20.05,20.4,10487
WRBpF,21-Sep-2026,17.85,18.12,17.8,18.055,95482
WRBpG,21-Sep-2026,15.78,16.07,15.75,15.95,18436
WRBpH,21-Sep-2026,14.99,15.1792,14.81,15.04,33324
WS,21-Sep-2026,33.48,33.86,32.905,33.34,173100
WSM,21-Sep-2026,226.1,228.89,222.77,227.16,1017700
WSO,21-Sep-2026,313.46,321.85,309.7187,317.69,560000
WST,21-Sep-2026,363.78,366.115,361.05,361.78,506700
WT,21-Sep-2026,23.4,23.85,23.02,23.72,2300000
WTI,21-Sep-2026,3.74,3.82,3.69,3.74,3249100
WTM,21-Sep-2026,2062.78,2076.53,2049.62,2056.85,18100
WTRG,21-Sep-2026,41.01,41.225,40.41,40.48,2487500
WTS,21-Sep-2026,352.57,352.9225,348.7,350.62,150200
WTTR,21-Sep-2026,20.77,20.9283,20.26,20.6,1575200
WU,21-Sep-2026,6.23,6.37,6.14,6.2,11690000
WWW,21-Sep-2026,19.07,19.61,18.865,19.48,521500
WY,21-Sep-2026,21.3,21.375,20.975,21.01,7568000
XFL-,21-Sep-2026,0.0851,0.0851,0.0851,0.0851,600
XFLH,21-Sep-2026,10.01,10.06,10.01,10.06,2300
XFLT,21-Sep-2026,19.43,19.6,19.43,19.57,200000
XHR,21-Sep-2026,17.76,17.89,17.575,17.86,993700
XIFR,21-Sep-2026,11.02,11.095,10.79,10.84,1028000
XOM,21-Sep-2026,160.96,161.9499,157.94,158.3,15752400
XPER,21-Sep-2026,5.52,5.555,5.44,5.55,364800
XPEV,21-Sep-2026,10.4,10.48,10.275,10.47,9123900
XPO,21-Sep-2026,174.9,176.27,170.45,174.34,978200
XPOF,21-Sep-2026,3.7,3.9,3.67,3.88,651100
XPRO,21-Sep-2026,16.24,16.67,16.01,16.41,554900
XRN,21-Sep-2026,36.25,36.71,36.18,36.22,84000
XRN-A,21-Sep-2026,25.16,25.18,25.015,25.18,1900
XRN-B,21-Sep-2026,25.77,25.77,25.49,25.62,7000
XTND,21-Sep-2026,4.52,4.67,4.37,4.45,1390600
XXI,21-Sep-2026,6.41,6.66,6.16,6.61,3523600
XYF,21-Sep-2026,4.9,5.22,4.9,5.12,76100
XYL,21-Sep-2026,108.36,108.36,106.98,107.24,2343600
XYZ,21-Sep-2026,77.29,78.17,76.37,77.91,3680000
XZO,21-Sep-2026,16.56,16.93,16.3,16.75,306200
YALA,21-Sep-2026,5.44,5.58,5.43,5.57,298300
YCY,21-Sep-2026,10.23,10.23,10.23,10.23,100
YCY.W,21-Sep-2026,0.2,0.2,0.1725,0.1725,2400
YELP,21-Sep-2026,19.64,19.8,19.365,19.41,1478800
YETI,21-Sep-2026,42.18,43.3,41.54,42.79,2451500
YEXT,21-Sep-2026,6.14,6.46,6.115,6.42,908000
YMM,21-Sep-2026,8.2,8.22,7.985,8.2,2652600
YOU,21-Sep-2026,38.48,39.435,37.375,39.26,1990900
YPF,21-Sep-2026,54.52,54.8797,52.57,53.18,1310500
YRD,21-Sep-2026,0.95,0.9998,0.95,0.98,52000
YSG,21-Sep-2026,2.49,2.64,2.46,2.61,116100
YSS,21-Sep-2026,8.69,9.98,8.69,9.76,4614700
YUM,21-Sep-2026,138.7,139.95,137.79,139.33,2641300
YUMC,21-Sep-2026,41.63,41.735,41.1,41.47,1464600
ZBH,21-Sep-2026,95.32,95.66,93.64,94.32,1600200
ZEPP,21-Sep-2026,4.32,4.53,4.31,4.39,14600
ZETA,21-Sep-2026,30.72,31.15,30.06,31.15,5236600
ZGN,21-Sep-2026,12.4,12.55,12.275,12.42,1071400
ZH,21-Sep-2026,3.21,3.45,3.125,3.45,2126500
ZIM,21-Sep-2026,30.09,30.495,29.87,30.46,835600
ZIP,21-Sep-2026,3.67,3.89,3.66,3.88,840600
ZKH,21-Sep-2026,2.96,2.96,2.85,2.87,130900
ZTO,21-Sep-2026,20.03,20.09,18.9532,19.45,11568200
ZTR,21-Sep-2026,6.31,6.33,6.19,6.22,171100
ZTS,21-Sep-2026,72.06,72.475,70.26,71.33,3946500
ZVIA,21-Sep-2026,1.44,1.47,1.39,1.39,370900
ZWS,21-Sep-2026,46.21,46.28,45.75,46.2,626800
