Symbol,Date,Open,High,Low,Close,Volume
A,06-Jul-2026,130.01,131.28,128.05,130.6,1999900
AA,06-Jul-2026,48.84,51.03,48.73,49.87,7297600
AAC.U,06-Jul-2026,10.06,10.075,10.05,10.05,975800
AADX,06-Jul-2026,23.03,23.44,22.1019,23.08,812900
AAMI,06-Jul-2026,73.8,79.43,72.66,79.15,729800
AAP,06-Jul-2026,60.41,61.075,56.3,56.33,2414900
AAT,06-Jul-2026,25.55,25.55,25.16,25.16,332700
AAUC,06-Jul-2026,24.84,24.87,23.76,24.06,268500
AB,06-Jul-2026,36.49,37.16,36.45,36.83,329500
ABBV,06-Jul-2026,259.92,260.92,253.6001,254.76,8580200
ABCB,06-Jul-2026,89.82,91.0863,89.74,90.83,318100
ABEV,06-Jul-2026,3.05,3.09,3.02,3.07,34410500
ABG,06-Jul-2026,204.01,208.05,200.24,207.97,213000
ABM,06-Jul-2026,44.1,44.985,43.81,44.4,379700
ABR,06-Jul-2026,5.22,5.355,4.97,4.98,5267900
ABR-D,06-Jul-2026,16.08,16.1,16.07,16.1,6700
ABR-E,06-Jul-2026,16.02,16.02,15.9501,15.97,2100
ABR-F,06-Jul-2026,22.57,22.895,22.57,22.895,17900
ABRpD,06-Jul-2026,16.0801,16.1,16.07,16.1,5873
ABRpE,06-Jul-2026,16.02,16.02,15.9501,15.97,1827
ABRpF,06-Jul-2026,22.71,22.895,22.57,22.895,16326
ABT,06-Jul-2026,95,95.92,92.99,95.63,15257000
ABX,06-Jul-2026,11.8,12.44,11.76,12,797100
ABXL,06-Jul-2026,25.46,25.51,25.45,25.495,20300
ACA,06-Jul-2026,145.2,145.68,144.65,145.38,500300
ACCO,06-Jul-2026,4.2,4.2281,4.055,4.1,914400
ACEL,06-Jul-2026,12.78,12.785,12.36,12.38,270400
ACH,06-Jul-2026,3.6,3.76,3.435,3.64,646000
ACH.W,06-Jul-2026,0.12,0.12,0.1118,0.1199,65700
ACHR,06-Jul-2026,5,5.46,4.9701,5.37,36944400
ACHR.WS,06-Jul-2026,0.12,0.12,0.1118,0.1199,65187
ACI,06-Jul-2026,14.12,14.215,13.97,14.18,5811100
ACLO,06-Jul-2026,50.33,50.35,50.33,50.34,2300
ACM,06-Jul-2026,67.41,69.83,67.41,69.61,1533100
ACN,06-Jul-2026,135.96,138.11,133.5,136.96,6974800
ACP,06-Jul-2026,5.28,5.29,5.25,5.25,283400
ACP-A,06-Jul-2026,19.55,19.66,19.55,19.66,1400
ACPpA,06-Jul-2026,19.55,19.66,19.55,19.66,737
ACR,06-Jul-2026,17.92,18.14,17.92,18.07,8100
ACR-C,06-Jul-2026,24.99,24.99,24.97,24.98,7800
ACR-D,06-Jul-2026,21.63,21.75,21.6,21.6984,3700
ACRE,06-Jul-2026,4.53,4.58,4.485,4.53,420200
ACRpC,06-Jul-2026,24.99,24.99,24.97,24.98,6824
ACRpD,06-Jul-2026,21.63,21.75,21.6,21.6984,3383
ACV,06-Jul-2026,27.94,28.38,27.85,28.14,26300
ACVA,06-Jul-2026,7.23,7.59,7.23,7.43,3192500
AD,06-Jul-2026,36.01,36.23,34.77,34.97,441500
ADC,06-Jul-2026,78,78,76.96,77.17,1573900
ADC-A,06-Jul-2026,17.1,17.24,17.1,17.17,16200
ADCpA,06-Jul-2026,17.1,17.24,17.1,17.17,15224
ADCT,06-Jul-2026,1.2,1.25,1.145,1.25,934200
ADM,06-Jul-2026,76.98,78.17,76.504,77.93,3145000
ADNT,06-Jul-2026,19.07,19.54,18.95,19.41,1005500
ADT,06-Jul-2026,6.8,6.85,6.68,6.75,10497100
ADX,06-Jul-2026,25.74,25.84,25.6786,25.7,265000
AEE,06-Jul-2026,114.61,114.82,112.89,112.99,1638700
AEFC,06-Jul-2026,18.83,18.9,18.77,18.87,35500
AEG,06-Jul-2026,8.79,8.82,8.73,8.79,6334400
AEM,06-Jul-2026,156.69,158.07,152.22,154.94,2875000
AEO,06-Jul-2026,16.39,16.705,16.07,16.5,4156900
AER,06-Jul-2026,148.17,153.955,146.9,153.45,1189000
AERO,06-Jul-2026,17.55,17.675,17.23,17.32,106900
AES,06-Jul-2026,14.64,14.64,14.53,14.57,8785500
AESI,06-Jul-2026,14.47,15.08,13.75,13.82,3098000
AEXA,06-Jul-2026,11.8,11.97,11.8,11.88,72800
AFB,06-Jul-2026,11.43,11.43,11.33,11.33,45000
AFG,06-Jul-2026,142.49,143.33,141.31,142.03,600400
AFGB,06-Jul-2026,20.35,20.4858,20.3079,20.35,5400
AFGC,06-Jul-2026,18,18.08,17.91,17.92,3300
AFGD,06-Jul-2026,19.55,19.6,19.55,19.5624,3300
AFGE,06-Jul-2026,16.1,16.1,15.9501,16.05,9000
AFL,06-Jul-2026,121,121.5284,119.63,120.47,1563000
AG,06-Jul-2026,18.05,18.08,17.13,17.31,9940200
AGBK,06-Jul-2026,7.2,7.3,7.035,7.23,237600
AGCO,06-Jul-2026,116.64,118.7,115.75,118.32,756300
AGD,06-Jul-2026,12.02,12.05,12,12.04,29600
AGI,06-Jul-2026,31.97,32.34,31.08,31.57,3606700
AGL,06-Jul-2026,108.81,115,104.79,107.6,294900
AGM,06-Jul-2026,201.38,204.19,200.29,200.87,114100
AGM-D,06-Jul-2026,21,21.11,20.75,21.11,6200
AGM-E,06-Jul-2026,20.51,20.7878,20.51,20.7799,4100
AGM-F,06-Jul-2026,18.74,18.8188,18.63,18.8188,5600
AGM-G,06-Jul-2026,17.51,17.62,17.44,17.54,6400
AGM-H,06-Jul-2026,23.54,23.54,23.48,23.505,2400
AGM-I,06-Jul-2026,23.73,23.93,23.73,23.84,6000
AGM.A,06-Jul-2026,148.01,149.96,148.01,149.96,1700
AGMpD,06-Jul-2026,21,21.11,20.75,21.11,5439
AGMpE,06-Jul-2026,20.51,20.7878,20.51,20.7799,4045
AGMpF,06-Jul-2026,18.74,18.8188,18.63,18.8188,5208
AGMpG,06-Jul-2026,19,19,17.44,17.54,5518
AGMpH,06-Jul-2026,23.54,23.54,23.48,23.505,1739
AGO,06-Jul-2026,83.45,84.13,83.31,83.63,288800
AGRO,06-Jul-2026,9.7,9.93,9.45,9.48,1022000
AGX,06-Jul-2026,723.62,764.43,718.2334,725.23,263800
AHL-D,06-Jul-2026,18.79,19.1,18.7224,19.09,24500
AHL-E,06-Jul-2026,18.78,19.06,18.78,19.01,23700
AHL-F,06-Jul-2026,23.71,23.71,23.65,23.65,3500
AHLpD,06-Jul-2026,18.79,19.1,18.7224,19.02,20962
AHLpE,06-Jul-2026,18.78,19.06,18.78,18.91,20453
AHLpF,06-Jul-2026,23.71,23.71,23.65,23.65,2550
AHR,06-Jul-2026,55.1,55.75,53.39,53.83,3734900
AHR-A,06-Jul-2026,21.49,21.85,21.49,21.635,7600
AHRT,06-Jul-2026,7.11,7.1176,7.01,7.04,655100
AHT,06-Jul-2026,3.2,3.225,3.17,3.19,37200
AHT-D,06-Jul-2026,5.77,6.1612,5.76,6.1599,3000
AHT-F,06-Jul-2026,6.39,6.7,6.35,6.59,8500
AHT-G,06-Jul-2026,5.94,5.94,5.29,5.75,4800
AHT-H,06-Jul-2026,5.3657,5.415,5.33,5.415,2300
AHT-I,06-Jul-2026,5.45,5.705,5.28,5.28,3100
AHTpD,06-Jul-2026,5.77,6.1612,5.76,6.1599,2529
AHTpF,06-Jul-2026,6.39,6.7,6.35,6.59,5727
AHTpG,06-Jul-2026,5.94,5.94,5.29,5.75,3995
AHTpH,06-Jul-2026,5.3657,5.415,5.33,5.415,2314
AHTpI,06-Jul-2026,5.4545,5.705,5.28,5.28,1519
AI,06-Jul-2026,8.937,9.55,8.8,9.28,5060000
AIG,06-Jul-2026,79.19,80.8,78.67,80.75,3941400
AII,06-Jul-2026,19.26,19.26,18.73,18.73,74500
AIIA,06-Jul-2026,10.25,10.25,10.25,10.25,100
AIN,06-Jul-2026,73.66,74.8209,73.375,73.98,168600
AIO,06-Jul-2026,27.17,27.92,26.95,27.02,46300
AIR,06-Jul-2026,141.93,144.415,141.5,143.61,448700
AIT,06-Jul-2026,330.85,331.705,327.11,328.53,256500
AIV,06-Jul-2026,2.96,2.965,2.93,2.94,853900
AIZ,06-Jul-2026,280.11,282.36,276.82,279.28,429500
AIZN,06-Jul-2026,18.93,19,18.8,18.93,12400
AJG,06-Jul-2026,251.36,251.79,247.88,249.77,1868600
AKA,06-Jul-2026,11,11.3146,10.79,10.79,2700
AKAF,06-Jul-2026,31.91,31.91,31.7388,31.7388,200
AKO.B,06-Jul-2026,29.63,29.78,29.41,29.78,1300
AKR,06-Jul-2026,21.3,21.6,21.18,21.31,1372000
ALB,06-Jul-2026,135.86,137.43,132.6592,133.8,1531500
ALB-A,06-Jul-2026,55.3,56.04,54.75,54.83,25500
ALBpA,06-Jul-2026,55.3,56.04,54.75,54.95,14021
ALC,06-Jul-2026,68.64,68.84,67.79,68.33,2029000
ALG,06-Jul-2026,170.18,172.135,168,170.89,120800
ALH,06-Jul-2026,25.85,26.3,25.66,26.02,350000
ALIT,06-Jul-2026,14.17,17.19,14.11,16.71,1343700
ALK,06-Jul-2026,51.62,52.53,50.17,50.41,2723600
ALL,06-Jul-2026,249.05,249.26,246.645,248.37,1516400
ALL-B,06-Jul-2026,25.54,25.54,25.4517,25.53,15600
ALL-H,06-Jul-2026,20,20.04,19.92,20.02,60200
ALL-I,06-Jul-2026,18.59,18.64,18.55,18.5971,27700
ALL-J,06-Jul-2026,26.06,26.09,25.98,26.01,38500
ALLE,06-Jul-2026,140.56,140.75,138.57,140.14,1336500
ALLpB,06-Jul-2026,25.54,25.54,25.4517,25.5,12186
ALLpH,06-Jul-2026,20,20.04,19.92,20.02,51548
ALLpI,06-Jul-2026,18.59,18.64,18.55,18.5971,24759
ALLpJ,06-Jul-2026,26.06,26.09,25.98,26.03,32851
ALLY,06-Jul-2026,45.41,46.255,45.41,46.23,1702100
ALSN,06-Jul-2026,115.77,117.5041,113.6,116.6,1232200
ALT-A,06-Jul-2026,25.34,25.9,25.28,25.725,7900
ALTG,06-Jul-2026,6.16,6.56,6.07,6.48,172000
ALTGpA,06-Jul-2026,25.34,25.9,25.28,25.725,6004
ALU.V,06-Jul-2026,0.41,0.41,0.41,0.41,5300
ALUB,06-Jul-2026,10.08,10.08,10.04,10.05,6300
ALV,06-Jul-2026,116.98,119.95,116.98,119.83,524700
ALX,06-Jul-2026,274.57,278.64,272.35,272.35,19700
AM,06-Jul-2026,22.38,22.7,22.055,22.08,1897200
AMBP,06-Jul-2026,4.8,4.83,4.6301,4.72,2154600
AMBQ,06-Jul-2026,84.62,88.7876,82.62,83.82,355100
AMC,06-Jul-2026,1.86,1.88,1.72,1.74,68889800
AMCR,06-Jul-2026,44.82,44.92,43.97,44.62,3107300
AME,06-Jul-2026,234.97,238.565,234.965,237.14,846900
AMG,06-Jul-2026,345.34,357.8499,344.44,356.61,292200
AMH,06-Jul-2026,33.99,34.12,33.595,33.76,1791000
AMH-G,06-Jul-2026,22.97,23.23,22.9301,22.94,2600
AMH-H,06-Jul-2026,23.52,23.85,23.52,23.69,2100
AMHpG,06-Jul-2026,22.9678,23.23,22.9301,22.94,2446
AMHpH,06-Jul-2026,23.52,23.85,23.52,23.69,1265
AMN,06-Jul-2026,34.76,36.27,34.46,35.77,1154500
AMP,06-Jul-2026,490.37,507.74,487.17,507.5,753100
AMP.V,06-Jul-2026,5.28,5.83,5.28,5.46,14500
AMPX,06-Jul-2026,12.53,13.68,12.46,13.09,6363600
AMPX.WS,06-Jul-2026,5.28,5.83,5.28,5.46,13608
AMPY,06-Jul-2026,4,4.04,3.86,3.86,604500
AMR,06-Jul-2026,158,162.76,156.45,157.54,234200
AMRC,06-Jul-2026,25.72,27.11,25.6,27.05,482900
AMRZ,06-Jul-2026,53.97,54.35,52.97,54.01,1690700
AMT,06-Jul-2026,165,165.79,160.06,162.11,3989400
AMTB,06-Jul-2026,25.51,26.1,25.23,26.05,279200
AMTD,06-Jul-2026,0.94,0.9854,0.94,0.9551,6000
AMTM,06-Jul-2026,21.26,22.27,21.14,22.25,2391100
AMWL,06-Jul-2026,9.19,9.54,9.13,9.29,61300
AMX,06-Jul-2026,25.8,26.18,25.785,26.14,1450200
AN,06-Jul-2026,185.44,191,182.9,190.72,616900
ANDG,06-Jul-2026,36.49,38.17,36.15,37.91,257500
ANET,06-Jul-2026,162.87,177.2,161.36,173.28,8509200
ANF,06-Jul-2026,92.77,92.77,89.12,89.77,902600
ANG-D,06-Jul-2026,23.8,23.89,23.7301,23.825,11100
ANGpD,06-Jul-2026,23.8,23.89,23.7301,23.825,8356
ANGX,06-Jul-2026,3.61,3.8,3.4629,3.53,1585900
ANRO,06-Jul-2026,24.85,26.87,24.405,26.22,677800
ANVS,06-Jul-2026,1.96,1.99,1.91,1.97,456500
AOD,06-Jul-2026,10.4,10.45,10.36,10.45,225800
AOMD,06-Jul-2026,25.25,25.35,25.2,25.2499,4300
AOMN,06-Jul-2026,25.39,25.47,25.39,25.42,7900
AOMR,06-Jul-2026,9.01,9.09,8.98,9.02,91400
AON,06-Jul-2026,356.71,357.18,351.3821,356.91,1217900
AORT,06-Jul-2026,24.03,24.825,23.5,24.66,690800
AOS,06-Jul-2026,62.59,62.69,61.62,62.45,1441700
AP,06-Jul-2026,7.49,8.42,7.49,7.98,265000
APAM,06-Jul-2026,35.55,36.54,35.35,36.18,768800
APD,06-Jul-2026,314.3,314.87,305.02,308.86,1368800
APG,06-Jul-2026,41.92,42.965,41.82,42.83,2700600
APH,06-Jul-2026,168,169.37,164.69,166.81,7625100
APLE,06-Jul-2026,16.64,16.77,16.485,16.58,2159500
APO,06-Jul-2026,119,123.0188,118.9,122.17,4250600
APO-A,06-Jul-2026,62.57,63.05,62.43,62.72,157400
APOpA,06-Jul-2026,62.57,63.05,62.43,62.72,25167
APOS,06-Jul-2026,25.51,25.72,25.51,25.66,20200
APTV,06-Jul-2026,59.35,60.25,58.795,59.73,2332800
AQN,06-Jul-2026,5.48,5.625,5.46,5.58,8247400
AQNB,06-Jul-2026,25.43,25.52,25.43,25.5199,8900
AR,06-Jul-2026,35.45,35.55,34.545,34.68,4103400
ARCO,06-Jul-2026,8.34,8.3986,8.21,8.28,3579600
ARDC,06-Jul-2026,12.84,12.8692,12.8,12.84,72000
ARDT,06-Jul-2026,10.81,11.03,10.46,10.82,643400
ARE,06-Jul-2026,52.31,52.72,49.545,49.87,1744600
ARE-B,06-Jul-2026,38.71,39.56,38.71,39.2,110900
ARES,06-Jul-2026,117.92,121.87,117.175,121.83,2109600
ARESpB,06-Jul-2026,38.71,39.56,38.71,39.48,15012
ARI,06-Jul-2026,10.41,10.48,10.25,10.29,3664300
ARIS,06-Jul-2026,16.51,16.73,15.815,15.98,912500
ARL,06-Jul-2026,21,21.61,20.69,20.69,10100
ARLO,06-Jul-2026,12.88,13.39,12.64,13.19,1302500
ARMK,06-Jul-2026,56.13,56.248,55.5,56,2341400
AROC,06-Jul-2026,36.74,37.88,36.32,36.53,1597000
ARR,06-Jul-2026,17.1,17.24,17.03,17.18,3430100
ARR-C,06-Jul-2026,20.88,20.95,20.88,20.8906,12000
ARRpC,06-Jul-2026,20.88,20.95,20.88,20.8906,10452
ARW,06-Jul-2026,199.3,202.3938,195.875,197.82,593600
ARX,06-Jul-2026,13.49,13.7675,13.12,13.25,1013400
AS,06-Jul-2026,35.21,35.4518,34.59,34.84,2816800
ASA,06-Jul-2026,55.08,56.15,54.05,54.6,77100
ASAN,06-Jul-2026,7.2,7.38,7.04,7.21,4704900
ASB,06-Jul-2026,30.52,30.9,30.49,30.65,2068200
ASB-E,06-Jul-2026,20.21,20.3,20.17,20.2219,5100
ASB-F,06-Jul-2026,19.49,19.5999,19.35,19.38,17300
ASBA,06-Jul-2026,24.43,24.55,24.43,24.531,13000
ASBpE,06-Jul-2026,20.21,20.3,20.17,20.2219,4201
ASBpF,06-Jul-2026,19.49,19.5999,19.35,19.38,16343
ASC,06-Jul-2026,14.86,15.67,14.66,15.22,552800
ASG,06-Jul-2026,5.49,5.52,5.47,5.49,135000
ASGI,06-Jul-2026,23.12,23.39,22.98,23.17,143400
ASH,06-Jul-2026,66.43,67.37,65.731,66.7,596400
ASIC,06-Jul-2026,25.27,25.845,24.84,24.98,70300
ASIX,06-Jul-2026,20.11,20.26,19.87,20.1,200300
ASPN,06-Jul-2026,5.62,5.79,5.44,5.47,1132600
ASR,06-Jul-2026,311.77,316.66,308.48,308.89,59900
ASX,06-Jul-2026,43.16,45.27,43,43.32,10362400
ATEN,06-Jul-2026,36.1,37.4199,35.69,36.44,1105400
ATH-A,06-Jul-2026,24.25,24.4,24.25,24.37,44800
ATH-B,06-Jul-2026,18.61,18.78,18.57,18.75,26700
ATH-D,06-Jul-2026,16.02,16.15,16.02,16.15,23100
ATH-E,06-Jul-2026,25.16,25.21,25.0256,25.19,27800
ATHM,06-Jul-2026,18.35,18.84,17.91,18.63,537700
ATHpA,06-Jul-2026,24.25,24.4,24.25,24.37,39646
ATHpB,06-Jul-2026,18.61,18.78,18.57,18.75,23367
ATHpD,06-Jul-2026,16.02,16.15,16.02,16.15,20611
ATHpE,06-Jul-2026,25.04,25.21,25.0256,25.19,23642
ATHS,06-Jul-2026,24.51,24.64,24.45,24.63,19400
ATI,06-Jul-2026,189.4,194.395,189.26,192.06,1219300
ATKR,06-Jul-2026,69.36,71.12,69.36,70.45,287300
ATMU,06-Jul-2026,49.7,52.04,49.465,52,549700
ATO,06-Jul-2026,176.79,176.79,173.49,173.83,1139800
ATR,06-Jul-2026,126.43,127.045,124.1775,126.01,431400
ATS,06-Jul-2026,27.94,28.67,27.94,28.47,198800
AU,06-Jul-2026,85.09,85.4,83.2,84.05,2583800
AUB,06-Jul-2026,42.14,42.54,42.07,42.2,834200
AUB-A,06-Jul-2026,24.37,24.59,24.34,24.53,14000
AUBpA,06-Jul-2026,24.54,24.59,24.34,24.52,13216
AUNA,06-Jul-2026,5.25,5.4899,5.19,5.3,313400
AVA,06-Jul-2026,41.42,41.6,40.63,40.66,580000
AVAL,06-Jul-2026,5.09,5.22,5.06,5.08,62600
AVB,06-Jul-2026,193.94,195.1,192.0001,194.35,1015100
AVBC,06-Jul-2026,21.03,21.21,20.755,20.77,51000
AVD,06-Jul-2026,3.16,3.225,3.035,3.11,258100
AVEX,06-Jul-2026,21,21.5,19.5188,19.6,1596300
AVK,06-Jul-2026,12.94,13.1,12.94,13.01,91900
AVNS,06-Jul-2026,24.93,24.95,24.92,24.92,408600
AVNT,06-Jul-2026,37.44,39.04,37.06,38.89,1518900
AVTR,06-Jul-2026,10.35,10.54,10.13,10.37,7512000
AVY,06-Jul-2026,166.04,166.23,163.25,166.04,608700
AWF,06-Jul-2026,10.2,10.23,10.1811,10.23,318700
AWI,06-Jul-2026,158.98,160.08,157.23,159.6,402700
AWK,06-Jul-2026,135.75,136.13,132,133.09,3630000
AWP,06-Jul-2026,11.95,11.99,11.92,11.95,212900
AWR,06-Jul-2026,84.63,84.63,82.87,83.14,290600
AX,06-Jul-2026,99,100.83,97.73,100.73,457700
AXI-C,06-Jul-2026,10,10.18,9.96,10.1,40600
AXIA,06-Jul-2026,10.35,10.47,10.215,10.43,1788900
AXP,06-Jul-2026,352.21,358.1699,350.585,356.03,3525100
AXR,06-Jul-2026,25.9,25.9,25.04,25.14,4100
AXS,06-Jul-2026,112.83,113.76,112.445,113.06,601400
AXS-E,06-Jul-2026,18.86,18.96,18.86,18.95,46300
AXSpE,06-Jul-2026,18.86,18.96,18.86,18.95,38079
AXTA,06-Jul-2026,35.24,35.24,34.58,35.01,1233800
AYI,06-Jul-2026,360.83,364.06,351.695,354.23,332900
AZN,06-Jul-2026,190.2,190.24,186.235,190.16,1872000
AZO,06-Jul-2026,3140.57,3150.1,2949.43,2957.71,339600
AZZ,06-Jul-2026,150.01,153.57,150.01,152.55,260100
B,06-Jul-2026,38.59,38.8,37.565,38.11,8157300
BA,06-Jul-2026,227.15,234.847,227,234.54,7029200
BA-A,06-Jul-2026,69.85,72.0199,69.85,71.8,1326000
BABA,06-Jul-2026,97.41,98.03,96.37,97.91,8948100
BAC,06-Jul-2026,59.14,59.94,58.92,59.9,34645400
BAC-B,06-Jul-2026,25.08,25.08,25.04,25.04,41900
BAC-E,06-Jul-2026,18.73,18.7488,18.73,18.74,5900
BAC-K,06-Jul-2026,24.29,24.34,24.21,24.21,42300
BAC-L,06-Jul-2026,1245,1262.4,1245,1260.99,16100
BAC-M,06-Jul-2026,21.48,21.5,21.4,21.5,188800
BAC-N,06-Jul-2026,20.03,20.11,19.9872,20.01,75300
BAC-O,06-Jul-2026,17.62,17.69,17.61,17.63,102400
BAC-P,06-Jul-2026,16.79,16.84,16.7422,16.78,68400
BAC-Q,06-Jul-2026,17.07,17.08,17.0022,17.05,111100
BAC-S,06-Jul-2026,19.08,19.17,19.03,19.07,42700
BACpB,06-Jul-2026,25.08,25.08,25.04,25.04,36441
BACpE,06-Jul-2026,18.73,18.7488,18.73,18.74,4755
BACpK,06-Jul-2026,24.29,24.34,24.21,24.21,36507
BACpL,06-Jul-2026,1247,1262.4,1245,1261,8794
BACpM,06-Jul-2026,21.96,21.96,21.4,21.47,101889
BACpN,06-Jul-2026,20.03,20.11,19.9872,20.02,64086
BACpO,06-Jul-2026,17.62,17.69,17.61,17.66,95496
BACpP,06-Jul-2026,16.79,16.84,16.7422,16.76,61276
BACpQ,06-Jul-2026,17.07,17.08,17.0022,17.05,99365
BACpS,06-Jul-2026,19.08,19.17,19.03,19.09,38064
BAH,06-Jul-2026,62.45,62.86,60.5,62.31,2161500
BAK,06-Jul-2026,2.37,2.44,2.34,2.39,1985700
BALL,06-Jul-2026,63.94,63.94,61.305,62.95,2648400
BALY,06-Jul-2026,14.59,14.825,13.02,13.06,67700
BAM,06-Jul-2026,46.37,47.385,46.29,47,2433400
BAN-F,06-Jul-2026,25.21,25.3,25.17,25.25,20900
BANC,06-Jul-2026,20.27,20.63,20.15,20.56,2059100
BANCpF,06-Jul-2026,25.21,25.3,25.17,25.25,16384
BAP,06-Jul-2026,395.52,398.58,389.46,392.32,274000
BApA,06-Jul-2026,69.85,72.0199,69.85,71.96,38372
BARK,06-Jul-2026,10.93,10.93,10.27,10.38,33200
BAX,06-Jul-2026,22.78,22.83,22.155,22.58,4891600
BB,06-Jul-2026,11.27,12.075,11.15,11.38,21201000
BBA.W,06-Jul-2026,0.36,0.36,0.3451,0.3479,19700
BBAI,06-Jul-2026,3.5,3.7,3.48,3.58,26230800
BBAI.WS,06-Jul-2026,0.36,0.36,0.3451,0.3479,18782
BBAR,06-Jul-2026,19.51,20.9899,19.51,20.76,720700
BBB.W,06-Jul-2026,0.45,0.45,0.413,0.4208,38200
BBBY,06-Jul-2026,5.82,5.87,5.5,5.56,2569400
BBD,06-Jul-2026,3.47,3.52,3.44,3.5,36016700
BBDC,06-Jul-2026,8.57,8.65,8.53,8.53,596000
BBDO,06-Jul-2026,2.98,3.0706,2.93,2.97,102700
BBN,06-Jul-2026,15.98,16.15,15.9,16.1,85100
BBT,06-Jul-2026,30.2,30.48,29.99,30.24,611900
BBUC,06-Jul-2026,30.59,31.725,30.59,31.7,381800
BBVA,06-Jul-2026,25.88,26.14,25.81,26.14,1591300
BBW,06-Jul-2026,31.82,31.82,30.17,31.02,512100
BBWI,06-Jul-2026,21.75,22.32,20.9692,21.92,4514100
BBY,06-Jul-2026,78.43,78.67,77.01,78,3214800
BC,06-Jul-2026,79.65,80.065,78.23,79.27,432100
BC-C,06-Jul-2026,24.17,24.32,24.12,24.25,6400
BCAT,06-Jul-2026,15.85,16,15.8,15.99,610700
BCC,06-Jul-2026,75.66,76.115,73.66,75.28,329500
BCE,06-Jul-2026,21.65,21.65,20.87,20.87,5182900
BCEM,06-Jul-2026,27.1,27.2285,27.08,27.2285,2700
BCGD,06-Jul-2026,26.65,26.8703,26.65,26.8703,1700
BCH,06-Jul-2026,39.92,40.4,39.61,40.04,429800
BCO,06-Jul-2026,101.4,104.82,101.27,104.56,427300
BCS,06-Jul-2026,28.08,28.43,28.07,28.41,3524700
BCSF,06-Jul-2026,12.68,12.77,12.58,12.59,299100
BCSM,06-Jul-2026,25.36,25.47,25.35,25.47,10200
BCSS,06-Jul-2026,10.24,10.26,10.24,10.26,9700
BCX,06-Jul-2026,11.51,11.63,11.38,11.38,118500
BDC,06-Jul-2026,115.1,117.48,113.22,113.24,493900
BDJ,06-Jul-2026,9.69,9.73,9.67,9.7,565800
BDN,06-Jul-2026,3.25,3.31,3.21,3.28,1735900
BDX,06-Jul-2026,157.95,158.005,154.32,155.54,1485500
BE,06-Jul-2026,280.92,305.41,276.68,295.05,11624400
BEKE,06-Jul-2026,15.21,15.27,14.845,15.02,3650400
BEN,06-Jul-2026,34.25,34.665,34.16,34.44,3591400
BEP,06-Jul-2026,34.13,34.2,33.63,33.79,1163400
BEP-A,06-Jul-2026,16.94,17.3,16.94,17.22,19000
BEPC,06-Jul-2026,36.72,37.23,36.345,36.62,1561800
BEPH,06-Jul-2026,14.56,14.7869,14.5583,14.68,26300
BEPI,06-Jul-2026,15.37,15.5318,15.3,15.5318,14800
BEPJ,06-Jul-2026,25.25,25.36,25.07,25.24,22100
BEPpA,06-Jul-2026,16.94,17.3,16.94,17.22,16056
BETA,06-Jul-2026,18.16,19.2,18.11,19,1247000
BF.A,06-Jul-2026,26.31,26.63,25.67,26.46,136900
BF.B,06-Jul-2026,25.75,25.92,25,25.75,2949100
BFAM,06-Jul-2026,74.62,75.77,73.38,75.71,966400
BFH,06-Jul-2026,102.33,104.62,102.3,103.52,563400
BFH-A,06-Jul-2026,25.01,25.2415,25.01,25.01,7800
BFH-B,06-Jul-2026,25.18,25.395,24.95,25,9000
BFLY,06-Jul-2026,7.79,9.2,7.72,8.23,13044000
BFS,06-Jul-2026,37.42,37.51,36.66,36.71,111100
BFS-D,06-Jul-2026,20.74,20.86,20.74,20.82,5900
BFS-E,06-Jul-2026,21.49,21.94,21.49,21.94,2600
BFSpD,06-Jul-2026,20.74,20.86,20.74,20.82,5474
BFSpE,06-Jul-2026,21.49,21.94,21.49,21.94,1717
BG,06-Jul-2026,106.36,108.895,105.87,108.78,1048200
BGB,06-Jul-2026,11.3,11.338,11.3,11.3,109700
BGH,06-Jul-2026,14.15,14.29,14.1195,14.26,70800
BGR,06-Jul-2026,15,15.01,14.8801,14.93,91300
BGS,06-Jul-2026,4.06,4.0681,3.9,3.96,1741300
BGSF,06-Jul-2026,5.7,5.72,5.7,5.72,2700
BGSI,06-Jul-2026,97.63,97.9199,95.1,97.26,22800
BGT,06-Jul-2026,10.68,10.7,10.6,10.61,100800
BGX,06-Jul-2026,10.9,10.9,10.84,10.88,55100
BGY,06-Jul-2026,5.74,5.7999,5.74,5.78,143600
BH,06-Jul-2026,421.42,431.355,418.17,424.23,46400
BH.A,06-Jul-2026,2145,2198,2095.66,2128.42,13600
BHC,06-Jul-2026,4.87,4.9,4.75,4.81,2773800
BHE,06-Jul-2026,85.87,90.42,85,85.57,421700
BHK,06-Jul-2026,9.12,9.1988,9.1026,9.18,297800
BHP,06-Jul-2026,82.94,84.245,82.85,83.64,2001800
BHR,06-Jul-2026,2.27,2.435,2.21,2.21,937800
BHR-B,06-Jul-2026,14.26,14.59,14.02,14.15,9800
BHR-D,06-Jul-2026,17.06,17.61,17.06,17.405,1600
BHRpB,06-Jul-2026,14.26,14.59,14.02,14.15,8552
BHRpD,06-Jul-2026,17.06,17.61,17.06,17.405,1194
BHV,06-Jul-2026,12.8,12.97,12.7,12.7,2500
BHVN,06-Jul-2026,16.09,16.44,15.72,16.05,1945700
BII.U,06-Jul-2026,10.15,10.15,10.15,10.15,900
BII.W,06-Jul-2026,0.39,0.39,0.3899,0.3899,10500
BIII,06-Jul-2026,9.96,9.96,9.96,9.96,1400
BILL,06-Jul-2026,39.9,40.67,39.575,40.23,1865600
BIO,06-Jul-2026,298.82,298.82,290.925,295.15,270700
BIP,06-Jul-2026,36.69,37.52,36.69,37.31,1393600
BIP-A,06-Jul-2026,16.81,16.94,16.75,16.9,9700
BIP-B,06-Jul-2026,16.01,16.18,16,16.1783,47200
BIPC,06-Jul-2026,39.09,39.57,38.94,39.37,763200
BIPH,06-Jul-2026,15.78,16.0258,15.78,15.975,14300
BIPI,06-Jul-2026,16.04,16.45,16.04,16.45,40100
BIPJ,06-Jul-2026,25.13,25.13,24.93,24.93,800
BIPpA,06-Jul-2026,16.81,16.94,16.75,16.9,8724
BIPpB,06-Jul-2026,16.01,16.18,16,16.1783,46067
BIRK,06-Jul-2026,46,46.295,44.67,46.16,1496000
BIT,06-Jul-2026,12.53,12.57,12.49,12.55,175200
BJ,06-Jul-2026,88.38,89.28,86.57,87.53,2175200
BKD,06-Jul-2026,15.85,15.935,15.335,15.57,4578400
BKE,06-Jul-2026,41.95,42.7534,41.31,41.86,535600
BKH,06-Jul-2026,73.49,74.32,72.12,72.16,899200
BKK.W,06-Jul-2026,0.0501,0.0603,0.0501,0.0603,300
BKKT,06-Jul-2026,8.21,8.8196,8.18,8.61,874400
BKKT.WS,06-Jul-2026,0.0501,0.0603,0.0501,0.0603,355
BKS.W,06-Jul-2026,0.0534,0.0534,0.0431,0.0531,7700
BKSY,06-Jul-2026,27.85,28.53,26.92,27.16,1171000
BKSY.WS,06-Jul-2026,0.0534,0.0534,0.0431,0.0502,7299
BKT,06-Jul-2026,10.63,10.7096,10.63,10.64,66900
BKU,06-Jul-2026,48.55,49.66,48.495,49.46,798000
BKV,06-Jul-2026,27.33,27.77,27.05,27.05,641600
BLCO,06-Jul-2026,17.18,17.21,16.99,17.11,359700
BLDR,06-Jul-2026,84.92,85.47,80.83,82.33,1788400
BLK,06-Jul-2026,998.73,1012.3,990.24,1011.21,612900
BLND,06-Jul-2026,1.8,1.87,1.77,1.83,1487700
BLSH,06-Jul-2026,25.41,27.02,24.8,26.57,1287100
BLW,06-Jul-2026,12.56,12.64,12.5348,12.58,231500
BLX,06-Jul-2026,59.08,59.6,58.0201,58.37,202800
BMA,06-Jul-2026,91.09,95.47,90.8,94.34,234200
BME,06-Jul-2026,43.87,43.879,43.17,43.55,41300
BMEZ,06-Jul-2026,15.71,15.75,15.6,15.66,210700
BMI,06-Jul-2026,147.02,150.09,145.74,149.79,299400
BML-G,06-Jul-2026,18.87,18.87,18.74,18.8,3100
BML-H,06-Jul-2026,18.73,18.81,18.73,18.75,14200
BML-J,06-Jul-2026,20.17,20.2499,20.11,20.1699,12700
BML-L,06-Jul-2026,19.31,19.31,19.21,19.27,25400
BMLpG,06-Jul-2026,18.87,18.87,18.74,18.8,2804
BMLpH,06-Jul-2026,18.73,18.81,18.73,18.75,13338
BMLpJ,06-Jul-2026,20.17,20.2499,20.11,20.1699,12361
BMLpL,06-Jul-2026,19.31,19.31,19.21,19.27,23682
BMN,06-Jul-2026,25.9,25.9,25.5,25.55,7700
BMNP,06-Jul-2026,84.31,86.75,83.6756,86.21,23800
BMNR,06-Jul-2026,14.32,16.16,14.28,15.55,46730900
BMO,06-Jul-2026,174.82,176.38,174.27,176.1,1066200
BMY,06-Jul-2026,57.74,58.11,56.49,56.7,9313000
BN,06-Jul-2026,43.64,44.31,43.63,43.96,4209200
BNED,06-Jul-2026,11.96,12.065,11.41,11.47,603500
BNH,06-Jul-2026,15,15.38,15,15.37,69700
BNJ,06-Jul-2026,14.97,15.7,14.92,15.62,161800
BNL,06-Jul-2026,21.22,21.305,21.085,21.09,2132400
BNS,06-Jul-2026,86.02,87.09,86,87.09,10265500
BNT,06-Jul-2026,43.45,44.26,43.405,43.99,30300
BNY,06-Jul-2026,147.48,149.975,146.895,149.96,3980400
BNY-K,06-Jul-2026,25.38,25.47,25.26,25.47,31600
BOBS,06-Jul-2026,16.4,16.4,15.68,16.07,577200
BOC,06-Jul-2026,14.89,15.2199,14.75,14.8,182900
BOE,06-Jul-2026,12.13,12.27,12.1,12.17,131700
BOH,06-Jul-2026,82.61,83.31,82.25,83.06,273600
BOH-A,06-Jul-2026,15.5,15.59,15.46,15.55,41900
BOH-B,06-Jul-2026,26.46,26.5,26.2901,26.5,16700
BOHpA,06-Jul-2026,15.5,15.59,15.46,15.54,40792
BOHpB,06-Jul-2026,26.46,26.5,26.2901,26.5,16032
BOND,06-Jul-2026,91.83,91.875,91.71,91.84,545900
BOOT,06-Jul-2026,154.61,161.01,154.52,158.77,772900
BORR,06-Jul-2026,4.49,4.6299,4.45,4.47,4707700
BOW,06-Jul-2026,31.73,31.76,31.12,31.53,123800
BOX,06-Jul-2026,27.53,28.4,27.335,28.35,1991300
BP,06-Jul-2026,37.37,37.63,37.255,37.39,9123900
BPRE,06-Jul-2026,13.09,13.09,12.639,12.85,921300
BR,06-Jul-2026,143.06,144.85,140.61,144.77,1320500
BRBR,06-Jul-2026,13.52,13.69,12.8,13.45,5145400
BRC,06-Jul-2026,91.59,92.48,90.9225,92.25,189600
BRCC,06-Jul-2026,1.2,1.22,1.13,1.15,588200
BRCE,06-Jul-2026,29.23,29.2867,29.21,29.2867,300
BREE,06-Jul-2026,27.25,27.4338,27.25,27.4338,700
BRIE,06-Jul-2026,30.28,30.49,30.28,30.47,110100
BRK.A,06-Jul-2026,760000,761000,756155.1,757000,300
BRK.B,06-Jul-2026,506.5,508,504.1025,506.58,4126100
BRO,06-Jul-2026,68.86,69.17,67.62,68.43,2509800
BROL,06-Jul-2026,25.85,25.922,25.85,25.9175,1700
BROS,06-Jul-2026,72.36,72.75,67.83,68.09,3390500
BRSL,06-Jul-2026,11.28,11.3,10.92,11.12,1081200
BRSP,06-Jul-2026,5.45,5.47,5.35,5.38,2104700
BRT,06-Jul-2026,14.8,15.2863,14.74,15.16,37000
BRW,06-Jul-2026,6.65,6.749,6.65,6.72,288100
BRX,06-Jul-2026,31.19,31.23,30.955,31.01,2453400
BSAC,06-Jul-2026,32.83,33.26,32.6825,33.26,307000
BSBR,06-Jul-2026,5.24,5.295,5.225,5.29,2433000
BSL,06-Jul-2026,12.99,13.09,12.97,13.04,30200
BSM,06-Jul-2026,13.72,13.73,13.42,13.54,471700
BST,06-Jul-2026,48.75,49.71,48.75,48.81,83200
BSTZ,06-Jul-2026,29.59,30.2213,29.45,29.62,215500
BSX,06-Jul-2026,44.81,45.3,43.835,44.6,17118400
BTE,06-Jul-2026,3.88,3.91,3.845,3.85,18527200
BTGO,06-Jul-2026,5.06,5.45,4.97,5.27,751100
BTI,06-Jul-2026,61.69,61.77,61.03,61.46,2833100
BTO,06-Jul-2026,39.58,39.785,39.3601,39.68,34700
BTT,06-Jul-2026,22.81,22.92,22.76,22.85,117900
BTU,06-Jul-2026,22.41,23.14,22.36,22.68,2701600
BTX,06-Jul-2026,8.65,8.815,8.59,8.69,518300
BTZ,06-Jul-2026,10.25,10.29,10.24,10.27,166000
BUD,06-Jul-2026,80.58,80.76,78.89,79.38,3286300
BUI,06-Jul-2026,28.8,29.02,28.7,28.9,91600
BUR,06-Jul-2026,4.26,4.542,4.26,4.35,2137300
BURL,06-Jul-2026,312.08,312.93,305.26,312.36,564800
BUXX,06-Jul-2026,20.22,20.22,20.19,20.19,440000
BV,06-Jul-2026,14.31,14.68,14.125,14.42,979400
BVN,06-Jul-2026,30.17,30.4475,29.64,29.96,584000
BW,06-Jul-2026,11.65,12.06,11.245,11.32,4105200
BW-A,06-Jul-2026,20.9,21.5,20.9,21.28,29900
BWA,06-Jul-2026,64.08,65.94,64.05,65.91,2339100
BWG,06-Jul-2026,7.91,7.95,7.88,7.9,49700
BWI.U,06-Jul-2026,10.07,10.0856,10.07,10.08,4700
BWI.W,06-Jul-2026,0.341,0.39,0.341,0.39,8900
BWIV,06-Jul-2026,9.9,9.9,9.9,9.9,100
BWLP,06-Jul-2026,18.73,19.18,18.54,18.88,252400
BWMX,06-Jul-2026,18.86,18.86,18.19,18.44,106900
BWNB,06-Jul-2026,24.99,25.03,24.9764,25.02,5800
BWpA,06-Jul-2026,20.9,21.5,20.9,21.28,25671
BWXT,06-Jul-2026,191.58,197.99,191.58,196.89,495400
BX,06-Jul-2026,123.43,124.47,122.417,123.42,3156600
BXC,06-Jul-2026,57,58.385,55.34,56.43,143300
BXDC,06-Jul-2026,22.2,22.25,20.93,21.15,1517900
BXMT,06-Jul-2026,17.26,17.46,17.2,17.46,1633900
BXP,06-Jul-2026,69.54,70.23,68.54,69.97,1372600
BXSL,06-Jul-2026,23.77,23.9057,23.17,23.21,3827100
BY,06-Jul-2026,37.41,37.715,37.16,37.38,587800
BYD,06-Jul-2026,88.33,88.93,86.87,88.84,829700
BZH,06-Jul-2026,28.24,28.31,27.58,27.74,377300
C,06-Jul-2026,141.87,143.89,141.56,143.86,14139700
C-N,06-Jul-2026,29,29.08,28.9509,29.06,58400
C-R,06-Jul-2026,25.13,25.15,25.0701,25.12,59100
CAAP,06-Jul-2026,25.42,26.45,25.2301,25.67,209200
CABO,06-Jul-2026,48.99,49.41,45.5,46.96,143900
CACI,06-Jul-2026,503.01,508.555,493.225,505.24,266600
CAE,06-Jul-2026,25.65,26.815,25.65,26.67,595400
CAF,06-Jul-2026,20.44,20.645,20.44,20.56,12200
CAG,06-Jul-2026,14.32,14.38,13.655,13.79,16522400
CAH,06-Jul-2026,241.86,241.86,233.81,237.52,2476900
CAL,06-Jul-2026,11.65,11.82,11.4,11.79,559300
CALX,06-Jul-2026,38.16,39.47,38,38.47,1099400
CALY,06-Jul-2026,18.26,18.465,18.1,18.28,2286000
CANG,06-Jul-2026,0.219,0.2337,0.2122,0.2266,794600
CAPL,06-Jul-2026,22.6,22.6,22.41,22.48,20100
CARR,06-Jul-2026,70.6,70.75,69.15,70.1,5481100
CARS,06-Jul-2026,11.32,11.66,11.19,11.4,584300
CAT,06-Jul-2026,979.09,991,963.32,969.92,2441600
CATO,06-Jul-2026,3.36,3.4636,3.2507,3.3,24800
CAVA,06-Jul-2026,75.73,76.65,71.61,71.91,3661300
CB,06-Jul-2026,359.12,361,353.05,356.53,2165800
CBAN,06-Jul-2026,20.25,20.605,20.14,20.41,382800
CBL,06-Jul-2026,52.21,53.96,52.085,52.9,349700
CBNA,06-Jul-2026,44,44.99,42.89,43.38,16700
CBRE,06-Jul-2026,141.85,142.57,139.95,140.55,1435800
CBT,06-Jul-2026,87.63,88.51,85.91,87.6,343300
CBU,06-Jul-2026,67.56,67.97,67.03,67.61,147700
CBZ,06-Jul-2026,34.87,35.56,33.9082,35.36,446300
CC,06-Jul-2026,18.95,19.04,17.87,18.19,2983400
CCI,06-Jul-2026,76,76.27,73.75,74.92,3735100
CCID,06-Jul-2026,25.27,25.27,25.27,25.27,300
CCIF,06-Jul-2026,2.81,2.87,2.79,2.85,85300
CCJ,06-Jul-2026,97.11,100.19,97.11,97.5,2787500
CCK,06-Jul-2026,112.62,113.36,110.755,113.28,974100
CCL,06-Jul-2026,28,28.26,27.385,27.51,15018400
CCM,06-Jul-2026,4.38,4.75,4.38,4.68,45700
CCO,06-Jul-2026,2.41,2.42,2.4,2.41,10532200
CCS,06-Jul-2026,70.24,70.24,66.97,66.99,348500
CCU,06-Jul-2026,11.2,11.45,11.0301,11.29,379700
CDE,06-Jul-2026,17.45,17.65,16.81,16.99,23072900
CDLR,06-Jul-2026,23.5,23.65,23.355,23.64,144900
CDP,06-Jul-2026,37.88,37.9,37.44,37.44,992100
CDR-B,06-Jul-2026,19.01,19.2,19.01,19.13,1300
CDR-C,06-Jul-2026,17.17,17.8976,16.72,17.17,6900
CDRE,06-Jul-2026,29.7,30.91,29.6719,30.28,441900
CDRpB,06-Jul-2026,19.01,19.2,19.01,19.13,826
CDRpC,06-Jul-2026,17.17,17.8976,16.72,17.17,4936
CE,06-Jul-2026,47.22,47.93,46.43,47.64,1338600
CEE,06-Jul-2026,20.99,21.21,20.865,20.92,8800
CEL-,06-Jul-2026,0.12,0.12,0.1,0.1,13800
CELGr,06-Jul-2026,0.12,0.12,0.1,0.1,12100
CEPU,06-Jul-2026,15,15.3,14.73,14.84,262100
CF,06-Jul-2026,109.69,114.4425,109.66,113.2,3139800
CFG,06-Jul-2026,70.35,72.12,70.35,72.11,4704700
CFG-E,06-Jul-2026,18.47,18.5,18.41,18.48,40300
CFG-H,06-Jul-2026,25.63,25.73,25.55,25.68,23200
CFG-I,06-Jul-2026,25.06,25.0699,25,25.04,4000
CFGpE,06-Jul-2026,18.47,18.5,18.41,18.42,35649
CFGpH,06-Jul-2026,25.63,25.73,25.55,25.68,17194
CFGpI,06-Jul-2026,25.06,25.0699,25,25.04,1554
CFND,06-Jul-2026,3.1,3.23,3.1,3.17,35200
CFR,06-Jul-2026,155.95,156.81,154.87,156.26,531900
CFR-B,06-Jul-2026,16.55,16.62,16.5,16.55,14900
CFRpB,06-Jul-2026,16.55,16.62,16.5,16.55,12542
CFT-A,06-Jul-2026,25.88,26.4,25.88,26.39,500
CGAU,06-Jul-2026,16.93,17.13,16.33,16.51,1028200
CGV,06-Jul-2026,15.65,15.705,15.65,15.6751,6700
CHCT,06-Jul-2026,18.21,18.2799,17.97,18.05,222800
CHD,06-Jul-2026,98.07,98.26,96.59,97.45,1582400
CHE,06-Jul-2026,486.38,488.5191,479.57,480.5,140100
CHGG,06-Jul-2026,1.01,1.045,0.97,0.9847,1575800
CHH,06-Jul-2026,110.93,112.125,105.74,107.67,708400
CHM-A,06-Jul-2026,22.11,22.145,22.0011,22.145,3800
CHM-B,06-Jul-2026,24.09,24.2,24.09,24.12,3500
CHMI,06-Jul-2026,2.33,2.34,2.27,2.29,281000
CHMIpA,06-Jul-2026,22.03,22.145,22.0011,22.145,3418
CHMIpB,06-Jul-2026,24.09,24.2,24.09,24.12,3329
CHPT,06-Jul-2026,5.95,6.34,5.82,6.26,823800
CHT,06-Jul-2026,44.24,44.24,43.78,44.11,160100
CHWY,06-Jul-2026,20.94,21.585,20.69,21.29,8896900
CI,06-Jul-2026,287.13,287.38,275.8,281.98,1771000
CIA,06-Jul-2026,5.89,5.9899,5.79,5.8,97400
CIB,06-Jul-2026,80.16,81.295,79.89,80.9,174500
CICB,06-Jul-2026,24.88,24.89,24.8,24.89,6500
CICC,06-Jul-2026,24.41,24.5,24.36,24.39,8900
CIEN,06-Jul-2026,426.99,446.395,422.3,433.83,1329600
CIG,06-Jul-2026,2.1,2.11,2.07,2.1,5028800
CIG.C,06-Jul-2026,2.95,3.03,2.9,3.005,4200
CII,06-Jul-2026,25.72,25.93,25.6,25.69,65000
CIM,06-Jul-2026,13.17,13.25,13.03,13.15,831600
CIM-A,06-Jul-2026,21.3,21.51,21.243,21.51,13100
CIM-B,06-Jul-2026,23.74,23.905,23.65,23.84,29900
CIM-C,06-Jul-2026,22.99,23.29,22.82,23.01,15400
CIM-D,06-Jul-2026,23.68,23.9795,23.68,23.97,15600
CIMN,06-Jul-2026,25.24,25.5,25.23,25.5,8300
CIMO,06-Jul-2026,25.3,25.5001,25.3,25.43,6500
CIMP,06-Jul-2026,25.19,25.27,25.19,25.27,11300
CIMpA,06-Jul-2026,21.35,21.51,21.243,21.51,10989
CIMpB,06-Jul-2026,23.74,23.905,23.65,23.84,23541
CIMpC,06-Jul-2026,22.99,23.29,22.82,23.1,13542
CIMpD,06-Jul-2026,23.85,23.9795,23.68,23.97,14001
CINT,06-Jul-2026,3.57,3.61,3.35,3.39,143200
CION,06-Jul-2026,6.37,6.53,6.23,6.25,557700
CL,06-Jul-2026,94.69,95,92.16,93.39,5177200
CLB,06-Jul-2026,11.46,11.52,10.76,11.09,904100
CLBR,06-Jul-2026,10.33,10.36,10.33,10.35,44300
CLD-A,06-Jul-2026,19.93,20.12,19.93,19.99,19000
CLDT,06-Jul-2026,12.99,13.05,12.71,12.73,365100
CLDTpA,06-Jul-2026,19.93,20.12,19.93,19.99,17432
CLF,06-Jul-2026,9.86,10.015,9.6,9.77,16341200
CLH,06-Jul-2026,291.84,296.98,290.59,294.56,353500
CLPR,06-Jul-2026,2.89,2.9,2.7681,2.85,44200
CLS,06-Jul-2026,340,359.77,339.17,350.2,1506600
CLVT,06-Jul-2026,2.59,2.6,2.305,2.44,25146900
CLW,06-Jul-2026,16,16.15,15.595,15.87,144300
CLX,06-Jul-2026,96.94,97.745,95.09,97.25,1936700
CM,06-Jul-2026,114.38,115.47,114.19,115.36,1765200
CMBT,06-Jul-2026,14.95,15.45,14.83,15.21,1373400
CMC,06-Jul-2026,62.4,63.025,61.73,62.7,1337900
CMCM,06-Jul-2026,3.19,3.3,3.08,3.21,13000
CMDB,06-Jul-2026,18.03,18.96,18.03,18.42,62800
CMG,06-Jul-2026,35.17,35.35,33.775,33.98,17039600
CMI,06-Jul-2026,667.14,679.555,666.64,678.24,679500
CMP,06-Jul-2026,30,30.51,29.72,29.8,319300
CMR-B,06-Jul-2026,26.04,26.3569,26.04,26.34,5700
CMR-C,06-Jul-2026,26.99,27.038,26.99,27.0201,2100
CMR-D,06-Jul-2026,28.08,28.1,28.08,28.1,400
CMRE,06-Jul-2026,14.27,14.71,14.26,14.49,226500
CMREpB,06-Jul-2026,26.04,26.3569,26.04,26.23,5020
CMREpC,06-Jul-2026,26.99,27.038,26.99,27.0201,1905
CMREpD,06-Jul-2026,28.08,28.1,28.08,28.1,300
CMS,06-Jul-2026,78.51,78.51,76.22,76.29,1977100
CMS-C,06-Jul-2026,16.95,16.96,16.82,16.84,11900
CMSA,06-Jul-2026,21.16,21.2057,21.0832,21.18,12300
CMSC,06-Jul-2026,22.04,22.09,22.02,22.06,19400
CMSD,06-Jul-2026,22.15,22.25,22.15,22.23,42200
CMSpC,06-Jul-2026,16.95,16.96,16.82,16.84,8173
CMTG,06-Jul-2026,2.35,2.382,2.265,2.27,887200
CNA,06-Jul-2026,51.07,51.77,50.83,51.68,553700
CNC,06-Jul-2026,67.45,67.822,65.04,66.05,4721700
CNF,06-Jul-2026,2.83,2.97,2.83,2.85,3300
CNH,06-Jul-2026,10.72,10.96,10.6363,10.87,7195100
CNI,06-Jul-2026,121.09,122.25,120.93,121.66,1067000
CNK,06-Jul-2026,30.84,31.18,29.47,29.95,4355900
CNM,06-Jul-2026,45.11,46.2,44.95,45.98,2446400
CNMD,06-Jul-2026,34,36.19,33.49,35.11,691800
CNNE,06-Jul-2026,14.65,14.75,14.335,14.38,282700
CNO,06-Jul-2026,52.55,52.99,52.43,52.64,712700
CNO-A,06-Jul-2026,17.1999,17.2,16.7701,17.115,3000
CNOpA,06-Jul-2026,17.1999,17.2,16.7701,17.115,2542
CNP,06-Jul-2026,44.49,44.63,43.645,44,8267300
CNQ,06-Jul-2026,39.72,39.8,39.19,39.35,7254100
CNR,06-Jul-2026,80.43,81.68,80.015,80.83,520100
CNS,06-Jul-2026,78.6,80.21,78.05,79.45,253600
CNX,06-Jul-2026,33.76,33.9679,33.14,33.38,1503800
COD-A,06-Jul-2026,19.91,20.61,19.91,20.2,13800
COD-B,06-Jul-2026,22.35,22.48,22.31,22.41,4700
COD-C,06-Jul-2026,22.25,22.35,22.1601,22.35,6700
CODI,06-Jul-2026,10.71,10.73,10.055,10.21,803900
CODIpA,06-Jul-2026,19.91,20.61,19.91,20.2,9755
CODIpB,06-Jul-2026,22.35,22.48,22.31,22.48,3872
CODIpC,06-Jul-2026,22.25,22.35,22.1601,22.35,5791
COF,06-Jul-2026,206.59,208.09,204.0601,206.5,3842100
COF-I,06-Jul-2026,18.3,18.46,18.3,18.46,81400
COF-J,06-Jul-2026,17.55,17.67,17.55,17.66,56900
COF-K,06-Jul-2026,17.04,17.105,17.04,17.07,3000
COF-L,06-Jul-2026,16.04,16.1,16.01,16.03,77700
COF-N,06-Jul-2026,15.74,15.75,15.68,15.69,22900
COFpI,06-Jul-2026,18.33,18.46,18.3,18.46,72841
COFpJ,06-Jul-2026,17.55,17.67,17.55,17.66,48390
COFpK,06-Jul-2026,17.04,17.105,17.04,17.07,2793
COFpL,06-Jul-2026,16.04,16.1,16.01,16.04,72903
COFpN,06-Jul-2026,15.74,15.75,15.68,15.69,21021
COHR,06-Jul-2026,333.19,352.1999,331,335.7,3258200
COLD,06-Jul-2026,16,16.215,15.875,16.12,5928900
COMP,06-Jul-2026,12.61,13.19,12.5176,12.99,16275000
CON,06-Jul-2026,32.09,32.35,31.73,31.84,1036400
COOK,06-Jul-2026,72.3,72.3,67.8,68.92,22400
COP,06-Jul-2026,104.35,104.62,103.4,103.58,5371800
COP.W,06-Jul-2026,1.18,1.21,0.1185,0.1185,14900
COPL,06-Jul-2026,10.45,10.45,10.45,10.45,400
COR,06-Jul-2026,295.07,299.925,292.5,298.55,1985600
COSO,06-Jul-2026,27.05,27.23,26.385,26.62,170500
COTY,06-Jul-2026,2.29,2.315,2.125,2.25,12873400
COUR,06-Jul-2026,5.9,6.065,5.77,5.93,5237900
CP,06-Jul-2026,87.29,88.23,87.02,88,2006000
CPA,06-Jul-2026,154.06,157.1,153.055,154.78,244200
CPAC,06-Jul-2026,11.87,11.98,11.71,11.9,17500
CPAI,06-Jul-2026,51.56,51.79,51.27,51.37,25800
CPAY,06-Jul-2026,352.31,357.73,346.38,356.55,484000
CPF,06-Jul-2026,38.16,38.675,38,38.47,80900
CPK,06-Jul-2026,125.01,125.36,121.62,122.02,111800
CPN,06-Jul-2026,29,29.08,28.9509,29.06,51138
CPNG,06-Jul-2026,18.515,19.345,18.515,19.15,20327500
CPRI,06-Jul-2026,18.89,19.07,18.34,18.84,2274300
CPS,06-Jul-2026,26.58,28.13,26.58,27.99,231200
CPT,06-Jul-2026,116.93,117.15,116.12,116.95,571800
CQP,06-Jul-2026,61.58,62.7499,61.23,61.93,103200
CR,06-Jul-2026,217.79,220.78,216.82,220.06,275800
CRBD,06-Jul-2026,22.79,22.95,22.79,22.92,30900
CRBG,06-Jul-2026,29.61,30.995,29.61,30.81,3908000
CRC,06-Jul-2026,51.06,51.27,50.1,50.32,571200
CRCL,06-Jul-2026,64.56,69.98,62.95,68.65,13085900
CRD.A,06-Jul-2026,11.33,11.72,11.13,11.26,53900
CRD.B,06-Jul-2026,10.35,10.76,10.25,10.68,4700
CRGY,06-Jul-2026,9.26,9.34,9.14,9.14,5150500
CRH,06-Jul-2026,108.37,109.2099,105.77,107.58,3867300
CRI,06-Jul-2026,40.15,40.92,38.82,39.1,1158000
CRK,06-Jul-2026,14.49,14.68,14.03,14.16,1915800
CRL,06-Jul-2026,227.59,232.3175,223.85,231.43,631900
CRM,06-Jul-2026,163.99,167.7219,162.37,165.65,10595500
CRS,06-Jul-2026,604.6,625.985,599.34,619.25,798800
CRT,06-Jul-2026,9.01,9.1,8.8,9.02,17700
CSAN,06-Jul-2026,2.97,3.05,2.97,3.03,1119600
CSL,06-Jul-2026,365.01,369.795,361.36,367.15,536800
CSR,06-Jul-2026,56.68,57.08,56.23,56.69,104100
CSTM,06-Jul-2026,29.6,30.4,29.3,30.19,1490800
CSV,06-Jul-2026,39.02,39.02,38.01,38.27,106500
CSW,06-Jul-2026,276.08,280.97,272.95,280.05,92500
CTA-A,06-Jul-2026,53,53,53,53,100
CTA-B,06-Jul-2026,66.04,66.2,65.8401,65.9473,2200
CTApA,06-Jul-2026,53,53,53,53,100
CTApB,06-Jul-2026,66.04,66.2,65.8401,65.9473,1417
CTEV,06-Jul-2026,32.39,33.32,30.675,33.16,80800
CTGG,06-Jul-2026,17.12,17.45,17.12,17.4,69500
CTHH,06-Jul-2026,17.38,17.715,17.38,17.63,149500
CTO,06-Jul-2026,21.77,21.77,21.43,21.43,286700
CTO-A,06-Jul-2026,21.35,21.41,21.35,21.41,2900
CTOpA,06-Jul-2026,21.35,21.41,21.35,21.41,317
CTOS,06-Jul-2026,10.2,10.28,9.91,9.96,1227900
CTRE,06-Jul-2026,41.76,42.05,41.2016,41.39,2181900
CTRI,06-Jul-2026,27.62,28.35,27.32,27.47,1398800
CTS,06-Jul-2026,60.72,62,59.995,60.34,269300
CTVA,06-Jul-2026,85.31,86.51,84.45,86.39,4167200
CUBB,06-Jul-2026,21.66,21.66,21.65,21.65,300
CUBE,06-Jul-2026,40.91,40.91,39.93,40.23,1727800
CUBI,06-Jul-2026,77.35,78.615,77.35,78.08,518600
CURB,06-Jul-2026,30.28,30.44,29.86,30.12,816800
CURV,06-Jul-2026,1.71,1.85,1.685,1.81,269800
CUZ,06-Jul-2026,30.9,30.91,30.46,30.64,1672900
CVE,06-Jul-2026,24.6,24.83,24.24,24.36,10037100
CVEO,06-Jul-2026,30.67,32.23,30.04,32.02,368300
CVI,06-Jul-2026,28.39,29.59,28.3,28.88,686800
CVLG,06-Jul-2026,44.31,45.4374,43.35,43.68,104800
CVNA,06-Jul-2026,68.83,70.735,68.23,70.38,6016900
CVS,06-Jul-2026,105.09,105.38,101.78,102.08,5709800
CVSA,06-Jul-2026,129.02,131.3,125.19,129.56,394500
CVX,06-Jul-2026,168.86,169.26,167.1601,168.1,9974200
CW,06-Jul-2026,764.38,793.8796,764.38,792.77,273400
CWEN,06-Jul-2026,32.87,33.2,32.77,33.1,1419500
CWH,06-Jul-2026,7.23,7.3395,6.87,6.94,1978500
CWK,06-Jul-2026,13.95,14.02,13.68,13.79,1715400
CWT,06-Jul-2026,50.16,50.16,49.27,49.47,409400
CX,06-Jul-2026,12.38,12.445,12.26,12.32,5118400
CXM,06-Jul-2026,5.33,5.5,5.31,5.4,2848400
CXT,06-Jul-2026,52.47,53.85,51.81,51.98,1155800
CXW,06-Jul-2026,32.3,32.6,29.58,30.42,2758900
CYD,06-Jul-2026,43.99,46.99,43.99,46.24,182200
CYH,06-Jul-2026,3.89,3.89,3.675,3.68,1739400
D,06-Jul-2026,69.69,69.73,68.93,69.26,5046300
DAC,06-Jul-2026,122.58,126.1599,122.58,125.34,78800
DAL,06-Jul-2026,93.29,95.53,91.13,91.68,6342200
DAN,06-Jul-2026,25.15,26.16,25.15,26.13,2796500
DAO,06-Jul-2026,12.73,12.99,12.19,12.65,19900
DAR,06-Jul-2026,56.62,57.96,56.28,57.89,2119100
DAVA,06-Jul-2026,3,3.015,2.88,2.93,154000
DB,06-Jul-2026,36.54,37.105,36.49,37.04,2171100
DBD,06-Jul-2026,83.05,85.72,83.05,84.16,276400
DBI,06-Jul-2026,5.53,5.59,5.41,5.58,598900
DBL,06-Jul-2026,14.31,14.35,14.3,14.32,58100
DBR-H,06-Jul-2026,15.5,15.78,15.3501,15.505,9600
DBR-I,06-Jul-2026,15.49,16,15.25,15.45,32700
DBR-J,06-Jul-2026,15.57,15.795,15.57,15.75,6300
DBRG,06-Jul-2026,15.78,15.795,15.77,15.78,2493100
DBRGpH,06-Jul-2026,15.5,15.78,15.3501,15.505,7569
DBRGpI,06-Jul-2026,15.49,16,15.25,15.4057,30106
DBRGpJ,06-Jul-2026,15.57,15.795,15.57,15.75,4966
DCBG,06-Jul-2026,26.25,26.25,26.25,26.25,500
DCH,06-Jul-2026,5.14,5.535,5.14,5.51,3102800
DCI,06-Jul-2026,89.24,91.465,88.53,91.37,666800
DCO,06-Jul-2026,186.45,190.3499,185.21,189.18,311800
DCO-,06-Jul-2026,17.61,17.7899,17.61,17.77,3100
DCOM,06-Jul-2026,40.48,40.95,40.02,40.18,231500
DD,06-Jul-2026,140.43,141.99,139.87,141.05,1312300
DDD,06-Jul-2026,2.8,2.905,2.7934,2.83,2114400
DDL,06-Jul-2026,1.96,2.05,1.94,2.02,356000
DDS,06-Jul-2026,540,546.06,515,516.58,153500
DDT,06-Jul-2026,26.24,26.2699,26.15,26.26,5200
DE,06-Jul-2026,619.15,637.7,617.68,635.24,1081700
DEA,06-Jul-2026,25.57,25.62,25.07,25.08,358200
DEC,06-Jul-2026,14.19,14.24,13.42,13.44,1022900
DECK,06-Jul-2026,104.34,106.2,102.115,105.67,2082800
DEI,06-Jul-2026,12.49,12.71,12.46,12.57,2157200
DELL,06-Jul-2026,395.19,429.74,393.25,411.8,7260400
DEO,06-Jul-2026,82.02,82.02,80.335,81.67,968500
DFH,06-Jul-2026,16.54,16.86,15.77,16.38,682500
DFIN,06-Jul-2026,46.22,46.7214,45.3012,46.25,262400
DFP,06-Jul-2026,20.74,20.8222,20.74,20.79,33100
DG,06-Jul-2026,119.27,119.65,114.63,116.27,2141200
DGA.U,06-Jul-2026,10.08,10.08,10.08,10.08,17900
DGX,06-Jul-2026,215.64,216.52,212.57,213.45,745900
DHF,06-Jul-2026,2.43,2.43,2.42,2.42,132000
DHI,06-Jul-2026,158.78,159.405,155.84,156.88,2147500
DHR,06-Jul-2026,195.31,196.6,189.78,193.62,4663800
DHT,06-Jul-2026,17.09,17.87,16.965,17.15,2897300
DHX,06-Jul-2026,3.74,3.94,3.74,3.87,124400
DIN,06-Jul-2026,36.47,36.94,34.5938,35.65,310100
DINO,06-Jul-2026,72.65,75.07,72.11,74.45,1790400
DIS,06-Jul-2026,98.85,99.44,97.015,97.41,10171800
DIVY,06-Jul-2026,29.42,29.619,29.42,29.619,2300
DK,06-Jul-2026,52.39,54.61,51.78,52.97,1170700
DKL,06-Jul-2026,52.5,53.18,52.36,52.61,44900
DKS,06-Jul-2026,235,235,225.995,229.02,832700
DLB,06-Jul-2026,51,51.24,50.03,50.04,1305200
DLN-A,06-Jul-2026,26.9,26.9,26.51,26.74,3500
DLNG,06-Jul-2026,3.53,3.63,3.53,3.6,30600
DLNGpA,06-Jul-2026,26.9,26.9,26.51,26.74,3333
DLR,06-Jul-2026,174.74,175.5,172.13,173.7,4385400
DLR-J,06-Jul-2026,20.06,20.17,20.06,20.1666,6700
DLR-K,06-Jul-2026,22.29,22.5,22.29,22.4049,31000
DLR-L,06-Jul-2026,19.82,19.87,19.7551,19.825,23100
DLRpJ,06-Jul-2026,20.06,20.17,20.06,20.1666,5527
DLRpK,06-Jul-2026,22.29,22.5,22.29,22.4049,29531
DLRpL,06-Jul-2026,19.82,19.87,19.7551,19.825,19996
DLX,06-Jul-2026,24.44,24.75,23.77,24.14,416200
DLY,06-Jul-2026,14.08,14.15,14.08,14.11,142400
DMA,06-Jul-2026,7.64,7.65,7.62,7.62,4600
DMB,06-Jul-2026,11.12,11.13,11.02,11.06,63900
DMC,06-Jul-2026,27.93,28.2129,27.59,27.98,476900
DMO,06-Jul-2026,10.69,10.78,10.6601,10.68,46500
DNA,06-Jul-2026,10.24,10.58,9.7,10.11,1391600
DNOW,06-Jul-2026,12.48,13.02,12.43,12.81,3304200
DNP,06-Jul-2026,10.86,10.9,10.78,10.88,818200
DOC,06-Jul-2026,21.89,22.04,21.66,21.75,5134900
DOCN,06-Jul-2026,130.8,137.25,129.66,131.37,2442400
DOCS,06-Jul-2026,21.65,23.05,21.65,22.86,3673100
DOLE,06-Jul-2026,13.98,14.12,13.76,13.95,1115000
DOUG,06-Jul-2026,1.94,1.945,1.885,1.94,413400
DOV,06-Jul-2026,213.06,215.5,210.21,214.74,1632500
DOW,06-Jul-2026,27.2,27.455,26.9005,27.33,8510700
DPC,06-Jul-2026,48.27,51,46.7,48.52,1721000
DPG,06-Jul-2026,14.69,14.75,14.64,14.7,39200
DQ,06-Jul-2026,12.34,12.6,12.14,12.33,843100
DRD,06-Jul-2026,22.435,22.495,21.71,21.94,329000
DRI,06-Jul-2026,204.1,204.81,199.96,203.22,1356800
DRLL,06-Jul-2026,33.66,33.85,33.61,33.6745,16500
DSL,06-Jul-2026,11,11.01,10.94,10.94,280300
DSM,06-Jul-2026,6.15,6.15,6.12,6.14,163900
DSMC,06-Jul-2026,40.75,41.075,40.75,41.0034,1400
DSTX,06-Jul-2026,33.48,33.6216,33.48,33.6216,400
DSU,06-Jul-2026,9.73,9.73,9.6901,9.7,331400
DSX,06-Jul-2026,2.11,2.24,2.11,2.19,624400
DSX-B,06-Jul-2026,27.26,27.26,27.26,27.26,900
DSX.W,06-Jul-2026,0.15,0.23,0.15,0.2122,18400
DSX.WS,06-Jul-2026,0.15,0.23,0.15,0.2125,17263
DSXpB,06-Jul-2026,27.26,27.26,27.26,27.26,100
DT,06-Jul-2026,44.11,46.04,43.82,45.52,4947600
DTB,06-Jul-2026,16.59,16.7499,16.59,16.6463,18000
DTE,06-Jul-2026,153.86,154.41,151.11,151.36,859800
DTF,06-Jul-2026,11.52,11.52,11.45,11.45,9000
DTG,06-Jul-2026,17,17.09,16.98,17.01,24200
DTK,06-Jul-2026,23.93,24.05,23.84,23.995,36600
DTM,06-Jul-2026,144.76,147.14,144.105,144.23,578600
DTW,06-Jul-2026,20.56,20.64,20.55,20.62,23300
DUK,06-Jul-2026,129.17,129.44,125.78,125.97,5757600
DUK-A,06-Jul-2026,24.75,24.84,24.73,24.8,33600
DUKB,06-Jul-2026,23.34,23.4399,23.3001,23.4,33400
DUKpA,06-Jul-2026,24.75,24.84,24.73,24.84,27407
DV,06-Jul-2026,11.36,11.74,11.179,11.67,5653600
DVA,06-Jul-2026,235.5,238.64,233.63,235.71,871200
DVN,06-Jul-2026,40.15,40.71,40.05,40.36,18701200
DX,06-Jul-2026,13.04,13.27,12.9948,13.24,3927100
DX-C,06-Jul-2026,25.56,25.85,25.41,25.64,21600
DXC,06-Jul-2026,9.79,10.25,9.68,10.04,8227800
DXpC,06-Jul-2026,25.56,25.85,25.41,25.64,20356
DXYZ,06-Jul-2026,24.49,26.25,24.35,25.5,1009000
DY,06-Jul-2026,440.01,453.48,428.75,431,466500
E,06-Jul-2026,46.46,46.5,46.16,46.5,406000
EAF,06-Jul-2026,5.71,6.17,5.71,5.81,251000
EAI,06-Jul-2026,19.99,20.12,19.99,20.08,18000
EARN,06-Jul-2026,4.35,4.415,4.35,4.39,444100
EAT,06-Jul-2026,180,180.43,173.555,176.28,930900
EBF,06-Jul-2026,21.46,21.653,21.1,21.23,175500
EBS,06-Jul-2026,8.24,8.3,8.155,8.18,610900
EC,06-Jul-2026,14.75,14.93,14.4,14.47,1606400
ECAT,06-Jul-2026,15.8,15.95,15.8,15.8,489300
ECC,06-Jul-2026,3.88,3.89,3.795,3.86,1154500
ECC-D,06-Jul-2026,18.7,18.7,18.4747,18.5311,6200
ECCC,06-Jul-2026,25.08,25.08,24.96,24.96,900
ECCpD,06-Jul-2026,18.7,18.7,18.4747,18.5311,5830
ECCU,06-Jul-2026,25.12,25.12,25.02,25.0599,4200
ECCV,06-Jul-2026,23.8,23.88,23.7703,23.85,2900
ECG,06-Jul-2026,140.39,148.23,140.39,143.86,815300
ECL,06-Jul-2026,284.25,284.25,278.5,283.72,1045400
ECO,06-Jul-2026,53.14,55.57,52.775,53.35,671400
ECVT,06-Jul-2026,11.91,12.04,11.72,11.81,1285200
ED,06-Jul-2026,113.63,113.63,111.74,111.94,2617100
EDD,06-Jul-2026,5.8,5.91,5.8,5.81,320700
EDF,06-Jul-2026,5.57,5.61,5.5,5.54,200800
EDN,06-Jul-2026,24.53,25.71,24.31,25.38,83400
EDU,06-Jul-2026,47.55,48.605,47.55,48.52,533300
EE,06-Jul-2026,38.05,39.48,38.05,38.72,291600
EEA,06-Jul-2026,11.11,11.1916,10.9898,11.14,20800
EEX,06-Jul-2026,5.02,5.04,5.02,5.02,52200
EFC,06-Jul-2026,13.49,13.595,13.44,13.58,1137900
EFC-B,06-Jul-2026,24.38,24.7,24.37,24.48,12600
EFC-C,06-Jul-2026,25.2,25.25,25.07,25.17,6400
EFCpB,06-Jul-2026,24.3703,24.7,24.37,24.5499,11435
EFCpC,06-Jul-2026,25.2,25.25,25.07,25.17,5145
EFOR,06-Jul-2026,17.61,18.24,17.16,17.34,990000
EFR,06-Jul-2026,10.57,10.63,10.57,10.6,118800
EFT,06-Jul-2026,10.82,10.826,10.7501,10.78,32800
EFX,06-Jul-2026,172.49,173.15,168.04,171.94,1670400
EFXT,06-Jul-2026,22.96,23.72,22.505,22.64,387500
EG,06-Jul-2026,370,374.26,367.24,372.93,414200
EGO,06-Jul-2026,34.2,34.56,32.925,33.41,1587000
EGP,06-Jul-2026,212.55,213.6378,210.1,212.24,410300
EGY,06-Jul-2026,5.05,5.09,4.96,5.03,935800
EHC,06-Jul-2026,106.46,107.73,104.88,106.99,1236000
EHI,06-Jul-2026,5.96,6,5.9307,5.96,97100
EIC,06-Jul-2026,10.21,10.4,10.2089,10.35,126500
EICA,06-Jul-2026,24.92,24.9301,24.92,24.93,5700
EIG,06-Jul-2026,51.7,51.7025,50.85,51.06,188800
EIIA,06-Jul-2026,25.39,25.44,25.21,25.4093,20500
EIX,06-Jul-2026,75.7,76.19,74.14,74.84,2617300
EL,06-Jul-2026,84.41,85.575,82.75,84.9,2844200
ELAN,06-Jul-2026,25.11,25.2884,24.7644,25.13,4227000
ELC,06-Jul-2026,20.06,20.085,20.05,20.08,4900
ELF,06-Jul-2026,76,76.87,72.85,73.49,2852000
ELLA,06-Jul-2026,25.05,25.13,25,25.05,47600
ELME,06-Jul-2026,1.59,1.61,1.51,1.55,976100
ELPC,06-Jul-2026,11.55,11.68,11.48,11.61,320600
ELS,06-Jul-2026,66.26,66.26,64.79,64.98,1167300
ELV,06-Jul-2026,416.44,418,406.91,408.17,1680300
EMA,06-Jul-2026,53.07,53.07,52.0981,52.35,611000
EMBJ,06-Jul-2026,65.5,67.56,65.185,67.24,989500
EMD,06-Jul-2026,10.8,10.84,10.68,10.69,165100
EME,06-Jul-2026,785,804,784.805,787.29,490800
EMF,06-Jul-2026,22.55,23.52,22.2847,23.06,58500
EMN,06-Jul-2026,68.24,69.03,67.8,68.9,1060900
EMO,06-Jul-2026,49.81,50.02,49.195,49.25,27100
EMP,06-Jul-2026,20.08,20.16,20.06,20.16,9800
EMR,06-Jul-2026,139.04,141.74,138.58,141.56,1896200
ENB,06-Jul-2026,54.025,54.575,53.42,53.47,7131200
ENHA,06-Jul-2026,2.66,2.7,2.39,2.52,909100
ENIC,06-Jul-2026,4.45,4.46,4.38,4.43,561500
ENJ,06-Jul-2026,20,20,20,20,600
ENO,06-Jul-2026,21.42,21.42,21.37,21.38,7400
ENOV,06-Jul-2026,22.99,26.15,22.93,25.9,2155000
ENR,06-Jul-2026,21.75,21.85,21,21.34,667800
ENS,06-Jul-2026,207.57,216.87,207.09,213.31,488600
ENVA,06-Jul-2026,235,238.75,231.31,234.78,294400
EOD,06-Jul-2026,6.5,6.58,6.46,6.55,116100
EOG,06-Jul-2026,129.78,130.59,129.075,129.39,2346200
EOI,06-Jul-2026,19.76,19.87,19.74,19.87,50700
EOS,06-Jul-2026,22.05,22.17,21.98,22.15,89300
EOT,06-Jul-2026,17.8,17.8,17.5,17.6,27300
EP-C,06-Jul-2026,49.82,51.1,49.82,50.4001,2600
EPAC,06-Jul-2026,34.86,35.41,34.75,35.21,424600
EPAM,06-Jul-2026,87.38,88.9,86.46,86.85,1812900
EPC,06-Jul-2026,27.14,27.202,26.07,26.67,680100
EPD,06-Jul-2026,36.75,37.005,36.42,36.47,2343200
EPpC,06-Jul-2026,49.82,51.1,49.82,50.4001,1978
EPR,06-Jul-2026,59.1,59.7,58.8401,59.21,454700
EPR-C,06-Jul-2026,25.83,26.328,25.83,26.328,11900
EPR-E,06-Jul-2026,32.23,32.64,32.14,32.64,800
EPR-G,06-Jul-2026,20.76,20.91,20.73,20.75,7000
EPRpC,06-Jul-2026,25.83,26.328,25.83,26.328,11750
EPRpE,06-Jul-2026,32.23,32.64,32.14,32.64,635
EPRpG,06-Jul-2026,20.76,20.91,20.73,20.75,5736
EPRT,06-Jul-2026,31.05,31.4152,30.87,30.88,2001400
EQBK,06-Jul-2026,49.04,50,48.45,48.93,96600
EQH,06-Jul-2026,46.08,47.68,45.62,47.48,2649400
EQH-A,06-Jul-2026,19.3,19.4,19.2516,19.37,387200
EQH-C,06-Jul-2026,16.25,16.3,16.2005,16.28,11700
EQHpA,06-Jul-2026,19.3,19.4,19.2516,19.37,207948
EQHpC,06-Jul-2026,16.25,16.3,16.2005,16.3,8522
EQNR,06-Jul-2026,32.11,32.17,31.93,32.06,2803600
EQR,06-Jul-2026,69.81,70.19,69.231,69.93,2343200
EQS,06-Jul-2026,1.22,1.23,1.2,1.21,5500
EQT,06-Jul-2026,52.56,52.715,51.67,51.71,6848300
ERO,06-Jul-2026,26.74,26.85,26.03,26.4,857900
EROC,06-Jul-2026,16,16.05,14.2,14.26,1779800
EROK,06-Jul-2026,20.37,21.24,20.11,21.03,250700
ES,06-Jul-2026,74.4,74.445,72.8,73.23,2369700
ESAB,06-Jul-2026,93.53,98.08,93.53,97.04,500300
ESE,06-Jul-2026,330,343.55,330,342.55,219700
ESI,06-Jul-2026,43.93,44.31,41.07,42.32,18529200
ESNT,06-Jul-2026,64.79,65.19,64.45,64.53,433000
ESRT,06-Jul-2026,5.68,5.72,5.635,5.68,1536900
ESS,06-Jul-2026,300,300,294.87,298,424800
ESTC,06-Jul-2026,57,58.6,56.56,58.54,1318700
ET,06-Jul-2026,19.33,19.54,19.245,19.25,7193000
ET-I,06-Jul-2026,11.48,11.5,11.47,11.47,42600
ETB,06-Jul-2026,15.56,15.62,15.53,15.56,31500
ETD,06-Jul-2026,21.58,21.58,21.11,21.25,426600
ETG,06-Jul-2026,23.61,23.76,23.57,23.66,109900
ETI-,06-Jul-2026,23.78,24.27,23.78,24.27,600
ETIp,06-Jul-2026,23.78,24.27,23.78,24.27,617
ETJ,06-Jul-2026,8.39,8.42,8.3688,8.4,89400
ETN,06-Jul-2026,405.59,420.245,404.4,413.42,1765000
ETO,06-Jul-2026,31.03,31.18,30.99,31.1,38500
ETpI,06-Jul-2026,11.48,11.5,11.47,11.48,40029
ETR,06-Jul-2026,114.77,115.2,113.43,113.83,2086800
ETS.U,06-Jul-2026,10.01,10.01,10.01,10.01,2900
ETS.W,06-Jul-2026,0.29,0.29,0.29,0.29,1200
ETSY,06-Jul-2026,76.03,77.3,74.01,75.06,2442200
ETV,06-Jul-2026,15.1,15.16,15.01,15.03,217900
ETW,06-Jul-2026,9.56,9.6099,9.55,9.55,225800
ETX,06-Jul-2026,18.63,18.77,18.55,18.77,31400
ETY,06-Jul-2026,14.68,14.74,14.52,14.54,298100
EVAC,06-Jul-2026,10.18,10.198,10.18,10.18,3800
EVC,06-Jul-2026,13.12,13.74,12.58,12.58,1909300
EVE.T,06-Jul-2026,0.1875,0.19,0.1875,0.19,200
EVEX,06-Jul-2026,2.645,2.825,2.5995,2.77,1179000
EVEX.WS,06-Jul-2026,0.1875,0.19,0.1875,0.19,200
EVF,06-Jul-2026,4.97,5,4.97,5,52500
EVG,06-Jul-2026,10.78,10.85,10.7652,10.774,25200
EVH,06-Jul-2026,5.63,6.01,5.63,5.74,2616000
EVMN,06-Jul-2026,13.03,13.41,12.07,12.36,988000
EVN,06-Jul-2026,11.23,11.24,11.1,11.17,49600
EVR,06-Jul-2026,342.4,357.72,342.4,355.48,481500
EVT,06-Jul-2026,27.71,27.85,27.5,27.51,123500
EVTC,06-Jul-2026,29.52,29.535,28.5,28.8,464800
EVTL,06-Jul-2026,1.9,2.08,1.8984,1.92,2622900
EVTR,06-Jul-2026,50.77,50.77,50.68,50.76,356900
EW,06-Jul-2026,94.36,95.57,92.72,95.18,3958000
EXG,06-Jul-2026,9.82,9.87,9.76,9.84,393700
EXK,06-Jul-2026,8.7,8.79,8.45,8.51,3537500
EXP,06-Jul-2026,219.56,221.335,215.2,217.54,317400
EXPD,06-Jul-2026,167.89,167.91,164.195,165.7,880000
EXR,06-Jul-2026,148.95,148.95,144.94,146.14,716300
F,06-Jul-2026,13.51,13.895,13.4235,13.83,54301300
F-B,06-Jul-2026,20.5,20.64,20.4801,20.64,29200
F-C,06-Jul-2026,19.75,19.84,19.72,19.83,69500
F-D,06-Jul-2026,21.48,21.58,21.415,21.56,38900
FAF,06-Jul-2026,69.47,70.2,68.88,70.09,770500
FBIN,06-Jul-2026,53.34,53.59,51,51.58,2107000
FBK,06-Jul-2026,55.66,56.82,55.66,56.68,352100
FBP,06-Jul-2026,26.29,26.66,26.29,26.5,849200
FBR-E,06-Jul-2026,19.31,19.42,19.25,19.3,14100
FBRT,06-Jul-2026,8.115,8.115,7.82,7.84,1192800
FBRTpE,06-Jul-2026,19.31,19.42,19.25,19.3,11377
FC,06-Jul-2026,21.67,23.36,21.61,22.9,141600
FCBM,06-Jul-2026,12.91,12.91,12.6,12.65,88100
FCF,06-Jul-2026,20.29,20.59,20.29,20.49,433100
FCN,06-Jul-2026,152.63,155.835,150.41,155.69,335600
FCPT,06-Jul-2026,24.92,25.05,24.8,25.01,777900
FCR.U,06-Jul-2026,10.48,10.48,10.47,10.47,300
FCR.W,06-Jul-2026,0.9137,0.9137,0.9137,0.9137,2500
FCRS,06-Jul-2026,10.29,10.3,10.25,10.29,48600
FCRS.U,06-Jul-2026,10.48,10.48,10.48,10.48,100
FCT,06-Jul-2026,9.58,9.6,9.57,9.58,92700
FCX,06-Jul-2026,61.77,62.07,60.53,61,16343600
FDS,06-Jul-2026,246.97,255.82,241.33,252.2,1161500
FDX,06-Jul-2026,313.05,317.04,307.66,309.93,1422100
FDXF,06-Jul-2026,151.06,156.18,150.5,152.68,985000
FE,06-Jul-2026,48.39,48.5,47.64,47.71,3562400
FEDU,06-Jul-2026,10.07,10.07,10.07,10.07,500
FEGE,06-Jul-2026,50.1,50.15,49.622,50.15,303600
FENG,06-Jul-2026,1.51,1.535,1.51,1.535,3600
FEOE,06-Jul-2026,54.09,54.27,53.9,54.26,180100
FERG,06-Jul-2026,230.03,230.3,226.07,228.92,1293300
FET,06-Jul-2026,46.86,47.91,46.505,46.55,263000
FF,06-Jul-2026,4.69,4.75,4.54,4.55,221200
FFA,06-Jul-2026,22.59,22.59,22.48,22.53,23000
FFC,06-Jul-2026,16.25,16.3,16.2,16.28,143400
FG,06-Jul-2026,27.6,28.65,27.6,28.38,395200
FGN,06-Jul-2026,24.46,24.88,24.32,24.83,35800
FGSN,06-Jul-2026,20.75,20.93,20.75,20.91,20400
FHI,06-Jul-2026,56.52,58.31,56.04,57.91,618000
FHN,06-Jul-2026,25.54,25.94,25.54,25.85,3979200
FHN-E,06-Jul-2026,23.6,23.8,23.568,23.65,4600
FHN-F,06-Jul-2026,17.13,17.2299,17.1,17.17,10400
FHN-H,06-Jul-2026,25.05,25.09,25.0396,25.075,5200
FHNpE,06-Jul-2026,23.6,23.8,23.568,23.65,3760
FHNpF,06-Jul-2026,17.13,17.2299,17.1,17.165,8659
FICO,06-Jul-2026,1269.16,1295.57,1250,1286.51,162600
FIG,06-Jul-2026,20.76,21.755,20.08,21.08,12347000
FIGS,06-Jul-2026,10.06,10.2086,9.82,9.88,2662900
FINS,06-Jul-2026,12.87,13.0993,12.765,12.91,44500
FINV,06-Jul-2026,4.85,4.93,4.825,4.86,584600
FIRY,06-Jul-2026,9.65,10.08,9.44,9.47,106500
FIS,06-Jul-2026,41.76,41.76,40.46,41.27,3969100
FIT-A,06-Jul-2026,23.34,23.66,23.1739,23.23,3000
FIT-I,06-Jul-2026,25.38,25.4,25.32,25.39,29400
FIT-K,06-Jul-2026,18.05,18.16,18.01,18.09,33100
FIT-M,06-Jul-2026,25.97,25.97,25.8001,25.81,14800
FITB,06-Jul-2026,57.24,58.0699,57.03,57.89,5339900
FIX,06-Jul-2026,1772.21,1831.632,1766.13,1793.03,340600
FIXT,06-Jul-2026,37.59,37.65,37.555,37.6092,12900
FLC,06-Jul-2026,17,17,16.9436,16.97,12000
FLG,06-Jul-2026,14.79,15,14.73,14.84,5355100
FLG-A,06-Jul-2026,23,23.045,22.9,23.03,37200
FLG-U,06-Jul-2026,41.41,41.41,41.35,41.36,900
FLGpA,06-Jul-2026,23,23.045,22.9,23.03,34683
FLGpU,06-Jul-2026,41.41,41.41,41.35,41.36,781
FLNG,06-Jul-2026,29.41,30.43,29.32,29.91,312600
FLO,06-Jul-2026,8.7,8.72,8.435,8.61,6023800
FLOC,06-Jul-2026,20.86,21.4001,18.96,18.97,918300
FLR,06-Jul-2026,49.9,51.53,49.9,51.46,1825000
FLS,06-Jul-2026,72.66,74.79,72.66,74.71,898700
FLUT,06-Jul-2026,106.24,108.08,103.61,107.43,1442300
FLXR,06-Jul-2026,39.1,39.1099,39.0545,39.09,261900
FMC,06-Jul-2026,11.11,11.55,10.84,11.38,4451300
FMN,06-Jul-2026,11.5,11.53,11.4,11.43,21400
FMS,06-Jul-2026,23.63,23.685,23.51,23.61,529000
FMX,06-Jul-2026,129.57,130.8,128.46,130.25,513300
FMY,06-Jul-2026,11.87,11.89,11.815,11.84,1100
FN,06-Jul-2026,505,521.41,498.415,500.75,787700
FNB,06-Jul-2026,18.98,19.25,18.96,19.17,4307400
FND,06-Jul-2026,58.38,58.77,55.99,56.84,2836900
FNF,06-Jul-2026,49.12,49.3,48.21,48.71,1168900
FNV,06-Jul-2026,218.06,220,211.51,212.77,543500
FOA,06-Jul-2026,27.25,27.56,26.68,26.88,36700
FOF,06-Jul-2026,13.84,13.8786,13.67,13.81,30100
FOR,06-Jul-2026,30.95,30.96,30.145,30.4,109600
FOU-A,06-Jul-2026,64.09,65.41,63.41,65.16,9600
FOUR,06-Jul-2026,50.54,52.17,49.61,51.38,1170900
FOURpA,06-Jul-2026,64.09,65.41,63.41,65.16,6880
FpB,06-Jul-2026,20.5,20.64,20.4801,20.64,23003
FpC,06-Jul-2026,19.76,19.84,19.72,19.83,63080
FpD,06-Jul-2026,21.48,21.58,21.415,21.55,29936
FPF,06-Jul-2026,18.12,18.1454,18.06,18.13,63600
FPH,06-Jul-2026,5.21,5.25,5.07,5.08,110100
FPI,06-Jul-2026,9.65,9.67,9.52,9.52,464400
FPS,06-Jul-2026,47.42,48.29,46.4,47.5,16703200
FR,06-Jul-2026,62.47,63.1,62.08,63.04,1303500
FRA,06-Jul-2026,10.9,10.95,10.87,10.89,119100
FRO,06-Jul-2026,36.69,38.02,36.2,36.87,1992200
FRT,06-Jul-2026,121.77,122.2,120.02,120.56,867300
FRT-C,06-Jul-2026,19.53,19.7194,19.45,19.57,19100
FRTpC,06-Jul-2026,19.53,19.7194,19.45,19.57,17284
FSCO,06-Jul-2026,4.95,4.99,4.92,4.94,965800
FSK,06-Jul-2026,10.44,10.64,10.32,10.33,3969500
FSM,06-Jul-2026,8.88,8.955,8.575,8.68,3015200
FSS,06-Jul-2026,131.09,134.51,129.84,133.86,740700
FSSL,06-Jul-2026,11.06,11.14,11,11.14,332300
FT,06-Jul-2026,8.14,8.145,8.0601,8.11,46700
FTHY,06-Jul-2026,13.48,13.65,13.48,13.5,83500
FTI,06-Jul-2026,67,68.525,66.8177,67.26,4614600
FTK,06-Jul-2026,22.67,23.8999,22.67,23.23,188100
FTR.U,06-Jul-2026,10.1,10.16,10.1,10.12,83200
FTS,06-Jul-2026,57.99,57.99,56.7,56.9,754800
FTV,06-Jul-2026,62.54,64.335,62.18,63.6,3335000
FTW,06-Jul-2026,12.1,12.1,11.74,12.04,105300
FTW.W,06-Jul-2026,1.39,1.39,1.26,1.31,34800
FTWO,06-Jul-2026,43.67,43.78,43.5,43.73,9100
FUBO,06-Jul-2026,10.11,10.26,9.645,10.23,981800
FUL,06-Jul-2026,57.7,58.83,56.6,58.39,998800
FUN,06-Jul-2026,20.24,20.5651,19.36,19.55,3741200
FVR,06-Jul-2026,20.78,21.29,20.44,20.73,236800
FVRR,06-Jul-2026,10.8,11.15,10.6,11.12,612000
FXED,06-Jul-2026,17.45,17.56,17.45,17.56,2500
G,06-Jul-2026,29.36,29.36,28.58,28.96,2132400
GAB,06-Jul-2026,5.7,5.7599,5.69,5.72,703800
GAB-G,06-Jul-2026,19.96,19.96,19.96,19.96,800
GAB-H,06-Jul-2026,19.84,19.9182,19.8329,19.885,3200
GAB-K,06-Jul-2026,20.01,20.19,19.93,19.95,6000
GABpG,06-Jul-2026,19.96,19.96,19.96,19.96,695
GABpH,06-Jul-2026,19.84,19.9182,19.8329,19.885,2936
GABpK,06-Jul-2026,20.01,20.19,19.93,20.03,4697
GAM,06-Jul-2026,64.34,64.99,64.34,64.78,22800
GAM-B,06-Jul-2026,24.81,24.88,24.8,24.8045,8700
GAMpB,06-Jul-2026,24.81,24.88,24.8,24.8045,8201
GAP,06-Jul-2026,19.09,19.465,18.755,19.37,8873800
GATX,06-Jul-2026,173.93,178.37,173.93,177.81,154700
GBAB,06-Jul-2026,14.35,14.385,14.26,14.33,60900
GBCI,06-Jul-2026,51.51,52.64,51.44,52.54,1252100
GBTG,06-Jul-2026,9.39,9.41,9.39,9.4,916100
GBX,06-Jul-2026,47.92,48.8,47.15,48.33,837100
GCO,06-Jul-2026,32.81,33.395,32.7201,33.17,166200
GCT.W,06-Jul-2026,0.45,0.4766,0.4075,0.464,87600
GCTS,06-Jul-2026,2.68,2.775,2.5,2.5,1847300
GCTS.WS,06-Jul-2026,0.45,0.4766,0.4075,0.464,83945
GCV,06-Jul-2026,4.65,4.69,4.6001,4.65,52400
GD,06-Jul-2026,372.91,377.27,369.33,376.88,1273800
GDDY,06-Jul-2026,87.78,87.91,84.12,85.61,1750400
GDIV,06-Jul-2026,18.6,18.6,18.52,18.5558,8100
GDL,06-Jul-2026,8.49,8.49,8.455,8.47,7900
GDO,06-Jul-2026,10.78,10.78,10.7,10.77,29600
GDOT,06-Jul-2026,13.41,13.41,12.98,13.26,587300
GDV,06-Jul-2026,29.6,30,29.6,29.82,157900
GDV-H,06-Jul-2026,21.75,21.75,21.44,21.51,4200
GDV-K,06-Jul-2026,17.48,17.55,17.48,17.4901,6000
GDVpH,06-Jul-2026,21.75,21.75,21.44,21.51,3277
GDVpK,06-Jul-2026,17.48,17.55,17.48,17.4901,5241
GE,06-Jul-2026,377.17,380.29,373.835,378.68,4065400
GEF,06-Jul-2026,75,75.2,73.26,73.87,173100
GEF.B,06-Jul-2026,91.5,91.98,89.68,91.69,41500
GEL,06-Jul-2026,14.25,14.44,14.1,14.2,179000
GENI,06-Jul-2026,6.41,6.63,6.305,6.62,2465400
GEO,06-Jul-2026,32.12,32.25,29.17,29.72,3509200
GETY,06-Jul-2026,0.8858,0.9493,0.87,0.9157,6061200
GEV,06-Jul-2026,1140.52,1195.94,1138.49,1152.04,2882900
GF,06-Jul-2026,11.63,11.78,11.46,11.78,52700
GFF,06-Jul-2026,93.25,94.9,90.57,93.08,321800
GFI,06-Jul-2026,35.42,35.5897,34.19,34.61,3289400
GFL,06-Jul-2026,39.77,41.19,39.35,40.49,8201900
GFR,06-Jul-2026,5.54,5.67,5.44,5.46,96900
GGB,06-Jul-2026,4.18,4.25,4.1601,4.23,14976200
GGG,06-Jul-2026,75.07,75.78,74.6,75.67,1279700
GGT,06-Jul-2026,4.2,4.2339,4.18,4.18,411500
GGT-E,06-Jul-2026,20.495,20.495,20.0401,20.18,2400
GGT-G,06-Jul-2026,20.1,20.1,20.045,20.08,7400
GGTpE,06-Jul-2026,20.495,20.495,20.0401,20.18,2400
GGTpG,06-Jul-2026,20.1,20.1,20.045,20.07,6652
GGZ,06-Jul-2026,16.45,16.4562,16.4,16.4562,5100
GHC,06-Jul-2026,1182.03,1197.94,1155,1183.82,14700
GHG,06-Jul-2026,1.16,1.16,1.11,1.15,7300
GHI,06-Jul-2026,6.06,6.0699,5.7254,5.76,63900
GHM,06-Jul-2026,115.92,119.46,115.29,115.95,211000
GHY,06-Jul-2026,12.09,12.13,12.02,12.09,78900
GIB,06-Jul-2026,66.02,66.58,65.08,66.35,394000
GIC,06-Jul-2026,33.21,34,32.46,33.08,73400
GIL,06-Jul-2026,51.71,52.05,51.01,51.79,907700
GIS,06-Jul-2026,37.38,37.77,35.73,36.12,12273300
GJP,06-Jul-2026,24.47,24.47,24.47,24.47,100
GJR,06-Jul-2026,24.4036,24.4036,24.4036,24.4036,200
GJS,06-Jul-2026,23.16,23.84,23.16,23.5,400
GKOS,06-Jul-2026,150,150.26,146.69,148.7,712900
GL,06-Jul-2026,179,180.49,176.335,176.98,606800
GL-D,06-Jul-2026,15.15,15.2297,15.11,15.22,19000
GLAS,06-Jul-2026,12.57,12.7,11.25,11.3,467600
GLE-,06-Jul-2026,0.166,0.166,0.166,0.166,22400
GLED,06-Jul-2026,9.97,9.97,9.97,9.97,100
GLO-A,06-Jul-2026,25.6,25.63,25.52,25.59,2700
GLO-B,06-Jul-2026,25.95,26.161,25.89,26.02,5400
GLO-C,06-Jul-2026,25.58,25.6,25.58,25.6,1400
GLOB,06-Jul-2026,32.57,32.64,30.67,30.95,3243200
GLOPpA,06-Jul-2026,25.6,25.63,25.52,25.59,2263
GLOPpB,06-Jul-2026,25.95,26.161,25.89,26.02,4666
GLOPpC,06-Jul-2026,25.58,25.6,25.58,25.6,1150
GLP,06-Jul-2026,46.3,48.06,46.3,47.12,93100
GLP-B,06-Jul-2026,25.41,25.44,25.41,25.41,16100
GLpD,06-Jul-2026,15.15,15.2297,15.11,15.22,15875
GLPpB,06-Jul-2026,25.41,25.44,25.41,25.41,15652
GLW,06-Jul-2026,199.1,206.99,193.16,194.8,11938500
GM,06-Jul-2026,76.53,78.07,76.1158,77.85,9015700
GME,06-Jul-2026,22.6,22.89,22.33,22.76,4089800
GME.W,06-Jul-2026,3,3,2.76,2.78,325000
GME.WS,06-Jul-2026,2.97,3,2.76,2.77,294679
GMED,06-Jul-2026,79.99,81.16,78.25,80.5,1149500
GMMF,06-Jul-2026,100.3,100.31,100.3,100.3,35300
GMRS,06-Jul-2026,14.41,14.95,14.37,14.38,253700
GNE,06-Jul-2026,14.53,14.65,14.34,14.47,55000
GNK,06-Jul-2026,24.53,25.1,24.53,24.98,214600
GNL,06-Jul-2026,9.23,9.3025,9,9,2707500
GNL-A,06-Jul-2026,22.98,23,22.9073,22.99,2600
GNL-B,06-Jul-2026,21.54,21.62,21.3101,21.52,2100
GNL-D,06-Jul-2026,23.55,23.75,23.55,23.6126,7500
GNL-E,06-Jul-2026,22.82,22.88,22.6,22.88,8100
GNLpA,06-Jul-2026,22.98,23,22.9073,22.99,1131
GNLpB,06-Jul-2026,21.54,21.62,21.3101,21.52,1216
GNLpD,06-Jul-2026,23.55,23.75,23.55,23.6126,5958
GNLpE,06-Jul-2026,22.82,22.88,22.6,22.88,6580
GNRC,06-Jul-2026,256,264.99,256,257.81,505800
GNT,06-Jul-2026,8.25,8.3,8.2225,8.25,80500
GNT-A,06-Jul-2026,20.22,20.29,20.22,20.29,2400
GNTpA,06-Jul-2026,20.22,20.29,20.22,20.29,2200
GNW,06-Jul-2026,9.56,9.685,9.505,9.54,2460400
GOF,06-Jul-2026,10.99,11.019,10.925,10.94,1340900
GOLD,06-Jul-2026,44.32,45,43.53,44.05,428600
GOLF,06-Jul-2026,118.13,119.65,115.69,117.22,241500
GOOS,06-Jul-2026,9.6,9.72,9.47,9.72,444000
GOTU,06-Jul-2026,1.74,1.79,1.74,1.74,312300
GPC,06-Jul-2026,129.2,130.3,125.69,128.66,3516200
GPGI,06-Jul-2026,16.78,17.33,16.575,17,1308300
GPI,06-Jul-2026,288.01,297.07,282.085,296.81,172100
GPJA,06-Jul-2026,21.3,21.4,21.29,21.37,12400
GPK,06-Jul-2026,10.9,10.915,10.305,10.61,4245400
GPM-A,06-Jul-2026,18.46,18.46,18.26,18.35,1900
GPMT,06-Jul-2026,1.47,1.4917,1.435,1.46,150300
GPMTpA,06-Jul-2026,18.46,18.46,18.26,18.35,1400
GPN,06-Jul-2026,78.38,78.4,76.51,77.41,3478500
GPOR,06-Jul-2026,168.39,169.095,165.17,165.22,351700
GPRK,06-Jul-2026,9.13,9.43,9.074,9.35,375100
GRB-A,06-Jul-2026,22.33,23.01,22.1102,22.97,7000
GRBK,06-Jul-2026,79.02,79.02,76.3684,76.74,192400
GRBKpA,06-Jul-2026,22.33,23.01,22.1102,22.97,5340
GRC,06-Jul-2026,84.09,85.82,83.7401,85.31,194700
GRDN,06-Jul-2026,42.03,42.96,41.28,41.38,240900
GRMN,06-Jul-2026,240.48,245.28,239.35,245.22,650700
GRND,06-Jul-2026,15.7,16.35,15.48,15.92,1599700
GRNT,06-Jul-2026,4.45,4.45,4.28,4.3,1055700
GROV,06-Jul-2026,1.23,1.25,1.2,1.2,19600
GRX,06-Jul-2026,9.68,9.68,9.595,9.65,31100
GS,06-Jul-2026,1029.88,1055.29,1029,1055.29,1754400
GS-A,06-Jul-2026,19.34,19.42,19.3001,19.39,50900
GS-C,06-Jul-2026,19.41,19.44,19.31,19.35,24400
GS-D,06-Jul-2026,19.07,19.07,18.98,19.02,59300
GSBD,06-Jul-2026,9.55,9.61,9.17,9.18,1151600
GSK,06-Jul-2026,53.8,53.8,52.45,53.09,3776800
GSL,06-Jul-2026,38.21,39.433,38,38.99,268000
GSL-B,06-Jul-2026,26.78,26.83,26.6501,26.765,5100
GSLpB,06-Jul-2026,26.78,26.83,26.6501,26.765,4700
GSpA,06-Jul-2026,19.34,19.42,19.3001,19.39,45550
GSpC,06-Jul-2026,19.41,19.44,19.31,19.35,21681
GSpD,06-Jul-2026,19.07,19.07,18.98,19.02,50546
GTES,06-Jul-2026,26.93,27.17,26.79,27.15,2326300
GTLS,06-Jul-2026,209,209,208.73,208.73,1302600
GTN,06-Jul-2026,4.08,4.115,3.965,4.01,1200000
GTN.A,06-Jul-2026,7.5,7.5,7.5,7.5,400
GTY,06-Jul-2026,34.12,34.265,33.98,34,303100
GUG,06-Jul-2026,16,16,15.92,15.97,50600
GUT,06-Jul-2026,6.64,6.735,6.62,6.71,415000
GUT-C,06-Jul-2026,21.73,22.09,21.73,21.92,2400
GUTpC,06-Jul-2026,21.73,22.09,21.73,21.92,1983
GVA,06-Jul-2026,145.95,151.11,145.95,148.41,544500
GWH,06-Jul-2026,0.87,0.92,0.852,0.88,433200
GWRE,06-Jul-2026,131.63,138.65,131.165,137.59,1237500
GWW,06-Jul-2026,1340.02,1371.23,1332.98,1370.16,288700
GXO,06-Jul-2026,51.96,52.325,50.94,51.16,844400
GYLD,06-Jul-2026,14.3,14.35,14.12,14.27,42500
H,06-Jul-2026,192.24,193.61,189.65,193.48,704800
HAE,06-Jul-2026,75.94,76.21,73.51,75.02,666200
HAFN,06-Jul-2026,6.96,7.225,6.96,7.11,1212300
HAL,06-Jul-2026,32.95,33.6,32.86,33,8687200
HASI,06-Jul-2026,38.32,38.965,38.22,38.28,625000
HAWK,06-Jul-2026,21.18,21.385,19.75,19.97,574700
HAYW,06-Jul-2026,16.93,17.04,16.62,16.82,3111500
HBB,06-Jul-2026,22.89,22.91,21.52,21.82,26400
HBM,06-Jul-2026,23.3,23.405,22.64,23.34,3792900
HCA,06-Jul-2026,414.13,418.3,410.23,417.07,1274500
HCC,06-Jul-2026,80.97,82.49,80.3,81.23,635100
HCI,06-Jul-2026,182,182.5,180.7,181.72,177100
HCXY,06-Jul-2026,25.17,25.17,25.06,25.06,3600
HD,06-Jul-2026,357.82,358.8539,345.8,350.65,4460700
HDB,06-Jul-2026,26.6,27.49,26.6,27.4,12843100
HE,06-Jul-2026,13.51,13.645,13.38,13.42,1348500
HEI,06-Jul-2026,363.66,369.4799,363.245,365.31,410600
HEI.A,06-Jul-2026,261.66,267.42,260.27,262.63,340500
HEQ,06-Jul-2026,11.4,11.6,11.4,11.48,12500
HESM,06-Jul-2026,38.17,38.58,37.99,38.18,574700
HF,06-Jul-2026,22.3562,22.3562,22.3562,22.3562,100
HFEQ,06-Jul-2026,24.495,24.69,24.3401,24.5323,21400
HFGM,06-Jul-2026,30.5505,30.8259,30.5505,30.785,35800
HFMF,06-Jul-2026,21.28,21.45,21.28,21.44,7100
HFND,06-Jul-2026,24.62,24.65,24.5,24.61,8500
HFR-A,06-Jul-2026,16.54,16.6699,16.47,16.5,10300
HFR-B,06-Jul-2026,16.2,16.35,16.2,16.29,9300
HFRO,06-Jul-2026,7.5,7.6,7.455,7.51,177600
HFROpA,06-Jul-2026,16.54,16.6699,16.47,16.5,9723
HFROpB,06-Jul-2026,16.2,16.35,16.2,16.29,8639
HG,06-Jul-2026,34.3,34.6999,34.2,34.47,378900
HGER,06-Jul-2026,30.07,30.48,30.0659,30.48,1304800
HGLB,06-Jul-2026,7.66,7.73,7.51,7.58,149100
HGTY,06-Jul-2026,12.37,12.41,12.04,12.25,143000
HGV,06-Jul-2026,52.38,52.95,50.01,51.34,1505500
HHH,06-Jul-2026,74.42,75.24,74.27,74.76,411200
HIG,06-Jul-2026,137.9,137.9,136.54,137.64,1298300
HIG-G,06-Jul-2026,24.86,24.865,24.75,24.8,11000
HIGpG,06-Jul-2026,24.865,24.865,24.75,24.8,7296
HII,06-Jul-2026,291,296.19,289.23,294.1,434100
HIMS,06-Jul-2026,36.75,39.05,36.35,38.28,13739200
HIO,06-Jul-2026,3.65,3.66,3.64,3.66,206100
HIPO,06-Jul-2026,28.65,28.9,27.94,28.08,134500
HIW,06-Jul-2026,32.12,32.27,31.645,31.98,1306200
HIX,06-Jul-2026,3.95,3.97,3.94,3.96,301300
HKD,06-Jul-2026,1.56,1.5988,1.54,1.58,84600
HL,06-Jul-2026,16.46,16.65,16.07,16.46,38120000
HLF,06-Jul-2026,13,13.195,12.61,12.87,1187800
HLI,06-Jul-2026,140.28,144.5,140.22,142.45,748000
HLIO,06-Jul-2026,82.61,84.01,82.24,82.5,285600
HLLY,06-Jul-2026,2.4,2.46,2.345,2.37,977100
HLN,06-Jul-2026,9.8,9.8,9.615,9.72,7250300
HLT,06-Jul-2026,337.54,339.47,332.965,339.41,1340700
HLX,06-Jul-2026,8.48,8.69,8.48,8.51,907800
HMC,06-Jul-2026,29.32,29.69,29.26,29.63,2263300
HMN,06-Jul-2026,53.87,54.64,53.39,54.12,271300
HMY,06-Jul-2026,16.42,16.49,15.985,16.29,3198500
HNGE,06-Jul-2026,83.42,90.1193,83.06,88.52,1709000
HNI,06-Jul-2026,41.28,41.9,40.38,41.36,414100
HOG,06-Jul-2026,25,25.425,24.605,25.32,2194700
HOMB,06-Jul-2026,28.58,28.92,28.58,28.74,1311300
HOV,06-Jul-2026,135.39,135.47,128.585,129.83,129500
HP,06-Jul-2026,31.05,31.81,30.4,30.53,1308200
HPE,06-Jul-2026,41.77,43.845,41.5,43.15,16433200
HPE-C,06-Jul-2026,110.83,113.65,110.81,111.6,150500
HPEpC,06-Jul-2026,110.83,113.65,110.81,111.6,5498
HPF,06-Jul-2026,15.95,16.05,15.935,16.03,28400
HPI,06-Jul-2026,16.3,16.35,16.29,16.34,41700
HPP,06-Jul-2026,16.96,17.2,16.23,16.27,870800
HPP-C,06-Jul-2026,14.69,14.71,14.3701,14.65,4400
HPPpC,06-Jul-2026,14.69,14.71,14.3701,14.65,3263
HPQ,06-Jul-2026,21.98,22.67,21.96,22.6,11210400
HPS,06-Jul-2026,14.53,14.65,14.53,14.6,86400
HQH,06-Jul-2026,22.09,22.2,21.7801,22,222100
HQL,06-Jul-2026,20.18,20.3,20.01,20.15,141800
HR,06-Jul-2026,20.55,20.605,20.375,20.4,2970200
HRB,06-Jul-2026,39.84,40.01,39.19,39.22,1253200
HRI,06-Jul-2026,134.79,137.22,133.58,135.68,329800
HRL,06-Jul-2026,24.87,24.92,23.97,24.28,5344200
HRTG,06-Jul-2026,27.12,27.5,26.875,27.43,267400
HSBC,06-Jul-2026,97.55,98.78,97.53,98.74,1183700
HSHP,06-Jul-2026,14.43,15,14.4,14.82,254000
HSY,06-Jul-2026,182.11,183.3824,176.67,177.51,2527900
HTB,06-Jul-2026,49.5,50.015,49.19,49.41,109300
HTD,06-Jul-2026,25.44,25.8,25.44,25.61,75000
HTFC,06-Jul-2026,24.75,24.82,24.75,24.7501,2200
HTGC,06-Jul-2026,16.05,16.215,15.96,16.05,1715400
HTH,06-Jul-2026,38.63,39.13,38.42,38.6,245000
HTT,06-Jul-2026,2.6,2.68,2.57,2.65,97400
HUBB,06-Jul-2026,489.6,498.96,489.6,495.6,455500
HUBS,06-Jul-2026,187.98,197.235,187.22,193.84,1087700
HUM,06-Jul-2026,398,400,388.1025,392.86,1349400
HUN,06-Jul-2026,10.58,10.71,10.38,10.58,3834900
HUYA,06-Jul-2026,2.42,2.49,2.405,2.41,521600
HVT,06-Jul-2026,25.15,25.56,24.61,25.05,118400
HVT.A,06-Jul-2026,28.6,28.6,28.6,28.6,500
HWM,06-Jul-2026,272.99,280.5,272.8936,277.91,2388900
HXL,06-Jul-2026,99.72,102.47,99.58,101.3,1519400
HY,06-Jul-2026,31.98,33.41,31.98,33.05,76000
HYBX,06-Jul-2026,29.67,29.705,29.66,29.705,1100
HYI,06-Jul-2026,10.61,10.6799,10.6,10.62,53500
HYT,06-Jul-2026,8.57,8.59,8.54,8.55,482700
HYTR,06-Jul-2026,21.42,21.45,21.41,21.435,76600
HZO,06-Jul-2026,34.86,35.37,34.37,35.33,228400
IAE,06-Jul-2026,8.76,8.83,8.72,8.74,66400
IAG,06-Jul-2026,16.99,17.015,16.35,16.56,4231100
IBM,06-Jul-2026,288.345,300.8199,287.65,299.52,7181500
IBN,06-Jul-2026,29.81,30.225,29.78,30.08,13622600
IBP,06-Jul-2026,228.1,230.02,219.54,225.74,293400
IBTA,06-Jul-2026,35.14,35.5558,32.11,33,180100
ICE,06-Jul-2026,133.7,135.5,131.66,134.91,7583700
ICL,06-Jul-2026,5.05,5.08,5.02,5.05,907300
ICR-A,06-Jul-2026,22.18,22.21,22.16,22.21,2400
ICRpA,06-Jul-2026,22.18,22.2,22.16,22.2,1600
IDA,06-Jul-2026,154.3,154.91,150.96,151.09,857600
IDE,06-Jul-2026,13.82,13.9699,13.82,13.82,33400
IDT,06-Jul-2026,58.98,60.29,58.56,60.28,350100
IEX,06-Jul-2026,222.2,225.46,221.07,224.46,447300
IFF,06-Jul-2026,83.34,83.53,81.69,82.77,2183200
IFN,06-Jul-2026,11.77,11.77,11.6801,11.73,244800
IFS,06-Jul-2026,58.71,59.21,58.2425,59.03,194900
IGA,06-Jul-2026,9.83,9.88,9.81,9.85,72500
IGCB,06-Jul-2026,45.6599,45.6874,45.6599,45.6874,1100
IGD,06-Jul-2026,6.18,6.22,6.1645,6.18,186900
IGI,06-Jul-2026,16.22,16.29,16.15,16.18,7400
IGR,06-Jul-2026,4.65,4.65,4.605,4.63,348200
IH,06-Jul-2026,1.43,1.48,1.43,1.4675,15700
IHD,06-Jul-2026,7.65,7.74,7.65,7.68,59000
IHG,06-Jul-2026,166.71,167.94,165.045,166.41,240400
IHS,06-Jul-2026,8.23,8.265,8.215,8.26,1023900
IIF,06-Jul-2026,22.98,23.21,22.705,23.04,27100
IIIN,06-Jul-2026,29.89,30.145,29.33,29.66,140500
IIM,06-Jul-2026,12.96,12.96,12.89,12.93,50100
IIP-A,06-Jul-2026,24.54,24.58,24.3503,24.5,21000
IIPR,06-Jul-2026,63.3,63.705,61.78,61.86,231600
IIPRpA,06-Jul-2026,24.54,24.58,24.3503,24.5,17336
IMAX,06-Jul-2026,39.7,39.963,36.9,37.33,1573200
INF.W,06-Jul-2026,6.66,6.66,6.16,6.3,36000
INFO,06-Jul-2026,27.22,27.33,27.22,27.3059,2000
INFQ,06-Jul-2026,12.26,12.9,12.0809,12.33,8348200
INFY,06-Jul-2026,11,11.035,10.795,10.88,17356200
ING,06-Jul-2026,32.54,32.99,32.52,32.96,2416100
INGM,06-Jul-2026,25.82,26.46,25.56,26.27,1737600
INGR,06-Jul-2026,97.07,99.32,96.34,99.29,1042700
INN,06-Jul-2026,6.76,6.83,6.55,6.55,937100
INN-E,06-Jul-2026,17.75,17.75,17.6241,17.7,7000
INN-F,06-Jul-2026,16.66,16.75,16.6,16.6999,8500
INNpE,06-Jul-2026,17.75,17.75,17.6241,17.7,5671
INNpF,06-Jul-2026,16.66,16.75,16.6,16.6999,7561
INR,06-Jul-2026,12.35,12.475,12.24,12.24,211300
INSP,06-Jul-2026,46.47,49.84,46.47,49.45,1168400
INSW,06-Jul-2026,82.4,86.755,81.52,85.26,458200
INVH,06-Jul-2026,30.4,30.5231,29.845,30.02,3686700
INVX,06-Jul-2026,24.06,24.65,23.57,23.61,321200
ION.W,06-Jul-2026,37.28,39.935,37.28,39.935,1600
IONQ,06-Jul-2026,49.04,51.33,48.79,48.87,12516200
IONQ.WS,06-Jul-2026,37.28,39.935,37.28,39.935,1074
IOT,06-Jul-2026,35.41,37.73,35.08,37.51,5051700
IP,06-Jul-2026,38.33,38.82,38.06,38.58,4138900
IPI,06-Jul-2026,33.4,34.4849,33.4,34.17,118200
IQI,06-Jul-2026,10.17,10.26,10.15,10.23,170100
IQV,06-Jul-2026,205.44,207.97,201.98,205.97,896300
IR,06-Jul-2026,80.85,81.09,79.81,80.63,2241000
IRA.W,06-Jul-2026,0.2853,0.2853,0.2853,0.2853,8400
IRAB,06-Jul-2026,9.94,9.94,9.94,9.94,1000
IRM,06-Jul-2026,117.9,118.83,114.715,116.38,1911800
IRS,06-Jul-2026,15.9,16.18,15.69,16.1,71900
IRT,06-Jul-2026,17.18,17.28,17.085,17.15,1948900
ISD,06-Jul-2026,12.94,13.075,12.8972,12.99,103200
IT,06-Jul-2026,135.85,136.66,133.14,135.11,945000
ITGR,06-Jul-2026,95.26,95.26,92.8,93.4,512400
ITT,06-Jul-2026,187.51,191,187.14,190.07,854800
ITUB,06-Jul-2026,8.17,8.31,8.11,8.29,18339700
ITW,06-Jul-2026,273.35,275.6,271.57,274.27,1044500
IVR,06-Jul-2026,7.85,7.9,7.825,7.87,2147800
IVR-C,06-Jul-2026,24.6,24.7,24.55,24.67,11300
IVRpC,06-Jul-2026,24.6,24.7,24.55,24.6625,9335
IVT,06-Jul-2026,35.43,35.82,35.3,35.31,836600
IVZ,06-Jul-2026,27.15,27.945,26.9731,27.83,2860300
IX,06-Jul-2026,39.57,40,39.565,39.85,215200
J,06-Jul-2026,127.22,129.5999,126.88,128.98,870800
JAC-,06-Jul-2026,0.14,0.15,0.14,0.15,130600
JACS,06-Jul-2026,10.74,10.74,10.65,10.65,23700
JAN,06-Jul-2026,30,30.08,28.79,29.38,1304500
JBGS,06-Jul-2026,15.58,15.68,15.31,15.31,550900
JBI,06-Jul-2026,5.37,5.37,5.165,5.29,964600
JBL,06-Jul-2026,341.23,351.06,335.68,338.22,1519300
JBND,06-Jul-2026,53.3,53.41,53.25,53.28,709000
JBS,06-Jul-2026,12.16,12.23,11.9634,12.13,5501300
JBTM,06-Jul-2026,144.79,149.54,143.5225,148.05,555900
JCE,06-Jul-2026,16.39,16.57,16.25,16.4,39000
JCI,06-Jul-2026,142.7,144.88,142,142.72,3244400
JEF,06-Jul-2026,53.12,54.84,53.095,54.84,1479400
JELD,06-Jul-2026,1.45,1.47,1.25,1.27,2101500
JEN-,06-Jul-2026,0.24,0.24,0.2,0.2,13400
JENAr,06-Jul-2026,0.24,0.24,0.2,0.2,13399
JFR,06-Jul-2026,7.68,7.735,7.68,7.7,527900
JGH,06-Jul-2026,12.66,12.67,12.59,12.65,88800
JHI,06-Jul-2026,13.32,13.45,13.3,13.35,16100
JHS,06-Jul-2026,10.98,11.09,10.97,11.035,18000
JHX,06-Jul-2026,26,26.17,25.48,25.62,4132900
JILL,06-Jul-2026,16.57,16.57,15.53,15.79,109200
JKS,06-Jul-2026,16,16.45,15.7819,15.97,440800
JLL,06-Jul-2026,328.63,330.515,323.4212,329.86,295500
JLS,06-Jul-2026,17.38,17.5,17.38,17.43,25100
JMIA,06-Jul-2026,7.02,7.25,7.0101,7.13,724200
JMM,06-Jul-2026,5.9,5.92,5.8928,5.9,5700
JNJ,06-Jul-2026,260.23,261.38,255.93,259.33,6803700
JOB.W,06-Jul-2026,0.35,0.39,0.34,0.34,57400
JOBY,06-Jul-2026,8.45,9.43,8.4,8.92,55783200
JOBY.WS,06-Jul-2026,0.3236,0.39,0.3236,0.34,56207
JOE,06-Jul-2026,61.22,62.045,60.27,60.72,228500
JOF,06-Jul-2026,11.83,12.03,11.775,11.96,58800
JPC,06-Jul-2026,7.87,7.89,7.84,7.85,854800
JPM,06-Jul-2026,335,339.715,334.11,337.72,8673500
JPM-C,06-Jul-2026,25.35,25.36,25.3,25.32,72500
JPM-D,06-Jul-2026,23.99,24.06,23.99,24.01,101500
JPM-J,06-Jul-2026,19.35,19.37,19.2901,19.36,61100
JPM-K,06-Jul-2026,18.46,18.54,18.43,18.49,145300
JPM-L,06-Jul-2026,18.76,18.82,18.74,18.76,231400
JPM-M,06-Jul-2026,17.3,17.36,17.25,17.26,205600
JPMpC,06-Jul-2026,25.35,25.36,25.3,25.36,63625
JPMpD,06-Jul-2026,24,24.07,23.99,24.04,91698
JPMpJ,06-Jul-2026,19.35,19.37,19.2901,19.34,53366
JPMpK,06-Jul-2026,18.46,18.54,18.43,18.49,133408
JPMpL,06-Jul-2026,18.76,18.82,18.74,18.76,212853
JPMpM,06-Jul-2026,17.3,17.36,17.25,17.29,185046
JQC,06-Jul-2026,4.82,4.87,4.82,4.83,425100
JRI,06-Jul-2026,13.08,13.12,13.05,13.11,128400
JRS,06-Jul-2026,8.65,8.655,8.57,8.61,79000
JXN,06-Jul-2026,105.15,110.43,105.15,109.36,656800
JXN-A,06-Jul-2026,25.36,25.47,25.34,25.44,28500
JXNpA,06-Jul-2026,25.36,25.47,25.34,25.425,21359
KAI,06-Jul-2026,307.56,316.08,307.56,313.66,134400
KB,06-Jul-2026,112.37,113.92,112.25,113.91,241700
KBDC,06-Jul-2026,13.59,13.81,13.59,13.63,341900
KBH,06-Jul-2026,61.07,61.07,59.2615,59.78,1181100
KBR,06-Jul-2026,36.29,37.69,36.09,37.43,2454000
KCA.S,06-Jul-2026,10.01,10.01,10.01,10.01,2200
KCA.U,06-Jul-2026,10.01,10.01,10.01,10.01,2275
KCA.W,06-Jul-2026,1.11,1.11,1.1,1.1,5000
KD,06-Jul-2026,11.88,12.485,11.8161,12.28,5009900
KEN,06-Jul-2026,70.12,71.27,69.67,70.62,33900
KEP,06-Jul-2026,12.77,12.85,12.65,12.74,728300
KEX,06-Jul-2026,130,133.24,130,132.97,753200
KEY,06-Jul-2026,22.97,23.45,22.97,23.43,12371300
KEY-I,06-Jul-2026,25.01,25.0895,25.01,25.07,14500
KEY-J,06-Jul-2026,20.86,20.97,20.86,20.871,11900
KEY-K,06-Jul-2026,20.68,20.7699,20.6401,20.71,11800
KEY-L,06-Jul-2026,25.1,25.2,25.0301,25.12,20300
KEYpI,06-Jul-2026,25.01,25.0895,25.01,25.07,11063
KEYpJ,06-Jul-2026,20.86,20.97,20.86,20.871,9172
KEYpK,06-Jul-2026,20.68,20.7699,20.6401,20.6401,8963
KEYpL,06-Jul-2026,25.1,25.2,25.0301,25.16,16804
KEYS,06-Jul-2026,317.23,328.5825,316.565,319.73,1152200
KF,06-Jul-2026,70.95,72.39,70.26,71.62,23300
KFRC,06-Jul-2026,50.99,51.4,50.08,50.48,146600
KFY,06-Jul-2026,69.25,71.48,68.6,71.1,488700
KGC,06-Jul-2026,24.81,25.12,24.255,24.72,7798500
KGS,06-Jul-2026,67.32,69.623,66.18,66.23,1867300
KIM,06-Jul-2026,25.32,25.36,25.025,25.05,3257200
KIM-L,06-Jul-2026,19.26,19.57,19.26,19.5,9400
KIM-M,06-Jul-2026,19.66,19.87,19.66,19.82,27700
KIM-N,06-Jul-2026,62.47,62.5,62.42,62.49,2300
KIMpL,06-Jul-2026,19.26,19.57,19.26,19.5,7027
KIMpM,06-Jul-2026,19.66,19.87,19.66,19.82,24554
KIMpN,06-Jul-2026,62.47,62.5,62.42,62.49,2243
KIO,06-Jul-2026,11.38,11.41,11.33,11.4,112900
KKR,06-Jul-2026,94.64,96.99,94.15,95.97,3860700
KKR-D,06-Jul-2026,40.6,41.44,40.6,41.17,84000
KKRpD,06-Jul-2026,40.6,41.44,40.6,41.215,48758
KKRS,06-Jul-2026,16.2,16.29,16.19,16.275,19800
KKRT,06-Jul-2026,24.29,24.3799,24.24,24.35,33700
KLAR,06-Jul-2026,19.5,20.12,19.03,19.88,3732000
KLC,06-Jul-2026,4.84,5.08,4.71,4.93,559000
KMI,06-Jul-2026,32.02,32.29,31.645,31.69,7181000
KMPB,06-Jul-2026,23.77,23.9,23.77,23.87,9100
KMPR,06-Jul-2026,28.4,29.07,28.03,28.8,1182700
KMT,06-Jul-2026,33.5,34.25,33.5,34.22,695500
KMX,06-Jul-2026,51.12,51.295,49.37,50.21,2360900
KN,06-Jul-2026,37.07,38.33,36.59,36.77,938100
KNF,06-Jul-2026,85.22,85.875,84.185,85.05,262800
KNOP,06-Jul-2026,10.04,10.43,10,10.35,67100
KNSL,06-Jul-2026,350.26,355.74,345.47,347.23,295700
KNTK,06-Jul-2026,47.45,48.365,47.39,47.45,512200
KNX,06-Jul-2026,76.85,77.77,74.48,74.81,2009900
KO,06-Jul-2026,84.1,84.56,82.315,82.96,18992600
KODK,06-Jul-2026,8.46,8.61,8.3,8.31,701200
KOF,06-Jul-2026,107.91,108.195,107.25,108.08,129400
KOP,06-Jul-2026,45.97,47.68,45.75,47.1,149700
KORE,06-Jul-2026,9.24,9.24,9.21,9.23,42800
KOS,06-Jul-2026,2.09,2.155,2.06,2.09,14986700
KR,06-Jul-2026,58.13,58.48,57.16,58.25,9797100
KRC,06-Jul-2026,39.65,39.77,39.15,39.34,1147200
KRE-A,06-Jul-2026,17.9783,18.09,17.93,18.0273,18400
KREF,06-Jul-2026,6.99,7.105,6.97,7.04,850900
KREFpA,06-Jul-2026,17.9783,18.09,17.93,18.0273,16862
KRG,06-Jul-2026,28.67,28.79,28.38,28.48,3833900
KRMN,06-Jul-2026,57,57.25,53.34,53.36,4210600
KRO,06-Jul-2026,6.04,6.05,5.82,5.84,235600
KRP,06-Jul-2026,14.48,14.6092,14.41,14.47,358000
KRS.U,06-Jul-2026,10.66,11.49,10.64,10.72,3300
KRS.W,06-Jul-2026,1.17,1.35,1.1,1.35,3800
KRSP,06-Jul-2026,10.97,10.97,10.51,10.51,3100
KRSP.U,06-Jul-2026,10.66,11.49,10.64,10.66,2035
KSS,06-Jul-2026,17.805,18.13,16.865,16.9,5931200
KT,06-Jul-2026,18,18,17.545,17.64,1652900
KTB,06-Jul-2026,85.24,87.42,83.45,87.15,829000
KTF,06-Jul-2026,9.26,9.29,9.25,9.28,86200
KTN,06-Jul-2026,25.32,25.4,25.32,25.3601,1300
KVUE,06-Jul-2026,19.66,19.745,19.265,19.56,25159300
KVYO,06-Jul-2026,16.42,17.135,16.3338,17,6229600
KWR,06-Jul-2026,160.79,161.96,157.34,159.43,179300
KWY,06-Jul-2026,10.62,10.765,10.4,10.48,81100
KYN,06-Jul-2026,13.9,14.06,13.86,13.88,291000
L,06-Jul-2026,116.6,116.7,115.78,116.3,606700
LAC,06-Jul-2026,3.8,3.86,3.76,3.82,6707400
LAD,06-Jul-2026,306.59,310.265,298.24,309.02,263600
LADR,06-Jul-2026,10.02,10.08,9.74,9.75,1547700
LANV,06-Jul-2026,1.43,1.8,1.43,1.46,86500
LAR,06-Jul-2026,8.05,8.22,7.895,7.94,952700
LAW,06-Jul-2026,3.83,3.96,3.825,3.87,175800
LAZ,06-Jul-2026,41.74,43.6235,41.49,43.28,1706900
LB,06-Jul-2026,73.75,77.71,73.75,74.9,392600
LBRT,06-Jul-2026,23.85,24.75,23.21,23.29,2939200
LCII,06-Jul-2026,103.29,104.81,102.52,104.45,493200
LCLN,06-Jul-2026,24.71,25.2,23.385,23.47,354500
LDI,06-Jul-2026,1.22,1.23,1.18,1.19,1096300
LDOS,06-Jul-2026,108.5,109.97,107.0401,108.72,1844100
LDP,06-Jul-2026,21.21,21.28,21.16,21.22,70500
LEA,06-Jul-2026,131.91,133.89,130.86,133.69,340900
LEG,06-Jul-2026,11.95,11.98,11.595,11.8,2653700
LEN,06-Jul-2026,88.33,88.68,85.8,87.65,2236800
LEN.B,06-Jul-2026,87.04,87.04,84.01,85.92,96700
LEO,06-Jul-2026,6.47,6.47,6.44,6.46,252000
LEU,06-Jul-2026,167.98,179.82,165.865,174.23,904800
LEVI,06-Jul-2026,24.61,24.97,24.03,24.68,2642900
LFT,06-Jul-2026,0.99,0.9945,0.9422,0.96,117800
LFT-A,06-Jul-2026,18.5,18.5,18.25,18.25,2700
LFTpA,06-Jul-2026,18.5,18.5,18.25,18.25,2495
LGI,06-Jul-2026,18.76,18.8,18.66,18.7,24700
LH,06-Jul-2026,287.04,287.04,282.58,284.39,491300
LHX,06-Jul-2026,301.81,302.82,297.77,301.27,900900
LII,06-Jul-2026,569.34,574.17,559.69,568,328000
LION,06-Jul-2026,14.55,14.98,14.32,14.39,1723500
LITB,06-Jul-2026,2.82,3.01,2.82,2.92,4000
LLY,06-Jul-2026,1208,1213.79,1183.34,1200.06,2348700
LMND,06-Jul-2026,71.49,79.39,71.44,78.7,2717900
LMT,06-Jul-2026,545,545.91,535.17,538,937900
LNC,06-Jul-2026,37.85,38.74,37.8101,38.39,2041100
LNC-D,06-Jul-2026,26.09,26.15,26.0701,26.09,44500
LNCpD,06-Jul-2026,26.09,26.15,26.0701,26.08,38522
LND,06-Jul-2026,3.59,3.64,3.59,3.61,45100
LNG,06-Jul-2026,246,247.81,243.44,246.09,1666300
LNN,06-Jul-2026,121.15,121.15,115.795,117.61,323000
LOAR,06-Jul-2026,80.98,82.49,80.8698,81.29,566600
LOB,06-Jul-2026,41.35,41.82,40.74,41.8,194500
LOB-A,06-Jul-2026,25.18,25.575,25.18,25.37,16200
LOBpA,06-Jul-2026,25.18,25.575,25.18,25.37,14037
LOCL,06-Jul-2026,1.26,1.32,1.26,1.32,11400
LOMA,06-Jul-2026,11.9,12.19,11.53,11.8,476700
LOW,06-Jul-2026,228,228.81,218.56,223.78,2479700
LPG,06-Jul-2026,36.29,38.62,36.25,37.78,637100
LPL,06-Jul-2026,3.6,3.66,3.57,3.65,2903200
LPX,06-Jul-2026,79.13,79.49,76.65,77.61,900600
LRN,06-Jul-2026,90.24,92.58,87.78,90.28,656600
LSPD,06-Jul-2026,10.67,10.75,10.4,10.63,750400
LTC,06-Jul-2026,39.08,39.28,38.715,38.77,379800
LTH,06-Jul-2026,41.1,41.51,40.77,41.13,2947000
LTM,06-Jul-2026,56.91,57.45,56.12,57.44,682600
LU,06-Jul-2026,1.44,1.44,1.39,1.42,425100
LUCK,06-Jul-2026,7.7,7.94,7.61,7.76,92300
LUMN,06-Jul-2026,6.54,6.73,6.47,6.48,14210700
LUV,06-Jul-2026,51,51.52,50.2,50.81,6541300
LUXE,06-Jul-2026,7.89,8.07,7.79,7.92,73400
LVS,06-Jul-2026,47.4,47.55,45.7,46.58,3911200
LVW.W,06-Jul-2026,0.0218,0.0219,0.0101,0.0214,69700
LVWR,06-Jul-2026,1.02,1.12,1.0104,1.04,135900
LVWR.WS,06-Jul-2026,0.0218,0.0219,0.0101,0.0214,69503
LW,06-Jul-2026,45.27,46.79,44.825,46.09,1508800
LXFR,06-Jul-2026,17.08,17.465,16.845,17.35,103900
LXP,06-Jul-2026,55.6,55.995,55.3,55.64,269600
LXP-C,06-Jul-2026,46,46.22,46,46.22,2800
LXPpC,06-Jul-2026,46,46.22,46,46.22,2225
LXU,06-Jul-2026,10.49,10.785,10.44,10.77,571500
LYB,06-Jul-2026,52.75,53.01,52.19,52.97,6836700
LYG,06-Jul-2026,6.11,6.18,6.105,6.17,14758400
LYV,06-Jul-2026,186.02,188,181.39,183.29,2461300
LZB,06-Jul-2026,40.21,40.22,38.9201,39.4,351900
LZM,06-Jul-2026,3.76,3.93,3.75,3.86,482900
M,06-Jul-2026,23.44,24.05,23.3,23.68,3632000
MA,06-Jul-2026,540.74,541.89,522.68,533.1,3577900
MAA,06-Jul-2026,141.96,142.23,140.5,140.77,1003600
MAA-I,06-Jul-2026,54.06,54.77,54.06,54.7667,1700
MAApI,06-Jul-2026,54.06,54.77,54.06,54.7667,1343
MAC,06-Jul-2026,25.42,25.51,25.21,25.28,2039200
MAGN,06-Jul-2026,12.59,13.05,12.33,12.69,339800
MAIN,06-Jul-2026,52.48,53.37,52.28,52.29,874700
MAIR,06-Jul-2026,37.15,38.615,37.15,37.91,1842200
MAN,06-Jul-2026,38.76,39.47,37.67,38.44,1131200
MANE,06-Jul-2026,128.11,129.805,121.75,122.07,542600
MANU,06-Jul-2026,23,23,22.21,22.26,172800
MAS,06-Jul-2026,82.77,82.77,80.67,81.04,1833000
MATV,06-Jul-2026,7.22,7.575,7.07,7.46,486900
MATX,06-Jul-2026,204.32,206.08,200.44,204.53,278000
MAX,06-Jul-2026,13.29,14.06,13.12,14,976900
MBC,06-Jul-2026,9.86,9.86,9.335,9.44,2068500
MBGL,06-Jul-2026,18.85,19.46,17.67,19.26,35850600
MBI,06-Jul-2026,6.82,6.955,6.77,6.78,312200
MC,06-Jul-2026,69.08,72.39,69.08,71.94,688500
MCB,06-Jul-2026,98.34,101.005,98.28,100.21,111700
MCD,06-Jul-2026,280.06,281.02,273.58,279.5,6743900
MCI,06-Jul-2026,17.4,17.55,17.35,17.45,33500
MCK,06-Jul-2026,784.72,789.1,776,784.23,1130700
MCN,06-Jul-2026,5.56,5.571,5.55,5.56,33500
MCO,06-Jul-2026,492.35,499.97,480.63,498.78,863900
MCS,06-Jul-2026,23.15,23.15,22.32,22.35,244500
MCY,06-Jul-2026,112,112.28,110.08,111.12,298400
MD,06-Jul-2026,26.97,27.41,26.83,27.39,674400
MDA,06-Jul-2026,41.58,42.54,40.3,42.11,2103000
MDST,06-Jul-2026,29.13,29.14,28.72,28.77,43300
MDT,06-Jul-2026,83.25,83.765,81.41,83.06,10711100
MDU,06-Jul-2026,20.65,20.88,20.235,20.37,1707900
MDV,06-Jul-2026,17.8,17.945,17.63,17.67,79400
MDV-A,06-Jul-2026,24.91,24.9999,24.89,24.955,9700
MDVpA,06-Jul-2026,24.91,24.9999,24.89,24.955,9016
MEC,06-Jul-2026,33.67,34.84,33.66,34.41,419800
MED,06-Jul-2026,10.95,11.1599,10.82,11.04,155800
MEGI,06-Jul-2026,15.33,15.35,15.17,15.32,79100
MEI,06-Jul-2026,15.45,16.07,14.9168,15.32,625200
MER-K,06-Jul-2026,25.62,25.65,25.61,25.61,21200
MERpK,06-Jul-2026,25.62,25.65,25.61,25.61,19764
MET,06-Jul-2026,90.88,91.25,90.04,90.46,4103000
MET-A,06-Jul-2026,21.31,21.47,21.31,21.37,24200
MET-E,06-Jul-2026,22.61,22.69,22.57,22.69,38500
MET-F,06-Jul-2026,18.74,18.75,18.67,18.75,122900
METpA,06-Jul-2026,21.31,21.47,21.31,21.34,18945
METpE,06-Jul-2026,22.61,22.69,22.57,22.69,32824
METpF,06-Jul-2026,18.74,18.75,18.67,18.75,113572
MFA,06-Jul-2026,9.47,9.535,9.33,9.33,1613500
MFA-B,06-Jul-2026,20.3,20.33,20.24,20.28,21000
MFA-C,06-Jul-2026,22.9,23.15,22.86,23.09,30300
MFAN,06-Jul-2026,25.19,25.389,25.19,25.29,11100
MFAO,06-Jul-2026,25.34,25.39,25.32,25.3501,10200
MFApB,06-Jul-2026,20.3,20.33,20.24,20.2401,18740
MFApC,06-Jul-2026,22.9,23.15,22.86,23.09,26863
MFC,06-Jul-2026,41.53,41.7,41.07,41.36,1361000
MFG,06-Jul-2026,10.19,10.355,10.135,10.35,3535900
MFM,06-Jul-2026,5.61,5.65,5.56,5.59,152700
MFSB,06-Jul-2026,24.91,24.94,24.895,24.93,57400
MFSG,06-Jul-2026,29.74,30.02,29.74,29.97,57000
MFSI,06-Jul-2026,32.86,33.05,32.85,33.03,146700
MFSM,06-Jul-2026,25.19,25.24,25.19,25.2317,10800
MFSV,06-Jul-2026,29.13,29.13,28.97,29.09,63400
MG,06-Jul-2026,16.66,17.42,16.121,16.8,182300
MGA,06-Jul-2026,63.82,65.82,63.82,65.68,1569500
MGF,06-Jul-2026,2.87,2.9741,2.86,2.86,48700
MGM,06-Jul-2026,47,47.1,46.13,46.88,2433100
MGR,06-Jul-2026,19.7901,20.03,19.7901,20.03,40300
MGRB,06-Jul-2026,16.24,16.41,16.24,16.4,17400
MGRD,06-Jul-2026,14.7001,14.82,14.7001,14.82,900
MGRE,06-Jul-2026,22.89,22.9999,22.8,22.87,29300
MGY,06-Jul-2026,25.05,25.26,24.96,25.01,1577300
MH,06-Jul-2026,10.33,10.75,10.2,10.56,1471100
MHD,06-Jul-2026,11.95,12.08,11.84,11.99,957300
MHF,06-Jul-2026,7.06,7.13,7.01,7.05,32700
MHK,06-Jul-2026,119.03,119.03,114.77,116.19,643400
MHLA,06-Jul-2026,11,11,11,11,500
MHNC,06-Jul-2026,11.57,11.77,11.57,11.77,1700
MHO,06-Jul-2026,156.8,156.8,152.22,152.37,231700
MIAX,06-Jul-2026,40.59,42.345,40,41.86,1821200
MICC,06-Jul-2026,18.59,18.815,18.41,18.76,1004900
MIN,06-Jul-2026,2.44,2.47,2.44,2.45,389600
MIR,06-Jul-2026,17.26,17.44,16.88,16.91,3925800
MIT-A,06-Jul-2026,22.03,22.215,22.02,22.215,1100
MIT-B,06-Jul-2026,21.33,21.33,21.14,21.1818,1900
MIT-C,06-Jul-2026,25.002,25.36,25.002,25.23,14200
MITN,06-Jul-2026,25.61,25.61,25.51,25.54,5100
MITP,06-Jul-2026,25.46,25.55,25.46,25.5,1800
MITT,06-Jul-2026,7.7,7.7782,7.685,7.75,168300
MITTpA,06-Jul-2026,22.03,22.215,22.02,22.215,1000
MITTpB,06-Jul-2026,21.33,21.33,21.14,21.1818,1400
MITTpC,06-Jul-2026,25.002,25.36,25.002,25.23,13573
MIY,06-Jul-2026,12.38,12.38,12.1901,12.245,30500
MKC,06-Jul-2026,52.34,52.72,50.78,51.78,3126700
MKC.V,06-Jul-2026,53.47,53.47,50.98,51.24,4000
MKL,06-Jul-2026,1986.25,1990.68,1959.98,1978.05,82900
MLI,06-Jul-2026,56.5,58.1986,56.32,56.84,2353500
MLM,06-Jul-2026,602.31,607.19,597.49,605.3,705200
MLP,06-Jul-2026,17.33,17.915,16.96,17.45,21000
MLR,06-Jul-2026,49.17,50.51,48.38,49.18,52600
MMD,06-Jul-2026,15.49,15.49,15.3764,15.42,34000
MMI,06-Jul-2026,31.65,32.12,31.515,31.96,102600
MMID,06-Jul-2026,26.53,26.5904,26.53,26.5904,2000
MMK,06-Jul-2026,100.05,100.07,100.045,100.06,13300
MMKT,06-Jul-2026,100.19,100.2,100.19,100.195,3600
MMM,06-Jul-2026,160.42,160.45,156.05,159.15,2180300
MMS,06-Jul-2026,55.74,56.21,54.44,56.04,594400
MMT,06-Jul-2026,4.4,4.43,4.4,4.42,353300
MMU,06-Jul-2026,10.52,10.52,10.38,10.47,170100
MNR,06-Jul-2026,12.53,12.6861,12.52,12.56,156500
MNSO,06-Jul-2026,11.83,11.97,11.7205,11.9,564300
MNTN,06-Jul-2026,11.02,11.47,10.91,11.39,1762000
MO,06-Jul-2026,72.35,72.55,71.27,71.88,6047800
MOD,06-Jul-2026,240.66,243.54,231.35,235.19,1164000
MOG.A,06-Jul-2026,418.87,427.7099,417.42,424.46,296700
MOG.B,06-Jul-2026,424.265,428.395,424.265,428.395,400
MOGU,06-Jul-2026,2.09,2.1,1.96,2.1,5300
MOH,06-Jul-2026,229.21,229.25,223.235,227.7,823300
MOS,06-Jul-2026,21.07,21.43,20.82,21.18,7742300
MOV,06-Jul-2026,37.61,37.99,37.3401,37.77,177800
MP,06-Jul-2026,53.7,54.74,52.83,53.01,3916500
MPA,06-Jul-2026,11.3619,11.4,11.29,11.395,23100
MPC,06-Jul-2026,266.52,272.35,265.38,268.99,1720300
MPLX,06-Jul-2026,57,57.7,56.83,56.97,796100
MPT,06-Jul-2026,4.59,4.65,4.57,4.61,4450700
MPV,06-Jul-2026,16.36,16.87,16.16,16.49,9300
MQY,06-Jul-2026,11.67,11.67,11.58,11.62,386300
MRK,06-Jul-2026,129.31,130.0033,125.624,126.78,9499200
MRP,06-Jul-2026,28.99,29.2292,28.37,28.37,1517500
MRSH,06-Jul-2026,178.13,178.13,173.2478,174.73,3094700
MS,06-Jul-2026,217,222.14,216.3706,222.1,4567700
MS-A,06-Jul-2026,18.95,18.99,18.82,18.92,90500
MS-E,06-Jul-2026,25.3,25.3,25.25,25.26,60500
MS-F,06-Jul-2026,25.17,25.1796,25.12,25.14,40000
MS-I,06-Jul-2026,24.97,25.01,24.97,25.01,31100
MS-K,06-Jul-2026,23.58,23.5999,23.47,23.54,55000
MS-L,06-Jul-2026,19.68,19.69,19.5858,19.62,19100
MS-O,06-Jul-2026,16.91,16.97,16.9,16.93,79000
MS-P,06-Jul-2026,25.26,25.26,25.18,25.25,53100
MS-Q,06-Jul-2026,25.48,25.49,25.35,25.48,37700
MSA,06-Jul-2026,171.35,173.11,170.1,172.19,266900
MSB,06-Jul-2026,25.5,25.89,25.38,25.78,16400
MSC,06-Jul-2026,1.8,1.85,1.8,1.85,4600
MSCI,06-Jul-2026,602.31,614.45,589.3,614.04,422800
MSD,06-Jul-2026,7.3,7.35,7.2401,7.28,80300
MSDL,06-Jul-2026,15.4,15.6,15.37,15.38,416400
MSGE,06-Jul-2026,78.62,79.51,74.91,75.87,463900
MSGS,06-Jul-2026,395,400,384.14,386.21,208300
MSI,06-Jul-2026,419.5,425.92,417.05,422.83,729100
MSIF,06-Jul-2026,11.53,11.78,11.53,11.62,284100
MSM,06-Jul-2026,122.31,122.695,119.33,121.14,1067000
MSpA,06-Jul-2026,18.95,18.99,18.82,18.92,84500
MSpE,06-Jul-2026,25.3,25.3,25.25,25.27,54649
MSpF,06-Jul-2026,25.18,25.18,25.12,25.14,34325
MSpI,06-Jul-2026,24.97,25.01,24.97,25.01,25965
MSpK,06-Jul-2026,23.58,23.5999,23.47,23.54,47718
MSpL,06-Jul-2026,19.68,19.69,19.5858,19.624,15549
MSpO,06-Jul-2026,16.91,16.97,16.9,16.93,73975
MSpP,06-Jul-2026,25.26,25.26,25.18,25.24,42161
MSpQ,06-Jul-2026,25.48,25.49,25.35,25.48,30452
MT,06-Jul-2026,64.77,65.395,64.62,65.35,1619600
MTA.U,06-Jul-2026,10.9,10.9,10.71,10.71,200
MTA.W,06-Jul-2026,1.15,1.15,1.15,1.15,600
MTAL,06-Jul-2026,10.22,10.26,10.22,10.25,14800
MTB,06-Jul-2026,237.18,240.91,236.5,239.92,886700
MTB-H,06-Jul-2026,25.02,25.1,25.02,25.0617,9400
MTB-J,06-Jul-2026,26.03,26.15,25.97,26.07,32800
MTB-K,06-Jul-2026,24.52,24.57,24.3,24.55,20600
MTBpH,06-Jul-2026,25.02,25.1,25.02,25.0617,6162
MTBpJ,06-Jul-2026,26.03,26.15,25.97,26.12,26558
MTD,06-Jul-2026,1307.37,1314.305,1284.275,1295.56,165100
MTDR,06-Jul-2026,50.68,50.68,49.44,49.86,1485400
MTG,06-Jul-2026,28.22,28.46,28.175,28.21,1686700
MTH,06-Jul-2026,81.48,81.48,79.3,79.9,775300
MTN,06-Jul-2026,140.17,142.31,138.3,142.12,677800
MTN.U,06-Jul-2026,10.01,10.01,10.01,10.01,1000
MTN.W,06-Jul-2026,0.33,0.37,0.3287,0.33,51800
MTNE,06-Jul-2026,9.87,9.87,9.87,9.87,85100
MTR,06-Jul-2026,3.18,3.1999,3.0801,3.14,24100
MTRN,06-Jul-2026,268.62,276.288,261.45,261.8,374700
MTUS,06-Jul-2026,17.5,18.455,17.5,18.39,341400
MTW,06-Jul-2026,12.59,12.91,12.59,12.88,182000
MTX,06-Jul-2026,74.32,75.11,73.84,74.35,195500
MTZ,06-Jul-2026,376.01,390,375.97,380.63,647800
MUA,06-Jul-2026,11.06,11.06,10.99,11.04,46100
MUC,06-Jul-2026,11.09,11.09,10.99,11.03,198300
MUFG,06-Jul-2026,20.95,21.2089,20.95,21.17,4090800
MUJ,06-Jul-2026,12.4,12.4,12.325,12.33,93800
MUR,06-Jul-2026,32.06,32.08,31.47,31.72,1513000
MUSA,06-Jul-2026,570.35,577.515,558.285,563.06,268500
MUSE,06-Jul-2026,49.695,49.695,49.695,49.695,100
MUX,06-Jul-2026,19.31,19.48,18.55,18.84,945800
MVO,06-Jul-2026,1.4,1.49,0.7311,0.7963,2411500
MWA,06-Jul-2026,24.95,25.36,24.77,25.35,1355900
MX,06-Jul-2026,4.25,4.36,4.09,4.13,1151300
MXE,06-Jul-2026,13.08,13.09,13.08,13.09,800
MXF,06-Jul-2026,21.89,22.23,21.89,21.97,7800
MYE,06-Jul-2026,31.52,31.59,30.6,30.6,431000
MYI,06-Jul-2026,11.12,11.13,11.06,11.07,319100
MYN,06-Jul-2026,10.2,10.2,10.16,10.2,53100
MZY.W,06-Jul-2026,0.79,0.82,0.77,0.77,44400
MZYX,06-Jul-2026,10.08,10.08,10.04,10.055,5200
NABL,06-Jul-2026,4.04,4.28,4.01,4.22,1484500
NAC,06-Jul-2026,12.16,12.1661,12.115,12.12,274200
NAD,06-Jul-2026,12.06,12.09,12.02,12.06,617500
NAN,06-Jul-2026,11.75,11.77,11.67,11.7,68700
NAT,06-Jul-2026,5.78,6.19,5.72,5.83,3180100
NATL,06-Jul-2026,44.56,45.03,44.465,44.96,268700
NAZ,06-Jul-2026,12.61,12.71,12.58,12.63,41600
NBB,06-Jul-2026,15.72,15.87,15.63,15.69,32300
NBHC,06-Jul-2026,44.23,44.7,44.23,44.36,283500
NBR,06-Jul-2026,77.08,79.1241,75.54,76.33,260300
NBXG,06-Jul-2026,16.05,16.355,16.05,16.2,214200
NC,06-Jul-2026,47.5,48.425,46.9,48.29,20400
NCA,06-Jul-2026,9.39,9.47,9.3611,9.47,59600
NCDL,06-Jul-2026,12.7,12.86,12.57,12.61,99000
NCLH,06-Jul-2026,19.76,19.965,19.18,19.26,13719300
NCV,06-Jul-2026,17.35,17.39,17.235,17.29,59600
NCV-A,06-Jul-2026,20.67,20.67,20.46,20.6499,5600
NCVpA,06-Jul-2026,20.67,20.67,20.46,20.6499,4315
NCZ,06-Jul-2026,15.74,15.74,15.51,15.65,47400
NCZ-A,06-Jul-2026,20.27,20.4769,20.27,20.33,5100
NCZpA,06-Jul-2026,20.27,20.4769,20.27,20.33,4950
NDMO,06-Jul-2026,10.43,10.48,10.41,10.43,100300
NE,06-Jul-2026,37.82,38.56,37.31,37.41,1415600
NE.A,06-Jul-2026,15,15.21,15,15.21,900
NE.W,06-Jul-2026,18.95,19,18.7,18.75,1600
NE.WS,06-Jul-2026,18.95,19,18.7,18.75,1500
NE.WS.A,06-Jul-2026,15,15.21,15,15.21,700
NEA,06-Jul-2026,11.74,11.74,11.685,11.72,530200
NEE,06-Jul-2026,88.18,88.52,87.16,87.44,10274100
NEE-N,06-Jul-2026,22.22,22.27,22.1901,22.27,55600
NEE-S,06-Jul-2026,53.73,53.73,53.31,53.36,139100
NEE-T,06-Jul-2026,50,50.1799,49.85,49.97,38000
NEE-U,06-Jul-2026,24.4,24.4799,24.33,24.47,98600
NEE-V,06-Jul-2026,47.9,48.28,47.69,47.92,40600
NEE-W,06-Jul-2026,25.1,25.1,25.01,25.09,81000
NEEpN,06-Jul-2026,22.22,22.27,22.1901,22.27,49508
NEEpS,06-Jul-2026,53.73,53.73,53.31,53.34,76788
NEEpT,06-Jul-2026,50,50.1799,49.85,50.08,24938
NEEpU,06-Jul-2026,24.4,24.4799,24.33,24.435,88818
NEM,06-Jul-2026,98.01,98.93,95.6,98.2,6399500
NET,06-Jul-2026,240.73,250.86,239.64,247.55,2076800
NEU,06-Jul-2026,787.07,798.525,781.34,796.83,115700
NEXA,06-Jul-2026,13.22,13.31,12.8,13.21,747800
NFG,06-Jul-2026,78.69,79.04,78.19,78.23,555600
NFJ,06-Jul-2026,15.24,15.25,15.124,15.21,162000
NGG,06-Jul-2026,82.77,82.825,81.95,82.59,997000
NGL,06-Jul-2026,15.01,15.427,14.36,15,139400
NGL-B,06-Jul-2026,25.25,26,25.1509,25.98,27600
NGL-C,06-Jul-2026,25.41,25.7374,25.25,25.6,4500
NGLpB,06-Jul-2026,25.25,26,25.1509,25.98,25311
NGLpC,06-Jul-2026,25.41,25.7374,25.25,25.6,4349
NGS,06-Jul-2026,39.39,40.5799,37.45,37.49,101300
NGVC,06-Jul-2026,32.63,33.66,32.16,33.21,105700
NGVT,06-Jul-2026,72.96,74.03,72.12,73.86,167900
NHI,06-Jul-2026,77.17,77.19,75.735,76,505400
NI,06-Jul-2026,47.68,47.815,47.02,47.05,3933100
NIC,06-Jul-2026,166.79,169.145,166.11,166.12,187600
NIE,06-Jul-2026,26.43,26.71,26.43,26.59,36800
NIM,06-Jul-2026,9.45,9.45,9.37,9.4,2800
NIO,06-Jul-2026,4.89,5.1,4.88,5.02,27223700
NIQ,06-Jul-2026,9.78,10.03,9.665,9.82,1240800
NJR,06-Jul-2026,57.31,58,56.15,56.26,510600
NKE,06-Jul-2026,43.9,44.11,41.84,43.34,21979100
NKX,06-Jul-2026,12.55,12.61,12.55,12.59,116800
NL,06-Jul-2026,6.24,6.24,5.85,5.88,47900
NLOP,06-Jul-2026,11.18,11.18,10.96,11.01,172800
NLY,06-Jul-2026,22.53,23,22.53,22.99,9554300
NLY-F,06-Jul-2026,25.46,25.63,25.46,25.62,57000
NLY-G,06-Jul-2026,24.86,24.97,24.8,24.94,48000
NLY-I,06-Jul-2026,25.62,25.72,25.5601,25.68,41900
NLY-J,06-Jul-2026,25.5,25.67,25.5,25.64,14900
NLYpF,06-Jul-2026,25.46,25.63,25.46,25.62,52370
NLYpG,06-Jul-2026,24.92,24.97,24.8,24.91,43874
NLYpI,06-Jul-2026,25.62,25.72,25.5601,25.72,32357
NLYpJ,06-Jul-2026,25.5,25.67,25.5,25.63,12095
NMAI,06-Jul-2026,14.08,14.08,13.91,14.03,83600
NMAX,06-Jul-2026,8.85,9.19,8.679,9.05,735400
NMCO,06-Jul-2026,10.88,10.9,10.83,10.88,282300
NMG,06-Jul-2026,1.61,1.7,1.5899,1.61,1386400
NMI,06-Jul-2026,11,11,10.88,10.8876,7800
NMM,06-Jul-2026,72.86,75.0899,72.86,74.85,99700
NMR,06-Jul-2026,9.22,9.34,9.22,9.31,1080600
NMS,06-Jul-2026,12.29,12.3,12.28,12.3,8400
NMT,06-Jul-2026,12.94,12.94,12.7821,12.9,11200
NMZ,06-Jul-2026,10.55,10.55,10.52,10.55,457200
NNI,06-Jul-2026,134.43,135.52,132.815,134.31,69300
NNN,06-Jul-2026,47.34,47.3999,46.93,46.97,1158700
NNY,06-Jul-2026,8.72,8.76,8.715,8.76,19500
NOA,06-Jul-2026,12.81,13.14,12.81,12.9,111700
NOAH,06-Jul-2026,10.2,10.35,10.12,10.34,154900
NOC,06-Jul-2026,547,548.5098,537.3702,547.75,917800
NOG,06-Jul-2026,17.75,17.775,17.18,17.37,4405500
NOK,06-Jul-2026,12.46,12.76,12.35,12.51,50473400
NOMD,06-Jul-2026,11.35,11.565,11.275,11.43,1734900
NOV,06-Jul-2026,18,18.25,17.73,17.79,3176300
NOW,06-Jul-2026,104.1,110.635,103.3359,107.93,16524500
NP,06-Jul-2026,33.08,33.975,33.05,33.39,1093700
NPB,06-Jul-2026,18.75,19.135,18.7,19.02,142000
NPCT,06-Jul-2026,10.06,10.07,10,10.05,81600
NPFD,06-Jul-2026,18.73,18.8447,18.7,18.73,45200
NPK,06-Jul-2026,124.38,125.02,122.84,124.5,45600
NPKI,06-Jul-2026,14.4,14.62,14,14.14,881100
NPO,06-Jul-2026,337.33,346.06,337.33,341.29,251600
NPV,06-Jul-2026,11.56,11.56,11.53,11.53,16700
NPW.W,06-Jul-2026,0.2899,0.2899,0.288,0.2898,900
NPWR,06-Jul-2026,1.65,1.71,1.65,1.68,330500
NPWR.WS,06-Jul-2026,0.2899,0.2899,0.288,0.2898,939
NRDY,06-Jul-2026,0.98,1.03,0.9728,0.988,1252000
NRE-A,06-Jul-2026,24.72,24.815,24.72,24.815,1100
NREF,06-Jul-2026,15.81,16.045,15.62,15.66,52400
NREFpA,06-Jul-2026,24.72,24.815,24.72,24.815,983
NRG,06-Jul-2026,138.77,142.045,138,141.01,2315200
NRGV,06-Jul-2026,4.18,4.38,4.035,4.12,4908700
NRK,06-Jul-2026,10.72,10.77,10.705,10.77,163500
NRP,06-Jul-2026,98.41,99.34,97.36,97.87,54200
NRT,06-Jul-2026,7.08,7.1399,6.83,6.83,152100
NRUC,06-Jul-2026,22.91,23.0404,22.9001,22.96,9100
NSA,06-Jul-2026,46.2,46.2,44.975,45.32,894700
NSA-A,06-Jul-2026,22.4,22.55,22.4,22.5,8700
NSA-B,06-Jul-2026,23.9599,23.9599,23.9599,23.9599,100
NSApA,06-Jul-2026,22.4,22.55,22.4,22.5,7132
NSC,06-Jul-2026,323.2,324.3,318.56,321.9,869100
NSP,06-Jul-2026,44.51,44.84,43.35,44.24,445800
NTB,06-Jul-2026,59.85,60.78,59.85,60.61,109500
NTEST.H,06-Jul-2026,25.04,25.04,25.04,25.04,440
NTEST.I,06-Jul-2026,25.04,25.04,25.04,25.04,600
NTEST.Y,06-Jul-2026,25.03,25.03,25.03,25.03,180
NTR,06-Jul-2026,64.8,65.5,63.91,64.54,2884100
NTST,06-Jul-2026,21.53,21.68,21.445,21.47,1783200
NTZ,06-Jul-2026,1.84,1.95,1.61,1.62,11600
NU,06-Jul-2026,13.68,14.06,13.41,14.06,55264600
NUE,06-Jul-2026,220.75,225.85,220,223.92,1469900
NUS,06-Jul-2026,5.04,5.09,4.97,5.04,666300
NUV,06-Jul-2026,9.24,9.24,9.17,9.22,514900
NUVB,06-Jul-2026,5.77,5.935,5.55,5.6,5518700
NUW,06-Jul-2026,14.45,14.49,14.26,14.37,40000
NVG,06-Jul-2026,12.86,12.87,12.8199,12.84,339800
NVGS,06-Jul-2026,19.25,20.04,19.0372,19.86,482200
NVO,06-Jul-2026,49.28,49.475,48.55,49.26,12333300
NVR,06-Jul-2026,6700,6701.25,6555.65,6693.66,19500
NVRI,06-Jul-2026,22.37,23.285,22.34,23.1,896700
NVS,06-Jul-2026,157.32,157.57,154.21,155.49,1918300
NVST,06-Jul-2026,27.63,27.9,27.19,27.51,2146100
NVT,06-Jul-2026,154.36,159.8599,153.34,156.89,1841700
NWA.U,06-Jul-2026,10.44,10.45,10.44,10.4498,6700
NWA.W,06-Jul-2026,0.67,0.7,0.655,0.66,9100
NWAX,06-Jul-2026,10.175,10.175,10.13,10.1405,12300
NWG,06-Jul-2026,18.15,18.395,18.13,18.37,2765200
NWN,06-Jul-2026,48.88,49.6575,48.62,48.65,217700
NX,06-Jul-2026,17.17,17.22,16.45,17.18,361700
NXD-A,06-Jul-2026,13.1,13.15,13.0865,13.1411,3300
NXDR,06-Jul-2026,2.28,2.345,2.25,2.3,1736900
NXDT,06-Jul-2026,5.35,5.6,5.35,5.42,216100
NXDTpA,06-Jul-2026,13.1,13.15,13.0865,13.1411,3275
NXE,06-Jul-2026,9.71,9.9,9.605,9.68,2755400
NXG,06-Jul-2026,63.31,64.1672,62.5,63.2,128200
NXP,06-Jul-2026,14.44,14.5,14.34,14.38,135400
NXRT,06-Jul-2026,28.89,28.89,28.36,28.47,112200
NYC,06-Jul-2026,9.03,9.35,8.62,9.35,109700
NYT,06-Jul-2026,73.61,73.99,72.36,73.27,1505000
NZF,06-Jul-2026,12.67,12.715,12.65,12.71,631800
O,06-Jul-2026,63.63,63.7,62.8601,63.19,4872800
OAK-A,06-Jul-2026,21.26,21.26,21.1132,21.23,3000
OAK-B,06-Jul-2026,21.1,21.2,21.1,21.1554,2500
OAKpA,06-Jul-2026,21.26,21.26,21.1132,21.23,2760
OAKpB,06-Jul-2026,21.1,21.2,21.1,21.1554,2026
OBDC,06-Jul-2026,10.86,11.035,10.82,10.92,4362500
OBK,06-Jul-2026,50.99,52,50.99,51.43,132300
OC,06-Jul-2026,151.09,151.25,144.48,146.79,1209400
ODC,06-Jul-2026,100,102.11,98.5,99.7,120900
ODV,06-Jul-2026,2.62,2.67,2.535,2.58,2753400
OEC,06-Jul-2026,5.72,5.83,5.47,5.47,700000
OFG,06-Jul-2026,49.85,49.95,49.27,49.69,199400
OFRM,06-Jul-2026,21.12,21.385,20.05,20.09,430900
OGC,06-Jul-2026,26.09,26.55,25.295,25.8,288400
OGE,06-Jul-2026,48.95,49,48.2,48.26,1041400
OGN,06-Jul-2026,13.55,13.58,13.5,13.56,4285600
OGS,06-Jul-2026,76.88,76.965,75.59,75.65,478200
OHI,06-Jul-2026,49.49,49.59,48.77,49.02,1608300
OI,06-Jul-2026,9.89,10.06,9.66,10.04,1386200
OIA,06-Jul-2026,6.26,6.26,6.21,6.22,68700
OII,06-Jul-2026,38.53,40.15,38.53,38.88,928500
OIS,06-Jul-2026,7.8,7.86,7.68,7.69,654300
OKE,06-Jul-2026,87.75,88.42,86.8,87.43,3115700
OKLO,06-Jul-2026,51.4,53.08,50.25,51.84,8369700
OLN,06-Jul-2026,19.61,19.88,19.28,19.75,2729200
OLP,06-Jul-2026,25.28,25.365,24.8073,25.09,64600
OMC,06-Jul-2026,78.75,80.24,78.45,79.9,3546500
OMF,06-Jul-2026,59.63,60.5739,59.56,60.08,706300
ONIT,06-Jul-2026,39.31,39.8599,38.13,39.14,42200
ONL,06-Jul-2026,2.85,2.87,2.8,2.84,290900
ONON,06-Jul-2026,36.95,37.45,36.12,36.87,4225900
ONT,06-Jul-2026,20.92,22.3299,20.75,22.08,546000
ONTO,06-Jul-2026,318.33,320.2398,299.13,303.86,973100
OOMA,06-Jul-2026,19.8,19.88,19.4,19.8,211300
OPAD,06-Jul-2026,5.19,6.02,5.19,5.67,65600
OPFI,06-Jul-2026,10.17,10.17,9.945,10.01,865100
OPLN,06-Jul-2026,40.63,41.947,40.52,41.14,797200
OPP,06-Jul-2026,7.68,7.72,7.65,7.68,94900
OPP-A,06-Jul-2026,16.28,16.28,16.19,16.19,3300
OPP-B,06-Jul-2026,17.43,17.43,17.33,17.38,4900
OPPpA,06-Jul-2026,16.28,16.28,16.19,16.19,2346
OPPpB,06-Jul-2026,17.43,17.43,17.33,17.3301,4154
OPTU,06-Jul-2026,1.17,1.27,1.13,1.23,12967600
OPY,06-Jul-2026,110.29,118.6,109.46,115.47,229300
OR,06-Jul-2026,31.6,31.9,30.52,30.81,1134700
ORA,06-Jul-2026,112,113.7,111.29,113.26,706700
ORC,06-Jul-2026,6.9,6.94,6.845,6.89,4639100
ORC-D,06-Jul-2026,43.86,43.87,43.11,43.72,633700
ORCL,06-Jul-2026,144.3,145.6222,141.16,143.76,36682900
ORI,06-Jul-2026,41.76,41.905,41.19,41.57,1285900
ORN,06-Jul-2026,14.95,15.36,14.84,14.89,216400
OSCR,06-Jul-2026,31.8,32.43,30.7,31.44,6387900
OSG,06-Jul-2026,6.34,6.42,6.2701,6.42,415500
OSK,06-Jul-2026,144.07,145.43,142.165,144.22,540700
OTA-,06-Jul-2026,0.25,0.25,0.22,0.2442,4400
OTA.U,06-Jul-2026,10.19,10.19,10.12,10.17,6100
OTAI,06-Jul-2026,9.94,9.9666,9.94,9.952,13100
OTF,06-Jul-2026,10.44,10.6,10.25,10.37,2077400
OTIS,06-Jul-2026,73.3,73.5,71.525,73.49,3368200
OUT,06-Jul-2026,32.86,33.15,32.37,32.51,1104800
OVV,06-Jul-2026,52.78,53.405,52.48,53.3,2060500
OWL,06-Jul-2026,9.07,9.56,9.07,9.49,18309500
OWLT,06-Jul-2026,5.76,6.1,5.6735,5.91,114400
OXM,06-Jul-2026,34.99,35.565,34.02,34.56,287900
OXY,06-Jul-2026,48.71,49.27,48.69,48.81,6667400
OXY.W,06-Jul-2026,26.53,27.23,26.53,26.93,21000
OXY.WS,06-Jul-2026,26.53,27.23,26.53,26.93,17482
P,06-Jul-2026,73.47,78.79,73.25,77.73,2203300
PAAS,06-Jul-2026,47.05,47.37,44.71,45.02,5179100
PAC,06-Jul-2026,255.98,258.15,252.28,254.42,93800
PACK,06-Jul-2026,6.73,6.75,6.49,6.61,441200
PACS,06-Jul-2026,44.34,45.89,44.34,45,1313100
PAG,06-Jul-2026,179.4,183.5,176.24,183.42,296200
PAGS,06-Jul-2026,9.13,9.14,8.664,8.93,4075800
PAI,06-Jul-2026,12.11,12.21,12.1003,12.16,28100
PAI.W,06-Jul-2026,0.54,0.54,0.52,0.53,51600
PAII,06-Jul-2026,10.25,10.25,10.24,10.24,22300
PAII.WS,06-Jul-2026,0.54,0.54,0.52,0.53,51600
PAM,06-Jul-2026,81.01,83.4,80.51,82.35,172500
PAR,06-Jul-2026,18.9,19.02,18.33,18.54,1614100
PARR,06-Jul-2026,58.5,62.17,58.2,60.74,933800
PATH,06-Jul-2026,11.45,12.27,11.35,11.83,69801900
PAXS,06-Jul-2026,14.62,14.7999,14.61,14.76,125900
PAY,06-Jul-2026,26.84,28.275,26.7725,28.15,879900
PAYC,06-Jul-2026,137.95,140.8544,135.685,139.9,911000
PB,06-Jul-2026,69.8,71.1,69.79,71.08,3013400
PBA,06-Jul-2026,47.06,47.575,46.645,46.66,1375500
PBF,06-Jul-2026,47.73,50.32,47.0905,49.26,2131700
PBH,06-Jul-2026,49.06,49.25,47.87,48.86,442700
PBI,06-Jul-2026,16.82,17,16.68,16.8,2124400
PBI-B,06-Jul-2026,19.9,20.25,19.9,20.18,23900
PBIpB,06-Jul-2026,19.9,20.25,19.9,20.18,20428
PBR,06-Jul-2026,16.17,16.28,16.125,16.26,13627300
PBR.A,06-Jul-2026,14.6,14.72,14.57,14.69,3420000
PBT,06-Jul-2026,24.76,25.4499,24.5601,25.02,105800
PCF,06-Jul-2026,5.54,5.61,5.5301,5.57,49000
PCG,06-Jul-2026,17.11,17.19,16.76,16.82,17733000
PCG-X,06-Jul-2026,41.53,41.6,41.2801,41.41,22700
PCGpX,06-Jul-2026,41.53,41.6,41.2801,41.41,10678
PCM,06-Jul-2026,5.74,5.77,5.72,5.76,68700
PCN,06-Jul-2026,11.87,11.925,11.87,11.9,446900
PCOR,06-Jul-2026,43.13,44.69,42.91,44.04,3096000
PCQ,06-Jul-2026,9.03,9.03,8.95,8.98,185600
PD,06-Jul-2026,9.86,10.11,9.69,9.95,1596300
PDCC,06-Jul-2026,9.8,9.9891,9.8,9.9891,1700
PDI,06-Jul-2026,16.77,16.78,16.74,16.74,2821200
PDM,06-Jul-2026,9.63,9.78,9.55,9.62,1054600
PDO,06-Jul-2026,13.31,13.37,13.28,13.28,585500
PDPA,06-Jul-2026,25.22,25.23,25.1,25.17,1500
PDS,06-Jul-2026,76.25,78.13,75.22,75.64,78800
PDT,06-Jul-2026,12.94,13.015,12.93,12.99,136600
PDX,06-Jul-2026,20.85,21.23,20.85,21.01,95800
PEB,06-Jul-2026,18.8,18.98,18.51,18.65,1817100
PEB-E,06-Jul-2026,19.51,19.74,19.5,19.73,6000
PEB-F,06-Jul-2026,19.57,19.75,19.57,19.73,9100
PEB-G,06-Jul-2026,19.9,20.0822,19.8,20,12100
PEB-H,06-Jul-2026,18.02,18.05,17.95,18.01,8300
PEBpE,06-Jul-2026,19.51,19.74,19.5,19.73,4478
PEBpF,06-Jul-2026,19.57,19.75,19.57,19.7,7089
PEBpG,06-Jul-2026,19.9,20.0822,19.8,20,9362
PEBpH,06-Jul-2026,18.02,18.05,17.95,18.01,6741
PEG,06-Jul-2026,81.63,81.96,80.605,80.79,2437900
PEN,06-Jul-2026,318.94,318.94,317.17,318.23,357600
PEO,06-Jul-2026,24.7,24.92,24.7,24.8,45600
PERF,06-Jul-2026,1.68,1.73,1.68,1.72,41500
PEW,06-Jul-2026,2.73,3,2.65,2.85,10789200
PEW.W,06-Jul-2026,0.5,0.5398,0.4201,0.51,210900
PEW.WS,06-Jul-2026,0.5,0.5398,0.4201,0.51,204033
PFD,06-Jul-2026,11.55,11.65,11.55,11.58,23900
PFE,06-Jul-2026,24.16,24.2,23.62,23.72,58576000
PFGC,06-Jul-2026,112.42,114.225,111.705,113.74,1390700
PFH,06-Jul-2026,16.45,16.56,16.3896,16.51,29200
PFL,06-Jul-2026,7.85,7.9197,7.84,7.88,354400
PFLA,06-Jul-2026,25.4,25.4,25.11,25.35,70200
PFLT,06-Jul-2026,7.51,7.6001,7.23,7.3,4319600
PFN,06-Jul-2026,7.13,7.18,7.12,7.15,601600
PFO,06-Jul-2026,9.23,9.2899,9.23,9.25,24400
PFS,06-Jul-2026,23.5,23.73,23.4,23.61,603800
PFSI,06-Jul-2026,83.59,83.75,81.81,83.75,537700
PG,06-Jul-2026,150.68,151.22,146.96,149.31,8323100
PGP,06-Jul-2026,8.61,8.74,8.61,8.67,85800
PGR,06-Jul-2026,232,232.045,228.9875,231.67,2829700
PGZ,06-Jul-2026,10.35,10.3755,10.26,10.27,25400
PH,06-Jul-2026,962.97,971.96,961.81,971.36,447200
PHG,06-Jul-2026,28,28.26,27.715,28.16,1030900
PHI,06-Jul-2026,18.09,18.27,17.95,18.12,507300
PHIN,06-Jul-2026,75.92,79.81,75.92,79.68,340700
PHK,06-Jul-2026,4.63,4.68,4.6221,4.67,629200
PHM,06-Jul-2026,133.92,134.245,130.685,131.38,1273400
PHR,06-Jul-2026,10.84,11.23,10.759,11.1,842700
PII,06-Jul-2026,63.1,64.41,62.6701,64.33,978500
PIM,06-Jul-2026,3.22,3.22,3.2,3.21,34900
PIN-A,06-Jul-2026,25.1,25.1,25.0501,25.075,7800
PINE,06-Jul-2026,20.47,20.7206,20.34,20.53,136000
PINS,06-Jul-2026,21.94,22.45,21.67,22.25,8244800
PIPR,06-Jul-2026,71.01,73.36,71.01,72.94,563700
PJT,06-Jul-2026,163,172.73,161.87,172.02,475200
PK,06-Jul-2026,14.42,14.6,14.25,14.3,4173200
PKE,06-Jul-2026,38,38.83,37.52,37.72,218600
PKG,06-Jul-2026,236.64,237.04,233.225,236.39,549000
PKX,06-Jul-2026,52.67,53.22,51.835,51.96,485800
PL,06-Jul-2026,31.08,32.61,30.61,30.86,10337500
PLD,06-Jul-2026,139.21,140.28,138.1,140.2,3153600
PLGO,06-Jul-2026,25.54,25.54,24.54,24.63,490000
PLNT,06-Jul-2026,52.69,52.98,51.52,52.42,1237300
PLOW,06-Jul-2026,49.99,50.215,46.51,46.91,433800
PLUN,06-Jul-2026,9.96,9.99,9.96,9.96,247500
PM,06-Jul-2026,182.75,184.99,181.59,184.76,4127200
PML,06-Jul-2026,7.66,7.66,7.61,7.64,279100
PMM,06-Jul-2026,6.51,6.55,6.47,6.54,117800
PMMF,06-Jul-2026,100.3,100.32,100.3,100.31,102600
PMO,06-Jul-2026,10.79,10.79,10.67,10.75,98000
PMT,06-Jul-2026,10.88,10.9484,10.67,10.9,2280900
PMT-A,06-Jul-2026,22.22,22.44,22.22,22.3001,6100
PMT-B,06-Jul-2026,22.32,22.8,22.32,22.76,13400
PMT-C,06-Jul-2026,17.81,17.9797,17.8,17.9123,26800
PMTpA,06-Jul-2026,22.22,22.44,22.22,22.3001,5162
PMTpB,06-Jul-2026,22.32,22.8,22.32,22.76,11769
PMTpC,06-Jul-2026,17.81,17.9797,17.8,17.9123,24575
PMTU,06-Jul-2026,25.55,25.55,25.55,25.55,1400
PMTV,06-Jul-2026,25.25,25.4,25.25,25.38,17900
PMTW,06-Jul-2026,25.1,25.22,25.1,25.17,13200
PNC,06-Jul-2026,249.28,253.28,248.305,253.18,2249700
PNF-A,06-Jul-2026,25.11,25.15,25.11,25.15,2800
PNF-B,06-Jul-2026,26.85,27.0284,26.52,26.65,14600
PNF-C,06-Jul-2026,24.43,24.525,24.35,24.49,28600
PNFP,06-Jul-2026,98.66,100.3,97.4595,100.28,758800
PNI,06-Jul-2026,7.06,7.11,7.06,7.08,250600
PNNT,06-Jul-2026,3.47,3.54,3.42,3.43,658500
PNR,06-Jul-2026,76.96,77.09,74.54,75.53,1583900
PNW,06-Jul-2026,109.07,109.09,106.51,106.91,1083100
POR,06-Jul-2026,52.78,52.92,51.96,52,875400
POST,06-Jul-2026,93.03,93.585,88.47,88.5,855200
PPG,06-Jul-2026,124.79,124.89,122.24,124.04,1299800
PPL,06-Jul-2026,36.8,36.885,35.985,36.11,6232800
PPLC,06-Jul-2026,49.47,49.47,48.19,48.19,677000
PPT,06-Jul-2026,3.46,3.47,3.45,3.46,105200
PR,06-Jul-2026,18,18.27,18,18.19,6976600
PRCS,06-Jul-2026,28.57,28.66,28.47,28.62,18800
PRG,06-Jul-2026,43.92,44.385,42.85,43.25,410700
PRGO,06-Jul-2026,11,11.24,10.78,11.09,2527900
PRH,06-Jul-2026,22.45,22.54,22.44,22.48,51600
PRI,06-Jul-2026,297.98,299.69,296.205,299.18,147100
PRI-D,06-Jul-2026,24.42,24.6299,24.42,24.6299,1500
PRI-K,06-Jul-2026,22.22,23.3,22.1845,22.1845,3600
PRI-L,06-Jul-2026,24.3727,24.4727,24.3727,24.4727,1100
PRIFpD,06-Jul-2026,24.42,24.6299,24.42,24.6299,1523
PRIFpK,06-Jul-2026,22.22,23.3,22.1845,22.1845,3500
PRIFpL,06-Jul-2026,24.3727,24.4727,24.3727,24.4727,702
PRIM,06-Jul-2026,88.42,91.17,88.4,90.2,1142200
PRKS,06-Jul-2026,49.11,49.19,46.19,47.19,638100
PRLB,06-Jul-2026,76.74,77.16,75.92,77.14,302200
PRM,06-Jul-2026,34.33,34.81,33.79,33.88,841000
PRMB,06-Jul-2026,25.02,25.29,24.54,25.28,2997300
PRS,06-Jul-2026,22.23,22.37,22.13,22.21,29500
PRSU,06-Jul-2026,55.28,55.69,54.025,54.25,285600
PRT,06-Jul-2026,2.3,2.3347,2.22,2.22,21600
PRU,06-Jul-2026,113.05,114.44,112.77,114.28,1740000
PRVS,06-Jul-2026,32.835,33.0125,32.83,33.0125,3500
PS,06-Jul-2026,32.99,36,32.88,35.38,446200
PSA,06-Jul-2026,329.51,329.64,321.425,324,845700
PSA-F,06-Jul-2026,20.39,20.4799,20.37,20.37,24900
PSA-G,06-Jul-2026,20.06,20.3,20.06,20.3,31900
PSA-H,06-Jul-2026,21.76,22.0061,21.76,21.99,20300
PSA-I,06-Jul-2026,18.89,19.09,18.89,19.06,36400
PSA-J,06-Jul-2026,18.25,18.25,18.1797,18.18,11000
PSA-K,06-Jul-2026,18.53,18.71,18.53,18.7,9200
PSA-L,06-Jul-2026,17.86,18.1,17.86,18.1,18700
PSA-M,06-Jul-2026,15.89,16.07,15.89,16.04,9500
PSA-N,06-Jul-2026,15.14,15.17,15.07,15.15,16700
PSA-O,06-Jul-2026,15.11,15.25,15.11,15.2061,14600
PSA-P,06-Jul-2026,15.55,15.67,15.53,15.59,53400
PSA-Q,06-Jul-2026,15.2746,15.315,15.26,15.315,41100
PSA-R,06-Jul-2026,15.49,15.59,15.49,15.58,17300
PSA-S,06-Jul-2026,15.81,15.99,15.81,15.99,4900
PSApF,06-Jul-2026,20.39,20.4799,20.37,20.37,21615
PSApG,06-Jul-2026,20.06,20.3,20.06,20.3,29251
PSApH,06-Jul-2026,21.76,22.0061,21.76,21.99,15845
PSApI,06-Jul-2026,18.89,19.09,18.89,19.06,32624
PSApJ,06-Jul-2026,18.25,18.25,18.1797,18.18,8208
PSApK,06-Jul-2026,18.53,18.71,18.53,18.7,7297
PSApL,06-Jul-2026,17.86,18.1,17.86,18.1,13823
PSApM,06-Jul-2026,15.89,16.07,15.89,16.04,7806
PSApN,06-Jul-2026,15.14,15.17,15.07,15.16,13986
PSApO,06-Jul-2026,15.11,15.25,15.11,15.2061,13474
PSApP,06-Jul-2026,15.55,15.67,15.53,15.6245,46625
PSApQ,06-Jul-2026,15.2746,15.315,15.26,15.315,40078
PSApR,06-Jul-2026,15.49,15.59,15.49,15.58,11514
PSApS,06-Jul-2026,15.81,15.99,15.81,15.99,3176
PSBD,06-Jul-2026,10.49,10.69,10.45,10.51,392000
PSE-A,06-Jul-2026,16.65,17.13,16.65,17.13,7400
PSECpA,06-Jul-2026,16.65,17.13,16.65,17.13,5555
PSF,06-Jul-2026,20.04,20.23,20.0355,20.16,44700
PSFE,06-Jul-2026,8.35,8.5403,8.11,8.37,271000
PSN,06-Jul-2026,55.75,57.75,55.2829,57.45,1307300
PSO,06-Jul-2026,16.47,16.64,16.375,16.54,832500
PSQ.W,06-Jul-2026,0.0424,0.0489,0.036,0.0489,38700
PSQH,06-Jul-2026,0.426,0.4435,0.42,0.439,100300
PSQH.WS,06-Jul-2026,0.0424,0.0489,0.036,0.0489,38714
PSTL,06-Jul-2026,24.76,24.815,24.305,24.35,259800
PSUS,06-Jul-2026,38,38.725,37.8,38.06,271800
PSX,06-Jul-2026,175.44,179.24,175.44,177.33,1921300
PTA,06-Jul-2026,19.29,19.42,19.29,19.37,68300
PTY,06-Jul-2026,12.1,12.15,12.06,12.12,1161300
PUK,06-Jul-2026,27.78,28.135,27.78,28.13,673500
PUMP,06-Jul-2026,12.18,12.88,12.08,12.29,8937000
PVH,06-Jul-2026,76.14,76.985,73.86,76.83,831500
PVL,06-Jul-2026,1.65,1.65,1.58,1.62,131000
PWR,06-Jul-2026,675.04,691.76,668.65,674.04,1123100
PXED,06-Jul-2026,34.49,35.14,34.11,34.66,67900
PYT,06-Jul-2026,23.47,23.665,23.47,23.665,1800
Q,06-Jul-2026,147.99,152.8899,145.54,146.68,1946100
QBTS,06-Jul-2026,22.44,23.625,22.25,22.56,17225000
QGEN,06-Jul-2026,39.42,39.58,38.73,39.15,2235200
QLE.W,06-Jul-2026,0.1899,0.19,0.1598,0.1598,112500
QLEP,06-Jul-2026,9.96,9.96,9.95,9.96,70300
QRE-,06-Jul-2026,0.27,0.27,0.27,0.27,700
QRE.U,06-Jul-2026,10.12,10.12,10.12,10.12,100
QSR,06-Jul-2026,74.79,74.85,72.65,73.25,4599100
QTWO,06-Jul-2026,51.91,53.715,51.17,53.41,493600
QUAD,06-Jul-2026,8.4,8.48,8.13,8.18,205000
QXO,06-Jul-2026,16.19,16.27,15.66,15.81,21449700
QXO-B,06-Jul-2026,46.5,46.89,45.56,45.68,98300
QXOpB,06-Jul-2026,46.5,46.89,45.56,45.71,80136
R,06-Jul-2026,261.59,267.295,260.345,262.49,402600
RA,06-Jul-2026,12.88,12.959,12.85,12.93,142700
RAC,06-Jul-2026,10.45,10.51,10.45,10.51,1400
RACE,06-Jul-2026,386.73,392.25,382.88,391.86,662300
RAL,06-Jul-2026,68.93,71.31,68.89,69.26,1544600
RAMP,06-Jul-2026,37.68,37.74,37.535,37.54,483200
RBA,06-Jul-2026,112.9,114.53,112.61,114.09,1056800
RBC,06-Jul-2026,606.02,614.19,605.19,609.6,203400
RBLX,06-Jul-2026,55.11,58.4,54.98,57.03,7864200
RBRK,06-Jul-2026,82.78,89.35,82.595,87.36,4071100
RC,06-Jul-2026,1.78,1.785,1.65,1.66,1459100
RC-C,06-Jul-2026,11.44,11.45,11.44,11.45,1200
RC-E,06-Jul-2026,12.32,12.3218,12.05,12.11,900
RCD,06-Jul-2026,22.67,22.7,22.57,22.6999,2800
RCI,06-Jul-2026,31.78,32.5905,31.44,31.45,1907300
RCL,06-Jul-2026,295.99,299,285.33,287.78,2147900
RCpC,06-Jul-2026,11.44,11.45,11.44,11.45,1082
RCpE,06-Jul-2026,12.3218,12.3218,12.05,12.11,833
RCS,06-Jul-2026,5.45,5.527,5.45,5.47,142600
RCUS,06-Jul-2026,30.42,31.23,29.76,29.98,762000
RDDT,06-Jul-2026,197.96,207.54,196.44,200.86,5568800
RDN,06-Jul-2026,37.95,38.445,37.94,38.19,711600
RDW,06-Jul-2026,11.12,11.62,11.09,11.36,17400400
RDY,06-Jul-2026,14.24,14.38,14.23,14.36,1193200
RELX,06-Jul-2026,32.06,32.3,31.65,32.27,2765300
RERE,06-Jul-2026,4.02,4.05,3.94,4,459100
RES,06-Jul-2026,5.52,5.72,5.47,5.5,1568700
REX,06-Jul-2026,44.98,45.86,44.98,45.5,111700
REX-B,06-Jul-2026,22.07,22.72,21.85,22.72,7400
REX-C,06-Jul-2026,21.4,21.42,21.2799,21.41,3900
REXR,06-Jul-2026,34.57,34.57,33.96,34.26,2206300
REXRpB,06-Jul-2026,22.07,22.72,21.85,22.72,6433
REXRpC,06-Jul-2026,21.4,21.42,21.2799,21.37,3475
REZI,06-Jul-2026,30.88,32.12,30.765,32.09,906000
RF,06-Jul-2026,30.22,30.545,29.93,30.48,7077000
RF-C,06-Jul-2026,24.58,24.63,24.4615,24.51,19400
RF-E,06-Jul-2026,16.12,16.27,16.12,16.25,22100
RF-F,06-Jul-2026,25.34,25.3588,25.2401,25.2554,27400
RFI,06-Jul-2026,11.5,11.52,11.385,11.43,140900
RFL,06-Jul-2026,3.12,3.24,2.69,2.76,488600
RFM,06-Jul-2026,14.86,14.86,14.8,14.86,13900
RFMZ,06-Jul-2026,13.64,13.66,13.6,13.61,68700
RFpC,06-Jul-2026,24.58,24.58,24.4615,24.58,13035
RFpE,06-Jul-2026,16.12,16.27,16.12,16.22,18074
RFpF,06-Jul-2026,25.34,25.3588,25.2401,25.2554,22530
RGA,06-Jul-2026,222.07,225.32,220.3301,224.08,321100
RGR,06-Jul-2026,37.63,38.32,37.55,37.85,103300
RGT,06-Jul-2026,14.42,14.655,14.42,14.5999,9400
RH,06-Jul-2026,171.32,172,164.4401,169,750200
RHI,06-Jul-2026,33.59,33.86,32.84,33.28,1535500
RHLD,06-Jul-2026,150.13,157.41,147.35,156.65,122200
RHP,06-Jul-2026,128.44,129.49,126.84,128.04,478100
RIG,06-Jul-2026,5.01,5.14,4.93,4.93,22015600
RIO,06-Jul-2026,93.88,94.12,93.29,93.58,2595900
RIT-A,06-Jul-2026,25.44,25.58,25.44,25.5,6200
RIT-B,06-Jul-2026,25.1801,25.29,25.1801,25.24,17700
RIT-C,06-Jul-2026,24.51,24.71,24.5,24.67,17700
RIT-D,06-Jul-2026,25.1,25.13,25.06,25.12,19400
RIT-E,06-Jul-2026,24.6,24.6699,24.51,24.59,26300
RIT-F,06-Jul-2026,24.77,24.86,24.76,24.81,22900
RITM,06-Jul-2026,9.09,9.26,9.09,9.23,5739700
RITMpA,06-Jul-2026,25.44,25.58,25.44,25.5,5599
RITMpB,06-Jul-2026,25.1801,25.29,25.1801,25.2801,15682
RITMpC,06-Jul-2026,24.51,24.71,24.5,24.67,12112
RITMpD,06-Jul-2026,25.1,25.13,25.06,25.12,17841
RITMpE,06-Jul-2026,24.6,24.6699,24.51,24.55,18978
RIV,06-Jul-2026,11.64,11.87,11.6145,11.75,65100
RIV-A,06-Jul-2026,22.36,22.42,22.27,22.41,3100
RIVpA,06-Jul-2026,22.36,22.42,22.27,22.41,2667
RJF,06-Jul-2026,163,166.75,162.6812,166.41,905800
RKT,06-Jul-2026,15.66,15.84,15.35,15.55,23810700
RL,06-Jul-2026,401.64,402.38,392.525,396.32,633100
RLI,06-Jul-2026,62.16,62.43,61.24,61.78,961800
RLJ,06-Jul-2026,11.73,11.9,11.6139,11.63,1837600
RLJ-A,06-Jul-2026,24.88,24.98,24.8001,24.98,35500
RLJpA,06-Jul-2026,24.88,24.98,24.8001,24.98,29749
RLTY,06-Jul-2026,15.89,15.97,15.81,15.89,77700
RLX,06-Jul-2026,1.93,1.98,1.905,1.96,3361900
RM,06-Jul-2026,41.71,42.415,41.71,41.89,51300
RMAX,06-Jul-2026,11.045,11.39,10.8139,11.34,399700
RMD,06-Jul-2026,211.88,222.43,211.88,218.4,3722000
RMI,06-Jul-2026,15.8,15.8,15.51,15.59,12900
RMM,06-Jul-2026,14.94,14.98,14.81,14.86,34300
RMMZ,06-Jul-2026,15.13,15.13,14.98,15.06,12000
RMT,06-Jul-2026,14.41,14.53,14.29,14.32,105500
RNG,06-Jul-2026,39.45,39.9315,38.43,39.24,1331300
RNGR,06-Jul-2026,15.46,15.88,15.3,15.35,186100
RNP,06-Jul-2026,20.72,20.78,20.52,20.56,92300
RNR,06-Jul-2026,325.78,326.16,321.9,323.11,405400
RNR-F,06-Jul-2026,20.73,20.83,20.73,20.83,31700
RNR-G,06-Jul-2026,15.11,15.255,15.09,15.24,23700
RNRpF,06-Jul-2026,20.73,20.815,20.73,20.815,27394
RNRpG,06-Jul-2026,15.11,15.255,15.09,15.24,18829
RNST,06-Jul-2026,43.22,43.3,41.74,42.99,708000
ROG,06-Jul-2026,145.93,147.6,140.33,141.1,239200
ROK,06-Jul-2026,474.52,488.35,472.38,482.87,614300
ROL,06-Jul-2026,43.34,43.42,42.32,42.73,4628900
RONB,06-Jul-2026,24.455,24.61,24.25,24.54,642900
RPC,06-Jul-2026,7.88,8.05,7.68,7.84,364200
RPM,06-Jul-2026,111.45,111.47,108.42,110.33,862000
RPT,06-Jul-2026,14.76,15.1,14.72,14.87,119700
RPT-C,06-Jul-2026,24.91,24.96,24.9,24.9,2300
RPTpC,06-Jul-2026,24.91,24.96,24.9,24.9,1814
RQI,06-Jul-2026,12.4,12.415,12.23,12.23,909200
RQI-,06-Jul-2026,0.01,0.0135,0.0095,0.0124,2019400
RRC,06-Jul-2026,37.91,38.02,37.28,37.3,2546500
RRX,06-Jul-2026,219.24,222.815,216.52,217.91,942800
RS,06-Jul-2026,370.66,378.86,370.66,377.56,277100
RSF,06-Jul-2026,14.65,14.6665,14.57,14.58,10600
RSG,06-Jul-2026,216.48,216.59,213.9796,214.58,1145200
RSI,06-Jul-2026,32.3,32.52,31.35,32.22,1869400
RSKD,06-Jul-2026,5.08,5.28,5.065,5.25,1149900
RTO,06-Jul-2026,29.95,29.98,29.5,29.89,958100
RTX,06-Jul-2026,200,202.55,197.955,201.37,6571300
RVI,06-Jul-2026,34.4,35.0351,32.6,33.49,290100
RVLV,06-Jul-2026,22.5,22.91,21.89,22.65,608200
RVT,06-Jul-2026,18.43,18.5854,18.36,18.37,513200
RVTY,06-Jul-2026,112.88,113.03,111.02,112.95,1006100
RWT,06-Jul-2026,4.41,4.56,4.19,4.55,8572500
RWT-A,06-Jul-2026,24.5,24.75,24.4501,24.6,8900
RWTN,06-Jul-2026,24.8,24.9,24.56,24.75,6400
RWTO,06-Jul-2026,24.69,24.9,24.61,24.88,7400
RWTP,06-Jul-2026,24.56,24.56,24.44,24.53,11200
RWTpA,06-Jul-2026,24.5,24.75,24.4501,24.6,8388
RWTQ,06-Jul-2026,24.49,24.56,24.39,24.45,5900
RWTS,06-Jul-2026,24.8,24.975,24.795,24.86,12300
RXO,06-Jul-2026,27.31,27.31,26.04,26.59,1489900
RY,06-Jul-2026,204.83,208.05,204.7,208.05,1460500
RYAM,06-Jul-2026,7.4,7.4682,6.97,7.06,1294500
RYAN,06-Jul-2026,41.4,41.91,40.67,41.21,2623700
RYN,06-Jul-2026,21.48,21.615,21.2562,21.6,1545200
RYZ,06-Jul-2026,24.32,25.91,24.07,25.86,528900
RZC,06-Jul-2026,25.42,25.445,25.42,25.43,23800
S,06-Jul-2026,17.48,18.9,17.48,18.15,12203200
SA,06-Jul-2026,28.34,28.66,27.17,27.4,462600
SABA,06-Jul-2026,8.26,8.43,8.26,8.39,70400
SAC.U,06-Jul-2026,10.3,10.5,10.27,10.28,501600
SAFE,06-Jul-2026,16.45,16.56,15.95,15.96,300600
SAGU,06-Jul-2026,9.89,9.93,9.89,9.93,1700
SAH,06-Jul-2026,83.34,86.25,82.0257,85.91,215200
SAJ,06-Jul-2026,25.66,25.66,25.66,25.66,500
SAM,06-Jul-2026,181.62,182.57,176.65,179.82,412600
SAN,06-Jul-2026,14.16,14.38,14.15,14.37,7980200
SAP,06-Jul-2026,160.14,161.76,158.65,160.49,1765100
SAR,06-Jul-2026,22.11,22.15,21.29,21.42,210600
SARO,06-Jul-2026,30.39,31.015,30.21,30.92,3700000
SAT,06-Jul-2026,25.07,25.096,25.07,25.07,800
SAV,06-Jul-2026,24.71,24.71,24.52,24.62,8500
SAY,06-Jul-2026,25.34,25.36,25.252,25.252,4200
SAZ,06-Jul-2026,25.56,25.6104,25.56,25.6104,700
SB,06-Jul-2026,6.43,6.75,6.43,6.68,459400
SB-C,06-Jul-2026,26.48,26.54,26.48,26.54,300
SB-D,06-Jul-2026,26.36,26.36,26.195,26.195,200
SBH,06-Jul-2026,14.13,14.385,13.97,14.16,1861800
SBI,06-Jul-2026,7.82,7.845,7.815,7.84,75600
SBpC,06-Jul-2026,26.48,26.54,26.48,26.54,200
SBpD,06-Jul-2026,26.36,26.36,26.195,26.195,226
SBR,06-Jul-2026,73.2,73.9976,72.26,72.86,24300
SBS,06-Jul-2026,5.84,5.86,5.75,5.81,4660500
SBSI,06-Jul-2026,34.81,35.19,34.36,34.59,132400
SBSW,06-Jul-2026,9.09,9.16,8.835,8.96,5232400
SBX.U,06-Jul-2026,10.3,10.3,10.3,10.3,800
SBX.W,06-Jul-2026,0.5499,0.6313,0.538,0.6099,45700
SBX.Y,06-Jul-2026,0.111,0.1264,0.111,0.1118,22400
SBXD,06-Jul-2026,10.81,10.83,10.81,10.83,49300
SBXD.WS,06-Jul-2026,0.111,0.1264,0.111,0.1118,22362
SBXE,06-Jul-2026,10.15,10.15,10.13,10.15,15100
SCCO,06-Jul-2026,175.78,176.38,173.323,173.87,703100
SCD,06-Jul-2026,15.72,15.72,15.61,15.68,38900
SCE-G,06-Jul-2026,17,17.19,17,17.15,8700
SCE-L,06-Jul-2026,16.86,16.98,16.76,16.96,62000
SCE-M,06-Jul-2026,24.13,24.19,24.08,24.18,18700
SCE-N,06-Jul-2026,23.15,23.15,22.95,23.11,4800
SCEpG,06-Jul-2026,17,17.19,17,17.11,7608
SCEpL,06-Jul-2026,16.86,16.98,16.76,16.96,19505
SCEpM,06-Jul-2026,24.13,24.19,24.08,24.1,14532
SCEpN,06-Jul-2026,23.15,23.15,22.95,23.11,3142
SCH-D,06-Jul-2026,24.3,24.3,24.2402,24.275,30900
SCH-J,06-Jul-2026,17.57,17.59,17.5,17.58,66500
SCHW,06-Jul-2026,97.19,101.17,97.185,100.62,11391100
SCHWpD,06-Jul-2026,24.3,24.3,24.2402,24.275,23575
SCHWpJ,06-Jul-2026,17.57,17.59,17.5,17.57,58250
SCI,06-Jul-2026,78.2,78.2,76.87,77.78,901700
SCL,06-Jul-2026,56.55,57.16,55.86,56.85,154700
SCM,06-Jul-2026,8.45,8.5647,8.32,8.37,152400
SD,06-Jul-2026,13.21,13.285,13.05,13.12,351800
SDHC,06-Jul-2026,15.91,15.985,14.9901,15.52,51300
SDHY,06-Jul-2026,16.37,16.37,16.2154,16.29,46700
SDRL,06-Jul-2026,39.5,40.32,38.319,38.35,825400
SE,06-Jul-2026,103.32,106.2,102.7887,105,4833600
SEA-A,06-Jul-2026,25.4,25.54,25.4,25.45,7700
SEA-B,06-Jul-2026,25.36,25.4739,25.35,25.4,5800
SEALpA,06-Jul-2026,25.4,25.54,25.4,25.45,6873
SEALpB,06-Jul-2026,25.36,25.4739,25.35,25.4,5324
SECZ,06-Jul-2026,12.96,13.1995,10.8,10.88,1171300
SEG,06-Jul-2026,27.18,27.18,26.26,26.76,89500
SEI,06-Jul-2026,71.36,74.54,65.775,67.47,2884100
SES,06-Jul-2026,0.8923,0.922,0.873,0.8925,11404300
SES.W,06-Jul-2026,0.0225,0.0274,0.0203,0.0235,22500
SES.WS,06-Jul-2026,0.0225,0.0274,0.0203,0.0235,22245
SF,06-Jul-2026,73.32,75.13,73.2601,75.09,1086200
SF-B,06-Jul-2026,23.1,23.1,22.91,22.98,4800
SF-C,06-Jul-2026,21.92,22.0899,21.92,22.06,8600
SF-D,06-Jul-2026,16.16,16.2299,16.0901,16.0901,7000
SFB,06-Jul-2026,19.64,19.7999,19.64,19.73,9900
SFBS,06-Jul-2026,85.99,88.03,85.73,87.8,223600
SFL,06-Jul-2026,10.58,11.12,10.49,10.93,1106400
SFpB,06-Jul-2026,23.1,23.1,22.91,22.98,4120
SFpC,06-Jul-2026,21.92,22.0899,21.92,22.06,6703
SFpD,06-Jul-2026,16.16,16.2299,16.0901,16.0901,5926
SG,06-Jul-2026,8.64,8.89,8.03,8.05,4669900
SGHC,06-Jul-2026,14.48,14.75,14.345,14.67,2448400
SGI,06-Jul-2026,78.54,79.19,76.81,78.2,2100700
SGOV,06-Jul-2026,100.44,100.45,100.44,100.44,20795500
SGU,06-Jul-2026,12.8,13,12.79,12.92,15000
SHAK,06-Jul-2026,55.6,56.65,53.38,54.18,2349400
SHEL,06-Jul-2026,77.69,78.225,77.48,78.14,6142900
SHG,06-Jul-2026,69.64,70.87,69.58,70.49,285700
SHO,06-Jul-2026,11.37,11.485,11.17,11.18,2309300
SHO-H,06-Jul-2026,21.95,22,21.88,22,22900
SHO-I,06-Jul-2026,21.62,21.62,21.45,21.5,35400
SHOC,06-Jul-2026,112.05,113.75,111.2,111.2,28000
SHOpH,06-Jul-2026,21.95,22,21.88,22,21864
SHOpI,06-Jul-2026,21.62,21.62,21.45,21.5,34897
SHV,06-Jul-2026,110.1,110.11,110.1,110.11,2022700
SHW,06-Jul-2026,353.13,353.605,344.36,349.13,1687900
SI,06-Jul-2026,21.26,21.81,20.33,21.39,142600
SID,06-Jul-2026,0.9334,0.9587,0.9334,0.958,1518000
SIG,06-Jul-2026,83.23,83.915,81.38,81.86,542300
SII,06-Jul-2026,116.64,119.1,116.225,118.55,161500
SIND,06-Jul-2026,12.29,12.29,12.015,12.07,25700
SITC,06-Jul-2026,4.5,4.525,4.25,4.25,1766700
SITE,06-Jul-2026,111.92,112.35,109.4,110.74,747300
SJM,06-Jul-2026,115.82,115.82,110.9,111.66,1714200
SJT,06-Jul-2026,3.06,3.14,2.92,2.97,271000
SKE,06-Jul-2026,29.31,29.494,27.88,28.16,500200
SKIL,06-Jul-2026,7.2,7.885,6.95,7.51,152900
SKM,06-Jul-2026,31.53,32.4,31.04,31.67,2246700
SKT,06-Jul-2026,39.43,39.56,39.115,39.36,587400
SKY,06-Jul-2026,84.93,85.725,82.17,83.68,524700
SKY.W,06-Jul-2026,0.49,0.6425,0.49,0.5851,36600
SKYH,06-Jul-2026,10.06,10.42,9.91,10.29,190300
SKYH.WS,06-Jul-2026,0.49,0.6425,0.49,0.5851,35534
SLAI,06-Jul-2026,2.75,3.27,2.71,3.27,74100
SLB,06-Jul-2026,44.76,46.07,44.75,45.72,10598000
SLF,06-Jul-2026,80,80,78.38,78.99,614800
SLG,06-Jul-2026,52.43,52.83,51.51,51.54,1118900
SLG-I,06-Jul-2026,21.07,21.33,21.07,21.26,4200
SLGN,06-Jul-2026,46.29,46.4,45.17,46.17,871800
SLGpI,06-Jul-2026,21.07,21.33,21.07,21.26,3486
SLNZ,06-Jul-2026,45.68,45.68,45.53,45.53,1500
SLQT,06-Jul-2026,0.8,0.84,0.79,0.8084,1006400
SLVM,06-Jul-2026,38.5,39.13,37.4743,39.11,254800
SM,06-Jul-2026,26.45,26.825,26.32,26.35,3841200
SMA,06-Jul-2026,33.43,33.48,32.44,32.8,485500
SMBK,06-Jul-2026,46.97,48.15,46.74,47.08,89000
SMC,06-Jul-2026,29.78,30.51,29.6,30.15,54100
SMFG,06-Jul-2026,25.12,25.51,25.12,25.51,1880800
SMG,06-Jul-2026,68.69,68.805,64.9901,67.08,738900
SMHI,06-Jul-2026,7.59,7.87,7.31,7.37,130400
SMP,06-Jul-2026,37.97,38.18,37.14,37.87,118300
SMR,06-Jul-2026,9.72,10.1199,9.55,9.61,22711200
SMRT,06-Jul-2026,1.14,1.18,1.12,1.13,1771900
SMWB,06-Jul-2026,6.13,6.37,6,6.26,566400
SN,06-Jul-2026,153.21,154,148.14,148.92,1387100
SNA,06-Jul-2026,412.14,414.62,408.89,413.62,382500
SNAP,06-Jul-2026,4.82,4.875,4.71,4.75,29609000
SNDA,06-Jul-2026,42.06,42.79,40.79,41.18,511200
SNDR,06-Jul-2026,36.27,36.62,35.195,35.72,1022200
SNN,06-Jul-2026,30.3,30.55,29.885,30.55,1298500
SNOW,06-Jul-2026,254.2,266,253.05,262.09,3900500
SNX,06-Jul-2026,244.56,249.88,237.65,238.92,1147800
SO,06-Jul-2026,97.34,97.73,95.77,95.99,4922400
SOBO,06-Jul-2026,34.41,35.3,34.41,34.56,1517200
SOC,06-Jul-2026,4.27,4.57,3.655,3.95,18505500
SOJC,06-Jul-2026,20.52,20.58,20.5,20.57,21000
SOJD,06-Jul-2026,19.28,19.39,19.28,19.37,68200
SOJE,06-Jul-2026,17.03,17.08,16.96,17.04,56700
SOJF,06-Jul-2026,25.18,25.1999,25.12,25.18,20300
SOLV,06-Jul-2026,78.24,78.8,76.94,77.94,1089800
SOMN,06-Jul-2026,50.77,50.77,49.81,50,13300
SON,06-Jul-2026,57.79,57.8906,56.4201,57,859400
SONY,06-Jul-2026,21.1,21.19,20.94,21.16,5015900
SOR,06-Jul-2026,46.58,46.706,46.58,46.68,6000
SOS,06-Jul-2026,1.06,1.1129,1.01,1.05,26500
SOUL,06-Jul-2026,10.38,10.38,10.37,10.37,38100
SPB,06-Jul-2026,85.09,85.225,83.36,83.44,301200
SPCE,06-Jul-2026,2.7,2.73,2.63,2.69,7139100
SPE,06-Jul-2026,13.5,13.62,13.5,13.57,17000
SPG,06-Jul-2026,225.65,225.86,223.45,225,2216500
SPG-J,06-Jul-2026,54.34,55.4316,54.34,54.99,900
SPGI,06-Jul-2026,439.57,447.7,427.75,447.22,2573300
SPGpJ,06-Jul-2026,54.34,55.4316,54.34,54.99,650
SPH,06-Jul-2026,17.6,17.75,17.5,17.5,144200
SPHR,06-Jul-2026,164.34,166.275,150.04,151.51,706400
SPIR,06-Jul-2026,18.25,18.71,17.32,17.65,579500
SPMA,06-Jul-2026,25.07,25.11,25.03,25.0711,2600
SPMC,06-Jul-2026,10.15,10.2351,9.9,10.19,17100
SPME,06-Jul-2026,25.11,25.11,25.11,25.11,200
SPNT,06-Jul-2026,24.6,24.7384,24.37,24.55,682000
SPOT,06-Jul-2026,480.06,486,474.48,483.01,1451000
SPRU,06-Jul-2026,2.43,2.5296,2.42,2.47,50200
SPXC,06-Jul-2026,230.37,234.78,229.12,232.19,376500
SPXX,06-Jul-2026,18.71,18.71,18.53,18.58,259700
SQM,06-Jul-2026,73.07,73.83,72.69,73.52,513300
SQNS,06-Jul-2026,3.2,3.44,3.2,3.23,43900
SR,06-Jul-2026,79.7,79.73,77.94,78.46,778600
SRE,06-Jul-2026,93.02,93.32,92.17,92.95,3101200
SREA,06-Jul-2026,21.14,21.35,21.11,21.35,54800
SRFM,06-Jul-2026,1.01,1.0364,0.95,0.97,9074700
SRG,06-Jul-2026,2.65,2.725,2.63,2.64,170700
SRG-A,06-Jul-2026,21.65,21.67,20.2101,21.3,9900
SRGpA,06-Jul-2026,21.65,21.67,20.2101,21.3,7431
SRI,06-Jul-2026,6.98,7.265,6.98,7.18,156600
SRJN,06-Jul-2026,23.79,23.9599,23.79,23.91,10000
SRV,06-Jul-2026,49.39,49.75,48.02,48.29,70700
SSB,06-Jul-2026,99.57,101.02,99.535,100.84,791100
SSD,06-Jul-2026,201.1,201.1,195.475,197.62,250700
SSL,06-Jul-2026,9.7,9.89,9.625,9.88,1284700
SSMR,06-Jul-2026,14.57,14.865,14.225,14.5,165300
SST,06-Jul-2026,2.54,2.87,2.4101,2.81,78400
SSTK,06-Jul-2026,9.74,9.825,9.1,9.19,1360100
ST,06-Jul-2026,45.89,46.865,45.62,46.12,1372300
STAG,06-Jul-2026,39.08,39.23,38.763,39.1,1081100
STC,06-Jul-2026,67.72,68.68,66.925,67.87,248300
STE,06-Jul-2026,217.69,218.115,212.11,213.28,620800
STEM,06-Jul-2026,7.77,8.21,7.7294,7.79,94700
STEW,06-Jul-2026,18.1,18.5,18.1,18.33,106400
STG,06-Jul-2026,3.93,4.135,3.905,4.02,5700
STK,06-Jul-2026,52.16,52.705,51.9178,52.16,45300
STLA,06-Jul-2026,5.76,5.81,5.67,5.8,14783200
STM,06-Jul-2026,71.28,73.05,71.08,71.39,7475100
STN,06-Jul-2026,70.16,70.93,69.51,70.69,702900
STNG,06-Jul-2026,73.22,75.87,72.11,73.67,816800
STT,06-Jul-2026,171.54,175.96,171.34,175.96,3255500
STT-G,06-Jul-2026,21.47,21.55,21.45,21.5,31000
STTpG,06-Jul-2026,21.47,21.55,21.45,21.5,27107
STUB,06-Jul-2026,12.8,13.825,12.6,13.69,6439600
STVN,06-Jul-2026,19,19.45,18.79,19.28,234600
STWD,06-Jul-2026,16.5,16.775,16.48,16.71,4385900
STXD,06-Jul-2026,39.82,39.82,39.56,39.6578,4300
STXE,06-Jul-2026,50.95,51.6699,50.95,51.4383,40300
STXF,06-Jul-2026,48.38,48.65,48.31,48.5873,37200
STXG,06-Jul-2026,55.19,55.56,55.19,55.46,5100
STXK,06-Jul-2026,38.68,38.79,38.6002,38.6002,7000
STXT,06-Jul-2026,19.51,19.66,19.51,19.62,16500
STXV,06-Jul-2026,38.37,38.37,38.23,38.2435,5500
STZ,06-Jul-2026,134.45,134.695,128.68,130.68,3584600
SU,06-Jul-2026,55.1,55.34,54.41,54.91,4859200
SUI,06-Jul-2026,123.39,123.39,121.48,122.18,1248400
SUN,06-Jul-2026,68.7,68.98,67.4,67.56,164600
SUNB,06-Jul-2026,71.31,73.39,70.57,73.19,1976100
SUNC,06-Jul-2026,68.1,69.32,67.35,67.86,784300
SUPV,06-Jul-2026,9.3,10.25,9.02,10.14,553500
SUZ,06-Jul-2026,7.86,7.99,7.83,7.98,3547600
SVV,06-Jul-2026,9.93,9.96,9.66,9.79,631300
SW,06-Jul-2026,45.77,46,45.03,45.64,6849700
SWK,06-Jul-2026,92.33,93.29,90.6,92.56,1016400
SWX,06-Jul-2026,89.47,89.545,88.205,88.66,505200
SWZ,06-Jul-2026,5.89,5.9695,5.89,5.95,139100
SXC,06-Jul-2026,7.75,7.99,7.73,7.9,990800
SXI,06-Jul-2026,328.97,337.46,317.71,319.78,282700
SXT,06-Jul-2026,124.13,124.76,122.38,124.46,264400
SYF,06-Jul-2026,76.55,77.46,76.385,77.05,2158200
SYF-A,06-Jul-2026,18.73,18.85,18.6501,18.85,42100
SYF-B,06-Jul-2026,25.99,26.1,25.84,25.94,38800
SYFpA,06-Jul-2026,18.73,18.82,18.6501,18.82,35735
SYFpB,06-Jul-2026,25.99,26.1,25.84,26.1,37382
SYK,06-Jul-2026,327.5,327.76,318.03,324.73,2141000
SYY,06-Jul-2026,84.41,84.8355,83.035,84.23,4154500
T,06-Jul-2026,20.75,20.91,20.25,20.58,113634300
T-A,06-Jul-2026,19.04,19.16,19.02,19.11,139600
T-C,06-Jul-2026,17.95,18,17.91,18,96600
TAC,06-Jul-2026,13.72,13.97,13.55,13.61,1642600
TAK,06-Jul-2026,16.99,17.07,16.725,16.89,2883300
TAL,06-Jul-2026,9.9,10,9.825,9.91,1840800
TALO,06-Jul-2026,13.43,13.55,13.19,13.2,1487500
TAP,06-Jul-2026,39.29,39.6,38.08,38.86,4140400
TAP.A,06-Jul-2026,43.5,47.32,43.5,47.32,400
TBB,06-Jul-2026,20.63,20.86,20.63,20.8,308700
TBBB,06-Jul-2026,42.68,42.68,41.395,41.92,579400
TBI,06-Jul-2026,6.8,8.26,6.735,8.17,665800
TBLU,06-Jul-2026,52.02,52.0313,51.68,52.0313,800
TBN,06-Jul-2026,30.91,31.99,30.53,31.39,100400
TCAI,06-Jul-2026,50.99,52.6342,50.99,51.36,70700
TCBX,06-Jul-2026,40.57,41.04,40.08,40.45,127300
TCI,06-Jul-2026,48.09,48.48,46.35,46.35,10400
TCPA,06-Jul-2026,23.21,23.2699,23.08,23.24,36800
TD,06-Jul-2026,119.8,120.64,119.32,120.64,3678100
TDAY,06-Jul-2026,8.77,8.83,8.625,8.67,1442900
TDC,06-Jul-2026,34.27,36.46,34.08,36.44,3517400
TDF,06-Jul-2026,10.78,10.88,10.61,10.85,34500
TDG,06-Jul-2026,1359.99,1359.99,1334.91,1346.12,242800
TDOC,06-Jul-2026,9.09,9.545,8.995,9.29,4504700
TDS,06-Jul-2026,35.93,36.285,35.32,35.35,848300
TDS-U,06-Jul-2026,20.89,20.9,20.7,20.82,23300
TDS-V,06-Jul-2026,18.88,18.95,18.7586,18.95,30600
TDSpU,06-Jul-2026,20.89,20.9,20.7,20.78,20039
TDSpV,06-Jul-2026,18.88,18.95,18.7586,18.95,27600
TDW,06-Jul-2026,68.16,70.06,67.56,68.19,665200
TDY,06-Jul-2026,655.11,662.5398,650,654.98,222500
TE,06-Jul-2026,8.58,9.3,8.3501,8.65,22083200
TE.W,06-Jul-2026,0.09,0.1,0.0209,0.03,729100
TE.WS,06-Jul-2026,0.089,0.1,0.0209,0.03,724545
TECK,06-Jul-2026,60.88,61.72,60.135,61.45,2347500
TEI,06-Jul-2026,6.75,6.79,6.74,6.76,70500
TEL,06-Jul-2026,198.42,203.1099,198.25,200.15,1589100
TEN,06-Jul-2026,37,38.63,37,37.86,209400
TEN-E,06-Jul-2026,26.16,26.41,26.16,26.39,27500
TEN-F,06-Jul-2026,27.05,27.1308,27.05,27.085,4800
TENpE,06-Jul-2026,26.16,26.41,26.16,26.39,27188
TENpF,06-Jul-2026,27.05,27.1308,27.05,27.085,4363
TEO,06-Jul-2026,12.76,13.115,12.6,13.02,238800
TEVA,06-Jul-2026,35,35.47,34.575,35.29,4116800
TEX,06-Jul-2026,68.88,70.07,67.7901,69.58,939800
TFC,06-Jul-2026,50.34,51.51,50.34,51.42,5985900
TFC-I,06-Jul-2026,18.14,18.31,18.14,18.29,19200
TFC-O,06-Jul-2026,20.65,20.7299,20.62,20.7,23400
TFC-R,06-Jul-2026,18.46,18.53,18.43,18.49,72000
TFCpI,06-Jul-2026,18.14,18.31,18.14,18.275,18088
TFCpO,06-Jul-2026,20.65,20.7299,20.62,20.65,18459
TFCpR,06-Jul-2026,18.46,18.53,18.43,18.49,57567
TFI-,06-Jul-2026,22.28,22.48,22.2401,22.2401,3700
TFII,06-Jul-2026,140.34,143.3925,140.06,140.87,342600
TFIN,06-Jul-2026,77.02,78.91,75.93,78.68,148600
TFINP,06-Jul-2026,22.28,22.48,22.2401,22.2401,3317
TFPM,06-Jul-2026,31.62,31.84,29.66,30.08,1022900
TFX,06-Jul-2026,134.76,135.275,132.37,134.32,435000
TG,06-Jul-2026,7.76,7.85,7.56,7.77,98400
TGE,06-Jul-2026,0.99,1.0482,0.94,0.9763,73500
TGLS,06-Jul-2026,45.4,46.0805,44.5,44.55,196500
TGS,06-Jul-2026,28.82,29.87,28.56,29.63,286800
TGT,06-Jul-2026,129.99,129.99,124.7,126.1,5209900
THC,06-Jul-2026,206.67,207.53,203.925,206.19,1163600
THG,06-Jul-2026,221.1,222.0699,219.54,220.19,282000
THIR,06-Jul-2026,34.4,34.51,34.37,34.51,20900
THLV,06-Jul-2026,33.405,33.48,33.405,33.4704,1600
THMR,06-Jul-2026,25.37,25.455,25.37,25.405,3800
THO,06-Jul-2026,76.5,77.075,74.48,75.73,483400
THQ,06-Jul-2026,18.95,19.06,18.8306,19.01,386900
THW,06-Jul-2026,13.76,13.76,13.58,13.68,193100
TIC,06-Jul-2026,8.26,8.28,8.045,8.18,2122500
TIMB,06-Jul-2026,21.85,21.96,21.68,21.83,475900
TISI,06-Jul-2026,17.65,18,17.1412,17.37,2400
TJX,06-Jul-2026,152.99,154,149.95,151.31,5758000
TK,06-Jul-2026,10.3,10.715,10.295,10.42,460400
TKC,06-Jul-2026,5.77,5.87,5.73,5.85,2515300
TKO,06-Jul-2026,193.03,195.37,189.395,192.3,1015500
TKR,06-Jul-2026,141.76,142.48,139.11,142.36,959200
TLK,06-Jul-2026,13.92,14,13.8555,13.95,551200
TLYS,06-Jul-2026,3.95,4.65,3.95,4.3,429100
TM,06-Jul-2026,179.37,180.7899,178.93,179.8,543300
TME,06-Jul-2026,8.81,9.03,8.71,8.77,5439500
TMHC,06-Jul-2026,71.85,71.88,71.73,71.85,3112900
TMO,06-Jul-2026,520,520,506.825,517.6,1857700
TNC,06-Jul-2026,87.98,88.93,86.25,88.36,109100
TNET,06-Jul-2026,54.99,55.41,53.39,54.7,335600
TNGY,06-Jul-2026,9.73,9.7499,9.66,9.71,47300
TNK,06-Jul-2026,66.89,70.42,66.46,68.76,249100
TNL,06-Jul-2026,77.39,77.39,73.85,75.51,642700
TOL,06-Jul-2026,157.25,157.72,154.24,155.13,799000
TOST,06-Jul-2026,28.66,29.945,28.17,29.48,9928700
TpA,06-Jul-2026,19.04,19.16,19.02,19.16,118244
TPB,06-Jul-2026,86.31,89.0899,85,85.54,440000
TPC,06-Jul-2026,76.91,80.9,76.84,79.91,404300
TPL,06-Jul-2026,405.62,411.25,402.09,402.8,347200
TPR,06-Jul-2026,146.58,147.33,142.365,145.49,1625800
TPTS,06-Jul-2026,20.32,20.36,20.3,20.3,1100
TPVG,06-Jul-2026,4.88,4.95,4.785,4.79,460200
TPYP,06-Jul-2026,41.87,42.1,41.63,41.64,44300
TPZ,06-Jul-2026,21.86,21.915,21.71,21.7289,10600
TR,06-Jul-2026,40.9,40.9,38.346,38.4,212200
TRA-,06-Jul-2026,0.24,0.26,0.24,0.26,43000
TRA.U,06-Jul-2026,10.15,10.2,10.15,10.1501,1900
TRAD,06-Jul-2026,9.99,9.99,9.99,9.99,100
TRAK,06-Jul-2026,9.68,9.775,9.34,9.48,57900
TRC,06-Jul-2026,18.86,18.87,18.49,18.54,77400
TREX,06-Jul-2026,48.63,48.73,46.965,48.3,1128100
TRGP,06-Jul-2026,258,264.68,256.5,263.52,870600
TRLV,06-Jul-2026,9.62,9.67,8.5,8.82,2292400
TRN,06-Jul-2026,34.26,35.925,34.26,35.56,844700
TRNO,06-Jul-2026,67.59,68.47,67.1,68.39,1187600
TROX,06-Jul-2026,6.18,6.18,5.895,6.03,2462700
TRP,06-Jul-2026,66.43,68,66.16,66.95,2507800
TRT-A,06-Jul-2026,25.9,26.1261,25.88,26.1261,1200
TRT-B,06-Jul-2026,25.36,25.46,25.24,25.4,9000
TRT-C,06-Jul-2026,24.52,24.87,24.45,24.76,8800
TRT-D,06-Jul-2026,23.2,23.2,22.59,22.9,4700
TRT-E,06-Jul-2026,18.49,18.84,18.47,18.7593,25800
TRT-F,06-Jul-2026,24.5,24.75,24.5,24.7,4800
TRT-G,06-Jul-2026,23.75,23.88,23.706,23.85,7300
TRT-P,06-Jul-2026,18.3,18.38,18.08,18.2,6000
TRTNpA,06-Jul-2026,25.9,26.1261,25.88,26.1261,1099
TRTNpB,06-Jul-2026,25.36,25.46,25.24,25.4,7710
TRTNpC,06-Jul-2026,24.52,24.87,24.45,24.76,7635
TRTNpD,06-Jul-2026,23.2,23.2,22.59,22.9,3473
TRTNpE,06-Jul-2026,18.49,18.84,18.47,18.7593,24060
TRTNpF,06-Jul-2026,24.5,24.75,24.5,24.7,4468
TRTX,06-Jul-2026,8.42,8.45,8.31,8.34,535700
TRTXpC,06-Jul-2026,18.11,18.38,17.974,18.2,4887
TRU,06-Jul-2026,78.84,79.8,77.215,79.28,3128800
TRV,06-Jul-2026,341.68,343.4521,337,339.17,1513900
TS,06-Jul-2026,54,54.39,53.72,53.8,1000800
TSI,06-Jul-2026,4.49,4.52,4.49,4.51,101700
TSLX,06-Jul-2026,17.28,17.55,17.11,17.2,820400
TSM,06-Jul-2026,447.775,460.03,445.6,451.79,12788400
TSN,06-Jul-2026,58.82,59,58.025,58.75,2525400
TSQ,06-Jul-2026,7.29,7.3999,7.1,7.17,75900
TT,06-Jul-2026,481.42,487.56,479.725,487.24,930700
TTAM,06-Jul-2026,18.38,18.65,18.09,18.45,121100
TTC,06-Jul-2026,97.05,97.76,95.815,97.06,434500
TTE,06-Jul-2026,76.32,76.63,76.0501,76.31,940300
TTI,06-Jul-2026,9.31,9.65,9.28,9.4,1977100
TU,06-Jul-2026,10.26,10.3678,10.105,10.22,7908000
TUYA,06-Jul-2026,1.76,1.835,1.75,1.82,620900
TV,06-Jul-2026,2.69,2.765,2.59,2.73,1381100
TVC,06-Jul-2026,23.93,24,23.8866,23.95,6000
TVE,06-Jul-2026,23.58,23.63,23.47,23.57,5200
TWI,06-Jul-2026,7.22,7.48,7.15,7.45,455000
TWLO,06-Jul-2026,206.99,213.88,206.28,209.08,1505600
TWN,06-Jul-2026,96,97.67,96,97.35,20400
TWO,06-Jul-2026,12.09,12.1,12.061,12.09,2935600
TWO-A,06-Jul-2026,25.35,25.41,25.33,25.41,33100
TWO-B,06-Jul-2026,25.31,25.38,25.31,25.355,28800
TWO-C,06-Jul-2026,25.4,25.491,25.355,25.491,44600
TWOD,06-Jul-2026,25.54,25.57,25.45,25.57,16300
TWOpA,06-Jul-2026,25.35,25.41,25.33,25.41,31561
TWOpB,06-Jul-2026,25.31,25.38,25.31,25.355,26029
TWOpC,06-Jul-2026,25.4,25.491,25.355,25.491,41735
TX,06-Jul-2026,41.74,43.04,41.51,42.43,841800
TXNM,06-Jul-2026,56.83,57.26,56.27,56.64,1537800
TXO,06-Jul-2026,12.34,12.5179,12.34,12.42,74900
TXT,06-Jul-2026,92.58,94.23,91.93,93.84,1527100
TY,06-Jul-2026,34.94,35,34.7201,34.91,25000
TY-,06-Jul-2026,42.39,42.39,42.39,42.39,100
TYG,06-Jul-2026,42.71,43.1799,42.6,42.62,147800
TYL,06-Jul-2026,315.55,320.97,310.57,319.01,663700
TYp,06-Jul-2026,42.39,42.39,42.39,42.39,100
U,06-Jul-2026,28.94,30.24,28.85,29.65,5658600
UA,06-Jul-2026,6.47,6.755,6.295,6.64,4341600
UAA,06-Jul-2026,6.62,6.92,6.455,6.81,8684400
UAMY,06-Jul-2026,7.44,7.55,7.21,7.26,4347500
UAN,06-Jul-2026,114.36,114.8699,111.9,114.26,47400
UBER,06-Jul-2026,74.155,74.56,71.86,72.42,15821500
UBS,06-Jul-2026,51.61,52.235,51.55,52.15,1608000
UCB,06-Jul-2026,35.35,35.805,35.27,35.65,652600
UDR,06-Jul-2026,40.94,41.03,40.665,40.96,2286600
UE,06-Jul-2026,22.82,22.885,22.6,22.61,592200
UFI,06-Jul-2026,4.88,4.98,4.78,4.88,86200
UGI,06-Jul-2026,35.26,35.26,34.515,34.92,1031000
UGP,06-Jul-2026,5.29,5.42,5.22,5.41,2848100
UHA.B,06-Jul-2026,59.32,59.85,58.3,58.56,374300
UHAL,06-Jul-2026,67.48,68.245,66.46,66.75,254100
UHAL.B,06-Jul-2026,59.32,59.85,58.3,58.56,141106
UHS,06-Jul-2026,160,160.875,156.82,158.05,791900
UHT,06-Jul-2026,45.8,46,43.97,43.97,195100
UI,06-Jul-2026,525,548.845,525,537.42,158700
UIS,06-Jul-2026,3.74,3.79,3.585,3.6,801300
UL,06-Jul-2026,61.97,62.05,60.99,61.58,2349000
ULS,06-Jul-2026,97.55,98.375,87.26,89.27,2132200
UMC,06-Jul-2026,25.7,26.78,25.59,25.83,13180600
UMH,06-Jul-2026,15.56,15.59,15.37,15.41,454600
UMH-D,06-Jul-2026,21.6,21.6,21.4,21.52,22000
UMHpD,06-Jul-2026,21.6,21.6,21.4,21.52,19746
UNF,06-Jul-2026,271.79,276.49,270.28,270.36,123600
UNFI,06-Jul-2026,45.89,46.915,45.79,46.66,581900
UNH,06-Jul-2026,423.49,424.435,415.05,417.99,6379000
UNM,06-Jul-2026,91.99,91.99,85.51,89.51,2744400
UNMA,06-Jul-2026,22.02,22.03,21.9101,22.03,13000
UNP,06-Jul-2026,282.81,283.99,279.43,282.59,2393400
UP,06-Jul-2026,8.82,9.35,8.82,9.1,87000
UPS,06-Jul-2026,110.77,110.77,109.03,110.02,3169200
URI,06-Jul-2026,1096.47,1105.013,1087.03,1099.68,292700
USA,06-Jul-2026,5.83,5.89,5.83,5.87,1760200
USAC,06-Jul-2026,26.06,26.6,25.5,25.51,164600
USB,06-Jul-2026,62.9,63.045,62.34,62.83,8638600
USB-A,06-Jul-2026,766.0017,769,766.0017,766.3901,700
USB-H,06-Jul-2026,18.6,18.638,18.51,18.6,33600
USB-P,06-Jul-2026,21.46,21.52,21.42,21.427,34000
USB-Q,06-Jul-2026,14.68,14.7099,14.63,14.66,31700
USB-R,06-Jul-2026,15.5,15.53,15.4301,15.46,78100
USB-S,06-Jul-2026,17.48,17.53,17.45,17.5,25300
USBpA,06-Jul-2026,766.0017,769,766.0017,766.3901,240
USBpH,06-Jul-2026,18.6,18.638,18.51,18.6,29715
USBpP,06-Jul-2026,21.46,21.52,21.42,21.427,28456
USBpQ,06-Jul-2026,14.68,14.7099,14.63,14.66,26914
USBpR,06-Jul-2026,15.5,15.53,15.4301,15.51,72491
USBpS,06-Jul-2026,17.48,17.53,17.45,17.5,20001
USFD,06-Jul-2026,103.84,104.28,101.31,102.86,3658300
USNA,06-Jul-2026,21.73,21.99,20.96,21.78,85400
USPH,06-Jul-2026,72.65,73.41,70.63,73.38,324200
UTF,06-Jul-2026,27.5,27.8119,27.41,27.44,266500
UTI,06-Jul-2026,48.9,50.39,48.225,49.93,1133300
UTL,06-Jul-2026,53.41,53.75,52.23,52.26,99600
UTZ,06-Jul-2026,8.24,8.28,7.915,8.12,1641000
UVE,06-Jul-2026,42.9,43.14,42.26,42.9,219700
UVV,06-Jul-2026,51.57,52,51.285,51.38,191500
UWMC,06-Jul-2026,2.18,2.215,2.09,2.2,25860000
UZD,06-Jul-2026,18.87,18.88,18.75,18.88,7900
UZE,06-Jul-2026,16.95,17.3199,16.95,17.27,4200
UZF,06-Jul-2026,16.81,16.99,16.8,16.99,8800
V,06-Jul-2026,363,365.02,348.8501,357.25,11623700
VAC,06-Jul-2026,100.25,100.325,96.07,97.87,441800
VAC.U,06-Jul-2026,10.3,10.77,10.3,10.34,200500
VAC.W,06-Jul-2026,0.73,0.825,0.705,0.705,46300
VACI,06-Jul-2026,10.23,10.23,10.19,10.19,239100
VAL,06-Jul-2026,71.6,76.5,71.6,73.53,1109800
VALE,06-Jul-2026,15.13,15.215,15.005,15.09,19911100
VATE,06-Jul-2026,14.86,16,14.66,14.82,81700
VBF,06-Jul-2026,15.15,15.15,15.02,15.11,52100
VCV,06-Jul-2026,10.75,10.89,10.75,10.81,143300
VCX,06-Jul-2026,80.55,81.5,75.5001,77.24,96600
VEC-,06-Jul-2026,0.2152,0.2152,0.2152,0.2152,100
VEC.U,06-Jul-2026,10.54,10.7,10.1,10.7,300
VECA,06-Jul-2026,9.95,9.95,9.945,9.95,4800
VEEV,06-Jul-2026,191.34,193.52,187.75,192.01,2278400
VEL,06-Jul-2026,18.68,18.8,18.1,18.54,84500
VET,06-Jul-2026,8.81,9.04,8.73,8.74,1017400
VFC,06-Jul-2026,16.47,16.67,16.075,16.5,6355000
VG,06-Jul-2026,11.07,11.135,10.8,10.85,6652100
VGI,06-Jul-2026,7.46,7.53,7.46,7.48,35500
VGM,06-Jul-2026,10.56,10.64,10.55,10.62,113500
VGNT,06-Jul-2026,40.83,42.67,40.395,42.52,1448500
VHI,06-Jul-2026,14.38,14.5845,13.9401,14.24,9300
VIA,06-Jul-2026,18.92,19.73,18.88,19.34,1107100
VICI,06-Jul-2026,27.02,27.22,26.57,26.7,17219500
VII.U,06-Jul-2026,10.01,10.02,10,10,125400
VIK,06-Jul-2026,100.7,101.43,99.11,100.55,2551100
VIPS,06-Jul-2026,13.44,13.5,13.165,13.33,3168000
VIRT,06-Jul-2026,61.77,63.905,61.685,62.97,893200
VIST,06-Jul-2026,60.3,61.87,60.3,61.21,784900
VIV,06-Jul-2026,13.4,13.51,13.18,13.47,1502300
VKQ,06-Jul-2026,10.1,10.11,10.025,10.06,242800
VLN,06-Jul-2026,2.1,2.2378,2.1,2.11,1097200
VLN.W,06-Jul-2026,0.0212,0.0212,0.0212,0.0212,1100
VLN.WS,06-Jul-2026,0.0212,0.0212,0.0212,0.0212,1100
VLO,06-Jul-2026,267.63,273.95,265.5293,270.32,1751500
VLRS,06-Jul-2026,9.23,9.38,9.13,9.33,550600
VLT,06-Jul-2026,10.51,10.5199,10.445,10.49,3700
VLTO,06-Jul-2026,92,92.95,91.08,92.48,1767300
VMC,06-Jul-2026,304.65,305.83,299.9,304.84,785100
VMI,06-Jul-2026,559.26,569.4861,556.87,564.07,165300
VMO,06-Jul-2026,9.95,9.95,9.87,9.88,280200
VNO,06-Jul-2026,40.91,41,40.405,40.7,1283200
VNO-L,06-Jul-2026,18,18.09,17.95,17.95,70200
VNO-M,06-Jul-2026,18.05,18.1,18.03,18.0414,22000
VNO-N,06-Jul-2026,17.81,17.86,17.8,17.84,23800
VNO-O,06-Jul-2026,15.06,15.08,15,15.04,14600
VNOpL,06-Jul-2026,18,18.09,17.95,17.95,43881
VNOpM,06-Jul-2026,18.05,18.1,18.03,18.0414,20531
VNOpN,06-Jul-2026,17.81,17.86,17.8,17.85,22499
VNOpO,06-Jul-2026,15.06,15.08,15,15.04,12617
VNT,06-Jul-2026,28.55,29.7,28.4,29.07,1689300
VOC,06-Jul-2026,2.88,2.949,2.88,2.91,81600
VOY-B,06-Jul-2026,23.55,23.585,23.5,23.585,15200
VOYA,06-Jul-2026,94.36,96.34,94,96.28,871700
VOYApB,06-Jul-2026,23.55,23.585,23.5,23.585,11496
VOYG,06-Jul-2026,33.98,35,33.35,33.9,1140200
VPG,06-Jul-2026,125.49,130.48,122.17,123,683600
VPV,06-Jul-2026,11.32,11.39,11.23,11.23,26100
VRT,06-Jul-2026,311.99,329.38,308.02,318.47,6428100
VRTS,06-Jul-2026,153.52,156.11,151,154.79,124900
VSH,06-Jul-2026,47.88,50.39,45.585,46.17,7711500
VST,06-Jul-2026,152.47,157.24,152.01,157.22,3395700
VSTS,06-Jul-2026,14.18,14.2,13.54,13.59,1152300
VSXY,06-Jul-2026,78.32,79.09,76,77.87,1530800
VTEX,06-Jul-2026,4.07,4.205,4.04,4.13,860100
VTMX,06-Jul-2026,34.7,35.18,34.54,34.99,44700
VTN,06-Jul-2026,11.54,11.5799,11.47,11.47,15300
VTOL,06-Jul-2026,41.39,42.44,41.39,42.1,224100
VTR,06-Jul-2026,92.65,93.05,91.465,92.21,2669700
VTS,06-Jul-2026,15.62,15.62,15.01,15.01,647700
VVR,06-Jul-2026,2.99,3,2.98,3,950600
VVV,06-Jul-2026,39.03,39.12,37.7501,38.59,2008000
VVX,06-Jul-2026,73.96,77.52,73.51,76.91,452500
VYX,06-Jul-2026,8.75,8.965,8.65,8.76,2327100
VZ,06-Jul-2026,42.9,43.158,41.63,42.07,55342900
W,06-Jul-2026,94.68,94.9899,90.62,93.18,2107800
WAB,06-Jul-2026,261.25,265.04,260.94,261.31,678600
WAL,06-Jul-2026,80.94,82.8,80.8,82.5,893400
WAL-A,06-Jul-2026,24,24.05,23.92,23.92,30400
WALpA,06-Jul-2026,24,24.05,23.92,23.92,28341
WAT,06-Jul-2026,369.83,380.35,369.45,378.89,771700
WBI,06-Jul-2026,31.32,33.26,31.32,32.16,1223400
WBIY,06-Jul-2026,35.37,35.37,35.14,35.3299,7900
WBS,06-Jul-2026,77.19,77.61,76.91,77.6,3226900
WBS-F,06-Jul-2026,20.7,21.0799,20.64,20.64,13700
WBS-G,06-Jul-2026,23.46,23.54,23.425,23.44,9000
WBSpF,06-Jul-2026,20.7,21.0799,20.64,20.64,10573
WBSpG,06-Jul-2026,23.46,23.54,23.425,23.44,8564
WBX,06-Jul-2026,4.7,6.1789,4.672,5.62,897100
WCC,06-Jul-2026,309.59,319.935,309.04,316.99,942100
WCN,06-Jul-2026,170.67,170.67,167.325,167.62,982900
WD,06-Jul-2026,54.41,54.96,52.63,52.64,218100
WDH,06-Jul-2026,1.21,1.32,1.209,1.27,324000
WDI,06-Jul-2026,13.77,13.79,13.65,13.65,156100
WDS,06-Jul-2026,19.5,19.62,19.395,19.41,569500
WEA,06-Jul-2026,10.63,10.7,10.552,10.62,28800
WEAV,06-Jul-2026,6.44,6.8,6.37,6.7,861900
WEC,06-Jul-2026,118.62,118.88,116.58,116.63,1616400
WELL,06-Jul-2026,235.87,236.335,231.01,232.69,2857800
WEN.U,06-Jul-2026,10.1,10.1,10.1,10.1,100
WENC,06-Jul-2026,9.94,9.94,9.94,9.94,6200
WES,06-Jul-2026,43.82,44.31,43.64,43.69,880300
WEX,06-Jul-2026,145.65,149.98,143.89,149.67,510100
WF,06-Jul-2026,61.55,62.22,61.305,61.87,215800
WFC,06-Jul-2026,86,87.6299,85.92,87.45,9914200
WFC-A,06-Jul-2026,18.4,18.45,18.36,18.39,74800
WFC-C,06-Jul-2026,17.19,17.19,17.09,17.12,112200
WFC-D,06-Jul-2026,16.76,16.79,16.69,16.72,50300
WFC-L,06-Jul-2026,1168.48,1172.68,1161.91,1172.4,3700
WFC-Y,06-Jul-2026,22.66,22.77,22.5785,22.5901,57100
WFC-Z,06-Jul-2026,18.64,18.7,18.61,18.67,135900
WFCpA,06-Jul-2026,18.4,18.45,18.36,18.39,67346
WFCpC,06-Jul-2026,17.19,17.19,17.09,17.12,104029
WFCpD,06-Jul-2026,16.76,16.79,16.69,16.72,42664
WFCpL,06-Jul-2026,1168.48,1172.68,1161.91,1172.4,2999
WFCpY,06-Jul-2026,22.66,22.77,22.5785,22.5901,50463
WFCpZ,06-Jul-2026,18.64,18.7,18.61,18.67,120866
WFG,06-Jul-2026,69.65,69.85,66.85,67.64,159400
WGO,06-Jul-2026,31.2,31.463,30.45,30.67,736900
WH,06-Jul-2026,81.56,82.01,79.665,81.74,1480700
WHD,06-Jul-2026,50.84,51.69,50.26,50.49,558800
WHG,06-Jul-2026,19.9,20.38,19.5152,20.24,29700
WHK,06-Jul-2026,26.76,27.29,26.46,26.8,210300
WHR,06-Jul-2026,38.1,38.87,36.93,38.04,2947400
WHR-A,06-Jul-2026,34.66,34.885,33.78,34.45,43000
WIA,06-Jul-2026,8.12,8.1399,8.05,8.1,21700
WINN,06-Jul-2026,32.68,32.94,32.62,32.8794,350300
WIT,06-Jul-2026,1.88,1.89,1.83,1.84,19263000
WIW,06-Jul-2026,8.4,8.4,8.37,8.4,259900
WK,06-Jul-2026,51.3,52.03,50.7672,51.54,635800
WKC,06-Jul-2026,33.09,33.78,33.09,33.17,829600
WLK,06-Jul-2026,73.95,75.265,72.71,74.8,1366600
WLKP,06-Jul-2026,22.19,22.4454,22.02,22.1,60300
WLTG,06-Jul-2026,37.695,37.695,37.6676,37.6676,500
WLY,06-Jul-2026,52.5,53.24,51.82,52.53,583600
WLYB,06-Jul-2026,53.31,53.65,53.19,53.65,2600
WM,06-Jul-2026,229.96,230,226.225,228.98,1536800
WMB,06-Jul-2026,73.07,73.89,72.4,72.82,5696400
WMK,06-Jul-2026,80,80.32,79.01,80.27,177100
WMS,06-Jul-2026,153.3,153.34,149.24,151.34,472400
WNC,06-Jul-2026,13.45,13.5,12.977,13,589200
WOLF,06-Jul-2026,39.58,42.45,39.11,39.47,3653800
WOR,06-Jul-2026,54.6,55.57,54.28,54.91,375400
WPA-,06-Jul-2026,0.29,0.3,0.29,0.29,134000
WPAC,06-Jul-2026,10.02,10.02,10.02,10.02,100
WPC,06-Jul-2026,71,71.26,70.4,70.55,1640100
WPM,06-Jul-2026,117.14,117.63,113.51,115.24,1966800
WPP,06-Jul-2026,17.13,17.43,16.83,17.36,467200
WRB,06-Jul-2026,72,72.08,70.45,70.92,1588700
WRB-E,06-Jul-2026,21.41,21.45,21.35,21.38,5600
WRB-F,06-Jul-2026,18.87,18.96,18.73,18.87,17500
WRB-G,06-Jul-2026,15.87,15.87,15.81,15.84,2400
WRB-H,06-Jul-2026,15.16,15.3,15.1,15.25,27300
WRBpE,06-Jul-2026,21.41,21.45,21.35,21.38,4076
WRBpF,06-Jul-2026,18.87,18.96,18.73,18.87,12165
WRBpG,06-Jul-2026,15.87,15.87,15.81,15.82,1459
WRBpH,06-Jul-2026,15.16,15.3,15.1,15.1901,23408
WRBY,06-Jul-2026,28.87,30.155,28.86,29.22,2426000
WS,06-Jul-2026,32.21,33,32.02,32.64,251400
WSM,06-Jul-2026,227,228.01,222.25,223.83,987400
WSO,06-Jul-2026,404.25,406.56,398.115,399.06,383600
WSR,06-Jul-2026,18.97,18.98,18.97,18.97,529300
WST,06-Jul-2026,364.87,366.42,357.1,357.64,682800
WT,06-Jul-2026,18.19,18.735,18.09,18.45,2546600
WTI,06-Jul-2026,3.04,3.17,3.03,3.09,2183400
WTM,06-Jul-2026,2165.26,2182.9,2145.32,2166.27,14600
WTRG,06-Jul-2026,39.06,39.31,38.06,38.66,2001300
WTS,06-Jul-2026,369.62,371.51,366.28,369.56,242600
WTTR,06-Jul-2026,18.1,18.73,17.91,18.1,1321400
WU,06-Jul-2026,8,8.01,7.8,7.98,6047400
WWW,06-Jul-2026,16.69,17.19,16.35,17,734900
WY,06-Jul-2026,23.78,23.87,23.22,23.4,5514200
XFL-,06-Jul-2026,0.1,0.1,0.0912,0.0912,32100
XFL.U,06-Jul-2026,10.05,10.05,10.04,10.04,500
XFLH,06-Jul-2026,9.985,10,9.985,10,600
XFLT,06-Jul-2026,17.67,17.98,17.51,17.85,109000
XHR,06-Jul-2026,20.32,20.46,20.16,20.18,684900
XIFR,06-Jul-2026,12.36,12.77,12.21,12.44,1470000
XOM,06-Jul-2026,136.54,137.37,136.01,136.44,13915000
XPER,06-Jul-2026,8.2,8.445,8.08,8.08,301500
XPEV,06-Jul-2026,13.41,13.7,13.31,13.56,7348700
XPO,06-Jul-2026,208.49,211.13,206.53,206.78,646800
XPOF,06-Jul-2026,6.72,6.84,6.64,6.81,299400
XPRO,06-Jul-2026,14.39,14.86,14.02,14.02,1104300
XRN,06-Jul-2026,37.96,38.32,37.3,37.33,67400
XRN-A,06-Jul-2026,24.35,24.515,24.35,24.5,6200
XRN-B,06-Jul-2026,26,26.4,25.69,26.1,4100
XXI,06-Jul-2026,5.29,5.74,5.2638,5.72,850200
XYF,06-Jul-2026,4.99,5.1,4.955,4.96,116900
XYL,06-Jul-2026,117.67,119.81,117.0743,119.42,2124900
XYZ,06-Jul-2026,78.86,79.27,77.4701,78.92,3786500
XZO,06-Jul-2026,18.7,19.035,18.01,18.72,191400
YALA,06-Jul-2026,5.49,5.64,5.42,5.59,337000
YCY,06-Jul-2026,10.21,10.21,10.21,10.21,5500
YCY.W,06-Jul-2026,0.22,0.22,0.22,0.22,21800
YELP,06-Jul-2026,26.31,26.9,25.9,26.34,982700
YETI,06-Jul-2026,49.76,50.5,48.12,48.42,1151200
YEXT,06-Jul-2026,4.9,5.115,4.9,4.99,1387000
YMM,06-Jul-2026,8.48,8.73,8.45,8.67,4547400
YOU,06-Jul-2026,53.25,57.34,52.7972,56.74,1620700
YPF,06-Jul-2026,45.39,46.48,45,46.12,1233700
YRD,06-Jul-2026,1.33,1.595,1.3,1.52,2551900
YSG,06-Jul-2026,3.37,3.55,3.365,3.53,106200
YSS,06-Jul-2026,25.01,25.48,22.65,23.57,848200
YUM,06-Jul-2026,164.5,166.04,162.325,165.99,2212200
YUMC,06-Jul-2026,43,43,41.96,42.49,1920800
ZBH,06-Jul-2026,87.47,90.75,86.8101,89.76,2472700
ZEPP,06-Jul-2026,5.27,5.5592,5.13,5.47,34100
ZETA,06-Jul-2026,20.49,21.895,20.34,21.82,7786700
ZGN,06-Jul-2026,13.12,13.49,12.95,13.48,1473100
ZH,06-Jul-2026,3.07,3.24,3.07,3.23,208800
ZIM,06-Jul-2026,23.95,24.45,23.285,23.71,4808100
ZIP,06-Jul-2026,3.95,4,3.86,3.9,441000
ZKH,06-Jul-2026,2.17,2.7,2.17,2.69,67700
ZTO,06-Jul-2026,23.23,23.2345,22.83,23.03,1839400
ZTR,06-Jul-2026,6.85,6.86,6.83,6.86,135900
ZTS,06-Jul-2026,75.06,75.64,73.06,75.42,7187200
ZVIA,06-Jul-2026,1.75,1.8,1.705,1.71,819900
ZWS,06-Jul-2026,49.16,49.64,49,49.15,730200
