Symbol,Date,Open,High,Low,Close,Volume
A,01-Sep-2026,153.55,154.59,149.18,149.93,2715500
AA,01-Sep-2026,49.08,52.03,49.0702,50.9,4679400
AAC,01-Sep-2026,10.06,10.06,10.06,10.06,2200
AAC.U,01-Sep-2026,10.21,10.21,10.21,10.21,100
AADX,01-Sep-2026,13.02,13.21,12.535,12.55,1462800
AAMI,01-Sep-2026,93.5,94.47,89.9,90.08,476300
AAP,01-Sep-2026,42.45,43.41,42.16,42.76,2070900
AAT,01-Sep-2026,22.29,22.48,22.18,22.41,398900
AAUC,01-Sep-2026,22.85,23.41,22.59,22.81,341800
AB,01-Sep-2026,36.61,36.79,36.39,36.67,328700
ABBV,01-Sep-2026,260.99,262.265,257.79,259.99,3866700
ABCB,01-Sep-2026,83.81,84.6,83.2,83.55,389500
ABEV,01-Sep-2026,2.87,2.95,2.86,2.89,27955600
ABG,01-Sep-2026,210.33,211.9203,207.07,209.36,157400
ABM,01-Sep-2026,46.63,46.875,46.22,46.41,357000
ABR,01-Sep-2026,5,5,4.905,4.95,3452000
ABR-D,01-Sep-2026,15.55,15.64,15.53,15.59,23800
ABR-E,01-Sep-2026,15.33,15.36,15.32,15.36,24000
ABR-F,01-Sep-2026,22.68,22.72,22.37,22.61,5100
ABRpD,01-Sep-2026,15.55,15.64,15.53,15.58,21856
ABRpE,01-Sep-2026,15.33,15.36,15.32,15.3442,22561
ABRpF,01-Sep-2026,22.68,22.72,22.37,22.38,3655
ABT,01-Sep-2026,112.25,113.91,108.68,108.93,7229400
ABX,01-Sep-2026,9.43,9.48,9.16,9.21,368900
ABXL,01-Sep-2026,25.54,25.5451,25.35,25.49,10900
ACA,01-Sep-2026,145.26,145.5,145.26,145.48,523100
ACCO,01-Sep-2026,4.28,4.325,4.225,4.25,746200
ACEL,01-Sep-2026,11.62,11.65,11.47,11.58,259300
ACH,01-Sep-2026,1.18,1.2,1.12,1.15,1069900
ACH.W,01-Sep-2026,0.007,0.0072,0.007,0.0072,9400
ACHR,01-Sep-2026,5.63,5.655,5.48,5.56,20222800
ACHR.WS,01-Sep-2026,0.007,0.0072,0.007,0.0072,9446
ACI,01-Sep-2026,12.4,12.67,12.37,12.46,6228800
ACLO,01-Sep-2026,50.354,50.36,50.354,50.36,600
ACM,01-Sep-2026,66.95,68.35,65.46,66.23,2415400
ACN,01-Sep-2026,187.32,190.5,186.99,188.09,3409700
ACP,01-Sep-2026,5.07,5.07,5.02,5.04,397800
ACP-A,01-Sep-2026,18.9,18.93,18.9,18.93,2700
ACPpA,01-Sep-2026,18.9,18.93,18.9,18.93,2400
ACR,01-Sep-2026,13.88,14.11,13.68,13.93,30600
ACR-C,01-Sep-2026,24.1,24.1,23.91,23.928,13300
ACR-D,01-Sep-2026,20.4,20.4499,20.144,20.144,4500
ACRE,01-Sep-2026,4.56,4.57,4.425,4.47,280200
ACRpC,01-Sep-2026,24.1,24.1,23.91,23.928,10758
ACRpD,01-Sep-2026,20.4,20.4499,20.144,20.144,3758
ACV,01-Sep-2026,25.83,26.2701,25.7054,25.94,34900
ACVA,01-Sep-2026,6.9,7.065,6.685,6.76,4063700
AD,01-Sep-2026,36.65,37.4199,36.23,36.92,248200
ADC,01-Sep-2026,72.42,72.95,72.205,72.5,1436700
ADC-A,01-Sep-2026,16.8,17.1,16.78,16.78,16000
ADCpA,01-Sep-2026,16.8,17.1,16.78,16.78,14260
ADCT,01-Sep-2026,1.15,1.24,1.14,1.24,1149600
ADIG,01-Sep-2026,21.86,22.42,20.09,20.34,1144700
ADM,01-Sep-2026,82.9,84.62,81.66,84.55,4010600
ADNT,01-Sep-2026,18.81,18.86,18.17,18.25,847600
ADT,01-Sep-2026,7.35,7.45,7.25,7.37,5825400
ADX,01-Sep-2026,25.84,25.96,25.7501,25.86,272000
AEE,01-Sep-2026,106.39,106.76,105.23,106.09,1237400
AEFC,01-Sep-2026,17.7,17.8,17.601,17.7,145800
AEG,01-Sep-2026,9.21,9.25,9.1597,9.18,4871500
AEM,01-Sep-2026,196.55,200.61,193.3,193.46,4667300
AEO,01-Sep-2026,16.4,16.935,16.17,16.58,4929400
AER,01-Sep-2026,146.14,146.5226,142.9301,144.16,1349600
AERO,01-Sep-2026,14.28,14.64,14.28,14.56,490100
AES,01-Sep-2026,14.75,14.8,14.74,14.77,5605300
AESI,01-Sep-2026,13.06,13.43,12.62,12.68,2626000
AEXA,01-Sep-2026,11.63,11.69,11.45,11.55,31800
AFB,01-Sep-2026,10.88,10.88,10.77,10.81,40100
AFG,01-Sep-2026,143.62,143.62,141.465,142.42,267800
AFGB,01-Sep-2026,20.35,20.54,20.2471,20.27,11200
AFGC,01-Sep-2026,17.88,17.88,17.55,17.57,34700
AFGD,01-Sep-2026,20.65,20.69,20.3,20.42,16100
AFGE,01-Sep-2026,15.8,15.91,15.6501,15.67,12400
AFL,01-Sep-2026,116.76,117.35,114.86,116.02,3159000
AG,01-Sep-2026,19.73,20.765,19.55,19.86,12433700
AGBK,01-Sep-2026,6.27,6.67,6.27,6.63,302400
AGCO,01-Sep-2026,117.86,122.52,117.119,122.32,1316400
AGD,01-Sep-2026,12.44,12.4499,12.2701,12.28,83100
AGI,01-Sep-2026,35.2,36.21,34.84,34.92,3459400
AGL,01-Sep-2026,86.85,90.3,86.5501,87.47,99300
AGM,01-Sep-2026,218.97,222.6775,217.0001,219.85,86100
AGM-D,01-Sep-2026,20.9,21.03,20.9,21.02,2200
AGM-E,01-Sep-2026,20.76,20.9399,20.5648,20.63,6300
AGM-F,01-Sep-2026,18.58,18.74,18.58,18.63,9300
AGM-G,01-Sep-2026,17.31,17.36,17.3,17.3,4000
AGM-H,01-Sep-2026,23.43,23.43,23.02,23.2001,2600
AGM-I,01-Sep-2026,24.32,24.6,24.224,24.38,2300
AGMpD,01-Sep-2026,20.9,21.03,20.9,21.02,1400
AGMpE,01-Sep-2026,20.76,20.9399,20.5648,20.63,5869
AGMpF,01-Sep-2026,18.58,18.74,18.58,18.63,8301
AGMpG,01-Sep-2026,17.31,17.36,17.3,17.36,3262
AGMpH,01-Sep-2026,23.43,23.43,23.02,23.2001,2600
AGO,01-Sep-2026,74.96,75.51,74.12,74.46,279800
AGRO,01-Sep-2026,11.47,12.08,11.31,12.02,1387300
AGX,01-Sep-2026,422.36,426.24,401.51,404.75,503400
AHL-D,01-Sep-2026,18.61,18.85,18.53,18.56,9900
AHL-E,01-Sep-2026,18.6,18.8312,18.49,18.5,26500
AHL-F,01-Sep-2026,23.44,23.5332,23.36,23.43,10700
AHLpD,01-Sep-2026,18.61,18.85,18.53,18.56,8049
AHLpE,01-Sep-2026,18.6,18.8312,18.49,18.5,23200
AHLpF,01-Sep-2026,23.44,23.5332,23.36,23.43,9231
AHR,01-Sep-2026,55.39,56.71,55.28,56.54,3166400
AHRT,01-Sep-2026,6.47,6.49,6.395,6.41,718900
AHT,01-Sep-2026,3.1,3.2999,3.1,3.13,23100
AHT-D,01-Sep-2026,6.73,6.7799,6.04,6.1301,11000
AHT-F,01-Sep-2026,6.81,6.81,6.8,6.8,400
AHT-G,01-Sep-2026,6.2148,6.2148,6.2148,6.2148,700
AHT-H,01-Sep-2026,6.15,6.325,6.15,6.325,1900
AHT-I,01-Sep-2026,6.26,6.3,6.2551,6.3,2400
AHTpD,01-Sep-2026,6.73,6.7799,6.04,6.1301,10697
AHTpF,01-Sep-2026,6.81,6.81,6.8,6.8,200
AHTpG,01-Sep-2026,6.2148,6.2148,6.2148,6.2148,400
AHTpH,01-Sep-2026,6.15,6.325,6.15,6.325,501
AHTpI,01-Sep-2026,6.2551,6.3,6.2551,6.3,900
AI,01-Sep-2026,10.47,10.56,10.17,10.34,4783800
AIG,01-Sep-2026,76.42,77.315,75.66,75.88,3335500
AII,01-Sep-2026,26.13,26.29,25.18,25.65,202400
AII-,01-Sep-2026,0.1702,0.1702,0.1702,0.1702,200
AII.U,01-Sep-2026,10.36,10.36,10.36,10.36,100
AIIA,01-Sep-2026,10.22,10.22,10.22,10.22,400
AIIA.U,01-Sep-2026,10.36,10.36,10.36,10.36,100
AIN,01-Sep-2026,54.6,56.08,54.15,54.33,276000
AIO,01-Sep-2026,26.04,26.04,25.755,25.8,42600
AIR,01-Sep-2026,127.35,128.98,123.76,124.48,332400
AIT,01-Sep-2026,322.37,324,317.88,319.11,341500
AIV,01-Sep-2026,2.52,2.565,2.51,2.55,1299700
AIZ,01-Sep-2026,282.46,284.435,279.9725,280.78,245900
AIZN,01-Sep-2026,18.3,18.415,18.1601,18.26,10000
AJG,01-Sep-2026,264.43,267.23,260.04,262,2024500
AKA,01-Sep-2026,10.65,10.65,10.46,10.5,2600
AKAF,01-Sep-2026,32.7845,32.7845,32.7845,32.7845,100
AKO.A,01-Sep-2026,23.4,23.4,23.4,23.4,300
AKO.B,01-Sep-2026,29.15,29.42,28.33,29.3,29300
AKR,01-Sep-2026,20.53,20.58,20.255,20.45,2470200
ALB,01-Sep-2026,132,138.08,131.41,135.54,1553500
ALB-A,01-Sep-2026,54.34,55.74,53.74,55.05,27700
ALBpA,01-Sep-2026,54.34,55.74,53.74,55.05,12441
ALC,01-Sep-2026,72.56,72.59,71.38,71.75,1404900
ALG,01-Sep-2026,163.55,165.26,162.99,164.1,156200
ALH,01-Sep-2026,22.74,23.3699,22.11,22.26,1223200
ALIT,01-Sep-2026,14.16,14.33,13.82,13.82,379500
ALK,01-Sep-2026,40.61,41.285,40.42,40.69,2358100
ALL,01-Sep-2026,260.33,261.79,257.37,257.87,1067400
ALL-B,01-Sep-2026,25.55,25.61,25.55,25.61,18500
ALL-H,01-Sep-2026,18.61,18.7316,18.52,18.6,88700
ALL-I,01-Sep-2026,17.34,17.54,17.3113,17.45,42700
ALL-J,01-Sep-2026,25.85,25.9705,25.79,25.83,52700
ALLE,01-Sep-2026,155.84,156.65,151.74,151.82,1146000
ALLpB,01-Sep-2026,25.55,25.61,25.55,25.5551,12441
ALLpH,01-Sep-2026,18.61,18.7316,18.52,18.58,72329
ALLpI,01-Sep-2026,17.34,17.54,17.3113,17.47,37527
ALLpJ,01-Sep-2026,25.85,25.9705,25.79,25.815,44864
ALLY,01-Sep-2026,41.83,42.42,41.73,41.85,3182800
ALSN,01-Sep-2026,124.6,125.67,121.98,122.71,617600
ALT-A,01-Sep-2026,25.82,26,25.82,26,1300
ALTG,01-Sep-2026,5.82,6.25,5.665,5.72,415500
ALTGpA,01-Sep-2026,25.82,26,25.82,26,1100
ALUB,01-Sep-2026,10.12,10.12,10.11,10.12,97900
ALV,01-Sep-2026,120.05,121.06,118.9,119.21,492500
ALX,01-Sep-2026,271.52,272.98,264.105,267.25,34300
AM,01-Sep-2026,22.65,22.7,22.2723,22.48,1977900
AMBP,01-Sep-2026,5.08,5.14,5.06,5.06,1067100
AMBQ,01-Sep-2026,57.2,57.695,55.02,55.94,614700
AMC,01-Sep-2026,2.61,2.64,2.55,2.58,16076800
AMCR,01-Sep-2026,45.99,46.15,45.48,45.82,2606400
AME,01-Sep-2026,234.11,235.78,229.595,231.32,1542600
AMG,01-Sep-2026,363.73,372.8,360.26,360.75,216400
AMH,01-Sep-2026,33.37,33.55,33.18,33.42,1977900
AMH-G,01-Sep-2026,22.32,22.325,21.85,21.987,11200
AMH-H,01-Sep-2026,23.35,23.3599,23.07,23.07,19500
AMHpG,01-Sep-2026,22.2816,22.325,21.85,21.987,9873
AMHpH,01-Sep-2026,23.35,23.3599,23.07,23.07,14232
AMN,01-Sep-2026,34.01,34.77,33.35,33.54,574300
AMP,01-Sep-2026,549.85,558.56,541.275,542.64,467900
AMP.V,01-Sep-2026,3.02,3.06,2.8,3.03,22700
AMPX,01-Sep-2026,9.64,9.69,9.395,9.48,4029500
AMPX.WS,01-Sep-2026,3.02,3.06,2.8,3.03,21378
AMPY,01-Sep-2026,4.96,5.005,4.875,4.99,654100
AMR,01-Sep-2026,235.72,236.7,230,233.41,346000
AMRC,01-Sep-2026,22,22.645,21.91,22.6,802500
AMRZ,01-Sep-2026,43.27,43.64,42.72,42.81,3825900
AMT,01-Sep-2026,175.9,178.235,174.62,176.02,2389100
AMTB,01-Sep-2026,28.57,29.06,28.2996,28.43,392600
AMTD,01-Sep-2026,0.7705,0.7705,0.741,0.7506,8000
AMTM,01-Sep-2026,20.13,20.25,19.8,19.99,1837400
AMWL,01-Sep-2026,11.83,12.22,11.5,12.07,155800
AMX,01-Sep-2026,23.04,23.36,22.925,22.98,1526900
AN,01-Sep-2026,200.39,204.59,199.9901,204.08,422100
ANDG,01-Sep-2026,55.75,57.17,55.53,55.72,397000
ANET,01-Sep-2026,195.77,196.5,188.56,189.26,4375800
ANF,01-Sep-2026,142,143.37,138.72,140.68,1732200
ANG-D,01-Sep-2026,23.18,23.215,22.98,23.15,14500
ANGpD,01-Sep-2026,23.18,23.215,22.98,23.15,10595
ANGX,01-Sep-2026,4.14,4.395,4.1,4.34,934000
ANRO,01-Sep-2026,35.2,36.04,34.62,35.2,350200
ANVS,01-Sep-2026,1.73,1.73,1.67,1.69,457600
AOD,01-Sep-2026,10.78,10.78,10.59,10.65,674900
AOMD,01-Sep-2026,25.21,25.225,25.1,25.16,11900
AOMN,01-Sep-2026,25.39,25.39,25.18,25.18,1400
AOMR,01-Sep-2026,8.29,8.37,8.2,8.2,94200
AON,01-Sep-2026,321.415,328.52,312.92,326.3,2423200
AORT,01-Sep-2026,27.05,27.95,26.915,27.09,675100
AOS,01-Sep-2026,58.74,59.585,58.41,58.49,1019900
AP,01-Sep-2026,8.43,8.64,8.12,8.38,85500
APAM,01-Sep-2026,42.31,43.12,41.68,41.7,874600
APD,01-Sep-2026,308,308.9,303.935,305.32,965900
APG,01-Sep-2026,39.02,39.39,38.53,39.12,2546100
APH,01-Sep-2026,159.11,163.29,156.641,163.18,7718800
APLE,01-Sep-2026,15.66,15.895,15.5,15.57,2907800
APO,01-Sep-2026,133.93,135.36,129.89,131.69,2576500
APOS,01-Sep-2026,25.2,25.2601,25.02,25.17,49200
APTV,01-Sep-2026,44.68,45.695,44.54,44.85,4036900
AQN,01-Sep-2026,5.65,5.695,5.6,5.66,4145600
AQNB,01-Sep-2026,26.33,26.3697,26.1401,26.21,13300
AR,01-Sep-2026,39.2,40.01,38.94,39.81,5020900
ARCO,01-Sep-2026,7.86,8.11,7.84,8.06,992300
ARDC,01-Sep-2026,12.39,12.42,12.35,12.4,124400
ARDT,01-Sep-2026,10.83,11.27,10.83,10.94,289100
ARE,01-Sep-2026,51.27,52.94,50.58,51.63,1671500
ARE-B,01-Sep-2026,45.65,45.65,43.81,43.81,75100
ARES,01-Sep-2026,140,142.75,137.19,139.09,1529400
ARESpB,01-Sep-2026,45.65,45.65,43.81,44.15,55135
ARI,01-Sep-2026,6.85,6.875,6.78,6.81,2042900
ARIS,01-Sep-2026,19.34,19.76,18.8,18.87,1338500
ARL,01-Sep-2026,15.05,15.05,15.05,15.05,700
ARLO,01-Sep-2026,12.84,12.985,12.38,12.57,1558100
ARMK,01-Sep-2026,56.32,56.9,56.02,56.62,2781200
AROC,01-Sep-2026,31.55,31.99,31.1823,31.69,1584500
ARR,01-Sep-2026,16.13,16.2,16.065,16.12,3327500
ARR-C,01-Sep-2026,20.68,20.7,20.6501,20.685,14300
ARRpC,01-Sep-2026,20.68,20.7,20.6501,20.685,12635
ARW,01-Sep-2026,202.95,206.285,200.985,205.98,462000
ARX,01-Sep-2026,19.73,19.78,19.705,19.78,1488900
AS,01-Sep-2026,30.07,30.33,29.3575,29.46,7234400
ASA,01-Sep-2026,62.22,63.7699,60.37,61.2,69800
ASAN,01-Sep-2026,10.06,10.225,9.77,9.83,5032700
ASB,01-Sep-2026,30.3,30.54,29.77,29.9,2205600
ASB-E,01-Sep-2026,19.6,19.6,19.5196,19.545,9000
ASB-F,01-Sep-2026,18.72,18.8,18.61,18.76,18500
ASBA,01-Sep-2026,24.6,24.7999,24.6,24.74,30700
ASBpE,01-Sep-2026,19.6,19.6,19.5196,19.545,7858
ASBpF,01-Sep-2026,19.05,19.05,18.61,18.76,15368
ASC,01-Sep-2026,17.55,17.76,17.37,17.68,729500
ASG,01-Sep-2026,5.15,5.1762,5.09,5.12,333700
ASGI,01-Sep-2026,22.34,22.36,22.03,22.26,334900
ASH,01-Sep-2026,73.05,76.02,72.66,75.64,722700
ASIC,01-Sep-2026,26.41,26.56,25.77,26.26,41400
ASIX,01-Sep-2026,16.8,16.86,16.52,16.76,194000
ASPN,01-Sep-2026,4.81,4.88,4.71,4.84,870800
ASR,01-Sep-2026,255.69,258.78,249.58,250.02,57500
ASX,01-Sep-2026,37.72,38,36.5,37.43,7414400
ATEN,01-Sep-2026,25.05,25.38,24.65,24.95,1146700
ATH-A,01-Sep-2026,23.83,23.99,23.77,23.86,43700
ATH-B,01-Sep-2026,18.43,18.5218,18.2,18.34,38400
ATH-D,01-Sep-2026,16.17,16.2146,15.8,15.98,194000
ATH-E,01-Sep-2026,25.26,25.33,25.17,25.24,25400
ATHM,01-Sep-2026,21.73,22.4,21.55,22.1,435300
ATHpA,01-Sep-2026,23.95,24,23.77,23.86,37161
ATHpB,01-Sep-2026,18.43,18.5218,18.2,18.34,30818
ATHpD,01-Sep-2026,16.02,16.2146,15.8,15.97,184101
ATHpE,01-Sep-2026,25.26,25.33,25.17,25.23,18426
ATHS,01-Sep-2026,24.84,24.92,24.6,24.68,28200
ATI,01-Sep-2026,203.69,205.32,199.78,200.95,1415300
ATKR,01-Sep-2026,93.7,93.74,93.6,93.63,1211500
ATMU,01-Sep-2026,46.68,47.98,45.98,46.2,641400
ATO,01-Sep-2026,167.13,167.75,166.165,167.7,785000
ATR,01-Sep-2026,131.65,132.07,130.7825,130.92,418100
ATS,01-Sep-2026,19.07,19.12,18.42,18.49,214800
AU,01-Sep-2026,108.12,111.62,107.47,108.13,2548700
AUB,01-Sep-2026,40.1,40.48,39.44,39.51,841600
AUB-A,01-Sep-2026,24.39,24.5,24.3501,24.45,11700
AUBpA,01-Sep-2026,24.39,24.5,24.3501,24.475,10051
AUNA,01-Sep-2026,5.12,5.235,5.12,5.15,58700
AVA,01-Sep-2026,37.34,37.77,37.2878,37.64,676100
AVAL,01-Sep-2026,5.19,5.34,5.1501,5.24,96800
AVBC,01-Sep-2026,22.09,22.145,21.615,21.7,155300
AVD,01-Sep-2026,2.17,2.33,2.17,2.29,265100
AVEX,01-Sep-2026,17.32,17.6499,16.845,16.89,953200
AVK,01-Sep-2026,12.44,12.5204,12.4113,12.46,141900
AVNT,01-Sep-2026,43.71,43.85,42.43,42.62,677400
AVTR,01-Sep-2026,14.55,14.63,14.19,14.2,5675000
AVY,01-Sep-2026,173.66,175.97,172.96,173.07,888900
AWF,01-Sep-2026,10.11,10.14,10.1,10.1,219600
AWI,01-Sep-2026,171.62,173.4777,167.76,168.94,389200
AWK,01-Sep-2026,139.17,139.56,136.73,137.4,1662000
AWP,01-Sep-2026,11.47,11.5384,11.415,11.45,113200
AWR,01-Sep-2026,89.78,89.99,88.51,89.19,165500
AX,01-Sep-2026,96.21,96.99,94,94.68,262700
AXP,01-Sep-2026,326.96,329.88,323.915,324.19,2562000
AXR,01-Sep-2026,22.91,23.0551,22.9,22.91,1400
AXS,01-Sep-2026,99.01,100.1451,99.01,99.8,479200
AXS-E,01-Sep-2026,18.34,18.57,18.31,18.4,73900
AXSpE,01-Sep-2026,18.34,18.57,18.31,18.37,67188
AXTA,01-Sep-2026,35.82,35.91,34.99,35.08,1335800
AYI,01-Sep-2026,329.62,332.56,324.87,326.08,163600
AZN,01-Sep-2026,163.66,164.24,161.385,162.47,2598400
AZO,01-Sep-2026,3005.51,3007.875,2933.02,2965.83,315200
AZUL,01-Sep-2026,7.51,7.51,7.14,7.25,79300
AZZ,01-Sep-2026,135.8,138.145,133.631,135.75,218800
B,01-Sep-2026,43.42,44.52,43.02,43.1,11194000
BA,01-Sep-2026,206.7,208.11,205.5,205.66,5017000
BA-A,01-Sep-2026,64.68,64.68,63.77,63.86,2201600
BABA,01-Sep-2026,112.175,113.855,112.0655,112.85,9865200
BAC,01-Sep-2026,61.97,62.825,61.7235,61.99,25056300
BAC-B,01-Sep-2026,23.97,24.03,23.75,23.85,256700
BAC-E,01-Sep-2026,18.56,18.65,18.4,18.65,41600
BAC-K,01-Sep-2026,23.62,23.68,23.37,23.44,122400
BAC-L,01-Sep-2026,1288.38,1295,1270,1285.1,8700
BAC-M,01-Sep-2026,20.58,20.6799,20.3,20.31,128400
BAC-N,01-Sep-2026,19.18,19.2,18.95,19.05,154500
BAC-O,01-Sep-2026,16.62,16.7399,16.48,16.51,129800
BAC-P,01-Sep-2026,16.04,16.08,15.81,15.81,116400
BAC-Q,01-Sep-2026,16.27,16.325,16.03,16.12,127400
BAC-S,01-Sep-2026,18.29,18.33,17.95,17.98,79800
BACpB,01-Sep-2026,24.05,24.05,23.74,23.82,216527
BACpE,01-Sep-2026,18.5,18.65,18.4,18.65,38595
BACpK,01-Sep-2026,23.51,23.68,23.37,23.55,103473
BACpL,01-Sep-2026,1288.38,1295,1270,1286.79,6076
BACpM,01-Sep-2026,20.58,20.6799,20.3,20.31,110716
BACpN,01-Sep-2026,19.23,19.23,18.95,19.05,134775
BACpO,01-Sep-2026,16.62,16.7399,16.48,16.51,116117
BACpP,01-Sep-2026,16.04,16.08,15.81,15.81,99297
BACpQ,01-Sep-2026,16.27,16.325,16.03,16.09,110322
BACpS,01-Sep-2026,18.29,18.33,17.95,17.99,66681
BAH,01-Sep-2026,75.48,76.4325,74.8501,75.38,1314800
BAK,01-Sep-2026,1.68,1.725,1.64,1.65,1469800
BALL,01-Sep-2026,62.92,63.2127,62.37,62.77,1595600
BALY,01-Sep-2026,8.9,9.325,8.88,9.09,79800
BAM,01-Sep-2026,50.73,50.79,49.43,49.66,2010800
BAN-F,01-Sep-2026,25.2,25.23,25.1101,25.21,19800
BANC,01-Sep-2026,18.54,18.685,18.135,18.16,2370000
BANCpF,01-Sep-2026,25.2,25.23,25.1101,25.17,16321
BAP,01-Sep-2026,366.02,374.365,364.49,372.52,293900
BApA,01-Sep-2026,64.68,64.68,63.77,63.79,53185
BARK,01-Sep-2026,10.5,10.9,10.41,10.8,37700
BAX,01-Sep-2026,26.31,26.56,25.17,25.48,5275600
BB,01-Sep-2026,8.03,8.09,7.75,7.83,9519200
BBA.W,01-Sep-2026,0.065,0.0808,0.05,0.055,153300
BBAI,01-Sep-2026,3.04,3.04,2.93,2.95,17096300
BBAI.WS,01-Sep-2026,0.065,0.0808,0.05,0.055,152176
BBAR,01-Sep-2026,14.82,15.85,14.75,15.11,797500
BBD,01-Sep-2026,3.27,3.37,3.27,3.32,31093100
BBDC,01-Sep-2026,9.42,9.49,9.29,9.3,1331800
BBDO,01-Sep-2026,3.02,3.1299,2.98,3.06,98900
BBN,01-Sep-2026,15.78,15.8,15.62,15.65,180400
BBT,01-Sep-2026,30.92,31.27,30.3,30.39,969500
BBUC,01-Sep-2026,27.37,27.61,26.93,27.02,289400
BBVA,01-Sep-2026,28.95,29.06,28.59,28.64,1240400
BBW,01-Sep-2026,30.01,30.61,28.73,30.4,978500
BBWI,01-Sep-2026,18.77,19.15,18.445,18.61,6331800
BBY,01-Sep-2026,79.83,82.76,79.02,82.63,4615900
BC,01-Sep-2026,74.8,75.27,73,73.37,703700
BC-C,01-Sep-2026,24.45,24.45,24.2,24.37,16700
BCAT,01-Sep-2026,15.9,15.95,15.8,15.8,633700
BCC,01-Sep-2026,76.75,77.22,74.99,75.84,383800
BCE,01-Sep-2026,23.61,23.895,23.38,23.41,4205800
BCEM,01-Sep-2026,26.73,26.73,26.395,26.483,6400
BCGD,01-Sep-2026,26.39,26.39,26.2488,26.2488,1300
BCH,01-Sep-2026,40.9,41.76,40.9,41.45,271700
BCO,01-Sep-2026,108.69,110.98,108,110.02,455100
BCS,01-Sep-2026,26.21,26.49,26.065,26.15,2456300
BCSF,01-Sep-2026,12,12.035,11.87,11.9,593400
BCSM,01-Sep-2026,25.05,25.05,24.5885,24.5885,4500
BCSS,01-Sep-2026,10.28,10.28,10.28,10.28,1200
BCX,01-Sep-2026,13.31,13.3315,13.2,13.25,187300
BDC,01-Sep-2026,112.98,114,109.8,112.06,424900
BDJ,01-Sep-2026,9.9,9.92,9.85,9.86,313700
BDN,01-Sep-2026,3.01,3.05,2.97,2.99,1461600
BDX,01-Sep-2026,190.3,191.57,186.48,187.12,1279700
BE,01-Sep-2026,203.5,213.66,197.5,213.63,10790700
BEB.W,01-Sep-2026,0.2067,0.24,0.1855,0.1999,38400
BEKE,01-Sep-2026,17.57,17.92,17.525,17.74,3157200
BEN,01-Sep-2026,33.85,34.02,33.04,33.1,3414600
BEP,01-Sep-2026,31.5,31.625,30.73,31.27,851600
BEP-A,01-Sep-2026,16.83,17.0627,16.735,16.75,5100
BEPC,01-Sep-2026,31.92,31.97,31.21,31.64,1844600
BEPH,01-Sep-2026,15.05,15.18,14.955,15.01,39000
BEPI,01-Sep-2026,16.16,16.18,15.88,15.9,20700
BEPJ,01-Sep-2026,23.41,23.41,23.04,23.32,8600
BEPpA,01-Sep-2026,16.83,17.0627,16.735,16.75,4153
BETA,01-Sep-2026,19.61,20.4,19.3,19.64,1648300
BF.A,01-Sep-2026,27.59,27.59,26.83,27.01,114200
BF.B,01-Sep-2026,26.57,26.84,26.24,26.36,3182200
BFAM,01-Sep-2026,74.48,75.12,72.86,73.07,570400
BFH,01-Sep-2026,103,105.08,100.77,102.05,457200
BFH-A,01-Sep-2026,24.85,24.9,24.85,24.9,2700
BFH-B,01-Sep-2026,24.94,24.95,24.78,24.83,44800
BFLY,01-Sep-2026,8,8.19,7.8,8.18,5611200
BFS,01-Sep-2026,32.62,33,32.405,32.75,121200
BFS-D,01-Sep-2026,20.8,20.8,20.8,20.8,200
BFS-E,01-Sep-2026,21.15,21.15,21.045,21.07,800
BFSpD,01-Sep-2026,20.8,20.8,20.8,20.8,100
BFSpE,01-Sep-2026,21.15,21.15,21.045,21.07,647
BG,01-Sep-2026,117.99,121.5,117,121.04,1600300
BGB,01-Sep-2026,11.22,11.225,11.2,11.2,120200
BGH,01-Sep-2026,14.22,14.22,14.13,14.15,72000
BGR,01-Sep-2026,17.44,17.4848,17.25,17.43,100700
BGS,01-Sep-2026,3.47,3.56,3.45,3.49,2170400
BGSF,01-Sep-2026,5.36,5.36,5.07,5.16,25200
BGSI,01-Sep-2026,87.55,87.55,82.45,82.6,87200
BGT,01-Sep-2026,11.13,11.14,11.05,11.06,104500
BGX,01-Sep-2026,10.73,10.7984,10.7,10.73,104500
BGY,01-Sep-2026,5.92,5.94,5.88,5.88,236900
BH,01-Sep-2026,390,391.22,377.5,390.01,292500
BH.A,01-Sep-2026,1968.68,1978.74,1922.5,1972.44,23000
BHC,01-Sep-2026,6.39,6.74,6.34,6.47,2562800
BHE,01-Sep-2026,69.65,70.85,68.65,70.48,488500
BHK,01-Sep-2026,9.05,9.05,8.9,8.9,290200
BHP,01-Sep-2026,93.03,94.29,92.735,92.82,2681300
BHR,01-Sep-2026,2.02,2.02,1.895,1.93,1186600
BHR-B,01-Sep-2026,13.16,13.275,13.14,13.19,7500
BHR-D,01-Sep-2026,17.12,17.14,17.0101,17.1,3300
BHRpB,01-Sep-2026,13.16,13.275,13.14,13.19,6411
BHRpD,01-Sep-2026,17.12,17.14,17.0101,17.0101,2588
BHV,01-Sep-2026,12.72,12.72,12.46,12.58,2800
BHVN,01-Sep-2026,15.39,16.0395,14.88,15.74,2480200
BII.W,01-Sep-2026,0.41,0.41,0.41,0.41,1200
BIII,01-Sep-2026,10.06,10.065,10.05,10.055,1139800
BILL,01-Sep-2026,48.64,49.05,47.51,47.62,1582000
BIO,01-Sep-2026,387.88,387.88,380.27,380.96,256100
BIP,01-Sep-2026,37.28,37.66,36.36,37.11,1496300
BIP-A,01-Sep-2026,17.16,17.1601,16.98,17.01,4300
BIP-B,01-Sep-2026,16.64,16.65,16.5,16.5477,18200
BIPC,01-Sep-2026,38.14,38.16,36.65,37.39,1636200
BIPH,01-Sep-2026,15.8,15.9777,15.65,15.67,15400
BIPI,01-Sep-2026,16.74,16.74,16.4,16.55,16100
BIPJ,01-Sep-2026,24.21,24.21,23.45,23.79,13200
BIPpA,01-Sep-2026,17.16,17.1601,16.98,17.01,4011
BIPpB,01-Sep-2026,16.64,16.65,16.5,16.5477,16717
BIRK,01-Sep-2026,34.52,34.835,33.945,34.25,1638800
BIT,01-Sep-2026,11.91,11.9428,11.89,11.89,242000
BJ,01-Sep-2026,91,93.71,90.545,91.48,1773700
BKD,01-Sep-2026,11.85,12.08,11.805,11.9,6897100
BKE,01-Sep-2026,42.21,42.85,42.05,42.47,572300
BKH,01-Sep-2026,71.94,72.63,71.66,72.4,594700
BKK.W,01-Sep-2026,0.0305,0.0305,0.0302,0.0302,1300
BKKT,01-Sep-2026,7.42,7.55,7.12,7.26,909700
BKKT.WS,01-Sep-2026,0.0305,0.0305,0.0302,0.0302,1335
BKSY,01-Sep-2026,23.02,23.1,21.31,21.45,860500
BKT,01-Sep-2026,10.31,10.36,10.22,10.22,84800
BKU,01-Sep-2026,45.25,45.7993,44.58,44.74,894000
BKV,01-Sep-2026,24.39,25.18,24.1901,25.12,667500
BLCO,01-Sep-2026,17.65,17.9463,17.63,17.88,645400
BLDR,01-Sep-2026,65.43,65.98,62.31,62.79,3769800
BLK,01-Sep-2026,1142.01,1149.14,1124.15,1128.1,575700
BLND,01-Sep-2026,1.53,1.585,1.5,1.55,1826800
BLSH,01-Sep-2026,32.7,33.86,32.46,33.06,1069200
BLW,01-Sep-2026,12.65,12.67,12.59,12.59,90500
BLX,01-Sep-2026,53.72,54.735,53.54,54.22,96700
BMA,01-Sep-2026,78,80.6999,77.265,78.41,340300
BME,01-Sep-2026,45.6,46.21,45.53,45.62,42100
BMEZ,01-Sep-2026,16.68,16.87,16.62,16.8,149100
BMI,01-Sep-2026,133.09,134.7,130.67,132.27,260900
BML-G,01-Sep-2026,18.57,18.615,18.4111,18.59,6600
BML-H,01-Sep-2026,18.59,18.6,18.505,18.54,17500
BML-J,01-Sep-2026,19.55,19.62,19.3813,19.56,29300
BML-L,01-Sep-2026,19.31,19.44,19.2201,19.43,25300
BMLpG,01-Sep-2026,18.57,18.615,18.4111,18.59,5587
BMLpH,01-Sep-2026,18.59,18.6,18.505,18.54,14708
BMLpJ,01-Sep-2026,19.5,19.62,19.3813,19.59,24002
BMLpL,01-Sep-2026,19.31,19.44,19.2201,19.43,23314
BMN,01-Sep-2026,26.4,26.4,25.95,26.04,3300
BMNP,01-Sep-2026,99.2,99.2,96.98,97.82,25100
BMNR,01-Sep-2026,24.39,24.58,23.055,23.37,40401500
BMO,01-Sep-2026,169.98,170.64,166.96,168.3,840900
BMY,01-Sep-2026,67.58,68.04,66.645,66.92,6933500
BN,01-Sep-2026,40.66,40.78,39.59,39.74,6310700
BNED,01-Sep-2026,11.92,12.035,11.71,11.79,295900
BNH,01-Sep-2026,14.82,15.0599,14.82,15,24600
BNJ,01-Sep-2026,14.94,14.99,14.8,14.86,29300
BNL,01-Sep-2026,20.89,20.99,20.53,20.82,1955200
BNS,01-Sep-2026,91.58,92.13,90.84,91.19,1977700
BNT,01-Sep-2026,40.9,40.9,39.59,39.66,12800
BNY,01-Sep-2026,160.41,161.95,159.41,160.51,3143300
BNY-K,01-Sep-2026,25.22,25.25,25.0998,25.23,31400
BOBS,01-Sep-2026,16.5,16.875,16.1,16.3,544500
BOC,01-Sep-2026,13.77,13.84,13.52,13.7,145800
BOE,01-Sep-2026,12.43,12.5,12.39,12.48,109500
BOH,01-Sep-2026,75.86,76.405,74.795,75.18,270500
BOH-A,01-Sep-2026,15.27,15.4,15.18,15.27,6300
BOH-B,01-Sep-2026,26.03,26.45,25.8,25.85,22400
BOHpA,01-Sep-2026,15.27,15.4,15.18,15.2,5120
BOHpB,01-Sep-2026,26.03,26.45,25.8,25.85,18101
BOND,01-Sep-2026,89.9,90.015,89.74,89.76,1761300
BOOT,01-Sep-2026,149.26,153.2,147.79,148.78,716700
BORR,01-Sep-2026,4.5,4.64,4.5,4.6,4079300
BOW,01-Sep-2026,33.56,33.61,33.55,33.61,408800
BOX,01-Sep-2026,35.69,35.89,34.895,35.16,4145700
BP,01-Sep-2026,43.81,44.55,43.585,44.47,16493500
BPRE,01-Sep-2026,12.1,12.29,11.98,12.02,693100
BR,01-Sep-2026,181.62,183.31,178.62,180.39,1141100
BRBR,01-Sep-2026,10.94,10.99,10.265,10.31,3973600
BRC,01-Sep-2026,90.51,91.6,89.785,90.39,226000
BRCC,01-Sep-2026,8.04,8.4,8,8.27,140900
BRCE,01-Sep-2026,30.12,30.12,30.0669,30.0669,100
BREE,01-Sep-2026,27.34,27.34,27.1454,27.1454,1100
BRIE,01-Sep-2026,31.05,31.13,30.8,30.88,123800
BRK.A,01-Sep-2026,757695.8,758795.4,752091,752091,100
BRK.B,01-Sep-2026,506,506.75,501.27,502.33,4846700
BRO,01-Sep-2026,72.74,73.09,71.51,72.05,1460100
BROL,01-Sep-2026,26.05,26.05,25.9369,25.9369,1600
BROS,01-Sep-2026,48.13,48.51,45.6,46.31,7246500
BRSL,01-Sep-2026,11.24,11.24,11.01,11.17,1993700
BRSP,01-Sep-2026,4.73,4.73,4.625,4.64,979900
BRT,01-Sep-2026,14.28,14.544,14.25,14.43,30100
BRW,01-Sep-2026,6.51,6.575,6.4938,6.5,241000
BRX,01-Sep-2026,28.97,29.41,28.91,29.26,2664600
BSAC,01-Sep-2026,34.57,35.25,34.56,34.87,375500
BSBR,01-Sep-2026,5.73,5.8,5.7,5.72,6401700
BSL,01-Sep-2026,12.99,13.02,12.9638,13.01,29400
BSM,01-Sep-2026,14.9,14.94,14.7838,14.9,133800
BST,01-Sep-2026,50.68,50.68,50.18,50.36,77300
BSTZ,01-Sep-2026,31.27,31.45,30.24,31.05,206900
BSX,01-Sep-2026,49.115,49.115,47.27,48.08,12004200
BTE,01-Sep-2026,4.95,5.0191,4.87,5,15866000
BTGO,01-Sep-2026,6.94,7.15,6.855,6.93,1469500
BTI,01-Sep-2026,56.17,56.725,55.8,55.92,3707300
BTO,01-Sep-2026,39.25,39.94,38.8,38.91,26700
BTT,01-Sep-2026,22.62,22.68,22.56,22.61,491500
BTU,01-Sep-2026,29.65,29.75,28.74,29.1,2152100
BTX,01-Sep-2026,8.89,8.935,8.79,8.91,543500
BTZ,01-Sep-2026,10.02,10.1,9.95,9.95,276400
BUD,01-Sep-2026,78.83,79.8,78.75,79.13,2477900
BUI,01-Sep-2026,26.78,26.78,26.44,26.44,46400
BUR,01-Sep-2026,4.14,4.295,4.088,4.21,1686100
BURL,01-Sep-2026,256,264.9799,253.65,262.15,2217500
BUXX,01-Sep-2026,20.18,20.19,20.175,20.182,236200
BV,01-Sep-2026,11.04,11.21,11.01,11.1,517200
BVN,01-Sep-2026,33.62,34.74,33.28,33.42,822900
BW,01-Sep-2026,7.31,7.397,6.81,6.84,7988200
BW-A,01-Sep-2026,22.01,22.68,22.01,22.18,6800
BWA,01-Sep-2026,64.08,64.28,63.035,63.54,1886700
BWG,01-Sep-2026,7.61,7.64,7.58,7.58,54700
BWIV,01-Sep-2026,9.91,9.96,9.91,9.951,900
BWLP,01-Sep-2026,24.28,24.68,23.15,24.21,807300
BWMX,01-Sep-2026,15.9,16,15.7,15.87,51300
BWpA,01-Sep-2026,22.01,22.68,22.01,22.18,4778
BWXT,01-Sep-2026,151,161.67,151,161.54,1967100
BX,01-Sep-2026,139.02,140.82,136.04,136.66,5145800
BXC,01-Sep-2026,78.26,79.37,73.99,74.77,117700
BXDC,01-Sep-2026,20,20.61,20,20.3,908300
BXMT,01-Sep-2026,13.81,13.86,13.72,13.81,2109600
BXP,01-Sep-2026,67.78,68.59,66.68,67.06,1358300
BXSL,01-Sep-2026,24.96,25.17,24.68,24.68,1040400
BY,01-Sep-2026,37.78,38.25,37.47,37.67,198800
BYD,01-Sep-2026,77.53,78.07,76.24,76.39,991900
BZH,01-Sep-2026,33.2,33.28,33.15,33.2,632900
C,01-Sep-2026,131.07,134.61,130.195,132.54,6949800
C-N,01-Sep-2026,26.15,26.53,26.15,26.42,308000
C-R,01-Sep-2026,24.19,24.25,24.08,24.1,156300
CAAP,01-Sep-2026,23.47,24.0778,23.0175,23.09,286600
CABO,01-Sep-2026,26.88,27.49,22.641,23.87,326200
CACI,01-Sep-2026,624.43,632.745,616.01,629.46,205700
CAF,01-Sep-2026,18.98,19.075,18.97,18.97,2400
CAG,01-Sep-2026,15.92,16.32,15.92,16.11,11953000
CAH,01-Sep-2026,236.85,240.75,236.025,239.35,1336300
CAL,01-Sep-2026,12.15,12.255,11.68,11.74,552600
CALX,01-Sep-2026,37.62,38.6538,37.33,37.7,643400
CALY,01-Sep-2026,15.58,15.94,15.41,15.53,1347100
CANG,01-Sep-2026,2.07,2.07,1.82,1.84,594700
CAPL,01-Sep-2026,23.25,23.4197,23.1,23.26,14900
CARR,01-Sep-2026,57.9,58.295,57.2,57.25,4854600
CARS,01-Sep-2026,11.6,11.63,11.4051,11.59,495600
CAT,01-Sep-2026,788.88,790.22,774.55,779.16,2948200
CATO,01-Sep-2026,2.65,2.71,2.61,2.61,66400
CAVA,01-Sep-2026,65,65.25,61,61.08,3310600
CB,01-Sep-2026,340.9,342.99,337.77,338.74,1208400
CBAN,01-Sep-2026,21.07,21.23,20.92,20.97,94600
CBL,01-Sep-2026,54.83,55.295,53.43,53.8,336200
CBNA,01-Sep-2026,45.08,45.55,44.8837,45.25,23000
CBRE,01-Sep-2026,144.81,146.5799,142.985,144.46,1937900
CBT,01-Sep-2026,81.47,81.91,80.5,80.65,358200
CBU,01-Sep-2026,62.47,62.75,61.55,61.94,194800
CBZ,01-Sep-2026,54.6,54.6,54.4,54.41,1549100
CC,01-Sep-2026,15.36,15.5,14.97,15.1,2507700
CCI,01-Sep-2026,76.34,77.11,75.39,75.84,2483800
CCID,01-Sep-2026,24.96,25.03,24.96,25.03,2300
CCIF,01-Sep-2026,2.74,2.7812,2.66,2.68,75900
CCJ,01-Sep-2026,96,97.42,94.69,96.26,2211200
CCK,01-Sep-2026,116.38,117.74,115.835,116.66,681900
CCL,01-Sep-2026,23.6,23.97,23.075,23.23,25367100
CCM,01-Sep-2026,4.5,4.785,4.48,4.52,140400
CCO,01-Sep-2026,2.36,2.37,2.355,2.37,3850500
CCS,01-Sep-2026,66.88,67.17,64.68,64.86,568500
CCU,01-Sep-2026,11.71,11.92,11.37,11.46,123200
CDE,01-Sep-2026,19.79,21.1,19.76,20.2,42174400
CDLR,01-Sep-2026,25.46,25.53,25.2,25.2,76700
CDP,01-Sep-2026,36.14,36.425,35.45,35.52,1013100
CDR-B,01-Sep-2026,16.01,16.48,16.01,16.25,2200
CDR-C,01-Sep-2026,15.12,15.9,15.12,15.35,4200
CDRE,01-Sep-2026,29.37,30.18,28.1,28.45,367900
CDRpB,01-Sep-2026,16.01,16.48,16.01,16.25,1785
CDRpC,01-Sep-2026,15.12,15.9,15.12,15.35,3143
CE,01-Sep-2026,45.29,45.445,43.99,44.13,1371700
CEE,01-Sep-2026,19.75,20.04,19.7,19.8,12100
CEL-,01-Sep-2026,0.12,0.13,0.12,0.13,3700
CELGr,01-Sep-2026,0.122,0.13,0.12,0.13,3619
CEPU,01-Sep-2026,13.52,14.07,13.5,13.85,324200
CF,01-Sep-2026,132.07,135.77,129.63,135.6,3835800
CFG,01-Sep-2026,68.58,69.32,67.67,68.16,3504900
CFG-E,01-Sep-2026,18.15,18.2,17.85,18.2,88400
CFG-H,01-Sep-2026,25.87,25.95,25.8,25.87,87900
CFG-I,01-Sep-2026,24.82,24.82,24.56,24.8,61000
CFGpE,01-Sep-2026,18.15,18.19,17.85,18.16,81783
CFGpH,01-Sep-2026,25.87,25.95,25.8,25.87,78118
CFGpI,01-Sep-2026,24.82,24.82,24.56,24.79,38131
CFND,01-Sep-2026,2.83,2.89,2.73,2.73,144600
CFR,01-Sep-2026,160.43,161.81,157.95,158.32,529800
CFR-B,01-Sep-2026,16.7,16.7,16.32,16.35,12400
CFRpB,01-Sep-2026,16.7,16.7,16.32,16.36,9053
CFT-A,01-Sep-2026,25.15,25.28,25.05,25.25,11900
CGAU,01-Sep-2026,21.95,22.64,21.7362,21.78,1822300
CGV,01-Sep-2026,16.17,16.24,16.1301,16.15,12100
CHCT,01-Sep-2026,14.7,15.005,14.7,14.89,321600
CHD,01-Sep-2026,99.96,101.295,99.04,99.43,2032100
CHE,01-Sep-2026,521.72,534.1689,514.675,515.17,142200
CHGG,01-Sep-2026,0.8116,0.8298,0.752,0.793,1128200
CHH,01-Sep-2026,102.8,103.62,97.91,98.12,746400
CHM-A,01-Sep-2026,22.12,22.12,21.9466,22.09,5000
CHM-B,01-Sep-2026,24,24.025,23.9501,23.9902,1900
CHMI,01-Sep-2026,2.94,2.95,2.92,2.93,170400
CHMIpA,01-Sep-2026,22.12,22.12,21.9466,22.09,4126
CHMIpB,01-Sep-2026,24,24.025,23.9501,23.9902,1690
CHPT,01-Sep-2026,5.5,5.5,5.27,5.3,638600
CHT,01-Sep-2026,43.21,43.5,42.93,43.24,217800
CHWY,01-Sep-2026,23.61,23.99,23.48,23.72,7235900
CI,01-Sep-2026,279.66,283.555,278.71,283.06,1304700
CIA,01-Sep-2026,3.73,3.89,3.73,3.81,110700
CIB,01-Sep-2026,95.9,97.145,94.42,96.25,435800
CICB,01-Sep-2026,25.04,25.235,25.04,25.13,3200
CICC,01-Sep-2026,24.99,25.05,24.835,25.05,800
CIEN,01-Sep-2026,376.89,381.595,356.4,360.33,2261300
CIG,01-Sep-2026,2.03,2.1,2.03,2.06,5240800
CIG.C,01-Sep-2026,3.14,3.25,3.14,3.1705,1800
CII,01-Sep-2026,24.41,24.61,24.36,24.41,63100
CIM,01-Sep-2026,11.45,11.45,11.3,11.3,958200
CIM-A,01-Sep-2026,21.69,21.69,21.34,21.45,17900
CIM-B,01-Sep-2026,24.32,24.35,24.06,24.15,31600
CIM-C,01-Sep-2026,23,23.18,22.728,22.728,10300
CIM-D,01-Sep-2026,24.09,24.175,23.95,23.96,18000
CIMN,01-Sep-2026,25.15,25.24,25.15,25.2399,6500
CIMO,01-Sep-2026,25.27,25.29,25.25,25.275,16400
CIMP,01-Sep-2026,25.01,25.36,25.01,25.23,2600
CIMpA,01-Sep-2026,21.69,21.69,21.34,21.45,13478
CIMpB,01-Sep-2026,24.4,24.4,24.06,24.15,28043
CIMpC,01-Sep-2026,22.4,23.18,22.4,22.728,7637
CIMpD,01-Sep-2026,24.09,24.175,23.95,23.96,15136
CINT,01-Sep-2026,3.44,3.46,3.335,3.39,71000
CION,01-Sep-2026,7.45,7.55,7.405,7.42,446300
CL,01-Sep-2026,90.37,91.435,89.46,89.63,4582900
CLB,01-Sep-2026,12.48,12.61,12.28,12.39,598600
CLB.W,01-Sep-2026,0.8963,0.8963,0.8125,0.8125,19300
CLD-A,01-Sep-2026,20.13,20.4,20.13,20.23,11700
CLDT,01-Sep-2026,12.99,13.14,12.93,13.08,268600
CLDTpA,01-Sep-2026,20.13,20.4,20.13,20.23,10827
CLF,01-Sep-2026,11.31,11.775,11.27,11.54,10261900
CLH,01-Sep-2026,316.27,318.99,313.82,315.25,364300
CLPR,01-Sep-2026,3.28,3.28,3.19,3.25,52400
CLS,01-Sep-2026,293.88,296.98,287.5,292.59,1438600
CLVT,01-Sep-2026,2.03,2.17,2,2.04,2831300
CLW,01-Sep-2026,20.85,21.23,20.65,20.77,110300
CLX,01-Sep-2026,97.62,98.85,94.89,94.97,3361500
CM,01-Sep-2026,113.66,113.94,111.35,112.42,1335700
CMBT,01-Sep-2026,18.28,18.55,18.11,18.27,964200
CMC,01-Sep-2026,66.41,68.02,65.7116,67.14,677200
CMCM,01-Sep-2026,3.39,3.39,3.21,3.21,3100
CMDB,01-Sep-2026,20.4,20.8899,20.2301,20.45,35200
CMG,01-Sep-2026,38.13,38.36,37.4,37.51,10545100
CMI,01-Sep-2026,557.9,561.59,550.02,551.15,1102000
CMP,01-Sep-2026,24.34,24.75,24.17,24.43,452000
CMR-B,01-Sep-2026,25.49,25.495,25.2286,25.35,7400
CMR-C,01-Sep-2026,26.7,27.0999,26.6893,26.82,2600
CMR-D,01-Sep-2026,26.84,26.84,26.84,26.84,400
CMRE,01-Sep-2026,15.33,15.615,15.17,15.37,455800
CMREpB,01-Sep-2026,25.49,25.495,25.2286,25.35,6404
CMREpC,01-Sep-2026,26.7,27.0999,26.6893,26.82,2018
CMREpD,01-Sep-2026,26.84,26.84,26.84,26.84,0
CMS,01-Sep-2026,68.46,68.7,67.57,67.96,2749800
CMS-B,01-Sep-2026,75.91,75.91,75.91,75.91,1100
CMS-C,01-Sep-2026,16.25,16.385,15.88,16.04,14300
CMSA,01-Sep-2026,20.01,20.0999,19.68,19.71,19500
CMSC,01-Sep-2026,21.1,21.305,20.99,20.99,17900
CMSD,01-Sep-2026,21.12,21.4599,20.75,20.78,41200
CMSpB,01-Sep-2026,75.91,75.91,75.91,75.91,140
CMSpC,01-Sep-2026,16.25,16.385,15.88,16.04,9730
CMTG,01-Sep-2026,1.62,1.62,1.435,1.47,2719800
CNA,01-Sep-2026,48.77,49.1579,48.25,48.68,515900
CNC,01-Sep-2026,64.72,66.47,64.69,65.23,4564200
CNF,01-Sep-2026,2.175,2.2499,2.1101,2.2499,1700
CNH,01-Sep-2026,11.8,12.59,11.79,12.5,30934100
CNI,01-Sep-2026,124.58,124.58,119.615,120.42,1627500
CNK,01-Sep-2026,35.5,35.61,34.71,34.78,3563200
CNM,01-Sep-2026,42.4,42.835,41.87,42.07,2174000
CNMD,01-Sep-2026,49.79,50.13,49,49.12,269000
CNNE,01-Sep-2026,15.4,15.71,15.4,15.44,418000
CNO,01-Sep-2026,54.98,55.32,54.37,54.54,2004200
CNO-A,01-Sep-2026,16.3,16.46,16.2,16.3,2200
CNOpA,01-Sep-2026,16.3,16.46,16.2,16.35,1600
CNP,01-Sep-2026,39.79,39.95,39.235,39.47,5945600
CNQ,01-Sep-2026,50.765,52.02,50.64,51.81,6152500
CNR,01-Sep-2026,103.05,103.42,100.91,101.24,477200
CNS,01-Sep-2026,80.1,81.9899,77.44,77.49,248700
CNX,01-Sep-2026,36.4,37.62,36.35,37.56,1446500
COD-A,01-Sep-2026,19.79,19.93,19.72,19.805,2100
COD-B,01-Sep-2026,22.21,22.27,22.16,22.27,12500
COD-C,01-Sep-2026,22.1,22.13,22.1,22.13,1900
CODI,01-Sep-2026,11.5,11.66,11.41,11.42,985000
CODIpA,01-Sep-2026,19.79,19.93,19.72,19.805,1705
CODIpB,01-Sep-2026,22.21,22.27,22.16,22.27,8496
CODIpC,01-Sep-2026,22.1,22.13,22.1,22.13,1026
COF,01-Sep-2026,214.1,215.935,210.52,211.34,3123900
COF-I,01-Sep-2026,17.48,17.67,17.34,17.36,209800
COF-J,01-Sep-2026,16.75,16.94,16.67,16.67,124500
COF-K,01-Sep-2026,16.2,16.3,16,16.05,11900
COF-L,01-Sep-2026,15.26,15.42,15.1,15.23,134500
COF-N,01-Sep-2026,15.17,15.28,15.06,15.09,116500
COFpI,01-Sep-2026,17.48,17.67,17.34,17.4,185599
COFpJ,01-Sep-2026,16.75,16.94,16.67,16.68,105911
COFpK,01-Sep-2026,16.2,16.3,16,16.05,9645
COFpL,01-Sep-2026,15.26,15.42,15.1,15.23,113837
COFpN,01-Sep-2026,15.17,15.28,15.06,15.08,79916
COHR,01-Sep-2026,270.5,276.04,264.6386,272.03,5518400
COLD,01-Sep-2026,14.91,15.05,14.685,14.74,4141900
COMP,01-Sep-2026,10.3,10.645,10.25,10.33,12261700
CON,01-Sep-2026,33.98,34.34,33.805,33.89,587200
COOK,01-Sep-2026,55.2,55.2,52.52,53.32,15400
COP,01-Sep-2026,135,136.3,133.6373,136.19,6419200
COR,01-Sep-2026,325.97,331.65,325.92,330.97,1518500
COSO,01-Sep-2026,27.36,27.4999,27,27.19,80200
COTY,01-Sep-2026,2.81,2.8851,2.785,2.84,5104600
COUR,01-Sep-2026,6.42,6.455,6.16,6.18,3747300
CP,01-Sep-2026,92.5,92.525,88.525,88.97,2057400
CPA,01-Sep-2026,124.65,127.02,124.56,125.49,264900
CPAC,01-Sep-2026,12.54,12.54,12.295,12.37,6000
CPAI,01-Sep-2026,51.66,51.6699,51.2,51.3,74700
CPAY,01-Sep-2026,402.93,408.26,401.835,404.81,474400
CPF,01-Sep-2026,37.08,37.69,36.76,36.89,179600
CPK,01-Sep-2026,134.36,134.94,131.43,132.3,144000
CPN,01-Sep-2026,26.12,26.53,26.12,26.32,230065
CPNG,01-Sep-2026,15.76,16.085,15.685,15.8,17146700
CPRI,01-Sep-2026,12.99,13.165,12.76,12.79,3782000
CPS,01-Sep-2026,26.37,26.42,25.05,25.25,273800
CPT,01-Sep-2026,106.1,106.52,105.465,105.96,864300
CQP,01-Sep-2026,70.76,70.96,69.5,70.32,112100
CR,01-Sep-2026,203.08,205,199.41,200.01,502300
CRBD,01-Sep-2026,21.27,21.5,20.83,20.97,55800
CRBG,01-Sep-2026,32.53,32.75,31.96,32.17,2759700
CRC,01-Sep-2026,53.79,53.93,53.145,53.88,709300
CRCL,01-Sep-2026,92.13,93.3,88.11,89.48,13697600
CRD.A,01-Sep-2026,13.03,13.39,12.785,12.85,24600
CRD.B,01-Sep-2026,12.24,12.25,11.9,11.99,9800
CRGY,01-Sep-2026,14,14.09,13.8,14.07,6269100
CRH,01-Sep-2026,93.44,94.28,91.01,91.2,6082000
CRI,01-Sep-2026,31.27,32.68,31.2,32,1489600
CRK,01-Sep-2026,15.82,16.12,14.9,16.02,11246500
CRL,01-Sep-2026,289.26,290.5299,280.91,282.34,705700
CRM,01-Sep-2026,255.01,262.32,254.25,258.11,15897500
CRS,01-Sep-2026,473.02,476.36,466.06,473.06,648100
CRT,01-Sep-2026,10.4,10.57,10.4,10.53,10900
CSAN,01-Sep-2026,2.98,3.13,2.965,2.99,4703400
CSL,01-Sep-2026,342.77,347.74,334.35,334.85,500300
CSQR,01-Sep-2026,19.27,19.805,18.02,18.35,1165300
CSR,01-Sep-2026,52.99,53.06,52.125,52.39,91800
CSTM,01-Sep-2026,26.37,27.21,25.91,26.91,1426900
CSV,01-Sep-2026,34.03,34.08,33.09,33.11,112300
CSW,01-Sep-2026,305.56,315.15,299.61,300.82,108400
CTA-A,01-Sep-2026,52.42,52.42,52.42,52.42,100
CTA-B,01-Sep-2026,65.25,65.5,65,65.5,900
CTApA,01-Sep-2026,52.42,52.42,52.42,52.42,100
CTApB,01-Sep-2026,65.25,65.5,65,65.5,500
CTEV,01-Sep-2026,39.43,40.82,38.83,39.35,134800
CTGG,01-Sep-2026,16.63,16.63,16.301,16.38,28500
CTHH,01-Sep-2026,16.86,17.1,16.86,16.9,28900
CTO,01-Sep-2026,21.35,21.5,21.34,21.5,271500
CTO-A,01-Sep-2026,21.5,21.5,21.5,21.5,1800
CTOpA,01-Sep-2026,21.5,21.5,21.5,21.5,1421
CTOS,01-Sep-2026,9.11,9.12,8.79,8.87,1699000
CTRE,01-Sep-2026,39.16,39.95,39.05,39.93,2057500
CTRI,01-Sep-2026,20.28,20.6,20.021,20.49,1708200
CTS,01-Sep-2026,56.29,56.495,55.26,56.24,189900
CTVA,01-Sep-2026,85.49,87.84,85.29,87.73,5567600
CUBB,01-Sep-2026,21.91,21.91,21.73,21.7828,3200
CUBE,01-Sep-2026,39.7,40.01,39.418,39.73,2306300
CUBI,01-Sep-2026,77.62,78.195,75.8896,76.42,248300
CURB,01-Sep-2026,29.84,30.12,29.465,29.59,1544400
CURV,01-Sep-2026,2.15,2.215,2.13,2.18,88700
CUZ,01-Sep-2026,28.92,29.06,28.48,28.57,1727300
CVE,01-Sep-2026,32.61,33.21,32.39,33.13,5840500
CVEO,01-Sep-2026,33.39,33.39,32.87,33.19,62500
CVI,01-Sep-2026,42.94,43.15,41.14,42.87,1096900
CVLG,01-Sep-2026,35.08,35.32,33.28,34.19,381200
CVNA,01-Sep-2026,72.11,72.26,70.64,72.18,5621600
CVS,01-Sep-2026,94.99,97.61,94.68,97.6,8614400
CVSA,01-Sep-2026,133.12,137.22,132.95,133.58,305600
CVX,01-Sep-2026,209,211.08,207.8,211.05,8558900
CW,01-Sep-2026,579.16,583.59,572.05,577.99,344000
CWEN,01-Sep-2026,31.15,31.65,30.97,31.52,1496000
CWH,01-Sep-2026,6.33,6.63,6.23,6.49,1737000
CWK,01-Sep-2026,13.33,13.59,13.16,13.39,2179500
CWT,01-Sep-2026,50.21,50.295,49.49,49.74,472500
CX,01-Sep-2026,10.71,10.77,10.41,10.45,4165200
CXM,01-Sep-2026,8.08,8.18,7.545,7.6,12009000
CXT,01-Sep-2026,48.23,49.9325,48.23,49.16,524400
CXW,01-Sep-2026,33.44,33.45,31.73,32.72,2194800
CYD,01-Sep-2026,37.81,38.799,36.3,36.73,102400
CYH,01-Sep-2026,2.91,2.95,2.885,2.93,1128200
D,01-Sep-2026,66.25,66.66,65.68,66.38,4469800
DAC,01-Sep-2026,151.4,152,148.9168,151.09,102200
DAL,01-Sep-2026,77.51,78.19,75.99,76.38,6568500
DAN,01-Sep-2026,29.92,29.92,29.06,29.37,1340900
DAO,01-Sep-2026,16.34,16.95,15.6,16.39,286600
DAR,01-Sep-2026,66.335,67.8675,65.355,67.7,3209900
DAVA,01-Sep-2026,3.3,3.33,3.1,3.1,266200
DB,01-Sep-2026,39.55,40.095,39.46,39.58,2205500
DBD,01-Sep-2026,67.59,67.59,66.35,66.65,194400
DBI,01-Sep-2026,5.31,5.43,5.14,5.22,589000
DBL,01-Sep-2026,14.08,14.2,14.0604,14.1,88900
DBR-H,01-Sep-2026,15.255,15.3,15.0101,15.055,20200
DBR-I,01-Sep-2026,15.32,15.399,15.2,15.2,47400
DBR-J,01-Sep-2026,15.48,15.5941,15.4101,15.4635,14400
DBRG,01-Sep-2026,15.92,15.93,15.88,15.91,5692000
DBRGpH,01-Sep-2026,15.255,15.3,15.0101,15.055,13969
DBRGpI,01-Sep-2026,15.325,15.399,15.2,15.2,41678
DBRGpJ,01-Sep-2026,15.48,15.5941,15.4101,15.4635,8340
DCBG,01-Sep-2026,26.87,26.87,26.51,26.51,400
DCH,01-Sep-2026,6.19,6.385,6.065,6.08,2707700
DCI,01-Sep-2026,90.21,90.9899,89.28,89.76,532900
DCO,01-Sep-2026,171.24,173.06,168.09,168.75,185600
DCO-,01-Sep-2026,17.34,17.34,17.14,17.25,12700
DCOM,01-Sep-2026,40.23,40.39,39.34,39.45,401300
DD,01-Sep-2026,133.52,134.035,131.56,132.11,982900
DDD,01-Sep-2026,3.54,3.59,3.26,3.29,4609500
DDL,01-Sep-2026,2.27,2.329,2.23,2.3,201900
DDS,01-Sep-2026,626,637.6799,620.4076,626.36,340000
DDT,01-Sep-2026,26.05,26.16,26.05,26.1599,7700
DE,01-Sep-2026,655.34,677.89,654.05,676.08,2311000
DEA,01-Sep-2026,24.55,24.69,24.375,24.51,259500
DEC,01-Sep-2026,15.17,15.36,14.89,15.36,1065800
DECK,01-Sep-2026,86.34,86.925,83.93,84.58,2863300
DEI,01-Sep-2026,11.5,11.565,11.29,11.41,1734400
DELL,01-Sep-2026,455.69,463,421.8901,425,15947900
DEO,01-Sep-2026,90.3,91.17,89.865,90.06,949800
DFH,01-Sep-2026,13.91,14.125,13.5195,13.71,572400
DFIN,01-Sep-2026,47.79,49,47.7,48.16,224500
DFP,01-Sep-2026,20.55,20.55,20.3701,20.42,89000
DG,01-Sep-2026,127.15,131.78,126.215,131.09,3879100
DGA.U,01-Sep-2026,10.08,10.08,10.07,10.08,3100
DGAC,01-Sep-2026,9.98,9.98,9.98,9.98,46600
DGX,01-Sep-2026,242.72,243.72,235.625,236.22,813300
DHF,01-Sep-2026,2.35,2.375,2.35,2.37,394100
DHI,01-Sep-2026,143.13,144.43,141.02,141.37,2006800
DHR,01-Sep-2026,214.74,215,206.55,206.93,3149200
DHT,01-Sep-2026,19.66,19.9249,19.45,19.69,2437400
DHX,01-Sep-2026,4.23,4.5299,4.23,4.47,449300
DIN,01-Sep-2026,32.51,33.05,32.14,32.5,330600
DINO,01-Sep-2026,102.79,103.99,100.99,103.97,2679900
DIS,01-Sep-2026,107.24,108.95,106.14,106.22,7034700
DIVY,01-Sep-2026,30.9,30.9001,30.78,30.8292,1600
DK,01-Sep-2026,76.98,77.4,70.12,73.34,2004900
DKL,01-Sep-2026,55.25,56.17,55.25,56.01,82500
DKS,01-Sep-2026,133.21,134.27,130.67,132.95,3550600
DLB,01-Sep-2026,60.96,61.78,60.02,61.43,1073500
DLN-A,01-Sep-2026,26.68,26.68,26.5142,26.6374,1900
DLNG,01-Sep-2026,3.88,3.88,3.79,3.79,77600
DLNGpA,01-Sep-2026,26.68,26.68,26.5142,26.6374,1566
DLR,01-Sep-2026,185.67,186.97,181.92,183.27,2188800
DLR-J,01-Sep-2026,19.67,19.67,19.31,19.39,18800
DLR-K,01-Sep-2026,22.3,22.3,22.06,22.14,12000
DLR-L,01-Sep-2026,19.45,19.48,19.07,19.075,16300
DLRpJ,01-Sep-2026,19.67,19.67,19.31,19.4,13477
DLRpK,01-Sep-2026,22.3,22.3,22.06,22.14,7228
DLRpL,01-Sep-2026,19.45,19.48,19.07,19.075,12318
DLX,01-Sep-2026,23.17,23.32,22.67,22.83,515800
DLY,01-Sep-2026,13.85,13.87,13.78,13.78,197800
DMA,01-Sep-2026,7.64,7.64,7.57,7.595,11200
DMB,01-Sep-2026,10.62,10.6299,10.48,10.48,47200
DMC,01-Sep-2026,31.78,32.34,31.57,32.14,369700
DMO,01-Sep-2026,10.26,10.275,10.2,10.2,24200
DNA,01-Sep-2026,6.66,6.985,6.62,6.93,1810500
DNOW,01-Sep-2026,16.05,16.13,15.82,15.88,1859900
DNP,01-Sep-2026,10.81,10.87,10.7672,10.8,645800
DOC,01-Sep-2026,20.8,21.03,20.66,20.82,4503800
DOCN,01-Sep-2026,108.71,109.985,105.19,108.92,2120800
DOCS,01-Sep-2026,26.33,27.03,26.21,26.35,2029400
DOLE,01-Sep-2026,13.87,14.035,13.85,13.85,1166000
DOUG,01-Sep-2026,1.83,1.84,1.76,1.77,315500
DOV,01-Sep-2026,193.07,194.495,189.3,189.93,1468500
DOW,01-Sep-2026,30.7,30.85,30.075,30.46,7679200
DPC,01-Sep-2026,42.25,43.12,40.78,41.48,1138900
DPG,01-Sep-2026,14.43,14.445,14.32,14.33,48700
DQ,01-Sep-2026,12.9,13.385,12.87,12.96,873600
DRD,01-Sep-2026,27.14,28.06,27.11,27.71,339300
DRI,01-Sep-2026,214.11,217.1319,213.77,215.56,1020500
DRLL,01-Sep-2026,41.69,41.94,41.3601,41.91,15200
DSL,01-Sep-2026,10.64,10.64,10.535,10.58,710800
DSM,01-Sep-2026,5.82,5.82,5.78,5.78,149300
DSMC,01-Sep-2026,44.09,44.095,43.7722,43.7722,2100
DSTX,01-Sep-2026,36.13,36.13,35.8348,35.8348,2200
DSU,01-Sep-2026,9.46,9.4799,9.42,9.42,190700
DSX,01-Sep-2026,2.74,2.77,2.7,2.75,461800
DSX-B,01-Sep-2026,27.467,27.467,27.467,27.467,600
DSX.W,01-Sep-2026,0.57,0.64,0.55,0.625,4700
DSX.WS,01-Sep-2026,0.57,0.64,0.55,0.625,3839
DSXpB,01-Sep-2026,27.467,27.467,27.467,27.467,500
DT,01-Sep-2026,53.81,54.355,52.64,52.86,4910300
DTB,01-Sep-2026,15.77,15.77,15.6,15.61,23500
DTE,01-Sep-2026,136.59,137.022,135,136.06,1050300
DTF,01-Sep-2026,11.58,11.58,11.51,11.545,2400
DTG,01-Sep-2026,15.97,16.0699,15.67,15.755,20100
DTK,01-Sep-2026,22.93,23.22,22.13,22.84,40100
DTM,01-Sep-2026,131.5,131.92,128.69,129.99,739700
DTW,01-Sep-2026,19.48,19.6,19.16,19.27,22100
DUK,01-Sep-2026,120.48,121.25,119.76,120.39,3175100
DUK-A,01-Sep-2026,23.78,23.99,23.68,23.73,108500
DUKB,01-Sep-2026,22,22.23,21.8,21.95,35300
DUKpA,01-Sep-2026,23.85,23.99,23.68,23.73,98442
DUKU,01-Sep-2026,49.51,49.89,49.51,49.88,662500
DV,01-Sep-2026,13.36,13.38,13.35,13.36,1417200
DVA,01-Sep-2026,176.32,179.0425,175.47,176.14,672600
DVN,01-Sep-2026,49.23,49.285,48.425,49.05,10285200
DX,01-Sep-2026,12.84,12.88,12.71,12.74,4884000
DX-C,01-Sep-2026,25.85,25.86,25.825,25.83,3600
DXC,01-Sep-2026,11.21,11.38,11.03,11.16,1861500
DXpC,01-Sep-2026,25.85,25.86,25.825,25.825,2528
DXYZ,01-Sep-2026,31.36,31.79,30.19,31.6,1115500
DY,01-Sep-2026,289.16,293.95,284.5,287.3,605500
E,01-Sep-2026,54.95,55.71,54.63,55.53,482500
EAF,01-Sep-2026,7.07,7.69,6.99,7.11,358800
EAI,01-Sep-2026,19.51,19.745,19.5,19.52,28900
EARN,01-Sep-2026,4.35,4.4414,4.3,4.31,355500
EAT,01-Sep-2026,226.63,234.47,226.3,233.98,987600
EBF,01-Sep-2026,21.32,21.36,21.02,21.09,101400
EBS,01-Sep-2026,6.16,6.285,5.995,6.22,972400
EC,01-Sep-2026,16.99,17.56,16.74,17.45,2889000
ECAT,01-Sep-2026,15.32,15.4605,15.18,15.18,506700
ECC,01-Sep-2026,3.95,3.9599,3.86,3.88,800600
ECC-D,01-Sep-2026,18.5,18.68,18.5,18.6699,6600
ECCC,01-Sep-2026,25.3,25.3,25.005,25.05,5800
ECCpD,01-Sep-2026,18.5,18.68,18.5,18.6699,5621
ECCU,01-Sep-2026,25.49,25.79,25.49,25.62,15800
ECCV,01-Sep-2026,24.16,24.35,24.16,24.195,3100
ECG,01-Sep-2026,113.61,115.5,111.25,113.7,621100
ECL,01-Sep-2026,282.71,284.21,279.32,280.25,1356500
ECO,01-Sep-2026,67.58,68.5099,66.8699,67.96,445300
ECVT,01-Sep-2026,10.1,10.18,9.95,10.1,1196600
ED,01-Sep-2026,108,108.28,107.11,107.7,1863100
EDD,01-Sep-2026,5.88,5.89,5.78,5.79,268600
EDF,01-Sep-2026,5.22,5.24,5.19,5.23,52000
EDN,01-Sep-2026,23.53,24.21,23.0405,23.71,92200
EDU,01-Sep-2026,58.41,59.6,57.95,59.06,1351900
EE,01-Sep-2026,39.72,40,38.5,39.01,277200
EEA,01-Sep-2026,11.11,11.19,11.01,11.01,16300
EFC,01-Sep-2026,13.34,13.42,13.24,13.26,1234500
EFC-B,01-Sep-2026,25.12,25.18,25.095,25.14,3100
EFC-C,01-Sep-2026,25.4779,25.595,25.4779,25.53,1100
EFC-D,01-Sep-2026,23.23,23.5278,23.23,23.5278,1200
EFCpB,01-Sep-2026,25.12,25.18,25.095,25.14,2163
EFCpC,01-Sep-2026,25.4779,25.595,25.4779,25.53,1136
EFCpD,01-Sep-2026,23.23,23.5278,23.23,23.5278,1100
EFOR,01-Sep-2026,32.42,33.09,30.17,30.28,676500
EFR,01-Sep-2026,10.54,10.56,10.49,10.5,122900
EFT,01-Sep-2026,10.67,10.6996,10.635,10.64,117500
EFX,01-Sep-2026,187.89,190.07,185.24,186.2,808200
EFXT,01-Sep-2026,20.47,20.56,19.98,20.36,1131300
EG,01-Sep-2026,377.5,383.77,377.2,378.61,369200
EGO,01-Sep-2026,43,43.79,42.1898,42.86,5165600
EGP,01-Sep-2026,200.33,201.13,199.04,200.07,407800
EGY,01-Sep-2026,6.01,6.025,5.91,5.99,1429000
EHC,01-Sep-2026,121.34,122.585,120.13,122.05,1034800
EHI,01-Sep-2026,5.71,5.73,5.68,5.69,378000
EIC,01-Sep-2026,9.98,10.03,9.95,10,127700
EICA,01-Sep-2026,25,25,24.975,24.975,300
EIG,01-Sep-2026,49.24,49.68,48.75,49.12,147800
EIIA,01-Sep-2026,25.14,25.2,25.14,25.17,1400
EIX,01-Sep-2026,54.01,59.81,52.5,58.8,24605000
EL,01-Sep-2026,101.32,102.17,99.24,100,2910700
ELAN,01-Sep-2026,24.04,24.395,23.9,23.91,3946800
ELC,01-Sep-2026,19.63,19.65,19.3903,19.51,15500
ELF,01-Sep-2026,108.06,110,105.355,105.54,1716800
ELLA,01-Sep-2026,25.42,25.42,25.22,25.41,10900
ELME,01-Sep-2026,1.69,1.71,1.67,1.68,922700
ELPC,01-Sep-2026,11.52,11.94,11.52,11.76,523800
ELS,01-Sep-2026,63.58,64,62.91,63.16,1576300
ELV,01-Sep-2026,396.44,404.82,393.575,403.04,1101900
EMA,01-Sep-2026,49.78,50.39,49.7,50.1,300300
EMBJ,01-Sep-2026,71.51,73.12,71.29,71.71,1376900
EMD,01-Sep-2026,10.6,10.6,10.5,10.51,131200
EME,01-Sep-2026,730.25,738.02,722.08,735.25,354500
EMF,01-Sep-2026,22.4,22.8495,22.3371,22.46,59700
EMN,01-Sep-2026,71.69,71.94,69.955,70.14,998900
EMO,01-Sep-2026,54.69,56.17,54.275,55.87,96800
EMP,01-Sep-2026,20,20.005,19.9,19.9,8400
EMR,01-Sep-2026,151.48,152.26,146.97,147.63,2700300
ENB,01-Sep-2026,50.75,51,50.065,50.72,5870100
ENHA,01-Sep-2026,1.59,1.615,1.53,1.54,613400
ENIC,01-Sep-2026,4.31,4.3691,4.31,4.31,1014200
ENJ,01-Sep-2026,19.53,19.53,19.53,19.53,100
ENO,01-Sep-2026,20.84,20.9774,20.8,20.855,2500
ENOV,01-Sep-2026,24.49,24.55,20.52,20.53,4226000
ENR,01-Sep-2026,21.56,21.7809,20.24,20.77,1029700
ENS,01-Sep-2026,182.64,183.75,178.68,181.09,734100
ENVA,01-Sep-2026,226.5,227.49,220.97,221.14,397000
EOD,01-Sep-2026,6.65,6.65,6.58,6.58,96200
EOG,01-Sep-2026,147.61,148.765,145.8,148.35,3783600
EOI,01-Sep-2026,19.93,20.0499,19.92,19.93,63500
EOS,01-Sep-2026,21.58,21.58,21.38,21.43,115800
EOT,01-Sep-2026,17.08,17.275,16.95,16.96,34900
EP-C,01-Sep-2026,50.32,50.36,50.32,50.36,600
EPAC,01-Sep-2026,36.96,37.13,36.32,36.63,384300
EPAM,01-Sep-2026,116.78,119.59,115.72,116.34,1111200
EPC,01-Sep-2026,28.57,28.94,27.74,27.94,449700
EPD,01-Sep-2026,39.21,39.41,39.09,39.28,2295400
EPpC,01-Sep-2026,50.32,50.36,50.32,50.36,484
EPR,01-Sep-2026,59.18,59.67,58.9833,59.36,718400
EPR-C,01-Sep-2026,26.04,26.19,26.04,26.18,600
EPR-E,01-Sep-2026,31.95,32.1,31.95,32.07,2100
EPR-G,01-Sep-2026,21.36,21.445,21.35,21.35,6200
EPRpC,01-Sep-2026,26.04,26.19,26.04,26.18,300
EPRpE,01-Sep-2026,31.95,32.1,31.95,32.07,1428
EPRpG,01-Sep-2026,21.36,21.445,21.35,21.35,2964
EPRT,01-Sep-2026,30.1,30.32,29.95,30.12,1458000
EQBK,01-Sep-2026,49.17,49.475,48.67,48.99,62100
EQH,01-Sep-2026,49.9,50.4,49.06,49.36,1929900
EQH-A,01-Sep-2026,18.94,19.07,18.6476,18.96,58000
EQH-C,01-Sep-2026,16.67,16.67,16.41,16.55,33600
EQHpA,01-Sep-2026,18.94,19.07,18.6476,18.95,44013
EQHpC,01-Sep-2026,16.67,16.67,16.41,16.55,27576
EQNR,01-Sep-2026,43.42,44.325,43.3,44.23,2512600
EQS,01-Sep-2026,1.02,1.0201,1.02,1.02,9100
EQT,01-Sep-2026,54.39,55.74,54.3,55.59,5815600
ERO,01-Sep-2026,35.95,36.87,34.52,34.82,2514500
EROC,01-Sep-2026,11.48,11.545,11.13,11.41,1288200
EROK,01-Sep-2026,25.72,25.72,24.71,25.23,91000
ES,01-Sep-2026,70.49,70.8079,70.07,70.5,1563600
ESAB,01-Sep-2026,74.82,75.94,73.78,74.04,904200
ESE,01-Sep-2026,271.33,275.42,266.41,267.63,231700
ESI,01-Sep-2026,34.89,35.16,33.825,34.36,7652000
ESNT,01-Sep-2026,67.79,68.6259,67.79,68.09,533800
ESRT,01-Sep-2026,4.47,4.525,4.36,4.39,3244000
ESS,01-Sep-2026,282.31,284.835,278.78,279,804800
ESTC,01-Sep-2026,95.76,96.99,92.095,92.39,2862100
ET,01-Sep-2026,21.66,21.77,21.42,21.42,9248400
ET-I,01-Sep-2026,11.42,11.45,11.4,11.43,30000
ETB,01-Sep-2026,15.66,15.72,15.57,15.6,41300
ETD,01-Sep-2026,23.6,24.11,23.5,23.95,956000
ETG,01-Sep-2026,24.11,24.24,23.97,24,65200
ETI-,01-Sep-2026,23.22,23.225,22.7,23.045,2200
ETIp,01-Sep-2026,23.22,23.225,22.7,23.045,2111
ETJ,01-Sep-2026,8.47,8.47,8.36,8.36,122200
ETN,01-Sep-2026,397.99,401,387,390.71,2022700
ETO,01-Sep-2026,31.61,31.67,31.44,31.55,11600
ETpI,01-Sep-2026,11.42,11.45,11.4,11.43,25064
ETR,01-Sep-2026,106.82,107.14,105.57,107.02,2293300
ETS.W,01-Sep-2026,0.2501,0.2501,0.25,0.25,24800
ETSS,01-Sep-2026,9.93,9.93,9.92,9.92,235500
ETSY,01-Sep-2026,81,82.79,80.4272,81.75,2170100
ETV,01-Sep-2026,15.22,15.36,15.1524,15.2,124600
ETW,01-Sep-2026,9.86,9.86,9.78,9.8,368600
ETX,01-Sep-2026,18.22,18.22,18.07,18.15,12200
ETY,01-Sep-2026,14.33,14.5929,14.3,14.32,739100
EVAC,01-Sep-2026,10.3,10.3,10.29,10.3,253600
EVC,01-Sep-2026,7.9,8.27,7.81,8.03,1128700
EVE.T,01-Sep-2026,0.085,0.0998,0.085,0.0998,4200
EVEX,01-Sep-2026,2.22,2.22,2.12,2.2,1166500
EVEX.WS,01-Sep-2026,0.085,0.0998,0.085,0.0998,3900
EVF,01-Sep-2026,4.97,4.97,4.93,4.94,61200
EVG,01-Sep-2026,10.73,10.73,10.6,10.68,19800
EVH,01-Sep-2026,4.45,4.51,4.215,4.28,2830100
EVMN,01-Sep-2026,12.5,12.735,12.42,12.48,278400
EVN,01-Sep-2026,10.75,10.75,10.5784,10.61,44400
EVR,01-Sep-2026,281.53,294.08,280.02,286.23,571900
EVT,01-Sep-2026,28.74,28.93,28.51,28.59,87900
EVTC,01-Sep-2026,29.38,29.48,28.975,29.16,364300
EVTL,01-Sep-2026,0.6682,0.675,0.6,0.6001,5235100
EVTR,01-Sep-2026,49.88,49.8978,49.735,49.76,375300
EW,01-Sep-2026,91.39,92.95,90.1,90.74,2539900
EXG,01-Sep-2026,9.94,9.9799,9.85,9.85,320300
EXK,01-Sep-2026,10.22,10.695,10.13,10.24,7928800
EXP,01-Sep-2026,192.6,194.26,190.4,191.53,524200
EXPD,01-Sep-2026,189.43,189.82,186.91,187.7,797300
EXR,01-Sep-2026,141.08,141.96,138.9475,140.12,1562200
F,01-Sep-2026,13.95,14.05,13.73,13.84,50110700
F-B,01-Sep-2026,20.12,20.21,20,20.04,39900
F-C,01-Sep-2026,19.53,19.67,19.34,19.41,61500
F-D,01-Sep-2026,20.77,20.97,20.76,20.83,22500
FAF,01-Sep-2026,74.05,74.69,73.17,73.59,858000
FBIN,01-Sep-2026,43.94,43.94,42.36,42.77,1955800
FBK,01-Sep-2026,56.74,56.9999,55.3,55.51,367600
FBP,01-Sep-2026,27.77,28.185,27.645,27.85,1361400
FBR-E,01-Sep-2026,19.36,19.48,19.3,19.33,8200
FBRT,01-Sep-2026,8.31,8.47,8.31,8.34,2265000
FBRTpE,01-Sep-2026,19.36,19.48,19.3,19.33,6500
FC,01-Sep-2026,20.16,20.22,19.43,19.51,45800
FCBM,01-Sep-2026,12.7,12.78,12.55,12.55,60100
FCF,01-Sep-2026,20.62,20.8,20.47,20.53,838600
FCN,01-Sep-2026,150.75,153.69,150.46,151.36,226100
FCPT,01-Sep-2026,24.89,25.03,24.775,24.84,1636300
FCRS,01-Sep-2026,10.22,10.225,10.22,10.225,6200
FCX,01-Sep-2026,73.55,75.5,72.37,72.47,12806400
FDS,01-Sep-2026,310.97,315,303.6,305.44,952100
FDX,01-Sep-2026,327.54,330.4828,319.36,324.88,1814000
FDXF,01-Sep-2026,133.57,135.7,126.525,127.57,1045100
FE,01-Sep-2026,46.06,46.3,45.75,46.16,5257700
FEDU,01-Sep-2026,10,10,9.6841,9.6841,400
FEGE,01-Sep-2026,52.86,53.0495,52.475,52.53,288700
FENG,01-Sep-2026,1.48,1.5,1.47,1.47,2300
FEOE,01-Sep-2026,55.88,56.079,55.51,55.65,214000
FERG,01-Sep-2026,222.72,226,218.05,218.91,1925400
FET,01-Sep-2026,82.12,83.265,81.39,82.25,202800
FF,01-Sep-2026,5.28,5.52,5.28,5.46,394600
FFA,01-Sep-2026,23.08,23.23,22.2952,23.09,25900
FFC,01-Sep-2026,15.9,15.92,15.8,15.86,90200
FG,01-Sep-2026,23.81,23.81,23.175,23.64,474600
FGN,01-Sep-2026,24.43,24.43,24.12,24.17,38700
FGSN,01-Sep-2026,20.97,20.97,20.75,20.93,19100
FHI,01-Sep-2026,63.24,63.535,62.05,62.17,594100
FHN,01-Sep-2026,24.31,24.52,23.845,24.03,4868500
FHN-E,01-Sep-2026,23.3672,23.6296,23.35,23.49,11200
FHN-F,01-Sep-2026,17.02,17.65,16.82,16.91,4100
FHN-H,01-Sep-2026,24.4,24.6,24.27,24.51,26100
FHNpE,01-Sep-2026,23.3672,23.6296,23.35,23.49,9003
FHNpF,01-Sep-2026,17.02,17.65,16.82,16.91,2960
FICO,01-Sep-2026,1135.93,1135.93,1086,1103.68,252900
FIG,01-Sep-2026,27.06,28.39,26.57,27.2,10645200
FIGS,01-Sep-2026,15.25,15.36,14.96,15.26,1758000
FINS,01-Sep-2026,12.74,12.749,12.6201,12.749,48800
FINV,01-Sep-2026,3.58,3.58,3.22,3.32,2337100
FIRY,01-Sep-2026,9.85,10.145,9.6001,9.91,110900
FIS,01-Sep-2026,40.66,41.13,40.21,40.83,5264600
FIT-A,01-Sep-2026,21.75,22.7499,21.75,22.43,11800
FIT-I,01-Sep-2026,25.44,25.52,25.44,25.51,24100
FIT-K,01-Sep-2026,18.19,18.19,17.87,17.94,23300
FIT-M,01-Sep-2026,25.77,25.77,25.25,25.35,42800
FITB,01-Sep-2026,53.71,54.175,52.915,53.01,3936500
FIX,01-Sep-2026,1518.73,1557.27,1511.91,1554.37,349700
FIXT,01-Sep-2026,37.03,37.03,36.95,36.97,13700
FLC,01-Sep-2026,16.49,16.5762,16.49,16.54,19500
FLG,01-Sep-2026,13.29,13.36,13.03,13.06,3891300
FLG-A,01-Sep-2026,23.85,23.9254,23.63,23.8,123100
FLG-U,01-Sep-2026,39.56,40.15,37.51,40.15,49400
FLGpA,01-Sep-2026,23.85,23.9254,23.63,23.84,91970
FLGpU,01-Sep-2026,39.56,40.15,37.51,40.15,45445
FLNG,01-Sep-2026,31.99,32.1317,31.345,31.47,601300
FLO,01-Sep-2026,6.92,6.985,6.615,6.69,9650700
FLOC,01-Sep-2026,22,22.32,21.56,21.7,331200
FLR,01-Sep-2026,53.88,56.32,52.97,56.25,4206700
FLS,01-Sep-2026,78.04,78.7,75.83,76.64,2520500
FLUT,01-Sep-2026,98.15,99.555,96.56,97,3692500
FLXR,01-Sep-2026,38.68,38.68,38.582,38.61,313100
FMC,01-Sep-2026,11.44,11.9378,11.39,11.88,3629700
FMN,01-Sep-2026,11.1,11.1,10.99,10.99,12100
FMS,01-Sep-2026,22.98,23.0162,22.705,22.74,778900
FMX,01-Sep-2026,119.96,122.85,119.67,119.96,379600
FMY,01-Sep-2026,11.58,11.84,11.58,11.635,2700
FN,01-Sep-2026,410.4,417.2,400.35,402.07,862400
FNB,01-Sep-2026,18.05,18.205,17.795,17.87,2825200
FND,01-Sep-2026,50.11,50.215,47.52,47.74,3561000
FNF,01-Sep-2026,46.46,46.85,45.83,46.04,1875900
FNV,01-Sep-2026,257.4,263,254.4102,255.42,947800
FOA,01-Sep-2026,17.56,17.91,17.06,17.06,75000
FOF,01-Sep-2026,13.52,13.59,13.38,13.42,38700
FOIL,01-Sep-2026,22.02,22.72,22.02,22.48,29400
FOR,01-Sep-2026,27.95,28.28,27.45,27.52,92500
FOU-A,01-Sep-2026,55.79,56.77,54.5601,54.91,8500
FOUR,01-Sep-2026,41.72,43.205,40.78,41.08,2034300
FOURpA,01-Sep-2026,55.79,56.77,54.5601,54.91,6500
FpB,01-Sep-2026,20.12,20.21,20,20.04,35674
FpC,01-Sep-2026,19.5,19.67,19.34,19.4608,56420
FpD,01-Sep-2026,20.77,20.97,20.76,20.83,17928
FPF,01-Sep-2026,17.65,17.7681,17.5841,17.63,97400
FPH,01-Sep-2026,5.06,5.11,5.02,5.05,158000
FPI,01-Sep-2026,10.25,10.57,10.25,10.55,824600
FPS,01-Sep-2026,30.17,30.74,29.12,29.27,4243900
FR,01-Sep-2026,61.84,62.69,61.73,62.43,851500
FRA,01-Sep-2026,11.11,11.1127,11.02,11.02,103600
FRO,01-Sep-2026,44.39,45.16,43.86,44.32,2188400
FRT,01-Sep-2026,116.52,117.12,115.8801,117.03,860800
FRT-C,01-Sep-2026,19.18,19.2835,18.91,18.9899,11600
FRTpC,01-Sep-2026,19.18,19.2835,18.91,18.9899,7482
FSCO,01-Sep-2026,5.17,5.24,5.16,5.19,729900
FSK,01-Sep-2026,12.36,12.4,12.195,12.27,1357700
FSM,01-Sep-2026,11.67,12.175,11.56,11.75,6432900
FSS,01-Sep-2026,115.96,116.3999,113.52,113.61,462200
FSSL,01-Sep-2026,11.79,11.96,11.651,11.81,329200
FT,01-Sep-2026,7.65,7.7382,7.65,7.68,85600
FTHY,01-Sep-2026,13.31,13.31,13.2401,13.27,100000
FTI,01-Sep-2026,79,79.17,77.76,78.31,2119600
FTK,01-Sep-2026,23.51,23.76,22.79,22.79,465300
FTRA,01-Sep-2026,9.89,9.89,9.88,9.88,1170900
FTS,01-Sep-2026,55.53,55.53,54.57,55.04,1013700
FTV,01-Sep-2026,58.67,59.01,56.69,56.8,4225700
FTW,01-Sep-2026,10.91,11.03,10.785,10.79,132400
FTW.W,01-Sep-2026,1.45,1.47,1.41,1.41,7900
FTWO,01-Sep-2026,47.1,47.4142,46.85,47.2145,5900
FUBO,01-Sep-2026,10.23,10.6557,10.12,10.54,778500
FUL,01-Sep-2026,54.46,54.495,53.3801,53.82,423700
FUN,01-Sep-2026,14.915,14.915,14.12,14.24,2437300
FVR,01-Sep-2026,19.23,19.4299,19.1316,19.4,156300
FVRR,01-Sep-2026,9.31,9.56,9.24,9.25,449900
FXED,01-Sep-2026,17.24,17.24,17.18,17.1933,2400
G,01-Sep-2026,38.02,38.85,37.59,37.69,1880200
GAB,01-Sep-2026,5.64,5.645,5.62,5.62,771400
GAB-G,01-Sep-2026,19.29,19.29,19.18,19.18,3200
GAB-H,01-Sep-2026,19.05,19.27,19.05,19.155,12400
GAB-K,01-Sep-2026,19.16,19.36,19.15,19.35,6800
GABpG,01-Sep-2026,19.29,19.29,19.18,19.18,1686
GABpH,01-Sep-2026,19.05,19.27,19.05,19.155,9832
GABpK,01-Sep-2026,19.16,19.36,19.15,19.35,4940
GAM,01-Sep-2026,66.9,66.9,65.96,66.31,19900
GAM-B,01-Sep-2026,24.67,24.9,24.67,24.74,19100
GAMpB,01-Sep-2026,24.67,24.9,24.67,24.74,16953
GAP,01-Sep-2026,22.05,22.4,21.81,22,7292900
GATX,01-Sep-2026,174.19,175.1008,172.24,173.54,202900
GBAB,01-Sep-2026,13.74,13.74,13.57,13.57,126500
GBCI,01-Sep-2026,46.2,46.52,45.25,45.34,905500
GBTG,01-Sep-2026,9.46,9.47,9.46,9.46,1201800
GBX,01-Sep-2026,42.98,43.58,41.2701,42,942800
GCO,01-Sep-2026,33.04,33.465,32.26,32.51,264700
GCPB,01-Sep-2026,49.8,49.82,49.7939,49.7939,1200
GCT.W,01-Sep-2026,0.29,0.314,0.29,0.302,18700
GCTS,01-Sep-2026,1.77,1.77,1.72,1.74,1344700
GCTS.WS,01-Sep-2026,0.29,0.314,0.29,0.302,18027
GCV,01-Sep-2026,4.55,4.5549,4.5,4.52,38200
GD,01-Sep-2026,371.5,375.305,367.41,369.41,1269600
GDDY,01-Sep-2026,97.44,102.39,97.44,100.55,1981400
GDIV,01-Sep-2026,18.955,18.955,18.8219,18.8484,4800
GDL,01-Sep-2026,8.34,8.4421,8.34,8.4,9900
GDO,01-Sep-2026,10.14,10.16,10.09,10.12,29500
GDOT,01-Sep-2026,13.25,13.37,13.11,13.11,204300
GDV,01-Sep-2026,30.07,30.615,29.85,29.92,92200
GDV-H,01-Sep-2026,20.99,21.1,20.9501,20.96,10300
GDV-K,01-Sep-2026,16.95,16.99,16.901,16.925,10600
GDVpH,01-Sep-2026,20.99,21.1,20.9501,20.9899,8999
GDVpK,01-Sep-2026,16.95,16.99,16.901,16.925,9655
GE,01-Sep-2026,333.71,336.25,329.51,331.09,3027800
GEF,01-Sep-2026,82.48,83.21,81.98,83.09,308700
GEF.B,01-Sep-2026,104.49,105.975,104.4,105.54,35400
GEL,01-Sep-2026,16.45,16.61,16.13,16.57,201500
GENI,01-Sep-2026,7.28,7.585,7.12,7.18,4430100
GEO,01-Sep-2026,31.47,31.56,30.04,30.53,3200300
GETY,01-Sep-2026,0.25,0.25,0.229,0.2354,3452100
GEV,01-Sep-2026,888.52,899.42,874,898.53,2337000
GF,01-Sep-2026,11.49,11.755,11.39,11.4,40600
GFF,01-Sep-2026,96.31,97.58,94.2,94.44,321100
GFI,01-Sep-2026,44.85,46.44,44.5,44.66,3755500
GFL,01-Sep-2026,42.37,42.62,41.44,41.5,2075700
GFR,01-Sep-2026,6.25,6.33,6.09,6.29,1325500
GFR-,01-Sep-2026,1.17,1.3,1.07,1.3,644100
GGB,01-Sep-2026,4.57,4.75,4.57,4.69,10836500
GGG,01-Sep-2026,77.35,77.91,76.66,76.83,1887100
GGT,01-Sep-2026,4.07,4.08,4.05,4.05,547500
GGT-E,01-Sep-2026,19.98,19.98,19.98,19.98,3400
GGT-G,01-Sep-2026,19.97,20,19.97,19.99,4700
GGTpE,01-Sep-2026,19.98,19.98,19.98,19.98,1912
GGTpG,01-Sep-2026,19.97,20,19.97,19.99,2999
GGZ,01-Sep-2026,16.4,16.4,16,16.19,3900
GHC,01-Sep-2026,1126.99,1139.99,1088.704,1097.98,27500
GHG,01-Sep-2026,1.065,1.0801,1.06,1.06,13400
GHI,01-Sep-2026,6.19,6.25,6.12,6.21,42100
GHM,01-Sep-2026,86.15,86.15,81.97,83.49,217100
GHY,01-Sep-2026,11.6,11.6,11.5,11.54,134200
GIB,01-Sep-2026,74.83,75.42,73.185,73.72,376600
GIC,01-Sep-2026,38.97,39.34,38.58,38.66,107100
GIL,01-Sep-2026,51.6,52.51,50.145,50.27,1398800
GIS,01-Sep-2026,41.56,42.2,40.82,41.09,9610200
GJH,01-Sep-2026,9.44,9.4961,9.44,9.485,1200
GJP,01-Sep-2026,24.5,24.5,24.5,24.5,200
GJS,01-Sep-2026,23.2,23.23,23.2,23.2,2200
GJT,01-Sep-2026,23.32,23.3769,23.32,23.3769,2600
GKOS,01-Sep-2026,179.97,180.14,175.33,176.7,507200
GL,01-Sep-2026,173.43,174.45,171.7238,172.3,360800
GL-D,01-Sep-2026,14.99,15,14.75,14.75,21100
GLAS,01-Sep-2026,8.89,9.1299,8.43,8.49,691200
GLE-,01-Sep-2026,0.1601,0.1601,0.16,0.16,1000
GLE.U,01-Sep-2026,10.15,10.15,10.145,10.1499,1200
GLED,01-Sep-2026,10,10.06,10,10.02,108600
GLO-A,01-Sep-2026,25.6,25.6925,25.6,25.65,8100
GLO-C,01-Sep-2026,25.66,25.66,25.66,25.66,100
GLOB,01-Sep-2026,40.02,40.72,39.24,39.68,920900
GLOPpA,01-Sep-2026,25.6,25.6925,25.6,25.65,3142
GLOPpC,01-Sep-2026,25.66,25.66,25.66,25.66,100
GLP,01-Sep-2026,51.24,52.01,51.2151,51.99,75400
GLpD,01-Sep-2026,15,15,14.75,14.76,16682
GLW,01-Sep-2026,144.25,147.085,143.29,145.56,10685000
GM,01-Sep-2026,86.32,87.19,85.22,85.63,5360400
GME,01-Sep-2026,18.25,18.88,18.2,18.81,11751300
GME.W,01-Sep-2026,2.42,2.59,2.32,2.41,570200
GME.WS,01-Sep-2026,2.4,2.59,2.32,2.4684,494988
GMED,01-Sep-2026,81.46,82.89,79.69,80.48,1054300
GMMF,01-Sep-2026,100.31,100.32,100.31,100.32,13500
GMRS,01-Sep-2026,12.26,13.13,12.26,12.97,835400
GNE,01-Sep-2026,14.77,15.23,14.7001,15.18,72600
GNK,01-Sep-2026,26.15,26.45,25.88,26.03,630300
GNL,01-Sep-2026,9.18,9.325,9.07,9.13,2354200
GNL-A,01-Sep-2026,23,23.09,23,23.0001,3900
GNL-B,01-Sep-2026,22.16,22.24,22,22.0799,6300
GNL-D,01-Sep-2026,23.5,23.625,23.4,23.57,7400
GNL-E,01-Sep-2026,23.3,23.3,23.14,23.15,10700
GNLpA,01-Sep-2026,23,23.09,23,23.0001,1699
GNLpB,01-Sep-2026,22.16,22.24,22,22.0799,3518
GNLpD,01-Sep-2026,23.5,23.625,23.4,23.57,5176
GNLpE,01-Sep-2026,23.3,23.3,23.14,23.15,6809
GNRC,01-Sep-2026,182.21,184.24,178.19,181.42,948900
GNT,01-Sep-2026,9.19,9.205,9.11,9.12,55800
GNT-A,01-Sep-2026,19.57,19.63,19.55,19.63,1400
GNTpA,01-Sep-2026,19.57,19.63,19.55,19.63,1010
GNW,01-Sep-2026,9.98,10.13,9.91,10,3815200
GOF,01-Sep-2026,9.2,9.5,9.18,9.34,3585500
GOLD,01-Sep-2026,44.08,44.1,42.19,43.16,604000
GOLF,01-Sep-2026,85.75,87.225,85.74,85.89,253600
GOOS,01-Sep-2026,8.15,8.2786,8.07,8.08,616200
GOTU,01-Sep-2026,1.91,2.17,1.88,2.16,854300
GPC,01-Sep-2026,135.25,136.17,134.28,134.84,932400
GPGI,01-Sep-2026,12.92,13.22,12.69,13.09,2538000
GPI,01-Sep-2026,267.6,270.95,266.02,269.5,138800
GPJA,01-Sep-2026,20.58,20.58,20.32,20.45,20000
GPK,01-Sep-2026,11.13,11.175,10.78,10.85,3605100
GPM-A,01-Sep-2026,16.71,16.71,16.57,16.57,6700
GPMT,01-Sep-2026,1.08,1.08,1.01,1.01,331200
GPMTpA,01-Sep-2026,16.71,16.71,16.57,16.57,5308
GPN,01-Sep-2026,90.33,92,89.73,90.06,1921200
GPOR,01-Sep-2026,178.57,182.84,178.57,182.61,221600
GPRK,01-Sep-2026,11.14,11.23,10.73,11.23,1162900
GRB-A,01-Sep-2026,22.7,22.89,22.32,22.89,1400
GRBK,01-Sep-2026,71.62,72.965,70.89,70.93,641700
GRBKpA,01-Sep-2026,22.7,22.89,22.32,22.89,500
GRC,01-Sep-2026,74.54,74.84,71.81,73.99,146500
GRDN,01-Sep-2026,37.06,39.34,35.9,38.87,537400
GRMN,01-Sep-2026,283.42,284.18,274.84,275.17,782100
GRND,01-Sep-2026,15.39,15.68,15.33,15.53,982400
GRNT,01-Sep-2026,5.11,5.11,5,5.06,2047900
GROV,01-Sep-2026,0.99,1.1,0.99,1.03,366200
GRX,01-Sep-2026,10.02,10.095,9.929,10.04,13900
GS,01-Sep-2026,1004.72,1031.12,996.97,1002.56,1846300
GS-A,01-Sep-2026,19.07,19.15,19.01,19.06,57300
GS-C,01-Sep-2026,19.16,19.16,19.01,19.05,26600
GS-D,01-Sep-2026,18.6,18.74,18.53,18.56,132300
GSBD,01-Sep-2026,10.23,10.28,10.095,10.13,773000
GSK,01-Sep-2026,51.11,51.26,50.465,50.66,3272400
GSL,01-Sep-2026,44.57,45.05,44.27,44.48,252400
GSL-B,01-Sep-2026,26.8,26.8117,26.5213,26.702,11400
GSLpB,01-Sep-2026,26.8,26.8117,26.5213,26.702,9013
GSpA,01-Sep-2026,19.07,19.15,19.01,19.06,52023
GSpC,01-Sep-2026,19.16,19.16,19.01,19.05,25843
GSpD,01-Sep-2026,18.6,18.74,18.53,18.6,119294
GTES,01-Sep-2026,25.23,25.44,24.74,24.8,2583000
GTN,01-Sep-2026,4.86,4.94,4.71,4.74,1178600
GTN.A,01-Sep-2026,5.5,5.9,5.5,5.9,2600
GTY,01-Sep-2026,32.59,32.78,32.24,32.38,843900
GUG,01-Sep-2026,15.27,15.35,15.08,15.35,192200
GUT,01-Sep-2026,6.4,6.45,6.4,6.45,91600
GUT-C,01-Sep-2026,20.73,20.8265,20.54,20.67,2400
GUTpC,01-Sep-2026,20.73,20.8265,20.54,20.67,1660
GVA,01-Sep-2026,119.52,122.04,117.64,117.93,492100
GWH,01-Sep-2026,0.35,0.3623,0.3306,0.3402,680100
GWRE,01-Sep-2026,201.97,205.27,199.32,201.09,1128500
GWW,01-Sep-2026,1312.16,1317.75,1297.94,1309.21,192900
GXO,01-Sep-2026,47.25,47.42,46.09,46.17,1364800
GYLD,01-Sep-2026,14.44,14.445,14.29,14.31,12500
H,01-Sep-2026,164.62,166.6514,162.31,162.55,735700
HAE,01-Sep-2026,103.6,104.16,101.08,101.95,633600
HAFN,01-Sep-2026,8.56,8.715,8.5,8.59,1937400
HAL,01-Sep-2026,37.04,37.15,36.665,36.8,9248700
HASI,01-Sep-2026,39.31,39.64,38.94,39.52,4727300
HAWK,01-Sep-2026,18.73,19,18.01,18.36,1325000
HAYW,01-Sep-2026,13.98,14.069,13.575,13.61,2765100
HBB,01-Sep-2026,30.58,31.0395,30.188,30.46,77400
HBM,01-Sep-2026,27.6,28.11,26.95,27.02,4198200
HCA,01-Sep-2026,418.43,423.4199,412.29,413.58,1258100
HCC,01-Sep-2026,108.02,110,106.03,106.23,404300
HCI,01-Sep-2026,186.19,189.33,186.19,187.86,137500
HCXY,01-Sep-2026,24.92,25.18,24.92,25.11,5700
HD,01-Sep-2026,326.01,326.83,318.8,319.77,3292500
HDB,01-Sep-2026,22.66,23,22.65,22.95,13077800
HE,01-Sep-2026,11.17,11.2549,10.935,11.08,2754200
HEI,01-Sep-2026,329.65,332.04,324.37,325.15,367400
HEI.A,01-Sep-2026,242.95,245.21,241.33,242,217600
HEQ,01-Sep-2026,11.72,11.8986,11.61,11.65,21900
HESM,01-Sep-2026,40.75,40.75,39.8,40.23,1320300
HF,01-Sep-2026,22.675,22.675,22.675,22.675,100
HFEQ,01-Sep-2026,23.93,23.97,23.74,23.84,6400
HFGM,01-Sep-2026,31.606,31.72,31.53,31.6475,54400
HFMF,01-Sep-2026,21.69,21.82,21.66,21.81,6800
HFND,01-Sep-2026,24.3499,24.3499,24.31,24.3461,4900
HFR-A,01-Sep-2026,16.49,16.49,16.41,16.4437,2400
HFR-B,01-Sep-2026,16.37,16.37,16.3,16.31,7400
HFRO,01-Sep-2026,7.36,7.43,7.34,7.4,82900
HFROpA,01-Sep-2026,16.49,16.49,16.41,16.4437,1610
HFROpB,01-Sep-2026,16.37,16.37,16.3,16.31,6793
HG,01-Sep-2026,34.93,35.63,34.93,35.05,233700
HGER,01-Sep-2026,35.26,35.615,35.2,35.55,909100
HGLB,01-Sep-2026,7.44,7.4937,7.3896,7.42,82300
HGTY,01-Sep-2026,13.33,13.48,13.07,13.12,169800
HGV,01-Sep-2026,42.1,42.1,40.98,41.2,1318800
HHH,01-Sep-2026,63.78,64.45,63.02,63.11,594600
HIG,01-Sep-2026,137.81,138.69,136.28,137.13,981500
HIG-G,01-Sep-2026,24.38,24.38,24,24,22300
HIGpG,01-Sep-2026,24.38,24.38,24,24,18034
HII,01-Sep-2026,290.88,294.515,290.7001,292.42,385300
HIMS,01-Sep-2026,29.28,29.87,28.38,28.44,7304600
HIO,01-Sep-2026,3.49,3.49,3.47,3.49,418800
HIPO,01-Sep-2026,32.53,33.28,32.35,33.21,229500
HIW,01-Sep-2026,30.67,30.805,30.11,30.4,1237600
HIX,01-Sep-2026,3.9,3.929,3.9,3.9,348500
HKD,01-Sep-2026,1.72,1.72,1.67,1.67,118800
HL,01-Sep-2026,18.9591,20.165,18.91,19.11,30811500
HL-B,01-Sep-2026,73,73,73,73,300
HLF,01-Sep-2026,10.96,11.86,10.96,11.52,3303800
HLI,01-Sep-2026,130.9,135.98,129.31,132.9,775000
HLIO,01-Sep-2026,73.25,73.25,70.24,70.45,292500
HLLY,01-Sep-2026,2.82,2.935,2.8,2.87,677600
HLN,01-Sep-2026,10.15,10.2,10.05,10.07,11244000
HLpB,01-Sep-2026,73,73,73,73,100
HLT,01-Sep-2026,317.26,319,310.93,311.99,1072400
HLX,01-Sep-2026,10.38,10.725,10.23,10.6,4086100
HMC,01-Sep-2026,32.16,32.27,31.985,32.03,742800
HMN,01-Sep-2026,51.21,51.3,50.565,50.7,239100
HMY,01-Sep-2026,19.11,19.815,19.02,19.23,4109300
HNGE,01-Sep-2026,91.39,92.24,89.27,90.02,1730000
HNI,01-Sep-2026,47.76,48.39,47.18,47.46,390900
HOG,01-Sep-2026,27.46,27.97,27.12,27.15,1664800
HOMB,01-Sep-2026,29.46,29.68,29.085,29.1,1293800
HOV,01-Sep-2026,121.25,123.83,119.342,119.44,126000
HP,01-Sep-2026,44.45,46.53,43.9953,46.21,2275000
HPE,01-Sep-2026,52.49,53.16,50.24,50.87,19454900
HPE-C,01-Sep-2026,133.72,135.2,129.15,130.31,84400
HPEpC,01-Sep-2026,133.72,135.2,129.15,130.31,35039
HPF,01-Sep-2026,15.5,15.59,15.43,15.46,38300
HPI,01-Sep-2026,15.78,15.83,15.75,15.77,41600
HPP,01-Sep-2026,12.69,13.165,12.41,12.79,1037800
HPP-C,01-Sep-2026,14.49,14.49,14.275,14.41,16300
HPPpC,01-Sep-2026,14.49,14.49,14.275,14.41,6951
HPQ,01-Sep-2026,29.75,31.42,29.75,31.32,14881500
HPS,01-Sep-2026,13.88,13.92,13.78,13.79,70600
HQH,01-Sep-2026,22.63,22.7999,22.57,22.64,108400
HQL,01-Sep-2026,20.93,21.1,20.7624,20.87,108300
HR,01-Sep-2026,19.09,19.46,19.03,19.36,3738200
HRB,01-Sep-2026,52.03,52.98,50.87,50.92,2257400
HRI,01-Sep-2026,149.81,151,139.4,141.06,667200
HRL,01-Sep-2026,21.97,22.09,21.81,21.99,5551100
HRTG,01-Sep-2026,33.95,34.4,33.57,33.72,185900
HSBC,01-Sep-2026,103.71,104.35,103.1379,103.4,1180900
HSHP,01-Sep-2026,16.77,17.09,16.76,17.01,275300
HSY,01-Sep-2026,177.16,179.19,175.89,176,1564100
HTB,01-Sep-2026,46.29,46.73,46.055,46.44,205800
HTD,01-Sep-2026,25.32,25.3499,25.19,25.26,49000
HTFC,01-Sep-2026,25,25.03,25,25.0122,7100
HTGC,01-Sep-2026,17.85,17.93,17.63,17.67,1524000
HTH,01-Sep-2026,37.93,38.2,37.66,37.76,214100
HTT,01-Sep-2026,2.56,2.585,2.53,2.54,73200
HUBB,01-Sep-2026,448.52,451.9,441.64,443.31,429400
HUBS,01-Sep-2026,258.71,263.98,249.38,251.11,781000
HUM,01-Sep-2026,387.68,398.32,386.32,394.88,1059600
HUN,01-Sep-2026,9.46,9.57,9.34,9.39,1667300
HUYA,01-Sep-2026,2.13,2.15,2.1,2.1,1086300
HVT,01-Sep-2026,27.06,27.41,26.59,27.19,195100
HVT.A,01-Sep-2026,27.11,27.21,27.11,27.21,1300
HWM,01-Sep-2026,249.46,255.78,248.7,254.89,5542000
HXL,01-Sep-2026,92.47,94,91.93,92.08,679300
HY,01-Sep-2026,33.21,33.21,32.195,32.82,112900
HYBX,01-Sep-2026,29.42,29.6,29.42,29.49,4500
HYI,01-Sep-2026,10.37,10.38,10.31,10.31,47300
HYT,01-Sep-2026,8.27,8.28,8.23,8.24,1012900
HYTR,01-Sep-2026,21.272,21.275,21.22,21.225,43500
HZO,01-Sep-2026,52.15,52.19,52.11,52.12,595900
IAE,01-Sep-2026,8.83,8.925,8.77,8.925,23800
IAG,01-Sep-2026,19.75,20.25,19.25,19.29,4411200
IBM,01-Sep-2026,231,233.09,229.9,231.4,3240300
IBN,01-Sep-2026,30.11,30.39,30.07,30.19,3880700
IBP,01-Sep-2026,239.16,247.0947,233.895,234.14,338600
IBTA,01-Sep-2026,36.32,37.525,36.15,37.27,161500
ICE,01-Sep-2026,160.59,161.29,157.97,159.6,2696900
ICL,01-Sep-2026,5.67,5.805,5.64,5.77,1598300
ICR-A,01-Sep-2026,22.55,23,22.55,22.705,2300
ICRpA,01-Sep-2026,22.55,23,22.55,22.705,1922
IDA,01-Sep-2026,136.48,137.19,135.58,136.39,381100
IDE,01-Sep-2026,12.93,13.0299,12.84,12.97,131800
IDT,01-Sep-2026,67.57,68.65,66.5342,68.35,127600
IEX,01-Sep-2026,227.46,228.57,221.6,222.86,575500
IFF,01-Sep-2026,86.02,86.85,85.12,85.78,1494000
IFN,01-Sep-2026,11.49,11.52,11.45,11.49,86600
IFS,01-Sep-2026,54.12,55.32,54.12,55.21,98300
IGA,01-Sep-2026,10.64,10.72,10.6107,10.67,249000
IGCB,01-Sep-2026,44.6,44.6,44.6,44.6,300
IGD,01-Sep-2026,6.56,6.57,6.53,6.53,206400
IGI,01-Sep-2026,16.01,16.2,15.75,15.86,11800
IGR,01-Sep-2026,4.56,4.56,4.5,4.51,478200
IH,01-Sep-2026,1.2,1.24,1.2,1.23,6100
IHD,01-Sep-2026,7.62,7.625,7.57,7.6,46100
IHG,01-Sep-2026,157.27,157.93,155.09,155.27,176500
IHS,01-Sep-2026,8.37,8.44,8.37,8.4,2941300
IIF,01-Sep-2026,23.2849,23.2849,23.03,23.03,27500
IIIN,01-Sep-2026,29.71,30.08,29.56,30.07,169600
IIM,01-Sep-2026,12.7,12.72,12.55,12.58,124400
IIP-A,01-Sep-2026,25.01,25.0621,24.99,25,16600
IIPR,01-Sep-2026,56.34,57.3,55.85,56.17,412700
IIPRpA,01-Sep-2026,25,25.0621,24.99,25,15724
IMAX,01-Sep-2026,51.73,51.73,50.77,51.13,707800
INF.W,01-Sep-2026,6.1,6.29,5.87,6.29,77200
INFO,01-Sep-2026,27.76,27.99,27.76,27.85,21800
INFQ,01-Sep-2026,12.68,13.015,12.51,12.69,5732700
INFY,01-Sep-2026,12.14,12.21,11.95,12,16393600
ING,01-Sep-2026,35.42,35.615,35.149,35.25,1357700
INGM,01-Sep-2026,27.69,28.13,27.35,27.61,1198500
INGR,01-Sep-2026,103.7,104.969,103.365,104.23,559800
INN,01-Sep-2026,5.8,5.865,5.655,5.72,814100
INN-E,01-Sep-2026,17.81,17.84,17.81,17.84,900
INN-F,01-Sep-2026,16.99,17.02,16.99,17,1800
INNpE,01-Sep-2026,17.81,17.84,17.81,17.84,362
INNpF,01-Sep-2026,16.99,17.02,16.99,17,1018
INR,01-Sep-2026,15.61,15.71,15.38,15.61,222600
INSP,01-Sep-2026,63,63.5,61.2,61.52,351700
INSW,01-Sep-2026,100.36,102.1,98.8851,99.76,577900
INVH,01-Sep-2026,29.21,29.34,29.025,29.13,3432500
INVX,01-Sep-2026,30.95,30.95,29.87,30.25,581900
ION.W,01-Sep-2026,26.6501,26.6501,26.28,26.43,3200
IONQ,01-Sep-2026,37.87,39.25,37.59,37.78,14156600
IONQ.WS,01-Sep-2026,26.6501,26.6501,26.28,26.43,2835
IOT,01-Sep-2026,40.25,40.44,38.76,39.06,5298100
IP,01-Sep-2026,37.7,37.9,36.26,36.46,6522000
IPB,01-Sep-2026,25,25,25,25,200
IPI,01-Sep-2026,38.97,41.55,38.259,40.7,388800
IQI,01-Sep-2026,10.1,10.1,9.98,9.99,223800
IQV,01-Sep-2026,262.09,262.635,257.19,258.35,1240000
IR,01-Sep-2026,76.37,76.865,74.28,74.64,3060500
IRA.W,01-Sep-2026,0.23,0.23,0.2051,0.2051,31900
IRM,01-Sep-2026,115.6,116.425,112.7,114.22,2248500
IRS,01-Sep-2026,14.88,15.18,14.82,15.03,74100
IRT,01-Sep-2026,16.16,16.3,16.128,16.27,2495900
ISD,01-Sep-2026,12.3,12.3,12.21,12.24,152700
IT,01-Sep-2026,197.47,198.685,189.66,189.93,772300
ITGR,01-Sep-2026,125.31,125.5,125.3,125.39,1173200
ITT,01-Sep-2026,201.06,201.06,193.97,194.26,872600
ITUB,01-Sep-2026,7.6,7.83,7.6,7.68,16113200
ITW,01-Sep-2026,275.04,276.758,268.96,269.88,1086000
IVR,01-Sep-2026,7.3,7.31,7.18,7.19,3167100
IVR-C,01-Sep-2026,25,25.04,24.9698,25.0274,3900
IVRpC,01-Sep-2026,25,25.04,24.9698,25.0274,3023
IVT,01-Sep-2026,32.23,32.57,32.16,32.53,645600
IVZ,01-Sep-2026,32.29,33.27,31.5658,31.99,4820800
IX,01-Sep-2026,39.28,39.61,39.09,39.16,164800
J,01-Sep-2026,149.63,149.8,146.06,146.33,926300
JAC-,01-Sep-2026,0.0825,0.0825,0.0825,0.0825,500
JACS,01-Sep-2026,10.75,10.75,10.75,10.75,356800
JAN,01-Sep-2026,29.97,31.1,29.79,30.9,2733100
JBGS,01-Sep-2026,11.97,11.995,11.76,11.77,913800
JBI,01-Sep-2026,4.89,4.92,4.65,4.68,3289300
JBK,01-Sep-2026,25.29,25.29,25.28,25.28,900
JBL,01-Sep-2026,302.07,306.08,294.69,299.14,926400
JBND,01-Sep-2026,52.33,52.405,52.05,52.26,1232700
JBS,01-Sep-2026,13.48,13.885,13.41,13.41,4022200
JBTM,01-Sep-2026,116.03,119.92,116.03,116.4,399300
JCE,01-Sep-2026,17.04,17.28,16.9,17.16,57800
JCI,01-Sep-2026,138.57,139.7,137.595,139.25,3161000
JEF,01-Sep-2026,51.93,53.24,51.3,51.98,1276900
JELD,01-Sep-2026,2.33,2.4,2.09,2.17,2913000
JENA,01-Sep-2026,10.47,10.47,10.47,10.47,100
JFR,01-Sep-2026,7.69,7.7,7.6,7.61,893700
JGH,01-Sep-2026,12.43,12.43,12.35,12.37,53100
JHI,01-Sep-2026,13.26,13.34,13.13,13.18,31500
JHS,01-Sep-2026,10.85,10.89,10.83,10.85,10200
JHX,01-Sep-2026,29.29,29.47,28.375,28.57,7538400
JILL,01-Sep-2026,19.26,19.6,18.69,19.43,61000
JKS,01-Sep-2026,12.5,12.68,12.27,12.45,945900
JLL,01-Sep-2026,366.6,366.6,353.53,354.67,355700
JLS,01-Sep-2026,16.91,16.9729,16.84,16.86,16900
JMIA,01-Sep-2026,6.72,6.986,6.72,6.9,1209800
JMKE,01-Sep-2026,21.18,21.37,20.38,20.42,2307000
JMM,01-Sep-2026,5.84,5.84,5.75,5.78,4200
JNJ,01-Sep-2026,270.83,271.91,267.02,271.19,6035300
JOBY,01-Sep-2026,6.73,6.76,6.61,6.69,22241400
JOE,01-Sep-2026,65.64,66.055,64.88,65.05,194900
JOF,01-Sep-2026,12.72,12.72,12.589,12.59,63600
JPC,01-Sep-2026,7.31,7.39,7.31,7.37,1186400
JPM,01-Sep-2026,355.73,359.93,354.12,354.95,5079800
JPM-C,01-Sep-2026,24.56,24.69,24.36,24.42,363200
JPM-D,01-Sep-2026,22.87,22.94,22.77,22.77,291900
JPM-J,01-Sep-2026,18.69,18.77,18.43,18.52,149200
JPM-K,01-Sep-2026,17.83,17.92,17.62,17.62,312300
JPM-L,01-Sep-2026,18.15,18.28,18,18,224200
JPM-M,01-Sep-2026,16.74,16.9149,16.58,16.61,238400
JPMpC,01-Sep-2026,24.56,24.69,24.36,24.41,335539
JPMpD,01-Sep-2026,22.84,23.04,22.77,22.78,271153
JPMpJ,01-Sep-2026,18.63,18.77,18.43,18.52,127780
JPMpK,01-Sep-2026,17.83,17.92,17.62,17.64,279150
JPMpL,01-Sep-2026,18.03,18.28,18.01,18.04,203671
JPMpM,01-Sep-2026,16.71,16.9149,16.58,16.62,210132
JQC,01-Sep-2026,4.77,4.78,4.74,4.78,789600
JRI,01-Sep-2026,12.19,12.29,12.16,12.17,191600
JRS,01-Sep-2026,8.34,8.42,8.16,8.19,63900
JXN,01-Sep-2026,133.51,135.5,132.57,132.78,417100
JXN-A,01-Sep-2026,25.79,25.9,25.705,25.85,50600
JXNpA,01-Sep-2026,25.79,25.9,25.705,25.85,43592
KAI,01-Sep-2026,294.7,298.8,290.77,292.48,150700
KB,01-Sep-2026,123.83,126.11,123.37,124.64,119300
KBDC,01-Sep-2026,13.51,13.6509,13.47,13.5,219700
KBH,01-Sep-2026,53,53.6979,52.16,52.22,657500
KBR,01-Sep-2026,37.51,37.52,36.8,36.96,963600
KCA.S,01-Sep-2026,10.07,10.07,10.07,10.07,200
KCA.U,01-Sep-2026,10.07,10.07,10.07,10.07,200
KCA.W,01-Sep-2026,1.2,1.2,1.2,1.2,1300
KD,01-Sep-2026,13.28,13.425,12.93,13.12,3153700
KEN,01-Sep-2026,65.06,65.24,63.89,63.89,25200
KEP,01-Sep-2026,11.67,11.78,11.6,11.66,784200
KEX,01-Sep-2026,141.65,143.5,138.98,140.95,372300
KEY,01-Sep-2026,21.34,21.585,21.145,21.21,10553900
KEY-I,01-Sep-2026,24.95,25,24.91,24.9585,137800
KEY-J,01-Sep-2026,20.4,20.4,20.31,20.31,35000
KEY-K,01-Sep-2026,20.2,20.2399,20.065,20.21,49800
KEY-L,01-Sep-2026,25.01,25.11,24.91,25.04,135400
KEYpI,01-Sep-2026,24.95,25,24.91,24.9585,130643
KEYpJ,01-Sep-2026,20.34,20.4,20.31,20.31,26390
KEYpK,01-Sep-2026,20.2,20.2399,20.065,20.21,39701
KEYpL,01-Sep-2026,25.01,25.11,24.91,25.04,84859
KEYS,01-Sep-2026,321.47,322,316.2,319.27,831800
KF,01-Sep-2026,64.05,64.05,62.56,63.38,25800
KFRC,01-Sep-2026,57.5,58.31,54.43,54.89,343700
KFY,01-Sep-2026,85.58,86.395,83.97,84.65,332800
KGC,01-Sep-2026,29.66,30.525,29.38,29.43,7405100
KGS,01-Sep-2026,58.62,60.55,57.33,59.55,1673800
KIM,01-Sep-2026,23.83,24.12,23.77,24.12,5989400
KIM-L,01-Sep-2026,19.92,20.08,19.81,20.02,165700
KIM-M,01-Sep-2026,20.35,20.47,20.31,20.4,529600
KIMpL,01-Sep-2026,19.92,20.08,19.81,20.02,100934
KIMpM,01-Sep-2026,20.35,20.47,20.31,20.4,287146
KIO,01-Sep-2026,11.05,11.06,11,11,154800
KKR,01-Sep-2026,108.06,109.37,105.75,106.41,4091300
KKR-D,01-Sep-2026,47,47.04,46.21,46.69,36400
KKRpD,01-Sep-2026,47,47.04,46.21,46.69,22941
KKRS,01-Sep-2026,16.09,16.0992,16,16.04,24500
KKRT,01-Sep-2026,23.37,23.38,23.05,23.235,63700
KLAR,01-Sep-2026,14.4,14.749,14.15,14.25,6273900
KLC,01-Sep-2026,2.5,2.56,2.455,2.5,719800
KMI,01-Sep-2026,32.51,32.7,31.89,32.1,9054600
KMPB,01-Sep-2026,24.47,24.47,24.25,24.33,8100
KMPR,01-Sep-2026,28.32,28.67,27.53,27.66,926300
KMT,01-Sep-2026,29.79,29.79,28.81,29.19,1419000
KMX,01-Sep-2026,61.06,61.49,60.17,61,1645600
KN,01-Sep-2026,33.72,34.58,33.44,34.33,798300
KNF,01-Sep-2026,61.76,62.5,60.9383,61.8,847800
KNOP,01-Sep-2026,10.81,11.06,10.8,10.97,55900
KNSL,01-Sep-2026,374.41,381.515,371.43,372.51,196400
KNTK,01-Sep-2026,55.95,55.95,54.855,55.03,610500
KNX,01-Sep-2026,68.46,68.82,65.715,66.73,3152900
KO,01-Sep-2026,89.59,89.78,87.81,88,14832900
KODK,01-Sep-2026,8.95,9.005,8.706,8.94,1639300
KOF,01-Sep-2026,111.35,113.13,110.29,110.93,162800
KOP,01-Sep-2026,45.28,46.08,44.49,45.93,227300
KOS,01-Sep-2026,2.93,2.98,2.85,2.95,11710400
KPE.U,01-Sep-2026,10.1,10.25,10.1,10.2,900
KPET,01-Sep-2026,10.02,10.02,9.98,9.98,9600
KR,01-Sep-2026,56.77,58.962,56.71,57.94,7304500
KRC,01-Sep-2026,36.25,36.65,35.89,36.22,1264400
KRE-A,01-Sep-2026,18.12,18.2451,18.12,18.205,2400
KREF,01-Sep-2026,7.53,7.54,7.35,7.45,627200
KREFpA,01-Sep-2026,17.95,18.2451,17.95,18.205,1088
KRG,01-Sep-2026,25.91,26.155,25.79,26.12,1828800
KRMN,01-Sep-2026,40.5,43,40.3,41.09,3282600
KRO,01-Sep-2026,8.73,8.74,8.24,8.4,633800
KRP,01-Sep-2026,15.125,15.125,14.87,14.9,1453600
KRS.W,01-Sep-2026,1.09,1.31,0.9,0.9,14300
KRSP,01-Sep-2026,10.6,10.6,10.6,10.6,1300
KSS,01-Sep-2026,17.42,18.49,17.21,17.82,4689200
KT,01-Sep-2026,19.79,19.955,19.62,19.67,933200
KTB,01-Sep-2026,74.19,76.05,73.23,74.64,754800
KTF,01-Sep-2026,8.74,8.76,8.68,8.68,144800
KTN,01-Sep-2026,25.55,25.55,25.55,25.55,1300
KVUE,01-Sep-2026,18.9,19.03,18.71,18.75,21754600
KVYO,01-Sep-2026,20.04,20.755,19.95,20.64,10720200
KWR,01-Sep-2026,164.77,165.035,161.48,162.2,194800
KWY,01-Sep-2026,10.32,10.395,10.01,10.09,39600
KYN,01-Sep-2026,15.04,15.1299,14.94,15.07,470300
L,01-Sep-2026,108.77,109.54,107.925,108.71,985200
LAC,01-Sep-2026,3,3.03,2.93,2.97,8208700
LAD,01-Sep-2026,366.57,370.84,363.87,369.61,195400
LADR,01-Sep-2026,9.78,9.83,9.64,9.69,1362400
LANV,01-Sep-2026,1.03,1.06,1.01,1.04,7300
LAR,01-Sep-2026,6.61,6.77,6.4427,6.63,1255600
LAW,01-Sep-2026,4.29,4.34,4.19,4.23,202000
LAZ,01-Sep-2026,42.37,44.075,41.97,42.32,838800
LB,01-Sep-2026,89.03,89.03,84.15,85.84,257500
LBRT,01-Sep-2026,19.72,20.39,19.465,20.1,2950300
LCII,01-Sep-2026,100,103.16,99.92,100.77,288200
LCLN,01-Sep-2026,25.1,25.225,24.48,24.85,491500
LDI,01-Sep-2026,0.93,0.9436,0.8729,0.8899,4594200
LDOS,01-Sep-2026,140.49,142.48,138.08,139.18,1199000
LDP,01-Sep-2026,20.83,20.83,20.62,20.66,67200
LEA,01-Sep-2026,124.29,126.2,124.22,125.17,593900
LEN,01-Sep-2026,83.75,84.51,82.735,82.75,3753900
LEN.B,01-Sep-2026,82.18,82.97,81.202,81.4,58600
LEO,01-Sep-2026,6.17,6.17,6.13,6.14,154500
LEU,01-Sep-2026,166.87,168.8,163.03,168.31,622000
LEVI,01-Sep-2026,20.4,20.68,20.25,20.36,2203900
LFT,01-Sep-2026,0.7152,0.7477,0.7136,0.7207,103900
LFT-A,01-Sep-2026,17.2578,17.2578,16.203,16.203,2100
LFTpA,01-Sep-2026,17.2578,17.2578,16.203,16.203,1898
LGI,01-Sep-2026,18.25,18.65,18.08,18.14,23100
LH,01-Sep-2026,335.27,336.65,326.51,327.61,571700
LHX,01-Sep-2026,266.5,269.4999,262.18,263.56,1340500
LII,01-Sep-2026,378.45,383.3,376.42,377.25,463500
LION,01-Sep-2026,11.26,11.47,10.97,10.97,2276000
LITB,01-Sep-2026,3.09,3.09,2.96,3.02,5500
LLY,01-Sep-2026,1188,1188.325,1156.85,1160,2522500
LMND,01-Sep-2026,51.12,52.08,50.9,51.34,728300
LMT,01-Sep-2026,557.51,564.98,541.55,544.5,1046000
LNC,01-Sep-2026,43.87,43.87,42.43,42.77,2138600
LNC-D,01-Sep-2026,26.28,26.35,26.12,26.34,49900
LNCpD,01-Sep-2026,26.28,26.35,26.12,26.34,38635
LND,01-Sep-2026,3.8,3.8,3.76,3.77,31800
LNG,01-Sep-2026,296.72,299.18,287.405,294.13,2145400
LNN,01-Sep-2026,113.8,115.14,112.84,114.82,101000
LOAR,01-Sep-2026,69.03,70.285,68.2,68.91,878800
LOB,01-Sep-2026,39.05,39.48,38.58,38.65,211400
LOB-A,01-Sep-2026,24.96,24.96,24.75,24.756,25200
LOBpA,01-Sep-2026,24.92,24.96,24.75,24.756,21887
LOCL,01-Sep-2026,1.03,1.065,1.01,1.04,26100
LOMA,01-Sep-2026,10,10.33,9.985,10.07,407600
LOW,01-Sep-2026,203.75,204.39,199.39,200.05,3507500
LPG,01-Sep-2026,50.85,51.99,49.64,50.86,839600
LPL,01-Sep-2026,3.31,3.325,3.25,3.27,2659800
LPX,01-Sep-2026,69.54,70.1,67.85,68.81,1315800
LRN,01-Sep-2026,86.5,87.35,85.3,87.28,824800
LSPD,01-Sep-2026,10.43,10.495,10.14,10.15,694900
LTC,01-Sep-2026,40.49,41.545,40.49,41.4,487700
LTH,01-Sep-2026,41.85,42.25,41.49,41.83,2671800
LTM,01-Sep-2026,49.3,50.31,49.185,49.29,1159300
LU,01-Sep-2026,1.26,1.26,1.21,1.21,949800
LUCK,01-Sep-2026,6.26,6.295,5.98,6.1,81100
LUMN,01-Sep-2026,6.09,6.515,6.05,6.38,14502400
LUV,01-Sep-2026,38.1,38.47,37.58,37.68,4343800
LUXE,01-Sep-2026,7.58,7.84,7.42,7.42,94200
LVS,01-Sep-2026,43.55,44.15,43.36,43.84,4771200
LVW.W,01-Sep-2026,0.03,0.0311,0.03,0.03,1200
LVWR,01-Sep-2026,1.19,1.1994,1.1201,1.14,232000
LVWR.WS,01-Sep-2026,0.0311,0.0311,0.03,0.03,1083
LW,01-Sep-2026,54.37,55,52.57,52.6,1640800
LXFR,01-Sep-2026,17.17,17.2,17.17,17.19,403300
LXP,01-Sep-2026,60.7,60.85,60.67,60.81,1014300
LXP-C,01-Sep-2026,49.17,49.18,49.15,49.17,7000
LXPpC,01-Sep-2026,49.17,49.18,49.15,49.17,5572
LXU,01-Sep-2026,10.79,11.25,10.56,11.18,783300
LYB,01-Sep-2026,66.06,66.45,64.51,65.17,3052700
LYG,01-Sep-2026,5.94,5.98,5.9,5.91,9904600
LYNX,01-Sep-2026,13.44,14.02,13.02,13.72,306700
LYV,01-Sep-2026,179.47,180.165,177.13,177.2,1623900
LZB,01-Sep-2026,31.5,31.93,31.22,31.29,868200
LZM,01-Sep-2026,4.47,4.51,4.19,4.28,346100
M,01-Sep-2026,21.82,22.42,21.745,21.93,7237600
MA,01-Sep-2026,589.65,592.64,580.88,581.1,3310300
MAA,01-Sep-2026,129,129.8722,128.545,129.36,895200
MAA-I,01-Sep-2026,50.961,50.97,50.961,50.97,700
MAApI,01-Sep-2026,50.961,50.97,50.961,50.97,200
MAC,01-Sep-2026,23.62,23.82,23.35,23.52,2211800
MAGN,01-Sep-2026,12.38,12.66,12.18,12.31,325700
MAIN,01-Sep-2026,58.71,59.13,57.86,57.97,455500
MAIR,01-Sep-2026,25.86,26.55,25.57,25.75,2190000
MAN,01-Sep-2026,62.95,63.45,60.695,61.19,962500
MANE,01-Sep-2026,98.59,100.86,97.27,97.51,548700
MANU,01-Sep-2026,21.55,21.65,21.1,21.22,531200
MAS,01-Sep-2026,71.76,71.86,70.04,70.25,2432300
MATV,01-Sep-2026,11.85,12.095,11.81,12.05,388200
MATX,01-Sep-2026,223.96,225.12,218.42,219.26,250000
MAX,01-Sep-2026,12.47,12.675,12.2,12.3,357500
MBC,01-Sep-2026,8.15,8.25,7.815,7.96,2676500
MBGL,01-Sep-2026,20.12,20.19,19.7,19.83,3485500
MBI,01-Sep-2026,4.81,4.85,4.635,4.67,425300
MC,01-Sep-2026,68.15,69.46,65.619,66.76,738500
MCB,01-Sep-2026,90.88,91,88.915,89.49,75400
MCD,01-Sep-2026,262.75,264.5,260.74,261.11,3704400
MCI,01-Sep-2026,19.72,19.75,19.2751,19.46,53600
MCK,01-Sep-2026,887.7,914.43,886.8345,906.77,787900
MCN,01-Sep-2026,5.7,5.75,5.6931,5.73,63400
MCO,01-Sep-2026,501.89,505.23,493.76,494.71,971500
MCS,01-Sep-2026,28.37,28.435,27.44,27.77,209100
MCY,01-Sep-2026,102.36,103.42,100.6744,101.08,266700
MD,01-Sep-2026,26.29,26.85,26.065,26.47,715400
MDA,01-Sep-2026,28.37,28.81,28.04,28.37,1461900
MDST,01-Sep-2026,30.12,30.12,29.6401,29.76,71500
MDT,01-Sep-2026,94,95.41,90.8,92.04,18840800
MDU,01-Sep-2026,19.98,20.1016,19.8,19.95,1356600
MEC,01-Sep-2026,19.11,19.86,19.01,19.2,528300
MED,01-Sep-2026,12.01,12.35,12.01,12.09,111000
MEGI,01-Sep-2026,14.56,14.6999,14.51,14.64,179600
MEI,01-Sep-2026,17.83,18.48,17.54,18.32,487200
MER-K,01-Sep-2026,25.03,25.1074,24.68,24.71,292400
MERpK,01-Sep-2026,25.03,25.1074,24.68,24.71,285000
MET,01-Sep-2026,95.56,96.21,93.91,94.42,2727200
MET-A,01-Sep-2026,20.95,21.05,20.85,20.885,48500
MET-E,01-Sep-2026,20.92,21.1,20.8702,20.99,124500
MET-F,01-Sep-2026,17.57,17.67,17.46,17.53,122500
METpA,01-Sep-2026,20.95,21.05,20.85,20.885,45018
METpE,01-Sep-2026,20.92,21.1,20.8702,21,111432
METpF,01-Sep-2026,17.57,17.67,17.46,17.53,104944
MFA,01-Sep-2026,8.77,8.79,8.63,8.68,1905600
MFA-B,01-Sep-2026,20.25,20.4,20.21,20.4,19800
MFA-C,01-Sep-2026,23.6,23.708,23.44,23.45,52900
MFAN,01-Sep-2026,25.3,25.37,25.28,25.3,16300
MFAO,01-Sep-2026,25.35,25.35,25.25,25.29,17000
MFApB,01-Sep-2026,20.34,20.39,20.21,20.38,15704
MFApC,01-Sep-2026,23.6,23.708,23.44,23.485,45987
MFC,01-Sep-2026,42.38,42.6,41.91,42.14,2424100
MFG,01-Sep-2026,10.72,10.895,10.7,10.74,2862100
MFM,01-Sep-2026,5.39,5.4,5.33,5.34,430300
MFSB,01-Sep-2026,24.5,24.535,24.451,24.47,115800
MFSG,01-Sep-2026,29.77,29.865,29.685,29.71,55100
MFSI,01-Sep-2026,33.42,33.55,33.235,33.335,167100
MFSM,01-Sep-2026,24.55,24.5696,24.46,24.5,61300
MFSV,01-Sep-2026,29.51,29.58,29.3519,29.43,77200
MG,01-Sep-2026,18.51,18.73,18.3106,18.56,140600
MGA,01-Sep-2026,65,65.125,62.96,63.63,1402500
MGF,01-Sep-2026,2.88,2.9,2.8,2.87,95200
MGM,01-Sep-2026,40.65,41.69,40.61,40.77,2000700
MGR,01-Sep-2026,19.27,19.35,19.24,19.3,41000
MGRB,01-Sep-2026,15.95,16.08,15.91,15.91,17600
MGRD,01-Sep-2026,14.59,14.59,14.421,14.49,13300
MGRE,01-Sep-2026,22.1,22.3,22,22.06,35900
MGY,01-Sep-2026,27.27,27.69,26.9615,27.67,3404200
MH,01-Sep-2026,13.09,13.24,12.9,12.92,401400
MHD,01-Sep-2026,11.48,11.4999,11.38,11.39,375400
MHF,01-Sep-2026,6.76,6.78,6.71,6.725,97200
MHK,01-Sep-2026,126.51,128.6,124.599,125.04,907300
MHLA,01-Sep-2026,10.06,10.24,10.05,10.24,3100
MHNC,01-Sep-2026,11.36,11.36,11.305,11.305,2400
MHO,01-Sep-2026,147.78,149.11,145.74,146.03,266500
MIAX,01-Sep-2026,41.25,43.15,41.06,42.11,1359600
MICC,01-Sep-2026,20.02,20.28,19.69,19.73,749600
MIN,01-Sep-2026,2.44,2.44,2.41,2.43,94500
MIR,01-Sep-2026,15.26,15.73,14.96,15.51,5413900
MIT-A,01-Sep-2026,22.25,22.555,22.25,22.39,6000
MIT-B,01-Sep-2026,20.82,21.83,20.815,21.06,16800
MIT-C,01-Sep-2026,25.03,25.03,24.875,24.921,12300
MITP,01-Sep-2026,25.37,25.4399,25.28,25.28,17500
MITT,01-Sep-2026,6.72,6.72,6.61,6.64,301700
MITTpA,01-Sep-2026,22.25,22.555,22.25,22.39,5121
MITTpB,01-Sep-2026,20.815,21.83,20.815,21.06,15416
MITTpC,01-Sep-2026,25.03,25.03,24.875,24.921,11087
MIY,01-Sep-2026,12.7,12.7999,12.53,12.56,79300
MKC,01-Sep-2026,54.5,55.19,54.13,54.26,2373400
MKC.V,01-Sep-2026,53.83,55.13,53.83,54.01,3300
MKL,01-Sep-2026,1808.28,1820,1793.025,1797.28,73200
MLI,01-Sep-2026,61.82,62.71,60.6,61.04,1150200
MLM,01-Sep-2026,512.11,512.39,502.56,504.92,902400
MLP,01-Sep-2026,15.45,16.46,15.45,16.11,15400
MLR,01-Sep-2026,55.71,55.71,54.1,54.5,124800
MMD,01-Sep-2026,14.99,14.9999,14.91,14.94,46600
MMI,01-Sep-2026,31.47,31.59,31.08,31.27,119100
MMID,01-Sep-2026,26.9943,26.9943,26.9943,26.9943,100
MMK,01-Sep-2026,100.02,100.03,100.02,100.025,1700
MMKT,01-Sep-2026,100.21,100.2191,100.21,100.215,10300
MMM,01-Sep-2026,171.96,172.425,169.52,170.24,3340300
MMS,01-Sep-2026,57.76,58.66,57.6,57.64,524000
MMT,01-Sep-2026,4.49,4.49,4.4701,4.49,304700
MMU,01-Sep-2026,10.09,10.09,9.96,9.98,189600
MNR,01-Sep-2026,12.6,12.67,12.525,12.61,475000
MNSO,01-Sep-2026,9.39,9.67,9.38,9.56,1484700
MNTN,01-Sep-2026,12.88,13.1,12.37,12.39,531200
MO,01-Sep-2026,69.38,70.525,69.065,69.57,9827500
MOD,01-Sep-2026,178.08,181.83,172.84,180.91,1208200
MOG.A,01-Sep-2026,369.26,375.5,364.49,365.03,202100
MOG.B,01-Sep-2026,373.4,373.4,373.4,373.4,200
MOGU,01-Sep-2026,1.99,1.99,1.926,1.926,600
MOH,01-Sep-2026,199.5,205.67,198.35,203.06,618400
MOS,01-Sep-2026,23.94,25.205,23.422,24.78,9026600
MOV,01-Sep-2026,33.35,34.05,33.015,33.96,210300
MP,01-Sep-2026,53.5,54.499,52.35,53.74,3773500
MPA,01-Sep-2026,11.04,11.04,10.8734,10.88,11700
MPC,01-Sep-2026,380.78,383.01,373,383,2379500
MPLX,01-Sep-2026,59.22,59.73,58.86,59.09,1269900
MPT,01-Sep-2026,3.93,4.085,3.8901,4.03,10752100
MPV,01-Sep-2026,17,17.095,16.85,16.96,18900
MQY,01-Sep-2026,11.04,11.0598,10.96,10.96,607600
MRK,01-Sep-2026,150.23,151.6776,148.55,149.86,9866500
MRP,01-Sep-2026,30.34,31.03,30.28,30.58,1137700
MRSH,01-Sep-2026,190.89,191.79,186.58,187.58,2064300
MS,01-Sep-2026,210.22,216.26,208.91,211.04,3523000
MS-A,01-Sep-2026,18.75,18.895,18.63,18.89,184200
MS-E,01-Sep-2026,25.46,25.51,25.41,25.41,83000
MS-F,01-Sep-2026,25.27,25.33,25.27,25.31,60800
MS-I,01-Sep-2026,24.43,24.59,24.32,24.32,62000
MS-K,01-Sep-2026,22.4,22.5,22.121,22.24,76400
MS-L,01-Sep-2026,18.77,18.79,18.4501,18.65,55900
MS-O,01-Sep-2026,16.31,16.415,16.06,16.15,154400
MS-P,01-Sep-2026,25.08,25.1,24.9704,24.99,101500
MS-Q,01-Sep-2026,25.31,25.31,25.1681,25.24,42200
MSA,01-Sep-2026,186,188.73,185.11,187.39,193400
MSB,01-Sep-2026,24.36,25.3099,24.06,24.69,34300
MSC,01-Sep-2026,1.69,1.785,1.69,1.75,7400
MSCI,01-Sep-2026,568.83,572.75,559.69,563.09,355500
MSD,01-Sep-2026,7.31,7.31,7.26,7.26,43000
MSDL,01-Sep-2026,15.34,15.4,15.215,15.25,339700
MSGE,01-Sep-2026,77.06,77.97,76.351,77.04,322100
MSGS,01-Sep-2026,383.05,384.6565,376.35,381.69,294800
MSI,01-Sep-2026,487.74,494.85,486.27,491.24,1004300
MSIF,01-Sep-2026,12.83,12.97,12.61,12.61,298800
MSM,01-Sep-2026,118.42,119.555,116.74,117.74,567800
MSpA,01-Sep-2026,18.75,18.895,18.63,18.89,161432
MSpE,01-Sep-2026,25.46,25.51,25.41,25.42,73528
MSpF,01-Sep-2026,25.27,25.33,25.27,25.3,54446
MSpI,01-Sep-2026,24.43,24.59,24.32,24.34,54861
MSpK,01-Sep-2026,22.35,22.5,22.121,22.24,67186
MSpL,01-Sep-2026,18.77,18.79,18.4501,18.65,47764
MSpO,01-Sep-2026,16.31,16.415,16.06,16.15,139232
MSpP,01-Sep-2026,25.08,25.1,24.9704,25,89063
MSpQ,01-Sep-2026,25.31,25.31,25.1681,25.24,26868
MT,01-Sep-2026,73.22,74.08,72.39,73.31,1109700
MTAL,01-Sep-2026,10.18,10.22,10.18,10.22,200
MTB,01-Sep-2026,232.44,235.05,231.2696,232.02,832700
MTB-H,01-Sep-2026,25,25,24.92,24.92,51500
MTB-J,01-Sep-2026,26.43,26.5,26.22,26.25,156500
MTB-K,01-Sep-2026,23.89,23.89,23.6101,23.69,15300
MTB-L,01-Sep-2026,24.94,25.05,24.68,24.72,38500
MTBpH,01-Sep-2026,25.2,25.2,24.93,24.964,45175
MTBpJ,01-Sep-2026,26.43,26.5,26.22,26.3,144672
MTD,01-Sep-2026,1410.75,1415,1370.33,1375.96,168500
MTDR,01-Sep-2026,58.94,59.42,58.27,59.21,1669900
MTG,01-Sep-2026,30.73,31.02,30.635,30.69,1605900
MTH,01-Sep-2026,68.79,69.48,67.38,67.48,516500
MTN,01-Sep-2026,136.02,137.57,131.75,132.39,724500
MTN.U,01-Sep-2026,10.035,10.04,10.035,10.04,800
MTR,01-Sep-2026,2.25,2.39,2.17,2.17,12100
MTRN,01-Sep-2026,230.45,235.74,225.89,234.19,275400
MTUS,01-Sep-2026,18.6,19.04,18.17,18.88,462000
MTW,01-Sep-2026,19.11,19.22,18.73,18.96,378300
MTX,01-Sep-2026,70.69,71.62,70.23,70.76,231300
MTZ,01-Sep-2026,237.9,241.19,233.62,237.74,1521600
MUA,01-Sep-2026,9.91,9.94,9.85,9.85,429100
MUC,01-Sep-2026,10.55,10.56,10.48,10.5,412600
MUFG,01-Sep-2026,22.86,23.1,22.785,22.83,2223200
MUJ,01-Sep-2026,12.07,12.15,12.02,12.02,109500
MUR,01-Sep-2026,37.23,37.6257,36.73,37.6,1241600
MUSA,01-Sep-2026,524.55,537.41,520,536.45,415600
MUSE,01-Sep-2026,49.23,49.23,49.23,49.23,100
MUX,01-Sep-2026,19.35,20.06,19.05,19.15,998200
MVPA,01-Sep-2026,36.738,36.738,36.738,36.738,100
MWA,01-Sep-2026,23.93,24.1,23.54,23.57,896500
MX,01-Sep-2026,3.07,3.11,2.9984,3.05,530300
MXE,01-Sep-2026,13.6,13.64,13.375,13.6,8300
MXF,01-Sep-2026,21.65,21.973,21.369,21.42,28700
MYE,01-Sep-2026,31.91,31.99,30.9,31.2,386100
MYI,01-Sep-2026,10.7,10.7262,10.595,10.61,379500
MYN,01-Sep-2026,9.66,9.7,9.57,9.57,180200
MZY.W,01-Sep-2026,0.6,0.62,0.6,0.6,4100
MZYX,01-Sep-2026,9.97,9.98,9.97,9.98,30300
NABL,01-Sep-2026,3.93,4.07,3.76,3.82,2371400
NAC,01-Sep-2026,11.62,11.63,11.455,11.49,1133500
NAD,01-Sep-2026,11.71,11.71,11.55,11.56,1062200
NAN,01-Sep-2026,10.9,10.91,10.83,10.84,119700
NAT,01-Sep-2026,6.86,6.975,6.76,6.91,4880500
NATL,01-Sep-2026,45.96,46.42,45.71,46.28,611500
NAZ,01-Sep-2026,12.39,12.4099,12.22,12.22,31800
NBB,01-Sep-2026,15.38,15.4166,15.2501,15.27,73800
NBHC,01-Sep-2026,41.13,41.26,40.45,40.86,372500
NBR,01-Sep-2026,94.96,96.37,91.905,93.25,226400
NBXG,01-Sep-2026,15.09,15.25,15.02,15.19,146100
NC,01-Sep-2026,42.73,42.73,41.69,42,7800
NCA,01-Sep-2026,9,9.07,9,9.05,60600
NCDL,01-Sep-2026,12.78,12.8301,12.53,12.54,220200
NCLH,01-Sep-2026,15.97,16.1,15.31,15.43,22599400
NCV,01-Sep-2026,16.67,16.73,16.3924,16.54,51300
NCV-A,01-Sep-2026,20,20.178,20,20.13,3000
NCVpA,01-Sep-2026,20,20.178,20,20.13,2747
NCZ,01-Sep-2026,15.32,15.4329,15.16,15.26,46100
NCZ-A,01-Sep-2026,19.62,19.675,19.62,19.675,1500
NCZpA,01-Sep-2026,19.62,19.675,19.62,19.675,1078
NDMO,01-Sep-2026,9.93,9.95,9.77,9.81,248700
NE,01-Sep-2026,46.59,46.8,46,46.6,1122400
NEA,01-Sep-2026,11.21,11.21,11.08,11.08,1528300
NEE,01-Sep-2026,82.7,83.11,82.28,82.93,11159100
NEE-N,01-Sep-2026,20.83,20.87,20.64,20.72,61800
NEE-S,01-Sep-2026,51.05,51.34,51.01,51.27,13400
NEE-T,01-Sep-2026,47.88,48.07,47.7538,47.9044,107800
NEE-U,01-Sep-2026,23.18,23.46,23.06,23.14,104300
NEE-V,01-Sep-2026,45.4,45.62,45.15,45.15,347400
NEE-W,01-Sep-2026,23.4,23.6099,22.43,23.06,30400
NEEpN,01-Sep-2026,20.83,20.87,20.64,20.77,50375
NEEpS,01-Sep-2026,51.05,51.34,51.01,51.27,9534
NEEpT,01-Sep-2026,47.88,48.07,47.7538,47.9044,54006
NEEpU,01-Sep-2026,23.18,23.46,23.06,23.14,90050
NEM,01-Sep-2026,121.94,126.09,121.55,122.63,8022500
NET,01-Sep-2026,301.62,306.47,284.6,285.51,2495300
NEU,01-Sep-2026,898.73,910.22,894.79,903.12,122700
NEXA,01-Sep-2026,13.24,13.6,13.1,13.12,872400
NFG,01-Sep-2026,83.8,84.29,83.3,83.83,379500
NFJ,01-Sep-2026,15.54,15.66,15.3757,15.41,317200
NGG,01-Sep-2026,78.83,79.42,78.6952,79.15,847000
NGL,01-Sep-2026,19,19.0581,17.63,18.33,254200
NGL-B,01-Sep-2026,25.91,25.91,25.6,25.8,6200
NGL-C,01-Sep-2026,25.78,25.99,25.78,25.99,1400
NGLpB,01-Sep-2026,25.91,25.91,25.6,25.8,5278
NGLpC,01-Sep-2026,25.78,25.99,25.78,25.99,1170
NGS,01-Sep-2026,35.27,35.44,34.8468,35.27,88500
NGVC,01-Sep-2026,27.32,28.24,27.32,27.55,105600
NGVT,01-Sep-2026,68.57,68.75,67.46,68.51,217900
NHI,01-Sep-2026,71,72.74,71,72.27,336100
NI,01-Sep-2026,41.04,41.28,40.755,40.96,6939200
NIC,01-Sep-2026,168.58,170.255,165.26,166.1,141400
NIE,01-Sep-2026,25.9,26.2051,25.66,25.8,77400
NIM,01-Sep-2026,9.35,9.35,9.27,9.2999,15600
NIO,01-Sep-2026,4.08,4.18,3.9899,4.06,81891800
NIQ,01-Sep-2026,19,19.415,18.61,18.72,1335300
NJR,01-Sep-2026,53.65,54.3108,53.4232,54.1,535100
NKE,01-Sep-2026,38.36,38.565,37.97,38.12,22241100
NKX,01-Sep-2026,12.05,12.08,11.95,11.95,135200
NL,01-Sep-2026,6.7,6.84,6.6196,6.72,45500
NLOP,01-Sep-2026,11.33,11.4399,11.14,11.18,125200
NLY,01-Sep-2026,22.77,22.98,22.57,22.62,5612600
NLY-F,01-Sep-2026,25.42,25.435,25.35,25.35,52500
NLY-G,01-Sep-2026,25.2,25.2,25.135,25.172,79700
NLY-I,01-Sep-2026,24.96,24.99,24.9,24.9,166600
NLY-J,01-Sep-2026,26.03,26.03,25.75,25.82,71400
NLYpF,01-Sep-2026,25.38,25.435,25.35,25.35,49357
NLYpG,01-Sep-2026,25.2,25.2,25.11,25.172,76818
NLYpI,01-Sep-2026,25.35,25.35,24.9,24.91,154625
NLYpJ,01-Sep-2026,26.03,26.03,25.75,25.78,64087
NMAI,01-Sep-2026,14.7,14.7,14.5147,14.58,131900
NMAX,01-Sep-2026,10.6,10.72,10.2053,10.39,845000
NMCO,01-Sep-2026,9.98,9.98,9.71,9.75,459700
NMG,01-Sep-2026,1.45,1.455,1.4,1.41,354900
NMI,01-Sep-2026,10.45,10.45,10.3001,10.45,38300
NMM,01-Sep-2026,88.35,89.5499,88.05,88.91,115700
NMR,01-Sep-2026,10.16,10.305,10.14,10.17,992800
NMS,01-Sep-2026,10.94,10.94,10.58,10.59,114300
NMT,01-Sep-2026,12.63,12.63,12.26,12.3,40500
NMZ,01-Sep-2026,9.99,10,9.86,9.89,1405400
NNI,01-Sep-2026,124.82,126.35,124.82,125.2,157200
NNN,01-Sep-2026,45.44,45.48,45.09,45.24,1181500
NNY,01-Sep-2026,8.16,8.18,8.13,8.16,65200
NOA,01-Sep-2026,13.28,13.47,13.085,13.23,75700
NOAH,01-Sep-2026,8.54,8.6315,8.25,8.3,115500
NOC,01-Sep-2026,543.1,549.77,530.13,532.91,499400
NOG,01-Sep-2026,26.52,26.65,25.925,26.36,2107900
NOK,01-Sep-2026,10.06,10.07,9.75,9.93,61577900
NOMD,01-Sep-2026,11.69,11.87,11.6,11.67,1293200
NOV,01-Sep-2026,21.58,21.735,21.21,21.36,2505100
NOW,01-Sep-2026,144.55,146.9599,142.06,142.9,16926000
NP,01-Sep-2026,33.36,33.73,32.68,32.7,337600
NPB,01-Sep-2026,16.9,17.03,16.59,16.59,387800
NPCT,01-Sep-2026,9.68,9.71,9.62,9.66,214800
NPFD,01-Sep-2026,18.78,18.83,18.55,18.58,94700
NPK,01-Sep-2026,150.19,153.875,145.98,146.94,90700
NPKI,01-Sep-2026,13.17,13.38,12.98,13.24,1275800
NPO,01-Sep-2026,298.74,298.74,287.23,287.96,113300
NPV,01-Sep-2026,10.5,10.505,10.322,10.35,112400
NPW.W,01-Sep-2026,0.3,0.3294,0.3,0.3078,15700
NPWR,01-Sep-2026,1.75,1.78,1.725,1.75,580600
NPWR.WS,01-Sep-2026,0.3,0.3294,0.3,0.3078,13040
NRDY,01-Sep-2026,9.9,9.9,9.61,9.78,40800
NRE-A,01-Sep-2026,24.76,25.0177,24.76,25.0173,3500
NREF,01-Sep-2026,17.27,17.395,17.23,17.29,28300
NREFpA,01-Sep-2026,24.76,25.0177,24.76,25.0173,3393
NRG,01-Sep-2026,109.5,112.15,108.34,109.51,2181000
NRGV,01-Sep-2026,3.25,3.38,3.18,3.27,3878500
NRK,01-Sep-2026,10.27,10.27,10.1,10.1,449000
NRP,01-Sep-2026,111.74,112.8683,111.0651,112.16,25500
NRT,01-Sep-2026,9.15,9.2292,8.9751,9.04,32000
NRUC,01-Sep-2026,21.01,21.23,20.7201,20.86,28000
NSC,01-Sep-2026,342.25,343.54,330.32,332.96,1565300
NSP,01-Sep-2026,53.56,54.935,51.125,51.4,494200
NTB,01-Sep-2026,58.65,59.4073,58.65,58.91,106100
NTEST.H,01-Sep-2026,25.06,25.06,25.06,25.06,560
NTEST.I,01-Sep-2026,25.05,25.05,25.05,25.05,320
NTEST.Y,01-Sep-2026,25.02,25.02,25.02,25.02,180
NTR,01-Sep-2026,76,77.9945,75.4601,77.69,3723500
NTST,01-Sep-2026,20.22,20.485,20.195,20.44,1009000
NU,01-Sep-2026,14.43,14.935,14.425,14.46,67508900
NUE,01-Sep-2026,248.58,252.6,246,251.92,1311400
NUS,01-Sep-2026,4.7,4.77,4.55,4.57,685900
NUV,01-Sep-2026,8.97,8.97,8.92,8.95,560700
NUVB,01-Sep-2026,6.6,6.95,6.58,6.64,4844200
NUW,01-Sep-2026,13.94,13.95,13.87,13.915,45400
NVG,01-Sep-2026,12.12,12.13,11.995,12.02,927600
NVGS,01-Sep-2026,22.21,22.515,21.89,22.22,409400
NVO,01-Sep-2026,45.8,46.16,45.065,45.12,9355900
NVR,01-Sep-2026,6292,6370.23,6250,6275.82,46200
NVRI,01-Sep-2026,22.05,22.48,21.98,22.01,314600
NVS,01-Sep-2026,162.15,163.57,160.21,161.25,4334900
NVST,01-Sep-2026,27.21,27.61,26.595,26.64,2171400
NVT,01-Sep-2026,149.5,151.41,146.08,147.3,2343300
NWA.U,01-Sep-2026,10.4,10.42,10.4,10.42,12000
NWA.W,01-Sep-2026,0.47,0.5,0.47,0.475,54700
NWAX,01-Sep-2026,10.19,10.19,10.17,10.175,162600
NWG,01-Sep-2026,18.38,18.54,18.28,18.33,2556500
NWN,01-Sep-2026,49.31,49.43,48.7701,49.41,229900
NX,01-Sep-2026,18.98,19.09,18.415,18.49,252800
NXD-A,01-Sep-2026,13.16,13.18,13.1569,13.18,2100
NXDR,01-Sep-2026,2.23,2.255,2.18,2.2,2165000
NXDT,01-Sep-2026,5.29,5.49,5.2503,5.38,97100
NXDTpA,01-Sep-2026,13.16,13.18,13.1569,13.18,1948
NXE,01-Sep-2026,10.25,10.36,9.895,9.93,5539900
NXG,01-Sep-2026,55.83,55.83,55.2,55.53,56700
NXP,01-Sep-2026,14.22,14.2617,14.18,14.18,152800
NXRT,01-Sep-2026,23.61,23.91,23.37,23.39,430900
NYC,01-Sep-2026,6.43,6.47,6.2,6.24,15900
NYT,01-Sep-2026,67.5,68.535,67.18,67.73,1578500
NZF,01-Sep-2026,12.16,12.16,12,12.02,749500
O,01-Sep-2026,61.49,61.83,61.05,61.36,5449300
OAK-A,01-Sep-2026,20.37,20.37,20.22,20.22,9200
OAK-B,01-Sep-2026,20.21,20.21,19.96,20.02,4500
OAKpA,01-Sep-2026,20.37,20.37,20.22,20.22,7420
OAKpB,01-Sep-2026,20.21,20.21,19.96,20.02,3781
OBDC,01-Sep-2026,11.47,11.5459,11.35,11.37,3107300
OBK,01-Sep-2026,52.89,53.62,52.43,52.71,113800
OC,01-Sep-2026,136.35,137.6699,133.5,133.68,1286900
OCA-,01-Sep-2026,0.29,0.31,0.29,0.31,232200
OCA.U,01-Sep-2026,10.5,10.5,10.22,10.22,300
OCAC,01-Sep-2026,9.96,9.97,9.96,9.96,2800
ODC,01-Sep-2026,89.68,92.21,89.68,90.77,129700
OEC,01-Sep-2026,6.21,6.24,5.84,5.87,431000
OFG,01-Sep-2026,51.92,52.47,51.47,52.12,366600
OFRM,01-Sep-2026,17.19,17.5983,17.03,17.37,246000
OGC,01-Sep-2026,28.5,29.18,28.03,28.09,444600
OGE,01-Sep-2026,45.81,46.03,45.585,45.99,1230700
OGG,01-Sep-2026,2.92,2.97,2.84,2.85,867900
OGN,01-Sep-2026,13.75,13.785,13.75,13.76,3437100
OGS,01-Sep-2026,79.58,80.42,79.1701,80.36,362600
OHI,01-Sep-2026,45.99,46.95,45.8938,46.79,1792500
OI,01-Sep-2026,7.23,7.285,6.98,7.02,2776600
OIA,01-Sep-2026,6.06,6.0632,5.95,5.99,74800
OII,01-Sep-2026,52.07,52.7,51.18,51.32,613100
OIS,01-Sep-2026,8.83,8.93,8.71,8.82,450900
OKE,01-Sep-2026,97.7,99.845,95.28,95.69,4360800
OKLO,01-Sep-2026,39.35,39.35,38.05,38.53,7848500
OLN,01-Sep-2026,17.26,17.4,16.99,17.13,2175600
OLP,01-Sep-2026,24.15,24.1833,23.8,23.86,64600
OMC,01-Sep-2026,87.43,87.62,85.66,86.09,1553200
OMF,01-Sep-2026,61.99,62.72,61,61.11,946000
ONIT,01-Sep-2026,33.95,34.2,33.215,33.66,74500
ONL,01-Sep-2026,2.84,2.85,2.78,2.79,193800
ONON,01-Sep-2026,28.2,28.27,27.71,27.73,5774800
ONT,01-Sep-2026,16.89,16.99,16.47,16.54,356100
ONTO,01-Sep-2026,263.69,263.98,253.4,256.37,749900
OOMA,01-Sep-2026,22.33,22.5568,21.52,21.88,438000
OPFI,01-Sep-2026,6.91,7,6.855,6.86,500400
OPLN,01-Sep-2026,35.11,35.6525,34.9,35.05,873400
OPP,01-Sep-2026,7.43,7.51,7.4,7.43,88000
OPP-A,01-Sep-2026,15.38,15.4,15.35,15.365,5500
OPP-B,01-Sep-2026,16.7,16.7,16.64,16.64,4100
OPPpA,01-Sep-2026,15.38,15.4,15.35,15.365,4148
OPPpB,01-Sep-2026,16.7,16.7,16.64,16.64,3818
OPTU,01-Sep-2026,0.985,1,0.9211,0.9411,1652600
OPY,01-Sep-2026,117.16,121.87,116.915,119.61,150600
OR,01-Sep-2026,35.74,37.08,35.495,35.59,868400
ORA,01-Sep-2026,104.4,107.63,102.53,107.29,1023200
ORC,01-Sep-2026,6.55,6.5795,6.5,6.54,5228700
ORC-D,01-Sep-2026,45.32,45.64,44.32,44.41,457300
ORCL,01-Sep-2026,146.75,146.79,139.95,141.32,25443200
ORI,01-Sep-2026,42.03,42.28,41.49,41.72,935200
ORN,01-Sep-2026,9.26,9.4466,9.02,9.05,330800
OSCR,01-Sep-2026,29.81,30.5,29.085,29.83,5008100
OSG,01-Sep-2026,4.39,4.56,4.325,4.54,1019500
OSK,01-Sep-2026,152.88,154.6426,146.83,147.68,428300
OTA-,01-Sep-2026,0.18,0.1983,0.18,0.1982,700
OTA.U,01-Sep-2026,10.15,10.19,10.15,10.15,4000
OTAI,01-Sep-2026,10,10,9.98,10,7000
OTAX,01-Sep-2026,49.96,50.645,49.6918,49.6918,96200
OTF,01-Sep-2026,11.45,11.76,11.42,11.62,2732400
OTIS,01-Sep-2026,71.08,71.61,70.47,70.6,4585400
OUT,01-Sep-2026,29.62,29.89,29.41,29.81,1224100
OVV,01-Sep-2026,66.65,66.65,65.55,66.58,2285800
OWL,01-Sep-2026,11.88,12.22,11.67,11.68,36638300
OWLT,01-Sep-2026,4.91,5.06,4.82,4.88,352400
OXM,01-Sep-2026,37.9,38.91,37.4,37.74,236200
OXY,01-Sep-2026,61.1,61.23,60.05,60.95,7243800
OXY.W,01-Sep-2026,38.86,39.11,38.14,38.96,38400
OXY.WS,01-Sep-2026,37.9,39.11,37.9,38.96,35544
P,01-Sep-2026,92.53,94.62,89.645,93.78,2692900
PAAS,01-Sep-2026,50,52.05,49.72,50,4431300
PAC,01-Sep-2026,207.28,209,201.43,202.5,83200
PACK,01-Sep-2026,4.61,4.65,4.45,4.47,478000
PACS,01-Sep-2026,42.25,43.23,41.83,42.14,637300
PAG,01-Sep-2026,215.89,217.97,215.375,216.92,271800
PAGS,01-Sep-2026,8.95,9.4,8.95,9.14,3863700
PAI,01-Sep-2026,11.85,11.94,11.8,11.83,34300
PAM,01-Sep-2026,82.33,84.5775,82.32,84.08,158500
PAR,01-Sep-2026,18.51,19.07,18.36,18.58,695300
PARR,01-Sep-2026,81.05,81.95,77.27,80.03,1094900
PATH,01-Sep-2026,18.39,18.72,18.0301,18.14,63823600
PAXS,01-Sep-2026,14.07,14.16,14.02,14.06,214700
PAY,01-Sep-2026,35.25,35.93,34.97,35.13,1136200
PAYC,01-Sep-2026,241.77,243.28,237.12,237.95,721700
PB,01-Sep-2026,71.48,72.2,70.59,70.7,978500
PBA,01-Sep-2026,49.03,49.345,48.44,49.03,933100
PBF,01-Sep-2026,75,76.16,72.23,74.99,5015600
PBH,01-Sep-2026,52.5,53.57,52.28,52.64,592500
PBI,01-Sep-2026,16.8,17.69,16.8,17.11,2613100
PBI-B,01-Sep-2026,21.75,21.8387,21.75,21.81,31300
PBIpB,01-Sep-2026,21.75,21.8387,21.75,21.785,28842
PBR,01-Sep-2026,19.67,20.3391,19.65,20.33,31122400
PBR.A,01-Sep-2026,17.69,18.255,17.69,18.2,10081200
PBT,01-Sep-2026,34.4,34.77,33.88,34.05,81100
PCF,01-Sep-2026,5.43,5.5099,5.43,5.44,98700
PCG,01-Sep-2026,13.3,14.79,13.045,14.06,144642500
PCG-X,01-Sep-2026,33.88,36.82,33.5205,35.25,3591300
PCGpX,01-Sep-2026,33.88,36.82,33.5205,35.25,1915125
PCM,01-Sep-2026,5.35,5.379,5.22,5.32,149800
PCN,01-Sep-2026,11.74,11.75,11.69,11.71,423300
PCOR,01-Sep-2026,61.75,62.72,60.28,60.36,1527200
PCQ,01-Sep-2026,8.65,8.65,8.6,8.6,94000
PD,01-Sep-2026,13.91,14.17,13.63,14.04,1905200
PDCC,01-Sep-2026,8.84,8.85,8.81,8.85,2800
PDI,01-Sep-2026,15.17,15.4,15.15,15.15,3928800
PDM,01-Sep-2026,9.51,9.62,9.445,9.54,1628500
PDO,01-Sep-2026,12.5,12.51,12.36,12.38,1077600
PDPA,01-Sep-2026,25.04,25.07,25.04,25.0501,7400
PDS,01-Sep-2026,91.8,92.94,91.05,92.32,70200
PDT,01-Sep-2026,12.64,12.67,12.58,12.6,117800
PDX,01-Sep-2026,21.94,21.94,21.785,21.84,85900
PEB,01-Sep-2026,18.01,18.19,17.405,17.74,3320400
PEB-E,01-Sep-2026,19.87,19.88,19.7501,19.88,6500
PEB-F,01-Sep-2026,19.88,19.88,19.48,19.8,12600
PEB-G,01-Sep-2026,19.98,19.98,19.67,19.8,15800
PEB-H,01-Sep-2026,18.51,18.51,18.33,18.45,12300
PEBpE,01-Sep-2026,19.87,19.88,19.7501,19.88,1758
PEBpF,01-Sep-2026,19.88,19.88,19.48,19.8,6993
PEBpG,01-Sep-2026,19.98,19.98,19.67,19.8,11919
PEBpH,01-Sep-2026,18.51,18.51,18.33,18.45,10373
PEG,01-Sep-2026,73.68,73.885,73.1395,73.48,3581400
PEN,01-Sep-2026,325,325,322.19,322.58,150700
PEO,01-Sep-2026,29,29.14,28.88,29.09,77900
PERF,01-Sep-2026,1.89,1.9,1.89,1.9,24900
PEW,01-Sep-2026,2.32,2.33,2.22,2.27,301700
PEW.W,01-Sep-2026,0.29,0.29,0.251,0.251,5300
PEW.WS,01-Sep-2026,0.29,0.29,0.251,0.251,4578
PFD,01-Sep-2026,11.46,11.46,11.33,11.37,38900
PFE,01-Sep-2026,28.82,29.09,28.465,28.55,42493300
PFGC,01-Sep-2026,99.28,100.2,98.09,99.2,1306700
PFH,01-Sep-2026,15.3,15.3,15.14,15.19,52900
PFL,01-Sep-2026,7.62,7.6646,7.54,7.54,256300
PFLA,01-Sep-2026,24.95,25,24.95,24.99,28900
PFLT,01-Sep-2026,7.45,7.49,7.37,7.39,869600
PFN,01-Sep-2026,6.97,6.9891,6.84,6.89,832900
PFO,01-Sep-2026,9.07,9.07,9.03,9.04,17200
PFS,01-Sep-2026,23.3,23.4,22.9,23,814700
PFSI,01-Sep-2026,72.42,72.865,70.665,70.78,613500
PG,01-Sep-2026,145.76,148.359,145.0928,146.21,8504200
PGP,01-Sep-2026,8.77,8.82,8.7,8.75,31000
PGR,01-Sep-2026,219.5,220.72,218.0001,220.54,2364100
PGZ,01-Sep-2026,9.82,9.8543,9.8,9.81,26600
PH,01-Sep-2026,975.71,980.45,949.58,952.09,645000
PHG,01-Sep-2026,26.96,26.97,26.5,26.59,732600
PHI,01-Sep-2026,17.95,18.21,17.82,18.13,214800
PHIN,01-Sep-2026,67.8,68.62,66.48,66.82,331200
PHK,01-Sep-2026,4.52,4.54,4.5,4.52,774000
PHM,01-Sep-2026,124.59,126.3,122.9,123.13,1502600
PHR,01-Sep-2026,11.99,12.22,11.77,11.84,506200
PII,01-Sep-2026,62.79,63.45,60.93,61.38,711400
PIM,01-Sep-2026,3.12,3.17,3.12,3.17,47500
PIN-A,01-Sep-2026,25.3,25.3,25.25,25.2828,5400
PINE,01-Sep-2026,19.4,19.6,19.34,19.54,97200
PINS,01-Sep-2026,21.61,21.895,21.155,21.25,9834700
PIPR,01-Sep-2026,74.12,77.335,73.63,74.49,666000
PJT,01-Sep-2026,178.77,185.055,173.56,179.85,416000
PK,01-Sep-2026,15.53,15.63,15.12,15.22,6140000
PKE,01-Sep-2026,32.05,32.45,31.39,31.69,194200
PKG,01-Sep-2026,233.8,234.2,228.51,229.12,695500
PKX,01-Sep-2026,60.99,62,60.87,61.11,207000
PL,01-Sep-2026,19.57,19.97,19.08,19.26,7804500
PLD,01-Sep-2026,139.47,140.07,138.66,139.68,3096500
PLGO,01-Sep-2026,24.51,24.84,24.42,24.74,342500
PLNT,01-Sep-2026,50.77,51.305,49.89,50.47,1535000
PLOW,01-Sep-2026,40.79,41.035,40.13,40.7,204700
PLUN,01-Sep-2026,10.05,10.05,10.05,10.05,100
PM,01-Sep-2026,190.35,192.3709,187.07,187.15,4134700
PML,01-Sep-2026,7.355,7.355,7.23,7.24,396400
PMM,01-Sep-2026,6.23,6.23,6.18,6.18,52700
PMMF,01-Sep-2026,100.32,100.34,100.31,100.34,150600
PMO,01-Sep-2026,10.26,10.26,10.17,10.175,53400
PMT,01-Sep-2026,9.27,9.365,9.23,9.24,1370400
PMT-A,01-Sep-2026,22.79,22.79,22.63,22.66,6700
PMT-B,01-Sep-2026,22.65,22.65,22.41,22.421,9300
PMT-C,01-Sep-2026,18.04,18.04,17.87,17.87,24500
PMTpA,01-Sep-2026,22.79,22.79,22.63,22.66,5295
PMTpB,01-Sep-2026,22.75,22.75,22.41,22.421,7710
PMTpC,01-Sep-2026,18.04,18.04,17.87,17.9,22366
PMTU,01-Sep-2026,25.94,25.94,25.94,25.94,600
PMTV,01-Sep-2026,25.27,25.38,25.25,25.38,6000
PMTW,01-Sep-2026,25.09,25.235,25.09,25.16,23500
PNA.U,01-Sep-2026,9.92,10,9.92,10,500
PNC,01-Sep-2026,240.02,241.905,236.785,237.49,1348600
PNF-A,01-Sep-2026,25.17,25.2837,25.03,25.24,9800
PNF-B,01-Sep-2026,26.22,26.32,26.03,26.14,9700
PNF-C,01-Sep-2026,24.06,24.2,24.06,24.2,15100
PNFP,01-Sep-2026,99.73,100.44,96.7105,97.03,1335100
PNI,01-Sep-2026,6.81,6.81,6.75,6.755,32000
PNNT,01-Sep-2026,3.75,3.78,3.68,3.73,1186800
PNR,01-Sep-2026,60.01,61.9499,60,60.45,6153000
PNW,01-Sep-2026,98,98.27,96.94,97.66,1012600
POR,01-Sep-2026,49.03,49.33,48.68,49.06,908500
POST,01-Sep-2026,83.19,84.9399,83.19,83.59,850500
PPG,01-Sep-2026,111.23,111.785,109.09,109.7,1441200
PPL,01-Sep-2026,34.23,34.505,34.065,34.47,9995100
PPLC,01-Sep-2026,45.97,46.2,45.91,45.93,27500
PPT,01-Sep-2026,3.42,3.44,3.4,3.42,98300
PR,01-Sep-2026,23.91,23.91,23.35,23.79,11480800
PRCS,01-Sep-2026,29.15,29.21,28.9327,28.95,7600
PRG,01-Sep-2026,37.67,38.48,37.29,37.6,538400
PRGO,01-Sep-2026,14.52,14.9,14.315,14.43,3690400
PRH,01-Sep-2026,21.68,21.69,21.11,21.14,71100
PRI,01-Sep-2026,288.64,291.4652,287,290.35,207900
PRI-D,01-Sep-2026,24.6,24.6506,24.6,24.6506,1400
PRI-K,01-Sep-2026,21.87,22.05,21.79,21.79,2600
PRI-L,01-Sep-2026,24.53,24.53,24.34,24.34,1100
PRIFpD,01-Sep-2026,24.6,24.6506,24.6,24.6506,1294
PRIFpK,01-Sep-2026,21.87,22.05,21.79,21.79,2200
PRIFpL,01-Sep-2026,24.53,24.53,24.34,24.34,1060
PRIM,01-Sep-2026,71.36,73.19,70.1225,72.25,1194700
PRKS,01-Sep-2026,39.36,40.04,38.4,38.72,674100
PRLB,01-Sep-2026,78.59,79.595,77.92,78.49,140100
PRM,01-Sep-2026,30.22,30.5,29.66,30.34,831100
PRMB,01-Sep-2026,22.78,23.325,22.5136,22.92,5962500
PRS,01-Sep-2026,20.25,20.39,20.14,20.14,56900
PRSU,01-Sep-2026,47.61,48.21,47.07,47.21,427200
PRT,01-Sep-2026,2.24,2.24,2.19,2.19,15100
PRU,01-Sep-2026,118.14,119.3,116.6109,117.14,1451800
PRVS,01-Sep-2026,33.14,33.14,32.95,32.99,2300
PS,01-Sep-2026,42.3,42.375,38.1902,38.52,195700
PSA,01-Sep-2026,306.89,308.75,300.92,302.86,1348400
PSA-F,01-Sep-2026,19.2,19.35,19.0329,19.294,27100
PSA-G,01-Sep-2026,18.64,18.72,18.58,18.64,33600
PSA-H,01-Sep-2026,20.83,20.9832,20.72,20.72,13200
PSA-I,01-Sep-2026,18.04,18.35,17.85,17.925,27300
PSA-J,01-Sep-2026,17.42,17.66,17.31,17.335,11500
PSA-K,01-Sep-2026,17.67,17.765,17.58,17.7,8200
PSA-L,01-Sep-2026,17.13,17.21,16.89,17.04,42300
PSA-M,01-Sep-2026,15.23,15.26,15.185,15.21,15300
PSA-N,01-Sep-2026,14.56,14.56,14.35,14.35,14000
PSA-O,01-Sep-2026,14.46,14.46,14.35,14.38,43200
PSA-P,01-Sep-2026,14.75,14.93,14.65,14.69,62200
PSA-Q,01-Sep-2026,14.56,14.6,14.52,14.55,28700
PSA-R,01-Sep-2026,14.91,14.91,14.7,14.7,38100
PSA-S,01-Sep-2026,15.49,15.49,15.16,15.2082,6800
PSA-T,01-Sep-2026,22.54,22.6,22.26,22.44,16300
PSA-U,01-Sep-2026,23.41,23.49,23.225,23.35,5400
PSApF,01-Sep-2026,19.2,19.35,19.0329,19.294,23707
PSApG,01-Sep-2026,18.64,18.72,18.58,18.64,29363
PSApH,01-Sep-2026,20.83,20.9832,20.75,20.75,10137
PSApI,01-Sep-2026,18.04,18.35,17.85,17.925,23002
PSApJ,01-Sep-2026,17.42,17.66,17.31,17.335,9211
PSApK,01-Sep-2026,17.67,17.765,17.58,17.7,5411
PSApL,01-Sep-2026,17.13,17.21,16.89,17.06,33798
PSApM,01-Sep-2026,15.235,15.26,15.185,15.21,11828
PSApN,01-Sep-2026,14.56,14.56,14.35,14.35,11589
PSApO,01-Sep-2026,14.46,14.46,14.35,14.38,40078
PSApP,01-Sep-2026,14.75,14.93,14.65,14.69,48446
PSApQ,01-Sep-2026,14.56,14.6,14.52,14.55,24618
PSApR,01-Sep-2026,14.91,14.91,14.7,14.71,30679
PSApS,01-Sep-2026,15.49,15.49,15.16,15.2082,5702
PSBD,01-Sep-2026,10.36,10.415,10.3,10.32,53600
PSE-A,01-Sep-2026,16.1,16.32,16.1,16.32,2400
PSECpA,01-Sep-2026,16.1,16.32,16.1,16.32,2149
PSF,01-Sep-2026,19.46,19.495,19.35,19.36,25500
PSFE,01-Sep-2026,6.36,6.43,6.22,6.22,424300
PSN,01-Sep-2026,48.2,48.75,46.09,46.37,1201700
PSO,01-Sep-2026,16.56,16.695,16.45,16.5,425900
PSQ.W,01-Sep-2026,0.0181,0.0181,0.018,0.018,1000
PSQH,01-Sep-2026,5.29,5.45,4.99,5,26100
PSQH.WS,01-Sep-2026,0.0181,0.0181,0.018,0.018,1000
PSTL,01-Sep-2026,23.44,23.84,23.2088,23.74,255200
PSUS,01-Sep-2026,39.39,39.39,39,39.03,181700
PSX,01-Sep-2026,251.66,252.05,247.135,252.02,3099700
PTA,01-Sep-2026,18.4,18.63,18.4,18.41,162300
PTY,01-Sep-2026,11.77,11.81,11.7238,11.79,1250200
PUK,01-Sep-2026,27.34,27.555,27.025,27.08,1129900
PUMP,01-Sep-2026,11.41,11.72,11.19,11.35,2557800
PVH,01-Sep-2026,72.67,74.21,72.07,72.87,1172100
PVL,01-Sep-2026,1.87,1.87,1.81,1.81,71000
PWR,01-Sep-2026,605.32,612.19,593.7,611.39,989100
PXED,01-Sep-2026,29,30.13,29,29.12,72300
PYT,01-Sep-2026,23.47,24.93,23.47,23.75,10300
Q,01-Sep-2026,117.65,118.47,113.33,115.49,2794600
QGEN,01-Sep-2026,44.23,44.32,43.08,43.39,2554600
QLE.W,01-Sep-2026,0.155,0.155,0.1101,0.1294,110300
QLEP,01-Sep-2026,10.05,10.05,10.03,10.03,3500
QRED,01-Sep-2026,10.05,10.05,10.05,10.05,1400
QSR,01-Sep-2026,78.2,78.72,77.47,78.22,3843700
QTWO,01-Sep-2026,64.15,65.2,63.5181,63.91,415000
QUAD,01-Sep-2026,10.11,10.32,10.02,10.08,400800
QXO,01-Sep-2026,13.1,13.156,12.82,12.88,13777000
QXO-B,01-Sep-2026,40.35,40.68,39.7,39.94,54500
QXOpB,01-Sep-2026,40.25,40.68,39.7,39.92,45416
R,01-Sep-2026,244.9,246.11,241.36,243.48,272200
RA,01-Sep-2026,12.58,12.6,12.51,12.51,154200
RAC,01-Sep-2026,10.55,10.55,10.535,10.55,108600
RAC.W,01-Sep-2026,0.5001,0.5001,0.5,0.5001,3800
RACE,01-Sep-2026,412.75,414.92,409.73,410.21,438000
RAL,01-Sep-2026,61.66,62.195,60.24,61.03,1424500
RAMP,01-Sep-2026,37.72,37.825,37.66,37.82,1152000
RBA,01-Sep-2026,84.06,84.29,82.23,82.75,2033100
RBC,01-Sep-2026,490.75,496.275,486.02,488.69,237200
RBLX,01-Sep-2026,40.8,40.99,39.35,40.67,9240200
RBRK,01-Sep-2026,91.7,94,87.6,88.4,3259600
RC,01-Sep-2026,1.76,1.76,1.69,1.69,879600
RC-C,01-Sep-2026,12.18,12.5,12.18,12.5,1500
RC-E,01-Sep-2026,13.18,13.34,13.18,13.19,8700
RCD,01-Sep-2026,23.25,23.7008,22.781,22.7901,6300
RCI,01-Sep-2026,36.9,37.35,36.35,36.41,1116900
RCL,01-Sep-2026,267.13,269,263.545,265.7,2011600
RCpC,01-Sep-2026,12.18,12.5,12.18,12.5,1582
RCpE,01-Sep-2026,13.18,13.34,13.18,13.19,7660
RCS,01-Sep-2026,5.29,5.33,5.2,5.25,171000
RCUS,01-Sep-2026,29.18,29.87,28.68,29.71,1528400
RDDT,01-Sep-2026,144.79,147.8625,143.8,144.64,3799100
RDN,01-Sep-2026,36,36.39,35.74,35.8,704600
RDW,01-Sep-2026,10.42,10.62,10.19,10.26,8161700
RDY,01-Sep-2026,12.21,12.28,12.15,12.17,1932100
REF,01-Sep-2026,14.19,14.74,14.16,14.18,212600
RELX,01-Sep-2026,36.17,36.37,35.685,35.7,1337700
RERE,01-Sep-2026,4.07,4.19,4.04,4.14,635300
RES,01-Sep-2026,6.6,6.66,6.5,6.55,1761300
REX,01-Sep-2026,41.22,42.0868,39.6979,41.99,226400
REX-B,01-Sep-2026,22.31,22.5,22.31,22.42,11500
REX-C,01-Sep-2026,21.325,21.325,21.17,21.17,2700
REXR,01-Sep-2026,37.01,37.37,36.86,37.06,2379500
REXRpB,01-Sep-2026,22.31,22.5,22.31,22.42,9447
REXRpC,01-Sep-2026,21.325,21.325,21.17,21.17,2207
REZI,01-Sep-2026,19.52,19.56,18.86,19.24,2405600
RF,01-Sep-2026,29.55,29.84,29.2502,29.29,6252500
RF-C,01-Sep-2026,24.45,24.7,24.3501,24.48,34600
RF-E,01-Sep-2026,16.1,16.23,15.93,15.98,69800
RF-F,01-Sep-2026,25.14,25.2822,25.1,25.2,50400
RFI,01-Sep-2026,11.36,11.5647,11.27,11.29,85600
RFL,01-Sep-2026,2.55,2.55,2.34,2.44,90500
RFM,01-Sep-2026,14.42,14.42,14.34,14.34,24200
RFMZ,01-Sep-2026,13.12,13.1261,12.915,12.95,73100
RFpC,01-Sep-2026,24.45,24.7,24.3501,24.55,27723
RFpE,01-Sep-2026,16.1,16.23,15.93,15.955,63042
RFpF,01-Sep-2026,25.14,25.2822,25.1,25.2,41511
RGA,01-Sep-2026,247.99,250.95,246.04,247.72,404800
RGR,01-Sep-2026,37.61,38.03,37.4459,37.97,96700
RGT,01-Sep-2026,15.24,15.46,15,15.1,21100
RH,01-Sep-2026,145.79,146.16,141.79,144.48,528700
RHI,01-Sep-2026,45.42,46.02,43.52,43.55,1576100
RHLD,01-Sep-2026,133.7,135,130.09,130.78,175000
RHP,01-Sep-2026,126.55,128.3481,122.01,123.46,822700
RIG,01-Sep-2026,5.9,5.99,5.8,5.92,37119500
RIO,01-Sep-2026,102.15,103.65,101.756,101.86,2325000
RIT-A,01-Sep-2026,25.48,25.529,25.33,25.38,7100
RIT-B,01-Sep-2026,25.425,25.45,25.4,25.425,13300
RIT-C,01-Sep-2026,24.84,24.92,24.84,24.875,39400
RIT-D,01-Sep-2026,25.11,25.11,25.06,25.06,51300
RIT-E,01-Sep-2026,24.64,24.7999,24.57,24.75,47500
RIT-F,01-Sep-2026,24.91,24.96,24.79,24.81,35700
RITM,01-Sep-2026,9.99,10.0673,9.8845,9.89,4502000
RITMpA,01-Sep-2026,25.476,25.529,25.33,25.38,5039
RITMpB,01-Sep-2026,25.425,25.45,25.4,25.425,10961
RITMpC,01-Sep-2026,24.89,24.92,24.84,24.875,36739
RITMpD,01-Sep-2026,25.11,25.11,25.06,25.07,46843
RITMpE,01-Sep-2026,24.64,24.7999,24.57,24.75,40777
RIV,01-Sep-2026,10.97,11,10.93,10.96,71900
RIV-A,01-Sep-2026,21.6,21.69,21.54,21.55,5600
RIV-W,01-Sep-2026,0.008,0.0095,0.008,0.0094,17300
RIVpA,01-Sep-2026,21.6,21.69,21.54,21.55,5037
RJF,01-Sep-2026,176.28,176.64,172.365,173.5,1449900
RKT,01-Sep-2026,13.1,13.505,12.95,13.03,21580700
RL,01-Sep-2026,341.98,345.745,339.03,340.82,812800
RLI,01-Sep-2026,64.06,64.57,63.025,63.35,552700
RLJ,01-Sep-2026,10.99,11.1,10.875,11.02,1619900
RLJ-A,01-Sep-2026,25.2,25.37,25.2,25.33,21600
RLJpA,01-Sep-2026,25.2,25.37,25.2,25.33,19630
RLTY,01-Sep-2026,15.56,15.5724,15.35,15.4,51600
RLX,01-Sep-2026,1.82,1.825,1.74,1.79,6177000
RM,01-Sep-2026,31.8,32.0786,31.52,31.83,62000
RMD,01-Sep-2026,239.9,242.4,230.175,231.36,987000
RMI,01-Sep-2026,15.12,15.35,15.12,15.17,9700
RMM,01-Sep-2026,14.32,14.43,14.2,14.24,54100
RMMZ,01-Sep-2026,14.83,14.86,14.7337,14.75,3600
RMT,01-Sep-2026,13.8,13.835,13.69,13.7,123100
RNG,01-Sep-2026,70.01,70.78,68.79,70.77,2014400
RNGR,01-Sep-2026,16.7,17.25,16.395,16.95,299900
RNP,01-Sep-2026,20.02,20.23,20.01,20.15,143600
RNR,01-Sep-2026,330.16,334.97,328.525,329.79,219600
RNR-F,01-Sep-2026,20.06,20.2999,19.85,19.97,25500
RNR-G,01-Sep-2026,14.65,14.675,14.52,14.55,44900
RNRpF,01-Sep-2026,20.06,20.2999,19.85,19.96,22378
RNRpG,01-Sep-2026,14.65,14.675,14.52,14.52,40037
RNST,01-Sep-2026,40.89,40.97,39.8775,39.93,581600
ROG,01-Sep-2026,123.45,125.1,122.48,122.99,150800
ROK,01-Sep-2026,422.13,426.41,416.83,417.53,874300
ROL,01-Sep-2026,36.18,36.474,35.845,36.19,3766400
RONB,01-Sep-2026,23.98,24.1,23.7209,23.75,113700
RPC,01-Sep-2026,8.47,8.68,8.34,8.43,537900
RPM,01-Sep-2026,103.24,103.955,101.63,101.85,1651200
RPT,01-Sep-2026,12.55,13.23,12.4,12.59,45300
RPT-C,01-Sep-2026,25.2169,25.2169,25,25,1900
RPTpC,01-Sep-2026,25.2169,25.2169,25,25,1824
RQI,01-Sep-2026,12.15,12.26,12.065,12.16,998000
RRC,01-Sep-2026,41.94,42.58,41.585,42.4,2937900
RRX,01-Sep-2026,156.13,158.26,154.06,157.01,1321400
RS,01-Sep-2026,382.67,391.685,380.1,390.11,356300
RSF,01-Sep-2026,14.54,14.54,14.5098,14.511,9900
RSG,01-Sep-2026,222.61,224.59,220.6075,223.29,1878300
RSI,01-Sep-2026,25.56,26.25,25.16,25.75,2577500
RSKD,01-Sep-2026,6.25,6.355,6.125,6.19,1847400
RTO,01-Sep-2026,23.8,24.41,23.75,24.3,2076300
RTX,01-Sep-2026,208.51,211.31,204.17,205.16,3087900
RVI,01-Sep-2026,26.7,27,26.25,26.53,113000
RVII,01-Sep-2026,22.87,22.87,22,22,144200
RVLV,01-Sep-2026,22,22.88,21.8,22.21,1050500
RVT,01-Sep-2026,18.48,18.48,18.1001,18.19,284400
RVTY,01-Sep-2026,127.46,128.18,125.49,126.59,3056500
RWT,01-Sep-2026,4.56,4.585,4.41,4.42,1659900
RWT-A,01-Sep-2026,24.57,24.605,24.33,24.33,4000
RWTN,01-Sep-2026,24.44,24.625,24.3501,24.625,4900
RWTO,01-Sep-2026,24.54,24.6,24.1,24.1,4700
RWTP,01-Sep-2026,23.6,23.6,23.25,23.25,16100
RWTpA,01-Sep-2026,24.57,24.605,24.33,24.33,2915
RWTQ,01-Sep-2026,23.37,23.37,22.68,22.83,38300
RWTS,01-Sep-2026,23.5,23.6,22.96,23.14,91700
RXO,01-Sep-2026,21.71,21.71,19.84,20.11,1222900
RY,01-Sep-2026,203.78,204.78,201.75,203.48,1483800
RYAM,01-Sep-2026,8.5,8.51,8.3,8.33,796900
RYAN,01-Sep-2026,42.63,42.93,41.98,42.32,1526300
RYN,01-Sep-2026,20.43,20.9,20.29,20.81,5709400
RYZ,01-Sep-2026,24.82,25.45,24.4,25.34,341000
RZC,01-Sep-2026,25.57,25.61,25.5,25.51,26500
S,01-Sep-2026,21.72,21.96,20.54,20.63,6890100
SA,01-Sep-2026,30.44,31.24,29.9,29.92,986900
SABA,01-Sep-2026,8.25,8.3163,8.23,8.23,75100
SAC,01-Sep-2026,10.1,10.1,10.1,10.1,2600
SAFE,01-Sep-2026,15.06,15.31,15.06,15.2,253300
SAGU,01-Sep-2026,10.01,10.01,10.01,10.01,40000
SAH,01-Sep-2026,78.44,79.31,77.18,77.89,278900
SAJ,01-Sep-2026,25.17,25.17,25.11,25.1101,2200
SAM,01-Sep-2026,176.86,178.43,172.77,174.95,205500
SAM.U,01-Sep-2026,9.92,9.93,9.91,9.91,12400
SAM.W,01-Sep-2026,0.27,0.27,0.2302,0.24,188000
SAMO,01-Sep-2026,9.8,9.81,9.79,9.8,27300
SAN,01-Sep-2026,14.53,14.64,14.355,14.38,8677500
SAP,01-Sep-2026,215.86,218,211.86,212.04,2552800
SAR,01-Sep-2026,18.58,18.58,18.3,18.34,77100
SARO,01-Sep-2026,24.3,24.875,24.14,24.21,3907200
SAT,01-Sep-2026,25,25.01,25,25.01,1500
SAV,01-Sep-2026,24.64,24.665,24.605,24.65,2300
SAX,01-Sep-2026,24.8,24.8,24.72,24.78,61500
SAY,01-Sep-2026,25.1,25.11,25.09,25.09,5400
SAZ,01-Sep-2026,25.2,25.235,25.2,25.22,1100
SB,01-Sep-2026,8.6,8.87,8.58,8.75,1069000
SB-C,01-Sep-2026,26.43,26.43,26.3818,26.3818,300
SB-D,01-Sep-2026,26.15,26.19,26.15,26.18,4300
SBH,01-Sep-2026,16.17,16.77,15.95,16.37,963800
SBI,01-Sep-2026,7.58,7.6,7.56,7.56,19300
SBpC,01-Sep-2026,26.43,26.43,26.3818,26.3818,365
SBpD,01-Sep-2026,26.15,26.19,26.15,26.18,400
SBR,01-Sep-2026,75.59,76.4493,75.25,75.68,23400
SBS,01-Sep-2026,4.9,5.025,4.855,4.87,14418600
SBSI,01-Sep-2026,31.68,31.69,31.36,31.42,137900
SBSW,01-Sep-2026,11.41,11.95,11.35,11.66,5651300
SBX.V,01-Sep-2026,11.3,11.3,11.3,11.3,400
SBX.Y,01-Sep-2026,0.1199,0.1199,0.0806,0.0979,80500
SBXD.WS,01-Sep-2026,0.1199,0.1199,0.0806,0.0979,80061
SBXE,01-Sep-2026,10.13,10.13,10.11,10.11,600
SCCO,01-Sep-2026,203.1,209.6,200.89,201.61,970300
SCD,01-Sep-2026,15.58,15.65,15.53,15.55,55000
SCE-G,01-Sep-2026,16.6,17.09,16.54,17,10600
SCE-L,01-Sep-2026,16.57,16.76,16.4,16.68,225400
SCE-M,01-Sep-2026,23.75,24.14,23.6883,24.01,150100
SCE-N,01-Sep-2026,22.4,22.65,22.35,22.56,28300
SCEpG,01-Sep-2026,16.6,17.09,16.54,17.09,9072
SCEpL,01-Sep-2026,16.57,16.76,16.4,16.72,221679
SCEpM,01-Sep-2026,23.75,24.14,23.6883,24,116398
SCEpN,01-Sep-2026,22.4,22.65,22.35,22.55,15594
SCH-D,01-Sep-2026,23.23,23.305,23.1,23.16,88700
SCH-J,01-Sep-2026,16.88,16.91,16.5,16.5616,90600
SCHW,01-Sep-2026,109.44,109.8,107.97,108.28,8172800
SCHWpD,01-Sep-2026,23.23,23.305,23.1,23.13,74122
SCHWpJ,01-Sep-2026,16.88,16.91,16.5,16.5616,72887
SCI,01-Sep-2026,82.12,83.03,81.35,81.43,700400
SCL,01-Sep-2026,62.04,62.1799,60.6,61.45,86700
SCM,01-Sep-2026,8.6,8.8131,8.6,8.72,186000
SD,01-Sep-2026,14.27,14.39,14.115,14.37,273000
SDHC,01-Sep-2026,11.94,12.25,11.33,11.41,32500
SDHY,01-Sep-2026,15.97,15.9799,15.825,15.84,91900
SDRL,01-Sep-2026,49.39,49.59,48.95,49.13,527900
SE,01-Sep-2026,111.115,114.765,110.77,112.65,2568200
SEA-A,01-Sep-2026,25.69,25.72,25.57,25.605,7700
SEA-B,01-Sep-2026,25.9,25.96,25.8,25.84,6700
SEALpA,01-Sep-2026,25.69,25.72,25.57,25.605,6983
SEALpB,01-Sep-2026,25.9,25.96,25.8,25.84,5795
SECZ,01-Sep-2026,6.33,6.52,6.22,6.25,644800
SEG,01-Sep-2026,25.96,26.3808,25.845,26.05,44200
SEI,01-Sep-2026,49.5,50.4481,48.25,49.64,2489700
SES,01-Sep-2026,0.5074,0.53,0.4999,0.523,9074800
SF,01-Sep-2026,79.79,81.04,78.69,78.84,686100
SF-B,01-Sep-2026,21.98,22.29,21.67,21.85,12700
SF-C,01-Sep-2026,21.35,21.93,21.22,21.93,25000
SF-D,01-Sep-2026,15.63,15.75,15.386,15.63,17000
SFB,01-Sep-2026,19.66,19.695,19.64,19.685,9300
SFBS,01-Sep-2026,42.96,43.12,41.17,41.53,559400
SFL,01-Sep-2026,12.58,12.675,12.345,12.43,1350300
SFpB,01-Sep-2026,21.98,22.29,21.67,21.85,11543
SFpC,01-Sep-2026,21.35,21.93,21.22,21.93,19352
SFpD,01-Sep-2026,15.63,15.75,15.386,15.63,14575
SG,01-Sep-2026,6.89,6.91,6.39,6.47,7253600
SGHC,01-Sep-2026,13.5,13.77,13.31,13.46,2680400
SGI,01-Sep-2026,63.88,66.02,63.56,63.65,4650100
SGOV,01-Sep-2026,100.405,100.41,100.4,100.41,43943700
SGU,01-Sep-2026,12.76,12.8288,12.67,12.79,8700
SHAK,01-Sep-2026,67.29,69.19,66.75,67.62,1015700
SHEL,01-Sep-2026,92.72,93.86,92.47,93.51,11105500
SHG,01-Sep-2026,79.76,81.12,79.22,79.94,155300
SHO,01-Sep-2026,11.08,11.16,10.91,10.96,3004300
SHO-H,01-Sep-2026,22.5,22.5,22.5,22.5,600
SHO-I,01-Sep-2026,21.61,21.72,21.61,21.7,28400
SHOC,01-Sep-2026,101.31,101.65,100.495,101.192,5800
SHOpH,01-Sep-2026,22.5,22.5,22.5,22.5,454
SHOpI,01-Sep-2026,21.61,21.72,21.61,21.7,17882
SHV,01-Sep-2026,110.06,110.06,110.04,110.05,4153500
SHW,01-Sep-2026,337.91,337.91,328.9,329.95,1471900
SI,01-Sep-2026,21.18,21.3,19.865,20.54,91300
SID,01-Sep-2026,1.03,1.14,1.025,1.13,5354100
SIG,01-Sep-2026,80.88,82.22,80.5,81.26,649700
SII,01-Sep-2026,128.31,131.38,126.595,127.07,159000
SIND,01-Sep-2026,15.12,15.91,14.825,15.34,83500
SITC,01-Sep-2026,2.95,3.02,2.9,2.9,1191600
SITE,01-Sep-2026,96.93,98.57,96,97.47,932300
SJM,01-Sep-2026,132.21,134,130.74,131.42,1720000
SJT,01-Sep-2026,2.79,2.8694,2.7437,2.85,70100
SKE,01-Sep-2026,31.5,31.88,30.2,30.32,629900
SKIL,01-Sep-2026,6.82,6.83,6.44,6.53,32100
SKM,01-Sep-2026,37.79,38.19,37.59,37.76,2124200
SKT,01-Sep-2026,37.68,38.08,37.68,38.04,821200
SKY,01-Sep-2026,88.36,88.71,85.085,85.68,537000
SKY.W,01-Sep-2026,0.34,0.34,0.2501,0.28,12300
SKYH,01-Sep-2026,10.5,10.58,10.29,10.32,153800
SKYH.WS,01-Sep-2026,0.34,0.34,0.2501,0.28,8299
SLB,01-Sep-2026,60,60.18,57.07,57.15,18471600
SLF,01-Sep-2026,78.6,78.64,77.25,77.99,677900
SLG,01-Sep-2026,55.64,56.21,54.16,54.59,1094600
SLG-I,01-Sep-2026,21.5,21.5,21.38,21.38,1500
SLGN,01-Sep-2026,41.27,41.98,41.04,41.41,1122200
SLGpI,01-Sep-2026,21.5,21.5,21.38,21.38,1002
SLNZ,01-Sep-2026,45.89,45.89,45.44,45.585,600
SLQT,01-Sep-2026,0.546,0.5564,0.5215,0.5362,1186200
SLVM,01-Sep-2026,35.84,36.72,34.25,34.52,291400
SM,01-Sep-2026,38.15,38.2,37.32,38.04,2198100
SMA,01-Sep-2026,32.69,32.98,32.235,32.5,690400
SMBK,01-Sep-2026,50.37,51.13,49.79,50,157400
SMC,01-Sep-2026,34.5,35.09,34.3,34.96,69600
SMFG,01-Sep-2026,26.02,26.315,25.92,26.03,1270200
SMG,01-Sep-2026,59.27,60.66,58.54,59.1,751100
SMHI,01-Sep-2026,9.63,9.81,9.4673,9.78,122900
SMP,01-Sep-2026,37.57,38.125,37.29,37.71,266800
SMR,01-Sep-2026,8.9,9.31,8.78,9.21,17599000
SMRT,01-Sep-2026,1.32,1.335,1.29,1.32,595000
SMWB,01-Sep-2026,9.5,9.5,8.67,8.78,615700
SN,01-Sep-2026,189.99,191.4988,174.265,174.92,2778500
SNA,01-Sep-2026,384.97,386.8,380.3,381.2,246000
SNAP,01-Sep-2026,5.44,5.47,5.28,5.35,30725700
SNDA,01-Sep-2026,37.5,38.85,37.405,37.8,670500
SNDR,01-Sep-2026,34.33,34.56,33.08,33.61,1108700
SNN,01-Sep-2026,29.63,29.69,28.9,28.97,2782300
SNOW,01-Sep-2026,325.875,328.76,317.82,319.8,4000700
SNU-H,01-Sep-2026,20.9,21.19,20.36,20.61,31200
SNU-I,01-Sep-2026,23.5516,23.84,23.5516,23.7,10900
SNX,01-Sep-2026,252.01,253.82,249.74,251.39,469600
SO,01-Sep-2026,88.43,88.78,87.75,88.09,4893000
SOBO,01-Sep-2026,38,39.019,37.25,37.81,803700
SOC,01-Sep-2026,4.88,4.94,4.695,4.77,5815400
SOJC,01-Sep-2026,19.51,19.5999,19.43,19.46,42100
SOJD,01-Sep-2026,18.24,18.34,18.05,18.1,84700
SOJE,01-Sep-2026,15.71,15.76,15.61,15.61,62600
SOJF,01-Sep-2026,25.04,25.05,24.86,24.88,36700
SOLV,01-Sep-2026,92.59,94.16,90.745,90.95,1112700
SOMN,01-Sep-2026,48.02,48.02,47.24,47.24,82600
SON,01-Sep-2026,55.09,55.38,53.86,54.09,822400
SONY,01-Sep-2026,24.94,25.08,24.8,24.81,4669600
SOR,01-Sep-2026,46.98,47.105,46.4295,46.6,35200
SOS,01-Sep-2026,0.8353,0.8353,0.8,0.8021,163700
SOU-,01-Sep-2026,0.1326,0.17,0.1051,0.1201,26500
SOUL,01-Sep-2026,10.47,10.48,10.46,10.48,103500
SOULr,01-Sep-2026,0.1326,0.17,0.1051,0.1201,26435
SPB,01-Sep-2026,85.87,87.52,85.53,86.06,287600
SPCE,01-Sep-2026,2.9,2.9777,2.85,2.91,5349400
SPE,01-Sep-2026,13.63,13.63,13.43,13.51,29900
SPG,01-Sep-2026,213.23,213.78,211.28,211.87,1335700
SPG-J,01-Sep-2026,55.75,55.75,55.75,55.75,600
SPGI,01-Sep-2026,433.31,454.92,428.145,440.21,3291300
SPGpJ,01-Sep-2026,55.75,55.75,55.75,55.75,326
SPH,01-Sep-2026,17.53,17.665,17.53,17.58,227400
SPHR,01-Sep-2026,134.03,136.66,132.8,133.3,863200
SPIR,01-Sep-2026,13.01,13.12,11.9,12.02,927900
SPMA,01-Sep-2026,25.07,25.07,25.04,25.06,7000
SPMC,01-Sep-2026,9.88,9.88,9.6701,9.71,10300
SPME,01-Sep-2026,24.92,24.95,24.865,24.95,4500
SPNT,01-Sep-2026,24.45,24.52,24.19,24.41,427700
SPOT,01-Sep-2026,540,553,538.28,544.15,1260300
SPRU,01-Sep-2026,1.86,1.8714,1.775,1.78,43300
SPXC,01-Sep-2026,194.06,197,191.9075,192.13,294700
SPXX,01-Sep-2026,19.15,19.15,19,19.06,192700
SQM,01-Sep-2026,78.05,81.685,78.02,80.51,993400
SQNS,01-Sep-2026,2.86,2.905,2.755,2.76,56400
SR,01-Sep-2026,82.24,82.86,81.8,82.78,369300
SRE,01-Sep-2026,82.96,84.49,82.4,84.26,6415000
SREA,01-Sep-2026,20.12,20.18,19.91,19.96,60000
SRFM,01-Sep-2026,0.69,0.6902,0.6554,0.6684,1123000
SRG,01-Sep-2026,2.07,2.07,2.02,2.02,147100
SRG-A,01-Sep-2026,22.23,22.23,21.71,21.8,7100
SRGpA,01-Sep-2026,22.23,22.23,21.71,21.8,4676
SRI,01-Sep-2026,6.83,7.11,6.8,7.1,150000
SRJN,01-Sep-2026,21.94,21.97,21.75,21.92,72000
SRL,01-Sep-2026,5.86,5.955,5.75,5.75,39700
SRV,01-Sep-2026,45.17,45.54,44.925,45.1,51900
SSB,01-Sep-2026,104.49,105.5099,103.75,103.99,1107700
SSD,01-Sep-2026,181.03,182,176.25,176.85,301300
SSL,01-Sep-2026,11.89,12.485,11.85,12.45,1996100
SSMR,01-Sep-2026,17.11,17.55,16.48,16.79,208900
SST,01-Sep-2026,2.5,2.85,2.28,2.84,2198900
SSTK,01-Sep-2026,5.64,5.8,5.45,5.75,1224400
ST,01-Sep-2026,40.58,41.03,40.2489,40.98,1187000
STAG,01-Sep-2026,37.25,37.67,37.16,37.66,2335400
STC,01-Sep-2026,68.6,70.48,68.15,68.61,263500
STDN,01-Sep-2026,16.02,17.3399,15.821,16.56,2722700
STE,01-Sep-2026,233.88,234.5,228.96,229.65,558500
STEM,01-Sep-2026,5.54,5.72,5.46,5.49,76800
STEW,01-Sep-2026,18.49,18.545,18.42,18.45,48500
STG,01-Sep-2026,2.8247,2.9476,2.8247,2.9,7100
STK,01-Sep-2026,51.89,52.1594,51.235,51.85,33200
STLA,01-Sep-2026,5.38,5.41,5.31,5.35,19568400
STM,01-Sep-2026,49.52,49.53,48.475,49.4,8499700
STN,01-Sep-2026,73,73,71.35,71.8,275600
STNG,01-Sep-2026,79.33,79.8,78.16,79.61,557200
STT,01-Sep-2026,189.78,191.86,186.71,187.79,1179000
STT-G,01-Sep-2026,20.35,20.387,20.23,20.29,55300
STTpG,01-Sep-2026,20.3,20.387,20.23,20.29,46289
STUB,01-Sep-2026,6.3,6.345,6.13,6.16,5733900
STVN,01-Sep-2026,21.24,21.35,20.63,20.71,253800
STWD,01-Sep-2026,15.68,15.7,15.485,15.53,5288400
STXD,01-Sep-2026,39.85,39.85,39.6624,39.6624,2000
STXE,01-Sep-2026,49.99,50.17,49.66,49.7346,2900
STXF,01-Sep-2026,49.29,49.41,49.1,49.27,29200
STXG,01-Sep-2026,55.81,55.9,55.63,55.663,3000
STXK,01-Sep-2026,37.85,37.85,37.6101,37.6172,5200
STXT,01-Sep-2026,19.57,19.57,19.4274,19.52,32000
STXV,01-Sep-2026,39.46,39.46,39.3,39.3439,4600
STZ,01-Sep-2026,131.04,131.83,130.2901,130.63,2160600
SU,01-Sep-2026,68.02,69.06,67.48,68.99,3207000
SUI,01-Sep-2026,121.74,122.71,120.53,121.44,1571900
SUN,01-Sep-2026,76.11,77.15,75.29,76.99,337400
SUNB,01-Sep-2026,70.93,71.13,66.83,67.07,16178200
SUNC,01-Sep-2026,78.47,78.85,77.07,78.63,423400
SUPV,01-Sep-2026,8.59,9.04,8.58,8.8,569000
SUZ,01-Sep-2026,8.83,8.96,8.785,8.86,2113600
SVV,01-Sep-2026,10.25,10.355,9.96,10.15,1328300
SW,01-Sep-2026,46.62,46.84,45.345,45.43,8187600
SWK,01-Sep-2026,96,97.6905,94.03,94.51,1893500
SWX,01-Sep-2026,89.49,89.825,88.515,89.35,445000
SWZ,01-Sep-2026,6.01,6.01,5.97,5.9701,19900
SXC,01-Sep-2026,10.33,10.33,10.1,10.21,1062000
SXI,01-Sep-2026,284.89,286.075,281.24,285.12,139000
SXT,01-Sep-2026,133.94,135.62,131.365,134.83,421300
SYF,01-Sep-2026,76.26,78.265,76.22,76.62,3503800
SYF-A,01-Sep-2026,18.5,18.7299,18.45,18.56,59200
SYF-B,01-Sep-2026,25.88,26.22,25.8601,26.06,68600
SYFpA,01-Sep-2026,18.5,18.7299,18.45,18.545,52614
SYFpB,01-Sep-2026,25.88,26.22,25.8601,26.13,26907
SYK,01-Sep-2026,329.83,331.5,316.85,317.4,2138300
SYY,01-Sep-2026,81.75,82.69,81.34,82.11,2200100
T,01-Sep-2026,26.09,26.32,26,26,32813200
T-A,01-Sep-2026,17.52,17.77,17.52,17.61,177600
T-C,01-Sep-2026,16.8,16.8799,16.71,16.75,119000
TAC,01-Sep-2026,12.09,12.115,11.69,11.77,6123000
TAK,01-Sep-2026,18.18,18.405,18.18,18.23,1899400
TAL,01-Sep-2026,11.74,12.32,11.61,12.23,6351900
TALO,01-Sep-2026,17.52,17.635,17.01,17.27,2893200
TAP,01-Sep-2026,39.78,40.13,39.57,39.76,2389800
TBB,01-Sep-2026,19.35,19.4,19.26,19.31,79300
TBBB,01-Sep-2026,48.57,50.46,48.1,49.9,931700
TBI,01-Sep-2026,10.33,10.555,10,10.06,262400
TBLU,01-Sep-2026,50.32,50.32,50.1824,50.1824,600
TBN,01-Sep-2026,40.3,41.935,39.1493,39.83,339300
TCAI,01-Sep-2026,44.45,44.62,43.74,44.04,60400
TCBX,01-Sep-2026,44.45,44.69,43.39,43.88,99200
TCI,01-Sep-2026,36.9,38.09,36.5,36.61,27200
TCPA,01-Sep-2026,21.95,21.95,21.75,21.85,29300
TD,01-Sep-2026,120.54,121.39,118.165,119.5,2902500
TDAY,01-Sep-2026,6.28,6.4,6.11,6.18,2054200
TDC,01-Sep-2026,28.59,29.14,28.45,28.65,1471100
TDF,01-Sep-2026,10.75,10.85,10.62,10.7,27300
TDG,01-Sep-2026,1169.73,1182,1153.43,1155.76,270300
TDOC,01-Sep-2026,6.25,6.39,6.23,6.26,3448400
TDS,01-Sep-2026,33.53,34.425,33.075,33.62,1066900
TDS-U,01-Sep-2026,20.88,20.91,20.6278,20.86,13000
TDS-V,01-Sep-2026,19.17,19.1712,19.0301,19.11,13200
TDSpU,01-Sep-2026,20.88,20.91,20.6278,20.855,9815
TDSpV,01-Sep-2026,19.17,19.1712,19.0301,19.11,11019
TDW,01-Sep-2026,97,98.655,94.5,96.11,1033300
TDY,01-Sep-2026,610.73,615.4,605.74,610.51,199500
TE,01-Sep-2026,4.33,4.41,4.22,4.28,16220900
TECK,01-Sep-2026,67.15,67.96,66.42,66.79,3744600
TEI,01-Sep-2026,6.71,6.75,6.64,6.64,197000
TEL,01-Sep-2026,205.21,208.06,201.975,208,3677800
TEN,01-Sep-2026,42.9,43.21,42.14,42.82,193400
TEN-E,01-Sep-2026,25.84,25.94,25.84,25.91,1400
TEN-F,01-Sep-2026,26.86,27,26.851,27,3500
TENpE,01-Sep-2026,25.84,25.94,25.84,25.91,400
TENpF,01-Sep-2026,26.86,27,26.851,27,3154
TEO,01-Sep-2026,13.18,13.55,13.01,13.1,105900
TEVA,01-Sep-2026,36.52,36.55,35.85,36.19,3515700
TEX,01-Sep-2026,62.44,63.51,59.1,59.29,1570100
TFC,01-Sep-2026,49.56,50.17,49.06,49.44,6697200
TFC-I,01-Sep-2026,17.62,17.73,17.52,17.68,26200
TFC-O,01-Sep-2026,19.33,19.549,19.16,19.26,68200
TFC-R,01-Sep-2026,17.55,17.76,17.3,17.37,152500
TFCpI,01-Sep-2026,17.62,17.73,17.52,17.685,23012
TFCpO,01-Sep-2026,19.33,19.549,19.16,19.26,55121
TFCpR,01-Sep-2026,17.55,17.76,17.3,17.34,126214
TFI-,01-Sep-2026,22.3,22.48,22.3,22.36,6600
TFII,01-Sep-2026,133.28,133.28,126.495,127.83,266600
TFIN,01-Sep-2026,70.6,71.45,69.13,69.5,165600
TFINP,01-Sep-2026,22.3,22.48,22.3,22.36,6001
TFPM,01-Sep-2026,32.58,33.655,32.33,32.65,548700
TFX,01-Sep-2026,140.19,143.05,135.2,140.48,565000
TG,01-Sep-2026,7.62,7.77,7.47,7.71,169300
TGE,01-Sep-2026,0.94,0.94,0.9002,0.921,12900
TGLS,01-Sep-2026,39.22,39.33,37.605,37.72,364500
TGS,01-Sep-2026,28.96,29.69,28.835,29.23,198600
TGT,01-Sep-2026,161.74,164.34,161.27,163.75,3982900
THC,01-Sep-2026,267.15,273.575,262.79,265.84,816000
THG,01-Sep-2026,227.35,229.03,224.585,225.92,193300
THIR,01-Sep-2026,34.1384,34.1384,33.9,33.945,24900
THLV,01-Sep-2026,32.29,32.3,32.27,32.3,9200
THMR,01-Sep-2026,25.63,25.69,25.63,25.6655,16100
THO,01-Sep-2026,76.72,76.75,74.13,74.39,453800
THQ,01-Sep-2026,19.72,19.8099,19.62,19.62,125100
THW,01-Sep-2026,14.07,14.0964,13.93,13.96,84700
TIC,01-Sep-2026,9.35,9.46,9.19,9.3,1144700
TIMB,01-Sep-2026,18.03,18.47,18.01,18.14,587200
TISI,01-Sep-2026,24.75,25.25,24.28,24.75,13600
TJX,01-Sep-2026,134.01,134.68,133.04,133.27,7178100
TK,01-Sep-2026,13.25,13.37,12.916,13,694200
TKC,01-Sep-2026,4.98,5.08,4.97,5.02,4543800
TKO,01-Sep-2026,181.45,183.7,181.21,182.27,738200
TKR,01-Sep-2026,120.94,120.98,118.58,119.09,1149200
TLK,01-Sep-2026,14.63,14.855,14.63,14.74,382900
TLYS,01-Sep-2026,3.92,4.26,3.866,3.96,310500
TM,01-Sep-2026,198.95,200.5,197.955,198.05,532700
TME,01-Sep-2026,8.26,8.33,8.13,8.29,8045800
TMO,01-Sep-2026,619,621,599.52,600.5,1385000
TNC,01-Sep-2026,68.78,70.06,67.9515,69.22,159300
TNET,01-Sep-2026,70.46,71.5,66.34,66.94,674200
TNGY,01-Sep-2026,11.33,11.42,11.2701,11.39,66500
TNK,01-Sep-2026,89.9,90.89,87.1,88.3,471400
TNL,01-Sep-2026,68.21,68.21,65.81,66.16,678800
TOL,01-Sep-2026,142.06,143.74,140.05,140.21,932700
TOST,01-Sep-2026,33.74,34.2395,33.49,33.59,7306000
TpA,01-Sep-2026,17.5703,17.77,17.52,17.61,157799
TPB,01-Sep-2026,82.44,82.44,77.33,77.72,270000
TPC,01-Sep-2026,88.05,89.87,86.08,86.54,373700
TPL,01-Sep-2026,377.14,377.38,365,369.93,267900
TPR,01-Sep-2026,121.38,123.62,120.31,122.14,3010300
TPTS,01-Sep-2026,15.99,15.99,15.88,15.8955,2000
TPVG,01-Sep-2026,5.48,5.48,5.3,5.3,261700
TPYP,01-Sep-2026,43.53,44.03,43.4451,43.6777,22600
TPZ,01-Sep-2026,21.56,21.5899,21.41,21.5313,11400
TR,01-Sep-2026,41.09,41.28,40.28,40.31,145700
TRAK,01-Sep-2026,7.95,8.1,7.86,7.93,52200
TRC,01-Sep-2026,16.01,16.13,15.95,16.08,151500
TREX,01-Sep-2026,44.99,45.28,43.26,43.34,2310100
TRGP,01-Sep-2026,299.48,299.48,292.4,296.06,1211100
TRIN,01-Sep-2026,18.52,18.63,18.25,18.34,1044000
TRLV,01-Sep-2026,11.54,12.19,11.5,11.74,1380500
TRN,01-Sep-2026,28.54,29.015,27.53,27.86,554500
TRNI,01-Sep-2026,25.33,25.37,25.33,25.35,11600
TRNO,01-Sep-2026,66.53,66.76,65.77,66.45,752100
TRNZ,01-Sep-2026,25.31,25.38,25.31,25.38,13100
TROX,01-Sep-2026,5.23,5.36,4.995,5.04,2522400
TRP,01-Sep-2026,63.37,63.8,62.505,63.14,1608200
TRT-A,01-Sep-2026,26.4,26.53,26.29,26.29,6000
TRT-B,01-Sep-2026,25.3,25.5308,25.3,25.49,3100
TRT-C,01-Sep-2026,25.0499,25.0499,24.98,25.04,3700
TRT-D,01-Sep-2026,22.82,23.1,22.73,22.7794,5900
TRT-E,01-Sep-2026,18.66,18.7614,18.66,18.7614,600
TRT-F,01-Sep-2026,24.5,24.59,24.4,24.57,8800
TRT-G,01-Sep-2026,23.7,23.7,23.57,23.58,10400
TRT-P,01-Sep-2026,18.5,18.535,18.5,18.505,2200
TRTNpA,01-Sep-2026,26.4,26.53,26.29,26.29,5262
TRTNpB,01-Sep-2026,25.3,25.5308,25.3,25.49,2000
TRTNpC,01-Sep-2026,25.0499,25.0499,24.98,25.04,3348
TRTNpD,01-Sep-2026,22.82,23.1,22.73,22.7794,4970
TRTNpE,01-Sep-2026,18.66,18.7614,18.66,18.7614,370
TRTNpF,01-Sep-2026,24.5,24.59,24.4,24.56,5947
TRTX,01-Sep-2026,7.73,7.765,7.65,7.68,705900
TRTXpC,01-Sep-2026,18.5,18.535,18.5,18.505,2010
TRU,01-Sep-2026,84.42,85.36,83.08,83.67,1945900
TRV,01-Sep-2026,366,369.06,363.21,363.92,1701800
TS,01-Sep-2026,56.2,56.86,55.71,56.6,1151900
TSI,01-Sep-2026,4.4,4.4,4.33,4.36,112400
TSLX,01-Sep-2026,18.89,19.0119,18.41,18.45,503100
TSM,01-Sep-2026,417.8,418.62,412.065,414,7928400
TSN,01-Sep-2026,54.75,55.085,54.6619,55.06,2099100
TSQ,01-Sep-2026,5.78,5.8999,5.62,5.66,89400
TT,01-Sep-2026,446.88,448.8855,438.18,440.15,821500
TTAM,01-Sep-2026,14.85,14.85,14.55,14.65,232200
TTC,01-Sep-2026,97,98.76,96.855,97.96,857200
TTE,01-Sep-2026,89.84,90.55,89.44,90.35,1065300
TTI,01-Sep-2026,6.75,6.775,6.47,6.53,2617400
TU,01-Sep-2026,9.66,9.74,9.59,9.65,5321200
TUYA,01-Sep-2026,1.88,1.88,1.81,1.83,414300
TV,01-Sep-2026,2.71,2.765,2.63,2.64,1898600
TVC,01-Sep-2026,23.98,24.1699,23.9,23.92,10500
TVE,01-Sep-2026,23.62,23.62,23.45,23.53,4800
TWI,01-Sep-2026,7.06,7.42,7.056,7.41,768100
TWLO,01-Sep-2026,231,234.88,224.56,228.65,1675200
TWN,01-Sep-2026,103.51,108.83,102.02,103.57,43800
TWO-A,01-Sep-2026,25.22,25.25,25.22,25.2301,9400
TWO-B,01-Sep-2026,25.2,25.24,25.2,25.22,25000
TWO-C,01-Sep-2026,25.26,25.3,25.26,25.275,609600
TWOD,01-Sep-2026,26.1,26.11,26.05,26.09,45500
TWOpA,01-Sep-2026,28.21,28.21,25.22,25.2301,10046
TWOpB,01-Sep-2026,25.35,25.42,25.2,25.22,23871
TWOpC,01-Sep-2026,25.34,25.35,25.26,25.275,607350
TX,01-Sep-2026,54.76,56.08,53.93,55.67,1013900
TXNM,01-Sep-2026,57.5,57.9,57.46,57.85,3084400
TXO,01-Sep-2026,14.75,15.19,14.5,15.19,292200
TXT,01-Sep-2026,80.16,80.84,79.51,79.71,1241500
TY,01-Sep-2026,35.47,35.6,35.06,35.32,29300
TY-,01-Sep-2026,41.68,42.15,41.68,41.9,24200
TYG,01-Sep-2026,44.12,44.22,43.3,43.7,81000
TYL,01-Sep-2026,370.3,377.7,367.76,376.43,950100
TYp,01-Sep-2026,41.68,42.15,41.68,41.9,7718
U,01-Sep-2026,41.22,41.99,40.8,40.92,9021700
UA,01-Sep-2026,4.88,4.88,4.75,4.8,3008000
UAA,01-Sep-2026,4.95,4.98,4.855,4.92,8242300
UAMY,01-Sep-2026,4.74,4.82,4.615,4.68,9043500
UAN,01-Sep-2026,127.51,130.5,126.5,130.25,53800
UBER,01-Sep-2026,75.27,76.11,74.62,75.24,11220600
UBS,01-Sep-2026,53.78,54.83,53.62,54.14,2313900
UCB,01-Sep-2026,34.73,34.91,34,34.11,700200
UDR,01-Sep-2026,36.9,37.18,36.64,36.87,2279100
UE,01-Sep-2026,21.24,21.42,21.2,21.38,1103000
UFI,01-Sep-2026,7.32,7.5513,7.32,7.39,31800
UGI,01-Sep-2026,38.68,38.7,38.245,38.44,1821700
UGP,01-Sep-2026,6.78,6.99,6.78,6.87,3140100
UHA.B,01-Sep-2026,60.18,60.18,58.71,59.61,266800
UHAL,01-Sep-2026,67,68.23,66.785,67.5,174500
UHAL.B,01-Sep-2026,60.18,60.18,58.71,59.7,128582
UHS,01-Sep-2026,171.46,174.36,168.8,170.75,522600
UHT,01-Sep-2026,41,41.435,40.91,41.11,68500
UI,01-Sep-2026,590.2,593.18,577.48,586.78,201800
UIS,01-Sep-2026,2.63,2.68,2.575,2.59,424400
UL,01-Sep-2026,64.84,65.55,64.375,64.38,6221300
ULS,01-Sep-2026,74.7,75.3298,73.205,73.46,607200
UMC,01-Sep-2026,20.43,20.8395,20.19,20.47,17944600
UMH,01-Sep-2026,16.4,16.5,16.16,16.2,943600
UMH-D,01-Sep-2026,21.38,21.55,21.38,21.4,16300
UMHpD,01-Sep-2026,21.57,21.57,21.38,21.4,10852
UNF,01-Sep-2026,278.01,281.955,275.54,277.48,273900
UNFI,01-Sep-2026,44.12,45.84,44.12,44.64,576100
UNH,01-Sep-2026,392.08,399.6,391.78,396.3,3717200
UNM,01-Sep-2026,93.99,94,91.24,91.69,1445100
UNMA,01-Sep-2026,21.02,21.36,21.012,21.18,55900
UNP,01-Sep-2026,301,302.24,288.67,290.62,3043100
UP,01-Sep-2026,4.39,4.58,4.19,4.34,172200
UPS,01-Sep-2026,103.75,103.95,101.92,102.66,3659400
URI,01-Sep-2026,1028.09,1033.49,988.88,990.15,462100
USA,01-Sep-2026,5.96,5.97,5.92,5.92,1248700
USAC,01-Sep-2026,27.12,27.265,26.81,27.2,475600
USB,01-Sep-2026,61.64,62.118,60.795,61.21,6902600
USB-A,01-Sep-2026,769.43,769.93,764,764,700
USB-H,01-Sep-2026,18.09,18.33,18.09,18.24,83900
USB-P,01-Sep-2026,20.8,20.97,20.63,20.75,54000
USB-Q,01-Sep-2026,14.19,14.31,13.98,14,32400
USB-R,01-Sep-2026,15.01,15.1,14.95,15,199300
USB-S,01-Sep-2026,16.9,17.09,16.77,16.82,45400
USBpA,01-Sep-2026,769.43,769.93,764,764,404
USBpH,01-Sep-2026,18.09,18.33,18.09,18.27,78000
USBpP,01-Sep-2026,20.8,20.97,20.63,20.75,48088
USBpQ,01-Sep-2026,14.19,14.31,13.98,14,27287
USBpR,01-Sep-2026,15.01,15.1,14.95,15,183769
USBpS,01-Sep-2026,16.9,17.09,16.77,16.8,35298
USFD,01-Sep-2026,106.63,106.9,104.54,106.66,2386400
USNA,01-Sep-2026,14.19,14.36,13.62,13.96,267500
USPH,01-Sep-2026,77.94,79.94,77.38,77.75,131200
UTF,01-Sep-2026,27.05,27.14,26.94,26.95,270900
UTI,01-Sep-2026,21.01,21.64,20.7,20.85,1196900
UTL,01-Sep-2026,53.58,53.715,53.21,53.61,90600
UTZ,01-Sep-2026,14.22,14.22,14.2,14.21,1026300
UVE,01-Sep-2026,43.2,44.06,42.87,43.71,140200
UVV,01-Sep-2026,46.01,46.64,46.01,46.13,257300
UWMC,01-Sep-2026,1.45,1.49,1.3524,1.37,12511100
UZD,01-Sep-2026,19,19,18.92,18.94,6200
UZE,01-Sep-2026,16.76,16.78,16.7,16.71,6900
UZF,01-Sep-2026,16.79,16.84,16.79,16.8196,2900
V,01-Sep-2026,379.65,380.75,372.22,372.67,5858600
VAC,01-Sep-2026,103.5,103.515,98.72,99.08,810700
VAC.U,01-Sep-2026,10.6,12.47,10.6,11.64,5400
VAC.W,01-Sep-2026,0.57,0.5851,0.5399,0.54,75200
VACI,01-Sep-2026,10.51,12.74,10.51,10.546,61300
VAL,01-Sep-2026,87.65,89.09,86.18,88.04,1097200
VAL.W,01-Sep-2026,11.56,12.71,11.56,12.445,6500
VAL.WS,01-Sep-2026,11.56,12.71,11.56,12.445,5110
VALE,01-Sep-2026,14.99,15.31,14.935,15.12,27421100
VATE,01-Sep-2026,7.4,7.4,7.1,7.19,127400
VBF,01-Sep-2026,14.6,14.6637,14.6,14.63,59100
VCV,01-Sep-2026,10.42,10.43,10.3,10.3,108700
VCX,01-Sep-2026,34,34.76,33.5401,34.24,477600
VEEV,01-Sep-2026,282.12,286.79,278.03,279.23,1219600
VEL,01-Sep-2026,17.99,18.19,17.87,17.93,114700
VET,01-Sep-2026,13.19,13.21,12.8799,13.18,2442900
VFC,01-Sep-2026,13.29,13.3356,13,13.09,7852800
VG,01-Sep-2026,14.96,15.155,14.58,15.11,15325200
VGI,01-Sep-2026,7.35,7.36,7.31,7.31,80900
VGM,01-Sep-2026,10.33,10.34,10.12,10.13,152200
VGNT,01-Sep-2026,46.37,46.74,45,46.19,792200
VHI,01-Sep-2026,18.69,18.69,17.94,18.08,9000
VIA,01-Sep-2026,27.5,28.12,27.16,27.5,353700
VICI,01-Sep-2026,25.66,25.785,25.46,25.54,12593400
VII,01-Sep-2026,9.86,9.86,9.84,9.84,65800
VII.W,01-Sep-2026,0.38,0.38,0.38,0.38,18000
VIK,01-Sep-2026,86.06,86.58,84.64,85.03,5128000
VIPS,01-Sep-2026,13.09,13.48,13.05,13.1,3301000
VIRT,01-Sep-2026,65.38,66.47,63.64,65.32,758300
VIST,01-Sep-2026,73.09,75.34,72.1,74.71,1900900
VIV,01-Sep-2026,11.58,11.77,11.56,11.59,1536200
VKQ,01-Sep-2026,9.71,9.71,9.61,9.61,201100
VLN,01-Sep-2026,1.73,1.74,1.69,1.72,558500
VLO,01-Sep-2026,363.92,364.9031,356.23,361.99,2734800
VLRS,01-Sep-2026,6.5,6.72,6.375,6.39,379500
VLT,01-Sep-2026,9.86,9.89,9.84,9.855,21100
VLTO,01-Sep-2026,96.72,99.43,96.65,97.05,1803000
VMC,01-Sep-2026,266.98,267.58,257.17,259.69,1672600
VMI,01-Sep-2026,466.13,471.55,461.9701,467.96,147900
VMO,01-Sep-2026,9.66,9.67,9.53,9.53,249000
VMRK,01-Sep-2026,65,65.7,64.95,65.28,5556400
VNO,01-Sep-2026,37.18,37.36,36.45,36.65,1227700
VNO-L,01-Sep-2026,17.57,17.57,17.36,17.37,23500
VNO-M,01-Sep-2026,17.65,17.65,17.45,17.5,10400
VNO-N,01-Sep-2026,17.29,17.32,17.21,17.22,3000
VNO-O,01-Sep-2026,14.45,14.45,14.3,14.33,19000
VNOpL,01-Sep-2026,17.57,17.57,17.36,17.37,17938
VNOpM,01-Sep-2026,17.65,17.65,17.45,17.5,7462
VNOpN,01-Sep-2026,17.29,17.32,17.21,17.22,1951
VNOpO,01-Sep-2026,14.45,14.45,14.3,14.33,12136
VNT,01-Sep-2026,32.07,32.42,31.6,31.84,997000
VOC,01-Sep-2026,3.43,3.43,3.34,3.4,63700
VOY-B,01-Sep-2026,23.52,23.56,23.27,23.44,14800
VOYA,01-Sep-2026,101.1,102.14,100.19,101.05,885600
VOYApB,01-Sep-2026,23.52,23.56,23.27,23.56,7466
VOYG,01-Sep-2026,33,33.78,32.45,32.96,1127500
VPG,01-Sep-2026,60.07,61.27,59.73,60.45,337400
VPV,01-Sep-2026,11.21,11.3,11.1256,11.16,46200
VRT,01-Sep-2026,255.22,257.89,248.75,255.97,4283900
VRTS,01-Sep-2026,163.02,166.35,158.895,160,119700
VSH,01-Sep-2026,29.55,30.06,29.29,29.63,6351400
VST,01-Sep-2026,136.5,139.28,134.9,138.08,4296400
VSTS,01-Sep-2026,12.5,12.65,12.07,12.13,1245400
VSXY,01-Sep-2026,84.78,86.18,83.4,84.17,1526700
VTEX,01-Sep-2026,3.59,3.67,3.57,3.61,524300
VTMX,01-Sep-2026,34.12,34.6,34.12,34.22,108800
VTN,01-Sep-2026,10.69,10.69,10.58,10.5928,40800
VTOL,01-Sep-2026,45.61,46.09,45.06,45.35,357200
VTR,01-Sep-2026,92.01,93.37,91.41,92.07,3352000
VTS,01-Sep-2026,17.69,17.7,17.42,17.64,522200
VVR,01-Sep-2026,2.92,2.94,2.92,2.92,772300
VVV,01-Sep-2026,31.98,32.36,31.64,31.84,1857900
VVX,01-Sep-2026,77.02,78.9999,76.0801,77.45,643300
VYX,01-Sep-2026,8.3,8.97,8.225,8.74,4167100
VZ,01-Sep-2026,50.5,50.925,50.24,50.3,20188800
W,01-Sep-2026,98,98.3,93,93.88,2866600
WAB,01-Sep-2026,281.83,282.69,277.17,279.8,1004500
WAL,01-Sep-2026,77.94,78.93,77.04,77.26,1212200
WAL-A,01-Sep-2026,24.85,24.969,24.6854,24.8,14100
WALpA,01-Sep-2026,24.85,24.969,24.6854,24.8,12622
WAT,01-Sep-2026,415.31,424.46,404.24,405.84,517200
WBI,01-Sep-2026,32.28,33.0101,32.03,32.63,722200
WBIY,01-Sep-2026,38.5,38.54,38.4901,38.4982,1200
WBX,01-Sep-2026,2.95,2.96,2.91,2.94,5500
WCC,01-Sep-2026,335.37,339.16,329.27,332,528000
WCN,01-Sep-2026,166.37,167.24,163.65,163.89,1104200
WD,01-Sep-2026,40.28,40.885,39.935,40.27,360600
WDH,01-Sep-2026,0.99,0.9903,0.9737,0.9759,209300
WDI,01-Sep-2026,12.85,12.8534,12.75,12.75,280700
WDS,01-Sep-2026,23.55,23.94,23.54,23.9,699900
WEA,01-Sep-2026,10.45,10.45,10.31,10.4,65500
WEAV,01-Sep-2026,7.3,7.31,7.29,7.3,4207800
WEC,01-Sep-2026,106.75,107.3323,105.655,106.2,2360600
WELL,01-Sep-2026,238.05,242.9699,237.91,240.42,3416900
WENC,01-Sep-2026,10,10.01,9.9999,10.01,18200
WES,01-Sep-2026,48.38,49.14,48.215,48.99,891400
WEX,01-Sep-2026,191.11,191.33,186.11,188.7,474500
WF,01-Sep-2026,75.22,75.39,73.995,74.35,98800
WFC,01-Sep-2026,86.44,87.94,86.01,87.04,19323200
WFC-A,01-Sep-2026,17.47,17.6,17.29,17.37,265000
WFC-C,01-Sep-2026,16.33,16.4399,16.15,16.2,139700
WFC-D,01-Sep-2026,16,16.1,15.83,15.88,125800
WFC-L,01-Sep-2026,1149.91,1152.74,1131.25,1144.11,10100
WFC-Y,01-Sep-2026,22.12,22.22,21.8701,22.03,94900
WFC-Z,01-Sep-2026,17.72,17.89,17.62,17.64,319700
WFCpA,01-Sep-2026,17.47,17.6,17.29,17.37,227310
WFCpC,01-Sep-2026,16.33,16.4399,16.15,16.2,122658
WFCpD,01-Sep-2026,16,16.1,15.83,15.92,106981
WFCpL,01-Sep-2026,1149.91,1152.74,1131.25,1147,6847
WFCpY,01-Sep-2026,22.12,22.22,21.8701,22.06,78384
WFCpZ,01-Sep-2026,17.75,17.89,17.62,17.64,282660
WFG,01-Sep-2026,67.81,67.93,65.56,66.34,382900
WGO,01-Sep-2026,29.82,30.395,29.22,29.33,555300
WH,01-Sep-2026,72.99,73.415,70.68,71.01,997900
WHD,01-Sep-2026,70.62,71.465,69.21,70.69,1113100
WHG,01-Sep-2026,19.2,19.36,19,19.26,16800
WHK,01-Sep-2026,27.57,27.9999,27.36,27.55,141200
WHR,01-Sep-2026,40.36,40.425,37.42,37.94,4595500
WHR-A,01-Sep-2026,34.86,34.86,32.69,33.1,325800
WIA,01-Sep-2026,7.89,7.92,7.88,7.91,27500
WINN,01-Sep-2026,33.31,33.42,33.13,33.25,53800
WIT,01-Sep-2026,1.86,1.87,1.82,1.83,8575000
WIW,01-Sep-2026,8.3,8.32,8.28,8.29,177400
WK,01-Sep-2026,80,80.245,76.29,76.7,842600
WKC,01-Sep-2026,35.96,36.1397,34.81,35.28,1522700
WLK,01-Sep-2026,75.02,75.59,73.445,74.23,577000
WLKP,01-Sep-2026,21.48,21.87,21.48,21.73,11500
WLTG,01-Sep-2026,38.42,38.43,38.2884,38.2884,6300
WLY,01-Sep-2026,52.24,53.33,52.18,52.39,531500
WLYB,01-Sep-2026,52.74,52.94,52.74,52.94,600
WM,01-Sep-2026,220.85,222.22,218.32,219.77,2187600
WMB,01-Sep-2026,75.56,76.32,74.35,75.23,7317700
WMK,01-Sep-2026,70.67,71.82,69.57,69.98,129700
WMS,01-Sep-2026,134.89,135.43,130.56,130.75,514800
WNC,01-Sep-2026,13.23,13.4571,12.655,12.77,700000
WOLF,01-Sep-2026,26.13,26.47,25.3605,26.31,5561400
WOR,01-Sep-2026,56.82,57.23,56.32,56.74,268400
WPA-,01-Sep-2026,0.39,0.39,0.39,0.39,300
WPAC,01-Sep-2026,10.05,10.05,10.05,10.05,5000
WPC,01-Sep-2026,70.16,70.5799,69.785,70.16,1293600
WPM,01-Sep-2026,146,149.74,144.034,144.93,2653000
WPP,01-Sep-2026,25.04,25.17,24.64,24.77,457200
WRB,01-Sep-2026,67.99,68.155,67.42,67.72,1750000
WRB-E,01-Sep-2026,20.58,20.69,20.45,20.69,21200
WRB-F,01-Sep-2026,18.05,18.13,17.85,17.98,42000
WRB-G,01-Sep-2026,15.49,15.6774,15.49,15.6774,3100
WRB-H,01-Sep-2026,15.1,15.2157,14.95,15.15,37200
WRBpE,01-Sep-2026,20.58,20.69,20.45,20.69,17158
WRBpF,01-Sep-2026,18.05,18.13,17.85,17.98,35277
WRBpG,01-Sep-2026,15.49,15.6774,15.49,15.6774,2204
WRBpH,01-Sep-2026,15.1,15.2157,14.95,15.15,34545
WRBY,01-Sep-2026,24.16,24.58,23.63,24.19,2001200
WS,01-Sep-2026,33.98,34.4951,33.7,34.01,268000
WSM,01-Sep-2026,224.51,226,219.83,222.12,1186600
WSO,01-Sep-2026,305.02,315.12,305.02,314.98,730700
WST,01-Sep-2026,341.83,342.6675,337.85,338.65,482800
WT,01-Sep-2026,23.76,24.84,23.46,24.46,2825600
WTI,01-Sep-2026,3.82,3.87,3.73,3.85,3238200
WTM,01-Sep-2026,2107.85,2125.76,2093.43,2098.96,22100
WTRG,01-Sep-2026,41.25,41.62,40.86,41.11,2058700
WTS,01-Sep-2026,362.52,364.17,352.22,355.74,207600
WTTR,01-Sep-2026,19.73,20.32,19.37,20.07,1657400
WU,01-Sep-2026,7.1,7.25,6.98,7.06,10776500
WWW,01-Sep-2026,19.73,20.11,19.24,19.33,751500
WY,01-Sep-2026,23.29,23.42,23.035,23.38,5056200
XFLH,01-Sep-2026,10.05,10.05,10.05,10.05,500
XFLT,01-Sep-2026,18.67,19.048,18.61,18.91,88800
XHR,01-Sep-2026,18.25,18.615,18.165,18.29,852200
XIFR,01-Sep-2026,11.88,12,11.63,11.73,929900
XOM,01-Sep-2026,163.6,164.7,162.215,164.55,11389600
XPER,01-Sep-2026,5.87,5.92,5.78,5.8,537900
XPEV,01-Sep-2026,11.3,11.52,11.16,11.17,5363000
XPO,01-Sep-2026,193.38,196.56,184.59,185.09,1253800
XPOF,01-Sep-2026,5.39,5.39,5.03,5.03,514400
XPRO,01-Sep-2026,18.08,18.13,17.56,17.62,699200
XRN,01-Sep-2026,36.25,37.22,36.125,36.94,136200
XRN-A,01-Sep-2026,24.835,24.835,24.8,24.815,2100
XXI,01-Sep-2026,5.98,6.1,5.78,5.79,806800
XYF,01-Sep-2026,5.66,5.835,5.5,5.54,74900
XYL,01-Sep-2026,109.68,110.2,106.59,106.89,1882200
XYZ,01-Sep-2026,80.26,80.3584,77.63,77.88,5158500
XZO,01-Sep-2026,16.58,16.825,16.29,16.55,157300
YALA,01-Sep-2026,5.47,5.52,5.41,5.44,493700
YCY,01-Sep-2026,10.27,10.27,10.27,10.27,161900
YELP,01-Sep-2026,22.25,22.755,21.95,22.35,1044800
YETI,01-Sep-2026,40.21,40.67,39.83,40.16,1507300
YEXT,01-Sep-2026,7.66,7.88,6.315,6.53,2899100
YMM,01-Sep-2026,8.5,8.6,8.45,8.51,7913400
YOU,01-Sep-2026,43.68,44.11,42.92,42.97,1808800
YPF,01-Sep-2026,52.23,52.755,51.67,52.46,904200
YRD,01-Sep-2026,1,1.02,0.984,0.984,63100
YSG,01-Sep-2026,2.8899,2.8899,2.65,2.66,42100
YSS,01-Sep-2026,8.85,8.99,8.61,8.82,2508600
YUM,01-Sep-2026,153.64,154.59,151.93,152.03,1598500
YUMC,01-Sep-2026,44.53,45.1,44.48,44.88,1109600
ZBH,01-Sep-2026,101.49,102.86,99.041,99.4,1393300
ZEPP,01-Sep-2026,5,5.13,4.42,4.5,62800
ZETA,01-Sep-2026,30.4,32.05,30.27,31.56,13874000
ZGN,01-Sep-2026,13.4,13.51,12.89,13.04,1040900
ZH,01-Sep-2026,2.74,2.76,2.59,2.61,509600
ZIM,01-Sep-2026,27.36,27.57,26.85,27.01,923100
ZIP,01-Sep-2026,4.14,4.35,4.06,4.13,1086400
ZKH,01-Sep-2026,2.92,2.95,2.8201,2.93,192000
ZTO,01-Sep-2026,21.03,21.15,21.005,21.06,2233800
ZTR,01-Sep-2026,6.81,6.81,6.75,6.77,44500
ZTS,01-Sep-2026,77.91,77.93,76.15,77.25,4001400
ZVIA,01-Sep-2026,1.38,1.42,1.36,1.38,132900
ZWS,01-Sep-2026,47.33,47.57,46.51,46.64,929100
