Symbol,Date,Open,High,Low,Close,Volume
A,04-Sep-2026,148.97,151.59,147.78,150.86,1825400
AA,04-Sep-2026,50.32,50.7175,49.862,49.97,2824700
AAC,04-Sep-2026,10.13,10.13,10.06,10.06,2100
AAC.W,04-Sep-2026,0.95,0.95,0.9499,0.95,2300
AADX,04-Sep-2026,12.46,13,12.44,12.93,1730800
AAMI,04-Sep-2026,90.58,93.67,90.32,93.58,385300
AAP,04-Sep-2026,42.63,44.22,42.485,44.18,1322900
AAT,04-Sep-2026,22.02,22.405,21.95,22.04,480200
AAUC,04-Sep-2026,23.51,23.835,23.26,23.62,167500
AB,04-Sep-2026,36.94,37.7,36.8375,37.35,307600
ABBV,04-Sep-2026,257.96,258.91,255.58,256.46,4729800
ABCB,04-Sep-2026,85.6,86.615,85.54,86.05,284300
ABEV,04-Sep-2026,3.01,3.06,3,3.02,21410300
ABG,04-Sep-2026,213.91,218.42,213.345,217.26,200900
ABM,04-Sep-2026,46.79,47.23,46.76,47.05,367800
ABR,04-Sep-2026,5.12,5.25,5.12,5.25,2890800
ABR-D,04-Sep-2026,15.59,15.59,15.53,15.5323,15700
ABR-E,04-Sep-2026,15.5,15.5,15.3271,15.3271,6800
ABR-F,04-Sep-2026,22.64,22.64,22.42,22.5096,7900
ABRpD,04-Sep-2026,15.59,15.59,15.53,15.5323,14169
ABRpE,04-Sep-2026,15.5,15.5,15.3271,15.3271,6204
ABRpF,04-Sep-2026,22.64,22.64,22.42,22.5096,5716
ABT,04-Sep-2026,108.11,110.01,107.36,108.33,7029400
ABX,04-Sep-2026,9.92,9.92,9.52,9.61,313800
ABXL,04-Sep-2026,25.45,25.5101,25.33,25.33,4800
ACA,04-Sep-2026,145.56,145.65,145.45,145.45,755600
ACCO,04-Sep-2026,4.3,4.435,4.29,4.42,720000
ACEL,04-Sep-2026,11.72,11.9199,11.68,11.88,260400
ACH,04-Sep-2026,1.21,1.22,1.19,1.21,339100
ACHR,04-Sep-2026,5.73,5.79,5.6,5.71,15652700
ACI,04-Sep-2026,12.4,12.64,12.4,12.55,4592700
ACLO,04-Sep-2026,50.37,50.41,50.37,50.41,4500
ACM,04-Sep-2026,66,67.305,65.6,66.58,1300100
ACN,04-Sep-2026,192,192.17,186.02,186.72,5104800
ACP,04-Sep-2026,5.02,5.02,4.95,4.95,494100
ACP-A,04-Sep-2026,19,19.1,18.87,19.05,22500
ACPpA,04-Sep-2026,19,19.1,18.87,19.05,22111
ACR,04-Sep-2026,14.03,14.5,14,14.28,44100
ACR-C,04-Sep-2026,23.84,23.9432,23.7,23.84,12200
ACR-D,04-Sep-2026,20.12,20.12,19.72,20.019,12200
ACRE,04-Sep-2026,4.52,4.605,4.52,4.57,154200
ACRpC,04-Sep-2026,23.84,23.9432,23.7,23.84,10273
ACRpD,04-Sep-2026,20.12,20.12,19.72,20.019,11041
ACV,04-Sep-2026,26.29,26.36,26.145,26.28,8500
ACVA,04-Sep-2026,6.66,7.165,6.6,6.98,2673100
AD,04-Sep-2026,38.55,38.76,38.22,38.5,274500
ADC,04-Sep-2026,72.34,73.535,72.29,72.62,1497700
ADC-A,04-Sep-2026,16.8,16.84,16.7011,16.7549,4700
ADCpA,04-Sep-2026,16.8,16.84,16.7011,16.7549,4154
ADCT,04-Sep-2026,1.3,1.37,1.3,1.36,1478300
ADIG,04-Sep-2026,20.39,21.33,20.3885,20.65,384900
ADM,04-Sep-2026,83.67,85.045,83.01,84.61,2363000
ADNT,04-Sep-2026,19.29,20.15,19.18,20.01,639100
ADT,04-Sep-2026,7.49,7.51,7.42,7.46,5909700
ADX,04-Sep-2026,26.28,26.28,26.06,26.13,238600
AEE,04-Sep-2026,105.81,106.965,105.79,106.47,1666200
AEFC,04-Sep-2026,17.89,18.1043,17.85,18.1,104400
AEG,04-Sep-2026,9.22,9.27,9.14,9.14,6596500
AEM,04-Sep-2026,201.7,206.1,200.81,204.73,1733100
AEO,04-Sep-2026,16.72,17.39,16.59,17.39,5381000
AER,04-Sep-2026,145.88,146.385,144.6,145.4,863100
AERO,04-Sep-2026,15.5,16.19,15.5,15.79,444600
AES,04-Sep-2026,14.79,14.81,14.78,14.79,4341200
AESI,04-Sep-2026,13.12,13.56,12.97,13.46,4157000
AEXA,04-Sep-2026,11.46,11.55,11.41,11.41,37400
AFB,04-Sep-2026,10.65,10.65,10.565,10.6,64000
AFG,04-Sep-2026,143.97,144.41,142.7,142.72,166200
AFGB,04-Sep-2026,20.47,21.17,20.44,21.02,28400
AFGC,04-Sep-2026,17.89,17.99,17.855,17.86,4300
AFGD,04-Sep-2026,20.64,21.035,20.49,20.85,19300
AFGE,04-Sep-2026,15.825,15.94,15.825,15.93,6900
AFL,04-Sep-2026,117.51,118.375,117.05,117.21,1909200
AG,04-Sep-2026,20.71,21.23,20.49,20.97,7559000
AGBK,04-Sep-2026,6.75,6.84,6.5702,6.75,95900
AGCO,04-Sep-2026,125.22,135.17,125.22,133.4,2021000
AGD,04-Sep-2026,12.21,12.26,12.16,12.18,63200
AGI,04-Sep-2026,36.74,37.46,36.665,36.97,2734100
AGL,04-Sep-2026,86.58,88.74,86.37,88.5,125900
AGM,04-Sep-2026,225.79,228.66,223.95,227.78,90900
AGM-D,04-Sep-2026,20.91,20.98,20.9,20.98,3700
AGM-E,04-Sep-2026,20.75,20.94,20.75,20.8,4500
AGM-F,04-Sep-2026,18.58,18.769,18.58,18.65,3000
AGM-G,04-Sep-2026,17.28,17.35,17.26,17.34,13900
AGM-H,04-Sep-2026,23.59,23.59,23.3501,23.3501,900
AGM-I,04-Sep-2026,24.3,24.6,24.3,24.6,4700
AGM.A,04-Sep-2026,156,156,156,156,700
AGMpD,04-Sep-2026,20.91,20.98,20.9,20.98,2900
AGMpE,04-Sep-2026,20.75,20.94,20.75,20.8,3373
AGMpF,04-Sep-2026,18.58,18.769,18.58,18.65,2604
AGMpG,04-Sep-2026,17.28,17.35,17.26,17.34,12130
AGMpH,04-Sep-2026,23.59,23.59,23.3501,23.3501,900
AGO,04-Sep-2026,75.26,75.805,75,75.69,403200
AGRO,04-Sep-2026,11.49,11.93,11.4,11.77,568500
AGX,04-Sep-2026,419.5,429.59,412.79,417.99,292100
AHL-D,04-Sep-2026,18.53,18.65,18.53,18.57,5300
AHL-E,04-Sep-2026,18.43,18.575,18.4262,18.44,10200
AHL-F,04-Sep-2026,23.36,23.5254,23.36,23.49,8200
AHLpD,04-Sep-2026,18.53,18.65,18.53,18.57,2997
AHLpE,04-Sep-2026,18.4301,18.575,18.4262,18.44,7918
AHLpF,04-Sep-2026,23.36,23.5254,23.36,23.49,7035
AHR,04-Sep-2026,55.16,55.995,54.685,54.72,2324000
AHR-A,04-Sep-2026,21.65,21.65,21.55,21.635,16600
AHRT,04-Sep-2026,6.5,6.65,6.44,6.61,467300
AHT,04-Sep-2026,3.11,3.14,3.09,3.14,3100
AHT-D,04-Sep-2026,5.06,6.1399,5.06,5.88,9400
AHT-F,04-Sep-2026,6.38,6.4501,6.27,6.3099,1300
AHT-G,04-Sep-2026,6.085,6.085,5.77,5.87,2800
AHT-I,04-Sep-2026,6.01,6.185,5.7001,6.07,7000
AHTpD,04-Sep-2026,5.06,6.1399,5.06,5.88,8488
AHTpF,04-Sep-2026,6.38,6.4501,6.27,6.3099,1090
AHTpG,04-Sep-2026,6.085,6.085,5.77,5.87,2085
AHTpI,04-Sep-2026,6.01,6.185,5.7001,6.07,5838
AI,04-Sep-2026,10.91,10.91,10.385,10.46,6968600
AIG,04-Sep-2026,76.08,76.71,75.94,76.21,3135900
AII,04-Sep-2026,25.86,26.43,25.71,26,109300
AII-,04-Sep-2026,0.1757,0.1757,0.1757,0.1757,300
AII.U,04-Sep-2026,10.36,10.36,10.36,10.36,100
AIIA,04-Sep-2026,10.25,10.25,10.22,10.22,150100
AIIA.U,04-Sep-2026,10.36,10.36,10.36,10.36,100
AIN,04-Sep-2026,62.9,63.834,62.11,62.43,275800
AIO,04-Sep-2026,26.04,26.195,25.85,25.96,42500
AIR,04-Sep-2026,124.71,126.9899,124.57,126.54,197300
AIT,04-Sep-2026,319.18,326.24,319.08,325.57,199100
AIV,04-Sep-2026,2.52,2.59,2.52,2.56,792100
AIZ,04-Sep-2026,285.15,286.815,284.665,285.74,330000
AIZN,04-Sep-2026,18.14,18.63,18.12,18.14,11700
AJG,04-Sep-2026,263.33,266.71,261.97,262.69,1013000
AKA,04-Sep-2026,11.02,11.36,10.29,10.96,2100
AKAF,04-Sep-2026,33.13,33.13,33.13,33.13,100
AKO.A,04-Sep-2026,24.5,24.5,23.4,23.4,400
AKO.B,04-Sep-2026,29.34,29.66,29.0175,29.28,17600
AKR,04-Sep-2026,20.21,20.54,20.21,20.29,1137000
ALB,04-Sep-2026,126.9,129.25,122.45,126.28,3240400
ALB-A,04-Sep-2026,53.31,53.47,50.98,52,33700
ALBpA,04-Sep-2026,53.31,53.47,50.98,52.03,28404
ALC,04-Sep-2026,70.89,71.14,70.48,70.5,1341000
ALG,04-Sep-2026,169.8,175.09,169.25,173.56,178900
ALH,04-Sep-2026,22.73,22.89,22.41,22.73,537000
ALIT,04-Sep-2026,14.88,14.97,14.25,14.92,398100
ALK,04-Sep-2026,41.33,42.68,41.33,42.04,1964300
ALL,04-Sep-2026,260.26,263.31,259.14,259.57,1267800
ALL-B,04-Sep-2026,25.55,25.67,25.55,25.59,27800
ALL-H,04-Sep-2026,18.74,18.79,18.58,18.58,88000
ALL-I,04-Sep-2026,17.51,17.5699,17.425,17.425,21700
ALL-J,04-Sep-2026,25.84,26.0299,25.84,25.87,24400
ALLE,04-Sep-2026,155.49,157.265,155.23,157.12,746200
ALLpB,04-Sep-2026,25.55,25.67,25.55,25.59,26243
ALLpH,04-Sep-2026,18.74,18.79,18.58,18.58,77501
ALLpI,04-Sep-2026,17.51,17.5699,17.425,17.425,17854
ALLpJ,04-Sep-2026,25.84,26.0299,25.84,25.875,18909
ALLY,04-Sep-2026,43.08,43.925,43.08,43.73,1561200
ALSN,04-Sep-2026,128.16,131.37,128.16,131.24,528500
ALT-A,04-Sep-2026,25.62,25.7,25.62,25.7,500
ALTG,04-Sep-2026,5.75,6.13,5.75,6.1,194500
ALTGpA,04-Sep-2026,25.62,25.7,25.62,25.7,200
ALV,04-Sep-2026,124.78,125.565,123.91,125.2,559400
ALX,04-Sep-2026,260.01,264.25,260.01,262.42,24600
AM,04-Sep-2026,22.24,22.625,22.22,22.6,2197900
AMBP,04-Sep-2026,5.05,5.075,4.98,5.01,1495400
AMBQ,04-Sep-2026,57.67,57.875,56.62,57.45,255000
AMC,04-Sep-2026,2.63,2.8,2.59,2.65,57213300
AMCR,04-Sep-2026,45,45.48,44.865,45.15,2524800
AME,04-Sep-2026,234.2,238.89,234.2,237.72,1549700
AMG,04-Sep-2026,363.09,371.8,361.4,370.22,243900
AMH,04-Sep-2026,32.53,32.83,32.46,32.47,1988100
AMH-G,04-Sep-2026,21.94,22.0918,21.7362,22,2600
AMH-H,04-Sep-2026,23.1,23.3,23.035,23.06,13100
AMHpG,04-Sep-2026,21.94,22.0918,21.7362,22,2289
AMHpH,04-Sep-2026,23.1,23.3,23.035,23.09,10829
AMN,04-Sep-2026,33.1,33.92,32.81,33.8,581200
AMP,04-Sep-2026,553.25,565.58,553.25,560.56,372700
AMP.V,04-Sep-2026,2.92,3.2,2.86,3.2,18500
AMPX,04-Sep-2026,9.62,9.945,9.61,9.89,4186400
AMPX.WS,04-Sep-2026,2.92,3.2,2.86,3.2,17655
AMPY,04-Sep-2026,4.83,4.915,4.78,4.9,457500
AMR,04-Sep-2026,216.26,227.29,216.26,225.41,252800
AMRC,04-Sep-2026,22.8,23.44,22.525,23.15,605100
AMRZ,04-Sep-2026,43.86,44.07,43.51,43.82,3363100
AMT,04-Sep-2026,176.39,179.39,175.35,175.85,1931600
AMTB,04-Sep-2026,29.16,29.74,29.09,29.68,324900
AMTD,04-Sep-2026,0.7559,0.7779,0.7559,0.7667,2200
AMTM,04-Sep-2026,20,20.235,19.88,20.06,1081400
AMWL,04-Sep-2026,13.01,13.59,12.65,12.99,121800
AMX,04-Sep-2026,23.03,23.3,22.955,23,2425200
AN,04-Sep-2026,206.35,213.21,204.715,212.36,358300
ANDG,04-Sep-2026,56.96,57.45,55.89,56.26,762600
ANET,04-Sep-2026,192.82,197.1,190.56,193.78,4208500
ANF,04-Sep-2026,144.89,150.48,142.7441,149.67,1457200
ANG-D,04-Sep-2026,23.14,23.37,23.0801,23.31,23500
ANGpD,04-Sep-2026,23.14,23.37,23.0801,23.31,19150
ANGX,04-Sep-2026,4.5,4.61,4.5,4.58,867200
ANRO,04-Sep-2026,36.17,36.9799,35.45,35.55,269900
ANVS,04-Sep-2026,1.4,1.44,1.375,1.39,1532900
AOD,04-Sep-2026,10.73,10.7449,10.71,10.71,232000
AOMD,04-Sep-2026,25.3,25.3,25.12,25.12,1700
AOMN,04-Sep-2026,25.27,25.455,25.27,25.33,3600
AOMR,04-Sep-2026,8.29,8.365,8.26,8.31,76400
AON,04-Sep-2026,328.18,328.84,321.49,323.09,1467900
AORT,04-Sep-2026,25.37,25.69,25.18,25.57,418300
AOS,04-Sep-2026,60.21,61.11,60.16,60.48,1311900
AP,04-Sep-2026,8.35,8.8054,8.35,8.68,68600
APAM,04-Sep-2026,40.75,41.62,40.685,41.57,553900
APD,04-Sep-2026,302.26,304.4,300.21,301.27,675600
APG,04-Sep-2026,39.92,40.36,39.66,40.04,3201000
APH,04-Sep-2026,82.84,83.84,81.845,82.78,11224500
APLE,04-Sep-2026,15.5,15.71,15.5,15.6,2228800
APO,04-Sep-2026,133.91,134.6439,131.43,133.67,1941200
APOS,04-Sep-2026,25.09,25.3,25.09,25.21,17100
APTV,04-Sep-2026,46.55,48.235,46.06,47.95,3868900
AQN,04-Sep-2026,5.58,5.69,5.57,5.67,3156300
AQNB,04-Sep-2026,26.03,26.35,26.03,26.22,13100
AR,04-Sep-2026,39.32,39.85,39.0052,39.41,2656500
ARCO,04-Sep-2026,8.19,8.325,8.135,8.17,540500
ARDC,04-Sep-2026,12.29,12.31,12.26,12.3,90500
ARDT,04-Sep-2026,10.57,10.93,10.5005,10.91,449000
ARE,04-Sep-2026,52.08,53.42,51.72,52.65,909300
ARE-B,04-Sep-2026,44.1,44.62,44.075,44.61,12200
ARES,04-Sep-2026,138.37,141.26,136.12,140.15,1013700
ARESpB,04-Sep-2026,44.1,44.62,44.075,44.61,7767
ARI,04-Sep-2026,6.85,6.91,6.85,6.88,1062300
ARIS,04-Sep-2026,19.99,20.25,19.8,20.05,1024200
ARL,04-Sep-2026,16.56,16.98,15.49,15.6,4000
ARLO,04-Sep-2026,13.43,13.97,13.17,13.97,1469500
ARMK,04-Sep-2026,56.9,57.29,56.64,56.78,1208500
AROC,04-Sep-2026,32.5,32.73,32.13,32.69,1128500
ARR,04-Sep-2026,16.115,16.42,16.04,16.35,2949100
ARR-C,04-Sep-2026,20.65,20.66,20.57,20.57,11300
ARRpC,04-Sep-2026,20.645,20.66,20.57,20.57,9956
ARW,04-Sep-2026,209.28,216.54,209.28,215.97,464300
ARX,04-Sep-2026,19.8,19.9,19.73,19.88,1248200
AS,04-Sep-2026,28.5,29.71,28.37,29.53,6476300
ASA,04-Sep-2026,63.62,67.2499,62.45,63.085,55300
ASAN,04-Sep-2026,8.74,9.01,8.32,8.81,17246200
ASB,04-Sep-2026,30.77,31.195,30.77,31.07,1571500
ASB-E,04-Sep-2026,19.75,19.81,19.51,19.75,8900
ASB-F,04-Sep-2026,19.13,19.13,18.93,19.04,6600
ASBA,04-Sep-2026,24.79,24.92,24.74,24.87,14300
ASBpE,04-Sep-2026,19.75,19.81,19.51,19.75,8425
ASBpF,04-Sep-2026,19.13,19.13,18.93,19.04,5400
ASC,04-Sep-2026,18.02,18.395,17.86,18.17,549700
ASG,04-Sep-2026,5.14,5.1499,5.11,5.12,223500
ASGI,04-Sep-2026,22.15,22.205,22,22.16,151000
ASH,04-Sep-2026,72.53,73.71,71,72.93,398100
ASIC,04-Sep-2026,27,27.9,26.5,27.4,70000
ASIX,04-Sep-2026,17.07,17.49,16.94,17.45,202300
ASPN,04-Sep-2026,4.76,4.92,4.76,4.92,442000
ASR,04-Sep-2026,258.93,261.335,256.69,257.33,19500
ASX,04-Sep-2026,37.23,38.2,37.13,37.51,6864600
ATEN,04-Sep-2026,24.73,24.92,24.495,24.59,661400
ATH-A,04-Sep-2026,23.9,24.04,23.88,23.89,67700
ATH-B,04-Sep-2026,18.43,18.49,18.2708,18.34,12200
ATH-D,04-Sep-2026,16.03,16.1328,15.93,16.06,49600
ATH-E,04-Sep-2026,25.26,25.3299,25.25,25.28,33700
ATHM,04-Sep-2026,21.7,22.325,21.64,22.03,440900
ATHpA,04-Sep-2026,23.9,24.04,23.88,23.89,60377
ATHpB,04-Sep-2026,18.43,18.49,18.2708,18.34,9774
ATHpD,04-Sep-2026,16.03,16.1328,15.93,16.06,44217
ATHpE,04-Sep-2026,25.26,25.3299,25.25,25.28,32170
ATHS,04-Sep-2026,24.9,25.06,24.9,24.97,48400
ATI,04-Sep-2026,204.33,212.29,204.33,210.65,1790000
ATKR,04-Sep-2026,93.67,93.79,93.67,93.76,407000
ATMU,04-Sep-2026,47.44,48.87,47.44,48.34,702800
ATO,04-Sep-2026,168.4,169.58,167.28,167.56,694100
ATR,04-Sep-2026,127.53,128.4699,126.525,127.41,323900
ATS,04-Sep-2026,19.5,19.65,19.34,19.65,392200
AU,04-Sep-2026,109.12,110.555,108.26,109.07,2211000
AUB,04-Sep-2026,40.7,41.13,40.7,40.91,2456100
AUB-A,04-Sep-2026,23.85,23.92,23.62,23.89,9000
AUBpA,04-Sep-2026,23.85,23.92,23.62,23.89,7910
AUNA,04-Sep-2026,5.36,5.36,5.25,5.28,85300
AVA,04-Sep-2026,37.49,37.7272,37.365,37.55,512100
AVAL,04-Sep-2026,5.32,5.38,5.28,5.34,82700
AVBC,04-Sep-2026,22.15,22.375,21.9301,22.09,234700
AVD,04-Sep-2026,2.25,2.35,2.25,2.33,136100
AVEX,04-Sep-2026,16.32,16.78,16.16,16.47,983600
AVK,04-Sep-2026,12.28,12.4273,12.28,12.4,84500
AVNT,04-Sep-2026,42.72,43.87,42.44,43.4,495100
AVTR,04-Sep-2026,15.13,15.18,14.85,14.97,7654000
AVY,04-Sep-2026,171.99,175.45,170.385,175.06,774300
AWF,04-Sep-2026,10.06,10.06,10.025,10.03,165200
AWI,04-Sep-2026,170.02,173.49,169.885,173.33,441500
AWK,04-Sep-2026,140,141.28,139.425,140.7,2074100
AWP,04-Sep-2026,11.5,11.6386,11.46,11.46,89100
AWR,04-Sep-2026,89.07,89.24,88.22,88.53,163200
AX,04-Sep-2026,96.7,98.21,96.08,97.95,171800
AXP,04-Sep-2026,327.43,328.54,325.68,326.16,2034600
AXR,04-Sep-2026,22.75,23.14,22.75,23.14,2200
AXS,04-Sep-2026,100.35,101.6425,100.35,101.14,612400
AXS-E,04-Sep-2026,18.28,18.5986,18.28,18.54,64500
AXSpE,04-Sep-2026,18.28,18.5986,18.28,18.54,56809
AXTA,04-Sep-2026,35.61,36.27,35.49,35.78,1798900
AYI,04-Sep-2026,327.54,334.71,327.05,334.05,165500
AZN,04-Sep-2026,162.82,163.78,161.13,162.7,3073300
AZO,04-Sep-2026,2950,2987.66,2934.773,2983.29,402000
AZUL,04-Sep-2026,7.1,7.57,7.1,7.49,11300
AZZ,04-Sep-2026,137.9,140.94,137.9,140.02,139300
B,04-Sep-2026,44.85,45.39,44.47,44.75,6171000
BA,04-Sep-2026,209.44,212.26,208.8,212.25,4590600
BA-A,04-Sep-2026,65.48,65.86,65,65.86,49600
BABA,04-Sep-2026,112.37,113.41,111.97,113.24,7182500
BAC,04-Sep-2026,62.56,62.9183,61.96,62.68,26589400
BAC-B,04-Sep-2026,23.8,23.865,23.56,23.62,143100
BAC-E,04-Sep-2026,18.44,18.61,18.31,18.51,22700
BAC-K,04-Sep-2026,23.31,23.4099,23.17,23.17,49000
BAC-L,04-Sep-2026,1290.25,1299,1285,1299,4700
BAC-M,04-Sep-2026,20.16,20.2032,20.02,20.06,140400
BAC-N,04-Sep-2026,18.9,18.92,18.81,18.85,111000
BAC-O,04-Sep-2026,16.45,16.55,16.4,16.44,78300
BAC-P,04-Sep-2026,15.75,15.9,15.74,15.74,47900
BAC-Q,04-Sep-2026,16.02,16.125,15.91,15.91,187100
BAC-S,04-Sep-2026,17.82,17.92,17.77,17.78,170300
BACpB,04-Sep-2026,23.8,23.865,23.56,23.62,129556
BACpE,04-Sep-2026,18.44,18.61,18.31,18.51,20729
BACpK,04-Sep-2026,23.31,23.4099,23.17,23.2,41728
BACpL,04-Sep-2026,1290.25,1299,1285,1299,4116
BACpM,04-Sep-2026,20.16,20.2032,20.02,20.0691,133829
BACpN,04-Sep-2026,18.9,18.92,18.81,18.81,102983
BACpO,04-Sep-2026,16.45,16.55,16.4,16.44,68823
BACpP,04-Sep-2026,15.75,15.9,15.74,15.75,38420
BACpQ,04-Sep-2026,16,16.125,15.92,15.92,171230
BACpS,04-Sep-2026,17.82,17.92,17.77,17.78,163353
BAH,04-Sep-2026,72.77,74.06,72.405,72.8,1253400
BAK,04-Sep-2026,1.94,1.965,1.86,1.89,889800
BALL,04-Sep-2026,62.43,62.99,62.205,62.67,1887500
BALY,04-Sep-2026,9.51,9.8,8.85,9.14,178500
BAM,04-Sep-2026,49.7,50.975,49.51,50.6,3104300
BAN-F,04-Sep-2026,25.14,25.15,25.12,25.12,18200
BANC,04-Sep-2026,18.77,18.96,18.73,18.92,3110200
BANCpF,04-Sep-2026,25.14,25.15,25.12,25.12,14814
BAP,04-Sep-2026,380.33,385.255,380.1184,382.53,149300
BApA,04-Sep-2026,65.59,65.83,65,65.83,17008
BARK,04-Sep-2026,10.41,10.84,10.39,10.74,45200
BAX,04-Sep-2026,25.33,26.115,25.26,25.83,3415100
BB,04-Sep-2026,7.67,7.78,7.64,7.7,7886900
BBA.W,04-Sep-2026,0.054,0.061,0.05,0.0531,22700
BBAI,04-Sep-2026,2.96,3,2.915,2.92,10269900
BBAI.WS,04-Sep-2026,0.054,0.061,0.05,0.0531,21150
BBAR,04-Sep-2026,15.13,15.2179,14.69,14.82,674500
BBD,04-Sep-2026,3.4,3.49,3.4,3.47,27208000
BBDC,04-Sep-2026,8.95,9.075,8.84,9.02,445200
BBDO,04-Sep-2026,3.15,3.18,3.0665,3.17,60600
BBN,04-Sep-2026,15.64,15.7,15.62,15.65,93300
BBT,04-Sep-2026,31.46,31.93,31.34,31.89,468300
BBUC,04-Sep-2026,27.03,28.11,27.03,28.02,364500
BBVA,04-Sep-2026,29.27,29.56,29.27,29.51,743100
BBW,04-Sep-2026,28.73,29.8889,28.57,29.43,556900
BBWI,04-Sep-2026,18.62,19.92,18.325,19.51,6484800
BBY,04-Sep-2026,87.48,90.82,87.13,90.27,3954900
BC,04-Sep-2026,71.84,74.895,71.59,74.43,649100
BC-C,04-Sep-2026,24.26,24.425,24.13,24.17,7900
BCAT,04-Sep-2026,15.99,16.015,15.935,16,400200
BCC,04-Sep-2026,76.83,80.245,76.83,79.21,244300
BCE,04-Sep-2026,23.65,23.81,23.56,23.67,2414000
BCEM,04-Sep-2026,27,27.26,27,27.208,3400
BCGD,04-Sep-2026,26.65,26.65,26.64,26.6496,1500
BCH,04-Sep-2026,42.15,42.75,42.06,42.35,199200
BCO,04-Sep-2026,106.92,109.115,104.98,108.87,307200
BCS,04-Sep-2026,26.78,27.04,26.775,27,5756100
BCS.W,04-Sep-2026,0.62,0.62,0.62,0.62,100
BCSF,04-Sep-2026,11.77,11.967,11.76,11.82,246700
BCSM,04-Sep-2026,24.7,24.74,24.61,24.658,3000
BCSS,04-Sep-2026,10.28,10.315,10.28,10.315,500
BCX,04-Sep-2026,13.1,13.1,12.92,13.06,109900
BDC,04-Sep-2026,119.6,122.59,119.01,122.28,316100
BDJ,04-Sep-2026,9.91,9.915,9.85,9.89,362300
BDN,04-Sep-2026,3.02,3.14,3.02,3.12,1820300
BDX,04-Sep-2026,185.42,187.13,184.05,184.74,1439100
BE,04-Sep-2026,236.82,253.2999,235.55,252.87,16469000
BEKE,04-Sep-2026,18.12,18.215,17.845,17.92,6515100
BEN,04-Sep-2026,33.43,35.1,33.43,34.73,4847700
BEP,04-Sep-2026,31.24,31.45,31.12,31.41,717100
BEP-A,04-Sep-2026,16.62,16.919,16.6,16.86,9900
BEPC,04-Sep-2026,31.5,31.83,31.47,31.75,1207000
BEPH,04-Sep-2026,14.91,15.09,14.91,15.06,24200
BEPI,04-Sep-2026,15.94,15.97,15.86,15.96,24600
BEPJ,04-Sep-2026,23.22,23.22,23.07,23.071,9700
BEPpA,04-Sep-2026,16.62,16.919,16.6,16.86,9512
BETA,04-Sep-2026,21.15,22.62,20.94,22.2,2820600
BF.A,04-Sep-2026,27.82,28.0542,26.911,27.13,271100
BF.B,04-Sep-2026,27.48,27.555,26.54,26.73,1991500
BFAM,04-Sep-2026,70.14,70.72,68.88,70.25,670000
BFH,04-Sep-2026,107.07,110.97,107.05,110.87,712800
BFH-A,04-Sep-2026,24.9242,24.95,24.92,24.9333,5000
BFH-B,04-Sep-2026,24.88,24.89,24.85,24.86,84300
BFLY,04-Sep-2026,7.28,7.44,7.24,7.36,3050500
BFS,04-Sep-2026,32.5,32.91,32.31,32.52,102700
BFS-D,04-Sep-2026,20.5,20.61,20.5,20.55,2100
BFS-E,04-Sep-2026,20.86,21.385,20.69,20.69,1700
BFSpD,04-Sep-2026,20.5,20.61,20.5,20.55,1891
BFSpE,04-Sep-2026,20.86,21.385,20.69,20.69,1036
BG,04-Sep-2026,120.04,120.1,118,118.71,1175000
BGB,04-Sep-2026,11.22,11.23,11.19,11.19,388600
BGH,04-Sep-2026,14.14,14.1865,14.1101,14.13,40500
BGR,04-Sep-2026,17.29,17.4347,17.01,17.2,71200
BGS,04-Sep-2026,3.33,3.375,3.28,3.29,2179500
BGSF,04-Sep-2026,5.18,5.44,5.18,5.44,2400
BGSI,04-Sep-2026,88.59,91.28,88.59,90.47,36900
BGT,04-Sep-2026,11.07,11.07,11.03,11.03,128500
BGX,04-Sep-2026,10.69,10.73,10.66,10.69,58400
BGY,04-Sep-2026,5.91,5.94,5.91,5.91,129600
BH,04-Sep-2026,384.16,388.11,377.64,383.75,88200
BH.A,04-Sep-2026,1918,1970.33,1905,1928.21,19700
BHC,04-Sep-2026,6.71,6.72,6.52,6.56,1652700
BHE,04-Sep-2026,71.98,73.28,71.75,72.64,195800
BHK,04-Sep-2026,8.9,8.95,8.9,8.94,162000
BHP,04-Sep-2026,89.48,91.02,89.32,90.42,1782400
BHR,04-Sep-2026,1.9,1.92,1.835,1.9,374700
BHR-B,04-Sep-2026,13.9,14.1,13.725,14.08,20000
BHR-D,04-Sep-2026,17.5,17.6,17.5,17.6,6700
BHRpB,04-Sep-2026,13.9,14.1,13.725,14.08,17884
BHRpD,04-Sep-2026,17.5,17.6,17.5,17.565,5125
BHV,04-Sep-2026,12.47,12.72,12.47,12.47,900
BHVN,04-Sep-2026,15.52,15.805,15.21,15.69,1901000
BII.U,04-Sep-2026,10.21,10.22,10.1645,10.2059,2000
BII.W,04-Sep-2026,0.48,0.48,0.48,0.48,500
BIII,04-Sep-2026,10.06,10.07,10.06,10.06,213500
BILL,04-Sep-2026,50.33,50.46,48.21,49.16,1209500
BIO,04-Sep-2026,380.84,386.78,376.2,386.11,112900
BIP,04-Sep-2026,36.43,37.27,36.43,37.13,493400
BIP-A,04-Sep-2026,17.01,17.01,16.62,16.86,6300
BIP-B,04-Sep-2026,16.47,16.54,16.47,16.5,5500
BIPC,04-Sep-2026,36.78,37.45,36.77,37.35,956800
BIPH,04-Sep-2026,15.71,15.82,15.55,15.67,31900
BIPI,04-Sep-2026,16.33,16.58,16.33,16.47,29200
BIPJ,04-Sep-2026,23.9,23.9,23.56,23.66,12900
BIPpA,04-Sep-2026,17.01,17.01,16.62,16.86,4944
BIPpB,04-Sep-2026,16.47,16.54,16.47,16.5,4604
BIRK,04-Sep-2026,33.7,34.58,33.54,34,1689300
BIT,04-Sep-2026,11.92,11.92,11.88,11.88,176800
BJ,04-Sep-2026,92.87,93.76,92.49,93.19,1223800
BKD,04-Sep-2026,11.85,12.14,11.75,11.77,3222700
BKE,04-Sep-2026,43.23,43.81,42.76,43.15,348900
BKH,04-Sep-2026,72.83,73.62,72.75,73.21,716700
BKK.W,04-Sep-2026,0.0142,0.0145,0.0142,0.0145,14800
BKKT,04-Sep-2026,8.06,8.37,7.9612,8.33,739900
BKKT.WS,04-Sep-2026,0.0142,0.0145,0.0142,0.0145,14698
BKSY,04-Sep-2026,21.12,21.26,20.3805,20.5,899100
BKT,04-Sep-2026,10.23,10.2926,10.21,10.23,102300
BKU,04-Sep-2026,46.06,46.57,45.98,46.38,665900
BKV,04-Sep-2026,26.13,26.23,25.78,26.06,772800
BLCO,04-Sep-2026,17.92,18.17,17.86,18.04,414100
BLDR,04-Sep-2026,64.04,66.69,63.7901,65.79,2444100
BLK,04-Sep-2026,1112,1124.815,1111.17,1122.29,410800
BLND,04-Sep-2026,1.49,1.6,1.49,1.54,1695700
BLSH,04-Sep-2026,34.69,36.04,34.05,36,1125700
BLW,04-Sep-2026,12.59,12.62,12.51,12.55,72400
BLX,04-Sep-2026,55.54,56.255,55.165,55.64,136800
BMA,04-Sep-2026,79.16,80.27,77.53,78.57,289300
BME,04-Sep-2026,45.63,45.97,45.5001,45.81,35200
BMEZ,04-Sep-2026,16.94,17,16.8501,16.97,140700
BMI,04-Sep-2026,135.13,136.44,132.07,132.49,243200
BML-G,04-Sep-2026,18.56,18.6728,18.56,18.65,9000
BML-H,04-Sep-2026,18.57,18.57,18.47,18.471,7600
BML-J,04-Sep-2026,19.57,19.68,19.5,19.595,31500
BML-L,04-Sep-2026,19.27,19.65,19.25,19.42,14500
BMLpG,04-Sep-2026,18.56,18.6728,18.56,18.65,8586
BMLpH,04-Sep-2026,18.57,18.57,18.47,18.471,6342
BMLpJ,04-Sep-2026,19.57,19.68,19.5,19.595,30439
BMLpL,04-Sep-2026,19.27,19.65,19.25,19.43,10324
BMN,04-Sep-2026,25.9,25.9,24.85,25.1,37700
BMNP,04-Sep-2026,98.18,98.3001,97.8,98.11,9300
BMNR,04-Sep-2026,25.33,25.49,24.525,24.97,46697400
BMO,04-Sep-2026,176.15,176.64,174.7,175.4,543900
BMY,04-Sep-2026,67.24,67.72,66.575,66.82,4825400
BN,04-Sep-2026,40,40.595,39.91,40.31,2551600
BNED,04-Sep-2026,12.08,12.81,12.08,12.72,204400
BNH,04-Sep-2026,14.8,15.15,14.8,15.15,24300
BNJ,04-Sep-2026,14.77,15.17,14.75,15.17,22400
BNL,04-Sep-2026,20.8,20.98,20.77,20.81,1423600
BNS,04-Sep-2026,94.43,95.045,93.5301,93.82,1101600
BNT,04-Sep-2026,39.95,40.56,39.95,40.24,4800
BNY,04-Sep-2026,163.58,165.84,163.58,164.84,2367900
BNY-K,04-Sep-2026,24.89,24.89,24.77,24.81,521700
BOBS,04-Sep-2026,16.27,17.69,16.265,17.64,410800
BOC,04-Sep-2026,13.82,13.84,13.6,13.76,109800
BOE,04-Sep-2026,12.52,12.52,12.41,12.46,65400
BOH,04-Sep-2026,76.52,77.34,76.475,77.19,217300
BOH-A,04-Sep-2026,15.25,15.3099,15.25,15.3099,3300
BOH-B,04-Sep-2026,25.825,25.825,25.67,25.7,33000
BOHpA,04-Sep-2026,15.25,15.3099,15.25,15.3099,2853
BOHpB,04-Sep-2026,25.825,25.825,25.67,25.7166,30122
BOND,04-Sep-2026,90.08,90.15,90.005,90.04,515600
BOOT,04-Sep-2026,147.11,155.03,147.11,154.29,463900
BORR,04-Sep-2026,4.59,4.6,4.49,4.54,4014700
BOW,04-Sep-2026,33.64,33.7,33.62,33.65,265600
BOX,04-Sep-2026,35.62,35.79,34.73,35.19,1658900
BP,04-Sep-2026,43.76,44.005,42.94,43.81,7058900
BPRE,04-Sep-2026,11.98,12.05,11.75,11.87,801200
BR,04-Sep-2026,175.91,177.905,172.11,172.88,1250500
BRBR,04-Sep-2026,10.34,10.49,10.25,10.39,2087800
BRC,04-Sep-2026,89.7,90.69,89.27,90.21,253300
BRCC,04-Sep-2026,8.52,8.8,8.39,8.75,65000
BRCE,04-Sep-2026,30.51,30.52,30.46,30.52,4400
BREE,04-Sep-2026,27.65,27.8415,27.65,27.8415,800
BRIE,04-Sep-2026,31.31,31.57,31.24,31.52,150500
BRK.A,04-Sep-2026,757225,760774.2,756915.1,759350,100
BRK.B,04-Sep-2026,505.31,507.5,504.295,506.03,3281600
BRO,04-Sep-2026,71.59,72.08,71.22,71.42,1361600
BROL,04-Sep-2026,26.2,26.2,26.1,26.1121,900
BROS,04-Sep-2026,45.88,46.8494,45.25,46.58,2810700
BRSL,04-Sep-2026,11.44,11.45,11.125,11.3,1200600
BRSP,04-Sep-2026,4.63,4.72,4.63,4.68,739300
BRT,04-Sep-2026,14.57,14.66,14.3,14.35,20900
BRW,04-Sep-2026,6.5,6.53,6.46,6.52,200400
BRX,04-Sep-2026,29.17,29.63,29.115,29.15,2179100
BSAC,04-Sep-2026,35.37,36.15,35.35,35.67,155100
BSBR,04-Sep-2026,5.94,5.99,5.94,5.96,7140400
BSL,04-Sep-2026,12.96,12.99,12.96,12.96,30200
BSM,04-Sep-2026,14.7,14.77,14.51,14.65,135200
BST,04-Sep-2026,49.99,50.7618,49.76,50.76,48600
BSTZ,04-Sep-2026,30.74,31.17,30.71,31.17,107000
BSX,04-Sep-2026,46.92,48.0583,46.83,47.8,15504200
BTE,04-Sep-2026,4.9,4.93,4.81,4.86,14242200
BTGO,04-Sep-2026,7.36,7.4114,7,7.3,1375300
BTI,04-Sep-2026,55.62,55.865,55.34,55.35,4109600
BTO,04-Sep-2026,40.22,40.3,39.7912,40.15,18400
BTT,04-Sep-2026,22.59,22.6357,22.48,22.49,66800
BTU,04-Sep-2026,27.35,29.17,27.3,28.85,2116100
BTX,04-Sep-2026,8.87,8.95,8.83,8.94,282300
BTZ,04-Sep-2026,9.93,9.965,9.93,9.95,211600
BUD,04-Sep-2026,80.36,80.565,80.025,80.35,3387600
BUI,04-Sep-2026,26.6,26.75,26.6,26.63,50700
BUR,04-Sep-2026,4.27,4.4,4.26,4.35,1237400
BURL,04-Sep-2026,257.85,267.51,257.645,265.33,2127000
BUXX,04-Sep-2026,20.18,20.22,20.18,20.2,276300
BV,04-Sep-2026,11.21,11.38,11.08,11.36,628000
BVN,04-Sep-2026,34.03,34.36,33.26,33.9,397800
BW,04-Sep-2026,7.06,7.31,7,7.1,3305700
BW-A,04-Sep-2026,22.07,22.5,22.07,22.28,7200
BWA,04-Sep-2026,65.65,67.73,65.65,67.54,1444200
BWG,04-Sep-2026,7.6,7.63,7.59,7.61,60900
BWI.W,04-Sep-2026,0.275,0.275,0.275,0.275,3800
BWIV,04-Sep-2026,9.91,9.91,9.91,9.91,700
BWLP,04-Sep-2026,24.76,25.1968,24.61,24.86,573600
BWMX,04-Sep-2026,15.55,15.84,15.45,15.74,37900
BWpA,04-Sep-2026,22.07,22.5,22.07,22.28,6788
BWXT,04-Sep-2026,158.39,161.91,157.0001,157.59,654300
BX,04-Sep-2026,135.36,138.11,134.395,136.15,2902200
BXC,04-Sep-2026,77.04,82.37,77.015,81.81,204300
BXDC,04-Sep-2026,20.44,20.72,20.25,20.33,862200
BXMT,04-Sep-2026,14.02,14.27,14.01,14.2,1145300
BXP,04-Sep-2026,67.8,68.45,67.6,67.69,848300
BXSL,04-Sep-2026,24.54,24.96,24.53,24.72,963000
BY,04-Sep-2026,38.5,38.96,38.36,38.85,230200
BYD,04-Sep-2026,77.5,78.6,77.4,78.02,690700
BZH,04-Sep-2026,33.21,33.28,33.21,33.26,351300
C,04-Sep-2026,137.43,138.105,135.4,137.72,5714700
C-N,04-Sep-2026,26.47,26.47,26.33,26.37,85100
C-R,04-Sep-2026,24.24,24.24,24.03,24.03,51100
CAAP,04-Sep-2026,23.96,24.56,23.705,24.41,138500
CABO,04-Sep-2026,26.16,26.9999,24.73,25.47,214400
CACI,04-Sep-2026,623.69,633.41,618.66,623.61,205300
CAF,04-Sep-2026,18.89,19.065,18.745,18.83,18900
CAG,04-Sep-2026,15.5,15.78,15.4,15.48,7716800
CAH,04-Sep-2026,246.34,249.29,246.29,247.18,1548300
CAL,04-Sep-2026,11.87,12.48,11.87,12.43,405600
CALX,04-Sep-2026,36.88,37.29,35.93,35.96,1523400
CALY,04-Sep-2026,15.75,15.96,15.69,15.9,1238300
CANG,04-Sep-2026,2.08,2.23,2.0319,2.19,176400
CAPL,04-Sep-2026,22.98,22.98,22.52,22.85,54600
CARR,04-Sep-2026,58.6,59.72,58.17,59.71,4350200
CARS,04-Sep-2026,11.62,11.855,11.45,11.73,737600
CAT,04-Sep-2026,802.38,821,801,813.94,2150300
CATO,04-Sep-2026,2.6,2.6099,2.58,2.6,23100
CAVA,04-Sep-2026,61.24,61.5725,60.4,60.76,1970000
CB,04-Sep-2026,345.5,347.68,340.71,341.59,2400000
CBAN,04-Sep-2026,21.68,21.78,21.33,21.75,86700
CBL,04-Sep-2026,54.7,55.82,54.56,54.98,117700
CBNA,04-Sep-2026,46.85,47.69,46,47.57,14800
CBRE,04-Sep-2026,146.83,148.9198,145.41,147.85,1069100
CBT,04-Sep-2026,80.26,82.4,80.24,81.48,284100
CBU,04-Sep-2026,63.34,64.205,63.34,63.85,107000
CBZ,04-Sep-2026,54.48,54.89,54.48,54.85,889800
CC,04-Sep-2026,15.26,15.61,15.16,15.3,1191600
CCI,04-Sep-2026,76.77,77.54,75.495,75.83,2460000
CCID,04-Sep-2026,25.05,25.05,25.02,25.02,3100
CCIF,04-Sep-2026,2.75,2.75,2.69,2.71,99900
CCJ,04-Sep-2026,99.54,101.54,99.52,100.74,1557400
CCK,04-Sep-2026,115.09,116.16,114.685,115.16,517600
CCL,04-Sep-2026,23.45,23.64,23.29,23.51,16200100
CCM,04-Sep-2026,4.57,4.68,4.4,4.68,11000
CCO,04-Sep-2026,2.38,2.39,2.37,2.38,3811900
CCS,04-Sep-2026,63.99,64.73,63.25,64.51,209200
CCU,04-Sep-2026,11.78,11.912,11.675,11.88,158800
CDE,04-Sep-2026,21.06,21.655,20.93,21.24,32938100
CDLR,04-Sep-2026,24.68,25.01,24.68,24.93,39400
CDP,04-Sep-2026,34.97,35.67,34.79,35.16,537200
CDR-B,04-Sep-2026,16.3,16.3,16.3,16.3,200
CDR-C,04-Sep-2026,15.35,15.375,15.35,15.375,7300
CDRE,04-Sep-2026,29.32,29.82,29.16,29.76,259700
CDRpB,04-Sep-2026,16.3,16.3,16.3,16.3,100
CDRpC,04-Sep-2026,15.35,15.375,15.35,15.375,6793
CE,04-Sep-2026,44.7,45.96,44.56,44.67,1227100
CEE,04-Sep-2026,19.97,20.9499,19.97,20.3199,7500
CEL-,04-Sep-2026,0.14,0.148,0.09,0.138,45800
CELGr,04-Sep-2026,0.1552,0.1552,0.09,0.138,45478
CEPU,04-Sep-2026,13.88,14.2,13.8295,14.04,75700
CF,04-Sep-2026,135.43,135.965,131.64,133.35,2663000
CFG,04-Sep-2026,70.41,71.14,70.41,70.78,1948300
CFG-E,04-Sep-2026,18.26,18.42,18.071,18.1241,24100
CFG-H,04-Sep-2026,25.93,26.12,25.93,26.09,22400
CFG-I,04-Sep-2026,24.91,24.91,24.77,24.89,4300
CFGpE,04-Sep-2026,18.24,18.42,18.071,18.1241,20996
CFGpH,04-Sep-2026,25.93,26.12,25.93,26.09,19016
CFGpI,04-Sep-2026,24.91,24.91,24.77,24.89,2018
CFND,04-Sep-2026,3.03,3.18,2.9,3.17,149900
CFR,04-Sep-2026,161.87,163.91,161.87,162.62,543600
CFR-B,04-Sep-2026,16.2,16.455,16.18,16.23,15700
CFRpB,04-Sep-2026,16.2,16.455,16.18,16.23,13627
CFT-A,04-Sep-2026,25.06,25.24,25.03,25.04,7400
CGAU,04-Sep-2026,22.48,23.1,22.47,22.92,932900
CGV,04-Sep-2026,16.25,16.38,16.25,16.3407,85400
CHCT,04-Sep-2026,14.85,15.11,14.85,15,213500
CHD,04-Sep-2026,97.94,99.11,97.72,98.55,1340400
CHE,04-Sep-2026,519.62,525.63,519.23,519.84,84200
CHGG,04-Sep-2026,0.952,0.9779,0.8423,0.8513,2335800
CHH,04-Sep-2026,99.15,100.85,98.83,100.62,467300
CHM-A,04-Sep-2026,22.12,22.12,21.7864,21.7864,1400
CHM-B,04-Sep-2026,23.75,23.93,23.75,23.93,400
CHMI,04-Sep-2026,2.93,2.97,2.93,2.96,179400
CHMIpA,04-Sep-2026,22.12,22.12,21.7864,21.7864,1030
CHMIpB,04-Sep-2026,23.75,23.93,23.75,23.93,205
CHPT,04-Sep-2026,9.28,10.28,9.2582,9.89,13432400
CHT,04-Sep-2026,43.4,43.88,43.4,43.82,130800
CHWY,04-Sep-2026,23.92,24.17,23.57,23.66,7371100
CI,04-Sep-2026,283.06,284.67,281.63,282.52,1204700
CIA,04-Sep-2026,3.94,3.99,3.845,3.95,101200
CIB,04-Sep-2026,100.76,102.33,99.98,100.58,675700
CICB,04-Sep-2026,25.18,25.335,25.18,25.21,22400
CICC,04-Sep-2026,24.7,24.7001,24.4,24.57,32200
CIEN,04-Sep-2026,321.67,328.845,315.73,321,3344300
CIG,04-Sep-2026,2.11,2.17,2.11,2.14,3816200
CII,04-Sep-2026,24.54,24.68,24.38,24.51,49800
CIM,04-Sep-2026,11.51,11.685,11.51,11.64,651700
CIM-A,04-Sep-2026,21.38,21.4,21.2412,21.25,3800
CIM-B,04-Sep-2026,24,24,23.9,23.92,11100
CIM-C,04-Sep-2026,22.8,22.85,22.69,22.8,6800
CIM-D,04-Sep-2026,23.87,23.949,23.8178,23.9011,5500
CIMN,04-Sep-2026,25.16,25.3,25.16,25.2202,2400
CIMO,04-Sep-2026,25.3,25.39,25.3,25.35,2800
CIMP,04-Sep-2026,25.23,25.25,25.2,25.25,2600
CIMpA,04-Sep-2026,21.38,21.4,21.2412,21.25,3300
CIMpB,04-Sep-2026,24,24,23.9,23.92,9142
CIMpC,04-Sep-2026,22.8,22.85,22.69,22.77,5489
CIMpD,04-Sep-2026,23.87,23.949,23.8178,23.9011,5176
CINT,04-Sep-2026,3.49,3.65,3.442,3.58,37500
CION,04-Sep-2026,7.38,7.43,7.31,7.34,233800
CL,04-Sep-2026,89.53,90.54,88.66,88.77,4102800
CLB,04-Sep-2026,12.33,12.54,11.4826,12.54,328700
CLB.W,04-Sep-2026,0.9349,0.9349,0.9349,0.9349,100
CLBR,04-Sep-2026,10.245,10.25,10.245,10.25,143400
CLD-A,04-Sep-2026,20.31,20.31,20.111,20.13,7500
CLDT,04-Sep-2026,13.03,13.08,12.91,13.04,159000
CLDTpA,04-Sep-2026,20.31,20.31,20.111,20.13,6394
CLF,04-Sep-2026,12.2,12.5,12.16,12.5,7494700
CLH,04-Sep-2026,315.62,318.84,314.87,317.1,224400
CLPR,04-Sep-2026,3.27,3.275,3.2,3.21,24000
CLS,04-Sep-2026,316.3,318.41,308.3,312.35,2168700
CLVT,04-Sep-2026,2.11,2.135,2.035,2.07,2675700
CLW,04-Sep-2026,20.67,21.06,20.67,20.92,82200
CLX,04-Sep-2026,93.75,94.18,92.631,93.06,2216300
CM,04-Sep-2026,117.66,118.6,117.31,117.5,1033000
CMBT,04-Sep-2026,19.3,19.61,19.3,19.49,1587400
CMC,04-Sep-2026,69.01,70.38,68.4,70.28,730900
CMCM,04-Sep-2026,2.97,3.38,2.97,3.38,4500
CMDB,04-Sep-2026,22.21,24.02,22.0057,23.95,62200
CMG,04-Sep-2026,37.41,37.41,36.835,36.96,9780600
CMI,04-Sep-2026,553.4,561.955,551.06,560.75,1059800
CMP,04-Sep-2026,25.07,25.59,25.02,25.32,362300
CMR-B,04-Sep-2026,25.42,25.42,25.42,25.42,300
CMR-C,04-Sep-2026,26.79,26.97,26.74,26.74,600
CMR-D,04-Sep-2026,26.75,26.8334,26.75,26.75,1900
CMRE,04-Sep-2026,15.37,15.69,15.3001,15.55,417100
CMREpB,04-Sep-2026,25.42,25.42,25.42,25.42,241
CMREpC,04-Sep-2026,26.79,26.97,26.74,26.74,500
CMREpD,04-Sep-2026,26.75,26.8334,26.75,26.75,1007
CMS,04-Sep-2026,68.23,69.14,68.23,68.46,3159300
CMS-B,04-Sep-2026,76.3,76.75,76.04,76.75,1600
CMS-C,04-Sep-2026,16.22,16.22,16.04,16.09,9100
CMSA,04-Sep-2026,19.8,19.8,19.53,19.5499,14700
CMSC,04-Sep-2026,21.04,21.04,20.751,20.81,14300
CMSD,04-Sep-2026,20.71,20.7797,20.5001,20.69,52300
CMSpB,04-Sep-2026,76.3,76.75,76.04,76.75,550
CMSpC,04-Sep-2026,16.22,16.22,16.04,16.09,6240
CMTG,04-Sep-2026,1.57,1.62,1.57,1.62,338800
CNA,04-Sep-2026,48.91,49.45,48.45,48.47,309900
CNC,04-Sep-2026,66.77,68.22,66.7675,67.04,2926300
CNF,04-Sep-2026,2.2,2.2,2.1778,2.2,800
CNH,04-Sep-2026,13.89,14.46,13.87,14.4,26022800
CNI,04-Sep-2026,122.49,124.53,122.49,123.37,5388700
CNK,04-Sep-2026,35.02,35.65,34.84,35.04,1480800
CNM,04-Sep-2026,43.82,44.48,43.3,44.32,1330700
CNMD,04-Sep-2026,49.09,49.515,48.61,49.32,281200
CNNE,04-Sep-2026,15.71,15.96,15.67,15.83,369700
CNO,04-Sep-2026,56.3,56.975,55.78,56.75,917200
CNO-A,04-Sep-2026,16.35,16.35,16.2681,16.2681,300
CNOpA,04-Sep-2026,16.35,16.35,16.2681,16.2681,200
CNP,04-Sep-2026,39.76,40.0995,39.57,39.67,4139200
CNQ,04-Sep-2026,50.4,50.94,49.84,50.46,6669600
CNR,04-Sep-2026,98.33,100,96.97,99.62,417600
CNS,04-Sep-2026,77.99,80.27,77.67,79.91,116900
CNX,04-Sep-2026,37.75,37.8,37.17,37.49,1315000
COD-A,04-Sep-2026,19.59,19.74,19.5,19.6,9800
COD-B,04-Sep-2026,22.2,22.35,22.1601,22.25,1900
COD-C,04-Sep-2026,21.94,22.09,21.94,22.035,3500
CODI,04-Sep-2026,11.39,11.75,11.305,11.67,458400
CODIpA,04-Sep-2026,19.59,19.74,19.5,19.6,9278
CODIpB,04-Sep-2026,22.2,22.35,22.1601,22.25,1675
CODIpC,04-Sep-2026,21.94,22.09,21.94,22.035,1627
COF,04-Sep-2026,219,220.77,218.01,219.6,1921300
COF-I,04-Sep-2026,17.52,17.6,17.4535,17.5,134000
COF-J,04-Sep-2026,16.75,16.83,16.75,16.75,36900
COF-K,04-Sep-2026,16.01,16.1,16.01,16.08,19200
COF-L,04-Sep-2026,15.15,15.29,15.15,15.26,55600
COF-N,04-Sep-2026,15.06,15.1999,15.06,15.1,13900
COFpI,04-Sep-2026,17.52,17.6,17.4535,17.515,125806
COFpJ,04-Sep-2026,16.75,16.83,16.75,16.75,32252
COFpK,04-Sep-2026,16.01,16.1,16.01,16.08,18090
COFpL,04-Sep-2026,15.15,15.29,15.15,15.26,50642
COFpN,04-Sep-2026,15.06,15.1999,15.06,15.1,12824
COHR,04-Sep-2026,269.69,283.8525,264.1,281.86,5043600
COLD,04-Sep-2026,14.05,14.49,14.05,14.22,2155200
COMP,04-Sep-2026,10.85,11.195,10.795,11.12,9175100
CON,04-Sep-2026,34.24,34.75,34.225,34.47,363400
COOK,04-Sep-2026,48.48,50.32,47.15,49.97,37200
COP,04-Sep-2026,134.6,135.42,132.57,134.26,5497200
COR,04-Sep-2026,333.48,336.01,330.201,330.95,1027600
COSO,04-Sep-2026,27.59,28.04,27.59,27.89,96400
COTY,04-Sep-2026,2.91,2.98,2.86,2.93,4866000
COUR,04-Sep-2026,5.93,5.965,5.75,5.8,4649600
CP,04-Sep-2026,90.75,92.32,90.45,91.6,2227600
CPA,04-Sep-2026,130,132.35,130,132.31,212300
CPAC,04-Sep-2026,12.6,12.71,12.532,12.62,14400
CPAI,04-Sep-2026,51.9,52.285,51.9,52.1911,14200
CPAY,04-Sep-2026,413.68,419.43,410.99,416.37,329500
CPF,04-Sep-2026,37.74,38.32,37.655,38.19,80000
CPK,04-Sep-2026,131.64,133.36,131.64,132.66,119700
CPN,04-Sep-2026,26.47,26.47,26.33,26.37,77091
CPNG,04-Sep-2026,15.46,15.55,15.155,15.29,11808900
CPRI,04-Sep-2026,13.18,13.75,13.04,13.56,4479500
CPS,04-Sep-2026,26.6,27.22,26.365,27.18,111100
CPT,04-Sep-2026,104.78,106.16,104.7,105.69,811100
CQP,04-Sep-2026,68.5,69.89,67.77,68.73,139500
CR,04-Sep-2026,200.62,212.12,200.43,204.69,391400
CRBD,04-Sep-2026,20.99,21,20.74,20.93,38600
CRBG,04-Sep-2026,34.29,34.82,34.24,34.47,2420300
CRC,04-Sep-2026,53,54.52,52.18,54.22,1042600
CRCL,04-Sep-2026,97.98,102.7851,97.1,102.05,14220000
CRD.A,04-Sep-2026,13.4,13.56,13.07,13.27,25200
CRD.B,04-Sep-2026,12.14,12.3692,11.84,12.09,7500
CRGY,04-Sep-2026,13.85,13.9,13.585,13.77,4402700
CRH,04-Sep-2026,91.57,94.72,91.57,94.26,3894500
CRI,04-Sep-2026,32.9,33.585,32.35,33.55,1494300
CRK,04-Sep-2026,15,15.28,14.72,15.26,2084400
CRL,04-Sep-2026,288.29,291.69,285.34,288.5,738800
CRM,04-Sep-2026,263.36,263.6,257.82,259.23,10498200
CRS,04-Sep-2026,464.25,480.37,463.74,475.33,445100
CRT,04-Sep-2026,10.58,10.98,10.5763,10.96,23000
CSAN,04-Sep-2026,2.86,2.955,2.84,2.9,1381800
CSL,04-Sep-2026,343.11,354.55,341.95,352.14,401300
CSQR,04-Sep-2026,18.25,18.665,17.82,18.02,886000
CSR,04-Sep-2026,52.1,52.95,52,52.9,208600
CSTM,04-Sep-2026,26.56,27.17,26.51,27.14,1496600
CSV,04-Sep-2026,33.48,34.09,33.32,33.92,65100
CSW,04-Sep-2026,303.86,310.13,303.86,308.46,97100
CTA-A,04-Sep-2026,52.1,52.1,52.1,52.1,700
CTA-B,04-Sep-2026,65.98,65.98,65.5,65.8,1200
CTApA,04-Sep-2026,52.1,52.1,52.1,52.1,222
CTApB,04-Sep-2026,65.98,65.98,65.5,65.8,700
CTEV,04-Sep-2026,39.08,39.08,37.66,38.43,70500
CTGG,04-Sep-2026,16.35,16.42,16.05,16.41,70300
CTHH,04-Sep-2026,16.81,16.99,16.585,16.94,60900
CTO,04-Sep-2026,21.35,21.64,21.35,21.49,199000
CTO-A,04-Sep-2026,21.5,21.55,21.5,21.5,5100
CTOpA,04-Sep-2026,21.5,21.55,21.5,21.5,4464
CTOS,04-Sep-2026,8.97,9.23,8.95,9.19,1052800
CTRE,04-Sep-2026,39.45,40.08,38.99,39.01,1095300
CTRI,04-Sep-2026,20.2,20.845,20.16,20.54,1023400
CTS,04-Sep-2026,56.66,57.67,56.51,57.18,120500
CTVA,04-Sep-2026,87.64,88.21,86.64,87.86,4274400
CUBB,04-Sep-2026,21.9,21.9,21.9,21.9,200
CUBE,04-Sep-2026,39.47,40.21,39.455,39.5,1548100
CUBI,04-Sep-2026,79.13,81.09,79.06,81.07,257000
CURB,04-Sep-2026,29.21,29.63,28.57,29.47,1064200
CURV,04-Sep-2026,2.52,2.85,2.4,2.44,3807200
CUZ,04-Sep-2026,28.96,29.47,28.96,29.11,949600
CVE,04-Sep-2026,32.3,32.64,32.01,32.37,4463400
CVEO,04-Sep-2026,33.52,34.22,33.3,34.14,53800
CVI,04-Sep-2026,42.89,44.65,42.44,44.5,1031100
CVLG,04-Sep-2026,34.29,35.73,34.29,35.05,156000
CVNA,04-Sep-2026,72.85,75.1,71.94,74.59,3699600
CVS,04-Sep-2026,96.59,97.69,96.285,96.74,4499000
CVSA,04-Sep-2026,126.95,129.26,126.255,128.09,250700
CVX,04-Sep-2026,209.51,209.8612,207.12,208.6,5461200
CW,04-Sep-2026,568.91,576.0899,561.87,566.75,249800
CWEN,04-Sep-2026,31.47,31.98,31.47,31.82,1020500
CWH,04-Sep-2026,6.64,6.97,6.5878,6.96,1198800
CWK,04-Sep-2026,13.35,13.71,13.19,13.66,1595400
CWT,04-Sep-2026,49.76,50.42,49.56,50.03,557300
CX,04-Sep-2026,10.78,11.09,10.78,11.03,3835000
CXM,04-Sep-2026,6.17,6.17,5.87,5.91,4456500
CXT,04-Sep-2026,49.77,50.78,49.61,50.06,343900
CXW,04-Sep-2026,33.46,34.86,33.15,34.71,1038300
CYD,04-Sep-2026,37.74,38.6697,36.96,37.43,111900
CYH,04-Sep-2026,2.88,2.92,2.87,2.89,1048000
D,04-Sep-2026,65.81,66.36,65.605,65.84,3265300
DAC,04-Sep-2026,154.15,155.44,154.15,155.26,105900
DAL,04-Sep-2026,78.88,80.4,78.81,80.17,5133900
DAN,04-Sep-2026,31.4,32.3,31.4,32.04,1483700
DAO,04-Sep-2026,15.48,15.48,14.585,14.79,35100
DAR,04-Sep-2026,64.82,65.5162,63.6901,65.19,1906600
DAVA,04-Sep-2026,3.11,3.11,2.995,3.06,131200
DB,04-Sep-2026,41.32,41.495,41.245,41.33,1092200
DBD,04-Sep-2026,67.86,68.71,67.4,68.67,240300
DBI,04-Sep-2026,5.14,5.3,5.11,5.26,661100
DBL,04-Sep-2026,14.24,14.255,14.21,14.25,15500
DBR-H,04-Sep-2026,14.95,15.18,14.88,15.095,41000
DBR-I,04-Sep-2026,15.1,15.23,15.01,15.15,38100
DBR-J,04-Sep-2026,15.3,15.7,15.3,15.41,34900
DBRG,04-Sep-2026,15.94,15.95,15.91,15.93,2450300
DBRGpH,04-Sep-2026,14.95,15.18,14.88,15.095,39282
DBRGpI,04-Sep-2026,15.1,15.23,15.01,15.15,35141
DBRGpJ,04-Sep-2026,15.3,15.7,15.3,15.41,33407
DCBG,04-Sep-2026,26.79,26.79,26.55,26.55,1900
DCH,04-Sep-2026,6.64,7,6.64,6.99,2596700
DCI,04-Sep-2026,90.34,91.51,90.295,91.03,592000
DCO,04-Sep-2026,166.35,169.8799,166.35,168.32,135900
DCO-,04-Sep-2026,17.39,17.4,17.35,17.36,4800
DCOM,04-Sep-2026,40.55,41.49,40.55,41.25,242900
DD,04-Sep-2026,130.36,132.14,129.17,131.59,1832600
DDD,04-Sep-2026,3.31,3.515,3.305,3.46,1947900
DDL,04-Sep-2026,2.26,2.29,2.2408,2.26,99000
DDS,04-Sep-2026,647.95,661.81,647.95,656.69,93100
DDT,04-Sep-2026,26.13,26.3,26.1,26.22,16600
DE,04-Sep-2026,692.03,702.445,690.83,693.53,1054200
DEA,04-Sep-2026,24.15,24.52,24.01,24.31,184200
DEC,04-Sep-2026,15.67,15.73,15.26,15.43,592600
DECK,04-Sep-2026,83.87,85.95,83.87,85.81,2693500
DEI,04-Sep-2026,11.22,11.545,11.13,11.42,898600
DELL,04-Sep-2026,513.78,534.99,510.15,524.14,11118700
DEO,04-Sep-2026,90.25,90.7,89.14,89.19,1068500
DFH,04-Sep-2026,13.8,13.99,13.64,13.8,451500
DFIN,04-Sep-2026,49.57,51.31,47.93,50.92,337200
DFP,04-Sep-2026,20.25,20.33,20.17,20.18,84900
DG,04-Sep-2026,131.81,133.63,130.77,133.21,1710500
DGA-,04-Sep-2026,0.13,0.13,0.13,0.13,25000
DGA.U,04-Sep-2026,10.11,10.11,10.11,10.11,600
DGX,04-Sep-2026,235.38,238.915,235.38,237.14,798700
DHF,04-Sep-2026,2.36,2.37,2.36,2.36,67800
DHI,04-Sep-2026,143.71,144.26,142.082,142.75,1665600
DHR,04-Sep-2026,207.19,208.7,205.23,207.66,2898100
DHT,04-Sep-2026,20.18,21.09,20.18,20.87,5258700
DHX,04-Sep-2026,4.52,4.64,4.3,4.52,225100
DIN,04-Sep-2026,32.01,32.74,31.57,31.68,216100
DINO,04-Sep-2026,105.14,106.71,103.12,105.41,1979500
DIS,04-Sep-2026,106.49,106.88,105.17,105.31,6112000
DIVY,04-Sep-2026,30.98,31.12,30.98,31.09,3100
DK,04-Sep-2026,71.5,73.04,69.755,71.86,1427900
DKL,04-Sep-2026,55.5,55.745,55.1875,55.7,50100
DKS,04-Sep-2026,139.08,141.2699,138.02,139.15,2192200
DLB,04-Sep-2026,61.45,61.96,60.91,61.96,598000
DLN-A,04-Sep-2026,26.53,26.69,26.53,26.62,2900
DLNG,04-Sep-2026,3.7,3.73,3.6,3.66,63100
DLNGpA,04-Sep-2026,26.53,26.69,26.53,26.62,2672
DLR,04-Sep-2026,187.02,190.1507,186.04,188.39,2079000
DLR-J,04-Sep-2026,19.17,19.17,19.04,19.1,25100
DLR-K,04-Sep-2026,21.73,21.875,21.61,21.7,15100
DLR-L,04-Sep-2026,19.05,19.11,18.93,19.015,31600
DLRpJ,04-Sep-2026,19.17,19.17,19.04,19.099,18804
DLRpK,04-Sep-2026,21.73,21.875,21.61,21.7,11376
DLRpL,04-Sep-2026,19.05,19.11,18.93,19.015,27170
DLX,04-Sep-2026,24.03,24.3,23.84,24.29,819800
DLY,04-Sep-2026,13.87,13.88,13.81,13.83,79700
DMA,04-Sep-2026,7.73,7.765,7.695,7.71,31100
DMB,04-Sep-2026,10.48,10.51,10.41,10.44,33900
DMC,04-Sep-2026,31.5,32.35,31.36,32.12,268000
DMO,04-Sep-2026,10.14,10.14,10.06,10.08,34400
DNA,04-Sep-2026,6.8,6.97,6.74,6.95,656600
DNOW,04-Sep-2026,15.8,16.13,15.63,16.12,2069600
DNP,04-Sep-2026,10.79,10.8,10.71,10.74,533100
DOC,04-Sep-2026,20.94,21.15,20.62,20.65,3167900
DOCN,04-Sep-2026,110.88,113.71,109.495,112.47,1505600
DOCS,04-Sep-2026,26.77,27.03,26.31,26.35,1984700
DOLE,04-Sep-2026,13.81,14.09,13.8,14.01,809300
DOUG,04-Sep-2026,1.79,1.82,1.775,1.81,295100
DOV,04-Sep-2026,191.11,193.055,190.32,192.88,1358500
DOW,04-Sep-2026,30.1,30.45,29.1,29.44,9413100
DPC,04-Sep-2026,41.84,45.22,41.6,44.88,918500
DPG,04-Sep-2026,14.14,14.2032,14.08,14.13,51700
DQ,04-Sep-2026,12.6,12.685,12.28,12.31,611900
DRD,04-Sep-2026,28.6,28.885,28.33,28.58,216100
DRI,04-Sep-2026,216.95,219.44,216.46,216.88,620300
DRLL,04-Sep-2026,41.66,41.66,40.96,41.35,6400
DSL,04-Sep-2026,10.52,10.55,10.51,10.51,372100
DSM,04-Sep-2026,5.73,5.7457,5.72,5.72,30900
DSMC,04-Sep-2026,44.11,44.49,44.11,44.4449,1500
DSTX,04-Sep-2026,36.185,36.36,36.185,36.2405,9500
DSU,04-Sep-2026,9.45,9.45,9.38,9.38,179900
DSX,04-Sep-2026,3,3.05,2.97,3.01,1564300
DSX.W,04-Sep-2026,1.01,1.07,1,1.06,66500
DSX.WS,04-Sep-2026,1.01,1.07,1,1.06,64645
DT,04-Sep-2026,52.67,53.06,51.84,51.9,4394500
DTB,04-Sep-2026,15.73,15.77,15.65,15.72,11900
DTE,04-Sep-2026,136.29,137.665,135.585,136.08,1170200
DTF,04-Sep-2026,11.57,11.57,11.44,11.45,6100
DTG,04-Sep-2026,15.67,15.84,15.6,15.73,12000
DTK,04-Sep-2026,22.79,23.44,22.54,22.675,24000
DTM,04-Sep-2026,128.04,130.005,127.66,129.52,554400
DTW,04-Sep-2026,19.4,19.57,19.352,19.48,31200
DUK,04-Sep-2026,120.74,121.429,119.97,120.22,3208900
DUK-A,04-Sep-2026,23.67,23.81,23.46,23.53,69000
DUKB,04-Sep-2026,21.92,22.04,21.9,21.94,34600
DUKpA,04-Sep-2026,23.88,23.88,23.46,23.48,52015
DUKU,04-Sep-2026,50.05,50.05,49.67,49.93,650000
DV,04-Sep-2026,13.35,13.37,13.34,13.36,1219700
DVA,04-Sep-2026,180.97,184.13,179.95,183.99,473700
DVN,04-Sep-2026,48.4,48.44,47.45,48.06,8853100
DX,04-Sep-2026,12.78,12.96,12.74,12.9,2861700
DX-C,04-Sep-2026,25.85,25.9016,25.85,25.9016,300
DXC,04-Sep-2026,11.48,11.825,11.41,11.66,1796800
DXpC,04-Sep-2026,25.85,25.9016,25.85,25.9016,200
DXYZ,04-Sep-2026,31.71,32.95,31.528,32.7,726400
DY,04-Sep-2026,296.4,302.92,296.4,300.23,520700
E,04-Sep-2026,54.24,54.24,53.45,53.58,378300
EAF,04-Sep-2026,6.38,6.4875,6.08,6.2,497300
EAI,04-Sep-2026,19.5,19.69,19.35,19.65,19400
EARN,04-Sep-2026,4.38,4.38,4.335,4.36,327700
EAT,04-Sep-2026,227.06,235.84,226.99,230.22,815300
EBF,04-Sep-2026,21.17,21.49,21.135,21.46,95200
EBS,04-Sep-2026,6.26,6.3,6.14,6.21,998500
EC,04-Sep-2026,17.37,17.48,16.95,17.25,1710400
ECAT,04-Sep-2026,15.31,15.37,15.255,15.26,328600
ECC,04-Sep-2026,3.9,3.93,3.87,3.92,598900
ECC-D,04-Sep-2026,18.65,18.6999,18.56,18.652,9200
ECCC,04-Sep-2026,25.075,25.0975,24.86,24.8601,2500
ECCpD,04-Sep-2026,18.65,18.6999,18.56,18.652,7837
ECCU,04-Sep-2026,25.62,25.62,25.42,25.42,1200
ECCV,04-Sep-2026,24.14,24.14,24.14,24.14,300
ECG,04-Sep-2026,116.19,119.43,116,117.24,270000
ECL,04-Sep-2026,275.87,280.5,275.25,279.28,1017300
ECO,04-Sep-2026,69.96,71.77,69.69,71.43,371800
ECVT,04-Sep-2026,10.17,10.23,10.11,10.21,778100
ED,04-Sep-2026,108.09,108.73,107.15,107.29,2189300
EDD,04-Sep-2026,5.875,5.91,5.84,5.91,178800
EDF,04-Sep-2026,5.25,5.31,5.25,5.31,84900
EDN,04-Sep-2026,24.93,25.125,23.93,24.6,59900
EDU,04-Sep-2026,58.6,59.53,58.329,59.51,376800
EE,04-Sep-2026,39.4,40.48,39.4,40.03,306900
EEA,04-Sep-2026,11,11.13,10.97,11.07,11500
EFC,04-Sep-2026,13.31,13.53,13.3,13.47,919000
EFC-B,04-Sep-2026,25.19,25.19,25.14,25.155,2600
EFC-C,04-Sep-2026,25.66,25.69,25.66,25.69,800
EFCpB,04-Sep-2026,25.19,25.19,25.14,25.155,2350
EFCpC,04-Sep-2026,25.66,25.69,25.66,25.69,500
EFOR,04-Sep-2026,31.42,32.68,30.92,32.55,578400
EFR,04-Sep-2026,10.47,10.5,10.47,10.47,42900
EFT,04-Sep-2026,10.66,10.67,10.61,10.65,93100
EFX,04-Sep-2026,167.99,179.27,167.93,177.05,2736900
EFXT,04-Sep-2026,21.92,22.425,21.4,22.26,373800
EG,04-Sep-2026,381.06,384.9275,380.2,380.87,236500
EGO,04-Sep-2026,42.72,43.38,42.33,43.02,1578700
EGP,04-Sep-2026,197.6,200.19,196.91,198.62,428600
EGY,04-Sep-2026,6.02,6.045,5.9146,6,747500
EHC,04-Sep-2026,121.53,122.62,121.53,121.79,517700
EHI,04-Sep-2026,5.75,5.75,5.694,5.7,213400
EIC,04-Sep-2026,9.96,10.03,9.95,10,106100
EICA,04-Sep-2026,24.96,24.97,24.95,24.9614,3700
EIG,04-Sep-2026,49.45,50.03,49.45,49.65,159300
EIIA,04-Sep-2026,25.15,25.36,25.15,25.22,4800
EIX,04-Sep-2026,55.79,56.77,55.54,56.77,4694100
EL,04-Sep-2026,100.51,104.18,100.445,103.86,4713100
ELAN,04-Sep-2026,24.2,24.71,24,24.5,3718000
ELC,04-Sep-2026,19.44,19.8,19.35,19.42,26400
ELF,04-Sep-2026,107.07,109.81,106.0933,109.67,1641400
ELLA,04-Sep-2026,25.38,25.45,25.2505,25.42,42800
ELME,04-Sep-2026,1.68,1.7,1.67,1.69,421100
ELPC,04-Sep-2026,12.18,12.33,12.18,12.26,332000
ELS,04-Sep-2026,62.49,62.96,62.345,62.42,853100
ELV,04-Sep-2026,411.12,414.46,406.33,407.5,1132800
EMA,04-Sep-2026,50.16,50.53,49.96,50.35,347000
EMBJ,04-Sep-2026,73.42,74.585,73.295,73.81,831600
EMD,04-Sep-2026,10.42,10.46,10.38,10.4,155900
EME,04-Sep-2026,748.54,757.9199,746.96,754.16,344600
EMF,04-Sep-2026,22.69,23.05,22.635,23,34600
EMN,04-Sep-2026,71.73,71.73,70.16,71.19,627300
EMO,04-Sep-2026,54.7,55.6217,53.59,54.28,41700
EMP,04-Sep-2026,20.1,20.1016,19.87,19.91,4600
EMR,04-Sep-2026,150.17,153.61,150.17,152.82,2037100
ENB,04-Sep-2026,50.28,50.33,49.89,50.09,5019900
ENHA,04-Sep-2026,1.56,1.67,1.56,1.58,342600
ENIC,04-Sep-2026,4.38,4.46,4.355,4.45,409200
ENJ,04-Sep-2026,19.5,19.5,19.5,19.5,200
ENO,04-Sep-2026,20.86,20.86,20.8,20.8,2300
ENOV,04-Sep-2026,19.01,19.32,18.52,18.56,1886800
ENR,04-Sep-2026,20.55,21.33,20.39,21.23,1002600
ENS,04-Sep-2026,181,184.02,179.96,181.91,375100
ENVA,04-Sep-2026,230.27,235.825,230.27,230.58,146100
EOD,04-Sep-2026,6.68,6.71,6.65,6.67,103700
EOG,04-Sep-2026,145,145.99,142.82,145.19,2637100
EOI,04-Sep-2026,20.07,20.16,20.01,20.02,40800
EOS,04-Sep-2026,21.68,21.7646,21.58,21.62,86600
EOT,04-Sep-2026,17.1,17.1,16.8,16.84,20400
EP-C,04-Sep-2026,50.2,50.2,50.2,50.2,100
EPAC,04-Sep-2026,36.9,37.36,36.89,37.34,261900
EPAM,04-Sep-2026,118.57,118.57,114.5165,117.04,485300
EPC,04-Sep-2026,28.21,29.1539,28.15,28.87,509300
EPD,04-Sep-2026,39.04,39.15,38.78,38.94,1598700
EPpC,04-Sep-2026,50.2,50.2,50.2,50.2,100
EPR,04-Sep-2026,60.14,60.845,59.48,59.99,1260000
EPR-C,04-Sep-2026,26.44,26.8,26.44,26.8,700
EPR-E,04-Sep-2026,32.9,32.9,32.59,32.59,3600
EPRpC,04-Sep-2026,26.44,26.8,26.44,26.8,598
EPRpE,04-Sep-2026,32.9,32.9,32.59,32.59,3308
EPRT,04-Sep-2026,29.62,29.97,29.57,29.64,1023800
EQBK,04-Sep-2026,51.36,52.05,50.51,50.97,186200
EQH,04-Sep-2026,52.75,53.49,52.62,52.96,1984000
EQH-A,04-Sep-2026,18.39,18.5,18.25,18.33,81200
EQH-C,04-Sep-2026,16.44,16.44,16.26,16.27,26900
EQHpA,04-Sep-2026,18.39,18.5,18.25,18.33,65081
EQHpC,04-Sep-2026,16.44,16.44,16.26,16.26,23094
EQNR,04-Sep-2026,42.66,42.8,41.98,42.09,2830900
EQS,04-Sep-2026,1.01,1.0309,1.01,1.0309,10900
EQT,04-Sep-2026,55.46,55.58,54.59,55.17,5236200
ERO,04-Sep-2026,34.72,35.3403,34.21,34.9,677600
EROC,04-Sep-2026,11.68,12.35,11.6,12.33,1556500
EROK,04-Sep-2026,25.79,26.05,25.41,25.85,122100
ES,04-Sep-2026,70.77,71.765,70.77,71.05,1695700
ESAB,04-Sep-2026,74.7,76.06,74.2885,75.02,644300
ESE,04-Sep-2026,274.02,278.26,271.83,274.02,132400
ESI,04-Sep-2026,35.06,36.13,35.06,36.01,4272500
ESNT,04-Sep-2026,69.44,69.44,68.71,69.18,897600
ESRT,04-Sep-2026,4.36,4.555,4.36,4.54,2310300
ESS,04-Sep-2026,277.36,280.325,275.68,278.61,418800
ESTC,04-Sep-2026,95.14,96,91.45,91.81,1957300
ET,04-Sep-2026,21.38,21.55,21.255,21.5,6015000
ET-I,04-Sep-2026,11.57,11.5939,11.42,11.485,79700
ETB,04-Sep-2026,15.58,15.7468,15.52,15.61,58800
ETD,04-Sep-2026,21.84,22.74,21.675,22.49,800400
ETG,04-Sep-2026,24.06,24.175,23.9901,24.08,79800
ETI-,04-Sep-2026,22.62,22.62,22.3629,22.5,700
ETIp,04-Sep-2026,22.62,22.62,22.3629,22.5,735
ETJ,04-Sep-2026,8.43,8.5,8.4,8.41,83500
ETN,04-Sep-2026,400.9,411.235,400.05,410.85,1890500
ETO,04-Sep-2026,31.57,31.705,31.52,31.55,10200
ETpI,04-Sep-2026,11.57,11.5939,11.42,11.485,74673
ETR,04-Sep-2026,106.92,108.09,106.92,107.27,2794700
ETSS,04-Sep-2026,9.92,9.93,9.92,9.93,329000
ETSY,04-Sep-2026,81.69,81.86,76.31,76.51,3077100
ETV,04-Sep-2026,15.29,15.42,15.2397,15.33,98500
ETW,04-Sep-2026,9.82,9.86,9.815,9.85,201100
ETX,04-Sep-2026,18.14,18.1899,18.0928,18.15,19200
ETY,04-Sep-2026,14.53,14.53,14.4,14.44,166600
EVAC,04-Sep-2026,10.3,10.3,10.3,10.3,300
EVC,04-Sep-2026,8.47,8.627,8.26,8.42,913300
EVEX,04-Sep-2026,2.26,2.295,2.2,2.22,868700
EVF,04-Sep-2026,4.94,4.95,4.94,4.94,34800
EVG,04-Sep-2026,10.57,10.6762,10.53,10.579,22900
EVH,04-Sep-2026,4.23,4.345,4.15,4.32,1728600
EVMN,04-Sep-2026,11.87,12.455,11.87,12.27,249000
EVN,04-Sep-2026,10.6,10.62,10.5201,10.62,27900
EVR,04-Sep-2026,294.01,298.41,291.81,297.92,332400
EVT,04-Sep-2026,28.85,29.14,28.72,29.08,87100
EVTC,04-Sep-2026,30.09,30.645,29.85,30.35,282900
EVTL,04-Sep-2026,0.6,0.6072,0.5701,0.5982,4333800
EVTR,04-Sep-2026,49.91,49.95,49.86,49.88,733900
EW,04-Sep-2026,90.21,90.21,88.4,89.9,2635200
EXG,04-Sep-2026,10,10.0062,9.94,10,258100
EXK,04-Sep-2026,11.16,11.34,10.97,11.12,8657700
EXP,04-Sep-2026,193.15,195.655,192.54,194.48,244400
EXPD,04-Sep-2026,186.38,189.6465,186.38,188.8,505100
EXR,04-Sep-2026,140.25,141.835,139.14,139.25,967200
F,04-Sep-2026,14.38,14.64,14.3,14.62,39292500
F-B,04-Sep-2026,20.05,20.1199,19.82,19.87,35500
F-C,04-Sep-2026,19.77,19.85,19.24,19.36,213000
F-D,04-Sep-2026,20.8,20.8499,20.68,20.73,90500
FAF,04-Sep-2026,75.54,75.6256,72.19,72.75,1219000
FBIN,04-Sep-2026,42.21,43.365,41.75,43.11,1919700
FBK,04-Sep-2026,56.74,57.43,56.645,56.99,299300
FBP,04-Sep-2026,28.42,28.66,28.415,28.51,675400
FBR-E,04-Sep-2026,19.54,19.7,19.52,19.615,37800
FBRT,04-Sep-2026,8.47,8.735,8.445,8.59,1811600
FBRTpE,04-Sep-2026,19.54,19.7,19.52,19.615,34352
FC,04-Sep-2026,18.31,19.095,18.205,19.02,64300
FCBM,04-Sep-2026,12.64,12.83,12.64,12.78,102900
FCF,04-Sep-2026,21.14,21.425,21.14,21.34,746800
FCN,04-Sep-2026,150.93,152.41,148.985,151.7,280100
FCPT,04-Sep-2026,24.84,25.1,24.84,24.93,586700
FCRS,04-Sep-2026,10.229,10.23,10.225,10.225,29400
FCX,04-Sep-2026,71.72,73.285,71.4534,72.73,7269300
FDS,04-Sep-2026,305.72,306.11,299.57,301.96,633300
FDX,04-Sep-2026,323.75,325.0513,321.09,322.52,1972000
FDXF,04-Sep-2026,126.31,131.55,126.27,129.45,1128900
FE,04-Sep-2026,46.75,47.24,46.655,46.77,3992200
FEGE,04-Sep-2026,53.02,53.2,52.8601,53.03,259500
FENG,04-Sep-2026,1.48,1.48,1.48,1.48,700
FEOE,04-Sep-2026,55.85,56.37,55.845,56.14,144400
FERG,04-Sep-2026,222.2,230.17,222.1,228.41,1166800
FET,04-Sep-2026,81.11,82,77.1,80.29,269700
FF,04-Sep-2026,5.31,5.31,5.145,5.26,353900
FFA,04-Sep-2026,23.32,23.385,23.3001,23.33,18900
FFC,04-Sep-2026,15.74,15.81,15.73,15.78,124500
FG,04-Sep-2026,24.62,25.36,24.585,25.04,372200
FGN,04-Sep-2026,24.1,24.43,24.1,24.43,26100
FGSN,04-Sep-2026,20.84,20.899,20.76,20.84,10200
FHI,04-Sep-2026,61.38,62.86,61.2051,62.4,433200
FHN,04-Sep-2026,24.87,25.08,24.845,24.94,3770500
FHN-E,04-Sep-2026,23.2,23.55,23.2,23.37,3500
FHN-F,04-Sep-2026,17,17,16.835,16.9999,4100
FHN-H,04-Sep-2026,24.35,24.455,24.26,24.31,6500
FHNpE,04-Sep-2026,23.2,23.55,23.2,23.37,3008
FHNpF,04-Sep-2026,17,17,16.835,16.9999,3137
FICO,04-Sep-2026,934.39,954.08,885,932.26,1430700
FIG,04-Sep-2026,24.69,25.02,23.895,24.12,16510700
FIGS,04-Sep-2026,14.87,15.2,14.39,14.42,3485400
FINS,04-Sep-2026,12.62,12.725,12.54,12.6,138300
FINV,04-Sep-2026,3.28,3.455,3.27,3.39,1245500
FIRY,04-Sep-2026,9.78,10.18,9.72,10.13,77000
FIS,04-Sep-2026,41.6,42.05,40.945,41.89,6658700
FIT-A,04-Sep-2026,21.88,22.07,21.44,21.8,10700
FIT-I,04-Sep-2026,25.45,25.55,25.45,25.46,15300
FIT-K,04-Sep-2026,17.9,18.14,17.71,17.9445,32500
FIT-M,04-Sep-2026,25.53,25.89,25.4,25.515,10900
FITB,04-Sep-2026,54.65,55.19,54.65,54.87,3125100
FIX,04-Sep-2026,1598.16,1634.88,1590,1610.34,277000
FIXT,04-Sep-2026,37.06,37.1,37.03,37.08,29300
FLC,04-Sep-2026,16.48,16.51,16.45,16.46,14900
FLG,04-Sep-2026,13.48,13.59,13.4501,13.52,2436400
FLG-A,04-Sep-2026,23.61,23.87,23.55,23.76,27500
FLG-U,04-Sep-2026,40.4,40.44,40.03,40.03,3800
FLGpA,04-Sep-2026,23.61,23.87,23.55,23.84,21879
FLGpU,04-Sep-2026,40.4,40.44,40.03,40.03,2906
FLNG,04-Sep-2026,31.24,31.615,31.17,31.51,449600
FLO,04-Sep-2026,6.36,6.45,6.27,6.27,5675000
FLOC,04-Sep-2026,21.2,21.24,20.79,21.1,371300
FLR,04-Sep-2026,57.29,57.88,55.01,56.16,2251900
FLS,04-Sep-2026,77.06,78.2175,75.975,76.64,2058600
FLUT,04-Sep-2026,100.99,102.1,99.845,100.11,2491800
FLXR,04-Sep-2026,38.7,38.7,38.64,38.66,336500
FMC,04-Sep-2026,12.95,13.094,12.65,12.97,2584200
FMN,04-Sep-2026,10.98,10.98,10.865,10.9,11700
FMS,04-Sep-2026,22.66,22.78,22.56,22.66,480300
FMX,04-Sep-2026,120.5,121.54,120.26,120.41,179400
FMY,04-Sep-2026,11.73,11.73,11.4301,11.4301,8600
FN,04-Sep-2026,402.32,412.535,399.945,407.4,578500
FNB,04-Sep-2026,18.4,18.72,18.38,18.67,3243400
FND,04-Sep-2026,49.09,50.65,48.8,50.23,1876000
FNF,04-Sep-2026,46.68,47.1,45.65,45.78,2970200
FNV,04-Sep-2026,263.41,269.065,263.14,266.18,462500
FOA,04-Sep-2026,17.15,17.6,16.94,17.16,46600
FOF,04-Sep-2026,13.4,13.48,13.386,13.39,28300
FOIL,04-Sep-2026,22.02,22.59,22.02,22.59,29500
FOR,04-Sep-2026,27.71,28.015,27.65,27.89,106300
FOU-A,04-Sep-2026,57.75,60.05,57.2,59.75,5400
FOUR,04-Sep-2026,44.34,46.64,43.62,45.94,2051100
FOURpA,04-Sep-2026,57.75,60.05,57.2,59.75,4404
FpB,04-Sep-2026,20.05,20.1199,19.82,19.87,28547
FpC,04-Sep-2026,19.77,19.85,19.24,19.32,202692
FpD,04-Sep-2026,20.8,20.8499,20.68,20.73,80167
FPF,04-Sep-2026,17.52,17.5599,17.38,17.45,107400
FPH,04-Sep-2026,5.1,5.16,5.07,5.16,85000
FPI,04-Sep-2026,10.51,10.71,10.5,10.65,522400
FPS,04-Sep-2026,30.87,31.72,30.51,31.35,4497100
FR,04-Sep-2026,60.83,62.13,60.8,61.85,1055900
FRA,04-Sep-2026,10.96,10.96,10.85,10.88,178300
FRO,04-Sep-2026,45.86,47.04,45.68,46.12,3088300
FRT,04-Sep-2026,117.15,117.97,116.89,117.09,455200
FRT-C,04-Sep-2026,19,19.28,18.8,19.28,3700
FRTpC,04-Sep-2026,19.0001,19.28,18.8,19.28,2493
FSCO,04-Sep-2026,5.26,5.3,5.22,5.3,859100
FSK,04-Sep-2026,12.24,12.54,12.22,12.44,1261900
FSM,04-Sep-2026,12.29,12.51,12.15,12.31,4819000
FSS,04-Sep-2026,116.49,119.53,116.49,119.28,326100
FSSL,04-Sep-2026,11.9,12.04,11.74,11.98,318500
FT,04-Sep-2026,7.67,7.71,7.65,7.69,42900
FTHY,04-Sep-2026,13.32,13.32,13.11,13.25,72200
FTI,04-Sep-2026,79.28,79.9,78.694,79.84,2394100
FTK,04-Sep-2026,23.64,24.1,22.95,23.54,258900
FTR.W,04-Sep-2026,0.8422,0.9622,0.7822,0.7822,900
FTRA,04-Sep-2026,9.9,9.9,9.89,9.89,9300
FTS,04-Sep-2026,55.25,55.76,55.22,55.26,478100
FTV,04-Sep-2026,57.18,57.46,56.83,56.94,2249800
FTW,04-Sep-2026,10.81,10.81,10.4,10.42,87300
FTW.W,04-Sep-2026,1.42,1.43,1.07,1.17,83900
FTWO,04-Sep-2026,47.98,48.21,47.78,48.0913,3900
FUBO,04-Sep-2026,11.5,11.715,11.035,11.25,1200000
FUL,04-Sep-2026,53.06,54.11,52.86,53.89,382200
FUN,04-Sep-2026,15.04,15.62,14.96,15.51,2010300
FVR,04-Sep-2026,19.05,19.26,18.96,19.08,70100
FVRR,04-Sep-2026,9.2,9.295,9.11,9.25,280400
FXED,04-Sep-2026,16.86,17.31,16.86,17.19,4500
G,04-Sep-2026,37.53,37.765,36.92,37.32,1435400
GAB,04-Sep-2026,5.7,5.71,5.66,5.67,500000
GAB-G,04-Sep-2026,19.12,19.22,19.12,19.165,4900
GAB-H,04-Sep-2026,19.12,19.1904,19.1001,19.11,6700
GAB-K,04-Sep-2026,19.3,19.3001,19.3,19.3,2200
GABpG,04-Sep-2026,19.12,19.22,19.12,19.165,800
GABpH,04-Sep-2026,19.12,19.1904,19.1001,19.15,2919
GABpK,04-Sep-2026,19.3,19.3001,19.3,19.3,2196
GAM,04-Sep-2026,67.2,67.2,66.48,66.48,8300
GAM-B,04-Sep-2026,24.78,24.82,24.78,24.8177,3000
GAMpB,04-Sep-2026,24.78,24.82,24.78,24.8177,2594
GAP,04-Sep-2026,22.13,22.755,22.03,22.43,7841000
GATX,04-Sep-2026,176.45,179.045,176.45,178.11,125700
GBAB,04-Sep-2026,13.6,13.74,13.6,13.65,80500
GBCI,04-Sep-2026,46.22,47.03,46.22,46.83,575800
GBTG,04-Sep-2026,9.49,9.49,9.48,9.48,698100
GBX,04-Sep-2026,42.56,43.3,42.56,43.26,253400
GCO,04-Sep-2026,33.7,36.105,33.26,35.81,332300
GCPB,04-Sep-2026,49.84,49.85,49.8383,49.8383,6900
GCT.W,04-Sep-2026,0.28,0.301,0.28,0.2811,24400
GCTS,04-Sep-2026,1.77,1.82,1.72,1.77,1301700
GCTS.WS,04-Sep-2026,0.28,0.301,0.28,0.2811,23982
GCV,04-Sep-2026,4.57,4.57,4.54,4.56,15800
GD,04-Sep-2026,361.58,366.4737,358.04,359.39,1080700
GDDY,04-Sep-2026,102.29,102.97,100.07,101.31,1622200
GDIV,04-Sep-2026,19.01,19.055,19.01,19.0342,4300
GDL,04-Sep-2026,8.42,8.4646,8.42,8.42,12900
GDO,04-Sep-2026,10.09,10.12,10.0838,10.1,54100
GDOT,04-Sep-2026,13.23,13.4,13.23,13.33,329000
GDV,04-Sep-2026,30.21,30.33,29.97,29.98,60900
GDV-H,04-Sep-2026,21.04,21.14,21,21,3200
GDV-K,04-Sep-2026,17.03,17.0599,16.96,17,4400
GDVpH,04-Sep-2026,21.04,21.14,21,21,3120
GDVpK,04-Sep-2026,17.035,17.0599,16.96,17,3569
GE,04-Sep-2026,332.24,337.21,332.24,337.12,2511800
GEF,04-Sep-2026,84.71,85.98,84.71,85,329800
GEF.B,04-Sep-2026,105.57,108.97,105.57,108.62,112100
GEL,04-Sep-2026,16.17,16.22,15.8,15.85,357900
GENI,04-Sep-2026,7.59,7.62,7.385,7.49,3138100
GEO,04-Sep-2026,30.7,31.9,30.17,31.77,1475900
GETY,04-Sep-2026,0.2301,0.2416,0.2301,0.2366,1458100
GEV,04-Sep-2026,950,959,939.315,941.95,1238000
GF,04-Sep-2026,11.5,11.65,11.48,11.5,8100
GFF,04-Sep-2026,97.52,99.73,96.995,99.68,279000
GFI,04-Sep-2026,47.63,48.385,47.335,47.4,4361900
GFL,04-Sep-2026,42.89,43.8199,42.85,43.73,2143500
GFR,04-Sep-2026,6.12,6.2,6.07,6.16,847900
GFR-,04-Sep-2026,1.12,1.21,1.1,1.2,109300
GGB,04-Sep-2026,4.99,5.03,4.945,4.97,7659600
GGG,04-Sep-2026,77.49,78.24,77.09,77.88,1333200
GGT,04-Sep-2026,4.07,4.0799,4.05,4.06,281700
GGT-E,04-Sep-2026,20.07,20.07,20.07,20.07,1100
GGT-G,04-Sep-2026,20,20.1099,19.99,20.05,2600
GGTpE,04-Sep-2026,20.07,20.07,20.07,20.07,900
GGTpG,04-Sep-2026,19.9983,20.1099,19.99,20.05,2400
GGZ,04-Sep-2026,16.17,16.265,16.17,16.25,6700
GHC,04-Sep-2026,1116.01,1136.82,1115.63,1135.89,32900
GHG,04-Sep-2026,1.05,1.1,1.05,1.08,11100
GHI,04-Sep-2026,6.58,6.62,6.44,6.45,25600
GHM,04-Sep-2026,86.43,89.32,86.43,87.78,133300
GHY,04-Sep-2026,11.49,11.55,11.475,11.49,232000
GIB,04-Sep-2026,73.74,74.15,72.83,73.65,501700
GIC,04-Sep-2026,39.14,40,38.82,39.81,125900
GIL,04-Sep-2026,53.09,54.53,53.085,53.4,859100
GIS,04-Sep-2026,39,39.1,38.28,38.29,7941800
GJH,04-Sep-2026,9.44,9.44,9.44,9.44,1100
GJR,04-Sep-2026,24.72,24.72,24.72,24.72,1000
GJS,04-Sep-2026,23.315,23.315,23.315,23.315,400
GJT,04-Sep-2026,23.23,23.24,23.22,23.22,1200
GKOS,04-Sep-2026,177.8,181.52,175.135,177.47,572500
GL,04-Sep-2026,175.16,176.04,174.01,174.27,225300
GL-D,04-Sep-2026,14.7,14.89,14.48,14.61,18200
GLAS,04-Sep-2026,8.6,9.04,8.55,8.88,482800
GLED,04-Sep-2026,10.01,10.01,10,10.01,5100
GLO-A,04-Sep-2026,25.6,25.75,25.57,25.5772,13800
GLO-B,04-Sep-2026,26.04,26.74,26.03,26.1001,9700
GLO-C,04-Sep-2026,25.65,25.9,25.65,25.89,4700
GLOB,04-Sep-2026,39.81,39.815,38.34,39.13,1016600
GLOPpA,04-Sep-2026,25.6,25.75,25.57,25.5772,12277
GLOPpB,04-Sep-2026,26.04,26.74,26.03,26.1001,9138
GLOPpC,04-Sep-2026,25.65,25.9,25.65,25.89,3592
GLP,04-Sep-2026,51.78,52.79,51.78,52.7,30900
GLpD,04-Sep-2026,14.7,14.89,14.48,14.595,12861
GLW,04-Sep-2026,148.54,154.59,147.0238,154.3,8554700
GM,04-Sep-2026,86.41,87.76,85.685,87.76,5440700
GME,04-Sep-2026,19.33,19.5,19.04,19.16,7146300
GME.W,04-Sep-2026,2.99,3.005,2.85,2.9441,696300
GME.WS,04-Sep-2026,2.88,3.12,2.85,2.9441,626603
GMED,04-Sep-2026,77.23,78.685,77.07,78.29,1123600
GMMF,04-Sep-2026,100.31,100.3191,100.3,100.31,11400
GMRS,04-Sep-2026,13.29,13.61,13.12,13.46,470500
GNE,04-Sep-2026,15.32,15.57,15.145,15.51,53400
GNK,04-Sep-2026,27.26,27.8171,27.26,27.65,657300
GNL,04-Sep-2026,9.08,9.2282,9.08,9.12,1532800
GNL-A,04-Sep-2026,22.97,23.0999,22.941,22.941,2000
GNL-B,04-Sep-2026,22.36,22.5,22.28,22.31,2300
GNL-D,04-Sep-2026,23.46,23.55,23.46,23.55,3400
GNL-E,04-Sep-2026,23.34,23.35,23.24,23.245,1900
GNLpA,04-Sep-2026,22.97,23.0999,22.941,22.941,939
GNLpB,04-Sep-2026,22.36,22.5,22.28,22.31,1959
GNLpD,04-Sep-2026,23.46,23.55,23.46,23.55,3156
GNLpE,04-Sep-2026,23.34,23.35,23.24,23.245,1622
GNRC,04-Sep-2026,183.83,187.645,183.821,187.35,605700
GNT,04-Sep-2026,9.19,9.19,9.1,9.19,40000
GNW,04-Sep-2026,10.37,10.45,10.32,10.35,3805600
GOF,04-Sep-2026,9.34,9.41,9.34,9.38,1606900
GOLD,04-Sep-2026,41,46.295,41,46.13,1402100
GOLF,04-Sep-2026,86.74,87.61,86.38,86.88,263300
GOOS,04-Sep-2026,8.06,8.28,8.06,8.14,425200
GOTU,04-Sep-2026,2.21,2.28,2.185,2.2,464300
GPC,04-Sep-2026,135.52,138.2,135.52,138.08,737200
GPGI,04-Sep-2026,14.19,14.195,13.335,13.63,3667800
GPI,04-Sep-2026,284.45,306.4061,284.45,300.76,486000
GPJA,04-Sep-2026,20.43,20.45,20.13,20.21,12700
GPK,04-Sep-2026,10.54,10.63,10.4,10.43,6206700
GPM-A,04-Sep-2026,16.38,16.57,16.38,16.57,2000
GPMT,04-Sep-2026,1.1,1.105,1.04,1.04,564700
GPMTpA,04-Sep-2026,16.38,16.57,16.38,16.57,1299
GPN,04-Sep-2026,90.79,94.08,90.185,92.54,2970500
GPOR,04-Sep-2026,180.98,180.98,177.345,179.4,211500
GPRK,04-Sep-2026,11.77,11.92,11.44,11.56,1310100
GRB-A,04-Sep-2026,22.47,22.64,22.47,22.64,700
GRBK,04-Sep-2026,70.81,71.88,70.3,71.09,274700
GRBKpA,04-Sep-2026,22.47,22.64,22.47,22.64,382
GRC,04-Sep-2026,74.83,76.3,74.54,75.34,103400
GRDN,04-Sep-2026,40.13,40.95,39.98,40.77,418300
GRMN,04-Sep-2026,275.8,277.88,274.99,277.03,733400
GRND,04-Sep-2026,15.43,15.53,15.13,15.25,1119900
GRNT,04-Sep-2026,5.03,5.09,4.96,5.08,1196200
GROV,04-Sep-2026,1.02,1.085,1.02,1.07,88600
GRX,04-Sep-2026,10.02,10.055,10.02,10.03,7500
GS,04-Sep-2026,1031.09,1041.195,1024.63,1038.61,1429500
GS-A,04-Sep-2026,19.05,19.17,19.05,19.0561,40400
GS-C,04-Sep-2026,19.08,19.28,19.08,19.28,23700
GS-D,04-Sep-2026,18.61,18.795,18.61,18.73,160500
GSBD,04-Sep-2026,9.85,10.06,9.85,9.98,538000
GSK,04-Sep-2026,49.7,50.06,49.66,49.89,2287000
GSL,04-Sep-2026,46.22,46.5,46.07,46.4,206900
GSL-B,04-Sep-2026,26.75,26.8227,26.72,26.72,6000
GSLpB,04-Sep-2026,26.75,26.8227,26.72,26.72,5774
GSpA,04-Sep-2026,19.05,19.17,19.05,19.0561,39745
GSpC,04-Sep-2026,19.08,19.28,19.08,19.28,23486
GSpD,04-Sep-2026,18.61,18.795,18.61,18.73,134856
GTES,04-Sep-2026,25.16,25.99,25.16,25.95,1274500
GTN,04-Sep-2026,4.96,4.97,4.875,4.95,545900
GTY,04-Sep-2026,32.45,32.75,32.325,32.53,258100
GUG,04-Sep-2026,15.42,15.5146,15.4,15.45,51700
GUT,04-Sep-2026,6.52,6.55,6.48,6.53,93200
GUT-C,04-Sep-2026,20.61,20.66,20.61,20.65,1100
GUTpC,04-Sep-2026,20.61,20.66,20.61,20.65,823
GVA,04-Sep-2026,119.39,120.99,118.435,119.3,312100
GWH,04-Sep-2026,0.34,0.3443,0.3222,0.3422,631400
GWRE,04-Sep-2026,167.55,168.8899,157.05,162.42,4709300
GWW,04-Sep-2026,1312.66,1330.62,1312.52,1324.49,175300
GXO,04-Sep-2026,46.72,48.44,46.72,48.32,1099600
GYLD,04-Sep-2026,14.2,14.44,14.1,14.2705,18100
H,04-Sep-2026,165.51,167.46,165.31,165.85,623000
HAE,04-Sep-2026,101.59,103.565,101.51,102.92,425000
HAFN,04-Sep-2026,8.94,9.25,8.94,9.22,2734600
HAL,04-Sep-2026,36.9,37.46,36.885,37.07,12548200
HASI,04-Sep-2026,38.02,38.82,37.64,38.34,1905400
HAWK,04-Sep-2026,17.21,17.52,17.01,17.36,1211700
HAYW,04-Sep-2026,13.62,13.965,13.62,13.92,1326800
HBB,04-Sep-2026,32.055,32.055,30.52,31,58200
HBM,04-Sep-2026,27.14,27.98,27.1,27.43,2074700
HCA,04-Sep-2026,404.3,419.57,401,405,971400
HCC,04-Sep-2026,103.09,106.19,101.7501,104.45,398300
HCI,04-Sep-2026,187.82,189.765,186.075,187.64,143800
HCXY,04-Sep-2026,25.02,25.17,25.02,25.021,3300
HD,04-Sep-2026,316.7,321.8,316.1,321.05,2262300
HDB,04-Sep-2026,23.25,23.4,23.13,23.18,8545200
HE,04-Sep-2026,11.04,11.14,11,11.09,2815200
HEI,04-Sep-2026,323.24,327.5136,322,325.48,477400
HEI.A,04-Sep-2026,238.2,241.58,238.2,240.18,281200
HEQ,04-Sep-2026,11.8,11.89,11.8,11.86,20100
HESM,04-Sep-2026,39.8,40.045,39.36,39.91,1407200
HF,04-Sep-2026,22.66,22.66,22.66,22.66,100
HFEQ,04-Sep-2026,24.13,24.2545,24.105,24.24,4800
HFGM,04-Sep-2026,31.48,31.7999,31.48,31.7677,24300
HFMF,04-Sep-2026,21.53,21.6231,21.511,21.6231,700
HFND,04-Sep-2026,24.42,24.52,24.42,24.4778,2700
HFR-A,04-Sep-2026,16.42,16.47,16.42,16.45,5900
HFR-B,04-Sep-2026,16.41,16.4128,16.36,16.4,4700
HFRO,04-Sep-2026,7.29,7.74,7.29,7.41,163200
HFROpA,04-Sep-2026,16.42,16.47,16.42,16.45,2887
HFROpB,04-Sep-2026,16.4128,16.4128,16.36,16.4,1694
HG,04-Sep-2026,35.66,36,35.41,35.6,237800
HGER,04-Sep-2026,35.24,35.45,35.045,35.41,830100
HGLB,04-Sep-2026,7.43,7.45,7.39,7.41,66000
HGTY,04-Sep-2026,13.31,13.61,13.19,13.55,106600
HGV,04-Sep-2026,42.04,42.295,41.66,42.05,601200
HHH,04-Sep-2026,63.34,64.54,63,64.12,535200
HIG,04-Sep-2026,138.93,139.65,138.04,138.37,1607100
HIG-G,04-Sep-2026,23.83,24.0418,23.81,23.87,12100
HIGpG,04-Sep-2026,23.83,24.0418,23.81,23.87,9913
HII,04-Sep-2026,288.14,290.15,284.055,285.93,312600
HIMS,04-Sep-2026,27.73,27.95,27.38,27.71,7181800
HIO,04-Sep-2026,3.48,3.48,3.46,3.46,202800
HIPO,04-Sep-2026,33.58,34.07,33.205,33.87,116100
HIW,04-Sep-2026,30.75,31.4,30.7,31.19,1107600
HIX,04-Sep-2026,3.86,3.89,3.86,3.88,230200
HKD,04-Sep-2026,1.66,1.709,1.66,1.7,66400
HL,04-Sep-2026,20.62,20.97,20.32,20.68,17936600
HLF,04-Sep-2026,12.03,12.45,11.9,12.38,1055800
HLI,04-Sep-2026,134.79,137.21,133.935,137.11,720500
HLIO,04-Sep-2026,71.9,73.32,71.21,71.62,421800
HLLY,04-Sep-2026,3.08,3.11,3.04,3.05,506500
HLN,04-Sep-2026,9.61,9.735,9.57,9.6,18166300
HLT,04-Sep-2026,312.5,315.37,310.66,311.18,1572400
HMC,04-Sep-2026,32.54,32.73,32.36,32.67,712700
HMN,04-Sep-2026,51.53,51.82,50.8,50.94,274100
HMY,04-Sep-2026,20.22,20.55,20.17,20.27,3223900
HNGE,04-Sep-2026,90,93.14,89.4082,92.37,1179500
HNI,04-Sep-2026,48,49.735,47.98,49.66,369400
HOG,04-Sep-2026,27.49,28.86,27.49,28.3,1299800
HOMB,04-Sep-2026,29.88,30.28,29.88,30.15,1036500
HOS,04-Sep-2026,9.3,9.5,9.08,9.2,3374300
HOV,04-Sep-2026,121.15,124.17,120.15,122.79,99800
HP,04-Sep-2026,44.59,44.82,44,44.36,863800
HPE,04-Sep-2026,53.85,54.64,51.4902,52,30210300
HPE-C,04-Sep-2026,135.37,139.38,132.36,133.205,67300
HPEpC,04-Sep-2026,135.37,139.38,132.36,133.205,60312
HPF,04-Sep-2026,15.39,15.395,15.27,15.28,45100
HPI,04-Sep-2026,15.73,15.77,15.67,15.69,35200
HPP,04-Sep-2026,12.54,12.87,12.3313,12.61,393100
HPP-C,04-Sep-2026,14.16,14.325,14.16,14.3,7800
HPPpC,04-Sep-2026,14.16,14.325,14.16,14.3,4959
HPQ,04-Sep-2026,31.95,32.78,31.625,32.64,13303900
HPS,04-Sep-2026,13.72,13.7388,13.57,13.61,76500
HQH,04-Sep-2026,22.61,22.65,22.465,22.56,79500
HQL,04-Sep-2026,20.76,20.76,20.48,20.64,110700
HR,04-Sep-2026,19.18,19.3912,19.12,19.12,1916300
HRB,04-Sep-2026,50.53,50.92,48.63,49.06,1251100
HRI,04-Sep-2026,136.25,142.52,136.09,140.92,449400
HRL,04-Sep-2026,21.56,21.865,21.505,21.54,3816300
HRTG,04-Sep-2026,34.52,34.8404,33.57,33.95,469700
HSBC,04-Sep-2026,106.47,107.43,106.37,107.11,1209200
HSHP,04-Sep-2026,18.07,18.72,18.07,18.35,526300
HSY,04-Sep-2026,173.42,174.8825,172.84,173.15,1494500
HTB,04-Sep-2026,47.02,47.47,46.96,47.25,149300
HTD,04-Sep-2026,25.02,25.31,25.02,25.16,32100
HTFC,04-Sep-2026,25.03,25.09,24.98,24.98,6700
HTGC,04-Sep-2026,17.62,17.8,17.6,17.63,744300
HTH,04-Sep-2026,38.64,39.31,38.64,39.24,216600
HTT,04-Sep-2026,2.61,2.65,2.6,2.61,19200
HUBB,04-Sep-2026,459.8,468.59,458.46,460.72,532600
HUBS,04-Sep-2026,247.1,250.84,240.1,247.6,710300
HUM,04-Sep-2026,404.34,409.06,398.59,401.54,783100
HUN,04-Sep-2026,9.39,9.71,9.282,9.62,1642700
HUYA,04-Sep-2026,2.11,2.15,2.1,2.12,1776200
HVT,04-Sep-2026,27.64,28.63,27.64,28.56,106800
HVT.A,04-Sep-2026,29.04,29.04,29.04,29.04,200
HWM,04-Sep-2026,260,263.34,258.145,259.27,2823700
HXL,04-Sep-2026,92.14,93.14,91.67,91.98,512900
HY,04-Sep-2026,33.9,35.8,33.49,35.75,110500
HYBX,04-Sep-2026,29.45,29.45,29.405,29.405,3100
HYI,04-Sep-2026,10.34,10.3744,10.305,10.31,34100
HYT,04-Sep-2026,8.26,8.28,8.24,8.24,951800
HYTR,04-Sep-2026,21.26,21.26,21.2409,21.2532,29600
HZO,04-Sep-2026,52.17,52.28,52.1,52.16,1223200
IAE,04-Sep-2026,8.87,9.01,8.87,8.94,35500
IAG,04-Sep-2026,20.26,20.745,20.26,20.48,2152000
IBM,04-Sep-2026,233.33,236.17,231.68,234.89,3722800
IBN,04-Sep-2026,30.23,30.375,30.17,30.3,3310200
IBP,04-Sep-2026,237.7,243.59,235.95,238.57,228000
IBTA,04-Sep-2026,37.21,38.52,37.12,38.39,268600
ICE,04-Sep-2026,162.14,162.56,161.05,161.26,3184200
ICL,04-Sep-2026,5.79,5.88,5.77,5.87,883200
IDA,04-Sep-2026,135.26,136.905,135.26,135.7,278600
IDE,04-Sep-2026,13.06,13.08,12.98,13.04,41700
IDT,04-Sep-2026,68.7,69.06,67.49,68.83,117900
IEX,04-Sep-2026,222.83,224.42,221.57,223.74,450900
IFF,04-Sep-2026,85.46,86.63,85.46,86.35,1476500
IFN,04-Sep-2026,11.48,11.535,11.48,11.5,60300
IFS,04-Sep-2026,55.83,56.105,55.26,55.74,84300
IGA,04-Sep-2026,10.57,10.6,10.5,10.54,72100
IGCB,04-Sep-2026,44.6374,44.6374,44.6374,44.6374,1700
IGD,04-Sep-2026,6.53,6.545,6.45,6.45,385800
IGI,04-Sep-2026,15.89,15.89,15.68,15.78,21700
IGR,04-Sep-2026,4.51,4.53,4.49,4.49,173400
IH,04-Sep-2026,1.22,1.22,1.22,1.22,1800
IHD,04-Sep-2026,7.62,7.74,7.62,7.73,72800
IHG,04-Sep-2026,160.38,161.12,159.73,159.95,156300
IHS,04-Sep-2026,8.47,8.52,8.46,8.47,941500
IIF,04-Sep-2026,23,23.09,22.9701,23.08,47200
IIIN,04-Sep-2026,30.81,31.35,30.81,31.26,82800
IIM,04-Sep-2026,12.36,12.39,12.32,12.39,97600
IIP-A,04-Sep-2026,25.06,25.06,24.98,24.98,7500
IIPR,04-Sep-2026,56.4,57.5,56.28,57.2,333300
IIPRpA,04-Sep-2026,25.06,25.06,24.98,24.99,6136
IMAX,04-Sep-2026,52.52,53.165,51.63,51.64,460900
INF.W,04-Sep-2026,6.25,6.35,6.025,6.27,11900
INFO,04-Sep-2026,28.285,28.34,28.255,28.2924,26000
INFQ,04-Sep-2026,12.9,13.18,12.67,12.85,5433700
INFY,04-Sep-2026,11.94,11.98,11.615,11.7,19837800
ING,04-Sep-2026,37,37.295,37,37.18,1375300
INGM,04-Sep-2026,28.56,29,28.27,28.84,629600
INGR,04-Sep-2026,100.88,102.505,100.39,101.26,589900
INN,04-Sep-2026,5.67,5.81,5.64,5.79,703100
INN-E,04-Sep-2026,17.74,17.74,17.73,17.73,400
INN-F,04-Sep-2026,16.9828,16.9828,16.86,16.86,700
INNpE,04-Sep-2026,17.74,17.74,17.73,17.73,348
INNpF,04-Sep-2026,16.9828,16.9828,16.86,16.86,651
INR,04-Sep-2026,15.67,15.9599,15.39,15.61,110200
INSP,04-Sep-2026,61,63.43,60,63.08,425700
INSW,04-Sep-2026,102.21,105.5,102.21,104.5,741500
INVH,04-Sep-2026,28.31,28.615,28.24,28.39,2527100
INVX,04-Sep-2026,30.63,30.7773,29.55,30.07,825300
ION.W,04-Sep-2026,28,28,27.62,27.75,2000
IONQ,04-Sep-2026,39.07,39.73,38.83,39.52,13112200
IONQ.WS,04-Sep-2026,28.22,28.22,27.62,27.75,1300
IOT,04-Sep-2026,44.9,45.12,39.32,40.2,25608900
IP,04-Sep-2026,36.39,37.759,36.36,37.24,3907300
IPI,04-Sep-2026,40.02,41.05,39.03,40.51,179100
IQI,04-Sep-2026,9.93,9.96,9.92,9.95,52200
IQV,04-Sep-2026,268.48,271.7999,262.6,267.77,1197900
IR,04-Sep-2026,75.3,76.6462,75.3,76.36,3840300
IRAB,04-Sep-2026,10.01,10.01,10.01,10.01,3000
IRM,04-Sep-2026,114.57,117.13,114.57,116.86,1342700
IRS,04-Sep-2026,14.58,15.49,14.58,15.16,164600
IRT,04-Sep-2026,16.01,16.28,15.96,16.09,1564900
ISD,04-Sep-2026,12.35,12.3638,12.21,12.24,119300
IT,04-Sep-2026,192.68,192.68,184.8398,186.42,839500
ITGR,04-Sep-2026,125.84,126.795,125.84,126.5,1610900
ITT,04-Sep-2026,204.7,206.89,202.46,204.33,502000
ITUB,04-Sep-2026,8.05,8.275,8.05,8.15,15713000
ITW,04-Sep-2026,270.94,273.86,269.35,270.12,1044200
IVR,04-Sep-2026,7.05,7.23,7.05,7.2,2717700
IVR-C,04-Sep-2026,24.61,24.61,24.4,24.4,6800
IVRpC,04-Sep-2026,24.61,24.61,24.4,24.4,5670
IVT,04-Sep-2026,32.19,32.915,32.19,32.63,511100
IVZ,04-Sep-2026,32.32,33.335,32.3,33.07,2864800
IX,04-Sep-2026,40.33,40.33,39.88,39.94,296000
J,04-Sep-2026,145.8,147.37,145,146.23,703700
JACS,04-Sep-2026,10.72,10.72,10.72,10.72,8100
JAN,04-Sep-2026,31.33,31.6,30.69,30.79,873500
JBGS,04-Sep-2026,11.72,12,11.65,11.7,676700
JBI,04-Sep-2026,4.96,5.12,4.96,5.09,1473400
JBL,04-Sep-2026,309.43,315.715,307.22,310.57,714100
JBND,04-Sep-2026,52.37,52.4498,52.37,52.39,720900
JBS,04-Sep-2026,13.07,13.405,12.865,13.03,4615600
JBTM,04-Sep-2026,116.65,118.03,115.76,117.72,448600
JCE,04-Sep-2026,17.2,17.21,17.03,17.13,30100
JCI,04-Sep-2026,142.15,144.97,142.15,144.94,3105600
JEF,04-Sep-2026,54.56,56.1356,54.125,55.23,1767700
JELD,04-Sep-2026,2.27,2.4,2.235,2.3,2815900
JENA,04-Sep-2026,10.49,10.49,10.39,10.4,9300
JFR,04-Sep-2026,7.56,7.7,7.54,7.63,771000
JGH,04-Sep-2026,12.42,12.425,12.37,12.41,26800
JHI,04-Sep-2026,13.16,13.2632,13.11,13.17,32100
JHS,04-Sep-2026,10.88,10.88,10.85,10.86,10700
JHX,04-Sep-2026,29.51,30.43,29.41,30.39,8276700
JILL,04-Sep-2026,19.14,20.42,18.95,19.98,92300
JKS,04-Sep-2026,12.14,12.2441,11.95,11.98,890400
JLL,04-Sep-2026,357.96,364.5,355.52,362.36,240800
JLS,04-Sep-2026,16.82,16.92,16.82,16.85,12800
JMIA,04-Sep-2026,7.08,7.325,7.08,7.29,812600
JMKE,04-Sep-2026,20.03,21.27,20,20.78,1906000
JMM,04-Sep-2026,5.76,5.787,5.76,5.787,2200
JNJ,04-Sep-2026,275.13,277.8,274.75,275.23,4320800
JOBY,04-Sep-2026,6.89,6.935,6.74,6.74,23762900
JOE,04-Sep-2026,65.79,66.53,65.73,66.11,148100
JOF,04-Sep-2026,12.82,12.824,12.74,12.82,31000
JPC,04-Sep-2026,7.36,7.3697,7.31,7.33,1780600
JPM,04-Sep-2026,361,362.86,355.2,358.64,4875300
JPM-C,04-Sep-2026,24.4,24.4,24.31,24.32,122600
JPM-D,04-Sep-2026,22.69,22.7499,22.6053,22.71,142400
JPM-J,04-Sep-2026,18.41,18.5,18.3479,18.4,54300
JPM-K,04-Sep-2026,17.62,17.6915,17.56,17.58,219300
JPM-L,04-Sep-2026,17.98,18,17.9,17.94,201100
JPM-M,04-Sep-2026,16.72,16.79,16.6494,16.65,337600
JPMpC,04-Sep-2026,24.4,24.4,24.31,24.33,107232
JPMpD,04-Sep-2026,22.69,22.7499,22.6053,22.72,130059
JPMpJ,04-Sep-2026,18.4,18.5,18.3479,18.4,43666
JPMpK,04-Sep-2026,17.62,17.6915,17.56,17.58,207118
JPMpL,04-Sep-2026,17.98,18,17.9,17.94,188155
JPMpM,04-Sep-2026,16.72,16.79,16.6494,16.66,313517
JQC,04-Sep-2026,4.76,4.77,4.75,4.77,359500
JRI,04-Sep-2026,12.26,12.26,12.1,12.14,122900
JRS,04-Sep-2026,8.26,8.31,8.14,8.17,26700
JXN,04-Sep-2026,138.29,140.88,136.96,140.63,838600
JXN-A,04-Sep-2026,25.71,25.89,25.71,25.8514,11500
JXNpA,04-Sep-2026,25.71,25.89,25.71,25.8514,8947
KAI,04-Sep-2026,295.89,299.42,291.3353,298.76,62100
KB,04-Sep-2026,128.5,128.68,127,128.68,189200
KBDC,04-Sep-2026,13.45,13.5299,13.31,13.45,408400
KBH,04-Sep-2026,52.12,52.57,51.75,52.25,584700
KBR,04-Sep-2026,36.69,37.12,36.38,36.82,1036000
KCA.S,04-Sep-2026,10.1,10.1,10.07,10.1,117600
KCA.U,04-Sep-2026,10.1,10.1,10.07,10.1,114706
KCA.W,04-Sep-2026,1.13,1.13,1.13,1.13,3700
KD,04-Sep-2026,13.29,13.54,13.0433,13.15,3429400
KEN,04-Sep-2026,67.26,69.42,67.26,69.18,18900
KEP,04-Sep-2026,11.8,11.99,11.79,11.94,1119500
KEX,04-Sep-2026,142.58,143.13,139.26,140.77,418000
KEY,04-Sep-2026,22.02,22.35,22.02,22.18,9683200
KEY-I,04-Sep-2026,25,25.029,24.94,25,28200
KEY-J,04-Sep-2026,20.3,20.3999,20.26,20.26,40100
KEY-K,04-Sep-2026,20.3,20.34,20.2,20.245,84600
KEY-L,04-Sep-2026,24.93,25.079,24.9,25,114200
KEYpI,04-Sep-2026,25,25.029,24.94,25,24422
KEYpJ,04-Sep-2026,20.3,20.3999,20.26,20.26,37218
KEYpK,04-Sep-2026,20.3,20.34,20.2,20.245,80865
KEYpL,04-Sep-2026,24.93,25.079,24.9,25,107230
KEYS,04-Sep-2026,326.1,329.8,324.2,327.21,605800
KF,04-Sep-2026,65.14,67.32,65.14,67.18,40700
KFRC,04-Sep-2026,53.03,54.53,52.88,54.53,423600
KFY,04-Sep-2026,84.09,85.68,83.17,85.35,621600
KGC,04-Sep-2026,30.88,31.31,30.66,30.87,5278000
KGS,04-Sep-2026,61.96,62.67,61.015,62.59,1211500
KIM,04-Sep-2026,23.58,24.035,23.5,23.6,6003400
KIM-L,04-Sep-2026,20.2,20.33,20.04,20.05,89200
KIM-M,04-Sep-2026,20.43,20.56,20.3,20.33,46700
KIMpL,04-Sep-2026,20.2,20.33,20.04,20.11,82276
KIMpM,04-Sep-2026,20.47,20.56,20.3,20.32,35858
KIO,04-Sep-2026,11.05,11.07,11.0125,11.03,81800
KKR,04-Sep-2026,108.37,109.38,106.77,107.73,3724700
KKR-D,04-Sep-2026,46.91,47.75,46.63,47.46,369200
KKRpD,04-Sep-2026,46.91,47.75,46.63,47.46,15244
KKRS,04-Sep-2026,15.9,16.1,15.9,16.1,32800
KKRT,04-Sep-2026,23.17,23.44,23.101,23.29,65800
KLAR,04-Sep-2026,14.46,14.6,14.155,14.41,9655500
KLC,04-Sep-2026,2.67,2.74,2.6158,2.67,541200
KMI,04-Sep-2026,31.44,31.58,31.07,31.4,7728700
KMPB,04-Sep-2026,24.59,24.6283,24.45,24.45,22900
KMPR,04-Sep-2026,28.28,28.5,27.78,28.04,589800
KMT,04-Sep-2026,29.6,31.02,29.45,31.02,2795600
KMX,04-Sep-2026,62.23,63.39,62.1,63.29,1158100
KN,04-Sep-2026,35.05,35.56,34.94,35.49,524200
KNF,04-Sep-2026,61.85,62.75,61.5,61.83,485100
KNOP,04-Sep-2026,10.5,11.51,10.5,11.39,72300
KNSL,04-Sep-2026,377,380.65,372.825,373.17,131100
KNTK,04-Sep-2026,53.66,54.66,53.3,54.43,723000
KNX,04-Sep-2026,69.27,72.16,69.2,71.99,3764300
KO,04-Sep-2026,88.585,88.905,87.85,88.07,17295100
KODK,04-Sep-2026,9.19,9.34,9.19,9.29,647000
KOF,04-Sep-2026,111.94,112.84,111.265,112,102500
KOP,04-Sep-2026,46.57,47.83,46.22,47.78,174200
KOS,04-Sep-2026,2.77,2.8,2.68,2.78,14310400
KPET,04-Sep-2026,9.98,9.98,9.98,9.98,8500
KR,04-Sep-2026,58.36,58.885,57.99,58.59,3848500
KRC,04-Sep-2026,36.76,37.53,36.645,37.14,1216200
KRE-A,04-Sep-2026,18.08,18.46,18.08,18.25,25000
KREF,04-Sep-2026,7.56,7.715,7.55,7.65,318500
KREFpA,04-Sep-2026,18.08,18.46,18.08,18.25,22137
KRG,04-Sep-2026,25.97,26.31,25.96,25.96,1479100
KRMN,04-Sep-2026,40.34,41.3,39.195,39.98,2170600
KRO,04-Sep-2026,8.32,8.6,8.26,8.43,241200
KRP,04-Sep-2026,14.84,14.89,14.735,14.88,831700
KRS.U,04-Sep-2026,10.67,10.75,10.65,10.66,4000
KRSP,04-Sep-2026,10.52,10.52,10.51,10.51,800
KRSP.U,04-Sep-2026,10.67,10.75,10.65,10.66,3400
KSS,04-Sep-2026,19.25,19.6375,19.11,19.44,3129100
KT,04-Sep-2026,19.8,19.875,19.66,19.79,800000
KTB,04-Sep-2026,73.31,75.31,72.53,73.59,745500
KTF,04-Sep-2026,8.64,8.7,8.64,8.68,108700
KTH,04-Sep-2026,28.4,28.612,28.4,28.4832,1100
KTN,04-Sep-2026,25.468,25.468,25.468,25.468,200
KVUE,04-Sep-2026,18.85,18.98,18.69,18.74,26856800
KVYO,04-Sep-2026,19.46,19.56,18.44,18.61,5596900
KWR,04-Sep-2026,158.82,161.53,158.27,161.5,109800
KWY,04-Sep-2026,10.1,10.46,10.02,10.32,25500
KYN,04-Sep-2026,15.06,15.11,14.7,14.81,322900
L,04-Sep-2026,111.06,111.06,109.205,109.3,625100
LAC,04-Sep-2026,2.97,3.005,2.93,3,6024500
LAD,04-Sep-2026,378.46,386.99,376.99,386.81,222700
LADR,04-Sep-2026,9.76,9.905,9.75,9.83,745500
LANV,04-Sep-2026,1.04,1.05,0.9766,1.02,60100
LAR,04-Sep-2026,6.71,6.905,6.64,6.79,1807900
LAW,04-Sep-2026,4.34,4.36,4.17,4.24,154300
LAZ,04-Sep-2026,43.83,45.2,43.46,45,817200
LB,04-Sep-2026,84.57,86.81,84.1505,86.53,182100
LBRT,04-Sep-2026,20.19,20.67,20.075,20.59,2380800
LCII,04-Sep-2026,99.87,103.21,99.8,102.6,269700
LCLN,04-Sep-2026,26.54,27.545,26.31,27.19,621900
LDI,04-Sep-2026,0.94,0.968,0.9153,0.9424,3134800
LDOS,04-Sep-2026,131.48,134.58,131.0001,133.05,1078700
LDP,04-Sep-2026,20.47,20.6,20.45,20.57,64400
LEA,04-Sep-2026,130.45,134.93,130.265,134.68,507900
LEN,04-Sep-2026,84,84.445,83.11,83.58,2328800
LEN.B,04-Sep-2026,83.02,83.02,81.905,82.17,58800
LEO,04-Sep-2026,6.13,6.138,6.06,6.07,167300
LEU,04-Sep-2026,172.15,175.8999,168.8,173.89,1001300
LEVI,04-Sep-2026,20.64,21.16,20.58,21.06,2177800
LFT,04-Sep-2026,0.72,0.73,0.7087,0.7209,26900
LFT-A,04-Sep-2026,16.7502,17.425,16,16.96,14500
LFTpA,04-Sep-2026,16.7502,17.425,16,16.96,12257
LGI,04-Sep-2026,18.18,18.6299,18,18.11,56200
LH,04-Sep-2026,328,330.555,326.16,326.89,438600
LHX,04-Sep-2026,259.52,259.78,256.05,256.45,1213200
LII,04-Sep-2026,382.2,390.73,382.2,390.53,443800
LION,04-Sep-2026,11.1,11.25,11.04,11.17,1694100
LITB,04-Sep-2026,3.17,3.22,3.17,3.22,1500
LLY,04-Sep-2026,1150.61,1158.44,1138.306,1149.36,2220200
LMND,04-Sep-2026,54.45,54.95,52.645,53.41,701900
LMT,04-Sep-2026,529.79,533.72,524.03,525.28,946500
LNC,04-Sep-2026,45.27,45.9,45.15,45.47,1667300
LNC-D,04-Sep-2026,26.21,26.319,26.21,26.3,18600
LNCpD,04-Sep-2026,26.21,26.319,26.21,26.3,9258
LND,04-Sep-2026,3.81,3.86,3.76,3.79,66300
LNG,04-Sep-2026,289.96,292.33,286.82,292,3022100
LNN,04-Sep-2026,121.73,125.14,121.05,123.39,169100
LOAR,04-Sep-2026,69.1,69.81,67.63,67.85,718000
LOB,04-Sep-2026,39.23,39.94,39.22,39.61,196000
LOB-A,04-Sep-2026,24.85,24.94,24.85,24.94,6800
LOBpA,04-Sep-2026,24.85,24.94,24.85,24.94,5644
LOCL,04-Sep-2026,1.1403,1.1403,1.07,1.12,50100
LOMA,04-Sep-2026,10.05,10.3781,10.015,10.27,184700
LOW,04-Sep-2026,201.03,205.48,200.51,204.45,2436900
LPG,04-Sep-2026,53.9,55.28,53.9,55.2,615300
LPL,04-Sep-2026,3.27,3.31,3.21,3.3,1341600
LPX,04-Sep-2026,68.54,69.51,67.05,68.17,822300
LRN,04-Sep-2026,84.57,85.86,83.7,84.68,632900
LSPD,04-Sep-2026,10.43,10.545,10.37,10.51,429400
LTC,04-Sep-2026,41.77,42.09,41.19,41.21,449400
LTH,04-Sep-2026,42.95,43.3084,42.87,43.23,1688800
LTM,04-Sep-2026,51.79,52.79,51.79,52.47,306400
LU,04-Sep-2026,1.22,1.265,1.21,1.25,562300
LUCK,04-Sep-2026,6.24,6.44,6.205,6.29,67500
LUMN,04-Sep-2026,6.98,7.07,6.74,6.77,8543300
LUV,04-Sep-2026,38.75,39.755,38.7,39.62,5467700
LUXE,04-Sep-2026,7.61,7.83,7.6,7.72,83000
LVS,04-Sep-2026,44.18,44.725,44.13,44.37,4292200
LVW.W,04-Sep-2026,0.0297,0.0299,0.0201,0.0299,17600
LVWR,04-Sep-2026,1.15,1.405,1.15,1.28,1041400
LVWR.WS,04-Sep-2026,0.03,0.03,0.0201,0.0299,17461
LW,04-Sep-2026,50.3,50.98,49.83,49.87,1071700
LXFR,04-Sep-2026,17.2,17.22,17.2,17.21,125800
LXP,04-Sep-2026,60.65,60.81,60.65,60.78,606200
LXP-C,04-Sep-2026,49.2,49.2,49.2,49.2,200
LXPpC,04-Sep-2026,49.2,49.2,49.2,49.2,100
LXU,04-Sep-2026,11,11.465,10.95,11.3,642300
LYB,04-Sep-2026,64.46,65.21,62.91,63.52,2589800
LYG,04-Sep-2026,6.05,6.095,6.0411,6.08,15625900
LYNX,04-Sep-2026,12.99,13.15,12.63,12.67,423900
LYV,04-Sep-2026,178.2,178.2,171.72,173.5,1947200
LZB,04-Sep-2026,32.06,33.04,32.03,32.76,773800
LZM,04-Sep-2026,4.19,4.29,4.17,4.25,150500
M,04-Sep-2026,22.41,23.085,22.32,23.05,3577600
MA,04-Sep-2026,580.73,584.4999,578.71,579.21,1774700
MAA,04-Sep-2026,127.67,129.25,127.67,128.32,580400
MAA-I,04-Sep-2026,51.02,51.2399,51.02,51.2399,900
MAApI,04-Sep-2026,51.02,51.2399,51.02,51.2399,850
MAC,04-Sep-2026,23.04,23.615,22.96,23.24,2108900
MAGN,04-Sep-2026,12.3,12.58,12.24,12.54,343400
MAIN,04-Sep-2026,58,58.4356,57.65,57.68,408500
MAIR,04-Sep-2026,25.47,26.3,25.465,25.9,1511400
MAN,04-Sep-2026,60.78,62.04,59.25,61.98,548400
MANE,04-Sep-2026,98.92,99.8925,97.2,98.51,363200
MANU,04-Sep-2026,20.86,21.01,20.5584,20.9,285600
MAS,04-Sep-2026,71,73.27,70.99,72.7,1992100
MATV,04-Sep-2026,12.54,12.715,12.37,12.66,409200
MATX,04-Sep-2026,222.61,227.12,222.61,225.59,232900
MAX,04-Sep-2026,12,12.135,11.68,12.05,455200
MBC,04-Sep-2026,8.13,8.67,8.125,8.51,1564100
MBGL,04-Sep-2026,20.33,20.615,20.2101,20.58,3369300
MBI,04-Sep-2026,4.76,4.785,4.715,4.77,351900
MC,04-Sep-2026,68.7,69.265,67.815,69.02,398400
MCB,04-Sep-2026,91.94,93.52,91.94,93.19,116700
MCD,04-Sep-2026,258.01,258.5,255.49,255.69,4225500
MCI,04-Sep-2026,18.7,18.94,18.55,18.65,41000
MCK,04-Sep-2026,911.15,921.09,905.103,907.99,879200
MCN,04-Sep-2026,5.68,5.73,5.68,5.71,19500
MCO,04-Sep-2026,492.02,495.64,489.605,493.55,424800
MCS,04-Sep-2026,27.54,28.11,27.27,27.27,160100
MCY,04-Sep-2026,105.11,105.43,104.01,104.53,229100
MD,04-Sep-2026,26.65,27.065,26.65,27.03,532900
MDA,04-Sep-2026,29.3,29.8,28.8824,29.52,1038900
MDST,04-Sep-2026,29.62,29.68,29.38,29.52,65000
MDT,04-Sep-2026,92.76,94.74,92.31,94.17,9013900
MDU,04-Sep-2026,19.63,19.81,19.55,19.57,1883400
MEC,04-Sep-2026,19.11,20.13,18.85,19.66,323500
MED,04-Sep-2026,12.53,12.66,12.37,12.63,54700
MEGI,04-Sep-2026,14.65,14.73,14.52,14.68,65500
MEI,04-Sep-2026,15.34,16.9022,15.3001,15.69,1241300
MER-K,04-Sep-2026,24.86,24.9,24.77,24.82,68500
MERpK,04-Sep-2026,24.86,24.9,24.77,24.82,65559
MET,04-Sep-2026,98.34,99.13,97.47,97.62,2663300
MET-A,04-Sep-2026,20.87,21.0599,20.85,20.95,25400
MET-E,04-Sep-2026,20.88,20.9565,20.67,20.68,60500
MET-F,04-Sep-2026,17.51,17.6582,17.41,17.58,109300
METpA,04-Sep-2026,20.87,21.0599,20.85,20.875,23370
METpE,04-Sep-2026,20.88,20.9565,20.67,20.695,52456
METpF,04-Sep-2026,17.51,17.6582,17.41,17.58,96451
MFA,04-Sep-2026,8.82,8.975,8.8,8.95,1123500
MFA-B,04-Sep-2026,20.16,20.18,20.05,20.0538,12400
MFA-C,04-Sep-2026,23.06,23.069,22.94,22.94,42800
MFAN,04-Sep-2026,25.35,25.37,25.3,25.3,4400
MFAO,04-Sep-2026,25.39,25.39,25.3,25.3,2700
MFApB,04-Sep-2026,20.16,20.18,20.05,20.0538,10450
MFApC,04-Sep-2026,23.21,23.21,22.95,22.95,27869
MFC,04-Sep-2026,44.37,44.55,44.13,44.34,1015900
MFG,04-Sep-2026,11.27,11.28,11.1514,11.23,3750900
MFM,04-Sep-2026,5.33,5.33,5.27,5.28,214600
MFSB,04-Sep-2026,24.52,24.5497,24.52,24.525,89000
MFSG,04-Sep-2026,30.27,30.44,30.27,30.33,29800
MFSI,04-Sep-2026,33.66,33.89,33.66,33.84,141600
MFSM,04-Sep-2026,24.45,24.4786,24.43,24.44,16500
MFSV,04-Sep-2026,29.5,29.65,29.5,29.65,66400
MG,04-Sep-2026,18.92,19.4,18.63,19.12,167200
MGA,04-Sep-2026,66.86,69.23,66.86,68.87,1362600
MGF,04-Sep-2026,2.82,2.85,2.82,2.85,56800
MGM,04-Sep-2026,41.04,41.56,40.93,41.22,1472500
MGR,04-Sep-2026,19.5,19.82,19.5,19.65,40900
MGRB,04-Sep-2026,16.25,16.25,16.06,16.25,30600
MGRD,04-Sep-2026,14.56,14.6362,14.56,14.6,85100
MGRE,04-Sep-2026,22.07,22.2293,22.0144,22.15,11700
MGY,04-Sep-2026,27.04,27.155,26.525,26.8,2023500
MH,04-Sep-2026,13.1,13.35,12.73,13.31,443600
MHD,04-Sep-2026,11.23,11.23,11.13,11.22,280200
MHF,04-Sep-2026,6.73,6.77,6.73,6.75,25000
MHK,04-Sep-2026,131.51,134.45,131.36,133.63,1032200
MHNC,04-Sep-2026,11.71,11.89,11.71,11.85,900
MHO,04-Sep-2026,147.7,148.965,146.12,148.26,118300
MIAX,04-Sep-2026,41.78,42.61,41.78,42.39,830500
MICC,04-Sep-2026,19.21,19.51,19.08,19.32,914200
MIN,04-Sep-2026,2.43,2.43,2.41,2.41,158900
MIR,04-Sep-2026,16.6,17.07,16.54,16.93,4748200
MIT-A,04-Sep-2026,21.7,21.7,21.7,21.7,700
MIT-B,04-Sep-2026,20.6,20.6,20.38,20.545,3400
MIT-C,04-Sep-2026,24.98,25,24.82,24.86,8400
MITP,04-Sep-2026,25.4,25.455,25.361,25.4331,12600
MITT,04-Sep-2026,6.77,6.82,6.76,6.8,157000
MITTpA,04-Sep-2026,21.7,21.7,21.7,21.7,284
MITTpB,04-Sep-2026,20.6,20.6,20.38,20.545,3334
MITTpC,04-Sep-2026,24.98,25,24.82,24.86,7152
MIY,04-Sep-2026,12.54,12.6799,12.39,12.46,104300
MKC,04-Sep-2026,52,52.76,51.51,52.08,2804300
MKC.V,04-Sep-2026,53.01,53.01,51.17,52.19,3600
MKL,04-Sep-2026,1826.91,1843.14,1826,1826.72,58600
MLI,04-Sep-2026,62.73,63.94,62.73,63.74,828600
MLM,04-Sep-2026,510,517.92,507.25,514.77,692200
MLP,04-Sep-2026,16.29,16.5,15.645,16.03,9300
MLR,04-Sep-2026,55.08,56.185,55.025,56.06,81800
MMD,04-Sep-2026,14.87,14.87,14.7701,14.795,22100
MMI,04-Sep-2026,31.82,32.02,31.62,31.89,71100
MMID,04-Sep-2026,27.2847,27.2847,27.2847,27.2847,100
MMK,04-Sep-2026,100.07,100.07,100.0689,100.0689,400
MMKT,04-Sep-2026,100.1984,100.1984,100.18,100.185,3400
MMM,04-Sep-2026,167.87,169.59,167.5504,168.56,2175300
MMS,04-Sep-2026,57.52,57.9875,56.71,57.66,469500
MMT,04-Sep-2026,4.44,4.46,4.425,4.45,266700
MMU,04-Sep-2026,9.91,9.92,9.86,9.88,68100
MNR,04-Sep-2026,12.67,12.67,12.45,12.57,280200
MNSO,04-Sep-2026,9.57,9.78,9.55,9.56,868300
MNTN,04-Sep-2026,13.32,13.32,12.8101,12.95,445600
MO,04-Sep-2026,69.15,69.8,68.71,68.88,7025200
MOD,04-Sep-2026,186.1,195,186.1,194.66,1279100
MOG.A,04-Sep-2026,369.82,375.61,365.81,371.68,156000
MOG.B,04-Sep-2026,374.488,374.488,374.488,374.488,100
MOGU,04-Sep-2026,1.89,1.97,1.89,1.97,3800
MOH,04-Sep-2026,201.07,202.475,199.68,200.8,258200
MOS,04-Sep-2026,25,26.04,24.77,25.85,8510300
MOV,04-Sep-2026,33.26,34.1799,33.26,33.97,133100
MP,04-Sep-2026,56.57,58.52,54.195,54.53,7041300
MPA,04-Sep-2026,10.92,10.92,10.6,10.74,46400
MPC,04-Sep-2026,386.1,391,379.1,388.9,1875200
MPLX,04-Sep-2026,59.28,59.77,58.94,59.67,1007600
MPT,04-Sep-2026,4.04,4.08,3.96,4.01,7246900
MPV,04-Sep-2026,16.9,17.12,16.9,17.02,11900
MQY,04-Sep-2026,10.92,10.9299,10.84,10.87,474100
MRK,04-Sep-2026,150.83,152.22,150.085,150.33,4397400
MRP,04-Sep-2026,31.58,32.11,31.52,32.02,1227800
MRSH,04-Sep-2026,186.54,187.69,185.4,185.74,1409200
MS,04-Sep-2026,215.64,218.22,214.305,217.72,3133000
MS-A,04-Sep-2026,18.85,18.93,18.82,18.82,70700
MS-E,04-Sep-2026,25.49,25.4949,25.35,25.36,158200
MS-F,04-Sep-2026,25.28,25.3439,25.28,25.28,84500
MS-I,04-Sep-2026,24.3,24.3903,24.28,24.3,85500
MS-K,04-Sep-2026,22.03,22.1799,22.03,22.09,109900
MS-L,04-Sep-2026,18.68,18.68,18.49,18.64,33400
MS-O,04-Sep-2026,16.17,16.29,16,16.15,175900
MS-P,04-Sep-2026,24.87,24.9299,24.8548,24.9,55700
MS-Q,04-Sep-2026,25.15,25.23,25.08,25.1,42800
MSA,04-Sep-2026,187.14,190.83,187.05,188.69,237600
MSB,04-Sep-2026,23.5,24.06,23.3202,23.9,15200
MSC,04-Sep-2026,1.69,1.7144,1.69,1.7144,1400
MSCI,04-Sep-2026,566.56,573.41,560.46,573.01,477300
MSD,04-Sep-2026,7.27,7.29,7.25,7.26,45700
MSDL,04-Sep-2026,15.16,15.32,15.13,15.25,189300
MSGE,04-Sep-2026,77.41,78.03,77.04,77.41,228300
MSGS,04-Sep-2026,386.1,393.44,386.1,391.16,245000
MSI,04-Sep-2026,470.58,472.73,466.39,468.05,751000
MSIF,04-Sep-2026,12.5,12.7,12.5,12.65,109600
MSM,04-Sep-2026,118.2,121.69,117.12,121.41,429600
MSpA,04-Sep-2026,18.71,18.93,18.71,18.82,64095
MSpE,04-Sep-2026,25.49,25.4949,25.35,25.36,150478
MSpF,04-Sep-2026,25.28,25.3439,25.28,25.28,81215
MSpI,04-Sep-2026,24.3,24.3903,24.28,24.31,79122
MSpK,04-Sep-2026,22.03,22.1799,22.03,22.11,101739
MSpL,04-Sep-2026,18.68,18.68,18.49,18.64,28504
MSpO,04-Sep-2026,16.17,16.29,16,16.1,164331
MSpP,04-Sep-2026,24.87,24.9299,24.8548,24.895,48273
MSpQ,04-Sep-2026,25.15,25.23,25.08,25.09,35520
MT,04-Sep-2026,78.34,78.78,77.76,78.74,1611300
MTB,04-Sep-2026,238.48,241.23,238.48,239.84,677100
MTB-H,04-Sep-2026,24.98,25.03,24.97,25,12000
MTB-J,04-Sep-2026,26.01,26.14,25.88,25.93,23900
MTB-K,04-Sep-2026,23.79,23.79,23.651,23.7401,21800
MTB-L,04-Sep-2026,24.65,24.92,24.65,24.82,36300
MTBpH,04-Sep-2026,24.98,25.03,24.97,25.02,8217
MTBpJ,04-Sep-2026,26.01,26.14,25.88,25.88,19302
MTD,04-Sep-2026,1341.57,1358.78,1339.09,1345.26,103000
MTDR,04-Sep-2026,59.3,59.985,58.54,59.15,2349400
MTG,04-Sep-2026,31.27,31.41,30.94,31.01,1527100
MTH,04-Sep-2026,67.43,68.9,66.8,67.33,447700
MTN,04-Sep-2026,135.95,136.56,134.695,134.96,443100
MTN.U,04-Sep-2026,10.03,10.05,10.03,10.0499,3100
MTR,04-Sep-2026,2.59,2.64,2.51,2.6,4400
MTRN,04-Sep-2026,240.13,246.5997,237.64,244.24,158900
MTUS,04-Sep-2026,19.19,20.14,19.19,19.93,322600
MTW,04-Sep-2026,20.5,21.5,20.5,21.41,328800
MTX,04-Sep-2026,70.22,72.19,70.02,71.76,146300
MTZ,04-Sep-2026,234.75,240.79,232,237.19,1645800
MUA,04-Sep-2026,9.94,9.94,9.9,9.9,313400
MUC,04-Sep-2026,10.41,10.46,10.41,10.45,386700
MUFG,04-Sep-2026,24.02,24.185,24.015,24.09,3705200
MUJ,04-Sep-2026,12.07,12.075,12.02,12.02,44900
MUR,04-Sep-2026,37.09,37.201,36.15,36.44,1514200
MUSA,04-Sep-2026,522.27,525.225,505.775,511.33,198100
MUSE,04-Sep-2026,49.39,49.39,49.39,49.39,800
MUX,04-Sep-2026,19.97,20.31,19.81,20.07,665500
MVPA,04-Sep-2026,37.52,37.8548,37.52,37.8548,700
MWA,04-Sep-2026,23.93,24.18,23.9,23.95,858700
MX,04-Sep-2026,3.07,3.105,3.045,3.09,232900
MXF,04-Sep-2026,21.75,21.86,21.49,21.6,12400
MYE,04-Sep-2026,30.89,31.945,30.89,31.81,396000
MYI,04-Sep-2026,10.53,10.53,10.47,10.47,196700
MYN,04-Sep-2026,9.51,9.525,9.45,9.47,237800
MZY.U,04-Sep-2026,10.1,10.11,10.09,10.11,3600
MZYX,04-Sep-2026,9.99,9.99,9.99,9.99,94800
NABL,04-Sep-2026,3.95,4.12,3.91,4.06,1573500
NAC,04-Sep-2026,11.47,11.49,11.43,11.45,401800
NAD,04-Sep-2026,11.46,11.49,11.41,11.46,644700
NAN,04-Sep-2026,10.74,10.79,10.74,10.75,93300
NAT,04-Sep-2026,7.1,7.345,7.02,7.25,4270800
NATL,04-Sep-2026,45.36,46.12,45.36,46.09,411400
NAZ,04-Sep-2026,12.19,12.19,11.96,11.96,22500
NBB,04-Sep-2026,15.38,15.61,15.37,15.56,82200
NBHC,04-Sep-2026,41.68,42.24,41.68,42.07,203200
NBR,04-Sep-2026,91.57,91.57,89.05,90.84,219200
NBXG,04-Sep-2026,15.41,15.49,15.2793,15.44,80100
NC,04-Sep-2026,40.85,42.23,40.83,41.93,24800
NCA,04-Sep-2026,8.98,8.985,8.88,8.945,94400
NCDL,04-Sep-2026,12.55,12.62,12.4576,12.52,159200
NCLH,04-Sep-2026,15.63,15.72,15.42,15.57,11727500
NCV,04-Sep-2026,16.38,16.6,16.225,16.56,75400
NCV-A,04-Sep-2026,19.87,20,19.87,19.99,22600
NCVpA,04-Sep-2026,19.87,20,19.87,19.99,20950
NCZ,04-Sep-2026,15.32,15.45,15.24,15.42,37700
NCZ-A,04-Sep-2026,19.38,19.5,19.3773,19.43,12800
NCZpA,04-Sep-2026,19.38,19.5,19.3773,19.43,11003
NDMO,04-Sep-2026,9.8,9.81,9.72,9.75,143700
NE,04-Sep-2026,47.06,47.06,45.28,45.61,1129000
NEA,04-Sep-2026,11.02,11.04,10.9911,11.04,953700
NEE,04-Sep-2026,83.7,84.12,83.23,83.43,10766100
NEE-N,04-Sep-2026,20.52,20.5528,20.3,20.36,91900
NEE-S,04-Sep-2026,51.52,51.53,51.31,51.47,68200
NEE-T,04-Sep-2026,49.26,49.26,48.08,48.21,10900
NEE-U,04-Sep-2026,23.1,23.25,23.06,23.22,55700
NEE-V,04-Sep-2026,46.19,46.19,45.69,45.78,11400
NEE-W,04-Sep-2026,23.19,23.29,23.08,23.26,28700
NEEpN,04-Sep-2026,20.54,20.5528,20.3,20.31,82071
NEEpS,04-Sep-2026,51.52,51.53,51.31,51.33,16295
NEEpT,04-Sep-2026,49.26,49.26,48.08,48.08,7299
NEEpU,04-Sep-2026,23.1,23.25,23.06,23.22,44739
NEM,04-Sep-2026,126.25,128.86,126.065,128.09,5746700
NET,04-Sep-2026,282.25,284.7173,277.588,278.92,1808900
NEU,04-Sep-2026,895.2,905,884.89,885,106600
NEXA,04-Sep-2026,13.53,13.92,13.44,13.8,573600
NFG,04-Sep-2026,83,83.65,82.66,83.32,444200
NFJ,04-Sep-2026,15.7,15.7,15.64,15.68,184600
NGG,04-Sep-2026,77.9,78.6,77.74,78.12,845300
NGL,04-Sep-2026,18.32,18.32,17.62,17.75,117700
NGL-B,04-Sep-2026,25.83,25.9,25.8,25.86,7100
NGL-C,04-Sep-2026,25.78,25.89,25.78,25.89,1300
NGLpB,04-Sep-2026,25.825,25.9,25.8,25.86,6669
NGLpC,04-Sep-2026,25.78,25.89,25.78,25.89,1100
NGS,04-Sep-2026,35.59,36.46,35.41,36.33,122700
NGVC,04-Sep-2026,27.01,27.946,26.98,27.93,101700
NGVT,04-Sep-2026,69.42,70.84,69.345,70.54,163500
NHI,04-Sep-2026,71.86,72.05,70.78,70.88,193800
NI,04-Sep-2026,41.38,41.635,41.155,41.39,4668800
NIC,04-Sep-2026,170.02,172.48,167.525,172.12,98600
NIE,04-Sep-2026,26.27,26.29,26,26.04,32700
NIM,04-Sep-2026,9.3,9.3,9.17,9.19,12300
NIO,04-Sep-2026,3.78,3.81,3.72,3.8,52356200
NIQ,04-Sep-2026,18.52,18.79,18.17,18.39,800300
NJR,04-Sep-2026,54.14,54.14,53.21,53.4,551600
NKE,04-Sep-2026,38.22,38.655,37.98,38.4,20631500
NKX,04-Sep-2026,11.98,11.98,11.9136,11.98,115100
NL,04-Sep-2026,6.85,6.9,6.55,6.79,27000
NLOP,04-Sep-2026,11.08,11.17,10.97,11,84500
NLY,04-Sep-2026,22.65,22.945,22.61,22.81,5940300
NLY-F,04-Sep-2026,25.37,25.37,25.22,25.31,44300
NLY-G,04-Sep-2026,25.25,25.25,25.2009,25.23,22700
NLY-I,04-Sep-2026,24.91,25,24.91,24.92,108000
NLY-J,04-Sep-2026,25.71,25.9499,25.71,25.84,12200
NLYpF,04-Sep-2026,25.37,25.37,25.22,25.3,40885
NLYpG,04-Sep-2026,25.25,25.25,25.2009,25.22,20360
NLYpI,04-Sep-2026,24.905,25.23,24.88,24.92,71475
NLYpJ,04-Sep-2026,25.71,25.9499,25.71,25.85,9754
NMAI,04-Sep-2026,14.6,14.6,14.44,14.57,49500
NMAX,04-Sep-2026,10.8,11.05,10.505,10.63,797000
NMCO,04-Sep-2026,10.48,10.48,10.01,10.2,735900
NMG,04-Sep-2026,1.38,1.42,1.37,1.4,599700
NMI,04-Sep-2026,10.45,10.45,10.365,10.43,16600
NMM,04-Sep-2026,91.17,92.7,91.17,92.16,199200
NMR,04-Sep-2026,10.64,10.715,10.5911,10.65,636100
NMS,04-Sep-2026,10.58,10.63,10.57,10.58,24000
NMT,04-Sep-2026,12.35,12.385,12.3,12.38,6500
NMZ,04-Sep-2026,9.88,9.9115,9.82,9.86,590300
NNI,04-Sep-2026,126.5,128.15,126.5,127.31,139100
NNN,04-Sep-2026,44.93,45.155,44.6,44.63,1330400
NNY,04-Sep-2026,8.09,8.13,8.06,8.07,45100
NOA,04-Sep-2026,13.44,13.46,13.255,13.35,51700
NOAH,04-Sep-2026,8.27,8.47,8.26,8.43,60600
NOC,04-Sep-2026,525.56,525.56,512.54,514.98,914000
NOG,04-Sep-2026,25.73,26.01,25.405,25.92,1259700
NOK,04-Sep-2026,10,10.1064,9.932,10.03,46052900
NOMD,04-Sep-2026,11.47,11.73,11.41,11.64,1102000
NOV,04-Sep-2026,21.37,21.405,21.1,21.39,1824500
NOW,04-Sep-2026,143.315,145.2582,138.8,141.26,12505000
NP,04-Sep-2026,33.01,33.69,32.77,33.23,361700
NPB,04-Sep-2026,17.21,17.3499,17.15,17.28,169400
NPCT,04-Sep-2026,9.72,9.725,9.67,9.71,37400
NPFD,04-Sep-2026,18.69,18.78,18.6,18.68,46600
NPK,04-Sep-2026,145.08,148.2,144.09,147.72,108300
NPKI,04-Sep-2026,13.18,13.54,13.03,13.22,573000
NPO,04-Sep-2026,297.81,301.14,294.3,296.95,107000
NPV,04-Sep-2026,10.35,10.35,10.27,10.27,54600
NPW.W,04-Sep-2026,0.3197,0.38,0.3197,0.3401,18100
NPWR,04-Sep-2026,1.8,1.94,1.8,1.93,746300
NPWR.WS,04-Sep-2026,0.3197,0.38,0.3197,0.3401,18048
NRDY,04-Sep-2026,9.49,9.54,9.3101,9.35,12500
NRE-A,04-Sep-2026,25.2,25.2,24.75,24.75,1700
NREF,04-Sep-2026,17.65,17.91,17.5,17.79,47700
NREFpA,04-Sep-2026,25.2,25.2,24.75,24.75,1104
NRG,04-Sep-2026,111.29,119.25,111.29,119.02,3396400
NRGV,04-Sep-2026,3.73,4,3.695,3.84,2833000
NRK,04-Sep-2026,10.02,10.07,10,10,338200
NRP,04-Sep-2026,113.78,113.85,112.5,113.72,12000
NRT,04-Sep-2026,9,9.09,8.93,8.93,12500
NRUC,04-Sep-2026,20.96,20.96,20.75,20.75,6500
NSC,04-Sep-2026,325.82,331.65,325.82,329.46,703100
NSP,04-Sep-2026,51.17,52.05,49.85,51.96,314300
NTB,04-Sep-2026,60.67,61.57,60.05,61.53,226800
NTEST.H,04-Sep-2026,25.02,25.02,25.02,25.02,400
NTEST.I,04-Sep-2026,25.02,25.02,25.02,25.02,360
NTEST.Y,04-Sep-2026,25.04,25.04,25.04,25.04,300
NTR,04-Sep-2026,78.98,80.01,78.27,79.47,2774700
NTST,04-Sep-2026,20.27,20.37,20.07,20.09,1128100
NU,04-Sep-2026,15.49,15.6328,15.19,15.37,48570600
NUE,04-Sep-2026,263.39,264.6,258.95,261.07,776100
NUS,04-Sep-2026,4.69,4.87,4.67,4.84,390400
NUV,04-Sep-2026,8.87,8.895,8.86,8.87,327100
NUVB,04-Sep-2026,6.78,6.87,6.72,6.81,3755200
NUW,04-Sep-2026,13.8,13.99,13.76,13.82,57200
NVG,04-Sep-2026,11.97,12.02,11.95,11.99,497200
NVGS,04-Sep-2026,22.56,23.04,22.56,22.96,410600
NVO,04-Sep-2026,46.35,46.74,46.0417,46.6,6219200
NVR,04-Sep-2026,6367.15,6377.245,6281.28,6298.85,29500
NVRI,04-Sep-2026,23.09,23.26,22.765,22.87,222300
NVS,04-Sep-2026,159.9,160.93,159.625,159.99,1294300
NVST,04-Sep-2026,27.3,27.51,27.015,27.28,1682100
NVT,04-Sep-2026,153.5,157.19,152.09,156.03,1610900
NWA.U,04-Sep-2026,10.4,10.4,10.35,10.35,27800
NWA.W,04-Sep-2026,0.47,0.47,0.441,0.4548,3500
NWAX,04-Sep-2026,10.15,10.16,10.14,10.15,437400
NWG,04-Sep-2026,18.86,19,18.855,18.94,1916100
NWN,04-Sep-2026,49.15,49.698,49.02,49.19,174700
NX,04-Sep-2026,20.63,23.225,20.135,22.93,1917600
NXD-A,04-Sep-2026,13.2,13.2,13.1999,13.1999,1500
NXDR,04-Sep-2026,2.25,2.26,2.18,2.24,2713000
NXDT,04-Sep-2026,5.44,5.59,5.35,5.47,104600
NXDTpA,04-Sep-2026,13.2,13.2,13.1999,13.1999,1402
NXE,04-Sep-2026,10.56,10.84,10.47,10.73,3942700
NXG,04-Sep-2026,54.67,55.9631,54.66,55.81,47900
NXP,04-Sep-2026,14.07,14.115,14,14.02,269000
NXRT,04-Sep-2026,23.53,24.05,23.53,23.78,323500
NYC,04-Sep-2026,6.24,6.31,6.12,6.29,9000
NYT,04-Sep-2026,67.06,68,66.39,67.28,2022400
NZF,04-Sep-2026,11.92,11.92,11.855,11.92,524100
O,04-Sep-2026,61.34,61.83,61.145,61.25,5101400
OAK-A,04-Sep-2026,20.16,20.26,20.16,20.21,3900
OAK-B,04-Sep-2026,20.01,20.05,19.915,19.95,4800
OAKpA,04-Sep-2026,20.16,20.26,20.16,20.21,2963
OAKpB,04-Sep-2026,20.01,20.05,19.915,19.95,3964
OBDC,04-Sep-2026,11.32,11.5,11.3,11.4,2231500
OBK,04-Sep-2026,54.04,54.795,54.04,54.48,141700
OC,04-Sep-2026,134.25,139.705,133.73,138.72,1421300
OCA.W,04-Sep-2026,0.04,0.04,0.04,0.04,250000
ODC,04-Sep-2026,88.59,90.665,87.51,87.9,129900
OEC,04-Sep-2026,5.85,6.1,5.8098,6.09,299200
OFG,04-Sep-2026,52.57,53.3,51.29,53.22,137000
OFRM,04-Sep-2026,17.33,17.57,17.19,17.46,125500
OGC,04-Sep-2026,29.91,30.885,29.88,30.61,412100
OGE,04-Sep-2026,46.64,47.085,46.64,46.92,1301600
OGG,04-Sep-2026,2.92,2.95,2.89,2.91,746500
OGN,04-Sep-2026,13.76,13.78,13.76,13.78,4872400
OGS,04-Sep-2026,80.81,80.83,79.63,79.86,451100
OHI,04-Sep-2026,46.84,47.28,46.3405,46.38,1446500
OI,04-Sep-2026,7.1,7.189,6.93,7.14,1772200
OIA,04-Sep-2026,5.98,5.99,5.95,5.99,87400
OII,04-Sep-2026,51.33,51.97,50.99,51.4,393900
OIS,04-Sep-2026,8.84,8.84,8.61,8.76,430700
OKE,04-Sep-2026,94.9,95.59,94.08,95.43,3420100
OKLO,04-Sep-2026,39.51,41.32,39.5,41.27,8127400
OLN,04-Sep-2026,16.8,17.58,16.73,17.37,2463900
OLP,04-Sep-2026,23.76,24.19,23.74,23.92,41800
OMC,04-Sep-2026,83.51,83.8,82.19,82.62,2722000
OMF,04-Sep-2026,64.1,65.35,64.07,64.63,580600
ONIT,04-Sep-2026,34.61,35.51,34.24,35.46,56900
ONL,04-Sep-2026,2.66,2.75,2.66,2.71,162600
ONON,04-Sep-2026,27.8,28.3577,27.8,27.99,7244200
ONT,04-Sep-2026,17.32,17.92,17.05,17.85,472800
ONTO,04-Sep-2026,259.01,270,257.705,268.01,722500
OOMA,04-Sep-2026,23.06,23.81,22.4812,23.2,687300
OPFI,04-Sep-2026,7.25,7.44,7.24,7.42,490300
OPLN,04-Sep-2026,34.81,35.75,34.72,35.46,628300
OPP,04-Sep-2026,7.49,7.49,7.41,7.45,57300
OPP-A,04-Sep-2026,15.42,15.42,15.23,15.2404,9300
OPP-B,04-Sep-2026,16.61,16.6316,16.5,16.525,7300
OPPpA,04-Sep-2026,15.42,15.42,15.23,15.2404,8735
OPPpB,04-Sep-2026,16.61,16.6316,16.5,16.525,5759
OPTU,04-Sep-2026,1.04,1.08,1.031,1.05,1705800
OPY,04-Sep-2026,123.6,123.6,119.4101,122.89,92400
OR,04-Sep-2026,36.77,37.74,36.605,37.31,700000
ORA,04-Sep-2026,105.1,106,103.78,105.45,557300
ORC,04-Sep-2026,6.49,6.58,6.48,6.55,3675700
ORC-D,04-Sep-2026,48.84,49.06,48.4208,48.98,243600
ORCL,04-Sep-2026,159.46,159.7,156.71,158.78,26511200
ORI,04-Sep-2026,41.89,42.26,41.35,41.43,1388600
ORN,04-Sep-2026,9.13,9.35,9.13,9.28,431300
OSCR,04-Sep-2026,32.19,32.485,31.53,32.25,3689900
OSG,04-Sep-2026,4.64,4.99,4.62,4.97,571300
OSK,04-Sep-2026,155.6,159,154.6128,157.08,316500
OTA-,04-Sep-2026,0.2,0.2,0.196,0.1966,6700
OTA.U,04-Sep-2026,10.15,10.1516,10.15,10.1516,1200
OTAI,04-Sep-2026,10.02,10.02,9.9853,9.99,4400
OTAX,04-Sep-2026,50.42,50.96,50.365,50.4171,158200
OTF,04-Sep-2026,11.27,11.505,11.27,11.38,2488700
OTIS,04-Sep-2026,71.09,71.5416,70.81,71.21,2976000
OUT,04-Sep-2026,29.07,29.31,28.6747,28.96,1064000
OVV,04-Sep-2026,65.5,65.55,64.25,64.76,3589800
OWL,04-Sep-2026,11.67,11.97,11.54,11.75,26843300
OWLT,04-Sep-2026,5,5.07,4.95,4.98,113700
OXM,04-Sep-2026,30.07,31.56,28.2,30.87,2055200
OXY,04-Sep-2026,60.12,60.38,59.35,60.04,6890600
OXY.W,04-Sep-2026,38.01,38.3,37,37.96,18400
OXY.WS,04-Sep-2026,38.01,38.3,37,37.96,15804
P,04-Sep-2026,98,99.61,96.67,99.51,2151100
PAAS,04-Sep-2026,51.27,52.0383,50.65,51.34,3208900
PAC,04-Sep-2026,205.9,211.71,205.9,208.17,70400
PACK,04-Sep-2026,4.41,4.56,4.4,4.54,274200
PACS,04-Sep-2026,42.61,43.19,42.11,42.5,649400
PAG,04-Sep-2026,218.7,221.04,218.48,219.77,175400
PAGS,04-Sep-2026,9.96,9.96,9.65,9.73,1972300
PAI,04-Sep-2026,11.82,11.89,11.82,11.86,10500
PAII,04-Sep-2026,10.29,10.29,10.29,10.29,75500
PAM,04-Sep-2026,84.74,85.64,83.855,84.8,94000
PAR,04-Sep-2026,18.62,19.79,18.5,19.77,815800
PARR,04-Sep-2026,80.74,82.74,78.3233,81.32,579900
PATH,04-Sep-2026,16.24,16.71,14.77,15.19,104579700
PAXS,04-Sep-2026,14.1,14.29,14.1,14.24,179200
PAY,04-Sep-2026,36.14,36.67,35.75,36.19,895600
PAYC,04-Sep-2026,238.14,238.15,230.5601,231.67,662000
PB,04-Sep-2026,73.71,73.71,72.3,72.81,393000
PBA,04-Sep-2026,48.34,48.5,47.89,48.41,1409800
PBF,04-Sep-2026,74.5,75.2091,72.24,74.34,1872700
PBH,04-Sep-2026,51.8,52.58,51.8,52.26,342900
PBI,04-Sep-2026,17.49,17.49,17.08,17.4,1388700
PBI-B,04-Sep-2026,21.66,21.7999,21.66,21.78,18200
PBIpB,04-Sep-2026,21.66,21.7999,21.66,21.75,16838
PBR,04-Sep-2026,20.25,20.455,20.12,20.12,18780900
PBR.A,04-Sep-2026,18.355,18.53,18.235,18.25,5312300
PBT,04-Sep-2026,34.17,34.3,33.6047,34.18,72000
PCF,04-Sep-2026,5.53,5.59,5.52,5.54,147800
PCG,04-Sep-2026,13.8,14.32,13.74,14.3,46986800
PCG-X,04-Sep-2026,34.82,35.45,34.82,35.4,718100
PCGpX,04-Sep-2026,34.82,35.45,34.82,35.4,7042
PCM,04-Sep-2026,5.36,5.36,5.29,5.34,51700
PCN,04-Sep-2026,11.7,11.7982,11.66,11.73,312300
PCOR,04-Sep-2026,59.5,59.5,56.47,58.01,3048300
PCQ,04-Sep-2026,8.52,8.54,8.51,8.54,89900
PD,04-Sep-2026,13.88,13.88,13.51,13.62,1593800
PDCC,04-Sep-2026,8.94,9.0631,8.92,9.025,2300
PDI,04-Sep-2026,15.27,15.33,15.23,15.33,2437600
PDM,04-Sep-2026,9.62,9.825,9.55,9.68,858800
PDO,04-Sep-2026,12.49,12.835,12.49,12.82,1155900
PDPA,04-Sep-2026,25.17,25.17,25.1,25.1,6200
PDS,04-Sep-2026,91.03,92.19,88.93,89.92,79300
PDT,04-Sep-2026,12.55,12.55,12.44,12.46,165400
PDX,04-Sep-2026,22.01,22.05,21.85,21.89,78900
PEB,04-Sep-2026,17.51,18.04,17.48,18.03,1196100
PEB-E,04-Sep-2026,19.98,19.99,19.98,19.99,1200
PEB-G,04-Sep-2026,20.19,20.19,19.73,20.05,1700
PEB-H,04-Sep-2026,18.6,18.6,18.5,18.5,3300
PEBpE,04-Sep-2026,19.98,19.99,19.98,19.99,400
PEBpG,04-Sep-2026,20.19,20.19,19.73,20.05,1013
PEBpH,04-Sep-2026,18.6,18.6,18.5,18.5269,2800
PEG,04-Sep-2026,73.56,74.35,73.4,73.7,2016400
PEN,04-Sep-2026,321,322.72,321,322.17,174000
PEO,04-Sep-2026,29.12,29.2308,28.8,28.89,41500
PERF,04-Sep-2026,1.92,1.93,1.91,1.93,190400
PEW,04-Sep-2026,2.25,2.355,2.25,2.35,233300
PEW.W,04-Sep-2026,0.3,0.31,0.255,0.2551,15900
PEW.WS,04-Sep-2026,0.3,0.31,0.255,0.2551,15700
PFD,04-Sep-2026,11.28,11.31,11.27,11.29,15100
PFE,04-Sep-2026,28.58,28.69,28.38,28.45,23791900
PFGC,04-Sep-2026,98.68,99.13,97.81,98.63,1273900
PFH,04-Sep-2026,15.16,15.285,15.1501,15.28,36600
PFL,04-Sep-2026,7.57,7.57,7.5201,7.53,130100
PFLA,04-Sep-2026,25.06,25.09,24.89,24.8999,5800
PFLT,04-Sep-2026,7.45,7.455,7.3701,7.39,511000
PFN,04-Sep-2026,6.9,6.9662,6.895,6.91,212900
PFO,04-Sep-2026,8.99,9.025,8.99,9,9400
PFS,04-Sep-2026,23.57,23.83,23.52,23.72,535400
PFSI,04-Sep-2026,72.46,73.75,72.46,73.29,456700
PG,04-Sep-2026,146.47,147.15,145.815,146.44,5589100
PGP,04-Sep-2026,8.85,8.9415,8.835,8.85,52400
PGR,04-Sep-2026,221.72,222.8543,218.255,218.95,1931100
PGZ,04-Sep-2026,9.79,9.85,9.78,9.78,9000
PH,04-Sep-2026,966.71,978.375,960.43,962.59,844000
PHG,04-Sep-2026,25.91,26.02,25.86,25.89,455400
PHI,04-Sep-2026,18.27,18.2726,18.1101,18.2,85100
PHIN,04-Sep-2026,68.06,69.245,67.035,69.04,337800
PHK,04-Sep-2026,4.51,4.52,4.5,4.5,380300
PHM,04-Sep-2026,123.79,125.16,123.53,124.45,962000
PHR,04-Sep-2026,11.08,11.145,10.7203,10.94,807900
PII,04-Sep-2026,61.08,63.545,61,62.52,537200
PIM,04-Sep-2026,3.14,3.1523,3.14,3.15,32600
PIN-A,04-Sep-2026,25.21,25.31,25.21,25.2399,4600
PINE,04-Sep-2026,19.48,19.77,19.48,19.65,95100
PINS,04-Sep-2026,20.7,20.74,20.17,20.4,10018200
PIPR,04-Sep-2026,76.55,77.225,75.78,77.04,417900
PJT,04-Sep-2026,183.4,184.67,181.04,182.73,332200
PK,04-Sep-2026,15.02,15.33,14.96,15.26,3960500
PKE,04-Sep-2026,30.82,31.33,30.51,31.28,206800
PKG,04-Sep-2026,234.31,238.065,234.13,237.25,530300
PKX,04-Sep-2026,61.98,62.77,61.96,62.74,195100
PL,04-Sep-2026,19.64,19.96,17.725,18.12,32194700
PLD,04-Sep-2026,138,138.59,137.23,137.34,2267100
PLGO,04-Sep-2026,25.27,25.5,25.07,25.32,338600
PLNT,04-Sep-2026,51.22,51.44,50.43,50.87,1129700
PLOW,04-Sep-2026,41.3,42.33,41.3,42.3,159900
PLU-,04-Sep-2026,0.2101,0.2101,0.2101,0.2101,2100
PLU.U,04-Sep-2026,10.22,10.28,10.22,10.28,600
PLUN,04-Sep-2026,10.07,10.07,10.07,10.07,1100
PM,04-Sep-2026,185.03,185.9711,182.23,182.53,3155700
PML,04-Sep-2026,7.24,7.24,7.21,7.24,248800
PMM,04-Sep-2026,6.15,6.15,6.06,6.12,85400
PMMF,04-Sep-2026,100.3,100.31,100.28,100.31,106000
PMO,04-Sep-2026,10.18,10.1828,10.1,10.12,53000
PMT,04-Sep-2026,9.57,9.715,9.57,9.64,813300
PMT-A,04-Sep-2026,22.51,22.51,22.4,22.455,1800
PMT-B,04-Sep-2026,22.32,22.35,22.25,22.285,6500
PMT-C,04-Sep-2026,17.9,17.94,17.82,17.8317,18400
PMTpA,04-Sep-2026,22.51,22.51,22.4,22.455,1327
PMTpB,04-Sep-2026,22.32,22.35,22.25,22.285,5413
PMTpC,04-Sep-2026,17.9,17.94,17.82,17.8317,16948
PMTU,04-Sep-2026,25.62,25.92,25.62,25.75,34800
PMTV,04-Sep-2026,25.4,25.44,25.4,25.41,3200
PMTW,04-Sep-2026,25.25,25.3,25.225,25.3,12500
PNA.U,04-Sep-2026,9.99,10.02,9.99,10.02,15800
PNC,04-Sep-2026,244.25,246.475,243.01,245.6,1088400
PNF-A,04-Sep-2026,25.08,25.25,25.08,25.25,2600
PNF-B,04-Sep-2026,26.22,26.44,26.11,26.21,13200
PNF-C,04-Sep-2026,24.06,24.18,24.06,24.17,4700
PNFP,04-Sep-2026,100.95,101.97,99.4091,101.01,533900
PNI,04-Sep-2026,6.7,6.71,6.665,6.7,141400
PNNT,04-Sep-2026,3.73,3.75,3.695,3.74,603000
PNR,04-Sep-2026,59.69,60.32,59.15,60.21,2365300
PNW,04-Sep-2026,97.4,98.38,97.2675,97.52,492600
POR,04-Sep-2026,49,49.445,48.675,48.76,541000
POST,04-Sep-2026,83.42,85.175,83.285,84.64,823400
PPG,04-Sep-2026,110,112.79,110,112.53,1174700
PPL,04-Sep-2026,34.86,35.205,34.84,35.11,10269200
PPLC,04-Sep-2026,46.73,46.81,46.29,46.29,87300
PPT,04-Sep-2026,3.4,3.41,3.4,3.4,34000
PR,04-Sep-2026,23.5,23.57,23.2,23.36,6393800
PRCS,04-Sep-2026,29.29,29.32,29.1704,29.1704,9600
PRG,04-Sep-2026,38.16,39.6531,37.8,39.29,601300
PRGO,04-Sep-2026,14.07,14.995,14.07,14.92,2197000
PRH,04-Sep-2026,21.37,21.65,21.1927,21.65,68800
PRI,04-Sep-2026,295.3,298.88,294.685,295.62,180700
PRI-D,04-Sep-2026,24.61,24.7,24.6,24.7,1900
PRI-K,04-Sep-2026,21.64,21.69,21.6009,21.6474,800
PRI-L,04-Sep-2026,24.41,24.41,24.31,24.4,4300
PRIFpD,04-Sep-2026,24.61,24.7,24.6,24.7,1761
PRIFpK,04-Sep-2026,21.64,21.69,21.6009,21.6474,600
PRIFpL,04-Sep-2026,24.41,24.41,24.31,24.4,3923
PRIM,04-Sep-2026,74.24,75.32,73.2,74.43,1150300
PRKS,04-Sep-2026,39.97,40.65,39.7376,40.45,588300
PRLB,04-Sep-2026,79.91,81.905,79.84,81.44,155500
PRM,04-Sep-2026,31.76,32.21,31.73,31.76,1201300
PRMB,04-Sep-2026,21.87,22.44,21.48,22,5805100
PRS,04-Sep-2026,20.62,20.62,20.4,20.54,54100
PRSU,04-Sep-2026,47.62,48.325,47.61,47.99,137900
PRT,04-Sep-2026,2.1637,2.1993,2.1637,2.18,8100
PRU,04-Sep-2026,122.07,123.57,119.99,122.02,1412200
PRVS,04-Sep-2026,33.3,33.35,33.28,33.323,2900
PS,04-Sep-2026,36.46,39.4755,36.0802,39.08,170600
PSA,04-Sep-2026,304.78,306.5,301.6,302.01,512000
PSA-F,04-Sep-2026,19.16,19.2799,19.05,19.05,14600
PSA-G,04-Sep-2026,18.57,18.67,18.57,18.62,7700
PSA-H,04-Sep-2026,20.54,20.5886,20.5,20.5001,13000
PSA-I,04-Sep-2026,17.81,17.9,17.7492,17.8501,19100
PSA-J,04-Sep-2026,17.31,17.62,17.15,17.225,7500
PSA-K,04-Sep-2026,17.5,17.699,17.4,17.5106,14700
PSA-L,04-Sep-2026,16.92,17.0329,16.81,16.9,27100
PSA-M,04-Sep-2026,15.05,15.47,15.05,15.1099,12900
PSA-N,04-Sep-2026,14.25,14.36,14.2,14.21,21500
PSA-O,04-Sep-2026,14.31,14.34,14.17,14.23,31800
PSA-P,04-Sep-2026,14.59,14.6999,14.59,14.6,56200
PSA-Q,04-Sep-2026,14.49,14.5399,14.43,14.48,15500
PSA-R,04-Sep-2026,14.65,14.77,14.56,14.6,32700
PSA-S,04-Sep-2026,15,15.07,14.95,15.0137,7500
PSA-T,04-Sep-2026,22.37,22.41,22.2049,22.3,20400
PSA-U,04-Sep-2026,23.21,23.515,23.21,23.515,300
PSApF,04-Sep-2026,19.16,19.2799,19.05,19.05,9325
PSApG,04-Sep-2026,18.57,18.67,18.57,18.62,5125
PSApH,04-Sep-2026,20.54,20.5886,20.5,20.5001,9423
PSApI,04-Sep-2026,17.81,17.9,17.7492,17.8501,17081
PSApJ,04-Sep-2026,17.31,17.62,17.15,17.225,4850
PSApK,04-Sep-2026,17.5,17.699,17.4,17.5106,12549
PSApL,04-Sep-2026,16.92,17.0329,16.81,16.9,22851
PSApM,04-Sep-2026,15.05,15.47,15.05,15.1099,10961
PSApN,04-Sep-2026,14.25,14.36,14.2,14.21,19017
PSApO,04-Sep-2026,14.31,14.34,14.17,14.23,28630
PSApP,04-Sep-2026,14.59,14.6999,14.59,14.6,49251
PSApQ,04-Sep-2026,14.49,14.5399,14.43,14.48,14074
PSApR,04-Sep-2026,14.65,14.77,14.56,14.61,27913
PSApS,04-Sep-2026,15,15.07,14.95,15.0137,6956
PSBD,04-Sep-2026,10.36,10.44,10.3,10.35,60500
PSE-A,04-Sep-2026,16.38,16.38,16.1,16.11,5100
PSECpA,04-Sep-2026,16.38,16.38,16.1,16.11,3331
PSF,04-Sep-2026,19.29,19.33,19.27,19.27,21700
PSFE,04-Sep-2026,6.68,6.74,6.545,6.71,347800
PSN,04-Sep-2026,46,47.73,45.61,47.58,1290200
PSO,04-Sep-2026,15.97,16,15.8,15.98,1028800
PSQ.W,04-Sep-2026,0.02,0.0257,0.02,0.0257,14100
PSQH,04-Sep-2026,5.22,5.7099,5.22,5.49,11500
PSQH.WS,04-Sep-2026,0.02,0.0257,0.02,0.0257,14038
PSTL,04-Sep-2026,23.82,24.1,23.65,23.69,284400
PSUS,04-Sep-2026,39.37,39.4,38.95,38.98,186300
PSX,04-Sep-2026,251.78,256.9757,248,255.09,2285000
PTA,04-Sep-2026,18.43,18.5124,18.365,18.43,134800
PTY,04-Sep-2026,11.72,11.76,11.72,11.75,874100
PUK,04-Sep-2026,27.74,27.915,27.6,27.75,1178500
PUMP,04-Sep-2026,11.19,11.56,11.06,11.47,2140900
PVH,04-Sep-2026,72.79,75.25,72.79,74.33,1301200
PVL,04-Sep-2026,1.84,1.85,1.8301,1.84,36000
PWR,04-Sep-2026,625.8,633.8,618.98,624.41,653800
PXED,04-Sep-2026,30,30.04,28.28,28.78,107400
Q,04-Sep-2026,120,122.395,119.635,120.47,1311100
QGEN,04-Sep-2026,43.19,43.66,42.79,43.47,1922400
QLEP,04-Sep-2026,9.97,9.97,9.97,9.97,100
QRED,04-Sep-2026,10.05,10.05,10.05,10.05,8100
QSR,04-Sep-2026,79.78,81.36,79.75,80.17,3340400
QTWO,04-Sep-2026,63.36,63.565,61.51,62.13,513700
QUAD,04-Sep-2026,10.3,10.87,10.1601,10.7,611500
QXO,04-Sep-2026,13.3,13.625,13.2601,13.35,12998800
QXO-B,04-Sep-2026,40.91,41.38,40.62,41.06,3900
QXOpB,04-Sep-2026,40.91,41.38,40.62,40.9,2600
R,04-Sep-2026,245.98,250.96,245.98,248.44,183100
RA,04-Sep-2026,12.55,12.5663,12.51,12.51,135100
RAC,04-Sep-2026,10.59,10.59,10.55,10.56,43100
RACE,04-Sep-2026,409.28,411.775,407.93,409.95,320700
RAL,04-Sep-2026,62.58,63.98,62.58,63.46,572000
RAMP,04-Sep-2026,37.74,37.77,37.73,37.75,618600
RBA,04-Sep-2026,82.51,84.2,81.715,83.54,921300
RBC,04-Sep-2026,491.63,497.5,484.99,488.54,157300
RBLX,04-Sep-2026,41.45,43.46,41.31,43.31,9982100
RBRK,04-Sep-2026,92.14,94.61,91.77,93.67,2115500
RC,04-Sep-2026,1.76,1.775,1.73,1.75,467700
RC-E,04-Sep-2026,13.11,13.2399,13.11,13.2399,600
RCD,04-Sep-2026,23.32,23.715,23.32,23.715,1200
RCI,04-Sep-2026,37.91,37.94,37.37,37.52,964100
RCL,04-Sep-2026,265.21,266.54,264.02,265.19,1486700
RCpE,04-Sep-2026,13.11,13.2399,13.11,13.2399,461
RCS,04-Sep-2026,5.22,5.22,5.17,5.18,200300
RCUS,04-Sep-2026,29.64,30.1,29.4,29.66,736900
RDDT,04-Sep-2026,155.74,156.49,152.35,154.46,2834600
RDN,04-Sep-2026,36.54,36.775,36.39,36.66,830600
RDW,04-Sep-2026,10.58,10.72,10.35,10.53,8951300
RDY,04-Sep-2026,12.01,12.06,11.905,11.97,2343500
REF,04-Sep-2026,13.41,14.11,13.41,13.69,190600
RELX,04-Sep-2026,35.84,35.915,35.4,35.51,2650500
RERE,04-Sep-2026,4.14,4.28,4.14,4.18,926000
RES,04-Sep-2026,6.42,6.52,6.37,6.5,1222800
REX,04-Sep-2026,41.78,42.11,41.2,41.46,159200
REX-B,04-Sep-2026,22.25,22.31,22.13,22.31,1000
REX-C,04-Sep-2026,20.97,21.155,20.88,20.91,1500
REXR,04-Sep-2026,36.74,37.07,36.72,36.79,1857200
REXRpB,04-Sep-2026,22.25,22.31,22.13,22.31,780
REXRpC,04-Sep-2026,20.97,21.155,20.88,20.91,1200
REZI,04-Sep-2026,19.53,20.04,19.43,19.88,1391500
RF,04-Sep-2026,30.27,30.625,30.2,30.42,6236300
RF-C,04-Sep-2026,24.54,24.76,24.49,24.71,54400
RF-E,04-Sep-2026,15.95,16.035,15.8901,15.95,32700
RF-F,04-Sep-2026,25.18,25.318,25.18,25.25,13900
RFI,04-Sep-2026,11.3,11.38,11.26,11.28,90000
RFL,04-Sep-2026,2.49,2.74,2.49,2.56,138500
RFM,04-Sep-2026,14.22,14.22,14.115,14.14,6000
RFMZ,04-Sep-2026,12.94,13.02,12.8501,12.95,47600
RFpC,04-Sep-2026,24.54,24.76,24.49,24.73,45432
RFpE,04-Sep-2026,15.95,16.035,15.8901,15.94,26715
RFpF,04-Sep-2026,25.18,25.318,25.18,25.25,11425
RGA,04-Sep-2026,252.96,254.67,252.25,253.27,245500
RGR,04-Sep-2026,37.95,38.83,37.13,38.49,138900
RGT,04-Sep-2026,15.26,15.26,15.1317,15.15,3100
RH,04-Sep-2026,144.92,149.7125,144.32,147.99,411500
RHI,04-Sep-2026,42.66,43.12,41.74,42.58,1296000
RHLD,04-Sep-2026,140.5,140.5,135.0775,136.59,143700
RHP,04-Sep-2026,121.64,123.71,121.355,123.49,509700
RIG,04-Sep-2026,5.96,5.96,5.77,5.85,40663700
RIO,04-Sep-2026,102.27,103.76,102.18,103.27,1261000
RIT-A,04-Sep-2026,25.46,25.49,25.37,25.48,5000
RIT-B,04-Sep-2026,25.44,25.4781,25.4,25.4234,8400
RIT-C,04-Sep-2026,24.93,25.01,24.83,24.83,30800
RIT-D,04-Sep-2026,25.1,25.12,25.07,25.11,51700
RIT-E,04-Sep-2026,24.68,24.78,24.67,24.78,16600
RIT-F,04-Sep-2026,24.82,25,24.82,24.99,15300
RITM,04-Sep-2026,10.01,10.14,9.98,10.08,3595800
RITMpA,04-Sep-2026,25.46,25.49,25.37,25.4801,4407
RITMpB,04-Sep-2026,25.44,25.4781,25.4,25.4234,7479
RITMpC,04-Sep-2026,24.93,25.01,24.83,24.83,29976
RITMpD,04-Sep-2026,25.1,25.12,25.07,25.11,48738
RITMpE,04-Sep-2026,24.68,24.78,24.67,24.77,15041
RIV,04-Sep-2026,10.88,10.9098,10.85,10.87,73300
RIV-A,04-Sep-2026,21.54,21.54,21.54,21.54,600
RIV-R,04-Sep-2026,0.007,0.007,0.0013,0.0025,1643200
RIVpA,04-Sep-2026,21.54,21.54,21.54,21.54,568
RJF,04-Sep-2026,179.59,180.41,177.27,178.29,983800
RKT,04-Sep-2026,13.86,14.14,13.65,14.06,24682800
RL,04-Sep-2026,340.87,352.49,340.87,351.2,682900
RLI,04-Sep-2026,63.15,63.84,62.38,62.4,456900
RLJ,04-Sep-2026,10.81,11.025,10.77,10.93,1166800
RLJ-A,04-Sep-2026,25.2,25.36,25.2,25.36,6300
RLJpA,04-Sep-2026,25.2,25.36,25.2,25.36,5050
RLTY,04-Sep-2026,15.43,15.5199,15.3753,15.42,29500
RLX,04-Sep-2026,1.78,1.81,1.765,1.8,4415900
RM,04-Sep-2026,33.02,33.7753,32.94,33.68,49200
RMD,04-Sep-2026,225.91,228.49,225.12,228.35,843800
RMI,04-Sep-2026,15.04,15.04,14.91,14.97,4900
RMM,04-Sep-2026,14.18,14.215,14.115,14.17,36700
RMMZ,04-Sep-2026,14.54,14.545,14.515,14.515,6700
RMT,04-Sep-2026,13.78,13.95,13.74,13.93,79800
RNG,04-Sep-2026,75.35,76.43,73.13,73.39,1150600
RNGR,04-Sep-2026,16.88,17.22,16.52,16.78,101500
RNP,04-Sep-2026,20.19,20.2999,20.12,20.12,57900
RNR,04-Sep-2026,333.79,336.14,329.89,330.38,293400
RNR-F,04-Sep-2026,19.87,19.96,19.72,19.8799,12900
RNR-G,04-Sep-2026,14.5,14.7,14.43,14.62,37000
RNRpF,04-Sep-2026,19.87,19.96,19.72,19.8799,9510
RNRpG,04-Sep-2026,14.56,14.7,14.43,14.58,32270
RNST,04-Sep-2026,41.12,41.66,41.12,41.4,389400
ROG,04-Sep-2026,127.1,128.81,126.93,127.82,103300
ROK,04-Sep-2026,428.11,435.96,428.11,433.81,532200
ROL,04-Sep-2026,35.46,36.23,35.25,35.86,5237100
RONB,04-Sep-2026,24.22,24.32,24.01,24.02,93700
RPC,04-Sep-2026,8.43,8.57,8.355,8.5,558400
RPM,04-Sep-2026,102.5,106.29,102.5,105.52,1196000
RPT,04-Sep-2026,12.69,13,12.69,12.94,15400
RPT-C,04-Sep-2026,25.15,25.15,25.15,25.15,400
RPTpC,04-Sep-2026,25.15,25.15,25.15,25.15,400
RQI,04-Sep-2026,12.15,12.235,12.11,12.11,524500
RRC,04-Sep-2026,42.36,42.415,41.6615,42,1787800
RRX,04-Sep-2026,162.59,165.405,161.5187,162.86,906200
RS,04-Sep-2026,398.13,404.36,394.3,400.51,334900
RSF,04-Sep-2026,14.48,14.54,14.48,14.53,4500
RSG,04-Sep-2026,222.9,224.55,220.47,222.71,1611000
RSI,04-Sep-2026,26.42,26.91,26.18,26.68,1121200
RSKD,04-Sep-2026,6.84,6.84,6.395,6.51,2560100
RTO,04-Sep-2026,23.29,23.925,23.26,23.83,2374000
RTX,04-Sep-2026,200.77,201.6357,199.04,200.79,2803300
RVI,04-Sep-2026,27.35,27.59,27.001,27.37,211300
RVII,04-Sep-2026,23.5,25.1,23.5,25,575900
RVLV,04-Sep-2026,21.18,21.77,21.18,21.35,650600
RVT,04-Sep-2026,18.49,18.58,18.33,18.47,165900
RVTY,04-Sep-2026,130.03,131.7,129.56,130.22,1175200
RWT,04-Sep-2026,4.46,4.55,4.45,4.51,1047000
RWT-A,04-Sep-2026,24.54,24.54,24.38,24.43,5600
RWTN,04-Sep-2026,24.49,24.86,24.49,24.8,19000
RWTO,04-Sep-2026,24.3,24.5,24.3,24.32,1900
RWTP,04-Sep-2026,23.64,23.65,23.58,23.65,1800
RWTpA,04-Sep-2026,24.54,24.54,24.38,24.43,5251
RWTQ,04-Sep-2026,22.79,22.94,22.78,22.81,35800
RWTS,04-Sep-2026,23.17,23.17,22.94,23.04,37400
RXO,04-Sep-2026,19.89,20.67,19.79,20.66,1589800
RY,04-Sep-2026,211.46,211.98,210.11,210.59,560000
RYAM,04-Sep-2026,8.46,8.645,8.46,8.5,525400
RYAN,04-Sep-2026,41.89,42.2099,41.19,41.91,1099500
RYN,04-Sep-2026,20.22,20.815,20.18,20.46,3418700
RYZ,04-Sep-2026,25.76,26.425,25.76,26.31,289900
RZC,04-Sep-2026,25.46,25.56,25.442,25.56,42000
S,04-Sep-2026,19.99,20.2081,19.735,19.88,6573300
SA,04-Sep-2026,31.99,32.2,31.4,31.83,414000
SABA,04-Sep-2026,8.22,8.25,8.2,8.21,63400
SAFE,04-Sep-2026,15.03,15.36,15.0002,15.12,254600
SAH,04-Sep-2026,79.18,81.48,79.155,81,243600
SAJ,04-Sep-2026,25.05,25.1199,25.05,25.09,2100
SAM,04-Sep-2026,169.7,171.7257,168.29,168.78,133600
SAM.U,04-Sep-2026,9.9,9.9299,9.9,9.91,3600
SAM.W,04-Sep-2026,0.27,0.27,0.23,0.23,28800
SAMO,04-Sep-2026,9.82,9.82,9.81,9.81,11300
SAN,04-Sep-2026,14.9,14.97,14.86,14.93,8277800
SAP,04-Sep-2026,219.56,220.33,214.47,215.11,2298600
SAR,04-Sep-2026,17.77,17.77,17.45,17.64,297100
SARO,04-Sep-2026,24.53,24.87,24.47,24.81,2310700
SAT,04-Sep-2026,25.01,25.04,25.01,25.04,3100
SAV,04-Sep-2026,24.69,24.69,24.3,24.43,18400
SAX,04-Sep-2026,24.88,24.95,24.88,24.915,17300
SAY,04-Sep-2026,25.05,25.0834,25.035,25.0834,7600
SAZ,04-Sep-2026,25.15,25.21,25.15,25.2,2200
SB,04-Sep-2026,9.2,9.3119,9.12,9.17,1084800
SB-D,04-Sep-2026,26.16,26.2,26.16,26.2,800
SBH,04-Sep-2026,16.22,16.75,16.14,16.7,851900
SBI,04-Sep-2026,7.56,7.6,7.56,7.58,19500
SBpD,04-Sep-2026,26.16,26.2,26.16,26.2,200
SBR,04-Sep-2026,75.21,75.25,73.5179,74.71,28300
SBS,04-Sep-2026,5.02,5.2291,5.02,5.15,6055600
SBSI,04-Sep-2026,32.44,32.845,32.375,32.83,100000
SBSW,04-Sep-2026,12.85,13.045,12.79,12.79,3575000
SBX.Y,04-Sep-2026,0.13,0.13,0.0827,0.1051,2300
SBXD.WS,04-Sep-2026,0.13,0.13,0.0827,0.1051,1905
SBXE,04-Sep-2026,10.1,10.1,10.1,10.1,22400
SCCO,04-Sep-2026,196.1,201.1,196.1,198.76,840300
SCD,04-Sep-2026,15.725,15.725,15.5,15.61,47200
SCE-G,04-Sep-2026,17.01,17.03,16.95,16.9501,18000
SCE-L,04-Sep-2026,16.7,16.8,16.66,16.73,16400
SCE-M,04-Sep-2026,24.17,24.17,23.98,24,112500
SCE-N,04-Sep-2026,22.4,22.56,22.36,22.56,15700
SCEpG,04-Sep-2026,17.01,17.03,16.95,16.9501,15387
SCEpL,04-Sep-2026,16.7,16.8,16.66,16.73,14540
SCEpM,04-Sep-2026,24.17,24.17,23.98,24,101480
SCEpN,04-Sep-2026,22.4,22.56,22.36,22.56,13832
SCH-D,04-Sep-2026,23.08,23.3559,23,23.09,46100
SCH-J,04-Sep-2026,16.49,16.57,16.43,16.51,91100
SCHW,04-Sep-2026,109.59,110.4,108.52,109.29,5883400
SCHWpD,04-Sep-2026,23.08,23.3559,23,23.085,38586
SCHWpJ,04-Sep-2026,16.49,16.57,16.43,16.52,82674
SCI,04-Sep-2026,81.78,82.8299,81.665,82.21,894000
SCL,04-Sep-2026,61.83,63.64,61.41,63.42,80600
SCM,04-Sep-2026,8.69,8.86,8.54,8.78,423800
SD,04-Sep-2026,14.21,14.36,14.12,14.33,206600
SDHC,04-Sep-2026,11.11,11.3899,10.85,11.21,59700
SDHY,04-Sep-2026,15.95,15.98,15.93,15.95,40100
SDRL,04-Sep-2026,49.5,49.96,48.69,49.08,385000
SE,04-Sep-2026,113.64,114.9,111.985,112.09,3575400
SEA-A,04-Sep-2026,25.7,25.72,25.67,25.7,1400
SEA-B,04-Sep-2026,25.8,25.8,25.7,25.7,4000
SEALpA,04-Sep-2026,25.7,25.72,25.67,25.7,800
SEALpB,04-Sep-2026,25.8,25.8,25.7,25.7,3700
SECZ,04-Sep-2026,6.9,7.57,6.9,7.42,1475400
SEG,04-Sep-2026,26.05,26.44,26.05,26.26,43200
SEI,04-Sep-2026,53.5,55.21,53.26,55,1527600
SES,04-Sep-2026,0.5015,0.5147,0.501,0.503,6001500
SF,04-Sep-2026,81.79,82.1,80.78,81.49,648900
SF-B,04-Sep-2026,21.89,22.23,21.8123,22.08,17200
SF-C,04-Sep-2026,21.22,21.5,21.22,21.31,15000
SF-D,04-Sep-2026,15.31,15.58,15.31,15.375,48300
SFB,04-Sep-2026,19.73,19.84,19.65,19.69,5800
SFBS,04-Sep-2026,42.29,43.38,42.29,43.13,380500
SFL,04-Sep-2026,12.61,12.875,12.55,12.86,1950900
SFpB,04-Sep-2026,21.89,22.23,21.8123,22.08,15724
SFpC,04-Sep-2026,21.22,21.5,21.22,21.31,12482
SFpD,04-Sep-2026,15.31,15.58,15.31,15.375,45702
SG,04-Sep-2026,6.65,7,6.47,6.84,3106500
SGHC,04-Sep-2026,14.07,14.19,13.9,13.99,2304900
SGI,04-Sep-2026,69.11,70.8699,68.88,69.87,3113100
SGOV,04-Sep-2026,100.46,100.47,100.46,100.47,20899900
SGU,04-Sep-2026,12.73,12.825,12.7,12.74,12400
SHAK,04-Sep-2026,69.28,70.87,69.02,69.4,988400
SHEL,04-Sep-2026,93.03,93.59,92.16,92.95,6849000
SHG,04-Sep-2026,80.52,82.52,80.47,82.28,191300
SHO,04-Sep-2026,10.94,11.085,10.94,11.06,2006400
SHO-H,04-Sep-2026,22.3,22.3,22.3,22.3,200
SHO-I,04-Sep-2026,21.6,21.6,21.38,21.54,3600
SHOC,04-Sep-2026,104.34,105.5365,104.34,105.5365,6800
SHOpH,04-Sep-2026,22.3,22.3,22.3,22.3,100
SHOpI,04-Sep-2026,21.6,21.6,21.38,21.54,2300
SHV,04-Sep-2026,110.12,110.13,110.11,110.13,2386600
SHW,04-Sep-2026,330.69,333.95,330.69,333.71,977700
SI,04-Sep-2026,20.28,20.84,19.872,20.32,79000
SID,04-Sep-2026,1.23,1.27,1.21,1.22,4136700
SIG,04-Sep-2026,81.44,85.78,81.44,85.3,806000
SII,04-Sep-2026,128.1,129.965,126.68,129.5,106300
SIND,04-Sep-2026,16.17,17.18,15.8565,16.57,203200
SITC,04-Sep-2026,2.86,2.9,2.82,2.87,647800
SITE,04-Sep-2026,97.57,102,97.57,100.58,678500
SJM,04-Sep-2026,127.98,128.86,126.01,126.08,1111100
SJT,04-Sep-2026,2.88,2.99,2.8502,2.96,111700
SKE,04-Sep-2026,32.26,33.16,32.025,33.09,377700
SKIL,04-Sep-2026,6.49,6.89,6.22,6.81,56200
SKM,04-Sep-2026,38.26,38.7,38.21,38.7,2701600
SKT,04-Sep-2026,37.16,37.72,37.11,37.33,457300
SKY,04-Sep-2026,85.96,88.51,85.12,87.76,406800
SKY.W,04-Sep-2026,0.28,0.28,0.27,0.27,16100
SKYH,04-Sep-2026,10.32,10.5,10.235,10.48,103600
SKYH.WS,04-Sep-2026,0.28,0.28,0.27,0.27,6200
SLB,04-Sep-2026,57,57.55,56.24,57.51,7610500
SLF,04-Sep-2026,80.32,81.375,80.02,80.97,586300
SLG,04-Sep-2026,54.59,55.95,54.345,55.56,517900
SLG-I,04-Sep-2026,21.31,21.4074,21.31,21.335,6400
SLGN,04-Sep-2026,41.16,41.46,40.84,41.18,766300
SLGpI,04-Sep-2026,21.31,21.4074,21.31,21.335,6142
SLNZ,04-Sep-2026,45.4,45.5,45.4,45.465,1000
SLQT,04-Sep-2026,0.5389,0.5484,0.5205,0.5362,559700
SLVM,04-Sep-2026,35.08,36.41,34.7544,35.97,200500
SM,04-Sep-2026,36.92,37.13,36.28,36.44,2123200
SMA,04-Sep-2026,32.8,33.27,32.37,32.58,525800
SMBK,04-Sep-2026,51.79,52.41,51.7,51.87,64800
SMC,04-Sep-2026,34.04,34.365,33.56,34.2,38800
SMFG,04-Sep-2026,27.23,27.435,27.23,27.3,1257200
SMG,04-Sep-2026,58.83,60.08,58.83,59.47,443000
SMHI,04-Sep-2026,9.885,9.885,9.595,9.76,72300
SMP,04-Sep-2026,38.66,41.72,38.66,41.53,290700
SMR,04-Sep-2026,9.69,9.78,9.43,9.7,18799100
SMRT,04-Sep-2026,1.33,1.35,1.32,1.33,425400
SMWB,04-Sep-2026,8.84,8.87,8.57,8.84,673900
SN,04-Sep-2026,174.19,176.2099,172.71,173.38,1339600
SNA,04-Sep-2026,382.37,385.84,381.96,383,237000
SNAP,04-Sep-2026,5.65,5.68,5.46,5.47,20163500
SNDA,04-Sep-2026,38.42,39.29,37.615,37.69,755400
SNDR,04-Sep-2026,33.9,35.14,33.9,35.04,495000
SNN,04-Sep-2026,28.77,29.015,28.69,28.87,851000
SNOW,04-Sep-2026,353.63,356.83,337.11,337.18,8451500
SNU-H,04-Sep-2026,20.6,20.69,20.47,20.53,95500
SNU-I,04-Sep-2026,23.6,23.75,23.5201,23.5201,5100
SNX,04-Sep-2026,261.39,266.19,260.2114,262.64,426100
SO,04-Sep-2026,88.32,88.94,87.65,88.11,7184200
SOBO,04-Sep-2026,37.16,37.16,36.645,37.05,1054300
SOC,04-Sep-2026,4.79,4.84,4.625,4.74,3876000
SOJC,04-Sep-2026,19.56,19.56,19.38,19.5,29600
SOJD,04-Sep-2026,18.2,18.3,18.13,18.27,109300
SOJE,04-Sep-2026,15.72,15.92,15.61,15.92,138500
SOJF,04-Sep-2026,25,25.11,24.89,24.96,38900
SOLV,04-Sep-2026,91.4,92.275,91.375,91.69,576300
SOMN,04-Sep-2026,48.01,48.0754,47.55,47.76,62300
SON,04-Sep-2026,52.35,52.695,51.595,51.95,1400100
SONY,04-Sep-2026,24.71,24.805,24.55,24.56,3004600
SOR,04-Sep-2026,46.44,46.47,45.7534,46.47,2000
SOS,04-Sep-2026,0.761,0.8,0.761,0.7879,44900
SOU-,04-Sep-2026,0.14,0.14,0.1228,0.1357,4000
SOULr,04-Sep-2026,0.14,0.14,0.1228,0.1357,3658
SPB,04-Sep-2026,87.92,89.19,87.92,88.5,225800
SPCE,04-Sep-2026,2.95,3.05,2.92,3.04,5549900
SPE,04-Sep-2026,13.6,13.633,13.55,13.56,15400
SPE-C,04-Sep-2026,24.84,24.85,24.79,24.8,4100
SPEpC,04-Sep-2026,24.845,24.85,24.79,24.8,4000
SPG,04-Sep-2026,210.71,212.9,209.29,209.44,828700
SPGI,04-Sep-2026,438.41,444.32,437.925,443.51,1525200
SPH,04-Sep-2026,17.44,17.52,17.3638,17.52,117200
SPHR,04-Sep-2026,141.99,145.51,141.76,142.42,268300
SPIR,04-Sep-2026,11.88,12.1,11.74,11.98,309700
SPMA,04-Sep-2026,25.07,25.1,25.07,25.1,6600
SPMC,04-Sep-2026,9.7,9.8699,9.7,9.8,31800
SPME,04-Sep-2026,24.9352,24.9352,24.885,24.9,1900
SPNT,04-Sep-2026,24.55,24.7,23.8998,24.48,868500
SPOT,04-Sep-2026,556.49,563.645,540.81,542.43,1370400
SPRU,04-Sep-2026,1.77,1.825,1.76,1.78,26200
SPXC,04-Sep-2026,194.85,198.1,194.85,196.37,309500
SPXX,04-Sep-2026,19.24,19.28,19.03,19.09,220100
SQM,04-Sep-2026,76.1,77.55,75.9,76.43,1090500
SQNS,04-Sep-2026,2.72,2.82,2.72,2.79,10500
SR,04-Sep-2026,82.96,83.845,82.4175,82.68,422700
SRE,04-Sep-2026,84,84.5578,83.5501,84.04,2705600
SREA,04-Sep-2026,19.95,20.05,19.89,19.94,30800
SRFM,04-Sep-2026,0.66,0.69,0.66,0.6701,668200
SRG,04-Sep-2026,2.15,2.18,2.05,2.08,220200
SRG-A,04-Sep-2026,20.9,21.33,20.775,21.08,5300
SRGpA,04-Sep-2026,20.9,21.33,20.775,21.08,4299
SRI,04-Sep-2026,7.14,7.49,7.14,7.48,168600
SRJN,04-Sep-2026,21.95,22.075,21.9,22.07,10300
SRL,04-Sep-2026,5.57,5.7451,5.57,5.7,4900
SRV,04-Sep-2026,45.93,46.065,45.65,45.91,21300
SSB,04-Sep-2026,106.53,108.33,106.47,107.98,411000
SSD,04-Sep-2026,177.4,181.425,176.41,180.97,145000
SSL,04-Sep-2026,12.32,12.365,12.13,12.27,1953900
SSMR,04-Sep-2026,17.43,17.81,17.255,17.45,208900
SST,04-Sep-2026,4,4.4499,3.42,3.83,2013400
SSTK,04-Sep-2026,5.72,5.805,5.59,5.74,886700
ST,04-Sep-2026,42.25,43.14,42.165,43.08,1060200
STAG,04-Sep-2026,37.54,38,37.535,37.68,1523600
STC,04-Sep-2026,68.59,69.03,66.53,67.53,229700
STDN,04-Sep-2026,14.5,15.04,14.38,14.7,381300
STE,04-Sep-2026,223.2,225.44,221.435,224.59,567900
STEM,04-Sep-2026,5.55,5.7,5.5012,5.57,71700
STEW,04-Sep-2026,18.46,18.57,18.45,18.45,59500
STG,04-Sep-2026,2.85,2.9865,2.84,2.84,6700
STK,04-Sep-2026,52.4,53.05,51.91,52.56,36400
STLA,04-Sep-2026,5.55,5.57,5.51,5.56,16247100
STM,04-Sep-2026,52.09,52.63,51.79,52.24,7359200
STN,04-Sep-2026,72.36,73.94,71.74,73.52,245100
STNG,04-Sep-2026,80.46,82.72,80.08,82.35,1045900
STT,04-Sep-2026,192.13,195.4,192.13,194.26,1127400
STT-G,04-Sep-2026,20.34,20.34,20.25,20.26,26700
STTpG,04-Sep-2026,20.34,20.34,20.25,20.26,22072
STUB,04-Sep-2026,6.6,6.85,6.42,6.6,6019100
STVN,04-Sep-2026,20.26,20.6,19.74,20.51,212800
STWD,04-Sep-2026,15.79,16.18,15.79,16.08,3829800
STXD,04-Sep-2026,40.05,40.05,39.9075,39.942,8900
STXE,04-Sep-2026,50.66,51.42,50.66,51.4097,5000
STXF,04-Sep-2026,49.93,49.96,49.72,49.79,39500
STXG,04-Sep-2026,56.285,56.43,56.285,56.3989,2600
STXK,04-Sep-2026,38.18,38.29,38.13,38.2551,27800
STXT,04-Sep-2026,19.59,19.72,19.511,19.59,14900
STXV,04-Sep-2026,39.825,39.91,39.76,39.7854,41900
STZ,04-Sep-2026,128.5,129.84,127.78,128.18,1658000
SU,04-Sep-2026,67.11,68.0676,66.51,67.33,10396100
SUI,04-Sep-2026,119.24,120.79,118.95,119.44,911100
SUN,04-Sep-2026,74.2,76.03,73.615,75.6,359200
SUNB,04-Sep-2026,65,68.75,64.99,68.59,21799900
SUNC,04-Sep-2026,77.33,79.83,77.07,79.55,429600
SUPV,04-Sep-2026,8.76,8.86,8.6565,8.79,292000
SUZ,04-Sep-2026,9.08,9.21,9.08,9.17,2111200
SVV,04-Sep-2026,10.27,10.53,10.19,10.45,651300
SW,04-Sep-2026,45.27,46.26,44.96,45.83,2736800
SWK,04-Sep-2026,96.59,98.08,96.1,97.36,1341100
SWX,04-Sep-2026,88.23,89.16,87.6,88.06,515800
SWZ,04-Sep-2026,6,6.015,5.98,5.99,60900
SXC,04-Sep-2026,10.18,10.42,10.18,10.33,466100
SXI,04-Sep-2026,277.7,280.05,272.09,275.78,167900
SXT,04-Sep-2026,135.22,136.27,134.5,134.84,192800
SYF,04-Sep-2026,79.12,80.795,78.835,79.92,2736500
SYF-A,04-Sep-2026,18.38,18.56,18.38,18.451,26000
SYF-B,04-Sep-2026,26.02,26.189,26.0001,26.12,8100
SYFpA,04-Sep-2026,18.38,18.56,18.38,18.451,24583
SYFpB,04-Sep-2026,26.02,26.189,26.0001,26.17,6661
SYK,04-Sep-2026,304.49,307.545,302.51,303.13,2401400
SYY,04-Sep-2026,80.65,81.3,80.005,80.05,2161900
T,04-Sep-2026,26.1,26.22,25.655,25.68,26152500
T-A,04-Sep-2026,17.76,17.76,17.62,17.63,116800
T-C,04-Sep-2026,16.7,16.78,16.69,16.74,94800
TAC,04-Sep-2026,11.79,12.075,11.75,11.96,2751800
TAK,04-Sep-2026,18.48,18.54,18.385,18.45,1499500
TAL,04-Sep-2026,12.1,12.49,12.02,12.4,6888600
TALO,04-Sep-2026,17.1,17.2,16.675,16.84,1307200
TAP,04-Sep-2026,40.34,41.04,40.32,40.5,1989600
TBB,04-Sep-2026,19.61,19.61,19.36,19.47,150400
TBBB,04-Sep-2026,49.7,50.21,49.33,49.77,192100
TBI,04-Sep-2026,9.84,9.98,9.6301,9.85,193800
TBLU,04-Sep-2026,50.38,50.8,50.38,50.71,900
TBN,04-Sep-2026,38.91,39.5,38.5601,39.43,106800
TCAI,04-Sep-2026,45.85,47.24,45.85,47.24,42000
TCBX,04-Sep-2026,44.82,46.14,44.8,46.05,228600
TCI,04-Sep-2026,38.6,39.2,37.66,37.69,9900
TCPA,04-Sep-2026,22.29,22.4899,22.15,22.24,12900
TD,04-Sep-2026,122.86,122.87,121.44,121.63,1149700
TDAY,04-Sep-2026,6.4,6.53,6.32,6.33,2736500
TDC,04-Sep-2026,28.4,28.4461,27.85,28.05,1577800
TDF,04-Sep-2026,10.65,10.76,10.645,10.68,38800
TDG,04-Sep-2026,1151.44,1163.43,1146.5,1162.05,210400
TDOC,04-Sep-2026,6.34,6.42,6.25,6.28,2957300
TDS,04-Sep-2026,37.44,38.22,37.43,37.83,1310400
TDS-U,04-Sep-2026,21.13,21.13,20.8705,20.985,7900
TDS-V,04-Sep-2026,19.25,19.3495,19.156,19.156,12000
TDSpU,04-Sep-2026,21.13,21.13,20.8705,20.985,6284
TDSpV,04-Sep-2026,19.25,19.3495,19.156,19.156,9976
TDW,04-Sep-2026,93.91,94.69,92.335,94.26,477200
TDY,04-Sep-2026,607.57,611.42,606.04,610.65,151800
TE,04-Sep-2026,4.49,4.655,4.44,4.6,14916700
TECK,04-Sep-2026,67.58,69.38,67.57,69.1,2120000
TEI,04-Sep-2026,6.7,6.78,6.67,6.74,172600
TEL,04-Sep-2026,208.2,212.32,207.96,208.65,2045600
TEN,04-Sep-2026,43.41,43.99,43.13,43.74,326300
TEN-E,04-Sep-2026,25.9,25.94,25.855,25.89,4600
TEN-F,04-Sep-2026,26.91,26.925,26.85,26.85,6200
TENpE,04-Sep-2026,25.9,25.94,25.855,25.89,4000
TENpF,04-Sep-2026,26.91,26.925,26.85,26.85,5613
TEO,04-Sep-2026,13.43,13.66,12.96,13.03,800100
TEVA,04-Sep-2026,36.4,36.93,36.13,36.36,7402500
TEX,04-Sep-2026,62.2,64.15,61.51,63.23,642500
TFC,04-Sep-2026,51.35,51.89,51.35,51.65,4614700
TFC-I,04-Sep-2026,17.81,17.88,17.805,17.82,10300
TFC-O,04-Sep-2026,19.2,19.3113,19.11,19.18,128700
TFC-R,04-Sep-2026,17.36,17.53,17.3,17.35,85900
TFCpI,04-Sep-2026,17.81,17.88,17.805,17.82,9839
TFCpO,04-Sep-2026,19.2,19.3113,19.11,19.22,116272
TFCpR,04-Sep-2026,17.36,17.53,17.3,17.35,74768
TFI-,04-Sep-2026,22.48,22.48,22.4167,22.43,2900
TFII,04-Sep-2026,132.38,137.68,132.05,137.11,224300
TFIN,04-Sep-2026,68.23,69.61,68.23,69.6,219200
TFINP,04-Sep-2026,22.48,22.48,22.4167,22.43,2170
TFPM,04-Sep-2026,33.9,34.3,33.6205,33.92,389300
TFX,04-Sep-2026,138.7,140.59,137.35,138.36,464400
TG,04-Sep-2026,7.63,7.81,7.63,7.76,71600
TGE,04-Sep-2026,0.8996,0.9148,0.8996,0.9002,2400
TGLS,04-Sep-2026,39.14,41.22,38.86,40.84,239400
TGS,04-Sep-2026,28.86,29.35,28.45,29.05,130300
TGT,04-Sep-2026,163.62,164.82,162.75,164.44,2866300
THC,04-Sep-2026,261.04,265.995,261.01,265.05,557600
THG,04-Sep-2026,233.28,233.28,228.295,228.38,209300
THIR,04-Sep-2026,34.32,34.39,34.32,34.3523,20600
THLV,04-Sep-2026,32.58,32.58,32.5375,32.5375,1600
THMR,04-Sep-2026,25.72,25.7234,25.67,25.7234,6300
THO,04-Sep-2026,75.18,77.28,74.81,76.94,495500
THQ,04-Sep-2026,19.93,19.93,19.75,19.77,104700
THW,04-Sep-2026,14.12,14.22,14.1,14.18,76100
TIC,04-Sep-2026,9.15,9.42,9.1,9.36,748700
TIMB,04-Sep-2026,18.42,18.545,18.36,18.43,303700
TISI,04-Sep-2026,26.85,28.01,26.64,27.91,59100
TJX,04-Sep-2026,131.78,133.11,131.78,132.08,7267700
TK,04-Sep-2026,13.39,13.86,13.39,13.63,463900
TKC,04-Sep-2026,5.09,5.12,5.07,5.1,2468200
TKO,04-Sep-2026,188.11,189.97,185.93,186.01,993300
TKR,04-Sep-2026,121.06,123.93,120.5,123.16,669000
TLK,04-Sep-2026,14.85,14.95,14.77,14.85,824200
TLYS,04-Sep-2026,4.38,4.76,4.26,4.4,3063200
TM,04-Sep-2026,197,197.9994,196.1,197.11,341200
TME,04-Sep-2026,8.26,8.325,8.18,8.26,4690400
TMO,04-Sep-2026,608.58,615.74,605.525,613.78,1229100
TNC,04-Sep-2026,70.23,72.03,70.212,71.97,202600
TNET,04-Sep-2026,68.69,69.16,67.67,69.06,325000
TNGY,04-Sep-2026,11.35,11.39,11.2,11.36,40300
TNK,04-Sep-2026,91.99,93.99,91.99,93.37,453300
TNL,04-Sep-2026,65.7,66.95,65.7,66.33,491600
TOL,04-Sep-2026,141.29,142.31,140.55,141.73,561000
TOST,04-Sep-2026,33.39,33.995,33.03,33.95,5808900
TpA,04-Sep-2026,17.65,17.76,17.62,17.64,107464
TPB,04-Sep-2026,76.25,76.59,74.705,75.22,269300
TPC,04-Sep-2026,87.9,90.025,87.11,88.21,308800
TPL,04-Sep-2026,360.31,367.065,358.005,362.42,272000
TPR,04-Sep-2026,122,124.51,121.93,122.14,2895900
TPTS,04-Sep-2026,15.99,15.99,15.945,15.945,2000
TPVG,04-Sep-2026,5.39,5.4,5.21,5.23,222800
TPYP,04-Sep-2026,43.44,43.44,43.06,43.3171,19300
TPZ,04-Sep-2026,21.44,21.68,21.44,21.59,6100
TR,04-Sep-2026,38.54,38.99,38.3915,38.78,135600
TRAD,04-Sep-2026,10.04,10.04,10.04,10.04,500
TRAK,04-Sep-2026,7.84,7.97,7.8,7.92,46800
TRC,04-Sep-2026,16.21,16.44,16.15,16.43,116400
TREX,04-Sep-2026,43.52,45.71,43.435,45.63,957100
TRGP,04-Sep-2026,291.68,293.17,287.7475,290.05,582400
TRIN,04-Sep-2026,18.25,18.3691,18.18,18.22,923700
TRLV,04-Sep-2026,11.9,12.19,11.7604,12.11,1371900
TRN,04-Sep-2026,28,28.34,27.93,28.32,413900
TRNI,04-Sep-2026,25.36,25.3999,25.36,25.3999,7900
TRNO,04-Sep-2026,65.7,66.345,65.46,65.65,669600
TRNZ,04-Sep-2026,25.34,25.4,25.34,25.4,13700
TROX,04-Sep-2026,4.81,4.955,4.76,4.81,1622000
TRP,04-Sep-2026,62.52,62.75,62.12,62.61,2860200
TRT-A,04-Sep-2026,26.43,26.43,26.36,26.42,2900
TRT-B,04-Sep-2026,25.72,25.7408,25.62,25.645,8300
TRT-C,04-Sep-2026,24.91,25.1,24.91,24.9999,2300
TRT-D,04-Sep-2026,23,23.1,22.9851,23.1,3100
TRT-E,04-Sep-2026,18.8,18.878,18.8,18.8,800
TRT-F,04-Sep-2026,24.69,24.69,24.41,24.51,4500
TRT-G,04-Sep-2026,23.9,23.9,23.705,23.705,23100
TRT-P,04-Sep-2026,18.65,18.65,18.525,18.525,1100
TRTNpA,04-Sep-2026,26.43,26.43,26.36,26.42,2064
TRTNpB,04-Sep-2026,25.72,25.7408,25.62,25.645,3810
TRTNpC,04-Sep-2026,24.91,25.1,24.91,24.9999,1260
TRTNpD,04-Sep-2026,23,23.1,22.9851,23.1,2068
TRTNpE,04-Sep-2026,18.8,18.878,18.8,18.8,730
TRTNpF,04-Sep-2026,24.69,24.69,24.41,24.51,2516
TRTX,04-Sep-2026,7.8,7.925,7.8,7.89,488600
TRTXpC,04-Sep-2026,18.65,18.65,18.525,18.525,725
TRU,04-Sep-2026,76.46,80.18,75.18,79.88,4227100
TRV,04-Sep-2026,372.12,374.89,368.35,369.35,1166700
TS,04-Sep-2026,56.22,56.5,55.64,56.45,708600
TSI,04-Sep-2026,4.37,4.39,4.36,4.37,90500
TSLX,04-Sep-2026,18.12,18.54,18.0793,18.38,202300
TSM,04-Sep-2026,421.88,429.82,419.42,428.91,12283800
TSN,04-Sep-2026,51.1,51.71,50.71,51.42,5834200
TSQ,04-Sep-2026,5.67,5.76,5.6,5.62,45100
TT,04-Sep-2026,443.15,449.2998,442,447.9,1041800
TTAM,04-Sep-2026,15.13,15.505,15.13,15.47,217800
TTC,04-Sep-2026,92.14,93.61,91.025,93.33,1370100
TTE,04-Sep-2026,88.59,88.99,87.51,88.59,2316300
TTI,04-Sep-2026,6.89,7.08,6.77,6.91,1902500
TU,04-Sep-2026,9.72,9.73,9.62,9.67,5456800
TUYA,04-Sep-2026,1.89,1.91,1.87,1.89,279100
TV,04-Sep-2026,2.64,2.69,2.625,2.63,455100
TVC,04-Sep-2026,23.88,24.0174,23.87,23.87,4200
TVE,04-Sep-2026,23.44,23.56,23.39,23.39,8700
TWI,04-Sep-2026,7.61,8.33,7.61,8.33,872800
TWLO,04-Sep-2026,239.52,239.52,231.21,232.98,1475600
TWN,04-Sep-2026,102.01,103.58,100.985,103.47,18500
TWO-A,04-Sep-2026,25.25,25.255,25.25,25.25,8800
TWO-B,04-Sep-2026,25.25,25.25,25.23,25.23,15900
TWO-C,04-Sep-2026,25.29,25.31,25.29,25.3001,40100
TWOD,04-Sep-2026,26.1,26.155,26.1,26.1302,31300
TWOpA,04-Sep-2026,25.25,25.255,25.25,25.25,8052
TWOpB,04-Sep-2026,25.25,25.25,25.23,25.23,15451
TWOpC,04-Sep-2026,25.29,25.31,25.29,25.3001,39129
TX,04-Sep-2026,58.33,58.5,57.33,58,496200
TXNM,04-Sep-2026,58.21,58.25,57.995,58,1237200
TXO,04-Sep-2026,15.1,15.27,14.995,15.06,259500
TXT,04-Sep-2026,78.9,79.4,78.685,79.07,2061400
TY,04-Sep-2026,35.73,35.98,35.5,35.59,8900
TY-,04-Sep-2026,41.8,41.8,41.8,41.8,100
TYG,04-Sep-2026,43.07,43.07,42.36,42.46,126100
TYL,04-Sep-2026,372.03,380.87,360.54,364.03,631300
TYp,04-Sep-2026,41.8,41.8,41.8,41.8,100
U,04-Sep-2026,41.46,41.84,40.88,41.66,5201100
UA,04-Sep-2026,5.04,5.14,5.0392,5.12,1696600
UAA,04-Sep-2026,5.14,5.265,5.12,5.25,5439500
UAMY,04-Sep-2026,5.25,5.43,5.14,5.2,4544800
UAN,04-Sep-2026,130.17,131.9847,130.17,130.8,10200
UBER,04-Sep-2026,76.15,76.86,75.21,75.76,14418000
UBS,04-Sep-2026,55.27,55.545,55.07,55.38,1146000
UCB,04-Sep-2026,35.18,35.73,35.18,35.64,476300
UDR,04-Sep-2026,36.13,36.67,36.13,36.38,2311300
UE,04-Sep-2026,21.04,21.355,20.98,20.98,791300
UFI,04-Sep-2026,7.03,7.27,6.98,7.12,39900
UGI,04-Sep-2026,37.61,37.99,37.61,37.94,1406100
UGP,04-Sep-2026,7.18,7.3591,7.16,7.28,3624300
UHA.B,04-Sep-2026,59.43,59.8,58.86,58.97,318300
UHAL,04-Sep-2026,67.26,68.01,67.0575,67.19,134000
UHAL.B,04-Sep-2026,59.43,59.8,58.86,58.94,122779
UHS,04-Sep-2026,167.2,170.4951,167.2,169.65,428900
UHT,04-Sep-2026,40.84,41.77,40.63,40.83,164400
UI,04-Sep-2026,596.43,605.89,576.61,579.66,158900
UIS,04-Sep-2026,2.55,2.66,2.51,2.62,1015900
UL,04-Sep-2026,64.2,64.65,64.13,64.2,3128200
ULS,04-Sep-2026,73.89,74.81,73.2815,73.83,395300
UMC,04-Sep-2026,20.48,21.03,20.33,20.77,10014200
UMH,04-Sep-2026,15.89,16.155,15.89,15.95,434100
UMH-D,04-Sep-2026,21.47,21.4999,21.38,21.38,4000
UMHpD,04-Sep-2026,21.47,21.4999,21.38,21.38,2951
UNF,04-Sep-2026,273.43,275.5,269.615,275.17,317600
UNFI,04-Sep-2026,43.8,44.5419,43.26,43.93,1098000
UNH,04-Sep-2026,397.05,402.225,395.2,397.14,5566500
UNM,04-Sep-2026,95.66,96.77,95.31,95.85,1297000
UNMA,04-Sep-2026,21.38,21.76,21.2601,21.375,5600
UNP,04-Sep-2026,287.12,292.58,287.12,289.62,1279300
UP,04-Sep-2026,4.41,4.49,4.28,4.36,83700
UPS,04-Sep-2026,103.07,103.46,102.22,102.29,3108900
URI,04-Sep-2026,988.54,1012.31,988.54,1009.86,316100
USA,04-Sep-2026,6.01,6.02,5.97,5.97,752200
USAC,04-Sep-2026,27.24,27.4579,27.1,27.27,173700
USB,04-Sep-2026,63.25,63.665,62.739,63.37,5042500
USB-A,04-Sep-2026,767.44,767.85,766,767.85,400
USB-H,04-Sep-2026,18.2,18.3199,18.12,18.18,51700
USB-P,04-Sep-2026,20.27,20.36,20.26,20.27,34300
USB-Q,04-Sep-2026,13.98,14.1099,13.9263,13.96,24700
USB-R,04-Sep-2026,14.96,15.0998,14.91,14.98,84400
USB-S,04-Sep-2026,16.58,16.795,16.5101,16.66,45100
USBpA,04-Sep-2026,767.44,767.85,766,767.85,141
USBpH,04-Sep-2026,18.2,18.3199,18.12,18.205,43546
USBpP,04-Sep-2026,20.27,20.36,20.26,20.27,28512
USBpQ,04-Sep-2026,13.98,14.1099,13.9263,13.95,22050
USBpR,04-Sep-2026,14.96,15.0998,14.91,14.98,77543
USBpS,04-Sep-2026,16.58,16.795,16.5101,16.66,38450
USFD,04-Sep-2026,103.85,104.8,102.5,104.04,1225500
USNA,04-Sep-2026,14.39,14.97,14.3,14.96,224800
USPH,04-Sep-2026,78.41,79.74,77.77,79.35,91800
UTF,04-Sep-2026,26.82,26.9,26.7301,26.78,195800
UTI,04-Sep-2026,21.23,22.38,21.23,22.2,1461400
UTL,04-Sep-2026,53.61,54.04,53.545,53.71,78200
UTZ,04-Sep-2026,14.2,14.22,14.2,14.21,1106500
UVE,04-Sep-2026,44.38,44.9299,43.805,44.14,173000
UVV,04-Sep-2026,45.75,46.05,45.48,45.61,259500
UWMC,04-Sep-2026,1.44,1.49,1.44,1.47,7000600
UZD,04-Sep-2026,18.87,18.875,18.785,18.8,9800
UZE,04-Sep-2026,16.76,16.76,16.61,16.74,7700
UZF,04-Sep-2026,16.61,16.76,16.61,16.75,6200
V,04-Sep-2026,374.89,377.5,373.64,375.07,4646700
VAC,04-Sep-2026,99.62,107.61,99.6,106.62,735800
VAC.W,04-Sep-2026,0.4252,0.4252,0.4252,0.4252,500
VACI,04-Sep-2026,8.6,8.63,6.1001,7.06,95600
VAL,04-Sep-2026,87.99,88.6,85.07,86.74,1353200
VAL.W,04-Sep-2026,12.88,12.88,11.54,11.54,7900
VAL.WS,04-Sep-2026,12.88,12.88,11.54,11.54,6396
VALE,04-Sep-2026,15.16,15.55,15.11,15.27,25763000
VATE,04-Sep-2026,7.3,7.47,7.3,7.44,51400
VBF,04-Sep-2026,14.6,14.68,14.55,14.6,137300
VCV,04-Sep-2026,10.28,10.32,10.2,10.23,123000
VCX,04-Sep-2026,36.58,38.48,36.24,36.88,415000
VEC-,04-Sep-2026,0.216,0.2358,0.2001,0.2358,101800
VEEV,04-Sep-2026,279.56,279.86,273.61,275.09,1152400
VEL,04-Sep-2026,18.38,18.51,18.12,18.43,69400
VET,04-Sep-2026,12.87,12.985,12.71,12.84,853300
VFC,04-Sep-2026,12.99,13.535,12.99,13.45,7879000
VG,04-Sep-2026,14.34,14.67,14.26,14.42,7470600
VGI,04-Sep-2026,7.33,7.36,7.31,7.32,29500
VGM,04-Sep-2026,10.05,10.11,10.0101,10.1,131700
VGNT,04-Sep-2026,48.44,50.25,48.025,50.22,524100
VHI,04-Sep-2026,17.82,18.3,17.43,17.83,7600
VIA,04-Sep-2026,27.4,28.19,26.57,28.13,442900
VICI,04-Sep-2026,25.58,25.825,25.35,25.42,16786100
VII,04-Sep-2026,9.88,9.88,9.83,9.84,54300
VIK,04-Sep-2026,85.56,86.68,85.39,85.81,2133800
VIPS,04-Sep-2026,13.1,13.35,13.06,13.2,3522900
VIRT,04-Sep-2026,64,64.87,63.5,64.43,947300
VIST,04-Sep-2026,73.97,74.55,73.03,73.73,713100
VIV,04-Sep-2026,11.7,11.835,11.64,11.66,1194800
VKQ,04-Sep-2026,9.56,9.59,9.55,9.58,121600
VLN,04-Sep-2026,1.67,1.735,1.66,1.71,622900
VLO,04-Sep-2026,368.5,372.3368,360.3101,370.72,2850100
VLRS,04-Sep-2026,6.67,6.995,6.67,6.85,348400
VLT,04-Sep-2026,9.85,9.8735,9.83,9.83,11000
VLTO,04-Sep-2026,97.23,97.23,95.63,96.31,1341300
VMC,04-Sep-2026,258.6,264.27,258.59,262.63,1113000
VMI,04-Sep-2026,475.98,485.25,475.22,481.46,77200
VMO,04-Sep-2026,9.47,9.53,9.46,9.53,188500
VMRK,04-Sep-2026,64.82,65.9,64.685,65.35,6495700
VNO,04-Sep-2026,36.86,37.04,36.21,36.59,893100
VNO-L,04-Sep-2026,17.47,17.51,17.39,17.49,5500
VNO-M,04-Sep-2026,17.53,17.5994,17.46,17.46,1200
VNO-N,04-Sep-2026,17.06,17.25,17.01,17.25,2300
VNO-O,04-Sep-2026,14.34,14.5094,14.34,14.4,5700
VNOpL,04-Sep-2026,17.47,17.51,17.39,17.49,5236
VNOpM,04-Sep-2026,17.535,17.5994,17.46,17.46,850
VNOpN,04-Sep-2026,17.06,17.25,17.01,17.25,1550
VNOpO,04-Sep-2026,14.34,14.5094,14.34,14.4,4332
VNT,04-Sep-2026,32.82,33.39,32.8,33.3,1343100
VOC,04-Sep-2026,3.27,3.35,3.2694,3.29,48800
VOY-B,04-Sep-2026,23.08,23.84,23.0201,23.44,13400
VOYA,04-Sep-2026,103.8,105.01,103.15,104.09,594200
VOYApB,04-Sep-2026,23.08,23.84,23.0201,23.44,9827
VOYG,04-Sep-2026,33.02,34.4895,33.02,33.94,990800
VPG,04-Sep-2026,63,64.56,62.16,63.01,271100
VPV,04-Sep-2026,11.15,11.2238,11.13,11.15,19500
VRT,04-Sep-2026,273.95,280.99,271.2,280.53,3322700
VRTS,04-Sep-2026,157.32,159.985,156.56,159.43,107300
VSH,04-Sep-2026,31,32.06,30.74,31.8,3987100
VST,04-Sep-2026,143.87,149.45,143.16,149.3,4616700
VSTS,04-Sep-2026,13.12,13.32,13,13.26,1270100
VSXY,04-Sep-2026,73.63,75.58,73.0401,75.56,3760700
VTEX,04-Sep-2026,3.59,3.65,3.55,3.61,525400
VTMX,04-Sep-2026,34.49,35.11,34.49,34.7,87000
VTN,04-Sep-2026,10.51,10.51,10.38,10.44,60000
VTOL,04-Sep-2026,43.31,43.69,42.56,43.32,188200
VTR,04-Sep-2026,91.32,92.22,90.15,90.27,3502800
VTS,04-Sep-2026,17.35,17.84,17.19,17.78,585700
VVR,04-Sep-2026,2.93,2.93,2.91,2.92,804600
VVV,04-Sep-2026,31.88,32.07,31.5,32.03,1473400
VVX,04-Sep-2026,75.32,76.31,74.03,74.18,514600
VYX,04-Sep-2026,8.97,9.26,8.84,9.14,2113700
VZ,04-Sep-2026,50.55,50.705,50.08,50.14,13423100
W,04-Sep-2026,97,99.63,96,99.43,1720100
WAB,04-Sep-2026,280.83,283.69,280.71,282.86,462700
WAL,04-Sep-2026,80.58,81.39,80.235,80.95,766500
WAL-A,04-Sep-2026,24.91,24.98,24.86,24.98,17000
WALpA,04-Sep-2026,24.91,24.98,24.86,24.98,13441
WAT,04-Sep-2026,408.66,412.1,402.83,409.38,352000
WBI,04-Sep-2026,32.05,32.335,31.5,32.21,227500
WBIY,04-Sep-2026,38.5,38.69,38.43,38.5588,5900
WBX,04-Sep-2026,3.15,3.3989,3.15,3.32,32200
WCC,04-Sep-2026,338.66,351.78,338.66,351.46,467900
WCN,04-Sep-2026,164.54,165.46,163.59,164.87,678100
WD,04-Sep-2026,41.55,43.1299,41.04,42.61,444500
WDH,04-Sep-2026,1,1.105,1,1.02,1679200
WDI,04-Sep-2026,12.68,12.7,12.6,12.64,248100
WDS,04-Sep-2026,22.76,22.87,22.61,22.77,396400
WEA,04-Sep-2026,10.36,10.42,10.3,10.38,32200
WEAV,04-Sep-2026,7.31,7.36,7.31,7.33,2193900
WEC,04-Sep-2026,106.1,106.96,105.66,105.94,1586900
WELL,04-Sep-2026,239.34,241.41,235.452,236.17,2254400
WES,04-Sep-2026,49.18,49.57,48.62,49.54,740700
WEX,04-Sep-2026,192.09,196.0897,190.92,193.91,369000
WF,04-Sep-2026,73.84,74.91,73.11,74.86,92400
WFC,04-Sep-2026,88.75,90.13,88.73,89.97,8004800
WFC-A,04-Sep-2026,17.4,17.4664,17.25,17.3,205700
WFC-C,04-Sep-2026,16.24,16.3172,16.13,16.14,87200
WFC-D,04-Sep-2026,15.99,16.08,15.85,15.86,67600
WFC-L,04-Sep-2026,1137,1142,1135,1138,4300
WFC-Y,04-Sep-2026,21.6,21.795,21.42,21.45,41500
WFC-Z,04-Sep-2026,17.75,17.82,17.58,17.63,167500
WFCpA,04-Sep-2026,17.4,17.4664,17.25,17.31,191825
WFCpC,04-Sep-2026,16.24,16.3172,16.13,16.145,82392
WFCpD,04-Sep-2026,15.99,16.08,15.85,15.86,61427
WFCpL,04-Sep-2026,1137,1142,1135,1138,3632
WFCpY,04-Sep-2026,21.6,21.795,21.42,21.47,29889
WFCpZ,04-Sep-2026,17.75,17.82,17.58,17.61,146162
WFG,04-Sep-2026,67,69.37,66.66,68.72,142500
WGO,04-Sep-2026,29.85,31.25,29.68,31.03,425800
WH,04-Sep-2026,70.92,72.16,70.79,71.8,660800
WHD,04-Sep-2026,71.28,71.72,69.62,70.16,547600
WHG,04-Sep-2026,19,19.035,18.1,18.85,36000
WHK,04-Sep-2026,28.05,28.07,27.63,27.84,126500
WHR,04-Sep-2026,38.56,40.23,38.365,39.3,1875800
WHR-A,04-Sep-2026,33.245,34.22,33.245,33.51,27600
WIA,04-Sep-2026,7.87,7.95,7.87,7.91,53800
WINN,04-Sep-2026,33.87,33.9,33.565,33.63,78500
WIT,04-Sep-2026,1.8,1.82,1.77,1.81,7807000
WIW,04-Sep-2026,8.3,8.3,8.26,8.28,222200
WK,04-Sep-2026,77.8,78.08,75.58,76.55,543000
WKC,04-Sep-2026,35.11,35.47,34.78,35.4,496800
WLK,04-Sep-2026,74.05,75.56,73.73,74.79,570400
WLKP,04-Sep-2026,21.83,22.08,21.7001,21.88,12300
WLTG,04-Sep-2026,38.74,38.8394,38.74,38.8394,1400
WLY,04-Sep-2026,49.5,51.15,46.51,48.19,1052900
WLYB,04-Sep-2026,54.5,54.5,48.68,48.68,900
WM,04-Sep-2026,219.51,220.75,217.665,218.99,2448200
WMB,04-Sep-2026,73.87,74.43,73.365,74.15,7513900
WMK,04-Sep-2026,71.39,72.38,70.74,71.98,126400
WMS,04-Sep-2026,133.96,136.185,133,135.76,504000
WNC,04-Sep-2026,14.17,14.47,14.05,14.31,400600
WOLF,04-Sep-2026,27.1,28.6957,26.96,28.35,2304200
WOR,04-Sep-2026,60.81,63,60.78,62.49,425300
WPA-,04-Sep-2026,0.4066,0.41,0.4066,0.4095,1100
WPC,04-Sep-2026,70.26,71.14,70.22,70.38,1704200
WPM,04-Sep-2026,154.98,156.38,152.385,154.98,2128000
WPP,04-Sep-2026,25.45,25.5,25.25,25.32,220900
WRB,04-Sep-2026,68.85,69.785,68.73,69.14,1712100
WRB-E,04-Sep-2026,20.41,20.64,20.41,20.475,16100
WRB-F,04-Sep-2026,18.07,18.07,17.82,17.86,23100
WRB-G,04-Sep-2026,15.66,15.825,15.275,15.75,27000
WRB-H,04-Sep-2026,15.26,15.48,15.14,15.22,29600
WRBpE,04-Sep-2026,20.41,20.64,20.41,20.475,10920
WRBpF,04-Sep-2026,18.07,18.07,17.82,17.86,18346
WRBpG,04-Sep-2026,15.66,15.825,15.275,15.75,25062
WRBpH,04-Sep-2026,15.26,15.48,15.14,15.27,25064
WRBY,04-Sep-2026,23,24.43,22.84,24.35,3054400
WS,04-Sep-2026,35.8,36.29,35.1,36.17,211300
WSM,04-Sep-2026,221.96,228.3,220.985,227.42,1033100
WSO,04-Sep-2026,315.1,318.32,312.91,315.13,281400
WST,04-Sep-2026,339.76,342.67,339.76,339.97,364000
WT,04-Sep-2026,24.86,24.96,24.47,24.89,2124600
WTI,04-Sep-2026,3.83,3.86,3.691,3.82,2353400
WTM,04-Sep-2026,2100,2117.8,2073.35,2103.49,24900
WTRG,04-Sep-2026,41.69,42.04,41.58,41.7,3190100
WTS,04-Sep-2026,352.66,364.015,352.66,363.13,265900
WTTR,04-Sep-2026,20.12,20.22,19.8538,20.06,1098400
WU,04-Sep-2026,7.2,7.24,7.135,7.18,6151700
WWW,04-Sep-2026,19.5,20.89,19.425,20.76,1721200
WY,04-Sep-2026,22.74,23.225,22.74,23.02,5101900
XFLT,04-Sep-2026,19.01,19.52,18.97,19.45,49300
XHR,04-Sep-2026,18.1,18.275,17.93,17.97,515300
XIFR,04-Sep-2026,11.93,12.175,11.8701,12.14,426100
XOM,04-Sep-2026,161.02,161.48,159.16,159.47,16206300
XPER,04-Sep-2026,5.78,5.835,5.72,5.79,312100
XPEV,04-Sep-2026,11.04,11.135,10.9,10.95,5068600
XPO,04-Sep-2026,183.68,193.57,183.68,193.1,1380300
XPOF,04-Sep-2026,4.91,4.95,4.8,4.91,317100
XPRO,04-Sep-2026,17.69,17.99,17.37,17.96,556100
XRN,04-Sep-2026,36.36,37.41,36.36,36.96,98300
XRN-A,04-Sep-2026,24.74,24.8546,24.74,24.85,3700
XRN-B,04-Sep-2026,25.42,25.42,25.33,25.37,1800
XTND,04-Sep-2026,7.15,7.15,4.98,6.19,3700200
XXI,04-Sep-2026,6.15,6.24,6.07,6.1,1172800
XYF,04-Sep-2026,5.52,5.61,5.48,5.53,88400
XYL,04-Sep-2026,107.53,109.1375,105.475,105.69,2425500
XYZ,04-Sep-2026,82.51,83.56,81.88,82.76,2457300
XZO,04-Sep-2026,16.64,16.64,15.85,16.55,197900
YALA,04-Sep-2026,5.48,5.51,5.42,5.48,222100
YCY,04-Sep-2026,10.26,10.26,10.26,10.26,200
YELP,04-Sep-2026,21.82,21.955,21.04,21.66,1638500
YETI,04-Sep-2026,41.85,41.85,40.75,40.82,1290400
YEXT,04-Sep-2026,6.31,6.64,6.16,6.51,1382700
YMM,04-Sep-2026,8.63,8.775,8.605,8.65,2992500
YOU,04-Sep-2026,44.35,44.545,43.7,44.33,1256300
YPF,04-Sep-2026,51.97,53.04,51.345,52.62,714600
YRD,04-Sep-2026,1,1.045,0.99,1.02,43600
YSG,04-Sep-2026,2.4,2.7,2.4,2.66,136800
YSS,04-Sep-2026,8.46,8.97,8.46,8.96,2657000
YUM,04-Sep-2026,151.78,153.2225,150.22,150.71,1623200
YUMC,04-Sep-2026,43.74,43.94,43.56,43.6,799600
ZBH,04-Sep-2026,97.77,98.765,96.8444,98.07,1325000
ZEPP,04-Sep-2026,4.61,4.89,4.61,4.8,31400
ZETA,04-Sep-2026,32.65,32.81,31.26,31.35,4785800
ZGN,04-Sep-2026,12.6,12.72,12.32,12.56,1782700
ZH,04-Sep-2026,2.6,2.63,2.565,2.58,163000
ZIM,04-Sep-2026,27.81,28.72,27.63,28.58,1506700
ZIP,04-Sep-2026,4.17,4.255,3.9,4.22,1536100
ZKH,04-Sep-2026,2.97,3,2.94,2.95,159100
ZTO,04-Sep-2026,21.07,21.3,20.95,20.95,1750900
ZTR,04-Sep-2026,6.76,6.78,6.74,6.77,25500
ZTS,04-Sep-2026,75.08,75.84,74.83,75.81,4170400
ZVIA,04-Sep-2026,1.36,1.39,1.36,1.37,206300
ZWS,04-Sep-2026,47.45,47.96,47.37,47.61,570500
