Symbol,Date,Open,High,Low,Close,Volume
A,04-Aug-2026,140.11,141,136.66,139.2,1623700
AA,04-Aug-2026,45.925,47.03,45.925,46.83,4525300
AAC.U,04-Aug-2026,10.08,10.2,10.08,10.186,300
AADX,04-Aug-2026,19.62,20.75,19.525,20.55,1204900
AAMI,04-Aug-2026,90.69,92.67,90.07,91.92,493000
AAP,04-Aug-2026,55.47,58.945,55.3,58.83,1244100
AAT,04-Aug-2026,23.71,23.71,23.04,23.17,625300
AAUC,04-Aug-2026,19.41,19.41,18.28,18.82,1627100
AB,04-Aug-2026,37.2,37.39,37.03,37.07,241100
ABBV,04-Aug-2026,246.74,246.91,242.385,243.8,8028800
ABCB,04-Aug-2026,88.33,90.07,88.02,89.47,443200
ABEV,04-Aug-2026,3.08,3.08,3.02,3.04,33115100
ABG,04-Aug-2026,224.6,226.27,221.635,222.85,288100
ABM,04-Aug-2026,48.36,49.345,47.66,49.18,402900
ABR,04-Aug-2026,5.14,5.265,5.09,5.22,5374000
ABR-D,04-Aug-2026,15.93,15.96,15.8401,15.87,13100
ABR-E,04-Aug-2026,15.825,15.825,15.7352,15.7352,4200
ABR-F,04-Aug-2026,22.27,22.49,22.26,22.4,7600
ABRpD,04-Aug-2026,15.93,15.96,15.8401,15.87,10506
ABRpE,04-Aug-2026,15.825,15.825,15.7352,15.7352,2362
ABRpF,04-Aug-2026,22.2701,22.49,22.26,22.36,5279
ABT,04-Aug-2026,105.77,106.19,104.92,105.46,8157000
ABX,04-Aug-2026,10.93,11.08,10.69,10.86,568500
ABXL,04-Aug-2026,25.94,25.99,25.785,25.96,3700
ACA,04-Aug-2026,145.75,145.75,145.22,145.22,661500
ACCO,04-Aug-2026,4.27,4.44,4.2501,4.37,810000
ACEL,04-Aug-2026,11.93,12.29,11.93,12.16,281800
ACH,04-Aug-2026,3.48,3.56,2.865,2.94,1686400
ACH.W,04-Aug-2026,0.039,0.0699,0.035,0.0403,421800
ACHR,04-Aug-2026,4.94,5.36,4.91,5.31,29399400
ACHR.WS,04-Aug-2026,0.039,0.0699,0.035,0.0403,420645
ACI,04-Aug-2026,11.56,12.08,11.42,12.07,9655500
ACLO,04-Aug-2026,50.3262,50.36,50.32,50.345,2500
ACM,04-Aug-2026,74.77,76.13,74.21,75.75,1348700
ACN,04-Aug-2026,160.64,171.3,160.4,170.43,5792900
ACP,04-Aug-2026,5.05,5.065,5.035,5.06,388300
ACP-A,04-Aug-2026,19.4,19.565,19.4,19.565,700
ACPpA,04-Aug-2026,19.4,19.565,19.4,19.565,515
ACR,04-Aug-2026,16.11,16.36,14.71,15.31,71100
ACR-C,04-Aug-2026,24.75,24.84,24.7229,24.75,14500
ACR-D,04-Aug-2026,21.8,21.8,21.6401,21.7,4700
ACRE,04-Aug-2026,4.67,4.79,4.58,4.63,1492000
ACRpC,04-Aug-2026,24.75,24.84,24.7229,24.75,12785
ACRpD,04-Aug-2026,21.8,21.8,21.6401,21.7,4219
ACV,04-Aug-2026,26.87,27.37,26.87,27.28,51900
ACVA,04-Aug-2026,7.67,8.02,7.67,8,2195600
AD,04-Aug-2026,35,35.82,34.83,35.44,169000
ADC,04-Aug-2026,77.05,77.05,75.42,76.32,2233400
ADC-A,04-Aug-2026,17.1,17.135,17.1,17.115,10300
ADCpA,04-Aug-2026,17.1,17.135,17.1,17.115,9406
ADCT,04-Aug-2026,1.05,1.12,1.04,1.1,1368000
ADIG,04-Aug-2026,21.25,26,21,22,2805700
ADM,04-Aug-2026,78.09,80.22,77.53,79.87,5074000
ADNT,04-Aug-2026,20.76,21.4,19.99,21.16,1390100
ADT,04-Aug-2026,7.77,7.87,7.69,7.84,13943600
ADX,04-Aug-2026,26.17,26.1891,25.97,26.05,574800
AEE,04-Aug-2026,108.78,109.95,107.9844,109.44,1698300
AEFC,04-Aug-2026,18.27,18.34,18.27,18.32,42700
AEG,04-Aug-2026,9.45,9.48,9.38,9.38,4538800
AEM,04-Aug-2026,151,153.805,149.65,150.61,2406600
AEO,04-Aug-2026,17.68,18.23,17.6,18.08,4435700
AER,04-Aug-2026,154.77,155.57,153.81,155.08,977800
AERO,04-Aug-2026,16.1,16.615,15.73,16.13,372700
AES,04-Aug-2026,14.71,14.72,14.67,14.68,7275800
AESI,04-Aug-2026,9.91,11.21,9.535,10.93,9409400
AEXA,04-Aug-2026,11.49,11.58,11.44,11.46,53400
AFB,04-Aug-2026,10.9,11.03,10.85,11.03,68000
AFG,04-Aug-2026,139.78,142.3356,139.605,140.6,453100
AFGB,04-Aug-2026,20.69,20.7468,20.6259,20.74,5400
AFGC,04-Aug-2026,17.96,17.96,17.92,17.92,3700
AFGD,04-Aug-2026,19.58,19.655,19.58,19.6,27200
AFGE,04-Aug-2026,16.21,16.279,16.2,16.23,6300
AFL,04-Aug-2026,125.79,126.489,124.45,125.15,2519800
AG,04-Aug-2026,16.36,16.745,16.19,16.49,12531600
AGBK,04-Aug-2026,7.12,7.32,6.88,7,419200
AGCO,04-Aug-2026,105.99,107.46,102.61,107.2,884600
AGD,04-Aug-2026,12.07,12.146,12.04,12.12,109600
AGI,04-Aug-2026,29.54,29.819,28.545,28.76,6995200
AGL,04-Aug-2026,95.52,95.52,86.31,94.78,433400
AGM,04-Aug-2026,235.61,244.67,235.12,241.74,130400
AGM-D,04-Aug-2026,21.32,21.49,21.32,21.32,13200
AGM-E,04-Aug-2026,20.8,21.06,20.8,21.06,2600
AGM-F,04-Aug-2026,18.86,18.96,18.86,18.94,8000
AGM-G,04-Aug-2026,17.78,17.86,17.7,17.78,5100
AGM-H,04-Aug-2026,23.33,23.4,23.33,23.33,2600
AGM-I,04-Aug-2026,24.11,24.24,24.0875,24.1,9800
AGM.A,04-Aug-2026,170.99,170.99,170.99,170.99,300
AGMpD,04-Aug-2026,21.32,21.49,21.32,21.32,12590
AGMpE,04-Aug-2026,20.8,21.06,20.8,21.06,2102
AGMpF,04-Aug-2026,18.86,18.96,18.86,18.94,7421
AGMpG,04-Aug-2026,17.78,17.86,17.7,17.78,3700
AGMpH,04-Aug-2026,23.33,23.4,23.33,23.33,2331
AGO,04-Aug-2026,83.17,84.3499,82.7,82.89,307100
AGRO,04-Aug-2026,9.47,9.5195,9.14,9.19,1128700
AGX,04-Aug-2026,602.85,626.47,596.64,617.68,237300
AHL-D,04-Aug-2026,19.26,19.28,19.07,19.07,9600
AHL-E,04-Aug-2026,18.99,19.08,18.9154,18.99,18400
AHL-F,04-Aug-2026,23.75,23.78,23.66,23.67,23700
AHLpD,04-Aug-2026,19.26,19.28,19.07,19.07,6181
AHLpE,04-Aug-2026,18.99,19.08,18.9154,18.99,16573
AHLpF,04-Aug-2026,23.75,23.78,23.66,23.67,22448
AHR,04-Aug-2026,54.34,54.825,53.1843,54.47,2338300
AHR-A,04-Aug-2026,22.94,22.94,22.61,22.85,2000
AHRT,04-Aug-2026,6.95,7.165,6.76,7.1,1706300
AHT,04-Aug-2026,3.21,3.26,3.2,3.2,19300
AHT-D,04-Aug-2026,5.11,5.53,4.945,5.29,11100
AHT-F,04-Aug-2026,6.22,6.36,5.985,6.36,6300
AHT-G,04-Aug-2026,5.3,5.3,5.14,5.3,1300
AHT-H,04-Aug-2026,5.21,5.295,5.21,5.2401,700
AHT-I,04-Aug-2026,5.05,5.125,4.995,5.06,900
AHTpD,04-Aug-2026,5.11,5.53,4.945,5.29,8018
AHTpF,04-Aug-2026,6.22,6.36,5.985,6.36,5432
AHTpG,04-Aug-2026,5.3,5.3,5.14,5.3,1000
AHTpH,04-Aug-2026,5.21,5.295,5.21,5.2401,700
AHTpI,04-Aug-2026,5.0475,5.125,4.995,5.06,600
AI,04-Aug-2026,9.69,10.11,9.645,10.05,4163400
AIG,04-Aug-2026,77.76,79.495,77.19,79.32,2875500
AII,04-Aug-2026,20.71,21.16,20.39,20.92,148600
AII.U,04-Aug-2026,10.4,10.4,10.4,10.4,500
AIIA,04-Aug-2026,10.25,10.25,10.25,10.25,100
AIIA.U,04-Aug-2026,10.4,10.4,10.4,10.4,431
AIN,04-Aug-2026,70.25,70.25,61.175,62.98,843500
AIO,04-Aug-2026,25.72,26.2499,25.715,26.12,80500
AIR,04-Aug-2026,146,150.85,144.3101,149.43,386400
AIT,04-Aug-2026,351.82,359.05,347.215,356.89,282900
AIV,04-Aug-2026,2.69,2.705,2.66,2.67,721300
AIZ,04-Aug-2026,280.67,282.89,278.59,281.31,425800
AIZN,04-Aug-2026,19.27,19.33,19.08,19.08,15000
AJG,04-Aug-2026,242.84,248.825,240.82,248.06,1419400
AKA,04-Aug-2026,11.41,11.41,11.045,11.05,600
AKAF,04-Aug-2026,32.8163,32.8163,32.8163,32.8163,100
AKO.A,04-Aug-2026,23.49,23.49,23.26,23.26,1400
AKO.B,04-Aug-2026,30.07,31.09,30.07,31.09,2100
AKR,04-Aug-2026,22.12,22.27,21.655,21.66,1586800
ALB,04-Aug-2026,120.43,121.8131,119.2345,120.82,2293000
ALB-A,04-Aug-2026,51.01,51.36,50.91,51.11,43000
ALBpA,04-Aug-2026,51.01,51.36,50.91,51.11,21273
ALC,04-Aug-2026,70.83,71.18,70.02,70.99,1656200
ALG,04-Aug-2026,167.31,174.7,166.66,170.33,184400
ALH,04-Aug-2026,26.98,28.16,26.65,27.92,782800
ALIT,04-Aug-2026,19.09,20.2,16.91,17.18,1352400
ALK,04-Aug-2026,51.61,52.73,50.9548,52.55,2615100
ALL,04-Aug-2026,257.26,263.23,255.11,262.56,1931800
ALL-B,04-Aug-2026,25.54,25.6,25.52,25.56,26500
ALL-H,04-Aug-2026,19.44,19.49,19.42,19.44,89000
ALL-I,04-Aug-2026,18.29,18.3125,18.23,18.26,22300
ALL-J,04-Aug-2026,25.99,26,25.91,25.91,39000
ALLE,04-Aug-2026,161.21,165.49,159.87,165.36,1012100
ALLpB,04-Aug-2026,25.54,25.6,25.52,25.56,23128
ALLpH,04-Aug-2026,19.42,19.77,19.42,19.43,76289
ALLpI,04-Aug-2026,18.29,18.3125,18.23,18.27,18160
ALLpJ,04-Aug-2026,25.99,26,25.91,25.93,31345
ALLY,04-Aug-2026,44.06,45.175,44.06,44.99,3291900
ALSN,04-Aug-2026,117.84,124.9799,111.855,122.62,2033300
ALT-A,04-Aug-2026,25.63,25.65,25.58,25.65,3200
ALTG,04-Aug-2026,7.17,7.525,7.16,7.48,218600
ALTGpA,04-Aug-2026,25.63,25.65,25.58,25.65,2794
ALUB,04-Aug-2026,10.12,10.12,10.11,10.11,110200
ALV,04-Aug-2026,122.67,124.73,120.84,124.58,637700
ALX,04-Aug-2026,268.27,274.28,260.91,273.84,50800
AM,04-Aug-2026,21.79,22.065,21.565,21.85,2306400
AMBP,04-Aug-2026,4.84,4.975,4.73,4.95,3208300
AMBQ,04-Aug-2026,67.97,69.5325,66.85,67.53,367800
AMC,04-Aug-2026,2.85,2.87,2.61,2.68,42262900
AMCR,04-Aug-2026,46.1,47.235,45.655,47.14,2910700
AME,04-Aug-2026,256,257.4,244.02,254.05,2617200
AMG,04-Aug-2026,382.72,392.9199,382.37,383.42,290000
AMH,04-Aug-2026,34.21,34.69,34.05,34.53,3173800
AMH-G,04-Aug-2026,23.2,23.2,22.98,22.98,1900
AMH-H,04-Aug-2026,24.02,24.02,23.86,23.86,2300
AMHpG,04-Aug-2026,23.2,23.2,22.98,22.98,1302
AMHpH,04-Aug-2026,24.02,24.02,23.86,23.86,917
AMN,04-Aug-2026,32.72,33.87,31.45,33.25,997100
AMP,04-Aug-2026,552.07,557.11,550.64,553.58,623000
AMP.V,04-Aug-2026,3.83,4.08,3.73,3.89,26300
AMPX,04-Aug-2026,10.6,11.03,10.4822,10.81,8765300
AMPX.WS,04-Aug-2026,3.83,4.08,3.73,3.95,24225
AMPY,04-Aug-2026,3.95,4.085,3.91,3.98,616200
AMR,04-Aug-2026,139.67,142.76,138.73,140.59,322400
AMRC,04-Aug-2026,31.93,31.93,27.33,27.94,3003600
AMRZ,04-Aug-2026,51.86,52.13,51.18,51.85,3325600
AMT,04-Aug-2026,170.5,175.55,169.0274,175.25,2991000
AMTB,04-Aug-2026,29.67,30.13,29.54,29.67,477700
AMTD,04-Aug-2026,0.75,0.803,0.7351,0.7826,24500
AMTM,04-Aug-2026,23.12,24.16,23.12,24.14,1524200
AMWL,04-Aug-2026,10.69,10.905,9.9301,10.42,144600
AMX,04-Aug-2026,25.1,25.39,24.73,24.88,1989600
AN,04-Aug-2026,212.99,216.99,210.6991,215.6,562000
ANDG,04-Aug-2026,46.82,49.3,46.4,48.59,448200
ANET,04-Aug-2026,187.7,194.3499,187.0106,190.51,14097400
ANF,04-Aug-2026,108.75,111.9699,108,110.2,1131700
ANG-D,04-Aug-2026,23.77,23.79,23.65,23.76,8900
ANGpD,04-Aug-2026,23.77,23.79,23.65,23.76,6124
ANGX,04-Aug-2026,4.23,4.5,4.1874,4.46,1686100
ANRO,04-Aug-2026,27.79,28.5,27,28.23,555400
ANVS,04-Aug-2026,1.75,1.905,1.72,1.87,808900
AOD,04-Aug-2026,10.52,10.69,10.48,10.67,559700
AOMD,04-Aug-2026,25.41,25.5,25.4,25.4999,2900
AOMN,04-Aug-2026,24.95,25.14,24.95,25.1,16100
AOMR,04-Aug-2026,9.19,9.2,8.6075,9.12,153500
AON,04-Aug-2026,353.37,357.09,350.23,356.65,1433500
AORT,04-Aug-2026,27.28,27.73,26.7,26.9,572900
AOS,04-Aug-2026,60.75,63.43,60.21,63.37,1816100
AP,04-Aug-2026,8.55,9.18,8.436,9,202400
APAM,04-Aug-2026,42.2,42.93,41.98,42.7,1043600
APD,04-Aug-2026,290.9,296.93,288,294.71,1063900
APG,04-Aug-2026,40.68,41.84,39.695,41.54,3753800
APH,04-Aug-2026,170.47,172.9,165.59,171.33,8173600
APLE,04-Aug-2026,16.6,16.675,16.46,16.55,2559400
APO,04-Aug-2026,127.95,133.73,126.4253,133.2,5413100
APOS,04-Aug-2026,25.74,25.775,25.6801,25.74,19100
APTV,04-Aug-2026,50.45,51,46.415,47.72,16956500
AQN,04-Aug-2026,5.74,5.81,5.685,5.79,3736800
AQNB,04-Aug-2026,25.69,25.71,25.6,25.63,8700
AR,04-Aug-2026,36,36.005,35.15,35.69,4416500
ARCO,04-Aug-2026,8.31,8.35,8.24,8.34,1576700
ARDC,04-Aug-2026,12.54,12.57,12.45,12.57,57900
ARDT,04-Aug-2026,10.8,10.81,10.42,10.75,413400
ARE,04-Aug-2026,51.9,52.49,48.52,48.87,4251500
ARE-B,04-Aug-2026,44.14,45.08,44.14,44.66,73800
ARES,04-Aug-2026,138.24,143.25,137.79,142.91,3460000
ARESpB,04-Aug-2026,44.14,45.08,44.14,45.01,45740
ARI,04-Aug-2026,6.78,6.85,6.755,6.79,2482600
ARIS,04-Aug-2026,14.79,14.92,14.31,14.71,2269000
ARL,04-Aug-2026,15.59,16.8,15.34,15.54,18700
ARLO,04-Aug-2026,15.12,16,15.03,15.93,1344300
ARMK,04-Aug-2026,56.57,56.78,56.1,56.22,2408400
AROC,04-Aug-2026,34.78,35.81,34.65,35.74,1695300
ARR,04-Aug-2026,16.34,16.45,16.17,16.43,2899800
ARR-C,04-Aug-2026,20.87,20.92,20.832,20.88,14400
ARRpC,04-Aug-2026,20.87,20.92,20.832,20.88,8092
ARW,04-Aug-2026,219.96,229.24,219.96,227.67,788000
ARX,04-Aug-2026,12.06,12.3,11.84,12.17,1414200
AS,04-Aug-2026,36.96,37.26,36.19,36.22,3624000
ASA,04-Aug-2026,50.76,52.1812,50.76,51.68,46600
ASAN,04-Aug-2026,8.35,8.79,8.295,8.76,3454000
ASB,04-Aug-2026,31.43,31.995,31.31,31.75,1821400
ASB-E,04-Aug-2026,20.08,20.19,20.08,20.16,8800
ASB-F,04-Aug-2026,19.47,19.54,19.31,19.5,9300
ASBA,04-Aug-2026,24.75,24.83,24.6947,24.71,14200
ASBpE,04-Aug-2026,20.08,20.19,20.08,20.16,8114
ASBpF,04-Aug-2026,19.47,19.54,19.31,19.5,6793
ASC,04-Aug-2026,17.16,17.4598,16.79,16.91,735000
ASG,04-Aug-2026,5.29,5.34,5.275,5.32,322400
ASGI,04-Aug-2026,23.58,23.99,23.55,23.85,118500
ASH,04-Aug-2026,71.05,72.5,70.97,72.32,539600
ASIC,04-Aug-2026,24.12,24.12,23.1,23.89,69400
ASIX,04-Aug-2026,19.87,20.28,19.55,20.26,181700
ASPN,04-Aug-2026,4.78,5.08,4.78,5.06,1042800
ASR,04-Aug-2026,279.69,285.08,274.1,276.31,83400
ASX,04-Aug-2026,37.8,38.87,37.2,38.7,10697600
ATEN,04-Aug-2026,31.42,31.77,30.56,30.7,1448800
ATH-A,04-Aug-2026,23.95,23.95,23.8201,23.9,90900
ATH-B,04-Aug-2026,18.56,18.6499,18.51,18.51,28400
ATH-D,04-Aug-2026,15.95,16.1,15.9101,15.98,49600
ATH-E,04-Aug-2026,25.28,25.29,25.14,25.25,29800
ATHM,04-Aug-2026,22.71,23.37,22.71,22.96,961800
ATHpA,04-Aug-2026,23.95,23.95,23.8201,23.9,82301
ATHpB,04-Aug-2026,18.56,18.6499,18.51,18.51,21608
ATHpD,04-Aug-2026,15.95,16.1,15.9101,15.98,41009
ATHpE,04-Aug-2026,25.28,25.29,25.14,25.235,18437
ATHS,04-Aug-2026,24.86,24.86,24.7249,24.85,30400
ATI,04-Aug-2026,198.02,201.385,194.78,200.15,1461800
ATKR,04-Aug-2026,93.45,93.6,93.35,93.53,3511200
ATMU,04-Aug-2026,54.54,55.44,53.61,55.12,533300
ATO,04-Aug-2026,172.6,173.71,170,172.65,1348000
ATR,04-Aug-2026,137.87,137.87,135.3423,136.18,511800
ATS,04-Aug-2026,27.45,28.67,27.45,28.16,192800
AU,04-Aug-2026,83.51,83.9,81.3175,81.5,2635400
AUB,04-Aug-2026,43,43.545,42.56,43.39,1152600
AUB-A,04-Aug-2026,24.51,24.62,24.51,24.6,7800
AUBpA,04-Aug-2026,24.51,24.62,24.51,24.6,5934
AUNA,04-Aug-2026,5.21,5.28,5.115,5.13,149300
AVA,04-Aug-2026,38.84,39.66,38.76,39.21,853100
AVAL,04-Aug-2026,5.2,5.275,5.13,5.21,258000
AVB,04-Aug-2026,187.15,189.57,186.48,189.25,451900
AVBC,04-Aug-2026,21.41,21.59,21.05,21.23,168200
AVD,04-Aug-2026,2.47,2.55,2.465,2.49,161300
AVEX,04-Aug-2026,18.02,19.41,18.01,19.38,1446300
AVK,04-Aug-2026,12.63,12.8,12.59,12.73,105800
AVNT,04-Aug-2026,37.56,38.205,37.31,38.17,656700
AVTR,04-Aug-2026,13.71,13.76,13.23,13.68,11823400
AVY,04-Aug-2026,171.61,174.16,169.41,173.3,895700
AWF,04-Aug-2026,10.15,10.19,10.1499,10.17,144900
AWI,04-Aug-2026,179,183.77,179,183.22,548500
AWK,04-Aug-2026,129.95,134.555,129.74,134.01,3673400
AWP,04-Aug-2026,12,12,11.8501,11.97,139900
AWR,04-Aug-2026,84.54,85.58,83.2,85.4,342900
AX,04-Aug-2026,104,105.74,103.5851,105.1,361000
AXI-C,04-Aug-2026,10.4,10.5,10.23,10.31,23800
AXIA,04-Aug-2026,10.7,10.7,10.46,10.5,1885800
AXIAY,04-Aug-2026,10.53,10.8,10.35,10.485,1511685
AXICY,04-Aug-2026,10.4,10.5,10.23,10.31,23800
AXP,04-Aug-2026,345,348.5,344.12,346.71,2765000
AXR,04-Aug-2026,22.8,23,22.5,22.77,9600
AXS,04-Aug-2026,104.28,105.21,103.57,103.75,744500
AXS-E,04-Aug-2026,18.83,18.85,18.645,18.74,39500
AXSpE,04-Aug-2026,18.83,18.85,18.645,18.7,31286
AXTA,04-Aug-2026,36.54,37.7,36.54,37.61,1567800
AYI,04-Aug-2026,338.66,349.55,334.48,348.58,263000
AZN,04-Aug-2026,157.95,158.56,155.32,155.62,8095200
AZO,04-Aug-2026,2969,3037.86,2945.37,3028.03,160600
AZUL,04-Aug-2026,8.69,8.8,8.65,8.67,28300
AZZ,04-Aug-2026,151.08,153.66,149.18,152.71,239000
B,04-Aug-2026,38.08,38.56,37.88,38.21,8168900
BA,04-Aug-2026,236.76,238.17,232.88,237.16,7932100
BA-A,04-Aug-2026,72.08,72.88,72.03,72.68,682200
BABA,04-Aug-2026,126.06,129.62,125.785,128.99,10755800
BAC,04-Aug-2026,62.47,63.54,62.35,62.9,28242100
BAC-B,04-Aug-2026,24.67,24.68,24.6,24.65,128800
BAC-E,04-Aug-2026,18.34,18.35,18.19,18.25,52500
BAC-K,04-Aug-2026,24.06,24.1,24,24.08,103800
BAC-L,04-Aug-2026,1290.97,1297.49,1290,1292.5,14500
BAC-M,04-Aug-2026,20.98,21.1,20.98,21.07,127100
BAC-N,04-Aug-2026,19.58,19.6,19.53,19.6,171200
BAC-O,04-Aug-2026,17.09,17.1425,17.07,17.07,81600
BAC-P,04-Aug-2026,16.24,16.29,16.2103,16.24,63300
BAC-Q,04-Aug-2026,16.5,16.54,16.4338,16.5,178000
BAC-S,04-Aug-2026,18.49,18.54,18.48,18.52,51200
BACpB,04-Aug-2026,24.67,24.68,24.6,24.64,112448
BACpE,04-Aug-2026,18.4,18.4,18.19,18.26,45029
BACpK,04-Aug-2026,24.06,24.1,24,24.08,92590
BACpL,04-Aug-2026,1290.97,1297.49,1290,1297.49,11770
BACpM,04-Aug-2026,20.98,21.1,20.98,21.07,109007
BACpN,04-Aug-2026,19.58,19.6,19.53,19.6,150773
BACpO,04-Aug-2026,16.99,17.1425,16.99,17.07,72014
BACpP,04-Aug-2026,16.24,16.29,16.2103,16.24,54147
BACpQ,04-Aug-2026,16.57,16.57,16.4338,16.5,164116
BACpS,04-Aug-2026,18.49,18.54,18.48,18.52,35364
BAH,04-Aug-2026,70.46,73.715,70.46,73.59,1521700
BAK,04-Aug-2026,2.38,2.388,2.27,2.28,1158300
BALL,04-Aug-2026,61.86,63.99,60.8,63.75,3466200
BALY,04-Aug-2026,14.26,14.5,13.525,13.56,50400
BAM,04-Aug-2026,50.39,52.425,50,51.94,4747500
BAN-F,04-Aug-2026,25.3,25.35,25.295,25.34,19400
BANC,04-Aug-2026,19.43,19.89,19.2875,19.52,3663200
BANCpF,04-Aug-2026,25.3,25.35,25.295,25.34,17157
BAP,04-Aug-2026,393.67,400.61,390.79,392.12,316400
BApA,04-Aug-2026,72.08,72.88,72.03,72.65,522903
BARK,04-Aug-2026,9.79,10.07,9.5401,9.92,47900
BAX,04-Aug-2026,27.74,28.375,27.48,28.35,10209400
BB,04-Aug-2026,8.71,8.94,8.65,8.87,13051600
BBA.W,04-Aug-2026,0.133,0.1739,0.133,0.172,70600
BBAI,04-Aug-2026,2.92,3.195,2.8952,3.15,42564500
BBAI.WS,04-Aug-2026,0.133,0.1739,0.133,0.172,69197
BBAR,04-Aug-2026,19.28,19.2999,18.15,18.16,568200
BBB.W,04-Aug-2026,0.4155,0.4394,0.373,0.4339,92300
BBBY,04-Aug-2026,5.48,5.735,5.44,5.56,3497100
BBD,04-Aug-2026,3.63,3.63,3.47,3.49,28067300
BBDC,04-Aug-2026,8.4,8.6,8.4,8.57,833100
BBDO,04-Aug-2026,3.29,3.43,3.1881,3.25,84700
BBN,04-Aug-2026,15.84,15.94,15.7928,15.9,83800
BBT,04-Aug-2026,31.95,32.28,31.592,32.07,873100
BBUC,04-Aug-2026,30.88,31.2,30.04,31.05,515900
BBVA,04-Aug-2026,28.3,28.48,27.925,28.12,1845800
BBW,04-Aug-2026,33.75,34.57,33.57,34.28,437900
BBWI,04-Aug-2026,20.9,21.13,20.7,21.06,4323100
BBY,04-Aug-2026,83.67,87.03,83.08,86.35,3810200
BC,04-Aug-2026,80.27,83.89,79.36,83.27,682400
BC-C,04-Aug-2026,24.17,24.22,24.05,24.07,6000
BCAT,04-Aug-2026,15.88,16.07,15.8673,16.03,774400
BCC,04-Aug-2026,82.76,88.4299,82.28,86.49,688100
BCE,04-Aug-2026,21.6,22.01,21.36,22,8582500
BCEM,04-Aug-2026,26.39,26.6187,26.39,26.6187,15900
BCGD,04-Aug-2026,26.82,26.9615,26.82,26.9615,100
BCH,04-Aug-2026,42,42,41.38,41.38,436000
BCO,04-Aug-2026,115.05,118.48,113.15,117.98,531300
BCS,04-Aug-2026,28.03,28.26,27.97,28.02,4182800
BCSF,04-Aug-2026,12.72,12.96,12.655,12.94,409300
BCSM,04-Aug-2026,24.95,25.26,24.95,25.25,1600
BCSS,04-Aug-2026,10.21,10.21,10.21,10.21,100
BCX,04-Aug-2026,11.86,12,11.86,11.89,113500
BDC,04-Aug-2026,124.89,129.06,124.29,127.43,584400
BDJ,04-Aug-2026,9.83,9.84,9.775,9.82,437600
BDN,04-Aug-2026,3.14,3.22,3.12,3.17,3095600
BDX,04-Aug-2026,168,170.76,166.8,170.12,2104800
BE,04-Aug-2026,225.38,237.45,219.21,228.11,18854800
BEKE,04-Aug-2026,17.01,17.205,16.95,17.14,1997500
BEN,04-Aug-2026,35.2,35.86,35.2,35.77,4957800
BEP,04-Aug-2026,33.39,33.96,32.67,33.04,1034600
BEP-A,04-Aug-2026,17.31,17.5,17.31,17.359,2800
BEPC,04-Aug-2026,34.46,34.46,33.19,33.55,1781100
BEPH,04-Aug-2026,15.17,15.17,15.09,15.11,17800
BEPI,04-Aug-2026,16.09,16.09,15.87,16.05,9900
BEPJ,04-Aug-2026,24.61,24.61,24.47,24.55,6700
BEPpA,04-Aug-2026,17.31,17.5,17.31,17.359,2079
BETA,04-Aug-2026,20.25,22.42,19.9,21.95,3143500
BF.A,04-Aug-2026,27.93,28.88,27.73,28.86,160200
BF.B,04-Aug-2026,27.73,28.495,27.12,28.47,2172800
BFAM,04-Aug-2026,74.75,76.99,73.72,75.6,771200
BFH,04-Aug-2026,110.79,113.75,110.63,112.45,550000
BFH-A,04-Aug-2026,25.15,25.25,25.15,25.2001,12700
BFH-B,04-Aug-2026,25.15,25.15,25.1,25.13,18500
BFLY,04-Aug-2026,8.18,8.995,8.065,8.81,10508600
BFS,04-Aug-2026,34.02,34.175,33.5,34.14,97600
BFS-D,04-Aug-2026,20.91,20.95,20.62,20.95,8900
BFS-E,04-Aug-2026,21.8,21.98,21.8,21.9652,4000
BFSpD,04-Aug-2026,20.91,20.95,20.62,20.95,7483
BFSpE,04-Aug-2026,21.8,21.98,21.8,21.9652,2562
BG,04-Aug-2026,104.92,108.41,104.53,106.73,2194300
BGB,04-Aug-2026,11.19,11.23,11.19,11.21,176200
BGH,04-Aug-2026,14.17,14.26,14.1337,14.21,71900
BGR,04-Aug-2026,16.09,16.2999,15.88,16.13,58500
BGS,04-Aug-2026,3.56,3.585,3.52,3.56,1918500
BGSF,04-Aug-2026,5.74,5.75,5.48,5.58,9100
BGSI,04-Aug-2026,106.15,107.15,103.68,106.42,36300
BGT,04-Aug-2026,10.83,10.87,10.73,10.82,156500
BGX,04-Aug-2026,10.73,10.84,10.73,10.83,77100
BGY,04-Aug-2026,5.82,5.84,5.78,5.78,210400
BH,04-Aug-2026,388.86,399.57,386,393.04,188200
BH.A,04-Aug-2026,1977,2005.47,1935,1957.99,42100
BHC,04-Aug-2026,6.91,7.05,6.355,6.44,17153800
BHE,04-Aug-2026,83.9,86.505,82.14,85.41,333300
BHK,04-Aug-2026,8.99,9.1,8.91,8.99,997000
BHP,04-Aug-2026,87.05,87.965,86.55,87.46,3084900
BHR,04-Aug-2026,2.13,2.18,2.09,2.09,393900
BHR-B,04-Aug-2026,13.88,14.025,13.71,13.86,14600
BHR-D,04-Aug-2026,17.26,17.275,17.26,17.275,500
BHRpB,04-Aug-2026,13.88,14.025,13.71,13.86,12092
BHRpD,04-Aug-2026,17.26,17.275,17.26,17.275,300
BHV,04-Aug-2026,12.61,12.825,12.61,12.61,1100
BHVN,04-Aug-2026,13.66,13.785,13.32,13.75,2414500
BII.W,04-Aug-2026,0.35,0.35,0.35,0.35,7000
BIII,04-Aug-2026,9.95,9.9501,9.95,9.9501,42000
BILL,04-Aug-2026,46.37,48.825,46.1471,48.57,2567100
BIO,04-Aug-2026,336.52,338.415,325.31,332.88,274300
BIP,04-Aug-2026,40.75,40.75,39.265,39.91,1469600
BIP-A,04-Aug-2026,17.33,17.5,17.33,17.465,5600
BIP-B,04-Aug-2026,16.84,17.089,16.76,16.96,19400
BIPC,04-Aug-2026,40.27,40.67,39.65,40.38,1317900
BIPH,04-Aug-2026,15.79,16.04,15.79,15.84,15100
BIPI,04-Aug-2026,16.63,16.82,16.63,16.68,10900
BIPJ,04-Aug-2026,24.8,24.8,24.69,24.69,2400
BIPpA,04-Aug-2026,17.33,17.5,17.33,17.465,5020
BIPpB,04-Aug-2026,16.84,17.089,16.76,16.96,18200
BIRK,04-Aug-2026,38.91,39.23,37.33,37.86,3035900
BIT,04-Aug-2026,12.22,12.27,12.22,12.24,274400
BJ,04-Aug-2026,98.19,98.19,95.3118,96.65,1154700
BKD,04-Aug-2026,14.26,14.375,13.85,14.23,5597200
BKE,04-Aug-2026,45.87,45.95,45.36,45.59,449700
BKH,04-Aug-2026,71.48,72.415,70.52,72.24,911000
BKK.W,04-Aug-2026,0.034,0.0425,0.034,0.0425,5100
BKKT,04-Aug-2026,7.44,7.7,7.24,7.56,886800
BKKT.WS,04-Aug-2026,0.034,0.0425,0.034,0.0425,5055
BKSY,04-Aug-2026,24.64,25.825,24.64,25.41,1029200
BKSY.WS,04-Aug-2026,0.011,0.0178,0.0075,0.0075,18929
BKSYW,04-Aug-2026,0.011,0.0178,0.0075,0.0075,20000
BKT,04-Aug-2026,10.3,10.4,10.3,10.37,146000
BKU,04-Aug-2026,47.36,48.245,47.105,47.9,690200
BKV,04-Aug-2026,23.96,24.08,23.24,23.35,1033500
BLCO,04-Aug-2026,16.78,16.78,16.5,16.68,319500
BLDR,04-Aug-2026,73,75.54,72.145,75.37,2167900
BLK,04-Aug-2026,1138.5,1150.296,1130.85,1131.13,625100
BLND,04-Aug-2026,1.91,2,1.91,1.99,2007500
BLSH,04-Aug-2026,23.06,23.85,22.64,23.8,893400
BLW,04-Aug-2026,12.5,12.6,12.5,12.58,119300
BLX,04-Aug-2026,59.79,60.4099,59.015,59.11,174100
BMA,04-Aug-2026,94.27,95.54,90.5,91.39,201200
BME,04-Aug-2026,43.47,43.48,43.0589,43.18,55800
BMEZ,04-Aug-2026,15.66,15.66,15.42,15.55,112500
BMI,04-Aug-2026,137.36,140.95,134.065,140.26,362900
BML-G,04-Aug-2026,18.77,18.77,18.69,18.75,5600
BML-H,04-Aug-2026,18.71,18.78,18.655,18.73,19100
BML-J,04-Aug-2026,19.45,19.54,19.45,19.47,11500
BML-L,04-Aug-2026,18.95,19,18.8,18.96,28300
BMLpG,04-Aug-2026,18.77,18.77,18.69,18.75,5121
BMLpH,04-Aug-2026,18.71,18.78,18.655,18.73,17867
BMLpJ,04-Aug-2026,19.45,19.54,19.45,19.47,10519
BMLpL,04-Aug-2026,18.72,19,18.72,18.96,25994
BMN,04-Aug-2026,25.28,25.39,25.28,25.33,5700
BMNP,04-Aug-2026,89.11,89.5,88.98,89.14,39700
BMNR,04-Aug-2026,17.48,18.19,17.31,18.1,28707700
BMO,04-Aug-2026,178.73,181.74,178.73,179.79,706100
BMY,04-Aug-2026,64.89,66.31,63.8738,65.89,23292800
BN,04-Aug-2026,43.99,44.87,43.61,44.62,5414600
BNED,04-Aug-2026,13.1,13.11,12.7801,12.89,214800
BNH,04-Aug-2026,15.18,15.18,15.0005,15.15,21300
BNJ,04-Aug-2026,15.37,15.39,15.28,15.36,21200
BNL,04-Aug-2026,21.23,21.285,20.94,21.16,2063100
BNS,04-Aug-2026,88.34,88.34,87.035,87.13,4183900
BNT,04-Aug-2026,43.88,45.48,43.56,45.27,14900
BNY,04-Aug-2026,157.29,158.96,156.71,156.82,3035000
BNY-K,04-Aug-2026,25.05,25.07,24.9611,25.06,98500
BOBS,04-Aug-2026,17.78,18.65,17.5,18.52,1453200
BOC,04-Aug-2026,14.55,14.69,14.39,14.59,143100
BOE,04-Aug-2026,12.25,12.35,12.22,12.27,80900
BOH,04-Aug-2026,80.33,81.855,79.88,80.86,355300
BOH-A,04-Aug-2026,15.39,15.41,15.325,15.4,11200
BOH-B,04-Aug-2026,26.4,26.4,26.26,26.26,20300
BOHpA,04-Aug-2026,15.39,15.41,15.325,15.375,9963
BOHpB,04-Aug-2026,26.4,26.4,26.26,26.26,7688
BOND,04-Aug-2026,90.72,90.8462,90.64,90.84,977600
BOOT,04-Aug-2026,161.52,165.63,161.315,163.28,913100
BORR,04-Aug-2026,3.9,4.11,3.875,4.02,4485000
BOW,04-Aug-2026,34.61,34.61,33.4,33.48,835300
BOX,04-Aug-2026,31.21,32.2,31.135,31.76,8052200
BP,04-Aug-2026,43.22,43.31,42.19,42.44,13295300
BPRE,04-Aug-2026,12.18,13.29,12.1,13.18,1966800
BR,04-Aug-2026,168.3,176.94,167.31,168.41,2517100
BRBR,04-Aug-2026,10.55,12.76,10.16,12.75,11995100
BRC,04-Aug-2026,96.03,98.66,94.335,97.71,139500
BRCC,04-Aug-2026,1.27,1.275,0.9514,1.05,4387200
BRCE,04-Aug-2026,30.26,30.33,30.2463,30.2463,500
BREE,04-Aug-2026,26.8,26.964,26.8,26.964,600
BRIE,04-Aug-2026,30.6,30.86,30.49,30.83,105900
BRK.A,04-Aug-2026,764200,776005.8,764200,774300,200
BRK.B,04-Aug-2026,512.07,517.77,508.81,517.22,4771200
BRO,04-Aug-2026,70.53,71.71,70.134,71.17,2190300
BROL,04-Aug-2026,25.8,26,25.8,25.997,2800
BROS,04-Aug-2026,65.45,65.51,63.91,64.11,3575400
BRSL,04-Aug-2026,10.45,11.55,10.26,11.3,4971100
BRSP,04-Aug-2026,5.1,5.11,4.94,4.98,1621900
BRT,04-Aug-2026,14.89,15.03,14.215,14.25,68000
BRW,04-Aug-2026,6.63,6.686,6.62,6.66,214300
BRX,04-Aug-2026,31.32,31.455,30.81,31.18,2271500
BSAC,04-Aug-2026,35.2,35.2,34.63,34.73,276300
BSBR,04-Aug-2026,5.78,5.81,5.67,5.68,3821900
BSL,04-Aug-2026,13.02,13.07,13.0137,13.02,13500
BSM,04-Aug-2026,15.1,15.1,14.66,14.78,441200
BST,04-Aug-2026,48.43,48.97,48.1001,48.56,129800
BSTZ,04-Aug-2026,29.5,30.31,29.2,29.78,231100
BSX,04-Aug-2026,48.11,49.21,47.98,49.09,21565100
BTE,04-Aug-2026,4.28,4.34,4.2125,4.23,17154100
BTGO,04-Aug-2026,5.05,5.2499,4.9,4.98,1857100
BTI,04-Aug-2026,60.26,60.26,58.96,59.12,3478000
BTO,04-Aug-2026,40.88,41.525,40.7361,41.1,45300
BTT,04-Aug-2026,22.49,22.52,22.44,22.47,91400
BTU,04-Aug-2026,21.71,22.485,21.71,22.36,1674900
BTX,04-Aug-2026,8.43,8.61,8.4001,8.6,542100
BTZ,04-Aug-2026,10,10.06,9.98,9.98,243000
BUD,04-Aug-2026,84.43,84.77,83.88,84.59,1681900
BUI,04-Aug-2026,27.26,27.64,27,27.12,130300
BUR,04-Aug-2026,4.3,4.35,4.255,4.34,1977000
BURL,04-Aug-2026,371.11,375.2199,365.2159,367.82,749000
BUXX,04-Aug-2026,20.2,20.22,20.2,20.22,274100
BV,04-Aug-2026,13.63,13.63,12.92,13.12,1710800
BVN,04-Aug-2026,31.52,32.375,31.3015,32.26,933800
BW,04-Aug-2026,9.88,10.38,9.77,10.14,3061400
BW-A,04-Aug-2026,21.86,22.27,21.75,22,6400
BWA,04-Aug-2026,61.58,63.38,60.51,63.04,3544100
BWG,04-Aug-2026,7.79,7.8599,7.73,7.77,56500
BWLP,04-Aug-2026,22.07,22.095,21.4,21.42,403200
BWMX,04-Aug-2026,17.15,17.49,17,17.11,101300
BWNB,04-Aug-2026,25.21,25.22,25.21,25.22,3200
BWpA,04-Aug-2026,21.86,22.27,21.75,22,4527
BWXT,04-Aug-2026,173.5,178.5,170.91,172.4,1766700
BX,04-Aug-2026,135,137.69,134.5,137.2,5864000
BXC,04-Aug-2026,61.44,65.86,60.795,64.46,190000
BXDC,04-Aug-2026,20.85,20.85,20.06,20.2,879900
BXMT,04-Aug-2026,14.5,14.54,14.13,14.42,4675800
BXP,04-Aug-2026,70.14,70.84,69.21,70.67,1184400
BXSL,04-Aug-2026,23.36,23.89,23.35,23.78,1517000
BY,04-Aug-2026,39.6,40.03,39.325,39.75,221300
BYD,04-Aug-2026,84.79,86.71,84.785,86.32,905500
BZH,04-Aug-2026,33.09,33.43,32.69,33.31,294400
C,04-Aug-2026,134.32,138.05,134.32,136.87,12152400
C-N,04-Aug-2026,27.12,27.1299,26.63,26.99,1154500
C-R,04-Aug-2026,24.66,24.818,24.66,24.7,93500
CAAP,04-Aug-2026,25.92,26.53,25.785,26.44,145500
CABO,04-Aug-2026,44.16,45.09,42,44.84,154600
CACI,04-Aug-2026,512.38,524.36,511.49,524.19,247300
CAF,04-Aug-2026,18.84,19.1354,18.72,18.94,32800
CAG,04-Aug-2026,14.69,15.05,14.65,15,12085800
CAH,04-Aug-2026,234.31,235.76,231.1425,233.55,2579200
CAL,04-Aug-2026,13.95,14.61,13.95,14.25,696200
CALX,04-Aug-2026,37.64,39.54,37.34,39.47,946300
CALY,04-Aug-2026,19.09,19.85,19.07,19.57,2976400
CANG,04-Aug-2026,1.58,1.66,1.52,1.64,57900
CAPL,04-Aug-2026,21.15,21.6299,21.08,21.47,30800
CARR,04-Aug-2026,63.69,66.135,63.06,65.69,6947500
CARS,04-Aug-2026,12.02,12.23,11.94,11.95,470600
CAT,04-Aug-2026,922,934.9994,866.85,876.54,6230000
CATO,04-Aug-2026,3.39,3.43,3.3,3.33,86700
CAVA,04-Aug-2026,64.15,66.06,63.13,63.44,3415300
CB,04-Aug-2026,344.44,349.05,342.22,348.3,1521800
CBAN,04-Aug-2026,22.15,22.4,21.98,22.17,179200
CBL,04-Aug-2026,58.07,58.3099,56.46,56.56,286300
CBNA,04-Aug-2026,47.49,49.07,45.13,47.83,61500
CBRE,04-Aug-2026,149.27,151.98,148.1,151.05,1778000
CBT,04-Aug-2026,81.18,84.51,78.58,81.96,1478000
CBU,04-Aug-2026,66.99,67.62,66.01,66.75,270700
CBZ,04-Aug-2026,55.06,55.17,54.98,55.08,1954300
CC,04-Aug-2026,17.4,17.97,17.08,17.93,2870800
CCI,04-Aug-2026,75.59,78.31,75.1,77.66,4050400
CCID,04-Aug-2026,25.2,25.33,25.2,25.33,1500
CCIF,04-Aug-2026,2.77,2.852,2.77,2.83,53800
CCJ,04-Aug-2026,91.06,94.82,91,93.09,3996800
CCK,04-Aug-2026,119.68,121.84,118.2954,121.66,803300
CCL,04-Aug-2026,29.32,29.91,29.29,29.59,22467200
CCM,04-Aug-2026,4.1,4.86,4.1,4.6,38800
CCO,04-Aug-2026,2.42,2.43,2.41,2.43,5774600
CCS,04-Aug-2026,69.54,70.74,69.435,70.34,208000
CCU,04-Aug-2026,11.64,11.96,11.6146,11.66,99000
CDE,04-Aug-2026,16.07,16.54,15.99,16.21,32994500
CDLR,04-Aug-2026,22.76,22.84,22.56,22.7,38800
CDP,04-Aug-2026,37.17,37.87,36.72,37.81,995700
CDR-B,04-Aug-2026,18,18.12,17.75,17.9,1500
CDR-C,04-Aug-2026,16.56,16.955,16.56,16.955,600
CDRE,04-Aug-2026,31.34,31.65,30.86,30.92,410700
CDRpB,04-Aug-2026,18,18.12,17.75,17.9,1400
CDRpC,04-Aug-2026,16.56,16.955,16.56,16.955,300
CE,04-Aug-2026,43.86,45.53,42.64,45.24,3731200
CEE,04-Aug-2026,20.51,21.25,20.51,21.08,32700
CEL-,04-Aug-2026,0.1025,0.1025,0.1025,0.1025,1500
CELGr,04-Aug-2026,0.1025,0.1025,0.1025,0.1025,1493
CEPU,04-Aug-2026,15.16,15.16,14.34,14.46,281900
CF,04-Aug-2026,117,118.68,115.12,118.11,2040300
CFG,04-Aug-2026,72.56,74.19,72.56,73.68,3430300
CFG-E,04-Aug-2026,18.27,18.37,18.23,18.25,51600
CFG-H,04-Aug-2026,25.96,26.1045,25.78,25.975,14600
CFG-I,04-Aug-2026,24.93,24.93,24.79,24.87,46700
CFGpE,04-Aug-2026,18.27,18.37,18.23,18.25,45284
CFGpH,04-Aug-2026,25.96,26.1045,25.78,25.975,9332
CFGpI,04-Aug-2026,24.93,24.93,24.79,24.87,33547
CFND,04-Aug-2026,3.09,3.17,3.01,3.03,38700
CFR,04-Aug-2026,168.03,170.29,167.645,168.26,625300
CFR-B,04-Aug-2026,16.67,16.8,16.59,16.73,46100
CFRpB,04-Aug-2026,16.67,16.8,16.59,16.73,42932
CFT-A,04-Aug-2026,25.49,25.9,25.27,25.4,12400
CGAU,04-Aug-2026,17.85,18.41,17.84,18.15,1525200
CGV,04-Aug-2026,15.75,15.88,15.75,15.8555,5100
CHCT,04-Aug-2026,18.27,18.27,17.69,17.71,524800
CHD,04-Aug-2026,99.75,103.45,99.1,103,2197500
CHE,04-Aug-2026,532.15,543.5047,531.005,539.72,247600
CHGG,04-Aug-2026,0.98,1.06,0.98,1.03,819800
CHH,04-Aug-2026,107.77,110.89,107.77,108.61,1019000
CHM-A,04-Aug-2026,22.25,22.25,22,22.2,3100
CHM-B,04-Aug-2026,23.95,23.95,23.95,23.95,200
CHMI,04-Aug-2026,2.33,2.3399,2.29,2.3,158100
CHMIpA,04-Aug-2026,22.25,22.25,22,22.2,2161
CHMIpB,04-Aug-2026,23.95,23.95,23.95,23.95,201
CHPT,04-Aug-2026,5.67,5.9,5.65,5.87,588800
CHT,04-Aug-2026,42.1,42.3,41.7,41.89,185900
CHWY,04-Aug-2026,22.7,24.1,22.65,24.1,8369900
CI,04-Aug-2026,276.27,276.98,272.08,274.05,2799100
CIA,04-Aug-2026,4.71,4.7434,4.49,4.64,232300
CIB,04-Aug-2026,91.9,92.285,89.155,90.01,378900
CICB,04-Aug-2026,24.9,24.99,24.88,24.99,3000
CICC,04-Aug-2026,24.5,24.7,24.5,24.7,2500
CIEN,04-Aug-2026,419.08,427.0029,405.01,411.13,2069000
CIG,04-Aug-2026,2.19,2.195,2.15,2.15,3687900
CIG.C,04-Aug-2026,3.14,3.1501,3.14,3.1501,800
CII,04-Aug-2026,24.64,24.72,24.47,24.6,138000
CIM,04-Aug-2026,12.65,12.735,12.545,12.66,586900
CIM-A,04-Aug-2026,21.94,21.94,21.57,21.63,5200
CIM-B,04-Aug-2026,24.08,24.17,24.045,24.08,24600
CIM-C,04-Aug-2026,22.77,22.79,22.6,22.68,10200
CIM-D,04-Aug-2026,24.11,24.15,24.0544,24.0544,6000
CIMN,04-Aug-2026,24.92,25,24.92,24.99,7700
CIMO,04-Aug-2026,25.11,25.14,25.1,25.11,3400
CIMP,04-Aug-2026,25.04,25.05,25.01,25.04,3400
CIMpA,04-Aug-2026,21.94,21.94,21.57,21.63,4152
CIMpB,04-Aug-2026,24.08,24.17,24.045,24.08,21075
CIMpC,04-Aug-2026,22.77,22.79,22.6,22.68,7978
CIMpD,04-Aug-2026,24.11,24.15,24.0544,24.0544,4961
CINT,04-Aug-2026,3.45,3.53,3.44,3.48,60700
CION,04-Aug-2026,6.21,6.37,6.21,6.33,470700
CL,04-Aug-2026,89.17,92.74,89.17,92.53,6831300
CLB,04-Aug-2026,10.63,11.29,10.32,11.22,651400
CLB.W,04-Aug-2026,0.95,0.95,0.895,0.895,1200
CLD-A,04-Aug-2026,20.27,20.41,20.27,20.39,1500
CLDT,04-Aug-2026,13.65,13.75,13.1701,13.48,525300
CLDTpA,04-Aug-2026,20.27,20.41,20.27,20.39,800
CLF,04-Aug-2026,11.59,12.35,11.535,12.31,21739300
CLH,04-Aug-2026,309.74,311.85,303.46,310.61,506200
CLPR,04-Aug-2026,2.71,2.8099,2.71,2.77,28000
CLS,04-Aug-2026,355.21,374.59,344.35,371.15,3078000
CLVT,04-Aug-2026,1.92,1.98,1.89,1.97,3965500
CLW,04-Aug-2026,21.99,23.32,21.88,22.85,249200
CLX,04-Aug-2026,98.02,104.84,98.02,104.67,5292700
CM,04-Aug-2026,118.86,120.2,117.81,117.95,912900
CMBT,04-Aug-2026,16.22,16.3,15.855,15.92,706100
CMC,04-Aug-2026,70.91,73.01,70.38,72.63,1089900
CMCM,04-Aug-2026,2.9,3.065,2.8805,3.065,5500
CMDB,04-Aug-2026,19.96,20.42,18.21,19.11,178200
CMG,04-Aug-2026,37.46,37.65,33.785,33.82,51798200
CMI,04-Aug-2026,578.9,640.82,577.718,635.96,2535100
CMP,04-Aug-2026,29.3,30.4,29.015,29.81,500600
CMR-B,04-Aug-2026,25.86,25.91,25.81,25.81,3800
CMR-C,04-Aug-2026,26.53,26.84,26.53,26.7398,4600
CMR-D,04-Aug-2026,27.09,27.3,27.0882,27.3,1000
CMRE,04-Aug-2026,15.5,15.57,15.13,15.28,395100
CMREpB,04-Aug-2026,25.86,25.91,25.81,25.81,3523
CMREpC,04-Aug-2026,26.53,26.84,26.53,26.7398,3913
CMREpD,04-Aug-2026,27.09,27.3,27.0882,27.3,767
CMS,04-Aug-2026,71.25,72.05,70.78,71.73,4593500
CMS-B,04-Aug-2026,75.5,75.5,75.5,75.5,100
CMS-C,04-Aug-2026,16.5,16.6499,16.5,16.62,32100
CMSA,04-Aug-2026,20.93,20.93,20.86,20.885,12200
CMSC,04-Aug-2026,21.76,21.805,21.75,21.79,10400
CMSD,04-Aug-2026,22.05,22.1226,22.01,22.02,48300
CMSpB,04-Aug-2026,75.5,75.5,75.5,75.5,100
CMSpC,04-Aug-2026,16.5,16.6499,16.5,16.62,28733
CMTG,04-Aug-2026,1.75,1.81,1.72,1.73,944500
CNA,04-Aug-2026,52.59,53.4,52.01,52.96,728700
CNC,04-Aug-2026,64.3,64.755,63.48,64.07,6025500
CNF,04-Aug-2026,2.16,2.3299,2.05,2.3299,7200
CNH,04-Aug-2026,10.94,11.275,10.58,11.22,18654500
CNI,04-Aug-2026,125.82,127.33,124.15,127.3,1769300
CNK,04-Aug-2026,37.98,38.12,37.09,38.07,4001500
CNM,04-Aug-2026,45.93,46.61,45.5,46.32,2249800
CNMD,04-Aug-2026,52.05,52.05,50.04,50.4,561600
CNNE,04-Aug-2026,15,15.06,14.78,15.03,562800
CNO,04-Aug-2026,54.82,55.69,54.695,55.41,615800
CNO-A,04-Aug-2026,16.66,16.72,16.65,16.71,2300
CNOpA,04-Aug-2026,16.66,16.72,16.65,16.71,1850
CNP,04-Aug-2026,42.27,42.27,41.06,41.58,9489000
CNQ,04-Aug-2026,45.46,46.425,45.1,46.18,6828500
CNR,04-Aug-2026,80.44,81.3515,79.503,81.13,491900
CNS,04-Aug-2026,84.5,85.63,83.85,84.09,252100
CNX,04-Aug-2026,35.49,35.85,34.825,35.65,2192100
COD-A,04-Aug-2026,19.9,19.9,19.46,19.72,5500
COD-B,04-Aug-2026,22.3,22.3,22.026,22.095,6100
COD-C,04-Aug-2026,22.04,22.04,21.9541,21.995,5600
CODI,04-Aug-2026,10.56,11.14,10.56,11.11,913400
CODIpA,04-Aug-2026,19.9,19.9,19.46,19.72,4745
CODIpB,04-Aug-2026,22.3,22.3,22.026,22.095,4880
CODIpC,04-Aug-2026,22.04,22.04,21.9541,21.995,4926
COF,04-Aug-2026,219.33,222.92,217.45,221.91,3839100
COF-I,04-Aug-2026,18.16,18.24,18.16,18.22,111200
COF-J,04-Aug-2026,17.47,17.48,17.44,17.48,83600
COF-K,04-Aug-2026,16.86,16.94,16.81,16.91,6300
COF-L,04-Aug-2026,15.91,15.96,15.9,15.9,34600
COF-N,04-Aug-2026,15.46,15.52,15.45,15.47,30600
COFpI,04-Aug-2026,18.16,18.24,18.16,18.22,95487
COFpJ,04-Aug-2026,17.47,17.48,17.44,17.48,71058
COFpK,04-Aug-2026,16.86,16.94,16.81,16.91,5549
COFpL,04-Aug-2026,15.91,15.96,15.9001,15.92,26922
COFpN,04-Aug-2026,15.46,15.52,15.45,15.47,27137
COHR,04-Aug-2026,325.87,336.36,316.1,323.73,8958000
COLD,04-Aug-2026,14.09,14.26,13.87,14.17,3975300
COMP,04-Aug-2026,11.95,12.26,11.89,12,12275300
CON,04-Aug-2026,31.49,31.59,31.005,31.12,741500
COOK,04-Aug-2026,66.9,69.32,65.905,68.77,57100
COP,04-Aug-2026,117.64,118.465,116.08,117.94,7115800
COP.W,04-Aug-2026,0.1,0.1,0.1,0.1,3000
COR,04-Aug-2026,305.95,308.33,301.23,306.28,2454300
COSO,04-Aug-2026,27.65,27.67,27.22,27.28,58200
COTY,04-Aug-2026,2.76,2.955,2.76,2.91,11935900
COUR,04-Aug-2026,5.93,6.18,5.87,6.1,8222100
CP,04-Aug-2026,89.7,90.84,88.54,90.63,6594300
CPA,04-Aug-2026,148.98,150.42,146.5585,146.65,243500
CPAC,04-Aug-2026,12.04,12.04,11.7,11.88,23500
CPAI,04-Aug-2026,50.94,51.91,50.91,51.7677,33700
CPAY,04-Aug-2026,382.99,398.34,382,396.52,847300
CPF,04-Aug-2026,39.82,40.9899,39.38,39.99,146900
CPK,04-Aug-2026,132.95,133.86,130.81,133.09,169400
CPN,04-Aug-2026,27.02,27.1299,26.63,26.99,1045847
CPNG,04-Aug-2026,16.51,16.925,16.25,16.78,26907900
CPRI,04-Aug-2026,16.3,16.59,16.07,16.52,4900200
CPS,04-Aug-2026,30.42,30.98,29.87,30.76,185600
CPT,04-Aug-2026,109.68,111.22,109.225,111.03,1067600
CQP,04-Aug-2026,66.69,66.71,65.5,66,110700
CR,04-Aug-2026,224,225,219.48,224.1,416500
CRBD,04-Aug-2026,22.12,22.23,22,22.03,61000
CRBG,04-Aug-2026,31.23,31.825,31.09,31.6,5622500
CRC,04-Aug-2026,51.41,52.63,50.81,52.48,700600
CRCL,04-Aug-2026,60.3,64.365,60.07,63.25,12757700
CRD.A,04-Aug-2026,11.55,12.63,11.47,12.51,145600
CRD.B,04-Aug-2026,11.11,11.65,11.08,11.38,9000
CRGY,04-Aug-2026,11.54,11.735,11.205,11.28,8316300
CRH,04-Aug-2026,99.32,99.89,97.695,98.84,4493800
CRI,04-Aug-2026,38.89,40.21,38.54,39.8,1343800
CRK,04-Aug-2026,13.1,13.36,12.86,13.3,2165900
CRL,04-Aug-2026,234.33,237.24,228.52,234.12,1146500
CRM,04-Aug-2026,183.09,191.285,183,190.99,9326900
CRS,04-Aug-2026,557.34,577.02,547.99,570.13,715500
CRT,04-Aug-2026,10.11,10.124,10.01,10.085,9300
CSAN,04-Aug-2026,3.27,3.3,3.09,3.13,1650100
CSL,04-Aug-2026,373.25,386.5,370.8502,386.43,408300
CSQR,04-Aug-2026,20.12,21.04,19.57,20.77,725200
CSR,04-Aug-2026,54.64,56.085,53.81,54.59,329600
CSTM,04-Aug-2026,29,29.8,29,29.68,1607400
CSV,04-Aug-2026,40.15,40.83,40.04,40.51,146800
CSW,04-Aug-2026,344.86,350.89,340.66,349.31,225000
CTA-A,04-Aug-2026,52.9875,53.25,52.9875,53.25,400
CTA-B,04-Aug-2026,65.2,65.43,65.1501,65.2,2100
CTApA,04-Aug-2026,52.9875,53.25,52.9875,53.25,325
CTApB,04-Aug-2026,65.2,65.43,65.1501,65.2,1651
CTEV,04-Aug-2026,25.08,27,24.67,26.4,68100
CTGG,04-Aug-2026,16.4,16.6,16.29,16.47,60700
CTHH,04-Aug-2026,16.7,16.95,16.7,16.92,43100
CTO,04-Aug-2026,21.88,21.88,21.43,21.85,462600
CTO-A,04-Aug-2026,21.21,21.44,21.21,21.44,7800
CTOpA,04-Aug-2026,21.21,21.44,21.21,21.44,7151
CTOS,04-Aug-2026,11.78,12.23,10.93,11.02,2276500
CTRE,04-Aug-2026,40.79,41.065,40.06,40.84,2068700
CTRI,04-Aug-2026,25.05,27.08,21.73,21.88,7720300
CTS,04-Aug-2026,66.21,67.93,66.15,67.26,227100
CTVA,04-Aug-2026,75.71,78.34,74.51,78.31,6806200
CUBB,04-Aug-2026,22.545,22.545,22.38,22.46,2600
CUBE,04-Aug-2026,41.7,42.035,41.24,41.88,2341700
CUBI,04-Aug-2026,80.69,83.84,80.69,83.65,568400
CURB,04-Aug-2026,30.03,30.5,29.565,30.05,1206200
CURV,04-Aug-2026,2.6,2.685,2.576,2.65,307600
CUZ,04-Aug-2026,31,31.385,30.8782,30.91,2368400
CVE,04-Aug-2026,28.88,29.225,28.51,28.73,9506400
CVEO,04-Aug-2026,31.06,31.47,30.41,30.89,111700
CVI,04-Aug-2026,32.31,33.445,31.857,33.33,953900
CVLG,04-Aug-2026,35.81,36.37,35.27,36.23,313300
CVNA,04-Aug-2026,67.57,69.33,66.82,68.03,7792700
CVS,04-Aug-2026,105,105,103.27,104.42,7229200
CVSA,04-Aug-2026,125.1,130.46,123.45,129.89,231300
CVX,04-Aug-2026,190.15,191.47,186.3401,190.4,9455800
CW,04-Aug-2026,760.49,767.6,745.1,757.31,233800
CWEN,04-Aug-2026,32.25,32.26,31.545,31.73,1038000
CWH,04-Aug-2026,6.73,6.85,6.45,6.54,1916600
CWK,04-Aug-2026,13.53,14.16,13.45,14.08,2403100
CWT,04-Aug-2026,49,50.415,48.39,50.3,510400
CX,04-Aug-2026,11.98,12.03,11.54,11.61,6768000
CXM,04-Aug-2026,6.38,6.71,6.38,6.67,3069900
CXT,04-Aug-2026,54.22,54.94,53.865,54.68,697700
CXW,04-Aug-2026,29.87,30.58,29.87,30.15,842200
CYD,04-Aug-2026,47.45,49,47.255,48.12,72100
CYH,04-Aug-2026,2.91,2.98,2.845,2.96,1221400
D,04-Aug-2026,68.46,69.39,67.91,69.22,2835600
DAC,04-Aug-2026,142,142,135.5,138.72,200300
DAL,04-Aug-2026,93.04,94.08,91.895,92.77,5184400
DAN,04-Aug-2026,27.42,27.86,27.03,27.57,1705100
DAO,04-Aug-2026,16.13,16.92,16.13,16.72,39700
DAR,04-Aug-2026,60.47,60.7,59.565,60.15,2123700
DAVA,04-Aug-2026,3,3.115,3,3.08,287800
DB,04-Aug-2026,37.48,37.79,37.44,37.47,1662200
DBD,04-Aug-2026,78.71,79.26,76.5,76.84,365300
DBI,04-Aug-2026,6.55,6.72,6.495,6.61,418200
DBL,04-Aug-2026,14.09,14.21,14.08,14.13,64900
DBR-H,04-Aug-2026,15.44,15.44,15.305,15.37,4500
DBR-I,04-Aug-2026,15.3,15.39,15.0733,15.22,16800
DBR-J,04-Aug-2026,15.66,15.8,15.58,15.58,12500
DBRG,04-Aug-2026,15.83,15.9,15.81,15.87,4598200
DBRGpH,04-Aug-2026,15.44,15.44,15.305,15.37,1670
DBRGpI,04-Aug-2026,15.3,15.39,15.0733,15.22,12524
DBRGpJ,04-Aug-2026,15.66,15.8,15.595,15.665,8696
DCBG,04-Aug-2026,26.2,26.25,26.2,26.25,500
DCH,04-Aug-2026,5.76,6.02,5.69,5.99,3005600
DCI,04-Aug-2026,96.91,98.85,95.06,98.14,662700
DCO,04-Aug-2026,183.77,194.355,183.6,191.86,270600
DCO-,04-Aug-2026,17.8,17.8,17.66,17.74,7100
DCOM,04-Aug-2026,41.2,41.97,41.2,41.74,493700
DD,04-Aug-2026,130.19,143.545,130.19,142.93,3279000
DDD,04-Aug-2026,3.31,3.895,3.24,3.56,18286900
DDL,04-Aug-2026,2.48,2.535,2.32,2.33,246700
DDS,04-Aug-2026,607.46,621.52,597.295,618.14,127300
DDT,04-Aug-2026,26.37,26.43,26.35,26.4,8600
DE,04-Aug-2026,610.66,622,597.23,617.37,966400
DEA,04-Aug-2026,25.25,25.5799,24.905,25.43,532900
DEC,04-Aug-2026,13.25,13.4,12.93,13.4,1138700
DECK,04-Aug-2026,99.82,101.16,99.49,99.87,2215500
DEI,04-Aug-2026,11.81,12.075,11.69,11.96,1977000
DELL,04-Aug-2026,449.28,476.9,443.83,467.27,7583100
DEO,04-Aug-2026,87.44,88.135,87.09,87.83,1450000
DFH,04-Aug-2026,13.19,14.3,13.19,14.29,1158900
DFIN,04-Aug-2026,47.89,49.76,47.67,49.69,274800
DFP,04-Aug-2026,20.79,20.93,20.7301,20.79,28500
DG,04-Aug-2026,125.05,128.32,124.5,127.26,1928500
DGA-,04-Aug-2026,0.145,0.145,0.145,0.145,19400
DGA.U,04-Aug-2026,10.06,10.06,10.06,10.06,3000
DGAC,04-Aug-2026,9.94,9.96,9.94,9.96,150700
DGX,04-Aug-2026,231.95,234.545,229.755,233.72,903900
DHF,04-Aug-2026,2.39,2.4,2.36,2.39,359500
DHI,04-Aug-2026,146.43,150.79,146.25,150.37,2159300
DHR,04-Aug-2026,197.93,200.36,192.91,194.78,6972500
DHT,04-Aug-2026,18.53,18.55,17.95,18.14,3397000
DHX,04-Aug-2026,4.09,4.24,4.05,4.14,166300
DIN,04-Aug-2026,36.36,36.588,34.82,34.85,359500
DINO,04-Aug-2026,87.84,88.65,85.52,88.25,3284500
DIS,04-Aug-2026,97.87,98.57,97.38,98.18,16796700
DIVY,04-Aug-2026,30.3401,30.83,30.3401,30.82,3900
DK,04-Aug-2026,64.31,67.68,63.19,66.2,1457800
DKL,04-Aug-2026,57.16,58.93,56.5549,58.08,76000
DKS,04-Aug-2026,199.81,203.57,198,200.74,1589900
DLB,04-Aug-2026,59,61.25,58.65,61.22,1103600
DLN-A,04-Aug-2026,26.62,26.75,26.62,26.75,4700
DLNG,04-Aug-2026,3.71,3.8,3.67,3.75,28900
DLNGpA,04-Aug-2026,26.62,26.75,26.62,26.75,4070
DLR,04-Aug-2026,190.02,195.06,189.01,193.89,2307000
DLR-J,04-Aug-2026,19.81,19.89,19.81,19.82,11200
DLR-K,04-Aug-2026,22,22.1298,21.99,21.99,22800
DLR-L,04-Aug-2026,19.8,19.85,19.7,19.7,15900
DLRpJ,04-Aug-2026,19.81,19.89,19.81,19.86,7291
DLRpK,04-Aug-2026,22,22.1298,21.99,21.99,18251
DLRpL,04-Aug-2026,19.8,19.85,19.7,19.7,11960
DLX,04-Aug-2026,26.51,27.01,26.37,26.98,376800
DLY,04-Aug-2026,14.1,14.1,14.01,14.05,158200
DMA,04-Aug-2026,7.51,7.59,7.5,7.51,14400
DMB,04-Aug-2026,10.57,10.59,10.52,10.55,65100
DMC,04-Aug-2026,29.76,30.09,29.395,29.97,528300
DMO,04-Aug-2026,10.42,10.4203,10.3812,10.41,27000
DNA,04-Aug-2026,8.91,9.415,8.91,9.37,1065000
DNOW,04-Aug-2026,14.23,14.435,14.13,14.41,2001100
DNP,04-Aug-2026,10.78,10.865,10.6803,10.76,779800
DOC,04-Aug-2026,21.52,21.845,21.19,21.62,7445800
DOCN,04-Aug-2026,119.8,137.6099,118.79,128.89,7045200
DOCS,04-Aug-2026,21.46,22.03,21.41,21.89,2743500
DOLE,04-Aug-2026,14.15,14.16,13.96,14,678800
DOUG,04-Aug-2026,1.72,1.79,1.72,1.76,234400
DOV,04-Aug-2026,207.51,210.85,203.975,209.93,734200
DOW,04-Aug-2026,29.03,30.449,28.69,30.33,9348700
DPC,04-Aug-2026,48.53,52.53,48,51,746200
DPG,04-Aug-2026,14.51,14.55,14.4552,14.48,51100
DQ,04-Aug-2026,13.5,13.9,13.155,13.41,1755700
DRD,04-Aug-2026,21.59,21.9299,21.26,21.57,313800
DRI,04-Aug-2026,204.54,205.52,202.37,204.57,1119100
DRLL,04-Aug-2026,37.44,37.78,36.925,37.66,15300
DSL,04-Aug-2026,10.7,10.75,10.6801,10.72,515400
DSM,04-Aug-2026,5.83,5.84,5.8,5.83,183700
DSMC,04-Aug-2026,42.955,43.87,42.955,43.8646,23900
DSTX,04-Aug-2026,35.35,35.4953,35.35,35.4953,1000
DSU,04-Aug-2026,9.46,9.49,9.43,9.43,247100
DSX,04-Aug-2026,2.49,2.52,2.445,2.5,922900
DSX-B,04-Aug-2026,27.66,27.66,27.27,27.5,2900
DSX.W,04-Aug-2026,0.43,0.43,0.31,0.365,7300
DSX.WS,04-Aug-2026,0.43,0.43,0.31,0.365,6537
DSXpB,04-Aug-2026,27.66,27.66,27.27,27.5,2502
DT,04-Aug-2026,44,45.93,44,45.71,5731900
DTB,04-Aug-2026,16.54,16.62,16.46,16.53,19600
DTE,04-Aug-2026,140.73,142.27,139.275,141.72,1500900
DTF,04-Aug-2026,11.53,11.5999,11.51,11.57,11400
DTG,04-Aug-2026,16.85,16.85,16.74,16.77,10400
DTK,04-Aug-2026,23.82,23.82,23.61,23.67,27000
DTM,04-Aug-2026,134.18,137.035,132.76,134.85,1174600
DTW,04-Aug-2026,20.26,20.32,20.2,20.26,24800
DUK,04-Aug-2026,123.51,124.87,121.7991,124.27,5683300
DUK-A,04-Aug-2026,24.61,24.69,24.6,24.62,72800
DUKB,04-Aug-2026,22.78,22.84,22.78,22.81,31900
DUKpA,04-Aug-2026,24.61,24.69,24.6,24.62,65421
DV,04-Aug-2026,11.46,11.985,11.46,11.93,2359100
DVA,04-Aug-2026,228,234.26,222.8,227.99,2611400
DVN,04-Aug-2026,43.66,44.16,43.2,44.05,9813300
DX,04-Aug-2026,12.72,12.78,12.61,12.76,7640600
DX-C,04-Aug-2026,25.55,25.67,25.55,25.668,4800
DXC,04-Aug-2026,10.78,11.09,10.57,11.02,4346000
DXpC,04-Aug-2026,25.55,25.67,25.55,25.668,4113
DXYZ,04-Aug-2026,23.9,24.69,23.5601,24.2,1040300
DY,04-Aug-2026,421.17,422.475,410.16,415.08,537800
E,04-Aug-2026,53.7,53.75,53.19,53.48,369100
EAF,04-Aug-2026,7.67,7.92,7.62,7.68,223500
EAI,04-Aug-2026,20.09,20.09,20,20.05,19700
EARN,04-Aug-2026,4.35,4.37,4.28,4.31,504400
EAT,04-Aug-2026,222.12,225.5,217.09,218.25,1335700
EBF,04-Aug-2026,21.91,22.3999,21.81,22.32,154300
EBS,04-Aug-2026,7.46,7.63,7.35,7.57,489100
EC,04-Aug-2026,16.14,16.5,16.05,16.31,2822100
ECAT,04-Aug-2026,15.28,15.39,15.23,15.33,441100
ECC,04-Aug-2026,3.89,3.91,3.785,3.85,1133800
ECC-D,04-Aug-2026,18.25,18.3563,18.25,18.27,6600
ECCC,04-Aug-2026,24.75,24.88,24.75,24.83,1800
ECCpD,04-Aug-2026,18.25,18.3563,18.25,18.27,5222
ECCU,04-Aug-2026,25.2,25.225,25.2,25.2001,2700
ECCV,04-Aug-2026,23.93,24.15,23.93,24.15,5900
ECG,04-Aug-2026,134.19,136.88,132.115,136.16,967100
ECL,04-Aug-2026,278,283.73,276.32,283.14,1225800
ECO,04-Aug-2026,60.68,61.28,59.23,59.23,994000
ECVT,04-Aug-2026,12.15,12.2,11.905,12.11,1121200
ED,04-Aug-2026,107.41,108.67,106.12,108.41,2432700
EDD,04-Aug-2026,5.86,5.93,5.8375,5.9,292100
EDF,04-Aug-2026,5.25,5.26,5.18,5.2,155300
EDN,04-Aug-2026,26.39,26.8029,25,25.42,129800
EDU,04-Aug-2026,57,57.165,55.255,56.28,1356300
EE,04-Aug-2026,38.92,39.54,38.22,39.2,314900
EEA,04-Aug-2026,11.13,11.16,10.95,11.16,17100
EFC,04-Aug-2026,13.33,13.36,13.205,13.3,1089600
EFC-B,04-Aug-2026,24.84,24.84,24.72,24.75,102200
EFC-C,04-Aug-2026,25.48,25.55,25.25,25.4,12600
EFCpB,04-Aug-2026,24.84,24.84,24.72,24.75,101500
EFCpC,04-Aug-2026,25.48,25.55,25.25,25.4,10220
EFOR,04-Aug-2026,28.57,30.86,28.57,30.72,1156100
EFR,04-Aug-2026,10.68,10.7,10.59,10.66,283700
EFT,04-Aug-2026,10.66,10.74,10.66,10.71,105300
EFX,04-Aug-2026,172.79,177.77,172.23,177.12,1150300
EFXT,04-Aug-2026,21.52,22.4,21.45,22.25,899800
EG,04-Aug-2026,365,370.38,364.36,369.21,338400
EGO,04-Aug-2026,32.86,33.38,31.68,31.82,2476800
EGP,04-Aug-2026,206.97,208.59,203.77,204.17,714700
EGY,04-Aug-2026,5.13,5.2,5.09,5.15,1418900
EHC,04-Aug-2026,111.25,111.25,109.32,110.5,1094500
EHI,04-Aug-2026,5.8,5.865,5.8,5.81,95000
EIC,04-Aug-2026,10.01,10.09,10.01,10.02,102600
EICA,04-Aug-2026,24.95,24.96,24.95,24.96,500
EIG,04-Aug-2026,50.09,50.8599,49.82,50.71,254500
EIIA,04-Aug-2026,25.3766,25.3766,25.3,25.32,2200
EIX,04-Aug-2026,71.08,72.5,70.59,70.69,6084000
EL,04-Aug-2026,84.34,87,83.38,86.97,3233200
ELAN,04-Aug-2026,25.74,25.98,25.295,25.6,9071300
ELC,04-Aug-2026,20.02,20.02,19.995,20,12100
ELF,04-Aug-2026,82.83,89.39,82.55,87.84,4474700
ELLA,04-Aug-2026,25.19,25.19,25.01,25.07,11200
ELME,04-Aug-2026,1.63,1.65,1.62,1.62,444800
ELPC,04-Aug-2026,11.83,11.83,11.605,11.66,295300
ELS,04-Aug-2026,65,65.47,64.43,64.91,1706600
ELV,04-Aug-2026,381.02,382.735,376.38,378,1438000
EMA,04-Aug-2026,52.51,52.74,52.09,52.37,2266000
EMBJ,04-Aug-2026,71.82,72.1132,70.04,70.52,1116500
EMD,04-Aug-2026,10.51,10.57,10.504,10.53,152200
EME,04-Aug-2026,824.94,831.495,808.87,819.88,450900
EMF,04-Aug-2026,21.77,22.2175,21.6011,22.15,31500
EMN,04-Aug-2026,72.06,74,71.03,73.9,1596300
EMO,04-Aug-2026,51.18,51.8792,50.495,51.09,42600
EMP,04-Aug-2026,20.08,20.08,20.03,20.05,9100
EMR,04-Aug-2026,156,159.475,152.28,158.84,5333600
ENB,04-Aug-2026,53.85,54.17,52.855,53.41,8597500
ENHA,04-Aug-2026,2.79,2.8,2.62,2.69,304100
ENIC,04-Aug-2026,4.55,4.62,4.5,4.5,526900
ENO,04-Aug-2026,21.17,21.17,21.1001,21.14,7300
ENOV,04-Aug-2026,31.06,31.665,30.5,30.86,1365600
ENR,04-Aug-2026,20,21.77,19.03,21.58,2205000
ENS,04-Aug-2026,194.64,195.32,191.28,193.7,423000
ENVA,04-Aug-2026,259.02,262.0399,255.31,257.79,358800
EOD,04-Aug-2026,6.57,6.615,6.53,6.59,96300
EOG,04-Aug-2026,142.79,144.36,140.935,143.52,2979300
EOI,04-Aug-2026,20,20.1362,19.99,20.04,114100
EOS,04-Aug-2026,21.79,21.98,21.725,21.93,133100
EOT,04-Aug-2026,17.42,17.51,17.2145,17.44,43600
EP-C,04-Aug-2026,50.56,50.75,50.36,50.75,1900
EPAC,04-Aug-2026,36.82,37.41,36.44,37.21,349400
EPAM,04-Aug-2026,104.85,112.99,104.5,112.06,2428900
EPC,04-Aug-2026,27.24,28.53,27.075,28.53,863300
EPD,04-Aug-2026,37.7,38.255,37.44,38.12,4108200
EPpC,04-Aug-2026,50.565,50.75,50.36,50.75,1586
EPR,04-Aug-2026,60.63,61.53,59.69,61.22,878300
EPR-C,04-Aug-2026,26.81,27.09,26.55,27.08,2500
EPR-E,04-Aug-2026,32.55,32.6601,32.55,32.6,1700
EPR-G,04-Aug-2026,20.92,21.1,20.92,21.02,3200
EPRpC,04-Aug-2026,26.81,27.09,26.55,27.08,1889
EPRpE,04-Aug-2026,32.55,32.6601,32.55,32.6,1231
EPRpG,04-Aug-2026,20.92,21.1,20.92,21.02,2241
EPRT,04-Aug-2026,30.95,30.95,30.41,30.7,1405800
EQBK,04-Aug-2026,51.01,51.85,50.36,51.54,121400
EQH,04-Aug-2026,47.98,48.78,47.72,48.25,3823000
EQH-A,04-Aug-2026,19.45,19.5119,19.36,19.39,45500
EQH-C,04-Aug-2026,16.25,16.37,16.25,16.37,35800
EQHpA,04-Aug-2026,19.45,19.5119,19.36,19.38,34882
EQHpC,04-Aug-2026,16.21,16.37,16.2,16.37,30345
EQNR,04-Aug-2026,39.2,39.31,38.6601,39.17,3048000
EQR,04-Aug-2026,67.21,67.82,66.74,67.69,2201500
EQT,04-Aug-2026,52.67,53.175,52,52.77,6022800
ERO,04-Aug-2026,28.17,29.09,28.17,29,1030900
EROC,04-Aug-2026,11.28,11.88,11.01,11.5,1985100
EROK,04-Aug-2026,21.88,22.045,21.33,21.9,166300
ES,04-Aug-2026,71.29,73.02,70.71,72.7,2665900
ESAB,04-Aug-2026,92.74,95.06,90.885,94.76,599200
ESE,04-Aug-2026,324.05,327.33,317.43,326.25,214500
ESI,04-Aug-2026,38.76,39.19,38.01,38.89,3318100
ESNT,04-Aug-2026,66.27,67.15,66.09,66.67,433500
ESRT,04-Aug-2026,4.91,4.97,4.83,4.94,2884000
ESS,04-Aug-2026,284.28,287.84,282.15,287.21,593900
ESTC,04-Aug-2026,67.67,71.45,67.06,71.06,1779700
ET,04-Aug-2026,20.57,20.68,20.31,20.33,15662500
ET-I,04-Aug-2026,11.34,11.6099,11.34,11.58,61100
ETB,04-Aug-2026,15.6,15.71,15.54,15.65,80100
ETD,04-Aug-2026,23.49,24.13,23.342,23.89,485200
ETG,04-Aug-2026,23.97,24.23,23.91,24.15,163300
ETI-,04-Aug-2026,23.32,23.8,23.31,23.8,2100
ETIp,04-Aug-2026,23.32,23.8,23.31,23.8,1878
ETJ,04-Aug-2026,8.49,8.525,8.48,8.51,126900
ETN,04-Aug-2026,451.29,451.955,434.3,444.77,3028200
ETO,04-Aug-2026,31.79,31.79,31.32,31.62,60700
ETpI,04-Aug-2026,11.34,11.6099,11.34,11.58,57369
ETR,04-Aug-2026,107.96,109.385,106.68,108.86,2894600
ETS.U,04-Aug-2026,10.05,10.05,10.05,10.05,100
ETSY,04-Aug-2026,84,87.1,83.89,86.43,3016300
ETV,04-Aug-2026,14.95,15.11,14.885,15.04,167300
ETW,04-Aug-2026,9.62,9.68,9.62,9.64,446100
ETX,04-Aug-2026,18.26,18.3,18.18,18.3,23100
ETY,04-Aug-2026,14.63,14.7,14.56,14.66,288800
EVAC,04-Aug-2026,10.25,10.26,10.25,10.26,1900
EVC,04-Aug-2026,11.32,11.72,11.08,11.63,939200
EVE.T,04-Aug-2026,0.13,0.13,0.13,0.13,1000
EVEX,04-Aug-2026,2.58,2.9,2.58,2.86,2621100
EVEX.WS,04-Aug-2026,0.13,0.13,0.13,0.13,1000
EVF,04-Aug-2026,4.98,4.99,4.97,4.99,65600
EVG,04-Aug-2026,10.66,10.715,10.605,10.63,77400
EVH,04-Aug-2026,3.14,3.18,3.01,3.11,2863500
EVMN,04-Aug-2026,11.68,13.14,11.64,13.11,878600
EVN,04-Aug-2026,10.41,10.54,10.4002,10.5,148000
EVR,04-Aug-2026,319.64,324.01,316.76,319.73,631500
EVT,04-Aug-2026,28.6,29.0909,28.44,28.97,125100
EVTC,04-Aug-2026,30.61,32.72,30.61,32.55,615900
EVTL,04-Aug-2026,1.35,1.4,1.33,1.38,2263500
EVTR,04-Aug-2026,50.13,50.24,50.13,50.24,443600
EW,04-Aug-2026,88.5,89.83,88.16,89.6,4318600
EXG,04-Aug-2026,9.89,9.96,9.88,9.93,441900
EXK,04-Aug-2026,8.05,8.48,7.94,8.33,9242600
EXP,04-Aug-2026,215.29,216.74,211.8473,215.99,417900
EXPD,04-Aug-2026,170,182.74,167.85,181.48,2765300
EXR,04-Aug-2026,148.38,150.16,147.35,149.86,1209100
F,04-Aug-2026,14.49,14.49,13.98,14.24,53923500
F-B,04-Aug-2026,20.55,20.55,20.37,20.4,50000
F-C,04-Aug-2026,19.63,19.72,19.59,19.65,45800
F-D,04-Aug-2026,20.97,21.06,20.91,20.91,56200
FAF,04-Aug-2026,74.55,76.155,74.44,76.05,575600
FBIN,04-Aug-2026,52.54,53.935,52.235,52.73,3488800
FBK,04-Aug-2026,60.97,62.15,60.94,62.05,451500
FBP,04-Aug-2026,28.99,29.415,28.885,29.21,1348200
FBR-E,04-Aug-2026,19.57,19.6486,19.51,19.56,13400
FBRT,04-Aug-2026,7.7,7.77,7.625,7.69,1300100
FBRTpE,04-Aug-2026,19.57,19.6486,19.51,19.56,11668
FC,04-Aug-2026,21.41,22.01,21.41,21.6,86700
FCBM,04-Aug-2026,12.8,12.8,12.5,12.69,195800
FCF,04-Aug-2026,21.68,22.07,21.58,21.95,1061400
FCN,04-Aug-2026,156.18,158.7887,155.285,157.28,547400
FCPT,04-Aug-2026,25.18,25.265,24.82,25.17,556400
FCR.U,04-Aug-2026,10.39,10.39,10.39,10.39,400
FCRS,04-Aug-2026,10.24,10.259,10.2384,10.24,11900
FCRS.U,04-Aug-2026,10.39,10.39,10.39,10.39,200
FCX,04-Aug-2026,66.19,67.845,65.75,67.3,16305800
FDS,04-Aug-2026,264.57,276.5,264.49,274.49,824500
FDX,04-Aug-2026,310.25,314.96,307.81,313.34,1273500
FDXF,04-Aug-2026,139.77,144.16,139,142.7,1141600
FE,04-Aug-2026,48.39,48.575,47.734,48.28,4586200
FEDU,04-Aug-2026,8,8,8,8,700
FEGE,04-Aug-2026,51.35,51.9,51.24,51.9,286700
FENG,04-Aug-2026,1.55,1.55,1.46,1.52,700
FEOE,04-Aug-2026,55.24,56.14,55.24,56.04,135300
FERG,04-Aug-2026,249.84,258.92,249.79,255.51,46181900
FET,04-Aug-2026,69.03,74.77,68.5,74.3,430500
FF,04-Aug-2026,4.88,5.01,4.86,4.92,286300
FFA,04-Aug-2026,22.86,23.16,22.82,23.09,52800
FFC,04-Aug-2026,16.2,16.24,16.1601,16.19,42900
FFLX,04-Aug-2026,9.65,9.66,9.64,9.66,71300
FG,04-Aug-2026,28.79,29.85,28.6143,29.67,341200
FGN,04-Aug-2026,24.8,24.8,24.58,24.68,21400
FGSN,04-Aug-2026,20.88,21,20.72,20.86,30000
FHI,04-Aug-2026,64.26,64.99,63.65,64.96,734600
FHN,04-Aug-2026,25.84,26.22,25.755,26.09,6518200
FHN-E,04-Aug-2026,23.72,23.75,23.6,23.65,18700
FHN-F,04-Aug-2026,17.265,17.46,17.1638,17.4,17900
FHN-H,04-Aug-2026,24.69,24.71,24.52,24.71,25600
FHNpE,04-Aug-2026,23.72,23.75,23.6,23.65,16298
FHNpF,04-Aug-2026,17.265,17.46,17.1638,17.4,15534
FICO,04-Aug-2026,1040,1055.345,1028.46,1046.99,491800
FIG,04-Aug-2026,24.7,27.31,24.5,27.12,26804900
FIGS,04-Aug-2026,10.42,11.285,10.41,10.85,4022900
FINS,04-Aug-2026,12.66,12.66,12.51,12.55,57700
FINV,04-Aug-2026,4.95,4.98,4.88,4.92,208700
FIRY,04-Aug-2026,9.29,9.5,9.13,9.35,222800
FIS,04-Aug-2026,40.2,44.56,39,44.26,16458500
FIT-A,04-Aug-2026,22.745,22.8455,22.745,22.78,9400
FIT-I,04-Aug-2026,25.63,25.64,25.57,25.6,27500
FIT-K,04-Aug-2026,18.12,18.12,18.0162,18.07,27900
FIT-M,04-Aug-2026,25.99,26,25.89,25.935,4600
FITB,04-Aug-2026,56.87,58.3999,56.58,57.77,6808900
FIX,04-Aug-2026,1809.92,1824.56,1730,1775.86,553600
FIXT,04-Aug-2026,37.14,37.26,37.14,37.2542,29800
FLC,04-Aug-2026,16.83,16.96,16.7829,16.86,12300
FLG,04-Aug-2026,14.3,14.47,14.21,14.26,5329400
FLG-A,04-Aug-2026,23.86,23.9,23.8,23.85,22300
FLG-U,04-Aug-2026,40.84,41.11,40.7,40.77,15600
FLGpA,04-Aug-2026,23.86,23.9,23.8,23.85,18835
FLGpU,04-Aug-2026,40.84,41.11,40.7,40.8,14656
FLNG,04-Aug-2026,30.83,30.83,30.18,30.51,323400
FLO,04-Aug-2026,7.16,7.44,7.16,7.33,4799300
FLOC,04-Aug-2026,20,20.67,19.9018,20.36,1037000
FLR,04-Aug-2026,51.27,51.82,50.33,51.54,2572400
FLS,04-Aug-2026,77.75,80.02,76.66,79.55,2270400
FLUT,04-Aug-2026,105,106.94,102.11,104.96,3789700
FLXR,04-Aug-2026,38.82,38.93,38.82,38.89,437500
FMC,04-Aug-2026,10.26,10.56,10.09,10.55,4471600
FMN,04-Aug-2026,11.16,11.1976,11.06,11.07,26400
FMS,04-Aug-2026,24.1,24.17,23.5,24.01,1672600
FMX,04-Aug-2026,128.42,128.42,124.1727,126.28,488800
FMY,04-Aug-2026,11.51,11.62,11.44,11.62,1800
FN,04-Aug-2026,525,542.88,505,531.03,1456000
FNB,04-Aug-2026,19.21,19.5,19.09,19.38,3243100
FND,04-Aug-2026,57.29,61.65,57.29,60.7,4272000
FNF,04-Aug-2026,50.82,51.72,50.25,51.51,1530000
FNV,04-Aug-2026,218.63,221.855,216.68,218.86,783700
FOA,04-Aug-2026,23.38,24.035,23.365,23.76,45000
FOF,04-Aug-2026,13.56,13.7,13.55,13.65,58200
FOR,04-Aug-2026,29.05,29.485,28.66,29.35,140000
FOU-A,04-Aug-2026,66.14,68.45,66.14,68.45,80000
FOUR,04-Aug-2026,53.28,55.71,53.22,55.61,1338800
FOURpA,04-Aug-2026,66.14,68.45,66.14,68.45,2987
FpB,04-Aug-2026,20.55,20.55,20.37,20.4,44204
FpC,04-Aug-2026,19.6301,19.72,19.59,19.63,40202
FpD,04-Aug-2026,20.97,21.06,20.91,20.91,47541
FPF,04-Aug-2026,17.62,17.6796,17.57,17.59,79200
FPH,04-Aug-2026,5.2,5.33,5.13,5.28,143100
FPI,04-Aug-2026,9.53,9.78,9.49,9.75,495300
FPS,04-Aug-2026,37.88,40.26,37,39.4,13163300
FR,04-Aug-2026,65.29,65.85,64.13,64.15,1611100
FRA,04-Aug-2026,10.82,10.88,10.8,10.85,151300
FRO,04-Aug-2026,40,40.21,38.72,38.97,2052700
FRT,04-Aug-2026,123.21,123.3,121.2366,122.82,655900
FRT-C,04-Aug-2026,19.22,19.35,19.06,19.06,11500
FRTpC,04-Aug-2026,19.22,19.35,19.06,19.06,7967
FSCO,04-Aug-2026,5.01,5.03,4.95,4.96,1029100
FSK,04-Aug-2026,11.11,11.54,11.11,11.47,3738400
FSM,04-Aug-2026,8.82,9.14,8.82,9.05,6206100
FSS,04-Aug-2026,129.84,132.97,127.82,132.51,685900
FSSL,04-Aug-2026,11.31,11.39,11.27,11.39,177200
FT,04-Aug-2026,7.87,7.93,7.87,7.92,31100
FTHY,04-Aug-2026,13.53,13.62,13.45,13.57,95800
FTI,04-Aug-2026,69,70.79,68.66,70.02,3229800
FTK,04-Aug-2026,27,28.68,26.27,28.21,698000
FTR.U,04-Aug-2026,10.1,10.13,10.0546,10.075,31900
FTRA,04-Aug-2026,9.89,9.89,9.89,9.89,100
FTS,04-Aug-2026,56.51,57.09,56.29,56.58,982000
FTV,04-Aug-2026,59.64,60.7,59.22,60.51,3078300
FTW,04-Aug-2026,11.38,11.53,11.37,11.48,65200
FTW.W,04-Aug-2026,1.42,1.49,1.42,1.47,700
FTWO,04-Aug-2026,44.2537,44.91,44.2537,44.77,7100
FUBO,04-Aug-2026,9.56,9.99,9.535,9.55,1904100
FUL,04-Aug-2026,57.41,58.99,56.915,58.9,930600
FUN,04-Aug-2026,17.81,18.4,17.505,18.14,1637400
FVR,04-Aug-2026,20.33,20.51,20.06,20.24,359800
FVRR,04-Aug-2026,9.32,9.79,9.32,9.64,1091400
FXED,04-Aug-2026,17.44,17.52,17.43,17.519,8900
G,04-Aug-2026,34.57,35.87,34.415,35.79,1529400
GAB,04-Aug-2026,5.68,5.73,5.678,5.73,944300
GAB-G,04-Aug-2026,19.81,19.83,19.76,19.79,2200
GAB-H,04-Aug-2026,19.63,19.76,19.63,19.65,7100
GAB-K,04-Aug-2026,19.82,19.82,19.72,19.755,3600
GABpG,04-Aug-2026,19.81,19.83,19.76,19.79,1400
GABpH,04-Aug-2026,19.63,19.76,19.63,19.65,6600
GABpK,04-Aug-2026,19.82,19.82,19.72,19.755,2624
GAM,04-Aug-2026,65.95,66.535,65.8379,66.33,18800
GAM-B,04-Aug-2026,24.8,24.89,24.8,24.87,10300
GAMpB,04-Aug-2026,24.8,24.89,24.8,24.87,9555
GAP,04-Aug-2026,20.3,20.815,20.18,20.62,5174900
GATX,04-Aug-2026,181.7,182.74,179.54,181.79,268200
GBAB,04-Aug-2026,13.975,13.975,13.8101,13.94,61800
GBCI,04-Aug-2026,50.53,51.285,50.365,50.95,922000
GBTG,04-Aug-2026,9.43,9.44,9.42,9.43,4082500
GBX,04-Aug-2026,49.04,50.48,48.97,50.32,330300
GCO,04-Aug-2026,39.49,40.49,38.91,39.5,115000
GCT.W,04-Aug-2026,0.38,0.4,0.36,0.3999,43900
GCTS,04-Aug-2026,2.11,2.299,2.06,2.23,2842900
GCTS.WS,04-Aug-2026,0.38,0.4,0.36,0.3999,43208
GCV,04-Aug-2026,4.66,4.69,4.6301,4.67,40000
GD,04-Aug-2026,384.09,388.36,378.87,385.76,1502500
GDDY,04-Aug-2026,88.43,89.71,87.51,89.09,2209600
GDIV,04-Aug-2026,18.7,19.02,18.7,19.011,1600
GDL,04-Aug-2026,8.42,8.44,8.42,8.43,3600
GDO,04-Aug-2026,10.27,10.395,10.27,10.32,95200
GDOT,04-Aug-2026,13.31,13.42,13.13,13.2,544600
GDV,04-Aug-2026,29.88,30.3,29.88,30.19,130600
GDV-H,04-Aug-2026,21.16,21.29,21.09,21.23,12600
GDV-K,04-Aug-2026,16.82,16.95,16.82,16.87,8500
GDVpH,04-Aug-2026,21.16,21.29,21.09,21.23,10257
GDVpK,04-Aug-2026,16.82,16.95,16.82,16.87,6187
GE,04-Aug-2026,374.52,378.85,368.6,377.28,4183100
GEF,04-Aug-2026,87.97,89.62,86.095,89.34,527000
GEF.B,04-Aug-2026,104.2304,112.78,104.2304,110.36,172100
GEL,04-Aug-2026,15.28,15.31,14.95,15.08,217100
GENI,04-Aug-2026,7.35,8.155,7.28,8.08,16848800
GEO,04-Aug-2026,31.35,31.665,31.14,31.29,1061600
GETY,04-Aug-2026,0.428,0.4837,0.42,0.4776,6825800
GEV,04-Aug-2026,1046,1046.925,1000.011,1018.53,2187700
GF,04-Aug-2026,11.56,11.75,11.3838,11.57,32000
GFF,04-Aug-2026,90.75,94,89.9,93.58,411400
GFI,04-Aug-2026,34.72,34.83,34.03,34.11,3565900
GFL,04-Aug-2026,41.38,42.555,40.92,42.06,2990800
GFR,04-Aug-2026,6.18,6.27,5.94,5.94,197200
GGB,04-Aug-2026,5.13,5.17,5.04,5.1,18819000
GGG,04-Aug-2026,80.47,82.42,79.53,82.31,1199400
GGT,04-Aug-2026,4.12,4.12,4.09,4.1,229300
GGT-E,04-Aug-2026,20.0101,20.1424,20.0101,20.1424,400
GGT-G,04-Aug-2026,20.07,20.07,20.07,20.07,2400
GGTpE,04-Aug-2026,20.0101,20.1424,20.0101,20.1424,401
GGTpG,04-Aug-2026,20.07,20.07,20.07,20.07,2278
GGZ,04-Aug-2026,16.4,16.6858,16.39,16.6858,7100
GHC,04-Aug-2026,1201.69,1218.88,1193.78,1210.26,20100
GHG,04-Aug-2026,1.12,1.16,1.12,1.1499,8600
GHI,04-Aug-2026,5.94,6.04,5.895,5.93,31800
GHM,04-Aug-2026,101.79,106.52,99.83,104.8,172300
GHY,04-Aug-2026,11.65,11.79,11.65,11.75,194600
GIB,04-Aug-2026,72.16,74.57,71.29,74.41,641700
GIC,04-Aug-2026,36.35,37.42,36.09,37.39,151100
GIL,04-Aug-2026,55.3,56.96,55.07,56.76,1109100
GIS,04-Aug-2026,35.64,36.38,35.39,36.19,7943300
GJR,04-Aug-2026,24.9,24.9,24.9,24.9,300
GKOS,04-Aug-2026,171.75,172.91,167.64,170.53,799700
GL,04-Aug-2026,181,184.36,181,183.9,531300
GL-D,04-Aug-2026,15.42,15.42,15.39,15.401,8000
GLAS,04-Aug-2026,9.95,10.2,9.92,10.07,220000
GLED,04-Aug-2026,9.94,9.94,9.93,9.94,5200
GLO-A,04-Aug-2026,25.51,25.56,25.5,25.51,3000
GLO-B,04-Aug-2026,25.9984,26.15,25.955,25.955,6900
GLO-C,04-Aug-2026,25.79,25.95,25.7,25.7,5000
GLOB,04-Aug-2026,36.48,38.3025,36.36,38.13,1015300
GLOPpA,04-Aug-2026,25.51,25.56,25.5,25.51,2497
GLOPpB,04-Aug-2026,25.9984,26.15,25.955,25.955,6457
GLOPpC,04-Aug-2026,25.79,25.95,25.7,25.7,4565
GLP,04-Aug-2026,49.095,49.535,48.7472,49.24,61900
GLpD,04-Aug-2026,15.42,15.42,15.39,15.401,5518
GLW,04-Aug-2026,155,162.4899,150.85,159.89,19442500
GM,04-Aug-2026,87.41,88.59,86.03,88.31,5329700
GME,04-Aug-2026,19.01,19.3,18.69,19.21,10836600
GME.W,04-Aug-2026,1.77,1.8996,1.73,1.835,417000
GME.WS,04-Aug-2026,1.75,1.8996,1.71,1.835,378816
GMED,04-Aug-2026,80.64,81.6,80,81.51,1206900
GMMF,04-Aug-2026,100.32,100.32,100.3112,100.315,8400
GMRS,04-Aug-2026,12.92,13.055,12.44,12.5,247100
GNE,04-Aug-2026,14.13,14.2,13.92,13.93,85000
GNK,04-Aug-2026,26.04,26.7299,25.825,25.97,647100
GNL,04-Aug-2026,8.64,8.68,8.504,8.57,2284500
GNL-A,04-Aug-2026,22.92,22.9201,22.9001,22.91,1700
GNL-B,04-Aug-2026,21.91,21.91,21.7,21.75,1600
GNL-D,04-Aug-2026,23.675,23.775,23.6,23.6,1600
GNL-E,04-Aug-2026,22.9,23.015,22.9,22.995,1300
GNLpA,04-Aug-2026,22.92,22.9201,22.9001,22.91,914
GNLpB,04-Aug-2026,21.91,21.91,21.7,21.75,750
GNLpD,04-Aug-2026,23.675,23.775,23.675,23.7001,820
GNLpE,04-Aug-2026,22.9,23.015,22.9,22.995,863
GNRC,04-Aug-2026,210.01,219.955,206.22,218.63,1682800
GNT,04-Aug-2026,8.17,8.235,8.1613,8.17,64600
GNT-A,04-Aug-2026,20.15,20.15,20.15,20.15,400
GNTpA,04-Aug-2026,20.15,20.15,20.15,20.15,200
GNW,04-Aug-2026,9.75,9.845,9.745,9.81,2508900
GOF,04-Aug-2026,10.53,10.59,10.48,10.48,1349900
GOLD,04-Aug-2026,42.86,43.88,42.6,42.69,365600
GOLF,04-Aug-2026,103.17,104.88,101.94,102.13,389500
GOOS,04-Aug-2026,8.73,8.945,8.68,8.81,1312200
GOTU,04-Aug-2026,1.92,1.965,1.88,1.88,344600
GPC,04-Aug-2026,127.69,132.86,127.34,132.55,1303700
GPGI,04-Aug-2026,14.99,15.785,14.92,15.62,1529100
GPI,04-Aug-2026,288.27,292.8,282.51,285.88,217700
GPJA,04-Aug-2026,20.82,20.92,20.8,20.9,14600
GPK,04-Aug-2026,11.4,11.93,10.75,11.89,9240300
GPM-A,04-Aug-2026,18.45,18.49,18.42,18.42,7900
GPMT,04-Aug-2026,1.45,1.53,1.43,1.46,123800
GPMTpA,04-Aug-2026,18.45,18.49,18.42,18.42,6080
GPN,04-Aug-2026,84.89,88.57,84.46,88.25,4048600
GPOR,04-Aug-2026,157.07,158.78,152.64,155.75,664500
GPRK,04-Aug-2026,9.45,9.47,9.15,9.38,469200
GRB-A,04-Aug-2026,22.66,23,22.51,22.91,2900
GRBK,04-Aug-2026,72.53,72.862,71.26,72.05,220400
GRBKpA,04-Aug-2026,22.66,23,22.51,22.91,2700
GRC,04-Aug-2026,84.22,86.06,82.1601,85.48,183900
GRDN,04-Aug-2026,41.35,41.64,40.48,40.53,201000
GRMN,04-Aug-2026,304,309.92,301.67,307.36,1351200
GRND,04-Aug-2026,17.85,18.271,17.745,17.94,1850800
GRNT,04-Aug-2026,4.7,4.78,4.62,4.77,634500
GROV,04-Aug-2026,1.1,1.14,1.07,1.1,35800
GRX,04-Aug-2026,9.7,9.76,9.66,9.71,18100
GS,04-Aug-2026,1050,1066.16,1043.27,1052.98,2653600
GS-A,04-Aug-2026,19.16,19.215,19.11,19.12,73400
GS-C,04-Aug-2026,19.11,19.15,19.0475,19.0617,18500
GS-D,04-Aug-2026,18.85,18.9436,18.8,18.8,102500
GSBD,04-Aug-2026,8.78,8.99,8.78,8.95,1207100
GSK,04-Aug-2026,51.47,51.705,50.93,51.53,4559000
GSL,04-Aug-2026,43.99,44.17,43.2065,43.45,416100
GSL-B,04-Aug-2026,27.08,27.3,26.96,27.2,4300
GSLpB,04-Aug-2026,27.08,27.3,26.96,27.2,2986
GSpA,04-Aug-2026,19.16,19.215,19.11,19.11,69160
GSpC,04-Aug-2026,19.11,19.15,19.0475,19.0617,16660
GSpD,04-Aug-2026,18.85,18.9436,18.8,18.8,92848
GTES,04-Aug-2026,30,30.34,29.65,29.84,3218400
GTN,04-Aug-2026,4.21,4.31,4.185,4.29,1168400
GTN.A,04-Aug-2026,6.75,6.75,6.61,6.61,800
GTY,04-Aug-2026,33.76,33.845,33.0115,33.57,357400
GUG,04-Aug-2026,15.44,15.57,15.4293,15.51,98800
GUT,04-Aug-2026,6.43,6.47,6.42,6.42,167100
GUT-C,04-Aug-2026,21.35,21.35,21.225,21.225,3200
GUTpC,04-Aug-2026,21.35,21.35,21.225,21.225,3065
GVA,04-Aug-2026,124.61,125.805,121.94,122.11,1250200
GWH,04-Aug-2026,0.74,0.7499,0.7259,0.7259,234200
GWRE,04-Aug-2026,155.76,161.355,154.35,160.31,1321600
GWW,04-Aug-2026,1280.59,1311.215,1260.22,1300.45,587600
GXO,04-Aug-2026,51.63,52.49,51.09,52.37,2267100
GYLD,04-Aug-2026,14.38,14.38,14.15,14.285,12300
H,04-Aug-2026,171.45,175.3575,171.45,173.6,1142600
HAE,04-Aug-2026,86.06,87.08,85.32,85.38,1272600
HAFN,04-Aug-2026,7.63,7.656,7.445,7.45,1236400
HAL,04-Aug-2026,31.49,32.425,31.44,32.36,13958800
HASI,04-Aug-2026,38.87,39.435,38.645,38.9,977800
HAWK,04-Aug-2026,22.65,24.84,22.595,24.3,1445900
HAYW,04-Aug-2026,15.53,16.115,15.46,16.09,4480800
HBB,04-Aug-2026,23.92,24.43,23.17,23.71,19500
HBM,04-Aug-2026,24.6,25.22,24.27,24.77,5439300
HCA,04-Aug-2026,401.95,403.9235,395.56,400.73,1318700
HCC,04-Aug-2026,81.17,82.77,80.93,81.5,487200
HCI,04-Aug-2026,177.77,180.5915,175.56,178.77,146700
HCXY,04-Aug-2026,24.7673,24.9,24.7673,24.9,1700
HD,04-Aug-2026,340.23,350.86,339.35,348.24,4275000
HDB,04-Aug-2026,23.65,23.99,23.65,23.89,5476900
HE,04-Aug-2026,12.65,12.825,12.535,12.76,1516500
HEI,04-Aug-2026,364.46,370.39,362.87,367.66,442600
HEI.A,04-Aug-2026,265,267.965,263.79,265.96,269300
HEQ,04-Aug-2026,11.52,11.57,11.44,11.51,24000
HESM,04-Aug-2026,40.66,40.69,39.84,40.28,1239400
HF,04-Aug-2026,22.63,22.74,22.6283,22.7099,2300
HFEQ,04-Aug-2026,24.272,24.7816,24.272,24.7816,2000
HFGM,04-Aug-2026,30.3,30.93,30.3,30.8163,15000
HFMF,04-Aug-2026,21.209,21.2662,21.195,21.2662,1800
HFND,04-Aug-2026,24.57,24.71,24.57,24.71,6600
HFR-A,04-Aug-2026,16.26,16.39,16.0763,16.23,27400
HFR-B,04-Aug-2026,16.2,16.2,16.1,16.17,24300
HFRO,04-Aug-2026,7.48,7.55,7.42,7.43,115700
HFROpA,04-Aug-2026,16.26,16.39,16.0763,16.23,23045
HFROpB,04-Aug-2026,16.2,16.2,16.1,16.17,20777
HG,04-Aug-2026,35.2,37.2638,34.761,35.31,345800
HGER,04-Aug-2026,31.385,31.52,31.315,31.41,1106800
HGLB,04-Aug-2026,7.55,7.61,7.5,7.58,64700
HGTY,04-Aug-2026,11.54,11.79,11.4,11.72,155200
HGV,04-Aug-2026,45.61,46.435,45.32,46.25,1208000
HHH,04-Aug-2026,65.5,66.01,64.943,65.65,319200
HIG,04-Aug-2026,140.99,142.4,140.28,142.05,2226100
HIG-G,04-Aug-2026,24.5827,24.5899,24.5381,24.565,14900
HIGpG,04-Aug-2026,24.5827,24.5899,24.5381,24.565,13260
HII,04-Aug-2026,327.69,330.415,316.465,323.06,607800
HIMS,04-Aug-2026,31.09,32.31,30.77,32.16,11425500
HIO,04-Aug-2026,3.54,3.56,3.5342,3.55,403600
HIPO,04-Aug-2026,31.78,33.6005,31.78,32.94,178300
HIW,04-Aug-2026,33.17,33.3785,32.83,32.98,1194400
HIX,04-Aug-2026,3.88,3.935,3.88,3.91,632700
HKD,04-Aug-2026,1.63,1.728,1.63,1.69,193400
HL,04-Aug-2026,15,15.695,14.99,15.39,33671000
HL-B,04-Aug-2026,63.87,65.75,63.87,65.75,300
HLF,04-Aug-2026,12.7,12.985,12.575,12.8,1065700
HLI,04-Aug-2026,125.87,129.21,125.81,128.25,763100
HLIO,04-Aug-2026,81.28,82.17,79.69,81.46,313700
HLLY,04-Aug-2026,2.73,2.88,2.73,2.83,758300
HLN,04-Aug-2026,9.73,9.8,9.6345,9.78,9147200
HLpB,04-Aug-2026,63.87,65.75,63.87,65.75,255
HLT,04-Aug-2026,316.69,318.04,311.43,312.07,2249500
HLX,04-Aug-2026,9.11,9.685,9.09,9.6,1590100
HMC,04-Aug-2026,29.92,30.24,29.69,30.12,1394300
HMN,04-Aug-2026,52.22,52.22,50.855,51.97,225100
HMY,04-Aug-2026,17.05,17.18,16.845,16.88,2515500
HNGE,04-Aug-2026,78.01,81.67,77.5,79.42,2570400
HNI,04-Aug-2026,47.15,48.71,47.1,48.44,980800
HOG,04-Aug-2026,26.11,26.945,25.87,26.51,2780800
HOMB,04-Aug-2026,31.24,31.655,31.085,31.41,1403100
HOV,04-Aug-2026,132.61,136.5099,132.16,136.3,140000
HP,04-Aug-2026,34.28,34.74,33.67,34.49,1064000
HPE,04-Aug-2026,52.61,53.415,50.3868,52.39,25682600
HPE-C,04-Aug-2026,134.27,136.77,130.77,135.67,391900
HPEpC,04-Aug-2026,135.62,136.77,130.77,135.67,27604
HPF,04-Aug-2026,15.87,15.9694,15.87,15.92,30100
HPI,04-Aug-2026,16.15,16.18,16.08,16.13,46800
HPP,04-Aug-2026,14.48,14.6,13.74,13.98,1323200
HPP-C,04-Aug-2026,14.45,14.45,14.34,14.35,5100
HPPpC,04-Aug-2026,14.45,14.45,14.34,14.35,2491
HPQ,04-Aug-2026,26.57,28.945,26.45,28.82,13699700
HPS,04-Aug-2026,14.26,14.3334,14.22,14.26,67900
HQH,04-Aug-2026,22.17,22.69,22.15,22.34,225800
HQL,04-Aug-2026,19.39,19.75,19.365,19.7,140300
HR,04-Aug-2026,20.4,20.41,20.15,20.27,3816900
HRB,04-Aug-2026,44.64,46.16,44.64,46.07,1659300
HRI,04-Aug-2026,165.95,172.5,162.9257,170.8,654600
HRL,04-Aug-2026,25.03,25.4,24.835,25.34,2896200
HRTG,04-Aug-2026,29.52,30.15,29.23,29.8,300500
HSBC,04-Aug-2026,106.7,107.85,105.91,106.04,2127800
HSHP,04-Aug-2026,16,16,15.45,15.62,324800
HSY,04-Aug-2026,177.3,179.17,173.5925,179.04,1689100
HTB,04-Aug-2026,51.69,52.5,51.33,51.85,199700
HTD,04-Aug-2026,25.7,25.805,25.5018,25.68,47700
HTFC,04-Aug-2026,24.82,24.9,24.82,24.85,4600
HTGC,04-Aug-2026,16.83,16.99,16.75,16.88,1516900
HTH,04-Aug-2026,39.8,40.37,39.355,40,312800
HTT,04-Aug-2026,2.47,2.57,2.47,2.53,183100
HUBB,04-Aug-2026,487.21,505.465,476.855,502.24,724200
HUBS,04-Aug-2026,230.75,249.235,230.67,248.89,1105700
HUM,04-Aug-2026,374.62,374.66,360.18,362.16,1553300
HUN,04-Aug-2026,10.34,10.445,9.65,10.43,6009100
HUYA,04-Aug-2026,2.46,2.56,2.46,2.55,445500
HVT,04-Aug-2026,26.46,29.335,26.46,28.28,433700
HVT.A,04-Aug-2026,31,31,31,31,300
HWM,04-Aug-2026,290,291.59,283.69,288.2,2509500
HXL,04-Aug-2026,102.65,105.24,102.03,104.14,884600
HY,04-Aug-2026,35.75,36.47,35.05,35.13,102200
HYBX,04-Aug-2026,29.44,29.5089,29.44,29.5089,1700
HYI,04-Aug-2026,10.48,10.54,10.4701,10.52,86000
HYT,04-Aug-2026,8.4,8.43,8.36,8.38,1173000
HYTR,04-Aug-2026,21.34,21.36,21.34,21.3545,48300
HZO,04-Aug-2026,35.02,36.38,35.02,35.98,276700
IAE,04-Aug-2026,8.58,8.7733,8.58,8.72,53500
IAG,04-Aug-2026,15.05,15.22,14.7221,14.8,6049000
IBM,04-Aug-2026,224.76,235.31,223.3,235.15,7537800
IBN,04-Aug-2026,30.32,30.39,30.16,30.33,6093400
IBP,04-Aug-2026,231.88,239.18,230.03,237.85,361600
IBTA,04-Aug-2026,30.61,38,30.47,37.34,1249300
ICE,04-Aug-2026,150.04,151.44,147.68,149.2,3819500
ICL,04-Aug-2026,5.09,5.18,5.08,5.15,950100
ICR-A,04-Aug-2026,22.97,23.29,22.84,22.84,4300
ICRpA,04-Aug-2026,22.97,23.29,22.84,22.84,3194
IDA,04-Aug-2026,143.72,145.44,141.625,144.57,410000
IDE,04-Aug-2026,13.06,13.17,13.0387,13.15,55700
IDT,04-Aug-2026,65.79,67.5,65.28,67.06,229200
IEX,04-Aug-2026,234.98,238.33,232.86,237.89,662800
IFF,04-Aug-2026,80.58,81.37,79.4682,80.89,1811400
IFN,04-Aug-2026,11.85,11.88,11.73,11.87,101100
IFS,04-Aug-2026,60.19,60.39,59,59,131200
IGA,04-Aug-2026,10.24,10.25,10.16,10.22,47400
IGCB,04-Aug-2026,45.0757,45.0757,45.0757,45.0757,100
IGD,04-Aug-2026,6.54,6.545,6.4901,6.51,238200
IGI,04-Aug-2026,15.76,15.85,15.72,15.77,5500
IGR,04-Aug-2026,4.7,4.75,4.64,4.68,780000
IH,04-Aug-2026,1.35,1.35,1.28,1.29,8100
IHD,04-Aug-2026,7.33,7.48,7.33,7.48,45800
IHG,04-Aug-2026,159.47,159.89,156.98,157.11,270100
IHS,04-Aug-2026,8.22,8.25,8.21,8.21,386300
IIF,04-Aug-2026,23.24,23.495,23.2,23.3,30200
IIIN,04-Aug-2026,31.38,33.2,31.28,32.94,327300
IIM,04-Aug-2026,12.55,12.6236,12.53,12.58,62600
IIP-A,04-Aug-2026,25.19,25.229,25.12,25.16,16700
IIPR,04-Aug-2026,57.8,60.7,56.25,60.36,473600
IIPRpA,04-Aug-2026,25.19,25.229,25.12,25.16,12520
IMAX,04-Aug-2026,51.15,51.3,50,51.26,1497000
INF.W,04-Aug-2026,5.96,6,5.745,5.93,18800
INFO,04-Aug-2026,28.05,28.45,28.044,28.3784,6400
INFQ,04-Aug-2026,11.43,11.5157,11.1,11.46,10085900
INFY,04-Aug-2026,12.18,12.64,12.14,12.6,19825900
ING,04-Aug-2026,35.68,35.9,35.28,35.34,4573300
INGM,04-Aug-2026,28.32,29.81,28.24,29.23,1417000
INGR,04-Aug-2026,103.24,105,100.405,104.63,1066900
INN,04-Aug-2026,6.96,6.97,6.815,6.89,808500
INN-E,04-Aug-2026,18.59,18.6499,18.44,18.5,6800
INN-F,04-Aug-2026,17.61,17.72,17.19,17.52,13700
INNpE,04-Aug-2026,18.59,18.6499,18.44,18.5,5671
INNpF,04-Aug-2026,17.61,17.72,17.19,17.52,12384
INR,04-Aug-2026,12.69,13.03,12.61,12.84,229400
INSP,04-Aug-2026,64.16,66.205,59.5,64.14,2329000
INSW,04-Aug-2026,95.05,95.05,91.76,92.57,538900
INVH,04-Aug-2026,30.23,30.53,30.01,30.47,3840300
INVX,04-Aug-2026,28.78,33.71,28.78,31.63,1317500
ION.W,04-Aug-2026,28.78,30.6642,28.78,30.33,2300
IONQ,04-Aug-2026,39.63,42.05,39.58,41.72,25440200
IONQ.WS,04-Aug-2026,28.78,30.6642,28.78,30.33,1750
IOT,04-Aug-2026,36.99,38.8591,36.8663,38.6,5131000
IP,04-Aug-2026,41.67,42.54,41.43,42.31,4351300
IPB,04-Aug-2026,25.25,25.35,25.25,25.35,1000
IPI,04-Aug-2026,33.15,34.34,32.6,33.96,232700
IQI,04-Aug-2026,9.91,10,9.9,9.98,94800
IQV,04-Aug-2026,232.48,233.1,227.15,228.2,1472000
IR,04-Aug-2026,88.4,89.49,86.82,89.46,4590200
IRM,04-Aug-2026,123.05,126.365,121.885,125.51,2511100
IRS,04-Aug-2026,15.38,15.3921,14.9,14.97,90000
IRT,04-Aug-2026,17,17.125,16.52,17.06,7840000
ISD,04-Aug-2026,12.48,12.58,12.46,12.58,147500
IT,04-Aug-2026,157.58,191.91,155.86,185.79,3712100
ITGR,04-Aug-2026,124.78,125.14,124.45,125.05,3692800
ITT,04-Aug-2026,200.65,205.92,196.71,204.65,1703500
ITUB,04-Aug-2026,8.49,8.52,8.18,8.19,16828500
ITW,04-Aug-2026,284.92,296.325,284.36,295.06,1215400
IVR,04-Aug-2026,7.41,7.429,7.27,7.4,3353900
IVR-C,04-Aug-2026,25.06,25.09,25.04,25.04,9000
IVRpC,04-Aug-2026,25.06,25.09,25.04,25.0878,7760
IVT,04-Aug-2026,34.1,34.83,33.97,34.08,956400
IVZ,04-Aug-2026,31.35,32.06,31.26,32,5865600
IX,04-Aug-2026,40.02,40.44,39.98,40.24,141500
J,04-Aug-2026,139.38,143.97,138.55,142.68,1362800
JAN,04-Aug-2026,29.56,30.05,28.89,29.91,1854300
JBGS,04-Aug-2026,13.2,13.2,11.32,11.98,4127100
JBI,04-Aug-2026,5.48,5.665,5.46,5.65,1383000
JBK,04-Aug-2026,26.92,26.92,26.92,26.92,100
JBL,04-Aug-2026,329.31,345.53,327.62,340,1000000
JBND,04-Aug-2026,52.76,52.79,52.7,52.79,1135500
JBS,04-Aug-2026,13.7,13.74,13.49,13.61,4551000
JBTM,04-Aug-2026,127.57,133.88,125,132.47,1142300
JCE,04-Aug-2026,16.82,17.19,16.82,16.95,59400
JCI,04-Aug-2026,149,154.32,146.8,153.62,4569500
JEF,04-Aug-2026,55.96,56.835,53.06,55.71,3305000
JELD,04-Aug-2026,1.69,1.83,1.63,1.81,6590800
JEN-,04-Aug-2026,0.1802,0.1802,0.12,0.1601,5800
JENAr,04-Aug-2026,0.1802,0.1802,0.12,0.1601,5708
JFR,04-Aug-2026,7.74,7.76,7.69,7.69,360200
JGH,04-Aug-2026,12.6,12.65,12.571,12.58,64900
JHI,04-Aug-2026,13.28,13.39,13.28,13.33,14700
JHS,04-Aug-2026,10.93,10.9456,10.87,10.912,28600
JHX,04-Aug-2026,27.86,28.41,27.44,28.36,7374900
JILL,04-Aug-2026,18.5,19.23,18.37,19.2,86900
JKS,04-Aug-2026,15.9,16.15,15.26,15.98,1071700
JLL,04-Aug-2026,365.83,369.95,363.5,367.86,324200
JLS,04-Aug-2026,17.34,17.35,17.25,17.25,21700
JMIA,04-Aug-2026,6.17,6.29,6.1,6.13,1490600
JMKE,04-Aug-2026,24.73,24.92,23.13,23.29,4798700
JMM,04-Aug-2026,5.77,5.81,5.76,5.81,6500
JNJ,04-Aug-2026,254.41,255.52,250.44,254.93,7362300
JOB.W,04-Aug-2026,0.02,0.0215,0.0044,0.0169,801700
JOBY,04-Aug-2026,7.69,8.1,7.62,7.97,27070200
JOBY.WS,04-Aug-2026,0.02,0.0215,0.0044,0.0169,745167
JOE,04-Aug-2026,64.12,65.65,63.69,64.84,270700
JOF,04-Aug-2026,11.69,11.865,11.655,11.82,71700
JPC,04-Aug-2026,7.79,7.8,7.755,7.76,648000
JPM,04-Aug-2026,355,363,353.873,357.52,8477200
JPM-C,04-Aug-2026,24.86,25,24.85,25,231400
JPM-D,04-Aug-2026,23.9,23.9399,23.8,23.85,236200
JPM-J,04-Aug-2026,19.06,19.14,18.98,19.06,108800
JPM-K,04-Aug-2026,18.1,18.1439,18.02,18.09,231600
JPM-L,04-Aug-2026,18.47,18.51,18.33,18.42,264000
JPM-M,04-Aug-2026,17.05,17.06,16.85,16.95,369400
JPMpC,04-Aug-2026,24.86,25,24.85,24.99,184171
JPMpD,04-Aug-2026,23.9,23.9399,23.8,23.85,210086
JPMpJ,04-Aug-2026,19.06,19.14,18.98,19.06,91655
JPMpK,04-Aug-2026,18.1,18.1439,18.02,18.09,205744
JPMpL,04-Aug-2026,18.47,18.51,18.33,18.43,238356
JPMpM,04-Aug-2026,17.05,17.06,16.85,16.94,332829
JQC,04-Aug-2026,4.78,4.7959,4.76,4.78,500300
JRI,04-Aug-2026,12.8,12.96,12.72,12.72,248300
JRS,04-Aug-2026,8.61,8.73,8.53,8.58,58000
JXN,04-Aug-2026,137.99,137.99,126.82,133.61,1038500
JXN-A,04-Aug-2026,25.42,25.625,25.42,25.62,38500
JXNpA,04-Aug-2026,25.49,25.625,25.42,25.61,31876
KAI,04-Aug-2026,329.72,337.22,324.27,334.92,121600
KB,04-Aug-2026,120.6,122,119.63,119.98,297000
KBDC,04-Aug-2026,13.84,13.98,13.71,13.9,407300
KBH,04-Aug-2026,56.54,58.19,56.34,58.05,789800
KBR,04-Aug-2026,36.95,38.04,36.5156,37.83,1171700
KCA.S,04-Aug-2026,10.15,10.1501,10.15,10.1501,11600
KCA.U,04-Aug-2026,10.5,10.525,10.35,10.35,8100
KCA.W,04-Aug-2026,1.02,1.05,1,1.05,2600
KD,04-Aug-2026,14.06,14.71,13.58,14.69,6528200
KEN,04-Aug-2026,67.5,68.48,66.83,68.19,17700
KEP,04-Aug-2026,12.4,12.435,12.29,12.34,1357700
KEX,04-Aug-2026,131.23,133.11,130.2,132.42,478200
KEY,04-Aug-2026,22.79,23.27,22.755,23.1,7935800
KEY-I,04-Aug-2026,25.27,25.33,25.27,25.31,15500
KEY-J,04-Aug-2026,21.59,21.59,21.4701,21.49,20400
KEY-K,04-Aug-2026,21.48,21.59,21.48,21.49,16600
KEY-L,04-Aug-2026,25.4,25.42,25.29,25.3,53700
KEYpI,04-Aug-2026,25.27,25.33,25.27,25.31,11500
KEYpJ,04-Aug-2026,21.59,21.59,21.4701,21.49,17446
KEYpK,04-Aug-2026,21.48,21.59,21.48,21.51,12848
KEYpL,04-Aug-2026,25.4,25.42,25.29,25.33,28742
KEYS,04-Aug-2026,335,343.87,331.76,341.24,1525900
KF,04-Aug-2026,58.65,61.6599,58.65,60.72,35800
KFRC,04-Aug-2026,56.71,58.25,56.68,58.07,206200
KFY,04-Aug-2026,81.46,83.56,81.44,83.2,367500
KGC,04-Aug-2026,24.2,24.38,23.535,23.6,8300900
KGS,04-Aug-2026,58.41,59.814,57.96,59.54,1267700
KIM,04-Aug-2026,25.4,25.72,24.8201,25.01,8283000
KIM-L,04-Aug-2026,19.38,19.4,19.3211,19.37,10600
KIM-M,04-Aug-2026,19.74,19.78,19.71,19.74,8100
KIMpL,04-Aug-2026,19.38,19.4,19.3211,19.37,8441
KIMpM,04-Aug-2026,19.74,19.78,19.71,19.74,4222
KIO,04-Aug-2026,11,11.1,11,11.04,189400
KKR,04-Aug-2026,105.4,108.36,104.35,108.21,5337700
KKR-D,04-Aug-2026,44.97,45.96,44.9,45.6,174900
KKRpD,04-Aug-2026,44.97,45.96,44.9,45.61,48776
KKRS,04-Aug-2026,16.24,16.24,16.1401,16.17,14800
KKRT,04-Aug-2026,23.33,23.349,23.2,23.24,74200
KLAR,04-Aug-2026,20,20.61,19.915,20.61,3915800
KLC,04-Aug-2026,5.37,5.545,5.37,5.48,327800
KMI,04-Aug-2026,30.99,31.605,30.68,31.38,12125600
KMPB,04-Aug-2026,24.8,24.8,24.65,24.65,12500
KMPR,04-Aug-2026,28.88,29.49,28.62,29.41,655000
KMT,04-Aug-2026,35.36,36.41,34.61,36.06,2193600
KMX,04-Aug-2026,58.47,59.4,57.48,57.51,2520000
KN,04-Aug-2026,38.47,40.5839,38.4,40.4,1222300
KNF,04-Aug-2026,71.15,72.04,65.78,69.51,3314100
KNOP,04-Aug-2026,10.6,10.65,10.38,10.5,25500
KNSL,04-Aug-2026,353.5,365.96,350.01,362.82,386100
KNTK,04-Aug-2026,48.59,48.99,47.4,48.68,1045700
KNX,04-Aug-2026,69.22,71.74,69.22,71.62,3680900
KO,04-Aug-2026,85.79,86.68,85.16,86.56,17085600
KODK,04-Aug-2026,8.5,9.19,8.42,8.93,1626200
KOF,04-Aug-2026,108,108.88,107.295,108.48,111900
KOP,04-Aug-2026,50.47,52.15,49.83,51.99,175900
KOS,04-Aug-2026,2.4,2.43,2.32,2.42,17030000
KR,04-Aug-2026,57.4,58.1299,56.98,57.79,6726600
KRC,04-Aug-2026,38.74,39.535,38.265,39.36,809100
KRE-A,04-Aug-2026,18.625,18.625,18.35,18.36,6500
KREF,04-Aug-2026,7.3,7.3,7.13,7.15,833900
KREFpA,04-Aug-2026,18.625,18.625,18.35,18.36,5377
KRG,04-Aug-2026,27.89,27.93,27.45,27.51,6999600
KRMN,04-Aug-2026,51.96,54.71,51.13,53.99,4188100
KRO,04-Aug-2026,6.21,6.3,6.029,6.24,243200
KRP,04-Aug-2026,14.78,14.8275,14.57,14.6,1000500
KRS.U,04-Aug-2026,10.64,10.64,10.64,10.64,400
KRS.W,04-Aug-2026,1.12,1.25,1.08,1.1001,4600
KRSP,04-Aug-2026,10.46,10.5,10.46,10.5,29000
KRSP.U,04-Aug-2026,10.64,10.64,10.64,10.65,0
KSS,04-Aug-2026,19.9,20.265,19.44,20.1,2909600
KT,04-Aug-2026,18.56,18.8,18.44,18.46,3310500
KTB,04-Aug-2026,85.38,86.4199,83.32,83.41,593900
KTF,04-Aug-2026,8.89,8.97,8.84,8.94,282600
KTN,04-Aug-2026,25.4,25.4,25.32,25.39,4900
KVUE,04-Aug-2026,19,19.61,18.685,19.55,23595500
KVYO,04-Aug-2026,17.83,19.18,17.83,19.1,6504500
KWR,04-Aug-2026,169.45,175.065,156.34,173.26,170100
KWY,04-Aug-2026,9.25,9.48,9.08,9.28,61200
KYN,04-Aug-2026,14.37,14.41,14.185,14.29,543400
L,04-Aug-2026,115.5,116.25,114,115.98,615900
LAC,04-Aug-2026,3.05,3.13,3.03,3.08,13454600
LAD,04-Aug-2026,375.19,376.9999,366.585,370.99,366700
LADR,04-Aug-2026,9.68,9.685,9.58,9.64,1121600
LANV,04-Aug-2026,1.15,1.21,1.1,1.21,22600
LAR,04-Aug-2026,6.43,6.56,6.36,6.42,1791900
LAW,04-Aug-2026,4.01,4.215,4.01,4.17,223100
LAZ,04-Aug-2026,43.72,44.62,43.24,43.74,1222300
LB,04-Aug-2026,74.5,74.945,72.8505,73.68,263500
LBRT,04-Aug-2026,18.71,20.17,18.69,19.81,6443800
LCII,04-Aug-2026,103.53,107.42,102.08,107.05,321400
LCLN,04-Aug-2026,20.19,20.95,20.19,20.43,353700
LDI,04-Aug-2026,1.1,1.19,1.05,1.05,3723500
LDOS,04-Aug-2026,124.96,132.07,124.96,130.6,2832000
LDP,04-Aug-2026,20.55,20.625,20.4201,20.49,116800
LEA,04-Aug-2026,123.21,126.55,120.42,125.93,1241500
LEG,04-Aug-2026,10.17,10.475,10.12,10.46,1729000
LEN,04-Aug-2026,85.67,87.4,84.89,87.02,1711400
LEN.B,04-Aug-2026,83.92,85.66,83.47,85.41,72600
LEO,04-Aug-2026,6.19,6.2001,6.17,6.2,254000
LEU,04-Aug-2026,190,192.88,185.01,189.24,539200
LEVI,04-Aug-2026,24.79,25.06,24.475,24.5,1676400
LFT,04-Aug-2026,0.6883,0.7074,0.6713,0.675,211600
LFT-A,04-Aug-2026,17.33,17.5,17.33,17.41,5600
LFTpA,04-Aug-2026,17.33,17.5,17.33,17.41,5103
LGI,04-Aug-2026,18.2,18.3,18.19,18.26,65900
LH,04-Aug-2026,306.79,312.96,300.58,312.34,748400
LHX,04-Aug-2026,279.69,286.37,276.77,285.3,1634400
LII,04-Aug-2026,440.64,448.6,435.0601,446.74,640500
LION,04-Aug-2026,13.35,13.42,12.96,13.02,3593800
LITB,04-Aug-2026,3.38,3.38,3.26,3.27,2400
LLY,04-Aug-2026,1117.38,1135.83,1109.16,1115.68,4097100
LMND,04-Aug-2026,53.05,55.05,52.18,54.11,1694700
LMT,04-Aug-2026,587.19,592.5,578.3,589.33,1181200
LNC,04-Aug-2026,45.17,47.08,45.17,47,1823500
LNC-D,04-Aug-2026,26.47,26.49,26.35,26.41,31700
LNCpD,04-Aug-2026,26.47,26.49,26.35,26.445,23244
LND,04-Aug-2026,3.67,3.6895,3.602,3.61,18700
LNG,04-Aug-2026,254.57,259.6,250.76,257.29,1873300
LNN,04-Aug-2026,113.75,118.1,113.05,117.73,101800
LOAR,04-Aug-2026,73.63,75.78,72.75,75.52,631700
LOB,04-Aug-2026,43.49,44.53,43.49,43.63,267100
LOB-A,04-Aug-2026,25.13,25.206,25.05,25.12,42900
LOBpA,04-Aug-2026,25.13,25.206,25.05,25.07,38456
LOCL,04-Aug-2026,1.06,1.06,1.01,1.04,14300
LOMA,04-Aug-2026,11.6,11.795,10.97,11.03,556100
LOW,04-Aug-2026,211.75,218.79,211.0301,218.08,2852900
LPG,04-Aug-2026,45.11,45.405,43.49,43.52,890300
LPL,04-Aug-2026,3.26,3.3,3.205,3.23,3426900
LPX,04-Aug-2026,73.51,77.715,73.01,76.81,1987500
LRN,04-Aug-2026,78.7,80.91,77.56,80.45,1709300
LSPD,04-Aug-2026,10.21,10.48,10.195,10.44,942800
LTC,04-Aug-2026,38.96,39.03,37.87,38.48,575100
LTH,04-Aug-2026,44.73,45.25,43.31,44.73,3195200
LTM,04-Aug-2026,56.37,56.68,55.335,55.66,820100
LU,04-Aug-2026,1.53,1.565,1.51,1.53,609300
LUCK,04-Aug-2026,6.73,6.89,6.555,6.81,80200
LUMN,04-Aug-2026,6.63,6.87,6.545,6.71,18086700
LUV,04-Aug-2026,47.9,49.12,47.29,48.7,5885800
LUXE,04-Aug-2026,8.48,8.5,8.01,8.45,250800
LVS,04-Aug-2026,46.68,47,45.79,46.02,6876000
LVW.W,04-Aug-2026,0.038,0.038,0.0249,0.0299,73000
LVWR,04-Aug-2026,1.66,1.66,1.315,1.42,1658200
LVWR.WS,04-Aug-2026,0.038,0.038,0.0249,0.0299,70144
LW,04-Aug-2026,52.35,53.3,52.235,53.18,1375900
LXFR,04-Aug-2026,17.12,17.14,17.05,17.06,301600
LXP,04-Aug-2026,60.43,60.68,60.42,60.55,1495100
LXP-C,04-Aug-2026,48.8,48.8101,48.65,48.8101,1500
LXPpC,04-Aug-2026,48.8,48.8101,48.65,48.8101,1200
LXU,04-Aug-2026,9.72,9.95,9.47,9.81,1798800
LYB,04-Aug-2026,58.82,61.37,57.86,61.11,3989400
LYG,04-Aug-2026,6.27,6.32,6.2101,6.22,15787000
LYV,04-Aug-2026,181.82,185.45,181.545,183.7,3043700
LZB,04-Aug-2026,41.27,41.97,41.105,41.73,342000
LZM,04-Aug-2026,3.59,3.82,3.571,3.74,359800
LZM.W,04-Aug-2026,0.3191,0.3191,0.3191,0.3191,300
LZM.WS,04-Aug-2026,0.3191,0.3191,0.3191,0.3191,100
M,04-Aug-2026,26.01,26.585,25.69,26.21,5537000
MA,04-Aug-2026,566.99,573.35,564,571.1,3207400
MAA,04-Aug-2026,132.28,133.66,131.45,133.21,959800
MAA-I,04-Aug-2026,52.55,52.55,52.41,52.55,600
MAApI,04-Aug-2026,52.55,52.55,52.41,52.55,445
MAC,04-Aug-2026,25.61,25.93,25.46,25.62,2850300
MAGN,04-Aug-2026,13.7,13.8399,13.63,13.69,246100
MAIN,04-Aug-2026,56.16,57.21,56.0296,57.15,655100
MAIR,04-Aug-2026,29.97,32.53,29.79,31.75,3238600
MAN,04-Aug-2026,52.79,54.9,52.3528,54.8,799000
MANE,04-Aug-2026,102.93,107.82,98.56,107.28,1702700
MANU,04-Aug-2026,22.94,23,22.46,22.48,280900
MAS,04-Aug-2026,75.4,77.18,74.775,77.08,2967400
MATV,04-Aug-2026,9.01,9.26,8.98,9.2,618100
MATX,04-Aug-2026,228,228,210.05,213.44,774900
MAX,04-Aug-2026,12.49,12.68,12.24,12.38,777700
MBC,04-Aug-2026,9.05,9.53,9.001,9.48,2819400
MBGL,04-Aug-2026,20.75,21.3225,20.75,21.21,3327400
MBI,04-Aug-2026,5.3,5.31,5.21,5.27,451800
MC,04-Aug-2026,69,69.95,68.6,68.69,1062700
MCB,04-Aug-2026,92.8,95.66,91.8,94.21,161600
MCD,04-Aug-2026,270.33,271.53,264.305,268.34,7485900
MCI,04-Aug-2026,16.36,16.55,16.21,16.3,36100
MCK,04-Aug-2026,815.98,835.95,810.88,830.43,1089400
MCN,04-Aug-2026,5.62,5.62,5.5893,5.6,71600
MCO,04-Aug-2026,479.69,486.87,479.69,483.67,541700
MCS,04-Aug-2026,30.64,31.31,29.895,31.12,684700
MCY,04-Aug-2026,106.13,107.75,105.21,106.6,472200
MD,04-Aug-2026,23.56,26.6,22.6,24.71,1545000
MDA,04-Aug-2026,33.36,35.06,33.1,34.27,2113600
MDST,04-Aug-2026,29.23,29.23,28.68,29.06,118000
MDT,04-Aug-2026,85.49,86.24,84.95,86.2,6361100
MDU,04-Aug-2026,20.03,20.23,19.745,20.08,1398000
MDV,04-Aug-2026,17.12,17.1219,16.91,16.95,67100
MDV-A,04-Aug-2026,25.21,25.2144,25.16,25.16,2500
MDVpA,04-Aug-2026,25.2144,25.2144,25.16,25.16,2100
MEC,04-Aug-2026,26.56,28.7,26.38,27.73,979200
MED,04-Aug-2026,12.03,13.45,11.95,13.08,908300
MEGI,04-Aug-2026,15.32,15.32,15.12,15.18,138500
MEI,04-Aug-2026,14.78,15.17,14.55,15.1,418200
MER-K,04-Aug-2026,25.27,25.32,25.23,25.27,120900
MERpK,04-Aug-2026,25.27,25.32,25.23,25.27,109673
MET,04-Aug-2026,94.92,96.44,93.91,96.13,5299000
MET-A,04-Aug-2026,21.05,21.15,21.02,21.02,31700
MET-E,04-Aug-2026,22.08,22.09,22.01,22.07,76000
MET-F,04-Aug-2026,18.27,18.28,18.21,18.22,76500
METpA,04-Aug-2026,21.05,21.15,21.02,21.02,27988
METpE,04-Aug-2026,22.08,22.09,22.01,22.07,67740
METpF,04-Aug-2026,18.27,18.28,18.21,18.2472,63923
MFA,04-Aug-2026,9.15,9.21,9.06,9.09,1616300
MFA-B,04-Aug-2026,20.36,20.95,20.35,20.37,12700
MFA-C,04-Aug-2026,23.27,23.29,23.26,23.27,42300
MFAN,04-Aug-2026,24.92,25.01,24.91,24.99,18100
MFAO,04-Aug-2026,25.13,25.13,25.05,25.06,5600
MFApB,04-Aug-2026,20.36,20.95,20.35,20.37,10252
MFApC,04-Aug-2026,23.27,23.29,23.26,23.27,40413
MFC,04-Aug-2026,44.43,44.79,44.16,44.77,2311400
MFG,04-Aug-2026,10.39,10.395,10.315,10.34,3021800
MFM,04-Aug-2026,5.38,5.4,5.365,5.39,245600
MFSB,04-Aug-2026,24.65,24.69,24.65,24.685,79900
MFSG,04-Aug-2026,30.14,30.538,30.13,30.46,42200
MFSI,04-Aug-2026,33.56,33.75,33.52,33.7,131100
MFSM,04-Aug-2026,24.7,24.8,24.7,24.77,54300
MFSV,04-Aug-2026,29.66,29.93,29.53,29.89,127100
MG,04-Aug-2026,15.89,16.0799,15.56,15.93,116200
MGA,04-Aug-2026,67.86,70.395,67.43,70.04,2454200
MGF,04-Aug-2026,2.83,2.83,2.82,2.83,24400
MGM,04-Aug-2026,44.67,45.81,44.45,45.72,4277300
MGR,04-Aug-2026,20.26,20.28,20.2,20.21,13900
MGRB,04-Aug-2026,16.7,16.78,16.69,16.76,7300
MGRD,04-Aug-2026,15.0434,15.05,14.96,15.035,5100
MGRE,04-Aug-2026,23.15,23.1599,23.06,23.115,18100
MGY,04-Aug-2026,24.69,25.05,24.43,24.58,3778700
MH,04-Aug-2026,11.34,11.58,11.105,11.56,514000
MHD,04-Aug-2026,11.56,11.61,11.54,11.57,206200
MHF,04-Aug-2026,6.87,6.89,6.83,6.85,74300
MHK,04-Aug-2026,135,137.29,133.625,136.6,1280700
MHLA,04-Aug-2026,10.72,10.83,10.67,10.83,2000
MHNC,04-Aug-2026,12.31,12.3199,12.05,12.105,5000
MHO,04-Aug-2026,149,151.13,148.01,150.12,251400
MIAX,04-Aug-2026,46.5,46.91,45.045,45.34,1500400
MICC,04-Aug-2026,18.38,18.67,18.27,18.29,982300
MIN,04-Aug-2026,2.41,2.44,2.41,2.42,277100
MIR,04-Aug-2026,15.99,16.3888,15.64,16.17,4474000
MIT-A,04-Aug-2026,21.65,21.7,21.65,21.7,600
MIT-B,04-Aug-2026,20.58,20.58,20.46,20.49,7100
MIT-C,04-Aug-2026,25.13,25.17,25.025,25.11,7200
MITN,04-Aug-2026,25.5,25.5,25.3001,25.48,3100
MITP,04-Aug-2026,25.07,25.08,25.06,25.06,3100
MITT,04-Aug-2026,7.12,7.22,7.1,7.14,249700
MITTpA,04-Aug-2026,21.65,21.7,21.65,21.7,536
MITTpB,04-Aug-2026,20.58,20.58,20.46,20.49,4632
MITTpC,04-Aug-2026,25.13,25.17,25.025,25.11,6513
MIY,04-Aug-2026,12.1,12.1362,12.05,12.12,11300
MKC,04-Aug-2026,51.04,52.2,50.49,52.06,2355300
MKC.V,04-Aug-2026,52,52.55,50.92,51.4,2500
MKL,04-Aug-2026,1879.09,1910,1870,1887.65,81000
MLI,04-Aug-2026,67.26,68.62,66.69,68.35,996200
MLM,04-Aug-2026,547.84,556.239,538.51,555.82,646400
MLP,04-Aug-2026,18,18.12,17.71,17.71,20900
MLR,04-Aug-2026,49.9,51.076,48.88,50.82,114100
MMD,04-Aug-2026,14.93,15,14.91,14.97,65300
MMI,04-Aug-2026,30.67,31.07,30.635,30.92,170200
MMID,04-Aug-2026,27.485,27.485,27.485,27.485,100
MMK,04-Aug-2026,100.04,100.04,100.03,100.04,2500
MMKT,04-Aug-2026,100.21,100.23,100.21,100.22,10600
MMM,04-Aug-2026,179.17,181.67,176.6,181.45,2980400
MMS,04-Aug-2026,61.32,63.33,61.075,63.33,583200
MMT,04-Aug-2026,4.37,4.39,4.36,4.39,213100
MMU,04-Aug-2026,10.06,10.08,10.0301,10.08,99300
MNR,04-Aug-2026,13.47,13.62,13.225,13.36,247800
MNSO,04-Aug-2026,12.49,12.52,12.3064,12.39,645300
MNTN,04-Aug-2026,9.56,10.2,9.55,10.05,1881500
MO,04-Aug-2026,67.78,68.35,67.52,68.07,10678700
MOD,04-Aug-2026,205.61,207.9994,194.305,201.71,1416200
MOG.A,04-Aug-2026,401.99,412.2961,399.95,408.79,290500
MOG.B,04-Aug-2026,392.94,392.94,392.94,392.94,100
MOGU,04-Aug-2026,2.01,2.0352,2,2.0352,3200
MOH,04-Aug-2026,195,195.09,190,191.36,582900
MOS,04-Aug-2026,21.9,22.75,21.71,22.71,6729700
MOV,04-Aug-2026,38.93,39.88,38.1878,39.54,222000
MP,04-Aug-2026,45.68,48.45,45.21,47.47,10303000
MPA,04-Aug-2026,10.97,11.05,10.97,11.01,27000
MPC,04-Aug-2026,308.83,315.12,301.57,312.61,2507100
MPLX,04-Aug-2026,58.97,60.66,58.28,60.51,2051800
MPT,04-Aug-2026,4.57,4.67,4.54,4.65,5468200
MPV,04-Aug-2026,16.5,16.5,15.93,16.13,175600
MQY,04-Aug-2026,11.26,11.32,11.23,11.26,314000
MRK,04-Aug-2026,128.46,129.99,126.22,128,11816800
MRP,04-Aug-2026,28.99,29.52,28.1,29.42,1776600
MRSH,04-Aug-2026,189.15,192.24,188.83,191.45,2348200
MS,04-Aug-2026,213.67,218.76,211.51,217.04,8932800
MS-A,04-Aug-2026,19,19.0736,18.99,19.02,85700
MS-E,04-Aug-2026,25.44,25.5,25.43,25.5,51500
MS-F,04-Aug-2026,25.28,25.34,25.27,25.28,176200
MS-I,04-Aug-2026,24.83,25.02,24.83,24.97,149400
MS-K,04-Aug-2026,23.14,23.22,23.12,23.18,77500
MS-L,04-Aug-2026,19.31,19.42,19.31,19.36,47700
MS-O,04-Aug-2026,16.7,16.71,16.545,16.67,215300
MS-P,04-Aug-2026,25.15,25.24,25.11,25.23,95400
MS-Q,04-Aug-2026,25.48,25.49,25.43,25.48,46500
MSA,04-Aug-2026,188.62,193.87,186.45,193.23,391200
MSB,04-Aug-2026,22.23,22.9999,22.23,22.57,41600
MSCI,04-Aug-2026,573.66,582.905,570.03,571.47,827900
MSD,04-Aug-2026,7.3,7.3,7.28,7.29,28000
MSDL,04-Aug-2026,14.95,15.295,14.9,15.2,400700
MSGE,04-Aug-2026,77.53,79.2431,77.09,78.01,445600
MSGS,04-Aug-2026,386.83,398.59,386.19,394.97,177300
MSI,04-Aug-2026,437.98,445.635,433.911,442.85,1023100
MSIF,04-Aug-2026,11.53,11.67,11.4298,11.59,299900
MSM,04-Aug-2026,125.57,127.35,121.89,126.74,597900
MSpA,04-Aug-2026,19,19.0736,18.99,19.02,79712
MSpE,04-Aug-2026,25.35,25.49,25.35,25.49,36860
MSpF,04-Aug-2026,25.28,25.34,25.27,25.32,159345
MSpI,04-Aug-2026,24.83,25.02,24.83,25.01,131292
MSpK,04-Aug-2026,23.14,23.22,23.12,23.18,66510
MSpL,04-Aug-2026,19.31,19.42,19.31,19.36,42954
MSpO,04-Aug-2026,16.7,16.71,16.545,16.67,193432
MSpP,04-Aug-2026,25.15,25.24,25.11,25.22,73220
MSpQ,04-Aug-2026,25.48,25.49,25.43,25.49,28672
MT,04-Aug-2026,73.87,75.43,73.53,75.21,1395900
MTAL,04-Aug-2026,10.16,10.19,10.16,10.16,8900
MTB,04-Aug-2026,249.2,254.69,248.595,253.06,1014000
MTB-H,04-Aug-2026,25.15,25.175,25.15,25.17,42100
MTB-J,04-Aug-2026,26.26,26.29,26.17,26.2162,39000
MTB-K,04-Aug-2026,23.99,24,23.82,24,42600
MTB-L,04-Aug-2026,24.81,24.9,24.81,24.9,199800
MTBpH,04-Aug-2026,25.15,25.175,25.15,25.17,36724
MTBpJ,04-Aug-2026,26.26,26.29,26.17,26.2162,32518
MTD,04-Aug-2026,1445,1457.56,1421.68,1437,178000
MTDR,04-Aug-2026,47.53,48.94,47.19,48.8,2045200
MTG,04-Aug-2026,30.31,31.04,30.31,30.95,1793000
MTH,04-Aug-2026,72.67,74.97,72.5,74.53,915900
MTN,04-Aug-2026,148.15,150.5,147.775,149.59,571000
MTN.W,04-Aug-2026,0.34,0.35,0.28,0.32,193600
MTNE,04-Aug-2026,9.871,9.871,9.871,9.871,100
MTR,04-Aug-2026,2.875,2.885,2.85,2.876,2900
MTRN,04-Aug-2026,222.72,227.98,219.0201,227.1,411500
MTUS,04-Aug-2026,20.6,22.1,19.21,21.56,904800
MTW,04-Aug-2026,14.55,14.7596,14.38,14.45,206100
MTX,04-Aug-2026,74.58,75.9999,73.475,75.21,330100
MTZ,04-Aug-2026,266,275.44,263.5,271.71,1565500
MUA,04-Aug-2026,10.09,10.12,10.05,10.11,295900
MUA-,04-Aug-2026,0.005,0.0099,0.002,0.0098,4065100
MUC,04-Aug-2026,10.65,10.71,10.62,10.71,532900
MUFG,04-Aug-2026,22.07,22.07,21.81,21.83,4701700
MUJ,04-Aug-2026,12.01,12.05,11.98,12.04,117700
MUR,04-Aug-2026,37.75,38.42,37.0101,38.38,1385600
MUSA,04-Aug-2026,586.68,593.585,581.14,589.54,308900
MUSE,04-Aug-2026,49.425,49.425,49.425,49.425,100
MUX,04-Aug-2026,18.1,18.89,18.04,18.67,970900
MWA,04-Aug-2026,26.1,26.62,25.71,26.6,1085700
MX,04-Aug-2026,3.56,3.73,3.56,3.67,992500
MXF,04-Aug-2026,21.74,22.39,21.53,21.65,54400
MYE,04-Aug-2026,37.17,37.45,36.2,36.64,549200
MYI,04-Aug-2026,10.76,10.83,10.74,10.77,340100
MYN,04-Aug-2026,9.74,9.86,9.72,9.8,249800
MZY.W,04-Aug-2026,0.65,0.66,0.61,0.66,5400
MZYX,04-Aug-2026,9.95,9.96,9.95,9.96,1800
NABL,04-Aug-2026,4.94,5.245,4.9166,5.21,1277600
NAC,04-Aug-2026,11.67,11.8,11.67,11.78,594500
NAD,04-Aug-2026,11.72,11.75,11.7,11.74,595500
NAN,04-Aug-2026,11.2,11.24,11.1699,11.23,129600
NAT,04-Aug-2026,6.41,6.49,6.21,6.26,2767700
NATL,04-Aug-2026,46.55,47.11,46.27,47,488300
NAZ,04-Aug-2026,12.3,12.36,12.11,12.215,3100
NBB,04-Aug-2026,15.36,15.4335,15.2111,15.3,43600
NBHC,04-Aug-2026,43.29,43.89,43.19,43.47,318300
NBR,04-Aug-2026,81.98,85.34,81.98,83.59,350400
NBXG,04-Aug-2026,15.36,15.51,15.0354,15.38,174100
NC,04-Aug-2026,47.54,47.75,47.54,47.75,6200
NCA,04-Aug-2026,8.99,9.06,8.97,9.06,42400
NCDL,04-Aug-2026,12.48,12.8,12.435,12.73,189500
NCLH,04-Aug-2026,20.18,20.37,19.72,20.07,18963200
NCV,04-Aug-2026,16.99,17.07,16.87,16.99,58600
NCV-A,04-Aug-2026,20.47,20.54,20.4301,20.52,3500
NCVpA,04-Aug-2026,20.47,20.54,20.4301,20.5,2932
NCZ,04-Aug-2026,15.66,15.85,15.54,15.62,60800
NCZ-A,04-Aug-2026,20.15,20.2,20.06,20.14,5900
NCZpA,04-Aug-2026,20.15,20.2,20.06,20.14,4600
NDMO,04-Aug-2026,9.94,9.97,9.9,9.95,249800
NE,04-Aug-2026,39.87,40.9,39.78,40.83,1439100
NE.A,04-Aug-2026,15.8,15.8,15.8,15.8,200
NE.WS.A,04-Aug-2026,15.8,15.8,15.8,15.8,100
NEA,04-Aug-2026,11.31,11.345,11.29,11.32,619800
NEE,04-Aug-2026,86.13,87.305,85.48,87.2,11420000
NEE-N,04-Aug-2026,22.03,22.06,21.82,21.86,97800
NEE-S,04-Aug-2026,53,53.44,52.86,53.37,1263700
NEE-T,04-Aug-2026,48.83,49.225,48.58,49.05,277800
NEE-U,04-Aug-2026,24.23,24.28,24.16,24.27,155700
NEE-V,04-Aug-2026,47.57,47.79,47.09,47.78,406100
NEE-W,04-Aug-2026,24.03,24.1,24.005,24.09,20700
NEEpN,04-Aug-2026,22.03,22.06,21.82,21.88,75134
NEEpS,04-Aug-2026,53,53.44,52.86,53.37,30954
NEEpT,04-Aug-2026,48.83,49.225,48.58,49.05,15533
NEEpU,04-Aug-2026,24.37,24.37,24.16,24.27,130749
NEM,04-Aug-2026,97.85,98.52,96.675,97.73,5449000
NET,04-Aug-2026,280,303.76,278.51,301.33,5453700
NEU,04-Aug-2026,854.13,889.91,848.7,889.04,152300
NEXA,04-Aug-2026,13.09,13.79,13.09,13.5,1152100
NFG,04-Aug-2026,81.69,82.23,80.85,81.59,667400
NFJ,04-Aug-2026,15.38,15.538,15.38,15.52,158500
NGG,04-Aug-2026,80.13,80.49,79.17,80.42,762900
NGL,04-Aug-2026,15.74,16.05,15.6,15.85,157400
NGL-B,04-Aug-2026,25.55,25.55,25.4,25.42,6800
NGL-C,04-Aug-2026,25.41,25.425,25.375,25.425,2000
NGLpB,04-Aug-2026,25.55,25.55,25.4,25.44,5687
NGLpC,04-Aug-2026,25.41,25.425,25.375,25.425,1372
NGS,04-Aug-2026,36.37,37.41,36.2501,37.23,86200
NGVC,04-Aug-2026,32.84,33.41,32.41,32.56,129900
NGVT,04-Aug-2026,73.67,75.93,72.71,75.58,279400
NHI,04-Aug-2026,75.39,75.53,73.8001,74.56,408000
NI,04-Aug-2026,44.52,44.685,43.69,44.53,6885300
NIC,04-Aug-2026,174.35,176.59,173.3601,175.13,174100
NIE,04-Aug-2026,26.13,26.46,26.13,26.37,61500
NIM,04-Aug-2026,9.22,9.3381,9.22,9.3,10400
NIO,04-Aug-2026,4.75,4.835,4.705,4.76,23351700
NIQ,04-Aug-2026,11.44,11.73,11.44,11.7,1920300
NJR,04-Aug-2026,56.86,57.87,55.69,57.39,1171400
NKE,04-Aug-2026,41.35,42.0899,40.911,41.53,27802800
NKX,04-Aug-2026,12.15,12.22,12.135,12.21,197000
NL,04-Aug-2026,5.9,5.99,5.79,5.84,18900
NLOP,04-Aug-2026,11.93,12.01,11.75,11.93,136600
NLY,04-Aug-2026,22.83,22.91,22.525,22.75,9733600
NLY-F,04-Aug-2026,25.87,25.93,25.85,25.89,20200
NLY-G,04-Aug-2026,25.29,25.29,25.1201,25.27,13500
NLY-I,04-Aug-2026,25.79,25.9,25.79,25.89,19100
NLY-J,04-Aug-2026,25.96,26.05,25.96,26.05,16500
NLYpF,04-Aug-2026,25.87,25.93,25.85,25.89,17384
NLYpG,04-Aug-2026,25.29,25.29,25.1201,25.27,12031
NLYpI,04-Aug-2026,25.79,25.9,25.79,25.89,15488
NLYpJ,04-Aug-2026,25.96,26.05,25.96,26.05,12656
NMAI,04-Aug-2026,14.26,14.27,14.16,14.19,112800
NMAX,04-Aug-2026,7.9,8.4,7.9,8.36,833200
NMCO,04-Aug-2026,10.48,10.49,10.4546,10.47,221400
NMG,04-Aug-2026,1.32,1.38,1.32,1.36,421400
NMI,04-Aug-2026,10.77,10.96,10.67,10.69,31700
NMM,04-Aug-2026,80.82,81.87,77.15,78.31,133600
NMR,04-Aug-2026,9.7,9.78,9.65,9.74,869000
NMS,04-Aug-2026,11.75,11.75,11.42,11.48,50100
NMT,04-Aug-2026,12.62,12.75,12.62,12.65,11000
NMZ,04-Aug-2026,10.18,10.2,10.12,10.16,1037700
NNI,04-Aug-2026,137.85,139.385,131.14,136.1,187500
NNN,04-Aug-2026,47.2,47.3,46.435,47.17,1689800
NNY,04-Aug-2026,8.25,8.305,8.23,8.29,36700
NOA,04-Aug-2026,13.52,13.62,13.44,13.52,45400
NOAH,04-Aug-2026,8.53,8.54,8.4,8.4,94800
NOC,04-Aug-2026,547.77,555,541.0896,551.55,753000
NOG,04-Aug-2026,20.2,20.57,19.89,20.44,1875900
NOK,04-Aug-2026,9.97,10.17,9.76,9.92,99289200
NOMD,04-Aug-2026,11.91,12,11.872,11.91,1053500
NOV,04-Aug-2026,19.25,20.055,19.2471,19.99,2829400
NOW,04-Aug-2026,112.59,118.33,112,118.14,19398600
NP,04-Aug-2026,31.37,31.94,30.805,31.89,527300
NPB,04-Aug-2026,17.3,17.68,17.01,17.44,219900
NPCT,04-Aug-2026,9.8,9.8899,9.74,9.76,214200
NPFD,04-Aug-2026,18.21,18.43,18.2,18.35,127500
NPK,04-Aug-2026,136.97,138.55,131.66,136.06,109300
NPKI,04-Aug-2026,13.43,13.83,13.23,13.61,1117000
NPO,04-Aug-2026,324.33,342.525,309.074,334.84,391100
NPV,04-Aug-2026,10.79,10.9,10.78,10.86,116600
NPW.W,04-Aug-2026,0.2,0.2288,0.18,0.22,23700
NPWR,04-Aug-2026,1.53,1.56,1.49,1.54,525000
NPWR.WS,04-Aug-2026,0.2,0.2288,0.18,0.22,23326
NRDY,04-Aug-2026,0.81,0.89,0.8,0.8407,230700
NRE-A,04-Aug-2026,24.31,24.55,24.31,24.55,1000
NREF,04-Aug-2026,17.15,17.5,17.0666,17.19,64300
NREFpA,04-Aug-2026,24.31,24.55,24.31,24.55,734
NRG,04-Aug-2026,140,140.03,112.5,117.04,13780900
NRGV,04-Aug-2026,3.17,3.3,3.1,3.26,5001600
NRK,04-Aug-2026,10.32,10.36,10.26,10.34,312600
NRP,04-Aug-2026,96.31,98,96.25,96.94,58100
NRT,04-Aug-2026,8.99,9.11,8.7,8.86,59000
NRUC,04-Aug-2026,22.3,22.4,22.3,22.34,17400
NSC,04-Aug-2026,335.49,341.84,332.825,341.27,761000
NSP,04-Aug-2026,53.67,53.69,51.34,52.97,465300
NTB,04-Aug-2026,61.78,62.38,61.445,62.11,158000
NTEST.H,04-Aug-2026,25.05,25.05,25.05,25.05,520
NTEST.I,04-Aug-2026,25.04,25.04,25.04,25.04,600
NTEST.Y,04-Aug-2026,25,25,25,25,120
NTR,04-Aug-2026,66.38,67.285,65.115,66.92,3024800
NTST,04-Aug-2026,21.32,21.32,20.9,21.08,1451200
NTZ,04-Aug-2026,1.3,1.33,1.3,1.33,500
NU,04-Aug-2026,14.56,14.74,14.26,14.33,51555400
NUE,04-Aug-2026,265.62,274.415,262.1,274.04,1900500
NUS,04-Aug-2026,5.13,5.39,5.13,5.33,619100
NUV,04-Aug-2026,9.11,9.12,9.07,9.08,378200
NUVB,04-Aug-2026,6.26,6.535,6.21,6.44,4652400
NUW,04-Aug-2026,13.94,14,13.94,13.98,44100
NVG,04-Aug-2026,12.37,12.39,12.33,12.35,499200
NVGS,04-Aug-2026,21.59,21.63,21.19,21.41,445300
NVO,04-Aug-2026,47.585,49.15,43.68,44.28,47478800
NVR,04-Aug-2026,6190,6317.24,6162.57,6267.35,42500
NVRI,04-Aug-2026,22.98,24.07,22.98,23.86,312200
NVS,04-Aug-2026,154.89,154.89,152.99,153.27,1706500
NVST,04-Aug-2026,27.44,28,27.32,27.96,3180100
NVT,04-Aug-2026,163.52,164.015,159.25,162.24,2768700
NWA.U,04-Aug-2026,10.36,10.37,10.36,10.36,2700
NWA.W,04-Aug-2026,0.5,0.5,0.48,0.5,1700
NWAX,04-Aug-2026,10.15,10.15,10.1482,10.149,15400
NWG,04-Aug-2026,19.21,19.33,19.085,19.12,5810800
NWN,04-Aug-2026,48.53,48.885,48.15,48.71,246800
NX,04-Aug-2026,19.46,20.905,19.44,20.87,426000
NXD-A,04-Aug-2026,13.07,13.26,13.07,13.22,4600
NXDR,04-Aug-2026,2.3,2.34,2.29,2.31,2623900
NXDT,04-Aug-2026,4.79,4.8399,4.47,4.53,286100
NXDTpA,04-Aug-2026,13.07,13.26,13.07,13.22,3713
NXE,04-Aug-2026,9.64,9.915,9.53,9.76,5395600
NXG,04-Aug-2026,58.44,58.8105,58.0974,58.47,71000
NXP,04-Aug-2026,14.19,14.33,14.19,14.23,144200
NXRT,04-Aug-2026,25.89,26.3492,24.12,24.43,575800
NYC,04-Aug-2026,8.66,9.8,8.5,9.39,107700
NYT,04-Aug-2026,75.58,77.38,73.78,75.61,3243900
NZF,04-Aug-2026,12.24,12.46,12.23,12.36,1553800
O,04-Aug-2026,63.01,63.227,62.13,62.9,5369800
OAK-A,04-Aug-2026,21,21.4,21,21.155,6100
OAK-B,04-Aug-2026,20.95,20.95,20.855,20.9,3000
OAKpA,04-Aug-2026,21,21.4,21,21.155,4862
OAKpB,04-Aug-2026,20.95,20.95,20.855,20.9,2161
OBDC,04-Aug-2026,11.02,11.24,10.97,11.2,6978800
OBK,04-Aug-2026,55.14,55.515,54.71,54.98,170900
OC,04-Aug-2026,144.71,146.09,142.09,145.53,1318000
OCA-,04-Aug-2026,0.35,0.37,0.35,0.36,209400
OCA.U,04-Aug-2026,10.25,10.29,10.24,10.25,62700
OCA.W,04-Aug-2026,0.04,0.04,0.04,0.04,64000
OCAC,04-Aug-2026,9.9,9.9,9.895,9.9,2001300
ODC,04-Aug-2026,98,100.085,96.25,98.22,143700
OEC,04-Aug-2026,6.83,6.83,6.525,6.66,447700
OFG,04-Aug-2026,53.34,53.75,52.8,53.41,212700
OFRM,04-Aug-2026,15.91,17.52,15.91,17.21,813700
OGC,04-Aug-2026,25.57,25.57,24.58,24.98,558500
OGE,04-Aug-2026,47.14,47.6,46.85,47.38,1471600
OGG,04-Aug-2026,2.43,2.53,2.4,2.42,2370400
OGN,04-Aug-2026,13.57,13.57,13.55,13.56,1610700
OGS,04-Aug-2026,78.92,79.19,76.71,77.33,685800
OHI,04-Aug-2026,49.01,49.01,47.63,48.74,2066600
OI,04-Aug-2026,7.45,7.6,7.335,7.58,3770800
OIA,04-Aug-2026,6.02,6.08,5.99,6.04,249500
OII,04-Aug-2026,48.48,50.6022,48.3361,50.43,884400
OIS,04-Aug-2026,8.07,8.57,8.06,8.41,728500
OKE,04-Aug-2026,87.67,87.73,83.48,87.65,7156800
OKLO,04-Aug-2026,42.11,44.24,41.7,43.33,8748100
OLN,04-Aug-2026,18.56,19.12,18.295,19.05,4815600
OLP,04-Aug-2026,24.27,24.6,24,24.6,109600
OMC,04-Aug-2026,78.9,82.02,78.805,81.81,3726900
OMF,04-Aug-2026,64.67,65.75,64.53,65.42,761500
ONIT,04-Aug-2026,38.15,38.8799,37.6,38.11,66300
ONL,04-Aug-2026,2.71,2.74,2.665,2.71,215600
ONON,04-Aug-2026,38.5,38.5,37.58,37.61,3727100
ONT,04-Aug-2026,21.78,23.26,21.45,22.85,715200
ONTO,04-Aug-2026,282.98,293.15,282.17,287.6,1202300
OOMA,04-Aug-2026,21.36,22.25,21.26,21.54,406900
OPAD,04-Aug-2026,3.49,4.97,3.49,4.97,260000
OPFI,04-Aug-2026,9.95,10.03,9.79,9.81,397300
OPLN,04-Aug-2026,39.11,42.1999,39.11,40.05,1674800
OPP,04-Aug-2026,7.57,7.6699,7.57,7.62,94900
OPP-A,04-Aug-2026,15.89,15.89,15.51,15.55,17300
OPP-B,04-Aug-2026,16.91,17.02,16.91,16.9237,13600
OPPpA,04-Aug-2026,15.89,15.89,15.51,15.55,13813
OPPpB,04-Aug-2026,16.91,17.02,16.91,16.9237,11262
OPTU,04-Aug-2026,0.8434,0.9,0.8386,0.8751,2270300
OPY,04-Aug-2026,114.5,120.7,114.27,116.91,186900
OR,04-Aug-2026,31.04,31.44,30.64,30.76,1057900
ORA,04-Aug-2026,100.02,100.43,98.065,100.08,799800
ORC,04-Aug-2026,6.48,6.49,6.35,6.38,6591700
ORC-D,04-Aug-2026,44.93,46.28,44.83,45.72,563900
ORCL,04-Aug-2026,141.01,148.7,141.01,145.74,43723400
ORI,04-Aug-2026,42.81,43.57,42.5,43.42,1290700
ORN,04-Aug-2026,10.3,10.46,9.95,10.18,661700
OSCR,04-Aug-2026,30.97,31.1996,30.2,30.38,3068200
OSG,04-Aug-2026,5.64,5.705,5.58,5.63,236000
OSK,04-Aug-2026,150.87,157.51,148.96,156.72,1414100
OTA-,04-Aug-2026,0.19,0.1992,0.19,0.1992,2000
OTA.U,04-Aug-2026,10.14,10.16,10.14,10.16,4600
OTAI,04-Aug-2026,9.99,9.99,9.96,9.975,2900
OTF,04-Aug-2026,10.29,10.715,10.25,10.7,5055100
OTIS,04-Aug-2026,72.89,73.75,71.64,73.64,3355400
OUT,04-Aug-2026,31.64,32.25,31.37,31.98,1599100
OVV,04-Aug-2026,60.48,61.2,59.5052,60.75,2690400
OWL,04-Aug-2026,11.15,11.65,11.11,11.57,33768400
OWLT,04-Aug-2026,5.44,5.59,5.29,5.34,93300
OXM,04-Aug-2026,37.52,38.925,37.52,38.79,247700
OXY,04-Aug-2026,54.3,55.37,53.76,55.09,9032400
OXY.W,04-Aug-2026,32.17,33.35,31.78,32.95,33400
OXY.WS,04-Aug-2026,33.48,33.48,31.78,32.95,24105
P,04-Aug-2026,82,87.1,81.51,83.92,3726100
PAAS,04-Aug-2026,45,45.61,44.44,44.91,3483800
PAC,04-Aug-2026,218.41,223.375,218.41,220.7,110300
PACK,04-Aug-2026,5.45,5.86,5.45,5.63,598200
PACS,04-Aug-2026,44.73,45.69,43.34,44.81,1279700
PAG,04-Aug-2026,218.82,219.61,216.32,219.05,318500
PAGS,04-Aug-2026,9.62,9.69,9.44,9.5,2229900
PAI,04-Aug-2026,11.88,11.9699,11.88,11.95,12200
PAM,04-Aug-2026,87.01,87.01,83.92,84.79,210900
PAR,04-Aug-2026,17.32,17.69,16.995,17.43,725600
PARR,04-Aug-2026,81.54,83.9,78.1804,83,1179000
PATH,04-Aug-2026,12.98,14.1,12.9,14.1,61988000
PAXS,04-Aug-2026,14.17,14.3373,14.17,14.26,244100
PAY,04-Aug-2026,40.48,45.31,37.24,44.6,4597700
PAYC,04-Aug-2026,166.14,175.54,165,175.3,1065600
PB,04-Aug-2026,74.97,75.865,74.5,74.89,1297400
PBA,04-Aug-2026,48.21,48.62,47.46,48.38,1411700
PBF,04-Aug-2026,66.35,66.83,64.25,65.89,4170900
PBH,04-Aug-2026,50.95,52.78,50.59,52,1072200
PBI,04-Aug-2026,18.28,18.615,18.145,18.39,2054700
PBI-B,04-Aug-2026,20.4,20.54,20.325,20.36,24000
PBIpB,04-Aug-2026,20.4,20.54,20.325,20.34,22182
PBR,04-Aug-2026,18.8,18.9,18.51,18.72,14675000
PBR.A,04-Aug-2026,16.65,16.705,16.37,16.53,6921400
PBT,04-Aug-2026,30.02,33.6,29.92,32.41,416800
PCF,04-Aug-2026,5.28,5.36,5.28,5.29,51700
PCG,04-Aug-2026,17.27,17.645,17.14,17.45,41402200
PCG-X,04-Aug-2026,42.63,42.962,42.63,42.96,59900
PCGpX,04-Aug-2026,42.63,42.962,42.63,42.96,4169
PCM,04-Aug-2026,5.63,5.765,5.61,5.75,142400
PCN,04-Aug-2026,11.69,11.75,11.67,11.67,350300
PCOR,04-Aug-2026,54.88,56.75,54.14,55.9,14728100
PCQ,04-Aug-2026,8.66,8.74,8.625,8.73,152900
PD,04-Aug-2026,10.89,11.308,10.89,11.29,1323300
PDCC,04-Aug-2026,8.8,8.8,8.6501,8.7433,11200
PDI,04-Aug-2026,16,16.19,15.98,16.15,3348100
PDM,04-Aug-2026,9.75,9.84,9.67,9.69,789700
PDO,04-Aug-2026,13.08,13.1948,13.01,13.02,811200
PDPA,04-Aug-2026,25.15,26.63,25.15,25.18,7600
PDS,04-Aug-2026,75.97,77.875,75.8,76.15,197100
PDT,04-Aug-2026,12.9,12.9,12.77,12.85,105400
PDX,04-Aug-2026,21.37,21.7,21.32,21.6,191800
PEB,04-Aug-2026,19.4,19.61,19.06,19.13,2240700
PEB-E,04-Aug-2026,20.21,20.26,20.05,20.13,3700
PEB-F,04-Aug-2026,20.3,20.3,20.16,20.17,1600
PEB-G,04-Aug-2026,20.21,20.39,20.21,20.23,6000
PEB-H,04-Aug-2026,18.4,18.53,18.3,18.44,4200
PEBpE,04-Aug-2026,20.21,20.26,20.05,20.13,2016
PEBpF,04-Aug-2026,20.3,20.3,20.16,20.17,1091
PEBpG,04-Aug-2026,20.21,20.39,20.21,20.28,4302
PEBpH,04-Aug-2026,18.4,18.53,18.3,18.53,2936
PEG,04-Aug-2026,75.92,77,74.2,76.27,7069600
PEN,04-Aug-2026,321.57,324.35,321.35,324.22,363200
PEO,04-Aug-2026,26.59,26.8435,26.44,26.63,53000
PERF,04-Aug-2026,1.92,1.93,1.91,1.92,1512300
PEW,04-Aug-2026,2.57,2.75,2.57,2.68,286400
PEW.W,04-Aug-2026,0.36,0.407,0.36,0.3601,14900
PEW.WS,04-Aug-2026,0.36,0.407,0.36,0.3601,14335
PFD,04-Aug-2026,11.35,11.5,11.35,11.44,43800
PFE,04-Aug-2026,25.04,25.64,24.7,25.41,62189500
PFGC,04-Aug-2026,113.73,114.51,111.84,112.41,1429300
PFH,04-Aug-2026,15.92,16.01,15.86,15.97,45300
PFL,04-Aug-2026,7.76,7.79,7.72,7.73,190700
PFLA,04-Aug-2026,25.45,25.45,25.28,25.45,3700
PFLT,04-Aug-2026,7.12,7.235,7.09,7.21,975300
PFN,04-Aug-2026,7.1,7.1099,7.06,7.07,392400
PFO,04-Aug-2026,9.12,9.185,9.12,9.17,16400
PFS,04-Aug-2026,25.18,25.49,25.04,25.28,1257500
PFSI,04-Aug-2026,76.09,78.02,76.09,76.99,779000
PG,04-Aug-2026,144.04,148.25,143.79,148.01,7362200
PGP,04-Aug-2026,8.62,8.7899,8.615,8.75,102400
PGR,04-Aug-2026,207.27,210.999,205.9,210.75,2413800
PGZ,04-Aug-2026,10.17,10.21,10.16,10.17,7200
PH,04-Aug-2026,1004.21,1005.75,974.04,992.65,1013100
PHG,04-Aug-2026,26.39,26.535,26.26,26.47,972200
PHI,04-Aug-2026,19.72,19.8,19.5874,19.7,64400
PHIN,04-Aug-2026,78.16,80.215,77.79,79.92,465500
PHK,04-Aug-2026,4.69,4.7,4.655,4.66,1178400
PHM,04-Aug-2026,128.94,132.28,127.2,131.68,1746500
PHR,04-Aug-2026,11.08,11.495,11.08,11.44,784100
PII,04-Aug-2026,71.7,74.53,70.3,73.76,861400
PIM,04-Aug-2026,3.12,3.14,3.12,3.13,58100
PIN-A,04-Aug-2026,25.17,25.25,25.17,25.24,11700
PINE,04-Aug-2026,20.29,20.29,20,20.04,129400
PINS,04-Aug-2026,24.25,25.725,24.2,25.58,21955700
PIPR,04-Aug-2026,76.62,77.72,76.06,76.14,637200
PJT,04-Aug-2026,170.84,173.55,169.9,171.24,452800
PK,04-Aug-2026,15.14,15.27,14.94,15,6582700
PKE,04-Aug-2026,36.5,37.54,35.965,37.13,243000
PKG,04-Aug-2026,251.07,255.725,249.13,255.48,447500
PKX,04-Aug-2026,55.31,55.37,54.43,54.68,287800
PL,04-Aug-2026,22.29,23.3,22.15,22.83,5966000
PLD,04-Aug-2026,139.85,141.47,138.91,139.05,16284400
PLGO,04-Aug-2026,25.37,25.69,24.93,25.07,415600
PLNT,04-Aug-2026,55.72,56.2,54.75,55.97,1421300
PLOW,04-Aug-2026,42.05,45.75,42.05,44.6,770600
PLUN,04-Aug-2026,9.98,9.98,9.98,9.98,100
PM,04-Aug-2026,186,187.46,184.36,186.91,5387300
PML,04-Aug-2026,7.32,7.3499,7.3,7.31,413500
PMM,04-Aug-2026,6.22,6.2893,6.21,6.26,152500
PMMF,04-Aug-2026,100.33,100.34,100.33,100.33,193600
PMO,04-Aug-2026,10.21,10.25,10.2,10.23,66500
PMT,04-Aug-2026,9.46,9.54,9.4,9.53,900900
PMT-A,04-Aug-2026,22.42,22.7193,22.4,22.62,17000
PMT-B,04-Aug-2026,22.5,22.7499,22.45,22.6414,12700
PMT-C,04-Aug-2026,18.22,18.34,18.1625,18.2692,15600
PMTpA,04-Aug-2026,22.42,22.7193,22.4,22.62,15729
PMTpB,04-Aug-2026,22.5,22.7499,22.45,22.6414,9942
PMTpC,04-Aug-2026,18.22,18.34,18.1625,18.2692,13294
PMTU,04-Aug-2026,25.56,25.605,25.47,25.59,800
PMTV,04-Aug-2026,25.06,25.08,25.01,25.06,20100
PMTW,04-Aug-2026,25.33,25.45,25.33,25.37,14200
PNC,04-Aug-2026,250.71,256.175,250.69,254.14,1327800
PNF-A,04-Aug-2026,25.11,25.3,25.11,25.18,5400
PNF-B,04-Aug-2026,26.54,26.71,26.45,26.45,17600
PNF-C,04-Aug-2026,24.1,24.22,24.1,24.1,13200
PNFP,04-Aug-2026,107.4,110.33,107.11,109.03,1186300
PNI,04-Aug-2026,6.83,6.84,6.79,6.82,107700
PNNT,04-Aug-2026,3.39,3.535,3.39,3.52,643700
PNR,04-Aug-2026,67.19,68.61,66.54,68.48,2682400
PNW,04-Aug-2026,99.5,102.16,98.52,101.45,1566200
POR,04-Aug-2026,49.93,50.64,49.48,50.05,1312600
POST,04-Aug-2026,89.16,91.0138,88.04,90.59,791300
PPG,04-Aug-2026,114.5,118.15,114.01,117.8,1486400
PPL,04-Aug-2026,35.13,35.36,34.66,35.18,6585200
PPLC,04-Aug-2026,46.5,47.1385,46.5,46.85,107200
PPT,04-Aug-2026,3.41,3.44,3.41,3.43,108800
PR,04-Aug-2026,20.4,20.75,20.185,20.5,10002400
PRCS,04-Aug-2026,29.41,29.68,29.38,29.605,26400
PRG,04-Aug-2026,45.51,46.46,45.215,45.86,766800
PRGO,04-Aug-2026,10.54,10.79,10.355,10.78,2860600
PRH,04-Aug-2026,22.4,22.4,22.3,22.4,47500
PRI,04-Aug-2026,314.02,320.79,311.2,318.15,214000
PRI-D,04-Aug-2026,24.47,24.4701,24.47,24.4701,200
PRI-K,04-Aug-2026,21.89,22.06,21.89,22.06,800
PRI-L,04-Aug-2026,24.53,24.53,24.2762,24.35,4700
PRIFpD,04-Aug-2026,24.47,24.4701,24.47,24.4701,201
PRIFpK,04-Aug-2026,21.89,22.06,21.89,22.06,698
PRIFpL,04-Aug-2026,24.53,24.53,24.2762,24.35,3437
PRIM,04-Aug-2026,89.16,91.35,88.145,90.85,1463300
PRKS,04-Aug-2026,50,50,44.08,46.17,1345300
PRLB,04-Aug-2026,82.2,89.17,81.83,88.4,424700
PRM,04-Aug-2026,30.59,33.69,29.95,33.25,2157900
PRMB,04-Aug-2026,22.26,23.41,22.26,23.29,5185700
PRS,04-Aug-2026,21.62,21.6696,21.4701,21.5,35200
PRSU,04-Aug-2026,51.4,52.41,51.34,51.59,196800
PRT,04-Aug-2026,2.22,2.245,2.1401,2.21,21400
PRU,04-Aug-2026,120.9,123.7003,120,123.54,2035500
PRVS,04-Aug-2026,33.4,33.56,33.23,33.4829,5900
PS,04-Aug-2026,35.47,36.57,34.875,35.99,107300
PSA,04-Aug-2026,325,327.3028,320.53,326.49,922800
PSA-F,04-Aug-2026,20.02,20.05,20,20.02,10100
PSA-G,04-Aug-2026,19.9,20,19.9,19.91,18900
PSA-H,04-Aug-2026,21.54,21.66,21.515,21.52,16800
PSA-I,04-Aug-2026,18.99,19.13,18.99,19,21400
PSA-J,04-Aug-2026,18.21,18.32,18.1737,18.18,7800
PSA-K,04-Aug-2026,18.51,18.62,18.51,18.62,7600
PSA-L,04-Aug-2026,17.76,17.9,17.76,17.81,52500
PSA-M,04-Aug-2026,15.98,15.98,15.84,15.84,9900
PSA-N,04-Aug-2026,15,15,14.92,14.99,32700
PSA-O,04-Aug-2026,14.97,15.03,14.9601,15.03,19400
PSA-P,04-Aug-2026,15.47,15.47,15.38,15.38,27700
PSA-Q,04-Aug-2026,15.17,15.22,15.13,15.17,20500
PSA-R,04-Aug-2026,15.5,15.54,15.41,15.41,36400
PSA-S,04-Aug-2026,15.84,15.84,15.8,15.8,9800
PSA-T,04-Aug-2026,22.77,22.9052,22.77,22.9,65600
PSA-U,04-Aug-2026,25.5,25.5,24.56,24.99,5200
PSApF,04-Aug-2026,20.02,20.05,20,20.02,8217
PSApG,04-Aug-2026,19.9,20,19.9,19.91,14785
PSApH,04-Aug-2026,21.54,21.66,21.515,21.53,13598
PSApI,04-Aug-2026,18.99,19.13,18.99,19.04,14905
PSApJ,04-Aug-2026,18.21,18.32,18.1737,18.19,6058
PSApK,04-Aug-2026,18.51,18.62,18.51,18.62,5117
PSApL,04-Aug-2026,17.76,17.9,17.76,17.81,44569
PSApM,04-Aug-2026,15.98,15.98,15.84,15.84,7664
PSApN,04-Aug-2026,15,15,14.92,14.99,29225
PSApO,04-Aug-2026,14.97,15.03,14.9601,15.03,17135
PSApP,04-Aug-2026,15.47,15.47,15.38,15.38,22409
PSApQ,04-Aug-2026,15.17,15.22,15.13,15.17,20021
PSApR,04-Aug-2026,15.5,15.54,15.41,15.41,30317
PSApS,04-Aug-2026,15.84,15.84,15.8,15.8,8056
PSBD,04-Aug-2026,9.97,9.97,9.67,9.91,56000
PSE-A,04-Aug-2026,16.75,16.98,16.62,16.7199,4700
PSECpA,04-Aug-2026,16.75,16.98,16.62,16.7199,3861
PSF,04-Aug-2026,19.51,19.58,19.4986,19.55,33900
PSFE,04-Aug-2026,7.72,7.995,7.69,7.9,246000
PSN,04-Aug-2026,48,49,47.425,48.59,2039400
PSO,04-Aug-2026,16.41,16.62,16.325,16.55,934700
PSQH,04-Aug-2026,4.44,4.88,4.32,4.8,101700
PSTL,04-Aug-2026,23.08,23.225,22.73,23.11,361400
PSUS,04-Aug-2026,38.4,38.45,37.84,38.31,408800
PSX,04-Aug-2026,202.43,206.84,200.6,205.89,3489900
PTA,04-Aug-2026,18.86,18.97,18.86,18.9,110600
PTY,04-Aug-2026,11.79,11.81,11.73,11.76,2226700
PUK,04-Aug-2026,29.47,29.76,29.37,29.51,1097000
PUMP,04-Aug-2026,11.01,11.475,10.945,11.39,4448000
PVH,04-Aug-2026,86.87,90,86.755,88.78,1378800
PVL,04-Aug-2026,1.72,1.74,1.71,1.71,65900
PWR,04-Aug-2026,697.42,708.06,679.67,693,1394300
PXED,04-Aug-2026,28.45,29.44,27.32,29.42,403600
PYT,04-Aug-2026,23.61,23.61,23.61,23.61,400
Q,04-Aug-2026,141.04,146.08,137,141.67,3113800
QGEN,04-Aug-2026,42.14,42.36,41.4,42.33,3362000
QLE.W,04-Aug-2026,0.1599,0.1599,0.1599,0.1599,500
QLEP,04-Aug-2026,10,10,9.9805,10,1400
QRE-,04-Aug-2026,0.2888,0.2888,0.2852,0.2888,800
QRED,04-Aug-2026,10,10,9.98,9.98,10400
QSR,04-Aug-2026,72.36,73.985,72.36,73.88,2196200
QTWO,04-Aug-2026,61.3,64.175,61.02,63.98,1014000
QUAD,04-Aug-2026,10.67,10.77,10.18,10.55,551300
QXO,04-Aug-2026,14.6,15.53,14.47,15.34,38554500
QXO-B,04-Aug-2026,43,45.69,43,45.12,230500
QXOpB,04-Aug-2026,43,45.69,43,45.16,65288
R,04-Aug-2026,265.28,269.45,264.3,268.8,265700
RA,04-Aug-2026,12.83,12.93,12.83,12.89,187900
RAC,04-Aug-2026,10.48,10.48,10.48,10.48,100
RACE,04-Aug-2026,400,405.93,399.2,402.79,466300
RAL,04-Aug-2026,67,68,65.21,66.9,2322700
RAMP,04-Aug-2026,37.86,37.95,37.75,37.86,1121900
RBA,04-Aug-2026,111.68,112.38,109.22,111.06,2287300
RBC,04-Aug-2026,580.24,580.43,563.75,565.96,273500
RBLX,04-Aug-2026,36.64,38.28,36.64,37,26983500
RBRK,04-Aug-2026,76.01,81.44,75.64,80.99,3089200
RC,04-Aug-2026,1.54,1.62,1.54,1.59,1587200
RC-C,04-Aug-2026,12.68,12.68,12.1,12.1,400
RC-E,04-Aug-2026,13.05,13.05,12.8646,12.99,3800
RCD,04-Aug-2026,23.02,23.02,22.84,22.92,13000
RCI,04-Aug-2026,33.71,34.1,33.61,33.85,1590200
RCL,04-Aug-2026,329.55,334,324,325.74,1523200
RCpC,04-Aug-2026,12.68,12.68,12.1,12.1,300
RCpE,04-Aug-2026,13.05,13.05,12.8646,12.99,3319
RCS,04-Aug-2026,5.25,5.3,5.19,5.22,107400
RCUS,04-Aug-2026,28.21,28.87,27.98,28.8,845200
RDDT,04-Aug-2026,153.62,162.82,152.78,159.97,6155400
RDN,04-Aug-2026,39.01,39.74,38.98,39.64,1033300
RDW,04-Aug-2026,9.9,10.705,9.9,10.63,20152500
RDY,04-Aug-2026,12.06,12.13,11.97,12.1,2757800
REF,04-Aug-2026,17.26,17.26,15.88,16,601000
RELX,04-Aug-2026,36.04,36.88,35.925,36.8,3002400
RERE,04-Aug-2026,4.23,4.28,4.12,4.14,401700
RES,04-Aug-2026,5.65,5.955,5.65,5.93,1409100
REX,04-Aug-2026,43.01,44.535,42.6,44.44,184200
REX-B,04-Aug-2026,22.57,22.6,22.57,22.6,4300
REX-C,04-Aug-2026,21.3,21.36,21.23,21.36,5700
REXR,04-Aug-2026,37.28,37.39,36.82,37,2398400
REXRpB,04-Aug-2026,22.57,22.6,22.57,22.6,4000
REXRpC,04-Aug-2026,21.3,21.36,21.23,21.36,5012
REZI,04-Aug-2026,26,27.35,25.5,26.17,3422700
RF,04-Aug-2026,31.4,32.05,31.325,31.95,9040200
RF-C,04-Aug-2026,24.15,24.1999,24.05,24.12,27000
RF-E,04-Aug-2026,16.27,16.3,16.2073,16.28,25800
RF-F,04-Aug-2026,25.54,25.55,25.48,25.5349,21100
RFI,04-Aug-2026,11.47,11.56,11.43,11.56,100300
RFL,04-Aug-2026,1.99,2.0299,1.87,1.87,121800
RFM,04-Aug-2026,14.59,14.69,14.59,14.69,1000
RFMZ,04-Aug-2026,13.08,13.2457,13.03,13.11,60200
RFpC,04-Aug-2026,24.15,24.1999,24.05,24.12,21758
RFpE,04-Aug-2026,16.27,16.3,16.2073,16.28,21615
RFpF,04-Aug-2026,25.54,25.55,25.48,25.5349,16028
RGA,04-Aug-2026,233.21,237.34,232.41,236.19,482500
RGR,04-Aug-2026,38.58,39.42,38.56,39.13,150400
RGT,04-Aug-2026,15.2,15.44,15.17,15.37,31200
RH,04-Aug-2026,179.15,191,179.15,188.2,1033900
RHI,04-Aug-2026,37.34,41.07,37.34,40.99,2612600
RHLD,04-Aug-2026,140.31,143.15,133.8,135.72,175800
RHP,04-Aug-2026,131.23,133.95,128.06,128.2,844700
RIG,04-Aug-2026,5.05,5.29,5.045,5.22,37422000
RIO,04-Aug-2026,99.12,99.655,98.28,99.01,2547500
RIT-A,04-Aug-2026,25.16,25.3204,25.16,25.27,12500
RIT-B,04-Aug-2026,25.12,25.1439,25.07,25.14,23000
RIT-C,04-Aug-2026,24.52,24.6499,24.52,24.62,34300
RIT-D,04-Aug-2026,25.03,25.03,25.01,25.015,30900
RIT-E,04-Aug-2026,24.35,24.48,24.35,24.42,13600
RIT-F,04-Aug-2026,24.39,24.41,24.3301,24.39,45900
RITM,04-Aug-2026,10,10.27,9.92,10.25,7714300
RITMpA,04-Aug-2026,25.16,25.3204,25.16,25.27,10461
RITMpB,04-Aug-2026,25.12,25.1439,25.07,25.14,19414
RITMpC,04-Aug-2026,24.52,24.6499,24.52,24.62,19940
RITMpD,04-Aug-2026,25.03,25.03,25.01,25.015,29374
RITMpE,04-Aug-2026,24.28,24.48,24.28,24.42,11178
RIV,04-Aug-2026,11.38,11.5,11.3501,11.5,56600
RIV-A,04-Aug-2026,22.24,22.24,22.11,22.24,8800
RIVpA,04-Aug-2026,22.24,22.24,22.11,22.24,5100
RJF,04-Aug-2026,177.56,179.69,177.56,178.57,966800
RKT,04-Aug-2026,13.9,14.39,13.9,14.11,26861500
RL,04-Aug-2026,382.51,385,376.7,377.92,924600
RLI,04-Aug-2026,60.39,61.9,59.81,61.82,584900
RLJ,04-Aug-2026,12.35,12.48,12.2,12.43,1907100
RLJ-A,04-Aug-2026,25.26,25.3,25.02,25.13,26000
RLJpA,04-Aug-2026,25.26,25.3,25.02,25.03,21745
RLTY,04-Aug-2026,15.86,15.9899,15.66,15.84,62600
RLX,04-Aug-2026,1.99,1.995,1.93,1.96,1636100
RM,04-Aug-2026,34.88,35.51,33.74,33.84,193100
RMAX,04-Aug-2026,9.3,9.74,9.2,9.7,432800
RMD,04-Aug-2026,212.26,223.21,210.93,223.14,1742500
RMI,04-Aug-2026,15.75,15.97,15.6636,15.88,35900
RMM,04-Aug-2026,14.39,14.46,14.25,14.45,64800
RMMZ,04-Aug-2026,14.83,14.8999,14.64,14.8999,5300
RMT,04-Aug-2026,14.04,14.28,13.9675,14.21,129200
RNG,04-Aug-2026,56.56,60.75,56.01,60.67,2762500
RNGR,04-Aug-2026,16,16.15,15.87,16,325300
RNP,04-Aug-2026,20.51,20.56,20.34,20.51,114300
RNR,04-Aug-2026,317.55,323.63,316.76,321.75,313300
RNR-F,04-Aug-2026,20.83,20.83,20.69,20.7,22000
RNR-G,04-Aug-2026,15.28,15.28,15.21,15.24,13700
RNRpF,04-Aug-2026,20.83,20.83,20.69,20.7,12381
RNRpG,04-Aug-2026,15.28,15.28,15.21,15.24,8781
RNST,04-Aug-2026,43.68,44.54,43.475,44.3,588100
ROG,04-Aug-2026,128.87,133.07,127.6201,132.37,291100
ROK,04-Aug-2026,452.14,454.27,433.14,445.23,2359000
ROL,04-Aug-2026,37.82,38.07,37.55,37.81,3803100
RONB,04-Aug-2026,21.67,22.34,21.65,22.34,247700
RPC,04-Aug-2026,9.21,9.36,9.03,9.04,770800
RPM,04-Aug-2026,112.65,115.26,111.6,115.09,1058900
RPT,04-Aug-2026,12.23,12.74,11.97,12.02,99000
RPT-C,04-Aug-2026,24.84,24.855,24.83,24.83,1600
RPTpC,04-Aug-2026,24.84,24.855,24.83,24.83,1600
RQI,04-Aug-2026,12.56,12.6,12.395,12.56,522900
RRC,04-Aug-2026,39.5,39.91,38.9001,39.71,2182000
RRX,04-Aug-2026,216.93,221.44,211.77,220.04,1608000
RS,04-Aug-2026,411.39,417.76,406.9875,414.91,337700
RSF,04-Aug-2026,14.52,14.61,14.52,14.6,8800
RSG,04-Aug-2026,207.78,209.165,205.99,207.66,1594000
RSI,04-Aug-2026,28.25,28.72,27.94,28.39,2309100
RSKD,04-Aug-2026,5.24,5.315,5.175,5.2,506800
RTO,04-Aug-2026,25.22,25.224,24.7,25.06,2671100
RTX,04-Aug-2026,217.38,218.6,214.525,217.93,6386900
RVI,04-Aug-2026,29.32,29.8,27.7,28.07,441800
RVLV,04-Aug-2026,26.02,26.87,25.77,26.37,1508300
RVT,04-Aug-2026,18.52,18.75,18.495,18.73,200500
RVTY,04-Aug-2026,114.5,117.37,107.73,111.39,2587300
RWT,04-Aug-2026,4.59,4.69,4.561,4.69,1307200
RWT-A,04-Aug-2026,24.68,24.68,24.66,24.66,3100
RWTN,04-Aug-2026,25,25,24.9,24.94,6200
RWTO,04-Aug-2026,24.65,24.65,24.65,24.65,1000
RWTP,04-Aug-2026,24.42,24.42,24.25,24.3399,5400
RWTpA,04-Aug-2026,24.68,24.68,24.66,24.66,2774
RWTQ,04-Aug-2026,24.25,24.595,24.25,24.34,8500
RWTS,04-Aug-2026,24.66,24.86,24.59,24.65,11000
RXO,04-Aug-2026,21.19,22.17,21.08,22.13,2938100
RY,04-Aug-2026,210.71,210.9,208.52,208.54,1596600
RYAM,04-Aug-2026,9.1,9.14,8.73,8.76,1154200
RYAN,04-Aug-2026,42.85,44.69,42.5367,44.6,2643800
RYN,04-Aug-2026,21.36,21.95,21.26,21.93,6138600
RYZ,04-Aug-2026,26.36,27.03,25.29,26.97,1390000
RZC,04-Aug-2026,25.56,25.63,25.56,25.57,16200
S,04-Aug-2026,20.06,21.055,20,20.98,6570100
SA,04-Aug-2026,27.5,27.87,26.855,27.28,662200
SABA,04-Aug-2026,8.27,8.3799,8.27,8.33,38300
SAC,04-Aug-2026,10.1,10.1,10.099,10.1,1300
SAC.W,04-Aug-2026,0.45,0.5999,0.45,0.5999,31100
SAFE,04-Aug-2026,16.26,16.48,16.16,16.41,297400
SAG.W,04-Aug-2026,0.05,0.0501,0.0459,0.0459,14800
SAGU,04-Aug-2026,9.94,9.94,9.94,9.94,3300
SAH,04-Aug-2026,86.56,88.37,85.52,88.27,373900
SAM,04-Aug-2026,183.87,186.79,183.87,184.12,227800
SAN,04-Aug-2026,14.52,14.58,14.424,14.47,10646000
SAP,04-Aug-2026,190.64,195.8,190.55,195.49,2853800
SAR,04-Aug-2026,19.74,19.845,19.51,19.77,181300
SARO,04-Aug-2026,30.15,30.83,30.14,30.68,2684300
SAT,04-Aug-2026,25.13,25.13,25.125,25.125,900
SAV,04-Aug-2026,24.63,24.6399,24.51,24.6399,14900
SAY,04-Aug-2026,25.39,25.46,25.39,25.4,6000
SAZ,04-Aug-2026,25.53,25.5799,25.5281,25.53,3200
SB,04-Aug-2026,7.9,7.93,7.6601,7.75,721300
SB-D,04-Aug-2026,25.85,25.86,25.75,25.85,4400
SBH,04-Aug-2026,16.16,16.81,15.7824,16.56,2715100
SBI,04-Aug-2026,7.59,7.6599,7.58,7.62,59400
SBpD,04-Aug-2026,25.85,25.86,25.75,25.85,1038
SBR,04-Aug-2026,72.02,72.58,71.55,71.86,43100
SBS,04-Aug-2026,5.52,5.52,5.39,5.43,8152300
SBSI,04-Aug-2026,32.67,32.95,32.3027,32.82,124100
SBSW,04-Aug-2026,9.5,9.69,9.44,9.56,6960700
SBX.W,04-Aug-2026,0.3854,0.3854,0.3854,0.3854,4000
SBXD,04-Aug-2026,10.86,10.86,10.85,10.86,1121300
SBXE,04-Aug-2026,10.11,10.11,10.11,10.11,20000
SCCO,04-Aug-2026,193.42,197.349,193.3,195.16,1069000
SCD,04-Aug-2026,15.65,15.74,15.6,15.62,90200
SCE-G,04-Aug-2026,17.38,17.4573,17.21,17.36,11800
SCE-L,04-Aug-2026,17.07,17.07,16.9,16.9,12900
SCE-M,04-Aug-2026,23.93,23.95,23.81,23.8349,30100
SCE-N,04-Aug-2026,23.09,23.15,23.08,23.085,7800
SCEpG,04-Aug-2026,17.38,17.4573,17.21,17.36,10426
SCEpL,04-Aug-2026,17.07,17.07,16.9,16.9,9496
SCEpM,04-Aug-2026,23.93,23.95,23.81,23.8349,22783
SCEpN,04-Aug-2026,23.17,23.17,23.08,23.085,5406
SCH-D,04-Aug-2026,24.15,24.21,24.15,24.2072,65500
SCH-J,04-Aug-2026,17.41,17.44,17.3451,17.4,78000
SCHW,04-Aug-2026,105.26,106.76,105.23,106.35,6861800
SCHWpD,04-Aug-2026,24.15,24.21,24.15,24.2072,56836
SCHWpJ,04-Aug-2026,17.41,17.44,17.3451,17.39,69424
SCI,04-Aug-2026,84.72,85.87,83.97,85.6,1455300
SCL,04-Aug-2026,64.06,64.29,63.005,64.03,209300
SCM,04-Aug-2026,7.72,8.09,7.72,8.05,382100
SD,04-Aug-2026,13.38,13.61,13.23,13.55,373600
SDHC,04-Aug-2026,14.9,15.42,14.56,15.24,32600
SDHY,04-Aug-2026,16.15,16.275,16.15,16.23,49400
SDRL,04-Aug-2026,41.96,42.614,41.5242,42.49,762300
SE,04-Aug-2026,111.01,112.71,110.3,111.44,4234600
SEA-A,04-Aug-2026,25.64,25.72,25.51,25.61,1500
SEA-B,04-Aug-2026,25.55,25.67,25.55,25.64,2500
SEALpA,04-Aug-2026,25.6395,25.72,25.51,25.61,1316
SEALpB,04-Aug-2026,25.55,25.67,25.55,25.64,1500
SECZ,04-Aug-2026,6.97,7.45,6.88,7.42,653600
SEG,04-Aug-2026,26.17,26.74,25.59,26.57,108000
SEI,04-Aug-2026,57.2,59.41,55.65,57.92,4296900
SES,04-Aug-2026,0.61,0.6289,0.5522,0.5579,16274500
SES.WS,04-Aug-2026,0.01,0.0132,0.01,0.0113,11087
SESCW,04-Aug-2026,0.01,0.0132,0.01,0.0113,11100
SF,04-Aug-2026,84.34,84.8,83.8913,84.05,1037500
SF-B,04-Aug-2026,22.23,22.39,22.23,22.2899,11200
SF-C,04-Aug-2026,21.69,21.7899,21.69,21.7,12800
SF-D,04-Aug-2026,16.08,16.1499,16.01,16.01,14200
SFB,04-Aug-2026,19.81,19.87,19.7,19.795,10600
SFBS,04-Aug-2026,90.03,91.8,89.295,90.88,241000
SFL,04-Aug-2026,12.19,12.19,11.95,12.14,1796500
SFpB,04-Aug-2026,22.23,22.39,22.23,22.2899,10320
SFpC,04-Aug-2026,21.69,21.7899,21.69,21.7,9389
SFpD,04-Aug-2026,16.08,16.1499,16.01,16.015,12638
SG,04-Aug-2026,5.92,6,5.67,5.71,7946600
SGHC,04-Aug-2026,13.85,14.06,13.625,13.92,3246100
SGI,04-Aug-2026,67.05,70.2099,67.05,69.69,2929600
SGOV,04-Aug-2026,100.425,100.43,100.42,100.43,25526800
SGU,04-Aug-2026,12.65,12.89,12.5192,12.79,31900
SHAK,04-Aug-2026,64.84,66.77,64.135,66.22,3274600
SHEL,04-Aug-2026,90.125,90.405,88.99,89.84,9317200
SHG,04-Aug-2026,71.17,72.5,71.17,71.67,190200
SHO,04-Aug-2026,11.75,11.93,11.6,11.61,2783900
SHO-H,04-Aug-2026,21.9,22.26,21.83,22.2315,19500
SHO-I,04-Aug-2026,21.2522,21.6399,21.2522,21.5201,23500
SHOC,04-Aug-2026,105.15,107.8849,105.15,107.4418,12100
SHOpH,04-Aug-2026,21.9,22.26,21.83,22.2315,15953
SHOpI,04-Aug-2026,21.2522,21.6399,21.2522,21.5201,19876
SHV,04-Aug-2026,110.08,110.09,110.08,110.09,3163200
SHW,04-Aug-2026,359.08,364.49,356.94,361.57,2572200
SI,04-Aug-2026,22.13,23.065,22.13,22.69,178800
SID,04-Aug-2026,0.932,0.97,0.9211,0.9351,2130800
SIG,04-Aug-2026,94.22,97.41,93.9,97.31,523700
SII,04-Aug-2026,106.65,108.42,103.875,104.75,249200
SIND,04-Aug-2026,13.4,13.95,12.6,13.08,264000
SITC,04-Aug-2026,3.03,3.2108,2.89,3.17,2581200
SITE,04-Aug-2026,98.78,102.33,97.71,101.25,968900
SJM,04-Aug-2026,116.41,119.62,115.64,119.17,1162800
SJT,04-Aug-2026,2.37,2.51,2.37,2.5,244700
SKE,04-Aug-2026,27.81,29.15,27.81,28.71,626700
SKIL,04-Aug-2026,7.61,8.25,7.5917,8.06,61200
SKM,04-Aug-2026,35.49,35.79,34.47,34.8,2661300
SKT,04-Aug-2026,40.97,41.22,39.99,40.72,1416700
SKY,04-Aug-2026,82.24,84.45,81.66,82.36,1008200
SKY.W,04-Aug-2026,0.58,0.62,0.5799,0.58,145200
SKYH,04-Aug-2026,11,11.09,10.78,10.98,174800
SKYH.WS,04-Aug-2026,0.58,0.62,0.5799,0.58,140333
SLB,04-Aug-2026,48.82,50.92,48.82,50.81,11277200
SLF,04-Aug-2026,82.65,82.69,81.89,82.27,744100
SLG,04-Aug-2026,53.89,56.18,53.55,55.81,1115200
SLG-I,04-Aug-2026,21.47,21.6,21.47,21.585,4800
SLGN,04-Aug-2026,41.32,42.43,41.15,42.32,998900
SLGpI,04-Aug-2026,21.47,21.6,21.47,21.585,3191
SLNZ,04-Aug-2026,45.615,45.62,45.615,45.62,200
SLQT,04-Aug-2026,0.78,0.78,0.7401,0.7435,499900
SLVM,04-Aug-2026,38.14,39.595,38.02,39.38,266800
SM,04-Aug-2026,30.85,31.66,30.52,31.05,2824500
SMA,04-Aug-2026,33.28,34.02,32.97,33.68,745500
SMBK,04-Aug-2026,52.85,53.6,52.68,53.23,146400
SMC,04-Aug-2026,31.69,31.69,29.97,30.38,85300
SMFG,04-Aug-2026,25.06,25.06,24.755,24.86,2107000
SMG,04-Aug-2026,66.07,66.88,65.1391,66.38,1324100
SMHI,04-Aug-2026,9.45,9.7,9.42,9.49,113800
SMP,04-Aug-2026,38.97,41.74,38.19,41.11,300400
SMR,04-Aug-2026,9.19,9.71,9.19,9.49,25467000
SMRT,04-Aug-2026,0.99,1.055,0.99,1.05,810300
SMWB,04-Aug-2026,7.39,7.56,7.3,7.42,528900
SN,04-Aug-2026,162.5,169.69,161.66,168.19,3445400
SNA,04-Aug-2026,410,420.29,405.9274,418.34,560200
SNAP,04-Aug-2026,5.33,5.82,5.27,5.79,88726100
SNDA,04-Aug-2026,39.71,39.93,38.51,38.55,493600
SNDR,04-Aug-2026,35.19,36.52,34.9,36.32,827900
SNN,04-Aug-2026,30.77,30.94,30.14,30.44,2918600
SNOW,04-Aug-2026,305,321.31,301.9014,316.77,5632000
SNX,04-Aug-2026,258.54,269.0125,258.54,263.79,805300
SO,04-Aug-2026,92.09,93.54,91.25,93.25,11142800
SOBO,04-Aug-2026,36.24,36.56,35.5,36.16,701600
SOC,04-Aug-2026,4.6,4.76,4.44,4.48,5659100
SOJC,04-Aug-2026,20.38,20.44,20.312,20.35,45600
SOJD,04-Aug-2026,18.82,18.87,18.8,18.84,73900
SOJE,04-Aug-2026,16.69,16.7,16.61,16.64,57100
SOJF,04-Aug-2026,25.35,25.35,25.02,25.04,188700
SOLV,04-Aug-2026,88,88.26,86.93,87.94,1808500
SOMN,04-Aug-2026,48.76,49.31,48.755,49.28,72900
SON,04-Aug-2026,56.77,58.655,56.06,58.62,917700
SONY,04-Aug-2026,22.37,22.5005,22.22,22.35,7056800
SOR,04-Aug-2026,46.96,46.97,46.66,46.66,11000
SOS,04-Aug-2026,0.99,0.99,0.8301,0.8949,51000
SOUL,04-Aug-2026,10.4,10.41,10.4,10.4,12600
SPB,04-Aug-2026,88.6,91.655,87.42,90.97,330100
SPCE,04-Aug-2026,2.84,3.01,2.84,2.95,10551900
SPE,04-Aug-2026,13.32,13.4673,13.32,13.41,17200
SPE-C,04-Aug-2026,24.75,24.8,24.75,24.8,1300
SPEpC,04-Aug-2026,24.75,24.8,24.75,24.8,1335
SPG,04-Aug-2026,227.6,228.4999,224.032,225.9,1960900
SPG-J,04-Aug-2026,54.8,54.8,54.34,54.79,600
SPGI,04-Aug-2026,411.93,418.81,411.845,412.53,3331800
SPGpJ,04-Aug-2026,54.8,54.8,54.34,54.79,500
SPH,04-Aug-2026,18.45,18.45,18,18.23,171100
SPHR,04-Aug-2026,150.87,160.13,150.87,158.54,898500
SPIR,04-Aug-2026,12.8,13.57,12.64,13.48,819000
SPMA,04-Aug-2026,25.14,25.14,24.98,24.99,6300
SPMC,04-Aug-2026,10.65,10.75,10.25,10.35,37900
SPME,04-Aug-2026,25.165,25.165,25.165,25.165,600
SPNT,04-Aug-2026,23.59,24.16,23.58,23.93,612100
SPOT,04-Aug-2026,466.95,505.32,462,478.17,4857500
SPRU,04-Aug-2026,2.17,2.39,2.15,2.35,58700
SPXC,04-Aug-2026,214.92,218.64,212.91,215.97,524400
SPXX,04-Aug-2026,18.87,19.05,18.8145,18.96,213700
SQM,04-Aug-2026,68.81,68.83,67.29,68.58,1217700
SQNS,04-Aug-2026,2.71,2.86,2.59,2.71,168000
SR,04-Aug-2026,79.41,80.32,78.28,79.56,554900
SRE,04-Aug-2026,87.49,87.61,85.8001,86.65,6351100
SREA,04-Aug-2026,21.07,21.07,20.87,20.87,45200
SRFM,04-Aug-2026,0.811,0.8434,0.8,0.828,1808900
SRG,04-Aug-2026,2.47,2.48,2.44,2.44,82700
SRG-A,04-Aug-2026,23.09,23.09,22.5001,22.8018,2500
SRGpA,04-Aug-2026,23.09,23.09,22.5001,22.8018,2165
SRI,04-Aug-2026,7.52,7.59,7.31,7.54,101400
SRJN,04-Aug-2026,23.33,23.37,23.18,23.18,23000
SRL,04-Aug-2026,5.79,5.9256,5.62,5.75,28300
SRV,04-Aug-2026,46.5,47,46.5,46.97,27400
SSB,04-Aug-2026,107.38,109.795,106.5,109.43,995000
SSD,04-Aug-2026,192.11,197.455,190.56,196.48,186300
SSL,04-Aug-2026,11.04,11.17,10.99,11.14,1152600
SSMR,04-Aug-2026,15,15.2,14.42,14.64,102400
SST,04-Aug-2026,1.83,2.06,1.79,2.01,66800
SSTK,04-Aug-2026,5.96,6.2382,5.75,6.02,1259000
ST,04-Aug-2026,47.75,48.91,47.0401,48.66,1131300
STAG,04-Aug-2026,38.34,38.34,37.595,37.77,2054100
STC,04-Aug-2026,68.39,69.14,68.15,68.65,146400
STDN,04-Aug-2026,7.81,8.84,7.75,8.41,1247700
STE,04-Aug-2026,230.05,233.495,229.035,232.85,910700
STEM,04-Aug-2026,5.8,6.11,5.65,5.98,163900
STEW,04-Aug-2026,18.65,18.8,18.56,18.77,112300
STG,04-Aug-2026,3.34,3.3801,3.3,3.3,4700
STK,04-Aug-2026,50.33,51.49,50.33,51.02,78900
STLA,04-Aug-2026,5.66,5.87,5.64,5.86,23778200
STM,04-Aug-2026,54.22,54.84,53.84,54.22,11279200
STN,04-Aug-2026,71.28,72.7,70.86,72.55,464200
STNG,04-Aug-2026,77.44,77.51,75.03,76.4,1101600
STT,04-Aug-2026,185.47,187.33,184.73,185.23,1939600
STT-G,04-Aug-2026,21.34,21.34,21.25,21.28,47700
STTpG,04-Aug-2026,21.34,21.34,21.25,21.28,41596
STUB,04-Aug-2026,9.11,9.47,9.05,9.46,4366100
STVN,04-Aug-2026,20.1,20.42,19,19.65,1022900
STWD,04-Aug-2026,15.91,16.31,15.795,16.26,8254200
STXD,04-Aug-2026,40.67,40.8775,40.67,40.7997,3000
STXE,04-Aug-2026,47.86,48.7,47.81,48.6149,7000
STXF,04-Aug-2026,49.15,49.9,49.13,49.77,67900
STXG,04-Aug-2026,55.98,56.91,55.98,56.7513,15500
STXK,04-Aug-2026,38.62,39.425,38.62,39.4018,5200
STXT,04-Aug-2026,19.44,19.4902,19.44,19.4526,15200
STXV,04-Aug-2026,38.61,39.27,38.38,39.2488,12600
STZ,04-Aug-2026,130,131.55,129.86,131.42,1849400
SU,04-Aug-2026,64.81,65.23,63.55,64.45,5928900
SUI,04-Aug-2026,121.11,122.26,119.79,121.67,1129400
SUN,04-Aug-2026,76.93,77.24,73.25,74.33,773000
SUNB,04-Aug-2026,76.68,80.5,76.58,80.43,2596700
SUNC,04-Aug-2026,73.43,75.52,72.34,73.88,566200
SUPV,04-Aug-2026,9.47,9.47,8.94,9.05,607600
SUZ,04-Aug-2026,8.51,8.52,8.29,8.35,2618300
SVV,04-Aug-2026,10.74,10.85,10.595,10.73,1132900
SW,04-Aug-2026,47.35,48.64,46.82,48.52,4433300
SWK,04-Aug-2026,99,102.53,98.735,102.4,3029000
SWX,04-Aug-2026,89.46,90.185,88.345,89.05,630700
SWZ,04-Aug-2026,5.91,5.93,5.91,5.92,5100
SXC,04-Aug-2026,8.38,8.925,8.35,8.87,2957300
SXI,04-Aug-2026,318.28,327.83,311.74,322.72,156500
SXT,04-Aug-2026,127.68,128.36,126.18,127.16,250900
SYF,04-Aug-2026,78,79.64,77.55,79.08,3690000
SYF-A,04-Aug-2026,19.45,19.52,19.4201,19.45,47400
SYF-B,04-Aug-2026,25.85,25.96,25.83,25.95,23100
SYFpA,04-Aug-2026,19.47,19.52,19.4201,19.46,41491
SYFpB,04-Aug-2026,25.85,25.96,25.83,25.91,19763
SYK,04-Aug-2026,336.04,339.65,331.59,335.96,3180100
SYY,04-Aug-2026,84.72,84.97,80.43,82.79,8141100
T,04-Aug-2026,23.35,23.46,23.02,23.38,55823300
T-A,04-Aug-2026,18.33,18.33,18.16,18.2,483900
T-C,04-Aug-2026,17.33,17.37,17.25,17.32,234700
TAC,04-Aug-2026,12.48,12.85,12.31,12.76,3610600
TAK,04-Aug-2026,16.35,16.681,16.3,16.56,5910500
TAL,04-Aug-2026,11.87,12.08,11.63,11.99,8353200
TALO,04-Aug-2026,14.46,14.56,14.22,14.27,2539300
TAP,04-Aug-2026,41.3,42.31,41.3,42.29,2572700
TAP.A,04-Aug-2026,41.74,41.75,41.74,41.75,500
TBB,04-Aug-2026,20.02,20.02,19.92,19.94,81800
TBBB,04-Aug-2026,44.53,44.58,41.47,41.95,765400
TBI,04-Aug-2026,7.57,7.88,7.49,7.69,229900
TBLU,04-Aug-2026,52.02,52.8071,52.02,52.8071,2200
TBN,04-Aug-2026,32.2,32.79,31.8,32.38,110300
TCAI,04-Aug-2026,49,49.355,47.98,48.68,120300
TCBX,04-Aug-2026,43.97,44.52,43.29,44.12,115000
TCI,04-Aug-2026,41.6,44.75,41.6,43.46,235700
TCPA,04-Aug-2026,23.01,23.06,22.99,23.02,31300
TD,04-Aug-2026,120.82,121.64,119.15,119.39,3142100
TDAY,04-Aug-2026,8.92,9.1962,8.795,9.03,2653300
TDC,04-Aug-2026,31.92,34.94,31.92,34.39,5215500
TDF,04-Aug-2026,10.84,10.94,10.7646,10.88,39000
TDG,04-Aug-2026,1355.6,1359.273,1233.11,1275.05,912200
TDOC,04-Aug-2026,6.71,6.8,6.46,6.71,6270000
TDS,04-Aug-2026,34.41,36.57,34.41,35.73,1912700
TDS-U,04-Aug-2026,21.1,21.1927,21.08,21.13,40200
TDS-V,04-Aug-2026,19.31,19.4474,19.31,19.335,21900
TDSpU,04-Aug-2026,20.94,21.1927,20.94,21.13,35764
TDSpV,04-Aug-2026,19.31,19.4474,19.31,19.335,17174
TDW,04-Aug-2026,73.49,85.2,73,84.19,1813200
TDY,04-Aug-2026,675.63,687.2,672.98,684.76,500900
TE,04-Aug-2026,5.18,5.51,4.9701,5.43,49551900
TECK,04-Aug-2026,63.63,65.52,63.24,64.74,4529600
TEI,04-Aug-2026,6.67,6.73,6.67,6.69,117600
TEL,04-Aug-2026,208.92,217.44,206.6,216.82,2609800
TEN,04-Aug-2026,39.73,39.73,38.66,38.83,218900
TEN-E,04-Aug-2026,26.44,26.44,26.38,26.4156,3200
TEN-F,04-Aug-2026,26.87,26.9095,26.7628,26.84,6800
TENpE,04-Aug-2026,26.44,26.44,26.38,26.4156,2715
TENpF,04-Aug-2026,26.87,26.9095,26.7628,26.84,5387
TEO,04-Aug-2026,13.88,14.09,13.39,13.68,389400
TEVA,04-Aug-2026,34.62,34.6492,34.05,34.43,4924500
TEX,04-Aug-2026,66.51,67.2,64.82,66.08,1147500
TFC,04-Aug-2026,51.84,52.99,51.63,52.66,5427000
TFC-I,04-Aug-2026,18.2,18.24,18.1388,18.15,16400
TFC-O,04-Aug-2026,20.43,20.47,20.37,20.4,46900
TFC-R,04-Aug-2026,18.4,18.4,18.335,18.37,101600
TFCpI,04-Aug-2026,18.2,18.24,18.1388,18.155,13833
TFCpO,04-Aug-2026,20.43,20.47,20.37,20.4,39743
TFCpR,04-Aug-2026,18.4,18.4,18.335,18.37,92495
TFI-,04-Aug-2026,22.27,22.2999,22.14,22.21,9100
TFII,04-Aug-2026,135.4,141.69,134.78,141.63,459700
TFIN,04-Aug-2026,77.3,80.38,76.9,79.83,335100
TFINP,04-Aug-2026,22.2744,22.2999,22.14,22.21,4300
TFPM,04-Aug-2026,30,30.3,29.58,29.9,424100
TFX,04-Aug-2026,139.2,141.245,138.315,140.12,605100
TG,04-Aug-2026,7.7,7.725,7.63,7.67,92800
TGE,04-Aug-2026,0.9932,1,0.953,0.953,23600
TGLS,04-Aug-2026,46.82,47.61,45.875,46.26,458900
TGS,04-Aug-2026,31.13,31.395,29.62,30.04,399400
TGT,04-Aug-2026,147.37,149.89,146.47,148.11,3181500
THC,04-Aug-2026,248.19,254.89,244.4388,253.33,1088500
THG,04-Aug-2026,230.14,231.19,226.9,228.04,365800
THIR,04-Aug-2026,34.23,34.66,34.23,34.6,21100
THLV,04-Aug-2026,32.56,32.81,32.45,32.795,3700
THMR,04-Aug-2026,24.83,25.3,24.83,25.2532,3500
THO,04-Aug-2026,78.41,80.18,76.45,79.94,611300
THQ,04-Aug-2026,18.77,18.85,18.69,18.76,123700
THW,04-Aug-2026,13.37,13.45,13.28,13.37,75800
TIC,04-Aug-2026,7.81,8.37,7.8075,8.31,2805600
TIMB,04-Aug-2026,18.78,18.79,18.23,18.29,616600
TISI,04-Aug-2026,17.475,17.475,16.75,16.75,4000
TJX,04-Aug-2026,157.13,158.49,155.3012,157.55,7351500
TK,04-Aug-2026,11.62,11.74,11.17,11.23,465600
TKC,04-Aug-2026,5.65,5.67,5.585,5.6,1667500
TKO,04-Aug-2026,193.56,194.51,180.25,184.51,3015900
TKR,04-Aug-2026,131.33,133.6,126.3228,132.03,2414200
TLK,04-Aug-2026,15.33,15.38,15.215,15.27,1039800
TLYS,04-Aug-2026,3.96,4.27,3.935,4.25,132900
TM,04-Aug-2026,187.44,190.168,185.69,189.17,540100
TME,04-Aug-2026,9.53,9.655,9.37,9.62,5262200
TMO,04-Aug-2026,578.76,582.3129,562.5001,564.75,1941900
TNC,04-Aug-2026,86.34,89.32,84.675,89.22,171700
TNET,04-Aug-2026,68.57,70,68.08,69.3,542100
TNGY,04-Aug-2026,10.28,10.371,10.145,10.34,53900
TNK,04-Aug-2026,80.17,80.17,76.42,76.8,496600
TNL,04-Aug-2026,77.5,78.22,77.01,78.06,802100
TOL,04-Aug-2026,151.67,154.35,150.56,153.24,709700
TOST,04-Aug-2026,32.3,33.99,32.25,33.81,16938400
TpA,04-Aug-2026,18.33,18.33,18.16,18.3,451413
TPB,04-Aug-2026,86,87.03,78,82.48,762800
TPC,04-Aug-2026,87.34,87.5,85,85.71,439300
TPL,04-Aug-2026,405.35,411.46,394.72,395.52,368200
TPR,04-Aug-2026,153.85,157.62,153.85,155.97,1649900
TPTS,04-Aug-2026,16.93,17.3,16.58,16.68,11000
TPVG,04-Aug-2026,4.67,4.77,4.6168,4.75,161700
TPYP,04-Aug-2026,42.62,42.72,41.7098,42.4,43800
TPZ,04-Aug-2026,21.42,21.45,21.1697,21.39,17100
TR,04-Aug-2026,39.19,39.99,38.761,39.61,160600
TRA-,04-Aug-2026,0.3,0.3,0.2288,0.2288,200
TRAD,04-Aug-2026,9.99,9.99,9.96,9.96,1400
TRAK,04-Aug-2026,8.76,8.99,8.6,8.74,55400
TRC,04-Aug-2026,16.81,16.915,16.57,16.71,155500
TREX,04-Aug-2026,45.26,48.39,43.78,47.02,4547800
TRGP,04-Aug-2026,260.03,264.49,256.96,262.98,2027500
TRIN,04-Aug-2026,17.84,18.245,17.83,18.16,1314200
TRLV,04-Aug-2026,8.55,9.01,8.55,8.89,717600
TRN,04-Aug-2026,31.69,32.14,30.78,32.04,783700
TRNI,04-Aug-2026,25.3,25.3433,25.27,25.275,7400
TRNO,04-Aug-2026,70.82,72.73,70.235,70.36,767400
TRNZ,04-Aug-2026,25.39,25.495,25.39,25.49,9600
TROX,04-Aug-2026,5.85,5.978,5.71,5.94,2730000
TRP,04-Aug-2026,65.7,66.39,65.25,65.37,2634600
TRT-A,04-Aug-2026,26.25,26.25,25.85,25.97,1800
TRT-B,04-Aug-2026,25.32,25.4,25.25,25.26,3800
TRT-C,04-Aug-2026,24.69,24.78,24.62,24.77,6100
TRT-D,04-Aug-2026,22.68,22.77,22.68,22.77,500
TRT-E,04-Aug-2026,18.88,18.91,18.77,18.82,4900
TRT-F,04-Aug-2026,24.36,24.6066,24.36,24.5206,8600
TRT-G,04-Aug-2026,23.6101,23.8,23.61,23.7201,11100
TRT-P,04-Aug-2026,18.55,18.55,18.55,18.55,1400
TRTNpA,04-Aug-2026,26.25,26.25,25.85,25.97,1632
TRTNpB,04-Aug-2026,25.32,25.4,25.25,25.26,3310
TRTNpC,04-Aug-2026,24.695,24.78,24.62,24.77,5254
TRTNpD,04-Aug-2026,22.68,22.77,22.68,22.77,200
TRTNpE,04-Aug-2026,18.88,18.91,18.77,18.82,4250
TRTNpF,04-Aug-2026,24.36,24.6066,24.36,24.5206,6020
TRTX,04-Aug-2026,8.03,8.08,7.965,8,902700
TRTXpC,04-Aug-2026,18.55,18.55,18.55,18.55,941
TRU,04-Aug-2026,79.24,81.8,79.22,81.72,1747600
TRV,04-Aug-2026,370.32,378.745,370.15,377.15,2047000
TS,04-Aug-2026,57.17,58.315,56.84,57.96,953900
TSI,04-Aug-2026,4.4,4.415,4.39,4.4,136200
TSLX,04-Aug-2026,17.63,18.09,17.57,18.01,527700
TSM,04-Aug-2026,418,420.25,412.11,417.17,13929000
TSN,04-Aug-2026,59.55,59.75,57.97,58.74,4629800
TSQ,04-Aug-2026,6,6.45,5.935,6.23,87800
TT,04-Aug-2026,461.72,474.7,455.8487,472.24,1452200
TTAM,04-Aug-2026,16.06,16.35,15.91,16.06,219000
TTC,04-Aug-2026,94.92,99.34,94.61,99.09,648100
TTE,04-Aug-2026,85.78,85.86,84.96,85.19,1461600
TTI,04-Aug-2026,8,8.89,7.79,8.67,2584600
TU,04-Aug-2026,9.32,9.54,9.2,9.53,20171400
TUYA,04-Aug-2026,1.73,1.75,1.7,1.75,851400
TV,04-Aug-2026,2.82,2.87,2.725,2.75,830300
TVC,04-Aug-2026,24.07,24.15,24,24.03,13100
TVE,04-Aug-2026,23.64,23.64,23.45,23.47,9400
TWI,04-Aug-2026,7.31,7.49,7.195,7.49,541500
TWLO,04-Aug-2026,194.24,199.99,189.33,194.05,3256000
TWN,04-Aug-2026,86.01,90.0599,86.01,89.21,48700
TWO,04-Aug-2026,12.06,12.07,12.03,12.07,8879900
TWO-A,04-Aug-2026,25.05,25.05,25.03,25.045,19900
TWO-B,04-Aug-2026,25.02,25.05,25.02,25.05,14300
TWO-C,04-Aug-2026,25.05,25.07,25.05,25.07,63700
TWOD,04-Aug-2026,25.26,25.35,25.25,25.29,23500
TWOpA,04-Aug-2026,25.05,25.05,25.03,25.045,9410
TWOpB,04-Aug-2026,25.02,25.05,25.02,25.03,11108
TWOpC,04-Aug-2026,25.08,25.08,25.05,25.07,42090
TX,04-Aug-2026,50,51.19,50,50.34,1095500
TXNM,04-Aug-2026,57.62,57.71,57.48,57.6,1340300
TXO,04-Aug-2026,12.89,13.1775,12.85,12.98,172600
TXT,04-Aug-2026,87.12,89.47,85.5665,89.12,1487800
TY,04-Aug-2026,35.23,35.69,35.0336,35.6,21500
TY-,04-Aug-2026,42.08,42.08,41.67,41.88,3900
TYG,04-Aug-2026,42.6,42.63,42.2,42.6,149400
TYL,04-Aug-2026,300.4,313.34,300.4,313.33,917600
TYp,04-Aug-2026,42.08,42.08,41.67,41.88,3497
U,04-Aug-2026,33.89,35.69,33.49,35.22,15355300
UA,04-Aug-2026,6.61,6.71,6.57,6.7,2920900
UAA,04-Aug-2026,6.67,6.86,6.67,6.84,6038700
UAMY,04-Aug-2026,5.87,6.2,5.83,6.12,4739500
UAN,04-Aug-2026,126.49,127.1,124.55,126.09,51100
UBER,04-Aug-2026,71.31,72.29,71.1395,71.99,20045900
UBS,04-Aug-2026,53.63,53.98,53.45,53.46,1722400
UCB,04-Aug-2026,35.82,36.32,35.62,36.14,761500
UDR,04-Aug-2026,38.12,38.62,38.08,38.55,3858100
UE,04-Aug-2026,22.32,22.47,22.06,22.31,980700
UFI,04-Aug-2026,6.42,6.9399,6.39,6.79,183400
UGI,04-Aug-2026,35.91,36.365,35.5801,36.23,1185900
UGP,04-Aug-2026,6.46,6.47,6.31,6.32,2850500
UHA.B,04-Aug-2026,63.82,64.97,62.91,64.67,347500
UHAL,04-Aug-2026,71.82,74.13,71.82,73.8,230200
UHAL.B,04-Aug-2026,63.82,64.97,62.91,64.64,135199
UHS,04-Aug-2026,167.14,167.98,163.24,167.87,733700
UHT,04-Aug-2026,42.62,42.91,41.88,42.2,172800
UI,04-Aug-2026,560.23,572.28,555.36,560,112000
UIS,04-Aug-2026,2.9,3.08,2.9,2.99,766100
UL,04-Aug-2026,63.61,64.19,63.47,64.08,4140200
ULS,04-Aug-2026,86.92,88.935,75.34,78.34,4299000
UMC,04-Aug-2026,19.78,20.85,19.59,20.63,20080600
UMH,04-Aug-2026,15.2,15.355,15.11,15.32,741400
UMH-D,04-Aug-2026,22.1,22.175,22.0939,22.11,9600
UMHpD,04-Aug-2026,22.1,22.175,22.0939,22.11,7476
UNF,04-Aug-2026,290.37,292.4,289.685,290.35,79800
UNFI,04-Aug-2026,46.98,48.86,46.71,48.6,773000
UNH,04-Aug-2026,415.55,416,406.67,407.55,5266200
UNM,04-Aug-2026,89.87,91.5,89.19,91.39,1349300
UNMA,04-Aug-2026,21.69,21.69,21.39,21.43,19800
UNP,04-Aug-2026,289.34,296.83,288,296.35,2476700
UP,04-Aug-2026,6.2,6.23,5.5,5.75,198200
UPS,04-Aug-2026,107.13,109.42,105.65,109.11,4303200
URI,04-Aug-2026,1126.99,1151.2,1115.44,1150.13,597700
USA,04-Aug-2026,5.92,5.99,5.92,5.95,1607200
USAC,04-Aug-2026,26,26.4,25.6415,26.32,211300
USB,04-Aug-2026,63.53,64.85,63.51,64.23,9982800
USB-A,04-Aug-2026,762.21,766.75,762.21,766.545,500
USB-H,04-Aug-2026,18.76,18.8,18.68,18.77,44900
USB-P,04-Aug-2026,21.64,21.7199,21.55,21.55,33800
USB-Q,04-Aug-2026,14.39,14.46,14.39,14.46,36100
USB-R,04-Aug-2026,15.34,15.35,15.2396,15.31,61600
USB-S,04-Aug-2026,17.33,17.36,17.3,17.3,27400
USBpA,04-Aug-2026,762.21,766.75,762.21,766.545,271
USBpH,04-Aug-2026,18.76,18.8,18.68,18.77,39519
USBpP,04-Aug-2026,21.64,21.7199,21.55,21.55,26659
USBpQ,04-Aug-2026,14.39,14.46,14.39,14.46,28536
USBpR,04-Aug-2026,15.34,15.35,15.2396,15.31,54932
USBpS,04-Aug-2026,17.59,17.59,17.3,17.3,22708
USFD,04-Aug-2026,99.33,99.865,97.13,99.04,3116100
USNA,04-Aug-2026,22.54,23.2795,22.54,22.78,125900
USPH,04-Aug-2026,77.31,78.515,75.84,75.86,242600
UTF,04-Aug-2026,27.59,27.67,27.311,27.57,314000
UTI,04-Aug-2026,41.21,42.56,41.21,42.23,474600
UTL,04-Aug-2026,52.71,54.5075,51.98,53.61,143100
UTZ,04-Aug-2026,14.15,14.17,14.11,14.11,2494500
UVE,04-Aug-2026,43.78,44.4,43.45,44.27,257000
UVV,04-Aug-2026,52.01,52.93,51.65,52.76,273800
UWMC,04-Aug-2026,1.92,1.98,1.92,1.95,15134800
UZD,04-Aug-2026,19.15,19.3395,19.15,19.2,3300
UZE,04-Aug-2026,16.82,16.94,16.82,16.93,9300
UZF,04-Aug-2026,16.885,16.92,16.885,16.9182,2200
V,04-Aug-2026,361.76,371.11,360.0864,369.59,7497500
VAC,04-Aug-2026,98.8,99.52,97.76,98.69,352800
VAC.W,04-Aug-2026,0.71,0.75,0.71,0.71,5300
VACI,04-Aug-2026,10.14,10.14,10.13,10.13,56200
VAL,04-Aug-2026,75.32,78.82,75.32,78.14,810100
VAL.W,04-Aug-2026,8.41,9.258,8.35,9.03,6000
VAL.WS,04-Aug-2026,8.41,9.258,8.35,9.03,4616
VALE,04-Aug-2026,15,15.06,14.785,14.83,22049700
VATE,04-Aug-2026,7.49,8.1,7.3,7.8,102000
VBF,04-Aug-2026,14.8,14.855,14.7388,14.78,45900
VCV,04-Aug-2026,10.51,10.58,10.5,10.54,115700
VCX,04-Aug-2026,39.4,40.99,34.5811,34.99,463200
VEC-,04-Aug-2026,0.35,0.35,0.35,0.35,10900
VECA,04-Aug-2026,9.94,9.94,9.94,9.94,200
VEEV,04-Aug-2026,205,212.34,204.68,211.86,1476200
VEL,04-Aug-2026,17.64,18,17.33,17.82,60000
VET,04-Aug-2026,11.26,11.4175,10.89,11.04,1787100
VFC,04-Aug-2026,14.83,15.42,14.75,15.23,9960800
VG,04-Aug-2026,12.76,13.26,12.635,12.84,11334300
VGI,04-Aug-2026,7.24,7.3063,7.24,7.27,59600
VGM,04-Aug-2026,10.14,10.24,10.14,10.19,99500
VGNT,04-Aug-2026,45.55,47.01,42.81,45.8,2472700
VHI,04-Aug-2026,13.64,13.9499,13.47,13.7,5500
VIA,04-Aug-2026,21.01,22.03,20.95,21.91,1051000
VICI,04-Aug-2026,26.31,26.77,26.2,26.59,20792100
VII,04-Aug-2026,9.82,9.82,9.82,9.82,2300
VII.U,04-Aug-2026,10,10,9.94,10,10600
VIK,04-Aug-2026,107.62,109.3199,107.5,107.52,1951900
VIPS,04-Aug-2026,15.33,15.75,15.25,15.59,2581100
VIRT,04-Aug-2026,59.16,59.92,56.82,57,1324500
VIST,04-Aug-2026,66.75,66.92,65.18,66.12,1200100
VIV,04-Aug-2026,12.67,12.705,12.305,12.32,1135000
VKQ,04-Aug-2026,9.74,9.81,9.74,9.79,184900
VLN,04-Aug-2026,1.73,1.78,1.71,1.75,896800
VLO,04-Aug-2026,305,311.365,300.01,308.73,3634000
VLRS,04-Aug-2026,8.23,8.515,8.17,8.3,590500
VLT,04-Aug-2026,10.09,10.09,10.01,10.05,46700
VLTO,04-Aug-2026,94.01,96.52,93.61,96.45,1393300
VMC,04-Aug-2026,286.66,287.42,281.97,285.1,1237100
VMI,04-Aug-2026,493.3,506.8,491,503.5,232500
VMO,04-Aug-2026,9.69,9.72,9.64,9.64,216500
VNO,04-Aug-2026,39.88,41.6,39.4,40.91,4879500
VNO-L,04-Aug-2026,17.81,17.81,17.65,17.65,6500
VNO-M,04-Aug-2026,17.45,17.7,17.45,17.69,17900
VNO-N,04-Aug-2026,17.385,17.46,17.38,17.415,11300
VNO-O,04-Aug-2026,14.62,14.84,14.62,14.8,6900
VNOpL,04-Aug-2026,17.81,17.81,17.65,17.65,5546
VNOpM,04-Aug-2026,17.45,17.7,17.45,17.69,16048
VNOpN,04-Aug-2026,17.385,17.46,17.38,17.415,9058
VNOpO,04-Aug-2026,14.62,14.84,14.62,14.8,5889
VNT,04-Aug-2026,32.63,33.99,32.52,33.82,1604400
VOC,04-Aug-2026,2.99,3.11,2.98,3.02,82800
VOY-B,04-Aug-2026,23.83,23.83,23.65,23.66,15400
VOYA,04-Aug-2026,100.37,101.28,99.79,100.68,1054500
VOYApB,04-Aug-2026,23.83,23.83,23.65,23.66,11237
VOYG,04-Aug-2026,33.99,35.98,32.9,33.49,4740300
VPG,04-Aug-2026,97.42,102.12,97,101,608400
VPV,04-Aug-2026,10.84,10.96,10.81,10.89,7000
VRT,04-Aug-2026,275.21,276.5201,268.12,269.93,5802600
VRTS,04-Aug-2026,167.87,171.903,165.9501,166.39,285800
VSH,04-Aug-2026,37.75,39.415,37.28,38.85,9299900
VST,04-Aug-2026,155.6,156.99,143.03,143.23,11503000
VSTS,04-Aug-2026,14.27,14.45,14.04,14.17,1158200
VSXY,04-Aug-2026,89.01,91.89,87.8256,89.21,1558800
VTEX,04-Aug-2026,4.4,4.5,4.365,4.43,860800
VTMX,04-Aug-2026,34.53,34.6,33.89,34.13,35900
VTN,04-Aug-2026,10.98,11.11,10.87,11.105,25500
VTOL,04-Aug-2026,45.56,47.91,45.12,47.74,259500
VTR,04-Aug-2026,89.9,91.26,88.45,90.85,3283300
VTS,04-Aug-2026,15.2,15.68,15.05,15.67,852300
VVR,04-Aug-2026,2.98,2.98,2.96,2.96,567900
VVV,04-Aug-2026,38.46,39.77,38.46,39.28,2903100
VVX,04-Aug-2026,81.87,82.45,75.7,78.76,1345300
VYX,04-Aug-2026,8.55,8.91,8.478,8.88,1638700
VZ,04-Aug-2026,47,47.08,46.06,46.88,23748600
W,04-Aug-2026,109.92,118.305,108,116.08,14568000
WAB,04-Aug-2026,299.99,301.175,295.69,299.07,924700
WAL,04-Aug-2026,83.08,85.48,82.915,84.33,1275100
WAL-A,04-Aug-2026,24.36,24.4,24.258,24.37,21000
WALpA,04-Aug-2026,24.38,24.4,24.258,24.37,19011
WAT,04-Aug-2026,383.39,402.18,379.5,396.08,1999900
WBI,04-Aug-2026,33.18,33.9899,33.02,33.46,517400
WBIY,04-Aug-2026,37.2,37.873,37.2,37.873,3800
WBS,04-Aug-2026,78.08,78.285,77.91,77.95,3943200
WBS-F,04-Aug-2026,20.5088,20.5088,20.3958,20.4531,1500
WBS-G,04-Aug-2026,23.46,23.47,23.3056,23.31,10500
WBSpF,04-Aug-2026,20.5088,20.5088,20.3958,20.4531,672
WBSpG,04-Aug-2026,23.46,23.47,23.3056,23.31,9908
WBX,04-Aug-2026,3.44,3.72,3.44,3.62,10600
WCC,04-Aug-2026,368.46,375.295,362.74,374.1,872600
WCN,04-Aug-2026,165.54,167.25,164.16,165.57,1574200
WD,04-Aug-2026,52.25,52.66,50.792,51.82,251400
WDH,04-Aug-2026,1.11,1.14,1.08,1.08,307000
WDI,04-Aug-2026,13.05,13.1,13.02,13.05,250700
WDS,04-Aug-2026,22.7,22.7,22.35,22.42,684100
WEA,04-Aug-2026,10.5,10.5,10.4,10.48,43800
WEAV,04-Aug-2026,6.65,6.9,6.65,6.87,722900
WEC,04-Aug-2026,108.16,109.39,107.2433,109.25,1983400
WELL,04-Aug-2026,230.31,232.34,226.48,231.57,5216400
WES,04-Aug-2026,46.12,46.97,45.8,46.67,831500
WEX,04-Aug-2026,184.55,189.47,182.45,189.19,1171900
WF,04-Aug-2026,69.29,70.5,69.29,69.94,86400
WFC,04-Aug-2026,87.56,89.43,87.37,88.39,16454000
WFC-A,04-Aug-2026,18.2,18.21,18.13,18.18,91000
WFC-C,04-Aug-2026,16.96,16.96,16.875,16.88,46400
WFC-D,04-Aug-2026,16.5,16.54,16.47,16.54,114200
WFC-L,04-Aug-2026,1189.12,1191.8,1178.302,1180.625,9300
WFC-Y,04-Aug-2026,22.35,22.44,22.32,22.335,86800
WFC-Z,04-Aug-2026,18.37,18.4399,18.34,18.4,176900
WFCpA,04-Aug-2026,18.2,18.21,18.13,18.15,77493
WFCpC,04-Aug-2026,16.96,16.96,16.875,16.88,38529
WFCpD,04-Aug-2026,16.5,16.53,16.47,16.53,98616
WFCpL,04-Aug-2026,1189.12,1191.8,1178.3016,1180.625,5144
WFCpY,04-Aug-2026,22.35,22.44,22.32,22.335,75805
WFCpZ,04-Aug-2026,18.37,18.4399,18.34,18.4,157448
WFG,04-Aug-2026,66.77,70.72,66.06,70.03,330400
WGO,04-Aug-2026,31.02,31.94,30.79,31.88,539700
WH,04-Aug-2026,75.85,77.06,75.19,76.03,1329000
WHD,04-Aug-2026,64.07,67.48,63.99,67.21,1181100
WHG,04-Aug-2026,19.44,19.51,19.23,19.26,14400
WHK,04-Aug-2026,26.7,26.7,25.85,26.19,53000
WHR,04-Aug-2026,40.785,44.98,40.785,44.62,5879200
WHR-A,04-Aug-2026,34.5,37.155,34.45,36.95,311800
WIA,04-Aug-2026,7.97,7.98,7.95,7.96,11800
WINN,04-Aug-2026,33.41,33.97,33.41,33.85,84200
WIT,04-Aug-2026,2.03,2.0791,2.01,2.05,8491800
WIW,04-Aug-2026,8.28,8.34,8.28,8.3,244100
WK,04-Aug-2026,59.96,62.15,59.695,61.25,1032100
WKC,04-Aug-2026,38.75,39.39,38.41,39.1,1473500
WLK,04-Aug-2026,72.86,80.64,72.72,80.63,3009300
WLKP,04-Aug-2026,21.43,21.595,20.98,21.3,87500
WLTG,04-Aug-2026,38.3,38.75,38.3,38.6578,9600
WLY,04-Aug-2026,52.41,54.82,52.41,54.68,346700
WLYB,04-Aug-2026,54.73,54.73,54.73,54.73,400
WM,04-Aug-2026,224.89,226.05,222.16,225.25,3078000
WMB,04-Aug-2026,69.57,72.53,68.52,71.51,13764000
WMK,04-Aug-2026,78.33,79.42,77.3,78.22,243700
WMS,04-Aug-2026,147.44,150.04,145.89,149.75,836200
WNC,04-Aug-2026,12.72,12.72,12.31,12.45,1409500
WOLF,04-Aug-2026,26.29,27.39,25.6,27.06,6853600
WOR,04-Aug-2026,56.94,59.5,56.75,59.12,233400
WPA-,04-Aug-2026,0.3405,0.3644,0.3405,0.3644,52300
WPC,04-Aug-2026,72.32,72.63,71.3,72.32,1427700
WPM,04-Aug-2026,113.22,116.37,113.1,115.41,2171200
WPP,04-Aug-2026,20.31,20.72,20.22,20.6,277100
WRB,04-Aug-2026,72.29,72.29,70.5,71.39,2436200
WRB-E,04-Aug-2026,21.07,21.15,21.05,21.07,21400
WRB-F,04-Aug-2026,18.62,18.62,18.47,18.48,29200
WRB-G,04-Aug-2026,15.77,15.868,15.77,15.79,1900
WRB-H,04-Aug-2026,15.26,15.3499,15.26,15.32,8000
WRBpE,04-Aug-2026,21.07,21.15,21.05,21.07,13870
WRBpF,04-Aug-2026,18.62,18.62,18.47,18.48,22740
WRBpG,04-Aug-2026,15.77,15.868,15.77,15.79,1296
WRBpH,04-Aug-2026,15.26,15.3499,15.26,15.32,5182
WRBY,04-Aug-2026,28.36,30.075,28.36,29.92,3145300
WS,04-Aug-2026,36.81,38.36,36.24,37.88,266500
WSM,04-Aug-2026,245.55,250.83,245,248.88,1531300
WSO,04-Aug-2026,319.93,336.44,318.435,335.07,525800
WSO.B,04-Aug-2026,316.24,316.24,316.24,316.24,100
WST,04-Aug-2026,346.82,349.75,342.78,348.76,481900
WT,04-Aug-2026,21.27,22.73,21.27,22.39,5861700
WTI,04-Aug-2026,3.36,3.46,3.34,3.42,4500500
WTM,04-Aug-2026,2098.3,2127.875,2070,2117.86,23700
WTRG,04-Aug-2026,38.42,39.8,38.3,39.56,3087500
WTS,04-Aug-2026,353.36,359.39,350.429,358.09,188400
WTTR,04-Aug-2026,18.08,18.68,18.08,18.5,3115800
WU,04-Aug-2026,6.61,7.355,6.575,7.31,33744300
WWW,04-Aug-2026,19.5,19.95,19.23,19.35,1017100
WY,04-Aug-2026,25,25.84,24.8,25.83,5723500
XFLH,04-Aug-2026,9.96,9.96,9.96,9.96,500
XFLT,04-Aug-2026,18.8,18.86,18.71,18.8,79200
XHR,04-Aug-2026,20.45,20.64,20.27,20.44,733500
XIFR,04-Aug-2026,12,12,11.65,11.79,969900
XOM,04-Aug-2026,151.62,154.84,149.09,153.96,14347900
XPER,04-Aug-2026,7.85,8.04,7.82,7.95,500200
XPEV,04-Aug-2026,12,12.115,11.92,12.05,10022300
XPO,04-Aug-2026,198,203.58,197.67,203.29,1062900
XPOF,04-Aug-2026,6.75,6.795,6.48,6.68,538200
XPRO,04-Aug-2026,16.05,16.94,15.845,16.77,841500
XRN,04-Aug-2026,35.05,35.6099,34.76,35.12,98700
XRN-A,04-Aug-2026,24.69,24.69,24.6,24.65,4700
XRN-B,04-Aug-2026,25.31,25.62,25.31,25.62,700
XXI,04-Aug-2026,4.43,4.55,4.235,4.5,2172300
XYF,04-Aug-2026,5.1,5.34,5.07,5.25,50800
XYL,04-Aug-2026,120.36,122.2,118.56,122.17,1734800
XYZ,04-Aug-2026,82.11,84.81,82.08,84.64,4656900
XZO,04-Aug-2026,15.82,16.32,15.655,16.32,107300
YALA,04-Aug-2026,5.53,5.58,5.46,5.54,380800
YELP,04-Aug-2026,26.33,27.1099,26.33,26.63,907900
YETI,04-Aug-2026,51.63,52.17,51.2,51.75,949900
YEXT,04-Aug-2026,5.58,5.81,5.58,5.71,713800
YMM,04-Aug-2026,9.76,9.76,9.5,9.65,6313100
YOU,04-Aug-2026,54.75,56.25,54.25,55.73,1849400
YPF,04-Aug-2026,50.38,51.0222,49.07,49.64,1342400
YRD,04-Aug-2026,1.11,1.18,1.1001,1.15,39400
YSG,04-Aug-2026,3.3,3.42,2.95,2.98,362800
YSS,04-Aug-2026,14.97,16,14.61,15.31,4803600
YUM,04-Aug-2026,148.5,150.35,146.71,147.68,2548400
YUMC,04-Aug-2026,47.88,48.19,47.58,47.87,1698400
ZBH,04-Aug-2026,95.49,96.44,94.77,95.81,3547100
ZEPP,04-Aug-2026,4.56,4.8,4.4066,4.52,34900
ZETA,04-Aug-2026,23.2,24.48,23.01,24.26,19591800
ZGN,04-Aug-2026,15.15,15.4,14.91,15.06,1087300
ZH,04-Aug-2026,3.31,3.35,3.295,3.3,152000
ZIM,04-Aug-2026,26.35,27.4,25.94,27.29,3410400
ZIP,04-Aug-2026,4.25,4.52,4.165,4.49,724700
ZKH,04-Aug-2026,2.9,2.91,2.85,2.86,103200
ZTO,04-Aug-2026,24.26,24.27,23.865,23.98,1829800
ZTR,04-Aug-2026,6.74,6.7998,6.73,6.75,130600
ZTS,04-Aug-2026,76.05,76.42,74.99,76.04,7601400
ZVIA,04-Aug-2026,1.69,1.76,1.66,1.73,518800
ZWS,04-Aug-2026,51.91,53.19,51.27,53.18,910700
